GT folder: datasets/AID-dataset/test/HR
Gen folder: /root/autodl-tmp/TransENet_base/experiment/results/s1_trans_strip_cam_parallel_add_dw5_pa_scale_AID_x4_w32_20260712_112858/x4
Image extension: .png
Crop border: 4
Workers: 1
Found 2000 images
  1 - airport_1                . 	SCC: 0.259594, 	SAM: 0.079250
  2 - airport_106              . 	SCC: 0.255861, 	SAM: 0.094018
  3 - airport_11               . 	SCC: 0.358225, 	SAM: 0.036680
  4 - airport_110              . 	SCC: 0.257301, 	SAM: 0.090940
  5 - airport_111              . 	SCC: 0.249090, 	SAM: 0.114656
  6 - airport_112              . 	SCC: 0.283845, 	SAM: 0.092456
  7 - airport_113              . 	SCC: 0.281636, 	SAM: 0.090421
  8 - airport_119              . 	SCC: 0.221211, 	SAM: 0.050913
  9 - airport_125              . 	SCC: 0.237324, 	SAM: 0.076482
 10 - airport_127              . 	SCC: 0.272750, 	SAM: 0.073604
 11 - airport_133              . 	SCC: 0.292204, 	SAM: 0.063975
 12 - airport_135              . 	SCC: 0.328830, 	SAM: 0.081544
 13 - airport_138              . 	SCC: 0.207794, 	SAM: 0.097940
 14 - airport_141              . 	SCC: 0.211671, 	SAM: 0.099938
 15 - airport_142              . 	SCC: 0.261796, 	SAM: 0.108616
 16 - airport_150              . 	SCC: 0.250924, 	SAM: 0.045965
 17 - airport_153              . 	SCC: 0.247733, 	SAM: 0.075014
 18 - airport_162              . 	SCC: 0.277861, 	SAM: 0.065142
 19 - airport_168              . 	SCC: 0.221066, 	SAM: 0.072838
 20 - airport_173              . 	SCC: 0.322208, 	SAM: 0.088580
 21 - airport_18               . 	SCC: 0.301747, 	SAM: 0.065485
 22 - airport_183              . 	SCC: 0.218725, 	SAM: 0.070523
 23 - airport_184              . 	SCC: 0.335888, 	SAM: 0.062779
 24 - airport_187              . 	SCC: 0.252078, 	SAM: 0.083910
 25 - airport_197              . 	SCC: 0.412647, 	SAM: 0.058608
 26 - airport_201              . 	SCC: 0.381862, 	SAM: 0.098069
 27 - airport_209              . 	SCC: 0.321039, 	SAM: 0.066156
 28 - airport_21               . 	SCC: 0.246085, 	SAM: 0.077660
 29 - airport_214              . 	SCC: 0.340238, 	SAM: 0.086264
 30 - airport_215              . 	SCC: 0.423239, 	SAM: 0.041742
 31 - airport_228              . 	SCC: 0.350120, 	SAM: 0.042075
 32 - airport_229              . 	SCC: 0.396144, 	SAM: 0.066466
 33 - airport_234              . 	SCC: 0.379130, 	SAM: 0.038199
 34 - airport_238              . 	SCC: 0.285781, 	SAM: 0.079571
 35 - airport_245              . 	SCC: 0.353315, 	SAM: 0.047919
 36 - airport_253              . 	SCC: 0.257274, 	SAM: 0.043673
 37 - airport_256              . 	SCC: 0.251475, 	SAM: 0.054347
 38 - airport_259              . 	SCC: 0.261211, 	SAM: 0.053694
 39 - airport_262              . 	SCC: 0.347342, 	SAM: 0.050723
 40 - airport_265              . 	SCC: 0.295586, 	SAM: 0.030420
 41 - airport_267              . 	SCC: 0.272152, 	SAM: 0.032149
 42 - airport_276              . 	SCC: 0.313999, 	SAM: 0.056004
 43 - airport_296              . 	SCC: 0.280008, 	SAM: 0.097506
 44 - airport_300              . 	SCC: 0.297984, 	SAM: 0.100119
 45 - airport_306              . 	SCC: 0.229837, 	SAM: 0.069419
 46 - airport_312              . 	SCC: 0.225660, 	SAM: 0.052500
 47 - airport_318              . 	SCC: 0.313087, 	SAM: 0.075054
 48 - airport_319              . 	SCC: 0.353845, 	SAM: 0.090072
 49 - airport_323              . 	SCC: 0.246916, 	SAM: 0.073130
 50 - airport_338              . 	SCC: 0.302073, 	SAM: 0.062460
 51 - airport_339              . 	SCC: 0.302421, 	SAM: 0.066074
 52 - airport_341              . 	SCC: 0.258156, 	SAM: 0.096877
 53 - airport_342              . 	SCC: 0.239894, 	SAM: 0.105474
 54 - airport_35               . 	SCC: 0.270433, 	SAM: 0.040983
 55 - airport_353              . 	SCC: 0.323419, 	SAM: 0.079592
 56 - airport_357              . 	SCC: 0.292109, 	SAM: 0.099409
 57 - airport_360              . 	SCC: 0.276206, 	SAM: 0.103919
 58 - airport_46               . 	SCC: 0.299634, 	SAM: 0.047628
 59 - airport_48               . 	SCC: 0.289184, 	SAM: 0.042311
 60 - airport_5                . 	SCC: 0.267933, 	SAM: 0.042366
 61 - airport_50               . 	SCC: 0.352300, 	SAM: 0.035799
 62 - airport_57               . 	SCC: 0.274323, 	SAM: 0.063830
 63 - airport_62               . 	SCC: 0.301461, 	SAM: 0.066066
 64 - airport_64               . 	SCC: 0.318630, 	SAM: 0.037770
 65 - airport_65               . 	SCC: 0.309755, 	SAM: 0.062749
 66 - airport_66               . 	SCC: 0.332941, 	SAM: 0.055757
 67 - airport_69               . 	SCC: 0.261858, 	SAM: 0.059790
 68 - airport_71               . 	SCC: 0.260792, 	SAM: 0.024579
 69 - airport_74               . 	SCC: 0.229303, 	SAM: 0.043924
 70 - airport_84               . 	SCC: 0.232253, 	SAM: 0.099658
 71 - airport_88               . 	SCC: 0.297328, 	SAM: 0.073298
 72 - airport_9                . 	SCC: 0.288503, 	SAM: 0.051158
 73 - bareland_100             . 	SCC: 0.452400, 	SAM: 0.028557
 74 - bareland_112             . 	SCC: 0.300122, 	SAM: 0.019395
 75 - bareland_117             . 	SCC: 0.204005, 	SAM: 0.039738
 76 - bareland_119             . 	SCC: 0.305440, 	SAM: 0.025671
 77 - bareland_123             . 	SCC: 0.181652, 	SAM: 0.044154
 78 - bareland_124             . 	SCC: 0.232026, 	SAM: 0.096336
 79 - bareland_131             . 	SCC: 0.253319, 	SAM: 0.061549
 80 - bareland_134             . 	SCC: 0.175392, 	SAM: 0.074971
 81 - bareland_135             . 	SCC: 0.155349, 	SAM: 0.076301
 82 - bareland_137             . 	SCC: 0.218563, 	SAM: 0.060702
 83 - bareland_152             . 	SCC: 0.238784, 	SAM: 0.021762
 84 - bareland_154             . 	SCC: 0.246058, 	SAM: 0.024622
 85 - bareland_156             . 	SCC: 0.412342, 	SAM: 0.030868
 86 - bareland_165             . 	SCC: 0.360040, 	SAM: 0.023038
 87 - bareland_166             . 	SCC: 0.316031, 	SAM: 0.022079
 88 - bareland_18              . 	SCC: 0.247899, 	SAM: 0.015737
 89 - bareland_185             . 	SCC: 0.367343, 	SAM: 0.020370
 90 - bareland_194             . 	SCC: 0.323598, 	SAM: 0.020179
 91 - bareland_20              . 	SCC: 0.257065, 	SAM: 0.022842
 92 - bareland_202             . 	SCC: 0.283141, 	SAM: 0.048646
 93 - bareland_205             . 	SCC: 0.251258, 	SAM: 0.029834
 94 - bareland_206             . 	SCC: 0.360126, 	SAM: 0.021921
 95 - bareland_21              . 	SCC: 0.267263, 	SAM: 0.016071
 96 - bareland_213             . 	SCC: 0.152856, 	SAM: 0.099689
 97 - bareland_216             . 	SCC: 0.136389, 	SAM: 0.066125
 98 - bareland_219             . 	SCC: 0.379479, 	SAM: 0.071807
 99 - bareland_227             . 	SCC: 0.207029, 	SAM: 0.045800
100 - bareland_229             . 	SCC: 0.188755, 	SAM: 0.067116
101 - bareland_230             . 	SCC: 0.152626, 	SAM: 0.057549
102 - bareland_244             . 	SCC: 0.289719, 	SAM: 0.020696
103 - bareland_248             . 	SCC: 0.360625, 	SAM: 0.026976
104 - bareland_254             . 	SCC: 0.229366, 	SAM: 0.042730
105 - bareland_257             . 	SCC: 0.395368, 	SAM: 0.055269
106 - bareland_259             . 	SCC: 0.214759, 	SAM: 0.012469
107 - bareland_268             . 	SCC: 0.202476, 	SAM: 0.025012
108 - bareland_278             . 	SCC: 0.258694, 	SAM: 0.132065
109 - bareland_28              . 	SCC: 0.404384, 	SAM: 0.019557
110 - bareland_287             . 	SCC: 0.302497, 	SAM: 0.040625
111 - bareland_293             . 	SCC: 0.228296, 	SAM: 0.022633
112 - bareland_296             . 	SCC: 0.274197, 	SAM: 0.026823
113 - bareland_3               . 	SCC: 0.261767, 	SAM: 0.045774
114 - bareland_300             . 	SCC: 0.254107, 	SAM: 0.037483
115 - bareland_39              . 	SCC: 0.323433, 	SAM: 0.012644
116 - bareland_4               . 	SCC: 0.206414, 	SAM: 0.014113
117 - bareland_42              . 	SCC: 0.259536, 	SAM: 0.009746
118 - bareland_44              . 	SCC: 0.217145, 	SAM: 0.010866
119 - bareland_45              . 	SCC: 0.221004, 	SAM: 0.032648
120 - bareland_53              . 	SCC: 0.191001, 	SAM: 0.010354
121 - bareland_55              . 	SCC: 0.205048, 	SAM: 0.015801
122 - bareland_58              . 	SCC: 0.167857, 	SAM: 0.008830
123 - bareland_59              . 	SCC: 0.257993, 	SAM: 0.012372
124 - bareland_65              . 	SCC: 0.167463, 	SAM: 0.010085
125 - bareland_7               . 	SCC: 0.217388, 	SAM: 0.010108
126 - bareland_70              . 	SCC: 0.252784, 	SAM: 0.014772
127 - bareland_71              . 	SCC: 0.223447, 	SAM: 0.012189
128 - bareland_76              . 	SCC: 0.285019, 	SAM: 0.023510
129 - bareland_77              . 	SCC: 0.199967, 	SAM: 0.010995
130 - bareland_80              . 	SCC: 0.123049, 	SAM: 0.030890
131 - bareland_83              . 	SCC: 0.210613, 	SAM: 0.030805
132 - bareland_85              . 	SCC: 0.217923, 	SAM: 0.047166
133 - bareland_93              . 	SCC: 0.353984, 	SAM: 0.026931
134 - bareland_98              . 	SCC: 0.446330, 	SAM: 0.027333
135 - baseballfield_102        . 	SCC: 0.330244, 	SAM: 0.083528
136 - baseballfield_109        . 	SCC: 0.333985, 	SAM: 0.075184
137 - baseballfield_119        . 	SCC: 0.341148, 	SAM: 0.086314
138 - baseballfield_121        . 	SCC: 0.371092, 	SAM: 0.066825
139 - baseballfield_132        . 	SCC: 0.312450, 	SAM: 0.038910
140 - baseballfield_133        . 	SCC: 0.401952, 	SAM: 0.033294
141 - baseballfield_135        . 	SCC: 0.288293, 	SAM: 0.028732
142 - baseballfield_141        . 	SCC: 0.338935, 	SAM: 0.029903
143 - baseballfield_144        . 	SCC: 0.364009, 	SAM: 0.048610
144 - baseballfield_147        . 	SCC: 0.339263, 	SAM: 0.033714
145 - baseballfield_148        . 	SCC: 0.381986, 	SAM: 0.035222
146 - baseballfield_149        . 	SCC: 0.326083, 	SAM: 0.030717
147 - baseballfield_151        . 	SCC: 0.356532, 	SAM: 0.063146
148 - baseballfield_155        . 	SCC: 0.305975, 	SAM: 0.078007
149 - baseballfield_16         . 	SCC: 0.324531, 	SAM: 0.083663
150 - baseballfield_17         . 	SCC: 0.321620, 	SAM: 0.089889
151 - baseballfield_174        . 	SCC: 0.365938, 	SAM: 0.052998
152 - baseballfield_178        . 	SCC: 0.314000, 	SAM: 0.026966
153 - baseballfield_179        . 	SCC: 0.323184, 	SAM: 0.043228
154 - baseballfield_186        . 	SCC: 0.162280, 	SAM: 0.130140
155 - baseballfield_188        . 	SCC: 0.175113, 	SAM: 0.118459
156 - baseballfield_20         . 	SCC: 0.301227, 	SAM: 0.080630
157 - baseballfield_202        . 	SCC: 0.203796, 	SAM: 0.145284
158 - baseballfield_204        . 	SCC: 0.202082, 	SAM: 0.104175
159 - baseballfield_210        . 	SCC: 0.261427, 	SAM: 0.129128
160 - baseballfield_211        . 	SCC: 0.208632, 	SAM: 0.105689
161 - baseballfield_212        . 	SCC: 0.239113, 	SAM: 0.133339
162 - baseballfield_24         . 	SCC: 0.355648, 	SAM: 0.084149
163 - baseballfield_27         . 	SCC: 0.317146, 	SAM: 0.090127
164 - baseballfield_3          . 	SCC: 0.366199, 	SAM: 0.045343
165 - baseballfield_36         . 	SCC: 0.319464, 	SAM: 0.087893
166 - baseballfield_41         . 	SCC: 0.284264, 	SAM: 0.122973
167 - baseballfield_55         . 	SCC: 0.282151, 	SAM: 0.066363
168 - baseballfield_66         . 	SCC: 0.315033, 	SAM: 0.068735
169 - baseballfield_67         . 	SCC: 0.298291, 	SAM: 0.079329
170 - baseballfield_76         . 	SCC: 0.336030, 	SAM: 0.090178
171 - baseballfield_78         . 	SCC: 0.286804, 	SAM: 0.106657
172 - baseballfield_85         . 	SCC: 0.309914, 	SAM: 0.085062
173 - baseballfield_88         . 	SCC: 0.381178, 	SAM: 0.080155
174 - baseballfield_89         . 	SCC: 0.331283, 	SAM: 0.092862
175 - baseballfield_92         . 	SCC: 0.329116, 	SAM: 0.081001
176 - baseballfield_93         . 	SCC: 0.320315, 	SAM: 0.066754
177 - baseballfield_96         . 	SCC: 0.361774, 	SAM: 0.046360
178 - baseballfield_98         . 	SCC: 0.334193, 	SAM: 0.087819
179 - beach_111                . 	SCC: 0.154117, 	SAM: 0.023323
180 - beach_112                . 	SCC: 0.160595, 	SAM: 0.027741
181 - beach_113                . 	SCC: 0.242437, 	SAM: 0.039990
182 - beach_141                . 	SCC: 0.217403, 	SAM: 0.018928
183 - beach_142                . 	SCC: 0.272688, 	SAM: 0.020784
184 - beach_146                . 	SCC: 0.203718, 	SAM: 0.048797
185 - beach_147                . 	SCC: 0.230218, 	SAM: 0.042328
186 - beach_158                . 	SCC: 0.176037, 	SAM: 0.033682
187 - beach_160                . 	SCC: 0.220184, 	SAM: 0.086599
188 - beach_164                . 	SCC: 0.171906, 	SAM: 0.070718
189 - beach_182                . 	SCC: 0.139408, 	SAM: 0.195484
190 - beach_183                . 	SCC: 0.162122, 	SAM: 0.129726
191 - beach_184                . 	SCC: 0.163978, 	SAM: 0.191894
192 - beach_189                . 	SCC: 0.163079, 	SAM: 0.134223
193 - beach_194                . 	SCC: 0.173131, 	SAM: 0.149069
194 - beach_195                . 	SCC: 0.206357, 	SAM: 0.159792
195 - beach_2                  . 	SCC: 0.235154, 	SAM: 0.044401
196 - beach_200                . 	SCC: 0.169064, 	SAM: 0.051637
197 - beach_208                . 	SCC: 0.190787, 	SAM: 0.042787
198 - beach_209                . 	SCC: 0.202505, 	SAM: 0.070404
199 - beach_217                . 	SCC: 0.255328, 	SAM: 0.066733
200 - beach_220                . 	SCC: 0.147605, 	SAM: 0.122417
201 - beach_221                . 	SCC: 0.145892, 	SAM: 0.100955
202 - beach_225                . 	SCC: 0.164992, 	SAM: 0.089224
203 - beach_227                . 	SCC: 0.406978, 	SAM: 0.074617
204 - beach_230                . 	SCC: 0.210602, 	SAM: 0.019416
205 - beach_234                . 	SCC: 0.182676, 	SAM: 0.048125
206 - beach_243                . 	SCC: 0.179170, 	SAM: 0.120257
207 - beach_247                . 	SCC: 0.120357, 	SAM: 0.075683
208 - beach_253                . 	SCC: 0.267218, 	SAM: 0.114014
209 - beach_256                . 	SCC: 0.170859, 	SAM: 0.070906
210 - beach_262                . 	SCC: 0.082527, 	SAM: 0.082179
211 - beach_266                . 	SCC: 0.210726, 	SAM: 0.013125
212 - beach_270                . 	SCC: 0.234942, 	SAM: 0.018091
213 - beach_274                . 	SCC: 0.308971, 	SAM: 0.038533
214 - beach_279                . 	SCC: 0.223304, 	SAM: 0.023166
215 - beach_284                . 	SCC: 0.313857, 	SAM: 0.026173
216 - beach_285                . 	SCC: 0.176466, 	SAM: 0.008702
217 - beach_286                . 	SCC: 0.200340, 	SAM: 0.016337
218 - beach_289                . 	SCC: 0.149600, 	SAM: 0.040604
219 - beach_295                . 	SCC: 0.120003, 	SAM: 0.007828
220 - beach_296                . 	SCC: 0.167470, 	SAM: 0.010332
221 - beach_298                . 	SCC: 0.192061, 	SAM: 0.017252
222 - beach_302                . 	SCC: 0.154524, 	SAM: 0.009530
223 - beach_318                . 	SCC: 0.197311, 	SAM: 0.031906
224 - beach_321                . 	SCC: 0.200399, 	SAM: 0.014199
225 - beach_323                . 	SCC: 0.194538, 	SAM: 0.282758
226 - beach_326                . 	SCC: 0.136704, 	SAM: 0.141726
227 - beach_329                . 	SCC: 0.242500, 	SAM: 0.059531
228 - beach_33                 . 	SCC: 0.227855, 	SAM: 0.013577
229 - beach_333                . 	SCC: 0.300069, 	SAM: 0.092538
230 - beach_337                . 	SCC: 0.091419, 	SAM: 0.059477
231 - beach_345                . 	SCC: 0.235030, 	SAM: 0.047336
232 - beach_361                . 	SCC: 0.344464, 	SAM: 0.039098
233 - beach_362                . 	SCC: 0.153612, 	SAM: 0.022644
234 - beach_363                . 	SCC: 0.106018, 	SAM: 0.071363
235 - beach_371                . 	SCC: 0.362631, 	SAM: 0.044836
236 - beach_376                . 	SCC: 0.125603, 	SAM: 0.070914
237 - beach_381                . 	SCC: 0.255680, 	SAM: 0.089521
238 - beach_382                . 	SCC: 0.126062, 	SAM: 0.086939
239 - beach_383                . 	SCC: 0.107016, 	SAM: 0.062959
240 - beach_39                 . 	SCC: 0.223321, 	SAM: 0.008607
241 - beach_394                . 	SCC: 0.101951, 	SAM: 0.149804
242 - beach_397                . 	SCC: 0.173915, 	SAM: 0.210078
243 - beach_4                  . 	SCC: 0.224865, 	SAM: 0.016051
244 - beach_42                 . 	SCC: 0.237274, 	SAM: 0.114354
245 - beach_44                 . 	SCC: 0.179435, 	SAM: 0.076664
246 - beach_5                  . 	SCC: 0.226620, 	SAM: 0.021504
247 - beach_52                 . 	SCC: 0.348453, 	SAM: 0.027538
248 - beach_54                 . 	SCC: 0.358518, 	SAM: 0.063731
249 - beach_58                 . 	SCC: 0.304915, 	SAM: 0.070798
250 - beach_61                 . 	SCC: 0.169907, 	SAM: 0.019867
251 - beach_62                 . 	SCC: 0.263521, 	SAM: 0.017229
252 - beach_63                 . 	SCC: 0.246075, 	SAM: 0.019568
253 - beach_66                 . 	SCC: 0.225652, 	SAM: 0.069387
254 - beach_68                 . 	SCC: 0.254539, 	SAM: 0.016381
255 - beach_87                 . 	SCC: 0.154490, 	SAM: 0.025770
256 - beach_88                 . 	SCC: 0.262516, 	SAM: 0.011738
257 - beach_92                 . 	SCC: 0.422700, 	SAM: 0.030795
258 - beach_93                 . 	SCC: 0.411453, 	SAM: 0.031690
259 - bridge_10                . 	SCC: 0.360542, 	SAM: 0.057764
260 - bridge_101               . 	SCC: 0.249227, 	SAM: 0.091850
261 - bridge_107               . 	SCC: 0.252407, 	SAM: 0.022178
262 - bridge_108               . 	SCC: 0.388605, 	SAM: 0.072475
263 - bridge_109               . 	SCC: 0.365531, 	SAM: 0.040237
264 - bridge_12                . 	SCC: 0.242167, 	SAM: 0.080848
265 - bridge_121               . 	SCC: 0.364138, 	SAM: 0.043597
266 - bridge_122               . 	SCC: 0.330694, 	SAM: 0.088725
267 - bridge_13                . 	SCC: 0.216221, 	SAM: 0.103633
268 - bridge_136               . 	SCC: 0.322937, 	SAM: 0.049681
269 - bridge_141               . 	SCC: 0.360045, 	SAM: 0.027180
270 - bridge_145               . 	SCC: 0.236200, 	SAM: 0.094370
271 - bridge_148               . 	SCC: 0.293471, 	SAM: 0.042660
272 - bridge_154               . 	SCC: 0.189628, 	SAM: 0.112579
273 - bridge_156               . 	SCC: 0.381282, 	SAM: 0.064120
274 - bridge_158               . 	SCC: 0.234792, 	SAM: 0.130646
275 - bridge_162               . 	SCC: 0.275579, 	SAM: 0.118304
276 - bridge_164               . 	SCC: 0.333930, 	SAM: 0.051772
277 - bridge_170               . 	SCC: 0.312274, 	SAM: 0.078615
278 - bridge_173               . 	SCC: 0.223912, 	SAM: 0.141672
279 - bridge_175               . 	SCC: 0.309233, 	SAM: 0.076619
280 - bridge_177               . 	SCC: 0.119354, 	SAM: 0.171200
281 - bridge_185               . 	SCC: 0.303365, 	SAM: 0.081774
282 - bridge_193               . 	SCC: 0.294060, 	SAM: 0.109360
283 - bridge_195               . 	SCC: 0.304833, 	SAM: 0.025037
284 - bridge_199               . 	SCC: 0.379186, 	SAM: 0.056328
285 - bridge_202               . 	SCC: 0.290737, 	SAM: 0.022601
286 - bridge_203               . 	SCC: 0.172703, 	SAM: 0.016166
287 - bridge_21                . 	SCC: 0.311448, 	SAM: 0.057984
288 - bridge_215               . 	SCC: 0.266563, 	SAM: 0.056912
289 - bridge_22                . 	SCC: 0.294006, 	SAM: 0.060674
290 - bridge_220               . 	SCC: 0.359733, 	SAM: 0.081345
291 - bridge_222               . 	SCC: 0.274726, 	SAM: 0.123379
292 - bridge_225               . 	SCC: 0.256007, 	SAM: 0.059118
293 - bridge_227               . 	SCC: 0.265267, 	SAM: 0.101552
294 - bridge_230               . 	SCC: 0.223105, 	SAM: 0.105015
295 - bridge_233               . 	SCC: 0.129457, 	SAM: 0.047025
296 - bridge_236               . 	SCC: 0.280037, 	SAM: 0.077630
297 - bridge_237               . 	SCC: 0.221309, 	SAM: 0.080971
298 - bridge_242               . 	SCC: 0.134161, 	SAM: 0.069438
299 - bridge_247               . 	SCC: 0.220785, 	SAM: 0.064891
300 - bridge_252               . 	SCC: 0.238757, 	SAM: 0.090155
301 - bridge_261               . 	SCC: 0.223400, 	SAM: 0.216216
302 - bridge_267               . 	SCC: 0.142516, 	SAM: 0.199764
303 - bridge_268               . 	SCC: 0.132168, 	SAM: 0.152492
304 - bridge_285               . 	SCC: 0.195766, 	SAM: 0.158663
305 - bridge_289               . 	SCC: 0.110638, 	SAM: 0.235807
306 - bridge_3                 . 	SCC: 0.179436, 	SAM: 0.040828
307 - bridge_300               . 	SCC: 0.172353, 	SAM: 0.165432
308 - bridge_306               . 	SCC: 0.108291, 	SAM: 0.107810
309 - bridge_31                . 	SCC: 0.303996, 	SAM: 0.041945
310 - bridge_314               . 	SCC: 0.178515, 	SAM: 0.151164
311 - bridge_321               . 	SCC: 0.227413, 	SAM: 0.096341
312 - bridge_329               . 	SCC: 0.273322, 	SAM: 0.090784
313 - bridge_330               . 	SCC: 0.170097, 	SAM: 0.187449
314 - bridge_334               . 	SCC: 0.166320, 	SAM: 0.127474
315 - bridge_338               . 	SCC: 0.172037, 	SAM: 0.070107
316 - bridge_342               . 	SCC: 0.217979, 	SAM: 0.110840
317 - bridge_353               . 	SCC: 0.258730, 	SAM: 0.051208
318 - bridge_354               . 	SCC: 0.283457, 	SAM: 0.055483
319 - bridge_40                . 	SCC: 0.127718, 	SAM: 0.021193
320 - bridge_43                . 	SCC: 0.185666, 	SAM: 0.024269
321 - bridge_46                . 	SCC: 0.147798, 	SAM: 0.033781
322 - bridge_49                . 	SCC: 0.155737, 	SAM: 0.041099
323 - bridge_52                . 	SCC: 0.247961, 	SAM: 0.062643
324 - bridge_55                . 	SCC: 0.180280, 	SAM: 0.072708
325 - bridge_62                . 	SCC: 0.151574, 	SAM: 0.074729
326 - bridge_64                . 	SCC: 0.285655, 	SAM: 0.068833
327 - bridge_67                . 	SCC: 0.267402, 	SAM: 0.111755
328 - bridge_82                . 	SCC: 0.159646, 	SAM: 0.168072
329 - bridge_91                . 	SCC: 0.207029, 	SAM: 0.052636
330 - bridge_92                . 	SCC: 0.257597, 	SAM: 0.069796
331 - center_100               . 	SCC: 0.329012, 	SAM: 0.028585
332 - center_103               . 	SCC: 0.260706, 	SAM: 0.045862
333 - center_106               . 	SCC: 0.257904, 	SAM: 0.052822
334 - center_109               . 	SCC: 0.310238, 	SAM: 0.108810
335 - center_121               . 	SCC: 0.268471, 	SAM: 0.078819
336 - center_122               . 	SCC: 0.333357, 	SAM: 0.098647
337 - center_126               . 	SCC: 0.238488, 	SAM: 0.129545
338 - center_128               . 	SCC: 0.230128, 	SAM: 0.153356
339 - center_145               . 	SCC: 0.305173, 	SAM: 0.151379
340 - center_147               . 	SCC: 0.360999, 	SAM: 0.131865
341 - center_149               . 	SCC: 0.441121, 	SAM: 0.105016
342 - center_150               . 	SCC: 0.311502, 	SAM: 0.104903
343 - center_159               . 	SCC: 0.286919, 	SAM: 0.017567
344 - center_170               . 	SCC: 0.349736, 	SAM: 0.032999
345 - center_171               . 	SCC: 0.396864, 	SAM: 0.031659
346 - center_174               . 	SCC: 0.258400, 	SAM: 0.018759
347 - center_177               . 	SCC: 0.367557, 	SAM: 0.020191
348 - center_181               . 	SCC: 0.340730, 	SAM: 0.063141
349 - center_186               . 	SCC: 0.361752, 	SAM: 0.092157
350 - center_188               . 	SCC: 0.319991, 	SAM: 0.079533
351 - center_190               . 	SCC: 0.239223, 	SAM: 0.177303
352 - center_196               . 	SCC: 0.212654, 	SAM: 0.147842
353 - center_200               . 	SCC: 0.326268, 	SAM: 0.105273
354 - center_206               . 	SCC: 0.260430, 	SAM: 0.170276
355 - center_214               . 	SCC: 0.234816, 	SAM: 0.051191
356 - center_216               . 	SCC: 0.274538, 	SAM: 0.131542
357 - center_220               . 	SCC: 0.419071, 	SAM: 0.038073
358 - center_227               . 	SCC: 0.374036, 	SAM: 0.061070
359 - center_235               . 	SCC: 0.283300, 	SAM: 0.019735
360 - center_238               . 	SCC: 0.387820, 	SAM: 0.042732
361 - center_251               . 	SCC: 0.282743, 	SAM: 0.038129
362 - center_253               . 	SCC: 0.257883, 	SAM: 0.215604
363 - center_27                . 	SCC: 0.397718, 	SAM: 0.059576
364 - center_33                . 	SCC: 0.215919, 	SAM: 0.138550
365 - center_34                . 	SCC: 0.307038, 	SAM: 0.149883
366 - center_35                . 	SCC: 0.431803, 	SAM: 0.125337
367 - center_36                . 	SCC: 0.375418, 	SAM: 0.090616
368 - center_37                . 	SCC: 0.335388, 	SAM: 0.088278
369 - center_45                . 	SCC: 0.329137, 	SAM: 0.087071
370 - center_48                . 	SCC: 0.246236, 	SAM: 0.183030
371 - center_51                . 	SCC: 0.247172, 	SAM: 0.174614
372 - center_57                . 	SCC: 0.388988, 	SAM: 0.083828
373 - center_61                . 	SCC: 0.344225, 	SAM: 0.125212
374 - center_66                . 	SCC: 0.294198, 	SAM: 0.065173
375 - center_72                . 	SCC: 0.294167, 	SAM: 0.145922
376 - center_74                . 	SCC: 0.265805, 	SAM: 0.166415
377 - center_76                . 	SCC: 0.227672, 	SAM: 0.184134
378 - center_77                . 	SCC: 0.352596, 	SAM: 0.068067
379 - center_8                 . 	SCC: 0.337167, 	SAM: 0.116443
380 - center_81                . 	SCC: 0.271448, 	SAM: 0.142354
381 - center_94                . 	SCC: 0.300450, 	SAM: 0.194698
382 - center_97                . 	SCC: 0.254943, 	SAM: 0.068202
383 - church_100               . 	SCC: 0.301797, 	SAM: 0.152789
384 - church_111               . 	SCC: 0.304862, 	SAM: 0.134269
385 - church_113               . 	SCC: 0.377217, 	SAM: 0.069080
386 - church_115               . 	SCC: 0.384193, 	SAM: 0.062295
387 - church_116               . 	SCC: 0.366351, 	SAM: 0.062806
388 - church_119               . 	SCC: 0.349204, 	SAM: 0.057725
389 - church_128               . 	SCC: 0.333329, 	SAM: 0.156476
390 - church_132               . 	SCC: 0.333950, 	SAM: 0.153332
391 - church_136               . 	SCC: 0.315276, 	SAM: 0.155796
392 - church_138               . 	SCC: 0.278493, 	SAM: 0.180362
393 - church_139               . 	SCC: 0.322634, 	SAM: 0.176642
394 - church_143               . 	SCC: 0.374935, 	SAM: 0.249213
395 - church_146               . 	SCC: 0.321919, 	SAM: 0.192076
396 - church_171               . 	SCC: 0.360253, 	SAM: 0.159387
397 - church_174               . 	SCC: 0.353128, 	SAM: 0.195212
398 - church_177               . 	SCC: 0.235374, 	SAM: 0.224513
399 - church_18                . 	SCC: 0.349779, 	SAM: 0.171007
400 - church_19                . 	SCC: 0.306802, 	SAM: 0.173591
401 - church_191               . 	SCC: 0.332300, 	SAM: 0.145059
402 - church_195               . 	SCC: 0.275624, 	SAM: 0.245327
403 - church_197               . 	SCC: 0.248214, 	SAM: 0.205655
404 - church_2                 . 	SCC: 0.443192, 	SAM: 0.106442
405 - church_200               . 	SCC: 0.291546, 	SAM: 0.152516
406 - church_204               . 	SCC: 0.306018, 	SAM: 0.069359
407 - church_210               . 	SCC: 0.280162, 	SAM: 0.173320
408 - church_214               . 	SCC: 0.313773, 	SAM: 0.250768
409 - church_219               . 	SCC: 0.317267, 	SAM: 0.182553
410 - church_22                . 	SCC: 0.300144, 	SAM: 0.237927
411 - church_220               . 	SCC: 0.295849, 	SAM: 0.220684
412 - church_223               . 	SCC: 0.281025, 	SAM: 0.181242
413 - church_225               . 	SCC: 0.347230, 	SAM: 0.191897
414 - church_226               . 	SCC: 0.268914, 	SAM: 0.198130
415 - church_23                . 	SCC: 0.221962, 	SAM: 0.260909
416 - church_235               . 	SCC: 0.281040, 	SAM: 0.177943
417 - church_238               . 	SCC: 0.345760, 	SAM: 0.088211
418 - church_28                . 	SCC: 0.347849, 	SAM: 0.149727
419 - church_32                . 	SCC: 0.365532, 	SAM: 0.142465
420 - church_37                . 	SCC: 0.357722, 	SAM: 0.151811
421 - church_38                . 	SCC: 0.383785, 	SAM: 0.171461
422 - church_41                . 	SCC: 0.364904, 	SAM: 0.155526
423 - church_45                . 	SCC: 0.297883, 	SAM: 0.223265
424 - church_56                . 	SCC: 0.338587, 	SAM: 0.099281
425 - church_6                 . 	SCC: 0.361104, 	SAM: 0.139913
426 - church_7                 . 	SCC: 0.322504, 	SAM: 0.164902
427 - church_71                . 	SCC: 0.401886, 	SAM: 0.079595
428 - church_83                . 	SCC: 0.260499, 	SAM: 0.169927
429 - church_88                . 	SCC: 0.256282, 	SAM: 0.215108
430 - church_89                . 	SCC: 0.329644, 	SAM: 0.150612
431 - commercial_102           . 	SCC: 0.374200, 	SAM: 0.143920
432 - commercial_103           . 	SCC: 0.396725, 	SAM: 0.044416
433 - commercial_104           . 	SCC: 0.393571, 	SAM: 0.129052
434 - commercial_105           . 	SCC: 0.322062, 	SAM: 0.106109
435 - commercial_108           . 	SCC: 0.436408, 	SAM: 0.104584
436 - commercial_11            . 	SCC: 0.298591, 	SAM: 0.094213
437 - commercial_111           . 	SCC: 0.424226, 	SAM: 0.124431
438 - commercial_112           . 	SCC: 0.440521, 	SAM: 0.143551
439 - commercial_119           . 	SCC: 0.332547, 	SAM: 0.170223
440 - commercial_123           . 	SCC: 0.371241, 	SAM: 0.156871
441 - commercial_124           . 	SCC: 0.387980, 	SAM: 0.038303
442 - commercial_126           . 	SCC: 0.350764, 	SAM: 0.061378
443 - commercial_130           . 	SCC: 0.381265, 	SAM: 0.060306
444 - commercial_133           . 	SCC: 0.387139, 	SAM: 0.117110
445 - commercial_153           . 	SCC: 0.398793, 	SAM: 0.076381
446 - commercial_154           . 	SCC: 0.336282, 	SAM: 0.098785
447 - commercial_157           . 	SCC: 0.306966, 	SAM: 0.099937
448 - commercial_159           . 	SCC: 0.311178, 	SAM: 0.113774
449 - commercial_16            . 	SCC: 0.343371, 	SAM: 0.167239
450 - commercial_163           . 	SCC: 0.301957, 	SAM: 0.072310
451 - commercial_169           . 	SCC: 0.254061, 	SAM: 0.138576
452 - commercial_17            . 	SCC: 0.329837, 	SAM: 0.045125
453 - commercial_173           . 	SCC: 0.394479, 	SAM: 0.099715
454 - commercial_186           . 	SCC: 0.370638, 	SAM: 0.096812
455 - commercial_19            . 	SCC: 0.335846, 	SAM: 0.046294
456 - commercial_197           . 	SCC: 0.329776, 	SAM: 0.122959
457 - commercial_198           . 	SCC: 0.336888, 	SAM: 0.118103
458 - commercial_2             . 	SCC: 0.358696, 	SAM: 0.058418
459 - commercial_202           . 	SCC: 0.303665, 	SAM: 0.054490
460 - commercial_206           . 	SCC: 0.323066, 	SAM: 0.056780
461 - commercial_209           . 	SCC: 0.307017, 	SAM: 0.088996
462 - commercial_215           . 	SCC: 0.266884, 	SAM: 0.090185
463 - commercial_224           . 	SCC: 0.423123, 	SAM: 0.050567
464 - commercial_227           . 	SCC: 0.340600, 	SAM: 0.094644
465 - commercial_242           . 	SCC: 0.329573, 	SAM: 0.056942
466 - commercial_244           . 	SCC: 0.345169, 	SAM: 0.077312
467 - commercial_249           . 	SCC: 0.337135, 	SAM: 0.066769
468 - commercial_252           . 	SCC: 0.298814, 	SAM: 0.087779
469 - commercial_254           . 	SCC: 0.325476, 	SAM: 0.068278
470 - commercial_263           . 	SCC: 0.357437, 	SAM: 0.185563
471 - commercial_270           . 	SCC: 0.316881, 	SAM: 0.139375
472 - commercial_275           . 	SCC: 0.331547, 	SAM: 0.090260
473 - commercial_28            . 	SCC: 0.344014, 	SAM: 0.151054
474 - commercial_286           . 	SCC: 0.348755, 	SAM: 0.090486
475 - commercial_291           . 	SCC: 0.349043, 	SAM: 0.095204
476 - commercial_296           . 	SCC: 0.343504, 	SAM: 0.083111
477 - commercial_305           . 	SCC: 0.296298, 	SAM: 0.127797
478 - commercial_307           . 	SCC: 0.294219, 	SAM: 0.157676
479 - commercial_311           . 	SCC: 0.323605, 	SAM: 0.090420
480 - commercial_324           . 	SCC: 0.360890, 	SAM: 0.079773
481 - commercial_327           . 	SCC: 0.394628, 	SAM: 0.059511
482 - commercial_338           . 	SCC: 0.332331, 	SAM: 0.088107
483 - commercial_339           . 	SCC: 0.327229, 	SAM: 0.082057
484 - commercial_344           . 	SCC: 0.398955, 	SAM: 0.068379
485 - commercial_346           . 	SCC: 0.401985, 	SAM: 0.059875
486 - commercial_36            . 	SCC: 0.311097, 	SAM: 0.159850
487 - commercial_4             . 	SCC: 0.369796, 	SAM: 0.076406
488 - commercial_40            . 	SCC: 0.280449, 	SAM: 0.167498
489 - commercial_49            . 	SCC: 0.319010, 	SAM: 0.111936
490 - commercial_50            . 	SCC: 0.381161, 	SAM: 0.087571
491 - commercial_57            . 	SCC: 0.287078, 	SAM: 0.133016
492 - commercial_6             . 	SCC: 0.311194, 	SAM: 0.112488
493 - commercial_60            . 	SCC: 0.374243, 	SAM: 0.148056
494 - commercial_64            . 	SCC: 0.367086, 	SAM: 0.134118
495 - commercial_71            . 	SCC: 0.308306, 	SAM: 0.060960
496 - commercial_72            . 	SCC: 0.311604, 	SAM: 0.131909
497 - commercial_84            . 	SCC: 0.287673, 	SAM: 0.105212
498 - commercial_87            . 	SCC: 0.339341, 	SAM: 0.158637
499 - commercial_89            . 	SCC: 0.335825, 	SAM: 0.105210
500 - commercial_97            . 	SCC: 0.408267, 	SAM: 0.141155
501 - denseresidential_105     . 	SCC: 0.276258, 	SAM: 0.222913
502 - denseresidential_111     . 	SCC: 0.222297, 	SAM: 0.224911
503 - denseresidential_116     . 	SCC: 0.295918, 	SAM: 0.239728
504 - denseresidential_119     . 	SCC: 0.337712, 	SAM: 0.174671
505 - denseresidential_12      . 	SCC: 0.316220, 	SAM: 0.228762
506 - denseresidential_125     . 	SCC: 0.312515, 	SAM: 0.164691
507 - denseresidential_129     . 	SCC: 0.388726, 	SAM: 0.159199
508 - denseresidential_13      . 	SCC: 0.326646, 	SAM: 0.208677
509 - denseresidential_132     . 	SCC: 0.344970, 	SAM: 0.158983
510 - denseresidential_135     . 	SCC: 0.352141, 	SAM: 0.168425
511 - denseresidential_139     . 	SCC: 0.335136, 	SAM: 0.163882
512 - denseresidential_141     . 	SCC: 0.415651, 	SAM: 0.156904
513 - denseresidential_15      . 	SCC: 0.280137, 	SAM: 0.219386
514 - denseresidential_158     . 	SCC: 0.333544, 	SAM: 0.103594
515 - denseresidential_160     . 	SCC: 0.394648, 	SAM: 0.096450
516 - denseresidential_164     . 	SCC: 0.411667, 	SAM: 0.118497
517 - denseresidential_177     . 	SCC: 0.364326, 	SAM: 0.094363
518 - denseresidential_182     . 	SCC: 0.244337, 	SAM: 0.212321
519 - denseresidential_188     . 	SCC: 0.336673, 	SAM: 0.189622
520 - denseresidential_194     . 	SCC: 0.234037, 	SAM: 0.228170
521 - denseresidential_20      . 	SCC: 0.312531, 	SAM: 0.176290
522 - denseresidential_201     . 	SCC: 0.296856, 	SAM: 0.181835
523 - denseresidential_206     . 	SCC: 0.280916, 	SAM: 0.207793
524 - denseresidential_208     . 	SCC: 0.341886, 	SAM: 0.197699
525 - denseresidential_212     . 	SCC: 0.280282, 	SAM: 0.195161
526 - denseresidential_214     . 	SCC: 0.292260, 	SAM: 0.195672
527 - denseresidential_222     . 	SCC: 0.278126, 	SAM: 0.206234
528 - denseresidential_224     . 	SCC: 0.281203, 	SAM: 0.187349
529 - denseresidential_225     . 	SCC: 0.257203, 	SAM: 0.220161
530 - denseresidential_229     . 	SCC: 0.224950, 	SAM: 0.234304
531 - denseresidential_230     . 	SCC: 0.296786, 	SAM: 0.202956
532 - denseresidential_234     . 	SCC: 0.289390, 	SAM: 0.210610
533 - denseresidential_235     . 	SCC: 0.335304, 	SAM: 0.197730
534 - denseresidential_24      . 	SCC: 0.376669, 	SAM: 0.159133
535 - denseresidential_240     . 	SCC: 0.314660, 	SAM: 0.224911
536 - denseresidential_246     . 	SCC: 0.433701, 	SAM: 0.096822
537 - denseresidential_247     . 	SCC: 0.436483, 	SAM: 0.140520
538 - denseresidential_25      . 	SCC: 0.333641, 	SAM: 0.162421
539 - denseresidential_259     . 	SCC: 0.447662, 	SAM: 0.094409
540 - denseresidential_265     . 	SCC: 0.426231, 	SAM: 0.112429
541 - denseresidential_274     . 	SCC: 0.386670, 	SAM: 0.154952
542 - denseresidential_279     . 	SCC: 0.411175, 	SAM: 0.133493
543 - denseresidential_287     . 	SCC: 0.253279, 	SAM: 0.130887
544 - denseresidential_292     . 	SCC: 0.314345, 	SAM: 0.177684
545 - denseresidential_293     . 	SCC: 0.398052, 	SAM: 0.135588
546 - denseresidential_294     . 	SCC: 0.353637, 	SAM: 0.149414
547 - denseresidential_299     . 	SCC: 0.284874, 	SAM: 0.227499
548 - denseresidential_300     . 	SCC: 0.286175, 	SAM: 0.231809
549 - denseresidential_302     . 	SCC: 0.399771, 	SAM: 0.116513
550 - denseresidential_310     . 	SCC: 0.411162, 	SAM: 0.096150
551 - denseresidential_314     . 	SCC: 0.399774, 	SAM: 0.095260
552 - denseresidential_322     . 	SCC: 0.392188, 	SAM: 0.169441
553 - denseresidential_325     . 	SCC: 0.382166, 	SAM: 0.178232
554 - denseresidential_331     . 	SCC: 0.404153, 	SAM: 0.158285
555 - denseresidential_336     . 	SCC: 0.364763, 	SAM: 0.166045
556 - denseresidential_349     . 	SCC: 0.467892, 	SAM: 0.148705
557 - denseresidential_35      . 	SCC: 0.328582, 	SAM: 0.172446
558 - denseresidential_357     . 	SCC: 0.394880, 	SAM: 0.118717
559 - denseresidential_362     . 	SCC: 0.296634, 	SAM: 0.207177
560 - denseresidential_365     . 	SCC: 0.434836, 	SAM: 0.149772
561 - denseresidential_368     . 	SCC: 0.417986, 	SAM: 0.161053
562 - denseresidential_389     . 	SCC: 0.334495, 	SAM: 0.204423
563 - denseresidential_39      . 	SCC: 0.264538, 	SAM: 0.202972
564 - denseresidential_393     . 	SCC: 0.327465, 	SAM: 0.192578
565 - denseresidential_394     . 	SCC: 0.326906, 	SAM: 0.193748
566 - denseresidential_40      . 	SCC: 0.296056, 	SAM: 0.173549
567 - denseresidential_402     . 	SCC: 0.383295, 	SAM: 0.226384
568 - denseresidential_47      . 	SCC: 0.298532, 	SAM: 0.204497
569 - denseresidential_48      . 	SCC: 0.395183, 	SAM: 0.139685
570 - denseresidential_50      . 	SCC: 0.402310, 	SAM: 0.062535
571 - denseresidential_53      . 	SCC: 0.350655, 	SAM: 0.047421
572 - denseresidential_60      . 	SCC: 0.382124, 	SAM: 0.073854
573 - denseresidential_66      . 	SCC: 0.346148, 	SAM: 0.081230
574 - denseresidential_67      . 	SCC: 0.415430, 	SAM: 0.048318
575 - denseresidential_76      . 	SCC: 0.260753, 	SAM: 0.055942
576 - denseresidential_79      . 	SCC: 0.271399, 	SAM: 0.055731
577 - denseresidential_81      . 	SCC: 0.272087, 	SAM: 0.081581
578 - denseresidential_83      . 	SCC: 0.373199, 	SAM: 0.145821
579 - denseresidential_89      . 	SCC: 0.432781, 	SAM: 0.079559
580 - denseresidential_91      . 	SCC: 0.422568, 	SAM: 0.085468
581 - denseresidential_94      . 	SCC: 0.412931, 	SAM: 0.093504
582 - denseresidential_99      . 	SCC: 0.387571, 	SAM: 0.061543
583 - desert_100               . 	SCC: 0.235184, 	SAM: 0.009205
584 - desert_110               . 	SCC: 0.216969, 	SAM: 0.020889
585 - desert_112               . 	SCC: 0.174800, 	SAM: 0.019325
586 - desert_113               . 	SCC: 0.207293, 	SAM: 0.022220
587 - desert_117               . 	SCC: 0.162827, 	SAM: 0.036149
588 - desert_13                . 	SCC: 0.149905, 	SAM: 0.018963
589 - desert_130               . 	SCC: 0.191314, 	SAM: 0.023370
590 - desert_133               . 	SCC: 0.195297, 	SAM: 0.017020
591 - desert_135               . 	SCC: 0.166971, 	SAM: 0.016557
592 - desert_138               . 	SCC: 0.093940, 	SAM: 0.010022
593 - desert_145               . 	SCC: 0.166678, 	SAM: 0.014557
594 - desert_148               . 	SCC: 0.132241, 	SAM: 0.026074
595 - desert_150               . 	SCC: 0.198899, 	SAM: 0.020114
596 - desert_153               . 	SCC: 0.146262, 	SAM: 0.018625
597 - desert_156               . 	SCC: 0.141659, 	SAM: 0.032968
598 - desert_159               . 	SCC: 0.096325, 	SAM: 0.007298
599 - desert_170               . 	SCC: 0.107182, 	SAM: 0.008740
600 - desert_176               . 	SCC: 0.276140, 	SAM: 0.024397
601 - desert_177               . 	SCC: 0.174985, 	SAM: 0.023466
602 - desert_181               . 	SCC: 0.120536, 	SAM: 0.027475
603 - desert_182               . 	SCC: 0.108756, 	SAM: 0.017113
604 - desert_187               . 	SCC: 0.145884, 	SAM: 0.033502
605 - desert_193               . 	SCC: 0.165348, 	SAM: 0.012101
606 - desert_207               . 	SCC: 0.124923, 	SAM: 0.008656
607 - desert_208               . 	SCC: 0.093500, 	SAM: 0.007258
608 - desert_209               . 	SCC: 0.097037, 	SAM: 0.038069
609 - desert_211               . 	SCC: 0.191491, 	SAM: 0.022715
610 - desert_215               . 	SCC: 0.186254, 	SAM: 0.031790
611 - desert_219               . 	SCC: 0.158632, 	SAM: 0.024887
612 - desert_22                . 	SCC: 0.218108, 	SAM: 0.014963
613 - desert_225               . 	SCC: 0.283172, 	SAM: 0.039011
614 - desert_228               . 	SCC: 0.122466, 	SAM: 0.008691
615 - desert_229               . 	SCC: 0.151707, 	SAM: 0.010554
616 - desert_23                . 	SCC: 0.192875, 	SAM: 0.009137
617 - desert_246               . 	SCC: 0.208527, 	SAM: 0.019557
618 - desert_250               . 	SCC: 0.157700, 	SAM: 0.009046
619 - desert_254               . 	SCC: 0.178435, 	SAM: 0.009460
620 - desert_257               . 	SCC: 0.260290, 	SAM: 0.030761
621 - desert_26                . 	SCC: 0.300264, 	SAM: 0.025472
622 - desert_267               . 	SCC: 0.088945, 	SAM: 0.026290
623 - desert_275               . 	SCC: 0.255460, 	SAM: 0.015132
624 - desert_277               . 	SCC: 0.085639, 	SAM: 0.022299
625 - desert_278               . 	SCC: 0.169762, 	SAM: 0.012383
626 - desert_280               . 	SCC: 0.176319, 	SAM: 0.014963
627 - desert_282               . 	SCC: 0.113545, 	SAM: 0.010272
628 - desert_286               . 	SCC: 0.124849, 	SAM: 0.021444
629 - desert_299               . 	SCC: 0.113449, 	SAM: 0.010101
630 - desert_300               . 	SCC: 0.189781, 	SAM: 0.008140
631 - desert_33                . 	SCC: 0.269114, 	SAM: 0.040598
632 - desert_40                . 	SCC: 0.151304, 	SAM: 0.009631
633 - desert_57                . 	SCC: 0.189946, 	SAM: 0.017340
634 - desert_59                . 	SCC: 0.208605, 	SAM: 0.016853
635 - desert_60                . 	SCC: 0.209031, 	SAM: 0.009457
636 - desert_64                . 	SCC: 0.191994, 	SAM: 0.015371
637 - desert_72                . 	SCC: 0.200936, 	SAM: 0.012769
638 - desert_77                . 	SCC: 0.201242, 	SAM: 0.015703
639 - desert_80                . 	SCC: 0.216911, 	SAM: 0.019794
640 - desert_87                . 	SCC: 0.074354, 	SAM: 0.006608
641 - desert_91                . 	SCC: 0.214542, 	SAM: 0.028701
642 - desert_96                . 	SCC: 0.196324, 	SAM: 0.014522
643 - farmland_110             . 	SCC: 0.386265, 	SAM: 0.039230
644 - farmland_112             . 	SCC: 0.396114, 	SAM: 0.025351
645 - farmland_114             . 	SCC: 0.332953, 	SAM: 0.027869
646 - farmland_117             . 	SCC: 0.295700, 	SAM: 0.044858
647 - farmland_118             . 	SCC: 0.307938, 	SAM: 0.038798
648 - farmland_120             . 	SCC: 0.284136, 	SAM: 0.038255
649 - farmland_121             . 	SCC: 0.238720, 	SAM: 0.044011
650 - farmland_128             . 	SCC: 0.333623, 	SAM: 0.058650
651 - farmland_129             . 	SCC: 0.273570, 	SAM: 0.058281
652 - farmland_131             . 	SCC: 0.310081, 	SAM: 0.063834
653 - farmland_132             . 	SCC: 0.320617, 	SAM: 0.066539
654 - farmland_133             . 	SCC: 0.292429, 	SAM: 0.057855
655 - farmland_134             . 	SCC: 0.298933, 	SAM: 0.055377
656 - farmland_139             . 	SCC: 0.359807, 	SAM: 0.041097
657 - farmland_14              . 	SCC: 0.211386, 	SAM: 0.060347
658 - farmland_141             . 	SCC: 0.352700, 	SAM: 0.062026
659 - farmland_145             . 	SCC: 0.337237, 	SAM: 0.051490
660 - farmland_149             . 	SCC: 0.347815, 	SAM: 0.058873
661 - farmland_153             . 	SCC: 0.305241, 	SAM: 0.052730
662 - farmland_158             . 	SCC: 0.341089, 	SAM: 0.045373
663 - farmland_163             . 	SCC: 0.308004, 	SAM: 0.078471
664 - farmland_165             . 	SCC: 0.248060, 	SAM: 0.077069
665 - farmland_168             . 	SCC: 0.368985, 	SAM: 0.042589
666 - farmland_169             . 	SCC: 0.402011, 	SAM: 0.079454
667 - farmland_174             . 	SCC: 0.365072, 	SAM: 0.035705
668 - farmland_176             . 	SCC: 0.247394, 	SAM: 0.115272
669 - farmland_191             . 	SCC: 0.232774, 	SAM: 0.051601
670 - farmland_192             . 	SCC: 0.324774, 	SAM: 0.031267
671 - farmland_199             . 	SCC: 0.268365, 	SAM: 0.111566
672 - farmland_2               . 	SCC: 0.324141, 	SAM: 0.077919
673 - farmland_206             . 	SCC: 0.243583, 	SAM: 0.023981
674 - farmland_208             . 	SCC: 0.276283, 	SAM: 0.032539
675 - farmland_214             . 	SCC: 0.210670, 	SAM: 0.045239
676 - farmland_218             . 	SCC: 0.108354, 	SAM: 0.069644
677 - farmland_22              . 	SCC: 0.300033, 	SAM: 0.047779
678 - farmland_228             . 	SCC: 0.267984, 	SAM: 0.062304
679 - farmland_23              . 	SCC: 0.253249, 	SAM: 0.063800
680 - farmland_231             . 	SCC: 0.166376, 	SAM: 0.038926
681 - farmland_244             . 	SCC: 0.201962, 	SAM: 0.038586
682 - farmland_25              . 	SCC: 0.310192, 	SAM: 0.055882
683 - farmland_260             . 	SCC: 0.296938, 	SAM: 0.057912
684 - farmland_261             . 	SCC: 0.344112, 	SAM: 0.055566
685 - farmland_269             . 	SCC: 0.260162, 	SAM: 0.041241
686 - farmland_272             . 	SCC: 0.224697, 	SAM: 0.068056
687 - farmland_284             . 	SCC: 0.110245, 	SAM: 0.044217
688 - farmland_285             . 	SCC: 0.198270, 	SAM: 0.043591
689 - farmland_29              . 	SCC: 0.257144, 	SAM: 0.091142
690 - farmland_298             . 	SCC: 0.204539, 	SAM: 0.032463
691 - farmland_299             . 	SCC: 0.238173, 	SAM: 0.024224
692 - farmland_302             . 	SCC: 0.190575, 	SAM: 0.020993
693 - farmland_304             . 	SCC: 0.243547, 	SAM: 0.055065
694 - farmland_308             . 	SCC: 0.121814, 	SAM: 0.174192
695 - farmland_314             . 	SCC: 0.258046, 	SAM: 0.142766
696 - farmland_317             . 	SCC: 0.180372, 	SAM: 0.086707
697 - farmland_334             . 	SCC: 0.174352, 	SAM: 0.045846
698 - farmland_344             . 	SCC: 0.191251, 	SAM: 0.070823
699 - farmland_346             . 	SCC: 0.207758, 	SAM: 0.072523
700 - farmland_347             . 	SCC: 0.198936, 	SAM: 0.063618
701 - farmland_351             . 	SCC: 0.141325, 	SAM: 0.161772
702 - farmland_364             . 	SCC: 0.192313, 	SAM: 0.047099
703 - farmland_368             . 	SCC: 0.195469, 	SAM: 0.061122
704 - farmland_37              . 	SCC: 0.314035, 	SAM: 0.035908
705 - farmland_49              . 	SCC: 0.251282, 	SAM: 0.045846
706 - farmland_53              . 	SCC: 0.283484, 	SAM: 0.040439
707 - farmland_58              . 	SCC: 0.233604, 	SAM: 0.064587
708 - farmland_62              . 	SCC: 0.298425, 	SAM: 0.026081
709 - farmland_68              . 	SCC: 0.293026, 	SAM: 0.032283
710 - farmland_72              . 	SCC: 0.289605, 	SAM: 0.028102
711 - farmland_73              . 	SCC: 0.267755, 	SAM: 0.037005
712 - farmland_83              . 	SCC: 0.248561, 	SAM: 0.043320
713 - farmland_94              . 	SCC: 0.194901, 	SAM: 0.098121
714 - farmland_96              . 	SCC: 0.244071, 	SAM: 0.047439
715 - farmland_98              . 	SCC: 0.254848, 	SAM: 0.035427
716 - farmland_99              . 	SCC: 0.294452, 	SAM: 0.025901
717 - forest_102               . 	SCC: 0.301837, 	SAM: 0.203582
718 - forest_116               . 	SCC: 0.352923, 	SAM: 0.172851
719 - forest_117               . 	SCC: 0.482465, 	SAM: 0.078587
720 - forest_119               . 	SCC: 0.484010, 	SAM: 0.086449
721 - forest_12                . 	SCC: 0.333852, 	SAM: 0.122086
722 - forest_122               . 	SCC: 0.248574, 	SAM: 0.222047
723 - forest_125               . 	SCC: 0.428606, 	SAM: 0.090596
724 - forest_126               . 	SCC: 0.242928, 	SAM: 0.210761
725 - forest_129               . 	SCC: 0.404994, 	SAM: 0.104018
726 - forest_137               . 	SCC: 0.155808, 	SAM: 0.249562
727 - forest_14                . 	SCC: 0.331092, 	SAM: 0.123616
728 - forest_140               . 	SCC: 0.271076, 	SAM: 0.217802
729 - forest_141               . 	SCC: 0.287389, 	SAM: 0.193324
730 - forest_143               . 	SCC: 0.259632, 	SAM: 0.235580
731 - forest_147               . 	SCC: 0.302743, 	SAM: 0.178923
732 - forest_148               . 	SCC: 0.364504, 	SAM: 0.186862
733 - forest_158               . 	SCC: 0.149972, 	SAM: 0.300203
734 - forest_173               . 	SCC: 0.196834, 	SAM: 0.249649
735 - forest_175               . 	SCC: 0.184203, 	SAM: 0.164691
736 - forest_182               . 	SCC: 0.324116, 	SAM: 0.127154
737 - forest_186               . 	SCC: 0.190660, 	SAM: 0.148980
738 - forest_188               . 	SCC: 0.179633, 	SAM: 0.152250
739 - forest_19                . 	SCC: 0.357758, 	SAM: 0.102178
740 - forest_194               . 	SCC: 0.157660, 	SAM: 0.233059
741 - forest_199               . 	SCC: 0.323179, 	SAM: 0.140496
742 - forest_205               . 	SCC: 0.207349, 	SAM: 0.188024
743 - forest_207               . 	SCC: 0.158219, 	SAM: 0.244262
744 - forest_215               . 	SCC: 0.180661, 	SAM: 0.187818
745 - forest_22                . 	SCC: 0.191708, 	SAM: 0.307272
746 - forest_235               . 	SCC: 0.387743, 	SAM: 0.125212
747 - forest_24                . 	SCC: 0.254152, 	SAM: 0.156877
748 - forest_240               . 	SCC: 0.147353, 	SAM: 0.268349
749 - forest_28                . 	SCC: 0.396314, 	SAM: 0.098434
750 - forest_29                . 	SCC: 0.261445, 	SAM: 0.212327
751 - forest_35                . 	SCC: 0.361785, 	SAM: 0.080137
752 - forest_36                . 	SCC: 0.416296, 	SAM: 0.061308
753 - forest_37                . 	SCC: 0.311858, 	SAM: 0.076425
754 - forest_4                 . 	SCC: 0.134552, 	SAM: 0.355376
755 - forest_43                . 	SCC: 0.331472, 	SAM: 0.117797
756 - forest_47                . 	SCC: 0.453270, 	SAM: 0.127881
757 - forest_54                . 	SCC: 0.392306, 	SAM: 0.094950
758 - forest_59                . 	SCC: 0.190114, 	SAM: 0.213903
759 - forest_62                . 	SCC: 0.358870, 	SAM: 0.089382
760 - forest_67                . 	SCC: 0.255029, 	SAM: 0.134422
761 - forest_72                . 	SCC: 0.373099, 	SAM: 0.092242
762 - forest_74                . 	SCC: 0.455742, 	SAM: 0.075094
763 - forest_80                . 	SCC: 0.361280, 	SAM: 0.094689
764 - forest_86                . 	SCC: 0.232559, 	SAM: 0.262345
765 - forest_98                . 	SCC: 0.522182, 	SAM: 0.088262
766 - forest_99                . 	SCC: 0.410842, 	SAM: 0.105593
767 - industrial_1             . 	SCC: 0.361711, 	SAM: 0.053645
768 - industrial_10            . 	SCC: 0.416242, 	SAM: 0.046662
769 - industrial_100           . 	SCC: 0.499285, 	SAM: 0.039421
770 - industrial_106           . 	SCC: 0.446539, 	SAM: 0.068511
771 - industrial_108           . 	SCC: 0.284866, 	SAM: 0.122398
772 - industrial_114           . 	SCC: 0.339483, 	SAM: 0.157868
773 - industrial_121           . 	SCC: 0.312474, 	SAM: 0.167006
774 - industrial_122           . 	SCC: 0.411974, 	SAM: 0.068926
775 - industrial_140           . 	SCC: 0.326420, 	SAM: 0.144456
776 - industrial_148           . 	SCC: 0.336760, 	SAM: 0.127836
777 - industrial_163           . 	SCC: 0.243038, 	SAM: 0.134012
778 - industrial_168           . 	SCC: 0.257711, 	SAM: 0.114428
779 - industrial_17            . 	SCC: 0.344165, 	SAM: 0.054108
780 - industrial_175           . 	SCC: 0.296633, 	SAM: 0.111150
781 - industrial_184           . 	SCC: 0.289302, 	SAM: 0.128197
782 - industrial_189           . 	SCC: 0.348123, 	SAM: 0.059109
783 - industrial_196           . 	SCC: 0.366615, 	SAM: 0.122210
784 - industrial_20            . 	SCC: 0.312031, 	SAM: 0.086435
785 - industrial_204           . 	SCC: 0.454481, 	SAM: 0.064924
786 - industrial_206           . 	SCC: 0.349058, 	SAM: 0.088855
787 - industrial_211           . 	SCC: 0.430270, 	SAM: 0.122927
788 - industrial_215           . 	SCC: 0.395454, 	SAM: 0.138024
789 - industrial_221           . 	SCC: 0.359508, 	SAM: 0.028930
790 - industrial_227           . 	SCC: 0.338172, 	SAM: 0.114765
791 - industrial_229           . 	SCC: 0.270971, 	SAM: 0.126110
792 - industrial_237           . 	SCC: 0.472238, 	SAM: 0.035950
793 - industrial_245           . 	SCC: 0.440973, 	SAM: 0.056154
794 - industrial_248           . 	SCC: 0.392039, 	SAM: 0.062010
795 - industrial_249           . 	SCC: 0.304357, 	SAM: 0.093278
796 - industrial_256           . 	SCC: 0.311168, 	SAM: 0.075217
797 - industrial_257           . 	SCC: 0.387182, 	SAM: 0.065517
798 - industrial_259           . 	SCC: 0.311654, 	SAM: 0.137017
799 - industrial_26            . 	SCC: 0.367422, 	SAM: 0.072176
800 - industrial_269           . 	SCC: 0.323107, 	SAM: 0.092793
801 - industrial_271           . 	SCC: 0.236257, 	SAM: 0.195996
802 - industrial_280           . 	SCC: 0.363770, 	SAM: 0.039738
803 - industrial_282           . 	SCC: 0.395530, 	SAM: 0.041697
804 - industrial_284           . 	SCC: 0.276320, 	SAM: 0.129646
805 - industrial_286           . 	SCC: 0.367548, 	SAM: 0.143598
806 - industrial_287           . 	SCC: 0.338005, 	SAM: 0.050670
807 - industrial_290           . 	SCC: 0.353343, 	SAM: 0.023422
808 - industrial_293           . 	SCC: 0.291035, 	SAM: 0.123769
809 - industrial_298           . 	SCC: 0.261756, 	SAM: 0.134440
810 - industrial_299           . 	SCC: 0.375279, 	SAM: 0.030950
811 - industrial_3             . 	SCC: 0.361366, 	SAM: 0.066917
812 - industrial_306           . 	SCC: 0.296990, 	SAM: 0.108638
813 - industrial_309           . 	SCC: 0.293189, 	SAM: 0.106043
814 - industrial_321           . 	SCC: 0.461003, 	SAM: 0.066010
815 - industrial_329           . 	SCC: 0.398859, 	SAM: 0.171565
816 - industrial_33            . 	SCC: 0.386575, 	SAM: 0.041786
817 - industrial_332           . 	SCC: 0.339509, 	SAM: 0.127092
818 - industrial_335           . 	SCC: 0.369438, 	SAM: 0.129031
819 - industrial_346           . 	SCC: 0.361072, 	SAM: 0.148858
820 - industrial_347           . 	SCC: 0.356199, 	SAM: 0.126574
821 - industrial_349           . 	SCC: 0.330963, 	SAM: 0.118134
822 - industrial_350           . 	SCC: 0.348732, 	SAM: 0.132903
823 - industrial_353           . 	SCC: 0.358305, 	SAM: 0.083181
824 - industrial_357           . 	SCC: 0.347721, 	SAM: 0.137083
825 - industrial_359           . 	SCC: 0.372818, 	SAM: 0.093668
826 - industrial_36            . 	SCC: 0.364656, 	SAM: 0.027626
827 - industrial_361           . 	SCC: 0.461679, 	SAM: 0.104887
828 - industrial_363           . 	SCC: 0.383084, 	SAM: 0.096333
829 - industrial_364           . 	SCC: 0.351638, 	SAM: 0.123003
830 - industrial_376           . 	SCC: 0.349856, 	SAM: 0.174966
831 - industrial_380           . 	SCC: 0.334801, 	SAM: 0.137046
832 - industrial_384           . 	SCC: 0.330916, 	SAM: 0.118379
833 - industrial_387           . 	SCC: 0.285882, 	SAM: 0.166223
834 - industrial_388           . 	SCC: 0.440094, 	SAM: 0.128794
835 - industrial_43            . 	SCC: 0.315550, 	SAM: 0.158509
836 - industrial_50            . 	SCC: 0.406204, 	SAM: 0.059037
837 - industrial_56            . 	SCC: 0.322734, 	SAM: 0.103809
838 - industrial_59            . 	SCC: 0.378145, 	SAM: 0.072795
839 - industrial_69            . 	SCC: 0.349654, 	SAM: 0.090627
840 - industrial_71            . 	SCC: 0.349619, 	SAM: 0.074432
841 - industrial_76            . 	SCC: 0.371615, 	SAM: 0.098576
842 - industrial_84            . 	SCC: 0.365568, 	SAM: 0.062630
843 - industrial_88            . 	SCC: 0.299208, 	SAM: 0.097128
844 - industrial_93            . 	SCC: 0.383522, 	SAM: 0.079148
845 - meadow_109               . 	SCC: 0.303330, 	SAM: 0.031203
846 - meadow_11                . 	SCC: 0.136460, 	SAM: 0.065269
847 - meadow_111               . 	SCC: 0.270646, 	SAM: 0.036840
848 - meadow_113               . 	SCC: 0.279979, 	SAM: 0.035814
849 - meadow_118               . 	SCC: 0.222418, 	SAM: 0.051692
850 - meadow_13                . 	SCC: 0.150371, 	SAM: 0.105894
851 - meadow_130               . 	SCC: 0.181947, 	SAM: 0.143044
852 - meadow_131               . 	SCC: 0.135778, 	SAM: 0.175355
853 - meadow_145               . 	SCC: 0.168727, 	SAM: 0.159000
854 - meadow_147               . 	SCC: 0.267820, 	SAM: 0.068084
855 - meadow_154               . 	SCC: 0.172506, 	SAM: 0.122972
856 - meadow_155               . 	SCC: 0.094687, 	SAM: 0.091345
857 - meadow_158               . 	SCC: 0.211119, 	SAM: 0.091754
858 - meadow_165               . 	SCC: 0.154536, 	SAM: 0.048274
859 - meadow_17                . 	SCC: 0.069981, 	SAM: 0.149087
860 - meadow_172               . 	SCC: 0.187141, 	SAM: 0.067983
861 - meadow_173               . 	SCC: 0.265251, 	SAM: 0.054479
862 - meadow_176               . 	SCC: 0.129910, 	SAM: 0.094601
863 - meadow_177               . 	SCC: 0.198463, 	SAM: 0.043891
864 - meadow_187               . 	SCC: 0.102665, 	SAM: 0.066164
865 - meadow_192               . 	SCC: 0.163737, 	SAM: 0.085292
866 - meadow_193               . 	SCC: 0.261138, 	SAM: 0.067772
867 - meadow_197               . 	SCC: 0.257791, 	SAM: 0.054738
868 - meadow_201               . 	SCC: 0.191615, 	SAM: 0.038957
869 - meadow_21                . 	SCC: 0.105301, 	SAM: 0.160948
870 - meadow_213               . 	SCC: 0.266338, 	SAM: 0.076504
871 - meadow_222               . 	SCC: 0.243548, 	SAM: 0.025374
872 - meadow_227               . 	SCC: 0.159019, 	SAM: 0.048580
873 - meadow_239               . 	SCC: 0.316464, 	SAM: 0.065332
874 - meadow_245               . 	SCC: 0.313669, 	SAM: 0.052570
875 - meadow_250               . 	SCC: 0.147205, 	SAM: 0.092500
876 - meadow_252               . 	SCC: 0.289399, 	SAM: 0.065382
877 - meadow_255               . 	SCC: 0.373858, 	SAM: 0.051923
878 - meadow_256               . 	SCC: 0.243011, 	SAM: 0.055738
879 - meadow_257               . 	SCC: 0.192085, 	SAM: 0.100850
880 - meadow_262               . 	SCC: 0.226378, 	SAM: 0.116023
881 - meadow_264               . 	SCC: 0.140266, 	SAM: 0.181154
882 - meadow_273               . 	SCC: 0.280934, 	SAM: 0.100703
883 - meadow_275               . 	SCC: 0.137037, 	SAM: 0.140270
884 - meadow_276               . 	SCC: 0.163523, 	SAM: 0.195014
885 - meadow_30                . 	SCC: 0.229144, 	SAM: 0.055178
886 - meadow_43                . 	SCC: 0.095204, 	SAM: 0.089551
887 - meadow_44                . 	SCC: 0.084383, 	SAM: 0.077522
888 - meadow_48                . 	SCC: 0.135369, 	SAM: 0.105234
889 - meadow_49                . 	SCC: 0.226203, 	SAM: 0.075614
890 - meadow_5                 . 	SCC: 0.160444, 	SAM: 0.116424
891 - meadow_60                . 	SCC: 0.245054, 	SAM: 0.069294
892 - meadow_68                . 	SCC: 0.168518, 	SAM: 0.073772
893 - meadow_72                . 	SCC: 0.180207, 	SAM: 0.063838
894 - meadow_75                . 	SCC: 0.153746, 	SAM: 0.071875
895 - meadow_79                . 	SCC: 0.138477, 	SAM: 0.070417
896 - meadow_80                . 	SCC: 0.149359, 	SAM: 0.078507
897 - meadow_88                . 	SCC: 0.121291, 	SAM: 0.081156
898 - meadow_92                . 	SCC: 0.223384, 	SAM: 0.086814
899 - meadow_97                . 	SCC: 0.132169, 	SAM: 0.104243
900 - meadow_98                . 	SCC: 0.271484, 	SAM: 0.048688
901 - mediumresidential_100    . 	SCC: 0.299374, 	SAM: 0.173439
902 - mediumresidential_113    . 	SCC: 0.419477, 	SAM: 0.055849
903 - mediumresidential_116    . 	SCC: 0.367590, 	SAM: 0.045605
904 - mediumresidential_117    . 	SCC: 0.346881, 	SAM: 0.069802
905 - mediumresidential_118    . 	SCC: 0.316727, 	SAM: 0.072392
906 - mediumresidential_120    . 	SCC: 0.410023, 	SAM: 0.043865
907 - mediumresidential_122    . 	SCC: 0.418890, 	SAM: 0.045277
908 - mediumresidential_123    . 	SCC: 0.343818, 	SAM: 0.043673
909 - mediumresidential_124    . 	SCC: 0.384852, 	SAM: 0.038681
910 - mediumresidential_13     . 	SCC: 0.275637, 	SAM: 0.018396
911 - mediumresidential_131    . 	SCC: 0.292944, 	SAM: 0.148075
912 - mediumresidential_132    . 	SCC: 0.359735, 	SAM: 0.168610
913 - mediumresidential_147    . 	SCC: 0.268406, 	SAM: 0.188906
914 - mediumresidential_148    . 	SCC: 0.258859, 	SAM: 0.190777
915 - mediumresidential_15     . 	SCC: 0.296253, 	SAM: 0.028248
916 - mediumresidential_161    . 	SCC: 0.328380, 	SAM: 0.163475
917 - mediumresidential_166    . 	SCC: 0.311380, 	SAM: 0.189219
918 - mediumresidential_178    . 	SCC: 0.299811, 	SAM: 0.205945
919 - mediumresidential_188    . 	SCC: 0.223507, 	SAM: 0.146270
920 - mediumresidential_189    . 	SCC: 0.299520, 	SAM: 0.167820
921 - mediumresidential_190    . 	SCC: 0.344128, 	SAM: 0.191449
922 - mediumresidential_192    . 	SCC: 0.217190, 	SAM: 0.169612
923 - mediumresidential_197    . 	SCC: 0.275740, 	SAM: 0.154888
924 - mediumresidential_21     . 	SCC: 0.171734, 	SAM: 0.017892
925 - mediumresidential_212    . 	SCC: 0.248106, 	SAM: 0.134585
926 - mediumresidential_220    . 	SCC: 0.297050, 	SAM: 0.141300
927 - mediumresidential_222    . 	SCC: 0.302757, 	SAM: 0.135741
928 - mediumresidential_223    . 	SCC: 0.256113, 	SAM: 0.168346
929 - mediumresidential_229    . 	SCC: 0.302789, 	SAM: 0.109300
930 - mediumresidential_232    . 	SCC: 0.228479, 	SAM: 0.190466
931 - mediumresidential_236    . 	SCC: 0.213080, 	SAM: 0.129667
932 - mediumresidential_237    . 	SCC: 0.243897, 	SAM: 0.148406
933 - mediumresidential_250    . 	SCC: 0.275951, 	SAM: 0.093293
934 - mediumresidential_259    . 	SCC: 0.278633, 	SAM: 0.146159
935 - mediumresidential_262    . 	SCC: 0.275342, 	SAM: 0.156367
936 - mediumresidential_264    . 	SCC: 0.310731, 	SAM: 0.167869
937 - mediumresidential_266    . 	SCC: 0.317818, 	SAM: 0.132860
938 - mediumresidential_267    . 	SCC: 0.323953, 	SAM: 0.138527
939 - mediumresidential_27     . 	SCC: 0.304950, 	SAM: 0.031370
940 - mediumresidential_278    . 	SCC: 0.230460, 	SAM: 0.146764
941 - mediumresidential_28     . 	SCC: 0.271123, 	SAM: 0.025318
942 - mediumresidential_32     . 	SCC: 0.256705, 	SAM: 0.018248
943 - mediumresidential_42     . 	SCC: 0.369881, 	SAM: 0.168436
944 - mediumresidential_48     . 	SCC: 0.397787, 	SAM: 0.149638
945 - mediumresidential_49     . 	SCC: 0.379435, 	SAM: 0.148256
946 - mediumresidential_5      . 	SCC: 0.348219, 	SAM: 0.044165
947 - mediumresidential_53     . 	SCC: 0.366596, 	SAM: 0.183397
948 - mediumresidential_56     . 	SCC: 0.364866, 	SAM: 0.164655
949 - mediumresidential_57     . 	SCC: 0.288843, 	SAM: 0.217118
950 - mediumresidential_59     . 	SCC: 0.321393, 	SAM: 0.201415
951 - mediumresidential_6      . 	SCC: 0.342572, 	SAM: 0.047269
952 - mediumresidential_66     . 	SCC: 0.283981, 	SAM: 0.224302
953 - mediumresidential_69     . 	SCC: 0.267385, 	SAM: 0.244997
954 - mediumresidential_76     . 	SCC: 0.363463, 	SAM: 0.183134
955 - mediumresidential_79     . 	SCC: 0.389988, 	SAM: 0.182756
956 - mediumresidential_81     . 	SCC: 0.282582, 	SAM: 0.209177
957 - mediumresidential_82     . 	SCC: 0.376592, 	SAM: 0.191494
958 - mediumresidential_96     . 	SCC: 0.394546, 	SAM: 0.179791
959 - mountain_100             . 	SCC: 0.291044, 	SAM: 0.073396
960 - mountain_101             . 	SCC: 0.234517, 	SAM: 0.071973
961 - mountain_103             . 	SCC: 0.190077, 	SAM: 0.064332
962 - mountain_109             . 	SCC: 0.229258, 	SAM: 0.115563
963 - mountain_110             . 	SCC: 0.229878, 	SAM: 0.104295
964 - mountain_112             . 	SCC: 0.222376, 	SAM: 0.103496
965 - mountain_120             . 	SCC: 0.313051, 	SAM: 0.057832
966 - mountain_121             . 	SCC: 0.316665, 	SAM: 0.086336
967 - mountain_129             . 	SCC: 0.237776, 	SAM: 0.096387
968 - mountain_15              . 	SCC: 0.225892, 	SAM: 0.101269
969 - mountain_151             . 	SCC: 0.271984, 	SAM: 0.095882
970 - mountain_159             . 	SCC: 0.303973, 	SAM: 0.095958
971 - mountain_17              . 	SCC: 0.241799, 	SAM: 0.235322
972 - mountain_174             . 	SCC: 0.290788, 	SAM: 0.041473
973 - mountain_176             . 	SCC: 0.329617, 	SAM: 0.076838
974 - mountain_187             . 	SCC: 0.250428, 	SAM: 0.095176
975 - mountain_191             . 	SCC: 0.224011, 	SAM: 0.118192
976 - mountain_193             . 	SCC: 0.240756, 	SAM: 0.113648
977 - mountain_194             . 	SCC: 0.304807, 	SAM: 0.088468
978 - mountain_196             . 	SCC: 0.301198, 	SAM: 0.088085
979 - mountain_197             . 	SCC: 0.328258, 	SAM: 0.088052
980 - mountain_198             . 	SCC: 0.334971, 	SAM: 0.080841
981 - mountain_199             . 	SCC: 0.258396, 	SAM: 0.130005
982 - mountain_202             . 	SCC: 0.281211, 	SAM: 0.085102
983 - mountain_210             . 	SCC: 0.272569, 	SAM: 0.065233
984 - mountain_215             . 	SCC: 0.282932, 	SAM: 0.069106
985 - mountain_216             . 	SCC: 0.300715, 	SAM: 0.056557
986 - mountain_231             . 	SCC: 0.250103, 	SAM: 0.065412
987 - mountain_237             . 	SCC: 0.220565, 	SAM: 0.093262
988 - mountain_243             . 	SCC: 0.314154, 	SAM: 0.092090
989 - mountain_249             . 	SCC: 0.262555, 	SAM: 0.097327
990 - mountain_25              . 	SCC: 0.194608, 	SAM: 0.246250
991 - mountain_260             . 	SCC: 0.286486, 	SAM: 0.090507
992 - mountain_262             . 	SCC: 0.253682, 	SAM: 0.078166
993 - mountain_264             . 	SCC: 0.209349, 	SAM: 0.094522
994 - mountain_267             . 	SCC: 0.242151, 	SAM: 0.109912
995 - mountain_275             . 	SCC: 0.251793, 	SAM: 0.096615
996 - mountain_276             . 	SCC: 0.234624, 	SAM: 0.074562
997 - mountain_284             . 	SCC: 0.263152, 	SAM: 0.074400
998 - mountain_291             . 	SCC: 0.234144, 	SAM: 0.114920
999 - mountain_294             . 	SCC: 0.250098, 	SAM: 0.137192
1000 - mountain_297             . 	SCC: 0.211096, 	SAM: 0.180946
1001 - mountain_3               . 	SCC: 0.199542, 	SAM: 0.175982
1002 - mountain_303             . 	SCC: 0.240471, 	SAM: 0.125719
1003 - mountain_304             . 	SCC: 0.319807, 	SAM: 0.046936
1004 - mountain_306             . 	SCC: 0.245713, 	SAM: 0.093108
1005 - mountain_309             . 	SCC: 0.264735, 	SAM: 0.115349
1006 - mountain_310             . 	SCC: 0.242906, 	SAM: 0.126953
1007 - mountain_315             . 	SCC: 0.264944, 	SAM: 0.105576
1008 - mountain_316             . 	SCC: 0.281407, 	SAM: 0.116078
1009 - mountain_318             . 	SCC: 0.261888, 	SAM: 0.110639
1010 - mountain_324             . 	SCC: 0.233898, 	SAM: 0.119553
1011 - mountain_329             . 	SCC: 0.345870, 	SAM: 0.068553
1012 - mountain_330             . 	SCC: 0.233439, 	SAM: 0.047428
1013 - mountain_338             . 	SCC: 0.261453, 	SAM: 0.069057
1014 - mountain_35              . 	SCC: 0.269959, 	SAM: 0.071099
1015 - mountain_39              . 	SCC: 0.242168, 	SAM: 0.115160
1016 - mountain_41              . 	SCC: 0.236249, 	SAM: 0.075501
1017 - mountain_43              . 	SCC: 0.272728, 	SAM: 0.069697
1018 - mountain_44              . 	SCC: 0.232964, 	SAM: 0.136210
1019 - mountain_5               . 	SCC: 0.262920, 	SAM: 0.194907
1020 - mountain_50              . 	SCC: 0.233459, 	SAM: 0.168179
1021 - mountain_57              . 	SCC: 0.294480, 	SAM: 0.138052
1022 - mountain_64              . 	SCC: 0.274037, 	SAM: 0.068918
1023 - mountain_70              . 	SCC: 0.268403, 	SAM: 0.097682
1024 - mountain_71              . 	SCC: 0.297063, 	SAM: 0.066540
1025 - mountain_78              . 	SCC: 0.241033, 	SAM: 0.098979
1026 - mountain_86              . 	SCC: 0.265483, 	SAM: 0.082036
1027 - park_101                 . 	SCC: 0.265993, 	SAM: 0.131308
1028 - park_110                 . 	SCC: 0.265221, 	SAM: 0.176940
1029 - park_111                 . 	SCC: 0.293221, 	SAM: 0.167138
1030 - park_114                 . 	SCC: 0.256398, 	SAM: 0.247133
1031 - park_117                 . 	SCC: 0.316232, 	SAM: 0.153519
1032 - park_121                 . 	SCC: 0.321082, 	SAM: 0.116667
1033 - park_123                 . 	SCC: 0.276609, 	SAM: 0.117979
1034 - park_125                 . 	SCC: 0.311508, 	SAM: 0.114414
1035 - park_13                  . 	SCC: 0.284723, 	SAM: 0.100151
1036 - park_130                 . 	SCC: 0.235788, 	SAM: 0.177804
1037 - park_133                 . 	SCC: 0.291613, 	SAM: 0.128576
1038 - park_137                 . 	SCC: 0.432266, 	SAM: 0.091352
1039 - park_145                 . 	SCC: 0.255672, 	SAM: 0.117313
1040 - park_15                  . 	SCC: 0.361706, 	SAM: 0.068017
1041 - park_155                 . 	SCC: 0.239761, 	SAM: 0.135755
1042 - park_157                 . 	SCC: 0.286417, 	SAM: 0.139372
1043 - park_163                 . 	SCC: 0.399816, 	SAM: 0.072051
1044 - park_17                  . 	SCC: 0.296041, 	SAM: 0.075534
1045 - park_176                 . 	SCC: 0.282291, 	SAM: 0.101749
1046 - park_177                 . 	SCC: 0.397294, 	SAM: 0.071270
1047 - park_178                 . 	SCC: 0.367437, 	SAM: 0.047054
1048 - park_18                  . 	SCC: 0.309710, 	SAM: 0.087577
1049 - park_188                 . 	SCC: 0.403028, 	SAM: 0.079266
1050 - park_199                 . 	SCC: 0.299784, 	SAM: 0.098897
1051 - park_200                 . 	SCC: 0.287741, 	SAM: 0.081984
1052 - park_205                 . 	SCC: 0.307348, 	SAM: 0.067362
1053 - park_208                 . 	SCC: 0.246399, 	SAM: 0.077563
1054 - park_211                 . 	SCC: 0.358279, 	SAM: 0.112176
1055 - park_219                 . 	SCC: 0.295053, 	SAM: 0.088982
1056 - park_228                 . 	SCC: 0.331348, 	SAM: 0.076365
1057 - park_235                 . 	SCC: 0.222364, 	SAM: 0.078367
1058 - park_236                 . 	SCC: 0.315651, 	SAM: 0.057782
1059 - park_243                 . 	SCC: 0.292862, 	SAM: 0.100645
1060 - park_248                 . 	SCC: 0.348411, 	SAM: 0.096307
1061 - park_252                 . 	SCC: 0.299832, 	SAM: 0.076653
1062 - park_259                 . 	SCC: 0.327949, 	SAM: 0.083565
1063 - park_26                  . 	SCC: 0.336176, 	SAM: 0.085746
1064 - park_264                 . 	SCC: 0.233267, 	SAM: 0.123146
1065 - park_277                 . 	SCC: 0.323652, 	SAM: 0.092062
1066 - park_281                 . 	SCC: 0.319706, 	SAM: 0.069004
1067 - park_282                 . 	SCC: 0.221096, 	SAM: 0.054954
1068 - park_285                 . 	SCC: 0.335396, 	SAM: 0.074838
1069 - park_291                 . 	SCC: 0.341956, 	SAM: 0.068371
1070 - park_298                 . 	SCC: 0.277258, 	SAM: 0.097019
1071 - park_302                 . 	SCC: 0.269711, 	SAM: 0.075184
1072 - park_304                 . 	SCC: 0.333633, 	SAM: 0.054044
1073 - park_321                 . 	SCC: 0.321129, 	SAM: 0.173412
1074 - park_324                 . 	SCC: 0.252969, 	SAM: 0.161323
1075 - park_328                 . 	SCC: 0.295904, 	SAM: 0.113252
1076 - park_329                 . 	SCC: 0.401904, 	SAM: 0.121662
1077 - park_343                 . 	SCC: 0.291483, 	SAM: 0.111562
1078 - park_344                 . 	SCC: 0.326774, 	SAM: 0.133999
1079 - park_346                 . 	SCC: 0.305502, 	SAM: 0.125220
1080 - park_349                 . 	SCC: 0.354714, 	SAM: 0.053436
1081 - park_36                  . 	SCC: 0.270661, 	SAM: 0.112653
1082 - park_39                  . 	SCC: 0.374413, 	SAM: 0.099567
1083 - park_43                  . 	SCC: 0.355080, 	SAM: 0.080930
1084 - park_51                  . 	SCC: 0.308160, 	SAM: 0.158539
1085 - park_59                  . 	SCC: 0.277814, 	SAM: 0.185908
1086 - park_60                  . 	SCC: 0.268798, 	SAM: 0.176131
1087 - park_66                  . 	SCC: 0.283387, 	SAM: 0.170084
1088 - park_69                  . 	SCC: 0.291285, 	SAM: 0.132358
1089 - park_70                  . 	SCC: 0.311744, 	SAM: 0.110453
1090 - park_72                  . 	SCC: 0.240971, 	SAM: 0.197449
1091 - park_74                  . 	SCC: 0.235660, 	SAM: 0.111859
1092 - park_77                  . 	SCC: 0.290870, 	SAM: 0.138318
1093 - park_81                  . 	SCC: 0.312714, 	SAM: 0.091226
1094 - park_85                  . 	SCC: 0.389513, 	SAM: 0.086718
1095 - park_95                  . 	SCC: 0.320243, 	SAM: 0.140432
1096 - park_97                  . 	SCC: 0.247535, 	SAM: 0.098603
1097 - parking_1                . 	SCC: 0.370988, 	SAM: 0.073564
1098 - parking_101              . 	SCC: 0.420144, 	SAM: 0.110891
1099 - parking_102              . 	SCC: 0.386115, 	SAM: 0.095868
1100 - parking_105              . 	SCC: 0.438455, 	SAM: 0.178156
1101 - parking_112              . 	SCC: 0.410243, 	SAM: 0.163838
1102 - parking_115              . 	SCC: 0.416758, 	SAM: 0.149865
1103 - parking_120              . 	SCC: 0.416995, 	SAM: 0.132935
1104 - parking_124              . 	SCC: 0.460087, 	SAM: 0.102011
1105 - parking_126              . 	SCC: 0.430494, 	SAM: 0.167042
1106 - parking_129              . 	SCC: 0.381614, 	SAM: 0.138201
1107 - parking_132              . 	SCC: 0.405257, 	SAM: 0.110840
1108 - parking_133              . 	SCC: 0.429736, 	SAM: 0.104082
1109 - parking_147              . 	SCC: 0.443405, 	SAM: 0.102396
1110 - parking_148              . 	SCC: 0.440717, 	SAM: 0.150208
1111 - parking_149              . 	SCC: 0.445016, 	SAM: 0.136560
1112 - parking_150              . 	SCC: 0.439662, 	SAM: 0.107977
1113 - parking_163              . 	SCC: 0.426026, 	SAM: 0.145936
1114 - parking_168              . 	SCC: 0.467310, 	SAM: 0.050327
1115 - parking_179              . 	SCC: 0.490352, 	SAM: 0.092866
1116 - parking_184              . 	SCC: 0.419735, 	SAM: 0.037503
1117 - parking_187              . 	SCC: 0.454887, 	SAM: 0.081673
1118 - parking_188              . 	SCC: 0.375257, 	SAM: 0.082767
1119 - parking_198              . 	SCC: 0.402553, 	SAM: 0.081557
1120 - parking_200              . 	SCC: 0.381867, 	SAM: 0.067377
1121 - parking_204              . 	SCC: 0.366396, 	SAM: 0.058572
1122 - parking_209              . 	SCC: 0.398984, 	SAM: 0.164543
1123 - parking_210              . 	SCC: 0.382458, 	SAM: 0.110715
1124 - parking_212              . 	SCC: 0.298922, 	SAM: 0.141157
1125 - parking_213              . 	SCC: 0.261612, 	SAM: 0.121495
1126 - parking_220              . 	SCC: 0.361875, 	SAM: 0.066416
1127 - parking_224              . 	SCC: 0.490541, 	SAM: 0.093357
1128 - parking_225              . 	SCC: 0.387684, 	SAM: 0.048802
1129 - parking_226              . 	SCC: 0.422051, 	SAM: 0.071649
1130 - parking_238              . 	SCC: 0.358583, 	SAM: 0.215172
1131 - parking_25               . 	SCC: 0.433271, 	SAM: 0.085207
1132 - parking_250              . 	SCC: 0.447940, 	SAM: 0.047615
1133 - parking_254              . 	SCC: 0.428475, 	SAM: 0.035176
1134 - parking_255              . 	SCC: 0.479439, 	SAM: 0.095174
1135 - parking_257              . 	SCC: 0.422222, 	SAM: 0.117083
1136 - parking_263              . 	SCC: 0.288398, 	SAM: 0.243182
1137 - parking_273              . 	SCC: 0.331612, 	SAM: 0.102486
1138 - parking_278              . 	SCC: 0.504437, 	SAM: 0.128826
1139 - parking_287              . 	SCC: 0.427233, 	SAM: 0.148743
1140 - parking_289              . 	SCC: 0.439580, 	SAM: 0.150597
1141 - parking_290              . 	SCC: 0.454772, 	SAM: 0.119690
1142 - parking_30               . 	SCC: 0.447689, 	SAM: 0.157634
1143 - parking_301              . 	SCC: 0.452696, 	SAM: 0.076895
1144 - parking_308              . 	SCC: 0.444045, 	SAM: 0.112112
1145 - parking_318              . 	SCC: 0.398202, 	SAM: 0.080642
1146 - parking_323              . 	SCC: 0.481959, 	SAM: 0.054419
1147 - parking_330              . 	SCC: 0.473304, 	SAM: 0.075364
1148 - parking_331              . 	SCC: 0.440584, 	SAM: 0.060408
1149 - parking_333              . 	SCC: 0.272897, 	SAM: 0.164123
1150 - parking_345              . 	SCC: 0.382196, 	SAM: 0.160548
1151 - parking_346              . 	SCC: 0.367210, 	SAM: 0.133770
1152 - parking_347              . 	SCC: 0.426941, 	SAM: 0.152312
1153 - parking_349              . 	SCC: 0.372567, 	SAM: 0.116203
1154 - parking_352              . 	SCC: 0.382650, 	SAM: 0.156400
1155 - parking_363              . 	SCC: 0.402292, 	SAM: 0.159240
1156 - parking_366              . 	SCC: 0.425078, 	SAM: 0.130390
1157 - parking_367              . 	SCC: 0.382583, 	SAM: 0.215909
1158 - parking_369              . 	SCC: 0.387960, 	SAM: 0.165630
1159 - parking_370              . 	SCC: 0.365080, 	SAM: 0.164321
1160 - parking_371              . 	SCC: 0.411488, 	SAM: 0.137636
1161 - parking_374              . 	SCC: 0.384706, 	SAM: 0.226631
1162 - parking_381              . 	SCC: 0.381757, 	SAM: 0.177925
1163 - parking_384              . 	SCC: 0.395691, 	SAM: 0.142512
1164 - parking_53               . 	SCC: 0.432930, 	SAM: 0.085433
1165 - parking_55               . 	SCC: 0.432361, 	SAM: 0.095522
1166 - parking_68               . 	SCC: 0.438472, 	SAM: 0.155596
1167 - parking_69               . 	SCC: 0.439704, 	SAM: 0.115895
1168 - parking_72               . 	SCC: 0.474311, 	SAM: 0.158376
1169 - parking_82               . 	SCC: 0.432614, 	SAM: 0.115975
1170 - parking_84               . 	SCC: 0.356380, 	SAM: 0.230448
1171 - parking_90               . 	SCC: 0.461259, 	SAM: 0.094177
1172 - parking_92               . 	SCC: 0.454570, 	SAM: 0.089601
1173 - parking_93               . 	SCC: 0.418268, 	SAM: 0.087139
1174 - parking_99               . 	SCC: 0.432993, 	SAM: 0.098309
1175 - playground_10            . 	SCC: 0.313342, 	SAM: 0.035496
1176 - playground_109           . 	SCC: 0.452743, 	SAM: 0.093891
1177 - playground_112           . 	SCC: 0.362728, 	SAM: 0.085417
1178 - playground_117           . 	SCC: 0.385725, 	SAM: 0.079926
1179 - playground_118           . 	SCC: 0.383614, 	SAM: 0.033796
1180 - playground_120           . 	SCC: 0.290109, 	SAM: 0.076363
1181 - playground_129           . 	SCC: 0.373152, 	SAM: 0.076871
1182 - playground_136           . 	SCC: 0.459016, 	SAM: 0.086989
1183 - playground_139           . 	SCC: 0.402604, 	SAM: 0.030436
1184 - playground_140           . 	SCC: 0.391544, 	SAM: 0.069136
1185 - playground_141           . 	SCC: 0.440126, 	SAM: 0.086452
1186 - playground_146           . 	SCC: 0.382421, 	SAM: 0.075229
1187 - playground_149           . 	SCC: 0.343711, 	SAM: 0.155680
1188 - playground_150           . 	SCC: 0.352063, 	SAM: 0.073707
1189 - playground_152           . 	SCC: 0.427844, 	SAM: 0.088551
1190 - playground_157           . 	SCC: 0.262503, 	SAM: 0.095650
1191 - playground_164           . 	SCC: 0.263141, 	SAM: 0.156118
1192 - playground_174           . 	SCC: 0.208877, 	SAM: 0.166844
1193 - playground_175           . 	SCC: 0.328768, 	SAM: 0.104763
1194 - playground_180           . 	SCC: 0.423511, 	SAM: 0.039140
1195 - playground_183           . 	SCC: 0.245888, 	SAM: 0.089487
1196 - playground_186           . 	SCC: 0.350572, 	SAM: 0.090276
1197 - playground_192           . 	SCC: 0.190744, 	SAM: 0.181216
1198 - playground_195           . 	SCC: 0.210531, 	SAM: 0.154237
1199 - playground_196           . 	SCC: 0.322589, 	SAM: 0.177262
1200 - playground_20            . 	SCC: 0.288903, 	SAM: 0.021243
1201 - playground_200           . 	SCC: 0.298655, 	SAM: 0.209261
1202 - playground_201           . 	SCC: 0.241918, 	SAM: 0.114487
1203 - playground_202           . 	SCC: 0.296055, 	SAM: 0.154487
1204 - playground_207           . 	SCC: 0.427308, 	SAM: 0.071060
1205 - playground_208           . 	SCC: 0.336143, 	SAM: 0.067664
1206 - playground_212           . 	SCC: 0.209035, 	SAM: 0.079714
1207 - playground_224           . 	SCC: 0.402943, 	SAM: 0.047310
1208 - playground_23            . 	SCC: 0.285646, 	SAM: 0.021218
1209 - playground_233           . 	SCC: 0.335248, 	SAM: 0.047805
1210 - playground_236           . 	SCC: 0.391191, 	SAM: 0.050184
1211 - playground_238           . 	SCC: 0.350808, 	SAM: 0.044001
1212 - playground_24            . 	SCC: 0.304890, 	SAM: 0.023716
1213 - playground_249           . 	SCC: 0.250016, 	SAM: 0.108007
1214 - playground_253           . 	SCC: 0.393490, 	SAM: 0.057397
1215 - playground_256           . 	SCC: 0.362938, 	SAM: 0.066992
1216 - playground_260           . 	SCC: 0.383666, 	SAM: 0.056793
1217 - playground_266           . 	SCC: 0.304791, 	SAM: 0.075257
1218 - playground_269           . 	SCC: 0.414480, 	SAM: 0.048263
1219 - playground_270           . 	SCC: 0.331692, 	SAM: 0.082538
1220 - playground_277           . 	SCC: 0.311877, 	SAM: 0.025957
1221 - playground_282           . 	SCC: 0.342364, 	SAM: 0.024754
1222 - playground_285           . 	SCC: 0.343719, 	SAM: 0.041480
1223 - playground_292           . 	SCC: 0.295947, 	SAM: 0.095968
1224 - playground_304           . 	SCC: 0.201366, 	SAM: 0.129113
1225 - playground_305           . 	SCC: 0.267054, 	SAM: 0.111768
1226 - playground_310           . 	SCC: 0.290677, 	SAM: 0.175125
1227 - playground_312           . 	SCC: 0.225430, 	SAM: 0.131726
1228 - playground_318           . 	SCC: 0.278978, 	SAM: 0.070586
1229 - playground_323           . 	SCC: 0.329501, 	SAM: 0.064524
1230 - playground_325           . 	SCC: 0.323151, 	SAM: 0.054372
1231 - playground_328           . 	SCC: 0.311439, 	SAM: 0.045459
1232 - playground_331           . 	SCC: 0.315239, 	SAM: 0.071626
1233 - playground_338           . 	SCC: 0.287351, 	SAM: 0.095197
1234 - playground_339           . 	SCC: 0.312317, 	SAM: 0.068624
1235 - playground_348           . 	SCC: 0.344107, 	SAM: 0.048078
1236 - playground_357           . 	SCC: 0.260274, 	SAM: 0.154991
1237 - playground_359           . 	SCC: 0.323017, 	SAM: 0.109802
1238 - playground_369           . 	SCC: 0.280571, 	SAM: 0.126061
1239 - playground_370           . 	SCC: 0.264477, 	SAM: 0.110839
1240 - playground_38            . 	SCC: 0.277116, 	SAM: 0.024462
1241 - playground_58            . 	SCC: 0.346806, 	SAM: 0.105255
1242 - playground_6             . 	SCC: 0.315675, 	SAM: 0.140793
1243 - playground_7             . 	SCC: 0.303880, 	SAM: 0.101878
1244 - playground_73            . 	SCC: 0.350311, 	SAM: 0.058983
1245 - playground_8             . 	SCC: 0.414761, 	SAM: 0.035196
1246 - playground_83            . 	SCC: 0.340226, 	SAM: 0.062048
1247 - playground_85            . 	SCC: 0.206948, 	SAM: 0.064000
1248 - playground_89            . 	SCC: 0.368895, 	SAM: 0.145725
1249 - pond_1                   . 	SCC: 0.226826, 	SAM: 0.083239
1250 - pond_115                 . 	SCC: 0.181277, 	SAM: 0.078299
1251 - pond_119                 . 	SCC: 0.197906, 	SAM: 0.086980
1252 - pond_131                 . 	SCC: 0.248904, 	SAM: 0.076254
1253 - pond_132                 . 	SCC: 0.164384, 	SAM: 0.083442
1254 - pond_134                 . 	SCC: 0.134621, 	SAM: 0.136736
1255 - pond_135                 . 	SCC: 0.184906, 	SAM: 0.150188
1256 - pond_136                 . 	SCC: 0.203750, 	SAM: 0.124494
1257 - pond_146                 . 	SCC: 0.208221, 	SAM: 0.141575
1258 - pond_15                  . 	SCC: 0.307206, 	SAM: 0.070412
1259 - pond_151                 . 	SCC: 0.192514, 	SAM: 0.124321
1260 - pond_152                 . 	SCC: 0.161594, 	SAM: 0.113396
1261 - pond_154                 . 	SCC: 0.167041, 	SAM: 0.164877
1262 - pond_165                 . 	SCC: 0.152984, 	SAM: 0.101801
1263 - pond_170                 . 	SCC: 0.202218, 	SAM: 0.059289
1264 - pond_172                 . 	SCC: 0.105262, 	SAM: 0.100599
1265 - pond_176                 . 	SCC: 0.144875, 	SAM: 0.045580
1266 - pond_178                 . 	SCC: 0.111829, 	SAM: 0.151705
1267 - pond_182                 . 	SCC: 0.164364, 	SAM: 0.072313
1268 - pond_192                 . 	SCC: 0.154201, 	SAM: 0.087278
1269 - pond_193                 . 	SCC: 0.172381, 	SAM: 0.077390
1270 - pond_196                 . 	SCC: 0.260129, 	SAM: 0.079602
1271 - pond_199                 . 	SCC: 0.210162, 	SAM: 0.100492
1272 - pond_20                  . 	SCC: 0.254676, 	SAM: 0.053672
1273 - pond_21                  . 	SCC: 0.233084, 	SAM: 0.044733
1274 - pond_210                 . 	SCC: 0.259034, 	SAM: 0.123948
1275 - pond_211                 . 	SCC: 0.282231, 	SAM: 0.154401
1276 - pond_22                  . 	SCC: 0.290249, 	SAM: 0.050564
1277 - pond_224                 . 	SCC: 0.176006, 	SAM: 0.073899
1278 - pond_229                 . 	SCC: 0.264285, 	SAM: 0.128023
1279 - pond_230                 . 	SCC: 0.242075, 	SAM: 0.072545
1280 - pond_232                 . 	SCC: 0.246056, 	SAM: 0.113044
1281 - pond_242                 . 	SCC: 0.307341, 	SAM: 0.131636
1282 - pond_250                 . 	SCC: 0.175096, 	SAM: 0.084332
1283 - pond_253                 . 	SCC: 0.131414, 	SAM: 0.177039
1284 - pond_254                 . 	SCC: 0.238218, 	SAM: 0.118876
1285 - pond_256                 . 	SCC: 0.163040, 	SAM: 0.089082
1286 - pond_258                 . 	SCC: 0.223681, 	SAM: 0.066835
1287 - pond_270                 . 	SCC: 0.140782, 	SAM: 0.044908
1288 - pond_276                 . 	SCC: 0.145223, 	SAM: 0.033934
1289 - pond_277                 . 	SCC: 0.144118, 	SAM: 0.095780
1290 - pond_278                 . 	SCC: 0.250312, 	SAM: 0.095364
1291 - pond_288                 . 	SCC: 0.173825, 	SAM: 0.077718
1292 - pond_292                 . 	SCC: 0.201397, 	SAM: 0.098614
1293 - pond_296                 . 	SCC: 0.222244, 	SAM: 0.052744
1294 - pond_299                 . 	SCC: 0.204900, 	SAM: 0.200713
1295 - pond_301                 . 	SCC: 0.180410, 	SAM: 0.068628
1296 - pond_302                 . 	SCC: 0.280119, 	SAM: 0.073391
1297 - pond_310                 . 	SCC: 0.172366, 	SAM: 0.054944
1298 - pond_312                 . 	SCC: 0.236305, 	SAM: 0.071156
1299 - pond_317                 . 	SCC: 0.247195, 	SAM: 0.099901
1300 - pond_318                 . 	SCC: 0.213926, 	SAM: 0.075422
1301 - pond_321                 . 	SCC: 0.187017, 	SAM: 0.137117
1302 - pond_329                 . 	SCC: 0.284181, 	SAM: 0.105485
1303 - pond_333                 . 	SCC: 0.214289, 	SAM: 0.103857
1304 - pond_337                 . 	SCC: 0.232599, 	SAM: 0.126624
1305 - pond_338                 . 	SCC: 0.222709, 	SAM: 0.092819
1306 - pond_340                 . 	SCC: 0.193976, 	SAM: 0.088172
1307 - pond_345                 . 	SCC: 0.170542, 	SAM: 0.115661
1308 - pond_346                 . 	SCC: 0.219803, 	SAM: 0.100413
1309 - pond_348                 . 	SCC: 0.222763, 	SAM: 0.149611
1310 - pond_349                 . 	SCC: 0.180302, 	SAM: 0.120683
1311 - pond_35                  . 	SCC: 0.223542, 	SAM: 0.078385
1312 - pond_350                 . 	SCC: 0.159242, 	SAM: 0.096460
1313 - pond_357                 . 	SCC: 0.181913, 	SAM: 0.092398
1314 - pond_360                 . 	SCC: 0.303100, 	SAM: 0.094972
1315 - pond_37                  . 	SCC: 0.230380, 	SAM: 0.115045
1316 - pond_373                 . 	SCC: 0.206251, 	SAM: 0.101589
1317 - pond_378                 . 	SCC: 0.143120, 	SAM: 0.112199
1318 - pond_381                 . 	SCC: 0.146361, 	SAM: 0.089735
1319 - pond_383                 . 	SCC: 0.197502, 	SAM: 0.097396
1320 - pond_391                 . 	SCC: 0.214538, 	SAM: 0.061767
1321 - pond_404                 . 	SCC: 0.191260, 	SAM: 0.119557
1322 - pond_409                 . 	SCC: 0.157452, 	SAM: 0.082076
1323 - pond_44                  . 	SCC: 0.212215, 	SAM: 0.189273
1324 - pond_47                  . 	SCC: 0.174448, 	SAM: 0.124228
1325 - pond_5                   . 	SCC: 0.177348, 	SAM: 0.116192
1326 - pond_56                  . 	SCC: 0.155949, 	SAM: 0.080356
1327 - pond_57                  . 	SCC: 0.238691, 	SAM: 0.072970
1328 - pond_6                   . 	SCC: 0.189461, 	SAM: 0.066376
1329 - pond_71                  . 	SCC: 0.126379, 	SAM: 0.164239
1330 - pond_8                   . 	SCC: 0.288734, 	SAM: 0.037001
1331 - pond_87                  . 	SCC: 0.189998, 	SAM: 0.129236
1332 - pond_92                  . 	SCC: 0.201871, 	SAM: 0.107426
1333 - port_105                 . 	SCC: 0.245277, 	SAM: 0.125413
1334 - port_11                  . 	SCC: 0.295134, 	SAM: 0.101983
1335 - port_114                 . 	SCC: 0.296811, 	SAM: 0.034890
1336 - port_117                 . 	SCC: 0.208474, 	SAM: 0.117727
1337 - port_125                 . 	SCC: 0.242383, 	SAM: 0.073089
1338 - port_134                 . 	SCC: 0.268765, 	SAM: 0.089616
1339 - port_158                 . 	SCC: 0.254047, 	SAM: 0.101403
1340 - port_163                 . 	SCC: 0.240706, 	SAM: 0.062865
1341 - port_171                 . 	SCC: 0.242994, 	SAM: 0.098257
1342 - port_173                 . 	SCC: 0.264638, 	SAM: 0.089824
1343 - port_176                 . 	SCC: 0.225396, 	SAM: 0.084939
1344 - port_177                 . 	SCC: 0.253531, 	SAM: 0.083612
1345 - port_183                 . 	SCC: 0.176458, 	SAM: 0.117246
1346 - port_184                 . 	SCC: 0.330624, 	SAM: 0.170013
1347 - port_186                 . 	SCC: 0.313941, 	SAM: 0.072394
1348 - port_191                 . 	SCC: 0.312406, 	SAM: 0.052145
1349 - port_196                 . 	SCC: 0.248436, 	SAM: 0.098898
1350 - port_199                 . 	SCC: 0.299517, 	SAM: 0.077114
1351 - port_214                 . 	SCC: 0.260948, 	SAM: 0.107198
1352 - port_225                 . 	SCC: 0.239592, 	SAM: 0.142162
1353 - port_227                 . 	SCC: 0.290253, 	SAM: 0.174000
1354 - port_236                 . 	SCC: 0.409961, 	SAM: 0.048639
1355 - port_238                 . 	SCC: 0.280262, 	SAM: 0.208152
1356 - port_242                 . 	SCC: 0.189850, 	SAM: 0.166649
1357 - port_246                 . 	SCC: 0.186452, 	SAM: 0.199740
1358 - port_248                 . 	SCC: 0.187640, 	SAM: 0.119046
1359 - port_25                  . 	SCC: 0.250272, 	SAM: 0.075147
1360 - port_251                 . 	SCC: 0.294386, 	SAM: 0.049562
1361 - port_255                 . 	SCC: 0.255696, 	SAM: 0.196319
1362 - port_26                  . 	SCC: 0.271710, 	SAM: 0.057028
1363 - port_273                 . 	SCC: 0.225511, 	SAM: 0.171504
1364 - port_284                 . 	SCC: 0.333754, 	SAM: 0.076281
1365 - port_286                 . 	SCC: 0.244049, 	SAM: 0.073244
1366 - port_288                 . 	SCC: 0.234276, 	SAM: 0.104601
1367 - port_29                  . 	SCC: 0.287079, 	SAM: 0.091225
1368 - port_292                 . 	SCC: 0.268326, 	SAM: 0.228937
1369 - port_296                 . 	SCC: 0.267078, 	SAM: 0.119002
1370 - port_30                  . 	SCC: 0.222861, 	SAM: 0.070042
1371 - port_301                 . 	SCC: 0.329443, 	SAM: 0.203318
1372 - port_303                 . 	SCC: 0.208565, 	SAM: 0.212239
1373 - port_308                 . 	SCC: 0.237708, 	SAM: 0.107893
1374 - port_31                  . 	SCC: 0.200722, 	SAM: 0.076104
1375 - port_323                 . 	SCC: 0.316528, 	SAM: 0.140679
1376 - port_326                 . 	SCC: 0.228654, 	SAM: 0.211311
1377 - port_328                 . 	SCC: 0.278436, 	SAM: 0.074897
1378 - port_33                  . 	SCC: 0.270343, 	SAM: 0.057979
1379 - port_331                 . 	SCC: 0.322509, 	SAM: 0.106541
1380 - port_334                 . 	SCC: 0.270521, 	SAM: 0.137705
1381 - port_339                 . 	SCC: 0.262100, 	SAM: 0.180542
1382 - port_341                 . 	SCC: 0.372455, 	SAM: 0.142374
1383 - port_344                 . 	SCC: 0.248242, 	SAM: 0.110774
1384 - port_35                  . 	SCC: 0.269866, 	SAM: 0.062538
1385 - port_351                 . 	SCC: 0.227757, 	SAM: 0.179971
1386 - port_352                 . 	SCC: 0.239463, 	SAM: 0.186706
1387 - port_357                 . 	SCC: 0.209675, 	SAM: 0.164976
1388 - port_358                 . 	SCC: 0.213697, 	SAM: 0.205825
1389 - port_361                 . 	SCC: 0.256595, 	SAM: 0.155437
1390 - port_362                 . 	SCC: 0.336075, 	SAM: 0.264226
1391 - port_365                 . 	SCC: 0.308013, 	SAM: 0.165947
1392 - port_370                 . 	SCC: 0.282619, 	SAM: 0.235870
1393 - port_38                  . 	SCC: 0.324874, 	SAM: 0.035108
1394 - port_4                   . 	SCC: 0.211601, 	SAM: 0.110547
1395 - port_42                  . 	SCC: 0.200940, 	SAM: 0.085224
1396 - port_46                  . 	SCC: 0.310274, 	SAM: 0.074024
1397 - port_49                  . 	SCC: 0.242619, 	SAM: 0.105643
1398 - port_54                  . 	SCC: 0.317251, 	SAM: 0.087713
1399 - port_57                  . 	SCC: 0.263511, 	SAM: 0.053305
1400 - port_60                  . 	SCC: 0.277451, 	SAM: 0.051363
1401 - port_62                  . 	SCC: 0.248878, 	SAM: 0.153540
1402 - port_64                  . 	SCC: 0.258455, 	SAM: 0.117783
1403 - port_69                  . 	SCC: 0.197585, 	SAM: 0.135101
1404 - port_75                  . 	SCC: 0.229191, 	SAM: 0.123644
1405 - port_77                  . 	SCC: 0.188620, 	SAM: 0.118214
1406 - port_78                  . 	SCC: 0.176742, 	SAM: 0.173917
1407 - port_8                   . 	SCC: 0.308497, 	SAM: 0.144341
1408 - port_81                  . 	SCC: 0.185022, 	SAM: 0.125716
1409 - railwaystation_10        . 	SCC: 0.342346, 	SAM: 0.063931
1410 - railwaystation_103       . 	SCC: 0.355287, 	SAM: 0.044109
1411 - railwaystation_105       . 	SCC: 0.300835, 	SAM: 0.058592
1412 - railwaystation_11        . 	SCC: 0.372423, 	SAM: 0.053680
1413 - railwaystation_110       . 	SCC: 0.341478, 	SAM: 0.035714
1414 - railwaystation_116       . 	SCC: 0.334136, 	SAM: 0.086883
1415 - railwaystation_117       . 	SCC: 0.267277, 	SAM: 0.099239
1416 - railwaystation_123       . 	SCC: 0.382137, 	SAM: 0.076681
1417 - railwaystation_124       . 	SCC: 0.360124, 	SAM: 0.058084
1418 - railwaystation_126       . 	SCC: 0.342787, 	SAM: 0.037902
1419 - railwaystation_139       . 	SCC: 0.384217, 	SAM: 0.061028
1420 - railwaystation_144       . 	SCC: 0.344978, 	SAM: 0.050500
1421 - railwaystation_157       . 	SCC: 0.397172, 	SAM: 0.032992
1422 - railwaystation_158       . 	SCC: 0.476623, 	SAM: 0.055034
1423 - railwaystation_16        . 	SCC: 0.236951, 	SAM: 0.151225
1424 - railwaystation_171       . 	SCC: 0.448941, 	SAM: 0.060492
1425 - railwaystation_174       . 	SCC: 0.322746, 	SAM: 0.145542
1426 - railwaystation_178       . 	SCC: 0.387560, 	SAM: 0.140644
1427 - railwaystation_18        . 	SCC: 0.260638, 	SAM: 0.181219
1428 - railwaystation_182       . 	SCC: 0.420878, 	SAM: 0.107991
1429 - railwaystation_185       . 	SCC: 0.468759, 	SAM: 0.080420
1430 - railwaystation_193       . 	SCC: 0.382445, 	SAM: 0.073505
1431 - railwaystation_198       . 	SCC: 0.393318, 	SAM: 0.071000
1432 - railwaystation_203       . 	SCC: 0.237143, 	SAM: 0.099387
1433 - railwaystation_212       . 	SCC: 0.350428, 	SAM: 0.051210
1434 - railwaystation_214       . 	SCC: 0.364571, 	SAM: 0.122332
1435 - railwaystation_215       . 	SCC: 0.323427, 	SAM: 0.100037
1436 - railwaystation_218       . 	SCC: 0.257961, 	SAM: 0.049418
1437 - railwaystation_224       . 	SCC: 0.292982, 	SAM: 0.075134
1438 - railwaystation_226       . 	SCC: 0.432280, 	SAM: 0.109402
1439 - railwaystation_227       . 	SCC: 0.414285, 	SAM: 0.061484
1440 - railwaystation_23        . 	SCC: 0.320131, 	SAM: 0.039460
1441 - railwaystation_233       . 	SCC: 0.235377, 	SAM: 0.134335
1442 - railwaystation_234       . 	SCC: 0.326188, 	SAM: 0.047346
1443 - railwaystation_239       . 	SCC: 0.415377, 	SAM: 0.143903
1444 - railwaystation_240       . 	SCC: 0.331307, 	SAM: 0.038181
1445 - railwaystation_241       . 	SCC: 0.422536, 	SAM: 0.059048
1446 - railwaystation_248       . 	SCC: 0.378631, 	SAM: 0.048480
1447 - railwaystation_25        . 	SCC: 0.255276, 	SAM: 0.097079
1448 - railwaystation_253       . 	SCC: 0.285168, 	SAM: 0.206235
1449 - railwaystation_255       . 	SCC: 0.243183, 	SAM: 0.235974
1450 - railwaystation_29        . 	SCC: 0.296661, 	SAM: 0.103702
1451 - railwaystation_31        . 	SCC: 0.320242, 	SAM: 0.055268
1452 - railwaystation_44        . 	SCC: 0.267653, 	SAM: 0.164563
1453 - railwaystation_57        . 	SCC: 0.313095, 	SAM: 0.167409
1454 - railwaystation_64        . 	SCC: 0.287145, 	SAM: 0.125901
1455 - railwaystation_7         . 	SCC: 0.255680, 	SAM: 0.140854
1456 - railwaystation_75        . 	SCC: 0.302832, 	SAM: 0.063439
1457 - railwaystation_8         . 	SCC: 0.305037, 	SAM: 0.069817
1458 - railwaystation_93        . 	SCC: 0.213286, 	SAM: 0.090692
1459 - railwaystation_94        . 	SCC: 0.320227, 	SAM: 0.079491
1460 - railwaystation_96        . 	SCC: 0.282976, 	SAM: 0.087847
1461 - resort_105               . 	SCC: 0.329316, 	SAM: 0.019747
1462 - resort_111               . 	SCC: 0.358821, 	SAM: 0.027358
1463 - resort_115               . 	SCC: 0.301910, 	SAM: 0.052328
1464 - resort_120               . 	SCC: 0.404447, 	SAM: 0.037176
1465 - resort_123               . 	SCC: 0.348772, 	SAM: 0.034388
1466 - resort_134               . 	SCC: 0.244580, 	SAM: 0.099527
1467 - resort_142               . 	SCC: 0.242365, 	SAM: 0.158502
1468 - resort_143               . 	SCC: 0.253776, 	SAM: 0.170262
1469 - resort_149               . 	SCC: 0.336981, 	SAM: 0.122610
1470 - resort_15                . 	SCC: 0.324335, 	SAM: 0.110100
1471 - resort_154               . 	SCC: 0.306957, 	SAM: 0.142580
1472 - resort_156               . 	SCC: 0.275437, 	SAM: 0.139667
1473 - resort_16                . 	SCC: 0.272311, 	SAM: 0.106055
1474 - resort_160               . 	SCC: 0.270585, 	SAM: 0.214096
1475 - resort_167               . 	SCC: 0.203693, 	SAM: 0.233189
1476 - resort_168               . 	SCC: 0.277644, 	SAM: 0.095119
1477 - resort_17                . 	SCC: 0.225720, 	SAM: 0.107748
1478 - resort_179               . 	SCC: 0.305108, 	SAM: 0.103012
1479 - resort_185               . 	SCC: 0.358756, 	SAM: 0.030653
1480 - resort_190               . 	SCC: 0.296716, 	SAM: 0.080406
1481 - resort_199               . 	SCC: 0.385329, 	SAM: 0.060138
1482 - resort_208               . 	SCC: 0.383741, 	SAM: 0.060479
1483 - resort_214               . 	SCC: 0.310903, 	SAM: 0.055180
1484 - resort_22                . 	SCC: 0.391840, 	SAM: 0.129256
1485 - resort_223               . 	SCC: 0.397845, 	SAM: 0.078249
1486 - resort_226               . 	SCC: 0.205983, 	SAM: 0.072750
1487 - resort_232               . 	SCC: 0.352081, 	SAM: 0.040167
1488 - resort_234               . 	SCC: 0.308864, 	SAM: 0.097319
1489 - resort_240               . 	SCC: 0.393433, 	SAM: 0.050503
1490 - resort_243               . 	SCC: 0.309694, 	SAM: 0.084801
1491 - resort_252               . 	SCC: 0.331668, 	SAM: 0.045756
1492 - resort_253               . 	SCC: 0.381924, 	SAM: 0.050054
1493 - resort_255               . 	SCC: 0.344094, 	SAM: 0.078274
1494 - resort_26                . 	SCC: 0.226395, 	SAM: 0.096213
1495 - resort_266               . 	SCC: 0.274495, 	SAM: 0.086453
1496 - resort_272               . 	SCC: 0.366114, 	SAM: 0.049960
1497 - resort_273               . 	SCC: 0.299692, 	SAM: 0.073142
1498 - resort_276               . 	SCC: 0.391986, 	SAM: 0.036176
1499 - resort_285               . 	SCC: 0.354905, 	SAM: 0.026439
1500 - resort_287               . 	SCC: 0.441088, 	SAM: 0.041224
1501 - resort_38                . 	SCC: 0.218738, 	SAM: 0.134916
1502 - resort_4                 . 	SCC: 0.299654, 	SAM: 0.153110
1503 - resort_47                . 	SCC: 0.277497, 	SAM: 0.130052
1504 - resort_51                . 	SCC: 0.265378, 	SAM: 0.149009
1505 - resort_53                . 	SCC: 0.261290, 	SAM: 0.126518
1506 - resort_62                . 	SCC: 0.253532, 	SAM: 0.142098
1507 - resort_64                . 	SCC: 0.274792, 	SAM: 0.147024
1508 - resort_65                . 	SCC: 0.268061, 	SAM: 0.144814
1509 - resort_7                 . 	SCC: 0.330289, 	SAM: 0.105783
1510 - resort_71                . 	SCC: 0.200426, 	SAM: 0.149540
1511 - resort_81                . 	SCC: 0.269787, 	SAM: 0.112397
1512 - resort_88                . 	SCC: 0.284703, 	SAM: 0.142774
1513 - resort_89                . 	SCC: 0.269609, 	SAM: 0.123484
1514 - resort_92                . 	SCC: 0.326150, 	SAM: 0.086812
1515 - resort_93                . 	SCC: 0.232008, 	SAM: 0.144572
1516 - resort_94                . 	SCC: 0.258987, 	SAM: 0.126815
1517 - resort_95                . 	SCC: 0.263160, 	SAM: 0.130536
1518 - resort_97                . 	SCC: 0.254339, 	SAM: 0.111859
1519 - river_105                . 	SCC: 0.292495, 	SAM: 0.056150
1520 - river_112                . 	SCC: 0.158994, 	SAM: 0.120930
1521 - river_118                . 	SCC: 0.255196, 	SAM: 0.098555
1522 - river_121                . 	SCC: 0.249191, 	SAM: 0.101036
1523 - river_123                . 	SCC: 0.306384, 	SAM: 0.076421
1524 - river_126                . 	SCC: 0.278893, 	SAM: 0.096448
1525 - river_127                . 	SCC: 0.317376, 	SAM: 0.062621
1526 - river_135                . 	SCC: 0.202203, 	SAM: 0.091768
1527 - river_137                . 	SCC: 0.256546, 	SAM: 0.063643
1528 - river_141                . 	SCC: 0.208690, 	SAM: 0.061487
1529 - river_16                 . 	SCC: 0.293198, 	SAM: 0.074291
1530 - river_163                . 	SCC: 0.233322, 	SAM: 0.047706
1531 - river_165                . 	SCC: 0.239736, 	SAM: 0.074301
1532 - river_171                . 	SCC: 0.182845, 	SAM: 0.082746
1533 - river_173                . 	SCC: 0.176297, 	SAM: 0.109158
1534 - river_175                . 	SCC: 0.178907, 	SAM: 0.128483
1535 - river_180                . 	SCC: 0.288207, 	SAM: 0.056980
1536 - river_181                . 	SCC: 0.251342, 	SAM: 0.053943
1537 - river_184                . 	SCC: 0.191590, 	SAM: 0.068742
1538 - river_187                . 	SCC: 0.194627, 	SAM: 0.073821
1539 - river_19                 . 	SCC: 0.262622, 	SAM: 0.094048
1540 - river_190                . 	SCC: 0.217230, 	SAM: 0.088068
1541 - river_191                . 	SCC: 0.183074, 	SAM: 0.107991
1542 - river_201                . 	SCC: 0.173042, 	SAM: 0.132378
1543 - river_220                . 	SCC: 0.197087, 	SAM: 0.097838
1544 - river_237                . 	SCC: 0.161334, 	SAM: 0.094060
1545 - river_239                . 	SCC: 0.157874, 	SAM: 0.151962
1546 - river_240                . 	SCC: 0.199899, 	SAM: 0.093805
1547 - river_245                . 	SCC: 0.165730, 	SAM: 0.078145
1548 - river_249                . 	SCC: 0.121642, 	SAM: 0.140389
1549 - river_25                 . 	SCC: 0.215155, 	SAM: 0.082142
1550 - river_256                . 	SCC: 0.165917, 	SAM: 0.068754
1551 - river_257                . 	SCC: 0.239661, 	SAM: 0.045027
1552 - river_264                . 	SCC: 0.328572, 	SAM: 0.090529
1553 - river_267                . 	SCC: 0.329433, 	SAM: 0.070769
1554 - river_27                 . 	SCC: 0.243794, 	SAM: 0.091708
1555 - river_271                . 	SCC: 0.231461, 	SAM: 0.146336
1556 - river_274                . 	SCC: 0.262052, 	SAM: 0.068395
1557 - river_276                . 	SCC: 0.291988, 	SAM: 0.107960
1558 - river_279                . 	SCC: 0.271598, 	SAM: 0.163240
1559 - river_285                . 	SCC: 0.254760, 	SAM: 0.128048
1560 - river_292                . 	SCC: 0.362315, 	SAM: 0.051365
1561 - river_296                . 	SCC: 0.238936, 	SAM: 0.044525
1562 - river_301                . 	SCC: 0.232942, 	SAM: 0.090511
1563 - river_304                . 	SCC: 0.323240, 	SAM: 0.114506
1564 - river_31                 . 	SCC: 0.216176, 	SAM: 0.067369
1565 - river_312                . 	SCC: 0.189824, 	SAM: 0.054001
1566 - river_32                 . 	SCC: 0.186127, 	SAM: 0.075329
1567 - river_324                . 	SCC: 0.248262, 	SAM: 0.047183
1568 - river_328                . 	SCC: 0.245240, 	SAM: 0.072084
1569 - river_336                . 	SCC: 0.216042, 	SAM: 0.025184
1570 - river_340                . 	SCC: 0.172406, 	SAM: 0.109676
1571 - river_341                . 	SCC: 0.210029, 	SAM: 0.041530
1572 - river_347                . 	SCC: 0.243396, 	SAM: 0.055717
1573 - river_349                . 	SCC: 0.191972, 	SAM: 0.049224
1574 - river_358                . 	SCC: 0.179827, 	SAM: 0.115247
1575 - river_36                 . 	SCC: 0.343238, 	SAM: 0.062282
1576 - river_362                . 	SCC: 0.181675, 	SAM: 0.089596
1577 - river_367                . 	SCC: 0.198722, 	SAM: 0.079934
1578 - river_368                . 	SCC: 0.306698, 	SAM: 0.100275
1579 - river_370                . 	SCC: 0.201812, 	SAM: 0.089390
1580 - river_377                . 	SCC: 0.165307, 	SAM: 0.117858
1581 - river_380                . 	SCC: 0.268940, 	SAM: 0.066396
1582 - river_382                . 	SCC: 0.286624, 	SAM: 0.151264
1583 - river_384                . 	SCC: 0.229997, 	SAM: 0.069827
1584 - river_387                . 	SCC: 0.183370, 	SAM: 0.092913
1585 - river_395                . 	SCC: 0.123957, 	SAM: 0.278192
1586 - river_399                . 	SCC: 0.095331, 	SAM: 0.140268
1587 - river_406                . 	SCC: 0.111171, 	SAM: 0.159318
1588 - river_41                 . 	SCC: 0.248330, 	SAM: 0.074520
1589 - river_43                 . 	SCC: 0.200698, 	SAM: 0.071091
1590 - river_44                 . 	SCC: 0.181265, 	SAM: 0.080009
1591 - river_45                 . 	SCC: 0.253838, 	SAM: 0.107169
1592 - river_51                 . 	SCC: 0.241305, 	SAM: 0.087565
1593 - river_52                 . 	SCC: 0.287199, 	SAM: 0.107957
1594 - river_53                 . 	SCC: 0.271805, 	SAM: 0.076586
1595 - river_71                 . 	SCC: 0.247651, 	SAM: 0.065591
1596 - river_73                 . 	SCC: 0.230282, 	SAM: 0.059222
1597 - river_77                 . 	SCC: 0.278692, 	SAM: 0.093189
1598 - river_82                 . 	SCC: 0.277997, 	SAM: 0.026645
1599 - river_94                 . 	SCC: 0.249493, 	SAM: 0.105982
1600 - river_97                 . 	SCC: 0.226003, 	SAM: 0.076364
1601 - school_10                . 	SCC: 0.406573, 	SAM: 0.118348
1602 - school_101               . 	SCC: 0.391898, 	SAM: 0.133636
1603 - school_108               . 	SCC: 0.397585, 	SAM: 0.071901
1604 - school_111               . 	SCC: 0.387334, 	SAM: 0.115328
1605 - school_119               . 	SCC: 0.259703, 	SAM: 0.142369
1606 - school_121               . 	SCC: 0.341077, 	SAM: 0.058668
1607 - school_122               . 	SCC: 0.348450, 	SAM: 0.065595
1608 - school_125               . 	SCC: 0.277263, 	SAM: 0.047731
1609 - school_135               . 	SCC: 0.291410, 	SAM: 0.161589
1610 - school_14                . 	SCC: 0.418661, 	SAM: 0.110955
1611 - school_145               . 	SCC: 0.331917, 	SAM: 0.124885
1612 - school_147               . 	SCC: 0.365744, 	SAM: 0.039102
1613 - school_149               . 	SCC: 0.257546, 	SAM: 0.166948
1614 - school_158               . 	SCC: 0.272156, 	SAM: 0.153535
1615 - school_164               . 	SCC: 0.215415, 	SAM: 0.078964
1616 - school_170               . 	SCC: 0.271438, 	SAM: 0.164539
1617 - school_173               . 	SCC: 0.244468, 	SAM: 0.131412
1618 - school_191               . 	SCC: 0.333014, 	SAM: 0.128394
1619 - school_195               . 	SCC: 0.220385, 	SAM: 0.135436
1620 - school_200               . 	SCC: 0.290049, 	SAM: 0.154128
1621 - school_202               . 	SCC: 0.365517, 	SAM: 0.155190
1622 - school_205               . 	SCC: 0.305115, 	SAM: 0.100282
1623 - school_208               . 	SCC: 0.304531, 	SAM: 0.137963
1624 - school_216               . 	SCC: 0.344749, 	SAM: 0.096531
1625 - school_217               . 	SCC: 0.341944, 	SAM: 0.126088
1626 - school_223               . 	SCC: 0.280497, 	SAM: 0.123031
1627 - school_224               . 	SCC: 0.332783, 	SAM: 0.035426
1628 - school_226               . 	SCC: 0.300236, 	SAM: 0.118661
1629 - school_228               . 	SCC: 0.380001, 	SAM: 0.082957
1630 - school_229               . 	SCC: 0.362786, 	SAM: 0.102403
1631 - school_237               . 	SCC: 0.359517, 	SAM: 0.072381
1632 - school_238               . 	SCC: 0.348334, 	SAM: 0.110572
1633 - school_242               . 	SCC: 0.283546, 	SAM: 0.158756
1634 - school_244               . 	SCC: 0.278500, 	SAM: 0.158363
1635 - school_245               . 	SCC: 0.242736, 	SAM: 0.139112
1636 - school_247               . 	SCC: 0.295684, 	SAM: 0.179946
1637 - school_249               . 	SCC: 0.300510, 	SAM: 0.172028
1638 - school_252               . 	SCC: 0.282378, 	SAM: 0.168752
1639 - school_265               . 	SCC: 0.296883, 	SAM: 0.110994
1640 - school_267               . 	SCC: 0.289041, 	SAM: 0.130771
1641 - school_27                . 	SCC: 0.403168, 	SAM: 0.098468
1642 - school_272               . 	SCC: 0.350272, 	SAM: 0.175638
1643 - school_284               . 	SCC: 0.427410, 	SAM: 0.059784
1644 - school_290               . 	SCC: 0.307541, 	SAM: 0.077757
1645 - school_3                 . 	SCC: 0.396173, 	SAM: 0.123232
1646 - school_32                . 	SCC: 0.443447, 	SAM: 0.115044
1647 - school_46                . 	SCC: 0.438564, 	SAM: 0.114229
1648 - school_51                . 	SCC: 0.377443, 	SAM: 0.110139
1649 - school_53                . 	SCC: 0.461392, 	SAM: 0.106014
1650 - school_56                . 	SCC: 0.402399, 	SAM: 0.110423
1651 - school_6                 . 	SCC: 0.332723, 	SAM: 0.197403
1652 - school_60                . 	SCC: 0.460226, 	SAM: 0.114770
1653 - school_61                . 	SCC: 0.438183, 	SAM: 0.063605
1654 - school_65                . 	SCC: 0.437417, 	SAM: 0.111880
1655 - school_68                . 	SCC: 0.441840, 	SAM: 0.039125
1656 - school_70                . 	SCC: 0.394312, 	SAM: 0.135942
1657 - school_72                . 	SCC: 0.384947, 	SAM: 0.116604
1658 - school_80                . 	SCC: 0.441149, 	SAM: 0.063023
1659 - school_90                . 	SCC: 0.372476, 	SAM: 0.128739
1660 - school_95                . 	SCC: 0.399663, 	SAM: 0.122969
1661 - sparseresidential_1      . 	SCC: 0.142987, 	SAM: 0.109627
1662 - sparseresidential_101    . 	SCC: 0.214288, 	SAM: 0.213103
1663 - sparseresidential_123    . 	SCC: 0.245869, 	SAM: 0.127909
1664 - sparseresidential_126    . 	SCC: 0.273683, 	SAM: 0.125002
1665 - sparseresidential_129    . 	SCC: 0.225885, 	SAM: 0.090291
1666 - sparseresidential_139    . 	SCC: 0.258620, 	SAM: 0.097703
1667 - sparseresidential_141    . 	SCC: 0.191826, 	SAM: 0.150737
1668 - sparseresidential_150    . 	SCC: 0.262368, 	SAM: 0.157114
1669 - sparseresidential_153    . 	SCC: 0.287374, 	SAM: 0.151004
1670 - sparseresidential_154    . 	SCC: 0.264246, 	SAM: 0.228418
1671 - sparseresidential_157    . 	SCC: 0.140934, 	SAM: 0.189647
1672 - sparseresidential_159    . 	SCC: 0.171307, 	SAM: 0.202237
1673 - sparseresidential_168    . 	SCC: 0.150057, 	SAM: 0.194793
1674 - sparseresidential_169    . 	SCC: 0.182015, 	SAM: 0.150648
1675 - sparseresidential_170    . 	SCC: 0.323930, 	SAM: 0.079512
1676 - sparseresidential_171    . 	SCC: 0.160590, 	SAM: 0.127032
1677 - sparseresidential_174    . 	SCC: 0.246097, 	SAM: 0.210085
1678 - sparseresidential_179    . 	SCC: 0.163841, 	SAM: 0.160191
1679 - sparseresidential_18     . 	SCC: 0.181887, 	SAM: 0.146429
1680 - sparseresidential_181    . 	SCC: 0.199550, 	SAM: 0.182837
1681 - sparseresidential_19     . 	SCC: 0.166640, 	SAM: 0.175217
1682 - sparseresidential_192    . 	SCC: 0.243519, 	SAM: 0.240205
1683 - sparseresidential_194    . 	SCC: 0.178318, 	SAM: 0.146860
1684 - sparseresidential_219    . 	SCC: 0.201586, 	SAM: 0.284878
1685 - sparseresidential_228    . 	SCC: 0.193441, 	SAM: 0.167348
1686 - sparseresidential_229    . 	SCC: 0.182646, 	SAM: 0.204695
1687 - sparseresidential_23     . 	SCC: 0.199927, 	SAM: 0.158954
1688 - sparseresidential_234    . 	SCC: 0.246726, 	SAM: 0.254457
1689 - sparseresidential_237    . 	SCC: 0.218313, 	SAM: 0.246569
1690 - sparseresidential_239    . 	SCC: 0.228371, 	SAM: 0.194007
1691 - sparseresidential_24     . 	SCC: 0.220913, 	SAM: 0.177201
1692 - sparseresidential_240    . 	SCC: 0.223175, 	SAM: 0.208340
1693 - sparseresidential_241    . 	SCC: 0.283936, 	SAM: 0.199869
1694 - sparseresidential_243    . 	SCC: 0.244170, 	SAM: 0.247257
1695 - sparseresidential_25     . 	SCC: 0.215088, 	SAM: 0.146065
1696 - sparseresidential_256    . 	SCC: 0.250862, 	SAM: 0.145411
1697 - sparseresidential_258    . 	SCC: 0.217525, 	SAM: 0.177761
1698 - sparseresidential_26     . 	SCC: 0.201019, 	SAM: 0.206647
1699 - sparseresidential_260    . 	SCC: 0.209147, 	SAM: 0.265619
1700 - sparseresidential_267    . 	SCC: 0.288931, 	SAM: 0.210163
1701 - sparseresidential_275    . 	SCC: 0.206114, 	SAM: 0.142396
1702 - sparseresidential_287    . 	SCC: 0.275878, 	SAM: 0.146053
1703 - sparseresidential_29     . 	SCC: 0.204055, 	SAM: 0.167479
1704 - sparseresidential_294    . 	SCC: 0.233884, 	SAM: 0.147723
1705 - sparseresidential_3      . 	SCC: 0.159400, 	SAM: 0.150568
1706 - sparseresidential_32     . 	SCC: 0.266302, 	SAM: 0.169872
1707 - sparseresidential_4      . 	SCC: 0.274108, 	SAM: 0.159922
1708 - sparseresidential_41     . 	SCC: 0.256808, 	SAM: 0.210767
1709 - sparseresidential_43     . 	SCC: 0.282840, 	SAM: 0.135562
1710 - sparseresidential_51     . 	SCC: 0.195114, 	SAM: 0.161120
1711 - sparseresidential_55     . 	SCC: 0.205292, 	SAM: 0.211973
1712 - sparseresidential_56     . 	SCC: 0.243499, 	SAM: 0.292493
1713 - sparseresidential_57     . 	SCC: 0.294763, 	SAM: 0.199077
1714 - sparseresidential_6      . 	SCC: 0.197812, 	SAM: 0.122546
1715 - sparseresidential_64     . 	SCC: 0.217181, 	SAM: 0.138745
1716 - sparseresidential_72     . 	SCC: 0.224048, 	SAM: 0.102377
1717 - sparseresidential_75     . 	SCC: 0.241652, 	SAM: 0.192180
1718 - sparseresidential_76     . 	SCC: 0.239541, 	SAM: 0.118773
1719 - sparseresidential_82     . 	SCC: 0.207258, 	SAM: 0.213962
1720 - sparseresidential_95     . 	SCC: 0.264628, 	SAM: 0.133568
1721 - square_1                 . 	SCC: 0.294353, 	SAM: 0.024900
1722 - square_101               . 	SCC: 0.264957, 	SAM: 0.132540
1723 - square_104               . 	SCC: 0.371286, 	SAM: 0.107317
1724 - square_106               . 	SCC: 0.373251, 	SAM: 0.047021
1725 - square_107               . 	SCC: 0.332939, 	SAM: 0.036512
1726 - square_117               . 	SCC: 0.292446, 	SAM: 0.015155
1727 - square_119               . 	SCC: 0.342201, 	SAM: 0.024646
1728 - square_124               . 	SCC: 0.317699, 	SAM: 0.091764
1729 - square_130               . 	SCC: 0.350554, 	SAM: 0.062983
1730 - square_132               . 	SCC: 0.394768, 	SAM: 0.055970
1731 - square_135               . 	SCC: 0.378369, 	SAM: 0.033227
1732 - square_136               . 	SCC: 0.396327, 	SAM: 0.064495
1733 - square_138               . 	SCC: 0.434047, 	SAM: 0.066877
1734 - square_141               . 	SCC: 0.331538, 	SAM: 0.023632
1735 - square_142               . 	SCC: 0.432819, 	SAM: 0.058036
1736 - square_16                . 	SCC: 0.278468, 	SAM: 0.146126
1737 - square_164               . 	SCC: 0.299725, 	SAM: 0.067774
1738 - square_166               . 	SCC: 0.360219, 	SAM: 0.128648
1739 - square_169               . 	SCC: 0.402422, 	SAM: 0.092340
1740 - square_17                . 	SCC: 0.390405, 	SAM: 0.101279
1741 - square_174               . 	SCC: 0.411485, 	SAM: 0.107368
1742 - square_177               . 	SCC: 0.336943, 	SAM: 0.100095
1743 - square_18                . 	SCC: 0.223741, 	SAM: 0.164196
1744 - square_180               . 	SCC: 0.279753, 	SAM: 0.129327
1745 - square_191               . 	SCC: 0.385136, 	SAM: 0.053488
1746 - square_194               . 	SCC: 0.331039, 	SAM: 0.140677
1747 - square_20                . 	SCC: 0.212790, 	SAM: 0.116150
1748 - square_201               . 	SCC: 0.305504, 	SAM: 0.080573
1749 - square_209               . 	SCC: 0.405228, 	SAM: 0.081540
1750 - square_210               . 	SCC: 0.400774, 	SAM: 0.087433
1751 - square_214               . 	SCC: 0.301080, 	SAM: 0.043126
1752 - square_220               . 	SCC: 0.404963, 	SAM: 0.056997
1753 - square_226               . 	SCC: 0.363310, 	SAM: 0.067111
1754 - square_235               . 	SCC: 0.303382, 	SAM: 0.108706
1755 - square_237               . 	SCC: 0.267107, 	SAM: 0.166295
1756 - square_245               . 	SCC: 0.385394, 	SAM: 0.147766
1757 - square_249               . 	SCC: 0.223572, 	SAM: 0.165603
1758 - square_250               . 	SCC: 0.239470, 	SAM: 0.203085
1759 - square_252               . 	SCC: 0.302781, 	SAM: 0.123215
1760 - square_255               . 	SCC: 0.378690, 	SAM: 0.068501
1761 - square_257               . 	SCC: 0.323244, 	SAM: 0.089144
1762 - square_259               . 	SCC: 0.242079, 	SAM: 0.158993
1763 - square_26                . 	SCC: 0.255808, 	SAM: 0.164621
1764 - square_268               . 	SCC: 0.311785, 	SAM: 0.232796
1765 - square_271               . 	SCC: 0.301441, 	SAM: 0.129146
1766 - square_273               . 	SCC: 0.354696, 	SAM: 0.045193
1767 - square_278               . 	SCC: 0.335215, 	SAM: 0.020358
1768 - square_279               . 	SCC: 0.291231, 	SAM: 0.022436
1769 - square_281               . 	SCC: 0.354431, 	SAM: 0.022406
1770 - square_288               . 	SCC: 0.322400, 	SAM: 0.154475
1771 - square_305               . 	SCC: 0.338476, 	SAM: 0.197879
1772 - square_310               . 	SCC: 0.370050, 	SAM: 0.162688
1773 - square_314               . 	SCC: 0.271594, 	SAM: 0.058104
1774 - square_324               . 	SCC: 0.395769, 	SAM: 0.088205
1775 - square_325               . 	SCC: 0.311138, 	SAM: 0.084076
1776 - square_328               . 	SCC: 0.222817, 	SAM: 0.190803
1777 - square_330               . 	SCC: 0.311666, 	SAM: 0.080427
1778 - square_34                . 	SCC: 0.360744, 	SAM: 0.031984
1779 - square_43                . 	SCC: 0.361597, 	SAM: 0.100821
1780 - square_44                . 	SCC: 0.317209, 	SAM: 0.080271
1781 - square_52                . 	SCC: 0.298599, 	SAM: 0.029313
1782 - square_71                . 	SCC: 0.323376, 	SAM: 0.019551
1783 - square_73                . 	SCC: 0.308567, 	SAM: 0.020119
1784 - square_82                . 	SCC: 0.380569, 	SAM: 0.076846
1785 - square_90                . 	SCC: 0.335773, 	SAM: 0.110495
1786 - square_98                . 	SCC: 0.313977, 	SAM: 0.157341
1787 - stadium_1                . 	SCC: 0.298272, 	SAM: 0.093233
1788 - stadium_103              . 	SCC: 0.292021, 	SAM: 0.103763
1789 - stadium_108              . 	SCC: 0.400844, 	SAM: 0.083818
1790 - stadium_11               . 	SCC: 0.341310, 	SAM: 0.051752
1791 - stadium_112              . 	SCC: 0.353774, 	SAM: 0.135977
1792 - stadium_12               . 	SCC: 0.362776, 	SAM: 0.027478
1793 - stadium_122              . 	SCC: 0.301473, 	SAM: 0.077322
1794 - stadium_132              . 	SCC: 0.265795, 	SAM: 0.080581
1795 - stadium_134              . 	SCC: 0.265952, 	SAM: 0.071376
1796 - stadium_136              . 	SCC: 0.340911, 	SAM: 0.070858
1797 - stadium_138              . 	SCC: 0.403058, 	SAM: 0.051634
1798 - stadium_139              . 	SCC: 0.350472, 	SAM: 0.065127
1799 - stadium_145              . 	SCC: 0.338020, 	SAM: 0.101035
1800 - stadium_153              . 	SCC: 0.297069, 	SAM: 0.084755
1801 - stadium_154              . 	SCC: 0.297546, 	SAM: 0.093118
1802 - stadium_161              . 	SCC: 0.315610, 	SAM: 0.056607
1803 - stadium_162              . 	SCC: 0.372248, 	SAM: 0.076589
1804 - stadium_163              . 	SCC: 0.331703, 	SAM: 0.083825
1805 - stadium_164              . 	SCC: 0.284120, 	SAM: 0.098674
1806 - stadium_173              . 	SCC: 0.326840, 	SAM: 0.063254
1807 - stadium_175              . 	SCC: 0.316555, 	SAM: 0.089923
1808 - stadium_178              . 	SCC: 0.320681, 	SAM: 0.054783
1809 - stadium_18               . 	SCC: 0.283421, 	SAM: 0.065660
1810 - stadium_187              . 	SCC: 0.271319, 	SAM: 0.150511
1811 - stadium_189              . 	SCC: 0.317006, 	SAM: 0.054425
1812 - stadium_196              . 	SCC: 0.285355, 	SAM: 0.136289
1813 - stadium_197              . 	SCC: 0.283401, 	SAM: 0.061489
1814 - stadium_199              . 	SCC: 0.251418, 	SAM: 0.058752
1815 - stadium_200              . 	SCC: 0.360581, 	SAM: 0.048456
1816 - stadium_206              . 	SCC: 0.277647, 	SAM: 0.099991
1817 - stadium_217              . 	SCC: 0.281965, 	SAM: 0.046210
1818 - stadium_218              . 	SCC: 0.394991, 	SAM: 0.042226
1819 - stadium_224              . 	SCC: 0.317220, 	SAM: 0.068374
1820 - stadium_23               . 	SCC: 0.397300, 	SAM: 0.061508
1821 - stadium_230              . 	SCC: 0.196533, 	SAM: 0.149432
1822 - stadium_235              . 	SCC: 0.286148, 	SAM: 0.153787
1823 - stadium_238              . 	SCC: 0.265497, 	SAM: 0.128830
1824 - stadium_239              . 	SCC: 0.294118, 	SAM: 0.137651
1825 - stadium_242              . 	SCC: 0.415017, 	SAM: 0.038086
1826 - stadium_244              . 	SCC: 0.284554, 	SAM: 0.134085
1827 - stadium_245              . 	SCC: 0.267058, 	SAM: 0.163234
1828 - stadium_248              . 	SCC: 0.290908, 	SAM: 0.180372
1829 - stadium_249              . 	SCC: 0.270343, 	SAM: 0.183073
1830 - stadium_257              . 	SCC: 0.196371, 	SAM: 0.249180
1831 - stadium_262              . 	SCC: 0.292872, 	SAM: 0.147970
1832 - stadium_263              . 	SCC: 0.243346, 	SAM: 0.154388
1833 - stadium_264              . 	SCC: 0.308056, 	SAM: 0.120441
1834 - stadium_265              . 	SCC: 0.280537, 	SAM: 0.172704
1835 - stadium_43               . 	SCC: 0.355535, 	SAM: 0.041083
1836 - stadium_47               . 	SCC: 0.349540, 	SAM: 0.084404
1837 - stadium_5                . 	SCC: 0.322819, 	SAM: 0.055339
1838 - stadium_53               . 	SCC: 0.395932, 	SAM: 0.055576
1839 - stadium_63               . 	SCC: 0.354212, 	SAM: 0.071936
1840 - stadium_72               . 	SCC: 0.335871, 	SAM: 0.088054
1841 - stadium_87               . 	SCC: 0.373486, 	SAM: 0.084752
1842 - stadium_93               . 	SCC: 0.396156, 	SAM: 0.057165
1843 - stadium_97               . 	SCC: 0.301389, 	SAM: 0.155689
1844 - stadium_99               . 	SCC: 0.267682, 	SAM: 0.144887
1845 - storagetanks_10          . 	SCC: 0.310292, 	SAM: 0.115348
1846 - storagetanks_108         . 	SCC: 0.239072, 	SAM: 0.143352
1847 - storagetanks_110         . 	SCC: 0.266992, 	SAM: 0.135580
1848 - storagetanks_114         . 	SCC: 0.264400, 	SAM: 0.141123
1849 - storagetanks_115         . 	SCC: 0.266976, 	SAM: 0.085041
1850 - storagetanks_120         . 	SCC: 0.309931, 	SAM: 0.104370
1851 - storagetanks_130         . 	SCC: 0.266734, 	SAM: 0.145619
1852 - storagetanks_134         . 	SCC: 0.204763, 	SAM: 0.111876
1853 - storagetanks_138         . 	SCC: 0.198252, 	SAM: 0.113636
1854 - storagetanks_152         . 	SCC: 0.258898, 	SAM: 0.155782
1855 - storagetanks_156         . 	SCC: 0.278697, 	SAM: 0.098124
1856 - storagetanks_158         . 	SCC: 0.222689, 	SAM: 0.100519
1857 - storagetanks_167         . 	SCC: 0.266978, 	SAM: 0.095464
1858 - storagetanks_172         . 	SCC: 0.250611, 	SAM: 0.072237
1859 - storagetanks_18          . 	SCC: 0.243946, 	SAM: 0.075146
1860 - storagetanks_188         . 	SCC: 0.267424, 	SAM: 0.073345
1861 - storagetanks_190         . 	SCC: 0.218234, 	SAM: 0.125951
1862 - storagetanks_193         . 	SCC: 0.296954, 	SAM: 0.093655
1863 - storagetanks_196         . 	SCC: 0.255281, 	SAM: 0.078079
1864 - storagetanks_2           . 	SCC: 0.252674, 	SAM: 0.096567
1865 - storagetanks_20          . 	SCC: 0.314117, 	SAM: 0.086740
1866 - storagetanks_203         . 	SCC: 0.234557, 	SAM: 0.105605
1867 - storagetanks_216         . 	SCC: 0.247955, 	SAM: 0.086377
1868 - storagetanks_23          . 	SCC: 0.283759, 	SAM: 0.120563
1869 - storagetanks_244         . 	SCC: 0.321731, 	SAM: 0.066898
1870 - storagetanks_247         . 	SCC: 0.324089, 	SAM: 0.112073
1871 - storagetanks_250         . 	SCC: 0.260304, 	SAM: 0.119633
1872 - storagetanks_251         . 	SCC: 0.229654, 	SAM: 0.132276
1873 - storagetanks_257         . 	SCC: 0.206739, 	SAM: 0.129760
1874 - storagetanks_262         . 	SCC: 0.257652, 	SAM: 0.200775
1875 - storagetanks_263         . 	SCC: 0.257208, 	SAM: 0.123779
1876 - storagetanks_264         . 	SCC: 0.232870, 	SAM: 0.179650
1877 - storagetanks_267         . 	SCC: 0.280309, 	SAM: 0.254666
1878 - storagetanks_27          . 	SCC: 0.179622, 	SAM: 0.105620
1879 - storagetanks_271         . 	SCC: 0.258413, 	SAM: 0.185236
1880 - storagetanks_275         . 	SCC: 0.369263, 	SAM: 0.267388
1881 - storagetanks_276         . 	SCC: 0.339810, 	SAM: 0.248090
1882 - storagetanks_278         . 	SCC: 0.298319, 	SAM: 0.191940
1883 - storagetanks_28          . 	SCC: 0.257648, 	SAM: 0.122976
1884 - storagetanks_285         . 	SCC: 0.201277, 	SAM: 0.169696
1885 - storagetanks_289         . 	SCC: 0.310010, 	SAM: 0.166721
1886 - storagetanks_293         . 	SCC: 0.383397, 	SAM: 0.183489
1887 - storagetanks_294         . 	SCC: 0.294698, 	SAM: 0.185057
1888 - storagetanks_299         . 	SCC: 0.254010, 	SAM: 0.141030
1889 - storagetanks_304         . 	SCC: 0.204989, 	SAM: 0.219827
1890 - storagetanks_312         . 	SCC: 0.183872, 	SAM: 0.129282
1891 - storagetanks_316         . 	SCC: 0.316395, 	SAM: 0.053215
1892 - storagetanks_322         . 	SCC: 0.298159, 	SAM: 0.043801
1893 - storagetanks_330         . 	SCC: 0.362424, 	SAM: 0.074268
1894 - storagetanks_333         . 	SCC: 0.320083, 	SAM: 0.071387
1895 - storagetanks_336         . 	SCC: 0.277989, 	SAM: 0.043581
1896 - storagetanks_345         . 	SCC: 0.356094, 	SAM: 0.053486
1897 - storagetanks_350         . 	SCC: 0.396121, 	SAM: 0.066509
1898 - storagetanks_354         . 	SCC: 0.282593, 	SAM: 0.102511
1899 - storagetanks_36          . 	SCC: 0.223212, 	SAM: 0.109203
1900 - storagetanks_360         . 	SCC: 0.345170, 	SAM: 0.149347
1901 - storagetanks_40          . 	SCC: 0.199706, 	SAM: 0.111279
1902 - storagetanks_45          . 	SCC: 0.219234, 	SAM: 0.102893
1903 - storagetanks_52          . 	SCC: 0.269574, 	SAM: 0.119447
1904 - storagetanks_56          . 	SCC: 0.259739, 	SAM: 0.099470
1905 - storagetanks_63          . 	SCC: 0.275672, 	SAM: 0.085507
1906 - storagetanks_64          . 	SCC: 0.242854, 	SAM: 0.107704
1907 - storagetanks_67          . 	SCC: 0.274168, 	SAM: 0.117835
1908 - storagetanks_70          . 	SCC: 0.292396, 	SAM: 0.169391
1909 - storagetanks_72          . 	SCC: 0.329496, 	SAM: 0.092698
1910 - storagetanks_79          . 	SCC: 0.341197, 	SAM: 0.076198
1911 - storagetanks_80          . 	SCC: 0.374557, 	SAM: 0.083770
1912 - storagetanks_81          . 	SCC: 0.209362, 	SAM: 0.091185
1913 - storagetanks_86          . 	SCC: 0.261668, 	SAM: 0.092715
1914 - storagetanks_88          . 	SCC: 0.209440, 	SAM: 0.106051
1915 - storagetanks_91          . 	SCC: 0.309415, 	SAM: 0.099588
1916 - storagetanks_95          . 	SCC: 0.204517, 	SAM: 0.130637
1917 - viaduct_103              . 	SCC: 0.269150, 	SAM: 0.081026
1918 - viaduct_114              . 	SCC: 0.334507, 	SAM: 0.109180
1919 - viaduct_118              . 	SCC: 0.280992, 	SAM: 0.103957
1920 - viaduct_120              . 	SCC: 0.305330, 	SAM: 0.116745
1921 - viaduct_127              . 	SCC: 0.242286, 	SAM: 0.081390
1922 - viaduct_133              . 	SCC: 0.229911, 	SAM: 0.104887
1923 - viaduct_138              . 	SCC: 0.332239, 	SAM: 0.117168
1924 - viaduct_146              . 	SCC: 0.331513, 	SAM: 0.098760
1925 - viaduct_152              . 	SCC: 0.280607, 	SAM: 0.140023
1926 - viaduct_167              . 	SCC: 0.350180, 	SAM: 0.084967
1927 - viaduct_171              . 	SCC: 0.248946, 	SAM: 0.115962
1928 - viaduct_175              . 	SCC: 0.362009, 	SAM: 0.051072
1929 - viaduct_176              . 	SCC: 0.383201, 	SAM: 0.104327
1930 - viaduct_180              . 	SCC: 0.404420, 	SAM: 0.069212
1931 - viaduct_186              . 	SCC: 0.309281, 	SAM: 0.068158
1932 - viaduct_20               . 	SCC: 0.369367, 	SAM: 0.074630
1933 - viaduct_202              . 	SCC: 0.332412, 	SAM: 0.062745
1934 - viaduct_207              . 	SCC: 0.274974, 	SAM: 0.048050
1935 - viaduct_210              . 	SCC: 0.263701, 	SAM: 0.088442
1936 - viaduct_211              . 	SCC: 0.296686, 	SAM: 0.036828
1937 - viaduct_213              . 	SCC: 0.179748, 	SAM: 0.133463
1938 - viaduct_218              . 	SCC: 0.291031, 	SAM: 0.055104
1939 - viaduct_219              . 	SCC: 0.479248, 	SAM: 0.047074
1940 - viaduct_220              . 	SCC: 0.463818, 	SAM: 0.052501
1941 - viaduct_225              . 	SCC: 0.333188, 	SAM: 0.104037
1942 - viaduct_230              . 	SCC: 0.276440, 	SAM: 0.081518
1943 - viaduct_237              . 	SCC: 0.352398, 	SAM: 0.094967
1944 - viaduct_239              . 	SCC: 0.376954, 	SAM: 0.067552
1945 - viaduct_243              . 	SCC: 0.295425, 	SAM: 0.096704
1946 - viaduct_248              . 	SCC: 0.401461, 	SAM: 0.057675
1947 - viaduct_25               . 	SCC: 0.286376, 	SAM: 0.144630
1948 - viaduct_250              . 	SCC: 0.402009, 	SAM: 0.035577
1949 - viaduct_256              . 	SCC: 0.423560, 	SAM: 0.068542
1950 - viaduct_262              . 	SCC: 0.372418, 	SAM: 0.089414
1951 - viaduct_273              . 	SCC: 0.226169, 	SAM: 0.109365
1952 - viaduct_275              . 	SCC: 0.352372, 	SAM: 0.146839
1953 - viaduct_278              . 	SCC: 0.333231, 	SAM: 0.123574
1954 - viaduct_28               . 	SCC: 0.304598, 	SAM: 0.123642
1955 - viaduct_280              . 	SCC: 0.224587, 	SAM: 0.103787
1956 - viaduct_290              . 	SCC: 0.320642, 	SAM: 0.107355
1957 - viaduct_294              . 	SCC: 0.332510, 	SAM: 0.100850
1958 - viaduct_299              . 	SCC: 0.321894, 	SAM: 0.097584
1959 - viaduct_303              . 	SCC: 0.383844, 	SAM: 0.131115
1960 - viaduct_306              . 	SCC: 0.399601, 	SAM: 0.118497
1961 - viaduct_312              . 	SCC: 0.394005, 	SAM: 0.122530
1962 - viaduct_320              . 	SCC: 0.454424, 	SAM: 0.083933
1963 - viaduct_322              . 	SCC: 0.389504, 	SAM: 0.093144
1964 - viaduct_34               . 	SCC: 0.385894, 	SAM: 0.105186
1965 - viaduct_344              . 	SCC: 0.286509, 	SAM: 0.082385
1966 - viaduct_346              . 	SCC: 0.273513, 	SAM: 0.077572
1967 - viaduct_348              . 	SCC: 0.275699, 	SAM: 0.088522
1968 - viaduct_349              . 	SCC: 0.200998, 	SAM: 0.110345
1969 - viaduct_350              . 	SCC: 0.278632, 	SAM: 0.096137
1970 - viaduct_351              . 	SCC: 0.315313, 	SAM: 0.126037
1971 - viaduct_352              . 	SCC: 0.269254, 	SAM: 0.101001
1972 - viaduct_355              . 	SCC: 0.245997, 	SAM: 0.103033
1973 - viaduct_357              . 	SCC: 0.312337, 	SAM: 0.123142
1974 - viaduct_359              . 	SCC: 0.251811, 	SAM: 0.121397
1975 - viaduct_36               . 	SCC: 0.226007, 	SAM: 0.156929
1976 - viaduct_362              . 	SCC: 0.326352, 	SAM: 0.088208
1977 - viaduct_364              . 	SCC: 0.313505, 	SAM: 0.064170
1978 - viaduct_368              . 	SCC: 0.352090, 	SAM: 0.057794
1979 - viaduct_374              . 	SCC: 0.404579, 	SAM: 0.065692
1980 - viaduct_377              . 	SCC: 0.245715, 	SAM: 0.115747
1981 - viaduct_383              . 	SCC: 0.346486, 	SAM: 0.131245
1982 - viaduct_391              . 	SCC: 0.413068, 	SAM: 0.070403
1983 - viaduct_396              . 	SCC: 0.370854, 	SAM: 0.092696
1984 - viaduct_397              . 	SCC: 0.293747, 	SAM: 0.122742
1985 - viaduct_405              . 	SCC: 0.228387, 	SAM: 0.113584
1986 - viaduct_412              . 	SCC: 0.243137, 	SAM: 0.207871
1987 - viaduct_414              . 	SCC: 0.271712, 	SAM: 0.190596
1988 - viaduct_417              . 	SCC: 0.183476, 	SAM: 0.199817
1989 - viaduct_43               . 	SCC: 0.285338, 	SAM: 0.117076
1990 - viaduct_44               . 	SCC: 0.311741, 	SAM: 0.092331
1991 - viaduct_55               . 	SCC: 0.392150, 	SAM: 0.114965
1992 - viaduct_56               . 	SCC: 0.324171, 	SAM: 0.098839
1993 - viaduct_57               . 	SCC: 0.290626, 	SAM: 0.113126
1994 - viaduct_69               . 	SCC: 0.291622, 	SAM: 0.118398
1995 - viaduct_72               . 	SCC: 0.280198, 	SAM: 0.136705
1996 - viaduct_74               . 	SCC: 0.263058, 	SAM: 0.112830
1997 - viaduct_75               . 	SCC: 0.261743, 	SAM: 0.139819
1998 - viaduct_76               . 	SCC: 0.363660, 	SAM: 0.077093
1999 - viaduct_82               . 	SCC: 0.270352, 	SAM: 0.114375
2000 - viaduct_85               . 	SCC: 0.233884, 	SAM: 0.129356
Average: SCC: 0.288236, SAM: 0.100089
