GT folder: datasets/AID-dataset/test/HR
Gen folder: /root/autodl-tmp/TransENet_base/experiment/results/s1_trans_strip_cam_parallel_add_dw5_pa_scale_AID_x2_w32_20260712_112935/x2
Image extension: .png
Crop border: 2
Workers: 1
Found 2000 images
  1 - airport_1                . 	SCC: 0.637402, 	SAM: 0.035778
  2 - airport_106              . 	SCC: 0.624701, 	SAM: 0.051276
  3 - airport_11               . 	SCC: 0.648522, 	SAM: 0.015921
  4 - airport_110              . 	SCC: 0.601915, 	SAM: 0.053204
  5 - airport_111              . 	SCC: 0.605174, 	SAM: 0.066801
  6 - airport_112              . 	SCC: 0.653828, 	SAM: 0.048187
  7 - airport_113              . 	SCC: 0.641618, 	SAM: 0.049745
  8 - airport_119              . 	SCC: 0.567387, 	SAM: 0.027065
  9 - airport_125              . 	SCC: 0.614524, 	SAM: 0.041350
 10 - airport_127              . 	SCC: 0.647655, 	SAM: 0.038341
 11 - airport_133              . 	SCC: 0.666545, 	SAM: 0.033429
 12 - airport_135              . 	SCC: 0.669142, 	SAM: 0.043594
 13 - airport_138              . 	SCC: 0.628648, 	SAM: 0.052039
 14 - airport_141              . 	SCC: 0.615161, 	SAM: 0.055532
 15 - airport_142              . 	SCC: 0.641684, 	SAM: 0.062971
 16 - airport_150              . 	SCC: 0.610441, 	SAM: 0.023985
 17 - airport_153              . 	SCC: 0.637833, 	SAM: 0.040044
 18 - airport_162              . 	SCC: 0.643885, 	SAM: 0.035909
 19 - airport_168              . 	SCC: 0.534610, 	SAM: 0.047946
 20 - airport_173              . 	SCC: 0.639710, 	SAM: 0.050642
 21 - airport_18               . 	SCC: 0.642034, 	SAM: 0.037104
 22 - airport_183              . 	SCC: 0.589300, 	SAM: 0.042468
 23 - airport_184              . 	SCC: 0.666724, 	SAM: 0.030518
 24 - airport_187              . 	SCC: 0.650875, 	SAM: 0.044400
 25 - airport_197              . 	SCC: 0.759722, 	SAM: 0.026961
 26 - airport_201              . 	SCC: 0.749290, 	SAM: 0.045651
 27 - airport_209              . 	SCC: 0.735760, 	SAM: 0.028929
 28 - airport_21               . 	SCC: 0.614294, 	SAM: 0.032546
 29 - airport_214              . 	SCC: 0.760607, 	SAM: 0.039650
 30 - airport_215              . 	SCC: 0.759232, 	SAM: 0.015213
 31 - airport_228              . 	SCC: 0.752181, 	SAM: 0.018009
 32 - airport_229              . 	SCC: 0.758110, 	SAM: 0.030096
 33 - airport_234              . 	SCC: 0.750708, 	SAM: 0.016771
 34 - airport_238              . 	SCC: 0.718596, 	SAM: 0.038862
 35 - airport_245              . 	SCC: 0.731521, 	SAM: 0.019863
 36 - airport_253              . 	SCC: 0.646575, 	SAM: 0.018643
 37 - airport_256              . 	SCC: 0.567497, 	SAM: 0.024290
 38 - airport_259              . 	SCC: 0.643052, 	SAM: 0.027604
 39 - airport_262              . 	SCC: 0.684745, 	SAM: 0.023365
 40 - airport_265              . 	SCC: 0.636293, 	SAM: 0.015270
 41 - airport_267              . 	SCC: 0.640416, 	SAM: 0.017471
 42 - airport_276              . 	SCC: 0.643086, 	SAM: 0.031051
 43 - airport_296              . 	SCC: 0.601688, 	SAM: 0.058126
 44 - airport_300              . 	SCC: 0.622305, 	SAM: 0.060997
 45 - airport_306              . 	SCC: 0.615054, 	SAM: 0.039879
 46 - airport_312              . 	SCC: 0.580136, 	SAM: 0.031926
 47 - airport_318              . 	SCC: 0.615600, 	SAM: 0.046741
 48 - airport_319              . 	SCC: 0.679041, 	SAM: 0.049976
 49 - airport_323              . 	SCC: 0.637475, 	SAM: 0.040164
 50 - airport_338              . 	SCC: 0.653125, 	SAM: 0.031322
 51 - airport_339              . 	SCC: 0.663201, 	SAM: 0.032364
 52 - airport_341              . 	SCC: 0.597733, 	SAM: 0.057964
 53 - airport_342              . 	SCC: 0.589030, 	SAM: 0.068829
 54 - airport_35               . 	SCC: 0.636095, 	SAM: 0.021833
 55 - airport_353              . 	SCC: 0.657789, 	SAM: 0.043913
 56 - airport_357              . 	SCC: 0.643470, 	SAM: 0.053456
 57 - airport_360              . 	SCC: 0.614830, 	SAM: 0.061938
 58 - airport_46               . 	SCC: 0.708204, 	SAM: 0.021475
 59 - airport_48               . 	SCC: 0.645303, 	SAM: 0.020052
 60 - airport_5                . 	SCC: 0.638558, 	SAM: 0.021179
 61 - airport_50               . 	SCC: 0.704973, 	SAM: 0.015085
 62 - airport_57               . 	SCC: 0.638179, 	SAM: 0.030527
 63 - airport_62               . 	SCC: 0.665076, 	SAM: 0.033141
 64 - airport_64               . 	SCC: 0.697588, 	SAM: 0.016912
 65 - airport_65               . 	SCC: 0.636773, 	SAM: 0.032088
 66 - airport_66               . 	SCC: 0.684477, 	SAM: 0.027882
 67 - airport_69               . 	SCC: 0.619980, 	SAM: 0.031666
 68 - airport_71               . 	SCC: 0.612968, 	SAM: 0.013669
 69 - airport_74               . 	SCC: 0.614355, 	SAM: 0.023472
 70 - airport_84               . 	SCC: 0.578142, 	SAM: 0.062569
 71 - airport_88               . 	SCC: 0.653569, 	SAM: 0.038173
 72 - airport_9                . 	SCC: 0.686544, 	SAM: 0.024907
 73 - bareland_100             . 	SCC: 0.761987, 	SAM: 0.011403
 74 - bareland_112             . 	SCC: 0.671610, 	SAM: 0.008376
 75 - bareland_117             . 	SCC: 0.622920, 	SAM: 0.021478
 76 - bareland_119             . 	SCC: 0.711236, 	SAM: 0.010111
 77 - bareland_123             . 	SCC: 0.617912, 	SAM: 0.024916
 78 - bareland_124             . 	SCC: 0.589734, 	SAM: 0.055429
 79 - bareland_131             . 	SCC: 0.748081, 	SAM: 0.024149
 80 - bareland_134             . 	SCC: 0.596489, 	SAM: 0.043348
 81 - bareland_135             . 	SCC: 0.585843, 	SAM: 0.043518
 82 - bareland_137             . 	SCC: 0.683920, 	SAM: 0.028755
 83 - bareland_152             . 	SCC: 0.571363, 	SAM: 0.010669
 84 - bareland_154             . 	SCC: 0.678962, 	SAM: 0.010042
 85 - bareland_156             . 	SCC: 0.742742, 	SAM: 0.010480
 86 - bareland_165             . 	SCC: 0.692059, 	SAM: 0.008995
 87 - bareland_166             . 	SCC: 0.730897, 	SAM: 0.008621
 88 - bareland_18              . 	SCC: 0.689176, 	SAM: 0.006659
 89 - bareland_185             . 	SCC: 0.642109, 	SAM: 0.009296
 90 - bareland_194             . 	SCC: 0.652011, 	SAM: 0.008955
 91 - bareland_20              . 	SCC: 0.685621, 	SAM: 0.009647
 92 - bareland_202             . 	SCC: 0.714762, 	SAM: 0.020154
 93 - bareland_205             . 	SCC: 0.651397, 	SAM: 0.013731
 94 - bareland_206             . 	SCC: 0.635794, 	SAM: 0.010026
 95 - bareland_21              . 	SCC: 0.654288, 	SAM: 0.007538
 96 - bareland_213             . 	SCC: 0.591038, 	SAM: 0.056356
 97 - bareland_216             . 	SCC: 0.539304, 	SAM: 0.041872
 98 - bareland_219             . 	SCC: 0.756022, 	SAM: 0.024517
 99 - bareland_227             . 	SCC: 0.606405, 	SAM: 0.025455
100 - bareland_229             . 	SCC: 0.585067, 	SAM: 0.041132
101 - bareland_230             . 	SCC: 0.534957, 	SAM: 0.037905
102 - bareland_244             . 	SCC: 0.680280, 	SAM: 0.008079
103 - bareland_248             . 	SCC: 0.737024, 	SAM: 0.008651
104 - bareland_254             . 	SCC: 0.724557, 	SAM: 0.018259
105 - bareland_257             . 	SCC: 0.753792, 	SAM: 0.019540
106 - bareland_259             . 	SCC: 0.500673, 	SAM: 0.007362
107 - bareland_268             . 	SCC: 0.612370, 	SAM: 0.012354
108 - bareland_278             . 	SCC: 0.709965, 	SAM: 0.056075
109 - bareland_28              . 	SCC: 0.725980, 	SAM: 0.007631
110 - bareland_287             . 	SCC: 0.689955, 	SAM: 0.018173
111 - bareland_293             . 	SCC: 0.577256, 	SAM: 0.010912
112 - bareland_296             . 	SCC: 0.613453, 	SAM: 0.011460
113 - bareland_3               . 	SCC: 0.650596, 	SAM: 0.022850
114 - bareland_300             . 	SCC: 0.661318, 	SAM: 0.017867
115 - bareland_39              . 	SCC: 0.655488, 	SAM: 0.006130
116 - bareland_4               . 	SCC: 0.594875, 	SAM: 0.007655
117 - bareland_42              . 	SCC: 0.588653, 	SAM: 0.005442
118 - bareland_44              . 	SCC: 0.562871, 	SAM: 0.006264
119 - bareland_45              . 	SCC: 0.673030, 	SAM: 0.014621
120 - bareland_53              . 	SCC: 0.537251, 	SAM: 0.006042
121 - bareland_55              . 	SCC: 0.665628, 	SAM: 0.007424
122 - bareland_58              . 	SCC: 0.582553, 	SAM: 0.004784
123 - bareland_59              . 	SCC: 0.627515, 	SAM: 0.006372
124 - bareland_65              . 	SCC: 0.514351, 	SAM: 0.006492
125 - bareland_7               . 	SCC: 0.633530, 	SAM: 0.005216
126 - bareland_70              . 	SCC: 0.678239, 	SAM: 0.006217
127 - bareland_71              . 	SCC: 0.685491, 	SAM: 0.005107
128 - bareland_76              . 	SCC: 0.706195, 	SAM: 0.009874
129 - bareland_77              . 	SCC: 0.529286, 	SAM: 0.006763
130 - bareland_80              . 	SCC: 0.635947, 	SAM: 0.017528
131 - bareland_83              . 	SCC: 0.810180, 	SAM: 0.010337
132 - bareland_85              . 	SCC: 0.711309, 	SAM: 0.020540
133 - bareland_93              . 	SCC: 0.742264, 	SAM: 0.010596
134 - bareland_98              . 	SCC: 0.760419, 	SAM: 0.010669
135 - baseballfield_102        . 	SCC: 0.765170, 	SAM: 0.034298
136 - baseballfield_109        . 	SCC: 0.775496, 	SAM: 0.027825
137 - baseballfield_119        . 	SCC: 0.779225, 	SAM: 0.031239
138 - baseballfield_121        . 	SCC: 0.785886, 	SAM: 0.026831
139 - baseballfield_132        . 	SCC: 0.771280, 	SAM: 0.014929
140 - baseballfield_133        . 	SCC: 0.774098, 	SAM: 0.012333
141 - baseballfield_135        . 	SCC: 0.716761, 	SAM: 0.012948
142 - baseballfield_141        . 	SCC: 0.731589, 	SAM: 0.012707
143 - baseballfield_144        . 	SCC: 0.783048, 	SAM: 0.016493
144 - baseballfield_147        . 	SCC: 0.765745, 	SAM: 0.011747
145 - baseballfield_148        . 	SCC: 0.796099, 	SAM: 0.012300
146 - baseballfield_149        . 	SCC: 0.704562, 	SAM: 0.011971
147 - baseballfield_151        . 	SCC: 0.781440, 	SAM: 0.023174
148 - baseballfield_155        . 	SCC: 0.772028, 	SAM: 0.032775
149 - baseballfield_16         . 	SCC: 0.744751, 	SAM: 0.040714
150 - baseballfield_17         . 	SCC: 0.756156, 	SAM: 0.039291
151 - baseballfield_174        . 	SCC: 0.815880, 	SAM: 0.018410
152 - baseballfield_178        . 	SCC: 0.748703, 	SAM: 0.009456
153 - baseballfield_179        . 	SCC: 0.763763, 	SAM: 0.015244
154 - baseballfield_186        . 	SCC: 0.560549, 	SAM: 0.080383
155 - baseballfield_188        . 	SCC: 0.552218, 	SAM: 0.073731
156 - baseballfield_20         . 	SCC: 0.766469, 	SAM: 0.032514
157 - baseballfield_202        . 	SCC: 0.614133, 	SAM: 0.087118
158 - baseballfield_204        . 	SCC: 0.595205, 	SAM: 0.057869
159 - baseballfield_210        . 	SCC: 0.611479, 	SAM: 0.077587
160 - baseballfield_211        . 	SCC: 0.594131, 	SAM: 0.062671
161 - baseballfield_212        . 	SCC: 0.577537, 	SAM: 0.084350
162 - baseballfield_24         . 	SCC: 0.753261, 	SAM: 0.037770
163 - baseballfield_27         . 	SCC: 0.749540, 	SAM: 0.035723
164 - baseballfield_3          . 	SCC: 0.774811, 	SAM: 0.017928
165 - baseballfield_36         . 	SCC: 0.778811, 	SAM: 0.032544
166 - baseballfield_41         . 	SCC: 0.792244, 	SAM: 0.043279
167 - baseballfield_55         . 	SCC: 0.727983, 	SAM: 0.030486
168 - baseballfield_66         . 	SCC: 0.738937, 	SAM: 0.029518
169 - baseballfield_67         . 	SCC: 0.737557, 	SAM: 0.033981
170 - baseballfield_76         . 	SCC: 0.816373, 	SAM: 0.027504
171 - baseballfield_78         . 	SCC: 0.729628, 	SAM: 0.046678
172 - baseballfield_85         . 	SCC: 0.790253, 	SAM: 0.030734
173 - baseballfield_88         . 	SCC: 0.827254, 	SAM: 0.021695
174 - baseballfield_89         . 	SCC: 0.751899, 	SAM: 0.040365
175 - baseballfield_92         . 	SCC: 0.759109, 	SAM: 0.033787
176 - baseballfield_93         . 	SCC: 0.772519, 	SAM: 0.022535
177 - baseballfield_96         . 	SCC: 0.806176, 	SAM: 0.014222
178 - baseballfield_98         . 	SCC: 0.778206, 	SAM: 0.034409
179 - beach_111                . 	SCC: 0.501058, 	SAM: 0.012216
180 - beach_112                . 	SCC: 0.523173, 	SAM: 0.014850
181 - beach_113                . 	SCC: 0.641751, 	SAM: 0.018398
182 - beach_141                . 	SCC: 0.573893, 	SAM: 0.008977
183 - beach_142                . 	SCC: 0.623793, 	SAM: 0.009498
184 - beach_146                . 	SCC: 0.658432, 	SAM: 0.022911
185 - beach_147                . 	SCC: 0.665461, 	SAM: 0.019381
186 - beach_158                . 	SCC: 0.605358, 	SAM: 0.019910
187 - beach_160                . 	SCC: 0.664183, 	SAM: 0.026554
188 - beach_164                . 	SCC: 0.600373, 	SAM: 0.029588
189 - beach_182                . 	SCC: 0.490650, 	SAM: 0.136333
190 - beach_183                . 	SCC: 0.526624, 	SAM: 0.081617
191 - beach_184                . 	SCC: 0.586402, 	SAM: 0.113939
192 - beach_189                . 	SCC: 0.546279, 	SAM: 0.087433
193 - beach_194                . 	SCC: 0.574450, 	SAM: 0.093940
194 - beach_195                . 	SCC: 0.667424, 	SAM: 0.086247
195 - beach_2                  . 	SCC: 0.692556, 	SAM: 0.017560
196 - beach_200                . 	SCC: 0.547671, 	SAM: 0.033865
197 - beach_208                . 	SCC: 0.600491, 	SAM: 0.021848
198 - beach_209                . 	SCC: 0.638050, 	SAM: 0.034673
199 - beach_217                . 	SCC: 0.711631, 	SAM: 0.024838
200 - beach_220                . 	SCC: 0.527190, 	SAM: 0.083184
201 - beach_221                . 	SCC: 0.498468, 	SAM: 0.069766
202 - beach_225                . 	SCC: 0.604329, 	SAM: 0.053292
203 - beach_227                . 	SCC: 0.778460, 	SAM: 0.025145
204 - beach_230                . 	SCC: 0.623520, 	SAM: 0.008793
205 - beach_234                . 	SCC: 0.635931, 	SAM: 0.022928
206 - beach_243                . 	SCC: 0.631021, 	SAM: 0.062347
207 - beach_247                . 	SCC: 0.454038, 	SAM: 0.051370
208 - beach_253                . 	SCC: 0.670558, 	SAM: 0.055688
209 - beach_256                . 	SCC: 0.535919, 	SAM: 0.048801
210 - beach_262                . 	SCC: 0.377513, 	SAM: 0.062606
211 - beach_266                . 	SCC: 0.596555, 	SAM: 0.006648
212 - beach_270                . 	SCC: 0.628015, 	SAM: 0.008930
213 - beach_274                . 	SCC: 0.788312, 	SAM: 0.012782
214 - beach_279                . 	SCC: 0.699795, 	SAM: 0.009823
215 - beach_284                . 	SCC: 0.624412, 	SAM: 0.010695
216 - beach_285                . 	SCC: 0.440429, 	SAM: 0.005422
217 - beach_286                . 	SCC: 0.529872, 	SAM: 0.008167
218 - beach_289                . 	SCC: 0.519315, 	SAM: 0.022875
219 - beach_295                . 	SCC: 0.373062, 	SAM: 0.005540
220 - beach_296                . 	SCC: 0.433548, 	SAM: 0.006207
221 - beach_298                . 	SCC: 0.477963, 	SAM: 0.008694
222 - beach_302                . 	SCC: 0.434224, 	SAM: 0.006117
223 - beach_318                . 	SCC: 0.521328, 	SAM: 0.013150
224 - beach_321                . 	SCC: 0.497330, 	SAM: 0.008572
225 - beach_323                . 	SCC: 0.713542, 	SAM: 0.135224
226 - beach_326                . 	SCC: 0.498516, 	SAM: 0.100547
227 - beach_329                . 	SCC: 0.565967, 	SAM: 0.022741
228 - beach_33                 . 	SCC: 0.631171, 	SAM: 0.006084
229 - beach_333                . 	SCC: 0.768191, 	SAM: 0.031342
230 - beach_337                . 	SCC: 0.383009, 	SAM: 0.040858
231 - beach_345                . 	SCC: 0.622984, 	SAM: 0.025591
232 - beach_361                . 	SCC: 0.649598, 	SAM: 0.013019
233 - beach_362                . 	SCC: 0.483630, 	SAM: 0.011575
234 - beach_363                . 	SCC: 0.415626, 	SAM: 0.053529
235 - beach_371                . 	SCC: 0.733146, 	SAM: 0.013578
236 - beach_376                . 	SCC: 0.521171, 	SAM: 0.044649
237 - beach_381                . 	SCC: 0.697136, 	SAM: 0.037999
238 - beach_382                . 	SCC: 0.563301, 	SAM: 0.044116
239 - beach_383                . 	SCC: 0.508723, 	SAM: 0.039071
240 - beach_39                 . 	SCC: 0.569384, 	SAM: 0.004364
241 - beach_394                . 	SCC: 0.475971, 	SAM: 0.107816
242 - beach_397                . 	SCC: 0.672310, 	SAM: 0.105141
243 - beach_4                  . 	SCC: 0.612681, 	SAM: 0.007452
244 - beach_42                 . 	SCC: 0.671920, 	SAM: 0.045230
245 - beach_44                 . 	SCC: 0.607384, 	SAM: 0.033866
246 - beach_5                  . 	SCC: 0.616740, 	SAM: 0.009285
247 - beach_52                 . 	SCC: 0.723708, 	SAM: 0.009830
248 - beach_54                 . 	SCC: 0.786706, 	SAM: 0.018598
249 - beach_58                 . 	SCC: 0.762221, 	SAM: 0.024698
250 - beach_61                 . 	SCC: 0.547204, 	SAM: 0.011745
251 - beach_62                 . 	SCC: 0.668850, 	SAM: 0.007610
252 - beach_63                 . 	SCC: 0.659196, 	SAM: 0.008271
253 - beach_66                 . 	SCC: 0.628543, 	SAM: 0.039180
254 - beach_68                 . 	SCC: 0.615409, 	SAM: 0.005164
255 - beach_87                 . 	SCC: 0.624876, 	SAM: 0.011562
256 - beach_88                 . 	SCC: 0.639733, 	SAM: 0.004861
257 - beach_92                 . 	SCC: 0.759203, 	SAM: 0.010302
258 - beach_93                 . 	SCC: 0.745713, 	SAM: 0.010580
259 - bridge_10                . 	SCC: 0.732475, 	SAM: 0.022885
260 - bridge_101               . 	SCC: 0.591359, 	SAM: 0.044389
261 - bridge_107               . 	SCC: 0.631406, 	SAM: 0.011889
262 - bridge_108               . 	SCC: 0.804540, 	SAM: 0.026937
263 - bridge_109               . 	SCC: 0.683144, 	SAM: 0.016871
264 - bridge_12                . 	SCC: 0.604165, 	SAM: 0.038051
265 - bridge_121               . 	SCC: 0.769427, 	SAM: 0.014874
266 - bridge_122               . 	SCC: 0.729060, 	SAM: 0.033039
267 - bridge_13                . 	SCC: 0.573492, 	SAM: 0.058305
268 - bridge_136               . 	SCC: 0.733935, 	SAM: 0.018104
269 - bridge_141               . 	SCC: 0.683450, 	SAM: 0.013061
270 - bridge_145               . 	SCC: 0.645128, 	SAM: 0.053966
271 - bridge_148               . 	SCC: 0.628458, 	SAM: 0.020579
272 - bridge_154               . 	SCC: 0.626316, 	SAM: 0.063494
273 - bridge_156               . 	SCC: 0.782602, 	SAM: 0.022937
274 - bridge_158               . 	SCC: 0.608924, 	SAM: 0.078409
275 - bridge_162               . 	SCC: 0.665595, 	SAM: 0.058865
276 - bridge_164               . 	SCC: 0.682359, 	SAM: 0.023850
277 - bridge_170               . 	SCC: 0.678740, 	SAM: 0.032947
278 - bridge_173               . 	SCC: 0.612495, 	SAM: 0.067756
279 - bridge_175               . 	SCC: 0.708965, 	SAM: 0.029470
280 - bridge_177               . 	SCC: 0.469707, 	SAM: 0.096581
281 - bridge_185               . 	SCC: 0.624049, 	SAM: 0.033825
282 - bridge_193               . 	SCC: 0.668558, 	SAM: 0.040366
283 - bridge_195               . 	SCC: 0.638633, 	SAM: 0.011579
284 - bridge_199               . 	SCC: 0.769282, 	SAM: 0.021174
285 - bridge_202               . 	SCC: 0.654019, 	SAM: 0.010436
286 - bridge_203               . 	SCC: 0.494631, 	SAM: 0.008910
287 - bridge_21                . 	SCC: 0.725573, 	SAM: 0.022032
288 - bridge_215               . 	SCC: 0.596534, 	SAM: 0.025559
289 - bridge_22                . 	SCC: 0.706474, 	SAM: 0.020753
290 - bridge_220               . 	SCC: 0.707070, 	SAM: 0.028030
291 - bridge_222               . 	SCC: 0.605879, 	SAM: 0.072977
292 - bridge_225               . 	SCC: 0.574347, 	SAM: 0.026590
293 - bridge_227               . 	SCC: 0.586458, 	SAM: 0.060095
294 - bridge_230               . 	SCC: 0.534631, 	SAM: 0.056254
295 - bridge_233               . 	SCC: 0.437418, 	SAM: 0.026824
296 - bridge_236               . 	SCC: 0.588950, 	SAM: 0.040938
297 - bridge_237               . 	SCC: 0.550804, 	SAM: 0.044437
298 - bridge_242               . 	SCC: 0.449174, 	SAM: 0.049058
299 - bridge_247               . 	SCC: 0.571122, 	SAM: 0.037986
300 - bridge_252               . 	SCC: 0.586234, 	SAM: 0.049531
301 - bridge_261               . 	SCC: 0.585373, 	SAM: 0.131200
302 - bridge_267               . 	SCC: 0.446229, 	SAM: 0.134224
303 - bridge_268               . 	SCC: 0.409841, 	SAM: 0.090624
304 - bridge_285               . 	SCC: 0.587093, 	SAM: 0.078939
305 - bridge_289               . 	SCC: 0.463520, 	SAM: 0.138874
306 - bridge_3                 . 	SCC: 0.553565, 	SAM: 0.024904
307 - bridge_300               . 	SCC: 0.511119, 	SAM: 0.113829
308 - bridge_306               . 	SCC: 0.414950, 	SAM: 0.072883
309 - bridge_31                . 	SCC: 0.672718, 	SAM: 0.017244
310 - bridge_314               . 	SCC: 0.569643, 	SAM: 0.086814
311 - bridge_321               . 	SCC: 0.601968, 	SAM: 0.055883
312 - bridge_329               . 	SCC: 0.659357, 	SAM: 0.041607
313 - bridge_330               . 	SCC: 0.559763, 	SAM: 0.087791
314 - bridge_334               . 	SCC: 0.567165, 	SAM: 0.079583
315 - bridge_338               . 	SCC: 0.529912, 	SAM: 0.037453
316 - bridge_342               . 	SCC: 0.547843, 	SAM: 0.066557
317 - bridge_353               . 	SCC: 0.621180, 	SAM: 0.023804
318 - bridge_354               . 	SCC: 0.628137, 	SAM: 0.024974
319 - bridge_40                . 	SCC: 0.424573, 	SAM: 0.011100
320 - bridge_43                . 	SCC: 0.424687, 	SAM: 0.013043
321 - bridge_46                . 	SCC: 0.526585, 	SAM: 0.018724
322 - bridge_49                . 	SCC: 0.534814, 	SAM: 0.021946
323 - bridge_52                . 	SCC: 0.599938, 	SAM: 0.026312
324 - bridge_55                . 	SCC: 0.553082, 	SAM: 0.030571
325 - bridge_62                . 	SCC: 0.560523, 	SAM: 0.035348
326 - bridge_64                . 	SCC: 0.692545, 	SAM: 0.031190
327 - bridge_67                . 	SCC: 0.680503, 	SAM: 0.052341
328 - bridge_82                . 	SCC: 0.515745, 	SAM: 0.102408
329 - bridge_91                . 	SCC: 0.578572, 	SAM: 0.027240
330 - bridge_92                . 	SCC: 0.645070, 	SAM: 0.030745
331 - center_100               . 	SCC: 0.599144, 	SAM: 0.012903
332 - center_103               . 	SCC: 0.625040, 	SAM: 0.024326
333 - center_106               . 	SCC: 0.564542, 	SAM: 0.028381
334 - center_109               . 	SCC: 0.660187, 	SAM: 0.057875
335 - center_121               . 	SCC: 0.565512, 	SAM: 0.039696
336 - center_122               . 	SCC: 0.706548, 	SAM: 0.042297
337 - center_126               . 	SCC: 0.621737, 	SAM: 0.072628
338 - center_128               . 	SCC: 0.531028, 	SAM: 0.087704
339 - center_145               . 	SCC: 0.646612, 	SAM: 0.082741
340 - center_147               . 	SCC: 0.713853, 	SAM: 0.053934
341 - center_149               . 	SCC: 0.752339, 	SAM: 0.050285
342 - center_150               . 	SCC: 0.668366, 	SAM: 0.061590
343 - center_159               . 	SCC: 0.532592, 	SAM: 0.010253
344 - center_170               . 	SCC: 0.660873, 	SAM: 0.014054
345 - center_171               . 	SCC: 0.673425, 	SAM: 0.016595
346 - center_174               . 	SCC: 0.549003, 	SAM: 0.010201
347 - center_177               . 	SCC: 0.657862, 	SAM: 0.009171
348 - center_181               . 	SCC: 0.705043, 	SAM: 0.025414
349 - center_186               . 	SCC: 0.678412, 	SAM: 0.051239
350 - center_188               . 	SCC: 0.659472, 	SAM: 0.040155
351 - center_190               . 	SCC: 0.592797, 	SAM: 0.113352
352 - center_196               . 	SCC: 0.521129, 	SAM: 0.098531
353 - center_200               . 	SCC: 0.655009, 	SAM: 0.067889
354 - center_206               . 	SCC: 0.580778, 	SAM: 0.114342
355 - center_214               . 	SCC: 0.573155, 	SAM: 0.027904
356 - center_216               . 	SCC: 0.682274, 	SAM: 0.067978
357 - center_220               . 	SCC: 0.710607, 	SAM: 0.013589
358 - center_227               . 	SCC: 0.691618, 	SAM: 0.033697
359 - center_235               . 	SCC: 0.559067, 	SAM: 0.009651
360 - center_238               . 	SCC: 0.706691, 	SAM: 0.020805
361 - center_251               . 	SCC: 0.631255, 	SAM: 0.019752
362 - center_253               . 	SCC: 0.595958, 	SAM: 0.141918
363 - center_27                . 	SCC: 0.777939, 	SAM: 0.020162
364 - center_33                . 	SCC: 0.602820, 	SAM: 0.083120
365 - center_34                . 	SCC: 0.653741, 	SAM: 0.082239
366 - center_35                . 	SCC: 0.733420, 	SAM: 0.045155
367 - center_36                . 	SCC: 0.697996, 	SAM: 0.042360
368 - center_37                . 	SCC: 0.701571, 	SAM: 0.034293
369 - center_45                . 	SCC: 0.670478, 	SAM: 0.047137
370 - center_48                . 	SCC: 0.566981, 	SAM: 0.123119
371 - center_51                . 	SCC: 0.587376, 	SAM: 0.103772
372 - center_57                . 	SCC: 0.726597, 	SAM: 0.030948
373 - center_61                . 	SCC: 0.696225, 	SAM: 0.058762
374 - center_66                . 	SCC: 0.594103, 	SAM: 0.038483
375 - center_72                . 	SCC: 0.616973, 	SAM: 0.088953
376 - center_74                . 	SCC: 0.610633, 	SAM: 0.096263
377 - center_76                . 	SCC: 0.601059, 	SAM: 0.097216
378 - center_77                . 	SCC: 0.708053, 	SAM: 0.025000
379 - center_8                 . 	SCC: 0.673746, 	SAM: 0.061170
380 - center_81                . 	SCC: 0.627938, 	SAM: 0.081352
381 - center_94                . 	SCC: 0.658490, 	SAM: 0.107329
382 - center_97                . 	SCC: 0.566014, 	SAM: 0.040105
383 - church_100               . 	SCC: 0.683068, 	SAM: 0.082450
384 - church_111               . 	SCC: 0.697208, 	SAM: 0.064690
385 - church_113               . 	SCC: 0.763568, 	SAM: 0.032596
386 - church_115               . 	SCC: 0.724687, 	SAM: 0.029910
387 - church_116               . 	SCC: 0.722802, 	SAM: 0.031515
388 - church_119               . 	SCC: 0.739016, 	SAM: 0.028874
389 - church_128               . 	SCC: 0.705915, 	SAM: 0.078852
390 - church_132               . 	SCC: 0.721542, 	SAM: 0.074339
391 - church_136               . 	SCC: 0.670240, 	SAM: 0.090316
392 - church_138               . 	SCC: 0.612485, 	SAM: 0.112049
393 - church_139               . 	SCC: 0.691628, 	SAM: 0.092930
394 - church_143               . 	SCC: 0.737805, 	SAM: 0.110285
395 - church_146               . 	SCC: 0.688706, 	SAM: 0.090927
396 - church_171               . 	SCC: 0.734402, 	SAM: 0.069742
397 - church_174               . 	SCC: 0.714506, 	SAM: 0.096604
398 - church_177               . 	SCC: 0.667176, 	SAM: 0.115926
399 - church_18                . 	SCC: 0.727668, 	SAM: 0.079457
400 - church_19                . 	SCC: 0.675865, 	SAM: 0.095963
401 - church_191               . 	SCC: 0.686356, 	SAM: 0.079665
402 - church_195               . 	SCC: 0.653681, 	SAM: 0.128484
403 - church_197               . 	SCC: 0.618344, 	SAM: 0.120229
404 - church_2                 . 	SCC: 0.801685, 	SAM: 0.043900
405 - church_200               . 	SCC: 0.598013, 	SAM: 0.091136
406 - church_204               . 	SCC: 0.584532, 	SAM: 0.042008
407 - church_210               . 	SCC: 0.643094, 	SAM: 0.097782
408 - church_214               . 	SCC: 0.694374, 	SAM: 0.130834
409 - church_219               . 	SCC: 0.653264, 	SAM: 0.101941
410 - church_22                . 	SCC: 0.655250, 	SAM: 0.118720
411 - church_220               . 	SCC: 0.615202, 	SAM: 0.133056
412 - church_223               . 	SCC: 0.604935, 	SAM: 0.112909
413 - church_225               . 	SCC: 0.701476, 	SAM: 0.096400
414 - church_226               . 	SCC: 0.603015, 	SAM: 0.116772
415 - church_23                . 	SCC: 0.594666, 	SAM: 0.165685
416 - church_235               . 	SCC: 0.634205, 	SAM: 0.096486
417 - church_238               . 	SCC: 0.729197, 	SAM: 0.037581
418 - church_28                . 	SCC: 0.653439, 	SAM: 0.088995
419 - church_32                . 	SCC: 0.728075, 	SAM: 0.071593
420 - church_37                . 	SCC: 0.731367, 	SAM: 0.072328
421 - church_38                . 	SCC: 0.695430, 	SAM: 0.093747
422 - church_41                . 	SCC: 0.703133, 	SAM: 0.076341
423 - church_45                . 	SCC: 0.636078, 	SAM: 0.133293
424 - church_56                . 	SCC: 0.712772, 	SAM: 0.051358
425 - church_6                 . 	SCC: 0.718914, 	SAM: 0.069659
426 - church_7                 . 	SCC: 0.702303, 	SAM: 0.082283
427 - church_71                . 	SCC: 0.793388, 	SAM: 0.030585
428 - church_83                . 	SCC: 0.621908, 	SAM: 0.101808
429 - church_88                . 	SCC: 0.616464, 	SAM: 0.143582
430 - church_89                . 	SCC: 0.724200, 	SAM: 0.072321
431 - commercial_102           . 	SCC: 0.709219, 	SAM: 0.070728
432 - commercial_103           . 	SCC: 0.717925, 	SAM: 0.019662
433 - commercial_104           . 	SCC: 0.756352, 	SAM: 0.055205
434 - commercial_105           . 	SCC: 0.761940, 	SAM: 0.043914
435 - commercial_108           . 	SCC: 0.777231, 	SAM: 0.042024
436 - commercial_11            . 	SCC: 0.691862, 	SAM: 0.042503
437 - commercial_111           . 	SCC: 0.766616, 	SAM: 0.057350
438 - commercial_112           . 	SCC: 0.775994, 	SAM: 0.062012
439 - commercial_119           . 	SCC: 0.702674, 	SAM: 0.084716
440 - commercial_123           . 	SCC: 0.741839, 	SAM: 0.073136
441 - commercial_124           . 	SCC: 0.714753, 	SAM: 0.016610
442 - commercial_126           . 	SCC: 0.705066, 	SAM: 0.025666
443 - commercial_130           . 	SCC: 0.732657, 	SAM: 0.023279
444 - commercial_133           . 	SCC: 0.748390, 	SAM: 0.053267
445 - commercial_153           . 	SCC: 0.774522, 	SAM: 0.028029
446 - commercial_154           . 	SCC: 0.721902, 	SAM: 0.043394
447 - commercial_157           . 	SCC: 0.709440, 	SAM: 0.043655
448 - commercial_159           . 	SCC: 0.708552, 	SAM: 0.049306
449 - commercial_16            . 	SCC: 0.671951, 	SAM: 0.092472
450 - commercial_163           . 	SCC: 0.681562, 	SAM: 0.034699
451 - commercial_169           . 	SCC: 0.649434, 	SAM: 0.073967
452 - commercial_17            . 	SCC: 0.722251, 	SAM: 0.018793
453 - commercial_173           . 	SCC: 0.770687, 	SAM: 0.038329
454 - commercial_186           . 	SCC: 0.726296, 	SAM: 0.040044
455 - commercial_19            . 	SCC: 0.737583, 	SAM: 0.019152
456 - commercial_197           . 	SCC: 0.726488, 	SAM: 0.054770
457 - commercial_198           . 	SCC: 0.726268, 	SAM: 0.052651
458 - commercial_2             . 	SCC: 0.692425, 	SAM: 0.023293
459 - commercial_202           . 	SCC: 0.671130, 	SAM: 0.023605
460 - commercial_206           . 	SCC: 0.703111, 	SAM: 0.024442
461 - commercial_209           . 	SCC: 0.710861, 	SAM: 0.040041
462 - commercial_215           . 	SCC: 0.645221, 	SAM: 0.040400
463 - commercial_224           . 	SCC: 0.786832, 	SAM: 0.016926
464 - commercial_227           . 	SCC: 0.735355, 	SAM: 0.040007
465 - commercial_242           . 	SCC: 0.682087, 	SAM: 0.027683
466 - commercial_244           . 	SCC: 0.679051, 	SAM: 0.038383
467 - commercial_249           . 	SCC: 0.687482, 	SAM: 0.031792
468 - commercial_252           . 	SCC: 0.659951, 	SAM: 0.045145
469 - commercial_254           . 	SCC: 0.657119, 	SAM: 0.033536
470 - commercial_263           . 	SCC: 0.695542, 	SAM: 0.099561
471 - commercial_270           . 	SCC: 0.652542, 	SAM: 0.078295
472 - commercial_275           . 	SCC: 0.689565, 	SAM: 0.039982
473 - commercial_28            . 	SCC: 0.685611, 	SAM: 0.082567
474 - commercial_286           . 	SCC: 0.707656, 	SAM: 0.039087
475 - commercial_291           . 	SCC: 0.749334, 	SAM: 0.037076
476 - commercial_296           . 	SCC: 0.683223, 	SAM: 0.039349
477 - commercial_305           . 	SCC: 0.691987, 	SAM: 0.062042
478 - commercial_307           . 	SCC: 0.620767, 	SAM: 0.092296
479 - commercial_311           . 	SCC: 0.684996, 	SAM: 0.040180
480 - commercial_324           . 	SCC: 0.696740, 	SAM: 0.033101
481 - commercial_327           . 	SCC: 0.702524, 	SAM: 0.021266
482 - commercial_338           . 	SCC: 0.704146, 	SAM: 0.039193
483 - commercial_339           . 	SCC: 0.702907, 	SAM: 0.037123
484 - commercial_344           . 	SCC: 0.760508, 	SAM: 0.026783
485 - commercial_346           . 	SCC: 0.752008, 	SAM: 0.024698
486 - commercial_36            . 	SCC: 0.631265, 	SAM: 0.094373
487 - commercial_4             . 	SCC: 0.707604, 	SAM: 0.032678
488 - commercial_40            . 	SCC: 0.595652, 	SAM: 0.102509
489 - commercial_49            . 	SCC: 0.697066, 	SAM: 0.051227
490 - commercial_50            . 	SCC: 0.701269, 	SAM: 0.039249
491 - commercial_57            . 	SCC: 0.671884, 	SAM: 0.063474
492 - commercial_6             . 	SCC: 0.674553, 	SAM: 0.051397
493 - commercial_60            . 	SCC: 0.750729, 	SAM: 0.066971
494 - commercial_64            . 	SCC: 0.720985, 	SAM: 0.064245
495 - commercial_71            . 	SCC: 0.707359, 	SAM: 0.029026
496 - commercial_72            . 	SCC: 0.694153, 	SAM: 0.067550
497 - commercial_84            . 	SCC: 0.667066, 	SAM: 0.054010
498 - commercial_87            . 	SCC: 0.733532, 	SAM: 0.071031
499 - commercial_89            . 	SCC: 0.745470, 	SAM: 0.045227
500 - commercial_97            . 	SCC: 0.721718, 	SAM: 0.070313
501 - denseresidential_105     . 	SCC: 0.614194, 	SAM: 0.132530
502 - denseresidential_111     . 	SCC: 0.574938, 	SAM: 0.142435
503 - denseresidential_116     . 	SCC: 0.626533, 	SAM: 0.144984
504 - denseresidential_119     . 	SCC: 0.668785, 	SAM: 0.097500
505 - denseresidential_12      . 	SCC: 0.638267, 	SAM: 0.135064
506 - denseresidential_125     . 	SCC: 0.651967, 	SAM: 0.092366
507 - denseresidential_129     . 	SCC: 0.706814, 	SAM: 0.085036
508 - denseresidential_13      . 	SCC: 0.654806, 	SAM: 0.120512
509 - denseresidential_132     . 	SCC: 0.674563, 	SAM: 0.085396
510 - denseresidential_135     . 	SCC: 0.671829, 	SAM: 0.093269
511 - denseresidential_139     . 	SCC: 0.686194, 	SAM: 0.084089
512 - denseresidential_141     . 	SCC: 0.699455, 	SAM: 0.087065
513 - denseresidential_15      . 	SCC: 0.627978, 	SAM: 0.126005
514 - denseresidential_158     . 	SCC: 0.733871, 	SAM: 0.049199
515 - denseresidential_160     . 	SCC: 0.773546, 	SAM: 0.043012
516 - denseresidential_164     . 	SCC: 0.771166, 	SAM: 0.052047
517 - denseresidential_177     . 	SCC: 0.756946, 	SAM: 0.041901
518 - denseresidential_182     . 	SCC: 0.612293, 	SAM: 0.123482
519 - denseresidential_188     . 	SCC: 0.627995, 	SAM: 0.119146
520 - denseresidential_194     . 	SCC: 0.591415, 	SAM: 0.139802
521 - denseresidential_20      . 	SCC: 0.613907, 	SAM: 0.110068
522 - denseresidential_201     . 	SCC: 0.656015, 	SAM: 0.096204
523 - denseresidential_206     . 	SCC: 0.655223, 	SAM: 0.115175
524 - denseresidential_208     . 	SCC: 0.691824, 	SAM: 0.106024
525 - denseresidential_212     . 	SCC: 0.622325, 	SAM: 0.117966
526 - denseresidential_214     . 	SCC: 0.643384, 	SAM: 0.113476
527 - denseresidential_222     . 	SCC: 0.662737, 	SAM: 0.113478
528 - denseresidential_224     . 	SCC: 0.648957, 	SAM: 0.106604
529 - denseresidential_225     . 	SCC: 0.630087, 	SAM: 0.127711
530 - denseresidential_229     . 	SCC: 0.567505, 	SAM: 0.147398
531 - denseresidential_230     . 	SCC: 0.637686, 	SAM: 0.118329
532 - denseresidential_234     . 	SCC: 0.630222, 	SAM: 0.124030
533 - denseresidential_235     . 	SCC: 0.691338, 	SAM: 0.104325
534 - denseresidential_24      . 	SCC: 0.660444, 	SAM: 0.097163
535 - denseresidential_240     . 	SCC: 0.651231, 	SAM: 0.132479
536 - denseresidential_246     . 	SCC: 0.753395, 	SAM: 0.043031
537 - denseresidential_247     . 	SCC: 0.801628, 	SAM: 0.048148
538 - denseresidential_25      . 	SCC: 0.639262, 	SAM: 0.094740
539 - denseresidential_259     . 	SCC: 0.799454, 	SAM: 0.032830
540 - denseresidential_265     . 	SCC: 0.796992, 	SAM: 0.041474
541 - denseresidential_274     . 	SCC: 0.740552, 	SAM: 0.072253
542 - denseresidential_279     . 	SCC: 0.793143, 	SAM: 0.049841
543 - denseresidential_287     . 	SCC: 0.636772, 	SAM: 0.068273
544 - denseresidential_292     . 	SCC: 0.644999, 	SAM: 0.101394
545 - denseresidential_293     . 	SCC: 0.708516, 	SAM: 0.069464
546 - denseresidential_294     . 	SCC: 0.679664, 	SAM: 0.077640
547 - denseresidential_299     . 	SCC: 0.608246, 	SAM: 0.126872
548 - denseresidential_300     . 	SCC: 0.643743, 	SAM: 0.129045
549 - denseresidential_302     . 	SCC: 0.711215, 	SAM: 0.058241
550 - denseresidential_310     . 	SCC: 0.751184, 	SAM: 0.042522
551 - denseresidential_314     . 	SCC: 0.740030, 	SAM: 0.044513
552 - denseresidential_322     . 	SCC: 0.719484, 	SAM: 0.083065
553 - denseresidential_325     . 	SCC: 0.677543, 	SAM: 0.100856
554 - denseresidential_331     . 	SCC: 0.709345, 	SAM: 0.087576
555 - denseresidential_336     . 	SCC: 0.696910, 	SAM: 0.084172
556 - denseresidential_349     . 	SCC: 0.771732, 	SAM: 0.069084
557 - denseresidential_35      . 	SCC: 0.707628, 	SAM: 0.082410
558 - denseresidential_357     . 	SCC: 0.698908, 	SAM: 0.064067
559 - denseresidential_362     . 	SCC: 0.614787, 	SAM: 0.127076
560 - denseresidential_365     . 	SCC: 0.738563, 	SAM: 0.079270
561 - denseresidential_368     . 	SCC: 0.724042, 	SAM: 0.085199
562 - denseresidential_389     . 	SCC: 0.637369, 	SAM: 0.124691
563 - denseresidential_39      . 	SCC: 0.594180, 	SAM: 0.120415
564 - denseresidential_393     . 	SCC: 0.636857, 	SAM: 0.112668
565 - denseresidential_394     . 	SCC: 0.644433, 	SAM: 0.111799
566 - denseresidential_40      . 	SCC: 0.646965, 	SAM: 0.095712
567 - denseresidential_402     . 	SCC: 0.714666, 	SAM: 0.120668
568 - denseresidential_47      . 	SCC: 0.644045, 	SAM: 0.120182
569 - denseresidential_48      . 	SCC: 0.742200, 	SAM: 0.066286
570 - denseresidential_50      . 	SCC: 0.708163, 	SAM: 0.025457
571 - denseresidential_53      . 	SCC: 0.714997, 	SAM: 0.020343
572 - denseresidential_60      . 	SCC: 0.722863, 	SAM: 0.029674
573 - denseresidential_66      . 	SCC: 0.712695, 	SAM: 0.035971
574 - denseresidential_67      . 	SCC: 0.687693, 	SAM: 0.021279
575 - denseresidential_76      . 	SCC: 0.644314, 	SAM: 0.030153
576 - denseresidential_79      . 	SCC: 0.696127, 	SAM: 0.023804
577 - denseresidential_81      . 	SCC: 0.668970, 	SAM: 0.036708
578 - denseresidential_83      . 	SCC: 0.723098, 	SAM: 0.070184
579 - denseresidential_89      . 	SCC: 0.766903, 	SAM: 0.031018
580 - denseresidential_91      . 	SCC: 0.768646, 	SAM: 0.033504
581 - denseresidential_94      . 	SCC: 0.769658, 	SAM: 0.037377
582 - denseresidential_99      . 	SCC: 0.744011, 	SAM: 0.024716
583 - desert_100               . 	SCC: 0.716256, 	SAM: 0.004387
584 - desert_110               . 	SCC: 0.704042, 	SAM: 0.010543
585 - desert_112               . 	SCC: 0.722018, 	SAM: 0.009586
586 - desert_113               . 	SCC: 0.691087, 	SAM: 0.011165
587 - desert_117               . 	SCC: 0.632445, 	SAM: 0.021704
588 - desert_13                . 	SCC: 0.630691, 	SAM: 0.010378
589 - desert_130               . 	SCC: 0.608456, 	SAM: 0.012237
590 - desert_133               . 	SCC: 0.526992, 	SAM: 0.008635
591 - desert_135               . 	SCC: 0.519002, 	SAM: 0.008504
592 - desert_138               . 	SCC: 0.367465, 	SAM: 0.006172
593 - desert_145               . 	SCC: 0.511366, 	SAM: 0.007654
594 - desert_148               . 	SCC: 0.508723, 	SAM: 0.018237
595 - desert_150               . 	SCC: 0.528963, 	SAM: 0.009379
596 - desert_153               . 	SCC: 0.579609, 	SAM: 0.010633
597 - desert_156               . 	SCC: 0.499260, 	SAM: 0.018828
598 - desert_159               . 	SCC: 0.392357, 	SAM: 0.004964
599 - desert_170               . 	SCC: 0.429164, 	SAM: 0.005495
600 - desert_176               . 	SCC: 0.608592, 	SAM: 0.011825
601 - desert_177               . 	SCC: 0.594455, 	SAM: 0.011155
602 - desert_181               . 	SCC: 0.557522, 	SAM: 0.016457
603 - desert_182               . 	SCC: 0.438321, 	SAM: 0.010304
604 - desert_187               . 	SCC: 0.608305, 	SAM: 0.017794
605 - desert_193               . 	SCC: 0.528249, 	SAM: 0.006546
606 - desert_207               . 	SCC: 0.424062, 	SAM: 0.005369
607 - desert_208               . 	SCC: 0.352798, 	SAM: 0.005118
608 - desert_209               . 	SCC: 0.473936, 	SAM: 0.027475
609 - desert_211               . 	SCC: 0.546900, 	SAM: 0.011313
610 - desert_215               . 	SCC: 0.649664, 	SAM: 0.015890
611 - desert_219               . 	SCC: 0.560139, 	SAM: 0.013172
612 - desert_22                . 	SCC: 0.684452, 	SAM: 0.007374
613 - desert_225               . 	SCC: 0.612611, 	SAM: 0.017099
614 - desert_228               . 	SCC: 0.429388, 	SAM: 0.005329
615 - desert_229               . 	SCC: 0.502438, 	SAM: 0.006122
616 - desert_23                . 	SCC: 0.610876, 	SAM: 0.004599
617 - desert_246               . 	SCC: 0.734681, 	SAM: 0.007326
618 - desert_250               . 	SCC: 0.471397, 	SAM: 0.005385
619 - desert_254               . 	SCC: 0.532086, 	SAM: 0.005028
620 - desert_257               . 	SCC: 0.623311, 	SAM: 0.012183
621 - desert_26                . 	SCC: 0.725837, 	SAM: 0.010295
622 - desert_267               . 	SCC: 0.471355, 	SAM: 0.017431
623 - desert_275               . 	SCC: 0.589201, 	SAM: 0.007777
624 - desert_277               . 	SCC: 0.421469, 	SAM: 0.016732
625 - desert_278               . 	SCC: 0.517902, 	SAM: 0.006655
626 - desert_280               . 	SCC: 0.575935, 	SAM: 0.007614
627 - desert_282               . 	SCC: 0.429835, 	SAM: 0.006671
628 - desert_286               . 	SCC: 0.505474, 	SAM: 0.011763
629 - desert_299               . 	SCC: 0.415228, 	SAM: 0.007036
630 - desert_300               . 	SCC: 0.481279, 	SAM: 0.004933
631 - desert_33                . 	SCC: 0.726208, 	SAM: 0.018912
632 - desert_40                . 	SCC: 0.575754, 	SAM: 0.005248
633 - desert_57                . 	SCC: 0.625417, 	SAM: 0.008360
634 - desert_59                . 	SCC: 0.683634, 	SAM: 0.007354
635 - desert_60                . 	SCC: 0.697028, 	SAM: 0.004317
636 - desert_64                . 	SCC: 0.604865, 	SAM: 0.007538
637 - desert_72                . 	SCC: 0.658058, 	SAM: 0.005938
638 - desert_77                . 	SCC: 0.650337, 	SAM: 0.007739
639 - desert_80                . 	SCC: 0.672890, 	SAM: 0.008569
640 - desert_87                . 	SCC: 0.351510, 	SAM: 0.004713
641 - desert_91                . 	SCC: 0.624560, 	SAM: 0.014491
642 - desert_96                . 	SCC: 0.656693, 	SAM: 0.008064
643 - farmland_110             . 	SCC: 0.738180, 	SAM: 0.018354
644 - farmland_112             . 	SCC: 0.724730, 	SAM: 0.011692
645 - farmland_114             . 	SCC: 0.731003, 	SAM: 0.013942
646 - farmland_117             . 	SCC: 0.728034, 	SAM: 0.021362
647 - farmland_118             . 	SCC: 0.767304, 	SAM: 0.016446
648 - farmland_120             . 	SCC: 0.746752, 	SAM: 0.016420
649 - farmland_121             . 	SCC: 0.698776, 	SAM: 0.021213
650 - farmland_128             . 	SCC: 0.771601, 	SAM: 0.029679
651 - farmland_129             . 	SCC: 0.721923, 	SAM: 0.031515
652 - farmland_131             . 	SCC: 0.727850, 	SAM: 0.036484
653 - farmland_132             . 	SCC: 0.659992, 	SAM: 0.039576
654 - farmland_133             . 	SCC: 0.717475, 	SAM: 0.031955
655 - farmland_134             . 	SCC: 0.714833, 	SAM: 0.031895
656 - farmland_139             . 	SCC: 0.742096, 	SAM: 0.018637
657 - farmland_14              . 	SCC: 0.620660, 	SAM: 0.034767
658 - farmland_141             . 	SCC: 0.756298, 	SAM: 0.027546
659 - farmland_145             . 	SCC: 0.752071, 	SAM: 0.024304
660 - farmland_149             . 	SCC: 0.730333, 	SAM: 0.030166
661 - farmland_153             . 	SCC: 0.713020, 	SAM: 0.024713
662 - farmland_158             . 	SCC: 0.753842, 	SAM: 0.021316
663 - farmland_163             . 	SCC: 0.673401, 	SAM: 0.038980
664 - farmland_165             . 	SCC: 0.699484, 	SAM: 0.038209
665 - farmland_168             . 	SCC: 0.759370, 	SAM: 0.018411
666 - farmland_169             . 	SCC: 0.757170, 	SAM: 0.040962
667 - farmland_174             . 	SCC: 0.745171, 	SAM: 0.015945
668 - farmland_176             . 	SCC: 0.709739, 	SAM: 0.059347
669 - farmland_191             . 	SCC: 0.673656, 	SAM: 0.028502
670 - farmland_192             . 	SCC: 0.765876, 	SAM: 0.016410
671 - farmland_199             . 	SCC: 0.775699, 	SAM: 0.041094
672 - farmland_2               . 	SCC: 0.707578, 	SAM: 0.042458
673 - farmland_206             . 	SCC: 0.676610, 	SAM: 0.010676
674 - farmland_208             . 	SCC: 0.715127, 	SAM: 0.015629
675 - farmland_214             . 	SCC: 0.628937, 	SAM: 0.024330
676 - farmland_218             . 	SCC: 0.469051, 	SAM: 0.048805
677 - farmland_22              . 	SCC: 0.748090, 	SAM: 0.020924
678 - farmland_228             . 	SCC: 0.695288, 	SAM: 0.026721
679 - farmland_23              . 	SCC: 0.716679, 	SAM: 0.030314
680 - farmland_231             . 	SCC: 0.569111, 	SAM: 0.020655
681 - farmland_244             . 	SCC: 0.589881, 	SAM: 0.019006
682 - farmland_25              . 	SCC: 0.720280, 	SAM: 0.030018
683 - farmland_260             . 	SCC: 0.597817, 	SAM: 0.028422
684 - farmland_261             . 	SCC: 0.640139, 	SAM: 0.027543
685 - farmland_269             . 	SCC: 0.629891, 	SAM: 0.022013
686 - farmland_272             . 	SCC: 0.581103, 	SAM: 0.037921
687 - farmland_284             . 	SCC: 0.434739, 	SAM: 0.029584
688 - farmland_285             . 	SCC: 0.720491, 	SAM: 0.018620
689 - farmland_29              . 	SCC: 0.719816, 	SAM: 0.044659
690 - farmland_298             . 	SCC: 0.613988, 	SAM: 0.016895
691 - farmland_299             . 	SCC: 0.600129, 	SAM: 0.012822
692 - farmland_302             . 	SCC: 0.524276, 	SAM: 0.012676
693 - farmland_304             . 	SCC: 0.638160, 	SAM: 0.026563
694 - farmland_308             . 	SCC: 0.552265, 	SAM: 0.110584
695 - farmland_314             . 	SCC: 0.645509, 	SAM: 0.066382
696 - farmland_317             . 	SCC: 0.492956, 	SAM: 0.057722
697 - farmland_334             . 	SCC: 0.529687, 	SAM: 0.026654
698 - farmland_344             . 	SCC: 0.553562, 	SAM: 0.043339
699 - farmland_346             . 	SCC: 0.526935, 	SAM: 0.048401
700 - farmland_347             . 	SCC: 0.540566, 	SAM: 0.039359
701 - farmland_351             . 	SCC: 0.338075, 	SAM: 0.136956
702 - farmland_364             . 	SCC: 0.501471, 	SAM: 0.028181
703 - farmland_368             . 	SCC: 0.564887, 	SAM: 0.037810
704 - farmland_37              . 	SCC: 0.746993, 	SAM: 0.017251
705 - farmland_49              . 	SCC: 0.707299, 	SAM: 0.024273
706 - farmland_53              . 	SCC: 0.728070, 	SAM: 0.020449
707 - farmland_58              . 	SCC: 0.650351, 	SAM: 0.040368
708 - farmland_62              . 	SCC: 0.736806, 	SAM: 0.013536
709 - farmland_68              . 	SCC: 0.759747, 	SAM: 0.017842
710 - farmland_72              . 	SCC: 0.692199, 	SAM: 0.014784
711 - farmland_73              . 	SCC: 0.725157, 	SAM: 0.020414
712 - farmland_83              . 	SCC: 0.665537, 	SAM: 0.024882
713 - farmland_94              . 	SCC: 0.613075, 	SAM: 0.059320
714 - farmland_96              . 	SCC: 0.687271, 	SAM: 0.025684
715 - farmland_98              . 	SCC: 0.773999, 	SAM: 0.015513
716 - farmland_99              . 	SCC: 0.737652, 	SAM: 0.012951
717 - forest_102               . 	SCC: 0.719995, 	SAM: 0.093944
718 - forest_116               . 	SCC: 0.821768, 	SAM: 0.058379
719 - forest_117               . 	SCC: 0.852332, 	SAM: 0.022709
720 - forest_119               . 	SCC: 0.865646, 	SAM: 0.023558
721 - forest_12                . 	SCC: 0.764847, 	SAM: 0.047363
722 - forest_122               . 	SCC: 0.696183, 	SAM: 0.108026
723 - forest_125               . 	SCC: 0.859501, 	SAM: 0.025289
724 - forest_126               . 	SCC: 0.691430, 	SAM: 0.103993
725 - forest_129               . 	SCC: 0.849505, 	SAM: 0.030681
726 - forest_137               . 	SCC: 0.571845, 	SAM: 0.148389
727 - forest_14                . 	SCC: 0.761533, 	SAM: 0.047398
728 - forest_140               . 	SCC: 0.729075, 	SAM: 0.096478
729 - forest_141               . 	SCC: 0.726590, 	SAM: 0.086602
730 - forest_143               . 	SCC: 0.735504, 	SAM: 0.106407
731 - forest_147               . 	SCC: 0.778395, 	SAM: 0.070653
732 - forest_148               . 	SCC: 0.740225, 	SAM: 0.082967
733 - forest_158               . 	SCC: 0.509095, 	SAM: 0.198457
734 - forest_173               . 	SCC: 0.578458, 	SAM: 0.153850
735 - forest_175               . 	SCC: 0.571691, 	SAM: 0.099977
736 - forest_182               . 	SCC: 0.725432, 	SAM: 0.052573
737 - forest_186               . 	SCC: 0.654452, 	SAM: 0.076696
738 - forest_188               . 	SCC: 0.633519, 	SAM: 0.081804
739 - forest_19                . 	SCC: 0.783738, 	SAM: 0.036621
740 - forest_194               . 	SCC: 0.586304, 	SAM: 0.138609
741 - forest_199               . 	SCC: 0.760225, 	SAM: 0.054901
742 - forest_205               . 	SCC: 0.671852, 	SAM: 0.094317
743 - forest_207               . 	SCC: 0.565245, 	SAM: 0.143903
744 - forest_215               . 	SCC: 0.605085, 	SAM: 0.100922
745 - forest_22                . 	SCC: 0.663916, 	SAM: 0.157438
746 - forest_235               . 	SCC: 0.758789, 	SAM: 0.044994
747 - forest_24                . 	SCC: 0.681765, 	SAM: 0.075952
748 - forest_240               . 	SCC: 0.498799, 	SAM: 0.180642
749 - forest_28                . 	SCC: 0.803112, 	SAM: 0.032998
750 - forest_29                . 	SCC: 0.719063, 	SAM: 0.089694
751 - forest_35                . 	SCC: 0.779511, 	SAM: 0.028428
752 - forest_36                . 	SCC: 0.812844, 	SAM: 0.019561
753 - forest_37                . 	SCC: 0.788020, 	SAM: 0.025054
754 - forest_4                 . 	SCC: 0.514555, 	SAM: 0.237966
755 - forest_43                . 	SCC: 0.755226, 	SAM: 0.046542
756 - forest_47                . 	SCC: 0.874946, 	SAM: 0.033941
757 - forest_54                . 	SCC: 0.845902, 	SAM: 0.028926
758 - forest_59                . 	SCC: 0.615595, 	SAM: 0.114272
759 - forest_62                . 	SCC: 0.764398, 	SAM: 0.033986
760 - forest_67                . 	SCC: 0.707508, 	SAM: 0.060499
761 - forest_72                . 	SCC: 0.802272, 	SAM: 0.031292
762 - forest_74                . 	SCC: 0.801357, 	SAM: 0.025677
763 - forest_80                . 	SCC: 0.807906, 	SAM: 0.031469
764 - forest_86                . 	SCC: 0.697566, 	SAM: 0.122200
765 - forest_98                . 	SCC: 0.872020, 	SAM: 0.020362
766 - forest_99                . 	SCC: 0.855236, 	SAM: 0.030547
767 - industrial_1             . 	SCC: 0.699849, 	SAM: 0.021941
768 - industrial_10            . 	SCC: 0.738267, 	SAM: 0.019953
769 - industrial_100           . 	SCC: 0.790903, 	SAM: 0.013884
770 - industrial_106           . 	SCC: 0.797742, 	SAM: 0.025695
771 - industrial_108           . 	SCC: 0.679602, 	SAM: 0.064413
772 - industrial_114           . 	SCC: 0.714873, 	SAM: 0.073248
773 - industrial_121           . 	SCC: 0.671164, 	SAM: 0.093781
774 - industrial_122           . 	SCC: 0.804044, 	SAM: 0.024641
775 - industrial_140           . 	SCC: 0.735398, 	SAM: 0.063591
776 - industrial_148           . 	SCC: 0.729653, 	SAM: 0.058941
777 - industrial_163           . 	SCC: 0.649932, 	SAM: 0.075128
778 - industrial_168           . 	SCC: 0.663063, 	SAM: 0.060507
779 - industrial_17            . 	SCC: 0.700197, 	SAM: 0.025858
780 - industrial_175           . 	SCC: 0.693375, 	SAM: 0.056981
781 - industrial_184           . 	SCC: 0.690861, 	SAM: 0.064673
782 - industrial_189           . 	SCC: 0.706872, 	SAM: 0.026290
783 - industrial_196           . 	SCC: 0.712725, 	SAM: 0.062698
784 - industrial_20            . 	SCC: 0.660663, 	SAM: 0.047662
785 - industrial_204           . 	SCC: 0.740060, 	SAM: 0.032332
786 - industrial_206           . 	SCC: 0.707735, 	SAM: 0.044080
787 - industrial_211           . 	SCC: 0.770708, 	SAM: 0.054954
788 - industrial_215           . 	SCC: 0.761703, 	SAM: 0.062093
789 - industrial_221           . 	SCC: 0.671564, 	SAM: 0.013129
790 - industrial_227           . 	SCC: 0.636195, 	SAM: 0.071578
791 - industrial_229           . 	SCC: 0.602573, 	SAM: 0.078320
792 - industrial_237           . 	SCC: 0.730533, 	SAM: 0.016015
793 - industrial_245           . 	SCC: 0.735758, 	SAM: 0.023478
794 - industrial_248           . 	SCC: 0.738773, 	SAM: 0.024675
795 - industrial_249           . 	SCC: 0.734139, 	SAM: 0.043871
796 - industrial_256           . 	SCC: 0.693220, 	SAM: 0.035431
797 - industrial_257           . 	SCC: 0.730257, 	SAM: 0.030065
798 - industrial_259           . 	SCC: 0.667264, 	SAM: 0.075601
799 - industrial_26            . 	SCC: 0.737657, 	SAM: 0.029584
800 - industrial_269           . 	SCC: 0.610267, 	SAM: 0.058889
801 - industrial_271           . 	SCC: 0.605687, 	SAM: 0.108858
802 - industrial_280           . 	SCC: 0.677361, 	SAM: 0.020187
803 - industrial_282           . 	SCC: 0.704284, 	SAM: 0.020928
804 - industrial_284           . 	SCC: 0.663298, 	SAM: 0.069405
805 - industrial_286           . 	SCC: 0.737045, 	SAM: 0.068921
806 - industrial_287           . 	SCC: 0.663902, 	SAM: 0.023517
807 - industrial_290           . 	SCC: 0.623704, 	SAM: 0.011709
808 - industrial_293           . 	SCC: 0.662571, 	SAM: 0.068233
809 - industrial_298           . 	SCC: 0.648639, 	SAM: 0.070861
810 - industrial_299           . 	SCC: 0.679684, 	SAM: 0.016888
811 - industrial_3             . 	SCC: 0.715386, 	SAM: 0.026695
812 - industrial_306           . 	SCC: 0.683367, 	SAM: 0.055565
813 - industrial_309           . 	SCC: 0.680851, 	SAM: 0.053750
814 - industrial_321           . 	SCC: 0.765975, 	SAM: 0.028385
815 - industrial_329           . 	SCC: 0.767657, 	SAM: 0.079038
816 - industrial_33            . 	SCC: 0.658326, 	SAM: 0.016830
817 - industrial_332           . 	SCC: 0.652596, 	SAM: 0.078877
818 - industrial_335           . 	SCC: 0.694924, 	SAM: 0.070560
819 - industrial_346           . 	SCC: 0.757207, 	SAM: 0.068622
820 - industrial_347           . 	SCC: 0.664874, 	SAM: 0.076799
821 - industrial_349           . 	SCC: 0.634018, 	SAM: 0.070529
822 - industrial_350           . 	SCC: 0.739217, 	SAM: 0.063482
823 - industrial_353           . 	SCC: 0.667609, 	SAM: 0.045777
824 - industrial_357           . 	SCC: 0.750410, 	SAM: 0.063116
825 - industrial_359           . 	SCC: 0.729082, 	SAM: 0.045775
826 - industrial_36            . 	SCC: 0.677643, 	SAM: 0.012288
827 - industrial_361           . 	SCC: 0.755839, 	SAM: 0.051008
828 - industrial_363           . 	SCC: 0.673050, 	SAM: 0.054934
829 - industrial_364           . 	SCC: 0.736804, 	SAM: 0.060181
830 - industrial_376           . 	SCC: 0.652626, 	SAM: 0.104104
831 - industrial_380           . 	SCC: 0.661265, 	SAM: 0.083972
832 - industrial_384           . 	SCC: 0.642880, 	SAM: 0.069810
833 - industrial_387           . 	SCC: 0.663247, 	SAM: 0.100034
834 - industrial_388           . 	SCC: 0.742346, 	SAM: 0.067242
835 - industrial_43            . 	SCC: 0.674704, 	SAM: 0.083607
836 - industrial_50            . 	SCC: 0.809038, 	SAM: 0.020497
837 - industrial_56            . 	SCC: 0.760572, 	SAM: 0.044796
838 - industrial_59            . 	SCC: 0.731047, 	SAM: 0.034946
839 - industrial_69            . 	SCC: 0.758884, 	SAM: 0.038185
840 - industrial_71            . 	SCC: 0.750702, 	SAM: 0.032180
841 - industrial_76            . 	SCC: 0.762057, 	SAM: 0.042701
842 - industrial_84            . 	SCC: 0.790551, 	SAM: 0.023388
843 - industrial_88            . 	SCC: 0.675904, 	SAM: 0.050904
844 - industrial_93            . 	SCC: 0.779904, 	SAM: 0.031167
845 - meadow_109               . 	SCC: 0.707454, 	SAM: 0.012467
846 - meadow_11                . 	SCC: 0.582445, 	SAM: 0.037739
847 - meadow_111               . 	SCC: 0.774265, 	SAM: 0.014428
848 - meadow_113               . 	SCC: 0.755490, 	SAM: 0.014837
849 - meadow_118               . 	SCC: 0.682768, 	SAM: 0.022317
850 - meadow_13                . 	SCC: 0.618396, 	SAM: 0.055759
851 - meadow_130               . 	SCC: 0.653524, 	SAM: 0.073101
852 - meadow_131               . 	SCC: 0.579929, 	SAM: 0.104149
853 - meadow_145               . 	SCC: 0.607679, 	SAM: 0.088751
854 - meadow_147               . 	SCC: 0.727942, 	SAM: 0.026998
855 - meadow_154               . 	SCC: 0.627114, 	SAM: 0.064150
856 - meadow_155               . 	SCC: 0.487508, 	SAM: 0.062530
857 - meadow_158               . 	SCC: 0.710873, 	SAM: 0.039780
858 - meadow_165               . 	SCC: 0.595095, 	SAM: 0.027462
859 - meadow_17                . 	SCC: 0.403718, 	SAM: 0.110688
860 - meadow_172               . 	SCC: 0.690785, 	SAM: 0.031527
861 - meadow_173               . 	SCC: 0.727675, 	SAM: 0.022900
862 - meadow_176               . 	SCC: 0.569114, 	SAM: 0.055082
863 - meadow_177               . 	SCC: 0.616276, 	SAM: 0.020564
864 - meadow_187               . 	SCC: 0.584111, 	SAM: 0.038098
865 - meadow_192               . 	SCC: 0.641290, 	SAM: 0.044455
866 - meadow_193               . 	SCC: 0.749405, 	SAM: 0.024907
867 - meadow_197               . 	SCC: 0.765045, 	SAM: 0.022189
868 - meadow_201               . 	SCC: 0.717220, 	SAM: 0.017936
869 - meadow_21                . 	SCC: 0.539569, 	SAM: 0.111275
870 - meadow_213               . 	SCC: 0.774604, 	SAM: 0.029319
871 - meadow_222               . 	SCC: 0.719183, 	SAM: 0.011128
872 - meadow_227               . 	SCC: 0.739693, 	SAM: 0.021653
873 - meadow_239               . 	SCC: 0.827167, 	SAM: 0.022071
874 - meadow_245               . 	SCC: 0.814118, 	SAM: 0.017527
875 - meadow_250               . 	SCC: 0.667960, 	SAM: 0.048689
876 - meadow_252               . 	SCC: 0.830325, 	SAM: 0.021329
877 - meadow_255               . 	SCC: 0.844352, 	SAM: 0.015295
878 - meadow_256               . 	SCC: 0.808672, 	SAM: 0.019970
879 - meadow_257               . 	SCC: 0.722339, 	SAM: 0.047069
880 - meadow_262               . 	SCC: 0.674185, 	SAM: 0.058935
881 - meadow_264               . 	SCC: 0.526016, 	SAM: 0.123854
882 - meadow_273               . 	SCC: 0.677864, 	SAM: 0.049678
883 - meadow_275               . 	SCC: 0.564019, 	SAM: 0.087013
884 - meadow_276               . 	SCC: 0.625236, 	SAM: 0.101363
885 - meadow_30                . 	SCC: 0.687421, 	SAM: 0.024438
886 - meadow_43                . 	SCC: 0.431284, 	SAM: 0.064145
887 - meadow_44                . 	SCC: 0.423184, 	SAM: 0.057415
888 - meadow_48                . 	SCC: 0.579134, 	SAM: 0.061191
889 - meadow_49                . 	SCC: 0.679851, 	SAM: 0.037023
890 - meadow_5                 . 	SCC: 0.529979, 	SAM: 0.076296
891 - meadow_60                . 	SCC: 0.737983, 	SAM: 0.028456
892 - meadow_68                . 	SCC: 0.651022, 	SAM: 0.037693
893 - meadow_72                . 	SCC: 0.676377, 	SAM: 0.031998
894 - meadow_75                . 	SCC: 0.647831, 	SAM: 0.037686
895 - meadow_79                . 	SCC: 0.589262, 	SAM: 0.039388
896 - meadow_80                . 	SCC: 0.632318, 	SAM: 0.043350
897 - meadow_88                . 	SCC: 0.578445, 	SAM: 0.045917
898 - meadow_92                . 	SCC: 0.719162, 	SAM: 0.037548
899 - meadow_97                . 	SCC: 0.593325, 	SAM: 0.058948
900 - meadow_98                . 	SCC: 0.749320, 	SAM: 0.018415
901 - mediumresidential_100    . 	SCC: 0.667246, 	SAM: 0.091051
902 - mediumresidential_113    . 	SCC: 0.730750, 	SAM: 0.020071
903 - mediumresidential_116    . 	SCC: 0.704611, 	SAM: 0.016739
904 - mediumresidential_117    . 	SCC: 0.718049, 	SAM: 0.029420
905 - mediumresidential_118    . 	SCC: 0.681666, 	SAM: 0.034878
906 - mediumresidential_120    . 	SCC: 0.749590, 	SAM: 0.014782
907 - mediumresidential_122    . 	SCC: 0.743704, 	SAM: 0.014758
908 - mediumresidential_123    . 	SCC: 0.703798, 	SAM: 0.014955
909 - mediumresidential_124    . 	SCC: 0.693593, 	SAM: 0.014094
910 - mediumresidential_13     . 	SCC: 0.557890, 	SAM: 0.010844
911 - mediumresidential_131    . 	SCC: 0.655065, 	SAM: 0.077513
912 - mediumresidential_132    . 	SCC: 0.714026, 	SAM: 0.084479
913 - mediumresidential_147    . 	SCC: 0.580116, 	SAM: 0.118528
914 - mediumresidential_148    . 	SCC: 0.578009, 	SAM: 0.119645
915 - mediumresidential_15     . 	SCC: 0.582004, 	SAM: 0.014022
916 - mediumresidential_161    . 	SCC: 0.699317, 	SAM: 0.078835
917 - mediumresidential_166    . 	SCC: 0.650520, 	SAM: 0.110869
918 - mediumresidential_178    . 	SCC: 0.606943, 	SAM: 0.126694
919 - mediumresidential_188    . 	SCC: 0.610502, 	SAM: 0.077269
920 - mediumresidential_189    . 	SCC: 0.689135, 	SAM: 0.079465
921 - mediumresidential_190    . 	SCC: 0.710918, 	SAM: 0.088241
922 - mediumresidential_192    . 	SCC: 0.616545, 	SAM: 0.090284
923 - mediumresidential_197    . 	SCC: 0.665013, 	SAM: 0.075895
924 - mediumresidential_21     . 	SCC: 0.490436, 	SAM: 0.010842
925 - mediumresidential_212    . 	SCC: 0.600363, 	SAM: 0.078326
926 - mediumresidential_220    . 	SCC: 0.681686, 	SAM: 0.070551
927 - mediumresidential_222    . 	SCC: 0.698157, 	SAM: 0.059532
928 - mediumresidential_223    . 	SCC: 0.647220, 	SAM: 0.088638
929 - mediumresidential_229    . 	SCC: 0.681687, 	SAM: 0.056476
930 - mediumresidential_232    . 	SCC: 0.596174, 	SAM: 0.110535
931 - mediumresidential_236    . 	SCC: 0.566150, 	SAM: 0.075741
932 - mediumresidential_237    . 	SCC: 0.594873, 	SAM: 0.087697
933 - mediumresidential_250    . 	SCC: 0.700141, 	SAM: 0.040984
934 - mediumresidential_259    . 	SCC: 0.686234, 	SAM: 0.070137
935 - mediumresidential_262    . 	SCC: 0.670945, 	SAM: 0.078474
936 - mediumresidential_264    . 	SCC: 0.716429, 	SAM: 0.075853
937 - mediumresidential_266    . 	SCC: 0.708776, 	SAM: 0.061357
938 - mediumresidential_267    . 	SCC: 0.710362, 	SAM: 0.060388
939 - mediumresidential_27     . 	SCC: 0.579894, 	SAM: 0.016372
940 - mediumresidential_278    . 	SCC: 0.653780, 	SAM: 0.078685
941 - mediumresidential_28     . 	SCC: 0.551004, 	SAM: 0.013721
942 - mediumresidential_32     . 	SCC: 0.532382, 	SAM: 0.010707
943 - mediumresidential_42     . 	SCC: 0.722467, 	SAM: 0.073758
944 - mediumresidential_48     . 	SCC: 0.750498, 	SAM: 0.062263
945 - mediumresidential_49     . 	SCC: 0.740509, 	SAM: 0.061016
946 - mediumresidential_5      . 	SCC: 0.662796, 	SAM: 0.020191
947 - mediumresidential_53     . 	SCC: 0.716796, 	SAM: 0.084446
948 - mediumresidential_56     . 	SCC: 0.739470, 	SAM: 0.068738
949 - mediumresidential_57     . 	SCC: 0.687546, 	SAM: 0.107354
950 - mediumresidential_59     . 	SCC: 0.696068, 	SAM: 0.096274
951 - mediumresidential_6      . 	SCC: 0.665343, 	SAM: 0.021801
952 - mediumresidential_66     . 	SCC: 0.647078, 	SAM: 0.115723
953 - mediumresidential_69     . 	SCC: 0.636212, 	SAM: 0.127588
954 - mediumresidential_76     . 	SCC: 0.693200, 	SAM: 0.088435
955 - mediumresidential_79     . 	SCC: 0.722606, 	SAM: 0.084849
956 - mediumresidential_81     . 	SCC: 0.650281, 	SAM: 0.112809
957 - mediumresidential_82     . 	SCC: 0.716826, 	SAM: 0.094562
958 - mediumresidential_96     . 	SCC: 0.725098, 	SAM: 0.083275
959 - mountain_100             . 	SCC: 0.668051, 	SAM: 0.036509
960 - mountain_101             . 	SCC: 0.618401, 	SAM: 0.038399
961 - mountain_103             . 	SCC: 0.557988, 	SAM: 0.037212
962 - mountain_109             . 	SCC: 0.603530, 	SAM: 0.066205
963 - mountain_110             . 	SCC: 0.629798, 	SAM: 0.056311
964 - mountain_112             . 	SCC: 0.620729, 	SAM: 0.056453
965 - mountain_120             . 	SCC: 0.740849, 	SAM: 0.025100
966 - mountain_121             . 	SCC: 0.757685, 	SAM: 0.035893
967 - mountain_129             . 	SCC: 0.672692, 	SAM: 0.047997
968 - mountain_15              . 	SCC: 0.663688, 	SAM: 0.050521
969 - mountain_151             . 	SCC: 0.670751, 	SAM: 0.049792
970 - mountain_159             . 	SCC: 0.725725, 	SAM: 0.042896
971 - mountain_17              . 	SCC: 0.671345, 	SAM: 0.122515
972 - mountain_174             . 	SCC: 0.732350, 	SAM: 0.019742
973 - mountain_176             . 	SCC: 0.737034, 	SAM: 0.033980
974 - mountain_187             . 	SCC: 0.681886, 	SAM: 0.048635
975 - mountain_191             . 	SCC: 0.654099, 	SAM: 0.062339
976 - mountain_193             . 	SCC: 0.678221, 	SAM: 0.057393
977 - mountain_194             . 	SCC: 0.710476, 	SAM: 0.043364
978 - mountain_196             . 	SCC: 0.716910, 	SAM: 0.042476
979 - mountain_197             . 	SCC: 0.747655, 	SAM: 0.037966
980 - mountain_198             . 	SCC: 0.728687, 	SAM: 0.036993
981 - mountain_199             . 	SCC: 0.702308, 	SAM: 0.061888
982 - mountain_202             . 	SCC: 0.731799, 	SAM: 0.038095
983 - mountain_210             . 	SCC: 0.736676, 	SAM: 0.029017
984 - mountain_215             . 	SCC: 0.704246, 	SAM: 0.033654
985 - mountain_216             . 	SCC: 0.738564, 	SAM: 0.025436
986 - mountain_231             . 	SCC: 0.672173, 	SAM: 0.034546
987 - mountain_237             . 	SCC: 0.609901, 	SAM: 0.055013
988 - mountain_243             . 	SCC: 0.716040, 	SAM: 0.044130
989 - mountain_249             . 	SCC: 0.680469, 	SAM: 0.048395
990 - mountain_25              . 	SCC: 0.576286, 	SAM: 0.153709
991 - mountain_260             . 	SCC: 0.656363, 	SAM: 0.049183
992 - mountain_262             . 	SCC: 0.655272, 	SAM: 0.041951
993 - mountain_264             . 	SCC: 0.614451, 	SAM: 0.054936
994 - mountain_267             . 	SCC: 0.636022, 	SAM: 0.061050
995 - mountain_275             . 	SCC: 0.658922, 	SAM: 0.050971
996 - mountain_276             . 	SCC: 0.659484, 	SAM: 0.039377
997 - mountain_284             . 	SCC: 0.642937, 	SAM: 0.039259
998 - mountain_291             . 	SCC: 0.626025, 	SAM: 0.063301
999 - mountain_294             . 	SCC: 0.659173, 	SAM: 0.071786
1000 - mountain_297             . 	SCC: 0.610693, 	SAM: 0.101006
1001 - mountain_3               . 	SCC: 0.635392, 	SAM: 0.091783
1002 - mountain_303             . 	SCC: 0.628086, 	SAM: 0.070002
1003 - mountain_304             . 	SCC: 0.647204, 	SAM: 0.022727
1004 - mountain_306             . 	SCC: 0.648986, 	SAM: 0.050130
1005 - mountain_309             . 	SCC: 0.651401, 	SAM: 0.061172
1006 - mountain_310             . 	SCC: 0.650768, 	SAM: 0.066241
1007 - mountain_315             . 	SCC: 0.639724, 	SAM: 0.056053
1008 - mountain_316             . 	SCC: 0.662952, 	SAM: 0.059719
1009 - mountain_318             . 	SCC: 0.666327, 	SAM: 0.054883
1010 - mountain_324             . 	SCC: 0.703112, 	SAM: 0.059414
1011 - mountain_329             . 	SCC: 0.770349, 	SAM: 0.028361
1012 - mountain_330             . 	SCC: 0.650140, 	SAM: 0.025656
1013 - mountain_338             . 	SCC: 0.680274, 	SAM: 0.033425
1014 - mountain_35              . 	SCC: 0.687960, 	SAM: 0.033792
1015 - mountain_39              . 	SCC: 0.601577, 	SAM: 0.065439
1016 - mountain_41              . 	SCC: 0.632356, 	SAM: 0.039185
1017 - mountain_43              . 	SCC: 0.669361, 	SAM: 0.033212
1018 - mountain_44              . 	SCC: 0.624137, 	SAM: 0.074636
1019 - mountain_5               . 	SCC: 0.667225, 	SAM: 0.105498
1020 - mountain_50              . 	SCC: 0.598520, 	SAM: 0.097100
1021 - mountain_57              . 	SCC: 0.690787, 	SAM: 0.065946
1022 - mountain_64              . 	SCC: 0.656346, 	SAM: 0.033743
1023 - mountain_70              . 	SCC: 0.630917, 	SAM: 0.052628
1024 - mountain_71              . 	SCC: 0.644584, 	SAM: 0.034057
1025 - mountain_78              . 	SCC: 0.596615, 	SAM: 0.055964
1026 - mountain_86              . 	SCC: 0.671450, 	SAM: 0.037455
1027 - park_101                 . 	SCC: 0.608117, 	SAM: 0.074954
1028 - park_110                 . 	SCC: 0.615858, 	SAM: 0.096676
1029 - park_111                 . 	SCC: 0.685828, 	SAM: 0.080522
1030 - park_114                 . 	SCC: 0.627564, 	SAM: 0.135929
1031 - park_117                 . 	SCC: 0.728624, 	SAM: 0.069904
1032 - park_121                 . 	SCC: 0.776334, 	SAM: 0.043559
1033 - park_123                 . 	SCC: 0.706845, 	SAM: 0.057014
1034 - park_125                 . 	SCC: 0.737147, 	SAM: 0.048987
1035 - park_13                  . 	SCC: 0.686466, 	SAM: 0.048712
1036 - park_130                 . 	SCC: 0.662496, 	SAM: 0.094131
1037 - park_133                 . 	SCC: 0.700603, 	SAM: 0.063847
1038 - park_137                 . 	SCC: 0.801471, 	SAM: 0.025326
1039 - park_145                 . 	SCC: 0.677246, 	SAM: 0.059753
1040 - park_15                  . 	SCC: 0.710030, 	SAM: 0.027483
1041 - park_155                 . 	SCC: 0.634135, 	SAM: 0.080430
1042 - park_157                 . 	SCC: 0.706923, 	SAM: 0.066900
1043 - park_163                 . 	SCC: 0.807280, 	SAM: 0.024179
1044 - park_17                  . 	SCC: 0.678392, 	SAM: 0.032873
1045 - park_176                 . 	SCC: 0.694425, 	SAM: 0.050105
1046 - park_177                 . 	SCC: 0.788557, 	SAM: 0.025284
1047 - park_178                 . 	SCC: 0.782853, 	SAM: 0.017410
1048 - park_18                  . 	SCC: 0.696684, 	SAM: 0.036546
1049 - park_188                 . 	SCC: 0.796358, 	SAM: 0.028880
1050 - park_199                 . 	SCC: 0.714621, 	SAM: 0.045936
1051 - park_200                 . 	SCC: 0.685215, 	SAM: 0.034566
1052 - park_205                 . 	SCC: 0.691190, 	SAM: 0.032374
1053 - park_208                 . 	SCC: 0.642731, 	SAM: 0.041654
1054 - park_211                 . 	SCC: 0.807108, 	SAM: 0.037460
1055 - park_219                 . 	SCC: 0.705375, 	SAM: 0.040194
1056 - park_228                 . 	SCC: 0.791137, 	SAM: 0.027121
1057 - park_235                 . 	SCC: 0.592220, 	SAM: 0.044569
1058 - park_236                 . 	SCC: 0.696519, 	SAM: 0.025287
1059 - park_243                 . 	SCC: 0.730206, 	SAM: 0.044865
1060 - park_248                 . 	SCC: 0.788888, 	SAM: 0.035126
1061 - park_252                 . 	SCC: 0.724925, 	SAM: 0.035520
1062 - park_259                 . 	SCC: 0.706413, 	SAM: 0.034993
1063 - park_26                  . 	SCC: 0.710439, 	SAM: 0.038244
1064 - park_264                 . 	SCC: 0.626273, 	SAM: 0.064466
1065 - park_277                 . 	SCC: 0.728396, 	SAM: 0.039786
1066 - park_281                 . 	SCC: 0.772218, 	SAM: 0.026646
1067 - park_282                 . 	SCC: 0.571067, 	SAM: 0.028492
1068 - park_285                 . 	SCC: 0.761400, 	SAM: 0.029463
1069 - park_291                 . 	SCC: 0.753508, 	SAM: 0.026503
1070 - park_298                 . 	SCC: 0.655566, 	SAM: 0.048858
1071 - park_302                 . 	SCC: 0.680237, 	SAM: 0.035791
1072 - park_304                 . 	SCC: 0.698723, 	SAM: 0.024089
1073 - park_321                 . 	SCC: 0.706891, 	SAM: 0.085820
1074 - park_324                 . 	SCC: 0.617244, 	SAM: 0.083610
1075 - park_328                 . 	SCC: 0.665227, 	SAM: 0.056980
1076 - park_329                 . 	SCC: 0.804396, 	SAM: 0.044597
1077 - park_343                 . 	SCC: 0.639418, 	SAM: 0.058817
1078 - park_344                 . 	SCC: 0.692325, 	SAM: 0.064609
1079 - park_346                 . 	SCC: 0.677834, 	SAM: 0.064527
1080 - park_349                 . 	SCC: 0.681391, 	SAM: 0.023355
1081 - park_36                  . 	SCC: 0.665853, 	SAM: 0.057688
1082 - park_39                  . 	SCC: 0.735358, 	SAM: 0.042653
1083 - park_43                  . 	SCC: 0.713464, 	SAM: 0.032757
1084 - park_51                  . 	SCC: 0.699431, 	SAM: 0.078560
1085 - park_59                  . 	SCC: 0.646573, 	SAM: 0.100187
1086 - park_60                  . 	SCC: 0.607759, 	SAM: 0.103928
1087 - park_66                  . 	SCC: 0.615306, 	SAM: 0.101576
1088 - park_69                  . 	SCC: 0.648079, 	SAM: 0.070264
1089 - park_70                  . 	SCC: 0.684815, 	SAM: 0.053788
1090 - park_72                  . 	SCC: 0.581398, 	SAM: 0.121538
1091 - park_74                  . 	SCC: 0.582542, 	SAM: 0.068331
1092 - park_77                  . 	SCC: 0.637036, 	SAM: 0.078314
1093 - park_81                  . 	SCC: 0.646739, 	SAM: 0.050028
1094 - park_85                  . 	SCC: 0.763974, 	SAM: 0.035077
1095 - park_95                  . 	SCC: 0.675703, 	SAM: 0.072195
1096 - park_97                  . 	SCC: 0.595121, 	SAM: 0.057056
1097 - parking_1                . 	SCC: 0.722924, 	SAM: 0.029450
1098 - parking_101              . 	SCC: 0.716681, 	SAM: 0.048445
1099 - parking_102              . 	SCC: 0.702220, 	SAM: 0.040762
1100 - parking_105              . 	SCC: 0.735927, 	SAM: 0.081474
1101 - parking_112              . 	SCC: 0.759864, 	SAM: 0.063845
1102 - parking_115              . 	SCC: 0.724388, 	SAM: 0.060144
1103 - parking_120              . 	SCC: 0.748346, 	SAM: 0.052144
1104 - parking_124              . 	SCC: 0.731252, 	SAM: 0.042935
1105 - parking_126              . 	SCC: 0.732816, 	SAM: 0.070337
1106 - parking_129              . 	SCC: 0.721625, 	SAM: 0.054814
1107 - parking_132              . 	SCC: 0.749049, 	SAM: 0.045554
1108 - parking_133              . 	SCC: 0.741560, 	SAM: 0.042127
1109 - parking_147              . 	SCC: 0.726832, 	SAM: 0.041308
1110 - parking_148              . 	SCC: 0.748809, 	SAM: 0.052446
1111 - parking_149              . 	SCC: 0.769264, 	SAM: 0.046749
1112 - parking_150              . 	SCC: 0.739915, 	SAM: 0.045574
1113 - parking_163              . 	SCC: 0.733404, 	SAM: 0.060873
1114 - parking_168              . 	SCC: 0.806538, 	SAM: 0.015598
1115 - parking_179              . 	SCC: 0.807609, 	SAM: 0.036350
1116 - parking_184              . 	SCC: 0.762272, 	SAM: 0.015508
1117 - parking_187              . 	SCC: 0.773345, 	SAM: 0.032451
1118 - parking_188              . 	SCC: 0.734293, 	SAM: 0.033965
1119 - parking_198              . 	SCC: 0.778536, 	SAM: 0.030392
1120 - parking_200              . 	SCC: 0.747542, 	SAM: 0.027526
1121 - parking_204              . 	SCC: 0.737064, 	SAM: 0.024565
1122 - parking_209              . 	SCC: 0.775136, 	SAM: 0.065197
1123 - parking_210              . 	SCC: 0.771152, 	SAM: 0.043333
1124 - parking_212              . 	SCC: 0.705977, 	SAM: 0.064436
1125 - parking_213              . 	SCC: 0.659808, 	SAM: 0.067363
1126 - parking_220              . 	SCC: 0.767951, 	SAM: 0.026537
1127 - parking_224              . 	SCC: 0.794935, 	SAM: 0.041426
1128 - parking_225              . 	SCC: 0.785879, 	SAM: 0.017447
1129 - parking_226              . 	SCC: 0.772141, 	SAM: 0.028697
1130 - parking_238              . 	SCC: 0.735138, 	SAM: 0.097265
1131 - parking_25               . 	SCC: 0.712570, 	SAM: 0.036013
1132 - parking_250              . 	SCC: 0.799220, 	SAM: 0.017511
1133 - parking_254              . 	SCC: 0.744547, 	SAM: 0.013413
1134 - parking_255              . 	SCC: 0.768711, 	SAM: 0.039450
1135 - parking_257              . 	SCC: 0.779460, 	SAM: 0.048292
1136 - parking_263              . 	SCC: 0.735328, 	SAM: 0.105234
1137 - parking_273              . 	SCC: 0.756441, 	SAM: 0.043170
1138 - parking_278              . 	SCC: 0.810500, 	SAM: 0.046789
1139 - parking_287              . 	SCC: 0.811729, 	SAM: 0.059029
1140 - parking_289              . 	SCC: 0.779034, 	SAM: 0.061326
1141 - parking_290              . 	SCC: 0.777106, 	SAM: 0.048146
1142 - parking_30               . 	SCC: 0.762551, 	SAM: 0.063095
1143 - parking_301              . 	SCC: 0.771828, 	SAM: 0.031671
1144 - parking_308              . 	SCC: 0.788102, 	SAM: 0.046839
1145 - parking_318              . 	SCC: 0.792087, 	SAM: 0.028062
1146 - parking_323              . 	SCC: 0.809818, 	SAM: 0.018475
1147 - parking_330              . 	SCC: 0.772823, 	SAM: 0.033559
1148 - parking_331              . 	SCC: 0.801484, 	SAM: 0.019662
1149 - parking_333              . 	SCC: 0.646967, 	SAM: 0.081860
1150 - parking_345              . 	SCC: 0.764724, 	SAM: 0.066891
1151 - parking_346              . 	SCC: 0.753483, 	SAM: 0.057321
1152 - parking_347              . 	SCC: 0.718817, 	SAM: 0.064556
1153 - parking_349              . 	SCC: 0.680451, 	SAM: 0.052223
1154 - parking_352              . 	SCC: 0.709247, 	SAM: 0.068481
1155 - parking_363              . 	SCC: 0.712494, 	SAM: 0.071697
1156 - parking_366              . 	SCC: 0.721177, 	SAM: 0.060842
1157 - parking_367              . 	SCC: 0.727252, 	SAM: 0.082989
1158 - parking_369              . 	SCC: 0.737336, 	SAM: 0.066456
1159 - parking_370              . 	SCC: 0.725942, 	SAM: 0.061792
1160 - parking_371              . 	SCC: 0.732503, 	SAM: 0.055378
1161 - parking_374              . 	SCC: 0.748250, 	SAM: 0.089977
1162 - parking_381              . 	SCC: 0.737141, 	SAM: 0.075836
1163 - parking_384              . 	SCC: 0.730342, 	SAM: 0.061247
1164 - parking_53               . 	SCC: 0.720313, 	SAM: 0.033556
1165 - parking_55               . 	SCC: 0.708292, 	SAM: 0.040555
1166 - parking_68               . 	SCC: 0.729450, 	SAM: 0.065304
1167 - parking_69               . 	SCC: 0.732627, 	SAM: 0.043226
1168 - parking_72               . 	SCC: 0.743927, 	SAM: 0.065189
1169 - parking_82               . 	SCC: 0.770351, 	SAM: 0.045357
1170 - parking_84               . 	SCC: 0.723045, 	SAM: 0.083795
1171 - parking_90               . 	SCC: 0.754323, 	SAM: 0.037654
1172 - parking_92               . 	SCC: 0.743575, 	SAM: 0.035859
1173 - parking_93               . 	SCC: 0.711654, 	SAM: 0.038106
1174 - parking_99               . 	SCC: 0.712386, 	SAM: 0.045277
1175 - playground_10            . 	SCC: 0.693585, 	SAM: 0.015822
1176 - playground_109           . 	SCC: 0.759753, 	SAM: 0.038861
1177 - playground_112           . 	SCC: 0.716956, 	SAM: 0.034064
1178 - playground_117           . 	SCC: 0.744628, 	SAM: 0.022477
1179 - playground_118           . 	SCC: 0.717985, 	SAM: 0.012325
1180 - playground_120           . 	SCC: 0.729595, 	SAM: 0.031897
1181 - playground_129           . 	SCC: 0.738831, 	SAM: 0.029446
1182 - playground_136           . 	SCC: 0.770775, 	SAM: 0.032780
1183 - playground_139           . 	SCC: 0.724487, 	SAM: 0.012144
1184 - playground_140           . 	SCC: 0.762533, 	SAM: 0.024884
1185 - playground_141           . 	SCC: 0.778651, 	SAM: 0.032315
1186 - playground_146           . 	SCC: 0.750649, 	SAM: 0.026762
1187 - playground_149           . 	SCC: 0.749947, 	SAM: 0.038386
1188 - playground_150           . 	SCC: 0.746954, 	SAM: 0.020382
1189 - playground_152           . 	SCC: 0.751840, 	SAM: 0.037443
1190 - playground_157           . 	SCC: 0.671773, 	SAM: 0.048119
1191 - playground_164           . 	SCC: 0.631610, 	SAM: 0.081861
1192 - playground_174           . 	SCC: 0.581039, 	SAM: 0.082470
1193 - playground_175           . 	SCC: 0.677152, 	SAM: 0.053186
1194 - playground_180           . 	SCC: 0.719548, 	SAM: 0.018298
1195 - playground_183           . 	SCC: 0.662776, 	SAM: 0.048478
1196 - playground_186           . 	SCC: 0.721632, 	SAM: 0.034569
1197 - playground_192           . 	SCC: 0.558941, 	SAM: 0.112252
1198 - playground_195           . 	SCC: 0.569856, 	SAM: 0.094463
1199 - playground_196           . 	SCC: 0.637762, 	SAM: 0.092186
1200 - playground_20            . 	SCC: 0.646516, 	SAM: 0.010869
1201 - playground_200           . 	SCC: 0.660520, 	SAM: 0.106708
1202 - playground_201           . 	SCC: 0.661566, 	SAM: 0.057273
1203 - playground_202           . 	SCC: 0.668430, 	SAM: 0.075905
1204 - playground_207           . 	SCC: 0.768728, 	SAM: 0.024740
1205 - playground_208           . 	SCC: 0.672248, 	SAM: 0.036847
1206 - playground_212           . 	SCC: 0.615033, 	SAM: 0.045749
1207 - playground_224           . 	SCC: 0.750416, 	SAM: 0.017980
1208 - playground_23            . 	SCC: 0.650182, 	SAM: 0.010796
1209 - playground_233           . 	SCC: 0.699447, 	SAM: 0.019036
1210 - playground_236           . 	SCC: 0.705256, 	SAM: 0.020450
1211 - playground_238           . 	SCC: 0.682757, 	SAM: 0.018858
1212 - playground_24            . 	SCC: 0.659417, 	SAM: 0.011984
1213 - playground_249           . 	SCC: 0.616745, 	SAM: 0.065362
1214 - playground_253           . 	SCC: 0.751821, 	SAM: 0.022710
1215 - playground_256           . 	SCC: 0.729489, 	SAM: 0.027920
1216 - playground_260           . 	SCC: 0.744549, 	SAM: 0.024552
1217 - playground_266           . 	SCC: 0.680726, 	SAM: 0.033205
1218 - playground_269           . 	SCC: 0.734284, 	SAM: 0.014473
1219 - playground_270           . 	SCC: 0.676656, 	SAM: 0.038207
1220 - playground_277           . 	SCC: 0.719325, 	SAM: 0.010124
1221 - playground_282           . 	SCC: 0.683065, 	SAM: 0.011840
1222 - playground_285           . 	SCC: 0.726620, 	SAM: 0.013872
1223 - playground_292           . 	SCC: 0.710581, 	SAM: 0.042828
1224 - playground_304           . 	SCC: 0.554638, 	SAM: 0.062618
1225 - playground_305           . 	SCC: 0.613933, 	SAM: 0.052767
1226 - playground_310           . 	SCC: 0.632709, 	SAM: 0.098261
1227 - playground_312           . 	SCC: 0.596752, 	SAM: 0.070830
1228 - playground_318           . 	SCC: 0.642953, 	SAM: 0.038959
1229 - playground_323           . 	SCC: 0.746060, 	SAM: 0.026380
1230 - playground_325           . 	SCC: 0.749406, 	SAM: 0.020139
1231 - playground_328           . 	SCC: 0.731329, 	SAM: 0.018279
1232 - playground_331           . 	SCC: 0.730604, 	SAM: 0.031478
1233 - playground_338           . 	SCC: 0.747066, 	SAM: 0.046942
1234 - playground_339           . 	SCC: 0.692336, 	SAM: 0.032305
1235 - playground_348           . 	SCC: 0.704478, 	SAM: 0.020025
1236 - playground_357           . 	SCC: 0.639528, 	SAM: 0.088948
1237 - playground_359           . 	SCC: 0.682586, 	SAM: 0.055210
1238 - playground_369           . 	SCC: 0.690673, 	SAM: 0.065849
1239 - playground_370           . 	SCC: 0.621397, 	SAM: 0.067907
1240 - playground_38            . 	SCC: 0.646648, 	SAM: 0.011697
1241 - playground_58            . 	SCC: 0.763724, 	SAM: 0.038436
1242 - playground_6             . 	SCC: 0.761645, 	SAM: 0.047917
1243 - playground_7             . 	SCC: 0.752269, 	SAM: 0.035446
1244 - playground_73            . 	SCC: 0.707491, 	SAM: 0.021636
1245 - playground_8             . 	SCC: 0.759834, 	SAM: 0.013686
1246 - playground_83            . 	SCC: 0.719899, 	SAM: 0.030216
1247 - playground_85            . 	SCC: 0.636841, 	SAM: 0.035795
1248 - playground_89            . 	SCC: 0.687623, 	SAM: 0.075556
1249 - pond_1                   . 	SCC: 0.602847, 	SAM: 0.036103
1250 - pond_115                 . 	SCC: 0.535803, 	SAM: 0.048534
1251 - pond_119                 . 	SCC: 0.559887, 	SAM: 0.051308
1252 - pond_131                 . 	SCC: 0.578506, 	SAM: 0.042401
1253 - pond_132                 . 	SCC: 0.518134, 	SAM: 0.053662
1254 - pond_134                 . 	SCC: 0.489938, 	SAM: 0.081019
1255 - pond_135                 . 	SCC: 0.564554, 	SAM: 0.093413
1256 - pond_136                 . 	SCC: 0.615090, 	SAM: 0.065771
1257 - pond_146                 . 	SCC: 0.655091, 	SAM: 0.066042
1258 - pond_15                  . 	SCC: 0.754350, 	SAM: 0.025374
1259 - pond_151                 . 	SCC: 0.532633, 	SAM: 0.081127
1260 - pond_152                 . 	SCC: 0.618080, 	SAM: 0.057156
1261 - pond_154                 . 	SCC: 0.630999, 	SAM: 0.079742
1262 - pond_165                 . 	SCC: 0.532266, 	SAM: 0.061489
1263 - pond_170                 . 	SCC: 0.570163, 	SAM: 0.033338
1264 - pond_172                 . 	SCC: 0.431946, 	SAM: 0.068091
1265 - pond_176                 . 	SCC: 0.484804, 	SAM: 0.024599
1266 - pond_178                 . 	SCC: 0.455695, 	SAM: 0.102950
1267 - pond_182                 . 	SCC: 0.554825, 	SAM: 0.043347
1268 - pond_192                 . 	SCC: 0.501659, 	SAM: 0.053676
1269 - pond_193                 . 	SCC: 0.585077, 	SAM: 0.048038
1270 - pond_196                 . 	SCC: 0.664830, 	SAM: 0.045057
1271 - pond_199                 . 	SCC: 0.554124, 	SAM: 0.063806
1272 - pond_20                  . 	SCC: 0.674020, 	SAM: 0.024689
1273 - pond_21                  . 	SCC: 0.636742, 	SAM: 0.022769
1274 - pond_210                 . 	SCC: 0.572298, 	SAM: 0.069572
1275 - pond_211                 . 	SCC: 0.626111, 	SAM: 0.088603
1276 - pond_22                  . 	SCC: 0.720349, 	SAM: 0.020505
1277 - pond_224                 . 	SCC: 0.527217, 	SAM: 0.045889
1278 - pond_229                 . 	SCC: 0.638575, 	SAM: 0.072896
1279 - pond_230                 . 	SCC: 0.620973, 	SAM: 0.037722
1280 - pond_232                 . 	SCC: 0.590221, 	SAM: 0.066862
1281 - pond_242                 . 	SCC: 0.636337, 	SAM: 0.071778
1282 - pond_250                 . 	SCC: 0.522886, 	SAM: 0.049944
1283 - pond_253                 . 	SCC: 0.433730, 	SAM: 0.128189
1284 - pond_254                 . 	SCC: 0.601115, 	SAM: 0.067107
1285 - pond_256                 . 	SCC: 0.508331, 	SAM: 0.051867
1286 - pond_258                 . 	SCC: 0.596606, 	SAM: 0.038760
1287 - pond_270                 . 	SCC: 0.538068, 	SAM: 0.026205
1288 - pond_276                 . 	SCC: 0.533334, 	SAM: 0.020144
1289 - pond_277                 . 	SCC: 0.588640, 	SAM: 0.057574
1290 - pond_278                 . 	SCC: 0.622224, 	SAM: 0.051037
1291 - pond_288                 . 	SCC: 0.475753, 	SAM: 0.053623
1292 - pond_292                 . 	SCC: 0.724490, 	SAM: 0.045635
1293 - pond_296                 . 	SCC: 0.622958, 	SAM: 0.023932
1294 - pond_299                 . 	SCC: 0.589449, 	SAM: 0.101075
1295 - pond_301                 . 	SCC: 0.614702, 	SAM: 0.030024
1296 - pond_302                 . 	SCC: 0.671165, 	SAM: 0.039377
1297 - pond_310                 . 	SCC: 0.675948, 	SAM: 0.027791
1298 - pond_312                 . 	SCC: 0.658062, 	SAM: 0.029808
1299 - pond_317                 . 	SCC: 0.663199, 	SAM: 0.044219
1300 - pond_318                 . 	SCC: 0.681321, 	SAM: 0.034278
1301 - pond_321                 . 	SCC: 0.541291, 	SAM: 0.066697
1302 - pond_329                 . 	SCC: 0.654346, 	SAM: 0.048967
1303 - pond_333                 . 	SCC: 0.642944, 	SAM: 0.051903
1304 - pond_337                 . 	SCC: 0.589862, 	SAM: 0.071337
1305 - pond_338                 . 	SCC: 0.619327, 	SAM: 0.044445
1306 - pond_340                 . 	SCC: 0.572019, 	SAM: 0.051311
1307 - pond_345                 . 	SCC: 0.521692, 	SAM: 0.072928
1308 - pond_346                 . 	SCC: 0.577324, 	SAM: 0.055787
1309 - pond_348                 . 	SCC: 0.568319, 	SAM: 0.095593
1310 - pond_349                 . 	SCC: 0.630554, 	SAM: 0.072615
1311 - pond_35                  . 	SCC: 0.657348, 	SAM: 0.037385
1312 - pond_350                 . 	SCC: 0.556345, 	SAM: 0.062238
1313 - pond_357                 . 	SCC: 0.592641, 	SAM: 0.054126
1314 - pond_360                 . 	SCC: 0.724842, 	SAM: 0.041279
1315 - pond_37                  . 	SCC: 0.600362, 	SAM: 0.069805
1316 - pond_373                 . 	SCC: 0.599658, 	SAM: 0.059856
1317 - pond_378                 . 	SCC: 0.508456, 	SAM: 0.075136
1318 - pond_381                 . 	SCC: 0.531676, 	SAM: 0.061371
1319 - pond_383                 . 	SCC: 0.508447, 	SAM: 0.067568
1320 - pond_391                 . 	SCC: 0.603398, 	SAM: 0.028575
1321 - pond_404                 . 	SCC: 0.553933, 	SAM: 0.071197
1322 - pond_409                 . 	SCC: 0.480012, 	SAM: 0.049489
1323 - pond_44                  . 	SCC: 0.581579, 	SAM: 0.111739
1324 - pond_47                  . 	SCC: 0.590989, 	SAM: 0.068556
1325 - pond_5                   . 	SCC: 0.467960, 	SAM: 0.066924
1326 - pond_56                  . 	SCC: 0.514741, 	SAM: 0.047653
1327 - pond_57                  . 	SCC: 0.612937, 	SAM: 0.041819
1328 - pond_6                   . 	SCC: 0.665298, 	SAM: 0.038531
1329 - pond_71                  . 	SCC: 0.439474, 	SAM: 0.114326
1330 - pond_8                   . 	SCC: 0.655560, 	SAM: 0.016078
1331 - pond_87                  . 	SCC: 0.551132, 	SAM: 0.079265
1332 - pond_92                  . 	SCC: 0.537253, 	SAM: 0.064078
1333 - port_105                 . 	SCC: 0.626514, 	SAM: 0.062220
1334 - port_11                  . 	SCC: 0.654583, 	SAM: 0.042436
1335 - port_114                 . 	SCC: 0.728244, 	SAM: 0.013616
1336 - port_117                 . 	SCC: 0.690323, 	SAM: 0.053909
1337 - port_125                 . 	SCC: 0.670078, 	SAM: 0.035430
1338 - port_134                 . 	SCC: 0.709930, 	SAM: 0.040334
1339 - port_158                 . 	SCC: 0.652935, 	SAM: 0.049711
1340 - port_163                 . 	SCC: 0.649064, 	SAM: 0.032228
1341 - port_171                 . 	SCC: 0.666604, 	SAM: 0.045212
1342 - port_173                 . 	SCC: 0.703138, 	SAM: 0.041034
1343 - port_176                 . 	SCC: 0.661971, 	SAM: 0.041198
1344 - port_177                 . 	SCC: 0.670999, 	SAM: 0.040573
1345 - port_183                 . 	SCC: 0.504573, 	SAM: 0.078581
1346 - port_184                 . 	SCC: 0.685956, 	SAM: 0.079769
1347 - port_186                 . 	SCC: 0.721110, 	SAM: 0.032046
1348 - port_191                 . 	SCC: 0.708528, 	SAM: 0.018685
1349 - port_196                 . 	SCC: 0.643991, 	SAM: 0.049842
1350 - port_199                 . 	SCC: 0.685425, 	SAM: 0.034236
1351 - port_214                 . 	SCC: 0.644431, 	SAM: 0.053310
1352 - port_225                 . 	SCC: 0.672675, 	SAM: 0.071027
1353 - port_227                 . 	SCC: 0.667093, 	SAM: 0.098299
1354 - port_236                 . 	SCC: 0.776540, 	SAM: 0.020288
1355 - port_238                 . 	SCC: 0.721663, 	SAM: 0.089538
1356 - port_242                 . 	SCC: 0.552091, 	SAM: 0.100583
1357 - port_246                 . 	SCC: 0.563490, 	SAM: 0.122629
1358 - port_248                 . 	SCC: 0.604657, 	SAM: 0.079533
1359 - port_25                  . 	SCC: 0.624226, 	SAM: 0.031459
1360 - port_251                 . 	SCC: 0.740756, 	SAM: 0.019799
1361 - port_255                 . 	SCC: 0.676315, 	SAM: 0.101340
1362 - port_26                  . 	SCC: 0.691132, 	SAM: 0.025490
1363 - port_273                 . 	SCC: 0.619851, 	SAM: 0.090434
1364 - port_284                 . 	SCC: 0.690034, 	SAM: 0.032432
1365 - port_286                 . 	SCC: 0.592173, 	SAM: 0.025844
1366 - port_288                 . 	SCC: 0.686521, 	SAM: 0.054710
1367 - port_29                  . 	SCC: 0.721526, 	SAM: 0.036770
1368 - port_292                 . 	SCC: 0.659283, 	SAM: 0.108380
1369 - port_296                 . 	SCC: 0.639128, 	SAM: 0.064941
1370 - port_30                  . 	SCC: 0.627579, 	SAM: 0.035792
1371 - port_301                 . 	SCC: 0.602660, 	SAM: 0.130307
1372 - port_303                 . 	SCC: 0.586722, 	SAM: 0.128178
1373 - port_308                 . 	SCC: 0.669887, 	SAM: 0.062440
1374 - port_31                  . 	SCC: 0.645422, 	SAM: 0.035489
1375 - port_323                 . 	SCC: 0.656714, 	SAM: 0.072721
1376 - port_326                 . 	SCC: 0.642803, 	SAM: 0.107492
1377 - port_328                 . 	SCC: 0.714257, 	SAM: 0.036610
1378 - port_33                  . 	SCC: 0.676677, 	SAM: 0.022751
1379 - port_331                 . 	SCC: 0.659174, 	SAM: 0.050270
1380 - port_334                 . 	SCC: 0.690452, 	SAM: 0.062899
1381 - port_339                 . 	SCC: 0.531022, 	SAM: 0.104984
1382 - port_341                 . 	SCC: 0.662169, 	SAM: 0.065256
1383 - port_344                 . 	SCC: 0.554483, 	SAM: 0.058491
1384 - port_35                  . 	SCC: 0.654975, 	SAM: 0.026784
1385 - port_351                 . 	SCC: 0.548351, 	SAM: 0.105279
1386 - port_352                 . 	SCC: 0.563028, 	SAM: 0.104706
1387 - port_357                 . 	SCC: 0.508734, 	SAM: 0.105117
1388 - port_358                 . 	SCC: 0.511582, 	SAM: 0.123952
1389 - port_361                 . 	SCC: 0.546204, 	SAM: 0.103560
1390 - port_362                 . 	SCC: 0.640690, 	SAM: 0.149318
1391 - port_365                 . 	SCC: 0.579147, 	SAM: 0.092775
1392 - port_370                 . 	SCC: 0.591430, 	SAM: 0.134621
1393 - port_38                  . 	SCC: 0.722229, 	SAM: 0.012049
1394 - port_4                   . 	SCC: 0.481219, 	SAM: 0.061486
1395 - port_42                  . 	SCC: 0.491349, 	SAM: 0.033432
1396 - port_46                  . 	SCC: 0.738755, 	SAM: 0.028354
1397 - port_49                  . 	SCC: 0.622397, 	SAM: 0.053514
1398 - port_54                  . 	SCC: 0.726239, 	SAM: 0.038030
1399 - port_57                  . 	SCC: 0.665161, 	SAM: 0.024148
1400 - port_60                  . 	SCC: 0.692873, 	SAM: 0.019807
1401 - port_62                  . 	SCC: 0.654342, 	SAM: 0.077828
1402 - port_64                  . 	SCC: 0.686278, 	SAM: 0.053032
1403 - port_69                  . 	SCC: 0.593687, 	SAM: 0.086245
1404 - port_75                  . 	SCC: 0.589520, 	SAM: 0.073224
1405 - port_77                  . 	SCC: 0.547285, 	SAM: 0.076687
1406 - port_78                  . 	SCC: 0.570846, 	SAM: 0.106846
1407 - port_8                   . 	SCC: 0.632107, 	SAM: 0.073478
1408 - port_81                  . 	SCC: 0.551363, 	SAM: 0.074670
1409 - railwaystation_10        . 	SCC: 0.689017, 	SAM: 0.029804
1410 - railwaystation_103       . 	SCC: 0.723386, 	SAM: 0.020072
1411 - railwaystation_105       . 	SCC: 0.657103, 	SAM: 0.031874
1412 - railwaystation_11        . 	SCC: 0.700585, 	SAM: 0.026533
1413 - railwaystation_110       . 	SCC: 0.658613, 	SAM: 0.016450
1414 - railwaystation_116       . 	SCC: 0.692731, 	SAM: 0.044871
1415 - railwaystation_117       . 	SCC: 0.651449, 	SAM: 0.053133
1416 - railwaystation_123       . 	SCC: 0.742496, 	SAM: 0.031287
1417 - railwaystation_124       . 	SCC: 0.713811, 	SAM: 0.028849
1418 - railwaystation_126       . 	SCC: 0.684176, 	SAM: 0.018308
1419 - railwaystation_139       . 	SCC: 0.703256, 	SAM: 0.027775
1420 - railwaystation_144       . 	SCC: 0.708992, 	SAM: 0.022606
1421 - railwaystation_157       . 	SCC: 0.713522, 	SAM: 0.015175
1422 - railwaystation_158       . 	SCC: 0.773356, 	SAM: 0.022848
1423 - railwaystation_16        . 	SCC: 0.561672, 	SAM: 0.091867
1424 - railwaystation_171       . 	SCC: 0.818315, 	SAM: 0.025179
1425 - railwaystation_174       . 	SCC: 0.729179, 	SAM: 0.072047
1426 - railwaystation_178       . 	SCC: 0.730788, 	SAM: 0.068432
1427 - railwaystation_18        . 	SCC: 0.561760, 	SAM: 0.122549
1428 - railwaystation_182       . 	SCC: 0.764676, 	SAM: 0.052826
1429 - railwaystation_185       . 	SCC: 0.793253, 	SAM: 0.037807
1430 - railwaystation_193       . 	SCC: 0.777486, 	SAM: 0.029582
1431 - railwaystation_198       . 	SCC: 0.700138, 	SAM: 0.037835
1432 - railwaystation_203       . 	SCC: 0.609838, 	SAM: 0.059651
1433 - railwaystation_212       . 	SCC: 0.698199, 	SAM: 0.025053
1434 - railwaystation_214       . 	SCC: 0.731028, 	SAM: 0.055456
1435 - railwaystation_215       . 	SCC: 0.691565, 	SAM: 0.055073
1436 - railwaystation_218       . 	SCC: 0.678263, 	SAM: 0.024986
1437 - railwaystation_224       . 	SCC: 0.724591, 	SAM: 0.036808
1438 - railwaystation_226       . 	SCC: 0.799938, 	SAM: 0.046351
1439 - railwaystation_227       . 	SCC: 0.773572, 	SAM: 0.026267
1440 - railwaystation_23        . 	SCC: 0.713695, 	SAM: 0.015759
1441 - railwaystation_233       . 	SCC: 0.642191, 	SAM: 0.074491
1442 - railwaystation_234       . 	SCC: 0.706074, 	SAM: 0.023956
1443 - railwaystation_239       . 	SCC: 0.807080, 	SAM: 0.056418
1444 - railwaystation_240       . 	SCC: 0.731227, 	SAM: 0.016420
1445 - railwaystation_241       . 	SCC: 0.768366, 	SAM: 0.026654
1446 - railwaystation_248       . 	SCC: 0.734187, 	SAM: 0.020376
1447 - railwaystation_25        . 	SCC: 0.673475, 	SAM: 0.049287
1448 - railwaystation_253       . 	SCC: 0.602339, 	SAM: 0.131189
1449 - railwaystation_255       . 	SCC: 0.563664, 	SAM: 0.160925
1450 - railwaystation_29        . 	SCC: 0.672680, 	SAM: 0.055009
1451 - railwaystation_31        . 	SCC: 0.685334, 	SAM: 0.025611
1452 - railwaystation_44        . 	SCC: 0.611302, 	SAM: 0.098986
1453 - railwaystation_57        . 	SCC: 0.630626, 	SAM: 0.099129
1454 - railwaystation_64        . 	SCC: 0.670751, 	SAM: 0.062686
1455 - railwaystation_7         . 	SCC: 0.605786, 	SAM: 0.078470
1456 - railwaystation_75        . 	SCC: 0.688459, 	SAM: 0.031729
1457 - railwaystation_8         . 	SCC: 0.676175, 	SAM: 0.037101
1458 - railwaystation_93        . 	SCC: 0.596940, 	SAM: 0.053544
1459 - railwaystation_94        . 	SCC: 0.673795, 	SAM: 0.039572
1460 - railwaystation_96        . 	SCC: 0.689312, 	SAM: 0.041629
1461 - resort_105               . 	SCC: 0.700102, 	SAM: 0.008726
1462 - resort_111               . 	SCC: 0.724867, 	SAM: 0.010234
1463 - resort_115               . 	SCC: 0.683684, 	SAM: 0.022701
1464 - resort_120               . 	SCC: 0.756529, 	SAM: 0.014521
1465 - resort_123               . 	SCC: 0.719037, 	SAM: 0.013508
1466 - resort_134               . 	SCC: 0.611824, 	SAM: 0.058282
1467 - resort_142               . 	SCC: 0.560630, 	SAM: 0.085501
1468 - resort_143               . 	SCC: 0.557242, 	SAM: 0.092412
1469 - resort_149               . 	SCC: 0.698955, 	SAM: 0.057015
1470 - resort_15                . 	SCC: 0.667999, 	SAM: 0.061996
1471 - resort_154               . 	SCC: 0.648117, 	SAM: 0.077136
1472 - resort_156               . 	SCC: 0.605914, 	SAM: 0.080508
1473 - resort_16                . 	SCC: 0.684660, 	SAM: 0.056601
1474 - resort_160               . 	SCC: 0.641329, 	SAM: 0.112008
1475 - resort_167               . 	SCC: 0.561285, 	SAM: 0.125927
1476 - resort_168               . 	SCC: 0.627260, 	SAM: 0.036158
1477 - resort_17                . 	SCC: 0.571524, 	SAM: 0.070791
1478 - resort_179               . 	SCC: 0.656780, 	SAM: 0.054771
1479 - resort_185               . 	SCC: 0.661673, 	SAM: 0.013428
1480 - resort_190               . 	SCC: 0.706734, 	SAM: 0.033528
1481 - resort_199               . 	SCC: 0.713098, 	SAM: 0.022113
1482 - resort_208               . 	SCC: 0.704502, 	SAM: 0.025107
1483 - resort_214               . 	SCC: 0.700029, 	SAM: 0.024226
1484 - resort_22                . 	SCC: 0.768832, 	SAM: 0.048123
1485 - resort_223               . 	SCC: 0.775000, 	SAM: 0.026902
1486 - resort_226               . 	SCC: 0.581461, 	SAM: 0.033966
1487 - resort_232               . 	SCC: 0.654397, 	SAM: 0.018016
1488 - resort_234               . 	SCC: 0.701613, 	SAM: 0.042370
1489 - resort_240               . 	SCC: 0.767654, 	SAM: 0.016922
1490 - resort_243               . 	SCC: 0.688080, 	SAM: 0.038484
1491 - resort_252               . 	SCC: 0.665331, 	SAM: 0.018851
1492 - resort_253               . 	SCC: 0.718628, 	SAM: 0.019240
1493 - resort_255               . 	SCC: 0.712943, 	SAM: 0.034903
1494 - resort_26                . 	SCC: 0.595715, 	SAM: 0.059273
1495 - resort_266               . 	SCC: 0.627665, 	SAM: 0.048020
1496 - resort_272               . 	SCC: 0.696121, 	SAM: 0.019498
1497 - resort_273               . 	SCC: 0.687113, 	SAM: 0.033625
1498 - resort_276               . 	SCC: 0.678313, 	SAM: 0.014865
1499 - resort_285               . 	SCC: 0.611242, 	SAM: 0.013476
1500 - resort_287               . 	SCC: 0.734466, 	SAM: 0.015606
1501 - resort_38                . 	SCC: 0.585342, 	SAM: 0.085273
1502 - resort_4                 . 	SCC: 0.663449, 	SAM: 0.074661
1503 - resort_47                . 	SCC: 0.654210, 	SAM: 0.072010
1504 - resort_51                . 	SCC: 0.639510, 	SAM: 0.088137
1505 - resort_53                . 	SCC: 0.606469, 	SAM: 0.078234
1506 - resort_62                . 	SCC: 0.623434, 	SAM: 0.082553
1507 - resort_64                . 	SCC: 0.639900, 	SAM: 0.085936
1508 - resort_65                . 	SCC: 0.622358, 	SAM: 0.085573
1509 - resort_7                 . 	SCC: 0.713815, 	SAM: 0.049813
1510 - resort_71                . 	SCC: 0.544087, 	SAM: 0.098872
1511 - resort_81                . 	SCC: 0.593188, 	SAM: 0.070030
1512 - resort_88                . 	SCC: 0.615389, 	SAM: 0.088806
1513 - resort_89                . 	SCC: 0.632716, 	SAM: 0.068847
1514 - resort_92                . 	SCC: 0.688574, 	SAM: 0.046307
1515 - resort_93                . 	SCC: 0.619078, 	SAM: 0.084967
1516 - resort_94                . 	SCC: 0.612584, 	SAM: 0.073885
1517 - resort_95                . 	SCC: 0.601555, 	SAM: 0.077904
1518 - resort_97                . 	SCC: 0.601309, 	SAM: 0.067467
1519 - river_105                . 	SCC: 0.665734, 	SAM: 0.030291
1520 - river_112                . 	SCC: 0.521739, 	SAM: 0.076926
1521 - river_118                . 	SCC: 0.593075, 	SAM: 0.056514
1522 - river_121                . 	SCC: 0.577318, 	SAM: 0.059479
1523 - river_123                . 	SCC: 0.689358, 	SAM: 0.038747
1524 - river_126                . 	SCC: 0.642458, 	SAM: 0.053256
1525 - river_127                . 	SCC: 0.665238, 	SAM: 0.032577
1526 - river_135                . 	SCC: 0.560497, 	SAM: 0.055434
1527 - river_137                . 	SCC: 0.647695, 	SAM: 0.035249
1528 - river_141                . 	SCC: 0.591673, 	SAM: 0.033416
1529 - river_16                 . 	SCC: 0.653389, 	SAM: 0.039080
1530 - river_163                . 	SCC: 0.591882, 	SAM: 0.025115
1531 - river_165                . 	SCC: 0.639450, 	SAM: 0.039588
1532 - river_171                . 	SCC: 0.528040, 	SAM: 0.049547
1533 - river_173                . 	SCC: 0.541865, 	SAM: 0.067419
1534 - river_175                . 	SCC: 0.556864, 	SAM: 0.076899
1535 - river_180                . 	SCC: 0.692280, 	SAM: 0.025838
1536 - river_181                . 	SCC: 0.670417, 	SAM: 0.026612
1537 - river_184                . 	SCC: 0.583075, 	SAM: 0.040476
1538 - river_187                . 	SCC: 0.557294, 	SAM: 0.041671
1539 - river_19                 . 	SCC: 0.636953, 	SAM: 0.052447
1540 - river_190                . 	SCC: 0.595069, 	SAM: 0.046972
1541 - river_191                . 	SCC: 0.570160, 	SAM: 0.063183
1542 - river_201                . 	SCC: 0.583331, 	SAM: 0.080687
1543 - river_220                . 	SCC: 0.566241, 	SAM: 0.058604
1544 - river_237                . 	SCC: 0.522570, 	SAM: 0.059960
1545 - river_239                . 	SCC: 0.550960, 	SAM: 0.091416
1546 - river_240                . 	SCC: 0.548839, 	SAM: 0.058904
1547 - river_245                . 	SCC: 0.535751, 	SAM: 0.048771
1548 - river_249                . 	SCC: 0.514795, 	SAM: 0.091928
1549 - river_25                 . 	SCC: 0.582568, 	SAM: 0.043939
1550 - river_256                . 	SCC: 0.529748, 	SAM: 0.043821
1551 - river_257                . 	SCC: 0.681534, 	SAM: 0.022239
1552 - river_264                . 	SCC: 0.735052, 	SAM: 0.040764
1553 - river_267                . 	SCC: 0.682973, 	SAM: 0.025252
1554 - river_27                 . 	SCC: 0.617845, 	SAM: 0.051080
1555 - river_271                . 	SCC: 0.603063, 	SAM: 0.089467
1556 - river_274                . 	SCC: 0.720463, 	SAM: 0.030962
1557 - river_276                . 	SCC: 0.703212, 	SAM: 0.048144
1558 - river_279                . 	SCC: 0.669671, 	SAM: 0.083133
1559 - river_285                . 	SCC: 0.728739, 	SAM: 0.058433
1560 - river_292                . 	SCC: 0.787475, 	SAM: 0.019190
1561 - river_296                . 	SCC: 0.630912, 	SAM: 0.021074
1562 - river_301                . 	SCC: 0.536335, 	SAM: 0.053719
1563 - river_304                . 	SCC: 0.687445, 	SAM: 0.055234
1564 - river_31                 . 	SCC: 0.578836, 	SAM: 0.038986
1565 - river_312                . 	SCC: 0.582789, 	SAM: 0.031146
1566 - river_32                 . 	SCC: 0.502736, 	SAM: 0.049452
1567 - river_324                . 	SCC: 0.640021, 	SAM: 0.022393
1568 - river_328                . 	SCC: 0.633826, 	SAM: 0.032933
1569 - river_336                . 	SCC: 0.585555, 	SAM: 0.012516
1570 - river_340                . 	SCC: 0.571812, 	SAM: 0.055890
1571 - river_341                . 	SCC: 0.529505, 	SAM: 0.026027
1572 - river_347                . 	SCC: 0.569607, 	SAM: 0.025989
1573 - river_349                . 	SCC: 0.515758, 	SAM: 0.026011
1574 - river_358                . 	SCC: 0.583859, 	SAM: 0.067528
1575 - river_36                 . 	SCC: 0.694445, 	SAM: 0.031203
1576 - river_362                . 	SCC: 0.627040, 	SAM: 0.044604
1577 - river_367                . 	SCC: 0.590913, 	SAM: 0.044680
1578 - river_368                . 	SCC: 0.700555, 	SAM: 0.038121
1579 - river_370                . 	SCC: 0.527602, 	SAM: 0.053537
1580 - river_377                . 	SCC: 0.486787, 	SAM: 0.079331
1581 - river_380                . 	SCC: 0.616116, 	SAM: 0.036047
1582 - river_382                . 	SCC: 0.621100, 	SAM: 0.081988
1583 - river_384                . 	SCC: 0.683695, 	SAM: 0.031318
1584 - river_387                . 	SCC: 0.560641, 	SAM: 0.055272
1585 - river_395                . 	SCC: 0.448713, 	SAM: 0.199160
1586 - river_399                . 	SCC: 0.414673, 	SAM: 0.102807
1587 - river_406                . 	SCC: 0.434337, 	SAM: 0.115716
1588 - river_41                 . 	SCC: 0.603580, 	SAM: 0.040600
1589 - river_43                 . 	SCC: 0.576110, 	SAM: 0.042926
1590 - river_44                 . 	SCC: 0.571035, 	SAM: 0.049622
1591 - river_45                 . 	SCC: 0.644506, 	SAM: 0.058065
1592 - river_51                 . 	SCC: 0.633223, 	SAM: 0.049136
1593 - river_52                 . 	SCC: 0.686717, 	SAM: 0.055514
1594 - river_53                 . 	SCC: 0.652370, 	SAM: 0.040457
1595 - river_71                 . 	SCC: 0.683621, 	SAM: 0.028771
1596 - river_73                 . 	SCC: 0.649095, 	SAM: 0.029000
1597 - river_77                 . 	SCC: 0.656846, 	SAM: 0.047083
1598 - river_82                 . 	SCC: 0.677495, 	SAM: 0.011865
1599 - river_94                 . 	SCC: 0.633788, 	SAM: 0.055787
1600 - river_97                 . 	SCC: 0.660152, 	SAM: 0.039623
1601 - school_10                . 	SCC: 0.770508, 	SAM: 0.054552
1602 - school_101               . 	SCC: 0.772614, 	SAM: 0.060524
1603 - school_108               . 	SCC: 0.785517, 	SAM: 0.028384
1604 - school_111               . 	SCC: 0.769461, 	SAM: 0.052201
1605 - school_119               . 	SCC: 0.582848, 	SAM: 0.086847
1606 - school_121               . 	SCC: 0.683500, 	SAM: 0.026431
1607 - school_122               . 	SCC: 0.674737, 	SAM: 0.027214
1608 - school_125               . 	SCC: 0.653608, 	SAM: 0.021763
1609 - school_135               . 	SCC: 0.625723, 	SAM: 0.095490
1610 - school_14                . 	SCC: 0.777213, 	SAM: 0.048745
1611 - school_145               . 	SCC: 0.713669, 	SAM: 0.046719
1612 - school_147               . 	SCC: 0.673920, 	SAM: 0.013937
1613 - school_149               . 	SCC: 0.594670, 	SAM: 0.100861
1614 - school_158               . 	SCC: 0.592275, 	SAM: 0.094573
1615 - school_164               . 	SCC: 0.524773, 	SAM: 0.050237
1616 - school_170               . 	SCC: 0.606015, 	SAM: 0.097356
1617 - school_173               . 	SCC: 0.601383, 	SAM: 0.076630
1618 - school_191               . 	SCC: 0.635695, 	SAM: 0.071873
1619 - school_195               . 	SCC: 0.553873, 	SAM: 0.085862
1620 - school_200               . 	SCC: 0.634178, 	SAM: 0.088380
1621 - school_202               . 	SCC: 0.679474, 	SAM: 0.086214
1622 - school_205               . 	SCC: 0.699633, 	SAM: 0.046523
1623 - school_208               . 	SCC: 0.637111, 	SAM: 0.079490
1624 - school_216               . 	SCC: 0.741944, 	SAM: 0.040710
1625 - school_217               . 	SCC: 0.652608, 	SAM: 0.071560
1626 - school_223               . 	SCC: 0.669044, 	SAM: 0.061996
1627 - school_224               . 	SCC: 0.623914, 	SAM: 0.017775
1628 - school_226               . 	SCC: 0.687197, 	SAM: 0.058377
1629 - school_228               . 	SCC: 0.739156, 	SAM: 0.033050
1630 - school_229               . 	SCC: 0.701585, 	SAM: 0.044194
1631 - school_237               . 	SCC: 0.722054, 	SAM: 0.029129
1632 - school_238               . 	SCC: 0.666720, 	SAM: 0.061618
1633 - school_242               . 	SCC: 0.618550, 	SAM: 0.094345
1634 - school_244               . 	SCC: 0.616464, 	SAM: 0.095382
1635 - school_245               . 	SCC: 0.615606, 	SAM: 0.080804
1636 - school_247               . 	SCC: 0.600183, 	SAM: 0.112690
1637 - school_249               . 	SCC: 0.622022, 	SAM: 0.103040
1638 - school_252               . 	SCC: 0.591161, 	SAM: 0.106899
1639 - school_265               . 	SCC: 0.615602, 	SAM: 0.069082
1640 - school_267               . 	SCC: 0.581196, 	SAM: 0.090587
1641 - school_27                . 	SCC: 0.797386, 	SAM: 0.037355
1642 - school_272               . 	SCC: 0.692863, 	SAM: 0.090069
1643 - school_284               . 	SCC: 0.744712, 	SAM: 0.023862
1644 - school_290               . 	SCC: 0.684291, 	SAM: 0.035097
1645 - school_3                 . 	SCC: 0.786776, 	SAM: 0.050645
1646 - school_32                . 	SCC: 0.769825, 	SAM: 0.050531
1647 - school_46                . 	SCC: 0.803681, 	SAM: 0.044991
1648 - school_51                . 	SCC: 0.777459, 	SAM: 0.048194
1649 - school_53                . 	SCC: 0.792839, 	SAM: 0.043634
1650 - school_56                . 	SCC: 0.776007, 	SAM: 0.047606
1651 - school_6                 . 	SCC: 0.733938, 	SAM: 0.095190
1652 - school_60                . 	SCC: 0.829423, 	SAM: 0.041203
1653 - school_61                . 	SCC: 0.804473, 	SAM: 0.022966
1654 - school_65                . 	SCC: 0.790229, 	SAM: 0.047505
1655 - school_68                . 	SCC: 0.823624, 	SAM: 0.012399
1656 - school_70                . 	SCC: 0.766161, 	SAM: 0.063781
1657 - school_72                . 	SCC: 0.784136, 	SAM: 0.048026
1658 - school_80                . 	SCC: 0.811366, 	SAM: 0.021991
1659 - school_90                . 	SCC: 0.739561, 	SAM: 0.061265
1660 - school_95                . 	SCC: 0.767203, 	SAM: 0.053801
1661 - sparseresidential_1      . 	SCC: 0.479774, 	SAM: 0.077896
1662 - sparseresidential_101    . 	SCC: 0.651149, 	SAM: 0.109665
1663 - sparseresidential_123    . 	SCC: 0.658091, 	SAM: 0.064392
1664 - sparseresidential_126    . 	SCC: 0.667423, 	SAM: 0.060549
1665 - sparseresidential_129    . 	SCC: 0.669328, 	SAM: 0.043971
1666 - sparseresidential_139    . 	SCC: 0.660636, 	SAM: 0.047967
1667 - sparseresidential_141    . 	SCC: 0.563650, 	SAM: 0.083485
1668 - sparseresidential_150    . 	SCC: 0.687881, 	SAM: 0.074565
1669 - sparseresidential_153    . 	SCC: 0.696066, 	SAM: 0.068778
1670 - sparseresidential_154    . 	SCC: 0.686788, 	SAM: 0.106828
1671 - sparseresidential_157    . 	SCC: 0.452318, 	SAM: 0.133423
1672 - sparseresidential_159    . 	SCC: 0.485901, 	SAM: 0.138467
1673 - sparseresidential_168    . 	SCC: 0.524171, 	SAM: 0.123557
1674 - sparseresidential_169    . 	SCC: 0.565615, 	SAM: 0.089653
1675 - sparseresidential_170    . 	SCC: 0.726818, 	SAM: 0.032547
1676 - sparseresidential_171    . 	SCC: 0.565015, 	SAM: 0.077006
1677 - sparseresidential_174    . 	SCC: 0.679284, 	SAM: 0.098894
1678 - sparseresidential_179    . 	SCC: 0.560979, 	SAM: 0.098213
1679 - sparseresidential_18     . 	SCC: 0.543857, 	SAM: 0.092451
1680 - sparseresidential_181    . 	SCC: 0.617150, 	SAM: 0.098842
1681 - sparseresidential_19     . 	SCC: 0.531231, 	SAM: 0.113874
1682 - sparseresidential_192    . 	SCC: 0.675570, 	SAM: 0.118357
1683 - sparseresidential_194    . 	SCC: 0.576195, 	SAM: 0.091069
1684 - sparseresidential_219    . 	SCC: 0.618873, 	SAM: 0.161546
1685 - sparseresidential_228    . 	SCC: 0.616892, 	SAM: 0.096368
1686 - sparseresidential_229    . 	SCC: 0.623442, 	SAM: 0.110992
1687 - sparseresidential_23     . 	SCC: 0.645513, 	SAM: 0.084909
1688 - sparseresidential_234    . 	SCC: 0.677939, 	SAM: 0.123925
1689 - sparseresidential_237    . 	SCC: 0.643512, 	SAM: 0.133590
1690 - sparseresidential_239    . 	SCC: 0.656215, 	SAM: 0.101949
1691 - sparseresidential_24     . 	SCC: 0.682045, 	SAM: 0.086126
1692 - sparseresidential_240    . 	SCC: 0.642498, 	SAM: 0.115264
1693 - sparseresidential_241    . 	SCC: 0.700018, 	SAM: 0.097472
1694 - sparseresidential_243    . 	SCC: 0.672636, 	SAM: 0.122849
1695 - sparseresidential_25     . 	SCC: 0.666353, 	SAM: 0.072854
1696 - sparseresidential_256    . 	SCC: 0.678622, 	SAM: 0.066697
1697 - sparseresidential_258    . 	SCC: 0.626143, 	SAM: 0.094363
1698 - sparseresidential_26     . 	SCC: 0.608959, 	SAM: 0.117325
1699 - sparseresidential_260    . 	SCC: 0.630223, 	SAM: 0.142546
1700 - sparseresidential_267    . 	SCC: 0.696489, 	SAM: 0.090071
1701 - sparseresidential_275    . 	SCC: 0.612909, 	SAM: 0.076863
1702 - sparseresidential_287    . 	SCC: 0.727358, 	SAM: 0.060348
1703 - sparseresidential_29     . 	SCC: 0.646026, 	SAM: 0.088919
1704 - sparseresidential_294    . 	SCC: 0.678411, 	SAM: 0.072075
1705 - sparseresidential_3      . 	SCC: 0.542468, 	SAM: 0.097590
1706 - sparseresidential_32     . 	SCC: 0.673525, 	SAM: 0.083046
1707 - sparseresidential_4      . 	SCC: 0.660858, 	SAM: 0.084037
1708 - sparseresidential_41     . 	SCC: 0.665393, 	SAM: 0.102223
1709 - sparseresidential_43     . 	SCC: 0.701620, 	SAM: 0.060541
1710 - sparseresidential_51     . 	SCC: 0.612284, 	SAM: 0.081876
1711 - sparseresidential_55     . 	SCC: 0.604282, 	SAM: 0.120122
1712 - sparseresidential_56     . 	SCC: 0.645427, 	SAM: 0.148542
1713 - sparseresidential_57     . 	SCC: 0.700576, 	SAM: 0.090672
1714 - sparseresidential_6      . 	SCC: 0.589660, 	SAM: 0.071267
1715 - sparseresidential_64     . 	SCC: 0.658587, 	SAM: 0.069180
1716 - sparseresidential_72     . 	SCC: 0.663134, 	SAM: 0.048040
1717 - sparseresidential_75     . 	SCC: 0.649563, 	SAM: 0.101581
1718 - sparseresidential_76     . 	SCC: 0.664803, 	SAM: 0.057202
1719 - sparseresidential_82     . 	SCC: 0.631981, 	SAM: 0.108558
1720 - sparseresidential_95     . 	SCC: 0.661851, 	SAM: 0.065142
1721 - square_1                 . 	SCC: 0.585124, 	SAM: 0.011330
1722 - square_101               . 	SCC: 0.636710, 	SAM: 0.072667
1723 - square_104               . 	SCC: 0.731795, 	SAM: 0.045330
1724 - square_106               . 	SCC: 0.744550, 	SAM: 0.016760
1725 - square_107               . 	SCC: 0.620343, 	SAM: 0.018606
1726 - square_117               . 	SCC: 0.565638, 	SAM: 0.008196
1727 - square_119               . 	SCC: 0.630656, 	SAM: 0.012444
1728 - square_124               . 	SCC: 0.701091, 	SAM: 0.041480
1729 - square_130               . 	SCC: 0.757649, 	SAM: 0.024559
1730 - square_132               . 	SCC: 0.740167, 	SAM: 0.022438
1731 - square_135               . 	SCC: 0.653247, 	SAM: 0.016379
1732 - square_136               . 	SCC: 0.754136, 	SAM: 0.025278
1733 - square_138               . 	SCC: 0.750954, 	SAM: 0.027195
1734 - square_141               . 	SCC: 0.633006, 	SAM: 0.010635
1735 - square_142               . 	SCC: 0.743823, 	SAM: 0.024981
1736 - square_16                . 	SCC: 0.588313, 	SAM: 0.087587
1737 - square_164               . 	SCC: 0.683572, 	SAM: 0.025115
1738 - square_166               . 	SCC: 0.700171, 	SAM: 0.066693
1739 - square_169               . 	SCC: 0.767317, 	SAM: 0.036188
1740 - square_17                . 	SCC: 0.727737, 	SAM: 0.039477
1741 - square_174               . 	SCC: 0.729129, 	SAM: 0.052378
1742 - square_177               . 	SCC: 0.652915, 	SAM: 0.069523
1743 - square_18                . 	SCC: 0.556259, 	SAM: 0.105695
1744 - square_180               . 	SCC: 0.671836, 	SAM: 0.066955
1745 - square_191               . 	SCC: 0.705795, 	SAM: 0.026850
1746 - square_194               . 	SCC: 0.658888, 	SAM: 0.078857
1747 - square_20                . 	SCC: 0.548037, 	SAM: 0.075898
1748 - square_201               . 	SCC: 0.671723, 	SAM: 0.027788
1749 - square_209               . 	SCC: 0.781965, 	SAM: 0.027023
1750 - square_210               . 	SCC: 0.794710, 	SAM: 0.028798
1751 - square_214               . 	SCC: 0.687411, 	SAM: 0.018953
1752 - square_220               . 	SCC: 0.740956, 	SAM: 0.019905
1753 - square_226               . 	SCC: 0.652703, 	SAM: 0.039120
1754 - square_235               . 	SCC: 0.669066, 	SAM: 0.057601
1755 - square_237               . 	SCC: 0.650842, 	SAM: 0.089943
1756 - square_245               . 	SCC: 0.735945, 	SAM: 0.067431
1757 - square_249               . 	SCC: 0.558655, 	SAM: 0.101295
1758 - square_250               . 	SCC: 0.632772, 	SAM: 0.111991
1759 - square_252               . 	SCC: 0.669171, 	SAM: 0.062654
1760 - square_255               . 	SCC: 0.710806, 	SAM: 0.027966
1761 - square_257               . 	SCC: 0.702043, 	SAM: 0.043802
1762 - square_259               . 	SCC: 0.536686, 	SAM: 0.110155
1763 - square_26                . 	SCC: 0.592282, 	SAM: 0.102682
1764 - square_268               . 	SCC: 0.679545, 	SAM: 0.103749
1765 - square_271               . 	SCC: 0.700190, 	SAM: 0.058656
1766 - square_273               . 	SCC: 0.642688, 	SAM: 0.020356
1767 - square_278               . 	SCC: 0.575860, 	SAM: 0.011728
1768 - square_279               . 	SCC: 0.556428, 	SAM: 0.012868
1769 - square_281               . 	SCC: 0.639189, 	SAM: 0.010714
1770 - square_288               . 	SCC: 0.767579, 	SAM: 0.057891
1771 - square_305               . 	SCC: 0.687450, 	SAM: 0.106788
1772 - square_310               . 	SCC: 0.694674, 	SAM: 0.085143
1773 - square_314               . 	SCC: 0.613414, 	SAM: 0.029948
1774 - square_324               . 	SCC: 0.750849, 	SAM: 0.040078
1775 - square_325               . 	SCC: 0.698836, 	SAM: 0.036772
1776 - square_328               . 	SCC: 0.521471, 	SAM: 0.131600
1777 - square_330               . 	SCC: 0.641744, 	SAM: 0.044714
1778 - square_34                . 	SCC: 0.643403, 	SAM: 0.014919
1779 - square_43                . 	SCC: 0.749181, 	SAM: 0.042210
1780 - square_44                . 	SCC: 0.709516, 	SAM: 0.031019
1781 - square_52                . 	SCC: 0.581093, 	SAM: 0.015475
1782 - square_71                . 	SCC: 0.563948, 	SAM: 0.010306
1783 - square_73                . 	SCC: 0.554789, 	SAM: 0.010300
1784 - square_82                . 	SCC: 0.722518, 	SAM: 0.032322
1785 - square_90                . 	SCC: 0.645385, 	SAM: 0.064321
1786 - square_98                . 	SCC: 0.660007, 	SAM: 0.080383
1787 - stadium_1                . 	SCC: 0.619471, 	SAM: 0.060228
1788 - stadium_103              . 	SCC: 0.671287, 	SAM: 0.051258
1789 - stadium_108              . 	SCC: 0.698336, 	SAM: 0.041240
1790 - stadium_11               . 	SCC: 0.684668, 	SAM: 0.024948
1791 - stadium_112              . 	SCC: 0.696496, 	SAM: 0.068881
1792 - stadium_12               . 	SCC: 0.709893, 	SAM: 0.011893
1793 - stadium_122              . 	SCC: 0.597961, 	SAM: 0.048935
1794 - stadium_132              . 	SCC: 0.596485, 	SAM: 0.043656
1795 - stadium_134              . 	SCC: 0.606925, 	SAM: 0.040097
1796 - stadium_136              . 	SCC: 0.702806, 	SAM: 0.030329
1797 - stadium_138              . 	SCC: 0.730120, 	SAM: 0.018919
1798 - stadium_139              . 	SCC: 0.667444, 	SAM: 0.034843
1799 - stadium_145              . 	SCC: 0.648912, 	SAM: 0.056080
1800 - stadium_153              . 	SCC: 0.653468, 	SAM: 0.048608
1801 - stadium_154              . 	SCC: 0.679845, 	SAM: 0.045378
1802 - stadium_161              . 	SCC: 0.644329, 	SAM: 0.030394
1803 - stadium_162              . 	SCC: 0.727787, 	SAM: 0.037542
1804 - stadium_163              . 	SCC: 0.696836, 	SAM: 0.042264
1805 - stadium_164              . 	SCC: 0.621036, 	SAM: 0.055517
1806 - stadium_173              . 	SCC: 0.681798, 	SAM: 0.033193
1807 - stadium_175              . 	SCC: 0.665815, 	SAM: 0.052770
1808 - stadium_178              . 	SCC: 0.733589, 	SAM: 0.022088
1809 - stadium_18               . 	SCC: 0.645605, 	SAM: 0.036442
1810 - stadium_187              . 	SCC: 0.647816, 	SAM: 0.086269
1811 - stadium_189              . 	SCC: 0.659457, 	SAM: 0.031171
1812 - stadium_196              . 	SCC: 0.640393, 	SAM: 0.092446
1813 - stadium_197              . 	SCC: 0.640447, 	SAM: 0.035042
1814 - stadium_199              . 	SCC: 0.614581, 	SAM: 0.034140
1815 - stadium_200              . 	SCC: 0.788625, 	SAM: 0.018236
1816 - stadium_206              . 	SCC: 0.643542, 	SAM: 0.063195
1817 - stadium_217              . 	SCC: 0.633738, 	SAM: 0.027541
1818 - stadium_218              . 	SCC: 0.713364, 	SAM: 0.020462
1819 - stadium_224              . 	SCC: 0.655999, 	SAM: 0.036676
1820 - stadium_23               . 	SCC: 0.684251, 	SAM: 0.033413
1821 - stadium_230              . 	SCC: 0.523277, 	SAM: 0.101243
1822 - stadium_235              . 	SCC: 0.609501, 	SAM: 0.102791
1823 - stadium_238              . 	SCC: 0.651080, 	SAM: 0.066406
1824 - stadium_239              . 	SCC: 0.618461, 	SAM: 0.086358
1825 - stadium_242              . 	SCC: 0.695544, 	SAM: 0.017087
1826 - stadium_244              . 	SCC: 0.617449, 	SAM: 0.082652
1827 - stadium_245              . 	SCC: 0.602752, 	SAM: 0.100315
1828 - stadium_248              . 	SCC: 0.633949, 	SAM: 0.112464
1829 - stadium_249              . 	SCC: 0.630303, 	SAM: 0.119684
1830 - stadium_257              . 	SCC: 0.571043, 	SAM: 0.151269
1831 - stadium_262              . 	SCC: 0.585459, 	SAM: 0.093069
1832 - stadium_263              . 	SCC: 0.550098, 	SAM: 0.104716
1833 - stadium_264              . 	SCC: 0.595872, 	SAM: 0.078274
1834 - stadium_265              . 	SCC: 0.581174, 	SAM: 0.115924
1835 - stadium_43               . 	SCC: 0.760965, 	SAM: 0.015283
1836 - stadium_47               . 	SCC: 0.705411, 	SAM: 0.043963
1837 - stadium_5                . 	SCC: 0.681067, 	SAM: 0.023512
1838 - stadium_53               . 	SCC: 0.749147, 	SAM: 0.024191
1839 - stadium_63               . 	SCC: 0.666747, 	SAM: 0.043811
1840 - stadium_72               . 	SCC: 0.714265, 	SAM: 0.043995
1841 - stadium_87               . 	SCC: 0.766758, 	SAM: 0.036491
1842 - stadium_93               . 	SCC: 0.750898, 	SAM: 0.020209
1843 - stadium_97               . 	SCC: 0.618784, 	SAM: 0.093163
1844 - stadium_99               . 	SCC: 0.554696, 	SAM: 0.106882
1845 - storagetanks_10          . 	SCC: 0.669664, 	SAM: 0.063864
1846 - storagetanks_108         . 	SCC: 0.643894, 	SAM: 0.075284
1847 - storagetanks_110         . 	SCC: 0.694717, 	SAM: 0.057059
1848 - storagetanks_114         . 	SCC: 0.599701, 	SAM: 0.084410
1849 - storagetanks_115         . 	SCC: 0.597438, 	SAM: 0.050417
1850 - storagetanks_120         . 	SCC: 0.614233, 	SAM: 0.060258
1851 - storagetanks_130         . 	SCC: 0.672891, 	SAM: 0.076089
1852 - storagetanks_134         . 	SCC: 0.542994, 	SAM: 0.069820
1853 - storagetanks_138         . 	SCC: 0.539504, 	SAM: 0.075963
1854 - storagetanks_152         . 	SCC: 0.599108, 	SAM: 0.092985
1855 - storagetanks_156         . 	SCC: 0.577277, 	SAM: 0.066499
1856 - storagetanks_158         . 	SCC: 0.596195, 	SAM: 0.057838
1857 - storagetanks_167         . 	SCC: 0.563052, 	SAM: 0.059360
1858 - storagetanks_172         . 	SCC: 0.588279, 	SAM: 0.045575
1859 - storagetanks_18          . 	SCC: 0.573613, 	SAM: 0.041487
1860 - storagetanks_188         . 	SCC: 0.687970, 	SAM: 0.032362
1861 - storagetanks_190         . 	SCC: 0.504350, 	SAM: 0.082565
1862 - storagetanks_193         . 	SCC: 0.593167, 	SAM: 0.060932
1863 - storagetanks_196         . 	SCC: 0.571245, 	SAM: 0.050967
1864 - storagetanks_2           . 	SCC: 0.593710, 	SAM: 0.056931
1865 - storagetanks_20          . 	SCC: 0.636162, 	SAM: 0.047398
1866 - storagetanks_203         . 	SCC: 0.576061, 	SAM: 0.065553
1867 - storagetanks_216         . 	SCC: 0.528606, 	SAM: 0.061520
1868 - storagetanks_23          . 	SCC: 0.574713, 	SAM: 0.074730
1869 - storagetanks_244         . 	SCC: 0.688165, 	SAM: 0.030775
1870 - storagetanks_247         . 	SCC: 0.623718, 	SAM: 0.068063
1871 - storagetanks_250         . 	SCC: 0.623536, 	SAM: 0.072684
1872 - storagetanks_251         . 	SCC: 0.563601, 	SAM: 0.084747
1873 - storagetanks_257         . 	SCC: 0.524410, 	SAM: 0.084456
1874 - storagetanks_262         . 	SCC: 0.651529, 	SAM: 0.107272
1875 - storagetanks_263         . 	SCC: 0.559181, 	SAM: 0.086593
1876 - storagetanks_264         . 	SCC: 0.542214, 	SAM: 0.125420
1877 - storagetanks_267         . 	SCC: 0.619649, 	SAM: 0.161278
1878 - storagetanks_27          . 	SCC: 0.523824, 	SAM: 0.071191
1879 - storagetanks_271         . 	SCC: 0.681700, 	SAM: 0.091514
1880 - storagetanks_275         . 	SCC: 0.750819, 	SAM: 0.124293
1881 - storagetanks_276         . 	SCC: 0.677722, 	SAM: 0.153621
1882 - storagetanks_278         . 	SCC: 0.626885, 	SAM: 0.116902
1883 - storagetanks_28          . 	SCC: 0.562321, 	SAM: 0.077509
1884 - storagetanks_285         . 	SCC: 0.521330, 	SAM: 0.116818
1885 - storagetanks_289         . 	SCC: 0.671504, 	SAM: 0.087559
1886 - storagetanks_293         . 	SCC: 0.725297, 	SAM: 0.091030
1887 - storagetanks_294         . 	SCC: 0.624723, 	SAM: 0.114099
1888 - storagetanks_299         . 	SCC: 0.565295, 	SAM: 0.086342
1889 - storagetanks_304         . 	SCC: 0.550703, 	SAM: 0.143457
1890 - storagetanks_312         . 	SCC: 0.473677, 	SAM: 0.100676
1891 - storagetanks_316         . 	SCC: 0.617181, 	SAM: 0.027291
1892 - storagetanks_322         . 	SCC: 0.672308, 	SAM: 0.020545
1893 - storagetanks_330         . 	SCC: 0.712391, 	SAM: 0.031752
1894 - storagetanks_333         . 	SCC: 0.695153, 	SAM: 0.032554
1895 - storagetanks_336         . 	SCC: 0.609422, 	SAM: 0.018579
1896 - storagetanks_345         . 	SCC: 0.692099, 	SAM: 0.021506
1897 - storagetanks_350         . 	SCC: 0.761555, 	SAM: 0.025694
1898 - storagetanks_354         . 	SCC: 0.691169, 	SAM: 0.051552
1899 - storagetanks_36          . 	SCC: 0.539013, 	SAM: 0.072318
1900 - storagetanks_360         . 	SCC: 0.637891, 	SAM: 0.094384
1901 - storagetanks_40          . 	SCC: 0.555415, 	SAM: 0.072333
1902 - storagetanks_45          . 	SCC: 0.552132, 	SAM: 0.065033
1903 - storagetanks_52          . 	SCC: 0.572504, 	SAM: 0.073676
1904 - storagetanks_56          . 	SCC: 0.622012, 	SAM: 0.059582
1905 - storagetanks_63          . 	SCC: 0.626900, 	SAM: 0.049786
1906 - storagetanks_64          . 	SCC: 0.641245, 	SAM: 0.056800
1907 - storagetanks_67          . 	SCC: 0.602774, 	SAM: 0.070976
1908 - storagetanks_70          . 	SCC: 0.648458, 	SAM: 0.097144
1909 - storagetanks_72          . 	SCC: 0.670900, 	SAM: 0.049542
1910 - storagetanks_79          . 	SCC: 0.657006, 	SAM: 0.047187
1911 - storagetanks_80          . 	SCC: 0.668363, 	SAM: 0.047223
1912 - storagetanks_81          . 	SCC: 0.533782, 	SAM: 0.055473
1913 - storagetanks_86          . 	SCC: 0.606063, 	SAM: 0.056377
1914 - storagetanks_88          . 	SCC: 0.502965, 	SAM: 0.073935
1915 - storagetanks_91          . 	SCC: 0.589806, 	SAM: 0.056361
1916 - storagetanks_95          . 	SCC: 0.551758, 	SAM: 0.084248
1917 - viaduct_103              . 	SCC: 0.664244, 	SAM: 0.040340
1918 - viaduct_114              . 	SCC: 0.723040, 	SAM: 0.050384
1919 - viaduct_118              . 	SCC: 0.565585, 	SAM: 0.067655
1920 - viaduct_120              . 	SCC: 0.633594, 	SAM: 0.068931
1921 - viaduct_127              . 	SCC: 0.608821, 	SAM: 0.044764
1922 - viaduct_133              . 	SCC: 0.591741, 	SAM: 0.063034
1923 - viaduct_138              . 	SCC: 0.668110, 	SAM: 0.065194
1924 - viaduct_146              . 	SCC: 0.706764, 	SAM: 0.051212
1925 - viaduct_152              . 	SCC: 0.642075, 	SAM: 0.076225
1926 - viaduct_167              . 	SCC: 0.746001, 	SAM: 0.035832
1927 - viaduct_171              . 	SCC: 0.697235, 	SAM: 0.055284
1928 - viaduct_175              . 	SCC: 0.738982, 	SAM: 0.021090
1929 - viaduct_176              . 	SCC: 0.775075, 	SAM: 0.040342
1930 - viaduct_180              . 	SCC: 0.760428, 	SAM: 0.029383
1931 - viaduct_186              . 	SCC: 0.700960, 	SAM: 0.032422
1932 - viaduct_20               . 	SCC: 0.739908, 	SAM: 0.033242
1933 - viaduct_202              . 	SCC: 0.753385, 	SAM: 0.025941
1934 - viaduct_207              . 	SCC: 0.647950, 	SAM: 0.024614
1935 - viaduct_210              . 	SCC: 0.594006, 	SAM: 0.052016
1936 - viaduct_211              . 	SCC: 0.682207, 	SAM: 0.016777
1937 - viaduct_213              . 	SCC: 0.582747, 	SAM: 0.078780
1938 - viaduct_218              . 	SCC: 0.673417, 	SAM: 0.026009
1939 - viaduct_219              . 	SCC: 0.772089, 	SAM: 0.019393
1940 - viaduct_220              . 	SCC: 0.777398, 	SAM: 0.020928
1941 - viaduct_225              . 	SCC: 0.624025, 	SAM: 0.063515
1942 - viaduct_230              . 	SCC: 0.628069, 	SAM: 0.049773
1943 - viaduct_237              . 	SCC: 0.693993, 	SAM: 0.050417
1944 - viaduct_239              . 	SCC: 0.738586, 	SAM: 0.033005
1945 - viaduct_243              . 	SCC: 0.638510, 	SAM: 0.053301
1946 - viaduct_248              . 	SCC: 0.762167, 	SAM: 0.024477
1947 - viaduct_25               . 	SCC: 0.666932, 	SAM: 0.076540
1948 - viaduct_250              . 	SCC: 0.737606, 	SAM: 0.014334
1949 - viaduct_256              . 	SCC: 0.754852, 	SAM: 0.027998
1950 - viaduct_262              . 	SCC: 0.693863, 	SAM: 0.045757
1951 - viaduct_273              . 	SCC: 0.570687, 	SAM: 0.068917
1952 - viaduct_275              . 	SCC: 0.678893, 	SAM: 0.078411
1953 - viaduct_278              . 	SCC: 0.668736, 	SAM: 0.069076
1954 - viaduct_28               . 	SCC: 0.682454, 	SAM: 0.064780
1955 - viaduct_280              . 	SCC: 0.559253, 	SAM: 0.063317
1956 - viaduct_290              . 	SCC: 0.672800, 	SAM: 0.058012
1957 - viaduct_294              . 	SCC: 0.690782, 	SAM: 0.054751
1958 - viaduct_299              . 	SCC: 0.690869, 	SAM: 0.050961
1959 - viaduct_303              . 	SCC: 0.783877, 	SAM: 0.055606
1960 - viaduct_306              . 	SCC: 0.744633, 	SAM: 0.058173
1961 - viaduct_312              . 	SCC: 0.748145, 	SAM: 0.059246
1962 - viaduct_320              . 	SCC: 0.805950, 	SAM: 0.031970
1963 - viaduct_322              . 	SCC: 0.740965, 	SAM: 0.046430
1964 - viaduct_34               . 	SCC: 0.724177, 	SAM: 0.053127
1965 - viaduct_344              . 	SCC: 0.636314, 	SAM: 0.048652
1966 - viaduct_346              . 	SCC: 0.603328, 	SAM: 0.047601
1967 - viaduct_348              . 	SCC: 0.645117, 	SAM: 0.050391
1968 - viaduct_349              . 	SCC: 0.574202, 	SAM: 0.068451
1969 - viaduct_350              . 	SCC: 0.641047, 	SAM: 0.055284
1970 - viaduct_351              . 	SCC: 0.692103, 	SAM: 0.072283
1971 - viaduct_352              . 	SCC: 0.648649, 	SAM: 0.055511
1972 - viaduct_355              . 	SCC: 0.550984, 	SAM: 0.062767
1973 - viaduct_357              . 	SCC: 0.562067, 	SAM: 0.084448
1974 - viaduct_359              . 	SCC: 0.549260, 	SAM: 0.076085
1975 - viaduct_36               . 	SCC: 0.588537, 	SAM: 0.096350
1976 - viaduct_362              . 	SCC: 0.710822, 	SAM: 0.044587
1977 - viaduct_364              . 	SCC: 0.661235, 	SAM: 0.035147
1978 - viaduct_368              . 	SCC: 0.711792, 	SAM: 0.030301
1979 - viaduct_374              . 	SCC: 0.729501, 	SAM: 0.030082
1980 - viaduct_377              . 	SCC: 0.634441, 	SAM: 0.066058
1981 - viaduct_383              . 	SCC: 0.641004, 	SAM: 0.085519
1982 - viaduct_391              . 	SCC: 0.721117, 	SAM: 0.034479
1983 - viaduct_396              . 	SCC: 0.740486, 	SAM: 0.041370
1984 - viaduct_397              . 	SCC: 0.677631, 	SAM: 0.060589
1985 - viaduct_405              . 	SCC: 0.560846, 	SAM: 0.071133
1986 - viaduct_412              . 	SCC: 0.596034, 	SAM: 0.136176
1987 - viaduct_414              . 	SCC: 0.577861, 	SAM: 0.125959
1988 - viaduct_417              . 	SCC: 0.499289, 	SAM: 0.149086
1989 - viaduct_43               . 	SCC: 0.631929, 	SAM: 0.069272
1990 - viaduct_44               . 	SCC: 0.688196, 	SAM: 0.047269
1991 - viaduct_55               . 	SCC: 0.725944, 	SAM: 0.059562
1992 - viaduct_56               . 	SCC: 0.675521, 	SAM: 0.051922
1993 - viaduct_57               . 	SCC: 0.614181, 	SAM: 0.070513
1994 - viaduct_69               . 	SCC: 0.637029, 	SAM: 0.068945
1995 - viaduct_72               . 	SCC: 0.608460, 	SAM: 0.084658
1996 - viaduct_74               . 	SCC: 0.626896, 	SAM: 0.062608
1997 - viaduct_75               . 	SCC: 0.608301, 	SAM: 0.082301
1998 - viaduct_76               . 	SCC: 0.711443, 	SAM: 0.038073
1999 - viaduct_82               . 	SCC: 0.613164, 	SAM: 0.071364
2000 - viaduct_85               . 	SCC: 0.590621, 	SAM: 0.074768
Average: SCC: 0.659736, SAM: 0.051926
