GT folder: datasets/AID-dataset/test/HR
Gen folder: /root/autodl-tmp/TransENet_base/experiment/results/s1_trans_strip_cam_parallel_add_dw5_pa_scale_AID_x3_w32_20260712_112758/x3
Image extension: .png
Crop border: 3
Workers: 1
Found 2000 images
  1 - airport_1                . 	SCC: 0.404625, 	SAM: 0.060001
  2 - airport_106              . 	SCC: 0.385186, 	SAM: 0.077329
  3 - airport_11               . 	SCC: 0.473202, 	SAM: 0.026816
  4 - airport_110              . 	SCC: 0.377890, 	SAM: 0.075401
  5 - airport_111              . 	SCC: 0.378985, 	SAM: 0.095150
  6 - airport_112              . 	SCC: 0.424480, 	SAM: 0.073112
  7 - airport_113              . 	SCC: 0.404042, 	SAM: 0.074034
  8 - airport_119              . 	SCC: 0.335882, 	SAM: 0.040376
  9 - airport_125              . 	SCC: 0.369053, 	SAM: 0.062190
 10 - airport_127              . 	SCC: 0.413810, 	SAM: 0.058192
 11 - airport_133              . 	SCC: 0.435677, 	SAM: 0.050989
 12 - airport_135              . 	SCC: 0.458681, 	SAM: 0.064990
 13 - airport_138              . 	SCC: 0.356196, 	SAM: 0.079420
 14 - airport_141              . 	SCC: 0.354227, 	SAM: 0.082276
 15 - airport_142              . 	SCC: 0.388190, 	SAM: 0.090972
 16 - airport_150              . 	SCC: 0.380517, 	SAM: 0.036985
 17 - airport_153              . 	SCC: 0.389261, 	SAM: 0.060186
 18 - airport_162              . 	SCC: 0.412471, 	SAM: 0.053033
 19 - airport_168              . 	SCC: 0.324905, 	SAM: 0.062514
 20 - airport_173              . 	SCC: 0.438115, 	SAM: 0.072631
 21 - airport_18               . 	SCC: 0.438088, 	SAM: 0.052284
 22 - airport_183              . 	SCC: 0.353619, 	SAM: 0.058651
 23 - airport_184              . 	SCC: 0.465525, 	SAM: 0.047848
 24 - airport_187              . 	SCC: 0.401342, 	SAM: 0.067041
 25 - airport_197              . 	SCC: 0.533896, 	SAM: 0.045408
 26 - airport_201              . 	SCC: 0.526389, 	SAM: 0.074730
 27 - airport_209              . 	SCC: 0.463663, 	SAM: 0.050410
 28 - airport_21               . 	SCC: 0.381793, 	SAM: 0.056924
 29 - airport_214              . 	SCC: 0.470928, 	SAM: 0.066401
 30 - airport_215              . 	SCC: 0.577953, 	SAM: 0.028587
 31 - airport_228              . 	SCC: 0.494601, 	SAM: 0.030814
 32 - airport_229              . 	SCC: 0.533510, 	SAM: 0.050443
 33 - airport_234              . 	SCC: 0.503560, 	SAM: 0.028276
 34 - airport_238              . 	SCC: 0.424644, 	SAM: 0.063680
 35 - airport_245              . 	SCC: 0.501573, 	SAM: 0.033936
 36 - airport_253              . 	SCC: 0.405754, 	SAM: 0.031904
 37 - airport_256              . 	SCC: 0.358386, 	SAM: 0.039621
 38 - airport_259              . 	SCC: 0.406557, 	SAM: 0.042318
 39 - airport_262              . 	SCC: 0.477969, 	SAM: 0.037362
 40 - airport_265              . 	SCC: 0.423928, 	SAM: 0.023335
 41 - airport_267              . 	SCC: 0.410948, 	SAM: 0.025661
 42 - airport_276              . 	SCC: 0.443132, 	SAM: 0.045224
 43 - airport_296              . 	SCC: 0.396088, 	SAM: 0.081693
 44 - airport_300              . 	SCC: 0.412533, 	SAM: 0.085131
 45 - airport_306              . 	SCC: 0.356305, 	SAM: 0.057048
 46 - airport_312              . 	SCC: 0.352726, 	SAM: 0.043980
 47 - airport_318              . 	SCC: 0.416837, 	SAM: 0.062786
 48 - airport_319              . 	SCC: 0.476228, 	SAM: 0.072625
 49 - airport_323              . 	SCC: 0.386812, 	SAM: 0.059280
 50 - airport_338              . 	SCC: 0.454093, 	SAM: 0.048525
 51 - airport_339              . 	SCC: 0.458700, 	SAM: 0.050410
 52 - airport_341              . 	SCC: 0.389113, 	SAM: 0.079788
 53 - airport_342              . 	SCC: 0.367466, 	SAM: 0.091240
 54 - airport_35               . 	SCC: 0.400490, 	SAM: 0.032545
 55 - airport_353              . 	SCC: 0.448311, 	SAM: 0.064428
 56 - airport_357              . 	SCC: 0.422900, 	SAM: 0.078239
 57 - airport_360              . 	SCC: 0.398716, 	SAM: 0.086470
 58 - airport_46               . 	SCC: 0.454309, 	SAM: 0.037055
 59 - airport_48               . 	SCC: 0.421632, 	SAM: 0.032230
 60 - airport_5                . 	SCC: 0.399472, 	SAM: 0.033240
 61 - airport_50               . 	SCC: 0.488246, 	SAM: 0.025761
 62 - airport_57               . 	SCC: 0.413467, 	SAM: 0.048745
 63 - airport_62               . 	SCC: 0.433441, 	SAM: 0.052512
 64 - airport_64               . 	SCC: 0.469632, 	SAM: 0.028390
 65 - airport_65               . 	SCC: 0.428656, 	SAM: 0.049264
 66 - airport_66               . 	SCC: 0.479322, 	SAM: 0.042760
 67 - airport_69               . 	SCC: 0.394030, 	SAM: 0.047491
 68 - airport_71               . 	SCC: 0.381208, 	SAM: 0.020233
 69 - airport_74               . 	SCC: 0.360649, 	SAM: 0.035563
 70 - airport_84               . 	SCC: 0.367277, 	SAM: 0.082425
 71 - airport_88               . 	SCC: 0.419124, 	SAM: 0.058957
 72 - airport_9                . 	SCC: 0.448625, 	SAM: 0.039774
 73 - bareland_100             . 	SCC: 0.588865, 	SAM: 0.018618
 74 - bareland_112             . 	SCC: 0.423422, 	SAM: 0.013760
 75 - bareland_117             . 	SCC: 0.344127, 	SAM: 0.032491
 76 - bareland_119             . 	SCC: 0.465152, 	SAM: 0.017915
 77 - bareland_123             . 	SCC: 0.322531, 	SAM: 0.037177
 78 - bareland_124             . 	SCC: 0.349612, 	SAM: 0.080039
 79 - bareland_131             . 	SCC: 0.435838, 	SAM: 0.046644
 80 - bareland_134             . 	SCC: 0.310551, 	SAM: 0.063612
 81 - bareland_135             . 	SCC: 0.294450, 	SAM: 0.064475
 82 - bareland_137             . 	SCC: 0.385496, 	SAM: 0.048585
 83 - bareland_152             . 	SCC: 0.372827, 	SAM: 0.015882
 84 - bareland_154             . 	SCC: 0.423194, 	SAM: 0.017873
 85 - bareland_156             . 	SCC: 0.604346, 	SAM: 0.017888
 86 - bareland_165             . 	SCC: 0.535977, 	SAM: 0.014659
 87 - bareland_166             . 	SCC: 0.480894, 	SAM: 0.016013
 88 - bareland_18              . 	SCC: 0.408183, 	SAM: 0.011234
 89 - bareland_185             . 	SCC: 0.503376, 	SAM: 0.013384
 90 - bareland_194             . 	SCC: 0.457955, 	SAM: 0.014199
 91 - bareland_20              . 	SCC: 0.406549, 	SAM: 0.017475
 92 - bareland_202             . 	SCC: 0.444172, 	SAM: 0.036615
 93 - bareland_205             . 	SCC: 0.406191, 	SAM: 0.022169
 94 - bareland_206             . 	SCC: 0.498358, 	SAM: 0.014239
 95 - bareland_21              . 	SCC: 0.381742, 	SAM: 0.011636
 96 - bareland_213             . 	SCC: 0.296004, 	SAM: 0.084946
 97 - bareland_216             . 	SCC: 0.255851, 	SAM: 0.057566
 98 - bareland_219             . 	SCC: 0.568710, 	SAM: 0.044993
 99 - bareland_227             . 	SCC: 0.345533, 	SAM: 0.037464
100 - bareland_229             . 	SCC: 0.325487, 	SAM: 0.057569
101 - bareland_230             . 	SCC: 0.272688, 	SAM: 0.050638
102 - bareland_244             . 	SCC: 0.484716, 	SAM: 0.013634
103 - bareland_248             . 	SCC: 0.538625, 	SAM: 0.016858
104 - bareland_254             . 	SCC: 0.402520, 	SAM: 0.033341
105 - bareland_257             . 	SCC: 0.570908, 	SAM: 0.035193
106 - bareland_259             . 	SCC: 0.315726, 	SAM: 0.009726
107 - bareland_268             . 	SCC: 0.344892, 	SAM: 0.019808
108 - bareland_278             . 	SCC: 0.436225, 	SAM: 0.099320
109 - bareland_28              . 	SCC: 0.555574, 	SAM: 0.011616
110 - bareland_287             . 	SCC: 0.453771, 	SAM: 0.030263
111 - bareland_293             . 	SCC: 0.358897, 	SAM: 0.016510
112 - bareland_296             . 	SCC: 0.412402, 	SAM: 0.018163
113 - bareland_3               . 	SCC: 0.389934, 	SAM: 0.036022
114 - bareland_300             . 	SCC: 0.400709, 	SAM: 0.029157
115 - bareland_39              . 	SCC: 0.429893, 	SAM: 0.009044
116 - bareland_4               . 	SCC: 0.299998, 	SAM: 0.011088
117 - bareland_42              . 	SCC: 0.333063, 	SAM: 0.007678
118 - bareland_44              . 	SCC: 0.284840, 	SAM: 0.008666
119 - bareland_45              . 	SCC: 0.399433, 	SAM: 0.024138
120 - bareland_53              . 	SCC: 0.254725, 	SAM: 0.008301
121 - bareland_55              . 	SCC: 0.349099, 	SAM: 0.012336
122 - bareland_58              . 	SCC: 0.276403, 	SAM: 0.006949
123 - bareland_59              . 	SCC: 0.360153, 	SAM: 0.009376
124 - bareland_65              . 	SCC: 0.219366, 	SAM: 0.008587
125 - bareland_7               . 	SCC: 0.324890, 	SAM: 0.007834
126 - bareland_70              . 	SCC: 0.391188, 	SAM: 0.010527
127 - bareland_71              . 	SCC: 0.377847, 	SAM: 0.009146
128 - bareland_76              . 	SCC: 0.435066, 	SAM: 0.017028
129 - bareland_77              . 	SCC: 0.259750, 	SAM: 0.009067
130 - bareland_80              . 	SCC: 0.266522, 	SAM: 0.026979
131 - bareland_83              . 	SCC: 0.437231, 	SAM: 0.023873
132 - bareland_85              . 	SCC: 0.391831, 	SAM: 0.037344
133 - bareland_93              . 	SCC: 0.520580, 	SAM: 0.018400
134 - bareland_98              . 	SCC: 0.585116, 	SAM: 0.017658
135 - baseballfield_102        . 	SCC: 0.454710, 	SAM: 0.063597
136 - baseballfield_109        . 	SCC: 0.476906, 	SAM: 0.053603
137 - baseballfield_119        . 	SCC: 0.473207, 	SAM: 0.062985
138 - baseballfield_121        . 	SCC: 0.498121, 	SAM: 0.049987
139 - baseballfield_132        . 	SCC: 0.453478, 	SAM: 0.028238
140 - baseballfield_133        . 	SCC: 0.500947, 	SAM: 0.023389
141 - baseballfield_135        . 	SCC: 0.392763, 	SAM: 0.021888
142 - baseballfield_141        . 	SCC: 0.401490, 	SAM: 0.022225
143 - baseballfield_144        . 	SCC: 0.479247, 	SAM: 0.033516
144 - baseballfield_147        . 	SCC: 0.443339, 	SAM: 0.023352
145 - baseballfield_148        . 	SCC: 0.497027, 	SAM: 0.023983
146 - baseballfield_149        . 	SCC: 0.375719, 	SAM: 0.021833
147 - baseballfield_151        . 	SCC: 0.469793, 	SAM: 0.046705
148 - baseballfield_155        . 	SCC: 0.452151, 	SAM: 0.060473
149 - baseballfield_16         . 	SCC: 0.446991, 	SAM: 0.066699
150 - baseballfield_17         . 	SCC: 0.446954, 	SAM: 0.070403
151 - baseballfield_174        . 	SCC: 0.507383, 	SAM: 0.038591
152 - baseballfield_178        . 	SCC: 0.422128, 	SAM: 0.018790
153 - baseballfield_179        . 	SCC: 0.434789, 	SAM: 0.029361
154 - baseballfield_186        . 	SCC: 0.291515, 	SAM: 0.112920
155 - baseballfield_188        . 	SCC: 0.293458, 	SAM: 0.102550
156 - baseballfield_20         . 	SCC: 0.448712, 	SAM: 0.060800
157 - baseballfield_202        . 	SCC: 0.333429, 	SAM: 0.124833
158 - baseballfield_204        . 	SCC: 0.334457, 	SAM: 0.085649
159 - baseballfield_210        . 	SCC: 0.384744, 	SAM: 0.108817
160 - baseballfield_211        . 	SCC: 0.331635, 	SAM: 0.089096
161 - baseballfield_212        . 	SCC: 0.343453, 	SAM: 0.114127
162 - baseballfield_24         . 	SCC: 0.470968, 	SAM: 0.066004
163 - baseballfield_27         . 	SCC: 0.441475, 	SAM: 0.067137
164 - baseballfield_3          . 	SCC: 0.466622, 	SAM: 0.032441
165 - baseballfield_36         . 	SCC: 0.469940, 	SAM: 0.064918
166 - baseballfield_41         . 	SCC: 0.468994, 	SAM: 0.091069
167 - baseballfield_55         . 	SCC: 0.402708, 	SAM: 0.051964
168 - baseballfield_66         . 	SCC: 0.416558, 	SAM: 0.053114
169 - baseballfield_67         . 	SCC: 0.423777, 	SAM: 0.060481
170 - baseballfield_76         . 	SCC: 0.510221, 	SAM: 0.062705
171 - baseballfield_78         . 	SCC: 0.407017, 	SAM: 0.082423
172 - baseballfield_85         . 	SCC: 0.470522, 	SAM: 0.063542
173 - baseballfield_88         . 	SCC: 0.524563, 	SAM: 0.051898
174 - baseballfield_89         . 	SCC: 0.454397, 	SAM: 0.071706
175 - baseballfield_92         . 	SCC: 0.467100, 	SAM: 0.061983
176 - baseballfield_93         . 	SCC: 0.436544, 	SAM: 0.048453
177 - baseballfield_96         . 	SCC: 0.506444, 	SAM: 0.030907
178 - baseballfield_98         . 	SCC: 0.485872, 	SAM: 0.065070
179 - beach_111                . 	SCC: 0.247260, 	SAM: 0.018851
180 - beach_112                . 	SCC: 0.252631, 	SAM: 0.022967
181 - beach_113                . 	SCC: 0.370072, 	SAM: 0.030333
182 - beach_141                . 	SCC: 0.298508, 	SAM: 0.013797
183 - beach_142                . 	SCC: 0.361323, 	SAM: 0.014674
184 - beach_146                . 	SCC: 0.368065, 	SAM: 0.037497
185 - beach_147                . 	SCC: 0.371203, 	SAM: 0.032248
186 - beach_158                . 	SCC: 0.300956, 	SAM: 0.028382
187 - beach_160                . 	SCC: 0.376482, 	SAM: 0.060395
188 - beach_164                . 	SCC: 0.295657, 	SAM: 0.053586
189 - beach_182                . 	SCC: 0.245957, 	SAM: 0.176382
190 - beach_183                . 	SCC: 0.269971, 	SAM: 0.112733
191 - beach_184                . 	SCC: 0.292267, 	SAM: 0.166570
192 - beach_189                . 	SCC: 0.280267, 	SAM: 0.118345
193 - beach_194                . 	SCC: 0.298643, 	SAM: 0.130542
194 - beach_195                . 	SCC: 0.362087, 	SAM: 0.135150
195 - beach_2                  . 	SCC: 0.379918, 	SAM: 0.032740
196 - beach_200                . 	SCC: 0.259496, 	SAM: 0.045185
197 - beach_208                . 	SCC: 0.301426, 	SAM: 0.035036
198 - beach_209                . 	SCC: 0.331551, 	SAM: 0.056571
199 - beach_217                . 	SCC: 0.425194, 	SAM: 0.046848
200 - beach_220                . 	SCC: 0.248527, 	SAM: 0.109832
201 - beach_221                . 	SCC: 0.245059, 	SAM: 0.090682
202 - beach_225                . 	SCC: 0.288779, 	SAM: 0.077283
203 - beach_227                . 	SCC: 0.569988, 	SAM: 0.047672
204 - beach_230                . 	SCC: 0.317486, 	SAM: 0.014289
205 - beach_234                . 	SCC: 0.326492, 	SAM: 0.039069
206 - beach_243                . 	SCC: 0.328486, 	SAM: 0.098478
207 - beach_247                . 	SCC: 0.194769, 	SAM: 0.067352
208 - beach_253                . 	SCC: 0.407036, 	SAM: 0.089932
209 - beach_256                . 	SCC: 0.271936, 	SAM: 0.061943
210 - beach_262                . 	SCC: 0.156124, 	SAM: 0.076311
211 - beach_266                . 	SCC: 0.301566, 	SAM: 0.010178
212 - beach_270                . 	SCC: 0.329636, 	SAM: 0.013639
213 - beach_274                . 	SCC: 0.502112, 	SAM: 0.026568
214 - beach_279                . 	SCC: 0.346472, 	SAM: 0.018203
215 - beach_284                . 	SCC: 0.443210, 	SAM: 0.016947
216 - beach_285                . 	SCC: 0.243711, 	SAM: 0.007042
217 - beach_286                . 	SCC: 0.319559, 	SAM: 0.012011
218 - beach_289                . 	SCC: 0.261172, 	SAM: 0.034544
219 - beach_295                . 	SCC: 0.181696, 	SAM: 0.006704
220 - beach_296                . 	SCC: 0.238279, 	SAM: 0.008143
221 - beach_298                . 	SCC: 0.286416, 	SAM: 0.012603
222 - beach_302                . 	SCC: 0.242377, 	SAM: 0.007692
223 - beach_318                . 	SCC: 0.306867, 	SAM: 0.022195
224 - beach_321                . 	SCC: 0.300422, 	SAM: 0.011452
225 - beach_323                . 	SCC: 0.386688, 	SAM: 0.233792
226 - beach_326                . 	SCC: 0.242563, 	SAM: 0.128979
227 - beach_329                . 	SCC: 0.355583, 	SAM: 0.042645
228 - beach_33                 . 	SCC: 0.284913, 	SAM: 0.009945
229 - beach_333                . 	SCC: 0.518807, 	SAM: 0.061397
230 - beach_337                . 	SCC: 0.162617, 	SAM: 0.051813
231 - beach_345                . 	SCC: 0.372977, 	SAM: 0.039216
232 - beach_361                . 	SCC: 0.477829, 	SAM: 0.025034
233 - beach_362                . 	SCC: 0.258475, 	SAM: 0.018080
234 - beach_363                . 	SCC: 0.180733, 	SAM: 0.065258
235 - beach_371                . 	SCC: 0.530270, 	SAM: 0.028903
236 - beach_376                . 	SCC: 0.254076, 	SAM: 0.061276
237 - beach_381                . 	SCC: 0.436447, 	SAM: 0.069382
238 - beach_382                . 	SCC: 0.265789, 	SAM: 0.069919
239 - beach_383                . 	SCC: 0.229927, 	SAM: 0.054272
240 - beach_39                 . 	SCC: 0.263018, 	SAM: 0.006565
241 - beach_394                . 	SCC: 0.218994, 	SAM: 0.136856
242 - beach_397                . 	SCC: 0.362470, 	SAM: 0.175197
243 - beach_4                  . 	SCC: 0.272556, 	SAM: 0.012067
244 - beach_42                 . 	SCC: 0.399553, 	SAM: 0.085018
245 - beach_44                 . 	SCC: 0.313583, 	SAM: 0.059942
246 - beach_5                  . 	SCC: 0.293176, 	SAM: 0.015773
247 - beach_52                 . 	SCC: 0.454047, 	SAM: 0.016889
248 - beach_54                 . 	SCC: 0.507623, 	SAM: 0.041074
249 - beach_58                 . 	SCC: 0.464789, 	SAM: 0.050688
250 - beach_61                 . 	SCC: 0.200470, 	SAM: 0.016271
251 - beach_62                 . 	SCC: 0.338183, 	SAM: 0.012428
252 - beach_63                 . 	SCC: 0.321119, 	SAM: 0.014221
253 - beach_66                 . 	SCC: 0.360957, 	SAM: 0.057357
254 - beach_68                 . 	SCC: 0.413530, 	SAM: 0.010494
255 - beach_87                 . 	SCC: 0.274750, 	SAM: 0.019888
256 - beach_88                 . 	SCC: 0.376906, 	SAM: 0.007919
257 - beach_92                 . 	SCC: 0.555094, 	SAM: 0.018883
258 - beach_93                 . 	SCC: 0.546140, 	SAM: 0.019010
259 - bridge_10                . 	SCC: 0.488890, 	SAM: 0.039986
260 - bridge_101               . 	SCC: 0.367248, 	SAM: 0.070564
261 - bridge_107               . 	SCC: 0.350003, 	SAM: 0.017268
262 - bridge_108               . 	SCC: 0.538655, 	SAM: 0.054101
263 - bridge_109               . 	SCC: 0.468585, 	SAM: 0.028093
264 - bridge_12                . 	SCC: 0.350061, 	SAM: 0.060122
265 - bridge_121               . 	SCC: 0.521395, 	SAM: 0.028047
266 - bridge_122               . 	SCC: 0.494615, 	SAM: 0.060152
267 - bridge_13                . 	SCC: 0.318290, 	SAM: 0.085731
268 - bridge_136               . 	SCC: 0.503613, 	SAM: 0.034406
269 - bridge_141               . 	SCC: 0.464463, 	SAM: 0.020063
270 - bridge_145               . 	SCC: 0.395424, 	SAM: 0.077947
271 - bridge_148               . 	SCC: 0.390008, 	SAM: 0.031370
272 - bridge_154               . 	SCC: 0.340519, 	SAM: 0.094101
273 - bridge_156               . 	SCC: 0.535368, 	SAM: 0.044954
274 - bridge_158               . 	SCC: 0.362957, 	SAM: 0.109164
275 - bridge_162               . 	SCC: 0.423415, 	SAM: 0.095081
276 - bridge_164               . 	SCC: 0.444704, 	SAM: 0.037736
277 - bridge_170               . 	SCC: 0.445004, 	SAM: 0.058040
278 - bridge_173               . 	SCC: 0.358122, 	SAM: 0.108678
279 - bridge_175               . 	SCC: 0.479123, 	SAM: 0.053153
280 - bridge_177               . 	SCC: 0.219323, 	SAM: 0.138811
281 - bridge_185               . 	SCC: 0.418991, 	SAM: 0.059644
282 - bridge_193               . 	SCC: 0.440581, 	SAM: 0.077342
283 - bridge_195               . 	SCC: 0.406775, 	SAM: 0.018346
284 - bridge_199               . 	SCC: 0.530167, 	SAM: 0.038726
285 - bridge_202               . 	SCC: 0.397487, 	SAM: 0.016099
286 - bridge_203               . 	SCC: 0.272683, 	SAM: 0.012646
287 - bridge_21                . 	SCC: 0.458261, 	SAM: 0.040288
288 - bridge_215               . 	SCC: 0.370025, 	SAM: 0.042436
289 - bridge_22                . 	SCC: 0.427615, 	SAM: 0.041100
290 - bridge_220               . 	SCC: 0.515153, 	SAM: 0.052392
291 - bridge_222               . 	SCC: 0.386830, 	SAM: 0.103269
292 - bridge_225               . 	SCC: 0.366722, 	SAM: 0.043443
293 - bridge_227               . 	SCC: 0.363744, 	SAM: 0.084219
294 - bridge_230               . 	SCC: 0.327255, 	SAM: 0.081418
295 - bridge_233               . 	SCC: 0.204145, 	SAM: 0.038842
296 - bridge_236               . 	SCC: 0.383563, 	SAM: 0.060369
297 - bridge_237               . 	SCC: 0.326435, 	SAM: 0.065121
298 - bridge_242               . 	SCC: 0.217069, 	SAM: 0.061817
299 - bridge_247               . 	SCC: 0.322522, 	SAM: 0.053494
300 - bridge_252               . 	SCC: 0.354048, 	SAM: 0.073781
301 - bridge_261               . 	SCC: 0.349862, 	SAM: 0.180790
302 - bridge_267               . 	SCC: 0.229111, 	SAM: 0.174660
303 - bridge_268               . 	SCC: 0.212861, 	SAM: 0.127940
304 - bridge_285               . 	SCC: 0.316844, 	SAM: 0.125626
305 - bridge_289               . 	SCC: 0.216671, 	SAM: 0.199413
306 - bridge_3                 . 	SCC: 0.281211, 	SAM: 0.034482
307 - bridge_300               . 	SCC: 0.275510, 	SAM: 0.147775
308 - bridge_306               . 	SCC: 0.180162, 	SAM: 0.096277
309 - bridge_31                . 	SCC: 0.419621, 	SAM: 0.028314
310 - bridge_314               . 	SCC: 0.291458, 	SAM: 0.122099
311 - bridge_321               . 	SCC: 0.340190, 	SAM: 0.078726
312 - bridge_329               . 	SCC: 0.406376, 	SAM: 0.066883
313 - bridge_330               . 	SCC: 0.256157, 	SAM: 0.147749
314 - bridge_334               . 	SCC: 0.268224, 	SAM: 0.107699
315 - bridge_338               . 	SCC: 0.244526, 	SAM: 0.055523
316 - bridge_342               . 	SCC: 0.301129, 	SAM: 0.090086
317 - bridge_353               . 	SCC: 0.358683, 	SAM: 0.038212
318 - bridge_354               . 	SCC: 0.396327, 	SAM: 0.040939
319 - bridge_40                . 	SCC: 0.201778, 	SAM: 0.016712
320 - bridge_43                . 	SCC: 0.238431, 	SAM: 0.018299
321 - bridge_46                . 	SCC: 0.233170, 	SAM: 0.027669
322 - bridge_49                . 	SCC: 0.263596, 	SAM: 0.033108
323 - bridge_52                . 	SCC: 0.349964, 	SAM: 0.045129
324 - bridge_55                . 	SCC: 0.277375, 	SAM: 0.051897
325 - bridge_62                . 	SCC: 0.254143, 	SAM: 0.056537
326 - bridge_64                . 	SCC: 0.412032, 	SAM: 0.052956
327 - bridge_67                . 	SCC: 0.414186, 	SAM: 0.085794
328 - bridge_82                . 	SCC: 0.250383, 	SAM: 0.144339
329 - bridge_91                . 	SCC: 0.321081, 	SAM: 0.041980
330 - bridge_92                . 	SCC: 0.385950, 	SAM: 0.053497
331 - center_100               . 	SCC: 0.437294, 	SAM: 0.019615
332 - center_103               . 	SCC: 0.402040, 	SAM: 0.036140
333 - center_106               . 	SCC: 0.370492, 	SAM: 0.042212
334 - center_109               . 	SCC: 0.437245, 	SAM: 0.088127
335 - center_121               . 	SCC: 0.373797, 	SAM: 0.062124
336 - center_122               . 	SCC: 0.483845, 	SAM: 0.072454
337 - center_126               . 	SCC: 0.373978, 	SAM: 0.107391
338 - center_128               . 	SCC: 0.323526, 	SAM: 0.126109
339 - center_145               . 	SCC: 0.442898, 	SAM: 0.120537
340 - center_147               . 	SCC: 0.494487, 	SAM: 0.101347
341 - center_149               . 	SCC: 0.557460, 	SAM: 0.082445
342 - center_150               . 	SCC: 0.452047, 	SAM: 0.087470
343 - center_159               . 	SCC: 0.366085, 	SAM: 0.013950
344 - center_170               . 	SCC: 0.465508, 	SAM: 0.024432
345 - center_171               . 	SCC: 0.502941, 	SAM: 0.023978
346 - center_174               . 	SCC: 0.355497, 	SAM: 0.014577
347 - center_177               . 	SCC: 0.484646, 	SAM: 0.014458
348 - center_181               . 	SCC: 0.488750, 	SAM: 0.046500
349 - center_186               . 	SCC: 0.479497, 	SAM: 0.074582
350 - center_188               . 	SCC: 0.445920, 	SAM: 0.060763
351 - center_190               . 	SCC: 0.366856, 	SAM: 0.149919
352 - center_196               . 	SCC: 0.313561, 	SAM: 0.128224
353 - center_200               . 	SCC: 0.458573, 	SAM: 0.089580
354 - center_206               . 	SCC: 0.368361, 	SAM: 0.147495
355 - center_214               . 	SCC: 0.345936, 	SAM: 0.041632
356 - center_216               . 	SCC: 0.399745, 	SAM: 0.106464
357 - center_220               . 	SCC: 0.551969, 	SAM: 0.023849
358 - center_227               . 	SCC: 0.500040, 	SAM: 0.048873
359 - center_235               . 	SCC: 0.373524, 	SAM: 0.014361
360 - center_238               . 	SCC: 0.512021, 	SAM: 0.031865
361 - center_251               . 	SCC: 0.405938, 	SAM: 0.030192
362 - center_253               . 	SCC: 0.378693, 	SAM: 0.187606
363 - center_27                . 	SCC: 0.561989, 	SAM: 0.041154
364 - center_33                . 	SCC: 0.342110, 	SAM: 0.116993
365 - center_34                . 	SCC: 0.417568, 	SAM: 0.128121
366 - center_35                . 	SCC: 0.555428, 	SAM: 0.084976
367 - center_36                . 	SCC: 0.500674, 	SAM: 0.067413
368 - center_37                . 	SCC: 0.485707, 	SAM: 0.063496
369 - center_45                . 	SCC: 0.457632, 	SAM: 0.070075
370 - center_48                . 	SCC: 0.351175, 	SAM: 0.161322
371 - center_51                . 	SCC: 0.371971, 	SAM: 0.143309
372 - center_57                . 	SCC: 0.531923, 	SAM: 0.058229
373 - center_61                . 	SCC: 0.490874, 	SAM: 0.095403
374 - center_66                . 	SCC: 0.409028, 	SAM: 0.053581
375 - center_72                . 	SCC: 0.407609, 	SAM: 0.122683
376 - center_74                . 	SCC: 0.381490, 	SAM: 0.139222
377 - center_76                . 	SCC: 0.353804, 	SAM: 0.149922
378 - center_77                . 	SCC: 0.505865, 	SAM: 0.048548
379 - center_8                 . 	SCC: 0.463571, 	SAM: 0.094088
380 - center_81                . 	SCC: 0.392649, 	SAM: 0.118902
381 - center_94                . 	SCC: 0.426255, 	SAM: 0.159043
382 - center_97                . 	SCC: 0.354333, 	SAM: 0.056917
383 - church_100               . 	SCC: 0.417401, 	SAM: 0.122969
384 - church_111               . 	SCC: 0.409690, 	SAM: 0.105321
385 - church_113               . 	SCC: 0.496852, 	SAM: 0.052714
386 - church_115               . 	SCC: 0.488544, 	SAM: 0.047340
387 - church_116               . 	SCC: 0.466307, 	SAM: 0.048472
388 - church_119               . 	SCC: 0.447841, 	SAM: 0.045844
389 - church_128               . 	SCC: 0.465192, 	SAM: 0.124677
390 - church_132               . 	SCC: 0.454075, 	SAM: 0.119661
391 - church_136               . 	SCC: 0.426113, 	SAM: 0.129333
392 - church_138               . 	SCC: 0.396994, 	SAM: 0.152160
393 - church_139               . 	SCC: 0.438199, 	SAM: 0.141999
394 - church_143               . 	SCC: 0.516507, 	SAM: 0.187976
395 - church_146               . 	SCC: 0.444936, 	SAM: 0.147192
396 - church_171               . 	SCC: 0.490424, 	SAM: 0.121170
397 - church_174               . 	SCC: 0.490108, 	SAM: 0.152628
398 - church_177               . 	SCC: 0.374392, 	SAM: 0.183241
399 - church_18                . 	SCC: 0.488526, 	SAM: 0.129024
400 - church_19                . 	SCC: 0.431693, 	SAM: 0.141933
401 - church_191               . 	SCC: 0.441859, 	SAM: 0.117180
402 - church_195               . 	SCC: 0.402687, 	SAM: 0.198616
403 - church_197               . 	SCC: 0.373644, 	SAM: 0.173561
404 - church_2                 . 	SCC: 0.540653, 	SAM: 0.077371
405 - church_200               . 	SCC: 0.390668, 	SAM: 0.128363
406 - church_204               . 	SCC: 0.393311, 	SAM: 0.056941
407 - church_210               . 	SCC: 0.426248, 	SAM: 0.137989
408 - church_214               . 	SCC: 0.460042, 	SAM: 0.204224
409 - church_219               . 	SCC: 0.429472, 	SAM: 0.152341
410 - church_22                . 	SCC: 0.421166, 	SAM: 0.183170
411 - church_220               . 	SCC: 0.410782, 	SAM: 0.186248
412 - church_223               . 	SCC: 0.391545, 	SAM: 0.155241
413 - church_225               . 	SCC: 0.478855, 	SAM: 0.153328
414 - church_226               . 	SCC: 0.386968, 	SAM: 0.164403
415 - church_23                . 	SCC: 0.336673, 	SAM: 0.225946
416 - church_235               . 	SCC: 0.407696, 	SAM: 0.144613
417 - church_238               . 	SCC: 0.490594, 	SAM: 0.067465
418 - church_28                . 	SCC: 0.447787, 	SAM: 0.120048
419 - church_32                . 	SCC: 0.484010, 	SAM: 0.111625
420 - church_37                . 	SCC: 0.488187, 	SAM: 0.115443
421 - church_38                . 	SCC: 0.494392, 	SAM: 0.134160
422 - church_41                . 	SCC: 0.481877, 	SAM: 0.117963
423 - church_45                . 	SCC: 0.400335, 	SAM: 0.190678
424 - church_56                . 	SCC: 0.460849, 	SAM: 0.078113
425 - church_6                 . 	SCC: 0.479476, 	SAM: 0.111117
426 - church_7                 . 	SCC: 0.450161, 	SAM: 0.128386
427 - church_71                . 	SCC: 0.525754, 	SAM: 0.056488
428 - church_83                . 	SCC: 0.373365, 	SAM: 0.144713
429 - church_88                . 	SCC: 0.360181, 	SAM: 0.188003
430 - church_89                . 	SCC: 0.454754, 	SAM: 0.113263
431 - commercial_102           . 	SCC: 0.508127, 	SAM: 0.111243
432 - commercial_103           . 	SCC: 0.513780, 	SAM: 0.032221
433 - commercial_104           . 	SCC: 0.537900, 	SAM: 0.096209
434 - commercial_105           . 	SCC: 0.492557, 	SAM: 0.079155
435 - commercial_108           . 	SCC: 0.580694, 	SAM: 0.075080
436 - commercial_11            . 	SCC: 0.441835, 	SAM: 0.072262
437 - commercial_111           . 	SCC: 0.566892, 	SAM: 0.092719
438 - commercial_112           . 	SCC: 0.568363, 	SAM: 0.107452
439 - commercial_119           . 	SCC: 0.474187, 	SAM: 0.134274
440 - commercial_123           . 	SCC: 0.514043, 	SAM: 0.120307
441 - commercial_124           . 	SCC: 0.504719, 	SAM: 0.026804
442 - commercial_126           . 	SCC: 0.485848, 	SAM: 0.043632
443 - commercial_130           . 	SCC: 0.513992, 	SAM: 0.040991
444 - commercial_133           . 	SCC: 0.531034, 	SAM: 0.088886
445 - commercial_153           . 	SCC: 0.556034, 	SAM: 0.053888
446 - commercial_154           . 	SCC: 0.490948, 	SAM: 0.074276
447 - commercial_157           . 	SCC: 0.469843, 	SAM: 0.075184
448 - commercial_159           . 	SCC: 0.465869, 	SAM: 0.086149
449 - commercial_16            . 	SCC: 0.474668, 	SAM: 0.134348
450 - commercial_163           . 	SCC: 0.444692, 	SAM: 0.055688
451 - commercial_169           . 	SCC: 0.399824, 	SAM: 0.112639
452 - commercial_17            . 	SCC: 0.487662, 	SAM: 0.032691
453 - commercial_173           . 	SCC: 0.555092, 	SAM: 0.071443
454 - commercial_186           . 	SCC: 0.513678, 	SAM: 0.070752
455 - commercial_19            . 	SCC: 0.489636, 	SAM: 0.035048
456 - commercial_197           . 	SCC: 0.488847, 	SAM: 0.093944
457 - commercial_198           . 	SCC: 0.493237, 	SAM: 0.089546
458 - commercial_2             . 	SCC: 0.472227, 	SAM: 0.040525
459 - commercial_202           . 	SCC: 0.458788, 	SAM: 0.039048
460 - commercial_206           . 	SCC: 0.484462, 	SAM: 0.041528
461 - commercial_209           . 	SCC: 0.458358, 	SAM: 0.066718
462 - commercial_215           . 	SCC: 0.411225, 	SAM: 0.068010
463 - commercial_224           . 	SCC: 0.584211, 	SAM: 0.032824
464 - commercial_227           . 	SCC: 0.499769, 	SAM: 0.069829
465 - commercial_242           . 	SCC: 0.473098, 	SAM: 0.043843
466 - commercial_244           . 	SCC: 0.473835, 	SAM: 0.060169
467 - commercial_249           . 	SCC: 0.482007, 	SAM: 0.050836
468 - commercial_252           . 	SCC: 0.439065, 	SAM: 0.069205
469 - commercial_254           . 	SCC: 0.463257, 	SAM: 0.051814
470 - commercial_263           . 	SCC: 0.492315, 	SAM: 0.147608
471 - commercial_270           . 	SCC: 0.447958, 	SAM: 0.112474
472 - commercial_275           . 	SCC: 0.478443, 	SAM: 0.067561
473 - commercial_28            . 	SCC: 0.476247, 	SAM: 0.122481
474 - commercial_286           . 	SCC: 0.493552, 	SAM: 0.065811
475 - commercial_291           . 	SCC: 0.515568, 	SAM: 0.069789
476 - commercial_296           . 	SCC: 0.474817, 	SAM: 0.064659
477 - commercial_305           . 	SCC: 0.437691, 	SAM: 0.101069
478 - commercial_307           . 	SCC: 0.414166, 	SAM: 0.130761
479 - commercial_311           . 	SCC: 0.467432, 	SAM: 0.067012
480 - commercial_324           . 	SCC: 0.495094, 	SAM: 0.057314
481 - commercial_327           . 	SCC: 0.520641, 	SAM: 0.040295
482 - commercial_338           . 	SCC: 0.484376, 	SAM: 0.064921
483 - commercial_339           . 	SCC: 0.481643, 	SAM: 0.061370
484 - commercial_344           . 	SCC: 0.560551, 	SAM: 0.047741
485 - commercial_346           . 	SCC: 0.550690, 	SAM: 0.043199
486 - commercial_36            . 	SCC: 0.425692, 	SAM: 0.132535
487 - commercial_4             . 	SCC: 0.499442, 	SAM: 0.055023
488 - commercial_40            . 	SCC: 0.395523, 	SAM: 0.141142
489 - commercial_49            . 	SCC: 0.472392, 	SAM: 0.084753
490 - commercial_50            . 	SCC: 0.501320, 	SAM: 0.064074
491 - commercial_57            . 	SCC: 0.426464, 	SAM: 0.102424
492 - commercial_6             . 	SCC: 0.448787, 	SAM: 0.085146
493 - commercial_60            . 	SCC: 0.522487, 	SAM: 0.112744
494 - commercial_64            . 	SCC: 0.503772, 	SAM: 0.102444
495 - commercial_71            . 	SCC: 0.460901, 	SAM: 0.047283
496 - commercial_72            . 	SCC: 0.454464, 	SAM: 0.105055
497 - commercial_84            . 	SCC: 0.427811, 	SAM: 0.083847
498 - commercial_87            . 	SCC: 0.489144, 	SAM: 0.121021
499 - commercial_89            . 	SCC: 0.491477, 	SAM: 0.078337
500 - commercial_97            . 	SCC: 0.531823, 	SAM: 0.109678
501 - denseresidential_105     . 	SCC: 0.395586, 	SAM: 0.186020
502 - denseresidential_111     . 	SCC: 0.358293, 	SAM: 0.192754
503 - denseresidential_116     . 	SCC: 0.421804, 	SAM: 0.200358
504 - denseresidential_119     . 	SCC: 0.469337, 	SAM: 0.141077
505 - denseresidential_12      . 	SCC: 0.429930, 	SAM: 0.192073
506 - denseresidential_125     . 	SCC: 0.434370, 	SAM: 0.136554
507 - denseresidential_129     . 	SCC: 0.511507, 	SAM: 0.129099
508 - denseresidential_13      . 	SCC: 0.451007, 	SAM: 0.173503
509 - denseresidential_132     . 	SCC: 0.463033, 	SAM: 0.129805
510 - denseresidential_135     . 	SCC: 0.473470, 	SAM: 0.137803
511 - denseresidential_139     . 	SCC: 0.468469, 	SAM: 0.130838
512 - denseresidential_141     . 	SCC: 0.520866, 	SAM: 0.128708
513 - denseresidential_15      . 	SCC: 0.414256, 	SAM: 0.179869
514 - denseresidential_158     . 	SCC: 0.479531, 	SAM: 0.079771
515 - denseresidential_160     . 	SCC: 0.530777, 	SAM: 0.072747
516 - denseresidential_164     . 	SCC: 0.550787, 	SAM: 0.088036
517 - denseresidential_177     . 	SCC: 0.505915, 	SAM: 0.070891
518 - denseresidential_182     . 	SCC: 0.372494, 	SAM: 0.175584
519 - denseresidential_188     . 	SCC: 0.440318, 	SAM: 0.158685
520 - denseresidential_194     . 	SCC: 0.354214, 	SAM: 0.193692
521 - denseresidential_20      . 	SCC: 0.429996, 	SAM: 0.148001
522 - denseresidential_201     . 	SCC: 0.425316, 	SAM: 0.146217
523 - denseresidential_206     . 	SCC: 0.410913, 	SAM: 0.171449
524 - denseresidential_208     . 	SCC: 0.469380, 	SAM: 0.159275
525 - denseresidential_212     . 	SCC: 0.394514, 	SAM: 0.163573
526 - denseresidential_214     . 	SCC: 0.408505, 	SAM: 0.161563
527 - denseresidential_222     . 	SCC: 0.402880, 	SAM: 0.170918
528 - denseresidential_224     . 	SCC: 0.410371, 	SAM: 0.154626
529 - denseresidential_225     . 	SCC: 0.382884, 	SAM: 0.184594
530 - denseresidential_229     . 	SCC: 0.334780, 	SAM: 0.198936
531 - denseresidential_230     . 	SCC: 0.414590, 	SAM: 0.168140
532 - denseresidential_234     . 	SCC: 0.407910, 	SAM: 0.174422
533 - denseresidential_235     . 	SCC: 0.462054, 	SAM: 0.159853
534 - denseresidential_24      . 	SCC: 0.480996, 	SAM: 0.134604
535 - denseresidential_240     . 	SCC: 0.432088, 	SAM: 0.186726
536 - denseresidential_246     . 	SCC: 0.554554, 	SAM: 0.070560
537 - denseresidential_247     . 	SCC: 0.572063, 	SAM: 0.099849
538 - denseresidential_25      . 	SCC: 0.441857, 	SAM: 0.136245
539 - denseresidential_259     . 	SCC: 0.599506, 	SAM: 0.062499
540 - denseresidential_265     . 	SCC: 0.574484, 	SAM: 0.079803
541 - denseresidential_274     . 	SCC: 0.525527, 	SAM: 0.119399
542 - denseresidential_279     . 	SCC: 0.578540, 	SAM: 0.093430
543 - denseresidential_287     . 	SCC: 0.386316, 	SAM: 0.105095
544 - denseresidential_292     . 	SCC: 0.428394, 	SAM: 0.148625
545 - denseresidential_293     . 	SCC: 0.522169, 	SAM: 0.108857
546 - denseresidential_294     . 	SCC: 0.476397, 	SAM: 0.118587
547 - denseresidential_299     . 	SCC: 0.394749, 	SAM: 0.187571
548 - denseresidential_300     . 	SCC: 0.417934, 	SAM: 0.191514
549 - denseresidential_302     . 	SCC: 0.521713, 	SAM: 0.090779
550 - denseresidential_310     . 	SCC: 0.544764, 	SAM: 0.072982
551 - denseresidential_314     . 	SCC: 0.531006, 	SAM: 0.073409
552 - denseresidential_322     . 	SCC: 0.523955, 	SAM: 0.129598
553 - denseresidential_325     . 	SCC: 0.489350, 	SAM: 0.148400
554 - denseresidential_331     . 	SCC: 0.523093, 	SAM: 0.129897
555 - denseresidential_336     . 	SCC: 0.494038, 	SAM: 0.129919
556 - denseresidential_349     . 	SCC: 0.598589, 	SAM: 0.111703
557 - denseresidential_35      . 	SCC: 0.471288, 	SAM: 0.138275
558 - denseresidential_357     . 	SCC: 0.515277, 	SAM: 0.093895
559 - denseresidential_362     . 	SCC: 0.416476, 	SAM: 0.174182
560 - denseresidential_365     . 	SCC: 0.556168, 	SAM: 0.119560
561 - denseresidential_368     . 	SCC: 0.541635, 	SAM: 0.127456
562 - denseresidential_389     . 	SCC: 0.440458, 	SAM: 0.173680
563 - denseresidential_39      . 	SCC: 0.383179, 	SAM: 0.169029
564 - denseresidential_393     . 	SCC: 0.447386, 	SAM: 0.158647
565 - denseresidential_394     . 	SCC: 0.445542, 	SAM: 0.159989
566 - denseresidential_40      . 	SCC: 0.420958, 	SAM: 0.141690
567 - denseresidential_402     . 	SCC: 0.518988, 	SAM: 0.180671
568 - denseresidential_47      . 	SCC: 0.426980, 	SAM: 0.172405
569 - denseresidential_48      . 	SCC: 0.558836, 	SAM: 0.103009
570 - denseresidential_50      . 	SCC: 0.536783, 	SAM: 0.042131
571 - denseresidential_53      . 	SCC: 0.497486, 	SAM: 0.034978
572 - denseresidential_60      . 	SCC: 0.526581, 	SAM: 0.051179
573 - denseresidential_66      . 	SCC: 0.491144, 	SAM: 0.060373
574 - denseresidential_67      . 	SCC: 0.529435, 	SAM: 0.032832
575 - denseresidential_76      . 	SCC: 0.399788, 	SAM: 0.045187
576 - denseresidential_79      . 	SCC: 0.442602, 	SAM: 0.040891
577 - denseresidential_81      . 	SCC: 0.431436, 	SAM: 0.060631
578 - denseresidential_83      . 	SCC: 0.510343, 	SAM: 0.112524
579 - denseresidential_89      . 	SCC: 0.583694, 	SAM: 0.054598
580 - denseresidential_91      . 	SCC: 0.577113, 	SAM: 0.059228
581 - denseresidential_94      . 	SCC: 0.578080, 	SAM: 0.065735
582 - denseresidential_99      . 	SCC: 0.552145, 	SAM: 0.042252
583 - desert_100               . 	SCC: 0.293322, 	SAM: 0.007537
584 - desert_110               . 	SCC: 0.341646, 	SAM: 0.017116
585 - desert_112               . 	SCC: 0.315786, 	SAM: 0.016488
586 - desert_113               . 	SCC: 0.351626, 	SAM: 0.017892
587 - desert_117               . 	SCC: 0.274141, 	SAM: 0.030817
588 - desert_13                . 	SCC: 0.271132, 	SAM: 0.015901
589 - desert_130               . 	SCC: 0.335796, 	SAM: 0.018863
590 - desert_133               . 	SCC: 0.308194, 	SAM: 0.012798
591 - desert_135               . 	SCC: 0.282428, 	SAM: 0.012956
592 - desert_138               . 	SCC: 0.157753, 	SAM: 0.008330
593 - desert_145               . 	SCC: 0.286299, 	SAM: 0.011436
594 - desert_148               . 	SCC: 0.250346, 	SAM: 0.023213
595 - desert_150               . 	SCC: 0.315416, 	SAM: 0.014905
596 - desert_153               . 	SCC: 0.290476, 	SAM: 0.015694
597 - desert_156               . 	SCC: 0.248633, 	SAM: 0.027317
598 - desert_159               . 	SCC: 0.168210, 	SAM: 0.006256
599 - desert_170               . 	SCC: 0.208826, 	SAM: 0.007351
600 - desert_176               . 	SCC: 0.403664, 	SAM: 0.018731
601 - desert_177               . 	SCC: 0.328199, 	SAM: 0.018454
602 - desert_181               . 	SCC: 0.237901, 	SAM: 0.024623
603 - desert_182               . 	SCC: 0.195155, 	SAM: 0.014345
604 - desert_187               . 	SCC: 0.312644, 	SAM: 0.027523
605 - desert_193               . 	SCC: 0.295962, 	SAM: 0.009580
606 - desert_207               . 	SCC: 0.227285, 	SAM: 0.007198
607 - desert_208               . 	SCC: 0.169241, 	SAM: 0.006202
608 - desert_209               . 	SCC: 0.202583, 	SAM: 0.035065
609 - desert_211               . 	SCC: 0.320524, 	SAM: 0.017615
610 - desert_215               . 	SCC: 0.381056, 	SAM: 0.025267
611 - desert_219               . 	SCC: 0.288520, 	SAM: 0.020024
612 - desert_22                . 	SCC: 0.365941, 	SAM: 0.011858
613 - desert_225               . 	SCC: 0.409130, 	SAM: 0.028234
614 - desert_228               . 	SCC: 0.211491, 	SAM: 0.007108
615 - desert_229               . 	SCC: 0.266127, 	SAM: 0.008519
616 - desert_23                . 	SCC: 0.277764, 	SAM: 0.007199
617 - desert_246               . 	SCC: 0.417598, 	SAM: 0.014784
618 - desert_250               . 	SCC: 0.248110, 	SAM: 0.007363
619 - desert_254               . 	SCC: 0.336420, 	SAM: 0.006962
620 - desert_257               . 	SCC: 0.403292, 	SAM: 0.021338
621 - desert_26                . 	SCC: 0.449924, 	SAM: 0.018384
622 - desert_267               . 	SCC: 0.190762, 	SAM: 0.023246
623 - desert_275               . 	SCC: 0.378109, 	SAM: 0.011683
624 - desert_277               . 	SCC: 0.173809, 	SAM: 0.020330
625 - desert_278               . 	SCC: 0.299020, 	SAM: 0.009564
626 - desert_280               . 	SCC: 0.323745, 	SAM: 0.011687
627 - desert_282               . 	SCC: 0.204155, 	SAM: 0.008757
628 - desert_286               . 	SCC: 0.239027, 	SAM: 0.017136
629 - desert_299               . 	SCC: 0.199058, 	SAM: 0.008751
630 - desert_300               . 	SCC: 0.274815, 	SAM: 0.006681
631 - desert_33                . 	SCC: 0.433713, 	SAM: 0.031682
632 - desert_40                . 	SCC: 0.230349, 	SAM: 0.007844
633 - desert_57                . 	SCC: 0.283670, 	SAM: 0.013404
634 - desert_59                . 	SCC: 0.331807, 	SAM: 0.012913
635 - desert_60                . 	SCC: 0.364626, 	SAM: 0.007232
636 - desert_64                . 	SCC: 0.286635, 	SAM: 0.012138
637 - desert_72                . 	SCC: 0.320230, 	SAM: 0.009824
638 - desert_77                . 	SCC: 0.330976, 	SAM: 0.012286
639 - desert_80                . 	SCC: 0.354852, 	SAM: 0.014916
640 - desert_87                . 	SCC: 0.137424, 	SAM: 0.005807
641 - desert_91                . 	SCC: 0.360848, 	SAM: 0.022865
642 - desert_96                . 	SCC: 0.299513, 	SAM: 0.012106
643 - farmland_110             . 	SCC: 0.499697, 	SAM: 0.029611
644 - farmland_112             . 	SCC: 0.499686, 	SAM: 0.018424
645 - farmland_114             . 	SCC: 0.438221, 	SAM: 0.022114
646 - farmland_117             . 	SCC: 0.406647, 	SAM: 0.035070
647 - farmland_118             . 	SCC: 0.420496, 	SAM: 0.029389
648 - farmland_120             . 	SCC: 0.435440, 	SAM: 0.028638
649 - farmland_121             . 	SCC: 0.351283, 	SAM: 0.034427
650 - farmland_128             . 	SCC: 0.453544, 	SAM: 0.047921
651 - farmland_129             . 	SCC: 0.391030, 	SAM: 0.047243
652 - farmland_131             . 	SCC: 0.441667, 	SAM: 0.052276
653 - farmland_132             . 	SCC: 0.430331, 	SAM: 0.054305
654 - farmland_133             . 	SCC: 0.410375, 	SAM: 0.047471
655 - farmland_134             . 	SCC: 0.422831, 	SAM: 0.045484
656 - farmland_139             . 	SCC: 0.451607, 	SAM: 0.031587
657 - farmland_14              . 	SCC: 0.329228, 	SAM: 0.049921
658 - farmland_141             . 	SCC: 0.486647, 	SAM: 0.047305
659 - farmland_145             . 	SCC: 0.442312, 	SAM: 0.039722
660 - farmland_149             . 	SCC: 0.444135, 	SAM: 0.047040
661 - farmland_153             . 	SCC: 0.401990, 	SAM: 0.040845
662 - farmland_158             . 	SCC: 0.450219, 	SAM: 0.035492
663 - farmland_163             . 	SCC: 0.414342, 	SAM: 0.062831
664 - farmland_165             . 	SCC: 0.374956, 	SAM: 0.062722
665 - farmland_168             . 	SCC: 0.478596, 	SAM: 0.032230
666 - farmland_169             . 	SCC: 0.493030, 	SAM: 0.063295
667 - farmland_174             . 	SCC: 0.491489, 	SAM: 0.027312
668 - farmland_176             . 	SCC: 0.393653, 	SAM: 0.093449
669 - farmland_191             . 	SCC: 0.351063, 	SAM: 0.042066
670 - farmland_192             . 	SCC: 0.407080, 	SAM: 0.025878
671 - farmland_199             . 	SCC: 0.453459, 	SAM: 0.083408
672 - farmland_2               . 	SCC: 0.438962, 	SAM: 0.062083
673 - farmland_206             . 	SCC: 0.359117, 	SAM: 0.018418
674 - farmland_208             . 	SCC: 0.431523, 	SAM: 0.025352
675 - farmland_214             . 	SCC: 0.337548, 	SAM: 0.037035
676 - farmland_218             . 	SCC: 0.211864, 	SAM: 0.063491
677 - farmland_22              . 	SCC: 0.443513, 	SAM: 0.036292
678 - farmland_228             . 	SCC: 0.432933, 	SAM: 0.046361
679 - farmland_23              . 	SCC: 0.393638, 	SAM: 0.050227
680 - farmland_231             . 	SCC: 0.313442, 	SAM: 0.031509
681 - farmland_244             . 	SCC: 0.340442, 	SAM: 0.029646
682 - farmland_25              . 	SCC: 0.429099, 	SAM: 0.046006
683 - farmland_260             . 	SCC: 0.407551, 	SAM: 0.043227
684 - farmland_261             . 	SCC: 0.459712, 	SAM: 0.041254
685 - farmland_269             . 	SCC: 0.383827, 	SAM: 0.033492
686 - farmland_272             . 	SCC: 0.342514, 	SAM: 0.055403
687 - farmland_284             . 	SCC: 0.191066, 	SAM: 0.038813
688 - farmland_285             . 	SCC: 0.386493, 	SAM: 0.034753
689 - farmland_29              . 	SCC: 0.395841, 	SAM: 0.072897
690 - farmland_298             . 	SCC: 0.355720, 	SAM: 0.025825
691 - farmland_299             . 	SCC: 0.369560, 	SAM: 0.019234
692 - farmland_302             . 	SCC: 0.295727, 	SAM: 0.017488
693 - farmland_304             . 	SCC: 0.380715, 	SAM: 0.042179
694 - farmland_308             . 	SCC: 0.251784, 	SAM: 0.156774
695 - farmland_314             . 	SCC: 0.389931, 	SAM: 0.113323
696 - farmland_317             . 	SCC: 0.290879, 	SAM: 0.072586
697 - farmland_334             . 	SCC: 0.293716, 	SAM: 0.038253
698 - farmland_344             . 	SCC: 0.324347, 	SAM: 0.060187
699 - farmland_346             . 	SCC: 0.311194, 	SAM: 0.063303
700 - farmland_347             . 	SCC: 0.322908, 	SAM: 0.054037
701 - farmland_351             . 	SCC: 0.198972, 	SAM: 0.152642
702 - farmland_364             . 	SCC: 0.280492, 	SAM: 0.038767
703 - farmland_368             . 	SCC: 0.303979, 	SAM: 0.052312
704 - farmland_37              . 	SCC: 0.452541, 	SAM: 0.027761
705 - farmland_49              . 	SCC: 0.338276, 	SAM: 0.037776
706 - farmland_53              . 	SCC: 0.406734, 	SAM: 0.032309
707 - farmland_58              . 	SCC: 0.346947, 	SAM: 0.056293
708 - farmland_62              . 	SCC: 0.411206, 	SAM: 0.020875
709 - farmland_68              . 	SCC: 0.403355, 	SAM: 0.026133
710 - farmland_72              . 	SCC: 0.390373, 	SAM: 0.022997
711 - farmland_73              . 	SCC: 0.389522, 	SAM: 0.031189
712 - farmland_83              . 	SCC: 0.350936, 	SAM: 0.035927
713 - farmland_94              . 	SCC: 0.291448, 	SAM: 0.083541
714 - farmland_96              . 	SCC: 0.399615, 	SAM: 0.038429
715 - farmland_98              . 	SCC: 0.406730, 	SAM: 0.027268
716 - farmland_99              . 	SCC: 0.425588, 	SAM: 0.020691
717 - forest_102               . 	SCC: 0.454238, 	SAM: 0.158431
718 - forest_116               . 	SCC: 0.542918, 	SAM: 0.123260
719 - forest_117               . 	SCC: 0.638106, 	SAM: 0.046216
720 - forest_119               . 	SCC: 0.653962, 	SAM: 0.051156
721 - forest_12                . 	SCC: 0.508102, 	SAM: 0.088301
722 - forest_122               . 	SCC: 0.406458, 	SAM: 0.178819
723 - forest_125               . 	SCC: 0.614320, 	SAM: 0.057343
724 - forest_126               . 	SCC: 0.396433, 	SAM: 0.170567
725 - forest_129               . 	SCC: 0.592616, 	SAM: 0.068839
726 - forest_137               . 	SCC: 0.284790, 	SAM: 0.214989
727 - forest_14                . 	SCC: 0.503087, 	SAM: 0.088836
728 - forest_140               . 	SCC: 0.438801, 	SAM: 0.169151
729 - forest_141               . 	SCC: 0.444268, 	SAM: 0.150355
730 - forest_143               . 	SCC: 0.429272, 	SAM: 0.187337
731 - forest_147               . 	SCC: 0.486379, 	SAM: 0.134465
732 - forest_148               . 	SCC: 0.514726, 	SAM: 0.141805
733 - forest_158               . 	SCC: 0.262383, 	SAM: 0.264838
734 - forest_173               . 	SCC: 0.331964, 	SAM: 0.213635
735 - forest_175               . 	SCC: 0.314166, 	SAM: 0.140790
736 - forest_182               . 	SCC: 0.485594, 	SAM: 0.093087
737 - forest_186               . 	SCC: 0.349214, 	SAM: 0.122213
738 - forest_188               . 	SCC: 0.331548, 	SAM: 0.126577
739 - forest_19                . 	SCC: 0.534012, 	SAM: 0.071694
740 - forest_194               . 	SCC: 0.300790, 	SAM: 0.199485
741 - forest_199               . 	SCC: 0.507266, 	SAM: 0.101024
742 - forest_205               . 	SCC: 0.374241, 	SAM: 0.152235
743 - forest_207               . 	SCC: 0.287560, 	SAM: 0.208359
744 - forest_215               . 	SCC: 0.330727, 	SAM: 0.153490
745 - forest_22                . 	SCC: 0.347425, 	SAM: 0.255976
746 - forest_235               . 	SCC: 0.552512, 	SAM: 0.084691
747 - forest_24                . 	SCC: 0.408734, 	SAM: 0.123976
748 - forest_240               . 	SCC: 0.258473, 	SAM: 0.236730
749 - forest_28                . 	SCC: 0.576928, 	SAM: 0.065897
750 - forest_29                . 	SCC: 0.436624, 	SAM: 0.160943
751 - forest_35                . 	SCC: 0.532573, 	SAM: 0.055422
752 - forest_36                . 	SCC: 0.593329, 	SAM: 0.039470
753 - forest_37                . 	SCC: 0.509580, 	SAM: 0.054375
754 - forest_4                 . 	SCC: 0.247166, 	SAM: 0.318484
755 - forest_43                . 	SCC: 0.498170, 	SAM: 0.085504
756 - forest_47                . 	SCC: 0.634547, 	SAM: 0.084002
757 - forest_54                . 	SCC: 0.580868, 	SAM: 0.065210
758 - forest_59                . 	SCC: 0.338903, 	SAM: 0.174589
759 - forest_62                . 	SCC: 0.516489, 	SAM: 0.063441
760 - forest_67                . 	SCC: 0.420669, 	SAM: 0.105024
761 - forest_72                . 	SCC: 0.550565, 	SAM: 0.063643
762 - forest_74                . 	SCC: 0.599319, 	SAM: 0.048151
763 - forest_80                . 	SCC: 0.547911, 	SAM: 0.065550
764 - forest_86                . 	SCC: 0.402809, 	SAM: 0.208159
765 - forest_98                . 	SCC: 0.732583, 	SAM: 0.046840
766 - forest_99                . 	SCC: 0.600701, 	SAM: 0.069204
767 - industrial_1             . 	SCC: 0.497965, 	SAM: 0.038932
768 - industrial_10            . 	SCC: 0.554146, 	SAM: 0.033651
769 - industrial_100           . 	SCC: 0.625744, 	SAM: 0.026190
770 - industrial_106           . 	SCC: 0.576132, 	SAM: 0.048727
771 - industrial_108           . 	SCC: 0.421695, 	SAM: 0.098885
772 - industrial_114           . 	SCC: 0.485405, 	SAM: 0.119516
773 - industrial_121           . 	SCC: 0.457858, 	SAM: 0.135280
774 - industrial_122           . 	SCC: 0.580179, 	SAM: 0.048617
775 - industrial_140           . 	SCC: 0.453563, 	SAM: 0.111587
776 - industrial_148           . 	SCC: 0.471794, 	SAM: 0.100954
777 - industrial_163           . 	SCC: 0.369900, 	SAM: 0.114755
778 - industrial_168           . 	SCC: 0.394705, 	SAM: 0.093844
779 - industrial_17            . 	SCC: 0.487399, 	SAM: 0.041057
780 - industrial_175           . 	SCC: 0.445099, 	SAM: 0.089268
781 - industrial_184           . 	SCC: 0.428165, 	SAM: 0.111807
782 - industrial_189           . 	SCC: 0.480077, 	SAM: 0.045053
783 - industrial_196           . 	SCC: 0.499944, 	SAM: 0.096461
784 - industrial_20            . 	SCC: 0.437728, 	SAM: 0.070552
785 - industrial_204           . 	SCC: 0.565053, 	SAM: 0.050615
786 - industrial_206           . 	SCC: 0.477694, 	SAM: 0.069019
787 - industrial_211           . 	SCC: 0.561732, 	SAM: 0.092947
788 - industrial_215           . 	SCC: 0.531560, 	SAM: 0.105087
789 - industrial_221           . 	SCC: 0.483759, 	SAM: 0.021153
790 - industrial_227           . 	SCC: 0.447467, 	SAM: 0.097295
791 - industrial_229           . 	SCC: 0.396068, 	SAM: 0.106727
792 - industrial_237           . 	SCC: 0.584529, 	SAM: 0.024907
793 - industrial_245           . 	SCC: 0.571973, 	SAM: 0.039834
794 - industrial_248           . 	SCC: 0.542450, 	SAM: 0.043618
795 - industrial_249           . 	SCC: 0.448435, 	SAM: 0.073540
796 - industrial_256           . 	SCC: 0.466087, 	SAM: 0.056316
797 - industrial_257           . 	SCC: 0.522040, 	SAM: 0.049500
798 - industrial_259           . 	SCC: 0.438081, 	SAM: 0.113889
799 - industrial_26            . 	SCC: 0.530616, 	SAM: 0.052927
800 - industrial_269           . 	SCC: 0.423388, 	SAM: 0.077864
801 - industrial_271           . 	SCC: 0.359859, 	SAM: 0.162744
802 - industrial_280           . 	SCC: 0.482871, 	SAM: 0.030639
803 - industrial_282           . 	SCC: 0.521679, 	SAM: 0.031941
804 - industrial_284           . 	SCC: 0.406114, 	SAM: 0.104805
805 - industrial_286           . 	SCC: 0.505395, 	SAM: 0.112960
806 - industrial_287           . 	SCC: 0.469474, 	SAM: 0.038563
807 - industrial_290           . 	SCC: 0.447794, 	SAM: 0.017339
808 - industrial_293           . 	SCC: 0.421452, 	SAM: 0.100832
809 - industrial_298           . 	SCC: 0.373455, 	SAM: 0.110961
810 - industrial_299           . 	SCC: 0.487637, 	SAM: 0.024975
811 - industrial_3             . 	SCC: 0.508468, 	SAM: 0.048282
812 - industrial_306           . 	SCC: 0.430104, 	SAM: 0.086551
813 - industrial_309           . 	SCC: 0.404872, 	SAM: 0.085318
814 - industrial_321           . 	SCC: 0.584980, 	SAM: 0.048630
815 - industrial_329           . 	SCC: 0.537609, 	SAM: 0.134152
816 - industrial_33            . 	SCC: 0.496886, 	SAM: 0.026634
817 - industrial_332           . 	SCC: 0.473726, 	SAM: 0.105313
818 - industrial_335           . 	SCC: 0.513182, 	SAM: 0.102661
819 - industrial_346           . 	SCC: 0.514957, 	SAM: 0.115266
820 - industrial_347           . 	SCC: 0.475241, 	SAM: 0.106190
821 - industrial_349           . 	SCC: 0.435566, 	SAM: 0.098052
822 - industrial_350           . 	SCC: 0.486164, 	SAM: 0.104608
823 - industrial_353           . 	SCC: 0.467117, 	SAM: 0.067473
824 - industrial_357           . 	SCC: 0.495245, 	SAM: 0.105434
825 - industrial_359           . 	SCC: 0.498438, 	SAM: 0.073347
826 - industrial_36            . 	SCC: 0.488715, 	SAM: 0.019945
827 - industrial_361           . 	SCC: 0.585638, 	SAM: 0.079718
828 - industrial_363           . 	SCC: 0.489843, 	SAM: 0.078416
829 - industrial_364           . 	SCC: 0.493808, 	SAM: 0.096582
830 - industrial_376           . 	SCC: 0.463648, 	SAM: 0.144870
831 - industrial_380           . 	SCC: 0.445347, 	SAM: 0.116267
832 - industrial_384           . 	SCC: 0.449501, 	SAM: 0.098716
833 - industrial_387           . 	SCC: 0.414487, 	SAM: 0.143335
834 - industrial_388           . 	SCC: 0.554863, 	SAM: 0.104544
835 - industrial_43            . 	SCC: 0.448948, 	SAM: 0.126588
836 - industrial_50            . 	SCC: 0.552761, 	SAM: 0.040990
837 - industrial_56            . 	SCC: 0.481885, 	SAM: 0.079808
838 - industrial_59            . 	SCC: 0.501434, 	SAM: 0.056437
839 - industrial_69            . 	SCC: 0.502508, 	SAM: 0.067992
840 - industrial_71            . 	SCC: 0.495727, 	SAM: 0.056220
841 - industrial_76            . 	SCC: 0.523945, 	SAM: 0.073136
842 - industrial_84            . 	SCC: 0.520966, 	SAM: 0.045469
843 - industrial_88            . 	SCC: 0.432590, 	SAM: 0.077938
844 - industrial_93            . 	SCC: 0.522013, 	SAM: 0.058596
845 - meadow_109               . 	SCC: 0.444948, 	SAM: 0.021010
846 - meadow_11                . 	SCC: 0.267724, 	SAM: 0.056129
847 - meadow_111               . 	SCC: 0.497106, 	SAM: 0.027153
848 - meadow_113               . 	SCC: 0.511584, 	SAM: 0.025535
849 - meadow_118               . 	SCC: 0.387459, 	SAM: 0.039265
850 - meadow_13                . 	SCC: 0.301142, 	SAM: 0.087993
851 - meadow_130               . 	SCC: 0.341975, 	SAM: 0.118645
852 - meadow_131               . 	SCC: 0.304886, 	SAM: 0.149076
853 - meadow_145               . 	SCC: 0.312837, 	SAM: 0.134983
854 - meadow_147               . 	SCC: 0.461557, 	SAM: 0.049782
855 - meadow_154               . 	SCC: 0.316570, 	SAM: 0.101470
856 - meadow_155               . 	SCC: 0.200877, 	SAM: 0.082721
857 - meadow_158               . 	SCC: 0.391573, 	SAM: 0.070564
858 - meadow_165               . 	SCC: 0.285145, 	SAM: 0.041085
859 - meadow_17                . 	SCC: 0.158208, 	SAM: 0.136893
860 - meadow_172               . 	SCC: 0.367550, 	SAM: 0.055598
861 - meadow_173               . 	SCC: 0.448824, 	SAM: 0.039314
862 - meadow_176               . 	SCC: 0.267819, 	SAM: 0.080345
863 - meadow_177               . 	SCC: 0.358210, 	SAM: 0.033490
864 - meadow_187               . 	SCC: 0.259789, 	SAM: 0.058205
865 - meadow_192               . 	SCC: 0.328199, 	SAM: 0.070855
866 - meadow_193               . 	SCC: 0.468886, 	SAM: 0.050055
867 - meadow_197               . 	SCC: 0.423157, 	SAM: 0.041892
868 - meadow_201               . 	SCC: 0.353386, 	SAM: 0.031693
869 - meadow_21                . 	SCC: 0.241170, 	SAM: 0.146509
870 - meadow_213               . 	SCC: 0.453165, 	SAM: 0.057745
871 - meadow_222               . 	SCC: 0.363257, 	SAM: 0.018962
872 - meadow_227               . 	SCC: 0.347653, 	SAM: 0.039457
873 - meadow_239               . 	SCC: 0.495567, 	SAM: 0.043241
874 - meadow_245               . 	SCC: 0.494294, 	SAM: 0.035461
875 - meadow_250               . 	SCC: 0.309105, 	SAM: 0.078189
876 - meadow_252               . 	SCC: 0.497315, 	SAM: 0.045394
877 - meadow_255               . 	SCC: 0.545757, 	SAM: 0.032048
878 - meadow_256               . 	SCC: 0.443278, 	SAM: 0.041308
879 - meadow_257               . 	SCC: 0.362233, 	SAM: 0.081958
880 - meadow_262               . 	SCC: 0.410629, 	SAM: 0.093218
881 - meadow_264               . 	SCC: 0.257467, 	SAM: 0.163600
882 - meadow_273               . 	SCC: 0.419345, 	SAM: 0.081109
883 - meadow_275               . 	SCC: 0.262384, 	SAM: 0.123827
884 - meadow_276               . 	SCC: 0.323803, 	SAM: 0.160694
885 - meadow_30                . 	SCC: 0.398159, 	SAM: 0.042921
886 - meadow_43                . 	SCC: 0.183784, 	SAM: 0.081028
887 - meadow_44                . 	SCC: 0.175857, 	SAM: 0.071440
888 - meadow_48                . 	SCC: 0.267002, 	SAM: 0.091402
889 - meadow_49                . 	SCC: 0.384105, 	SAM: 0.060459
890 - meadow_5                 . 	SCC: 0.266072, 	SAM: 0.102119
891 - meadow_60                . 	SCC: 0.431675, 	SAM: 0.052300
892 - meadow_68                . 	SCC: 0.324189, 	SAM: 0.061362
893 - meadow_72                . 	SCC: 0.335291, 	SAM: 0.052610
894 - meadow_75                . 	SCC: 0.311174, 	SAM: 0.060461
895 - meadow_79                . 	SCC: 0.278548, 	SAM: 0.059168
896 - meadow_80                . 	SCC: 0.305158, 	SAM: 0.066832
897 - meadow_88                . 	SCC: 0.251713, 	SAM: 0.069671
898 - meadow_92                . 	SCC: 0.393017, 	SAM: 0.067579
899 - meadow_97                . 	SCC: 0.270140, 	SAM: 0.088784
900 - meadow_98                . 	SCC: 0.439170, 	SAM: 0.034147
901 - mediumresidential_100    . 	SCC: 0.417527, 	SAM: 0.142824
902 - mediumresidential_113    . 	SCC: 0.554966, 	SAM: 0.036438
903 - mediumresidential_116    . 	SCC: 0.507182, 	SAM: 0.031181
904 - mediumresidential_117    . 	SCC: 0.489508, 	SAM: 0.051432
905 - mediumresidential_118    . 	SCC: 0.447291, 	SAM: 0.056966
906 - mediumresidential_120    . 	SCC: 0.560927, 	SAM: 0.028357
907 - mediumresidential_122    . 	SCC: 0.561502, 	SAM: 0.029324
908 - mediumresidential_123    . 	SCC: 0.490191, 	SAM: 0.029722
909 - mediumresidential_124    . 	SCC: 0.515474, 	SAM: 0.025134
910 - mediumresidential_13     . 	SCC: 0.371170, 	SAM: 0.014666
911 - mediumresidential_131    . 	SCC: 0.416413, 	SAM: 0.118998
912 - mediumresidential_132    . 	SCC: 0.486530, 	SAM: 0.134677
913 - mediumresidential_147    . 	SCC: 0.369644, 	SAM: 0.163130
914 - mediumresidential_148    . 	SCC: 0.365380, 	SAM: 0.165035
915 - mediumresidential_15     . 	SCC: 0.396884, 	SAM: 0.020824
916 - mediumresidential_161    . 	SCC: 0.462728, 	SAM: 0.129204
917 - mediumresidential_166    . 	SCC: 0.438542, 	SAM: 0.159038
918 - mediumresidential_178    . 	SCC: 0.407349, 	SAM: 0.174728
919 - mediumresidential_188    . 	SCC: 0.359539, 	SAM: 0.118353
920 - mediumresidential_189    . 	SCC: 0.440165, 	SAM: 0.133294
921 - mediumresidential_190    . 	SCC: 0.473708, 	SAM: 0.149682
922 - mediumresidential_192    . 	SCC: 0.353298, 	SAM: 0.139255
923 - mediumresidential_197    . 	SCC: 0.410112, 	SAM: 0.124109
924 - mediumresidential_21     . 	SCC: 0.268132, 	SAM: 0.014702
925 - mediumresidential_212    . 	SCC: 0.378482, 	SAM: 0.108991
926 - mediumresidential_220    . 	SCC: 0.433746, 	SAM: 0.112945
927 - mediumresidential_222    . 	SCC: 0.457674, 	SAM: 0.100895
928 - mediumresidential_223    . 	SCC: 0.387471, 	SAM: 0.138404
929 - mediumresidential_229    . 	SCC: 0.437665, 	SAM: 0.087914
930 - mediumresidential_232    . 	SCC: 0.347902, 	SAM: 0.161009
931 - mediumresidential_236    . 	SCC: 0.326127, 	SAM: 0.108575
932 - mediumresidential_237    . 	SCC: 0.356238, 	SAM: 0.125772
933 - mediumresidential_250    . 	SCC: 0.437344, 	SAM: 0.071022
934 - mediumresidential_259    . 	SCC: 0.424767, 	SAM: 0.114921
935 - mediumresidential_262    . 	SCC: 0.413742, 	SAM: 0.125155
936 - mediumresidential_264    . 	SCC: 0.465541, 	SAM: 0.129246
937 - mediumresidential_266    . 	SCC: 0.465271, 	SAM: 0.103002
938 - mediumresidential_267    . 	SCC: 0.464997, 	SAM: 0.104562
939 - mediumresidential_27     . 	SCC: 0.395962, 	SAM: 0.023973
940 - mediumresidential_278    . 	SCC: 0.375991, 	SAM: 0.120316
941 - mediumresidential_28     . 	SCC: 0.359147, 	SAM: 0.019451
942 - mediumresidential_32     . 	SCC: 0.337793, 	SAM: 0.014589
943 - mediumresidential_42     . 	SCC: 0.502623, 	SAM: 0.128368
944 - mediumresidential_48     . 	SCC: 0.536881, 	SAM: 0.109109
945 - mediumresidential_49     . 	SCC: 0.521901, 	SAM: 0.106312
946 - mediumresidential_5      . 	SCC: 0.469813, 	SAM: 0.031815
947 - mediumresidential_53     . 	SCC: 0.494255, 	SAM: 0.140618
948 - mediumresidential_56     . 	SCC: 0.511237, 	SAM: 0.120171
949 - mediumresidential_57     . 	SCC: 0.432025, 	SAM: 0.174057
950 - mediumresidential_59     . 	SCC: 0.455387, 	SAM: 0.159190
951 - mediumresidential_6      . 	SCC: 0.469512, 	SAM: 0.034477
952 - mediumresidential_66     . 	SCC: 0.409325, 	SAM: 0.180682
953 - mediumresidential_69     . 	SCC: 0.391647, 	SAM: 0.199035
954 - mediumresidential_76     . 	SCC: 0.477898, 	SAM: 0.144217
955 - mediumresidential_79     . 	SCC: 0.513027, 	SAM: 0.139468
956 - mediumresidential_81     . 	SCC: 0.405905, 	SAM: 0.170535
957 - mediumresidential_82     . 	SCC: 0.500825, 	SAM: 0.152088
958 - mediumresidential_96     . 	SCC: 0.515613, 	SAM: 0.138749
959 - mountain_100             . 	SCC: 0.431402, 	SAM: 0.057789
960 - mountain_101             . 	SCC: 0.374150, 	SAM: 0.057305
961 - mountain_103             . 	SCC: 0.315882, 	SAM: 0.053188
962 - mountain_109             . 	SCC: 0.361770, 	SAM: 0.095206
963 - mountain_110             . 	SCC: 0.374289, 	SAM: 0.084330
964 - mountain_112             . 	SCC: 0.361797, 	SAM: 0.084150
965 - mountain_120             . 	SCC: 0.461180, 	SAM: 0.043299
966 - mountain_121             . 	SCC: 0.482066, 	SAM: 0.064830
967 - mountain_129             . 	SCC: 0.386326, 	SAM: 0.077300
968 - mountain_15              . 	SCC: 0.374792, 	SAM: 0.082561
969 - mountain_151             . 	SCC: 0.410726, 	SAM: 0.076858
970 - mountain_159             . 	SCC: 0.452986, 	SAM: 0.072936
971 - mountain_17              . 	SCC: 0.391042, 	SAM: 0.192295
972 - mountain_174             . 	SCC: 0.418932, 	SAM: 0.032747
973 - mountain_176             . 	SCC: 0.479337, 	SAM: 0.058614
974 - mountain_187             . 	SCC: 0.395588, 	SAM: 0.076394
975 - mountain_191             . 	SCC: 0.363649, 	SAM: 0.095384
976 - mountain_193             . 	SCC: 0.382686, 	SAM: 0.091074
977 - mountain_194             . 	SCC: 0.438806, 	SAM: 0.069568
978 - mountain_196             . 	SCC: 0.449354, 	SAM: 0.068751
979 - mountain_197             . 	SCC: 0.482485, 	SAM: 0.066471
980 - mountain_198             . 	SCC: 0.466342, 	SAM: 0.062237
981 - mountain_199             . 	SCC: 0.405105, 	SAM: 0.102533
982 - mountain_202             . 	SCC: 0.434192, 	SAM: 0.065234
983 - mountain_210             . 	SCC: 0.419237, 	SAM: 0.050604
984 - mountain_215             . 	SCC: 0.421452, 	SAM: 0.054448
985 - mountain_216             . 	SCC: 0.433018, 	SAM: 0.043763
986 - mountain_231             . 	SCC: 0.381637, 	SAM: 0.052697
987 - mountain_237             . 	SCC: 0.343079, 	SAM: 0.077669
988 - mountain_243             . 	SCC: 0.446337, 	SAM: 0.071958
989 - mountain_249             . 	SCC: 0.403530, 	SAM: 0.077506
990 - mountain_25              . 	SCC: 0.316296, 	SAM: 0.212711
991 - mountain_260             . 	SCC: 0.403609, 	SAM: 0.073506
992 - mountain_262             . 	SCC: 0.385869, 	SAM: 0.062959
993 - mountain_264             . 	SCC: 0.339650, 	SAM: 0.079299
994 - mountain_267             . 	SCC: 0.372129, 	SAM: 0.089944
995 - mountain_275             . 	SCC: 0.385132, 	SAM: 0.078147
996 - mountain_276             . 	SCC: 0.367255, 	SAM: 0.060686
997 - mountain_284             . 	SCC: 0.388724, 	SAM: 0.059721
998 - mountain_291             . 	SCC: 0.362740, 	SAM: 0.094251
999 - mountain_294             . 	SCC: 0.380371, 	SAM: 0.110118
1000 - mountain_297             . 	SCC: 0.334773, 	SAM: 0.148889
1001 - mountain_3               . 	SCC: 0.335191, 	SAM: 0.145809
1002 - mountain_303             . 	SCC: 0.366797, 	SAM: 0.102948
1003 - mountain_304             . 	SCC: 0.425010, 	SAM: 0.035863
1004 - mountain_306             . 	SCC: 0.381793, 	SAM: 0.075164
1005 - mountain_309             . 	SCC: 0.398131, 	SAM: 0.092546
1006 - mountain_310             . 	SCC: 0.377892, 	SAM: 0.102781
1007 - mountain_315             . 	SCC: 0.395744, 	SAM: 0.084071
1008 - mountain_316             . 	SCC: 0.416007, 	SAM: 0.091946
1009 - mountain_318             . 	SCC: 0.404998, 	SAM: 0.086479
1010 - mountain_324             . 	SCC: 0.385646, 	SAM: 0.096383
1011 - mountain_329             . 	SCC: 0.485547, 	SAM: 0.050600
1012 - mountain_330             . 	SCC: 0.341992, 	SAM: 0.038816
1013 - mountain_338             . 	SCC: 0.394675, 	SAM: 0.054009
1014 - mountain_35              . 	SCC: 0.429419, 	SAM: 0.054956
1015 - mountain_39              . 	SCC: 0.370723, 	SAM: 0.094537
1016 - mountain_41              . 	SCC: 0.383281, 	SAM: 0.059664
1017 - mountain_43              . 	SCC: 0.422602, 	SAM: 0.053922
1018 - mountain_44              . 	SCC: 0.375047, 	SAM: 0.110342
1019 - mountain_5               . 	SCC: 0.395947, 	SAM: 0.160700
1020 - mountain_50              . 	SCC: 0.363291, 	SAM: 0.138718
1021 - mountain_57              . 	SCC: 0.444809, 	SAM: 0.107149
1022 - mountain_64              . 	SCC: 0.419516, 	SAM: 0.053487
1023 - mountain_70              . 	SCC: 0.401178, 	SAM: 0.078234
1024 - mountain_71              . 	SCC: 0.429532, 	SAM: 0.051529
1025 - mountain_78              . 	SCC: 0.368882, 	SAM: 0.080559
1026 - mountain_86              . 	SCC: 0.422357, 	SAM: 0.062596
1027 - park_101                 . 	SCC: 0.377967, 	SAM: 0.109455
1028 - park_110                 . 	SCC: 0.383204, 	SAM: 0.144416
1029 - park_111                 . 	SCC: 0.443050, 	SAM: 0.129952
1030 - park_114                 . 	SCC: 0.392457, 	SAM: 0.200587
1031 - park_117                 . 	SCC: 0.459635, 	SAM: 0.118952
1032 - park_121                 . 	SCC: 0.498681, 	SAM: 0.084874
1033 - park_123                 . 	SCC: 0.423895, 	SAM: 0.092921
1034 - park_125                 . 	SCC: 0.460314, 	SAM: 0.087406
1035 - park_13                  . 	SCC: 0.433278, 	SAM: 0.079410
1036 - park_130                 . 	SCC: 0.374573, 	SAM: 0.147582
1037 - park_133                 . 	SCC: 0.436007, 	SAM: 0.102220
1038 - park_137                 . 	SCC: 0.600303, 	SAM: 0.058178
1039 - park_145                 . 	SCC: 0.386055, 	SAM: 0.094222
1040 - park_15                  . 	SCC: 0.508061, 	SAM: 0.047974
1041 - park_155                 . 	SCC: 0.368622, 	SAM: 0.115422
1042 - park_157                 . 	SCC: 0.441881, 	SAM: 0.109702
1043 - park_163                 . 	SCC: 0.565096, 	SAM: 0.048750
1044 - park_17                  . 	SCC: 0.444425, 	SAM: 0.055634
1045 - park_176                 . 	SCC: 0.421351, 	SAM: 0.080596
1046 - park_177                 . 	SCC: 0.533449, 	SAM: 0.049450
1047 - park_178                 . 	SCC: 0.520798, 	SAM: 0.033439
1048 - park_18                  . 	SCC: 0.460098, 	SAM: 0.064757
1049 - park_188                 . 	SCC: 0.543544, 	SAM: 0.056547
1050 - park_199                 . 	SCC: 0.439472, 	SAM: 0.076848
1051 - park_200                 . 	SCC: 0.443995, 	SAM: 0.060910
1052 - park_205                 . 	SCC: 0.443864, 	SAM: 0.052788
1053 - park_208                 . 	SCC: 0.389588, 	SAM: 0.063572
1054 - park_211                 . 	SCC: 0.544838, 	SAM: 0.077187
1055 - park_219                 . 	SCC: 0.452029, 	SAM: 0.068887
1056 - park_228                 . 	SCC: 0.483547, 	SAM: 0.055406
1057 - park_235                 . 	SCC: 0.350251, 	SAM: 0.065528
1058 - park_236                 . 	SCC: 0.463332, 	SAM: 0.043329
1059 - park_243                 . 	SCC: 0.431536, 	SAM: 0.078354
1060 - park_248                 . 	SCC: 0.509501, 	SAM: 0.070100
1061 - park_252                 . 	SCC: 0.434421, 	SAM: 0.060563
1062 - park_259                 . 	SCC: 0.473643, 	SAM: 0.062396
1063 - park_26                  . 	SCC: 0.487916, 	SAM: 0.063884
1064 - park_264                 . 	SCC: 0.371426, 	SAM: 0.099316
1065 - park_277                 . 	SCC: 0.492072, 	SAM: 0.071585
1066 - park_281                 . 	SCC: 0.480931, 	SAM: 0.051658
1067 - park_282                 . 	SCC: 0.343391, 	SAM: 0.043255
1068 - park_285                 . 	SCC: 0.485347, 	SAM: 0.054729
1069 - park_291                 . 	SCC: 0.474288, 	SAM: 0.049307
1070 - park_298                 . 	SCC: 0.414103, 	SAM: 0.076662
1071 - park_302                 . 	SCC: 0.429190, 	SAM: 0.058394
1072 - park_304                 . 	SCC: 0.471352, 	SAM: 0.039991
1073 - park_321                 . 	SCC: 0.455366, 	SAM: 0.136867
1074 - park_324                 . 	SCC: 0.385750, 	SAM: 0.127057
1075 - park_328                 . 	SCC: 0.436202, 	SAM: 0.088803
1076 - park_329                 . 	SCC: 0.558660, 	SAM: 0.086927
1077 - park_343                 . 	SCC: 0.413999, 	SAM: 0.088668
1078 - park_344                 . 	SCC: 0.466958, 	SAM: 0.103829
1079 - park_346                 . 	SCC: 0.450841, 	SAM: 0.098980
1080 - park_349                 . 	SCC: 0.487714, 	SAM: 0.039152
1081 - park_36                  . 	SCC: 0.411219, 	SAM: 0.090127
1082 - park_39                  . 	SCC: 0.523999, 	SAM: 0.071652
1083 - park_43                  . 	SCC: 0.502789, 	SAM: 0.057599
1084 - park_51                  . 	SCC: 0.453515, 	SAM: 0.124296
1085 - park_59                  . 	SCC: 0.407289, 	SAM: 0.152011
1086 - park_60                  . 	SCC: 0.392517, 	SAM: 0.146340
1087 - park_66                  . 	SCC: 0.397662, 	SAM: 0.141245
1088 - park_69                  . 	SCC: 0.399687, 	SAM: 0.107356
1089 - park_70                  . 	SCC: 0.443999, 	SAM: 0.086103
1090 - park_72                  . 	SCC: 0.346671, 	SAM: 0.168806
1091 - park_74                  . 	SCC: 0.338705, 	SAM: 0.093910
1092 - park_77                  . 	SCC: 0.411839, 	SAM: 0.113146
1093 - park_81                  . 	SCC: 0.426982, 	SAM: 0.074462
1094 - park_85                  . 	SCC: 0.532415, 	SAM: 0.064078
1095 - park_95                  . 	SCC: 0.445929, 	SAM: 0.110609
1096 - park_97                  . 	SCC: 0.367032, 	SAM: 0.081159
1097 - parking_1                . 	SCC: 0.520106, 	SAM: 0.051648
1098 - parking_101              . 	SCC: 0.535057, 	SAM: 0.076030
1099 - parking_102              . 	SCC: 0.512804, 	SAM: 0.067270
1100 - parking_105              . 	SCC: 0.547719, 	SAM: 0.129719
1101 - parking_112              . 	SCC: 0.568902, 	SAM: 0.112749
1102 - parking_115              . 	SCC: 0.537774, 	SAM: 0.103438
1103 - parking_120              . 	SCC: 0.554726, 	SAM: 0.093382
1104 - parking_124              . 	SCC: 0.569015, 	SAM: 0.070637
1105 - parking_126              . 	SCC: 0.555628, 	SAM: 0.115171
1106 - parking_129              . 	SCC: 0.516279, 	SAM: 0.096762
1107 - parking_132              . 	SCC: 0.538300, 	SAM: 0.082832
1108 - parking_133              . 	SCC: 0.567768, 	SAM: 0.068963
1109 - parking_147              . 	SCC: 0.573382, 	SAM: 0.068164
1110 - parking_148              . 	SCC: 0.573386, 	SAM: 0.097580
1111 - parking_149              . 	SCC: 0.582164, 	SAM: 0.091797
1112 - parking_150              . 	SCC: 0.562890, 	SAM: 0.071528
1113 - parking_163              . 	SCC: 0.548732, 	SAM: 0.098720
1114 - parking_168              . 	SCC: 0.588030, 	SAM: 0.030976
1115 - parking_179              . 	SCC: 0.600278, 	SAM: 0.065560
1116 - parking_184              . 	SCC: 0.522158, 	SAM: 0.027246
1117 - parking_187              . 	SCC: 0.550132, 	SAM: 0.059599
1118 - parking_188              . 	SCC: 0.501645, 	SAM: 0.060066
1119 - parking_198              . 	SCC: 0.537704, 	SAM: 0.055957
1120 - parking_200              . 	SCC: 0.508836, 	SAM: 0.049744
1121 - parking_204              . 	SCC: 0.487187, 	SAM: 0.042907
1122 - parking_209              . 	SCC: 0.546165, 	SAM: 0.118921
1123 - parking_210              . 	SCC: 0.532230, 	SAM: 0.079587
1124 - parking_212              . 	SCC: 0.459232, 	SAM: 0.111682
1125 - parking_213              . 	SCC: 0.398850, 	SAM: 0.099448
1126 - parking_220              . 	SCC: 0.498645, 	SAM: 0.048220
1127 - parking_224              . 	SCC: 0.599032, 	SAM: 0.066179
1128 - parking_225              . 	SCC: 0.518419, 	SAM: 0.034378
1129 - parking_226              . 	SCC: 0.541640, 	SAM: 0.052115
1130 - parking_238              . 	SCC: 0.490016, 	SAM: 0.162619
1131 - parking_25               . 	SCC: 0.553143, 	SAM: 0.058694
1132 - parking_250              . 	SCC: 0.585860, 	SAM: 0.030367
1133 - parking_254              . 	SCC: 0.517213, 	SAM: 0.023172
1134 - parking_255              . 	SCC: 0.578405, 	SAM: 0.061096
1135 - parking_257              . 	SCC: 0.531472, 	SAM: 0.083109
1136 - parking_263              . 	SCC: 0.469591, 	SAM: 0.185733
1137 - parking_273              . 	SCC: 0.475574, 	SAM: 0.074476
1138 - parking_278              . 	SCC: 0.628869, 	SAM: 0.085041
1139 - parking_287              . 	SCC: 0.604636, 	SAM: 0.107140
1140 - parking_289              . 	SCC: 0.573433, 	SAM: 0.106944
1141 - parking_290              . 	SCC: 0.577920, 	SAM: 0.083575
1142 - parking_30               . 	SCC: 0.574098, 	SAM: 0.111975
1143 - parking_301              . 	SCC: 0.563695, 	SAM: 0.055760
1144 - parking_308              . 	SCC: 0.577004, 	SAM: 0.081665
1145 - parking_318              . 	SCC: 0.535125, 	SAM: 0.053782
1146 - parking_323              . 	SCC: 0.597617, 	SAM: 0.035222
1147 - parking_330              . 	SCC: 0.569362, 	SAM: 0.058941
1148 - parking_331              . 	SCC: 0.567356, 	SAM: 0.040626
1149 - parking_333              . 	SCC: 0.407049, 	SAM: 0.129699
1150 - parking_345              . 	SCC: 0.544967, 	SAM: 0.116539
1151 - parking_346              . 	SCC: 0.530377, 	SAM: 0.098188
1152 - parking_347              . 	SCC: 0.536027, 	SAM: 0.111623
1153 - parking_349              . 	SCC: 0.485461, 	SAM: 0.087500
1154 - parking_352              . 	SCC: 0.500922, 	SAM: 0.120535
1155 - parking_363              . 	SCC: 0.522444, 	SAM: 0.120855
1156 - parking_366              . 	SCC: 0.527136, 	SAM: 0.101536
1157 - parking_367              . 	SCC: 0.527168, 	SAM: 0.149903
1158 - parking_369              . 	SCC: 0.528283, 	SAM: 0.117276
1159 - parking_370              . 	SCC: 0.510741, 	SAM: 0.117522
1160 - parking_371              . 	SCC: 0.545755, 	SAM: 0.095233
1161 - parking_374              . 	SCC: 0.528159, 	SAM: 0.165865
1162 - parking_381              . 	SCC: 0.527490, 	SAM: 0.131235
1163 - parking_384              . 	SCC: 0.528373, 	SAM: 0.103076
1164 - parking_53               . 	SCC: 0.556456, 	SAM: 0.056559
1165 - parking_55               . 	SCC: 0.544479, 	SAM: 0.067280
1166 - parking_68               . 	SCC: 0.551243, 	SAM: 0.108957
1167 - parking_69               . 	SCC: 0.565117, 	SAM: 0.076145
1168 - parking_72               . 	SCC: 0.582544, 	SAM: 0.106707
1169 - parking_82               . 	SCC: 0.574840, 	SAM: 0.080903
1170 - parking_84               . 	SCC: 0.495688, 	SAM: 0.161517
1171 - parking_90               . 	SCC: 0.592867, 	SAM: 0.062155
1172 - parking_92               . 	SCC: 0.583272, 	SAM: 0.060121
1173 - parking_93               . 	SCC: 0.541943, 	SAM: 0.063414
1174 - parking_99               . 	SCC: 0.542749, 	SAM: 0.070513
1175 - playground_10            . 	SCC: 0.429350, 	SAM: 0.026170
1176 - playground_109           . 	SCC: 0.571314, 	SAM: 0.067133
1177 - playground_112           . 	SCC: 0.497541, 	SAM: 0.062807
1178 - playground_117           . 	SCC: 0.504836, 	SAM: 0.053738
1179 - playground_118           . 	SCC: 0.488271, 	SAM: 0.021069
1180 - playground_120           . 	SCC: 0.449409, 	SAM: 0.058198
1181 - playground_129           . 	SCC: 0.494383, 	SAM: 0.056599
1182 - playground_136           . 	SCC: 0.599335, 	SAM: 0.053341
1183 - playground_139           . 	SCC: 0.522884, 	SAM: 0.019821
1184 - playground_140           . 	SCC: 0.538836, 	SAM: 0.047066
1185 - playground_141           . 	SCC: 0.565296, 	SAM: 0.064095
1186 - playground_146           . 	SCC: 0.536088, 	SAM: 0.048627
1187 - playground_149           . 	SCC: 0.477843, 	SAM: 0.138619
1188 - playground_150           . 	SCC: 0.493426, 	SAM: 0.042224
1189 - playground_152           . 	SCC: 0.536671, 	SAM: 0.072493
1190 - playground_157           . 	SCC: 0.417411, 	SAM: 0.075439
1191 - playground_164           . 	SCC: 0.390075, 	SAM: 0.126328
1192 - playground_174           . 	SCC: 0.334091, 	SAM: 0.130401
1193 - playground_175           . 	SCC: 0.449806, 	SAM: 0.084015
1194 - playground_180           . 	SCC: 0.515809, 	SAM: 0.027350
1195 - playground_183           . 	SCC: 0.401755, 	SAM: 0.072651
1196 - playground_186           . 	SCC: 0.482243, 	SAM: 0.060576
1197 - playground_192           . 	SCC: 0.324029, 	SAM: 0.154918
1198 - playground_195           . 	SCC: 0.330501, 	SAM: 0.133484
1199 - playground_196           . 	SCC: 0.431465, 	SAM: 0.140592
1200 - playground_20            . 	SCC: 0.386611, 	SAM: 0.016326
1201 - playground_200           . 	SCC: 0.442754, 	SAM: 0.166766
1202 - playground_201           . 	SCC: 0.384951, 	SAM: 0.091955
1203 - playground_202           . 	SCC: 0.413875, 	SAM: 0.122479
1204 - playground_207           . 	SCC: 0.555739, 	SAM: 0.047276
1205 - playground_208           . 	SCC: 0.460239, 	SAM: 0.054293
1206 - playground_212           . 	SCC: 0.333858, 	SAM: 0.067121
1207 - playground_224           . 	SCC: 0.534215, 	SAM: 0.032932
1208 - playground_23            . 	SCC: 0.384463, 	SAM: 0.016306
1209 - playground_233           . 	SCC: 0.457738, 	SAM: 0.032494
1210 - playground_236           . 	SCC: 0.494093, 	SAM: 0.035139
1211 - playground_238           . 	SCC: 0.453526, 	SAM: 0.030960
1212 - playground_24            . 	SCC: 0.402921, 	SAM: 0.017973
1213 - playground_249           . 	SCC: 0.384456, 	SAM: 0.090880
1214 - playground_253           . 	SCC: 0.528530, 	SAM: 0.040949
1215 - playground_256           . 	SCC: 0.496129, 	SAM: 0.048304
1216 - playground_260           . 	SCC: 0.507229, 	SAM: 0.041719
1217 - playground_266           . 	SCC: 0.432711, 	SAM: 0.057044
1218 - playground_269           . 	SCC: 0.518801, 	SAM: 0.027730
1219 - playground_270           . 	SCC: 0.452958, 	SAM: 0.061014
1220 - playground_277           . 	SCC: 0.453247, 	SAM: 0.018474
1221 - playground_282           . 	SCC: 0.429937, 	SAM: 0.018754
1222 - playground_285           . 	SCC: 0.494451, 	SAM: 0.024287
1223 - playground_292           . 	SCC: 0.487025, 	SAM: 0.067232
1224 - playground_304           . 	SCC: 0.341502, 	SAM: 0.098077
1225 - playground_305           . 	SCC: 0.427719, 	SAM: 0.077879
1226 - playground_310           . 	SCC: 0.407102, 	SAM: 0.142079
1227 - playground_312           . 	SCC: 0.330833, 	SAM: 0.108651
1228 - playground_318           . 	SCC: 0.414146, 	SAM: 0.055210
1229 - playground_323           . 	SCC: 0.490306, 	SAM: 0.047411
1230 - playground_325           . 	SCC: 0.486991, 	SAM: 0.038540
1231 - playground_328           . 	SCC: 0.466637, 	SAM: 0.033313
1232 - playground_331           . 	SCC: 0.469982, 	SAM: 0.055072
1233 - playground_338           . 	SCC: 0.502457, 	SAM: 0.073754
1234 - playground_339           . 	SCC: 0.439015, 	SAM: 0.053601
1235 - playground_348           . 	SCC: 0.469193, 	SAM: 0.034637
1236 - playground_357           . 	SCC: 0.404866, 	SAM: 0.128039
1237 - playground_359           . 	SCC: 0.450585, 	SAM: 0.089355
1238 - playground_369           . 	SCC: 0.425719, 	SAM: 0.102405
1239 - playground_370           . 	SCC: 0.400011, 	SAM: 0.093724
1240 - playground_38            . 	SCC: 0.385107, 	SAM: 0.017986
1241 - playground_58            . 	SCC: 0.512490, 	SAM: 0.073702
1242 - playground_6             . 	SCC: 0.488607, 	SAM: 0.097360
1243 - playground_7             . 	SCC: 0.471899, 	SAM: 0.072072
1244 - playground_73            . 	SCC: 0.484118, 	SAM: 0.039550
1245 - playground_8             . 	SCC: 0.568011, 	SAM: 0.023778
1246 - playground_83            . 	SCC: 0.478401, 	SAM: 0.047988
1247 - playground_85            . 	SCC: 0.348803, 	SAM: 0.053140
1248 - playground_89            . 	SCC: 0.493140, 	SAM: 0.116827
1249 - pond_1                   . 	SCC: 0.365134, 	SAM: 0.062758
1250 - pond_115                 . 	SCC: 0.259009, 	SAM: 0.067779
1251 - pond_119                 . 	SCC: 0.269236, 	SAM: 0.073164
1252 - pond_131                 . 	SCC: 0.348894, 	SAM: 0.061790
1253 - pond_132                 . 	SCC: 0.251073, 	SAM: 0.072495
1254 - pond_134                 . 	SCC: 0.190663, 	SAM: 0.117807
1255 - pond_135                 . 	SCC: 0.282593, 	SAM: 0.132312
1256 - pond_136                 . 	SCC: 0.316091, 	SAM: 0.100986
1257 - pond_146                 . 	SCC: 0.343598, 	SAM: 0.110095
1258 - pond_15                  . 	SCC: 0.484771, 	SAM: 0.049761
1259 - pond_151                 . 	SCC: 0.282787, 	SAM: 0.108721
1260 - pond_152                 . 	SCC: 0.285994, 	SAM: 0.092680
1261 - pond_154                 . 	SCC: 0.316481, 	SAM: 0.131872
1262 - pond_165                 . 	SCC: 0.246566, 	SAM: 0.086612
1263 - pond_170                 . 	SCC: 0.273916, 	SAM: 0.049326
1264 - pond_172                 . 	SCC: 0.172878, 	SAM: 0.088910
1265 - pond_176                 . 	SCC: 0.192136, 	SAM: 0.037709
1266 - pond_178                 . 	SCC: 0.181885, 	SAM: 0.134516
1267 - pond_182                 . 	SCC: 0.237983, 	SAM: 0.062693
1268 - pond_192                 . 	SCC: 0.227057, 	SAM: 0.073718
1269 - pond_193                 . 	SCC: 0.276607, 	SAM: 0.066138
1270 - pond_196                 . 	SCC: 0.384865, 	SAM: 0.065612
1271 - pond_199                 . 	SCC: 0.295202, 	SAM: 0.085139
1272 - pond_20                  . 	SCC: 0.387945, 	SAM: 0.041541
1273 - pond_21                  . 	SCC: 0.335394, 	SAM: 0.035869
1274 - pond_210                 . 	SCC: 0.326176, 	SAM: 0.102760
1275 - pond_211                 . 	SCC: 0.358556, 	SAM: 0.127337
1276 - pond_22                  . 	SCC: 0.437316, 	SAM: 0.037218
1277 - pond_224                 . 	SCC: 0.246142, 	SAM: 0.062774
1278 - pond_229                 . 	SCC: 0.375055, 	SAM: 0.104104
1279 - pond_230                 . 	SCC: 0.340740, 	SAM: 0.057322
1280 - pond_232                 . 	SCC: 0.345048, 	SAM: 0.094301
1281 - pond_242                 . 	SCC: 0.405209, 	SAM: 0.105106
1282 - pond_250                 . 	SCC: 0.234726, 	SAM: 0.069936
1283 - pond_253                 . 	SCC: 0.197734, 	SAM: 0.157471
1284 - pond_254                 . 	SCC: 0.335095, 	SAM: 0.097807
1285 - pond_256                 . 	SCC: 0.237542, 	SAM: 0.074759
1286 - pond_258                 . 	SCC: 0.316240, 	SAM: 0.055512
1287 - pond_270                 . 	SCC: 0.244387, 	SAM: 0.038183
1288 - pond_276                 . 	SCC: 0.223144, 	SAM: 0.029157
1289 - pond_277                 . 	SCC: 0.261724, 	SAM: 0.083301
1290 - pond_278                 . 	SCC: 0.350617, 	SAM: 0.076580
1291 - pond_288                 . 	SCC: 0.262549, 	SAM: 0.068481
1292 - pond_292                 . 	SCC: 0.367444, 	SAM: 0.077698
1293 - pond_296                 . 	SCC: 0.313471, 	SAM: 0.039854
1294 - pond_299                 . 	SCC: 0.307272, 	SAM: 0.161274
1295 - pond_301                 . 	SCC: 0.269909, 	SAM: 0.053236
1296 - pond_302                 . 	SCC: 0.362044, 	SAM: 0.058790
1297 - pond_310                 . 	SCC: 0.322773, 	SAM: 0.044262
1298 - pond_312                 . 	SCC: 0.337720, 	SAM: 0.053302
1299 - pond_317                 . 	SCC: 0.350003, 	SAM: 0.075964
1300 - pond_318                 . 	SCC: 0.341712, 	SAM: 0.059221
1301 - pond_321                 . 	SCC: 0.256120, 	SAM: 0.107351
1302 - pond_329                 . 	SCC: 0.398068, 	SAM: 0.076871
1303 - pond_333                 . 	SCC: 0.312756, 	SAM: 0.081478
1304 - pond_337                 . 	SCC: 0.315258, 	SAM: 0.103396
1305 - pond_338                 . 	SCC: 0.326296, 	SAM: 0.071622
1306 - pond_340                 . 	SCC: 0.295658, 	SAM: 0.073543
1307 - pond_345                 . 	SCC: 0.242203, 	SAM: 0.100519
1308 - pond_346                 . 	SCC: 0.308678, 	SAM: 0.080588
1309 - pond_348                 . 	SCC: 0.312863, 	SAM: 0.126795
1310 - pond_349                 . 	SCC: 0.306057, 	SAM: 0.101287
1311 - pond_35                  . 	SCC: 0.337750, 	SAM: 0.061176
1312 - pond_350                 . 	SCC: 0.257023, 	SAM: 0.083256
1313 - pond_357                 . 	SCC: 0.280574, 	SAM: 0.077332
1314 - pond_360                 . 	SCC: 0.425707, 	SAM: 0.072987
1315 - pond_37                  . 	SCC: 0.325992, 	SAM: 0.098352
1316 - pond_373                 . 	SCC: 0.309976, 	SAM: 0.084548
1317 - pond_378                 . 	SCC: 0.219338, 	SAM: 0.097536
1318 - pond_381                 . 	SCC: 0.221747, 	SAM: 0.081084
1319 - pond_383                 . 	SCC: 0.291592, 	SAM: 0.083681
1320 - pond_391                 . 	SCC: 0.368268, 	SAM: 0.046221
1321 - pond_404                 . 	SCC: 0.312367, 	SAM: 0.100525
1322 - pond_409                 . 	SCC: 0.260467, 	SAM: 0.067960
1323 - pond_44                  . 	SCC: 0.319596, 	SAM: 0.161140
1324 - pond_47                  . 	SCC: 0.277701, 	SAM: 0.103748
1325 - pond_5                   . 	SCC: 0.283513, 	SAM: 0.094243
1326 - pond_56                  . 	SCC: 0.241928, 	SAM: 0.066728
1327 - pond_57                  . 	SCC: 0.330438, 	SAM: 0.060354
1328 - pond_6                   . 	SCC: 0.306483, 	SAM: 0.056604
1329 - pond_71                  . 	SCC: 0.207268, 	SAM: 0.148677
1330 - pond_8                   . 	SCC: 0.365103, 	SAM: 0.026735
1331 - pond_87                  . 	SCC: 0.265471, 	SAM: 0.107925
1332 - pond_92                  . 	SCC: 0.272667, 	SAM: 0.089496
1333 - port_105                 . 	SCC: 0.336754, 	SAM: 0.099762
1334 - port_11                  . 	SCC: 0.441708, 	SAM: 0.073833
1335 - port_114                 . 	SCC: 0.396929, 	SAM: 0.024986
1336 - port_117                 . 	SCC: 0.315943, 	SAM: 0.093082
1337 - port_125                 . 	SCC: 0.319680, 	SAM: 0.058182
1338 - port_134                 . 	SCC: 0.400013, 	SAM: 0.069189
1339 - port_158                 . 	SCC: 0.342973, 	SAM: 0.079748
1340 - port_163                 . 	SCC: 0.327296, 	SAM: 0.050431
1341 - port_171                 . 	SCC: 0.346699, 	SAM: 0.075228
1342 - port_173                 . 	SCC: 0.398339, 	SAM: 0.068886
1343 - port_176                 . 	SCC: 0.316919, 	SAM: 0.067234
1344 - port_177                 . 	SCC: 0.363371, 	SAM: 0.065444
1345 - port_183                 . 	SCC: 0.278099, 	SAM: 0.103198
1346 - port_184                 . 	SCC: 0.425672, 	SAM: 0.126693
1347 - port_186                 . 	SCC: 0.423877, 	SAM: 0.054602
1348 - port_191                 . 	SCC: 0.403259, 	SAM: 0.036280
1349 - port_196                 . 	SCC: 0.320814, 	SAM: 0.077554
1350 - port_199                 . 	SCC: 0.377241, 	SAM: 0.057410
1351 - port_214                 . 	SCC: 0.388854, 	SAM: 0.084437
1352 - port_225                 . 	SCC: 0.361517, 	SAM: 0.112649
1353 - port_227                 . 	SCC: 0.402657, 	SAM: 0.141216
1354 - port_236                 . 	SCC: 0.524380, 	SAM: 0.035347
1355 - port_238                 . 	SCC: 0.417265, 	SAM: 0.153917
1356 - port_242                 . 	SCC: 0.295596, 	SAM: 0.141041
1357 - port_246                 . 	SCC: 0.272721, 	SAM: 0.169570
1358 - port_248                 . 	SCC: 0.300036, 	SAM: 0.104902
1359 - port_25                  . 	SCC: 0.303559, 	SAM: 0.056278
1360 - port_251                 . 	SCC: 0.425795, 	SAM: 0.035827
1361 - port_255                 . 	SCC: 0.374011, 	SAM: 0.157461
1362 - port_26                  . 	SCC: 0.353445, 	SAM: 0.043634
1363 - port_273                 . 	SCC: 0.340350, 	SAM: 0.128740
1364 - port_284                 . 	SCC: 0.408556, 	SAM: 0.057107
1365 - port_286                 . 	SCC: 0.311255, 	SAM: 0.052340
1366 - port_288                 . 	SCC: 0.380393, 	SAM: 0.081312
1367 - port_29                  . 	SCC: 0.406038, 	SAM: 0.068139
1368 - port_292                 . 	SCC: 0.386596, 	SAM: 0.179616
1369 - port_296                 . 	SCC: 0.367971, 	SAM: 0.095436
1370 - port_30                  . 	SCC: 0.296852, 	SAM: 0.055737
1371 - port_301                 . 	SCC: 0.388138, 	SAM: 0.171623
1372 - port_303                 . 	SCC: 0.275777, 	SAM: 0.182146
1373 - port_308                 . 	SCC: 0.349946, 	SAM: 0.089583
1374 - port_31                  . 	SCC: 0.297214, 	SAM: 0.060841
1375 - port_323                 . 	SCC: 0.392252, 	SAM: 0.109558
1376 - port_326                 . 	SCC: 0.349349, 	SAM: 0.170617
1377 - port_328                 . 	SCC: 0.385098, 	SAM: 0.058256
1378 - port_33                  . 	SCC: 0.381190, 	SAM: 0.042249
1379 - port_331                 . 	SCC: 0.395951, 	SAM: 0.081515
1380 - port_334                 . 	SCC: 0.382777, 	SAM: 0.102727
1381 - port_339                 . 	SCC: 0.343207, 	SAM: 0.149925
1382 - port_341                 . 	SCC: 0.476397, 	SAM: 0.111260
1383 - port_344                 . 	SCC: 0.359141, 	SAM: 0.087278
1384 - port_35                  . 	SCC: 0.338601, 	SAM: 0.046921
1385 - port_351                 . 	SCC: 0.336035, 	SAM: 0.150083
1386 - port_352                 . 	SCC: 0.353149, 	SAM: 0.154194
1387 - port_357                 . 	SCC: 0.306584, 	SAM: 0.141696
1388 - port_358                 . 	SCC: 0.317551, 	SAM: 0.169270
1389 - port_361                 . 	SCC: 0.351954, 	SAM: 0.135048
1390 - port_362                 . 	SCC: 0.453985, 	SAM: 0.215294
1391 - port_365                 . 	SCC: 0.401395, 	SAM: 0.135766
1392 - port_370                 . 	SCC: 0.391751, 	SAM: 0.192608
1393 - port_38                  . 	SCC: 0.419820, 	SAM: 0.023593
1394 - port_4                   . 	SCC: 0.302868, 	SAM: 0.090562
1395 - port_42                  . 	SCC: 0.282919, 	SAM: 0.061208
1396 - port_46                  . 	SCC: 0.439750, 	SAM: 0.052770
1397 - port_49                  . 	SCC: 0.328091, 	SAM: 0.085322
1398 - port_54                  . 	SCC: 0.442485, 	SAM: 0.065657
1399 - port_57                  . 	SCC: 0.348200, 	SAM: 0.040952
1400 - port_60                  . 	SCC: 0.364164, 	SAM: 0.037556
1401 - port_62                  . 	SCC: 0.342627, 	SAM: 0.123548
1402 - port_64                  . 	SCC: 0.356685, 	SAM: 0.090757
1403 - port_69                  . 	SCC: 0.294808, 	SAM: 0.117708
1404 - port_75                  . 	SCC: 0.337416, 	SAM: 0.104012
1405 - port_77                  . 	SCC: 0.287419, 	SAM: 0.102631
1406 - port_78                  . 	SCC: 0.283802, 	SAM: 0.149650
1407 - port_8                   . 	SCC: 0.441748, 	SAM: 0.110699
1408 - port_81                  . 	SCC: 0.285540, 	SAM: 0.105571
1409 - railwaystation_10        . 	SCC: 0.493473, 	SAM: 0.046735
1410 - railwaystation_103       . 	SCC: 0.501931, 	SAM: 0.033280
1411 - railwaystation_105       . 	SCC: 0.434056, 	SAM: 0.047023
1412 - railwaystation_11        . 	SCC: 0.504382, 	SAM: 0.040874
1413 - railwaystation_110       . 	SCC: 0.464533, 	SAM: 0.025981
1414 - railwaystation_116       . 	SCC: 0.471225, 	SAM: 0.068494
1415 - railwaystation_117       . 	SCC: 0.406357, 	SAM: 0.081008
1416 - railwaystation_123       . 	SCC: 0.534288, 	SAM: 0.056720
1417 - railwaystation_124       . 	SCC: 0.505597, 	SAM: 0.044830
1418 - railwaystation_126       . 	SCC: 0.483176, 	SAM: 0.028462
1419 - railwaystation_139       . 	SCC: 0.517747, 	SAM: 0.044622
1420 - railwaystation_144       . 	SCC: 0.494548, 	SAM: 0.036908
1421 - railwaystation_157       . 	SCC: 0.510899, 	SAM: 0.024166
1422 - railwaystation_158       . 	SCC: 0.606162, 	SAM: 0.038414
1423 - railwaystation_16        . 	SCC: 0.349408, 	SAM: 0.124576
1424 - railwaystation_171       . 	SCC: 0.600375, 	SAM: 0.043767
1425 - railwaystation_174       . 	SCC: 0.465749, 	SAM: 0.115658
1426 - railwaystation_178       . 	SCC: 0.520053, 	SAM: 0.111008
1427 - railwaystation_18        . 	SCC: 0.360666, 	SAM: 0.157098
1428 - railwaystation_182       . 	SCC: 0.560330, 	SAM: 0.083704
1429 - railwaystation_185       . 	SCC: 0.602883, 	SAM: 0.060797
1430 - railwaystation_193       . 	SCC: 0.573334, 	SAM: 0.051960
1431 - railwaystation_198       . 	SCC: 0.507138, 	SAM: 0.056647
1432 - railwaystation_203       . 	SCC: 0.380652, 	SAM: 0.082589
1433 - railwaystation_212       . 	SCC: 0.479058, 	SAM: 0.039610
1434 - railwaystation_214       . 	SCC: 0.514801, 	SAM: 0.089709
1435 - railwaystation_215       . 	SCC: 0.462526, 	SAM: 0.082122
1436 - railwaystation_218       . 	SCC: 0.414396, 	SAM: 0.039126
1437 - railwaystation_224       . 	SCC: 0.497370, 	SAM: 0.057509
1438 - railwaystation_226       . 	SCC: 0.593199, 	SAM: 0.080499
1439 - railwaystation_227       . 	SCC: 0.564927, 	SAM: 0.045199
1440 - railwaystation_23        . 	SCC: 0.484832, 	SAM: 0.027654
1441 - railwaystation_233       . 	SCC: 0.385144, 	SAM: 0.110993
1442 - railwaystation_234       . 	SCC: 0.469698, 	SAM: 0.037516
1443 - railwaystation_239       . 	SCC: 0.605442, 	SAM: 0.101411
1444 - railwaystation_240       . 	SCC: 0.485331, 	SAM: 0.027710
1445 - railwaystation_241       . 	SCC: 0.574160, 	SAM: 0.042752
1446 - railwaystation_248       . 	SCC: 0.524197, 	SAM: 0.035310
1447 - railwaystation_25        . 	SCC: 0.394400, 	SAM: 0.079220
1448 - railwaystation_253       . 	SCC: 0.404313, 	SAM: 0.175057
1449 - railwaystation_255       . 	SCC: 0.362646, 	SAM: 0.206427
1450 - railwaystation_29        . 	SCC: 0.434904, 	SAM: 0.084524
1451 - railwaystation_31        . 	SCC: 0.459636, 	SAM: 0.041955
1452 - railwaystation_44        . 	SCC: 0.405494, 	SAM: 0.135285
1453 - railwaystation_57        . 	SCC: 0.432721, 	SAM: 0.136782
1454 - railwaystation_64        . 	SCC: 0.437744, 	SAM: 0.096745
1455 - railwaystation_7         . 	SCC: 0.391283, 	SAM: 0.114407
1456 - railwaystation_75        . 	SCC: 0.448886, 	SAM: 0.049929
1457 - railwaystation_8         . 	SCC: 0.449403, 	SAM: 0.056096
1458 - railwaystation_93        . 	SCC: 0.345903, 	SAM: 0.076101
1459 - railwaystation_94        . 	SCC: 0.454355, 	SAM: 0.061300
1460 - railwaystation_96        . 	SCC: 0.443870, 	SAM: 0.067966
1461 - resort_105               . 	SCC: 0.416765, 	SAM: 0.014484
1462 - resort_111               . 	SCC: 0.467410, 	SAM: 0.018939
1463 - resort_115               . 	SCC: 0.412906, 	SAM: 0.039137
1464 - resort_120               . 	SCC: 0.529035, 	SAM: 0.026007
1465 - resort_123               . 	SCC: 0.450849, 	SAM: 0.024526
1466 - resort_134               . 	SCC: 0.354923, 	SAM: 0.082071
1467 - resort_142               . 	SCC: 0.339405, 	SAM: 0.128446
1468 - resort_143               . 	SCC: 0.347811, 	SAM: 0.139383
1469 - resort_149               . 	SCC: 0.464715, 	SAM: 0.094266
1470 - resort_15                . 	SCC: 0.441548, 	SAM: 0.091403
1471 - resort_154               . 	SCC: 0.419963, 	SAM: 0.117842
1472 - resort_156               . 	SCC: 0.379761, 	SAM: 0.116331
1473 - resort_16                . 	SCC: 0.409225, 	SAM: 0.085695
1474 - resort_160               . 	SCC: 0.405193, 	SAM: 0.173682
1475 - resort_167               . 	SCC: 0.315659, 	SAM: 0.187303
1476 - resort_168               . 	SCC: 0.426542, 	SAM: 0.066933
1477 - resort_17                . 	SCC: 0.324532, 	SAM: 0.093433
1478 - resort_179               . 	SCC: 0.425129, 	SAM: 0.083340
1479 - resort_185               . 	SCC: 0.478663, 	SAM: 0.021102
1480 - resort_190               . 	SCC: 0.453116, 	SAM: 0.060229
1481 - resort_199               . 	SCC: 0.529350, 	SAM: 0.039702
1482 - resort_208               . 	SCC: 0.519794, 	SAM: 0.042240
1483 - resort_214               . 	SCC: 0.463396, 	SAM: 0.040918
1484 - resort_22                . 	SCC: 0.543993, 	SAM: 0.089639
1485 - resort_223               . 	SCC: 0.569744, 	SAM: 0.051901
1486 - resort_226               . 	SCC: 0.336437, 	SAM: 0.056228
1487 - resort_232               . 	SCC: 0.469318, 	SAM: 0.028769
1488 - resort_234               . 	SCC: 0.459881, 	SAM: 0.072452
1489 - resort_240               . 	SCC: 0.559628, 	SAM: 0.033009
1490 - resort_243               . 	SCC: 0.461193, 	SAM: 0.063842
1491 - resort_252               . 	SCC: 0.467523, 	SAM: 0.032093
1492 - resort_253               . 	SCC: 0.528016, 	SAM: 0.033748
1493 - resort_255               . 	SCC: 0.482925, 	SAM: 0.059261
1494 - resort_26                . 	SCC: 0.333967, 	SAM: 0.081751
1495 - resort_266               . 	SCC: 0.399595, 	SAM: 0.070504
1496 - resort_272               . 	SCC: 0.501645, 	SAM: 0.033949
1497 - resort_273               . 	SCC: 0.444587, 	SAM: 0.056112
1498 - resort_276               . 	SCC: 0.510617, 	SAM: 0.024567
1499 - resort_285               . 	SCC: 0.449642, 	SAM: 0.019190
1500 - resort_287               . 	SCC: 0.567659, 	SAM: 0.027490
1501 - resort_38                . 	SCC: 0.339609, 	SAM: 0.115013
1502 - resort_4                 . 	SCC: 0.428188, 	SAM: 0.119887
1503 - resort_47                . 	SCC: 0.395714, 	SAM: 0.108561
1504 - resort_51                . 	SCC: 0.396952, 	SAM: 0.123448
1505 - resort_53                . 	SCC: 0.378122, 	SAM: 0.107620
1506 - resort_62                . 	SCC: 0.377173, 	SAM: 0.119878
1507 - resort_64                . 	SCC: 0.394557, 	SAM: 0.123747
1508 - resort_65                . 	SCC: 0.363908, 	SAM: 0.121320
1509 - resort_7                 . 	SCC: 0.459261, 	SAM: 0.081815
1510 - resort_71                . 	SCC: 0.270719, 	SAM: 0.130166
1511 - resort_81                . 	SCC: 0.375235, 	SAM: 0.094614
1512 - resort_88                . 	SCC: 0.396235, 	SAM: 0.121662
1513 - resort_89                . 	SCC: 0.391400, 	SAM: 0.101155
1514 - resort_92                . 	SCC: 0.447976, 	SAM: 0.071779
1515 - resort_93                . 	SCC: 0.358593, 	SAM: 0.121363
1516 - resort_94                . 	SCC: 0.378199, 	SAM: 0.103563
1517 - resort_95                . 	SCC: 0.368734, 	SAM: 0.108749
1518 - resort_97                . 	SCC: 0.367224, 	SAM: 0.094463
1519 - river_105                . 	SCC: 0.405859, 	SAM: 0.045193
1520 - river_112                . 	SCC: 0.255135, 	SAM: 0.104787
1521 - river_118                . 	SCC: 0.351277, 	SAM: 0.081352
1522 - river_121                . 	SCC: 0.341751, 	SAM: 0.084089
1523 - river_123                . 	SCC: 0.435616, 	SAM: 0.059632
1524 - river_126                . 	SCC: 0.390005, 	SAM: 0.078605
1525 - river_127                . 	SCC: 0.428048, 	SAM: 0.049482
1526 - river_135                . 	SCC: 0.307362, 	SAM: 0.077483
1527 - river_137                . 	SCC: 0.366809, 	SAM: 0.052541
1528 - river_141                . 	SCC: 0.305656, 	SAM: 0.049458
1529 - river_16                 . 	SCC: 0.414598, 	SAM: 0.059166
1530 - river_163                . 	SCC: 0.318667, 	SAM: 0.037985
1531 - river_165                . 	SCC: 0.353137, 	SAM: 0.060663
1532 - river_171                . 	SCC: 0.285705, 	SAM: 0.069856
1533 - river_173                . 	SCC: 0.287769, 	SAM: 0.092827
1534 - river_175                . 	SCC: 0.293778, 	SAM: 0.108809
1535 - river_180                . 	SCC: 0.412807, 	SAM: 0.043269
1536 - river_181                . 	SCC: 0.378955, 	SAM: 0.042713
1537 - river_184                . 	SCC: 0.286263, 	SAM: 0.057594
1538 - river_187                . 	SCC: 0.304932, 	SAM: 0.060673
1539 - river_19                 . 	SCC: 0.382067, 	SAM: 0.076463
1540 - river_190                . 	SCC: 0.341119, 	SAM: 0.070920
1541 - river_191                . 	SCC: 0.309735, 	SAM: 0.090774
1542 - river_201                . 	SCC: 0.297186, 	SAM: 0.113730
1543 - river_220                . 	SCC: 0.301499, 	SAM: 0.082749
1544 - river_237                . 	SCC: 0.255480, 	SAM: 0.082231
1545 - river_239                . 	SCC: 0.264112, 	SAM: 0.130030
1546 - river_240                . 	SCC: 0.293077, 	SAM: 0.081462
1547 - river_245                . 	SCC: 0.263302, 	SAM: 0.067033
1548 - river_249                . 	SCC: 0.234659, 	SAM: 0.124208
1549 - river_25                 . 	SCC: 0.313554, 	SAM: 0.066578
1550 - river_256                . 	SCC: 0.259571, 	SAM: 0.059223
1551 - river_257                . 	SCC: 0.370426, 	SAM: 0.036189
1552 - river_264                . 	SCC: 0.463502, 	SAM: 0.069526
1553 - river_267                . 	SCC: 0.471002, 	SAM: 0.050264
1554 - river_27                 . 	SCC: 0.365992, 	SAM: 0.074949
1555 - river_271                . 	SCC: 0.332936, 	SAM: 0.125345
1556 - river_274                . 	SCC: 0.399515, 	SAM: 0.053121
1557 - river_276                . 	SCC: 0.426255, 	SAM: 0.082616
1558 - river_279                . 	SCC: 0.400230, 	SAM: 0.130596
1559 - river_285                . 	SCC: 0.417254, 	SAM: 0.101592
1560 - river_292                . 	SCC: 0.502657, 	SAM: 0.036880
1561 - river_296                . 	SCC: 0.387504, 	SAM: 0.033863
1562 - river_301                . 	SCC: 0.338349, 	SAM: 0.074162
1563 - river_304                . 	SCC: 0.460655, 	SAM: 0.088712
1564 - river_31                 . 	SCC: 0.324396, 	SAM: 0.055877
1565 - river_312                . 	SCC: 0.311504, 	SAM: 0.045504
1566 - river_32                 . 	SCC: 0.273915, 	SAM: 0.064662
1567 - river_324                . 	SCC: 0.404059, 	SAM: 0.035603
1568 - river_328                . 	SCC: 0.382645, 	SAM: 0.055677
1569 - river_336                . 	SCC: 0.342308, 	SAM: 0.019347
1570 - river_340                . 	SCC: 0.301588, 	SAM: 0.091167
1571 - river_341                . 	SCC: 0.312603, 	SAM: 0.035235
1572 - river_347                . 	SCC: 0.353341, 	SAM: 0.042237
1573 - river_349                . 	SCC: 0.301611, 	SAM: 0.037716
1574 - river_358                . 	SCC: 0.307054, 	SAM: 0.098046
1575 - river_36                 . 	SCC: 0.477991, 	SAM: 0.048222
1576 - river_362                . 	SCC: 0.347800, 	SAM: 0.073090
1577 - river_367                . 	SCC: 0.326957, 	SAM: 0.065801
1578 - river_368                . 	SCC: 0.465401, 	SAM: 0.070800
1579 - river_370                . 	SCC: 0.304887, 	SAM: 0.075372
1580 - river_377                . 	SCC: 0.264259, 	SAM: 0.103304
1581 - river_380                . 	SCC: 0.380520, 	SAM: 0.054265
1582 - river_382                . 	SCC: 0.399440, 	SAM: 0.122517
1583 - river_384                . 	SCC: 0.390139, 	SAM: 0.055339
1584 - river_387                . 	SCC: 0.305595, 	SAM: 0.077766
1585 - river_395                . 	SCC: 0.222050, 	SAM: 0.250887
1586 - river_399                . 	SCC: 0.183725, 	SAM: 0.128381
1587 - river_406                . 	SCC: 0.205902, 	SAM: 0.144397
1588 - river_41                 . 	SCC: 0.348928, 	SAM: 0.059649
1589 - river_43                 . 	SCC: 0.298125, 	SAM: 0.060643
1590 - river_44                 . 	SCC: 0.292525, 	SAM: 0.068397
1591 - river_45                 . 	SCC: 0.379502, 	SAM: 0.087183
1592 - river_51                 . 	SCC: 0.363904, 	SAM: 0.073182
1593 - river_52                 . 	SCC: 0.429027, 	SAM: 0.085622
1594 - river_53                 . 	SCC: 0.394472, 	SAM: 0.061172
1595 - river_71                 . 	SCC: 0.394456, 	SAM: 0.049011
1596 - river_73                 . 	SCC: 0.350519, 	SAM: 0.047035
1597 - river_77                 . 	SCC: 0.401395, 	SAM: 0.073218
1598 - river_82                 . 	SCC: 0.373597, 	SAM: 0.020588
1599 - river_94                 . 	SCC: 0.374226, 	SAM: 0.085284
1600 - river_97                 . 	SCC: 0.374945, 	SAM: 0.062169
1601 - school_10                . 	SCC: 0.523949, 	SAM: 0.091977
1602 - school_101               . 	SCC: 0.531701, 	SAM: 0.103730
1603 - school_108               . 	SCC: 0.512755, 	SAM: 0.052648
1604 - school_111               . 	SCC: 0.512811, 	SAM: 0.089312
1605 - school_119               . 	SCC: 0.367622, 	SAM: 0.120369
1606 - school_121               . 	SCC: 0.473648, 	SAM: 0.043756
1607 - school_122               . 	SCC: 0.482060, 	SAM: 0.045909
1608 - school_125               . 	SCC: 0.419768, 	SAM: 0.035622
1609 - school_135               . 	SCC: 0.408287, 	SAM: 0.136088
1610 - school_14                . 	SCC: 0.547954, 	SAM: 0.083425
1611 - school_145               . 	SCC: 0.485939, 	SAM: 0.086427
1612 - school_147               . 	SCC: 0.492424, 	SAM: 0.025483
1613 - school_149               . 	SCC: 0.382099, 	SAM: 0.139286
1614 - school_158               . 	SCC: 0.376170, 	SAM: 0.130490
1615 - school_164               . 	SCC: 0.312849, 	SAM: 0.067158
1616 - school_170               . 	SCC: 0.393281, 	SAM: 0.136277
1617 - school_173               . 	SCC: 0.360452, 	SAM: 0.109146
1618 - school_191               . 	SCC: 0.446320, 	SAM: 0.102287
1619 - school_195               . 	SCC: 0.330204, 	SAM: 0.116117
1620 - school_200               . 	SCC: 0.413247, 	SAM: 0.125756
1621 - school_202               . 	SCC: 0.485051, 	SAM: 0.126118
1622 - school_205               . 	SCC: 0.454138, 	SAM: 0.076385
1623 - school_208               . 	SCC: 0.431146, 	SAM: 0.112326
1624 - school_216               . 	SCC: 0.500548, 	SAM: 0.071963
1625 - school_217               . 	SCC: 0.456192, 	SAM: 0.102441
1626 - school_223               . 	SCC: 0.417944, 	SAM: 0.098257
1627 - school_224               . 	SCC: 0.439902, 	SAM: 0.026053
1628 - school_226               . 	SCC: 0.446872, 	SAM: 0.093705
1629 - school_228               . 	SCC: 0.530717, 	SAM: 0.059416
1630 - school_229               . 	SCC: 0.491922, 	SAM: 0.076790
1631 - school_237               . 	SCC: 0.508027, 	SAM: 0.051690
1632 - school_238               . 	SCC: 0.467599, 	SAM: 0.089521
1633 - school_242               . 	SCC: 0.400650, 	SAM: 0.132718
1634 - school_244               . 	SCC: 0.397349, 	SAM: 0.133641
1635 - school_245               . 	SCC: 0.373816, 	SAM: 0.115437
1636 - school_247               . 	SCC: 0.399976, 	SAM: 0.153215
1637 - school_249               . 	SCC: 0.418211, 	SAM: 0.143486
1638 - school_252               . 	SCC: 0.395063, 	SAM: 0.143488
1639 - school_265               . 	SCC: 0.409208, 	SAM: 0.093010
1640 - school_267               . 	SCC: 0.393333, 	SAM: 0.113799
1641 - school_27                . 	SCC: 0.555250, 	SAM: 0.071330
1642 - school_272               . 	SCC: 0.483386, 	SAM: 0.138808
1643 - school_284               . 	SCC: 0.565347, 	SAM: 0.041850
1644 - school_290               . 	SCC: 0.444595, 	SAM: 0.060404
1645 - school_3                 . 	SCC: 0.531032, 	SAM: 0.093595
1646 - school_32                . 	SCC: 0.554302, 	SAM: 0.087489
1647 - school_46                . 	SCC: 0.567059, 	SAM: 0.083020
1648 - school_51                . 	SCC: 0.515838, 	SAM: 0.084726
1649 - school_53                . 	SCC: 0.577599, 	SAM: 0.078632
1650 - school_56                . 	SCC: 0.527847, 	SAM: 0.084288
1651 - school_6                 . 	SCC: 0.476619, 	SAM: 0.156609
1652 - school_60                . 	SCC: 0.610642, 	SAM: 0.080377
1653 - school_61                . 	SCC: 0.565766, 	SAM: 0.044852
1654 - school_65                . 	SCC: 0.565531, 	SAM: 0.084904
1655 - school_68                . 	SCC: 0.578907, 	SAM: 0.025458
1656 - school_70                . 	SCC: 0.530273, 	SAM: 0.106182
1657 - school_72                . 	SCC: 0.535841, 	SAM: 0.087059
1658 - school_80                . 	SCC: 0.575117, 	SAM: 0.043747
1659 - school_90                . 	SCC: 0.494187, 	SAM: 0.102515
1660 - school_95                . 	SCC: 0.532614, 	SAM: 0.094159
1661 - sparseresidential_1      . 	SCC: 0.244186, 	SAM: 0.098822
1662 - sparseresidential_101    . 	SCC: 0.362137, 	SAM: 0.174632
1663 - sparseresidential_123    . 	SCC: 0.383953, 	SAM: 0.103953
1664 - sparseresidential_126    . 	SCC: 0.410262, 	SAM: 0.098004
1665 - sparseresidential_129    . 	SCC: 0.389815, 	SAM: 0.071187
1666 - sparseresidential_139    . 	SCC: 0.400086, 	SAM: 0.077782
1667 - sparseresidential_141    . 	SCC: 0.320103, 	SAM: 0.123816
1668 - sparseresidential_150    . 	SCC: 0.422632, 	SAM: 0.123419
1669 - sparseresidential_153    . 	SCC: 0.446986, 	SAM: 0.115477
1670 - sparseresidential_154    . 	SCC: 0.422778, 	SAM: 0.179371
1671 - sparseresidential_157    . 	SCC: 0.235942, 	SAM: 0.169398
1672 - sparseresidential_159    . 	SCC: 0.272892, 	SAM: 0.177243
1673 - sparseresidential_168    . 	SCC: 0.267075, 	SAM: 0.170155
1674 - sparseresidential_169    . 	SCC: 0.305476, 	SAM: 0.128357
1675 - sparseresidential_170    . 	SCC: 0.511828, 	SAM: 0.057827
1676 - sparseresidential_171    . 	SCC: 0.289845, 	SAM: 0.108940
1677 - sparseresidential_174    . 	SCC: 0.401350, 	SAM: 0.167270
1678 - sparseresidential_179    . 	SCC: 0.285911, 	SAM: 0.137729
1679 - sparseresidential_18     . 	SCC: 0.295655, 	SAM: 0.127401
1680 - sparseresidential_181    . 	SCC: 0.343605, 	SAM: 0.150935
1681 - sparseresidential_19     . 	SCC: 0.278211, 	SAM: 0.153548
1682 - sparseresidential_192    . 	SCC: 0.399232, 	SAM: 0.193825
1683 - sparseresidential_194    . 	SCC: 0.306751, 	SAM: 0.127600
1684 - sparseresidential_219    . 	SCC: 0.341223, 	SAM: 0.241340
1685 - sparseresidential_228    . 	SCC: 0.330732, 	SAM: 0.143112
1686 - sparseresidential_229    . 	SCC: 0.338691, 	SAM: 0.171164
1687 - sparseresidential_23     . 	SCC: 0.353864, 	SAM: 0.131372
1688 - sparseresidential_234    . 	SCC: 0.406236, 	SAM: 0.204223
1689 - sparseresidential_237    . 	SCC: 0.366993, 	SAM: 0.205053
1690 - sparseresidential_239    . 	SCC: 0.378019, 	SAM: 0.159010
1691 - sparseresidential_24     . 	SCC: 0.381552, 	SAM: 0.143379
1692 - sparseresidential_240    . 	SCC: 0.369882, 	SAM: 0.173884
1693 - sparseresidential_241    . 	SCC: 0.440048, 	SAM: 0.158862
1694 - sparseresidential_243    . 	SCC: 0.397865, 	SAM: 0.198477
1695 - sparseresidential_25     . 	SCC: 0.378905, 	SAM: 0.116702
1696 - sparseresidential_256    . 	SCC: 0.408553, 	SAM: 0.111492
1697 - sparseresidential_258    . 	SCC: 0.355662, 	SAM: 0.146672
1698 - sparseresidential_26     . 	SCC: 0.335905, 	SAM: 0.172567
1699 - sparseresidential_260    . 	SCC: 0.355509, 	SAM: 0.219208
1700 - sparseresidential_267    . 	SCC: 0.452264, 	SAM: 0.155167
1701 - sparseresidential_275    . 	SCC: 0.341330, 	SAM: 0.117685
1702 - sparseresidential_287    . 	SCC: 0.457395, 	SAM: 0.108995
1703 - sparseresidential_29     . 	SCC: 0.357041, 	SAM: 0.138315
1704 - sparseresidential_294    . 	SCC: 0.393941, 	SAM: 0.118407
1705 - sparseresidential_3      . 	SCC: 0.276057, 	SAM: 0.132544
1706 - sparseresidential_32     . 	SCC: 0.414328, 	SAM: 0.136062
1707 - sparseresidential_4      . 	SCC: 0.406402, 	SAM: 0.131060
1708 - sparseresidential_41     . 	SCC: 0.407747, 	SAM: 0.167239
1709 - sparseresidential_43     . 	SCC: 0.441647, 	SAM: 0.103199
1710 - sparseresidential_51     . 	SCC: 0.330824, 	SAM: 0.130917
1711 - sparseresidential_55     . 	SCC: 0.342743, 	SAM: 0.177518
1712 - sparseresidential_56     . 	SCC: 0.386838, 	SAM: 0.235551
1713 - sparseresidential_57     . 	SCC: 0.445111, 	SAM: 0.155050
1714 - sparseresidential_6      . 	SCC: 0.325461, 	SAM: 0.103718
1715 - sparseresidential_64     . 	SCC: 0.369179, 	SAM: 0.112295
1716 - sparseresidential_72     . 	SCC: 0.380602, 	SAM: 0.080908
1717 - sparseresidential_75     . 	SCC: 0.384918, 	SAM: 0.157773
1718 - sparseresidential_76     . 	SCC: 0.388246, 	SAM: 0.095093
1719 - sparseresidential_82     . 	SCC: 0.358532, 	SAM: 0.170094
1720 - sparseresidential_95     . 	SCC: 0.416983, 	SAM: 0.105108
1721 - square_1                 . 	SCC: 0.413582, 	SAM: 0.017248
1722 - square_101               . 	SCC: 0.401935, 	SAM: 0.107919
1723 - square_104               . 	SCC: 0.522635, 	SAM: 0.075845
1724 - square_106               . 	SCC: 0.534322, 	SAM: 0.033252
1725 - square_107               . 	SCC: 0.446808, 	SAM: 0.027202
1726 - square_117               . 	SCC: 0.397716, 	SAM: 0.011326
1727 - square_119               . 	SCC: 0.456812, 	SAM: 0.018210
1728 - square_124               . 	SCC: 0.466993, 	SAM: 0.069105
1729 - square_130               . 	SCC: 0.504555, 	SAM: 0.048249
1730 - square_132               . 	SCC: 0.547878, 	SAM: 0.038269
1731 - square_135               . 	SCC: 0.488925, 	SAM: 0.024282
1732 - square_136               . 	SCC: 0.532172, 	SAM: 0.046380
1733 - square_138               . 	SCC: 0.575500, 	SAM: 0.046328
1734 - square_141               . 	SCC: 0.456140, 	SAM: 0.016736
1735 - square_142               . 	SCC: 0.571078, 	SAM: 0.041267
1736 - square_16                . 	SCC: 0.389756, 	SAM: 0.120915
1737 - square_164               . 	SCC: 0.452228, 	SAM: 0.049273
1738 - square_166               . 	SCC: 0.497774, 	SAM: 0.102236
1739 - square_169               . 	SCC: 0.545889, 	SAM: 0.068294
1740 - square_17                . 	SCC: 0.531727, 	SAM: 0.067607
1741 - square_174               . 	SCC: 0.534350, 	SAM: 0.082473
1742 - square_177               . 	SCC: 0.472402, 	SAM: 0.084783
1743 - square_18                . 	SCC: 0.338132, 	SAM: 0.140165
1744 - square_180               . 	SCC: 0.424496, 	SAM: 0.104814
1745 - square_191               . 	SCC: 0.505024, 	SAM: 0.041294
1746 - square_194               . 	SCC: 0.466391, 	SAM: 0.112416
1747 - square_20                . 	SCC: 0.326437, 	SAM: 0.100727
1748 - square_201               . 	SCC: 0.452494, 	SAM: 0.054122
1749 - square_209               . 	SCC: 0.573181, 	SAM: 0.054537
1750 - square_210               . 	SCC: 0.573685, 	SAM: 0.059371
1751 - square_214               . 	SCC: 0.448734, 	SAM: 0.032927
1752 - square_220               . 	SCC: 0.561219, 	SAM: 0.037123
1753 - square_226               . 	SCC: 0.467091, 	SAM: 0.055199
1754 - square_235               . 	SCC: 0.424392, 	SAM: 0.090864
1755 - square_237               . 	SCC: 0.403893, 	SAM: 0.135708
1756 - square_245               . 	SCC: 0.525116, 	SAM: 0.112264
1757 - square_249               . 	SCC: 0.336974, 	SAM: 0.140361
1758 - square_250               . 	SCC: 0.378901, 	SAM: 0.170001
1759 - square_252               . 	SCC: 0.439585, 	SAM: 0.097556
1760 - square_255               . 	SCC: 0.508484, 	SAM: 0.051398
1761 - square_257               . 	SCC: 0.457207, 	SAM: 0.072013
1762 - square_259               . 	SCC: 0.341596, 	SAM: 0.139755
1763 - square_26                . 	SCC: 0.380967, 	SAM: 0.138800
1764 - square_268               . 	SCC: 0.450461, 	SAM: 0.187650
1765 - square_271               . 	SCC: 0.458453, 	SAM: 0.097917
1766 - square_273               . 	SCC: 0.471819, 	SAM: 0.031473
1767 - square_278               . 	SCC: 0.416759, 	SAM: 0.015613
1768 - square_279               . 	SCC: 0.377653, 	SAM: 0.017656
1769 - square_281               . 	SCC: 0.458604, 	SAM: 0.016791
1770 - square_288               . 	SCC: 0.506651, 	SAM: 0.112533
1771 - square_305               . 	SCC: 0.472610, 	SAM: 0.162844
1772 - square_310               . 	SCC: 0.491882, 	SAM: 0.129871
1773 - square_314               . 	SCC: 0.343636, 	SAM: 0.045801
1774 - square_324               . 	SCC: 0.522255, 	SAM: 0.068253
1775 - square_325               . 	SCC: 0.460545, 	SAM: 0.063552
1776 - square_328               . 	SCC: 0.316480, 	SAM: 0.169096
1777 - square_330               . 	SCC: 0.426830, 	SAM: 0.065591
1778 - square_34                . 	SCC: 0.477852, 	SAM: 0.022713
1779 - square_43                . 	SCC: 0.518957, 	SAM: 0.075405
1780 - square_44                . 	SCC: 0.482434, 	SAM: 0.057166
1781 - square_52                . 	SCC: 0.406934, 	SAM: 0.022215
1782 - square_71                . 	SCC: 0.414649, 	SAM: 0.014450
1783 - square_73                . 	SCC: 0.402684, 	SAM: 0.014706
1784 - square_82                . 	SCC: 0.516896, 	SAM: 0.055529
1785 - square_90                . 	SCC: 0.442938, 	SAM: 0.092237
1786 - square_98                . 	SCC: 0.439982, 	SAM: 0.123992
1787 - stadium_1                . 	SCC: 0.397359, 	SAM: 0.079108
1788 - stadium_103              . 	SCC: 0.434149, 	SAM: 0.081335
1789 - stadium_108              . 	SCC: 0.512822, 	SAM: 0.064343
1790 - stadium_11               . 	SCC: 0.464563, 	SAM: 0.037255
1791 - stadium_112              . 	SCC: 0.487527, 	SAM: 0.106831
1792 - stadium_12               . 	SCC: 0.479228, 	SAM: 0.019656
1793 - stadium_122              . 	SCC: 0.402570, 	SAM: 0.065777
1794 - stadium_132              . 	SCC: 0.375407, 	SAM: 0.065059
1795 - stadium_134              . 	SCC: 0.379594, 	SAM: 0.058512
1796 - stadium_136              . 	SCC: 0.480573, 	SAM: 0.052356
1797 - stadium_138              . 	SCC: 0.537337, 	SAM: 0.035159
1798 - stadium_139              . 	SCC: 0.475671, 	SAM: 0.051658
1799 - stadium_145              . 	SCC: 0.454916, 	SAM: 0.081232
1800 - stadium_153              . 	SCC: 0.422731, 	SAM: 0.070323
1801 - stadium_154              . 	SCC: 0.456863, 	SAM: 0.068873
1802 - stadium_161              . 	SCC: 0.424477, 	SAM: 0.044857
1803 - stadium_162              . 	SCC: 0.498304, 	SAM: 0.059972
1804 - stadium_163              . 	SCC: 0.465578, 	SAM: 0.065362
1805 - stadium_164              . 	SCC: 0.383834, 	SAM: 0.083748
1806 - stadium_173              . 	SCC: 0.436763, 	SAM: 0.050577
1807 - stadium_175              . 	SCC: 0.418653, 	SAM: 0.074027
1808 - stadium_178              . 	SCC: 0.459488, 	SAM: 0.040028
1809 - stadium_18               . 	SCC: 0.418186, 	SAM: 0.053342
1810 - stadium_187              . 	SCC: 0.406926, 	SAM: 0.124760
1811 - stadium_189              . 	SCC: 0.447993, 	SAM: 0.042650
1812 - stadium_196              . 	SCC: 0.417185, 	SAM: 0.117338
1813 - stadium_197              . 	SCC: 0.399941, 	SAM: 0.050141
1814 - stadium_199              . 	SCC: 0.361101, 	SAM: 0.049114
1815 - stadium_200              . 	SCC: 0.508257, 	SAM: 0.034550
1816 - stadium_206              . 	SCC: 0.403574, 	SAM: 0.083866
1817 - stadium_217              . 	SCC: 0.379340, 	SAM: 0.038367
1818 - stadium_218              . 	SCC: 0.497358, 	SAM: 0.032714
1819 - stadium_224              . 	SCC: 0.419240, 	SAM: 0.053519
1820 - stadium_23               . 	SCC: 0.475235, 	SAM: 0.050890
1821 - stadium_230              . 	SCC: 0.304945, 	SAM: 0.130737
1822 - stadium_235              . 	SCC: 0.405497, 	SAM: 0.132004
1823 - stadium_238              . 	SCC: 0.395154, 	SAM: 0.106610
1824 - stadium_239              . 	SCC: 0.396246, 	SAM: 0.118034
1825 - stadium_242              . 	SCC: 0.526313, 	SAM: 0.026383
1826 - stadium_244              . 	SCC: 0.409576, 	SAM: 0.114740
1827 - stadium_245              . 	SCC: 0.392350, 	SAM: 0.138086
1828 - stadium_248              . 	SCC: 0.408228, 	SAM: 0.153078
1829 - stadium_249              . 	SCC: 0.396296, 	SAM: 0.159755
1830 - stadium_257              . 	SCC: 0.329697, 	SAM: 0.212203
1831 - stadium_262              . 	SCC: 0.391445, 	SAM: 0.124020
1832 - stadium_263              . 	SCC: 0.351846, 	SAM: 0.134789
1833 - stadium_264              . 	SCC: 0.404857, 	SAM: 0.102295
1834 - stadium_265              . 	SCC: 0.387566, 	SAM: 0.149351
1835 - stadium_43               . 	SCC: 0.493262, 	SAM: 0.029008
1836 - stadium_47               . 	SCC: 0.466075, 	SAM: 0.066893
1837 - stadium_5                . 	SCC: 0.454713, 	SAM: 0.040507
1838 - stadium_53               . 	SCC: 0.500596, 	SAM: 0.043554
1839 - stadium_63               . 	SCC: 0.456706, 	SAM: 0.059110
1840 - stadium_72               . 	SCC: 0.461772, 	SAM: 0.068618
1841 - stadium_87               . 	SCC: 0.516137, 	SAM: 0.064695
1842 - stadium_93               . 	SCC: 0.540479, 	SAM: 0.038520
1843 - stadium_97               . 	SCC: 0.413706, 	SAM: 0.131256
1844 - stadium_99               . 	SCC: 0.357908, 	SAM: 0.129985
1845 - storagetanks_10          . 	SCC: 0.440789, 	SAM: 0.095080
1846 - storagetanks_108         . 	SCC: 0.381210, 	SAM: 0.117072
1847 - storagetanks_110         . 	SCC: 0.430664, 	SAM: 0.101744
1848 - storagetanks_114         . 	SCC: 0.381704, 	SAM: 0.118353
1849 - storagetanks_115         . 	SCC: 0.380606, 	SAM: 0.071056
1850 - storagetanks_120         . 	SCC: 0.419069, 	SAM: 0.085575
1851 - storagetanks_130         . 	SCC: 0.409815, 	SAM: 0.118746
1852 - storagetanks_134         . 	SCC: 0.316500, 	SAM: 0.095271
1853 - storagetanks_138         . 	SCC: 0.312171, 	SAM: 0.098590
1854 - storagetanks_152         . 	SCC: 0.375881, 	SAM: 0.130213
1855 - storagetanks_156         . 	SCC: 0.377754, 	SAM: 0.085934
1856 - storagetanks_158         . 	SCC: 0.340861, 	SAM: 0.084993
1857 - storagetanks_167         . 	SCC: 0.372172, 	SAM: 0.080855
1858 - storagetanks_172         . 	SCC: 0.367834, 	SAM: 0.062301
1859 - storagetanks_18          . 	SCC: 0.363584, 	SAM: 0.060505
1860 - storagetanks_188         . 	SCC: 0.427985, 	SAM: 0.056694
1861 - storagetanks_190         . 	SCC: 0.313943, 	SAM: 0.106981
1862 - storagetanks_193         . 	SCC: 0.400091, 	SAM: 0.080620
1863 - storagetanks_196         . 	SCC: 0.355798, 	SAM: 0.067910
1864 - storagetanks_2           . 	SCC: 0.363320, 	SAM: 0.080772
1865 - storagetanks_20          . 	SCC: 0.439340, 	SAM: 0.068574
1866 - storagetanks_203         . 	SCC: 0.341251, 	SAM: 0.091110
1867 - storagetanks_216         . 	SCC: 0.336644, 	SAM: 0.077171
1868 - storagetanks_23          . 	SCC: 0.386008, 	SAM: 0.101728
1869 - storagetanks_244         . 	SCC: 0.463167, 	SAM: 0.050664
1870 - storagetanks_247         . 	SCC: 0.427319, 	SAM: 0.093856
1871 - storagetanks_250         . 	SCC: 0.384217, 	SAM: 0.101322
1872 - storagetanks_251         . 	SCC: 0.339433, 	SAM: 0.114732
1873 - storagetanks_257         . 	SCC: 0.313399, 	SAM: 0.111671
1874 - storagetanks_262         . 	SCC: 0.406511, 	SAM: 0.161385
1875 - storagetanks_263         . 	SCC: 0.355194, 	SAM: 0.111350
1876 - storagetanks_264         . 	SCC: 0.339594, 	SAM: 0.161108
1877 - storagetanks_267         . 	SCC: 0.398080, 	SAM: 0.220909
1878 - storagetanks_27          . 	SCC: 0.289599, 	SAM: 0.093230
1879 - storagetanks_271         . 	SCC: 0.419529, 	SAM: 0.147591
1880 - storagetanks_275         . 	SCC: 0.531989, 	SAM: 0.204508
1881 - storagetanks_276         . 	SCC: 0.468003, 	SAM: 0.212395
1882 - storagetanks_278         . 	SCC: 0.416463, 	SAM: 0.163497
1883 - storagetanks_28          . 	SCC: 0.358315, 	SAM: 0.104360
1884 - storagetanks_285         . 	SCC: 0.309255, 	SAM: 0.148563
1885 - storagetanks_289         . 	SCC: 0.457386, 	SAM: 0.133244
1886 - storagetanks_293         . 	SCC: 0.510587, 	SAM: 0.145559
1887 - storagetanks_294         . 	SCC: 0.421728, 	SAM: 0.155540
1888 - storagetanks_299         . 	SCC: 0.361636, 	SAM: 0.118060
1889 - storagetanks_304         . 	SCC: 0.315968, 	SAM: 0.192075
1890 - storagetanks_312         . 	SCC: 0.268189, 	SAM: 0.119542
1891 - storagetanks_316         . 	SCC: 0.423613, 	SAM: 0.041455
1892 - storagetanks_322         . 	SCC: 0.439109, 	SAM: 0.033762
1893 - storagetanks_330         . 	SCC: 0.504829, 	SAM: 0.053772
1894 - storagetanks_333         . 	SCC: 0.465811, 	SAM: 0.052933
1895 - storagetanks_336         . 	SCC: 0.409905, 	SAM: 0.030119
1896 - storagetanks_345         . 	SCC: 0.493795, 	SAM: 0.037777
1897 - storagetanks_350         . 	SCC: 0.543407, 	SAM: 0.047138
1898 - storagetanks_354         . 	SCC: 0.422260, 	SAM: 0.082332
1899 - storagetanks_36          . 	SCC: 0.322424, 	SAM: 0.094442
1900 - storagetanks_360         . 	SCC: 0.447482, 	SAM: 0.127250
1901 - storagetanks_40          . 	SCC: 0.307278, 	SAM: 0.097922
1902 - storagetanks_45          . 	SCC: 0.324559, 	SAM: 0.088890
1903 - storagetanks_52          . 	SCC: 0.384271, 	SAM: 0.098466
1904 - storagetanks_56          . 	SCC: 0.380864, 	SAM: 0.083753
1905 - storagetanks_63          . 	SCC: 0.396963, 	SAM: 0.071373
1906 - storagetanks_64          . 	SCC: 0.380608, 	SAM: 0.088065
1907 - storagetanks_67          . 	SCC: 0.394416, 	SAM: 0.097393
1908 - storagetanks_70          . 	SCC: 0.425665, 	SAM: 0.141428
1909 - storagetanks_72          . 	SCC: 0.443681, 	SAM: 0.075653
1910 - storagetanks_79          . 	SCC: 0.452135, 	SAM: 0.064786
1911 - storagetanks_80          . 	SCC: 0.484005, 	SAM: 0.067126
1912 - storagetanks_81          . 	SCC: 0.310668, 	SAM: 0.077146
1913 - storagetanks_86          . 	SCC: 0.378224, 	SAM: 0.078301
1914 - storagetanks_88          . 	SCC: 0.301408, 	SAM: 0.093086
1915 - storagetanks_91          . 	SCC: 0.414989, 	SAM: 0.080615
1916 - storagetanks_95          . 	SCC: 0.315265, 	SAM: 0.114291
1917 - viaduct_103              . 	SCC: 0.410366, 	SAM: 0.063431
1918 - viaduct_114              . 	SCC: 0.490829, 	SAM: 0.084060
1919 - viaduct_118              . 	SCC: 0.376562, 	SAM: 0.088726
1920 - viaduct_120              . 	SCC: 0.423944, 	SAM: 0.096831
1921 - viaduct_127              . 	SCC: 0.376607, 	SAM: 0.065874
1922 - viaduct_133              . 	SCC: 0.358634, 	SAM: 0.087185
1923 - viaduct_138              . 	SCC: 0.451683, 	SAM: 0.095906
1924 - viaduct_146              . 	SCC: 0.470877, 	SAM: 0.080017
1925 - viaduct_152              . 	SCC: 0.421453, 	SAM: 0.111179
1926 - viaduct_167              . 	SCC: 0.504210, 	SAM: 0.063366
1927 - viaduct_171              . 	SCC: 0.406888, 	SAM: 0.093129
1928 - viaduct_175              . 	SCC: 0.502049, 	SAM: 0.037140
1929 - viaduct_176              . 	SCC: 0.540038, 	SAM: 0.075507
1930 - viaduct_180              . 	SCC: 0.538502, 	SAM: 0.050314
1931 - viaduct_186              . 	SCC: 0.439676, 	SAM: 0.052973
1932 - viaduct_20               . 	SCC: 0.512206, 	SAM: 0.056144
1933 - viaduct_202              . 	SCC: 0.508747, 	SAM: 0.045840
1934 - viaduct_207              . 	SCC: 0.397839, 	SAM: 0.038131
1935 - viaduct_210              . 	SCC: 0.365618, 	SAM: 0.073192
1936 - viaduct_211              . 	SCC: 0.442511, 	SAM: 0.027559
1937 - viaduct_213              . 	SCC: 0.310838, 	SAM: 0.113177
1938 - viaduct_218              . 	SCC: 0.415934, 	SAM: 0.042143
1939 - viaduct_219              . 	SCC: 0.602171, 	SAM: 0.032166
1940 - viaduct_220              . 	SCC: 0.601066, 	SAM: 0.036076
1941 - viaduct_225              . 	SCC: 0.427637, 	SAM: 0.086852
1942 - viaduct_230              . 	SCC: 0.390669, 	SAM: 0.068861
1943 - viaduct_237              . 	SCC: 0.477511, 	SAM: 0.076183
1944 - viaduct_239              . 	SCC: 0.498837, 	SAM: 0.053498
1945 - viaduct_243              . 	SCC: 0.412330, 	SAM: 0.078576
1946 - viaduct_248              . 	SCC: 0.548754, 	SAM: 0.041755
1947 - viaduct_25               . 	SCC: 0.429056, 	SAM: 0.115375
1948 - viaduct_250              . 	SCC: 0.534463, 	SAM: 0.024666
1949 - viaduct_256              . 	SCC: 0.566934, 	SAM: 0.048981
1950 - viaduct_262              . 	SCC: 0.488102, 	SAM: 0.069891
1951 - viaduct_273              . 	SCC: 0.342626, 	SAM: 0.092877
1952 - viaduct_275              . 	SCC: 0.466258, 	SAM: 0.118107
1953 - viaduct_278              . 	SCC: 0.454863, 	SAM: 0.100916
1954 - viaduct_28               . 	SCC: 0.442179, 	SAM: 0.099866
1955 - viaduct_280              . 	SCC: 0.338613, 	SAM: 0.086264
1956 - viaduct_290              . 	SCC: 0.448976, 	SAM: 0.085269
1957 - viaduct_294              . 	SCC: 0.460031, 	SAM: 0.080811
1958 - viaduct_299              . 	SCC: 0.464150, 	SAM: 0.077959
1959 - viaduct_303              . 	SCC: 0.516904, 	SAM: 0.101590
1960 - viaduct_306              . 	SCC: 0.532416, 	SAM: 0.092556
1961 - viaduct_312              . 	SCC: 0.526117, 	SAM: 0.094311
1962 - viaduct_320              . 	SCC: 0.600320, 	SAM: 0.059075
1963 - viaduct_322              . 	SCC: 0.518017, 	SAM: 0.072749
1964 - viaduct_34               . 	SCC: 0.526693, 	SAM: 0.082143
1965 - viaduct_344              . 	SCC: 0.418205, 	SAM: 0.067732
1966 - viaduct_346              . 	SCC: 0.388922, 	SAM: 0.065109
1967 - viaduct_348              . 	SCC: 0.399259, 	SAM: 0.072368
1968 - viaduct_349              . 	SCC: 0.349454, 	SAM: 0.093210
1969 - viaduct_350              . 	SCC: 0.409401, 	SAM: 0.079260
1970 - viaduct_351              . 	SCC: 0.465828, 	SAM: 0.105044
1971 - viaduct_352              . 	SCC: 0.404011, 	SAM: 0.081584
1972 - viaduct_355              . 	SCC: 0.361332, 	SAM: 0.084831
1973 - viaduct_357              . 	SCC: 0.392974, 	SAM: 0.107670
1974 - viaduct_359              . 	SCC: 0.344058, 	SAM: 0.103022
1975 - viaduct_36               . 	SCC: 0.345866, 	SAM: 0.134803
1976 - viaduct_362              . 	SCC: 0.467703, 	SAM: 0.071306
1977 - viaduct_364              . 	SCC: 0.437140, 	SAM: 0.052181
1978 - viaduct_368              . 	SCC: 0.480583, 	SAM: 0.046681
1979 - viaduct_374              . 	SCC: 0.543856, 	SAM: 0.048185
1980 - viaduct_377              . 	SCC: 0.376309, 	SAM: 0.095808
1981 - viaduct_383              . 	SCC: 0.445927, 	SAM: 0.112613
1982 - viaduct_391              . 	SCC: 0.542509, 	SAM: 0.052100
1983 - viaduct_396              . 	SCC: 0.513210, 	SAM: 0.070029
1984 - viaduct_397              . 	SCC: 0.432627, 	SAM: 0.098233
1985 - viaduct_405              . 	SCC: 0.345506, 	SAM: 0.095655
1986 - viaduct_412              . 	SCC: 0.358750, 	SAM: 0.181767
1987 - viaduct_414              . 	SCC: 0.381396, 	SAM: 0.163986
1988 - viaduct_417              . 	SCC: 0.287276, 	SAM: 0.181027
1989 - viaduct_43               . 	SCC: 0.419693, 	SAM: 0.096233
1990 - viaduct_44               . 	SCC: 0.471832, 	SAM: 0.071768
1991 - viaduct_55               . 	SCC: 0.513518, 	SAM: 0.090451
1992 - viaduct_56               . 	SCC: 0.470728, 	SAM: 0.077134
1993 - viaduct_57               . 	SCC: 0.411266, 	SAM: 0.096119
1994 - viaduct_69               . 	SCC: 0.412690, 	SAM: 0.097172
1995 - viaduct_72               . 	SCC: 0.391297, 	SAM: 0.115050
1996 - viaduct_74               . 	SCC: 0.386704, 	SAM: 0.090175
1997 - viaduct_75               . 	SCC: 0.392008, 	SAM: 0.114970
1998 - viaduct_76               . 	SCC: 0.487328, 	SAM: 0.059987
1999 - viaduct_82               . 	SCC: 0.386669, 	SAM: 0.097208
2000 - viaduct_85               . 	SCC: 0.360334, 	SAM: 0.105805
Average: SCC: 0.415741, SAM: 0.079664
