
libgomp: Invalid value for environment variable OMP_NUM_THREADS: 0
🚀 Enhanced Training Configuration:
Model: cga_paper
Dataset: RSSCN7
Scale: [4]
Epochs: 500
Batch Size: 4
Optimizer: ADAM
Scheduler: step
Learning Rate: 0.0002
Loss: 1*L1
WandB Enabled: False
AMP Enabled: False
Validation Every: disabled (always validate every epoch)
Save Every N Epochs: 100
DataLoader Threads: 8

📐 Model Architecture:
Width: 32
Encoder Blocks: [4, 6]
Decoder Blocks: [6, 4]
Restormer Heads: [1, 2, 4]
Middle Heads: 8
Read data from binary files
Read data from binary files
Making model...
CGA(
  (conv_first): Conv2d(3, 180, kernel_size=(3, 3), stride=(1, 1), padding=(1, 1))
  (before_RG): Sequential(
    (0): Rearrange('b c h w -> b (h w) c')
    (1): LayerNorm((180,), eps=1e-05, elementwise_affine=True)
  )
  (layers): ModuleList(
    (0): ResidualGroup(
      (blocks): ModuleList(
        (0): Block(
          (norm1): LayerNorm((180,), eps=1e-05, elementwise_affine=True)
          (attn): LCGA(
            (qkv): Linear(in_features=180, out_features=540, bias=True)
            (proj): Linear(in_features=180, out_features=180, bias=True)
            (proj_drop): Dropout(p=0.0, inplace=False)
            (attns): ModuleList(
              (0-1): 2 x WindowAttention(
                (pos): DynamicPosBias(
                  (pos_proj): Linear(in_features=2, out_features=5, bias=True)
                  (pos1): Sequential(
                    (0): LayerNorm((5,), eps=1e-05, elementwise_affine=True)
                    (1): ReLU(inplace=True)
                    (2): Linear(in_features=5, out_features=5, bias=True)
                  )
                  (pos2): Sequential(
                    (0): LayerNorm((5,), eps=1e-05, elementwise_affine=True)
                    (1): ReLU(inplace=True)
                    (2): Linear(in_features=5, out_features=5, bias=True)
                  )
                  (pos3): Sequential(
                    (0): LayerNorm((5,), eps=1e-05, elementwise_affine=True)
                    (1): ReLU(inplace=True)
                    (2): Linear(in_features=5, out_features=3, bias=True)
                  )
                )
                (curvature_conv): Conv2d(90, 90, kernel_size=(3, 3), stride=(1, 1), padding=(1, 1), groups=90, bias=False)
                (attn_drop): Dropout(p=0.0, inplace=False)
              )
            )
            (get_v): Conv2d(180, 180, kernel_size=(3, 3), stride=(1, 1), padding=(1, 1), groups=180)
          )
          (drop_path): Identity()
          (mlp): MLP(
            (fc1): Linear(in_features=180, out_features=360, bias=True)
            (act): GELU(approximate='none')
            (sg): Gate(
              (norm): LayerNorm((180,), eps=1e-05, elementwise_affine=True)
              (conv): Conv2d(180, 180, kernel_size=(3, 3), stride=(1, 1), padding=(1, 1), groups=180)
            )
            (fc2): Linear(in_features=180, out_features=180, bias=True)
            (drop): Dropout(p=0.0, inplace=False)
          )
          (norm2): LayerNorm((180,), eps=1e-05, elementwise_affine=True)
        )
        (1): Block(
          (norm1): LayerNorm((180,), eps=1e-05, elementwise_affine=True)
          (attn): CGTA(
            (curvature_conv): Conv2d(180, 180, kernel_size=(3, 3), stride=(1, 1), padding=(1, 1), groups=180, bias=False)
            (gate): RetentionGate(
              (ret_gate): Sequential(
                (0): Linear(in_features=180, out_features=90, bias=True)
                (1): ReLU()
                (2): Linear(in_features=90, out_features=1, bias=True)
                (3): Sigmoid()
              )
            )
            (q): Linear(in_features=180, out_features=90, bias=True)
            (kv_reduce): Conv1d(180, 90, kernel_size=(1,), stride=(1,))
            (k): Linear(in_features=90, out_features=90, bias=True)
            (v): Linear(in_features=90, out_features=180, bias=True)
            (norm_act): Sequential(
              (0): LayerNorm((90,), eps=1e-05, elementwise_affine=True)
              (1): GELU(approximate='none')
            )
            (cpe): Conv2d(180, 180, kernel_size=(3, 3), stride=(1, 1), padding=(1, 1), groups=180)
            (proj): Linear(in_features=180, out_features=180, bias=True)
            (attn_drop): Dropout(p=0.0, inplace=False)
            (proj_drop): Dropout(p=0.0, inplace=False)
          )
          (drop_path): DropPath(drop_prob=0.003)
          (mlp): MLP(
            (fc1): Linear(in_features=180, out_features=360, bias=True)
            (act): GELU(approximate='none')
            (sg): Gate(
              (norm): LayerNorm((180,), eps=1e-05, elementwise_affine=True)
              (conv): Conv2d(180, 180, kernel_size=(3, 3), stride=(1, 1), padding=(1, 1), groups=180)
            )
            (fc2): Linear(in_features=180, out_features=180, bias=True)
            (drop): Dropout(p=0.0, inplace=False)
          )
          (norm2): LayerNorm((180,), eps=1e-05, elementwise_affine=True)
        )
        (2): Block(
          (norm1): LayerNorm((180,), eps=1e-05, elementwise_affine=True)
          (attn): LCGA(
            (qkv): Linear(in_features=180, out_features=540, bias=True)
            (proj): Linear(in_features=180, out_features=180, bias=True)
            (proj_drop): Dropout(p=0.0, inplace=False)
            (attns): ModuleList(
              (0-1): 2 x WindowAttention(
                (pos): DynamicPosBias(
                  (pos_proj): Linear(in_features=2, out_features=5, bias=True)
                  (pos1): Sequential(
                    (0): LayerNorm((5,), eps=1e-05, elementwise_affine=True)
                    (1): ReLU(inplace=True)
                    (2): Linear(in_features=5, out_features=5, bias=True)
                  )
                  (pos2): Sequential(
                    (0): LayerNorm((5,), eps=1e-05, elementwise_affine=True)
                    (1): ReLU(inplace=True)
                    (2): Linear(in_features=5, out_features=5, bias=True)
                  )
                  (pos3): Sequential(
                    (0): LayerNorm((5,), eps=1e-05, elementwise_affine=True)
                    (1): ReLU(inplace=True)
                    (2): Linear(in_features=5, out_features=3, bias=True)
                  )
                )
                (curvature_conv): Conv2d(90, 90, kernel_size=(3, 3), stride=(1, 1), padding=(1, 1), groups=90, bias=False)
                (attn_drop): Dropout(p=0.0, inplace=False)
              )
            )
            (get_v): Conv2d(180, 180, kernel_size=(3, 3), stride=(1, 1), padding=(1, 1), groups=180)
          )
          (drop_path): DropPath(drop_prob=0.006)
          (mlp): MLP(
            (fc1): Linear(in_features=180, out_features=360, bias=True)
            (act): GELU(approximate='none')
            (sg): Gate(
              (norm): LayerNorm((180,), eps=1e-05, elementwise_affine=True)
              (conv): Conv2d(180, 180, kernel_size=(3, 3), stride=(1, 1), padding=(1, 1), groups=180)
            )
            (fc2): Linear(in_features=180, out_features=180, bias=True)
            (drop): Dropout(p=0.0, inplace=False)
          )
          (norm2): LayerNorm((180,), eps=1e-05, elementwise_affine=True)
        )
        (3): Block(
          (norm1): LayerNorm((180,), eps=1e-05, elementwise_affine=True)
          (attn): CGTA(
            (curvature_conv): Conv2d(180, 180, kernel_size=(3, 3), stride=(1, 1), padding=(1, 1), groups=180, bias=False)
            (gate): RetentionGate(
              (ret_gate): Sequential(
                (0): Linear(in_features=180, out_features=90, bias=True)
                (1): ReLU()
                (2): Linear(in_features=90, out_features=1, bias=True)
                (3): Sigmoid()
              )
            )
            (q): Linear(in_features=180, out_features=90, bias=True)
            (kv_reduce): Conv1d(180, 90, kernel_size=(1,), stride=(1,))
            (k): Linear(in_features=90, out_features=90, bias=True)
            (v): Linear(in_features=90, out_features=180, bias=True)
            (norm_act): Sequential(
              (0): LayerNorm((90,), eps=1e-05, elementwise_affine=True)
              (1): GELU(approximate='none')
            )
            (cpe): Conv2d(180, 180, kernel_size=(3, 3), stride=(1, 1), padding=(1, 1), groups=180)
            (proj): Linear(in_features=180, out_features=180, bias=True)
            (attn_drop): Dropout(p=0.0, inplace=False)
            (proj_drop): Dropout(p=0.0, inplace=False)
          )
          (drop_path): DropPath(drop_prob=0.009)
          (mlp): MLP(
            (fc1): Linear(in_features=180, out_features=360, bias=True)
            (act): GELU(approximate='none')
            (sg): Gate(
              (norm): LayerNorm((180,), eps=1e-05, elementwise_affine=True)
              (conv): Conv2d(180, 180, kernel_size=(3, 3), stride=(1, 1), padding=(1, 1), groups=180)
            )
            (fc2): Linear(in_features=180, out_features=180, bias=True)
            (drop): Dropout(p=0.0, inplace=False)
          )
          (norm2): LayerNorm((180,), eps=1e-05, elementwise_affine=True)
        )
        (4): Block(
          (norm1): LayerNorm((180,), eps=1e-05, elementwise_affine=True)
          (attn): LCGA(
            (qkv): Linear(in_features=180, out_features=540, bias=True)
            (proj): Linear(in_features=180, out_features=180, bias=True)
            (proj_drop): Dropout(p=0.0, inplace=False)
            (attns): ModuleList(
              (0-1): 2 x WindowAttention(
                (pos): DynamicPosBias(
                  (pos_proj): Linear(in_features=2, out_features=5, bias=True)
                  (pos1): Sequential(
                    (0): LayerNorm((5,), eps=1e-05, elementwise_affine=True)
                    (1): ReLU(inplace=True)
                    (2): Linear(in_features=5, out_features=5, bias=True)
                  )
                  (pos2): Sequential(
                    (0): LayerNorm((5,), eps=1e-05, elementwise_affine=True)
                    (1): ReLU(inplace=True)
                    (2): Linear(in_features=5, out_features=5, bias=True)
                  )
                  (pos3): Sequential(
                    (0): LayerNorm((5,), eps=1e-05, elementwise_affine=True)
                    (1): ReLU(inplace=True)
                    (2): Linear(in_features=5, out_features=3, bias=True)
                  )
                )
                (curvature_conv): Conv2d(90, 90, kernel_size=(3, 3), stride=(1, 1), padding=(1, 1), groups=90, bias=False)
                (attn_drop): Dropout(p=0.0, inplace=False)
              )
            )
            (get_v): Conv2d(180, 180, kernel_size=(3, 3), stride=(1, 1), padding=(1, 1), groups=180)
          )
          (drop_path): DropPath(drop_prob=0.011)
          (mlp): MLP(
            (fc1): Linear(in_features=180, out_features=360, bias=True)
            (act): GELU(approximate='none')
            (sg): Gate(
              (norm): LayerNorm((180,), eps=1e-05, elementwise_affine=True)
              (conv): Conv2d(180, 180, kernel_size=(3, 3), stride=(1, 1), padding=(1, 1), groups=180)
            )
            (fc2): Linear(in_features=180, out_features=180, bias=True)
            (drop): Dropout(p=0.0, inplace=False)
          )
          (norm2): LayerNorm((180,), eps=1e-05, elementwise_affine=True)
        )
        (5): Block(
          (norm1): LayerNorm((180,), eps=1e-05, elementwise_affine=True)
          (attn): CGTA(
            (curvature_conv): Conv2d(180, 180, kernel_size=(3, 3), stride=(1, 1), padding=(1, 1), groups=180, bias=False)
            (gate): RetentionGate(
              (ret_gate): Sequential(
                (0): Linear(in_features=180, out_features=90, bias=True)
                (1): ReLU()
                (2): Linear(in_features=90, out_features=1, bias=True)
                (3): Sigmoid()
              )
            )
            (q): Linear(in_features=180, out_features=90, bias=True)
            (kv_reduce): Conv1d(180, 90, kernel_size=(1,), stride=(1,))
            (k): Linear(in_features=90, out_features=90, bias=True)
            (v): Linear(in_features=90, out_features=180, bias=True)
            (norm_act): Sequential(
              (0): LayerNorm((90,), eps=1e-05, elementwise_affine=True)
              (1): GELU(approximate='none')
            )
            (cpe): Conv2d(180, 180, kernel_size=(3, 3), stride=(1, 1), padding=(1, 1), groups=180)
            (proj): Linear(in_features=180, out_features=180, bias=True)
            (attn_drop): Dropout(p=0.0, inplace=False)
            (proj_drop): Dropout(p=0.0, inplace=False)
          )
          (drop_path): DropPath(drop_prob=0.014)
          (mlp): MLP(
            (fc1): Linear(in_features=180, out_features=360, bias=True)
            (act): GELU(approximate='none')
            (sg): Gate(
              (norm): LayerNorm((180,), eps=1e-05, elementwise_affine=True)
              (conv): Conv2d(180, 180, kernel_size=(3, 3), stride=(1, 1), padding=(1, 1), groups=180)
            )
            (fc2): Linear(in_features=180, out_features=180, bias=True)
            (drop): Dropout(p=0.0, inplace=False)
          )
          (norm2): LayerNorm((180,), eps=1e-05, elementwise_affine=True)
        )
      )
      (conv): Conv2d(180, 180, kernel_size=(3, 3), stride=(1, 1), padding=(1, 1))
    )
    (1): ResidualGroup(
      (blocks): ModuleList(
        (0): Block(
          (norm1): LayerNorm((180,), eps=1e-05, elementwise_affine=True)
          (attn): LCGA(
            (qkv): Linear(in_features=180, out_features=540, bias=True)
            (proj): Linear(in_features=180, out_features=180, bias=True)
            (proj_drop): Dropout(p=0.0, inplace=False)
            (attns): ModuleList(
              (0-1): 2 x WindowAttention(
                (pos): DynamicPosBias(
                  (pos_proj): Linear(in_features=2, out_features=5, bias=True)
                  (pos1): Sequential(
                    (0): LayerNorm((5,), eps=1e-05, elementwise_affine=True)
                    (1): ReLU(inplace=True)
                    (2): Linear(in_features=5, out_features=5, bias=True)
                  )
                  (pos2): Sequential(
                    (0): LayerNorm((5,), eps=1e-05, elementwise_affine=True)
                    (1): ReLU(inplace=True)
                    (2): Linear(in_features=5, out_features=5, bias=True)
                  )
                  (pos3): Sequential(
                    (0): LayerNorm((5,), eps=1e-05, elementwise_affine=True)
                    (1): ReLU(inplace=True)
                    (2): Linear(in_features=5, out_features=3, bias=True)
                  )
                )
                (curvature_conv): Conv2d(90, 90, kernel_size=(3, 3), stride=(1, 1), padding=(1, 1), groups=90, bias=False)
                (attn_drop): Dropout(p=0.0, inplace=False)
              )
            )
            (get_v): Conv2d(180, 180, kernel_size=(3, 3), stride=(1, 1), padding=(1, 1), groups=180)
          )
          (drop_path): DropPath(drop_prob=0.017)
          (mlp): MLP(
            (fc1): Linear(in_features=180, out_features=360, bias=True)
            (act): GELU(approximate='none')
            (sg): Gate(
              (norm): LayerNorm((180,), eps=1e-05, elementwise_affine=True)
              (conv): Conv2d(180, 180, kernel_size=(3, 3), stride=(1, 1), padding=(1, 1), groups=180)
            )
            (fc2): Linear(in_features=180, out_features=180, bias=True)
            (drop): Dropout(p=0.0, inplace=False)
          )
          (norm2): LayerNorm((180,), eps=1e-05, elementwise_affine=True)
        )
        (1): Block(
          (norm1): LayerNorm((180,), eps=1e-05, elementwise_affine=True)
          (attn): CGTA(
            (curvature_conv): Conv2d(180, 180, kernel_size=(3, 3), stride=(1, 1), padding=(1, 1), groups=180, bias=False)
            (gate): RetentionGate(
              (ret_gate): Sequential(
                (0): Linear(in_features=180, out_features=90, bias=True)
                (1): ReLU()
                (2): Linear(in_features=90, out_features=1, bias=True)
                (3): Sigmoid()
              )
            )
            (q): Linear(in_features=180, out_features=90, bias=True)
            (kv_reduce): Conv1d(180, 90, kernel_size=(1,), stride=(1,))
            (k): Linear(in_features=90, out_features=90, bias=True)
            (v): Linear(in_features=90, out_features=180, bias=True)
            (norm_act): Sequential(
              (0): LayerNorm((90,), eps=1e-05, elementwise_affine=True)
              (1): GELU(approximate='none')
            )
            (cpe): Conv2d(180, 180, kernel_size=(3, 3), stride=(1, 1), padding=(1, 1), groups=180)
            (proj): Linear(in_features=180, out_features=180, bias=True)
            (attn_drop): Dropout(p=0.0, inplace=False)
            (proj_drop): Dropout(p=0.0, inplace=False)
          )
          (drop_path): DropPath(drop_prob=0.020)
          (mlp): MLP(
            (fc1): Linear(in_features=180, out_features=360, bias=True)
            (act): GELU(approximate='none')
            (sg): Gate(
              (norm): LayerNorm((180,), eps=1e-05, elementwise_affine=True)
              (conv): Conv2d(180, 180, kernel_size=(3, 3), stride=(1, 1), padding=(1, 1), groups=180)
            )
            (fc2): Linear(in_features=180, out_features=180, bias=True)
            (drop): Dropout(p=0.0, inplace=False)
          )
          (norm2): LayerNorm((180,), eps=1e-05, elementwise_affine=True)
        )
        (2): Block(
          (norm1): LayerNorm((180,), eps=1e-05, elementwise_affine=True)
          (attn): LCGA(
            (qkv): Linear(in_features=180, out_features=540, bias=True)
            (proj): Linear(in_features=180, out_features=180, bias=True)
            (proj_drop): Dropout(p=0.0, inplace=False)
            (attns): ModuleList(
              (0-1): 2 x WindowAttention(
                (pos): DynamicPosBias(
                  (pos_proj): Linear(in_features=2, out_features=5, bias=True)
                  (pos1): Sequential(
                    (0): LayerNorm((5,), eps=1e-05, elementwise_affine=True)
                    (1): ReLU(inplace=True)
                    (2): Linear(in_features=5, out_features=5, bias=True)
                  )
                  (pos2): Sequential(
                    (0): LayerNorm((5,), eps=1e-05, elementwise_affine=True)
                    (1): ReLU(inplace=True)
                    (2): Linear(in_features=5, out_features=5, bias=True)
                  )
                  (pos3): Sequential(
                    (0): LayerNorm((5,), eps=1e-05, elementwise_affine=True)
                    (1): ReLU(inplace=True)
                    (2): Linear(in_features=5, out_features=3, bias=True)
                  )
                )
                (curvature_conv): Conv2d(90, 90, kernel_size=(3, 3), stride=(1, 1), padding=(1, 1), groups=90, bias=False)
                (attn_drop): Dropout(p=0.0, inplace=False)
              )
            )
            (get_v): Conv2d(180, 180, kernel_size=(3, 3), stride=(1, 1), padding=(1, 1), groups=180)
          )
          (drop_path): DropPath(drop_prob=0.023)
          (mlp): MLP(
            (fc1): Linear(in_features=180, out_features=360, bias=True)
            (act): GELU(approximate='none')
            (sg): Gate(
              (norm): LayerNorm((180,), eps=1e-05, elementwise_affine=True)
              (conv): Conv2d(180, 180, kernel_size=(3, 3), stride=(1, 1), padding=(1, 1), groups=180)
            )
            (fc2): Linear(in_features=180, out_features=180, bias=True)
            (drop): Dropout(p=0.0, inplace=False)
          )
          (norm2): LayerNorm((180,), eps=1e-05, elementwise_affine=True)
        )
        (3): Block(
          (norm1): LayerNorm((180,), eps=1e-05, elementwise_affine=True)
          (attn): CGTA(
            (curvature_conv): Conv2d(180, 180, kernel_size=(3, 3), stride=(1, 1), padding=(1, 1), groups=180, bias=False)
            (gate): RetentionGate(
              (ret_gate): Sequential(
                (0): Linear(in_features=180, out_features=90, bias=True)
                (1): ReLU()
                (2): Linear(in_features=90, out_features=1, bias=True)
                (3): Sigmoid()
              )
            )
            (q): Linear(in_features=180, out_features=90, bias=True)
            (kv_reduce): Conv1d(180, 90, kernel_size=(1,), stride=(1,))
            (k): Linear(in_features=90, out_features=90, bias=True)
            (v): Linear(in_features=90, out_features=180, bias=True)
            (norm_act): Sequential(
              (0): LayerNorm((90,), eps=1e-05, elementwise_affine=True)
              (1): GELU(approximate='none')
            )
            (cpe): Conv2d(180, 180, kernel_size=(3, 3), stride=(1, 1), padding=(1, 1), groups=180)
            (proj): Linear(in_features=180, out_features=180, bias=True)
            (attn_drop): Dropout(p=0.0, inplace=False)
            (proj_drop): Dropout(p=0.0, inplace=False)
          )
          (drop_path): DropPath(drop_prob=0.026)
          (mlp): MLP(
            (fc1): Linear(in_features=180, out_features=360, bias=True)
            (act): GELU(approximate='none')
            (sg): Gate(
              (norm): LayerNorm((180,), eps=1e-05, elementwise_affine=True)
              (conv): Conv2d(180, 180, kernel_size=(3, 3), stride=(1, 1), padding=(1, 1), groups=180)
            )
            (fc2): Linear(in_features=180, out_features=180, bias=True)
            (drop): Dropout(p=0.0, inplace=False)
          )
          (norm2): LayerNorm((180,), eps=1e-05, elementwise_affine=True)
        )
        (4): Block(
          (norm1): LayerNorm((180,), eps=1e-05, elementwise_affine=True)
          (attn): LCGA(
            (qkv): Linear(in_features=180, out_features=540, bias=True)
            (proj): Linear(in_features=180, out_features=180, bias=True)
            (proj_drop): Dropout(p=0.0, inplace=False)
            (attns): ModuleList(
              (0-1): 2 x WindowAttention(
                (pos): DynamicPosBias(
                  (pos_proj): Linear(in_features=2, out_features=5, bias=True)
                  (pos1): Sequential(
                    (0): LayerNorm((5,), eps=1e-05, elementwise_affine=True)
                    (1): ReLU(inplace=True)
                    (2): Linear(in_features=5, out_features=5, bias=True)
                  )
                  (pos2): Sequential(
                    (0): LayerNorm((5,), eps=1e-05, elementwise_affine=True)
                    (1): ReLU(inplace=True)
                    (2): Linear(in_features=5, out_features=5, bias=True)
                  )
                  (pos3): Sequential(
                    (0): LayerNorm((5,), eps=1e-05, elementwise_affine=True)
                    (1): ReLU(inplace=True)
                    (2): Linear(in_features=5, out_features=3, bias=True)
                  )
                )
                (curvature_conv): Conv2d(90, 90, kernel_size=(3, 3), stride=(1, 1), padding=(1, 1), groups=90, bias=False)
                (attn_drop): Dropout(p=0.0, inplace=False)
              )
            )
            (get_v): Conv2d(180, 180, kernel_size=(3, 3), stride=(1, 1), padding=(1, 1), groups=180)
          )
          (drop_path): DropPath(drop_prob=0.029)
          (mlp): MLP(
            (fc1): Linear(in_features=180, out_features=360, bias=True)
            (act): GELU(approximate='none')
            (sg): Gate(
              (norm): LayerNorm((180,), eps=1e-05, elementwise_affine=True)
              (conv): Conv2d(180, 180, kernel_size=(3, 3), stride=(1, 1), padding=(1, 1), groups=180)
            )
            (fc2): Linear(in_features=180, out_features=180, bias=True)
            (drop): Dropout(p=0.0, inplace=False)
          )
          (norm2): LayerNorm((180,), eps=1e-05, elementwise_affine=True)
        )
        (5): Block(
          (norm1): LayerNorm((180,), eps=1e-05, elementwise_affine=True)
          (attn): CGTA(
            (curvature_conv): Conv2d(180, 180, kernel_size=(3, 3), stride=(1, 1), padding=(1, 1), groups=180, bias=False)
            (gate): RetentionGate(
              (ret_gate): Sequential(
                (0): Linear(in_features=180, out_features=90, bias=True)
                (1): ReLU()
                (2): Linear(in_features=90, out_features=1, bias=True)
                (3): Sigmoid()
              )
            )
            (q): Linear(in_features=180, out_features=90, bias=True)
            (kv_reduce): Conv1d(180, 90, kernel_size=(1,), stride=(1,))
            (k): Linear(in_features=90, out_features=90, bias=True)
            (v): Linear(in_features=90, out_features=180, bias=True)
            (norm_act): Sequential(
              (0): LayerNorm((90,), eps=1e-05, elementwise_affine=True)
              (1): GELU(approximate='none')
            )
            (cpe): Conv2d(180, 180, kernel_size=(3, 3), stride=(1, 1), padding=(1, 1), groups=180)
            (proj): Linear(in_features=180, out_features=180, bias=True)
            (attn_drop): Dropout(p=0.0, inplace=False)
            (proj_drop): Dropout(p=0.0, inplace=False)
          )
          (drop_path): DropPath(drop_prob=0.031)
          (mlp): MLP(
            (fc1): Linear(in_features=180, out_features=360, bias=True)
            (act): GELU(approximate='none')
            (sg): Gate(
              (norm): LayerNorm((180,), eps=1e-05, elementwise_affine=True)
              (conv): Conv2d(180, 180, kernel_size=(3, 3), stride=(1, 1), padding=(1, 1), groups=180)
            )
            (fc2): Linear(in_features=180, out_features=180, bias=True)
            (drop): Dropout(p=0.0, inplace=False)
          )
          (norm2): LayerNorm((180,), eps=1e-05, elementwise_affine=True)
        )
      )
      (conv): Conv2d(180, 180, kernel_size=(3, 3), stride=(1, 1), padding=(1, 1))
    )
    (2): ResidualGroup(
      (blocks): ModuleList(
        (0): Block(
          (norm1): LayerNorm((180,), eps=1e-05, elementwise_affine=True)
          (attn): LCGA(
            (qkv): Linear(in_features=180, out_features=540, bias=True)
            (proj): Linear(in_features=180, out_features=180, bias=True)
            (proj_drop): Dropout(p=0.0, inplace=False)
            (attns): ModuleList(
              (0-1): 2 x WindowAttention(
                (pos): DynamicPosBias(
                  (pos_proj): Linear(in_features=2, out_features=5, bias=True)
                  (pos1): Sequential(
                    (0): LayerNorm((5,), eps=1e-05, elementwise_affine=True)
                    (1): ReLU(inplace=True)
                    (2): Linear(in_features=5, out_features=5, bias=True)
                  )
                  (pos2): Sequential(
                    (0): LayerNorm((5,), eps=1e-05, elementwise_affine=True)
                    (1): ReLU(inplace=True)
                    (2): Linear(in_features=5, out_features=5, bias=True)
                  )
                  (pos3): Sequential(
                    (0): LayerNorm((5,), eps=1e-05, elementwise_affine=True)
                    (1): ReLU(inplace=True)
                    (2): Linear(in_features=5, out_features=3, bias=True)
                  )
                )
                (curvature_conv): Conv2d(90, 90, kernel_size=(3, 3), stride=(1, 1), padding=(1, 1), groups=90, bias=False)
                (attn_drop): Dropout(p=0.0, inplace=False)
              )
            )
            (get_v): Conv2d(180, 180, kernel_size=(3, 3), stride=(1, 1), padding=(1, 1), groups=180)
          )
          (drop_path): DropPath(drop_prob=0.034)
          (mlp): MLP(
            (fc1): Linear(in_features=180, out_features=360, bias=True)
            (act): GELU(approximate='none')
            (sg): Gate(
              (norm): LayerNorm((180,), eps=1e-05, elementwise_affine=True)
              (conv): Conv2d(180, 180, kernel_size=(3, 3), stride=(1, 1), padding=(1, 1), groups=180)
            )
            (fc2): Linear(in_features=180, out_features=180, bias=True)
            (drop): Dropout(p=0.0, inplace=False)
          )
          (norm2): LayerNorm((180,), eps=1e-05, elementwise_affine=True)
        )
        (1): Block(
          (norm1): LayerNorm((180,), eps=1e-05, elementwise_affine=True)
          (attn): CGTA(
            (curvature_conv): Conv2d(180, 180, kernel_size=(3, 3), stride=(1, 1), padding=(1, 1), groups=180, bias=False)
            (gate): RetentionGate(
              (ret_gate): Sequential(
                (0): Linear(in_features=180, out_features=90, bias=True)
                (1): ReLU()
                (2): Linear(in_features=90, out_features=1, bias=True)
                (3): Sigmoid()
              )
            )
            (q): Linear(in_features=180, out_features=90, bias=True)
            (kv_reduce): Conv1d(180, 90, kernel_size=(1,), stride=(1,))
            (k): Linear(in_features=90, out_features=90, bias=True)
            (v): Linear(in_features=90, out_features=180, bias=True)
            (norm_act): Sequential(
              (0): LayerNorm((90,), eps=1e-05, elementwise_affine=True)
              (1): GELU(approximate='none')
            )
            (cpe): Conv2d(180, 180, kernel_size=(3, 3), stride=(1, 1), padding=(1, 1), groups=180)
            (proj): Linear(in_features=180, out_features=180, bias=True)
            (attn_drop): Dropout(p=0.0, inplace=False)
            (proj_drop): Dropout(p=0.0, inplace=False)
          )
          (drop_path): DropPath(drop_prob=0.037)
          (mlp): MLP(
            (fc1): Linear(in_features=180, out_features=360, bias=True)
            (act): GELU(approximate='none')
            (sg): Gate(
              (norm): LayerNorm((180,), eps=1e-05, elementwise_affine=True)
              (conv): Conv2d(180, 180, kernel_size=(3, 3), stride=(1, 1), padding=(1, 1), groups=180)
            )
            (fc2): Linear(in_features=180, out_features=180, bias=True)
            (drop): Dropout(p=0.0, inplace=False)
          )
          (norm2): LayerNorm((180,), eps=1e-05, elementwise_affine=True)
        )
        (2): Block(
          (norm1): LayerNorm((180,), eps=1e-05, elementwise_affine=True)
          (attn): LCGA(
            (qkv): Linear(in_features=180, out_features=540, bias=True)
            (proj): Linear(in_features=180, out_features=180, bias=True)
            (proj_drop): Dropout(p=0.0, inplace=False)
            (attns): ModuleList(
              (0-1): 2 x WindowAttention(
                (pos): DynamicPosBias(
                  (pos_proj): Linear(in_features=2, out_features=5, bias=True)
                  (pos1): Sequential(
                    (0): LayerNorm((5,), eps=1e-05, elementwise_affine=True)
                    (1): ReLU(inplace=True)
                    (2): Linear(in_features=5, out_features=5, bias=True)
                  )
                  (pos2): Sequential(
                    (0): LayerNorm((5,), eps=1e-05, elementwise_affine=True)
                    (1): ReLU(inplace=True)
                    (2): Linear(in_features=5, out_features=5, bias=True)
                  )
                  (pos3): Sequential(
                    (0): LayerNorm((5,), eps=1e-05, elementwise_affine=True)
                    (1): ReLU(inplace=True)
                    (2): Linear(in_features=5, out_features=3, bias=True)
                  )
                )
                (curvature_conv): Conv2d(90, 90, kernel_size=(3, 3), stride=(1, 1), padding=(1, 1), groups=90, bias=False)
                (attn_drop): Dropout(p=0.0, inplace=False)
              )
            )
            (get_v): Conv2d(180, 180, kernel_size=(3, 3), stride=(1, 1), padding=(1, 1), groups=180)
          )
          (drop_path): DropPath(drop_prob=0.040)
          (mlp): MLP(
            (fc1): Linear(in_features=180, out_features=360, bias=True)
            (act): GELU(approximate='none')
            (sg): Gate(
              (norm): LayerNorm((180,), eps=1e-05, elementwise_affine=True)
              (conv): Conv2d(180, 180, kernel_size=(3, 3), stride=(1, 1), padding=(1, 1), groups=180)
            )
            (fc2): Linear(in_features=180, out_features=180, bias=True)
            (drop): Dropout(p=0.0, inplace=False)
          )
          (norm2): LayerNorm((180,), eps=1e-05, elementwise_affine=True)
        )
        (3): Block(
          (norm1): LayerNorm((180,), eps=1e-05, elementwise_affine=True)
          (attn): CGTA(
            (curvature_conv): Conv2d(180, 180, kernel_size=(3, 3), stride=(1, 1), padding=(1, 1), groups=180, bias=False)
            (gate): RetentionGate(
              (ret_gate): Sequential(
                (0): Linear(in_features=180, out_features=90, bias=True)
                (1): ReLU()
                (2): Linear(in_features=90, out_features=1, bias=True)
                (3): Sigmoid()
              )
            )
            (q): Linear(in_features=180, out_features=90, bias=True)
            (kv_reduce): Conv1d(180, 90, kernel_size=(1,), stride=(1,))
            (k): Linear(in_features=90, out_features=90, bias=True)
            (v): Linear(in_features=90, out_features=180, bias=True)
            (norm_act): Sequential(
              (0): LayerNorm((90,), eps=1e-05, elementwise_affine=True)
              (1): GELU(approximate='none')
            )
            (cpe): Conv2d(180, 180, kernel_size=(3, 3), stride=(1, 1), padding=(1, 1), groups=180)
            (proj): Linear(in_features=180, out_features=180, bias=True)
            (attn_drop): Dropout(p=0.0, inplace=False)
            (proj_drop): Dropout(p=0.0, inplace=False)
          )
          (drop_path): DropPath(drop_prob=0.043)
          (mlp): MLP(
            (fc1): Linear(in_features=180, out_features=360, bias=True)
            (act): GELU(approximate='none')
            (sg): Gate(
              (norm): LayerNorm((180,), eps=1e-05, elementwise_affine=True)
              (conv): Conv2d(180, 180, kernel_size=(3, 3), stride=(1, 1), padding=(1, 1), groups=180)
            )
            (fc2): Linear(in_features=180, out_features=180, bias=True)
            (drop): Dropout(p=0.0, inplace=False)
          )
          (norm2): LayerNorm((180,), eps=1e-05, elementwise_affine=True)
        )
        (4): Block(
          (norm1): LayerNorm((180,), eps=1e-05, elementwise_affine=True)
          (attn): LCGA(
            (qkv): Linear(in_features=180, out_features=540, bias=True)
            (proj): Linear(in_features=180, out_features=180, bias=True)
            (proj_drop): Dropout(p=0.0, inplace=False)
            (attns): ModuleList(
              (0-1): 2 x WindowAttention(
                (pos): DynamicPosBias(
                  (pos_proj): Linear(in_features=2, out_features=5, bias=True)
                  (pos1): Sequential(
                    (0): LayerNorm((5,), eps=1e-05, elementwise_affine=True)
                    (1): ReLU(inplace=True)
                    (2): Linear(in_features=5, out_features=5, bias=True)
                  )
                  (pos2): Sequential(
                    (0): LayerNorm((5,), eps=1e-05, elementwise_affine=True)
                    (1): ReLU(inplace=True)
                    (2): Linear(in_features=5, out_features=5, bias=True)
                  )
                  (pos3): Sequential(
                    (0): LayerNorm((5,), eps=1e-05, elementwise_affine=True)
                    (1): ReLU(inplace=True)
                    (2): Linear(in_features=5, out_features=3, bias=True)
                  )
                )
                (curvature_conv): Conv2d(90, 90, kernel_size=(3, 3), stride=(1, 1), padding=(1, 1), groups=90, bias=False)
                (attn_drop): Dropout(p=0.0, inplace=False)
              )
            )
            (get_v): Conv2d(180, 180, kernel_size=(3, 3), stride=(1, 1), padding=(1, 1), groups=180)
          )
          (drop_path): DropPath(drop_prob=0.046)
          (mlp): MLP(
            (fc1): Linear(in_features=180, out_features=360, bias=True)
            (act): GELU(approximate='none')
            (sg): Gate(
              (norm): LayerNorm((180,), eps=1e-05, elementwise_affine=True)
              (conv): Conv2d(180, 180, kernel_size=(3, 3), stride=(1, 1), padding=(1, 1), groups=180)
            )
            (fc2): Linear(in_features=180, out_features=180, bias=True)
            (drop): Dropout(p=0.0, inplace=False)
          )
          (norm2): LayerNorm((180,), eps=1e-05, elementwise_affine=True)
        )
        (5): Block(
          (norm1): LayerNorm((180,), eps=1e-05, elementwise_affine=True)
          (attn): CGTA(
            (curvature_conv): Conv2d(180, 180, kernel_size=(3, 3), stride=(1, 1), padding=(1, 1), groups=180, bias=False)
            (gate): RetentionGate(
              (ret_gate): Sequential(
                (0): Linear(in_features=180, out_features=90, bias=True)
                (1): ReLU()
                (2): Linear(in_features=90, out_features=1, bias=True)
                (3): Sigmoid()
              )
            )
            (q): Linear(in_features=180, out_features=90, bias=True)
            (kv_reduce): Conv1d(180, 90, kernel_size=(1,), stride=(1,))
            (k): Linear(in_features=90, out_features=90, bias=True)
            (v): Linear(in_features=90, out_features=180, bias=True)
            (norm_act): Sequential(
              (0): LayerNorm((90,), eps=1e-05, elementwise_affine=True)
              (1): GELU(approximate='none')
            )
            (cpe): Conv2d(180, 180, kernel_size=(3, 3), stride=(1, 1), padding=(1, 1), groups=180)
            (proj): Linear(in_features=180, out_features=180, bias=True)
            (attn_drop): Dropout(p=0.0, inplace=False)
            (proj_drop): Dropout(p=0.0, inplace=False)
          )
          (drop_path): DropPath(drop_prob=0.049)
          (mlp): MLP(
            (fc1): Linear(in_features=180, out_features=360, bias=True)
            (act): GELU(approximate='none')
            (sg): Gate(
              (norm): LayerNorm((180,), eps=1e-05, elementwise_affine=True)
              (conv): Conv2d(180, 180, kernel_size=(3, 3), stride=(1, 1), padding=(1, 1), groups=180)
            )
            (fc2): Linear(in_features=180, out_features=180, bias=True)
            (drop): Dropout(p=0.0, inplace=False)
          )
          (norm2): LayerNorm((180,), eps=1e-05, elementwise_affine=True)
        )
      )
      (conv): Conv2d(180, 180, kernel_size=(3, 3), stride=(1, 1), padding=(1, 1))
    )
    (3): ResidualGroup(
      (blocks): ModuleList(
        (0): Block(
          (norm1): LayerNorm((180,), eps=1e-05, elementwise_affine=True)
          (attn): LCGA(
            (qkv): Linear(in_features=180, out_features=540, bias=True)
            (proj): Linear(in_features=180, out_features=180, bias=True)
            (proj_drop): Dropout(p=0.0, inplace=False)
            (attns): ModuleList(
              (0-1): 2 x WindowAttention(
                (pos): DynamicPosBias(
                  (pos_proj): Linear(in_features=2, out_features=5, bias=True)
                  (pos1): Sequential(
                    (0): LayerNorm((5,), eps=1e-05, elementwise_affine=True)
                    (1): ReLU(inplace=True)
                    (2): Linear(in_features=5, out_features=5, bias=True)
                  )
                  (pos2): Sequential(
                    (0): LayerNorm((5,), eps=1e-05, elementwise_affine=True)
                    (1): ReLU(inplace=True)
                    (2): Linear(in_features=5, out_features=5, bias=True)
                  )
                  (pos3): Sequential(
                    (0): LayerNorm((5,), eps=1e-05, elementwise_affine=True)
                    (1): ReLU(inplace=True)
                    (2): Linear(in_features=5, out_features=3, bias=True)
                  )
                )
                (curvature_conv): Conv2d(90, 90, kernel_size=(3, 3), stride=(1, 1), padding=(1, 1), groups=90, bias=False)
                (attn_drop): Dropout(p=0.0, inplace=False)
              )
            )
            (get_v): Conv2d(180, 180, kernel_size=(3, 3), stride=(1, 1), padding=(1, 1), groups=180)
          )
          (drop_path): DropPath(drop_prob=0.051)
          (mlp): MLP(
            (fc1): Linear(in_features=180, out_features=360, bias=True)
            (act): GELU(approximate='none')
            (sg): Gate(
              (norm): LayerNorm((180,), eps=1e-05, elementwise_affine=True)
              (conv): Conv2d(180, 180, kernel_size=(3, 3), stride=(1, 1), padding=(1, 1), groups=180)
            )
            (fc2): Linear(in_features=180, out_features=180, bias=True)
            (drop): Dropout(p=0.0, inplace=False)
          )
          (norm2): LayerNorm((180,), eps=1e-05, elementwise_affine=True)
        )
        (1): Block(
          (norm1): LayerNorm((180,), eps=1e-05, elementwise_affine=True)
          (attn): CGTA(
            (curvature_conv): Conv2d(180, 180, kernel_size=(3, 3), stride=(1, 1), padding=(1, 1), groups=180, bias=False)
            (gate): RetentionGate(
              (ret_gate): Sequential(
                (0): Linear(in_features=180, out_features=90, bias=True)
                (1): ReLU()
                (2): Linear(in_features=90, out_features=1, bias=True)
                (3): Sigmoid()
              )
            )
            (q): Linear(in_features=180, out_features=90, bias=True)
            (kv_reduce): Conv1d(180, 90, kernel_size=(1,), stride=(1,))
            (k): Linear(in_features=90, out_features=90, bias=True)
            (v): Linear(in_features=90, out_features=180, bias=True)
            (norm_act): Sequential(
              (0): LayerNorm((90,), eps=1e-05, elementwise_affine=True)
              (1): GELU(approximate='none')
            )
            (cpe): Conv2d(180, 180, kernel_size=(3, 3), stride=(1, 1), padding=(1, 1), groups=180)
            (proj): Linear(in_features=180, out_features=180, bias=True)
            (attn_drop): Dropout(p=0.0, inplace=False)
            (proj_drop): Dropout(p=0.0, inplace=False)
          )
          (drop_path): DropPath(drop_prob=0.054)
          (mlp): MLP(
            (fc1): Linear(in_features=180, out_features=360, bias=True)
            (act): GELU(approximate='none')
            (sg): Gate(
              (norm): LayerNorm((180,), eps=1e-05, elementwise_affine=True)
              (conv): Conv2d(180, 180, kernel_size=(3, 3), stride=(1, 1), padding=(1, 1), groups=180)
            )
            (fc2): Linear(in_features=180, out_features=180, bias=True)
            (drop): Dropout(p=0.0, inplace=False)
          )
          (norm2): LayerNorm((180,), eps=1e-05, elementwise_affine=True)
        )
        (2): Block(
          (norm1): LayerNorm((180,), eps=1e-05, elementwise_affine=True)
          (attn): LCGA(
            (qkv): Linear(in_features=180, out_features=540, bias=True)
            (proj): Linear(in_features=180, out_features=180, bias=True)
            (proj_drop): Dropout(p=0.0, inplace=False)
            (attns): ModuleList(
              (0-1): 2 x WindowAttention(
                (pos): DynamicPosBias(
                  (pos_proj): Linear(in_features=2, out_features=5, bias=True)
                  (pos1): Sequential(
                    (0): LayerNorm((5,), eps=1e-05, elementwise_affine=True)
                    (1): ReLU(inplace=True)
                    (2): Linear(in_features=5, out_features=5, bias=True)
                  )
                  (pos2): Sequential(
                    (0): LayerNorm((5,), eps=1e-05, elementwise_affine=True)
                    (1): ReLU(inplace=True)
                    (2): Linear(in_features=5, out_features=5, bias=True)
                  )
                  (pos3): Sequential(
                    (0): LayerNorm((5,), eps=1e-05, elementwise_affine=True)
                    (1): ReLU(inplace=True)
                    (2): Linear(in_features=5, out_features=3, bias=True)
                  )
                )
                (curvature_conv): Conv2d(90, 90, kernel_size=(3, 3), stride=(1, 1), padding=(1, 1), groups=90, bias=False)
                (attn_drop): Dropout(p=0.0, inplace=False)
              )
            )
            (get_v): Conv2d(180, 180, kernel_size=(3, 3), stride=(1, 1), padding=(1, 1), groups=180)
          )
          (drop_path): DropPath(drop_prob=0.057)
          (mlp): MLP(
            (fc1): Linear(in_features=180, out_features=360, bias=True)
            (act): GELU(approximate='none')
            (sg): Gate(
              (norm): LayerNorm((180,), eps=1e-05, elementwise_affine=True)
              (conv): Conv2d(180, 180, kernel_size=(3, 3), stride=(1, 1), padding=(1, 1), groups=180)
            )
            (fc2): Linear(in_features=180, out_features=180, bias=True)
            (drop): Dropout(p=0.0, inplace=False)
          )
          (norm2): LayerNorm((180,), eps=1e-05, elementwise_affine=True)
        )
        (3): Block(
          (norm1): LayerNorm((180,), eps=1e-05, elementwise_affine=True)
          (attn): CGTA(
            (curvature_conv): Conv2d(180, 180, kernel_size=(3, 3), stride=(1, 1), padding=(1, 1), groups=180, bias=False)
            (gate): RetentionGate(
              (ret_gate): Sequential(
                (0): Linear(in_features=180, out_features=90, bias=True)
                (1): ReLU()
                (2): Linear(in_features=90, out_features=1, bias=True)
                (3): Sigmoid()
              )
            )
            (q): Linear(in_features=180, out_features=90, bias=True)
            (kv_reduce): Conv1d(180, 90, kernel_size=(1,), stride=(1,))
            (k): Linear(in_features=90, out_features=90, bias=True)
            (v): Linear(in_features=90, out_features=180, bias=True)
            (norm_act): Sequential(
              (0): LayerNorm((90,), eps=1e-05, elementwise_affine=True)
              (1): GELU(approximate='none')
            )
            (cpe): Conv2d(180, 180, kernel_size=(3, 3), stride=(1, 1), padding=(1, 1), groups=180)
            (proj): Linear(in_features=180, out_features=180, bias=True)
            (attn_drop): Dropout(p=0.0, inplace=False)
            (proj_drop): Dropout(p=0.0, inplace=False)
          )
          (drop_path): DropPath(drop_prob=0.060)
          (mlp): MLP(
            (fc1): Linear(in_features=180, out_features=360, bias=True)
            (act): GELU(approximate='none')
            (sg): Gate(
              (norm): LayerNorm((180,), eps=1e-05, elementwise_affine=True)
              (conv): Conv2d(180, 180, kernel_size=(3, 3), stride=(1, 1), padding=(1, 1), groups=180)
            )
            (fc2): Linear(in_features=180, out_features=180, bias=True)
            (drop): Dropout(p=0.0, inplace=False)
          )
          (norm2): LayerNorm((180,), eps=1e-05, elementwise_affine=True)
        )
        (4): Block(
          (norm1): LayerNorm((180,), eps=1e-05, elementwise_affine=True)
          (attn): LCGA(
            (qkv): Linear(in_features=180, out_features=540, bias=True)
            (proj): Linear(in_features=180, out_features=180, bias=True)
            (proj_drop): Dropout(p=0.0, inplace=False)
            (attns): ModuleList(
              (0-1): 2 x WindowAttention(
                (pos): DynamicPosBias(
                  (pos_proj): Linear(in_features=2, out_features=5, bias=True)
                  (pos1): Sequential(
                    (0): LayerNorm((5,), eps=1e-05, elementwise_affine=True)
                    (1): ReLU(inplace=True)
                    (2): Linear(in_features=5, out_features=5, bias=True)
                  )
                  (pos2): Sequential(
                    (0): LayerNorm((5,), eps=1e-05, elementwise_affine=True)
                    (1): ReLU(inplace=True)
                    (2): Linear(in_features=5, out_features=5, bias=True)
                  )
                  (pos3): Sequential(
                    (0): LayerNorm((5,), eps=1e-05, elementwise_affine=True)
                    (1): ReLU(inplace=True)
                    (2): Linear(in_features=5, out_features=3, bias=True)
                  )
                )
                (curvature_conv): Conv2d(90, 90, kernel_size=(3, 3), stride=(1, 1), padding=(1, 1), groups=90, bias=False)
                (attn_drop): Dropout(p=0.0, inplace=False)
              )
            )
            (get_v): Conv2d(180, 180, kernel_size=(3, 3), stride=(1, 1), padding=(1, 1), groups=180)
          )
          (drop_path): DropPath(drop_prob=0.063)
          (mlp): MLP(
            (fc1): Linear(in_features=180, out_features=360, bias=True)
            (act): GELU(approximate='none')
            (sg): Gate(
              (norm): LayerNorm((180,), eps=1e-05, elementwise_affine=True)
              (conv): Conv2d(180, 180, kernel_size=(3, 3), stride=(1, 1), padding=(1, 1), groups=180)
            )
            (fc2): Linear(in_features=180, out_features=180, bias=True)
            (drop): Dropout(p=0.0, inplace=False)
          )
          (norm2): LayerNorm((180,), eps=1e-05, elementwise_affine=True)
        )
        (5): Block(
          (norm1): LayerNorm((180,), eps=1e-05, elementwise_affine=True)
          (attn): CGTA(
            (curvature_conv): Conv2d(180, 180, kernel_size=(3, 3), stride=(1, 1), padding=(1, 1), groups=180, bias=False)
            (gate): RetentionGate(
              (ret_gate): Sequential(
                (0): Linear(in_features=180, out_features=90, bias=True)
                (1): ReLU()
                (2): Linear(in_features=90, out_features=1, bias=True)
                (3): Sigmoid()
              )
            )
            (q): Linear(in_features=180, out_features=90, bias=True)
            (kv_reduce): Conv1d(180, 90, kernel_size=(1,), stride=(1,))
            (k): Linear(in_features=90, out_features=90, bias=True)
            (v): Linear(in_features=90, out_features=180, bias=True)
            (norm_act): Sequential(
              (0): LayerNorm((90,), eps=1e-05, elementwise_affine=True)
              (1): GELU(approximate='none')
            )
            (cpe): Conv2d(180, 180, kernel_size=(3, 3), stride=(1, 1), padding=(1, 1), groups=180)
            (proj): Linear(in_features=180, out_features=180, bias=True)
            (attn_drop): Dropout(p=0.0, inplace=False)
            (proj_drop): Dropout(p=0.0, inplace=False)
          )
          (drop_path): DropPath(drop_prob=0.066)
          (mlp): MLP(
            (fc1): Linear(in_features=180, out_features=360, bias=True)
            (act): GELU(approximate='none')
            (sg): Gate(
              (norm): LayerNorm((180,), eps=1e-05, elementwise_affine=True)
              (conv): Conv2d(180, 180, kernel_size=(3, 3), stride=(1, 1), padding=(1, 1), groups=180)
            )
            (fc2): Linear(in_features=180, out_features=180, bias=True)
            (drop): Dropout(p=0.0, inplace=False)
          )
          (norm2): LayerNorm((180,), eps=1e-05, elementwise_affine=True)
        )
      )
      (conv): Conv2d(180, 180, kernel_size=(3, 3), stride=(1, 1), padding=(1, 1))
    )
    (4): ResidualGroup(
      (blocks): ModuleList(
        (0): Block(
          (norm1): LayerNorm((180,), eps=1e-05, elementwise_affine=True)
          (attn): LCGA(
            (qkv): Linear(in_features=180, out_features=540, bias=True)
            (proj): Linear(in_features=180, out_features=180, bias=True)
            (proj_drop): Dropout(p=0.0, inplace=False)
            (attns): ModuleList(
              (0-1): 2 x WindowAttention(
                (pos): DynamicPosBias(
                  (pos_proj): Linear(in_features=2, out_features=5, bias=True)
                  (pos1): Sequential(
                    (0): LayerNorm((5,), eps=1e-05, elementwise_affine=True)
                    (1): ReLU(inplace=True)
                    (2): Linear(in_features=5, out_features=5, bias=True)
                  )
                  (pos2): Sequential(
                    (0): LayerNorm((5,), eps=1e-05, elementwise_affine=True)
                    (1): ReLU(inplace=True)
                    (2): Linear(in_features=5, out_features=5, bias=True)
                  )
                  (pos3): Sequential(
                    (0): LayerNorm((5,), eps=1e-05, elementwise_affine=True)
                    (1): ReLU(inplace=True)
                    (2): Linear(in_features=5, out_features=3, bias=True)
                  )
                )
                (curvature_conv): Conv2d(90, 90, kernel_size=(3, 3), stride=(1, 1), padding=(1, 1), groups=90, bias=False)
                (attn_drop): Dropout(p=0.0, inplace=False)
              )
            )
            (get_v): Conv2d(180, 180, kernel_size=(3, 3), stride=(1, 1), padding=(1, 1), groups=180)
          )
          (drop_path): DropPath(drop_prob=0.069)
          (mlp): MLP(
            (fc1): Linear(in_features=180, out_features=360, bias=True)
            (act): GELU(approximate='none')
            (sg): Gate(
              (norm): LayerNorm((180,), eps=1e-05, elementwise_affine=True)
              (conv): Conv2d(180, 180, kernel_size=(3, 3), stride=(1, 1), padding=(1, 1), groups=180)
            )
            (fc2): Linear(in_features=180, out_features=180, bias=True)
            (drop): Dropout(p=0.0, inplace=False)
          )
          (norm2): LayerNorm((180,), eps=1e-05, elementwise_affine=True)
        )
        (1): Block(
          (norm1): LayerNorm((180,), eps=1e-05, elementwise_affine=True)
          (attn): CGTA(
            (curvature_conv): Conv2d(180, 180, kernel_size=(3, 3), stride=(1, 1), padding=(1, 1), groups=180, bias=False)
            (gate): RetentionGate(
              (ret_gate): Sequential(
                (0): Linear(in_features=180, out_features=90, bias=True)
                (1): ReLU()
                (2): Linear(in_features=90, out_features=1, bias=True)
                (3): Sigmoid()
              )
            )
            (q): Linear(in_features=180, out_features=90, bias=True)
            (kv_reduce): Conv1d(180, 90, kernel_size=(1,), stride=(1,))
            (k): Linear(in_features=90, out_features=90, bias=True)
            (v): Linear(in_features=90, out_features=180, bias=True)
            (norm_act): Sequential(
              (0): LayerNorm((90,), eps=1e-05, elementwise_affine=True)
              (1): GELU(approximate='none')
            )
            (cpe): Conv2d(180, 180, kernel_size=(3, 3), stride=(1, 1), padding=(1, 1), groups=180)
            (proj): Linear(in_features=180, out_features=180, bias=True)
            (attn_drop): Dropout(p=0.0, inplace=False)
            (proj_drop): Dropout(p=0.0, inplace=False)
          )
          (drop_path): DropPath(drop_prob=0.071)
          (mlp): MLP(
            (fc1): Linear(in_features=180, out_features=360, bias=True)
            (act): GELU(approximate='none')
            (sg): Gate(
              (norm): LayerNorm((180,), eps=1e-05, elementwise_affine=True)
              (conv): Conv2d(180, 180, kernel_size=(3, 3), stride=(1, 1), padding=(1, 1), groups=180)
            )
            (fc2): Linear(in_features=180, out_features=180, bias=True)
            (drop): Dropout(p=0.0, inplace=False)
          )
          (norm2): LayerNorm((180,), eps=1e-05, elementwise_affine=True)
        )
        (2): Block(
          (norm1): LayerNorm((180,), eps=1e-05, elementwise_affine=True)
          (attn): LCGA(
            (qkv): Linear(in_features=180, out_features=540, bias=True)
            (proj): Linear(in_features=180, out_features=180, bias=True)
            (proj_drop): Dropout(p=0.0, inplace=False)
            (attns): ModuleList(
              (0-1): 2 x WindowAttention(
                (pos): DynamicPosBias(
                  (pos_proj): Linear(in_features=2, out_features=5, bias=True)
                  (pos1): Sequential(
                    (0): LayerNorm((5,), eps=1e-05, elementwise_affine=True)
                    (1): ReLU(inplace=True)
                    (2): Linear(in_features=5, out_features=5, bias=True)
                  )
                  (pos2): Sequential(
                    (0): LayerNorm((5,), eps=1e-05, elementwise_affine=True)
                    (1): ReLU(inplace=True)
                    (2): Linear(in_features=5, out_features=5, bias=True)
                  )
                  (pos3): Sequential(
                    (0): LayerNorm((5,), eps=1e-05, elementwise_affine=True)
                    (1): ReLU(inplace=True)
                    (2): Linear(in_features=5, out_features=3, bias=True)
                  )
                )
                (curvature_conv): Conv2d(90, 90, kernel_size=(3, 3), stride=(1, 1), padding=(1, 1), groups=90, bias=False)
                (attn_drop): Dropout(p=0.0, inplace=False)
              )
            )
            (get_v): Conv2d(180, 180, kernel_size=(3, 3), stride=(1, 1), padding=(1, 1), groups=180)
          )
          (drop_path): DropPath(drop_prob=0.074)
          (mlp): MLP(
            (fc1): Linear(in_features=180, out_features=360, bias=True)
            (act): GELU(approximate='none')
            (sg): Gate(
              (norm): LayerNorm((180,), eps=1e-05, elementwise_affine=True)
              (conv): Conv2d(180, 180, kernel_size=(3, 3), stride=(1, 1), padding=(1, 1), groups=180)
            )
            (fc2): Linear(in_features=180, out_features=180, bias=True)
            (drop): Dropout(p=0.0, inplace=False)
          )
          (norm2): LayerNorm((180,), eps=1e-05, elementwise_affine=True)
        )
        (3): Block(
          (norm1): LayerNorm((180,), eps=1e-05, elementwise_affine=True)
          (attn): CGTA(
            (curvature_conv): Conv2d(180, 180, kernel_size=(3, 3), stride=(1, 1), padding=(1, 1), groups=180, bias=False)
            (gate): RetentionGate(
              (ret_gate): Sequential(
                (0): Linear(in_features=180, out_features=90, bias=True)
                (1): ReLU()
                (2): Linear(in_features=90, out_features=1, bias=True)
                (3): Sigmoid()
              )
            )
            (q): Linear(in_features=180, out_features=90, bias=True)
            (kv_reduce): Conv1d(180, 90, kernel_size=(1,), stride=(1,))
            (k): Linear(in_features=90, out_features=90, bias=True)
            (v): Linear(in_features=90, out_features=180, bias=True)
            (norm_act): Sequential(
              (0): LayerNorm((90,), eps=1e-05, elementwise_affine=True)
              (1): GELU(approximate='none')
            )
            (cpe): Conv2d(180, 180, kernel_size=(3, 3), stride=(1, 1), padding=(1, 1), groups=180)
            (proj): Linear(in_features=180, out_features=180, bias=True)
            (attn_drop): Dropout(p=0.0, inplace=False)
            (proj_drop): Dropout(p=0.0, inplace=False)
          )
          (drop_path): DropPath(drop_prob=0.077)
          (mlp): MLP(
            (fc1): Linear(in_features=180, out_features=360, bias=True)
            (act): GELU(approximate='none')
            (sg): Gate(
              (norm): LayerNorm((180,), eps=1e-05, elementwise_affine=True)
              (conv): Conv2d(180, 180, kernel_size=(3, 3), stride=(1, 1), padding=(1, 1), groups=180)
            )
            (fc2): Linear(in_features=180, out_features=180, bias=True)
            (drop): Dropout(p=0.0, inplace=False)
          )
          (norm2): LayerNorm((180,), eps=1e-05, elementwise_affine=True)
        )
        (4): Block(
          (norm1): LayerNorm((180,), eps=1e-05, elementwise_affine=True)
          (attn): LCGA(
            (qkv): Linear(in_features=180, out_features=540, bias=True)
            (proj): Linear(in_features=180, out_features=180, bias=True)
            (proj_drop): Dropout(p=0.0, inplace=False)
            (attns): ModuleList(
              (0-1): 2 x WindowAttention(
                (pos): DynamicPosBias(
                  (pos_proj): Linear(in_features=2, out_features=5, bias=True)
                  (pos1): Sequential(
                    (0): LayerNorm((5,), eps=1e-05, elementwise_affine=True)
                    (1): ReLU(inplace=True)
                    (2): Linear(in_features=5, out_features=5, bias=True)
                  )
                  (pos2): Sequential(
                    (0): LayerNorm((5,), eps=1e-05, elementwise_affine=True)
                    (1): ReLU(inplace=True)
                    (2): Linear(in_features=5, out_features=5, bias=True)
                  )
                  (pos3): Sequential(
                    (0): LayerNorm((5,), eps=1e-05, elementwise_affine=True)
                    (1): ReLU(inplace=True)
                    (2): Linear(in_features=5, out_features=3, bias=True)
                  )
                )
                (curvature_conv): Conv2d(90, 90, kernel_size=(3, 3), stride=(1, 1), padding=(1, 1), groups=90, bias=False)
                (attn_drop): Dropout(p=0.0, inplace=False)
              )
            )
            (get_v): Conv2d(180, 180, kernel_size=(3, 3), stride=(1, 1), padding=(1, 1), groups=180)
          )
          (drop_path): DropPath(drop_prob=0.080)
          (mlp): MLP(
            (fc1): Linear(in_features=180, out_features=360, bias=True)
            (act): GELU(approximate='none')
            (sg): Gate(
              (norm): LayerNorm((180,), eps=1e-05, elementwise_affine=True)
              (conv): Conv2d(180, 180, kernel_size=(3, 3), stride=(1, 1), padding=(1, 1), groups=180)
            )
            (fc2): Linear(in_features=180, out_features=180, bias=True)
            (drop): Dropout(p=0.0, inplace=False)
          )
          (norm2): LayerNorm((180,), eps=1e-05, elementwise_affine=True)
        )
        (5): Block(
          (norm1): LayerNorm((180,), eps=1e-05, elementwise_affine=True)
          (attn): CGTA(
            (curvature_conv): Conv2d(180, 180, kernel_size=(3, 3), stride=(1, 1), padding=(1, 1), groups=180, bias=False)
            (gate): RetentionGate(
              (ret_gate): Sequential(
                (0): Linear(in_features=180, out_features=90, bias=True)
                (1): ReLU()
                (2): Linear(in_features=90, out_features=1, bias=True)
                (3): Sigmoid()
              )
            )
            (q): Linear(in_features=180, out_features=90, bias=True)
            (kv_reduce): Conv1d(180, 90, kernel_size=(1,), stride=(1,))
            (k): Linear(in_features=90, out_features=90, bias=True)
            (v): Linear(in_features=90, out_features=180, bias=True)
            (norm_act): Sequential(
              (0): LayerNorm((90,), eps=1e-05, elementwise_affine=True)
              (1): GELU(approximate='none')
            )
            (cpe): Conv2d(180, 180, kernel_size=(3, 3), stride=(1, 1), padding=(1, 1), groups=180)
            (proj): Linear(in_features=180, out_features=180, bias=True)
            (attn_drop): Dropout(p=0.0, inplace=False)
            (proj_drop): Dropout(p=0.0, inplace=False)
          )
          (drop_path): DropPath(drop_prob=0.083)
          (mlp): MLP(
            (fc1): Linear(in_features=180, out_features=360, bias=True)
            (act): GELU(approximate='none')
            (sg): Gate(
              (norm): LayerNorm((180,), eps=1e-05, elementwise_affine=True)
              (conv): Conv2d(180, 180, kernel_size=(3, 3), stride=(1, 1), padding=(1, 1), groups=180)
            )
            (fc2): Linear(in_features=180, out_features=180, bias=True)
            (drop): Dropout(p=0.0, inplace=False)
          )
          (norm2): LayerNorm((180,), eps=1e-05, elementwise_affine=True)
        )
      )
      (conv): Conv2d(180, 180, kernel_size=(3, 3), stride=(1, 1), padding=(1, 1))
    )
    (5): ResidualGroup(
      (blocks): ModuleList(
        (0): Block(
          (norm1): LayerNorm((180,), eps=1e-05, elementwise_affine=True)
          (attn): LCGA(
            (qkv): Linear(in_features=180, out_features=540, bias=True)
            (proj): Linear(in_features=180, out_features=180, bias=True)
            (proj_drop): Dropout(p=0.0, inplace=False)
            (attns): ModuleList(
              (0-1): 2 x WindowAttention(
                (pos): DynamicPosBias(
                  (pos_proj): Linear(in_features=2, out_features=5, bias=True)
                  (pos1): Sequential(
                    (0): LayerNorm((5,), eps=1e-05, elementwise_affine=True)
                    (1): ReLU(inplace=True)
                    (2): Linear(in_features=5, out_features=5, bias=True)
                  )
                  (pos2): Sequential(
                    (0): LayerNorm((5,), eps=1e-05, elementwise_affine=True)
                    (1): ReLU(inplace=True)
                    (2): Linear(in_features=5, out_features=5, bias=True)
                  )
                  (pos3): Sequential(
                    (0): LayerNorm((5,), eps=1e-05, elementwise_affine=True)
                    (1): ReLU(inplace=True)
                    (2): Linear(in_features=5, out_features=3, bias=True)
                  )
                )
                (curvature_conv): Conv2d(90, 90, kernel_size=(3, 3), stride=(1, 1), padding=(1, 1), groups=90, bias=False)
                (attn_drop): Dropout(p=0.0, inplace=False)
              )
            )
            (get_v): Conv2d(180, 180, kernel_size=(3, 3), stride=(1, 1), padding=(1, 1), groups=180)
          )
          (drop_path): DropPath(drop_prob=0.086)
          (mlp): MLP(
            (fc1): Linear(in_features=180, out_features=360, bias=True)
            (act): GELU(approximate='none')
            (sg): Gate(
              (norm): LayerNorm((180,), eps=1e-05, elementwise_affine=True)
              (conv): Conv2d(180, 180, kernel_size=(3, 3), stride=(1, 1), padding=(1, 1), groups=180)
            )
            (fc2): Linear(in_features=180, out_features=180, bias=True)
            (drop): Dropout(p=0.0, inplace=False)
          )
          (norm2): LayerNorm((180,), eps=1e-05, elementwise_affine=True)
        )
        (1): Block(
          (norm1): LayerNorm((180,), eps=1e-05, elementwise_affine=True)
          (attn): CGTA(
            (curvature_conv): Conv2d(180, 180, kernel_size=(3, 3), stride=(1, 1), padding=(1, 1), groups=180, bias=False)
            (gate): RetentionGate(
              (ret_gate): Sequential(
                (0): Linear(in_features=180, out_features=90, bias=True)
                (1): ReLU()
                (2): Linear(in_features=90, out_features=1, bias=True)
                (3): Sigmoid()
              )
            )
            (q): Linear(in_features=180, out_features=90, bias=True)
            (kv_reduce): Conv1d(180, 90, kernel_size=(1,), stride=(1,))
            (k): Linear(in_features=90, out_features=90, bias=True)
            (v): Linear(in_features=90, out_features=180, bias=True)
            (norm_act): Sequential(
              (0): LayerNorm((90,), eps=1e-05, elementwise_affine=True)
              (1): GELU(approximate='none')
            )
            (cpe): Conv2d(180, 180, kernel_size=(3, 3), stride=(1, 1), padding=(1, 1), groups=180)
            (proj): Linear(in_features=180, out_features=180, bias=True)
            (attn_drop): Dropout(p=0.0, inplace=False)
            (proj_drop): Dropout(p=0.0, inplace=False)
          )
          (drop_path): DropPath(drop_prob=0.089)
          (mlp): MLP(
            (fc1): Linear(in_features=180, out_features=360, bias=True)
            (act): GELU(approximate='none')
            (sg): Gate(
              (norm): LayerNorm((180,), eps=1e-05, elementwise_affine=True)
              (conv): Conv2d(180, 180, kernel_size=(3, 3), stride=(1, 1), padding=(1, 1), groups=180)
            )
            (fc2): Linear(in_features=180, out_features=180, bias=True)
            (drop): Dropout(p=0.0, inplace=False)
          )
          (norm2): LayerNorm((180,), eps=1e-05, elementwise_affine=True)
        )
        (2): Block(
          (norm1): LayerNorm((180,), eps=1e-05, elementwise_affine=True)
          (attn): LCGA(
            (qkv): Linear(in_features=180, out_features=540, bias=True)
            (proj): Linear(in_features=180, out_features=180, bias=True)
            (proj_drop): Dropout(p=0.0, inplace=False)
            (attns): ModuleList(
              (0-1): 2 x WindowAttention(
                (pos): DynamicPosBias(
                  (pos_proj): Linear(in_features=2, out_features=5, bias=True)
                  (pos1): Sequential(
                    (0): LayerNorm((5,), eps=1e-05, elementwise_affine=True)
                    (1): ReLU(inplace=True)
                    (2): Linear(in_features=5, out_features=5, bias=True)
                  )
                  (pos2): Sequential(
                    (0): LayerNorm((5,), eps=1e-05, elementwise_affine=True)
                    (1): ReLU(inplace=True)
                    (2): Linear(in_features=5, out_features=5, bias=True)
                  )
                  (pos3): Sequential(
                    (0): LayerNorm((5,), eps=1e-05, elementwise_affine=True)
                    (1): ReLU(inplace=True)
                    (2): Linear(in_features=5, out_features=3, bias=True)
                  )
                )
                (curvature_conv): Conv2d(90, 90, kernel_size=(3, 3), stride=(1, 1), padding=(1, 1), groups=90, bias=False)
                (attn_drop): Dropout(p=0.0, inplace=False)
              )
            )
            (get_v): Conv2d(180, 180, kernel_size=(3, 3), stride=(1, 1), padding=(1, 1), groups=180)
          )
          (drop_path): DropPath(drop_prob=0.091)
          (mlp): MLP(
            (fc1): Linear(in_features=180, out_features=360, bias=True)
            (act): GELU(approximate='none')
            (sg): Gate(
              (norm): LayerNorm((180,), eps=1e-05, elementwise_affine=True)
              (conv): Conv2d(180, 180, kernel_size=(3, 3), stride=(1, 1), padding=(1, 1), groups=180)
            )
            (fc2): Linear(in_features=180, out_features=180, bias=True)
            (drop): Dropout(p=0.0, inplace=False)
          )
          (norm2): LayerNorm((180,), eps=1e-05, elementwise_affine=True)
        )
        (3): Block(
          (norm1): LayerNorm((180,), eps=1e-05, elementwise_affine=True)
          (attn): CGTA(
            (curvature_conv): Conv2d(180, 180, kernel_size=(3, 3), stride=(1, 1), padding=(1, 1), groups=180, bias=False)
            (gate): RetentionGate(
              (ret_gate): Sequential(
                (0): Linear(in_features=180, out_features=90, bias=True)
                (1): ReLU()
                (2): Linear(in_features=90, out_features=1, bias=True)
                (3): Sigmoid()
              )
            )
            (q): Linear(in_features=180, out_features=90, bias=True)
            (kv_reduce): Conv1d(180, 90, kernel_size=(1,), stride=(1,))
            (k): Linear(in_features=90, out_features=90, bias=True)
            (v): Linear(in_features=90, out_features=180, bias=True)
            (norm_act): Sequential(
              (0): LayerNorm((90,), eps=1e-05, elementwise_affine=True)
              (1): GELU(approximate='none')
            )
            (cpe): Conv2d(180, 180, kernel_size=(3, 3), stride=(1, 1), padding=(1, 1), groups=180)
            (proj): Linear(in_features=180, out_features=180, bias=True)
            (attn_drop): Dropout(p=0.0, inplace=False)
            (proj_drop): Dropout(p=0.0, inplace=False)
          )
          (drop_path): DropPath(drop_prob=0.094)
          (mlp): MLP(
            (fc1): Linear(in_features=180, out_features=360, bias=True)
            (act): GELU(approximate='none')
            (sg): Gate(
              (norm): LayerNorm((180,), eps=1e-05, elementwise_affine=True)
              (conv): Conv2d(180, 180, kernel_size=(3, 3), stride=(1, 1), padding=(1, 1), groups=180)
            )
            (fc2): Linear(in_features=180, out_features=180, bias=True)
            (drop): Dropout(p=0.0, inplace=False)
          )
          (norm2): LayerNorm((180,), eps=1e-05, elementwise_affine=True)
        )
        (4): Block(
          (norm1): LayerNorm((180,), eps=1e-05, elementwise_affine=True)
          (attn): LCGA(
            (qkv): Linear(in_features=180, out_features=540, bias=True)
            (proj): Linear(in_features=180, out_features=180, bias=True)
            (proj_drop): Dropout(p=0.0, inplace=False)
            (attns): ModuleList(
              (0-1): 2 x WindowAttention(
                (pos): DynamicPosBias(
                  (pos_proj): Linear(in_features=2, out_features=5, bias=True)
                  (pos1): Sequential(
                    (0): LayerNorm((5,), eps=1e-05, elementwise_affine=True)
                    (1): ReLU(inplace=True)
                    (2): Linear(in_features=5, out_features=5, bias=True)
                  )
                  (pos2): Sequential(
                    (0): LayerNorm((5,), eps=1e-05, elementwise_affine=True)
                    (1): ReLU(inplace=True)
                    (2): Linear(in_features=5, out_features=5, bias=True)
                  )
                  (pos3): Sequential(
                    (0): LayerNorm((5,), eps=1e-05, elementwise_affine=True)
                    (1): ReLU(inplace=True)
                    (2): Linear(in_features=5, out_features=3, bias=True)
                  )
                )
                (curvature_conv): Conv2d(90, 90, kernel_size=(3, 3), stride=(1, 1), padding=(1, 1), groups=90, bias=False)
                (attn_drop): Dropout(p=0.0, inplace=False)
              )
            )
            (get_v): Conv2d(180, 180, kernel_size=(3, 3), stride=(1, 1), padding=(1, 1), groups=180)
          )
          (drop_path): DropPath(drop_prob=0.097)
          (mlp): MLP(
            (fc1): Linear(in_features=180, out_features=360, bias=True)
            (act): GELU(approximate='none')
            (sg): Gate(
              (norm): LayerNorm((180,), eps=1e-05, elementwise_affine=True)
              (conv): Conv2d(180, 180, kernel_size=(3, 3), stride=(1, 1), padding=(1, 1), groups=180)
            )
            (fc2): Linear(in_features=180, out_features=180, bias=True)
            (drop): Dropout(p=0.0, inplace=False)
          )
          (norm2): LayerNorm((180,), eps=1e-05, elementwise_affine=True)
        )
        (5): Block(
          (norm1): LayerNorm((180,), eps=1e-05, elementwise_affine=True)
          (attn): CGTA(
            (curvature_conv): Conv2d(180, 180, kernel_size=(3, 3), stride=(1, 1), padding=(1, 1), groups=180, bias=False)
            (gate): RetentionGate(
              (ret_gate): Sequential(
                (0): Linear(in_features=180, out_features=90, bias=True)
                (1): ReLU()
                (2): Linear(in_features=90, out_features=1, bias=True)
                (3): Sigmoid()
              )
            )
            (q): Linear(in_features=180, out_features=90, bias=True)
            (kv_reduce): Conv1d(180, 90, kernel_size=(1,), stride=(1,))
            (k): Linear(in_features=90, out_features=90, bias=True)
            (v): Linear(in_features=90, out_features=180, bias=True)
            (norm_act): Sequential(
              (0): LayerNorm((90,), eps=1e-05, elementwise_affine=True)
              (1): GELU(approximate='none')
            )
            (cpe): Conv2d(180, 180, kernel_size=(3, 3), stride=(1, 1), padding=(1, 1), groups=180)
            (proj): Linear(in_features=180, out_features=180, bias=True)
            (attn_drop): Dropout(p=0.0, inplace=False)
            (proj_drop): Dropout(p=0.0, inplace=False)
          )
          (drop_path): DropPath(drop_prob=0.100)
          (mlp): MLP(
            (fc1): Linear(in_features=180, out_features=360, bias=True)
            (act): GELU(approximate='none')
            (sg): Gate(
              (norm): LayerNorm((180,), eps=1e-05, elementwise_affine=True)
              (conv): Conv2d(180, 180, kernel_size=(3, 3), stride=(1, 1), padding=(1, 1), groups=180)
            )
            (fc2): Linear(in_features=180, out_features=180, bias=True)
            (drop): Dropout(p=0.0, inplace=False)
          )
          (norm2): LayerNorm((180,), eps=1e-05, elementwise_affine=True)
        )
      )
      (conv): Conv2d(180, 180, kernel_size=(3, 3), stride=(1, 1), padding=(1, 1))
    )
  )
  (norm): LayerNorm((180,), eps=1e-05, elementwise_affine=True)
  (conv_after_body): Conv2d(180, 180, kernel_size=(3, 3), stride=(1, 1), padding=(1, 1))
  (conv_before_upsample): Sequential(
    (0): Conv2d(180, 64, kernel_size=(3, 3), stride=(1, 1), padding=(1, 1))
    (1): LeakyReLU(negative_slope=0.01, inplace=True)
  )
  (upsample): Upsample(
    (0): Conv2d(64, 256, kernel_size=(3, 3), stride=(1, 1), padding=(1, 1))
    (1): PixelShuffle(upscale_factor=2)
    (2): Conv2d(64, 256, kernel_size=(3, 3), stride=(1, 1), padding=(1, 1))
    (3): PixelShuffle(upscale_factor=2)
  )
  (conv_last): Conv2d(64, 3, kernel_size=(3, 3), stride=(1, 1), padding=(1, 1))
)
Preparing loss function:
1.000 * L1

🏃 Starting training...
[Epoch 1]	Learning rate: 2.00e-4
/root/miniconda3/envs/transenet-pren/lib/python3.8/site-packages/torch/functional.py:504: UserWarning: torch.meshgrid: in an upcoming release, it will be required to pass the indexing argument. (Triggered internally at /opt/conda/conda-bld/pytorch_1695392020195/work/aten/src/ATen/native/TensorShape.cpp:3526.)
  return _VF.meshgrid(tensors, **kwargs)  # type: ignore[attr-defined]
[40/1120]	[L1: 0.1147]	4.5+0.1s
[80/1120]	[L1: 0.1041]	2.6+0.0s
[120/1120]	[L1: 0.1056]	2.5+0.0s
[160/1120]	[L1: 0.1014]	2.6+0.0s
[200/1120]	[L1: 0.0977]	2.7+0.0s
[240/1120]	[L1: 0.0955]	2.6+0.0s
[280/1120]	[L1: 0.0946]	2.6+0.0s
[320/1120]	[L1: 0.0922]	2.6+0.0s
[360/1120]	[L1: 0.0895]	2.5+0.0s
[400/1120]	[L1: 0.0886]	2.5+0.0s
[440/1120]	[L1: 0.0868]	2.7+0.0s
[480/1120]	[L1: 0.0853]	2.5+0.0s
[520/1120]	[L1: 0.0842]	2.5+0.0s
[560/1120]	[L1: 0.0830]	2.5+0.0s
[600/1120]	[L1: 0.0819]	2.6+0.0s
[640/1120]	[L1: 0.0809]	2.7+0.0s
[680/1120]	[L1: 0.0800]	2.6+0.0s
[720/1120]	[L1: 0.0789]	2.7+0.0s
[760/1120]	[L1: 0.0783]	2.6+0.0s
[800/1120]	[L1: 0.0777]	2.6+0.0s
[840/1120]	[L1: 0.0773]	2.6+0.0s
[880/1120]	[L1: 0.0769]	2.7+0.0s
[920/1120]	[L1: 0.0759]	2.6+0.0s
[960/1120]	[L1: 0.0757]	2.6+0.0s
[1000/1120]	[L1: 0.0748]	2.6+0.0s
[1040/1120]	[L1: 0.0744]	2.6+0.0s
[1080/1120]	[L1: 0.0737]	2.7+0.0s
[1120/1120]	[L1: 0.0729]	2.6+0.0s

Evaluation:
[RSSCN7 x4]	psnr: 24.548 (Best: 24.548 @epoch 1)
Total time: 77.33s

[Epoch 2]	Learning rate: 2.00e-4
[40/1120]	[L1: 0.0546]	4.2+0.0s
[80/1120]	[L1: 0.0585]	3.5+0.0s
[120/1120]	[L1: 0.0587]	3.6+0.0s
[160/1120]	[L1: 0.0600]	3.5+0.0s
[200/1120]	[L1: 0.0594]	3.3+0.0s
[240/1120]	[L1: 0.0574]	2.8+0.0s
[280/1120]	[L1: 0.0567]	2.9+0.0s
[320/1120]	[L1: 0.0554]	2.6+0.0s
[360/1120]	[L1: 0.0551]	2.6+0.0s
[400/1120]	[L1: 0.0542]	2.6+0.0s
[440/1120]	[L1: 0.0546]	2.6+0.0s
[480/1120]	[L1: 0.0540]	2.7+0.0s
[520/1120]	[L1: 0.0539]	2.6+0.0s
[560/1120]	[L1: 0.0537]	2.6+0.0s
[600/1120]	[L1: 0.0534]	2.6+0.0s
[640/1120]	[L1: 0.0533]	2.8+0.0s
[680/1120]	[L1: 0.0529]	2.6+0.0s
[720/1120]	[L1: 0.0528]	2.7+0.0s
[760/1120]	[L1: 0.0525]	2.6+0.0s
[800/1120]	[L1: 0.0523]	2.6+0.0s
[840/1120]	[L1: 0.0523]	2.6+0.0s
[880/1120]	[L1: 0.0521]	2.6+0.0s
[920/1120]	[L1: 0.0519]	2.7+0.0s
[960/1120]	[L1: 0.0518]	2.6+0.0s
[1000/1120]	[L1: 0.0516]	2.6+0.0s
[1040/1120]	[L1: 0.0516]	2.6+0.0s
[1080/1120]	[L1: 0.0514]	2.6+0.0s
[1120/1120]	[L1: 0.0511]	2.6+0.0s

Evaluation:
[RSSCN7 x4]	psnr: 25.206 (Best: 25.206 @epoch 2)
Total time: 42.99s

[Epoch 3]	Learning rate: 2.00e-4
[40/1120]	[L1: 0.0455]	3.9+0.0s
[80/1120]	[L1: 0.0426]	3.4+0.0s
[120/1120]	[L1: 0.0446]	4.0+0.0s
[160/1120]	[L1: 0.0469]	3.2+0.0s
[200/1120]	[L1: 0.0466]	3.3+0.0s
[240/1120]	[L1: 0.0481]	3.3+0.0s
[280/1120]	[L1: 0.0476]	3.1+0.0s
[320/1120]	[L1: 0.0473]	3.2+0.0s
[360/1120]	[L1: 0.0471]	3.1+0.0s
[400/1120]	[L1: 0.0469]	3.8+0.0s
[440/1120]	[L1: 0.0464]	3.2+0.0s
[480/1120]	[L1: 0.0460]	2.8+0.0s
[520/1120]	[L1: 0.0460]	2.5+0.0s
[560/1120]	[L1: 0.0459]	2.6+0.0s
[600/1120]	[L1: 0.0459]	2.6+0.0s
[640/1120]	[L1: 0.0460]	2.6+0.0s
[680/1120]	[L1: 0.0458]	2.6+0.0s
[720/1120]	[L1: 0.0456]	2.6+0.0s
[760/1120]	[L1: 0.0455]	2.6+0.0s
[800/1120]	[L1: 0.0455]	2.6+0.0s
[840/1120]	[L1: 0.0453]	2.7+0.0s
[880/1120]	[L1: 0.0452]	2.6+0.0s
[920/1120]	[L1: 0.0451]	2.6+0.0s
[960/1120]	[L1: 0.0451]	2.6+0.0s
[1000/1120]	[L1: 0.0451]	2.7+0.0s
[1040/1120]	[L1: 0.0452]	2.6+0.0s
[1080/1120]	[L1: 0.0452]	2.6+0.0s
[1120/1120]	[L1: 0.0453]	2.6+0.0s

Evaluation:
[RSSCN7 x4]	psnr: 24.523 (Best: 25.206 @epoch 2)
Total time: 28.11s

[Epoch 4]	Learning rate: 2.00e-4
[40/1120]	[L1: 0.0450]	2.9+0.0s
[80/1120]	[L1: 0.0459]	2.7+0.0s
[120/1120]	[L1: 0.0460]	2.6+0.0s
[160/1120]	[L1: 0.0464]	2.6+0.0s
[200/1120]	[L1: 0.0457]	2.7+0.0s
[240/1120]	[L1: 0.0442]	3.1+0.0s
[280/1120]	[L1: 0.0439]	3.2+0.0s
[320/1120]	[L1: 0.0443]	3.0+0.0s
[360/1120]	[L1: 0.0441]	3.1+0.0s
[400/1120]	[L1: 0.0438]	3.0+0.0s
[440/1120]	[L1: 0.0435]	3.0+0.0s
[480/1120]	[L1: 0.0435]	2.9+0.0s
[520/1120]	[L1: 0.0434]	3.0+0.0s
[560/1120]	[L1: 0.0433]	2.8+0.0s
[600/1120]	[L1: 0.0431]	2.7+0.0s
[640/1120]	[L1: 0.0434]	2.8+0.0s
[680/1120]	[L1: 0.0433]	2.9+0.0s
[720/1120]	[L1: 0.0434]	2.8+0.0s
[760/1120]	[L1: 0.0430]	2.7+0.0s
[800/1120]	[L1: 0.0430]	2.8+0.0s
[840/1120]	[L1: 0.0431]	2.7+0.0s
[880/1120]	[L1: 0.0432]	2.6+0.0s
[920/1120]	[L1: 0.0434]	2.6+0.0s
[960/1120]	[L1: 0.0434]	2.5+0.0s
[1000/1120]	[L1: 0.0433]	2.6+0.0s
[1040/1120]	[L1: 0.0432]	2.6+0.0s
[1080/1120]	[L1: 0.0432]	2.5+0.0s
[1120/1120]	[L1: 0.0433]	2.6+0.0s

Evaluation:
[RSSCN7 x4]	psnr: 25.354 (Best: 25.354 @epoch 4)
Total time: 27.81s

[Epoch 5]	Learning rate: 2.00e-4
[40/1120]	[L1: 0.0430]	2.6+0.0s
[80/1120]	[L1: 0.0411]	2.6+0.0s
[120/1120]	[L1: 0.0410]	2.6+0.0s
[160/1120]	[L1: 0.0408]	2.6+0.0s
[200/1120]	[L1: 0.0412]	2.6+0.0s
[240/1120]	[L1: 0.0411]	2.6+0.0s
[280/1120]	[L1: 0.0417]	2.6+0.0s
[320/1120]	[L1: 0.0411]	2.6+0.0s
[360/1120]	[L1: 0.0410]	2.6+0.0s
[400/1120]	[L1: 0.0410]	2.6+0.0s
[440/1120]	[L1: 0.0406]	2.7+0.0s
[480/1120]	[L1: 0.0408]	2.9+0.0s
[520/1120]	[L1: 0.0407]	2.7+0.0s
[560/1120]	[L1: 0.0406]	2.9+0.0s
[600/1120]	[L1: 0.0405]	2.7+0.0s
[640/1120]	[L1: 0.0404]	2.9+0.0s
[680/1120]	[L1: 0.0404]	2.8+0.0s
[720/1120]	[L1: 0.0402]	2.6+0.0s
[760/1120]	[L1: 0.0399]	2.8+0.0s
[800/1120]	[L1: 0.0401]	2.9+0.0s
[840/1120]	[L1: 0.0402]	2.8+0.1s
[880/1120]	[L1: 0.0401]	2.7+0.0s
[920/1120]	[L1: 0.0403]	2.8+0.0s
[960/1120]	[L1: 0.0400]	2.8+0.0s
[1000/1120]	[L1: 0.0403]	2.7+0.0s
[1040/1120]	[L1: 0.0403]	2.7+0.0s
[1080/1120]	[L1: 0.0402]	2.6+0.0s
[1120/1120]	[L1: 0.0400]	2.6+0.0s

Evaluation:
[RSSCN7 x4]	psnr: 26.634 (Best: 26.634 @epoch 5)
Total time: 28.04s

[Epoch 6]	Learning rate: 2.00e-4
[40/1120]	[L1: 0.0386]	2.6+0.0s
[80/1120]	[L1: 0.0410]	2.5+0.0s
[120/1120]	[L1: 0.0406]	2.5+0.0s
[160/1120]	[L1: 0.0394]	2.5+0.0s
[200/1120]	[L1: 0.0390]	2.5+0.0s
[240/1120]	[L1: 0.0386]	2.5+0.0s
[280/1120]	[L1: 0.0386]	2.7+0.0s
[320/1120]	[L1: 0.0392]	2.5+0.0s
[360/1120]	[L1: 0.0394]	2.5+0.0s
[400/1120]	[L1: 0.0389]	2.5+0.0s
[440/1120]	[L1: 0.0388]	2.5+0.0s
[480/1120]	[L1: 0.0389]	2.6+0.0s
[520/1120]	[L1: 0.0392]	2.5+0.0s
[560/1120]	[L1: 0.0391]	2.5+0.0s
[600/1120]	[L1: 0.0395]	2.5+0.0s
[640/1120]	[L1: 0.0395]	2.5+0.0s
[680/1120]	[L1: 0.0391]	2.5+0.0s
[720/1120]	[L1: 0.0393]	2.6+0.0s
[760/1120]	[L1: 0.0389]	2.7+0.0s
[800/1120]	[L1: 0.0388]	2.8+0.0s
[840/1120]	[L1: 0.0388]	3.0+0.0s
[880/1120]	[L1: 0.0388]	2.8+0.0s
[920/1120]	[L1: 0.0387]	2.9+0.0s
[960/1120]	[L1: 0.0387]	2.8+0.0s
[1000/1120]	[L1: 0.0387]	2.8+0.0s
[1040/1120]	[L1: 0.0387]	2.8+0.0s
[1080/1120]	[L1: 0.0385]	2.8+0.0s
[1120/1120]	[L1: 0.0385]	2.8+0.0s

Evaluation:
[RSSCN7 x4]	psnr: 26.871 (Best: 26.871 @epoch 6)
Total time: 73.11s

[Epoch 7]	Learning rate: 2.00e-4
[40/1120]	[L1: 0.0394]	2.6+0.0s
[80/1120]	[L1: 0.0363]	2.5+0.0s
[120/1120]	[L1: 0.0373]	2.5+0.0s
[160/1120]	[L1: 0.0375]	2.5+0.0s
[200/1120]	[L1: 0.0368]	2.6+0.0s
[240/1120]	[L1: 0.0377]	2.5+0.0s
[280/1120]	[L1: 0.0387]	2.5+0.0s
[320/1120]	[L1: 0.0389]	2.5+0.0s
[360/1120]	[L1: 0.0383]	2.6+0.0s
[400/1120]	[L1: 0.0389]	2.6+0.0s
[440/1120]	[L1: 0.0392]	2.5+0.0s
[480/1120]	[L1: 0.0392]	2.5+0.0s
[520/1120]	[L1: 0.0393]	2.5+0.0s
[560/1120]	[L1: 0.0393]	2.5+0.0s
[600/1120]	[L1: 0.0392]	2.5+0.0s
[640/1120]	[L1: 0.0390]	2.6+0.0s
[680/1120]	[L1: 0.0389]	2.6+0.0s
[720/1120]	[L1: 0.0387]	2.4+0.0s
[760/1120]	[L1: 0.0386]	2.6+0.0s
[800/1120]	[L1: 0.0382]	2.7+0.0s
[840/1120]	[L1: 0.0384]	2.6+0.0s
[880/1120]	[L1: 0.0387]	2.6+0.0s
[920/1120]	[L1: 0.0385]	2.6+0.0s
[960/1120]	[L1: 0.0385]	2.6+0.0s
[1000/1120]	[L1: 0.0387]	2.6+0.0s
[1040/1120]	[L1: 0.0389]	2.6+0.0s
[1080/1120]	[L1: 0.0390]	2.9+0.0s
[1120/1120]	[L1: 0.0389]	3.1+0.0s

Evaluation:
[RSSCN7 x4]	psnr: 26.259 (Best: 26.871 @epoch 6)
Total time: 94.47s

[Epoch 8]	Learning rate: 2.00e-4
[40/1120]	[L1: 0.0366]	3.0+0.0s
[80/1120]	[L1: 0.0347]	2.6+0.0s
[120/1120]	[L1: 0.0366]	2.5+0.0s
[160/1120]	[L1: 0.0364]	2.5+0.0s
[200/1120]	[L1: 0.0367]	2.6+0.0s
[240/1120]	[L1: 0.0361]	2.6+0.0s
[280/1120]	[L1: 0.0368]	2.5+0.0s
[320/1120]	[L1: 0.0371]	2.6+0.0s
[360/1120]	[L1: 0.0370]	2.6+0.0s
[400/1120]	[L1: 0.0370]	2.6+0.0s
[440/1120]	[L1: 0.0373]	2.8+0.0s
[480/1120]	[L1: 0.0374]	2.7+0.0s
[520/1120]	[L1: 0.0373]	2.7+0.0s
[560/1120]	[L1: 0.0375]	2.6+0.0s
[600/1120]	[L1: 0.0378]	2.6+0.0s
[640/1120]	[L1: 0.0380]	2.6+0.0s
[680/1120]	[L1: 0.0379]	2.6+0.0s
[720/1120]	[L1: 0.0379]	2.6+0.0s
[760/1120]	[L1: 0.0378]	2.7+0.0s
[800/1120]	[L1: 0.0377]	2.6+0.0s
[840/1120]	[L1: 0.0377]	2.6+0.0s
[880/1120]	[L1: 0.0377]	2.6+0.0s
[920/1120]	[L1: 0.0375]	2.7+0.0s
[960/1120]	[L1: 0.0374]	2.6+0.0s
[1000/1120]	[L1: 0.0374]	2.6+0.0s
[1040/1120]	[L1: 0.0374]	2.6+0.0s
[1080/1120]	[L1: 0.0373]	2.6+0.0s
[1120/1120]	[L1: 0.0375]	2.6+0.0s

Evaluation:
[RSSCN7 x4]	psnr: 26.855 (Best: 26.871 @epoch 6)
Total time: 72.30s

[Epoch 9]	Learning rate: 2.00e-4
[40/1120]	[L1: 0.0343]	3.3+0.0s
[80/1120]	[L1: 0.0347]	2.9+0.0s
[120/1120]	[L1: 0.0355]	2.8+0.0s
[160/1120]	[L1: 0.0357]	2.7+0.0s
[200/1120]	[L1: 0.0363]	2.8+0.0s
[240/1120]	[L1: 0.0367]	2.6+0.0s
[280/1120]	[L1: 0.0369]	2.9+0.0s
[320/1120]	[L1: 0.0367]	2.9+0.0s
[360/1120]	[L1: 0.0363]	2.7+0.0s
[400/1120]	[L1: 0.0365]	2.6+0.0s
[440/1120]	[L1: 0.0368]	2.7+0.0s
[480/1120]	[L1: 0.0369]	2.9+0.0s
[520/1120]	[L1: 0.0367]	2.8+0.0s
[560/1120]	[L1: 0.0372]	2.6+0.0s
[600/1120]	[L1: 0.0372]	2.7+0.0s
[640/1120]	[L1: 0.0372]	2.6+0.0s
[680/1120]	[L1: 0.0370]	2.6+0.0s
[720/1120]	[L1: 0.0373]	2.6+0.0s
[760/1120]	[L1: 0.0371]	2.6+0.0s
[800/1120]	[L1: 0.0371]	2.6+0.0s
[840/1120]	[L1: 0.0370]	2.6+0.0s
[880/1120]	[L1: 0.0372]	2.7+0.0s
[920/1120]	[L1: 0.0372]	2.6+0.0s
[960/1120]	[L1: 0.0372]	2.6+0.0s
[1000/1120]	[L1: 0.0370]	2.6+0.0s
[1040/1120]	[L1: 0.0369]	2.6+0.0s
[1080/1120]	[L1: 0.0369]	2.7+0.0s
[1120/1120]	[L1: 0.0369]	2.6+0.0s

Evaluation:
[RSSCN7 x4]	psnr: 26.813 (Best: 26.871 @epoch 6)
Total time: 33.24s

[Epoch 10]	Learning rate: 2.00e-4
[40/1120]	[L1: 0.0347]	2.9+0.0s
[80/1120]	[L1: 0.0334]	2.9+0.0s
[120/1120]	[L1: 0.0341]	3.0+0.0s
[160/1120]	[L1: 0.0355]	2.7+0.0s
[200/1120]	[L1: 0.0368]	2.8+0.0s
[240/1120]	[L1: 0.0377]	2.8+0.0s
[280/1120]	[L1: 0.0369]	2.7+0.0s
[320/1120]	[L1: 0.0367]	2.9+0.0s
[360/1120]	[L1: 0.0366]	2.9+0.0s
[400/1120]	[L1: 0.0372]	2.6+0.0s
[440/1120]	[L1: 0.0378]	2.7+0.0s
[480/1120]	[L1: 0.0375]	2.8+0.0s
[520/1120]	[L1: 0.0376]	2.7+0.0s
[560/1120]	[L1: 0.0372]	2.7+0.0s
[600/1120]	[L1: 0.0371]	2.6+0.0s
[640/1120]	[L1: 0.0370]	2.5+0.0s
[680/1120]	[L1: 0.0368]	2.6+0.0s
[720/1120]	[L1: 0.0368]	2.6+0.0s
[760/1120]	[L1: 0.0369]	2.5+0.0s
[800/1120]	[L1: 0.0370]	2.6+0.0s
[840/1120]	[L1: 0.0370]	2.6+0.0s
[880/1120]	[L1: 0.0373]	2.8+0.0s
[920/1120]	[L1: 0.0371]	2.8+0.0s
[960/1120]	[L1: 0.0370]	2.9+0.0s
[1000/1120]	[L1: 0.0369]	2.8+0.0s
[1040/1120]	[L1: 0.0367]	2.8+0.0s
[1080/1120]	[L1: 0.0367]	2.7+0.0s
[1120/1120]	[L1: 0.0367]	2.6+0.0s

Evaluation:
[RSSCN7 x4]	psnr: 26.943 (Best: 26.943 @epoch 10)
Total time: 28.76s

[Epoch 11]	Learning rate: 2.00e-4
[40/1120]	[L1: 0.0329]	2.6+0.0s
[80/1120]	[L1: 0.0350]	2.5+0.0s
[120/1120]	[L1: 0.0368]	2.6+0.0s
[160/1120]	[L1: 0.0363]	2.6+0.0s
[200/1120]	[L1: 0.0363]	2.7+0.0s
[240/1120]	[L1: 0.0364]	2.8+0.0s
[280/1120]	[L1: 0.0366]	2.8+0.0s
[320/1120]	[L1: 0.0368]	3.0+0.0s
[360/1120]	[L1: 0.0369]	3.0+0.0s
[400/1120]	[L1: 0.0367]	3.1+0.0s
[440/1120]	[L1: 0.0362]	3.2+0.0s
[480/1120]	[L1: 0.0367]	3.0+0.0s
[520/1120]	[L1: 0.0370]	3.2+0.0s
[560/1120]	[L1: 0.0368]	3.0+0.0s
[600/1120]	[L1: 0.0369]	2.9+0.0s
[640/1120]	[L1: 0.0369]	2.8+0.0s
[680/1120]	[L1: 0.0369]	2.8+0.0s
[720/1120]	[L1: 0.0368]	2.8+0.0s
[760/1120]	[L1: 0.0365]	2.8+0.0s
[800/1120]	[L1: 0.0365]	3.2+0.0s
[840/1120]	[L1: 0.0365]	2.8+0.0s
[880/1120]	[L1: 0.0364]	2.8+0.0s
[920/1120]	[L1: 0.0365]	2.5+0.0s
[960/1120]	[L1: 0.0363]	2.6+0.0s
[1000/1120]	[L1: 0.0361]	2.6+0.0s
[1040/1120]	[L1: 0.0362]	2.7+0.0s
[1080/1120]	[L1: 0.0361]	2.7+0.0s
[1120/1120]	[L1: 0.0363]	2.6+0.0s

Evaluation:
[RSSCN7 x4]	psnr: 26.671 (Best: 26.943 @epoch 10)
Total time: 28.07s

[Epoch 12]	Learning rate: 2.00e-4
[40/1120]	[L1: 0.0412]	2.6+0.0s
[80/1120]	[L1: 0.0386]	2.7+0.0s
[120/1120]	[L1: 0.0365]	2.5+0.0s
[160/1120]	[L1: 0.0359]	2.6+0.0s
[200/1120]	[L1: 0.0355]	2.6+0.0s
[240/1120]	[L1: 0.0350]	2.6+0.0s
[280/1120]	[L1: 0.0345]	2.5+0.0s
[320/1120]	[L1: 0.0348]	2.6+0.0s
[360/1120]	[L1: 0.0348]	2.6+0.0s
[400/1120]	[L1: 0.0348]	2.6+0.0s
[440/1120]	[L1: 0.0351]	2.6+0.0s
[480/1120]	[L1: 0.0352]	2.6+0.0s
[520/1120]	[L1: 0.0353]	2.8+0.0s
[560/1120]	[L1: 0.0352]	2.8+0.0s
[600/1120]	[L1: 0.0355]	2.7+0.0s
[640/1120]	[L1: 0.0355]	2.9+0.0s
[680/1120]	[L1: 0.0355]	2.9+0.0s
[720/1120]	[L1: 0.0358]	3.0+0.0s
[760/1120]	[L1: 0.0359]	3.0+0.0s
[800/1120]	[L1: 0.0357]	3.3+0.0s
[840/1120]	[L1: 0.0358]	3.1+0.0s
[880/1120]	[L1: 0.0356]	3.1+0.0s
[920/1120]	[L1: 0.0358]	3.0+0.0s
[960/1120]	[L1: 0.0361]	3.0+0.0s
[1000/1120]	[L1: 0.0360]	2.9+0.0s
[1040/1120]	[L1: 0.0358]	2.6+0.0s
[1080/1120]	[L1: 0.0357]	2.6+0.0s
[1120/1120]	[L1: 0.0356]	2.6+0.0s

Evaluation:
[RSSCN7 x4]	psnr: 26.880 (Best: 26.943 @epoch 10)
Total time: 29.04s

[Epoch 13]	Learning rate: 2.00e-4
[40/1120]	[L1: 0.0329]	2.6+0.1s
[80/1120]	[L1: 0.0313]	2.7+0.0s
[120/1120]	[L1: 0.0328]	2.7+0.0s
[160/1120]	[L1: 0.0338]	2.6+0.0s
[200/1120]	[L1: 0.0336]	2.5+0.0s
[240/1120]	[L1: 0.0335]	2.6+0.0s
[280/1120]	[L1: 0.0333]	2.6+0.0s
[320/1120]	[L1: 0.0336]	2.6+0.0s
[360/1120]	[L1: 0.0342]	2.6+0.0s
[400/1120]	[L1: 0.0342]	2.5+0.0s
[440/1120]	[L1: 0.0344]	2.6+0.0s
[480/1120]	[L1: 0.0348]	2.6+0.0s
[520/1120]	[L1: 0.0354]	2.6+0.0s
[560/1120]	[L1: 0.0352]	2.6+0.0s
[600/1120]	[L1: 0.0351]	2.6+0.0s
[640/1120]	[L1: 0.0351]	2.6+0.0s
[680/1120]	[L1: 0.0352]	2.6+0.0s
[720/1120]	[L1: 0.0350]	2.6+0.0s
[760/1120]	[L1: 0.0350]	2.6+0.0s
[800/1120]	[L1: 0.0349]	2.7+0.0s
[840/1120]	[L1: 0.0349]	3.0+0.0s
[880/1120]	[L1: 0.0350]	3.3+0.0s
[920/1120]	[L1: 0.0352]	3.2+0.0s
[960/1120]	[L1: 0.0354]	3.1+0.0s
[1000/1120]	[L1: 0.0353]	3.2+0.0s
[1040/1120]	[L1: 0.0353]	3.1+0.0s
[1080/1120]	[L1: 0.0354]	3.3+0.0s
[1120/1120]	[L1: 0.0355]	3.3+0.0s

Evaluation:
[RSSCN7 x4]	psnr: 26.738 (Best: 26.943 @epoch 10)
Total time: 54.35s

[Epoch 14]	Learning rate: 2.00e-4
[40/1120]	[L1: 0.0355]	2.6+0.1s
[80/1120]	[L1: 0.0368]	2.5+0.0s
[120/1120]	[L1: 0.0365]	2.7+0.0s
[160/1120]	[L1: 0.0361]	2.6+0.0s
[200/1120]	[L1: 0.0361]	2.6+0.0s
[240/1120]	[L1: 0.0353]	2.5+0.0s
[280/1120]	[L1: 0.0358]	2.5+0.0s
[320/1120]	[L1: 0.0355]	2.6+0.0s
[360/1120]	[L1: 0.0357]	2.6+0.0s
[400/1120]	[L1: 0.0361]	2.5+0.0s
[440/1120]	[L1: 0.0359]	2.5+0.0s
[480/1120]	[L1: 0.0359]	2.5+0.0s
[520/1120]	[L1: 0.0357]	2.5+0.0s
[560/1120]	[L1: 0.0356]	2.5+0.0s
[600/1120]	[L1: 0.0357]	2.6+0.0s
[640/1120]	[L1: 0.0358]	2.6+0.0s
[680/1120]	[L1: 0.0357]	2.5+0.0s
[720/1120]	[L1: 0.0360]	2.6+0.0s
[760/1120]	[L1: 0.0359]	2.6+0.0s
[800/1120]	[L1: 0.0358]	2.7+0.0s
[840/1120]	[L1: 0.0358]	2.6+0.0s
[880/1120]	[L1: 0.0356]	2.6+0.0s
[920/1120]	[L1: 0.0354]	2.6+0.0s
[960/1120]	[L1: 0.0355]	2.6+0.0s
[1000/1120]	[L1: 0.0354]	2.9+0.0s
[1040/1120]	[L1: 0.0352]	3.0+0.0s
[1080/1120]	[L1: 0.0353]	3.0+0.0s
[1120/1120]	[L1: 0.0354]	3.0+0.0s

Evaluation:
[RSSCN7 x4]	psnr: 26.609 (Best: 26.943 @epoch 10)
Total time: 87.29s

[Epoch 15]	Learning rate: 2.00e-4
[40/1120]	[L1: 0.0420]	3.0+0.1s
[80/1120]	[L1: 0.0394]	2.8+0.0s
[120/1120]	[L1: 0.0386]	2.6+0.0s
[160/1120]	[L1: 0.0379]	2.6+0.0s
[200/1120]	[L1: 0.0374]	2.7+0.0s
[240/1120]	[L1: 0.0365]	2.6+0.0s
[280/1120]	[L1: 0.0359]	2.7+0.0s
[320/1120]	[L1: 0.0360]	2.5+0.0s
[360/1120]	[L1: 0.0357]	2.6+0.0s
[400/1120]	[L1: 0.0352]	2.6+0.0s
[440/1120]	[L1: 0.0355]	2.6+0.0s
[480/1120]	[L1: 0.0352]	2.7+0.0s
[520/1120]	[L1: 0.0348]	2.6+0.0s
[560/1120]	[L1: 0.0352]	2.6+0.0s
[600/1120]	[L1: 0.0353]	2.6+0.0s
[640/1120]	[L1: 0.0352]	2.6+0.0s
[680/1120]	[L1: 0.0352]	2.7+0.0s
[720/1120]	[L1: 0.0353]	2.9+0.0s
[760/1120]	[L1: 0.0354]	2.7+0.0s
[800/1120]	[L1: 0.0353]	2.6+0.0s
[840/1120]	[L1: 0.0353]	2.6+0.0s
[880/1120]	[L1: 0.0352]	2.6+0.0s
[920/1120]	[L1: 0.0353]	2.9+0.0s
[960/1120]	[L1: 0.0355]	2.8+0.0s
[1000/1120]	[L1: 0.0355]	2.6+0.0s
[1040/1120]	[L1: 0.0355]	2.7+0.0s
[1080/1120]	[L1: 0.0354]	2.8+0.0s
[1120/1120]	[L1: 0.0353]	2.7+0.0s

Evaluation:
[RSSCN7 x4]	psnr: 27.094 (Best: 27.094 @epoch 15)
Total time: 82.56s

[Epoch 16]	Learning rate: 2.00e-4
[40/1120]	[L1: 0.0377]	3.1+0.0s
[80/1120]	[L1: 0.0368]	3.1+0.0s
[120/1120]	[L1: 0.0366]	2.8+0.0s
[160/1120]	[L1: 0.0355]	2.8+0.0s
[200/1120]	[L1: 0.0354]	2.6+0.0s
[240/1120]	[L1: 0.0359]	2.7+0.0s
[280/1120]	[L1: 0.0350]	2.6+0.0s
[320/1120]	[L1: 0.0352]	2.6+0.0s
[360/1120]	[L1: 0.0351]	2.6+0.0s
[400/1120]	[L1: 0.0355]	2.7+0.0s
[440/1120]	[L1: 0.0357]	2.7+0.0s
[480/1120]	[L1: 0.0356]	2.7+0.0s
[520/1120]	[L1: 0.0356]	2.6+0.0s
[560/1120]	[L1: 0.0354]	2.6+0.0s
[600/1120]	[L1: 0.0356]	2.6+0.0s
[640/1120]	[L1: 0.0357]	2.6+0.0s
[680/1120]	[L1: 0.0360]	2.7+0.0s
[720/1120]	[L1: 0.0362]	2.6+0.0s
[760/1120]	[L1: 0.0361]	2.6+0.0s
[800/1120]	[L1: 0.0363]	2.6+0.0s
[840/1120]	[L1: 0.0364]	2.6+0.0s
[880/1120]	[L1: 0.0362]	2.7+0.0s
[920/1120]	[L1: 0.0362]	2.6+0.0s
[960/1120]	[L1: 0.0360]	2.6+0.0s
[1000/1120]	[L1: 0.0359]	2.6+0.0s
[1040/1120]	[L1: 0.0358]	2.6+0.0s
[1080/1120]	[L1: 0.0355]	2.6+0.0s
[1120/1120]	[L1: 0.0356]	2.7+0.0s

Evaluation:
[RSSCN7 x4]	psnr: 27.112 (Best: 27.112 @epoch 16)
Total time: 65.96s

[Epoch 17]	Learning rate: 2.00e-4
[40/1120]	[L1: 0.0362]	3.2+0.1s
[80/1120]	[L1: 0.0351]	3.2+0.0s
[120/1120]	[L1: 0.0357]	3.1+0.0s
[160/1120]	[L1: 0.0355]	2.9+0.0s
[200/1120]	[L1: 0.0359]	2.8+0.0s
[240/1120]	[L1: 0.0359]	3.0+0.0s
[280/1120]	[L1: 0.0357]	3.0+0.0s
[320/1120]	[L1: 0.0358]	3.1+0.0s
[360/1120]	[L1: 0.0359]	2.9+0.0s
[400/1120]	[L1: 0.0358]	2.8+0.0s
[440/1120]	[L1: 0.0360]	2.8+0.0s
[480/1120]	[L1: 0.0358]	2.8+0.0s
[520/1120]	[L1: 0.0357]	2.8+0.0s
[560/1120]	[L1: 0.0358]	2.7+0.0s
[600/1120]	[L1: 0.0359]	2.6+0.0s
[640/1120]	[L1: 0.0359]	2.6+0.0s
[680/1120]	[L1: 0.0357]	2.8+0.0s
[720/1120]	[L1: 0.0361]	2.8+0.0s
[760/1120]	[L1: 0.0361]	2.6+0.0s
[800/1120]	[L1: 0.0360]	2.7+0.0s
[840/1120]	[L1: 0.0361]	2.6+0.0s
[880/1120]	[L1: 0.0361]	2.6+0.0s
[920/1120]	[L1: 0.0362]	2.6+0.0s
[960/1120]	[L1: 0.0361]	2.6+0.0s
[1000/1120]	[L1: 0.0359]	2.7+0.0s
[1040/1120]	[L1: 0.0358]	2.6+0.0s
[1080/1120]	[L1: 0.0356]	2.6+0.0s
[1120/1120]	[L1: 0.0355]	2.6+0.0s

Evaluation:
[RSSCN7 x4]	psnr: 26.653 (Best: 27.112 @epoch 16)
Total time: 35.05s

[Epoch 18]	Learning rate: 2.00e-4
[40/1120]	[L1: 0.0337]	3.1+0.1s
[80/1120]	[L1: 0.0357]	2.8+0.0s
[120/1120]	[L1: 0.0349]	2.7+0.0s
[160/1120]	[L1: 0.0349]	3.0+0.0s
[200/1120]	[L1: 0.0356]	2.8+0.0s
[240/1120]	[L1: 0.0353]	3.0+0.0s
[280/1120]	[L1: 0.0359]	3.1+0.0s
[320/1120]	[L1: 0.0355]	2.7+0.0s
[360/1120]	[L1: 0.0362]	2.8+0.0s
[400/1120]	[L1: 0.0354]	2.8+0.0s
[440/1120]	[L1: 0.0352]	2.7+0.0s
[480/1120]	[L1: 0.0354]	2.9+0.0s
[520/1120]	[L1: 0.0354]	2.7+0.0s
[560/1120]	[L1: 0.0354]	2.7+0.0s
[600/1120]	[L1: 0.0353]	2.6+0.0s
[640/1120]	[L1: 0.0355]	2.6+0.0s
[680/1120]	[L1: 0.0353]	2.6+0.0s
[720/1120]	[L1: 0.0353]	2.6+0.0s
[760/1120]	[L1: 0.0352]	2.6+0.0s
[800/1120]	[L1: 0.0348]	2.6+0.0s
[840/1120]	[L1: 0.0348]	2.6+0.0s
[880/1120]	[L1: 0.0348]	2.6+0.0s
[920/1120]	[L1: 0.0347]	2.9+0.0s
[960/1120]	[L1: 0.0347]	2.7+0.0s
[1000/1120]	[L1: 0.0347]	2.6+0.0s
[1040/1120]	[L1: 0.0347]	2.6+0.0s
[1080/1120]	[L1: 0.0347]	2.6+0.0s
[1120/1120]	[L1: 0.0349]	2.6+0.0s

Evaluation:
[RSSCN7 x4]	psnr: 26.826 (Best: 27.112 @epoch 16)
Total time: 28.96s

[Epoch 19]	Learning rate: 2.00e-4
[40/1120]	[L1: 0.0316]	2.5+0.0s
[80/1120]	[L1: 0.0349]	2.5+0.0s
[120/1120]	[L1: 0.0335]	2.6+0.0s
[160/1120]	[L1: 0.0340]	2.5+0.0s
[200/1120]	[L1: 0.0339]	2.6+0.0s
[240/1120]	[L1: 0.0338]	2.6+0.0s
[280/1120]	[L1: 0.0336]	2.9+0.0s
[320/1120]	[L1: 0.0336]	2.8+0.0s
[360/1120]	[L1: 0.0338]	2.9+0.0s
[400/1120]	[L1: 0.0344]	2.7+0.0s
[440/1120]	[L1: 0.0345]	2.7+0.0s
[480/1120]	[L1: 0.0347]	2.8+0.0s
[520/1120]	[L1: 0.0348]	2.6+0.0s
[560/1120]	[L1: 0.0351]	2.8+0.0s
[600/1120]	[L1: 0.0354]	2.7+0.0s
[640/1120]	[L1: 0.0353]	2.7+0.0s
[680/1120]	[L1: 0.0353]	2.8+0.0s
[720/1120]	[L1: 0.0355]	2.6+0.0s
[760/1120]	[L1: 0.0354]	2.8+0.0s
[800/1120]	[L1: 0.0355]	2.7+0.0s
[840/1120]	[L1: 0.0352]	2.9+0.0s
[880/1120]	[L1: 0.0350]	2.8+0.0s
[920/1120]	[L1: 0.0349]	2.6+0.0s
[960/1120]	[L1: 0.0349]	2.6+0.0s
[1000/1120]	[L1: 0.0348]	2.7+0.0s
[1040/1120]	[L1: 0.0347]	2.5+0.0s
[1080/1120]	[L1: 0.0349]	2.6+0.0s
[1120/1120]	[L1: 0.0349]	2.6+0.0s

Evaluation:
[RSSCN7 x4]	psnr: 27.168 (Best: 27.168 @epoch 19)
Total time: 28.34s

[Epoch 20]	Learning rate: 2.00e-4
[40/1120]	[L1: 0.0348]	2.6+0.0s
[80/1120]	[L1: 0.0342]	2.6+0.0s
[120/1120]	[L1: 0.0349]	2.6+0.0s
[160/1120]	[L1: 0.0343]	2.6+0.0s
[200/1120]	[L1: 0.0342]	2.6+0.0s
[240/1120]	[L1: 0.0334]	2.6+0.0s
[280/1120]	[L1: 0.0339]	2.6+0.0s
[320/1120]	[L1: 0.0337]	2.6+0.0s
[360/1120]	[L1: 0.0340]	2.6+0.0s
[400/1120]	[L1: 0.0340]	2.6+0.0s
[440/1120]	[L1: 0.0344]	2.6+0.0s
[480/1120]	[L1: 0.0347]	2.6+0.0s
[520/1120]	[L1: 0.0346]	2.6+0.0s
[560/1120]	[L1: 0.0346]	2.7+0.0s
[600/1120]	[L1: 0.0348]	3.0+0.0s
[640/1120]	[L1: 0.0347]	2.8+0.0s
[680/1120]	[L1: 0.0350]	2.8+0.0s
[720/1120]	[L1: 0.0352]	2.9+0.0s
[760/1120]	[L1: 0.0352]	3.5+0.0s
[800/1120]	[L1: 0.0355]	3.2+0.0s
[840/1120]	[L1: 0.0353]	3.2+0.0s
[880/1120]	[L1: 0.0352]	3.1+0.0s
[920/1120]	[L1: 0.0353]	3.0+0.0s
[960/1120]	[L1: 0.0353]	2.8+0.0s
[1000/1120]	[L1: 0.0351]	2.9+0.0s
[1040/1120]	[L1: 0.0349]	2.8+0.0s
[1080/1120]	[L1: 0.0348]	2.8+0.0s
[1120/1120]	[L1: 0.0349]	2.7+0.0s

Evaluation:
[RSSCN7 x4]	psnr: 27.208 (Best: 27.208 @epoch 20)
Total time: 33.35s

[Epoch 21]	Learning rate: 2.00e-4
[40/1120]	[L1: 0.0328]	2.6+0.0s
[80/1120]	[L1: 0.0312]	2.6+0.0s
[120/1120]	[L1: 0.0331]	2.5+0.0s
[160/1120]	[L1: 0.0328]	2.6+0.0s
[200/1120]	[L1: 0.0335]	2.7+0.0s
[240/1120]	[L1: 0.0335]	2.6+0.0s
[280/1120]	[L1: 0.0338]	2.6+0.0s
[320/1120]	[L1: 0.0338]	2.6+0.0s
[360/1120]	[L1: 0.0342]	2.5+0.0s
[400/1120]	[L1: 0.0342]	2.5+0.0s
[440/1120]	[L1: 0.0343]	2.5+0.0s
[480/1120]	[L1: 0.0341]	2.6+0.0s
[520/1120]	[L1: 0.0342]	2.5+0.0s
[560/1120]	[L1: 0.0343]	2.5+0.0s
[600/1120]	[L1: 0.0348]	2.6+0.0s
[640/1120]	[L1: 0.0347]	2.6+0.0s
[680/1120]	[L1: 0.0347]	2.6+0.0s
[720/1120]	[L1: 0.0347]	2.6+0.0s
[760/1120]	[L1: 0.0348]	2.5+0.0s
[800/1120]	[L1: 0.0348]	2.6+0.0s
[840/1120]	[L1: 0.0347]	2.8+0.0s
[880/1120]	[L1: 0.0347]	3.2+0.0s
[920/1120]	[L1: 0.0346]	3.4+0.0s
[960/1120]	[L1: 0.0345]	3.1+0.0s
[1000/1120]	[L1: 0.0344]	3.1+0.0s
[1040/1120]	[L1: 0.0343]	3.1+0.0s
[1080/1120]	[L1: 0.0345]	3.0+0.0s
[1120/1120]	[L1: 0.0345]	3.3+0.0s

Evaluation:
[RSSCN7 x4]	psnr: 27.184 (Best: 27.208 @epoch 20)
Total time: 82.27s

[Epoch 22]	Learning rate: 2.00e-4
[40/1120]	[L1: 0.0378]	2.5+0.1s
[80/1120]	[L1: 0.0350]	2.6+0.0s
[120/1120]	[L1: 0.0350]	2.6+0.0s
[160/1120]	[L1: 0.0356]	2.5+0.0s
[200/1120]	[L1: 0.0356]	2.5+0.0s
[240/1120]	[L1: 0.0356]	2.5+0.0s
[280/1120]	[L1: 0.0354]	2.6+0.0s
[320/1120]	[L1: 0.0353]	2.6+0.0s
[360/1120]	[L1: 0.0350]	2.7+0.0s
[400/1120]	[L1: 0.0347]	2.6+0.0s
[440/1120]	[L1: 0.0346]	2.6+0.0s
[480/1120]	[L1: 0.0346]	2.6+0.0s
[520/1120]	[L1: 0.0345]	2.6+0.0s
[560/1120]	[L1: 0.0346]	2.6+0.0s
[600/1120]	[L1: 0.0345]	2.6+0.0s
[640/1120]	[L1: 0.0345]	2.6+0.0s
[680/1120]	[L1: 0.0345]	2.6+0.0s
[720/1120]	[L1: 0.0346]	2.6+0.0s
[760/1120]	[L1: 0.0346]	2.6+0.0s
[800/1120]	[L1: 0.0347]	2.7+0.0s
[840/1120]	[L1: 0.0349]	2.6+0.0s
[880/1120]	[L1: 0.0348]	2.6+0.0s
[920/1120]	[L1: 0.0348]	2.6+0.0s
[960/1120]	[L1: 0.0347]	2.6+0.0s
[1000/1120]	[L1: 0.0347]	2.6+0.0s
[1040/1120]	[L1: 0.0347]	2.6+0.0s
[1080/1120]	[L1: 0.0346]	2.8+0.0s
[1120/1120]	[L1: 0.0345]	2.8+0.0s

Evaluation:
[RSSCN7 x4]	psnr: 26.847 (Best: 27.208 @epoch 20)
Total time: 115.31s

[Epoch 23]	Learning rate: 2.00e-4
[40/1120]	[L1: 0.0323]	3.0+0.0s
[80/1120]	[L1: 0.0337]	2.8+0.0s
[120/1120]	[L1: 0.0326]	2.8+0.0s
[160/1120]	[L1: 0.0329]	2.7+0.0s
[200/1120]	[L1: 0.0331]	2.6+0.0s
[240/1120]	[L1: 0.0331]	2.6+0.0s
[280/1120]	[L1: 0.0338]	2.7+0.0s
[320/1120]	[L1: 0.0343]	2.6+0.0s
[360/1120]	[L1: 0.0346]	2.6+0.0s
[400/1120]	[L1: 0.0345]	2.6+0.0s
[440/1120]	[L1: 0.0343]	2.6+0.0s
[480/1120]	[L1: 0.0345]	2.7+0.0s
[520/1120]	[L1: 0.0343]	2.6+0.0s
[560/1120]	[L1: 0.0346]	2.6+0.0s
[600/1120]	[L1: 0.0346]	2.6+0.0s
[640/1120]	[L1: 0.0346]	2.6+0.0s
[680/1120]	[L1: 0.0344]	2.6+0.0s
[720/1120]	[L1: 0.0346]	2.6+0.0s
[760/1120]	[L1: 0.0345]	2.6+0.0s
[800/1120]	[L1: 0.0343]	2.6+0.0s
[840/1120]	[L1: 0.0345]	2.5+0.0s
[880/1120]	[L1: 0.0345]	2.6+0.0s
[920/1120]	[L1: 0.0344]	2.8+0.0s
[960/1120]	[L1: 0.0344]	2.6+0.0s
[1000/1120]	[L1: 0.0345]	2.5+0.0s
[1040/1120]	[L1: 0.0345]	2.6+0.0s
[1080/1120]	[L1: 0.0344]	2.6+0.0s
[1120/1120]	[L1: 0.0344]	2.6+0.0s

Evaluation:
[RSSCN7 x4]	psnr: 27.198 (Best: 27.208 @epoch 20)
Total time: 99.97s

[Epoch 24]	Learning rate: 2.00e-4
[40/1120]	[L1: 0.0360]	2.9+0.1s
[80/1120]	[L1: 0.0329]	2.9+0.0s
[120/1120]	[L1: 0.0335]	2.9+0.0s
[160/1120]	[L1: 0.0338]	2.6+0.0s
[200/1120]	[L1: 0.0338]	2.6+0.0s
[240/1120]	[L1: 0.0337]	2.5+0.0s
[280/1120]	[L1: 0.0342]	2.5+0.0s
[320/1120]	[L1: 0.0339]	2.6+0.0s
[360/1120]	[L1: 0.0340]	2.6+0.0s
[400/1120]	[L1: 0.0337]	2.5+0.0s
[440/1120]	[L1: 0.0337]	2.6+0.0s
[480/1120]	[L1: 0.0340]	2.6+0.0s
[520/1120]	[L1: 0.0340]	2.6+0.0s
[560/1120]	[L1: 0.0340]	2.6+0.0s
[600/1120]	[L1: 0.0340]	2.6+0.0s
[640/1120]	[L1: 0.0340]	2.6+0.0s
[680/1120]	[L1: 0.0341]	2.6+0.0s
[720/1120]	[L1: 0.0341]	2.6+0.0s
[760/1120]	[L1: 0.0341]	2.5+0.0s
[800/1120]	[L1: 0.0340]	2.6+0.0s
[840/1120]	[L1: 0.0340]	2.8+0.0s
[880/1120]	[L1: 0.0339]	2.7+0.0s
[920/1120]	[L1: 0.0339]	2.6+0.0s
[960/1120]	[L1: 0.0339]	2.6+0.0s
[1000/1120]	[L1: 0.0336]	2.5+0.0s
[1040/1120]	[L1: 0.0337]	2.6+0.0s
[1080/1120]	[L1: 0.0339]	2.7+0.0s
[1120/1120]	[L1: 0.0341]	2.6+0.0s

Evaluation:
[RSSCN7 x4]	psnr: 27.298 (Best: 27.298 @epoch 24)
Total time: 74.21s

[Epoch 25]	Learning rate: 2.00e-4
[40/1120]	[L1: 0.0342]	3.1+0.1s
[80/1120]	[L1: 0.0343]	3.3+0.0s
[120/1120]	[L1: 0.0339]	3.2+0.0s
[160/1120]	[L1: 0.0346]	2.7+0.0s
[200/1120]	[L1: 0.0347]	2.8+0.0s
[240/1120]	[L1: 0.0353]	2.8+0.0s
[280/1120]	[L1: 0.0348]	3.0+0.0s
[320/1120]	[L1: 0.0349]	3.0+0.0s
[360/1120]	[L1: 0.0345]	2.7+0.0s
[400/1120]	[L1: 0.0344]	2.6+0.0s
[440/1120]	[L1: 0.0348]	2.6+0.0s
[480/1120]	[L1: 0.0346]	2.7+0.0s
[520/1120]	[L1: 0.0348]	2.9+0.0s
[560/1120]	[L1: 0.0350]	2.7+0.0s
[600/1120]	[L1: 0.0350]	2.6+0.0s
[640/1120]	[L1: 0.0351]	2.6+0.0s
[680/1120]	[L1: 0.0347]	2.6+0.0s
[720/1120]	[L1: 0.0345]	2.6+0.0s
[760/1120]	[L1: 0.0344]	2.5+0.0s
[800/1120]	[L1: 0.0346]	2.6+0.0s
[840/1120]	[L1: 0.0344]	2.6+0.0s
[880/1120]	[L1: 0.0343]	2.6+0.0s
[920/1120]	[L1: 0.0342]	2.6+0.0s
[960/1120]	[L1: 0.0340]	2.7+0.0s
[1000/1120]	[L1: 0.0339]	2.6+0.0s
[1040/1120]	[L1: 0.0340]	2.6+0.0s
[1080/1120]	[L1: 0.0340]	2.6+0.0s
[1120/1120]	[L1: 0.0340]	2.5+0.0s

Evaluation:
[RSSCN7 x4]	psnr: 27.245 (Best: 27.298 @epoch 24)
Total time: 29.66s

[Epoch 26]	Learning rate: 2.00e-4
[40/1120]	[L1: 0.0344]	3.4+0.1s
[80/1120]	[L1: 0.0332]	3.2+0.0s
[120/1120]	[L1: 0.0350]	3.0+0.0s
[160/1120]	[L1: 0.0341]	2.9+0.0s
[200/1120]	[L1: 0.0338]	3.1+0.0s
[240/1120]	[L1: 0.0337]	3.3+0.0s
[280/1120]	[L1: 0.0336]	3.1+0.0s
[320/1120]	[L1: 0.0337]	2.8+0.0s
[360/1120]	[L1: 0.0333]	2.8+0.0s
[400/1120]	[L1: 0.0334]	2.8+0.0s
[440/1120]	[L1: 0.0336]	3.0+0.0s
[480/1120]	[L1: 0.0336]	3.4+0.0s
[520/1120]	[L1: 0.0340]	2.8+0.0s
[560/1120]	[L1: 0.0342]	3.1+0.0s
[600/1120]	[L1: 0.0338]	2.8+0.0s
[640/1120]	[L1: 0.0336]	2.8+0.0s
[680/1120]	[L1: 0.0337]	2.9+0.0s
[720/1120]	[L1: 0.0338]	2.6+0.0s
[760/1120]	[L1: 0.0337]	2.6+0.0s
[800/1120]	[L1: 0.0339]	2.6+0.0s
[840/1120]	[L1: 0.0338]	2.6+0.0s
[880/1120]	[L1: 0.0338]	2.6+0.0s
[920/1120]	[L1: 0.0338]	2.7+0.0s
[960/1120]	[L1: 0.0338]	2.6+0.0s
[1000/1120]	[L1: 0.0338]	2.6+0.0s
[1040/1120]	[L1: 0.0338]	2.6+0.0s
[1080/1120]	[L1: 0.0337]	2.6+0.0s
[1120/1120]	[L1: 0.0337]	2.6+0.0s

Evaluation:
[RSSCN7 x4]	psnr: 27.021 (Best: 27.298 @epoch 24)
Total time: 29.19s

[Epoch 27]	Learning rate: 2.00e-4
[40/1120]	[L1: 0.0337]	2.6+0.0s
[80/1120]	[L1: 0.0359]	2.6+0.0s
[120/1120]	[L1: 0.0363]	2.6+0.0s
[160/1120]	[L1: 0.0355]	2.7+0.0s
[200/1120]	[L1: 0.0350]	2.6+0.0s
[240/1120]	[L1: 0.0353]	2.7+0.0s
[280/1120]	[L1: 0.0357]	3.8+0.0s
[320/1120]	[L1: 0.0351]	3.6+0.0s
[360/1120]	[L1: 0.0349]	3.9+0.0s
[400/1120]	[L1: 0.0349]	3.1+0.0s
[440/1120]	[L1: 0.0350]	3.0+0.0s
[480/1120]	[L1: 0.0347]	3.0+0.0s
[520/1120]	[L1: 0.0343]	3.1+0.0s
[560/1120]	[L1: 0.0344]	2.8+0.0s
[600/1120]	[L1: 0.0343]	3.0+0.0s
[640/1120]	[L1: 0.0344]	2.9+0.0s
[680/1120]	[L1: 0.0344]	3.2+0.0s
[720/1120]	[L1: 0.0344]	3.1+0.0s
[760/1120]	[L1: 0.0342]	3.0+0.0s
[800/1120]	[L1: 0.0340]	2.8+0.0s
[840/1120]	[L1: 0.0338]	2.6+0.0s
[880/1120]	[L1: 0.0337]	2.8+0.0s
[920/1120]	[L1: 0.0337]	2.8+0.0s
[960/1120]	[L1: 0.0337]	2.6+0.0s
[1000/1120]	[L1: 0.0337]	2.6+0.0s
[1040/1120]	[L1: 0.0338]	2.7+0.0s
[1080/1120]	[L1: 0.0339]	2.6+0.0s
[1120/1120]	[L1: 0.0337]	2.6+0.0s

Evaluation:
[RSSCN7 x4]	psnr: 27.231 (Best: 27.298 @epoch 24)
Total time: 29.53s

[Epoch 28]	Learning rate: 2.00e-4
[40/1120]	[L1: 0.0283]	2.9+0.0s
[80/1120]	[L1: 0.0301]	2.8+0.0s
[120/1120]	[L1: 0.0316]	2.6+0.0s
[160/1120]	[L1: 0.0318]	2.6+0.0s
[200/1120]	[L1: 0.0320]	2.6+0.0s
[240/1120]	[L1: 0.0321]	2.6+0.0s
[280/1120]	[L1: 0.0323]	2.6+0.0s
[320/1120]	[L1: 0.0330]	2.7+0.0s
[360/1120]	[L1: 0.0332]	2.6+0.0s
[400/1120]	[L1: 0.0334]	2.6+0.0s
[440/1120]	[L1: 0.0339]	2.7+0.0s
[480/1120]	[L1: 0.0340]	2.7+0.0s
[520/1120]	[L1: 0.0336]	2.8+0.0s
[560/1120]	[L1: 0.0336]	3.0+0.0s
[600/1120]	[L1: 0.0335]	2.8+0.0s
[640/1120]	[L1: 0.0335]	2.9+0.0s
[680/1120]	[L1: 0.0333]	3.0+0.0s
[720/1120]	[L1: 0.0336]	2.9+0.0s
[760/1120]	[L1: 0.0336]	2.9+0.0s
[800/1120]	[L1: 0.0335]	3.1+0.0s
[840/1120]	[L1: 0.0336]	2.8+0.0s
[880/1120]	[L1: 0.0335]	3.1+0.0s
[920/1120]	[L1: 0.0335]	3.0+0.0s
[960/1120]	[L1: 0.0335]	3.1+0.0s
[1000/1120]	[L1: 0.0334]	3.0+0.0s
[1040/1120]	[L1: 0.0336]	2.8+0.0s
[1080/1120]	[L1: 0.0336]	2.8+0.0s
[1120/1120]	[L1: 0.0336]	2.6+0.0s

Evaluation:
[RSSCN7 x4]	psnr: 27.208 (Best: 27.298 @epoch 24)
Total time: 28.99s

[Epoch 29]	Learning rate: 2.00e-4
[40/1120]	[L1: 0.0336]	2.6+0.0s
[80/1120]	[L1: 0.0317]	2.6+0.0s
[120/1120]	[L1: 0.0332]	2.6+0.0s
[160/1120]	[L1: 0.0336]	2.5+0.0s
[200/1120]	[L1: 0.0335]	2.6+0.0s
[240/1120]	[L1: 0.0338]	2.7+0.0s
[280/1120]	[L1: 0.0338]	2.6+0.0s
[320/1120]	[L1: 0.0337]	2.6+0.0s
[360/1120]	[L1: 0.0336]	2.6+0.0s
[400/1120]	[L1: 0.0335]	2.6+0.0s
[440/1120]	[L1: 0.0338]	2.7+0.0s
[480/1120]	[L1: 0.0340]	2.6+0.0s
[520/1120]	[L1: 0.0342]	2.6+0.0s
[560/1120]	[L1: 0.0338]	2.5+0.0s
[600/1120]	[L1: 0.0338]	2.6+0.0s
[640/1120]	[L1: 0.0339]	2.6+0.0s
[680/1120]	[L1: 0.0340]	2.7+0.0s
[720/1120]	[L1: 0.0338]	2.8+0.0s
[760/1120]	[L1: 0.0336]	2.9+0.0s
[800/1120]	[L1: 0.0335]	2.7+0.0s
[840/1120]	[L1: 0.0338]	3.1+0.0s
[880/1120]	[L1: 0.0338]	3.4+0.0s
[920/1120]	[L1: 0.0339]	3.0+0.0s
[960/1120]	[L1: 0.0340]	3.1+0.0s
[1000/1120]	[L1: 0.0340]	2.8+0.0s
[1040/1120]	[L1: 0.0338]	2.8+0.0s
[1080/1120]	[L1: 0.0338]	2.9+0.0s
[1120/1120]	[L1: 0.0337]	2.9+0.0s

Evaluation:
[RSSCN7 x4]	psnr: 27.278 (Best: 27.298 @epoch 24)
Total time: 62.18s

[Epoch 30]	Learning rate: 2.00e-4
[40/1120]	[L1: 0.0344]	2.8+0.0s
[80/1120]	[L1: 0.0365]	2.8+0.0s
[120/1120]	[L1: 0.0355]	2.9+0.0s
[160/1120]	[L1: 0.0351]	2.6+0.0s
[200/1120]	[L1: 0.0345]	2.6+0.0s
[240/1120]	[L1: 0.0340]	2.6+0.0s
[280/1120]	[L1: 0.0335]	2.6+0.0s
[320/1120]	[L1: 0.0337]	2.5+0.0s
[360/1120]	[L1: 0.0338]	2.6+0.0s
[400/1120]	[L1: 0.0337]	2.7+0.0s
[440/1120]	[L1: 0.0338]	2.6+0.0s
[480/1120]	[L1: 0.0336]	2.6+0.0s
[520/1120]	[L1: 0.0332]	2.6+0.0s
[560/1120]	[L1: 0.0332]	2.7+0.0s
[600/1120]	[L1: 0.0332]	2.6+0.0s
[640/1120]	[L1: 0.0334]	2.6+0.0s
[680/1120]	[L1: 0.0337]	2.5+0.0s
[720/1120]	[L1: 0.0337]	2.6+0.0s
[760/1120]	[L1: 0.0339]	2.6+0.0s
[800/1120]	[L1: 0.0340]	2.6+0.0s
[840/1120]	[L1: 0.0340]	2.6+0.0s
[880/1120]	[L1: 0.0341]	2.6+0.0s
[920/1120]	[L1: 0.0337]	2.5+0.0s
[960/1120]	[L1: 0.0337]	2.7+0.0s
[1000/1120]	[L1: 0.0336]	3.1+0.0s
[1040/1120]	[L1: 0.0336]	3.1+0.0s
[1080/1120]	[L1: 0.0337]	2.9+0.0s
[1120/1120]	[L1: 0.0337]	2.7+0.0s

Evaluation:
[RSSCN7 x4]	psnr: 27.384 (Best: 27.384 @epoch 30)
Total time: 94.61s

[Epoch 31]	Learning rate: 2.00e-4
[40/1120]	[L1: 0.0372]	2.8+0.0s
[80/1120]	[L1: 0.0356]	2.7+0.0s
[120/1120]	[L1: 0.0360]	2.8+0.0s
[160/1120]	[L1: 0.0350]	2.8+0.0s
[200/1120]	[L1: 0.0351]	2.6+0.0s
[240/1120]	[L1: 0.0353]	2.6+0.0s
[280/1120]	[L1: 0.0345]	2.6+0.0s
[320/1120]	[L1: 0.0337]	2.7+0.0s
[360/1120]	[L1: 0.0338]	2.6+0.0s
[400/1120]	[L1: 0.0340]	2.6+0.0s
[440/1120]	[L1: 0.0339]	2.6+0.0s
[480/1120]	[L1: 0.0339]	2.7+0.0s
[520/1120]	[L1: 0.0335]	2.6+0.0s
[560/1120]	[L1: 0.0335]	2.7+0.0s
[600/1120]	[L1: 0.0336]	2.6+0.0s
[640/1120]	[L1: 0.0339]	2.6+0.0s
[680/1120]	[L1: 0.0340]	2.6+0.0s
[720/1120]	[L1: 0.0342]	2.7+0.0s
[760/1120]	[L1: 0.0340]	2.6+0.0s
[800/1120]	[L1: 0.0340]	2.6+0.0s
[840/1120]	[L1: 0.0339]	2.6+0.0s
[880/1120]	[L1: 0.0338]	2.6+0.0s
[920/1120]	[L1: 0.0337]	2.7+0.0s
[960/1120]	[L1: 0.0337]	2.6+0.0s
[1000/1120]	[L1: 0.0337]	2.6+0.0s
[1040/1120]	[L1: 0.0339]	2.6+0.0s
[1080/1120]	[L1: 0.0337]	2.6+0.0s
[1120/1120]	[L1: 0.0336]	2.7+0.0s

Evaluation:
[RSSCN7 x4]	psnr: 27.240 (Best: 27.384 @epoch 30)
Total time: 99.74s

[Epoch 32]	Learning rate: 2.00e-4
[40/1120]	[L1: 0.0361]	2.9+0.0s
[80/1120]	[L1: 0.0354]	2.9+0.0s
[120/1120]	[L1: 0.0351]	2.8+0.0s
[160/1120]	[L1: 0.0345]	2.5+0.0s
[200/1120]	[L1: 0.0341]	2.6+0.0s
[240/1120]	[L1: 0.0338]	2.7+0.0s
[280/1120]	[L1: 0.0341]	2.6+0.0s
[320/1120]	[L1: 0.0341]	2.6+0.0s
[360/1120]	[L1: 0.0337]	2.6+0.0s
[400/1120]	[L1: 0.0337]	2.6+0.0s
[440/1120]	[L1: 0.0338]	2.7+0.0s
[480/1120]	[L1: 0.0337]	2.6+0.0s
[520/1120]	[L1: 0.0336]	2.6+0.0s
[560/1120]	[L1: 0.0337]	2.6+0.0s
[600/1120]	[L1: 0.0337]	2.6+0.0s
[640/1120]	[L1: 0.0335]	2.6+0.0s
[680/1120]	[L1: 0.0333]	2.7+0.0s
[720/1120]	[L1: 0.0333]	2.6+0.0s
[760/1120]	[L1: 0.0330]	2.6+0.0s
[800/1120]	[L1: 0.0331]	2.6+0.0s
[840/1120]	[L1: 0.0332]	2.6+0.0s
[880/1120]	[L1: 0.0331]	2.7+0.0s
[920/1120]	[L1: 0.0330]	2.6+0.0s
[960/1120]	[L1: 0.0330]	2.6+0.0s
[1000/1120]	[L1: 0.0331]	2.6+0.0s
[1040/1120]	[L1: 0.0331]	2.6+0.0s
[1080/1120]	[L1: 0.0330]	2.6+0.0s
[1120/1120]	[L1: 0.0330]	2.6+0.0s

Evaluation:
[RSSCN7 x4]	psnr: 27.417 (Best: 27.417 @epoch 32)
Total time: 71.81s

[Epoch 33]	Learning rate: 2.00e-4
[40/1120]	[L1: 0.0304]	3.0+0.0s
[80/1120]	[L1: 0.0329]	2.8+0.0s
[120/1120]	[L1: 0.0348]	3.0+0.0s
[160/1120]	[L1: 0.0343]	2.7+0.0s
[200/1120]	[L1: 0.0341]	2.7+0.0s
[240/1120]	[L1: 0.0340]	3.0+0.0s
[280/1120]	[L1: 0.0343]	3.0+0.0s
[320/1120]	[L1: 0.0337]	2.6+0.0s
[360/1120]	[L1: 0.0338]	2.5+0.0s
[400/1120]	[L1: 0.0339]	2.6+0.0s
[440/1120]	[L1: 0.0338]	2.6+0.0s
[480/1120]	[L1: 0.0335]	2.7+0.0s
[520/1120]	[L1: 0.0333]	2.8+0.0s
[560/1120]	[L1: 0.0332]	2.7+0.0s
[600/1120]	[L1: 0.0331]	2.6+0.0s
[640/1120]	[L1: 0.0329]	2.6+0.0s
[680/1120]	[L1: 0.0327]	2.6+0.0s
[720/1120]	[L1: 0.0330]	2.6+0.0s
[760/1120]	[L1: 0.0330]	2.6+0.0s
[800/1120]	[L1: 0.0330]	2.9+0.0s
[840/1120]	[L1: 0.0330]	3.2+0.0s
[880/1120]	[L1: 0.0330]	2.8+0.0s
[920/1120]	[L1: 0.0329]	2.6+0.0s
[960/1120]	[L1: 0.0330]	2.6+0.0s
[1000/1120]	[L1: 0.0330]	2.8+0.0s
[1040/1120]	[L1: 0.0331]	2.7+0.0s
[1080/1120]	[L1: 0.0330]	2.6+0.0s
[1120/1120]	[L1: 0.0331]	2.6+0.0s

Evaluation:
[RSSCN7 x4]	psnr: 27.443 (Best: 27.443 @epoch 33)
Total time: 46.83s

[Epoch 34]	Learning rate: 2.00e-4
[40/1120]	[L1: 0.0331]	3.3+0.1s
[80/1120]	[L1: 0.0341]	2.9+0.0s
[120/1120]	[L1: 0.0336]	3.1+0.0s
[160/1120]	[L1: 0.0331]	3.1+0.0s
[200/1120]	[L1: 0.0339]	3.1+0.0s
[240/1120]	[L1: 0.0335]	3.1+0.0s
[280/1120]	[L1: 0.0331]	3.2+0.0s
[320/1120]	[L1: 0.0334]	3.3+0.0s
[360/1120]	[L1: 0.0335]	3.0+0.0s
[400/1120]	[L1: 0.0336]	3.0+0.0s
[440/1120]	[L1: 0.0333]	2.7+0.0s
[480/1120]	[L1: 0.0330]	2.9+0.0s
[520/1120]	[L1: 0.0326]	2.6+0.0s
[560/1120]	[L1: 0.0324]	2.8+0.0s
[600/1120]	[L1: 0.0325]	2.7+0.0s
[640/1120]	[L1: 0.0325]	2.6+0.0s
[680/1120]	[L1: 0.0326]	2.5+0.0s
[720/1120]	[L1: 0.0328]	2.6+0.0s
[760/1120]	[L1: 0.0328]	2.6+0.0s
[800/1120]	[L1: 0.0329]	2.6+0.0s
[840/1120]	[L1: 0.0331]	2.6+0.0s
[880/1120]	[L1: 0.0330]	2.6+0.0s
[920/1120]	[L1: 0.0330]	2.7+0.0s
[960/1120]	[L1: 0.0330]	2.6+0.0s
[1000/1120]	[L1: 0.0329]	2.6+0.0s
[1040/1120]	[L1: 0.0328]	2.6+0.0s
[1080/1120]	[L1: 0.0330]	2.6+0.0s
[1120/1120]	[L1: 0.0330]	2.6+0.0s

Evaluation:
[RSSCN7 x4]	psnr: 27.455 (Best: 27.455 @epoch 34)
Total time: 29.29s

[Epoch 35]	Learning rate: 2.00e-4
[40/1120]	[L1: 0.0396]	2.8+0.0s
[80/1120]	[L1: 0.0362]	2.7+0.0s
[120/1120]	[L1: 0.0362]	2.5+0.0s
[160/1120]	[L1: 0.0358]	2.6+0.0s
[200/1120]	[L1: 0.0344]	2.6+0.0s
[240/1120]	[L1: 0.0342]	2.7+0.0s
[280/1120]	[L1: 0.0342]	2.9+0.0s
[320/1120]	[L1: 0.0337]	3.2+0.0s
[360/1120]	[L1: 0.0333]	2.9+0.0s
[400/1120]	[L1: 0.0337]	3.1+0.0s
[440/1120]	[L1: 0.0333]	2.7+0.0s
[480/1120]	[L1: 0.0333]	2.7+0.0s
[520/1120]	[L1: 0.0331]	2.7+0.0s
[560/1120]	[L1: 0.0333]	2.7+0.0s
[600/1120]	[L1: 0.0330]	2.8+0.0s
[640/1120]	[L1: 0.0333]	2.7+0.0s
[680/1120]	[L1: 0.0333]	2.7+0.0s
[720/1120]	[L1: 0.0332]	3.0+0.0s
[760/1120]	[L1: 0.0331]	3.1+0.0s
[800/1120]	[L1: 0.0330]	3.0+0.0s
[840/1120]	[L1: 0.0330]	2.8+0.0s
[880/1120]	[L1: 0.0331]	2.5+0.0s
[920/1120]	[L1: 0.0332]	2.6+0.0s
[960/1120]	[L1: 0.0332]	2.6+0.0s
[1000/1120]	[L1: 0.0332]	2.6+0.0s
[1040/1120]	[L1: 0.0331]	2.6+0.0s
[1080/1120]	[L1: 0.0331]	2.5+0.0s
[1120/1120]	[L1: 0.0331]	2.5+0.0s

Evaluation:
[RSSCN7 x4]	psnr: 27.429 (Best: 27.455 @epoch 34)
Total time: 28.92s

[Epoch 36]	Learning rate: 2.00e-4
[40/1120]	[L1: 0.0379]	2.6+0.0s
[80/1120]	[L1: 0.0351]	2.5+0.0s
[120/1120]	[L1: 0.0341]	2.6+0.0s
[160/1120]	[L1: 0.0337]	2.6+0.0s
[200/1120]	[L1: 0.0335]	2.5+0.0s
[240/1120]	[L1: 0.0333]	2.6+0.0s
[280/1120]	[L1: 0.0330]	2.6+0.0s
[320/1120]	[L1: 0.0330]	2.7+0.0s
[360/1120]	[L1: 0.0332]	2.6+0.0s
[400/1120]	[L1: 0.0327]	2.6+0.0s
[440/1120]	[L1: 0.0331]	2.6+0.0s
[480/1120]	[L1: 0.0329]	2.6+0.0s
[520/1120]	[L1: 0.0330]	3.2+0.0s
[560/1120]	[L1: 0.0331]	3.2+0.0s
[600/1120]	[L1: 0.0330]	3.4+0.0s
[640/1120]	[L1: 0.0327]	3.1+0.0s
[680/1120]	[L1: 0.0329]	3.0+0.0s
[720/1120]	[L1: 0.0329]	3.0+0.0s
[760/1120]	[L1: 0.0329]	3.2+0.0s
[800/1120]	[L1: 0.0329]	3.1+0.0s
[840/1120]	[L1: 0.0328]	3.2+0.0s
[880/1120]	[L1: 0.0329]	3.2+0.0s
[920/1120]	[L1: 0.0329]	3.2+0.0s
[960/1120]	[L1: 0.0329]	3.1+0.0s
[1000/1120]	[L1: 0.0329]	2.9+0.0s
[1040/1120]	[L1: 0.0329]	2.8+0.0s
[1080/1120]	[L1: 0.0329]	2.6+0.0s
[1120/1120]	[L1: 0.0330]	2.6+0.0s

Evaluation:
[RSSCN7 x4]	psnr: 27.386 (Best: 27.455 @epoch 34)
Total time: 28.99s

[Epoch 37]	Learning rate: 2.00e-4
[40/1120]	[L1: 0.0364]	2.8+0.0s
[80/1120]	[L1: 0.0342]	2.6+0.0s
[120/1120]	[L1: 0.0346]	2.5+0.0s
[160/1120]	[L1: 0.0341]	2.5+0.0s
[200/1120]	[L1: 0.0332]	2.5+0.0s
[240/1120]	[L1: 0.0332]	2.6+0.0s
[280/1120]	[L1: 0.0331]	2.6+0.0s
[320/1120]	[L1: 0.0336]	2.5+0.0s
[360/1120]	[L1: 0.0343]	2.6+0.0s
[400/1120]	[L1: 0.0344]	2.6+0.0s
[440/1120]	[L1: 0.0342]	2.6+0.0s
[480/1120]	[L1: 0.0341]	2.7+0.0s
[520/1120]	[L1: 0.0341]	2.6+0.0s
[560/1120]	[L1: 0.0338]	2.6+0.0s
[600/1120]	[L1: 0.0336]	2.6+0.0s
[640/1120]	[L1: 0.0336]	2.6+0.0s
[680/1120]	[L1: 0.0335]	2.8+0.0s
[720/1120]	[L1: 0.0335]	2.9+0.0s
[760/1120]	[L1: 0.0337]	2.8+0.0s
[800/1120]	[L1: 0.0338]	2.7+0.0s
[840/1120]	[L1: 0.0337]	3.0+0.0s
[880/1120]	[L1: 0.0336]	3.0+0.0s
[920/1120]	[L1: 0.0334]	3.1+0.0s
[960/1120]	[L1: 0.0334]	4.1+0.0s
[1000/1120]	[L1: 0.0334]	3.5+0.0s
[1040/1120]	[L1: 0.0333]	2.9+0.0s
[1080/1120]	[L1: 0.0332]	3.0+0.0s
[1120/1120]	[L1: 0.0331]	3.1+0.0s

Evaluation:
[RSSCN7 x4]	psnr: 27.400 (Best: 27.455 @epoch 34)
Total time: 47.29s

[Epoch 38]	Learning rate: 2.00e-4
[40/1120]	[L1: 0.0347]	2.6+0.0s
[80/1120]	[L1: 0.0332]	2.6+0.0s
[120/1120]	[L1: 0.0332]	2.6+0.0s
[160/1120]	[L1: 0.0332]	2.5+0.0s
[200/1120]	[L1: 0.0334]	2.7+0.0s
[240/1120]	[L1: 0.0333]	2.6+0.0s
[280/1120]	[L1: 0.0335]	2.5+0.0s
[320/1120]	[L1: 0.0334]	2.6+0.0s
[360/1120]	[L1: 0.0340]	2.5+0.0s
[400/1120]	[L1: 0.0338]	2.6+0.0s
[440/1120]	[L1: 0.0336]	2.6+0.0s
[480/1120]	[L1: 0.0336]	2.6+0.0s
[520/1120]	[L1: 0.0332]	2.6+0.0s
[560/1120]	[L1: 0.0329]	2.6+0.0s
[600/1120]	[L1: 0.0329]	2.5+0.0s
[640/1120]	[L1: 0.0328]	2.7+0.0s
[680/1120]	[L1: 0.0325]	2.6+0.0s
[720/1120]	[L1: 0.0324]	2.6+0.0s
[760/1120]	[L1: 0.0324]	2.6+0.0s
[800/1120]	[L1: 0.0324]	2.6+0.0s
[840/1120]	[L1: 0.0325]	2.7+0.0s
[880/1120]	[L1: 0.0323]	2.6+0.0s
[920/1120]	[L1: 0.0324]	2.6+0.0s
[960/1120]	[L1: 0.0325]	2.7+0.0s
[1000/1120]	[L1: 0.0325]	3.0+0.0s
[1040/1120]	[L1: 0.0327]	2.8+0.0s
[1080/1120]	[L1: 0.0327]	2.9+0.0s
[1120/1120]	[L1: 0.0328]	3.2+0.0s

Evaluation:
[RSSCN7 x4]	psnr: 27.285 (Best: 27.455 @epoch 34)
Total time: 95.45s

[Epoch 39]	Learning rate: 2.00e-4
[40/1120]	[L1: 0.0336]	2.9+0.0s
[80/1120]	[L1: 0.0360]	2.7+0.0s
[120/1120]	[L1: 0.0360]	2.7+0.0s
[160/1120]	[L1: 0.0343]	2.6+0.0s
[200/1120]	[L1: 0.0334]	2.5+0.0s
[240/1120]	[L1: 0.0334]	2.6+0.0s
[280/1120]	[L1: 0.0332]	2.6+0.0s
[320/1120]	[L1: 0.0334]	2.7+0.0s
[360/1120]	[L1: 0.0335]	2.6+0.0s
[400/1120]	[L1: 0.0339]	2.6+0.0s
[440/1120]	[L1: 0.0338]	2.6+0.0s
[480/1120]	[L1: 0.0340]	2.6+0.0s
[520/1120]	[L1: 0.0337]	2.6+0.0s
[560/1120]	[L1: 0.0334]	2.7+0.0s
[600/1120]	[L1: 0.0334]	2.6+0.0s
[640/1120]	[L1: 0.0335]	2.6+0.0s
[680/1120]	[L1: 0.0335]	2.6+0.0s
[720/1120]	[L1: 0.0336]	2.6+0.0s
[760/1120]	[L1: 0.0333]	2.7+0.0s
[800/1120]	[L1: 0.0334]	2.6+0.0s
[840/1120]	[L1: 0.0334]	2.6+0.0s
[880/1120]	[L1: 0.0332]	2.6+0.0s
[920/1120]	[L1: 0.0331]	2.6+0.0s
[960/1120]	[L1: 0.0330]	2.6+0.0s
[1000/1120]	[L1: 0.0330]	2.7+0.0s
[1040/1120]	[L1: 0.0332]	2.6+0.0s
[1080/1120]	[L1: 0.0331]	2.7+0.0s
[1120/1120]	[L1: 0.0330]	2.6+0.0s

Evaluation:
[RSSCN7 x4]	psnr: 27.438 (Best: 27.455 @epoch 34)
Total time: 109.88s

[Epoch 40]	Learning rate: 2.00e-4
[40/1120]	[L1: 0.0328]	3.2+0.0s
[80/1120]	[L1: 0.0318]	3.1+0.0s
[120/1120]	[L1: 0.0343]	3.1+0.0s
[160/1120]	[L1: 0.0346]	3.0+0.0s
[200/1120]	[L1: 0.0345]	2.9+0.0s
[240/1120]	[L1: 0.0343]	2.7+0.0s
[280/1120]	[L1: 0.0339]	2.6+0.0s
[320/1120]	[L1: 0.0339]	2.6+0.0s
[360/1120]	[L1: 0.0336]	2.6+0.0s
[400/1120]	[L1: 0.0336]	2.6+0.0s
[440/1120]	[L1: 0.0340]	2.6+0.0s
[480/1120]	[L1: 0.0339]	2.7+0.0s
[520/1120]	[L1: 0.0337]	2.6+0.0s
[560/1120]	[L1: 0.0336]	2.6+0.0s
[600/1120]	[L1: 0.0336]	2.6+0.0s
[640/1120]	[L1: 0.0333]	2.6+0.0s
[680/1120]	[L1: 0.0334]	2.7+0.0s
[720/1120]	[L1: 0.0331]	2.6+0.0s
[760/1120]	[L1: 0.0333]	2.6+0.0s
[800/1120]	[L1: 0.0332]	2.6+0.0s
[840/1120]	[L1: 0.0331]	2.6+0.0s
[880/1120]	[L1: 0.0329]	2.6+0.0s
[920/1120]	[L1: 0.0329]	2.7+0.0s
[960/1120]	[L1: 0.0329]	2.6+0.0s
[1000/1120]	[L1: 0.0329]	2.5+0.0s
[1040/1120]	[L1: 0.0327]	2.6+0.0s
[1080/1120]	[L1: 0.0328]	2.5+0.0s
[1120/1120]	[L1: 0.0327]	2.6+0.0s

Evaluation:
[RSSCN7 x4]	psnr: 27.413 (Best: 27.455 @epoch 34)
Total time: 91.58s

[Epoch 41]	Learning rate: 2.00e-4
[40/1120]	[L1: 0.0336]	3.1+0.1s
[80/1120]	[L1: 0.0315]	3.1+0.0s
[120/1120]	[L1: 0.0327]	3.0+0.0s
[160/1120]	[L1: 0.0322]	2.9+0.0s
[200/1120]	[L1: 0.0320]	2.7+0.0s
[240/1120]	[L1: 0.0319]	2.8+0.0s
[280/1120]	[L1: 0.0317]	2.7+0.0s
[320/1120]	[L1: 0.0323]	2.7+0.0s
[360/1120]	[L1: 0.0325]	2.6+0.0s
[400/1120]	[L1: 0.0329]	2.6+0.0s
[440/1120]	[L1: 0.0326]	2.6+0.0s
[480/1120]	[L1: 0.0327]	2.6+0.0s
[520/1120]	[L1: 0.0327]	2.6+0.0s
[560/1120]	[L1: 0.0327]	2.6+0.0s
[600/1120]	[L1: 0.0330]	2.6+0.0s
[640/1120]	[L1: 0.0332]	2.6+0.0s
[680/1120]	[L1: 0.0331]	2.6+0.0s
[720/1120]	[L1: 0.0330]	2.6+0.0s
[760/1120]	[L1: 0.0329]	2.5+0.0s
[800/1120]	[L1: 0.0328]	2.6+0.0s
[840/1120]	[L1: 0.0329]	2.6+0.0s
[880/1120]	[L1: 0.0330]	2.6+0.0s
[920/1120]	[L1: 0.0329]	2.6+0.0s
[960/1120]	[L1: 0.0329]	2.6+0.0s
[1000/1120]	[L1: 0.0329]	2.6+0.0s
[1040/1120]	[L1: 0.0327]	2.6+0.0s
[1080/1120]	[L1: 0.0328]	2.6+0.0s
[1120/1120]	[L1: 0.0328]	2.5+0.0s

Evaluation:
[RSSCN7 x4]	psnr: 27.453 (Best: 27.455 @epoch 34)
Total time: 28.87s

[Epoch 42]	Learning rate: 2.00e-4
[40/1120]	[L1: 0.0305]	2.7+0.0s
[80/1120]	[L1: 0.0300]	3.0+0.0s
[120/1120]	[L1: 0.0311]	2.9+0.0s
[160/1120]	[L1: 0.0320]	3.2+0.0s
[200/1120]	[L1: 0.0327]	3.1+0.0s
[240/1120]	[L1: 0.0338]	3.2+0.0s
[280/1120]	[L1: 0.0338]	3.0+0.0s
[320/1120]	[L1: 0.0334]	3.0+0.0s
[360/1120]	[L1: 0.0328]	3.0+0.0s
[400/1120]	[L1: 0.0326]	3.1+0.0s
[440/1120]	[L1: 0.0326]	3.0+0.0s
[480/1120]	[L1: 0.0328]	3.1+0.0s
[520/1120]	[L1: 0.0328]	3.1+0.0s
[560/1120]	[L1: 0.0326]	3.0+0.0s
[600/1120]	[L1: 0.0325]	3.0+0.0s
[640/1120]	[L1: 0.0324]	2.7+0.0s
[680/1120]	[L1: 0.0324]	2.6+0.0s
[720/1120]	[L1: 0.0324]	2.7+0.0s
[760/1120]	[L1: 0.0324]	2.6+0.0s
[800/1120]	[L1: 0.0325]	2.6+0.0s
[840/1120]	[L1: 0.0324]	2.6+0.0s
[880/1120]	[L1: 0.0327]	2.6+0.0s
[920/1120]	[L1: 0.0328]	2.5+0.0s
[960/1120]	[L1: 0.0327]	2.6+0.0s
[1000/1120]	[L1: 0.0327]	2.5+0.0s
[1040/1120]	[L1: 0.0327]	2.6+0.0s
[1080/1120]	[L1: 0.0326]	2.7+0.0s
[1120/1120]	[L1: 0.0326]	2.7+0.0s

Evaluation:
[RSSCN7 x4]	psnr: 27.486 (Best: 27.486 @epoch 42)
Total time: 28.80s

[Epoch 43]	Learning rate: 2.00e-4
[40/1120]	[L1: 0.0316]	2.5+0.0s
[80/1120]	[L1: 0.0341]	2.6+0.0s
[120/1120]	[L1: 0.0342]	2.5+0.0s
[160/1120]	[L1: 0.0336]	2.5+0.0s
[200/1120]	[L1: 0.0333]	2.6+0.0s
[240/1120]	[L1: 0.0327]	2.6+0.0s
[280/1120]	[L1: 0.0327]	2.9+0.0s
[320/1120]	[L1: 0.0321]	2.8+0.0s
[360/1120]	[L1: 0.0328]	2.8+0.0s
[400/1120]	[L1: 0.0328]	3.0+0.0s
[440/1120]	[L1: 0.0329]	3.0+0.0s
[480/1120]	[L1: 0.0329]	3.1+0.0s
[520/1120]	[L1: 0.0328]	3.3+0.0s
[560/1120]	[L1: 0.0325]	3.1+0.0s
[600/1120]	[L1: 0.0323]	3.2+0.0s
[640/1120]	[L1: 0.0324]	3.2+0.0s
[680/1120]	[L1: 0.0325]	3.1+0.0s
[720/1120]	[L1: 0.0325]	3.1+0.0s
[760/1120]	[L1: 0.0325]	3.1+0.0s
[800/1120]	[L1: 0.0324]	3.0+0.0s
[840/1120]	[L1: 0.0327]	3.0+0.0s
[880/1120]	[L1: 0.0328]	2.8+0.0s
[920/1120]	[L1: 0.0327]	2.7+0.0s
[960/1120]	[L1: 0.0328]	2.6+0.0s
[1000/1120]	[L1: 0.0328]	2.6+0.0s
[1040/1120]	[L1: 0.0329]	2.6+0.0s
[1080/1120]	[L1: 0.0329]	2.7+0.0s
[1120/1120]	[L1: 0.0329]	2.6+0.0s

Evaluation:
[RSSCN7 x4]	psnr: 27.456 (Best: 27.486 @epoch 42)
Total time: 28.92s

[Epoch 44]	Learning rate: 2.00e-4
[40/1120]	[L1: 0.0306]	2.5+0.0s
[80/1120]	[L1: 0.0318]	2.6+0.0s
[120/1120]	[L1: 0.0322]	2.6+0.0s
[160/1120]	[L1: 0.0313]	2.5+0.0s
[200/1120]	[L1: 0.0316]	2.5+0.0s
[240/1120]	[L1: 0.0318]	2.6+0.0s
[280/1120]	[L1: 0.0321]	2.5+0.0s
[320/1120]	[L1: 0.0322]	2.6+0.0s
[360/1120]	[L1: 0.0328]	2.6+0.0s
[400/1120]	[L1: 0.0333]	2.8+0.0s
[440/1120]	[L1: 0.0334]	2.8+0.0s
[480/1120]	[L1: 0.0336]	2.6+0.0s
[520/1120]	[L1: 0.0332]	2.6+0.0s
[560/1120]	[L1: 0.0330]	3.0+0.0s
[600/1120]	[L1: 0.0332]	2.7+0.0s
[640/1120]	[L1: 0.0333]	3.0+0.0s
[680/1120]	[L1: 0.0331]	3.0+0.0s
[720/1120]	[L1: 0.0329]	2.9+0.0s
[760/1120]	[L1: 0.0326]	2.9+0.0s
[800/1120]	[L1: 0.0327]	2.9+0.0s
[840/1120]	[L1: 0.0328]	2.8+0.0s
[880/1120]	[L1: 0.0327]	2.7+0.0s
[920/1120]	[L1: 0.0329]	2.7+0.0s
[960/1120]	[L1: 0.0329]	2.8+0.0s
[1000/1120]	[L1: 0.0327]	2.8+0.0s
[1040/1120]	[L1: 0.0327]	2.8+0.0s
[1080/1120]	[L1: 0.0326]	3.2+0.0s
[1120/1120]	[L1: 0.0327]	2.8+0.0s

Evaluation:
[RSSCN7 x4]	psnr: 27.441 (Best: 27.486 @epoch 42)
Total time: 28.86s

[Epoch 45]	Learning rate: 2.00e-4
[40/1120]	[L1: 0.0339]	2.7+0.1s
[80/1120]	[L1: 0.0338]	2.6+0.0s
[120/1120]	[L1: 0.0332]	2.5+0.0s
[160/1120]	[L1: 0.0329]	2.6+0.0s
[200/1120]	[L1: 0.0324]	2.6+0.0s
[240/1120]	[L1: 0.0329]	2.6+0.0s
[280/1120]	[L1: 0.0327]	2.6+0.0s
[320/1120]	[L1: 0.0323]	2.6+0.0s
[360/1120]	[L1: 0.0328]	2.6+0.0s
[400/1120]	[L1: 0.0325]	2.6+0.0s
[440/1120]	[L1: 0.0326]	2.6+0.0s
[480/1120]	[L1: 0.0333]	2.7+0.0s
[520/1120]	[L1: 0.0334]	2.6+0.0s
[560/1120]	[L1: 0.0334]	2.6+0.0s
[600/1120]	[L1: 0.0333]	2.6+0.0s
[640/1120]	[L1: 0.0330]	2.5+0.0s
[680/1120]	[L1: 0.0334]	2.6+0.0s
[720/1120]	[L1: 0.0333]	2.5+0.0s
[760/1120]	[L1: 0.0329]	2.5+0.0s
[800/1120]	[L1: 0.0328]	2.6+0.0s
[840/1120]	[L1: 0.0326]	2.7+0.0s
[880/1120]	[L1: 0.0325]	2.7+0.0s
[920/1120]	[L1: 0.0326]	2.7+0.0s
[960/1120]	[L1: 0.0327]	3.0+0.0s
[1000/1120]	[L1: 0.0329]	2.8+0.0s
[1040/1120]	[L1: 0.0327]	2.7+0.0s
[1080/1120]	[L1: 0.0326]	2.8+0.0s
[1120/1120]	[L1: 0.0326]	2.8+0.0s

Evaluation:
[RSSCN7 x4]	psnr: 27.495 (Best: 27.495 @epoch 45)
Total time: 74.76s

[Epoch 46]	Learning rate: 2.00e-4
[40/1120]	[L1: 0.0352]	2.6+0.0s
[80/1120]	[L1: 0.0328]	2.5+0.0s
[120/1120]	[L1: 0.0348]	2.7+0.0s
[160/1120]	[L1: 0.0334]	2.6+0.0s
[200/1120]	[L1: 0.0331]	2.5+0.0s
[240/1120]	[L1: 0.0330]	2.6+0.0s
[280/1120]	[L1: 0.0332]	2.6+0.0s
[320/1120]	[L1: 0.0331]	2.6+0.0s
[360/1120]	[L1: 0.0331]	2.6+0.0s
[400/1120]	[L1: 0.0336]	2.7+0.0s
[440/1120]	[L1: 0.0336]	2.6+0.0s
[480/1120]	[L1: 0.0333]	2.8+0.0s
[520/1120]	[L1: 0.0332]	2.6+0.0s
[560/1120]	[L1: 0.0332]	2.5+0.0s
[600/1120]	[L1: 0.0334]	2.6+0.0s
[640/1120]	[L1: 0.0330]	2.5+0.0s
[680/1120]	[L1: 0.0330]	2.6+0.0s
[720/1120]	[L1: 0.0330]	2.6+0.0s
[760/1120]	[L1: 0.0330]	2.6+0.0s
[800/1120]	[L1: 0.0330]	2.5+0.0s
[840/1120]	[L1: 0.0330]	2.6+0.0s
[880/1120]	[L1: 0.0330]	2.5+0.0s
[920/1120]	[L1: 0.0330]	2.6+0.0s
[960/1120]	[L1: 0.0330]	2.6+0.0s
[1000/1120]	[L1: 0.0328]	2.6+0.0s
[1040/1120]	[L1: 0.0326]	2.6+0.0s
[1080/1120]	[L1: 0.0326]	2.7+0.0s
[1120/1120]	[L1: 0.0326]	2.7+0.0s

Evaluation:
[RSSCN7 x4]	psnr: 27.480 (Best: 27.495 @epoch 45)
Total time: 96.74s

[Epoch 47]	Learning rate: 2.00e-4
[40/1120]	[L1: 0.0351]	2.8+0.0s
[80/1120]	[L1: 0.0336]	2.9+0.0s
[120/1120]	[L1: 0.0324]	2.6+0.0s
[160/1120]	[L1: 0.0339]	2.6+0.0s
[200/1120]	[L1: 0.0332]	2.6+0.0s
[240/1120]	[L1: 0.0328]	2.5+0.0s
[280/1120]	[L1: 0.0328]	2.6+0.0s
[320/1120]	[L1: 0.0323]	2.5+0.0s
[360/1120]	[L1: 0.0328]	2.6+0.0s
[400/1120]	[L1: 0.0324]	2.6+0.0s
[440/1120]	[L1: 0.0321]	2.6+0.0s
[480/1120]	[L1: 0.0321]	2.6+0.0s
[520/1120]	[L1: 0.0319]	2.7+0.0s
[560/1120]	[L1: 0.0317]	2.5+0.0s
[600/1120]	[L1: 0.0319]	2.6+0.0s
[640/1120]	[L1: 0.0323]	2.6+0.0s
[680/1120]	[L1: 0.0323]	2.6+0.0s
[720/1120]	[L1: 0.0323]	2.7+0.0s
[760/1120]	[L1: 0.0322]	2.6+0.0s
[800/1120]	[L1: 0.0321]	2.6+0.0s
[840/1120]	[L1: 0.0320]	2.6+0.0s
[880/1120]	[L1: 0.0320]	2.6+0.0s
[920/1120]	[L1: 0.0322]	2.6+0.0s
[960/1120]	[L1: 0.0323]	2.7+0.0s
[1000/1120]	[L1: 0.0324]	2.6+0.0s
[1040/1120]	[L1: 0.0324]	2.6+0.0s
[1080/1120]	[L1: 0.0324]	2.6+0.0s
[1120/1120]	[L1: 0.0325]	2.6+0.0s

Evaluation:
[RSSCN7 x4]	psnr: 27.523 (Best: 27.523 @epoch 47)
Total time: 92.39s

[Epoch 48]	Learning rate: 2.00e-4
[40/1120]	[L1: 0.0340]	3.1+0.1s
[80/1120]	[L1: 0.0348]	3.1+0.0s
[120/1120]	[L1: 0.0343]	2.9+0.0s
[160/1120]	[L1: 0.0346]	2.9+0.0s
[200/1120]	[L1: 0.0332]	2.7+0.0s
[240/1120]	[L1: 0.0338]	2.8+0.0s
[280/1120]	[L1: 0.0334]	2.7+0.0s
[320/1120]	[L1: 0.0325]	2.6+0.0s
[360/1120]	[L1: 0.0323]	2.6+0.0s
[400/1120]	[L1: 0.0328]	2.7+0.0s
[440/1120]	[L1: 0.0326]	2.6+0.0s
[480/1120]	[L1: 0.0323]	2.8+0.0s
[520/1120]	[L1: 0.0323]	2.6+0.0s
[560/1120]	[L1: 0.0325]	2.6+0.0s
[600/1120]	[L1: 0.0325]	2.6+0.0s
[640/1120]	[L1: 0.0325]	2.6+0.0s
[680/1120]	[L1: 0.0325]	2.6+0.0s
[720/1120]	[L1: 0.0322]	2.6+0.0s
[760/1120]	[L1: 0.0324]	2.6+0.0s
[800/1120]	[L1: 0.0321]	2.6+0.0s
[840/1120]	[L1: 0.0320]	2.6+0.0s
[880/1120]	[L1: 0.0321]	2.7+0.0s
[920/1120]	[L1: 0.0322]	2.6+0.0s
[960/1120]	[L1: 0.0321]	2.6+0.0s
[1000/1120]	[L1: 0.0322]	2.6+0.0s
[1040/1120]	[L1: 0.0323]	2.7+0.0s
[1080/1120]	[L1: 0.0326]	2.6+0.0s
[1120/1120]	[L1: 0.0326]	2.6+0.0s

Evaluation:
[RSSCN7 x4]	psnr: 27.493 (Best: 27.523 @epoch 47)
Total time: 61.34s

[Epoch 49]	Learning rate: 2.00e-4
[40/1120]	[L1: 0.0325]	2.9+0.0s
[80/1120]	[L1: 0.0341]	3.3+0.0s
[120/1120]	[L1: 0.0332]	3.3+0.0s
[160/1120]	[L1: 0.0327]	3.1+0.0s
[200/1120]	[L1: 0.0324]	3.0+0.0s
[240/1120]	[L1: 0.0329]	3.0+0.0s
[280/1120]	[L1: 0.0324]	3.0+0.0s
[320/1120]	[L1: 0.0326]	3.0+0.0s
[360/1120]	[L1: 0.0330]	3.1+0.0s
[400/1120]	[L1: 0.0333]	2.8+0.0s
[440/1120]	[L1: 0.0330]	2.7+0.0s
[480/1120]	[L1: 0.0333]	2.6+0.0s
[520/1120]	[L1: 0.0330]	2.7+0.0s
[560/1120]	[L1: 0.0329]	2.6+0.0s
[600/1120]	[L1: 0.0329]	2.6+0.0s
[640/1120]	[L1: 0.0327]	2.5+0.0s
[680/1120]	[L1: 0.0327]	2.6+0.0s
[720/1120]	[L1: 0.0326]	2.6+0.0s
[760/1120]	[L1: 0.0327]	2.6+0.0s
[800/1120]	[L1: 0.0326]	2.6+0.0s
[840/1120]	[L1: 0.0325]	2.6+0.0s
[880/1120]	[L1: 0.0323]	2.6+0.0s
[920/1120]	[L1: 0.0322]	2.6+0.0s
[960/1120]	[L1: 0.0324]	2.6+0.0s
[1000/1120]	[L1: 0.0324]	2.7+0.0s
[1040/1120]	[L1: 0.0325]	2.5+0.0s
[1080/1120]	[L1: 0.0325]	2.6+0.0s
[1120/1120]	[L1: 0.0325]	2.6+0.0s

Evaluation:
[RSSCN7 x4]	psnr: 27.550 (Best: 27.550 @epoch 49)
Total time: 29.60s

[Epoch 50]	Learning rate: 2.00e-4
[40/1120]	[L1: 0.0309]	2.8+0.0s
[80/1120]	[L1: 0.0330]	3.0+0.0s
[120/1120]	[L1: 0.0317]	3.1+0.0s
[160/1120]	[L1: 0.0326]	3.6+0.0s
[200/1120]	[L1: 0.0318]	3.1+0.0s
[240/1120]	[L1: 0.0322]	2.8+0.0s
[280/1120]	[L1: 0.0319]	2.8+0.0s
[320/1120]	[L1: 0.0323]	2.8+0.0s
[360/1120]	[L1: 0.0328]	2.8+0.0s
[400/1120]	[L1: 0.0325]	3.0+0.0s
[440/1120]	[L1: 0.0326]	2.7+0.0s
[480/1120]	[L1: 0.0329]	2.8+0.0s
[520/1120]	[L1: 0.0333]	2.7+0.0s
[560/1120]	[L1: 0.0334]	2.7+0.0s
[600/1120]	[L1: 0.0334]	2.6+0.0s
[640/1120]	[L1: 0.0336]	2.7+0.0s
[680/1120]	[L1: 0.0334]	2.8+0.0s
[720/1120]	[L1: 0.0332]	2.8+0.0s
[760/1120]	[L1: 0.0333]	2.6+0.0s
[800/1120]	[L1: 0.0333]	2.6+0.0s
[840/1120]	[L1: 0.0330]	2.6+0.0s
[880/1120]	[L1: 0.0329]	2.6+0.0s
[920/1120]	[L1: 0.0331]	2.6+0.0s
[960/1120]	[L1: 0.0329]	2.6+0.0s
[1000/1120]	[L1: 0.0328]	2.5+0.0s
[1040/1120]	[L1: 0.0327]	2.5+0.0s
[1080/1120]	[L1: 0.0325]	2.5+0.0s
[1120/1120]	[L1: 0.0325]	2.6+0.0s

Evaluation:
[RSSCN7 x4]	psnr: 27.453 (Best: 27.550 @epoch 49)
Total time: 29.50s

[Epoch 51]	Learning rate: 2.00e-4
[40/1120]	[L1: 0.0287]	2.5+0.1s
[80/1120]	[L1: 0.0308]	2.5+0.0s
[120/1120]	[L1: 0.0302]	2.6+0.0s
[160/1120]	[L1: 0.0301]	2.5+0.0s
[200/1120]	[L1: 0.0299]	2.5+0.0s
[240/1120]	[L1: 0.0309]	2.6+0.0s
[280/1120]	[L1: 0.0306]	2.6+0.0s
[320/1120]	[L1: 0.0310]	2.6+0.0s
[360/1120]	[L1: 0.0312]	2.7+0.0s
[400/1120]	[L1: 0.0318]	2.7+0.0s
[440/1120]	[L1: 0.0324]	2.7+0.0s
[480/1120]	[L1: 0.0325]	2.7+0.0s
[520/1120]	[L1: 0.0325]	2.7+0.0s
[560/1120]	[L1: 0.0326]	2.8+0.0s
[600/1120]	[L1: 0.0327]	2.9+0.0s
[640/1120]	[L1: 0.0328]	2.7+0.0s
[680/1120]	[L1: 0.0327]	2.7+0.0s
[720/1120]	[L1: 0.0329]	2.8+0.0s
[760/1120]	[L1: 0.0328]	2.8+0.0s
[800/1120]	[L1: 0.0327]	3.0+0.0s
[840/1120]	[L1: 0.0326]	3.0+0.0s
[880/1120]	[L1: 0.0325]	3.0+0.1s
[920/1120]	[L1: 0.0324]	2.9+0.0s
[960/1120]	[L1: 0.0325]	2.7+0.0s
[1000/1120]	[L1: 0.0326]	2.5+0.0s
[1040/1120]	[L1: 0.0326]	2.7+0.0s
[1080/1120]	[L1: 0.0325]	2.5+0.0s
[1120/1120]	[L1: 0.0323]	2.6+0.0s

Evaluation:
[RSSCN7 x4]	psnr: 27.542 (Best: 27.550 @epoch 49)
Total time: 28.72s

[Epoch 52]	Learning rate: 2.00e-4
[40/1120]	[L1: 0.0324]	2.7+0.0s
[80/1120]	[L1: 0.0324]	2.8+0.0s
[120/1120]	[L1: 0.0319]	2.5+0.0s
[160/1120]	[L1: 0.0328]	2.5+0.0s
[200/1120]	[L1: 0.0342]	2.5+0.0s
[240/1120]	[L1: 0.0339]	2.5+0.0s
[280/1120]	[L1: 0.0332]	2.6+0.0s
[320/1120]	[L1: 0.0330]	2.5+0.0s
[360/1120]	[L1: 0.0329]	2.5+0.0s
[400/1120]	[L1: 0.0331]	2.5+0.0s
[440/1120]	[L1: 0.0332]	2.5+0.0s
[480/1120]	[L1: 0.0330]	2.5+0.0s
[520/1120]	[L1: 0.0331]	2.6+0.0s
[560/1120]	[L1: 0.0333]	2.5+0.0s
[600/1120]	[L1: 0.0333]	2.5+0.0s
[640/1120]	[L1: 0.0332]	2.5+0.0s
[680/1120]	[L1: 0.0329]	2.8+0.0s
[720/1120]	[L1: 0.0328]	2.8+0.0s
[760/1120]	[L1: 0.0330]	2.7+0.0s
[800/1120]	[L1: 0.0327]	3.2+0.0s
[840/1120]	[L1: 0.0327]	3.3+0.0s
[880/1120]	[L1: 0.0327]	3.3+0.0s
[920/1120]	[L1: 0.0326]	3.2+0.0s
[960/1120]	[L1: 0.0324]	3.3+0.0s
[1000/1120]	[L1: 0.0324]	3.9+0.0s
[1040/1120]	[L1: 0.0323]	3.5+0.0s
[1080/1120]	[L1: 0.0324]	3.5+0.0s
[1120/1120]	[L1: 0.0324]	3.2+0.0s

Evaluation:
[RSSCN7 x4]	psnr: 27.540 (Best: 27.550 @epoch 49)
Total time: 39.92s

[Epoch 53]	Learning rate: 2.00e-4
[40/1120]	[L1: 0.0318]	2.6+0.0s
[80/1120]	[L1: 0.0311]	2.6+0.0s
[120/1120]	[L1: 0.0312]	2.6+0.0s
[160/1120]	[L1: 0.0314]	2.5+0.0s
[200/1120]	[L1: 0.0315]	2.7+0.0s
[240/1120]	[L1: 0.0313]	2.6+0.0s
[280/1120]	[L1: 0.0307]	2.6+0.0s
[320/1120]	[L1: 0.0305]	2.6+0.0s
[360/1120]	[L1: 0.0307]	2.6+0.0s
[400/1120]	[L1: 0.0310]	2.6+0.0s
[440/1120]	[L1: 0.0314]	2.6+0.0s
[480/1120]	[L1: 0.0316]	2.6+0.0s
[520/1120]	[L1: 0.0320]	2.5+0.0s
[560/1120]	[L1: 0.0324]	2.6+0.0s
[600/1120]	[L1: 0.0324]	2.6+0.0s
[640/1120]	[L1: 0.0326]	2.6+0.0s
[680/1120]	[L1: 0.0324]	2.6+0.0s
[720/1120]	[L1: 0.0325]	2.5+0.0s
[760/1120]	[L1: 0.0325]	2.6+0.0s
[800/1120]	[L1: 0.0323]	2.5+0.0s
[840/1120]	[L1: 0.0323]	2.6+0.0s
[880/1120]	[L1: 0.0323]	2.6+0.0s
[920/1120]	[L1: 0.0323]	2.8+0.0s
[960/1120]	[L1: 0.0325]	2.8+0.0s
[1000/1120]	[L1: 0.0324]	2.9+0.0s
[1040/1120]	[L1: 0.0323]	2.9+0.0s
[1080/1120]	[L1: 0.0323]	3.1+0.0s
[1120/1120]	[L1: 0.0323]	3.0+0.0s

Evaluation:
[RSSCN7 x4]	psnr: 27.553 (Best: 27.553 @epoch 53)
Total time: 76.74s

[Epoch 54]	Learning rate: 2.00e-4
[40/1120]	[L1: 0.0342]	2.5+0.1s
[80/1120]	[L1: 0.0323]	2.5+0.0s
[120/1120]	[L1: 0.0331]	2.7+0.0s
[160/1120]	[L1: 0.0323]	2.5+0.0s
[200/1120]	[L1: 0.0326]	2.5+0.0s
[240/1120]	[L1: 0.0329]	2.5+0.0s
[280/1120]	[L1: 0.0325]	2.6+0.0s
[320/1120]	[L1: 0.0326]	2.6+0.0s
[360/1120]	[L1: 0.0325]	2.6+0.0s
[400/1120]	[L1: 0.0320]	2.5+0.0s
[440/1120]	[L1: 0.0325]	2.6+0.0s
[480/1120]	[L1: 0.0324]	2.6+0.0s
[520/1120]	[L1: 0.0324]	2.5+0.0s
[560/1120]	[L1: 0.0325]	2.7+0.0s
[600/1120]	[L1: 0.0327]	2.6+0.0s
[640/1120]	[L1: 0.0326]	2.5+0.0s
[680/1120]	[L1: 0.0326]	2.6+0.0s
[720/1120]	[L1: 0.0328]	2.5+0.0s
[760/1120]	[L1: 0.0329]	2.8+0.0s
[800/1120]	[L1: 0.0330]	2.8+0.0s
[840/1120]	[L1: 0.0329]	2.7+0.0s
[880/1120]	[L1: 0.0326]	2.6+0.0s
[920/1120]	[L1: 0.0326]	2.5+0.0s
[960/1120]	[L1: 0.0325]	2.6+0.0s
[1000/1120]	[L1: 0.0324]	2.7+0.0s
[1040/1120]	[L1: 0.0325]	2.6+0.0s
[1080/1120]	[L1: 0.0324]	2.6+0.0s
[1120/1120]	[L1: 0.0324]	2.8+0.0s

Evaluation:
[RSSCN7 x4]	psnr: 27.556 (Best: 27.556 @epoch 54)
Total time: 82.72s

[Epoch 55]	Learning rate: 2.00e-4
[40/1120]	[L1: 0.0327]	3.2+0.1s
[80/1120]	[L1: 0.0301]	2.9+0.0s
[120/1120]	[L1: 0.0305]	2.8+0.0s
[160/1120]	[L1: 0.0304]	2.8+0.0s
[200/1120]	[L1: 0.0316]	2.9+0.0s
[240/1120]	[L1: 0.0312]	2.7+0.0s
[280/1120]	[L1: 0.0316]	2.8+0.0s
[320/1120]	[L1: 0.0317]	2.6+0.0s
[360/1120]	[L1: 0.0319]	2.5+0.0s
[400/1120]	[L1: 0.0323]	2.5+0.0s
[440/1120]	[L1: 0.0326]	2.5+0.0s
[480/1120]	[L1: 0.0324]	2.7+0.0s
[520/1120]	[L1: 0.0323]	2.6+0.0s
[560/1120]	[L1: 0.0323]	2.6+0.0s
[600/1120]	[L1: 0.0324]	2.5+0.0s
[640/1120]	[L1: 0.0323]	2.6+0.0s
[680/1120]	[L1: 0.0324]	2.6+0.0s
[720/1120]	[L1: 0.0324]	2.6+0.0s
[760/1120]	[L1: 0.0323]	2.5+0.0s
[800/1120]	[L1: 0.0324]	2.6+0.0s
[840/1120]	[L1: 0.0323]	2.6+0.0s
[880/1120]	[L1: 0.0323]	2.5+0.0s
[920/1120]	[L1: 0.0325]	2.6+0.0s
[960/1120]	[L1: 0.0325]	2.8+0.0s
[1000/1120]	[L1: 0.0324]	2.7+0.0s
[1040/1120]	[L1: 0.0324]	2.6+0.0s
[1080/1120]	[L1: 0.0322]	2.6+0.0s
[1120/1120]	[L1: 0.0322]	2.7+0.0s

Evaluation:
[RSSCN7 x4]	psnr: 27.550 (Best: 27.556 @epoch 54)
Total time: 70.11s

[Epoch 56]	Learning rate: 2.00e-4
[40/1120]	[L1: 0.0282]	2.9+0.0s
[80/1120]	[L1: 0.0313]	3.1+0.0s
[120/1120]	[L1: 0.0313]	2.8+0.0s
[160/1120]	[L1: 0.0318]	2.8+0.0s
[200/1120]	[L1: 0.0321]	2.9+0.0s
[240/1120]	[L1: 0.0321]	2.7+0.0s
[280/1120]	[L1: 0.0313]	2.8+0.0s
[320/1120]	[L1: 0.0312]	2.7+0.0s
[360/1120]	[L1: 0.0315]	2.6+0.0s
[400/1120]	[L1: 0.0315]	2.6+0.0s
[440/1120]	[L1: 0.0317]	2.5+0.0s
[480/1120]	[L1: 0.0317]	2.6+0.0s
[520/1120]	[L1: 0.0318]	2.5+0.0s
[560/1120]	[L1: 0.0320]	2.6+0.0s
[600/1120]	[L1: 0.0322]	2.6+0.0s
[640/1120]	[L1: 0.0323]	2.6+0.0s
[680/1120]	[L1: 0.0320]	2.5+0.0s
[720/1120]	[L1: 0.0320]	2.5+0.0s
[760/1120]	[L1: 0.0322]	2.6+0.0s
[800/1120]	[L1: 0.0322]	2.5+0.0s
[840/1120]	[L1: 0.0322]	2.6+0.0s
[880/1120]	[L1: 0.0322]	2.6+0.0s
[920/1120]	[L1: 0.0322]	2.5+0.0s
[960/1120]	[L1: 0.0323]	2.6+0.0s
[1000/1120]	[L1: 0.0323]	2.5+0.0s
[1040/1120]	[L1: 0.0322]	2.6+0.0s
[1080/1120]	[L1: 0.0322]	2.5+0.0s
[1120/1120]	[L1: 0.0323]	2.6+0.0s

Evaluation:
[RSSCN7 x4]	psnr: 27.611 (Best: 27.611 @epoch 56)
Total time: 50.36s

[Epoch 57]	Learning rate: 2.00e-4
[40/1120]	[L1: 0.0332]	4.0+0.0s
[80/1120]	[L1: 0.0350]	3.6+0.0s
[120/1120]	[L1: 0.0331]	3.1+0.0s
[160/1120]	[L1: 0.0311]	2.8+0.0s
[200/1120]	[L1: 0.0312]	2.8+0.0s
[240/1120]	[L1: 0.0318]	3.0+0.0s
[280/1120]	[L1: 0.0324]	2.7+0.0s
[320/1120]	[L1: 0.0323]	2.6+0.0s
[360/1120]	[L1: 0.0320]	2.8+0.0s
[400/1120]	[L1: 0.0319]	2.8+0.0s
[440/1120]	[L1: 0.0319]	2.7+0.0s
[480/1120]	[L1: 0.0317]	2.8+0.0s
[520/1120]	[L1: 0.0315]	2.6+0.0s
[560/1120]	[L1: 0.0316]	2.6+0.0s
[600/1120]	[L1: 0.0316]	2.6+0.0s
[640/1120]	[L1: 0.0316]	2.5+0.0s
[680/1120]	[L1: 0.0315]	2.7+0.0s
[720/1120]	[L1: 0.0317]	2.6+0.0s
[760/1120]	[L1: 0.0320]	2.5+0.0s
[800/1120]	[L1: 0.0321]	2.5+0.0s
[840/1120]	[L1: 0.0322]	2.6+0.0s
[880/1120]	[L1: 0.0324]	2.5+0.0s
[920/1120]	[L1: 0.0323]	2.7+0.0s
[960/1120]	[L1: 0.0322]	2.6+0.0s
[1000/1120]	[L1: 0.0322]	2.5+0.0s
[1040/1120]	[L1: 0.0322]	2.5+0.0s
[1080/1120]	[L1: 0.0322]	2.5+0.0s
[1120/1120]	[L1: 0.0324]	2.6+0.0s

Evaluation:
[RSSCN7 x4]	psnr: 27.533 (Best: 27.611 @epoch 56)
Total time: 29.21s

[Epoch 58]	Learning rate: 2.00e-4
[40/1120]	[L1: 0.0306]	2.6+0.0s
[80/1120]	[L1: 0.0310]	2.6+0.0s
[120/1120]	[L1: 0.0317]	2.6+0.0s
[160/1120]	[L1: 0.0311]	2.7+0.0s
[200/1120]	[L1: 0.0307]	2.7+0.0s
[240/1120]	[L1: 0.0316]	2.8+0.0s
[280/1120]	[L1: 0.0315]	2.7+0.0s
[320/1120]	[L1: 0.0314]	2.9+0.0s
[360/1120]	[L1: 0.0320]	3.1+0.0s
[400/1120]	[L1: 0.0316]	2.9+0.0s
[440/1120]	[L1: 0.0314]	2.9+0.0s
[480/1120]	[L1: 0.0312]	3.1+0.0s
[520/1120]	[L1: 0.0311]	3.1+0.0s
[560/1120]	[L1: 0.0312]	3.2+0.0s
[600/1120]	[L1: 0.0312]	3.3+0.0s
[640/1120]	[L1: 0.0314]	3.2+0.0s
[680/1120]	[L1: 0.0316]	3.1+0.0s
[720/1120]	[L1: 0.0317]	3.1+0.0s
[760/1120]	[L1: 0.0318]	3.0+0.0s
[800/1120]	[L1: 0.0320]	2.9+0.0s
[840/1120]	[L1: 0.0320]	2.8+0.0s
[880/1120]	[L1: 0.0320]	2.8+0.0s
[920/1120]	[L1: 0.0320]	2.6+0.0s
[960/1120]	[L1: 0.0318]	2.5+0.0s
[1000/1120]	[L1: 0.0319]	2.5+0.0s
[1040/1120]	[L1: 0.0320]	2.5+0.0s
[1080/1120]	[L1: 0.0321]	2.7+0.0s
[1120/1120]	[L1: 0.0322]	2.5+0.0s

Evaluation:
[RSSCN7 x4]	psnr: 27.525 (Best: 27.611 @epoch 56)
Total time: 29.56s

[Epoch 59]	Learning rate: 2.00e-4
[40/1120]	[L1: 0.0336]	2.6+0.0s
[80/1120]	[L1: 0.0331]	2.5+0.0s
[120/1120]	[L1: 0.0333]	2.5+0.0s
[160/1120]	[L1: 0.0330]	2.5+0.0s
[200/1120]	[L1: 0.0334]	2.5+0.0s
[240/1120]	[L1: 0.0326]	2.5+0.0s
[280/1120]	[L1: 0.0332]	2.5+0.0s
[320/1120]	[L1: 0.0328]	2.6+0.0s
[360/1120]	[L1: 0.0322]	2.5+0.0s
[400/1120]	[L1: 0.0325]	2.5+0.0s
[440/1120]	[L1: 0.0324]	2.7+0.0s
[480/1120]	[L1: 0.0324]	3.1+0.1s
[520/1120]	[L1: 0.0323]	3.0+0.0s
[560/1120]	[L1: 0.0326]	3.1+0.0s
[600/1120]	[L1: 0.0326]	2.8+0.0s
[640/1120]	[L1: 0.0324]	2.7+0.0s
[680/1120]	[L1: 0.0324]	2.9+0.0s
[720/1120]	[L1: 0.0323]	3.0+0.0s
[760/1120]	[L1: 0.0321]	3.0+0.0s
[800/1120]	[L1: 0.0321]	2.7+0.0s
[840/1120]	[L1: 0.0321]	2.8+0.0s
[880/1120]	[L1: 0.0323]	2.8+0.0s
[920/1120]	[L1: 0.0324]	2.8+0.0s
[960/1120]	[L1: 0.0322]	3.1+0.0s
[1000/1120]	[L1: 0.0321]	3.1+0.0s
[1040/1120]	[L1: 0.0320]	3.5+0.0s
[1080/1120]	[L1: 0.0320]	3.3+0.0s
[1120/1120]	[L1: 0.0321]	3.0+0.0s

Evaluation:
[RSSCN7 x4]	psnr: 27.595 (Best: 27.611 @epoch 56)
Total time: 30.21s

[Epoch 60]	Learning rate: 2.00e-4
[40/1120]	[L1: 0.0308]	2.6+0.1s
[80/1120]	[L1: 0.0312]	2.6+0.0s
[120/1120]	[L1: 0.0309]	2.6+0.0s
[160/1120]	[L1: 0.0316]	2.5+0.0s
[200/1120]	[L1: 0.0319]	2.6+0.0s
[240/1120]	[L1: 0.0320]	2.5+0.0s
[280/1120]	[L1: 0.0319]	2.5+0.0s
[320/1120]	[L1: 0.0319]	2.6+0.0s
[360/1120]	[L1: 0.0318]	2.6+0.0s
[400/1120]	[L1: 0.0322]	2.6+0.0s
[440/1120]	[L1: 0.0322]	2.6+0.0s
[480/1120]	[L1: 0.0319]	2.6+0.0s
[520/1120]	[L1: 0.0318]	2.5+0.0s
[560/1120]	[L1: 0.0320]	2.5+0.0s
[600/1120]	[L1: 0.0317]	2.5+0.0s
[640/1120]	[L1: 0.0317]	2.7+0.0s
[680/1120]	[L1: 0.0317]	2.5+0.0s
[720/1120]	[L1: 0.0318]	2.6+0.0s
[760/1120]	[L1: 0.0319]	2.6+0.0s
[800/1120]	[L1: 0.0319]	2.6+0.0s
[840/1120]	[L1: 0.0317]	2.7+0.0s
[880/1120]	[L1: 0.0318]	2.7+0.0s
[920/1120]	[L1: 0.0319]	2.6+0.0s
[960/1120]	[L1: 0.0321]	2.7+0.0s
[1000/1120]	[L1: 0.0322]	2.7+0.0s
[1040/1120]	[L1: 0.0323]	2.9+0.0s
[1080/1120]	[L1: 0.0322]	2.7+0.0s
[1120/1120]	[L1: 0.0322]	2.6+0.0s

Evaluation:
[RSSCN7 x4]	psnr: 27.556 (Best: 27.611 @epoch 56)
Total time: 54.82s

[Epoch 61]	Learning rate: 2.00e-4
[40/1120]	[L1: 0.0360]	2.6+0.1s
[80/1120]	[L1: 0.0338]	2.5+0.0s
[120/1120]	[L1: 0.0331]	2.6+0.0s
[160/1120]	[L1: 0.0333]	2.7+0.0s
[200/1120]	[L1: 0.0320]	2.6+0.0s
[240/1120]	[L1: 0.0321]	2.5+0.0s
[280/1120]	[L1: 0.0314]	2.6+0.0s
[320/1120]	[L1: 0.0318]	2.5+0.0s
[360/1120]	[L1: 0.0317]	2.6+0.0s
[400/1120]	[L1: 0.0316]	2.5+0.0s
[440/1120]	[L1: 0.0316]	2.6+0.0s
[480/1120]	[L1: 0.0316]	2.6+0.0s
[520/1120]	[L1: 0.0312]	2.6+0.0s
[560/1120]	[L1: 0.0313]	2.6+0.0s
[600/1120]	[L1: 0.0312]	2.6+0.0s
[640/1120]	[L1: 0.0313]	2.6+0.0s
[680/1120]	[L1: 0.0315]	2.5+0.0s
[720/1120]	[L1: 0.0316]	2.6+0.0s
[760/1120]	[L1: 0.0315]	2.6+0.0s
[800/1120]	[L1: 0.0316]	2.6+0.0s
[840/1120]	[L1: 0.0318]	2.5+0.0s
[880/1120]	[L1: 0.0319]	2.6+0.0s
[920/1120]	[L1: 0.0318]	2.6+0.0s
[960/1120]	[L1: 0.0320]	2.6+0.0s
[1000/1120]	[L1: 0.0319]	2.9+0.0s
[1040/1120]	[L1: 0.0319]	3.2+0.0s
[1080/1120]	[L1: 0.0320]	2.9+0.0s
[1120/1120]	[L1: 0.0321]	3.0+0.0s

Evaluation:
[RSSCN7 x4]	psnr: 27.597 (Best: 27.611 @epoch 56)
Total time: 100.27s

[Epoch 62]	Learning rate: 2.00e-4
[40/1120]	[L1: 0.0341]	2.9+0.0s
[80/1120]	[L1: 0.0340]	2.7+0.0s
[120/1120]	[L1: 0.0334]	2.5+0.0s
[160/1120]	[L1: 0.0318]	2.5+0.0s
[200/1120]	[L1: 0.0326]	2.6+0.0s
[240/1120]	[L1: 0.0331]	2.5+0.0s
[280/1120]	[L1: 0.0330]	2.6+0.0s
[320/1120]	[L1: 0.0325]	2.5+0.0s
[360/1120]	[L1: 0.0322]	2.5+0.0s
[400/1120]	[L1: 0.0321]	2.6+0.0s
[440/1120]	[L1: 0.0320]	2.6+0.0s
[480/1120]	[L1: 0.0324]	2.6+0.0s
[520/1120]	[L1: 0.0326]	2.5+0.0s
[560/1120]	[L1: 0.0327]	2.5+0.0s
[600/1120]	[L1: 0.0327]	2.5+0.0s
[640/1120]	[L1: 0.0324]	2.6+0.0s
[680/1120]	[L1: 0.0327]	2.5+0.0s
[720/1120]	[L1: 0.0325]	2.6+0.0s
[760/1120]	[L1: 0.0325]	2.6+0.0s
[800/1120]	[L1: 0.0325]	2.5+0.0s
[840/1120]	[L1: 0.0324]	2.5+0.0s
[880/1120]	[L1: 0.0325]	2.5+0.0s
[920/1120]	[L1: 0.0326]	2.6+0.0s
[960/1120]	[L1: 0.0324]	2.7+0.0s
[1000/1120]	[L1: 0.0322]	2.5+0.0s
[1040/1120]	[L1: 0.0320]	2.5+0.0s
[1080/1120]	[L1: 0.0320]	2.5+0.0s
[1120/1120]	[L1: 0.0321]	2.5+0.0s

Evaluation:
[RSSCN7 x4]	psnr: 27.580 (Best: 27.611 @epoch 56)
Total time: 88.03s

[Epoch 63]	Learning rate: 2.00e-4
[40/1120]	[L1: 0.0343]	3.4+0.0s
[80/1120]	[L1: 0.0330]	2.8+0.0s
[120/1120]	[L1: 0.0333]	2.7+0.0s
[160/1120]	[L1: 0.0320]	2.7+0.0s
[200/1120]	[L1: 0.0317]	2.9+0.0s
[240/1120]	[L1: 0.0327]	2.6+0.0s
[280/1120]	[L1: 0.0328]	2.6+0.0s
[320/1120]	[L1: 0.0326]	2.6+0.0s
[360/1120]	[L1: 0.0322]	2.5+0.0s
[400/1120]	[L1: 0.0323]	2.5+0.0s
[440/1120]	[L1: 0.0321]	2.6+0.0s
[480/1120]	[L1: 0.0321]	2.6+0.0s
[520/1120]	[L1: 0.0323]	2.6+0.0s
[560/1120]	[L1: 0.0323]	2.5+0.0s
[600/1120]	[L1: 0.0323]	2.6+0.0s
[640/1120]	[L1: 0.0323]	2.6+0.0s
[680/1120]	[L1: 0.0321]	2.6+0.0s
[720/1120]	[L1: 0.0322]	2.6+0.0s
[760/1120]	[L1: 0.0321]	2.6+0.0s
[800/1120]	[L1: 0.0320]	2.6+0.0s
[840/1120]	[L1: 0.0320]	2.6+0.0s
[880/1120]	[L1: 0.0319]	2.6+0.0s
[920/1120]	[L1: 0.0318]	2.6+0.0s
[960/1120]	[L1: 0.0318]	2.6+0.0s
[1000/1120]	[L1: 0.0318]	2.6+0.0s
[1040/1120]	[L1: 0.0320]	2.6+0.0s
[1080/1120]	[L1: 0.0320]	2.7+0.0s
[1120/1120]	[L1: 0.0321]	2.6+0.0s

Evaluation:
[RSSCN7 x4]	psnr: 27.574 (Best: 27.611 @epoch 56)
Total time: 46.96s

[Epoch 64]	Learning rate: 2.00e-4
[40/1120]	[L1: 0.0309]	3.8+0.0s
[80/1120]	[L1: 0.0313]	3.5+0.0s
[120/1120]	[L1: 0.0315]	3.3+0.0s
[160/1120]	[L1: 0.0331]	3.1+0.0s
[200/1120]	[L1: 0.0322]	3.3+0.0s
[240/1120]	[L1: 0.0320]	3.0+0.0s
[280/1120]	[L1: 0.0315]	3.2+0.0s
[320/1120]	[L1: 0.0312]	3.2+0.0s
[360/1120]	[L1: 0.0313]	3.1+0.0s
[400/1120]	[L1: 0.0314]	2.9+0.0s
[440/1120]	[L1: 0.0316]	2.7+0.0s
[480/1120]	[L1: 0.0316]	2.5+0.0s
[520/1120]	[L1: 0.0313]	2.5+0.0s
[560/1120]	[L1: 0.0317]	2.6+0.0s
[600/1120]	[L1: 0.0320]	2.5+0.0s
[640/1120]	[L1: 0.0318]	2.6+0.0s
[680/1120]	[L1: 0.0318]	2.6+0.0s
[720/1120]	[L1: 0.0317]	2.6+0.0s
[760/1120]	[L1: 0.0319]	2.6+0.0s
[800/1120]	[L1: 0.0320]	2.5+0.0s
[840/1120]	[L1: 0.0320]	2.5+0.0s
[880/1120]	[L1: 0.0319]	2.6+0.0s
[920/1120]	[L1: 0.0319]	2.7+0.0s
[960/1120]	[L1: 0.0319]	2.6+0.0s
[1000/1120]	[L1: 0.0319]	2.5+0.0s
[1040/1120]	[L1: 0.0317]	2.6+0.0s
[1080/1120]	[L1: 0.0318]	2.5+0.0s
[1120/1120]	[L1: 0.0320]	2.5+0.0s

Evaluation:
[RSSCN7 x4]	psnr: 27.519 (Best: 27.611 @epoch 56)
Total time: 29.12s

[Epoch 65]	Learning rate: 2.00e-4
[40/1120]	[L1: 0.0324]	2.6+0.0s
[80/1120]	[L1: 0.0320]	2.5+0.0s
[120/1120]	[L1: 0.0316]	2.7+0.0s
[160/1120]	[L1: 0.0318]	2.6+0.0s
[200/1120]	[L1: 0.0329]	2.8+0.0s
[240/1120]	[L1: 0.0326]	2.8+0.0s
[280/1120]	[L1: 0.0327]	2.7+0.0s
[320/1120]	[L1: 0.0330]	2.7+0.0s
[360/1120]	[L1: 0.0330]	3.1+0.0s
[400/1120]	[L1: 0.0332]	3.1+0.0s
[440/1120]	[L1: 0.0332]	3.0+0.0s
[480/1120]	[L1: 0.0331]	3.0+0.0s
[520/1120]	[L1: 0.0330]	3.2+0.0s
[560/1120]	[L1: 0.0329]	2.9+0.0s
[600/1120]	[L1: 0.0328]	3.0+0.0s
[640/1120]	[L1: 0.0327]	2.9+0.0s
[680/1120]	[L1: 0.0326]	3.4+0.0s
[720/1120]	[L1: 0.0326]	3.1+0.0s
[760/1120]	[L1: 0.0324]	2.6+0.0s
[800/1120]	[L1: 0.0326]	2.6+0.0s
[840/1120]	[L1: 0.0325]	2.6+0.0s
[880/1120]	[L1: 0.0324]	2.6+0.0s
[920/1120]	[L1: 0.0322]	2.6+0.0s
[960/1120]	[L1: 0.0322]	2.5+0.0s
[1000/1120]	[L1: 0.0321]	2.5+0.0s
[1040/1120]	[L1: 0.0318]	2.5+0.0s
[1080/1120]	[L1: 0.0319]	2.6+0.0s
[1120/1120]	[L1: 0.0319]	2.7+0.0s

Evaluation:
[RSSCN7 x4]	psnr: 27.625 (Best: 27.625 @epoch 65)
Total time: 26.46s

[Epoch 66]	Learning rate: 2.00e-4
[40/1120]	[L1: 0.0368]	2.6+0.0s
[80/1120]	[L1: 0.0353]	2.5+0.0s
[120/1120]	[L1: 0.0341]	2.6+0.0s
[160/1120]	[L1: 0.0347]	2.6+0.0s
[200/1120]	[L1: 0.0344]	2.5+0.0s
[240/1120]	[L1: 0.0330]	2.5+0.0s
[280/1120]	[L1: 0.0322]	2.5+0.0s
[320/1120]	[L1: 0.0315]	2.6+0.0s
[360/1120]	[L1: 0.0319]	2.6+0.0s
[400/1120]	[L1: 0.0317]	2.8+0.0s
[440/1120]	[L1: 0.0318]	2.9+0.0s
[480/1120]	[L1: 0.0317]	2.8+0.0s
[520/1120]	[L1: 0.0321]	2.7+0.0s
[560/1120]	[L1: 0.0320]	3.3+0.0s
[600/1120]	[L1: 0.0320]	3.2+0.0s
[640/1120]	[L1: 0.0322]	3.2+0.0s
[680/1120]	[L1: 0.0320]	3.2+0.0s
[720/1120]	[L1: 0.0322]	2.8+0.0s
[760/1120]	[L1: 0.0322]	2.8+0.0s
[800/1120]	[L1: 0.0323]	3.1+0.0s
[840/1120]	[L1: 0.0322]	3.2+0.0s
[880/1120]	[L1: 0.0321]	3.1+0.0s
[920/1120]	[L1: 0.0322]	3.2+0.0s
[960/1120]	[L1: 0.0321]	3.0+0.0s
[1000/1120]	[L1: 0.0320]	2.9+0.0s
[1040/1120]	[L1: 0.0322]	2.9+0.0s
[1080/1120]	[L1: 0.0321]	2.7+0.0s
[1120/1120]	[L1: 0.0322]	2.6+0.0s

Evaluation:
[RSSCN7 x4]	psnr: 27.613 (Best: 27.625 @epoch 65)
Total time: 27.42s

[Epoch 67]	Learning rate: 2.00e-4
[40/1120]	[L1: 0.0280]	2.9+0.0s
[80/1120]	[L1: 0.0305]	2.7+0.0s
[120/1120]	[L1: 0.0310]	2.7+0.0s
[160/1120]	[L1: 0.0309]	2.5+0.0s
[200/1120]	[L1: 0.0314]	2.5+0.0s
[240/1120]	[L1: 0.0317]	2.6+0.0s
[280/1120]	[L1: 0.0319]	2.5+0.0s
[320/1120]	[L1: 0.0322]	2.6+0.0s
[360/1120]	[L1: 0.0323]	2.6+0.0s
[400/1120]	[L1: 0.0325]	2.5+0.0s
[440/1120]	[L1: 0.0321]	2.5+0.0s
[480/1120]	[L1: 0.0323]	2.6+0.0s
[520/1120]	[L1: 0.0324]	2.5+0.0s
[560/1120]	[L1: 0.0324]	2.7+0.0s
[600/1120]	[L1: 0.0324]	2.6+0.0s
[640/1120]	[L1: 0.0322]	2.7+0.0s
[680/1120]	[L1: 0.0324]	2.8+0.0s
[720/1120]	[L1: 0.0324]	2.8+0.0s
[760/1120]	[L1: 0.0325]	2.9+0.0s
[800/1120]	[L1: 0.0327]	3.0+0.0s
[840/1120]	[L1: 0.0325]	2.7+0.0s
[880/1120]	[L1: 0.0323]	2.8+0.0s
[920/1120]	[L1: 0.0322]	2.8+0.0s
[960/1120]	[L1: 0.0323]	2.9+0.0s
[1000/1120]	[L1: 0.0324]	2.7+0.0s
[1040/1120]	[L1: 0.0321]	2.9+0.0s
[1080/1120]	[L1: 0.0321]	3.1+0.0s
[1120/1120]	[L1: 0.0320]	3.0+0.0s

Evaluation:
[RSSCN7 x4]	psnr: 27.609 (Best: 27.625 @epoch 65)
Total time: 38.83s

[Epoch 68]	Learning rate: 2.00e-4
[40/1120]	[L1: 0.0329]	2.7+0.0s
[80/1120]	[L1: 0.0319]	2.7+0.0s
[120/1120]	[L1: 0.0328]	2.6+0.0s
[160/1120]	[L1: 0.0336]	2.5+0.0s
[200/1120]	[L1: 0.0325]	2.6+0.0s
[240/1120]	[L1: 0.0326]	2.5+0.0s
[280/1120]	[L1: 0.0328]	2.5+0.0s
[320/1120]	[L1: 0.0324]	2.5+0.0s
[360/1120]	[L1: 0.0329]	2.5+0.0s
[400/1120]	[L1: 0.0329]	2.7+0.0s
[440/1120]	[L1: 0.0325]	2.7+0.0s
[480/1120]	[L1: 0.0324]	2.6+0.0s
[520/1120]	[L1: 0.0324]	2.6+0.0s
[560/1120]	[L1: 0.0321]	2.5+0.0s
[600/1120]	[L1: 0.0323]	2.6+0.0s
[640/1120]	[L1: 0.0324]	2.7+0.0s
[680/1120]	[L1: 0.0324]	2.6+0.0s
[720/1120]	[L1: 0.0322]	2.6+0.0s
[760/1120]	[L1: 0.0324]	2.5+0.0s
[800/1120]	[L1: 0.0320]	2.5+0.0s
[840/1120]	[L1: 0.0320]	2.6+0.0s
[880/1120]	[L1: 0.0319]	2.5+0.0s
[920/1120]	[L1: 0.0319]	2.6+0.0s
[960/1120]	[L1: 0.0320]	2.7+0.0s
[1000/1120]	[L1: 0.0318]	2.7+0.0s
[1040/1120]	[L1: 0.0319]	2.8+0.0s
[1080/1120]	[L1: 0.0320]	2.9+0.0s
[1120/1120]	[L1: 0.0319]	2.7+0.0s

Evaluation:
[RSSCN7 x4]	psnr: 27.613 (Best: 27.625 @epoch 65)
Total time: 83.10s

[Epoch 69]	Learning rate: 2.00e-4
[40/1120]	[L1: 0.0296]	3.3+0.0s
[80/1120]	[L1: 0.0320]	2.6+0.0s
[120/1120]	[L1: 0.0325]	2.7+0.0s
[160/1120]	[L1: 0.0304]	2.6+0.0s
[200/1120]	[L1: 0.0310]	2.6+0.0s
[240/1120]	[L1: 0.0315]	2.6+0.0s
[280/1120]	[L1: 0.0316]	2.6+0.0s
[320/1120]	[L1: 0.0317]	2.6+0.0s
[360/1120]	[L1: 0.0320]	2.7+0.0s
[400/1120]	[L1: 0.0321]	2.6+0.0s
[440/1120]	[L1: 0.0324]	2.6+0.0s
[480/1120]	[L1: 0.0325]	2.6+0.0s
[520/1120]	[L1: 0.0323]	2.6+0.0s
[560/1120]	[L1: 0.0321]	2.7+0.0s
[600/1120]	[L1: 0.0321]	2.6+0.0s
[640/1120]	[L1: 0.0322]	2.6+0.0s
[680/1120]	[L1: 0.0322]	2.6+0.0s
[720/1120]	[L1: 0.0319]	2.6+0.0s
[760/1120]	[L1: 0.0321]	2.5+0.0s
[800/1120]	[L1: 0.0320]	2.6+0.0s
[840/1120]	[L1: 0.0320]	2.6+0.0s
[880/1120]	[L1: 0.0319]	2.6+0.0s
[920/1120]	[L1: 0.0320]	2.6+0.0s
[960/1120]	[L1: 0.0319]	2.6+0.0s
[1000/1120]	[L1: 0.0319]	2.6+0.0s
[1040/1120]	[L1: 0.0318]	2.6+0.0s
[1080/1120]	[L1: 0.0319]	2.5+0.0s
[1120/1120]	[L1: 0.0320]	2.6+0.0s

Evaluation:
[RSSCN7 x4]	psnr: 27.648 (Best: 27.648 @epoch 69)
Total time: 67.43s

[Epoch 70]	Learning rate: 2.00e-4
[40/1120]	[L1: 0.0341]	3.8+0.0s
[80/1120]	[L1: 0.0302]	3.6+0.0s
[120/1120]	[L1: 0.0319]	3.4+0.0s
[160/1120]	[L1: 0.0322]	2.8+0.0s
[200/1120]	[L1: 0.0320]	2.9+0.0s
[240/1120]	[L1: 0.0320]	2.7+0.0s
[280/1120]	[L1: 0.0314]	2.7+0.0s
[320/1120]	[L1: 0.0319]	2.6+0.0s
[360/1120]	[L1: 0.0317]	2.6+0.0s
[400/1120]	[L1: 0.0317]	2.6+0.0s
[440/1120]	[L1: 0.0318]	2.7+0.0s
[480/1120]	[L1: 0.0319]	2.9+0.0s
[520/1120]	[L1: 0.0324]	2.6+0.0s
[560/1120]	[L1: 0.0321]	2.6+0.0s
[600/1120]	[L1: 0.0321]	2.6+0.0s
[640/1120]	[L1: 0.0320]	2.6+0.0s
[680/1120]	[L1: 0.0319]	2.5+0.0s
[720/1120]	[L1: 0.0318]	2.6+0.0s
[760/1120]	[L1: 0.0317]	2.7+0.0s
[800/1120]	[L1: 0.0319]	2.6+0.0s
[840/1120]	[L1: 0.0318]	2.6+0.0s
[880/1120]	[L1: 0.0317]	2.6+0.0s
[920/1120]	[L1: 0.0316]	2.6+0.0s
[960/1120]	[L1: 0.0316]	2.6+0.0s
[1000/1120]	[L1: 0.0318]	2.5+0.0s
[1040/1120]	[L1: 0.0318]	2.5+0.0s
[1080/1120]	[L1: 0.0318]	2.6+0.0s
[1120/1120]	[L1: 0.0319]	2.5+0.0s

Evaluation:
[RSSCN7 x4]	psnr: 27.637 (Best: 27.648 @epoch 69)
Total time: 47.06s

[Epoch 71]	Learning rate: 2.00e-4
[40/1120]	[L1: 0.0298]	3.5+0.1s
[80/1120]	[L1: 0.0326]	3.6+0.0s
[120/1120]	[L1: 0.0321]	3.7+0.0s
[160/1120]	[L1: 0.0335]	3.0+0.0s
[200/1120]	[L1: 0.0328]	3.1+0.0s
[240/1120]	[L1: 0.0327]	2.9+0.0s
[280/1120]	[L1: 0.0324]	2.7+0.0s
[320/1120]	[L1: 0.0323]	2.9+0.0s
[360/1120]	[L1: 0.0322]	3.2+0.0s
[400/1120]	[L1: 0.0317]	3.0+0.0s
[440/1120]	[L1: 0.0315]	3.1+0.0s
[480/1120]	[L1: 0.0311]	2.6+0.0s
[520/1120]	[L1: 0.0310]	2.8+0.0s
[560/1120]	[L1: 0.0310]	2.8+0.0s
[600/1120]	[L1: 0.0315]	2.6+0.0s
[640/1120]	[L1: 0.0316]	2.7+0.0s
[680/1120]	[L1: 0.0318]	2.6+0.0s
[720/1120]	[L1: 0.0316]	2.6+0.0s
[760/1120]	[L1: 0.0318]	2.6+0.0s
[800/1120]	[L1: 0.0318]	2.6+0.0s
[840/1120]	[L1: 0.0319]	2.6+0.0s
[880/1120]	[L1: 0.0319]	2.7+0.0s
[920/1120]	[L1: 0.0319]	2.6+0.0s
[960/1120]	[L1: 0.0320]	2.5+0.0s
[1000/1120]	[L1: 0.0320]	2.5+0.0s
[1040/1120]	[L1: 0.0320]	2.5+0.0s
[1080/1120]	[L1: 0.0319]	2.6+0.0s
[1120/1120]	[L1: 0.0318]	2.5+0.0s

Evaluation:
[RSSCN7 x4]	psnr: 27.594 (Best: 27.648 @epoch 69)
Total time: 26.73s

[Epoch 72]	Learning rate: 2.00e-4
[40/1120]	[L1: 0.0341]	2.7+0.0s
[80/1120]	[L1: 0.0315]	2.8+0.0s
[120/1120]	[L1: 0.0329]	2.7+0.0s
[160/1120]	[L1: 0.0328]	2.7+0.0s
[200/1120]	[L1: 0.0313]	2.8+0.0s
[240/1120]	[L1: 0.0316]	2.5+0.0s
[280/1120]	[L1: 0.0322]	2.8+0.0s
[320/1120]	[L1: 0.0314]	2.8+0.0s
[360/1120]	[L1: 0.0309]	2.8+0.0s
[400/1120]	[L1: 0.0312]	2.8+0.0s
[440/1120]	[L1: 0.0312]	2.8+0.0s
[480/1120]	[L1: 0.0314]	3.1+0.0s
[520/1120]	[L1: 0.0319]	3.0+0.0s
[560/1120]	[L1: 0.0320]	3.4+0.0s
[600/1120]	[L1: 0.0321]	3.1+0.0s
[640/1120]	[L1: 0.0323]	3.0+0.0s
[680/1120]	[L1: 0.0325]	3.1+0.0s
[720/1120]	[L1: 0.0325]	3.0+0.0s
[760/1120]	[L1: 0.0323]	2.8+0.0s
[800/1120]	[L1: 0.0325]	2.9+0.0s
[840/1120]	[L1: 0.0323]	2.8+0.0s
[880/1120]	[L1: 0.0322]	2.8+0.0s
[920/1120]	[L1: 0.0319]	2.7+0.0s
[960/1120]	[L1: 0.0318]	2.6+0.0s
[1000/1120]	[L1: 0.0318]	2.6+0.0s
[1040/1120]	[L1: 0.0318]	2.6+0.0s
[1080/1120]	[L1: 0.0318]	2.5+0.0s
[1120/1120]	[L1: 0.0319]	2.5+0.0s

Evaluation:
[RSSCN7 x4]	psnr: 27.486 (Best: 27.648 @epoch 69)
Total time: 26.99s

[Epoch 73]	Learning rate: 2.00e-4
[40/1120]	[L1: 0.0309]	2.6+0.0s
[80/1120]	[L1: 0.0325]	2.6+0.0s
[120/1120]	[L1: 0.0325]	2.6+0.0s
[160/1120]	[L1: 0.0323]	2.6+0.0s
[200/1120]	[L1: 0.0324]	2.6+0.0s
[240/1120]	[L1: 0.0320]	2.5+0.0s
[280/1120]	[L1: 0.0316]	2.6+0.0s
[320/1120]	[L1: 0.0317]	2.5+0.0s
[360/1120]	[L1: 0.0315]	2.6+0.0s
[400/1120]	[L1: 0.0309]	2.7+0.0s
[440/1120]	[L1: 0.0308]	2.7+0.0s
[480/1120]	[L1: 0.0309]	2.8+0.0s
[520/1120]	[L1: 0.0309]	2.7+0.0s
[560/1120]	[L1: 0.0310]	2.9+0.0s
[600/1120]	[L1: 0.0309]	3.1+0.0s
[640/1120]	[L1: 0.0310]	3.1+0.0s
[680/1120]	[L1: 0.0311]	2.8+0.0s
[720/1120]	[L1: 0.0313]	2.8+0.0s
[760/1120]	[L1: 0.0313]	2.9+0.0s
[800/1120]	[L1: 0.0311]	2.7+0.0s
[840/1120]	[L1: 0.0311]	2.6+0.0s
[880/1120]	[L1: 0.0313]	2.6+0.0s
[920/1120]	[L1: 0.0314]	2.8+0.0s
[960/1120]	[L1: 0.0316]	2.8+0.1s
[1000/1120]	[L1: 0.0316]	2.9+0.0s
[1040/1120]	[L1: 0.0315]	2.6+0.0s
[1080/1120]	[L1: 0.0317]	2.5+0.0s
[1120/1120]	[L1: 0.0318]	2.5+0.0s

Evaluation:
[RSSCN7 x4]	psnr: 27.596 (Best: 27.648 @epoch 69)
Total time: 27.74s

[Epoch 74]	Learning rate: 2.00e-4
[40/1120]	[L1: 0.0272]	2.8+0.1s
[80/1120]	[L1: 0.0308]	2.8+0.0s
[120/1120]	[L1: 0.0290]	2.6+0.0s
[160/1120]	[L1: 0.0303]	2.5+0.0s
[200/1120]	[L1: 0.0313]	2.6+0.0s
[240/1120]	[L1: 0.0318]	2.6+0.0s
[280/1120]	[L1: 0.0319]	2.6+0.0s
[320/1120]	[L1: 0.0319]	2.5+0.0s
[360/1120]	[L1: 0.0318]	2.5+0.0s
[400/1120]	[L1: 0.0313]	2.6+0.0s
[440/1120]	[L1: 0.0313]	2.7+0.0s
[480/1120]	[L1: 0.0310]	2.6+0.0s
[520/1120]	[L1: 0.0311]	2.6+0.0s
[560/1120]	[L1: 0.0312]	2.6+0.0s
[600/1120]	[L1: 0.0313]	2.6+0.0s
[640/1120]	[L1: 0.0314]	2.7+0.0s
[680/1120]	[L1: 0.0315]	2.6+0.0s
[720/1120]	[L1: 0.0316]	2.8+0.0s
[760/1120]	[L1: 0.0317]	3.1+0.0s
[800/1120]	[L1: 0.0317]	3.0+0.0s
[840/1120]	[L1: 0.0317]	2.9+0.0s
[880/1120]	[L1: 0.0316]	3.0+0.0s
[920/1120]	[L1: 0.0316]	2.9+0.0s
[960/1120]	[L1: 0.0320]	2.7+0.0s
[1000/1120]	[L1: 0.0320]	2.8+0.0s
[1040/1120]	[L1: 0.0320]	2.6+0.0s
[1080/1120]	[L1: 0.0320]	3.1+0.0s
[1120/1120]	[L1: 0.0320]	2.8+0.0s

Evaluation:
[RSSCN7 x4]	psnr: 27.483 (Best: 27.648 @epoch 69)
Total time: 39.95s

[Epoch 75]	Learning rate: 2.00e-4
[40/1120]	[L1: 0.0378]	2.6+0.0s
[80/1120]	[L1: 0.0333]	2.5+0.0s
[120/1120]	[L1: 0.0321]	2.5+0.0s
[160/1120]	[L1: 0.0324]	2.6+0.0s
[200/1120]	[L1: 0.0319]	2.5+0.0s
[240/1120]	[L1: 0.0320]	2.5+0.0s
[280/1120]	[L1: 0.0325]	2.5+0.0s
[320/1120]	[L1: 0.0326]	2.6+0.0s
[360/1120]	[L1: 0.0324]	2.6+0.0s
[400/1120]	[L1: 0.0323]	2.5+0.0s
[440/1120]	[L1: 0.0322]	2.6+0.0s
[480/1120]	[L1: 0.0323]	2.6+0.0s
[520/1120]	[L1: 0.0324]	2.5+0.0s
[560/1120]	[L1: 0.0326]	2.5+0.0s
[600/1120]	[L1: 0.0324]	2.6+0.0s
[640/1120]	[L1: 0.0321]	2.6+0.0s
[680/1120]	[L1: 0.0318]	2.6+0.0s
[720/1120]	[L1: 0.0319]	2.5+0.0s
[760/1120]	[L1: 0.0317]	2.6+0.0s
[800/1120]	[L1: 0.0318]	2.7+0.0s
[840/1120]	[L1: 0.0319]	2.6+0.0s
[880/1120]	[L1: 0.0318]	2.6+0.0s
[920/1120]	[L1: 0.0318]	2.6+0.0s
[960/1120]	[L1: 0.0319]	2.6+0.0s
[1000/1120]	[L1: 0.0320]	2.8+0.0s
[1040/1120]	[L1: 0.0319]	3.1+0.0s
[1080/1120]	[L1: 0.0320]	2.9+0.0s
[1120/1120]	[L1: 0.0321]	2.8+0.0s

Evaluation:
[RSSCN7 x4]	psnr: 27.578 (Best: 27.648 @epoch 69)
Total time: 84.28s

[Epoch 76]	Learning rate: 2.00e-4
[40/1120]	[L1: 0.0306]	4.0+0.0s
[80/1120]	[L1: 0.0328]	3.3+0.0s
[120/1120]	[L1: 0.0329]	2.8+0.0s
[160/1120]	[L1: 0.0326]	2.6+0.0s
[200/1120]	[L1: 0.0325]	2.5+0.0s
[240/1120]	[L1: 0.0328]	2.6+0.0s
[280/1120]	[L1: 0.0331]	2.7+0.0s
[320/1120]	[L1: 0.0331]	2.6+0.0s
[360/1120]	[L1: 0.0328]	2.6+0.0s
[400/1120]	[L1: 0.0324]	2.6+0.0s
[440/1120]	[L1: 0.0321]	2.6+0.0s
[480/1120]	[L1: 0.0319]	2.9+0.0s
[520/1120]	[L1: 0.0317]	2.8+0.0s
[560/1120]	[L1: 0.0316]	2.6+0.0s
[600/1120]	[L1: 0.0317]	2.6+0.0s
[640/1120]	[L1: 0.0315]	2.6+0.0s
[680/1120]	[L1: 0.0317]	2.6+0.0s
[720/1120]	[L1: 0.0318]	2.6+0.0s
[760/1120]	[L1: 0.0317]	2.7+0.0s
[800/1120]	[L1: 0.0317]	2.5+0.0s
[840/1120]	[L1: 0.0318]	2.6+0.0s
[880/1120]	[L1: 0.0317]	2.5+0.0s
[920/1120]	[L1: 0.0317]	2.6+0.0s
[960/1120]	[L1: 0.0317]	2.7+0.0s
[1000/1120]	[L1: 0.0317]	2.6+0.0s
[1040/1120]	[L1: 0.0317]	2.6+0.0s
[1080/1120]	[L1: 0.0318]	2.6+0.0s
[1120/1120]	[L1: 0.0318]	2.7+0.0s

Evaluation:
[RSSCN7 x4]	psnr: 27.650 (Best: 27.650 @epoch 76)
Total time: 70.99s

[Epoch 77]	Learning rate: 2.00e-4
[40/1120]	[L1: 0.0293]	3.5+0.0s
[80/1120]	[L1: 0.0304]	3.3+0.0s
[120/1120]	[L1: 0.0305]	3.0+0.0s
[160/1120]	[L1: 0.0315]	2.8+0.0s
[200/1120]	[L1: 0.0308]	2.8+0.0s
[240/1120]	[L1: 0.0312]	3.2+0.0s
[280/1120]	[L1: 0.0308]	2.8+0.0s
[320/1120]	[L1: 0.0310]	2.7+0.0s
[360/1120]	[L1: 0.0311]	2.6+0.0s
[400/1120]	[L1: 0.0315]	2.6+0.0s
[440/1120]	[L1: 0.0317]	2.7+0.0s
[480/1120]	[L1: 0.0316]	2.6+0.0s
[520/1120]	[L1: 0.0318]	2.6+0.0s
[560/1120]	[L1: 0.0318]	2.6+0.0s
[600/1120]	[L1: 0.0316]	2.5+0.0s
[640/1120]	[L1: 0.0320]	2.6+0.0s
[680/1120]	[L1: 0.0320]	2.6+0.0s
[720/1120]	[L1: 0.0320]	2.7+0.0s
[760/1120]	[L1: 0.0319]	2.5+0.0s
[800/1120]	[L1: 0.0318]	2.6+0.0s
[840/1120]	[L1: 0.0319]	2.6+0.0s
[880/1120]	[L1: 0.0319]	2.7+0.0s
[920/1120]	[L1: 0.0318]	2.6+0.0s
[960/1120]	[L1: 0.0317]	2.7+0.0s
[1000/1120]	[L1: 0.0319]	2.7+0.0s
[1040/1120]	[L1: 0.0319]	2.6+0.0s
[1080/1120]	[L1: 0.0318]	2.6+0.0s
[1120/1120]	[L1: 0.0318]	2.6+0.0s

Evaluation:
[RSSCN7 x4]	psnr: 27.660 (Best: 27.660 @epoch 77)
Total time: 40.10s

[Epoch 78]	Learning rate: 2.00e-4
[40/1120]	[L1: 0.0283]	2.7+0.0s
[80/1120]	[L1: 0.0322]	2.7+0.0s
[120/1120]	[L1: 0.0316]	3.0+0.0s
[160/1120]	[L1: 0.0320]	3.0+0.0s
[200/1120]	[L1: 0.0326]	2.9+0.0s
[240/1120]	[L1: 0.0327]	3.0+0.0s
[280/1120]	[L1: 0.0323]	3.0+0.0s
[320/1120]	[L1: 0.0318]	3.0+0.0s
[360/1120]	[L1: 0.0318]	3.1+0.0s
[400/1120]	[L1: 0.0317]	2.7+0.0s
[440/1120]	[L1: 0.0315]	2.6+0.0s
[480/1120]	[L1: 0.0318]	2.7+0.0s
[520/1120]	[L1: 0.0317]	2.6+0.0s
[560/1120]	[L1: 0.0318]	2.6+0.0s
[600/1120]	[L1: 0.0319]	2.6+0.0s
[640/1120]	[L1: 0.0322]	2.7+0.0s
[680/1120]	[L1: 0.0325]	2.6+0.0s
[720/1120]	[L1: 0.0323]	2.6+0.0s
[760/1120]	[L1: 0.0321]	2.6+0.0s
[800/1120]	[L1: 0.0320]	2.6+0.0s
[840/1120]	[L1: 0.0318]	2.6+0.0s
[880/1120]	[L1: 0.0319]	2.6+0.0s
[920/1120]	[L1: 0.0319]	2.6+0.0s
[960/1120]	[L1: 0.0319]	2.6+0.0s
[1000/1120]	[L1: 0.0320]	2.6+0.0s
[1040/1120]	[L1: 0.0319]	2.6+0.0s
[1080/1120]	[L1: 0.0319]	2.7+0.0s
[1120/1120]	[L1: 0.0319]	2.6+0.0s

Evaluation:
[RSSCN7 x4]	psnr: 27.616 (Best: 27.660 @epoch 77)
Total time: 26.88s

[Epoch 79]	Learning rate: 2.00e-4
[40/1120]	[L1: 0.0281]	2.5+0.0s
[80/1120]	[L1: 0.0319]	2.6+0.0s
[120/1120]	[L1: 0.0322]	2.5+0.0s
[160/1120]	[L1: 0.0330]	2.6+0.0s
[200/1120]	[L1: 0.0326]	2.6+0.0s
[240/1120]	[L1: 0.0321]	2.7+0.0s
[280/1120]	[L1: 0.0320]	2.7+0.0s
[320/1120]	[L1: 0.0316]	2.8+0.0s
[360/1120]	[L1: 0.0315]	2.8+0.0s
[400/1120]	[L1: 0.0321]	2.9+0.0s
[440/1120]	[L1: 0.0322]	2.7+0.0s
[480/1120]	[L1: 0.0317]	2.8+0.0s
[520/1120]	[L1: 0.0319]	2.8+0.0s
[560/1120]	[L1: 0.0318]	2.7+0.0s
[600/1120]	[L1: 0.0316]	3.0+0.0s
[640/1120]	[L1: 0.0316]	2.9+0.0s
[680/1120]	[L1: 0.0317]	2.8+0.0s
[720/1120]	[L1: 0.0318]	2.8+0.0s
[760/1120]	[L1: 0.0318]	2.8+0.0s
[800/1120]	[L1: 0.0318]	2.6+0.0s
[840/1120]	[L1: 0.0318]	2.5+0.0s
[880/1120]	[L1: 0.0319]	2.5+0.0s
[920/1120]	[L1: 0.0318]	2.5+0.0s
[960/1120]	[L1: 0.0318]	2.6+0.0s
[1000/1120]	[L1: 0.0317]	2.5+0.0s
[1040/1120]	[L1: 0.0317]	2.6+0.0s
[1080/1120]	[L1: 0.0318]	2.8+0.0s
[1120/1120]	[L1: 0.0318]	2.7+0.0s

Evaluation:
[RSSCN7 x4]	psnr: 27.660 (Best: 27.660 @epoch 77)
Total time: 26.79s

[Epoch 80]	Learning rate: 2.00e-4
[40/1120]	[L1: 0.0297]	2.7+0.0s
[80/1120]	[L1: 0.0306]	2.6+0.0s
[120/1120]	[L1: 0.0318]	2.5+0.0s
[160/1120]	[L1: 0.0320]	2.5+0.0s
[200/1120]	[L1: 0.0321]	2.5+0.0s
[240/1120]	[L1: 0.0318]	2.5+0.0s
[280/1120]	[L1: 0.0318]	2.6+0.0s
[320/1120]	[L1: 0.0326]	2.5+0.0s
[360/1120]	[L1: 0.0326]	2.5+0.0s
[400/1120]	[L1: 0.0326]	2.5+0.0s
[440/1120]	[L1: 0.0319]	2.6+0.0s
[480/1120]	[L1: 0.0319]	2.9+0.0s
[520/1120]	[L1: 0.0316]	2.9+0.0s
[560/1120]	[L1: 0.0315]	2.9+0.0s
[600/1120]	[L1: 0.0313]	3.1+0.0s
[640/1120]	[L1: 0.0315]	3.0+0.0s
[680/1120]	[L1: 0.0316]	3.4+0.0s
[720/1120]	[L1: 0.0316]	3.9+0.0s
[760/1120]	[L1: 0.0317]	3.1+0.0s
[800/1120]	[L1: 0.0316]	3.2+0.0s
[840/1120]	[L1: 0.0317]	3.2+0.0s
[880/1120]	[L1: 0.0316]	2.8+0.0s
[920/1120]	[L1: 0.0316]	2.8+0.0s
[960/1120]	[L1: 0.0317]	2.6+0.0s
[1000/1120]	[L1: 0.0317]	2.8+0.0s
[1040/1120]	[L1: 0.0318]	2.8+0.0s
[1080/1120]	[L1: 0.0319]	2.5+0.0s
[1120/1120]	[L1: 0.0318]	2.5+0.0s

Evaluation:
[RSSCN7 x4]	psnr: 27.633 (Best: 27.660 @epoch 77)
Total time: 26.92s

[Epoch 81]	Learning rate: 2.00e-4
[40/1120]	[L1: 0.0293]	2.6+0.1s
[80/1120]	[L1: 0.0290]	2.5+0.0s
[120/1120]	[L1: 0.0304]	2.6+0.0s
[160/1120]	[L1: 0.0292]	2.6+0.0s
[200/1120]	[L1: 0.0305]	2.5+0.0s
[240/1120]	[L1: 0.0304]	2.6+0.0s
[280/1120]	[L1: 0.0304]	2.5+0.0s
[320/1120]	[L1: 0.0299]	2.5+0.0s
[360/1120]	[L1: 0.0301]	2.6+0.0s
[400/1120]	[L1: 0.0303]	2.5+0.0s
[440/1120]	[L1: 0.0303]	2.6+0.0s
[480/1120]	[L1: 0.0307]	2.5+0.0s
[520/1120]	[L1: 0.0305]	2.6+0.0s
[560/1120]	[L1: 0.0305]	2.6+0.0s
[600/1120]	[L1: 0.0307]	2.6+0.0s
[640/1120]	[L1: 0.0310]	2.6+0.0s
[680/1120]	[L1: 0.0310]	2.7+0.0s
[720/1120]	[L1: 0.0309]	2.6+0.0s
[760/1120]	[L1: 0.0309]	2.8+0.0s
[800/1120]	[L1: 0.0311]	3.1+0.0s
[840/1120]	[L1: 0.0312]	3.0+0.0s
[880/1120]	[L1: 0.0311]	3.1+0.0s
[920/1120]	[L1: 0.0311]	2.9+0.0s
[960/1120]	[L1: 0.0311]	2.9+0.0s
[1000/1120]	[L1: 0.0312]	2.8+0.0s
[1040/1120]	[L1: 0.0315]	2.8+0.0s
[1080/1120]	[L1: 0.0316]	3.1+0.0s
[1120/1120]	[L1: 0.0318]	2.9+0.0s

Evaluation:
[RSSCN7 x4]	psnr: 27.687 (Best: 27.687 @epoch 81)
Total time: 52.40s

[Epoch 82]	Learning rate: 2.00e-4
[40/1120]	[L1: 0.0328]	2.5+0.0s
[80/1120]	[L1: 0.0344]	2.5+0.0s
[120/1120]	[L1: 0.0333]	2.5+0.0s
[160/1120]	[L1: 0.0333]	2.5+0.0s
[200/1120]	[L1: 0.0331]	2.6+0.0s
[240/1120]	[L1: 0.0328]	2.5+0.0s
[280/1120]	[L1: 0.0328]	2.5+0.0s
[320/1120]	[L1: 0.0325]	2.6+0.0s
[360/1120]	[L1: 0.0325]	2.6+0.0s
[400/1120]	[L1: 0.0320]	2.5+0.0s
[440/1120]	[L1: 0.0318]	2.5+0.0s
[480/1120]	[L1: 0.0315]	2.5+0.0s
[520/1120]	[L1: 0.0316]	2.5+0.0s
[560/1120]	[L1: 0.0319]	2.5+0.0s
[600/1120]	[L1: 0.0319]	2.5+0.0s
[640/1120]	[L1: 0.0321]	2.6+0.0s
[680/1120]	[L1: 0.0321]	2.6+0.0s
[720/1120]	[L1: 0.0320]	2.5+0.0s
[760/1120]	[L1: 0.0321]	2.7+0.0s
[800/1120]	[L1: 0.0318]	2.5+0.0s
[840/1120]	[L1: 0.0316]	2.6+0.0s
[880/1120]	[L1: 0.0317]	2.5+0.0s
[920/1120]	[L1: 0.0317]	2.6+0.0s
[960/1120]	[L1: 0.0317]	2.6+0.0s
[1000/1120]	[L1: 0.0317]	2.7+0.0s
[1040/1120]	[L1: 0.0316]	2.8+0.0s
[1080/1120]	[L1: 0.0316]	2.9+0.0s
[1120/1120]	[L1: 0.0317]	2.7+0.0s

Evaluation:
[RSSCN7 x4]	psnr: 27.651 (Best: 27.687 @epoch 81)
Total time: 81.60s

[Epoch 83]	Learning rate: 2.00e-4
[40/1120]	[L1: 0.0318]	3.2+0.0s
[80/1120]	[L1: 0.0302]	2.9+0.0s
[120/1120]	[L1: 0.0317]	2.7+0.0s
[160/1120]	[L1: 0.0310]	2.5+0.0s
[200/1120]	[L1: 0.0313]	2.5+0.0s
[240/1120]	[L1: 0.0309]	2.5+0.0s
[280/1120]	[L1: 0.0314]	2.5+0.0s
[320/1120]	[L1: 0.0316]	2.5+0.0s
[360/1120]	[L1: 0.0314]	2.6+0.0s
[400/1120]	[L1: 0.0315]	2.5+0.0s
[440/1120]	[L1: 0.0315]	2.6+0.0s
[480/1120]	[L1: 0.0316]	2.5+0.0s
[520/1120]	[L1: 0.0318]	2.6+0.0s
[560/1120]	[L1: 0.0319]	2.6+0.0s
[600/1120]	[L1: 0.0317]	2.6+0.0s
[640/1120]	[L1: 0.0316]	2.6+0.0s
[680/1120]	[L1: 0.0319]	2.6+0.0s
[720/1120]	[L1: 0.0318]	2.5+0.0s
[760/1120]	[L1: 0.0316]	2.6+0.0s
[800/1120]	[L1: 0.0316]	2.6+0.0s
[840/1120]	[L1: 0.0318]	2.6+0.0s
[880/1120]	[L1: 0.0317]	2.6+0.0s
[920/1120]	[L1: 0.0321]	2.6+0.0s
[960/1120]	[L1: 0.0320]	2.6+0.0s
[1000/1120]	[L1: 0.0318]	2.7+0.0s
[1040/1120]	[L1: 0.0319]	2.6+0.0s
[1080/1120]	[L1: 0.0318]	2.5+0.0s
[1120/1120]	[L1: 0.0316]	2.6+0.0s

Evaluation:
[RSSCN7 x4]	psnr: 27.648 (Best: 27.687 @epoch 81)
Total time: 67.99s

[Epoch 84]	Learning rate: 2.00e-4
[40/1120]	[L1: 0.0314]	3.8+0.0s
[80/1120]	[L1: 0.0314]	2.9+0.0s
[120/1120]	[L1: 0.0327]	2.7+0.0s
[160/1120]	[L1: 0.0318]	2.8+0.0s
[200/1120]	[L1: 0.0317]	2.7+0.0s
[240/1120]	[L1: 0.0324]	2.9+0.0s
[280/1120]	[L1: 0.0322]	2.6+0.0s
[320/1120]	[L1: 0.0325]	2.6+0.0s
[360/1120]	[L1: 0.0321]	2.6+0.0s
[400/1120]	[L1: 0.0322]	2.6+0.0s
[440/1120]	[L1: 0.0324]	2.6+0.0s
[480/1120]	[L1: 0.0324]	2.6+0.0s
[520/1120]	[L1: 0.0322]	2.6+0.0s
[560/1120]	[L1: 0.0323]	2.5+0.0s
[600/1120]	[L1: 0.0320]	2.6+0.0s
[640/1120]	[L1: 0.0321]	2.5+0.0s
[680/1120]	[L1: 0.0321]	2.6+0.0s
[720/1120]	[L1: 0.0321]	2.6+0.0s
[760/1120]	[L1: 0.0323]	2.7+0.0s
[800/1120]	[L1: 0.0322]	2.6+0.0s
[840/1120]	[L1: 0.0320]	2.6+0.0s
[880/1120]	[L1: 0.0318]	2.6+0.0s
[920/1120]	[L1: 0.0320]	2.6+0.0s
[960/1120]	[L1: 0.0319]	2.7+0.0s
[1000/1120]	[L1: 0.0319]	2.6+0.0s
[1040/1120]	[L1: 0.0318]	2.6+0.0s
[1080/1120]	[L1: 0.0317]	2.6+0.0s
[1120/1120]	[L1: 0.0317]	2.6+0.0s

Evaluation:
[RSSCN7 x4]	psnr: 27.649 (Best: 27.687 @epoch 81)
Total time: 37.09s

[Epoch 85]	Learning rate: 2.00e-4
[40/1120]	[L1: 0.0342]	3.4+0.0s
[80/1120]	[L1: 0.0330]	3.1+0.0s
[120/1120]	[L1: 0.0327]	3.3+0.0s
[160/1120]	[L1: 0.0325]	3.2+0.0s
[200/1120]	[L1: 0.0324]	2.9+0.0s
[240/1120]	[L1: 0.0324]	2.8+0.0s
[280/1120]	[L1: 0.0325]	2.8+0.0s
[320/1120]	[L1: 0.0325]	2.7+0.0s
[360/1120]	[L1: 0.0325]	2.7+0.0s
[400/1120]	[L1: 0.0320]	2.7+0.0s
[440/1120]	[L1: 0.0320]	2.8+0.0s
[480/1120]	[L1: 0.0319]	2.8+0.0s
[520/1120]	[L1: 0.0318]	2.6+0.0s
[560/1120]	[L1: 0.0317]	2.6+0.0s
[600/1120]	[L1: 0.0319]	2.5+0.0s
[640/1120]	[L1: 0.0318]	2.5+0.0s
[680/1120]	[L1: 0.0318]	2.6+0.0s
[720/1120]	[L1: 0.0317]	2.5+0.0s
[760/1120]	[L1: 0.0316]	2.6+0.0s
[800/1120]	[L1: 0.0314]	2.6+0.0s
[840/1120]	[L1: 0.0315]	2.5+0.0s
[880/1120]	[L1: 0.0315]	2.5+0.0s
[920/1120]	[L1: 0.0315]	2.6+0.0s
[960/1120]	[L1: 0.0313]	2.5+0.0s
[1000/1120]	[L1: 0.0314]	2.6+0.0s
[1040/1120]	[L1: 0.0314]	2.6+0.0s
[1080/1120]	[L1: 0.0316]	2.5+0.0s
[1120/1120]	[L1: 0.0317]	2.6+0.0s

Evaluation:
[RSSCN7 x4]	psnr: 27.612 (Best: 27.687 @epoch 81)
Total time: 27.88s

[Epoch 86]	Learning rate: 2.00e-4
[40/1120]	[L1: 0.0342]	3.2+0.0s
[80/1120]	[L1: 0.0329]	3.1+0.0s
[120/1120]	[L1: 0.0328]	2.7+0.0s
[160/1120]	[L1: 0.0335]	2.5+0.0s
[200/1120]	[L1: 0.0330]	2.5+0.0s
[240/1120]	[L1: 0.0324]	2.6+0.0s
[280/1120]	[L1: 0.0325]	3.0+0.0s
[320/1120]	[L1: 0.0323]	3.2+0.0s
[360/1120]	[L1: 0.0318]	3.2+0.0s
[400/1120]	[L1: 0.0319]	3.2+0.0s
[440/1120]	[L1: 0.0319]	3.0+0.0s
[480/1120]	[L1: 0.0314]	3.1+0.0s
[520/1120]	[L1: 0.0315]	3.5+0.0s
[560/1120]	[L1: 0.0314]	3.3+0.0s
[600/1120]	[L1: 0.0317]	3.6+0.0s
[640/1120]	[L1: 0.0313]	3.3+0.0s
[680/1120]	[L1: 0.0312]	3.2+0.0s
[720/1120]	[L1: 0.0313]	3.4+0.0s
[760/1120]	[L1: 0.0318]	3.4+0.0s
[800/1120]	[L1: 0.0317]	3.4+0.0s
[840/1120]	[L1: 0.0315]	2.9+0.0s
[880/1120]	[L1: 0.0314]	2.6+0.0s
[920/1120]	[L1: 0.0314]	2.6+0.0s
[960/1120]	[L1: 0.0315]	2.6+0.0s
[1000/1120]	[L1: 0.0315]	2.6+0.0s
[1040/1120]	[L1: 0.0315]	2.6+0.0s
[1080/1120]	[L1: 0.0314]	2.5+0.0s
[1120/1120]	[L1: 0.0316]	2.6+0.0s

Evaluation:
[RSSCN7 x4]	psnr: 27.613 (Best: 27.687 @epoch 81)
Total time: 27.22s

[Epoch 87]	Learning rate: 2.00e-4
[40/1120]	[L1: 0.0285]	2.9+0.0s
[80/1120]	[L1: 0.0301]	2.7+0.0s
[120/1120]	[L1: 0.0297]	2.5+0.0s
[160/1120]	[L1: 0.0306]	2.5+0.0s
[200/1120]	[L1: 0.0301]	2.5+0.0s
[240/1120]	[L1: 0.0301]	2.5+0.0s
[280/1120]	[L1: 0.0301]	2.5+0.0s
[320/1120]	[L1: 0.0304]	2.6+0.0s
[360/1120]	[L1: 0.0303]	2.5+0.0s
[400/1120]	[L1: 0.0304]	2.6+0.0s
[440/1120]	[L1: 0.0304]	2.5+0.0s
[480/1120]	[L1: 0.0304]	2.6+0.0s
[520/1120]	[L1: 0.0303]	2.7+0.0s
[560/1120]	[L1: 0.0307]	2.7+0.0s
[600/1120]	[L1: 0.0308]	3.0+0.0s
[640/1120]	[L1: 0.0309]	3.1+0.0s
[680/1120]	[L1: 0.0307]	2.7+0.0s
[720/1120]	[L1: 0.0309]	2.9+0.0s
[760/1120]	[L1: 0.0310]	3.1+0.0s
[800/1120]	[L1: 0.0312]	3.0+0.0s
[840/1120]	[L1: 0.0312]	3.2+0.0s
[880/1120]	[L1: 0.0312]	3.7+0.0s
[920/1120]	[L1: 0.0314]	3.4+0.0s
[960/1120]	[L1: 0.0315]	3.3+0.0s
[1000/1120]	[L1: 0.0316]	3.0+0.0s
[1040/1120]	[L1: 0.0314]	3.2+0.0s
[1080/1120]	[L1: 0.0316]	3.4+0.0s
[1120/1120]	[L1: 0.0316]	2.9+0.0s

Evaluation:
[RSSCN7 x4]	psnr: 27.655 (Best: 27.687 @epoch 81)
Total time: 27.24s

[Epoch 88]	Learning rate: 2.00e-4
[40/1120]	[L1: 0.0298]	2.8+0.0s
[80/1120]	[L1: 0.0308]	2.7+0.0s
[120/1120]	[L1: 0.0312]	2.7+0.0s
[160/1120]	[L1: 0.0310]	2.5+0.0s
[200/1120]	[L1: 0.0307]	2.5+0.0s
[240/1120]	[L1: 0.0302]	2.5+0.0s
[280/1120]	[L1: 0.0306]	2.6+0.0s
[320/1120]	[L1: 0.0304]	2.5+0.0s
[360/1120]	[L1: 0.0305]	2.6+0.0s
[400/1120]	[L1: 0.0308]	2.5+0.0s
[440/1120]	[L1: 0.0311]	2.6+0.0s
[480/1120]	[L1: 0.0313]	2.6+0.0s
[520/1120]	[L1: 0.0313]	2.5+0.0s
[560/1120]	[L1: 0.0308]	2.5+0.0s
[600/1120]	[L1: 0.0312]	2.5+0.0s
[640/1120]	[L1: 0.0311]	2.6+0.0s
[680/1120]	[L1: 0.0310]	2.5+0.0s
[720/1120]	[L1: 0.0310]	2.6+0.0s
[760/1120]	[L1: 0.0312]	2.6+0.0s
[800/1120]	[L1: 0.0312]	2.7+0.0s
[840/1120]	[L1: 0.0311]	2.7+0.0s
[880/1120]	[L1: 0.0314]	2.7+0.0s
[920/1120]	[L1: 0.0315]	2.9+0.0s
[960/1120]	[L1: 0.0315]	2.7+0.0s
[1000/1120]	[L1: 0.0314]	2.8+0.0s
[1040/1120]	[L1: 0.0314]	3.0+0.0s
[1080/1120]	[L1: 0.0315]	3.2+0.0s
[1120/1120]	[L1: 0.0316]	3.0+0.0s

Evaluation:
[RSSCN7 x4]	psnr: 27.646 (Best: 27.687 @epoch 81)
Total time: 53.96s

[Epoch 89]	Learning rate: 2.00e-4
[40/1120]	[L1: 0.0299]	2.6+0.1s
[80/1120]	[L1: 0.0302]	2.5+0.0s
[120/1120]	[L1: 0.0309]	2.5+0.0s
[160/1120]	[L1: 0.0311]	2.6+0.0s
[200/1120]	[L1: 0.0305]	2.5+0.0s
[240/1120]	[L1: 0.0308]	2.5+0.0s
[280/1120]	[L1: 0.0311]	2.5+0.0s
[320/1120]	[L1: 0.0310]	2.5+0.0s
[360/1120]	[L1: 0.0311]	2.6+0.0s
[400/1120]	[L1: 0.0309]	2.5+0.0s
[440/1120]	[L1: 0.0310]	2.6+0.0s
[480/1120]	[L1: 0.0309]	2.6+0.0s
[520/1120]	[L1: 0.0309]	2.5+0.0s
[560/1120]	[L1: 0.0313]	2.5+0.0s
[600/1120]	[L1: 0.0315]	2.6+0.0s
[640/1120]	[L1: 0.0318]	2.6+0.0s
[680/1120]	[L1: 0.0319]	2.5+0.0s
[720/1120]	[L1: 0.0320]	2.5+0.0s
[760/1120]	[L1: 0.0320]	2.6+0.0s
[800/1120]	[L1: 0.0319]	2.5+0.0s
[840/1120]	[L1: 0.0319]	2.6+0.0s
[880/1120]	[L1: 0.0318]	2.6+0.0s
[920/1120]	[L1: 0.0316]	2.6+0.0s
[960/1120]	[L1: 0.0316]	2.6+0.0s
[1000/1120]	[L1: 0.0315]	2.6+0.0s
[1040/1120]	[L1: 0.0315]	2.8+0.0s
[1080/1120]	[L1: 0.0316]	2.8+0.0s
[1120/1120]	[L1: 0.0316]	2.8+0.0s

Evaluation:
[RSSCN7 x4]	psnr: 27.699 (Best: 27.699 @epoch 89)
Total time: 83.06s

[Epoch 90]	Learning rate: 2.00e-4
[40/1120]	[L1: 0.0257]	3.0+0.0s
[80/1120]	[L1: 0.0287]	3.0+0.0s
[120/1120]	[L1: 0.0290]	2.7+0.0s
[160/1120]	[L1: 0.0304]	2.5+0.0s
[200/1120]	[L1: 0.0302]	2.5+0.0s
[240/1120]	[L1: 0.0304]	2.5+0.0s
[280/1120]	[L1: 0.0310]	2.6+0.0s
[320/1120]	[L1: 0.0308]	2.6+0.0s
[360/1120]	[L1: 0.0308]	2.5+0.0s
[400/1120]	[L1: 0.0310]	2.5+0.0s
[440/1120]	[L1: 0.0313]	2.6+0.0s
[480/1120]	[L1: 0.0315]	2.5+0.0s
[520/1120]	[L1: 0.0316]	2.6+0.0s
[560/1120]	[L1: 0.0317]	2.6+0.0s
[600/1120]	[L1: 0.0317]	2.6+0.0s
[640/1120]	[L1: 0.0315]	2.5+0.0s
[680/1120]	[L1: 0.0316]	2.5+0.0s
[720/1120]	[L1: 0.0315]	2.6+0.0s
[760/1120]	[L1: 0.0317]	2.5+0.0s
[800/1120]	[L1: 0.0316]	2.6+0.0s
[840/1120]	[L1: 0.0317]	2.6+0.0s
[880/1120]	[L1: 0.0316]	2.5+0.0s
[920/1120]	[L1: 0.0314]	2.6+0.0s
[960/1120]	[L1: 0.0314]	2.5+0.0s
[1000/1120]	[L1: 0.0313]	2.6+0.0s
[1040/1120]	[L1: 0.0312]	2.6+0.0s
[1080/1120]	[L1: 0.0313]	2.5+0.0s
[1120/1120]	[L1: 0.0314]	2.5+0.0s

Evaluation:
[RSSCN7 x4]	psnr: 27.617 (Best: 27.699 @epoch 89)
Total time: 65.36s

[Epoch 91]	Learning rate: 2.00e-4
[40/1120]	[L1: 0.0347]	3.5+0.0s
[80/1120]	[L1: 0.0347]	3.4+0.0s
[120/1120]	[L1: 0.0343]	2.9+0.0s
[160/1120]	[L1: 0.0338]	2.8+0.0s
[200/1120]	[L1: 0.0333]	3.2+0.0s
[240/1120]	[L1: 0.0331]	2.8+0.0s
[280/1120]	[L1: 0.0328]	2.6+0.0s
[320/1120]	[L1: 0.0327]	2.6+0.0s
[360/1120]	[L1: 0.0329]	2.5+0.0s
[400/1120]	[L1: 0.0327]	2.6+0.0s
[440/1120]	[L1: 0.0325]	2.6+0.0s
[480/1120]	[L1: 0.0326]	2.6+0.0s
[520/1120]	[L1: 0.0325]	2.6+0.0s
[560/1120]	[L1: 0.0326]	2.6+0.0s
[600/1120]	[L1: 0.0325]	2.6+0.0s
[640/1120]	[L1: 0.0325]	2.8+0.0s
[680/1120]	[L1: 0.0324]	2.6+0.0s
[720/1120]	[L1: 0.0323]	2.6+0.0s
[760/1120]	[L1: 0.0322]	2.6+0.0s
[800/1120]	[L1: 0.0322]	2.6+0.0s
[840/1120]	[L1: 0.0321]	2.5+0.0s
[880/1120]	[L1: 0.0319]	2.6+0.0s
[920/1120]	[L1: 0.0319]	2.5+0.0s
[960/1120]	[L1: 0.0320]	2.5+0.0s
[1000/1120]	[L1: 0.0319]	2.6+0.0s
[1040/1120]	[L1: 0.0318]	2.6+0.0s
[1080/1120]	[L1: 0.0317]	2.6+0.0s
[1120/1120]	[L1: 0.0316]	2.6+0.0s

Evaluation:
[RSSCN7 x4]	psnr: 27.674 (Best: 27.699 @epoch 89)
Total time: 37.43s

[Epoch 92]	Learning rate: 2.00e-4
[40/1120]	[L1: 0.0284]	3.8+0.1s
[80/1120]	[L1: 0.0286]	2.9+0.0s
[120/1120]	[L1: 0.0292]	2.9+0.0s
[160/1120]	[L1: 0.0302]	2.8+0.0s
[200/1120]	[L1: 0.0303]	2.9+0.0s
[240/1120]	[L1: 0.0301]	3.1+0.0s
[280/1120]	[L1: 0.0300]	3.0+0.0s
[320/1120]	[L1: 0.0302]	3.1+0.0s
[360/1120]	[L1: 0.0301]	3.1+0.0s
[400/1120]	[L1: 0.0300]	3.0+0.0s
[440/1120]	[L1: 0.0303]	3.0+0.0s
[480/1120]	[L1: 0.0308]	2.8+0.0s
[520/1120]	[L1: 0.0311]	2.7+0.0s
[560/1120]	[L1: 0.0311]	2.7+0.0s
[600/1120]	[L1: 0.0312]	2.6+0.0s
[640/1120]	[L1: 0.0312]	2.6+0.0s
[680/1120]	[L1: 0.0314]	2.6+0.0s
[720/1120]	[L1: 0.0316]	2.6+0.0s
[760/1120]	[L1: 0.0318]	2.6+0.0s
[800/1120]	[L1: 0.0318]	2.6+0.0s
[840/1120]	[L1: 0.0317]	2.6+0.0s
[880/1120]	[L1: 0.0318]	2.6+0.0s
[920/1120]	[L1: 0.0317]	2.5+0.0s
[960/1120]	[L1: 0.0317]	2.6+0.0s
[1000/1120]	[L1: 0.0317]	2.6+0.0s
[1040/1120]	[L1: 0.0318]	2.6+0.0s
[1080/1120]	[L1: 0.0317]	2.6+0.0s
[1120/1120]	[L1: 0.0316]	2.5+0.0s

Evaluation:
[RSSCN7 x4]	psnr: 27.625 (Best: 27.699 @epoch 89)
Total time: 26.85s

[Epoch 93]	Learning rate: 2.00e-4
[40/1120]	[L1: 0.0338]	2.7+0.0s
[80/1120]	[L1: 0.0320]	2.5+0.0s
[120/1120]	[L1: 0.0311]	2.5+0.0s
[160/1120]	[L1: 0.0312]	2.5+0.0s
[200/1120]	[L1: 0.0312]	2.8+0.0s
[240/1120]	[L1: 0.0313]	2.8+0.0s
[280/1120]	[L1: 0.0313]	3.1+0.0s
[320/1120]	[L1: 0.0313]	3.0+0.0s
[360/1120]	[L1: 0.0312]	3.0+0.0s
[400/1120]	[L1: 0.0315]	2.8+0.0s
[440/1120]	[L1: 0.0317]	3.2+0.0s
[480/1120]	[L1: 0.0316]	3.2+0.0s
[520/1120]	[L1: 0.0317]	3.4+0.0s
[560/1120]	[L1: 0.0316]	3.1+0.0s
[600/1120]	[L1: 0.0316]	3.1+0.0s
[640/1120]	[L1: 0.0314]	3.5+0.0s
[680/1120]	[L1: 0.0314]	3.4+0.0s
[720/1120]	[L1: 0.0314]	3.3+0.0s
[760/1120]	[L1: 0.0315]	2.8+0.0s
[800/1120]	[L1: 0.0314]	2.6+0.0s
[840/1120]	[L1: 0.0316]	2.6+0.0s
[880/1120]	[L1: 0.0315]	2.6+0.0s
[920/1120]	[L1: 0.0317]	2.7+0.0s
[960/1120]	[L1: 0.0317]	2.6+0.0s
[1000/1120]	[L1: 0.0316]	2.6+0.0s
[1040/1120]	[L1: 0.0315]	2.6+0.0s
[1080/1120]	[L1: 0.0314]	2.6+0.0s
[1120/1120]	[L1: 0.0315]	2.6+0.0s

Evaluation:
[RSSCN7 x4]	psnr: 27.683 (Best: 27.699 @epoch 89)
Total time: 24.97s

[Epoch 94]	Learning rate: 2.00e-4
[40/1120]	[L1: 0.0323]	2.7+0.0s
[80/1120]	[L1: 0.0329]	2.7+0.0s
[120/1120]	[L1: 0.0338]	2.6+0.0s
[160/1120]	[L1: 0.0331]	2.6+0.0s
[200/1120]	[L1: 0.0315]	2.5+0.0s
[240/1120]	[L1: 0.0316]	2.6+0.0s
[280/1120]	[L1: 0.0311]	2.5+0.0s
[320/1120]	[L1: 0.0309]	2.5+0.0s
[360/1120]	[L1: 0.0310]	2.6+0.0s
[400/1120]	[L1: 0.0313]	2.5+0.0s
[440/1120]	[L1: 0.0312]	2.6+0.0s
[480/1120]	[L1: 0.0314]	2.6+0.0s
[520/1120]	[L1: 0.0316]	2.8+0.0s
[560/1120]	[L1: 0.0312]	2.8+0.0s
[600/1120]	[L1: 0.0315]	2.7+0.0s
[640/1120]	[L1: 0.0317]	2.8+0.0s
[680/1120]	[L1: 0.0317]	3.0+0.0s
[720/1120]	[L1: 0.0316]	3.4+0.0s
[760/1120]	[L1: 0.0315]	3.0+0.0s
[800/1120]	[L1: 0.0315]	2.9+0.0s
[840/1120]	[L1: 0.0314]	3.3+0.0s
[880/1120]	[L1: 0.0315]	3.2+0.0s
[920/1120]	[L1: 0.0316]	2.8+0.0s
[960/1120]	[L1: 0.0314]	2.8+0.0s
[1000/1120]	[L1: 0.0314]	3.1+0.0s
[1040/1120]	[L1: 0.0315]	3.0+0.0s
[1080/1120]	[L1: 0.0316]	2.9+0.0s
[1120/1120]	[L1: 0.0315]	2.7+0.0s

Evaluation:
[RSSCN7 x4]	psnr: 27.695 (Best: 27.699 @epoch 89)
Total time: 27.22s

[Epoch 95]	Learning rate: 2.00e-4
[40/1120]	[L1: 0.0328]	2.6+0.0s
[80/1120]	[L1: 0.0329]	2.5+0.0s
[120/1120]	[L1: 0.0324]	2.5+0.0s
[160/1120]	[L1: 0.0310]	2.5+0.0s
[200/1120]	[L1: 0.0313]	2.6+0.0s
[240/1120]	[L1: 0.0312]	2.6+0.0s
[280/1120]	[L1: 0.0311]	2.6+0.0s
[320/1120]	[L1: 0.0308]	2.5+0.0s
[360/1120]	[L1: 0.0307]	2.5+0.0s
[400/1120]	[L1: 0.0301]	2.6+0.0s
[440/1120]	[L1: 0.0299]	2.6+0.0s
[480/1120]	[L1: 0.0299]	2.5+0.0s
[520/1120]	[L1: 0.0302]	2.7+0.0s
[560/1120]	[L1: 0.0302]	2.8+0.0s
[600/1120]	[L1: 0.0301]	2.6+0.0s
[640/1120]	[L1: 0.0301]	2.7+0.0s
[680/1120]	[L1: 0.0302]	2.5+0.0s
[720/1120]	[L1: 0.0303]	2.5+0.0s
[760/1120]	[L1: 0.0306]	2.5+0.0s
[800/1120]	[L1: 0.0307]	2.6+0.0s
[840/1120]	[L1: 0.0310]	2.9+0.0s
[880/1120]	[L1: 0.0312]	3.1+0.0s
[920/1120]	[L1: 0.0312]	3.1+0.0s
[960/1120]	[L1: 0.0314]	2.8+0.0s
[1000/1120]	[L1: 0.0315]	2.8+0.0s
[1040/1120]	[L1: 0.0316]	2.8+0.0s
[1080/1120]	[L1: 0.0315]	3.0+0.0s
[1120/1120]	[L1: 0.0316]	3.1+0.0s

Evaluation:
[RSSCN7 x4]	psnr: 27.617 (Best: 27.699 @epoch 89)
Total time: 60.55s

[Epoch 96]	Learning rate: 2.00e-4
[40/1120]	[L1: 0.0312]	2.5+0.0s
[80/1120]	[L1: 0.0309]	2.5+0.0s
[120/1120]	[L1: 0.0313]	2.6+0.0s
[160/1120]	[L1: 0.0315]	2.5+0.0s
[200/1120]	[L1: 0.0325]	2.5+0.0s
[240/1120]	[L1: 0.0322]	2.5+0.0s
[280/1120]	[L1: 0.0319]	2.5+0.0s
[320/1120]	[L1: 0.0321]	2.6+0.0s
[360/1120]	[L1: 0.0322]	2.6+0.0s
[400/1120]	[L1: 0.0321]	2.6+0.0s
[440/1120]	[L1: 0.0320]	2.5+0.0s
[480/1120]	[L1: 0.0317]	2.6+0.0s
[520/1120]	[L1: 0.0317]	2.5+0.0s
[560/1120]	[L1: 0.0317]	2.6+0.0s
[600/1120]	[L1: 0.0315]	2.6+0.0s
[640/1120]	[L1: 0.0316]	2.6+0.0s
[680/1120]	[L1: 0.0316]	2.6+0.0s
[720/1120]	[L1: 0.0314]	2.6+0.0s
[760/1120]	[L1: 0.0316]	2.7+0.0s
[800/1120]	[L1: 0.0315]	2.6+0.0s
[840/1120]	[L1: 0.0315]	2.6+0.0s
[880/1120]	[L1: 0.0315]	2.5+0.0s
[920/1120]	[L1: 0.0315]	2.5+0.0s
[960/1120]	[L1: 0.0317]	2.6+0.0s
[1000/1120]	[L1: 0.0316]	2.5+0.0s
[1040/1120]	[L1: 0.0316]	2.6+0.0s
[1080/1120]	[L1: 0.0315]	2.9+0.0s
[1120/1120]	[L1: 0.0315]	2.7+0.0s

Evaluation:
[RSSCN7 x4]	psnr: 27.703 (Best: 27.703 @epoch 96)
Total time: 81.16s

[Epoch 97]	Learning rate: 2.00e-4
[40/1120]	[L1: 0.0270]	3.6+0.1s
[80/1120]	[L1: 0.0296]	3.0+0.0s
[120/1120]	[L1: 0.0307]	2.9+0.0s
[160/1120]	[L1: 0.0311]	2.8+0.0s
[200/1120]	[L1: 0.0311]	2.6+0.0s
[240/1120]	[L1: 0.0305]	2.6+0.0s
[280/1120]	[L1: 0.0307]	2.7+0.0s
[320/1120]	[L1: 0.0317]	2.6+0.0s
[360/1120]	[L1: 0.0317]	2.6+0.0s
[400/1120]	[L1: 0.0315]	2.6+0.0s
[440/1120]	[L1: 0.0312]	2.6+0.0s
[480/1120]	[L1: 0.0310]	2.7+0.0s
[520/1120]	[L1: 0.0309]	2.6+0.0s
[560/1120]	[L1: 0.0308]	2.6+0.0s
[600/1120]	[L1: 0.0310]	2.6+0.0s
[640/1120]	[L1: 0.0311]	2.6+0.0s
[680/1120]	[L1: 0.0312]	2.6+0.0s
[720/1120]	[L1: 0.0313]	2.9+0.0s
[760/1120]	[L1: 0.0314]	2.6+0.0s
[800/1120]	[L1: 0.0314]	2.6+0.0s
[840/1120]	[L1: 0.0314]	2.6+0.0s
[880/1120]	[L1: 0.0313]	2.6+0.0s
[920/1120]	[L1: 0.0312]	2.7+0.0s
[960/1120]	[L1: 0.0313]	2.6+0.0s
[1000/1120]	[L1: 0.0313]	2.6+0.0s
[1040/1120]	[L1: 0.0314]	2.6+0.0s
[1080/1120]	[L1: 0.0314]	2.5+0.0s
[1120/1120]	[L1: 0.0316]	2.5+0.0s

Evaluation:
[RSSCN7 x4]	psnr: 27.670 (Best: 27.703 @epoch 96)
Total time: 60.79s

[Epoch 98]	Learning rate: 2.00e-4
[40/1120]	[L1: 0.0339]	3.5+0.1s
[80/1120]	[L1: 0.0338]	3.7+0.0s
[120/1120]	[L1: 0.0317]	3.6+0.0s
[160/1120]	[L1: 0.0310]	3.3+0.0s
[200/1120]	[L1: 0.0318]	2.8+0.0s
[240/1120]	[L1: 0.0314]	2.6+0.0s
[280/1120]	[L1: 0.0311]	2.6+0.0s
[320/1120]	[L1: 0.0316]	2.6+0.0s
[360/1120]	[L1: 0.0314]	2.6+0.0s
[400/1120]	[L1: 0.0317]	2.6+0.0s
[440/1120]	[L1: 0.0319]	2.7+0.0s
[480/1120]	[L1: 0.0318]	2.6+0.0s
[520/1120]	[L1: 0.0318]	2.6+0.0s
[560/1120]	[L1: 0.0317]	2.6+0.0s
[600/1120]	[L1: 0.0318]	2.6+0.0s
[640/1120]	[L1: 0.0315]	2.6+0.0s
[680/1120]	[L1: 0.0316]	2.6+0.0s
[720/1120]	[L1: 0.0316]	2.6+0.0s
[760/1120]	[L1: 0.0316]	2.6+0.0s
[800/1120]	[L1: 0.0315]	2.6+0.0s
[840/1120]	[L1: 0.0314]	2.6+0.0s
[880/1120]	[L1: 0.0314]	2.7+0.0s
[920/1120]	[L1: 0.0315]	2.6+0.0s
[960/1120]	[L1: 0.0315]	2.6+0.0s
[1000/1120]	[L1: 0.0316]	2.6+0.0s
[1040/1120]	[L1: 0.0316]	2.5+0.0s
[1080/1120]	[L1: 0.0316]	2.6+0.0s
[1120/1120]	[L1: 0.0316]	2.5+0.0s

Evaluation:
[RSSCN7 x4]	psnr: 27.684 (Best: 27.703 @epoch 96)
Total time: 35.04s

[Epoch 99]	Learning rate: 2.00e-4
[40/1120]	[L1: 0.0321]	3.7+0.0s
[80/1120]	[L1: 0.0309]	3.3+0.0s
[120/1120]	[L1: 0.0313]	3.1+0.0s
[160/1120]	[L1: 0.0315]	2.7+0.0s
[200/1120]	[L1: 0.0312]	2.9+0.0s
[240/1120]	[L1: 0.0317]	2.9+0.0s
[280/1120]	[L1: 0.0316]	2.8+0.0s
[320/1120]	[L1: 0.0314]	2.7+0.0s
[360/1120]	[L1: 0.0315]	2.9+0.0s
[400/1120]	[L1: 0.0318]	3.0+0.0s
[440/1120]	[L1: 0.0314]	3.1+0.0s
[480/1120]	[L1: 0.0314]	3.2+0.0s
[520/1120]	[L1: 0.0315]	3.3+0.0s
[560/1120]	[L1: 0.0312]	2.8+0.0s
[600/1120]	[L1: 0.0315]	2.8+0.0s
[640/1120]	[L1: 0.0314]	2.6+0.0s
[680/1120]	[L1: 0.0314]	2.6+0.0s
[720/1120]	[L1: 0.0314]	2.6+0.0s
[760/1120]	[L1: 0.0316]	2.6+0.0s
[800/1120]	[L1: 0.0316]	2.7+0.0s
[840/1120]	[L1: 0.0315]	2.6+0.0s
[880/1120]	[L1: 0.0317]	2.6+0.0s
[920/1120]	[L1: 0.0315]	2.6+0.0s
[960/1120]	[L1: 0.0314]	2.6+0.0s
[1000/1120]	[L1: 0.0314]	2.7+0.0s
[1040/1120]	[L1: 0.0315]	2.6+0.0s
[1080/1120]	[L1: 0.0314]	2.6+0.0s
[1120/1120]	[L1: 0.0314]	2.6+0.0s

Evaluation:
[RSSCN7 x4]	psnr: 27.711 (Best: 27.711 @epoch 99)
Total time: 26.60s

[Epoch 100]	Learning rate: 2.00e-4
[40/1120]	[L1: 0.0328]	2.8+0.0s
[80/1120]	[L1: 0.0316]	2.5+0.0s
[120/1120]	[L1: 0.0305]	2.5+0.0s
[160/1120]	[L1: 0.0295]	2.5+0.0s
[200/1120]	[L1: 0.0296]	2.6+0.0s
[240/1120]	[L1: 0.0298]	2.8+0.0s
[280/1120]	[L1: 0.0305]	3.1+0.0s
[320/1120]	[L1: 0.0302]	3.1+0.0s
[360/1120]	[L1: 0.0303]	3.1+0.0s
[400/1120]	[L1: 0.0306]	3.0+0.0s
[440/1120]	[L1: 0.0308]	3.2+0.0s
[480/1120]	[L1: 0.0309]	3.2+0.0s
[520/1120]	[L1: 0.0310]	2.8+0.0s
[560/1120]	[L1: 0.0313]	2.8+0.0s
[600/1120]	[L1: 0.0314]	2.8+0.0s
[640/1120]	[L1: 0.0313]	3.0+0.0s
[680/1120]	[L1: 0.0314]	2.8+0.0s
[720/1120]	[L1: 0.0312]	2.8+0.0s
[760/1120]	[L1: 0.0314]	2.8+0.0s
[800/1120]	[L1: 0.0312]	2.7+0.0s
[840/1120]	[L1: 0.0312]	2.7+0.0s
[880/1120]	[L1: 0.0313]	2.8+0.0s
[920/1120]	[L1: 0.0315]	2.9+0.0s
[960/1120]	[L1: 0.0316]	2.7+0.0s
[1000/1120]	[L1: 0.0316]	2.5+0.0s
[1040/1120]	[L1: 0.0314]	2.5+0.0s
[1080/1120]	[L1: 0.0314]	2.6+0.0s
[1120/1120]	[L1: 0.0313]	2.9+0.0s
Saved epoch checkpoint at epoch 100

Evaluation:
[RSSCN7 x4]	psnr: 27.661 (Best: 27.711 @epoch 99)
Total time: 27.10s

[Epoch 101]	Learning rate: 2.00e-4
[40/1120]	[L1: 0.0319]	2.7+0.0s
[80/1120]	[L1: 0.0320]	2.5+0.0s
[120/1120]	[L1: 0.0307]	2.5+0.0s
[160/1120]	[L1: 0.0302]	2.5+0.0s
[200/1120]	[L1: 0.0296]	2.6+0.0s
[240/1120]	[L1: 0.0309]	2.6+0.0s
[280/1120]	[L1: 0.0309]	2.6+0.0s
[320/1120]	[L1: 0.0308]	2.6+0.0s
[360/1120]	[L1: 0.0308]	2.6+0.0s
[400/1120]	[L1: 0.0309]	2.6+0.0s
[440/1120]	[L1: 0.0309]	2.6+0.0s
[480/1120]	[L1: 0.0312]	2.6+0.0s
[520/1120]	[L1: 0.0317]	2.6+0.0s
[560/1120]	[L1: 0.0315]	2.8+0.0s
[600/1120]	[L1: 0.0314]	3.2+0.0s
[640/1120]	[L1: 0.0314]	3.1+0.0s
[680/1120]	[L1: 0.0314]	2.9+0.0s
[720/1120]	[L1: 0.0317]	2.8+0.0s
[760/1120]	[L1: 0.0317]	2.9+0.0s
[800/1120]	[L1: 0.0316]	2.7+0.0s
[840/1120]	[L1: 0.0317]	2.7+0.0s
[880/1120]	[L1: 0.0316]	2.8+0.0s
[920/1120]	[L1: 0.0316]	3.1+0.0s
[960/1120]	[L1: 0.0315]	3.3+0.0s
[1000/1120]	[L1: 0.0315]	2.7+0.0s
[1040/1120]	[L1: 0.0315]	2.8+0.0s
[1080/1120]	[L1: 0.0315]	2.7+0.0s
[1120/1120]	[L1: 0.0315]	2.6+0.0s

Evaluation:
[RSSCN7 x4]	psnr: 27.699 (Best: 27.711 @epoch 99)
Total time: 26.86s

[Epoch 102]	Learning rate: 2.00e-4
[40/1120]	[L1: 0.0312]	2.8+0.0s
[80/1120]	[L1: 0.0301]	2.7+0.0s
[120/1120]	[L1: 0.0318]	2.6+0.0s
[160/1120]	[L1: 0.0308]	2.5+0.0s
[200/1120]	[L1: 0.0310]	2.5+0.0s
[240/1120]	[L1: 0.0311]	2.6+0.0s
[280/1120]	[L1: 0.0309]	2.6+0.0s
[320/1120]	[L1: 0.0311]	2.5+0.0s
[360/1120]	[L1: 0.0310]	2.7+0.0s
[400/1120]	[L1: 0.0312]	2.7+0.0s
[440/1120]	[L1: 0.0315]	2.6+0.0s
[480/1120]	[L1: 0.0317]	2.6+0.0s
[520/1120]	[L1: 0.0318]	2.6+0.0s
[560/1120]	[L1: 0.0319]	2.6+0.0s
[600/1120]	[L1: 0.0316]	2.6+0.0s
[640/1120]	[L1: 0.0318]	2.6+0.0s
[680/1120]	[L1: 0.0318]	2.6+0.0s
[720/1120]	[L1: 0.0317]	2.7+0.0s
[760/1120]	[L1: 0.0318]	2.6+0.0s
[800/1120]	[L1: 0.0316]	2.8+0.0s
[840/1120]	[L1: 0.0316]	2.8+0.0s
[880/1120]	[L1: 0.0315]	2.8+0.0s
[920/1120]	[L1: 0.0315]	2.6+0.0s
[960/1120]	[L1: 0.0314]	2.9+0.0s
[1000/1120]	[L1: 0.0313]	3.0+0.0s
[1040/1120]	[L1: 0.0313]	3.0+0.0s
[1080/1120]	[L1: 0.0315]	3.0+0.0s
[1120/1120]	[L1: 0.0314]	3.0+0.0s

Evaluation:
[RSSCN7 x4]	psnr: 27.713 (Best: 27.713 @epoch 102)
Total time: 52.02s

[Epoch 103]	Learning rate: 2.00e-4
[40/1120]	[L1: 0.0298]	2.5+0.0s
[80/1120]	[L1: 0.0306]	2.5+0.0s
[120/1120]	[L1: 0.0313]	2.5+0.0s
[160/1120]	[L1: 0.0322]	2.6+0.0s
[200/1120]	[L1: 0.0335]	2.5+0.0s
[240/1120]	[L1: 0.0322]	2.6+0.0s
[280/1120]	[L1: 0.0321]	2.6+0.0s
[320/1120]	[L1: 0.0320]	2.6+0.0s
[360/1120]	[L1: 0.0319]	2.6+0.0s
[400/1120]	[L1: 0.0314]	2.6+0.0s
[440/1120]	[L1: 0.0317]	2.6+0.0s
[480/1120]	[L1: 0.0316]	2.5+0.0s
[520/1120]	[L1: 0.0316]	2.5+0.0s
[560/1120]	[L1: 0.0312]	2.5+0.0s
[600/1120]	[L1: 0.0314]	2.6+0.0s
[640/1120]	[L1: 0.0316]	2.6+0.0s
[680/1120]	[L1: 0.0317]	2.6+0.0s
[720/1120]	[L1: 0.0313]	2.6+0.0s
[760/1120]	[L1: 0.0313]	2.6+0.0s
[800/1120]	[L1: 0.0312]	2.6+0.0s
[840/1120]	[L1: 0.0313]	2.6+0.0s
[880/1120]	[L1: 0.0313]	2.7+0.0s
[920/1120]	[L1: 0.0313]	2.6+0.0s
[960/1120]	[L1: 0.0313]	2.6+0.0s
[1000/1120]	[L1: 0.0313]	2.6+0.0s
[1040/1120]	[L1: 0.0315]	2.6+0.0s
[1080/1120]	[L1: 0.0315]	2.8+0.0s
[1120/1120]	[L1: 0.0315]	2.8+0.0s

Evaluation:
[RSSCN7 x4]	psnr: 27.610 (Best: 27.713 @epoch 102)
Total time: 78.92s

[Epoch 104]	Learning rate: 2.00e-4
[40/1120]	[L1: 0.0321]	3.3+0.0s
[80/1120]	[L1: 0.0342]	3.1+0.0s
[120/1120]	[L1: 0.0341]	2.9+0.0s
[160/1120]	[L1: 0.0336]	2.8+0.0s
[200/1120]	[L1: 0.0337]	2.8+0.0s
[240/1120]	[L1: 0.0334]	2.8+0.0s
[280/1120]	[L1: 0.0325]	2.8+0.0s
[320/1120]	[L1: 0.0327]	2.7+0.0s
[360/1120]	[L1: 0.0328]	2.5+0.0s
[400/1120]	[L1: 0.0326]	2.5+0.0s
[440/1120]	[L1: 0.0324]	2.6+0.0s
[480/1120]	[L1: 0.0323]	2.6+0.0s
[520/1120]	[L1: 0.0326]	2.7+0.0s
[560/1120]	[L1: 0.0325]	2.7+0.0s
[600/1120]	[L1: 0.0323]	2.6+0.0s
[640/1120]	[L1: 0.0324]	2.6+0.0s
[680/1120]	[L1: 0.0322]	2.6+0.0s
[720/1120]	[L1: 0.0320]	2.6+0.0s
[760/1120]	[L1: 0.0317]	2.6+0.0s
[800/1120]	[L1: 0.0314]	2.6+0.0s
[840/1120]	[L1: 0.0311]	2.6+0.0s
[880/1120]	[L1: 0.0311]	2.6+0.0s
[920/1120]	[L1: 0.0311]	2.6+0.0s
[960/1120]	[L1: 0.0313]	2.6+0.0s
[1000/1120]	[L1: 0.0313]	2.6+0.0s
[1040/1120]	[L1: 0.0314]	2.6+0.0s
[1080/1120]	[L1: 0.0314]	2.6+0.0s
[1120/1120]	[L1: 0.0314]	2.6+0.0s

Evaluation:
[RSSCN7 x4]	psnr: 27.722 (Best: 27.722 @epoch 104)
Total time: 51.71s

[Epoch 105]	Learning rate: 2.00e-4
[40/1120]	[L1: 0.0309]	3.0+0.0s
[80/1120]	[L1: 0.0317]	3.2+0.0s
[120/1120]	[L1: 0.0312]	2.8+0.0s
[160/1120]	[L1: 0.0325]	2.9+0.0s
[200/1120]	[L1: 0.0326]	2.9+0.0s
[240/1120]	[L1: 0.0323]	3.0+0.0s
[280/1120]	[L1: 0.0323]	3.2+0.0s
[320/1120]	[L1: 0.0319]	2.9+0.0s
[360/1120]	[L1: 0.0319]	2.8+0.0s
[400/1120]	[L1: 0.0316]	3.1+0.0s
[440/1120]	[L1: 0.0317]	2.8+0.0s
[480/1120]	[L1: 0.0315]	2.6+0.0s
[520/1120]	[L1: 0.0317]	2.6+0.0s
[560/1120]	[L1: 0.0314]	2.6+0.0s
[600/1120]	[L1: 0.0311]	2.6+0.0s
[640/1120]	[L1: 0.0312]	2.6+0.0s
[680/1120]	[L1: 0.0311]	2.6+0.0s
[720/1120]	[L1: 0.0312]	2.6+0.0s
[760/1120]	[L1: 0.0311]	2.6+0.0s
[800/1120]	[L1: 0.0310]	2.6+0.0s
[840/1120]	[L1: 0.0314]	2.6+0.0s
[880/1120]	[L1: 0.0312]	2.6+0.0s
[920/1120]	[L1: 0.0312]	2.7+0.0s
[960/1120]	[L1: 0.0313]	2.6+0.0s
[1000/1120]	[L1: 0.0314]	2.6+0.0s
[1040/1120]	[L1: 0.0315]	2.6+0.0s
[1080/1120]	[L1: 0.0314]	2.6+0.0s
[1120/1120]	[L1: 0.0315]	2.6+0.0s

Evaluation:
[RSSCN7 x4]	psnr: 27.678 (Best: 27.722 @epoch 104)
Total time: 26.09s

[Epoch 106]	Learning rate: 2.00e-4
[40/1120]	[L1: 0.0285]	2.9+0.0s
[80/1120]	[L1: 0.0315]	3.0+0.0s
[120/1120]	[L1: 0.0322]	3.2+0.0s
[160/1120]	[L1: 0.0322]	3.2+0.0s
[200/1120]	[L1: 0.0318]	3.3+0.0s
[240/1120]	[L1: 0.0315]	3.3+0.0s
[280/1120]	[L1: 0.0308]	3.1+0.0s
[320/1120]	[L1: 0.0305]	3.1+0.0s
[360/1120]	[L1: 0.0311]	2.8+0.0s
[400/1120]	[L1: 0.0313]	2.8+0.0s
[440/1120]	[L1: 0.0312]	2.7+0.0s
[480/1120]	[L1: 0.0314]	2.8+0.0s
[520/1120]	[L1: 0.0310]	2.9+0.0s
[560/1120]	[L1: 0.0313]	2.8+0.0s
[600/1120]	[L1: 0.0314]	2.9+0.0s
[640/1120]	[L1: 0.0316]	2.8+0.0s
[680/1120]	[L1: 0.0318]	2.8+0.0s
[720/1120]	[L1: 0.0318]	2.6+0.0s
[760/1120]	[L1: 0.0317]	2.6+0.0s
[800/1120]	[L1: 0.0315]	2.6+0.0s
[840/1120]	[L1: 0.0317]	2.6+0.0s
[880/1120]	[L1: 0.0316]	2.5+0.0s
[920/1120]	[L1: 0.0317]	2.6+0.0s
[960/1120]	[L1: 0.0317]	2.6+0.0s
[1000/1120]	[L1: 0.0316]	2.7+0.0s
[1040/1120]	[L1: 0.0316]	2.6+0.0s
[1080/1120]	[L1: 0.0316]	2.5+0.0s
[1120/1120]	[L1: 0.0315]	2.5+0.0s

Evaluation:
[RSSCN7 x4]	psnr: 27.734 (Best: 27.734 @epoch 106)
Total time: 26.41s

[Epoch 107]	Learning rate: 2.00e-4
[40/1120]	[L1: 0.0326]	2.6+0.0s
[80/1120]	[L1: 0.0313]	2.5+0.0s
[120/1120]	[L1: 0.0319]	2.6+0.0s
[160/1120]	[L1: 0.0315]	2.6+0.0s
[200/1120]	[L1: 0.0310]	2.6+0.0s
[240/1120]	[L1: 0.0311]	2.6+0.0s
[280/1120]	[L1: 0.0305]	2.6+0.0s
[320/1120]	[L1: 0.0301]	2.5+0.0s
[360/1120]	[L1: 0.0304]	2.6+0.0s
[400/1120]	[L1: 0.0308]	2.6+0.0s
[440/1120]	[L1: 0.0305]	2.6+0.0s
[480/1120]	[L1: 0.0303]	2.6+0.0s
[520/1120]	[L1: 0.0304]	2.9+0.0s
[560/1120]	[L1: 0.0304]	2.9+0.0s
[600/1120]	[L1: 0.0308]	2.9+0.0s
[640/1120]	[L1: 0.0309]	2.7+0.0s
[680/1120]	[L1: 0.0313]	3.1+0.0s
[720/1120]	[L1: 0.0312]	3.0+0.0s
[760/1120]	[L1: 0.0312]	2.9+0.0s
[800/1120]	[L1: 0.0312]	2.6+0.0s
[840/1120]	[L1: 0.0311]	2.9+0.0s
[880/1120]	[L1: 0.0312]	2.9+0.0s
[920/1120]	[L1: 0.0312]	2.8+0.0s
[960/1120]	[L1: 0.0312]	3.2+0.0s
[1000/1120]	[L1: 0.0313]	2.6+0.0s
[1040/1120]	[L1: 0.0314]	2.5+0.0s
[1080/1120]	[L1: 0.0313]	2.5+0.0s
[1120/1120]	[L1: 0.0313]	2.5+0.0s

Evaluation:
[RSSCN7 x4]	psnr: 27.635 (Best: 27.734 @epoch 106)
Total time: 26.78s

[Epoch 108]	Learning rate: 2.00e-4
[40/1120]	[L1: 0.0327]	2.6+0.0s
[80/1120]	[L1: 0.0310]	2.6+0.0s
[120/1120]	[L1: 0.0320]	2.5+0.0s
[160/1120]	[L1: 0.0324]	2.6+0.0s
[200/1120]	[L1: 0.0329]	2.6+0.0s
[240/1120]	[L1: 0.0329]	2.5+0.0s
[280/1120]	[L1: 0.0325]	2.5+0.0s
[320/1120]	[L1: 0.0320]	2.6+0.0s
[360/1120]	[L1: 0.0320]	2.5+0.0s
[400/1120]	[L1: 0.0321]	2.6+0.0s
[440/1120]	[L1: 0.0321]	2.5+0.0s
[480/1120]	[L1: 0.0321]	2.5+0.0s
[520/1120]	[L1: 0.0318]	2.5+0.0s
[560/1120]	[L1: 0.0319]	2.5+0.0s
[600/1120]	[L1: 0.0317]	2.6+0.0s
[640/1120]	[L1: 0.0317]	2.6+0.0s
[680/1120]	[L1: 0.0316]	2.7+0.0s
[720/1120]	[L1: 0.0317]	2.8+0.0s
[760/1120]	[L1: 0.0315]	3.1+0.0s
[800/1120]	[L1: 0.0314]	3.4+0.0s
[840/1120]	[L1: 0.0313]	3.7+0.0s
[880/1120]	[L1: 0.0313]	3.8+0.0s
[920/1120]	[L1: 0.0313]	3.6+0.0s
[960/1120]	[L1: 0.0313]	3.3+0.0s
[1000/1120]	[L1: 0.0312]	3.1+0.0s
[1040/1120]	[L1: 0.0313]	3.4+0.0s
[1080/1120]	[L1: 0.0315]	3.5+0.0s
[1120/1120]	[L1: 0.0314]	3.1+0.0s

Evaluation:
[RSSCN7 x4]	psnr: 27.665 (Best: 27.734 @epoch 106)
Total time: 43.69s

[Epoch 109]	Learning rate: 2.00e-4
[40/1120]	[L1: 0.0300]	2.5+0.0s
[80/1120]	[L1: 0.0336]	2.6+0.0s
[120/1120]	[L1: 0.0328]	2.5+0.0s
[160/1120]	[L1: 0.0329]	2.5+0.0s
[200/1120]	[L1: 0.0324]	2.5+0.0s
[240/1120]	[L1: 0.0320]	2.5+0.0s
[280/1120]	[L1: 0.0318]	2.5+0.0s
[320/1120]	[L1: 0.0316]	2.5+0.0s
[360/1120]	[L1: 0.0314]	2.6+0.0s
[400/1120]	[L1: 0.0311]	2.5+0.0s
[440/1120]	[L1: 0.0307]	2.5+0.0s
[480/1120]	[L1: 0.0310]	2.5+0.0s
[520/1120]	[L1: 0.0311]	2.6+0.0s
[560/1120]	[L1: 0.0308]	2.6+0.0s
[600/1120]	[L1: 0.0309]	2.6+0.0s
[640/1120]	[L1: 0.0309]	2.5+0.0s
[680/1120]	[L1: 0.0310]	2.5+0.0s
[720/1120]	[L1: 0.0311]	2.5+0.0s
[760/1120]	[L1: 0.0311]	2.5+0.0s
[800/1120]	[L1: 0.0312]	2.6+0.0s
[840/1120]	[L1: 0.0314]	2.5+0.0s
[880/1120]	[L1: 0.0314]	2.5+0.0s
[920/1120]	[L1: 0.0313]	2.5+0.0s
[960/1120]	[L1: 0.0314]	2.8+0.0s
[1000/1120]	[L1: 0.0314]	2.8+0.0s
[1040/1120]	[L1: 0.0315]	2.8+0.0s
[1080/1120]	[L1: 0.0315]	2.8+0.0s
[1120/1120]	[L1: 0.0314]	2.8+0.0s

Evaluation:
[RSSCN7 x4]	psnr: 27.726 (Best: 27.734 @epoch 106)
Total time: 86.93s

[Epoch 110]	Learning rate: 2.00e-4
[40/1120]	[L1: 0.0288]	3.0+0.1s
[80/1120]	[L1: 0.0279]	2.7+0.0s
[120/1120]	[L1: 0.0303]	2.5+0.0s
[160/1120]	[L1: 0.0305]	2.5+0.0s
[200/1120]	[L1: 0.0313]	2.6+0.0s
[240/1120]	[L1: 0.0313]	2.6+0.0s
[280/1120]	[L1: 0.0316]	2.6+0.0s
[320/1120]	[L1: 0.0315]	2.6+0.0s
[360/1120]	[L1: 0.0311]	2.5+0.0s
[400/1120]	[L1: 0.0313]	2.5+0.0s
[440/1120]	[L1: 0.0315]	2.6+0.0s
[480/1120]	[L1: 0.0315]	2.6+0.0s
[520/1120]	[L1: 0.0318]	2.6+0.0s
[560/1120]	[L1: 0.0318]	2.5+0.0s
[600/1120]	[L1: 0.0316]	2.6+0.0s
[640/1120]	[L1: 0.0316]	2.5+0.0s
[680/1120]	[L1: 0.0313]	2.5+0.0s
[720/1120]	[L1: 0.0313]	2.6+0.0s
[760/1120]	[L1: 0.0314]	2.6+0.0s
[800/1120]	[L1: 0.0313]	2.5+0.0s
[840/1120]	[L1: 0.0312]	2.5+0.0s
[880/1120]	[L1: 0.0312]	2.6+0.0s
[920/1120]	[L1: 0.0314]	2.6+0.0s
[960/1120]	[L1: 0.0313]	2.6+0.0s
[1000/1120]	[L1: 0.0312]	2.6+0.0s
[1040/1120]	[L1: 0.0312]	2.6+0.0s
[1080/1120]	[L1: 0.0315]	2.5+0.0s
[1120/1120]	[L1: 0.0314]	2.6+0.0s

Evaluation:
[RSSCN7 x4]	psnr: 27.730 (Best: 27.734 @epoch 106)
Total time: 82.28s

[Epoch 111]	Learning rate: 2.00e-4
[40/1120]	[L1: 0.0330]	3.3+0.0s
[80/1120]	[L1: 0.0328]	3.1+0.0s
[120/1120]	[L1: 0.0331]	2.9+0.0s
[160/1120]	[L1: 0.0332]	3.1+0.0s
[200/1120]	[L1: 0.0327]	2.8+0.0s
[240/1120]	[L1: 0.0317]	2.7+0.0s
[280/1120]	[L1: 0.0315]	2.5+0.0s
[320/1120]	[L1: 0.0318]	2.5+0.0s
[360/1120]	[L1: 0.0318]	2.5+0.0s
[400/1120]	[L1: 0.0322]	2.6+0.0s
[440/1120]	[L1: 0.0322]	2.7+0.0s
[480/1120]	[L1: 0.0320]	2.5+0.0s
[520/1120]	[L1: 0.0324]	2.6+0.0s
[560/1120]	[L1: 0.0326]	2.6+0.0s
[600/1120]	[L1: 0.0323]	2.6+0.0s
[640/1120]	[L1: 0.0322]	2.6+0.0s
[680/1120]	[L1: 0.0321]	2.8+0.0s
[720/1120]	[L1: 0.0320]	2.7+0.0s
[760/1120]	[L1: 0.0320]	2.6+0.0s
[800/1120]	[L1: 0.0318]	2.5+0.0s
[840/1120]	[L1: 0.0316]	2.6+0.0s
[880/1120]	[L1: 0.0313]	2.7+0.0s
[920/1120]	[L1: 0.0313]	2.6+0.0s
[960/1120]	[L1: 0.0313]	2.6+0.0s
[1000/1120]	[L1: 0.0314]	2.6+0.0s
[1040/1120]	[L1: 0.0314]	2.6+0.0s
[1080/1120]	[L1: 0.0314]	2.7+0.0s
[1120/1120]	[L1: 0.0313]	2.6+0.0s

Evaluation:
[RSSCN7 x4]	psnr: 27.724 (Best: 27.734 @epoch 106)
Total time: 47.72s

[Epoch 112]	Learning rate: 2.00e-4
[40/1120]	[L1: 0.0336]	3.5+0.1s
[80/1120]	[L1: 0.0313]	3.3+0.0s
[120/1120]	[L1: 0.0314]	2.8+0.0s
[160/1120]	[L1: 0.0319]	2.7+0.0s
[200/1120]	[L1: 0.0313]	2.8+0.0s
[240/1120]	[L1: 0.0312]	2.6+0.0s
[280/1120]	[L1: 0.0311]	2.6+0.0s
[320/1120]	[L1: 0.0310]	2.7+0.0s
[360/1120]	[L1: 0.0311]	2.8+0.0s
[400/1120]	[L1: 0.0311]	2.7+0.0s
[440/1120]	[L1: 0.0311]	2.7+0.0s
[480/1120]	[L1: 0.0310]	2.6+0.0s
[520/1120]	[L1: 0.0306]	2.6+0.0s
[560/1120]	[L1: 0.0307]	2.7+0.0s
[600/1120]	[L1: 0.0307]	2.8+0.0s
[640/1120]	[L1: 0.0306]	2.8+0.0s
[680/1120]	[L1: 0.0305]	2.6+0.0s
[720/1120]	[L1: 0.0306]	2.6+0.0s
[760/1120]	[L1: 0.0305]	2.6+0.0s
[800/1120]	[L1: 0.0306]	2.7+0.0s
[840/1120]	[L1: 0.0308]	2.6+0.0s
[880/1120]	[L1: 0.0309]	2.6+0.0s
[920/1120]	[L1: 0.0310]	2.6+0.0s
[960/1120]	[L1: 0.0311]	2.6+0.0s
[1000/1120]	[L1: 0.0311]	2.6+0.0s
[1040/1120]	[L1: 0.0310]	2.6+0.0s
[1080/1120]	[L1: 0.0312]	2.6+0.0s
[1120/1120]	[L1: 0.0313]	2.6+0.0s

Evaluation:
[RSSCN7 x4]	psnr: 27.731 (Best: 27.734 @epoch 106)
Total time: 26.72s

[Epoch 113]	Learning rate: 2.00e-4
[40/1120]	[L1: 0.0294]	2.9+0.0s
[80/1120]	[L1: 0.0307]	2.8+0.0s
[120/1120]	[L1: 0.0307]	2.6+0.0s
[160/1120]	[L1: 0.0304]	2.6+0.0s
[200/1120]	[L1: 0.0302]	2.7+0.0s
[240/1120]	[L1: 0.0300]	2.8+0.0s
[280/1120]	[L1: 0.0307]	2.9+0.0s
[320/1120]	[L1: 0.0305]	2.8+0.0s
[360/1120]	[L1: 0.0302]	3.0+0.0s
[400/1120]	[L1: 0.0301]	3.2+0.0s
[440/1120]	[L1: 0.0305]	3.2+0.0s
[480/1120]	[L1: 0.0310]	3.1+0.0s
[520/1120]	[L1: 0.0311]	3.2+0.0s
[560/1120]	[L1: 0.0313]	3.2+0.0s
[600/1120]	[L1: 0.0313]	2.9+0.0s
[640/1120]	[L1: 0.0314]	2.9+0.0s
[680/1120]	[L1: 0.0316]	3.0+0.0s
[720/1120]	[L1: 0.0314]	3.1+0.0s
[760/1120]	[L1: 0.0313]	3.0+0.0s
[800/1120]	[L1: 0.0311]	2.6+0.0s
[840/1120]	[L1: 0.0310]	2.5+0.0s
[880/1120]	[L1: 0.0310]	2.5+0.0s
[920/1120]	[L1: 0.0311]	2.6+0.0s
[960/1120]	[L1: 0.0312]	2.6+0.0s
[1000/1120]	[L1: 0.0313]	2.6+0.0s
[1040/1120]	[L1: 0.0314]	2.6+0.0s
[1080/1120]	[L1: 0.0312]	2.5+0.0s
[1120/1120]	[L1: 0.0313]	2.5+0.0s

Evaluation:
[RSSCN7 x4]	psnr: 27.697 (Best: 27.734 @epoch 106)
Total time: 26.97s

[Epoch 114]	Learning rate: 2.00e-4
[40/1120]	[L1: 0.0314]	2.5+0.0s
[80/1120]	[L1: 0.0317]	2.5+0.0s
[120/1120]	[L1: 0.0327]	2.5+0.0s
[160/1120]	[L1: 0.0332]	2.5+0.0s
[200/1120]	[L1: 0.0332]	2.5+0.0s
[240/1120]	[L1: 0.0330]	2.5+0.0s
[280/1120]	[L1: 0.0324]	2.6+0.0s
[320/1120]	[L1: 0.0330]	2.6+0.0s
[360/1120]	[L1: 0.0326]	2.5+0.0s
[400/1120]	[L1: 0.0322]	2.5+0.0s
[440/1120]	[L1: 0.0323]	2.5+0.0s
[480/1120]	[L1: 0.0320]	2.9+0.0s
[520/1120]	[L1: 0.0323]	2.8+0.0s
[560/1120]	[L1: 0.0320]	2.8+0.0s
[600/1120]	[L1: 0.0320]	2.7+0.0s
[640/1120]	[L1: 0.0318]	2.8+0.0s
[680/1120]	[L1: 0.0319]	2.9+0.0s
[720/1120]	[L1: 0.0319]	3.2+0.0s
[760/1120]	[L1: 0.0317]	3.1+0.0s
[800/1120]	[L1: 0.0316]	3.2+0.0s
[840/1120]	[L1: 0.0317]	3.0+0.0s
[880/1120]	[L1: 0.0316]	2.6+0.0s
[920/1120]	[L1: 0.0315]	2.9+0.0s
[960/1120]	[L1: 0.0314]	2.8+0.0s
[1000/1120]	[L1: 0.0314]	2.8+0.0s
[1040/1120]	[L1: 0.0313]	2.6+0.0s
[1080/1120]	[L1: 0.0312]	2.6+0.0s
[1120/1120]	[L1: 0.0311]	2.7+0.0s

Evaluation:
[RSSCN7 x4]	psnr: 27.719 (Best: 27.734 @epoch 106)
Total time: 26.46s

[Epoch 115]	Learning rate: 2.00e-4
[40/1120]	[L1: 0.0346]	2.7+0.0s
[80/1120]	[L1: 0.0318]	2.7+0.0s
[120/1120]	[L1: 0.0317]	2.6+0.0s
[160/1120]	[L1: 0.0328]	2.5+0.0s
[200/1120]	[L1: 0.0325]	2.6+0.0s
[240/1120]	[L1: 0.0326]	2.5+0.0s
[280/1120]	[L1: 0.0325]	2.5+0.0s
[320/1120]	[L1: 0.0318]	2.5+0.0s
[360/1120]	[L1: 0.0316]	2.5+0.0s
[400/1120]	[L1: 0.0318]	2.6+0.0s
[440/1120]	[L1: 0.0315]	2.5+0.0s
[480/1120]	[L1: 0.0316]	2.5+0.0s
[520/1120]	[L1: 0.0312]	2.5+0.0s
[560/1120]	[L1: 0.0312]	2.5+0.0s
[600/1120]	[L1: 0.0310]	2.5+0.0s
[640/1120]	[L1: 0.0313]	2.5+0.0s
[680/1120]	[L1: 0.0312]	2.6+0.0s
[720/1120]	[L1: 0.0314]	2.6+0.0s
[760/1120]	[L1: 0.0313]	2.7+0.0s
[800/1120]	[L1: 0.0312]	2.8+0.0s
[840/1120]	[L1: 0.0315]	2.7+0.0s
[880/1120]	[L1: 0.0315]	2.7+0.0s
[920/1120]	[L1: 0.0314]	2.9+0.0s
[960/1120]	[L1: 0.0314]	2.7+0.0s
[1000/1120]	[L1: 0.0315]	2.9+0.0s
[1040/1120]	[L1: 0.0314]	2.9+0.0s
[1080/1120]	[L1: 0.0314]	2.9+0.0s
[1120/1120]	[L1: 0.0313]	3.0+0.0s

Evaluation:
[RSSCN7 x4]	psnr: 27.709 (Best: 27.734 @epoch 106)
Total time: 45.15s

[Epoch 116]	Learning rate: 2.00e-4
[40/1120]	[L1: 0.0298]	2.6+0.0s
[80/1120]	[L1: 0.0312]	2.6+0.0s
[120/1120]	[L1: 0.0318]	2.6+0.0s
[160/1120]	[L1: 0.0315]	2.5+0.0s
[200/1120]	[L1: 0.0313]	2.6+0.0s
[240/1120]	[L1: 0.0314]	2.5+0.0s
[280/1120]	[L1: 0.0310]	2.5+0.0s
[320/1120]	[L1: 0.0311]	2.5+0.0s
[360/1120]	[L1: 0.0314]	2.6+0.0s
[400/1120]	[L1: 0.0311]	2.5+0.0s
[440/1120]	[L1: 0.0310]	2.5+0.0s
[480/1120]	[L1: 0.0311]	2.5+0.0s
[520/1120]	[L1: 0.0306]	2.5+0.0s
[560/1120]	[L1: 0.0304]	2.6+0.0s
[600/1120]	[L1: 0.0304]	2.5+0.0s
[640/1120]	[L1: 0.0303]	2.5+0.0s
[680/1120]	[L1: 0.0304]	2.5+0.0s
[720/1120]	[L1: 0.0305]	2.5+0.0s
[760/1120]	[L1: 0.0306]	2.5+0.0s
[800/1120]	[L1: 0.0309]	2.5+0.0s
[840/1120]	[L1: 0.0309]	2.6+0.0s
[880/1120]	[L1: 0.0308]	2.5+0.0s
[920/1120]	[L1: 0.0310]	2.6+0.0s
[960/1120]	[L1: 0.0313]	2.5+0.0s
[1000/1120]	[L1: 0.0311]	2.7+0.0s
[1040/1120]	[L1: 0.0311]	2.7+0.0s
[1080/1120]	[L1: 0.0311]	2.6+0.0s
[1120/1120]	[L1: 0.0313]	3.0+0.0s

Evaluation:
[RSSCN7 x4]	psnr: 27.711 (Best: 27.734 @epoch 106)
Total time: 63.90s

[Epoch 117]	Learning rate: 2.00e-4
[40/1120]	[L1: 0.0358]	3.4+0.1s
[80/1120]	[L1: 0.0352]	2.8+0.0s
[120/1120]	[L1: 0.0339]	2.5+0.0s
[160/1120]	[L1: 0.0334]	2.6+0.0s
[200/1120]	[L1: 0.0321]	2.5+0.0s
[240/1120]	[L1: 0.0326]	2.5+0.0s
[280/1120]	[L1: 0.0325]	2.6+0.0s
[320/1120]	[L1: 0.0324]	2.9+0.0s
[360/1120]	[L1: 0.0322]	2.7+0.0s
[400/1120]	[L1: 0.0322]	2.6+0.0s
[440/1120]	[L1: 0.0320]	2.5+0.0s
[480/1120]	[L1: 0.0318]	2.7+0.0s
[520/1120]	[L1: 0.0317]	2.6+0.0s
[560/1120]	[L1: 0.0315]	2.6+0.0s
[600/1120]	[L1: 0.0312]	2.5+0.0s
[640/1120]	[L1: 0.0311]	2.6+0.0s
[680/1120]	[L1: 0.0310]	2.5+0.0s
[720/1120]	[L1: 0.0313]	2.5+0.0s
[760/1120]	[L1: 0.0310]	2.6+0.0s
[800/1120]	[L1: 0.0310]	2.7+0.0s
[840/1120]	[L1: 0.0310]	2.6+0.0s
[880/1120]	[L1: 0.0310]	2.5+0.0s
[920/1120]	[L1: 0.0310]	2.6+0.0s
[960/1120]	[L1: 0.0312]	2.6+0.0s
[1000/1120]	[L1: 0.0312]	2.5+0.0s
[1040/1120]	[L1: 0.0312]	2.6+0.0s
[1080/1120]	[L1: 0.0312]	2.5+0.0s
[1120/1120]	[L1: 0.0313]	2.5+0.0s

Evaluation:
[RSSCN7 x4]	psnr: 27.719 (Best: 27.734 @epoch 106)
Total time: 63.71s

[Epoch 118]	Learning rate: 2.00e-4
[40/1120]	[L1: 0.0282]	3.3+0.1s
[80/1120]	[L1: 0.0297]	3.0+0.0s
[120/1120]	[L1: 0.0295]	3.0+0.0s
[160/1120]	[L1: 0.0293]	2.8+0.0s
[200/1120]	[L1: 0.0303]	2.9+0.0s
[240/1120]	[L1: 0.0304]	2.6+0.0s
[280/1120]	[L1: 0.0305]	2.6+0.0s
[320/1120]	[L1: 0.0306]	2.6+0.0s
[360/1120]	[L1: 0.0309]	2.5+0.0s
[400/1120]	[L1: 0.0309]	2.6+0.0s
[440/1120]	[L1: 0.0313]	2.7+0.0s
[480/1120]	[L1: 0.0309]	2.6+0.0s
[520/1120]	[L1: 0.0311]	2.6+0.0s
[560/1120]	[L1: 0.0316]	2.6+0.0s
[600/1120]	[L1: 0.0310]	2.6+0.0s
[640/1120]	[L1: 0.0310]	2.7+0.0s
[680/1120]	[L1: 0.0310]	2.8+0.0s
[720/1120]	[L1: 0.0309]	2.7+0.0s
[760/1120]	[L1: 0.0308]	2.6+0.0s
[800/1120]	[L1: 0.0310]	2.5+0.0s
[840/1120]	[L1: 0.0311]	2.5+0.0s
[880/1120]	[L1: 0.0310]	2.5+0.0s
[920/1120]	[L1: 0.0311]	2.7+0.0s
[960/1120]	[L1: 0.0312]	2.5+0.0s
[1000/1120]	[L1: 0.0315]	2.6+0.0s
[1040/1120]	[L1: 0.0314]	2.5+0.0s
[1080/1120]	[L1: 0.0312]	2.5+0.0s
[1120/1120]	[L1: 0.0312]	2.5+0.0s

Evaluation:
[RSSCN7 x4]	psnr: 27.746 (Best: 27.746 @epoch 118)
Total time: 39.73s

[Epoch 119]	Learning rate: 2.00e-4
[40/1120]	[L1: 0.0276]	3.0+0.1s
[80/1120]	[L1: 0.0278]	3.0+0.0s
[120/1120]	[L1: 0.0275]	2.9+0.0s
[160/1120]	[L1: 0.0284]	3.0+0.0s
[200/1120]	[L1: 0.0283]	3.1+0.0s
[240/1120]	[L1: 0.0287]	2.7+0.0s
[280/1120]	[L1: 0.0293]	2.8+0.0s
[320/1120]	[L1: 0.0294]	2.8+0.0s
[360/1120]	[L1: 0.0298]	2.8+0.0s
[400/1120]	[L1: 0.0303]	2.9+0.0s
[440/1120]	[L1: 0.0301]	2.6+0.0s
[480/1120]	[L1: 0.0301]	2.6+0.0s
[520/1120]	[L1: 0.0303]	2.7+0.0s
[560/1120]	[L1: 0.0306]	2.7+0.0s
[600/1120]	[L1: 0.0307]	2.6+0.0s
[640/1120]	[L1: 0.0304]	2.7+0.0s
[680/1120]	[L1: 0.0306]	2.6+0.0s
[720/1120]	[L1: 0.0309]	2.6+0.0s
[760/1120]	[L1: 0.0310]	2.6+0.0s
[800/1120]	[L1: 0.0310]	2.6+0.0s
[840/1120]	[L1: 0.0307]	2.7+0.0s
[880/1120]	[L1: 0.0308]	2.6+0.0s
[920/1120]	[L1: 0.0308]	2.6+0.0s
[960/1120]	[L1: 0.0310]	2.6+0.0s
[1000/1120]	[L1: 0.0310]	2.6+0.0s
[1040/1120]	[L1: 0.0309]	2.6+0.0s
[1080/1120]	[L1: 0.0310]	2.6+0.0s
[1120/1120]	[L1: 0.0312]	2.7+0.0s

Evaluation:
[RSSCN7 x4]	psnr: 27.732 (Best: 27.746 @epoch 118)
Total time: 27.22s

[Epoch 120]	Learning rate: 2.00e-4
[40/1120]	[L1: 0.0340]	2.6+0.0s
[80/1120]	[L1: 0.0326]	3.0+0.0s
[120/1120]	[L1: 0.0309]	3.2+0.0s
[160/1120]	[L1: 0.0309]	2.8+0.0s
[200/1120]	[L1: 0.0309]	2.7+0.0s
[240/1120]	[L1: 0.0307]	2.7+0.0s
[280/1120]	[L1: 0.0302]	2.7+0.0s
[320/1120]	[L1: 0.0303]	2.7+0.0s
[360/1120]	[L1: 0.0307]	3.1+0.0s
[400/1120]	[L1: 0.0308]	2.7+0.0s
[440/1120]	[L1: 0.0308]	2.8+0.0s
[480/1120]	[L1: 0.0305]	2.6+0.0s
[520/1120]	[L1: 0.0305]	2.9+0.0s
[560/1120]	[L1: 0.0305]	3.0+0.0s
[600/1120]	[L1: 0.0301]	3.0+0.0s
[640/1120]	[L1: 0.0301]	2.7+0.0s
[680/1120]	[L1: 0.0306]	2.6+0.0s
[720/1120]	[L1: 0.0306]	2.5+0.0s
[760/1120]	[L1: 0.0306]	2.6+0.0s
[800/1120]	[L1: 0.0305]	2.9+0.0s
[840/1120]	[L1: 0.0306]	2.8+0.0s
[880/1120]	[L1: 0.0307]	2.6+0.0s
[920/1120]	[L1: 0.0306]	2.6+0.0s
[960/1120]	[L1: 0.0307]	2.6+0.0s
[1000/1120]	[L1: 0.0308]	2.6+0.0s
[1040/1120]	[L1: 0.0311]	2.5+0.0s
[1080/1120]	[L1: 0.0310]	2.6+0.0s
[1120/1120]	[L1: 0.0311]	2.6+0.0s

Evaluation:
[RSSCN7 x4]	psnr: 27.742 (Best: 27.746 @epoch 118)
Total time: 28.08s

[Epoch 121]	Learning rate: 2.00e-4
[40/1120]	[L1: 0.0299]	2.7+0.0s
[80/1120]	[L1: 0.0313]	2.5+0.0s
[120/1120]	[L1: 0.0313]	2.6+0.0s
[160/1120]	[L1: 0.0309]	2.6+0.0s
[200/1120]	[L1: 0.0307]	2.6+0.0s
[240/1120]	[L1: 0.0298]	2.5+0.0s
[280/1120]	[L1: 0.0303]	2.6+0.0s
[320/1120]	[L1: 0.0306]	2.5+0.0s
[360/1120]	[L1: 0.0302]	2.6+0.0s
[400/1120]	[L1: 0.0308]	2.7+0.0s
[440/1120]	[L1: 0.0310]	2.7+0.0s
[480/1120]	[L1: 0.0309]	2.7+0.0s
[520/1120]	[L1: 0.0307]	2.7+0.0s
[560/1120]	[L1: 0.0307]	2.8+0.0s
[600/1120]	[L1: 0.0305]	2.7+0.0s
[640/1120]	[L1: 0.0307]	2.6+0.0s
[680/1120]	[L1: 0.0308]	2.6+0.0s
[720/1120]	[L1: 0.0308]	2.9+0.0s
[760/1120]	[L1: 0.0306]	2.8+0.1s
[800/1120]	[L1: 0.0306]	2.8+0.0s
[840/1120]	[L1: 0.0308]	2.6+0.0s
[880/1120]	[L1: 0.0307]	2.7+0.0s
[920/1120]	[L1: 0.0310]	2.7+0.0s
[960/1120]	[L1: 0.0308]	2.7+0.0s
[1000/1120]	[L1: 0.0308]	2.7+0.0s
[1040/1120]	[L1: 0.0309]	2.6+0.0s
[1080/1120]	[L1: 0.0311]	2.5+0.0s
[1120/1120]	[L1: 0.0311]	2.6+0.0s

Evaluation:
[RSSCN7 x4]	psnr: 27.721 (Best: 27.746 @epoch 118)
Total time: 25.72s

[Epoch 122]	Learning rate: 2.00e-4
[40/1120]	[L1: 0.0367]	2.6+0.0s
[80/1120]	[L1: 0.0346]	2.5+0.0s
[120/1120]	[L1: 0.0344]	2.5+0.0s
[160/1120]	[L1: 0.0330]	2.5+0.0s
[200/1120]	[L1: 0.0334]	2.6+0.0s
[240/1120]	[L1: 0.0338]	2.6+0.0s
[280/1120]	[L1: 0.0332]	2.6+0.0s
[320/1120]	[L1: 0.0330]	2.5+0.0s
[360/1120]	[L1: 0.0325]	2.6+0.0s
[400/1120]	[L1: 0.0323]	2.6+0.0s
[440/1120]	[L1: 0.0322]	2.6+0.0s
[480/1120]	[L1: 0.0322]	2.6+0.0s
[520/1120]	[L1: 0.0320]	2.6+0.0s
[560/1120]	[L1: 0.0320]	2.6+0.0s
[600/1120]	[L1: 0.0319]	2.6+0.0s
[640/1120]	[L1: 0.0315]	2.6+0.0s
[680/1120]	[L1: 0.0313]	2.7+0.0s
[720/1120]	[L1: 0.0314]	2.8+0.0s
[760/1120]	[L1: 0.0313]	3.0+0.0s
[800/1120]	[L1: 0.0313]	3.2+0.0s
[840/1120]	[L1: 0.0312]	3.2+0.0s
[880/1120]	[L1: 0.0312]	3.2+0.0s
[920/1120]	[L1: 0.0311]	3.3+0.0s
[960/1120]	[L1: 0.0313]	3.1+0.0s
[1000/1120]	[L1: 0.0313]	3.1+0.0s
[1040/1120]	[L1: 0.0314]	3.2+0.0s
[1080/1120]	[L1: 0.0312]	2.8+0.0s
[1120/1120]	[L1: 0.0312]	2.9+0.0s

Evaluation:
[RSSCN7 x4]	psnr: 27.730 (Best: 27.746 @epoch 118)
Total time: 35.65s

[Epoch 123]	Learning rate: 2.00e-4
[40/1120]	[L1: 0.0362]	2.6+0.0s
[80/1120]	[L1: 0.0299]	2.5+0.0s
[120/1120]	[L1: 0.0310]	2.5+0.0s
[160/1120]	[L1: 0.0317]	2.6+0.0s
[200/1120]	[L1: 0.0319]	2.6+0.0s
[240/1120]	[L1: 0.0316]	2.5+0.0s
[280/1120]	[L1: 0.0316]	2.5+0.0s
[320/1120]	[L1: 0.0311]	2.5+0.0s
[360/1120]	[L1: 0.0318]	2.6+0.0s
[400/1120]	[L1: 0.0318]	2.5+0.0s
[440/1120]	[L1: 0.0319]	2.5+0.0s
[480/1120]	[L1: 0.0320]	2.5+0.0s
[520/1120]	[L1: 0.0318]	2.6+0.0s
[560/1120]	[L1: 0.0317]	2.5+0.0s
[600/1120]	[L1: 0.0315]	2.6+0.0s
[640/1120]	[L1: 0.0314]	2.6+0.0s
[680/1120]	[L1: 0.0315]	2.5+0.0s
[720/1120]	[L1: 0.0314]	2.5+0.0s
[760/1120]	[L1: 0.0314]	2.6+0.0s
[800/1120]	[L1: 0.0313]	2.6+0.0s
[840/1120]	[L1: 0.0313]	2.6+0.0s
[880/1120]	[L1: 0.0315]	2.5+0.0s
[920/1120]	[L1: 0.0313]	2.8+0.0s
[960/1120]	[L1: 0.0313]	2.9+0.0s
[1000/1120]	[L1: 0.0313]	2.8+0.0s
[1040/1120]	[L1: 0.0313]	3.0+0.0s
[1080/1120]	[L1: 0.0312]	3.0+0.0s
[1120/1120]	[L1: 0.0312]	3.0+0.0s

Evaluation:
[RSSCN7 x4]	psnr: 27.744 (Best: 27.746 @epoch 118)
Total time: 64.87s

[Epoch 124]	Learning rate: 2.00e-4
[40/1120]	[L1: 0.0312]	3.2+0.1s
[80/1120]	[L1: 0.0306]	2.9+0.0s
[120/1120]	[L1: 0.0318]	2.5+0.0s
[160/1120]	[L1: 0.0322]	2.5+0.0s
[200/1120]	[L1: 0.0327]	2.6+0.0s
[240/1120]	[L1: 0.0326]	2.5+0.0s
[280/1120]	[L1: 0.0322]	2.5+0.0s
[320/1120]	[L1: 0.0326]	2.6+0.0s
[360/1120]	[L1: 0.0321]	2.5+0.0s
[400/1120]	[L1: 0.0321]	2.5+0.0s
[440/1120]	[L1: 0.0322]	2.6+0.0s
[480/1120]	[L1: 0.0321]	2.6+0.0s
[520/1120]	[L1: 0.0322]	2.6+0.0s
[560/1120]	[L1: 0.0323]	2.5+0.0s
[600/1120]	[L1: 0.0324]	2.6+0.0s
[640/1120]	[L1: 0.0323]	2.6+0.0s
[680/1120]	[L1: 0.0323]	2.6+0.0s
[720/1120]	[L1: 0.0321]	2.6+0.0s
[760/1120]	[L1: 0.0322]	2.6+0.0s
[800/1120]	[L1: 0.0322]	2.6+0.0s
[840/1120]	[L1: 0.0320]	2.6+0.0s
[880/1120]	[L1: 0.0318]	2.6+0.0s
[920/1120]	[L1: 0.0319]	2.6+0.0s
[960/1120]	[L1: 0.0318]	2.6+0.0s
[1000/1120]	[L1: 0.0315]	2.6+0.0s
[1040/1120]	[L1: 0.0315]	2.6+0.0s
[1080/1120]	[L1: 0.0313]	2.6+0.0s
[1120/1120]	[L1: 0.0313]	2.6+0.0s

Evaluation:
[RSSCN7 x4]	psnr: 27.682 (Best: 27.746 @epoch 118)
Total time: 64.23s

[Epoch 125]	Learning rate: 2.00e-4
[40/1120]	[L1: 0.0284]	3.3+0.0s
[80/1120]	[L1: 0.0309]	3.1+0.0s
[120/1120]	[L1: 0.0313]	3.0+0.0s
[160/1120]	[L1: 0.0317]	2.9+0.0s
[200/1120]	[L1: 0.0315]	2.8+0.0s
[240/1120]	[L1: 0.0322]	2.6+0.0s
[280/1120]	[L1: 0.0324]	2.7+0.0s
[320/1120]	[L1: 0.0323]	2.6+0.0s
[360/1120]	[L1: 0.0329]	2.6+0.0s
[400/1120]	[L1: 0.0334]	2.5+0.0s
[440/1120]	[L1: 0.0328]	2.6+0.0s
[480/1120]	[L1: 0.0327]	2.7+0.0s
[520/1120]	[L1: 0.0324]	2.6+0.0s
[560/1120]	[L1: 0.0321]	2.6+0.0s
[600/1120]	[L1: 0.0321]	2.5+0.0s
[640/1120]	[L1: 0.0321]	2.6+0.0s
[680/1120]	[L1: 0.0319]	2.6+0.0s
[720/1120]	[L1: 0.0317]	2.6+0.0s
[760/1120]	[L1: 0.0316]	2.6+0.0s
[800/1120]	[L1: 0.0315]	2.6+0.0s
[840/1120]	[L1: 0.0313]	2.6+0.0s
[880/1120]	[L1: 0.0314]	2.6+0.0s
[920/1120]	[L1: 0.0313]	2.7+0.0s
[960/1120]	[L1: 0.0312]	2.7+0.0s
[1000/1120]	[L1: 0.0312]	2.6+0.0s
[1040/1120]	[L1: 0.0311]	2.6+0.0s
[1080/1120]	[L1: 0.0312]	2.6+0.0s
[1120/1120]	[L1: 0.0312]	2.6+0.0s

Evaluation:
[RSSCN7 x4]	psnr: 27.738 (Best: 27.746 @epoch 118)
Total time: 43.85s

[Epoch 126]	Learning rate: 2.00e-4
[40/1120]	[L1: 0.0339]	2.9+0.1s
[80/1120]	[L1: 0.0312]	2.8+0.0s
[120/1120]	[L1: 0.0329]	2.7+0.0s
[160/1120]	[L1: 0.0325]	2.7+0.0s
[200/1120]	[L1: 0.0318]	2.6+0.0s
[240/1120]	[L1: 0.0316]	2.8+0.0s
[280/1120]	[L1: 0.0320]	2.7+0.0s
[320/1120]	[L1: 0.0321]	2.7+0.0s
[360/1120]	[L1: 0.0315]	2.7+0.0s
[400/1120]	[L1: 0.0316]	2.7+0.0s
[440/1120]	[L1: 0.0318]	2.6+0.0s
[480/1120]	[L1: 0.0319]	2.6+0.0s
[520/1120]	[L1: 0.0318]	2.5+0.0s
[560/1120]	[L1: 0.0317]	2.5+0.0s
[600/1120]	[L1: 0.0319]	2.5+0.0s
[640/1120]	[L1: 0.0320]	2.6+0.0s
[680/1120]	[L1: 0.0317]	2.6+0.0s
[720/1120]	[L1: 0.0317]	2.6+0.0s
[760/1120]	[L1: 0.0316]	2.5+0.0s
[800/1120]	[L1: 0.0316]	2.5+0.0s
[840/1120]	[L1: 0.0316]	2.5+0.0s
[880/1120]	[L1: 0.0316]	2.6+0.0s
[920/1120]	[L1: 0.0316]	2.6+0.0s
[960/1120]	[L1: 0.0315]	2.6+0.0s
[1000/1120]	[L1: 0.0313]	2.5+0.0s
[1040/1120]	[L1: 0.0312]	2.6+0.0s
[1080/1120]	[L1: 0.0313]	2.5+0.0s
[1120/1120]	[L1: 0.0312]	2.6+0.0s

Evaluation:
[RSSCN7 x4]	psnr: 27.714 (Best: 27.746 @epoch 118)
Total time: 27.66s

[Epoch 127]	Learning rate: 2.00e-4
[40/1120]	[L1: 0.0339]	2.5+0.0s
[80/1120]	[L1: 0.0309]	2.5+0.0s
[120/1120]	[L1: 0.0303]	2.8+0.0s
[160/1120]	[L1: 0.0303]	2.9+0.0s
[200/1120]	[L1: 0.0303]	2.9+0.0s
[240/1120]	[L1: 0.0306]	2.8+0.0s
[280/1120]	[L1: 0.0307]	3.0+0.0s
[320/1120]	[L1: 0.0308]	2.8+0.0s
[360/1120]	[L1: 0.0309]	2.9+0.0s
[400/1120]	[L1: 0.0312]	2.8+0.0s
[440/1120]	[L1: 0.0312]	3.0+0.0s
[480/1120]	[L1: 0.0311]	3.0+0.0s
[520/1120]	[L1: 0.0311]	3.1+0.0s
[560/1120]	[L1: 0.0313]	3.1+0.0s
[600/1120]	[L1: 0.0313]	3.0+0.0s
[640/1120]	[L1: 0.0314]	3.2+0.0s
[680/1120]	[L1: 0.0316]	3.0+0.0s
[720/1120]	[L1: 0.0314]	2.6+0.0s
[760/1120]	[L1: 0.0313]	2.6+0.0s
[800/1120]	[L1: 0.0313]	2.6+0.0s
[840/1120]	[L1: 0.0312]	2.7+0.0s
[880/1120]	[L1: 0.0312]	2.6+0.0s
[920/1120]	[L1: 0.0311]	2.6+0.0s
[960/1120]	[L1: 0.0309]	2.5+0.0s
[1000/1120]	[L1: 0.0310]	2.5+0.0s
[1040/1120]	[L1: 0.0312]	2.5+0.0s
[1080/1120]	[L1: 0.0313]	2.6+0.0s
[1120/1120]	[L1: 0.0312]	2.6+0.0s

Evaluation:
[RSSCN7 x4]	psnr: 27.699 (Best: 27.746 @epoch 118)
Total time: 26.26s

[Epoch 128]	Learning rate: 2.00e-4
[40/1120]	[L1: 0.0350]	2.6+0.1s
[80/1120]	[L1: 0.0331]	2.6+0.0s
[120/1120]	[L1: 0.0332]	2.5+0.0s
[160/1120]	[L1: 0.0333]	2.5+0.0s
[200/1120]	[L1: 0.0327]	2.5+0.0s
[240/1120]	[L1: 0.0324]	2.6+0.0s
[280/1120]	[L1: 0.0327]	2.5+0.0s
[320/1120]	[L1: 0.0323]	2.6+0.0s
[360/1120]	[L1: 0.0326]	2.9+0.0s
[400/1120]	[L1: 0.0324]	2.8+0.0s
[440/1120]	[L1: 0.0321]	2.6+0.0s
[480/1120]	[L1: 0.0316]	2.8+0.0s
[520/1120]	[L1: 0.0314]	3.1+0.0s
[560/1120]	[L1: 0.0314]	2.9+0.0s
[600/1120]	[L1: 0.0315]	3.1+0.0s
[640/1120]	[L1: 0.0313]	3.1+0.0s
[680/1120]	[L1: 0.0313]	3.1+0.0s
[720/1120]	[L1: 0.0312]	3.1+0.0s
[760/1120]	[L1: 0.0312]	3.0+0.0s
[800/1120]	[L1: 0.0312]	2.9+0.0s
[840/1120]	[L1: 0.0312]	2.7+0.0s
[880/1120]	[L1: 0.0311]	2.8+0.0s
[920/1120]	[L1: 0.0312]	2.7+0.0s
[960/1120]	[L1: 0.0312]	2.7+0.0s
[1000/1120]	[L1: 0.0312]	2.6+0.0s
[1040/1120]	[L1: 0.0311]	2.6+0.0s
[1080/1120]	[L1: 0.0311]	2.6+0.0s
[1120/1120]	[L1: 0.0312]	2.6+0.0s

Evaluation:
[RSSCN7 x4]	psnr: 27.755 (Best: 27.755 @epoch 128)
Total time: 26.97s

[Epoch 129]	Learning rate: 2.00e-4
[40/1120]	[L1: 0.0306]	2.6+0.1s
[80/1120]	[L1: 0.0292]	2.5+0.0s
[120/1120]	[L1: 0.0302]	2.5+0.0s
[160/1120]	[L1: 0.0303]	2.5+0.0s
[200/1120]	[L1: 0.0300]	2.6+0.0s
[240/1120]	[L1: 0.0305]	2.5+0.0s
[280/1120]	[L1: 0.0307]	2.6+0.0s
[320/1120]	[L1: 0.0310]	2.5+0.0s
[360/1120]	[L1: 0.0312]	2.5+0.0s
[400/1120]	[L1: 0.0312]	2.5+0.0s
[440/1120]	[L1: 0.0311]	2.6+0.0s
[480/1120]	[L1: 0.0310]	2.5+0.0s
[520/1120]	[L1: 0.0309]	2.6+0.0s
[560/1120]	[L1: 0.0309]	2.5+0.0s
[600/1120]	[L1: 0.0309]	2.7+0.0s
[640/1120]	[L1: 0.0309]	2.9+0.0s
[680/1120]	[L1: 0.0307]	2.6+0.0s
[720/1120]	[L1: 0.0308]	2.7+0.0s
[760/1120]	[L1: 0.0311]	3.0+0.0s
[800/1120]	[L1: 0.0310]	3.0+0.0s
[840/1120]	[L1: 0.0309]	2.9+0.0s
[880/1120]	[L1: 0.0311]	2.8+0.0s
[920/1120]	[L1: 0.0312]	3.1+0.0s
[960/1120]	[L1: 0.0313]	2.8+0.0s
[1000/1120]	[L1: 0.0312]	2.8+0.0s
[1040/1120]	[L1: 0.0313]	2.8+0.0s
[1080/1120]	[L1: 0.0311]	2.8+0.0s
[1120/1120]	[L1: 0.0310]	3.2+0.0s

Evaluation:
[RSSCN7 x4]	psnr: 27.649 (Best: 27.755 @epoch 128)
Total time: 31.70s

[Epoch 130]	Learning rate: 2.00e-4
[40/1120]	[L1: 0.0288]	2.5+0.0s
[80/1120]	[L1: 0.0306]	2.6+0.0s
[120/1120]	[L1: 0.0291]	2.5+0.0s
[160/1120]	[L1: 0.0294]	2.7+0.0s
[200/1120]	[L1: 0.0300]	2.6+0.0s
[240/1120]	[L1: 0.0304]	2.6+0.0s
[280/1120]	[L1: 0.0299]	2.6+0.0s
[320/1120]	[L1: 0.0296]	2.6+0.0s
[360/1120]	[L1: 0.0301]	2.6+0.0s
[400/1120]	[L1: 0.0298]	2.6+0.0s
[440/1120]	[L1: 0.0296]	2.5+0.0s
[480/1120]	[L1: 0.0298]	2.6+0.0s
[520/1120]	[L1: 0.0298]	2.6+0.0s
[560/1120]	[L1: 0.0300]	2.6+0.0s
[600/1120]	[L1: 0.0302]	2.6+0.0s
[640/1120]	[L1: 0.0303]	2.6+0.0s
[680/1120]	[L1: 0.0305]	2.6+0.0s
[720/1120]	[L1: 0.0306]	2.6+0.0s
[760/1120]	[L1: 0.0307]	2.6+0.0s
[800/1120]	[L1: 0.0306]	2.6+0.0s
[840/1120]	[L1: 0.0307]	2.6+0.0s
[880/1120]	[L1: 0.0307]	2.7+0.0s
[920/1120]	[L1: 0.0308]	2.7+0.0s
[960/1120]	[L1: 0.0308]	2.6+0.0s
[1000/1120]	[L1: 0.0309]	3.1+0.0s
[1040/1120]	[L1: 0.0311]	3.0+0.0s
[1080/1120]	[L1: 0.0311]	2.9+0.0s
[1120/1120]	[L1: 0.0310]	3.0+0.0s

Evaluation:
[RSSCN7 x4]	psnr: 27.753 (Best: 27.755 @epoch 128)
Total time: 56.94s

[Epoch 131]	Learning rate: 2.00e-4
[40/1120]	[L1: 0.0273]	2.5+0.0s
[80/1120]	[L1: 0.0294]	2.6+0.0s
[120/1120]	[L1: 0.0282]	2.5+0.0s
[160/1120]	[L1: 0.0297]	2.5+0.0s
[200/1120]	[L1: 0.0299]	2.5+0.0s
[240/1120]	[L1: 0.0298]	2.6+0.0s
[280/1120]	[L1: 0.0301]	2.5+0.0s
[320/1120]	[L1: 0.0303]	2.5+0.0s
[360/1120]	[L1: 0.0302]	2.5+0.0s
[400/1120]	[L1: 0.0306]	2.5+0.0s
[440/1120]	[L1: 0.0310]	2.5+0.0s
[480/1120]	[L1: 0.0311]	2.5+0.0s
[520/1120]	[L1: 0.0312]	2.6+0.0s
[560/1120]	[L1: 0.0311]	2.5+0.0s
[600/1120]	[L1: 0.0314]	2.6+0.0s
[640/1120]	[L1: 0.0316]	2.6+0.0s
[680/1120]	[L1: 0.0316]	2.6+0.0s
[720/1120]	[L1: 0.0316]	2.6+0.0s
[760/1120]	[L1: 0.0315]	2.5+0.0s
[800/1120]	[L1: 0.0316]	2.5+0.0s
[840/1120]	[L1: 0.0316]	2.6+0.0s
[880/1120]	[L1: 0.0315]	2.5+0.0s
[920/1120]	[L1: 0.0316]	2.5+0.0s
[960/1120]	[L1: 0.0314]	2.6+0.0s
[1000/1120]	[L1: 0.0314]	2.5+0.0s
[1040/1120]	[L1: 0.0313]	2.5+0.0s
[1080/1120]	[L1: 0.0311]	2.5+0.0s
[1120/1120]	[L1: 0.0311]	2.6+0.0s

Evaluation:
[RSSCN7 x4]	psnr: 27.728 (Best: 27.755 @epoch 128)
Total time: 65.44s

[Epoch 132]	Learning rate: 2.00e-4
[40/1120]	[L1: 0.0321]	3.7+0.0s
[80/1120]	[L1: 0.0321]	3.1+0.0s
[120/1120]	[L1: 0.0315]	3.1+0.0s
[160/1120]	[L1: 0.0312]	2.7+0.0s
[200/1120]	[L1: 0.0324]	2.6+0.0s
[240/1120]	[L1: 0.0324]	2.6+0.0s
[280/1120]	[L1: 0.0322]	2.6+0.0s
[320/1120]	[L1: 0.0318]	2.6+0.0s
[360/1120]	[L1: 0.0320]	2.6+0.0s
[400/1120]	[L1: 0.0316]	2.6+0.0s
[440/1120]	[L1: 0.0316]	2.7+0.0s
[480/1120]	[L1: 0.0315]	2.6+0.0s
[520/1120]	[L1: 0.0315]	2.6+0.0s
[560/1120]	[L1: 0.0316]	2.6+0.0s
[600/1120]	[L1: 0.0316]	2.7+0.0s
[640/1120]	[L1: 0.0317]	2.6+0.0s
[680/1120]	[L1: 0.0315]	2.6+0.0s
[720/1120]	[L1: 0.0314]	2.6+0.0s
[760/1120]	[L1: 0.0316]	2.6+0.0s
[800/1120]	[L1: 0.0316]	2.6+0.0s
[840/1120]	[L1: 0.0317]	2.6+0.0s
[880/1120]	[L1: 0.0316]	2.6+0.0s
[920/1120]	[L1: 0.0315]	2.6+0.0s
[960/1120]	[L1: 0.0314]	2.6+0.0s
[1000/1120]	[L1: 0.0312]	2.5+0.0s
[1040/1120]	[L1: 0.0311]	2.6+0.0s
[1080/1120]	[L1: 0.0309]	2.6+0.0s
[1120/1120]	[L1: 0.0312]	2.5+0.0s

Evaluation:
[RSSCN7 x4]	psnr: 27.568 (Best: 27.755 @epoch 128)
Total time: 46.53s

[Epoch 133]	Learning rate: 2.00e-4
[40/1120]	[L1: 0.0290]	3.2+0.0s
[80/1120]	[L1: 0.0325]	3.2+0.0s
[120/1120]	[L1: 0.0315]	3.2+0.0s
[160/1120]	[L1: 0.0312]	3.2+0.0s
[200/1120]	[L1: 0.0306]	3.1+0.0s
[240/1120]	[L1: 0.0309]	3.0+0.0s
[280/1120]	[L1: 0.0312]	3.1+0.0s
[320/1120]	[L1: 0.0316]	2.9+0.0s
[360/1120]	[L1: 0.0322]	2.7+0.0s
[400/1120]	[L1: 0.0319]	2.6+0.0s
[440/1120]	[L1: 0.0319]	2.6+0.0s
[480/1120]	[L1: 0.0320]	2.6+0.0s
[520/1120]	[L1: 0.0320]	2.7+0.0s
[560/1120]	[L1: 0.0318]	2.6+0.0s
[600/1120]	[L1: 0.0317]	2.5+0.0s
[640/1120]	[L1: 0.0317]	2.6+0.0s
[680/1120]	[L1: 0.0315]	2.6+0.0s
[720/1120]	[L1: 0.0313]	2.6+0.0s
[760/1120]	[L1: 0.0315]	2.6+0.0s
[800/1120]	[L1: 0.0312]	2.7+0.0s
[840/1120]	[L1: 0.0312]	2.6+0.0s
[880/1120]	[L1: 0.0311]	2.6+0.0s
[920/1120]	[L1: 0.0310]	2.6+0.0s
[960/1120]	[L1: 0.0311]	2.6+0.0s
[1000/1120]	[L1: 0.0310]	2.6+0.0s
[1040/1120]	[L1: 0.0311]	2.6+0.0s
[1080/1120]	[L1: 0.0312]	2.6+0.0s
[1120/1120]	[L1: 0.0311]	2.5+0.0s

Evaluation:
[RSSCN7 x4]	psnr: 27.743 (Best: 27.755 @epoch 128)
Total time: 27.07s

[Epoch 134]	Learning rate: 2.00e-4
[40/1120]	[L1: 0.0334]	2.7+0.1s
[80/1120]	[L1: 0.0318]	2.8+0.0s
[120/1120]	[L1: 0.0330]	2.7+0.0s
[160/1120]	[L1: 0.0328]	2.6+0.0s
[200/1120]	[L1: 0.0331]	2.8+0.0s
[240/1120]	[L1: 0.0324]	2.7+0.0s
[280/1120]	[L1: 0.0322]	3.0+0.0s
[320/1120]	[L1: 0.0322]	2.8+0.0s
[360/1120]	[L1: 0.0315]	2.8+0.0s
[400/1120]	[L1: 0.0316]	2.6+0.0s
[440/1120]	[L1: 0.0311]	2.7+0.0s
[480/1120]	[L1: 0.0310]	2.8+0.0s
[520/1120]	[L1: 0.0312]	2.9+0.0s
[560/1120]	[L1: 0.0310]	2.7+0.0s
[600/1120]	[L1: 0.0309]	3.1+0.0s
[640/1120]	[L1: 0.0306]	2.8+0.0s
[680/1120]	[L1: 0.0308]	2.6+0.0s
[720/1120]	[L1: 0.0309]	2.6+0.0s
[760/1120]	[L1: 0.0309]	2.5+0.0s
[800/1120]	[L1: 0.0311]	2.6+0.0s
[840/1120]	[L1: 0.0312]	2.6+0.0s
[880/1120]	[L1: 0.0312]	2.6+0.0s
[920/1120]	[L1: 0.0312]	2.7+0.0s
[960/1120]	[L1: 0.0312]	2.6+0.0s
[1000/1120]	[L1: 0.0312]	2.6+0.0s
[1040/1120]	[L1: 0.0312]	2.5+0.0s
[1080/1120]	[L1: 0.0311]	2.6+0.0s
[1120/1120]	[L1: 0.0310]	2.5+0.0s

Evaluation:
[RSSCN7 x4]	psnr: 27.748 (Best: 27.755 @epoch 128)
Total time: 27.09s

[Epoch 135]	Learning rate: 2.00e-4
[40/1120]	[L1: 0.0306]	2.6+0.0s
[80/1120]	[L1: 0.0301]	2.6+0.0s
[120/1120]	[L1: 0.0312]	2.5+0.0s
[160/1120]	[L1: 0.0313]	2.6+0.0s
[200/1120]	[L1: 0.0309]	2.5+0.0s
[240/1120]	[L1: 0.0313]	2.6+0.0s
[280/1120]	[L1: 0.0313]	2.6+0.0s
[320/1120]	[L1: 0.0316]	2.7+0.0s
[360/1120]	[L1: 0.0315]	2.8+0.0s
[400/1120]	[L1: 0.0316]	2.7+0.0s
[440/1120]	[L1: 0.0321]	2.9+0.0s
[480/1120]	[L1: 0.0320]	2.6+0.0s
[520/1120]	[L1: 0.0323]	2.7+0.0s
[560/1120]	[L1: 0.0323]	2.7+0.0s
[600/1120]	[L1: 0.0321]	2.7+0.0s
[640/1120]	[L1: 0.0320]	2.9+0.0s
[680/1120]	[L1: 0.0320]	3.0+0.0s
[720/1120]	[L1: 0.0320]	3.0+0.0s
[760/1120]	[L1: 0.0321]	2.8+0.0s
[800/1120]	[L1: 0.0320]	3.0+0.0s
[840/1120]	[L1: 0.0317]	2.7+0.0s
[880/1120]	[L1: 0.0315]	2.8+0.0s
[920/1120]	[L1: 0.0314]	2.5+0.0s
[960/1120]	[L1: 0.0314]	2.6+0.0s
[1000/1120]	[L1: 0.0314]	2.5+0.0s
[1040/1120]	[L1: 0.0313]	2.7+0.0s
[1080/1120]	[L1: 0.0311]	2.6+0.0s
[1120/1120]	[L1: 0.0311]	2.5+0.0s

Evaluation:
[RSSCN7 x4]	psnr: 27.765 (Best: 27.765 @epoch 135)
Total time: 25.44s

[Epoch 136]	Learning rate: 2.00e-4
[40/1120]	[L1: 0.0309]	2.6+0.0s
[80/1120]	[L1: 0.0313]	2.5+0.0s
[120/1120]	[L1: 0.0315]	2.5+0.0s
[160/1120]	[L1: 0.0318]	2.6+0.0s
[200/1120]	[L1: 0.0312]	2.5+0.0s
[240/1120]	[L1: 0.0320]	2.5+0.0s
[280/1120]	[L1: 0.0329]	2.6+0.0s
[320/1120]	[L1: 0.0329]	2.5+0.0s
[360/1120]	[L1: 0.0326]	2.6+0.0s
[400/1120]	[L1: 0.0321]	2.5+0.0s
[440/1120]	[L1: 0.0321]	2.5+0.0s
[480/1120]	[L1: 0.0317]	2.5+0.0s
[520/1120]	[L1: 0.0314]	2.5+0.0s
[560/1120]	[L1: 0.0314]	2.6+0.0s
[600/1120]	[L1: 0.0313]	2.7+0.0s
[640/1120]	[L1: 0.0312]	2.9+0.0s
[680/1120]	[L1: 0.0312]	2.9+0.0s
[720/1120]	[L1: 0.0313]	2.9+0.0s
[760/1120]	[L1: 0.0315]	2.7+0.0s
[800/1120]	[L1: 0.0315]	2.9+0.0s
[840/1120]	[L1: 0.0315]	3.3+0.0s
[880/1120]	[L1: 0.0312]	3.1+0.0s
[920/1120]	[L1: 0.0311]	3.0+0.0s
[960/1120]	[L1: 0.0310]	3.0+0.0s
[1000/1120]	[L1: 0.0310]	2.7+0.0s
[1040/1120]	[L1: 0.0309]	2.7+0.0s
[1080/1120]	[L1: 0.0309]	2.9+0.0s
[1120/1120]	[L1: 0.0309]	2.7+0.0s

Evaluation:
[RSSCN7 x4]	psnr: 27.765 (Best: 27.765 @epoch 135)
Total time: 27.67s

[Epoch 137]	Learning rate: 2.00e-4
[40/1120]	[L1: 0.0340]	2.6+0.0s
[80/1120]	[L1: 0.0339]	2.6+0.0s
[120/1120]	[L1: 0.0334]	2.6+0.0s
[160/1120]	[L1: 0.0332]	2.6+0.0s
[200/1120]	[L1: 0.0330]	2.5+0.0s
[240/1120]	[L1: 0.0320]	2.6+0.0s
[280/1120]	[L1: 0.0318]	2.5+0.0s
[320/1120]	[L1: 0.0309]	2.5+0.0s
[360/1120]	[L1: 0.0310]	2.6+0.0s
[400/1120]	[L1: 0.0310]	2.6+0.0s
[440/1120]	[L1: 0.0306]	2.6+0.0s
[480/1120]	[L1: 0.0305]	2.5+0.0s
[520/1120]	[L1: 0.0309]	2.6+0.0s
[560/1120]	[L1: 0.0309]	2.6+0.0s
[600/1120]	[L1: 0.0310]	2.6+0.0s
[640/1120]	[L1: 0.0309]	2.5+0.0s
[680/1120]	[L1: 0.0310]	2.6+0.0s
[720/1120]	[L1: 0.0310]	2.6+0.0s
[760/1120]	[L1: 0.0309]	2.5+0.0s
[800/1120]	[L1: 0.0309]	2.6+0.0s
[840/1120]	[L1: 0.0309]	2.7+0.0s
[880/1120]	[L1: 0.0310]	2.8+0.0s
[920/1120]	[L1: 0.0309]	3.0+0.0s
[960/1120]	[L1: 0.0310]	3.0+0.0s
[1000/1120]	[L1: 0.0310]	3.1+0.0s
[1040/1120]	[L1: 0.0310]	3.0+0.0s
[1080/1120]	[L1: 0.0309]	2.9+0.0s
[1120/1120]	[L1: 0.0309]	2.9+0.0s

Evaluation:
[RSSCN7 x4]	psnr: 27.739 (Best: 27.765 @epoch 135)
Total time: 57.96s

[Epoch 138]	Learning rate: 2.00e-4
[40/1120]	[L1: 0.0270]	2.5+0.0s
[80/1120]	[L1: 0.0294]	2.5+0.0s
[120/1120]	[L1: 0.0288]	2.5+0.0s
[160/1120]	[L1: 0.0288]	2.5+0.0s
[200/1120]	[L1: 0.0288]	2.6+0.0s
[240/1120]	[L1: 0.0297]	2.7+0.0s
[280/1120]	[L1: 0.0301]	2.6+0.0s
[320/1120]	[L1: 0.0301]	2.6+0.0s
[360/1120]	[L1: 0.0304]	2.5+0.0s
[400/1120]	[L1: 0.0308]	2.6+0.0s
[440/1120]	[L1: 0.0311]	2.6+0.0s
[480/1120]	[L1: 0.0310]	2.6+0.0s
[520/1120]	[L1: 0.0307]	2.5+0.0s
[560/1120]	[L1: 0.0308]	2.6+0.0s
[600/1120]	[L1: 0.0310]	2.6+0.0s
[640/1120]	[L1: 0.0313]	2.5+0.0s
[680/1120]	[L1: 0.0312]	2.6+0.0s
[720/1120]	[L1: 0.0311]	2.5+0.0s
[760/1120]	[L1: 0.0309]	2.5+0.0s
[800/1120]	[L1: 0.0307]	2.6+0.0s
[840/1120]	[L1: 0.0308]	2.5+0.0s
[880/1120]	[L1: 0.0310]	2.5+0.0s
[920/1120]	[L1: 0.0309]	2.6+0.0s
[960/1120]	[L1: 0.0309]	2.6+0.0s
[1000/1120]	[L1: 0.0308]	2.6+0.0s
[1040/1120]	[L1: 0.0310]	2.6+0.0s
[1080/1120]	[L1: 0.0311]	2.8+0.0s
[1120/1120]	[L1: 0.0311]	3.1+0.0s

Evaluation:
[RSSCN7 x4]	psnr: 27.719 (Best: 27.765 @epoch 135)
Total time: 70.00s

[Epoch 139]	Learning rate: 2.00e-4
[40/1120]	[L1: 0.0299]	2.8+0.0s
[80/1120]	[L1: 0.0291]	2.7+0.0s
[120/1120]	[L1: 0.0298]	2.7+0.0s
[160/1120]	[L1: 0.0305]	2.7+0.0s
[200/1120]	[L1: 0.0305]	2.6+0.0s
[240/1120]	[L1: 0.0313]	2.6+0.0s
[280/1120]	[L1: 0.0311]	2.5+0.0s
[320/1120]	[L1: 0.0310]	2.5+0.0s
[360/1120]	[L1: 0.0307]	2.6+0.0s
[400/1120]	[L1: 0.0307]	2.5+0.0s
[440/1120]	[L1: 0.0307]	2.6+0.0s
[480/1120]	[L1: 0.0307]	2.6+0.0s
[520/1120]	[L1: 0.0305]	2.6+0.0s
[560/1120]	[L1: 0.0305]	2.6+0.0s
[600/1120]	[L1: 0.0305]	2.6+0.0s
[640/1120]	[L1: 0.0304]	2.6+0.0s
[680/1120]	[L1: 0.0304]	2.6+0.0s
[720/1120]	[L1: 0.0307]	2.6+0.0s
[760/1120]	[L1: 0.0307]	2.6+0.0s
[800/1120]	[L1: 0.0305]	2.6+0.0s
[840/1120]	[L1: 0.0305]	2.6+0.0s
[880/1120]	[L1: 0.0305]	2.6+0.0s
[920/1120]	[L1: 0.0307]	2.6+0.0s
[960/1120]	[L1: 0.0307]	2.6+0.0s
[1000/1120]	[L1: 0.0308]	2.6+0.0s
[1040/1120]	[L1: 0.0308]	2.6+0.0s
[1080/1120]	[L1: 0.0308]	2.6+0.0s
[1120/1120]	[L1: 0.0311]	2.5+0.0s

Evaluation:
[RSSCN7 x4]	psnr: 27.759 (Best: 27.765 @epoch 135)
Total time: 54.34s

[Epoch 140]	Learning rate: 2.00e-4
[40/1120]	[L1: 0.0347]	3.4+0.1s
[80/1120]	[L1: 0.0320]	3.3+0.0s
[120/1120]	[L1: 0.0309]	3.1+0.0s
[160/1120]	[L1: 0.0309]	2.7+0.0s
[200/1120]	[L1: 0.0318]	2.8+0.0s
[240/1120]	[L1: 0.0319]	2.8+0.0s
[280/1120]	[L1: 0.0315]	2.6+0.0s
[320/1120]	[L1: 0.0315]	2.8+0.0s
[360/1120]	[L1: 0.0316]	2.5+0.0s
[400/1120]	[L1: 0.0309]	2.5+0.0s
[440/1120]	[L1: 0.0308]	2.5+0.0s
[480/1120]	[L1: 0.0309]	2.5+0.0s
[520/1120]	[L1: 0.0306]	2.6+0.0s
[560/1120]	[L1: 0.0306]	2.6+0.0s
[600/1120]	[L1: 0.0308]	2.5+0.0s
[640/1120]	[L1: 0.0307]	2.5+0.0s
[680/1120]	[L1: 0.0307]	2.5+0.0s
[720/1120]	[L1: 0.0309]	2.5+0.0s
[760/1120]	[L1: 0.0310]	2.6+0.0s
[800/1120]	[L1: 0.0310]	2.6+0.0s
[840/1120]	[L1: 0.0311]	2.6+0.0s
[880/1120]	[L1: 0.0313]	2.6+0.0s
[920/1120]	[L1: 0.0314]	2.5+0.0s
[960/1120]	[L1: 0.0310]	2.6+0.0s
[1000/1120]	[L1: 0.0309]	2.5+0.0s
[1040/1120]	[L1: 0.0309]	2.6+0.0s
[1080/1120]	[L1: 0.0311]	2.6+0.0s
[1120/1120]	[L1: 0.0311]	2.5+0.0s

Evaluation:
[RSSCN7 x4]	psnr: 27.763 (Best: 27.765 @epoch 135)
Total time: 27.44s

[Epoch 141]	Learning rate: 2.00e-4
[40/1120]	[L1: 0.0308]	3.2+0.0s
[80/1120]	[L1: 0.0313]	3.3+0.0s
[120/1120]	[L1: 0.0316]	3.1+0.0s
[160/1120]	[L1: 0.0310]	2.8+0.0s
[200/1120]	[L1: 0.0301]	2.9+0.0s
[240/1120]	[L1: 0.0309]	3.0+0.0s
[280/1120]	[L1: 0.0302]	3.1+0.0s
[320/1120]	[L1: 0.0303]	2.8+0.0s
[360/1120]	[L1: 0.0303]	2.6+0.0s
[400/1120]	[L1: 0.0304]	2.9+0.0s
[440/1120]	[L1: 0.0304]	3.1+0.0s
[480/1120]	[L1: 0.0305]	3.2+0.0s
[520/1120]	[L1: 0.0305]	2.9+0.0s
[560/1120]	[L1: 0.0306]	2.9+0.0s
[600/1120]	[L1: 0.0305]	2.7+0.0s
[640/1120]	[L1: 0.0304]	2.8+0.0s
[680/1120]	[L1: 0.0305]	2.8+0.0s
[720/1120]	[L1: 0.0304]	2.8+0.0s
[760/1120]	[L1: 0.0303]	2.7+0.0s
[800/1120]	[L1: 0.0304]	2.5+0.0s
[840/1120]	[L1: 0.0305]	2.5+0.0s
[880/1120]	[L1: 0.0306]	2.6+0.0s
[920/1120]	[L1: 0.0307]	2.6+0.0s
[960/1120]	[L1: 0.0306]	2.6+0.0s
[1000/1120]	[L1: 0.0306]	2.6+0.0s
[1040/1120]	[L1: 0.0306]	2.5+0.0s
[1080/1120]	[L1: 0.0307]	2.5+0.0s
[1120/1120]	[L1: 0.0309]	2.5+0.0s

Evaluation:
[RSSCN7 x4]	psnr: 27.640 (Best: 27.765 @epoch 135)
Total time: 26.01s

[Epoch 142]	Learning rate: 2.00e-4
[40/1120]	[L1: 0.0321]	2.6+0.0s
[80/1120]	[L1: 0.0322]	2.5+0.0s
[120/1120]	[L1: 0.0320]	2.5+0.0s
[160/1120]	[L1: 0.0322]	2.5+0.0s
[200/1120]	[L1: 0.0321]	2.6+0.0s
[240/1120]	[L1: 0.0319]	2.7+0.0s
[280/1120]	[L1: 0.0316]	2.8+0.0s
[320/1120]	[L1: 0.0316]	2.8+0.0s
[360/1120]	[L1: 0.0316]	2.8+0.0s
[400/1120]	[L1: 0.0316]	2.8+0.0s
[440/1120]	[L1: 0.0313]	3.0+0.1s
[480/1120]	[L1: 0.0313]	3.1+0.0s
[520/1120]	[L1: 0.0313]	3.0+0.0s
[560/1120]	[L1: 0.0313]	3.0+0.0s
[600/1120]	[L1: 0.0313]	3.2+0.0s
[640/1120]	[L1: 0.0312]	3.2+0.0s
[680/1120]	[L1: 0.0313]	3.1+0.0s
[720/1120]	[L1: 0.0312]	3.2+0.0s
[760/1120]	[L1: 0.0313]	3.2+0.0s
[800/1120]	[L1: 0.0313]	3.0+0.0s
[840/1120]	[L1: 0.0313]	2.8+0.0s
[880/1120]	[L1: 0.0311]	2.9+0.0s
[920/1120]	[L1: 0.0313]	2.6+0.0s
[960/1120]	[L1: 0.0312]	2.6+0.0s
[1000/1120]	[L1: 0.0312]	2.6+0.0s
[1040/1120]	[L1: 0.0313]	2.6+0.0s
[1080/1120]	[L1: 0.0311]	2.7+0.0s
[1120/1120]	[L1: 0.0311]	2.6+0.0s

Evaluation:
[RSSCN7 x4]	psnr: 27.771 (Best: 27.771 @epoch 142)
Total time: 26.16s

[Epoch 143]	Learning rate: 2.00e-4
[40/1120]	[L1: 0.0330]	2.6+0.1s
[80/1120]	[L1: 0.0321]	2.6+0.0s
[120/1120]	[L1: 0.0327]	2.6+0.0s
[160/1120]	[L1: 0.0321]	2.5+0.0s
[200/1120]	[L1: 0.0313]	2.6+0.0s
[240/1120]	[L1: 0.0308]	2.6+0.0s
[280/1120]	[L1: 0.0325]	2.6+0.0s
[320/1120]	[L1: 0.0320]	2.6+0.0s
[360/1120]	[L1: 0.0320]	2.5+0.0s
[400/1120]	[L1: 0.0316]	2.6+0.0s
[440/1120]	[L1: 0.0311]	2.6+0.0s
[480/1120]	[L1: 0.0313]	2.7+0.0s
[520/1120]	[L1: 0.0315]	2.8+0.0s
[560/1120]	[L1: 0.0318]	2.8+0.0s
[600/1120]	[L1: 0.0315]	2.9+0.0s
[640/1120]	[L1: 0.0315]	3.1+0.0s
[680/1120]	[L1: 0.0318]	2.9+0.0s
[720/1120]	[L1: 0.0316]	2.8+0.0s
[760/1120]	[L1: 0.0315]	2.9+0.0s
[800/1120]	[L1: 0.0313]	2.7+0.0s
[840/1120]	[L1: 0.0313]	2.9+0.0s
[880/1120]	[L1: 0.0312]	2.8+0.0s
[920/1120]	[L1: 0.0312]	2.7+0.0s
[960/1120]	[L1: 0.0312]	2.8+0.0s
[1000/1120]	[L1: 0.0312]	2.8+0.0s
[1040/1120]	[L1: 0.0312]	2.8+0.0s
[1080/1120]	[L1: 0.0311]	2.6+0.0s
[1120/1120]	[L1: 0.0311]	2.6+0.0s

Evaluation:
[RSSCN7 x4]	psnr: 27.772 (Best: 27.772 @epoch 143)
Total time: 27.57s

[Epoch 144]	Learning rate: 2.00e-4
[40/1120]	[L1: 0.0298]	2.7+0.0s
[80/1120]	[L1: 0.0304]	2.7+0.0s
[120/1120]	[L1: 0.0314]	2.6+0.0s
[160/1120]	[L1: 0.0322]	2.5+0.0s
[200/1120]	[L1: 0.0323]	2.6+0.0s
[240/1120]	[L1: 0.0327]	2.5+0.0s
[280/1120]	[L1: 0.0330]	2.6+0.0s
[320/1120]	[L1: 0.0330]	2.5+0.0s
[360/1120]	[L1: 0.0324]	2.5+0.0s
[400/1120]	[L1: 0.0324]	2.5+0.0s
[440/1120]	[L1: 0.0323]	2.6+0.0s
[480/1120]	[L1: 0.0320]	2.6+0.0s
[520/1120]	[L1: 0.0315]	2.5+0.0s
[560/1120]	[L1: 0.0317]	2.5+0.0s
[600/1120]	[L1: 0.0315]	2.5+0.0s
[640/1120]	[L1: 0.0314]	2.6+0.0s
[680/1120]	[L1: 0.0314]	2.5+0.0s
[720/1120]	[L1: 0.0313]	2.6+0.0s
[760/1120]	[L1: 0.0313]	2.6+0.0s
[800/1120]	[L1: 0.0313]	2.7+0.0s
[840/1120]	[L1: 0.0311]	2.7+0.0s
[880/1120]	[L1: 0.0311]	2.7+0.0s
[920/1120]	[L1: 0.0312]	2.8+0.0s
[960/1120]	[L1: 0.0309]	2.7+0.0s
[1000/1120]	[L1: 0.0310]	2.8+0.0s
[1040/1120]	[L1: 0.0310]	2.8+0.0s
[1080/1120]	[L1: 0.0311]	2.7+0.0s
[1120/1120]	[L1: 0.0310]	2.8+0.0s

Evaluation:
[RSSCN7 x4]	psnr: 27.745 (Best: 27.772 @epoch 143)
Total time: 41.90s

[Epoch 145]	Learning rate: 2.00e-4
[40/1120]	[L1: 0.0342]	2.6+0.0s
[80/1120]	[L1: 0.0345]	2.5+0.0s
[120/1120]	[L1: 0.0333]	2.6+0.0s
[160/1120]	[L1: 0.0331]	2.6+0.0s
[200/1120]	[L1: 0.0319]	2.5+0.0s
[240/1120]	[L1: 0.0316]	2.6+0.0s
[280/1120]	[L1: 0.0318]	2.7+0.0s
[320/1120]	[L1: 0.0316]	2.6+0.0s
[360/1120]	[L1: 0.0309]	2.5+0.0s
[400/1120]	[L1: 0.0308]	2.6+0.0s
[440/1120]	[L1: 0.0308]	2.6+0.0s
[480/1120]	[L1: 0.0310]	2.6+0.0s
[520/1120]	[L1: 0.0308]	2.6+0.0s
[560/1120]	[L1: 0.0307]	2.6+0.0s
[600/1120]	[L1: 0.0308]	2.7+0.0s
[640/1120]	[L1: 0.0308]	2.6+0.0s
[680/1120]	[L1: 0.0308]	2.6+0.0s
[720/1120]	[L1: 0.0309]	2.6+0.0s
[760/1120]	[L1: 0.0310]	2.6+0.0s
[800/1120]	[L1: 0.0311]	2.6+0.0s
[840/1120]	[L1: 0.0309]	2.6+0.0s
[880/1120]	[L1: 0.0308]	2.6+0.0s
[920/1120]	[L1: 0.0308]	2.6+0.0s
[960/1120]	[L1: 0.0309]	2.6+0.0s
[1000/1120]	[L1: 0.0308]	2.8+0.0s
[1040/1120]	[L1: 0.0307]	3.2+0.0s
[1080/1120]	[L1: 0.0308]	3.0+0.0s
[1120/1120]	[L1: 0.0308]	2.8+0.0s

Evaluation:
[RSSCN7 x4]	psnr: 27.760 (Best: 27.772 @epoch 143)
Total time: 64.50s

[Epoch 146]	Learning rate: 2.00e-4
[40/1120]	[L1: 0.0338]	2.9+0.0s
[80/1120]	[L1: 0.0325]	3.0+0.0s
[120/1120]	[L1: 0.0317]	2.6+0.0s
[160/1120]	[L1: 0.0302]	2.5+0.0s
[200/1120]	[L1: 0.0314]	2.5+0.0s
[240/1120]	[L1: 0.0319]	2.5+0.0s
[280/1120]	[L1: 0.0324]	2.6+0.0s
[320/1120]	[L1: 0.0319]	2.7+0.0s
[360/1120]	[L1: 0.0313]	2.7+0.0s
[400/1120]	[L1: 0.0313]	2.6+0.0s
[440/1120]	[L1: 0.0317]	2.5+0.0s
[480/1120]	[L1: 0.0313]	2.5+0.0s
[520/1120]	[L1: 0.0313]	2.6+0.0s
[560/1120]	[L1: 0.0312]	2.5+0.0s
[600/1120]	[L1: 0.0310]	2.5+0.0s
[640/1120]	[L1: 0.0310]	2.5+0.0s
[680/1120]	[L1: 0.0311]	2.5+0.0s
[720/1120]	[L1: 0.0311]	2.6+0.0s
[760/1120]	[L1: 0.0311]	2.5+0.0s
[800/1120]	[L1: 0.0312]	2.6+0.0s
[840/1120]	[L1: 0.0311]	2.5+0.0s
[880/1120]	[L1: 0.0312]	2.6+0.0s
[920/1120]	[L1: 0.0309]	2.6+0.0s
[960/1120]	[L1: 0.0308]	2.6+0.0s
[1000/1120]	[L1: 0.0309]	2.6+0.0s
[1040/1120]	[L1: 0.0311]	2.5+0.0s
[1080/1120]	[L1: 0.0311]	2.5+0.0s
[1120/1120]	[L1: 0.0310]	2.6+0.0s

Evaluation:
[RSSCN7 x4]	psnr: 27.767 (Best: 27.772 @epoch 143)
Total time: 54.98s

[Epoch 147]	Learning rate: 2.00e-4
[40/1120]	[L1: 0.0295]	3.0+0.0s
[80/1120]	[L1: 0.0284]	3.0+0.0s
[120/1120]	[L1: 0.0303]	2.7+0.0s
[160/1120]	[L1: 0.0300]	2.8+0.0s
[200/1120]	[L1: 0.0307]	2.7+0.0s
[240/1120]	[L1: 0.0311]	2.8+0.0s
[280/1120]	[L1: 0.0309]	2.6+0.0s
[320/1120]	[L1: 0.0305]	2.6+0.0s
[360/1120]	[L1: 0.0308]	2.6+0.0s
[400/1120]	[L1: 0.0312]	2.6+0.0s
[440/1120]	[L1: 0.0308]	2.7+0.0s
[480/1120]	[L1: 0.0308]	2.6+0.0s
[520/1120]	[L1: 0.0308]	2.6+0.0s
[560/1120]	[L1: 0.0307]	2.6+0.0s
[600/1120]	[L1: 0.0307]	2.6+0.0s
[640/1120]	[L1: 0.0308]	2.6+0.0s
[680/1120]	[L1: 0.0308]	2.6+0.0s
[720/1120]	[L1: 0.0306]	2.7+0.0s
[760/1120]	[L1: 0.0306]	2.6+0.0s
[800/1120]	[L1: 0.0307]	2.6+0.0s
[840/1120]	[L1: 0.0306]	2.6+0.0s
[880/1120]	[L1: 0.0306]	2.6+0.0s
[920/1120]	[L1: 0.0309]	2.7+0.0s
[960/1120]	[L1: 0.0309]	2.6+0.0s
[1000/1120]	[L1: 0.0308]	2.6+0.0s
[1040/1120]	[L1: 0.0309]	2.6+0.0s
[1080/1120]	[L1: 0.0308]	2.6+0.0s
[1120/1120]	[L1: 0.0309]	2.6+0.0s

Evaluation:
[RSSCN7 x4]	psnr: 27.740 (Best: 27.772 @epoch 143)
Total time: 36.31s

[Epoch 148]	Learning rate: 2.00e-4
[40/1120]	[L1: 0.0323]	2.9+0.0s
[80/1120]	[L1: 0.0313]	2.9+0.0s
[120/1120]	[L1: 0.0304]	2.8+0.0s
[160/1120]	[L1: 0.0305]	2.8+0.0s
[200/1120]	[L1: 0.0302]	3.0+0.0s
[240/1120]	[L1: 0.0303]	3.0+0.0s
[280/1120]	[L1: 0.0307]	3.0+0.0s
[320/1120]	[L1: 0.0303]	2.7+0.0s
[360/1120]	[L1: 0.0306]	2.7+0.0s
[400/1120]	[L1: 0.0307]	2.8+0.0s
[440/1120]	[L1: 0.0306]	2.7+0.0s
[480/1120]	[L1: 0.0305]	2.7+0.0s
[520/1120]	[L1: 0.0302]	2.6+0.0s
[560/1120]	[L1: 0.0303]	2.5+0.0s
[600/1120]	[L1: 0.0302]	2.5+0.0s
[640/1120]	[L1: 0.0304]	2.7+0.0s
[680/1120]	[L1: 0.0305]	2.8+0.0s
[720/1120]	[L1: 0.0306]	2.5+0.0s
[760/1120]	[L1: 0.0307]	2.6+0.0s
[800/1120]	[L1: 0.0308]	2.6+0.0s
[840/1120]	[L1: 0.0309]	2.6+0.0s
[880/1120]	[L1: 0.0310]	2.7+0.0s
[920/1120]	[L1: 0.0308]	2.7+0.0s
[960/1120]	[L1: 0.0306]	2.6+0.0s
[1000/1120]	[L1: 0.0307]	2.6+0.0s
[1040/1120]	[L1: 0.0310]	2.6+0.0s
[1080/1120]	[L1: 0.0309]	2.6+0.0s
[1120/1120]	[L1: 0.0310]	2.7+0.0s

Evaluation:
[RSSCN7 x4]	psnr: 27.752 (Best: 27.772 @epoch 143)
Total time: 25.86s

[Epoch 149]	Learning rate: 2.00e-4
[40/1120]	[L1: 0.0307]	2.5+0.0s
[80/1120]	[L1: 0.0300]	2.5+0.0s
[120/1120]	[L1: 0.0298]	2.6+0.0s
[160/1120]	[L1: 0.0319]	2.5+0.0s
[200/1120]	[L1: 0.0321]	2.8+0.0s
[240/1120]	[L1: 0.0321]	2.6+0.0s
[280/1120]	[L1: 0.0324]	2.7+0.0s
[320/1120]	[L1: 0.0325]	2.9+0.0s
[360/1120]	[L1: 0.0320]	3.0+0.0s
[400/1120]	[L1: 0.0318]	2.8+0.0s
[440/1120]	[L1: 0.0318]	2.7+0.0s
[480/1120]	[L1: 0.0321]	2.8+0.0s
[520/1120]	[L1: 0.0322]	2.6+0.0s
[560/1120]	[L1: 0.0320]	2.8+0.0s
[600/1120]	[L1: 0.0318]	2.7+0.0s
[640/1120]	[L1: 0.0315]	2.7+0.0s
[680/1120]	[L1: 0.0312]	2.8+0.0s
[720/1120]	[L1: 0.0311]	2.7+0.0s
[760/1120]	[L1: 0.0310]	2.6+0.0s
[800/1120]	[L1: 0.0309]	2.6+0.0s
[840/1120]	[L1: 0.0307]	2.6+0.0s
[880/1120]	[L1: 0.0309]	2.6+0.0s
[920/1120]	[L1: 0.0309]	2.6+0.0s
[960/1120]	[L1: 0.0308]	2.6+0.0s
[1000/1120]	[L1: 0.0309]	2.6+0.0s
[1040/1120]	[L1: 0.0310]	2.6+0.0s
[1080/1120]	[L1: 0.0310]	2.5+0.0s
[1120/1120]	[L1: 0.0311]	2.5+0.0s

Evaluation:
[RSSCN7 x4]	psnr: 27.736 (Best: 27.772 @epoch 143)
Total time: 24.22s

[Epoch 150]	Learning rate: 2.00e-4
[40/1120]	[L1: 0.0302]	2.7+0.1s
[80/1120]	[L1: 0.0316]	2.6+0.0s
[120/1120]	[L1: 0.0319]	2.5+0.0s
[160/1120]	[L1: 0.0310]	2.6+0.0s
[200/1120]	[L1: 0.0308]	2.5+0.0s
[240/1120]	[L1: 0.0307]	2.6+0.0s
[280/1120]	[L1: 0.0308]	2.6+0.0s
[320/1120]	[L1: 0.0311]	2.6+0.0s
[360/1120]	[L1: 0.0309]	2.7+0.0s
[400/1120]	[L1: 0.0313]	2.6+0.0s
[440/1120]	[L1: 0.0310]	2.6+0.0s
[480/1120]	[L1: 0.0310]	2.9+0.0s
[520/1120]	[L1: 0.0309]	3.0+0.0s
[560/1120]	[L1: 0.0310]	2.8+0.0s
[600/1120]	[L1: 0.0309]	2.8+0.0s
[640/1120]	[L1: 0.0312]	3.0+0.0s
[680/1120]	[L1: 0.0312]	3.1+0.0s
[720/1120]	[L1: 0.0314]	3.1+0.0s
[760/1120]	[L1: 0.0313]	2.9+0.0s
[800/1120]	[L1: 0.0311]	2.8+0.0s
[840/1120]	[L1: 0.0311]	2.8+0.0s
[880/1120]	[L1: 0.0312]	2.9+0.0s
[920/1120]	[L1: 0.0311]	3.2+0.0s
[960/1120]	[L1: 0.0310]	3.1+0.0s
[1000/1120]	[L1: 0.0311]	3.0+0.0s
[1040/1120]	[L1: 0.0311]	2.8+0.0s
[1080/1120]	[L1: 0.0310]	2.6+0.0s
[1120/1120]	[L1: 0.0309]	2.6+0.0s

Evaluation:
[RSSCN7 x4]	psnr: 27.760 (Best: 27.772 @epoch 143)
Total time: 25.97s

[Epoch 151]	Learning rate: 2.00e-4
[40/1120]	[L1: 0.0310]	2.5+0.1s
[80/1120]	[L1: 0.0309]	2.5+0.0s
[120/1120]	[L1: 0.0309]	2.5+0.0s
[160/1120]	[L1: 0.0319]	2.6+0.0s
[200/1120]	[L1: 0.0317]	2.5+0.0s
[240/1120]	[L1: 0.0316]	2.5+0.0s
[280/1120]	[L1: 0.0313]	2.5+0.0s
[320/1120]	[L1: 0.0315]	2.5+0.0s
[360/1120]	[L1: 0.0313]	2.5+0.0s
[400/1120]	[L1: 0.0313]	2.6+0.0s
[440/1120]	[L1: 0.0315]	2.3+0.0s
[480/1120]	[L1: 0.0316]	2.6+0.0s
[520/1120]	[L1: 0.0317]	2.6+0.0s
[560/1120]	[L1: 0.0320]	2.6+0.0s
[600/1120]	[L1: 0.0319]	2.6+0.0s
[640/1120]	[L1: 0.0317]	2.6+0.0s
[680/1120]	[L1: 0.0315]	2.6+0.0s
[720/1120]	[L1: 0.0312]	2.8+0.0s
[760/1120]	[L1: 0.0310]	2.9+0.0s
[800/1120]	[L1: 0.0311]	2.9+0.0s
[840/1120]	[L1: 0.0309]	3.0+0.0s
[880/1120]	[L1: 0.0310]	2.8+0.0s
[920/1120]	[L1: 0.0310]	3.1+0.0s
[960/1120]	[L1: 0.0309]	3.5+0.1s
[1000/1120]	[L1: 0.0310]	3.7+0.0s
[1040/1120]	[L1: 0.0308]	3.7+0.0s
[1080/1120]	[L1: 0.0309]	2.7+0.0s
[1120/1120]	[L1: 0.0309]	2.8+0.0s

Evaluation:
[RSSCN7 x4]	psnr: 27.706 (Best: 27.772 @epoch 143)
Total time: 40.03s

[Epoch 152]	Learning rate: 2.00e-4
[40/1120]	[L1: 0.0306]	2.6+0.0s
[80/1120]	[L1: 0.0292]	2.7+0.0s
[120/1120]	[L1: 0.0297]	2.5+0.0s
[160/1120]	[L1: 0.0304]	2.5+0.0s
[200/1120]	[L1: 0.0306]	2.5+0.0s
[240/1120]	[L1: 0.0310]	2.6+0.0s
[280/1120]	[L1: 0.0310]	2.6+0.0s
[320/1120]	[L1: 0.0315]	2.5+0.0s
[360/1120]	[L1: 0.0317]	2.5+0.0s
[400/1120]	[L1: 0.0313]	2.5+0.0s
[440/1120]	[L1: 0.0313]	2.5+0.0s
[480/1120]	[L1: 0.0316]	2.5+0.0s
[520/1120]	[L1: 0.0316]	2.6+0.0s
[560/1120]	[L1: 0.0313]	2.5+0.0s
[600/1120]	[L1: 0.0315]	2.5+0.0s
[640/1120]	[L1: 0.0311]	2.6+0.0s
[680/1120]	[L1: 0.0309]	2.5+0.0s
[720/1120]	[L1: 0.0309]	2.6+0.0s
[760/1120]	[L1: 0.0309]	2.5+0.0s
[800/1120]	[L1: 0.0308]	2.5+0.0s
[840/1120]	[L1: 0.0308]	2.5+0.0s
[880/1120]	[L1: 0.0309]	2.5+0.0s
[920/1120]	[L1: 0.0309]	2.5+0.0s
[960/1120]	[L1: 0.0310]	2.9+0.0s
[1000/1120]	[L1: 0.0311]	2.8+0.0s
[1040/1120]	[L1: 0.0310]	2.7+0.0s
[1080/1120]	[L1: 0.0311]	2.8+0.0s
[1120/1120]	[L1: 0.0311]	2.7+0.0s

Evaluation:
[RSSCN7 x4]	psnr: 27.774 (Best: 27.774 @epoch 152)
Total time: 67.59s

[Epoch 153]	Learning rate: 2.00e-4
[40/1120]	[L1: 0.0336]	2.9+0.0s
[80/1120]	[L1: 0.0321]	2.5+0.0s
[120/1120]	[L1: 0.0319]	2.6+0.0s
[160/1120]	[L1: 0.0321]	2.6+0.0s
[200/1120]	[L1: 0.0313]	2.7+0.0s
[240/1120]	[L1: 0.0310]	2.6+0.0s
[280/1120]	[L1: 0.0309]	2.6+0.0s
[320/1120]	[L1: 0.0309]	2.6+0.0s
[360/1120]	[L1: 0.0306]	2.6+0.0s
[400/1120]	[L1: 0.0306]	2.6+0.0s
[440/1120]	[L1: 0.0307]	2.6+0.0s
[480/1120]	[L1: 0.0308]	2.6+0.0s
[520/1120]	[L1: 0.0307]	2.6+0.0s
[560/1120]	[L1: 0.0307]	2.6+0.0s
[600/1120]	[L1: 0.0308]	2.6+0.0s
[640/1120]	[L1: 0.0309]	2.6+0.0s
[680/1120]	[L1: 0.0307]	2.6+0.0s
[720/1120]	[L1: 0.0306]	2.6+0.0s
[760/1120]	[L1: 0.0306]	2.6+0.0s
[800/1120]	[L1: 0.0307]	2.5+0.0s
[840/1120]	[L1: 0.0308]	2.6+0.0s
[880/1120]	[L1: 0.0308]	2.6+0.0s
[920/1120]	[L1: 0.0309]	2.6+0.0s
[960/1120]	[L1: 0.0311]	2.6+0.0s
[1000/1120]	[L1: 0.0310]	2.6+0.0s
[1040/1120]	[L1: 0.0310]	2.6+0.0s
[1080/1120]	[L1: 0.0310]	2.6+0.0s
[1120/1120]	[L1: 0.0309]	2.5+0.0s

Evaluation:
[RSSCN7 x4]	psnr: 27.773 (Best: 27.774 @epoch 152)
Total time: 64.79s

[Epoch 154]	Learning rate: 2.00e-4
[40/1120]	[L1: 0.0365]	3.2+0.1s
[80/1120]	[L1: 0.0327]	3.1+0.0s
[120/1120]	[L1: 0.0329]	3.2+0.0s
[160/1120]	[L1: 0.0331]	3.0+0.0s
[200/1120]	[L1: 0.0317]	2.6+0.0s
[240/1120]	[L1: 0.0320]	2.5+0.0s
[280/1120]	[L1: 0.0314]	2.6+0.0s
[320/1120]	[L1: 0.0314]	2.6+0.0s
[360/1120]	[L1: 0.0310]	2.6+0.0s
[400/1120]	[L1: 0.0312]	2.6+0.0s
[440/1120]	[L1: 0.0308]	2.5+0.0s
[480/1120]	[L1: 0.0311]	2.6+0.0s
[520/1120]	[L1: 0.0309]	2.5+0.0s
[560/1120]	[L1: 0.0310]	2.5+0.0s
[600/1120]	[L1: 0.0312]	2.6+0.0s
[640/1120]	[L1: 0.0310]	2.7+0.0s
[680/1120]	[L1: 0.0310]	2.6+0.0s
[720/1120]	[L1: 0.0311]	2.5+0.0s
[760/1120]	[L1: 0.0309]	2.6+0.0s
[800/1120]	[L1: 0.0310]	2.5+0.0s
[840/1120]	[L1: 0.0310]	2.5+0.0s
[880/1120]	[L1: 0.0310]	2.6+0.0s
[920/1120]	[L1: 0.0310]	2.6+0.0s
[960/1120]	[L1: 0.0311]	2.5+0.0s
[1000/1120]	[L1: 0.0310]	2.6+0.0s
[1040/1120]	[L1: 0.0310]	2.6+0.0s
[1080/1120]	[L1: 0.0311]	2.5+0.0s
[1120/1120]	[L1: 0.0310]	2.5+0.0s

Evaluation:
[RSSCN7 x4]	psnr: 27.760 (Best: 27.774 @epoch 152)
Total time: 46.73s

[Epoch 155]	Learning rate: 2.00e-4
[40/1120]	[L1: 0.0297]	3.3+0.1s
[80/1120]	[L1: 0.0296]	2.9+0.0s
[120/1120]	[L1: 0.0300]	2.9+0.0s
[160/1120]	[L1: 0.0297]	2.7+0.0s
[200/1120]	[L1: 0.0302]	2.9+0.0s
[240/1120]	[L1: 0.0305]	2.9+0.0s
[280/1120]	[L1: 0.0310]	3.1+0.0s
[320/1120]	[L1: 0.0311]	2.9+0.0s
[360/1120]	[L1: 0.0314]	2.9+0.0s
[400/1120]	[L1: 0.0313]	2.9+0.0s
[440/1120]	[L1: 0.0312]	2.8+0.0s
[480/1120]	[L1: 0.0312]	2.7+0.0s
[520/1120]	[L1: 0.0307]	2.6+0.0s
[560/1120]	[L1: 0.0303]	2.6+0.0s
[600/1120]	[L1: 0.0303]	2.5+0.0s
[640/1120]	[L1: 0.0301]	2.6+0.0s
[680/1120]	[L1: 0.0305]	2.6+0.0s
[720/1120]	[L1: 0.0308]	2.6+0.0s
[760/1120]	[L1: 0.0307]	2.6+0.0s
[800/1120]	[L1: 0.0310]	2.8+0.0s
[840/1120]	[L1: 0.0309]	2.5+0.0s
[880/1120]	[L1: 0.0308]	2.5+0.0s
[920/1120]	[L1: 0.0308]	2.6+0.0s
[960/1120]	[L1: 0.0308]	2.6+0.0s
[1000/1120]	[L1: 0.0306]	2.6+0.0s
[1040/1120]	[L1: 0.0307]	2.6+0.0s
[1080/1120]	[L1: 0.0308]	2.5+0.0s
[1120/1120]	[L1: 0.0308]	2.5+0.0s

Evaluation:
[RSSCN7 x4]	psnr: 27.751 (Best: 27.774 @epoch 152)
Total time: 26.55s

[Epoch 156]	Learning rate: 2.00e-4
[40/1120]	[L1: 0.0296]	2.6+0.0s
[80/1120]	[L1: 0.0292]	2.8+0.0s
[120/1120]	[L1: 0.0304]	2.7+0.0s
[160/1120]	[L1: 0.0292]	3.0+0.0s
[200/1120]	[L1: 0.0301]	3.1+0.0s
[240/1120]	[L1: 0.0292]	3.3+0.0s
[280/1120]	[L1: 0.0295]	2.9+0.0s
[320/1120]	[L1: 0.0295]	2.6+0.0s
[360/1120]	[L1: 0.0297]	2.7+0.0s
[400/1120]	[L1: 0.0297]	2.8+0.0s
[440/1120]	[L1: 0.0301]	3.0+0.0s
[480/1120]	[L1: 0.0306]	2.8+0.0s
[520/1120]	[L1: 0.0305]	2.8+0.0s
[560/1120]	[L1: 0.0306]	2.9+0.0s
[600/1120]	[L1: 0.0311]	3.0+0.0s
[640/1120]	[L1: 0.0311]	2.8+0.0s
[680/1120]	[L1: 0.0311]	2.9+0.0s
[720/1120]	[L1: 0.0311]	2.8+0.0s
[760/1120]	[L1: 0.0310]	2.8+0.0s
[800/1120]	[L1: 0.0309]	2.6+0.0s
[840/1120]	[L1: 0.0307]	2.6+0.0s
[880/1120]	[L1: 0.0308]	2.6+0.0s
[920/1120]	[L1: 0.0311]	2.6+0.0s
[960/1120]	[L1: 0.0311]	2.6+0.0s
[1000/1120]	[L1: 0.0311]	2.6+0.0s
[1040/1120]	[L1: 0.0311]	2.6+0.0s
[1080/1120]	[L1: 0.0310]	2.5+0.0s
[1120/1120]	[L1: 0.0309]	2.7+0.0s

Evaluation:
[RSSCN7 x4]	psnr: 27.784 (Best: 27.784 @epoch 156)
Total time: 25.70s

[Epoch 157]	Learning rate: 2.00e-4
[40/1120]	[L1: 0.0294]	2.7+0.0s
[80/1120]	[L1: 0.0312]	2.8+0.0s
[120/1120]	[L1: 0.0303]	2.6+0.0s
[160/1120]	[L1: 0.0303]	2.6+0.0s
[200/1120]	[L1: 0.0300]	2.5+0.0s
[240/1120]	[L1: 0.0310]	2.5+0.0s
[280/1120]	[L1: 0.0312]	2.5+0.0s
[320/1120]	[L1: 0.0310]	2.9+0.0s
[360/1120]	[L1: 0.0316]	2.7+0.0s
[400/1120]	[L1: 0.0314]	2.7+0.0s
[440/1120]	[L1: 0.0315]	3.0+0.0s
[480/1120]	[L1: 0.0315]	2.9+0.0s
[520/1120]	[L1: 0.0316]	3.0+0.0s
[560/1120]	[L1: 0.0317]	3.1+0.0s
[600/1120]	[L1: 0.0315]	3.1+0.0s
[640/1120]	[L1: 0.0314]	3.0+0.0s
[680/1120]	[L1: 0.0314]	2.8+0.0s
[720/1120]	[L1: 0.0312]	2.9+0.0s
[760/1120]	[L1: 0.0313]	2.8+0.0s
[800/1120]	[L1: 0.0311]	2.9+0.0s
[840/1120]	[L1: 0.0310]	2.9+0.0s
[880/1120]	[L1: 0.0310]	2.8+0.0s
[920/1120]	[L1: 0.0310]	2.6+0.0s
[960/1120]	[L1: 0.0310]	2.5+0.0s
[1000/1120]	[L1: 0.0310]	2.6+0.0s
[1040/1120]	[L1: 0.0311]	2.7+0.0s
[1080/1120]	[L1: 0.0309]	2.7+0.0s
[1120/1120]	[L1: 0.0309]	2.5+0.0s

Evaluation:
[RSSCN7 x4]	psnr: 27.787 (Best: 27.787 @epoch 157)
Total time: 26.94s

[Epoch 158]	Learning rate: 2.00e-4
[40/1120]	[L1: 0.0322]	2.7+0.1s
[80/1120]	[L1: 0.0323]	2.5+0.0s
[120/1120]	[L1: 0.0309]	2.5+0.0s
[160/1120]	[L1: 0.0316]	2.5+0.0s
[200/1120]	[L1: 0.0315]	2.5+0.0s
[240/1120]	[L1: 0.0311]	2.6+0.0s
[280/1120]	[L1: 0.0311]	2.5+0.0s
[320/1120]	[L1: 0.0315]	2.6+0.0s
[360/1120]	[L1: 0.0316]	2.5+0.0s
[400/1120]	[L1: 0.0315]	2.6+0.0s
[440/1120]	[L1: 0.0318]	2.5+0.0s
[480/1120]	[L1: 0.0319]	2.6+0.0s
[520/1120]	[L1: 0.0317]	2.6+0.0s
[560/1120]	[L1: 0.0314]	2.7+0.0s
[600/1120]	[L1: 0.0313]	2.8+0.0s
[640/1120]	[L1: 0.0311]	2.7+0.0s
[680/1120]	[L1: 0.0311]	3.0+0.0s
[720/1120]	[L1: 0.0311]	2.8+0.0s
[760/1120]	[L1: 0.0309]	2.9+0.0s
[800/1120]	[L1: 0.0306]	2.9+0.0s
[840/1120]	[L1: 0.0307]	2.9+0.0s
[880/1120]	[L1: 0.0311]	2.8+0.0s
[920/1120]	[L1: 0.0310]	2.7+0.0s
[960/1120]	[L1: 0.0310]	2.8+0.0s
[1000/1120]	[L1: 0.0309]	2.7+0.0s
[1040/1120]	[L1: 0.0311]	3.1+0.0s
[1080/1120]	[L1: 0.0311]	2.7+0.0s
[1120/1120]	[L1: 0.0312]	2.7+0.0s

Evaluation:
[RSSCN7 x4]	psnr: 27.769 (Best: 27.787 @epoch 157)
Total time: 27.35s

[Epoch 159]	Learning rate: 2.00e-4
[40/1120]	[L1: 0.0279]	2.6+0.0s
[80/1120]	[L1: 0.0302]	2.6+0.0s
[120/1120]	[L1: 0.0296]	2.6+0.0s
[160/1120]	[L1: 0.0287]	2.6+0.0s
[200/1120]	[L1: 0.0293]	2.8+0.0s
[240/1120]	[L1: 0.0294]	2.7+0.0s
[280/1120]	[L1: 0.0302]	2.9+0.0s
[320/1120]	[L1: 0.0296]	2.7+0.0s
[360/1120]	[L1: 0.0302]	2.7+0.0s
[400/1120]	[L1: 0.0305]	2.8+0.0s
[440/1120]	[L1: 0.0307]	2.7+0.0s
[480/1120]	[L1: 0.0310]	2.6+0.0s
[520/1120]	[L1: 0.0309]	2.6+0.0s
[560/1120]	[L1: 0.0307]	2.6+0.0s
[600/1120]	[L1: 0.0306]	2.6+0.0s
[640/1120]	[L1: 0.0306]	2.7+0.0s
[680/1120]	[L1: 0.0304]	2.6+0.0s
[720/1120]	[L1: 0.0306]	2.6+0.0s
[760/1120]	[L1: 0.0308]	2.6+0.0s
[800/1120]	[L1: 0.0307]	3.0+0.0s
[840/1120]	[L1: 0.0309]	2.9+0.0s
[880/1120]	[L1: 0.0309]	3.2+0.0s
[920/1120]	[L1: 0.0308]	3.0+0.0s
[960/1120]	[L1: 0.0307]	2.8+0.0s
[1000/1120]	[L1: 0.0308]	2.9+0.0s
[1040/1120]	[L1: 0.0309]	2.8+0.0s
[1080/1120]	[L1: 0.0310]	3.1+0.0s
[1120/1120]	[L1: 0.0310]	3.1+0.0s

Evaluation:
[RSSCN7 x4]	psnr: 27.791 (Best: 27.791 @epoch 159)
Total time: 49.97s

[Epoch 160]	Learning rate: 2.00e-4
[40/1120]	[L1: 0.0308]	2.6+0.0s
[80/1120]	[L1: 0.0317]	2.5+0.0s
[120/1120]	[L1: 0.0321]	2.7+0.0s
[160/1120]	[L1: 0.0328]	2.5+0.0s
[200/1120]	[L1: 0.0329]	2.5+0.0s
[240/1120]	[L1: 0.0326]	2.5+0.0s
[280/1120]	[L1: 0.0319]	2.5+0.0s
[320/1120]	[L1: 0.0320]	2.7+0.0s
[360/1120]	[L1: 0.0318]	2.6+0.0s
[400/1120]	[L1: 0.0314]	2.6+0.0s
[440/1120]	[L1: 0.0316]	2.6+0.0s
[480/1120]	[L1: 0.0314]	2.6+0.0s
[520/1120]	[L1: 0.0316]	2.6+0.0s
[560/1120]	[L1: 0.0313]	2.7+0.0s
[600/1120]	[L1: 0.0312]	2.6+0.0s
[640/1120]	[L1: 0.0313]	2.6+0.0s
[680/1120]	[L1: 0.0314]	2.6+0.0s
[720/1120]	[L1: 0.0314]	2.6+0.0s
[760/1120]	[L1: 0.0312]	2.7+0.0s
[800/1120]	[L1: 0.0312]	2.6+0.0s
[840/1120]	[L1: 0.0313]	2.5+0.0s
[880/1120]	[L1: 0.0313]	2.5+0.0s
[920/1120]	[L1: 0.0312]	2.5+0.0s
[960/1120]	[L1: 0.0310]	2.5+0.0s
[1000/1120]	[L1: 0.0310]	2.5+0.0s
[1040/1120]	[L1: 0.0310]	2.8+0.0s
[1080/1120]	[L1: 0.0311]	2.8+0.0s
[1120/1120]	[L1: 0.0309]	2.9+0.0s

Evaluation:
[RSSCN7 x4]	psnr: 27.729 (Best: 27.791 @epoch 159)
Total time: 65.33s

[Epoch 161]	Learning rate: 2.00e-4
[40/1120]	[L1: 0.0308]	4.0+0.1s
[80/1120]	[L1: 0.0300]	3.3+0.0s
[120/1120]	[L1: 0.0300]	2.6+0.0s
[160/1120]	[L1: 0.0295]	2.6+0.0s
[200/1120]	[L1: 0.0292]	2.6+0.0s
[240/1120]	[L1: 0.0293]	2.5+0.0s
[280/1120]	[L1: 0.0300]	2.6+0.0s
[320/1120]	[L1: 0.0300]	2.6+0.0s
[360/1120]	[L1: 0.0301]	2.6+0.0s
[400/1120]	[L1: 0.0304]	2.6+0.0s
[440/1120]	[L1: 0.0307]	2.5+0.0s
[480/1120]	[L1: 0.0309]	2.6+0.0s
[520/1120]	[L1: 0.0309]	2.6+0.0s
[560/1120]	[L1: 0.0308]	2.6+0.0s
[600/1120]	[L1: 0.0305]	2.6+0.0s
[640/1120]	[L1: 0.0306]	2.6+0.0s
[680/1120]	[L1: 0.0306]	2.6+0.0s
[720/1120]	[L1: 0.0305]	2.6+0.0s
[760/1120]	[L1: 0.0304]	2.6+0.0s
[800/1120]	[L1: 0.0305]	2.6+0.0s
[840/1120]	[L1: 0.0303]	2.5+0.0s
[880/1120]	[L1: 0.0304]	2.6+0.0s
[920/1120]	[L1: 0.0304]	2.7+0.0s
[960/1120]	[L1: 0.0307]	2.6+0.0s
[1000/1120]	[L1: 0.0307]	2.6+0.0s
[1040/1120]	[L1: 0.0306]	2.6+0.0s
[1080/1120]	[L1: 0.0307]	2.6+0.0s
[1120/1120]	[L1: 0.0309]	2.6+0.0s

Evaluation:
[RSSCN7 x4]	psnr: 27.769 (Best: 27.791 @epoch 159)
Total time: 51.52s

[Epoch 162]	Learning rate: 2.00e-4
[40/1120]	[L1: 0.0261]	3.3+0.0s
[80/1120]	[L1: 0.0291]	3.0+0.0s
[120/1120]	[L1: 0.0299]	3.1+0.0s
[160/1120]	[L1: 0.0299]	3.2+0.0s
[200/1120]	[L1: 0.0307]	3.2+0.0s
[240/1120]	[L1: 0.0310]	3.1+0.0s
[280/1120]	[L1: 0.0316]	2.7+0.0s
[320/1120]	[L1: 0.0318]	2.8+0.0s
[360/1120]	[L1: 0.0318]	2.8+0.0s
[400/1120]	[L1: 0.0320]	2.6+0.0s
[440/1120]	[L1: 0.0318]	2.7+0.0s
[480/1120]	[L1: 0.0315]	2.5+0.0s
[520/1120]	[L1: 0.0314]	2.5+0.0s
[560/1120]	[L1: 0.0311]	2.6+0.0s
[600/1120]	[L1: 0.0312]	2.6+0.0s
[640/1120]	[L1: 0.0312]	2.7+0.0s
[680/1120]	[L1: 0.0312]	2.6+0.0s
[720/1120]	[L1: 0.0311]	2.6+0.0s
[760/1120]	[L1: 0.0310]	2.5+0.0s
[800/1120]	[L1: 0.0311]	2.6+0.0s
[840/1120]	[L1: 0.0312]	2.6+0.0s
[880/1120]	[L1: 0.0311]	2.7+0.0s
[920/1120]	[L1: 0.0311]	2.6+0.0s
[960/1120]	[L1: 0.0312]	2.6+0.0s
[1000/1120]	[L1: 0.0312]	2.6+0.0s
[1040/1120]	[L1: 0.0310]	2.6+0.0s
[1080/1120]	[L1: 0.0309]	2.7+0.0s
[1120/1120]	[L1: 0.0309]	2.6+0.0s

Evaluation:
[RSSCN7 x4]	psnr: 27.797 (Best: 27.797 @epoch 162)
Total time: 34.47s

[Epoch 163]	Learning rate: 2.00e-4
[40/1120]	[L1: 0.0304]	3.2+0.0s
[80/1120]	[L1: 0.0296]	3.1+0.0s
[120/1120]	[L1: 0.0297]	3.2+0.0s
[160/1120]	[L1: 0.0302]	2.9+0.0s
[200/1120]	[L1: 0.0302]	2.8+0.0s
[240/1120]	[L1: 0.0301]	2.7+0.0s
[280/1120]	[L1: 0.0301]	2.8+0.0s
[320/1120]	[L1: 0.0298]	2.7+0.0s
[360/1120]	[L1: 0.0295]	2.6+0.0s
[400/1120]	[L1: 0.0298]	2.6+0.0s
[440/1120]	[L1: 0.0298]	2.7+0.0s
[480/1120]	[L1: 0.0300]	2.8+0.0s
[520/1120]	[L1: 0.0300]	2.7+0.0s
[560/1120]	[L1: 0.0301]	2.6+0.0s
[600/1120]	[L1: 0.0304]	2.5+0.0s
[640/1120]	[L1: 0.0303]	2.6+0.0s
[680/1120]	[L1: 0.0305]	2.6+0.0s
[720/1120]	[L1: 0.0307]	2.6+0.0s
[760/1120]	[L1: 0.0309]	2.6+0.0s
[800/1120]	[L1: 0.0309]	2.5+0.0s
[840/1120]	[L1: 0.0310]	2.5+0.0s
[880/1120]	[L1: 0.0313]	2.6+0.0s
[920/1120]	[L1: 0.0311]	2.5+0.0s
[960/1120]	[L1: 0.0309]	2.5+0.0s
[1000/1120]	[L1: 0.0309]	2.6+0.0s
[1040/1120]	[L1: 0.0309]	2.6+0.0s
[1080/1120]	[L1: 0.0309]	2.5+0.0s
[1120/1120]	[L1: 0.0309]	2.5+0.0s

Evaluation:
[RSSCN7 x4]	psnr: 27.797 (Best: 27.797 @epoch 163)
Total time: 25.57s

[Epoch 164]	Learning rate: 2.00e-4
[40/1120]	[L1: 0.0320]	2.6+0.0s
[80/1120]	[L1: 0.0307]	2.6+0.0s
[120/1120]	[L1: 0.0318]	2.6+0.0s
[160/1120]	[L1: 0.0313]	2.6+0.0s
[200/1120]	[L1: 0.0323]	2.6+0.0s
[240/1120]	[L1: 0.0313]	2.6+0.0s
[280/1120]	[L1: 0.0316]	3.0+0.0s
[320/1120]	[L1: 0.0315]	3.0+0.0s
[360/1120]	[L1: 0.0317]	2.9+0.0s
[400/1120]	[L1: 0.0314]	3.1+0.0s
[440/1120]	[L1: 0.0316]	3.0+0.0s
[480/1120]	[L1: 0.0316]	3.2+0.0s
[520/1120]	[L1: 0.0318]	3.0+0.0s
[560/1120]	[L1: 0.0316]	3.0+0.0s
[600/1120]	[L1: 0.0314]	3.1+0.0s
[640/1120]	[L1: 0.0315]	3.0+0.0s
[680/1120]	[L1: 0.0314]	3.0+0.0s
[720/1120]	[L1: 0.0313]	3.0+0.0s
[760/1120]	[L1: 0.0312]	2.7+0.0s
[800/1120]	[L1: 0.0312]	2.8+0.0s
[840/1120]	[L1: 0.0314]	2.8+0.0s
[880/1120]	[L1: 0.0314]	2.8+0.0s
[920/1120]	[L1: 0.0312]	2.7+0.0s
[960/1120]	[L1: 0.0309]	2.5+0.0s
[1000/1120]	[L1: 0.0308]	2.6+0.0s
[1040/1120]	[L1: 0.0308]	2.6+0.0s
[1080/1120]	[L1: 0.0308]	2.5+0.0s
[1120/1120]	[L1: 0.0308]	2.7+0.0s

Evaluation:
[RSSCN7 x4]	psnr: 27.776 (Best: 27.797 @epoch 163)
Total time: 25.92s

[Epoch 165]	Learning rate: 2.00e-4
[40/1120]	[L1: 0.0299]	2.8+0.0s
[80/1120]	[L1: 0.0304]	2.6+0.0s
[120/1120]	[L1: 0.0305]	2.6+0.0s
[160/1120]	[L1: 0.0299]	2.6+0.0s
[200/1120]	[L1: 0.0306]	2.6+0.0s
[240/1120]	[L1: 0.0311]	2.6+0.0s
[280/1120]	[L1: 0.0316]	2.6+0.0s
[320/1120]	[L1: 0.0316]	2.5+0.0s
[360/1120]	[L1: 0.0312]	2.5+0.0s
[400/1120]	[L1: 0.0309]	2.8+0.0s
[440/1120]	[L1: 0.0310]	2.7+0.0s
[480/1120]	[L1: 0.0308]	2.8+0.0s
[520/1120]	[L1: 0.0308]	2.7+0.0s
[560/1120]	[L1: 0.0312]	2.8+0.0s
[600/1120]	[L1: 0.0309]	2.8+0.0s
[640/1120]	[L1: 0.0308]	2.7+0.0s
[680/1120]	[L1: 0.0305]	2.9+0.0s
[720/1120]	[L1: 0.0306]	2.9+0.0s
[760/1120]	[L1: 0.0306]	3.0+0.0s
[800/1120]	[L1: 0.0307]	3.1+0.0s
[840/1120]	[L1: 0.0306]	2.9+0.0s
[880/1120]	[L1: 0.0307]	3.0+0.0s
[920/1120]	[L1: 0.0306]	2.9+0.0s
[960/1120]	[L1: 0.0305]	3.0+0.0s
[1000/1120]	[L1: 0.0306]	2.8+0.0s
[1040/1120]	[L1: 0.0306]	2.9+0.0s
[1080/1120]	[L1: 0.0309]	2.6+0.0s
[1120/1120]	[L1: 0.0309]	2.6+0.0s

Evaluation:
[RSSCN7 x4]	psnr: 27.774 (Best: 27.797 @epoch 163)
Total time: 26.47s

[Epoch 166]	Learning rate: 2.00e-4
[40/1120]	[L1: 0.0283]	2.5+0.0s
[80/1120]	[L1: 0.0320]	2.6+0.0s
[120/1120]	[L1: 0.0315]	2.5+0.0s
[160/1120]	[L1: 0.0311]	2.5+0.0s
[200/1120]	[L1: 0.0317]	2.5+0.0s
[240/1120]	[L1: 0.0317]	2.5+0.0s
[280/1120]	[L1: 0.0314]	2.6+0.0s
[320/1120]	[L1: 0.0311]	2.6+0.0s
[360/1120]	[L1: 0.0314]	2.5+0.0s
[400/1120]	[L1: 0.0312]	2.5+0.0s
[440/1120]	[L1: 0.0313]	2.5+0.0s
[480/1120]	[L1: 0.0311]	2.5+0.0s
[520/1120]	[L1: 0.0305]	2.6+0.0s
[560/1120]	[L1: 0.0300]	2.5+0.0s
[600/1120]	[L1: 0.0303]	2.5+0.0s
[640/1120]	[L1: 0.0303]	2.5+0.0s
[680/1120]	[L1: 0.0304]	2.6+0.0s
[720/1120]	[L1: 0.0304]	2.7+0.0s
[760/1120]	[L1: 0.0305]	2.8+0.0s
[800/1120]	[L1: 0.0308]	2.8+0.0s
[840/1120]	[L1: 0.0308]	2.8+0.0s
[880/1120]	[L1: 0.0307]	2.8+0.0s
[920/1120]	[L1: 0.0310]	2.7+0.0s
[960/1120]	[L1: 0.0310]	2.8+0.0s
[1000/1120]	[L1: 0.0310]	2.7+0.0s
[1040/1120]	[L1: 0.0311]	2.9+0.0s
[1080/1120]	[L1: 0.0312]	2.8+0.0s
[1120/1120]	[L1: 0.0312]	2.9+0.0s

Evaluation:
[RSSCN7 x4]	psnr: 27.770 (Best: 27.797 @epoch 163)
Total time: 46.03s

[Epoch 167]	Learning rate: 2.00e-4
[40/1120]	[L1: 0.0319]	2.6+0.1s
[80/1120]	[L1: 0.0303]	2.5+0.0s
[120/1120]	[L1: 0.0306]	2.5+0.0s
[160/1120]	[L1: 0.0313]	2.6+0.0s
[200/1120]	[L1: 0.0312]	2.6+0.0s
[240/1120]	[L1: 0.0308]	2.6+0.0s
[280/1120]	[L1: 0.0314]	2.7+0.0s
[320/1120]	[L1: 0.0317]	2.6+0.0s
[360/1120]	[L1: 0.0316]	2.5+0.0s
[400/1120]	[L1: 0.0319]	2.6+0.0s
[440/1120]	[L1: 0.0315]	2.6+0.0s
[480/1120]	[L1: 0.0317]	2.6+0.0s
[520/1120]	[L1: 0.0316]	2.6+0.0s
[560/1120]	[L1: 0.0317]	2.6+0.0s
[600/1120]	[L1: 0.0316]	2.5+0.0s
[640/1120]	[L1: 0.0314]	2.6+0.0s
[680/1120]	[L1: 0.0314]	2.6+0.0s
[720/1120]	[L1: 0.0314]	2.6+0.0s
[760/1120]	[L1: 0.0314]	2.6+0.0s
[800/1120]	[L1: 0.0312]	2.6+0.0s
[840/1120]	[L1: 0.0313]	2.6+0.0s
[880/1120]	[L1: 0.0311]	2.6+0.0s
[920/1120]	[L1: 0.0310]	2.6+0.0s
[960/1120]	[L1: 0.0308]	2.6+0.0s
[1000/1120]	[L1: 0.0309]	2.8+0.0s
[1040/1120]	[L1: 0.0309]	2.6+0.0s
[1080/1120]	[L1: 0.0308]	2.6+0.0s
[1120/1120]	[L1: 0.0309]	2.7+0.0s

Evaluation:
[RSSCN7 x4]	psnr: 27.791 (Best: 27.797 @epoch 163)
Total time: 67.41s

[Epoch 168]	Learning rate: 2.00e-4
[40/1120]	[L1: 0.0353]	2.7+0.1s
[80/1120]	[L1: 0.0320]	2.7+0.0s
[120/1120]	[L1: 0.0326]	2.6+0.0s
[160/1120]	[L1: 0.0323]	2.6+0.0s
[200/1120]	[L1: 0.0311]	2.6+0.0s
[240/1120]	[L1: 0.0312]	2.7+0.0s
[280/1120]	[L1: 0.0308]	2.5+0.0s
[320/1120]	[L1: 0.0306]	2.5+0.0s
[360/1120]	[L1: 0.0313]	2.5+0.0s
[400/1120]	[L1: 0.0313]	2.5+0.0s
[440/1120]	[L1: 0.0313]	2.6+0.0s
[480/1120]	[L1: 0.0314]	2.6+0.0s
[520/1120]	[L1: 0.0313]	2.5+0.0s
[560/1120]	[L1: 0.0314]	2.5+0.0s
[600/1120]	[L1: 0.0312]	2.5+0.0s
[640/1120]	[L1: 0.0312]	2.6+0.0s
[680/1120]	[L1: 0.0313]	2.5+0.0s
[720/1120]	[L1: 0.0312]	2.5+0.0s
[760/1120]	[L1: 0.0311]	2.6+0.0s
[800/1120]	[L1: 0.0310]	2.5+0.0s
[840/1120]	[L1: 0.0310]	2.5+0.0s
[880/1120]	[L1: 0.0310]	2.6+0.0s
[920/1120]	[L1: 0.0310]	2.5+0.0s
[960/1120]	[L1: 0.0310]	2.5+0.0s
[1000/1120]	[L1: 0.0310]	2.5+0.0s
[1040/1120]	[L1: 0.0308]	2.5+0.0s
[1080/1120]	[L1: 0.0308]	2.6+0.0s
[1120/1120]	[L1: 0.0309]	2.5+0.0s

Evaluation:
[RSSCN7 x4]	psnr: 27.801 (Best: 27.801 @epoch 168)
Total time: 72.22s

[Epoch 169]	Learning rate: 2.00e-4
[40/1120]	[L1: 0.0297]	3.4+0.1s
[80/1120]	[L1: 0.0316]	3.2+0.0s
[120/1120]	[L1: 0.0320]	3.2+0.0s
[160/1120]	[L1: 0.0322]	3.0+0.0s
[200/1120]	[L1: 0.0323]	2.9+0.0s
[240/1120]	[L1: 0.0321]	2.8+0.0s
[280/1120]	[L1: 0.0320]	2.8+0.0s
[320/1120]	[L1: 0.0317]	2.6+0.0s
[360/1120]	[L1: 0.0317]	2.7+0.0s
[400/1120]	[L1: 0.0319]	2.6+0.0s
[440/1120]	[L1: 0.0318]	2.6+0.0s
[480/1120]	[L1: 0.0317]	2.6+0.0s
[520/1120]	[L1: 0.0318]	2.6+0.0s
[560/1120]	[L1: 0.0316]	2.5+0.0s
[600/1120]	[L1: 0.0312]	2.6+0.0s
[640/1120]	[L1: 0.0314]	2.6+0.0s
[680/1120]	[L1: 0.0313]	2.6+0.0s
[720/1120]	[L1: 0.0313]	2.6+0.0s
[760/1120]	[L1: 0.0311]	2.6+0.0s
[800/1120]	[L1: 0.0312]	2.6+0.0s
[840/1120]	[L1: 0.0314]	2.6+0.0s
[880/1120]	[L1: 0.0312]	2.6+0.0s
[920/1120]	[L1: 0.0313]	2.6+0.0s
[960/1120]	[L1: 0.0311]	2.7+0.0s
[1000/1120]	[L1: 0.0310]	2.6+0.0s
[1040/1120]	[L1: 0.0308]	2.6+0.0s
[1080/1120]	[L1: 0.0308]	2.6+0.0s
[1120/1120]	[L1: 0.0307]	2.6+0.0s

Evaluation:
[RSSCN7 x4]	psnr: 27.766 (Best: 27.801 @epoch 168)
Total time: 50.38s

[Epoch 170]	Learning rate: 2.00e-4
[40/1120]	[L1: 0.0321]	3.4+0.0s
[80/1120]	[L1: 0.0299]	2.9+0.0s
[120/1120]	[L1: 0.0304]	2.8+0.0s
[160/1120]	[L1: 0.0308]	3.0+0.0s
[200/1120]	[L1: 0.0307]	2.9+0.0s
[240/1120]	[L1: 0.0311]	3.3+0.0s
[280/1120]	[L1: 0.0316]	3.1+0.0s
[320/1120]	[L1: 0.0318]	3.2+0.0s
[360/1120]	[L1: 0.0316]	2.9+0.0s
[400/1120]	[L1: 0.0316]	2.7+0.0s
[440/1120]	[L1: 0.0318]	2.6+0.0s
[480/1120]	[L1: 0.0316]	2.7+0.0s
[520/1120]	[L1: 0.0316]	2.6+0.0s
[560/1120]	[L1: 0.0318]	2.6+0.0s
[600/1120]	[L1: 0.0317]	2.6+0.0s
[640/1120]	[L1: 0.0318]	2.6+0.0s
[680/1120]	[L1: 0.0316]	2.6+0.0s
[720/1120]	[L1: 0.0314]	2.6+0.0s
[760/1120]	[L1: 0.0312]	2.6+0.0s
[800/1120]	[L1: 0.0311]	2.6+0.0s
[840/1120]	[L1: 0.0308]	2.5+0.0s
[880/1120]	[L1: 0.0308]	2.6+0.0s
[920/1120]	[L1: 0.0308]	2.6+0.0s
[960/1120]	[L1: 0.0310]	2.6+0.0s
[1000/1120]	[L1: 0.0309]	2.5+0.0s
[1040/1120]	[L1: 0.0309]	2.6+0.0s
[1080/1120]	[L1: 0.0310]	2.5+0.0s
[1120/1120]	[L1: 0.0310]	2.6+0.0s

Evaluation:
[RSSCN7 x4]	psnr: 27.758 (Best: 27.801 @epoch 168)
Total time: 25.48s

[Epoch 171]	Learning rate: 2.00e-4
[40/1120]	[L1: 0.0352]	2.7+0.0s
[80/1120]	[L1: 0.0332]	2.7+0.0s
[120/1120]	[L1: 0.0328]	2.9+0.0s
[160/1120]	[L1: 0.0320]	3.4+0.0s
[200/1120]	[L1: 0.0318]	3.2+0.0s
[240/1120]	[L1: 0.0315]	3.3+0.0s
[280/1120]	[L1: 0.0312]	3.2+0.0s
[320/1120]	[L1: 0.0312]	3.0+0.0s
[360/1120]	[L1: 0.0313]	3.0+0.0s
[400/1120]	[L1: 0.0317]	2.9+0.0s
[440/1120]	[L1: 0.0317]	2.6+0.0s
[480/1120]	[L1: 0.0314]	2.8+0.0s
[520/1120]	[L1: 0.0314]	3.1+0.1s
[560/1120]	[L1: 0.0313]	3.1+0.0s
[600/1120]	[L1: 0.0313]	3.1+0.0s
[640/1120]	[L1: 0.0314]	2.9+0.0s
[680/1120]	[L1: 0.0313]	2.8+0.0s
[720/1120]	[L1: 0.0314]	2.8+0.0s
[760/1120]	[L1: 0.0312]	2.6+0.0s
[800/1120]	[L1: 0.0312]	2.6+0.0s
[840/1120]	[L1: 0.0313]	2.7+0.0s
[880/1120]	[L1: 0.0313]	2.6+0.0s
[920/1120]	[L1: 0.0312]	2.6+0.0s
[960/1120]	[L1: 0.0311]	2.6+0.0s
[1000/1120]	[L1: 0.0310]	2.6+0.0s
[1040/1120]	[L1: 0.0310]	2.6+0.0s
[1080/1120]	[L1: 0.0310]	2.7+0.0s
[1120/1120]	[L1: 0.0309]	2.6+0.0s

Evaluation:
[RSSCN7 x4]	psnr: 27.781 (Best: 27.801 @epoch 168)
Total time: 25.82s

[Epoch 172]	Learning rate: 2.00e-4
[40/1120]	[L1: 0.0303]	2.6+0.0s
[80/1120]	[L1: 0.0287]	2.6+0.0s
[120/1120]	[L1: 0.0311]	2.5+0.0s
[160/1120]	[L1: 0.0306]	2.5+0.0s
[200/1120]	[L1: 0.0302]	2.6+0.0s
[240/1120]	[L1: 0.0297]	2.5+0.0s
[280/1120]	[L1: 0.0302]	2.9+0.0s
[320/1120]	[L1: 0.0302]	2.9+0.0s
[360/1120]	[L1: 0.0303]	2.8+0.0s
[400/1120]	[L1: 0.0305]	2.6+0.0s
[440/1120]	[L1: 0.0304]	2.6+0.0s
[480/1120]	[L1: 0.0308]	2.7+0.0s
[520/1120]	[L1: 0.0307]	2.7+0.0s
[560/1120]	[L1: 0.0304]	2.7+0.0s
[600/1120]	[L1: 0.0304]	2.8+0.0s
[640/1120]	[L1: 0.0304]	2.7+0.0s
[680/1120]	[L1: 0.0305]	2.6+0.0s
[720/1120]	[L1: 0.0304]	2.9+0.0s
[760/1120]	[L1: 0.0308]	3.0+0.0s
[800/1120]	[L1: 0.0309]	2.7+0.0s
[840/1120]	[L1: 0.0310]	2.6+0.0s
[880/1120]	[L1: 0.0308]	2.6+0.0s
[920/1120]	[L1: 0.0308]	2.7+0.0s
[960/1120]	[L1: 0.0309]	2.8+0.0s
[1000/1120]	[L1: 0.0309]	2.6+0.0s
[1040/1120]	[L1: 0.0309]	2.6+0.0s
[1080/1120]	[L1: 0.0309]	2.6+0.0s
[1120/1120]	[L1: 0.0308]	2.6+0.0s

Evaluation:
[RSSCN7 x4]	psnr: 27.779 (Best: 27.801 @epoch 168)
Total time: 26.41s

[Epoch 173]	Learning rate: 2.00e-4
[40/1120]	[L1: 0.0274]	2.5+0.0s
[80/1120]	[L1: 0.0272]	2.5+0.0s
[120/1120]	[L1: 0.0267]	2.5+0.0s
[160/1120]	[L1: 0.0285]	2.5+0.0s
[200/1120]	[L1: 0.0280]	2.5+0.0s
[240/1120]	[L1: 0.0288]	2.5+0.0s
[280/1120]	[L1: 0.0296]	2.6+0.0s
[320/1120]	[L1: 0.0296]	2.6+0.0s
[360/1120]	[L1: 0.0300]	2.6+0.0s
[400/1120]	[L1: 0.0301]	2.5+0.0s
[440/1120]	[L1: 0.0303]	2.5+0.0s
[480/1120]	[L1: 0.0301]	2.6+0.0s
[520/1120]	[L1: 0.0302]	2.5+0.0s
[560/1120]	[L1: 0.0302]	2.8+0.0s
[600/1120]	[L1: 0.0302]	2.9+0.0s
[640/1120]	[L1: 0.0304]	2.7+0.0s
[680/1120]	[L1: 0.0305]	3.0+0.0s
[720/1120]	[L1: 0.0302]	3.1+0.0s
[760/1120]	[L1: 0.0303]	2.7+0.0s
[800/1120]	[L1: 0.0304]	2.9+0.0s
[840/1120]	[L1: 0.0307]	2.9+0.0s
[880/1120]	[L1: 0.0306]	2.9+0.0s
[920/1120]	[L1: 0.0307]	3.2+0.0s
[960/1120]	[L1: 0.0307]	2.9+0.0s
[1000/1120]	[L1: 0.0308]	2.8+0.0s
[1040/1120]	[L1: 0.0308]	2.6+0.0s
[1080/1120]	[L1: 0.0309]	2.8+0.0s
[1120/1120]	[L1: 0.0309]	2.6+0.0s

Evaluation:
[RSSCN7 x4]	psnr: 27.802 (Best: 27.802 @epoch 173)
Total time: 26.07s

[Epoch 174]	Learning rate: 2.00e-4
[40/1120]	[L1: 0.0314]	2.6+0.0s
[80/1120]	[L1: 0.0312]	2.5+0.0s
[120/1120]	[L1: 0.0313]	2.5+0.0s
[160/1120]	[L1: 0.0317]	2.5+0.0s
[200/1120]	[L1: 0.0320]	2.6+0.0s
[240/1120]	[L1: 0.0320]	2.5+0.0s
[280/1120]	[L1: 0.0316]	2.5+0.0s
[320/1120]	[L1: 0.0308]	2.6+0.0s
[360/1120]	[L1: 0.0310]	2.6+0.0s
[400/1120]	[L1: 0.0308]	2.6+0.0s
[440/1120]	[L1: 0.0307]	2.6+0.0s
[480/1120]	[L1: 0.0306]	2.6+0.0s
[520/1120]	[L1: 0.0305]	2.5+0.0s
[560/1120]	[L1: 0.0307]	2.6+0.0s
[600/1120]	[L1: 0.0306]	2.6+0.0s
[640/1120]	[L1: 0.0310]	2.6+0.0s
[680/1120]	[L1: 0.0309]	2.6+0.0s
[720/1120]	[L1: 0.0312]	2.6+0.0s
[760/1120]	[L1: 0.0312]	2.6+0.0s
[800/1120]	[L1: 0.0309]	2.6+0.0s
[840/1120]	[L1: 0.0310]	2.8+0.0s
[880/1120]	[L1: 0.0309]	2.9+0.0s
[920/1120]	[L1: 0.0308]	2.7+0.0s
[960/1120]	[L1: 0.0307]	2.7+0.0s
[1000/1120]	[L1: 0.0308]	2.8+0.0s
[1040/1120]	[L1: 0.0308]	2.7+0.0s
[1080/1120]	[L1: 0.0308]	2.8+0.0s
[1120/1120]	[L1: 0.0308]	2.8+0.0s

Evaluation:
[RSSCN7 x4]	psnr: 27.746 (Best: 27.802 @epoch 173)
Total time: 49.68s

[Epoch 175]	Learning rate: 2.00e-4
[40/1120]	[L1: 0.0312]	2.6+0.0s
[80/1120]	[L1: 0.0326]	2.5+0.0s
[120/1120]	[L1: 0.0316]	2.7+0.0s
[160/1120]	[L1: 0.0306]	2.6+0.0s
[200/1120]	[L1: 0.0309]	2.6+0.0s
[240/1120]	[L1: 0.0305]	2.5+0.0s
[280/1120]	[L1: 0.0305]	2.6+0.0s
[320/1120]	[L1: 0.0306]	2.6+0.0s
[360/1120]	[L1: 0.0306]	2.5+0.0s
[400/1120]	[L1: 0.0305]	2.5+0.0s
[440/1120]	[L1: 0.0308]	2.6+0.0s
[480/1120]	[L1: 0.0305]	2.6+0.0s
[520/1120]	[L1: 0.0305]	2.6+0.0s
[560/1120]	[L1: 0.0306]	2.6+0.0s
[600/1120]	[L1: 0.0305]	2.6+0.0s
[640/1120]	[L1: 0.0303]	2.6+0.0s
[680/1120]	[L1: 0.0304]	2.6+0.0s
[720/1120]	[L1: 0.0306]	2.6+0.0s
[760/1120]	[L1: 0.0306]	2.6+0.0s
[800/1120]	[L1: 0.0304]	2.6+0.0s
[840/1120]	[L1: 0.0303]	2.6+0.0s
[880/1120]	[L1: 0.0304]	2.6+0.0s
[920/1120]	[L1: 0.0304]	2.6+0.0s
[960/1120]	[L1: 0.0304]	2.6+0.0s
[1000/1120]	[L1: 0.0303]	2.6+0.0s
[1040/1120]	[L1: 0.0304]	2.7+0.0s
[1080/1120]	[L1: 0.0305]	3.0+0.0s
[1120/1120]	[L1: 0.0307]	3.2+0.0s

Evaluation:
[RSSCN7 x4]	psnr: 27.703 (Best: 27.802 @epoch 173)
Total time: 58.99s

[Epoch 176]	Learning rate: 2.00e-4
[40/1120]	[L1: 0.0351]	3.3+0.0s
[80/1120]	[L1: 0.0331]	3.0+0.0s
[120/1120]	[L1: 0.0330]	2.6+0.0s
[160/1120]	[L1: 0.0323]	2.5+0.0s
[200/1120]	[L1: 0.0320]	2.6+0.0s
[240/1120]	[L1: 0.0316]	2.7+0.0s
[280/1120]	[L1: 0.0318]	2.9+0.0s
[320/1120]	[L1: 0.0316]	2.6+0.0s
[360/1120]	[L1: 0.0313]	2.6+0.0s
[400/1120]	[L1: 0.0313]	2.6+0.0s
[440/1120]	[L1: 0.0312]	2.6+0.0s
[480/1120]	[L1: 0.0311]	2.7+0.0s
[520/1120]	[L1: 0.0311]	2.6+0.0s
[560/1120]	[L1: 0.0309]	2.6+0.0s
[600/1120]	[L1: 0.0307]	2.6+0.0s
[640/1120]	[L1: 0.0309]	2.6+0.0s
[680/1120]	[L1: 0.0311]	2.6+0.0s
[720/1120]	[L1: 0.0309]	2.7+0.0s
[760/1120]	[L1: 0.0308]	2.6+0.0s
[800/1120]	[L1: 0.0308]	2.6+0.0s
[840/1120]	[L1: 0.0309]	2.6+0.0s
[880/1120]	[L1: 0.0309]	2.6+0.0s
[920/1120]	[L1: 0.0308]	2.7+0.0s
[960/1120]	[L1: 0.0308]	2.6+0.0s
[1000/1120]	[L1: 0.0309]	2.6+0.0s
[1040/1120]	[L1: 0.0309]	2.6+0.0s
[1080/1120]	[L1: 0.0309]	2.6+0.0s
[1120/1120]	[L1: 0.0308]	2.7+0.0s

Evaluation:
[RSSCN7 x4]	psnr: 27.773 (Best: 27.802 @epoch 173)
Total time: 53.95s

[Epoch 177]	Learning rate: 2.00e-4
[40/1120]	[L1: 0.0306]	3.0+0.0s
[80/1120]	[L1: 0.0311]	3.0+0.0s
[120/1120]	[L1: 0.0314]	2.9+0.0s
[160/1120]	[L1: 0.0309]	2.7+0.0s
[200/1120]	[L1: 0.0317]	2.6+0.0s
[240/1120]	[L1: 0.0315]	2.9+0.0s
[280/1120]	[L1: 0.0309]	2.6+0.0s
[320/1120]	[L1: 0.0307]	2.5+0.0s
[360/1120]	[L1: 0.0306]	2.6+0.0s
[400/1120]	[L1: 0.0308]	2.6+0.0s
[440/1120]	[L1: 0.0314]	2.7+0.0s
[480/1120]	[L1: 0.0313]	2.6+0.0s
[520/1120]	[L1: 0.0315]	2.6+0.0s
[560/1120]	[L1: 0.0314]	2.8+0.0s
[600/1120]	[L1: 0.0313]	2.7+0.0s
[640/1120]	[L1: 0.0310]	2.6+0.0s
[680/1120]	[L1: 0.0311]	2.7+0.0s
[720/1120]	[L1: 0.0312]	2.6+0.0s
[760/1120]	[L1: 0.0313]	2.6+0.0s
[800/1120]	[L1: 0.0313]	2.6+0.0s
[840/1120]	[L1: 0.0312]	2.6+0.0s
[880/1120]	[L1: 0.0312]	2.7+0.0s
[920/1120]	[L1: 0.0313]	2.6+0.0s
[960/1120]	[L1: 0.0313]	2.6+0.0s
[1000/1120]	[L1: 0.0311]	2.6+0.0s
[1040/1120]	[L1: 0.0310]	2.6+0.0s
[1080/1120]	[L1: 0.0309]	2.6+0.0s
[1120/1120]	[L1: 0.0308]	2.6+0.0s

Evaluation:
[RSSCN7 x4]	psnr: 27.786 (Best: 27.802 @epoch 173)
Total time: 34.06s

[Epoch 178]	Learning rate: 2.00e-4
[40/1120]	[L1: 0.0351]	3.3+0.0s
[80/1120]	[L1: 0.0327]	3.2+0.0s
[120/1120]	[L1: 0.0335]	2.9+0.0s
[160/1120]	[L1: 0.0329]	2.9+0.0s
[200/1120]	[L1: 0.0324]	2.8+0.0s
[240/1120]	[L1: 0.0331]	3.1+0.0s
[280/1120]	[L1: 0.0324]	2.7+0.0s
[320/1120]	[L1: 0.0319]	2.8+0.0s
[360/1120]	[L1: 0.0317]	2.9+0.0s
[400/1120]	[L1: 0.0318]	2.9+0.0s
[440/1120]	[L1: 0.0319]	2.8+0.0s
[480/1120]	[L1: 0.0317]	2.8+0.0s
[520/1120]	[L1: 0.0318]	2.8+0.0s
[560/1120]	[L1: 0.0317]	2.6+0.0s
[600/1120]	[L1: 0.0314]	2.6+0.0s
[640/1120]	[L1: 0.0313]	2.6+0.0s
[680/1120]	[L1: 0.0313]	2.6+0.0s
[720/1120]	[L1: 0.0312]	2.6+0.0s
[760/1120]	[L1: 0.0314]	2.5+0.0s
[800/1120]	[L1: 0.0311]	2.6+0.0s
[840/1120]	[L1: 0.0312]	2.6+0.0s
[880/1120]	[L1: 0.0311]	2.5+0.0s
[920/1120]	[L1: 0.0311]	2.6+0.0s
[960/1120]	[L1: 0.0310]	2.6+0.0s
[1000/1120]	[L1: 0.0309]	2.7+0.0s
[1040/1120]	[L1: 0.0309]	2.7+0.0s
[1080/1120]	[L1: 0.0309]	2.6+0.0s
[1120/1120]	[L1: 0.0307]	2.6+0.0s

Evaluation:
[RSSCN7 x4]	psnr: 27.811 (Best: 27.811 @epoch 178)
Total time: 27.49s

[Epoch 179]	Learning rate: 2.00e-4
[40/1120]	[L1: 0.0312]	2.7+0.0s
[80/1120]	[L1: 0.0288]	2.6+0.0s
[120/1120]	[L1: 0.0297]	2.6+0.0s
[160/1120]	[L1: 0.0290]	2.6+0.0s
[200/1120]	[L1: 0.0297]	2.7+0.0s
[240/1120]	[L1: 0.0314]	2.8+0.0s
[280/1120]	[L1: 0.0315]	2.9+0.0s
[320/1120]	[L1: 0.0312]	2.9+0.0s
[360/1120]	[L1: 0.0314]	2.9+0.0s
[400/1120]	[L1: 0.0312]	2.9+0.0s
[440/1120]	[L1: 0.0315]	2.9+0.0s
[480/1120]	[L1: 0.0313]	2.7+0.0s
[520/1120]	[L1: 0.0312]	2.9+0.0s
[560/1120]	[L1: 0.0312]	2.9+0.0s
[600/1120]	[L1: 0.0312]	3.0+0.0s
[640/1120]	[L1: 0.0311]	2.9+0.0s
[680/1120]	[L1: 0.0310]	2.9+0.0s
[720/1120]	[L1: 0.0312]	2.7+0.0s
[760/1120]	[L1: 0.0314]	3.0+0.0s
[800/1120]	[L1: 0.0312]	2.7+0.0s
[840/1120]	[L1: 0.0311]	2.6+0.0s
[880/1120]	[L1: 0.0309]	2.6+0.0s
[920/1120]	[L1: 0.0309]	2.6+0.0s
[960/1120]	[L1: 0.0309]	2.6+0.0s
[1000/1120]	[L1: 0.0308]	2.6+0.0s
[1040/1120]	[L1: 0.0305]	2.6+0.0s
[1080/1120]	[L1: 0.0305]	2.5+0.0s
[1120/1120]	[L1: 0.0307]	2.6+0.0s

Evaluation:
[RSSCN7 x4]	psnr: 27.780 (Best: 27.811 @epoch 178)
Total time: 26.30s

[Epoch 180]	Learning rate: 2.00e-4
[40/1120]	[L1: 0.0318]	2.6+0.0s
[80/1120]	[L1: 0.0325]	2.6+0.0s
[120/1120]	[L1: 0.0321]	2.6+0.0s
[160/1120]	[L1: 0.0311]	2.6+0.0s
[200/1120]	[L1: 0.0311]	2.6+0.0s
[240/1120]	[L1: 0.0313]	2.6+0.0s
[280/1120]	[L1: 0.0311]	2.6+0.0s
[320/1120]	[L1: 0.0309]	2.6+0.0s
[360/1120]	[L1: 0.0308]	2.6+0.0s
[400/1120]	[L1: 0.0306]	2.6+0.0s
[440/1120]	[L1: 0.0307]	2.6+0.0s
[480/1120]	[L1: 0.0305]	2.9+0.0s
[520/1120]	[L1: 0.0306]	2.8+0.0s
[560/1120]	[L1: 0.0305]	2.7+0.0s
[600/1120]	[L1: 0.0304]	2.9+0.1s
[640/1120]	[L1: 0.0302]	3.0+0.0s
[680/1120]	[L1: 0.0303]	2.8+0.0s
[720/1120]	[L1: 0.0304]	2.7+0.0s
[760/1120]	[L1: 0.0302]	2.7+0.0s
[800/1120]	[L1: 0.0303]	3.1+0.0s
[840/1120]	[L1: 0.0305]	3.1+0.0s
[880/1120]	[L1: 0.0306]	2.9+0.0s
[920/1120]	[L1: 0.0306]	2.9+0.0s
[960/1120]	[L1: 0.0304]	2.9+0.0s
[1000/1120]	[L1: 0.0305]	2.9+0.0s
[1040/1120]	[L1: 0.0305]	2.9+0.0s
[1080/1120]	[L1: 0.0306]	2.8+0.0s
[1120/1120]	[L1: 0.0307]	2.9+0.0s

Evaluation:
[RSSCN7 x4]	psnr: 27.786 (Best: 27.811 @epoch 178)
Total time: 26.49s

[Epoch 181]	Learning rate: 2.00e-4
[40/1120]	[L1: 0.0268]	2.5+0.0s
[80/1120]	[L1: 0.0296]	2.5+0.0s
[120/1120]	[L1: 0.0310]	2.6+0.0s
[160/1120]	[L1: 0.0300]	2.5+0.0s
[200/1120]	[L1: 0.0304]	2.5+0.0s
[240/1120]	[L1: 0.0307]	2.5+0.0s
[280/1120]	[L1: 0.0315]	2.5+0.0s
[320/1120]	[L1: 0.0313]	2.5+0.0s
[360/1120]	[L1: 0.0310]	2.6+0.0s
[400/1120]	[L1: 0.0308]	2.6+0.0s
[440/1120]	[L1: 0.0306]	2.6+0.0s
[480/1120]	[L1: 0.0309]	2.6+0.0s
[520/1120]	[L1: 0.0308]	2.6+0.0s
[560/1120]	[L1: 0.0309]	2.6+0.0s
[600/1120]	[L1: 0.0309]	2.5+0.0s
[640/1120]	[L1: 0.0311]	2.5+0.0s
[680/1120]	[L1: 0.0310]	2.7+0.0s
[720/1120]	[L1: 0.0306]	2.7+0.0s
[760/1120]	[L1: 0.0306]	2.9+0.0s
[800/1120]	[L1: 0.0306]	2.7+0.0s
[840/1120]	[L1: 0.0306]	2.9+0.0s
[880/1120]	[L1: 0.0306]	2.9+0.0s
[920/1120]	[L1: 0.0307]	2.9+0.0s
[960/1120]	[L1: 0.0308]	2.6+0.0s
[1000/1120]	[L1: 0.0309]	2.8+0.0s
[1040/1120]	[L1: 0.0308]	2.6+0.0s
[1080/1120]	[L1: 0.0308]	2.6+0.0s
[1120/1120]	[L1: 0.0307]	2.8+0.0s

Evaluation:
[RSSCN7 x4]	psnr: 27.786 (Best: 27.811 @epoch 178)
Total time: 39.27s

[Epoch 182]	Learning rate: 2.00e-4
[40/1120]	[L1: 0.0356]	2.7+0.0s
[80/1120]	[L1: 0.0338]	2.5+0.0s
[120/1120]	[L1: 0.0314]	2.6+0.0s
[160/1120]	[L1: 0.0311]	2.5+0.0s
[200/1120]	[L1: 0.0306]	2.6+0.0s
[240/1120]	[L1: 0.0308]	2.5+0.0s
[280/1120]	[L1: 0.0311]	2.5+0.0s
[320/1120]	[L1: 0.0308]	2.6+0.0s
[360/1120]	[L1: 0.0311]	2.6+0.0s
[400/1120]	[L1: 0.0310]	2.5+0.0s
[440/1120]	[L1: 0.0311]	2.6+0.0s
[480/1120]	[L1: 0.0310]	2.6+0.0s
[520/1120]	[L1: 0.0308]	2.6+0.0s
[560/1120]	[L1: 0.0304]	2.5+0.0s
[600/1120]	[L1: 0.0303]	2.5+0.0s
[640/1120]	[L1: 0.0306]	2.5+0.0s
[680/1120]	[L1: 0.0308]	2.5+0.0s
[720/1120]	[L1: 0.0308]	2.6+0.0s
[760/1120]	[L1: 0.0309]	2.6+0.0s
[800/1120]	[L1: 0.0308]	2.5+0.0s
[840/1120]	[L1: 0.0308]	2.6+0.0s
[880/1120]	[L1: 0.0309]	2.6+0.0s
[920/1120]	[L1: 0.0309]	2.6+0.0s
[960/1120]	[L1: 0.0308]	2.7+0.0s
[1000/1120]	[L1: 0.0307]	2.6+0.0s
[1040/1120]	[L1: 0.0307]	2.7+0.0s
[1080/1120]	[L1: 0.0307]	2.7+0.0s
[1120/1120]	[L1: 0.0307]	2.8+0.0s

Evaluation:
[RSSCN7 x4]	psnr: 27.779 (Best: 27.811 @epoch 178)
Total time: 71.45s

[Epoch 183]	Learning rate: 2.00e-4
[40/1120]	[L1: 0.0323]	3.3+0.0s
[80/1120]	[L1: 0.0321]	3.0+0.0s
[120/1120]	[L1: 0.0311]	2.5+0.0s
[160/1120]	[L1: 0.0310]	2.5+0.0s
[200/1120]	[L1: 0.0301]	2.6+0.0s
[240/1120]	[L1: 0.0290]	2.5+0.0s
[280/1120]	[L1: 0.0287]	2.5+0.0s
[320/1120]	[L1: 0.0293]	2.5+0.0s
[360/1120]	[L1: 0.0296]	2.5+0.0s
[400/1120]	[L1: 0.0298]	2.6+0.0s
[440/1120]	[L1: 0.0299]	2.6+0.0s
[480/1120]	[L1: 0.0302]	2.5+0.0s
[520/1120]	[L1: 0.0305]	2.6+0.0s
[560/1120]	[L1: 0.0305]	2.6+0.0s
[600/1120]	[L1: 0.0305]	2.6+0.0s
[640/1120]	[L1: 0.0304]	2.6+0.0s
[680/1120]	[L1: 0.0302]	2.5+0.0s
[720/1120]	[L1: 0.0304]	2.5+0.0s
[760/1120]	[L1: 0.0304]	2.5+0.0s
[800/1120]	[L1: 0.0305]	2.6+0.0s
[840/1120]	[L1: 0.0306]	2.5+0.0s
[880/1120]	[L1: 0.0305]	2.5+0.0s
[920/1120]	[L1: 0.0305]	2.6+0.0s
[960/1120]	[L1: 0.0306]	2.6+0.0s
[1000/1120]	[L1: 0.0306]	2.5+0.0s
[1040/1120]	[L1: 0.0307]	2.7+0.0s
[1080/1120]	[L1: 0.0308]	2.8+0.0s
[1120/1120]	[L1: 0.0308]	2.6+0.0s

Evaluation:
[RSSCN7 x4]	psnr: 27.775 (Best: 27.811 @epoch 178)
Total time: 67.66s

[Epoch 184]	Learning rate: 2.00e-4
[40/1120]	[L1: 0.0308]	3.5+0.1s
[80/1120]	[L1: 0.0301]	3.0+0.0s
[120/1120]	[L1: 0.0306]	3.1+0.0s
[160/1120]	[L1: 0.0311]	3.2+0.0s
[200/1120]	[L1: 0.0305]	3.0+0.0s
[240/1120]	[L1: 0.0301]	2.7+0.0s
[280/1120]	[L1: 0.0301]	2.5+0.0s
[320/1120]	[L1: 0.0303]	2.6+0.0s
[360/1120]	[L1: 0.0304]	2.6+0.0s
[400/1120]	[L1: 0.0307]	2.5+0.0s
[440/1120]	[L1: 0.0305]	2.5+0.0s
[480/1120]	[L1: 0.0304]	2.5+0.0s
[520/1120]	[L1: 0.0304]	2.5+0.0s
[560/1120]	[L1: 0.0303]	2.6+0.0s
[600/1120]	[L1: 0.0304]	2.8+0.0s
[640/1120]	[L1: 0.0303]	2.6+0.0s
[680/1120]	[L1: 0.0306]	2.6+0.0s
[720/1120]	[L1: 0.0308]	2.6+0.0s
[760/1120]	[L1: 0.0309]	2.6+0.0s
[800/1120]	[L1: 0.0306]	2.7+0.0s
[840/1120]	[L1: 0.0307]	2.6+0.0s
[880/1120]	[L1: 0.0304]	2.6+0.0s
[920/1120]	[L1: 0.0305]	2.6+0.0s
[960/1120]	[L1: 0.0305]	2.6+0.0s
[1000/1120]	[L1: 0.0305]	2.5+0.0s
[1040/1120]	[L1: 0.0307]	2.7+0.0s
[1080/1120]	[L1: 0.0306]	2.6+0.0s
[1120/1120]	[L1: 0.0307]	2.6+0.0s

Evaluation:
[RSSCN7 x4]	psnr: 27.772 (Best: 27.811 @epoch 178)
Total time: 44.02s

[Epoch 185]	Learning rate: 2.00e-4
[40/1120]	[L1: 0.0304]	4.0+0.0s
[80/1120]	[L1: 0.0305]	3.8+0.0s
[120/1120]	[L1: 0.0306]	3.3+0.0s
[160/1120]	[L1: 0.0305]	3.2+0.0s
[200/1120]	[L1: 0.0309]	3.2+0.0s
[240/1120]	[L1: 0.0310]	3.2+0.0s
[280/1120]	[L1: 0.0312]	3.4+0.0s
[320/1120]	[L1: 0.0312]	3.1+0.0s
[360/1120]	[L1: 0.0311]	2.8+0.0s
[400/1120]	[L1: 0.0307]	2.8+0.0s
[440/1120]	[L1: 0.0306]	2.6+0.0s
[480/1120]	[L1: 0.0304]	2.6+0.0s
[520/1120]	[L1: 0.0304]	2.5+0.0s
[560/1120]	[L1: 0.0307]	2.5+0.0s
[600/1120]	[L1: 0.0307]	2.6+0.0s
[640/1120]	[L1: 0.0307]	2.5+0.0s
[680/1120]	[L1: 0.0308]	2.6+0.0s
[720/1120]	[L1: 0.0308]	2.6+0.0s
[760/1120]	[L1: 0.0309]	2.7+0.0s
[800/1120]	[L1: 0.0307]	2.5+0.0s
[840/1120]	[L1: 0.0306]	2.5+0.0s
[880/1120]	[L1: 0.0307]	2.5+0.0s
[920/1120]	[L1: 0.0308]	2.6+0.0s
[960/1120]	[L1: 0.0310]	2.9+0.0s
[1000/1120]	[L1: 0.0309]	2.6+0.0s
[1040/1120]	[L1: 0.0309]	2.6+0.0s
[1080/1120]	[L1: 0.0308]	2.6+0.0s
[1120/1120]	[L1: 0.0308]	2.6+0.0s

Evaluation:
[RSSCN7 x4]	psnr: 27.808 (Best: 27.811 @epoch 178)
Total time: 26.86s

[Epoch 186]	Learning rate: 2.00e-4
[40/1120]	[L1: 0.0277]	2.6+0.0s
[80/1120]	[L1: 0.0278]	2.7+0.0s
[120/1120]	[L1: 0.0281]	2.7+0.0s
[160/1120]	[L1: 0.0286]	2.7+0.0s
[200/1120]	[L1: 0.0302]	2.8+0.0s
[240/1120]	[L1: 0.0309]	2.6+0.0s
[280/1120]	[L1: 0.0305]	2.6+0.0s
[320/1120]	[L1: 0.0305]	2.7+0.0s
[360/1120]	[L1: 0.0308]	2.6+0.0s
[400/1120]	[L1: 0.0309]	2.6+0.0s
[440/1120]	[L1: 0.0306]	2.8+0.0s
[480/1120]	[L1: 0.0306]	2.7+0.0s
[520/1120]	[L1: 0.0309]	2.7+0.0s
[560/1120]	[L1: 0.0308]	2.9+0.0s
[600/1120]	[L1: 0.0309]	2.7+0.0s
[640/1120]	[L1: 0.0307]	2.8+0.0s
[680/1120]	[L1: 0.0306]	2.7+0.0s
[720/1120]	[L1: 0.0305]	2.6+0.0s
[760/1120]	[L1: 0.0305]	2.6+0.0s
[800/1120]	[L1: 0.0306]	2.6+0.0s
[840/1120]	[L1: 0.0307]	2.6+0.0s
[880/1120]	[L1: 0.0306]	2.7+0.0s
[920/1120]	[L1: 0.0306]	2.6+0.0s
[960/1120]	[L1: 0.0306]	2.6+0.0s
[1000/1120]	[L1: 0.0305]	2.6+0.0s
[1040/1120]	[L1: 0.0306]	2.6+0.0s
[1080/1120]	[L1: 0.0307]	2.7+0.0s
[1120/1120]	[L1: 0.0307]	2.6+0.0s

Evaluation:
[RSSCN7 x4]	psnr: 27.787 (Best: 27.811 @epoch 178)
Total time: 25.85s

[Epoch 187]	Learning rate: 2.00e-4
[40/1120]	[L1: 0.0270]	2.8+0.0s
[80/1120]	[L1: 0.0302]	2.7+0.0s
[120/1120]	[L1: 0.0301]	2.6+0.0s
[160/1120]	[L1: 0.0301]	2.5+0.0s
[200/1120]	[L1: 0.0308]	2.5+0.0s
[240/1120]	[L1: 0.0312]	2.5+0.0s
[280/1120]	[L1: 0.0309]	2.5+0.0s
[320/1120]	[L1: 0.0314]	2.7+0.0s
[360/1120]	[L1: 0.0311]	2.9+0.0s
[400/1120]	[L1: 0.0314]	2.6+0.0s
[440/1120]	[L1: 0.0317]	2.7+0.0s
[480/1120]	[L1: 0.0319]	2.8+0.0s
[520/1120]	[L1: 0.0320]	2.9+0.0s
[560/1120]	[L1: 0.0316]	2.9+0.0s
[600/1120]	[L1: 0.0314]	2.8+0.0s
[640/1120]	[L1: 0.0311]	2.8+0.0s
[680/1120]	[L1: 0.0309]	2.8+0.0s
[720/1120]	[L1: 0.0310]	2.8+0.0s
[760/1120]	[L1: 0.0308]	2.7+0.0s
[800/1120]	[L1: 0.0309]	3.0+0.0s
[840/1120]	[L1: 0.0307]	2.7+0.0s
[880/1120]	[L1: 0.0307]	2.7+0.0s
[920/1120]	[L1: 0.0307]	2.7+0.0s
[960/1120]	[L1: 0.0308]	2.6+0.0s
[1000/1120]	[L1: 0.0309]	2.7+0.0s
[1040/1120]	[L1: 0.0307]	2.6+0.0s
[1080/1120]	[L1: 0.0308]	2.6+0.0s
[1120/1120]	[L1: 0.0307]	2.6+0.0s

Evaluation:
[RSSCN7 x4]	psnr: 27.775 (Best: 27.811 @epoch 178)
Total time: 25.81s

[Epoch 188]	Learning rate: 2.00e-4
[40/1120]	[L1: 0.0305]	2.9+0.0s
[80/1120]	[L1: 0.0305]	2.7+0.0s
[120/1120]	[L1: 0.0304]	2.7+0.0s
[160/1120]	[L1: 0.0305]	2.5+0.0s
[200/1120]	[L1: 0.0293]	2.5+0.0s
[240/1120]	[L1: 0.0297]	2.6+0.0s
[280/1120]	[L1: 0.0301]	2.6+0.0s
[320/1120]	[L1: 0.0309]	2.6+0.0s
[360/1120]	[L1: 0.0307]	2.6+0.0s
[400/1120]	[L1: 0.0304]	2.5+0.0s
[440/1120]	[L1: 0.0304]	2.5+0.0s
[480/1120]	[L1: 0.0303]	2.6+0.0s
[520/1120]	[L1: 0.0303]	2.6+0.0s
[560/1120]	[L1: 0.0303]	2.5+0.0s
[600/1120]	[L1: 0.0304]	2.6+0.0s
[640/1120]	[L1: 0.0302]	2.7+0.0s
[680/1120]	[L1: 0.0301]	2.9+0.0s
[720/1120]	[L1: 0.0303]	2.9+0.0s
[760/1120]	[L1: 0.0305]	2.7+0.0s
[800/1120]	[L1: 0.0304]	2.7+0.0s
[840/1120]	[L1: 0.0306]	2.7+0.0s
[880/1120]	[L1: 0.0306]	2.8+0.0s
[920/1120]	[L1: 0.0307]	2.7+0.0s
[960/1120]	[L1: 0.0308]	2.7+0.0s
[1000/1120]	[L1: 0.0307]	2.7+0.0s
[1040/1120]	[L1: 0.0307]	2.7+0.0s
[1080/1120]	[L1: 0.0306]	2.8+0.0s
[1120/1120]	[L1: 0.0306]	2.8+0.0s

Evaluation:
[RSSCN7 x4]	psnr: 27.804 (Best: 27.811 @epoch 178)
Total time: 32.73s

[Epoch 189]	Learning rate: 2.00e-4
[40/1120]	[L1: 0.0331]	2.6+0.1s
[80/1120]	[L1: 0.0313]	2.5+0.0s
[120/1120]	[L1: 0.0319]	2.6+0.0s
[160/1120]	[L1: 0.0313]	2.5+0.0s
[200/1120]	[L1: 0.0314]	2.5+0.0s
[240/1120]	[L1: 0.0311]	2.5+0.0s
[280/1120]	[L1: 0.0313]	2.5+0.0s
[320/1120]	[L1: 0.0308]	2.5+0.0s
[360/1120]	[L1: 0.0308]	2.5+0.0s
[400/1120]	[L1: 0.0308]	2.6+0.0s
[440/1120]	[L1: 0.0309]	2.5+0.0s
[480/1120]	[L1: 0.0307]	2.5+0.0s
[520/1120]	[L1: 0.0307]	2.5+0.0s
[560/1120]	[L1: 0.0307]	2.5+0.0s
[600/1120]	[L1: 0.0307]	2.6+0.0s
[640/1120]	[L1: 0.0306]	2.6+0.0s
[680/1120]	[L1: 0.0307]	2.5+0.0s
[720/1120]	[L1: 0.0306]	2.5+0.0s
[760/1120]	[L1: 0.0306]	2.5+0.0s
[800/1120]	[L1: 0.0308]	2.6+0.0s
[840/1120]	[L1: 0.0308]	2.6+0.0s
[880/1120]	[L1: 0.0307]	2.6+0.0s
[920/1120]	[L1: 0.0305]	2.6+0.0s
[960/1120]	[L1: 0.0306]	2.7+0.0s
[1000/1120]	[L1: 0.0306]	2.7+0.0s
[1040/1120]	[L1: 0.0307]	2.8+0.0s
[1080/1120]	[L1: 0.0306]	2.6+0.0s
[1120/1120]	[L1: 0.0308]	2.7+0.0s

Evaluation:
[RSSCN7 x4]	psnr: 27.805 (Best: 27.811 @epoch 178)
Total time: 56.96s

[Epoch 190]	Learning rate: 2.00e-4
[40/1120]	[L1: 0.0301]	2.8+0.1s
[80/1120]	[L1: 0.0314]	2.9+0.0s
[120/1120]	[L1: 0.0319]	2.6+0.0s
[160/1120]	[L1: 0.0310]	2.5+0.0s
[200/1120]	[L1: 0.0305]	2.6+0.0s
[240/1120]	[L1: 0.0297]	2.6+0.0s
[280/1120]	[L1: 0.0305]	2.6+0.0s
[320/1120]	[L1: 0.0301]	2.6+0.0s
[360/1120]	[L1: 0.0305]	2.5+0.0s
[400/1120]	[L1: 0.0306]	2.5+0.0s
[440/1120]	[L1: 0.0308]	2.5+0.0s
[480/1120]	[L1: 0.0310]	2.6+0.0s
[520/1120]	[L1: 0.0308]	2.6+0.0s
[560/1120]	[L1: 0.0304]	2.5+0.0s
[600/1120]	[L1: 0.0303]	2.6+0.0s
[640/1120]	[L1: 0.0302]	2.6+0.0s
[680/1120]	[L1: 0.0304]	2.6+0.0s
[720/1120]	[L1: 0.0303]	2.6+0.0s
[760/1120]	[L1: 0.0306]	2.6+0.0s
[800/1120]	[L1: 0.0306]	2.6+0.0s
[840/1120]	[L1: 0.0306]	2.6+0.0s
[880/1120]	[L1: 0.0304]	2.6+0.0s
[920/1120]	[L1: 0.0305]	2.6+0.0s
[960/1120]	[L1: 0.0303]	2.6+0.0s
[1000/1120]	[L1: 0.0303]	2.6+0.0s
[1040/1120]	[L1: 0.0304]	2.6+0.0s
[1080/1120]	[L1: 0.0305]	2.6+0.0s
[1120/1120]	[L1: 0.0306]	2.6+0.0s

Evaluation:
[RSSCN7 x4]	psnr: 27.802 (Best: 27.811 @epoch 178)
Total time: 61.66s

[Epoch 191]	Learning rate: 2.00e-4
[40/1120]	[L1: 0.0335]	2.9+0.1s
[80/1120]	[L1: 0.0313]	2.9+0.0s
[120/1120]	[L1: 0.0321]	2.9+0.0s
[160/1120]	[L1: 0.0306]	2.7+0.0s
[200/1120]	[L1: 0.0306]	2.6+0.0s
[240/1120]	[L1: 0.0310]	2.6+0.0s
[280/1120]	[L1: 0.0310]	2.6+0.0s
[320/1120]	[L1: 0.0309]	2.6+0.0s
[360/1120]	[L1: 0.0312]	2.6+0.0s
[400/1120]	[L1: 0.0311]	2.7+0.0s
[440/1120]	[L1: 0.0312]	2.6+0.0s
[480/1120]	[L1: 0.0310]	2.6+0.0s
[520/1120]	[L1: 0.0308]	2.5+0.0s
[560/1120]	[L1: 0.0308]	2.6+0.0s
[600/1120]	[L1: 0.0306]	2.6+0.0s
[640/1120]	[L1: 0.0304]	2.6+0.0s
[680/1120]	[L1: 0.0306]	2.7+0.0s
[720/1120]	[L1: 0.0306]	2.6+0.0s
[760/1120]	[L1: 0.0305]	2.6+0.0s
[800/1120]	[L1: 0.0303]	2.6+0.0s
[840/1120]	[L1: 0.0302]	2.7+0.0s
[880/1120]	[L1: 0.0302]	2.6+0.0s
[920/1120]	[L1: 0.0304]	2.6+0.0s
[960/1120]	[L1: 0.0306]	2.6+0.0s
[1000/1120]	[L1: 0.0305]	2.6+0.0s
[1040/1120]	[L1: 0.0306]	2.6+0.0s
[1080/1120]	[L1: 0.0307]	2.6+0.0s
[1120/1120]	[L1: 0.0307]	2.7+0.0s

Evaluation:
[RSSCN7 x4]	psnr: 27.762 (Best: 27.811 @epoch 178)
Total time: 42.05s

[Epoch 192]	Learning rate: 2.00e-4
[40/1120]	[L1: 0.0324]	3.9+0.0s
[80/1120]	[L1: 0.0352]	3.6+0.0s
[120/1120]	[L1: 0.0340]	3.1+0.0s
[160/1120]	[L1: 0.0338]	2.8+0.0s
[200/1120]	[L1: 0.0320]	3.0+0.1s
[240/1120]	[L1: 0.0316]	2.9+0.0s
[280/1120]	[L1: 0.0317]	2.9+0.0s
[320/1120]	[L1: 0.0313]	2.8+0.0s
[360/1120]	[L1: 0.0313]	3.0+0.0s
[400/1120]	[L1: 0.0313]	2.6+0.0s
[440/1120]	[L1: 0.0314]	2.6+0.0s
[480/1120]	[L1: 0.0316]	2.6+0.0s
[520/1120]	[L1: 0.0314]	2.6+0.0s
[560/1120]	[L1: 0.0313]	2.6+0.0s
[600/1120]	[L1: 0.0313]	2.6+0.0s
[640/1120]	[L1: 0.0312]	2.6+0.0s
[680/1120]	[L1: 0.0313]	2.8+0.0s
[720/1120]	[L1: 0.0312]	2.6+0.0s
[760/1120]	[L1: 0.0312]	2.6+0.0s
[800/1120]	[L1: 0.0311]	2.7+0.0s
[840/1120]	[L1: 0.0311]	2.6+0.0s
[880/1120]	[L1: 0.0310]	2.6+0.0s
[920/1120]	[L1: 0.0310]	2.6+0.0s
[960/1120]	[L1: 0.0309]	2.6+0.0s
[1000/1120]	[L1: 0.0307]	2.7+0.0s
[1040/1120]	[L1: 0.0307]	2.6+0.0s
[1080/1120]	[L1: 0.0307]	2.6+0.0s
[1120/1120]	[L1: 0.0307]	2.6+0.0s

Evaluation:
[RSSCN7 x4]	psnr: 27.805 (Best: 27.811 @epoch 178)
Total time: 27.51s

[Epoch 193]	Learning rate: 2.00e-4
[40/1120]	[L1: 0.0287]	2.8+0.0s
[80/1120]	[L1: 0.0297]	2.7+0.0s
[120/1120]	[L1: 0.0298]	2.8+0.0s
[160/1120]	[L1: 0.0301]	2.9+0.0s
[200/1120]	[L1: 0.0296]	3.0+0.0s
[240/1120]	[L1: 0.0294]	2.9+0.0s
[280/1120]	[L1: 0.0300]	2.7+0.0s
[320/1120]	[L1: 0.0303]	2.8+0.0s
[360/1120]	[L1: 0.0302]	2.7+0.0s
[400/1120]	[L1: 0.0301]	2.8+0.0s
[440/1120]	[L1: 0.0299]	2.6+0.0s
[480/1120]	[L1: 0.0299]	2.8+0.0s
[520/1120]	[L1: 0.0301]	2.9+0.0s
[560/1120]	[L1: 0.0304]	2.7+0.0s
[600/1120]	[L1: 0.0306]	2.7+0.0s
[640/1120]	[L1: 0.0306]	2.7+0.0s
[680/1120]	[L1: 0.0307]	2.6+0.0s
[720/1120]	[L1: 0.0309]	2.6+0.0s
[760/1120]	[L1: 0.0311]	2.6+0.0s
[800/1120]	[L1: 0.0310]	2.6+0.0s
[840/1120]	[L1: 0.0311]	2.6+0.0s
[880/1120]	[L1: 0.0309]	2.6+0.0s
[920/1120]	[L1: 0.0309]	2.6+0.0s
[960/1120]	[L1: 0.0309]	2.6+0.0s
[1000/1120]	[L1: 0.0307]	2.6+0.0s
[1040/1120]	[L1: 0.0306]	2.6+0.0s
[1080/1120]	[L1: 0.0306]	2.6+0.0s
[1120/1120]	[L1: 0.0306]	2.6+0.0s

Evaluation:
[RSSCN7 x4]	psnr: 27.802 (Best: 27.811 @epoch 178)
Total time: 26.71s

[Epoch 194]	Learning rate: 2.00e-4
[40/1120]	[L1: 0.0305]	2.8+0.0s
[80/1120]	[L1: 0.0305]	2.6+0.0s
[120/1120]	[L1: 0.0326]	2.6+0.0s
[160/1120]	[L1: 0.0312]	2.6+0.0s
[200/1120]	[L1: 0.0307]	2.5+0.0s
[240/1120]	[L1: 0.0301]	2.5+0.0s
[280/1120]	[L1: 0.0305]	2.5+0.0s
[320/1120]	[L1: 0.0305]	2.6+0.0s
[360/1120]	[L1: 0.0301]	2.7+0.0s
[400/1120]	[L1: 0.0301]	3.3+0.0s
[440/1120]	[L1: 0.0305]	2.9+0.0s
[480/1120]	[L1: 0.0305]	2.7+0.0s
[520/1120]	[L1: 0.0302]	2.7+0.0s
[560/1120]	[L1: 0.0304]	2.9+0.0s
[600/1120]	[L1: 0.0303]	3.1+0.0s
[640/1120]	[L1: 0.0303]	3.1+0.0s
[680/1120]	[L1: 0.0306]	2.9+0.0s
[720/1120]	[L1: 0.0305]	2.8+0.0s
[760/1120]	[L1: 0.0308]	2.7+0.0s
[800/1120]	[L1: 0.0307]	2.8+0.0s
[840/1120]	[L1: 0.0308]	2.8+0.0s
[880/1120]	[L1: 0.0308]	2.8+0.0s
[920/1120]	[L1: 0.0310]	2.7+0.0s
[960/1120]	[L1: 0.0309]	2.8+0.0s
[1000/1120]	[L1: 0.0308]	2.7+0.0s
[1040/1120]	[L1: 0.0306]	2.6+0.0s
[1080/1120]	[L1: 0.0306]	2.6+0.0s
[1120/1120]	[L1: 0.0306]	2.6+0.0s

Evaluation:
[RSSCN7 x4]	psnr: 27.774 (Best: 27.811 @epoch 178)
Total time: 26.39s

[Epoch 195]	Learning rate: 2.00e-4
[40/1120]	[L1: 0.0289]	2.6+0.0s
[80/1120]	[L1: 0.0294]	2.6+0.0s
[120/1120]	[L1: 0.0310]	2.5+0.0s
[160/1120]	[L1: 0.0307]	2.5+0.0s
[200/1120]	[L1: 0.0311]	2.5+0.0s
[240/1120]	[L1: 0.0311]	2.5+0.0s
[280/1120]	[L1: 0.0313]	2.6+0.0s
[320/1120]	[L1: 0.0314]	2.5+0.0s
[360/1120]	[L1: 0.0317]	2.5+0.0s
[400/1120]	[L1: 0.0313]	2.5+0.0s
[440/1120]	[L1: 0.0313]	2.5+0.0s
[480/1120]	[L1: 0.0313]	2.5+0.0s
[520/1120]	[L1: 0.0312]	2.6+0.0s
[560/1120]	[L1: 0.0312]	2.6+0.0s
[600/1120]	[L1: 0.0311]	2.7+0.0s
[640/1120]	[L1: 0.0312]	2.7+0.0s
[680/1120]	[L1: 0.0310]	2.7+0.0s
[720/1120]	[L1: 0.0309]	3.2+0.0s
[760/1120]	[L1: 0.0306]	3.1+0.0s
[800/1120]	[L1: 0.0306]	2.8+0.0s
[840/1120]	[L1: 0.0306]	2.9+0.0s
[880/1120]	[L1: 0.0306]	3.0+0.0s
[920/1120]	[L1: 0.0306]	3.0+0.0s
[960/1120]	[L1: 0.0305]	3.1+0.0s
[1000/1120]	[L1: 0.0305]	3.0+0.0s
[1040/1120]	[L1: 0.0306]	2.9+0.0s
[1080/1120]	[L1: 0.0306]	2.8+0.0s
[1120/1120]	[L1: 0.0306]	2.8+0.0s

Evaluation:
[RSSCN7 x4]	psnr: 27.754 (Best: 27.811 @epoch 178)
Total time: 28.09s

[Epoch 196]	Learning rate: 2.00e-4
[40/1120]	[L1: 0.0300]	2.8+0.0s
[80/1120]	[L1: 0.0310]	2.8+0.0s
[120/1120]	[L1: 0.0305]	2.6+0.0s
[160/1120]	[L1: 0.0309]	2.6+0.0s
[200/1120]	[L1: 0.0315]	2.6+0.0s
[240/1120]	[L1: 0.0315]	2.5+0.0s
[280/1120]	[L1: 0.0308]	2.5+0.0s
[320/1120]	[L1: 0.0313]	2.6+0.0s
[360/1120]	[L1: 0.0314]	2.6+0.0s
[400/1120]	[L1: 0.0310]	2.6+0.0s
[440/1120]	[L1: 0.0313]	2.6+0.0s
[480/1120]	[L1: 0.0311]	2.6+0.0s
[520/1120]	[L1: 0.0311]	2.5+0.0s
[560/1120]	[L1: 0.0313]	2.6+0.0s
[600/1120]	[L1: 0.0314]	2.6+0.0s
[640/1120]	[L1: 0.0314]	2.7+0.0s
[680/1120]	[L1: 0.0312]	2.6+0.0s
[720/1120]	[L1: 0.0310]	2.5+0.0s
[760/1120]	[L1: 0.0309]	2.5+0.0s
[800/1120]	[L1: 0.0309]	2.8+0.0s
[840/1120]	[L1: 0.0308]	2.7+0.0s
[880/1120]	[L1: 0.0306]	2.8+0.0s
[920/1120]	[L1: 0.0306]	2.6+0.0s
[960/1120]	[L1: 0.0306]	2.8+0.0s
[1000/1120]	[L1: 0.0307]	2.7+0.0s
[1040/1120]	[L1: 0.0308]	2.7+0.0s
[1080/1120]	[L1: 0.0307]	2.7+0.0s
[1120/1120]	[L1: 0.0308]	2.7+0.0s

Evaluation:
[RSSCN7 x4]	psnr: 27.811 (Best: 27.811 @epoch 196)
Total time: 59.43s

[Epoch 197]	Learning rate: 2.00e-4
[40/1120]	[L1: 0.0266]	2.8+0.0s
[80/1120]	[L1: 0.0299]	2.8+0.0s
[120/1120]	[L1: 0.0307]	2.9+0.0s
[160/1120]	[L1: 0.0321]	2.6+0.0s
[200/1120]	[L1: 0.0320]	2.5+0.0s
[240/1120]	[L1: 0.0321]	2.5+0.0s
[280/1120]	[L1: 0.0319]	2.6+0.0s
[320/1120]	[L1: 0.0312]	2.6+0.0s
[360/1120]	[L1: 0.0316]	2.5+0.0s
[400/1120]	[L1: 0.0313]	2.6+0.0s
[440/1120]	[L1: 0.0313]	2.5+0.0s
[480/1120]	[L1: 0.0310]	2.5+0.0s
[520/1120]	[L1: 0.0311]	2.6+0.0s
[560/1120]	[L1: 0.0313]	2.6+0.0s
[600/1120]	[L1: 0.0312]	2.5+0.0s
[640/1120]	[L1: 0.0313]	2.5+0.0s
[680/1120]	[L1: 0.0313]	2.5+0.0s
[720/1120]	[L1: 0.0313]	2.5+0.0s
[760/1120]	[L1: 0.0312]	2.6+0.0s
[800/1120]	[L1: 0.0313]	2.6+0.0s
[840/1120]	[L1: 0.0311]	2.6+0.0s
[880/1120]	[L1: 0.0311]	2.5+0.0s
[920/1120]	[L1: 0.0311]	2.6+0.0s
[960/1120]	[L1: 0.0311]	2.5+0.0s
[1000/1120]	[L1: 0.0308]	2.6+0.0s
[1040/1120]	[L1: 0.0308]	2.6+0.0s
[1080/1120]	[L1: 0.0308]	3.1+0.0s
[1120/1120]	[L1: 0.0308]	3.0+0.0s

Evaluation:
[RSSCN7 x4]	psnr: 27.810 (Best: 27.811 @epoch 196)
Total time: 73.64s

[Epoch 198]	Learning rate: 2.00e-4
[40/1120]	[L1: 0.0282]	3.3+0.1s
[80/1120]	[L1: 0.0302]	2.8+0.0s
[120/1120]	[L1: 0.0301]	2.8+0.0s
[160/1120]	[L1: 0.0301]	2.5+0.0s
[200/1120]	[L1: 0.0307]	2.5+0.0s
[240/1120]	[L1: 0.0307]	2.6+0.0s
[280/1120]	[L1: 0.0304]	2.7+0.0s
[320/1120]	[L1: 0.0302]	2.6+0.0s
[360/1120]	[L1: 0.0305]	2.6+0.0s
[400/1120]	[L1: 0.0306]	2.6+0.0s
[440/1120]	[L1: 0.0310]	2.5+0.0s
[480/1120]	[L1: 0.0310]	2.7+0.0s
[520/1120]	[L1: 0.0308]	2.6+0.0s
[560/1120]	[L1: 0.0308]	2.6+0.0s
[600/1120]	[L1: 0.0307]	2.6+0.0s
[640/1120]	[L1: 0.0307]	2.6+0.0s
[680/1120]	[L1: 0.0305]	2.5+0.0s
[720/1120]	[L1: 0.0306]	2.7+0.0s
[760/1120]	[L1: 0.0308]	2.6+0.0s
[800/1120]	[L1: 0.0309]	2.6+0.0s
[840/1120]	[L1: 0.0308]	2.5+0.0s
[880/1120]	[L1: 0.0307]	2.6+0.0s
[920/1120]	[L1: 0.0306]	2.6+0.0s
[960/1120]	[L1: 0.0306]	2.6+0.0s
[1000/1120]	[L1: 0.0308]	2.6+0.0s
[1040/1120]	[L1: 0.0306]	2.6+0.0s
[1080/1120]	[L1: 0.0305]	2.5+0.0s
[1120/1120]	[L1: 0.0306]	2.6+0.0s

Evaluation:
[RSSCN7 x4]	psnr: 27.815 (Best: 27.815 @epoch 198)
Total time: 71.64s

[Epoch 199]	Learning rate: 2.00e-4
[40/1120]	[L1: 0.0329]	3.0+0.1s
[80/1120]	[L1: 0.0301]	3.0+0.0s
[120/1120]	[L1: 0.0291]	3.0+0.0s
[160/1120]	[L1: 0.0292]	2.8+0.0s
[200/1120]	[L1: 0.0289]	3.3+0.0s
[240/1120]	[L1: 0.0290]	3.1+0.0s
[280/1120]	[L1: 0.0294]	2.9+0.0s
[320/1120]	[L1: 0.0299]	2.8+0.0s
[360/1120]	[L1: 0.0299]	2.6+0.0s
[400/1120]	[L1: 0.0299]	2.6+0.0s
[440/1120]	[L1: 0.0297]	2.6+0.0s
[480/1120]	[L1: 0.0297]	2.6+0.0s
[520/1120]	[L1: 0.0296]	2.6+0.0s
[560/1120]	[L1: 0.0294]	2.6+0.0s
[600/1120]	[L1: 0.0300]	2.6+0.0s
[640/1120]	[L1: 0.0302]	2.6+0.0s
[680/1120]	[L1: 0.0305]	2.6+0.0s
[720/1120]	[L1: 0.0306]	2.6+0.0s
[760/1120]	[L1: 0.0308]	2.6+0.0s
[800/1120]	[L1: 0.0306]	2.6+0.0s
[840/1120]	[L1: 0.0305]	2.6+0.0s
[880/1120]	[L1: 0.0305]	2.6+0.0s
[920/1120]	[L1: 0.0305]	2.6+0.0s
[960/1120]	[L1: 0.0305]	2.6+0.0s
[1000/1120]	[L1: 0.0305]	2.6+0.0s
[1040/1120]	[L1: 0.0304]	2.6+0.0s
[1080/1120]	[L1: 0.0305]	2.5+0.0s
[1120/1120]	[L1: 0.0306]	2.6+0.0s

Evaluation:
[RSSCN7 x4]	psnr: 27.802 (Best: 27.815 @epoch 198)
Total time: 35.63s

[Epoch 200]	Learning rate: 2.00e-4
[40/1120]	[L1: 0.0307]	3.0+0.0s
[80/1120]	[L1: 0.0304]	2.7+0.0s
[120/1120]	[L1: 0.0288]	3.0+0.0s
[160/1120]	[L1: 0.0310]	2.9+0.0s
[200/1120]	[L1: 0.0313]	2.9+0.0s
[240/1120]	[L1: 0.0309]	3.0+0.0s
[280/1120]	[L1: 0.0310]	3.1+0.0s
[320/1120]	[L1: 0.0311]	3.0+0.0s
[360/1120]	[L1: 0.0313]	3.2+0.0s
[400/1120]	[L1: 0.0315]	3.0+0.0s
[440/1120]	[L1: 0.0312]	3.0+0.0s
[480/1120]	[L1: 0.0308]	3.0+0.0s
[520/1120]	[L1: 0.0307]	2.7+0.0s
[560/1120]	[L1: 0.0305]	2.6+0.0s
[600/1120]	[L1: 0.0302]	2.6+0.0s
[640/1120]	[L1: 0.0304]	2.5+0.0s
[680/1120]	[L1: 0.0305]	2.6+0.0s
[720/1120]	[L1: 0.0304]	2.6+0.0s
[760/1120]	[L1: 0.0307]	2.6+0.0s
[800/1120]	[L1: 0.0307]	2.6+0.0s
[840/1120]	[L1: 0.0305]	2.6+0.0s
[880/1120]	[L1: 0.0305]	2.6+0.0s
[920/1120]	[L1: 0.0305]	2.6+0.0s
[960/1120]	[L1: 0.0304]	2.6+0.0s
[1000/1120]	[L1: 0.0305]	2.6+0.0s
[1040/1120]	[L1: 0.0306]	2.6+0.0s
[1080/1120]	[L1: 0.0305]	2.5+0.0s
[1120/1120]	[L1: 0.0306]	2.5+0.0s
Saved epoch checkpoint at epoch 200

Evaluation:
[RSSCN7 x4]	psnr: 27.764 (Best: 27.815 @epoch 198)
Total time: 27.07s

[Epoch 201]	Learning rate: 1.00e-4
[40/1120]	[L1: 0.0327]	2.6+0.1s
[80/1120]	[L1: 0.0313]	2.6+0.0s
[120/1120]	[L1: 0.0310]	2.5+0.0s
[160/1120]	[L1: 0.0308]	2.7+0.0s
[200/1120]	[L1: 0.0306]	3.2+0.0s
[240/1120]	[L1: 0.0311]	3.2+0.0s
[280/1120]	[L1: 0.0309]	3.1+0.0s
[320/1120]	[L1: 0.0302]	3.4+0.0s
[360/1120]	[L1: 0.0298]	3.1+0.0s
[400/1120]	[L1: 0.0297]	3.4+0.0s
[440/1120]	[L1: 0.0305]	3.0+0.0s
[480/1120]	[L1: 0.0304]	3.0+0.0s
[520/1120]	[L1: 0.0302]	3.1+0.0s
[560/1120]	[L1: 0.0303]	3.0+0.0s
[600/1120]	[L1: 0.0301]	3.1+0.0s
[640/1120]	[L1: 0.0302]	3.1+0.0s
[680/1120]	[L1: 0.0300]	3.1+0.0s
[720/1120]	[L1: 0.0300]	2.8+0.0s
[760/1120]	[L1: 0.0301]	2.8+0.0s
[800/1120]	[L1: 0.0300]	2.8+0.0s
[840/1120]	[L1: 0.0300]	2.6+0.0s
[880/1120]	[L1: 0.0301]	2.7+0.0s
[920/1120]	[L1: 0.0300]	2.6+0.0s
[960/1120]	[L1: 0.0301]	2.6+0.0s
[1000/1120]	[L1: 0.0300]	2.6+0.0s
[1040/1120]	[L1: 0.0301]	2.6+0.0s
[1080/1120]	[L1: 0.0301]	2.6+0.0s
[1120/1120]	[L1: 0.0303]	2.7+0.0s

Evaluation:
[RSSCN7 x4]	psnr: 27.831 (Best: 27.831 @epoch 201)
Total time: 27.30s

[Epoch 202]	Learning rate: 1.00e-4
[40/1120]	[L1: 0.0317]	2.5+0.0s
[80/1120]	[L1: 0.0301]	2.5+0.0s
[120/1120]	[L1: 0.0297]	2.5+0.0s
[160/1120]	[L1: 0.0292]	2.6+0.0s
[200/1120]	[L1: 0.0296]	2.5+0.0s
[240/1120]	[L1: 0.0292]	2.5+0.0s
[280/1120]	[L1: 0.0295]	2.5+0.0s
[320/1120]	[L1: 0.0293]	2.6+0.0s
[360/1120]	[L1: 0.0295]	2.7+0.0s
[400/1120]	[L1: 0.0297]	2.7+0.0s
[440/1120]	[L1: 0.0297]	2.6+0.0s
[480/1120]	[L1: 0.0299]	2.7+0.0s
[520/1120]	[L1: 0.0301]	2.7+0.0s
[560/1120]	[L1: 0.0299]	2.7+0.0s
[600/1120]	[L1: 0.0299]	2.8+0.0s
[640/1120]	[L1: 0.0299]	2.8+0.0s
[680/1120]	[L1: 0.0300]	2.7+0.0s
[720/1120]	[L1: 0.0302]	2.9+0.0s
[760/1120]	[L1: 0.0299]	2.8+0.0s
[800/1120]	[L1: 0.0298]	2.8+0.0s
[840/1120]	[L1: 0.0298]	3.1+0.0s
[880/1120]	[L1: 0.0300]	3.1+0.0s
[920/1120]	[L1: 0.0301]	2.8+0.0s
[960/1120]	[L1: 0.0301]	2.6+0.0s
[1000/1120]	[L1: 0.0301]	2.6+0.0s
[1040/1120]	[L1: 0.0304]	2.7+0.0s
[1080/1120]	[L1: 0.0303]	2.6+0.0s
[1120/1120]	[L1: 0.0303]	2.6+0.0s

Evaluation:
[RSSCN7 x4]	psnr: 27.845 (Best: 27.845 @epoch 202)
Total time: 27.21s

[Epoch 203]	Learning rate: 1.00e-4
[40/1120]	[L1: 0.0303]	2.9+0.0s
[80/1120]	[L1: 0.0289]	2.7+0.0s
[120/1120]	[L1: 0.0285]	2.7+0.0s
[160/1120]	[L1: 0.0291]	2.6+0.0s
[200/1120]	[L1: 0.0296]	2.5+0.0s
[240/1120]	[L1: 0.0289]	2.6+0.0s
[280/1120]	[L1: 0.0295]	2.5+0.0s
[320/1120]	[L1: 0.0297]	2.5+0.0s
[360/1120]	[L1: 0.0300]	2.5+0.0s
[400/1120]	[L1: 0.0299]	2.5+0.0s
[440/1120]	[L1: 0.0299]	2.6+0.0s
[480/1120]	[L1: 0.0299]	2.8+0.0s
[520/1120]	[L1: 0.0300]	2.6+0.0s
[560/1120]	[L1: 0.0300]	2.6+0.0s
[600/1120]	[L1: 0.0303]	2.5+0.0s
[640/1120]	[L1: 0.0301]	2.7+0.0s
[680/1120]	[L1: 0.0301]	2.9+0.0s
[720/1120]	[L1: 0.0304]	2.9+0.0s
[760/1120]	[L1: 0.0305]	2.8+0.0s
[800/1120]	[L1: 0.0304]	2.9+0.0s
[840/1120]	[L1: 0.0303]	2.9+0.0s
[880/1120]	[L1: 0.0304]	2.8+0.0s
[920/1120]	[L1: 0.0306]	2.8+0.0s
[960/1120]	[L1: 0.0306]	2.9+0.0s
[1000/1120]	[L1: 0.0305]	2.9+0.0s
[1040/1120]	[L1: 0.0304]	3.0+0.0s
[1080/1120]	[L1: 0.0305]	2.8+0.0s
[1120/1120]	[L1: 0.0304]	2.9+0.0s

Evaluation:
[RSSCN7 x4]	psnr: 27.831 (Best: 27.845 @epoch 202)
Total time: 37.70s

[Epoch 204]	Learning rate: 1.00e-4
[40/1120]	[L1: 0.0326]	2.6+0.0s
[80/1120]	[L1: 0.0324]	2.5+0.0s
[120/1120]	[L1: 0.0322]	2.7+0.0s
[160/1120]	[L1: 0.0315]	2.5+0.0s
[200/1120]	[L1: 0.0301]	2.5+0.0s
[240/1120]	[L1: 0.0301]	2.5+0.0s
[280/1120]	[L1: 0.0301]	2.5+0.0s
[320/1120]	[L1: 0.0301]	2.6+0.0s
[360/1120]	[L1: 0.0305]	2.6+0.0s
[400/1120]	[L1: 0.0304]	2.7+0.0s
[440/1120]	[L1: 0.0304]	2.6+0.0s
[480/1120]	[L1: 0.0301]	2.6+0.0s
[520/1120]	[L1: 0.0298]	2.5+0.0s
[560/1120]	[L1: 0.0298]	2.6+0.0s
[600/1120]	[L1: 0.0301]	2.6+0.0s
[640/1120]	[L1: 0.0299]	2.6+0.0s
[680/1120]	[L1: 0.0298]	2.8+0.0s
[720/1120]	[L1: 0.0298]	2.7+0.0s
[760/1120]	[L1: 0.0296]	2.5+0.0s
[800/1120]	[L1: 0.0296]	2.6+0.0s
[840/1120]	[L1: 0.0297]	2.6+0.0s
[880/1120]	[L1: 0.0297]	2.5+0.0s
[920/1120]	[L1: 0.0297]	2.5+0.0s
[960/1120]	[L1: 0.0298]	2.7+0.0s
[1000/1120]	[L1: 0.0301]	2.7+0.0s
[1040/1120]	[L1: 0.0302]	2.8+0.0s
[1080/1120]	[L1: 0.0303]	2.7+0.0s
[1120/1120]	[L1: 0.0303]	2.7+0.0s

Evaluation:
[RSSCN7 x4]	psnr: 27.835 (Best: 27.845 @epoch 202)
Total time: 83.08s

[Epoch 205]	Learning rate: 1.00e-4
[40/1120]	[L1: 0.0283]	2.7+0.1s
[80/1120]	[L1: 0.0294]	2.9+0.0s
[120/1120]	[L1: 0.0294]	2.7+0.0s
[160/1120]	[L1: 0.0310]	2.5+0.0s
[200/1120]	[L1: 0.0321]	2.6+0.0s
[240/1120]	[L1: 0.0318]	2.5+0.0s
[280/1120]	[L1: 0.0317]	2.6+0.0s
[320/1120]	[L1: 0.0315]	2.6+0.0s
[360/1120]	[L1: 0.0315]	2.6+0.0s
[400/1120]	[L1: 0.0314]	2.6+0.0s
[440/1120]	[L1: 0.0312]	2.6+0.0s
[480/1120]	[L1: 0.0313]	2.6+0.0s
[520/1120]	[L1: 0.0314]	2.7+0.0s
[560/1120]	[L1: 0.0310]	2.6+0.0s
[600/1120]	[L1: 0.0307]	2.6+0.0s
[640/1120]	[L1: 0.0306]	2.6+0.0s
[680/1120]	[L1: 0.0307]	2.6+0.0s
[720/1120]	[L1: 0.0310]	2.7+0.0s
[760/1120]	[L1: 0.0310]	2.6+0.0s
[800/1120]	[L1: 0.0308]	2.6+0.0s
[840/1120]	[L1: 0.0306]	2.6+0.0s
[880/1120]	[L1: 0.0306]	2.6+0.0s
[920/1120]	[L1: 0.0307]	2.6+0.0s
[960/1120]	[L1: 0.0306]	2.6+0.0s
[1000/1120]	[L1: 0.0307]	2.6+0.0s
[1040/1120]	[L1: 0.0307]	2.6+0.0s
[1080/1120]	[L1: 0.0304]	2.6+0.0s
[1120/1120]	[L1: 0.0303]	2.6+0.0s

Evaluation:
[RSSCN7 x4]	psnr: 27.829 (Best: 27.845 @epoch 202)
Total time: 95.44s

[Epoch 206]	Learning rate: 1.00e-4
[40/1120]	[L1: 0.0304]	3.4+0.1s
[80/1120]	[L1: 0.0323]	3.1+0.0s
[120/1120]	[L1: 0.0318]	2.9+0.0s
[160/1120]	[L1: 0.0312]	2.5+0.0s
[200/1120]	[L1: 0.0314]	2.7+0.0s
[240/1120]	[L1: 0.0313]	2.6+0.0s
[280/1120]	[L1: 0.0313]	2.6+0.0s
[320/1120]	[L1: 0.0309]	2.5+0.0s
[360/1120]	[L1: 0.0309]	2.6+0.0s
[400/1120]	[L1: 0.0312]	2.5+0.0s
[440/1120]	[L1: 0.0311]	2.6+0.0s
[480/1120]	[L1: 0.0311]	2.6+0.0s
[520/1120]	[L1: 0.0311]	2.6+0.0s
[560/1120]	[L1: 0.0309]	2.6+0.0s
[600/1120]	[L1: 0.0307]	2.6+0.0s
[640/1120]	[L1: 0.0307]	2.7+0.0s
[680/1120]	[L1: 0.0307]	2.6+0.0s
[720/1120]	[L1: 0.0308]	2.6+0.0s
[760/1120]	[L1: 0.0307]	2.6+0.0s
[800/1120]	[L1: 0.0306]	2.6+0.0s
[840/1120]	[L1: 0.0305]	2.6+0.0s
[880/1120]	[L1: 0.0303]	2.8+0.0s
[920/1120]	[L1: 0.0303]	2.6+0.0s
[960/1120]	[L1: 0.0301]	2.6+0.0s
[1000/1120]	[L1: 0.0302]	2.6+0.0s
[1040/1120]	[L1: 0.0302]	2.6+0.0s
[1080/1120]	[L1: 0.0304]	2.7+0.0s
[1120/1120]	[L1: 0.0303]	2.6+0.0s

Evaluation:
[RSSCN7 x4]	psnr: 27.841 (Best: 27.845 @epoch 202)
Total time: 63.97s

[Epoch 207]	Learning rate: 1.00e-4
[40/1120]	[L1: 0.0306]	3.1+0.1s
[80/1120]	[L1: 0.0304]	3.1+0.0s
[120/1120]	[L1: 0.0300]	2.7+0.0s
[160/1120]	[L1: 0.0303]	2.7+0.1s
[200/1120]	[L1: 0.0304]	3.1+0.0s
[240/1120]	[L1: 0.0307]	2.9+0.0s
[280/1120]	[L1: 0.0312]	2.9+0.0s
[320/1120]	[L1: 0.0311]	2.7+0.0s
[360/1120]	[L1: 0.0312]	2.6+0.0s
[400/1120]	[L1: 0.0312]	2.6+0.0s
[440/1120]	[L1: 0.0311]	2.6+0.0s
[480/1120]	[L1: 0.0311]	2.6+0.0s
[520/1120]	[L1: 0.0307]	2.6+0.0s
[560/1120]	[L1: 0.0307]	2.6+0.0s
[600/1120]	[L1: 0.0306]	2.6+0.0s
[640/1120]	[L1: 0.0307]	2.6+0.0s
[680/1120]	[L1: 0.0307]	2.6+0.0s
[720/1120]	[L1: 0.0307]	2.6+0.0s
[760/1120]	[L1: 0.0305]	2.6+0.0s
[800/1120]	[L1: 0.0303]	2.7+0.0s
[840/1120]	[L1: 0.0304]	2.7+0.0s
[880/1120]	[L1: 0.0303]	2.6+0.0s
[920/1120]	[L1: 0.0302]	2.6+0.0s
[960/1120]	[L1: 0.0302]	2.6+0.0s
[1000/1120]	[L1: 0.0303]	2.7+0.0s
[1040/1120]	[L1: 0.0303]	2.6+0.0s
[1080/1120]	[L1: 0.0303]	2.6+0.0s
[1120/1120]	[L1: 0.0303]	2.6+0.0s

Evaluation:
[RSSCN7 x4]	psnr: 27.840 (Best: 27.845 @epoch 202)
Total time: 40.84s

[Epoch 208]	Learning rate: 1.00e-4
[40/1120]	[L1: 0.0312]	3.3+0.0s
[80/1120]	[L1: 0.0311]	3.1+0.0s
[120/1120]	[L1: 0.0298]	2.9+0.0s
[160/1120]	[L1: 0.0297]	3.1+0.0s
[200/1120]	[L1: 0.0299]	2.8+0.0s
[240/1120]	[L1: 0.0296]	2.7+0.0s
[280/1120]	[L1: 0.0301]	2.8+0.0s
[320/1120]	[L1: 0.0301]	3.0+0.0s
[360/1120]	[L1: 0.0301]	2.7+0.0s
[400/1120]	[L1: 0.0301]	2.7+0.0s
[440/1120]	[L1: 0.0299]	2.7+0.0s
[480/1120]	[L1: 0.0297]	2.9+0.0s
[520/1120]	[L1: 0.0296]	2.6+0.0s
[560/1120]	[L1: 0.0296]	2.6+0.0s
[600/1120]	[L1: 0.0296]	2.6+0.0s
[640/1120]	[L1: 0.0296]	2.6+0.0s
[680/1120]	[L1: 0.0298]	2.6+0.0s
[720/1120]	[L1: 0.0299]	2.6+0.0s
[760/1120]	[L1: 0.0299]	2.6+0.0s
[800/1120]	[L1: 0.0299]	2.6+0.0s
[840/1120]	[L1: 0.0299]	2.6+0.0s
[880/1120]	[L1: 0.0300]	2.6+0.0s
[920/1120]	[L1: 0.0300]	2.6+0.0s
[960/1120]	[L1: 0.0300]	2.6+0.0s
[1000/1120]	[L1: 0.0301]	2.6+0.0s
[1040/1120]	[L1: 0.0303]	2.6+0.0s
[1080/1120]	[L1: 0.0303]	2.6+0.0s
[1120/1120]	[L1: 0.0304]	2.5+0.0s

Evaluation:
[RSSCN7 x4]	psnr: 27.843 (Best: 27.845 @epoch 202)
Total time: 27.32s

[Epoch 209]	Learning rate: 1.00e-4
[40/1120]	[L1: 0.0333]	2.6+0.0s
[80/1120]	[L1: 0.0330]	2.5+0.0s
[120/1120]	[L1: 0.0320]	2.5+0.0s
[160/1120]	[L1: 0.0310]	2.6+0.0s
[200/1120]	[L1: 0.0302]	2.7+0.0s
[240/1120]	[L1: 0.0309]	2.8+0.0s
[280/1120]	[L1: 0.0302]	2.9+0.0s
[320/1120]	[L1: 0.0303]	2.8+0.0s
[360/1120]	[L1: 0.0304]	2.9+0.0s
[400/1120]	[L1: 0.0304]	2.8+0.0s
[440/1120]	[L1: 0.0302]	2.8+0.0s
[480/1120]	[L1: 0.0301]	2.7+0.0s
[520/1120]	[L1: 0.0299]	2.9+0.0s
[560/1120]	[L1: 0.0299]	2.8+0.0s
[600/1120]	[L1: 0.0300]	2.9+0.0s
[640/1120]	[L1: 0.0301]	2.8+0.0s
[680/1120]	[L1: 0.0303]	2.7+0.0s
[720/1120]	[L1: 0.0303]	3.1+0.0s
[760/1120]	[L1: 0.0302]	2.8+0.0s
[800/1120]	[L1: 0.0301]	2.6+0.0s
[840/1120]	[L1: 0.0303]	2.6+0.0s
[880/1120]	[L1: 0.0301]	2.6+0.0s
[920/1120]	[L1: 0.0300]	2.6+0.0s
[960/1120]	[L1: 0.0300]	2.6+0.0s
[1000/1120]	[L1: 0.0301]	2.6+0.0s
[1040/1120]	[L1: 0.0300]	2.6+0.0s
[1080/1120]	[L1: 0.0301]	2.6+0.0s
[1120/1120]	[L1: 0.0303]	2.6+0.0s

Evaluation:
[RSSCN7 x4]	psnr: 27.823 (Best: 27.845 @epoch 202)
Total time: 27.03s

[Epoch 210]	Learning rate: 1.00e-4
[40/1120]	[L1: 0.0275]	2.8+0.0s
[80/1120]	[L1: 0.0285]	2.7+0.0s
[120/1120]	[L1: 0.0303]	2.7+0.0s
[160/1120]	[L1: 0.0299]	2.6+0.0s
[200/1120]	[L1: 0.0307]	2.6+0.0s
[240/1120]	[L1: 0.0304]	2.6+0.0s
[280/1120]	[L1: 0.0308]	2.6+0.0s
[320/1120]	[L1: 0.0304]	2.6+0.0s
[360/1120]	[L1: 0.0303]	2.6+0.0s
[400/1120]	[L1: 0.0308]	2.5+0.0s
[440/1120]	[L1: 0.0311]	2.7+0.0s
[480/1120]	[L1: 0.0309]	2.8+0.0s
[520/1120]	[L1: 0.0307]	2.9+0.0s
[560/1120]	[L1: 0.0306]	3.2+0.0s
[600/1120]	[L1: 0.0306]	3.2+0.0s
[640/1120]	[L1: 0.0305]	3.2+0.0s
[680/1120]	[L1: 0.0304]	3.1+0.0s
[720/1120]	[L1: 0.0305]	3.2+0.0s
[760/1120]	[L1: 0.0307]	3.1+0.0s
[800/1120]	[L1: 0.0307]	3.2+0.0s
[840/1120]	[L1: 0.0306]	3.5+0.0s
[880/1120]	[L1: 0.0305]	3.0+0.0s
[920/1120]	[L1: 0.0304]	3.1+0.0s
[960/1120]	[L1: 0.0303]	3.3+0.0s
[1000/1120]	[L1: 0.0301]	2.8+0.0s
[1040/1120]	[L1: 0.0302]	2.6+0.0s
[1080/1120]	[L1: 0.0303]	2.6+0.0s
[1120/1120]	[L1: 0.0303]	2.6+0.0s

Evaluation:
[RSSCN7 x4]	psnr: 27.839 (Best: 27.845 @epoch 202)
Total time: 26.82s

[Epoch 211]	Learning rate: 1.00e-4
[40/1120]	[L1: 0.0326]	2.9+0.0s
[80/1120]	[L1: 0.0291]	2.7+0.0s
[120/1120]	[L1: 0.0294]	2.6+0.0s
[160/1120]	[L1: 0.0296]	2.6+0.0s
[200/1120]	[L1: 0.0299]	2.6+0.0s
[240/1120]	[L1: 0.0300]	2.6+0.0s
[280/1120]	[L1: 0.0305]	2.6+0.0s
[320/1120]	[L1: 0.0305]	2.6+0.0s
[360/1120]	[L1: 0.0305]	2.6+0.0s
[400/1120]	[L1: 0.0302]	2.6+0.0s
[440/1120]	[L1: 0.0300]	2.6+0.0s
[480/1120]	[L1: 0.0301]	2.6+0.0s
[520/1120]	[L1: 0.0304]	2.6+0.0s
[560/1120]	[L1: 0.0306]	2.6+0.0s
[600/1120]	[L1: 0.0306]	2.6+0.0s
[640/1120]	[L1: 0.0308]	2.8+0.0s
[680/1120]	[L1: 0.0309]	2.7+0.0s
[720/1120]	[L1: 0.0311]	2.7+0.0s
[760/1120]	[L1: 0.0310]	2.8+0.0s
[800/1120]	[L1: 0.0310]	2.9+0.0s
[840/1120]	[L1: 0.0309]	2.7+0.0s
[880/1120]	[L1: 0.0307]	2.8+0.0s
[920/1120]	[L1: 0.0305]	2.7+0.0s
[960/1120]	[L1: 0.0304]	3.0+0.0s
[1000/1120]	[L1: 0.0302]	2.7+0.0s
[1040/1120]	[L1: 0.0302]	2.9+0.0s
[1080/1120]	[L1: 0.0302]	2.9+0.0s
[1120/1120]	[L1: 0.0302]	2.8+0.0s

Evaluation:
[RSSCN7 x4]	psnr: 27.850 (Best: 27.850 @epoch 211)
Total time: 41.82s

[Epoch 212]	Learning rate: 1.00e-4
[40/1120]	[L1: 0.0263]	2.6+0.0s
[80/1120]	[L1: 0.0278]	2.6+0.0s
[120/1120]	[L1: 0.0292]	2.5+0.0s
[160/1120]	[L1: 0.0284]	2.5+0.0s
[200/1120]	[L1: 0.0292]	2.5+0.0s
[240/1120]	[L1: 0.0293]	2.6+0.0s
[280/1120]	[L1: 0.0292]	2.5+0.0s
[320/1120]	[L1: 0.0288]	2.6+0.0s
[360/1120]	[L1: 0.0294]	2.6+0.0s
[400/1120]	[L1: 0.0293]	2.6+0.0s
[440/1120]	[L1: 0.0294]	2.6+0.0s
[480/1120]	[L1: 0.0293]	2.5+0.0s
[520/1120]	[L1: 0.0293]	2.6+0.0s
[560/1120]	[L1: 0.0295]	2.6+0.0s
[600/1120]	[L1: 0.0298]	2.6+0.0s
[640/1120]	[L1: 0.0296]	2.6+0.0s
[680/1120]	[L1: 0.0296]	2.6+0.0s
[720/1120]	[L1: 0.0296]	2.6+0.0s
[760/1120]	[L1: 0.0298]	2.6+0.0s
[800/1120]	[L1: 0.0301]	2.5+0.0s
[840/1120]	[L1: 0.0303]	2.6+0.0s
[880/1120]	[L1: 0.0304]	2.6+0.0s
[920/1120]	[L1: 0.0303]	2.9+0.0s
[960/1120]	[L1: 0.0303]	2.8+0.0s
[1000/1120]	[L1: 0.0301]	2.7+0.0s
[1040/1120]	[L1: 0.0301]	2.9+0.0s
[1080/1120]	[L1: 0.0302]	3.0+0.0s
[1120/1120]	[L1: 0.0303]	3.0+0.0s

Evaluation:
[RSSCN7 x4]	psnr: 27.829 (Best: 27.850 @epoch 211)
Total time: 80.89s

[Epoch 213]	Learning rate: 1.00e-4
[40/1120]	[L1: 0.0349]	2.6+0.0s
[80/1120]	[L1: 0.0337]	2.6+0.0s
[120/1120]	[L1: 0.0309]	2.6+0.0s
[160/1120]	[L1: 0.0317]	2.6+0.0s
[200/1120]	[L1: 0.0311]	2.7+0.0s
[240/1120]	[L1: 0.0314]	2.6+0.0s
[280/1120]	[L1: 0.0317]	2.6+0.0s
[320/1120]	[L1: 0.0312]	2.6+0.0s
[360/1120]	[L1: 0.0314]	2.6+0.0s
[400/1120]	[L1: 0.0312]	2.6+0.0s
[440/1120]	[L1: 0.0310]	2.6+0.0s
[480/1120]	[L1: 0.0307]	2.6+0.0s
[520/1120]	[L1: 0.0307]	2.6+0.0s
[560/1120]	[L1: 0.0302]	2.6+0.0s
[600/1120]	[L1: 0.0304]	2.6+0.0s
[640/1120]	[L1: 0.0300]	2.6+0.0s
[680/1120]	[L1: 0.0299]	2.6+0.0s
[720/1120]	[L1: 0.0301]	2.6+0.0s
[760/1120]	[L1: 0.0302]	2.6+0.0s
[800/1120]	[L1: 0.0301]	2.6+0.0s
[840/1120]	[L1: 0.0303]	2.7+0.0s
[880/1120]	[L1: 0.0303]	2.6+0.0s
[920/1120]	[L1: 0.0305]	2.6+0.0s
[960/1120]	[L1: 0.0304]	2.6+0.0s
[1000/1120]	[L1: 0.0304]	2.6+0.0s
[1040/1120]	[L1: 0.0304]	2.6+0.0s
[1080/1120]	[L1: 0.0302]	2.6+0.0s
[1120/1120]	[L1: 0.0302]	2.8+0.0s

Evaluation:
[RSSCN7 x4]	psnr: 27.845 (Best: 27.850 @epoch 211)
Total time: 76.36s

[Epoch 214]	Learning rate: 1.00e-4
[40/1120]	[L1: 0.0347]	2.9+0.0s
[80/1120]	[L1: 0.0305]	2.8+0.0s
[120/1120]	[L1: 0.0310]	2.8+0.0s
[160/1120]	[L1: 0.0303]	2.6+0.0s
[200/1120]	[L1: 0.0306]	2.6+0.0s
[240/1120]	[L1: 0.0308]	2.6+0.0s
[280/1120]	[L1: 0.0304]	2.6+0.0s
[320/1120]	[L1: 0.0302]	2.6+0.0s
[360/1120]	[L1: 0.0303]	2.6+0.0s
[400/1120]	[L1: 0.0304]	2.6+0.0s
[440/1120]	[L1: 0.0303]	2.6+0.0s
[480/1120]	[L1: 0.0305]	2.6+0.0s
[520/1120]	[L1: 0.0305]	2.6+0.0s
[560/1120]	[L1: 0.0303]	2.6+0.0s
[600/1120]	[L1: 0.0305]	2.7+0.0s
[640/1120]	[L1: 0.0307]	2.6+0.0s
[680/1120]	[L1: 0.0304]	2.6+0.0s
[720/1120]	[L1: 0.0305]	2.6+0.0s
[760/1120]	[L1: 0.0306]	2.7+0.0s
[800/1120]	[L1: 0.0306]	2.6+0.0s
[840/1120]	[L1: 0.0305]	2.6+0.0s
[880/1120]	[L1: 0.0306]	2.6+0.0s
[920/1120]	[L1: 0.0305]	2.6+0.0s
[960/1120]	[L1: 0.0304]	2.6+0.0s
[1000/1120]	[L1: 0.0303]	2.6+0.0s
[1040/1120]	[L1: 0.0301]	2.7+0.0s
[1080/1120]	[L1: 0.0300]	2.6+0.0s
[1120/1120]	[L1: 0.0302]	2.6+0.0s

Evaluation:
[RSSCN7 x4]	psnr: 27.841 (Best: 27.850 @epoch 211)
Total time: 65.25s

[Epoch 215]	Learning rate: 1.00e-4
[40/1120]	[L1: 0.0306]	3.2+0.0s
[80/1120]	[L1: 0.0310]	3.2+0.0s
[120/1120]	[L1: 0.0308]	3.2+0.1s
[160/1120]	[L1: 0.0314]	3.0+0.0s
[200/1120]	[L1: 0.0315]	2.8+0.0s
[240/1120]	[L1: 0.0311]	2.8+0.0s
[280/1120]	[L1: 0.0304]	2.9+0.0s
[320/1120]	[L1: 0.0310]	2.6+0.0s
[360/1120]	[L1: 0.0309]	2.5+0.0s
[400/1120]	[L1: 0.0309]	2.6+0.0s
[440/1120]	[L1: 0.0305]	2.6+0.0s
[480/1120]	[L1: 0.0307]	2.7+0.0s
[520/1120]	[L1: 0.0309]	2.6+0.0s
[560/1120]	[L1: 0.0307]	2.6+0.0s
[600/1120]	[L1: 0.0307]	2.6+0.0s
[640/1120]	[L1: 0.0304]	2.6+0.0s
[680/1120]	[L1: 0.0302]	2.7+0.0s
[720/1120]	[L1: 0.0302]	2.6+0.0s
[760/1120]	[L1: 0.0301]	2.6+0.0s
[800/1120]	[L1: 0.0300]	2.6+0.0s
[840/1120]	[L1: 0.0301]	2.6+0.0s
[880/1120]	[L1: 0.0300]	2.6+0.0s
[920/1120]	[L1: 0.0301]	2.6+0.0s
[960/1120]	[L1: 0.0304]	2.7+0.0s
[1000/1120]	[L1: 0.0302]	2.6+0.0s
[1040/1120]	[L1: 0.0301]	2.6+0.0s
[1080/1120]	[L1: 0.0301]	2.6+0.0s
[1120/1120]	[L1: 0.0302]	2.7+0.0s

Evaluation:
[RSSCN7 x4]	psnr: 27.855 (Best: 27.855 @epoch 215)
Total time: 26.83s

[Epoch 216]	Learning rate: 1.00e-4
[40/1120]	[L1: 0.0305]	3.0+0.0s
[80/1120]	[L1: 0.0314]	3.0+0.0s
[120/1120]	[L1: 0.0313]	2.9+0.0s
[160/1120]	[L1: 0.0304]	3.2+0.0s
[200/1120]	[L1: 0.0304]	3.0+0.0s
[240/1120]	[L1: 0.0307]	2.9+0.0s
[280/1120]	[L1: 0.0305]	3.0+0.0s
[320/1120]	[L1: 0.0307]	2.8+0.0s
[360/1120]	[L1: 0.0306]	2.9+0.0s
[400/1120]	[L1: 0.0306]	2.7+0.0s
[440/1120]	[L1: 0.0306]	2.8+0.0s
[480/1120]	[L1: 0.0305]	3.0+0.0s
[520/1120]	[L1: 0.0306]	3.0+0.0s
[560/1120]	[L1: 0.0305]	3.1+0.0s
[600/1120]	[L1: 0.0307]	2.7+0.0s
[640/1120]	[L1: 0.0306]	2.6+0.0s
[680/1120]	[L1: 0.0306]	2.6+0.0s
[720/1120]	[L1: 0.0304]	2.6+0.0s
[760/1120]	[L1: 0.0304]	2.6+0.0s
[800/1120]	[L1: 0.0303]	2.7+0.0s
[840/1120]	[L1: 0.0304]	2.6+0.0s
[880/1120]	[L1: 0.0303]	2.6+0.0s
[920/1120]	[L1: 0.0303]	2.6+0.0s
[960/1120]	[L1: 0.0303]	2.6+0.0s
[1000/1120]	[L1: 0.0304]	2.6+0.0s
[1040/1120]	[L1: 0.0304]	2.6+0.0s
[1080/1120]	[L1: 0.0303]	2.6+0.0s
[1120/1120]	[L1: 0.0302]	2.6+0.0s

Evaluation:
[RSSCN7 x4]	psnr: 27.852 (Best: 27.855 @epoch 215)
Total time: 27.34s

[Epoch 217]	Learning rate: 1.00e-4
[40/1120]	[L1: 0.0323]	2.6+0.0s
[80/1120]	[L1: 0.0315]	2.7+0.0s
[120/1120]	[L1: 0.0303]	2.6+0.0s
[160/1120]	[L1: 0.0303]	2.6+0.0s
[200/1120]	[L1: 0.0302]	2.6+0.0s
[240/1120]	[L1: 0.0300]	2.8+0.0s
[280/1120]	[L1: 0.0304]	2.9+0.0s
[320/1120]	[L1: 0.0300]	3.1+0.0s
[360/1120]	[L1: 0.0301]	3.2+0.0s
[400/1120]	[L1: 0.0299]	3.0+0.0s
[440/1120]	[L1: 0.0299]	2.9+0.0s
[480/1120]	[L1: 0.0298]	2.8+0.0s
[520/1120]	[L1: 0.0300]	2.9+0.0s
[560/1120]	[L1: 0.0299]	2.8+0.0s
[600/1120]	[L1: 0.0301]	2.7+0.0s
[640/1120]	[L1: 0.0302]	2.8+0.0s
[680/1120]	[L1: 0.0301]	2.9+0.0s
[720/1120]	[L1: 0.0302]	3.0+0.0s
[760/1120]	[L1: 0.0305]	2.8+0.0s
[800/1120]	[L1: 0.0304]	2.9+0.0s
[840/1120]	[L1: 0.0305]	3.0+0.0s
[880/1120]	[L1: 0.0303]	2.7+0.0s
[920/1120]	[L1: 0.0303]	2.6+0.0s
[960/1120]	[L1: 0.0304]	2.7+0.0s
[1000/1120]	[L1: 0.0303]	2.6+0.0s
[1040/1120]	[L1: 0.0303]	2.6+0.0s
[1080/1120]	[L1: 0.0303]	2.8+0.0s
[1120/1120]	[L1: 0.0304]	2.6+0.0s

Evaluation:
[RSSCN7 x4]	psnr: 27.844 (Best: 27.855 @epoch 215)
Total time: 26.34s

[Epoch 218]	Learning rate: 1.00e-4
[40/1120]	[L1: 0.0304]	2.6+0.1s
[80/1120]	[L1: 0.0318]	2.6+0.0s
[120/1120]	[L1: 0.0308]	2.6+0.0s
[160/1120]	[L1: 0.0310]	2.7+0.0s
[200/1120]	[L1: 0.0300]	2.6+0.0s
[240/1120]	[L1: 0.0299]	2.6+0.0s
[280/1120]	[L1: 0.0298]	2.6+0.0s
[320/1120]	[L1: 0.0300]	2.6+0.0s
[360/1120]	[L1: 0.0300]	2.6+0.0s
[400/1120]	[L1: 0.0302]	2.6+0.0s
[440/1120]	[L1: 0.0302]	2.6+0.0s
[480/1120]	[L1: 0.0302]	2.6+0.0s
[520/1120]	[L1: 0.0304]	2.6+0.0s
[560/1120]	[L1: 0.0307]	3.1+0.0s
[600/1120]	[L1: 0.0307]	3.1+0.0s
[640/1120]	[L1: 0.0307]	2.7+0.0s
[680/1120]	[L1: 0.0310]	2.7+0.0s
[720/1120]	[L1: 0.0308]	2.8+0.0s
[760/1120]	[L1: 0.0307]	3.1+0.0s
[800/1120]	[L1: 0.0307]	3.2+0.0s
[840/1120]	[L1: 0.0305]	3.1+0.0s
[880/1120]	[L1: 0.0304]	2.9+0.0s
[920/1120]	[L1: 0.0302]	2.8+0.0s
[960/1120]	[L1: 0.0301]	2.8+0.0s
[1000/1120]	[L1: 0.0302]	2.8+0.0s
[1040/1120]	[L1: 0.0301]	2.7+0.0s
[1080/1120]	[L1: 0.0301]	2.9+0.0s
[1120/1120]	[L1: 0.0302]	2.6+0.0s

Evaluation:
[RSSCN7 x4]	psnr: 27.827 (Best: 27.855 @epoch 215)
Total time: 27.43s

[Epoch 219]	Learning rate: 1.00e-4
[40/1120]	[L1: 0.0302]	2.6+0.0s
[80/1120]	[L1: 0.0312]	2.7+0.0s
[120/1120]	[L1: 0.0303]	2.6+0.0s
[160/1120]	[L1: 0.0305]	2.6+0.0s
[200/1120]	[L1: 0.0306]	2.6+0.0s
[240/1120]	[L1: 0.0307]	2.6+0.0s
[280/1120]	[L1: 0.0308]	2.6+0.0s
[320/1120]	[L1: 0.0307]	2.7+0.0s
[360/1120]	[L1: 0.0305]	2.6+0.0s
[400/1120]	[L1: 0.0307]	2.6+0.0s
[440/1120]	[L1: 0.0308]	2.6+0.0s
[480/1120]	[L1: 0.0309]	2.6+0.0s
[520/1120]	[L1: 0.0308]	2.7+0.0s
[560/1120]	[L1: 0.0309]	2.6+0.0s
[600/1120]	[L1: 0.0307]	2.6+0.0s
[640/1120]	[L1: 0.0306]	2.6+0.0s
[680/1120]	[L1: 0.0306]	2.6+0.0s
[720/1120]	[L1: 0.0304]	2.6+0.0s
[760/1120]	[L1: 0.0304]	2.6+0.0s
[800/1120]	[L1: 0.0305]	3.1+0.0s
[840/1120]	[L1: 0.0302]	2.9+0.0s
[880/1120]	[L1: 0.0303]	3.2+0.0s
[920/1120]	[L1: 0.0304]	3.2+0.0s
[960/1120]	[L1: 0.0303]	3.2+0.0s
[1000/1120]	[L1: 0.0302]	2.9+0.0s
[1040/1120]	[L1: 0.0302]	2.9+0.0s
[1080/1120]	[L1: 0.0302]	3.2+0.0s
[1120/1120]	[L1: 0.0302]	2.9+0.0s

Evaluation:
[RSSCN7 x4]	psnr: 27.850 (Best: 27.855 @epoch 215)
Total time: 79.96s

[Epoch 220]	Learning rate: 1.00e-4
[40/1120]	[L1: 0.0331]	2.6+0.0s
[80/1120]	[L1: 0.0322]	2.6+0.0s
[120/1120]	[L1: 0.0310]	2.6+0.0s
[160/1120]	[L1: 0.0313]	2.6+0.0s
[200/1120]	[L1: 0.0307]	2.6+0.0s
[240/1120]	[L1: 0.0310]	2.6+0.0s
[280/1120]	[L1: 0.0311]	2.6+0.0s
[320/1120]	[L1: 0.0312]	2.6+0.0s
[360/1120]	[L1: 0.0311]	2.6+0.0s
[400/1120]	[L1: 0.0310]	2.6+0.0s
[440/1120]	[L1: 0.0310]	2.6+0.0s
[480/1120]	[L1: 0.0306]	2.6+0.0s
[520/1120]	[L1: 0.0305]	2.6+0.0s
[560/1120]	[L1: 0.0305]	2.6+0.0s
[600/1120]	[L1: 0.0306]	2.6+0.0s
[640/1120]	[L1: 0.0305]	2.6+0.0s
[680/1120]	[L1: 0.0303]	2.6+0.0s
[720/1120]	[L1: 0.0302]	2.7+0.0s
[760/1120]	[L1: 0.0304]	2.6+0.0s
[800/1120]	[L1: 0.0303]	2.6+0.0s
[840/1120]	[L1: 0.0304]	2.6+0.0s
[880/1120]	[L1: 0.0306]	2.6+0.0s
[920/1120]	[L1: 0.0304]	2.7+0.0s
[960/1120]	[L1: 0.0305]	2.7+0.0s
[1000/1120]	[L1: 0.0305]	2.9+0.0s
[1040/1120]	[L1: 0.0303]	2.9+0.0s
[1080/1120]	[L1: 0.0303]	3.3+0.0s
[1120/1120]	[L1: 0.0302]	3.2+0.0s

Evaluation:
[RSSCN7 x4]	psnr: 27.836 (Best: 27.855 @epoch 215)
Total time: 88.01s

[Epoch 221]	Learning rate: 1.00e-4
[40/1120]	[L1: 0.0320]	2.5+0.0s
[80/1120]	[L1: 0.0332]	2.6+0.0s
[120/1120]	[L1: 0.0324]	2.8+0.0s
[160/1120]	[L1: 0.0317]	2.6+0.0s
[200/1120]	[L1: 0.0304]	2.7+0.0s
[240/1120]	[L1: 0.0311]	2.6+0.0s
[280/1120]	[L1: 0.0308]	2.7+0.0s
[320/1120]	[L1: 0.0304]	2.6+0.0s
[360/1120]	[L1: 0.0297]	2.6+0.0s
[400/1120]	[L1: 0.0297]	2.6+0.0s
[440/1120]	[L1: 0.0298]	2.7+0.0s
[480/1120]	[L1: 0.0300]	2.6+0.0s
[520/1120]	[L1: 0.0306]	2.6+0.0s
[560/1120]	[L1: 0.0306]	2.6+0.0s
[600/1120]	[L1: 0.0304]	2.6+0.0s
[640/1120]	[L1: 0.0303]	2.7+0.0s
[680/1120]	[L1: 0.0303]	2.6+0.0s
[720/1120]	[L1: 0.0305]	2.6+0.0s
[760/1120]	[L1: 0.0305]	2.6+0.0s
[800/1120]	[L1: 0.0305]	2.6+0.0s
[840/1120]	[L1: 0.0304]	2.6+0.0s
[880/1120]	[L1: 0.0303]	2.7+0.0s
[920/1120]	[L1: 0.0304]	2.6+0.0s
[960/1120]	[L1: 0.0305]	2.6+0.0s
[1000/1120]	[L1: 0.0304]	2.6+0.0s
[1040/1120]	[L1: 0.0303]	2.6+0.0s
[1080/1120]	[L1: 0.0303]	2.7+0.0s
[1120/1120]	[L1: 0.0302]	2.8+0.0s

Evaluation:
[RSSCN7 x4]	psnr: 27.855 (Best: 27.855 @epoch 215)
Total time: 117.55s

[Epoch 222]	Learning rate: 1.00e-4
[40/1120]	[L1: 0.0301]	2.9+0.0s
[80/1120]	[L1: 0.0305]	2.8+0.0s
[120/1120]	[L1: 0.0320]	3.0+0.0s
[160/1120]	[L1: 0.0315]	2.7+0.0s
[200/1120]	[L1: 0.0314]	2.8+0.0s
[240/1120]	[L1: 0.0312]	2.7+0.0s
[280/1120]	[L1: 0.0310]	2.6+0.0s
[320/1120]	[L1: 0.0308]	2.6+0.0s
[360/1120]	[L1: 0.0307]	2.6+0.0s
[400/1120]	[L1: 0.0307]	2.6+0.0s
[440/1120]	[L1: 0.0303]	2.6+0.0s
[480/1120]	[L1: 0.0301]	2.6+0.0s
[520/1120]	[L1: 0.0299]	2.6+0.0s
[560/1120]	[L1: 0.0298]	2.7+0.0s
[600/1120]	[L1: 0.0297]	2.6+0.0s
[640/1120]	[L1: 0.0300]	2.6+0.0s
[680/1120]	[L1: 0.0302]	2.6+0.0s
[720/1120]	[L1: 0.0303]	2.6+0.0s
[760/1120]	[L1: 0.0303]	2.6+0.0s
[800/1120]	[L1: 0.0302]	2.7+0.0s
[840/1120]	[L1: 0.0302]	2.6+0.0s
[880/1120]	[L1: 0.0302]	2.6+0.0s
[920/1120]	[L1: 0.0303]	2.6+0.0s
[960/1120]	[L1: 0.0303]	2.6+0.0s
[1000/1120]	[L1: 0.0302]	2.7+0.0s
[1040/1120]	[L1: 0.0303]	2.6+0.0s
[1080/1120]	[L1: 0.0302]	2.6+0.0s
[1120/1120]	[L1: 0.0302]	2.6+0.0s

Evaluation:
[RSSCN7 x4]	psnr: 27.842 (Best: 27.855 @epoch 215)
Total time: 85.79s

[Epoch 223]	Learning rate: 1.00e-4
[40/1120]	[L1: 0.0285]	3.2+0.0s
[80/1120]	[L1: 0.0286]	2.8+0.0s
[120/1120]	[L1: 0.0283]	2.7+0.0s
[160/1120]	[L1: 0.0294]	2.9+0.0s
[200/1120]	[L1: 0.0299]	3.0+0.0s
[240/1120]	[L1: 0.0297]	2.8+0.0s
[280/1120]	[L1: 0.0301]	2.7+0.0s
[320/1120]	[L1: 0.0304]	2.6+0.0s
[360/1120]	[L1: 0.0299]	2.6+0.0s
[400/1120]	[L1: 0.0302]	2.6+0.0s
[440/1120]	[L1: 0.0304]	2.6+0.0s
[480/1120]	[L1: 0.0305]	2.7+0.0s
[520/1120]	[L1: 0.0303]	2.6+0.0s
[560/1120]	[L1: 0.0299]	2.6+0.0s
[600/1120]	[L1: 0.0299]	2.6+0.0s
[640/1120]	[L1: 0.0300]	2.6+0.0s
[680/1120]	[L1: 0.0299]	2.7+0.0s
[720/1120]	[L1: 0.0300]	2.8+0.0s
[760/1120]	[L1: 0.0300]	2.7+0.0s
[800/1120]	[L1: 0.0299]	2.6+0.0s
[840/1120]	[L1: 0.0298]	2.8+0.0s
[880/1120]	[L1: 0.0299]	2.6+0.0s
[920/1120]	[L1: 0.0301]	2.6+0.0s
[960/1120]	[L1: 0.0300]	2.9+0.0s
[1000/1120]	[L1: 0.0301]	2.8+0.0s
[1040/1120]	[L1: 0.0301]	2.6+0.0s
[1080/1120]	[L1: 0.0301]	2.6+0.0s
[1120/1120]	[L1: 0.0302]	2.6+0.0s

Evaluation:
[RSSCN7 x4]	psnr: 27.847 (Best: 27.855 @epoch 215)
Total time: 64.26s

[Epoch 224]	Learning rate: 1.00e-4
[40/1120]	[L1: 0.0307]	3.1+0.0s
[80/1120]	[L1: 0.0295]	3.0+0.0s
[120/1120]	[L1: 0.0297]	2.8+0.0s
[160/1120]	[L1: 0.0290]	2.9+0.0s
[200/1120]	[L1: 0.0290]	2.8+0.0s
[240/1120]	[L1: 0.0300]	2.8+0.0s
[280/1120]	[L1: 0.0302]	2.6+0.0s
[320/1120]	[L1: 0.0308]	2.8+0.0s
[360/1120]	[L1: 0.0308]	2.8+0.0s
[400/1120]	[L1: 0.0308]	2.8+0.0s
[440/1120]	[L1: 0.0308]	2.8+0.0s
[480/1120]	[L1: 0.0306]	2.6+0.0s
[520/1120]	[L1: 0.0303]	2.6+0.0s
[560/1120]	[L1: 0.0300]	2.6+0.0s
[600/1120]	[L1: 0.0298]	2.6+0.0s
[640/1120]	[L1: 0.0297]	2.7+0.0s
[680/1120]	[L1: 0.0299]	2.6+0.0s
[720/1120]	[L1: 0.0300]	2.6+0.0s
[760/1120]	[L1: 0.0301]	2.6+0.0s
[800/1120]	[L1: 0.0303]	2.6+0.0s
[840/1120]	[L1: 0.0303]	2.6+0.0s
[880/1120]	[L1: 0.0301]	2.7+0.0s
[920/1120]	[L1: 0.0304]	2.6+0.0s
[960/1120]	[L1: 0.0302]	2.6+0.0s
[1000/1120]	[L1: 0.0301]	2.6+0.0s
[1040/1120]	[L1: 0.0302]	2.6+0.0s
[1080/1120]	[L1: 0.0301]	2.7+0.0s
[1120/1120]	[L1: 0.0302]	2.6+0.0s

Evaluation:
[RSSCN7 x4]	psnr: 27.852 (Best: 27.855 @epoch 215)
Total time: 26.69s

[Epoch 225]	Learning rate: 1.00e-4
[40/1120]	[L1: 0.0321]	2.8+0.0s
[80/1120]	[L1: 0.0343]	2.7+0.0s
[120/1120]	[L1: 0.0331]	2.7+0.0s
[160/1120]	[L1: 0.0326]	2.8+0.0s
[200/1120]	[L1: 0.0326]	2.7+0.1s
[240/1120]	[L1: 0.0316]	2.9+0.0s
[280/1120]	[L1: 0.0314]	2.9+0.0s
[320/1120]	[L1: 0.0312]	2.9+0.0s
[360/1120]	[L1: 0.0306]	2.9+0.0s
[400/1120]	[L1: 0.0301]	2.7+0.0s
[440/1120]	[L1: 0.0301]	2.7+0.0s
[480/1120]	[L1: 0.0301]	2.8+0.0s
[520/1120]	[L1: 0.0303]	2.8+0.0s
[560/1120]	[L1: 0.0299]	2.9+0.0s
[600/1120]	[L1: 0.0298]	3.0+0.0s
[640/1120]	[L1: 0.0299]	2.8+0.0s
[680/1120]	[L1: 0.0298]	2.9+0.0s
[720/1120]	[L1: 0.0299]	2.6+0.0s
[760/1120]	[L1: 0.0299]	2.6+0.0s
[800/1120]	[L1: 0.0301]	2.7+0.0s
[840/1120]	[L1: 0.0302]	2.6+0.0s
[880/1120]	[L1: 0.0304]	2.6+0.0s
[920/1120]	[L1: 0.0304]	2.6+0.0s
[960/1120]	[L1: 0.0303]	2.6+0.0s
[1000/1120]	[L1: 0.0300]	2.7+0.0s
[1040/1120]	[L1: 0.0303]	2.6+0.0s
[1080/1120]	[L1: 0.0303]	2.6+0.0s
[1120/1120]	[L1: 0.0304]	2.6+0.0s

Evaluation:
[RSSCN7 x4]	psnr: 27.843 (Best: 27.855 @epoch 215)
Total time: 27.23s

[Epoch 226]	Learning rate: 1.00e-4
[40/1120]	[L1: 0.0324]	2.7+0.0s
[80/1120]	[L1: 0.0321]	2.6+0.0s
[120/1120]	[L1: 0.0311]	2.6+0.0s
[160/1120]	[L1: 0.0316]	2.6+0.0s
[200/1120]	[L1: 0.0309]	2.6+0.0s
[240/1120]	[L1: 0.0303]	2.6+0.0s
[280/1120]	[L1: 0.0304]	2.6+0.0s
[320/1120]	[L1: 0.0305]	2.6+0.0s
[360/1120]	[L1: 0.0309]	2.6+0.0s
[400/1120]	[L1: 0.0308]	2.7+0.0s
[440/1120]	[L1: 0.0304]	3.0+0.0s
[480/1120]	[L1: 0.0305]	3.1+0.0s
[520/1120]	[L1: 0.0304]	2.9+0.1s
[560/1120]	[L1: 0.0302]	2.8+0.0s
[600/1120]	[L1: 0.0304]	3.0+0.0s
[640/1120]	[L1: 0.0305]	2.9+0.0s
[680/1120]	[L1: 0.0304]	2.9+0.0s
[720/1120]	[L1: 0.0303]	3.0+0.1s
[760/1120]	[L1: 0.0304]	2.9+0.0s
[800/1120]	[L1: 0.0302]	2.8+0.0s
[840/1120]	[L1: 0.0303]	2.8+0.0s
[880/1120]	[L1: 0.0301]	2.8+0.0s
[920/1120]	[L1: 0.0301]	3.1+0.0s
[960/1120]	[L1: 0.0300]	3.2+0.0s
[1000/1120]	[L1: 0.0299]	2.9+0.0s
[1040/1120]	[L1: 0.0300]	2.8+0.0s
[1080/1120]	[L1: 0.0302]	2.6+0.0s
[1120/1120]	[L1: 0.0302]	2.7+0.0s

Evaluation:
[RSSCN7 x4]	psnr: 27.830 (Best: 27.855 @epoch 215)
Total time: 26.54s

[Epoch 227]	Learning rate: 1.00e-4
[40/1120]	[L1: 0.0302]	2.8+0.0s
[80/1120]	[L1: 0.0320]	2.7+0.0s
[120/1120]	[L1: 0.0319]	2.6+0.0s
[160/1120]	[L1: 0.0314]	2.6+0.0s
[200/1120]	[L1: 0.0313]	2.7+0.0s
[240/1120]	[L1: 0.0308]	2.6+0.0s
[280/1120]	[L1: 0.0310]	2.6+0.0s
[320/1120]	[L1: 0.0301]	2.6+0.0s
[360/1120]	[L1: 0.0304]	2.6+0.0s
[400/1120]	[L1: 0.0305]	2.6+0.0s
[440/1120]	[L1: 0.0309]	2.7+0.0s
[480/1120]	[L1: 0.0307]	2.6+0.0s
[520/1120]	[L1: 0.0308]	2.6+0.0s
[560/1120]	[L1: 0.0306]	2.6+0.0s
[600/1120]	[L1: 0.0306]	2.6+0.0s
[640/1120]	[L1: 0.0306]	2.8+0.0s
[680/1120]	[L1: 0.0308]	2.8+0.0s
[720/1120]	[L1: 0.0308]	2.8+0.0s
[760/1120]	[L1: 0.0308]	2.8+0.0s
[800/1120]	[L1: 0.0307]	2.8+0.0s
[840/1120]	[L1: 0.0306]	3.1+0.0s
[880/1120]	[L1: 0.0306]	3.3+0.0s
[920/1120]	[L1: 0.0305]	3.3+0.0s
[960/1120]	[L1: 0.0305]	3.0+0.0s
[1000/1120]	[L1: 0.0305]	3.1+0.0s
[1040/1120]	[L1: 0.0304]	3.1+0.0s
[1080/1120]	[L1: 0.0303]	3.1+0.0s
[1120/1120]	[L1: 0.0302]	3.0+0.0s

Evaluation:
[RSSCN7 x4]	psnr: 27.839 (Best: 27.855 @epoch 215)
Total time: 38.55s

[Epoch 228]	Learning rate: 1.00e-4
[40/1120]	[L1: 0.0278]	2.6+0.0s
[80/1120]	[L1: 0.0291]	2.6+0.0s
[120/1120]	[L1: 0.0306]	2.7+0.0s
[160/1120]	[L1: 0.0311]	2.6+0.0s
[200/1120]	[L1: 0.0315]	2.6+0.0s
[240/1120]	[L1: 0.0317]	2.6+0.0s
[280/1120]	[L1: 0.0314]	2.6+0.0s
[320/1120]	[L1: 0.0313]	2.6+0.0s
[360/1120]	[L1: 0.0313]	2.7+0.0s
[400/1120]	[L1: 0.0312]	2.6+0.0s
[440/1120]	[L1: 0.0314]	2.6+0.0s
[480/1120]	[L1: 0.0312]	2.6+0.0s
[520/1120]	[L1: 0.0312]	2.6+0.0s
[560/1120]	[L1: 0.0310]	2.7+0.0s
[600/1120]	[L1: 0.0310]	2.6+0.0s
[640/1120]	[L1: 0.0306]	2.6+0.0s
[680/1120]	[L1: 0.0306]	2.6+0.0s
[720/1120]	[L1: 0.0306]	2.6+0.0s
[760/1120]	[L1: 0.0307]	2.6+0.0s
[800/1120]	[L1: 0.0309]	2.7+0.0s
[840/1120]	[L1: 0.0308]	2.7+0.0s
[880/1120]	[L1: 0.0308]	2.8+0.0s
[920/1120]	[L1: 0.0305]	2.9+0.0s
[960/1120]	[L1: 0.0305]	3.0+0.0s
[1000/1120]	[L1: 0.0306]	3.0+0.0s
[1040/1120]	[L1: 0.0305]	2.8+0.0s
[1080/1120]	[L1: 0.0305]	3.0+0.1s
[1120/1120]	[L1: 0.0303]	2.8+0.0s

Evaluation:
[RSSCN7 x4]	psnr: 27.840 (Best: 27.855 @epoch 215)
Total time: 95.11s

[Epoch 229]	Learning rate: 1.00e-4
[40/1120]	[L1: 0.0295]	2.6+0.0s
[80/1120]	[L1: 0.0313]	2.5+0.0s
[120/1120]	[L1: 0.0304]	2.5+0.0s
[160/1120]	[L1: 0.0314]	2.5+0.0s
[200/1120]	[L1: 0.0309]	2.5+0.0s
[240/1120]	[L1: 0.0308]	2.6+0.0s
[280/1120]	[L1: 0.0304]	2.6+0.0s
[320/1120]	[L1: 0.0302]	2.6+0.0s
[360/1120]	[L1: 0.0305]	2.6+0.0s
[400/1120]	[L1: 0.0306]	2.6+0.0s
[440/1120]	[L1: 0.0305]	2.6+0.0s
[480/1120]	[L1: 0.0305]	2.6+0.0s
[520/1120]	[L1: 0.0303]	2.6+0.0s
[560/1120]	[L1: 0.0300]	2.6+0.0s
[600/1120]	[L1: 0.0300]	2.6+0.0s
[640/1120]	[L1: 0.0300]	2.6+0.0s
[680/1120]	[L1: 0.0297]	2.6+0.0s
[720/1120]	[L1: 0.0300]	2.6+0.0s
[760/1120]	[L1: 0.0301]	2.7+0.0s
[800/1120]	[L1: 0.0304]	2.6+0.0s
[840/1120]	[L1: 0.0307]	2.6+0.0s
[880/1120]	[L1: 0.0307]	2.6+0.0s
[920/1120]	[L1: 0.0307]	2.6+0.0s
[960/1120]	[L1: 0.0305]	2.7+0.0s
[1000/1120]	[L1: 0.0304]	2.6+0.0s
[1040/1120]	[L1: 0.0303]	2.6+0.0s
[1080/1120]	[L1: 0.0302]	2.6+0.0s
[1120/1120]	[L1: 0.0302]	2.9+0.0s

Evaluation:
[RSSCN7 x4]	psnr: 27.857 (Best: 27.857 @epoch 229)
Total time: 103.08s

[Epoch 230]	Learning rate: 1.00e-4
[40/1120]	[L1: 0.0319]	3.1+0.1s
[80/1120]	[L1: 0.0322]	3.1+0.0s
[120/1120]	[L1: 0.0313]	3.1+0.0s
[160/1120]	[L1: 0.0318]	2.8+0.0s
[200/1120]	[L1: 0.0303]	2.8+0.0s
[240/1120]	[L1: 0.0302]	2.7+0.0s
[280/1120]	[L1: 0.0307]	2.6+0.0s
[320/1120]	[L1: 0.0304]	2.6+0.0s
[360/1120]	[L1: 0.0306]	2.6+0.0s
[400/1120]	[L1: 0.0306]	2.6+0.0s
[440/1120]	[L1: 0.0306]	2.7+0.0s
[480/1120]	[L1: 0.0305]	2.6+0.0s
[520/1120]	[L1: 0.0306]	2.6+0.0s
[560/1120]	[L1: 0.0307]	2.6+0.0s
[600/1120]	[L1: 0.0308]	2.6+0.0s
[640/1120]	[L1: 0.0307]	2.6+0.0s
[680/1120]	[L1: 0.0306]	2.7+0.0s
[720/1120]	[L1: 0.0304]	2.6+0.0s
[760/1120]	[L1: 0.0302]	2.6+0.0s
[800/1120]	[L1: 0.0301]	2.6+0.0s
[840/1120]	[L1: 0.0303]	2.6+0.0s
[880/1120]	[L1: 0.0302]	2.7+0.0s
[920/1120]	[L1: 0.0302]	2.6+0.0s
[960/1120]	[L1: 0.0304]	2.6+0.0s
[1000/1120]	[L1: 0.0303]	2.6+0.0s
[1040/1120]	[L1: 0.0303]	2.6+0.0s
[1080/1120]	[L1: 0.0303]	2.6+0.0s
[1120/1120]	[L1: 0.0303]	2.6+0.0s

Evaluation:
[RSSCN7 x4]	psnr: 27.847 (Best: 27.857 @epoch 229)
Total time: 89.78s

[Epoch 231]	Learning rate: 1.00e-4
[40/1120]	[L1: 0.0319]	3.2+0.1s
[80/1120]	[L1: 0.0313]	3.1+0.0s
[120/1120]	[L1: 0.0311]	2.9+0.0s
[160/1120]	[L1: 0.0309]	2.8+0.0s
[200/1120]	[L1: 0.0310]	3.0+0.0s
[240/1120]	[L1: 0.0308]	2.8+0.0s
[280/1120]	[L1: 0.0319]	2.6+0.0s
[320/1120]	[L1: 0.0321]	2.6+0.0s
[360/1120]	[L1: 0.0321]	2.6+0.0s
[400/1120]	[L1: 0.0321]	2.7+0.0s
[440/1120]	[L1: 0.0316]	2.6+0.0s
[480/1120]	[L1: 0.0315]	2.6+0.0s
[520/1120]	[L1: 0.0314]	2.6+0.0s
[560/1120]	[L1: 0.0311]	2.6+0.0s
[600/1120]	[L1: 0.0311]	2.6+0.0s
[640/1120]	[L1: 0.0309]	2.7+0.0s
[680/1120]	[L1: 0.0308]	2.6+0.0s
[720/1120]	[L1: 0.0305]	2.6+0.0s
[760/1120]	[L1: 0.0303]	2.6+0.0s
[800/1120]	[L1: 0.0302]	2.6+0.0s
[840/1120]	[L1: 0.0303]	2.7+0.0s
[880/1120]	[L1: 0.0304]	2.6+0.0s
[920/1120]	[L1: 0.0303]	2.6+0.0s
[960/1120]	[L1: 0.0302]	2.6+0.0s
[1000/1120]	[L1: 0.0302]	2.6+0.0s
[1040/1120]	[L1: 0.0302]	2.6+0.0s
[1080/1120]	[L1: 0.0302]	2.6+0.0s
[1120/1120]	[L1: 0.0302]	2.9+0.0s

Evaluation:
[RSSCN7 x4]	psnr: 27.828 (Best: 27.857 @epoch 229)
Total time: 50.92s

[Epoch 232]	Learning rate: 1.00e-4
[40/1120]	[L1: 0.0314]	2.9+0.0s
[80/1120]	[L1: 0.0297]	3.3+0.0s
[120/1120]	[L1: 0.0305]	3.2+0.0s
[160/1120]	[L1: 0.0307]	3.0+0.0s
[200/1120]	[L1: 0.0300]	2.7+0.0s
[240/1120]	[L1: 0.0295]	2.7+0.0s
[280/1120]	[L1: 0.0295]	2.7+0.0s
[320/1120]	[L1: 0.0299]	2.7+0.0s
[360/1120]	[L1: 0.0302]	2.7+0.0s
[400/1120]	[L1: 0.0306]	2.7+0.0s
[440/1120]	[L1: 0.0305]	2.6+0.0s
[480/1120]	[L1: 0.0308]	2.7+0.0s
[520/1120]	[L1: 0.0309]	2.6+0.0s
[560/1120]	[L1: 0.0307]	2.8+0.0s
[600/1120]	[L1: 0.0304]	2.8+0.0s
[640/1120]	[L1: 0.0305]	2.6+0.0s
[680/1120]	[L1: 0.0306]	2.6+0.0s
[720/1120]	[L1: 0.0306]	2.6+0.0s
[760/1120]	[L1: 0.0305]	2.7+0.0s
[800/1120]	[L1: 0.0303]	2.7+0.0s
[840/1120]	[L1: 0.0302]	2.8+0.0s
[880/1120]	[L1: 0.0303]	2.6+0.0s
[920/1120]	[L1: 0.0301]	2.6+0.0s
[960/1120]	[L1: 0.0301]	2.6+0.0s
[1000/1120]	[L1: 0.0302]	2.6+0.0s
[1040/1120]	[L1: 0.0302]	2.7+0.0s
[1080/1120]	[L1: 0.0301]	2.6+0.0s
[1120/1120]	[L1: 0.0301]	2.6+0.0s

Evaluation:
[RSSCN7 x4]	psnr: 27.842 (Best: 27.857 @epoch 229)
Total time: 26.66s

[Epoch 233]	Learning rate: 1.00e-4
[40/1120]	[L1: 0.0292]	2.8+0.1s
[80/1120]	[L1: 0.0285]	2.7+0.0s
[120/1120]	[L1: 0.0287]	2.6+0.0s
[160/1120]	[L1: 0.0288]	2.9+0.0s
[200/1120]	[L1: 0.0298]	3.1+0.0s
[240/1120]	[L1: 0.0299]	3.3+0.0s
[280/1120]	[L1: 0.0303]	3.0+0.0s
[320/1120]	[L1: 0.0305]	3.1+0.0s
[360/1120]	[L1: 0.0301]	3.2+0.0s
[400/1120]	[L1: 0.0302]	3.1+0.0s
[440/1120]	[L1: 0.0303]	3.1+0.0s
[480/1120]	[L1: 0.0304]	3.3+0.0s
[520/1120]	[L1: 0.0306]	3.2+0.0s
[560/1120]	[L1: 0.0305]	2.8+0.0s
[600/1120]	[L1: 0.0306]	2.8+0.0s
[640/1120]	[L1: 0.0306]	2.9+0.1s
[680/1120]	[L1: 0.0303]	3.1+0.0s
[720/1120]	[L1: 0.0301]	2.7+0.0s
[760/1120]	[L1: 0.0301]	2.6+0.0s
[800/1120]	[L1: 0.0298]	2.6+0.0s
[840/1120]	[L1: 0.0297]	2.6+0.0s
[880/1120]	[L1: 0.0298]	2.6+0.0s
[920/1120]	[L1: 0.0299]	2.9+0.0s
[960/1120]	[L1: 0.0300]	2.8+0.0s
[1000/1120]	[L1: 0.0300]	2.6+0.0s
[1040/1120]	[L1: 0.0300]	2.6+0.0s
[1080/1120]	[L1: 0.0300]	2.6+0.0s
[1120/1120]	[L1: 0.0301]	2.7+0.0s

Evaluation:
[RSSCN7 x4]	psnr: 27.850 (Best: 27.857 @epoch 229)
Total time: 26.54s

[Epoch 234]	Learning rate: 1.00e-4
[40/1120]	[L1: 0.0286]	2.6+0.0s
[80/1120]	[L1: 0.0299]	2.6+0.0s
[120/1120]	[L1: 0.0295]	2.6+0.0s
[160/1120]	[L1: 0.0293]	2.7+0.0s
[200/1120]	[L1: 0.0304]	2.6+0.0s
[240/1120]	[L1: 0.0305]	2.8+0.0s
[280/1120]	[L1: 0.0306]	2.7+0.0s
[320/1120]	[L1: 0.0303]	2.6+0.0s
[360/1120]	[L1: 0.0305]	2.7+0.0s
[400/1120]	[L1: 0.0304]	2.8+0.0s
[440/1120]	[L1: 0.0305]	2.9+0.0s
[480/1120]	[L1: 0.0305]	2.9+0.0s
[520/1120]	[L1: 0.0306]	2.8+0.0s
[560/1120]	[L1: 0.0307]	2.8+0.0s
[600/1120]	[L1: 0.0306]	3.0+0.0s
[640/1120]	[L1: 0.0304]	3.0+0.0s
[680/1120]	[L1: 0.0305]	3.2+0.0s
[720/1120]	[L1: 0.0306]	3.2+0.0s
[760/1120]	[L1: 0.0307]	3.2+0.0s
[800/1120]	[L1: 0.0309]	3.3+0.0s
[840/1120]	[L1: 0.0308]	3.3+0.0s
[880/1120]	[L1: 0.0307]	3.1+0.0s
[920/1120]	[L1: 0.0307]	3.2+0.0s
[960/1120]	[L1: 0.0306]	2.7+0.0s
[1000/1120]	[L1: 0.0306]	2.6+0.0s
[1040/1120]	[L1: 0.0304]	2.6+0.0s
[1080/1120]	[L1: 0.0303]	2.7+0.0s
[1120/1120]	[L1: 0.0302]	2.6+0.0s

Evaluation:
[RSSCN7 x4]	psnr: 27.851 (Best: 27.857 @epoch 229)
Total time: 27.26s

[Epoch 235]	Learning rate: 1.00e-4
[40/1120]	[L1: 0.0315]	2.6+0.0s
[80/1120]	[L1: 0.0318]	2.7+0.0s
[120/1120]	[L1: 0.0307]	2.6+0.0s
[160/1120]	[L1: 0.0302]	2.6+0.0s
[200/1120]	[L1: 0.0295]	2.6+0.0s
[240/1120]	[L1: 0.0301]	2.6+0.0s
[280/1120]	[L1: 0.0299]	2.7+0.0s
[320/1120]	[L1: 0.0302]	2.6+0.0s
[360/1120]	[L1: 0.0296]	2.6+0.0s
[400/1120]	[L1: 0.0297]	2.6+0.0s
[440/1120]	[L1: 0.0296]	2.6+0.0s
[480/1120]	[L1: 0.0298]	2.6+0.0s
[520/1120]	[L1: 0.0299]	2.6+0.0s
[560/1120]	[L1: 0.0300]	2.7+0.0s
[600/1120]	[L1: 0.0300]	2.6+0.0s
[640/1120]	[L1: 0.0300]	2.7+0.0s
[680/1120]	[L1: 0.0299]	3.1+0.0s
[720/1120]	[L1: 0.0299]	2.9+0.0s
[760/1120]	[L1: 0.0299]	2.9+0.0s
[800/1120]	[L1: 0.0299]	2.8+0.0s
[840/1120]	[L1: 0.0298]	2.7+0.0s
[880/1120]	[L1: 0.0300]	2.9+0.0s
[920/1120]	[L1: 0.0301]	3.2+0.0s
[960/1120]	[L1: 0.0301]	3.6+0.0s
[1000/1120]	[L1: 0.0301]	3.2+0.0s
[1040/1120]	[L1: 0.0302]	2.8+0.0s
[1080/1120]	[L1: 0.0303]	3.0+0.0s
[1120/1120]	[L1: 0.0302]	3.0+0.0s

Evaluation:
[RSSCN7 x4]	psnr: 27.843 (Best: 27.857 @epoch 229)
Total time: 34.71s

[Epoch 236]	Learning rate: 1.00e-4
[40/1120]	[L1: 0.0310]	2.6+0.0s
[80/1120]	[L1: 0.0306]	2.5+0.0s
[120/1120]	[L1: 0.0303]	2.6+0.0s
[160/1120]	[L1: 0.0302]	2.6+0.0s
[200/1120]	[L1: 0.0301]	2.7+0.0s
[240/1120]	[L1: 0.0303]	2.6+0.0s
[280/1120]	[L1: 0.0300]	2.6+0.0s
[320/1120]	[L1: 0.0296]	2.6+0.0s
[360/1120]	[L1: 0.0294]	2.6+0.0s
[400/1120]	[L1: 0.0294]	2.6+0.0s
[440/1120]	[L1: 0.0296]	2.6+0.0s
[480/1120]	[L1: 0.0296]	2.7+0.0s
[520/1120]	[L1: 0.0297]	2.6+0.0s
[560/1120]	[L1: 0.0298]	2.6+0.0s
[600/1120]	[L1: 0.0297]	2.6+0.0s
[640/1120]	[L1: 0.0297]	2.6+0.0s
[680/1120]	[L1: 0.0298]	2.7+0.0s
[720/1120]	[L1: 0.0298]	2.6+0.0s
[760/1120]	[L1: 0.0297]	2.6+0.0s
[800/1120]	[L1: 0.0298]	2.6+0.0s
[840/1120]	[L1: 0.0298]	2.6+0.0s
[880/1120]	[L1: 0.0299]	2.7+0.0s
[920/1120]	[L1: 0.0299]	3.0+0.0s
[960/1120]	[L1: 0.0300]	2.7+0.0s
[1000/1120]	[L1: 0.0301]	2.9+0.0s
[1040/1120]	[L1: 0.0300]	2.9+0.0s
[1080/1120]	[L1: 0.0301]	2.7+0.0s
[1120/1120]	[L1: 0.0301]	3.0+0.0s

Evaluation:
[RSSCN7 x4]	psnr: 27.840 (Best: 27.857 @epoch 229)
Total time: 92.16s

[Epoch 237]	Learning rate: 1.00e-4
[40/1120]	[L1: 0.0303]	2.5+0.0s
[80/1120]	[L1: 0.0290]	2.6+0.0s
[120/1120]	[L1: 0.0286]	2.6+0.0s
[160/1120]	[L1: 0.0296]	2.7+0.0s
[200/1120]	[L1: 0.0298]	2.6+0.0s
[240/1120]	[L1: 0.0299]	2.6+0.0s
[280/1120]	[L1: 0.0309]	2.6+0.0s
[320/1120]	[L1: 0.0310]	2.6+0.0s
[360/1120]	[L1: 0.0307]	2.6+0.0s
[400/1120]	[L1: 0.0303]	2.7+0.0s
[440/1120]	[L1: 0.0303]	2.6+0.0s
[480/1120]	[L1: 0.0303]	2.6+0.0s
[520/1120]	[L1: 0.0302]	2.6+0.0s
[560/1120]	[L1: 0.0303]	2.6+0.0s
[600/1120]	[L1: 0.0305]	2.6+0.0s
[640/1120]	[L1: 0.0306]	2.6+0.0s
[680/1120]	[L1: 0.0306]	2.6+0.0s
[720/1120]	[L1: 0.0305]	2.6+0.0s
[760/1120]	[L1: 0.0303]	2.6+0.0s
[800/1120]	[L1: 0.0303]	2.6+0.0s
[840/1120]	[L1: 0.0302]	2.7+0.0s
[880/1120]	[L1: 0.0303]	2.6+0.0s
[920/1120]	[L1: 0.0303]	2.6+0.0s
[960/1120]	[L1: 0.0302]	2.6+0.0s
[1000/1120]	[L1: 0.0302]	2.6+0.0s
[1040/1120]	[L1: 0.0302]	2.7+0.0s
[1080/1120]	[L1: 0.0301]	3.0+0.0s
[1120/1120]	[L1: 0.0301]	3.0+0.0s

Evaluation:
[RSSCN7 x4]	psnr: 27.851 (Best: 27.857 @epoch 229)
Total time: 88.76s

[Epoch 238]	Learning rate: 1.00e-4
[40/1120]	[L1: 0.0279]	4.1+0.0s
[80/1120]	[L1: 0.0290]	3.5+0.0s
[120/1120]	[L1: 0.0281]	2.6+0.0s
[160/1120]	[L1: 0.0285]	2.6+0.0s
[200/1120]	[L1: 0.0274]	2.6+0.0s
[240/1120]	[L1: 0.0284]	2.6+0.0s
[280/1120]	[L1: 0.0291]	2.6+0.0s
[320/1120]	[L1: 0.0293]	2.7+0.0s
[360/1120]	[L1: 0.0295]	2.8+0.0s
[400/1120]	[L1: 0.0295]	2.8+0.0s
[440/1120]	[L1: 0.0297]	2.6+0.0s
[480/1120]	[L1: 0.0297]	2.6+0.0s
[520/1120]	[L1: 0.0295]	2.7+0.0s
[560/1120]	[L1: 0.0296]	2.6+0.0s
[600/1120]	[L1: 0.0294]	2.6+0.0s
[640/1120]	[L1: 0.0296]	2.6+0.0s
[680/1120]	[L1: 0.0299]	2.6+0.0s
[720/1120]	[L1: 0.0300]	2.6+0.0s
[760/1120]	[L1: 0.0302]	2.7+0.0s
[800/1120]	[L1: 0.0301]	2.6+0.0s
[840/1120]	[L1: 0.0302]	2.6+0.0s
[880/1120]	[L1: 0.0301]	2.6+0.0s
[920/1120]	[L1: 0.0300]	2.6+0.0s
[960/1120]	[L1: 0.0300]	2.7+0.0s
[1000/1120]	[L1: 0.0301]	2.7+0.0s
[1040/1120]	[L1: 0.0301]	2.6+0.0s
[1080/1120]	[L1: 0.0302]	2.8+0.0s
[1120/1120]	[L1: 0.0301]	2.7+0.0s

Evaluation:
[RSSCN7 x4]	psnr: 27.849 (Best: 27.857 @epoch 229)
Total time: 77.16s

[Epoch 239]	Learning rate: 1.00e-4
[40/1120]	[L1: 0.0312]	2.7+0.1s
[80/1120]	[L1: 0.0297]	2.8+0.0s
[120/1120]	[L1: 0.0303]	3.1+0.0s
[160/1120]	[L1: 0.0306]	2.8+0.0s
[200/1120]	[L1: 0.0298]	2.8+0.0s
[240/1120]	[L1: 0.0300]	3.0+0.0s
[280/1120]	[L1: 0.0300]	3.0+0.0s
[320/1120]	[L1: 0.0298]	3.0+0.0s
[360/1120]	[L1: 0.0295]	2.6+0.1s
[400/1120]	[L1: 0.0294]	2.6+0.0s
[440/1120]	[L1: 0.0295]	2.6+0.0s
[480/1120]	[L1: 0.0297]	2.7+0.0s
[520/1120]	[L1: 0.0300]	2.6+0.0s
[560/1120]	[L1: 0.0299]	2.6+0.0s
[600/1120]	[L1: 0.0296]	2.6+0.0s
[640/1120]	[L1: 0.0294]	2.6+0.0s
[680/1120]	[L1: 0.0295]	2.6+0.0s
[720/1120]	[L1: 0.0297]	2.7+0.0s
[760/1120]	[L1: 0.0296]	2.6+0.0s
[800/1120]	[L1: 0.0299]	2.6+0.0s
[840/1120]	[L1: 0.0299]	2.6+0.0s
[880/1120]	[L1: 0.0301]	2.6+0.0s
[920/1120]	[L1: 0.0300]	2.7+0.0s
[960/1120]	[L1: 0.0300]	2.6+0.0s
[1000/1120]	[L1: 0.0302]	2.6+0.0s
[1040/1120]	[L1: 0.0303]	2.6+0.0s
[1080/1120]	[L1: 0.0301]	2.6+0.0s
[1120/1120]	[L1: 0.0301]	2.6+0.0s

Evaluation:
[RSSCN7 x4]	psnr: 27.852 (Best: 27.857 @epoch 229)
Total time: 27.05s

[Epoch 240]	Learning rate: 1.00e-4
[40/1120]	[L1: 0.0279]	3.3+0.1s
[80/1120]	[L1: 0.0286]	3.1+0.0s
[120/1120]	[L1: 0.0295]	2.9+0.0s
[160/1120]	[L1: 0.0299]	2.8+0.0s
[200/1120]	[L1: 0.0307]	3.0+0.0s
[240/1120]	[L1: 0.0300]	2.8+0.0s
[280/1120]	[L1: 0.0301]	2.7+0.0s
[320/1120]	[L1: 0.0301]	2.7+0.0s
[360/1120]	[L1: 0.0301]	2.7+0.0s
[400/1120]	[L1: 0.0305]	2.9+0.0s
[440/1120]	[L1: 0.0301]	2.8+0.0s
[480/1120]	[L1: 0.0302]	2.8+0.0s
[520/1120]	[L1: 0.0302]	3.2+0.0s
[560/1120]	[L1: 0.0300]	3.2+0.0s
[600/1120]	[L1: 0.0302]	2.7+0.0s
[640/1120]	[L1: 0.0301]	2.6+0.0s
[680/1120]	[L1: 0.0301]	2.7+0.0s
[720/1120]	[L1: 0.0302]	2.6+0.0s
[760/1120]	[L1: 0.0302]	2.6+0.0s
[800/1120]	[L1: 0.0299]	2.6+0.0s
[840/1120]	[L1: 0.0299]	2.6+0.0s
[880/1120]	[L1: 0.0300]	2.7+0.0s
[920/1120]	[L1: 0.0299]	2.6+0.0s
[960/1120]	[L1: 0.0299]	2.8+0.0s
[1000/1120]	[L1: 0.0299]	2.6+0.0s
[1040/1120]	[L1: 0.0299]	2.6+0.0s
[1080/1120]	[L1: 0.0301]	2.6+0.0s
[1120/1120]	[L1: 0.0302]	2.7+0.0s

Evaluation:
[RSSCN7 x4]	psnr: 27.849 (Best: 27.857 @epoch 229)
Total time: 26.75s

[Epoch 241]	Learning rate: 1.00e-4
[40/1120]	[L1: 0.0279]	2.6+0.0s
[80/1120]	[L1: 0.0295]	2.6+0.0s
[120/1120]	[L1: 0.0291]	2.6+0.0s
[160/1120]	[L1: 0.0301]	2.7+0.0s
[200/1120]	[L1: 0.0303]	2.6+0.0s
[240/1120]	[L1: 0.0303]	2.6+0.0s
[280/1120]	[L1: 0.0302]	2.6+0.0s
[320/1120]	[L1: 0.0302]	2.7+0.0s
[360/1120]	[L1: 0.0302]	2.8+0.0s
[400/1120]	[L1: 0.0305]	2.7+0.0s
[440/1120]	[L1: 0.0302]	2.8+0.0s
[480/1120]	[L1: 0.0302]	2.8+0.0s
[520/1120]	[L1: 0.0302]	2.6+0.0s
[560/1120]	[L1: 0.0304]	2.6+0.0s
[600/1120]	[L1: 0.0305]	2.7+0.0s
[640/1120]	[L1: 0.0303]	2.8+0.0s
[680/1120]	[L1: 0.0304]	2.6+0.0s
[720/1120]	[L1: 0.0306]	2.6+0.0s
[760/1120]	[L1: 0.0306]	2.8+0.0s
[800/1120]	[L1: 0.0304]	2.7+0.0s
[840/1120]	[L1: 0.0302]	2.7+0.0s
[880/1120]	[L1: 0.0302]	2.7+0.0s
[920/1120]	[L1: 0.0302]	2.6+0.0s
[960/1120]	[L1: 0.0302]	2.6+0.0s
[1000/1120]	[L1: 0.0299]	2.6+0.0s
[1040/1120]	[L1: 0.0302]	2.6+0.0s
[1080/1120]	[L1: 0.0302]	2.7+0.0s
[1120/1120]	[L1: 0.0302]	2.6+0.0s

Evaluation:
[RSSCN7 x4]	psnr: 27.844 (Best: 27.857 @epoch 229)
Total time: 26.71s

[Epoch 242]	Learning rate: 1.00e-4
[40/1120]	[L1: 0.0289]	2.6+0.0s
[80/1120]	[L1: 0.0293]	2.6+0.0s
[120/1120]	[L1: 0.0294]	2.7+0.0s
[160/1120]	[L1: 0.0292]	2.6+0.0s
[200/1120]	[L1: 0.0285]	2.6+0.0s
[240/1120]	[L1: 0.0294]	2.6+0.0s
[280/1120]	[L1: 0.0295]	2.7+0.0s
[320/1120]	[L1: 0.0296]	2.6+0.0s
[360/1120]	[L1: 0.0297]	2.6+0.0s
[400/1120]	[L1: 0.0301]	2.6+0.0s
[440/1120]	[L1: 0.0300]	2.6+0.0s
[480/1120]	[L1: 0.0303]	2.6+0.0s
[520/1120]	[L1: 0.0301]	2.6+0.0s
[560/1120]	[L1: 0.0301]	3.2+0.0s
[600/1120]	[L1: 0.0299]	3.0+0.0s
[640/1120]	[L1: 0.0298]	3.2+0.0s
[680/1120]	[L1: 0.0298]	3.1+0.0s
[720/1120]	[L1: 0.0300]	3.0+0.0s
[760/1120]	[L1: 0.0298]	3.2+0.0s
[800/1120]	[L1: 0.0298]	3.2+0.0s
[840/1120]	[L1: 0.0298]	2.9+0.0s
[880/1120]	[L1: 0.0299]	2.8+0.0s
[920/1120]	[L1: 0.0299]	3.0+0.0s
[960/1120]	[L1: 0.0299]	3.1+0.0s
[1000/1120]	[L1: 0.0299]	3.1+0.0s
[1040/1120]	[L1: 0.0301]	2.7+0.0s
[1080/1120]	[L1: 0.0302]	2.7+0.0s
[1120/1120]	[L1: 0.0302]	2.6+0.0s

Evaluation:
[RSSCN7 x4]	psnr: 27.837 (Best: 27.857 @epoch 229)
Total time: 27.18s

[Epoch 243]	Learning rate: 1.00e-4
[40/1120]	[L1: 0.0285]	2.6+0.0s
[80/1120]	[L1: 0.0312]	2.6+0.0s
[120/1120]	[L1: 0.0307]	2.6+0.0s
[160/1120]	[L1: 0.0303]	2.6+0.0s
[200/1120]	[L1: 0.0306]	2.6+0.0s
[240/1120]	[L1: 0.0306]	2.6+0.0s
[280/1120]	[L1: 0.0305]	2.6+0.0s
[320/1120]	[L1: 0.0304]	2.6+0.0s
[360/1120]	[L1: 0.0303]	2.6+0.0s
[400/1120]	[L1: 0.0300]	2.6+0.0s
[440/1120]	[L1: 0.0303]	2.6+0.0s
[480/1120]	[L1: 0.0300]	2.6+0.0s
[520/1120]	[L1: 0.0301]	2.6+0.0s
[560/1120]	[L1: 0.0300]	2.6+0.0s
[600/1120]	[L1: 0.0299]	2.6+0.0s
[640/1120]	[L1: 0.0296]	2.6+0.0s
[680/1120]	[L1: 0.0297]	2.6+0.0s
[720/1120]	[L1: 0.0300]	2.6+0.0s
[760/1120]	[L1: 0.0300]	2.6+0.0s
[800/1120]	[L1: 0.0301]	2.7+0.0s
[840/1120]	[L1: 0.0303]	2.8+0.0s
[880/1120]	[L1: 0.0302]	2.9+0.0s
[920/1120]	[L1: 0.0300]	3.3+0.0s
[960/1120]	[L1: 0.0300]	3.1+0.0s
[1000/1120]	[L1: 0.0300]	3.0+0.0s
[1040/1120]	[L1: 0.0300]	2.9+0.0s
[1080/1120]	[L1: 0.0300]	2.9+0.0s
[1120/1120]	[L1: 0.0300]	2.9+0.0s

Evaluation:
[RSSCN7 x4]	psnr: 27.843 (Best: 27.857 @epoch 229)
Total time: 67.36s

[Epoch 244]	Learning rate: 1.00e-4
[40/1120]	[L1: 0.0340]	2.6+0.0s
[80/1120]	[L1: 0.0305]	2.6+0.0s
[120/1120]	[L1: 0.0295]	2.7+0.0s
[160/1120]	[L1: 0.0292]	2.6+0.0s
[200/1120]	[L1: 0.0288]	2.5+0.0s
[240/1120]	[L1: 0.0288]	2.5+0.0s
[280/1120]	[L1: 0.0287]	2.5+0.0s
[320/1120]	[L1: 0.0287]	2.5+0.0s
[360/1120]	[L1: 0.0289]	2.6+0.0s
[400/1120]	[L1: 0.0289]	2.6+0.0s
[440/1120]	[L1: 0.0289]	2.6+0.0s
[480/1120]	[L1: 0.0293]	2.6+0.0s
[520/1120]	[L1: 0.0294]	2.6+0.0s
[560/1120]	[L1: 0.0293]	2.7+0.0s
[600/1120]	[L1: 0.0293]	2.8+0.0s
[640/1120]	[L1: 0.0292]	2.6+0.0s
[680/1120]	[L1: 0.0292]	2.6+0.0s
[720/1120]	[L1: 0.0290]	2.6+0.0s
[760/1120]	[L1: 0.0292]	2.6+0.0s
[800/1120]	[L1: 0.0293]	2.6+0.0s
[840/1120]	[L1: 0.0295]	2.8+0.0s
[880/1120]	[L1: 0.0298]	2.6+0.0s
[920/1120]	[L1: 0.0297]	2.6+0.0s
[960/1120]	[L1: 0.0297]	2.6+0.0s
[1000/1120]	[L1: 0.0299]	2.7+0.0s
[1040/1120]	[L1: 0.0299]	2.8+0.0s
[1080/1120]	[L1: 0.0301]	2.8+0.0s
[1120/1120]	[L1: 0.0302]	2.8+0.0s

Evaluation:
[RSSCN7 x4]	psnr: 27.839 (Best: 27.857 @epoch 229)
Total time: 86.17s

[Epoch 245]	Learning rate: 1.00e-4
[40/1120]	[L1: 0.0287]	3.1+0.0s
[80/1120]	[L1: 0.0296]	3.0+0.0s
[120/1120]	[L1: 0.0292]	2.8+0.0s
[160/1120]	[L1: 0.0298]	2.8+0.0s
[200/1120]	[L1: 0.0294]	2.7+0.0s
[240/1120]	[L1: 0.0300]	2.8+0.0s
[280/1120]	[L1: 0.0297]	2.8+0.0s
[320/1120]	[L1: 0.0297]	2.7+0.0s
[360/1120]	[L1: 0.0295]	2.6+0.0s
[400/1120]	[L1: 0.0301]	2.6+0.0s
[440/1120]	[L1: 0.0303]	2.6+0.0s
[480/1120]	[L1: 0.0301]	2.7+0.0s
[520/1120]	[L1: 0.0300]	2.6+0.0s
[560/1120]	[L1: 0.0302]	2.6+0.0s
[600/1120]	[L1: 0.0303]	2.6+0.0s
[640/1120]	[L1: 0.0303]	2.6+0.0s
[680/1120]	[L1: 0.0304]	2.6+0.0s
[720/1120]	[L1: 0.0305]	2.6+0.0s
[760/1120]	[L1: 0.0308]	2.7+0.0s
[800/1120]	[L1: 0.0308]	2.6+0.0s
[840/1120]	[L1: 0.0308]	2.6+0.0s
[880/1120]	[L1: 0.0307]	2.6+0.0s
[920/1120]	[L1: 0.0306]	2.6+0.0s
[960/1120]	[L1: 0.0305]	2.6+0.0s
[1000/1120]	[L1: 0.0305]	2.6+0.0s
[1040/1120]	[L1: 0.0303]	2.6+0.0s
[1080/1120]	[L1: 0.0303]	2.6+0.0s
[1120/1120]	[L1: 0.0303]	2.6+0.0s

Evaluation:
[RSSCN7 x4]	psnr: 27.828 (Best: 27.857 @epoch 229)
Total time: 96.32s

[Epoch 246]	Learning rate: 1.00e-4
[40/1120]	[L1: 0.0357]	3.0+0.0s
[80/1120]	[L1: 0.0316]	2.9+0.0s
[120/1120]	[L1: 0.0322]	3.1+0.0s
[160/1120]	[L1: 0.0317]	2.9+0.0s
[200/1120]	[L1: 0.0308]	2.8+0.0s
[240/1120]	[L1: 0.0309]	2.6+0.0s
[280/1120]	[L1: 0.0313]	2.9+0.0s
[320/1120]	[L1: 0.0313]	2.6+0.0s
[360/1120]	[L1: 0.0308]	2.6+0.0s
[400/1120]	[L1: 0.0305]	2.6+0.0s
[440/1120]	[L1: 0.0304]	2.6+0.0s
[480/1120]	[L1: 0.0302]	2.7+0.0s
[520/1120]	[L1: 0.0303]	2.8+0.0s
[560/1120]	[L1: 0.0305]	2.7+0.0s
[600/1120]	[L1: 0.0306]	2.6+0.0s
[640/1120]	[L1: 0.0307]	2.6+0.0s
[680/1120]	[L1: 0.0306]	2.6+0.0s
[720/1120]	[L1: 0.0306]	2.7+0.0s
[760/1120]	[L1: 0.0304]	2.6+0.0s
[800/1120]	[L1: 0.0303]	2.6+0.0s
[840/1120]	[L1: 0.0302]	2.6+0.0s
[880/1120]	[L1: 0.0304]	2.6+0.0s
[920/1120]	[L1: 0.0303]	2.7+0.0s
[960/1120]	[L1: 0.0302]	2.6+0.0s
[1000/1120]	[L1: 0.0303]	2.6+0.0s
[1040/1120]	[L1: 0.0302]	2.6+0.0s
[1080/1120]	[L1: 0.0302]	2.6+0.0s
[1120/1120]	[L1: 0.0301]	2.6+0.0s

Evaluation:
[RSSCN7 x4]	psnr: 27.836 (Best: 27.857 @epoch 229)
Total time: 73.44s

[Epoch 247]	Learning rate: 1.00e-4
[40/1120]	[L1: 0.0318]	3.0+0.1s
[80/1120]	[L1: 0.0319]	3.1+0.0s
[120/1120]	[L1: 0.0317]	3.2+0.0s
[160/1120]	[L1: 0.0316]	3.3+0.0s
[200/1120]	[L1: 0.0311]	3.4+0.0s
[240/1120]	[L1: 0.0312]	3.3+0.0s
[280/1120]	[L1: 0.0310]	3.1+0.0s
[320/1120]	[L1: 0.0305]	3.1+0.0s
[360/1120]	[L1: 0.0299]	3.0+0.0s
[400/1120]	[L1: 0.0295]	3.0+0.0s
[440/1120]	[L1: 0.0293]	2.6+0.0s
[480/1120]	[L1: 0.0296]	2.6+0.0s
[520/1120]	[L1: 0.0298]	2.6+0.0s
[560/1120]	[L1: 0.0301]	2.6+0.0s
[600/1120]	[L1: 0.0300]	2.6+0.0s
[640/1120]	[L1: 0.0299]	2.6+0.0s
[680/1120]	[L1: 0.0301]	2.7+0.0s
[720/1120]	[L1: 0.0301]	2.6+0.0s
[760/1120]	[L1: 0.0300]	2.7+0.0s
[800/1120]	[L1: 0.0300]	2.6+0.0s
[840/1120]	[L1: 0.0301]	2.7+0.0s
[880/1120]	[L1: 0.0301]	2.6+0.0s
[920/1120]	[L1: 0.0301]	2.6+0.0s
[960/1120]	[L1: 0.0301]	2.6+0.0s
[1000/1120]	[L1: 0.0300]	2.6+0.0s
[1040/1120]	[L1: 0.0301]	2.6+0.0s
[1080/1120]	[L1: 0.0301]	2.6+0.0s
[1120/1120]	[L1: 0.0301]	2.7+0.0s

Evaluation:
[RSSCN7 x4]	psnr: 27.821 (Best: 27.857 @epoch 229)
Total time: 26.84s

[Epoch 248]	Learning rate: 1.00e-4
[40/1120]	[L1: 0.0308]	3.0+0.0s
[80/1120]	[L1: 0.0292]	2.9+0.0s
[120/1120]	[L1: 0.0285]	2.9+0.0s
[160/1120]	[L1: 0.0289]	2.9+0.0s
[200/1120]	[L1: 0.0295]	2.8+0.0s
[240/1120]	[L1: 0.0298]	2.9+0.0s
[280/1120]	[L1: 0.0300]	3.2+0.0s
[320/1120]	[L1: 0.0298]	3.2+0.0s
[360/1120]	[L1: 0.0298]	3.2+0.0s
[400/1120]	[L1: 0.0298]	3.2+0.0s
[440/1120]	[L1: 0.0298]	3.0+0.0s
[480/1120]	[L1: 0.0304]	2.8+0.0s
[520/1120]	[L1: 0.0304]	3.1+0.0s
[560/1120]	[L1: 0.0304]	3.0+0.0s
[600/1120]	[L1: 0.0305]	2.8+0.0s
[640/1120]	[L1: 0.0305]	2.6+0.0s
[680/1120]	[L1: 0.0304]	2.6+0.0s
[720/1120]	[L1: 0.0304]	2.6+0.0s
[760/1120]	[L1: 0.0305]	2.6+0.0s
[800/1120]	[L1: 0.0303]	2.7+0.0s
[840/1120]	[L1: 0.0304]	2.6+0.0s
[880/1120]	[L1: 0.0303]	2.6+0.0s
[920/1120]	[L1: 0.0302]	2.6+0.0s
[960/1120]	[L1: 0.0301]	2.6+0.0s
[1000/1120]	[L1: 0.0302]	2.6+0.0s
[1040/1120]	[L1: 0.0301]	2.7+0.0s
[1080/1120]	[L1: 0.0301]	2.6+0.0s
[1120/1120]	[L1: 0.0302]	2.6+0.0s

Evaluation:
[RSSCN7 x4]	psnr: 27.836 (Best: 27.857 @epoch 229)
Total time: 26.88s

[Epoch 249]	Learning rate: 1.00e-4
[40/1120]	[L1: 0.0335]	3.0+0.1s
[80/1120]	[L1: 0.0317]	3.2+0.0s
[120/1120]	[L1: 0.0321]	2.9+0.0s
[160/1120]	[L1: 0.0310]	2.7+0.0s
[200/1120]	[L1: 0.0312]	2.8+0.0s
[240/1120]	[L1: 0.0309]	3.1+0.0s
[280/1120]	[L1: 0.0305]	3.6+0.0s
[320/1120]	[L1: 0.0308]	3.2+0.0s
[360/1120]	[L1: 0.0304]	2.9+0.0s
[400/1120]	[L1: 0.0302]	2.9+0.0s
[440/1120]	[L1: 0.0302]	3.0+0.0s
[480/1120]	[L1: 0.0299]	3.2+0.0s
[520/1120]	[L1: 0.0299]	3.4+0.0s
[560/1120]	[L1: 0.0301]	3.1+0.0s
[600/1120]	[L1: 0.0300]	2.8+0.0s
[640/1120]	[L1: 0.0301]	2.9+0.0s
[680/1120]	[L1: 0.0302]	3.0+0.0s
[720/1120]	[L1: 0.0301]	2.9+0.0s
[760/1120]	[L1: 0.0303]	2.9+0.0s
[800/1120]	[L1: 0.0303]	2.6+0.0s
[840/1120]	[L1: 0.0302]	2.6+0.0s
[880/1120]	[L1: 0.0303]	2.6+0.0s
[920/1120]	[L1: 0.0303]	2.6+0.0s
[960/1120]	[L1: 0.0303]	2.7+0.0s
[1000/1120]	[L1: 0.0303]	2.6+0.0s
[1040/1120]	[L1: 0.0302]	2.6+0.0s
[1080/1120]	[L1: 0.0302]	2.6+0.0s
[1120/1120]	[L1: 0.0302]	2.6+0.0s

Evaluation:
[RSSCN7 x4]	psnr: 27.848 (Best: 27.857 @epoch 229)
Total time: 26.42s

[Epoch 250]	Learning rate: 1.00e-4
[40/1120]	[L1: 0.0310]	2.6+0.0s
[80/1120]	[L1: 0.0299]	2.6+0.0s
[120/1120]	[L1: 0.0294]	2.6+0.0s
[160/1120]	[L1: 0.0307]	2.7+0.0s
[200/1120]	[L1: 0.0311]	2.6+0.0s
[240/1120]	[L1: 0.0316]	2.6+0.0s
[280/1120]	[L1: 0.0313]	2.6+0.0s
[320/1120]	[L1: 0.0310]	2.6+0.0s
[360/1120]	[L1: 0.0311]	2.6+0.0s
[400/1120]	[L1: 0.0310]	2.7+0.0s
[440/1120]	[L1: 0.0306]	2.6+0.0s
[480/1120]	[L1: 0.0306]	2.6+0.0s
[520/1120]	[L1: 0.0305]	2.6+0.0s
[560/1120]	[L1: 0.0306]	2.7+0.0s
[600/1120]	[L1: 0.0306]	2.8+0.0s
[640/1120]	[L1: 0.0307]	3.0+0.0s
[680/1120]	[L1: 0.0308]	2.7+0.0s
[720/1120]	[L1: 0.0306]	2.9+0.0s
[760/1120]	[L1: 0.0305]	2.7+0.0s
[800/1120]	[L1: 0.0304]	2.7+0.0s
[840/1120]	[L1: 0.0303]	2.7+0.0s
[880/1120]	[L1: 0.0303]	3.0+0.0s
[920/1120]	[L1: 0.0303]	2.8+0.0s
[960/1120]	[L1: 0.0303]	2.7+0.0s
[1000/1120]	[L1: 0.0303]	2.7+0.0s
[1040/1120]	[L1: 0.0302]	2.7+0.0s
[1080/1120]	[L1: 0.0303]	2.6+0.0s
[1120/1120]	[L1: 0.0301]	2.6+0.0s

Evaluation:
[RSSCN7 x4]	psnr: 27.835 (Best: 27.857 @epoch 229)
Total time: 26.46s

[Epoch 251]	Learning rate: 1.00e-4
[40/1120]	[L1: 0.0306]	2.7+0.0s
[80/1120]	[L1: 0.0310]	2.7+0.0s
[120/1120]	[L1: 0.0309]	2.8+0.0s
[160/1120]	[L1: 0.0302]	2.7+0.0s
[200/1120]	[L1: 0.0305]	2.7+0.0s
[240/1120]	[L1: 0.0301]	2.7+0.0s
[280/1120]	[L1: 0.0305]	2.8+0.0s
[320/1120]	[L1: 0.0305]	2.7+0.0s
[360/1120]	[L1: 0.0303]	2.7+0.0s
[400/1120]	[L1: 0.0305]	2.6+0.0s
[440/1120]	[L1: 0.0300]	2.6+0.0s
[480/1120]	[L1: 0.0301]	2.7+0.0s
[520/1120]	[L1: 0.0299]	2.6+0.0s
[560/1120]	[L1: 0.0296]	2.8+0.0s
[600/1120]	[L1: 0.0295]	2.6+0.0s
[640/1120]	[L1: 0.0293]	2.6+0.0s
[680/1120]	[L1: 0.0295]	2.6+0.0s
[720/1120]	[L1: 0.0296]	2.6+0.0s
[760/1120]	[L1: 0.0295]	2.8+0.0s
[800/1120]	[L1: 0.0297]	3.0+0.0s
[840/1120]	[L1: 0.0298]	3.4+0.0s
[880/1120]	[L1: 0.0299]	3.5+0.0s
[920/1120]	[L1: 0.0300]	3.3+0.0s
[960/1120]	[L1: 0.0298]	3.1+0.0s
[1000/1120]	[L1: 0.0299]	3.4+0.0s
[1040/1120]	[L1: 0.0300]	3.1+0.0s
[1080/1120]	[L1: 0.0300]	2.9+0.0s
[1120/1120]	[L1: 0.0301]	2.9+0.0s

Evaluation:
[RSSCN7 x4]	psnr: 27.850 (Best: 27.857 @epoch 229)
Total time: 57.84s

[Epoch 252]	Learning rate: 1.00e-4
[40/1120]	[L1: 0.0292]	3.0+0.0s
[80/1120]	[L1: 0.0302]	2.9+0.0s
[120/1120]	[L1: 0.0302]	2.7+0.0s
[160/1120]	[L1: 0.0300]	2.7+0.0s
[200/1120]	[L1: 0.0298]	2.8+0.0s
[240/1120]	[L1: 0.0297]	2.7+0.0s
[280/1120]	[L1: 0.0294]	2.8+0.0s
[320/1120]	[L1: 0.0300]	2.8+0.0s
[360/1120]	[L1: 0.0298]	2.6+0.0s
[400/1120]	[L1: 0.0297]	2.6+0.0s
[440/1120]	[L1: 0.0298]	2.6+0.0s
[480/1120]	[L1: 0.0300]	2.8+0.0s
[520/1120]	[L1: 0.0303]	2.6+0.0s
[560/1120]	[L1: 0.0304]	2.6+0.0s
[600/1120]	[L1: 0.0303]	2.6+0.0s
[640/1120]	[L1: 0.0302]	2.7+0.0s
[680/1120]	[L1: 0.0303]	2.6+0.0s
[720/1120]	[L1: 0.0302]	2.6+0.0s
[760/1120]	[L1: 0.0301]	2.6+0.0s
[800/1120]	[L1: 0.0303]	2.6+0.0s
[840/1120]	[L1: 0.0302]	2.7+0.0s
[880/1120]	[L1: 0.0302]	2.8+0.0s
[920/1120]	[L1: 0.0302]	2.8+0.0s
[960/1120]	[L1: 0.0303]	2.7+0.0s
[1000/1120]	[L1: 0.0303]	2.8+0.0s
[1040/1120]	[L1: 0.0302]	2.7+0.0s
[1080/1120]	[L1: 0.0302]	2.7+0.0s
[1120/1120]	[L1: 0.0301]	2.7+0.0s

Evaluation:
[RSSCN7 x4]	psnr: 27.844 (Best: 27.857 @epoch 229)
Total time: 106.27s

[Epoch 253]	Learning rate: 1.00e-4
[40/1120]	[L1: 0.0334]	2.8+0.0s
[80/1120]	[L1: 0.0322]	2.7+0.0s
[120/1120]	[L1: 0.0297]	2.7+0.0s
[160/1120]	[L1: 0.0299]	2.6+0.0s
[200/1120]	[L1: 0.0304]	2.6+0.0s
[240/1120]	[L1: 0.0308]	2.6+0.0s
[280/1120]	[L1: 0.0308]	2.6+0.0s
[320/1120]	[L1: 0.0307]	2.6+0.0s
[360/1120]	[L1: 0.0303]	2.7+0.0s
[400/1120]	[L1: 0.0301]	2.6+0.0s
[440/1120]	[L1: 0.0300]	2.6+0.0s
[480/1120]	[L1: 0.0299]	2.6+0.0s
[520/1120]	[L1: 0.0301]	2.6+0.0s
[560/1120]	[L1: 0.0301]	2.7+0.0s
[600/1120]	[L1: 0.0303]	2.6+0.0s
[640/1120]	[L1: 0.0303]	2.6+0.0s
[680/1120]	[L1: 0.0305]	2.6+0.0s
[720/1120]	[L1: 0.0303]	2.6+0.0s
[760/1120]	[L1: 0.0301]	2.6+0.0s
[800/1120]	[L1: 0.0301]	2.6+0.0s
[840/1120]	[L1: 0.0301]	2.7+0.0s
[880/1120]	[L1: 0.0302]	2.6+0.0s
[920/1120]	[L1: 0.0302]	2.6+0.0s
[960/1120]	[L1: 0.0301]	2.6+0.0s
[1000/1120]	[L1: 0.0301]	2.7+0.0s
[1040/1120]	[L1: 0.0301]	2.6+0.0s
[1080/1120]	[L1: 0.0301]	2.6+0.0s
[1120/1120]	[L1: 0.0300]	2.7+0.0s

Evaluation:
[RSSCN7 x4]	psnr: 27.852 (Best: 27.857 @epoch 229)
Total time: 118.51s

[Epoch 254]	Learning rate: 1.00e-4
[40/1120]	[L1: 0.0327]	3.1+0.0s
[80/1120]	[L1: 0.0310]	2.7+0.0s
[120/1120]	[L1: 0.0301]	2.6+0.0s
[160/1120]	[L1: 0.0290]	2.6+0.0s
[200/1120]	[L1: 0.0294]	2.6+0.0s
[240/1120]	[L1: 0.0293]	2.6+0.0s
[280/1120]	[L1: 0.0295]	2.6+0.0s
[320/1120]	[L1: 0.0290]	2.7+0.0s
[360/1120]	[L1: 0.0297]	2.6+0.0s
[400/1120]	[L1: 0.0296]	2.6+0.0s
[440/1120]	[L1: 0.0293]	2.6+0.0s
[480/1120]	[L1: 0.0298]	2.7+0.0s
[520/1120]	[L1: 0.0298]	2.6+0.0s
[560/1120]	[L1: 0.0299]	2.6+0.0s
[600/1120]	[L1: 0.0301]	2.6+0.0s
[640/1120]	[L1: 0.0299]	2.6+0.0s
[680/1120]	[L1: 0.0298]	2.6+0.0s
[720/1120]	[L1: 0.0298]	2.6+0.0s
[760/1120]	[L1: 0.0300]	2.7+0.0s
[800/1120]	[L1: 0.0299]	2.6+0.0s
[840/1120]	[L1: 0.0300]	2.6+0.0s
[880/1120]	[L1: 0.0300]	2.6+0.0s
[920/1120]	[L1: 0.0300]	2.6+0.0s
[960/1120]	[L1: 0.0301]	2.7+0.0s
[1000/1120]	[L1: 0.0302]	2.6+0.0s
[1040/1120]	[L1: 0.0301]	2.6+0.0s
[1080/1120]	[L1: 0.0302]	2.6+0.0s
[1120/1120]	[L1: 0.0301]	2.6+0.0s

Evaluation:
[RSSCN7 x4]	psnr: 27.840 (Best: 27.857 @epoch 229)
Total time: 88.16s

[Epoch 255]	Learning rate: 1.00e-4
[40/1120]	[L1: 0.0314]	2.8+0.0s
[80/1120]	[L1: 0.0335]	2.7+0.0s
[120/1120]	[L1: 0.0325]	2.7+0.0s
[160/1120]	[L1: 0.0312]	2.8+0.0s
[200/1120]	[L1: 0.0309]	2.8+0.0s
[240/1120]	[L1: 0.0308]	2.7+0.0s
[280/1120]	[L1: 0.0310]	2.7+0.0s
[320/1120]	[L1: 0.0302]	2.6+0.0s
[360/1120]	[L1: 0.0304]	2.8+0.0s
[400/1120]	[L1: 0.0302]	2.6+0.0s
[440/1120]	[L1: 0.0300]	2.6+0.0s
[480/1120]	[L1: 0.0302]	2.7+0.0s
[520/1120]	[L1: 0.0303]	2.6+0.0s
[560/1120]	[L1: 0.0304]	2.6+0.0s
[600/1120]	[L1: 0.0302]	2.6+0.0s
[640/1120]	[L1: 0.0303]	2.6+0.0s
[680/1120]	[L1: 0.0299]	2.6+0.0s
[720/1120]	[L1: 0.0301]	2.7+0.0s
[760/1120]	[L1: 0.0301]	2.6+0.0s
[800/1120]	[L1: 0.0301]	2.6+0.0s
[840/1120]	[L1: 0.0301]	2.6+0.0s
[880/1120]	[L1: 0.0302]	2.6+0.0s
[920/1120]	[L1: 0.0301]	2.7+0.0s
[960/1120]	[L1: 0.0302]	2.6+0.0s
[1000/1120]	[L1: 0.0302]	2.6+0.0s
[1040/1120]	[L1: 0.0301]	2.6+0.0s
[1080/1120]	[L1: 0.0300]	2.6+0.0s
[1120/1120]	[L1: 0.0300]	2.6+0.0s

Evaluation:
[RSSCN7 x4]	psnr: 27.857 (Best: 27.857 @epoch 255)
Total time: 52.04s

[Epoch 256]	Learning rate: 1.00e-4
[40/1120]	[L1: 0.0285]	2.8+0.0s
[80/1120]	[L1: 0.0309]	3.1+0.0s
[120/1120]	[L1: 0.0310]	3.1+0.0s
[160/1120]	[L1: 0.0297]	3.1+0.0s
[200/1120]	[L1: 0.0300]	3.8+0.0s
[240/1120]	[L1: 0.0301]	3.6+0.0s
[280/1120]	[L1: 0.0294]	3.5+0.0s
[320/1120]	[L1: 0.0293]	3.6+0.0s
[360/1120]	[L1: 0.0297]	2.8+0.0s
[400/1120]	[L1: 0.0294]	3.2+0.0s
[440/1120]	[L1: 0.0294]	2.9+0.0s
[480/1120]	[L1: 0.0294]	2.6+0.0s
[520/1120]	[L1: 0.0297]	2.6+0.0s
[560/1120]	[L1: 0.0299]	2.6+0.0s
[600/1120]	[L1: 0.0297]	2.8+0.0s
[640/1120]	[L1: 0.0297]	2.8+0.0s
[680/1120]	[L1: 0.0299]	2.7+0.0s
[720/1120]	[L1: 0.0302]	2.6+0.0s
[760/1120]	[L1: 0.0301]	2.6+0.0s
[800/1120]	[L1: 0.0302]	2.6+0.0s
[840/1120]	[L1: 0.0302]	2.7+0.0s
[880/1120]	[L1: 0.0302]	2.7+0.0s
[920/1120]	[L1: 0.0302]	2.8+0.0s
[960/1120]	[L1: 0.0302]	2.7+0.0s
[1000/1120]	[L1: 0.0303]	2.9+0.0s
[1040/1120]	[L1: 0.0302]	2.9+0.0s
[1080/1120]	[L1: 0.0301]	2.9+0.0s
[1120/1120]	[L1: 0.0302]	2.8+0.0s

Evaluation:
[RSSCN7 x4]	psnr: 27.849 (Best: 27.857 @epoch 255)
Total time: 31.33s

[Epoch 257]	Learning rate: 1.00e-4
[40/1120]	[L1: 0.0308]	2.9+0.0s
[80/1120]	[L1: 0.0318]	2.8+0.0s
[120/1120]	[L1: 0.0313]	3.5+0.0s
[160/1120]	[L1: 0.0309]	3.7+0.0s
[200/1120]	[L1: 0.0308]	3.6+0.0s
[240/1120]	[L1: 0.0311]	3.4+0.0s
[280/1120]	[L1: 0.0308]	3.4+0.0s
[320/1120]	[L1: 0.0310]	3.5+0.0s
[360/1120]	[L1: 0.0307]	3.9+0.0s
[400/1120]	[L1: 0.0305]	3.3+0.0s
[440/1120]	[L1: 0.0306]	3.4+0.0s
[480/1120]	[L1: 0.0309]	3.2+0.0s
[520/1120]	[L1: 0.0307]	3.5+0.0s
[560/1120]	[L1: 0.0305]	3.6+0.0s
[600/1120]	[L1: 0.0309]	3.5+0.0s
[640/1120]	[L1: 0.0307]	2.9+0.0s
[680/1120]	[L1: 0.0309]	2.9+0.0s
[720/1120]	[L1: 0.0308]	2.7+0.0s
[760/1120]	[L1: 0.0308]	2.6+0.0s
[800/1120]	[L1: 0.0306]	2.7+0.0s
[840/1120]	[L1: 0.0305]	2.6+0.0s
[880/1120]	[L1: 0.0306]	2.6+0.0s
[920/1120]	[L1: 0.0306]	2.6+0.0s
[960/1120]	[L1: 0.0303]	2.6+0.0s
[1000/1120]	[L1: 0.0301]	2.6+0.0s
[1040/1120]	[L1: 0.0301]	2.7+0.0s
[1080/1120]	[L1: 0.0301]	2.6+0.0s
[1120/1120]	[L1: 0.0301]	2.6+0.0s

Evaluation:
[RSSCN7 x4]	psnr: 27.837 (Best: 27.857 @epoch 255)
Total time: 30.51s

[Epoch 258]	Learning rate: 1.00e-4
[40/1120]	[L1: 0.0316]	2.9+0.0s
[80/1120]	[L1: 0.0303]	3.0+0.0s
[120/1120]	[L1: 0.0302]	2.7+0.0s
[160/1120]	[L1: 0.0305]	2.6+0.0s
[200/1120]	[L1: 0.0299]	2.6+0.0s
[240/1120]	[L1: 0.0305]	3.0+0.0s
[280/1120]	[L1: 0.0306]	2.7+0.0s
[320/1120]	[L1: 0.0307]	3.1+0.0s
[360/1120]	[L1: 0.0305]	3.4+0.0s
[400/1120]	[L1: 0.0305]	3.6+0.0s
[440/1120]	[L1: 0.0308]	3.4+0.0s
[480/1120]	[L1: 0.0308]	3.3+0.0s
[520/1120]	[L1: 0.0305]	3.5+0.0s
[560/1120]	[L1: 0.0302]	3.1+0.0s
[600/1120]	[L1: 0.0303]	3.2+0.0s
[640/1120]	[L1: 0.0303]	3.3+0.0s
[680/1120]	[L1: 0.0301]	4.0+0.0s
[720/1120]	[L1: 0.0304]	3.4+0.0s
[760/1120]	[L1: 0.0305]	3.3+0.0s
[800/1120]	[L1: 0.0303]	3.3+0.0s
[840/1120]	[L1: 0.0302]	2.9+0.0s
[880/1120]	[L1: 0.0302]	2.6+0.0s
[920/1120]	[L1: 0.0302]	2.6+0.0s
[960/1120]	[L1: 0.0301]	2.7+0.0s
[1000/1120]	[L1: 0.0302]	2.6+0.0s
[1040/1120]	[L1: 0.0300]	2.6+0.0s
[1080/1120]	[L1: 0.0299]	2.6+0.0s
[1120/1120]	[L1: 0.0301]	2.6+0.0s

Evaluation:
[RSSCN7 x4]	psnr: 27.848 (Best: 27.857 @epoch 255)
Total time: 31.34s

[Epoch 259]	Learning rate: 1.00e-4
[40/1120]	[L1: 0.0322]	3.0+0.1s
[80/1120]	[L1: 0.0281]	2.9+0.0s
[120/1120]	[L1: 0.0287]	2.9+0.0s
[160/1120]	[L1: 0.0290]	3.3+0.0s
[200/1120]	[L1: 0.0291]	3.0+0.0s
[240/1120]	[L1: 0.0296]	3.0+0.0s
[280/1120]	[L1: 0.0298]	2.7+0.0s
[320/1120]	[L1: 0.0298]	2.7+0.0s
[360/1120]	[L1: 0.0305]	2.7+0.0s
[400/1120]	[L1: 0.0305]	2.8+0.0s
[440/1120]	[L1: 0.0304]	2.7+0.0s
[480/1120]	[L1: 0.0301]	2.9+0.0s
[520/1120]	[L1: 0.0302]	3.6+0.0s
[560/1120]	[L1: 0.0301]	3.5+0.0s
[600/1120]	[L1: 0.0299]	3.5+0.0s
[640/1120]	[L1: 0.0300]	3.0+0.0s
[680/1120]	[L1: 0.0301]	3.1+0.0s
[720/1120]	[L1: 0.0302]	3.1+0.0s
[760/1120]	[L1: 0.0303]	2.8+0.0s
[800/1120]	[L1: 0.0302]	2.9+0.0s
[840/1120]	[L1: 0.0302]	2.8+0.0s
[880/1120]	[L1: 0.0302]	2.9+0.0s
[920/1120]	[L1: 0.0303]	2.9+0.0s
[960/1120]	[L1: 0.0304]	2.8+0.0s
[1000/1120]	[L1: 0.0304]	2.9+0.0s
[1040/1120]	[L1: 0.0305]	3.0+0.0s
[1080/1120]	[L1: 0.0303]	2.6+0.0s
[1120/1120]	[L1: 0.0303]	2.6+0.0s

Evaluation:
[RSSCN7 x4]	psnr: 27.835 (Best: 27.857 @epoch 255)
Total time: 27.13s

[Epoch 260]	Learning rate: 1.00e-4
[40/1120]	[L1: 0.0281]	3.0+0.0s
[80/1120]	[L1: 0.0332]	2.7+0.0s
[120/1120]	[L1: 0.0319]	2.7+0.0s
[160/1120]	[L1: 0.0325]	2.6+0.0s
[200/1120]	[L1: 0.0320]	2.6+0.0s
[240/1120]	[L1: 0.0319]	2.6+0.0s
[280/1120]	[L1: 0.0315]	2.6+0.0s
[320/1120]	[L1: 0.0310]	2.6+0.0s
[360/1120]	[L1: 0.0306]	2.7+0.0s
[400/1120]	[L1: 0.0306]	2.6+0.0s
[440/1120]	[L1: 0.0303]	2.6+0.0s
[480/1120]	[L1: 0.0300]	2.6+0.0s
[520/1120]	[L1: 0.0300]	2.7+0.0s
[560/1120]	[L1: 0.0299]	2.6+0.0s
[600/1120]	[L1: 0.0298]	2.6+0.0s
[640/1120]	[L1: 0.0297]	2.6+0.0s
[680/1120]	[L1: 0.0297]	2.6+0.0s
[720/1120]	[L1: 0.0296]	2.7+0.0s
[760/1120]	[L1: 0.0295]	2.8+0.0s
[800/1120]	[L1: 0.0295]	2.9+0.0s
[840/1120]	[L1: 0.0295]	2.9+0.0s
[880/1120]	[L1: 0.0296]	3.1+0.0s
[920/1120]	[L1: 0.0298]	3.1+0.0s
[960/1120]	[L1: 0.0299]	3.1+0.0s
[1000/1120]	[L1: 0.0300]	3.2+0.0s
[1040/1120]	[L1: 0.0300]	3.0+0.0s
[1080/1120]	[L1: 0.0301]	2.7+0.0s
[1120/1120]	[L1: 0.0300]	2.7+0.0s

Evaluation:
[RSSCN7 x4]	psnr: 27.831 (Best: 27.857 @epoch 255)
Total time: 61.42s

[Epoch 261]	Learning rate: 1.00e-4
[40/1120]	[L1: 0.0303]	2.8+0.1s
[80/1120]	[L1: 0.0303]	2.6+0.0s
[120/1120]	[L1: 0.0320]	2.6+0.0s
[160/1120]	[L1: 0.0314]	2.6+0.0s
[200/1120]	[L1: 0.0314]	2.6+0.0s
[240/1120]	[L1: 0.0315]	2.7+0.0s
[280/1120]	[L1: 0.0317]	2.7+0.0s
[320/1120]	[L1: 0.0316]	2.6+0.0s
[360/1120]	[L1: 0.0315]	2.6+0.0s
[400/1120]	[L1: 0.0314]	2.6+0.0s
[440/1120]	[L1: 0.0313]	2.6+0.0s
[480/1120]	[L1: 0.0311]	2.7+0.0s
[520/1120]	[L1: 0.0309]	2.6+0.0s
[560/1120]	[L1: 0.0308]	2.6+0.0s
[600/1120]	[L1: 0.0307]	2.6+0.0s
[640/1120]	[L1: 0.0306]	2.6+0.0s
[680/1120]	[L1: 0.0305]	2.6+0.0s
[720/1120]	[L1: 0.0307]	2.7+0.0s
[760/1120]	[L1: 0.0307]	2.6+0.0s
[800/1120]	[L1: 0.0306]	2.6+0.0s
[840/1120]	[L1: 0.0306]	2.6+0.0s
[880/1120]	[L1: 0.0304]	2.6+0.0s
[920/1120]	[L1: 0.0303]	2.7+0.0s
[960/1120]	[L1: 0.0303]	2.6+0.0s
[1000/1120]	[L1: 0.0302]	2.7+0.0s
[1040/1120]	[L1: 0.0301]	2.8+0.0s
[1080/1120]	[L1: 0.0301]	3.1+0.0s
[1120/1120]	[L1: 0.0301]	3.0+0.0s

Evaluation:
[RSSCN7 x4]	psnr: 27.841 (Best: 27.857 @epoch 255)
Total time: 114.48s

[Epoch 262]	Learning rate: 1.00e-4
[40/1120]	[L1: 0.0306]	2.6+0.0s
[80/1120]	[L1: 0.0314]	2.6+0.0s
[120/1120]	[L1: 0.0306]	2.6+0.0s
[160/1120]	[L1: 0.0307]	2.7+0.0s
[200/1120]	[L1: 0.0311]	2.6+0.0s
[240/1120]	[L1: 0.0309]	2.6+0.0s
[280/1120]	[L1: 0.0304]	2.6+0.0s
[320/1120]	[L1: 0.0302]	2.6+0.0s
[360/1120]	[L1: 0.0302]	2.6+0.0s
[400/1120]	[L1: 0.0301]	2.6+0.0s
[440/1120]	[L1: 0.0299]	2.7+0.0s
[480/1120]	[L1: 0.0301]	2.6+0.0s
[520/1120]	[L1: 0.0302]	2.6+0.0s
[560/1120]	[L1: 0.0302]	2.6+0.0s
[600/1120]	[L1: 0.0302]	2.7+0.0s
[640/1120]	[L1: 0.0302]	2.6+0.0s
[680/1120]	[L1: 0.0303]	2.6+0.0s
[720/1120]	[L1: 0.0302]	2.6+0.0s
[760/1120]	[L1: 0.0303]	2.6+0.0s
[800/1120]	[L1: 0.0303]	2.6+0.0s
[840/1120]	[L1: 0.0305]	2.6+0.0s
[880/1120]	[L1: 0.0305]	2.7+0.0s
[920/1120]	[L1: 0.0303]	2.6+0.0s
[960/1120]	[L1: 0.0301]	2.6+0.0s
[1000/1120]	[L1: 0.0302]	2.6+0.0s
[1040/1120]	[L1: 0.0300]	2.6+0.0s
[1080/1120]	[L1: 0.0301]	2.7+0.0s
[1120/1120]	[L1: 0.0301]	2.6+0.0s

Evaluation:
[RSSCN7 x4]	psnr: 27.848 (Best: 27.857 @epoch 255)
Total time: 133.57s

[Epoch 263]	Learning rate: 1.00e-4
[40/1120]	[L1: 0.0298]	3.3+0.1s
[80/1120]	[L1: 0.0321]	2.9+0.0s
[120/1120]	[L1: 0.0301]	2.6+0.0s
[160/1120]	[L1: 0.0313]	2.6+0.0s
[200/1120]	[L1: 0.0314]	2.6+0.0s
[240/1120]	[L1: 0.0313]	2.6+0.0s
[280/1120]	[L1: 0.0311]	2.6+0.0s
[320/1120]	[L1: 0.0304]	2.6+0.0s
[360/1120]	[L1: 0.0302]	2.8+0.0s
[400/1120]	[L1: 0.0303]	2.7+0.0s
[440/1120]	[L1: 0.0301]	2.6+0.0s
[480/1120]	[L1: 0.0300]	2.6+0.0s
[520/1120]	[L1: 0.0300]	2.7+0.0s
[560/1120]	[L1: 0.0301]	2.7+0.0s
[600/1120]	[L1: 0.0302]	2.8+0.0s
[640/1120]	[L1: 0.0305]	2.6+0.0s
[680/1120]	[L1: 0.0306]	2.6+0.0s
[720/1120]	[L1: 0.0306]	2.6+0.0s
[760/1120]	[L1: 0.0307]	2.6+0.0s
[800/1120]	[L1: 0.0305]	2.7+0.0s
[840/1120]	[L1: 0.0305]	2.6+0.0s
[880/1120]	[L1: 0.0305]	2.6+0.0s
[920/1120]	[L1: 0.0303]	2.6+0.0s
[960/1120]	[L1: 0.0302]	2.7+0.0s
[1000/1120]	[L1: 0.0302]	2.6+0.0s
[1040/1120]	[L1: 0.0301]	2.6+0.0s
[1080/1120]	[L1: 0.0300]	2.8+0.0s
[1120/1120]	[L1: 0.0301]	2.8+0.0s

Evaluation:
[RSSCN7 x4]	psnr: 27.855 (Best: 27.857 @epoch 255)
Total time: 88.45s

[Epoch 264]	Learning rate: 1.00e-4
[40/1120]	[L1: 0.0279]	3.1+0.0s
[80/1120]	[L1: 0.0273]	3.1+0.0s
[120/1120]	[L1: 0.0290]	3.1+0.0s
[160/1120]	[L1: 0.0299]	3.0+0.0s
[200/1120]	[L1: 0.0296]	3.0+0.0s
[240/1120]	[L1: 0.0302]	3.1+0.0s
[280/1120]	[L1: 0.0302]	3.0+0.0s
[320/1120]	[L1: 0.0303]	2.9+0.0s
[360/1120]	[L1: 0.0298]	2.6+0.0s
[400/1120]	[L1: 0.0296]	2.6+0.0s
[440/1120]	[L1: 0.0294]	2.6+0.0s
[480/1120]	[L1: 0.0295]	2.7+0.0s
[520/1120]	[L1: 0.0296]	2.6+0.0s
[560/1120]	[L1: 0.0293]	2.6+0.0s
[600/1120]	[L1: 0.0296]	2.6+0.0s
[640/1120]	[L1: 0.0296]	2.6+0.0s
[680/1120]	[L1: 0.0298]	2.7+0.0s
[720/1120]	[L1: 0.0297]	2.6+0.0s
[760/1120]	[L1: 0.0297]	2.7+0.0s
[800/1120]	[L1: 0.0297]	2.6+0.0s
[840/1120]	[L1: 0.0296]	2.6+0.0s
[880/1120]	[L1: 0.0298]	2.6+0.0s
[920/1120]	[L1: 0.0299]	2.7+0.0s
[960/1120]	[L1: 0.0299]	2.6+0.0s
[1000/1120]	[L1: 0.0300]	2.6+0.0s
[1040/1120]	[L1: 0.0301]	2.6+0.0s
[1080/1120]	[L1: 0.0301]	2.6+0.0s
[1120/1120]	[L1: 0.0301]	2.6+0.0s

Evaluation:
[RSSCN7 x4]	psnr: 27.851 (Best: 27.857 @epoch 255)
Total time: 49.66s

[Epoch 265]	Learning rate: 1.00e-4
[40/1120]	[L1: 0.0311]	3.3+0.1s
[80/1120]	[L1: 0.0302]	3.0+0.0s
[120/1120]	[L1: 0.0288]	3.1+0.0s
[160/1120]	[L1: 0.0292]	3.0+0.0s
[200/1120]	[L1: 0.0306]	2.7+0.0s
[240/1120]	[L1: 0.0310]	2.9+0.0s
[280/1120]	[L1: 0.0306]	2.9+0.0s
[320/1120]	[L1: 0.0307]	2.8+0.0s
[360/1120]	[L1: 0.0312]	2.8+0.0s
[400/1120]	[L1: 0.0312]	3.0+0.0s
[440/1120]	[L1: 0.0310]	3.2+0.0s
[480/1120]	[L1: 0.0311]	3.0+0.0s
[520/1120]	[L1: 0.0308]	2.6+0.0s
[560/1120]	[L1: 0.0306]	2.6+0.0s
[600/1120]	[L1: 0.0306]	2.6+0.0s
[640/1120]	[L1: 0.0308]	2.6+0.0s
[680/1120]	[L1: 0.0306]	2.6+0.0s
[720/1120]	[L1: 0.0308]	2.8+0.0s
[760/1120]	[L1: 0.0306]	2.6+0.0s
[800/1120]	[L1: 0.0305]	2.6+0.0s
[840/1120]	[L1: 0.0304]	2.6+0.0s
[880/1120]	[L1: 0.0303]	2.7+0.0s
[920/1120]	[L1: 0.0303]	2.6+0.0s
[960/1120]	[L1: 0.0302]	2.6+0.0s
[1000/1120]	[L1: 0.0303]	2.6+0.0s
[1040/1120]	[L1: 0.0303]	2.8+0.0s
[1080/1120]	[L1: 0.0302]	2.9+0.0s
[1120/1120]	[L1: 0.0301]	2.6+0.0s

Evaluation:
[RSSCN7 x4]	psnr: 27.847 (Best: 27.857 @epoch 255)
Total time: 28.08s

[Epoch 266]	Learning rate: 1.00e-4
[40/1120]	[L1: 0.0301]	2.8+0.0s
[80/1120]	[L1: 0.0284]	2.8+0.0s
[120/1120]	[L1: 0.0292]	2.6+0.0s
[160/1120]	[L1: 0.0288]	2.6+0.0s
[200/1120]	[L1: 0.0294]	2.9+0.0s
[240/1120]	[L1: 0.0292]	2.7+0.0s
[280/1120]	[L1: 0.0292]	2.8+0.0s
[320/1120]	[L1: 0.0288]	2.9+0.0s
[360/1120]	[L1: 0.0292]	3.0+0.0s
[400/1120]	[L1: 0.0294]	2.8+0.0s
[440/1120]	[L1: 0.0296]	2.7+0.0s
[480/1120]	[L1: 0.0299]	2.7+0.0s
[520/1120]	[L1: 0.0294]	2.8+0.0s
[560/1120]	[L1: 0.0293]	3.4+0.0s
[600/1120]	[L1: 0.0292]	3.1+0.0s
[640/1120]	[L1: 0.0290]	3.4+0.0s
[680/1120]	[L1: 0.0290]	3.0+0.0s
[720/1120]	[L1: 0.0290]	3.0+0.0s
[760/1120]	[L1: 0.0291]	2.9+0.0s
[800/1120]	[L1: 0.0293]	2.7+0.0s
[840/1120]	[L1: 0.0295]	2.7+0.0s
[880/1120]	[L1: 0.0298]	2.6+0.0s
[920/1120]	[L1: 0.0299]	2.7+0.0s
[960/1120]	[L1: 0.0299]	2.8+0.0s
[1000/1120]	[L1: 0.0300]	2.8+0.0s
[1040/1120]	[L1: 0.0302]	2.6+0.0s
[1080/1120]	[L1: 0.0300]	2.7+0.0s
[1120/1120]	[L1: 0.0300]	2.6+0.0s

Evaluation:
[RSSCN7 x4]	psnr: 27.853 (Best: 27.857 @epoch 255)
Total time: 25.70s

[Epoch 267]	Learning rate: 1.00e-4
[40/1120]	[L1: 0.0265]	2.8+0.0s
[80/1120]	[L1: 0.0284]	2.8+0.0s
[120/1120]	[L1: 0.0279]	2.8+0.0s
[160/1120]	[L1: 0.0292]	2.6+0.0s
[200/1120]	[L1: 0.0300]	2.6+0.0s
[240/1120]	[L1: 0.0299]	2.6+0.0s
[280/1120]	[L1: 0.0299]	2.7+0.0s
[320/1120]	[L1: 0.0299]	2.6+0.0s
[360/1120]	[L1: 0.0299]	2.6+0.0s
[400/1120]	[L1: 0.0302]	2.6+0.0s
[440/1120]	[L1: 0.0301]	2.9+0.0s
[480/1120]	[L1: 0.0302]	3.1+0.0s
[520/1120]	[L1: 0.0301]	3.1+0.0s
[560/1120]	[L1: 0.0302]	3.1+0.0s
[600/1120]	[L1: 0.0301]	3.0+0.0s
[640/1120]	[L1: 0.0302]	2.7+0.0s
[680/1120]	[L1: 0.0302]	2.8+0.0s
[720/1120]	[L1: 0.0303]	2.7+0.0s
[760/1120]	[L1: 0.0303]	2.7+0.0s
[800/1120]	[L1: 0.0301]	2.7+0.0s
[840/1120]	[L1: 0.0301]	2.6+0.0s
[880/1120]	[L1: 0.0300]	2.7+0.0s
[920/1120]	[L1: 0.0299]	2.6+0.0s
[960/1120]	[L1: 0.0299]	2.7+0.0s
[1000/1120]	[L1: 0.0299]	2.7+0.0s
[1040/1120]	[L1: 0.0299]	2.6+0.0s
[1080/1120]	[L1: 0.0299]	2.6+0.0s
[1120/1120]	[L1: 0.0300]	2.6+0.0s

Evaluation:
[RSSCN7 x4]	psnr: 27.840 (Best: 27.857 @epoch 255)
Total time: 26.54s

[Epoch 268]	Learning rate: 1.00e-4
[40/1120]	[L1: 0.0239]	2.6+0.1s
[80/1120]	[L1: 0.0289]	2.6+0.0s
[120/1120]	[L1: 0.0288]	2.6+0.0s
[160/1120]	[L1: 0.0293]	2.6+0.0s
[200/1120]	[L1: 0.0300]	2.6+0.0s
[240/1120]	[L1: 0.0296]	2.7+0.0s
[280/1120]	[L1: 0.0290]	2.6+0.0s
[320/1120]	[L1: 0.0294]	2.6+0.0s
[360/1120]	[L1: 0.0294]	2.6+0.0s
[400/1120]	[L1: 0.0296]	2.6+0.0s
[440/1120]	[L1: 0.0295]	2.8+0.0s
[480/1120]	[L1: 0.0299]	2.9+0.0s
[520/1120]	[L1: 0.0295]	2.6+0.0s
[560/1120]	[L1: 0.0297]	2.6+0.0s
[600/1120]	[L1: 0.0295]	2.6+0.0s
[640/1120]	[L1: 0.0296]	2.6+0.0s
[680/1120]	[L1: 0.0296]	2.7+0.0s
[720/1120]	[L1: 0.0295]	2.8+0.0s
[760/1120]	[L1: 0.0294]	2.7+0.0s
[800/1120]	[L1: 0.0297]	2.7+0.0s
[840/1120]	[L1: 0.0298]	2.8+0.0s
[880/1120]	[L1: 0.0298]	2.9+0.0s
[920/1120]	[L1: 0.0299]	3.0+0.0s
[960/1120]	[L1: 0.0298]	3.1+0.0s
[1000/1120]	[L1: 0.0298]	3.1+0.0s
[1040/1120]	[L1: 0.0298]	3.1+0.0s
[1080/1120]	[L1: 0.0300]	3.3+0.0s
[1120/1120]	[L1: 0.0300]	3.1+0.0s

Evaluation:
[RSSCN7 x4]	psnr: 27.844 (Best: 27.857 @epoch 255)
Total time: 65.36s

[Epoch 269]	Learning rate: 1.00e-4
[40/1120]	[L1: 0.0279]	2.8+0.0s
[80/1120]	[L1: 0.0288]	2.6+0.0s
[120/1120]	[L1: 0.0305]	2.6+0.0s
[160/1120]	[L1: 0.0304]	2.6+0.0s
[200/1120]	[L1: 0.0315]	2.7+0.0s
[240/1120]	[L1: 0.0314]	2.6+0.0s
[280/1120]	[L1: 0.0307]	2.6+0.0s
[320/1120]	[L1: 0.0304]	2.6+0.0s
[360/1120]	[L1: 0.0300]	2.6+0.0s
[400/1120]	[L1: 0.0302]	2.7+0.0s
[440/1120]	[L1: 0.0301]	2.6+0.0s
[480/1120]	[L1: 0.0299]	2.6+0.0s
[520/1120]	[L1: 0.0296]	2.6+0.0s
[560/1120]	[L1: 0.0297]	2.6+0.0s
[600/1120]	[L1: 0.0297]	2.6+0.0s
[640/1120]	[L1: 0.0300]	2.7+0.0s
[680/1120]	[L1: 0.0299]	2.6+0.0s
[720/1120]	[L1: 0.0298]	2.6+0.0s
[760/1120]	[L1: 0.0299]	2.6+0.0s
[800/1120]	[L1: 0.0298]	2.6+0.0s
[840/1120]	[L1: 0.0298]	2.7+0.0s
[880/1120]	[L1: 0.0299]	2.6+0.0s
[920/1120]	[L1: 0.0299]	2.6+0.0s
[960/1120]	[L1: 0.0299]	2.7+0.0s
[1000/1120]	[L1: 0.0301]	2.8+0.0s
[1040/1120]	[L1: 0.0301]	2.8+0.0s
[1080/1120]	[L1: 0.0301]	2.9+0.0s
[1120/1120]	[L1: 0.0300]	2.9+0.0s

Evaluation:
[RSSCN7 x4]	psnr: 27.850 (Best: 27.857 @epoch 255)
Total time: 93.92s

[Epoch 270]	Learning rate: 1.00e-4
[40/1120]	[L1: 0.0295]	2.8+0.0s
[80/1120]	[L1: 0.0296]	2.7+0.0s
[120/1120]	[L1: 0.0307]	2.6+0.0s
[160/1120]	[L1: 0.0309]	2.7+0.0s
[200/1120]	[L1: 0.0304]	2.6+0.0s
[240/1120]	[L1: 0.0305]	2.6+0.0s
[280/1120]	[L1: 0.0303]	2.6+0.0s
[320/1120]	[L1: 0.0305]	2.7+0.0s
[360/1120]	[L1: 0.0302]	2.6+0.0s
[400/1120]	[L1: 0.0303]	2.6+0.0s
[440/1120]	[L1: 0.0299]	2.8+0.0s
[480/1120]	[L1: 0.0303]	2.8+0.0s
[520/1120]	[L1: 0.0303]	2.6+0.0s
[560/1120]	[L1: 0.0300]	2.6+0.0s
[600/1120]	[L1: 0.0302]	2.7+0.0s
[640/1120]	[L1: 0.0301]	2.6+0.0s
[680/1120]	[L1: 0.0302]	2.6+0.0s
[720/1120]	[L1: 0.0303]	2.6+0.0s
[760/1120]	[L1: 0.0303]	2.7+0.0s
[800/1120]	[L1: 0.0302]	2.6+0.0s
[840/1120]	[L1: 0.0302]	2.6+0.0s
[880/1120]	[L1: 0.0304]	2.6+0.0s
[920/1120]	[L1: 0.0305]	2.6+0.0s
[960/1120]	[L1: 0.0304]	2.6+0.0s
[1000/1120]	[L1: 0.0303]	2.6+0.0s
[1040/1120]	[L1: 0.0303]	2.7+0.0s
[1080/1120]	[L1: 0.0302]	2.6+0.0s
[1120/1120]	[L1: 0.0300]	2.6+0.0s

Evaluation:
[RSSCN7 x4]	psnr: 27.849 (Best: 27.857 @epoch 255)
Total time: 125.39s

[Epoch 271]	Learning rate: 1.00e-4
[40/1120]	[L1: 0.0308]	3.3+0.0s
[80/1120]	[L1: 0.0318]	2.9+0.0s
[120/1120]	[L1: 0.0303]	2.8+0.0s
[160/1120]	[L1: 0.0297]	2.6+0.0s
[200/1120]	[L1: 0.0300]	2.6+0.0s
[240/1120]	[L1: 0.0301]	2.7+0.0s
[280/1120]	[L1: 0.0301]	2.6+0.0s
[320/1120]	[L1: 0.0297]	2.6+0.0s
[360/1120]	[L1: 0.0295]	2.6+0.0s
[400/1120]	[L1: 0.0298]	2.6+0.0s
[440/1120]	[L1: 0.0297]	2.6+0.0s
[480/1120]	[L1: 0.0296]	2.7+0.0s
[520/1120]	[L1: 0.0295]	2.6+0.0s
[560/1120]	[L1: 0.0292]	2.6+0.0s
[600/1120]	[L1: 0.0294]	2.6+0.0s
[640/1120]	[L1: 0.0298]	2.6+0.0s
[680/1120]	[L1: 0.0299]	2.7+0.0s
[720/1120]	[L1: 0.0301]	2.6+0.0s
[760/1120]	[L1: 0.0302]	2.6+0.0s
[800/1120]	[L1: 0.0303]	2.6+0.0s
[840/1120]	[L1: 0.0302]	2.6+0.0s
[880/1120]	[L1: 0.0301]	2.6+0.0s
[920/1120]	[L1: 0.0301]	2.7+0.0s
[960/1120]	[L1: 0.0299]	2.6+0.0s
[1000/1120]	[L1: 0.0299]	2.8+0.0s
[1040/1120]	[L1: 0.0300]	2.6+0.0s
[1080/1120]	[L1: 0.0300]	2.6+0.0s
[1120/1120]	[L1: 0.0301]	2.7+0.0s

Evaluation:
[RSSCN7 x4]	psnr: 27.852 (Best: 27.857 @epoch 255)
Total time: 85.43s

[Epoch 272]	Learning rate: 1.00e-4
[40/1120]	[L1: 0.0305]	3.0+0.0s
[80/1120]	[L1: 0.0315]	3.1+0.1s
[120/1120]	[L1: 0.0310]	3.2+0.0s
[160/1120]	[L1: 0.0303]	3.0+0.0s
[200/1120]	[L1: 0.0301]	3.1+0.0s
[240/1120]	[L1: 0.0299]	2.9+0.0s
[280/1120]	[L1: 0.0297]	3.1+0.0s
[320/1120]	[L1: 0.0305]	2.6+0.0s
[360/1120]	[L1: 0.0305]	2.6+0.0s
[400/1120]	[L1: 0.0307]	2.7+0.0s
[440/1120]	[L1: 0.0308]	2.6+0.0s
[480/1120]	[L1: 0.0307]	2.6+0.0s
[520/1120]	[L1: 0.0308]	2.6+0.0s
[560/1120]	[L1: 0.0306]	2.6+0.0s
[600/1120]	[L1: 0.0308]	2.7+0.0s
[640/1120]	[L1: 0.0306]	2.6+0.0s
[680/1120]	[L1: 0.0305]	2.6+0.0s
[720/1120]	[L1: 0.0306]	2.6+0.0s
[760/1120]	[L1: 0.0305]	2.6+0.0s
[800/1120]	[L1: 0.0304]	2.7+0.0s
[840/1120]	[L1: 0.0303]	3.0+0.0s
[880/1120]	[L1: 0.0303]	2.7+0.0s
[920/1120]	[L1: 0.0302]	2.6+0.0s
[960/1120]	[L1: 0.0300]	2.6+0.0s
[1000/1120]	[L1: 0.0299]	2.6+0.0s
[1040/1120]	[L1: 0.0298]	2.7+0.0s
[1080/1120]	[L1: 0.0300]	2.8+0.0s
[1120/1120]	[L1: 0.0300]	2.7+0.0s

Evaluation:
[RSSCN7 x4]	psnr: 27.845 (Best: 27.857 @epoch 255)
Total time: 40.23s

[Epoch 273]	Learning rate: 1.00e-4
[40/1120]	[L1: 0.0299]	3.2+0.0s
[80/1120]	[L1: 0.0298]	3.3+0.0s
[120/1120]	[L1: 0.0299]	3.1+0.0s
[160/1120]	[L1: 0.0307]	3.0+0.0s
[200/1120]	[L1: 0.0298]	3.0+0.0s
[240/1120]	[L1: 0.0295]	3.0+0.0s
[280/1120]	[L1: 0.0296]	3.0+0.0s
[320/1120]	[L1: 0.0298]	3.1+0.0s
[360/1120]	[L1: 0.0302]	2.7+0.0s
[400/1120]	[L1: 0.0305]	2.7+0.0s
[440/1120]	[L1: 0.0301]	2.8+0.0s
[480/1120]	[L1: 0.0302]	3.0+0.0s
[520/1120]	[L1: 0.0300]	3.1+0.0s
[560/1120]	[L1: 0.0301]	2.8+0.0s
[600/1120]	[L1: 0.0304]	2.7+0.0s
[640/1120]	[L1: 0.0302]	2.8+0.0s
[680/1120]	[L1: 0.0302]	2.8+0.0s
[720/1120]	[L1: 0.0302]	2.7+0.0s
[760/1120]	[L1: 0.0303]	2.7+0.0s
[800/1120]	[L1: 0.0301]	2.6+0.0s
[840/1120]	[L1: 0.0299]	2.6+0.0s
[880/1120]	[L1: 0.0299]	2.6+0.0s
[920/1120]	[L1: 0.0298]	2.6+0.0s
[960/1120]	[L1: 0.0298]	2.7+0.0s
[1000/1120]	[L1: 0.0300]	2.6+0.0s
[1040/1120]	[L1: 0.0300]	2.6+0.0s
[1080/1120]	[L1: 0.0301]	2.6+0.0s
[1120/1120]	[L1: 0.0300]	2.6+0.0s

Evaluation:
[RSSCN7 x4]	psnr: 27.849 (Best: 27.857 @epoch 255)
Total time: 26.85s

[Epoch 274]	Learning rate: 1.00e-4
[40/1120]	[L1: 0.0320]	3.0+0.0s
[80/1120]	[L1: 0.0332]	3.0+0.0s
[120/1120]	[L1: 0.0317]	2.8+0.0s
[160/1120]	[L1: 0.0318]	2.7+0.0s
[200/1120]	[L1: 0.0309]	3.6+0.0s
[240/1120]	[L1: 0.0301]	3.6+0.0s
[280/1120]	[L1: 0.0306]	4.1+0.0s
[320/1120]	[L1: 0.0302]	3.5+0.0s
[360/1120]	[L1: 0.0300]	3.9+0.0s
[400/1120]	[L1: 0.0302]	4.0+0.1s
[440/1120]	[L1: 0.0301]	3.7+0.0s
[480/1120]	[L1: 0.0297]	4.2+0.0s
[520/1120]	[L1: 0.0297]	3.4+0.0s
[560/1120]	[L1: 0.0297]	3.0+0.0s
[600/1120]	[L1: 0.0302]	2.9+0.0s
[640/1120]	[L1: 0.0301]	3.5+0.0s
[680/1120]	[L1: 0.0303]	3.1+0.0s
[720/1120]	[L1: 0.0301]	3.0+0.0s
[760/1120]	[L1: 0.0301]	2.8+0.0s
[800/1120]	[L1: 0.0300]	2.6+0.0s
[840/1120]	[L1: 0.0301]	2.6+0.0s
[880/1120]	[L1: 0.0302]	2.6+0.0s
[920/1120]	[L1: 0.0302]	2.7+0.0s
[960/1120]	[L1: 0.0303]	2.6+0.0s
[1000/1120]	[L1: 0.0302]	2.6+0.0s
[1040/1120]	[L1: 0.0302]	2.6+0.0s
[1080/1120]	[L1: 0.0302]	2.6+0.0s
[1120/1120]	[L1: 0.0301]	2.7+0.0s

Evaluation:
[RSSCN7 x4]	psnr: 27.840 (Best: 27.857 @epoch 255)
Total time: 27.67s

[Epoch 275]	Learning rate: 1.00e-4
[40/1120]	[L1: 0.0331]	2.9+0.0s
[80/1120]	[L1: 0.0336]	2.9+0.0s
[120/1120]	[L1: 0.0322]	2.9+0.0s
[160/1120]	[L1: 0.0321]	2.7+0.0s
[200/1120]	[L1: 0.0317]	2.8+0.0s
[240/1120]	[L1: 0.0308]	2.7+0.0s
[280/1120]	[L1: 0.0313]	2.7+0.0s
[320/1120]	[L1: 0.0311]	2.7+0.0s
[360/1120]	[L1: 0.0311]	3.2+0.0s
[400/1120]	[L1: 0.0307]	3.2+0.0s
[440/1120]	[L1: 0.0306]	3.3+0.0s
[480/1120]	[L1: 0.0306]	3.4+0.0s
[520/1120]	[L1: 0.0305]	3.3+0.0s
[560/1120]	[L1: 0.0306]	3.4+0.0s
[600/1120]	[L1: 0.0305]	3.4+0.0s
[640/1120]	[L1: 0.0304]	3.3+0.0s
[680/1120]	[L1: 0.0303]	2.8+0.0s
[720/1120]	[L1: 0.0302]	2.9+0.0s
[760/1120]	[L1: 0.0303]	3.0+0.0s
[800/1120]	[L1: 0.0302]	3.3+0.0s
[840/1120]	[L1: 0.0302]	3.3+0.0s
[880/1120]	[L1: 0.0302]	3.2+0.0s
[920/1120]	[L1: 0.0301]	3.0+0.0s
[960/1120]	[L1: 0.0301]	2.9+0.0s
[1000/1120]	[L1: 0.0300]	2.7+0.0s
[1040/1120]	[L1: 0.0300]	2.6+0.0s
[1080/1120]	[L1: 0.0300]	2.7+0.0s
[1120/1120]	[L1: 0.0299]	2.6+0.0s

Evaluation:
[RSSCN7 x4]	psnr: 27.850 (Best: 27.857 @epoch 255)
Total time: 27.22s

[Epoch 276]	Learning rate: 1.00e-4
[40/1120]	[L1: 0.0314]	2.6+0.0s
[80/1120]	[L1: 0.0303]	2.6+0.0s
[120/1120]	[L1: 0.0300]	2.8+0.0s
[160/1120]	[L1: 0.0298]	2.6+0.0s
[200/1120]	[L1: 0.0295]	2.6+0.0s
[240/1120]	[L1: 0.0296]	2.6+0.0s
[280/1120]	[L1: 0.0300]	2.6+0.0s
[320/1120]	[L1: 0.0303]	2.9+0.0s
[360/1120]	[L1: 0.0307]	3.1+0.0s
[400/1120]	[L1: 0.0310]	2.7+0.0s
[440/1120]	[L1: 0.0309]	2.7+0.0s
[480/1120]	[L1: 0.0308]	2.8+0.0s
[520/1120]	[L1: 0.0308]	2.8+0.0s
[560/1120]	[L1: 0.0307]	2.8+0.0s
[600/1120]	[L1: 0.0306]	2.8+0.0s
[640/1120]	[L1: 0.0302]	3.8+0.0s
[680/1120]	[L1: 0.0303]	4.1+0.0s
[720/1120]	[L1: 0.0301]	4.1+0.0s
[760/1120]	[L1: 0.0302]	4.3+0.0s
[800/1120]	[L1: 0.0302]	4.7+0.0s
[840/1120]	[L1: 0.0302]	4.0+0.0s
[880/1120]	[L1: 0.0302]	3.7+0.0s
[920/1120]	[L1: 0.0301]	3.7+0.0s
[960/1120]	[L1: 0.0300]	3.9+0.0s
[1000/1120]	[L1: 0.0299]	4.2+0.0s
[1040/1120]	[L1: 0.0300]	3.8+0.0s
[1080/1120]	[L1: 0.0299]	3.4+0.0s
[1120/1120]	[L1: 0.0300]	3.8+0.0s

Evaluation:
[RSSCN7 x4]	psnr: 27.846 (Best: 27.857 @epoch 255)
Total time: 112.60s

[Epoch 277]	Learning rate: 1.00e-4
[40/1120]	[L1: 0.0282]	4.1+0.0s
[80/1120]	[L1: 0.0297]	3.9+0.0s
[120/1120]	[L1: 0.0303]	3.9+0.0s
[160/1120]	[L1: 0.0303]	3.9+0.0s
[200/1120]	[L1: 0.0300]	3.8+0.0s
[240/1120]	[L1: 0.0302]	4.2+0.0s
[280/1120]	[L1: 0.0308]	4.1+0.0s
[320/1120]	[L1: 0.0306]	4.1+0.1s
[360/1120]	[L1: 0.0307]	3.8+0.0s
[400/1120]	[L1: 0.0303]	3.8+0.0s
[440/1120]	[L1: 0.0305]	3.9+0.0s
[480/1120]	[L1: 0.0305]	4.0+0.0s
[520/1120]	[L1: 0.0303]	4.0+0.0s
[560/1120]	[L1: 0.0305]	3.9+0.0s
[600/1120]	[L1: 0.0306]	3.5+0.1s
[640/1120]	[L1: 0.0305]	3.3+0.1s
[680/1120]	[L1: 0.0306]	3.0+0.0s
[720/1120]	[L1: 0.0305]	3.5+0.1s
[760/1120]	[L1: 0.0305]	3.3+0.0s
[800/1120]	[L1: 0.0307]	3.3+0.0s
[840/1120]	[L1: 0.0306]	3.7+0.0s
[880/1120]	[L1: 0.0305]	3.7+0.0s
[920/1120]	[L1: 0.0305]	3.7+0.0s
[960/1120]	[L1: 0.0304]	4.1+0.0s
[1000/1120]	[L1: 0.0301]	3.9+0.0s
[1040/1120]	[L1: 0.0301]	3.7+0.1s
[1080/1120]	[L1: 0.0301]	3.6+0.1s
[1120/1120]	[L1: 0.0300]	3.9+0.0s

Evaluation:
[RSSCN7 x4]	psnr: 27.838 (Best: 27.857 @epoch 255)
Total time: 98.74s

[Epoch 278]	Learning rate: 1.00e-4
[40/1120]	[L1: 0.0290]	3.6+0.1s
[80/1120]	[L1: 0.0313]	3.9+0.0s
[120/1120]	[L1: 0.0303]	3.9+0.0s
[160/1120]	[L1: 0.0305]	3.6+0.0s
[200/1120]	[L1: 0.0292]	3.5+0.0s
[240/1120]	[L1: 0.0299]	3.4+0.1s
[280/1120]	[L1: 0.0303]	3.2+0.0s
[320/1120]	[L1: 0.0303]	3.4+0.0s
[360/1120]	[L1: 0.0304]	3.7+0.0s
[400/1120]	[L1: 0.0306]	4.1+0.0s
[440/1120]	[L1: 0.0306]	4.1+0.0s
[480/1120]	[L1: 0.0301]	4.5+0.0s
[520/1120]	[L1: 0.0302]	3.9+0.0s
[560/1120]	[L1: 0.0303]	3.8+0.0s
[600/1120]	[L1: 0.0305]	4.0+0.0s
[640/1120]	[L1: 0.0303]	3.9+0.0s
[680/1120]	[L1: 0.0305]	3.8+0.0s
[720/1120]	[L1: 0.0301]	3.9+0.0s
[760/1120]	[L1: 0.0301]	3.9+0.0s
[800/1120]	[L1: 0.0299]	3.7+0.0s
[840/1120]	[L1: 0.0301]	3.7+0.0s
[880/1120]	[L1: 0.0302]	4.0+0.0s
[920/1120]	[L1: 0.0302]	4.0+0.0s
[960/1120]	[L1: 0.0302]	3.8+0.0s
[1000/1120]	[L1: 0.0303]	3.9+0.0s
[1040/1120]	[L1: 0.0301]	3.5+0.0s
[1080/1120]	[L1: 0.0300]	3.7+0.0s
[1120/1120]	[L1: 0.0301]	3.9+0.0s

Evaluation:
[RSSCN7 x4]	psnr: 27.848 (Best: 27.857 @epoch 255)
Total time: 103.64s

[Epoch 279]	Learning rate: 1.00e-4
[40/1120]	[L1: 0.0322]	3.3+0.0s
[80/1120]	[L1: 0.0310]	3.7+0.0s
[120/1120]	[L1: 0.0303]	3.7+0.0s
[160/1120]	[L1: 0.0303]	3.6+0.0s
[200/1120]	[L1: 0.0287]	3.9+0.1s
[240/1120]	[L1: 0.0293]	3.7+0.1s
[280/1120]	[L1: 0.0294]	4.1+0.0s
[320/1120]	[L1: 0.0297]	4.0+0.0s
[360/1120]	[L1: 0.0300]	3.8+0.0s
[400/1120]	[L1: 0.0302]	3.6+0.0s
[440/1120]	[L1: 0.0298]	3.3+0.0s
[480/1120]	[L1: 0.0297]	3.5+0.0s
[520/1120]	[L1: 0.0300]	3.9+0.0s
[560/1120]	[L1: 0.0302]	3.2+0.0s
[600/1120]	[L1: 0.0300]	3.4+0.0s
[640/1120]	[L1: 0.0299]	3.2+0.0s
[680/1120]	[L1: 0.0297]	3.6+0.0s
[720/1120]	[L1: 0.0296]	3.7+0.0s
[760/1120]	[L1: 0.0298]	4.1+0.0s
[800/1120]	[L1: 0.0299]	4.0+0.0s
[840/1120]	[L1: 0.0299]	3.9+0.0s
[880/1120]	[L1: 0.0299]	3.8+0.0s
[920/1120]	[L1: 0.0299]	3.9+0.0s
[960/1120]	[L1: 0.0300]	5.0+0.0s
[1000/1120]	[L1: 0.0300]	3.9+0.0s
[1040/1120]	[L1: 0.0299]	3.6+0.1s
[1080/1120]	[L1: 0.0298]	3.8+0.0s
[1120/1120]	[L1: 0.0299]	3.5+0.0s

Evaluation:
[RSSCN7 x4]	psnr: 27.860 (Best: 27.860 @epoch 279)
Total time: 107.38s

[Epoch 280]	Learning rate: 1.00e-4
[40/1120]	[L1: 0.0238]	3.8+0.0s
[80/1120]	[L1: 0.0288]	3.8+0.0s
[120/1120]	[L1: 0.0298]	3.9+0.0s
[160/1120]	[L1: 0.0297]	4.5+0.0s
[200/1120]	[L1: 0.0292]	4.3+0.0s
[240/1120]	[L1: 0.0292]	4.3+0.0s
[280/1120]	[L1: 0.0296]	4.0+0.0s
[320/1120]	[L1: 0.0294]	3.9+0.0s
[360/1120]	[L1: 0.0293]	4.0+0.0s
[400/1120]	[L1: 0.0295]	3.9+0.0s
[440/1120]	[L1: 0.0296]	4.0+0.0s
[480/1120]	[L1: 0.0301]	4.1+0.0s
[520/1120]	[L1: 0.0302]	3.9+0.0s
[560/1120]	[L1: 0.0304]	3.9+0.0s
[600/1120]	[L1: 0.0304]	4.2+0.0s
[640/1120]	[L1: 0.0304]	4.1+0.0s
[680/1120]	[L1: 0.0302]	3.8+0.0s
[720/1120]	[L1: 0.0304]	3.9+0.0s
[760/1120]	[L1: 0.0303]	4.1+0.0s
[800/1120]	[L1: 0.0302]	4.0+0.0s
[840/1120]	[L1: 0.0301]	4.0+0.0s
[880/1120]	[L1: 0.0301]	4.0+0.0s
[920/1120]	[L1: 0.0301]	4.1+0.1s
[960/1120]	[L1: 0.0301]	3.9+0.1s
[1000/1120]	[L1: 0.0301]	3.7+0.0s
[1040/1120]	[L1: 0.0302]	3.8+0.0s
[1080/1120]	[L1: 0.0301]	3.8+0.0s
[1120/1120]	[L1: 0.0301]	3.8+0.0s

Evaluation:
[RSSCN7 x4]	psnr: 27.852 (Best: 27.860 @epoch 279)
Total time: 86.29s

[Epoch 281]	Learning rate: 1.00e-4
[40/1120]	[L1: 0.0264]	3.6+0.1s
[80/1120]	[L1: 0.0298]	3.9+0.0s
[120/1120]	[L1: 0.0311]	4.1+0.0s
[160/1120]	[L1: 0.0313]	3.8+0.0s
[200/1120]	[L1: 0.0310]	3.7+0.0s
[240/1120]	[L1: 0.0307]	3.6+0.0s
[280/1120]	[L1: 0.0310]	3.9+0.1s
[320/1120]	[L1: 0.0305]	3.8+0.0s
[360/1120]	[L1: 0.0305]	3.8+0.0s
[400/1120]	[L1: 0.0303]	4.0+0.0s
[440/1120]	[L1: 0.0303]	3.9+0.0s
[480/1120]	[L1: 0.0306]	3.8+0.0s
[520/1120]	[L1: 0.0304]	3.7+0.0s
[560/1120]	[L1: 0.0303]	3.9+0.0s
[600/1120]	[L1: 0.0303]	4.0+0.0s
[640/1120]	[L1: 0.0304]	3.9+0.0s
[680/1120]	[L1: 0.0307]	4.0+0.0s
[720/1120]	[L1: 0.0306]	3.8+0.0s
[760/1120]	[L1: 0.0305]	3.6+0.0s
[800/1120]	[L1: 0.0304]	3.3+0.1s
[840/1120]	[L1: 0.0303]	3.2+0.0s
[880/1120]	[L1: 0.0300]	3.3+0.1s
[920/1120]	[L1: 0.0299]	3.4+0.0s
[960/1120]	[L1: 0.0299]	3.1+0.0s
[1000/1120]	[L1: 0.0299]	3.6+0.1s
[1040/1120]	[L1: 0.0300]	3.6+0.0s
[1080/1120]	[L1: 0.0301]	3.5+0.0s
[1120/1120]	[L1: 0.0300]	3.6+0.0s

Evaluation:
[RSSCN7 x4]	psnr: 27.840 (Best: 27.860 @epoch 279)
Total time: 125.64s

[Epoch 282]	Learning rate: 1.00e-4
[40/1120]	[L1: 0.0283]	3.8+0.1s
[80/1120]	[L1: 0.0289]	3.5+0.0s
[120/1120]	[L1: 0.0297]	3.7+0.0s
[160/1120]	[L1: 0.0297]	3.5+0.0s
[200/1120]	[L1: 0.0290]	3.8+0.0s
[240/1120]	[L1: 0.0294]	4.0+0.0s
[280/1120]	[L1: 0.0300]	4.0+0.0s
[320/1120]	[L1: 0.0301]	4.0+0.0s
[360/1120]	[L1: 0.0298]	4.0+0.0s
[400/1120]	[L1: 0.0302]	3.9+0.0s
[440/1120]	[L1: 0.0301]	3.5+0.0s
[480/1120]	[L1: 0.0300]	3.6+0.0s
[520/1120]	[L1: 0.0301]	4.0+0.0s
[560/1120]	[L1: 0.0300]	3.7+0.0s
[600/1120]	[L1: 0.0298]	3.7+0.0s
[640/1120]	[L1: 0.0300]	4.0+0.0s
[680/1120]	[L1: 0.0301]	4.0+0.0s
[720/1120]	[L1: 0.0299]	4.0+0.0s
[760/1120]	[L1: 0.0300]	4.3+0.0s
[800/1120]	[L1: 0.0300]	4.1+0.0s
[840/1120]	[L1: 0.0300]	3.9+0.0s
[880/1120]	[L1: 0.0302]	4.0+0.0s
[920/1120]	[L1: 0.0301]	4.0+0.0s
[960/1120]	[L1: 0.0300]	3.8+0.0s
[1000/1120]	[L1: 0.0299]	3.6+0.0s
[1040/1120]	[L1: 0.0300]	3.5+0.0s
[1080/1120]	[L1: 0.0299]	3.9+0.0s
[1120/1120]	[L1: 0.0300]	3.6+0.0s

Evaluation:
[RSSCN7 x4]	psnr: 27.842 (Best: 27.860 @epoch 279)
Total time: 123.60s

[Epoch 283]	Learning rate: 1.00e-4
[40/1120]	[L1: 0.0331]	3.6+0.1s
[80/1120]	[L1: 0.0286]	3.9+0.1s
[120/1120]	[L1: 0.0294]	4.0+0.0s
[160/1120]	[L1: 0.0291]	3.8+0.1s
[200/1120]	[L1: 0.0292]	4.1+0.0s
[240/1120]	[L1: 0.0291]	4.0+0.0s
[280/1120]	[L1: 0.0291]	3.7+0.0s
[320/1120]	[L1: 0.0295]	3.6+0.0s
[360/1120]	[L1: 0.0299]	3.5+0.0s
[400/1120]	[L1: 0.0298]	3.4+0.0s
[440/1120]	[L1: 0.0305]	3.6+0.0s
[480/1120]	[L1: 0.0305]	3.1+0.0s
[520/1120]	[L1: 0.0303]	3.3+0.0s
[560/1120]	[L1: 0.0306]	3.5+0.0s
[600/1120]	[L1: 0.0305]	3.5+0.0s
[640/1120]	[L1: 0.0307]	3.6+0.1s
[680/1120]	[L1: 0.0305]	3.8+0.0s
[720/1120]	[L1: 0.0305]	4.2+0.0s
[760/1120]	[L1: 0.0303]	4.1+0.1s
[800/1120]	[L1: 0.0305]	3.6+0.0s
[840/1120]	[L1: 0.0304]	3.5+0.0s
[880/1120]	[L1: 0.0306]	3.6+0.0s
[920/1120]	[L1: 0.0305]	4.2+0.0s
[960/1120]	[L1: 0.0303]	3.7+0.0s
[1000/1120]	[L1: 0.0302]	3.6+0.0s
[1040/1120]	[L1: 0.0302]	4.0+0.0s
[1080/1120]	[L1: 0.0301]	3.6+0.0s
[1120/1120]	[L1: 0.0301]	3.9+0.0s

Evaluation:
[RSSCN7 x4]	psnr: 27.856 (Best: 27.860 @epoch 279)
Total time: 95.51s

[Epoch 284]	Learning rate: 1.00e-4
[40/1120]	[L1: 0.0318]	3.7+0.0s
[80/1120]	[L1: 0.0300]	3.6+0.0s
[120/1120]	[L1: 0.0303]	3.7+0.0s
[160/1120]	[L1: 0.0303]	3.9+0.0s
[200/1120]	[L1: 0.0298]	2.9+0.0s
[240/1120]	[L1: 0.0298]	2.9+0.0s
[280/1120]	[L1: 0.0303]	2.9+0.0s
[320/1120]	[L1: 0.0306]	2.7+0.0s
[360/1120]	[L1: 0.0303]	2.6+0.0s
[400/1120]	[L1: 0.0302]	2.6+0.0s
[440/1120]	[L1: 0.0302]	2.7+0.0s
[480/1120]	[L1: 0.0302]	2.6+0.0s
[520/1120]	[L1: 0.0300]	2.6+0.0s
[560/1120]	[L1: 0.0303]	2.6+0.0s
[600/1120]	[L1: 0.0301]	2.7+0.0s
[640/1120]	[L1: 0.0302]	2.6+0.0s
[680/1120]	[L1: 0.0302]	2.6+0.0s
[720/1120]	[L1: 0.0302]	2.6+0.0s
[760/1120]	[L1: 0.0302]	2.6+0.0s
[800/1120]	[L1: 0.0302]	2.6+0.0s
[840/1120]	[L1: 0.0301]	2.6+0.0s
[880/1120]	[L1: 0.0301]	2.7+0.0s
[920/1120]	[L1: 0.0298]	2.7+0.0s
[960/1120]	[L1: 0.0297]	2.9+0.0s
[1000/1120]	[L1: 0.0299]	2.7+0.0s
[1040/1120]	[L1: 0.0299]	2.9+0.0s
[1080/1120]	[L1: 0.0299]	2.8+0.0s
[1120/1120]	[L1: 0.0299]	2.6+0.0s

Evaluation:
[RSSCN7 x4]	psnr: 27.852 (Best: 27.860 @epoch 279)
Total time: 26.54s

[Epoch 285]	Learning rate: 1.00e-4
[40/1120]	[L1: 0.0326]	2.6+0.0s
[80/1120]	[L1: 0.0312]	2.7+0.0s
[120/1120]	[L1: 0.0307]	2.6+0.0s
[160/1120]	[L1: 0.0297]	2.6+0.0s
[200/1120]	[L1: 0.0294]	2.6+0.0s
[240/1120]	[L1: 0.0298]	2.6+0.0s
[280/1120]	[L1: 0.0299]	2.6+0.0s
[320/1120]	[L1: 0.0299]	2.7+0.0s
[360/1120]	[L1: 0.0296]	2.6+0.0s
[400/1120]	[L1: 0.0297]	2.6+0.0s
[440/1120]	[L1: 0.0298]	2.6+0.0s
[480/1120]	[L1: 0.0294]	2.6+0.0s
[520/1120]	[L1: 0.0294]	2.7+0.0s
[560/1120]	[L1: 0.0293]	2.7+0.0s
[600/1120]	[L1: 0.0292]	2.6+0.0s
[640/1120]	[L1: 0.0291]	2.6+0.0s
[680/1120]	[L1: 0.0291]	2.6+0.0s
[720/1120]	[L1: 0.0292]	2.6+0.0s
[760/1120]	[L1: 0.0292]	2.6+0.0s
[800/1120]	[L1: 0.0295]	2.8+0.0s
[840/1120]	[L1: 0.0296]	2.7+0.0s
[880/1120]	[L1: 0.0298]	2.6+0.0s
[920/1120]	[L1: 0.0298]	2.6+0.0s
[960/1120]	[L1: 0.0298]	2.7+0.0s
[1000/1120]	[L1: 0.0298]	2.6+0.0s
[1040/1120]	[L1: 0.0299]	2.6+0.0s
[1080/1120]	[L1: 0.0299]	2.8+0.0s
[1120/1120]	[L1: 0.0299]	2.6+0.0s

Evaluation:
[RSSCN7 x4]	psnr: 27.846 (Best: 27.860 @epoch 279)
Total time: 27.06s

[Epoch 286]	Learning rate: 1.00e-4
[40/1120]	[L1: 0.0333]	2.8+0.0s
[80/1120]	[L1: 0.0314]	2.8+0.0s
[120/1120]	[L1: 0.0320]	2.8+0.0s
[160/1120]	[L1: 0.0314]	2.8+0.0s
[200/1120]	[L1: 0.0308]	2.6+0.0s
[240/1120]	[L1: 0.0302]	2.6+0.0s
[280/1120]	[L1: 0.0308]	2.7+0.0s
[320/1120]	[L1: 0.0298]	2.6+0.0s
[360/1120]	[L1: 0.0297]	2.6+0.0s
[400/1120]	[L1: 0.0294]	2.6+0.0s
[440/1120]	[L1: 0.0296]	2.6+0.0s
[480/1120]	[L1: 0.0292]	2.7+0.0s
[520/1120]	[L1: 0.0290]	2.6+0.0s
[560/1120]	[L1: 0.0287]	2.6+0.0s
[600/1120]	[L1: 0.0286]	2.6+0.0s
[640/1120]	[L1: 0.0289]	2.6+0.0s
[680/1120]	[L1: 0.0292]	2.6+0.0s
[720/1120]	[L1: 0.0292]	2.7+0.0s
[760/1120]	[L1: 0.0293]	2.6+0.0s
[800/1120]	[L1: 0.0295]	2.6+0.0s
[840/1120]	[L1: 0.0297]	2.6+0.0s
[880/1120]	[L1: 0.0298]	2.6+0.0s
[920/1120]	[L1: 0.0299]	2.7+0.0s
[960/1120]	[L1: 0.0299]	2.6+0.0s
[1000/1120]	[L1: 0.0299]	2.6+0.0s
[1040/1120]	[L1: 0.0299]	2.6+0.0s
[1080/1120]	[L1: 0.0300]	2.6+0.0s
[1120/1120]	[L1: 0.0300]	2.6+0.0s

Evaluation:
[RSSCN7 x4]	psnr: 27.850 (Best: 27.860 @epoch 279)
Total time: 25.27s

[Epoch 287]	Learning rate: 1.00e-4
[40/1120]	[L1: 0.0267]	2.9+0.2s
[80/1120]	[L1: 0.0261]	2.8+0.0s
[120/1120]	[L1: 0.0276]	2.8+0.0s
[160/1120]	[L1: 0.0276]	2.6+0.0s
[200/1120]	[L1: 0.0273]	2.7+0.0s
[240/1120]	[L1: 0.0279]	2.6+0.0s
[280/1120]	[L1: 0.0281]	2.6+0.0s
[320/1120]	[L1: 0.0277]	2.6+0.0s
[360/1120]	[L1: 0.0280]	2.6+0.0s
[400/1120]	[L1: 0.0282]	2.6+0.0s
[440/1120]	[L1: 0.0288]	2.7+0.0s
[480/1120]	[L1: 0.0290]	2.6+0.0s
[520/1120]	[L1: 0.0291]	2.6+0.0s
[560/1120]	[L1: 0.0295]	2.6+0.0s
[600/1120]	[L1: 0.0295]	2.6+0.0s
[640/1120]	[L1: 0.0293]	2.7+0.0s
[680/1120]	[L1: 0.0292]	2.6+0.0s
[720/1120]	[L1: 0.0294]	2.6+0.0s
[760/1120]	[L1: 0.0298]	2.6+0.0s
[800/1120]	[L1: 0.0298]	2.6+0.0s
[840/1120]	[L1: 0.0299]	2.6+0.0s
[880/1120]	[L1: 0.0300]	2.7+0.0s
[920/1120]	[L1: 0.0301]	2.6+0.0s
[960/1120]	[L1: 0.0300]	2.6+0.0s
[1000/1120]	[L1: 0.0301]	2.6+0.0s
[1040/1120]	[L1: 0.0301]	2.6+0.0s
[1080/1120]	[L1: 0.0300]	2.7+0.0s
[1120/1120]	[L1: 0.0299]	2.6+0.0s

Evaluation:
[RSSCN7 x4]	psnr: 27.855 (Best: 27.860 @epoch 279)
Total time: 27.05s

[Epoch 288]	Learning rate: 1.00e-4
[40/1120]	[L1: 0.0298]	2.6+0.0s
[80/1120]	[L1: 0.0281]	2.6+0.0s
[120/1120]	[L1: 0.0275]	2.7+0.0s
[160/1120]	[L1: 0.0287]	2.6+0.0s
[200/1120]	[L1: 0.0292]	2.6+0.0s
[240/1120]	[L1: 0.0292]	2.6+0.0s
[280/1120]	[L1: 0.0289]	2.6+0.0s
[320/1120]	[L1: 0.0291]	2.7+0.0s
[360/1120]	[L1: 0.0292]	2.6+0.0s
[400/1120]	[L1: 0.0295]	2.6+0.0s
[440/1120]	[L1: 0.0295]	2.6+0.0s
[480/1120]	[L1: 0.0295]	2.6+0.0s
[520/1120]	[L1: 0.0298]	2.6+0.0s
[560/1120]	[L1: 0.0299]	2.8+0.0s
[600/1120]	[L1: 0.0296]	2.7+0.0s
[640/1120]	[L1: 0.0297]	2.6+0.0s
[680/1120]	[L1: 0.0294]	2.6+0.0s
[720/1120]	[L1: 0.0298]	2.6+0.0s
[760/1120]	[L1: 0.0299]	2.7+0.0s
[800/1120]	[L1: 0.0297]	2.6+0.0s
[840/1120]	[L1: 0.0298]	2.6+0.0s
[880/1120]	[L1: 0.0299]	2.6+0.0s
[920/1120]	[L1: 0.0299]	2.6+0.0s
[960/1120]	[L1: 0.0300]	2.6+0.0s
[1000/1120]	[L1: 0.0300]	2.6+0.0s
[1040/1120]	[L1: 0.0301]	2.7+0.0s
[1080/1120]	[L1: 0.0300]	2.6+0.0s
[1120/1120]	[L1: 0.0301]	2.6+0.0s

Evaluation:
[RSSCN7 x4]	psnr: 27.826 (Best: 27.860 @epoch 279)
Total time: 26.30s

[Epoch 289]	Learning rate: 1.00e-4
[40/1120]	[L1: 0.0328]	2.7+0.0s
[80/1120]	[L1: 0.0306]	2.6+0.0s
[120/1120]	[L1: 0.0313]	2.6+0.0s
[160/1120]	[L1: 0.0307]	2.6+0.0s
[200/1120]	[L1: 0.0305]	2.6+0.0s
[240/1120]	[L1: 0.0307]	2.7+0.0s
[280/1120]	[L1: 0.0305]	2.6+0.0s
[320/1120]	[L1: 0.0312]	2.6+0.0s
[360/1120]	[L1: 0.0307]	2.6+0.0s
[400/1120]	[L1: 0.0304]	2.6+0.0s
[440/1120]	[L1: 0.0300]	2.6+0.0s
[480/1120]	[L1: 0.0299]	2.7+0.0s
[520/1120]	[L1: 0.0300]	2.6+0.0s
[560/1120]	[L1: 0.0302]	2.6+0.0s
[600/1120]	[L1: 0.0300]	2.6+0.0s
[640/1120]	[L1: 0.0301]	2.6+0.0s
[680/1120]	[L1: 0.0300]	2.7+0.0s
[720/1120]	[L1: 0.0304]	2.6+0.0s
[760/1120]	[L1: 0.0305]	2.6+0.0s
[800/1120]	[L1: 0.0306]	2.6+0.0s
[840/1120]	[L1: 0.0303]	2.6+0.0s
[880/1120]	[L1: 0.0302]	2.6+0.0s
[920/1120]	[L1: 0.0302]	2.6+0.0s
[960/1120]	[L1: 0.0301]	2.7+0.0s
[1000/1120]	[L1: 0.0299]	2.6+0.0s
[1040/1120]	[L1: 0.0300]	2.6+0.0s
[1080/1120]	[L1: 0.0299]	2.6+0.0s
[1120/1120]	[L1: 0.0300]	2.7+0.0s

Evaluation:
[RSSCN7 x4]	psnr: 27.845 (Best: 27.860 @epoch 279)
Total time: 26.69s

[Epoch 290]	Learning rate: 1.00e-4
[40/1120]	[L1: 0.0286]	2.7+0.1s
[80/1120]	[L1: 0.0292]	2.7+0.0s
[120/1120]	[L1: 0.0296]	2.8+0.0s
[160/1120]	[L1: 0.0294]	2.7+0.0s
[200/1120]	[L1: 0.0291]	2.7+0.0s
[240/1120]	[L1: 0.0289]	2.7+0.0s
[280/1120]	[L1: 0.0287]	2.6+0.0s
[320/1120]	[L1: 0.0288]	2.6+0.0s
[360/1120]	[L1: 0.0285]	2.6+0.0s
[400/1120]	[L1: 0.0286]	2.7+0.0s
[440/1120]	[L1: 0.0288]	2.6+0.0s
[480/1120]	[L1: 0.0286]	2.6+0.0s
[520/1120]	[L1: 0.0288]	2.6+0.0s
[560/1120]	[L1: 0.0289]	2.6+0.0s
[600/1120]	[L1: 0.0293]	2.7+0.0s
[640/1120]	[L1: 0.0295]	2.6+0.0s
[680/1120]	[L1: 0.0295]	2.8+0.0s
[720/1120]	[L1: 0.0296]	2.8+0.0s
[760/1120]	[L1: 0.0298]	2.6+0.0s
[800/1120]	[L1: 0.0298]	2.6+0.0s
[840/1120]	[L1: 0.0298]	2.7+0.0s
[880/1120]	[L1: 0.0299]	2.6+0.0s
[920/1120]	[L1: 0.0300]	2.6+0.0s
[960/1120]	[L1: 0.0299]	2.6+0.0s
[1000/1120]	[L1: 0.0299]	2.6+0.0s
[1040/1120]	[L1: 0.0300]	2.7+0.0s
[1080/1120]	[L1: 0.0299]	2.6+0.0s
[1120/1120]	[L1: 0.0300]	2.6+0.0s

Evaluation:
[RSSCN7 x4]	psnr: 27.843 (Best: 27.860 @epoch 279)
Total time: 25.78s

[Epoch 291]	Learning rate: 1.00e-4
[40/1120]	[L1: 0.0281]	2.6+0.0s
[80/1120]	[L1: 0.0299]	2.7+0.0s
[120/1120]	[L1: 0.0294]	2.6+0.0s
[160/1120]	[L1: 0.0304]	2.6+0.0s
[200/1120]	[L1: 0.0298]	2.6+0.0s
[240/1120]	[L1: 0.0299]	2.6+0.0s
[280/1120]	[L1: 0.0300]	2.6+0.0s
[320/1120]	[L1: 0.0301]	2.9+0.0s
[360/1120]	[L1: 0.0300]	2.6+0.0s
[400/1120]	[L1: 0.0304]	2.6+0.0s
[440/1120]	[L1: 0.0302]	2.6+0.0s
[480/1120]	[L1: 0.0302]	2.6+0.0s
[520/1120]	[L1: 0.0303]	2.7+0.0s
[560/1120]	[L1: 0.0302]	2.6+0.0s
[600/1120]	[L1: 0.0302]	2.6+0.0s
[640/1120]	[L1: 0.0302]	2.7+0.0s
[680/1120]	[L1: 0.0300]	2.8+0.0s
[720/1120]	[L1: 0.0301]	2.8+0.0s
[760/1120]	[L1: 0.0299]	2.6+0.0s
[800/1120]	[L1: 0.0297]	2.7+0.0s
[840/1120]	[L1: 0.0298]	2.6+0.0s
[880/1120]	[L1: 0.0300]	2.6+0.0s
[920/1120]	[L1: 0.0301]	2.6+0.0s
[960/1120]	[L1: 0.0297]	2.7+0.0s
[1000/1120]	[L1: 0.0298]	2.6+0.0s
[1040/1120]	[L1: 0.0300]	2.6+0.0s
[1080/1120]	[L1: 0.0300]	2.6+0.0s
[1120/1120]	[L1: 0.0302]	2.6+0.0s

Evaluation:
[RSSCN7 x4]	psnr: 27.859 (Best: 27.860 @epoch 279)
Total time: 27.81s

[Epoch 292]	Learning rate: 1.00e-4
[40/1120]	[L1: 0.0297]	3.0+0.0s
[80/1120]	[L1: 0.0290]	2.9+0.0s
[120/1120]	[L1: 0.0291]	2.6+0.0s
[160/1120]	[L1: 0.0297]	2.6+0.0s
[200/1120]	[L1: 0.0296]	2.6+0.0s
[240/1120]	[L1: 0.0302]	2.6+0.0s
[280/1120]	[L1: 0.0299]	2.7+0.0s
[320/1120]	[L1: 0.0296]	2.6+0.0s
[360/1120]	[L1: 0.0297]	2.6+0.0s
[400/1120]	[L1: 0.0298]	2.6+0.0s
[440/1120]	[L1: 0.0299]	2.6+0.0s
[480/1120]	[L1: 0.0299]	2.7+0.0s
[520/1120]	[L1: 0.0299]	2.6+0.0s
[560/1120]	[L1: 0.0300]	2.6+0.0s
[600/1120]	[L1: 0.0299]	2.6+0.0s
[640/1120]	[L1: 0.0299]	2.6+0.0s
[680/1120]	[L1: 0.0298]	2.6+0.0s
[720/1120]	[L1: 0.0298]	2.7+0.0s
[760/1120]	[L1: 0.0298]	2.6+0.0s
[800/1120]	[L1: 0.0301]	2.6+0.0s
[840/1120]	[L1: 0.0302]	2.6+0.0s
[880/1120]	[L1: 0.0301]	2.6+0.0s
[920/1120]	[L1: 0.0300]	2.7+0.0s
[960/1120]	[L1: 0.0300]	2.6+0.0s
[1000/1120]	[L1: 0.0301]	2.8+0.0s
[1040/1120]	[L1: 0.0299]	2.6+0.0s
[1080/1120]	[L1: 0.0299]	2.6+0.0s
[1120/1120]	[L1: 0.0299]	2.6+0.0s

Evaluation:
[RSSCN7 x4]	psnr: 27.857 (Best: 27.860 @epoch 279)
Total time: 26.99s

[Epoch 293]	Learning rate: 1.00e-4
[40/1120]	[L1: 0.0332]	2.6+0.0s
[80/1120]	[L1: 0.0331]	2.6+0.0s
[120/1120]	[L1: 0.0334]	2.6+0.0s
[160/1120]	[L1: 0.0319]	2.6+0.0s
[200/1120]	[L1: 0.0316]	2.7+0.0s
[240/1120]	[L1: 0.0315]	2.9+0.0s
[280/1120]	[L1: 0.0316]	2.8+0.0s
[320/1120]	[L1: 0.0312]	2.6+0.0s
[360/1120]	[L1: 0.0314]	2.6+0.0s
[400/1120]	[L1: 0.0316]	2.6+0.0s
[440/1120]	[L1: 0.0313]	2.7+0.0s
[480/1120]	[L1: 0.0313]	2.6+0.0s
[520/1120]	[L1: 0.0310]	2.6+0.0s
[560/1120]	[L1: 0.0308]	2.6+0.0s
[600/1120]	[L1: 0.0310]	2.6+0.0s
[640/1120]	[L1: 0.0308]	2.7+0.0s
[680/1120]	[L1: 0.0309]	2.6+0.0s
[720/1120]	[L1: 0.0309]	2.6+0.0s
[760/1120]	[L1: 0.0307]	2.6+0.0s
[800/1120]	[L1: 0.0307]	2.6+0.0s
[840/1120]	[L1: 0.0304]	2.6+0.0s
[880/1120]	[L1: 0.0304]	2.7+0.0s
[920/1120]	[L1: 0.0303]	2.8+0.0s
[960/1120]	[L1: 0.0303]	2.8+0.0s
[1000/1120]	[L1: 0.0301]	2.7+0.0s
[1040/1120]	[L1: 0.0302]	2.6+0.0s
[1080/1120]	[L1: 0.0300]	2.7+0.0s
[1120/1120]	[L1: 0.0300]	2.6+0.0s

Evaluation:
[RSSCN7 x4]	psnr: 27.841 (Best: 27.860 @epoch 279)
Total time: 25.33s

[Epoch 294]	Learning rate: 1.00e-4
[40/1120]	[L1: 0.0303]	2.6+0.0s
[80/1120]	[L1: 0.0280]	2.6+0.0s
[120/1120]	[L1: 0.0281]	2.7+0.0s
[160/1120]	[L1: 0.0299]	2.6+0.0s
[200/1120]	[L1: 0.0297]	2.6+0.0s
[240/1120]	[L1: 0.0305]	2.6+0.0s
[280/1120]	[L1: 0.0304]	2.6+0.0s
[320/1120]	[L1: 0.0305]	2.7+0.0s
[360/1120]	[L1: 0.0301]	2.6+0.0s
[400/1120]	[L1: 0.0302]	2.6+0.0s
[440/1120]	[L1: 0.0302]	2.6+0.0s
[480/1120]	[L1: 0.0306]	2.6+0.0s
[520/1120]	[L1: 0.0304]	2.6+0.0s
[560/1120]	[L1: 0.0303]	2.6+0.0s
[600/1120]	[L1: 0.0304]	2.7+0.0s
[640/1120]	[L1: 0.0304]	2.6+0.0s
[680/1120]	[L1: 0.0307]	2.6+0.0s
[720/1120]	[L1: 0.0307]	2.6+0.0s
[760/1120]	[L1: 0.0304]	2.7+0.0s
[800/1120]	[L1: 0.0305]	2.6+0.0s
[840/1120]	[L1: 0.0304]	2.6+0.0s
[880/1120]	[L1: 0.0302]	2.6+0.0s
[920/1120]	[L1: 0.0302]	2.6+0.0s
[960/1120]	[L1: 0.0301]	2.6+0.0s
[1000/1120]	[L1: 0.0301]	2.6+0.0s
[1040/1120]	[L1: 0.0301]	2.7+0.0s
[1080/1120]	[L1: 0.0301]	2.6+0.0s
[1120/1120]	[L1: 0.0300]	2.6+0.0s

Evaluation:
[RSSCN7 x4]	psnr: 27.844 (Best: 27.860 @epoch 279)
Total time: 26.47s

[Epoch 295]	Learning rate: 1.00e-4
[40/1120]	[L1: 0.0317]	2.7+0.0s
[80/1120]	[L1: 0.0317]	2.6+0.0s
[120/1120]	[L1: 0.0299]	2.6+0.0s
[160/1120]	[L1: 0.0293]	2.6+0.0s
[200/1120]	[L1: 0.0297]	2.6+0.0s
[240/1120]	[L1: 0.0302]	2.7+0.0s
[280/1120]	[L1: 0.0298]	2.6+0.0s
[320/1120]	[L1: 0.0299]	2.6+0.0s
[360/1120]	[L1: 0.0301]	2.6+0.0s
[400/1120]	[L1: 0.0301]	2.6+0.0s
[440/1120]	[L1: 0.0300]	2.8+0.0s
[480/1120]	[L1: 0.0299]	2.9+0.0s
[520/1120]	[L1: 0.0300]	2.6+0.0s
[560/1120]	[L1: 0.0301]	2.6+0.0s
[600/1120]	[L1: 0.0299]	2.6+0.0s
[640/1120]	[L1: 0.0298]	2.6+0.0s
[680/1120]	[L1: 0.0297]	2.7+0.0s
[720/1120]	[L1: 0.0298]	2.6+0.0s
[760/1120]	[L1: 0.0300]	2.6+0.0s
[800/1120]	[L1: 0.0299]	2.6+0.0s
[840/1120]	[L1: 0.0298]	2.6+0.0s
[880/1120]	[L1: 0.0300]	2.6+0.0s
[920/1120]	[L1: 0.0300]	2.6+0.0s
[960/1120]	[L1: 0.0299]	2.7+0.0s
[1000/1120]	[L1: 0.0297]	2.6+0.0s
[1040/1120]	[L1: 0.0300]	2.6+0.0s
[1080/1120]	[L1: 0.0300]	2.6+0.0s
[1120/1120]	[L1: 0.0300]	2.7+0.0s

Evaluation:
[RSSCN7 x4]	psnr: 27.847 (Best: 27.860 @epoch 279)
Total time: 26.43s

[Epoch 296]	Learning rate: 1.00e-4
[40/1120]	[L1: 0.0322]	2.7+0.0s
[80/1120]	[L1: 0.0309]	2.7+0.0s
[120/1120]	[L1: 0.0320]	2.8+0.0s
[160/1120]	[L1: 0.0311]	2.6+0.0s
[200/1120]	[L1: 0.0311]	2.6+0.0s
[240/1120]	[L1: 0.0306]	2.6+0.0s
[280/1120]	[L1: 0.0305]	2.6+0.0s
[320/1120]	[L1: 0.0304]	2.6+0.0s
[360/1120]	[L1: 0.0303]	2.6+0.0s
[400/1120]	[L1: 0.0302]	2.7+0.0s
[440/1120]	[L1: 0.0297]	2.6+0.0s
[480/1120]	[L1: 0.0298]	2.6+0.0s
[520/1120]	[L1: 0.0299]	2.6+0.0s
[560/1120]	[L1: 0.0297]	2.7+0.0s
[600/1120]	[L1: 0.0297]	2.8+0.0s
[640/1120]	[L1: 0.0297]	2.6+0.0s
[680/1120]	[L1: 0.0298]	2.6+0.0s
[720/1120]	[L1: 0.0299]	2.6+0.0s
[760/1120]	[L1: 0.0299]	2.6+0.0s
[800/1120]	[L1: 0.0298]	2.6+0.0s
[840/1120]	[L1: 0.0300]	2.7+0.0s
[880/1120]	[L1: 0.0301]	2.9+0.0s
[920/1120]	[L1: 0.0303]	2.9+0.0s
[960/1120]	[L1: 0.0303]	2.6+0.0s
[1000/1120]	[L1: 0.0301]	2.6+0.0s
[1040/1120]	[L1: 0.0300]	2.7+0.0s
[1080/1120]	[L1: 0.0300]	2.6+0.0s
[1120/1120]	[L1: 0.0300]	2.7+0.0s

Evaluation:
[RSSCN7 x4]	psnr: 27.842 (Best: 27.860 @epoch 279)
Total time: 27.63s

[Epoch 297]	Learning rate: 1.00e-4
[40/1120]	[L1: 0.0285]	2.6+0.0s
[80/1120]	[L1: 0.0306]	2.8+0.0s
[120/1120]	[L1: 0.0301]	2.8+0.0s
[160/1120]	[L1: 0.0301]	2.6+0.0s
[200/1120]	[L1: 0.0299]	2.6+0.0s
[240/1120]	[L1: 0.0300]	2.6+0.0s
[280/1120]	[L1: 0.0301]	2.6+0.0s
[320/1120]	[L1: 0.0301]	2.7+0.0s
[360/1120]	[L1: 0.0302]	2.6+0.0s
[400/1120]	[L1: 0.0301]	2.6+0.0s
[440/1120]	[L1: 0.0303]	2.6+0.0s
[480/1120]	[L1: 0.0305]	2.6+0.0s
[520/1120]	[L1: 0.0301]	2.7+0.0s
[560/1120]	[L1: 0.0300]	2.6+0.0s
[600/1120]	[L1: 0.0300]	2.6+0.0s
[640/1120]	[L1: 0.0300]	2.6+0.0s
[680/1120]	[L1: 0.0299]	2.6+0.0s
[720/1120]	[L1: 0.0299]	2.6+0.0s
[760/1120]	[L1: 0.0298]	2.6+0.0s
[800/1120]	[L1: 0.0298]	2.7+0.0s
[840/1120]	[L1: 0.0300]	2.6+0.0s
[880/1120]	[L1: 0.0301]	2.6+0.0s
[920/1120]	[L1: 0.0299]	2.6+0.0s
[960/1120]	[L1: 0.0300]	2.7+0.0s
[1000/1120]	[L1: 0.0299]	2.6+0.0s
[1040/1120]	[L1: 0.0299]	2.7+0.0s
[1080/1120]	[L1: 0.0300]	2.9+0.0s
[1120/1120]	[L1: 0.0300]	2.9+0.0s

Evaluation:
[RSSCN7 x4]	psnr: 27.851 (Best: 27.860 @epoch 279)
Total time: 26.54s

[Epoch 298]	Learning rate: 1.00e-4
[40/1120]	[L1: 0.0271]	2.6+0.0s
[80/1120]	[L1: 0.0248]	2.6+0.0s
[120/1120]	[L1: 0.0280]	2.6+0.0s
[160/1120]	[L1: 0.0287]	2.6+0.0s
[200/1120]	[L1: 0.0287]	2.6+0.0s
[240/1120]	[L1: 0.0290]	2.6+0.0s
[280/1120]	[L1: 0.0293]	2.7+0.0s
[320/1120]	[L1: 0.0295]	2.6+0.0s
[360/1120]	[L1: 0.0292]	2.6+0.0s
[400/1120]	[L1: 0.0295]	2.6+0.0s
[440/1120]	[L1: 0.0294]	2.6+0.0s
[480/1120]	[L1: 0.0295]	2.7+0.0s
[520/1120]	[L1: 0.0296]	2.9+0.0s
[560/1120]	[L1: 0.0296]	2.9+0.0s
[600/1120]	[L1: 0.0291]	2.8+0.0s
[640/1120]	[L1: 0.0295]	2.8+0.0s
[680/1120]	[L1: 0.0297]	2.7+0.0s
[720/1120]	[L1: 0.0296]	2.7+0.0s
[760/1120]	[L1: 0.0297]	2.6+0.0s
[800/1120]	[L1: 0.0298]	2.6+0.0s
[840/1120]	[L1: 0.0299]	2.6+0.0s
[880/1120]	[L1: 0.0300]	2.6+0.0s
[920/1120]	[L1: 0.0300]	2.7+0.0s
[960/1120]	[L1: 0.0300]	2.6+0.0s
[1000/1120]	[L1: 0.0300]	2.6+0.0s
[1040/1120]	[L1: 0.0300]	2.6+0.0s
[1080/1120]	[L1: 0.0300]	2.6+0.0s
[1120/1120]	[L1: 0.0300]	2.6+0.0s

Evaluation:
[RSSCN7 x4]	psnr: 27.855 (Best: 27.860 @epoch 279)
Total time: 26.50s

[Epoch 299]	Learning rate: 1.00e-4
[40/1120]	[L1: 0.0274]	2.6+0.0s
[80/1120]	[L1: 0.0274]	2.6+0.0s
[120/1120]	[L1: 0.0290]	2.6+0.0s
[160/1120]	[L1: 0.0291]	2.6+0.0s
[200/1120]	[L1: 0.0295]	2.6+0.0s
[240/1120]	[L1: 0.0296]	2.7+0.0s
[280/1120]	[L1: 0.0296]	2.6+0.0s
[320/1120]	[L1: 0.0288]	2.8+0.0s
[360/1120]	[L1: 0.0289]	2.8+0.0s
[400/1120]	[L1: 0.0287]	2.6+0.0s
[440/1120]	[L1: 0.0293]	2.7+0.0s
[480/1120]	[L1: 0.0294]	2.6+0.0s
[520/1120]	[L1: 0.0297]	2.6+0.0s
[560/1120]	[L1: 0.0297]	2.6+0.0s
[600/1120]	[L1: 0.0296]	2.6+0.0s
[640/1120]	[L1: 0.0298]	2.6+0.0s
[680/1120]	[L1: 0.0297]	2.7+0.0s
[720/1120]	[L1: 0.0295]	2.6+0.0s
[760/1120]	[L1: 0.0295]	2.6+0.0s
[800/1120]	[L1: 0.0294]	2.6+0.0s
[840/1120]	[L1: 0.0293]	2.7+0.0s
[880/1120]	[L1: 0.0293]	3.0+0.0s
[920/1120]	[L1: 0.0293]	2.6+0.0s
[960/1120]	[L1: 0.0295]	2.6+0.0s
[1000/1120]	[L1: 0.0298]	2.6+0.0s
[1040/1120]	[L1: 0.0300]	2.6+0.0s
[1080/1120]	[L1: 0.0299]	2.6+0.0s
[1120/1120]	[L1: 0.0300]	2.6+0.0s

Evaluation:
[RSSCN7 x4]	psnr: 27.856 (Best: 27.860 @epoch 279)
Total time: 26.93s

[Epoch 300]	Learning rate: 1.00e-4
[40/1120]	[L1: 0.0300]	2.8+0.0s
[80/1120]	[L1: 0.0291]	2.6+0.0s
[120/1120]	[L1: 0.0299]	2.6+0.0s
[160/1120]	[L1: 0.0299]	2.8+0.0s
[200/1120]	[L1: 0.0303]	2.6+0.0s
[240/1120]	[L1: 0.0305]	2.7+0.0s
[280/1120]	[L1: 0.0310]	2.6+0.0s
[320/1120]	[L1: 0.0308]	2.6+0.0s
[360/1120]	[L1: 0.0311]	2.6+0.0s
[400/1120]	[L1: 0.0311]	2.8+0.0s
[440/1120]	[L1: 0.0308]	2.7+0.0s
[480/1120]	[L1: 0.0306]	2.7+0.0s
[520/1120]	[L1: 0.0307]	2.6+0.0s
[560/1120]	[L1: 0.0307]	2.6+0.0s
[600/1120]	[L1: 0.0304]	2.7+0.0s
[640/1120]	[L1: 0.0304]	2.6+0.0s
[680/1120]	[L1: 0.0303]	2.6+0.0s
[720/1120]	[L1: 0.0303]	2.6+0.0s
[760/1120]	[L1: 0.0303]	2.6+0.0s
[800/1120]	[L1: 0.0302]	2.6+0.0s
[840/1120]	[L1: 0.0301]	2.7+0.0s
[880/1120]	[L1: 0.0301]	2.6+0.0s
[920/1120]	[L1: 0.0301]	2.6+0.0s
[960/1120]	[L1: 0.0299]	2.6+0.0s
[1000/1120]	[L1: 0.0300]	2.6+0.0s
[1040/1120]	[L1: 0.0299]	2.7+0.0s
[1080/1120]	[L1: 0.0298]	2.6+0.0s
[1120/1120]	[L1: 0.0300]	2.6+0.0s
Saved epoch checkpoint at epoch 300

Evaluation:
[RSSCN7 x4]	psnr: 27.842 (Best: 27.860 @epoch 279)
Total time: 26.82s

[Epoch 301]	Learning rate: 1.00e-4
[40/1120]	[L1: 0.0261]	2.8+0.0s
[80/1120]	[L1: 0.0269]	2.9+0.0s
[120/1120]	[L1: 0.0282]	2.6+0.0s
[160/1120]	[L1: 0.0284]	2.6+0.0s
[200/1120]	[L1: 0.0283]	2.6+0.0s
[240/1120]	[L1: 0.0288]	2.7+0.0s
[280/1120]	[L1: 0.0282]	2.6+0.0s
[320/1120]	[L1: 0.0289]	2.6+0.0s
[360/1120]	[L1: 0.0292]	2.6+0.0s
[400/1120]	[L1: 0.0296]	2.6+0.0s
[440/1120]	[L1: 0.0299]	2.7+0.0s
[480/1120]	[L1: 0.0299]	2.6+0.0s
[520/1120]	[L1: 0.0298]	2.6+0.0s
[560/1120]	[L1: 0.0303]	2.6+0.0s
[600/1120]	[L1: 0.0300]	2.6+0.0s
[640/1120]	[L1: 0.0303]	2.6+0.0s
[680/1120]	[L1: 0.0303]	2.7+0.0s
[720/1120]	[L1: 0.0303]	2.6+0.0s
[760/1120]	[L1: 0.0303]	2.6+0.0s
[800/1120]	[L1: 0.0302]	2.6+0.0s
[840/1120]	[L1: 0.0303]	2.6+0.0s
[880/1120]	[L1: 0.0303]	2.7+0.0s
[920/1120]	[L1: 0.0303]	2.6+0.0s
[960/1120]	[L1: 0.0303]	2.6+0.0s
[1000/1120]	[L1: 0.0302]	2.6+0.0s
[1040/1120]	[L1: 0.0301]	2.6+0.0s
[1080/1120]	[L1: 0.0301]	2.6+0.0s
[1120/1120]	[L1: 0.0299]	2.6+0.0s

Evaluation:
[RSSCN7 x4]	psnr: 27.848 (Best: 27.860 @epoch 279)
Total time: 26.15s

[Epoch 302]	Learning rate: 1.00e-4
[40/1120]	[L1: 0.0343]	2.9+0.1s
[80/1120]	[L1: 0.0320]	2.9+0.0s
[120/1120]	[L1: 0.0311]	2.7+0.0s
[160/1120]	[L1: 0.0308]	2.7+0.0s
[200/1120]	[L1: 0.0308]	2.6+0.0s
[240/1120]	[L1: 0.0303]	2.7+0.0s
[280/1120]	[L1: 0.0305]	3.0+0.0s
[320/1120]	[L1: 0.0304]	3.0+0.0s
[360/1120]	[L1: 0.0304]	2.7+0.0s
[400/1120]	[L1: 0.0304]	2.7+0.0s
[440/1120]	[L1: 0.0305]	2.6+0.0s
[480/1120]	[L1: 0.0303]	2.6+0.0s
[520/1120]	[L1: 0.0303]	2.6+0.0s
[560/1120]	[L1: 0.0304]	2.6+0.0s
[600/1120]	[L1: 0.0302]	2.7+0.0s
[640/1120]	[L1: 0.0304]	2.6+0.0s
[680/1120]	[L1: 0.0306]	2.6+0.0s
[720/1120]	[L1: 0.0306]	2.7+0.0s
[760/1120]	[L1: 0.0306]	2.8+0.0s
[800/1120]	[L1: 0.0302]	2.6+0.0s
[840/1120]	[L1: 0.0300]	2.6+0.0s
[880/1120]	[L1: 0.0299]	2.7+0.0s
[920/1120]	[L1: 0.0300]	2.6+0.0s
[960/1120]	[L1: 0.0299]	2.6+0.0s
[1000/1120]	[L1: 0.0298]	2.6+0.0s
[1040/1120]	[L1: 0.0299]	2.7+0.0s
[1080/1120]	[L1: 0.0300]	2.6+0.0s
[1120/1120]	[L1: 0.0299]	2.6+0.0s

Evaluation:
[RSSCN7 x4]	psnr: 27.853 (Best: 27.860 @epoch 279)
Total time: 27.50s

[Epoch 303]	Learning rate: 1.00e-4
[40/1120]	[L1: 0.0268]	2.6+0.0s
[80/1120]	[L1: 0.0308]	2.6+0.0s
[120/1120]	[L1: 0.0318]	2.7+0.0s
[160/1120]	[L1: 0.0313]	2.6+0.0s
[200/1120]	[L1: 0.0320]	2.6+0.0s
[240/1120]	[L1: 0.0312]	2.6+0.0s
[280/1120]	[L1: 0.0308]	2.7+0.0s
[320/1120]	[L1: 0.0304]	2.6+0.0s
[360/1120]	[L1: 0.0304]	2.6+0.0s
[400/1120]	[L1: 0.0300]	2.6+0.0s
[440/1120]	[L1: 0.0301]	2.6+0.0s
[480/1120]	[L1: 0.0298]	2.6+0.0s
[520/1120]	[L1: 0.0296]	2.6+0.0s
[560/1120]	[L1: 0.0298]	2.7+0.0s
[600/1120]	[L1: 0.0300]	2.6+0.0s
[640/1120]	[L1: 0.0299]	2.6+0.0s
[680/1120]	[L1: 0.0297]	2.6+0.0s
[720/1120]	[L1: 0.0297]	2.6+0.0s
[760/1120]	[L1: 0.0298]	2.7+0.0s
[800/1120]	[L1: 0.0300]	2.6+0.0s
[840/1120]	[L1: 0.0300]	2.6+0.0s
[880/1120]	[L1: 0.0301]	2.6+0.0s
[920/1120]	[L1: 0.0302]	2.6+0.0s
[960/1120]	[L1: 0.0301]	2.6+0.0s
[1000/1120]	[L1: 0.0301]	2.7+0.0s
[1040/1120]	[L1: 0.0300]	2.6+0.0s
[1080/1120]	[L1: 0.0299]	2.6+0.0s
[1120/1120]	[L1: 0.0300]	2.6+0.0s

Evaluation:
[RSSCN7 x4]	psnr: 27.834 (Best: 27.860 @epoch 279)
Total time: 26.35s

[Epoch 304]	Learning rate: 1.00e-4
[40/1120]	[L1: 0.0277]	2.8+0.0s
[80/1120]	[L1: 0.0298]	2.8+0.0s
[120/1120]	[L1: 0.0298]	2.7+0.0s
[160/1120]	[L1: 0.0303]	2.6+0.0s
[200/1120]	[L1: 0.0307]	2.7+0.0s
[240/1120]	[L1: 0.0308]	2.6+0.0s
[280/1120]	[L1: 0.0309]	2.6+0.0s
[320/1120]	[L1: 0.0308]	2.6+0.0s
[360/1120]	[L1: 0.0303]	2.6+0.0s
[400/1120]	[L1: 0.0303]	2.6+0.0s
[440/1120]	[L1: 0.0302]	2.6+0.0s
[480/1120]	[L1: 0.0301]	2.7+0.0s
[520/1120]	[L1: 0.0300]	2.6+0.0s
[560/1120]	[L1: 0.0298]	2.6+0.0s
[600/1120]	[L1: 0.0296]	2.6+0.0s
[640/1120]	[L1: 0.0300]	2.9+0.0s
[680/1120]	[L1: 0.0300]	2.7+0.0s
[720/1120]	[L1: 0.0299]	2.6+0.0s
[760/1120]	[L1: 0.0299]	2.6+0.0s
[800/1120]	[L1: 0.0299]	2.6+0.0s
[840/1120]	[L1: 0.0300]	2.6+0.0s
[880/1120]	[L1: 0.0300]	2.6+0.0s
[920/1120]	[L1: 0.0299]	2.7+0.0s
[960/1120]	[L1: 0.0299]	2.6+0.0s
[1000/1120]	[L1: 0.0298]	2.6+0.0s
[1040/1120]	[L1: 0.0299]	2.6+0.0s
[1080/1120]	[L1: 0.0299]	2.6+0.0s
[1120/1120]	[L1: 0.0299]	2.7+0.0s

Evaluation:
[RSSCN7 x4]	psnr: 27.856 (Best: 27.860 @epoch 279)
Total time: 25.90s

[Epoch 305]	Learning rate: 1.00e-4
[40/1120]	[L1: 0.0285]	2.6+0.1s
[80/1120]	[L1: 0.0283]	2.6+0.0s
[120/1120]	[L1: 0.0283]	2.7+0.0s
[160/1120]	[L1: 0.0280]	2.6+0.0s
[200/1120]	[L1: 0.0279]	2.6+0.0s
[240/1120]	[L1: 0.0290]	2.6+0.0s
[280/1120]	[L1: 0.0296]	2.6+0.0s
[320/1120]	[L1: 0.0296]	2.6+0.0s
[360/1120]	[L1: 0.0299]	2.7+0.0s
[400/1120]	[L1: 0.0296]	2.6+0.0s
[440/1120]	[L1: 0.0299]	2.6+0.0s
[480/1120]	[L1: 0.0301]	2.6+0.0s
[520/1120]	[L1: 0.0301]	2.6+0.0s
[560/1120]	[L1: 0.0300]	2.7+0.0s
[600/1120]	[L1: 0.0299]	2.6+0.0s
[640/1120]	[L1: 0.0301]	2.6+0.0s
[680/1120]	[L1: 0.0298]	2.6+0.0s
[720/1120]	[L1: 0.0298]	2.6+0.0s
[760/1120]	[L1: 0.0298]	2.6+0.0s
[800/1120]	[L1: 0.0298]	2.6+0.0s
[840/1120]	[L1: 0.0299]	2.8+0.0s
[880/1120]	[L1: 0.0297]	2.8+0.0s
[920/1120]	[L1: 0.0297]	2.6+0.0s
[960/1120]	[L1: 0.0295]	2.6+0.0s
[1000/1120]	[L1: 0.0298]	2.8+0.0s
[1040/1120]	[L1: 0.0298]	2.7+0.0s
[1080/1120]	[L1: 0.0298]	2.6+0.0s
[1120/1120]	[L1: 0.0298]	2.6+0.0s

Evaluation:
[RSSCN7 x4]	psnr: 27.849 (Best: 27.860 @epoch 279)
Total time: 27.12s

[Epoch 306]	Learning rate: 1.00e-4
[40/1120]	[L1: 0.0309]	2.7+0.1s
[80/1120]	[L1: 0.0293]	2.6+0.0s
[120/1120]	[L1: 0.0291]	2.6+0.0s
[160/1120]	[L1: 0.0289]	2.6+0.0s
[200/1120]	[L1: 0.0284]	2.6+0.0s
[240/1120]	[L1: 0.0283]	2.6+0.0s
[280/1120]	[L1: 0.0287]	2.7+0.0s
[320/1120]	[L1: 0.0289]	2.7+0.0s
[360/1120]	[L1: 0.0289]	2.6+0.0s
[400/1120]	[L1: 0.0289]	2.6+0.0s
[440/1120]	[L1: 0.0290]	2.7+0.0s
[480/1120]	[L1: 0.0291]	2.7+0.0s
[520/1120]	[L1: 0.0295]	2.6+0.0s
[560/1120]	[L1: 0.0294]	2.6+0.0s
[600/1120]	[L1: 0.0294]	2.6+0.0s
[640/1120]	[L1: 0.0295]	2.6+0.0s
[680/1120]	[L1: 0.0295]	2.6+0.0s
[720/1120]	[L1: 0.0298]	2.6+0.0s
[760/1120]	[L1: 0.0296]	2.7+0.0s
[800/1120]	[L1: 0.0298]	2.6+0.0s
[840/1120]	[L1: 0.0301]	2.6+0.0s
[880/1120]	[L1: 0.0299]	2.6+0.0s
[920/1120]	[L1: 0.0298]	2.6+0.0s
[960/1120]	[L1: 0.0300]	2.7+0.0s
[1000/1120]	[L1: 0.0299]	2.6+0.0s
[1040/1120]	[L1: 0.0299]	2.6+0.0s
[1080/1120]	[L1: 0.0300]	2.6+0.0s
[1120/1120]	[L1: 0.0300]	2.6+0.0s

Evaluation:
[RSSCN7 x4]	psnr: 27.853 (Best: 27.860 @epoch 279)
Total time: 27.54s

[Epoch 307]	Learning rate: 1.00e-4
[40/1120]	[L1: 0.0281]	2.7+0.0s
[80/1120]	[L1: 0.0300]	2.8+0.0s
[120/1120]	[L1: 0.0294]	2.7+0.0s
[160/1120]	[L1: 0.0300]	2.6+0.0s
[200/1120]	[L1: 0.0301]	2.6+0.0s
[240/1120]	[L1: 0.0305]	2.6+0.0s
[280/1120]	[L1: 0.0302]	2.7+0.0s
[320/1120]	[L1: 0.0307]	2.6+0.0s
[360/1120]	[L1: 0.0307]	2.6+0.0s
[400/1120]	[L1: 0.0304]	2.6+0.0s
[440/1120]	[L1: 0.0305]	2.6+0.0s
[480/1120]	[L1: 0.0303]	2.7+0.0s
[520/1120]	[L1: 0.0302]	2.6+0.0s
[560/1120]	[L1: 0.0302]	2.6+0.0s
[600/1120]	[L1: 0.0303]	2.6+0.0s
[640/1120]	[L1: 0.0304]	2.6+0.0s
[680/1120]	[L1: 0.0303]	2.6+0.0s
[720/1120]	[L1: 0.0302]	2.7+0.0s
[760/1120]	[L1: 0.0302]	2.6+0.0s
[800/1120]	[L1: 0.0301]	2.6+0.0s
[840/1120]	[L1: 0.0301]	2.6+0.0s
[880/1120]	[L1: 0.0300]	2.6+0.0s
[920/1120]	[L1: 0.0300]	2.7+0.0s
[960/1120]	[L1: 0.0298]	2.6+0.0s
[1000/1120]	[L1: 0.0298]	2.6+0.0s
[1040/1120]	[L1: 0.0298]	2.6+0.0s
[1080/1120]	[L1: 0.0298]	2.6+0.0s
[1120/1120]	[L1: 0.0299]	2.6+0.0s

Evaluation:
[RSSCN7 x4]	psnr: 27.839 (Best: 27.860 @epoch 279)
Total time: 27.20s

[Epoch 308]	Learning rate: 1.00e-4
[40/1120]	[L1: 0.0274]	2.6+0.0s
[80/1120]	[L1: 0.0271]	2.6+0.0s
[120/1120]	[L1: 0.0279]	2.6+0.0s
[160/1120]	[L1: 0.0291]	2.6+0.0s
[200/1120]	[L1: 0.0291]	2.7+0.0s
[240/1120]	[L1: 0.0296]	2.6+0.0s
[280/1120]	[L1: 0.0292]	2.6+0.0s
[320/1120]	[L1: 0.0290]	2.6+0.0s
[360/1120]	[L1: 0.0294]	2.6+0.0s
[400/1120]	[L1: 0.0297]	2.7+0.0s
[440/1120]	[L1: 0.0295]	2.6+0.0s
[480/1120]	[L1: 0.0294]	2.6+0.0s
[520/1120]	[L1: 0.0292]	2.6+0.0s
[560/1120]	[L1: 0.0293]	2.6+0.0s
[600/1120]	[L1: 0.0297]	2.6+0.0s
[640/1120]	[L1: 0.0295]	2.6+0.0s
[680/1120]	[L1: 0.0298]	2.7+0.0s
[720/1120]	[L1: 0.0300]	2.6+0.0s
[760/1120]	[L1: 0.0300]	2.6+0.0s
[800/1120]	[L1: 0.0301]	2.6+0.0s
[840/1120]	[L1: 0.0302]	2.7+0.0s
[880/1120]	[L1: 0.0301]	2.6+0.0s
[920/1120]	[L1: 0.0301]	2.6+0.0s
[960/1120]	[L1: 0.0300]	2.6+0.0s
[1000/1120]	[L1: 0.0299]	2.6+0.0s
[1040/1120]	[L1: 0.0299]	2.6+0.0s
[1080/1120]	[L1: 0.0299]	2.6+0.0s
[1120/1120]	[L1: 0.0300]	2.7+0.0s

Evaluation:
[RSSCN7 x4]	psnr: 27.839 (Best: 27.860 @epoch 279)
Total time: 27.37s

[Epoch 309]	Learning rate: 1.00e-4
[40/1120]	[L1: 0.0301]	2.6+0.0s
[80/1120]	[L1: 0.0306]	2.6+0.0s
[120/1120]	[L1: 0.0293]	2.6+0.0s
[160/1120]	[L1: 0.0291]	2.7+0.0s
[200/1120]	[L1: 0.0294]	2.6+0.0s
[240/1120]	[L1: 0.0294]	2.6+0.0s
[280/1120]	[L1: 0.0294]	2.6+0.0s
[320/1120]	[L1: 0.0300]	2.7+0.0s
[360/1120]	[L1: 0.0298]	2.6+0.0s
[400/1120]	[L1: 0.0298]	2.6+0.0s
[440/1120]	[L1: 0.0299]	2.6+0.0s
[480/1120]	[L1: 0.0302]	2.6+0.0s
[520/1120]	[L1: 0.0304]	2.6+0.0s
[560/1120]	[L1: 0.0300]	2.6+0.0s
[600/1120]	[L1: 0.0299]	2.7+0.0s
[640/1120]	[L1: 0.0298]	2.6+0.0s
[680/1120]	[L1: 0.0298]	2.6+0.0s
[720/1120]	[L1: 0.0301]	2.6+0.0s
[760/1120]	[L1: 0.0300]	2.6+0.0s
[800/1120]	[L1: 0.0301]	2.7+0.0s
[840/1120]	[L1: 0.0302]	2.6+0.0s
[880/1120]	[L1: 0.0301]	2.6+0.0s
[920/1120]	[L1: 0.0300]	2.6+0.0s
[960/1120]	[L1: 0.0300]	2.6+0.0s
[1000/1120]	[L1: 0.0300]	2.6+0.0s
[1040/1120]	[L1: 0.0301]	2.9+0.0s
[1080/1120]	[L1: 0.0299]	2.6+0.0s
[1120/1120]	[L1: 0.0299]	2.6+0.0s

Evaluation:
[RSSCN7 x4]	psnr: 27.850 (Best: 27.860 @epoch 279)
Total time: 26.04s

[Epoch 310]	Learning rate: 1.00e-4
[40/1120]	[L1: 0.0308]	2.6+0.1s
[80/1120]	[L1: 0.0304]	2.7+0.0s
[120/1120]	[L1: 0.0304]	2.6+0.0s
[160/1120]	[L1: 0.0300]	2.6+0.0s
[200/1120]	[L1: 0.0298]	2.6+0.0s
[240/1120]	[L1: 0.0291]	2.7+0.0s
[280/1120]	[L1: 0.0298]	2.6+0.0s
[320/1120]	[L1: 0.0303]	2.6+0.0s
[360/1120]	[L1: 0.0302]	2.6+0.0s
[400/1120]	[L1: 0.0301]	2.6+0.0s
[440/1120]	[L1: 0.0302]	2.6+0.0s
[480/1120]	[L1: 0.0303]	2.6+0.0s
[520/1120]	[L1: 0.0305]	2.8+0.0s
[560/1120]	[L1: 0.0306]	2.8+0.0s
[600/1120]	[L1: 0.0306]	2.6+0.0s
[640/1120]	[L1: 0.0304]	2.6+0.0s
[680/1120]	[L1: 0.0304]	2.7+0.0s
[720/1120]	[L1: 0.0303]	2.6+0.0s
[760/1120]	[L1: 0.0301]	2.6+0.0s
[800/1120]	[L1: 0.0301]	2.6+0.0s
[840/1120]	[L1: 0.0301]	2.6+0.0s
[880/1120]	[L1: 0.0302]	2.6+0.0s
[920/1120]	[L1: 0.0301]	2.6+0.0s
[960/1120]	[L1: 0.0301]	2.7+0.0s
[1000/1120]	[L1: 0.0300]	2.6+0.0s
[1040/1120]	[L1: 0.0300]	2.6+0.0s
[1080/1120]	[L1: 0.0300]	2.6+0.0s
[1120/1120]	[L1: 0.0300]	2.6+0.0s

Evaluation:
[RSSCN7 x4]	psnr: 27.840 (Best: 27.860 @epoch 279)
Total time: 26.79s

[Epoch 311]	Learning rate: 1.00e-4
[40/1120]	[L1: 0.0280]	2.8+0.0s
[80/1120]	[L1: 0.0306]	3.0+0.0s
[120/1120]	[L1: 0.0320]	2.6+0.0s
[160/1120]	[L1: 0.0323]	2.6+0.0s
[200/1120]	[L1: 0.0314]	2.7+0.0s
[240/1120]	[L1: 0.0308]	2.6+0.0s
[280/1120]	[L1: 0.0309]	2.6+0.0s
[320/1120]	[L1: 0.0306]	2.6+0.0s
[360/1120]	[L1: 0.0307]	2.7+0.0s
[400/1120]	[L1: 0.0306]	2.7+0.0s
[440/1120]	[L1: 0.0305]	2.6+0.0s
[480/1120]	[L1: 0.0305]	2.6+0.0s
[520/1120]	[L1: 0.0301]	2.6+0.0s
[560/1120]	[L1: 0.0299]	2.6+0.0s
[600/1120]	[L1: 0.0298]	2.6+0.0s
[640/1120]	[L1: 0.0298]	2.7+0.0s
[680/1120]	[L1: 0.0298]	2.6+0.0s
[720/1120]	[L1: 0.0299]	2.6+0.0s
[760/1120]	[L1: 0.0297]	2.6+0.0s
[800/1120]	[L1: 0.0298]	2.6+0.0s
[840/1120]	[L1: 0.0299]	2.7+0.0s
[880/1120]	[L1: 0.0299]	2.6+0.0s
[920/1120]	[L1: 0.0301]	2.6+0.0s
[960/1120]	[L1: 0.0300]	2.6+0.0s
[1000/1120]	[L1: 0.0299]	2.6+0.0s
[1040/1120]	[L1: 0.0301]	2.6+0.0s
[1080/1120]	[L1: 0.0301]	2.6+0.0s
[1120/1120]	[L1: 0.0299]	2.7+0.0s

Evaluation:
[RSSCN7 x4]	psnr: 27.847 (Best: 27.860 @epoch 279)
Total time: 26.91s

[Epoch 312]	Learning rate: 1.00e-4
[40/1120]	[L1: 0.0282]	2.6+0.0s
[80/1120]	[L1: 0.0304]	2.7+0.0s
[120/1120]	[L1: 0.0307]	2.6+0.0s
[160/1120]	[L1: 0.0306]	2.6+0.0s
[200/1120]	[L1: 0.0309]	2.6+0.0s
[240/1120]	[L1: 0.0308]	2.6+0.0s
[280/1120]	[L1: 0.0309]	2.6+0.0s
[320/1120]	[L1: 0.0309]	2.6+0.0s
[360/1120]	[L1: 0.0310]	2.7+0.0s
[400/1120]	[L1: 0.0306]	2.6+0.0s
[440/1120]	[L1: 0.0308]	2.7+0.0s
[480/1120]	[L1: 0.0308]	2.6+0.0s
[520/1120]	[L1: 0.0309]	2.7+0.0s
[560/1120]	[L1: 0.0307]	2.6+0.0s
[600/1120]	[L1: 0.0306]	2.6+0.0s
[640/1120]	[L1: 0.0304]	2.6+0.0s
[680/1120]	[L1: 0.0302]	2.6+0.0s
[720/1120]	[L1: 0.0302]	2.6+0.0s
[760/1120]	[L1: 0.0302]	2.6+0.0s
[800/1120]	[L1: 0.0301]	2.7+0.0s
[840/1120]	[L1: 0.0300]	2.6+0.0s
[880/1120]	[L1: 0.0300]	2.6+0.0s
[920/1120]	[L1: 0.0300]	2.6+0.0s
[960/1120]	[L1: 0.0300]	2.6+0.0s
[1000/1120]	[L1: 0.0300]	2.7+0.0s
[1040/1120]	[L1: 0.0299]	2.6+0.0s
[1080/1120]	[L1: 0.0298]	2.6+0.0s
[1120/1120]	[L1: 0.0298]	2.6+0.0s

Evaluation:
[RSSCN7 x4]	psnr: 27.847 (Best: 27.860 @epoch 279)
Total time: 26.96s

[Epoch 313]	Learning rate: 1.00e-4
[40/1120]	[L1: 0.0280]	2.7+0.1s
[80/1120]	[L1: 0.0270]	2.6+0.0s
[120/1120]	[L1: 0.0279]	2.6+0.0s
[160/1120]	[L1: 0.0274]	2.6+0.0s
[200/1120]	[L1: 0.0273]	2.6+0.0s
[240/1120]	[L1: 0.0271]	2.6+0.0s
[280/1120]	[L1: 0.0275]	2.7+0.0s
[320/1120]	[L1: 0.0284]	2.6+0.0s
[360/1120]	[L1: 0.0288]	2.6+0.0s
[400/1120]	[L1: 0.0294]	2.6+0.0s
[440/1120]	[L1: 0.0294]	2.6+0.0s
[480/1120]	[L1: 0.0293]	2.7+0.0s
[520/1120]	[L1: 0.0293]	2.6+0.0s
[560/1120]	[L1: 0.0294]	2.6+0.0s
[600/1120]	[L1: 0.0293]	2.6+0.0s
[640/1120]	[L1: 0.0292]	2.6+0.0s
[680/1120]	[L1: 0.0293]	2.6+0.0s
[720/1120]	[L1: 0.0292]	2.7+0.0s
[760/1120]	[L1: 0.0292]	2.6+0.0s
[800/1120]	[L1: 0.0292]	2.6+0.0s
[840/1120]	[L1: 0.0293]	2.6+0.0s
[880/1120]	[L1: 0.0293]	2.6+0.0s
[920/1120]	[L1: 0.0294]	2.7+0.0s
[960/1120]	[L1: 0.0294]	2.6+0.0s
[1000/1120]	[L1: 0.0296]	2.6+0.0s
[1040/1120]	[L1: 0.0296]	2.6+0.0s
[1080/1120]	[L1: 0.0297]	2.6+0.0s
[1120/1120]	[L1: 0.0299]	2.6+0.0s

Evaluation:
[RSSCN7 x4]	psnr: 27.840 (Best: 27.860 @epoch 279)
Total time: 26.25s

[Epoch 314]	Learning rate: 1.00e-4
[40/1120]	[L1: 0.0317]	2.6+0.0s
[80/1120]	[L1: 0.0295]	2.8+0.0s
[120/1120]	[L1: 0.0308]	2.6+0.0s
[160/1120]	[L1: 0.0306]	2.7+0.0s
[200/1120]	[L1: 0.0298]	2.6+0.0s
[240/1120]	[L1: 0.0304]	2.6+0.0s
[280/1120]	[L1: 0.0293]	2.6+0.0s
[320/1120]	[L1: 0.0296]	2.6+0.0s
[360/1120]	[L1: 0.0292]	2.6+0.0s
[400/1120]	[L1: 0.0295]	2.6+0.0s
[440/1120]	[L1: 0.0294]	2.7+0.0s
[480/1120]	[L1: 0.0295]	2.6+0.0s
[520/1120]	[L1: 0.0295]	2.6+0.0s
[560/1120]	[L1: 0.0298]	2.6+0.0s
[600/1120]	[L1: 0.0298]	2.6+0.0s
[640/1120]	[L1: 0.0298]	2.7+0.0s
[680/1120]	[L1: 0.0298]	2.6+0.0s
[720/1120]	[L1: 0.0296]	2.6+0.0s
[760/1120]	[L1: 0.0296]	2.6+0.0s
[800/1120]	[L1: 0.0295]	2.6+0.0s
[840/1120]	[L1: 0.0295]	2.6+0.0s
[880/1120]	[L1: 0.0298]	2.7+0.0s
[920/1120]	[L1: 0.0298]	2.6+0.0s
[960/1120]	[L1: 0.0296]	2.6+0.0s
[1000/1120]	[L1: 0.0296]	2.6+0.0s
[1040/1120]	[L1: 0.0298]	2.6+0.0s
[1080/1120]	[L1: 0.0298]	2.7+0.0s
[1120/1120]	[L1: 0.0298]	2.6+0.0s

Evaluation:
[RSSCN7 x4]	psnr: 27.826 (Best: 27.860 @epoch 279)
Total time: 27.01s

[Epoch 315]	Learning rate: 1.00e-4
[40/1120]	[L1: 0.0283]	2.8+0.0s
[80/1120]	[L1: 0.0296]	2.8+0.0s
[120/1120]	[L1: 0.0295]	2.7+0.0s
[160/1120]	[L1: 0.0299]	2.6+0.0s
[200/1120]	[L1: 0.0294]	2.6+0.0s
[240/1120]	[L1: 0.0297]	2.6+0.0s
[280/1120]	[L1: 0.0292]	2.6+0.0s
[320/1120]	[L1: 0.0294]	2.7+0.0s
[360/1120]	[L1: 0.0297]	2.6+0.0s
[400/1120]	[L1: 0.0298]	2.6+0.0s
[440/1120]	[L1: 0.0300]	2.6+0.0s
[480/1120]	[L1: 0.0299]	2.6+0.0s
[520/1120]	[L1: 0.0300]	2.6+0.0s
[560/1120]	[L1: 0.0299]	2.6+0.0s
[600/1120]	[L1: 0.0297]	2.7+0.0s
[640/1120]	[L1: 0.0294]	2.6+0.0s
[680/1120]	[L1: 0.0295]	2.6+0.0s
[720/1120]	[L1: 0.0298]	2.6+0.0s
[760/1120]	[L1: 0.0296]	2.7+0.0s
[800/1120]	[L1: 0.0297]	2.6+0.0s
[840/1120]	[L1: 0.0296]	2.6+0.0s
[880/1120]	[L1: 0.0298]	2.6+0.0s
[920/1120]	[L1: 0.0299]	2.6+0.0s
[960/1120]	[L1: 0.0300]	2.6+0.0s
[1000/1120]	[L1: 0.0299]	2.6+0.0s
[1040/1120]	[L1: 0.0299]	2.7+0.0s
[1080/1120]	[L1: 0.0299]	2.6+0.0s
[1120/1120]	[L1: 0.0300]	2.6+0.0s

Evaluation:
[RSSCN7 x4]	psnr: 27.839 (Best: 27.860 @epoch 279)
Total time: 26.37s

[Epoch 316]	Learning rate: 1.00e-4
[40/1120]	[L1: 0.0281]	2.7+0.0s
[80/1120]	[L1: 0.0290]	2.6+0.0s
[120/1120]	[L1: 0.0298]	2.6+0.0s
[160/1120]	[L1: 0.0306]	2.6+0.0s
[200/1120]	[L1: 0.0300]	2.6+0.0s
[240/1120]	[L1: 0.0290]	2.7+0.0s
[280/1120]	[L1: 0.0296]	2.6+0.0s
[320/1120]	[L1: 0.0293]	2.6+0.0s
[360/1120]	[L1: 0.0294]	2.6+0.0s
[400/1120]	[L1: 0.0294]	2.6+0.0s
[440/1120]	[L1: 0.0297]	2.6+0.0s
[480/1120]	[L1: 0.0296]	2.7+0.0s
[520/1120]	[L1: 0.0302]	2.6+0.0s
[560/1120]	[L1: 0.0302]	2.6+0.0s
[600/1120]	[L1: 0.0300]	2.6+0.0s
[640/1120]	[L1: 0.0297]	2.6+0.0s
[680/1120]	[L1: 0.0299]	2.8+0.0s
[720/1120]	[L1: 0.0301]	2.6+0.0s
[760/1120]	[L1: 0.0300]	2.6+0.0s
[800/1120]	[L1: 0.0299]	2.6+0.0s
[840/1120]	[L1: 0.0299]	2.6+0.0s
[880/1120]	[L1: 0.0300]	2.6+0.0s
[920/1120]	[L1: 0.0298]	2.6+0.0s
[960/1120]	[L1: 0.0299]	2.7+0.0s
[1000/1120]	[L1: 0.0299]	2.6+0.0s
[1040/1120]	[L1: 0.0298]	2.6+0.0s
[1080/1120]	[L1: 0.0299]	2.6+0.0s
[1120/1120]	[L1: 0.0299]	2.7+0.0s

Evaluation:
[RSSCN7 x4]	psnr: 27.859 (Best: 27.860 @epoch 279)
Total time: 25.80s

[Epoch 317]	Learning rate: 1.00e-4
[40/1120]	[L1: 0.0298]	2.6+0.1s
[80/1120]	[L1: 0.0296]	2.6+0.0s
[120/1120]	[L1: 0.0313]	2.6+0.0s
[160/1120]	[L1: 0.0312]	2.7+0.0s
[200/1120]	[L1: 0.0316]	2.6+0.0s
[240/1120]	[L1: 0.0309]	2.6+0.0s
[280/1120]	[L1: 0.0309]	2.6+0.0s
[320/1120]	[L1: 0.0309]	2.6+0.0s
[360/1120]	[L1: 0.0304]	2.7+0.0s
[400/1120]	[L1: 0.0303]	2.6+0.0s
[440/1120]	[L1: 0.0303]	2.6+0.0s
[480/1120]	[L1: 0.0306]	2.6+0.0s
[520/1120]	[L1: 0.0303]	2.6+0.0s
[560/1120]	[L1: 0.0304]	2.6+0.0s
[600/1120]	[L1: 0.0305]	2.7+0.0s
[640/1120]	[L1: 0.0303]	2.6+0.0s
[680/1120]	[L1: 0.0301]	2.6+0.0s
[720/1120]	[L1: 0.0300]	2.6+0.0s
[760/1120]	[L1: 0.0300]	2.6+0.0s
[800/1120]	[L1: 0.0302]	2.7+0.0s
[840/1120]	[L1: 0.0301]	2.6+0.0s
[880/1120]	[L1: 0.0301]	2.6+0.0s
[920/1120]	[L1: 0.0300]	2.6+0.0s
[960/1120]	[L1: 0.0299]	2.6+0.0s
[1000/1120]	[L1: 0.0299]	2.6+0.0s
[1040/1120]	[L1: 0.0299]	2.6+0.0s
[1080/1120]	[L1: 0.0298]	2.7+0.0s
[1120/1120]	[L1: 0.0299]	2.6+0.0s

Evaluation:
[RSSCN7 x4]	psnr: 27.837 (Best: 27.860 @epoch 279)
Total time: 26.87s

[Epoch 318]	Learning rate: 1.00e-4
[40/1120]	[L1: 0.0280]	2.6+0.0s
[80/1120]	[L1: 0.0273]	2.7+0.0s
[120/1120]	[L1: 0.0289]	2.8+0.0s
[160/1120]	[L1: 0.0295]	2.7+0.0s
[200/1120]	[L1: 0.0289]	2.6+0.0s
[240/1120]	[L1: 0.0296]	2.6+0.0s
[280/1120]	[L1: 0.0290]	2.7+0.0s
[320/1120]	[L1: 0.0294]	2.6+0.0s
[360/1120]	[L1: 0.0297]	2.6+0.0s
[400/1120]	[L1: 0.0292]	2.6+0.0s
[440/1120]	[L1: 0.0298]	2.6+0.0s
[480/1120]	[L1: 0.0297]	2.6+0.0s
[520/1120]	[L1: 0.0294]	2.7+0.0s
[560/1120]	[L1: 0.0292]	2.6+0.0s
[600/1120]	[L1: 0.0297]	2.6+0.0s
[640/1120]	[L1: 0.0296]	2.6+0.0s
[680/1120]	[L1: 0.0299]	2.6+0.0s
[720/1120]	[L1: 0.0299]	2.7+0.0s
[760/1120]	[L1: 0.0299]	2.6+0.0s
[800/1120]	[L1: 0.0297]	2.6+0.0s
[840/1120]	[L1: 0.0297]	2.6+0.0s
[880/1120]	[L1: 0.0297]	2.6+0.0s
[920/1120]	[L1: 0.0299]	2.6+0.0s
[960/1120]	[L1: 0.0298]	2.7+0.0s
[1000/1120]	[L1: 0.0298]	2.6+0.0s
[1040/1120]	[L1: 0.0299]	2.6+0.0s
[1080/1120]	[L1: 0.0298]	2.6+0.0s
[1120/1120]	[L1: 0.0299]	2.6+0.0s

Evaluation:
[RSSCN7 x4]	psnr: 27.858 (Best: 27.860 @epoch 279)
Total time: 27.61s

[Epoch 319]	Learning rate: 1.00e-4
[40/1120]	[L1: 0.0339]	2.9+0.0s
[80/1120]	[L1: 0.0317]	2.8+0.0s
[120/1120]	[L1: 0.0309]	2.7+0.0s
[160/1120]	[L1: 0.0314]	2.6+0.0s
[200/1120]	[L1: 0.0315]	2.6+0.0s
[240/1120]	[L1: 0.0320]	2.7+0.0s
[280/1120]	[L1: 0.0320]	2.6+0.0s
[320/1120]	[L1: 0.0320]	2.6+0.0s
[360/1120]	[L1: 0.0315]	2.6+0.0s
[400/1120]	[L1: 0.0313]	2.6+0.0s
[440/1120]	[L1: 0.0311]	2.7+0.0s
[480/1120]	[L1: 0.0310]	2.6+0.0s
[520/1120]	[L1: 0.0308]	2.6+0.0s
[560/1120]	[L1: 0.0308]	2.6+0.0s
[600/1120]	[L1: 0.0307]	2.6+0.0s
[640/1120]	[L1: 0.0305]	2.6+0.0s
[680/1120]	[L1: 0.0305]	2.8+0.0s
[720/1120]	[L1: 0.0304]	2.6+0.0s
[760/1120]	[L1: 0.0303]	2.6+0.0s
[800/1120]	[L1: 0.0302]	2.6+0.0s
[840/1120]	[L1: 0.0302]	2.6+0.0s
[880/1120]	[L1: 0.0300]	2.7+0.0s
[920/1120]	[L1: 0.0301]	2.6+0.0s
[960/1120]	[L1: 0.0301]	2.6+0.0s
[1000/1120]	[L1: 0.0299]	2.6+0.0s
[1040/1120]	[L1: 0.0298]	2.6+0.0s
[1080/1120]	[L1: 0.0298]	2.6+0.0s
[1120/1120]	[L1: 0.0299]	2.6+0.0s

Evaluation:
[RSSCN7 x4]	psnr: 27.856 (Best: 27.860 @epoch 279)
Total time: 25.94s

[Epoch 320]	Learning rate: 1.00e-4
[40/1120]	[L1: 0.0302]	2.6+0.0s
[80/1120]	[L1: 0.0304]	2.6+0.0s
[120/1120]	[L1: 0.0294]	2.6+0.0s
[160/1120]	[L1: 0.0288]	2.7+0.0s
[200/1120]	[L1: 0.0286]	2.6+0.0s
[240/1120]	[L1: 0.0294]	2.6+0.0s
[280/1120]	[L1: 0.0298]	2.6+0.0s
[320/1120]	[L1: 0.0297]	2.6+0.0s
[360/1120]	[L1: 0.0299]	2.6+0.0s
[400/1120]	[L1: 0.0297]	2.7+0.0s
[440/1120]	[L1: 0.0298]	2.6+0.0s
[480/1120]	[L1: 0.0299]	2.6+0.0s
[520/1120]	[L1: 0.0299]	2.6+0.0s
[560/1120]	[L1: 0.0301]	2.6+0.0s
[600/1120]	[L1: 0.0300]	2.7+0.0s
[640/1120]	[L1: 0.0302]	2.6+0.0s
[680/1120]	[L1: 0.0301]	2.6+0.0s
[720/1120]	[L1: 0.0300]	2.6+0.0s
[760/1120]	[L1: 0.0304]	2.6+0.0s
[800/1120]	[L1: 0.0302]	2.6+0.0s
[840/1120]	[L1: 0.0302]	2.6+0.0s
[880/1120]	[L1: 0.0301]	2.7+0.0s
[920/1120]	[L1: 0.0301]	2.6+0.0s
[960/1120]	[L1: 0.0301]	2.6+0.0s
[1000/1120]	[L1: 0.0300]	2.6+0.0s
[1040/1120]	[L1: 0.0300]	2.7+0.0s
[1080/1120]	[L1: 0.0299]	2.6+0.0s
[1120/1120]	[L1: 0.0299]	2.6+0.0s

Evaluation:
[RSSCN7 x4]	psnr: 27.853 (Best: 27.860 @epoch 279)
Total time: 27.51s

[Epoch 321]	Learning rate: 1.00e-4
[40/1120]	[L1: 0.0305]	2.8+0.0s
[80/1120]	[L1: 0.0302]	2.7+0.0s
[120/1120]	[L1: 0.0299]	2.6+0.0s
[160/1120]	[L1: 0.0297]	2.6+0.0s
[200/1120]	[L1: 0.0293]	2.6+0.0s
[240/1120]	[L1: 0.0293]	2.6+0.0s
[280/1120]	[L1: 0.0294]	2.7+0.0s
[320/1120]	[L1: 0.0292]	2.6+0.0s
[360/1120]	[L1: 0.0294]	2.6+0.0s
[400/1120]	[L1: 0.0297]	2.6+0.0s
[440/1120]	[L1: 0.0296]	2.6+0.0s
[480/1120]	[L1: 0.0294]	2.6+0.0s
[520/1120]	[L1: 0.0293]	2.7+0.0s
[560/1120]	[L1: 0.0295]	2.6+0.0s
[600/1120]	[L1: 0.0298]	2.6+0.0s
[640/1120]	[L1: 0.0298]	2.6+0.0s
[680/1120]	[L1: 0.0300]	2.6+0.0s
[720/1120]	[L1: 0.0300]	2.7+0.0s
[760/1120]	[L1: 0.0304]	2.6+0.0s
[800/1120]	[L1: 0.0306]	2.6+0.0s
[840/1120]	[L1: 0.0305]	2.6+0.0s
[880/1120]	[L1: 0.0304]	2.6+0.0s
[920/1120]	[L1: 0.0302]	2.6+0.0s
[960/1120]	[L1: 0.0300]	2.6+0.0s
[1000/1120]	[L1: 0.0300]	2.7+0.0s
[1040/1120]	[L1: 0.0300]	2.6+0.0s
[1080/1120]	[L1: 0.0300]	2.6+0.0s
[1120/1120]	[L1: 0.0299]	2.6+0.0s

Evaluation:
[RSSCN7 x4]	psnr: 27.845 (Best: 27.860 @epoch 279)
Total time: 26.79s

[Epoch 322]	Learning rate: 1.00e-4
[40/1120]	[L1: 0.0339]	2.6+0.0s
[80/1120]	[L1: 0.0328]	2.6+0.0s
[120/1120]	[L1: 0.0315]	2.6+0.0s
[160/1120]	[L1: 0.0309]	2.6+0.0s
[200/1120]	[L1: 0.0307]	2.6+0.0s
[240/1120]	[L1: 0.0308]	2.7+0.0s
[280/1120]	[L1: 0.0306]	2.6+0.0s
[320/1120]	[L1: 0.0310]	2.6+0.0s
[360/1120]	[L1: 0.0315]	2.6+0.0s
[400/1120]	[L1: 0.0310]	2.6+0.0s
[440/1120]	[L1: 0.0308]	2.7+0.0s
[480/1120]	[L1: 0.0309]	2.6+0.0s
[520/1120]	[L1: 0.0311]	2.6+0.0s
[560/1120]	[L1: 0.0310]	2.6+0.0s
[600/1120]	[L1: 0.0310]	2.6+0.0s
[640/1120]	[L1: 0.0309]	2.6+0.0s
[680/1120]	[L1: 0.0308]	2.6+0.0s
[720/1120]	[L1: 0.0304]	2.7+0.0s
[760/1120]	[L1: 0.0304]	2.6+0.0s
[800/1120]	[L1: 0.0305]	2.6+0.0s
[840/1120]	[L1: 0.0304]	2.6+0.0s
[880/1120]	[L1: 0.0304]	2.6+0.0s
[920/1120]	[L1: 0.0304]	2.7+0.0s
[960/1120]	[L1: 0.0303]	2.6+0.0s
[1000/1120]	[L1: 0.0301]	2.6+0.0s
[1040/1120]	[L1: 0.0301]	2.6+0.0s
[1080/1120]	[L1: 0.0298]	2.6+0.0s
[1120/1120]	[L1: 0.0298]	2.6+0.0s

Evaluation:
[RSSCN7 x4]	psnr: 27.837 (Best: 27.860 @epoch 279)
Total time: 25.95s

[Epoch 323]	Learning rate: 1.00e-4
[40/1120]	[L1: 0.0282]	2.6+0.0s
[80/1120]	[L1: 0.0328]	2.6+0.0s
[120/1120]	[L1: 0.0326]	2.6+0.0s
[160/1120]	[L1: 0.0314]	2.6+0.0s
[200/1120]	[L1: 0.0310]	2.7+0.0s
[240/1120]	[L1: 0.0305]	2.6+0.0s
[280/1120]	[L1: 0.0303]	2.6+0.0s
[320/1120]	[L1: 0.0297]	2.6+0.0s
[360/1120]	[L1: 0.0299]	2.8+0.0s
[400/1120]	[L1: 0.0301]	2.7+0.0s
[440/1120]	[L1: 0.0305]	2.6+0.0s
[480/1120]	[L1: 0.0305]	2.6+0.0s
[520/1120]	[L1: 0.0304]	2.6+0.0s
[560/1120]	[L1: 0.0302]	2.6+0.0s
[600/1120]	[L1: 0.0303]	2.6+0.0s
[640/1120]	[L1: 0.0303]	2.6+0.0s
[680/1120]	[L1: 0.0303]	2.7+0.0s
[720/1120]	[L1: 0.0305]	2.6+0.0s
[760/1120]	[L1: 0.0304]	2.6+0.0s
[800/1120]	[L1: 0.0305]	2.6+0.0s
[840/1120]	[L1: 0.0305]	2.7+0.0s
[880/1120]	[L1: 0.0304]	2.6+0.0s
[920/1120]	[L1: 0.0303]	2.5+0.0s
[960/1120]	[L1: 0.0302]	2.6+0.0s
[1000/1120]	[L1: 0.0301]	2.6+0.0s
[1040/1120]	[L1: 0.0300]	2.6+0.0s
[1080/1120]	[L1: 0.0302]	2.6+0.0s
[1120/1120]	[L1: 0.0300]	2.7+0.0s

Evaluation:
[RSSCN7 x4]	psnr: 27.852 (Best: 27.860 @epoch 279)
Total time: 27.04s

[Epoch 324]	Learning rate: 1.00e-4
[40/1120]	[L1: 0.0260]	2.6+0.0s
[80/1120]	[L1: 0.0287]	2.6+0.0s
[120/1120]	[L1: 0.0267]	2.6+0.0s
[160/1120]	[L1: 0.0267]	2.7+0.0s
[200/1120]	[L1: 0.0280]	2.6+0.0s
[240/1120]	[L1: 0.0282]	2.6+0.0s
[280/1120]	[L1: 0.0285]	2.6+0.0s
[320/1120]	[L1: 0.0285]	2.7+0.0s
[360/1120]	[L1: 0.0290]	2.7+0.0s
[400/1120]	[L1: 0.0287]	2.8+0.0s
[440/1120]	[L1: 0.0292]	2.6+0.0s
[480/1120]	[L1: 0.0292]	2.6+0.0s
[520/1120]	[L1: 0.0293]	2.6+0.0s
[560/1120]	[L1: 0.0295]	2.6+0.0s
[600/1120]	[L1: 0.0295]	2.7+0.0s
[640/1120]	[L1: 0.0295]	2.6+0.0s
[680/1120]	[L1: 0.0294]	2.6+0.0s
[720/1120]	[L1: 0.0294]	2.6+0.0s
[760/1120]	[L1: 0.0295]	2.6+0.0s
[800/1120]	[L1: 0.0297]	2.7+0.0s
[840/1120]	[L1: 0.0299]	2.6+0.0s
[880/1120]	[L1: 0.0298]	2.8+0.0s
[920/1120]	[L1: 0.0298]	2.6+0.0s
[960/1120]	[L1: 0.0299]	2.6+0.0s
[1000/1120]	[L1: 0.0297]	2.6+0.0s
[1040/1120]	[L1: 0.0297]	2.7+0.0s
[1080/1120]	[L1: 0.0297]	2.6+0.0s
[1120/1120]	[L1: 0.0297]	2.6+0.0s

Evaluation:
[RSSCN7 x4]	psnr: 27.853 (Best: 27.860 @epoch 279)
Total time: 26.29s

[Epoch 325]	Learning rate: 1.00e-4
[40/1120]	[L1: 0.0357]	2.6+0.0s
[80/1120]	[L1: 0.0336]	2.7+0.0s
[120/1120]	[L1: 0.0320]	2.6+0.0s
[160/1120]	[L1: 0.0313]	2.6+0.0s
[200/1120]	[L1: 0.0310]	2.8+0.0s
[240/1120]	[L1: 0.0308]	2.7+0.0s
[280/1120]	[L1: 0.0303]	2.6+0.0s
[320/1120]	[L1: 0.0300]	2.6+0.0s
[360/1120]	[L1: 0.0299]	2.6+0.0s
[400/1120]	[L1: 0.0297]	2.6+0.0s
[440/1120]	[L1: 0.0295]	2.6+0.0s
[480/1120]	[L1: 0.0294]	2.6+0.0s
[520/1120]	[L1: 0.0295]	2.7+0.0s
[560/1120]	[L1: 0.0294]	2.6+0.0s
[600/1120]	[L1: 0.0293]	2.6+0.0s
[640/1120]	[L1: 0.0295]	2.6+0.0s
[680/1120]	[L1: 0.0294]	2.7+0.0s
[720/1120]	[L1: 0.0295]	2.6+0.0s
[760/1120]	[L1: 0.0295]	2.6+0.0s
[800/1120]	[L1: 0.0297]	2.6+0.0s
[840/1120]	[L1: 0.0296]	2.6+0.0s
[880/1120]	[L1: 0.0295]	2.6+0.0s
[920/1120]	[L1: 0.0297]	2.6+0.0s
[960/1120]	[L1: 0.0298]	2.7+0.0s
[1000/1120]	[L1: 0.0299]	2.6+0.0s
[1040/1120]	[L1: 0.0301]	2.6+0.0s
[1080/1120]	[L1: 0.0299]	2.6+0.0s
[1120/1120]	[L1: 0.0299]	2.6+0.0s

Evaluation:
[RSSCN7 x4]	psnr: 27.841 (Best: 27.860 @epoch 279)
Total time: 26.15s

[Epoch 326]	Learning rate: 1.00e-4
[40/1120]	[L1: 0.0287]	2.8+0.0s
[80/1120]	[L1: 0.0284]	2.8+0.0s
[120/1120]	[L1: 0.0288]	2.6+0.0s
[160/1120]	[L1: 0.0290]	2.6+0.0s
[200/1120]	[L1: 0.0286]	2.7+0.0s
[240/1120]	[L1: 0.0294]	2.6+0.0s
[280/1120]	[L1: 0.0296]	2.6+0.0s
[320/1120]	[L1: 0.0301]	2.6+0.0s
[360/1120]	[L1: 0.0301]	2.6+0.0s
[400/1120]	[L1: 0.0297]	2.7+0.0s
[440/1120]	[L1: 0.0297]	2.6+0.0s
[480/1120]	[L1: 0.0299]	2.6+0.0s
[520/1120]	[L1: 0.0298]	2.6+0.0s
[560/1120]	[L1: 0.0300]	2.6+0.0s
[600/1120]	[L1: 0.0299]	2.6+0.0s
[640/1120]	[L1: 0.0300]	2.7+0.0s
[680/1120]	[L1: 0.0301]	2.6+0.0s
[720/1120]	[L1: 0.0299]	2.6+0.0s
[760/1120]	[L1: 0.0299]	2.6+0.0s
[800/1120]	[L1: 0.0301]	2.6+0.0s
[840/1120]	[L1: 0.0302]	2.7+0.0s
[880/1120]	[L1: 0.0302]	2.6+0.0s
[920/1120]	[L1: 0.0302]	2.6+0.0s
[960/1120]	[L1: 0.0303]	2.6+0.0s
[1000/1120]	[L1: 0.0301]	2.6+0.0s
[1040/1120]	[L1: 0.0300]	2.7+0.0s
[1080/1120]	[L1: 0.0300]	2.6+0.0s
[1120/1120]	[L1: 0.0300]	2.7+0.0s

Evaluation:
[RSSCN7 x4]	psnr: 27.850 (Best: 27.860 @epoch 279)
Total time: 27.57s

[Epoch 327]	Learning rate: 1.00e-4
[40/1120]	[L1: 0.0280]	2.6+0.0s
[80/1120]	[L1: 0.0272]	2.7+0.0s
[120/1120]	[L1: 0.0272]	2.6+0.0s
[160/1120]	[L1: 0.0271]	2.6+0.0s
[200/1120]	[L1: 0.0287]	2.6+0.0s
[240/1120]	[L1: 0.0286]	2.6+0.0s
[280/1120]	[L1: 0.0284]	2.6+0.0s
[320/1120]	[L1: 0.0286]	2.6+0.0s
[360/1120]	[L1: 0.0287]	2.7+0.0s
[400/1120]	[L1: 0.0289]	2.6+0.0s
[440/1120]	[L1: 0.0289]	2.6+0.0s
[480/1120]	[L1: 0.0292]	2.6+0.0s
[520/1120]	[L1: 0.0291]	2.7+0.0s
[560/1120]	[L1: 0.0291]	2.6+0.0s
[600/1120]	[L1: 0.0295]	2.6+0.0s
[640/1120]	[L1: 0.0295]	2.6+0.0s
[680/1120]	[L1: 0.0297]	2.6+0.0s
[720/1120]	[L1: 0.0296]	2.6+0.0s
[760/1120]	[L1: 0.0297]	2.6+0.0s
[800/1120]	[L1: 0.0298]	2.7+0.0s
[840/1120]	[L1: 0.0297]	2.6+0.0s
[880/1120]	[L1: 0.0298]	2.6+0.0s
[920/1120]	[L1: 0.0300]	2.6+0.0s
[960/1120]	[L1: 0.0300]	2.6+0.0s
[1000/1120]	[L1: 0.0300]	2.7+0.0s
[1040/1120]	[L1: 0.0300]	2.6+0.0s
[1080/1120]	[L1: 0.0300]	2.6+0.0s
[1120/1120]	[L1: 0.0299]	2.6+0.0s

Evaluation:
[RSSCN7 x4]	psnr: 27.846 (Best: 27.860 @epoch 279)
Total time: 26.78s

[Epoch 328]	Learning rate: 1.00e-4
[40/1120]	[L1: 0.0312]	2.7+0.1s
[80/1120]	[L1: 0.0314]	2.6+0.0s
[120/1120]	[L1: 0.0296]	2.6+0.0s
[160/1120]	[L1: 0.0283]	2.7+0.0s
[200/1120]	[L1: 0.0289]	2.6+0.0s
[240/1120]	[L1: 0.0285]	2.6+0.0s
[280/1120]	[L1: 0.0288]	2.7+0.0s
[320/1120]	[L1: 0.0288]	2.6+0.0s
[360/1120]	[L1: 0.0294]	2.6+0.0s
[400/1120]	[L1: 0.0292]	2.6+0.0s
[440/1120]	[L1: 0.0297]	2.6+0.0s
[480/1120]	[L1: 0.0295]	2.7+0.0s
[520/1120]	[L1: 0.0295]	2.6+0.0s
[560/1120]	[L1: 0.0295]	2.6+0.0s
[600/1120]	[L1: 0.0297]	2.6+0.0s
[640/1120]	[L1: 0.0297]	2.6+0.0s
[680/1120]	[L1: 0.0300]	2.6+0.0s
[720/1120]	[L1: 0.0299]	2.7+0.0s
[760/1120]	[L1: 0.0300]	2.6+0.0s
[800/1120]	[L1: 0.0299]	2.6+0.0s
[840/1120]	[L1: 0.0298]	2.6+0.0s
[880/1120]	[L1: 0.0299]	2.6+0.0s
[920/1120]	[L1: 0.0299]	2.7+0.0s
[960/1120]	[L1: 0.0301]	2.8+0.0s
[1000/1120]	[L1: 0.0301]	2.7+0.0s
[1040/1120]	[L1: 0.0299]	2.6+0.0s
[1080/1120]	[L1: 0.0299]	2.6+0.0s
[1120/1120]	[L1: 0.0299]	2.6+0.0s

Evaluation:
[RSSCN7 x4]	psnr: 27.848 (Best: 27.860 @epoch 279)
Total time: 25.28s

[Epoch 329]	Learning rate: 1.00e-4
[40/1120]	[L1: 0.0276]	2.6+0.1s
[80/1120]	[L1: 0.0302]	2.6+0.0s
[120/1120]	[L1: 0.0294]	2.6+0.0s
[160/1120]	[L1: 0.0296]	2.7+0.0s
[200/1120]	[L1: 0.0295]	2.7+0.0s
[240/1120]	[L1: 0.0304]	2.7+0.0s
[280/1120]	[L1: 0.0307]	2.6+0.0s
[320/1120]	[L1: 0.0307]	2.6+0.0s
[360/1120]	[L1: 0.0310]	2.6+0.0s
[400/1120]	[L1: 0.0314]	2.6+0.0s
[440/1120]	[L1: 0.0308]	2.7+0.0s
[480/1120]	[L1: 0.0308]	2.6+0.0s
[520/1120]	[L1: 0.0307]	2.6+0.0s
[560/1120]	[L1: 0.0306]	2.6+0.0s
[600/1120]	[L1: 0.0304]	2.6+0.0s
[640/1120]	[L1: 0.0305]	2.7+0.0s
[680/1120]	[L1: 0.0304]	2.6+0.0s
[720/1120]	[L1: 0.0304]	2.6+0.0s
[760/1120]	[L1: 0.0303]	2.6+0.0s
[800/1120]	[L1: 0.0300]	2.6+0.0s
[840/1120]	[L1: 0.0298]	2.6+0.0s
[880/1120]	[L1: 0.0299]	2.7+0.0s
[920/1120]	[L1: 0.0300]	2.6+0.0s
[960/1120]	[L1: 0.0301]	2.6+0.0s
[1000/1120]	[L1: 0.0299]	2.6+0.0s
[1040/1120]	[L1: 0.0298]	2.6+0.0s
[1080/1120]	[L1: 0.0299]	2.7+0.0s
[1120/1120]	[L1: 0.0298]	2.6+0.0s

Evaluation:
[RSSCN7 x4]	psnr: 27.834 (Best: 27.860 @epoch 279)
Total time: 27.01s

[Epoch 330]	Learning rate: 1.00e-4
[40/1120]	[L1: 0.0286]	2.9+0.0s
[80/1120]	[L1: 0.0276]	2.9+0.0s
[120/1120]	[L1: 0.0286]	2.8+0.0s
[160/1120]	[L1: 0.0287]	2.6+0.0s
[200/1120]	[L1: 0.0288]	2.6+0.0s
[240/1120]	[L1: 0.0295]	2.6+0.0s
[280/1120]	[L1: 0.0296]	2.6+0.0s
[320/1120]	[L1: 0.0298]	2.7+0.0s
[360/1120]	[L1: 0.0297]	2.6+0.0s
[400/1120]	[L1: 0.0298]	2.6+0.0s
[440/1120]	[L1: 0.0297]	2.6+0.0s
[480/1120]	[L1: 0.0299]	2.6+0.0s
[520/1120]	[L1: 0.0301]	2.6+0.0s
[560/1120]	[L1: 0.0302]	2.6+0.0s
[600/1120]	[L1: 0.0303]	2.7+0.0s
[640/1120]	[L1: 0.0302]	2.6+0.0s
[680/1120]	[L1: 0.0301]	2.6+0.0s
[720/1120]	[L1: 0.0302]	2.6+0.0s
[760/1120]	[L1: 0.0302]	2.7+0.0s
[800/1120]	[L1: 0.0300]	2.6+0.0s
[840/1120]	[L1: 0.0299]	2.6+0.0s
[880/1120]	[L1: 0.0300]	2.7+0.0s
[920/1120]	[L1: 0.0301]	2.6+0.0s
[960/1120]	[L1: 0.0302]	2.6+0.0s
[1000/1120]	[L1: 0.0302]	2.6+0.0s
[1040/1120]	[L1: 0.0301]	2.7+0.0s
[1080/1120]	[L1: 0.0300]	2.6+0.0s
[1120/1120]	[L1: 0.0299]	2.6+0.0s

Evaluation:
[RSSCN7 x4]	psnr: 27.849 (Best: 27.860 @epoch 279)
Total time: 26.11s

[Epoch 331]	Learning rate: 1.00e-4
[40/1120]	[L1: 0.0290]	2.7+0.0s
[80/1120]	[L1: 0.0297]	2.6+0.0s
[120/1120]	[L1: 0.0309]	2.6+0.0s
[160/1120]	[L1: 0.0310]	2.6+0.0s
[200/1120]	[L1: 0.0309]	2.7+0.0s
[240/1120]	[L1: 0.0308]	2.8+0.0s
[280/1120]	[L1: 0.0310]	2.6+0.0s
[320/1120]	[L1: 0.0307]	2.6+0.0s
[360/1120]	[L1: 0.0307]	2.6+0.0s
[400/1120]	[L1: 0.0305]	2.6+0.0s
[440/1120]	[L1: 0.0306]	2.6+0.0s
[480/1120]	[L1: 0.0304]	2.7+0.0s
[520/1120]	[L1: 0.0303]	2.6+0.0s
[560/1120]	[L1: 0.0303]	2.6+0.0s
[600/1120]	[L1: 0.0302]	2.6+0.0s
[640/1120]	[L1: 0.0302]	2.6+0.0s
[680/1120]	[L1: 0.0305]	2.7+0.0s
[720/1120]	[L1: 0.0303]	2.6+0.0s
[760/1120]	[L1: 0.0301]	2.6+0.0s
[800/1120]	[L1: 0.0299]	2.6+0.0s
[840/1120]	[L1: 0.0299]	2.6+0.0s
[880/1120]	[L1: 0.0300]	2.6+0.0s
[920/1120]	[L1: 0.0300]	2.6+0.0s
[960/1120]	[L1: 0.0298]	2.7+0.0s
[1000/1120]	[L1: 0.0299]	2.6+0.0s
[1040/1120]	[L1: 0.0298]	2.6+0.0s
[1080/1120]	[L1: 0.0299]	2.6+0.0s
[1120/1120]	[L1: 0.0299]	2.7+0.0s

Evaluation:
[RSSCN7 x4]	psnr: 27.851 (Best: 27.860 @epoch 279)
Total time: 26.44s

[Epoch 332]	Learning rate: 1.00e-4
[40/1120]	[L1: 0.0282]	2.6+0.0s
[80/1120]	[L1: 0.0302]	2.6+0.0s
[120/1120]	[L1: 0.0298]	2.6+0.0s
[160/1120]	[L1: 0.0289]	2.7+0.0s
[200/1120]	[L1: 0.0285]	2.6+0.0s
[240/1120]	[L1: 0.0291]	2.6+0.0s
[280/1120]	[L1: 0.0288]	2.6+0.0s
[320/1120]	[L1: 0.0286]	2.6+0.0s
[360/1120]	[L1: 0.0289]	2.7+0.0s
[400/1120]	[L1: 0.0289]	2.6+0.0s
[440/1120]	[L1: 0.0289]	2.6+0.0s
[480/1120]	[L1: 0.0286]	2.6+0.0s
[520/1120]	[L1: 0.0290]	2.6+0.0s
[560/1120]	[L1: 0.0290]	2.6+0.0s
[600/1120]	[L1: 0.0290]	2.7+0.0s
[640/1120]	[L1: 0.0290]	2.6+0.0s
[680/1120]	[L1: 0.0291]	2.6+0.0s
[720/1120]	[L1: 0.0292]	2.6+0.0s
[760/1120]	[L1: 0.0293]	2.6+0.0s
[800/1120]	[L1: 0.0294]	2.7+0.0s
[840/1120]	[L1: 0.0296]	2.6+0.0s
[880/1120]	[L1: 0.0298]	2.6+0.0s
[920/1120]	[L1: 0.0300]	2.6+0.0s
[960/1120]	[L1: 0.0301]	2.6+0.0s
[1000/1120]	[L1: 0.0301]	2.6+0.0s
[1040/1120]	[L1: 0.0300]	2.6+0.0s
[1080/1120]	[L1: 0.0300]	2.7+0.0s
[1120/1120]	[L1: 0.0299]	2.6+0.0s

Evaluation:
[RSSCN7 x4]	psnr: 27.860 (Best: 27.860 @epoch 332)
Total time: 27.19s

[Epoch 333]	Learning rate: 1.00e-4
[40/1120]	[L1: 0.0313]	3.5+0.0s
[80/1120]	[L1: 0.0296]	3.3+0.0s
[120/1120]	[L1: 0.0291]	2.6+0.0s
[160/1120]	[L1: 0.0283]	2.6+0.0s
[200/1120]	[L1: 0.0282]	2.6+0.0s
[240/1120]	[L1: 0.0284]	2.7+0.0s
[280/1120]	[L1: 0.0287]	2.6+0.0s
[320/1120]	[L1: 0.0285]	2.6+0.0s
[360/1120]	[L1: 0.0290]	2.6+0.0s
[400/1120]	[L1: 0.0291]	2.6+0.0s
[440/1120]	[L1: 0.0292]	2.6+0.0s
[480/1120]	[L1: 0.0292]	2.7+0.0s
[520/1120]	[L1: 0.0293]	2.6+0.0s
[560/1120]	[L1: 0.0294]	2.6+0.0s
[600/1120]	[L1: 0.0299]	2.6+0.0s
[640/1120]	[L1: 0.0299]	2.9+0.0s
[680/1120]	[L1: 0.0301]	2.8+0.0s
[720/1120]	[L1: 0.0302]	2.6+0.0s
[760/1120]	[L1: 0.0302]	2.6+0.0s
[800/1120]	[L1: 0.0300]	2.6+0.0s
[840/1120]	[L1: 0.0299]	2.7+0.0s
[880/1120]	[L1: 0.0300]	2.6+0.0s
[920/1120]	[L1: 0.0299]	2.6+0.0s
[960/1120]	[L1: 0.0299]	2.7+0.0s
[1000/1120]	[L1: 0.0300]	2.6+0.0s
[1040/1120]	[L1: 0.0300]	2.6+0.0s
[1080/1120]	[L1: 0.0301]	2.6+0.0s
[1120/1120]	[L1: 0.0299]	2.7+0.0s

Evaluation:
[RSSCN7 x4]	psnr: 27.841 (Best: 27.860 @epoch 332)
Total time: 26.09s

[Epoch 334]	Learning rate: 1.00e-4
[40/1120]	[L1: 0.0322]	2.6+0.1s
[80/1120]	[L1: 0.0327]	2.6+0.0s
[120/1120]	[L1: 0.0314]	2.7+0.0s
[160/1120]	[L1: 0.0317]	2.6+0.0s
[200/1120]	[L1: 0.0310]	2.6+0.0s
[240/1120]	[L1: 0.0308]	2.6+0.0s
[280/1120]	[L1: 0.0307]	2.6+0.0s
[320/1120]	[L1: 0.0303]	2.6+0.0s
[360/1120]	[L1: 0.0304]	2.6+0.0s
[400/1120]	[L1: 0.0300]	2.7+0.0s
[440/1120]	[L1: 0.0300]	2.6+0.0s
[480/1120]	[L1: 0.0296]	2.6+0.0s
[520/1120]	[L1: 0.0297]	2.6+0.0s
[560/1120]	[L1: 0.0297]	2.6+0.0s
[600/1120]	[L1: 0.0296]	2.7+0.0s
[640/1120]	[L1: 0.0298]	2.6+0.0s
[680/1120]	[L1: 0.0300]	2.6+0.0s
[720/1120]	[L1: 0.0297]	2.6+0.0s
[760/1120]	[L1: 0.0297]	2.6+0.0s
[800/1120]	[L1: 0.0298]	2.6+0.0s
[840/1120]	[L1: 0.0298]	2.7+0.0s
[880/1120]	[L1: 0.0299]	2.6+0.0s
[920/1120]	[L1: 0.0298]	2.6+0.0s
[960/1120]	[L1: 0.0298]	2.6+0.0s
[1000/1120]	[L1: 0.0299]	2.6+0.0s
[1040/1120]	[L1: 0.0299]	2.7+0.0s
[1080/1120]	[L1: 0.0300]	2.6+0.0s
[1120/1120]	[L1: 0.0299]	2.6+0.0s

Evaluation:
[RSSCN7 x4]	psnr: 27.838 (Best: 27.860 @epoch 332)
Total time: 25.77s

[Epoch 335]	Learning rate: 1.00e-4
[40/1120]	[L1: 0.0307]	2.6+0.0s
[80/1120]	[L1: 0.0310]	2.7+0.0s
[120/1120]	[L1: 0.0306]	2.6+0.0s
[160/1120]	[L1: 0.0313]	2.6+0.0s
[200/1120]	[L1: 0.0311]	2.6+0.0s
[240/1120]	[L1: 0.0307]	2.6+0.0s
[280/1120]	[L1: 0.0306]	2.7+0.0s
[320/1120]	[L1: 0.0308]	2.6+0.0s
[360/1120]	[L1: 0.0305]	2.6+0.0s
[400/1120]	[L1: 0.0307]	2.6+0.0s
[440/1120]	[L1: 0.0307]	2.6+0.0s
[480/1120]	[L1: 0.0309]	2.6+0.0s
[520/1120]	[L1: 0.0307]	2.7+0.0s
[560/1120]	[L1: 0.0307]	2.6+0.0s
[600/1120]	[L1: 0.0305]	2.6+0.0s
[640/1120]	[L1: 0.0308]	2.6+0.0s
[680/1120]	[L1: 0.0306]	2.6+0.0s
[720/1120]	[L1: 0.0304]	2.7+0.0s
[760/1120]	[L1: 0.0302]	2.6+0.0s
[800/1120]	[L1: 0.0302]	2.6+0.0s
[840/1120]	[L1: 0.0301]	2.6+0.0s
[880/1120]	[L1: 0.0303]	2.6+0.0s
[920/1120]	[L1: 0.0302]	2.6+0.0s
[960/1120]	[L1: 0.0302]	2.7+0.0s
[1000/1120]	[L1: 0.0301]	2.6+0.0s
[1040/1120]	[L1: 0.0300]	2.6+0.0s
[1080/1120]	[L1: 0.0300]	2.8+0.0s
[1120/1120]	[L1: 0.0300]	2.7+0.0s

Evaluation:
[RSSCN7 x4]	psnr: 27.854 (Best: 27.860 @epoch 332)
Total time: 26.96s

[Epoch 336]	Learning rate: 1.00e-4
[40/1120]	[L1: 0.0284]	2.8+0.0s
[80/1120]	[L1: 0.0285]	3.0+0.0s
[120/1120]	[L1: 0.0287]	2.6+0.0s
[160/1120]	[L1: 0.0293]	2.6+0.0s
[200/1120]	[L1: 0.0289]	2.6+0.0s
[240/1120]	[L1: 0.0292]	2.7+0.0s
[280/1120]	[L1: 0.0292]	2.6+0.0s
[320/1120]	[L1: 0.0293]	2.6+0.0s
[360/1120]	[L1: 0.0292]	2.6+0.0s
[400/1120]	[L1: 0.0291]	2.6+0.0s
[440/1120]	[L1: 0.0289]	2.7+0.0s
[480/1120]	[L1: 0.0289]	2.6+0.0s
[520/1120]	[L1: 0.0287]	2.6+0.0s
[560/1120]	[L1: 0.0289]	2.6+0.0s
[600/1120]	[L1: 0.0291]	2.6+0.0s
[640/1120]	[L1: 0.0293]	2.6+0.0s
[680/1120]	[L1: 0.0293]	2.7+0.0s
[720/1120]	[L1: 0.0294]	2.6+0.0s
[760/1120]	[L1: 0.0295]	2.6+0.0s
[800/1120]	[L1: 0.0294]	2.6+0.0s
[840/1120]	[L1: 0.0295]	2.7+0.0s
[880/1120]	[L1: 0.0296]	2.7+0.0s
[920/1120]	[L1: 0.0297]	2.6+0.0s
[960/1120]	[L1: 0.0297]	2.6+0.0s
[1000/1120]	[L1: 0.0298]	2.6+0.0s
[1040/1120]	[L1: 0.0299]	2.6+0.0s
[1080/1120]	[L1: 0.0300]	2.6+0.0s
[1120/1120]	[L1: 0.0299]	2.6+0.0s

Evaluation:
[RSSCN7 x4]	psnr: 27.848 (Best: 27.860 @epoch 332)
Total time: 25.75s

[Epoch 337]	Learning rate: 1.00e-4
[40/1120]	[L1: 0.0304]	2.6+0.1s
[80/1120]	[L1: 0.0311]	2.6+0.0s
[120/1120]	[L1: 0.0318]	2.6+0.0s
[160/1120]	[L1: 0.0304]	2.7+0.0s
[200/1120]	[L1: 0.0305]	2.6+0.0s
[240/1120]	[L1: 0.0302]	2.6+0.0s
[280/1120]	[L1: 0.0299]	2.6+0.0s
[320/1120]	[L1: 0.0295]	2.6+0.0s
[360/1120]	[L1: 0.0296]	2.6+0.0s
[400/1120]	[L1: 0.0298]	2.7+0.0s
[440/1120]	[L1: 0.0299]	2.6+0.0s
[480/1120]	[L1: 0.0296]	2.6+0.0s
[520/1120]	[L1: 0.0297]	2.6+0.0s
[560/1120]	[L1: 0.0297]	2.6+0.0s
[600/1120]	[L1: 0.0297]	2.7+0.0s
[640/1120]	[L1: 0.0298]	2.6+0.0s
[680/1120]	[L1: 0.0298]	2.6+0.0s
[720/1120]	[L1: 0.0299]	2.6+0.0s
[760/1120]	[L1: 0.0297]	2.6+0.0s
[800/1120]	[L1: 0.0298]	2.6+0.0s
[840/1120]	[L1: 0.0298]	2.7+0.0s
[880/1120]	[L1: 0.0295]	2.6+0.0s
[920/1120]	[L1: 0.0296]	2.6+0.0s
[960/1120]	[L1: 0.0295]	2.6+0.0s
[1000/1120]	[L1: 0.0296]	2.6+0.0s
[1040/1120]	[L1: 0.0298]	2.7+0.0s
[1080/1120]	[L1: 0.0297]	2.6+0.0s
[1120/1120]	[L1: 0.0298]	2.6+0.0s

Evaluation:
[RSSCN7 x4]	psnr: 27.856 (Best: 27.860 @epoch 332)
Total time: 27.91s

[Epoch 338]	Learning rate: 1.00e-4
[40/1120]	[L1: 0.0307]	2.8+0.0s
[80/1120]	[L1: 0.0285]	2.9+0.0s
[120/1120]	[L1: 0.0293]	2.6+0.0s
[160/1120]	[L1: 0.0291]	2.6+0.0s
[200/1120]	[L1: 0.0299]	2.6+0.0s
[240/1120]	[L1: 0.0299]	2.6+0.0s
[280/1120]	[L1: 0.0295]	2.7+0.0s
[320/1120]	[L1: 0.0295]	2.6+0.0s
[360/1120]	[L1: 0.0298]	2.6+0.0s
[400/1120]	[L1: 0.0297]	2.6+0.0s
[440/1120]	[L1: 0.0296]	2.6+0.0s
[480/1120]	[L1: 0.0296]	2.6+0.0s
[520/1120]	[L1: 0.0295]	2.7+0.0s
[560/1120]	[L1: 0.0293]	2.6+0.0s
[600/1120]	[L1: 0.0293]	2.6+0.0s
[640/1120]	[L1: 0.0291]	2.6+0.0s
[680/1120]	[L1: 0.0292]	2.6+0.0s
[720/1120]	[L1: 0.0295]	2.7+0.0s
[760/1120]	[L1: 0.0295]	2.8+0.0s
[800/1120]	[L1: 0.0295]	2.7+0.0s
[840/1120]	[L1: 0.0295]	2.6+0.0s
[880/1120]	[L1: 0.0294]	2.6+0.0s
[920/1120]	[L1: 0.0295]	2.6+0.0s
[960/1120]	[L1: 0.0295]	2.7+0.0s
[1000/1120]	[L1: 0.0297]	2.6+0.0s
[1040/1120]	[L1: 0.0297]	2.6+0.0s
[1080/1120]	[L1: 0.0297]	2.6+0.0s
[1120/1120]	[L1: 0.0298]	2.6+0.0s

Evaluation:
[RSSCN7 x4]	psnr: 27.855 (Best: 27.860 @epoch 332)
Total time: 28.14s

[Epoch 339]	Learning rate: 1.00e-4
[40/1120]	[L1: 0.0335]	3.3+0.0s
[80/1120]	[L1: 0.0322]	3.1+0.0s
[120/1120]	[L1: 0.0305]	2.6+0.0s
[160/1120]	[L1: 0.0301]	2.6+0.0s
[200/1120]	[L1: 0.0297]	2.7+0.0s
[240/1120]	[L1: 0.0299]	2.6+0.0s
[280/1120]	[L1: 0.0301]	2.6+0.0s
[320/1120]	[L1: 0.0302]	2.6+0.0s
[360/1120]	[L1: 0.0298]	2.6+0.0s
[400/1120]	[L1: 0.0304]	2.7+0.0s
[440/1120]	[L1: 0.0309]	2.8+0.0s
[480/1120]	[L1: 0.0308]	2.6+0.0s
[520/1120]	[L1: 0.0308]	2.6+0.0s
[560/1120]	[L1: 0.0304]	2.6+0.0s
[600/1120]	[L1: 0.0302]	2.6+0.0s
[640/1120]	[L1: 0.0302]	2.6+0.0s
[680/1120]	[L1: 0.0302]	2.7+0.0s
[720/1120]	[L1: 0.0301]	2.6+0.0s
[760/1120]	[L1: 0.0298]	2.6+0.0s
[800/1120]	[L1: 0.0299]	2.6+0.0s
[840/1120]	[L1: 0.0299]	2.7+0.0s
[880/1120]	[L1: 0.0297]	2.6+0.0s
[920/1120]	[L1: 0.0298]	2.6+0.0s
[960/1120]	[L1: 0.0297]	2.6+0.0s
[1000/1120]	[L1: 0.0298]	2.6+0.0s
[1040/1120]	[L1: 0.0300]	2.6+0.0s
[1080/1120]	[L1: 0.0300]	2.6+0.0s
[1120/1120]	[L1: 0.0300]	2.7+0.0s

Evaluation:
[RSSCN7 x4]	psnr: 27.862 (Best: 27.862 @epoch 339)
Total time: 27.25s

[Epoch 340]	Learning rate: 1.00e-4
[40/1120]	[L1: 0.0344]	2.6+0.0s
[80/1120]	[L1: 0.0323]	2.6+0.0s
[120/1120]	[L1: 0.0297]	2.7+0.0s
[160/1120]	[L1: 0.0292]	2.6+0.0s
[200/1120]	[L1: 0.0297]	2.6+0.0s
[240/1120]	[L1: 0.0303]	2.6+0.0s
[280/1120]	[L1: 0.0299]	2.6+0.0s
[320/1120]	[L1: 0.0302]	2.7+0.0s
[360/1120]	[L1: 0.0304]	2.6+0.0s
[400/1120]	[L1: 0.0305]	2.6+0.0s
[440/1120]	[L1: 0.0305]	2.6+0.0s
[480/1120]	[L1: 0.0305]	2.6+0.0s
[520/1120]	[L1: 0.0305]	2.6+0.0s
[560/1120]	[L1: 0.0304]	2.7+0.0s
[600/1120]	[L1: 0.0304]	2.6+0.0s
[640/1120]	[L1: 0.0304]	2.6+0.0s
[680/1120]	[L1: 0.0304]	2.6+0.0s
[720/1120]	[L1: 0.0302]	2.6+0.0s
[760/1120]	[L1: 0.0302]	2.7+0.0s
[800/1120]	[L1: 0.0304]	2.8+0.0s
[840/1120]	[L1: 0.0302]	2.8+0.0s
[880/1120]	[L1: 0.0302]	2.6+0.0s
[920/1120]	[L1: 0.0302]	2.6+0.0s
[960/1120]	[L1: 0.0301]	2.6+0.0s
[1000/1120]	[L1: 0.0300]	2.7+0.0s
[1040/1120]	[L1: 0.0299]	2.8+0.0s
[1080/1120]	[L1: 0.0298]	2.9+0.0s
[1120/1120]	[L1: 0.0298]	2.6+0.0s

Evaluation:
[RSSCN7 x4]	psnr: 27.850 (Best: 27.862 @epoch 339)
Total time: 27.78s

[Epoch 341]	Learning rate: 1.00e-4
[40/1120]	[L1: 0.0296]	2.6+0.0s
[80/1120]	[L1: 0.0308]	2.6+0.0s
[120/1120]	[L1: 0.0304]	2.6+0.0s
[160/1120]	[L1: 0.0315]	2.6+0.0s
[200/1120]	[L1: 0.0307]	2.6+0.0s
[240/1120]	[L1: 0.0306]	2.6+0.0s
[280/1120]	[L1: 0.0304]	2.7+0.0s
[320/1120]	[L1: 0.0305]	2.6+0.0s
[360/1120]	[L1: 0.0306]	2.6+0.0s
[400/1120]	[L1: 0.0303]	2.6+0.0s
[440/1120]	[L1: 0.0300]	2.6+0.0s
[480/1120]	[L1: 0.0299]	2.7+0.0s
[520/1120]	[L1: 0.0298]	2.6+0.0s
[560/1120]	[L1: 0.0297]	2.6+0.0s
[600/1120]	[L1: 0.0295]	2.6+0.0s
[640/1120]	[L1: 0.0295]	2.6+0.0s
[680/1120]	[L1: 0.0297]	2.6+0.0s
[720/1120]	[L1: 0.0296]	2.7+0.0s
[760/1120]	[L1: 0.0297]	2.6+0.0s
[800/1120]	[L1: 0.0297]	2.6+0.0s
[840/1120]	[L1: 0.0298]	2.6+0.0s
[880/1120]	[L1: 0.0297]	2.6+0.0s
[920/1120]	[L1: 0.0297]	2.9+0.0s
[960/1120]	[L1: 0.0298]	2.6+0.0s
[1000/1120]	[L1: 0.0299]	2.6+0.0s
[1040/1120]	[L1: 0.0301]	2.6+0.0s
[1080/1120]	[L1: 0.0300]	2.6+0.0s
[1120/1120]	[L1: 0.0299]	2.6+0.0s

Evaluation:
[RSSCN7 x4]	psnr: 27.855 (Best: 27.862 @epoch 339)
Total time: 27.06s

[Epoch 342]	Learning rate: 1.00e-4
[40/1120]	[L1: 0.0296]	2.6+0.1s
[80/1120]	[L1: 0.0307]	2.6+0.0s
[120/1120]	[L1: 0.0297]	2.6+0.0s
[160/1120]	[L1: 0.0301]	2.6+0.0s
[200/1120]	[L1: 0.0295]	2.6+0.0s
[240/1120]	[L1: 0.0302]	2.9+0.0s
[280/1120]	[L1: 0.0296]	2.7+0.0s
[320/1120]	[L1: 0.0298]	2.6+0.0s
[360/1120]	[L1: 0.0293]	2.6+0.0s
[400/1120]	[L1: 0.0295]	2.6+0.0s
[440/1120]	[L1: 0.0295]	2.7+0.0s
[480/1120]	[L1: 0.0297]	2.6+0.0s
[520/1120]	[L1: 0.0297]	2.6+0.0s
[560/1120]	[L1: 0.0295]	2.6+0.0s
[600/1120]	[L1: 0.0298]	2.6+0.0s
[640/1120]	[L1: 0.0300]	2.6+0.0s
[680/1120]	[L1: 0.0299]	2.7+0.0s
[720/1120]	[L1: 0.0298]	2.6+0.0s
[760/1120]	[L1: 0.0299]	2.6+0.0s
[800/1120]	[L1: 0.0301]	2.6+0.0s
[840/1120]	[L1: 0.0301]	2.6+0.0s
[880/1120]	[L1: 0.0300]	2.7+0.0s
[920/1120]	[L1: 0.0300]	2.6+0.0s
[960/1120]	[L1: 0.0301]	2.6+0.0s
[1000/1120]	[L1: 0.0302]	2.6+0.0s
[1040/1120]	[L1: 0.0300]	2.6+0.0s
[1080/1120]	[L1: 0.0299]	2.6+0.0s
[1120/1120]	[L1: 0.0298]	2.6+0.0s

Evaluation:
[RSSCN7 x4]	psnr: 27.839 (Best: 27.862 @epoch 339)
Total time: 25.14s

[Epoch 343]	Learning rate: 1.00e-4
[40/1120]	[L1: 0.0332]	2.6+0.0s
[80/1120]	[L1: 0.0321]	2.6+0.0s
[120/1120]	[L1: 0.0311]	2.6+0.0s
[160/1120]	[L1: 0.0307]	2.6+0.0s
[200/1120]	[L1: 0.0307]	2.7+0.0s
[240/1120]	[L1: 0.0308]	2.6+0.0s
[280/1120]	[L1: 0.0309]	2.6+0.0s
[320/1120]	[L1: 0.0311]	2.6+0.0s
[360/1120]	[L1: 0.0309]	2.6+0.0s
[400/1120]	[L1: 0.0311]	2.7+0.0s
[440/1120]	[L1: 0.0312]	2.6+0.0s
[480/1120]	[L1: 0.0306]	2.6+0.0s
[520/1120]	[L1: 0.0304]	2.6+0.0s
[560/1120]	[L1: 0.0304]	2.6+0.0s
[600/1120]	[L1: 0.0301]	2.6+0.0s
[640/1120]	[L1: 0.0302]	2.7+0.0s
[680/1120]	[L1: 0.0301]	2.8+0.0s
[720/1120]	[L1: 0.0299]	2.7+0.0s
[760/1120]	[L1: 0.0300]	2.6+0.0s
[800/1120]	[L1: 0.0301]	2.6+0.0s
[840/1120]	[L1: 0.0301]	2.7+0.0s
[880/1120]	[L1: 0.0300]	2.6+0.0s
[920/1120]	[L1: 0.0301]	2.6+0.0s
[960/1120]	[L1: 0.0300]	2.6+0.0s
[1000/1120]	[L1: 0.0301]	2.6+0.0s
[1040/1120]	[L1: 0.0300]	2.6+0.0s
[1080/1120]	[L1: 0.0300]	2.6+0.0s
[1120/1120]	[L1: 0.0298]	2.7+0.0s

Evaluation:
[RSSCN7 x4]	psnr: 27.865 (Best: 27.865 @epoch 343)
Total time: 25.97s

[Epoch 344]	Learning rate: 1.00e-4
[40/1120]	[L1: 0.0266]	2.8+0.0s
[80/1120]	[L1: 0.0279]	2.7+0.0s
[120/1120]	[L1: 0.0293]	2.7+0.0s
[160/1120]	[L1: 0.0293]	2.6+0.0s
[200/1120]	[L1: 0.0294]	2.6+0.0s
[240/1120]	[L1: 0.0288]	2.6+0.0s
[280/1120]	[L1: 0.0284]	2.6+0.0s
[320/1120]	[L1: 0.0285]	2.7+0.0s
[360/1120]	[L1: 0.0291]	2.6+0.0s
[400/1120]	[L1: 0.0291]	2.6+0.0s
[440/1120]	[L1: 0.0293]	2.6+0.0s
[480/1120]	[L1: 0.0294]	2.6+0.0s
[520/1120]	[L1: 0.0294]	2.6+0.0s
[560/1120]	[L1: 0.0295]	2.7+0.0s
[600/1120]	[L1: 0.0296]	2.6+0.0s
[640/1120]	[L1: 0.0299]	2.6+0.0s
[680/1120]	[L1: 0.0300]	2.6+0.0s
[720/1120]	[L1: 0.0300]	2.6+0.0s
[760/1120]	[L1: 0.0300]	2.7+0.0s
[800/1120]	[L1: 0.0301]	2.8+0.0s
[840/1120]	[L1: 0.0299]	2.7+0.0s
[880/1120]	[L1: 0.0297]	2.6+0.0s
[920/1120]	[L1: 0.0297]	2.6+0.0s
[960/1120]	[L1: 0.0298]	2.6+0.0s
[1000/1120]	[L1: 0.0299]	2.6+0.0s
[1040/1120]	[L1: 0.0300]	2.7+0.0s
[1080/1120]	[L1: 0.0300]	2.6+0.0s
[1120/1120]	[L1: 0.0299]	2.6+0.0s

Evaluation:
[RSSCN7 x4]	psnr: 27.856 (Best: 27.865 @epoch 343)
Total time: 24.87s

[Epoch 345]	Learning rate: 1.00e-4
[40/1120]	[L1: 0.0295]	2.9+0.0s
[80/1120]	[L1: 0.0294]	2.8+0.0s
[120/1120]	[L1: 0.0285]	2.7+0.0s
[160/1120]	[L1: 0.0292]	2.6+0.0s
[200/1120]	[L1: 0.0298]	2.6+0.0s
[240/1120]	[L1: 0.0293]	2.6+0.0s
[280/1120]	[L1: 0.0295]	2.7+0.0s
[320/1120]	[L1: 0.0296]	2.6+0.0s
[360/1120]	[L1: 0.0299]	2.6+0.0s
[400/1120]	[L1: 0.0299]	2.6+0.0s
[440/1120]	[L1: 0.0295]	2.7+0.0s
[480/1120]	[L1: 0.0296]	2.9+0.0s
[520/1120]	[L1: 0.0297]	2.6+0.0s
[560/1120]	[L1: 0.0300]	2.6+0.0s
[600/1120]	[L1: 0.0297]	2.6+0.0s
[640/1120]	[L1: 0.0299]	2.7+0.0s
[680/1120]	[L1: 0.0300]	2.8+0.0s
[720/1120]	[L1: 0.0301]	2.9+0.0s
[760/1120]	[L1: 0.0302]	2.7+0.0s
[800/1120]	[L1: 0.0301]	2.6+0.0s
[840/1120]	[L1: 0.0300]	2.6+0.0s
[880/1120]	[L1: 0.0299]	2.6+0.0s
[920/1120]	[L1: 0.0299]	2.7+0.0s
[960/1120]	[L1: 0.0299]	2.6+0.0s
[1000/1120]	[L1: 0.0299]	2.6+0.0s
[1040/1120]	[L1: 0.0299]	2.6+0.0s
[1080/1120]	[L1: 0.0298]	2.6+0.0s
[1120/1120]	[L1: 0.0298]	2.6+0.0s

Evaluation:
[RSSCN7 x4]	psnr: 27.857 (Best: 27.865 @epoch 343)
Total time: 24.82s

[Epoch 346]	Learning rate: 1.00e-4
[40/1120]	[L1: 0.0324]	2.6+0.1s
[80/1120]	[L1: 0.0305]	2.6+0.0s
[120/1120]	[L1: 0.0297]	2.6+0.0s
[160/1120]	[L1: 0.0289]	2.7+0.0s
[200/1120]	[L1: 0.0298]	2.6+0.0s
[240/1120]	[L1: 0.0295]	2.6+0.0s
[280/1120]	[L1: 0.0299]	2.6+0.0s
[320/1120]	[L1: 0.0298]	2.8+0.0s
[360/1120]	[L1: 0.0297]	2.8+0.0s
[400/1120]	[L1: 0.0297]	2.6+0.0s
[440/1120]	[L1: 0.0292]	2.7+0.0s
[480/1120]	[L1: 0.0293]	2.6+0.0s
[520/1120]	[L1: 0.0293]	2.6+0.0s
[560/1120]	[L1: 0.0293]	2.6+0.0s
[600/1120]	[L1: 0.0295]	2.6+0.0s
[640/1120]	[L1: 0.0294]	2.7+0.0s
[680/1120]	[L1: 0.0293]	2.6+0.0s
[720/1120]	[L1: 0.0292]	2.6+0.0s
[760/1120]	[L1: 0.0297]	2.6+0.0s
[800/1120]	[L1: 0.0298]	2.6+0.0s
[840/1120]	[L1: 0.0298]	2.6+0.0s
[880/1120]	[L1: 0.0299]	2.7+0.0s
[920/1120]	[L1: 0.0299]	2.8+0.0s
[960/1120]	[L1: 0.0298]	2.6+0.0s
[1000/1120]	[L1: 0.0298]	2.6+0.0s
[1040/1120]	[L1: 0.0298]	2.6+0.0s
[1080/1120]	[L1: 0.0298]	2.7+0.0s
[1120/1120]	[L1: 0.0299]	2.6+0.0s

Evaluation:
[RSSCN7 x4]	psnr: 27.857 (Best: 27.865 @epoch 343)
Total time: 25.45s

[Epoch 347]	Learning rate: 1.00e-4
[40/1120]	[L1: 0.0287]	2.8+0.0s
[80/1120]	[L1: 0.0292]	2.7+0.0s
[120/1120]	[L1: 0.0296]	2.7+0.0s
[160/1120]	[L1: 0.0294]	2.6+0.0s
[200/1120]	[L1: 0.0294]	2.6+0.0s
[240/1120]	[L1: 0.0294]	2.6+0.0s
[280/1120]	[L1: 0.0298]	2.6+0.0s
[320/1120]	[L1: 0.0296]	2.7+0.0s
[360/1120]	[L1: 0.0294]	2.6+0.0s
[400/1120]	[L1: 0.0292]	2.6+0.0s
[440/1120]	[L1: 0.0291]	2.6+0.0s
[480/1120]	[L1: 0.0292]	2.6+0.0s
[520/1120]	[L1: 0.0294]	2.6+0.0s
[560/1120]	[L1: 0.0295]	2.7+0.0s
[600/1120]	[L1: 0.0296]	2.6+0.0s
[640/1120]	[L1: 0.0297]	2.6+0.0s
[680/1120]	[L1: 0.0299]	2.6+0.0s
[720/1120]	[L1: 0.0300]	2.6+0.0s
[760/1120]	[L1: 0.0299]	2.7+0.0s
[800/1120]	[L1: 0.0299]	2.6+0.0s
[840/1120]	[L1: 0.0300]	2.6+0.0s
[880/1120]	[L1: 0.0299]	2.6+0.0s
[920/1120]	[L1: 0.0300]	2.6+0.0s
[960/1120]	[L1: 0.0301]	2.6+0.0s
[1000/1120]	[L1: 0.0302]	2.6+0.0s
[1040/1120]	[L1: 0.0302]	2.7+0.0s
[1080/1120]	[L1: 0.0300]	2.6+0.0s
[1120/1120]	[L1: 0.0299]	2.6+0.0s

Evaluation:
[RSSCN7 x4]	psnr: 27.823 (Best: 27.865 @epoch 343)
Total time: 26.88s

[Epoch 348]	Learning rate: 1.00e-4
[40/1120]	[L1: 0.0307]	2.7+0.0s
[80/1120]	[L1: 0.0312]	2.6+0.0s
[120/1120]	[L1: 0.0307]	2.6+0.0s
[160/1120]	[L1: 0.0307]	2.6+0.0s
[200/1120]	[L1: 0.0296]	2.6+0.0s
[240/1120]	[L1: 0.0301]	2.6+0.0s
[280/1120]	[L1: 0.0302]	2.7+0.0s
[320/1120]	[L1: 0.0301]	2.6+0.0s
[360/1120]	[L1: 0.0302]	2.6+0.0s
[400/1120]	[L1: 0.0304]	2.6+0.0s
[440/1120]	[L1: 0.0302]	2.6+0.0s
[480/1120]	[L1: 0.0299]	2.7+0.0s
[520/1120]	[L1: 0.0297]	2.6+0.0s
[560/1120]	[L1: 0.0298]	2.6+0.0s
[600/1120]	[L1: 0.0298]	2.6+0.0s
[640/1120]	[L1: 0.0297]	2.6+0.0s
[680/1120]	[L1: 0.0297]	2.6+0.0s
[720/1120]	[L1: 0.0297]	2.7+0.0s
[760/1120]	[L1: 0.0298]	2.6+0.0s
[800/1120]	[L1: 0.0301]	2.6+0.0s
[840/1120]	[L1: 0.0302]	2.6+0.0s
[880/1120]	[L1: 0.0301]	2.6+0.0s
[920/1120]	[L1: 0.0299]	2.7+0.0s
[960/1120]	[L1: 0.0299]	2.6+0.0s
[1000/1120]	[L1: 0.0299]	2.6+0.0s
[1040/1120]	[L1: 0.0297]	2.6+0.0s
[1080/1120]	[L1: 0.0299]	2.6+0.0s
[1120/1120]	[L1: 0.0299]	2.6+0.0s

Evaluation:
[RSSCN7 x4]	psnr: 27.845 (Best: 27.865 @epoch 343)
Total time: 25.72s

[Epoch 349]	Learning rate: 1.00e-4
[40/1120]	[L1: 0.0281]	2.6+0.1s
[80/1120]	[L1: 0.0283]	2.6+0.0s
[120/1120]	[L1: 0.0283]	2.6+0.0s
[160/1120]	[L1: 0.0285]	2.6+0.0s
[200/1120]	[L1: 0.0286]	2.6+0.0s
[240/1120]	[L1: 0.0291]	2.7+0.0s
[280/1120]	[L1: 0.0296]	2.6+0.0s
[320/1120]	[L1: 0.0302]	2.6+0.0s
[360/1120]	[L1: 0.0300]	2.6+0.0s
[400/1120]	[L1: 0.0299]	2.6+0.0s
[440/1120]	[L1: 0.0305]	2.7+0.0s
[480/1120]	[L1: 0.0304]	2.6+0.0s
[520/1120]	[L1: 0.0302]	2.6+0.0s
[560/1120]	[L1: 0.0300]	2.6+0.0s
[600/1120]	[L1: 0.0297]	2.6+0.0s
[640/1120]	[L1: 0.0299]	2.6+0.0s
[680/1120]	[L1: 0.0301]	2.7+0.0s
[720/1120]	[L1: 0.0301]	2.6+0.0s
[760/1120]	[L1: 0.0300]	2.6+0.0s
[800/1120]	[L1: 0.0300]	2.6+0.0s
[840/1120]	[L1: 0.0301]	2.6+0.0s
[880/1120]	[L1: 0.0301]	2.7+0.0s
[920/1120]	[L1: 0.0300]	2.8+0.0s
[960/1120]	[L1: 0.0300]	2.8+0.0s
[1000/1120]	[L1: 0.0301]	2.7+0.0s
[1040/1120]	[L1: 0.0300]	2.6+0.0s
[1080/1120]	[L1: 0.0300]	2.6+0.0s
[1120/1120]	[L1: 0.0299]	2.6+0.0s

Evaluation:
[RSSCN7 x4]	psnr: 27.846 (Best: 27.865 @epoch 343)
Total time: 26.50s

[Epoch 350]	Learning rate: 1.00e-4
[40/1120]	[L1: 0.0267]	2.6+0.0s
[80/1120]	[L1: 0.0285]	2.6+0.0s
[120/1120]	[L1: 0.0271]	2.6+0.0s
[160/1120]	[L1: 0.0279]	2.7+0.0s
[200/1120]	[L1: 0.0274]	2.6+0.0s
[240/1120]	[L1: 0.0278]	2.6+0.0s
[280/1120]	[L1: 0.0284]	2.6+0.0s
[320/1120]	[L1: 0.0290]	2.6+0.0s
[360/1120]	[L1: 0.0287]	2.6+0.0s
[400/1120]	[L1: 0.0287]	2.7+0.0s
[440/1120]	[L1: 0.0288]	2.6+0.0s
[480/1120]	[L1: 0.0290]	2.6+0.0s
[520/1120]	[L1: 0.0296]	2.6+0.0s
[560/1120]	[L1: 0.0296]	2.6+0.0s
[600/1120]	[L1: 0.0297]	2.7+0.0s
[640/1120]	[L1: 0.0297]	2.6+0.0s
[680/1120]	[L1: 0.0298]	2.6+0.0s
[720/1120]	[L1: 0.0297]	2.6+0.0s
[760/1120]	[L1: 0.0296]	2.6+0.0s
[800/1120]	[L1: 0.0298]	2.6+0.0s
[840/1120]	[L1: 0.0298]	2.6+0.0s
[880/1120]	[L1: 0.0296]	2.7+0.0s
[920/1120]	[L1: 0.0297]	2.6+0.0s
[960/1120]	[L1: 0.0298]	2.6+0.0s
[1000/1120]	[L1: 0.0298]	2.6+0.0s
[1040/1120]	[L1: 0.0299]	2.7+0.0s
[1080/1120]	[L1: 0.0299]	2.6+0.0s
[1120/1120]	[L1: 0.0300]	2.6+0.0s

Evaluation:
[RSSCN7 x4]	psnr: 27.853 (Best: 27.865 @epoch 343)
Total time: 26.19s

[Epoch 351]	Learning rate: 1.00e-4
[40/1120]	[L1: 0.0280]	2.8+0.1s
[80/1120]	[L1: 0.0284]	2.8+0.0s
[120/1120]	[L1: 0.0283]	2.9+0.0s
[160/1120]	[L1: 0.0289]	2.6+0.0s
[200/1120]	[L1: 0.0288]	2.6+0.0s
[240/1120]	[L1: 0.0295]	2.6+0.0s
[280/1120]	[L1: 0.0296]	2.7+0.0s
[320/1120]	[L1: 0.0293]	2.6+0.0s
[360/1120]	[L1: 0.0294]	2.6+0.0s
[400/1120]	[L1: 0.0291]	2.6+0.0s
[440/1120]	[L1: 0.0288]	2.6+0.0s
[480/1120]	[L1: 0.0288]	2.6+0.0s
[520/1120]	[L1: 0.0294]	2.6+0.0s
[560/1120]	[L1: 0.0291]	2.7+0.0s
[600/1120]	[L1: 0.0293]	2.6+0.0s
[640/1120]	[L1: 0.0293]	2.6+0.0s
[680/1120]	[L1: 0.0291]	2.6+0.0s
[720/1120]	[L1: 0.0290]	2.6+0.0s
[760/1120]	[L1: 0.0291]	2.7+0.0s
[800/1120]	[L1: 0.0294]	2.6+0.0s
[840/1120]	[L1: 0.0294]	2.6+0.0s
[880/1120]	[L1: 0.0296]	2.6+0.0s
[920/1120]	[L1: 0.0296]	2.6+0.0s
[960/1120]	[L1: 0.0296]	2.6+0.0s
[1000/1120]	[L1: 0.0295]	2.7+0.0s
[1040/1120]	[L1: 0.0295]	2.6+0.0s
[1080/1120]	[L1: 0.0297]	2.6+0.0s
[1120/1120]	[L1: 0.0297]	2.6+0.0s

Evaluation:
[RSSCN7 x4]	psnr: 27.850 (Best: 27.865 @epoch 343)
Total time: 26.56s

[Epoch 352]	Learning rate: 1.00e-4
[40/1120]	[L1: 0.0323]	2.6+0.0s
[80/1120]	[L1: 0.0322]	2.6+0.0s
[120/1120]	[L1: 0.0307]	2.6+0.0s
[160/1120]	[L1: 0.0306]	2.6+0.0s
[200/1120]	[L1: 0.0301]	2.6+0.0s
[240/1120]	[L1: 0.0290]	2.6+0.0s
[280/1120]	[L1: 0.0292]	2.7+0.0s
[320/1120]	[L1: 0.0295]	2.6+0.0s
[360/1120]	[L1: 0.0295]	2.6+0.0s
[400/1120]	[L1: 0.0295]	2.6+0.0s
[440/1120]	[L1: 0.0294]	2.7+0.0s
[480/1120]	[L1: 0.0297]	2.6+0.0s
[520/1120]	[L1: 0.0297]	2.6+0.0s
[560/1120]	[L1: 0.0295]	2.6+0.0s
[600/1120]	[L1: 0.0295]	2.6+0.0s
[640/1120]	[L1: 0.0296]	2.6+0.0s
[680/1120]	[L1: 0.0296]	2.6+0.0s
[720/1120]	[L1: 0.0296]	2.7+0.0s
[760/1120]	[L1: 0.0295]	2.6+0.0s
[800/1120]	[L1: 0.0295]	2.6+0.0s
[840/1120]	[L1: 0.0297]	2.6+0.0s
[880/1120]	[L1: 0.0297]	2.6+0.0s
[920/1120]	[L1: 0.0297]	2.7+0.0s
[960/1120]	[L1: 0.0297]	2.6+0.0s
[1000/1120]	[L1: 0.0296]	2.6+0.0s
[1040/1120]	[L1: 0.0298]	2.6+0.0s
[1080/1120]	[L1: 0.0297]	2.6+0.0s
[1120/1120]	[L1: 0.0298]	2.6+0.0s

Evaluation:
[RSSCN7 x4]	psnr: 27.824 (Best: 27.865 @epoch 343)
Total time: 26.50s

[Epoch 353]	Learning rate: 1.00e-4
[40/1120]	[L1: 0.0306]	2.8+0.1s
[80/1120]	[L1: 0.0316]	2.8+0.0s
[120/1120]	[L1: 0.0302]	2.6+0.0s
[160/1120]	[L1: 0.0301]	2.6+0.0s
[200/1120]	[L1: 0.0299]	2.6+0.0s
[240/1120]	[L1: 0.0298]	2.7+0.0s
[280/1120]	[L1: 0.0296]	2.6+0.0s
[320/1120]	[L1: 0.0295]	2.6+0.0s
[360/1120]	[L1: 0.0291]	2.6+0.0s
[400/1120]	[L1: 0.0290]	2.6+0.0s
[440/1120]	[L1: 0.0292]	2.6+0.0s
[480/1120]	[L1: 0.0289]	2.6+0.0s
[520/1120]	[L1: 0.0294]	2.6+0.0s
[560/1120]	[L1: 0.0296]	2.6+0.0s
[600/1120]	[L1: 0.0299]	2.6+0.0s
[640/1120]	[L1: 0.0299]	2.6+0.0s
[680/1120]	[L1: 0.0298]	2.7+0.0s
[720/1120]	[L1: 0.0301]	2.6+0.0s
[760/1120]	[L1: 0.0299]	2.6+0.0s
[800/1120]	[L1: 0.0300]	2.6+0.0s
[840/1120]	[L1: 0.0300]	2.6+0.0s
[880/1120]	[L1: 0.0300]	2.6+0.0s
[920/1120]	[L1: 0.0298]	2.6+0.0s
[960/1120]	[L1: 0.0298]	2.6+0.0s
[1000/1120]	[L1: 0.0297]	2.6+0.0s
[1040/1120]	[L1: 0.0299]	2.6+0.0s
[1080/1120]	[L1: 0.0300]	2.6+0.0s
[1120/1120]	[L1: 0.0299]	2.6+0.0s

Evaluation:
[RSSCN7 x4]	psnr: 27.841 (Best: 27.865 @epoch 343)
Total time: 26.54s

[Epoch 354]	Learning rate: 1.00e-4
[40/1120]	[L1: 0.0317]	2.8+0.0s
[80/1120]	[L1: 0.0316]	2.7+0.0s
[120/1120]	[L1: 0.0298]	2.7+0.0s
[160/1120]	[L1: 0.0304]	2.6+0.0s
[200/1120]	[L1: 0.0295]	2.6+0.0s
[240/1120]	[L1: 0.0296]	2.6+0.0s
[280/1120]	[L1: 0.0298]	2.6+0.0s
[320/1120]	[L1: 0.0292]	2.6+0.0s
[360/1120]	[L1: 0.0291]	2.7+0.0s
[400/1120]	[L1: 0.0293]	2.6+0.0s
[440/1120]	[L1: 0.0294]	2.6+0.0s
[480/1120]	[L1: 0.0291]	2.6+0.0s
[520/1120]	[L1: 0.0291]	2.6+0.0s
[560/1120]	[L1: 0.0292]	2.7+0.0s
[600/1120]	[L1: 0.0293]	2.6+0.0s
[640/1120]	[L1: 0.0295]	2.6+0.0s
[680/1120]	[L1: 0.0297]	2.6+0.0s
[720/1120]	[L1: 0.0296]	2.6+0.0s
[760/1120]	[L1: 0.0295]	2.6+0.0s
[800/1120]	[L1: 0.0295]	2.6+0.0s
[840/1120]	[L1: 0.0294]	2.7+0.0s
[880/1120]	[L1: 0.0294]	2.6+0.0s
[920/1120]	[L1: 0.0293]	2.6+0.0s
[960/1120]	[L1: 0.0294]	2.6+0.0s
[1000/1120]	[L1: 0.0295]	2.7+0.0s
[1040/1120]	[L1: 0.0296]	2.6+0.0s
[1080/1120]	[L1: 0.0298]	2.6+0.0s
[1120/1120]	[L1: 0.0297]	2.6+0.0s

Evaluation:
[RSSCN7 x4]	psnr: 27.852 (Best: 27.865 @epoch 343)
Total time: 26.72s

[Epoch 355]	Learning rate: 1.00e-4
[40/1120]	[L1: 0.0272]	2.7+0.0s
[80/1120]	[L1: 0.0269]	2.6+0.0s
[120/1120]	[L1: 0.0281]	2.6+0.0s
[160/1120]	[L1: 0.0279]	2.6+0.0s
[200/1120]	[L1: 0.0289]	2.6+0.0s
[240/1120]	[L1: 0.0287]	2.7+0.0s
[280/1120]	[L1: 0.0290]	2.6+0.0s
[320/1120]	[L1: 0.0294]	2.6+0.0s
[360/1120]	[L1: 0.0298]	2.6+0.0s
[400/1120]	[L1: 0.0301]	2.6+0.0s
[440/1120]	[L1: 0.0301]	2.6+0.0s
[480/1120]	[L1: 0.0297]	2.6+0.0s
[520/1120]	[L1: 0.0296]	2.6+0.0s
[560/1120]	[L1: 0.0298]	2.6+0.0s
[600/1120]	[L1: 0.0299]	2.6+0.0s
[640/1120]	[L1: 0.0298]	2.6+0.0s
[680/1120]	[L1: 0.0298]	2.7+0.0s
[720/1120]	[L1: 0.0298]	2.6+0.0s
[760/1120]	[L1: 0.0297]	2.6+0.0s
[800/1120]	[L1: 0.0298]	2.8+0.0s
[840/1120]	[L1: 0.0299]	2.8+0.0s
[880/1120]	[L1: 0.0299]	2.8+0.0s
[920/1120]	[L1: 0.0300]	2.8+0.0s
[960/1120]	[L1: 0.0299]	2.7+0.0s
[1000/1120]	[L1: 0.0298]	2.6+0.0s
[1040/1120]	[L1: 0.0298]	2.6+0.0s
[1080/1120]	[L1: 0.0299]	2.6+0.0s
[1120/1120]	[L1: 0.0298]	2.7+0.0s

Evaluation:
[RSSCN7 x4]	psnr: 27.855 (Best: 27.865 @epoch 343)
Total time: 26.08s

[Epoch 356]	Learning rate: 1.00e-4
[40/1120]	[L1: 0.0293]	2.6+0.0s
[80/1120]	[L1: 0.0275]	2.6+0.0s
[120/1120]	[L1: 0.0277]	2.7+0.0s
[160/1120]	[L1: 0.0290]	2.6+0.0s
[200/1120]	[L1: 0.0285]	2.6+0.0s
[240/1120]	[L1: 0.0289]	2.6+0.0s
[280/1120]	[L1: 0.0287]	2.6+0.0s
[320/1120]	[L1: 0.0284]	2.6+0.0s
[360/1120]	[L1: 0.0283]	2.6+0.0s
[400/1120]	[L1: 0.0284]	2.6+0.0s
[440/1120]	[L1: 0.0286]	2.6+0.0s
[480/1120]	[L1: 0.0287]	2.6+0.0s
[520/1120]	[L1: 0.0284]	2.6+0.0s
[560/1120]	[L1: 0.0287]	2.7+0.0s
[600/1120]	[L1: 0.0287]	2.6+0.0s
[640/1120]	[L1: 0.0290]	2.6+0.0s
[680/1120]	[L1: 0.0289]	2.6+0.0s
[720/1120]	[L1: 0.0289]	2.6+0.0s
[760/1120]	[L1: 0.0291]	2.6+0.0s
[800/1120]	[L1: 0.0293]	2.6+0.0s
[840/1120]	[L1: 0.0295]	2.7+0.0s
[880/1120]	[L1: 0.0294]	2.6+0.0s
[920/1120]	[L1: 0.0296]	2.6+0.0s
[960/1120]	[L1: 0.0297]	2.6+0.0s
[1000/1120]	[L1: 0.0297]	2.6+0.0s
[1040/1120]	[L1: 0.0296]	2.7+0.0s
[1080/1120]	[L1: 0.0297]	2.6+0.0s
[1120/1120]	[L1: 0.0298]	2.6+0.0s

Evaluation:
[RSSCN7 x4]	psnr: 27.846 (Best: 27.865 @epoch 343)
Total time: 26.72s

[Epoch 357]	Learning rate: 1.00e-4
[40/1120]	[L1: 0.0284]	2.6+0.0s
[80/1120]	[L1: 0.0281]	2.7+0.0s
[120/1120]	[L1: 0.0292]	2.6+0.0s
[160/1120]	[L1: 0.0296]	2.6+0.0s
[200/1120]	[L1: 0.0293]	2.6+0.0s
[240/1120]	[L1: 0.0292]	2.7+0.0s
[280/1120]	[L1: 0.0301]	2.6+0.0s
[320/1120]	[L1: 0.0305]	2.6+0.0s
[360/1120]	[L1: 0.0306]	2.6+0.0s
[400/1120]	[L1: 0.0301]	2.6+0.0s
[440/1120]	[L1: 0.0302]	2.6+0.0s
[480/1120]	[L1: 0.0302]	2.6+0.0s
[520/1120]	[L1: 0.0300]	2.7+0.0s
[560/1120]	[L1: 0.0299]	2.6+0.0s
[600/1120]	[L1: 0.0299]	2.6+0.0s
[640/1120]	[L1: 0.0296]	2.6+0.0s
[680/1120]	[L1: 0.0297]	2.6+0.0s
[720/1120]	[L1: 0.0297]	2.7+0.0s
[760/1120]	[L1: 0.0297]	2.6+0.0s
[800/1120]	[L1: 0.0296]	2.6+0.0s
[840/1120]	[L1: 0.0296]	2.6+0.0s
[880/1120]	[L1: 0.0297]	2.6+0.0s
[920/1120]	[L1: 0.0296]	2.6+0.0s
[960/1120]	[L1: 0.0296]	2.6+0.0s
[1000/1120]	[L1: 0.0297]	2.6+0.0s
[1040/1120]	[L1: 0.0298]	2.6+0.0s
[1080/1120]	[L1: 0.0298]	2.6+0.0s
[1120/1120]	[L1: 0.0299]	2.6+0.0s

Evaluation:
[RSSCN7 x4]	psnr: 27.847 (Best: 27.865 @epoch 343)
Total time: 26.57s

[Epoch 358]	Learning rate: 1.00e-4
[40/1120]	[L1: 0.0336]	2.6+0.0s
[80/1120]	[L1: 0.0315]	2.6+0.0s
[120/1120]	[L1: 0.0325]	2.6+0.0s
[160/1120]	[L1: 0.0312]	2.6+0.0s
[200/1120]	[L1: 0.0305]	2.6+0.0s
[240/1120]	[L1: 0.0299]	2.6+0.0s
[280/1120]	[L1: 0.0304]	2.6+0.0s
[320/1120]	[L1: 0.0302]	2.6+0.0s
[360/1120]	[L1: 0.0306]	2.6+0.0s
[400/1120]	[L1: 0.0305]	2.7+0.0s
[440/1120]	[L1: 0.0301]	2.6+0.0s
[480/1120]	[L1: 0.0300]	2.6+0.0s
[520/1120]	[L1: 0.0297]	2.6+0.0s
[560/1120]	[L1: 0.0296]	2.6+0.0s
[600/1120]	[L1: 0.0295]	2.6+0.0s
[640/1120]	[L1: 0.0295]	2.7+0.0s
[680/1120]	[L1: 0.0296]	2.6+0.0s
[720/1120]	[L1: 0.0295]	2.6+0.0s
[760/1120]	[L1: 0.0296]	2.6+0.0s
[800/1120]	[L1: 0.0297]	2.6+0.0s
[840/1120]	[L1: 0.0296]	2.7+0.0s
[880/1120]	[L1: 0.0296]	2.6+0.0s
[920/1120]	[L1: 0.0295]	2.6+0.0s
[960/1120]	[L1: 0.0296]	2.6+0.0s
[1000/1120]	[L1: 0.0297]	2.6+0.0s
[1040/1120]	[L1: 0.0299]	2.6+0.0s
[1080/1120]	[L1: 0.0299]	2.6+0.0s
[1120/1120]	[L1: 0.0298]	2.7+0.0s

Evaluation:
[RSSCN7 x4]	psnr: 27.842 (Best: 27.865 @epoch 343)
Total time: 26.30s

[Epoch 359]	Learning rate: 1.00e-4
[40/1120]	[L1: 0.0296]	2.6+0.0s
[80/1120]	[L1: 0.0308]	2.7+0.0s
[120/1120]	[L1: 0.0287]	2.6+0.0s
[160/1120]	[L1: 0.0284]	2.6+0.0s
[200/1120]	[L1: 0.0277]	2.6+0.0s
[240/1120]	[L1: 0.0271]	2.6+0.0s
[280/1120]	[L1: 0.0280]	2.8+0.0s
[320/1120]	[L1: 0.0285]	2.7+0.0s
[360/1120]	[L1: 0.0278]	2.7+0.0s
[400/1120]	[L1: 0.0281]	2.6+0.0s
[440/1120]	[L1: 0.0286]	2.6+0.0s
[480/1120]	[L1: 0.0290]	2.8+0.0s
[520/1120]	[L1: 0.0294]	2.8+0.0s
[560/1120]	[L1: 0.0296]	2.6+0.0s
[600/1120]	[L1: 0.0296]	2.6+0.0s
[640/1120]	[L1: 0.0295]	2.6+0.0s
[680/1120]	[L1: 0.0296]	2.6+0.0s
[720/1120]	[L1: 0.0297]	2.6+0.0s
[760/1120]	[L1: 0.0296]	2.6+0.0s
[800/1120]	[L1: 0.0299]	2.7+0.0s
[840/1120]	[L1: 0.0298]	2.6+0.0s
[880/1120]	[L1: 0.0296]	2.7+0.0s
[920/1120]	[L1: 0.0297]	2.6+0.0s
[960/1120]	[L1: 0.0299]	2.6+0.0s
[1000/1120]	[L1: 0.0298]	2.7+0.0s
[1040/1120]	[L1: 0.0299]	2.6+0.0s
[1080/1120]	[L1: 0.0297]	2.6+0.0s
[1120/1120]	[L1: 0.0298]	2.6+0.0s

Evaluation:
[RSSCN7 x4]	psnr: 27.849 (Best: 27.865 @epoch 343)
Total time: 26.13s

[Epoch 360]	Learning rate: 1.00e-4
[40/1120]	[L1: 0.0286]	2.7+0.0s
[80/1120]	[L1: 0.0319]	2.6+0.0s
[120/1120]	[L1: 0.0309]	2.6+0.0s
[160/1120]	[L1: 0.0310]	2.6+0.0s
[200/1120]	[L1: 0.0310]	2.7+0.0s
[240/1120]	[L1: 0.0305]	2.6+0.0s
[280/1120]	[L1: 0.0303]	2.6+0.0s
[320/1120]	[L1: 0.0305]	2.6+0.0s
[360/1120]	[L1: 0.0303]	2.6+0.0s
[400/1120]	[L1: 0.0304]	2.6+0.0s
[440/1120]	[L1: 0.0305]	2.6+0.0s
[480/1120]	[L1: 0.0301]	2.7+0.0s
[520/1120]	[L1: 0.0302]	2.6+0.0s
[560/1120]	[L1: 0.0301]	2.6+0.0s
[600/1120]	[L1: 0.0303]	2.6+0.0s
[640/1120]	[L1: 0.0301]	2.6+0.0s
[680/1120]	[L1: 0.0301]	2.7+0.0s
[720/1120]	[L1: 0.0302]	2.6+0.0s
[760/1120]	[L1: 0.0301]	2.6+0.0s
[800/1120]	[L1: 0.0299]	2.6+0.0s
[840/1120]	[L1: 0.0298]	2.6+0.0s
[880/1120]	[L1: 0.0298]	2.6+0.0s
[920/1120]	[L1: 0.0299]	2.7+0.0s
[960/1120]	[L1: 0.0299]	2.6+0.0s
[1000/1120]	[L1: 0.0298]	2.6+0.0s
[1040/1120]	[L1: 0.0297]	2.6+0.0s
[1080/1120]	[L1: 0.0296]	2.6+0.0s
[1120/1120]	[L1: 0.0297]	2.7+0.0s

Evaluation:
[RSSCN7 x4]	psnr: 27.847 (Best: 27.865 @epoch 343)
Total time: 27.11s

[Epoch 361]	Learning rate: 1.00e-4
[40/1120]	[L1: 0.0313]	2.9+0.0s
[80/1120]	[L1: 0.0311]	2.7+0.0s
[120/1120]	[L1: 0.0315]	3.0+0.0s
[160/1120]	[L1: 0.0306]	2.7+0.0s
[200/1120]	[L1: 0.0300]	2.6+0.0s
[240/1120]	[L1: 0.0305]	2.6+0.0s
[280/1120]	[L1: 0.0306]	2.6+0.0s
[320/1120]	[L1: 0.0305]	2.6+0.0s
[360/1120]	[L1: 0.0301]	2.7+0.0s
[400/1120]	[L1: 0.0303]	2.6+0.0s
[440/1120]	[L1: 0.0305]	2.6+0.0s
[480/1120]	[L1: 0.0304]	2.6+0.0s
[520/1120]	[L1: 0.0302]	2.6+0.0s
[560/1120]	[L1: 0.0299]	2.6+0.0s
[600/1120]	[L1: 0.0300]	2.7+0.0s
[640/1120]	[L1: 0.0297]	2.6+0.0s
[680/1120]	[L1: 0.0298]	2.6+0.0s
[720/1120]	[L1: 0.0298]	2.6+0.0s
[760/1120]	[L1: 0.0299]	2.6+0.0s
[800/1120]	[L1: 0.0299]	2.7+0.0s
[840/1120]	[L1: 0.0300]	2.8+0.0s
[880/1120]	[L1: 0.0299]	2.6+0.0s
[920/1120]	[L1: 0.0299]	2.6+0.0s
[960/1120]	[L1: 0.0298]	2.6+0.0s
[1000/1120]	[L1: 0.0298]	2.6+0.0s
[1040/1120]	[L1: 0.0299]	2.8+0.0s
[1080/1120]	[L1: 0.0300]	2.6+0.0s
[1120/1120]	[L1: 0.0299]	2.6+0.0s

Evaluation:
[RSSCN7 x4]	psnr: 27.848 (Best: 27.865 @epoch 343)
Total time: 26.49s

[Epoch 362]	Learning rate: 1.00e-4
[40/1120]	[L1: 0.0339]	3.0+0.0s
[80/1120]	[L1: 0.0311]	2.8+0.0s
[120/1120]	[L1: 0.0295]	2.7+0.0s
[160/1120]	[L1: 0.0296]	2.6+0.0s
[200/1120]	[L1: 0.0291]	2.6+0.0s
[240/1120]	[L1: 0.0293]	2.6+0.0s
[280/1120]	[L1: 0.0299]	2.6+0.0s
[320/1120]	[L1: 0.0296]	2.7+0.0s
[360/1120]	[L1: 0.0295]	2.6+0.0s
[400/1120]	[L1: 0.0296]	2.6+0.0s
[440/1120]	[L1: 0.0297]	2.6+0.0s
[480/1120]	[L1: 0.0298]	2.6+0.0s
[520/1120]	[L1: 0.0300]	2.9+0.0s
[560/1120]	[L1: 0.0301]	2.6+0.0s
[600/1120]	[L1: 0.0299]	2.6+0.0s
[640/1120]	[L1: 0.0299]	2.6+0.0s
[680/1120]	[L1: 0.0299]	2.6+0.0s
[720/1120]	[L1: 0.0300]	2.6+0.0s
[760/1120]	[L1: 0.0302]	2.7+0.0s
[800/1120]	[L1: 0.0302]	2.6+0.0s
[840/1120]	[L1: 0.0302]	2.6+0.0s
[880/1120]	[L1: 0.0302]	2.6+0.0s
[920/1120]	[L1: 0.0302]	2.6+0.0s
[960/1120]	[L1: 0.0303]	2.7+0.0s
[1000/1120]	[L1: 0.0301]	2.6+0.0s
[1040/1120]	[L1: 0.0300]	2.6+0.0s
[1080/1120]	[L1: 0.0299]	2.6+0.0s
[1120/1120]	[L1: 0.0299]	2.6+0.0s

Evaluation:
[RSSCN7 x4]	psnr: 27.846 (Best: 27.865 @epoch 343)
Total time: 26.75s

[Epoch 363]	Learning rate: 1.00e-4
[40/1120]	[L1: 0.0307]	2.6+0.0s
[80/1120]	[L1: 0.0287]	2.6+0.0s
[120/1120]	[L1: 0.0290]	2.6+0.0s
[160/1120]	[L1: 0.0289]	2.6+0.0s
[200/1120]	[L1: 0.0286]	2.6+0.0s
[240/1120]	[L1: 0.0287]	2.6+0.0s
[280/1120]	[L1: 0.0289]	2.7+0.0s
[320/1120]	[L1: 0.0294]	2.6+0.0s
[360/1120]	[L1: 0.0294]	2.6+0.0s
[400/1120]	[L1: 0.0294]	2.6+0.0s
[440/1120]	[L1: 0.0294]	2.6+0.0s
[480/1120]	[L1: 0.0293]	2.7+0.0s
[520/1120]	[L1: 0.0292]	2.6+0.0s
[560/1120]	[L1: 0.0295]	2.6+0.0s
[600/1120]	[L1: 0.0294]	2.6+0.0s
[640/1120]	[L1: 0.0295]	2.6+0.0s
[680/1120]	[L1: 0.0294]	2.6+0.0s
[720/1120]	[L1: 0.0295]	2.6+0.0s
[760/1120]	[L1: 0.0296]	2.7+0.0s
[800/1120]	[L1: 0.0296]	2.6+0.0s
[840/1120]	[L1: 0.0295]	2.6+0.0s
[880/1120]	[L1: 0.0295]	2.6+0.0s
[920/1120]	[L1: 0.0295]	2.6+0.0s
[960/1120]	[L1: 0.0295]	2.7+0.0s
[1000/1120]	[L1: 0.0295]	2.6+0.0s
[1040/1120]	[L1: 0.0296]	2.6+0.0s
[1080/1120]	[L1: 0.0297]	2.6+0.0s
[1120/1120]	[L1: 0.0297]	2.6+0.0s

Evaluation:
[RSSCN7 x4]	psnr: 27.855 (Best: 27.865 @epoch 343)
Total time: 27.75s

[Epoch 364]	Learning rate: 1.00e-4
[40/1120]	[L1: 0.0290]	2.6+0.0s
[80/1120]	[L1: 0.0286]	2.6+0.0s
[120/1120]	[L1: 0.0289]	2.6+0.0s
[160/1120]	[L1: 0.0290]	2.6+0.0s
[200/1120]	[L1: 0.0296]	2.6+0.0s
[240/1120]	[L1: 0.0303]	2.6+0.0s
[280/1120]	[L1: 0.0303]	2.6+0.0s
[320/1120]	[L1: 0.0299]	2.6+0.0s
[360/1120]	[L1: 0.0298]	2.6+0.0s
[400/1120]	[L1: 0.0301]	2.6+0.0s
[440/1120]	[L1: 0.0301]	2.7+0.0s
[480/1120]	[L1: 0.0302]	2.6+0.0s
[520/1120]	[L1: 0.0304]	2.6+0.0s
[560/1120]	[L1: 0.0305]	2.6+0.0s
[600/1120]	[L1: 0.0304]	2.6+0.0s
[640/1120]	[L1: 0.0301]	2.7+0.0s
[680/1120]	[L1: 0.0300]	2.6+0.0s
[720/1120]	[L1: 0.0298]	2.6+0.0s
[760/1120]	[L1: 0.0298]	2.6+0.0s
[800/1120]	[L1: 0.0296]	2.6+0.0s
[840/1120]	[L1: 0.0296]	2.7+0.0s
[880/1120]	[L1: 0.0296]	2.9+0.0s
[920/1120]	[L1: 0.0297]	2.6+0.0s
[960/1120]	[L1: 0.0297]	2.6+0.0s
[1000/1120]	[L1: 0.0297]	2.6+0.0s
[1040/1120]	[L1: 0.0297]	2.6+0.0s
[1080/1120]	[L1: 0.0297]	2.7+0.0s
[1120/1120]	[L1: 0.0299]	2.6+0.0s

Evaluation:
[RSSCN7 x4]	psnr: 27.854 (Best: 27.865 @epoch 343)
Total time: 26.04s

[Epoch 365]	Learning rate: 1.00e-4
[40/1120]	[L1: 0.0285]	2.8+0.1s
[80/1120]	[L1: 0.0289]	2.8+0.0s
[120/1120]	[L1: 0.0291]	2.8+0.0s
[160/1120]	[L1: 0.0292]	2.6+0.0s
[200/1120]	[L1: 0.0293]	2.6+0.0s
[240/1120]	[L1: 0.0293]	2.6+0.0s
[280/1120]	[L1: 0.0295]	2.6+0.0s
[320/1120]	[L1: 0.0295]	2.6+0.0s
[360/1120]	[L1: 0.0292]	2.6+0.0s
[400/1120]	[L1: 0.0293]	2.6+0.0s
[440/1120]	[L1: 0.0295]	2.6+0.0s
[480/1120]	[L1: 0.0294]	2.6+0.0s
[520/1120]	[L1: 0.0292]	2.6+0.0s
[560/1120]	[L1: 0.0291]	2.7+0.0s
[600/1120]	[L1: 0.0294]	2.6+0.0s
[640/1120]	[L1: 0.0297]	2.6+0.0s
[680/1120]	[L1: 0.0298]	2.6+0.0s
[720/1120]	[L1: 0.0297]	2.6+0.0s
[760/1120]	[L1: 0.0294]	2.6+0.0s
[800/1120]	[L1: 0.0293]	2.6+0.0s
[840/1120]	[L1: 0.0294]	2.6+0.0s
[880/1120]	[L1: 0.0294]	2.6+0.0s
[920/1120]	[L1: 0.0296]	2.6+0.0s
[960/1120]	[L1: 0.0298]	2.6+0.0s
[1000/1120]	[L1: 0.0297]	2.6+0.0s
[1040/1120]	[L1: 0.0298]	2.7+0.0s
[1080/1120]	[L1: 0.0298]	2.6+0.0s
[1120/1120]	[L1: 0.0297]	2.6+0.0s

Evaluation:
[RSSCN7 x4]	psnr: 27.833 (Best: 27.865 @epoch 343)
Total time: 28.95s

[Epoch 366]	Learning rate: 1.00e-4
[40/1120]	[L1: 0.0296]	3.0+0.0s
[80/1120]	[L1: 0.0309]	2.8+0.0s
[120/1120]	[L1: 0.0307]	2.6+0.0s
[160/1120]	[L1: 0.0308]	2.6+0.0s
[200/1120]	[L1: 0.0307]	2.6+0.0s
[240/1120]	[L1: 0.0307]	2.6+0.0s
[280/1120]	[L1: 0.0307]	2.7+0.0s
[320/1120]	[L1: 0.0306]	2.6+0.0s
[360/1120]	[L1: 0.0304]	2.6+0.0s
[400/1120]	[L1: 0.0307]	2.6+0.0s
[440/1120]	[L1: 0.0311]	2.6+0.0s
[480/1120]	[L1: 0.0308]	2.7+0.0s
[520/1120]	[L1: 0.0306]	2.6+0.0s
[560/1120]	[L1: 0.0306]	2.6+0.0s
[600/1120]	[L1: 0.0306]	2.6+0.0s
[640/1120]	[L1: 0.0304]	2.6+0.0s
[680/1120]	[L1: 0.0306]	2.6+0.0s
[720/1120]	[L1: 0.0306]	2.6+0.0s
[760/1120]	[L1: 0.0305]	2.7+0.0s
[800/1120]	[L1: 0.0306]	2.6+0.0s
[840/1120]	[L1: 0.0304]	2.6+0.0s
[880/1120]	[L1: 0.0303]	2.6+0.0s
[920/1120]	[L1: 0.0301]	2.7+0.0s
[960/1120]	[L1: 0.0303]	2.6+0.0s
[1000/1120]	[L1: 0.0302]	2.6+0.0s
[1040/1120]	[L1: 0.0302]	2.6+0.0s
[1080/1120]	[L1: 0.0302]	2.6+0.0s
[1120/1120]	[L1: 0.0300]	2.6+0.0s

Evaluation:
[RSSCN7 x4]	psnr: 27.860 (Best: 27.865 @epoch 343)
Total time: 26.26s

[Epoch 367]	Learning rate: 1.00e-4
[40/1120]	[L1: 0.0284]	2.8+0.0s
[80/1120]	[L1: 0.0296]	2.6+0.0s
[120/1120]	[L1: 0.0302]	2.6+0.0s
[160/1120]	[L1: 0.0304]	2.6+0.0s
[200/1120]	[L1: 0.0301]	2.7+0.0s
[240/1120]	[L1: 0.0299]	2.6+0.0s
[280/1120]	[L1: 0.0300]	2.6+0.0s
[320/1120]	[L1: 0.0298]	2.6+0.0s
[360/1120]	[L1: 0.0297]	2.6+0.0s
[400/1120]	[L1: 0.0292]	2.6+0.0s
[440/1120]	[L1: 0.0289]	2.7+0.0s
[480/1120]	[L1: 0.0288]	2.6+0.0s
[520/1120]	[L1: 0.0287]	2.6+0.0s
[560/1120]	[L1: 0.0291]	2.6+0.0s
[600/1120]	[L1: 0.0293]	2.6+0.0s
[640/1120]	[L1: 0.0293]	2.7+0.0s
[680/1120]	[L1: 0.0293]	2.6+0.0s
[720/1120]	[L1: 0.0295]	2.6+0.0s
[760/1120]	[L1: 0.0297]	2.6+0.0s
[800/1120]	[L1: 0.0298]	2.6+0.0s
[840/1120]	[L1: 0.0299]	2.6+0.0s
[880/1120]	[L1: 0.0300]	2.7+0.0s
[920/1120]	[L1: 0.0300]	2.6+0.0s
[960/1120]	[L1: 0.0299]	2.6+0.0s
[1000/1120]	[L1: 0.0298]	2.6+0.0s
[1040/1120]	[L1: 0.0299]	2.6+0.0s
[1080/1120]	[L1: 0.0299]	2.9+0.0s
[1120/1120]	[L1: 0.0297]	2.6+0.0s

Evaluation:
[RSSCN7 x4]	psnr: 27.848 (Best: 27.865 @epoch 343)
Total time: 26.32s

[Epoch 368]	Learning rate: 1.00e-4
[40/1120]	[L1: 0.0334]	2.8+0.0s
[80/1120]	[L1: 0.0313]	2.8+0.0s
[120/1120]	[L1: 0.0306]	2.7+0.0s
[160/1120]	[L1: 0.0299]	2.6+0.0s
[200/1120]	[L1: 0.0300]	2.6+0.0s
[240/1120]	[L1: 0.0296]	2.6+0.0s
[280/1120]	[L1: 0.0304]	2.6+0.0s
[320/1120]	[L1: 0.0308]	2.6+0.0s
[360/1120]	[L1: 0.0305]	2.6+0.0s
[400/1120]	[L1: 0.0303]	2.6+0.0s
[440/1120]	[L1: 0.0302]	2.6+0.0s
[480/1120]	[L1: 0.0303]	2.6+0.0s
[520/1120]	[L1: 0.0302]	2.6+0.0s
[560/1120]	[L1: 0.0302]	2.6+0.0s
[600/1120]	[L1: 0.0299]	2.6+0.0s
[640/1120]	[L1: 0.0299]	2.6+0.0s
[680/1120]	[L1: 0.0298]	2.6+0.0s
[720/1120]	[L1: 0.0297]	2.6+0.0s
[760/1120]	[L1: 0.0297]	2.7+0.0s
[800/1120]	[L1: 0.0296]	2.6+0.0s
[840/1120]	[L1: 0.0296]	2.6+0.0s
[880/1120]	[L1: 0.0296]	2.6+0.0s
[920/1120]	[L1: 0.0296]	2.6+0.0s
[960/1120]	[L1: 0.0298]	2.6+0.0s
[1000/1120]	[L1: 0.0298]	2.6+0.0s
[1040/1120]	[L1: 0.0296]	2.7+0.0s
[1080/1120]	[L1: 0.0298]	2.6+0.0s
[1120/1120]	[L1: 0.0297]	2.6+0.0s

Evaluation:
[RSSCN7 x4]	psnr: 27.848 (Best: 27.865 @epoch 343)
Total time: 26.76s

[Epoch 369]	Learning rate: 1.00e-4
[40/1120]	[L1: 0.0296]	3.1+0.0s
[80/1120]	[L1: 0.0288]	2.6+0.0s
[120/1120]	[L1: 0.0289]	2.6+0.0s
[160/1120]	[L1: 0.0297]	2.6+0.0s
[200/1120]	[L1: 0.0296]	2.6+0.0s
[240/1120]	[L1: 0.0306]	2.6+0.0s
[280/1120]	[L1: 0.0306]	2.7+0.0s
[320/1120]	[L1: 0.0298]	2.6+0.0s
[360/1120]	[L1: 0.0299]	2.6+0.0s
[400/1120]	[L1: 0.0298]	2.6+0.0s
[440/1120]	[L1: 0.0299]	2.6+0.0s
[480/1120]	[L1: 0.0297]	2.7+0.0s
[520/1120]	[L1: 0.0299]	2.6+0.0s
[560/1120]	[L1: 0.0301]	2.6+0.0s
[600/1120]	[L1: 0.0298]	2.6+0.0s
[640/1120]	[L1: 0.0298]	2.6+0.0s
[680/1120]	[L1: 0.0298]	2.6+0.0s
[720/1120]	[L1: 0.0297]	2.6+0.0s
[760/1120]	[L1: 0.0298]	2.6+0.0s
[800/1120]	[L1: 0.0298]	2.6+0.0s
[840/1120]	[L1: 0.0298]	2.6+0.0s
[880/1120]	[L1: 0.0297]	2.6+0.0s
[920/1120]	[L1: 0.0298]	2.7+0.0s
[960/1120]	[L1: 0.0296]	2.6+0.0s
[1000/1120]	[L1: 0.0298]	2.6+0.0s
[1040/1120]	[L1: 0.0298]	2.6+0.0s
[1080/1120]	[L1: 0.0298]	2.6+0.0s
[1120/1120]	[L1: 0.0299]	2.6+0.0s

Evaluation:
[RSSCN7 x4]	psnr: 27.825 (Best: 27.865 @epoch 343)
Total time: 27.70s

[Epoch 370]	Learning rate: 1.00e-4
[40/1120]	[L1: 0.0262]	2.6+0.0s
[80/1120]	[L1: 0.0269]	2.6+0.0s
[120/1120]	[L1: 0.0289]	2.6+0.0s
[160/1120]	[L1: 0.0285]	2.6+0.0s
[200/1120]	[L1: 0.0286]	2.6+0.0s
[240/1120]	[L1: 0.0289]	2.7+0.0s
[280/1120]	[L1: 0.0287]	2.6+0.0s
[320/1120]	[L1: 0.0285]	2.6+0.0s
[360/1120]	[L1: 0.0287]	2.6+0.0s
[400/1120]	[L1: 0.0290]	2.6+0.0s
[440/1120]	[L1: 0.0289]	2.6+0.0s
[480/1120]	[L1: 0.0292]	2.6+0.0s
[520/1120]	[L1: 0.0292]	2.6+0.0s
[560/1120]	[L1: 0.0295]	2.6+0.0s
[600/1120]	[L1: 0.0294]	2.6+0.0s
[640/1120]	[L1: 0.0294]	2.6+0.0s
[680/1120]	[L1: 0.0292]	2.7+0.0s
[720/1120]	[L1: 0.0294]	2.6+0.0s
[760/1120]	[L1: 0.0297]	2.6+0.0s
[800/1120]	[L1: 0.0299]	2.6+0.0s
[840/1120]	[L1: 0.0298]	2.6+0.0s
[880/1120]	[L1: 0.0298]	2.7+0.0s
[920/1120]	[L1: 0.0298]	2.6+0.0s
[960/1120]	[L1: 0.0298]	2.8+0.0s
[1000/1120]	[L1: 0.0297]	2.8+0.0s
[1040/1120]	[L1: 0.0297]	2.8+0.0s
[1080/1120]	[L1: 0.0297]	2.6+0.0s
[1120/1120]	[L1: 0.0297]	2.6+0.0s

Evaluation:
[RSSCN7 x4]	psnr: 27.852 (Best: 27.865 @epoch 343)
Total time: 27.39s

[Epoch 371]	Learning rate: 1.00e-4
[40/1120]	[L1: 0.0320]	2.8+0.0s
[80/1120]	[L1: 0.0298]	2.8+0.0s
[120/1120]	[L1: 0.0311]	2.8+0.0s
[160/1120]	[L1: 0.0305]	2.7+0.0s
[200/1120]	[L1: 0.0307]	2.6+0.0s
[240/1120]	[L1: 0.0303]	2.6+0.0s
[280/1120]	[L1: 0.0303]	2.6+0.0s
[320/1120]	[L1: 0.0301]	2.6+0.0s
[360/1120]	[L1: 0.0302]	2.6+0.0s
[400/1120]	[L1: 0.0302]	2.7+0.0s
[440/1120]	[L1: 0.0298]	2.6+0.0s
[480/1120]	[L1: 0.0293]	2.6+0.0s
[520/1120]	[L1: 0.0291]	2.6+0.0s
[560/1120]	[L1: 0.0295]	2.6+0.0s
[600/1120]	[L1: 0.0295]	2.7+0.0s
[640/1120]	[L1: 0.0295]	2.6+0.0s
[680/1120]	[L1: 0.0295]	2.6+0.0s
[720/1120]	[L1: 0.0296]	2.6+0.0s
[760/1120]	[L1: 0.0296]	2.6+0.0s
[800/1120]	[L1: 0.0296]	2.6+0.0s
[840/1120]	[L1: 0.0295]	2.7+0.0s
[880/1120]	[L1: 0.0294]	2.6+0.0s
[920/1120]	[L1: 0.0295]	2.6+0.0s
[960/1120]	[L1: 0.0295]	2.6+0.0s
[1000/1120]	[L1: 0.0297]	2.6+0.0s
[1040/1120]	[L1: 0.0297]	2.6+0.0s
[1080/1120]	[L1: 0.0298]	2.6+0.0s
[1120/1120]	[L1: 0.0299]	2.6+0.0s

Evaluation:
[RSSCN7 x4]	psnr: 27.850 (Best: 27.865 @epoch 343)
Total time: 25.33s

[Epoch 372]	Learning rate: 1.00e-4
[40/1120]	[L1: 0.0274]	2.6+0.0s
[80/1120]	[L1: 0.0282]	2.7+0.0s
[120/1120]	[L1: 0.0285]	2.6+0.0s
[160/1120]	[L1: 0.0281]	2.7+0.0s
[200/1120]	[L1: 0.0291]	2.8+0.0s
[240/1120]	[L1: 0.0295]	2.7+0.0s
[280/1120]	[L1: 0.0294]	2.7+0.0s
[320/1120]	[L1: 0.0294]	2.6+0.0s
[360/1120]	[L1: 0.0295]	2.6+0.0s
[400/1120]	[L1: 0.0295]	2.6+0.0s
[440/1120]	[L1: 0.0298]	2.6+0.0s
[480/1120]	[L1: 0.0296]	2.6+0.0s
[520/1120]	[L1: 0.0298]	2.7+0.0s
[560/1120]	[L1: 0.0297]	2.6+0.0s
[600/1120]	[L1: 0.0298]	2.6+0.0s
[640/1120]	[L1: 0.0297]	2.6+0.0s
[680/1120]	[L1: 0.0298]	2.6+0.0s
[720/1120]	[L1: 0.0299]	2.7+0.0s
[760/1120]	[L1: 0.0298]	2.6+0.0s
[800/1120]	[L1: 0.0298]	2.6+0.0s
[840/1120]	[L1: 0.0299]	2.6+0.0s
[880/1120]	[L1: 0.0297]	2.6+0.0s
[920/1120]	[L1: 0.0298]	2.6+0.0s
[960/1120]	[L1: 0.0299]	2.7+0.0s
[1000/1120]	[L1: 0.0299]	2.6+0.0s
[1040/1120]	[L1: 0.0299]	2.6+0.0s
[1080/1120]	[L1: 0.0298]	2.6+0.0s
[1120/1120]	[L1: 0.0297]	2.6+0.0s

Evaluation:
[RSSCN7 x4]	psnr: 27.835 (Best: 27.865 @epoch 343)
Total time: 25.87s

[Epoch 373]	Learning rate: 1.00e-4
[40/1120]	[L1: 0.0254]	2.6+0.0s
[80/1120]	[L1: 0.0285]	2.6+0.0s
[120/1120]	[L1: 0.0294]	2.6+0.0s
[160/1120]	[L1: 0.0294]	2.6+0.0s
[200/1120]	[L1: 0.0291]	2.7+0.0s
[240/1120]	[L1: 0.0283]	2.6+0.0s
[280/1120]	[L1: 0.0281]	2.6+0.0s
[320/1120]	[L1: 0.0284]	2.6+0.0s
[360/1120]	[L1: 0.0286]	2.6+0.0s
[400/1120]	[L1: 0.0287]	2.7+0.0s
[440/1120]	[L1: 0.0285]	2.6+0.0s
[480/1120]	[L1: 0.0285]	2.6+0.0s
[520/1120]	[L1: 0.0289]	2.6+0.0s
[560/1120]	[L1: 0.0292]	2.6+0.0s
[600/1120]	[L1: 0.0297]	2.6+0.0s
[640/1120]	[L1: 0.0299]	2.6+0.0s
[680/1120]	[L1: 0.0298]	2.7+0.0s
[720/1120]	[L1: 0.0298]	2.6+0.0s
[760/1120]	[L1: 0.0302]	2.6+0.0s
[800/1120]	[L1: 0.0301]	2.6+0.0s
[840/1120]	[L1: 0.0302]	2.7+0.0s
[880/1120]	[L1: 0.0301]	2.6+0.0s
[920/1120]	[L1: 0.0301]	2.6+0.0s
[960/1120]	[L1: 0.0299]	2.6+0.0s
[1000/1120]	[L1: 0.0299]	2.6+0.0s
[1040/1120]	[L1: 0.0298]	2.6+0.0s
[1080/1120]	[L1: 0.0299]	2.6+0.0s
[1120/1120]	[L1: 0.0297]	2.7+0.0s

Evaluation:
[RSSCN7 x4]	psnr: 27.865 (Best: 27.865 @epoch 343)
Total time: 25.45s

[Epoch 374]	Learning rate: 1.00e-4
[40/1120]	[L1: 0.0314]	3.3+0.0s
[80/1120]	[L1: 0.0324]	2.6+0.0s
[120/1120]	[L1: 0.0306]	2.7+0.0s
[160/1120]	[L1: 0.0304]	2.6+0.0s
[200/1120]	[L1: 0.0307]	2.6+0.0s
[240/1120]	[L1: 0.0304]	2.6+0.0s
[280/1120]	[L1: 0.0303]	2.6+0.0s
[320/1120]	[L1: 0.0302]	2.6+0.0s
[360/1120]	[L1: 0.0301]	2.7+0.0s
[400/1120]	[L1: 0.0304]	2.6+0.0s
[440/1120]	[L1: 0.0305]	2.6+0.0s
[480/1120]	[L1: 0.0304]	2.6+0.0s
[520/1120]	[L1: 0.0301]	2.6+0.0s
[560/1120]	[L1: 0.0300]	2.7+0.0s
[600/1120]	[L1: 0.0301]	2.6+0.0s
[640/1120]	[L1: 0.0299]	2.6+0.0s
[680/1120]	[L1: 0.0294]	2.6+0.0s
[720/1120]	[L1: 0.0295]	2.6+0.0s
[760/1120]	[L1: 0.0295]	2.6+0.0s
[800/1120]	[L1: 0.0295]	2.7+0.0s
[840/1120]	[L1: 0.0295]	2.6+0.0s
[880/1120]	[L1: 0.0297]	2.6+0.0s
[920/1120]	[L1: 0.0296]	2.6+0.0s
[960/1120]	[L1: 0.0298]	2.6+0.0s
[1000/1120]	[L1: 0.0299]	2.6+0.0s
[1040/1120]	[L1: 0.0300]	2.6+0.0s
[1080/1120]	[L1: 0.0298]	2.6+0.0s
[1120/1120]	[L1: 0.0299]	2.6+0.0s

Evaluation:
[RSSCN7 x4]	psnr: 27.851 (Best: 27.865 @epoch 343)
Total time: 24.18s

[Epoch 375]	Learning rate: 1.00e-4
[40/1120]	[L1: 0.0306]	2.9+0.0s
[80/1120]	[L1: 0.0311]	2.8+0.0s
[120/1120]	[L1: 0.0318]	2.7+0.0s
[160/1120]	[L1: 0.0307]	2.6+0.0s
[200/1120]	[L1: 0.0311]	2.6+0.0s
[240/1120]	[L1: 0.0308]	2.6+0.0s
[280/1120]	[L1: 0.0310]	2.6+0.0s
[320/1120]	[L1: 0.0309]	2.6+0.0s
[360/1120]	[L1: 0.0311]	2.6+0.0s
[400/1120]	[L1: 0.0313]	2.6+0.0s
[440/1120]	[L1: 0.0310]	2.6+0.0s
[480/1120]	[L1: 0.0307]	2.6+0.0s
[520/1120]	[L1: 0.0307]	2.6+0.0s
[560/1120]	[L1: 0.0306]	2.6+0.0s
[600/1120]	[L1: 0.0304]	2.6+0.0s
[640/1120]	[L1: 0.0303]	2.6+0.0s
[680/1120]	[L1: 0.0302]	2.6+0.0s
[720/1120]	[L1: 0.0303]	2.6+0.0s
[760/1120]	[L1: 0.0301]	2.6+0.0s
[800/1120]	[L1: 0.0299]	2.6+0.0s
[840/1120]	[L1: 0.0298]	2.6+0.0s
[880/1120]	[L1: 0.0296]	2.6+0.0s
[920/1120]	[L1: 0.0296]	2.6+0.0s
[960/1120]	[L1: 0.0296]	2.6+0.0s
[1000/1120]	[L1: 0.0294]	2.6+0.0s
[1040/1120]	[L1: 0.0296]	2.6+0.0s
[1080/1120]	[L1: 0.0296]	2.6+0.0s
[1120/1120]	[L1: 0.0297]	2.6+0.0s

Evaluation:
[RSSCN7 x4]	psnr: 27.852 (Best: 27.865 @epoch 343)
Total time: 24.64s

[Epoch 376]	Learning rate: 1.00e-4
[40/1120]	[L1: 0.0352]	2.7+0.0s
[80/1120]	[L1: 0.0334]	2.8+0.0s
[120/1120]	[L1: 0.0309]	2.8+0.0s
[160/1120]	[L1: 0.0314]	2.7+0.0s
[200/1120]	[L1: 0.0315]	2.6+0.0s
[240/1120]	[L1: 0.0314]	2.6+0.0s
[280/1120]	[L1: 0.0312]	2.6+0.0s
[320/1120]	[L1: 0.0310]	2.6+0.0s
[360/1120]	[L1: 0.0307]	2.6+0.0s
[400/1120]	[L1: 0.0306]	2.7+0.0s
[440/1120]	[L1: 0.0303]	2.6+0.0s
[480/1120]	[L1: 0.0299]	2.6+0.0s
[520/1120]	[L1: 0.0296]	2.8+0.0s
[560/1120]	[L1: 0.0299]	2.6+0.0s
[600/1120]	[L1: 0.0298]	2.7+0.0s
[640/1120]	[L1: 0.0299]	2.6+0.0s
[680/1120]	[L1: 0.0298]	2.6+0.0s
[720/1120]	[L1: 0.0300]	2.6+0.0s
[760/1120]	[L1: 0.0302]	2.6+0.0s
[800/1120]	[L1: 0.0301]	2.6+0.0s
[840/1120]	[L1: 0.0302]	2.7+0.0s
[880/1120]	[L1: 0.0300]	2.6+0.0s
[920/1120]	[L1: 0.0300]	2.6+0.0s
[960/1120]	[L1: 0.0299]	2.6+0.0s
[1000/1120]	[L1: 0.0298]	2.6+0.0s
[1040/1120]	[L1: 0.0298]	2.7+0.0s
[1080/1120]	[L1: 0.0299]	2.6+0.0s
[1120/1120]	[L1: 0.0298]	2.6+0.0s

Evaluation:
[RSSCN7 x4]	psnr: 27.842 (Best: 27.865 @epoch 343)
Total time: 24.72s

[Epoch 377]	Learning rate: 1.00e-4
[40/1120]	[L1: 0.0260]	2.8+0.0s
[80/1120]	[L1: 0.0281]	2.8+0.0s
[120/1120]	[L1: 0.0278]	2.6+0.0s
[160/1120]	[L1: 0.0279]	2.6+0.0s
[200/1120]	[L1: 0.0286]	2.6+0.0s
[240/1120]	[L1: 0.0290]	2.6+0.0s
[280/1120]	[L1: 0.0287]	2.6+0.0s
[320/1120]	[L1: 0.0290]	2.6+0.0s
[360/1120]	[L1: 0.0291]	2.6+0.0s
[400/1120]	[L1: 0.0292]	2.6+0.0s
[440/1120]	[L1: 0.0290]	2.6+0.0s
[480/1120]	[L1: 0.0293]	2.6+0.0s
[520/1120]	[L1: 0.0293]	2.7+0.0s
[560/1120]	[L1: 0.0294]	2.6+0.0s
[600/1120]	[L1: 0.0292]	2.6+0.0s
[640/1120]	[L1: 0.0292]	2.6+0.0s
[680/1120]	[L1: 0.0294]	2.6+0.0s
[720/1120]	[L1: 0.0294]	2.7+0.0s
[760/1120]	[L1: 0.0292]	2.6+0.0s
[800/1120]	[L1: 0.0291]	2.6+0.0s
[840/1120]	[L1: 0.0292]	2.6+0.0s
[880/1120]	[L1: 0.0292]	2.6+0.0s
[920/1120]	[L1: 0.0294]	2.6+0.0s
[960/1120]	[L1: 0.0295]	2.7+0.0s
[1000/1120]	[L1: 0.0297]	2.6+0.0s
[1040/1120]	[L1: 0.0296]	2.6+0.0s
[1080/1120]	[L1: 0.0297]	2.6+0.0s
[1120/1120]	[L1: 0.0297]	2.6+0.0s

Evaluation:
[RSSCN7 x4]	psnr: 27.861 (Best: 27.865 @epoch 343)
Total time: 24.83s

[Epoch 378]	Learning rate: 1.00e-4
[40/1120]	[L1: 0.0265]	2.6+0.1s
[80/1120]	[L1: 0.0275]	2.6+0.0s
[120/1120]	[L1: 0.0269]	2.6+0.0s
[160/1120]	[L1: 0.0281]	2.6+0.0s
[200/1120]	[L1: 0.0282]	2.6+0.0s
[240/1120]	[L1: 0.0282]	2.6+0.0s
[280/1120]	[L1: 0.0282]	2.6+0.0s
[320/1120]	[L1: 0.0284]	2.6+0.0s
[360/1120]	[L1: 0.0284]	2.6+0.0s
[400/1120]	[L1: 0.0284]	2.6+0.0s
[440/1120]	[L1: 0.0287]	2.6+0.0s
[480/1120]	[L1: 0.0287]	2.6+0.0s
[520/1120]	[L1: 0.0287]	2.6+0.0s
[560/1120]	[L1: 0.0289]	2.6+0.0s
[600/1120]	[L1: 0.0291]	2.6+0.0s
[640/1120]	[L1: 0.0293]	2.5+0.0s
[680/1120]	[L1: 0.0296]	2.6+0.0s
[720/1120]	[L1: 0.0296]	2.6+0.0s
[760/1120]	[L1: 0.0297]	2.6+0.0s
[800/1120]	[L1: 0.0298]	2.6+0.0s
[840/1120]	[L1: 0.0299]	2.6+0.0s
[880/1120]	[L1: 0.0298]	2.6+0.0s
[920/1120]	[L1: 0.0298]	2.6+0.0s
[960/1120]	[L1: 0.0297]	2.6+0.0s
[1000/1120]	[L1: 0.0296]	2.6+0.0s
[1040/1120]	[L1: 0.0296]	2.6+0.0s
[1080/1120]	[L1: 0.0297]	2.6+0.0s
[1120/1120]	[L1: 0.0297]	2.6+0.0s

Evaluation:
[RSSCN7 x4]	psnr: 27.863 (Best: 27.865 @epoch 343)
Total time: 26.01s

[Epoch 379]	Learning rate: 1.00e-4
[40/1120]	[L1: 0.0274]	2.6+0.0s
[80/1120]	[L1: 0.0309]	2.7+0.0s
[120/1120]	[L1: 0.0308]	2.9+0.0s
[160/1120]	[L1: 0.0306]	2.6+0.0s
[200/1120]	[L1: 0.0311]	2.6+0.0s
[240/1120]	[L1: 0.0308]	2.6+0.0s
[280/1120]	[L1: 0.0307]	2.6+0.0s
[320/1120]	[L1: 0.0306]	2.6+0.0s
[360/1120]	[L1: 0.0302]	2.7+0.0s
[400/1120]	[L1: 0.0302]	2.6+0.0s
[440/1120]	[L1: 0.0304]	2.6+0.0s
[480/1120]	[L1: 0.0304]	2.6+0.0s
[520/1120]	[L1: 0.0305]	2.6+0.0s
[560/1120]	[L1: 0.0304]	2.7+0.0s
[600/1120]	[L1: 0.0301]	2.6+0.0s
[640/1120]	[L1: 0.0301]	2.6+0.0s
[680/1120]	[L1: 0.0304]	2.6+0.0s
[720/1120]	[L1: 0.0304]	2.6+0.0s
[760/1120]	[L1: 0.0302]	2.6+0.0s
[800/1120]	[L1: 0.0301]	2.7+0.0s
[840/1120]	[L1: 0.0300]	2.6+0.0s
[880/1120]	[L1: 0.0299]	2.6+0.0s
[920/1120]	[L1: 0.0298]	2.6+0.0s
[960/1120]	[L1: 0.0297]	2.6+0.0s
[1000/1120]	[L1: 0.0297]	2.7+0.0s
[1040/1120]	[L1: 0.0296]	2.6+0.0s
[1080/1120]	[L1: 0.0297]	2.6+0.0s
[1120/1120]	[L1: 0.0298]	2.6+0.0s

Evaluation:
[RSSCN7 x4]	psnr: 27.836 (Best: 27.865 @epoch 343)
Total time: 28.12s

[Epoch 380]	Learning rate: 1.00e-4
[40/1120]	[L1: 0.0272]	2.7+0.0s
[80/1120]	[L1: 0.0292]	2.6+0.0s
[120/1120]	[L1: 0.0290]	2.6+0.0s
[160/1120]	[L1: 0.0286]	2.6+0.0s
[200/1120]	[L1: 0.0295]	2.6+0.0s
[240/1120]	[L1: 0.0300]	2.7+0.0s
[280/1120]	[L1: 0.0303]	2.6+0.0s
[320/1120]	[L1: 0.0299]	2.6+0.0s
[360/1120]	[L1: 0.0296]	2.6+0.0s
[400/1120]	[L1: 0.0298]	2.6+0.0s
[440/1120]	[L1: 0.0298]	2.6+0.0s
[480/1120]	[L1: 0.0298]	2.6+0.0s
[520/1120]	[L1: 0.0303]	2.7+0.0s
[560/1120]	[L1: 0.0303]	2.6+0.0s
[600/1120]	[L1: 0.0302]	2.6+0.0s
[640/1120]	[L1: 0.0301]	2.6+0.0s
[680/1120]	[L1: 0.0301]	2.7+0.0s
[720/1120]	[L1: 0.0300]	2.6+0.0s
[760/1120]	[L1: 0.0299]	2.6+0.0s
[800/1120]	[L1: 0.0299]	2.6+0.0s
[840/1120]	[L1: 0.0299]	2.6+0.0s
[880/1120]	[L1: 0.0297]	2.6+0.0s
[920/1120]	[L1: 0.0298]	2.6+0.0s
[960/1120]	[L1: 0.0299]	2.7+0.0s
[1000/1120]	[L1: 0.0299]	2.6+0.0s
[1040/1120]	[L1: 0.0296]	2.6+0.0s
[1080/1120]	[L1: 0.0297]	2.6+0.0s
[1120/1120]	[L1: 0.0298]	2.6+0.0s

Evaluation:
[RSSCN7 x4]	psnr: 27.843 (Best: 27.865 @epoch 343)
Total time: 24.90s

[Epoch 381]	Learning rate: 1.00e-4
[40/1120]	[L1: 0.0313]	2.6+0.0s
[80/1120]	[L1: 0.0329]	2.6+0.0s
[120/1120]	[L1: 0.0324]	2.6+0.0s
[160/1120]	[L1: 0.0310]	2.7+0.0s
[200/1120]	[L1: 0.0304]	2.6+0.0s
[240/1120]	[L1: 0.0300]	2.6+0.0s
[280/1120]	[L1: 0.0301]	2.6+0.0s
[320/1120]	[L1: 0.0302]	2.6+0.0s
[360/1120]	[L1: 0.0299]	2.6+0.0s
[400/1120]	[L1: 0.0299]	2.7+0.0s
[440/1120]	[L1: 0.0302]	2.6+0.0s
[480/1120]	[L1: 0.0298]	2.6+0.0s
[520/1120]	[L1: 0.0301]	2.6+0.0s
[560/1120]	[L1: 0.0299]	2.6+0.0s
[600/1120]	[L1: 0.0296]	2.7+0.0s
[640/1120]	[L1: 0.0295]	2.6+0.0s
[680/1120]	[L1: 0.0297]	2.6+0.0s
[720/1120]	[L1: 0.0295]	2.6+0.0s
[760/1120]	[L1: 0.0296]	2.6+0.0s
[800/1120]	[L1: 0.0295]	2.6+0.0s
[840/1120]	[L1: 0.0298]	2.7+0.0s
[880/1120]	[L1: 0.0297]	2.6+0.0s
[920/1120]	[L1: 0.0295]	2.6+0.0s
[960/1120]	[L1: 0.0297]	2.6+0.0s
[1000/1120]	[L1: 0.0297]	2.6+0.0s
[1040/1120]	[L1: 0.0298]	2.9+0.0s
[1080/1120]	[L1: 0.0298]	2.8+0.0s
[1120/1120]	[L1: 0.0297]	2.6+0.0s

Evaluation:
[RSSCN7 x4]	psnr: 27.854 (Best: 27.865 @epoch 343)
Total time: 25.19s

[Epoch 382]	Learning rate: 1.00e-4
[40/1120]	[L1: 0.0295]	2.6+0.0s
[80/1120]	[L1: 0.0291]	2.7+0.0s
[120/1120]	[L1: 0.0281]	2.6+0.0s
[160/1120]	[L1: 0.0282]	2.6+0.0s
[200/1120]	[L1: 0.0287]	2.6+0.0s
[240/1120]	[L1: 0.0292]	2.6+0.0s
[280/1120]	[L1: 0.0297]	2.7+0.0s
[320/1120]	[L1: 0.0295]	2.6+0.0s
[360/1120]	[L1: 0.0298]	2.6+0.0s
[400/1120]	[L1: 0.0298]	2.6+0.0s
[440/1120]	[L1: 0.0299]	2.6+0.0s
[480/1120]	[L1: 0.0297]	2.6+0.0s
[520/1120]	[L1: 0.0297]	2.7+0.0s
[560/1120]	[L1: 0.0298]	2.6+0.0s
[600/1120]	[L1: 0.0300]	2.6+0.0s
[640/1120]	[L1: 0.0299]	2.6+0.0s
[680/1120]	[L1: 0.0298]	2.6+0.0s
[720/1120]	[L1: 0.0301]	2.7+0.0s
[760/1120]	[L1: 0.0299]	2.6+0.0s
[800/1120]	[L1: 0.0300]	2.6+0.0s
[840/1120]	[L1: 0.0301]	2.6+0.0s
[880/1120]	[L1: 0.0299]	2.6+0.0s
[920/1120]	[L1: 0.0298]	2.6+0.0s
[960/1120]	[L1: 0.0298]	2.7+0.0s
[1000/1120]	[L1: 0.0297]	2.6+0.0s
[1040/1120]	[L1: 0.0297]	2.6+0.0s
[1080/1120]	[L1: 0.0297]	2.6+0.0s
[1120/1120]	[L1: 0.0297]	2.6+0.0s

Evaluation:
[RSSCN7 x4]	psnr: 27.853 (Best: 27.865 @epoch 343)
Total time: 25.59s

[Epoch 383]	Learning rate: 1.00e-4
[40/1120]	[L1: 0.0336]	2.6+0.0s
[80/1120]	[L1: 0.0293]	2.6+0.0s
[120/1120]	[L1: 0.0292]	2.6+0.0s
[160/1120]	[L1: 0.0292]	2.6+0.0s
[200/1120]	[L1: 0.0287]	2.7+0.0s
[240/1120]	[L1: 0.0290]	2.6+0.0s
[280/1120]	[L1: 0.0284]	2.6+0.0s
[320/1120]	[L1: 0.0285]	2.6+0.0s
[360/1120]	[L1: 0.0285]	2.6+0.0s
[400/1120]	[L1: 0.0282]	2.6+0.0s
[440/1120]	[L1: 0.0283]	2.6+0.0s
[480/1120]	[L1: 0.0287]	2.6+0.0s
[520/1120]	[L1: 0.0289]	2.6+0.0s
[560/1120]	[L1: 0.0294]	2.6+0.0s
[600/1120]	[L1: 0.0298]	2.6+0.0s
[640/1120]	[L1: 0.0298]	2.6+0.0s
[680/1120]	[L1: 0.0299]	2.7+0.0s
[720/1120]	[L1: 0.0298]	2.6+0.0s
[760/1120]	[L1: 0.0301]	2.6+0.0s
[800/1120]	[L1: 0.0300]	2.6+0.0s
[840/1120]	[L1: 0.0299]	2.7+0.0s
[880/1120]	[L1: 0.0300]	2.6+0.0s
[920/1120]	[L1: 0.0300]	2.6+0.0s
[960/1120]	[L1: 0.0300]	2.6+0.0s
[1000/1120]	[L1: 0.0300]	2.6+0.0s
[1040/1120]	[L1: 0.0299]	2.6+0.0s
[1080/1120]	[L1: 0.0299]	2.6+0.0s
[1120/1120]	[L1: 0.0298]	2.7+0.0s

Evaluation:
[RSSCN7 x4]	psnr: 27.850 (Best: 27.865 @epoch 343)
Total time: 26.84s

[Epoch 384]	Learning rate: 1.00e-4
[40/1120]	[L1: 0.0301]	2.6+0.0s
[80/1120]	[L1: 0.0292]	2.6+0.0s
[120/1120]	[L1: 0.0302]	2.7+0.0s
[160/1120]	[L1: 0.0293]	2.6+0.0s
[200/1120]	[L1: 0.0292]	2.6+0.0s
[240/1120]	[L1: 0.0292]	2.6+0.0s
[280/1120]	[L1: 0.0292]	2.6+0.0s
[320/1120]	[L1: 0.0295]	2.6+0.0s
[360/1120]	[L1: 0.0291]	2.7+0.0s
[400/1120]	[L1: 0.0293]	2.6+0.0s
[440/1120]	[L1: 0.0297]	2.6+0.0s
[480/1120]	[L1: 0.0296]	2.6+0.0s
[520/1120]	[L1: 0.0298]	2.6+0.0s
[560/1120]	[L1: 0.0300]	2.6+0.0s
[600/1120]	[L1: 0.0299]	2.6+0.0s
[640/1120]	[L1: 0.0302]	2.6+0.0s
[680/1120]	[L1: 0.0301]	2.6+0.0s
[720/1120]	[L1: 0.0301]	2.6+0.0s
[760/1120]	[L1: 0.0301]	2.6+0.0s
[800/1120]	[L1: 0.0300]	2.6+0.0s
[840/1120]	[L1: 0.0300]	2.6+0.0s
[880/1120]	[L1: 0.0298]	2.6+0.0s
[920/1120]	[L1: 0.0298]	2.6+0.0s
[960/1120]	[L1: 0.0297]	2.6+0.0s
[1000/1120]	[L1: 0.0297]	2.7+0.0s
[1040/1120]	[L1: 0.0297]	2.6+0.0s
[1080/1120]	[L1: 0.0298]	2.6+0.0s
[1120/1120]	[L1: 0.0298]	2.5+0.0s

Evaluation:
[RSSCN7 x4]	psnr: 27.841 (Best: 27.865 @epoch 343)
Total time: 25.84s

[Epoch 385]	Learning rate: 1.00e-4
[40/1120]	[L1: 0.0300]	2.7+0.0s
[80/1120]	[L1: 0.0285]	2.6+0.0s
[120/1120]	[L1: 0.0278]	2.6+0.0s
[160/1120]	[L1: 0.0289]	2.6+0.0s
[200/1120]	[L1: 0.0299]	2.6+0.0s
[240/1120]	[L1: 0.0303]	2.7+0.0s
[280/1120]	[L1: 0.0300]	2.6+0.0s
[320/1120]	[L1: 0.0298]	2.6+0.0s
[360/1120]	[L1: 0.0297]	2.6+0.0s
[400/1120]	[L1: 0.0294]	2.6+0.0s
[440/1120]	[L1: 0.0295]	2.6+0.0s
[480/1120]	[L1: 0.0296]	2.6+0.0s
[520/1120]	[L1: 0.0297]	2.6+0.0s
[560/1120]	[L1: 0.0298]	2.6+0.0s
[600/1120]	[L1: 0.0299]	2.6+0.0s
[640/1120]	[L1: 0.0298]	2.6+0.0s
[680/1120]	[L1: 0.0298]	2.7+0.0s
[720/1120]	[L1: 0.0299]	2.6+0.0s
[760/1120]	[L1: 0.0299]	2.6+0.0s
[800/1120]	[L1: 0.0296]	2.6+0.0s
[840/1120]	[L1: 0.0298]	2.6+0.0s
[880/1120]	[L1: 0.0299]	2.6+0.0s
[920/1120]	[L1: 0.0297]	2.6+0.0s
[960/1120]	[L1: 0.0298]	2.7+0.0s
[1000/1120]	[L1: 0.0298]	2.6+0.0s
[1040/1120]	[L1: 0.0297]	2.6+0.0s
[1080/1120]	[L1: 0.0297]	2.6+0.0s
[1120/1120]	[L1: 0.0298]	2.6+0.0s

Evaluation:
[RSSCN7 x4]	psnr: 27.844 (Best: 27.865 @epoch 343)
Total time: 25.76s

[Epoch 386]	Learning rate: 1.00e-4
[40/1120]	[L1: 0.0307]	2.6+0.0s
[80/1120]	[L1: 0.0297]	2.6+0.0s
[120/1120]	[L1: 0.0287]	2.6+0.0s
[160/1120]	[L1: 0.0304]	2.6+0.0s
[200/1120]	[L1: 0.0307]	2.6+0.0s
[240/1120]	[L1: 0.0311]	2.6+0.0s
[280/1120]	[L1: 0.0312]	2.6+0.0s
[320/1120]	[L1: 0.0310]	2.6+0.0s
[360/1120]	[L1: 0.0309]	2.6+0.0s
[400/1120]	[L1: 0.0307]	2.6+0.0s
[440/1120]	[L1: 0.0306]	2.6+0.0s
[480/1120]	[L1: 0.0305]	2.6+0.0s
[520/1120]	[L1: 0.0304]	2.6+0.0s
[560/1120]	[L1: 0.0304]	2.6+0.0s
[600/1120]	[L1: 0.0299]	2.7+0.0s
[640/1120]	[L1: 0.0297]	2.6+0.0s
[680/1120]	[L1: 0.0296]	2.6+0.0s
[720/1120]	[L1: 0.0297]	2.6+0.0s
[760/1120]	[L1: 0.0297]	2.6+0.0s
[800/1120]	[L1: 0.0297]	2.6+0.0s
[840/1120]	[L1: 0.0299]	2.6+0.0s
[880/1120]	[L1: 0.0298]	2.6+0.0s
[920/1120]	[L1: 0.0298]	2.6+0.0s
[960/1120]	[L1: 0.0298]	2.6+0.0s
[1000/1120]	[L1: 0.0298]	2.6+0.0s
[1040/1120]	[L1: 0.0298]	2.7+0.0s
[1080/1120]	[L1: 0.0298]	2.6+0.0s
[1120/1120]	[L1: 0.0297]	2.6+0.0s

Evaluation:
[RSSCN7 x4]	psnr: 27.860 (Best: 27.865 @epoch 343)
Total time: 26.22s

[Epoch 387]	Learning rate: 1.00e-4
[40/1120]	[L1: 0.0273]	2.8+0.0s
[80/1120]	[L1: 0.0297]	3.0+0.0s
[120/1120]	[L1: 0.0302]	2.8+0.0s
[160/1120]	[L1: 0.0296]	2.6+0.0s
[200/1120]	[L1: 0.0295]	2.6+0.0s
[240/1120]	[L1: 0.0295]	2.6+0.0s
[280/1120]	[L1: 0.0292]	2.7+0.0s
[320/1120]	[L1: 0.0298]	2.6+0.0s
[360/1120]	[L1: 0.0296]	2.6+0.0s
[400/1120]	[L1: 0.0300]	2.6+0.0s
[440/1120]	[L1: 0.0300]	2.6+0.0s
[480/1120]	[L1: 0.0299]	2.6+0.0s
[520/1120]	[L1: 0.0299]	2.6+0.0s
[560/1120]	[L1: 0.0298]	2.6+0.0s
[600/1120]	[L1: 0.0299]	2.6+0.0s
[640/1120]	[L1: 0.0300]	2.6+0.0s
[680/1120]	[L1: 0.0301]	2.6+0.0s
[720/1120]	[L1: 0.0300]	2.7+0.0s
[760/1120]	[L1: 0.0299]	2.6+0.0s
[800/1120]	[L1: 0.0298]	2.6+0.0s
[840/1120]	[L1: 0.0298]	2.6+0.0s
[880/1120]	[L1: 0.0298]	2.6+0.0s
[920/1120]	[L1: 0.0299]	2.6+0.0s
[960/1120]	[L1: 0.0298]	2.6+0.0s
[1000/1120]	[L1: 0.0299]	2.6+0.0s
[1040/1120]	[L1: 0.0299]	2.6+0.0s
[1080/1120]	[L1: 0.0298]	2.6+0.0s
[1120/1120]	[L1: 0.0297]	2.6+0.0s

Evaluation:
[RSSCN7 x4]	psnr: 27.856 (Best: 27.865 @epoch 343)
Total time: 26.28s

[Epoch 388]	Learning rate: 1.00e-4
[40/1120]	[L1: 0.0307]	2.6+0.0s
[80/1120]	[L1: 0.0299]	2.6+0.0s
[120/1120]	[L1: 0.0292]	2.6+0.0s
[160/1120]	[L1: 0.0297]	2.6+0.0s
[200/1120]	[L1: 0.0301]	2.7+0.0s
[240/1120]	[L1: 0.0297]	2.6+0.0s
[280/1120]	[L1: 0.0306]	2.6+0.0s
[320/1120]	[L1: 0.0309]	2.6+0.0s
[360/1120]	[L1: 0.0304]	2.6+0.0s
[400/1120]	[L1: 0.0303]	2.7+0.0s
[440/1120]	[L1: 0.0302]	2.6+0.0s
[480/1120]	[L1: 0.0298]	2.6+0.0s
[520/1120]	[L1: 0.0298]	2.6+0.0s
[560/1120]	[L1: 0.0296]	2.6+0.0s
[600/1120]	[L1: 0.0298]	2.6+0.0s
[640/1120]	[L1: 0.0298]	2.6+0.0s
[680/1120]	[L1: 0.0297]	2.7+0.0s
[720/1120]	[L1: 0.0296]	2.6+0.0s
[760/1120]	[L1: 0.0295]	2.6+0.0s
[800/1120]	[L1: 0.0295]	2.6+0.0s
[840/1120]	[L1: 0.0295]	2.7+0.0s
[880/1120]	[L1: 0.0297]	2.6+0.0s
[920/1120]	[L1: 0.0298]	2.6+0.0s
[960/1120]	[L1: 0.0298]	2.6+0.0s
[1000/1120]	[L1: 0.0297]	2.6+0.0s
[1040/1120]	[L1: 0.0296]	2.6+0.0s
[1080/1120]	[L1: 0.0297]	2.6+0.0s
[1120/1120]	[L1: 0.0298]	2.7+0.0s

Evaluation:
[RSSCN7 x4]	psnr: 27.839 (Best: 27.865 @epoch 343)
Total time: 24.96s

[Epoch 389]	Learning rate: 1.00e-4
[40/1120]	[L1: 0.0297]	2.8+0.0s
[80/1120]	[L1: 0.0311]	2.8+0.0s
[120/1120]	[L1: 0.0308]	2.9+0.0s
[160/1120]	[L1: 0.0304]	2.6+0.0s
[200/1120]	[L1: 0.0300]	2.6+0.0s
[240/1120]	[L1: 0.0301]	2.5+0.0s
[280/1120]	[L1: 0.0297]	2.6+0.0s
[320/1120]	[L1: 0.0295]	2.6+0.0s
[360/1120]	[L1: 0.0295]	2.7+0.0s
[400/1120]	[L1: 0.0297]	2.6+0.0s
[440/1120]	[L1: 0.0298]	2.6+0.0s
[480/1120]	[L1: 0.0299]	2.5+0.0s
[520/1120]	[L1: 0.0300]	2.6+0.0s
[560/1120]	[L1: 0.0298]	2.7+0.0s
[600/1120]	[L1: 0.0300]	2.6+0.0s
[640/1120]	[L1: 0.0298]	2.6+0.0s
[680/1120]	[L1: 0.0297]	2.6+0.0s
[720/1120]	[L1: 0.0297]	2.6+0.0s
[760/1120]	[L1: 0.0296]	2.6+0.0s
[800/1120]	[L1: 0.0294]	2.6+0.0s
[840/1120]	[L1: 0.0295]	2.6+0.0s
[880/1120]	[L1: 0.0294]	2.6+0.0s
[920/1120]	[L1: 0.0295]	2.6+0.0s
[960/1120]	[L1: 0.0296]	2.6+0.0s
[1000/1120]	[L1: 0.0295]	2.6+0.0s
[1040/1120]	[L1: 0.0295]	2.6+0.0s
[1080/1120]	[L1: 0.0297]	2.6+0.0s
[1120/1120]	[L1: 0.0298]	2.6+0.0s

Evaluation:
[RSSCN7 x4]	psnr: 27.838 (Best: 27.865 @epoch 343)
Total time: 25.98s

[Epoch 390]	Learning rate: 1.00e-4
[40/1120]	[L1: 0.0322]	2.7+0.0s
[80/1120]	[L1: 0.0300]	2.6+0.0s
[120/1120]	[L1: 0.0309]	2.6+0.0s
[160/1120]	[L1: 0.0305]	2.6+0.0s
[200/1120]	[L1: 0.0302]	2.6+0.0s
[240/1120]	[L1: 0.0299]	2.6+0.0s
[280/1120]	[L1: 0.0298]	2.6+0.0s
[320/1120]	[L1: 0.0295]	2.6+0.0s
[360/1120]	[L1: 0.0297]	2.6+0.0s
[400/1120]	[L1: 0.0297]	2.6+0.0s
[440/1120]	[L1: 0.0301]	2.6+0.0s
[480/1120]	[L1: 0.0301]	2.6+0.0s
[520/1120]	[L1: 0.0304]	2.6+0.0s
[560/1120]	[L1: 0.0303]	2.6+0.0s
[600/1120]	[L1: 0.0305]	2.6+0.0s
[640/1120]	[L1: 0.0305]	2.6+0.0s
[680/1120]	[L1: 0.0303]	2.6+0.0s
[720/1120]	[L1: 0.0303]	2.6+0.0s
[760/1120]	[L1: 0.0305]	2.6+0.0s
[800/1120]	[L1: 0.0306]	2.6+0.0s
[840/1120]	[L1: 0.0308]	2.6+0.0s
[880/1120]	[L1: 0.0304]	2.6+0.0s
[920/1120]	[L1: 0.0301]	2.6+0.0s
[960/1120]	[L1: 0.0302]	2.6+0.0s
[1000/1120]	[L1: 0.0301]	2.6+0.0s
[1040/1120]	[L1: 0.0300]	2.7+0.0s
[1080/1120]	[L1: 0.0300]	2.6+0.0s
[1120/1120]	[L1: 0.0299]	2.6+0.0s

Evaluation:
[RSSCN7 x4]	psnr: 27.835 (Best: 27.865 @epoch 343)
Total time: 26.10s

[Epoch 391]	Learning rate: 1.00e-4
[40/1120]	[L1: 0.0271]	2.8+0.0s
[80/1120]	[L1: 0.0296]	2.8+0.0s
[120/1120]	[L1: 0.0299]	2.7+0.0s
[160/1120]	[L1: 0.0288]	2.6+0.0s
[200/1120]	[L1: 0.0291]	2.6+0.0s
[240/1120]	[L1: 0.0289]	2.8+0.0s
[280/1120]	[L1: 0.0293]	2.6+0.0s
[320/1120]	[L1: 0.0294]	2.6+0.0s
[360/1120]	[L1: 0.0294]	2.6+0.0s
[400/1120]	[L1: 0.0293]	2.7+0.0s
[440/1120]	[L1: 0.0293]	2.6+0.0s
[480/1120]	[L1: 0.0294]	2.6+0.0s
[520/1120]	[L1: 0.0293]	2.6+0.0s
[560/1120]	[L1: 0.0292]	2.6+0.0s
[600/1120]	[L1: 0.0293]	2.6+0.0s
[640/1120]	[L1: 0.0293]	2.6+0.0s
[680/1120]	[L1: 0.0293]	2.6+0.0s
[720/1120]	[L1: 0.0292]	2.6+0.0s
[760/1120]	[L1: 0.0294]	2.6+0.0s
[800/1120]	[L1: 0.0295]	2.6+0.0s
[840/1120]	[L1: 0.0296]	2.7+0.0s
[880/1120]	[L1: 0.0296]	2.6+0.0s
[920/1120]	[L1: 0.0296]	2.6+0.0s
[960/1120]	[L1: 0.0296]	2.6+0.0s
[1000/1120]	[L1: 0.0296]	2.6+0.0s
[1040/1120]	[L1: 0.0296]	2.6+0.0s
[1080/1120]	[L1: 0.0297]	2.6+0.0s
[1120/1120]	[L1: 0.0299]	2.6+0.0s

Evaluation:
[RSSCN7 x4]	psnr: 27.854 (Best: 27.865 @epoch 343)
Total time: 25.58s

[Epoch 392]	Learning rate: 1.00e-4
[40/1120]	[L1: 0.0278]	2.8+0.0s
[80/1120]	[L1: 0.0301]	2.9+0.0s
[120/1120]	[L1: 0.0310]	2.6+0.0s
[160/1120]	[L1: 0.0300]	2.6+0.0s
[200/1120]	[L1: 0.0299]	2.6+0.0s
[240/1120]	[L1: 0.0290]	2.6+0.0s
[280/1120]	[L1: 0.0296]	2.6+0.0s
[320/1120]	[L1: 0.0294]	2.6+0.0s
[360/1120]	[L1: 0.0290]	2.6+0.0s
[400/1120]	[L1: 0.0286]	2.6+0.0s
[440/1120]	[L1: 0.0288]	2.6+0.0s
[480/1120]	[L1: 0.0290]	2.6+0.0s
[520/1120]	[L1: 0.0289]	2.7+0.0s
[560/1120]	[L1: 0.0292]	2.6+0.0s
[600/1120]	[L1: 0.0297]	2.6+0.0s
[640/1120]	[L1: 0.0298]	2.6+0.0s
[680/1120]	[L1: 0.0300]	2.6+0.0s
[720/1120]	[L1: 0.0299]	2.7+0.0s
[760/1120]	[L1: 0.0299]	2.6+0.0s
[800/1120]	[L1: 0.0299]	2.6+0.0s
[840/1120]	[L1: 0.0299]	2.6+0.0s
[880/1120]	[L1: 0.0300]	2.6+0.0s
[920/1120]	[L1: 0.0298]	2.6+0.0s
[960/1120]	[L1: 0.0299]	2.7+0.0s
[1000/1120]	[L1: 0.0300]	2.6+0.0s
[1040/1120]	[L1: 0.0300]	2.6+0.0s
[1080/1120]	[L1: 0.0298]	2.6+0.0s
[1120/1120]	[L1: 0.0297]	2.6+0.0s

Evaluation:
[RSSCN7 x4]	psnr: 27.836 (Best: 27.865 @epoch 343)
Total time: 26.11s

[Epoch 393]	Learning rate: 1.00e-4
[40/1120]	[L1: 0.0294]	2.8+0.1s
[80/1120]	[L1: 0.0287]	3.3+0.0s
[120/1120]	[L1: 0.0293]	2.7+0.0s
[160/1120]	[L1: 0.0283]	2.6+0.0s
[200/1120]	[L1: 0.0282]	2.6+0.0s
[240/1120]	[L1: 0.0285]	2.6+0.0s
[280/1120]	[L1: 0.0290]	2.6+0.0s
[320/1120]	[L1: 0.0295]	2.6+0.0s
[360/1120]	[L1: 0.0299]	2.6+0.0s
[400/1120]	[L1: 0.0298]	2.7+0.0s
[440/1120]	[L1: 0.0297]	2.6+0.0s
[480/1120]	[L1: 0.0296]	2.6+0.0s
[520/1120]	[L1: 0.0296]	2.6+0.0s
[560/1120]	[L1: 0.0302]	2.6+0.0s
[600/1120]	[L1: 0.0302]	2.6+0.0s
[640/1120]	[L1: 0.0302]	2.6+0.0s
[680/1120]	[L1: 0.0300]	2.7+0.0s
[720/1120]	[L1: 0.0299]	2.6+0.0s
[760/1120]	[L1: 0.0298]	2.6+0.0s
[800/1120]	[L1: 0.0300]	2.6+0.0s
[840/1120]	[L1: 0.0301]	2.7+0.0s
[880/1120]	[L1: 0.0300]	2.6+0.0s
[920/1120]	[L1: 0.0301]	2.6+0.0s
[960/1120]	[L1: 0.0300]	2.6+0.0s
[1000/1120]	[L1: 0.0299]	2.6+0.0s
[1040/1120]	[L1: 0.0299]	2.6+0.0s
[1080/1120]	[L1: 0.0298]	2.6+0.0s
[1120/1120]	[L1: 0.0298]	2.6+0.0s

Evaluation:
[RSSCN7 x4]	psnr: 27.863 (Best: 27.865 @epoch 343)
Total time: 25.76s

[Epoch 394]	Learning rate: 1.00e-4
[40/1120]	[L1: 0.0323]	2.8+0.1s
[80/1120]	[L1: 0.0300]	2.8+0.0s
[120/1120]	[L1: 0.0286]	2.8+0.0s
[160/1120]	[L1: 0.0284]	2.6+0.0s
[200/1120]	[L1: 0.0293]	2.6+0.0s
[240/1120]	[L1: 0.0288]	2.6+0.0s
[280/1120]	[L1: 0.0299]	2.6+0.0s
[320/1120]	[L1: 0.0294]	2.6+0.0s
[360/1120]	[L1: 0.0294]	2.7+0.0s
[400/1120]	[L1: 0.0289]	2.6+0.0s
[440/1120]	[L1: 0.0290]	2.6+0.0s
[480/1120]	[L1: 0.0291]	2.6+0.0s
[520/1120]	[L1: 0.0291]	2.6+0.0s
[560/1120]	[L1: 0.0295]	2.7+0.0s
[600/1120]	[L1: 0.0296]	2.6+0.0s
[640/1120]	[L1: 0.0296]	2.6+0.0s
[680/1120]	[L1: 0.0296]	2.6+0.0s
[720/1120]	[L1: 0.0295]	2.6+0.0s
[760/1120]	[L1: 0.0296]	2.6+0.0s
[800/1120]	[L1: 0.0296]	2.7+0.0s
[840/1120]	[L1: 0.0298]	2.6+0.0s
[880/1120]	[L1: 0.0298]	2.7+0.0s
[920/1120]	[L1: 0.0298]	2.8+0.0s
[960/1120]	[L1: 0.0298]	2.7+0.0s
[1000/1120]	[L1: 0.0299]	2.7+0.0s
[1040/1120]	[L1: 0.0298]	2.6+0.0s
[1080/1120]	[L1: 0.0297]	2.6+0.0s
[1120/1120]	[L1: 0.0298]	2.6+0.0s

Evaluation:
[RSSCN7 x4]	psnr: 27.839 (Best: 27.865 @epoch 343)
Total time: 25.87s

[Epoch 395]	Learning rate: 1.00e-4
[40/1120]	[L1: 0.0298]	2.7+0.0s
[80/1120]	[L1: 0.0295]	2.6+0.0s
[120/1120]	[L1: 0.0302]	2.6+0.0s
[160/1120]	[L1: 0.0309]	2.6+0.0s
[200/1120]	[L1: 0.0306]	2.6+0.0s
[240/1120]	[L1: 0.0306]	2.7+0.0s
[280/1120]	[L1: 0.0305]	2.6+0.0s
[320/1120]	[L1: 0.0305]	2.6+0.0s
[360/1120]	[L1: 0.0305]	2.6+0.0s
[400/1120]	[L1: 0.0304]	2.6+0.0s
[440/1120]	[L1: 0.0304]	2.6+0.0s
[480/1120]	[L1: 0.0301]	2.6+0.0s
[520/1120]	[L1: 0.0300]	2.7+0.0s
[560/1120]	[L1: 0.0302]	2.6+0.0s
[600/1120]	[L1: 0.0303]	2.6+0.0s
[640/1120]	[L1: 0.0303]	2.6+0.0s
[680/1120]	[L1: 0.0302]	2.6+0.0s
[720/1120]	[L1: 0.0303]	2.6+0.0s
[760/1120]	[L1: 0.0302]	2.6+0.0s
[800/1120]	[L1: 0.0300]	2.3+0.0s
[840/1120]	[L1: 0.0300]	2.6+0.0s
[880/1120]	[L1: 0.0299]	2.6+0.0s
[920/1120]	[L1: 0.0300]	2.6+0.0s
[960/1120]	[L1: 0.0300]	2.7+0.0s
[1000/1120]	[L1: 0.0299]	2.6+0.0s
[1040/1120]	[L1: 0.0299]	2.6+0.0s
[1080/1120]	[L1: 0.0298]	2.6+0.0s
[1120/1120]	[L1: 0.0297]	2.6+0.0s

Evaluation:
[RSSCN7 x4]	psnr: 27.847 (Best: 27.865 @epoch 343)
Total time: 25.95s

[Epoch 396]	Learning rate: 1.00e-4
[40/1120]	[L1: 0.0261]	2.6+0.0s
[80/1120]	[L1: 0.0271]	2.6+0.0s
[120/1120]	[L1: 0.0289]	2.6+0.0s
[160/1120]	[L1: 0.0298]	2.7+0.0s
[200/1120]	[L1: 0.0305]	2.6+0.0s
[240/1120]	[L1: 0.0305]	2.6+0.0s
[280/1120]	[L1: 0.0302]	2.6+0.0s
[320/1120]	[L1: 0.0300]	2.6+0.0s
[360/1120]	[L1: 0.0300]	2.6+0.0s
[400/1120]	[L1: 0.0295]	2.6+0.0s
[440/1120]	[L1: 0.0297]	2.6+0.0s
[480/1120]	[L1: 0.0298]	2.6+0.0s
[520/1120]	[L1: 0.0296]	2.6+0.0s
[560/1120]	[L1: 0.0294]	2.6+0.0s
[600/1120]	[L1: 0.0296]	2.6+0.0s
[640/1120]	[L1: 0.0297]	2.6+0.0s
[680/1120]	[L1: 0.0297]	2.6+0.0s
[720/1120]	[L1: 0.0298]	2.6+0.0s
[760/1120]	[L1: 0.0299]	2.6+0.0s
[800/1120]	[L1: 0.0298]	2.6+0.0s
[840/1120]	[L1: 0.0295]	2.6+0.0s
[880/1120]	[L1: 0.0297]	2.6+0.0s
[920/1120]	[L1: 0.0298]	2.5+0.0s
[960/1120]	[L1: 0.0298]	2.6+0.0s
[1000/1120]	[L1: 0.0299]	2.6+0.0s
[1040/1120]	[L1: 0.0298]	2.6+0.0s
[1080/1120]	[L1: 0.0298]	2.6+0.0s
[1120/1120]	[L1: 0.0299]	2.6+0.0s

Evaluation:
[RSSCN7 x4]	psnr: 27.843 (Best: 27.865 @epoch 343)
Total time: 25.71s

[Epoch 397]	Learning rate: 1.00e-4
[40/1120]	[L1: 0.0299]	2.8+0.0s
[80/1120]	[L1: 0.0291]	2.9+0.0s
[120/1120]	[L1: 0.0290]	2.7+0.0s
[160/1120]	[L1: 0.0288]	2.6+0.0s
[200/1120]	[L1: 0.0291]	2.6+0.0s
[240/1120]	[L1: 0.0293]	2.6+0.0s
[280/1120]	[L1: 0.0302]	2.7+0.0s
[320/1120]	[L1: 0.0301]	2.6+0.0s
[360/1120]	[L1: 0.0302]	2.6+0.0s
[400/1120]	[L1: 0.0299]	2.6+0.0s
[440/1120]	[L1: 0.0297]	2.6+0.0s
[480/1120]	[L1: 0.0300]	2.6+0.0s
[520/1120]	[L1: 0.0300]	2.6+0.0s
[560/1120]	[L1: 0.0300]	2.6+0.0s
[600/1120]	[L1: 0.0300]	2.6+0.0s
[640/1120]	[L1: 0.0298]	2.6+0.0s
[680/1120]	[L1: 0.0297]	2.6+0.0s
[720/1120]	[L1: 0.0297]	2.7+0.0s
[760/1120]	[L1: 0.0296]	2.6+0.0s
[800/1120]	[L1: 0.0296]	2.6+0.0s
[840/1120]	[L1: 0.0296]	2.6+0.0s
[880/1120]	[L1: 0.0295]	2.6+0.0s
[920/1120]	[L1: 0.0296]	2.6+0.0s
[960/1120]	[L1: 0.0296]	2.7+0.0s
[1000/1120]	[L1: 0.0296]	2.6+0.0s
[1040/1120]	[L1: 0.0296]	2.6+0.0s
[1080/1120]	[L1: 0.0297]	2.6+0.0s
[1120/1120]	[L1: 0.0297]	2.6+0.0s

Evaluation:
[RSSCN7 x4]	psnr: 27.857 (Best: 27.865 @epoch 343)
Total time: 25.79s

[Epoch 398]	Learning rate: 1.00e-4
[40/1120]	[L1: 0.0283]	2.6+0.0s
[80/1120]	[L1: 0.0292]	2.6+0.0s
[120/1120]	[L1: 0.0295]	2.6+0.0s
[160/1120]	[L1: 0.0302]	2.6+0.0s
[200/1120]	[L1: 0.0300]	2.7+0.0s
[240/1120]	[L1: 0.0298]	2.6+0.0s
[280/1120]	[L1: 0.0296]	2.6+0.0s
[320/1120]	[L1: 0.0297]	2.6+0.0s
[360/1120]	[L1: 0.0296]	2.6+0.0s
[400/1120]	[L1: 0.0295]	2.7+0.0s
[440/1120]	[L1: 0.0293]	2.6+0.0s
[480/1120]	[L1: 0.0293]	2.6+0.0s
[520/1120]	[L1: 0.0295]	2.6+0.0s
[560/1120]	[L1: 0.0296]	2.6+0.0s
[600/1120]	[L1: 0.0293]	2.6+0.0s
[640/1120]	[L1: 0.0291]	2.6+0.0s
[680/1120]	[L1: 0.0293]	2.7+0.0s
[720/1120]	[L1: 0.0291]	2.6+0.0s
[760/1120]	[L1: 0.0291]	2.6+0.0s
[800/1120]	[L1: 0.0292]	2.6+0.0s
[840/1120]	[L1: 0.0293]	2.7+0.0s
[880/1120]	[L1: 0.0294]	2.6+0.0s
[920/1120]	[L1: 0.0294]	2.6+0.0s
[960/1120]	[L1: 0.0295]	2.6+0.0s
[1000/1120]	[L1: 0.0295]	2.6+0.0s
[1040/1120]	[L1: 0.0296]	2.6+0.0s
[1080/1120]	[L1: 0.0295]	2.6+0.0s
[1120/1120]	[L1: 0.0297]	2.7+0.0s

Evaluation:
[RSSCN7 x4]	psnr: 27.843 (Best: 27.865 @epoch 343)
Total time: 26.44s

[Epoch 399]	Learning rate: 1.00e-4
[40/1120]	[L1: 0.0347]	2.6+0.0s
[80/1120]	[L1: 0.0325]	2.6+0.0s
[120/1120]	[L1: 0.0307]	2.7+0.0s
[160/1120]	[L1: 0.0291]	2.6+0.0s
[200/1120]	[L1: 0.0296]	2.6+0.0s
[240/1120]	[L1: 0.0295]	2.6+0.0s
[280/1120]	[L1: 0.0295]	2.6+0.0s
[320/1120]	[L1: 0.0295]	2.6+0.0s
[360/1120]	[L1: 0.0294]	2.7+0.0s
[400/1120]	[L1: 0.0291]	2.6+0.0s
[440/1120]	[L1: 0.0294]	2.6+0.0s
[480/1120]	[L1: 0.0297]	2.6+0.0s
[520/1120]	[L1: 0.0297]	2.6+0.0s
[560/1120]	[L1: 0.0297]	2.6+0.0s
[600/1120]	[L1: 0.0297]	2.6+0.0s
[640/1120]	[L1: 0.0297]	2.6+0.0s
[680/1120]	[L1: 0.0296]	2.6+0.0s
[720/1120]	[L1: 0.0297]	2.6+0.0s
[760/1120]	[L1: 0.0299]	2.6+0.0s
[800/1120]	[L1: 0.0300]	2.6+0.0s
[840/1120]	[L1: 0.0301]	2.6+0.0s
[880/1120]	[L1: 0.0299]	2.6+0.0s
[920/1120]	[L1: 0.0298]	2.6+0.0s
[960/1120]	[L1: 0.0299]	2.6+0.0s
[1000/1120]	[L1: 0.0300]	2.7+0.0s
[1040/1120]	[L1: 0.0298]	2.6+0.0s
[1080/1120]	[L1: 0.0298]	2.6+0.0s
[1120/1120]	[L1: 0.0298]	2.6+0.0s

Evaluation:
[RSSCN7 x4]	psnr: 27.850 (Best: 27.865 @epoch 343)
Total time: 25.31s

[Epoch 400]	Learning rate: 1.00e-4
[40/1120]	[L1: 0.0300]	2.7+0.1s
[80/1120]	[L1: 0.0288]	2.6+0.0s
[120/1120]	[L1: 0.0294]	2.6+0.0s
[160/1120]	[L1: 0.0289]	2.6+0.0s
[200/1120]	[L1: 0.0299]	2.6+0.0s
[240/1120]	[L1: 0.0299]	2.7+0.0s
[280/1120]	[L1: 0.0300]	2.6+0.0s
[320/1120]	[L1: 0.0298]	2.6+0.0s
[360/1120]	[L1: 0.0294]	2.6+0.0s
[400/1120]	[L1: 0.0293]	2.6+0.0s
[440/1120]	[L1: 0.0296]	2.6+0.0s
[480/1120]	[L1: 0.0297]	2.6+0.0s
[520/1120]	[L1: 0.0295]	2.7+0.0s
[560/1120]	[L1: 0.0293]	2.6+0.0s
[600/1120]	[L1: 0.0298]	2.6+0.0s
[640/1120]	[L1: 0.0298]	2.6+0.0s
[680/1120]	[L1: 0.0295]	2.7+0.0s
[720/1120]	[L1: 0.0295]	2.6+0.0s
[760/1120]	[L1: 0.0295]	2.6+0.0s
[800/1120]	[L1: 0.0293]	2.6+0.0s
[840/1120]	[L1: 0.0293]	2.6+0.0s
[880/1120]	[L1: 0.0295]	2.6+0.0s
[920/1120]	[L1: 0.0296]	2.6+0.0s
[960/1120]	[L1: 0.0297]	2.7+0.0s
[1000/1120]	[L1: 0.0297]	2.6+0.0s
[1040/1120]	[L1: 0.0297]	2.6+0.0s
[1080/1120]	[L1: 0.0297]	2.6+0.0s
[1120/1120]	[L1: 0.0299]	2.6+0.0s
Saved epoch checkpoint at epoch 400

Evaluation:
[RSSCN7 x4]	psnr: 27.848 (Best: 27.865 @epoch 343)
Total time: 24.93s

[Epoch 401]	Learning rate: 5.00e-5
[40/1120]	[L1: 0.0351]	2.6+0.1s
[80/1120]	[L1: 0.0324]	2.7+0.0s
[120/1120]	[L1: 0.0314]	2.6+0.0s
[160/1120]	[L1: 0.0309]	2.6+0.0s
[200/1120]	[L1: 0.0316]	2.6+0.0s
[240/1120]	[L1: 0.0313]	2.6+0.0s
[280/1120]	[L1: 0.0309]	2.6+0.0s
[320/1120]	[L1: 0.0306]	2.6+0.0s
[360/1120]	[L1: 0.0306]	2.6+0.0s
[400/1120]	[L1: 0.0308]	2.6+0.0s
[440/1120]	[L1: 0.0304]	2.6+0.0s
[480/1120]	[L1: 0.0298]	2.6+0.0s
[520/1120]	[L1: 0.0301]	2.7+0.0s
[560/1120]	[L1: 0.0300]	2.6+0.0s
[600/1120]	[L1: 0.0300]	2.6+0.0s
[640/1120]	[L1: 0.0299]	2.6+0.0s
[680/1120]	[L1: 0.0297]	2.6+0.0s
[720/1120]	[L1: 0.0298]	2.6+0.0s
[760/1120]	[L1: 0.0298]	2.6+0.0s
[800/1120]	[L1: 0.0300]	2.7+0.0s
[840/1120]	[L1: 0.0299]	2.6+0.0s
[880/1120]	[L1: 0.0298]	2.6+0.0s
[920/1120]	[L1: 0.0297]	2.6+0.0s
[960/1120]	[L1: 0.0296]	2.6+0.0s
[1000/1120]	[L1: 0.0296]	2.6+0.0s
[1040/1120]	[L1: 0.0297]	2.6+0.0s
[1080/1120]	[L1: 0.0297]	2.6+0.0s
[1120/1120]	[L1: 0.0296]	2.6+0.0s

Evaluation:
[RSSCN7 x4]	psnr: 27.864 (Best: 27.865 @epoch 343)
Total time: 24.73s

[Epoch 402]	Learning rate: 5.00e-5
[40/1120]	[L1: 0.0281]	2.7+0.0s
[80/1120]	[L1: 0.0318]	2.6+0.0s
[120/1120]	[L1: 0.0305]	2.6+0.0s
[160/1120]	[L1: 0.0312]	2.6+0.0s
[200/1120]	[L1: 0.0312]	2.6+0.0s
[240/1120]	[L1: 0.0313]	2.6+0.0s
[280/1120]	[L1: 0.0301]	2.6+0.0s
[320/1120]	[L1: 0.0308]	2.6+0.0s
[360/1120]	[L1: 0.0307]	2.6+0.0s
[400/1120]	[L1: 0.0304]	2.6+0.0s
[440/1120]	[L1: 0.0304]	2.6+0.0s
[480/1120]	[L1: 0.0303]	2.7+0.0s
[520/1120]	[L1: 0.0304]	2.6+0.0s
[560/1120]	[L1: 0.0304]	2.6+0.0s
[600/1120]	[L1: 0.0303]	2.6+0.0s
[640/1120]	[L1: 0.0301]	2.6+0.0s
[680/1120]	[L1: 0.0303]	2.7+0.0s
[720/1120]	[L1: 0.0301]	2.6+0.0s
[760/1120]	[L1: 0.0302]	2.6+0.0s
[800/1120]	[L1: 0.0302]	2.6+0.0s
[840/1120]	[L1: 0.0303]	2.6+0.0s
[880/1120]	[L1: 0.0300]	2.6+0.0s
[920/1120]	[L1: 0.0298]	2.7+0.0s
[960/1120]	[L1: 0.0297]	2.6+0.0s
[1000/1120]	[L1: 0.0297]	2.6+0.0s
[1040/1120]	[L1: 0.0296]	2.6+0.0s
[1080/1120]	[L1: 0.0296]	2.6+0.0s
[1120/1120]	[L1: 0.0296]	2.6+0.0s

Evaluation:
[RSSCN7 x4]	psnr: 27.867 (Best: 27.867 @epoch 402)
Total time: 25.57s

[Epoch 403]	Learning rate: 5.00e-5
[40/1120]	[L1: 0.0246]	2.6+0.0s
[80/1120]	[L1: 0.0262]	2.7+0.0s
[120/1120]	[L1: 0.0277]	2.6+0.0s
[160/1120]	[L1: 0.0288]	2.6+0.0s
[200/1120]	[L1: 0.0281]	2.6+0.0s
[240/1120]	[L1: 0.0282]	2.6+0.0s
[280/1120]	[L1: 0.0281]	2.6+0.0s
[320/1120]	[L1: 0.0283]	2.6+0.0s
[360/1120]	[L1: 0.0283]	2.7+0.0s
[400/1120]	[L1: 0.0286]	2.6+0.0s
[440/1120]	[L1: 0.0290]	2.6+0.0s
[480/1120]	[L1: 0.0290]	2.6+0.0s
[520/1120]	[L1: 0.0291]	2.7+0.0s
[560/1120]	[L1: 0.0294]	2.6+0.0s
[600/1120]	[L1: 0.0298]	2.6+0.0s
[640/1120]	[L1: 0.0296]	2.6+0.0s
[680/1120]	[L1: 0.0299]	2.6+0.0s
[720/1120]	[L1: 0.0301]	2.6+0.0s
[760/1120]	[L1: 0.0301]	2.6+0.0s
[800/1120]	[L1: 0.0301]	2.7+0.0s
[840/1120]	[L1: 0.0302]	2.6+0.0s
[880/1120]	[L1: 0.0300]	2.6+0.0s
[920/1120]	[L1: 0.0299]	2.6+0.0s
[960/1120]	[L1: 0.0298]	2.6+0.0s
[1000/1120]	[L1: 0.0297]	2.7+0.0s
[1040/1120]	[L1: 0.0295]	2.6+0.0s
[1080/1120]	[L1: 0.0295]	2.6+0.0s
[1120/1120]	[L1: 0.0297]	2.6+0.0s

Evaluation:
[RSSCN7 x4]	psnr: 27.858 (Best: 27.867 @epoch 402)
Total time: 25.42s

[Epoch 404]	Learning rate: 5.00e-5
[40/1120]	[L1: 0.0238]	2.7+0.0s
[80/1120]	[L1: 0.0268]	2.6+0.0s
[120/1120]	[L1: 0.0272]	2.6+0.0s
[160/1120]	[L1: 0.0266]	2.6+0.0s
[200/1120]	[L1: 0.0282]	2.6+0.0s
[240/1120]	[L1: 0.0290]	2.6+0.0s
[280/1120]	[L1: 0.0292]	2.6+0.0s
[320/1120]	[L1: 0.0294]	2.6+0.0s
[360/1120]	[L1: 0.0294]	2.6+0.0s
[400/1120]	[L1: 0.0298]	2.6+0.0s
[440/1120]	[L1: 0.0300]	2.6+0.0s
[480/1120]	[L1: 0.0298]	2.6+0.0s
[520/1120]	[L1: 0.0300]	2.6+0.0s
[560/1120]	[L1: 0.0298]	2.6+0.0s
[600/1120]	[L1: 0.0297]	2.6+0.0s
[640/1120]	[L1: 0.0296]	2.6+0.0s
[680/1120]	[L1: 0.0299]	2.6+0.0s
[720/1120]	[L1: 0.0300]	2.6+0.0s
[760/1120]	[L1: 0.0299]	2.6+0.0s
[800/1120]	[L1: 0.0299]	2.6+0.0s
[840/1120]	[L1: 0.0299]	2.6+0.0s
[880/1120]	[L1: 0.0297]	2.6+0.0s
[920/1120]	[L1: 0.0297]	2.7+0.0s
[960/1120]	[L1: 0.0296]	2.6+0.0s
[1000/1120]	[L1: 0.0296]	2.6+0.0s
[1040/1120]	[L1: 0.0297]	2.8+0.0s
[1080/1120]	[L1: 0.0296]	2.6+0.0s
[1120/1120]	[L1: 0.0296]	2.9+0.0s

Evaluation:
[RSSCN7 x4]	psnr: 27.858 (Best: 27.867 @epoch 402)
Total time: 26.47s

[Epoch 405]	Learning rate: 5.00e-5
[40/1120]	[L1: 0.0339]	2.6+0.0s
[80/1120]	[L1: 0.0303]	2.6+0.0s
[120/1120]	[L1: 0.0300]	2.6+0.0s
[160/1120]	[L1: 0.0296]	2.6+0.0s
[200/1120]	[L1: 0.0299]	2.6+0.0s
[240/1120]	[L1: 0.0297]	2.5+0.0s
[280/1120]	[L1: 0.0300]	2.6+0.0s
[320/1120]	[L1: 0.0298]	2.6+0.0s
[360/1120]	[L1: 0.0296]	2.7+0.0s
[400/1120]	[L1: 0.0297]	2.5+0.0s
[440/1120]	[L1: 0.0294]	2.6+0.0s
[480/1120]	[L1: 0.0296]	2.6+0.0s
[520/1120]	[L1: 0.0294]	2.6+0.0s
[560/1120]	[L1: 0.0298]	2.6+0.0s
[600/1120]	[L1: 0.0298]	2.6+0.0s
[640/1120]	[L1: 0.0298]	2.6+0.0s
[680/1120]	[L1: 0.0297]	2.6+0.0s
[720/1120]	[L1: 0.0299]	2.6+0.0s
[760/1120]	[L1: 0.0298]	2.6+0.0s
[800/1120]	[L1: 0.0299]	2.6+0.0s
[840/1120]	[L1: 0.0299]	2.6+0.0s
[880/1120]	[L1: 0.0297]	2.6+0.0s
[920/1120]	[L1: 0.0296]	2.6+0.0s
[960/1120]	[L1: 0.0295]	2.6+0.0s
[1000/1120]	[L1: 0.0296]	2.6+0.0s
[1040/1120]	[L1: 0.0295]	2.6+0.0s
[1080/1120]	[L1: 0.0295]	2.6+0.0s
[1120/1120]	[L1: 0.0295]	2.6+0.0s

Evaluation:
[RSSCN7 x4]	psnr: 27.868 (Best: 27.868 @epoch 405)
Total time: 25.42s

[Epoch 406]	Learning rate: 5.00e-5
[40/1120]	[L1: 0.0273]	2.7+0.0s
[80/1120]	[L1: 0.0295]	2.6+0.0s
[120/1120]	[L1: 0.0298]	2.6+0.0s
[160/1120]	[L1: 0.0302]	2.6+0.0s
[200/1120]	[L1: 0.0307]	2.6+0.0s
[240/1120]	[L1: 0.0305]	2.7+0.0s
[280/1120]	[L1: 0.0305]	2.6+0.0s
[320/1120]	[L1: 0.0305]	2.6+0.0s
[360/1120]	[L1: 0.0302]	2.6+0.0s
[400/1120]	[L1: 0.0301]	2.6+0.0s
[440/1120]	[L1: 0.0303]	2.6+0.0s
[480/1120]	[L1: 0.0305]	2.6+0.0s
[520/1120]	[L1: 0.0304]	2.6+0.0s
[560/1120]	[L1: 0.0302]	2.6+0.0s
[600/1120]	[L1: 0.0301]	2.6+0.0s
[640/1120]	[L1: 0.0302]	2.6+0.0s
[680/1120]	[L1: 0.0302]	2.7+0.0s
[720/1120]	[L1: 0.0303]	2.6+0.0s
[760/1120]	[L1: 0.0302]	2.6+0.0s
[800/1120]	[L1: 0.0299]	2.6+0.0s
[840/1120]	[L1: 0.0298]	2.6+0.0s
[880/1120]	[L1: 0.0298]	2.6+0.0s
[920/1120]	[L1: 0.0297]	2.6+0.0s
[960/1120]	[L1: 0.0295]	2.6+0.0s
[1000/1120]	[L1: 0.0294]	2.6+0.0s
[1040/1120]	[L1: 0.0294]	2.6+0.0s
[1080/1120]	[L1: 0.0294]	2.6+0.0s
[1120/1120]	[L1: 0.0296]	2.6+0.0s

Evaluation:
[RSSCN7 x4]	psnr: 27.866 (Best: 27.868 @epoch 405)
Total time: 25.95s

[Epoch 407]	Learning rate: 5.00e-5
[40/1120]	[L1: 0.0265]	2.6+0.0s
[80/1120]	[L1: 0.0276]	2.6+0.0s
[120/1120]	[L1: 0.0282]	2.7+0.0s
[160/1120]	[L1: 0.0283]	2.6+0.0s
[200/1120]	[L1: 0.0284]	2.6+0.0s
[240/1120]	[L1: 0.0286]	2.6+0.0s
[280/1120]	[L1: 0.0284]	2.6+0.0s
[320/1120]	[L1: 0.0286]	2.6+0.0s
[360/1120]	[L1: 0.0286]	2.6+0.0s
[400/1120]	[L1: 0.0286]	2.9+0.0s
[440/1120]	[L1: 0.0289]	2.6+0.0s
[480/1120]	[L1: 0.0287]	2.6+0.0s
[520/1120]	[L1: 0.0290]	2.6+0.0s
[560/1120]	[L1: 0.0291]	2.6+0.0s
[600/1120]	[L1: 0.0292]	2.6+0.0s
[640/1120]	[L1: 0.0291]	2.6+0.0s
[680/1120]	[L1: 0.0293]	2.6+0.0s
[720/1120]	[L1: 0.0291]	2.6+0.0s
[760/1120]	[L1: 0.0290]	2.6+0.0s
[800/1120]	[L1: 0.0291]	2.6+0.0s
[840/1120]	[L1: 0.0293]	2.7+0.0s
[880/1120]	[L1: 0.0294]	2.6+0.0s
[920/1120]	[L1: 0.0294]	2.6+0.0s
[960/1120]	[L1: 0.0295]	2.6+0.0s
[1000/1120]	[L1: 0.0295]	2.6+0.0s
[1040/1120]	[L1: 0.0295]	2.7+0.0s
[1080/1120]	[L1: 0.0295]	2.6+0.0s
[1120/1120]	[L1: 0.0295]	2.6+0.0s

Evaluation:
[RSSCN7 x4]	psnr: 27.861 (Best: 27.868 @epoch 405)
Total time: 24.29s

[Epoch 408]	Learning rate: 5.00e-5
[40/1120]	[L1: 0.0312]	2.6+0.1s
[80/1120]	[L1: 0.0294]	2.7+0.0s
[120/1120]	[L1: 0.0287]	2.6+0.0s
[160/1120]	[L1: 0.0285]	2.6+0.0s
[200/1120]	[L1: 0.0281]	2.6+0.0s
[240/1120]	[L1: 0.0288]	2.6+0.0s
[280/1120]	[L1: 0.0296]	2.6+0.0s
[320/1120]	[L1: 0.0296]	2.6+0.0s
[360/1120]	[L1: 0.0296]	2.6+0.0s
[400/1120]	[L1: 0.0296]	2.6+0.0s
[440/1120]	[L1: 0.0296]	2.6+0.0s
[480/1120]	[L1: 0.0297]	2.6+0.0s
[520/1120]	[L1: 0.0297]	2.6+0.0s
[560/1120]	[L1: 0.0299]	2.6+0.0s
[600/1120]	[L1: 0.0298]	2.6+0.0s
[640/1120]	[L1: 0.0299]	2.6+0.0s
[680/1120]	[L1: 0.0300]	2.6+0.0s
[720/1120]	[L1: 0.0301]	2.7+0.0s
[760/1120]	[L1: 0.0300]	2.6+0.0s
[800/1120]	[L1: 0.0301]	2.6+0.0s
[840/1120]	[L1: 0.0299]	2.6+0.0s
[880/1120]	[L1: 0.0299]	2.6+0.0s
[920/1120]	[L1: 0.0299]	2.6+0.0s
[960/1120]	[L1: 0.0299]	2.6+0.0s
[1000/1120]	[L1: 0.0298]	2.7+0.0s
[1040/1120]	[L1: 0.0298]	2.6+0.0s
[1080/1120]	[L1: 0.0296]	2.6+0.0s
[1120/1120]	[L1: 0.0296]	2.6+0.0s

Evaluation:
[RSSCN7 x4]	psnr: 27.865 (Best: 27.868 @epoch 405)
Total time: 24.63s

[Epoch 409]	Learning rate: 5.00e-5
[40/1120]	[L1: 0.0305]	2.8+0.0s
[80/1120]	[L1: 0.0287]	2.9+0.0s
[120/1120]	[L1: 0.0280]	3.2+0.0s
[160/1120]	[L1: 0.0286]	2.6+0.0s
[200/1120]	[L1: 0.0279]	2.7+0.0s
[240/1120]	[L1: 0.0285]	2.6+0.0s
[280/1120]	[L1: 0.0287]	2.6+0.0s
[320/1120]	[L1: 0.0285]	2.6+0.0s
[360/1120]	[L1: 0.0287]	2.6+0.0s
[400/1120]	[L1: 0.0289]	2.6+0.0s
[440/1120]	[L1: 0.0290]	2.7+0.0s
[480/1120]	[L1: 0.0290]	2.6+0.0s
[520/1120]	[L1: 0.0291]	2.6+0.0s
[560/1120]	[L1: 0.0294]	2.6+0.0s
[600/1120]	[L1: 0.0293]	2.6+0.0s
[640/1120]	[L1: 0.0294]	2.7+0.0s
[680/1120]	[L1: 0.0295]	2.6+0.0s
[720/1120]	[L1: 0.0297]	2.6+0.0s
[760/1120]	[L1: 0.0297]	2.8+0.0s
[800/1120]	[L1: 0.0298]	2.7+0.0s
[840/1120]	[L1: 0.0298]	2.6+0.0s
[880/1120]	[L1: 0.0299]	2.7+0.0s
[920/1120]	[L1: 0.0299]	2.6+0.0s
[960/1120]	[L1: 0.0300]	2.6+0.0s
[1000/1120]	[L1: 0.0300]	2.6+0.0s
[1040/1120]	[L1: 0.0299]	2.6+0.0s
[1080/1120]	[L1: 0.0297]	2.6+0.0s
[1120/1120]	[L1: 0.0295]	2.6+0.0s

Evaluation:
[RSSCN7 x4]	psnr: 27.851 (Best: 27.868 @epoch 405)
Total time: 25.22s

[Epoch 410]	Learning rate: 5.00e-5
[40/1120]	[L1: 0.0305]	2.6+0.0s
[80/1120]	[L1: 0.0289]	2.6+0.0s
[120/1120]	[L1: 0.0300]	2.6+0.0s
[160/1120]	[L1: 0.0287]	2.6+0.0s
[200/1120]	[L1: 0.0291]	2.6+0.0s
[240/1120]	[L1: 0.0297]	2.6+0.0s
[280/1120]	[L1: 0.0298]	2.6+0.0s
[320/1120]	[L1: 0.0297]	2.8+0.0s
[360/1120]	[L1: 0.0296]	2.6+0.0s
[400/1120]	[L1: 0.0296]	2.6+0.0s
[440/1120]	[L1: 0.0297]	2.6+0.0s
[480/1120]	[L1: 0.0297]	2.6+0.0s
[520/1120]	[L1: 0.0300]	2.6+0.0s
[560/1120]	[L1: 0.0300]	2.7+0.0s
[600/1120]	[L1: 0.0300]	2.6+0.0s
[640/1120]	[L1: 0.0299]	2.6+0.0s
[680/1120]	[L1: 0.0300]	2.6+0.0s
[720/1120]	[L1: 0.0298]	2.6+0.0s
[760/1120]	[L1: 0.0297]	2.7+0.0s
[800/1120]	[L1: 0.0296]	2.6+0.0s
[840/1120]	[L1: 0.0297]	2.6+0.0s
[880/1120]	[L1: 0.0296]	2.6+0.0s
[920/1120]	[L1: 0.0297]	2.6+0.0s
[960/1120]	[L1: 0.0297]	2.6+0.0s
[1000/1120]	[L1: 0.0298]	2.6+0.0s
[1040/1120]	[L1: 0.0297]	2.7+0.0s
[1080/1120]	[L1: 0.0296]	2.6+0.0s
[1120/1120]	[L1: 0.0296]	2.6+0.0s

Evaluation:
[RSSCN7 x4]	psnr: 27.866 (Best: 27.868 @epoch 405)
Total time: 24.64s

[Epoch 411]	Learning rate: 5.00e-5
[40/1120]	[L1: 0.0339]	2.9+0.0s
[80/1120]	[L1: 0.0313]	2.8+0.0s
[120/1120]	[L1: 0.0311]	2.6+0.0s
[160/1120]	[L1: 0.0305]	2.6+0.0s
[200/1120]	[L1: 0.0295]	2.6+0.0s
[240/1120]	[L1: 0.0295]	2.6+0.0s
[280/1120]	[L1: 0.0295]	2.6+0.0s
[320/1120]	[L1: 0.0295]	2.6+0.0s
[360/1120]	[L1: 0.0298]	2.6+0.0s
[400/1120]	[L1: 0.0303]	2.6+0.0s
[440/1120]	[L1: 0.0304]	2.6+0.0s
[480/1120]	[L1: 0.0302]	2.7+0.0s
[520/1120]	[L1: 0.0301]	2.6+0.0s
[560/1120]	[L1: 0.0300]	2.7+0.0s
[600/1120]	[L1: 0.0300]	2.6+0.0s
[640/1120]	[L1: 0.0299]	2.6+0.0s
[680/1120]	[L1: 0.0297]	2.6+0.0s
[720/1120]	[L1: 0.0299]	2.6+0.0s
[760/1120]	[L1: 0.0298]	2.6+0.0s
[800/1120]	[L1: 0.0298]	2.6+0.0s
[840/1120]	[L1: 0.0298]	2.6+0.0s
[880/1120]	[L1: 0.0298]	2.6+0.0s
[920/1120]	[L1: 0.0299]	2.6+0.0s
[960/1120]	[L1: 0.0298]	2.6+0.0s
[1000/1120]	[L1: 0.0298]	2.6+0.0s
[1040/1120]	[L1: 0.0297]	2.6+0.0s
[1080/1120]	[L1: 0.0297]	2.6+0.0s
[1120/1120]	[L1: 0.0296]	2.6+0.0s

Evaluation:
[RSSCN7 x4]	psnr: 27.863 (Best: 27.868 @epoch 405)
Total time: 25.33s

[Epoch 412]	Learning rate: 5.00e-5
[40/1120]	[L1: 0.0299]	2.6+0.0s
[80/1120]	[L1: 0.0308]	2.6+0.0s
[120/1120]	[L1: 0.0312]	2.6+0.0s
[160/1120]	[L1: 0.0312]	2.6+0.0s
[200/1120]	[L1: 0.0311]	2.6+0.0s
[240/1120]	[L1: 0.0309]	2.6+0.0s
[280/1120]	[L1: 0.0309]	2.6+0.0s
[320/1120]	[L1: 0.0304]	2.6+0.0s
[360/1120]	[L1: 0.0300]	2.6+0.0s
[400/1120]	[L1: 0.0298]	2.6+0.0s
[440/1120]	[L1: 0.0297]	2.6+0.0s
[480/1120]	[L1: 0.0298]	2.7+0.0s
[520/1120]	[L1: 0.0296]	2.6+0.0s
[560/1120]	[L1: 0.0296]	2.6+0.0s
[600/1120]	[L1: 0.0295]	2.6+0.0s
[640/1120]	[L1: 0.0294]	2.6+0.0s
[680/1120]	[L1: 0.0294]	2.6+0.0s
[720/1120]	[L1: 0.0295]	2.7+0.0s
[760/1120]	[L1: 0.0295]	2.6+0.0s
[800/1120]	[L1: 0.0296]	2.6+0.0s
[840/1120]	[L1: 0.0296]	2.6+0.0s
[880/1120]	[L1: 0.0296]	2.6+0.0s
[920/1120]	[L1: 0.0297]	2.7+0.0s
[960/1120]	[L1: 0.0297]	2.6+0.0s
[1000/1120]	[L1: 0.0296]	2.6+0.0s
[1040/1120]	[L1: 0.0294]	2.6+0.0s
[1080/1120]	[L1: 0.0295]	2.6+0.0s
[1120/1120]	[L1: 0.0295]	2.6+0.0s

Evaluation:
[RSSCN7 x4]	psnr: 27.865 (Best: 27.868 @epoch 405)
Total time: 24.81s

[Epoch 413]	Learning rate: 5.00e-5
[40/1120]	[L1: 0.0306]	2.6+0.0s
[80/1120]	[L1: 0.0302]	2.6+0.0s
[120/1120]	[L1: 0.0306]	2.6+0.0s
[160/1120]	[L1: 0.0305]	2.6+0.0s
[200/1120]	[L1: 0.0307]	2.6+0.0s
[240/1120]	[L1: 0.0309]	2.6+0.0s
[280/1120]	[L1: 0.0304]	2.6+0.0s
[320/1120]	[L1: 0.0304]	2.6+0.0s
[360/1120]	[L1: 0.0304]	2.6+0.0s
[400/1120]	[L1: 0.0302]	2.6+0.0s
[440/1120]	[L1: 0.0301]	2.6+0.0s
[480/1120]	[L1: 0.0299]	2.6+0.0s
[520/1120]	[L1: 0.0299]	2.6+0.0s
[560/1120]	[L1: 0.0299]	2.6+0.0s
[600/1120]	[L1: 0.0300]	2.6+0.0s
[640/1120]	[L1: 0.0298]	2.6+0.0s
[680/1120]	[L1: 0.0299]	2.6+0.0s
[720/1120]	[L1: 0.0298]	2.6+0.0s
[760/1120]	[L1: 0.0298]	2.6+0.0s
[800/1120]	[L1: 0.0297]	2.6+0.0s
[840/1120]	[L1: 0.0297]	2.6+0.0s
[880/1120]	[L1: 0.0296]	2.7+0.0s
[920/1120]	[L1: 0.0295]	2.6+0.0s
[960/1120]	[L1: 0.0293]	2.6+0.0s
[1000/1120]	[L1: 0.0294]	2.6+0.0s
[1040/1120]	[L1: 0.0294]	2.6+0.0s
[1080/1120]	[L1: 0.0295]	2.6+0.0s
[1120/1120]	[L1: 0.0296]	2.7+0.0s

Evaluation:
[RSSCN7 x4]	psnr: 27.870 (Best: 27.870 @epoch 413)
Total time: 25.27s

[Epoch 414]	Learning rate: 5.00e-5
[40/1120]	[L1: 0.0252]	2.6+0.1s
[80/1120]	[L1: 0.0270]	2.6+0.0s
[120/1120]	[L1: 0.0295]	2.7+0.0s
[160/1120]	[L1: 0.0297]	2.6+0.0s
[200/1120]	[L1: 0.0294]	2.6+0.0s
[240/1120]	[L1: 0.0299]	2.6+0.0s
[280/1120]	[L1: 0.0300]	2.6+0.0s
[320/1120]	[L1: 0.0302]	2.6+0.0s
[360/1120]	[L1: 0.0305]	2.7+0.0s
[400/1120]	[L1: 0.0301]	2.6+0.0s
[440/1120]	[L1: 0.0302]	2.6+0.0s
[480/1120]	[L1: 0.0299]	2.6+0.0s
[520/1120]	[L1: 0.0301]	2.6+0.0s
[560/1120]	[L1: 0.0301]	2.7+0.0s
[600/1120]	[L1: 0.0299]	2.6+0.0s
[640/1120]	[L1: 0.0298]	2.6+0.0s
[680/1120]	[L1: 0.0297]	2.6+0.0s
[720/1120]	[L1: 0.0295]	2.6+0.0s
[760/1120]	[L1: 0.0296]	2.6+0.0s
[800/1120]	[L1: 0.0299]	2.6+0.0s
[840/1120]	[L1: 0.0297]	2.6+0.0s
[880/1120]	[L1: 0.0297]	2.6+0.0s
[920/1120]	[L1: 0.0298]	2.6+0.0s
[960/1120]	[L1: 0.0297]	2.6+0.0s
[1000/1120]	[L1: 0.0296]	2.7+0.0s
[1040/1120]	[L1: 0.0295]	2.8+0.0s
[1080/1120]	[L1: 0.0295]	2.6+0.0s
[1120/1120]	[L1: 0.0295]	2.6+0.0s

Evaluation:
[RSSCN7 x4]	psnr: 27.854 (Best: 27.870 @epoch 413)
Total time: 25.32s

[Epoch 415]	Learning rate: 5.00e-5
[40/1120]	[L1: 0.0327]	2.7+0.0s
[80/1120]	[L1: 0.0307]	2.6+0.0s
[120/1120]	[L1: 0.0282]	2.6+0.0s
[160/1120]	[L1: 0.0303]	2.6+0.0s
[200/1120]	[L1: 0.0295]	2.6+0.0s
[240/1120]	[L1: 0.0294]	2.6+0.0s
[280/1120]	[L1: 0.0301]	2.6+0.0s
[320/1120]	[L1: 0.0299]	2.6+0.0s
[360/1120]	[L1: 0.0300]	2.6+0.0s
[400/1120]	[L1: 0.0299]	2.6+0.0s
[440/1120]	[L1: 0.0299]	2.6+0.0s
[480/1120]	[L1: 0.0300]	2.6+0.0s
[520/1120]	[L1: 0.0300]	2.7+0.0s
[560/1120]	[L1: 0.0303]	2.6+0.0s
[600/1120]	[L1: 0.0302]	2.6+0.0s
[640/1120]	[L1: 0.0301]	2.6+0.0s
[680/1120]	[L1: 0.0299]	2.6+0.0s
[720/1120]	[L1: 0.0298]	2.6+0.0s
[760/1120]	[L1: 0.0299]	2.6+0.0s
[800/1120]	[L1: 0.0298]	2.6+0.0s
[840/1120]	[L1: 0.0296]	2.6+0.0s
[880/1120]	[L1: 0.0294]	2.6+0.0s
[920/1120]	[L1: 0.0294]	2.6+0.0s
[960/1120]	[L1: 0.0295]	2.7+0.0s
[1000/1120]	[L1: 0.0295]	2.6+0.0s
[1040/1120]	[L1: 0.0295]	2.6+0.0s
[1080/1120]	[L1: 0.0296]	2.6+0.0s
[1120/1120]	[L1: 0.0295]	2.6+0.0s

Evaluation:
[RSSCN7 x4]	psnr: 27.858 (Best: 27.870 @epoch 413)
Total time: 25.86s

[Epoch 416]	Learning rate: 5.00e-5
[40/1120]	[L1: 0.0319]	2.6+0.0s
[80/1120]	[L1: 0.0291]	2.6+0.0s
[120/1120]	[L1: 0.0291]	2.6+0.0s
[160/1120]	[L1: 0.0298]	2.7+0.0s
[200/1120]	[L1: 0.0294]	2.6+0.0s
[240/1120]	[L1: 0.0294]	2.6+0.0s
[280/1120]	[L1: 0.0295]	2.6+0.0s
[320/1120]	[L1: 0.0295]	2.6+0.0s
[360/1120]	[L1: 0.0299]	2.6+0.0s
[400/1120]	[L1: 0.0297]	2.6+0.0s
[440/1120]	[L1: 0.0298]	2.6+0.0s
[480/1120]	[L1: 0.0299]	2.6+0.0s
[520/1120]	[L1: 0.0299]	2.6+0.0s
[560/1120]	[L1: 0.0298]	2.6+0.0s
[600/1120]	[L1: 0.0296]	2.7+0.0s
[640/1120]	[L1: 0.0295]	2.6+0.0s
[680/1120]	[L1: 0.0294]	2.6+0.0s
[720/1120]	[L1: 0.0296]	2.6+0.0s
[760/1120]	[L1: 0.0297]	2.6+0.0s
[800/1120]	[L1: 0.0296]	2.6+0.0s
[840/1120]	[L1: 0.0296]	2.6+0.0s
[880/1120]	[L1: 0.0296]	2.7+0.0s
[920/1120]	[L1: 0.0296]	2.6+0.0s
[960/1120]	[L1: 0.0296]	2.6+0.0s
[1000/1120]	[L1: 0.0298]	2.6+0.0s
[1040/1120]	[L1: 0.0297]	2.7+0.0s
[1080/1120]	[L1: 0.0296]	2.6+0.0s
[1120/1120]	[L1: 0.0296]	2.6+0.0s

Evaluation:
[RSSCN7 x4]	psnr: 27.863 (Best: 27.870 @epoch 413)
Total time: 25.84s

[Epoch 417]	Learning rate: 5.00e-5
[40/1120]	[L1: 0.0333]	2.6+0.0s
[80/1120]	[L1: 0.0311]	2.7+0.0s
[120/1120]	[L1: 0.0303]	2.6+0.0s
[160/1120]	[L1: 0.0298]	2.6+0.0s
[200/1120]	[L1: 0.0299]	2.6+0.0s
[240/1120]	[L1: 0.0295]	2.6+0.0s
[280/1120]	[L1: 0.0291]	2.6+0.0s
[320/1120]	[L1: 0.0289]	2.6+0.0s
[360/1120]	[L1: 0.0286]	2.7+0.0s
[400/1120]	[L1: 0.0292]	2.6+0.0s
[440/1120]	[L1: 0.0291]	2.6+0.0s
[480/1120]	[L1: 0.0291]	2.6+0.0s
[520/1120]	[L1: 0.0291]	2.6+0.0s
[560/1120]	[L1: 0.0294]	2.6+0.0s
[600/1120]	[L1: 0.0292]	2.6+0.0s
[640/1120]	[L1: 0.0292]	2.6+0.0s
[680/1120]	[L1: 0.0294]	2.6+0.0s
[720/1120]	[L1: 0.0296]	2.6+0.0s
[760/1120]	[L1: 0.0298]	2.6+0.0s
[800/1120]	[L1: 0.0298]	2.6+0.0s
[840/1120]	[L1: 0.0297]	2.6+0.0s
[880/1120]	[L1: 0.0296]	2.6+0.0s
[920/1120]	[L1: 0.0294]	2.6+0.0s
[960/1120]	[L1: 0.0295]	2.6+0.0s
[1000/1120]	[L1: 0.0292]	2.6+0.0s
[1040/1120]	[L1: 0.0293]	2.6+0.0s
[1080/1120]	[L1: 0.0295]	2.6+0.0s
[1120/1120]	[L1: 0.0296]	2.6+0.0s

Evaluation:
[RSSCN7 x4]	psnr: 27.847 (Best: 27.870 @epoch 413)
Total time: 26.89s

[Epoch 418]	Learning rate: 5.00e-5
[40/1120]	[L1: 0.0305]	2.7+0.0s
[80/1120]	[L1: 0.0297]	2.6+0.0s
[120/1120]	[L1: 0.0311]	2.6+0.0s
[160/1120]	[L1: 0.0308]	2.6+0.0s
[200/1120]	[L1: 0.0312]	2.6+0.0s
[240/1120]	[L1: 0.0305]	2.6+0.0s
[280/1120]	[L1: 0.0304]	2.7+0.0s
[320/1120]	[L1: 0.0296]	2.6+0.0s
[360/1120]	[L1: 0.0295]	2.6+0.0s
[400/1120]	[L1: 0.0298]	2.6+0.0s
[440/1120]	[L1: 0.0303]	2.6+0.0s
[480/1120]	[L1: 0.0301]	2.7+0.0s
[520/1120]	[L1: 0.0304]	2.6+0.0s
[560/1120]	[L1: 0.0304]	2.6+0.0s
[600/1120]	[L1: 0.0302]	2.6+0.0s
[640/1120]	[L1: 0.0300]	2.6+0.0s
[680/1120]	[L1: 0.0300]	2.6+0.0s
[720/1120]	[L1: 0.0300]	2.7+0.0s
[760/1120]	[L1: 0.0299]	2.6+0.0s
[800/1120]	[L1: 0.0297]	2.6+0.0s
[840/1120]	[L1: 0.0296]	2.6+0.0s
[880/1120]	[L1: 0.0295]	2.6+0.0s
[920/1120]	[L1: 0.0297]	2.7+0.0s
[960/1120]	[L1: 0.0297]	2.6+0.0s
[1000/1120]	[L1: 0.0296]	2.6+0.0s
[1040/1120]	[L1: 0.0295]	2.6+0.0s
[1080/1120]	[L1: 0.0295]	2.6+0.0s
[1120/1120]	[L1: 0.0295]	2.6+0.0s

Evaluation:
[RSSCN7 x4]	psnr: 27.856 (Best: 27.870 @epoch 413)
Total time: 25.35s

[Epoch 419]	Learning rate: 5.00e-5
[40/1120]	[L1: 0.0358]	2.6+0.0s
[80/1120]	[L1: 0.0330]	2.6+0.0s
[120/1120]	[L1: 0.0318]	2.6+0.0s
[160/1120]	[L1: 0.0313]	2.6+0.0s
[200/1120]	[L1: 0.0310]	2.6+0.0s
[240/1120]	[L1: 0.0309]	2.6+0.0s
[280/1120]	[L1: 0.0306]	2.6+0.0s
[320/1120]	[L1: 0.0303]	2.6+0.0s
[360/1120]	[L1: 0.0302]	2.6+0.0s
[400/1120]	[L1: 0.0302]	2.6+0.0s
[440/1120]	[L1: 0.0300]	2.7+0.0s
[480/1120]	[L1: 0.0301]	2.6+0.0s
[520/1120]	[L1: 0.0299]	2.6+0.0s
[560/1120]	[L1: 0.0296]	2.6+0.0s
[600/1120]	[L1: 0.0297]	2.6+0.0s
[640/1120]	[L1: 0.0298]	2.6+0.0s
[680/1120]	[L1: 0.0296]	2.6+0.0s
[720/1120]	[L1: 0.0298]	2.6+0.0s
[760/1120]	[L1: 0.0299]	2.6+0.0s
[800/1120]	[L1: 0.0298]	2.6+0.0s
[840/1120]	[L1: 0.0297]	2.6+0.0s
[880/1120]	[L1: 0.0298]	2.7+0.0s
[920/1120]	[L1: 0.0299]	2.6+0.0s
[960/1120]	[L1: 0.0299]	2.6+0.0s
[1000/1120]	[L1: 0.0299]	2.6+0.0s
[1040/1120]	[L1: 0.0297]	2.6+0.0s
[1080/1120]	[L1: 0.0296]	2.7+0.0s
[1120/1120]	[L1: 0.0296]	2.6+0.0s

Evaluation:
[RSSCN7 x4]	psnr: 27.862 (Best: 27.870 @epoch 413)
Total time: 25.08s

[Epoch 420]	Learning rate: 5.00e-5
[40/1120]	[L1: 0.0270]	3.3+0.0s
[80/1120]	[L1: 0.0307]	3.4+0.0s
[120/1120]	[L1: 0.0312]	2.8+0.0s
[160/1120]	[L1: 0.0314]	2.6+0.0s
[200/1120]	[L1: 0.0305]	2.6+0.0s
[240/1120]	[L1: 0.0301]	2.6+0.0s
[280/1120]	[L1: 0.0300]	2.6+0.0s
[320/1120]	[L1: 0.0296]	2.7+0.0s
[360/1120]	[L1: 0.0297]	2.6+0.0s
[400/1120]	[L1: 0.0298]	2.6+0.0s
[440/1120]	[L1: 0.0301]	2.6+0.0s
[480/1120]	[L1: 0.0298]	2.6+0.0s
[520/1120]	[L1: 0.0301]	2.6+0.0s
[560/1120]	[L1: 0.0303]	2.6+0.0s
[600/1120]	[L1: 0.0303]	2.6+0.0s
[640/1120]	[L1: 0.0302]	2.6+0.0s
[680/1120]	[L1: 0.0301]	2.6+0.0s
[720/1120]	[L1: 0.0301]	2.6+0.0s
[760/1120]	[L1: 0.0301]	2.6+0.0s
[800/1120]	[L1: 0.0299]	2.7+0.0s
[840/1120]	[L1: 0.0298]	2.6+0.0s
[880/1120]	[L1: 0.0298]	2.6+0.0s
[920/1120]	[L1: 0.0297]	2.6+0.0s
[960/1120]	[L1: 0.0296]	2.6+0.0s
[1000/1120]	[L1: 0.0298]	2.6+0.0s
[1040/1120]	[L1: 0.0297]	2.6+0.0s
[1080/1120]	[L1: 0.0296]	2.6+0.0s
[1120/1120]	[L1: 0.0295]	2.6+0.0s

Evaluation:
[RSSCN7 x4]	psnr: 27.858 (Best: 27.870 @epoch 413)
Total time: 25.79s

[Epoch 421]	Learning rate: 5.00e-5
[40/1120]	[L1: 0.0279]	2.7+0.0s
[80/1120]	[L1: 0.0279]	2.6+0.0s
[120/1120]	[L1: 0.0304]	2.6+0.0s
[160/1120]	[L1: 0.0304]	2.6+0.0s
[200/1120]	[L1: 0.0297]	2.6+0.0s
[240/1120]	[L1: 0.0293]	2.6+0.0s
[280/1120]	[L1: 0.0296]	2.7+0.0s
[320/1120]	[L1: 0.0295]	2.6+0.0s
[360/1120]	[L1: 0.0295]	2.6+0.0s
[400/1120]	[L1: 0.0294]	2.6+0.0s
[440/1120]	[L1: 0.0293]	2.6+0.0s
[480/1120]	[L1: 0.0294]	2.7+0.0s
[520/1120]	[L1: 0.0290]	2.6+0.0s
[560/1120]	[L1: 0.0292]	2.6+0.0s
[600/1120]	[L1: 0.0292]	2.6+0.0s
[640/1120]	[L1: 0.0294]	2.6+0.0s
[680/1120]	[L1: 0.0296]	2.6+0.0s
[720/1120]	[L1: 0.0296]	2.6+0.0s
[760/1120]	[L1: 0.0295]	2.7+0.0s
[800/1120]	[L1: 0.0294]	2.6+0.0s
[840/1120]	[L1: 0.0294]	2.6+0.0s
[880/1120]	[L1: 0.0294]	2.6+0.0s
[920/1120]	[L1: 0.0295]	2.7+0.0s
[960/1120]	[L1: 0.0295]	2.6+0.0s
[1000/1120]	[L1: 0.0296]	2.6+0.0s
[1040/1120]	[L1: 0.0296]	2.6+0.0s
[1080/1120]	[L1: 0.0295]	2.6+0.0s
[1120/1120]	[L1: 0.0296]	2.6+0.0s

Evaluation:
[RSSCN7 x4]	psnr: 27.866 (Best: 27.870 @epoch 413)
Total time: 25.35s

[Epoch 422]	Learning rate: 5.00e-5
[40/1120]	[L1: 0.0333]	2.8+0.0s
[80/1120]	[L1: 0.0290]	2.8+0.0s
[120/1120]	[L1: 0.0290]	2.6+0.0s
[160/1120]	[L1: 0.0283]	2.6+0.0s
[200/1120]	[L1: 0.0290]	2.6+0.0s
[240/1120]	[L1: 0.0284]	2.6+0.0s
[280/1120]	[L1: 0.0285]	2.6+0.0s
[320/1120]	[L1: 0.0286]	2.6+0.0s
[360/1120]	[L1: 0.0292]	2.6+0.0s
[400/1120]	[L1: 0.0299]	2.6+0.0s
[440/1120]	[L1: 0.0302]	2.6+0.0s
[480/1120]	[L1: 0.0303]	2.6+0.0s
[520/1120]	[L1: 0.0302]	2.6+0.0s
[560/1120]	[L1: 0.0298]	2.6+0.0s
[600/1120]	[L1: 0.0295]	2.6+0.0s
[640/1120]	[L1: 0.0294]	2.6+0.0s
[680/1120]	[L1: 0.0295]	2.6+0.0s
[720/1120]	[L1: 0.0295]	2.6+0.0s
[760/1120]	[L1: 0.0294]	2.6+0.0s
[800/1120]	[L1: 0.0296]	2.6+0.0s
[840/1120]	[L1: 0.0294]	2.6+0.0s
[880/1120]	[L1: 0.0294]	2.6+0.0s
[920/1120]	[L1: 0.0294]	2.7+0.0s
[960/1120]	[L1: 0.0295]	2.6+0.0s
[1000/1120]	[L1: 0.0296]	2.6+0.0s
[1040/1120]	[L1: 0.0297]	2.6+0.0s
[1080/1120]	[L1: 0.0296]	2.6+0.0s
[1120/1120]	[L1: 0.0297]	2.6+0.0s

Evaluation:
[RSSCN7 x4]	psnr: 27.861 (Best: 27.870 @epoch 413)
Total time: 25.09s

[Epoch 423]	Learning rate: 5.00e-5
[40/1120]	[L1: 0.0299]	2.6+0.1s
[80/1120]	[L1: 0.0302]	2.6+0.0s
[120/1120]	[L1: 0.0299]	2.6+0.0s
[160/1120]	[L1: 0.0299]	2.6+0.0s
[200/1120]	[L1: 0.0299]	2.7+0.0s
[240/1120]	[L1: 0.0294]	2.6+0.0s
[280/1120]	[L1: 0.0297]	2.6+0.0s
[320/1120]	[L1: 0.0305]	2.6+0.0s
[360/1120]	[L1: 0.0304]	2.6+0.0s
[400/1120]	[L1: 0.0304]	2.7+0.0s
[440/1120]	[L1: 0.0302]	2.6+0.0s
[480/1120]	[L1: 0.0304]	2.6+0.0s
[520/1120]	[L1: 0.0301]	2.6+0.0s
[560/1120]	[L1: 0.0302]	2.6+0.0s
[600/1120]	[L1: 0.0303]	2.6+0.0s
[640/1120]	[L1: 0.0301]	2.6+0.0s
[680/1120]	[L1: 0.0300]	2.7+0.0s
[720/1120]	[L1: 0.0300]	2.6+0.0s
[760/1120]	[L1: 0.0297]	2.6+0.0s
[800/1120]	[L1: 0.0297]	2.6+0.0s
[840/1120]	[L1: 0.0297]	2.6+0.0s
[880/1120]	[L1: 0.0298]	2.6+0.0s
[920/1120]	[L1: 0.0298]	2.6+0.0s
[960/1120]	[L1: 0.0297]	2.6+0.0s
[1000/1120]	[L1: 0.0297]	2.6+0.0s
[1040/1120]	[L1: 0.0297]	2.6+0.0s
[1080/1120]	[L1: 0.0297]	2.6+0.0s
[1120/1120]	[L1: 0.0296]	2.6+0.0s

Evaluation:
[RSSCN7 x4]	psnr: 27.861 (Best: 27.870 @epoch 413)
Total time: 24.69s

[Epoch 424]	Learning rate: 5.00e-5
[40/1120]	[L1: 0.0261]	2.6+0.0s
[80/1120]	[L1: 0.0287]	2.6+0.0s
[120/1120]	[L1: 0.0285]	2.6+0.0s
[160/1120]	[L1: 0.0288]	2.7+0.0s
[200/1120]	[L1: 0.0290]	2.6+0.0s
[240/1120]	[L1: 0.0292]	2.6+0.0s
[280/1120]	[L1: 0.0297]	2.6+0.0s
[320/1120]	[L1: 0.0297]	2.6+0.0s
[360/1120]	[L1: 0.0297]	2.7+0.0s
[400/1120]	[L1: 0.0297]	2.6+0.0s
[440/1120]	[L1: 0.0294]	2.6+0.0s
[480/1120]	[L1: 0.0295]	2.8+0.0s
[520/1120]	[L1: 0.0291]	2.8+0.0s
[560/1120]	[L1: 0.0293]	2.7+0.0s
[600/1120]	[L1: 0.0292]	2.7+0.0s
[640/1120]	[L1: 0.0291]	2.6+0.0s
[680/1120]	[L1: 0.0290]	2.6+0.0s
[720/1120]	[L1: 0.0293]	2.6+0.0s
[760/1120]	[L1: 0.0295]	2.6+0.0s
[800/1120]	[L1: 0.0294]	2.7+0.0s
[840/1120]	[L1: 0.0294]	2.6+0.0s
[880/1120]	[L1: 0.0295]	2.6+0.0s
[920/1120]	[L1: 0.0294]	2.6+0.0s
[960/1120]	[L1: 0.0295]	2.6+0.0s
[1000/1120]	[L1: 0.0296]	2.6+0.0s
[1040/1120]	[L1: 0.0298]	2.7+0.0s
[1080/1120]	[L1: 0.0297]	2.6+0.0s
[1120/1120]	[L1: 0.0296]	2.6+0.0s

Evaluation:
[RSSCN7 x4]	psnr: 27.866 (Best: 27.870 @epoch 413)
Total time: 24.65s

[Epoch 425]	Learning rate: 5.00e-5
[40/1120]	[L1: 0.0280]	2.6+0.0s
[80/1120]	[L1: 0.0289]	2.7+0.0s
[120/1120]	[L1: 0.0304]	2.6+0.0s
[160/1120]	[L1: 0.0303]	2.6+0.0s
[200/1120]	[L1: 0.0300]	2.6+0.0s
[240/1120]	[L1: 0.0302]	2.7+0.0s
[280/1120]	[L1: 0.0301]	2.6+0.0s
[320/1120]	[L1: 0.0306]	2.6+0.0s
[360/1120]	[L1: 0.0304]	2.6+0.0s
[400/1120]	[L1: 0.0300]	2.6+0.0s
[440/1120]	[L1: 0.0300]	2.6+0.0s
[480/1120]	[L1: 0.0300]	2.6+0.0s
[520/1120]	[L1: 0.0298]	2.7+0.0s
[560/1120]	[L1: 0.0297]	2.6+0.0s
[600/1120]	[L1: 0.0298]	2.6+0.0s
[640/1120]	[L1: 0.0300]	2.6+0.0s
[680/1120]	[L1: 0.0301]	2.6+0.0s
[720/1120]	[L1: 0.0300]	2.7+0.0s
[760/1120]	[L1: 0.0299]	2.6+0.0s
[800/1120]	[L1: 0.0299]	2.6+0.0s
[840/1120]	[L1: 0.0299]	2.6+0.0s
[880/1120]	[L1: 0.0298]	2.6+0.0s
[920/1120]	[L1: 0.0297]	2.6+0.0s
[960/1120]	[L1: 0.0296]	2.7+0.0s
[1000/1120]	[L1: 0.0295]	2.6+0.0s
[1040/1120]	[L1: 0.0295]	2.6+0.0s
[1080/1120]	[L1: 0.0295]	2.6+0.0s
[1120/1120]	[L1: 0.0295]	2.6+0.0s

Evaluation:
[RSSCN7 x4]	psnr: 27.864 (Best: 27.870 @epoch 413)
Total time: 25.23s

[Epoch 426]	Learning rate: 5.00e-5
[40/1120]	[L1: 0.0279]	3.3+0.0s
[80/1120]	[L1: 0.0294]	2.7+0.0s
[120/1120]	[L1: 0.0288]	2.6+0.0s
[160/1120]	[L1: 0.0293]	2.7+0.0s
[200/1120]	[L1: 0.0287]	2.6+0.0s
[240/1120]	[L1: 0.0297]	2.6+0.0s
[280/1120]	[L1: 0.0301]	2.6+0.0s
[320/1120]	[L1: 0.0298]	2.6+0.0s
[360/1120]	[L1: 0.0297]	2.6+0.0s
[400/1120]	[L1: 0.0295]	2.6+0.0s
[440/1120]	[L1: 0.0296]	2.6+0.0s
[480/1120]	[L1: 0.0298]	2.6+0.0s
[520/1120]	[L1: 0.0298]	2.8+0.0s
[560/1120]	[L1: 0.0300]	2.8+0.0s
[600/1120]	[L1: 0.0301]	2.9+0.0s
[640/1120]	[L1: 0.0299]	2.7+0.0s
[680/1120]	[L1: 0.0296]	2.6+0.0s
[720/1120]	[L1: 0.0295]	2.6+0.0s
[760/1120]	[L1: 0.0299]	2.6+0.0s
[800/1120]	[L1: 0.0299]	2.6+0.0s
[840/1120]	[L1: 0.0299]	2.6+0.0s
[880/1120]	[L1: 0.0296]	2.7+0.0s
[920/1120]	[L1: 0.0297]	2.6+0.0s
[960/1120]	[L1: 0.0296]	2.6+0.0s
[1000/1120]	[L1: 0.0294]	2.6+0.0s
[1040/1120]	[L1: 0.0295]	2.6+0.0s
[1080/1120]	[L1: 0.0295]	2.7+0.0s
[1120/1120]	[L1: 0.0295]	2.6+0.0s

Evaluation:
[RSSCN7 x4]	psnr: 27.864 (Best: 27.870 @epoch 413)
Total time: 25.70s

[Epoch 427]	Learning rate: 5.00e-5
[40/1120]	[L1: 0.0295]	2.6+0.0s
[80/1120]	[L1: 0.0282]	2.6+0.0s
[120/1120]	[L1: 0.0287]	2.6+0.0s
[160/1120]	[L1: 0.0294]	2.6+0.0s
[200/1120]	[L1: 0.0293]	2.6+0.0s
[240/1120]	[L1: 0.0291]	2.6+0.0s
[280/1120]	[L1: 0.0287]	2.6+0.0s
[320/1120]	[L1: 0.0291]	2.6+0.0s
[360/1120]	[L1: 0.0286]	2.6+0.0s
[400/1120]	[L1: 0.0291]	2.6+0.0s
[440/1120]	[L1: 0.0293]	2.6+0.0s
[480/1120]	[L1: 0.0290]	2.6+0.0s
[520/1120]	[L1: 0.0292]	2.6+0.0s
[560/1120]	[L1: 0.0291]	2.6+0.0s
[600/1120]	[L1: 0.0291]	2.6+0.0s
[640/1120]	[L1: 0.0294]	2.6+0.0s
[680/1120]	[L1: 0.0293]	2.6+0.0s
[720/1120]	[L1: 0.0291]	2.6+0.0s
[760/1120]	[L1: 0.0293]	2.7+0.0s
[800/1120]	[L1: 0.0296]	2.8+0.0s
[840/1120]	[L1: 0.0295]	2.6+0.0s
[880/1120]	[L1: 0.0295]	2.6+0.0s
[920/1120]	[L1: 0.0296]	2.6+0.0s
[960/1120]	[L1: 0.0295]	2.7+0.0s
[1000/1120]	[L1: 0.0294]	2.6+0.0s
[1040/1120]	[L1: 0.0294]	2.6+0.0s
[1080/1120]	[L1: 0.0294]	2.6+0.0s
[1120/1120]	[L1: 0.0294]	2.6+0.0s

Evaluation:
[RSSCN7 x4]	psnr: 27.857 (Best: 27.870 @epoch 413)
Total time: 24.86s

[Epoch 428]	Learning rate: 5.00e-5
[40/1120]	[L1: 0.0273]	2.6+0.0s
[80/1120]	[L1: 0.0301]	2.6+0.0s
[120/1120]	[L1: 0.0296]	2.6+0.0s
[160/1120]	[L1: 0.0285]	2.6+0.0s
[200/1120]	[L1: 0.0285]	2.6+0.0s
[240/1120]	[L1: 0.0285]	2.6+0.0s
[280/1120]	[L1: 0.0286]	2.6+0.0s
[320/1120]	[L1: 0.0285]	2.6+0.0s
[360/1120]	[L1: 0.0288]	2.6+0.0s
[400/1120]	[L1: 0.0295]	2.6+0.0s
[440/1120]	[L1: 0.0295]	2.6+0.0s
[480/1120]	[L1: 0.0298]	2.7+0.0s
[520/1120]	[L1: 0.0296]	2.6+0.0s
[560/1120]	[L1: 0.0295]	2.6+0.0s
[600/1120]	[L1: 0.0296]	2.6+0.0s
[640/1120]	[L1: 0.0294]	2.6+0.0s
[680/1120]	[L1: 0.0297]	2.6+0.0s
[720/1120]	[L1: 0.0296]	2.6+0.0s
[760/1120]	[L1: 0.0296]	2.6+0.0s
[800/1120]	[L1: 0.0295]	2.6+0.0s
[840/1120]	[L1: 0.0295]	2.6+0.0s
[880/1120]	[L1: 0.0296]	2.6+0.0s
[920/1120]	[L1: 0.0297]	2.6+0.0s
[960/1120]	[L1: 0.0296]	2.6+0.0s
[1000/1120]	[L1: 0.0297]	2.6+0.0s
[1040/1120]	[L1: 0.0295]	2.6+0.0s
[1080/1120]	[L1: 0.0293]	2.6+0.0s
[1120/1120]	[L1: 0.0295]	2.6+0.0s

Evaluation:
[RSSCN7 x4]	psnr: 27.864 (Best: 27.870 @epoch 413)
Total time: 26.00s

[Epoch 429]	Learning rate: 5.00e-5
[40/1120]	[L1: 0.0304]	2.6+0.0s
[80/1120]	[L1: 0.0310]	2.6+0.0s
[120/1120]	[L1: 0.0299]	2.6+0.0s
[160/1120]	[L1: 0.0291]	2.6+0.0s
[200/1120]	[L1: 0.0294]	2.6+0.0s
[240/1120]	[L1: 0.0292]	2.6+0.0s
[280/1120]	[L1: 0.0290]	2.6+0.0s
[320/1120]	[L1: 0.0291]	2.6+0.0s
[360/1120]	[L1: 0.0293]	2.6+0.0s
[400/1120]	[L1: 0.0290]	2.6+0.0s
[440/1120]	[L1: 0.0293]	2.6+0.0s
[480/1120]	[L1: 0.0298]	2.6+0.0s
[520/1120]	[L1: 0.0298]	2.6+0.0s
[560/1120]	[L1: 0.0298]	2.6+0.0s
[600/1120]	[L1: 0.0297]	2.6+0.0s
[640/1120]	[L1: 0.0297]	2.6+0.0s
[680/1120]	[L1: 0.0298]	2.6+0.0s
[720/1120]	[L1: 0.0297]	2.6+0.0s
[760/1120]	[L1: 0.0299]	2.6+0.0s
[800/1120]	[L1: 0.0297]	2.6+0.0s
[840/1120]	[L1: 0.0298]	2.6+0.0s
[880/1120]	[L1: 0.0296]	2.7+0.0s
[920/1120]	[L1: 0.0295]	2.6+0.0s
[960/1120]	[L1: 0.0294]	2.6+0.0s
[1000/1120]	[L1: 0.0295]	2.6+0.0s
[1040/1120]	[L1: 0.0294]	2.6+0.0s
[1080/1120]	[L1: 0.0295]	2.6+0.0s
[1120/1120]	[L1: 0.0295]	2.6+0.0s

Evaluation:
[RSSCN7 x4]	psnr: 27.859 (Best: 27.870 @epoch 413)
Total time: 25.32s

[Epoch 430]	Learning rate: 5.00e-5
[40/1120]	[L1: 0.0281]	2.6+0.0s
[80/1120]	[L1: 0.0296]	2.6+0.0s
[120/1120]	[L1: 0.0300]	2.7+0.0s
[160/1120]	[L1: 0.0301]	2.8+0.0s
[200/1120]	[L1: 0.0296]	2.8+0.0s
[240/1120]	[L1: 0.0300]	2.8+0.0s
[280/1120]	[L1: 0.0300]	2.7+0.0s
[320/1120]	[L1: 0.0295]	2.6+0.0s
[360/1120]	[L1: 0.0294]	2.8+0.0s
[400/1120]	[L1: 0.0295]	2.7+0.0s
[440/1120]	[L1: 0.0294]	2.6+0.0s
[480/1120]	[L1: 0.0294]	2.6+0.0s
[520/1120]	[L1: 0.0298]	2.6+0.0s
[560/1120]	[L1: 0.0298]	2.7+0.0s
[600/1120]	[L1: 0.0296]	2.6+0.0s
[640/1120]	[L1: 0.0299]	2.6+0.0s
[680/1120]	[L1: 0.0299]	2.6+0.0s
[720/1120]	[L1: 0.0299]	2.6+0.0s
[760/1120]	[L1: 0.0298]	2.6+0.0s
[800/1120]	[L1: 0.0297]	2.7+0.0s
[840/1120]	[L1: 0.0298]	2.6+0.0s
[880/1120]	[L1: 0.0299]	2.6+0.0s
[920/1120]	[L1: 0.0299]	2.6+0.0s
[960/1120]	[L1: 0.0298]	2.6+0.0s
[1000/1120]	[L1: 0.0296]	2.7+0.0s
[1040/1120]	[L1: 0.0297]	2.6+0.0s
[1080/1120]	[L1: 0.0296]	2.6+0.0s
[1120/1120]	[L1: 0.0295]	2.6+0.0s

Evaluation:
[RSSCN7 x4]	psnr: 27.849 (Best: 27.870 @epoch 413)
Total time: 26.04s

[Epoch 431]	Learning rate: 5.00e-5
[40/1120]	[L1: 0.0282]	2.9+0.0s
[80/1120]	[L1: 0.0276]	2.8+0.0s
[120/1120]	[L1: 0.0282]	2.8+0.0s
[160/1120]	[L1: 0.0283]	2.6+0.0s
[200/1120]	[L1: 0.0300]	2.6+0.0s
[240/1120]	[L1: 0.0294]	2.6+0.0s
[280/1120]	[L1: 0.0297]	2.6+0.0s
[320/1120]	[L1: 0.0294]	2.6+0.0s
[360/1120]	[L1: 0.0291]	2.6+0.0s
[400/1120]	[L1: 0.0293]	2.6+0.0s
[440/1120]	[L1: 0.0290]	2.6+0.0s
[480/1120]	[L1: 0.0290]	2.6+0.0s
[520/1120]	[L1: 0.0289]	2.6+0.0s
[560/1120]	[L1: 0.0292]	2.6+0.0s
[600/1120]	[L1: 0.0291]	2.6+0.0s
[640/1120]	[L1: 0.0290]	2.6+0.0s
[680/1120]	[L1: 0.0291]	2.6+0.0s
[720/1120]	[L1: 0.0292]	2.6+0.0s
[760/1120]	[L1: 0.0295]	2.6+0.0s
[800/1120]	[L1: 0.0296]	2.6+0.0s
[840/1120]	[L1: 0.0296]	2.6+0.0s
[880/1120]	[L1: 0.0297]	2.6+0.0s
[920/1120]	[L1: 0.0297]	2.6+0.0s
[960/1120]	[L1: 0.0298]	2.7+0.0s
[1000/1120]	[L1: 0.0298]	2.6+0.0s
[1040/1120]	[L1: 0.0297]	2.6+0.0s
[1080/1120]	[L1: 0.0297]	2.6+0.0s
[1120/1120]	[L1: 0.0295]	2.6+0.0s

Evaluation:
[RSSCN7 x4]	psnr: 27.849 (Best: 27.870 @epoch 413)
Total time: 25.27s

[Epoch 432]	Learning rate: 5.00e-5
[40/1120]	[L1: 0.0273]	2.6+0.1s
[80/1120]	[L1: 0.0296]	2.7+0.0s
[120/1120]	[L1: 0.0294]	2.6+0.0s
[160/1120]	[L1: 0.0302]	2.8+0.0s
[200/1120]	[L1: 0.0302]	2.8+0.0s
[240/1120]	[L1: 0.0298]	2.7+0.0s
[280/1120]	[L1: 0.0299]	2.6+0.0s
[320/1120]	[L1: 0.0300]	2.6+0.0s
[360/1120]	[L1: 0.0298]	2.6+0.0s
[400/1120]	[L1: 0.0293]	2.6+0.0s
[440/1120]	[L1: 0.0295]	2.7+0.0s
[480/1120]	[L1: 0.0293]	2.6+0.0s
[520/1120]	[L1: 0.0296]	2.6+0.0s
[560/1120]	[L1: 0.0297]	2.6+0.0s
[600/1120]	[L1: 0.0298]	2.6+0.0s
[640/1120]	[L1: 0.0298]	2.6+0.0s
[680/1120]	[L1: 0.0298]	2.6+0.0s
[720/1120]	[L1: 0.0297]	2.6+0.0s
[760/1120]	[L1: 0.0298]	2.6+0.0s
[800/1120]	[L1: 0.0295]	2.6+0.0s
[840/1120]	[L1: 0.0296]	2.6+0.0s
[880/1120]	[L1: 0.0295]	2.6+0.0s
[920/1120]	[L1: 0.0296]	2.6+0.0s
[960/1120]	[L1: 0.0296]	2.6+0.0s
[1000/1120]	[L1: 0.0296]	2.6+0.0s
[1040/1120]	[L1: 0.0296]	2.6+0.0s
[1080/1120]	[L1: 0.0295]	2.6+0.0s
[1120/1120]	[L1: 0.0295]	2.6+0.0s

Evaluation:
[RSSCN7 x4]	psnr: 27.864 (Best: 27.870 @epoch 413)
Total time: 24.99s

[Epoch 433]	Learning rate: 5.00e-5
[40/1120]	[L1: 0.0298]	2.6+0.0s
[80/1120]	[L1: 0.0294]	2.6+0.0s
[120/1120]	[L1: 0.0287]	2.6+0.0s
[160/1120]	[L1: 0.0287]	2.6+0.0s
[200/1120]	[L1: 0.0301]	2.7+0.0s
[240/1120]	[L1: 0.0305]	2.6+0.0s
[280/1120]	[L1: 0.0294]	2.6+0.0s
[320/1120]	[L1: 0.0291]	2.6+0.0s
[360/1120]	[L1: 0.0293]	2.6+0.0s
[400/1120]	[L1: 0.0296]	2.7+0.0s
[440/1120]	[L1: 0.0292]	2.6+0.0s
[480/1120]	[L1: 0.0294]	2.7+0.0s
[520/1120]	[L1: 0.0295]	2.8+0.0s
[560/1120]	[L1: 0.0299]	2.6+0.0s
[600/1120]	[L1: 0.0298]	2.6+0.0s
[640/1120]	[L1: 0.0299]	2.6+0.0s
[680/1120]	[L1: 0.0296]	2.7+0.0s
[720/1120]	[L1: 0.0295]	2.6+0.0s
[760/1120]	[L1: 0.0295]	2.6+0.0s
[800/1120]	[L1: 0.0296]	2.6+0.0s
[840/1120]	[L1: 0.0295]	2.7+0.0s
[880/1120]	[L1: 0.0294]	2.6+0.0s
[920/1120]	[L1: 0.0294]	2.6+0.0s
[960/1120]	[L1: 0.0293]	2.6+0.0s
[1000/1120]	[L1: 0.0292]	2.6+0.0s
[1040/1120]	[L1: 0.0293]	2.7+0.0s
[1080/1120]	[L1: 0.0293]	2.8+0.0s
[1120/1120]	[L1: 0.0294]	2.9+0.0s

Evaluation:
[RSSCN7 x4]	psnr: 27.852 (Best: 27.870 @epoch 413)
Total time: 24.71s

[Epoch 434]	Learning rate: 5.00e-5
[40/1120]	[L1: 0.0335]	2.6+0.1s
[80/1120]	[L1: 0.0313]	2.6+0.0s
[120/1120]	[L1: 0.0298]	2.6+0.0s
[160/1120]	[L1: 0.0294]	2.6+0.0s
[200/1120]	[L1: 0.0305]	2.6+0.0s
[240/1120]	[L1: 0.0296]	2.6+0.0s
[280/1120]	[L1: 0.0294]	2.6+0.0s
[320/1120]	[L1: 0.0295]	2.7+0.0s
[360/1120]	[L1: 0.0296]	2.6+0.0s
[400/1120]	[L1: 0.0299]	2.6+0.0s
[440/1120]	[L1: 0.0297]	2.6+0.0s
[480/1120]	[L1: 0.0295]	2.6+0.0s
[520/1120]	[L1: 0.0295]	2.6+0.0s
[560/1120]	[L1: 0.0295]	2.6+0.0s
[600/1120]	[L1: 0.0295]	2.6+0.0s
[640/1120]	[L1: 0.0294]	2.6+0.0s
[680/1120]	[L1: 0.0296]	2.6+0.0s
[720/1120]	[L1: 0.0295]	2.6+0.0s
[760/1120]	[L1: 0.0292]	2.6+0.0s
[800/1120]	[L1: 0.0293]	2.7+0.0s
[840/1120]	[L1: 0.0294]	2.6+0.0s
[880/1120]	[L1: 0.0293]	2.6+0.0s
[920/1120]	[L1: 0.0294]	2.6+0.0s
[960/1120]	[L1: 0.0293]	2.6+0.0s
[1000/1120]	[L1: 0.0294]	2.6+0.0s
[1040/1120]	[L1: 0.0293]	2.7+0.0s
[1080/1120]	[L1: 0.0294]	2.6+0.0s
[1120/1120]	[L1: 0.0294]	2.6+0.0s

Evaluation:
[RSSCN7 x4]	psnr: 27.856 (Best: 27.870 @epoch 413)
Total time: 26.85s

[Epoch 435]	Learning rate: 5.00e-5
[40/1120]	[L1: 0.0264]	2.6+0.0s
[80/1120]	[L1: 0.0280]	2.7+0.0s
[120/1120]	[L1: 0.0285]	2.6+0.0s
[160/1120]	[L1: 0.0280]	2.6+0.0s
[200/1120]	[L1: 0.0278]	2.6+0.0s
[240/1120]	[L1: 0.0288]	2.6+0.0s
[280/1120]	[L1: 0.0287]	2.6+0.0s
[320/1120]	[L1: 0.0285]	2.6+0.0s
[360/1120]	[L1: 0.0289]	2.6+0.0s
[400/1120]	[L1: 0.0288]	2.6+0.0s
[440/1120]	[L1: 0.0292]	2.6+0.0s
[480/1120]	[L1: 0.0292]	2.6+0.0s
[520/1120]	[L1: 0.0293]	2.7+0.0s
[560/1120]	[L1: 0.0293]	2.6+0.0s
[600/1120]	[L1: 0.0291]	2.6+0.0s
[640/1120]	[L1: 0.0290]	2.7+0.0s
[680/1120]	[L1: 0.0287]	2.9+0.0s
[720/1120]	[L1: 0.0287]	2.7+0.0s
[760/1120]	[L1: 0.0288]	2.6+0.0s
[800/1120]	[L1: 0.0289]	2.6+0.0s
[840/1120]	[L1: 0.0287]	2.6+0.0s
[880/1120]	[L1: 0.0288]	2.6+0.0s
[920/1120]	[L1: 0.0287]	2.6+0.0s
[960/1120]	[L1: 0.0288]	2.7+0.0s
[1000/1120]	[L1: 0.0289]	2.6+0.0s
[1040/1120]	[L1: 0.0291]	2.6+0.0s
[1080/1120]	[L1: 0.0292]	2.6+0.0s
[1120/1120]	[L1: 0.0294]	2.6+0.0s

Evaluation:
[RSSCN7 x4]	psnr: 27.865 (Best: 27.870 @epoch 413)
Total time: 25.50s

[Epoch 436]	Learning rate: 5.00e-5
[40/1120]	[L1: 0.0322]	2.6+0.0s
[80/1120]	[L1: 0.0272]	2.6+0.0s
[120/1120]	[L1: 0.0273]	2.6+0.0s
[160/1120]	[L1: 0.0280]	2.6+0.0s
[200/1120]	[L1: 0.0279]	2.6+0.0s
[240/1120]	[L1: 0.0287]	2.6+0.0s
[280/1120]	[L1: 0.0284]	2.6+0.0s
[320/1120]	[L1: 0.0288]	2.6+0.0s
[360/1120]	[L1: 0.0290]	2.6+0.0s
[400/1120]	[L1: 0.0293]	2.7+0.0s
[440/1120]	[L1: 0.0295]	2.6+0.0s
[480/1120]	[L1: 0.0297]	2.6+0.0s
[520/1120]	[L1: 0.0298]	2.6+0.0s
[560/1120]	[L1: 0.0297]	2.6+0.0s
[600/1120]	[L1: 0.0295]	2.7+0.0s
[640/1120]	[L1: 0.0295]	2.6+0.0s
[680/1120]	[L1: 0.0296]	2.6+0.0s
[720/1120]	[L1: 0.0295]	2.6+0.0s
[760/1120]	[L1: 0.0295]	2.6+0.0s
[800/1120]	[L1: 0.0295]	2.6+0.0s
[840/1120]	[L1: 0.0296]	2.6+0.0s
[880/1120]	[L1: 0.0296]	2.7+0.0s
[920/1120]	[L1: 0.0296]	2.6+0.0s
[960/1120]	[L1: 0.0295]	2.7+0.0s
[1000/1120]	[L1: 0.0295]	2.8+0.0s
[1040/1120]	[L1: 0.0296]	2.9+0.0s
[1080/1120]	[L1: 0.0295]	2.6+0.0s
[1120/1120]	[L1: 0.0295]	2.6+0.0s

Evaluation:
[RSSCN7 x4]	psnr: 27.856 (Best: 27.870 @epoch 413)
Total time: 26.50s

[Epoch 437]	Learning rate: 5.00e-5
[40/1120]	[L1: 0.0271]	2.7+0.0s
[80/1120]	[L1: 0.0283]	2.8+0.0s
[120/1120]	[L1: 0.0277]	2.6+0.0s
[160/1120]	[L1: 0.0280]	2.6+0.0s
[200/1120]	[L1: 0.0290]	2.6+0.0s
[240/1120]	[L1: 0.0295]	2.6+0.0s
[280/1120]	[L1: 0.0292]	2.6+0.0s
[320/1120]	[L1: 0.0293]	2.6+0.0s
[360/1120]	[L1: 0.0297]	2.8+0.0s
[400/1120]	[L1: 0.0298]	2.6+0.0s
[440/1120]	[L1: 0.0294]	2.6+0.0s
[480/1120]	[L1: 0.0292]	2.6+0.0s
[520/1120]	[L1: 0.0294]	2.8+0.0s
[560/1120]	[L1: 0.0293]	2.9+0.0s
[600/1120]	[L1: 0.0295]	2.8+0.0s
[640/1120]	[L1: 0.0294]	2.6+0.0s
[680/1120]	[L1: 0.0294]	2.6+0.0s
[720/1120]	[L1: 0.0294]	2.6+0.0s
[760/1120]	[L1: 0.0293]	2.6+0.0s
[800/1120]	[L1: 0.0294]	2.7+0.0s
[840/1120]	[L1: 0.0295]	2.6+0.0s
[880/1120]	[L1: 0.0294]	2.6+0.0s
[920/1120]	[L1: 0.0295]	2.6+0.0s
[960/1120]	[L1: 0.0295]	2.6+0.0s
[1000/1120]	[L1: 0.0294]	2.8+0.0s
[1040/1120]	[L1: 0.0294]	2.6+0.0s
[1080/1120]	[L1: 0.0294]	2.7+0.0s
[1120/1120]	[L1: 0.0294]	2.6+0.0s

Evaluation:
[RSSCN7 x4]	psnr: 27.861 (Best: 27.870 @epoch 413)
Total time: 26.38s

[Epoch 438]	Learning rate: 5.00e-5
[40/1120]	[L1: 0.0334]	3.3+0.0s
[80/1120]	[L1: 0.0305]	2.8+0.0s
[120/1120]	[L1: 0.0304]	2.6+0.0s
[160/1120]	[L1: 0.0297]	2.6+0.0s
[200/1120]	[L1: 0.0300]	2.6+0.0s
[240/1120]	[L1: 0.0298]	2.6+0.0s
[280/1120]	[L1: 0.0289]	2.7+0.0s
[320/1120]	[L1: 0.0295]	2.6+0.0s
[360/1120]	[L1: 0.0294]	2.6+0.0s
[400/1120]	[L1: 0.0292]	2.6+0.0s
[440/1120]	[L1: 0.0289]	2.6+0.0s
[480/1120]	[L1: 0.0288]	2.7+0.0s
[520/1120]	[L1: 0.0292]	2.6+0.0s
[560/1120]	[L1: 0.0294]	2.6+0.0s
[600/1120]	[L1: 0.0291]	2.6+0.0s
[640/1120]	[L1: 0.0289]	2.6+0.0s
[680/1120]	[L1: 0.0291]	2.6+0.0s
[720/1120]	[L1: 0.0291]	2.7+0.0s
[760/1120]	[L1: 0.0293]	2.6+0.0s
[800/1120]	[L1: 0.0294]	2.6+0.0s
[840/1120]	[L1: 0.0294]	2.6+0.0s
[880/1120]	[L1: 0.0292]	2.6+0.0s
[920/1120]	[L1: 0.0294]	2.7+0.0s
[960/1120]	[L1: 0.0295]	2.6+0.0s
[1000/1120]	[L1: 0.0295]	2.6+0.0s
[1040/1120]	[L1: 0.0295]	2.6+0.0s
[1080/1120]	[L1: 0.0293]	2.6+0.0s
[1120/1120]	[L1: 0.0294]	2.6+0.0s

Evaluation:
[RSSCN7 x4]	psnr: 27.852 (Best: 27.870 @epoch 413)
Total time: 26.19s

[Epoch 439]	Learning rate: 5.00e-5
[40/1120]	[L1: 0.0280]	2.8+0.0s
[80/1120]	[L1: 0.0284]	2.8+0.0s
[120/1120]	[L1: 0.0296]	2.7+0.0s
[160/1120]	[L1: 0.0285]	2.6+0.0s
[200/1120]	[L1: 0.0286]	2.6+0.0s
[240/1120]	[L1: 0.0285]	2.7+0.0s
[280/1120]	[L1: 0.0285]	2.6+0.0s
[320/1120]	[L1: 0.0286]	2.6+0.0s
[360/1120]	[L1: 0.0289]	2.6+0.0s
[400/1120]	[L1: 0.0290]	2.6+0.0s
[440/1120]	[L1: 0.0294]	2.7+0.0s
[480/1120]	[L1: 0.0295]	2.6+0.0s
[520/1120]	[L1: 0.0295]	2.6+0.0s
[560/1120]	[L1: 0.0296]	2.6+0.0s
[600/1120]	[L1: 0.0295]	2.6+0.0s
[640/1120]	[L1: 0.0295]	2.6+0.0s
[680/1120]	[L1: 0.0294]	2.7+0.0s
[720/1120]	[L1: 0.0294]	2.6+0.0s
[760/1120]	[L1: 0.0293]	2.6+0.0s
[800/1120]	[L1: 0.0294]	2.6+0.0s
[840/1120]	[L1: 0.0293]	2.6+0.0s
[880/1120]	[L1: 0.0295]	2.7+0.0s
[920/1120]	[L1: 0.0294]	2.6+0.0s
[960/1120]	[L1: 0.0293]	2.6+0.0s
[1000/1120]	[L1: 0.0293]	2.6+0.0s
[1040/1120]	[L1: 0.0294]	2.6+0.0s
[1080/1120]	[L1: 0.0293]	2.6+0.0s
[1120/1120]	[L1: 0.0294]	2.6+0.0s

Evaluation:
[RSSCN7 x4]	psnr: 27.852 (Best: 27.870 @epoch 413)
Total time: 25.25s

[Epoch 440]	Learning rate: 5.00e-5
[40/1120]	[L1: 0.0288]	2.6+0.0s
[80/1120]	[L1: 0.0295]	2.6+0.0s
[120/1120]	[L1: 0.0291]	2.6+0.0s
[160/1120]	[L1: 0.0299]	2.6+0.0s
[200/1120]	[L1: 0.0296]	2.7+0.0s
[240/1120]	[L1: 0.0300]	2.6+0.0s
[280/1120]	[L1: 0.0299]	2.6+0.0s
[320/1120]	[L1: 0.0300]	2.6+0.0s
[360/1120]	[L1: 0.0302]	2.6+0.0s
[400/1120]	[L1: 0.0302]	2.7+0.0s
[440/1120]	[L1: 0.0300]	2.6+0.0s
[480/1120]	[L1: 0.0294]	2.6+0.0s
[520/1120]	[L1: 0.0295]	2.6+0.0s
[560/1120]	[L1: 0.0295]	2.6+0.0s
[600/1120]	[L1: 0.0296]	2.6+0.0s
[640/1120]	[L1: 0.0296]	2.7+0.0s
[680/1120]	[L1: 0.0297]	2.6+0.0s
[720/1120]	[L1: 0.0295]	2.6+0.0s
[760/1120]	[L1: 0.0294]	2.6+0.0s
[800/1120]	[L1: 0.0295]	2.6+0.0s
[840/1120]	[L1: 0.0295]	2.7+0.0s
[880/1120]	[L1: 0.0295]	2.6+0.0s
[920/1120]	[L1: 0.0295]	2.6+0.0s
[960/1120]	[L1: 0.0297]	2.6+0.0s
[1000/1120]	[L1: 0.0296]	2.6+0.0s
[1040/1120]	[L1: 0.0296]	2.6+0.0s
[1080/1120]	[L1: 0.0296]	2.7+0.0s
[1120/1120]	[L1: 0.0295]	2.6+0.0s

Evaluation:
[RSSCN7 x4]	psnr: 27.861 (Best: 27.870 @epoch 413)
Total time: 24.55s

[Epoch 441]	Learning rate: 5.00e-5
[40/1120]	[L1: 0.0310]	2.6+0.0s
[80/1120]	[L1: 0.0295]	2.6+0.0s
[120/1120]	[L1: 0.0287]	2.7+0.0s
[160/1120]	[L1: 0.0289]	2.9+0.0s
[200/1120]	[L1: 0.0297]	2.8+0.0s
[240/1120]	[L1: 0.0298]	2.7+0.0s
[280/1120]	[L1: 0.0298]	2.6+0.0s
[320/1120]	[L1: 0.0294]	2.6+0.0s
[360/1120]	[L1: 0.0296]	2.6+0.0s
[400/1120]	[L1: 0.0295]	2.6+0.0s
[440/1120]	[L1: 0.0292]	2.6+0.0s
[480/1120]	[L1: 0.0292]	2.6+0.0s
[520/1120]	[L1: 0.0292]	2.6+0.0s
[560/1120]	[L1: 0.0294]	2.6+0.0s
[600/1120]	[L1: 0.0292]	2.7+0.0s
[640/1120]	[L1: 0.0292]	2.6+0.0s
[680/1120]	[L1: 0.0291]	2.6+0.0s
[720/1120]	[L1: 0.0292]	2.6+0.0s
[760/1120]	[L1: 0.0293]	2.6+0.0s
[800/1120]	[L1: 0.0294]	2.6+0.0s
[840/1120]	[L1: 0.0293]	2.6+0.0s
[880/1120]	[L1: 0.0295]	2.6+0.0s
[920/1120]	[L1: 0.0296]	2.6+0.0s
[960/1120]	[L1: 0.0295]	2.6+0.0s
[1000/1120]	[L1: 0.0294]	2.6+0.0s
[1040/1120]	[L1: 0.0295]	2.7+0.0s
[1080/1120]	[L1: 0.0296]	2.6+0.0s
[1120/1120]	[L1: 0.0295]	2.6+0.0s

Evaluation:
[RSSCN7 x4]	psnr: 27.862 (Best: 27.870 @epoch 413)
Total time: 25.37s

[Epoch 442]	Learning rate: 5.00e-5
[40/1120]	[L1: 0.0311]	2.7+0.0s
[80/1120]	[L1: 0.0297]	2.6+0.0s
[120/1120]	[L1: 0.0297]	2.6+0.0s
[160/1120]	[L1: 0.0294]	2.6+0.0s
[200/1120]	[L1: 0.0296]	2.6+0.0s
[240/1120]	[L1: 0.0296]	2.6+0.0s
[280/1120]	[L1: 0.0290]	2.6+0.0s
[320/1120]	[L1: 0.0289]	2.6+0.0s
[360/1120]	[L1: 0.0289]	2.6+0.0s
[400/1120]	[L1: 0.0289]	2.6+0.0s
[440/1120]	[L1: 0.0293]	2.8+0.0s
[480/1120]	[L1: 0.0291]	2.8+0.0s
[520/1120]	[L1: 0.0295]	2.6+0.0s
[560/1120]	[L1: 0.0294]	2.6+0.0s
[600/1120]	[L1: 0.0294]	2.6+0.0s
[640/1120]	[L1: 0.0294]	2.6+0.0s
[680/1120]	[L1: 0.0295]	2.7+0.0s
[720/1120]	[L1: 0.0294]	2.6+0.0s
[760/1120]	[L1: 0.0292]	2.6+0.0s
[800/1120]	[L1: 0.0290]	2.6+0.0s
[840/1120]	[L1: 0.0288]	2.6+0.0s
[880/1120]	[L1: 0.0290]	2.6+0.0s
[920/1120]	[L1: 0.0291]	2.6+0.0s
[960/1120]	[L1: 0.0292]	2.6+0.0s
[1000/1120]	[L1: 0.0294]	2.6+0.0s
[1040/1120]	[L1: 0.0296]	2.6+0.0s
[1080/1120]	[L1: 0.0296]	2.6+0.0s
[1120/1120]	[L1: 0.0295]	2.7+0.0s

Evaluation:
[RSSCN7 x4]	psnr: 27.855 (Best: 27.870 @epoch 413)
Total time: 25.47s

[Epoch 443]	Learning rate: 5.00e-5
[40/1120]	[L1: 0.0275]	2.6+0.0s
[80/1120]	[L1: 0.0277]	2.6+0.0s
[120/1120]	[L1: 0.0284]	2.7+0.0s
[160/1120]	[L1: 0.0286]	2.6+0.0s
[200/1120]	[L1: 0.0289]	2.6+0.0s
[240/1120]	[L1: 0.0287]	2.6+0.0s
[280/1120]	[L1: 0.0291]	2.7+0.0s
[320/1120]	[L1: 0.0292]	2.8+0.0s
[360/1120]	[L1: 0.0296]	2.6+0.0s
[400/1120]	[L1: 0.0295]	2.7+0.0s
[440/1120]	[L1: 0.0292]	2.6+0.0s
[480/1120]	[L1: 0.0289]	2.6+0.0s
[520/1120]	[L1: 0.0289]	2.6+0.0s
[560/1120]	[L1: 0.0288]	2.6+0.0s
[600/1120]	[L1: 0.0290]	2.7+0.0s
[640/1120]	[L1: 0.0291]	2.6+0.0s
[680/1120]	[L1: 0.0290]	2.6+0.0s
[720/1120]	[L1: 0.0292]	2.6+0.0s
[760/1120]	[L1: 0.0293]	2.6+0.0s
[800/1120]	[L1: 0.0292]	2.6+0.0s
[840/1120]	[L1: 0.0294]	2.7+0.0s
[880/1120]	[L1: 0.0295]	2.6+0.0s
[920/1120]	[L1: 0.0295]	2.6+0.0s
[960/1120]	[L1: 0.0297]	2.6+0.0s
[1000/1120]	[L1: 0.0298]	2.6+0.0s
[1040/1120]	[L1: 0.0296]	2.7+0.0s
[1080/1120]	[L1: 0.0295]	2.6+0.0s
[1120/1120]	[L1: 0.0294]	2.6+0.0s

Evaluation:
[RSSCN7 x4]	psnr: 27.844 (Best: 27.870 @epoch 413)
Total time: 25.82s

[Epoch 444]	Learning rate: 5.00e-5
[40/1120]	[L1: 0.0272]	2.6+0.0s
[80/1120]	[L1: 0.0271]	2.7+0.0s
[120/1120]	[L1: 0.0270]	2.6+0.0s
[160/1120]	[L1: 0.0276]	2.6+0.0s
[200/1120]	[L1: 0.0277]	2.6+0.0s
[240/1120]	[L1: 0.0277]	2.6+0.0s
[280/1120]	[L1: 0.0282]	2.6+0.0s
[320/1120]	[L1: 0.0281]	2.7+0.0s
[360/1120]	[L1: 0.0286]	2.6+0.0s
[400/1120]	[L1: 0.0285]	2.6+0.0s
[440/1120]	[L1: 0.0289]	2.6+0.0s
[480/1120]	[L1: 0.0288]	2.6+0.0s
[520/1120]	[L1: 0.0289]	2.7+0.0s
[560/1120]	[L1: 0.0289]	2.6+0.0s
[600/1120]	[L1: 0.0290]	2.6+0.0s
[640/1120]	[L1: 0.0290]	2.6+0.0s
[680/1120]	[L1: 0.0291]	2.6+0.0s
[720/1120]	[L1: 0.0294]	2.6+0.0s
[760/1120]	[L1: 0.0294]	2.6+0.0s
[800/1120]	[L1: 0.0294]	2.6+0.0s
[840/1120]	[L1: 0.0293]	2.6+0.0s
[880/1120]	[L1: 0.0294]	2.6+0.0s
[920/1120]	[L1: 0.0294]	2.6+0.0s
[960/1120]	[L1: 0.0294]	2.7+0.0s
[1000/1120]	[L1: 0.0294]	2.6+0.0s
[1040/1120]	[L1: 0.0296]	2.6+0.0s
[1080/1120]	[L1: 0.0296]	2.6+0.0s
[1120/1120]	[L1: 0.0295]	2.6+0.0s

Evaluation:
[RSSCN7 x4]	psnr: 27.857 (Best: 27.870 @epoch 413)
Total time: 26.22s

[Epoch 445]	Learning rate: 5.00e-5
[40/1120]	[L1: 0.0282]	2.6+0.0s
[80/1120]	[L1: 0.0284]	2.6+0.0s
[120/1120]	[L1: 0.0291]	2.6+0.0s
[160/1120]	[L1: 0.0297]	2.6+0.0s
[200/1120]	[L1: 0.0296]	2.6+0.0s
[240/1120]	[L1: 0.0292]	2.6+0.0s
[280/1120]	[L1: 0.0291]	2.7+0.0s
[320/1120]	[L1: 0.0295]	2.6+0.0s
[360/1120]	[L1: 0.0300]	2.6+0.0s
[400/1120]	[L1: 0.0296]	2.7+0.0s
[440/1120]	[L1: 0.0294]	2.8+0.0s
[480/1120]	[L1: 0.0293]	2.7+0.0s
[520/1120]	[L1: 0.0293]	2.6+0.0s
[560/1120]	[L1: 0.0293]	2.6+0.0s
[600/1120]	[L1: 0.0292]	2.6+0.0s
[640/1120]	[L1: 0.0294]	2.6+0.0s
[680/1120]	[L1: 0.0294]	2.6+0.0s
[720/1120]	[L1: 0.0296]	2.7+0.0s
[760/1120]	[L1: 0.0296]	2.6+0.0s
[800/1120]	[L1: 0.0295]	2.6+0.0s
[840/1120]	[L1: 0.0295]	2.6+0.0s
[880/1120]	[L1: 0.0294]	2.6+0.0s
[920/1120]	[L1: 0.0294]	2.7+0.0s
[960/1120]	[L1: 0.0295]	2.6+0.0s
[1000/1120]	[L1: 0.0295]	2.6+0.0s
[1040/1120]	[L1: 0.0294]	2.7+0.0s
[1080/1120]	[L1: 0.0293]	2.8+0.0s
[1120/1120]	[L1: 0.0294]	2.7+0.0s

Evaluation:
[RSSCN7 x4]	psnr: 27.860 (Best: 27.870 @epoch 413)
Total time: 24.92s

[Epoch 446]	Learning rate: 5.00e-5
[40/1120]	[L1: 0.0341]	2.6+0.0s
[80/1120]	[L1: 0.0321]	2.6+0.0s
[120/1120]	[L1: 0.0308]	2.6+0.0s
[160/1120]	[L1: 0.0301]	2.8+0.0s
[200/1120]	[L1: 0.0301]	2.6+0.0s
[240/1120]	[L1: 0.0302]	2.7+0.0s
[280/1120]	[L1: 0.0303]	2.6+0.0s
[320/1120]	[L1: 0.0301]	2.6+0.0s
[360/1120]	[L1: 0.0295]	2.6+0.0s
[400/1120]	[L1: 0.0294]	2.6+0.0s
[440/1120]	[L1: 0.0295]	2.6+0.0s
[480/1120]	[L1: 0.0290]	2.6+0.0s
[520/1120]	[L1: 0.0294]	2.6+0.0s
[560/1120]	[L1: 0.0297]	2.6+0.0s
[600/1120]	[L1: 0.0295]	2.6+0.0s
[640/1120]	[L1: 0.0293]	2.6+0.0s
[680/1120]	[L1: 0.0292]	2.7+0.0s
[720/1120]	[L1: 0.0290]	2.6+0.0s
[760/1120]	[L1: 0.0289]	2.6+0.0s
[800/1120]	[L1: 0.0288]	2.6+0.0s
[840/1120]	[L1: 0.0290]	2.6+0.0s
[880/1120]	[L1: 0.0291]	2.7+0.0s
[920/1120]	[L1: 0.0292]	2.6+0.0s
[960/1120]	[L1: 0.0293]	2.6+0.0s
[1000/1120]	[L1: 0.0295]	2.6+0.0s
[1040/1120]	[L1: 0.0295]	2.6+0.0s
[1080/1120]	[L1: 0.0294]	2.6+0.0s
[1120/1120]	[L1: 0.0294]	2.8+0.0s

Evaluation:
[RSSCN7 x4]	psnr: 27.854 (Best: 27.870 @epoch 413)
Total time: 25.30s

[Epoch 447]	Learning rate: 5.00e-5
[40/1120]	[L1: 0.0303]	2.8+0.0s
[80/1120]	[L1: 0.0285]	2.8+0.0s
[120/1120]	[L1: 0.0292]	2.8+0.0s
[160/1120]	[L1: 0.0288]	2.7+0.0s
[200/1120]	[L1: 0.0290]	2.7+0.0s
[240/1120]	[L1: 0.0285]	2.6+0.0s
[280/1120]	[L1: 0.0287]	2.6+0.0s
[320/1120]	[L1: 0.0288]	2.6+0.0s
[360/1120]	[L1: 0.0289]	2.8+0.0s
[400/1120]	[L1: 0.0290]	2.7+0.0s
[440/1120]	[L1: 0.0287]	2.6+0.0s
[480/1120]	[L1: 0.0290]	2.6+0.0s
[520/1120]	[L1: 0.0290]	2.6+0.0s
[560/1120]	[L1: 0.0291]	2.6+0.0s
[600/1120]	[L1: 0.0292]	2.6+0.0s
[640/1120]	[L1: 0.0293]	2.7+0.0s
[680/1120]	[L1: 0.0294]	2.6+0.0s
[720/1120]	[L1: 0.0293]	2.6+0.0s
[760/1120]	[L1: 0.0294]	2.6+0.0s
[800/1120]	[L1: 0.0294]	2.6+0.0s
[840/1120]	[L1: 0.0294]	2.7+0.0s
[880/1120]	[L1: 0.0296]	2.6+0.0s
[920/1120]	[L1: 0.0294]	2.6+0.0s
[960/1120]	[L1: 0.0295]	2.6+0.0s
[1000/1120]	[L1: 0.0295]	2.6+0.0s
[1040/1120]	[L1: 0.0295]	2.6+0.0s
[1080/1120]	[L1: 0.0295]	2.6+0.0s
[1120/1120]	[L1: 0.0295]	2.6+0.0s

Evaluation:
[RSSCN7 x4]	psnr: 27.870 (Best: 27.870 @epoch 447)
Total time: 26.07s

[Epoch 448]	Learning rate: 5.00e-5
[40/1120]	[L1: 0.0266]	2.8+0.0s
[80/1120]	[L1: 0.0280]	2.9+0.0s
[120/1120]	[L1: 0.0278]	2.8+0.0s
[160/1120]	[L1: 0.0281]	2.6+0.0s
[200/1120]	[L1: 0.0281]	2.6+0.0s
[240/1120]	[L1: 0.0278]	2.6+0.0s
[280/1120]	[L1: 0.0289]	2.6+0.0s
[320/1120]	[L1: 0.0293]	2.6+0.0s
[360/1120]	[L1: 0.0292]	2.7+0.0s
[400/1120]	[L1: 0.0291]	2.6+0.0s
[440/1120]	[L1: 0.0291]	2.6+0.0s
[480/1120]	[L1: 0.0290]	2.6+0.0s
[520/1120]	[L1: 0.0290]	2.6+0.0s
[560/1120]	[L1: 0.0289]	2.7+0.0s
[600/1120]	[L1: 0.0289]	2.6+0.0s
[640/1120]	[L1: 0.0290]	2.6+0.0s
[680/1120]	[L1: 0.0291]	2.6+0.0s
[720/1120]	[L1: 0.0291]	2.6+0.0s
[760/1120]	[L1: 0.0291]	2.6+0.0s
[800/1120]	[L1: 0.0293]	2.7+0.0s
[840/1120]	[L1: 0.0294]	2.6+0.0s
[880/1120]	[L1: 0.0294]	2.6+0.0s
[920/1120]	[L1: 0.0294]	2.6+0.0s
[960/1120]	[L1: 0.0293]	2.6+0.0s
[1000/1120]	[L1: 0.0294]	2.7+0.0s
[1040/1120]	[L1: 0.0295]	2.6+0.0s
[1080/1120]	[L1: 0.0295]	2.6+0.0s
[1120/1120]	[L1: 0.0294]	2.6+0.0s

Evaluation:
[RSSCN7 x4]	psnr: 27.851 (Best: 27.870 @epoch 447)
Total time: 27.27s

[Epoch 449]	Learning rate: 5.00e-5
[40/1120]	[L1: 0.0298]	2.7+0.0s
[80/1120]	[L1: 0.0284]	2.6+0.0s
[120/1120]	[L1: 0.0295]	2.6+0.0s
[160/1120]	[L1: 0.0290]	2.6+0.0s
[200/1120]	[L1: 0.0290]	2.6+0.0s
[240/1120]	[L1: 0.0287]	2.6+0.0s
[280/1120]	[L1: 0.0288]	2.6+0.0s
[320/1120]	[L1: 0.0288]	2.6+0.0s
[360/1120]	[L1: 0.0291]	2.6+0.0s
[400/1120]	[L1: 0.0294]	2.6+0.0s
[440/1120]	[L1: 0.0293]	2.6+0.0s
[480/1120]	[L1: 0.0295]	2.7+0.0s
[520/1120]	[L1: 0.0298]	2.6+0.0s
[560/1120]	[L1: 0.0296]	2.6+0.0s
[600/1120]	[L1: 0.0294]	2.6+0.0s
[640/1120]	[L1: 0.0295]	2.6+0.0s
[680/1120]	[L1: 0.0294]	2.6+0.0s
[720/1120]	[L1: 0.0295]	2.7+0.0s
[760/1120]	[L1: 0.0295]	2.6+0.0s
[800/1120]	[L1: 0.0294]	2.6+0.0s
[840/1120]	[L1: 0.0295]	2.6+0.0s
[880/1120]	[L1: 0.0294]	2.6+0.0s
[920/1120]	[L1: 0.0292]	2.7+0.0s
[960/1120]	[L1: 0.0295]	2.6+0.0s
[1000/1120]	[L1: 0.0295]	2.6+0.0s
[1040/1120]	[L1: 0.0296]	2.6+0.0s
[1080/1120]	[L1: 0.0295]	2.6+0.0s
[1120/1120]	[L1: 0.0294]	2.6+0.0s

Evaluation:
[RSSCN7 x4]	psnr: 27.860 (Best: 27.870 @epoch 447)
Total time: 24.73s

[Epoch 450]	Learning rate: 5.00e-5
[40/1120]	[L1: 0.0281]	2.6+0.0s
[80/1120]	[L1: 0.0303]	2.6+0.0s
[120/1120]	[L1: 0.0304]	2.6+0.0s
[160/1120]	[L1: 0.0295]	2.6+0.0s
[200/1120]	[L1: 0.0300]	2.7+0.0s
[240/1120]	[L1: 0.0300]	2.6+0.0s
[280/1120]	[L1: 0.0301]	2.6+0.0s
[320/1120]	[L1: 0.0303]	2.6+0.0s
[360/1120]	[L1: 0.0304]	2.6+0.0s
[400/1120]	[L1: 0.0306]	2.6+0.0s
[440/1120]	[L1: 0.0307]	2.6+0.0s
[480/1120]	[L1: 0.0302]	2.6+0.0s
[520/1120]	[L1: 0.0303]	2.6+0.0s
[560/1120]	[L1: 0.0302]	2.6+0.0s
[600/1120]	[L1: 0.0302]	2.6+0.0s
[640/1120]	[L1: 0.0301]	2.6+0.0s
[680/1120]	[L1: 0.0301]	2.6+0.0s
[720/1120]	[L1: 0.0301]	2.6+0.0s
[760/1120]	[L1: 0.0299]	2.6+0.0s
[800/1120]	[L1: 0.0298]	2.6+0.0s
[840/1120]	[L1: 0.0297]	2.6+0.0s
[880/1120]	[L1: 0.0296]	2.6+0.0s
[920/1120]	[L1: 0.0296]	2.6+0.0s
[960/1120]	[L1: 0.0296]	2.6+0.0s
[1000/1120]	[L1: 0.0295]	2.6+0.0s
[1040/1120]	[L1: 0.0297]	2.6+0.0s
[1080/1120]	[L1: 0.0296]	2.6+0.0s
[1120/1120]	[L1: 0.0295]	2.6+0.0s

Evaluation:
[RSSCN7 x4]	psnr: 27.856 (Best: 27.870 @epoch 447)
Total time: 24.66s

[Epoch 451]	Learning rate: 5.00e-5
[40/1120]	[L1: 0.0343]	2.6+0.0s
[80/1120]	[L1: 0.0293]	2.6+0.0s
[120/1120]	[L1: 0.0306]	2.7+0.0s
[160/1120]	[L1: 0.0303]	2.6+0.0s
[200/1120]	[L1: 0.0311]	2.6+0.0s
[240/1120]	[L1: 0.0302]	2.6+0.0s
[280/1120]	[L1: 0.0299]	2.6+0.0s
[320/1120]	[L1: 0.0296]	2.6+0.0s
[360/1120]	[L1: 0.0293]	2.6+0.0s
[400/1120]	[L1: 0.0293]	2.6+0.0s
[440/1120]	[L1: 0.0294]	2.6+0.0s
[480/1120]	[L1: 0.0295]	2.6+0.0s
[520/1120]	[L1: 0.0296]	2.6+0.0s
[560/1120]	[L1: 0.0296]	2.7+0.0s
[600/1120]	[L1: 0.0296]	2.6+0.0s
[640/1120]	[L1: 0.0295]	2.6+0.0s
[680/1120]	[L1: 0.0298]	2.6+0.0s
[720/1120]	[L1: 0.0298]	2.8+0.0s
[760/1120]	[L1: 0.0295]	2.8+0.0s
[800/1120]	[L1: 0.0294]	2.7+0.0s
[840/1120]	[L1: 0.0294]	2.6+0.0s
[880/1120]	[L1: 0.0296]	2.6+0.0s
[920/1120]	[L1: 0.0298]	2.6+0.0s
[960/1120]	[L1: 0.0297]	2.6+0.0s
[1000/1120]	[L1: 0.0297]	2.7+0.0s
[1040/1120]	[L1: 0.0296]	2.6+0.0s
[1080/1120]	[L1: 0.0295]	2.6+0.0s
[1120/1120]	[L1: 0.0295]	2.6+0.0s

Evaluation:
[RSSCN7 x4]	psnr: 27.857 (Best: 27.870 @epoch 447)
Total time: 24.76s

[Epoch 452]	Learning rate: 5.00e-5
[40/1120]	[L1: 0.0304]	2.7+0.0s
[80/1120]	[L1: 0.0296]	2.6+0.0s
[120/1120]	[L1: 0.0290]	2.6+0.0s
[160/1120]	[L1: 0.0301]	2.6+0.0s
[200/1120]	[L1: 0.0288]	2.6+0.0s
[240/1120]	[L1: 0.0294]	2.6+0.0s
[280/1120]	[L1: 0.0296]	2.6+0.0s
[320/1120]	[L1: 0.0296]	2.6+0.0s
[360/1120]	[L1: 0.0294]	2.6+0.0s
[400/1120]	[L1: 0.0291]	2.6+0.0s
[440/1120]	[L1: 0.0292]	2.6+0.0s
[480/1120]	[L1: 0.0289]	2.7+0.0s
[520/1120]	[L1: 0.0290]	2.6+0.0s
[560/1120]	[L1: 0.0291]	2.6+0.0s
[600/1120]	[L1: 0.0289]	2.6+0.0s
[640/1120]	[L1: 0.0287]	2.6+0.0s
[680/1120]	[L1: 0.0288]	2.6+0.0s
[720/1120]	[L1: 0.0289]	2.6+0.0s
[760/1120]	[L1: 0.0291]	2.7+0.0s
[800/1120]	[L1: 0.0293]	2.6+0.0s
[840/1120]	[L1: 0.0294]	2.6+0.0s
[880/1120]	[L1: 0.0295]	2.6+0.0s
[920/1120]	[L1: 0.0295]	2.6+0.0s
[960/1120]	[L1: 0.0296]	2.7+0.0s
[1000/1120]	[L1: 0.0296]	2.6+0.0s
[1040/1120]	[L1: 0.0296]	2.6+0.0s
[1080/1120]	[L1: 0.0295]	2.6+0.0s
[1120/1120]	[L1: 0.0295]	2.6+0.0s

Evaluation:
[RSSCN7 x4]	psnr: 27.859 (Best: 27.870 @epoch 447)
Total time: 24.83s

[Epoch 453]	Learning rate: 5.00e-5
[40/1120]	[L1: 0.0270]	2.6+0.0s
[80/1120]	[L1: 0.0277]	2.6+0.0s
[120/1120]	[L1: 0.0289]	2.6+0.0s
[160/1120]	[L1: 0.0274]	2.6+0.0s
[200/1120]	[L1: 0.0285]	2.6+0.0s
[240/1120]	[L1: 0.0286]	2.7+0.0s
[280/1120]	[L1: 0.0287]	2.6+0.0s
[320/1120]	[L1: 0.0291]	2.6+0.0s
[360/1120]	[L1: 0.0288]	2.6+0.0s
[400/1120]	[L1: 0.0286]	2.6+0.0s
[440/1120]	[L1: 0.0291]	2.7+0.0s
[480/1120]	[L1: 0.0292]	2.6+0.0s
[520/1120]	[L1: 0.0294]	2.6+0.0s
[560/1120]	[L1: 0.0295]	2.6+0.0s
[600/1120]	[L1: 0.0295]	2.6+0.0s
[640/1120]	[L1: 0.0293]	2.6+0.0s
[680/1120]	[L1: 0.0292]	2.6+0.0s
[720/1120]	[L1: 0.0291]	2.9+0.0s
[760/1120]	[L1: 0.0290]	2.6+0.0s
[800/1120]	[L1: 0.0290]	2.6+0.0s
[840/1120]	[L1: 0.0290]	2.6+0.0s
[880/1120]	[L1: 0.0290]	2.6+0.0s
[920/1120]	[L1: 0.0290]	2.6+0.0s
[960/1120]	[L1: 0.0291]	2.6+0.0s
[1000/1120]	[L1: 0.0293]	2.6+0.0s
[1040/1120]	[L1: 0.0293]	2.6+0.0s
[1080/1120]	[L1: 0.0294]	2.6+0.0s
[1120/1120]	[L1: 0.0295]	2.6+0.0s

Evaluation:
[RSSCN7 x4]	psnr: 27.855 (Best: 27.870 @epoch 447)
Total time: 25.08s

[Epoch 454]	Learning rate: 5.00e-5
[40/1120]	[L1: 0.0338]	2.6+0.0s
[80/1120]	[L1: 0.0324]	2.6+0.0s
[120/1120]	[L1: 0.0303]	2.6+0.0s
[160/1120]	[L1: 0.0308]	2.6+0.0s
[200/1120]	[L1: 0.0303]	2.7+0.0s
[240/1120]	[L1: 0.0304]	2.6+0.0s
[280/1120]	[L1: 0.0305]	2.6+0.0s
[320/1120]	[L1: 0.0304]	2.6+0.0s
[360/1120]	[L1: 0.0304]	2.6+0.0s
[400/1120]	[L1: 0.0301]	2.7+0.0s
[440/1120]	[L1: 0.0301]	2.6+0.0s
[480/1120]	[L1: 0.0300]	2.6+0.0s
[520/1120]	[L1: 0.0298]	2.6+0.0s
[560/1120]	[L1: 0.0296]	2.6+0.0s
[600/1120]	[L1: 0.0299]	2.6+0.0s
[640/1120]	[L1: 0.0298]	2.6+0.0s
[680/1120]	[L1: 0.0295]	2.6+0.0s
[720/1120]	[L1: 0.0294]	2.6+0.0s
[760/1120]	[L1: 0.0295]	2.6+0.0s
[800/1120]	[L1: 0.0293]	2.6+0.0s
[840/1120]	[L1: 0.0296]	2.6+0.0s
[880/1120]	[L1: 0.0298]	2.6+0.0s
[920/1120]	[L1: 0.0299]	2.6+0.0s
[960/1120]	[L1: 0.0298]	2.6+0.0s
[1000/1120]	[L1: 0.0296]	2.6+0.0s
[1040/1120]	[L1: 0.0295]	2.6+0.0s
[1080/1120]	[L1: 0.0294]	2.6+0.0s
[1120/1120]	[L1: 0.0295]	2.7+0.0s

Evaluation:
[RSSCN7 x4]	psnr: 27.853 (Best: 27.870 @epoch 447)
Total time: 26.02s

[Epoch 455]	Learning rate: 5.00e-5
[40/1120]	[L1: 0.0269]	2.9+0.1s
[80/1120]	[L1: 0.0289]	2.8+0.0s
[120/1120]	[L1: 0.0284]	2.6+0.0s
[160/1120]	[L1: 0.0290]	2.7+0.0s
[200/1120]	[L1: 0.0286]	2.6+0.0s
[240/1120]	[L1: 0.0290]	2.6+0.0s
[280/1120]	[L1: 0.0291]	2.6+0.0s
[320/1120]	[L1: 0.0290]	2.7+0.0s
[360/1120]	[L1: 0.0290]	2.6+0.0s
[400/1120]	[L1: 0.0287]	2.6+0.0s
[440/1120]	[L1: 0.0290]	2.6+0.0s
[480/1120]	[L1: 0.0291]	2.6+0.0s
[520/1120]	[L1: 0.0292]	2.6+0.0s
[560/1120]	[L1: 0.0290]	2.6+0.0s
[600/1120]	[L1: 0.0290]	2.7+0.0s
[640/1120]	[L1: 0.0293]	2.6+0.0s
[680/1120]	[L1: 0.0295]	2.6+0.0s
[720/1120]	[L1: 0.0296]	2.6+0.0s
[760/1120]	[L1: 0.0296]	2.6+0.0s
[800/1120]	[L1: 0.0295]	2.7+0.0s
[840/1120]	[L1: 0.0295]	2.6+0.0s
[880/1120]	[L1: 0.0295]	2.6+0.0s
[920/1120]	[L1: 0.0296]	2.6+0.0s
[960/1120]	[L1: 0.0295]	2.6+0.0s
[1000/1120]	[L1: 0.0295]	2.6+0.0s
[1040/1120]	[L1: 0.0293]	2.7+0.0s
[1080/1120]	[L1: 0.0292]	2.6+0.0s
[1120/1120]	[L1: 0.0294]	2.6+0.0s

Evaluation:
[RSSCN7 x4]	psnr: 27.851 (Best: 27.870 @epoch 447)
Total time: 25.76s

[Epoch 456]	Learning rate: 5.00e-5
[40/1120]	[L1: 0.0269]	2.6+0.1s
[80/1120]	[L1: 0.0289]	2.6+0.0s
[120/1120]	[L1: 0.0293]	2.6+0.0s
[160/1120]	[L1: 0.0301]	2.6+0.0s
[200/1120]	[L1: 0.0298]	2.6+0.0s
[240/1120]	[L1: 0.0303]	2.6+0.0s
[280/1120]	[L1: 0.0297]	2.6+0.0s
[320/1120]	[L1: 0.0295]	2.6+0.0s
[360/1120]	[L1: 0.0295]	2.6+0.0s
[400/1120]	[L1: 0.0291]	2.6+0.0s
[440/1120]	[L1: 0.0290]	2.6+0.0s
[480/1120]	[L1: 0.0289]	2.6+0.0s
[520/1120]	[L1: 0.0290]	2.7+0.0s
[560/1120]	[L1: 0.0292]	2.6+0.0s
[600/1120]	[L1: 0.0293]	2.6+0.0s
[640/1120]	[L1: 0.0292]	2.6+0.0s
[680/1120]	[L1: 0.0292]	2.7+0.0s
[720/1120]	[L1: 0.0291]	2.6+0.0s
[760/1120]	[L1: 0.0292]	2.6+0.0s
[800/1120]	[L1: 0.0293]	2.6+0.0s
[840/1120]	[L1: 0.0292]	2.6+0.0s
[880/1120]	[L1: 0.0292]	2.6+0.0s
[920/1120]	[L1: 0.0294]	2.6+0.0s
[960/1120]	[L1: 0.0294]	2.6+0.0s
[1000/1120]	[L1: 0.0293]	2.6+0.0s
[1040/1120]	[L1: 0.0294]	2.6+0.0s
[1080/1120]	[L1: 0.0294]	2.6+0.0s
[1120/1120]	[L1: 0.0294]	2.6+0.0s

Evaluation:
[RSSCN7 x4]	psnr: 27.861 (Best: 27.870 @epoch 447)
Total time: 25.62s

[Epoch 457]	Learning rate: 5.00e-5
[40/1120]	[L1: 0.0254]	2.6+0.0s
[80/1120]	[L1: 0.0290]	2.6+0.0s
[120/1120]	[L1: 0.0287]	2.6+0.0s
[160/1120]	[L1: 0.0287]	2.7+0.0s
[200/1120]	[L1: 0.0292]	2.6+0.0s
[240/1120]	[L1: 0.0296]	2.6+0.0s
[280/1120]	[L1: 0.0296]	2.6+0.0s
[320/1120]	[L1: 0.0290]	2.6+0.0s
[360/1120]	[L1: 0.0292]	2.6+0.0s
[400/1120]	[L1: 0.0294]	2.6+0.0s
[440/1120]	[L1: 0.0295]	2.6+0.0s
[480/1120]	[L1: 0.0294]	2.6+0.0s
[520/1120]	[L1: 0.0295]	2.6+0.0s
[560/1120]	[L1: 0.0294]	2.6+0.0s
[600/1120]	[L1: 0.0292]	2.6+0.0s
[640/1120]	[L1: 0.0292]	2.6+0.0s
[680/1120]	[L1: 0.0294]	2.6+0.0s
[720/1120]	[L1: 0.0295]	2.6+0.0s
[760/1120]	[L1: 0.0296]	2.6+0.0s
[800/1120]	[L1: 0.0296]	2.6+0.0s
[840/1120]	[L1: 0.0296]	2.6+0.0s
[880/1120]	[L1: 0.0295]	2.7+0.0s
[920/1120]	[L1: 0.0295]	2.6+0.0s
[960/1120]	[L1: 0.0293]	2.6+0.0s
[1000/1120]	[L1: 0.0294]	2.6+0.0s
[1040/1120]	[L1: 0.0294]	2.6+0.0s
[1080/1120]	[L1: 0.0295]	2.6+0.0s
[1120/1120]	[L1: 0.0293]	2.6+0.0s

Evaluation:
[RSSCN7 x4]	psnr: 27.854 (Best: 27.870 @epoch 447)
Total time: 24.63s

[Epoch 458]	Learning rate: 5.00e-5
[40/1120]	[L1: 0.0306]	2.8+0.0s
[80/1120]	[L1: 0.0285]	2.9+0.0s
[120/1120]	[L1: 0.0289]	2.6+0.0s
[160/1120]	[L1: 0.0281]	2.6+0.0s
[200/1120]	[L1: 0.0288]	2.6+0.0s
[240/1120]	[L1: 0.0289]	2.6+0.0s
[280/1120]	[L1: 0.0288]	2.6+0.0s
[320/1120]	[L1: 0.0288]	2.7+0.0s
[360/1120]	[L1: 0.0291]	2.7+0.0s
[400/1120]	[L1: 0.0290]	2.6+0.0s
[440/1120]	[L1: 0.0291]	2.6+0.0s
[480/1120]	[L1: 0.0289]	2.6+0.0s
[520/1120]	[L1: 0.0290]	2.6+0.0s
[560/1120]	[L1: 0.0295]	2.6+0.0s
[600/1120]	[L1: 0.0294]	2.6+0.0s
[640/1120]	[L1: 0.0295]	2.6+0.0s
[680/1120]	[L1: 0.0296]	2.6+0.0s
[720/1120]	[L1: 0.0296]	2.6+0.0s
[760/1120]	[L1: 0.0293]	2.6+0.0s
[800/1120]	[L1: 0.0293]	2.7+0.0s
[840/1120]	[L1: 0.0295]	2.6+0.0s
[880/1120]	[L1: 0.0295]	2.6+0.0s
[920/1120]	[L1: 0.0295]	2.6+0.0s
[960/1120]	[L1: 0.0296]	2.6+0.0s
[1000/1120]	[L1: 0.0296]	2.6+0.0s
[1040/1120]	[L1: 0.0296]	2.6+0.0s
[1080/1120]	[L1: 0.0297]	2.6+0.0s
[1120/1120]	[L1: 0.0295]	2.6+0.0s

Evaluation:
[RSSCN7 x4]	psnr: 27.865 (Best: 27.870 @epoch 447)
Total time: 25.97s

[Epoch 459]	Learning rate: 5.00e-5
[40/1120]	[L1: 0.0287]	2.7+0.0s
[80/1120]	[L1: 0.0285]	2.6+0.0s
[120/1120]	[L1: 0.0287]	2.6+0.0s
[160/1120]	[L1: 0.0297]	2.6+0.0s
[200/1120]	[L1: 0.0312]	2.6+0.0s
[240/1120]	[L1: 0.0314]	2.6+0.0s
[280/1120]	[L1: 0.0313]	2.7+0.0s
[320/1120]	[L1: 0.0311]	2.6+0.0s
[360/1120]	[L1: 0.0309]	2.6+0.0s
[400/1120]	[L1: 0.0306]	2.6+0.0s
[440/1120]	[L1: 0.0304]	2.6+0.0s
[480/1120]	[L1: 0.0302]	2.7+0.0s
[520/1120]	[L1: 0.0300]	2.6+0.0s
[560/1120]	[L1: 0.0299]	2.6+0.0s
[600/1120]	[L1: 0.0295]	2.6+0.0s
[640/1120]	[L1: 0.0295]	2.6+0.0s
[680/1120]	[L1: 0.0296]	2.6+0.0s
[720/1120]	[L1: 0.0295]	2.7+0.0s
[760/1120]	[L1: 0.0294]	2.6+0.0s
[800/1120]	[L1: 0.0296]	2.6+0.0s
[840/1120]	[L1: 0.0295]	2.6+0.0s
[880/1120]	[L1: 0.0296]	2.6+0.0s
[920/1120]	[L1: 0.0296]	2.7+0.0s
[960/1120]	[L1: 0.0293]	2.6+0.0s
[1000/1120]	[L1: 0.0294]	2.6+0.0s
[1040/1120]	[L1: 0.0294]	2.6+0.0s
[1080/1120]	[L1: 0.0294]	2.6+0.0s
[1120/1120]	[L1: 0.0295]	2.6+0.0s

Evaluation:
[RSSCN7 x4]	psnr: 27.852 (Best: 27.870 @epoch 447)
Total time: 25.43s

[Epoch 460]	Learning rate: 5.00e-5
[40/1120]	[L1: 0.0286]	3.3+0.0s
[80/1120]	[L1: 0.0286]	3.3+0.0s
[120/1120]	[L1: 0.0290]	2.8+0.0s
[160/1120]	[L1: 0.0289]	2.6+0.0s
[200/1120]	[L1: 0.0292]	2.6+0.0s
[240/1120]	[L1: 0.0290]	2.6+0.0s
[280/1120]	[L1: 0.0294]	2.6+0.0s
[320/1120]	[L1: 0.0296]	2.6+0.0s
[360/1120]	[L1: 0.0297]	2.6+0.0s
[400/1120]	[L1: 0.0295]	2.6+0.0s
[440/1120]	[L1: 0.0294]	2.7+0.0s
[480/1120]	[L1: 0.0292]	2.6+0.0s
[520/1120]	[L1: 0.0292]	2.6+0.0s
[560/1120]	[L1: 0.0291]	2.6+0.0s
[600/1120]	[L1: 0.0292]	2.6+0.0s
[640/1120]	[L1: 0.0294]	2.6+0.0s
[680/1120]	[L1: 0.0292]	2.7+0.0s
[720/1120]	[L1: 0.0291]	2.6+0.0s
[760/1120]	[L1: 0.0294]	2.6+0.0s
[800/1120]	[L1: 0.0295]	2.6+0.0s
[840/1120]	[L1: 0.0293]	2.6+0.0s
[880/1120]	[L1: 0.0293]	2.7+0.0s
[920/1120]	[L1: 0.0293]	2.6+0.0s
[960/1120]	[L1: 0.0293]	2.6+0.0s
[1000/1120]	[L1: 0.0294]	2.6+0.0s
[1040/1120]	[L1: 0.0294]	2.6+0.0s
[1080/1120]	[L1: 0.0294]	2.6+0.0s
[1120/1120]	[L1: 0.0294]	2.6+0.0s

Evaluation:
[RSSCN7 x4]	psnr: 27.844 (Best: 27.870 @epoch 447)
Total time: 24.97s

[Epoch 461]	Learning rate: 5.00e-5
[40/1120]	[L1: 0.0333]	2.6+0.0s
[80/1120]	[L1: 0.0318]	2.6+0.0s
[120/1120]	[L1: 0.0314]	2.6+0.0s
[160/1120]	[L1: 0.0295]	2.6+0.0s
[200/1120]	[L1: 0.0304]	2.6+0.0s
[240/1120]	[L1: 0.0306]	2.6+0.0s
[280/1120]	[L1: 0.0298]	2.6+0.0s
[320/1120]	[L1: 0.0296]	2.6+0.0s
[360/1120]	[L1: 0.0296]	2.6+0.0s
[400/1120]	[L1: 0.0298]	2.6+0.0s
[440/1120]	[L1: 0.0295]	2.6+0.0s
[480/1120]	[L1: 0.0293]	2.6+0.0s
[520/1120]	[L1: 0.0292]	2.6+0.0s
[560/1120]	[L1: 0.0290]	2.6+0.0s
[600/1120]	[L1: 0.0293]	2.6+0.0s
[640/1120]	[L1: 0.0292]	2.6+0.0s
[680/1120]	[L1: 0.0291]	2.6+0.0s
[720/1120]	[L1: 0.0293]	2.6+0.0s
[760/1120]	[L1: 0.0292]	2.6+0.0s
[800/1120]	[L1: 0.0295]	2.6+0.0s
[840/1120]	[L1: 0.0296]	2.7+0.0s
[880/1120]	[L1: 0.0294]	2.6+0.0s
[920/1120]	[L1: 0.0294]	2.6+0.0s
[960/1120]	[L1: 0.0294]	2.6+0.0s
[1000/1120]	[L1: 0.0294]	2.6+0.0s
[1040/1120]	[L1: 0.0294]	2.6+0.0s
[1080/1120]	[L1: 0.0294]	2.7+0.0s
[1120/1120]	[L1: 0.0294]	2.6+0.0s

Evaluation:
[RSSCN7 x4]	psnr: 27.856 (Best: 27.870 @epoch 447)
Total time: 26.20s

[Epoch 462]	Learning rate: 5.00e-5
[40/1120]	[L1: 0.0290]	3.2+0.0s
[80/1120]	[L1: 0.0296]	3.2+0.0s
[120/1120]	[L1: 0.0291]	2.6+0.0s
[160/1120]	[L1: 0.0287]	2.7+0.0s
[200/1120]	[L1: 0.0298]	2.6+0.0s
[240/1120]	[L1: 0.0296]	2.6+0.0s
[280/1120]	[L1: 0.0294]	2.6+0.0s
[320/1120]	[L1: 0.0299]	2.7+0.0s
[360/1120]	[L1: 0.0297]	2.6+0.0s
[400/1120]	[L1: 0.0295]	2.6+0.0s
[440/1120]	[L1: 0.0296]	2.6+0.0s
[480/1120]	[L1: 0.0299]	2.6+0.0s
[520/1120]	[L1: 0.0297]	2.6+0.0s
[560/1120]	[L1: 0.0295]	2.6+0.0s
[600/1120]	[L1: 0.0295]	2.7+0.0s
[640/1120]	[L1: 0.0295]	2.6+0.0s
[680/1120]	[L1: 0.0295]	2.6+0.0s
[720/1120]	[L1: 0.0297]	2.6+0.0s
[760/1120]	[L1: 0.0297]	2.7+0.0s
[800/1120]	[L1: 0.0298]	2.6+0.0s
[840/1120]	[L1: 0.0296]	2.8+0.0s
[880/1120]	[L1: 0.0297]	2.8+0.0s
[920/1120]	[L1: 0.0296]	2.6+0.0s
[960/1120]	[L1: 0.0295]	2.6+0.0s
[1000/1120]	[L1: 0.0295]	2.6+0.0s
[1040/1120]	[L1: 0.0296]	2.7+0.0s
[1080/1120]	[L1: 0.0295]	2.6+0.0s
[1120/1120]	[L1: 0.0295]	2.6+0.0s

Evaluation:
[RSSCN7 x4]	psnr: 27.857 (Best: 27.870 @epoch 447)
Total time: 24.27s

[Epoch 463]	Learning rate: 5.00e-5
[40/1120]	[L1: 0.0276]	2.7+0.0s
[80/1120]	[L1: 0.0277]	2.6+0.0s
[120/1120]	[L1: 0.0273]	2.6+0.0s
[160/1120]	[L1: 0.0275]	2.6+0.0s
[200/1120]	[L1: 0.0279]	2.6+0.0s
[240/1120]	[L1: 0.0279]	2.7+0.0s
[280/1120]	[L1: 0.0281]	2.6+0.0s
[320/1120]	[L1: 0.0282]	2.6+0.0s
[360/1120]	[L1: 0.0288]	2.6+0.0s
[400/1120]	[L1: 0.0287]	2.6+0.0s
[440/1120]	[L1: 0.0288]	2.6+0.0s
[480/1120]	[L1: 0.0286]	2.7+0.0s
[520/1120]	[L1: 0.0285]	2.6+0.0s
[560/1120]	[L1: 0.0285]	2.6+0.0s
[600/1120]	[L1: 0.0287]	2.6+0.0s
[640/1120]	[L1: 0.0289]	2.6+0.0s
[680/1120]	[L1: 0.0289]	2.7+0.0s
[720/1120]	[L1: 0.0290]	2.6+0.0s
[760/1120]	[L1: 0.0289]	2.6+0.0s
[800/1120]	[L1: 0.0289]	2.6+0.0s
[840/1120]	[L1: 0.0289]	2.6+0.0s
[880/1120]	[L1: 0.0291]	2.6+0.0s
[920/1120]	[L1: 0.0292]	2.7+0.0s
[960/1120]	[L1: 0.0294]	2.6+0.0s
[1000/1120]	[L1: 0.0295]	2.6+0.0s
[1040/1120]	[L1: 0.0295]	2.6+0.0s
[1080/1120]	[L1: 0.0296]	2.6+0.0s
[1120/1120]	[L1: 0.0295]	2.6+0.0s

Evaluation:
[RSSCN7 x4]	psnr: 27.858 (Best: 27.870 @epoch 447)
Total time: 26.31s

[Epoch 464]	Learning rate: 5.00e-5
[40/1120]	[L1: 0.0274]	2.6+0.0s
[80/1120]	[L1: 0.0280]	2.6+0.0s
[120/1120]	[L1: 0.0292]	2.6+0.0s
[160/1120]	[L1: 0.0285]	2.6+0.0s
[200/1120]	[L1: 0.0287]	2.6+0.0s
[240/1120]	[L1: 0.0281]	2.6+0.0s
[280/1120]	[L1: 0.0286]	2.6+0.0s
[320/1120]	[L1: 0.0293]	2.6+0.0s
[360/1120]	[L1: 0.0292]	2.6+0.0s
[400/1120]	[L1: 0.0292]	2.7+0.0s
[440/1120]	[L1: 0.0292]	2.6+0.0s
[480/1120]	[L1: 0.0292]	2.6+0.0s
[520/1120]	[L1: 0.0296]	2.6+0.0s
[560/1120]	[L1: 0.0294]	2.6+0.0s
[600/1120]	[L1: 0.0295]	2.6+0.0s
[640/1120]	[L1: 0.0298]	2.6+0.0s
[680/1120]	[L1: 0.0297]	2.6+0.0s
[720/1120]	[L1: 0.0298]	2.6+0.0s
[760/1120]	[L1: 0.0298]	2.6+0.0s
[800/1120]	[L1: 0.0297]	2.6+0.0s
[840/1120]	[L1: 0.0297]	2.6+0.0s
[880/1120]	[L1: 0.0298]	2.6+0.0s
[920/1120]	[L1: 0.0298]	2.6+0.0s
[960/1120]	[L1: 0.0297]	2.6+0.0s
[1000/1120]	[L1: 0.0297]	2.6+0.0s
[1040/1120]	[L1: 0.0296]	2.6+0.0s
[1080/1120]	[L1: 0.0296]	2.6+0.0s
[1120/1120]	[L1: 0.0295]	2.6+0.0s

Evaluation:
[RSSCN7 x4]	psnr: 27.857 (Best: 27.870 @epoch 447)
Total time: 24.76s

[Epoch 465]	Learning rate: 5.00e-5
[40/1120]	[L1: 0.0320]	2.6+0.1s
[80/1120]	[L1: 0.0291]	2.7+0.0s
[120/1120]	[L1: 0.0291]	2.6+0.0s
[160/1120]	[L1: 0.0304]	2.6+0.0s
[200/1120]	[L1: 0.0297]	2.6+0.0s
[240/1120]	[L1: 0.0297]	2.6+0.0s
[280/1120]	[L1: 0.0292]	2.6+0.0s
[320/1120]	[L1: 0.0290]	2.7+0.0s
[360/1120]	[L1: 0.0291]	2.6+0.0s
[400/1120]	[L1: 0.0293]	2.6+0.0s
[440/1120]	[L1: 0.0293]	2.6+0.0s
[480/1120]	[L1: 0.0293]	2.6+0.0s
[520/1120]	[L1: 0.0293]	2.7+0.0s
[560/1120]	[L1: 0.0296]	2.6+0.0s
[600/1120]	[L1: 0.0295]	2.6+0.0s
[640/1120]	[L1: 0.0295]	2.6+0.0s
[680/1120]	[L1: 0.0297]	2.6+0.0s
[720/1120]	[L1: 0.0296]	2.6+0.0s
[760/1120]	[L1: 0.0296]	2.7+0.0s
[800/1120]	[L1: 0.0295]	2.6+0.0s
[840/1120]	[L1: 0.0294]	2.6+0.0s
[880/1120]	[L1: 0.0296]	2.6+0.0s
[920/1120]	[L1: 0.0295]	2.6+0.0s
[960/1120]	[L1: 0.0293]	2.8+0.0s
[1000/1120]	[L1: 0.0293]	2.8+0.0s
[1040/1120]	[L1: 0.0293]	2.6+0.0s
[1080/1120]	[L1: 0.0294]	2.6+0.0s
[1120/1120]	[L1: 0.0294]	2.6+0.0s

Evaluation:
[RSSCN7 x4]	psnr: 27.852 (Best: 27.870 @epoch 447)
Total time: 25.60s

[Epoch 466]	Learning rate: 5.00e-5
[40/1120]	[L1: 0.0283]	2.6+0.0s
[80/1120]	[L1: 0.0299]	2.6+0.0s
[120/1120]	[L1: 0.0303]	2.6+0.0s
[160/1120]	[L1: 0.0296]	2.6+0.0s
[200/1120]	[L1: 0.0300]	2.6+0.0s
[240/1120]	[L1: 0.0303]	2.6+0.0s
[280/1120]	[L1: 0.0301]	2.7+0.0s
[320/1120]	[L1: 0.0298]	2.6+0.0s
[360/1120]	[L1: 0.0299]	2.6+0.0s
[400/1120]	[L1: 0.0297]	2.6+0.0s
[440/1120]	[L1: 0.0297]	2.6+0.0s
[480/1120]	[L1: 0.0296]	2.7+0.0s
[520/1120]	[L1: 0.0296]	2.6+0.0s
[560/1120]	[L1: 0.0297]	2.6+0.0s
[600/1120]	[L1: 0.0294]	2.6+0.0s
[640/1120]	[L1: 0.0294]	2.6+0.0s
[680/1120]	[L1: 0.0295]	2.6+0.0s
[720/1120]	[L1: 0.0294]	2.7+0.0s
[760/1120]	[L1: 0.0295]	2.6+0.0s
[800/1120]	[L1: 0.0296]	2.6+0.0s
[840/1120]	[L1: 0.0295]	2.6+0.0s
[880/1120]	[L1: 0.0296]	2.6+0.0s
[920/1120]	[L1: 0.0296]	2.7+0.0s
[960/1120]	[L1: 0.0296]	2.6+0.0s
[1000/1120]	[L1: 0.0295]	2.6+0.0s
[1040/1120]	[L1: 0.0296]	2.6+0.0s
[1080/1120]	[L1: 0.0295]	2.6+0.0s
[1120/1120]	[L1: 0.0294]	2.6+0.0s

Evaluation:
[RSSCN7 x4]	psnr: 27.859 (Best: 27.870 @epoch 447)
Total time: 26.59s

[Epoch 467]	Learning rate: 5.00e-5
[40/1120]	[L1: 0.0268]	2.8+0.0s
[80/1120]	[L1: 0.0286]	2.8+0.0s
[120/1120]	[L1: 0.0290]	2.7+0.0s
[160/1120]	[L1: 0.0300]	2.6+0.0s
[200/1120]	[L1: 0.0293]	2.6+0.0s
[240/1120]	[L1: 0.0301]	2.7+0.0s
[280/1120]	[L1: 0.0298]	2.6+0.0s
[320/1120]	[L1: 0.0300]	2.6+0.0s
[360/1120]	[L1: 0.0299]	2.6+0.0s
[400/1120]	[L1: 0.0298]	2.6+0.0s
[440/1120]	[L1: 0.0297]	2.6+0.0s
[480/1120]	[L1: 0.0297]	2.6+0.0s
[520/1120]	[L1: 0.0296]	2.6+0.0s
[560/1120]	[L1: 0.0293]	2.6+0.0s
[600/1120]	[L1: 0.0291]	2.6+0.0s
[640/1120]	[L1: 0.0291]	2.6+0.0s
[680/1120]	[L1: 0.0293]	2.7+0.0s
[720/1120]	[L1: 0.0290]	2.6+0.0s
[760/1120]	[L1: 0.0292]	2.6+0.0s
[800/1120]	[L1: 0.0293]	2.6+0.0s
[840/1120]	[L1: 0.0294]	2.6+0.0s
[880/1120]	[L1: 0.0294]	2.6+0.0s
[920/1120]	[L1: 0.0294]	2.6+0.0s
[960/1120]	[L1: 0.0293]	2.6+0.0s
[1000/1120]	[L1: 0.0293]	2.6+0.0s
[1040/1120]	[L1: 0.0293]	2.6+0.0s
[1080/1120]	[L1: 0.0294]	2.5+0.0s
[1120/1120]	[L1: 0.0295]	2.6+0.0s

Evaluation:
[RSSCN7 x4]	psnr: 27.856 (Best: 27.870 @epoch 447)
Total time: 24.95s

[Epoch 468]	Learning rate: 5.00e-5
[40/1120]	[L1: 0.0296]	3.3+0.1s
[80/1120]	[L1: 0.0298]	3.0+0.0s
[120/1120]	[L1: 0.0294]	2.6+0.0s
[160/1120]	[L1: 0.0299]	2.6+0.0s
[200/1120]	[L1: 0.0286]	2.7+0.0s
[240/1120]	[L1: 0.0275]	2.6+0.0s
[280/1120]	[L1: 0.0277]	2.6+0.0s
[320/1120]	[L1: 0.0278]	2.6+0.0s
[360/1120]	[L1: 0.0277]	2.6+0.0s
[400/1120]	[L1: 0.0278]	2.7+0.0s
[440/1120]	[L1: 0.0284]	2.6+0.0s
[480/1120]	[L1: 0.0284]	2.6+0.0s
[520/1120]	[L1: 0.0284]	2.6+0.0s
[560/1120]	[L1: 0.0285]	2.6+0.0s
[600/1120]	[L1: 0.0290]	2.6+0.0s
[640/1120]	[L1: 0.0289]	2.7+0.0s
[680/1120]	[L1: 0.0291]	2.7+0.0s
[720/1120]	[L1: 0.0292]	2.6+0.0s
[760/1120]	[L1: 0.0292]	2.6+0.0s
[800/1120]	[L1: 0.0292]	2.6+0.0s
[840/1120]	[L1: 0.0292]	2.7+0.0s
[880/1120]	[L1: 0.0293]	2.6+0.0s
[920/1120]	[L1: 0.0294]	2.6+0.0s
[960/1120]	[L1: 0.0294]	2.6+0.0s
[1000/1120]	[L1: 0.0295]	2.6+0.0s
[1040/1120]	[L1: 0.0296]	2.6+0.0s
[1080/1120]	[L1: 0.0295]	2.9+0.0s
[1120/1120]	[L1: 0.0294]	2.6+0.0s

Evaluation:
[RSSCN7 x4]	psnr: 27.854 (Best: 27.870 @epoch 447)
Total time: 28.80s

[Epoch 469]	Learning rate: 5.00e-5
[40/1120]	[L1: 0.0272]	3.3+0.1s
[80/1120]	[L1: 0.0276]	3.4+0.0s
[120/1120]	[L1: 0.0277]	3.1+0.0s
[160/1120]	[L1: 0.0281]	2.6+0.0s
[200/1120]	[L1: 0.0283]	2.6+0.0s
[240/1120]	[L1: 0.0289]	2.6+0.0s
[280/1120]	[L1: 0.0289]	2.6+0.0s
[320/1120]	[L1: 0.0287]	2.7+0.0s
[360/1120]	[L1: 0.0287]	2.6+0.0s
[400/1120]	[L1: 0.0285]	2.6+0.0s
[440/1120]	[L1: 0.0284]	2.6+0.0s
[480/1120]	[L1: 0.0289]	2.6+0.0s
[520/1120]	[L1: 0.0288]	2.6+0.0s
[560/1120]	[L1: 0.0288]	2.6+0.0s
[600/1120]	[L1: 0.0286]	2.7+0.0s
[640/1120]	[L1: 0.0288]	2.6+0.0s
[680/1120]	[L1: 0.0289]	2.6+0.0s
[720/1120]	[L1: 0.0290]	2.9+0.0s
[760/1120]	[L1: 0.0290]	3.3+0.0s
[800/1120]	[L1: 0.0291]	2.6+0.0s
[840/1120]	[L1: 0.0291]	2.8+0.0s
[880/1120]	[L1: 0.0292]	2.9+0.0s
[920/1120]	[L1: 0.0293]	2.7+0.0s
[960/1120]	[L1: 0.0293]	2.6+0.0s
[1000/1120]	[L1: 0.0294]	2.6+0.0s
[1040/1120]	[L1: 0.0294]	2.7+0.0s
[1080/1120]	[L1: 0.0294]	2.6+0.0s
[1120/1120]	[L1: 0.0293]	2.6+0.0s

Evaluation:
[RSSCN7 x4]	psnr: 27.853 (Best: 27.870 @epoch 447)
Total time: 31.21s

[Epoch 470]	Learning rate: 5.00e-5
[40/1120]	[L1: 0.0261]	3.7+0.0s
[80/1120]	[L1: 0.0269]	3.4+0.0s
[120/1120]	[L1: 0.0282]	3.1+0.0s
[160/1120]	[L1: 0.0280]	2.8+0.0s
[200/1120]	[L1: 0.0281]	2.6+0.0s
[240/1120]	[L1: 0.0279]	2.7+0.0s
[280/1120]	[L1: 0.0279]	2.6+0.0s
[320/1120]	[L1: 0.0280]	2.6+0.0s
[360/1120]	[L1: 0.0277]	2.6+0.0s
[400/1120]	[L1: 0.0281]	2.6+0.0s
[440/1120]	[L1: 0.0280]	2.6+0.0s
[480/1120]	[L1: 0.0282]	2.7+0.0s
[520/1120]	[L1: 0.0282]	2.6+0.0s
[560/1120]	[L1: 0.0284]	2.6+0.0s
[600/1120]	[L1: 0.0289]	2.6+0.0s
[640/1120]	[L1: 0.0290]	2.6+0.0s
[680/1120]	[L1: 0.0288]	2.7+0.0s
[720/1120]	[L1: 0.0291]	2.6+0.0s
[760/1120]	[L1: 0.0290]	2.6+0.0s
[800/1120]	[L1: 0.0290]	2.6+0.0s
[840/1120]	[L1: 0.0292]	2.6+0.0s
[880/1120]	[L1: 0.0293]	2.6+0.0s
[920/1120]	[L1: 0.0293]	2.7+0.0s
[960/1120]	[L1: 0.0292]	2.6+0.0s
[1000/1120]	[L1: 0.0292]	2.8+0.0s
[1040/1120]	[L1: 0.0295]	2.7+0.0s
[1080/1120]	[L1: 0.0294]	2.6+0.0s
[1120/1120]	[L1: 0.0294]	2.7+0.0s

Evaluation:
[RSSCN7 x4]	psnr: 27.862 (Best: 27.870 @epoch 447)
Total time: 31.23s

[Epoch 471]	Learning rate: 5.00e-5
[40/1120]	[L1: 0.0327]	3.4+0.0s
[80/1120]	[L1: 0.0311]	3.4+0.0s
[120/1120]	[L1: 0.0311]	3.6+0.0s
[160/1120]	[L1: 0.0310]	3.4+0.0s
[200/1120]	[L1: 0.0301]	3.0+0.0s
[240/1120]	[L1: 0.0303]	2.6+0.0s
[280/1120]	[L1: 0.0298]	2.6+0.0s
[320/1120]	[L1: 0.0294]	2.6+0.0s
[360/1120]	[L1: 0.0294]	2.6+0.0s
[400/1120]	[L1: 0.0293]	2.9+0.0s
[440/1120]	[L1: 0.0292]	2.9+0.0s
[480/1120]	[L1: 0.0291]	2.8+0.0s
[520/1120]	[L1: 0.0292]	2.6+0.0s
[560/1120]	[L1: 0.0290]	2.6+0.0s
[600/1120]	[L1: 0.0288]	2.7+0.0s
[640/1120]	[L1: 0.0289]	2.6+0.0s
[680/1120]	[L1: 0.0289]	2.8+0.0s
[720/1120]	[L1: 0.0290]	2.8+0.0s
[760/1120]	[L1: 0.0289]	2.6+0.0s
[800/1120]	[L1: 0.0289]	2.6+0.0s
[840/1120]	[L1: 0.0290]	2.7+0.0s
[880/1120]	[L1: 0.0289]	2.6+0.0s
[920/1120]	[L1: 0.0290]	2.6+0.0s
[960/1120]	[L1: 0.0293]	2.6+0.0s
[1000/1120]	[L1: 0.0293]	2.6+0.0s
[1040/1120]	[L1: 0.0293]	2.7+0.0s
[1080/1120]	[L1: 0.0294]	2.6+0.0s
[1120/1120]	[L1: 0.0294]	2.6+0.0s

Evaluation:
[RSSCN7 x4]	psnr: 27.862 (Best: 27.870 @epoch 447)
Total time: 26.61s

[Epoch 472]	Learning rate: 5.00e-5
[40/1120]	[L1: 0.0286]	3.4+0.0s
[80/1120]	[L1: 0.0281]	3.2+0.0s
[120/1120]	[L1: 0.0279]	2.6+0.0s
[160/1120]	[L1: 0.0273]	2.6+0.0s
[200/1120]	[L1: 0.0270]	2.6+0.0s
[240/1120]	[L1: 0.0275]	2.6+0.0s
[280/1120]	[L1: 0.0278]	2.6+0.0s
[320/1120]	[L1: 0.0273]	2.7+0.0s
[360/1120]	[L1: 0.0281]	2.6+0.0s
[400/1120]	[L1: 0.0280]	2.6+0.0s
[440/1120]	[L1: 0.0278]	2.6+0.0s
[480/1120]	[L1: 0.0280]	2.6+0.0s
[520/1120]	[L1: 0.0282]	2.7+0.0s
[560/1120]	[L1: 0.0284]	2.6+0.0s
[600/1120]	[L1: 0.0286]	2.6+0.0s
[640/1120]	[L1: 0.0287]	2.6+0.0s
[680/1120]	[L1: 0.0287]	2.6+0.0s
[720/1120]	[L1: 0.0290]	2.6+0.0s
[760/1120]	[L1: 0.0289]	2.7+0.0s
[800/1120]	[L1: 0.0289]	2.6+0.0s
[840/1120]	[L1: 0.0291]	2.6+0.0s
[880/1120]	[L1: 0.0292]	2.6+0.0s
[920/1120]	[L1: 0.0293]	2.6+0.0s
[960/1120]	[L1: 0.0294]	2.7+0.0s
[1000/1120]	[L1: 0.0295]	2.6+0.0s
[1040/1120]	[L1: 0.0295]	2.6+0.0s
[1080/1120]	[L1: 0.0294]	2.6+0.0s
[1120/1120]	[L1: 0.0295]	2.6+0.0s

Evaluation:
[RSSCN7 x4]	psnr: 27.852 (Best: 27.870 @epoch 447)
Total time: 25.12s

[Epoch 473]	Learning rate: 5.00e-5
[40/1120]	[L1: 0.0339]	2.6+0.0s
[80/1120]	[L1: 0.0296]	2.6+0.0s
[120/1120]	[L1: 0.0285]	2.6+0.0s
[160/1120]	[L1: 0.0280]	2.6+0.0s
[200/1120]	[L1: 0.0288]	2.6+0.0s
[240/1120]	[L1: 0.0292]	2.6+0.0s
[280/1120]	[L1: 0.0291]	2.6+0.0s
[320/1120]	[L1: 0.0290]	2.6+0.0s
[360/1120]	[L1: 0.0293]	2.6+0.0s
[400/1120]	[L1: 0.0296]	2.6+0.0s
[440/1120]	[L1: 0.0296]	2.6+0.0s
[480/1120]	[L1: 0.0300]	2.6+0.0s
[520/1120]	[L1: 0.0298]	2.6+0.0s
[560/1120]	[L1: 0.0297]	2.6+0.0s
[600/1120]	[L1: 0.0298]	2.6+0.0s
[640/1120]	[L1: 0.0299]	2.6+0.0s
[680/1120]	[L1: 0.0299]	2.6+0.0s
[720/1120]	[L1: 0.0298]	2.6+0.0s
[760/1120]	[L1: 0.0298]	2.6+0.0s
[800/1120]	[L1: 0.0296]	2.6+0.0s
[840/1120]	[L1: 0.0295]	2.6+0.0s
[880/1120]	[L1: 0.0298]	2.6+0.0s
[920/1120]	[L1: 0.0298]	2.7+0.0s
[960/1120]	[L1: 0.0297]	2.6+0.0s
[1000/1120]	[L1: 0.0296]	2.6+0.0s
[1040/1120]	[L1: 0.0295]	2.6+0.0s
[1080/1120]	[L1: 0.0294]	2.6+0.0s
[1120/1120]	[L1: 0.0294]	2.6+0.0s

Evaluation:
[RSSCN7 x4]	psnr: 27.857 (Best: 27.870 @epoch 447)
Total time: 25.66s

[Epoch 474]	Learning rate: 5.00e-5
[40/1120]	[L1: 0.0320]	2.8+0.0s
[80/1120]	[L1: 0.0325]	2.8+0.0s
[120/1120]	[L1: 0.0309]	2.7+0.0s
[160/1120]	[L1: 0.0304]	2.6+0.0s
[200/1120]	[L1: 0.0301]	2.7+0.0s
[240/1120]	[L1: 0.0299]	2.6+0.0s
[280/1120]	[L1: 0.0306]	2.6+0.0s
[320/1120]	[L1: 0.0303]	2.6+0.0s
[360/1120]	[L1: 0.0302]	2.6+0.0s
[400/1120]	[L1: 0.0301]	2.6+0.0s
[440/1120]	[L1: 0.0298]	2.7+0.0s
[480/1120]	[L1: 0.0297]	2.6+0.0s
[520/1120]	[L1: 0.0297]	2.6+0.0s
[560/1120]	[L1: 0.0297]	2.7+0.0s
[600/1120]	[L1: 0.0297]	3.4+0.0s
[640/1120]	[L1: 0.0296]	3.6+0.0s
[680/1120]	[L1: 0.0297]	3.0+0.0s
[720/1120]	[L1: 0.0296]	2.6+0.0s
[760/1120]	[L1: 0.0296]	2.6+0.0s
[800/1120]	[L1: 0.0295]	2.6+0.0s
[840/1120]	[L1: 0.0296]	2.6+0.0s
[880/1120]	[L1: 0.0296]	2.7+0.0s
[920/1120]	[L1: 0.0295]	3.0+0.0s
[960/1120]	[L1: 0.0295]	2.6+0.0s
[1000/1120]	[L1: 0.0294]	2.6+0.0s
[1040/1120]	[L1: 0.0297]	2.6+0.0s
[1080/1120]	[L1: 0.0296]	2.8+0.0s
[1120/1120]	[L1: 0.0294]	2.8+0.0s

Evaluation:
[RSSCN7 x4]	psnr: 27.847 (Best: 27.870 @epoch 447)
Total time: 29.58s

[Epoch 475]	Learning rate: 5.00e-5
[40/1120]	[L1: 0.0279]	3.4+0.0s
[80/1120]	[L1: 0.0271]	3.3+0.0s
[120/1120]	[L1: 0.0269]	2.9+0.0s
[160/1120]	[L1: 0.0280]	2.6+0.0s
[200/1120]	[L1: 0.0285]	2.6+0.0s
[240/1120]	[L1: 0.0289]	2.6+0.0s
[280/1120]	[L1: 0.0292]	2.6+0.0s
[320/1120]	[L1: 0.0288]	2.6+0.0s
[360/1120]	[L1: 0.0288]	2.7+0.0s
[400/1120]	[L1: 0.0289]	2.6+0.0s
[440/1120]	[L1: 0.0289]	2.6+0.0s
[480/1120]	[L1: 0.0287]	2.6+0.0s
[520/1120]	[L1: 0.0288]	2.8+0.0s
[560/1120]	[L1: 0.0291]	3.0+0.0s
[600/1120]	[L1: 0.0292]	3.1+0.0s
[640/1120]	[L1: 0.0294]	3.0+0.0s
[680/1120]	[L1: 0.0294]	2.8+0.0s
[720/1120]	[L1: 0.0294]	3.2+0.0s
[760/1120]	[L1: 0.0292]	2.6+0.0s
[800/1120]	[L1: 0.0292]	2.7+0.0s
[840/1120]	[L1: 0.0293]	2.6+0.0s
[880/1120]	[L1: 0.0294]	2.8+0.0s
[920/1120]	[L1: 0.0291]	2.9+0.0s
[960/1120]	[L1: 0.0292]	3.4+0.0s
[1000/1120]	[L1: 0.0295]	2.7+0.0s
[1040/1120]	[L1: 0.0296]	2.6+0.0s
[1080/1120]	[L1: 0.0296]	2.6+0.0s
[1120/1120]	[L1: 0.0295]	2.6+0.0s

Evaluation:
[RSSCN7 x4]	psnr: 27.836 (Best: 27.870 @epoch 447)
Total time: 28.35s

[Epoch 476]	Learning rate: 5.00e-5
[40/1120]	[L1: 0.0267]	3.5+0.0s
[80/1120]	[L1: 0.0297]	3.3+0.0s
[120/1120]	[L1: 0.0310]	3.3+0.0s
[160/1120]	[L1: 0.0310]	2.9+0.0s
[200/1120]	[L1: 0.0306]	2.6+0.0s
[240/1120]	[L1: 0.0304]	2.6+0.0s
[280/1120]	[L1: 0.0312]	2.6+0.0s
[320/1120]	[L1: 0.0317]	2.7+0.0s
[360/1120]	[L1: 0.0312]	2.6+0.0s
[400/1120]	[L1: 0.0309]	2.6+0.0s
[440/1120]	[L1: 0.0305]	2.6+0.0s
[480/1120]	[L1: 0.0305]	2.6+0.0s
[520/1120]	[L1: 0.0307]	2.7+0.0s
[560/1120]	[L1: 0.0304]	2.6+0.0s
[600/1120]	[L1: 0.0304]	2.6+0.0s
[640/1120]	[L1: 0.0303]	2.6+0.0s
[680/1120]	[L1: 0.0301]	2.6+0.0s
[720/1120]	[L1: 0.0298]	2.6+0.0s
[760/1120]	[L1: 0.0298]	2.7+0.0s
[800/1120]	[L1: 0.0295]	2.6+0.0s
[840/1120]	[L1: 0.0294]	2.6+0.0s
[880/1120]	[L1: 0.0294]	2.8+0.0s
[920/1120]	[L1: 0.0297]	2.8+0.0s
[960/1120]	[L1: 0.0296]	2.7+0.0s
[1000/1120]	[L1: 0.0295]	2.6+0.0s
[1040/1120]	[L1: 0.0296]	2.8+0.0s
[1080/1120]	[L1: 0.0295]	2.8+0.0s
[1120/1120]	[L1: 0.0295]	2.6+0.0s

Evaluation:
[RSSCN7 x4]	psnr: 27.860 (Best: 27.870 @epoch 447)
Total time: 28.23s

[Epoch 477]	Learning rate: 5.00e-5
[40/1120]	[L1: 0.0301]	2.6+0.1s
[80/1120]	[L1: 0.0322]	2.6+0.0s
[120/1120]	[L1: 0.0306]	2.6+0.0s
[160/1120]	[L1: 0.0304]	2.6+0.0s
[200/1120]	[L1: 0.0298]	2.6+0.0s
[240/1120]	[L1: 0.0298]	2.6+0.0s
[280/1120]	[L1: 0.0304]	2.7+0.0s
[320/1120]	[L1: 0.0303]	2.6+0.0s
[360/1120]	[L1: 0.0300]	2.6+0.0s
[400/1120]	[L1: 0.0302]	2.6+0.0s
[440/1120]	[L1: 0.0301]	2.6+0.0s
[480/1120]	[L1: 0.0298]	2.7+0.0s
[520/1120]	[L1: 0.0293]	2.6+0.0s
[560/1120]	[L1: 0.0292]	2.6+0.0s
[600/1120]	[L1: 0.0292]	2.6+0.0s
[640/1120]	[L1: 0.0291]	2.6+0.0s
[680/1120]	[L1: 0.0292]	2.6+0.0s
[720/1120]	[L1: 0.0291]	2.6+0.0s
[760/1120]	[L1: 0.0294]	2.9+0.0s
[800/1120]	[L1: 0.0292]	2.6+0.0s
[840/1120]	[L1: 0.0291]	2.6+0.0s
[880/1120]	[L1: 0.0290]	2.6+0.0s
[920/1120]	[L1: 0.0292]	2.6+0.0s
[960/1120]	[L1: 0.0293]	2.7+0.0s
[1000/1120]	[L1: 0.0295]	2.6+0.0s
[1040/1120]	[L1: 0.0295]	2.6+0.0s
[1080/1120]	[L1: 0.0295]	2.6+0.0s
[1120/1120]	[L1: 0.0294]	2.6+0.0s

Evaluation:
[RSSCN7 x4]	psnr: 27.855 (Best: 27.870 @epoch 447)
Total time: 27.48s

[Epoch 478]	Learning rate: 5.00e-5
[40/1120]	[L1: 0.0253]	2.6+0.0s
[80/1120]	[L1: 0.0275]	2.6+0.0s
[120/1120]	[L1: 0.0274]	2.6+0.0s
[160/1120]	[L1: 0.0278]	2.6+0.0s
[200/1120]	[L1: 0.0280]	2.7+0.0s
[240/1120]	[L1: 0.0286]	2.6+0.0s
[280/1120]	[L1: 0.0283]	2.6+0.0s
[320/1120]	[L1: 0.0286]	2.6+0.0s
[360/1120]	[L1: 0.0291]	2.6+0.0s
[400/1120]	[L1: 0.0286]	2.6+0.0s
[440/1120]	[L1: 0.0288]	2.7+0.0s
[480/1120]	[L1: 0.0289]	2.8+0.0s
[520/1120]	[L1: 0.0286]	2.8+0.0s
[560/1120]	[L1: 0.0289]	2.8+0.0s
[600/1120]	[L1: 0.0289]	2.9+0.0s
[640/1120]	[L1: 0.0288]	3.0+0.0s
[680/1120]	[L1: 0.0290]	2.8+0.0s
[720/1120]	[L1: 0.0291]	2.7+0.0s
[760/1120]	[L1: 0.0291]	2.6+0.0s
[800/1120]	[L1: 0.0293]	2.8+0.0s
[840/1120]	[L1: 0.0293]	2.7+0.0s
[880/1120]	[L1: 0.0291]	2.7+0.0s
[920/1120]	[L1: 0.0292]	2.6+0.0s
[960/1120]	[L1: 0.0292]	2.6+0.0s
[1000/1120]	[L1: 0.0294]	2.6+0.0s
[1040/1120]	[L1: 0.0295]	2.6+0.0s
[1080/1120]	[L1: 0.0295]	2.7+0.0s
[1120/1120]	[L1: 0.0295]	2.6+0.0s

Evaluation:
[RSSCN7 x4]	psnr: 27.849 (Best: 27.870 @epoch 447)
Total time: 24.56s

[Epoch 479]	Learning rate: 5.00e-5
[40/1120]	[L1: 0.0301]	2.6+0.0s
[80/1120]	[L1: 0.0308]	2.7+0.0s
[120/1120]	[L1: 0.0288]	2.6+0.0s
[160/1120]	[L1: 0.0281]	2.6+0.0s
[200/1120]	[L1: 0.0285]	2.6+0.0s
[240/1120]	[L1: 0.0288]	2.6+0.0s
[280/1120]	[L1: 0.0291]	2.6+0.0s
[320/1120]	[L1: 0.0290]	2.6+0.0s
[360/1120]	[L1: 0.0290]	2.7+0.0s
[400/1120]	[L1: 0.0294]	2.6+0.0s
[440/1120]	[L1: 0.0293]	2.6+0.0s
[480/1120]	[L1: 0.0294]	2.6+0.0s
[520/1120]	[L1: 0.0294]	2.6+0.0s
[560/1120]	[L1: 0.0297]	2.7+0.0s
[600/1120]	[L1: 0.0296]	2.6+0.0s
[640/1120]	[L1: 0.0297]	2.6+0.0s
[680/1120]	[L1: 0.0297]	2.6+0.0s
[720/1120]	[L1: 0.0296]	2.6+0.0s
[760/1120]	[L1: 0.0295]	2.6+0.0s
[800/1120]	[L1: 0.0293]	2.7+0.0s
[840/1120]	[L1: 0.0294]	2.6+0.0s
[880/1120]	[L1: 0.0294]	2.6+0.0s
[920/1120]	[L1: 0.0294]	2.6+0.0s
[960/1120]	[L1: 0.0294]	2.6+0.0s
[1000/1120]	[L1: 0.0294]	2.7+0.0s
[1040/1120]	[L1: 0.0294]	2.6+0.0s
[1080/1120]	[L1: 0.0294]	2.6+0.0s
[1120/1120]	[L1: 0.0294]	2.6+0.0s

Evaluation:
[RSSCN7 x4]	psnr: 27.856 (Best: 27.870 @epoch 447)
Total time: 26.21s

[Epoch 480]	Learning rate: 5.00e-5
[40/1120]	[L1: 0.0306]	3.5+0.0s
[80/1120]	[L1: 0.0286]	3.2+0.0s
[120/1120]	[L1: 0.0285]	2.6+0.0s
[160/1120]	[L1: 0.0292]	2.6+0.0s
[200/1120]	[L1: 0.0293]	2.6+0.0s
[240/1120]	[L1: 0.0297]	2.6+0.0s
[280/1120]	[L1: 0.0299]	2.7+0.0s
[320/1120]	[L1: 0.0300]	2.6+0.0s
[360/1120]	[L1: 0.0299]	2.6+0.0s
[400/1120]	[L1: 0.0297]	2.6+0.0s
[440/1120]	[L1: 0.0298]	2.6+0.0s
[480/1120]	[L1: 0.0296]	2.7+0.0s
[520/1120]	[L1: 0.0295]	2.6+0.0s
[560/1120]	[L1: 0.0297]	2.6+0.0s
[600/1120]	[L1: 0.0295]	2.6+0.0s
[640/1120]	[L1: 0.0295]	2.6+0.0s
[680/1120]	[L1: 0.0294]	2.6+0.0s
[720/1120]	[L1: 0.0294]	2.6+0.0s
[760/1120]	[L1: 0.0293]	2.6+0.0s
[800/1120]	[L1: 0.0294]	2.6+0.0s
[840/1120]	[L1: 0.0295]	2.6+0.0s
[880/1120]	[L1: 0.0295]	2.7+0.0s
[920/1120]	[L1: 0.0294]	2.9+0.0s
[960/1120]	[L1: 0.0294]	2.6+0.0s
[1000/1120]	[L1: 0.0294]	2.6+0.0s
[1040/1120]	[L1: 0.0294]	2.6+0.0s
[1080/1120]	[L1: 0.0295]	2.6+0.0s
[1120/1120]	[L1: 0.0294]	2.6+0.0s

Evaluation:
[RSSCN7 x4]	psnr: 27.856 (Best: 27.870 @epoch 447)
Total time: 29.28s

[Epoch 481]	Learning rate: 5.00e-5
[40/1120]	[L1: 0.0274]	3.6+0.0s
[80/1120]	[L1: 0.0288]	3.6+0.0s
[120/1120]	[L1: 0.0290]	3.7+0.0s
[160/1120]	[L1: 0.0293]	3.6+0.0s
[200/1120]	[L1: 0.0292]	3.8+0.0s
[240/1120]	[L1: 0.0286]	3.5+0.0s
[280/1120]	[L1: 0.0286]	3.4+0.0s
[320/1120]	[L1: 0.0290]	3.4+0.0s
[360/1120]	[L1: 0.0289]	3.4+0.0s
[400/1120]	[L1: 0.0291]	2.6+0.0s
[440/1120]	[L1: 0.0293]	2.7+0.0s
[480/1120]	[L1: 0.0297]	2.6+0.0s
[520/1120]	[L1: 0.0301]	2.6+0.0s
[560/1120]	[L1: 0.0300]	2.6+0.0s
[600/1120]	[L1: 0.0296]	2.8+0.0s
[640/1120]	[L1: 0.0296]	2.9+0.0s
[680/1120]	[L1: 0.0298]	2.6+0.0s
[720/1120]	[L1: 0.0297]	2.6+0.0s
[760/1120]	[L1: 0.0297]	2.6+0.0s
[800/1120]	[L1: 0.0297]	2.6+0.0s
[840/1120]	[L1: 0.0297]	2.6+0.0s
[880/1120]	[L1: 0.0298]	2.7+0.0s
[920/1120]	[L1: 0.0294]	2.6+0.0s
[960/1120]	[L1: 0.0294]	2.6+0.0s
[1000/1120]	[L1: 0.0294]	2.6+0.0s
[1040/1120]	[L1: 0.0294]	2.6+0.0s
[1080/1120]	[L1: 0.0295]	2.7+0.0s
[1120/1120]	[L1: 0.0294]	2.6+0.0s

Evaluation:
[RSSCN7 x4]	psnr: 27.848 (Best: 27.870 @epoch 447)
Total time: 30.66s

[Epoch 482]	Learning rate: 5.00e-5
[40/1120]	[L1: 0.0293]	3.3+0.1s
[80/1120]	[L1: 0.0296]	3.3+0.0s
[120/1120]	[L1: 0.0279]	2.7+0.0s
[160/1120]	[L1: 0.0288]	2.6+0.0s
[200/1120]	[L1: 0.0286]	2.6+0.0s
[240/1120]	[L1: 0.0295]	2.6+0.0s
[280/1120]	[L1: 0.0291]	2.6+0.0s
[320/1120]	[L1: 0.0289]	2.7+0.0s
[360/1120]	[L1: 0.0291]	2.6+0.0s
[400/1120]	[L1: 0.0290]	2.6+0.0s
[440/1120]	[L1: 0.0292]	2.6+0.0s
[480/1120]	[L1: 0.0292]	2.6+0.0s
[520/1120]	[L1: 0.0295]	2.6+0.0s
[560/1120]	[L1: 0.0295]	2.6+0.0s
[600/1120]	[L1: 0.0296]	2.7+0.0s
[640/1120]	[L1: 0.0294]	2.6+0.0s
[680/1120]	[L1: 0.0294]	2.6+0.0s
[720/1120]	[L1: 0.0295]	2.6+0.0s
[760/1120]	[L1: 0.0295]	2.7+0.0s
[800/1120]	[L1: 0.0297]	2.6+0.0s
[840/1120]	[L1: 0.0298]	2.6+0.0s
[880/1120]	[L1: 0.0297]	2.6+0.0s
[920/1120]	[L1: 0.0296]	2.7+0.0s
[960/1120]	[L1: 0.0297]	2.6+0.0s
[1000/1120]	[L1: 0.0296]	3.1+0.0s
[1040/1120]	[L1: 0.0296]	3.4+0.0s
[1080/1120]	[L1: 0.0294]	2.6+0.0s
[1120/1120]	[L1: 0.0295]	2.9+0.0s

Evaluation:
[RSSCN7 x4]	psnr: 27.851 (Best: 27.870 @epoch 447)
Total time: 31.90s

[Epoch 483]	Learning rate: 5.00e-5
[40/1120]	[L1: 0.0321]	3.6+0.1s
[80/1120]	[L1: 0.0281]	3.4+0.0s
[120/1120]	[L1: 0.0299]	2.7+0.0s
[160/1120]	[L1: 0.0306]	2.6+0.0s
[200/1120]	[L1: 0.0304]	2.6+0.0s
[240/1120]	[L1: 0.0297]	2.7+0.0s
[280/1120]	[L1: 0.0301]	2.6+0.0s
[320/1120]	[L1: 0.0294]	2.8+0.0s
[360/1120]	[L1: 0.0296]	2.8+0.0s
[400/1120]	[L1: 0.0296]	2.8+0.0s
[440/1120]	[L1: 0.0295]	2.6+0.0s
[480/1120]	[L1: 0.0293]	2.7+0.0s
[520/1120]	[L1: 0.0292]	2.6+0.0s
[560/1120]	[L1: 0.0293]	2.6+0.0s
[600/1120]	[L1: 0.0293]	2.6+0.0s
[640/1120]	[L1: 0.0294]	2.6+0.0s
[680/1120]	[L1: 0.0293]	2.7+0.0s
[720/1120]	[L1: 0.0295]	2.6+0.0s
[760/1120]	[L1: 0.0292]	2.6+0.0s
[800/1120]	[L1: 0.0292]	2.6+0.0s
[840/1120]	[L1: 0.0292]	2.6+0.0s
[880/1120]	[L1: 0.0292]	2.6+0.0s
[920/1120]	[L1: 0.0291]	2.6+0.0s
[960/1120]	[L1: 0.0292]	2.7+0.0s
[1000/1120]	[L1: 0.0291]	2.6+0.0s
[1040/1120]	[L1: 0.0291]	2.6+0.0s
[1080/1120]	[L1: 0.0292]	2.6+0.0s
[1120/1120]	[L1: 0.0294]	2.7+0.0s

Evaluation:
[RSSCN7 x4]	psnr: 27.849 (Best: 27.870 @epoch 447)
Total time: 29.53s

[Epoch 484]	Learning rate: 5.00e-5
[40/1120]	[L1: 0.0329]	2.9+0.1s
[80/1120]	[L1: 0.0296]	2.9+0.0s
[120/1120]	[L1: 0.0292]	3.3+0.0s
[160/1120]	[L1: 0.0284]	2.6+0.0s
[200/1120]	[L1: 0.0281]	2.6+0.0s
[240/1120]	[L1: 0.0284]	2.6+0.0s
[280/1120]	[L1: 0.0290]	2.6+0.0s
[320/1120]	[L1: 0.0290]	2.6+0.0s
[360/1120]	[L1: 0.0287]	2.6+0.0s
[400/1120]	[L1: 0.0289]	2.7+0.0s
[440/1120]	[L1: 0.0290]	2.6+0.0s
[480/1120]	[L1: 0.0290]	2.6+0.0s
[520/1120]	[L1: 0.0291]	2.6+0.0s
[560/1120]	[L1: 0.0291]	2.6+0.0s
[600/1120]	[L1: 0.0290]	2.7+0.0s
[640/1120]	[L1: 0.0291]	2.6+0.0s
[680/1120]	[L1: 0.0294]	2.6+0.0s
[720/1120]	[L1: 0.0294]	2.6+0.0s
[760/1120]	[L1: 0.0293]	2.6+0.0s
[800/1120]	[L1: 0.0295]	2.6+0.0s
[840/1120]	[L1: 0.0295]	2.7+0.0s
[880/1120]	[L1: 0.0296]	2.6+0.0s
[920/1120]	[L1: 0.0293]	2.6+0.0s
[960/1120]	[L1: 0.0294]	2.6+0.0s
[1000/1120]	[L1: 0.0294]	2.6+0.0s
[1040/1120]	[L1: 0.0295]	2.7+0.0s
[1080/1120]	[L1: 0.0295]	2.6+0.0s
[1120/1120]	[L1: 0.0294]	2.6+0.0s

Evaluation:
[RSSCN7 x4]	psnr: 27.865 (Best: 27.870 @epoch 447)
Total time: 25.44s

[Epoch 485]	Learning rate: 5.00e-5
[40/1120]	[L1: 0.0297]	3.5+0.0s
[80/1120]	[L1: 0.0282]	3.7+0.0s
[120/1120]	[L1: 0.0288]	3.0+0.0s
[160/1120]	[L1: 0.0300]	2.6+0.0s
[200/1120]	[L1: 0.0298]	2.8+0.0s
[240/1120]	[L1: 0.0290]	2.8+0.0s
[280/1120]	[L1: 0.0292]	2.8+0.0s
[320/1120]	[L1: 0.0293]	2.7+0.0s
[360/1120]	[L1: 0.0296]	2.6+0.0s
[400/1120]	[L1: 0.0294]	2.9+0.0s
[440/1120]	[L1: 0.0295]	2.7+0.0s
[480/1120]	[L1: 0.0295]	2.6+0.0s
[520/1120]	[L1: 0.0292]	2.7+0.0s
[560/1120]	[L1: 0.0292]	2.6+0.0s
[600/1120]	[L1: 0.0293]	2.6+0.0s
[640/1120]	[L1: 0.0292]	2.6+0.0s
[680/1120]	[L1: 0.0296]	2.6+0.0s
[720/1120]	[L1: 0.0292]	2.6+0.0s
[760/1120]	[L1: 0.0293]	2.6+0.0s
[800/1120]	[L1: 0.0292]	2.7+0.0s
[840/1120]	[L1: 0.0292]	2.6+0.0s
[880/1120]	[L1: 0.0293]	2.6+0.0s
[920/1120]	[L1: 0.0293]	2.6+0.0s
[960/1120]	[L1: 0.0294]	2.7+0.0s
[1000/1120]	[L1: 0.0295]	2.8+0.0s
[1040/1120]	[L1: 0.0294]	2.8+0.0s
[1080/1120]	[L1: 0.0294]	2.8+0.0s
[1120/1120]	[L1: 0.0294]	2.8+0.0s

Evaluation:
[RSSCN7 x4]	psnr: 27.857 (Best: 27.870 @epoch 447)
Total time: 28.40s

[Epoch 486]	Learning rate: 5.00e-5
[40/1120]	[L1: 0.0311]	3.3+0.0s
[80/1120]	[L1: 0.0323]	3.0+0.0s
[120/1120]	[L1: 0.0312]	2.6+0.0s
[160/1120]	[L1: 0.0307]	2.6+0.0s
[200/1120]	[L1: 0.0294]	2.6+0.0s
[240/1120]	[L1: 0.0292]	2.6+0.0s
[280/1120]	[L1: 0.0291]	2.7+0.0s
[320/1120]	[L1: 0.0294]	2.6+0.0s
[360/1120]	[L1: 0.0290]	2.6+0.0s
[400/1120]	[L1: 0.0291]	2.6+0.0s
[440/1120]	[L1: 0.0293]	2.6+0.0s
[480/1120]	[L1: 0.0293]	2.7+0.0s
[520/1120]	[L1: 0.0292]	2.6+0.0s
[560/1120]	[L1: 0.0292]	2.6+0.0s
[600/1120]	[L1: 0.0295]	2.6+0.0s
[640/1120]	[L1: 0.0295]	2.6+0.0s
[680/1120]	[L1: 0.0296]	2.6+0.0s
[720/1120]	[L1: 0.0296]	2.7+0.0s
[760/1120]	[L1: 0.0296]	2.6+0.0s
[800/1120]	[L1: 0.0297]	2.6+0.0s
[840/1120]	[L1: 0.0298]	2.6+0.0s
[880/1120]	[L1: 0.0298]	2.6+0.0s
[920/1120]	[L1: 0.0298]	2.7+0.0s
[960/1120]	[L1: 0.0298]	2.6+0.0s
[1000/1120]	[L1: 0.0295]	2.6+0.0s
[1040/1120]	[L1: 0.0297]	2.6+0.0s
[1080/1120]	[L1: 0.0296]	2.6+0.0s
[1120/1120]	[L1: 0.0296]	2.6+0.0s

Evaluation:
[RSSCN7 x4]	psnr: 27.855 (Best: 27.870 @epoch 447)
Total time: 28.72s

[Epoch 487]	Learning rate: 5.00e-5
[40/1120]	[L1: 0.0317]	2.9+0.0s
[80/1120]	[L1: 0.0297]	3.0+0.0s
[120/1120]	[L1: 0.0278]	3.5+0.0s
[160/1120]	[L1: 0.0281]	3.6+0.0s
[200/1120]	[L1: 0.0293]	3.9+0.0s
[240/1120]	[L1: 0.0294]	3.5+0.0s
[280/1120]	[L1: 0.0299]	3.4+0.0s
[320/1120]	[L1: 0.0298]	3.4+0.0s
[360/1120]	[L1: 0.0299]	2.6+0.0s
[400/1120]	[L1: 0.0300]	2.6+0.0s
[440/1120]	[L1: 0.0301]	2.7+0.0s
[480/1120]	[L1: 0.0298]	2.6+0.0s
[520/1120]	[L1: 0.0297]	2.6+0.0s
[560/1120]	[L1: 0.0296]	2.6+0.0s
[600/1120]	[L1: 0.0296]	2.6+0.0s
[640/1120]	[L1: 0.0299]	2.7+0.0s
[680/1120]	[L1: 0.0297]	2.6+0.0s
[720/1120]	[L1: 0.0295]	2.6+0.0s
[760/1120]	[L1: 0.0294]	2.6+0.0s
[800/1120]	[L1: 0.0294]	2.6+0.0s
[840/1120]	[L1: 0.0297]	2.6+0.0s
[880/1120]	[L1: 0.0298]	3.3+0.0s
[920/1120]	[L1: 0.0298]	2.9+0.0s
[960/1120]	[L1: 0.0297]	2.6+0.0s
[1000/1120]	[L1: 0.0297]	2.6+0.0s
[1040/1120]	[L1: 0.0296]	2.6+0.0s
[1080/1120]	[L1: 0.0296]	2.7+0.0s
[1120/1120]	[L1: 0.0295]	2.6+0.0s

Evaluation:
[RSSCN7 x4]	psnr: 27.861 (Best: 27.870 @epoch 447)
Total time: 25.18s

[Epoch 488]	Learning rate: 5.00e-5
[40/1120]	[L1: 0.0319]	3.4+0.1s
[80/1120]	[L1: 0.0333]	3.4+0.0s
[120/1120]	[L1: 0.0314]	2.7+0.0s
[160/1120]	[L1: 0.0308]	2.6+0.0s
[200/1120]	[L1: 0.0299]	2.6+0.0s
[240/1120]	[L1: 0.0290]	2.6+0.0s
[280/1120]	[L1: 0.0295]	2.6+0.0s
[320/1120]	[L1: 0.0296]	2.7+0.0s
[360/1120]	[L1: 0.0296]	2.6+0.0s
[400/1120]	[L1: 0.0296]	2.6+0.0s
[440/1120]	[L1: 0.0293]	2.6+0.0s
[480/1120]	[L1: 0.0294]	2.6+0.0s
[520/1120]	[L1: 0.0293]	2.6+0.0s
[560/1120]	[L1: 0.0296]	2.6+0.0s
[600/1120]	[L1: 0.0296]	2.7+0.0s
[640/1120]	[L1: 0.0300]	2.6+0.0s
[680/1120]	[L1: 0.0299]	2.6+0.0s
[720/1120]	[L1: 0.0301]	2.6+0.0s
[760/1120]	[L1: 0.0302]	2.7+0.0s
[800/1120]	[L1: 0.0299]	2.6+0.0s
[840/1120]	[L1: 0.0299]	2.6+0.0s
[880/1120]	[L1: 0.0298]	2.6+0.0s
[920/1120]	[L1: 0.0297]	2.6+0.0s
[960/1120]	[L1: 0.0295]	2.6+0.0s
[1000/1120]	[L1: 0.0295]	2.6+0.0s
[1040/1120]	[L1: 0.0296]	2.7+0.0s
[1080/1120]	[L1: 0.0295]	2.6+0.0s
[1120/1120]	[L1: 0.0295]	2.6+0.0s

Evaluation:
[RSSCN7 x4]	psnr: 27.866 (Best: 27.870 @epoch 447)
Total time: 26.27s

[Epoch 489]	Learning rate: 5.00e-5
[40/1120]	[L1: 0.0319]	2.7+0.0s
[80/1120]	[L1: 0.0288]	2.6+0.0s
[120/1120]	[L1: 0.0296]	2.6+0.0s
[160/1120]	[L1: 0.0296]	2.6+0.0s
[200/1120]	[L1: 0.0290]	2.6+0.0s
[240/1120]	[L1: 0.0294]	2.7+0.0s
[280/1120]	[L1: 0.0298]	2.8+0.0s
[320/1120]	[L1: 0.0301]	2.9+0.0s
[360/1120]	[L1: 0.0299]	2.9+0.0s
[400/1120]	[L1: 0.0299]	2.7+0.0s
[440/1120]	[L1: 0.0298]	2.6+0.0s
[480/1120]	[L1: 0.0295]	2.8+0.0s
[520/1120]	[L1: 0.0298]	2.6+0.0s
[560/1120]	[L1: 0.0298]	2.6+0.0s
[600/1120]	[L1: 0.0297]	2.7+0.0s
[640/1120]	[L1: 0.0294]	2.6+0.0s
[680/1120]	[L1: 0.0297]	2.8+0.0s
[720/1120]	[L1: 0.0297]	2.6+0.0s
[760/1120]	[L1: 0.0297]	2.6+0.0s
[800/1120]	[L1: 0.0296]	2.6+0.0s
[840/1120]	[L1: 0.0297]	2.7+0.0s
[880/1120]	[L1: 0.0297]	2.7+0.0s
[920/1120]	[L1: 0.0297]	2.7+0.0s
[960/1120]	[L1: 0.0296]	2.9+0.0s
[1000/1120]	[L1: 0.0295]	2.9+0.0s
[1040/1120]	[L1: 0.0296]	2.6+0.0s
[1080/1120]	[L1: 0.0294]	2.7+0.0s
[1120/1120]	[L1: 0.0294]	2.8+0.0s

Evaluation:
[RSSCN7 x4]	psnr: 27.851 (Best: 27.870 @epoch 447)
Total time: 28.37s

[Epoch 490]	Learning rate: 5.00e-5
[40/1120]	[L1: 0.0268]	2.9+0.0s
[80/1120]	[L1: 0.0273]	3.1+0.0s
[120/1120]	[L1: 0.0280]	3.3+0.0s
[160/1120]	[L1: 0.0285]	2.6+0.0s
[200/1120]	[L1: 0.0292]	2.6+0.0s
[240/1120]	[L1: 0.0297]	2.6+0.0s
[280/1120]	[L1: 0.0294]	2.6+0.0s
[320/1120]	[L1: 0.0293]	2.6+0.0s
[360/1120]	[L1: 0.0292]	2.6+0.0s
[400/1120]	[L1: 0.0291]	2.7+0.0s
[440/1120]	[L1: 0.0289]	2.6+0.0s
[480/1120]	[L1: 0.0288]	2.6+0.0s
[520/1120]	[L1: 0.0290]	2.6+0.0s
[560/1120]	[L1: 0.0290]	2.6+0.0s
[600/1120]	[L1: 0.0291]	2.7+0.0s
[640/1120]	[L1: 0.0291]	2.6+0.0s
[680/1120]	[L1: 0.0292]	2.6+0.0s
[720/1120]	[L1: 0.0292]	2.6+0.0s
[760/1120]	[L1: 0.0293]	2.6+0.0s
[800/1120]	[L1: 0.0292]	2.6+0.0s
[840/1120]	[L1: 0.0295]	2.9+0.0s
[880/1120]	[L1: 0.0294]	2.9+0.0s
[920/1120]	[L1: 0.0292]	2.7+0.0s
[960/1120]	[L1: 0.0292]	2.6+0.0s
[1000/1120]	[L1: 0.0293]	2.6+0.0s
[1040/1120]	[L1: 0.0293]	2.7+0.0s
[1080/1120]	[L1: 0.0293]	2.6+0.0s
[1120/1120]	[L1: 0.0293]	2.6+0.0s

Evaluation:
[RSSCN7 x4]	psnr: 27.850 (Best: 27.870 @epoch 447)
Total time: 29.78s

[Epoch 491]	Learning rate: 5.00e-5
[40/1120]	[L1: 0.0296]	2.8+0.0s
[80/1120]	[L1: 0.0291]	3.0+0.0s
[120/1120]	[L1: 0.0299]	2.8+0.0s
[160/1120]	[L1: 0.0305]	2.6+0.0s
[200/1120]	[L1: 0.0307]	2.6+0.0s
[240/1120]	[L1: 0.0305]	2.6+0.0s
[280/1120]	[L1: 0.0302]	2.6+0.0s
[320/1120]	[L1: 0.0303]	2.7+0.0s
[360/1120]	[L1: 0.0302]	2.6+0.0s
[400/1120]	[L1: 0.0301]	2.6+0.0s
[440/1120]	[L1: 0.0304]	2.6+0.0s
[480/1120]	[L1: 0.0304]	2.6+0.0s
[520/1120]	[L1: 0.0303]	2.7+0.0s
[560/1120]	[L1: 0.0301]	2.6+0.0s
[600/1120]	[L1: 0.0300]	2.6+0.0s
[640/1120]	[L1: 0.0299]	2.6+0.0s
[680/1120]	[L1: 0.0299]	2.6+0.0s
[720/1120]	[L1: 0.0299]	2.6+0.0s
[760/1120]	[L1: 0.0298]	2.6+0.0s
[800/1120]	[L1: 0.0297]	2.7+0.0s
[840/1120]	[L1: 0.0298]	2.6+0.0s
[880/1120]	[L1: 0.0298]	2.6+0.0s
[920/1120]	[L1: 0.0299]	2.6+0.0s
[960/1120]	[L1: 0.0297]	2.7+0.0s
[1000/1120]	[L1: 0.0296]	2.6+0.0s
[1040/1120]	[L1: 0.0295]	2.9+0.0s
[1080/1120]	[L1: 0.0295]	2.9+0.0s
[1120/1120]	[L1: 0.0294]	2.9+0.0s

Evaluation:
[RSSCN7 x4]	psnr: 27.847 (Best: 27.870 @epoch 447)
Total time: 28.46s

[Epoch 492]	Learning rate: 5.00e-5
[40/1120]	[L1: 0.0283]	2.6+0.0s
[80/1120]	[L1: 0.0295]	2.6+0.0s
[120/1120]	[L1: 0.0290]	2.6+0.0s
[160/1120]	[L1: 0.0285]	2.8+0.0s
[200/1120]	[L1: 0.0280]	2.8+0.0s
[240/1120]	[L1: 0.0285]	2.8+0.0s
[280/1120]	[L1: 0.0285]	2.8+0.0s
[320/1120]	[L1: 0.0285]	2.6+0.0s
[360/1120]	[L1: 0.0285]	3.0+0.0s
[400/1120]	[L1: 0.0285]	2.8+0.0s
[440/1120]	[L1: 0.0285]	2.6+0.0s
[480/1120]	[L1: 0.0286]	2.7+0.0s
[520/1120]	[L1: 0.0287]	2.6+0.0s
[560/1120]	[L1: 0.0288]	2.6+0.0s
[600/1120]	[L1: 0.0289]	2.6+0.0s
[640/1120]	[L1: 0.0290]	2.6+0.0s
[680/1120]	[L1: 0.0291]	2.6+0.0s
[720/1120]	[L1: 0.0293]	2.7+0.0s
[760/1120]	[L1: 0.0295]	2.6+0.0s
[800/1120]	[L1: 0.0294]	2.6+0.0s
[840/1120]	[L1: 0.0296]	2.6+0.0s
[880/1120]	[L1: 0.0296]	2.6+0.0s
[920/1120]	[L1: 0.0295]	2.7+0.0s
[960/1120]	[L1: 0.0295]	2.6+0.0s
[1000/1120]	[L1: 0.0294]	2.6+0.0s
[1040/1120]	[L1: 0.0293]	2.6+0.0s
[1080/1120]	[L1: 0.0292]	2.6+0.0s
[1120/1120]	[L1: 0.0294]	2.6+0.0s

Evaluation:
[RSSCN7 x4]	psnr: 27.844 (Best: 27.870 @epoch 447)
Total time: 28.24s

[Epoch 493]	Learning rate: 5.00e-5
[40/1120]	[L1: 0.0283]	3.4+0.1s
[80/1120]	[L1: 0.0302]	2.9+0.0s
[120/1120]	[L1: 0.0298]	2.9+0.0s
[160/1120]	[L1: 0.0301]	2.9+0.0s
[200/1120]	[L1: 0.0291]	2.9+0.0s
[240/1120]	[L1: 0.0296]	2.8+0.0s
[280/1120]	[L1: 0.0301]	2.8+0.0s
[320/1120]	[L1: 0.0293]	3.0+0.0s
[360/1120]	[L1: 0.0290]	3.5+0.0s
[400/1120]	[L1: 0.0290]	3.3+0.0s
[440/1120]	[L1: 0.0292]	2.8+0.0s
[480/1120]	[L1: 0.0290]	2.6+0.0s
[520/1120]	[L1: 0.0291]	2.6+0.0s
[560/1120]	[L1: 0.0290]	2.6+0.0s
[600/1120]	[L1: 0.0290]	2.7+0.0s
[640/1120]	[L1: 0.0291]	2.7+0.0s
[680/1120]	[L1: 0.0292]	2.6+0.0s
[720/1120]	[L1: 0.0294]	2.6+0.0s
[760/1120]	[L1: 0.0294]	2.6+0.0s
[800/1120]	[L1: 0.0294]	2.8+0.0s
[840/1120]	[L1: 0.0293]	2.8+0.0s
[880/1120]	[L1: 0.0293]	2.9+0.0s
[920/1120]	[L1: 0.0293]	2.8+0.0s
[960/1120]	[L1: 0.0295]	2.7+0.0s
[1000/1120]	[L1: 0.0295]	2.6+0.0s
[1040/1120]	[L1: 0.0294]	2.6+0.0s
[1080/1120]	[L1: 0.0294]	2.7+0.0s
[1120/1120]	[L1: 0.0294]	2.6+0.0s

Evaluation:
[RSSCN7 x4]	psnr: 27.857 (Best: 27.870 @epoch 447)
Total time: 32.68s

[Epoch 494]	Learning rate: 5.00e-5
[40/1120]	[L1: 0.0330]	3.4+0.0s
[80/1120]	[L1: 0.0311]	3.4+0.0s
[120/1120]	[L1: 0.0301]	2.9+0.0s
[160/1120]	[L1: 0.0298]	2.6+0.0s
[200/1120]	[L1: 0.0299]	2.6+0.0s
[240/1120]	[L1: 0.0302]	2.6+0.0s
[280/1120]	[L1: 0.0300]	2.6+0.0s
[320/1120]	[L1: 0.0295]	2.7+0.0s
[360/1120]	[L1: 0.0290]	2.6+0.0s
[400/1120]	[L1: 0.0290]	2.6+0.0s
[440/1120]	[L1: 0.0296]	2.6+0.0s
[480/1120]	[L1: 0.0298]	2.6+0.0s
[520/1120]	[L1: 0.0297]	2.6+0.0s
[560/1120]	[L1: 0.0295]	2.6+0.0s
[600/1120]	[L1: 0.0298]	3.0+0.0s
[640/1120]	[L1: 0.0296]	2.9+0.0s
[680/1120]	[L1: 0.0295]	3.4+0.0s
[720/1120]	[L1: 0.0296]	3.5+0.0s
[760/1120]	[L1: 0.0294]	3.0+0.0s
[800/1120]	[L1: 0.0293]	2.8+0.0s
[840/1120]	[L1: 0.0292]	2.6+0.0s
[880/1120]	[L1: 0.0292]	2.6+0.0s
[920/1120]	[L1: 0.0294]	2.6+0.0s
[960/1120]	[L1: 0.0292]	2.6+0.0s
[1000/1120]	[L1: 0.0292]	2.6+0.0s
[1040/1120]	[L1: 0.0291]	2.7+0.0s
[1080/1120]	[L1: 0.0293]	2.6+0.0s
[1120/1120]	[L1: 0.0294]	2.6+0.0s

Evaluation:
[RSSCN7 x4]	psnr: 27.835 (Best: 27.870 @epoch 447)
Total time: 29.91s

[Epoch 495]	Learning rate: 5.00e-5
[40/1120]	[L1: 0.0283]	3.6+0.1s
[80/1120]	[L1: 0.0297]	3.3+0.0s
[120/1120]	[L1: 0.0299]	2.6+0.0s
[160/1120]	[L1: 0.0314]	2.6+0.0s
[200/1120]	[L1: 0.0301]	2.6+0.0s
[240/1120]	[L1: 0.0301]	2.7+0.0s
[280/1120]	[L1: 0.0301]	2.6+0.0s
[320/1120]	[L1: 0.0298]	2.7+0.0s
[360/1120]	[L1: 0.0293]	2.9+0.0s
[400/1120]	[L1: 0.0290]	2.9+0.0s
[440/1120]	[L1: 0.0287]	2.9+0.0s
[480/1120]	[L1: 0.0292]	3.0+0.0s
[520/1120]	[L1: 0.0291]	2.9+0.0s
[560/1120]	[L1: 0.0290]	2.8+0.0s
[600/1120]	[L1: 0.0291]	2.6+0.0s
[640/1120]	[L1: 0.0291]	2.6+0.0s
[680/1120]	[L1: 0.0293]	2.7+0.0s
[720/1120]	[L1: 0.0293]	2.6+0.0s
[760/1120]	[L1: 0.0293]	2.6+0.0s
[800/1120]	[L1: 0.0295]	2.7+0.0s
[840/1120]	[L1: 0.0297]	2.9+0.0s
[880/1120]	[L1: 0.0296]	2.9+0.0s
[920/1120]	[L1: 0.0295]	2.7+0.0s
[960/1120]	[L1: 0.0293]	2.7+0.0s
[1000/1120]	[L1: 0.0294]	2.7+0.0s
[1040/1120]	[L1: 0.0293]	2.9+0.0s
[1080/1120]	[L1: 0.0293]	2.9+0.0s
[1120/1120]	[L1: 0.0293]	2.9+0.0s

Evaluation:
[RSSCN7 x4]	psnr: 27.850 (Best: 27.870 @epoch 447)
Total time: 30.66s

[Epoch 496]	Learning rate: 5.00e-5
[40/1120]	[L1: 0.0278]	2.6+0.0s
[80/1120]	[L1: 0.0282]	2.6+0.0s
[120/1120]	[L1: 0.0282]	2.7+0.0s
[160/1120]	[L1: 0.0302]	2.6+0.0s
[200/1120]	[L1: 0.0312]	2.6+0.0s
[240/1120]	[L1: 0.0308]	2.6+0.0s
[280/1120]	[L1: 0.0306]	2.6+0.0s
[320/1120]	[L1: 0.0300]	2.6+0.0s
[360/1120]	[L1: 0.0299]	2.6+0.0s
[400/1120]	[L1: 0.0300]	2.7+0.0s
[440/1120]	[L1: 0.0297]	2.6+0.0s
[480/1120]	[L1: 0.0295]	2.6+0.0s
[520/1120]	[L1: 0.0297]	2.6+0.0s
[560/1120]	[L1: 0.0297]	2.6+0.0s
[600/1120]	[L1: 0.0296]	2.7+0.0s
[640/1120]	[L1: 0.0296]	2.6+0.0s
[680/1120]	[L1: 0.0298]	2.6+0.0s
[720/1120]	[L1: 0.0299]	2.6+0.0s
[760/1120]	[L1: 0.0299]	2.6+0.0s
[800/1120]	[L1: 0.0298]	2.6+0.0s
[840/1120]	[L1: 0.0299]	2.7+0.0s
[880/1120]	[L1: 0.0297]	2.6+0.0s
[920/1120]	[L1: 0.0296]	2.6+0.0s
[960/1120]	[L1: 0.0296]	2.6+0.0s
[1000/1120]	[L1: 0.0295]	2.6+0.0s
[1040/1120]	[L1: 0.0295]	2.7+0.0s
[1080/1120]	[L1: 0.0294]	2.6+0.0s
[1120/1120]	[L1: 0.0295]	2.6+0.0s

Evaluation:
[RSSCN7 x4]	psnr: 27.861 (Best: 27.870 @epoch 447)
Total time: 29.19s

[Epoch 497]	Learning rate: 5.00e-5
[40/1120]	[L1: 0.0310]	3.3+0.0s
[80/1120]	[L1: 0.0291]	3.5+0.0s
[120/1120]	[L1: 0.0298]	2.7+0.0s
[160/1120]	[L1: 0.0303]	2.6+0.0s
[200/1120]	[L1: 0.0296]	2.6+0.0s
[240/1120]	[L1: 0.0295]	2.6+0.0s
[280/1120]	[L1: 0.0293]	2.6+0.0s
[320/1120]	[L1: 0.0290]	2.7+0.0s
[360/1120]	[L1: 0.0296]	2.6+0.0s
[400/1120]	[L1: 0.0295]	2.6+0.0s
[440/1120]	[L1: 0.0296]	2.6+0.0s
[480/1120]	[L1: 0.0294]	2.6+0.0s
[520/1120]	[L1: 0.0293]	2.7+0.0s
[560/1120]	[L1: 0.0293]	2.6+0.0s
[600/1120]	[L1: 0.0295]	2.6+0.0s
[640/1120]	[L1: 0.0294]	2.6+0.0s
[680/1120]	[L1: 0.0293]	2.6+0.0s
[720/1120]	[L1: 0.0294]	2.6+0.0s
[760/1120]	[L1: 0.0293]	2.6+0.0s
[800/1120]	[L1: 0.0292]	2.7+0.0s
[840/1120]	[L1: 0.0289]	2.6+0.0s
[880/1120]	[L1: 0.0290]	2.6+0.0s
[920/1120]	[L1: 0.0292]	2.6+0.0s
[960/1120]	[L1: 0.0292]	2.7+0.0s
[1000/1120]	[L1: 0.0293]	2.6+0.0s
[1040/1120]	[L1: 0.0293]	2.6+0.0s
[1080/1120]	[L1: 0.0294]	2.6+0.0s
[1120/1120]	[L1: 0.0294]	2.6+0.0s

Evaluation:
[RSSCN7 x4]	psnr: 27.859 (Best: 27.870 @epoch 447)
Total time: 26.13s

[Epoch 498]	Learning rate: 5.00e-5
[40/1120]	[L1: 0.0256]	2.6+0.0s
[80/1120]	[L1: 0.0274]	2.6+0.0s
[120/1120]	[L1: 0.0281]	2.6+0.0s
[160/1120]	[L1: 0.0286]	2.6+0.0s
[200/1120]	[L1: 0.0285]	2.6+0.0s
[240/1120]	[L1: 0.0287]	2.6+0.0s
[280/1120]	[L1: 0.0284]	2.7+0.0s
[320/1120]	[L1: 0.0283]	2.6+0.0s
[360/1120]	[L1: 0.0283]	2.6+0.0s
[400/1120]	[L1: 0.0286]	2.6+0.0s
[440/1120]	[L1: 0.0289]	2.6+0.0s
[480/1120]	[L1: 0.0291]	2.7+0.0s
[520/1120]	[L1: 0.0290]	2.6+0.0s
[560/1120]	[L1: 0.0293]	2.6+0.0s
[600/1120]	[L1: 0.0293]	2.6+0.0s
[640/1120]	[L1: 0.0295]	2.6+0.0s
[680/1120]	[L1: 0.0295]	2.6+0.0s
[720/1120]	[L1: 0.0296]	2.7+0.0s
[760/1120]	[L1: 0.0296]	2.6+0.0s
[800/1120]	[L1: 0.0297]	2.6+0.0s
[840/1120]	[L1: 0.0296]	2.6+0.0s
[880/1120]	[L1: 0.0296]	2.6+0.0s
[920/1120]	[L1: 0.0297]	2.7+0.0s
[960/1120]	[L1: 0.0297]	2.6+0.0s
[1000/1120]	[L1: 0.0297]	2.6+0.0s
[1040/1120]	[L1: 0.0297]	2.6+0.0s
[1080/1120]	[L1: 0.0296]	2.6+0.0s
[1120/1120]	[L1: 0.0294]	2.6+0.0s

Evaluation:
[RSSCN7 x4]	psnr: 27.855 (Best: 27.870 @epoch 447)
Total time: 26.78s

[Epoch 499]	Learning rate: 5.00e-5
[40/1120]	[L1: 0.0284]	2.8+0.0s
[80/1120]	[L1: 0.0284]	2.8+0.0s
[120/1120]	[L1: 0.0276]	2.8+0.0s
[160/1120]	[L1: 0.0278]	2.7+0.0s
[200/1120]	[L1: 0.0284]	2.7+0.0s
[240/1120]	[L1: 0.0288]	2.6+0.0s
[280/1120]	[L1: 0.0292]	2.6+0.0s
[320/1120]	[L1: 0.0295]	2.6+0.0s
[360/1120]	[L1: 0.0295]	2.6+0.0s
[400/1120]	[L1: 0.0301]	2.6+0.0s
[440/1120]	[L1: 0.0301]	2.6+0.0s
[480/1120]	[L1: 0.0300]	2.6+0.0s
[520/1120]	[L1: 0.0298]	2.6+0.0s
[560/1120]	[L1: 0.0299]	2.6+0.0s
[600/1120]	[L1: 0.0298]	2.6+0.0s
[640/1120]	[L1: 0.0295]	2.7+0.0s
[680/1120]	[L1: 0.0294]	2.6+0.0s
[720/1120]	[L1: 0.0294]	2.6+0.0s
[760/1120]	[L1: 0.0293]	2.6+0.0s
[800/1120]	[L1: 0.0292]	2.6+0.0s
[840/1120]	[L1: 0.0292]	2.6+0.0s
[880/1120]	[L1: 0.0293]	2.7+0.0s
[920/1120]	[L1: 0.0294]	2.6+0.0s
[960/1120]	[L1: 0.0296]	2.6+0.0s
[1000/1120]	[L1: 0.0296]	2.6+0.0s
[1040/1120]	[L1: 0.0295]	2.6+0.0s
[1080/1120]	[L1: 0.0294]	2.7+0.0s
[1120/1120]	[L1: 0.0294]	2.6+0.0s

Evaluation:
[RSSCN7 x4]	psnr: 27.848 (Best: 27.870 @epoch 447)
Total time: 27.01s

[Epoch 500]	Learning rate: 5.00e-5
[40/1120]	[L1: 0.0264]	2.8+0.0s
[80/1120]	[L1: 0.0286]	2.8+0.0s
[120/1120]	[L1: 0.0283]	2.9+0.0s
[160/1120]	[L1: 0.0293]	2.6+0.0s
[200/1120]	[L1: 0.0296]	2.6+0.0s
[240/1120]	[L1: 0.0300]	2.6+0.0s
[280/1120]	[L1: 0.0295]	2.6+0.0s
[320/1120]	[L1: 0.0293]	2.7+0.0s
[360/1120]	[L1: 0.0292]	2.6+0.0s
[400/1120]	[L1: 0.0291]	2.6+0.0s
[440/1120]	[L1: 0.0291]	2.6+0.0s
[480/1120]	[L1: 0.0288]	2.6+0.0s
[520/1120]	[L1: 0.0289]	2.6+0.0s
[560/1120]	[L1: 0.0287]	2.6+0.0s
[600/1120]	[L1: 0.0284]	2.7+0.0s
[640/1120]	[L1: 0.0285]	2.6+0.0s
[680/1120]	[L1: 0.0286]	2.6+0.0s
[720/1120]	[L1: 0.0289]	2.6+0.0s
[760/1120]	[L1: 0.0292]	2.7+0.0s
[800/1120]	[L1: 0.0291]	2.6+0.0s
[840/1120]	[L1: 0.0292]	2.6+0.0s
[880/1120]	[L1: 0.0293]	2.6+0.0s
[920/1120]	[L1: 0.0294]	2.6+0.0s
[960/1120]	[L1: 0.0296]	2.6+0.0s
[1000/1120]	[L1: 0.0295]	2.6+0.0s
[1040/1120]	[L1: 0.0294]	2.6+0.0s
[1080/1120]	[L1: 0.0294]	2.6+0.0s
[1120/1120]	[L1: 0.0294]	2.6+0.0s
Saved epoch checkpoint at epoch 500

Evaluation:
[RSSCN7 x4]	psnr: 27.862 (Best: 27.870 @epoch 447)
Total time: 25.01s

✅ Training completed!

libgomp: Invalid value for environment variable OMP_NUM_THREADS: 0
/root/miniconda3/envs/transenet-pren/lib/python3.8/site-packages/torch/functional.py:504: UserWarning: torch.meshgrid: in an upcoming release, it will be required to pass the indexing argument. (Triggered internally at /opt/conda/conda-bld/pytorch_1695392020195/work/aten/src/ATen/native/TensorShape.cpp:3526.)
  return _VF.meshgrid(tensors, **kwargs)  # type: ignore[attr-defined]
Unsupported operator aten::sub encountered 1 time(s)
Unsupported operator aten::mul encountered 427 time(s)
Unsupported operator aten::mul_ encountered 7 time(s)
Unsupported operator aten::rsub encountered 90 time(s)
Unsupported operator aten::pad encountered 18 time(s)
Unsupported operator aten::add encountered 368 time(s)
Unsupported operator aten::mean encountered 54 time(s)
Unsupported operator aten::softmax encountered 108 time(s)
Unsupported operator aten::gelu encountered 54 time(s)
Unsupported operator aten::sigmoid encountered 18 time(s)
Unsupported operator aten::abs encountered 18 time(s)
Unsupported operator aten::div encountered 19 time(s)
Unsupported operator aten::topk encountered 18 time(s)
Unsupported operator aten::leaky_relu_ encountered 1 time(s)
Unsupported operator aten::pixel_shuffle encountered 2 time(s)
The following submodules of the model were never called during the trace of the graph. They may be unused, or they were accessed by direct calls to .forward() or via other python methods. In the latter case they will have zeros for statistics, though their statistics will still contribute to their parent calling module.
model.layers.0.blocks.1.drop_path, model.layers.0.blocks.2.drop_path, model.layers.0.blocks.3.drop_path, model.layers.0.blocks.4.drop_path, model.layers.0.blocks.5.drop_path, model.layers.1.blocks.0.drop_path, model.layers.1.blocks.1.drop_path, model.layers.1.blocks.2.drop_path, model.layers.1.blocks.3.drop_path, model.layers.1.blocks.4.drop_path, model.layers.1.blocks.5.drop_path, model.layers.2.blocks.0.drop_path, model.layers.2.blocks.1.drop_path, model.layers.2.blocks.2.drop_path, model.layers.2.blocks.3.drop_path, model.layers.2.blocks.4.drop_path, model.layers.2.blocks.5.drop_path, model.layers.3.blocks.0.drop_path, model.layers.3.blocks.1.drop_path, model.layers.3.blocks.2.drop_path, model.layers.3.blocks.3.drop_path, model.layers.3.blocks.4.drop_path, model.layers.3.blocks.5.drop_path, model.layers.4.blocks.0.drop_path, model.layers.4.blocks.1.drop_path, model.layers.4.blocks.2.drop_path, model.layers.4.blocks.3.drop_path, model.layers.4.blocks.4.drop_path, model.layers.4.blocks.5.drop_path, model.layers.5.blocks.0.drop_path, model.layers.5.blocks.1.drop_path, model.layers.5.blocks.2.drop_path, model.layers.5.blocks.3.drop_path, model.layers.5.blocks.4.drop_path, model.layers.5.blocks.5.drop_path
OMP: Warning #80: OMP_NUM_THREADS="0": value too small.
OMP: Info #104: OMP_NUM_THREADS value "1" will be used.
