
libgomp: Invalid value for environment variable OMP_NUM_THREADS: 0
🚀 Enhanced Training Configuration:
Model: cga_paper
Dataset: RSSCN7
Scale: [2]
Epochs: 500
Batch Size: 4
Optimizer: ADAM
Scheduler: step
Learning Rate: 0.0002
Loss: 1*L1
WandB Enabled: False
AMP Enabled: False
Validation Every: disabled (always validate every epoch)
Save Every N Epochs: 100
DataLoader Threads: 8

📐 Model Architecture:
Width: 32
Encoder Blocks: [4, 6]
Decoder Blocks: [6, 4]
Restormer Heads: [1, 2, 4]
Middle Heads: 8
Continue from epoch 352...
Read data from binary files
Read data from binary files
Making model...
loading model from the model_latest.pt file...
CGA(
  (conv_first): Conv2d(3, 180, kernel_size=(3, 3), stride=(1, 1), padding=(1, 1))
  (before_RG): Sequential(
    (0): Rearrange('b c h w -> b (h w) c')
    (1): LayerNorm((180,), eps=1e-05, elementwise_affine=True)
  )
  (layers): ModuleList(
    (0): ResidualGroup(
      (blocks): ModuleList(
        (0): Block(
          (norm1): LayerNorm((180,), eps=1e-05, elementwise_affine=True)
          (attn): LCGA(
            (qkv): Linear(in_features=180, out_features=540, bias=True)
            (proj): Linear(in_features=180, out_features=180, bias=True)
            (proj_drop): Dropout(p=0.0, inplace=False)
            (attns): ModuleList(
              (0-1): 2 x WindowAttention(
                (pos): DynamicPosBias(
                  (pos_proj): Linear(in_features=2, out_features=5, bias=True)
                  (pos1): Sequential(
                    (0): LayerNorm((5,), eps=1e-05, elementwise_affine=True)
                    (1): ReLU(inplace=True)
                    (2): Linear(in_features=5, out_features=5, bias=True)
                  )
                  (pos2): Sequential(
                    (0): LayerNorm((5,), eps=1e-05, elementwise_affine=True)
                    (1): ReLU(inplace=True)
                    (2): Linear(in_features=5, out_features=5, bias=True)
                  )
                  (pos3): Sequential(
                    (0): LayerNorm((5,), eps=1e-05, elementwise_affine=True)
                    (1): ReLU(inplace=True)
                    (2): Linear(in_features=5, out_features=3, bias=True)
                  )
                )
                (curvature_conv): Conv2d(90, 90, kernel_size=(3, 3), stride=(1, 1), padding=(1, 1), groups=90, bias=False)
                (attn_drop): Dropout(p=0.0, inplace=False)
              )
            )
            (get_v): Conv2d(180, 180, kernel_size=(3, 3), stride=(1, 1), padding=(1, 1), groups=180)
          )
          (drop_path): Identity()
          (mlp): MLP(
            (fc1): Linear(in_features=180, out_features=360, bias=True)
            (act): GELU(approximate='none')
            (sg): Gate(
              (norm): LayerNorm((180,), eps=1e-05, elementwise_affine=True)
              (conv): Conv2d(180, 180, kernel_size=(3, 3), stride=(1, 1), padding=(1, 1), groups=180)
            )
            (fc2): Linear(in_features=180, out_features=180, bias=True)
            (drop): Dropout(p=0.0, inplace=False)
          )
          (norm2): LayerNorm((180,), eps=1e-05, elementwise_affine=True)
        )
        (1): Block(
          (norm1): LayerNorm((180,), eps=1e-05, elementwise_affine=True)
          (attn): CGTA(
            (curvature_conv): Conv2d(180, 180, kernel_size=(3, 3), stride=(1, 1), padding=(1, 1), groups=180, bias=False)
            (gate): RetentionGate(
              (ret_gate): Sequential(
                (0): Linear(in_features=180, out_features=90, bias=True)
                (1): ReLU()
                (2): Linear(in_features=90, out_features=1, bias=True)
                (3): Sigmoid()
              )
            )
            (q): Linear(in_features=180, out_features=90, bias=True)
            (kv_reduce): Conv1d(180, 90, kernel_size=(1,), stride=(1,))
            (k): Linear(in_features=90, out_features=90, bias=True)
            (v): Linear(in_features=90, out_features=180, bias=True)
            (norm_act): Sequential(
              (0): LayerNorm((90,), eps=1e-05, elementwise_affine=True)
              (1): GELU(approximate='none')
            )
            (cpe): Conv2d(180, 180, kernel_size=(3, 3), stride=(1, 1), padding=(1, 1), groups=180)
            (proj): Linear(in_features=180, out_features=180, bias=True)
            (attn_drop): Dropout(p=0.0, inplace=False)
            (proj_drop): Dropout(p=0.0, inplace=False)
          )
          (drop_path): DropPath(drop_prob=0.003)
          (mlp): MLP(
            (fc1): Linear(in_features=180, out_features=360, bias=True)
            (act): GELU(approximate='none')
            (sg): Gate(
              (norm): LayerNorm((180,), eps=1e-05, elementwise_affine=True)
              (conv): Conv2d(180, 180, kernel_size=(3, 3), stride=(1, 1), padding=(1, 1), groups=180)
            )
            (fc2): Linear(in_features=180, out_features=180, bias=True)
            (drop): Dropout(p=0.0, inplace=False)
          )
          (norm2): LayerNorm((180,), eps=1e-05, elementwise_affine=True)
        )
        (2): Block(
          (norm1): LayerNorm((180,), eps=1e-05, elementwise_affine=True)
          (attn): LCGA(
            (qkv): Linear(in_features=180, out_features=540, bias=True)
            (proj): Linear(in_features=180, out_features=180, bias=True)
            (proj_drop): Dropout(p=0.0, inplace=False)
            (attns): ModuleList(
              (0-1): 2 x WindowAttention(
                (pos): DynamicPosBias(
                  (pos_proj): Linear(in_features=2, out_features=5, bias=True)
                  (pos1): Sequential(
                    (0): LayerNorm((5,), eps=1e-05, elementwise_affine=True)
                    (1): ReLU(inplace=True)
                    (2): Linear(in_features=5, out_features=5, bias=True)
                  )
                  (pos2): Sequential(
                    (0): LayerNorm((5,), eps=1e-05, elementwise_affine=True)
                    (1): ReLU(inplace=True)
                    (2): Linear(in_features=5, out_features=5, bias=True)
                  )
                  (pos3): Sequential(
                    (0): LayerNorm((5,), eps=1e-05, elementwise_affine=True)
                    (1): ReLU(inplace=True)
                    (2): Linear(in_features=5, out_features=3, bias=True)
                  )
                )
                (curvature_conv): Conv2d(90, 90, kernel_size=(3, 3), stride=(1, 1), padding=(1, 1), groups=90, bias=False)
                (attn_drop): Dropout(p=0.0, inplace=False)
              )
            )
            (get_v): Conv2d(180, 180, kernel_size=(3, 3), stride=(1, 1), padding=(1, 1), groups=180)
          )
          (drop_path): DropPath(drop_prob=0.006)
          (mlp): MLP(
            (fc1): Linear(in_features=180, out_features=360, bias=True)
            (act): GELU(approximate='none')
            (sg): Gate(
              (norm): LayerNorm((180,), eps=1e-05, elementwise_affine=True)
              (conv): Conv2d(180, 180, kernel_size=(3, 3), stride=(1, 1), padding=(1, 1), groups=180)
            )
            (fc2): Linear(in_features=180, out_features=180, bias=True)
            (drop): Dropout(p=0.0, inplace=False)
          )
          (norm2): LayerNorm((180,), eps=1e-05, elementwise_affine=True)
        )
        (3): Block(
          (norm1): LayerNorm((180,), eps=1e-05, elementwise_affine=True)
          (attn): CGTA(
            (curvature_conv): Conv2d(180, 180, kernel_size=(3, 3), stride=(1, 1), padding=(1, 1), groups=180, bias=False)
            (gate): RetentionGate(
              (ret_gate): Sequential(
                (0): Linear(in_features=180, out_features=90, bias=True)
                (1): ReLU()
                (2): Linear(in_features=90, out_features=1, bias=True)
                (3): Sigmoid()
              )
            )
            (q): Linear(in_features=180, out_features=90, bias=True)
            (kv_reduce): Conv1d(180, 90, kernel_size=(1,), stride=(1,))
            (k): Linear(in_features=90, out_features=90, bias=True)
            (v): Linear(in_features=90, out_features=180, bias=True)
            (norm_act): Sequential(
              (0): LayerNorm((90,), eps=1e-05, elementwise_affine=True)
              (1): GELU(approximate='none')
            )
            (cpe): Conv2d(180, 180, kernel_size=(3, 3), stride=(1, 1), padding=(1, 1), groups=180)
            (proj): Linear(in_features=180, out_features=180, bias=True)
            (attn_drop): Dropout(p=0.0, inplace=False)
            (proj_drop): Dropout(p=0.0, inplace=False)
          )
          (drop_path): DropPath(drop_prob=0.009)
          (mlp): MLP(
            (fc1): Linear(in_features=180, out_features=360, bias=True)
            (act): GELU(approximate='none')
            (sg): Gate(
              (norm): LayerNorm((180,), eps=1e-05, elementwise_affine=True)
              (conv): Conv2d(180, 180, kernel_size=(3, 3), stride=(1, 1), padding=(1, 1), groups=180)
            )
            (fc2): Linear(in_features=180, out_features=180, bias=True)
            (drop): Dropout(p=0.0, inplace=False)
          )
          (norm2): LayerNorm((180,), eps=1e-05, elementwise_affine=True)
        )
        (4): Block(
          (norm1): LayerNorm((180,), eps=1e-05, elementwise_affine=True)
          (attn): LCGA(
            (qkv): Linear(in_features=180, out_features=540, bias=True)
            (proj): Linear(in_features=180, out_features=180, bias=True)
            (proj_drop): Dropout(p=0.0, inplace=False)
            (attns): ModuleList(
              (0-1): 2 x WindowAttention(
                (pos): DynamicPosBias(
                  (pos_proj): Linear(in_features=2, out_features=5, bias=True)
                  (pos1): Sequential(
                    (0): LayerNorm((5,), eps=1e-05, elementwise_affine=True)
                    (1): ReLU(inplace=True)
                    (2): Linear(in_features=5, out_features=5, bias=True)
                  )
                  (pos2): Sequential(
                    (0): LayerNorm((5,), eps=1e-05, elementwise_affine=True)
                    (1): ReLU(inplace=True)
                    (2): Linear(in_features=5, out_features=5, bias=True)
                  )
                  (pos3): Sequential(
                    (0): LayerNorm((5,), eps=1e-05, elementwise_affine=True)
                    (1): ReLU(inplace=True)
                    (2): Linear(in_features=5, out_features=3, bias=True)
                  )
                )
                (curvature_conv): Conv2d(90, 90, kernel_size=(3, 3), stride=(1, 1), padding=(1, 1), groups=90, bias=False)
                (attn_drop): Dropout(p=0.0, inplace=False)
              )
            )
            (get_v): Conv2d(180, 180, kernel_size=(3, 3), stride=(1, 1), padding=(1, 1), groups=180)
          )
          (drop_path): DropPath(drop_prob=0.011)
          (mlp): MLP(
            (fc1): Linear(in_features=180, out_features=360, bias=True)
            (act): GELU(approximate='none')
            (sg): Gate(
              (norm): LayerNorm((180,), eps=1e-05, elementwise_affine=True)
              (conv): Conv2d(180, 180, kernel_size=(3, 3), stride=(1, 1), padding=(1, 1), groups=180)
            )
            (fc2): Linear(in_features=180, out_features=180, bias=True)
            (drop): Dropout(p=0.0, inplace=False)
          )
          (norm2): LayerNorm((180,), eps=1e-05, elementwise_affine=True)
        )
        (5): Block(
          (norm1): LayerNorm((180,), eps=1e-05, elementwise_affine=True)
          (attn): CGTA(
            (curvature_conv): Conv2d(180, 180, kernel_size=(3, 3), stride=(1, 1), padding=(1, 1), groups=180, bias=False)
            (gate): RetentionGate(
              (ret_gate): Sequential(
                (0): Linear(in_features=180, out_features=90, bias=True)
                (1): ReLU()
                (2): Linear(in_features=90, out_features=1, bias=True)
                (3): Sigmoid()
              )
            )
            (q): Linear(in_features=180, out_features=90, bias=True)
            (kv_reduce): Conv1d(180, 90, kernel_size=(1,), stride=(1,))
            (k): Linear(in_features=90, out_features=90, bias=True)
            (v): Linear(in_features=90, out_features=180, bias=True)
            (norm_act): Sequential(
              (0): LayerNorm((90,), eps=1e-05, elementwise_affine=True)
              (1): GELU(approximate='none')
            )
            (cpe): Conv2d(180, 180, kernel_size=(3, 3), stride=(1, 1), padding=(1, 1), groups=180)
            (proj): Linear(in_features=180, out_features=180, bias=True)
            (attn_drop): Dropout(p=0.0, inplace=False)
            (proj_drop): Dropout(p=0.0, inplace=False)
          )
          (drop_path): DropPath(drop_prob=0.014)
          (mlp): MLP(
            (fc1): Linear(in_features=180, out_features=360, bias=True)
            (act): GELU(approximate='none')
            (sg): Gate(
              (norm): LayerNorm((180,), eps=1e-05, elementwise_affine=True)
              (conv): Conv2d(180, 180, kernel_size=(3, 3), stride=(1, 1), padding=(1, 1), groups=180)
            )
            (fc2): Linear(in_features=180, out_features=180, bias=True)
            (drop): Dropout(p=0.0, inplace=False)
          )
          (norm2): LayerNorm((180,), eps=1e-05, elementwise_affine=True)
        )
      )
      (conv): Conv2d(180, 180, kernel_size=(3, 3), stride=(1, 1), padding=(1, 1))
    )
    (1): ResidualGroup(
      (blocks): ModuleList(
        (0): Block(
          (norm1): LayerNorm((180,), eps=1e-05, elementwise_affine=True)
          (attn): LCGA(
            (qkv): Linear(in_features=180, out_features=540, bias=True)
            (proj): Linear(in_features=180, out_features=180, bias=True)
            (proj_drop): Dropout(p=0.0, inplace=False)
            (attns): ModuleList(
              (0-1): 2 x WindowAttention(
                (pos): DynamicPosBias(
                  (pos_proj): Linear(in_features=2, out_features=5, bias=True)
                  (pos1): Sequential(
                    (0): LayerNorm((5,), eps=1e-05, elementwise_affine=True)
                    (1): ReLU(inplace=True)
                    (2): Linear(in_features=5, out_features=5, bias=True)
                  )
                  (pos2): Sequential(
                    (0): LayerNorm((5,), eps=1e-05, elementwise_affine=True)
                    (1): ReLU(inplace=True)
                    (2): Linear(in_features=5, out_features=5, bias=True)
                  )
                  (pos3): Sequential(
                    (0): LayerNorm((5,), eps=1e-05, elementwise_affine=True)
                    (1): ReLU(inplace=True)
                    (2): Linear(in_features=5, out_features=3, bias=True)
                  )
                )
                (curvature_conv): Conv2d(90, 90, kernel_size=(3, 3), stride=(1, 1), padding=(1, 1), groups=90, bias=False)
                (attn_drop): Dropout(p=0.0, inplace=False)
              )
            )
            (get_v): Conv2d(180, 180, kernel_size=(3, 3), stride=(1, 1), padding=(1, 1), groups=180)
          )
          (drop_path): DropPath(drop_prob=0.017)
          (mlp): MLP(
            (fc1): Linear(in_features=180, out_features=360, bias=True)
            (act): GELU(approximate='none')
            (sg): Gate(
              (norm): LayerNorm((180,), eps=1e-05, elementwise_affine=True)
              (conv): Conv2d(180, 180, kernel_size=(3, 3), stride=(1, 1), padding=(1, 1), groups=180)
            )
            (fc2): Linear(in_features=180, out_features=180, bias=True)
            (drop): Dropout(p=0.0, inplace=False)
          )
          (norm2): LayerNorm((180,), eps=1e-05, elementwise_affine=True)
        )
        (1): Block(
          (norm1): LayerNorm((180,), eps=1e-05, elementwise_affine=True)
          (attn): CGTA(
            (curvature_conv): Conv2d(180, 180, kernel_size=(3, 3), stride=(1, 1), padding=(1, 1), groups=180, bias=False)
            (gate): RetentionGate(
              (ret_gate): Sequential(
                (0): Linear(in_features=180, out_features=90, bias=True)
                (1): ReLU()
                (2): Linear(in_features=90, out_features=1, bias=True)
                (3): Sigmoid()
              )
            )
            (q): Linear(in_features=180, out_features=90, bias=True)
            (kv_reduce): Conv1d(180, 90, kernel_size=(1,), stride=(1,))
            (k): Linear(in_features=90, out_features=90, bias=True)
            (v): Linear(in_features=90, out_features=180, bias=True)
            (norm_act): Sequential(
              (0): LayerNorm((90,), eps=1e-05, elementwise_affine=True)
              (1): GELU(approximate='none')
            )
            (cpe): Conv2d(180, 180, kernel_size=(3, 3), stride=(1, 1), padding=(1, 1), groups=180)
            (proj): Linear(in_features=180, out_features=180, bias=True)
            (attn_drop): Dropout(p=0.0, inplace=False)
            (proj_drop): Dropout(p=0.0, inplace=False)
          )
          (drop_path): DropPath(drop_prob=0.020)
          (mlp): MLP(
            (fc1): Linear(in_features=180, out_features=360, bias=True)
            (act): GELU(approximate='none')
            (sg): Gate(
              (norm): LayerNorm((180,), eps=1e-05, elementwise_affine=True)
              (conv): Conv2d(180, 180, kernel_size=(3, 3), stride=(1, 1), padding=(1, 1), groups=180)
            )
            (fc2): Linear(in_features=180, out_features=180, bias=True)
            (drop): Dropout(p=0.0, inplace=False)
          )
          (norm2): LayerNorm((180,), eps=1e-05, elementwise_affine=True)
        )
        (2): Block(
          (norm1): LayerNorm((180,), eps=1e-05, elementwise_affine=True)
          (attn): LCGA(
            (qkv): Linear(in_features=180, out_features=540, bias=True)
            (proj): Linear(in_features=180, out_features=180, bias=True)
            (proj_drop): Dropout(p=0.0, inplace=False)
            (attns): ModuleList(
              (0-1): 2 x WindowAttention(
                (pos): DynamicPosBias(
                  (pos_proj): Linear(in_features=2, out_features=5, bias=True)
                  (pos1): Sequential(
                    (0): LayerNorm((5,), eps=1e-05, elementwise_affine=True)
                    (1): ReLU(inplace=True)
                    (2): Linear(in_features=5, out_features=5, bias=True)
                  )
                  (pos2): Sequential(
                    (0): LayerNorm((5,), eps=1e-05, elementwise_affine=True)
                    (1): ReLU(inplace=True)
                    (2): Linear(in_features=5, out_features=5, bias=True)
                  )
                  (pos3): Sequential(
                    (0): LayerNorm((5,), eps=1e-05, elementwise_affine=True)
                    (1): ReLU(inplace=True)
                    (2): Linear(in_features=5, out_features=3, bias=True)
                  )
                )
                (curvature_conv): Conv2d(90, 90, kernel_size=(3, 3), stride=(1, 1), padding=(1, 1), groups=90, bias=False)
                (attn_drop): Dropout(p=0.0, inplace=False)
              )
            )
            (get_v): Conv2d(180, 180, kernel_size=(3, 3), stride=(1, 1), padding=(1, 1), groups=180)
          )
          (drop_path): DropPath(drop_prob=0.023)
          (mlp): MLP(
            (fc1): Linear(in_features=180, out_features=360, bias=True)
            (act): GELU(approximate='none')
            (sg): Gate(
              (norm): LayerNorm((180,), eps=1e-05, elementwise_affine=True)
              (conv): Conv2d(180, 180, kernel_size=(3, 3), stride=(1, 1), padding=(1, 1), groups=180)
            )
            (fc2): Linear(in_features=180, out_features=180, bias=True)
            (drop): Dropout(p=0.0, inplace=False)
          )
          (norm2): LayerNorm((180,), eps=1e-05, elementwise_affine=True)
        )
        (3): Block(
          (norm1): LayerNorm((180,), eps=1e-05, elementwise_affine=True)
          (attn): CGTA(
            (curvature_conv): Conv2d(180, 180, kernel_size=(3, 3), stride=(1, 1), padding=(1, 1), groups=180, bias=False)
            (gate): RetentionGate(
              (ret_gate): Sequential(
                (0): Linear(in_features=180, out_features=90, bias=True)
                (1): ReLU()
                (2): Linear(in_features=90, out_features=1, bias=True)
                (3): Sigmoid()
              )
            )
            (q): Linear(in_features=180, out_features=90, bias=True)
            (kv_reduce): Conv1d(180, 90, kernel_size=(1,), stride=(1,))
            (k): Linear(in_features=90, out_features=90, bias=True)
            (v): Linear(in_features=90, out_features=180, bias=True)
            (norm_act): Sequential(
              (0): LayerNorm((90,), eps=1e-05, elementwise_affine=True)
              (1): GELU(approximate='none')
            )
            (cpe): Conv2d(180, 180, kernel_size=(3, 3), stride=(1, 1), padding=(1, 1), groups=180)
            (proj): Linear(in_features=180, out_features=180, bias=True)
            (attn_drop): Dropout(p=0.0, inplace=False)
            (proj_drop): Dropout(p=0.0, inplace=False)
          )
          (drop_path): DropPath(drop_prob=0.026)
          (mlp): MLP(
            (fc1): Linear(in_features=180, out_features=360, bias=True)
            (act): GELU(approximate='none')
            (sg): Gate(
              (norm): LayerNorm((180,), eps=1e-05, elementwise_affine=True)
              (conv): Conv2d(180, 180, kernel_size=(3, 3), stride=(1, 1), padding=(1, 1), groups=180)
            )
            (fc2): Linear(in_features=180, out_features=180, bias=True)
            (drop): Dropout(p=0.0, inplace=False)
          )
          (norm2): LayerNorm((180,), eps=1e-05, elementwise_affine=True)
        )
        (4): Block(
          (norm1): LayerNorm((180,), eps=1e-05, elementwise_affine=True)
          (attn): LCGA(
            (qkv): Linear(in_features=180, out_features=540, bias=True)
            (proj): Linear(in_features=180, out_features=180, bias=True)
            (proj_drop): Dropout(p=0.0, inplace=False)
            (attns): ModuleList(
              (0-1): 2 x WindowAttention(
                (pos): DynamicPosBias(
                  (pos_proj): Linear(in_features=2, out_features=5, bias=True)
                  (pos1): Sequential(
                    (0): LayerNorm((5,), eps=1e-05, elementwise_affine=True)
                    (1): ReLU(inplace=True)
                    (2): Linear(in_features=5, out_features=5, bias=True)
                  )
                  (pos2): Sequential(
                    (0): LayerNorm((5,), eps=1e-05, elementwise_affine=True)
                    (1): ReLU(inplace=True)
                    (2): Linear(in_features=5, out_features=5, bias=True)
                  )
                  (pos3): Sequential(
                    (0): LayerNorm((5,), eps=1e-05, elementwise_affine=True)
                    (1): ReLU(inplace=True)
                    (2): Linear(in_features=5, out_features=3, bias=True)
                  )
                )
                (curvature_conv): Conv2d(90, 90, kernel_size=(3, 3), stride=(1, 1), padding=(1, 1), groups=90, bias=False)
                (attn_drop): Dropout(p=0.0, inplace=False)
              )
            )
            (get_v): Conv2d(180, 180, kernel_size=(3, 3), stride=(1, 1), padding=(1, 1), groups=180)
          )
          (drop_path): DropPath(drop_prob=0.029)
          (mlp): MLP(
            (fc1): Linear(in_features=180, out_features=360, bias=True)
            (act): GELU(approximate='none')
            (sg): Gate(
              (norm): LayerNorm((180,), eps=1e-05, elementwise_affine=True)
              (conv): Conv2d(180, 180, kernel_size=(3, 3), stride=(1, 1), padding=(1, 1), groups=180)
            )
            (fc2): Linear(in_features=180, out_features=180, bias=True)
            (drop): Dropout(p=0.0, inplace=False)
          )
          (norm2): LayerNorm((180,), eps=1e-05, elementwise_affine=True)
        )
        (5): Block(
          (norm1): LayerNorm((180,), eps=1e-05, elementwise_affine=True)
          (attn): CGTA(
            (curvature_conv): Conv2d(180, 180, kernel_size=(3, 3), stride=(1, 1), padding=(1, 1), groups=180, bias=False)
            (gate): RetentionGate(
              (ret_gate): Sequential(
                (0): Linear(in_features=180, out_features=90, bias=True)
                (1): ReLU()
                (2): Linear(in_features=90, out_features=1, bias=True)
                (3): Sigmoid()
              )
            )
            (q): Linear(in_features=180, out_features=90, bias=True)
            (kv_reduce): Conv1d(180, 90, kernel_size=(1,), stride=(1,))
            (k): Linear(in_features=90, out_features=90, bias=True)
            (v): Linear(in_features=90, out_features=180, bias=True)
            (norm_act): Sequential(
              (0): LayerNorm((90,), eps=1e-05, elementwise_affine=True)
              (1): GELU(approximate='none')
            )
            (cpe): Conv2d(180, 180, kernel_size=(3, 3), stride=(1, 1), padding=(1, 1), groups=180)
            (proj): Linear(in_features=180, out_features=180, bias=True)
            (attn_drop): Dropout(p=0.0, inplace=False)
            (proj_drop): Dropout(p=0.0, inplace=False)
          )
          (drop_path): DropPath(drop_prob=0.031)
          (mlp): MLP(
            (fc1): Linear(in_features=180, out_features=360, bias=True)
            (act): GELU(approximate='none')
            (sg): Gate(
              (norm): LayerNorm((180,), eps=1e-05, elementwise_affine=True)
              (conv): Conv2d(180, 180, kernel_size=(3, 3), stride=(1, 1), padding=(1, 1), groups=180)
            )
            (fc2): Linear(in_features=180, out_features=180, bias=True)
            (drop): Dropout(p=0.0, inplace=False)
          )
          (norm2): LayerNorm((180,), eps=1e-05, elementwise_affine=True)
        )
      )
      (conv): Conv2d(180, 180, kernel_size=(3, 3), stride=(1, 1), padding=(1, 1))
    )
    (2): ResidualGroup(
      (blocks): ModuleList(
        (0): Block(
          (norm1): LayerNorm((180,), eps=1e-05, elementwise_affine=True)
          (attn): LCGA(
            (qkv): Linear(in_features=180, out_features=540, bias=True)
            (proj): Linear(in_features=180, out_features=180, bias=True)
            (proj_drop): Dropout(p=0.0, inplace=False)
            (attns): ModuleList(
              (0-1): 2 x WindowAttention(
                (pos): DynamicPosBias(
                  (pos_proj): Linear(in_features=2, out_features=5, bias=True)
                  (pos1): Sequential(
                    (0): LayerNorm((5,), eps=1e-05, elementwise_affine=True)
                    (1): ReLU(inplace=True)
                    (2): Linear(in_features=5, out_features=5, bias=True)
                  )
                  (pos2): Sequential(
                    (0): LayerNorm((5,), eps=1e-05, elementwise_affine=True)
                    (1): ReLU(inplace=True)
                    (2): Linear(in_features=5, out_features=5, bias=True)
                  )
                  (pos3): Sequential(
                    (0): LayerNorm((5,), eps=1e-05, elementwise_affine=True)
                    (1): ReLU(inplace=True)
                    (2): Linear(in_features=5, out_features=3, bias=True)
                  )
                )
                (curvature_conv): Conv2d(90, 90, kernel_size=(3, 3), stride=(1, 1), padding=(1, 1), groups=90, bias=False)
                (attn_drop): Dropout(p=0.0, inplace=False)
              )
            )
            (get_v): Conv2d(180, 180, kernel_size=(3, 3), stride=(1, 1), padding=(1, 1), groups=180)
          )
          (drop_path): DropPath(drop_prob=0.034)
          (mlp): MLP(
            (fc1): Linear(in_features=180, out_features=360, bias=True)
            (act): GELU(approximate='none')
            (sg): Gate(
              (norm): LayerNorm((180,), eps=1e-05, elementwise_affine=True)
              (conv): Conv2d(180, 180, kernel_size=(3, 3), stride=(1, 1), padding=(1, 1), groups=180)
            )
            (fc2): Linear(in_features=180, out_features=180, bias=True)
            (drop): Dropout(p=0.0, inplace=False)
          )
          (norm2): LayerNorm((180,), eps=1e-05, elementwise_affine=True)
        )
        (1): Block(
          (norm1): LayerNorm((180,), eps=1e-05, elementwise_affine=True)
          (attn): CGTA(
            (curvature_conv): Conv2d(180, 180, kernel_size=(3, 3), stride=(1, 1), padding=(1, 1), groups=180, bias=False)
            (gate): RetentionGate(
              (ret_gate): Sequential(
                (0): Linear(in_features=180, out_features=90, bias=True)
                (1): ReLU()
                (2): Linear(in_features=90, out_features=1, bias=True)
                (3): Sigmoid()
              )
            )
            (q): Linear(in_features=180, out_features=90, bias=True)
            (kv_reduce): Conv1d(180, 90, kernel_size=(1,), stride=(1,))
            (k): Linear(in_features=90, out_features=90, bias=True)
            (v): Linear(in_features=90, out_features=180, bias=True)
            (norm_act): Sequential(
              (0): LayerNorm((90,), eps=1e-05, elementwise_affine=True)
              (1): GELU(approximate='none')
            )
            (cpe): Conv2d(180, 180, kernel_size=(3, 3), stride=(1, 1), padding=(1, 1), groups=180)
            (proj): Linear(in_features=180, out_features=180, bias=True)
            (attn_drop): Dropout(p=0.0, inplace=False)
            (proj_drop): Dropout(p=0.0, inplace=False)
          )
          (drop_path): DropPath(drop_prob=0.037)
          (mlp): MLP(
            (fc1): Linear(in_features=180, out_features=360, bias=True)
            (act): GELU(approximate='none')
            (sg): Gate(
              (norm): LayerNorm((180,), eps=1e-05, elementwise_affine=True)
              (conv): Conv2d(180, 180, kernel_size=(3, 3), stride=(1, 1), padding=(1, 1), groups=180)
            )
            (fc2): Linear(in_features=180, out_features=180, bias=True)
            (drop): Dropout(p=0.0, inplace=False)
          )
          (norm2): LayerNorm((180,), eps=1e-05, elementwise_affine=True)
        )
        (2): Block(
          (norm1): LayerNorm((180,), eps=1e-05, elementwise_affine=True)
          (attn): LCGA(
            (qkv): Linear(in_features=180, out_features=540, bias=True)
            (proj): Linear(in_features=180, out_features=180, bias=True)
            (proj_drop): Dropout(p=0.0, inplace=False)
            (attns): ModuleList(
              (0-1): 2 x WindowAttention(
                (pos): DynamicPosBias(
                  (pos_proj): Linear(in_features=2, out_features=5, bias=True)
                  (pos1): Sequential(
                    (0): LayerNorm((5,), eps=1e-05, elementwise_affine=True)
                    (1): ReLU(inplace=True)
                    (2): Linear(in_features=5, out_features=5, bias=True)
                  )
                  (pos2): Sequential(
                    (0): LayerNorm((5,), eps=1e-05, elementwise_affine=True)
                    (1): ReLU(inplace=True)
                    (2): Linear(in_features=5, out_features=5, bias=True)
                  )
                  (pos3): Sequential(
                    (0): LayerNorm((5,), eps=1e-05, elementwise_affine=True)
                    (1): ReLU(inplace=True)
                    (2): Linear(in_features=5, out_features=3, bias=True)
                  )
                )
                (curvature_conv): Conv2d(90, 90, kernel_size=(3, 3), stride=(1, 1), padding=(1, 1), groups=90, bias=False)
                (attn_drop): Dropout(p=0.0, inplace=False)
              )
            )
            (get_v): Conv2d(180, 180, kernel_size=(3, 3), stride=(1, 1), padding=(1, 1), groups=180)
          )
          (drop_path): DropPath(drop_prob=0.040)
          (mlp): MLP(
            (fc1): Linear(in_features=180, out_features=360, bias=True)
            (act): GELU(approximate='none')
            (sg): Gate(
              (norm): LayerNorm((180,), eps=1e-05, elementwise_affine=True)
              (conv): Conv2d(180, 180, kernel_size=(3, 3), stride=(1, 1), padding=(1, 1), groups=180)
            )
            (fc2): Linear(in_features=180, out_features=180, bias=True)
            (drop): Dropout(p=0.0, inplace=False)
          )
          (norm2): LayerNorm((180,), eps=1e-05, elementwise_affine=True)
        )
        (3): Block(
          (norm1): LayerNorm((180,), eps=1e-05, elementwise_affine=True)
          (attn): CGTA(
            (curvature_conv): Conv2d(180, 180, kernel_size=(3, 3), stride=(1, 1), padding=(1, 1), groups=180, bias=False)
            (gate): RetentionGate(
              (ret_gate): Sequential(
                (0): Linear(in_features=180, out_features=90, bias=True)
                (1): ReLU()
                (2): Linear(in_features=90, out_features=1, bias=True)
                (3): Sigmoid()
              )
            )
            (q): Linear(in_features=180, out_features=90, bias=True)
            (kv_reduce): Conv1d(180, 90, kernel_size=(1,), stride=(1,))
            (k): Linear(in_features=90, out_features=90, bias=True)
            (v): Linear(in_features=90, out_features=180, bias=True)
            (norm_act): Sequential(
              (0): LayerNorm((90,), eps=1e-05, elementwise_affine=True)
              (1): GELU(approximate='none')
            )
            (cpe): Conv2d(180, 180, kernel_size=(3, 3), stride=(1, 1), padding=(1, 1), groups=180)
            (proj): Linear(in_features=180, out_features=180, bias=True)
            (attn_drop): Dropout(p=0.0, inplace=False)
            (proj_drop): Dropout(p=0.0, inplace=False)
          )
          (drop_path): DropPath(drop_prob=0.043)
          (mlp): MLP(
            (fc1): Linear(in_features=180, out_features=360, bias=True)
            (act): GELU(approximate='none')
            (sg): Gate(
              (norm): LayerNorm((180,), eps=1e-05, elementwise_affine=True)
              (conv): Conv2d(180, 180, kernel_size=(3, 3), stride=(1, 1), padding=(1, 1), groups=180)
            )
            (fc2): Linear(in_features=180, out_features=180, bias=True)
            (drop): Dropout(p=0.0, inplace=False)
          )
          (norm2): LayerNorm((180,), eps=1e-05, elementwise_affine=True)
        )
        (4): Block(
          (norm1): LayerNorm((180,), eps=1e-05, elementwise_affine=True)
          (attn): LCGA(
            (qkv): Linear(in_features=180, out_features=540, bias=True)
            (proj): Linear(in_features=180, out_features=180, bias=True)
            (proj_drop): Dropout(p=0.0, inplace=False)
            (attns): ModuleList(
              (0-1): 2 x WindowAttention(
                (pos): DynamicPosBias(
                  (pos_proj): Linear(in_features=2, out_features=5, bias=True)
                  (pos1): Sequential(
                    (0): LayerNorm((5,), eps=1e-05, elementwise_affine=True)
                    (1): ReLU(inplace=True)
                    (2): Linear(in_features=5, out_features=5, bias=True)
                  )
                  (pos2): Sequential(
                    (0): LayerNorm((5,), eps=1e-05, elementwise_affine=True)
                    (1): ReLU(inplace=True)
                    (2): Linear(in_features=5, out_features=5, bias=True)
                  )
                  (pos3): Sequential(
                    (0): LayerNorm((5,), eps=1e-05, elementwise_affine=True)
                    (1): ReLU(inplace=True)
                    (2): Linear(in_features=5, out_features=3, bias=True)
                  )
                )
                (curvature_conv): Conv2d(90, 90, kernel_size=(3, 3), stride=(1, 1), padding=(1, 1), groups=90, bias=False)
                (attn_drop): Dropout(p=0.0, inplace=False)
              )
            )
            (get_v): Conv2d(180, 180, kernel_size=(3, 3), stride=(1, 1), padding=(1, 1), groups=180)
          )
          (drop_path): DropPath(drop_prob=0.046)
          (mlp): MLP(
            (fc1): Linear(in_features=180, out_features=360, bias=True)
            (act): GELU(approximate='none')
            (sg): Gate(
              (norm): LayerNorm((180,), eps=1e-05, elementwise_affine=True)
              (conv): Conv2d(180, 180, kernel_size=(3, 3), stride=(1, 1), padding=(1, 1), groups=180)
            )
            (fc2): Linear(in_features=180, out_features=180, bias=True)
            (drop): Dropout(p=0.0, inplace=False)
          )
          (norm2): LayerNorm((180,), eps=1e-05, elementwise_affine=True)
        )
        (5): Block(
          (norm1): LayerNorm((180,), eps=1e-05, elementwise_affine=True)
          (attn): CGTA(
            (curvature_conv): Conv2d(180, 180, kernel_size=(3, 3), stride=(1, 1), padding=(1, 1), groups=180, bias=False)
            (gate): RetentionGate(
              (ret_gate): Sequential(
                (0): Linear(in_features=180, out_features=90, bias=True)
                (1): ReLU()
                (2): Linear(in_features=90, out_features=1, bias=True)
                (3): Sigmoid()
              )
            )
            (q): Linear(in_features=180, out_features=90, bias=True)
            (kv_reduce): Conv1d(180, 90, kernel_size=(1,), stride=(1,))
            (k): Linear(in_features=90, out_features=90, bias=True)
            (v): Linear(in_features=90, out_features=180, bias=True)
            (norm_act): Sequential(
              (0): LayerNorm((90,), eps=1e-05, elementwise_affine=True)
              (1): GELU(approximate='none')
            )
            (cpe): Conv2d(180, 180, kernel_size=(3, 3), stride=(1, 1), padding=(1, 1), groups=180)
            (proj): Linear(in_features=180, out_features=180, bias=True)
            (attn_drop): Dropout(p=0.0, inplace=False)
            (proj_drop): Dropout(p=0.0, inplace=False)
          )
          (drop_path): DropPath(drop_prob=0.049)
          (mlp): MLP(
            (fc1): Linear(in_features=180, out_features=360, bias=True)
            (act): GELU(approximate='none')
            (sg): Gate(
              (norm): LayerNorm((180,), eps=1e-05, elementwise_affine=True)
              (conv): Conv2d(180, 180, kernel_size=(3, 3), stride=(1, 1), padding=(1, 1), groups=180)
            )
            (fc2): Linear(in_features=180, out_features=180, bias=True)
            (drop): Dropout(p=0.0, inplace=False)
          )
          (norm2): LayerNorm((180,), eps=1e-05, elementwise_affine=True)
        )
      )
      (conv): Conv2d(180, 180, kernel_size=(3, 3), stride=(1, 1), padding=(1, 1))
    )
    (3): ResidualGroup(
      (blocks): ModuleList(
        (0): Block(
          (norm1): LayerNorm((180,), eps=1e-05, elementwise_affine=True)
          (attn): LCGA(
            (qkv): Linear(in_features=180, out_features=540, bias=True)
            (proj): Linear(in_features=180, out_features=180, bias=True)
            (proj_drop): Dropout(p=0.0, inplace=False)
            (attns): ModuleList(
              (0-1): 2 x WindowAttention(
                (pos): DynamicPosBias(
                  (pos_proj): Linear(in_features=2, out_features=5, bias=True)
                  (pos1): Sequential(
                    (0): LayerNorm((5,), eps=1e-05, elementwise_affine=True)
                    (1): ReLU(inplace=True)
                    (2): Linear(in_features=5, out_features=5, bias=True)
                  )
                  (pos2): Sequential(
                    (0): LayerNorm((5,), eps=1e-05, elementwise_affine=True)
                    (1): ReLU(inplace=True)
                    (2): Linear(in_features=5, out_features=5, bias=True)
                  )
                  (pos3): Sequential(
                    (0): LayerNorm((5,), eps=1e-05, elementwise_affine=True)
                    (1): ReLU(inplace=True)
                    (2): Linear(in_features=5, out_features=3, bias=True)
                  )
                )
                (curvature_conv): Conv2d(90, 90, kernel_size=(3, 3), stride=(1, 1), padding=(1, 1), groups=90, bias=False)
                (attn_drop): Dropout(p=0.0, inplace=False)
              )
            )
            (get_v): Conv2d(180, 180, kernel_size=(3, 3), stride=(1, 1), padding=(1, 1), groups=180)
          )
          (drop_path): DropPath(drop_prob=0.051)
          (mlp): MLP(
            (fc1): Linear(in_features=180, out_features=360, bias=True)
            (act): GELU(approximate='none')
            (sg): Gate(
              (norm): LayerNorm((180,), eps=1e-05, elementwise_affine=True)
              (conv): Conv2d(180, 180, kernel_size=(3, 3), stride=(1, 1), padding=(1, 1), groups=180)
            )
            (fc2): Linear(in_features=180, out_features=180, bias=True)
            (drop): Dropout(p=0.0, inplace=False)
          )
          (norm2): LayerNorm((180,), eps=1e-05, elementwise_affine=True)
        )
        (1): Block(
          (norm1): LayerNorm((180,), eps=1e-05, elementwise_affine=True)
          (attn): CGTA(
            (curvature_conv): Conv2d(180, 180, kernel_size=(3, 3), stride=(1, 1), padding=(1, 1), groups=180, bias=False)
            (gate): RetentionGate(
              (ret_gate): Sequential(
                (0): Linear(in_features=180, out_features=90, bias=True)
                (1): ReLU()
                (2): Linear(in_features=90, out_features=1, bias=True)
                (3): Sigmoid()
              )
            )
            (q): Linear(in_features=180, out_features=90, bias=True)
            (kv_reduce): Conv1d(180, 90, kernel_size=(1,), stride=(1,))
            (k): Linear(in_features=90, out_features=90, bias=True)
            (v): Linear(in_features=90, out_features=180, bias=True)
            (norm_act): Sequential(
              (0): LayerNorm((90,), eps=1e-05, elementwise_affine=True)
              (1): GELU(approximate='none')
            )
            (cpe): Conv2d(180, 180, kernel_size=(3, 3), stride=(1, 1), padding=(1, 1), groups=180)
            (proj): Linear(in_features=180, out_features=180, bias=True)
            (attn_drop): Dropout(p=0.0, inplace=False)
            (proj_drop): Dropout(p=0.0, inplace=False)
          )
          (drop_path): DropPath(drop_prob=0.054)
          (mlp): MLP(
            (fc1): Linear(in_features=180, out_features=360, bias=True)
            (act): GELU(approximate='none')
            (sg): Gate(
              (norm): LayerNorm((180,), eps=1e-05, elementwise_affine=True)
              (conv): Conv2d(180, 180, kernel_size=(3, 3), stride=(1, 1), padding=(1, 1), groups=180)
            )
            (fc2): Linear(in_features=180, out_features=180, bias=True)
            (drop): Dropout(p=0.0, inplace=False)
          )
          (norm2): LayerNorm((180,), eps=1e-05, elementwise_affine=True)
        )
        (2): Block(
          (norm1): LayerNorm((180,), eps=1e-05, elementwise_affine=True)
          (attn): LCGA(
            (qkv): Linear(in_features=180, out_features=540, bias=True)
            (proj): Linear(in_features=180, out_features=180, bias=True)
            (proj_drop): Dropout(p=0.0, inplace=False)
            (attns): ModuleList(
              (0-1): 2 x WindowAttention(
                (pos): DynamicPosBias(
                  (pos_proj): Linear(in_features=2, out_features=5, bias=True)
                  (pos1): Sequential(
                    (0): LayerNorm((5,), eps=1e-05, elementwise_affine=True)
                    (1): ReLU(inplace=True)
                    (2): Linear(in_features=5, out_features=5, bias=True)
                  )
                  (pos2): Sequential(
                    (0): LayerNorm((5,), eps=1e-05, elementwise_affine=True)
                    (1): ReLU(inplace=True)
                    (2): Linear(in_features=5, out_features=5, bias=True)
                  )
                  (pos3): Sequential(
                    (0): LayerNorm((5,), eps=1e-05, elementwise_affine=True)
                    (1): ReLU(inplace=True)
                    (2): Linear(in_features=5, out_features=3, bias=True)
                  )
                )
                (curvature_conv): Conv2d(90, 90, kernel_size=(3, 3), stride=(1, 1), padding=(1, 1), groups=90, bias=False)
                (attn_drop): Dropout(p=0.0, inplace=False)
              )
            )
            (get_v): Conv2d(180, 180, kernel_size=(3, 3), stride=(1, 1), padding=(1, 1), groups=180)
          )
          (drop_path): DropPath(drop_prob=0.057)
          (mlp): MLP(
            (fc1): Linear(in_features=180, out_features=360, bias=True)
            (act): GELU(approximate='none')
            (sg): Gate(
              (norm): LayerNorm((180,), eps=1e-05, elementwise_affine=True)
              (conv): Conv2d(180, 180, kernel_size=(3, 3), stride=(1, 1), padding=(1, 1), groups=180)
            )
            (fc2): Linear(in_features=180, out_features=180, bias=True)
            (drop): Dropout(p=0.0, inplace=False)
          )
          (norm2): LayerNorm((180,), eps=1e-05, elementwise_affine=True)
        )
        (3): Block(
          (norm1): LayerNorm((180,), eps=1e-05, elementwise_affine=True)
          (attn): CGTA(
            (curvature_conv): Conv2d(180, 180, kernel_size=(3, 3), stride=(1, 1), padding=(1, 1), groups=180, bias=False)
            (gate): RetentionGate(
              (ret_gate): Sequential(
                (0): Linear(in_features=180, out_features=90, bias=True)
                (1): ReLU()
                (2): Linear(in_features=90, out_features=1, bias=True)
                (3): Sigmoid()
              )
            )
            (q): Linear(in_features=180, out_features=90, bias=True)
            (kv_reduce): Conv1d(180, 90, kernel_size=(1,), stride=(1,))
            (k): Linear(in_features=90, out_features=90, bias=True)
            (v): Linear(in_features=90, out_features=180, bias=True)
            (norm_act): Sequential(
              (0): LayerNorm((90,), eps=1e-05, elementwise_affine=True)
              (1): GELU(approximate='none')
            )
            (cpe): Conv2d(180, 180, kernel_size=(3, 3), stride=(1, 1), padding=(1, 1), groups=180)
            (proj): Linear(in_features=180, out_features=180, bias=True)
            (attn_drop): Dropout(p=0.0, inplace=False)
            (proj_drop): Dropout(p=0.0, inplace=False)
          )
          (drop_path): DropPath(drop_prob=0.060)
          (mlp): MLP(
            (fc1): Linear(in_features=180, out_features=360, bias=True)
            (act): GELU(approximate='none')
            (sg): Gate(
              (norm): LayerNorm((180,), eps=1e-05, elementwise_affine=True)
              (conv): Conv2d(180, 180, kernel_size=(3, 3), stride=(1, 1), padding=(1, 1), groups=180)
            )
            (fc2): Linear(in_features=180, out_features=180, bias=True)
            (drop): Dropout(p=0.0, inplace=False)
          )
          (norm2): LayerNorm((180,), eps=1e-05, elementwise_affine=True)
        )
        (4): Block(
          (norm1): LayerNorm((180,), eps=1e-05, elementwise_affine=True)
          (attn): LCGA(
            (qkv): Linear(in_features=180, out_features=540, bias=True)
            (proj): Linear(in_features=180, out_features=180, bias=True)
            (proj_drop): Dropout(p=0.0, inplace=False)
            (attns): ModuleList(
              (0-1): 2 x WindowAttention(
                (pos): DynamicPosBias(
                  (pos_proj): Linear(in_features=2, out_features=5, bias=True)
                  (pos1): Sequential(
                    (0): LayerNorm((5,), eps=1e-05, elementwise_affine=True)
                    (1): ReLU(inplace=True)
                    (2): Linear(in_features=5, out_features=5, bias=True)
                  )
                  (pos2): Sequential(
                    (0): LayerNorm((5,), eps=1e-05, elementwise_affine=True)
                    (1): ReLU(inplace=True)
                    (2): Linear(in_features=5, out_features=5, bias=True)
                  )
                  (pos3): Sequential(
                    (0): LayerNorm((5,), eps=1e-05, elementwise_affine=True)
                    (1): ReLU(inplace=True)
                    (2): Linear(in_features=5, out_features=3, bias=True)
                  )
                )
                (curvature_conv): Conv2d(90, 90, kernel_size=(3, 3), stride=(1, 1), padding=(1, 1), groups=90, bias=False)
                (attn_drop): Dropout(p=0.0, inplace=False)
              )
            )
            (get_v): Conv2d(180, 180, kernel_size=(3, 3), stride=(1, 1), padding=(1, 1), groups=180)
          )
          (drop_path): DropPath(drop_prob=0.063)
          (mlp): MLP(
            (fc1): Linear(in_features=180, out_features=360, bias=True)
            (act): GELU(approximate='none')
            (sg): Gate(
              (norm): LayerNorm((180,), eps=1e-05, elementwise_affine=True)
              (conv): Conv2d(180, 180, kernel_size=(3, 3), stride=(1, 1), padding=(1, 1), groups=180)
            )
            (fc2): Linear(in_features=180, out_features=180, bias=True)
            (drop): Dropout(p=0.0, inplace=False)
          )
          (norm2): LayerNorm((180,), eps=1e-05, elementwise_affine=True)
        )
        (5): Block(
          (norm1): LayerNorm((180,), eps=1e-05, elementwise_affine=True)
          (attn): CGTA(
            (curvature_conv): Conv2d(180, 180, kernel_size=(3, 3), stride=(1, 1), padding=(1, 1), groups=180, bias=False)
            (gate): RetentionGate(
              (ret_gate): Sequential(
                (0): Linear(in_features=180, out_features=90, bias=True)
                (1): ReLU()
                (2): Linear(in_features=90, out_features=1, bias=True)
                (3): Sigmoid()
              )
            )
            (q): Linear(in_features=180, out_features=90, bias=True)
            (kv_reduce): Conv1d(180, 90, kernel_size=(1,), stride=(1,))
            (k): Linear(in_features=90, out_features=90, bias=True)
            (v): Linear(in_features=90, out_features=180, bias=True)
            (norm_act): Sequential(
              (0): LayerNorm((90,), eps=1e-05, elementwise_affine=True)
              (1): GELU(approximate='none')
            )
            (cpe): Conv2d(180, 180, kernel_size=(3, 3), stride=(1, 1), padding=(1, 1), groups=180)
            (proj): Linear(in_features=180, out_features=180, bias=True)
            (attn_drop): Dropout(p=0.0, inplace=False)
            (proj_drop): Dropout(p=0.0, inplace=False)
          )
          (drop_path): DropPath(drop_prob=0.066)
          (mlp): MLP(
            (fc1): Linear(in_features=180, out_features=360, bias=True)
            (act): GELU(approximate='none')
            (sg): Gate(
              (norm): LayerNorm((180,), eps=1e-05, elementwise_affine=True)
              (conv): Conv2d(180, 180, kernel_size=(3, 3), stride=(1, 1), padding=(1, 1), groups=180)
            )
            (fc2): Linear(in_features=180, out_features=180, bias=True)
            (drop): Dropout(p=0.0, inplace=False)
          )
          (norm2): LayerNorm((180,), eps=1e-05, elementwise_affine=True)
        )
      )
      (conv): Conv2d(180, 180, kernel_size=(3, 3), stride=(1, 1), padding=(1, 1))
    )
    (4): ResidualGroup(
      (blocks): ModuleList(
        (0): Block(
          (norm1): LayerNorm((180,), eps=1e-05, elementwise_affine=True)
          (attn): LCGA(
            (qkv): Linear(in_features=180, out_features=540, bias=True)
            (proj): Linear(in_features=180, out_features=180, bias=True)
            (proj_drop): Dropout(p=0.0, inplace=False)
            (attns): ModuleList(
              (0-1): 2 x WindowAttention(
                (pos): DynamicPosBias(
                  (pos_proj): Linear(in_features=2, out_features=5, bias=True)
                  (pos1): Sequential(
                    (0): LayerNorm((5,), eps=1e-05, elementwise_affine=True)
                    (1): ReLU(inplace=True)
                    (2): Linear(in_features=5, out_features=5, bias=True)
                  )
                  (pos2): Sequential(
                    (0): LayerNorm((5,), eps=1e-05, elementwise_affine=True)
                    (1): ReLU(inplace=True)
                    (2): Linear(in_features=5, out_features=5, bias=True)
                  )
                  (pos3): Sequential(
                    (0): LayerNorm((5,), eps=1e-05, elementwise_affine=True)
                    (1): ReLU(inplace=True)
                    (2): Linear(in_features=5, out_features=3, bias=True)
                  )
                )
                (curvature_conv): Conv2d(90, 90, kernel_size=(3, 3), stride=(1, 1), padding=(1, 1), groups=90, bias=False)
                (attn_drop): Dropout(p=0.0, inplace=False)
              )
            )
            (get_v): Conv2d(180, 180, kernel_size=(3, 3), stride=(1, 1), padding=(1, 1), groups=180)
          )
          (drop_path): DropPath(drop_prob=0.069)
          (mlp): MLP(
            (fc1): Linear(in_features=180, out_features=360, bias=True)
            (act): GELU(approximate='none')
            (sg): Gate(
              (norm): LayerNorm((180,), eps=1e-05, elementwise_affine=True)
              (conv): Conv2d(180, 180, kernel_size=(3, 3), stride=(1, 1), padding=(1, 1), groups=180)
            )
            (fc2): Linear(in_features=180, out_features=180, bias=True)
            (drop): Dropout(p=0.0, inplace=False)
          )
          (norm2): LayerNorm((180,), eps=1e-05, elementwise_affine=True)
        )
        (1): Block(
          (norm1): LayerNorm((180,), eps=1e-05, elementwise_affine=True)
          (attn): CGTA(
            (curvature_conv): Conv2d(180, 180, kernel_size=(3, 3), stride=(1, 1), padding=(1, 1), groups=180, bias=False)
            (gate): RetentionGate(
              (ret_gate): Sequential(
                (0): Linear(in_features=180, out_features=90, bias=True)
                (1): ReLU()
                (2): Linear(in_features=90, out_features=1, bias=True)
                (3): Sigmoid()
              )
            )
            (q): Linear(in_features=180, out_features=90, bias=True)
            (kv_reduce): Conv1d(180, 90, kernel_size=(1,), stride=(1,))
            (k): Linear(in_features=90, out_features=90, bias=True)
            (v): Linear(in_features=90, out_features=180, bias=True)
            (norm_act): Sequential(
              (0): LayerNorm((90,), eps=1e-05, elementwise_affine=True)
              (1): GELU(approximate='none')
            )
            (cpe): Conv2d(180, 180, kernel_size=(3, 3), stride=(1, 1), padding=(1, 1), groups=180)
            (proj): Linear(in_features=180, out_features=180, bias=True)
            (attn_drop): Dropout(p=0.0, inplace=False)
            (proj_drop): Dropout(p=0.0, inplace=False)
          )
          (drop_path): DropPath(drop_prob=0.071)
          (mlp): MLP(
            (fc1): Linear(in_features=180, out_features=360, bias=True)
            (act): GELU(approximate='none')
            (sg): Gate(
              (norm): LayerNorm((180,), eps=1e-05, elementwise_affine=True)
              (conv): Conv2d(180, 180, kernel_size=(3, 3), stride=(1, 1), padding=(1, 1), groups=180)
            )
            (fc2): Linear(in_features=180, out_features=180, bias=True)
            (drop): Dropout(p=0.0, inplace=False)
          )
          (norm2): LayerNorm((180,), eps=1e-05, elementwise_affine=True)
        )
        (2): Block(
          (norm1): LayerNorm((180,), eps=1e-05, elementwise_affine=True)
          (attn): LCGA(
            (qkv): Linear(in_features=180, out_features=540, bias=True)
            (proj): Linear(in_features=180, out_features=180, bias=True)
            (proj_drop): Dropout(p=0.0, inplace=False)
            (attns): ModuleList(
              (0-1): 2 x WindowAttention(
                (pos): DynamicPosBias(
                  (pos_proj): Linear(in_features=2, out_features=5, bias=True)
                  (pos1): Sequential(
                    (0): LayerNorm((5,), eps=1e-05, elementwise_affine=True)
                    (1): ReLU(inplace=True)
                    (2): Linear(in_features=5, out_features=5, bias=True)
                  )
                  (pos2): Sequential(
                    (0): LayerNorm((5,), eps=1e-05, elementwise_affine=True)
                    (1): ReLU(inplace=True)
                    (2): Linear(in_features=5, out_features=5, bias=True)
                  )
                  (pos3): Sequential(
                    (0): LayerNorm((5,), eps=1e-05, elementwise_affine=True)
                    (1): ReLU(inplace=True)
                    (2): Linear(in_features=5, out_features=3, bias=True)
                  )
                )
                (curvature_conv): Conv2d(90, 90, kernel_size=(3, 3), stride=(1, 1), padding=(1, 1), groups=90, bias=False)
                (attn_drop): Dropout(p=0.0, inplace=False)
              )
            )
            (get_v): Conv2d(180, 180, kernel_size=(3, 3), stride=(1, 1), padding=(1, 1), groups=180)
          )
          (drop_path): DropPath(drop_prob=0.074)
          (mlp): MLP(
            (fc1): Linear(in_features=180, out_features=360, bias=True)
            (act): GELU(approximate='none')
            (sg): Gate(
              (norm): LayerNorm((180,), eps=1e-05, elementwise_affine=True)
              (conv): Conv2d(180, 180, kernel_size=(3, 3), stride=(1, 1), padding=(1, 1), groups=180)
            )
            (fc2): Linear(in_features=180, out_features=180, bias=True)
            (drop): Dropout(p=0.0, inplace=False)
          )
          (norm2): LayerNorm((180,), eps=1e-05, elementwise_affine=True)
        )
        (3): Block(
          (norm1): LayerNorm((180,), eps=1e-05, elementwise_affine=True)
          (attn): CGTA(
            (curvature_conv): Conv2d(180, 180, kernel_size=(3, 3), stride=(1, 1), padding=(1, 1), groups=180, bias=False)
            (gate): RetentionGate(
              (ret_gate): Sequential(
                (0): Linear(in_features=180, out_features=90, bias=True)
                (1): ReLU()
                (2): Linear(in_features=90, out_features=1, bias=True)
                (3): Sigmoid()
              )
            )
            (q): Linear(in_features=180, out_features=90, bias=True)
            (kv_reduce): Conv1d(180, 90, kernel_size=(1,), stride=(1,))
            (k): Linear(in_features=90, out_features=90, bias=True)
            (v): Linear(in_features=90, out_features=180, bias=True)
            (norm_act): Sequential(
              (0): LayerNorm((90,), eps=1e-05, elementwise_affine=True)
              (1): GELU(approximate='none')
            )
            (cpe): Conv2d(180, 180, kernel_size=(3, 3), stride=(1, 1), padding=(1, 1), groups=180)
            (proj): Linear(in_features=180, out_features=180, bias=True)
            (attn_drop): Dropout(p=0.0, inplace=False)
            (proj_drop): Dropout(p=0.0, inplace=False)
          )
          (drop_path): DropPath(drop_prob=0.077)
          (mlp): MLP(
            (fc1): Linear(in_features=180, out_features=360, bias=True)
            (act): GELU(approximate='none')
            (sg): Gate(
              (norm): LayerNorm((180,), eps=1e-05, elementwise_affine=True)
              (conv): Conv2d(180, 180, kernel_size=(3, 3), stride=(1, 1), padding=(1, 1), groups=180)
            )
            (fc2): Linear(in_features=180, out_features=180, bias=True)
            (drop): Dropout(p=0.0, inplace=False)
          )
          (norm2): LayerNorm((180,), eps=1e-05, elementwise_affine=True)
        )
        (4): Block(
          (norm1): LayerNorm((180,), eps=1e-05, elementwise_affine=True)
          (attn): LCGA(
            (qkv): Linear(in_features=180, out_features=540, bias=True)
            (proj): Linear(in_features=180, out_features=180, bias=True)
            (proj_drop): Dropout(p=0.0, inplace=False)
            (attns): ModuleList(
              (0-1): 2 x WindowAttention(
                (pos): DynamicPosBias(
                  (pos_proj): Linear(in_features=2, out_features=5, bias=True)
                  (pos1): Sequential(
                    (0): LayerNorm((5,), eps=1e-05, elementwise_affine=True)
                    (1): ReLU(inplace=True)
                    (2): Linear(in_features=5, out_features=5, bias=True)
                  )
                  (pos2): Sequential(
                    (0): LayerNorm((5,), eps=1e-05, elementwise_affine=True)
                    (1): ReLU(inplace=True)
                    (2): Linear(in_features=5, out_features=5, bias=True)
                  )
                  (pos3): Sequential(
                    (0): LayerNorm((5,), eps=1e-05, elementwise_affine=True)
                    (1): ReLU(inplace=True)
                    (2): Linear(in_features=5, out_features=3, bias=True)
                  )
                )
                (curvature_conv): Conv2d(90, 90, kernel_size=(3, 3), stride=(1, 1), padding=(1, 1), groups=90, bias=False)
                (attn_drop): Dropout(p=0.0, inplace=False)
              )
            )
            (get_v): Conv2d(180, 180, kernel_size=(3, 3), stride=(1, 1), padding=(1, 1), groups=180)
          )
          (drop_path): DropPath(drop_prob=0.080)
          (mlp): MLP(
            (fc1): Linear(in_features=180, out_features=360, bias=True)
            (act): GELU(approximate='none')
            (sg): Gate(
              (norm): LayerNorm((180,), eps=1e-05, elementwise_affine=True)
              (conv): Conv2d(180, 180, kernel_size=(3, 3), stride=(1, 1), padding=(1, 1), groups=180)
            )
            (fc2): Linear(in_features=180, out_features=180, bias=True)
            (drop): Dropout(p=0.0, inplace=False)
          )
          (norm2): LayerNorm((180,), eps=1e-05, elementwise_affine=True)
        )
        (5): Block(
          (norm1): LayerNorm((180,), eps=1e-05, elementwise_affine=True)
          (attn): CGTA(
            (curvature_conv): Conv2d(180, 180, kernel_size=(3, 3), stride=(1, 1), padding=(1, 1), groups=180, bias=False)
            (gate): RetentionGate(
              (ret_gate): Sequential(
                (0): Linear(in_features=180, out_features=90, bias=True)
                (1): ReLU()
                (2): Linear(in_features=90, out_features=1, bias=True)
                (3): Sigmoid()
              )
            )
            (q): Linear(in_features=180, out_features=90, bias=True)
            (kv_reduce): Conv1d(180, 90, kernel_size=(1,), stride=(1,))
            (k): Linear(in_features=90, out_features=90, bias=True)
            (v): Linear(in_features=90, out_features=180, bias=True)
            (norm_act): Sequential(
              (0): LayerNorm((90,), eps=1e-05, elementwise_affine=True)
              (1): GELU(approximate='none')
            )
            (cpe): Conv2d(180, 180, kernel_size=(3, 3), stride=(1, 1), padding=(1, 1), groups=180)
            (proj): Linear(in_features=180, out_features=180, bias=True)
            (attn_drop): Dropout(p=0.0, inplace=False)
            (proj_drop): Dropout(p=0.0, inplace=False)
          )
          (drop_path): DropPath(drop_prob=0.083)
          (mlp): MLP(
            (fc1): Linear(in_features=180, out_features=360, bias=True)
            (act): GELU(approximate='none')
            (sg): Gate(
              (norm): LayerNorm((180,), eps=1e-05, elementwise_affine=True)
              (conv): Conv2d(180, 180, kernel_size=(3, 3), stride=(1, 1), padding=(1, 1), groups=180)
            )
            (fc2): Linear(in_features=180, out_features=180, bias=True)
            (drop): Dropout(p=0.0, inplace=False)
          )
          (norm2): LayerNorm((180,), eps=1e-05, elementwise_affine=True)
        )
      )
      (conv): Conv2d(180, 180, kernel_size=(3, 3), stride=(1, 1), padding=(1, 1))
    )
    (5): ResidualGroup(
      (blocks): ModuleList(
        (0): Block(
          (norm1): LayerNorm((180,), eps=1e-05, elementwise_affine=True)
          (attn): LCGA(
            (qkv): Linear(in_features=180, out_features=540, bias=True)
            (proj): Linear(in_features=180, out_features=180, bias=True)
            (proj_drop): Dropout(p=0.0, inplace=False)
            (attns): ModuleList(
              (0-1): 2 x WindowAttention(
                (pos): DynamicPosBias(
                  (pos_proj): Linear(in_features=2, out_features=5, bias=True)
                  (pos1): Sequential(
                    (0): LayerNorm((5,), eps=1e-05, elementwise_affine=True)
                    (1): ReLU(inplace=True)
                    (2): Linear(in_features=5, out_features=5, bias=True)
                  )
                  (pos2): Sequential(
                    (0): LayerNorm((5,), eps=1e-05, elementwise_affine=True)
                    (1): ReLU(inplace=True)
                    (2): Linear(in_features=5, out_features=5, bias=True)
                  )
                  (pos3): Sequential(
                    (0): LayerNorm((5,), eps=1e-05, elementwise_affine=True)
                    (1): ReLU(inplace=True)
                    (2): Linear(in_features=5, out_features=3, bias=True)
                  )
                )
                (curvature_conv): Conv2d(90, 90, kernel_size=(3, 3), stride=(1, 1), padding=(1, 1), groups=90, bias=False)
                (attn_drop): Dropout(p=0.0, inplace=False)
              )
            )
            (get_v): Conv2d(180, 180, kernel_size=(3, 3), stride=(1, 1), padding=(1, 1), groups=180)
          )
          (drop_path): DropPath(drop_prob=0.086)
          (mlp): MLP(
            (fc1): Linear(in_features=180, out_features=360, bias=True)
            (act): GELU(approximate='none')
            (sg): Gate(
              (norm): LayerNorm((180,), eps=1e-05, elementwise_affine=True)
              (conv): Conv2d(180, 180, kernel_size=(3, 3), stride=(1, 1), padding=(1, 1), groups=180)
            )
            (fc2): Linear(in_features=180, out_features=180, bias=True)
            (drop): Dropout(p=0.0, inplace=False)
          )
          (norm2): LayerNorm((180,), eps=1e-05, elementwise_affine=True)
        )
        (1): Block(
          (norm1): LayerNorm((180,), eps=1e-05, elementwise_affine=True)
          (attn): CGTA(
            (curvature_conv): Conv2d(180, 180, kernel_size=(3, 3), stride=(1, 1), padding=(1, 1), groups=180, bias=False)
            (gate): RetentionGate(
              (ret_gate): Sequential(
                (0): Linear(in_features=180, out_features=90, bias=True)
                (1): ReLU()
                (2): Linear(in_features=90, out_features=1, bias=True)
                (3): Sigmoid()
              )
            )
            (q): Linear(in_features=180, out_features=90, bias=True)
            (kv_reduce): Conv1d(180, 90, kernel_size=(1,), stride=(1,))
            (k): Linear(in_features=90, out_features=90, bias=True)
            (v): Linear(in_features=90, out_features=180, bias=True)
            (norm_act): Sequential(
              (0): LayerNorm((90,), eps=1e-05, elementwise_affine=True)
              (1): GELU(approximate='none')
            )
            (cpe): Conv2d(180, 180, kernel_size=(3, 3), stride=(1, 1), padding=(1, 1), groups=180)
            (proj): Linear(in_features=180, out_features=180, bias=True)
            (attn_drop): Dropout(p=0.0, inplace=False)
            (proj_drop): Dropout(p=0.0, inplace=False)
          )
          (drop_path): DropPath(drop_prob=0.089)
          (mlp): MLP(
            (fc1): Linear(in_features=180, out_features=360, bias=True)
            (act): GELU(approximate='none')
            (sg): Gate(
              (norm): LayerNorm((180,), eps=1e-05, elementwise_affine=True)
              (conv): Conv2d(180, 180, kernel_size=(3, 3), stride=(1, 1), padding=(1, 1), groups=180)
            )
            (fc2): Linear(in_features=180, out_features=180, bias=True)
            (drop): Dropout(p=0.0, inplace=False)
          )
          (norm2): LayerNorm((180,), eps=1e-05, elementwise_affine=True)
        )
        (2): Block(
          (norm1): LayerNorm((180,), eps=1e-05, elementwise_affine=True)
          (attn): LCGA(
            (qkv): Linear(in_features=180, out_features=540, bias=True)
            (proj): Linear(in_features=180, out_features=180, bias=True)
            (proj_drop): Dropout(p=0.0, inplace=False)
            (attns): ModuleList(
              (0-1): 2 x WindowAttention(
                (pos): DynamicPosBias(
                  (pos_proj): Linear(in_features=2, out_features=5, bias=True)
                  (pos1): Sequential(
                    (0): LayerNorm((5,), eps=1e-05, elementwise_affine=True)
                    (1): ReLU(inplace=True)
                    (2): Linear(in_features=5, out_features=5, bias=True)
                  )
                  (pos2): Sequential(
                    (0): LayerNorm((5,), eps=1e-05, elementwise_affine=True)
                    (1): ReLU(inplace=True)
                    (2): Linear(in_features=5, out_features=5, bias=True)
                  )
                  (pos3): Sequential(
                    (0): LayerNorm((5,), eps=1e-05, elementwise_affine=True)
                    (1): ReLU(inplace=True)
                    (2): Linear(in_features=5, out_features=3, bias=True)
                  )
                )
                (curvature_conv): Conv2d(90, 90, kernel_size=(3, 3), stride=(1, 1), padding=(1, 1), groups=90, bias=False)
                (attn_drop): Dropout(p=0.0, inplace=False)
              )
            )
            (get_v): Conv2d(180, 180, kernel_size=(3, 3), stride=(1, 1), padding=(1, 1), groups=180)
          )
          (drop_path): DropPath(drop_prob=0.091)
          (mlp): MLP(
            (fc1): Linear(in_features=180, out_features=360, bias=True)
            (act): GELU(approximate='none')
            (sg): Gate(
              (norm): LayerNorm((180,), eps=1e-05, elementwise_affine=True)
              (conv): Conv2d(180, 180, kernel_size=(3, 3), stride=(1, 1), padding=(1, 1), groups=180)
            )
            (fc2): Linear(in_features=180, out_features=180, bias=True)
            (drop): Dropout(p=0.0, inplace=False)
          )
          (norm2): LayerNorm((180,), eps=1e-05, elementwise_affine=True)
        )
        (3): Block(
          (norm1): LayerNorm((180,), eps=1e-05, elementwise_affine=True)
          (attn): CGTA(
            (curvature_conv): Conv2d(180, 180, kernel_size=(3, 3), stride=(1, 1), padding=(1, 1), groups=180, bias=False)
            (gate): RetentionGate(
              (ret_gate): Sequential(
                (0): Linear(in_features=180, out_features=90, bias=True)
                (1): ReLU()
                (2): Linear(in_features=90, out_features=1, bias=True)
                (3): Sigmoid()
              )
            )
            (q): Linear(in_features=180, out_features=90, bias=True)
            (kv_reduce): Conv1d(180, 90, kernel_size=(1,), stride=(1,))
            (k): Linear(in_features=90, out_features=90, bias=True)
            (v): Linear(in_features=90, out_features=180, bias=True)
            (norm_act): Sequential(
              (0): LayerNorm((90,), eps=1e-05, elementwise_affine=True)
              (1): GELU(approximate='none')
            )
            (cpe): Conv2d(180, 180, kernel_size=(3, 3), stride=(1, 1), padding=(1, 1), groups=180)
            (proj): Linear(in_features=180, out_features=180, bias=True)
            (attn_drop): Dropout(p=0.0, inplace=False)
            (proj_drop): Dropout(p=0.0, inplace=False)
          )
          (drop_path): DropPath(drop_prob=0.094)
          (mlp): MLP(
            (fc1): Linear(in_features=180, out_features=360, bias=True)
            (act): GELU(approximate='none')
            (sg): Gate(
              (norm): LayerNorm((180,), eps=1e-05, elementwise_affine=True)
              (conv): Conv2d(180, 180, kernel_size=(3, 3), stride=(1, 1), padding=(1, 1), groups=180)
            )
            (fc2): Linear(in_features=180, out_features=180, bias=True)
            (drop): Dropout(p=0.0, inplace=False)
          )
          (norm2): LayerNorm((180,), eps=1e-05, elementwise_affine=True)
        )
        (4): Block(
          (norm1): LayerNorm((180,), eps=1e-05, elementwise_affine=True)
          (attn): LCGA(
            (qkv): Linear(in_features=180, out_features=540, bias=True)
            (proj): Linear(in_features=180, out_features=180, bias=True)
            (proj_drop): Dropout(p=0.0, inplace=False)
            (attns): ModuleList(
              (0-1): 2 x WindowAttention(
                (pos): DynamicPosBias(
                  (pos_proj): Linear(in_features=2, out_features=5, bias=True)
                  (pos1): Sequential(
                    (0): LayerNorm((5,), eps=1e-05, elementwise_affine=True)
                    (1): ReLU(inplace=True)
                    (2): Linear(in_features=5, out_features=5, bias=True)
                  )
                  (pos2): Sequential(
                    (0): LayerNorm((5,), eps=1e-05, elementwise_affine=True)
                    (1): ReLU(inplace=True)
                    (2): Linear(in_features=5, out_features=5, bias=True)
                  )
                  (pos3): Sequential(
                    (0): LayerNorm((5,), eps=1e-05, elementwise_affine=True)
                    (1): ReLU(inplace=True)
                    (2): Linear(in_features=5, out_features=3, bias=True)
                  )
                )
                (curvature_conv): Conv2d(90, 90, kernel_size=(3, 3), stride=(1, 1), padding=(1, 1), groups=90, bias=False)
                (attn_drop): Dropout(p=0.0, inplace=False)
              )
            )
            (get_v): Conv2d(180, 180, kernel_size=(3, 3), stride=(1, 1), padding=(1, 1), groups=180)
          )
          (drop_path): DropPath(drop_prob=0.097)
          (mlp): MLP(
            (fc1): Linear(in_features=180, out_features=360, bias=True)
            (act): GELU(approximate='none')
            (sg): Gate(
              (norm): LayerNorm((180,), eps=1e-05, elementwise_affine=True)
              (conv): Conv2d(180, 180, kernel_size=(3, 3), stride=(1, 1), padding=(1, 1), groups=180)
            )
            (fc2): Linear(in_features=180, out_features=180, bias=True)
            (drop): Dropout(p=0.0, inplace=False)
          )
          (norm2): LayerNorm((180,), eps=1e-05, elementwise_affine=True)
        )
        (5): Block(
          (norm1): LayerNorm((180,), eps=1e-05, elementwise_affine=True)
          (attn): CGTA(
            (curvature_conv): Conv2d(180, 180, kernel_size=(3, 3), stride=(1, 1), padding=(1, 1), groups=180, bias=False)
            (gate): RetentionGate(
              (ret_gate): Sequential(
                (0): Linear(in_features=180, out_features=90, bias=True)
                (1): ReLU()
                (2): Linear(in_features=90, out_features=1, bias=True)
                (3): Sigmoid()
              )
            )
            (q): Linear(in_features=180, out_features=90, bias=True)
            (kv_reduce): Conv1d(180, 90, kernel_size=(1,), stride=(1,))
            (k): Linear(in_features=90, out_features=90, bias=True)
            (v): Linear(in_features=90, out_features=180, bias=True)
            (norm_act): Sequential(
              (0): LayerNorm((90,), eps=1e-05, elementwise_affine=True)
              (1): GELU(approximate='none')
            )
            (cpe): Conv2d(180, 180, kernel_size=(3, 3), stride=(1, 1), padding=(1, 1), groups=180)
            (proj): Linear(in_features=180, out_features=180, bias=True)
            (attn_drop): Dropout(p=0.0, inplace=False)
            (proj_drop): Dropout(p=0.0, inplace=False)
          )
          (drop_path): DropPath(drop_prob=0.100)
          (mlp): MLP(
            (fc1): Linear(in_features=180, out_features=360, bias=True)
            (act): GELU(approximate='none')
            (sg): Gate(
              (norm): LayerNorm((180,), eps=1e-05, elementwise_affine=True)
              (conv): Conv2d(180, 180, kernel_size=(3, 3), stride=(1, 1), padding=(1, 1), groups=180)
            )
            (fc2): Linear(in_features=180, out_features=180, bias=True)
            (drop): Dropout(p=0.0, inplace=False)
          )
          (norm2): LayerNorm((180,), eps=1e-05, elementwise_affine=True)
        )
      )
      (conv): Conv2d(180, 180, kernel_size=(3, 3), stride=(1, 1), padding=(1, 1))
    )
  )
  (norm): LayerNorm((180,), eps=1e-05, elementwise_affine=True)
  (conv_after_body): Conv2d(180, 180, kernel_size=(3, 3), stride=(1, 1), padding=(1, 1))
  (conv_before_upsample): Sequential(
    (0): Conv2d(180, 64, kernel_size=(3, 3), stride=(1, 1), padding=(1, 1))
    (1): LeakyReLU(negative_slope=0.01, inplace=True)
  )
  (upsample): Upsample(
    (0): Conv2d(64, 256, kernel_size=(3, 3), stride=(1, 1), padding=(1, 1))
    (1): PixelShuffle(upscale_factor=2)
  )
  (conv_last): Conv2d(64, 3, kernel_size=(3, 3), stride=(1, 1), padding=(1, 1))
)
Preparing loss function:
1.000 * L1

🏃 Starting training...
[Epoch 353]	Learning rate: 1.00e-4
/root/miniconda3/envs/transenet-pren/lib/python3.8/site-packages/torch/functional.py:504: UserWarning: torch.meshgrid: in an upcoming release, it will be required to pass the indexing argument. (Triggered internally at /opt/conda/conda-bld/pytorch_1695392020195/work/aten/src/ATen/native/TensorShape.cpp:3526.)
  return _VF.meshgrid(tensors, **kwargs)  # type: ignore[attr-defined]
[40/1120]	[L1: 0.0178]	3.9+0.1s
[80/1120]	[L1: 0.0172]	2.6+0.0s
[120/1120]	[L1: 0.0174]	2.6+0.0s
[160/1120]	[L1: 0.0178]	2.7+0.0s
[200/1120]	[L1: 0.0177]	2.6+0.0s
[240/1120]	[L1: 0.0181]	2.6+0.0s
[280/1120]	[L1: 0.0181]	2.6+0.0s
[320/1120]	[L1: 0.0181]	2.6+0.0s
[360/1120]	[L1: 0.0186]	2.7+0.0s
[400/1120]	[L1: 0.0186]	2.8+0.0s
[440/1120]	[L1: 0.0185]	2.6+0.0s
[480/1120]	[L1: 0.0185]	2.6+0.0s
[520/1120]	[L1: 0.0185]	2.6+0.0s
[560/1120]	[L1: 0.0184]	2.6+0.0s
[600/1120]	[L1: 0.0184]	2.7+0.0s
[640/1120]	[L1: 0.0183]	2.6+0.0s
[680/1120]	[L1: 0.0184]	2.6+0.0s
[720/1120]	[L1: 0.0183]	2.6+0.0s
[760/1120]	[L1: 0.0183]	2.7+0.0s
[800/1120]	[L1: 0.0183]	2.8+0.0s
[840/1120]	[L1: 0.0183]	2.7+0.0s
[880/1120]	[L1: 0.0183]	2.6+0.0s
[920/1120]	[L1: 0.0181]	2.6+0.0s
[960/1120]	[L1: 0.0182]	2.6+0.0s
[1000/1120]	[L1: 0.0181]	2.6+0.0s
[1040/1120]	[L1: 0.0181]	2.7+0.0s
[1080/1120]	[L1: 0.0181]	2.6+0.0s
[1120/1120]	[L1: 0.0181]	2.7+0.0s

Evaluation:
[RSSCN7 x2]	psnr: 32.555 (Best: 32.563 @epoch 333)
Total time: 104.77s

[Epoch 354]	Learning rate: 1.00e-4
[40/1120]	[L1: 0.0199]	2.6+0.0s
[80/1120]	[L1: 0.0187]	2.6+0.0s
[120/1120]	[L1: 0.0191]	2.6+0.0s
[160/1120]	[L1: 0.0193]	2.6+0.0s
[200/1120]	[L1: 0.0189]	2.7+0.0s
[240/1120]	[L1: 0.0187]	2.6+0.0s
[280/1120]	[L1: 0.0186]	2.6+0.0s
[320/1120]	[L1: 0.0186]	2.6+0.0s
[360/1120]	[L1: 0.0184]	2.6+0.0s
[400/1120]	[L1: 0.0182]	2.6+0.0s
[440/1120]	[L1: 0.0180]	2.7+0.0s
[480/1120]	[L1: 0.0178]	2.6+0.0s
[520/1120]	[L1: 0.0182]	2.6+0.0s
[560/1120]	[L1: 0.0181]	2.6+0.0s
[600/1120]	[L1: 0.0182]	2.6+0.0s
[640/1120]	[L1: 0.0180]	2.7+0.0s
[680/1120]	[L1: 0.0179]	2.6+0.0s
[720/1120]	[L1: 0.0180]	2.6+0.0s
[760/1120]	[L1: 0.0180]	2.6+0.0s
[800/1120]	[L1: 0.0179]	2.6+0.0s
[840/1120]	[L1: 0.0180]	2.6+0.0s
[880/1120]	[L1: 0.0180]	2.6+0.0s
[920/1120]	[L1: 0.0180]	2.9+0.0s
[960/1120]	[L1: 0.0180]	2.7+0.0s
[1000/1120]	[L1: 0.0179]	2.6+0.0s
[1040/1120]	[L1: 0.0179]	2.6+0.0s
[1080/1120]	[L1: 0.0179]	2.7+0.0s
[1120/1120]	[L1: 0.0179]	2.6+0.0s

Evaluation:
[RSSCN7 x2]	psnr: 32.549 (Best: 32.563 @epoch 333)
Total time: 94.53s

[Epoch 355]	Learning rate: 1.00e-4
[40/1120]	[L1: 0.0169]	2.6+0.0s
[80/1120]	[L1: 0.0173]	2.6+0.0s
[120/1120]	[L1: 0.0180]	2.7+0.0s
[160/1120]	[L1: 0.0181]	2.6+0.0s
[200/1120]	[L1: 0.0181]	2.6+0.0s
[240/1120]	[L1: 0.0187]	2.6+0.0s
[280/1120]	[L1: 0.0188]	2.6+0.0s
[320/1120]	[L1: 0.0187]	2.6+0.0s
[360/1120]	[L1: 0.0184]	2.7+0.0s
[400/1120]	[L1: 0.0184]	2.6+0.0s
[440/1120]	[L1: 0.0184]	2.6+0.0s
[480/1120]	[L1: 0.0183]	2.6+0.0s
[520/1120]	[L1: 0.0183]	2.6+0.0s
[560/1120]	[L1: 0.0183]	2.7+0.0s
[600/1120]	[L1: 0.0181]	2.6+0.0s
[640/1120]	[L1: 0.0180]	2.6+0.0s
[680/1120]	[L1: 0.0180]	2.6+0.0s
[720/1120]	[L1: 0.0179]	2.6+0.0s
[760/1120]	[L1: 0.0179]	2.6+0.0s
[800/1120]	[L1: 0.0179]	2.7+0.0s
[840/1120]	[L1: 0.0179]	2.6+0.0s
[880/1120]	[L1: 0.0178]	2.6+0.0s
[920/1120]	[L1: 0.0180]	2.6+0.0s
[960/1120]	[L1: 0.0179]	2.6+0.0s
[1000/1120]	[L1: 0.0181]	2.7+0.0s
[1040/1120]	[L1: 0.0181]	2.6+0.0s
[1080/1120]	[L1: 0.0180]	2.6+0.0s
[1120/1120]	[L1: 0.0180]	2.6+0.0s

Evaluation:
[RSSCN7 x2]	psnr: 32.535 (Best: 32.563 @epoch 333)
Total time: 91.53s

[Epoch 356]	Learning rate: 1.00e-4
[40/1120]	[L1: 0.0170]	2.7+0.0s
[80/1120]	[L1: 0.0177]	2.6+0.0s
[120/1120]	[L1: 0.0177]	2.6+0.0s
[160/1120]	[L1: 0.0184]	2.6+0.0s
[200/1120]	[L1: 0.0176]	2.6+0.0s
[240/1120]	[L1: 0.0176]	2.6+0.0s
[280/1120]	[L1: 0.0178]	2.7+0.0s
[320/1120]	[L1: 0.0175]	2.6+0.0s
[360/1120]	[L1: 0.0173]	2.6+0.0s
[400/1120]	[L1: 0.0171]	2.6+0.0s
[440/1120]	[L1: 0.0173]	2.6+0.0s
[480/1120]	[L1: 0.0173]	2.7+0.0s
[520/1120]	[L1: 0.0173]	2.6+0.0s
[560/1120]	[L1: 0.0176]	2.6+0.0s
[600/1120]	[L1: 0.0178]	2.6+0.0s
[640/1120]	[L1: 0.0177]	2.6+0.0s
[680/1120]	[L1: 0.0175]	2.6+0.0s
[720/1120]	[L1: 0.0175]	2.6+0.0s
[760/1120]	[L1: 0.0176]	2.7+0.0s
[800/1120]	[L1: 0.0176]	2.6+0.0s
[840/1120]	[L1: 0.0175]	2.6+0.0s
[880/1120]	[L1: 0.0177]	2.6+0.0s
[920/1120]	[L1: 0.0178]	2.6+0.0s
[960/1120]	[L1: 0.0177]	2.7+0.0s
[1000/1120]	[L1: 0.0177]	2.6+0.0s
[1040/1120]	[L1: 0.0178]	2.6+0.0s
[1080/1120]	[L1: 0.0178]	2.6+0.0s
[1120/1120]	[L1: 0.0178]	2.6+0.0s

Evaluation:
[RSSCN7 x2]	psnr: 32.546 (Best: 32.563 @epoch 333)
Total time: 91.50s

[Epoch 357]	Learning rate: 1.00e-4
[40/1120]	[L1: 0.0168]	2.6+0.0s
[80/1120]	[L1: 0.0171]	2.6+0.0s
[120/1120]	[L1: 0.0178]	2.6+0.0s
[160/1120]	[L1: 0.0187]	2.6+0.0s
[200/1120]	[L1: 0.0185]	2.6+0.0s
[240/1120]	[L1: 0.0181]	2.7+0.0s
[280/1120]	[L1: 0.0180]	2.6+0.0s
[320/1120]	[L1: 0.0182]	2.6+0.0s
[360/1120]	[L1: 0.0184]	2.6+0.0s
[400/1120]	[L1: 0.0182]	2.6+0.0s
[440/1120]	[L1: 0.0182]	2.7+0.0s
[480/1120]	[L1: 0.0182]	2.6+0.0s
[520/1120]	[L1: 0.0182]	2.6+0.0s
[560/1120]	[L1: 0.0180]	2.6+0.0s
[600/1120]	[L1: 0.0179]	2.6+0.0s
[640/1120]	[L1: 0.0178]	2.6+0.0s
[680/1120]	[L1: 0.0176]	2.7+0.0s
[720/1120]	[L1: 0.0177]	2.6+0.0s
[760/1120]	[L1: 0.0177]	2.6+0.0s
[800/1120]	[L1: 0.0177]	2.6+0.0s
[840/1120]	[L1: 0.0177]	2.6+0.0s
[880/1120]	[L1: 0.0177]	2.7+0.0s
[920/1120]	[L1: 0.0178]	2.6+0.0s
[960/1120]	[L1: 0.0179]	2.6+0.0s
[1000/1120]	[L1: 0.0179]	2.6+0.0s
[1040/1120]	[L1: 0.0179]	2.6+0.0s
[1080/1120]	[L1: 0.0180]	2.6+0.0s
[1120/1120]	[L1: 0.0180]	2.7+0.0s

Evaluation:
[RSSCN7 x2]	psnr: 32.540 (Best: 32.563 @epoch 333)
Total time: 94.32s

[Epoch 358]	Learning rate: 1.00e-4
[40/1120]	[L1: 0.0173]	2.6+0.0s
[80/1120]	[L1: 0.0174]	2.6+0.0s
[120/1120]	[L1: 0.0175]	2.7+0.0s
[160/1120]	[L1: 0.0172]	2.6+0.0s
[200/1120]	[L1: 0.0166]	2.6+0.0s
[240/1120]	[L1: 0.0174]	2.7+0.0s
[280/1120]	[L1: 0.0172]	2.7+0.0s
[320/1120]	[L1: 0.0172]	2.8+0.0s
[360/1120]	[L1: 0.0174]	2.8+0.0s
[400/1120]	[L1: 0.0175]	2.9+0.0s
[440/1120]	[L1: 0.0177]	2.8+0.0s
[480/1120]	[L1: 0.0178]	2.8+0.0s
[520/1120]	[L1: 0.0178]	2.6+0.0s
[560/1120]	[L1: 0.0179]	2.7+0.0s
[600/1120]	[L1: 0.0178]	2.6+0.0s
[640/1120]	[L1: 0.0179]	2.6+0.0s
[680/1120]	[L1: 0.0177]	2.8+0.0s
[720/1120]	[L1: 0.0176]	2.8+0.0s
[760/1120]	[L1: 0.0178]	2.9+0.0s
[800/1120]	[L1: 0.0178]	2.8+0.0s
[840/1120]	[L1: 0.0177]	2.9+0.0s
[880/1120]	[L1: 0.0178]	2.7+0.0s
[920/1120]	[L1: 0.0178]	2.6+0.0s
[960/1120]	[L1: 0.0178]	2.6+0.0s
[1000/1120]	[L1: 0.0177]	2.6+0.0s
[1040/1120]	[L1: 0.0178]	2.7+0.0s
[1080/1120]	[L1: 0.0178]	2.6+0.0s
[1120/1120]	[L1: 0.0179]	2.6+0.0s

Evaluation:
[RSSCN7 x2]	psnr: 32.558 (Best: 32.563 @epoch 333)
Total time: 96.58s

[Epoch 359]	Learning rate: 1.00e-4
[40/1120]	[L1: 0.0176]	2.9+0.0s
[80/1120]	[L1: 0.0184]	2.8+0.0s
[120/1120]	[L1: 0.0186]	2.8+0.0s
[160/1120]	[L1: 0.0184]	2.8+0.0s
[200/1120]	[L1: 0.0180]	2.8+0.0s
[240/1120]	[L1: 0.0182]	2.8+0.0s
[280/1120]	[L1: 0.0183]	2.8+0.0s
[320/1120]	[L1: 0.0184]	2.9+0.0s
[360/1120]	[L1: 0.0183]	2.8+0.0s
[400/1120]	[L1: 0.0185]	2.8+0.0s
[440/1120]	[L1: 0.0183]	2.8+0.0s
[480/1120]	[L1: 0.0181]	2.9+0.0s
[520/1120]	[L1: 0.0179]	2.8+0.0s
[560/1120]	[L1: 0.0181]	2.6+0.0s
[600/1120]	[L1: 0.0181]	2.7+0.0s
[640/1120]	[L1: 0.0181]	2.8+0.0s
[680/1120]	[L1: 0.0181]	2.8+0.0s
[720/1120]	[L1: 0.0180]	2.8+0.0s
[760/1120]	[L1: 0.0181]	2.9+0.0s
[800/1120]	[L1: 0.0181]	2.6+0.0s
[840/1120]	[L1: 0.0182]	2.7+0.0s
[880/1120]	[L1: 0.0181]	2.8+0.0s
[920/1120]	[L1: 0.0182]	2.6+0.0s
[960/1120]	[L1: 0.0182]	2.7+0.0s
[1000/1120]	[L1: 0.0181]	2.6+0.0s
[1040/1120]	[L1: 0.0181]	2.8+0.0s
[1080/1120]	[L1: 0.0180]	2.8+0.0s
[1120/1120]	[L1: 0.0179]	2.8+0.0s

Evaluation:
[RSSCN7 x2]	psnr: 32.562 (Best: 32.563 @epoch 333)
Total time: 93.12s

[Epoch 360]	Learning rate: 1.00e-4
[40/1120]	[L1: 0.0179]	2.6+0.0s
[80/1120]	[L1: 0.0183]	2.6+0.0s
[120/1120]	[L1: 0.0172]	2.6+0.0s
[160/1120]	[L1: 0.0172]	2.6+0.0s
[200/1120]	[L1: 0.0178]	2.6+0.0s
[240/1120]	[L1: 0.0177]	2.7+0.0s
[280/1120]	[L1: 0.0177]	2.6+0.0s
[320/1120]	[L1: 0.0176]	2.6+0.0s
[360/1120]	[L1: 0.0177]	2.6+0.0s
[400/1120]	[L1: 0.0177]	2.6+0.0s
[440/1120]	[L1: 0.0176]	2.7+0.0s
[480/1120]	[L1: 0.0175]	2.6+0.0s
[520/1120]	[L1: 0.0175]	2.6+0.0s
[560/1120]	[L1: 0.0175]	2.6+0.0s
[600/1120]	[L1: 0.0176]	2.6+0.0s
[640/1120]	[L1: 0.0175]	2.6+0.0s
[680/1120]	[L1: 0.0176]	2.7+0.0s
[720/1120]	[L1: 0.0176]	2.6+0.0s
[760/1120]	[L1: 0.0177]	2.6+0.0s
[800/1120]	[L1: 0.0178]	2.6+0.0s
[840/1120]	[L1: 0.0177]	2.6+0.0s
[880/1120]	[L1: 0.0178]	2.7+0.0s
[920/1120]	[L1: 0.0178]	2.6+0.0s
[960/1120]	[L1: 0.0179]	2.6+0.0s
[1000/1120]	[L1: 0.0180]	2.6+0.0s
[1040/1120]	[L1: 0.0179]	2.6+0.0s
[1080/1120]	[L1: 0.0179]	2.6+0.0s
[1120/1120]	[L1: 0.0179]	2.7+0.0s

Evaluation:
[RSSCN7 x2]	psnr: 32.555 (Best: 32.563 @epoch 333)
Total time: 91.70s

[Epoch 361]	Learning rate: 1.00e-4
[40/1120]	[L1: 0.0202]	2.6+0.0s
[80/1120]	[L1: 0.0195]	2.6+0.0s
[120/1120]	[L1: 0.0190]	2.6+0.0s
[160/1120]	[L1: 0.0189]	2.7+0.0s
[200/1120]	[L1: 0.0186]	2.6+0.0s
[240/1120]	[L1: 0.0187]	2.6+0.0s
[280/1120]	[L1: 0.0187]	2.6+0.0s
[320/1120]	[L1: 0.0187]	2.6+0.0s
[360/1120]	[L1: 0.0188]	2.7+0.0s
[400/1120]	[L1: 0.0186]	2.6+0.0s
[440/1120]	[L1: 0.0185]	2.6+0.0s
[480/1120]	[L1: 0.0185]	2.6+0.0s
[520/1120]	[L1: 0.0185]	2.6+0.0s
[560/1120]	[L1: 0.0184]	2.6+0.0s
[600/1120]	[L1: 0.0182]	2.6+0.0s
[640/1120]	[L1: 0.0184]	2.7+0.0s
[680/1120]	[L1: 0.0183]	2.6+0.0s
[720/1120]	[L1: 0.0182]	2.6+0.0s
[760/1120]	[L1: 0.0182]	2.6+0.0s
[800/1120]	[L1: 0.0182]	2.7+0.0s
[840/1120]	[L1: 0.0183]	2.6+0.0s
[880/1120]	[L1: 0.0181]	2.6+0.0s
[920/1120]	[L1: 0.0180]	2.6+0.0s
[960/1120]	[L1: 0.0179]	2.6+0.0s
[1000/1120]	[L1: 0.0178]	2.6+0.0s
[1040/1120]	[L1: 0.0179]	2.6+0.0s
[1080/1120]	[L1: 0.0178]	2.7+0.0s
[1120/1120]	[L1: 0.0178]	2.6+0.0s

Evaluation:
[RSSCN7 x2]	psnr: 32.550 (Best: 32.563 @epoch 333)
Total time: 92.38s

[Epoch 362]	Learning rate: 1.00e-4
[40/1120]	[L1: 0.0199]	2.6+0.0s
[80/1120]	[L1: 0.0203]	2.6+0.0s
[120/1120]	[L1: 0.0197]	2.7+0.0s
[160/1120]	[L1: 0.0195]	2.6+0.0s
[200/1120]	[L1: 0.0198]	2.6+0.0s
[240/1120]	[L1: 0.0192]	2.6+0.0s
[280/1120]	[L1: 0.0190]	2.7+0.0s
[320/1120]	[L1: 0.0189]	2.6+0.0s
[360/1120]	[L1: 0.0190]	2.6+0.0s
[400/1120]	[L1: 0.0189]	2.6+0.0s
[440/1120]	[L1: 0.0188]	2.6+0.0s
[480/1120]	[L1: 0.0187]	2.6+0.0s
[520/1120]	[L1: 0.0184]	2.7+0.0s
[560/1120]	[L1: 0.0182]	2.6+0.0s
[600/1120]	[L1: 0.0182]	2.6+0.0s
[640/1120]	[L1: 0.0182]	2.6+0.0s
[680/1120]	[L1: 0.0184]	2.6+0.0s
[720/1120]	[L1: 0.0184]	2.7+0.0s
[760/1120]	[L1: 0.0183]	2.6+0.0s
[800/1120]	[L1: 0.0181]	2.6+0.0s
[840/1120]	[L1: 0.0182]	2.6+0.0s
[880/1120]	[L1: 0.0182]	2.6+0.0s
[920/1120]	[L1: 0.0181]	2.7+0.0s
[960/1120]	[L1: 0.0180]	2.7+0.0s
[1000/1120]	[L1: 0.0180]	2.7+0.0s
[1040/1120]	[L1: 0.0181]	2.6+0.0s
[1080/1120]	[L1: 0.0181]	2.6+0.0s
[1120/1120]	[L1: 0.0181]	2.6+0.0s

Evaluation:
[RSSCN7 x2]	psnr: 32.551 (Best: 32.563 @epoch 333)
Total time: 93.00s

[Epoch 363]	Learning rate: 1.00e-4
[40/1120]	[L1: 0.0189]	2.6+0.0s
[80/1120]	[L1: 0.0192]	2.6+0.0s
[120/1120]	[L1: 0.0189]	2.6+0.0s
[160/1120]	[L1: 0.0185]	2.6+0.0s
[200/1120]	[L1: 0.0183]	2.6+0.0s
[240/1120]	[L1: 0.0183]	2.7+0.0s
[280/1120]	[L1: 0.0181]	2.6+0.0s
[320/1120]	[L1: 0.0181]	2.6+0.0s
[360/1120]	[L1: 0.0180]	2.6+0.0s
[400/1120]	[L1: 0.0178]	2.6+0.0s
[440/1120]	[L1: 0.0181]	2.7+0.0s
[480/1120]	[L1: 0.0180]	2.6+0.0s
[520/1120]	[L1: 0.0182]	2.6+0.0s
[560/1120]	[L1: 0.0182]	2.6+0.0s
[600/1120]	[L1: 0.0184]	2.6+0.0s
[640/1120]	[L1: 0.0184]	2.6+0.0s
[680/1120]	[L1: 0.0185]	2.7+0.0s
[720/1120]	[L1: 0.0184]	2.6+0.0s
[760/1120]	[L1: 0.0183]	2.6+0.0s
[800/1120]	[L1: 0.0182]	2.6+0.0s
[840/1120]	[L1: 0.0182]	2.7+0.0s
[880/1120]	[L1: 0.0183]	2.6+0.0s
[920/1120]	[L1: 0.0183]	2.7+0.0s
[960/1120]	[L1: 0.0183]	2.8+0.0s
[1000/1120]	[L1: 0.0181]	2.8+0.0s
[1040/1120]	[L1: 0.0181]	2.8+0.0s
[1080/1120]	[L1: 0.0180]	2.7+0.0s
[1120/1120]	[L1: 0.0180]	2.7+0.0s

Evaluation:
[RSSCN7 x2]	psnr: 32.551 (Best: 32.563 @epoch 333)
Total time: 91.93s

[Epoch 364]	Learning rate: 1.00e-4
[40/1120]	[L1: 0.0172]	2.6+0.0s
[80/1120]	[L1: 0.0165]	2.6+0.0s
[120/1120]	[L1: 0.0169]	2.6+0.0s
[160/1120]	[L1: 0.0175]	2.7+0.0s
[200/1120]	[L1: 0.0173]	2.6+0.0s
[240/1120]	[L1: 0.0171]	2.6+0.0s
[280/1120]	[L1: 0.0176]	2.7+0.0s
[320/1120]	[L1: 0.0183]	2.8+0.0s
[360/1120]	[L1: 0.0183]	2.9+0.0s
[400/1120]	[L1: 0.0185]	2.8+0.0s
[440/1120]	[L1: 0.0183]	2.8+0.0s
[480/1120]	[L1: 0.0183]	2.8+0.0s
[520/1120]	[L1: 0.0182]	2.7+0.0s
[560/1120]	[L1: 0.0181]	2.6+0.0s
[600/1120]	[L1: 0.0179]	2.7+0.0s
[640/1120]	[L1: 0.0178]	2.6+0.0s
[680/1120]	[L1: 0.0178]	2.6+0.0s
[720/1120]	[L1: 0.0178]	2.6+0.0s
[760/1120]	[L1: 0.0178]	2.6+0.0s
[800/1120]	[L1: 0.0177]	2.7+0.0s
[840/1120]	[L1: 0.0179]	2.6+0.0s
[880/1120]	[L1: 0.0178]	2.6+0.0s
[920/1120]	[L1: 0.0178]	2.6+0.0s
[960/1120]	[L1: 0.0179]	2.6+0.0s
[1000/1120]	[L1: 0.0179]	2.6+0.0s
[1040/1120]	[L1: 0.0179]	2.7+0.0s
[1080/1120]	[L1: 0.0179]	2.6+0.0s
[1120/1120]	[L1: 0.0179]	2.6+0.0s

Evaluation:
[RSSCN7 x2]	psnr: 32.561 (Best: 32.563 @epoch 333)
Total time: 93.01s

[Epoch 365]	Learning rate: 1.00e-4
[40/1120]	[L1: 0.0167]	2.7+0.0s
[80/1120]	[L1: 0.0165]	2.6+0.0s
[120/1120]	[L1: 0.0162]	2.6+0.0s
[160/1120]	[L1: 0.0163]	2.6+0.0s
[200/1120]	[L1: 0.0161]	2.6+0.0s
[240/1120]	[L1: 0.0164]	2.9+0.0s
[280/1120]	[L1: 0.0162]	2.7+0.0s
[320/1120]	[L1: 0.0159]	2.6+0.0s
[360/1120]	[L1: 0.0163]	2.6+0.0s
[400/1120]	[L1: 0.0165]	2.6+0.0s
[440/1120]	[L1: 0.0171]	2.6+0.0s
[480/1120]	[L1: 0.0171]	2.8+0.0s
[520/1120]	[L1: 0.0173]	2.8+0.0s
[560/1120]	[L1: 0.0174]	2.7+0.0s
[600/1120]	[L1: 0.0175]	2.6+0.0s
[640/1120]	[L1: 0.0177]	2.6+0.0s
[680/1120]	[L1: 0.0176]	2.7+0.0s
[720/1120]	[L1: 0.0177]	2.6+0.0s
[760/1120]	[L1: 0.0178]	2.8+0.0s
[800/1120]	[L1: 0.0178]	2.7+0.0s
[840/1120]	[L1: 0.0178]	2.6+0.0s
[880/1120]	[L1: 0.0179]	2.6+0.0s
[920/1120]	[L1: 0.0179]	2.6+0.0s
[960/1120]	[L1: 0.0181]	2.7+0.0s
[1000/1120]	[L1: 0.0180]	2.6+0.0s
[1040/1120]	[L1: 0.0181]	2.6+0.0s
[1080/1120]	[L1: 0.0181]	2.6+0.0s
[1120/1120]	[L1: 0.0180]	2.7+0.0s

Evaluation:
[RSSCN7 x2]	psnr: 32.530 (Best: 32.563 @epoch 333)
Total time: 99.46s

[Epoch 366]	Learning rate: 1.00e-4
[40/1120]	[L1: 0.0207]	2.8+0.0s
[80/1120]	[L1: 0.0179]	2.8+0.0s
[120/1120]	[L1: 0.0172]	2.7+0.0s
[160/1120]	[L1: 0.0169]	2.6+0.0s
[200/1120]	[L1: 0.0174]	2.6+0.0s
[240/1120]	[L1: 0.0177]	2.6+0.0s
[280/1120]	[L1: 0.0177]	2.6+0.0s
[320/1120]	[L1: 0.0177]	2.8+0.0s
[360/1120]	[L1: 0.0180]	2.9+0.0s
[400/1120]	[L1: 0.0179]	2.6+0.0s
[440/1120]	[L1: 0.0179]	2.6+0.0s
[480/1120]	[L1: 0.0177]	2.6+0.0s
[520/1120]	[L1: 0.0177]	2.6+0.0s
[560/1120]	[L1: 0.0177]	2.7+0.0s
[600/1120]	[L1: 0.0176]	2.6+0.0s
[640/1120]	[L1: 0.0176]	2.6+0.0s
[680/1120]	[L1: 0.0178]	2.6+0.0s
[720/1120]	[L1: 0.0177]	2.6+0.0s
[760/1120]	[L1: 0.0177]	2.6+0.0s
[800/1120]	[L1: 0.0177]	2.6+0.0s
[840/1120]	[L1: 0.0177]	2.7+0.0s
[880/1120]	[L1: 0.0177]	2.6+0.0s
[920/1120]	[L1: 0.0177]	2.6+0.0s
[960/1120]	[L1: 0.0177]	2.6+0.0s
[1000/1120]	[L1: 0.0178]	2.6+0.0s
[1040/1120]	[L1: 0.0177]	2.7+0.0s
[1080/1120]	[L1: 0.0177]	2.6+0.0s
[1120/1120]	[L1: 0.0178]	2.6+0.0s

Evaluation:
[RSSCN7 x2]	psnr: 32.555 (Best: 32.563 @epoch 333)
Total time: 94.84s

[Epoch 367]	Learning rate: 1.00e-4
[40/1120]	[L1: 0.0187]	2.7+0.0s
[80/1120]	[L1: 0.0185]	2.7+0.0s
[120/1120]	[L1: 0.0182]	2.8+0.0s
[160/1120]	[L1: 0.0185]	2.7+0.0s
[200/1120]	[L1: 0.0184]	2.6+0.0s
[240/1120]	[L1: 0.0187]	2.6+0.0s
[280/1120]	[L1: 0.0186]	2.6+0.0s
[320/1120]	[L1: 0.0185]	2.7+0.0s
[360/1120]	[L1: 0.0182]	2.6+0.0s
[400/1120]	[L1: 0.0178]	2.6+0.0s
[440/1120]	[L1: 0.0180]	2.6+0.0s
[480/1120]	[L1: 0.0178]	2.7+0.0s
[520/1120]	[L1: 0.0177]	2.9+0.0s
[560/1120]	[L1: 0.0179]	2.6+0.0s
[600/1120]	[L1: 0.0178]	2.6+0.0s
[640/1120]	[L1: 0.0177]	2.6+0.0s
[680/1120]	[L1: 0.0178]	2.6+0.0s
[720/1120]	[L1: 0.0178]	2.6+0.0s
[760/1120]	[L1: 0.0178]	2.7+0.0s
[800/1120]	[L1: 0.0178]	2.6+0.0s
[840/1120]	[L1: 0.0177]	2.6+0.0s
[880/1120]	[L1: 0.0180]	2.6+0.0s
[920/1120]	[L1: 0.0180]	2.6+0.0s
[960/1120]	[L1: 0.0180]	2.7+0.0s
[1000/1120]	[L1: 0.0180]	2.6+0.0s
[1040/1120]	[L1: 0.0178]	2.6+0.0s
[1080/1120]	[L1: 0.0178]	2.6+0.0s
[1120/1120]	[L1: 0.0178]	2.6+0.0s

Evaluation:
[RSSCN7 x2]	psnr: 32.560 (Best: 32.563 @epoch 333)
Total time: 91.59s

[Epoch 368]	Learning rate: 1.00e-4
[40/1120]	[L1: 0.0187]	2.6+0.0s
[80/1120]	[L1: 0.0181]	2.6+0.0s
[120/1120]	[L1: 0.0192]	2.6+0.0s
[160/1120]	[L1: 0.0182]	2.6+0.0s
[200/1120]	[L1: 0.0176]	2.6+0.0s
[240/1120]	[L1: 0.0176]	2.6+0.0s
[280/1120]	[L1: 0.0180]	2.7+0.0s
[320/1120]	[L1: 0.0178]	2.6+0.0s
[360/1120]	[L1: 0.0178]	2.6+0.0s
[400/1120]	[L1: 0.0176]	2.6+0.0s
[440/1120]	[L1: 0.0180]	2.6+0.0s
[480/1120]	[L1: 0.0181]	2.7+0.0s
[520/1120]	[L1: 0.0180]	2.6+0.0s
[560/1120]	[L1: 0.0178]	2.6+0.0s
[600/1120]	[L1: 0.0179]	2.6+0.0s
[640/1120]	[L1: 0.0181]	2.6+0.0s
[680/1120]	[L1: 0.0179]	2.6+0.0s
[720/1120]	[L1: 0.0180]	2.7+0.0s
[760/1120]	[L1: 0.0180]	2.6+0.0s
[800/1120]	[L1: 0.0179]	2.6+0.0s
[840/1120]	[L1: 0.0180]	2.6+0.0s
[880/1120]	[L1: 0.0181]	2.6+0.0s
[920/1120]	[L1: 0.0180]	2.7+0.0s
[960/1120]	[L1: 0.0180]	2.6+0.0s
[1000/1120]	[L1: 0.0180]	2.6+0.0s
[1040/1120]	[L1: 0.0180]	2.6+0.0s
[1080/1120]	[L1: 0.0180]	2.6+0.0s
[1120/1120]	[L1: 0.0180]	2.6+0.0s

Evaluation:
[RSSCN7 x2]	psnr: 32.556 (Best: 32.563 @epoch 333)
Total time: 91.69s

[Epoch 369]	Learning rate: 1.00e-4
[40/1120]	[L1: 0.0191]	2.6+0.0s
[80/1120]	[L1: 0.0175]	2.6+0.0s
[120/1120]	[L1: 0.0177]	2.6+0.0s
[160/1120]	[L1: 0.0176]	2.6+0.0s
[200/1120]	[L1: 0.0181]	2.6+0.0s
[240/1120]	[L1: 0.0179]	2.7+0.0s
[280/1120]	[L1: 0.0179]	2.6+0.0s
[320/1120]	[L1: 0.0177]	2.6+0.0s
[360/1120]	[L1: 0.0180]	2.6+0.0s
[400/1120]	[L1: 0.0183]	2.7+0.0s
[440/1120]	[L1: 0.0182]	2.6+0.0s
[480/1120]	[L1: 0.0182]	2.6+0.0s
[520/1120]	[L1: 0.0182]	2.6+0.0s
[560/1120]	[L1: 0.0181]	2.6+0.0s
[600/1120]	[L1: 0.0180]	2.6+0.0s
[640/1120]	[L1: 0.0180]	2.6+0.0s
[680/1120]	[L1: 0.0180]	2.7+0.0s
[720/1120]	[L1: 0.0180]	2.6+0.0s
[760/1120]	[L1: 0.0180]	2.6+0.0s
[800/1120]	[L1: 0.0181]	2.6+0.0s
[840/1120]	[L1: 0.0180]	2.6+0.0s
[880/1120]	[L1: 0.0181]	2.7+0.0s
[920/1120]	[L1: 0.0182]	2.6+0.0s
[960/1120]	[L1: 0.0181]	2.6+0.0s
[1000/1120]	[L1: 0.0180]	2.6+0.0s
[1040/1120]	[L1: 0.0179]	2.6+0.0s
[1080/1120]	[L1: 0.0179]	2.6+0.0s
[1120/1120]	[L1: 0.0179]	2.7+0.0s

Evaluation:
[RSSCN7 x2]	psnr: 32.516 (Best: 32.563 @epoch 333)
Total time: 91.26s

[Epoch 370]	Learning rate: 1.00e-4
[40/1120]	[L1: 0.0175]	2.6+0.0s
[80/1120]	[L1: 0.0172]	2.6+0.0s
[120/1120]	[L1: 0.0163]	2.6+0.0s
[160/1120]	[L1: 0.0164]	2.7+0.0s
[200/1120]	[L1: 0.0168]	2.6+0.0s
[240/1120]	[L1: 0.0173]	2.6+0.0s
[280/1120]	[L1: 0.0173]	2.6+0.0s
[320/1120]	[L1: 0.0171]	2.6+0.0s
[360/1120]	[L1: 0.0173]	2.7+0.0s
[400/1120]	[L1: 0.0171]	2.6+0.0s
[440/1120]	[L1: 0.0173]	2.6+0.0s
[480/1120]	[L1: 0.0175]	2.6+0.0s
[520/1120]	[L1: 0.0175]	2.6+0.0s
[560/1120]	[L1: 0.0177]	2.6+0.0s
[600/1120]	[L1: 0.0177]	2.7+0.0s
[640/1120]	[L1: 0.0178]	2.6+0.0s
[680/1120]	[L1: 0.0177]	2.6+0.0s
[720/1120]	[L1: 0.0178]	2.6+0.0s
[760/1120]	[L1: 0.0179]	2.6+0.0s
[800/1120]	[L1: 0.0181]	2.7+0.0s
[840/1120]	[L1: 0.0181]	2.6+0.0s
[880/1120]	[L1: 0.0180]	2.6+0.0s
[920/1120]	[L1: 0.0181]	2.6+0.0s
[960/1120]	[L1: 0.0181]	2.6+0.0s
[1000/1120]	[L1: 0.0180]	2.6+0.0s
[1040/1120]	[L1: 0.0180]	2.7+0.0s
[1080/1120]	[L1: 0.0180]	2.6+0.0s
[1120/1120]	[L1: 0.0180]	2.6+0.0s

Evaluation:
[RSSCN7 x2]	psnr: 32.561 (Best: 32.563 @epoch 333)
Total time: 91.26s

[Epoch 371]	Learning rate: 1.00e-4
[40/1120]	[L1: 0.0160]	2.6+0.0s
[80/1120]	[L1: 0.0163]	2.7+0.0s
[120/1120]	[L1: 0.0170]	2.6+0.0s
[160/1120]	[L1: 0.0168]	2.6+0.0s
[200/1120]	[L1: 0.0162]	2.6+0.0s
[240/1120]	[L1: 0.0164]	2.7+0.0s
[280/1120]	[L1: 0.0166]	2.6+0.0s
[320/1120]	[L1: 0.0167]	2.6+0.0s
[360/1120]	[L1: 0.0168]	2.6+0.0s
[400/1120]	[L1: 0.0168]	2.6+0.0s
[440/1120]	[L1: 0.0168]	2.6+0.0s
[480/1120]	[L1: 0.0170]	2.6+0.0s
[520/1120]	[L1: 0.0172]	2.7+0.0s
[560/1120]	[L1: 0.0175]	2.6+0.0s
[600/1120]	[L1: 0.0176]	2.6+0.0s
[640/1120]	[L1: 0.0176]	2.6+0.0s
[680/1120]	[L1: 0.0177]	2.6+0.0s
[720/1120]	[L1: 0.0176]	2.7+0.0s
[760/1120]	[L1: 0.0178]	2.6+0.0s
[800/1120]	[L1: 0.0177]	2.6+0.0s
[840/1120]	[L1: 0.0177]	2.6+0.0s
[880/1120]	[L1: 0.0178]	2.6+0.0s
[920/1120]	[L1: 0.0178]	2.6+0.0s
[960/1120]	[L1: 0.0178]	2.7+0.0s
[1000/1120]	[L1: 0.0178]	2.6+0.0s
[1040/1120]	[L1: 0.0178]	2.6+0.0s
[1080/1120]	[L1: 0.0178]	2.6+0.0s
[1120/1120]	[L1: 0.0178]	2.6+0.0s

Evaluation:
[RSSCN7 x2]	psnr: 32.560 (Best: 32.563 @epoch 333)
Total time: 91.51s

[Epoch 372]	Learning rate: 1.00e-4
[40/1120]	[L1: 0.0173]	2.6+0.0s
[80/1120]	[L1: 0.0176]	2.6+0.0s
[120/1120]	[L1: 0.0181]	2.6+0.0s
[160/1120]	[L1: 0.0183]	2.6+0.0s
[200/1120]	[L1: 0.0184]	2.7+0.0s
[240/1120]	[L1: 0.0187]	2.6+0.0s
[280/1120]	[L1: 0.0184]	2.6+0.0s
[320/1120]	[L1: 0.0184]	2.6+0.0s
[360/1120]	[L1: 0.0187]	2.6+0.0s
[400/1120]	[L1: 0.0185]	2.7+0.0s
[440/1120]	[L1: 0.0185]	2.6+0.0s
[480/1120]	[L1: 0.0183]	2.6+0.0s
[520/1120]	[L1: 0.0182]	2.6+0.0s
[560/1120]	[L1: 0.0181]	2.6+0.0s
[600/1120]	[L1: 0.0182]	2.6+0.0s
[640/1120]	[L1: 0.0180]	2.6+0.0s
[680/1120]	[L1: 0.0181]	2.7+0.0s
[720/1120]	[L1: 0.0181]	2.6+0.0s
[760/1120]	[L1: 0.0182]	2.6+0.0s
[800/1120]	[L1: 0.0181]	2.6+0.0s
[840/1120]	[L1: 0.0182]	2.7+0.0s
[880/1120]	[L1: 0.0183]	2.6+0.0s
[920/1120]	[L1: 0.0182]	2.6+0.0s
[960/1120]	[L1: 0.0182]	2.6+0.0s
[1000/1120]	[L1: 0.0181]	2.6+0.0s
[1040/1120]	[L1: 0.0180]	2.6+0.0s
[1080/1120]	[L1: 0.0179]	2.6+0.0s
[1120/1120]	[L1: 0.0180]	2.7+0.0s

Evaluation:
[RSSCN7 x2]	psnr: 32.564 (Best: 32.564 @epoch 372)
Total time: 92.11s

[Epoch 373]	Learning rate: 1.00e-4
[40/1120]	[L1: 0.0206]	2.6+0.0s
[80/1120]	[L1: 0.0186]	2.6+0.0s
[120/1120]	[L1: 0.0181]	2.7+0.0s
[160/1120]	[L1: 0.0182]	2.6+0.0s
[200/1120]	[L1: 0.0178]	2.6+0.0s
[240/1120]	[L1: 0.0181]	2.6+0.0s
[280/1120]	[L1: 0.0178]	2.6+0.0s
[320/1120]	[L1: 0.0179]	2.7+0.0s
[360/1120]	[L1: 0.0178]	2.6+0.0s
[400/1120]	[L1: 0.0176]	2.6+0.0s
[440/1120]	[L1: 0.0178]	2.6+0.0s
[480/1120]	[L1: 0.0181]	2.6+0.0s
[520/1120]	[L1: 0.0181]	2.6+0.0s
[560/1120]	[L1: 0.0181]	2.7+0.0s
[600/1120]	[L1: 0.0183]	2.6+0.0s
[640/1120]	[L1: 0.0183]	2.6+0.0s
[680/1120]	[L1: 0.0185]	2.6+0.0s
[720/1120]	[L1: 0.0184]	2.6+0.0s
[760/1120]	[L1: 0.0183]	2.7+0.0s
[800/1120]	[L1: 0.0182]	2.6+0.0s
[840/1120]	[L1: 0.0181]	2.6+0.0s
[880/1120]	[L1: 0.0181]	2.6+0.0s
[920/1120]	[L1: 0.0180]	2.6+0.0s
[960/1120]	[L1: 0.0180]	2.6+0.0s
[1000/1120]	[L1: 0.0180]	2.7+0.0s
[1040/1120]	[L1: 0.0180]	2.6+0.0s
[1080/1120]	[L1: 0.0180]	2.6+0.0s
[1120/1120]	[L1: 0.0180]	2.6+0.0s

Evaluation:
[RSSCN7 x2]	psnr: 32.568 (Best: 32.568 @epoch 373)
Total time: 91.48s

[Epoch 374]	Learning rate: 1.00e-4
[40/1120]	[L1: 0.0174]	2.6+0.0s
[80/1120]	[L1: 0.0171]	2.6+0.0s
[120/1120]	[L1: 0.0170]	2.6+0.0s
[160/1120]	[L1: 0.0173]	2.6+0.0s
[200/1120]	[L1: 0.0177]	2.7+0.0s
[240/1120]	[L1: 0.0182]	2.6+0.0s
[280/1120]	[L1: 0.0178]	2.6+0.0s
[320/1120]	[L1: 0.0178]	2.6+0.0s
[360/1120]	[L1: 0.0180]	2.6+0.0s
[400/1120]	[L1: 0.0181]	2.6+0.0s
[440/1120]	[L1: 0.0180]	2.6+0.0s
[480/1120]	[L1: 0.0180]	2.7+0.0s
[520/1120]	[L1: 0.0181]	2.6+0.0s
[560/1120]	[L1: 0.0180]	2.6+0.0s
[600/1120]	[L1: 0.0179]	2.6+0.0s
[640/1120]	[L1: 0.0179]	2.7+0.0s
[680/1120]	[L1: 0.0177]	2.6+0.0s
[720/1120]	[L1: 0.0179]	2.6+0.0s
[760/1120]	[L1: 0.0179]	2.6+0.0s
[800/1120]	[L1: 0.0179]	2.6+0.0s
[840/1120]	[L1: 0.0179]	2.6+0.0s
[880/1120]	[L1: 0.0178]	2.6+0.0s
[920/1120]	[L1: 0.0178]	2.7+0.0s
[960/1120]	[L1: 0.0178]	2.6+0.0s
[1000/1120]	[L1: 0.0179]	2.6+0.0s
[1040/1120]	[L1: 0.0178]	2.6+0.0s
[1080/1120]	[L1: 0.0179]	2.6+0.0s
[1120/1120]	[L1: 0.0178]	2.7+0.0s

Evaluation:
[RSSCN7 x2]	psnr: 32.555 (Best: 32.568 @epoch 373)
Total time: 91.97s

[Epoch 375]	Learning rate: 1.00e-4
[40/1120]	[L1: 0.0186]	2.6+0.0s
[80/1120]	[L1: 0.0179]	2.6+0.0s
[120/1120]	[L1: 0.0185]	2.7+0.0s
[160/1120]	[L1: 0.0178]	2.6+0.0s
[200/1120]	[L1: 0.0177]	2.6+0.0s
[240/1120]	[L1: 0.0177]	2.6+0.0s
[280/1120]	[L1: 0.0176]	2.6+0.0s
[320/1120]	[L1: 0.0176]	2.6+0.0s
[360/1120]	[L1: 0.0177]	2.7+0.0s
[400/1120]	[L1: 0.0178]	2.6+0.0s
[440/1120]	[L1: 0.0178]	2.6+0.0s
[480/1120]	[L1: 0.0178]	2.6+0.0s
[520/1120]	[L1: 0.0182]	2.6+0.0s
[560/1120]	[L1: 0.0185]	2.7+0.0s
[600/1120]	[L1: 0.0184]	2.6+0.0s
[640/1120]	[L1: 0.0183]	2.6+0.0s
[680/1120]	[L1: 0.0182]	2.6+0.0s
[720/1120]	[L1: 0.0182]	2.6+0.0s
[760/1120]	[L1: 0.0180]	2.6+0.0s
[800/1120]	[L1: 0.0183]	2.6+0.0s
[840/1120]	[L1: 0.0182]	2.7+0.0s
[880/1120]	[L1: 0.0182]	2.6+0.0s
[920/1120]	[L1: 0.0182]	2.6+0.0s
[960/1120]	[L1: 0.0182]	2.6+0.0s
[1000/1120]	[L1: 0.0183]	2.7+0.0s
[1040/1120]	[L1: 0.0183]	2.6+0.0s
[1080/1120]	[L1: 0.0182]	2.6+0.0s
[1120/1120]	[L1: 0.0181]	2.6+0.0s

Evaluation:
[RSSCN7 x2]	psnr: 32.563 (Best: 32.568 @epoch 373)
Total time: 91.47s

[Epoch 376]	Learning rate: 1.00e-4
[40/1120]	[L1: 0.0145]	2.7+0.0s
[80/1120]	[L1: 0.0142]	2.6+0.0s
[120/1120]	[L1: 0.0152]	2.6+0.0s
[160/1120]	[L1: 0.0159]	2.6+0.0s
[200/1120]	[L1: 0.0163]	2.6+0.0s
[240/1120]	[L1: 0.0166]	2.6+0.0s
[280/1120]	[L1: 0.0172]	2.6+0.0s
[320/1120]	[L1: 0.0173]	2.7+0.0s
[360/1120]	[L1: 0.0174]	2.6+0.0s
[400/1120]	[L1: 0.0173]	2.6+0.0s
[440/1120]	[L1: 0.0175]	2.6+0.0s
[480/1120]	[L1: 0.0176]	2.6+0.0s
[520/1120]	[L1: 0.0177]	2.7+0.0s
[560/1120]	[L1: 0.0179]	2.6+0.0s
[600/1120]	[L1: 0.0182]	2.6+0.0s
[640/1120]	[L1: 0.0184]	2.6+0.0s
[680/1120]	[L1: 0.0183]	2.6+0.0s
[720/1120]	[L1: 0.0182]	2.6+0.0s
[760/1120]	[L1: 0.0183]	2.7+0.0s
[800/1120]	[L1: 0.0183]	2.6+0.0s
[840/1120]	[L1: 0.0183]	2.6+0.0s
[880/1120]	[L1: 0.0182]	2.6+0.0s
[920/1120]	[L1: 0.0183]	2.6+0.0s
[960/1120]	[L1: 0.0183]	2.7+0.0s
[1000/1120]	[L1: 0.0183]	2.6+0.0s
[1040/1120]	[L1: 0.0183]	2.6+0.0s
[1080/1120]	[L1: 0.0182]	2.6+0.0s
[1120/1120]	[L1: 0.0181]	2.6+0.0s

Evaluation:
[RSSCN7 x2]	psnr: 32.548 (Best: 32.568 @epoch 373)
Total time: 91.31s

[Epoch 377]	Learning rate: 1.00e-4
[40/1120]	[L1: 0.0201]	2.6+0.0s
[80/1120]	[L1: 0.0183]	2.6+0.0s
[120/1120]	[L1: 0.0181]	2.6+0.0s
[160/1120]	[L1: 0.0187]	2.6+0.0s
[200/1120]	[L1: 0.0184]	2.6+0.0s
[240/1120]	[L1: 0.0186]	2.6+0.0s
[280/1120]	[L1: 0.0182]	2.7+0.0s
[320/1120]	[L1: 0.0184]	2.6+0.0s
[360/1120]	[L1: 0.0182]	2.6+0.0s
[400/1120]	[L1: 0.0181]	2.6+0.0s
[440/1120]	[L1: 0.0179]	2.6+0.0s
[480/1120]	[L1: 0.0178]	2.7+0.0s
[520/1120]	[L1: 0.0179]	2.6+0.0s
[560/1120]	[L1: 0.0179]	2.6+0.0s
[600/1120]	[L1: 0.0176]	2.6+0.0s
[640/1120]	[L1: 0.0176]	2.6+0.0s
[680/1120]	[L1: 0.0175]	2.6+0.0s
[720/1120]	[L1: 0.0177]	2.6+0.0s
[760/1120]	[L1: 0.0177]	2.7+0.0s
[800/1120]	[L1: 0.0177]	2.6+0.0s
[840/1120]	[L1: 0.0176]	2.6+0.0s
[880/1120]	[L1: 0.0177]	2.6+0.0s
[920/1120]	[L1: 0.0178]	2.7+0.0s
[960/1120]	[L1: 0.0179]	2.6+0.0s
[1000/1120]	[L1: 0.0178]	2.6+0.0s
[1040/1120]	[L1: 0.0178]	2.6+0.0s
[1080/1120]	[L1: 0.0179]	2.6+0.0s
[1120/1120]	[L1: 0.0179]	2.6+0.0s

Evaluation:
[RSSCN7 x2]	psnr: 32.559 (Best: 32.568 @epoch 373)
Total time: 92.28s

[Epoch 378]	Learning rate: 1.00e-4
[40/1120]	[L1: 0.0190]	2.6+0.0s
[80/1120]	[L1: 0.0181]	2.6+0.0s
[120/1120]	[L1: 0.0186]	2.6+0.0s
[160/1120]	[L1: 0.0199]	2.6+0.0s
[200/1120]	[L1: 0.0194]	2.6+0.0s
[240/1120]	[L1: 0.0188]	2.7+0.0s
[280/1120]	[L1: 0.0188]	2.6+0.0s
[320/1120]	[L1: 0.0190]	2.6+0.0s
[360/1120]	[L1: 0.0190]	2.6+0.0s
[400/1120]	[L1: 0.0188]	2.6+0.0s
[440/1120]	[L1: 0.0186]	2.7+0.0s
[480/1120]	[L1: 0.0187]	2.6+0.0s
[520/1120]	[L1: 0.0185]	2.6+0.0s
[560/1120]	[L1: 0.0186]	2.6+0.0s
[600/1120]	[L1: 0.0186]	2.6+0.0s
[640/1120]	[L1: 0.0186]	2.6+0.0s
[680/1120]	[L1: 0.0183]	2.6+0.0s
[720/1120]	[L1: 0.0182]	2.7+0.0s
[760/1120]	[L1: 0.0180]	2.6+0.0s
[800/1120]	[L1: 0.0179]	2.6+0.0s
[840/1120]	[L1: 0.0178]	2.6+0.0s
[880/1120]	[L1: 0.0179]	2.7+0.0s
[920/1120]	[L1: 0.0179]	2.6+0.0s
[960/1120]	[L1: 0.0179]	2.6+0.0s
[1000/1120]	[L1: 0.0179]	2.6+0.0s
[1040/1120]	[L1: 0.0179]	2.6+0.0s
[1080/1120]	[L1: 0.0179]	2.6+0.0s
[1120/1120]	[L1: 0.0178]	2.6+0.0s

Evaluation:
[RSSCN7 x2]	psnr: 32.551 (Best: 32.568 @epoch 373)
Total time: 91.59s

[Epoch 379]	Learning rate: 1.00e-4
[40/1120]	[L1: 0.0147]	2.6+0.0s
[80/1120]	[L1: 0.0173]	2.6+0.0s
[120/1120]	[L1: 0.0185]	2.6+0.0s
[160/1120]	[L1: 0.0189]	2.6+0.0s
[200/1120]	[L1: 0.0192]	2.7+0.0s
[240/1120]	[L1: 0.0187]	2.6+0.0s
[280/1120]	[L1: 0.0187]	2.6+0.0s
[320/1120]	[L1: 0.0188]	2.6+0.0s
[360/1120]	[L1: 0.0188]	2.6+0.0s
[400/1120]	[L1: 0.0190]	2.7+0.0s
[440/1120]	[L1: 0.0187]	2.6+0.0s
[480/1120]	[L1: 0.0188]	2.6+0.0s
[520/1120]	[L1: 0.0184]	2.6+0.0s
[560/1120]	[L1: 0.0182]	2.6+0.0s
[600/1120]	[L1: 0.0180]	2.6+0.0s
[640/1120]	[L1: 0.0180]	2.7+0.0s
[680/1120]	[L1: 0.0180]	2.6+0.0s
[720/1120]	[L1: 0.0181]	2.6+0.0s
[760/1120]	[L1: 0.0181]	2.6+0.0s
[800/1120]	[L1: 0.0179]	2.7+0.0s
[840/1120]	[L1: 0.0179]	2.9+0.0s
[880/1120]	[L1: 0.0180]	2.6+0.0s
[920/1120]	[L1: 0.0181]	2.6+0.0s
[960/1120]	[L1: 0.0180]	2.6+0.0s
[1000/1120]	[L1: 0.0180]	2.6+0.0s
[1040/1120]	[L1: 0.0179]	2.6+0.0s
[1080/1120]	[L1: 0.0180]	2.7+0.0s
[1120/1120]	[L1: 0.0180]	2.6+0.0s

Evaluation:
[RSSCN7 x2]	psnr: 32.559 (Best: 32.568 @epoch 373)
Total time: 91.34s

[Epoch 380]	Learning rate: 1.00e-4
[40/1120]	[L1: 0.0179]	2.6+0.0s
[80/1120]	[L1: 0.0177]	2.6+0.0s
[120/1120]	[L1: 0.0184]	2.7+0.0s
[160/1120]	[L1: 0.0182]	2.6+0.0s
[200/1120]	[L1: 0.0175]	2.6+0.0s
[240/1120]	[L1: 0.0174]	2.6+0.0s
[280/1120]	[L1: 0.0173]	2.6+0.0s
[320/1120]	[L1: 0.0174]	2.7+0.0s
[360/1120]	[L1: 0.0174]	2.6+0.0s
[400/1120]	[L1: 0.0178]	2.6+0.0s
[440/1120]	[L1: 0.0178]	2.6+0.0s
[480/1120]	[L1: 0.0178]	2.6+0.0s
[520/1120]	[L1: 0.0179]	2.6+0.0s
[560/1120]	[L1: 0.0178]	2.7+0.0s
[600/1120]	[L1: 0.0177]	2.6+0.0s
[640/1120]	[L1: 0.0177]	2.6+0.0s
[680/1120]	[L1: 0.0178]	2.6+0.0s
[720/1120]	[L1: 0.0179]	2.6+0.0s
[760/1120]	[L1: 0.0179]	2.7+0.0s
[800/1120]	[L1: 0.0178]	2.6+0.0s
[840/1120]	[L1: 0.0178]	2.6+0.0s
[880/1120]	[L1: 0.0179]	2.6+0.0s
[920/1120]	[L1: 0.0179]	2.6+0.0s
[960/1120]	[L1: 0.0179]	2.6+0.0s
[1000/1120]	[L1: 0.0178]	2.6+0.0s
[1040/1120]	[L1: 0.0178]	2.7+0.0s
[1080/1120]	[L1: 0.0177]	2.6+0.0s
[1120/1120]	[L1: 0.0178]	2.6+0.0s

Evaluation:
[RSSCN7 x2]	psnr: 32.525 (Best: 32.568 @epoch 373)
Total time: 92.41s

[Epoch 381]	Learning rate: 1.00e-4
[40/1120]	[L1: 0.0178]	2.7+0.0s
[80/1120]	[L1: 0.0175]	2.6+0.0s
[120/1120]	[L1: 0.0172]	2.6+0.0s
[160/1120]	[L1: 0.0174]	2.6+0.0s
[200/1120]	[L1: 0.0171]	2.7+0.0s
[240/1120]	[L1: 0.0178]	2.6+0.0s
[280/1120]	[L1: 0.0176]	2.6+0.0s
[320/1120]	[L1: 0.0177]	2.6+0.0s
[360/1120]	[L1: 0.0179]	2.6+0.0s
[400/1120]	[L1: 0.0181]	2.6+0.0s
[440/1120]	[L1: 0.0179]	2.6+0.0s
[480/1120]	[L1: 0.0178]	2.7+0.0s
[520/1120]	[L1: 0.0179]	2.6+0.0s
[560/1120]	[L1: 0.0181]	2.6+0.0s
[600/1120]	[L1: 0.0181]	2.6+0.0s
[640/1120]	[L1: 0.0181]	2.7+0.0s
[680/1120]	[L1: 0.0181]	2.6+0.0s
[720/1120]	[L1: 0.0182]	2.6+0.0s
[760/1120]	[L1: 0.0180]	2.6+0.0s
[800/1120]	[L1: 0.0180]	2.6+0.0s
[840/1120]	[L1: 0.0180]	2.6+0.0s
[880/1120]	[L1: 0.0180]	2.6+0.0s
[920/1120]	[L1: 0.0180]	2.7+0.0s
[960/1120]	[L1: 0.0180]	2.6+0.0s
[1000/1120]	[L1: 0.0179]	2.6+0.0s
[1040/1120]	[L1: 0.0179]	2.6+0.0s
[1080/1120]	[L1: 0.0178]	2.6+0.0s
[1120/1120]	[L1: 0.0179]	2.7+0.0s

Evaluation:
[RSSCN7 x2]	psnr: 32.563 (Best: 32.568 @epoch 373)
Total time: 91.76s

[Epoch 382]	Learning rate: 1.00e-4
[40/1120]	[L1: 0.0196]	2.6+0.0s
[80/1120]	[L1: 0.0181]	2.6+0.0s
[120/1120]	[L1: 0.0182]	2.7+0.0s
[160/1120]	[L1: 0.0179]	2.6+0.0s
[200/1120]	[L1: 0.0180]	2.6+0.0s
[240/1120]	[L1: 0.0177]	2.6+0.0s
[280/1120]	[L1: 0.0178]	2.6+0.0s
[320/1120]	[L1: 0.0179]	2.6+0.0s
[360/1120]	[L1: 0.0178]	2.7+0.0s
[400/1120]	[L1: 0.0179]	2.6+0.0s
[440/1120]	[L1: 0.0179]	2.6+0.0s
[480/1120]	[L1: 0.0179]	2.6+0.0s
[520/1120]	[L1: 0.0182]	2.6+0.0s
[560/1120]	[L1: 0.0180]	2.7+0.0s
[600/1120]	[L1: 0.0181]	2.6+0.0s
[640/1120]	[L1: 0.0180]	2.6+0.0s
[680/1120]	[L1: 0.0180]	2.6+0.0s
[720/1120]	[L1: 0.0179]	2.6+0.0s
[760/1120]	[L1: 0.0179]	2.6+0.0s
[800/1120]	[L1: 0.0179]	2.6+0.0s
[840/1120]	[L1: 0.0181]	2.7+0.0s
[880/1120]	[L1: 0.0180]	2.6+0.0s
[920/1120]	[L1: 0.0180]	2.6+0.0s
[960/1120]	[L1: 0.0179]	2.6+0.0s
[1000/1120]	[L1: 0.0179]	2.6+0.0s
[1040/1120]	[L1: 0.0179]	2.7+0.0s
[1080/1120]	[L1: 0.0179]	2.6+0.0s
[1120/1120]	[L1: 0.0179]	2.6+0.0s

Evaluation:
[RSSCN7 x2]	psnr: 32.551 (Best: 32.568 @epoch 373)
Total time: 92.12s

[Epoch 383]	Learning rate: 1.00e-4
[40/1120]	[L1: 0.0209]	2.7+0.0s
[80/1120]	[L1: 0.0185]	2.6+0.0s
[120/1120]	[L1: 0.0181]	2.6+0.0s
[160/1120]	[L1: 0.0184]	2.6+0.0s
[200/1120]	[L1: 0.0184]	2.6+0.0s
[240/1120]	[L1: 0.0183]	2.6+0.0s
[280/1120]	[L1: 0.0182]	2.6+0.0s
[320/1120]	[L1: 0.0182]	2.7+0.0s
[360/1120]	[L1: 0.0180]	2.6+0.0s
[400/1120]	[L1: 0.0181]	2.6+0.0s
[440/1120]	[L1: 0.0179]	2.6+0.0s
[480/1120]	[L1: 0.0179]	2.6+0.0s
[520/1120]	[L1: 0.0180]	2.7+0.0s
[560/1120]	[L1: 0.0180]	2.6+0.0s
[600/1120]	[L1: 0.0180]	2.6+0.0s
[640/1120]	[L1: 0.0178]	2.6+0.0s
[680/1120]	[L1: 0.0180]	2.6+0.0s
[720/1120]	[L1: 0.0180]	2.6+0.0s
[760/1120]	[L1: 0.0179]	2.7+0.0s
[800/1120]	[L1: 0.0180]	2.6+0.0s
[840/1120]	[L1: 0.0180]	2.6+0.0s
[880/1120]	[L1: 0.0180]	2.6+0.0s
[920/1120]	[L1: 0.0180]	2.6+0.0s
[960/1120]	[L1: 0.0181]	2.7+0.0s
[1000/1120]	[L1: 0.0182]	2.6+0.0s
[1040/1120]	[L1: 0.0181]	2.6+0.0s
[1080/1120]	[L1: 0.0182]	2.6+0.0s
[1120/1120]	[L1: 0.0181]	2.6+0.0s

Evaluation:
[RSSCN7 x2]	psnr: 32.561 (Best: 32.568 @epoch 373)
Total time: 91.07s

[Epoch 384]	Learning rate: 1.00e-4
[40/1120]	[L1: 0.0172]	2.6+0.0s
[80/1120]	[L1: 0.0169]	2.6+0.0s
[120/1120]	[L1: 0.0167]	2.6+0.0s
[160/1120]	[L1: 0.0171]	2.6+0.0s
[200/1120]	[L1: 0.0165]	2.6+0.0s
[240/1120]	[L1: 0.0165]	2.6+0.0s
[280/1120]	[L1: 0.0167]	2.6+0.0s
[320/1120]	[L1: 0.0168]	2.6+0.0s
[360/1120]	[L1: 0.0169]	2.6+0.0s
[400/1120]	[L1: 0.0170]	2.6+0.0s
[440/1120]	[L1: 0.0171]	2.6+0.0s
[480/1120]	[L1: 0.0171]	2.7+0.0s
[520/1120]	[L1: 0.0174]	2.6+0.0s
[560/1120]	[L1: 0.0175]	2.6+0.0s
[600/1120]	[L1: 0.0173]	2.6+0.0s
[640/1120]	[L1: 0.0174]	2.7+0.0s
[680/1120]	[L1: 0.0175]	2.6+0.0s
[720/1120]	[L1: 0.0176]	2.6+0.0s
[760/1120]	[L1: 0.0176]	2.6+0.0s
[800/1120]	[L1: 0.0176]	2.6+0.0s
[840/1120]	[L1: 0.0175]	2.6+0.0s
[880/1120]	[L1: 0.0175]	2.6+0.0s
[920/1120]	[L1: 0.0174]	2.7+0.0s
[960/1120]	[L1: 0.0175]	2.6+0.0s
[1000/1120]	[L1: 0.0175]	2.6+0.0s
[1040/1120]	[L1: 0.0176]	2.6+0.0s
[1080/1120]	[L1: 0.0177]	2.6+0.0s
[1120/1120]	[L1: 0.0176]	2.7+0.0s

Evaluation:
[RSSCN7 x2]	psnr: 32.547 (Best: 32.568 @epoch 373)
Total time: 91.74s

[Epoch 385]	Learning rate: 1.00e-4
[40/1120]	[L1: 0.0212]	2.6+0.0s
[80/1120]	[L1: 0.0191]	2.6+0.0s
[120/1120]	[L1: 0.0182]	2.7+0.0s
[160/1120]	[L1: 0.0179]	2.6+0.0s
[200/1120]	[L1: 0.0179]	2.6+0.0s
[240/1120]	[L1: 0.0176]	2.6+0.0s
[280/1120]	[L1: 0.0180]	2.6+0.0s
[320/1120]	[L1: 0.0178]	2.6+0.0s
[360/1120]	[L1: 0.0179]	2.7+0.0s
[400/1120]	[L1: 0.0179]	2.6+0.0s
[440/1120]	[L1: 0.0180]	2.6+0.0s
[480/1120]	[L1: 0.0180]	2.6+0.0s
[520/1120]	[L1: 0.0181]	2.6+0.0s
[560/1120]	[L1: 0.0182]	2.7+0.0s
[600/1120]	[L1: 0.0179]	2.6+0.0s
[640/1120]	[L1: 0.0181]	2.6+0.0s
[680/1120]	[L1: 0.0180]	2.6+0.0s
[720/1120]	[L1: 0.0181]	2.6+0.0s
[760/1120]	[L1: 0.0181]	2.6+0.0s
[800/1120]	[L1: 0.0181]	2.6+0.0s
[840/1120]	[L1: 0.0179]	2.7+0.0s
[880/1120]	[L1: 0.0178]	2.6+0.0s
[920/1120]	[L1: 0.0178]	2.6+0.0s
[960/1120]	[L1: 0.0178]	2.6+0.0s
[1000/1120]	[L1: 0.0178]	2.6+0.0s
[1040/1120]	[L1: 0.0178]	2.7+0.0s
[1080/1120]	[L1: 0.0178]	2.6+0.0s
[1120/1120]	[L1: 0.0178]	2.6+0.0s

Evaluation:
[RSSCN7 x2]	psnr: 32.565 (Best: 32.568 @epoch 373)
Total time: 91.79s

[Epoch 386]	Learning rate: 1.00e-4
[40/1120]	[L1: 0.0136]	2.7+0.0s
[80/1120]	[L1: 0.0170]	2.6+0.0s
[120/1120]	[L1: 0.0172]	2.6+0.0s
[160/1120]	[L1: 0.0180]	2.6+0.0s
[200/1120]	[L1: 0.0188]	2.6+0.0s
[240/1120]	[L1: 0.0191]	2.6+0.0s
[280/1120]	[L1: 0.0187]	2.6+0.0s
[320/1120]	[L1: 0.0184]	2.7+0.0s
[360/1120]	[L1: 0.0181]	2.6+0.0s
[400/1120]	[L1: 0.0180]	2.6+0.0s
[440/1120]	[L1: 0.0179]	2.6+0.0s
[480/1120]	[L1: 0.0178]	2.6+0.0s
[520/1120]	[L1: 0.0176]	2.7+0.0s
[560/1120]	[L1: 0.0177]	2.6+0.0s
[600/1120]	[L1: 0.0178]	2.6+0.0s
[640/1120]	[L1: 0.0178]	2.6+0.0s
[680/1120]	[L1: 0.0178]	2.6+0.0s
[720/1120]	[L1: 0.0180]	2.6+0.0s
[760/1120]	[L1: 0.0178]	2.7+0.0s
[800/1120]	[L1: 0.0179]	2.6+0.0s
[840/1120]	[L1: 0.0179]	2.6+0.0s
[880/1120]	[L1: 0.0180]	2.6+0.0s
[920/1120]	[L1: 0.0180]	2.6+0.0s
[960/1120]	[L1: 0.0181]	2.7+0.0s
[1000/1120]	[L1: 0.0180]	2.6+0.0s
[1040/1120]	[L1: 0.0181]	2.6+0.0s
[1080/1120]	[L1: 0.0181]	2.6+0.0s
[1120/1120]	[L1: 0.0180]	2.6+0.0s

Evaluation:
[RSSCN7 x2]	psnr: 32.560 (Best: 32.568 @epoch 373)
Total time: 91.51s

[Epoch 387]	Learning rate: 1.00e-4
[40/1120]	[L1: 0.0181]	2.6+0.0s
[80/1120]	[L1: 0.0165]	2.6+0.0s
[120/1120]	[L1: 0.0180]	2.6+0.0s
[160/1120]	[L1: 0.0176]	2.6+0.0s
[200/1120]	[L1: 0.0181]	2.7+0.0s
[240/1120]	[L1: 0.0183]	2.6+0.0s
[280/1120]	[L1: 0.0182]	2.6+0.0s
[320/1120]	[L1: 0.0182]	2.6+0.0s
[360/1120]	[L1: 0.0181]	2.6+0.0s
[400/1120]	[L1: 0.0179]	2.6+0.0s
[440/1120]	[L1: 0.0177]	2.6+0.0s
[480/1120]	[L1: 0.0177]	2.7+0.0s
[520/1120]	[L1: 0.0177]	2.6+0.0s
[560/1120]	[L1: 0.0178]	2.6+0.0s
[600/1120]	[L1: 0.0179]	2.6+0.0s
[640/1120]	[L1: 0.0179]	2.6+0.0s
[680/1120]	[L1: 0.0178]	2.7+0.0s
[720/1120]	[L1: 0.0179]	2.6+0.0s
[760/1120]	[L1: 0.0180]	2.6+0.0s
[800/1120]	[L1: 0.0180]	2.6+0.0s
[840/1120]	[L1: 0.0180]	2.6+0.0s
[880/1120]	[L1: 0.0179]	2.6+0.0s
[920/1120]	[L1: 0.0179]	2.7+0.0s
[960/1120]	[L1: 0.0180]	2.6+0.0s
[1000/1120]	[L1: 0.0179]	2.6+0.0s
[1040/1120]	[L1: 0.0179]	2.6+0.0s
[1080/1120]	[L1: 0.0178]	2.6+0.0s
[1120/1120]	[L1: 0.0178]	2.7+0.0s

Evaluation:
[RSSCN7 x2]	psnr: 32.566 (Best: 32.568 @epoch 373)
Total time: 91.87s

[Epoch 388]	Learning rate: 1.00e-4
[40/1120]	[L1: 0.0162]	2.6+0.0s
[80/1120]	[L1: 0.0175]	2.6+0.0s
[120/1120]	[L1: 0.0173]	2.7+0.0s
[160/1120]	[L1: 0.0179]	2.6+0.0s
[200/1120]	[L1: 0.0179]	2.6+0.0s
[240/1120]	[L1: 0.0176]	2.6+0.0s
[280/1120]	[L1: 0.0178]	2.6+0.0s
[320/1120]	[L1: 0.0179]	2.6+0.0s
[360/1120]	[L1: 0.0177]	2.7+0.0s
[400/1120]	[L1: 0.0177]	2.6+0.0s
[440/1120]	[L1: 0.0179]	2.6+0.0s
[480/1120]	[L1: 0.0178]	2.6+0.0s
[520/1120]	[L1: 0.0179]	2.6+0.0s
[560/1120]	[L1: 0.0180]	2.7+0.0s
[600/1120]	[L1: 0.0182]	2.6+0.0s
[640/1120]	[L1: 0.0183]	2.6+0.0s
[680/1120]	[L1: 0.0184]	2.6+0.0s
[720/1120]	[L1: 0.0183]	2.6+0.0s
[760/1120]	[L1: 0.0183]	2.6+0.0s
[800/1120]	[L1: 0.0184]	2.6+0.0s
[840/1120]	[L1: 0.0184]	2.7+0.0s
[880/1120]	[L1: 0.0184]	2.6+0.0s
[920/1120]	[L1: 0.0183]	2.6+0.0s
[960/1120]	[L1: 0.0183]	2.6+0.0s
[1000/1120]	[L1: 0.0182]	2.6+0.0s
[1040/1120]	[L1: 0.0181]	2.7+0.0s
[1080/1120]	[L1: 0.0180]	2.6+0.0s
[1120/1120]	[L1: 0.0180]	2.6+0.0s

Evaluation:
[RSSCN7 x2]	psnr: 32.568 (Best: 32.568 @epoch 373)
Total time: 92.83s

[Epoch 389]	Learning rate: 1.00e-4
[40/1120]	[L1: 0.0175]	2.7+0.0s
[80/1120]	[L1: 0.0176]	2.6+0.0s
[120/1120]	[L1: 0.0174]	2.6+0.0s
[160/1120]	[L1: 0.0173]	2.6+0.0s
[200/1120]	[L1: 0.0173]	2.6+0.0s
[240/1120]	[L1: 0.0175]	2.6+0.0s
[280/1120]	[L1: 0.0178]	2.6+0.0s
[320/1120]	[L1: 0.0180]	2.8+0.0s
[360/1120]	[L1: 0.0181]	2.6+0.0s
[400/1120]	[L1: 0.0179]	2.6+0.0s
[440/1120]	[L1: 0.0179]	2.6+0.0s
[480/1120]	[L1: 0.0181]	2.6+0.0s
[520/1120]	[L1: 0.0181]	2.7+0.0s
[560/1120]	[L1: 0.0181]	2.6+0.0s
[600/1120]	[L1: 0.0181]	2.6+0.0s
[640/1120]	[L1: 0.0180]	2.6+0.0s
[680/1120]	[L1: 0.0181]	2.6+0.0s
[720/1120]	[L1: 0.0180]	2.6+0.0s
[760/1120]	[L1: 0.0181]	2.7+0.0s
[800/1120]	[L1: 0.0180]	2.6+0.0s
[840/1120]	[L1: 0.0181]	2.6+0.0s
[880/1120]	[L1: 0.0181]	2.7+0.0s
[920/1120]	[L1: 0.0180]	2.6+0.0s
[960/1120]	[L1: 0.0180]	2.7+0.0s
[1000/1120]	[L1: 0.0181]	2.6+0.0s
[1040/1120]	[L1: 0.0180]	2.6+0.0s
[1080/1120]	[L1: 0.0180]	2.6+0.0s
[1120/1120]	[L1: 0.0180]	2.6+0.0s

Evaluation:
[RSSCN7 x2]	psnr: 32.577 (Best: 32.577 @epoch 389)
Total time: 91.50s

[Epoch 390]	Learning rate: 1.00e-4
[40/1120]	[L1: 0.0179]	2.6+0.0s
[80/1120]	[L1: 0.0169]	2.6+0.0s
[120/1120]	[L1: 0.0178]	2.6+0.0s
[160/1120]	[L1: 0.0177]	2.6+0.0s
[200/1120]	[L1: 0.0178]	2.6+0.0s
[240/1120]	[L1: 0.0180]	2.6+0.0s
[280/1120]	[L1: 0.0184]	2.7+0.0s
[320/1120]	[L1: 0.0182]	2.6+0.0s
[360/1120]	[L1: 0.0182]	2.6+0.0s
[400/1120]	[L1: 0.0184]	2.6+0.0s
[440/1120]	[L1: 0.0181]	2.6+0.0s
[480/1120]	[L1: 0.0180]	2.7+0.0s
[520/1120]	[L1: 0.0182]	2.7+0.0s
[560/1120]	[L1: 0.0182]	2.8+0.0s
[600/1120]	[L1: 0.0183]	2.6+0.0s
[640/1120]	[L1: 0.0183]	2.6+0.0s
[680/1120]	[L1: 0.0183]	2.6+0.0s
[720/1120]	[L1: 0.0181]	2.7+0.0s
[760/1120]	[L1: 0.0181]	2.6+0.0s
[800/1120]	[L1: 0.0182]	2.6+0.0s
[840/1120]	[L1: 0.0180]	2.6+0.0s
[880/1120]	[L1: 0.0180]	2.6+0.0s
[920/1120]	[L1: 0.0180]	2.7+0.0s
[960/1120]	[L1: 0.0180]	2.6+0.0s
[1000/1120]	[L1: 0.0179]	2.6+0.0s
[1040/1120]	[L1: 0.0179]	2.6+0.0s
[1080/1120]	[L1: 0.0179]	2.6+0.0s
[1120/1120]	[L1: 0.0178]	2.6+0.0s

Evaluation:
[RSSCN7 x2]	psnr: 32.557 (Best: 32.577 @epoch 389)
Total time: 91.87s

[Epoch 391]	Learning rate: 1.00e-4
[40/1120]	[L1: 0.0160]	2.8+0.0s
[80/1120]	[L1: 0.0160]	2.8+0.0s
[120/1120]	[L1: 0.0167]	2.6+0.0s
[160/1120]	[L1: 0.0170]	2.9+0.0s
[200/1120]	[L1: 0.0172]	2.6+0.0s
[240/1120]	[L1: 0.0170]	2.8+0.0s
[280/1120]	[L1: 0.0174]	2.6+0.0s
[320/1120]	[L1: 0.0175]	2.6+0.0s
[360/1120]	[L1: 0.0175]	2.6+0.0s
[400/1120]	[L1: 0.0177]	2.6+0.0s
[440/1120]	[L1: 0.0177]	2.7+0.0s
[480/1120]	[L1: 0.0177]	2.6+0.0s
[520/1120]	[L1: 0.0177]	2.6+0.0s
[560/1120]	[L1: 0.0178]	2.6+0.0s
[600/1120]	[L1: 0.0180]	2.7+0.0s
[640/1120]	[L1: 0.0179]	2.6+0.0s
[680/1120]	[L1: 0.0178]	2.6+0.0s
[720/1120]	[L1: 0.0176]	2.6+0.0s
[760/1120]	[L1: 0.0177]	2.6+0.0s
[800/1120]	[L1: 0.0178]	2.6+0.0s
[840/1120]	[L1: 0.0178]	2.6+0.0s
[880/1120]	[L1: 0.0178]	2.7+0.0s
[920/1120]	[L1: 0.0177]	2.6+0.0s
[960/1120]	[L1: 0.0178]	2.6+0.0s
[1000/1120]	[L1: 0.0179]	2.6+0.0s
[1040/1120]	[L1: 0.0179]	2.7+0.0s
[1080/1120]	[L1: 0.0178]	2.6+0.0s
[1120/1120]	[L1: 0.0177]	2.6+0.0s

Evaluation:
[RSSCN7 x2]	psnr: 32.547 (Best: 32.577 @epoch 389)
Total time: 97.08s

[Epoch 392]	Learning rate: 1.00e-4
[40/1120]	[L1: 0.0177]	2.6+0.0s
[80/1120]	[L1: 0.0178]	2.7+0.0s
[120/1120]	[L1: 0.0180]	2.6+0.0s
[160/1120]	[L1: 0.0184]	2.6+0.0s
[200/1120]	[L1: 0.0184]	2.6+0.0s
[240/1120]	[L1: 0.0184]	2.7+0.0s
[280/1120]	[L1: 0.0186]	2.6+0.0s
[320/1120]	[L1: 0.0183]	2.6+0.0s
[360/1120]	[L1: 0.0181]	2.7+0.0s
[400/1120]	[L1: 0.0179]	2.6+0.0s
[440/1120]	[L1: 0.0177]	2.6+0.0s
[480/1120]	[L1: 0.0179]	2.6+0.0s
[520/1120]	[L1: 0.0179]	2.6+0.0s
[560/1120]	[L1: 0.0181]	2.7+0.0s
[600/1120]	[L1: 0.0180]	2.6+0.0s
[640/1120]	[L1: 0.0179]	2.6+0.0s
[680/1120]	[L1: 0.0178]	2.6+0.0s
[720/1120]	[L1: 0.0178]	2.6+0.0s
[760/1120]	[L1: 0.0178]	2.6+0.0s
[800/1120]	[L1: 0.0179]	2.7+0.0s
[840/1120]	[L1: 0.0179]	2.6+0.0s
[880/1120]	[L1: 0.0179]	2.6+0.0s
[920/1120]	[L1: 0.0180]	2.6+0.0s
[960/1120]	[L1: 0.0179]	2.6+0.0s
[1000/1120]	[L1: 0.0178]	2.7+0.0s
[1040/1120]	[L1: 0.0180]	2.6+0.0s
[1080/1120]	[L1: 0.0180]	2.6+0.0s
[1120/1120]	[L1: 0.0180]	2.6+0.0s

Evaluation:
[RSSCN7 x2]	psnr: 32.563 (Best: 32.577 @epoch 389)
Total time: 93.20s

[Epoch 393]	Learning rate: 1.00e-4
[40/1120]	[L1: 0.0180]	2.7+0.0s
[80/1120]	[L1: 0.0180]	2.6+0.0s
[120/1120]	[L1: 0.0179]	2.6+0.0s
[160/1120]	[L1: 0.0177]	2.6+0.0s
[200/1120]	[L1: 0.0175]	2.6+0.0s
[240/1120]	[L1: 0.0176]	2.6+0.0s
[280/1120]	[L1: 0.0176]	2.7+0.0s
[320/1120]	[L1: 0.0175]	2.6+0.0s
[360/1120]	[L1: 0.0179]	2.6+0.0s
[400/1120]	[L1: 0.0180]	2.6+0.0s
[440/1120]	[L1: 0.0181]	2.6+0.0s
[480/1120]	[L1: 0.0184]	2.7+0.0s
[520/1120]	[L1: 0.0181]	2.6+0.0s
[560/1120]	[L1: 0.0183]	2.6+0.0s
[600/1120]	[L1: 0.0184]	2.6+0.0s
[640/1120]	[L1: 0.0183]	2.6+0.0s
[680/1120]	[L1: 0.0182]	2.6+0.0s
[720/1120]	[L1: 0.0180]	2.7+0.0s
[760/1120]	[L1: 0.0181]	2.6+0.0s
[800/1120]	[L1: 0.0181]	2.6+0.0s
[840/1120]	[L1: 0.0181]	2.6+0.0s
[880/1120]	[L1: 0.0182]	2.6+0.0s
[920/1120]	[L1: 0.0181]	2.7+0.0s
[960/1120]	[L1: 0.0181]	2.6+0.0s
[1000/1120]	[L1: 0.0181]	2.6+0.0s
[1040/1120]	[L1: 0.0179]	2.6+0.0s
[1080/1120]	[L1: 0.0179]	2.6+0.0s
[1120/1120]	[L1: 0.0179]	2.6+0.0s

Evaluation:
[RSSCN7 x2]	psnr: 32.568 (Best: 32.577 @epoch 389)
Total time: 91.54s

[Epoch 394]	Learning rate: 1.00e-4
[40/1120]	[L1: 0.0165]	2.7+0.0s
[80/1120]	[L1: 0.0173]	2.6+0.0s
[120/1120]	[L1: 0.0168]	2.6+0.0s
[160/1120]	[L1: 0.0170]	2.6+0.0s
[200/1120]	[L1: 0.0171]	2.7+0.0s
[240/1120]	[L1: 0.0171]	2.6+0.0s
[280/1120]	[L1: 0.0171]	2.6+0.0s
[320/1120]	[L1: 0.0170]	2.6+0.0s
[360/1120]	[L1: 0.0169]	2.6+0.0s
[400/1120]	[L1: 0.0170]	2.6+0.0s
[440/1120]	[L1: 0.0172]	2.7+0.0s
[480/1120]	[L1: 0.0173]	2.6+0.0s
[520/1120]	[L1: 0.0171]	2.6+0.0s
[560/1120]	[L1: 0.0173]	2.6+0.0s
[600/1120]	[L1: 0.0173]	2.6+0.0s
[640/1120]	[L1: 0.0173]	2.7+0.0s
[680/1120]	[L1: 0.0173]	2.9+0.0s
[720/1120]	[L1: 0.0173]	2.8+0.0s
[760/1120]	[L1: 0.0173]	2.6+0.0s
[800/1120]	[L1: 0.0173]	2.6+0.0s
[840/1120]	[L1: 0.0173]	2.6+0.0s
[880/1120]	[L1: 0.0174]	2.7+0.0s
[920/1120]	[L1: 0.0174]	2.6+0.0s
[960/1120]	[L1: 0.0175]	2.6+0.0s
[1000/1120]	[L1: 0.0175]	2.6+0.0s
[1040/1120]	[L1: 0.0175]	2.6+0.0s
[1080/1120]	[L1: 0.0176]	2.7+0.0s
[1120/1120]	[L1: 0.0177]	2.6+0.0s

Evaluation:
[RSSCN7 x2]	psnr: 32.519 (Best: 32.577 @epoch 389)
Total time: 98.27s

[Epoch 395]	Learning rate: 1.00e-4
[40/1120]	[L1: 0.0178]	2.6+0.0s
[80/1120]	[L1: 0.0180]	2.7+0.0s
[120/1120]	[L1: 0.0178]	2.6+0.0s
[160/1120]	[L1: 0.0171]	2.6+0.0s
[200/1120]	[L1: 0.0177]	2.8+0.0s
[240/1120]	[L1: 0.0172]	2.8+0.0s
[280/1120]	[L1: 0.0172]	2.6+0.0s
[320/1120]	[L1: 0.0175]	2.6+0.0s
[360/1120]	[L1: 0.0174]	2.7+0.0s
[400/1120]	[L1: 0.0174]	2.8+0.0s
[440/1120]	[L1: 0.0174]	2.8+0.0s
[480/1120]	[L1: 0.0173]	2.8+0.0s
[520/1120]	[L1: 0.0175]	2.6+0.0s
[560/1120]	[L1: 0.0175]	2.7+0.0s
[600/1120]	[L1: 0.0174]	2.6+0.0s
[640/1120]	[L1: 0.0175]	2.6+0.0s
[680/1120]	[L1: 0.0175]	2.6+0.0s
[720/1120]	[L1: 0.0177]	2.6+0.0s
[760/1120]	[L1: 0.0178]	2.6+0.0s
[800/1120]	[L1: 0.0176]	2.7+0.0s
[840/1120]	[L1: 0.0177]	2.6+0.0s
[880/1120]	[L1: 0.0177]	2.6+0.0s
[920/1120]	[L1: 0.0178]	2.6+0.0s
[960/1120]	[L1: 0.0179]	2.6+0.0s
[1000/1120]	[L1: 0.0178]	2.7+0.0s
[1040/1120]	[L1: 0.0178]	2.6+0.0s
[1080/1120]	[L1: 0.0178]	2.6+0.0s
[1120/1120]	[L1: 0.0179]	2.6+0.0s

Evaluation:
[RSSCN7 x2]	psnr: 32.573 (Best: 32.577 @epoch 389)
Total time: 97.49s

[Epoch 396]	Learning rate: 1.00e-4
[40/1120]	[L1: 0.0202]	2.7+0.0s
[80/1120]	[L1: 0.0187]	2.6+0.0s
[120/1120]	[L1: 0.0183]	2.8+0.0s
[160/1120]	[L1: 0.0189]	2.7+0.0s
[200/1120]	[L1: 0.0185]	2.6+0.0s
[240/1120]	[L1: 0.0182]	2.6+0.0s
[280/1120]	[L1: 0.0181]	2.7+0.0s
[320/1120]	[L1: 0.0183]	2.6+0.0s
[360/1120]	[L1: 0.0183]	2.6+0.0s
[400/1120]	[L1: 0.0181]	2.6+0.0s
[440/1120]	[L1: 0.0182]	2.6+0.0s
[480/1120]	[L1: 0.0183]	2.7+0.0s
[520/1120]	[L1: 0.0183]	2.6+0.0s
[560/1120]	[L1: 0.0183]	2.7+0.0s
[600/1120]	[L1: 0.0182]	2.7+0.0s
[640/1120]	[L1: 0.0181]	2.7+0.0s
[680/1120]	[L1: 0.0180]	2.7+0.0s
[720/1120]	[L1: 0.0181]	2.7+0.0s
[760/1120]	[L1: 0.0181]	2.9+0.0s
[800/1120]	[L1: 0.0182]	2.7+0.0s
[840/1120]	[L1: 0.0180]	2.8+0.0s
[880/1120]	[L1: 0.0180]	2.9+0.0s
[920/1120]	[L1: 0.0179]	2.9+0.0s
[960/1120]	[L1: 0.0179]	2.7+0.0s
[1000/1120]	[L1: 0.0178]	2.6+0.0s
[1040/1120]	[L1: 0.0178]	2.6+0.0s
[1080/1120]	[L1: 0.0178]	2.6+0.0s
[1120/1120]	[L1: 0.0178]	2.7+0.0s

Evaluation:
[RSSCN7 x2]	psnr: 32.572 (Best: 32.577 @epoch 389)
Total time: 96.76s

[Epoch 397]	Learning rate: 1.00e-4
[40/1120]	[L1: 0.0176]	2.6+0.0s
[80/1120]	[L1: 0.0168]	2.6+0.0s
[120/1120]	[L1: 0.0172]	2.6+0.0s
[160/1120]	[L1: 0.0174]	2.7+0.0s
[200/1120]	[L1: 0.0177]	2.7+0.0s
[240/1120]	[L1: 0.0182]	2.6+0.0s
[280/1120]	[L1: 0.0187]	2.6+0.0s
[320/1120]	[L1: 0.0185]	2.6+0.0s
[360/1120]	[L1: 0.0184]	2.6+0.0s
[400/1120]	[L1: 0.0185]	2.6+0.0s
[440/1120]	[L1: 0.0183]	2.6+0.0s
[480/1120]	[L1: 0.0182]	2.7+0.0s
[520/1120]	[L1: 0.0183]	2.6+0.0s
[560/1120]	[L1: 0.0183]	2.6+0.0s
[600/1120]	[L1: 0.0182]	2.6+0.0s
[640/1120]	[L1: 0.0183]	2.7+0.0s
[680/1120]	[L1: 0.0183]	2.6+0.0s
[720/1120]	[L1: 0.0182]	2.6+0.0s
[760/1120]	[L1: 0.0182]	2.6+0.0s
[800/1120]	[L1: 0.0181]	2.6+0.0s
[840/1120]	[L1: 0.0181]	2.6+0.0s
[880/1120]	[L1: 0.0182]	2.7+0.0s
[920/1120]	[L1: 0.0182]	2.7+0.0s
[960/1120]	[L1: 0.0182]	2.6+0.0s
[1000/1120]	[L1: 0.0182]	2.6+0.0s
[1040/1120]	[L1: 0.0182]	2.6+0.0s
[1080/1120]	[L1: 0.0181]	2.6+0.0s
[1120/1120]	[L1: 0.0181]	2.7+0.0s

Evaluation:
[RSSCN7 x2]	psnr: 32.563 (Best: 32.577 @epoch 389)
Total time: 92.82s

[Epoch 398]	Learning rate: 1.00e-4
[40/1120]	[L1: 0.0191]	2.6+0.0s
[80/1120]	[L1: 0.0177]	2.8+0.0s
[120/1120]	[L1: 0.0184]	2.8+0.0s
[160/1120]	[L1: 0.0181]	2.6+0.0s
[200/1120]	[L1: 0.0177]	2.6+0.0s
[240/1120]	[L1: 0.0176]	2.6+0.0s
[280/1120]	[L1: 0.0180]	2.6+0.0s
[320/1120]	[L1: 0.0176]	2.6+0.0s
[360/1120]	[L1: 0.0174]	2.7+0.0s
[400/1120]	[L1: 0.0173]	2.6+0.0s
[440/1120]	[L1: 0.0173]	2.6+0.0s
[480/1120]	[L1: 0.0173]	2.6+0.0s
[520/1120]	[L1: 0.0174]	2.6+0.0s
[560/1120]	[L1: 0.0175]	2.7+0.0s
[600/1120]	[L1: 0.0177]	2.6+0.0s
[640/1120]	[L1: 0.0177]	2.6+0.0s
[680/1120]	[L1: 0.0175]	2.6+0.0s
[720/1120]	[L1: 0.0176]	2.6+0.0s
[760/1120]	[L1: 0.0175]	2.6+0.0s
[800/1120]	[L1: 0.0176]	2.6+0.0s
[840/1120]	[L1: 0.0175]	2.7+0.0s
[880/1120]	[L1: 0.0176]	2.6+0.0s
[920/1120]	[L1: 0.0177]	2.6+0.0s
[960/1120]	[L1: 0.0178]	2.6+0.0s
[1000/1120]	[L1: 0.0177]	2.6+0.0s
[1040/1120]	[L1: 0.0178]	2.7+0.0s
[1080/1120]	[L1: 0.0178]	2.6+0.0s
[1120/1120]	[L1: 0.0179]	2.6+0.0s

Evaluation:
[RSSCN7 x2]	psnr: 32.551 (Best: 32.577 @epoch 389)
Total time: 91.37s

[Epoch 399]	Learning rate: 1.00e-4
[40/1120]	[L1: 0.0192]	2.7+0.0s
[80/1120]	[L1: 0.0198]	2.6+0.0s
[120/1120]	[L1: 0.0198]	2.6+0.0s
[160/1120]	[L1: 0.0188]	2.6+0.0s
[200/1120]	[L1: 0.0186]	2.6+0.0s
[240/1120]	[L1: 0.0184]	2.6+0.0s
[280/1120]	[L1: 0.0188]	2.6+0.0s
[320/1120]	[L1: 0.0192]	2.7+0.0s
[360/1120]	[L1: 0.0188]	2.6+0.0s
[400/1120]	[L1: 0.0186]	2.6+0.0s
[440/1120]	[L1: 0.0186]	2.6+0.0s
[480/1120]	[L1: 0.0186]	2.6+0.0s
[520/1120]	[L1: 0.0186]	2.6+0.0s
[560/1120]	[L1: 0.0187]	2.6+0.0s
[600/1120]	[L1: 0.0187]	2.6+0.0s
[640/1120]	[L1: 0.0186]	2.6+0.0s
[680/1120]	[L1: 0.0184]	2.6+0.0s
[720/1120]	[L1: 0.0184]	2.6+0.0s
[760/1120]	[L1: 0.0184]	2.7+0.0s
[800/1120]	[L1: 0.0182]	2.6+0.0s
[840/1120]	[L1: 0.0181]	2.6+0.0s
[880/1120]	[L1: 0.0181]	2.6+0.0s
[920/1120]	[L1: 0.0181]	2.6+0.0s
[960/1120]	[L1: 0.0181]	2.6+0.0s
[1000/1120]	[L1: 0.0181]	2.6+0.0s
[1040/1120]	[L1: 0.0181]	2.6+0.0s
[1080/1120]	[L1: 0.0181]	2.6+0.0s
[1120/1120]	[L1: 0.0180]	2.6+0.0s

Evaluation:
[RSSCN7 x2]	psnr: 32.545 (Best: 32.577 @epoch 389)
Total time: 92.09s

[Epoch 400]	Learning rate: 1.00e-4
[40/1120]	[L1: 0.0172]	2.6+0.0s
[80/1120]	[L1: 0.0184]	2.6+0.0s
[120/1120]	[L1: 0.0176]	2.6+0.0s
[160/1120]	[L1: 0.0178]	2.6+0.0s
[200/1120]	[L1: 0.0181]	2.7+0.0s
[240/1120]	[L1: 0.0187]	2.6+0.0s
[280/1120]	[L1: 0.0191]	2.6+0.0s
[320/1120]	[L1: 0.0187]	2.6+0.0s
[360/1120]	[L1: 0.0190]	2.6+0.0s
[400/1120]	[L1: 0.0189]	2.6+0.0s
[440/1120]	[L1: 0.0188]	2.6+0.0s
[480/1120]	[L1: 0.0187]	2.7+0.0s
[520/1120]	[L1: 0.0186]	2.6+0.0s
[560/1120]	[L1: 0.0186]	2.6+0.0s
[600/1120]	[L1: 0.0186]	2.6+0.0s
[640/1120]	[L1: 0.0183]	2.6+0.0s
[680/1120]	[L1: 0.0183]	2.7+0.0s
[720/1120]	[L1: 0.0182]	2.6+0.0s
[760/1120]	[L1: 0.0182]	2.6+0.0s
[800/1120]	[L1: 0.0180]	2.6+0.0s
[840/1120]	[L1: 0.0180]	2.6+0.0s
[880/1120]	[L1: 0.0179]	2.6+0.0s
[920/1120]	[L1: 0.0179]	2.7+0.0s
[960/1120]	[L1: 0.0179]	2.6+0.0s
[1000/1120]	[L1: 0.0179]	2.6+0.0s
[1040/1120]	[L1: 0.0179]	2.6+0.0s
[1080/1120]	[L1: 0.0179]	2.6+0.0s
[1120/1120]	[L1: 0.0179]	2.7+0.0s
Saved epoch checkpoint at epoch 400

Evaluation:
[RSSCN7 x2]	psnr: 32.566 (Best: 32.577 @epoch 389)
Total time: 91.34s

[Epoch 401]	Learning rate: 5.00e-5
[40/1120]	[L1: 0.0196]	2.7+0.0s
[80/1120]	[L1: 0.0191]	2.6+0.0s
[120/1120]	[L1: 0.0183]	2.6+0.0s
[160/1120]	[L1: 0.0179]	2.6+0.0s
[200/1120]	[L1: 0.0177]	2.6+0.0s
[240/1120]	[L1: 0.0179]	2.6+0.0s
[280/1120]	[L1: 0.0181]	2.6+0.0s
[320/1120]	[L1: 0.0182]	2.7+0.0s
[360/1120]	[L1: 0.0179]	2.6+0.0s
[400/1120]	[L1: 0.0178]	2.6+0.0s
[440/1120]	[L1: 0.0179]	2.6+0.0s
[480/1120]	[L1: 0.0180]	2.6+0.0s
[520/1120]	[L1: 0.0181]	2.6+0.0s
[560/1120]	[L1: 0.0179]	2.6+0.0s
[600/1120]	[L1: 0.0181]	2.6+0.0s
[640/1120]	[L1: 0.0181]	2.6+0.0s
[680/1120]	[L1: 0.0181]	2.6+0.0s
[720/1120]	[L1: 0.0180]	2.6+0.0s
[760/1120]	[L1: 0.0179]	2.7+0.0s
[800/1120]	[L1: 0.0179]	2.6+0.0s
[840/1120]	[L1: 0.0180]	2.6+0.0s
[880/1120]	[L1: 0.0179]	2.6+0.0s
[920/1120]	[L1: 0.0179]	2.6+0.0s
[960/1120]	[L1: 0.0178]	2.6+0.0s
[1000/1120]	[L1: 0.0179]	2.6+0.0s
[1040/1120]	[L1: 0.0178]	2.6+0.0s
[1080/1120]	[L1: 0.0179]	2.6+0.0s
[1120/1120]	[L1: 0.0179]	2.6+0.0s

Evaluation:
[RSSCN7 x2]	psnr: 32.582 (Best: 32.582 @epoch 401)
Total time: 91.28s

[Epoch 402]	Learning rate: 5.00e-5
[40/1120]	[L1: 0.0182]	2.8+0.0s
[80/1120]	[L1: 0.0192]	2.8+0.0s
[120/1120]	[L1: 0.0187]	2.6+0.0s
[160/1120]	[L1: 0.0190]	2.7+0.0s
[200/1120]	[L1: 0.0189]	2.6+0.0s
[240/1120]	[L1: 0.0192]	2.6+0.0s
[280/1120]	[L1: 0.0194]	2.6+0.0s
[320/1120]	[L1: 0.0193]	2.6+0.0s
[360/1120]	[L1: 0.0190]	2.6+0.0s
[400/1120]	[L1: 0.0189]	2.6+0.0s
[440/1120]	[L1: 0.0187]	2.7+0.0s
[480/1120]	[L1: 0.0188]	2.6+0.0s
[520/1120]	[L1: 0.0188]	2.6+0.0s
[560/1120]	[L1: 0.0188]	2.6+0.0s
[600/1120]	[L1: 0.0186]	2.6+0.0s
[640/1120]	[L1: 0.0184]	2.7+0.0s
[680/1120]	[L1: 0.0183]	2.6+0.0s
[720/1120]	[L1: 0.0182]	2.6+0.0s
[760/1120]	[L1: 0.0181]	2.6+0.0s
[800/1120]	[L1: 0.0182]	2.6+0.0s
[840/1120]	[L1: 0.0183]	2.6+0.0s
[880/1120]	[L1: 0.0182]	2.7+0.0s
[920/1120]	[L1: 0.0182]	2.6+0.0s
[960/1120]	[L1: 0.0181]	2.6+0.0s
[1000/1120]	[L1: 0.0180]	2.6+0.0s
[1040/1120]	[L1: 0.0179]	2.6+0.0s
[1080/1120]	[L1: 0.0180]	2.7+0.0s
[1120/1120]	[L1: 0.0180]	2.6+0.0s

Evaluation:
[RSSCN7 x2]	psnr: 32.587 (Best: 32.587 @epoch 402)
Total time: 91.53s

[Epoch 403]	Learning rate: 5.00e-5
[40/1120]	[L1: 0.0182]	2.6+0.0s
[80/1120]	[L1: 0.0172]	2.7+0.0s
[120/1120]	[L1: 0.0180]	2.7+0.0s
[160/1120]	[L1: 0.0181]	2.6+0.0s
[200/1120]	[L1: 0.0186]	2.6+0.0s
[240/1120]	[L1: 0.0186]	2.6+0.0s
[280/1120]	[L1: 0.0185]	2.6+0.0s
[320/1120]	[L1: 0.0187]	2.7+0.0s
[360/1120]	[L1: 0.0185]	2.6+0.0s
[400/1120]	[L1: 0.0186]	2.6+0.0s
[440/1120]	[L1: 0.0187]	2.6+0.0s
[480/1120]	[L1: 0.0186]	2.6+0.0s
[520/1120]	[L1: 0.0185]	2.7+0.0s
[560/1120]	[L1: 0.0185]	2.6+0.0s
[600/1120]	[L1: 0.0183]	2.6+0.0s
[640/1120]	[L1: 0.0181]	2.6+0.0s
[680/1120]	[L1: 0.0182]	2.6+0.0s
[720/1120]	[L1: 0.0182]	2.6+0.0s
[760/1120]	[L1: 0.0182]	2.6+0.0s
[800/1120]	[L1: 0.0182]	2.7+0.0s
[840/1120]	[L1: 0.0182]	2.6+0.0s
[880/1120]	[L1: 0.0182]	2.8+0.0s
[920/1120]	[L1: 0.0180]	2.8+0.0s
[960/1120]	[L1: 0.0179]	2.9+0.0s
[1000/1120]	[L1: 0.0179]	2.7+0.0s
[1040/1120]	[L1: 0.0179]	2.6+0.0s
[1080/1120]	[L1: 0.0179]	2.6+0.0s
[1120/1120]	[L1: 0.0178]	2.6+0.0s

Evaluation:
[RSSCN7 x2]	psnr: 32.587 (Best: 32.587 @epoch 402)
Total time: 91.36s

[Epoch 404]	Learning rate: 5.00e-5
[40/1120]	[L1: 0.0190]	2.6+0.0s
[80/1120]	[L1: 0.0183]	2.6+0.0s
[120/1120]	[L1: 0.0178]	2.6+0.0s
[160/1120]	[L1: 0.0179]	2.6+0.0s
[200/1120]	[L1: 0.0179]	2.6+0.0s
[240/1120]	[L1: 0.0177]	2.6+0.0s
[280/1120]	[L1: 0.0179]	2.7+0.0s
[320/1120]	[L1: 0.0181]	2.6+0.0s
[360/1120]	[L1: 0.0179]	2.6+0.0s
[400/1120]	[L1: 0.0180]	2.6+0.0s
[440/1120]	[L1: 0.0180]	2.6+0.0s
[480/1120]	[L1: 0.0182]	2.7+0.0s
[520/1120]	[L1: 0.0181]	2.6+0.0s
[560/1120]	[L1: 0.0182]	2.6+0.0s
[600/1120]	[L1: 0.0183]	2.6+0.0s
[640/1120]	[L1: 0.0180]	2.6+0.0s
[680/1120]	[L1: 0.0178]	2.6+0.0s
[720/1120]	[L1: 0.0177]	2.6+0.0s
[760/1120]	[L1: 0.0177]	2.7+0.0s
[800/1120]	[L1: 0.0175]	2.6+0.0s
[840/1120]	[L1: 0.0175]	2.6+0.0s
[880/1120]	[L1: 0.0175]	2.6+0.0s
[920/1120]	[L1: 0.0175]	2.7+0.0s
[960/1120]	[L1: 0.0174]	2.6+0.0s
[1000/1120]	[L1: 0.0175]	2.6+0.0s
[1040/1120]	[L1: 0.0177]	2.6+0.0s
[1080/1120]	[L1: 0.0178]	2.6+0.0s
[1120/1120]	[L1: 0.0178]	2.6+0.0s

Evaluation:
[RSSCN7 x2]	psnr: 32.588 (Best: 32.588 @epoch 404)
Total time: 91.22s

[Epoch 405]	Learning rate: 5.00e-5
[40/1120]	[L1: 0.0197]	2.6+0.0s
[80/1120]	[L1: 0.0177]	2.6+0.0s
[120/1120]	[L1: 0.0184]	2.6+0.0s
[160/1120]	[L1: 0.0181]	2.6+0.0s
[200/1120]	[L1: 0.0182]	2.6+0.0s
[240/1120]	[L1: 0.0182]	2.7+0.0s
[280/1120]	[L1: 0.0181]	2.6+0.0s
[320/1120]	[L1: 0.0180]	2.6+0.0s
[360/1120]	[L1: 0.0178]	2.6+0.0s
[400/1120]	[L1: 0.0179]	2.6+0.0s
[440/1120]	[L1: 0.0179]	2.7+0.0s
[480/1120]	[L1: 0.0182]	2.7+0.0s
[520/1120]	[L1: 0.0182]	2.8+0.0s
[560/1120]	[L1: 0.0179]	2.6+0.0s
[600/1120]	[L1: 0.0178]	2.6+0.0s
[640/1120]	[L1: 0.0177]	2.6+0.0s
[680/1120]	[L1: 0.0176]	2.7+0.0s
[720/1120]	[L1: 0.0177]	2.6+0.0s
[760/1120]	[L1: 0.0178]	2.6+0.0s
[800/1120]	[L1: 0.0178]	2.6+0.0s
[840/1120]	[L1: 0.0179]	2.6+0.0s
[880/1120]	[L1: 0.0179]	2.7+0.0s
[920/1120]	[L1: 0.0180]	2.6+0.0s
[960/1120]	[L1: 0.0179]	2.6+0.0s
[1000/1120]	[L1: 0.0178]	2.6+0.0s
[1040/1120]	[L1: 0.0178]	2.6+0.0s
[1080/1120]	[L1: 0.0178]	2.6+0.0s
[1120/1120]	[L1: 0.0178]	2.6+0.0s

Evaluation:
[RSSCN7 x2]	psnr: 32.590 (Best: 32.590 @epoch 405)
Total time: 91.51s

[Epoch 406]	Learning rate: 5.00e-5
[40/1120]	[L1: 0.0178]	2.6+0.0s
[80/1120]	[L1: 0.0178]	2.6+0.0s
[120/1120]	[L1: 0.0183]	2.6+0.0s
[160/1120]	[L1: 0.0190]	2.7+0.0s
[200/1120]	[L1: 0.0186]	2.6+0.0s
[240/1120]	[L1: 0.0186]	2.6+0.0s
[280/1120]	[L1: 0.0182]	2.6+0.0s
[320/1120]	[L1: 0.0183]	2.6+0.0s
[360/1120]	[L1: 0.0183]	2.6+0.0s
[400/1120]	[L1: 0.0185]	2.7+0.0s
[440/1120]	[L1: 0.0181]	2.6+0.0s
[480/1120]	[L1: 0.0181]	2.6+0.0s
[520/1120]	[L1: 0.0181]	2.6+0.0s
[560/1120]	[L1: 0.0178]	2.6+0.0s
[600/1120]	[L1: 0.0178]	2.7+0.0s
[640/1120]	[L1: 0.0178]	2.6+0.0s
[680/1120]	[L1: 0.0179]	2.6+0.0s
[720/1120]	[L1: 0.0178]	2.6+0.0s
[760/1120]	[L1: 0.0177]	2.6+0.0s
[800/1120]	[L1: 0.0179]	2.6+0.0s
[840/1120]	[L1: 0.0178]	2.6+0.0s
[880/1120]	[L1: 0.0177]	2.7+0.0s
[920/1120]	[L1: 0.0177]	2.6+0.0s
[960/1120]	[L1: 0.0178]	2.7+0.0s
[1000/1120]	[L1: 0.0178]	2.6+0.0s
[1040/1120]	[L1: 0.0177]	2.7+0.0s
[1080/1120]	[L1: 0.0176]	2.6+0.0s
[1120/1120]	[L1: 0.0176]	2.6+0.0s

Evaluation:
[RSSCN7 x2]	psnr: 32.584 (Best: 32.590 @epoch 405)
Total time: 91.42s

[Epoch 407]	Learning rate: 5.00e-5
[40/1120]	[L1: 0.0177]	2.6+0.0s
[80/1120]	[L1: 0.0180]	2.7+0.0s
[120/1120]	[L1: 0.0176]	2.6+0.0s
[160/1120]	[L1: 0.0187]	2.6+0.0s
[200/1120]	[L1: 0.0186]	2.6+0.0s
[240/1120]	[L1: 0.0183]	2.6+0.0s
[280/1120]	[L1: 0.0188]	2.6+0.0s
[320/1120]	[L1: 0.0191]	2.6+0.0s
[360/1120]	[L1: 0.0189]	2.7+0.0s
[400/1120]	[L1: 0.0188]	2.6+0.0s
[440/1120]	[L1: 0.0188]	2.6+0.0s
[480/1120]	[L1: 0.0186]	2.6+0.0s
[520/1120]	[L1: 0.0187]	2.6+0.0s
[560/1120]	[L1: 0.0184]	2.7+0.0s
[600/1120]	[L1: 0.0183]	2.6+0.0s
[640/1120]	[L1: 0.0183]	2.6+0.0s
[680/1120]	[L1: 0.0183]	2.6+0.0s
[720/1120]	[L1: 0.0183]	2.6+0.0s
[760/1120]	[L1: 0.0183]	2.6+0.0s
[800/1120]	[L1: 0.0181]	2.7+0.0s
[840/1120]	[L1: 0.0180]	2.6+0.0s
[880/1120]	[L1: 0.0181]	2.6+0.0s
[920/1120]	[L1: 0.0180]	2.6+0.0s
[960/1120]	[L1: 0.0179]	2.6+0.0s
[1000/1120]	[L1: 0.0179]	2.7+0.0s
[1040/1120]	[L1: 0.0179]	2.6+0.0s
[1080/1120]	[L1: 0.0179]	2.6+0.0s
[1120/1120]	[L1: 0.0179]	2.6+0.0s

Evaluation:
[RSSCN7 x2]	psnr: 32.592 (Best: 32.592 @epoch 407)
Total time: 92.42s

[Epoch 408]	Learning rate: 5.00e-5
[40/1120]	[L1: 0.0204]	2.6+0.0s
[80/1120]	[L1: 0.0186]	2.6+0.0s
[120/1120]	[L1: 0.0189]	2.6+0.0s
[160/1120]	[L1: 0.0187]	2.6+0.0s
[200/1120]	[L1: 0.0182]	2.6+0.0s
[240/1120]	[L1: 0.0183]	2.6+0.0s
[280/1120]	[L1: 0.0183]	2.7+0.0s
[320/1120]	[L1: 0.0181]	2.6+0.0s
[360/1120]	[L1: 0.0181]	2.6+0.0s
[400/1120]	[L1: 0.0180]	2.6+0.0s
[440/1120]	[L1: 0.0180]	2.6+0.0s
[480/1120]	[L1: 0.0180]	2.7+0.0s
[520/1120]	[L1: 0.0182]	2.6+0.0s
[560/1120]	[L1: 0.0181]	2.6+0.0s
[600/1120]	[L1: 0.0180]	2.6+0.0s
[640/1120]	[L1: 0.0180]	2.6+0.0s
[680/1120]	[L1: 0.0180]	2.6+0.0s
[720/1120]	[L1: 0.0181]	2.6+0.0s
[760/1120]	[L1: 0.0181]	2.7+0.0s
[800/1120]	[L1: 0.0181]	2.6+0.0s
[840/1120]	[L1: 0.0181]	2.6+0.0s
[880/1120]	[L1: 0.0180]	2.6+0.0s
[920/1120]	[L1: 0.0179]	2.6+0.0s
[960/1120]	[L1: 0.0179]	2.7+0.0s
[1000/1120]	[L1: 0.0179]	2.6+0.0s
[1040/1120]	[L1: 0.0179]	2.6+0.0s
[1080/1120]	[L1: 0.0179]	2.6+0.0s
[1120/1120]	[L1: 0.0179]	2.6+0.0s

Evaluation:
[RSSCN7 x2]	psnr: 32.586 (Best: 32.592 @epoch 407)
Total time: 92.71s

[Epoch 409]	Learning rate: 5.00e-5
[40/1120]	[L1: 0.0200]	2.6+0.0s
[80/1120]	[L1: 0.0195]	2.6+0.0s
[120/1120]	[L1: 0.0178]	2.6+0.0s
[160/1120]	[L1: 0.0179]	2.6+0.0s
[200/1120]	[L1: 0.0178]	2.6+0.0s
[240/1120]	[L1: 0.0178]	2.6+0.0s
[280/1120]	[L1: 0.0179]	2.7+0.0s
[320/1120]	[L1: 0.0180]	2.6+0.0s
[360/1120]	[L1: 0.0180]	2.6+0.0s
[400/1120]	[L1: 0.0180]	2.6+0.0s
[440/1120]	[L1: 0.0178]	2.6+0.0s
[480/1120]	[L1: 0.0179]	2.7+0.0s
[520/1120]	[L1: 0.0181]	2.6+0.0s
[560/1120]	[L1: 0.0179]	2.6+0.0s
[600/1120]	[L1: 0.0178]	2.6+0.0s
[640/1120]	[L1: 0.0177]	2.8+0.0s
[680/1120]	[L1: 0.0177]	2.6+0.0s
[720/1120]	[L1: 0.0180]	2.7+0.0s
[760/1120]	[L1: 0.0179]	2.6+0.0s
[800/1120]	[L1: 0.0179]	2.6+0.0s
[840/1120]	[L1: 0.0178]	2.6+0.0s
[880/1120]	[L1: 0.0176]	2.6+0.0s
[920/1120]	[L1: 0.0178]	2.7+0.0s
[960/1120]	[L1: 0.0178]	2.6+0.0s
[1000/1120]	[L1: 0.0179]	2.6+0.0s
[1040/1120]	[L1: 0.0179]	2.6+0.0s
[1080/1120]	[L1: 0.0180]	2.6+0.0s
[1120/1120]	[L1: 0.0179]	2.6+0.0s

Evaluation:
[RSSCN7 x2]	psnr: 32.599 (Best: 32.599 @epoch 409)
Total time: 92.56s

[Epoch 410]	Learning rate: 5.00e-5
[40/1120]	[L1: 0.0183]	2.6+0.0s
[80/1120]	[L1: 0.0174]	2.6+0.0s
[120/1120]	[L1: 0.0183]	2.6+0.0s
[160/1120]	[L1: 0.0183]	2.6+0.0s
[200/1120]	[L1: 0.0179]	2.7+0.0s
[240/1120]	[L1: 0.0179]	2.6+0.0s
[280/1120]	[L1: 0.0183]	2.6+0.0s
[320/1120]	[L1: 0.0184]	2.6+0.0s
[360/1120]	[L1: 0.0180]	2.6+0.0s
[400/1120]	[L1: 0.0178]	2.7+0.0s
[440/1120]	[L1: 0.0175]	2.6+0.0s
[480/1120]	[L1: 0.0175]	2.6+0.0s
[520/1120]	[L1: 0.0175]	2.6+0.0s
[560/1120]	[L1: 0.0178]	2.6+0.0s
[600/1120]	[L1: 0.0178]	2.6+0.0s
[640/1120]	[L1: 0.0178]	2.7+0.0s
[680/1120]	[L1: 0.0177]	2.6+0.0s
[720/1120]	[L1: 0.0177]	2.6+0.0s
[760/1120]	[L1: 0.0177]	2.6+0.0s
[800/1120]	[L1: 0.0176]	2.6+0.0s
[840/1120]	[L1: 0.0176]	2.7+0.0s
[880/1120]	[L1: 0.0175]	2.6+0.0s
[920/1120]	[L1: 0.0176]	2.6+0.0s
[960/1120]	[L1: 0.0177]	2.6+0.0s
[1000/1120]	[L1: 0.0177]	2.6+0.0s
[1040/1120]	[L1: 0.0177]	2.6+0.0s
[1080/1120]	[L1: 0.0178]	2.6+0.0s
[1120/1120]	[L1: 0.0178]	2.7+0.0s

Evaluation:
[RSSCN7 x2]	psnr: 32.596 (Best: 32.599 @epoch 409)
Total time: 92.50s

[Epoch 411]	Learning rate: 5.00e-5
[40/1120]	[L1: 0.0219]	2.6+0.0s
[80/1120]	[L1: 0.0203]	2.6+0.0s
[120/1120]	[L1: 0.0188]	2.6+0.0s
[160/1120]	[L1: 0.0190]	2.7+0.0s
[200/1120]	[L1: 0.0182]	2.6+0.0s
[240/1120]	[L1: 0.0182]	2.6+0.0s
[280/1120]	[L1: 0.0182]	2.6+0.0s
[320/1120]	[L1: 0.0178]	2.7+0.0s
[360/1120]	[L1: 0.0177]	2.6+0.0s
[400/1120]	[L1: 0.0178]	2.6+0.0s
[440/1120]	[L1: 0.0175]	2.6+0.0s
[480/1120]	[L1: 0.0176]	2.6+0.0s
[520/1120]	[L1: 0.0177]	2.6+0.0s
[560/1120]	[L1: 0.0178]	2.6+0.0s
[600/1120]	[L1: 0.0177]	2.7+0.0s
[640/1120]	[L1: 0.0176]	2.6+0.0s
[680/1120]	[L1: 0.0176]	2.6+0.0s
[720/1120]	[L1: 0.0176]	2.6+0.0s
[760/1120]	[L1: 0.0176]	2.6+0.0s
[800/1120]	[L1: 0.0176]	2.7+0.0s
[840/1120]	[L1: 0.0177]	2.6+0.0s
[880/1120]	[L1: 0.0178]	2.6+0.0s
[920/1120]	[L1: 0.0178]	2.7+0.0s
[960/1120]	[L1: 0.0178]	2.8+0.0s
[1000/1120]	[L1: 0.0176]	2.7+0.0s
[1040/1120]	[L1: 0.0176]	2.7+0.0s
[1080/1120]	[L1: 0.0176]	2.6+0.0s
[1120/1120]	[L1: 0.0176]	2.6+0.0s

Evaluation:
[RSSCN7 x2]	psnr: 32.594 (Best: 32.599 @epoch 409)
Total time: 99.39s

[Epoch 412]	Learning rate: 5.00e-5
[40/1120]	[L1: 0.0184]	2.9+0.0s
[80/1120]	[L1: 0.0191]	2.6+0.0s
[120/1120]	[L1: 0.0187]	2.6+0.0s
[160/1120]	[L1: 0.0189]	2.6+0.0s
[200/1120]	[L1: 0.0186]	2.6+0.0s
[240/1120]	[L1: 0.0185]	2.7+0.0s
[280/1120]	[L1: 0.0187]	2.6+0.0s
[320/1120]	[L1: 0.0190]	2.6+0.0s
[360/1120]	[L1: 0.0186]	2.6+0.0s
[400/1120]	[L1: 0.0186]	2.6+0.0s
[440/1120]	[L1: 0.0184]	2.6+0.0s
[480/1120]	[L1: 0.0183]	2.7+0.0s
[520/1120]	[L1: 0.0182]	2.6+0.0s
[560/1120]	[L1: 0.0180]	2.6+0.0s
[600/1120]	[L1: 0.0181]	2.6+0.0s
[640/1120]	[L1: 0.0179]	2.6+0.0s
[680/1120]	[L1: 0.0178]	2.7+0.0s
[720/1120]	[L1: 0.0178]	2.6+0.0s
[760/1120]	[L1: 0.0178]	2.6+0.0s
[800/1120]	[L1: 0.0176]	2.6+0.0s
[840/1120]	[L1: 0.0176]	2.6+0.0s
[880/1120]	[L1: 0.0177]	2.6+0.0s
[920/1120]	[L1: 0.0177]	2.6+0.0s
[960/1120]	[L1: 0.0178]	2.7+0.0s
[1000/1120]	[L1: 0.0176]	2.6+0.0s
[1040/1120]	[L1: 0.0177]	2.6+0.0s
[1080/1120]	[L1: 0.0177]	2.6+0.0s
[1120/1120]	[L1: 0.0177]	2.6+0.0s

Evaluation:
[RSSCN7 x2]	psnr: 32.581 (Best: 32.599 @epoch 409)
Total time: 104.39s

[Epoch 413]	Learning rate: 5.00e-5
[40/1120]	[L1: 0.0188]	3.0+0.0s
[80/1120]	[L1: 0.0192]	3.0+0.0s
[120/1120]	[L1: 0.0189]	3.1+0.0s
[160/1120]	[L1: 0.0186]	2.6+0.0s
[200/1120]	[L1: 0.0185]	2.7+0.0s
[240/1120]	[L1: 0.0182]	2.7+0.0s
[280/1120]	[L1: 0.0176]	2.7+0.0s
[320/1120]	[L1: 0.0174]	2.6+0.0s
[360/1120]	[L1: 0.0174]	2.6+0.0s
[400/1120]	[L1: 0.0175]	2.7+0.0s
[440/1120]	[L1: 0.0177]	2.6+0.0s
[480/1120]	[L1: 0.0175]	2.6+0.0s
[520/1120]	[L1: 0.0176]	2.6+0.0s
[560/1120]	[L1: 0.0176]	2.6+0.0s
[600/1120]	[L1: 0.0177]	2.7+0.0s
[640/1120]	[L1: 0.0176]	2.7+0.0s
[680/1120]	[L1: 0.0176]	2.8+0.0s
[720/1120]	[L1: 0.0176]	2.8+0.0s
[760/1120]	[L1: 0.0177]	2.6+0.0s
[800/1120]	[L1: 0.0177]	2.6+0.0s
[840/1120]	[L1: 0.0179]	2.9+0.0s
[880/1120]	[L1: 0.0178]	2.6+0.0s
[920/1120]	[L1: 0.0177]	2.6+0.0s
[960/1120]	[L1: 0.0177]	2.6+0.0s
[1000/1120]	[L1: 0.0177]	2.6+0.0s
[1040/1120]	[L1: 0.0177]	2.7+0.0s
[1080/1120]	[L1: 0.0177]	2.6+0.0s
[1120/1120]	[L1: 0.0178]	2.6+0.0s

Evaluation:
[RSSCN7 x2]	psnr: 32.599 (Best: 32.599 @epoch 409)
Total time: 99.54s

[Epoch 414]	Learning rate: 5.00e-5
[40/1120]	[L1: 0.0196]	2.6+0.0s
[80/1120]	[L1: 0.0194]	2.7+0.0s
[120/1120]	[L1: 0.0189]	2.6+0.0s
[160/1120]	[L1: 0.0185]	2.6+0.0s
[200/1120]	[L1: 0.0181]	2.6+0.0s
[240/1120]	[L1: 0.0185]	2.6+0.0s
[280/1120]	[L1: 0.0182]	2.6+0.0s
[320/1120]	[L1: 0.0181]	2.7+0.0s
[360/1120]	[L1: 0.0181]	2.6+0.0s
[400/1120]	[L1: 0.0177]	2.6+0.0s
[440/1120]	[L1: 0.0177]	2.6+0.0s
[480/1120]	[L1: 0.0177]	2.6+0.0s
[520/1120]	[L1: 0.0176]	2.7+0.0s
[560/1120]	[L1: 0.0176]	2.6+0.0s
[600/1120]	[L1: 0.0176]	2.6+0.0s
[640/1120]	[L1: 0.0176]	2.6+0.0s
[680/1120]	[L1: 0.0175]	2.6+0.0s
[720/1120]	[L1: 0.0175]	2.6+0.0s
[760/1120]	[L1: 0.0174]	2.6+0.0s
[800/1120]	[L1: 0.0174]	2.7+0.0s
[840/1120]	[L1: 0.0175]	2.6+0.0s
[880/1120]	[L1: 0.0175]	2.6+0.0s
[920/1120]	[L1: 0.0176]	2.6+0.0s
[960/1120]	[L1: 0.0176]	2.6+0.0s
[1000/1120]	[L1: 0.0176]	2.7+0.0s
[1040/1120]	[L1: 0.0176]	2.6+0.0s
[1080/1120]	[L1: 0.0176]	2.6+0.0s
[1120/1120]	[L1: 0.0176]	2.6+0.0s

Evaluation:
[RSSCN7 x2]	psnr: 32.593 (Best: 32.599 @epoch 409)
Total time: 92.92s

[Epoch 415]	Learning rate: 5.00e-5
[40/1120]	[L1: 0.0161]	2.7+0.0s
[80/1120]	[L1: 0.0165]	2.6+0.0s
[120/1120]	[L1: 0.0169]	2.8+0.0s
[160/1120]	[L1: 0.0171]	2.7+0.0s
[200/1120]	[L1: 0.0173]	2.6+0.0s
[240/1120]	[L1: 0.0176]	2.6+0.0s
[280/1120]	[L1: 0.0177]	2.7+0.0s
[320/1120]	[L1: 0.0178]	2.6+0.0s
[360/1120]	[L1: 0.0177]	2.6+0.0s
[400/1120]	[L1: 0.0180]	2.6+0.0s
[440/1120]	[L1: 0.0180]	2.6+0.0s
[480/1120]	[L1: 0.0179]	2.7+0.0s
[520/1120]	[L1: 0.0180]	2.6+0.0s
[560/1120]	[L1: 0.0180]	2.6+0.0s
[600/1120]	[L1: 0.0179]	2.6+0.0s
[640/1120]	[L1: 0.0179]	2.6+0.0s
[680/1120]	[L1: 0.0181]	2.6+0.0s
[720/1120]	[L1: 0.0180]	2.6+0.0s
[760/1120]	[L1: 0.0179]	2.7+0.0s
[800/1120]	[L1: 0.0179]	2.6+0.0s
[840/1120]	[L1: 0.0178]	2.6+0.0s
[880/1120]	[L1: 0.0178]	2.6+0.0s
[920/1120]	[L1: 0.0178]	2.7+0.0s
[960/1120]	[L1: 0.0177]	2.6+0.0s
[1000/1120]	[L1: 0.0177]	2.6+0.0s
[1040/1120]	[L1: 0.0178]	2.6+0.0s
[1080/1120]	[L1: 0.0178]	2.6+0.0s
[1120/1120]	[L1: 0.0179]	2.6+0.0s

Evaluation:
[RSSCN7 x2]	psnr: 32.597 (Best: 32.599 @epoch 409)
Total time: 91.79s

[Epoch 416]	Learning rate: 5.00e-5
[40/1120]	[L1: 0.0169]	2.6+0.0s
[80/1120]	[L1: 0.0166]	2.6+0.0s
[120/1120]	[L1: 0.0170]	2.6+0.0s
[160/1120]	[L1: 0.0176]	2.6+0.0s
[200/1120]	[L1: 0.0180]	2.7+0.0s
[240/1120]	[L1: 0.0182]	2.6+0.0s
[280/1120]	[L1: 0.0184]	2.6+0.0s
[320/1120]	[L1: 0.0182]	2.6+0.0s
[360/1120]	[L1: 0.0184]	2.6+0.0s
[400/1120]	[L1: 0.0181]	2.6+0.0s
[440/1120]	[L1: 0.0180]	2.7+0.0s
[480/1120]	[L1: 0.0180]	2.6+0.0s
[520/1120]	[L1: 0.0179]	2.6+0.0s
[560/1120]	[L1: 0.0177]	2.6+0.0s
[600/1120]	[L1: 0.0179]	2.6+0.0s
[640/1120]	[L1: 0.0179]	2.7+0.0s
[680/1120]	[L1: 0.0177]	2.6+0.0s
[720/1120]	[L1: 0.0178]	2.6+0.0s
[760/1120]	[L1: 0.0179]	2.6+0.0s
[800/1120]	[L1: 0.0180]	2.6+0.0s
[840/1120]	[L1: 0.0179]	2.6+0.0s
[880/1120]	[L1: 0.0180]	2.6+0.0s
[920/1120]	[L1: 0.0179]	2.7+0.0s
[960/1120]	[L1: 0.0179]	2.6+0.0s
[1000/1120]	[L1: 0.0180]	2.6+0.0s
[1040/1120]	[L1: 0.0180]	2.7+0.0s
[1080/1120]	[L1: 0.0179]	2.6+0.0s
[1120/1120]	[L1: 0.0179]	2.7+0.0s

Evaluation:
[RSSCN7 x2]	psnr: 32.600 (Best: 32.600 @epoch 416)
Total time: 95.60s

[Epoch 417]	Learning rate: 5.00e-5
[40/1120]	[L1: 0.0164]	2.6+0.0s
[80/1120]	[L1: 0.0164]	2.6+0.0s
[120/1120]	[L1: 0.0171]	2.7+0.0s
[160/1120]	[L1: 0.0171]	2.6+0.0s
[200/1120]	[L1: 0.0170]	2.6+0.0s
[240/1120]	[L1: 0.0172]	2.6+0.0s
[280/1120]	[L1: 0.0177]	2.6+0.0s
[320/1120]	[L1: 0.0179]	2.6+0.0s
[360/1120]	[L1: 0.0179]	2.7+0.0s
[400/1120]	[L1: 0.0177]	2.6+0.0s
[440/1120]	[L1: 0.0176]	2.6+0.0s
[480/1120]	[L1: 0.0177]	2.6+0.0s
[520/1120]	[L1: 0.0175]	2.6+0.0s
[560/1120]	[L1: 0.0178]	2.8+0.0s
[600/1120]	[L1: 0.0177]	2.8+0.0s
[640/1120]	[L1: 0.0179]	2.7+0.0s
[680/1120]	[L1: 0.0178]	2.6+0.0s
[720/1120]	[L1: 0.0176]	2.6+0.0s
[760/1120]	[L1: 0.0176]	2.6+0.0s
[800/1120]	[L1: 0.0177]	2.7+0.0s
[840/1120]	[L1: 0.0176]	2.6+0.0s
[880/1120]	[L1: 0.0175]	2.6+0.0s
[920/1120]	[L1: 0.0176]	2.6+0.0s
[960/1120]	[L1: 0.0177]	2.6+0.0s
[1000/1120]	[L1: 0.0176]	2.7+0.0s
[1040/1120]	[L1: 0.0177]	2.6+0.0s
[1080/1120]	[L1: 0.0178]	2.6+0.0s
[1120/1120]	[L1: 0.0178]	2.6+0.0s

Evaluation:
[RSSCN7 x2]	psnr: 32.599 (Best: 32.600 @epoch 416)
Total time: 91.19s

[Epoch 418]	Learning rate: 5.00e-5
[40/1120]	[L1: 0.0181]	2.7+0.0s
[80/1120]	[L1: 0.0208]	2.6+0.0s
[120/1120]	[L1: 0.0197]	2.6+0.0s
[160/1120]	[L1: 0.0193]	2.6+0.0s
[200/1120]	[L1: 0.0190]	2.6+0.0s
[240/1120]	[L1: 0.0187]	2.6+0.0s
[280/1120]	[L1: 0.0186]	2.7+0.0s
[320/1120]	[L1: 0.0187]	2.6+0.0s
[360/1120]	[L1: 0.0187]	2.6+0.0s
[400/1120]	[L1: 0.0186]	2.6+0.0s
[440/1120]	[L1: 0.0184]	2.6+0.0s
[480/1120]	[L1: 0.0181]	2.7+0.0s
[520/1120]	[L1: 0.0182]	2.6+0.0s
[560/1120]	[L1: 0.0183]	2.6+0.0s
[600/1120]	[L1: 0.0183]	2.6+0.0s
[640/1120]	[L1: 0.0180]	2.6+0.0s
[680/1120]	[L1: 0.0178]	2.6+0.0s
[720/1120]	[L1: 0.0180]	2.6+0.0s
[760/1120]	[L1: 0.0180]	2.7+0.0s
[800/1120]	[L1: 0.0180]	2.6+0.0s
[840/1120]	[L1: 0.0179]	2.6+0.0s
[880/1120]	[L1: 0.0178]	2.6+0.0s
[920/1120]	[L1: 0.0178]	2.7+0.0s
[960/1120]	[L1: 0.0179]	2.6+0.0s
[1000/1120]	[L1: 0.0179]	2.6+0.0s
[1040/1120]	[L1: 0.0178]	2.6+0.0s
[1080/1120]	[L1: 0.0179]	2.6+0.0s
[1120/1120]	[L1: 0.0179]	2.6+0.0s

Evaluation:
[RSSCN7 x2]	psnr: 32.599 (Best: 32.600 @epoch 416)
Total time: 90.97s

[Epoch 419]	Learning rate: 5.00e-5
[40/1120]	[L1: 0.0164]	2.6+0.0s
[80/1120]	[L1: 0.0161]	2.6+0.0s
[120/1120]	[L1: 0.0170]	2.6+0.0s
[160/1120]	[L1: 0.0172]	2.6+0.0s
[200/1120]	[L1: 0.0170]	2.6+0.0s
[240/1120]	[L1: 0.0170]	2.6+0.0s
[280/1120]	[L1: 0.0170]	2.7+0.0s
[320/1120]	[L1: 0.0172]	2.6+0.0s
[360/1120]	[L1: 0.0173]	2.6+0.0s
[400/1120]	[L1: 0.0174]	2.6+0.0s
[440/1120]	[L1: 0.0173]	2.6+0.0s
[480/1120]	[L1: 0.0175]	2.7+0.0s
[520/1120]	[L1: 0.0175]	2.6+0.0s
[560/1120]	[L1: 0.0176]	2.6+0.0s
[600/1120]	[L1: 0.0175]	2.6+0.0s
[640/1120]	[L1: 0.0177]	2.5+0.0s
[680/1120]	[L1: 0.0176]	2.6+0.0s
[720/1120]	[L1: 0.0177]	2.7+0.0s
[760/1120]	[L1: 0.0178]	2.6+0.0s
[800/1120]	[L1: 0.0177]	2.6+0.0s
[840/1120]	[L1: 0.0178]	2.6+0.0s
[880/1120]	[L1: 0.0178]	2.6+0.0s
[920/1120]	[L1: 0.0178]	2.7+0.0s
[960/1120]	[L1: 0.0178]	2.6+0.0s
[1000/1120]	[L1: 0.0178]	2.6+0.0s
[1040/1120]	[L1: 0.0180]	2.6+0.0s
[1080/1120]	[L1: 0.0179]	2.6+0.0s
[1120/1120]	[L1: 0.0179]	2.6+0.0s

Evaluation:
[RSSCN7 x2]	psnr: 32.599 (Best: 32.600 @epoch 416)
Total time: 92.05s

[Epoch 420]	Learning rate: 5.00e-5
[40/1120]	[L1: 0.0165]	2.6+0.0s
[80/1120]	[L1: 0.0166]	2.6+0.0s
[120/1120]	[L1: 0.0162]	2.6+0.0s
[160/1120]	[L1: 0.0164]	2.6+0.0s
[200/1120]	[L1: 0.0170]	2.7+0.0s
[240/1120]	[L1: 0.0169]	2.6+0.0s
[280/1120]	[L1: 0.0168]	2.6+0.0s
[320/1120]	[L1: 0.0172]	2.6+0.0s
[360/1120]	[L1: 0.0174]	2.6+0.0s
[400/1120]	[L1: 0.0175]	2.6+0.0s
[440/1120]	[L1: 0.0176]	2.7+0.0s
[480/1120]	[L1: 0.0176]	2.6+0.0s
[520/1120]	[L1: 0.0178]	2.6+0.0s
[560/1120]	[L1: 0.0181]	2.6+0.0s
[600/1120]	[L1: 0.0182]	2.6+0.0s
[640/1120]	[L1: 0.0181]	2.7+0.0s
[680/1120]	[L1: 0.0183]	2.6+0.0s
[720/1120]	[L1: 0.0183]	2.6+0.0s
[760/1120]	[L1: 0.0182]	2.6+0.0s
[800/1120]	[L1: 0.0181]	2.6+0.0s
[840/1120]	[L1: 0.0182]	2.7+0.0s
[880/1120]	[L1: 0.0182]	2.7+0.0s
[920/1120]	[L1: 0.0181]	2.7+0.0s
[960/1120]	[L1: 0.0182]	2.6+0.0s
[1000/1120]	[L1: 0.0182]	2.6+0.0s
[1040/1120]	[L1: 0.0183]	2.6+0.0s
[1080/1120]	[L1: 0.0182]	2.6+0.0s
[1120/1120]	[L1: 0.0182]	2.7+0.0s

Evaluation:
[RSSCN7 x2]	psnr: 32.599 (Best: 32.600 @epoch 416)
Total time: 92.60s

[Epoch 421]	Learning rate: 5.00e-5
[40/1120]	[L1: 0.0175]	2.7+0.0s
[80/1120]	[L1: 0.0178]	2.6+0.0s
[120/1120]	[L1: 0.0173]	2.7+0.0s
[160/1120]	[L1: 0.0174]	2.6+0.0s
[200/1120]	[L1: 0.0177]	2.6+0.0s
[240/1120]	[L1: 0.0175]	2.6+0.0s
[280/1120]	[L1: 0.0172]	2.6+0.0s
[320/1120]	[L1: 0.0172]	2.6+0.0s
[360/1120]	[L1: 0.0175]	2.7+0.0s
[400/1120]	[L1: 0.0177]	2.7+0.0s
[440/1120]	[L1: 0.0177]	2.8+0.0s
[480/1120]	[L1: 0.0177]	2.8+0.0s
[520/1120]	[L1: 0.0178]	2.6+0.0s
[560/1120]	[L1: 0.0181]	2.7+0.0s
[600/1120]	[L1: 0.0181]	2.6+0.0s
[640/1120]	[L1: 0.0180]	2.6+0.0s
[680/1120]	[L1: 0.0181]	2.6+0.0s
[720/1120]	[L1: 0.0180]	2.6+0.0s
[760/1120]	[L1: 0.0179]	2.7+0.0s
[800/1120]	[L1: 0.0179]	2.6+0.0s
[840/1120]	[L1: 0.0179]	2.8+0.0s
[880/1120]	[L1: 0.0178]	2.6+0.0s
[920/1120]	[L1: 0.0176]	2.6+0.0s
[960/1120]	[L1: 0.0176]	2.8+0.0s
[1000/1120]	[L1: 0.0176]	2.6+0.0s
[1040/1120]	[L1: 0.0176]	2.7+0.0s
[1080/1120]	[L1: 0.0177]	2.6+0.0s
[1120/1120]	[L1: 0.0178]	2.6+0.0s

Evaluation:
[RSSCN7 x2]	psnr: 32.600 (Best: 32.600 @epoch 421)
Total time: 91.75s

[Epoch 422]	Learning rate: 5.00e-5
[40/1120]	[L1: 0.0149]	2.7+0.0s
[80/1120]	[L1: 0.0171]	2.6+0.0s
[120/1120]	[L1: 0.0175]	2.6+0.0s
[160/1120]	[L1: 0.0175]	2.6+0.0s
[200/1120]	[L1: 0.0174]	2.7+0.0s
[240/1120]	[L1: 0.0176]	2.8+0.0s
[280/1120]	[L1: 0.0178]	2.9+0.0s
[320/1120]	[L1: 0.0176]	2.6+0.0s
[360/1120]	[L1: 0.0176]	2.6+0.0s
[400/1120]	[L1: 0.0174]	2.6+0.0s
[440/1120]	[L1: 0.0177]	2.6+0.0s
[480/1120]	[L1: 0.0178]	2.7+0.0s
[520/1120]	[L1: 0.0178]	2.6+0.0s
[560/1120]	[L1: 0.0178]	2.6+0.0s
[600/1120]	[L1: 0.0179]	2.6+0.0s
[640/1120]	[L1: 0.0179]	2.6+0.0s
[680/1120]	[L1: 0.0177]	2.6+0.0s
[720/1120]	[L1: 0.0178]	2.6+0.0s
[760/1120]	[L1: 0.0178]	2.7+0.0s
[800/1120]	[L1: 0.0178]	2.8+0.0s
[840/1120]	[L1: 0.0178]	2.8+0.0s
[880/1120]	[L1: 0.0178]	2.6+0.0s
[920/1120]	[L1: 0.0178]	2.6+0.0s
[960/1120]	[L1: 0.0178]	2.7+0.0s
[1000/1120]	[L1: 0.0177]	2.6+0.0s
[1040/1120]	[L1: 0.0177]	2.6+0.0s
[1080/1120]	[L1: 0.0178]	2.6+0.0s
[1120/1120]	[L1: 0.0178]	2.6+0.0s

Evaluation:
[RSSCN7 x2]	psnr: 32.601 (Best: 32.601 @epoch 422)
Total time: 95.18s

[Epoch 423]	Learning rate: 5.00e-5
[40/1120]	[L1: 0.0167]	2.6+0.0s
[80/1120]	[L1: 0.0166]	2.6+0.0s
[120/1120]	[L1: 0.0173]	2.6+0.0s
[160/1120]	[L1: 0.0175]	2.6+0.0s
[200/1120]	[L1: 0.0171]	2.6+0.0s
[240/1120]	[L1: 0.0169]	2.7+0.0s
[280/1120]	[L1: 0.0172]	2.6+0.0s
[320/1120]	[L1: 0.0174]	2.6+0.0s
[360/1120]	[L1: 0.0174]	2.6+0.0s
[400/1120]	[L1: 0.0174]	2.6+0.0s
[440/1120]	[L1: 0.0177]	2.7+0.0s
[480/1120]	[L1: 0.0177]	2.6+0.0s
[520/1120]	[L1: 0.0176]	2.6+0.0s
[560/1120]	[L1: 0.0176]	2.6+0.0s
[600/1120]	[L1: 0.0175]	2.7+0.0s
[640/1120]	[L1: 0.0175]	2.8+0.0s
[680/1120]	[L1: 0.0175]	2.6+0.0s
[720/1120]	[L1: 0.0176]	2.7+0.0s
[760/1120]	[L1: 0.0176]	2.6+0.0s
[800/1120]	[L1: 0.0176]	2.6+0.0s
[840/1120]	[L1: 0.0176]	2.6+0.0s
[880/1120]	[L1: 0.0178]	2.6+0.0s
[920/1120]	[L1: 0.0177]	2.7+0.0s
[960/1120]	[L1: 0.0178]	2.6+0.0s
[1000/1120]	[L1: 0.0178]	2.6+0.0s
[1040/1120]	[L1: 0.0177]	2.6+0.0s
[1080/1120]	[L1: 0.0178]	2.6+0.0s
[1120/1120]	[L1: 0.0178]	2.6+0.0s

Evaluation:
[RSSCN7 x2]	psnr: 32.602 (Best: 32.602 @epoch 423)
Total time: 93.94s

[Epoch 424]	Learning rate: 5.00e-5
[40/1120]	[L1: 0.0154]	2.6+0.0s
[80/1120]	[L1: 0.0193]	2.6+0.0s
[120/1120]	[L1: 0.0187]	2.6+0.0s
[160/1120]	[L1: 0.0181]	2.7+0.0s
[200/1120]	[L1: 0.0186]	2.6+0.0s
[240/1120]	[L1: 0.0186]	2.6+0.0s
[280/1120]	[L1: 0.0187]	2.6+0.0s
[320/1120]	[L1: 0.0183]	2.6+0.0s
[360/1120]	[L1: 0.0180]	2.6+0.0s
[400/1120]	[L1: 0.0182]	2.7+0.0s
[440/1120]	[L1: 0.0182]	2.6+0.0s
[480/1120]	[L1: 0.0181]	2.6+0.0s
[520/1120]	[L1: 0.0180]	2.6+0.0s
[560/1120]	[L1: 0.0179]	2.6+0.0s
[600/1120]	[L1: 0.0178]	2.7+0.0s
[640/1120]	[L1: 0.0179]	2.6+0.0s
[680/1120]	[L1: 0.0180]	2.6+0.0s
[720/1120]	[L1: 0.0179]	2.6+0.0s
[760/1120]	[L1: 0.0179]	2.6+0.0s
[800/1120]	[L1: 0.0178]	2.6+0.0s
[840/1120]	[L1: 0.0178]	2.6+0.0s
[880/1120]	[L1: 0.0178]	2.7+0.0s
[920/1120]	[L1: 0.0178]	2.6+0.0s
[960/1120]	[L1: 0.0177]	2.6+0.0s
[1000/1120]	[L1: 0.0178]	2.6+0.0s
[1040/1120]	[L1: 0.0179]	2.6+0.0s
[1080/1120]	[L1: 0.0179]	2.7+0.0s
[1120/1120]	[L1: 0.0179]	2.6+0.0s

Evaluation:
[RSSCN7 x2]	psnr: 32.596 (Best: 32.602 @epoch 423)
Total time: 91.31s

[Epoch 425]	Learning rate: 5.00e-5
[40/1120]	[L1: 0.0174]	2.6+0.0s
[80/1120]	[L1: 0.0168]	2.6+0.0s
[120/1120]	[L1: 0.0170]	2.7+0.0s
[160/1120]	[L1: 0.0174]	2.6+0.0s
[200/1120]	[L1: 0.0166]	2.6+0.0s
[240/1120]	[L1: 0.0173]	2.6+0.0s
[280/1120]	[L1: 0.0172]	2.7+0.0s
[320/1120]	[L1: 0.0173]	2.6+0.0s
[360/1120]	[L1: 0.0175]	2.6+0.0s
[400/1120]	[L1: 0.0175]	2.6+0.0s
[440/1120]	[L1: 0.0175]	2.6+0.0s
[480/1120]	[L1: 0.0174]	2.6+0.0s
[520/1120]	[L1: 0.0175]	2.6+0.0s
[560/1120]	[L1: 0.0176]	2.7+0.0s
[600/1120]	[L1: 0.0178]	2.6+0.0s
[640/1120]	[L1: 0.0178]	2.6+0.0s
[680/1120]	[L1: 0.0180]	2.6+0.0s
[720/1120]	[L1: 0.0181]	2.6+0.0s
[760/1120]	[L1: 0.0180]	2.7+0.0s
[800/1120]	[L1: 0.0179]	2.6+0.0s
[840/1120]	[L1: 0.0179]	2.6+0.0s
[880/1120]	[L1: 0.0179]	2.6+0.0s
[920/1120]	[L1: 0.0178]	2.6+0.0s
[960/1120]	[L1: 0.0179]	2.7+0.0s
[1000/1120]	[L1: 0.0179]	2.7+0.0s
[1040/1120]	[L1: 0.0178]	2.6+0.0s
[1080/1120]	[L1: 0.0178]	2.6+0.0s
[1120/1120]	[L1: 0.0179]	2.6+0.0s

Evaluation:
[RSSCN7 x2]	psnr: 32.597 (Best: 32.602 @epoch 423)
Total time: 92.50s

[Epoch 426]	Learning rate: 5.00e-5
[40/1120]	[L1: 0.0188]	2.6+0.0s
[80/1120]	[L1: 0.0182]	2.6+0.0s
[120/1120]	[L1: 0.0171]	2.6+0.0s
[160/1120]	[L1: 0.0172]	2.6+0.0s
[200/1120]	[L1: 0.0173]	2.7+0.0s
[240/1120]	[L1: 0.0172]	2.7+0.0s
[280/1120]	[L1: 0.0174]	2.6+0.0s
[320/1120]	[L1: 0.0176]	2.6+0.0s
[360/1120]	[L1: 0.0176]	2.6+0.0s
[400/1120]	[L1: 0.0175]	2.6+0.0s
[440/1120]	[L1: 0.0175]	2.6+0.0s
[480/1120]	[L1: 0.0176]	2.7+0.0s
[520/1120]	[L1: 0.0175]	2.6+0.0s
[560/1120]	[L1: 0.0177]	2.6+0.0s
[600/1120]	[L1: 0.0178]	2.6+0.0s
[640/1120]	[L1: 0.0178]	2.6+0.0s
[680/1120]	[L1: 0.0176]	2.7+0.0s
[720/1120]	[L1: 0.0176]	2.6+0.0s
[760/1120]	[L1: 0.0176]	2.6+0.0s
[800/1120]	[L1: 0.0174]	2.6+0.0s
[840/1120]	[L1: 0.0173]	2.6+0.0s
[880/1120]	[L1: 0.0172]	2.6+0.0s
[920/1120]	[L1: 0.0174]	2.6+0.0s
[960/1120]	[L1: 0.0174]	2.7+0.0s
[1000/1120]	[L1: 0.0174]	2.6+0.0s
[1040/1120]	[L1: 0.0175]	2.6+0.0s
[1080/1120]	[L1: 0.0175]	2.6+0.0s
[1120/1120]	[L1: 0.0176]	2.6+0.0s

Evaluation:
[RSSCN7 x2]	psnr: 32.604 (Best: 32.604 @epoch 426)
Total time: 96.10s

[Epoch 427]	Learning rate: 5.00e-5
[40/1120]	[L1: 0.0170]	2.6+0.0s
[80/1120]	[L1: 0.0171]	2.6+0.0s
[120/1120]	[L1: 0.0178]	2.7+0.0s
[160/1120]	[L1: 0.0180]	2.6+0.0s
[200/1120]	[L1: 0.0191]	2.6+0.0s
[240/1120]	[L1: 0.0182]	2.6+0.0s
[280/1120]	[L1: 0.0178]	2.6+0.0s
[320/1120]	[L1: 0.0182]	2.6+0.0s
[360/1120]	[L1: 0.0183]	2.6+0.0s
[400/1120]	[L1: 0.0182]	2.7+0.0s
[440/1120]	[L1: 0.0182]	2.6+0.0s
[480/1120]	[L1: 0.0181]	2.6+0.0s
[520/1120]	[L1: 0.0183]	2.6+0.0s
[560/1120]	[L1: 0.0184]	2.6+0.0s
[600/1120]	[L1: 0.0183]	2.7+0.0s
[640/1120]	[L1: 0.0182]	2.6+0.0s
[680/1120]	[L1: 0.0182]	2.6+0.0s
[720/1120]	[L1: 0.0182]	2.6+0.0s
[760/1120]	[L1: 0.0181]	2.6+0.0s
[800/1120]	[L1: 0.0182]	2.6+0.0s
[840/1120]	[L1: 0.0181]	2.7+0.0s
[880/1120]	[L1: 0.0181]	2.6+0.0s
[920/1120]	[L1: 0.0180]	2.6+0.0s
[960/1120]	[L1: 0.0181]	2.6+0.0s
[1000/1120]	[L1: 0.0181]	2.6+0.0s
[1040/1120]	[L1: 0.0180]	2.7+0.0s
[1080/1120]	[L1: 0.0179]	2.6+0.0s
[1120/1120]	[L1: 0.0178]	2.6+0.0s

Evaluation:
[RSSCN7 x2]	psnr: 32.603 (Best: 32.604 @epoch 426)
Total time: 94.86s

[Epoch 428]	Learning rate: 5.00e-5
[40/1120]	[L1: 0.0159]	2.6+0.0s
[80/1120]	[L1: 0.0176]	2.7+0.0s
[120/1120]	[L1: 0.0175]	2.6+0.0s
[160/1120]	[L1: 0.0174]	2.6+0.0s
[200/1120]	[L1: 0.0168]	2.6+0.0s
[240/1120]	[L1: 0.0168]	2.6+0.0s
[280/1120]	[L1: 0.0170]	2.6+0.0s
[320/1120]	[L1: 0.0172]	2.7+0.0s
[360/1120]	[L1: 0.0177]	2.6+0.0s
[400/1120]	[L1: 0.0176]	2.6+0.0s
[440/1120]	[L1: 0.0176]	2.6+0.0s
[480/1120]	[L1: 0.0176]	2.6+0.0s
[520/1120]	[L1: 0.0177]	2.8+0.0s
[560/1120]	[L1: 0.0177]	2.8+0.0s
[600/1120]	[L1: 0.0175]	2.6+0.0s
[640/1120]	[L1: 0.0177]	2.7+0.0s
[680/1120]	[L1: 0.0177]	2.8+0.0s
[720/1120]	[L1: 0.0178]	2.7+0.0s
[760/1120]	[L1: 0.0177]	2.6+0.0s
[800/1120]	[L1: 0.0177]	2.8+0.0s
[840/1120]	[L1: 0.0176]	2.9+0.0s
[880/1120]	[L1: 0.0176]	2.8+0.0s
[920/1120]	[L1: 0.0175]	2.8+0.0s
[960/1120]	[L1: 0.0174]	2.6+0.0s
[1000/1120]	[L1: 0.0176]	2.7+0.0s
[1040/1120]	[L1: 0.0177]	2.6+0.0s
[1080/1120]	[L1: 0.0177]	2.6+0.0s
[1120/1120]	[L1: 0.0178]	2.6+0.0s

Evaluation:
[RSSCN7 x2]	psnr: 32.598 (Best: 32.604 @epoch 426)
Total time: 93.69s

[Epoch 429]	Learning rate: 5.00e-5
[40/1120]	[L1: 0.0201]	2.7+0.0s
[80/1120]	[L1: 0.0208]	2.6+0.0s
[120/1120]	[L1: 0.0191]	2.6+0.0s
[160/1120]	[L1: 0.0193]	2.6+0.0s
[200/1120]	[L1: 0.0190]	2.6+0.0s
[240/1120]	[L1: 0.0185]	2.6+0.0s
[280/1120]	[L1: 0.0185]	2.7+0.0s
[320/1120]	[L1: 0.0186]	2.6+0.0s
[360/1120]	[L1: 0.0186]	2.6+0.0s
[400/1120]	[L1: 0.0183]	2.6+0.0s
[440/1120]	[L1: 0.0183]	2.6+0.0s
[480/1120]	[L1: 0.0182]	2.7+0.0s
[520/1120]	[L1: 0.0183]	2.7+0.0s
[560/1120]	[L1: 0.0182]	2.8+0.0s
[600/1120]	[L1: 0.0181]	2.6+0.0s
[640/1120]	[L1: 0.0182]	2.6+0.0s
[680/1120]	[L1: 0.0182]	2.6+0.0s
[720/1120]	[L1: 0.0181]	2.8+0.0s
[760/1120]	[L1: 0.0181]	2.8+0.0s
[800/1120]	[L1: 0.0180]	2.6+0.0s
[840/1120]	[L1: 0.0179]	2.6+0.0s
[880/1120]	[L1: 0.0180]	2.6+0.0s
[920/1120]	[L1: 0.0179]	2.7+0.0s
[960/1120]	[L1: 0.0180]	2.6+0.0s
[1000/1120]	[L1: 0.0180]	2.6+0.0s
[1040/1120]	[L1: 0.0179]	2.6+0.0s
[1080/1120]	[L1: 0.0179]	2.6+0.0s
[1120/1120]	[L1: 0.0178]	2.6+0.0s

Evaluation:
[RSSCN7 x2]	psnr: 32.595 (Best: 32.604 @epoch 426)
Total time: 97.56s

[Epoch 430]	Learning rate: 5.00e-5
[40/1120]	[L1: 0.0165]	2.8+0.0s
[80/1120]	[L1: 0.0159]	2.7+0.0s
[120/1120]	[L1: 0.0170]	2.8+0.0s
[160/1120]	[L1: 0.0177]	2.7+0.0s
[200/1120]	[L1: 0.0181]	2.6+0.0s
[240/1120]	[L1: 0.0184]	2.6+0.0s
[280/1120]	[L1: 0.0184]	2.6+0.0s
[320/1120]	[L1: 0.0182]	2.6+0.0s
[360/1120]	[L1: 0.0181]	2.6+0.0s
[400/1120]	[L1: 0.0180]	2.7+0.0s
[440/1120]	[L1: 0.0179]	2.9+0.0s
[480/1120]	[L1: 0.0181]	2.6+0.0s
[520/1120]	[L1: 0.0180]	2.8+0.0s
[560/1120]	[L1: 0.0180]	2.8+0.0s
[600/1120]	[L1: 0.0179]	2.6+0.0s
[640/1120]	[L1: 0.0178]	2.8+0.0s
[680/1120]	[L1: 0.0177]	2.8+0.0s
[720/1120]	[L1: 0.0177]	2.8+0.0s
[760/1120]	[L1: 0.0177]	2.7+0.0s
[800/1120]	[L1: 0.0177]	2.6+0.0s
[840/1120]	[L1: 0.0176]	2.8+0.0s
[880/1120]	[L1: 0.0178]	2.9+0.0s
[920/1120]	[L1: 0.0180]	2.8+0.0s
[960/1120]	[L1: 0.0180]	2.6+0.0s
[1000/1120]	[L1: 0.0180]	2.6+0.0s
[1040/1120]	[L1: 0.0178]	2.6+0.0s
[1080/1120]	[L1: 0.0178]	2.7+0.0s
[1120/1120]	[L1: 0.0178]	2.6+0.0s

Evaluation:
[RSSCN7 x2]	psnr: 32.604 (Best: 32.604 @epoch 426)
Total time: 94.64s

[Epoch 431]	Learning rate: 5.00e-5
[40/1120]	[L1: 0.0182]	2.6+0.0s
[80/1120]	[L1: 0.0171]	2.7+0.0s
[120/1120]	[L1: 0.0178]	2.6+0.0s
[160/1120]	[L1: 0.0175]	2.6+0.0s
[200/1120]	[L1: 0.0178]	2.6+0.0s
[240/1120]	[L1: 0.0179]	2.6+0.0s
[280/1120]	[L1: 0.0177]	2.6+0.0s
[320/1120]	[L1: 0.0174]	2.6+0.0s
[360/1120]	[L1: 0.0177]	2.7+0.0s
[400/1120]	[L1: 0.0179]	2.6+0.0s
[440/1120]	[L1: 0.0176]	2.6+0.0s
[480/1120]	[L1: 0.0178]	2.6+0.0s
[520/1120]	[L1: 0.0176]	2.6+0.0s
[560/1120]	[L1: 0.0177]	2.7+0.0s
[600/1120]	[L1: 0.0177]	2.6+0.0s
[640/1120]	[L1: 0.0177]	2.6+0.0s
[680/1120]	[L1: 0.0176]	2.6+0.0s
[720/1120]	[L1: 0.0174]	2.6+0.0s
[760/1120]	[L1: 0.0175]	2.6+0.0s
[800/1120]	[L1: 0.0175]	2.7+0.0s
[840/1120]	[L1: 0.0175]	2.6+0.0s
[880/1120]	[L1: 0.0175]	2.6+0.0s
[920/1120]	[L1: 0.0175]	2.6+0.0s
[960/1120]	[L1: 0.0176]	2.6+0.0s
[1000/1120]	[L1: 0.0176]	2.7+0.0s
[1040/1120]	[L1: 0.0177]	2.6+0.0s
[1080/1120]	[L1: 0.0177]	2.6+0.0s
[1120/1120]	[L1: 0.0178]	2.6+0.0s

Evaluation:
[RSSCN7 x2]	psnr: 32.600 (Best: 32.604 @epoch 426)
Total time: 91.13s

[Epoch 432]	Learning rate: 5.00e-5
[40/1120]	[L1: 0.0213]	2.7+0.0s
[80/1120]	[L1: 0.0204]	2.6+0.0s
[120/1120]	[L1: 0.0196]	2.6+0.0s
[160/1120]	[L1: 0.0195]	2.6+0.0s
[200/1120]	[L1: 0.0188]	2.6+0.0s
[240/1120]	[L1: 0.0190]	2.6+0.0s
[280/1120]	[L1: 0.0186]	2.7+0.0s
[320/1120]	[L1: 0.0188]	2.7+0.0s
[360/1120]	[L1: 0.0185]	2.7+0.0s
[400/1120]	[L1: 0.0185]	2.6+0.0s
[440/1120]	[L1: 0.0182]	2.6+0.0s
[480/1120]	[L1: 0.0183]	2.6+0.0s
[520/1120]	[L1: 0.0180]	3.0+0.0s
[560/1120]	[L1: 0.0181]	2.8+0.0s
[600/1120]	[L1: 0.0179]	2.8+0.0s
[640/1120]	[L1: 0.0178]	2.7+0.0s
[680/1120]	[L1: 0.0178]	2.6+0.0s
[720/1120]	[L1: 0.0177]	2.6+0.0s
[760/1120]	[L1: 0.0175]	2.7+0.0s
[800/1120]	[L1: 0.0175]	2.6+0.0s
[840/1120]	[L1: 0.0176]	2.6+0.0s
[880/1120]	[L1: 0.0177]	2.6+0.0s
[920/1120]	[L1: 0.0177]	2.6+0.0s
[960/1120]	[L1: 0.0177]	2.7+0.0s
[1000/1120]	[L1: 0.0177]	2.6+0.0s
[1040/1120]	[L1: 0.0177]	2.6+0.0s
[1080/1120]	[L1: 0.0178]	2.6+0.0s
[1120/1120]	[L1: 0.0178]	2.6+0.0s

Evaluation:
[RSSCN7 x2]	psnr: 32.598 (Best: 32.604 @epoch 426)
Total time: 92.16s

[Epoch 433]	Learning rate: 5.00e-5
[40/1120]	[L1: 0.0183]	2.7+0.0s
[80/1120]	[L1: 0.0182]	2.7+0.0s
[120/1120]	[L1: 0.0180]	2.7+0.0s
[160/1120]	[L1: 0.0177]	2.6+0.0s
[200/1120]	[L1: 0.0179]	2.6+0.0s
[240/1120]	[L1: 0.0180]	2.6+0.0s
[280/1120]	[L1: 0.0187]	2.7+0.0s
[320/1120]	[L1: 0.0185]	2.8+0.0s
[360/1120]	[L1: 0.0185]	2.7+0.0s
[400/1120]	[L1: 0.0183]	2.7+0.0s
[440/1120]	[L1: 0.0185]	2.6+0.0s
[480/1120]	[L1: 0.0183]	2.7+0.0s
[520/1120]	[L1: 0.0183]	2.6+0.0s
[560/1120]	[L1: 0.0182]	2.6+0.0s
[600/1120]	[L1: 0.0181]	2.7+0.0s
[640/1120]	[L1: 0.0182]	2.8+0.0s
[680/1120]	[L1: 0.0180]	2.8+0.0s
[720/1120]	[L1: 0.0180]	2.9+0.0s
[760/1120]	[L1: 0.0181]	2.6+0.0s
[800/1120]	[L1: 0.0180]	2.6+0.0s
[840/1120]	[L1: 0.0180]	2.6+0.0s
[880/1120]	[L1: 0.0180]	2.6+0.0s
[920/1120]	[L1: 0.0180]	2.7+0.0s
[960/1120]	[L1: 0.0179]	2.6+0.0s
[1000/1120]	[L1: 0.0179]	2.7+0.0s
[1040/1120]	[L1: 0.0179]	2.6+0.0s
[1080/1120]	[L1: 0.0178]	2.6+0.0s
[1120/1120]	[L1: 0.0178]	2.6+0.0s

Evaluation:
[RSSCN7 x2]	psnr: 32.601 (Best: 32.604 @epoch 426)
Total time: 93.72s

[Epoch 434]	Learning rate: 5.00e-5
[40/1120]	[L1: 0.0188]	2.6+0.0s
[80/1120]	[L1: 0.0180]	2.6+0.0s
[120/1120]	[L1: 0.0175]	2.6+0.0s
[160/1120]	[L1: 0.0174]	2.6+0.0s
[200/1120]	[L1: 0.0180]	2.7+0.0s
[240/1120]	[L1: 0.0177]	2.6+0.0s
[280/1120]	[L1: 0.0177]	2.6+0.0s
[320/1120]	[L1: 0.0177]	2.6+0.0s
[360/1120]	[L1: 0.0180]	2.6+0.0s
[400/1120]	[L1: 0.0180]	2.8+0.0s
[440/1120]	[L1: 0.0179]	2.7+0.0s
[480/1120]	[L1: 0.0177]	2.6+0.0s
[520/1120]	[L1: 0.0176]	2.7+0.0s
[560/1120]	[L1: 0.0178]	2.7+0.0s
[600/1120]	[L1: 0.0175]	2.6+0.0s
[640/1120]	[L1: 0.0174]	2.7+0.0s
[680/1120]	[L1: 0.0173]	2.6+0.0s
[720/1120]	[L1: 0.0175]	2.6+0.0s
[760/1120]	[L1: 0.0175]	2.6+0.0s
[800/1120]	[L1: 0.0175]	2.6+0.0s
[840/1120]	[L1: 0.0176]	2.6+0.0s
[880/1120]	[L1: 0.0176]	2.6+0.0s
[920/1120]	[L1: 0.0176]	2.7+0.0s
[960/1120]	[L1: 0.0176]	2.6+0.0s
[1000/1120]	[L1: 0.0176]	2.8+0.0s
[1040/1120]	[L1: 0.0177]	2.6+0.0s
[1080/1120]	[L1: 0.0177]	2.7+0.0s
[1120/1120]	[L1: 0.0177]	2.6+0.0s

Evaluation:
[RSSCN7 x2]	psnr: 32.605 (Best: 32.605 @epoch 434)
Total time: 91.94s

[Epoch 435]	Learning rate: 5.00e-5
[40/1120]	[L1: 0.0154]	2.6+0.0s
[80/1120]	[L1: 0.0173]	2.6+0.0s
[120/1120]	[L1: 0.0183]	2.7+0.0s
[160/1120]	[L1: 0.0176]	2.6+0.0s
[200/1120]	[L1: 0.0174]	2.6+0.0s
[240/1120]	[L1: 0.0171]	2.6+0.0s
[280/1120]	[L1: 0.0178]	2.6+0.0s
[320/1120]	[L1: 0.0177]	2.6+0.0s
[360/1120]	[L1: 0.0179]	2.7+0.0s
[400/1120]	[L1: 0.0179]	2.6+0.0s
[440/1120]	[L1: 0.0179]	2.6+0.0s
[480/1120]	[L1: 0.0178]	2.6+0.0s
[520/1120]	[L1: 0.0176]	2.6+0.0s
[560/1120]	[L1: 0.0174]	2.7+0.0s
[600/1120]	[L1: 0.0175]	2.6+0.0s
[640/1120]	[L1: 0.0175]	2.6+0.0s
[680/1120]	[L1: 0.0174]	2.6+0.0s
[720/1120]	[L1: 0.0175]	2.6+0.0s
[760/1120]	[L1: 0.0176]	2.6+0.0s
[800/1120]	[L1: 0.0177]	2.6+0.0s
[840/1120]	[L1: 0.0178]	2.7+0.0s
[880/1120]	[L1: 0.0176]	2.6+0.0s
[920/1120]	[L1: 0.0175]	2.6+0.0s
[960/1120]	[L1: 0.0175]	2.6+0.0s
[1000/1120]	[L1: 0.0175]	2.7+0.0s
[1040/1120]	[L1: 0.0176]	2.6+0.0s
[1080/1120]	[L1: 0.0175]	2.6+0.0s
[1120/1120]	[L1: 0.0175]	2.6+0.0s

Evaluation:
[RSSCN7 x2]	psnr: 32.597 (Best: 32.605 @epoch 434)
Total time: 91.38s

[Epoch 436]	Learning rate: 5.00e-5
[40/1120]	[L1: 0.0182]	2.7+0.0s
[80/1120]	[L1: 0.0177]	2.6+0.0s
[120/1120]	[L1: 0.0175]	2.6+0.0s
[160/1120]	[L1: 0.0178]	2.6+0.0s
[200/1120]	[L1: 0.0178]	2.6+0.0s
[240/1120]	[L1: 0.0174]	2.6+0.0s
[280/1120]	[L1: 0.0173]	2.6+0.0s
[320/1120]	[L1: 0.0173]	2.7+0.0s
[360/1120]	[L1: 0.0175]	2.6+0.0s
[400/1120]	[L1: 0.0174]	2.6+0.0s
[440/1120]	[L1: 0.0173]	2.6+0.0s
[480/1120]	[L1: 0.0174]	2.7+0.0s
[520/1120]	[L1: 0.0176]	2.6+0.0s
[560/1120]	[L1: 0.0177]	2.6+0.0s
[600/1120]	[L1: 0.0177]	2.6+0.0s
[640/1120]	[L1: 0.0175]	2.6+0.0s
[680/1120]	[L1: 0.0177]	2.6+0.0s
[720/1120]	[L1: 0.0179]	2.6+0.0s
[760/1120]	[L1: 0.0177]	2.7+0.0s
[800/1120]	[L1: 0.0178]	2.6+0.0s
[840/1120]	[L1: 0.0177]	2.6+0.0s
[880/1120]	[L1: 0.0176]	2.6+0.0s
[920/1120]	[L1: 0.0175]	2.6+0.0s
[960/1120]	[L1: 0.0177]	2.7+0.0s
[1000/1120]	[L1: 0.0177]	2.6+0.0s
[1040/1120]	[L1: 0.0178]	2.6+0.0s
[1080/1120]	[L1: 0.0177]	2.6+0.0s
[1120/1120]	[L1: 0.0177]	2.6+0.0s

Evaluation:
[RSSCN7 x2]	psnr: 32.597 (Best: 32.605 @epoch 434)
Total time: 91.31s

[Epoch 437]	Learning rate: 5.00e-5
[40/1120]	[L1: 0.0157]	2.6+0.0s
[80/1120]	[L1: 0.0171]	2.6+0.0s
[120/1120]	[L1: 0.0182]	2.6+0.0s
[160/1120]	[L1: 0.0183]	2.6+0.0s
[200/1120]	[L1: 0.0176]	2.6+0.0s
[240/1120]	[L1: 0.0179]	2.7+0.0s
[280/1120]	[L1: 0.0179]	2.6+0.0s
[320/1120]	[L1: 0.0180]	2.6+0.0s
[360/1120]	[L1: 0.0180]	2.6+0.0s
[400/1120]	[L1: 0.0180]	2.6+0.0s
[440/1120]	[L1: 0.0179]	2.7+0.0s
[480/1120]	[L1: 0.0178]	2.6+0.0s
[520/1120]	[L1: 0.0179]	2.6+0.0s
[560/1120]	[L1: 0.0179]	2.6+0.0s
[600/1120]	[L1: 0.0178]	2.6+0.0s
[640/1120]	[L1: 0.0177]	2.6+0.0s
[680/1120]	[L1: 0.0176]	2.6+0.0s
[720/1120]	[L1: 0.0177]	2.7+0.0s
[760/1120]	[L1: 0.0177]	2.6+0.0s
[800/1120]	[L1: 0.0176]	2.6+0.0s
[840/1120]	[L1: 0.0176]	2.6+0.0s
[880/1120]	[L1: 0.0176]	2.6+0.0s
[920/1120]	[L1: 0.0175]	2.7+0.0s
[960/1120]	[L1: 0.0175]	2.6+0.0s
[1000/1120]	[L1: 0.0174]	2.6+0.0s
[1040/1120]	[L1: 0.0176]	2.6+0.0s
[1080/1120]	[L1: 0.0176]	2.6+0.0s
[1120/1120]	[L1: 0.0177]	2.6+0.0s

Evaluation:
[RSSCN7 x2]	psnr: 32.601 (Best: 32.605 @epoch 434)
Total time: 91.11s

[Epoch 438]	Learning rate: 5.00e-5
[40/1120]	[L1: 0.0194]	2.6+0.0s
[80/1120]	[L1: 0.0184]	2.6+0.0s
[120/1120]	[L1: 0.0181]	2.6+0.0s
[160/1120]	[L1: 0.0179]	2.6+0.0s
[200/1120]	[L1: 0.0181]	2.7+0.0s
[240/1120]	[L1: 0.0182]	2.6+0.0s
[280/1120]	[L1: 0.0181]	2.6+0.0s
[320/1120]	[L1: 0.0181]	2.6+0.0s
[360/1120]	[L1: 0.0178]	2.6+0.0s
[400/1120]	[L1: 0.0178]	2.7+0.0s
[440/1120]	[L1: 0.0177]	2.6+0.0s
[480/1120]	[L1: 0.0179]	2.6+0.0s
[520/1120]	[L1: 0.0180]	2.6+0.0s
[560/1120]	[L1: 0.0180]	2.6+0.0s
[600/1120]	[L1: 0.0181]	2.6+0.0s
[640/1120]	[L1: 0.0182]	2.6+0.0s
[680/1120]	[L1: 0.0181]	2.7+0.0s
[720/1120]	[L1: 0.0180]	2.6+0.0s
[760/1120]	[L1: 0.0180]	2.6+0.0s
[800/1120]	[L1: 0.0180]	2.6+0.0s
[840/1120]	[L1: 0.0179]	2.6+0.0s
[880/1120]	[L1: 0.0178]	2.7+0.0s
[920/1120]	[L1: 0.0179]	2.8+0.0s
[960/1120]	[L1: 0.0178]	2.8+0.0s
[1000/1120]	[L1: 0.0180]	2.6+0.0s
[1040/1120]	[L1: 0.0179]	2.6+0.0s
[1080/1120]	[L1: 0.0178]	2.6+0.0s
[1120/1120]	[L1: 0.0177]	2.7+0.0s

Evaluation:
[RSSCN7 x2]	psnr: 32.607 (Best: 32.607 @epoch 438)
Total time: 91.44s

[Epoch 439]	Learning rate: 5.00e-5
[40/1120]	[L1: 0.0198]	2.6+0.0s
[80/1120]	[L1: 0.0180]	2.6+0.0s
[120/1120]	[L1: 0.0177]	2.7+0.0s
[160/1120]	[L1: 0.0180]	2.6+0.0s
[200/1120]	[L1: 0.0180]	2.6+0.0s
[240/1120]	[L1: 0.0182]	2.6+0.0s
[280/1120]	[L1: 0.0181]	2.6+0.0s
[320/1120]	[L1: 0.0181]	2.7+0.0s
[360/1120]	[L1: 0.0180]	2.6+0.0s
[400/1120]	[L1: 0.0183]	2.6+0.0s
[440/1120]	[L1: 0.0181]	2.6+0.0s
[480/1120]	[L1: 0.0179]	2.6+0.0s
[520/1120]	[L1: 0.0178]	2.6+0.0s
[560/1120]	[L1: 0.0178]	2.6+0.0s
[600/1120]	[L1: 0.0179]	2.7+0.0s
[640/1120]	[L1: 0.0181]	2.6+0.0s
[680/1120]	[L1: 0.0179]	2.6+0.0s
[720/1120]	[L1: 0.0178]	2.6+0.0s
[760/1120]	[L1: 0.0177]	2.6+0.0s
[800/1120]	[L1: 0.0177]	2.7+0.0s
[840/1120]	[L1: 0.0175]	2.6+0.0s
[880/1120]	[L1: 0.0176]	2.6+0.0s
[920/1120]	[L1: 0.0176]	2.6+0.0s
[960/1120]	[L1: 0.0176]	2.8+0.0s
[1000/1120]	[L1: 0.0176]	2.7+0.0s
[1040/1120]	[L1: 0.0177]	2.7+0.0s
[1080/1120]	[L1: 0.0178]	2.6+0.0s
[1120/1120]	[L1: 0.0177]	2.6+0.0s

Evaluation:
[RSSCN7 x2]	psnr: 32.601 (Best: 32.607 @epoch 438)
Total time: 90.81s

[Epoch 440]	Learning rate: 5.00e-5
[40/1120]	[L1: 0.0168]	2.7+0.0s
[80/1120]	[L1: 0.0174]	2.6+0.0s
[120/1120]	[L1: 0.0184]	2.6+0.0s
[160/1120]	[L1: 0.0181]	2.6+0.0s
[200/1120]	[L1: 0.0180]	2.6+0.0s
[240/1120]	[L1: 0.0177]	2.7+0.0s
[280/1120]	[L1: 0.0177]	2.6+0.0s
[320/1120]	[L1: 0.0177]	2.6+0.0s
[360/1120]	[L1: 0.0180]	2.6+0.0s
[400/1120]	[L1: 0.0177]	2.6+0.0s
[440/1120]	[L1: 0.0176]	2.6+0.0s
[480/1120]	[L1: 0.0176]	2.7+0.0s
[520/1120]	[L1: 0.0175]	2.6+0.0s
[560/1120]	[L1: 0.0175]	2.6+0.0s
[600/1120]	[L1: 0.0175]	2.6+0.0s
[640/1120]	[L1: 0.0173]	2.6+0.0s
[680/1120]	[L1: 0.0172]	2.8+0.0s
[720/1120]	[L1: 0.0173]	2.8+0.0s
[760/1120]	[L1: 0.0173]	2.6+0.0s
[800/1120]	[L1: 0.0174]	2.6+0.0s
[840/1120]	[L1: 0.0174]	2.6+0.0s
[880/1120]	[L1: 0.0175]	2.6+0.0s
[920/1120]	[L1: 0.0175]	2.6+0.0s
[960/1120]	[L1: 0.0175]	2.7+0.0s
[1000/1120]	[L1: 0.0175]	2.6+0.0s
[1040/1120]	[L1: 0.0177]	2.6+0.0s
[1080/1120]	[L1: 0.0177]	2.6+0.0s
[1120/1120]	[L1: 0.0177]	2.6+0.0s

Evaluation:
[RSSCN7 x2]	psnr: 32.600 (Best: 32.607 @epoch 438)
Total time: 91.38s

[Epoch 441]	Learning rate: 5.00e-5
[40/1120]	[L1: 0.0187]	2.6+0.0s
[80/1120]	[L1: 0.0195]	2.6+0.0s
[120/1120]	[L1: 0.0186]	2.7+0.0s
[160/1120]	[L1: 0.0175]	2.6+0.0s
[200/1120]	[L1: 0.0178]	2.6+0.0s
[240/1120]	[L1: 0.0174]	2.6+0.0s
[280/1120]	[L1: 0.0175]	2.6+0.0s
[320/1120]	[L1: 0.0176]	2.6+0.0s
[360/1120]	[L1: 0.0174]	2.6+0.0s
[400/1120]	[L1: 0.0177]	2.7+0.0s
[440/1120]	[L1: 0.0180]	2.6+0.0s
[480/1120]	[L1: 0.0181]	2.6+0.0s
[520/1120]	[L1: 0.0180]	2.6+0.0s
[560/1120]	[L1: 0.0177]	2.6+0.0s
[600/1120]	[L1: 0.0178]	2.7+0.0s
[640/1120]	[L1: 0.0180]	2.6+0.0s
[680/1120]	[L1: 0.0179]	2.6+0.0s
[720/1120]	[L1: 0.0178]	2.6+0.0s
[760/1120]	[L1: 0.0179]	2.6+0.0s
[800/1120]	[L1: 0.0179]	2.6+0.0s
[840/1120]	[L1: 0.0178]	2.7+0.0s
[880/1120]	[L1: 0.0177]	2.7+0.0s
[920/1120]	[L1: 0.0177]	2.8+0.0s
[960/1120]	[L1: 0.0178]	2.6+0.0s
[1000/1120]	[L1: 0.0178]	2.6+0.0s
[1040/1120]	[L1: 0.0176]	2.7+0.0s
[1080/1120]	[L1: 0.0177]	2.6+0.0s
[1120/1120]	[L1: 0.0177]	2.6+0.0s

Evaluation:
[RSSCN7 x2]	psnr: 32.604 (Best: 32.607 @epoch 438)
Total time: 91.50s

[Epoch 442]	Learning rate: 5.00e-5
[40/1120]	[L1: 0.0170]	2.6+0.0s
[80/1120]	[L1: 0.0166]	2.7+0.0s
[120/1120]	[L1: 0.0173]	2.6+0.0s
[160/1120]	[L1: 0.0171]	2.6+0.0s
[200/1120]	[L1: 0.0171]	2.6+0.0s
[240/1120]	[L1: 0.0174]	2.6+0.0s
[280/1120]	[L1: 0.0172]	2.6+0.0s
[320/1120]	[L1: 0.0173]	2.7+0.0s
[360/1120]	[L1: 0.0176]	2.6+0.0s
[400/1120]	[L1: 0.0173]	2.6+0.0s
[440/1120]	[L1: 0.0170]	2.6+0.0s
[480/1120]	[L1: 0.0171]	2.6+0.0s
[520/1120]	[L1: 0.0170]	2.7+0.0s
[560/1120]	[L1: 0.0170]	2.6+0.0s
[600/1120]	[L1: 0.0173]	2.6+0.0s
[640/1120]	[L1: 0.0175]	2.6+0.0s
[680/1120]	[L1: 0.0175]	2.6+0.0s
[720/1120]	[L1: 0.0173]	2.6+0.0s
[760/1120]	[L1: 0.0173]	2.6+0.0s
[800/1120]	[L1: 0.0173]	2.7+0.0s
[840/1120]	[L1: 0.0173]	2.6+0.0s
[880/1120]	[L1: 0.0174]	2.6+0.0s
[920/1120]	[L1: 0.0176]	2.6+0.0s
[960/1120]	[L1: 0.0175]	2.6+0.0s
[1000/1120]	[L1: 0.0176]	2.7+0.0s
[1040/1120]	[L1: 0.0175]	2.6+0.0s
[1080/1120]	[L1: 0.0176]	2.6+0.0s
[1120/1120]	[L1: 0.0176]	2.6+0.0s

Evaluation:
[RSSCN7 x2]	psnr: 32.601 (Best: 32.607 @epoch 438)
Total time: 91.62s

[Epoch 443]	Learning rate: 5.00e-5
[40/1120]	[L1: 0.0160]	2.7+0.0s
[80/1120]	[L1: 0.0172]	2.6+0.0s
[120/1120]	[L1: 0.0174]	2.6+0.0s
[160/1120]	[L1: 0.0174]	2.6+0.0s
[200/1120]	[L1: 0.0177]	2.6+0.0s
[240/1120]	[L1: 0.0177]	2.6+0.0s
[280/1120]	[L1: 0.0176]	2.7+0.0s
[320/1120]	[L1: 0.0177]	2.6+0.0s
[360/1120]	[L1: 0.0178]	2.6+0.0s
[400/1120]	[L1: 0.0181]	2.6+0.0s
[440/1120]	[L1: 0.0180]	2.6+0.0s
[480/1120]	[L1: 0.0179]	2.7+0.0s
[520/1120]	[L1: 0.0179]	2.6+0.0s
[560/1120]	[L1: 0.0182]	2.6+0.0s
[600/1120]	[L1: 0.0181]	2.6+0.0s
[640/1120]	[L1: 0.0180]	2.6+0.0s
[680/1120]	[L1: 0.0178]	2.6+0.0s
[720/1120]	[L1: 0.0178]	2.6+0.0s
[760/1120]	[L1: 0.0177]	2.7+0.0s
[800/1120]	[L1: 0.0176]	2.6+0.0s
[840/1120]	[L1: 0.0177]	2.6+0.0s
[880/1120]	[L1: 0.0177]	2.6+0.0s
[920/1120]	[L1: 0.0177]	2.7+0.0s
[960/1120]	[L1: 0.0177]	2.6+0.0s
[1000/1120]	[L1: 0.0177]	2.6+0.0s
[1040/1120]	[L1: 0.0177]	2.6+0.0s
[1080/1120]	[L1: 0.0178]	2.6+0.0s
[1120/1120]	[L1: 0.0178]	2.6+0.0s

Evaluation:
[RSSCN7 x2]	psnr: 32.609 (Best: 32.609 @epoch 443)
Total time: 91.43s

[Epoch 444]	Learning rate: 5.00e-5
[40/1120]	[L1: 0.0165]	2.6+0.0s
[80/1120]	[L1: 0.0174]	2.6+0.0s
[120/1120]	[L1: 0.0172]	2.6+0.0s
[160/1120]	[L1: 0.0167]	2.7+0.0s
[200/1120]	[L1: 0.0166]	2.6+0.0s
[240/1120]	[L1: 0.0168]	2.6+0.0s
[280/1120]	[L1: 0.0164]	2.6+0.0s
[320/1120]	[L1: 0.0167]	2.6+0.0s
[360/1120]	[L1: 0.0170]	2.6+0.0s
[400/1120]	[L1: 0.0170]	2.6+0.0s
[440/1120]	[L1: 0.0169]	2.7+0.0s
[480/1120]	[L1: 0.0171]	2.6+0.0s
[520/1120]	[L1: 0.0172]	2.6+0.0s
[560/1120]	[L1: 0.0172]	2.6+0.0s
[600/1120]	[L1: 0.0172]	2.6+0.0s
[640/1120]	[L1: 0.0172]	2.7+0.0s
[680/1120]	[L1: 0.0170]	2.6+0.0s
[720/1120]	[L1: 0.0171]	2.6+0.0s
[760/1120]	[L1: 0.0172]	2.6+0.0s
[800/1120]	[L1: 0.0173]	2.6+0.0s
[840/1120]	[L1: 0.0174]	2.6+0.0s
[880/1120]	[L1: 0.0174]	2.7+0.0s
[920/1120]	[L1: 0.0174]	2.6+0.0s
[960/1120]	[L1: 0.0174]	2.6+0.0s
[1000/1120]	[L1: 0.0174]	2.6+0.0s
[1040/1120]	[L1: 0.0175]	2.6+0.0s
[1080/1120]	[L1: 0.0176]	2.7+0.0s
[1120/1120]	[L1: 0.0177]	2.6+0.0s

Evaluation:
[RSSCN7 x2]	psnr: 32.603 (Best: 32.609 @epoch 443)
Total time: 91.31s

[Epoch 445]	Learning rate: 5.00e-5
[40/1120]	[L1: 0.0182]	2.6+0.0s
[80/1120]	[L1: 0.0169]	2.7+0.0s
[120/1120]	[L1: 0.0170]	2.6+0.0s
[160/1120]	[L1: 0.0177]	2.6+0.0s
[200/1120]	[L1: 0.0180]	2.6+0.0s
[240/1120]	[L1: 0.0181]	2.6+0.0s
[280/1120]	[L1: 0.0178]	2.6+0.0s
[320/1120]	[L1: 0.0178]	2.6+0.0s
[360/1120]	[L1: 0.0180]	2.7+0.0s
[400/1120]	[L1: 0.0178]	2.6+0.0s
[440/1120]	[L1: 0.0179]	2.6+0.0s
[480/1120]	[L1: 0.0179]	2.6+0.0s
[520/1120]	[L1: 0.0181]	2.6+0.0s
[560/1120]	[L1: 0.0180]	2.7+0.0s
[600/1120]	[L1: 0.0178]	2.6+0.0s
[640/1120]	[L1: 0.0177]	2.6+0.0s
[680/1120]	[L1: 0.0177]	2.6+0.0s
[720/1120]	[L1: 0.0178]	2.6+0.0s
[760/1120]	[L1: 0.0178]	2.6+0.0s
[800/1120]	[L1: 0.0180]	2.7+0.0s
[840/1120]	[L1: 0.0180]	2.6+0.0s
[880/1120]	[L1: 0.0180]	2.6+0.0s
[920/1120]	[L1: 0.0181]	2.6+0.0s
[960/1120]	[L1: 0.0180]	2.6+0.0s
[1000/1120]	[L1: 0.0179]	2.7+0.0s
[1040/1120]	[L1: 0.0179]	2.6+0.0s
[1080/1120]	[L1: 0.0179]	2.6+0.0s
[1120/1120]	[L1: 0.0179]	2.6+0.0s

Evaluation:
[RSSCN7 x2]	psnr: 32.607 (Best: 32.609 @epoch 443)
Total time: 91.34s

[Epoch 446]	Learning rate: 5.00e-5
[40/1120]	[L1: 0.0203]	2.7+0.0s
[80/1120]	[L1: 0.0205]	2.6+0.0s
[120/1120]	[L1: 0.0195]	2.6+0.0s
[160/1120]	[L1: 0.0184]	2.6+0.0s
[200/1120]	[L1: 0.0180]	2.6+0.0s
[240/1120]	[L1: 0.0181]	2.6+0.0s
[280/1120]	[L1: 0.0180]	2.6+0.0s
[320/1120]	[L1: 0.0178]	2.7+0.0s
[360/1120]	[L1: 0.0178]	2.6+0.0s
[400/1120]	[L1: 0.0177]	2.7+0.0s
[440/1120]	[L1: 0.0179]	2.7+0.0s
[480/1120]	[L1: 0.0180]	2.8+0.0s
[520/1120]	[L1: 0.0177]	2.9+0.0s
[560/1120]	[L1: 0.0176]	2.7+0.0s
[600/1120]	[L1: 0.0176]	2.7+0.0s
[640/1120]	[L1: 0.0175]	2.7+0.0s
[680/1120]	[L1: 0.0177]	2.6+0.0s
[720/1120]	[L1: 0.0177]	2.6+0.0s
[760/1120]	[L1: 0.0176]	2.7+0.0s
[800/1120]	[L1: 0.0178]	2.6+0.0s
[840/1120]	[L1: 0.0179]	2.6+0.0s
[880/1120]	[L1: 0.0179]	2.6+0.0s
[920/1120]	[L1: 0.0179]	2.6+0.0s
[960/1120]	[L1: 0.0178]	2.7+0.0s
[1000/1120]	[L1: 0.0178]	2.6+0.0s
[1040/1120]	[L1: 0.0179]	2.6+0.0s
[1080/1120]	[L1: 0.0179]	2.6+0.0s
[1120/1120]	[L1: 0.0179]	2.6+0.0s

Evaluation:
[RSSCN7 x2]	psnr: 32.602 (Best: 32.609 @epoch 443)
Total time: 92.36s

[Epoch 447]	Learning rate: 5.00e-5
[40/1120]	[L1: 0.0175]	2.7+0.0s
[80/1120]	[L1: 0.0174]	2.6+0.0s
[120/1120]	[L1: 0.0174]	2.6+0.0s
[160/1120]	[L1: 0.0174]	2.6+0.0s
[200/1120]	[L1: 0.0177]	2.6+0.0s
[240/1120]	[L1: 0.0183]	2.6+0.0s
[280/1120]	[L1: 0.0179]	2.7+0.0s
[320/1120]	[L1: 0.0175]	2.6+0.0s
[360/1120]	[L1: 0.0174]	2.6+0.0s
[400/1120]	[L1: 0.0172]	2.6+0.0s
[440/1120]	[L1: 0.0170]	2.6+0.0s
[480/1120]	[L1: 0.0168]	2.7+0.0s
[520/1120]	[L1: 0.0170]	2.6+0.0s
[560/1120]	[L1: 0.0173]	2.6+0.0s
[600/1120]	[L1: 0.0173]	2.6+0.0s
[640/1120]	[L1: 0.0176]	2.6+0.0s
[680/1120]	[L1: 0.0176]	2.6+0.0s
[720/1120]	[L1: 0.0176]	2.7+0.0s
[760/1120]	[L1: 0.0176]	2.6+0.0s
[800/1120]	[L1: 0.0176]	2.6+0.0s
[840/1120]	[L1: 0.0177]	2.6+0.0s
[880/1120]	[L1: 0.0177]	2.6+0.0s
[920/1120]	[L1: 0.0177]	2.7+0.0s
[960/1120]	[L1: 0.0177]	2.6+0.0s
[1000/1120]	[L1: 0.0177]	2.6+0.0s
[1040/1120]	[L1: 0.0178]	2.6+0.0s
[1080/1120]	[L1: 0.0176]	2.6+0.0s
[1120/1120]	[L1: 0.0176]	2.6+0.0s

Evaluation:
[RSSCN7 x2]	psnr: 32.606 (Best: 32.609 @epoch 443)
Total time: 91.81s

[Epoch 448]	Learning rate: 5.00e-5
[40/1120]	[L1: 0.0211]	2.6+0.0s
[80/1120]	[L1: 0.0195]	2.6+0.0s
[120/1120]	[L1: 0.0196]	2.6+0.0s
[160/1120]	[L1: 0.0189]	2.6+0.0s
[200/1120]	[L1: 0.0185]	2.6+0.0s
[240/1120]	[L1: 0.0183]	2.7+0.0s
[280/1120]	[L1: 0.0182]	2.6+0.0s
[320/1120]	[L1: 0.0185]	2.6+0.0s
[360/1120]	[L1: 0.0183]	2.6+0.0s
[400/1120]	[L1: 0.0182]	2.6+0.0s
[440/1120]	[L1: 0.0181]	2.7+0.0s
[480/1120]	[L1: 0.0180]	2.6+0.0s
[520/1120]	[L1: 0.0179]	2.6+0.0s
[560/1120]	[L1: 0.0180]	2.6+0.0s
[600/1120]	[L1: 0.0177]	2.6+0.0s
[640/1120]	[L1: 0.0176]	2.6+0.0s
[680/1120]	[L1: 0.0175]	2.6+0.0s
[720/1120]	[L1: 0.0177]	2.7+0.0s
[760/1120]	[L1: 0.0178]	2.6+0.0s
[800/1120]	[L1: 0.0178]	2.6+0.0s
[840/1120]	[L1: 0.0178]	2.6+0.0s
[880/1120]	[L1: 0.0177]	2.7+0.0s
[920/1120]	[L1: 0.0177]	2.6+0.0s
[960/1120]	[L1: 0.0178]	2.6+0.0s
[1000/1120]	[L1: 0.0177]	2.6+0.0s
[1040/1120]	[L1: 0.0178]	2.6+0.0s
[1080/1120]	[L1: 0.0177]	2.6+0.0s
[1120/1120]	[L1: 0.0177]	2.6+0.0s

Evaluation:
[RSSCN7 x2]	psnr: 32.600 (Best: 32.609 @epoch 443)
Total time: 92.27s

[Epoch 449]	Learning rate: 5.00e-5
[40/1120]	[L1: 0.0192]	2.8+0.0s
[80/1120]	[L1: 0.0192]	2.8+0.0s
[120/1120]	[L1: 0.0181]	2.7+0.0s
[160/1120]	[L1: 0.0183]	2.6+0.0s
[200/1120]	[L1: 0.0183]	2.7+0.0s
[240/1120]	[L1: 0.0184]	2.6+0.0s
[280/1120]	[L1: 0.0181]	2.6+0.0s
[320/1120]	[L1: 0.0178]	2.6+0.0s
[360/1120]	[L1: 0.0178]	2.6+0.0s
[400/1120]	[L1: 0.0179]	2.7+0.0s
[440/1120]	[L1: 0.0180]	2.6+0.0s
[480/1120]	[L1: 0.0180]	2.6+0.0s
[520/1120]	[L1: 0.0179]	2.6+0.0s
[560/1120]	[L1: 0.0178]	2.6+0.0s
[600/1120]	[L1: 0.0178]	2.6+0.0s
[640/1120]	[L1: 0.0177]	2.6+0.0s
[680/1120]	[L1: 0.0176]	2.7+0.0s
[720/1120]	[L1: 0.0177]	2.6+0.0s
[760/1120]	[L1: 0.0178]	2.6+0.0s
[800/1120]	[L1: 0.0177]	2.6+0.0s
[840/1120]	[L1: 0.0177]	2.6+0.0s
[880/1120]	[L1: 0.0177]	2.7+0.0s
[920/1120]	[L1: 0.0177]	2.6+0.0s
[960/1120]	[L1: 0.0178]	2.6+0.0s
[1000/1120]	[L1: 0.0178]	2.6+0.0s
[1040/1120]	[L1: 0.0178]	2.6+0.0s
[1080/1120]	[L1: 0.0178]	2.6+0.0s
[1120/1120]	[L1: 0.0177]	2.7+0.0s

Evaluation:
[RSSCN7 x2]	psnr: 32.609 (Best: 32.609 @epoch 449)
Total time: 92.27s

[Epoch 450]	Learning rate: 5.00e-5
[40/1120]	[L1: 0.0204]	2.6+0.0s
[80/1120]	[L1: 0.0198]	2.7+0.0s
[120/1120]	[L1: 0.0195]	2.9+0.0s
[160/1120]	[L1: 0.0188]	2.6+0.0s
[200/1120]	[L1: 0.0184]	2.6+0.0s
[240/1120]	[L1: 0.0186]	2.6+0.0s
[280/1120]	[L1: 0.0183]	2.6+0.0s
[320/1120]	[L1: 0.0182]	2.7+0.0s
[360/1120]	[L1: 0.0180]	2.6+0.0s
[400/1120]	[L1: 0.0177]	2.6+0.0s
[440/1120]	[L1: 0.0176]	2.6+0.0s
[480/1120]	[L1: 0.0181]	2.6+0.0s
[520/1120]	[L1: 0.0181]	2.6+0.0s
[560/1120]	[L1: 0.0180]	2.6+0.0s
[600/1120]	[L1: 0.0181]	2.7+0.0s
[640/1120]	[L1: 0.0181]	2.6+0.0s
[680/1120]	[L1: 0.0181]	2.6+0.0s
[720/1120]	[L1: 0.0180]	2.6+0.0s
[760/1120]	[L1: 0.0180]	2.6+0.0s
[800/1120]	[L1: 0.0180]	2.7+0.0s
[840/1120]	[L1: 0.0181]	2.6+0.0s
[880/1120]	[L1: 0.0180]	2.6+0.0s
[920/1120]	[L1: 0.0180]	2.6+0.0s
[960/1120]	[L1: 0.0180]	2.6+0.0s
[1000/1120]	[L1: 0.0179]	2.6+0.0s
[1040/1120]	[L1: 0.0180]	2.7+0.0s
[1080/1120]	[L1: 0.0179]	2.6+0.0s
[1120/1120]	[L1: 0.0178]	2.6+0.0s

Evaluation:
[RSSCN7 x2]	psnr: 32.609 (Best: 32.609 @epoch 449)
Total time: 91.43s

[Epoch 451]	Learning rate: 5.00e-5
[40/1120]	[L1: 0.0149]	2.7+0.0s
[80/1120]	[L1: 0.0180]	2.6+0.0s
[120/1120]	[L1: 0.0185]	2.6+0.0s
[160/1120]	[L1: 0.0191]	2.6+0.0s
[200/1120]	[L1: 0.0185]	2.6+0.0s
[240/1120]	[L1: 0.0187]	2.7+0.0s
[280/1120]	[L1: 0.0186]	2.6+0.0s
[320/1120]	[L1: 0.0182]	2.6+0.0s
[360/1120]	[L1: 0.0176]	2.6+0.0s
[400/1120]	[L1: 0.0176]	2.6+0.0s
[440/1120]	[L1: 0.0178]	2.6+0.0s
[480/1120]	[L1: 0.0176]	2.7+0.0s
[520/1120]	[L1: 0.0178]	2.6+0.0s
[560/1120]	[L1: 0.0178]	2.6+0.0s
[600/1120]	[L1: 0.0178]	2.6+0.0s
[640/1120]	[L1: 0.0179]	2.6+0.0s
[680/1120]	[L1: 0.0181]	2.7+0.0s
[720/1120]	[L1: 0.0179]	2.6+0.0s
[760/1120]	[L1: 0.0178]	2.6+0.0s
[800/1120]	[L1: 0.0178]	2.6+0.0s
[840/1120]	[L1: 0.0178]	2.6+0.0s
[880/1120]	[L1: 0.0178]	2.6+0.0s
[920/1120]	[L1: 0.0178]	2.6+0.0s
[960/1120]	[L1: 0.0177]	2.7+0.0s
[1000/1120]	[L1: 0.0178]	2.6+0.0s
[1040/1120]	[L1: 0.0178]	2.6+0.0s
[1080/1120]	[L1: 0.0178]	2.6+0.0s
[1120/1120]	[L1: 0.0178]	2.6+0.0s

Evaluation:
[RSSCN7 x2]	psnr: 32.603 (Best: 32.609 @epoch 449)
Total time: 95.46s

[Epoch 452]	Learning rate: 5.00e-5
[40/1120]	[L1: 0.0168]	2.6+0.0s
[80/1120]	[L1: 0.0171]	2.6+0.0s
[120/1120]	[L1: 0.0168]	2.7+0.0s
[160/1120]	[L1: 0.0171]	2.6+0.0s
[200/1120]	[L1: 0.0169]	2.6+0.0s
[240/1120]	[L1: 0.0171]	2.6+0.0s
[280/1120]	[L1: 0.0168]	2.6+0.0s
[320/1120]	[L1: 0.0168]	2.6+0.0s
[360/1120]	[L1: 0.0170]	2.6+0.0s
[400/1120]	[L1: 0.0171]	2.7+0.0s
[440/1120]	[L1: 0.0173]	2.6+0.0s
[480/1120]	[L1: 0.0175]	2.6+0.0s
[520/1120]	[L1: 0.0173]	2.6+0.0s
[560/1120]	[L1: 0.0174]	2.6+0.0s
[600/1120]	[L1: 0.0175]	2.7+0.0s
[640/1120]	[L1: 0.0176]	2.6+0.0s
[680/1120]	[L1: 0.0176]	2.6+0.0s
[720/1120]	[L1: 0.0175]	2.6+0.0s
[760/1120]	[L1: 0.0177]	2.6+0.0s
[800/1120]	[L1: 0.0177]	2.6+0.0s
[840/1120]	[L1: 0.0176]	2.7+0.0s
[880/1120]	[L1: 0.0178]	2.8+0.0s
[920/1120]	[L1: 0.0176]	2.7+0.0s
[960/1120]	[L1: 0.0176]	2.6+0.0s
[1000/1120]	[L1: 0.0176]	2.6+0.0s
[1040/1120]	[L1: 0.0176]	2.7+0.0s
[1080/1120]	[L1: 0.0176]	2.6+0.0s
[1120/1120]	[L1: 0.0177]	2.6+0.0s

Evaluation:
[RSSCN7 x2]	psnr: 32.604 (Best: 32.609 @epoch 449)
Total time: 91.68s

[Epoch 453]	Learning rate: 5.00e-5
[40/1120]	[L1: 0.0182]	2.6+0.0s
[80/1120]	[L1: 0.0186]	2.7+0.0s
[120/1120]	[L1: 0.0188]	2.6+0.0s
[160/1120]	[L1: 0.0184]	2.6+0.0s
[200/1120]	[L1: 0.0183]	2.6+0.0s
[240/1120]	[L1: 0.0184]	2.6+0.0s
[280/1120]	[L1: 0.0188]	2.6+0.0s
[320/1120]	[L1: 0.0186]	2.7+0.0s
[360/1120]	[L1: 0.0185]	2.6+0.0s
[400/1120]	[L1: 0.0185]	2.6+0.0s
[440/1120]	[L1: 0.0184]	2.6+0.0s
[480/1120]	[L1: 0.0183]	2.6+0.0s
[520/1120]	[L1: 0.0184]	2.7+0.0s
[560/1120]	[L1: 0.0184]	2.6+0.0s
[600/1120]	[L1: 0.0184]	2.6+0.0s
[640/1120]	[L1: 0.0182]	2.6+0.0s
[680/1120]	[L1: 0.0182]	2.6+0.0s
[720/1120]	[L1: 0.0179]	2.6+0.0s
[760/1120]	[L1: 0.0178]	2.6+0.0s
[800/1120]	[L1: 0.0177]	2.8+0.0s
[840/1120]	[L1: 0.0178]	2.7+0.0s
[880/1120]	[L1: 0.0178]	2.6+0.0s
[920/1120]	[L1: 0.0179]	2.6+0.0s
[960/1120]	[L1: 0.0178]	2.6+0.0s
[1000/1120]	[L1: 0.0179]	2.7+0.0s
[1040/1120]	[L1: 0.0179]	2.6+0.0s
[1080/1120]	[L1: 0.0181]	2.6+0.0s
[1120/1120]	[L1: 0.0181]	2.6+0.0s

Evaluation:
[RSSCN7 x2]	psnr: 32.604 (Best: 32.609 @epoch 449)
Total time: 92.04s

[Epoch 454]	Learning rate: 5.00e-5
[40/1120]	[L1: 0.0163]	2.7+0.0s
[80/1120]	[L1: 0.0161]	2.6+0.0s
[120/1120]	[L1: 0.0164]	2.6+0.0s
[160/1120]	[L1: 0.0170]	2.6+0.0s
[200/1120]	[L1: 0.0170]	2.6+0.0s
[240/1120]	[L1: 0.0172]	2.6+0.0s
[280/1120]	[L1: 0.0174]	2.7+0.0s
[320/1120]	[L1: 0.0172]	2.6+0.0s
[360/1120]	[L1: 0.0175]	2.6+0.0s
[400/1120]	[L1: 0.0173]	2.6+0.0s
[440/1120]	[L1: 0.0170]	2.6+0.0s
[480/1120]	[L1: 0.0171]	2.7+0.0s
[520/1120]	[L1: 0.0171]	2.6+0.0s
[560/1120]	[L1: 0.0173]	2.6+0.0s
[600/1120]	[L1: 0.0172]	2.6+0.0s
[640/1120]	[L1: 0.0174]	2.6+0.0s
[680/1120]	[L1: 0.0175]	2.6+0.0s
[720/1120]	[L1: 0.0174]	2.6+0.0s
[760/1120]	[L1: 0.0174]	2.7+0.0s
[800/1120]	[L1: 0.0175]	2.6+0.0s
[840/1120]	[L1: 0.0175]	2.6+0.0s
[880/1120]	[L1: 0.0175]	2.6+0.0s
[920/1120]	[L1: 0.0176]	2.7+0.0s
[960/1120]	[L1: 0.0175]	2.6+0.0s
[1000/1120]	[L1: 0.0176]	2.6+0.0s
[1040/1120]	[L1: 0.0176]	2.6+0.0s
[1080/1120]	[L1: 0.0176]	2.6+0.0s
[1120/1120]	[L1: 0.0177]	2.6+0.0s

Evaluation:
[RSSCN7 x2]	psnr: 32.597 (Best: 32.609 @epoch 449)
Total time: 92.04s

[Epoch 455]	Learning rate: 5.00e-5
[40/1120]	[L1: 0.0147]	2.6+0.0s
[80/1120]	[L1: 0.0161]	2.6+0.0s
[120/1120]	[L1: 0.0157]	2.6+0.0s
[160/1120]	[L1: 0.0163]	2.6+0.0s
[200/1120]	[L1: 0.0166]	2.6+0.0s
[240/1120]	[L1: 0.0170]	2.6+0.0s
[280/1120]	[L1: 0.0169]	2.7+0.0s
[320/1120]	[L1: 0.0174]	2.6+0.0s
[360/1120]	[L1: 0.0174]	2.6+0.0s
[400/1120]	[L1: 0.0176]	2.6+0.0s
[440/1120]	[L1: 0.0177]	2.6+0.0s
[480/1120]	[L1: 0.0179]	2.7+0.0s
[520/1120]	[L1: 0.0179]	2.6+0.0s
[560/1120]	[L1: 0.0178]	2.6+0.0s
[600/1120]	[L1: 0.0178]	2.6+0.0s
[640/1120]	[L1: 0.0179]	2.6+0.0s
[680/1120]	[L1: 0.0180]	2.6+0.0s
[720/1120]	[L1: 0.0180]	2.7+0.0s
[760/1120]	[L1: 0.0180]	2.6+0.0s
[800/1120]	[L1: 0.0180]	2.6+0.0s
[840/1120]	[L1: 0.0180]	2.6+0.0s
[880/1120]	[L1: 0.0179]	2.6+0.0s
[920/1120]	[L1: 0.0178]	2.7+0.0s
[960/1120]	[L1: 0.0179]	2.6+0.0s
[1000/1120]	[L1: 0.0178]	2.6+0.0s
[1040/1120]	[L1: 0.0178]	2.6+0.0s
[1080/1120]	[L1: 0.0178]	2.6+0.0s
[1120/1120]	[L1: 0.0178]	2.6+0.0s

Evaluation:
[RSSCN7 x2]	psnr: 32.601 (Best: 32.609 @epoch 449)
Total time: 91.36s

[Epoch 456]	Learning rate: 5.00e-5
[40/1120]	[L1: 0.0160]	2.6+0.0s
[80/1120]	[L1: 0.0177]	2.6+0.0s
[120/1120]	[L1: 0.0182]	2.6+0.0s
[160/1120]	[L1: 0.0176]	2.6+0.0s
[200/1120]	[L1: 0.0175]	2.7+0.0s
[240/1120]	[L1: 0.0174]	2.6+0.0s
[280/1120]	[L1: 0.0173]	2.6+0.0s
[320/1120]	[L1: 0.0174]	2.6+0.0s
[360/1120]	[L1: 0.0177]	2.6+0.0s
[400/1120]	[L1: 0.0174]	2.6+0.0s
[440/1120]	[L1: 0.0173]	2.7+0.0s
[480/1120]	[L1: 0.0173]	2.6+0.0s
[520/1120]	[L1: 0.0171]	2.6+0.0s
[560/1120]	[L1: 0.0171]	2.6+0.0s
[600/1120]	[L1: 0.0172]	2.6+0.0s
[640/1120]	[L1: 0.0171]	2.7+0.0s
[680/1120]	[L1: 0.0172]	2.6+0.0s
[720/1120]	[L1: 0.0173]	2.6+0.0s
[760/1120]	[L1: 0.0174]	2.6+0.0s
[800/1120]	[L1: 0.0175]	2.6+0.0s
[840/1120]	[L1: 0.0175]	2.6+0.0s
[880/1120]	[L1: 0.0176]	2.6+0.0s
[920/1120]	[L1: 0.0174]	2.7+0.0s
[960/1120]	[L1: 0.0175]	2.6+0.0s
[1000/1120]	[L1: 0.0175]	2.6+0.0s
[1040/1120]	[L1: 0.0176]	2.6+0.0s
[1080/1120]	[L1: 0.0174]	2.6+0.0s
[1120/1120]	[L1: 0.0174]	2.7+0.0s

Evaluation:
[RSSCN7 x2]	psnr: 32.604 (Best: 32.609 @epoch 449)
Total time: 91.49s

[Epoch 457]	Learning rate: 5.00e-5
[40/1120]	[L1: 0.0168]	2.6+0.0s
[80/1120]	[L1: 0.0168]	2.6+0.0s
[120/1120]	[L1: 0.0173]	2.6+0.0s
[160/1120]	[L1: 0.0165]	2.7+0.0s
[200/1120]	[L1: 0.0176]	2.6+0.0s
[240/1120]	[L1: 0.0182]	2.6+0.0s
[280/1120]	[L1: 0.0177]	2.6+0.0s
[320/1120]	[L1: 0.0180]	2.6+0.0s
[360/1120]	[L1: 0.0179]	2.7+0.0s
[400/1120]	[L1: 0.0179]	2.6+0.0s
[440/1120]	[L1: 0.0180]	2.6+0.0s
[480/1120]	[L1: 0.0180]	2.6+0.0s
[520/1120]	[L1: 0.0180]	2.6+0.0s
[560/1120]	[L1: 0.0179]	2.6+0.0s
[600/1120]	[L1: 0.0177]	2.7+0.0s
[640/1120]	[L1: 0.0176]	2.6+0.0s
[680/1120]	[L1: 0.0175]	2.6+0.0s
[720/1120]	[L1: 0.0177]	2.6+0.0s
[760/1120]	[L1: 0.0176]	2.6+0.0s
[800/1120]	[L1: 0.0176]	2.7+0.0s
[840/1120]	[L1: 0.0176]	2.6+0.0s
[880/1120]	[L1: 0.0177]	2.6+0.0s
[920/1120]	[L1: 0.0177]	2.6+0.0s
[960/1120]	[L1: 0.0176]	2.6+0.0s
[1000/1120]	[L1: 0.0178]	2.6+0.0s
[1040/1120]	[L1: 0.0178]	2.6+0.0s
[1080/1120]	[L1: 0.0177]	2.7+0.0s
[1120/1120]	[L1: 0.0177]	2.6+0.0s

Evaluation:
[RSSCN7 x2]	psnr: 32.602 (Best: 32.609 @epoch 449)
Total time: 92.48s

[Epoch 458]	Learning rate: 5.00e-5
[40/1120]	[L1: 0.0181]	2.6+0.0s
[80/1120]	[L1: 0.0176]	2.7+0.0s
[120/1120]	[L1: 0.0173]	2.6+0.0s
[160/1120]	[L1: 0.0175]	2.6+0.0s
[200/1120]	[L1: 0.0178]	2.6+0.0s
[240/1120]	[L1: 0.0178]	2.6+0.0s
[280/1120]	[L1: 0.0177]	2.6+0.0s
[320/1120]	[L1: 0.0182]	2.7+0.0s
[360/1120]	[L1: 0.0182]	2.6+0.0s
[400/1120]	[L1: 0.0182]	2.6+0.0s
[440/1120]	[L1: 0.0181]	2.6+0.0s
[480/1120]	[L1: 0.0180]	2.6+0.0s
[520/1120]	[L1: 0.0180]	2.7+0.0s
[560/1120]	[L1: 0.0179]	2.6+0.0s
[600/1120]	[L1: 0.0179]	2.6+0.0s
[640/1120]	[L1: 0.0178]	2.6+0.0s
[680/1120]	[L1: 0.0179]	2.6+0.0s
[720/1120]	[L1: 0.0178]	2.6+0.0s
[760/1120]	[L1: 0.0177]	2.7+0.0s
[800/1120]	[L1: 0.0178]	2.6+0.0s
[840/1120]	[L1: 0.0178]	2.6+0.0s
[880/1120]	[L1: 0.0177]	2.6+0.0s
[920/1120]	[L1: 0.0178]	2.6+0.0s
[960/1120]	[L1: 0.0178]	2.7+0.0s
[1000/1120]	[L1: 0.0178]	2.6+0.0s
[1040/1120]	[L1: 0.0178]	2.6+0.0s
[1080/1120]	[L1: 0.0177]	2.6+0.0s
[1120/1120]	[L1: 0.0178]	2.6+0.0s

Evaluation:
[RSSCN7 x2]	psnr: 32.604 (Best: 32.609 @epoch 449)
Total time: 91.26s

[Epoch 459]	Learning rate: 5.00e-5
[40/1120]	[L1: 0.0177]	2.6+0.0s
[80/1120]	[L1: 0.0189]	2.6+0.0s
[120/1120]	[L1: 0.0174]	2.6+0.0s
[160/1120]	[L1: 0.0174]	2.6+0.0s
[200/1120]	[L1: 0.0175]	2.6+0.0s
[240/1120]	[L1: 0.0176]	2.6+0.0s
[280/1120]	[L1: 0.0177]	2.7+0.0s
[320/1120]	[L1: 0.0176]	2.6+0.0s
[360/1120]	[L1: 0.0176]	2.6+0.0s
[400/1120]	[L1: 0.0174]	2.6+0.0s
[440/1120]	[L1: 0.0176]	2.6+0.0s
[480/1120]	[L1: 0.0174]	2.7+0.0s
[520/1120]	[L1: 0.0175]	2.6+0.0s
[560/1120]	[L1: 0.0176]	2.6+0.0s
[600/1120]	[L1: 0.0176]	2.6+0.0s
[640/1120]	[L1: 0.0176]	2.6+0.0s
[680/1120]	[L1: 0.0177]	2.6+0.0s
[720/1120]	[L1: 0.0177]	2.7+0.0s
[760/1120]	[L1: 0.0176]	2.7+0.0s
[800/1120]	[L1: 0.0175]	2.6+0.0s
[840/1120]	[L1: 0.0175]	2.6+0.0s
[880/1120]	[L1: 0.0174]	2.7+0.0s
[920/1120]	[L1: 0.0175]	2.8+0.0s
[960/1120]	[L1: 0.0175]	2.6+0.0s
[1000/1120]	[L1: 0.0175]	2.6+0.0s
[1040/1120]	[L1: 0.0176]	2.6+0.0s
[1080/1120]	[L1: 0.0176]	2.6+0.0s
[1120/1120]	[L1: 0.0176]	2.6+0.0s

Evaluation:
[RSSCN7 x2]	psnr: 32.602 (Best: 32.609 @epoch 449)
Total time: 91.77s

[Epoch 460]	Learning rate: 5.00e-5
[40/1120]	[L1: 0.0198]	2.6+0.0s
[80/1120]	[L1: 0.0200]	2.6+0.0s
[120/1120]	[L1: 0.0183]	2.6+0.0s
[160/1120]	[L1: 0.0176]	2.7+0.0s
[200/1120]	[L1: 0.0182]	2.6+0.0s
[240/1120]	[L1: 0.0186]	2.6+0.0s
[280/1120]	[L1: 0.0187]	2.6+0.0s
[320/1120]	[L1: 0.0185]	2.6+0.0s
[360/1120]	[L1: 0.0181]	2.6+0.0s
[400/1120]	[L1: 0.0181]	2.6+0.0s
[440/1120]	[L1: 0.0183]	2.7+0.0s
[480/1120]	[L1: 0.0183]	2.6+0.0s
[520/1120]	[L1: 0.0185]	2.6+0.0s
[560/1120]	[L1: 0.0183]	2.6+0.0s
[600/1120]	[L1: 0.0181]	2.6+0.0s
[640/1120]	[L1: 0.0180]	2.7+0.0s
[680/1120]	[L1: 0.0179]	2.6+0.0s
[720/1120]	[L1: 0.0180]	2.6+0.0s
[760/1120]	[L1: 0.0178]	2.6+0.0s
[800/1120]	[L1: 0.0177]	2.6+0.0s
[840/1120]	[L1: 0.0178]	2.6+0.0s
[880/1120]	[L1: 0.0177]	2.7+0.0s
[920/1120]	[L1: 0.0176]	2.6+0.0s
[960/1120]	[L1: 0.0177]	2.6+0.0s
[1000/1120]	[L1: 0.0176]	2.6+0.0s
[1040/1120]	[L1: 0.0175]	2.6+0.0s
[1080/1120]	[L1: 0.0176]	2.7+0.0s
[1120/1120]	[L1: 0.0176]	2.6+0.0s

Evaluation:
[RSSCN7 x2]	psnr: 32.608 (Best: 32.609 @epoch 449)
Total time: 91.27s

[Epoch 461]	Learning rate: 5.00e-5
[40/1120]	[L1: 0.0180]	2.6+0.0s
[80/1120]	[L1: 0.0191]	2.6+0.0s
[120/1120]	[L1: 0.0178]	2.7+0.0s
[160/1120]	[L1: 0.0176]	2.6+0.0s
[200/1120]	[L1: 0.0168]	2.6+0.0s
[240/1120]	[L1: 0.0173]	2.6+0.0s
[280/1120]	[L1: 0.0175]	2.6+0.0s
[320/1120]	[L1: 0.0177]	2.7+0.0s
[360/1120]	[L1: 0.0177]	2.6+0.0s
[400/1120]	[L1: 0.0177]	2.6+0.0s
[440/1120]	[L1: 0.0176]	2.6+0.0s
[480/1120]	[L1: 0.0176]	2.6+0.0s
[520/1120]	[L1: 0.0179]	2.6+0.0s
[560/1120]	[L1: 0.0179]	2.7+0.0s
[600/1120]	[L1: 0.0179]	2.6+0.0s
[640/1120]	[L1: 0.0179]	2.6+0.0s
[680/1120]	[L1: 0.0179]	2.6+0.0s
[720/1120]	[L1: 0.0179]	2.6+0.0s
[760/1120]	[L1: 0.0178]	2.7+0.0s
[800/1120]	[L1: 0.0178]	2.6+0.0s
[840/1120]	[L1: 0.0178]	2.6+0.0s
[880/1120]	[L1: 0.0178]	2.6+0.0s
[920/1120]	[L1: 0.0177]	2.6+0.0s
[960/1120]	[L1: 0.0177]	2.6+0.0s
[1000/1120]	[L1: 0.0177]	2.6+0.0s
[1040/1120]	[L1: 0.0177]	2.7+0.0s
[1080/1120]	[L1: 0.0177]	2.6+0.0s
[1120/1120]	[L1: 0.0178]	2.6+0.0s

Evaluation:
[RSSCN7 x2]	psnr: 32.611 (Best: 32.611 @epoch 461)
Total time: 92.00s

[Epoch 462]	Learning rate: 5.00e-5
[40/1120]	[L1: 0.0195]	2.7+0.0s
[80/1120]	[L1: 0.0177]	2.6+0.0s
[120/1120]	[L1: 0.0169]	2.6+0.0s
[160/1120]	[L1: 0.0168]	2.6+0.0s
[200/1120]	[L1: 0.0175]	2.6+0.0s
[240/1120]	[L1: 0.0179]	2.6+0.0s
[280/1120]	[L1: 0.0177]	2.7+0.0s
[320/1120]	[L1: 0.0179]	2.6+0.0s
[360/1120]	[L1: 0.0176]	2.6+0.0s
[400/1120]	[L1: 0.0179]	2.6+0.0s
[440/1120]	[L1: 0.0178]	2.6+0.0s
[480/1120]	[L1: 0.0180]	2.7+0.0s
[520/1120]	[L1: 0.0181]	2.6+0.0s
[560/1120]	[L1: 0.0179]	2.6+0.0s
[600/1120]	[L1: 0.0179]	2.6+0.0s
[640/1120]	[L1: 0.0179]	2.6+0.0s
[680/1120]	[L1: 0.0178]	2.6+0.0s
[720/1120]	[L1: 0.0179]	2.7+0.0s
[760/1120]	[L1: 0.0178]	2.6+0.0s
[800/1120]	[L1: 0.0177]	2.6+0.0s
[840/1120]	[L1: 0.0177]	2.6+0.0s
[880/1120]	[L1: 0.0178]	2.6+0.0s
[920/1120]	[L1: 0.0179]	2.7+0.0s
[960/1120]	[L1: 0.0178]	2.6+0.0s
[1000/1120]	[L1: 0.0179]	2.6+0.0s
[1040/1120]	[L1: 0.0179]	2.6+0.0s
[1080/1120]	[L1: 0.0180]	2.6+0.0s
[1120/1120]	[L1: 0.0180]	2.6+0.0s

Evaluation:
[RSSCN7 x2]	psnr: 32.611 (Best: 32.611 @epoch 461)
Total time: 91.09s

[Epoch 463]	Learning rate: 5.00e-5
[40/1120]	[L1: 0.0184]	2.6+0.0s
[80/1120]	[L1: 0.0168]	2.6+0.0s
[120/1120]	[L1: 0.0166]	2.6+0.0s
[160/1120]	[L1: 0.0171]	2.7+0.0s
[200/1120]	[L1: 0.0168]	2.6+0.0s
[240/1120]	[L1: 0.0175]	2.6+0.0s
[280/1120]	[L1: 0.0174]	2.8+0.0s
[320/1120]	[L1: 0.0176]	2.7+0.0s
[360/1120]	[L1: 0.0176]	2.6+0.0s
[400/1120]	[L1: 0.0177]	2.6+0.0s
[440/1120]	[L1: 0.0176]	2.7+0.0s
[480/1120]	[L1: 0.0177]	2.6+0.0s
[520/1120]	[L1: 0.0178]	2.6+0.0s
[560/1120]	[L1: 0.0176]	2.6+0.0s
[600/1120]	[L1: 0.0176]	2.7+0.0s
[640/1120]	[L1: 0.0177]	2.7+0.0s
[680/1120]	[L1: 0.0177]	2.6+0.0s
[720/1120]	[L1: 0.0177]	2.6+0.0s
[760/1120]	[L1: 0.0177]	2.6+0.0s
[800/1120]	[L1: 0.0178]	2.6+0.0s
[840/1120]	[L1: 0.0178]	2.6+0.0s
[880/1120]	[L1: 0.0179]	2.7+0.0s
[920/1120]	[L1: 0.0179]	2.6+0.0s
[960/1120]	[L1: 0.0178]	2.6+0.0s
[1000/1120]	[L1: 0.0178]	2.6+0.0s
[1040/1120]	[L1: 0.0178]	2.6+0.0s
[1080/1120]	[L1: 0.0178]	2.7+0.0s
[1120/1120]	[L1: 0.0177]	2.7+0.0s

Evaluation:
[RSSCN7 x2]	psnr: 32.606 (Best: 32.611 @epoch 461)
Total time: 90.97s

[Epoch 464]	Learning rate: 5.00e-5
[40/1120]	[L1: 0.0173]	2.6+0.0s
[80/1120]	[L1: 0.0189]	2.6+0.0s
[120/1120]	[L1: 0.0193]	2.7+0.0s
[160/1120]	[L1: 0.0194]	2.6+0.0s
[200/1120]	[L1: 0.0194]	2.6+0.0s
[240/1120]	[L1: 0.0192]	2.6+0.0s
[280/1120]	[L1: 0.0192]	2.6+0.0s
[320/1120]	[L1: 0.0187]	2.6+0.0s
[360/1120]	[L1: 0.0185]	2.6+0.0s
[400/1120]	[L1: 0.0184]	2.6+0.0s
[440/1120]	[L1: 0.0181]	2.6+0.0s
[480/1120]	[L1: 0.0184]	2.6+0.0s
[520/1120]	[L1: 0.0181]	2.6+0.0s
[560/1120]	[L1: 0.0182]	2.7+0.0s
[600/1120]	[L1: 0.0182]	2.6+0.0s
[640/1120]	[L1: 0.0183]	2.6+0.0s
[680/1120]	[L1: 0.0183]	2.6+0.0s
[720/1120]	[L1: 0.0184]	2.6+0.0s
[760/1120]	[L1: 0.0183]	2.6+0.0s
[800/1120]	[L1: 0.0183]	2.6+0.0s
[840/1120]	[L1: 0.0180]	2.6+0.0s
[880/1120]	[L1: 0.0179]	2.6+0.0s
[920/1120]	[L1: 0.0178]	2.6+0.0s
[960/1120]	[L1: 0.0179]	2.6+0.0s
[1000/1120]	[L1: 0.0178]	2.6+0.0s
[1040/1120]	[L1: 0.0178]	2.7+0.0s
[1080/1120]	[L1: 0.0178]	2.6+0.0s
[1120/1120]	[L1: 0.0179]	2.6+0.0s

Evaluation:
[RSSCN7 x2]	psnr: 32.604 (Best: 32.611 @epoch 461)
Total time: 91.39s

[Epoch 465]	Learning rate: 5.00e-5
[40/1120]	[L1: 0.0195]	2.7+0.0s
[80/1120]	[L1: 0.0197]	2.6+0.0s
[120/1120]	[L1: 0.0183]	2.6+0.0s
[160/1120]	[L1: 0.0184]	2.6+0.0s
[200/1120]	[L1: 0.0184]	2.6+0.0s
[240/1120]	[L1: 0.0177]	2.6+0.0s
[280/1120]	[L1: 0.0175]	2.7+0.0s
[320/1120]	[L1: 0.0176]	2.6+0.0s
[360/1120]	[L1: 0.0176]	2.6+0.0s
[400/1120]	[L1: 0.0178]	2.6+0.0s
[440/1120]	[L1: 0.0179]	2.6+0.0s
[480/1120]	[L1: 0.0175]	2.7+0.0s
[520/1120]	[L1: 0.0176]	2.6+0.0s
[560/1120]	[L1: 0.0176]	2.6+0.0s
[600/1120]	[L1: 0.0175]	2.6+0.0s
[640/1120]	[L1: 0.0175]	2.6+0.0s
[680/1120]	[L1: 0.0175]	2.6+0.0s
[720/1120]	[L1: 0.0175]	2.6+0.0s
[760/1120]	[L1: 0.0175]	2.7+0.0s
[800/1120]	[L1: 0.0176]	2.6+0.0s
[840/1120]	[L1: 0.0175]	2.6+0.0s
[880/1120]	[L1: 0.0174]	2.6+0.0s
[920/1120]	[L1: 0.0175]	2.6+0.0s
[960/1120]	[L1: 0.0175]	2.7+0.0s
[1000/1120]	[L1: 0.0175]	2.6+0.0s
[1040/1120]	[L1: 0.0175]	2.6+0.0s
[1080/1120]	[L1: 0.0176]	2.6+0.0s
[1120/1120]	[L1: 0.0176]	2.6+0.0s

Evaluation:
[RSSCN7 x2]	psnr: 32.610 (Best: 32.611 @epoch 461)
Total time: 91.24s

[Epoch 466]	Learning rate: 5.00e-5
[40/1120]	[L1: 0.0165]	2.6+0.0s
[80/1120]	[L1: 0.0163]	2.6+0.0s
[120/1120]	[L1: 0.0164]	2.6+0.0s
[160/1120]	[L1: 0.0165]	2.6+0.0s
[200/1120]	[L1: 0.0166]	2.7+0.0s
[240/1120]	[L1: 0.0168]	2.6+0.0s
[280/1120]	[L1: 0.0172]	2.6+0.0s
[320/1120]	[L1: 0.0176]	2.6+0.0s
[360/1120]	[L1: 0.0175]	2.6+0.0s
[400/1120]	[L1: 0.0174]	2.6+0.0s
[440/1120]	[L1: 0.0173]	2.6+0.0s
[480/1120]	[L1: 0.0175]	2.7+0.0s
[520/1120]	[L1: 0.0173]	2.6+0.0s
[560/1120]	[L1: 0.0174]	2.6+0.0s
[600/1120]	[L1: 0.0174]	2.6+0.0s
[640/1120]	[L1: 0.0174]	2.7+0.0s
[680/1120]	[L1: 0.0174]	2.6+0.0s
[720/1120]	[L1: 0.0174]	2.6+0.0s
[760/1120]	[L1: 0.0175]	2.6+0.0s
[800/1120]	[L1: 0.0175]	2.6+0.0s
[840/1120]	[L1: 0.0176]	2.6+0.0s
[880/1120]	[L1: 0.0176]	2.6+0.0s
[920/1120]	[L1: 0.0177]	2.7+0.0s
[960/1120]	[L1: 0.0175]	2.6+0.0s
[1000/1120]	[L1: 0.0176]	2.6+0.0s
[1040/1120]	[L1: 0.0176]	2.6+0.0s
[1080/1120]	[L1: 0.0176]	2.6+0.0s
[1120/1120]	[L1: 0.0176]	2.7+0.0s

Evaluation:
[RSSCN7 x2]	psnr: 32.605 (Best: 32.611 @epoch 461)
Total time: 91.38s

[Epoch 467]	Learning rate: 5.00e-5
[40/1120]	[L1: 0.0163]	2.6+0.0s
[80/1120]	[L1: 0.0169]	2.6+0.0s
[120/1120]	[L1: 0.0166]	2.6+0.0s
[160/1120]	[L1: 0.0171]	2.7+0.0s
[200/1120]	[L1: 0.0173]	2.6+0.0s
[240/1120]	[L1: 0.0175]	2.6+0.0s
[280/1120]	[L1: 0.0173]	2.6+0.0s
[320/1120]	[L1: 0.0174]	2.6+0.0s
[360/1120]	[L1: 0.0174]	2.7+0.0s
[400/1120]	[L1: 0.0171]	2.6+0.0s
[440/1120]	[L1: 0.0175]	2.6+0.0s
[480/1120]	[L1: 0.0173]	2.6+0.0s
[520/1120]	[L1: 0.0172]	2.6+0.0s
[560/1120]	[L1: 0.0172]	2.6+0.0s
[600/1120]	[L1: 0.0174]	2.7+0.0s
[640/1120]	[L1: 0.0173]	2.6+0.0s
[680/1120]	[L1: 0.0173]	2.6+0.0s
[720/1120]	[L1: 0.0175]	2.6+0.0s
[760/1120]	[L1: 0.0175]	2.6+0.0s
[800/1120]	[L1: 0.0175]	2.7+0.0s
[840/1120]	[L1: 0.0176]	2.8+0.0s
[880/1120]	[L1: 0.0176]	2.6+0.0s
[920/1120]	[L1: 0.0177]	2.6+0.0s
[960/1120]	[L1: 0.0179]	2.6+0.0s
[1000/1120]	[L1: 0.0178]	2.6+0.0s
[1040/1120]	[L1: 0.0178]	2.7+0.0s
[1080/1120]	[L1: 0.0179]	2.6+0.0s
[1120/1120]	[L1: 0.0179]	2.6+0.0s

Evaluation:
[RSSCN7 x2]	psnr: 32.604 (Best: 32.611 @epoch 461)
Total time: 91.44s

[Epoch 468]	Learning rate: 5.00e-5
[40/1120]	[L1: 0.0185]	2.7+0.0s
[80/1120]	[L1: 0.0178]	2.6+0.0s
[120/1120]	[L1: 0.0181]	2.6+0.0s
[160/1120]	[L1: 0.0180]	2.6+0.0s
[200/1120]	[L1: 0.0180]	2.6+0.0s
[240/1120]	[L1: 0.0175]	2.6+0.0s
[280/1120]	[L1: 0.0176]	2.6+0.0s
[320/1120]	[L1: 0.0180]	2.7+0.0s
[360/1120]	[L1: 0.0177]	2.6+0.0s
[400/1120]	[L1: 0.0178]	2.6+0.0s
[440/1120]	[L1: 0.0178]	2.6+0.0s
[480/1120]	[L1: 0.0176]	2.6+0.0s
[520/1120]	[L1: 0.0179]	2.7+0.0s
[560/1120]	[L1: 0.0180]	2.6+0.0s
[600/1120]	[L1: 0.0178]	2.6+0.0s
[640/1120]	[L1: 0.0179]	2.6+0.0s
[680/1120]	[L1: 0.0179]	2.6+0.0s
[720/1120]	[L1: 0.0179]	2.6+0.0s
[760/1120]	[L1: 0.0180]	2.7+0.0s
[800/1120]	[L1: 0.0179]	2.6+0.0s
[840/1120]	[L1: 0.0178]	2.6+0.0s
[880/1120]	[L1: 0.0179]	2.6+0.0s
[920/1120]	[L1: 0.0179]	2.6+0.0s
[960/1120]	[L1: 0.0179]	2.7+0.0s
[1000/1120]	[L1: 0.0180]	2.6+0.0s
[1040/1120]	[L1: 0.0178]	2.6+0.0s
[1080/1120]	[L1: 0.0178]	2.6+0.0s
[1120/1120]	[L1: 0.0179]	2.6+0.0s

Evaluation:
[RSSCN7 x2]	psnr: 32.610 (Best: 32.611 @epoch 461)
Total time: 91.21s

[Epoch 469]	Learning rate: 5.00e-5
[40/1120]	[L1: 0.0161]	2.6+0.0s
[80/1120]	[L1: 0.0164]	2.6+0.0s
[120/1120]	[L1: 0.0175]	2.6+0.0s
[160/1120]	[L1: 0.0180]	2.6+0.0s
[200/1120]	[L1: 0.0181]	2.6+0.0s
[240/1120]	[L1: 0.0181]	2.7+0.0s
[280/1120]	[L1: 0.0175]	2.6+0.0s
[320/1120]	[L1: 0.0173]	2.6+0.0s
[360/1120]	[L1: 0.0170]	2.6+0.0s
[400/1120]	[L1: 0.0168]	2.6+0.0s
[440/1120]	[L1: 0.0170]	2.6+0.0s
[480/1120]	[L1: 0.0174]	2.7+0.0s
[520/1120]	[L1: 0.0173]	2.6+0.0s
[560/1120]	[L1: 0.0173]	2.6+0.0s
[600/1120]	[L1: 0.0175]	2.6+0.0s
[640/1120]	[L1: 0.0176]	2.6+0.0s
[680/1120]	[L1: 0.0177]	2.7+0.0s
[720/1120]	[L1: 0.0177]	2.6+0.0s
[760/1120]	[L1: 0.0177]	2.6+0.0s
[800/1120]	[L1: 0.0176]	2.6+0.0s
[840/1120]	[L1: 0.0176]	2.7+0.0s
[880/1120]	[L1: 0.0177]	2.6+0.0s
[920/1120]	[L1: 0.0178]	2.6+0.0s
[960/1120]	[L1: 0.0178]	2.8+0.0s
[1000/1120]	[L1: 0.0177]	2.6+0.0s
[1040/1120]	[L1: 0.0177]	2.6+0.0s
[1080/1120]	[L1: 0.0178]	2.6+0.0s
[1120/1120]	[L1: 0.0179]	2.6+0.0s

Evaluation:
[RSSCN7 x2]	psnr: 32.612 (Best: 32.612 @epoch 469)
Total time: 95.16s

[Epoch 470]	Learning rate: 5.00e-5
[40/1120]	[L1: 0.0179]	2.6+0.0s
[80/1120]	[L1: 0.0191]	2.6+0.0s
[120/1120]	[L1: 0.0183]	2.6+0.0s
[160/1120]	[L1: 0.0176]	2.7+0.0s
[200/1120]	[L1: 0.0172]	2.6+0.0s
[240/1120]	[L1: 0.0174]	2.6+0.0s
[280/1120]	[L1: 0.0175]	2.6+0.0s
[320/1120]	[L1: 0.0175]	2.6+0.0s
[360/1120]	[L1: 0.0173]	2.7+0.0s
[400/1120]	[L1: 0.0175]	2.6+0.0s
[440/1120]	[L1: 0.0176]	2.6+0.0s
[480/1120]	[L1: 0.0178]	2.6+0.0s
[520/1120]	[L1: 0.0176]	2.6+0.0s
[560/1120]	[L1: 0.0177]	2.6+0.0s
[600/1120]	[L1: 0.0176]	2.6+0.0s
[640/1120]	[L1: 0.0176]	2.7+0.0s
[680/1120]	[L1: 0.0176]	2.6+0.0s
[720/1120]	[L1: 0.0176]	2.6+0.0s
[760/1120]	[L1: 0.0177]	2.6+0.0s
[800/1120]	[L1: 0.0177]	2.6+0.0s
[840/1120]	[L1: 0.0177]	2.7+0.0s
[880/1120]	[L1: 0.0177]	2.6+0.0s
[920/1120]	[L1: 0.0177]	2.6+0.0s
[960/1120]	[L1: 0.0177]	2.6+0.0s
[1000/1120]	[L1: 0.0177]	2.6+0.0s
[1040/1120]	[L1: 0.0178]	2.6+0.0s
[1080/1120]	[L1: 0.0178]	2.7+0.0s
[1120/1120]	[L1: 0.0178]	2.6+0.0s

Evaluation:
[RSSCN7 x2]	psnr: 32.610 (Best: 32.612 @epoch 469)
Total time: 92.39s

[Epoch 471]	Learning rate: 5.00e-5
[40/1120]	[L1: 0.0179]	2.6+0.0s
[80/1120]	[L1: 0.0176]	2.7+0.0s
[120/1120]	[L1: 0.0172]	2.6+0.0s
[160/1120]	[L1: 0.0174]	2.6+0.0s
[200/1120]	[L1: 0.0172]	2.6+0.0s
[240/1120]	[L1: 0.0176]	2.6+0.0s
[280/1120]	[L1: 0.0179]	2.6+0.0s
[320/1120]	[L1: 0.0176]	2.6+0.0s
[360/1120]	[L1: 0.0176]	2.7+0.0s
[400/1120]	[L1: 0.0181]	2.6+0.0s
[440/1120]	[L1: 0.0183]	2.6+0.0s
[480/1120]	[L1: 0.0182]	2.6+0.0s
[520/1120]	[L1: 0.0183]	2.7+0.0s
[560/1120]	[L1: 0.0183]	2.6+0.0s
[600/1120]	[L1: 0.0183]	2.6+0.0s
[640/1120]	[L1: 0.0183]	2.6+0.0s
[680/1120]	[L1: 0.0182]	2.7+0.0s
[720/1120]	[L1: 0.0182]	2.8+0.0s
[760/1120]	[L1: 0.0181]	2.9+0.0s
[800/1120]	[L1: 0.0181]	2.9+0.0s
[840/1120]	[L1: 0.0181]	2.8+0.0s
[880/1120]	[L1: 0.0181]	2.6+0.0s
[920/1120]	[L1: 0.0181]	2.6+0.0s
[960/1120]	[L1: 0.0181]	2.6+0.0s
[1000/1120]	[L1: 0.0180]	2.7+0.0s
[1040/1120]	[L1: 0.0180]	2.6+0.0s
[1080/1120]	[L1: 0.0180]	2.6+0.0s
[1120/1120]	[L1: 0.0180]	2.6+0.0s

Evaluation:
[RSSCN7 x2]	psnr: 32.611 (Best: 32.612 @epoch 469)
Total time: 92.18s

[Epoch 472]	Learning rate: 5.00e-5
[40/1120]	[L1: 0.0184]	2.7+0.0s
[80/1120]	[L1: 0.0186]	2.6+0.0s
[120/1120]	[L1: 0.0180]	2.6+0.0s
[160/1120]	[L1: 0.0181]	2.6+0.0s
[200/1120]	[L1: 0.0181]	2.6+0.0s
[240/1120]	[L1: 0.0181]	2.7+0.0s
[280/1120]	[L1: 0.0177]	2.6+0.0s
[320/1120]	[L1: 0.0175]	2.6+0.0s
[360/1120]	[L1: 0.0176]	2.6+0.0s
[400/1120]	[L1: 0.0174]	2.6+0.0s
[440/1120]	[L1: 0.0174]	2.6+0.0s
[480/1120]	[L1: 0.0173]	2.6+0.0s
[520/1120]	[L1: 0.0173]	2.7+0.0s
[560/1120]	[L1: 0.0173]	2.6+0.0s
[600/1120]	[L1: 0.0175]	2.6+0.0s
[640/1120]	[L1: 0.0176]	2.6+0.0s
[680/1120]	[L1: 0.0177]	2.7+0.0s
[720/1120]	[L1: 0.0175]	2.6+0.0s
[760/1120]	[L1: 0.0174]	2.6+0.0s
[800/1120]	[L1: 0.0176]	2.6+0.0s
[840/1120]	[L1: 0.0177]	2.6+0.0s
[880/1120]	[L1: 0.0175]	2.6+0.0s
[920/1120]	[L1: 0.0175]	2.6+0.0s
[960/1120]	[L1: 0.0176]	2.7+0.0s
[1000/1120]	[L1: 0.0176]	2.6+0.0s
[1040/1120]	[L1: 0.0176]	2.6+0.0s
[1080/1120]	[L1: 0.0175]	2.6+0.0s
[1120/1120]	[L1: 0.0175]	2.6+0.0s

Evaluation:
[RSSCN7 x2]	psnr: 32.607 (Best: 32.612 @epoch 469)
Total time: 92.22s

[Epoch 473]	Learning rate: 5.00e-5
[40/1120]	[L1: 0.0181]	2.6+0.0s
[80/1120]	[L1: 0.0184]	2.6+0.0s
[120/1120]	[L1: 0.0173]	2.6+0.0s
[160/1120]	[L1: 0.0178]	2.6+0.0s
[200/1120]	[L1: 0.0172]	2.7+0.0s
[240/1120]	[L1: 0.0172]	2.6+0.0s
[280/1120]	[L1: 0.0175]	2.6+0.0s
[320/1120]	[L1: 0.0178]	2.6+0.0s
[360/1120]	[L1: 0.0179]	2.6+0.0s
[400/1120]	[L1: 0.0181]	2.7+0.0s
[440/1120]	[L1: 0.0181]	2.6+0.0s
[480/1120]	[L1: 0.0181]	2.6+0.0s
[520/1120]	[L1: 0.0182]	2.6+0.0s
[560/1120]	[L1: 0.0185]	2.6+0.0s
[600/1120]	[L1: 0.0184]	2.6+0.0s
[640/1120]	[L1: 0.0183]	2.6+0.0s
[680/1120]	[L1: 0.0183]	2.7+0.0s
[720/1120]	[L1: 0.0183]	2.6+0.0s
[760/1120]	[L1: 0.0183]	2.6+0.0s
[800/1120]	[L1: 0.0181]	2.6+0.0s
[840/1120]	[L1: 0.0179]	2.6+0.0s
[880/1120]	[L1: 0.0180]	2.7+0.0s
[920/1120]	[L1: 0.0179]	2.6+0.0s
[960/1120]	[L1: 0.0179]	2.6+0.0s
[1000/1120]	[L1: 0.0178]	2.6+0.0s
[1040/1120]	[L1: 0.0178]	2.6+0.0s
[1080/1120]	[L1: 0.0178]	2.6+0.0s
[1120/1120]	[L1: 0.0178]	2.7+0.0s

Evaluation:
[RSSCN7 x2]	psnr: 32.606 (Best: 32.612 @epoch 469)
Total time: 91.51s

[Epoch 474]	Learning rate: 5.00e-5
[40/1120]	[L1: 0.0182]	2.6+0.0s
[80/1120]	[L1: 0.0173]	2.6+0.0s
[120/1120]	[L1: 0.0178]	2.7+0.0s
[160/1120]	[L1: 0.0177]	2.6+0.0s
[200/1120]	[L1: 0.0180]	2.6+0.0s
[240/1120]	[L1: 0.0178]	2.6+0.0s
[280/1120]	[L1: 0.0178]	2.6+0.0s
[320/1120]	[L1: 0.0181]	2.6+0.0s
[360/1120]	[L1: 0.0182]	2.6+0.0s
[400/1120]	[L1: 0.0182]	2.7+0.0s
[440/1120]	[L1: 0.0179]	2.6+0.0s
[480/1120]	[L1: 0.0178]	2.6+0.0s
[520/1120]	[L1: 0.0178]	2.6+0.0s
[560/1120]	[L1: 0.0178]	2.6+0.0s
[600/1120]	[L1: 0.0178]	2.7+0.0s
[640/1120]	[L1: 0.0178]	2.6+0.0s
[680/1120]	[L1: 0.0177]	2.7+0.0s
[720/1120]	[L1: 0.0176]	2.7+0.0s
[760/1120]	[L1: 0.0176]	2.6+0.0s
[800/1120]	[L1: 0.0176]	2.6+0.0s
[840/1120]	[L1: 0.0175]	2.7+0.0s
[880/1120]	[L1: 0.0175]	2.6+0.0s
[920/1120]	[L1: 0.0174]	2.6+0.0s
[960/1120]	[L1: 0.0175]	2.6+0.0s
[1000/1120]	[L1: 0.0175]	2.6+0.0s
[1040/1120]	[L1: 0.0175]	2.7+0.0s
[1080/1120]	[L1: 0.0176]	2.6+0.0s
[1120/1120]	[L1: 0.0176]	2.6+0.0s

Evaluation:
[RSSCN7 x2]	psnr: 32.609 (Best: 32.612 @epoch 469)
Total time: 91.94s

[Epoch 475]	Learning rate: 5.00e-5
[40/1120]	[L1: 0.0140]	2.6+0.0s
[80/1120]	[L1: 0.0139]	2.7+0.0s
[120/1120]	[L1: 0.0149]	2.6+0.0s
[160/1120]	[L1: 0.0168]	2.6+0.0s
[200/1120]	[L1: 0.0165]	2.6+0.0s
[240/1120]	[L1: 0.0168]	2.6+0.0s
[280/1120]	[L1: 0.0168]	2.7+0.0s
[320/1120]	[L1: 0.0168]	2.6+0.0s
[360/1120]	[L1: 0.0171]	2.6+0.0s
[400/1120]	[L1: 0.0173]	2.6+0.0s
[440/1120]	[L1: 0.0173]	2.6+0.0s
[480/1120]	[L1: 0.0175]	2.6+0.0s
[520/1120]	[L1: 0.0177]	2.7+0.0s
[560/1120]	[L1: 0.0178]	2.6+0.0s
[600/1120]	[L1: 0.0177]	2.6+0.0s
[640/1120]	[L1: 0.0179]	2.6+0.0s
[680/1120]	[L1: 0.0180]	2.6+0.0s
[720/1120]	[L1: 0.0180]	2.7+0.0s
[760/1120]	[L1: 0.0180]	2.6+0.0s
[800/1120]	[L1: 0.0180]	2.6+0.0s
[840/1120]	[L1: 0.0180]	2.6+0.0s
[880/1120]	[L1: 0.0180]	2.6+0.0s
[920/1120]	[L1: 0.0180]	2.6+0.0s
[960/1120]	[L1: 0.0180]	2.6+0.0s
[1000/1120]	[L1: 0.0179]	2.7+0.0s
[1040/1120]	[L1: 0.0178]	2.6+0.0s
[1080/1120]	[L1: 0.0178]	2.6+0.0s
[1120/1120]	[L1: 0.0178]	2.6+0.0s

Evaluation:
[RSSCN7 x2]	psnr: 32.610 (Best: 32.612 @epoch 469)
Total time: 91.60s

[Epoch 476]	Learning rate: 5.00e-5
[40/1120]	[L1: 0.0163]	2.6+0.0s
[80/1120]	[L1: 0.0174]	2.6+0.0s
[120/1120]	[L1: 0.0165]	2.6+0.0s
[160/1120]	[L1: 0.0172]	2.6+0.0s
[200/1120]	[L1: 0.0176]	2.7+0.0s
[240/1120]	[L1: 0.0177]	2.6+0.0s
[280/1120]	[L1: 0.0177]	2.6+0.0s
[320/1120]	[L1: 0.0179]	2.6+0.0s
[360/1120]	[L1: 0.0178]	2.6+0.0s
[400/1120]	[L1: 0.0177]	2.6+0.0s
[440/1120]	[L1: 0.0178]	2.6+0.0s
[480/1120]	[L1: 0.0177]	2.7+0.0s
[520/1120]	[L1: 0.0178]	2.6+0.0s
[560/1120]	[L1: 0.0180]	2.6+0.0s
[600/1120]	[L1: 0.0178]	2.6+0.0s
[640/1120]	[L1: 0.0179]	2.7+0.0s
[680/1120]	[L1: 0.0181]	2.6+0.0s
[720/1120]	[L1: 0.0178]	2.6+0.0s
[760/1120]	[L1: 0.0177]	2.6+0.0s
[800/1120]	[L1: 0.0177]	2.6+0.0s
[840/1120]	[L1: 0.0177]	2.6+0.0s
[880/1120]	[L1: 0.0177]	2.6+0.0s
[920/1120]	[L1: 0.0177]	2.7+0.0s
[960/1120]	[L1: 0.0177]	2.6+0.0s
[1000/1120]	[L1: 0.0177]	2.6+0.0s
[1040/1120]	[L1: 0.0177]	2.6+0.0s
[1080/1120]	[L1: 0.0177]	2.6+0.0s
[1120/1120]	[L1: 0.0176]	2.7+0.0s

Evaluation:
[RSSCN7 x2]	psnr: 32.612 (Best: 32.612 @epoch 476)
Total time: 91.71s

[Epoch 477]	Learning rate: 5.00e-5
[40/1120]	[L1: 0.0178]	2.6+0.0s
[80/1120]	[L1: 0.0190]	2.6+0.0s
[120/1120]	[L1: 0.0188]	2.6+0.0s
[160/1120]	[L1: 0.0188]	2.7+0.0s
[200/1120]	[L1: 0.0191]	2.6+0.0s
[240/1120]	[L1: 0.0187]	2.6+0.0s
[280/1120]	[L1: 0.0184]	2.7+0.0s
[320/1120]	[L1: 0.0182]	2.9+0.0s
[360/1120]	[L1: 0.0181]	2.8+0.0s
[400/1120]	[L1: 0.0182]	2.6+0.0s
[440/1120]	[L1: 0.0181]	2.6+0.0s
[480/1120]	[L1: 0.0179]	2.6+0.0s
[520/1120]	[L1: 0.0179]	2.6+0.0s
[560/1120]	[L1: 0.0180]	2.6+0.0s
[600/1120]	[L1: 0.0180]	2.7+0.0s
[640/1120]	[L1: 0.0178]	2.6+0.0s
[680/1120]	[L1: 0.0177]	2.6+0.0s
[720/1120]	[L1: 0.0178]	2.6+0.0s
[760/1120]	[L1: 0.0179]	2.6+0.0s
[800/1120]	[L1: 0.0178]	2.7+0.0s
[840/1120]	[L1: 0.0176]	2.6+0.0s
[880/1120]	[L1: 0.0177]	2.6+0.0s
[920/1120]	[L1: 0.0177]	2.6+0.0s
[960/1120]	[L1: 0.0176]	2.6+0.0s
[1000/1120]	[L1: 0.0176]	2.6+0.0s
[1040/1120]	[L1: 0.0177]	2.7+0.0s
[1080/1120]	[L1: 0.0177]	2.6+0.0s
[1120/1120]	[L1: 0.0177]	2.6+0.0s

Evaluation:
[RSSCN7 x2]	psnr: 32.612 (Best: 32.612 @epoch 476)
Total time: 98.08s

[Epoch 478]	Learning rate: 5.00e-5
[40/1120]	[L1: 0.0202]	2.7+0.0s
[80/1120]	[L1: 0.0178]	2.7+0.0s
[120/1120]	[L1: 0.0193]	2.6+0.0s
[160/1120]	[L1: 0.0181]	2.6+0.0s
[200/1120]	[L1: 0.0179]	2.6+0.0s
[240/1120]	[L1: 0.0179]	2.7+0.0s
[280/1120]	[L1: 0.0178]	2.9+0.0s
[320/1120]	[L1: 0.0180]	2.6+0.0s
[360/1120]	[L1: 0.0181]	2.6+0.0s
[400/1120]	[L1: 0.0180]	2.6+0.0s
[440/1120]	[L1: 0.0180]	2.6+0.0s
[480/1120]	[L1: 0.0181]	2.6+0.0s
[520/1120]	[L1: 0.0181]	2.7+0.0s
[560/1120]	[L1: 0.0180]	2.6+0.0s
[600/1120]	[L1: 0.0177]	2.6+0.0s
[640/1120]	[L1: 0.0177]	2.6+0.0s
[680/1120]	[L1: 0.0177]	2.6+0.0s
[720/1120]	[L1: 0.0176]	2.7+0.0s
[760/1120]	[L1: 0.0177]	2.6+0.0s
[800/1120]	[L1: 0.0175]	2.6+0.0s
[840/1120]	[L1: 0.0175]	2.6+0.0s
[880/1120]	[L1: 0.0174]	2.6+0.0s
[920/1120]	[L1: 0.0176]	2.6+0.0s
[960/1120]	[L1: 0.0176]	2.6+0.0s
[1000/1120]	[L1: 0.0176]	2.7+0.0s
[1040/1120]	[L1: 0.0176]	2.6+0.0s
[1080/1120]	[L1: 0.0175]	2.6+0.0s
[1120/1120]	[L1: 0.0175]	2.6+0.0s

Evaluation:
[RSSCN7 x2]	psnr: 32.607 (Best: 32.612 @epoch 476)
Total time: 91.83s

[Epoch 479]	Learning rate: 5.00e-5
[40/1120]	[L1: 0.0207]	2.6+0.0s
[80/1120]	[L1: 0.0194]	2.6+0.0s
[120/1120]	[L1: 0.0184]	2.6+0.0s
[160/1120]	[L1: 0.0180]	2.6+0.0s
[200/1120]	[L1: 0.0179]	2.6+0.0s
[240/1120]	[L1: 0.0179]	2.7+0.0s
[280/1120]	[L1: 0.0179]	2.6+0.0s
[320/1120]	[L1: 0.0178]	2.6+0.0s
[360/1120]	[L1: 0.0180]	2.6+0.0s
[400/1120]	[L1: 0.0178]	2.6+0.0s
[440/1120]	[L1: 0.0176]	2.7+0.0s
[480/1120]	[L1: 0.0177]	2.6+0.0s
[520/1120]	[L1: 0.0178]	2.6+0.0s
[560/1120]	[L1: 0.0179]	2.6+0.0s
[600/1120]	[L1: 0.0178]	2.6+0.0s
[640/1120]	[L1: 0.0176]	2.6+0.0s
[680/1120]	[L1: 0.0176]	2.6+0.0s
[720/1120]	[L1: 0.0176]	2.7+0.0s
[760/1120]	[L1: 0.0176]	2.6+0.0s
[800/1120]	[L1: 0.0174]	2.6+0.0s
[840/1120]	[L1: 0.0175]	2.6+0.0s
[880/1120]	[L1: 0.0177]	2.6+0.0s
[920/1120]	[L1: 0.0177]	2.7+0.0s
[960/1120]	[L1: 0.0177]	2.6+0.0s
[1000/1120]	[L1: 0.0177]	2.6+0.0s
[1040/1120]	[L1: 0.0178]	2.6+0.0s
[1080/1120]	[L1: 0.0179]	2.6+0.0s
[1120/1120]	[L1: 0.0180]	2.6+0.0s

Evaluation:
[RSSCN7 x2]	psnr: 32.609 (Best: 32.612 @epoch 476)
Total time: 91.58s

[Epoch 480]	Learning rate: 5.00e-5
[40/1120]	[L1: 0.0189]	2.6+0.0s
[80/1120]	[L1: 0.0175]	2.6+0.0s
[120/1120]	[L1: 0.0174]	2.6+0.0s
[160/1120]	[L1: 0.0172]	2.6+0.0s
[200/1120]	[L1: 0.0175]	2.7+0.0s
[240/1120]	[L1: 0.0175]	2.6+0.0s
[280/1120]	[L1: 0.0177]	2.6+0.0s
[320/1120]	[L1: 0.0175]	2.6+0.0s
[360/1120]	[L1: 0.0174]	2.6+0.0s
[400/1120]	[L1: 0.0173]	2.7+0.0s
[440/1120]	[L1: 0.0171]	2.6+0.0s
[480/1120]	[L1: 0.0174]	2.6+0.0s
[520/1120]	[L1: 0.0174]	2.6+0.0s
[560/1120]	[L1: 0.0176]	2.6+0.0s
[600/1120]	[L1: 0.0178]	2.6+0.0s
[640/1120]	[L1: 0.0178]	2.6+0.0s
[680/1120]	[L1: 0.0177]	2.7+0.0s
[720/1120]	[L1: 0.0178]	2.6+0.0s
[760/1120]	[L1: 0.0177]	2.6+0.0s
[800/1120]	[L1: 0.0177]	2.6+0.0s
[840/1120]	[L1: 0.0175]	2.7+0.0s
[880/1120]	[L1: 0.0175]	2.6+0.0s
[920/1120]	[L1: 0.0176]	2.6+0.0s
[960/1120]	[L1: 0.0175]	2.6+0.0s
[1000/1120]	[L1: 0.0175]	2.6+0.0s
[1040/1120]	[L1: 0.0176]	2.6+0.0s
[1080/1120]	[L1: 0.0177]	2.6+0.0s
[1120/1120]	[L1: 0.0178]	2.7+0.0s

Evaluation:
[RSSCN7 x2]	psnr: 32.613 (Best: 32.613 @epoch 480)
Total time: 91.69s

[Epoch 481]	Learning rate: 5.00e-5
[40/1120]	[L1: 0.0183]	2.6+0.0s
[80/1120]	[L1: 0.0178]	2.6+0.0s
[120/1120]	[L1: 0.0185]	2.6+0.0s
[160/1120]	[L1: 0.0182]	2.7+0.0s
[200/1120]	[L1: 0.0182]	2.6+0.0s
[240/1120]	[L1: 0.0181]	2.6+0.0s
[280/1120]	[L1: 0.0180]	2.6+0.0s
[320/1120]	[L1: 0.0180]	2.7+0.0s
[360/1120]	[L1: 0.0179]	2.6+0.0s
[400/1120]	[L1: 0.0178]	2.6+0.0s
[440/1120]	[L1: 0.0176]	2.6+0.0s
[480/1120]	[L1: 0.0175]	2.6+0.0s
[520/1120]	[L1: 0.0175]	2.6+0.0s
[560/1120]	[L1: 0.0175]	2.6+0.0s
[600/1120]	[L1: 0.0174]	2.7+0.0s
[640/1120]	[L1: 0.0174]	2.6+0.0s
[680/1120]	[L1: 0.0175]	2.6+0.0s
[720/1120]	[L1: 0.0176]	2.6+0.0s
[760/1120]	[L1: 0.0176]	2.6+0.0s
[800/1120]	[L1: 0.0175]	2.7+0.0s
[840/1120]	[L1: 0.0177]	2.6+0.0s
[880/1120]	[L1: 0.0177]	2.6+0.0s
[920/1120]	[L1: 0.0178]	2.6+0.0s
[960/1120]	[L1: 0.0179]	2.6+0.0s
[1000/1120]	[L1: 0.0178]	2.6+0.0s
[1040/1120]	[L1: 0.0178]	3.1+0.0s
[1080/1120]	[L1: 0.0178]	2.9+0.0s
[1120/1120]	[L1: 0.0177]	2.8+0.0s

Evaluation:
[RSSCN7 x2]	psnr: 32.607 (Best: 32.613 @epoch 480)
Total time: 109.72s

[Epoch 482]	Learning rate: 5.00e-5
[40/1120]	[L1: 0.0159]	2.8+0.0s
[80/1120]	[L1: 0.0185]	3.0+0.0s
[120/1120]	[L1: 0.0175]	2.8+0.0s
[160/1120]	[L1: 0.0172]	2.7+0.0s
[200/1120]	[L1: 0.0169]	2.6+0.0s
[240/1120]	[L1: 0.0172]	2.6+0.0s
[280/1120]	[L1: 0.0172]	2.7+0.0s
[320/1120]	[L1: 0.0173]	2.6+0.0s
[360/1120]	[L1: 0.0173]	2.6+0.0s
[400/1120]	[L1: 0.0175]	2.6+0.0s
[440/1120]	[L1: 0.0176]	2.8+0.0s
[480/1120]	[L1: 0.0175]	2.8+0.0s
[520/1120]	[L1: 0.0176]	2.9+0.0s
[560/1120]	[L1: 0.0175]	2.8+0.0s
[600/1120]	[L1: 0.0177]	2.8+0.0s
[640/1120]	[L1: 0.0177]	2.8+0.0s
[680/1120]	[L1: 0.0177]	2.8+0.0s
[720/1120]	[L1: 0.0176]	2.8+0.0s
[760/1120]	[L1: 0.0178]	2.8+0.0s
[800/1120]	[L1: 0.0178]	2.7+0.0s
[840/1120]	[L1: 0.0177]	2.6+0.0s
[880/1120]	[L1: 0.0177]	2.7+0.0s
[920/1120]	[L1: 0.0177]	2.7+0.0s
[960/1120]	[L1: 0.0177]	2.9+0.0s
[1000/1120]	[L1: 0.0177]	2.8+0.0s
[1040/1120]	[L1: 0.0177]	2.9+0.0s
[1080/1120]	[L1: 0.0177]	2.7+0.0s
[1120/1120]	[L1: 0.0178]	2.7+0.0s

Evaluation:
[RSSCN7 x2]	psnr: 32.609 (Best: 32.613 @epoch 480)
Total time: 112.79s

[Epoch 483]	Learning rate: 5.00e-5
[40/1120]	[L1: 0.0188]	2.6+0.0s
[80/1120]	[L1: 0.0179]	2.6+0.0s
[120/1120]	[L1: 0.0186]	2.8+0.0s
[160/1120]	[L1: 0.0182]	2.9+0.0s
[200/1120]	[L1: 0.0180]	2.7+0.0s
[240/1120]	[L1: 0.0176]	2.7+0.0s
[280/1120]	[L1: 0.0182]	2.6+0.0s
[320/1120]	[L1: 0.0185]	2.7+0.0s
[360/1120]	[L1: 0.0184]	2.8+0.0s
[400/1120]	[L1: 0.0181]	2.8+0.0s
[440/1120]	[L1: 0.0179]	2.9+0.0s
[480/1120]	[L1: 0.0181]	2.8+0.0s
[520/1120]	[L1: 0.0183]	2.8+0.0s
[560/1120]	[L1: 0.0183]	2.8+0.0s
[600/1120]	[L1: 0.0185]	2.8+0.0s
[640/1120]	[L1: 0.0184]	2.9+0.0s
[680/1120]	[L1: 0.0181]	2.8+0.0s
[720/1120]	[L1: 0.0184]	3.2+0.0s
[760/1120]	[L1: 0.0183]	3.4+0.0s
[800/1120]	[L1: 0.0183]	3.3+0.0s
[840/1120]	[L1: 0.0183]	3.3+0.0s
[880/1120]	[L1: 0.0182]	3.0+0.0s
[920/1120]	[L1: 0.0181]	2.8+0.0s
[960/1120]	[L1: 0.0180]	2.8+0.0s
[1000/1120]	[L1: 0.0180]	2.8+0.0s
[1040/1120]	[L1: 0.0180]	2.9+0.0s
[1080/1120]	[L1: 0.0179]	3.5+0.0s
[1120/1120]	[L1: 0.0179]	3.3+0.0s

Evaluation:
[RSSCN7 x2]	psnr: 32.611 (Best: 32.613 @epoch 480)
Total time: 111.03s

[Epoch 484]	Learning rate: 5.00e-5
[40/1120]	[L1: 0.0184]	2.6+0.0s
[80/1120]	[L1: 0.0170]	2.6+0.0s
[120/1120]	[L1: 0.0179]	2.7+0.0s
[160/1120]	[L1: 0.0183]	2.6+0.0s
[200/1120]	[L1: 0.0182]	2.6+0.0s
[240/1120]	[L1: 0.0183]	2.7+0.0s
[280/1120]	[L1: 0.0184]	2.8+0.0s
[320/1120]	[L1: 0.0179]	2.6+0.0s
[360/1120]	[L1: 0.0179]	2.6+0.0s
[400/1120]	[L1: 0.0179]	2.6+0.0s
[440/1120]	[L1: 0.0174]	2.6+0.0s
[480/1120]	[L1: 0.0173]	2.6+0.0s
[520/1120]	[L1: 0.0173]	2.6+0.0s
[560/1120]	[L1: 0.0172]	2.7+0.0s
[600/1120]	[L1: 0.0173]	2.6+0.0s
[640/1120]	[L1: 0.0173]	2.6+0.0s
[680/1120]	[L1: 0.0173]	2.6+0.0s
[720/1120]	[L1: 0.0173]	2.6+0.0s
[760/1120]	[L1: 0.0175]	2.7+0.0s
[800/1120]	[L1: 0.0176]	2.6+0.0s
[840/1120]	[L1: 0.0177]	2.6+0.0s
[880/1120]	[L1: 0.0176]	2.6+0.0s
[920/1120]	[L1: 0.0177]	2.6+0.0s
[960/1120]	[L1: 0.0176]	2.6+0.0s
[1000/1120]	[L1: 0.0179]	2.7+0.0s
[1040/1120]	[L1: 0.0178]	2.6+0.0s
[1080/1120]	[L1: 0.0179]	2.6+0.0s
[1120/1120]	[L1: 0.0179]	2.6+0.0s

Evaluation:
[RSSCN7 x2]	psnr: 32.610 (Best: 32.613 @epoch 480)
Total time: 94.52s

[Epoch 485]	Learning rate: 5.00e-5
[40/1120]	[L1: 0.0187]	2.6+0.0s
[80/1120]	[L1: 0.0192]	2.6+0.0s
[120/1120]	[L1: 0.0198]	2.6+0.0s
[160/1120]	[L1: 0.0195]	2.6+0.0s
[200/1120]	[L1: 0.0196]	2.6+0.0s
[240/1120]	[L1: 0.0198]	2.6+0.0s
[280/1120]	[L1: 0.0191]	2.6+0.0s
[320/1120]	[L1: 0.0189]	2.7+0.0s
[360/1120]	[L1: 0.0186]	2.6+0.0s
[400/1120]	[L1: 0.0185]	2.6+0.0s
[440/1120]	[L1: 0.0182]	2.6+0.0s
[480/1120]	[L1: 0.0181]	2.7+0.0s
[520/1120]	[L1: 0.0181]	2.6+0.0s
[560/1120]	[L1: 0.0181]	2.6+0.0s
[600/1120]	[L1: 0.0182]	2.6+0.0s
[640/1120]	[L1: 0.0182]	2.6+0.0s
[680/1120]	[L1: 0.0182]	2.6+0.0s
[720/1120]	[L1: 0.0180]	2.6+0.0s
[760/1120]	[L1: 0.0179]	2.7+0.0s
[800/1120]	[L1: 0.0178]	2.6+0.0s
[840/1120]	[L1: 0.0179]	2.6+0.0s
[880/1120]	[L1: 0.0178]	2.6+0.0s
[920/1120]	[L1: 0.0178]	2.6+0.0s
[960/1120]	[L1: 0.0178]	2.7+0.0s
[1000/1120]	[L1: 0.0178]	2.6+0.0s
[1040/1120]	[L1: 0.0178]	2.6+0.0s
[1080/1120]	[L1: 0.0178]	2.6+0.0s
[1120/1120]	[L1: 0.0178]	2.6+0.0s

Evaluation:
[RSSCN7 x2]	psnr: 32.609 (Best: 32.613 @epoch 480)
Total time: 96.07s

[Epoch 486]	Learning rate: 5.00e-5
[40/1120]	[L1: 0.0182]	2.8+0.0s
[80/1120]	[L1: 0.0189]	3.1+0.0s
[120/1120]	[L1: 0.0181]	3.3+0.0s
[160/1120]	[L1: 0.0173]	3.2+0.0s
[200/1120]	[L1: 0.0174]	3.2+0.0s
[240/1120]	[L1: 0.0172]	3.4+0.0s
[280/1120]	[L1: 0.0170]	3.2+0.0s
[320/1120]	[L1: 0.0170]	2.9+0.0s
[360/1120]	[L1: 0.0170]	3.2+0.0s
[400/1120]	[L1: 0.0170]	3.3+0.0s
[440/1120]	[L1: 0.0168]	3.3+0.0s
[480/1120]	[L1: 0.0169]	2.6+0.0s
[520/1120]	[L1: 0.0171]	2.7+0.0s
[560/1120]	[L1: 0.0173]	2.7+0.0s
[600/1120]	[L1: 0.0174]	2.6+0.0s
[640/1120]	[L1: 0.0173]	2.6+0.0s
[680/1120]	[L1: 0.0173]	2.6+0.0s
[720/1120]	[L1: 0.0174]	2.8+0.0s
[760/1120]	[L1: 0.0175]	2.8+0.0s
[800/1120]	[L1: 0.0175]	2.8+0.0s
[840/1120]	[L1: 0.0175]	2.8+0.0s
[880/1120]	[L1: 0.0175]	3.1+0.0s
[920/1120]	[L1: 0.0176]	3.5+0.0s
[960/1120]	[L1: 0.0176]	3.3+0.0s
[1000/1120]	[L1: 0.0176]	3.0+0.0s
[1040/1120]	[L1: 0.0177]	2.6+0.0s
[1080/1120]	[L1: 0.0177]	2.7+0.0s
[1120/1120]	[L1: 0.0177]	2.8+0.0s

Evaluation:
[RSSCN7 x2]	psnr: 32.614 (Best: 32.614 @epoch 486)
Total time: 109.43s

[Epoch 487]	Learning rate: 5.00e-5
[40/1120]	[L1: 0.0195]	2.8+0.0s
[80/1120]	[L1: 0.0189]	3.1+0.0s
[120/1120]	[L1: 0.0188]	3.1+0.0s
[160/1120]	[L1: 0.0183]	2.9+0.0s
[200/1120]	[L1: 0.0186]	2.8+0.0s
[240/1120]	[L1: 0.0181]	2.6+0.0s
[280/1120]	[L1: 0.0181]	2.7+0.0s
[320/1120]	[L1: 0.0176]	2.8+0.0s
[360/1120]	[L1: 0.0176]	2.7+0.0s
[400/1120]	[L1: 0.0177]	2.7+0.0s
[440/1120]	[L1: 0.0175]	2.6+0.0s
[480/1120]	[L1: 0.0178]	2.6+0.0s
[520/1120]	[L1: 0.0179]	2.8+0.0s
[560/1120]	[L1: 0.0179]	3.1+0.0s
[600/1120]	[L1: 0.0179]	2.7+0.0s
[640/1120]	[L1: 0.0177]	2.6+0.0s
[680/1120]	[L1: 0.0176]	2.8+0.0s
[720/1120]	[L1: 0.0175]	2.9+0.0s
[760/1120]	[L1: 0.0175]	2.8+0.0s
[800/1120]	[L1: 0.0176]	2.8+0.0s
[840/1120]	[L1: 0.0177]	2.7+0.0s
[880/1120]	[L1: 0.0176]	2.9+0.0s
[920/1120]	[L1: 0.0176]	2.8+0.0s
[960/1120]	[L1: 0.0175]	2.9+0.0s
[1000/1120]	[L1: 0.0177]	3.3+0.0s
[1040/1120]	[L1: 0.0177]	3.4+0.0s
[1080/1120]	[L1: 0.0177]	3.5+0.0s
[1120/1120]	[L1: 0.0177]	3.3+0.0s

Evaluation:
[RSSCN7 x2]	psnr: 32.599 (Best: 32.614 @epoch 486)
Total time: 106.71s

[Epoch 488]	Learning rate: 5.00e-5
[40/1120]	[L1: 0.0199]	2.6+0.0s
[80/1120]	[L1: 0.0202]	2.7+0.0s
[120/1120]	[L1: 0.0192]	2.7+0.0s
[160/1120]	[L1: 0.0192]	2.8+0.0s
[200/1120]	[L1: 0.0193]	2.7+0.0s
[240/1120]	[L1: 0.0189]	2.6+0.0s
[280/1120]	[L1: 0.0190]	2.6+0.0s
[320/1120]	[L1: 0.0188]	2.6+0.0s
[360/1120]	[L1: 0.0188]	2.8+0.0s
[400/1120]	[L1: 0.0189]	2.8+0.0s
[440/1120]	[L1: 0.0185]	2.6+0.0s
[480/1120]	[L1: 0.0185]	2.7+0.0s
[520/1120]	[L1: 0.0184]	2.9+0.0s
[560/1120]	[L1: 0.0182]	2.9+0.0s
[600/1120]	[L1: 0.0183]	2.6+0.0s
[640/1120]	[L1: 0.0183]	2.8+0.0s
[680/1120]	[L1: 0.0182]	2.7+0.0s
[720/1120]	[L1: 0.0182]	2.6+0.0s
[760/1120]	[L1: 0.0181]	2.6+0.0s
[800/1120]	[L1: 0.0180]	2.7+0.0s
[840/1120]	[L1: 0.0180]	2.7+0.0s
[880/1120]	[L1: 0.0180]	2.9+0.0s
[920/1120]	[L1: 0.0179]	2.8+0.0s
[960/1120]	[L1: 0.0179]	2.7+0.0s
[1000/1120]	[L1: 0.0179]	2.9+0.0s
[1040/1120]	[L1: 0.0179]	2.6+0.0s
[1080/1120]	[L1: 0.0179]	2.6+0.0s
[1120/1120]	[L1: 0.0180]	2.6+0.0s

Evaluation:
[RSSCN7 x2]	psnr: 32.611 (Best: 32.614 @epoch 486)
Total time: 94.39s

[Epoch 489]	Learning rate: 5.00e-5
[40/1120]	[L1: 0.0166]	2.9+0.0s
[80/1120]	[L1: 0.0186]	2.6+0.0s
[120/1120]	[L1: 0.0195]	2.6+0.0s
[160/1120]	[L1: 0.0186]	2.6+0.0s
[200/1120]	[L1: 0.0185]	2.6+0.0s
[240/1120]	[L1: 0.0188]	2.6+0.0s
[280/1120]	[L1: 0.0189]	2.7+0.0s
[320/1120]	[L1: 0.0189]	2.6+0.0s
[360/1120]	[L1: 0.0187]	2.6+0.0s
[400/1120]	[L1: 0.0185]	2.6+0.0s
[440/1120]	[L1: 0.0181]	2.6+0.0s
[480/1120]	[L1: 0.0179]	2.7+0.0s
[520/1120]	[L1: 0.0178]	2.6+0.0s
[560/1120]	[L1: 0.0177]	2.6+0.0s
[600/1120]	[L1: 0.0178]	2.6+0.0s
[640/1120]	[L1: 0.0179]	2.8+0.0s
[680/1120]	[L1: 0.0180]	2.6+0.0s
[720/1120]	[L1: 0.0178]	2.7+0.0s
[760/1120]	[L1: 0.0177]	2.6+0.0s
[800/1120]	[L1: 0.0177]	2.6+0.0s
[840/1120]	[L1: 0.0177]	2.6+0.0s
[880/1120]	[L1: 0.0178]	2.6+0.0s
[920/1120]	[L1: 0.0177]	2.7+0.0s
[960/1120]	[L1: 0.0178]	2.6+0.0s
[1000/1120]	[L1: 0.0177]	2.6+0.0s
[1040/1120]	[L1: 0.0177]	2.6+0.0s
[1080/1120]	[L1: 0.0177]	2.6+0.0s
[1120/1120]	[L1: 0.0177]	2.6+0.0s

Evaluation:
[RSSCN7 x2]	psnr: 32.592 (Best: 32.614 @epoch 486)
Total time: 91.52s

[Epoch 490]	Learning rate: 5.00e-5
[40/1120]	[L1: 0.0205]	2.6+0.0s
[80/1120]	[L1: 0.0194]	2.6+0.0s
[120/1120]	[L1: 0.0192]	2.6+0.0s
[160/1120]	[L1: 0.0187]	2.6+0.0s
[200/1120]	[L1: 0.0185]	2.6+0.0s
[240/1120]	[L1: 0.0184]	2.7+0.0s
[280/1120]	[L1: 0.0185]	2.6+0.0s
[320/1120]	[L1: 0.0181]	2.6+0.0s
[360/1120]	[L1: 0.0183]	2.6+0.0s
[400/1120]	[L1: 0.0182]	2.6+0.0s
[440/1120]	[L1: 0.0181]	2.7+0.0s
[480/1120]	[L1: 0.0179]	2.6+0.0s
[520/1120]	[L1: 0.0180]	2.6+0.0s
[560/1120]	[L1: 0.0180]	2.6+0.0s
[600/1120]	[L1: 0.0181]	2.6+0.0s
[640/1120]	[L1: 0.0181]	2.6+0.0s
[680/1120]	[L1: 0.0182]	2.7+0.0s
[720/1120]	[L1: 0.0180]	2.6+0.0s
[760/1120]	[L1: 0.0180]	2.6+0.0s
[800/1120]	[L1: 0.0180]	2.6+0.0s
[840/1120]	[L1: 0.0179]	2.6+0.0s
[880/1120]	[L1: 0.0179]	2.7+0.0s
[920/1120]	[L1: 0.0179]	2.6+0.0s
[960/1120]	[L1: 0.0178]	2.6+0.0s
[1000/1120]	[L1: 0.0179]	2.6+0.0s
[1040/1120]	[L1: 0.0179]	2.6+0.0s
[1080/1120]	[L1: 0.0178]	2.6+0.0s
[1120/1120]	[L1: 0.0179]	2.6+0.0s

Evaluation:
[RSSCN7 x2]	psnr: 32.608 (Best: 32.614 @epoch 486)
Total time: 92.10s

[Epoch 491]	Learning rate: 5.00e-5
[40/1120]	[L1: 0.0158]	2.6+0.0s
[80/1120]	[L1: 0.0176]	2.6+0.0s
[120/1120]	[L1: 0.0175]	2.6+0.0s
[160/1120]	[L1: 0.0170]	2.6+0.0s
[200/1120]	[L1: 0.0168]	2.7+0.0s
[240/1120]	[L1: 0.0171]	2.6+0.0s
[280/1120]	[L1: 0.0170]	2.6+0.0s
[320/1120]	[L1: 0.0173]	2.6+0.0s
[360/1120]	[L1: 0.0173]	2.6+0.0s
[400/1120]	[L1: 0.0171]	2.7+0.0s
[440/1120]	[L1: 0.0173]	2.6+0.0s
[480/1120]	[L1: 0.0174]	2.6+0.0s
[520/1120]	[L1: 0.0173]	2.6+0.0s
[560/1120]	[L1: 0.0172]	2.6+0.0s
[600/1120]	[L1: 0.0175]	2.6+0.0s
[640/1120]	[L1: 0.0175]	2.7+0.0s
[680/1120]	[L1: 0.0174]	2.6+0.0s
[720/1120]	[L1: 0.0172]	2.6+0.0s
[760/1120]	[L1: 0.0173]	2.6+0.0s
[800/1120]	[L1: 0.0173]	2.6+0.0s
[840/1120]	[L1: 0.0173]	2.7+0.0s
[880/1120]	[L1: 0.0173]	2.6+0.0s
[920/1120]	[L1: 0.0174]	2.6+0.0s
[960/1120]	[L1: 0.0175]	2.6+0.0s
[1000/1120]	[L1: 0.0176]	2.6+0.0s
[1040/1120]	[L1: 0.0176]	2.6+0.0s
[1080/1120]	[L1: 0.0177]	2.7+0.0s
[1120/1120]	[L1: 0.0177]	2.6+0.0s

Evaluation:
[RSSCN7 x2]	psnr: 32.612 (Best: 32.614 @epoch 486)
Total time: 91.04s

[Epoch 492]	Learning rate: 5.00e-5
[40/1120]	[L1: 0.0160]	2.6+0.0s
[80/1120]	[L1: 0.0159]	2.6+0.0s
[120/1120]	[L1: 0.0164]	2.7+0.0s
[160/1120]	[L1: 0.0168]	2.6+0.0s
[200/1120]	[L1: 0.0169]	2.6+0.0s
[240/1120]	[L1: 0.0167]	2.6+0.0s
[280/1120]	[L1: 0.0163]	2.7+0.0s
[320/1120]	[L1: 0.0162]	3.0+0.0s
[360/1120]	[L1: 0.0163]	2.8+0.0s
[400/1120]	[L1: 0.0166]	2.8+0.0s
[440/1120]	[L1: 0.0168]	2.6+0.0s
[480/1120]	[L1: 0.0169]	2.6+0.0s
[520/1120]	[L1: 0.0169]	2.6+0.0s
[560/1120]	[L1: 0.0169]	2.6+0.0s
[600/1120]	[L1: 0.0169]	2.7+0.0s
[640/1120]	[L1: 0.0170]	2.6+0.0s
[680/1120]	[L1: 0.0172]	2.6+0.0s
[720/1120]	[L1: 0.0172]	2.6+0.0s
[760/1120]	[L1: 0.0172]	2.6+0.0s
[800/1120]	[L1: 0.0172]	2.7+0.0s
[840/1120]	[L1: 0.0174]	2.6+0.0s
[880/1120]	[L1: 0.0175]	2.6+0.0s
[920/1120]	[L1: 0.0175]	2.6+0.0s
[960/1120]	[L1: 0.0174]	2.6+0.0s
[1000/1120]	[L1: 0.0175]	2.6+0.0s
[1040/1120]	[L1: 0.0176]	2.7+0.0s
[1080/1120]	[L1: 0.0175]	2.6+0.0s
[1120/1120]	[L1: 0.0175]	2.6+0.0s

Evaluation:
[RSSCN7 x2]	psnr: 32.611 (Best: 32.614 @epoch 486)
Total time: 92.91s

[Epoch 493]	Learning rate: 5.00e-5
[40/1120]	[L1: 0.0205]	2.6+0.0s
[80/1120]	[L1: 0.0181]	2.7+0.0s
[120/1120]	[L1: 0.0181]	2.6+0.0s
[160/1120]	[L1: 0.0179]	2.6+0.0s
[200/1120]	[L1: 0.0180]	2.6+0.0s
[240/1120]	[L1: 0.0185]	2.6+0.0s
[280/1120]	[L1: 0.0182]	2.8+0.0s
[320/1120]	[L1: 0.0183]	2.6+0.0s
[360/1120]	[L1: 0.0179]	2.6+0.0s
[400/1120]	[L1: 0.0177]	2.6+0.0s
[440/1120]	[L1: 0.0176]	2.7+0.0s
[480/1120]	[L1: 0.0174]	2.6+0.0s
[520/1120]	[L1: 0.0175]	2.7+0.0s
[560/1120]	[L1: 0.0173]	2.6+0.0s
[600/1120]	[L1: 0.0175]	2.6+0.0s
[640/1120]	[L1: 0.0176]	2.6+0.0s
[680/1120]	[L1: 0.0177]	2.6+0.0s
[720/1120]	[L1: 0.0176]	2.7+0.0s
[760/1120]	[L1: 0.0176]	2.6+0.0s
[800/1120]	[L1: 0.0177]	2.6+0.0s
[840/1120]	[L1: 0.0177]	2.6+0.0s
[880/1120]	[L1: 0.0178]	2.6+0.0s
[920/1120]	[L1: 0.0178]	2.6+0.0s
[960/1120]	[L1: 0.0180]	2.7+0.0s
[1000/1120]	[L1: 0.0180]	2.9+0.0s
[1040/1120]	[L1: 0.0179]	2.6+0.0s
[1080/1120]	[L1: 0.0179]	2.6+0.0s
[1120/1120]	[L1: 0.0179]	2.6+0.0s

Evaluation:
[RSSCN7 x2]	psnr: 32.609 (Best: 32.614 @epoch 486)
Total time: 93.80s

[Epoch 494]	Learning rate: 5.00e-5
[40/1120]	[L1: 0.0183]	2.6+0.0s
[80/1120]	[L1: 0.0198]	2.6+0.0s
[120/1120]	[L1: 0.0193]	2.6+0.0s
[160/1120]	[L1: 0.0186]	2.6+0.0s
[200/1120]	[L1: 0.0179]	2.6+0.0s
[240/1120]	[L1: 0.0176]	2.7+0.0s
[280/1120]	[L1: 0.0178]	2.6+0.0s
[320/1120]	[L1: 0.0175]	2.6+0.0s
[360/1120]	[L1: 0.0175]	2.7+0.0s
[400/1120]	[L1: 0.0177]	2.7+0.0s
[440/1120]	[L1: 0.0175]	2.8+0.0s
[480/1120]	[L1: 0.0177]	2.6+0.0s
[520/1120]	[L1: 0.0178]	2.6+0.0s
[560/1120]	[L1: 0.0177]	2.6+0.0s
[600/1120]	[L1: 0.0177]	2.6+0.0s
[640/1120]	[L1: 0.0177]	2.6+0.0s
[680/1120]	[L1: 0.0176]	2.6+0.0s
[720/1120]	[L1: 0.0175]	2.7+0.0s
[760/1120]	[L1: 0.0176]	2.6+0.0s
[800/1120]	[L1: 0.0176]	2.6+0.0s
[840/1120]	[L1: 0.0176]	2.6+0.0s
[880/1120]	[L1: 0.0177]	2.6+0.0s
[920/1120]	[L1: 0.0177]	2.7+0.0s
[960/1120]	[L1: 0.0176]	2.6+0.0s
[1000/1120]	[L1: 0.0176]	2.6+0.0s
[1040/1120]	[L1: 0.0176]	2.6+0.0s
[1080/1120]	[L1: 0.0177]	2.6+0.0s
[1120/1120]	[L1: 0.0176]	2.6+0.0s

Evaluation:
[RSSCN7 x2]	psnr: 32.613 (Best: 32.614 @epoch 486)
Total time: 93.96s

[Epoch 495]	Learning rate: 5.00e-5
[40/1120]	[L1: 0.0188]	2.6+0.0s
[80/1120]	[L1: 0.0166]	2.6+0.0s
[120/1120]	[L1: 0.0187]	2.7+0.0s
[160/1120]	[L1: 0.0182]	2.6+0.0s
[200/1120]	[L1: 0.0186]	2.7+0.0s
[240/1120]	[L1: 0.0182]	2.6+0.0s
[280/1120]	[L1: 0.0181]	2.6+0.0s
[320/1120]	[L1: 0.0183]	2.6+0.0s
[360/1120]	[L1: 0.0184]	2.7+0.0s
[400/1120]	[L1: 0.0184]	2.7+0.0s
[440/1120]	[L1: 0.0183]	2.6+0.0s
[480/1120]	[L1: 0.0185]	2.6+0.0s
[520/1120]	[L1: 0.0184]	2.6+0.0s
[560/1120]	[L1: 0.0181]	2.6+0.0s
[600/1120]	[L1: 0.0181]	2.6+0.0s
[640/1120]	[L1: 0.0181]	2.6+0.0s
[680/1120]	[L1: 0.0182]	2.7+0.0s
[720/1120]	[L1: 0.0181]	2.6+0.0s
[760/1120]	[L1: 0.0179]	2.6+0.0s
[800/1120]	[L1: 0.0180]	2.6+0.0s
[840/1120]	[L1: 0.0179]	2.7+0.0s
[880/1120]	[L1: 0.0179]	2.6+0.0s
[920/1120]	[L1: 0.0178]	2.8+0.0s
[960/1120]	[L1: 0.0177]	3.0+0.0s
[1000/1120]	[L1: 0.0177]	2.8+0.0s
[1040/1120]	[L1: 0.0177]	2.8+0.0s
[1080/1120]	[L1: 0.0177]	2.8+0.0s
[1120/1120]	[L1: 0.0177]	2.8+0.0s

Evaluation:
[RSSCN7 x2]	psnr: 32.606 (Best: 32.614 @epoch 486)
Total time: 93.23s

[Epoch 496]	Learning rate: 5.00e-5
[40/1120]	[L1: 0.0154]	2.6+0.0s
[80/1120]	[L1: 0.0174]	2.6+0.0s
[120/1120]	[L1: 0.0178]	2.7+0.0s
[160/1120]	[L1: 0.0177]	2.6+0.0s
[200/1120]	[L1: 0.0173]	2.6+0.0s
[240/1120]	[L1: 0.0176]	2.6+0.0s
[280/1120]	[L1: 0.0173]	2.6+0.0s
[320/1120]	[L1: 0.0171]	2.8+0.0s
[360/1120]	[L1: 0.0173]	2.9+0.0s
[400/1120]	[L1: 0.0176]	2.7+0.0s
[440/1120]	[L1: 0.0175]	2.6+0.0s
[480/1120]	[L1: 0.0175]	2.6+0.0s
[520/1120]	[L1: 0.0177]	2.6+0.0s
[560/1120]	[L1: 0.0178]	2.7+0.0s
[600/1120]	[L1: 0.0179]	2.6+0.0s
[640/1120]	[L1: 0.0178]	2.8+0.0s
[680/1120]	[L1: 0.0177]	2.6+0.0s
[720/1120]	[L1: 0.0177]	2.6+0.0s
[760/1120]	[L1: 0.0178]	2.6+0.0s
[800/1120]	[L1: 0.0178]	2.6+0.0s
[840/1120]	[L1: 0.0178]	2.7+0.0s
[880/1120]	[L1: 0.0177]	2.6+0.0s
[920/1120]	[L1: 0.0176]	2.6+0.0s
[960/1120]	[L1: 0.0175]	2.6+0.0s
[1000/1120]	[L1: 0.0176]	2.6+0.0s
[1040/1120]	[L1: 0.0177]	2.8+0.0s
[1080/1120]	[L1: 0.0177]	2.6+0.0s
[1120/1120]	[L1: 0.0178]	2.6+0.0s

Evaluation:
[RSSCN7 x2]	psnr: 32.607 (Best: 32.614 @epoch 486)
Total time: 95.32s

[Epoch 497]	Learning rate: 5.00e-5
[40/1120]	[L1: 0.0173]	2.6+0.0s
[80/1120]	[L1: 0.0173]	2.7+0.0s
[120/1120]	[L1: 0.0177]	2.6+0.0s
[160/1120]	[L1: 0.0177]	2.6+0.0s
[200/1120]	[L1: 0.0175]	2.6+0.0s
[240/1120]	[L1: 0.0176]	2.7+0.0s
[280/1120]	[L1: 0.0176]	2.6+0.0s
[320/1120]	[L1: 0.0175]	2.6+0.0s
[360/1120]	[L1: 0.0178]	2.6+0.0s
[400/1120]	[L1: 0.0174]	2.6+0.0s
[440/1120]	[L1: 0.0174]	2.6+0.0s
[480/1120]	[L1: 0.0177]	2.6+0.0s
[520/1120]	[L1: 0.0177]	2.7+0.0s
[560/1120]	[L1: 0.0176]	2.6+0.0s
[600/1120]	[L1: 0.0177]	2.6+0.0s
[640/1120]	[L1: 0.0176]	2.6+0.0s
[680/1120]	[L1: 0.0177]	2.6+0.0s
[720/1120]	[L1: 0.0176]	2.7+0.0s
[760/1120]	[L1: 0.0175]	2.6+0.0s
[800/1120]	[L1: 0.0176]	2.6+0.0s
[840/1120]	[L1: 0.0176]	2.6+0.0s
[880/1120]	[L1: 0.0175]	2.6+0.0s
[920/1120]	[L1: 0.0175]	2.6+0.0s
[960/1120]	[L1: 0.0176]	2.8+0.0s
[1000/1120]	[L1: 0.0176]	2.8+0.0s
[1040/1120]	[L1: 0.0175]	2.7+0.0s
[1080/1120]	[L1: 0.0176]	2.6+0.0s
[1120/1120]	[L1: 0.0175]	2.6+0.0s

Evaluation:
[RSSCN7 x2]	psnr: 32.610 (Best: 32.614 @epoch 486)
Total time: 94.53s

[Epoch 498]	Learning rate: 5.00e-5
[40/1120]	[L1: 0.0154]	2.6+0.0s
[80/1120]	[L1: 0.0163]	2.6+0.0s
[120/1120]	[L1: 0.0168]	2.6+0.0s
[160/1120]	[L1: 0.0167]	2.6+0.0s
[200/1120]	[L1: 0.0172]	2.8+0.0s
[240/1120]	[L1: 0.0178]	2.7+0.0s
[280/1120]	[L1: 0.0177]	2.6+0.0s
[320/1120]	[L1: 0.0176]	2.6+0.0s
[360/1120]	[L1: 0.0175]	2.6+0.0s
[400/1120]	[L1: 0.0177]	2.6+0.0s
[440/1120]	[L1: 0.0177]	2.7+0.0s
[480/1120]	[L1: 0.0176]	2.6+0.0s
[520/1120]	[L1: 0.0179]	2.6+0.0s
[560/1120]	[L1: 0.0178]	2.6+0.0s
[600/1120]	[L1: 0.0178]	2.6+0.0s
[640/1120]	[L1: 0.0180]	2.6+0.0s
[680/1120]	[L1: 0.0181]	2.8+0.0s
[720/1120]	[L1: 0.0179]	2.8+0.0s
[760/1120]	[L1: 0.0179]	2.6+0.0s
[800/1120]	[L1: 0.0178]	2.6+0.0s
[840/1120]	[L1: 0.0178]	2.6+0.0s
[880/1120]	[L1: 0.0178]	2.7+0.0s
[920/1120]	[L1: 0.0177]	2.6+0.0s
[960/1120]	[L1: 0.0177]	2.6+0.0s
[1000/1120]	[L1: 0.0176]	2.7+0.0s
[1040/1120]	[L1: 0.0176]	2.7+0.0s
[1080/1120]	[L1: 0.0176]	2.6+0.0s
[1120/1120]	[L1: 0.0177]	2.6+0.0s

Evaluation:
[RSSCN7 x2]	psnr: 32.616 (Best: 32.616 @epoch 498)
Total time: 94.86s

[Epoch 499]	Learning rate: 5.00e-5
[40/1120]	[L1: 0.0175]	2.6+0.0s
[80/1120]	[L1: 0.0154]	2.6+0.0s
[120/1120]	[L1: 0.0169]	2.7+0.0s
[160/1120]	[L1: 0.0171]	2.6+0.0s
[200/1120]	[L1: 0.0174]	2.6+0.0s
[240/1120]	[L1: 0.0180]	2.6+0.0s
[280/1120]	[L1: 0.0184]	2.6+0.0s
[320/1120]	[L1: 0.0183]	2.6+0.0s
[360/1120]	[L1: 0.0180]	2.6+0.0s
[400/1120]	[L1: 0.0181]	2.7+0.0s
[440/1120]	[L1: 0.0178]	2.6+0.0s
[480/1120]	[L1: 0.0178]	2.6+0.0s
[520/1120]	[L1: 0.0179]	2.6+0.0s
[560/1120]	[L1: 0.0177]	2.6+0.0s
[600/1120]	[L1: 0.0176]	2.7+0.0s
[640/1120]	[L1: 0.0176]	2.6+0.0s
[680/1120]	[L1: 0.0177]	2.6+0.0s
[720/1120]	[L1: 0.0176]	2.6+0.0s
[760/1120]	[L1: 0.0177]	2.6+0.0s
[800/1120]	[L1: 0.0176]	2.6+0.0s
[840/1120]	[L1: 0.0176]	2.9+0.0s
[880/1120]	[L1: 0.0176]	2.7+0.0s
[920/1120]	[L1: 0.0177]	2.6+0.0s
[960/1120]	[L1: 0.0177]	2.6+0.0s
[1000/1120]	[L1: 0.0177]	2.6+0.0s
[1040/1120]	[L1: 0.0177]	2.7+0.0s
[1080/1120]	[L1: 0.0178]	2.6+0.0s
[1120/1120]	[L1: 0.0176]	2.6+0.0s

Evaluation:
[RSSCN7 x2]	psnr: 32.609 (Best: 32.616 @epoch 498)
Total time: 95.33s

[Epoch 500]	Learning rate: 5.00e-5
[40/1120]	[L1: 0.0193]	2.6+0.0s
[80/1120]	[L1: 0.0177]	2.7+0.0s
[120/1120]	[L1: 0.0180]	2.6+0.0s
[160/1120]	[L1: 0.0187]	2.8+0.0s
[200/1120]	[L1: 0.0186]	2.6+0.0s
[240/1120]	[L1: 0.0188]	2.6+0.0s
[280/1120]	[L1: 0.0187]	2.6+0.0s
[320/1120]	[L1: 0.0185]	2.7+0.0s
[360/1120]	[L1: 0.0183]	2.6+0.0s
[400/1120]	[L1: 0.0181]	2.6+0.0s
[440/1120]	[L1: 0.0182]	2.6+0.0s
[480/1120]	[L1: 0.0183]	2.6+0.0s
[520/1120]	[L1: 0.0183]	2.7+0.0s
[560/1120]	[L1: 0.0183]	2.6+0.0s
[600/1120]	[L1: 0.0183]	2.6+0.0s
[640/1120]	[L1: 0.0182]	2.6+0.0s
[680/1120]	[L1: 0.0181]	2.6+0.0s
[720/1120]	[L1: 0.0183]	2.6+0.0s
[760/1120]	[L1: 0.0182]	2.7+0.0s
[800/1120]	[L1: 0.0180]	2.6+0.0s
[840/1120]	[L1: 0.0180]	2.6+0.0s
[880/1120]	[L1: 0.0181]	2.6+0.0s
[920/1120]	[L1: 0.0180]	2.6+0.0s
[960/1120]	[L1: 0.0180]	2.7+0.0s
[1000/1120]	[L1: 0.0179]	2.6+0.0s
[1040/1120]	[L1: 0.0179]	2.6+0.0s
[1080/1120]	[L1: 0.0178]	2.6+0.0s
[1120/1120]	[L1: 0.0178]	2.6+0.0s
Saved epoch checkpoint at epoch 500

Evaluation:
[RSSCN7 x2]	psnr: 32.611 (Best: 32.616 @epoch 498)
Total time: 94.64s

✅ Training completed!

libgomp: Invalid value for environment variable OMP_NUM_THREADS: 0
/root/miniconda3/envs/transenet-pren/lib/python3.8/site-packages/torch/functional.py:504: UserWarning: torch.meshgrid: in an upcoming release, it will be required to pass the indexing argument. (Triggered internally at /opt/conda/conda-bld/pytorch_1695392020195/work/aten/src/ATen/native/TensorShape.cpp:3526.)
  return _VF.meshgrid(tensors, **kwargs)  # type: ignore[attr-defined]
Unsupported operator aten::sub encountered 1 time(s)
Unsupported operator aten::mul encountered 427 time(s)
Unsupported operator aten::mul_ encountered 7 time(s)
Unsupported operator aten::rsub encountered 90 time(s)
Unsupported operator aten::pad encountered 18 time(s)
Unsupported operator aten::add encountered 368 time(s)
Unsupported operator aten::mean encountered 54 time(s)
Unsupported operator aten::softmax encountered 108 time(s)
Unsupported operator aten::gelu encountered 54 time(s)
Unsupported operator aten::sigmoid encountered 18 time(s)
Unsupported operator aten::abs encountered 18 time(s)
Unsupported operator aten::div encountered 19 time(s)
Unsupported operator aten::topk encountered 18 time(s)
Unsupported operator aten::leaky_relu_ encountered 1 time(s)
Unsupported operator aten::pixel_shuffle encountered 1 time(s)
The following submodules of the model were never called during the trace of the graph. They may be unused, or they were accessed by direct calls to .forward() or via other python methods. In the latter case they will have zeros for statistics, though their statistics will still contribute to their parent calling module.
model.layers.0.blocks.1.drop_path, model.layers.0.blocks.2.drop_path, model.layers.0.blocks.3.drop_path, model.layers.0.blocks.4.drop_path, model.layers.0.blocks.5.drop_path, model.layers.1.blocks.0.drop_path, model.layers.1.blocks.1.drop_path, model.layers.1.blocks.2.drop_path, model.layers.1.blocks.3.drop_path, model.layers.1.blocks.4.drop_path, model.layers.1.blocks.5.drop_path, model.layers.2.blocks.0.drop_path, model.layers.2.blocks.1.drop_path, model.layers.2.blocks.2.drop_path, model.layers.2.blocks.3.drop_path, model.layers.2.blocks.4.drop_path, model.layers.2.blocks.5.drop_path, model.layers.3.blocks.0.drop_path, model.layers.3.blocks.1.drop_path, model.layers.3.blocks.2.drop_path, model.layers.3.blocks.3.drop_path, model.layers.3.blocks.4.drop_path, model.layers.3.blocks.5.drop_path, model.layers.4.blocks.0.drop_path, model.layers.4.blocks.1.drop_path, model.layers.4.blocks.2.drop_path, model.layers.4.blocks.3.drop_path, model.layers.4.blocks.4.drop_path, model.layers.4.blocks.5.drop_path, model.layers.5.blocks.0.drop_path, model.layers.5.blocks.1.drop_path, model.layers.5.blocks.2.drop_path, model.layers.5.blocks.3.drop_path, model.layers.5.blocks.4.drop_path, model.layers.5.blocks.5.drop_path
OMP: Warning #80: OMP_NUM_THREADS="0": value too small.
OMP: Info #104: OMP_NUM_THREADS value "1" will be used.
