
libgomp: Invalid value for environment variable OMP_NUM_THREADS: 0
🚀 Enhanced Training Configuration:
Model: cga_paper
Dataset: RSSCN7
Scale: [3]
Epochs: 500
Batch Size: 4
Optimizer: ADAM
Scheduler: step
Learning Rate: 0.0002
Loss: 1*L1
WandB Enabled: False
AMP Enabled: False
Validation Every: disabled (always validate every epoch)
Save Every N Epochs: 100
DataLoader Threads: 8

📐 Model Architecture:
Width: 32
Encoder Blocks: [4, 6]
Decoder Blocks: [6, 4]
Restormer Heads: [1, 2, 4]
Middle Heads: 8
Read data from binary files
Read data from binary files
Making model...
CGA(
  (conv_first): Conv2d(3, 180, kernel_size=(3, 3), stride=(1, 1), padding=(1, 1))
  (before_RG): Sequential(
    (0): Rearrange('b c h w -> b (h w) c')
    (1): LayerNorm((180,), eps=1e-05, elementwise_affine=True)
  )
  (layers): ModuleList(
    (0): ResidualGroup(
      (blocks): ModuleList(
        (0): Block(
          (norm1): LayerNorm((180,), eps=1e-05, elementwise_affine=True)
          (attn): LCGA(
            (qkv): Linear(in_features=180, out_features=540, bias=True)
            (proj): Linear(in_features=180, out_features=180, bias=True)
            (proj_drop): Dropout(p=0.0, inplace=False)
            (attns): ModuleList(
              (0-1): 2 x WindowAttention(
                (pos): DynamicPosBias(
                  (pos_proj): Linear(in_features=2, out_features=5, bias=True)
                  (pos1): Sequential(
                    (0): LayerNorm((5,), eps=1e-05, elementwise_affine=True)
                    (1): ReLU(inplace=True)
                    (2): Linear(in_features=5, out_features=5, bias=True)
                  )
                  (pos2): Sequential(
                    (0): LayerNorm((5,), eps=1e-05, elementwise_affine=True)
                    (1): ReLU(inplace=True)
                    (2): Linear(in_features=5, out_features=5, bias=True)
                  )
                  (pos3): Sequential(
                    (0): LayerNorm((5,), eps=1e-05, elementwise_affine=True)
                    (1): ReLU(inplace=True)
                    (2): Linear(in_features=5, out_features=3, bias=True)
                  )
                )
                (curvature_conv): Conv2d(90, 90, kernel_size=(3, 3), stride=(1, 1), padding=(1, 1), groups=90, bias=False)
                (attn_drop): Dropout(p=0.0, inplace=False)
              )
            )
            (get_v): Conv2d(180, 180, kernel_size=(3, 3), stride=(1, 1), padding=(1, 1), groups=180)
          )
          (drop_path): Identity()
          (mlp): MLP(
            (fc1): Linear(in_features=180, out_features=360, bias=True)
            (act): GELU(approximate='none')
            (sg): Gate(
              (norm): LayerNorm((180,), eps=1e-05, elementwise_affine=True)
              (conv): Conv2d(180, 180, kernel_size=(3, 3), stride=(1, 1), padding=(1, 1), groups=180)
            )
            (fc2): Linear(in_features=180, out_features=180, bias=True)
            (drop): Dropout(p=0.0, inplace=False)
          )
          (norm2): LayerNorm((180,), eps=1e-05, elementwise_affine=True)
        )
        (1): Block(
          (norm1): LayerNorm((180,), eps=1e-05, elementwise_affine=True)
          (attn): CGTA(
            (curvature_conv): Conv2d(180, 180, kernel_size=(3, 3), stride=(1, 1), padding=(1, 1), groups=180, bias=False)
            (gate): RetentionGate(
              (ret_gate): Sequential(
                (0): Linear(in_features=180, out_features=90, bias=True)
                (1): ReLU()
                (2): Linear(in_features=90, out_features=1, bias=True)
                (3): Sigmoid()
              )
            )
            (q): Linear(in_features=180, out_features=90, bias=True)
            (kv_reduce): Conv1d(180, 90, kernel_size=(1,), stride=(1,))
            (k): Linear(in_features=90, out_features=90, bias=True)
            (v): Linear(in_features=90, out_features=180, bias=True)
            (norm_act): Sequential(
              (0): LayerNorm((90,), eps=1e-05, elementwise_affine=True)
              (1): GELU(approximate='none')
            )
            (cpe): Conv2d(180, 180, kernel_size=(3, 3), stride=(1, 1), padding=(1, 1), groups=180)
            (proj): Linear(in_features=180, out_features=180, bias=True)
            (attn_drop): Dropout(p=0.0, inplace=False)
            (proj_drop): Dropout(p=0.0, inplace=False)
          )
          (drop_path): DropPath(drop_prob=0.003)
          (mlp): MLP(
            (fc1): Linear(in_features=180, out_features=360, bias=True)
            (act): GELU(approximate='none')
            (sg): Gate(
              (norm): LayerNorm((180,), eps=1e-05, elementwise_affine=True)
              (conv): Conv2d(180, 180, kernel_size=(3, 3), stride=(1, 1), padding=(1, 1), groups=180)
            )
            (fc2): Linear(in_features=180, out_features=180, bias=True)
            (drop): Dropout(p=0.0, inplace=False)
          )
          (norm2): LayerNorm((180,), eps=1e-05, elementwise_affine=True)
        )
        (2): Block(
          (norm1): LayerNorm((180,), eps=1e-05, elementwise_affine=True)
          (attn): LCGA(
            (qkv): Linear(in_features=180, out_features=540, bias=True)
            (proj): Linear(in_features=180, out_features=180, bias=True)
            (proj_drop): Dropout(p=0.0, inplace=False)
            (attns): ModuleList(
              (0-1): 2 x WindowAttention(
                (pos): DynamicPosBias(
                  (pos_proj): Linear(in_features=2, out_features=5, bias=True)
                  (pos1): Sequential(
                    (0): LayerNorm((5,), eps=1e-05, elementwise_affine=True)
                    (1): ReLU(inplace=True)
                    (2): Linear(in_features=5, out_features=5, bias=True)
                  )
                  (pos2): Sequential(
                    (0): LayerNorm((5,), eps=1e-05, elementwise_affine=True)
                    (1): ReLU(inplace=True)
                    (2): Linear(in_features=5, out_features=5, bias=True)
                  )
                  (pos3): Sequential(
                    (0): LayerNorm((5,), eps=1e-05, elementwise_affine=True)
                    (1): ReLU(inplace=True)
                    (2): Linear(in_features=5, out_features=3, bias=True)
                  )
                )
                (curvature_conv): Conv2d(90, 90, kernel_size=(3, 3), stride=(1, 1), padding=(1, 1), groups=90, bias=False)
                (attn_drop): Dropout(p=0.0, inplace=False)
              )
            )
            (get_v): Conv2d(180, 180, kernel_size=(3, 3), stride=(1, 1), padding=(1, 1), groups=180)
          )
          (drop_path): DropPath(drop_prob=0.006)
          (mlp): MLP(
            (fc1): Linear(in_features=180, out_features=360, bias=True)
            (act): GELU(approximate='none')
            (sg): Gate(
              (norm): LayerNorm((180,), eps=1e-05, elementwise_affine=True)
              (conv): Conv2d(180, 180, kernel_size=(3, 3), stride=(1, 1), padding=(1, 1), groups=180)
            )
            (fc2): Linear(in_features=180, out_features=180, bias=True)
            (drop): Dropout(p=0.0, inplace=False)
          )
          (norm2): LayerNorm((180,), eps=1e-05, elementwise_affine=True)
        )
        (3): Block(
          (norm1): LayerNorm((180,), eps=1e-05, elementwise_affine=True)
          (attn): CGTA(
            (curvature_conv): Conv2d(180, 180, kernel_size=(3, 3), stride=(1, 1), padding=(1, 1), groups=180, bias=False)
            (gate): RetentionGate(
              (ret_gate): Sequential(
                (0): Linear(in_features=180, out_features=90, bias=True)
                (1): ReLU()
                (2): Linear(in_features=90, out_features=1, bias=True)
                (3): Sigmoid()
              )
            )
            (q): Linear(in_features=180, out_features=90, bias=True)
            (kv_reduce): Conv1d(180, 90, kernel_size=(1,), stride=(1,))
            (k): Linear(in_features=90, out_features=90, bias=True)
            (v): Linear(in_features=90, out_features=180, bias=True)
            (norm_act): Sequential(
              (0): LayerNorm((90,), eps=1e-05, elementwise_affine=True)
              (1): GELU(approximate='none')
            )
            (cpe): Conv2d(180, 180, kernel_size=(3, 3), stride=(1, 1), padding=(1, 1), groups=180)
            (proj): Linear(in_features=180, out_features=180, bias=True)
            (attn_drop): Dropout(p=0.0, inplace=False)
            (proj_drop): Dropout(p=0.0, inplace=False)
          )
          (drop_path): DropPath(drop_prob=0.009)
          (mlp): MLP(
            (fc1): Linear(in_features=180, out_features=360, bias=True)
            (act): GELU(approximate='none')
            (sg): Gate(
              (norm): LayerNorm((180,), eps=1e-05, elementwise_affine=True)
              (conv): Conv2d(180, 180, kernel_size=(3, 3), stride=(1, 1), padding=(1, 1), groups=180)
            )
            (fc2): Linear(in_features=180, out_features=180, bias=True)
            (drop): Dropout(p=0.0, inplace=False)
          )
          (norm2): LayerNorm((180,), eps=1e-05, elementwise_affine=True)
        )
        (4): Block(
          (norm1): LayerNorm((180,), eps=1e-05, elementwise_affine=True)
          (attn): LCGA(
            (qkv): Linear(in_features=180, out_features=540, bias=True)
            (proj): Linear(in_features=180, out_features=180, bias=True)
            (proj_drop): Dropout(p=0.0, inplace=False)
            (attns): ModuleList(
              (0-1): 2 x WindowAttention(
                (pos): DynamicPosBias(
                  (pos_proj): Linear(in_features=2, out_features=5, bias=True)
                  (pos1): Sequential(
                    (0): LayerNorm((5,), eps=1e-05, elementwise_affine=True)
                    (1): ReLU(inplace=True)
                    (2): Linear(in_features=5, out_features=5, bias=True)
                  )
                  (pos2): Sequential(
                    (0): LayerNorm((5,), eps=1e-05, elementwise_affine=True)
                    (1): ReLU(inplace=True)
                    (2): Linear(in_features=5, out_features=5, bias=True)
                  )
                  (pos3): Sequential(
                    (0): LayerNorm((5,), eps=1e-05, elementwise_affine=True)
                    (1): ReLU(inplace=True)
                    (2): Linear(in_features=5, out_features=3, bias=True)
                  )
                )
                (curvature_conv): Conv2d(90, 90, kernel_size=(3, 3), stride=(1, 1), padding=(1, 1), groups=90, bias=False)
                (attn_drop): Dropout(p=0.0, inplace=False)
              )
            )
            (get_v): Conv2d(180, 180, kernel_size=(3, 3), stride=(1, 1), padding=(1, 1), groups=180)
          )
          (drop_path): DropPath(drop_prob=0.011)
          (mlp): MLP(
            (fc1): Linear(in_features=180, out_features=360, bias=True)
            (act): GELU(approximate='none')
            (sg): Gate(
              (norm): LayerNorm((180,), eps=1e-05, elementwise_affine=True)
              (conv): Conv2d(180, 180, kernel_size=(3, 3), stride=(1, 1), padding=(1, 1), groups=180)
            )
            (fc2): Linear(in_features=180, out_features=180, bias=True)
            (drop): Dropout(p=0.0, inplace=False)
          )
          (norm2): LayerNorm((180,), eps=1e-05, elementwise_affine=True)
        )
        (5): Block(
          (norm1): LayerNorm((180,), eps=1e-05, elementwise_affine=True)
          (attn): CGTA(
            (curvature_conv): Conv2d(180, 180, kernel_size=(3, 3), stride=(1, 1), padding=(1, 1), groups=180, bias=False)
            (gate): RetentionGate(
              (ret_gate): Sequential(
                (0): Linear(in_features=180, out_features=90, bias=True)
                (1): ReLU()
                (2): Linear(in_features=90, out_features=1, bias=True)
                (3): Sigmoid()
              )
            )
            (q): Linear(in_features=180, out_features=90, bias=True)
            (kv_reduce): Conv1d(180, 90, kernel_size=(1,), stride=(1,))
            (k): Linear(in_features=90, out_features=90, bias=True)
            (v): Linear(in_features=90, out_features=180, bias=True)
            (norm_act): Sequential(
              (0): LayerNorm((90,), eps=1e-05, elementwise_affine=True)
              (1): GELU(approximate='none')
            )
            (cpe): Conv2d(180, 180, kernel_size=(3, 3), stride=(1, 1), padding=(1, 1), groups=180)
            (proj): Linear(in_features=180, out_features=180, bias=True)
            (attn_drop): Dropout(p=0.0, inplace=False)
            (proj_drop): Dropout(p=0.0, inplace=False)
          )
          (drop_path): DropPath(drop_prob=0.014)
          (mlp): MLP(
            (fc1): Linear(in_features=180, out_features=360, bias=True)
            (act): GELU(approximate='none')
            (sg): Gate(
              (norm): LayerNorm((180,), eps=1e-05, elementwise_affine=True)
              (conv): Conv2d(180, 180, kernel_size=(3, 3), stride=(1, 1), padding=(1, 1), groups=180)
            )
            (fc2): Linear(in_features=180, out_features=180, bias=True)
            (drop): Dropout(p=0.0, inplace=False)
          )
          (norm2): LayerNorm((180,), eps=1e-05, elementwise_affine=True)
        )
      )
      (conv): Conv2d(180, 180, kernel_size=(3, 3), stride=(1, 1), padding=(1, 1))
    )
    (1): ResidualGroup(
      (blocks): ModuleList(
        (0): Block(
          (norm1): LayerNorm((180,), eps=1e-05, elementwise_affine=True)
          (attn): LCGA(
            (qkv): Linear(in_features=180, out_features=540, bias=True)
            (proj): Linear(in_features=180, out_features=180, bias=True)
            (proj_drop): Dropout(p=0.0, inplace=False)
            (attns): ModuleList(
              (0-1): 2 x WindowAttention(
                (pos): DynamicPosBias(
                  (pos_proj): Linear(in_features=2, out_features=5, bias=True)
                  (pos1): Sequential(
                    (0): LayerNorm((5,), eps=1e-05, elementwise_affine=True)
                    (1): ReLU(inplace=True)
                    (2): Linear(in_features=5, out_features=5, bias=True)
                  )
                  (pos2): Sequential(
                    (0): LayerNorm((5,), eps=1e-05, elementwise_affine=True)
                    (1): ReLU(inplace=True)
                    (2): Linear(in_features=5, out_features=5, bias=True)
                  )
                  (pos3): Sequential(
                    (0): LayerNorm((5,), eps=1e-05, elementwise_affine=True)
                    (1): ReLU(inplace=True)
                    (2): Linear(in_features=5, out_features=3, bias=True)
                  )
                )
                (curvature_conv): Conv2d(90, 90, kernel_size=(3, 3), stride=(1, 1), padding=(1, 1), groups=90, bias=False)
                (attn_drop): Dropout(p=0.0, inplace=False)
              )
            )
            (get_v): Conv2d(180, 180, kernel_size=(3, 3), stride=(1, 1), padding=(1, 1), groups=180)
          )
          (drop_path): DropPath(drop_prob=0.017)
          (mlp): MLP(
            (fc1): Linear(in_features=180, out_features=360, bias=True)
            (act): GELU(approximate='none')
            (sg): Gate(
              (norm): LayerNorm((180,), eps=1e-05, elementwise_affine=True)
              (conv): Conv2d(180, 180, kernel_size=(3, 3), stride=(1, 1), padding=(1, 1), groups=180)
            )
            (fc2): Linear(in_features=180, out_features=180, bias=True)
            (drop): Dropout(p=0.0, inplace=False)
          )
          (norm2): LayerNorm((180,), eps=1e-05, elementwise_affine=True)
        )
        (1): Block(
          (norm1): LayerNorm((180,), eps=1e-05, elementwise_affine=True)
          (attn): CGTA(
            (curvature_conv): Conv2d(180, 180, kernel_size=(3, 3), stride=(1, 1), padding=(1, 1), groups=180, bias=False)
            (gate): RetentionGate(
              (ret_gate): Sequential(
                (0): Linear(in_features=180, out_features=90, bias=True)
                (1): ReLU()
                (2): Linear(in_features=90, out_features=1, bias=True)
                (3): Sigmoid()
              )
            )
            (q): Linear(in_features=180, out_features=90, bias=True)
            (kv_reduce): Conv1d(180, 90, kernel_size=(1,), stride=(1,))
            (k): Linear(in_features=90, out_features=90, bias=True)
            (v): Linear(in_features=90, out_features=180, bias=True)
            (norm_act): Sequential(
              (0): LayerNorm((90,), eps=1e-05, elementwise_affine=True)
              (1): GELU(approximate='none')
            )
            (cpe): Conv2d(180, 180, kernel_size=(3, 3), stride=(1, 1), padding=(1, 1), groups=180)
            (proj): Linear(in_features=180, out_features=180, bias=True)
            (attn_drop): Dropout(p=0.0, inplace=False)
            (proj_drop): Dropout(p=0.0, inplace=False)
          )
          (drop_path): DropPath(drop_prob=0.020)
          (mlp): MLP(
            (fc1): Linear(in_features=180, out_features=360, bias=True)
            (act): GELU(approximate='none')
            (sg): Gate(
              (norm): LayerNorm((180,), eps=1e-05, elementwise_affine=True)
              (conv): Conv2d(180, 180, kernel_size=(3, 3), stride=(1, 1), padding=(1, 1), groups=180)
            )
            (fc2): Linear(in_features=180, out_features=180, bias=True)
            (drop): Dropout(p=0.0, inplace=False)
          )
          (norm2): LayerNorm((180,), eps=1e-05, elementwise_affine=True)
        )
        (2): Block(
          (norm1): LayerNorm((180,), eps=1e-05, elementwise_affine=True)
          (attn): LCGA(
            (qkv): Linear(in_features=180, out_features=540, bias=True)
            (proj): Linear(in_features=180, out_features=180, bias=True)
            (proj_drop): Dropout(p=0.0, inplace=False)
            (attns): ModuleList(
              (0-1): 2 x WindowAttention(
                (pos): DynamicPosBias(
                  (pos_proj): Linear(in_features=2, out_features=5, bias=True)
                  (pos1): Sequential(
                    (0): LayerNorm((5,), eps=1e-05, elementwise_affine=True)
                    (1): ReLU(inplace=True)
                    (2): Linear(in_features=5, out_features=5, bias=True)
                  )
                  (pos2): Sequential(
                    (0): LayerNorm((5,), eps=1e-05, elementwise_affine=True)
                    (1): ReLU(inplace=True)
                    (2): Linear(in_features=5, out_features=5, bias=True)
                  )
                  (pos3): Sequential(
                    (0): LayerNorm((5,), eps=1e-05, elementwise_affine=True)
                    (1): ReLU(inplace=True)
                    (2): Linear(in_features=5, out_features=3, bias=True)
                  )
                )
                (curvature_conv): Conv2d(90, 90, kernel_size=(3, 3), stride=(1, 1), padding=(1, 1), groups=90, bias=False)
                (attn_drop): Dropout(p=0.0, inplace=False)
              )
            )
            (get_v): Conv2d(180, 180, kernel_size=(3, 3), stride=(1, 1), padding=(1, 1), groups=180)
          )
          (drop_path): DropPath(drop_prob=0.023)
          (mlp): MLP(
            (fc1): Linear(in_features=180, out_features=360, bias=True)
            (act): GELU(approximate='none')
            (sg): Gate(
              (norm): LayerNorm((180,), eps=1e-05, elementwise_affine=True)
              (conv): Conv2d(180, 180, kernel_size=(3, 3), stride=(1, 1), padding=(1, 1), groups=180)
            )
            (fc2): Linear(in_features=180, out_features=180, bias=True)
            (drop): Dropout(p=0.0, inplace=False)
          )
          (norm2): LayerNorm((180,), eps=1e-05, elementwise_affine=True)
        )
        (3): Block(
          (norm1): LayerNorm((180,), eps=1e-05, elementwise_affine=True)
          (attn): CGTA(
            (curvature_conv): Conv2d(180, 180, kernel_size=(3, 3), stride=(1, 1), padding=(1, 1), groups=180, bias=False)
            (gate): RetentionGate(
              (ret_gate): Sequential(
                (0): Linear(in_features=180, out_features=90, bias=True)
                (1): ReLU()
                (2): Linear(in_features=90, out_features=1, bias=True)
                (3): Sigmoid()
              )
            )
            (q): Linear(in_features=180, out_features=90, bias=True)
            (kv_reduce): Conv1d(180, 90, kernel_size=(1,), stride=(1,))
            (k): Linear(in_features=90, out_features=90, bias=True)
            (v): Linear(in_features=90, out_features=180, bias=True)
            (norm_act): Sequential(
              (0): LayerNorm((90,), eps=1e-05, elementwise_affine=True)
              (1): GELU(approximate='none')
            )
            (cpe): Conv2d(180, 180, kernel_size=(3, 3), stride=(1, 1), padding=(1, 1), groups=180)
            (proj): Linear(in_features=180, out_features=180, bias=True)
            (attn_drop): Dropout(p=0.0, inplace=False)
            (proj_drop): Dropout(p=0.0, inplace=False)
          )
          (drop_path): DropPath(drop_prob=0.026)
          (mlp): MLP(
            (fc1): Linear(in_features=180, out_features=360, bias=True)
            (act): GELU(approximate='none')
            (sg): Gate(
              (norm): LayerNorm((180,), eps=1e-05, elementwise_affine=True)
              (conv): Conv2d(180, 180, kernel_size=(3, 3), stride=(1, 1), padding=(1, 1), groups=180)
            )
            (fc2): Linear(in_features=180, out_features=180, bias=True)
            (drop): Dropout(p=0.0, inplace=False)
          )
          (norm2): LayerNorm((180,), eps=1e-05, elementwise_affine=True)
        )
        (4): Block(
          (norm1): LayerNorm((180,), eps=1e-05, elementwise_affine=True)
          (attn): LCGA(
            (qkv): Linear(in_features=180, out_features=540, bias=True)
            (proj): Linear(in_features=180, out_features=180, bias=True)
            (proj_drop): Dropout(p=0.0, inplace=False)
            (attns): ModuleList(
              (0-1): 2 x WindowAttention(
                (pos): DynamicPosBias(
                  (pos_proj): Linear(in_features=2, out_features=5, bias=True)
                  (pos1): Sequential(
                    (0): LayerNorm((5,), eps=1e-05, elementwise_affine=True)
                    (1): ReLU(inplace=True)
                    (2): Linear(in_features=5, out_features=5, bias=True)
                  )
                  (pos2): Sequential(
                    (0): LayerNorm((5,), eps=1e-05, elementwise_affine=True)
                    (1): ReLU(inplace=True)
                    (2): Linear(in_features=5, out_features=5, bias=True)
                  )
                  (pos3): Sequential(
                    (0): LayerNorm((5,), eps=1e-05, elementwise_affine=True)
                    (1): ReLU(inplace=True)
                    (2): Linear(in_features=5, out_features=3, bias=True)
                  )
                )
                (curvature_conv): Conv2d(90, 90, kernel_size=(3, 3), stride=(1, 1), padding=(1, 1), groups=90, bias=False)
                (attn_drop): Dropout(p=0.0, inplace=False)
              )
            )
            (get_v): Conv2d(180, 180, kernel_size=(3, 3), stride=(1, 1), padding=(1, 1), groups=180)
          )
          (drop_path): DropPath(drop_prob=0.029)
          (mlp): MLP(
            (fc1): Linear(in_features=180, out_features=360, bias=True)
            (act): GELU(approximate='none')
            (sg): Gate(
              (norm): LayerNorm((180,), eps=1e-05, elementwise_affine=True)
              (conv): Conv2d(180, 180, kernel_size=(3, 3), stride=(1, 1), padding=(1, 1), groups=180)
            )
            (fc2): Linear(in_features=180, out_features=180, bias=True)
            (drop): Dropout(p=0.0, inplace=False)
          )
          (norm2): LayerNorm((180,), eps=1e-05, elementwise_affine=True)
        )
        (5): Block(
          (norm1): LayerNorm((180,), eps=1e-05, elementwise_affine=True)
          (attn): CGTA(
            (curvature_conv): Conv2d(180, 180, kernel_size=(3, 3), stride=(1, 1), padding=(1, 1), groups=180, bias=False)
            (gate): RetentionGate(
              (ret_gate): Sequential(
                (0): Linear(in_features=180, out_features=90, bias=True)
                (1): ReLU()
                (2): Linear(in_features=90, out_features=1, bias=True)
                (3): Sigmoid()
              )
            )
            (q): Linear(in_features=180, out_features=90, bias=True)
            (kv_reduce): Conv1d(180, 90, kernel_size=(1,), stride=(1,))
            (k): Linear(in_features=90, out_features=90, bias=True)
            (v): Linear(in_features=90, out_features=180, bias=True)
            (norm_act): Sequential(
              (0): LayerNorm((90,), eps=1e-05, elementwise_affine=True)
              (1): GELU(approximate='none')
            )
            (cpe): Conv2d(180, 180, kernel_size=(3, 3), stride=(1, 1), padding=(1, 1), groups=180)
            (proj): Linear(in_features=180, out_features=180, bias=True)
            (attn_drop): Dropout(p=0.0, inplace=False)
            (proj_drop): Dropout(p=0.0, inplace=False)
          )
          (drop_path): DropPath(drop_prob=0.031)
          (mlp): MLP(
            (fc1): Linear(in_features=180, out_features=360, bias=True)
            (act): GELU(approximate='none')
            (sg): Gate(
              (norm): LayerNorm((180,), eps=1e-05, elementwise_affine=True)
              (conv): Conv2d(180, 180, kernel_size=(3, 3), stride=(1, 1), padding=(1, 1), groups=180)
            )
            (fc2): Linear(in_features=180, out_features=180, bias=True)
            (drop): Dropout(p=0.0, inplace=False)
          )
          (norm2): LayerNorm((180,), eps=1e-05, elementwise_affine=True)
        )
      )
      (conv): Conv2d(180, 180, kernel_size=(3, 3), stride=(1, 1), padding=(1, 1))
    )
    (2): ResidualGroup(
      (blocks): ModuleList(
        (0): Block(
          (norm1): LayerNorm((180,), eps=1e-05, elementwise_affine=True)
          (attn): LCGA(
            (qkv): Linear(in_features=180, out_features=540, bias=True)
            (proj): Linear(in_features=180, out_features=180, bias=True)
            (proj_drop): Dropout(p=0.0, inplace=False)
            (attns): ModuleList(
              (0-1): 2 x WindowAttention(
                (pos): DynamicPosBias(
                  (pos_proj): Linear(in_features=2, out_features=5, bias=True)
                  (pos1): Sequential(
                    (0): LayerNorm((5,), eps=1e-05, elementwise_affine=True)
                    (1): ReLU(inplace=True)
                    (2): Linear(in_features=5, out_features=5, bias=True)
                  )
                  (pos2): Sequential(
                    (0): LayerNorm((5,), eps=1e-05, elementwise_affine=True)
                    (1): ReLU(inplace=True)
                    (2): Linear(in_features=5, out_features=5, bias=True)
                  )
                  (pos3): Sequential(
                    (0): LayerNorm((5,), eps=1e-05, elementwise_affine=True)
                    (1): ReLU(inplace=True)
                    (2): Linear(in_features=5, out_features=3, bias=True)
                  )
                )
                (curvature_conv): Conv2d(90, 90, kernel_size=(3, 3), stride=(1, 1), padding=(1, 1), groups=90, bias=False)
                (attn_drop): Dropout(p=0.0, inplace=False)
              )
            )
            (get_v): Conv2d(180, 180, kernel_size=(3, 3), stride=(1, 1), padding=(1, 1), groups=180)
          )
          (drop_path): DropPath(drop_prob=0.034)
          (mlp): MLP(
            (fc1): Linear(in_features=180, out_features=360, bias=True)
            (act): GELU(approximate='none')
            (sg): Gate(
              (norm): LayerNorm((180,), eps=1e-05, elementwise_affine=True)
              (conv): Conv2d(180, 180, kernel_size=(3, 3), stride=(1, 1), padding=(1, 1), groups=180)
            )
            (fc2): Linear(in_features=180, out_features=180, bias=True)
            (drop): Dropout(p=0.0, inplace=False)
          )
          (norm2): LayerNorm((180,), eps=1e-05, elementwise_affine=True)
        )
        (1): Block(
          (norm1): LayerNorm((180,), eps=1e-05, elementwise_affine=True)
          (attn): CGTA(
            (curvature_conv): Conv2d(180, 180, kernel_size=(3, 3), stride=(1, 1), padding=(1, 1), groups=180, bias=False)
            (gate): RetentionGate(
              (ret_gate): Sequential(
                (0): Linear(in_features=180, out_features=90, bias=True)
                (1): ReLU()
                (2): Linear(in_features=90, out_features=1, bias=True)
                (3): Sigmoid()
              )
            )
            (q): Linear(in_features=180, out_features=90, bias=True)
            (kv_reduce): Conv1d(180, 90, kernel_size=(1,), stride=(1,))
            (k): Linear(in_features=90, out_features=90, bias=True)
            (v): Linear(in_features=90, out_features=180, bias=True)
            (norm_act): Sequential(
              (0): LayerNorm((90,), eps=1e-05, elementwise_affine=True)
              (1): GELU(approximate='none')
            )
            (cpe): Conv2d(180, 180, kernel_size=(3, 3), stride=(1, 1), padding=(1, 1), groups=180)
            (proj): Linear(in_features=180, out_features=180, bias=True)
            (attn_drop): Dropout(p=0.0, inplace=False)
            (proj_drop): Dropout(p=0.0, inplace=False)
          )
          (drop_path): DropPath(drop_prob=0.037)
          (mlp): MLP(
            (fc1): Linear(in_features=180, out_features=360, bias=True)
            (act): GELU(approximate='none')
            (sg): Gate(
              (norm): LayerNorm((180,), eps=1e-05, elementwise_affine=True)
              (conv): Conv2d(180, 180, kernel_size=(3, 3), stride=(1, 1), padding=(1, 1), groups=180)
            )
            (fc2): Linear(in_features=180, out_features=180, bias=True)
            (drop): Dropout(p=0.0, inplace=False)
          )
          (norm2): LayerNorm((180,), eps=1e-05, elementwise_affine=True)
        )
        (2): Block(
          (norm1): LayerNorm((180,), eps=1e-05, elementwise_affine=True)
          (attn): LCGA(
            (qkv): Linear(in_features=180, out_features=540, bias=True)
            (proj): Linear(in_features=180, out_features=180, bias=True)
            (proj_drop): Dropout(p=0.0, inplace=False)
            (attns): ModuleList(
              (0-1): 2 x WindowAttention(
                (pos): DynamicPosBias(
                  (pos_proj): Linear(in_features=2, out_features=5, bias=True)
                  (pos1): Sequential(
                    (0): LayerNorm((5,), eps=1e-05, elementwise_affine=True)
                    (1): ReLU(inplace=True)
                    (2): Linear(in_features=5, out_features=5, bias=True)
                  )
                  (pos2): Sequential(
                    (0): LayerNorm((5,), eps=1e-05, elementwise_affine=True)
                    (1): ReLU(inplace=True)
                    (2): Linear(in_features=5, out_features=5, bias=True)
                  )
                  (pos3): Sequential(
                    (0): LayerNorm((5,), eps=1e-05, elementwise_affine=True)
                    (1): ReLU(inplace=True)
                    (2): Linear(in_features=5, out_features=3, bias=True)
                  )
                )
                (curvature_conv): Conv2d(90, 90, kernel_size=(3, 3), stride=(1, 1), padding=(1, 1), groups=90, bias=False)
                (attn_drop): Dropout(p=0.0, inplace=False)
              )
            )
            (get_v): Conv2d(180, 180, kernel_size=(3, 3), stride=(1, 1), padding=(1, 1), groups=180)
          )
          (drop_path): DropPath(drop_prob=0.040)
          (mlp): MLP(
            (fc1): Linear(in_features=180, out_features=360, bias=True)
            (act): GELU(approximate='none')
            (sg): Gate(
              (norm): LayerNorm((180,), eps=1e-05, elementwise_affine=True)
              (conv): Conv2d(180, 180, kernel_size=(3, 3), stride=(1, 1), padding=(1, 1), groups=180)
            )
            (fc2): Linear(in_features=180, out_features=180, bias=True)
            (drop): Dropout(p=0.0, inplace=False)
          )
          (norm2): LayerNorm((180,), eps=1e-05, elementwise_affine=True)
        )
        (3): Block(
          (norm1): LayerNorm((180,), eps=1e-05, elementwise_affine=True)
          (attn): CGTA(
            (curvature_conv): Conv2d(180, 180, kernel_size=(3, 3), stride=(1, 1), padding=(1, 1), groups=180, bias=False)
            (gate): RetentionGate(
              (ret_gate): Sequential(
                (0): Linear(in_features=180, out_features=90, bias=True)
                (1): ReLU()
                (2): Linear(in_features=90, out_features=1, bias=True)
                (3): Sigmoid()
              )
            )
            (q): Linear(in_features=180, out_features=90, bias=True)
            (kv_reduce): Conv1d(180, 90, kernel_size=(1,), stride=(1,))
            (k): Linear(in_features=90, out_features=90, bias=True)
            (v): Linear(in_features=90, out_features=180, bias=True)
            (norm_act): Sequential(
              (0): LayerNorm((90,), eps=1e-05, elementwise_affine=True)
              (1): GELU(approximate='none')
            )
            (cpe): Conv2d(180, 180, kernel_size=(3, 3), stride=(1, 1), padding=(1, 1), groups=180)
            (proj): Linear(in_features=180, out_features=180, bias=True)
            (attn_drop): Dropout(p=0.0, inplace=False)
            (proj_drop): Dropout(p=0.0, inplace=False)
          )
          (drop_path): DropPath(drop_prob=0.043)
          (mlp): MLP(
            (fc1): Linear(in_features=180, out_features=360, bias=True)
            (act): GELU(approximate='none')
            (sg): Gate(
              (norm): LayerNorm((180,), eps=1e-05, elementwise_affine=True)
              (conv): Conv2d(180, 180, kernel_size=(3, 3), stride=(1, 1), padding=(1, 1), groups=180)
            )
            (fc2): Linear(in_features=180, out_features=180, bias=True)
            (drop): Dropout(p=0.0, inplace=False)
          )
          (norm2): LayerNorm((180,), eps=1e-05, elementwise_affine=True)
        )
        (4): Block(
          (norm1): LayerNorm((180,), eps=1e-05, elementwise_affine=True)
          (attn): LCGA(
            (qkv): Linear(in_features=180, out_features=540, bias=True)
            (proj): Linear(in_features=180, out_features=180, bias=True)
            (proj_drop): Dropout(p=0.0, inplace=False)
            (attns): ModuleList(
              (0-1): 2 x WindowAttention(
                (pos): DynamicPosBias(
                  (pos_proj): Linear(in_features=2, out_features=5, bias=True)
                  (pos1): Sequential(
                    (0): LayerNorm((5,), eps=1e-05, elementwise_affine=True)
                    (1): ReLU(inplace=True)
                    (2): Linear(in_features=5, out_features=5, bias=True)
                  )
                  (pos2): Sequential(
                    (0): LayerNorm((5,), eps=1e-05, elementwise_affine=True)
                    (1): ReLU(inplace=True)
                    (2): Linear(in_features=5, out_features=5, bias=True)
                  )
                  (pos3): Sequential(
                    (0): LayerNorm((5,), eps=1e-05, elementwise_affine=True)
                    (1): ReLU(inplace=True)
                    (2): Linear(in_features=5, out_features=3, bias=True)
                  )
                )
                (curvature_conv): Conv2d(90, 90, kernel_size=(3, 3), stride=(1, 1), padding=(1, 1), groups=90, bias=False)
                (attn_drop): Dropout(p=0.0, inplace=False)
              )
            )
            (get_v): Conv2d(180, 180, kernel_size=(3, 3), stride=(1, 1), padding=(1, 1), groups=180)
          )
          (drop_path): DropPath(drop_prob=0.046)
          (mlp): MLP(
            (fc1): Linear(in_features=180, out_features=360, bias=True)
            (act): GELU(approximate='none')
            (sg): Gate(
              (norm): LayerNorm((180,), eps=1e-05, elementwise_affine=True)
              (conv): Conv2d(180, 180, kernel_size=(3, 3), stride=(1, 1), padding=(1, 1), groups=180)
            )
            (fc2): Linear(in_features=180, out_features=180, bias=True)
            (drop): Dropout(p=0.0, inplace=False)
          )
          (norm2): LayerNorm((180,), eps=1e-05, elementwise_affine=True)
        )
        (5): Block(
          (norm1): LayerNorm((180,), eps=1e-05, elementwise_affine=True)
          (attn): CGTA(
            (curvature_conv): Conv2d(180, 180, kernel_size=(3, 3), stride=(1, 1), padding=(1, 1), groups=180, bias=False)
            (gate): RetentionGate(
              (ret_gate): Sequential(
                (0): Linear(in_features=180, out_features=90, bias=True)
                (1): ReLU()
                (2): Linear(in_features=90, out_features=1, bias=True)
                (3): Sigmoid()
              )
            )
            (q): Linear(in_features=180, out_features=90, bias=True)
            (kv_reduce): Conv1d(180, 90, kernel_size=(1,), stride=(1,))
            (k): Linear(in_features=90, out_features=90, bias=True)
            (v): Linear(in_features=90, out_features=180, bias=True)
            (norm_act): Sequential(
              (0): LayerNorm((90,), eps=1e-05, elementwise_affine=True)
              (1): GELU(approximate='none')
            )
            (cpe): Conv2d(180, 180, kernel_size=(3, 3), stride=(1, 1), padding=(1, 1), groups=180)
            (proj): Linear(in_features=180, out_features=180, bias=True)
            (attn_drop): Dropout(p=0.0, inplace=False)
            (proj_drop): Dropout(p=0.0, inplace=False)
          )
          (drop_path): DropPath(drop_prob=0.049)
          (mlp): MLP(
            (fc1): Linear(in_features=180, out_features=360, bias=True)
            (act): GELU(approximate='none')
            (sg): Gate(
              (norm): LayerNorm((180,), eps=1e-05, elementwise_affine=True)
              (conv): Conv2d(180, 180, kernel_size=(3, 3), stride=(1, 1), padding=(1, 1), groups=180)
            )
            (fc2): Linear(in_features=180, out_features=180, bias=True)
            (drop): Dropout(p=0.0, inplace=False)
          )
          (norm2): LayerNorm((180,), eps=1e-05, elementwise_affine=True)
        )
      )
      (conv): Conv2d(180, 180, kernel_size=(3, 3), stride=(1, 1), padding=(1, 1))
    )
    (3): ResidualGroup(
      (blocks): ModuleList(
        (0): Block(
          (norm1): LayerNorm((180,), eps=1e-05, elementwise_affine=True)
          (attn): LCGA(
            (qkv): Linear(in_features=180, out_features=540, bias=True)
            (proj): Linear(in_features=180, out_features=180, bias=True)
            (proj_drop): Dropout(p=0.0, inplace=False)
            (attns): ModuleList(
              (0-1): 2 x WindowAttention(
                (pos): DynamicPosBias(
                  (pos_proj): Linear(in_features=2, out_features=5, bias=True)
                  (pos1): Sequential(
                    (0): LayerNorm((5,), eps=1e-05, elementwise_affine=True)
                    (1): ReLU(inplace=True)
                    (2): Linear(in_features=5, out_features=5, bias=True)
                  )
                  (pos2): Sequential(
                    (0): LayerNorm((5,), eps=1e-05, elementwise_affine=True)
                    (1): ReLU(inplace=True)
                    (2): Linear(in_features=5, out_features=5, bias=True)
                  )
                  (pos3): Sequential(
                    (0): LayerNorm((5,), eps=1e-05, elementwise_affine=True)
                    (1): ReLU(inplace=True)
                    (2): Linear(in_features=5, out_features=3, bias=True)
                  )
                )
                (curvature_conv): Conv2d(90, 90, kernel_size=(3, 3), stride=(1, 1), padding=(1, 1), groups=90, bias=False)
                (attn_drop): Dropout(p=0.0, inplace=False)
              )
            )
            (get_v): Conv2d(180, 180, kernel_size=(3, 3), stride=(1, 1), padding=(1, 1), groups=180)
          )
          (drop_path): DropPath(drop_prob=0.051)
          (mlp): MLP(
            (fc1): Linear(in_features=180, out_features=360, bias=True)
            (act): GELU(approximate='none')
            (sg): Gate(
              (norm): LayerNorm((180,), eps=1e-05, elementwise_affine=True)
              (conv): Conv2d(180, 180, kernel_size=(3, 3), stride=(1, 1), padding=(1, 1), groups=180)
            )
            (fc2): Linear(in_features=180, out_features=180, bias=True)
            (drop): Dropout(p=0.0, inplace=False)
          )
          (norm2): LayerNorm((180,), eps=1e-05, elementwise_affine=True)
        )
        (1): Block(
          (norm1): LayerNorm((180,), eps=1e-05, elementwise_affine=True)
          (attn): CGTA(
            (curvature_conv): Conv2d(180, 180, kernel_size=(3, 3), stride=(1, 1), padding=(1, 1), groups=180, bias=False)
            (gate): RetentionGate(
              (ret_gate): Sequential(
                (0): Linear(in_features=180, out_features=90, bias=True)
                (1): ReLU()
                (2): Linear(in_features=90, out_features=1, bias=True)
                (3): Sigmoid()
              )
            )
            (q): Linear(in_features=180, out_features=90, bias=True)
            (kv_reduce): Conv1d(180, 90, kernel_size=(1,), stride=(1,))
            (k): Linear(in_features=90, out_features=90, bias=True)
            (v): Linear(in_features=90, out_features=180, bias=True)
            (norm_act): Sequential(
              (0): LayerNorm((90,), eps=1e-05, elementwise_affine=True)
              (1): GELU(approximate='none')
            )
            (cpe): Conv2d(180, 180, kernel_size=(3, 3), stride=(1, 1), padding=(1, 1), groups=180)
            (proj): Linear(in_features=180, out_features=180, bias=True)
            (attn_drop): Dropout(p=0.0, inplace=False)
            (proj_drop): Dropout(p=0.0, inplace=False)
          )
          (drop_path): DropPath(drop_prob=0.054)
          (mlp): MLP(
            (fc1): Linear(in_features=180, out_features=360, bias=True)
            (act): GELU(approximate='none')
            (sg): Gate(
              (norm): LayerNorm((180,), eps=1e-05, elementwise_affine=True)
              (conv): Conv2d(180, 180, kernel_size=(3, 3), stride=(1, 1), padding=(1, 1), groups=180)
            )
            (fc2): Linear(in_features=180, out_features=180, bias=True)
            (drop): Dropout(p=0.0, inplace=False)
          )
          (norm2): LayerNorm((180,), eps=1e-05, elementwise_affine=True)
        )
        (2): Block(
          (norm1): LayerNorm((180,), eps=1e-05, elementwise_affine=True)
          (attn): LCGA(
            (qkv): Linear(in_features=180, out_features=540, bias=True)
            (proj): Linear(in_features=180, out_features=180, bias=True)
            (proj_drop): Dropout(p=0.0, inplace=False)
            (attns): ModuleList(
              (0-1): 2 x WindowAttention(
                (pos): DynamicPosBias(
                  (pos_proj): Linear(in_features=2, out_features=5, bias=True)
                  (pos1): Sequential(
                    (0): LayerNorm((5,), eps=1e-05, elementwise_affine=True)
                    (1): ReLU(inplace=True)
                    (2): Linear(in_features=5, out_features=5, bias=True)
                  )
                  (pos2): Sequential(
                    (0): LayerNorm((5,), eps=1e-05, elementwise_affine=True)
                    (1): ReLU(inplace=True)
                    (2): Linear(in_features=5, out_features=5, bias=True)
                  )
                  (pos3): Sequential(
                    (0): LayerNorm((5,), eps=1e-05, elementwise_affine=True)
                    (1): ReLU(inplace=True)
                    (2): Linear(in_features=5, out_features=3, bias=True)
                  )
                )
                (curvature_conv): Conv2d(90, 90, kernel_size=(3, 3), stride=(1, 1), padding=(1, 1), groups=90, bias=False)
                (attn_drop): Dropout(p=0.0, inplace=False)
              )
            )
            (get_v): Conv2d(180, 180, kernel_size=(3, 3), stride=(1, 1), padding=(1, 1), groups=180)
          )
          (drop_path): DropPath(drop_prob=0.057)
          (mlp): MLP(
            (fc1): Linear(in_features=180, out_features=360, bias=True)
            (act): GELU(approximate='none')
            (sg): Gate(
              (norm): LayerNorm((180,), eps=1e-05, elementwise_affine=True)
              (conv): Conv2d(180, 180, kernel_size=(3, 3), stride=(1, 1), padding=(1, 1), groups=180)
            )
            (fc2): Linear(in_features=180, out_features=180, bias=True)
            (drop): Dropout(p=0.0, inplace=False)
          )
          (norm2): LayerNorm((180,), eps=1e-05, elementwise_affine=True)
        )
        (3): Block(
          (norm1): LayerNorm((180,), eps=1e-05, elementwise_affine=True)
          (attn): CGTA(
            (curvature_conv): Conv2d(180, 180, kernel_size=(3, 3), stride=(1, 1), padding=(1, 1), groups=180, bias=False)
            (gate): RetentionGate(
              (ret_gate): Sequential(
                (0): Linear(in_features=180, out_features=90, bias=True)
                (1): ReLU()
                (2): Linear(in_features=90, out_features=1, bias=True)
                (3): Sigmoid()
              )
            )
            (q): Linear(in_features=180, out_features=90, bias=True)
            (kv_reduce): Conv1d(180, 90, kernel_size=(1,), stride=(1,))
            (k): Linear(in_features=90, out_features=90, bias=True)
            (v): Linear(in_features=90, out_features=180, bias=True)
            (norm_act): Sequential(
              (0): LayerNorm((90,), eps=1e-05, elementwise_affine=True)
              (1): GELU(approximate='none')
            )
            (cpe): Conv2d(180, 180, kernel_size=(3, 3), stride=(1, 1), padding=(1, 1), groups=180)
            (proj): Linear(in_features=180, out_features=180, bias=True)
            (attn_drop): Dropout(p=0.0, inplace=False)
            (proj_drop): Dropout(p=0.0, inplace=False)
          )
          (drop_path): DropPath(drop_prob=0.060)
          (mlp): MLP(
            (fc1): Linear(in_features=180, out_features=360, bias=True)
            (act): GELU(approximate='none')
            (sg): Gate(
              (norm): LayerNorm((180,), eps=1e-05, elementwise_affine=True)
              (conv): Conv2d(180, 180, kernel_size=(3, 3), stride=(1, 1), padding=(1, 1), groups=180)
            )
            (fc2): Linear(in_features=180, out_features=180, bias=True)
            (drop): Dropout(p=0.0, inplace=False)
          )
          (norm2): LayerNorm((180,), eps=1e-05, elementwise_affine=True)
        )
        (4): Block(
          (norm1): LayerNorm((180,), eps=1e-05, elementwise_affine=True)
          (attn): LCGA(
            (qkv): Linear(in_features=180, out_features=540, bias=True)
            (proj): Linear(in_features=180, out_features=180, bias=True)
            (proj_drop): Dropout(p=0.0, inplace=False)
            (attns): ModuleList(
              (0-1): 2 x WindowAttention(
                (pos): DynamicPosBias(
                  (pos_proj): Linear(in_features=2, out_features=5, bias=True)
                  (pos1): Sequential(
                    (0): LayerNorm((5,), eps=1e-05, elementwise_affine=True)
                    (1): ReLU(inplace=True)
                    (2): Linear(in_features=5, out_features=5, bias=True)
                  )
                  (pos2): Sequential(
                    (0): LayerNorm((5,), eps=1e-05, elementwise_affine=True)
                    (1): ReLU(inplace=True)
                    (2): Linear(in_features=5, out_features=5, bias=True)
                  )
                  (pos3): Sequential(
                    (0): LayerNorm((5,), eps=1e-05, elementwise_affine=True)
                    (1): ReLU(inplace=True)
                    (2): Linear(in_features=5, out_features=3, bias=True)
                  )
                )
                (curvature_conv): Conv2d(90, 90, kernel_size=(3, 3), stride=(1, 1), padding=(1, 1), groups=90, bias=False)
                (attn_drop): Dropout(p=0.0, inplace=False)
              )
            )
            (get_v): Conv2d(180, 180, kernel_size=(3, 3), stride=(1, 1), padding=(1, 1), groups=180)
          )
          (drop_path): DropPath(drop_prob=0.063)
          (mlp): MLP(
            (fc1): Linear(in_features=180, out_features=360, bias=True)
            (act): GELU(approximate='none')
            (sg): Gate(
              (norm): LayerNorm((180,), eps=1e-05, elementwise_affine=True)
              (conv): Conv2d(180, 180, kernel_size=(3, 3), stride=(1, 1), padding=(1, 1), groups=180)
            )
            (fc2): Linear(in_features=180, out_features=180, bias=True)
            (drop): Dropout(p=0.0, inplace=False)
          )
          (norm2): LayerNorm((180,), eps=1e-05, elementwise_affine=True)
        )
        (5): Block(
          (norm1): LayerNorm((180,), eps=1e-05, elementwise_affine=True)
          (attn): CGTA(
            (curvature_conv): Conv2d(180, 180, kernel_size=(3, 3), stride=(1, 1), padding=(1, 1), groups=180, bias=False)
            (gate): RetentionGate(
              (ret_gate): Sequential(
                (0): Linear(in_features=180, out_features=90, bias=True)
                (1): ReLU()
                (2): Linear(in_features=90, out_features=1, bias=True)
                (3): Sigmoid()
              )
            )
            (q): Linear(in_features=180, out_features=90, bias=True)
            (kv_reduce): Conv1d(180, 90, kernel_size=(1,), stride=(1,))
            (k): Linear(in_features=90, out_features=90, bias=True)
            (v): Linear(in_features=90, out_features=180, bias=True)
            (norm_act): Sequential(
              (0): LayerNorm((90,), eps=1e-05, elementwise_affine=True)
              (1): GELU(approximate='none')
            )
            (cpe): Conv2d(180, 180, kernel_size=(3, 3), stride=(1, 1), padding=(1, 1), groups=180)
            (proj): Linear(in_features=180, out_features=180, bias=True)
            (attn_drop): Dropout(p=0.0, inplace=False)
            (proj_drop): Dropout(p=0.0, inplace=False)
          )
          (drop_path): DropPath(drop_prob=0.066)
          (mlp): MLP(
            (fc1): Linear(in_features=180, out_features=360, bias=True)
            (act): GELU(approximate='none')
            (sg): Gate(
              (norm): LayerNorm((180,), eps=1e-05, elementwise_affine=True)
              (conv): Conv2d(180, 180, kernel_size=(3, 3), stride=(1, 1), padding=(1, 1), groups=180)
            )
            (fc2): Linear(in_features=180, out_features=180, bias=True)
            (drop): Dropout(p=0.0, inplace=False)
          )
          (norm2): LayerNorm((180,), eps=1e-05, elementwise_affine=True)
        )
      )
      (conv): Conv2d(180, 180, kernel_size=(3, 3), stride=(1, 1), padding=(1, 1))
    )
    (4): ResidualGroup(
      (blocks): ModuleList(
        (0): Block(
          (norm1): LayerNorm((180,), eps=1e-05, elementwise_affine=True)
          (attn): LCGA(
            (qkv): Linear(in_features=180, out_features=540, bias=True)
            (proj): Linear(in_features=180, out_features=180, bias=True)
            (proj_drop): Dropout(p=0.0, inplace=False)
            (attns): ModuleList(
              (0-1): 2 x WindowAttention(
                (pos): DynamicPosBias(
                  (pos_proj): Linear(in_features=2, out_features=5, bias=True)
                  (pos1): Sequential(
                    (0): LayerNorm((5,), eps=1e-05, elementwise_affine=True)
                    (1): ReLU(inplace=True)
                    (2): Linear(in_features=5, out_features=5, bias=True)
                  )
                  (pos2): Sequential(
                    (0): LayerNorm((5,), eps=1e-05, elementwise_affine=True)
                    (1): ReLU(inplace=True)
                    (2): Linear(in_features=5, out_features=5, bias=True)
                  )
                  (pos3): Sequential(
                    (0): LayerNorm((5,), eps=1e-05, elementwise_affine=True)
                    (1): ReLU(inplace=True)
                    (2): Linear(in_features=5, out_features=3, bias=True)
                  )
                )
                (curvature_conv): Conv2d(90, 90, kernel_size=(3, 3), stride=(1, 1), padding=(1, 1), groups=90, bias=False)
                (attn_drop): Dropout(p=0.0, inplace=False)
              )
            )
            (get_v): Conv2d(180, 180, kernel_size=(3, 3), stride=(1, 1), padding=(1, 1), groups=180)
          )
          (drop_path): DropPath(drop_prob=0.069)
          (mlp): MLP(
            (fc1): Linear(in_features=180, out_features=360, bias=True)
            (act): GELU(approximate='none')
            (sg): Gate(
              (norm): LayerNorm((180,), eps=1e-05, elementwise_affine=True)
              (conv): Conv2d(180, 180, kernel_size=(3, 3), stride=(1, 1), padding=(1, 1), groups=180)
            )
            (fc2): Linear(in_features=180, out_features=180, bias=True)
            (drop): Dropout(p=0.0, inplace=False)
          )
          (norm2): LayerNorm((180,), eps=1e-05, elementwise_affine=True)
        )
        (1): Block(
          (norm1): LayerNorm((180,), eps=1e-05, elementwise_affine=True)
          (attn): CGTA(
            (curvature_conv): Conv2d(180, 180, kernel_size=(3, 3), stride=(1, 1), padding=(1, 1), groups=180, bias=False)
            (gate): RetentionGate(
              (ret_gate): Sequential(
                (0): Linear(in_features=180, out_features=90, bias=True)
                (1): ReLU()
                (2): Linear(in_features=90, out_features=1, bias=True)
                (3): Sigmoid()
              )
            )
            (q): Linear(in_features=180, out_features=90, bias=True)
            (kv_reduce): Conv1d(180, 90, kernel_size=(1,), stride=(1,))
            (k): Linear(in_features=90, out_features=90, bias=True)
            (v): Linear(in_features=90, out_features=180, bias=True)
            (norm_act): Sequential(
              (0): LayerNorm((90,), eps=1e-05, elementwise_affine=True)
              (1): GELU(approximate='none')
            )
            (cpe): Conv2d(180, 180, kernel_size=(3, 3), stride=(1, 1), padding=(1, 1), groups=180)
            (proj): Linear(in_features=180, out_features=180, bias=True)
            (attn_drop): Dropout(p=0.0, inplace=False)
            (proj_drop): Dropout(p=0.0, inplace=False)
          )
          (drop_path): DropPath(drop_prob=0.071)
          (mlp): MLP(
            (fc1): Linear(in_features=180, out_features=360, bias=True)
            (act): GELU(approximate='none')
            (sg): Gate(
              (norm): LayerNorm((180,), eps=1e-05, elementwise_affine=True)
              (conv): Conv2d(180, 180, kernel_size=(3, 3), stride=(1, 1), padding=(1, 1), groups=180)
            )
            (fc2): Linear(in_features=180, out_features=180, bias=True)
            (drop): Dropout(p=0.0, inplace=False)
          )
          (norm2): LayerNorm((180,), eps=1e-05, elementwise_affine=True)
        )
        (2): Block(
          (norm1): LayerNorm((180,), eps=1e-05, elementwise_affine=True)
          (attn): LCGA(
            (qkv): Linear(in_features=180, out_features=540, bias=True)
            (proj): Linear(in_features=180, out_features=180, bias=True)
            (proj_drop): Dropout(p=0.0, inplace=False)
            (attns): ModuleList(
              (0-1): 2 x WindowAttention(
                (pos): DynamicPosBias(
                  (pos_proj): Linear(in_features=2, out_features=5, bias=True)
                  (pos1): Sequential(
                    (0): LayerNorm((5,), eps=1e-05, elementwise_affine=True)
                    (1): ReLU(inplace=True)
                    (2): Linear(in_features=5, out_features=5, bias=True)
                  )
                  (pos2): Sequential(
                    (0): LayerNorm((5,), eps=1e-05, elementwise_affine=True)
                    (1): ReLU(inplace=True)
                    (2): Linear(in_features=5, out_features=5, bias=True)
                  )
                  (pos3): Sequential(
                    (0): LayerNorm((5,), eps=1e-05, elementwise_affine=True)
                    (1): ReLU(inplace=True)
                    (2): Linear(in_features=5, out_features=3, bias=True)
                  )
                )
                (curvature_conv): Conv2d(90, 90, kernel_size=(3, 3), stride=(1, 1), padding=(1, 1), groups=90, bias=False)
                (attn_drop): Dropout(p=0.0, inplace=False)
              )
            )
            (get_v): Conv2d(180, 180, kernel_size=(3, 3), stride=(1, 1), padding=(1, 1), groups=180)
          )
          (drop_path): DropPath(drop_prob=0.074)
          (mlp): MLP(
            (fc1): Linear(in_features=180, out_features=360, bias=True)
            (act): GELU(approximate='none')
            (sg): Gate(
              (norm): LayerNorm((180,), eps=1e-05, elementwise_affine=True)
              (conv): Conv2d(180, 180, kernel_size=(3, 3), stride=(1, 1), padding=(1, 1), groups=180)
            )
            (fc2): Linear(in_features=180, out_features=180, bias=True)
            (drop): Dropout(p=0.0, inplace=False)
          )
          (norm2): LayerNorm((180,), eps=1e-05, elementwise_affine=True)
        )
        (3): Block(
          (norm1): LayerNorm((180,), eps=1e-05, elementwise_affine=True)
          (attn): CGTA(
            (curvature_conv): Conv2d(180, 180, kernel_size=(3, 3), stride=(1, 1), padding=(1, 1), groups=180, bias=False)
            (gate): RetentionGate(
              (ret_gate): Sequential(
                (0): Linear(in_features=180, out_features=90, bias=True)
                (1): ReLU()
                (2): Linear(in_features=90, out_features=1, bias=True)
                (3): Sigmoid()
              )
            )
            (q): Linear(in_features=180, out_features=90, bias=True)
            (kv_reduce): Conv1d(180, 90, kernel_size=(1,), stride=(1,))
            (k): Linear(in_features=90, out_features=90, bias=True)
            (v): Linear(in_features=90, out_features=180, bias=True)
            (norm_act): Sequential(
              (0): LayerNorm((90,), eps=1e-05, elementwise_affine=True)
              (1): GELU(approximate='none')
            )
            (cpe): Conv2d(180, 180, kernel_size=(3, 3), stride=(1, 1), padding=(1, 1), groups=180)
            (proj): Linear(in_features=180, out_features=180, bias=True)
            (attn_drop): Dropout(p=0.0, inplace=False)
            (proj_drop): Dropout(p=0.0, inplace=False)
          )
          (drop_path): DropPath(drop_prob=0.077)
          (mlp): MLP(
            (fc1): Linear(in_features=180, out_features=360, bias=True)
            (act): GELU(approximate='none')
            (sg): Gate(
              (norm): LayerNorm((180,), eps=1e-05, elementwise_affine=True)
              (conv): Conv2d(180, 180, kernel_size=(3, 3), stride=(1, 1), padding=(1, 1), groups=180)
            )
            (fc2): Linear(in_features=180, out_features=180, bias=True)
            (drop): Dropout(p=0.0, inplace=False)
          )
          (norm2): LayerNorm((180,), eps=1e-05, elementwise_affine=True)
        )
        (4): Block(
          (norm1): LayerNorm((180,), eps=1e-05, elementwise_affine=True)
          (attn): LCGA(
            (qkv): Linear(in_features=180, out_features=540, bias=True)
            (proj): Linear(in_features=180, out_features=180, bias=True)
            (proj_drop): Dropout(p=0.0, inplace=False)
            (attns): ModuleList(
              (0-1): 2 x WindowAttention(
                (pos): DynamicPosBias(
                  (pos_proj): Linear(in_features=2, out_features=5, bias=True)
                  (pos1): Sequential(
                    (0): LayerNorm((5,), eps=1e-05, elementwise_affine=True)
                    (1): ReLU(inplace=True)
                    (2): Linear(in_features=5, out_features=5, bias=True)
                  )
                  (pos2): Sequential(
                    (0): LayerNorm((5,), eps=1e-05, elementwise_affine=True)
                    (1): ReLU(inplace=True)
                    (2): Linear(in_features=5, out_features=5, bias=True)
                  )
                  (pos3): Sequential(
                    (0): LayerNorm((5,), eps=1e-05, elementwise_affine=True)
                    (1): ReLU(inplace=True)
                    (2): Linear(in_features=5, out_features=3, bias=True)
                  )
                )
                (curvature_conv): Conv2d(90, 90, kernel_size=(3, 3), stride=(1, 1), padding=(1, 1), groups=90, bias=False)
                (attn_drop): Dropout(p=0.0, inplace=False)
              )
            )
            (get_v): Conv2d(180, 180, kernel_size=(3, 3), stride=(1, 1), padding=(1, 1), groups=180)
          )
          (drop_path): DropPath(drop_prob=0.080)
          (mlp): MLP(
            (fc1): Linear(in_features=180, out_features=360, bias=True)
            (act): GELU(approximate='none')
            (sg): Gate(
              (norm): LayerNorm((180,), eps=1e-05, elementwise_affine=True)
              (conv): Conv2d(180, 180, kernel_size=(3, 3), stride=(1, 1), padding=(1, 1), groups=180)
            )
            (fc2): Linear(in_features=180, out_features=180, bias=True)
            (drop): Dropout(p=0.0, inplace=False)
          )
          (norm2): LayerNorm((180,), eps=1e-05, elementwise_affine=True)
        )
        (5): Block(
          (norm1): LayerNorm((180,), eps=1e-05, elementwise_affine=True)
          (attn): CGTA(
            (curvature_conv): Conv2d(180, 180, kernel_size=(3, 3), stride=(1, 1), padding=(1, 1), groups=180, bias=False)
            (gate): RetentionGate(
              (ret_gate): Sequential(
                (0): Linear(in_features=180, out_features=90, bias=True)
                (1): ReLU()
                (2): Linear(in_features=90, out_features=1, bias=True)
                (3): Sigmoid()
              )
            )
            (q): Linear(in_features=180, out_features=90, bias=True)
            (kv_reduce): Conv1d(180, 90, kernel_size=(1,), stride=(1,))
            (k): Linear(in_features=90, out_features=90, bias=True)
            (v): Linear(in_features=90, out_features=180, bias=True)
            (norm_act): Sequential(
              (0): LayerNorm((90,), eps=1e-05, elementwise_affine=True)
              (1): GELU(approximate='none')
            )
            (cpe): Conv2d(180, 180, kernel_size=(3, 3), stride=(1, 1), padding=(1, 1), groups=180)
            (proj): Linear(in_features=180, out_features=180, bias=True)
            (attn_drop): Dropout(p=0.0, inplace=False)
            (proj_drop): Dropout(p=0.0, inplace=False)
          )
          (drop_path): DropPath(drop_prob=0.083)
          (mlp): MLP(
            (fc1): Linear(in_features=180, out_features=360, bias=True)
            (act): GELU(approximate='none')
            (sg): Gate(
              (norm): LayerNorm((180,), eps=1e-05, elementwise_affine=True)
              (conv): Conv2d(180, 180, kernel_size=(3, 3), stride=(1, 1), padding=(1, 1), groups=180)
            )
            (fc2): Linear(in_features=180, out_features=180, bias=True)
            (drop): Dropout(p=0.0, inplace=False)
          )
          (norm2): LayerNorm((180,), eps=1e-05, elementwise_affine=True)
        )
      )
      (conv): Conv2d(180, 180, kernel_size=(3, 3), stride=(1, 1), padding=(1, 1))
    )
    (5): ResidualGroup(
      (blocks): ModuleList(
        (0): Block(
          (norm1): LayerNorm((180,), eps=1e-05, elementwise_affine=True)
          (attn): LCGA(
            (qkv): Linear(in_features=180, out_features=540, bias=True)
            (proj): Linear(in_features=180, out_features=180, bias=True)
            (proj_drop): Dropout(p=0.0, inplace=False)
            (attns): ModuleList(
              (0-1): 2 x WindowAttention(
                (pos): DynamicPosBias(
                  (pos_proj): Linear(in_features=2, out_features=5, bias=True)
                  (pos1): Sequential(
                    (0): LayerNorm((5,), eps=1e-05, elementwise_affine=True)
                    (1): ReLU(inplace=True)
                    (2): Linear(in_features=5, out_features=5, bias=True)
                  )
                  (pos2): Sequential(
                    (0): LayerNorm((5,), eps=1e-05, elementwise_affine=True)
                    (1): ReLU(inplace=True)
                    (2): Linear(in_features=5, out_features=5, bias=True)
                  )
                  (pos3): Sequential(
                    (0): LayerNorm((5,), eps=1e-05, elementwise_affine=True)
                    (1): ReLU(inplace=True)
                    (2): Linear(in_features=5, out_features=3, bias=True)
                  )
                )
                (curvature_conv): Conv2d(90, 90, kernel_size=(3, 3), stride=(1, 1), padding=(1, 1), groups=90, bias=False)
                (attn_drop): Dropout(p=0.0, inplace=False)
              )
            )
            (get_v): Conv2d(180, 180, kernel_size=(3, 3), stride=(1, 1), padding=(1, 1), groups=180)
          )
          (drop_path): DropPath(drop_prob=0.086)
          (mlp): MLP(
            (fc1): Linear(in_features=180, out_features=360, bias=True)
            (act): GELU(approximate='none')
            (sg): Gate(
              (norm): LayerNorm((180,), eps=1e-05, elementwise_affine=True)
              (conv): Conv2d(180, 180, kernel_size=(3, 3), stride=(1, 1), padding=(1, 1), groups=180)
            )
            (fc2): Linear(in_features=180, out_features=180, bias=True)
            (drop): Dropout(p=0.0, inplace=False)
          )
          (norm2): LayerNorm((180,), eps=1e-05, elementwise_affine=True)
        )
        (1): Block(
          (norm1): LayerNorm((180,), eps=1e-05, elementwise_affine=True)
          (attn): CGTA(
            (curvature_conv): Conv2d(180, 180, kernel_size=(3, 3), stride=(1, 1), padding=(1, 1), groups=180, bias=False)
            (gate): RetentionGate(
              (ret_gate): Sequential(
                (0): Linear(in_features=180, out_features=90, bias=True)
                (1): ReLU()
                (2): Linear(in_features=90, out_features=1, bias=True)
                (3): Sigmoid()
              )
            )
            (q): Linear(in_features=180, out_features=90, bias=True)
            (kv_reduce): Conv1d(180, 90, kernel_size=(1,), stride=(1,))
            (k): Linear(in_features=90, out_features=90, bias=True)
            (v): Linear(in_features=90, out_features=180, bias=True)
            (norm_act): Sequential(
              (0): LayerNorm((90,), eps=1e-05, elementwise_affine=True)
              (1): GELU(approximate='none')
            )
            (cpe): Conv2d(180, 180, kernel_size=(3, 3), stride=(1, 1), padding=(1, 1), groups=180)
            (proj): Linear(in_features=180, out_features=180, bias=True)
            (attn_drop): Dropout(p=0.0, inplace=False)
            (proj_drop): Dropout(p=0.0, inplace=False)
          )
          (drop_path): DropPath(drop_prob=0.089)
          (mlp): MLP(
            (fc1): Linear(in_features=180, out_features=360, bias=True)
            (act): GELU(approximate='none')
            (sg): Gate(
              (norm): LayerNorm((180,), eps=1e-05, elementwise_affine=True)
              (conv): Conv2d(180, 180, kernel_size=(3, 3), stride=(1, 1), padding=(1, 1), groups=180)
            )
            (fc2): Linear(in_features=180, out_features=180, bias=True)
            (drop): Dropout(p=0.0, inplace=False)
          )
          (norm2): LayerNorm((180,), eps=1e-05, elementwise_affine=True)
        )
        (2): Block(
          (norm1): LayerNorm((180,), eps=1e-05, elementwise_affine=True)
          (attn): LCGA(
            (qkv): Linear(in_features=180, out_features=540, bias=True)
            (proj): Linear(in_features=180, out_features=180, bias=True)
            (proj_drop): Dropout(p=0.0, inplace=False)
            (attns): ModuleList(
              (0-1): 2 x WindowAttention(
                (pos): DynamicPosBias(
                  (pos_proj): Linear(in_features=2, out_features=5, bias=True)
                  (pos1): Sequential(
                    (0): LayerNorm((5,), eps=1e-05, elementwise_affine=True)
                    (1): ReLU(inplace=True)
                    (2): Linear(in_features=5, out_features=5, bias=True)
                  )
                  (pos2): Sequential(
                    (0): LayerNorm((5,), eps=1e-05, elementwise_affine=True)
                    (1): ReLU(inplace=True)
                    (2): Linear(in_features=5, out_features=5, bias=True)
                  )
                  (pos3): Sequential(
                    (0): LayerNorm((5,), eps=1e-05, elementwise_affine=True)
                    (1): ReLU(inplace=True)
                    (2): Linear(in_features=5, out_features=3, bias=True)
                  )
                )
                (curvature_conv): Conv2d(90, 90, kernel_size=(3, 3), stride=(1, 1), padding=(1, 1), groups=90, bias=False)
                (attn_drop): Dropout(p=0.0, inplace=False)
              )
            )
            (get_v): Conv2d(180, 180, kernel_size=(3, 3), stride=(1, 1), padding=(1, 1), groups=180)
          )
          (drop_path): DropPath(drop_prob=0.091)
          (mlp): MLP(
            (fc1): Linear(in_features=180, out_features=360, bias=True)
            (act): GELU(approximate='none')
            (sg): Gate(
              (norm): LayerNorm((180,), eps=1e-05, elementwise_affine=True)
              (conv): Conv2d(180, 180, kernel_size=(3, 3), stride=(1, 1), padding=(1, 1), groups=180)
            )
            (fc2): Linear(in_features=180, out_features=180, bias=True)
            (drop): Dropout(p=0.0, inplace=False)
          )
          (norm2): LayerNorm((180,), eps=1e-05, elementwise_affine=True)
        )
        (3): Block(
          (norm1): LayerNorm((180,), eps=1e-05, elementwise_affine=True)
          (attn): CGTA(
            (curvature_conv): Conv2d(180, 180, kernel_size=(3, 3), stride=(1, 1), padding=(1, 1), groups=180, bias=False)
            (gate): RetentionGate(
              (ret_gate): Sequential(
                (0): Linear(in_features=180, out_features=90, bias=True)
                (1): ReLU()
                (2): Linear(in_features=90, out_features=1, bias=True)
                (3): Sigmoid()
              )
            )
            (q): Linear(in_features=180, out_features=90, bias=True)
            (kv_reduce): Conv1d(180, 90, kernel_size=(1,), stride=(1,))
            (k): Linear(in_features=90, out_features=90, bias=True)
            (v): Linear(in_features=90, out_features=180, bias=True)
            (norm_act): Sequential(
              (0): LayerNorm((90,), eps=1e-05, elementwise_affine=True)
              (1): GELU(approximate='none')
            )
            (cpe): Conv2d(180, 180, kernel_size=(3, 3), stride=(1, 1), padding=(1, 1), groups=180)
            (proj): Linear(in_features=180, out_features=180, bias=True)
            (attn_drop): Dropout(p=0.0, inplace=False)
            (proj_drop): Dropout(p=0.0, inplace=False)
          )
          (drop_path): DropPath(drop_prob=0.094)
          (mlp): MLP(
            (fc1): Linear(in_features=180, out_features=360, bias=True)
            (act): GELU(approximate='none')
            (sg): Gate(
              (norm): LayerNorm((180,), eps=1e-05, elementwise_affine=True)
              (conv): Conv2d(180, 180, kernel_size=(3, 3), stride=(1, 1), padding=(1, 1), groups=180)
            )
            (fc2): Linear(in_features=180, out_features=180, bias=True)
            (drop): Dropout(p=0.0, inplace=False)
          )
          (norm2): LayerNorm((180,), eps=1e-05, elementwise_affine=True)
        )
        (4): Block(
          (norm1): LayerNorm((180,), eps=1e-05, elementwise_affine=True)
          (attn): LCGA(
            (qkv): Linear(in_features=180, out_features=540, bias=True)
            (proj): Linear(in_features=180, out_features=180, bias=True)
            (proj_drop): Dropout(p=0.0, inplace=False)
            (attns): ModuleList(
              (0-1): 2 x WindowAttention(
                (pos): DynamicPosBias(
                  (pos_proj): Linear(in_features=2, out_features=5, bias=True)
                  (pos1): Sequential(
                    (0): LayerNorm((5,), eps=1e-05, elementwise_affine=True)
                    (1): ReLU(inplace=True)
                    (2): Linear(in_features=5, out_features=5, bias=True)
                  )
                  (pos2): Sequential(
                    (0): LayerNorm((5,), eps=1e-05, elementwise_affine=True)
                    (1): ReLU(inplace=True)
                    (2): Linear(in_features=5, out_features=5, bias=True)
                  )
                  (pos3): Sequential(
                    (0): LayerNorm((5,), eps=1e-05, elementwise_affine=True)
                    (1): ReLU(inplace=True)
                    (2): Linear(in_features=5, out_features=3, bias=True)
                  )
                )
                (curvature_conv): Conv2d(90, 90, kernel_size=(3, 3), stride=(1, 1), padding=(1, 1), groups=90, bias=False)
                (attn_drop): Dropout(p=0.0, inplace=False)
              )
            )
            (get_v): Conv2d(180, 180, kernel_size=(3, 3), stride=(1, 1), padding=(1, 1), groups=180)
          )
          (drop_path): DropPath(drop_prob=0.097)
          (mlp): MLP(
            (fc1): Linear(in_features=180, out_features=360, bias=True)
            (act): GELU(approximate='none')
            (sg): Gate(
              (norm): LayerNorm((180,), eps=1e-05, elementwise_affine=True)
              (conv): Conv2d(180, 180, kernel_size=(3, 3), stride=(1, 1), padding=(1, 1), groups=180)
            )
            (fc2): Linear(in_features=180, out_features=180, bias=True)
            (drop): Dropout(p=0.0, inplace=False)
          )
          (norm2): LayerNorm((180,), eps=1e-05, elementwise_affine=True)
        )
        (5): Block(
          (norm1): LayerNorm((180,), eps=1e-05, elementwise_affine=True)
          (attn): CGTA(
            (curvature_conv): Conv2d(180, 180, kernel_size=(3, 3), stride=(1, 1), padding=(1, 1), groups=180, bias=False)
            (gate): RetentionGate(
              (ret_gate): Sequential(
                (0): Linear(in_features=180, out_features=90, bias=True)
                (1): ReLU()
                (2): Linear(in_features=90, out_features=1, bias=True)
                (3): Sigmoid()
              )
            )
            (q): Linear(in_features=180, out_features=90, bias=True)
            (kv_reduce): Conv1d(180, 90, kernel_size=(1,), stride=(1,))
            (k): Linear(in_features=90, out_features=90, bias=True)
            (v): Linear(in_features=90, out_features=180, bias=True)
            (norm_act): Sequential(
              (0): LayerNorm((90,), eps=1e-05, elementwise_affine=True)
              (1): GELU(approximate='none')
            )
            (cpe): Conv2d(180, 180, kernel_size=(3, 3), stride=(1, 1), padding=(1, 1), groups=180)
            (proj): Linear(in_features=180, out_features=180, bias=True)
            (attn_drop): Dropout(p=0.0, inplace=False)
            (proj_drop): Dropout(p=0.0, inplace=False)
          )
          (drop_path): DropPath(drop_prob=0.100)
          (mlp): MLP(
            (fc1): Linear(in_features=180, out_features=360, bias=True)
            (act): GELU(approximate='none')
            (sg): Gate(
              (norm): LayerNorm((180,), eps=1e-05, elementwise_affine=True)
              (conv): Conv2d(180, 180, kernel_size=(3, 3), stride=(1, 1), padding=(1, 1), groups=180)
            )
            (fc2): Linear(in_features=180, out_features=180, bias=True)
            (drop): Dropout(p=0.0, inplace=False)
          )
          (norm2): LayerNorm((180,), eps=1e-05, elementwise_affine=True)
        )
      )
      (conv): Conv2d(180, 180, kernel_size=(3, 3), stride=(1, 1), padding=(1, 1))
    )
  )
  (norm): LayerNorm((180,), eps=1e-05, elementwise_affine=True)
  (conv_after_body): Conv2d(180, 180, kernel_size=(3, 3), stride=(1, 1), padding=(1, 1))
  (conv_before_upsample): Sequential(
    (0): Conv2d(180, 64, kernel_size=(3, 3), stride=(1, 1), padding=(1, 1))
    (1): LeakyReLU(negative_slope=0.01, inplace=True)
  )
  (upsample): Upsample(
    (0): Conv2d(64, 576, kernel_size=(3, 3), stride=(1, 1), padding=(1, 1))
    (1): PixelShuffle(upscale_factor=3)
  )
  (conv_last): Conv2d(64, 3, kernel_size=(3, 3), stride=(1, 1), padding=(1, 1))
)
Preparing loss function:
1.000 * L1

🏃 Starting training...
[Epoch 1]	Learning rate: 2.00e-4
/root/miniconda3/envs/transenet-pren/lib/python3.8/site-packages/torch/functional.py:504: UserWarning: torch.meshgrid: in an upcoming release, it will be required to pass the indexing argument. (Triggered internally at /opt/conda/conda-bld/pytorch_1695392020195/work/aten/src/ATen/native/TensorShape.cpp:3526.)
  return _VF.meshgrid(tensors, **kwargs)  # type: ignore[attr-defined]
[40/1120]	[L1: 0.1224]	4.8+0.1s
[80/1120]	[L1: 0.1028]	2.9+0.0s
[120/1120]	[L1: 0.0969]	2.9+0.0s
[160/1120]	[L1: 0.0910]	2.7+0.0s
[200/1120]	[L1: 0.0876]	2.7+0.0s
[240/1120]	[L1: 0.0833]	2.6+0.0s
[280/1120]	[L1: 0.0807]	2.6+0.0s
[320/1120]	[L1: 0.0809]	2.8+0.0s
[360/1120]	[L1: 0.0806]	2.8+0.0s
[400/1120]	[L1: 0.0787]	2.6+0.0s
[440/1120]	[L1: 0.0768]	2.7+0.0s
[480/1120]	[L1: 0.0752]	2.6+0.0s
[520/1120]	[L1: 0.0741]	2.6+0.0s
[560/1120]	[L1: 0.0726]	2.6+0.0s
[600/1120]	[L1: 0.0716]	2.6+0.0s
[640/1120]	[L1: 0.0710]	2.7+0.0s
[680/1120]	[L1: 0.0700]	2.6+0.0s
[720/1120]	[L1: 0.0693]	2.6+0.0s
[760/1120]	[L1: 0.0691]	2.6+0.0s
[800/1120]	[L1: 0.0683]	2.6+0.0s
[840/1120]	[L1: 0.0678]	2.6+0.0s
[880/1120]	[L1: 0.0671]	2.8+0.0s
[920/1120]	[L1: 0.0666]	2.6+0.0s
[960/1120]	[L1: 0.0658]	2.6+0.0s
[1000/1120]	[L1: 0.0650]	2.6+0.0s
[1040/1120]	[L1: 0.0646]	2.6+0.0s
[1080/1120]	[L1: 0.0644]	2.7+0.0s
[1120/1120]	[L1: 0.0642]	2.6+0.0s

Evaluation:
[RSSCN7 x3]	psnr: 23.846 (Best: 23.846 @epoch 1)
Total time: 45.49s

[Epoch 2]	Learning rate: 2.00e-4
[40/1120]	[L1: 0.0503]	2.8+0.0s
[80/1120]	[L1: 0.0509]	2.6+0.0s
[120/1120]	[L1: 0.0499]	2.6+0.0s
[160/1120]	[L1: 0.0491]	2.6+0.0s
[200/1120]	[L1: 0.0491]	2.6+0.0s
[240/1120]	[L1: 0.0488]	2.6+0.0s
[280/1120]	[L1: 0.0485]	2.7+0.0s
[320/1120]	[L1: 0.0482]	2.6+0.0s
[360/1120]	[L1: 0.0480]	2.6+0.0s
[400/1120]	[L1: 0.0473]	2.6+0.0s
[440/1120]	[L1: 0.0470]	2.6+0.0s
[480/1120]	[L1: 0.0473]	2.7+0.0s
[520/1120]	[L1: 0.0471]	2.6+0.0s
[560/1120]	[L1: 0.0467]	2.6+0.0s
[600/1120]	[L1: 0.0465]	2.6+0.0s
[640/1120]	[L1: 0.0466]	2.6+0.0s
[680/1120]	[L1: 0.0464]	2.8+0.0s
[720/1120]	[L1: 0.0462]	2.9+0.0s
[760/1120]	[L1: 0.0462]	2.7+0.0s
[800/1120]	[L1: 0.0465]	2.6+0.0s
[840/1120]	[L1: 0.0464]	2.6+0.0s
[880/1120]	[L1: 0.0462]	2.6+0.0s
[920/1120]	[L1: 0.0461]	2.7+0.0s
[960/1120]	[L1: 0.0457]	2.6+0.0s
[1000/1120]	[L1: 0.0455]	2.6+0.0s
[1040/1120]	[L1: 0.0451]	2.6+0.0s
[1080/1120]	[L1: 0.0448]	2.6+0.0s
[1120/1120]	[L1: 0.0446]	2.6+0.0s

Evaluation:
[RSSCN7 x3]	psnr: 25.740 (Best: 25.740 @epoch 2)
Total time: 41.14s

[Epoch 3]	Learning rate: 2.00e-4
[40/1120]	[L1: 0.0406]	2.6+0.0s
[80/1120]	[L1: 0.0426]	2.6+0.0s
[120/1120]	[L1: 0.0432]	2.7+0.0s
[160/1120]	[L1: 0.0425]	2.6+0.0s
[200/1120]	[L1: 0.0412]	2.6+0.0s
[240/1120]	[L1: 0.0406]	2.6+0.0s
[280/1120]	[L1: 0.0398]	2.6+0.0s
[320/1120]	[L1: 0.0389]	2.6+0.0s
[360/1120]	[L1: 0.0394]	2.7+0.0s
[400/1120]	[L1: 0.0398]	2.6+0.0s
[440/1120]	[L1: 0.0402]	2.6+0.0s
[480/1120]	[L1: 0.0404]	2.6+0.0s
[520/1120]	[L1: 0.0404]	2.6+0.0s
[560/1120]	[L1: 0.0401]	2.7+0.0s
[600/1120]	[L1: 0.0402]	2.6+0.0s
[640/1120]	[L1: 0.0403]	2.6+0.0s
[680/1120]	[L1: 0.0401]	2.6+0.0s
[720/1120]	[L1: 0.0400]	2.6+0.0s
[760/1120]	[L1: 0.0400]	2.6+0.0s
[800/1120]	[L1: 0.0398]	2.6+0.0s
[840/1120]	[L1: 0.0394]	2.7+0.0s
[880/1120]	[L1: 0.0395]	2.6+0.0s
[920/1120]	[L1: 0.0393]	2.6+0.0s
[960/1120]	[L1: 0.0392]	2.6+0.0s
[1000/1120]	[L1: 0.0393]	2.7+0.0s
[1040/1120]	[L1: 0.0393]	2.6+0.0s
[1080/1120]	[L1: 0.0394]	2.6+0.0s
[1120/1120]	[L1: 0.0396]	2.6+0.0s

Evaluation:
[RSSCN7 x3]	psnr: 26.971 (Best: 26.971 @epoch 3)
Total time: 40.73s

[Epoch 4]	Learning rate: 2.00e-4
[40/1120]	[L1: 0.0365]	2.7+0.0s
[80/1120]	[L1: 0.0385]	2.6+0.0s
[120/1120]	[L1: 0.0404]	2.6+0.0s
[160/1120]	[L1: 0.0387]	2.6+0.0s
[200/1120]	[L1: 0.0376]	2.6+0.0s
[240/1120]	[L1: 0.0378]	2.6+0.0s
[280/1120]	[L1: 0.0390]	3.0+0.0s
[320/1120]	[L1: 0.0389]	2.7+0.0s
[360/1120]	[L1: 0.0386]	2.8+0.0s
[400/1120]	[L1: 0.0385]	2.9+0.0s
[440/1120]	[L1: 0.0381]	2.9+0.0s
[480/1120]	[L1: 0.0384]	2.8+0.0s
[520/1120]	[L1: 0.0387]	2.6+0.0s
[560/1120]	[L1: 0.0388]	2.7+0.0s
[600/1120]	[L1: 0.0387]	2.9+0.0s
[640/1120]	[L1: 0.0384]	2.6+0.0s
[680/1120]	[L1: 0.0383]	2.7+0.0s
[720/1120]	[L1: 0.0382]	3.0+0.0s
[760/1120]	[L1: 0.0380]	2.7+0.0s
[800/1120]	[L1: 0.0381]	2.6+0.0s
[840/1120]	[L1: 0.0381]	2.6+0.0s
[880/1120]	[L1: 0.0384]	2.8+0.0s
[920/1120]	[L1: 0.0383]	3.0+0.0s
[960/1120]	[L1: 0.0381]	2.8+0.0s
[1000/1120]	[L1: 0.0381]	2.9+0.0s
[1040/1120]	[L1: 0.0381]	2.8+0.0s
[1080/1120]	[L1: 0.0380]	2.6+0.0s
[1120/1120]	[L1: 0.0379]	2.6+0.0s

Evaluation:
[RSSCN7 x3]	psnr: 27.610 (Best: 27.610 @epoch 4)
Total time: 40.57s

[Epoch 5]	Learning rate: 2.00e-4
[40/1120]	[L1: 0.0371]	2.6+0.0s
[80/1120]	[L1: 0.0363]	2.9+0.0s
[120/1120]	[L1: 0.0355]	2.9+0.0s
[160/1120]	[L1: 0.0351]	2.6+0.0s
[200/1120]	[L1: 0.0349]	2.6+0.0s
[240/1120]	[L1: 0.0343]	2.7+0.0s
[280/1120]	[L1: 0.0350]	2.8+0.0s
[320/1120]	[L1: 0.0357]	2.6+0.0s
[360/1120]	[L1: 0.0359]	2.6+0.0s
[400/1120]	[L1: 0.0360]	2.7+0.0s
[440/1120]	[L1: 0.0358]	2.6+0.0s
[480/1120]	[L1: 0.0353]	2.6+0.0s
[520/1120]	[L1: 0.0355]	2.6+0.0s
[560/1120]	[L1: 0.0355]	2.7+0.0s
[600/1120]	[L1: 0.0353]	2.6+0.0s
[640/1120]	[L1: 0.0350]	2.6+0.0s
[680/1120]	[L1: 0.0349]	2.6+0.0s
[720/1120]	[L1: 0.0349]	2.6+0.0s
[760/1120]	[L1: 0.0347]	2.6+0.0s
[800/1120]	[L1: 0.0347]	2.6+0.0s
[840/1120]	[L1: 0.0345]	2.7+0.0s
[880/1120]	[L1: 0.0344]	2.6+0.0s
[920/1120]	[L1: 0.0345]	2.6+0.0s
[960/1120]	[L1: 0.0345]	2.6+0.0s
[1000/1120]	[L1: 0.0346]	2.6+0.0s
[1040/1120]	[L1: 0.0344]	2.7+0.0s
[1080/1120]	[L1: 0.0343]	2.6+0.0s
[1120/1120]	[L1: 0.0341]	2.6+0.0s

Evaluation:
[RSSCN7 x3]	psnr: 28.135 (Best: 28.135 @epoch 5)
Total time: 40.84s

[Epoch 6]	Learning rate: 2.00e-4
[40/1120]	[L1: 0.0345]	3.0+0.0s
[80/1120]	[L1: 0.0332]	2.8+0.0s
[120/1120]	[L1: 0.0328]	2.8+0.0s
[160/1120]	[L1: 0.0313]	2.7+0.0s
[200/1120]	[L1: 0.0317]	2.7+0.0s
[240/1120]	[L1: 0.0317]	2.6+0.0s
[280/1120]	[L1: 0.0318]	2.6+0.0s
[320/1120]	[L1: 0.0316]	2.6+0.0s
[360/1120]	[L1: 0.0317]	2.6+0.0s
[400/1120]	[L1: 0.0322]	2.6+0.0s
[440/1120]	[L1: 0.0327]	2.6+0.0s
[480/1120]	[L1: 0.0325]	2.7+0.0s
[520/1120]	[L1: 0.0322]	2.6+0.0s
[560/1120]	[L1: 0.0323]	2.6+0.0s
[600/1120]	[L1: 0.0323]	2.6+0.0s
[640/1120]	[L1: 0.0325]	2.7+0.0s
[680/1120]	[L1: 0.0328]	2.6+0.0s
[720/1120]	[L1: 0.0329]	2.6+0.0s
[760/1120]	[L1: 0.0331]	2.6+0.0s
[800/1120]	[L1: 0.0333]	2.6+0.0s
[840/1120]	[L1: 0.0332]	2.6+0.0s
[880/1120]	[L1: 0.0332]	2.6+0.0s
[920/1120]	[L1: 0.0331]	2.7+0.0s
[960/1120]	[L1: 0.0330]	2.6+0.0s
[1000/1120]	[L1: 0.0330]	2.6+0.0s
[1040/1120]	[L1: 0.0330]	2.6+0.0s
[1080/1120]	[L1: 0.0330]	2.7+0.0s
[1120/1120]	[L1: 0.0329]	2.6+0.0s

Evaluation:
[RSSCN7 x3]	psnr: 27.499 (Best: 28.135 @epoch 5)
Total time: 40.96s

[Epoch 7]	Learning rate: 2.00e-4
[40/1120]	[L1: 0.0328]	2.6+0.0s
[80/1120]	[L1: 0.0331]	2.6+0.0s
[120/1120]	[L1: 0.0324]	2.7+0.0s
[160/1120]	[L1: 0.0325]	2.6+0.0s
[200/1120]	[L1: 0.0323]	2.6+0.0s
[240/1120]	[L1: 0.0322]	2.6+0.0s
[280/1120]	[L1: 0.0321]	2.6+0.0s
[320/1120]	[L1: 0.0327]	2.6+0.0s
[360/1120]	[L1: 0.0327]	2.7+0.0s
[400/1120]	[L1: 0.0332]	2.6+0.0s
[440/1120]	[L1: 0.0329]	2.6+0.0s
[480/1120]	[L1: 0.0331]	2.6+0.0s
[520/1120]	[L1: 0.0331]	2.6+0.0s
[560/1120]	[L1: 0.0330]	2.7+0.0s
[600/1120]	[L1: 0.0330]	2.7+0.0s
[640/1120]	[L1: 0.0328]	2.6+0.0s
[680/1120]	[L1: 0.0332]	2.6+0.0s
[720/1120]	[L1: 0.0333]	2.6+0.0s
[760/1120]	[L1: 0.0333]	2.8+0.0s
[800/1120]	[L1: 0.0332]	2.9+0.0s
[840/1120]	[L1: 0.0335]	2.8+0.0s
[880/1120]	[L1: 0.0334]	2.8+0.0s
[920/1120]	[L1: 0.0332]	2.7+0.0s
[960/1120]	[L1: 0.0331]	2.6+0.0s
[1000/1120]	[L1: 0.0330]	2.7+0.0s
[1040/1120]	[L1: 0.0329]	2.6+0.0s
[1080/1120]	[L1: 0.0329]	2.6+0.0s
[1120/1120]	[L1: 0.0330]	2.6+0.0s

Evaluation:
[RSSCN7 x3]	psnr: 27.961 (Best: 28.135 @epoch 5)
Total time: 40.48s

[Epoch 8]	Learning rate: 2.00e-4
[40/1120]	[L1: 0.0300]	2.7+0.0s
[80/1120]	[L1: 0.0322]	2.6+0.0s
[120/1120]	[L1: 0.0331]	2.6+0.0s
[160/1120]	[L1: 0.0324]	2.6+0.0s
[200/1120]	[L1: 0.0325]	2.7+0.0s
[240/1120]	[L1: 0.0323]	2.6+0.0s
[280/1120]	[L1: 0.0322]	2.7+0.0s
[320/1120]	[L1: 0.0316]	2.8+0.0s
[360/1120]	[L1: 0.0322]	2.6+0.0s
[400/1120]	[L1: 0.0326]	2.6+0.0s
[440/1120]	[L1: 0.0328]	2.6+0.0s
[480/1120]	[L1: 0.0328]	2.7+0.0s
[520/1120]	[L1: 0.0330]	2.7+0.0s
[560/1120]	[L1: 0.0329]	2.8+0.0s
[600/1120]	[L1: 0.0331]	2.8+0.0s
[640/1120]	[L1: 0.0331]	2.9+0.0s
[680/1120]	[L1: 0.0331]	2.6+0.0s
[720/1120]	[L1: 0.0330]	2.6+0.0s
[760/1120]	[L1: 0.0329]	2.6+0.0s
[800/1120]	[L1: 0.0328]	2.6+0.0s
[840/1120]	[L1: 0.0327]	2.6+0.0s
[880/1120]	[L1: 0.0327]	2.6+0.0s
[920/1120]	[L1: 0.0327]	2.7+0.0s
[960/1120]	[L1: 0.0326]	2.6+0.0s
[1000/1120]	[L1: 0.0324]	2.6+0.0s
[1040/1120]	[L1: 0.0324]	2.6+0.0s
[1080/1120]	[L1: 0.0322]	2.7+0.0s
[1120/1120]	[L1: 0.0323]	2.6+0.0s

Evaluation:
[RSSCN7 x3]	psnr: 28.201 (Best: 28.201 @epoch 8)
Total time: 40.40s

[Epoch 9]	Learning rate: 2.00e-4
[40/1120]	[L1: 0.0326]	2.8+0.0s
[80/1120]	[L1: 0.0326]	2.9+0.0s
[120/1120]	[L1: 0.0326]	2.8+0.0s
[160/1120]	[L1: 0.0326]	2.6+0.0s
[200/1120]	[L1: 0.0321]	2.6+0.0s
[240/1120]	[L1: 0.0319]	2.6+0.0s
[280/1120]	[L1: 0.0323]	2.7+0.0s
[320/1120]	[L1: 0.0325]	2.6+0.0s
[360/1120]	[L1: 0.0324]	2.6+0.0s
[400/1120]	[L1: 0.0320]	2.6+0.0s
[440/1120]	[L1: 0.0320]	2.6+0.0s
[480/1120]	[L1: 0.0319]	2.6+0.0s
[520/1120]	[L1: 0.0316]	2.6+0.0s
[560/1120]	[L1: 0.0316]	2.7+0.0s
[600/1120]	[L1: 0.0320]	2.6+0.0s
[640/1120]	[L1: 0.0325]	2.6+0.0s
[680/1120]	[L1: 0.0327]	2.6+0.0s
[720/1120]	[L1: 0.0327]	2.7+0.0s
[760/1120]	[L1: 0.0328]	2.6+0.0s
[800/1120]	[L1: 0.0327]	2.6+0.0s
[840/1120]	[L1: 0.0327]	2.6+0.0s
[880/1120]	[L1: 0.0328]	2.6+0.0s
[920/1120]	[L1: 0.0326]	2.6+0.0s
[960/1120]	[L1: 0.0325]	2.7+0.0s
[1000/1120]	[L1: 0.0324]	2.6+0.0s
[1040/1120]	[L1: 0.0322]	2.6+0.0s
[1080/1120]	[L1: 0.0321]	2.6+0.0s
[1120/1120]	[L1: 0.0321]	2.6+0.0s

Evaluation:
[RSSCN7 x3]	psnr: 28.172 (Best: 28.201 @epoch 8)
Total time: 40.83s

[Epoch 10]	Learning rate: 2.00e-4
[40/1120]	[L1: 0.0319]	2.6+0.0s
[80/1120]	[L1: 0.0326]	2.6+0.0s
[120/1120]	[L1: 0.0320]	2.6+0.0s
[160/1120]	[L1: 0.0322]	2.7+0.0s
[200/1120]	[L1: 0.0312]	2.6+0.0s
[240/1120]	[L1: 0.0314]	2.6+0.0s
[280/1120]	[L1: 0.0313]	2.6+0.0s
[320/1120]	[L1: 0.0313]	2.6+0.0s
[360/1120]	[L1: 0.0316]	2.6+0.0s
[400/1120]	[L1: 0.0315]	2.7+0.0s
[440/1120]	[L1: 0.0319]	2.6+0.0s
[480/1120]	[L1: 0.0318]	2.6+0.0s
[520/1120]	[L1: 0.0316]	2.6+0.0s
[560/1120]	[L1: 0.0314]	2.6+0.0s
[600/1120]	[L1: 0.0314]	2.9+0.0s
[640/1120]	[L1: 0.0312]	2.7+0.0s
[680/1120]	[L1: 0.0311]	2.6+0.0s
[720/1120]	[L1: 0.0311]	2.6+0.0s
[760/1120]	[L1: 0.0312]	2.6+0.0s
[800/1120]	[L1: 0.0311]	2.6+0.0s
[840/1120]	[L1: 0.0312]	2.7+0.0s
[880/1120]	[L1: 0.0311]	2.6+0.0s
[920/1120]	[L1: 0.0311]	2.6+0.0s
[960/1120]	[L1: 0.0313]	2.6+0.0s
[1000/1120]	[L1: 0.0313]	2.6+0.0s
[1040/1120]	[L1: 0.0314]	2.7+0.0s
[1080/1120]	[L1: 0.0314]	2.6+0.0s
[1120/1120]	[L1: 0.0314]	2.6+0.0s

Evaluation:
[RSSCN7 x3]	psnr: 28.013 (Best: 28.201 @epoch 8)
Total time: 40.70s

[Epoch 11]	Learning rate: 2.00e-4
[40/1120]	[L1: 0.0341]	2.6+0.0s
[80/1120]	[L1: 0.0318]	2.7+0.0s
[120/1120]	[L1: 0.0315]	2.6+0.0s
[160/1120]	[L1: 0.0315]	2.6+0.0s
[200/1120]	[L1: 0.0328]	2.6+0.0s
[240/1120]	[L1: 0.0328]	2.6+0.0s
[280/1120]	[L1: 0.0327]	2.6+0.0s
[320/1120]	[L1: 0.0323]	2.7+0.0s
[360/1120]	[L1: 0.0320]	2.6+0.0s
[400/1120]	[L1: 0.0321]	2.6+0.0s
[440/1120]	[L1: 0.0320]	2.6+0.0s
[480/1120]	[L1: 0.0317]	2.6+0.0s
[520/1120]	[L1: 0.0319]	2.7+0.0s
[560/1120]	[L1: 0.0318]	2.6+0.0s
[600/1120]	[L1: 0.0319]	2.6+0.0s
[640/1120]	[L1: 0.0319]	2.6+0.0s
[680/1120]	[L1: 0.0319]	2.6+0.0s
[720/1120]	[L1: 0.0320]	2.6+0.0s
[760/1120]	[L1: 0.0318]	2.7+0.0s
[800/1120]	[L1: 0.0318]	2.6+0.0s
[840/1120]	[L1: 0.0318]	2.6+0.0s
[880/1120]	[L1: 0.0317]	2.6+0.0s
[920/1120]	[L1: 0.0317]	2.6+0.0s
[960/1120]	[L1: 0.0317]	2.7+0.0s
[1000/1120]	[L1: 0.0316]	2.6+0.0s
[1040/1120]	[L1: 0.0314]	2.6+0.0s
[1080/1120]	[L1: 0.0315]	2.6+0.0s
[1120/1120]	[L1: 0.0314]	2.6+0.0s

Evaluation:
[RSSCN7 x3]	psnr: 28.287 (Best: 28.287 @epoch 11)
Total time: 40.51s

[Epoch 12]	Learning rate: 2.00e-4
[40/1120]	[L1: 0.0303]	2.8+0.0s
[80/1120]	[L1: 0.0317]	2.8+0.0s
[120/1120]	[L1: 0.0313]	2.7+0.0s
[160/1120]	[L1: 0.0315]	2.6+0.0s
[200/1120]	[L1: 0.0311]	2.6+0.0s
[240/1120]	[L1: 0.0309]	2.7+0.0s
[280/1120]	[L1: 0.0305]	2.6+0.0s
[320/1120]	[L1: 0.0311]	2.6+0.0s
[360/1120]	[L1: 0.0311]	2.6+0.0s
[400/1120]	[L1: 0.0311]	2.7+0.0s
[440/1120]	[L1: 0.0315]	2.7+0.0s
[480/1120]	[L1: 0.0316]	2.6+0.0s
[520/1120]	[L1: 0.0314]	2.6+0.0s
[560/1120]	[L1: 0.0313]	2.6+0.0s
[600/1120]	[L1: 0.0311]	2.6+0.0s
[640/1120]	[L1: 0.0313]	2.6+0.0s
[680/1120]	[L1: 0.0312]	2.7+0.0s
[720/1120]	[L1: 0.0312]	2.6+0.0s
[760/1120]	[L1: 0.0311]	2.6+0.0s
[800/1120]	[L1: 0.0311]	2.6+0.0s
[840/1120]	[L1: 0.0310]	2.6+0.0s
[880/1120]	[L1: 0.0310]	2.7+0.0s
[920/1120]	[L1: 0.0310]	2.6+0.0s
[960/1120]	[L1: 0.0310]	2.6+0.0s
[1000/1120]	[L1: 0.0309]	2.6+0.0s
[1040/1120]	[L1: 0.0309]	2.6+0.0s
[1080/1120]	[L1: 0.0310]	2.6+0.0s
[1120/1120]	[L1: 0.0310]	2.7+0.0s

Evaluation:
[RSSCN7 x3]	psnr: 28.422 (Best: 28.422 @epoch 12)
Total time: 40.47s

[Epoch 13]	Learning rate: 2.00e-4
[40/1120]	[L1: 0.0285]	2.6+0.1s
[80/1120]	[L1: 0.0302]	2.6+0.0s
[120/1120]	[L1: 0.0305]	2.7+0.0s
[160/1120]	[L1: 0.0298]	2.6+0.0s
[200/1120]	[L1: 0.0296]	2.6+0.0s
[240/1120]	[L1: 0.0295]	2.6+0.0s
[280/1120]	[L1: 0.0298]	2.6+0.0s
[320/1120]	[L1: 0.0302]	2.7+0.0s
[360/1120]	[L1: 0.0308]	2.6+0.0s
[400/1120]	[L1: 0.0306]	2.6+0.0s
[440/1120]	[L1: 0.0306]	2.6+0.0s
[480/1120]	[L1: 0.0307]	2.6+0.0s
[520/1120]	[L1: 0.0308]	2.6+0.0s
[560/1120]	[L1: 0.0305]	2.6+0.0s
[600/1120]	[L1: 0.0308]	2.7+0.0s
[640/1120]	[L1: 0.0308]	2.6+0.0s
[680/1120]	[L1: 0.0308]	2.6+0.0s
[720/1120]	[L1: 0.0308]	2.6+0.0s
[760/1120]	[L1: 0.0308]	2.6+0.0s
[800/1120]	[L1: 0.0306]	2.7+0.0s
[840/1120]	[L1: 0.0305]	2.6+0.0s
[880/1120]	[L1: 0.0304]	2.6+0.0s
[920/1120]	[L1: 0.0302]	2.6+0.0s
[960/1120]	[L1: 0.0302]	2.6+0.0s
[1000/1120]	[L1: 0.0302]	2.6+0.0s
[1040/1120]	[L1: 0.0304]	2.7+0.0s
[1080/1120]	[L1: 0.0304]	2.6+0.0s
[1120/1120]	[L1: 0.0304]	2.6+0.0s

Evaluation:
[RSSCN7 x3]	psnr: 28.487 (Best: 28.487 @epoch 13)
Total time: 40.57s

[Epoch 14]	Learning rate: 2.00e-4
[40/1120]	[L1: 0.0302]	2.7+0.0s
[80/1120]	[L1: 0.0307]	2.6+0.0s
[120/1120]	[L1: 0.0302]	2.6+0.0s
[160/1120]	[L1: 0.0296]	2.6+0.0s
[200/1120]	[L1: 0.0297]	2.7+0.0s
[240/1120]	[L1: 0.0302]	2.6+0.0s
[280/1120]	[L1: 0.0303]	2.6+0.0s
[320/1120]	[L1: 0.0303]	2.6+0.0s
[360/1120]	[L1: 0.0305]	2.6+0.0s
[400/1120]	[L1: 0.0306]	2.6+0.0s
[440/1120]	[L1: 0.0305]	2.6+0.0s
[480/1120]	[L1: 0.0305]	2.9+0.0s
[520/1120]	[L1: 0.0303]	2.6+0.0s
[560/1120]	[L1: 0.0305]	2.6+0.0s
[600/1120]	[L1: 0.0306]	2.6+0.0s
[640/1120]	[L1: 0.0307]	2.7+0.0s
[680/1120]	[L1: 0.0306]	2.6+0.0s
[720/1120]	[L1: 0.0307]	2.6+0.0s
[760/1120]	[L1: 0.0306]	2.6+0.0s
[800/1120]	[L1: 0.0308]	2.6+0.0s
[840/1120]	[L1: 0.0312]	2.6+0.0s
[880/1120]	[L1: 0.0310]	2.6+0.0s
[920/1120]	[L1: 0.0309]	2.7+0.0s
[960/1120]	[L1: 0.0309]	2.6+0.0s
[1000/1120]	[L1: 0.0310]	2.6+0.0s
[1040/1120]	[L1: 0.0309]	2.6+0.0s
[1080/1120]	[L1: 0.0309]	2.6+0.0s
[1120/1120]	[L1: 0.0309]	2.7+0.0s

Evaluation:
[RSSCN7 x3]	psnr: 28.522 (Best: 28.522 @epoch 14)
Total time: 41.00s

[Epoch 15]	Learning rate: 2.00e-4
[40/1120]	[L1: 0.0281]	2.6+0.0s
[80/1120]	[L1: 0.0265]	2.6+0.0s
[120/1120]	[L1: 0.0280]	2.7+0.0s
[160/1120]	[L1: 0.0284]	2.6+0.0s
[200/1120]	[L1: 0.0290]	2.6+0.0s
[240/1120]	[L1: 0.0286]	2.6+0.0s
[280/1120]	[L1: 0.0289]	2.6+0.0s
[320/1120]	[L1: 0.0290]	2.7+0.0s
[360/1120]	[L1: 0.0289]	2.6+0.0s
[400/1120]	[L1: 0.0291]	2.6+0.0s
[440/1120]	[L1: 0.0288]	2.6+0.0s
[480/1120]	[L1: 0.0290]	2.6+0.0s
[520/1120]	[L1: 0.0293]	2.6+0.0s
[560/1120]	[L1: 0.0296]	2.7+0.0s
[600/1120]	[L1: 0.0301]	2.6+0.0s
[640/1120]	[L1: 0.0301]	2.6+0.0s
[680/1120]	[L1: 0.0302]	2.6+0.0s
[720/1120]	[L1: 0.0302]	2.6+0.0s
[760/1120]	[L1: 0.0303]	2.7+0.0s
[800/1120]	[L1: 0.0304]	2.6+0.0s
[840/1120]	[L1: 0.0302]	2.6+0.0s
[880/1120]	[L1: 0.0303]	2.6+0.0s
[920/1120]	[L1: 0.0302]	2.6+0.0s
[960/1120]	[L1: 0.0300]	2.6+0.0s
[1000/1120]	[L1: 0.0300]	2.6+0.0s
[1040/1120]	[L1: 0.0301]	2.7+0.0s
[1080/1120]	[L1: 0.0300]	2.6+0.0s
[1120/1120]	[L1: 0.0301]	2.6+0.0s

Evaluation:
[RSSCN7 x3]	psnr: 28.373 (Best: 28.522 @epoch 14)
Total time: 40.98s

[Epoch 16]	Learning rate: 2.00e-4
[40/1120]	[L1: 0.0278]	2.7+0.0s
[80/1120]	[L1: 0.0275]	2.6+0.0s
[120/1120]	[L1: 0.0295]	2.6+0.0s
[160/1120]	[L1: 0.0294]	2.6+0.0s
[200/1120]	[L1: 0.0297]	2.6+0.0s
[240/1120]	[L1: 0.0295]	2.6+0.0s
[280/1120]	[L1: 0.0298]	2.7+0.0s
[320/1120]	[L1: 0.0296]	2.6+0.0s
[360/1120]	[L1: 0.0296]	2.6+0.0s
[400/1120]	[L1: 0.0294]	2.6+0.0s
[440/1120]	[L1: 0.0296]	2.6+0.0s
[480/1120]	[L1: 0.0295]	2.7+0.0s
[520/1120]	[L1: 0.0294]	2.6+0.0s
[560/1120]	[L1: 0.0297]	2.6+0.0s
[600/1120]	[L1: 0.0299]	2.6+0.0s
[640/1120]	[L1: 0.0299]	2.6+0.0s
[680/1120]	[L1: 0.0299]	2.6+0.0s
[720/1120]	[L1: 0.0298]	2.7+0.0s
[760/1120]	[L1: 0.0298]	2.6+0.0s
[800/1120]	[L1: 0.0299]	2.6+0.0s
[840/1120]	[L1: 0.0301]	2.6+0.0s
[880/1120]	[L1: 0.0301]	2.6+0.0s
[920/1120]	[L1: 0.0301]	2.7+0.0s
[960/1120]	[L1: 0.0301]	2.6+0.0s
[1000/1120]	[L1: 0.0301]	2.6+0.0s
[1040/1120]	[L1: 0.0302]	2.6+0.0s
[1080/1120]	[L1: 0.0301]	2.6+0.0s
[1120/1120]	[L1: 0.0302]	2.7+0.0s

Evaluation:
[RSSCN7 x3]	psnr: 28.227 (Best: 28.522 @epoch 14)
Total time: 42.21s

[Epoch 17]	Learning rate: 2.00e-4
[40/1120]	[L1: 0.0334]	2.6+0.0s
[80/1120]	[L1: 0.0324]	2.6+0.0s
[120/1120]	[L1: 0.0311]	2.8+0.0s
[160/1120]	[L1: 0.0311]	3.1+0.0s
[200/1120]	[L1: 0.0307]	2.8+0.0s
[240/1120]	[L1: 0.0308]	2.8+0.0s
[280/1120]	[L1: 0.0308]	2.8+0.0s
[320/1120]	[L1: 0.0306]	2.8+0.0s
[360/1120]	[L1: 0.0310]	2.6+0.0s
[400/1120]	[L1: 0.0310]	2.6+0.0s
[440/1120]	[L1: 0.0307]	2.7+0.0s
[480/1120]	[L1: 0.0304]	2.6+0.0s
[520/1120]	[L1: 0.0299]	2.6+0.0s
[560/1120]	[L1: 0.0296]	2.6+0.0s
[600/1120]	[L1: 0.0296]	2.6+0.0s
[640/1120]	[L1: 0.0294]	2.7+0.0s
[680/1120]	[L1: 0.0295]	2.6+0.0s
[720/1120]	[L1: 0.0293]	2.6+0.0s
[760/1120]	[L1: 0.0292]	2.8+0.0s
[800/1120]	[L1: 0.0293]	2.7+0.0s
[840/1120]	[L1: 0.0296]	2.6+0.0s
[880/1120]	[L1: 0.0297]	3.0+0.0s
[920/1120]	[L1: 0.0298]	2.9+0.0s
[960/1120]	[L1: 0.0299]	2.6+0.0s
[1000/1120]	[L1: 0.0299]	2.6+0.0s
[1040/1120]	[L1: 0.0298]	2.6+0.0s
[1080/1120]	[L1: 0.0299]	2.7+0.0s
[1120/1120]	[L1: 0.0300]	2.6+0.0s

Evaluation:
[RSSCN7 x3]	psnr: 27.755 (Best: 28.522 @epoch 14)
Total time: 40.81s

[Epoch 18]	Learning rate: 2.00e-4
[40/1120]	[L1: 0.0336]	2.6+0.0s
[80/1120]	[L1: 0.0316]	2.6+0.0s
[120/1120]	[L1: 0.0306]	2.7+0.0s
[160/1120]	[L1: 0.0318]	2.6+0.0s
[200/1120]	[L1: 0.0318]	2.6+0.0s
[240/1120]	[L1: 0.0320]	2.6+0.0s
[280/1120]	[L1: 0.0319]	2.6+0.0s
[320/1120]	[L1: 0.0318]	2.7+0.0s
[360/1120]	[L1: 0.0320]	2.6+0.0s
[400/1120]	[L1: 0.0316]	2.6+0.0s
[440/1120]	[L1: 0.0312]	2.6+0.0s
[480/1120]	[L1: 0.0309]	2.6+0.0s
[520/1120]	[L1: 0.0310]	2.6+0.0s
[560/1120]	[L1: 0.0306]	2.7+0.0s
[600/1120]	[L1: 0.0306]	2.6+0.0s
[640/1120]	[L1: 0.0305]	2.6+0.0s
[680/1120]	[L1: 0.0305]	2.6+0.0s
[720/1120]	[L1: 0.0305]	2.6+0.0s
[760/1120]	[L1: 0.0305]	2.7+0.0s
[800/1120]	[L1: 0.0303]	2.6+0.0s
[840/1120]	[L1: 0.0301]	2.6+0.0s
[880/1120]	[L1: 0.0301]	2.7+0.0s
[920/1120]	[L1: 0.0301]	2.8+0.0s
[960/1120]	[L1: 0.0300]	2.9+0.0s
[1000/1120]	[L1: 0.0300]	2.7+0.0s
[1040/1120]	[L1: 0.0300]	2.7+0.0s
[1080/1120]	[L1: 0.0299]	2.6+0.0s
[1120/1120]	[L1: 0.0299]	2.6+0.0s

Evaluation:
[RSSCN7 x3]	psnr: 28.498 (Best: 28.522 @epoch 14)
Total time: 40.87s

[Epoch 19]	Learning rate: 2.00e-4
[40/1120]	[L1: 0.0309]	3.0+0.1s
[80/1120]	[L1: 0.0285]	2.8+0.0s
[120/1120]	[L1: 0.0285]	2.7+0.0s
[160/1120]	[L1: 0.0292]	2.8+0.0s
[200/1120]	[L1: 0.0297]	2.8+0.0s
[240/1120]	[L1: 0.0296]	2.6+0.0s
[280/1120]	[L1: 0.0302]	2.7+0.0s
[320/1120]	[L1: 0.0312]	2.6+0.0s
[360/1120]	[L1: 0.0308]	2.6+0.0s
[400/1120]	[L1: 0.0300]	2.6+0.0s
[440/1120]	[L1: 0.0300]	2.6+0.0s
[480/1120]	[L1: 0.0307]	2.7+0.0s
[520/1120]	[L1: 0.0305]	2.6+0.0s
[560/1120]	[L1: 0.0305]	2.6+0.0s
[600/1120]	[L1: 0.0303]	2.6+0.0s
[640/1120]	[L1: 0.0301]	2.6+0.0s
[680/1120]	[L1: 0.0301]	2.6+0.0s
[720/1120]	[L1: 0.0304]	2.7+0.0s
[760/1120]	[L1: 0.0304]	2.6+0.0s
[800/1120]	[L1: 0.0301]	2.6+0.0s
[840/1120]	[L1: 0.0301]	2.6+0.0s
[880/1120]	[L1: 0.0300]	2.6+0.0s
[920/1120]	[L1: 0.0300]	2.7+0.0s
[960/1120]	[L1: 0.0300]	2.6+0.0s
[1000/1120]	[L1: 0.0299]	2.6+0.0s
[1040/1120]	[L1: 0.0299]	2.6+0.0s
[1080/1120]	[L1: 0.0299]	2.6+0.0s
[1120/1120]	[L1: 0.0298]	2.6+0.0s

Evaluation:
[RSSCN7 x3]	psnr: 28.594 (Best: 28.594 @epoch 19)
Total time: 41.38s

[Epoch 20]	Learning rate: 2.00e-4
[40/1120]	[L1: 0.0316]	2.9+0.0s
[80/1120]	[L1: 0.0313]	3.3+0.0s
[120/1120]	[L1: 0.0302]	2.9+0.0s
[160/1120]	[L1: 0.0296]	2.6+0.0s
[200/1120]	[L1: 0.0298]	2.6+0.0s
[240/1120]	[L1: 0.0300]	2.6+0.0s
[280/1120]	[L1: 0.0295]	2.6+0.0s
[320/1120]	[L1: 0.0293]	2.6+0.0s
[360/1120]	[L1: 0.0293]	2.6+0.0s
[400/1120]	[L1: 0.0296]	2.7+0.0s
[440/1120]	[L1: 0.0298]	2.6+0.0s
[480/1120]	[L1: 0.0298]	2.6+0.0s
[520/1120]	[L1: 0.0298]	2.6+0.0s
[560/1120]	[L1: 0.0296]	2.6+0.0s
[600/1120]	[L1: 0.0297]	2.7+0.0s
[640/1120]	[L1: 0.0295]	2.6+0.0s
[680/1120]	[L1: 0.0298]	2.6+0.0s
[720/1120]	[L1: 0.0300]	2.6+0.0s
[760/1120]	[L1: 0.0300]	2.6+0.0s
[800/1120]	[L1: 0.0298]	2.6+0.0s
[840/1120]	[L1: 0.0298]	2.7+0.0s
[880/1120]	[L1: 0.0297]	2.6+0.0s
[920/1120]	[L1: 0.0298]	2.6+0.0s
[960/1120]	[L1: 0.0296]	2.6+0.0s
[1000/1120]	[L1: 0.0295]	2.6+0.0s
[1040/1120]	[L1: 0.0297]	2.7+0.0s
[1080/1120]	[L1: 0.0296]	2.6+0.0s
[1120/1120]	[L1: 0.0297]	2.6+0.0s

Evaluation:
[RSSCN7 x3]	psnr: 28.373 (Best: 28.594 @epoch 19)
Total time: 43.12s

[Epoch 21]	Learning rate: 2.00e-4
[40/1120]	[L1: 0.0262]	2.9+0.0s
[80/1120]	[L1: 0.0283]	3.3+0.0s
[120/1120]	[L1: 0.0293]	2.9+0.0s
[160/1120]	[L1: 0.0289]	2.6+0.0s
[200/1120]	[L1: 0.0289]	2.6+0.0s
[240/1120]	[L1: 0.0292]	2.6+0.0s
[280/1120]	[L1: 0.0290]	2.7+0.0s
[320/1120]	[L1: 0.0291]	2.6+0.0s
[360/1120]	[L1: 0.0294]	2.6+0.0s
[400/1120]	[L1: 0.0295]	2.6+0.0s
[440/1120]	[L1: 0.0295]	2.6+0.0s
[480/1120]	[L1: 0.0297]	2.6+0.0s
[520/1120]	[L1: 0.0293]	2.7+0.0s
[560/1120]	[L1: 0.0294]	2.6+0.0s
[600/1120]	[L1: 0.0294]	2.6+0.0s
[640/1120]	[L1: 0.0295]	2.9+0.0s
[680/1120]	[L1: 0.0294]	2.8+0.0s
[720/1120]	[L1: 0.0293]	2.9+0.0s
[760/1120]	[L1: 0.0295]	2.7+0.0s
[800/1120]	[L1: 0.0295]	2.6+0.0s
[840/1120]	[L1: 0.0295]	2.6+0.0s
[880/1120]	[L1: 0.0294]	2.7+0.0s
[920/1120]	[L1: 0.0294]	2.9+0.0s
[960/1120]	[L1: 0.0295]	3.0+0.0s
[1000/1120]	[L1: 0.0296]	2.8+0.0s
[1040/1120]	[L1: 0.0294]	2.6+0.0s
[1080/1120]	[L1: 0.0294]	2.6+0.0s
[1120/1120]	[L1: 0.0295]	2.6+0.0s

Evaluation:
[RSSCN7 x3]	psnr: 28.564 (Best: 28.594 @epoch 19)
Total time: 41.74s

[Epoch 22]	Learning rate: 2.00e-4
[40/1120]	[L1: 0.0289]	2.6+0.0s
[80/1120]	[L1: 0.0282]	2.9+0.0s
[120/1120]	[L1: 0.0295]	3.0+0.0s
[160/1120]	[L1: 0.0286]	2.6+0.0s
[200/1120]	[L1: 0.0297]	2.7+0.0s
[240/1120]	[L1: 0.0295]	2.6+0.0s
[280/1120]	[L1: 0.0285]	2.6+0.0s
[320/1120]	[L1: 0.0284]	2.6+0.0s
[360/1120]	[L1: 0.0283]	2.6+0.0s
[400/1120]	[L1: 0.0285]	2.7+0.0s
[440/1120]	[L1: 0.0289]	2.6+0.0s
[480/1120]	[L1: 0.0290]	2.6+0.0s
[520/1120]	[L1: 0.0293]	2.6+0.0s
[560/1120]	[L1: 0.0291]	2.6+0.0s
[600/1120]	[L1: 0.0290]	2.6+0.0s
[640/1120]	[L1: 0.0291]	2.6+0.0s
[680/1120]	[L1: 0.0292]	2.7+0.0s
[720/1120]	[L1: 0.0295]	2.6+0.0s
[760/1120]	[L1: 0.0295]	2.6+0.0s
[800/1120]	[L1: 0.0295]	2.6+0.0s
[840/1120]	[L1: 0.0297]	2.7+0.0s
[880/1120]	[L1: 0.0297]	2.6+0.0s
[920/1120]	[L1: 0.0295]	2.6+0.0s
[960/1120]	[L1: 0.0296]	2.8+0.0s
[1000/1120]	[L1: 0.0296]	2.9+0.0s
[1040/1120]	[L1: 0.0296]	2.7+0.0s
[1080/1120]	[L1: 0.0294]	2.6+0.0s
[1120/1120]	[L1: 0.0295]	2.8+0.0s

Evaluation:
[RSSCN7 x3]	psnr: 28.506 (Best: 28.594 @epoch 19)
Total time: 41.32s

[Epoch 23]	Learning rate: 2.00e-4
[40/1120]	[L1: 0.0269]	2.6+0.0s
[80/1120]	[L1: 0.0277]	2.6+0.0s
[120/1120]	[L1: 0.0273]	2.6+0.0s
[160/1120]	[L1: 0.0291]	2.7+0.0s
[200/1120]	[L1: 0.0294]	2.6+0.0s
[240/1120]	[L1: 0.0304]	2.6+0.0s
[280/1120]	[L1: 0.0304]	2.6+0.0s
[320/1120]	[L1: 0.0306]	2.7+0.0s
[360/1120]	[L1: 0.0307]	2.6+0.0s
[400/1120]	[L1: 0.0309]	2.6+0.0s
[440/1120]	[L1: 0.0311]	2.8+0.0s
[480/1120]	[L1: 0.0308]	2.6+0.0s
[520/1120]	[L1: 0.0306]	2.6+0.0s
[560/1120]	[L1: 0.0306]	2.6+0.0s
[600/1120]	[L1: 0.0303]	2.7+0.0s
[640/1120]	[L1: 0.0303]	2.6+0.0s
[680/1120]	[L1: 0.0302]	2.6+0.0s
[720/1120]	[L1: 0.0301]	2.6+0.0s
[760/1120]	[L1: 0.0302]	2.6+0.0s
[800/1120]	[L1: 0.0302]	2.7+0.0s
[840/1120]	[L1: 0.0300]	2.6+0.0s
[880/1120]	[L1: 0.0299]	2.6+0.0s
[920/1120]	[L1: 0.0299]	2.6+0.0s
[960/1120]	[L1: 0.0298]	2.8+0.0s
[1000/1120]	[L1: 0.0297]	2.7+0.0s
[1040/1120]	[L1: 0.0297]	2.7+0.0s
[1080/1120]	[L1: 0.0297]	2.6+0.0s
[1120/1120]	[L1: 0.0297]	2.6+0.0s

Evaluation:
[RSSCN7 x3]	psnr: 28.746 (Best: 28.746 @epoch 23)
Total time: 40.94s

[Epoch 24]	Learning rate: 2.00e-4
[40/1120]	[L1: 0.0303]	3.0+0.0s
[80/1120]	[L1: 0.0292]	2.9+0.0s
[120/1120]	[L1: 0.0288]	2.8+0.0s
[160/1120]	[L1: 0.0287]	2.6+0.0s
[200/1120]	[L1: 0.0290]	2.6+0.0s
[240/1120]	[L1: 0.0286]	2.7+0.0s
[280/1120]	[L1: 0.0287]	2.6+0.0s
[320/1120]	[L1: 0.0284]	2.6+0.0s
[360/1120]	[L1: 0.0291]	2.6+0.0s
[400/1120]	[L1: 0.0295]	2.6+0.0s
[440/1120]	[L1: 0.0293]	2.6+0.0s
[480/1120]	[L1: 0.0291]	2.7+0.0s
[520/1120]	[L1: 0.0292]	2.6+0.0s
[560/1120]	[L1: 0.0292]	2.6+0.0s
[600/1120]	[L1: 0.0292]	2.6+0.0s
[640/1120]	[L1: 0.0294]	2.7+0.0s
[680/1120]	[L1: 0.0295]	2.6+0.0s
[720/1120]	[L1: 0.0297]	2.6+0.0s
[760/1120]	[L1: 0.0294]	2.8+0.0s
[800/1120]	[L1: 0.0294]	2.8+0.0s
[840/1120]	[L1: 0.0294]	2.7+0.0s
[880/1120]	[L1: 0.0295]	2.6+0.0s
[920/1120]	[L1: 0.0294]	2.7+0.0s
[960/1120]	[L1: 0.0294]	2.6+0.0s
[1000/1120]	[L1: 0.0292]	2.6+0.0s
[1040/1120]	[L1: 0.0292]	2.6+0.0s
[1080/1120]	[L1: 0.0292]	2.6+0.0s
[1120/1120]	[L1: 0.0292]	2.7+0.0s

Evaluation:
[RSSCN7 x3]	psnr: 28.794 (Best: 28.794 @epoch 24)
Total time: 40.81s

[Epoch 25]	Learning rate: 2.00e-4
[40/1120]	[L1: 0.0274]	2.6+0.0s
[80/1120]	[L1: 0.0269]	2.6+0.0s
[120/1120]	[L1: 0.0279]	2.7+0.0s
[160/1120]	[L1: 0.0277]	2.6+0.0s
[200/1120]	[L1: 0.0274]	2.6+0.0s
[240/1120]	[L1: 0.0279]	2.6+0.0s
[280/1120]	[L1: 0.0283]	2.6+0.0s
[320/1120]	[L1: 0.0293]	2.7+0.0s
[360/1120]	[L1: 0.0293]	2.6+0.0s
[400/1120]	[L1: 0.0295]	2.8+0.0s
[440/1120]	[L1: 0.0295]	2.8+0.0s
[480/1120]	[L1: 0.0291]	2.6+0.0s
[520/1120]	[L1: 0.0292]	2.6+0.0s
[560/1120]	[L1: 0.0293]	2.7+0.0s
[600/1120]	[L1: 0.0292]	2.7+0.0s
[640/1120]	[L1: 0.0289]	2.7+0.0s
[680/1120]	[L1: 0.0289]	2.6+0.0s
[720/1120]	[L1: 0.0288]	2.6+0.0s
[760/1120]	[L1: 0.0286]	2.7+0.0s
[800/1120]	[L1: 0.0287]	2.6+0.0s
[840/1120]	[L1: 0.0288]	2.6+0.0s
[880/1120]	[L1: 0.0289]	2.6+0.0s
[920/1120]	[L1: 0.0290]	2.6+0.0s
[960/1120]	[L1: 0.0289]	2.6+0.0s
[1000/1120]	[L1: 0.0289]	2.6+0.0s
[1040/1120]	[L1: 0.0291]	2.7+0.0s
[1080/1120]	[L1: 0.0291]	2.6+0.0s
[1120/1120]	[L1: 0.0291]	2.6+0.0s

Evaluation:
[RSSCN7 x3]	psnr: 28.720 (Best: 28.794 @epoch 24)
Total time: 41.76s

[Epoch 26]	Learning rate: 2.00e-4
[40/1120]	[L1: 0.0268]	2.7+0.0s
[80/1120]	[L1: 0.0286]	2.6+0.0s
[120/1120]	[L1: 0.0294]	2.6+0.0s
[160/1120]	[L1: 0.0299]	2.7+0.0s
[200/1120]	[L1: 0.0296]	2.6+0.0s
[240/1120]	[L1: 0.0304]	2.7+0.0s
[280/1120]	[L1: 0.0299]	2.8+0.0s
[320/1120]	[L1: 0.0303]	2.7+0.0s
[360/1120]	[L1: 0.0300]	2.6+0.0s
[400/1120]	[L1: 0.0296]	2.6+0.0s
[440/1120]	[L1: 0.0299]	2.7+0.0s
[480/1120]	[L1: 0.0296]	3.0+0.0s
[520/1120]	[L1: 0.0296]	2.8+0.0s
[560/1120]	[L1: 0.0294]	2.6+0.0s
[600/1120]	[L1: 0.0291]	2.6+0.0s
[640/1120]	[L1: 0.0291]	2.6+0.0s
[680/1120]	[L1: 0.0292]	2.6+0.0s
[720/1120]	[L1: 0.0291]	2.7+0.0s
[760/1120]	[L1: 0.0290]	2.6+0.0s
[800/1120]	[L1: 0.0289]	2.6+0.0s
[840/1120]	[L1: 0.0288]	2.6+0.0s
[880/1120]	[L1: 0.0290]	2.6+0.0s
[920/1120]	[L1: 0.0290]	2.7+0.0s
[960/1120]	[L1: 0.0288]	2.6+0.0s
[1000/1120]	[L1: 0.0288]	2.6+0.0s
[1040/1120]	[L1: 0.0287]	2.6+0.0s
[1080/1120]	[L1: 0.0286]	2.6+0.0s
[1120/1120]	[L1: 0.0286]	2.6+0.0s

Evaluation:
[RSSCN7 x3]	psnr: 28.805 (Best: 28.805 @epoch 26)
Total time: 41.09s

[Epoch 27]	Learning rate: 2.00e-4
[40/1120]	[L1: 0.0295]	2.6+0.0s
[80/1120]	[L1: 0.0293]	2.6+0.0s
[120/1120]	[L1: 0.0290]	2.7+0.0s
[160/1120]	[L1: 0.0286]	2.6+0.0s
[200/1120]	[L1: 0.0285]	2.6+0.0s
[240/1120]	[L1: 0.0280]	2.6+0.0s
[280/1120]	[L1: 0.0283]	2.6+0.0s
[320/1120]	[L1: 0.0289]	2.6+0.0s
[360/1120]	[L1: 0.0289]	2.6+0.0s
[400/1120]	[L1: 0.0291]	2.7+0.0s
[440/1120]	[L1: 0.0288]	2.6+0.0s
[480/1120]	[L1: 0.0286]	2.6+0.0s
[520/1120]	[L1: 0.0281]	2.6+0.0s
[560/1120]	[L1: 0.0285]	2.6+0.0s
[600/1120]	[L1: 0.0286]	2.7+0.0s
[640/1120]	[L1: 0.0285]	2.6+0.0s
[680/1120]	[L1: 0.0285]	2.6+0.0s
[720/1120]	[L1: 0.0283]	2.6+0.0s
[760/1120]	[L1: 0.0285]	2.6+0.0s
[800/1120]	[L1: 0.0285]	2.6+0.0s
[840/1120]	[L1: 0.0286]	2.7+0.0s
[880/1120]	[L1: 0.0285]	2.6+0.0s
[920/1120]	[L1: 0.0286]	2.6+0.0s
[960/1120]	[L1: 0.0287]	2.6+0.0s
[1000/1120]	[L1: 0.0287]	2.6+0.0s
[1040/1120]	[L1: 0.0288]	2.7+0.0s
[1080/1120]	[L1: 0.0287]	2.6+0.0s
[1120/1120]	[L1: 0.0288]	2.6+0.0s

Evaluation:
[RSSCN7 x3]	psnr: 28.430 (Best: 28.805 @epoch 26)
Total time: 41.11s

[Epoch 28]	Learning rate: 2.00e-4
[40/1120]	[L1: 0.0274]	2.8+0.0s
[80/1120]	[L1: 0.0277]	2.9+0.0s
[120/1120]	[L1: 0.0285]	2.6+0.0s
[160/1120]	[L1: 0.0274]	2.6+0.0s
[200/1120]	[L1: 0.0281]	2.6+0.0s
[240/1120]	[L1: 0.0287]	2.6+0.0s
[280/1120]	[L1: 0.0285]	2.7+0.0s
[320/1120]	[L1: 0.0287]	2.6+0.0s
[360/1120]	[L1: 0.0286]	2.6+0.0s
[400/1120]	[L1: 0.0290]	2.6+0.0s
[440/1120]	[L1: 0.0292]	2.6+0.0s
[480/1120]	[L1: 0.0290]	2.6+0.0s
[520/1120]	[L1: 0.0294]	2.7+0.0s
[560/1120]	[L1: 0.0294]	2.6+0.0s
[600/1120]	[L1: 0.0294]	2.6+0.0s
[640/1120]	[L1: 0.0290]	2.6+0.0s
[680/1120]	[L1: 0.0290]	2.6+0.0s
[720/1120]	[L1: 0.0289]	2.7+0.0s
[760/1120]	[L1: 0.0291]	2.6+0.0s
[800/1120]	[L1: 0.0292]	2.6+0.0s
[840/1120]	[L1: 0.0291]	2.6+0.0s
[880/1120]	[L1: 0.0293]	2.6+0.0s
[920/1120]	[L1: 0.0291]	2.6+0.0s
[960/1120]	[L1: 0.0290]	2.7+0.0s
[1000/1120]	[L1: 0.0291]	2.6+0.0s
[1040/1120]	[L1: 0.0290]	2.6+0.0s
[1080/1120]	[L1: 0.0289]	2.6+0.0s
[1120/1120]	[L1: 0.0290]	2.6+0.0s

Evaluation:
[RSSCN7 x3]	psnr: 28.724 (Best: 28.805 @epoch 26)
Total time: 41.12s

[Epoch 29]	Learning rate: 2.00e-4
[40/1120]	[L1: 0.0269]	2.6+0.0s
[80/1120]	[L1: 0.0273]	2.6+0.0s
[120/1120]	[L1: 0.0272]	2.6+0.0s
[160/1120]	[L1: 0.0270]	2.7+0.0s
[200/1120]	[L1: 0.0275]	2.6+0.0s
[240/1120]	[L1: 0.0278]	2.6+0.0s
[280/1120]	[L1: 0.0276]	2.6+0.0s
[320/1120]	[L1: 0.0277]	2.6+0.0s
[360/1120]	[L1: 0.0272]	2.6+0.0s
[400/1120]	[L1: 0.0272]	2.6+0.0s
[440/1120]	[L1: 0.0275]	2.7+0.0s
[480/1120]	[L1: 0.0277]	2.6+0.0s
[520/1120]	[L1: 0.0281]	2.6+0.0s
[560/1120]	[L1: 0.0281]	2.6+0.0s
[600/1120]	[L1: 0.0279]	2.7+0.0s
[640/1120]	[L1: 0.0279]	2.6+0.0s
[680/1120]	[L1: 0.0280]	2.6+0.0s
[720/1120]	[L1: 0.0282]	2.6+0.0s
[760/1120]	[L1: 0.0282]	2.6+0.0s
[800/1120]	[L1: 0.0282]	2.6+0.0s
[840/1120]	[L1: 0.0283]	2.6+0.0s
[880/1120]	[L1: 0.0282]	2.7+0.0s
[920/1120]	[L1: 0.0284]	2.6+0.0s
[960/1120]	[L1: 0.0284]	2.6+0.0s
[1000/1120]	[L1: 0.0284]	2.6+0.0s
[1040/1120]	[L1: 0.0284]	2.6+0.0s
[1080/1120]	[L1: 0.0284]	2.7+0.0s
[1120/1120]	[L1: 0.0284]	2.6+0.0s

Evaluation:
[RSSCN7 x3]	psnr: 28.701 (Best: 28.805 @epoch 26)
Total time: 40.35s

[Epoch 30]	Learning rate: 2.00e-4
[40/1120]	[L1: 0.0291]	2.6+0.0s
[80/1120]	[L1: 0.0298]	3.0+0.0s
[120/1120]	[L1: 0.0276]	2.9+0.0s
[160/1120]	[L1: 0.0281]	2.7+0.0s
[200/1120]	[L1: 0.0278]	2.7+0.0s
[240/1120]	[L1: 0.0272]	2.8+0.0s
[280/1120]	[L1: 0.0275]	2.7+0.0s
[320/1120]	[L1: 0.0272]	2.6+0.0s
[360/1120]	[L1: 0.0273]	2.6+0.0s
[400/1120]	[L1: 0.0272]	2.6+0.0s
[440/1120]	[L1: 0.0270]	2.6+0.0s
[480/1120]	[L1: 0.0274]	2.6+0.0s
[520/1120]	[L1: 0.0274]	2.6+0.0s
[560/1120]	[L1: 0.0277]	2.7+0.0s
[600/1120]	[L1: 0.0280]	2.9+0.0s
[640/1120]	[L1: 0.0280]	2.8+0.0s
[680/1120]	[L1: 0.0283]	2.8+0.0s
[720/1120]	[L1: 0.0284]	3.0+0.0s
[760/1120]	[L1: 0.0285]	2.9+0.0s
[800/1120]	[L1: 0.0286]	2.8+0.0s
[840/1120]	[L1: 0.0285]	2.8+0.0s
[880/1120]	[L1: 0.0284]	2.8+0.0s
[920/1120]	[L1: 0.0284]	2.7+0.0s
[960/1120]	[L1: 0.0284]	2.6+0.0s
[1000/1120]	[L1: 0.0285]	2.7+0.0s
[1040/1120]	[L1: 0.0284]	2.6+0.0s
[1080/1120]	[L1: 0.0285]	2.6+0.0s
[1120/1120]	[L1: 0.0285]	2.6+0.0s

Evaluation:
[RSSCN7 x3]	psnr: 28.659 (Best: 28.805 @epoch 26)
Total time: 40.89s

[Epoch 31]	Learning rate: 2.00e-4
[40/1120]	[L1: 0.0321]	2.6+0.0s
[80/1120]	[L1: 0.0311]	2.6+0.0s
[120/1120]	[L1: 0.0292]	2.6+0.0s
[160/1120]	[L1: 0.0282]	2.6+0.0s
[200/1120]	[L1: 0.0283]	2.6+0.0s
[240/1120]	[L1: 0.0283]	2.6+0.0s
[280/1120]	[L1: 0.0283]	2.7+0.0s
[320/1120]	[L1: 0.0284]	2.6+0.0s
[360/1120]	[L1: 0.0287]	2.6+0.0s
[400/1120]	[L1: 0.0284]	2.6+0.0s
[440/1120]	[L1: 0.0282]	2.7+0.0s
[480/1120]	[L1: 0.0282]	2.6+0.0s
[520/1120]	[L1: 0.0283]	2.6+0.0s
[560/1120]	[L1: 0.0287]	2.6+0.0s
[600/1120]	[L1: 0.0287]	2.6+0.0s
[640/1120]	[L1: 0.0286]	2.6+0.0s
[680/1120]	[L1: 0.0285]	2.6+0.0s
[720/1120]	[L1: 0.0286]	2.7+0.0s
[760/1120]	[L1: 0.0288]	2.6+0.0s
[800/1120]	[L1: 0.0287]	2.6+0.0s
[840/1120]	[L1: 0.0285]	2.6+0.0s
[880/1120]	[L1: 0.0286]	2.6+0.0s
[920/1120]	[L1: 0.0284]	3.0+0.0s
[960/1120]	[L1: 0.0283]	2.8+0.0s
[1000/1120]	[L1: 0.0282]	2.6+0.0s
[1040/1120]	[L1: 0.0283]	2.6+0.0s
[1080/1120]	[L1: 0.0284]	2.6+0.0s
[1120/1120]	[L1: 0.0283]	2.6+0.0s

Evaluation:
[RSSCN7 x3]	psnr: 28.712 (Best: 28.805 @epoch 26)
Total time: 40.70s

[Epoch 32]	Learning rate: 2.00e-4
[40/1120]	[L1: 0.0292]	2.6+0.0s
[80/1120]	[L1: 0.0292]	2.6+0.0s
[120/1120]	[L1: 0.0289]	2.6+0.0s
[160/1120]	[L1: 0.0295]	2.6+0.0s
[200/1120]	[L1: 0.0292]	2.7+0.0s
[240/1120]	[L1: 0.0287]	2.6+0.0s
[280/1120]	[L1: 0.0290]	2.6+0.0s
[320/1120]	[L1: 0.0287]	2.6+0.0s
[360/1120]	[L1: 0.0289]	2.6+0.0s
[400/1120]	[L1: 0.0293]	2.7+0.0s
[440/1120]	[L1: 0.0288]	2.6+0.0s
[480/1120]	[L1: 0.0285]	2.6+0.0s
[520/1120]	[L1: 0.0288]	2.6+0.0s
[560/1120]	[L1: 0.0287]	2.6+0.0s
[600/1120]	[L1: 0.0288]	2.6+0.0s
[640/1120]	[L1: 0.0287]	2.7+0.0s
[680/1120]	[L1: 0.0287]	2.6+0.0s
[720/1120]	[L1: 0.0287]	2.6+0.0s
[760/1120]	[L1: 0.0288]	2.6+0.0s
[800/1120]	[L1: 0.0289]	2.6+0.0s
[840/1120]	[L1: 0.0288]	2.7+0.0s
[880/1120]	[L1: 0.0289]	2.6+0.0s
[920/1120]	[L1: 0.0289]	2.6+0.0s
[960/1120]	[L1: 0.0289]	2.6+0.0s
[1000/1120]	[L1: 0.0289]	2.6+0.0s
[1040/1120]	[L1: 0.0288]	2.8+0.0s
[1080/1120]	[L1: 0.0287]	2.9+0.0s
[1120/1120]	[L1: 0.0287]	2.8+0.0s

Evaluation:
[RSSCN7 x3]	psnr: 28.700 (Best: 28.805 @epoch 26)
Total time: 40.26s

[Epoch 33]	Learning rate: 2.00e-4
[40/1120]	[L1: 0.0285]	2.8+0.0s
[80/1120]	[L1: 0.0271]	2.8+0.0s
[120/1120]	[L1: 0.0282]	2.9+0.0s
[160/1120]	[L1: 0.0275]	2.7+0.0s
[200/1120]	[L1: 0.0278]	2.6+0.0s
[240/1120]	[L1: 0.0283]	2.6+0.0s
[280/1120]	[L1: 0.0284]	2.6+0.0s
[320/1120]	[L1: 0.0288]	2.6+0.0s
[360/1120]	[L1: 0.0286]	2.7+0.0s
[400/1120]	[L1: 0.0287]	2.6+0.0s
[440/1120]	[L1: 0.0282]	2.6+0.0s
[480/1120]	[L1: 0.0283]	2.6+0.0s
[520/1120]	[L1: 0.0285]	2.6+0.0s
[560/1120]	[L1: 0.0284]	2.7+0.0s
[600/1120]	[L1: 0.0285]	2.6+0.0s
[640/1120]	[L1: 0.0284]	2.6+0.0s
[680/1120]	[L1: 0.0286]	2.6+0.0s
[720/1120]	[L1: 0.0286]	2.6+0.0s
[760/1120]	[L1: 0.0287]	2.6+0.0s
[800/1120]	[L1: 0.0288]	2.7+0.0s
[840/1120]	[L1: 0.0287]	2.6+0.0s
[880/1120]	[L1: 0.0285]	2.6+0.0s
[920/1120]	[L1: 0.0284]	2.6+0.0s
[960/1120]	[L1: 0.0284]	2.6+0.0s
[1000/1120]	[L1: 0.0284]	2.7+0.0s
[1040/1120]	[L1: 0.0285]	2.6+0.0s
[1080/1120]	[L1: 0.0285]	2.6+0.0s
[1120/1120]	[L1: 0.0284]	2.6+0.0s

Evaluation:
[RSSCN7 x3]	psnr: 28.819 (Best: 28.819 @epoch 33)
Total time: 40.24s

[Epoch 34]	Learning rate: 2.00e-4
[40/1120]	[L1: 0.0264]	2.9+0.0s
[80/1120]	[L1: 0.0296]	2.8+0.0s
[120/1120]	[L1: 0.0279]	3.0+0.0s
[160/1120]	[L1: 0.0285]	2.6+0.0s
[200/1120]	[L1: 0.0293]	2.7+0.0s
[240/1120]	[L1: 0.0297]	2.6+0.0s
[280/1120]	[L1: 0.0292]	2.6+0.0s
[320/1120]	[L1: 0.0288]	2.6+0.0s
[360/1120]	[L1: 0.0288]	2.6+0.0s
[400/1120]	[L1: 0.0287]	2.6+0.0s
[440/1120]	[L1: 0.0289]	2.6+0.0s
[480/1120]	[L1: 0.0290]	2.7+0.0s
[520/1120]	[L1: 0.0293]	2.6+0.0s
[560/1120]	[L1: 0.0292]	2.6+0.0s
[600/1120]	[L1: 0.0292]	2.6+0.0s
[640/1120]	[L1: 0.0290]	2.6+0.0s
[680/1120]	[L1: 0.0289]	2.7+0.0s
[720/1120]	[L1: 0.0286]	2.6+0.0s
[760/1120]	[L1: 0.0288]	2.6+0.0s
[800/1120]	[L1: 0.0289]	2.6+0.0s
[840/1120]	[L1: 0.0287]	2.6+0.0s
[880/1120]	[L1: 0.0285]	2.6+0.0s
[920/1120]	[L1: 0.0284]	2.7+0.0s
[960/1120]	[L1: 0.0283]	2.6+0.0s
[1000/1120]	[L1: 0.0284]	2.8+0.0s
[1040/1120]	[L1: 0.0284]	2.8+0.0s
[1080/1120]	[L1: 0.0283]	2.7+0.0s
[1120/1120]	[L1: 0.0283]	2.7+0.0s

Evaluation:
[RSSCN7 x3]	psnr: 28.774 (Best: 28.819 @epoch 33)
Total time: 41.11s

[Epoch 35]	Learning rate: 2.00e-4
[40/1120]	[L1: 0.0279]	2.6+0.0s
[80/1120]	[L1: 0.0282]	2.6+0.0s
[120/1120]	[L1: 0.0274]	2.7+0.0s
[160/1120]	[L1: 0.0266]	2.6+0.0s
[200/1120]	[L1: 0.0272]	2.6+0.0s
[240/1120]	[L1: 0.0275]	2.6+0.0s
[280/1120]	[L1: 0.0276]	2.6+0.0s
[320/1120]	[L1: 0.0275]	2.6+0.0s
[360/1120]	[L1: 0.0272]	2.6+0.0s
[400/1120]	[L1: 0.0275]	2.7+0.0s
[440/1120]	[L1: 0.0271]	2.6+0.0s
[480/1120]	[L1: 0.0271]	2.6+0.0s
[520/1120]	[L1: 0.0274]	2.6+0.0s
[560/1120]	[L1: 0.0273]	2.6+0.0s
[600/1120]	[L1: 0.0277]	2.7+0.0s
[640/1120]	[L1: 0.0277]	2.6+0.0s
[680/1120]	[L1: 0.0279]	2.6+0.0s
[720/1120]	[L1: 0.0278]	2.6+0.0s
[760/1120]	[L1: 0.0276]	2.6+0.0s
[800/1120]	[L1: 0.0276]	2.6+0.0s
[840/1120]	[L1: 0.0278]	2.7+0.0s
[880/1120]	[L1: 0.0278]	2.6+0.0s
[920/1120]	[L1: 0.0279]	2.6+0.0s
[960/1120]	[L1: 0.0281]	2.6+0.0s
[1000/1120]	[L1: 0.0281]	2.6+0.0s
[1040/1120]	[L1: 0.0282]	2.7+0.0s
[1080/1120]	[L1: 0.0281]	2.6+0.0s
[1120/1120]	[L1: 0.0283]	2.6+0.0s

Evaluation:
[RSSCN7 x3]	psnr: 28.738 (Best: 28.819 @epoch 33)
Total time: 40.04s

[Epoch 36]	Learning rate: 2.00e-4
[40/1120]	[L1: 0.0279]	2.7+0.0s
[80/1120]	[L1: 0.0284]	2.6+0.0s
[120/1120]	[L1: 0.0285]	2.6+0.0s
[160/1120]	[L1: 0.0282]	2.6+0.0s
[200/1120]	[L1: 0.0282]	2.6+0.0s
[240/1120]	[L1: 0.0285]	2.6+0.0s
[280/1120]	[L1: 0.0287]	2.6+0.0s
[320/1120]	[L1: 0.0289]	2.7+0.0s
[360/1120]	[L1: 0.0289]	2.6+0.0s
[400/1120]	[L1: 0.0290]	2.6+0.0s
[440/1120]	[L1: 0.0291]	2.6+0.0s
[480/1120]	[L1: 0.0290]	2.7+0.0s
[520/1120]	[L1: 0.0287]	2.6+0.0s
[560/1120]	[L1: 0.0285]	2.6+0.0s
[600/1120]	[L1: 0.0286]	2.6+0.0s
[640/1120]	[L1: 0.0286]	2.6+0.0s
[680/1120]	[L1: 0.0285]	2.6+0.0s
[720/1120]	[L1: 0.0285]	2.6+0.0s
[760/1120]	[L1: 0.0283]	2.7+0.0s
[800/1120]	[L1: 0.0284]	2.6+0.0s
[840/1120]	[L1: 0.0284]	2.6+0.0s
[880/1120]	[L1: 0.0284]	2.6+0.0s
[920/1120]	[L1: 0.0284]	2.6+0.0s
[960/1120]	[L1: 0.0284]	2.7+0.0s
[1000/1120]	[L1: 0.0284]	2.6+0.0s
[1040/1120]	[L1: 0.0284]	2.6+0.0s
[1080/1120]	[L1: 0.0283]	2.6+0.0s
[1120/1120]	[L1: 0.0283]	2.6+0.0s

Evaluation:
[RSSCN7 x3]	psnr: 28.347 (Best: 28.819 @epoch 33)
Total time: 41.26s

[Epoch 37]	Learning rate: 2.00e-4
[40/1120]	[L1: 0.0308]	2.6+0.0s
[80/1120]	[L1: 0.0300]	2.6+0.0s
[120/1120]	[L1: 0.0292]	2.6+0.0s
[160/1120]	[L1: 0.0292]	2.6+0.0s
[200/1120]	[L1: 0.0298]	2.6+0.0s
[240/1120]	[L1: 0.0295]	2.7+0.0s
[280/1120]	[L1: 0.0290]	2.6+0.0s
[320/1120]	[L1: 0.0293]	2.6+0.0s
[360/1120]	[L1: 0.0292]	2.6+0.0s
[400/1120]	[L1: 0.0289]	2.6+0.0s
[440/1120]	[L1: 0.0286]	2.7+0.0s
[480/1120]	[L1: 0.0285]	2.6+0.0s
[520/1120]	[L1: 0.0283]	2.6+0.0s
[560/1120]	[L1: 0.0284]	2.6+0.0s
[600/1120]	[L1: 0.0281]	2.6+0.0s
[640/1120]	[L1: 0.0281]	2.6+0.0s
[680/1120]	[L1: 0.0281]	2.7+0.0s
[720/1120]	[L1: 0.0283]	2.6+0.0s
[760/1120]	[L1: 0.0286]	2.6+0.0s
[800/1120]	[L1: 0.0284]	2.8+0.0s
[840/1120]	[L1: 0.0286]	2.7+0.0s
[880/1120]	[L1: 0.0284]	2.7+0.0s
[920/1120]	[L1: 0.0284]	2.6+0.0s
[960/1120]	[L1: 0.0283]	2.6+0.0s
[1000/1120]	[L1: 0.0283]	2.6+0.0s
[1040/1120]	[L1: 0.0283]	2.6+0.0s
[1080/1120]	[L1: 0.0283]	2.6+0.0s
[1120/1120]	[L1: 0.0282]	2.6+0.0s

Evaluation:
[RSSCN7 x3]	psnr: 28.640 (Best: 28.819 @epoch 33)
Total time: 40.22s

[Epoch 38]	Learning rate: 2.00e-4
[40/1120]	[L1: 0.0289]	2.6+0.0s
[80/1120]	[L1: 0.0291]	2.6+0.0s
[120/1120]	[L1: 0.0300]	2.6+0.0s
[160/1120]	[L1: 0.0297]	2.6+0.0s
[200/1120]	[L1: 0.0295]	2.7+0.0s
[240/1120]	[L1: 0.0285]	2.6+0.0s
[280/1120]	[L1: 0.0284]	2.6+0.0s
[320/1120]	[L1: 0.0277]	2.6+0.0s
[360/1120]	[L1: 0.0277]	2.6+0.0s
[400/1120]	[L1: 0.0276]	2.7+0.0s
[440/1120]	[L1: 0.0278]	2.6+0.0s
[480/1120]	[L1: 0.0277]	2.6+0.0s
[520/1120]	[L1: 0.0278]	2.6+0.0s
[560/1120]	[L1: 0.0278]	2.6+0.0s
[600/1120]	[L1: 0.0279]	2.6+0.0s
[640/1120]	[L1: 0.0278]	2.7+0.0s
[680/1120]	[L1: 0.0278]	2.6+0.0s
[720/1120]	[L1: 0.0280]	2.6+0.0s
[760/1120]	[L1: 0.0280]	2.6+0.0s
[800/1120]	[L1: 0.0282]	2.6+0.0s
[840/1120]	[L1: 0.0282]	2.7+0.0s
[880/1120]	[L1: 0.0282]	2.6+0.0s
[920/1120]	[L1: 0.0283]	2.6+0.0s
[960/1120]	[L1: 0.0281]	2.6+0.0s
[1000/1120]	[L1: 0.0281]	2.6+0.0s
[1040/1120]	[L1: 0.0281]	2.6+0.0s
[1080/1120]	[L1: 0.0282]	2.7+0.0s
[1120/1120]	[L1: 0.0282]	2.6+0.0s

Evaluation:
[RSSCN7 x3]	psnr: 28.652 (Best: 28.819 @epoch 33)
Total time: 40.11s

[Epoch 39]	Learning rate: 2.00e-4
[40/1120]	[L1: 0.0273]	2.8+0.0s
[80/1120]	[L1: 0.0269]	2.8+0.0s
[120/1120]	[L1: 0.0275]	2.6+0.0s
[160/1120]	[L1: 0.0283]	2.6+0.0s
[200/1120]	[L1: 0.0279]	2.6+0.0s
[240/1120]	[L1: 0.0279]	2.6+0.0s
[280/1120]	[L1: 0.0275]	2.7+0.0s
[320/1120]	[L1: 0.0276]	2.6+0.0s
[360/1120]	[L1: 0.0275]	2.6+0.0s
[400/1120]	[L1: 0.0279]	2.6+0.0s
[440/1120]	[L1: 0.0280]	2.6+0.0s
[480/1120]	[L1: 0.0281]	2.8+0.0s
[520/1120]	[L1: 0.0285]	2.9+0.0s
[560/1120]	[L1: 0.0286]	2.6+0.0s
[600/1120]	[L1: 0.0285]	2.6+0.0s
[640/1120]	[L1: 0.0286]	2.6+0.0s
[680/1120]	[L1: 0.0287]	2.6+0.0s
[720/1120]	[L1: 0.0284]	2.7+0.0s
[760/1120]	[L1: 0.0284]	2.6+0.0s
[800/1120]	[L1: 0.0283]	2.6+0.0s
[840/1120]	[L1: 0.0283]	2.6+0.0s
[880/1120]	[L1: 0.0284]	2.8+0.0s
[920/1120]	[L1: 0.0285]	2.7+0.0s
[960/1120]	[L1: 0.0284]	2.6+0.0s
[1000/1120]	[L1: 0.0284]	2.7+0.0s
[1040/1120]	[L1: 0.0283]	2.6+0.0s
[1080/1120]	[L1: 0.0283]	2.6+0.0s
[1120/1120]	[L1: 0.0283]	2.6+0.0s

Evaluation:
[RSSCN7 x3]	psnr: 28.790 (Best: 28.819 @epoch 33)
Total time: 40.50s

[Epoch 40]	Learning rate: 2.00e-4
[40/1120]	[L1: 0.0239]	2.6+0.0s
[80/1120]	[L1: 0.0257]	2.6+0.0s
[120/1120]	[L1: 0.0262]	2.6+0.0s
[160/1120]	[L1: 0.0275]	2.6+0.0s
[200/1120]	[L1: 0.0288]	2.8+0.0s
[240/1120]	[L1: 0.0285]	2.8+0.0s
[280/1120]	[L1: 0.0288]	2.8+0.0s
[320/1120]	[L1: 0.0287]	2.7+0.0s
[360/1120]	[L1: 0.0283]	2.6+0.0s
[400/1120]	[L1: 0.0283]	2.6+0.0s
[440/1120]	[L1: 0.0281]	2.7+0.0s
[480/1120]	[L1: 0.0280]	2.6+0.0s
[520/1120]	[L1: 0.0284]	2.6+0.0s
[560/1120]	[L1: 0.0286]	2.6+0.0s
[600/1120]	[L1: 0.0285]	2.6+0.0s
[640/1120]	[L1: 0.0286]	2.7+0.0s
[680/1120]	[L1: 0.0285]	2.6+0.0s
[720/1120]	[L1: 0.0283]	2.6+0.0s
[760/1120]	[L1: 0.0283]	2.6+0.0s
[800/1120]	[L1: 0.0284]	2.6+0.0s
[840/1120]	[L1: 0.0283]	2.6+0.0s
[880/1120]	[L1: 0.0282]	2.6+0.0s
[920/1120]	[L1: 0.0280]	2.7+0.0s
[960/1120]	[L1: 0.0278]	2.6+0.0s
[1000/1120]	[L1: 0.0280]	2.6+0.0s
[1040/1120]	[L1: 0.0279]	2.6+0.0s
[1080/1120]	[L1: 0.0279]	2.7+0.0s
[1120/1120]	[L1: 0.0279]	2.6+0.0s

Evaluation:
[RSSCN7 x3]	psnr: 28.913 (Best: 28.913 @epoch 40)
Total time: 40.76s

[Epoch 41]	Learning rate: 2.00e-4
[40/1120]	[L1: 0.0285]	2.6+0.0s
[80/1120]	[L1: 0.0245]	2.7+0.0s
[120/1120]	[L1: 0.0248]	2.6+0.0s
[160/1120]	[L1: 0.0252]	2.6+0.0s
[200/1120]	[L1: 0.0258]	2.6+0.0s
[240/1120]	[L1: 0.0256]	2.6+0.0s
[280/1120]	[L1: 0.0264]	2.6+0.0s
[320/1120]	[L1: 0.0266]	2.6+0.0s
[360/1120]	[L1: 0.0269]	2.7+0.0s
[400/1120]	[L1: 0.0268]	2.6+0.0s
[440/1120]	[L1: 0.0270]	2.6+0.0s
[480/1120]	[L1: 0.0274]	2.6+0.0s
[520/1120]	[L1: 0.0273]	2.6+0.0s
[560/1120]	[L1: 0.0275]	2.7+0.0s
[600/1120]	[L1: 0.0274]	2.6+0.0s
[640/1120]	[L1: 0.0277]	2.6+0.0s
[680/1120]	[L1: 0.0281]	2.6+0.0s
[720/1120]	[L1: 0.0282]	2.6+0.0s
[760/1120]	[L1: 0.0278]	2.6+0.0s
[800/1120]	[L1: 0.0277]	2.7+0.0s
[840/1120]	[L1: 0.0275]	2.6+0.0s
[880/1120]	[L1: 0.0277]	2.6+0.0s
[920/1120]	[L1: 0.0277]	2.6+0.0s
[960/1120]	[L1: 0.0278]	2.6+0.0s
[1000/1120]	[L1: 0.0280]	2.7+0.0s
[1040/1120]	[L1: 0.0280]	2.6+0.0s
[1080/1120]	[L1: 0.0279]	2.6+0.0s
[1120/1120]	[L1: 0.0278]	2.6+0.0s

Evaluation:
[RSSCN7 x3]	psnr: 28.831 (Best: 28.913 @epoch 40)
Total time: 40.58s

[Epoch 42]	Learning rate: 2.00e-4
[40/1120]	[L1: 0.0316]	2.9+0.0s
[80/1120]	[L1: 0.0298]	2.8+0.0s
[120/1120]	[L1: 0.0280]	2.7+0.0s
[160/1120]	[L1: 0.0276]	2.6+0.0s
[200/1120]	[L1: 0.0274]	2.6+0.0s
[240/1120]	[L1: 0.0275]	2.6+0.0s
[280/1120]	[L1: 0.0279]	2.7+0.0s
[320/1120]	[L1: 0.0280]	2.6+0.0s
[360/1120]	[L1: 0.0279]	2.6+0.0s
[400/1120]	[L1: 0.0278]	2.6+0.0s
[440/1120]	[L1: 0.0280]	2.6+0.0s
[480/1120]	[L1: 0.0283]	2.7+0.0s
[520/1120]	[L1: 0.0284]	2.6+0.0s
[560/1120]	[L1: 0.0283]	2.6+0.0s
[600/1120]	[L1: 0.0281]	2.6+0.0s
[640/1120]	[L1: 0.0281]	2.6+0.0s
[680/1120]	[L1: 0.0279]	2.6+0.0s
[720/1120]	[L1: 0.0281]	2.7+0.0s
[760/1120]	[L1: 0.0279]	2.6+0.0s
[800/1120]	[L1: 0.0278]	2.6+0.0s
[840/1120]	[L1: 0.0280]	2.6+0.0s
[880/1120]	[L1: 0.0280]	2.8+0.0s
[920/1120]	[L1: 0.0280]	2.8+0.0s
[960/1120]	[L1: 0.0281]	2.6+0.0s
[1000/1120]	[L1: 0.0280]	2.6+0.0s
[1040/1120]	[L1: 0.0279]	2.6+0.0s
[1080/1120]	[L1: 0.0279]	2.6+0.0s
[1120/1120]	[L1: 0.0278]	2.6+0.0s

Evaluation:
[RSSCN7 x3]	psnr: 28.881 (Best: 28.913 @epoch 40)
Total time: 40.89s

[Epoch 43]	Learning rate: 2.00e-4
[40/1120]	[L1: 0.0254]	2.6+0.0s
[80/1120]	[L1: 0.0268]	2.6+0.0s
[120/1120]	[L1: 0.0263]	2.6+0.0s
[160/1120]	[L1: 0.0260]	2.6+0.0s
[200/1120]	[L1: 0.0266]	2.7+0.0s
[240/1120]	[L1: 0.0265]	2.6+0.0s
[280/1120]	[L1: 0.0268]	2.6+0.0s
[320/1120]	[L1: 0.0269]	2.6+0.0s
[360/1120]	[L1: 0.0270]	2.6+0.0s
[400/1120]	[L1: 0.0276]	2.6+0.0s
[440/1120]	[L1: 0.0276]	2.7+0.0s
[480/1120]	[L1: 0.0277]	2.6+0.0s
[520/1120]	[L1: 0.0276]	2.6+0.0s
[560/1120]	[L1: 0.0277]	2.6+0.0s
[600/1120]	[L1: 0.0277]	2.6+0.0s
[640/1120]	[L1: 0.0279]	2.7+0.0s
[680/1120]	[L1: 0.0281]	2.6+0.0s
[720/1120]	[L1: 0.0281]	2.6+0.0s
[760/1120]	[L1: 0.0282]	2.6+0.0s
[800/1120]	[L1: 0.0280]	2.6+0.0s
[840/1120]	[L1: 0.0280]	2.6+0.0s
[880/1120]	[L1: 0.0280]	2.7+0.0s
[920/1120]	[L1: 0.0281]	2.6+0.0s
[960/1120]	[L1: 0.0279]	2.6+0.0s
[1000/1120]	[L1: 0.0279]	2.6+0.0s
[1040/1120]	[L1: 0.0278]	2.6+0.0s
[1080/1120]	[L1: 0.0278]	2.7+0.0s
[1120/1120]	[L1: 0.0279]	2.6+0.0s

Evaluation:
[RSSCN7 x3]	psnr: 28.897 (Best: 28.913 @epoch 40)
Total time: 40.91s

[Epoch 44]	Learning rate: 2.00e-4
[40/1120]	[L1: 0.0262]	2.6+0.0s
[80/1120]	[L1: 0.0281]	2.6+0.0s
[120/1120]	[L1: 0.0282]	2.7+0.0s
[160/1120]	[L1: 0.0284]	2.6+0.0s
[200/1120]	[L1: 0.0287]	2.6+0.0s
[240/1120]	[L1: 0.0285]	2.6+0.0s
[280/1120]	[L1: 0.0283]	2.6+0.0s
[320/1120]	[L1: 0.0284]	2.6+0.0s
[360/1120]	[L1: 0.0282]	2.7+0.0s
[400/1120]	[L1: 0.0282]	2.6+0.0s
[440/1120]	[L1: 0.0278]	2.6+0.0s
[480/1120]	[L1: 0.0280]	2.6+0.0s
[520/1120]	[L1: 0.0277]	2.6+0.0s
[560/1120]	[L1: 0.0278]	2.7+0.0s
[600/1120]	[L1: 0.0277]	2.6+0.0s
[640/1120]	[L1: 0.0276]	2.6+0.0s
[680/1120]	[L1: 0.0275]	2.6+0.0s
[720/1120]	[L1: 0.0273]	2.6+0.0s
[760/1120]	[L1: 0.0273]	2.6+0.0s
[800/1120]	[L1: 0.0275]	2.7+0.0s
[840/1120]	[L1: 0.0277]	2.6+0.0s
[880/1120]	[L1: 0.0278]	2.6+0.0s
[920/1120]	[L1: 0.0278]	2.6+0.0s
[960/1120]	[L1: 0.0278]	2.6+0.0s
[1000/1120]	[L1: 0.0278]	2.7+0.0s
[1040/1120]	[L1: 0.0279]	2.6+0.0s
[1080/1120]	[L1: 0.0280]	2.6+0.0s
[1120/1120]	[L1: 0.0279]	2.6+0.0s

Evaluation:
[RSSCN7 x3]	psnr: 28.804 (Best: 28.913 @epoch 40)
Total time: 41.10s

[Epoch 45]	Learning rate: 2.00e-4
[40/1120]	[L1: 0.0309]	2.9+0.0s
[80/1120]	[L1: 0.0291]	2.8+0.0s
[120/1120]	[L1: 0.0301]	2.8+0.0s
[160/1120]	[L1: 0.0300]	2.6+0.0s
[200/1120]	[L1: 0.0293]	2.6+0.0s
[240/1120]	[L1: 0.0290]	2.6+0.0s
[280/1120]	[L1: 0.0292]	2.7+0.0s
[320/1120]	[L1: 0.0293]	2.6+0.0s
[360/1120]	[L1: 0.0292]	2.6+0.0s
[400/1120]	[L1: 0.0290]	2.6+0.0s
[440/1120]	[L1: 0.0286]	2.6+0.0s
[480/1120]	[L1: 0.0282]	2.7+0.0s
[520/1120]	[L1: 0.0282]	2.6+0.0s
[560/1120]	[L1: 0.0281]	2.6+0.0s
[600/1120]	[L1: 0.0279]	2.6+0.0s
[640/1120]	[L1: 0.0277]	2.6+0.0s
[680/1120]	[L1: 0.0278]	2.6+0.0s
[720/1120]	[L1: 0.0279]	2.6+0.0s
[760/1120]	[L1: 0.0280]	2.7+0.0s
[800/1120]	[L1: 0.0277]	2.6+0.0s
[840/1120]	[L1: 0.0277]	2.6+0.0s
[880/1120]	[L1: 0.0277]	2.6+0.0s
[920/1120]	[L1: 0.0277]	2.6+0.0s
[960/1120]	[L1: 0.0277]	2.7+0.0s
[1000/1120]	[L1: 0.0277]	2.6+0.0s
[1040/1120]	[L1: 0.0278]	2.6+0.0s
[1080/1120]	[L1: 0.0278]	2.6+0.0s
[1120/1120]	[L1: 0.0279]	2.7+0.0s

Evaluation:
[RSSCN7 x3]	psnr: 28.727 (Best: 28.913 @epoch 40)
Total time: 39.72s

[Epoch 46]	Learning rate: 2.00e-4
[40/1120]	[L1: 0.0287]	2.6+0.0s
[80/1120]	[L1: 0.0291]	2.6+0.0s
[120/1120]	[L1: 0.0302]	2.6+0.0s
[160/1120]	[L1: 0.0290]	2.6+0.0s
[200/1120]	[L1: 0.0293]	2.6+0.0s
[240/1120]	[L1: 0.0289]	2.7+0.0s
[280/1120]	[L1: 0.0289]	2.6+0.0s
[320/1120]	[L1: 0.0290]	2.6+0.0s
[360/1120]	[L1: 0.0287]	2.6+0.0s
[400/1120]	[L1: 0.0292]	2.6+0.0s
[440/1120]	[L1: 0.0290]	2.7+0.0s
[480/1120]	[L1: 0.0287]	2.6+0.0s
[520/1120]	[L1: 0.0287]	2.6+0.0s
[560/1120]	[L1: 0.0285]	2.6+0.0s
[600/1120]	[L1: 0.0287]	2.6+0.0s
[640/1120]	[L1: 0.0285]	2.6+0.0s
[680/1120]	[L1: 0.0285]	2.6+0.0s
[720/1120]	[L1: 0.0285]	2.7+0.0s
[760/1120]	[L1: 0.0282]	2.6+0.0s
[800/1120]	[L1: 0.0280]	2.6+0.0s
[840/1120]	[L1: 0.0280]	2.6+0.0s
[880/1120]	[L1: 0.0278]	2.7+0.0s
[920/1120]	[L1: 0.0278]	2.6+0.0s
[960/1120]	[L1: 0.0278]	2.6+0.0s
[1000/1120]	[L1: 0.0280]	2.6+0.0s
[1040/1120]	[L1: 0.0281]	2.6+0.0s
[1080/1120]	[L1: 0.0282]	2.6+0.0s
[1120/1120]	[L1: 0.0280]	2.6+0.0s

Evaluation:
[RSSCN7 x3]	psnr: 28.819 (Best: 28.913 @epoch 40)
Total time: 40.54s

[Epoch 47]	Learning rate: 2.00e-4
[40/1120]	[L1: 0.0251]	2.6+0.0s
[80/1120]	[L1: 0.0278]	2.6+0.0s
[120/1120]	[L1: 0.0279]	2.6+0.0s
[160/1120]	[L1: 0.0276]	2.6+0.0s
[200/1120]	[L1: 0.0272]	2.7+0.0s
[240/1120]	[L1: 0.0267]	2.6+0.0s
[280/1120]	[L1: 0.0268]	2.6+0.0s
[320/1120]	[L1: 0.0266]	2.6+0.0s
[360/1120]	[L1: 0.0265]	2.6+0.0s
[400/1120]	[L1: 0.0267]	2.7+0.0s
[440/1120]	[L1: 0.0266]	2.6+0.0s
[480/1120]	[L1: 0.0268]	2.6+0.0s
[520/1120]	[L1: 0.0272]	2.6+0.0s
[560/1120]	[L1: 0.0273]	2.6+0.0s
[600/1120]	[L1: 0.0272]	2.6+0.0s
[640/1120]	[L1: 0.0273]	2.6+0.0s
[680/1120]	[L1: 0.0275]	2.7+0.0s
[720/1120]	[L1: 0.0276]	2.6+0.0s
[760/1120]	[L1: 0.0279]	2.6+0.0s
[800/1120]	[L1: 0.0278]	2.6+0.0s
[840/1120]	[L1: 0.0279]	2.7+0.0s
[880/1120]	[L1: 0.0277]	2.6+0.0s
[920/1120]	[L1: 0.0277]	2.6+0.0s
[960/1120]	[L1: 0.0277]	2.6+0.0s
[1000/1120]	[L1: 0.0278]	2.6+0.0s
[1040/1120]	[L1: 0.0278]	2.6+0.0s
[1080/1120]	[L1: 0.0278]	2.6+0.0s
[1120/1120]	[L1: 0.0277]	2.7+0.0s

Evaluation:
[RSSCN7 x3]	psnr: 28.980 (Best: 28.980 @epoch 47)
Total time: 40.40s

[Epoch 48]	Learning rate: 2.00e-4
[40/1120]	[L1: 0.0327]	2.8+0.0s
[80/1120]	[L1: 0.0286]	2.7+0.0s
[120/1120]	[L1: 0.0279]	2.7+0.0s
[160/1120]	[L1: 0.0283]	2.6+0.0s
[200/1120]	[L1: 0.0274]	2.6+0.0s
[240/1120]	[L1: 0.0278]	2.6+0.0s
[280/1120]	[L1: 0.0274]	2.6+0.0s
[320/1120]	[L1: 0.0275]	2.7+0.0s
[360/1120]	[L1: 0.0274]	2.6+0.0s
[400/1120]	[L1: 0.0277]	2.6+0.0s
[440/1120]	[L1: 0.0274]	2.6+0.0s
[480/1120]	[L1: 0.0273]	2.6+0.0s
[520/1120]	[L1: 0.0273]	2.6+0.0s
[560/1120]	[L1: 0.0272]	2.6+0.0s
[600/1120]	[L1: 0.0273]	2.7+0.0s
[640/1120]	[L1: 0.0277]	2.7+0.0s
[680/1120]	[L1: 0.0277]	2.8+0.0s
[720/1120]	[L1: 0.0277]	2.7+0.0s
[760/1120]	[L1: 0.0275]	2.7+0.0s
[800/1120]	[L1: 0.0275]	2.6+0.0s
[840/1120]	[L1: 0.0275]	2.6+0.0s
[880/1120]	[L1: 0.0275]	2.6+0.0s
[920/1120]	[L1: 0.0276]	2.6+0.0s
[960/1120]	[L1: 0.0276]	2.6+0.0s
[1000/1120]	[L1: 0.0277]	2.6+0.0s
[1040/1120]	[L1: 0.0279]	2.7+0.0s
[1080/1120]	[L1: 0.0279]	2.6+0.0s
[1120/1120]	[L1: 0.0278]	2.6+0.0s

Evaluation:
[RSSCN7 x3]	psnr: 28.867 (Best: 28.980 @epoch 47)
Total time: 40.65s

[Epoch 49]	Learning rate: 2.00e-4
[40/1120]	[L1: 0.0288]	2.7+0.0s
[80/1120]	[L1: 0.0285]	2.6+0.0s
[120/1120]	[L1: 0.0276]	2.9+0.0s
[160/1120]	[L1: 0.0275]	2.9+0.0s
[200/1120]	[L1: 0.0267]	2.6+0.0s
[240/1120]	[L1: 0.0274]	2.6+0.0s
[280/1120]	[L1: 0.0278]	2.7+0.0s
[320/1120]	[L1: 0.0279]	2.6+0.0s
[360/1120]	[L1: 0.0281]	2.6+0.0s
[400/1120]	[L1: 0.0280]	2.6+0.0s
[440/1120]	[L1: 0.0281]	2.6+0.0s
[480/1120]	[L1: 0.0280]	2.7+0.0s
[520/1120]	[L1: 0.0282]	2.6+0.0s
[560/1120]	[L1: 0.0282]	2.6+0.0s
[600/1120]	[L1: 0.0284]	2.6+0.0s
[640/1120]	[L1: 0.0284]	2.6+0.0s
[680/1120]	[L1: 0.0283]	2.6+0.0s
[720/1120]	[L1: 0.0281]	2.7+0.0s
[760/1120]	[L1: 0.0280]	2.6+0.0s
[800/1120]	[L1: 0.0280]	2.6+0.0s
[840/1120]	[L1: 0.0281]	2.6+0.0s
[880/1120]	[L1: 0.0281]	2.6+0.0s
[920/1120]	[L1: 0.0280]	2.7+0.0s
[960/1120]	[L1: 0.0280]	2.6+0.0s
[1000/1120]	[L1: 0.0279]	2.6+0.0s
[1040/1120]	[L1: 0.0279]	2.6+0.0s
[1080/1120]	[L1: 0.0280]	2.6+0.0s
[1120/1120]	[L1: 0.0280]	2.6+0.0s

Evaluation:
[RSSCN7 x3]	psnr: 29.020 (Best: 29.020 @epoch 49)
Total time: 41.10s

[Epoch 50]	Learning rate: 2.00e-4
[40/1120]	[L1: 0.0291]	2.6+0.1s
[80/1120]	[L1: 0.0304]	2.6+0.0s
[120/1120]	[L1: 0.0285]	2.6+0.0s
[160/1120]	[L1: 0.0290]	2.6+0.0s
[200/1120]	[L1: 0.0281]	2.7+0.0s
[240/1120]	[L1: 0.0281]	2.6+0.0s
[280/1120]	[L1: 0.0278]	2.6+0.0s
[320/1120]	[L1: 0.0278]	2.6+0.0s
[360/1120]	[L1: 0.0278]	2.6+0.0s
[400/1120]	[L1: 0.0277]	2.7+0.0s
[440/1120]	[L1: 0.0283]	2.6+0.0s
[480/1120]	[L1: 0.0282]	2.6+0.0s
[520/1120]	[L1: 0.0280]	2.6+0.0s
[560/1120]	[L1: 0.0279]	2.6+0.0s
[600/1120]	[L1: 0.0280]	2.6+0.0s
[640/1120]	[L1: 0.0278]	2.6+0.0s
[680/1120]	[L1: 0.0276]	2.7+0.0s
[720/1120]	[L1: 0.0276]	2.6+0.0s
[760/1120]	[L1: 0.0276]	2.6+0.0s
[800/1120]	[L1: 0.0276]	2.6+0.0s
[840/1120]	[L1: 0.0277]	2.6+0.0s
[880/1120]	[L1: 0.0278]	2.7+0.0s
[920/1120]	[L1: 0.0278]	2.6+0.0s
[960/1120]	[L1: 0.0277]	2.6+0.0s
[1000/1120]	[L1: 0.0277]	2.6+0.0s
[1040/1120]	[L1: 0.0277]	2.6+0.0s
[1080/1120]	[L1: 0.0278]	2.6+0.0s
[1120/1120]	[L1: 0.0278]	2.7+0.0s

Evaluation:
[RSSCN7 x3]	psnr: 28.906 (Best: 29.020 @epoch 49)
Total time: 40.26s

[Epoch 51]	Learning rate: 2.00e-4
[40/1120]	[L1: 0.0270]	2.6+0.1s
[80/1120]	[L1: 0.0284]	2.6+0.0s
[120/1120]	[L1: 0.0283]	2.7+0.0s
[160/1120]	[L1: 0.0282]	2.6+0.0s
[200/1120]	[L1: 0.0282]	2.6+0.0s
[240/1120]	[L1: 0.0276]	2.6+0.0s
[280/1120]	[L1: 0.0277]	2.6+0.0s
[320/1120]	[L1: 0.0276]	2.6+0.0s
[360/1120]	[L1: 0.0275]	2.6+0.0s
[400/1120]	[L1: 0.0274]	2.7+0.0s
[440/1120]	[L1: 0.0273]	2.6+0.0s
[480/1120]	[L1: 0.0274]	2.6+0.0s
[520/1120]	[L1: 0.0274]	2.6+0.0s
[560/1120]	[L1: 0.0271]	2.6+0.0s
[600/1120]	[L1: 0.0272]	2.7+0.0s
[640/1120]	[L1: 0.0270]	2.6+0.0s
[680/1120]	[L1: 0.0270]	2.6+0.0s
[720/1120]	[L1: 0.0270]	2.6+0.0s
[760/1120]	[L1: 0.0270]	2.6+0.0s
[800/1120]	[L1: 0.0270]	2.6+0.0s
[840/1120]	[L1: 0.0272]	2.7+0.0s
[880/1120]	[L1: 0.0273]	2.6+0.0s
[920/1120]	[L1: 0.0275]	2.6+0.0s
[960/1120]	[L1: 0.0275]	2.6+0.0s
[1000/1120]	[L1: 0.0278]	2.6+0.0s
[1040/1120]	[L1: 0.0280]	2.7+0.0s
[1080/1120]	[L1: 0.0279]	2.6+0.0s
[1120/1120]	[L1: 0.0278]	2.6+0.0s

Evaluation:
[RSSCN7 x3]	psnr: 28.931 (Best: 29.020 @epoch 49)
Total time: 40.43s

[Epoch 52]	Learning rate: 2.00e-4
[40/1120]	[L1: 0.0271]	2.8+0.1s
[80/1120]	[L1: 0.0255]	2.9+0.0s
[120/1120]	[L1: 0.0257]	2.9+0.0s
[160/1120]	[L1: 0.0269]	2.6+0.0s
[200/1120]	[L1: 0.0282]	2.6+0.0s
[240/1120]	[L1: 0.0281]	2.6+0.0s
[280/1120]	[L1: 0.0281]	2.7+0.0s
[320/1120]	[L1: 0.0284]	2.6+0.0s
[360/1120]	[L1: 0.0282]	2.6+0.0s
[400/1120]	[L1: 0.0281]	2.6+0.0s
[440/1120]	[L1: 0.0282]	2.6+0.0s
[480/1120]	[L1: 0.0280]	2.6+0.0s
[520/1120]	[L1: 0.0281]	2.7+0.0s
[560/1120]	[L1: 0.0278]	2.7+0.0s
[600/1120]	[L1: 0.0280]	2.6+0.0s
[640/1120]	[L1: 0.0281]	2.6+0.0s
[680/1120]	[L1: 0.0280]	2.6+0.0s
[720/1120]	[L1: 0.0280]	2.7+0.0s
[760/1120]	[L1: 0.0280]	2.6+0.0s
[800/1120]	[L1: 0.0278]	2.6+0.0s
[840/1120]	[L1: 0.0277]	2.6+0.0s
[880/1120]	[L1: 0.0277]	2.6+0.0s
[920/1120]	[L1: 0.0277]	2.6+0.0s
[960/1120]	[L1: 0.0277]	2.7+0.0s
[1000/1120]	[L1: 0.0277]	2.6+0.0s
[1040/1120]	[L1: 0.0276]	2.6+0.0s
[1080/1120]	[L1: 0.0276]	2.6+0.0s
[1120/1120]	[L1: 0.0277]	2.6+0.0s

Evaluation:
[RSSCN7 x3]	psnr: 28.926 (Best: 29.020 @epoch 49)
Total time: 42.46s

[Epoch 53]	Learning rate: 2.00e-4
[40/1120]	[L1: 0.0282]	2.6+0.0s
[80/1120]	[L1: 0.0280]	2.6+0.0s
[120/1120]	[L1: 0.0281]	2.6+0.0s
[160/1120]	[L1: 0.0275]	2.6+0.0s
[200/1120]	[L1: 0.0276]	2.7+0.0s
[240/1120]	[L1: 0.0276]	2.6+0.0s
[280/1120]	[L1: 0.0271]	2.6+0.0s
[320/1120]	[L1: 0.0267]	2.6+0.0s
[360/1120]	[L1: 0.0271]	2.6+0.0s
[400/1120]	[L1: 0.0273]	2.7+0.0s
[440/1120]	[L1: 0.0271]	2.6+0.0s
[480/1120]	[L1: 0.0270]	2.6+0.0s
[520/1120]	[L1: 0.0270]	2.6+0.0s
[560/1120]	[L1: 0.0273]	2.6+0.0s
[600/1120]	[L1: 0.0272]	2.8+0.0s
[640/1120]	[L1: 0.0274]	2.8+0.0s
[680/1120]	[L1: 0.0273]	2.7+0.0s
[720/1120]	[L1: 0.0274]	2.6+0.0s
[760/1120]	[L1: 0.0272]	2.6+0.0s
[800/1120]	[L1: 0.0274]	2.6+0.0s
[840/1120]	[L1: 0.0274]	2.7+0.0s
[880/1120]	[L1: 0.0273]	2.6+0.0s
[920/1120]	[L1: 0.0275]	2.6+0.0s
[960/1120]	[L1: 0.0275]	2.6+0.0s
[1000/1120]	[L1: 0.0275]	2.6+0.0s
[1040/1120]	[L1: 0.0274]	2.6+0.0s
[1080/1120]	[L1: 0.0273]	2.6+0.0s
[1120/1120]	[L1: 0.0274]	2.7+0.0s

Evaluation:
[RSSCN7 x3]	psnr: 28.954 (Best: 29.020 @epoch 49)
Total time: 40.37s

[Epoch 54]	Learning rate: 2.00e-4
[40/1120]	[L1: 0.0259]	2.6+0.0s
[80/1120]	[L1: 0.0278]	2.6+0.0s
[120/1120]	[L1: 0.0281]	2.7+0.0s
[160/1120]	[L1: 0.0282]	2.6+0.0s
[200/1120]	[L1: 0.0273]	2.6+0.0s
[240/1120]	[L1: 0.0269]	2.8+0.0s
[280/1120]	[L1: 0.0273]	2.7+0.0s
[320/1120]	[L1: 0.0268]	2.6+0.0s
[360/1120]	[L1: 0.0269]	2.7+0.0s
[400/1120]	[L1: 0.0270]	2.6+0.0s
[440/1120]	[L1: 0.0269]	2.6+0.0s
[480/1120]	[L1: 0.0273]	2.6+0.0s
[520/1120]	[L1: 0.0274]	2.6+0.0s
[560/1120]	[L1: 0.0275]	2.9+0.0s
[600/1120]	[L1: 0.0278]	2.8+0.0s
[640/1120]	[L1: 0.0277]	2.6+0.0s
[680/1120]	[L1: 0.0274]	2.6+0.0s
[720/1120]	[L1: 0.0275]	2.6+0.0s
[760/1120]	[L1: 0.0275]	2.6+0.0s
[800/1120]	[L1: 0.0275]	2.7+0.0s
[840/1120]	[L1: 0.0276]	2.6+0.0s
[880/1120]	[L1: 0.0276]	2.6+0.0s
[920/1120]	[L1: 0.0278]	2.6+0.0s
[960/1120]	[L1: 0.0277]	2.6+0.0s
[1000/1120]	[L1: 0.0278]	2.7+0.0s
[1040/1120]	[L1: 0.0277]	2.6+0.0s
[1080/1120]	[L1: 0.0277]	2.6+0.0s
[1120/1120]	[L1: 0.0276]	2.6+0.0s

Evaluation:
[RSSCN7 x3]	psnr: 28.971 (Best: 29.020 @epoch 49)
Total time: 40.46s

[Epoch 55]	Learning rate: 2.00e-4
[40/1120]	[L1: 0.0270]	2.9+0.0s
[80/1120]	[L1: 0.0263]	2.8+0.0s
[120/1120]	[L1: 0.0274]	2.8+0.0s
[160/1120]	[L1: 0.0270]	2.7+0.0s
[200/1120]	[L1: 0.0265]	2.6+0.0s
[240/1120]	[L1: 0.0267]	2.6+0.0s
[280/1120]	[L1: 0.0268]	2.6+0.0s
[320/1120]	[L1: 0.0267]	2.7+0.0s
[360/1120]	[L1: 0.0265]	2.6+0.0s
[400/1120]	[L1: 0.0266]	2.6+0.0s
[440/1120]	[L1: 0.0265]	2.6+0.0s
[480/1120]	[L1: 0.0268]	2.7+0.0s
[520/1120]	[L1: 0.0270]	2.6+0.0s
[560/1120]	[L1: 0.0271]	2.6+0.0s
[600/1120]	[L1: 0.0273]	2.6+0.0s
[640/1120]	[L1: 0.0273]	2.6+0.0s
[680/1120]	[L1: 0.0275]	2.6+0.0s
[720/1120]	[L1: 0.0274]	2.6+0.0s
[760/1120]	[L1: 0.0272]	2.7+0.0s
[800/1120]	[L1: 0.0272]	2.6+0.0s
[840/1120]	[L1: 0.0271]	2.6+0.0s
[880/1120]	[L1: 0.0270]	2.6+0.0s
[920/1120]	[L1: 0.0271]	2.7+0.0s
[960/1120]	[L1: 0.0271]	2.6+0.0s
[1000/1120]	[L1: 0.0272]	2.6+0.0s
[1040/1120]	[L1: 0.0272]	2.6+0.0s
[1080/1120]	[L1: 0.0274]	2.6+0.0s
[1120/1120]	[L1: 0.0274]	2.6+0.0s

Evaluation:
[RSSCN7 x3]	psnr: 28.958 (Best: 29.020 @epoch 49)
Total time: 41.16s

[Epoch 56]	Learning rate: 2.00e-4
[40/1120]	[L1: 0.0336]	2.6+0.0s
[80/1120]	[L1: 0.0310]	2.6+0.0s
[120/1120]	[L1: 0.0305]	2.6+0.0s
[160/1120]	[L1: 0.0300]	2.6+0.0s
[200/1120]	[L1: 0.0290]	2.7+0.0s
[240/1120]	[L1: 0.0280]	2.7+0.0s
[280/1120]	[L1: 0.0278]	2.6+0.0s
[320/1120]	[L1: 0.0278]	2.6+0.0s
[360/1120]	[L1: 0.0278]	2.6+0.0s
[400/1120]	[L1: 0.0279]	2.6+0.0s
[440/1120]	[L1: 0.0282]	2.7+0.0s
[480/1120]	[L1: 0.0282]	2.6+0.0s
[520/1120]	[L1: 0.0282]	2.6+0.0s
[560/1120]	[L1: 0.0281]	2.6+0.0s
[600/1120]	[L1: 0.0280]	2.6+0.0s
[640/1120]	[L1: 0.0277]	2.6+0.0s
[680/1120]	[L1: 0.0279]	2.6+0.0s
[720/1120]	[L1: 0.0277]	2.7+0.0s
[760/1120]	[L1: 0.0277]	2.6+0.0s
[800/1120]	[L1: 0.0276]	2.6+0.0s
[840/1120]	[L1: 0.0275]	2.6+0.0s
[880/1120]	[L1: 0.0274]	2.7+0.0s
[920/1120]	[L1: 0.0274]	2.6+0.0s
[960/1120]	[L1: 0.0275]	2.7+0.0s
[1000/1120]	[L1: 0.0277]	2.6+0.0s
[1040/1120]	[L1: 0.0276]	2.6+0.0s
[1080/1120]	[L1: 0.0276]	2.6+0.0s
[1120/1120]	[L1: 0.0275]	2.6+0.0s

Evaluation:
[RSSCN7 x3]	psnr: 28.861 (Best: 29.020 @epoch 49)
Total time: 40.57s

[Epoch 57]	Learning rate: 2.00e-4
[40/1120]	[L1: 0.0252]	2.6+0.0s
[80/1120]	[L1: 0.0289]	2.6+0.0s
[120/1120]	[L1: 0.0289]	2.6+0.0s
[160/1120]	[L1: 0.0294]	2.6+0.0s
[200/1120]	[L1: 0.0283]	2.7+0.0s
[240/1120]	[L1: 0.0280]	2.6+0.0s
[280/1120]	[L1: 0.0278]	2.6+0.0s
[320/1120]	[L1: 0.0277]	2.6+0.0s
[360/1120]	[L1: 0.0276]	2.6+0.0s
[400/1120]	[L1: 0.0276]	2.7+0.0s
[440/1120]	[L1: 0.0274]	2.6+0.0s
[480/1120]	[L1: 0.0272]	2.6+0.0s
[520/1120]	[L1: 0.0272]	2.6+0.0s
[560/1120]	[L1: 0.0272]	2.6+0.0s
[600/1120]	[L1: 0.0272]	2.6+0.0s
[640/1120]	[L1: 0.0274]	2.7+0.0s
[680/1120]	[L1: 0.0276]	2.6+0.0s
[720/1120]	[L1: 0.0277]	2.6+0.0s
[760/1120]	[L1: 0.0275]	2.6+0.0s
[800/1120]	[L1: 0.0277]	2.6+0.0s
[840/1120]	[L1: 0.0276]	2.7+0.0s
[880/1120]	[L1: 0.0276]	2.6+0.0s
[920/1120]	[L1: 0.0278]	2.6+0.0s
[960/1120]	[L1: 0.0276]	2.6+0.0s
[1000/1120]	[L1: 0.0275]	2.6+0.0s
[1040/1120]	[L1: 0.0275]	2.6+0.0s
[1080/1120]	[L1: 0.0276]	2.7+0.0s
[1120/1120]	[L1: 0.0276]	2.6+0.0s

Evaluation:
[RSSCN7 x3]	psnr: 29.011 (Best: 29.020 @epoch 49)
Total time: 40.65s

[Epoch 58]	Learning rate: 2.00e-4
[40/1120]	[L1: 0.0257]	2.6+0.0s
[80/1120]	[L1: 0.0255]	2.6+0.0s
[120/1120]	[L1: 0.0253]	2.7+0.0s
[160/1120]	[L1: 0.0255]	2.6+0.0s
[200/1120]	[L1: 0.0266]	2.6+0.0s
[240/1120]	[L1: 0.0263]	2.6+0.0s
[280/1120]	[L1: 0.0264]	2.7+0.0s
[320/1120]	[L1: 0.0264]	2.6+0.0s
[360/1120]	[L1: 0.0270]	2.6+0.0s
[400/1120]	[L1: 0.0271]	2.6+0.0s
[440/1120]	[L1: 0.0268]	2.6+0.0s
[480/1120]	[L1: 0.0270]	2.6+0.0s
[520/1120]	[L1: 0.0273]	2.6+0.0s
[560/1120]	[L1: 0.0273]	2.7+0.0s
[600/1120]	[L1: 0.0274]	2.6+0.0s
[640/1120]	[L1: 0.0275]	2.6+0.0s
[680/1120]	[L1: 0.0276]	2.6+0.0s
[720/1120]	[L1: 0.0275]	2.6+0.0s
[760/1120]	[L1: 0.0274]	2.7+0.0s
[800/1120]	[L1: 0.0274]	2.6+0.0s
[840/1120]	[L1: 0.0276]	2.6+0.0s
[880/1120]	[L1: 0.0275]	2.6+0.0s
[920/1120]	[L1: 0.0275]	2.6+0.0s
[960/1120]	[L1: 0.0275]	2.6+0.0s
[1000/1120]	[L1: 0.0276]	2.7+0.0s
[1040/1120]	[L1: 0.0276]	2.6+0.0s
[1080/1120]	[L1: 0.0276]	2.6+0.0s
[1120/1120]	[L1: 0.0275]	2.6+0.0s

Evaluation:
[RSSCN7 x3]	psnr: 28.931 (Best: 29.020 @epoch 49)
Total time: 40.68s

[Epoch 59]	Learning rate: 2.00e-4
[40/1120]	[L1: 0.0244]	2.6+0.0s
[80/1120]	[L1: 0.0255]	2.6+0.0s
[120/1120]	[L1: 0.0266]	2.6+0.0s
[160/1120]	[L1: 0.0282]	2.6+0.0s
[200/1120]	[L1: 0.0275]	2.6+0.0s
[240/1120]	[L1: 0.0271]	2.7+0.0s
[280/1120]	[L1: 0.0274]	2.6+0.0s
[320/1120]	[L1: 0.0270]	2.6+0.0s
[360/1120]	[L1: 0.0273]	2.6+0.0s
[400/1120]	[L1: 0.0274]	2.6+0.0s
[440/1120]	[L1: 0.0277]	2.7+0.0s
[480/1120]	[L1: 0.0279]	2.6+0.0s
[520/1120]	[L1: 0.0276]	2.6+0.0s
[560/1120]	[L1: 0.0277]	2.6+0.0s
[600/1120]	[L1: 0.0278]	2.6+0.0s
[640/1120]	[L1: 0.0276]	2.6+0.0s
[680/1120]	[L1: 0.0273]	2.7+0.0s
[720/1120]	[L1: 0.0275]	2.6+0.0s
[760/1120]	[L1: 0.0275]	2.6+0.0s
[800/1120]	[L1: 0.0274]	2.6+0.0s
[840/1120]	[L1: 0.0275]	2.6+0.0s
[880/1120]	[L1: 0.0273]	2.7+0.0s
[920/1120]	[L1: 0.0273]	2.6+0.0s
[960/1120]	[L1: 0.0273]	2.6+0.0s
[1000/1120]	[L1: 0.0272]	2.6+0.0s
[1040/1120]	[L1: 0.0272]	2.6+0.0s
[1080/1120]	[L1: 0.0272]	2.6+0.0s
[1120/1120]	[L1: 0.0271]	2.6+0.0s

Evaluation:
[RSSCN7 x3]	psnr: 28.783 (Best: 29.020 @epoch 49)
Total time: 41.03s

[Epoch 60]	Learning rate: 2.00e-4
[40/1120]	[L1: 0.0268]	2.6+0.0s
[80/1120]	[L1: 0.0285]	2.6+0.0s
[120/1120]	[L1: 0.0271]	2.6+0.0s
[160/1120]	[L1: 0.0274]	2.7+0.0s
[200/1120]	[L1: 0.0277]	2.6+0.0s
[240/1120]	[L1: 0.0282]	2.6+0.0s
[280/1120]	[L1: 0.0280]	2.6+0.0s
[320/1120]	[L1: 0.0282]	2.6+0.0s
[360/1120]	[L1: 0.0283]	2.6+0.0s
[400/1120]	[L1: 0.0285]	2.7+0.0s
[440/1120]	[L1: 0.0285]	2.6+0.0s
[480/1120]	[L1: 0.0283]	2.6+0.0s
[520/1120]	[L1: 0.0284]	2.6+0.0s
[560/1120]	[L1: 0.0282]	2.6+0.0s
[600/1120]	[L1: 0.0281]	2.7+0.0s
[640/1120]	[L1: 0.0280]	2.6+0.0s
[680/1120]	[L1: 0.0280]	2.6+0.0s
[720/1120]	[L1: 0.0281]	2.6+0.0s
[760/1120]	[L1: 0.0279]	2.6+0.0s
[800/1120]	[L1: 0.0278]	2.6+0.0s
[840/1120]	[L1: 0.0277]	2.6+0.0s
[880/1120]	[L1: 0.0275]	2.7+0.0s
[920/1120]	[L1: 0.0275]	2.6+0.0s
[960/1120]	[L1: 0.0275]	2.6+0.0s
[1000/1120]	[L1: 0.0275]	2.6+0.0s
[1040/1120]	[L1: 0.0275]	2.7+0.0s
[1080/1120]	[L1: 0.0275]	2.6+0.0s
[1120/1120]	[L1: 0.0274]	2.6+0.0s

Evaluation:
[RSSCN7 x3]	psnr: 28.996 (Best: 29.020 @epoch 49)
Total time: 41.50s

[Epoch 61]	Learning rate: 2.00e-4
[40/1120]	[L1: 0.0297]	2.6+0.0s
[80/1120]	[L1: 0.0289]	2.6+0.0s
[120/1120]	[L1: 0.0291]	2.9+0.0s
[160/1120]	[L1: 0.0289]	2.8+0.0s
[200/1120]	[L1: 0.0287]	2.9+0.0s
[240/1120]	[L1: 0.0288]	2.9+0.0s
[280/1120]	[L1: 0.0288]	3.0+0.0s
[320/1120]	[L1: 0.0283]	2.9+0.0s
[360/1120]	[L1: 0.0282]	2.9+0.0s
[400/1120]	[L1: 0.0283]	2.9+0.0s
[440/1120]	[L1: 0.0280]	3.1+0.0s
[480/1120]	[L1: 0.0278]	2.9+0.0s
[520/1120]	[L1: 0.0279]	2.8+0.0s
[560/1120]	[L1: 0.0277]	3.0+0.0s
[600/1120]	[L1: 0.0275]	3.4+0.0s
[640/1120]	[L1: 0.0274]	3.2+0.0s
[680/1120]	[L1: 0.0276]	2.7+0.0s
[720/1120]	[L1: 0.0274]	2.8+0.0s
[760/1120]	[L1: 0.0275]	2.7+0.0s
[800/1120]	[L1: 0.0277]	2.6+0.0s
[840/1120]	[L1: 0.0276]	2.8+0.0s
[880/1120]	[L1: 0.0274]	2.9+0.0s
[920/1120]	[L1: 0.0275]	2.9+0.0s
[960/1120]	[L1: 0.0275]	3.4+0.0s
[1000/1120]	[L1: 0.0275]	3.6+0.0s
[1040/1120]	[L1: 0.0275]	3.4+0.0s
[1080/1120]	[L1: 0.0275]	3.4+0.0s
[1120/1120]	[L1: 0.0275]	3.4+0.0s

Evaluation:
[RSSCN7 x3]	psnr: 28.963 (Best: 29.020 @epoch 49)
Total time: 45.79s

[Epoch 62]	Learning rate: 2.00e-4
[40/1120]	[L1: 0.0307]	2.6+0.0s
[80/1120]	[L1: 0.0296]	3.1+0.0s
[120/1120]	[L1: 0.0290]	3.4+0.0s
[160/1120]	[L1: 0.0292]	3.2+0.0s
[200/1120]	[L1: 0.0289]	2.6+0.0s
[240/1120]	[L1: 0.0289]	2.6+0.0s
[280/1120]	[L1: 0.0285]	2.8+0.0s
[320/1120]	[L1: 0.0288]	2.9+0.0s
[360/1120]	[L1: 0.0286]	3.1+0.0s
[400/1120]	[L1: 0.0289]	2.6+0.0s
[440/1120]	[L1: 0.0290]	2.8+0.0s
[480/1120]	[L1: 0.0288]	2.9+0.0s
[520/1120]	[L1: 0.0285]	2.8+0.0s
[560/1120]	[L1: 0.0284]	2.9+0.0s
[600/1120]	[L1: 0.0280]	2.9+0.0s
[640/1120]	[L1: 0.0278]	2.8+0.0s
[680/1120]	[L1: 0.0278]	2.9+0.0s
[720/1120]	[L1: 0.0279]	2.7+0.0s
[760/1120]	[L1: 0.0280]	2.6+0.0s
[800/1120]	[L1: 0.0279]	2.8+0.0s
[840/1120]	[L1: 0.0277]	2.8+0.0s
[880/1120]	[L1: 0.0276]	3.0+0.0s
[920/1120]	[L1: 0.0277]	3.0+0.0s
[960/1120]	[L1: 0.0277]	2.9+0.0s
[1000/1120]	[L1: 0.0277]	2.8+0.0s
[1040/1120]	[L1: 0.0277]	2.6+0.0s
[1080/1120]	[L1: 0.0277]	2.6+0.0s
[1120/1120]	[L1: 0.0277]	2.8+0.0s

Evaluation:
[RSSCN7 x3]	psnr: 29.065 (Best: 29.065 @epoch 62)
Total time: 46.84s

[Epoch 63]	Learning rate: 2.00e-4
[40/1120]	[L1: 0.0262]	3.4+0.0s
[80/1120]	[L1: 0.0259]	3.3+0.0s
[120/1120]	[L1: 0.0267]	2.6+0.0s
[160/1120]	[L1: 0.0261]	2.6+0.0s
[200/1120]	[L1: 0.0263]	2.7+0.0s
[240/1120]	[L1: 0.0268]	2.7+0.0s
[280/1120]	[L1: 0.0270]	2.8+0.0s
[320/1120]	[L1: 0.0272]	2.6+0.0s
[360/1120]	[L1: 0.0270]	2.6+0.0s
[400/1120]	[L1: 0.0272]	2.7+0.0s
[440/1120]	[L1: 0.0269]	2.6+0.0s
[480/1120]	[L1: 0.0273]	2.6+0.0s
[520/1120]	[L1: 0.0275]	2.6+0.0s
[560/1120]	[L1: 0.0274]	2.6+0.0s
[600/1120]	[L1: 0.0272]	2.6+0.0s
[640/1120]	[L1: 0.0272]	2.7+0.0s
[680/1120]	[L1: 0.0273]	3.0+0.0s
[720/1120]	[L1: 0.0277]	2.9+0.0s
[760/1120]	[L1: 0.0277]	2.8+0.0s
[800/1120]	[L1: 0.0278]	2.8+0.0s
[840/1120]	[L1: 0.0279]	2.8+0.0s
[880/1120]	[L1: 0.0277]	3.0+0.0s
[920/1120]	[L1: 0.0276]	3.0+0.0s
[960/1120]	[L1: 0.0274]	3.6+0.0s
[1000/1120]	[L1: 0.0275]	3.0+0.0s
[1040/1120]	[L1: 0.0275]	2.9+0.0s
[1080/1120]	[L1: 0.0274]	2.7+0.0s
[1120/1120]	[L1: 0.0274]	2.9+0.0s

Evaluation:
[RSSCN7 x3]	psnr: 29.015 (Best: 29.065 @epoch 62)
Total time: 47.33s

[Epoch 64]	Learning rate: 2.00e-4
[40/1120]	[L1: 0.0276]	3.4+0.0s
[80/1120]	[L1: 0.0287]	3.4+0.0s
[120/1120]	[L1: 0.0290]	3.6+0.0s
[160/1120]	[L1: 0.0300]	3.4+0.0s
[200/1120]	[L1: 0.0291]	3.4+0.0s
[240/1120]	[L1: 0.0289]	2.6+0.0s
[280/1120]	[L1: 0.0286]	2.7+0.0s
[320/1120]	[L1: 0.0288]	2.8+0.0s
[360/1120]	[L1: 0.0289]	2.7+0.0s
[400/1120]	[L1: 0.0285]	2.7+0.0s
[440/1120]	[L1: 0.0284]	2.7+0.0s
[480/1120]	[L1: 0.0280]	2.8+0.0s
[520/1120]	[L1: 0.0282]	2.8+0.0s
[560/1120]	[L1: 0.0282]	2.6+0.0s
[600/1120]	[L1: 0.0279]	2.8+0.0s
[640/1120]	[L1: 0.0278]	2.8+0.0s
[680/1120]	[L1: 0.0276]	2.8+0.0s
[720/1120]	[L1: 0.0275]	2.8+0.0s
[760/1120]	[L1: 0.0276]	2.8+0.0s
[800/1120]	[L1: 0.0273]	2.8+0.0s
[840/1120]	[L1: 0.0272]	2.9+0.0s
[880/1120]	[L1: 0.0272]	2.9+0.0s
[920/1120]	[L1: 0.0274]	2.9+0.0s
[960/1120]	[L1: 0.0273]	2.8+0.0s
[1000/1120]	[L1: 0.0274]	2.8+0.0s
[1040/1120]	[L1: 0.0274]	2.7+0.0s
[1080/1120]	[L1: 0.0274]	2.6+0.0s
[1120/1120]	[L1: 0.0273]	2.6+0.0s

Evaluation:
[RSSCN7 x3]	psnr: 28.634 (Best: 29.065 @epoch 62)
Total time: 46.66s

[Epoch 65]	Learning rate: 2.00e-4
[40/1120]	[L1: 0.0298]	3.4+0.0s
[80/1120]	[L1: 0.0280]	3.6+0.0s
[120/1120]	[L1: 0.0278]	3.4+0.0s
[160/1120]	[L1: 0.0285]	2.8+0.0s
[200/1120]	[L1: 0.0284]	2.6+0.0s
[240/1120]	[L1: 0.0283]	2.6+0.0s
[280/1120]	[L1: 0.0282]	2.7+0.0s
[320/1120]	[L1: 0.0279]	2.6+0.0s
[360/1120]	[L1: 0.0282]	2.6+0.0s
[400/1120]	[L1: 0.0281]	2.9+0.0s
[440/1120]	[L1: 0.0280]	2.8+0.0s
[480/1120]	[L1: 0.0278]	2.8+0.0s
[520/1120]	[L1: 0.0279]	2.9+0.0s
[560/1120]	[L1: 0.0278]	2.9+0.0s
[600/1120]	[L1: 0.0279]	3.0+0.0s
[640/1120]	[L1: 0.0280]	2.6+0.0s
[680/1120]	[L1: 0.0282]	2.7+0.0s
[720/1120]	[L1: 0.0282]	2.9+0.0s
[760/1120]	[L1: 0.0280]	2.7+0.0s
[800/1120]	[L1: 0.0280]	2.6+0.0s
[840/1120]	[L1: 0.0278]	2.6+0.0s
[880/1120]	[L1: 0.0278]	2.9+0.0s
[920/1120]	[L1: 0.0277]	2.8+0.0s
[960/1120]	[L1: 0.0275]	2.9+0.0s
[1000/1120]	[L1: 0.0274]	2.8+0.0s
[1040/1120]	[L1: 0.0273]	2.8+0.0s
[1080/1120]	[L1: 0.0275]	2.6+0.0s
[1120/1120]	[L1: 0.0274]	2.6+0.0s

Evaluation:
[RSSCN7 x3]	psnr: 29.066 (Best: 29.066 @epoch 65)
Total time: 44.07s

[Epoch 66]	Learning rate: 2.00e-4
[40/1120]	[L1: 0.0274]	2.8+0.0s
[80/1120]	[L1: 0.0278]	2.8+0.0s
[120/1120]	[L1: 0.0285]	2.8+0.0s
[160/1120]	[L1: 0.0288]	2.7+0.0s
[200/1120]	[L1: 0.0283]	2.6+0.0s
[240/1120]	[L1: 0.0280]	2.6+0.0s
[280/1120]	[L1: 0.0279]	2.6+0.0s
[320/1120]	[L1: 0.0275]	2.6+0.0s
[360/1120]	[L1: 0.0277]	2.6+0.0s
[400/1120]	[L1: 0.0276]	2.7+0.0s
[440/1120]	[L1: 0.0276]	2.6+0.0s
[480/1120]	[L1: 0.0277]	2.6+0.0s
[520/1120]	[L1: 0.0280]	2.6+0.0s
[560/1120]	[L1: 0.0280]	2.6+0.0s
[600/1120]	[L1: 0.0277]	2.7+0.0s
[640/1120]	[L1: 0.0277]	2.6+0.0s
[680/1120]	[L1: 0.0277]	2.6+0.0s
[720/1120]	[L1: 0.0277]	2.6+0.0s
[760/1120]	[L1: 0.0276]	2.6+0.0s
[800/1120]	[L1: 0.0275]	2.6+0.0s
[840/1120]	[L1: 0.0277]	2.6+0.0s
[880/1120]	[L1: 0.0277]	2.7+0.0s
[920/1120]	[L1: 0.0277]	2.6+0.0s
[960/1120]	[L1: 0.0277]	2.6+0.0s
[1000/1120]	[L1: 0.0276]	2.6+0.0s
[1040/1120]	[L1: 0.0277]	2.7+0.0s
[1080/1120]	[L1: 0.0277]	2.6+0.0s
[1120/1120]	[L1: 0.0276]	2.6+0.0s

Evaluation:
[RSSCN7 x3]	psnr: 29.098 (Best: 29.098 @epoch 66)
Total time: 40.64s

[Epoch 67]	Learning rate: 2.00e-4
[40/1120]	[L1: 0.0275]	2.6+0.0s
[80/1120]	[L1: 0.0276]	2.7+0.0s
[120/1120]	[L1: 0.0274]	2.6+0.0s
[160/1120]	[L1: 0.0272]	2.6+0.0s
[200/1120]	[L1: 0.0272]	2.6+0.0s
[240/1120]	[L1: 0.0273]	2.6+0.0s
[280/1120]	[L1: 0.0268]	2.7+0.0s
[320/1120]	[L1: 0.0267]	2.6+0.0s
[360/1120]	[L1: 0.0272]	2.6+0.0s
[400/1120]	[L1: 0.0269]	2.6+0.0s
[440/1120]	[L1: 0.0274]	2.6+0.0s
[480/1120]	[L1: 0.0274]	2.6+0.0s
[520/1120]	[L1: 0.0271]	2.7+0.0s
[560/1120]	[L1: 0.0272]	2.6+0.0s
[600/1120]	[L1: 0.0270]	2.6+0.0s
[640/1120]	[L1: 0.0270]	2.6+0.0s
[680/1120]	[L1: 0.0272]	2.6+0.0s
[720/1120]	[L1: 0.0272]	2.7+0.0s
[760/1120]	[L1: 0.0271]	2.6+0.0s
[800/1120]	[L1: 0.0272]	2.6+0.0s
[840/1120]	[L1: 0.0273]	2.6+0.0s
[880/1120]	[L1: 0.0273]	2.6+0.0s
[920/1120]	[L1: 0.0273]	2.6+0.0s
[960/1120]	[L1: 0.0273]	2.7+0.0s
[1000/1120]	[L1: 0.0272]	2.6+0.0s
[1040/1120]	[L1: 0.0271]	2.6+0.0s
[1080/1120]	[L1: 0.0271]	2.6+0.0s
[1120/1120]	[L1: 0.0271]	2.6+0.0s

Evaluation:
[RSSCN7 x3]	psnr: 29.105 (Best: 29.105 @epoch 67)
Total time: 40.39s

[Epoch 68]	Learning rate: 2.00e-4
[40/1120]	[L1: 0.0286]	2.6+0.0s
[80/1120]	[L1: 0.0284]	2.6+0.0s
[120/1120]	[L1: 0.0283]	2.6+0.0s
[160/1120]	[L1: 0.0276]	2.6+0.0s
[200/1120]	[L1: 0.0278]	2.6+0.0s
[240/1120]	[L1: 0.0279]	2.7+0.0s
[280/1120]	[L1: 0.0282]	2.6+0.0s
[320/1120]	[L1: 0.0281]	2.6+0.0s
[360/1120]	[L1: 0.0284]	2.6+0.0s
[400/1120]	[L1: 0.0284]	2.7+0.0s
[440/1120]	[L1: 0.0281]	2.6+0.0s
[480/1120]	[L1: 0.0281]	2.6+0.0s
[520/1120]	[L1: 0.0280]	2.6+0.0s
[560/1120]	[L1: 0.0280]	2.6+0.0s
[600/1120]	[L1: 0.0280]	2.6+0.0s
[640/1120]	[L1: 0.0277]	2.6+0.0s
[680/1120]	[L1: 0.0278]	2.7+0.0s
[720/1120]	[L1: 0.0277]	2.6+0.0s
[760/1120]	[L1: 0.0274]	2.6+0.0s
[800/1120]	[L1: 0.0273]	2.6+0.0s
[840/1120]	[L1: 0.0272]	2.6+0.0s
[880/1120]	[L1: 0.0272]	2.7+0.0s
[920/1120]	[L1: 0.0272]	2.6+0.0s
[960/1120]	[L1: 0.0271]	2.6+0.0s
[1000/1120]	[L1: 0.0271]	2.6+0.0s
[1040/1120]	[L1: 0.0271]	2.6+0.0s
[1080/1120]	[L1: 0.0271]	2.6+0.0s
[1120/1120]	[L1: 0.0272]	2.7+0.0s

Evaluation:
[RSSCN7 x3]	psnr: 29.084 (Best: 29.105 @epoch 67)
Total time: 40.25s

[Epoch 69]	Learning rate: 2.00e-4
[40/1120]	[L1: 0.0247]	2.6+0.0s
[80/1120]	[L1: 0.0249]	2.6+0.0s
[120/1120]	[L1: 0.0260]	2.6+0.0s
[160/1120]	[L1: 0.0265]	2.7+0.0s
[200/1120]	[L1: 0.0266]	2.6+0.0s
[240/1120]	[L1: 0.0261]	2.6+0.0s
[280/1120]	[L1: 0.0265]	2.6+0.0s
[320/1120]	[L1: 0.0265]	2.6+0.0s
[360/1120]	[L1: 0.0266]	2.7+0.0s
[400/1120]	[L1: 0.0265]	2.6+0.0s
[440/1120]	[L1: 0.0262]	2.6+0.0s
[480/1120]	[L1: 0.0263]	2.6+0.0s
[520/1120]	[L1: 0.0265]	2.6+0.0s
[560/1120]	[L1: 0.0265]	2.6+0.0s
[600/1120]	[L1: 0.0267]	2.7+0.0s
[640/1120]	[L1: 0.0266]	2.6+0.0s
[680/1120]	[L1: 0.0265]	2.6+0.0s
[720/1120]	[L1: 0.0267]	2.6+0.0s
[760/1120]	[L1: 0.0267]	2.6+0.0s
[800/1120]	[L1: 0.0267]	2.7+0.0s
[840/1120]	[L1: 0.0267]	2.6+0.0s
[880/1120]	[L1: 0.0269]	2.6+0.0s
[920/1120]	[L1: 0.0271]	2.6+0.0s
[960/1120]	[L1: 0.0272]	2.6+0.0s
[1000/1120]	[L1: 0.0272]	2.6+0.0s
[1040/1120]	[L1: 0.0272]	2.7+0.0s
[1080/1120]	[L1: 0.0273]	2.6+0.0s
[1120/1120]	[L1: 0.0271]	2.6+0.0s

Evaluation:
[RSSCN7 x3]	psnr: 29.058 (Best: 29.105 @epoch 67)
Total time: 40.65s

[Epoch 70]	Learning rate: 2.00e-4
[40/1120]	[L1: 0.0262]	2.7+0.0s
[80/1120]	[L1: 0.0285]	2.6+0.0s
[120/1120]	[L1: 0.0283]	2.6+0.0s
[160/1120]	[L1: 0.0283]	2.6+0.0s
[200/1120]	[L1: 0.0274]	2.6+0.0s
[240/1120]	[L1: 0.0268]	2.6+0.0s
[280/1120]	[L1: 0.0275]	2.6+0.0s
[320/1120]	[L1: 0.0275]	2.7+0.0s
[360/1120]	[L1: 0.0280]	2.6+0.0s
[400/1120]	[L1: 0.0281]	2.6+0.0s
[440/1120]	[L1: 0.0279]	2.6+0.0s
[480/1120]	[L1: 0.0278]	2.6+0.0s
[520/1120]	[L1: 0.0274]	2.7+0.0s
[560/1120]	[L1: 0.0276]	2.7+0.0s
[600/1120]	[L1: 0.0278]	2.6+0.0s
[640/1120]	[L1: 0.0278]	2.6+0.0s
[680/1120]	[L1: 0.0278]	2.6+0.0s
[720/1120]	[L1: 0.0277]	2.6+0.0s
[760/1120]	[L1: 0.0275]	2.7+0.0s
[800/1120]	[L1: 0.0273]	2.6+0.0s
[840/1120]	[L1: 0.0272]	2.6+0.0s
[880/1120]	[L1: 0.0273]	2.6+0.0s
[920/1120]	[L1: 0.0272]	2.6+0.0s
[960/1120]	[L1: 0.0272]	2.9+0.0s
[1000/1120]	[L1: 0.0272]	2.8+0.0s
[1040/1120]	[L1: 0.0272]	2.7+0.0s
[1080/1120]	[L1: 0.0270]	2.6+0.0s
[1120/1120]	[L1: 0.0270]	2.6+0.0s

Evaluation:
[RSSCN7 x3]	psnr: 29.110 (Best: 29.110 @epoch 70)
Total time: 40.39s

[Epoch 71]	Learning rate: 2.00e-4
[40/1120]	[L1: 0.0288]	2.6+0.0s
[80/1120]	[L1: 0.0283]	2.6+0.0s
[120/1120]	[L1: 0.0279]	2.6+0.0s
[160/1120]	[L1: 0.0278]	2.6+0.0s
[200/1120]	[L1: 0.0278]	2.7+0.0s
[240/1120]	[L1: 0.0282]	2.6+0.0s
[280/1120]	[L1: 0.0281]	2.6+0.0s
[320/1120]	[L1: 0.0279]	2.6+0.0s
[360/1120]	[L1: 0.0280]	2.6+0.0s
[400/1120]	[L1: 0.0278]	2.6+0.0s
[440/1120]	[L1: 0.0281]	2.7+0.0s
[480/1120]	[L1: 0.0279]	2.6+0.0s
[520/1120]	[L1: 0.0276]	2.6+0.0s
[560/1120]	[L1: 0.0276]	2.6+0.0s
[600/1120]	[L1: 0.0273]	2.6+0.0s
[640/1120]	[L1: 0.0273]	2.7+0.0s
[680/1120]	[L1: 0.0271]	2.6+0.0s
[720/1120]	[L1: 0.0272]	2.6+0.0s
[760/1120]	[L1: 0.0274]	2.6+0.0s
[800/1120]	[L1: 0.0273]	2.6+0.0s
[840/1120]	[L1: 0.0272]	2.6+0.0s
[880/1120]	[L1: 0.0271]	2.7+0.0s
[920/1120]	[L1: 0.0273]	2.6+0.0s
[960/1120]	[L1: 0.0273]	2.6+0.0s
[1000/1120]	[L1: 0.0272]	2.6+0.0s
[1040/1120]	[L1: 0.0271]	2.6+0.0s
[1080/1120]	[L1: 0.0271]	2.7+0.0s
[1120/1120]	[L1: 0.0271]	2.6+0.0s

Evaluation:
[RSSCN7 x3]	psnr: 29.014 (Best: 29.110 @epoch 70)
Total time: 40.16s

[Epoch 72]	Learning rate: 2.00e-4
[40/1120]	[L1: 0.0241]	2.8+0.0s
[80/1120]	[L1: 0.0257]	2.8+0.0s
[120/1120]	[L1: 0.0259]	2.8+0.0s
[160/1120]	[L1: 0.0258]	2.6+0.0s
[200/1120]	[L1: 0.0269]	2.6+0.0s
[240/1120]	[L1: 0.0278]	2.6+0.0s
[280/1120]	[L1: 0.0276]	2.6+0.0s
[320/1120]	[L1: 0.0276]	2.7+0.0s
[360/1120]	[L1: 0.0275]	2.6+0.0s
[400/1120]	[L1: 0.0277]	2.6+0.0s
[440/1120]	[L1: 0.0275]	2.6+0.0s
[480/1120]	[L1: 0.0274]	2.6+0.0s
[520/1120]	[L1: 0.0274]	2.6+0.0s
[560/1120]	[L1: 0.0276]	2.7+0.0s
[600/1120]	[L1: 0.0276]	2.6+0.0s
[640/1120]	[L1: 0.0275]	2.6+0.0s
[680/1120]	[L1: 0.0273]	2.6+0.0s
[720/1120]	[L1: 0.0273]	2.6+0.0s
[760/1120]	[L1: 0.0273]	2.7+0.0s
[800/1120]	[L1: 0.0273]	2.6+0.0s
[840/1120]	[L1: 0.0273]	2.6+0.0s
[880/1120]	[L1: 0.0273]	2.6+0.0s
[920/1120]	[L1: 0.0272]	2.6+0.0s
[960/1120]	[L1: 0.0273]	2.6+0.0s
[1000/1120]	[L1: 0.0272]	2.7+0.0s
[1040/1120]	[L1: 0.0273]	2.6+0.0s
[1080/1120]	[L1: 0.0273]	2.6+0.0s
[1120/1120]	[L1: 0.0273]	2.6+0.0s

Evaluation:
[RSSCN7 x3]	psnr: 29.114 (Best: 29.114 @epoch 72)
Total time: 41.03s

[Epoch 73]	Learning rate: 2.00e-4
[40/1120]	[L1: 0.0263]	3.3+0.0s
[80/1120]	[L1: 0.0269]	3.3+0.0s
[120/1120]	[L1: 0.0268]	2.8+0.0s
[160/1120]	[L1: 0.0269]	2.6+0.0s
[200/1120]	[L1: 0.0272]	2.6+0.0s
[240/1120]	[L1: 0.0272]	2.6+0.0s
[280/1120]	[L1: 0.0268]	2.7+0.0s
[320/1120]	[L1: 0.0270]	2.6+0.0s
[360/1120]	[L1: 0.0268]	2.6+0.0s
[400/1120]	[L1: 0.0267]	2.6+0.0s
[440/1120]	[L1: 0.0271]	2.6+0.0s
[480/1120]	[L1: 0.0271]	2.7+0.0s
[520/1120]	[L1: 0.0271]	2.6+0.0s
[560/1120]	[L1: 0.0272]	2.6+0.0s
[600/1120]	[L1: 0.0274]	2.6+0.0s
[640/1120]	[L1: 0.0274]	2.6+0.0s
[680/1120]	[L1: 0.0271]	2.6+0.0s
[720/1120]	[L1: 0.0271]	2.7+0.0s
[760/1120]	[L1: 0.0270]	2.6+0.0s
[800/1120]	[L1: 0.0268]	2.6+0.0s
[840/1120]	[L1: 0.0267]	2.6+0.0s
[880/1120]	[L1: 0.0268]	2.6+0.0s
[920/1120]	[L1: 0.0267]	2.7+0.0s
[960/1120]	[L1: 0.0267]	2.6+0.0s
[1000/1120]	[L1: 0.0269]	2.6+0.0s
[1040/1120]	[L1: 0.0270]	2.6+0.0s
[1080/1120]	[L1: 0.0271]	2.6+0.0s
[1120/1120]	[L1: 0.0270]	2.6+0.0s

Evaluation:
[RSSCN7 x3]	psnr: 29.042 (Best: 29.114 @epoch 72)
Total time: 40.36s

[Epoch 74]	Learning rate: 2.00e-4
[40/1120]	[L1: 0.0251]	2.6+0.0s
[80/1120]	[L1: 0.0260]	2.6+0.0s
[120/1120]	[L1: 0.0258]	2.6+0.0s
[160/1120]	[L1: 0.0259]	2.7+0.0s
[200/1120]	[L1: 0.0267]	2.6+0.0s
[240/1120]	[L1: 0.0269]	2.6+0.0s
[280/1120]	[L1: 0.0270]	2.6+0.0s
[320/1120]	[L1: 0.0270]	2.6+0.0s
[360/1120]	[L1: 0.0267]	2.6+0.0s
[400/1120]	[L1: 0.0266]	2.6+0.0s
[440/1120]	[L1: 0.0267]	2.7+0.0s
[480/1120]	[L1: 0.0266]	2.6+0.0s
[520/1120]	[L1: 0.0263]	2.6+0.0s
[560/1120]	[L1: 0.0263]	2.7+0.0s
[600/1120]	[L1: 0.0263]	2.8+0.0s
[640/1120]	[L1: 0.0263]	2.7+0.0s
[680/1120]	[L1: 0.0261]	2.7+0.0s
[720/1120]	[L1: 0.0260]	2.8+0.0s
[760/1120]	[L1: 0.0261]	2.8+0.0s
[800/1120]	[L1: 0.0259]	2.8+0.0s
[840/1120]	[L1: 0.0259]	2.9+0.0s
[880/1120]	[L1: 0.0261]	2.9+0.0s
[920/1120]	[L1: 0.0261]	2.8+0.0s
[960/1120]	[L1: 0.0262]	2.6+0.0s
[1000/1120]	[L1: 0.0264]	2.6+0.0s
[1040/1120]	[L1: 0.0266]	2.6+0.0s
[1080/1120]	[L1: 0.0269]	2.7+0.0s
[1120/1120]	[L1: 0.0269]	2.8+0.0s

Evaluation:
[RSSCN7 x3]	psnr: 29.110 (Best: 29.114 @epoch 72)
Total time: 49.46s

[Epoch 75]	Learning rate: 2.00e-4
[40/1120]	[L1: 0.0256]	3.3+0.0s
[80/1120]	[L1: 0.0265]	3.3+0.0s
[120/1120]	[L1: 0.0251]	2.9+0.0s
[160/1120]	[L1: 0.0244]	2.9+0.0s
[200/1120]	[L1: 0.0249]	2.9+0.0s
[240/1120]	[L1: 0.0252]	3.4+0.0s
[280/1120]	[L1: 0.0256]	3.3+0.0s
[320/1120]	[L1: 0.0251]	2.8+0.0s
[360/1120]	[L1: 0.0254]	2.9+0.0s
[400/1120]	[L1: 0.0257]	3.0+0.0s
[440/1120]	[L1: 0.0260]	3.4+0.0s
[480/1120]	[L1: 0.0262]	3.4+0.0s
[520/1120]	[L1: 0.0264]	3.0+0.0s
[560/1120]	[L1: 0.0265]	3.0+0.0s
[600/1120]	[L1: 0.0265]	2.9+0.0s
[640/1120]	[L1: 0.0265]	2.9+0.0s
[680/1120]	[L1: 0.0266]	2.8+0.0s
[720/1120]	[L1: 0.0267]	2.6+0.0s
[760/1120]	[L1: 0.0270]	3.0+0.0s
[800/1120]	[L1: 0.0270]	2.9+0.0s
[840/1120]	[L1: 0.0269]	2.9+0.0s
[880/1120]	[L1: 0.0267]	2.9+0.0s
[920/1120]	[L1: 0.0269]	2.9+0.0s
[960/1120]	[L1: 0.0269]	2.9+0.0s
[1000/1120]	[L1: 0.0269]	2.9+0.0s
[1040/1120]	[L1: 0.0269]	3.1+0.0s
[1080/1120]	[L1: 0.0269]	3.4+0.0s
[1120/1120]	[L1: 0.0270]	3.4+0.0s

Evaluation:
[RSSCN7 x3]	psnr: 29.103 (Best: 29.114 @epoch 72)
Total time: 47.84s

[Epoch 76]	Learning rate: 2.00e-4
[40/1120]	[L1: 0.0293]	3.5+0.1s
[80/1120]	[L1: 0.0292]	3.1+0.0s
[120/1120]	[L1: 0.0278]	2.7+0.0s
[160/1120]	[L1: 0.0262]	2.8+0.0s
[200/1120]	[L1: 0.0276]	2.8+0.0s
[240/1120]	[L1: 0.0272]	2.8+0.0s
[280/1120]	[L1: 0.0269]	2.9+0.0s
[320/1120]	[L1: 0.0271]	2.7+0.0s
[360/1120]	[L1: 0.0271]	2.6+0.0s
[400/1120]	[L1: 0.0274]	2.7+0.0s
[440/1120]	[L1: 0.0275]	2.9+0.0s
[480/1120]	[L1: 0.0276]	3.0+0.0s
[520/1120]	[L1: 0.0274]	3.2+0.0s
[560/1120]	[L1: 0.0274]	3.4+0.0s
[600/1120]	[L1: 0.0273]	2.7+0.0s
[640/1120]	[L1: 0.0273]	2.7+0.0s
[680/1120]	[L1: 0.0274]	2.8+0.0s
[720/1120]	[L1: 0.0273]	3.0+0.0s
[760/1120]	[L1: 0.0272]	3.2+0.0s
[800/1120]	[L1: 0.0272]	3.4+0.0s
[840/1120]	[L1: 0.0274]	3.4+0.0s
[880/1120]	[L1: 0.0274]	2.9+0.0s
[920/1120]	[L1: 0.0274]	3.0+0.0s
[960/1120]	[L1: 0.0274]	2.9+0.0s
[1000/1120]	[L1: 0.0274]	2.9+0.0s
[1040/1120]	[L1: 0.0274]	3.1+0.0s
[1080/1120]	[L1: 0.0274]	3.4+0.0s
[1120/1120]	[L1: 0.0272]	2.9+0.0s

Evaluation:
[RSSCN7 x3]	psnr: 29.169 (Best: 29.169 @epoch 76)
Total time: 45.88s

[Epoch 77]	Learning rate: 2.00e-4
[40/1120]	[L1: 0.0257]	2.9+0.0s
[80/1120]	[L1: 0.0258]	2.9+0.0s
[120/1120]	[L1: 0.0269]	3.3+0.0s
[160/1120]	[L1: 0.0260]	3.5+0.0s
[200/1120]	[L1: 0.0259]	2.8+0.0s
[240/1120]	[L1: 0.0260]	2.6+0.0s
[280/1120]	[L1: 0.0260]	2.6+0.0s
[320/1120]	[L1: 0.0269]	2.6+0.0s
[360/1120]	[L1: 0.0270]	2.6+0.0s
[400/1120]	[L1: 0.0269]	2.7+0.0s
[440/1120]	[L1: 0.0268]	2.6+0.0s
[480/1120]	[L1: 0.0271]	2.6+0.0s
[520/1120]	[L1: 0.0272]	2.6+0.0s
[560/1120]	[L1: 0.0272]	2.6+0.0s
[600/1120]	[L1: 0.0269]	2.7+0.0s
[640/1120]	[L1: 0.0267]	2.6+0.0s
[680/1120]	[L1: 0.0266]	2.6+0.0s
[720/1120]	[L1: 0.0265]	2.6+0.0s
[760/1120]	[L1: 0.0267]	2.6+0.0s
[800/1120]	[L1: 0.0268]	2.6+0.0s
[840/1120]	[L1: 0.0267]	2.7+0.0s
[880/1120]	[L1: 0.0267]	2.6+0.0s
[920/1120]	[L1: 0.0268]	2.6+0.0s
[960/1120]	[L1: 0.0268]	2.6+0.0s
[1000/1120]	[L1: 0.0269]	2.6+0.0s
[1040/1120]	[L1: 0.0269]	2.7+0.0s
[1080/1120]	[L1: 0.0270]	2.6+0.0s
[1120/1120]	[L1: 0.0270]	2.6+0.0s

Evaluation:
[RSSCN7 x3]	psnr: 29.084 (Best: 29.169 @epoch 76)
Total time: 40.86s

[Epoch 78]	Learning rate: 2.00e-4
[40/1120]	[L1: 0.0239]	2.6+0.0s
[80/1120]	[L1: 0.0253]	2.7+0.0s
[120/1120]	[L1: 0.0254]	2.6+0.0s
[160/1120]	[L1: 0.0256]	2.6+0.0s
[200/1120]	[L1: 0.0256]	2.6+0.0s
[240/1120]	[L1: 0.0261]	2.6+0.0s
[280/1120]	[L1: 0.0264]	2.7+0.0s
[320/1120]	[L1: 0.0267]	2.6+0.0s
[360/1120]	[L1: 0.0267]	2.6+0.0s
[400/1120]	[L1: 0.0266]	2.6+0.0s
[440/1120]	[L1: 0.0268]	2.6+0.0s
[480/1120]	[L1: 0.0267]	2.6+0.0s
[520/1120]	[L1: 0.0268]	2.7+0.0s
[560/1120]	[L1: 0.0268]	2.6+0.0s
[600/1120]	[L1: 0.0269]	2.6+0.0s
[640/1120]	[L1: 0.0271]	2.6+0.0s
[680/1120]	[L1: 0.0272]	2.6+0.0s
[720/1120]	[L1: 0.0270]	2.7+0.0s
[760/1120]	[L1: 0.0271]	2.6+0.0s
[800/1120]	[L1: 0.0272]	2.6+0.0s
[840/1120]	[L1: 0.0270]	2.6+0.0s
[880/1120]	[L1: 0.0270]	2.6+0.0s
[920/1120]	[L1: 0.0270]	2.6+0.0s
[960/1120]	[L1: 0.0269]	2.7+0.0s
[1000/1120]	[L1: 0.0267]	2.6+0.0s
[1040/1120]	[L1: 0.0268]	2.6+0.0s
[1080/1120]	[L1: 0.0269]	2.6+0.0s
[1120/1120]	[L1: 0.0269]	2.6+0.0s

Evaluation:
[RSSCN7 x3]	psnr: 29.146 (Best: 29.169 @epoch 76)
Total time: 40.51s

[Epoch 79]	Learning rate: 2.00e-4
[40/1120]	[L1: 0.0279]	2.6+0.0s
[80/1120]	[L1: 0.0277]	2.6+0.0s
[120/1120]	[L1: 0.0275]	2.6+0.0s
[160/1120]	[L1: 0.0279]	2.6+0.0s
[200/1120]	[L1: 0.0282]	2.6+0.0s
[240/1120]	[L1: 0.0276]	2.7+0.0s
[280/1120]	[L1: 0.0281]	2.6+0.0s
[320/1120]	[L1: 0.0278]	2.6+0.0s
[360/1120]	[L1: 0.0271]	2.6+0.0s
[400/1120]	[L1: 0.0270]	2.6+0.0s
[440/1120]	[L1: 0.0268]	2.7+0.0s
[480/1120]	[L1: 0.0267]	2.6+0.0s
[520/1120]	[L1: 0.0266]	2.6+0.0s
[560/1120]	[L1: 0.0270]	2.6+0.0s
[600/1120]	[L1: 0.0271]	2.6+0.0s
[640/1120]	[L1: 0.0272]	2.8+0.0s
[680/1120]	[L1: 0.0268]	2.9+0.0s
[720/1120]	[L1: 0.0267]	2.7+0.0s
[760/1120]	[L1: 0.0266]	2.6+0.0s
[800/1120]	[L1: 0.0268]	2.6+0.0s
[840/1120]	[L1: 0.0268]	2.6+0.0s
[880/1120]	[L1: 0.0268]	2.7+0.0s
[920/1120]	[L1: 0.0267]	2.6+0.0s
[960/1120]	[L1: 0.0268]	2.6+0.0s
[1000/1120]	[L1: 0.0268]	2.6+0.0s
[1040/1120]	[L1: 0.0270]	2.6+0.0s
[1080/1120]	[L1: 0.0269]	2.6+0.0s
[1120/1120]	[L1: 0.0269]	2.6+0.0s

Evaluation:
[RSSCN7 x3]	psnr: 28.899 (Best: 29.169 @epoch 76)
Total time: 40.57s

[Epoch 80]	Learning rate: 2.00e-4
[40/1120]	[L1: 0.0282]	2.9+0.0s
[80/1120]	[L1: 0.0305]	2.9+0.0s
[120/1120]	[L1: 0.0278]	2.9+0.0s
[160/1120]	[L1: 0.0296]	2.6+0.0s
[200/1120]	[L1: 0.0294]	2.7+0.0s
[240/1120]	[L1: 0.0280]	2.6+0.0s
[280/1120]	[L1: 0.0282]	2.6+0.0s
[320/1120]	[L1: 0.0275]	2.6+0.0s
[360/1120]	[L1: 0.0276]	2.6+0.0s
[400/1120]	[L1: 0.0271]	2.7+0.0s
[440/1120]	[L1: 0.0268]	2.6+0.0s
[480/1120]	[L1: 0.0267]	2.6+0.0s
[520/1120]	[L1: 0.0266]	2.6+0.0s
[560/1120]	[L1: 0.0264]	2.6+0.0s
[600/1120]	[L1: 0.0266]	2.6+0.0s
[640/1120]	[L1: 0.0266]	2.7+0.0s
[680/1120]	[L1: 0.0267]	2.6+0.0s
[720/1120]	[L1: 0.0266]	2.6+0.0s
[760/1120]	[L1: 0.0267]	2.6+0.0s
[800/1120]	[L1: 0.0267]	2.6+0.0s
[840/1120]	[L1: 0.0266]	2.7+0.0s
[880/1120]	[L1: 0.0267]	2.6+0.0s
[920/1120]	[L1: 0.0269]	2.6+0.0s
[960/1120]	[L1: 0.0267]	2.6+0.0s
[1000/1120]	[L1: 0.0265]	2.6+0.0s
[1040/1120]	[L1: 0.0266]	2.6+0.0s
[1080/1120]	[L1: 0.0266]	2.7+0.0s
[1120/1120]	[L1: 0.0266]	2.6+0.0s

Evaluation:
[RSSCN7 x3]	psnr: 29.093 (Best: 29.169 @epoch 76)
Total time: 40.58s

[Epoch 81]	Learning rate: 2.00e-4
[40/1120]	[L1: 0.0260]	2.6+0.0s
[80/1120]	[L1: 0.0282]	2.7+0.0s
[120/1120]	[L1: 0.0264]	2.6+0.0s
[160/1120]	[L1: 0.0270]	2.7+0.0s
[200/1120]	[L1: 0.0267]	2.6+0.0s
[240/1120]	[L1: 0.0270]	2.6+0.0s
[280/1120]	[L1: 0.0273]	2.6+0.0s
[320/1120]	[L1: 0.0273]	2.7+0.0s
[360/1120]	[L1: 0.0275]	2.6+0.0s
[400/1120]	[L1: 0.0273]	2.6+0.0s
[440/1120]	[L1: 0.0273]	2.7+0.0s
[480/1120]	[L1: 0.0270]	2.8+0.0s
[520/1120]	[L1: 0.0266]	2.7+0.0s
[560/1120]	[L1: 0.0265]	2.6+0.0s
[600/1120]	[L1: 0.0267]	2.6+0.0s
[640/1120]	[L1: 0.0266]	2.6+0.0s
[680/1120]	[L1: 0.0268]	2.6+0.0s
[720/1120]	[L1: 0.0269]	2.6+0.0s
[760/1120]	[L1: 0.0269]	2.6+0.0s
[800/1120]	[L1: 0.0268]	2.7+0.0s
[840/1120]	[L1: 0.0268]	2.6+0.0s
[880/1120]	[L1: 0.0269]	2.6+0.0s
[920/1120]	[L1: 0.0269]	2.6+0.0s
[960/1120]	[L1: 0.0268]	2.7+0.0s
[1000/1120]	[L1: 0.0268]	2.6+0.0s
[1040/1120]	[L1: 0.0269]	2.6+0.0s
[1080/1120]	[L1: 0.0268]	2.6+0.0s
[1120/1120]	[L1: 0.0269]	2.6+0.0s

Evaluation:
[RSSCN7 x3]	psnr: 29.081 (Best: 29.169 @epoch 76)
Total time: 40.24s

[Epoch 82]	Learning rate: 2.00e-4
[40/1120]	[L1: 0.0252]	2.8+0.0s
[80/1120]	[L1: 0.0268]	2.8+0.0s
[120/1120]	[L1: 0.0269]	2.8+0.0s
[160/1120]	[L1: 0.0269]	2.6+0.0s
[200/1120]	[L1: 0.0278]	2.6+0.0s
[240/1120]	[L1: 0.0277]	2.6+0.0s
[280/1120]	[L1: 0.0281]	2.9+0.0s
[320/1120]	[L1: 0.0276]	2.6+0.0s
[360/1120]	[L1: 0.0277]	2.6+0.0s
[400/1120]	[L1: 0.0277]	2.6+0.0s
[440/1120]	[L1: 0.0274]	2.6+0.0s
[480/1120]	[L1: 0.0271]	2.7+0.0s
[520/1120]	[L1: 0.0268]	2.6+0.0s
[560/1120]	[L1: 0.0267]	2.6+0.0s
[600/1120]	[L1: 0.0266]	2.6+0.0s
[640/1120]	[L1: 0.0266]	2.6+0.0s
[680/1120]	[L1: 0.0269]	2.6+0.0s
[720/1120]	[L1: 0.0268]	2.6+0.0s
[760/1120]	[L1: 0.0267]	2.7+0.0s
[800/1120]	[L1: 0.0268]	2.6+0.0s
[840/1120]	[L1: 0.0268]	2.6+0.0s
[880/1120]	[L1: 0.0268]	2.6+0.0s
[920/1120]	[L1: 0.0269]	2.7+0.0s
[960/1120]	[L1: 0.0268]	2.6+0.0s
[1000/1120]	[L1: 0.0267]	2.6+0.0s
[1040/1120]	[L1: 0.0269]	2.6+0.0s
[1080/1120]	[L1: 0.0270]	2.6+0.0s
[1120/1120]	[L1: 0.0271]	2.6+0.0s

Evaluation:
[RSSCN7 x3]	psnr: 29.026 (Best: 29.169 @epoch 76)
Total time: 40.27s

[Epoch 83]	Learning rate: 2.00e-4
[40/1120]	[L1: 0.0265]	2.6+0.0s
[80/1120]	[L1: 0.0262]	2.6+0.0s
[120/1120]	[L1: 0.0272]	2.6+0.0s
[160/1120]	[L1: 0.0267]	2.6+0.0s
[200/1120]	[L1: 0.0271]	2.7+0.0s
[240/1120]	[L1: 0.0280]	2.7+0.0s
[280/1120]	[L1: 0.0280]	2.6+0.0s
[320/1120]	[L1: 0.0274]	2.6+0.0s
[360/1120]	[L1: 0.0278]	2.6+0.0s
[400/1120]	[L1: 0.0278]	2.6+0.0s
[440/1120]	[L1: 0.0277]	2.7+0.0s
[480/1120]	[L1: 0.0273]	2.6+0.0s
[520/1120]	[L1: 0.0271]	2.6+0.0s
[560/1120]	[L1: 0.0272]	2.6+0.0s
[600/1120]	[L1: 0.0271]	2.6+0.0s
[640/1120]	[L1: 0.0270]	2.6+0.0s
[680/1120]	[L1: 0.0268]	2.7+0.0s
[720/1120]	[L1: 0.0268]	2.6+0.0s
[760/1120]	[L1: 0.0268]	2.6+0.0s
[800/1120]	[L1: 0.0267]	2.6+0.0s
[840/1120]	[L1: 0.0267]	2.6+0.0s
[880/1120]	[L1: 0.0268]	2.7+0.0s
[920/1120]	[L1: 0.0269]	2.6+0.0s
[960/1120]	[L1: 0.0269]	2.7+0.0s
[1000/1120]	[L1: 0.0269]	2.8+0.0s
[1040/1120]	[L1: 0.0269]	2.8+0.0s
[1080/1120]	[L1: 0.0268]	2.8+0.0s
[1120/1120]	[L1: 0.0269]	2.7+0.0s

Evaluation:
[RSSCN7 x3]	psnr: 29.097 (Best: 29.169 @epoch 76)
Total time: 48.16s

[Epoch 84]	Learning rate: 2.00e-4
[40/1120]	[L1: 0.0247]	3.4+0.0s
[80/1120]	[L1: 0.0243]	3.4+0.0s
[120/1120]	[L1: 0.0262]	3.1+0.0s
[160/1120]	[L1: 0.0257]	2.8+0.0s
[200/1120]	[L1: 0.0258]	2.9+0.0s
[240/1120]	[L1: 0.0260]	2.8+0.0s
[280/1120]	[L1: 0.0255]	2.9+0.0s
[320/1120]	[L1: 0.0258]	2.9+0.0s
[360/1120]	[L1: 0.0259]	2.9+0.0s
[400/1120]	[L1: 0.0262]	2.8+0.0s
[440/1120]	[L1: 0.0265]	2.8+0.0s
[480/1120]	[L1: 0.0265]	2.9+0.0s
[520/1120]	[L1: 0.0264]	2.8+0.0s
[560/1120]	[L1: 0.0264]	2.9+0.0s
[600/1120]	[L1: 0.0264]	3.5+0.0s
[640/1120]	[L1: 0.0262]	3.4+0.0s
[680/1120]	[L1: 0.0263]	3.5+0.0s
[720/1120]	[L1: 0.0263]	3.0+0.0s
[760/1120]	[L1: 0.0262]	2.6+0.0s
[800/1120]	[L1: 0.0262]	2.7+0.0s
[840/1120]	[L1: 0.0261]	2.6+0.0s
[880/1120]	[L1: 0.0261]	2.6+0.0s
[920/1120]	[L1: 0.0263]	2.6+0.0s
[960/1120]	[L1: 0.0264]	2.6+0.0s
[1000/1120]	[L1: 0.0265]	2.7+0.0s
[1040/1120]	[L1: 0.0266]	2.6+0.0s
[1080/1120]	[L1: 0.0266]	2.9+0.0s
[1120/1120]	[L1: 0.0268]	2.7+0.0s

Evaluation:
[RSSCN7 x3]	psnr: 29.023 (Best: 29.169 @epoch 76)
Total time: 46.87s

[Epoch 85]	Learning rate: 2.00e-4
[40/1120]	[L1: 0.0268]	3.3+0.1s
[80/1120]	[L1: 0.0280]	3.5+0.0s
[120/1120]	[L1: 0.0290]	3.3+0.0s
[160/1120]	[L1: 0.0280]	3.4+0.0s
[200/1120]	[L1: 0.0275]	3.4+0.0s
[240/1120]	[L1: 0.0265]	3.4+0.0s
[280/1120]	[L1: 0.0272]	3.6+0.0s
[320/1120]	[L1: 0.0271]	3.4+0.0s
[360/1120]	[L1: 0.0274]	3.2+0.0s
[400/1120]	[L1: 0.0277]	2.9+0.0s
[440/1120]	[L1: 0.0276]	2.6+0.0s
[480/1120]	[L1: 0.0273]	2.6+0.0s
[520/1120]	[L1: 0.0273]	2.7+0.0s
[560/1120]	[L1: 0.0274]	2.7+0.0s
[600/1120]	[L1: 0.0275]	2.6+0.0s
[640/1120]	[L1: 0.0273]	2.8+0.0s
[680/1120]	[L1: 0.0272]	2.8+0.0s
[720/1120]	[L1: 0.0273]	3.0+0.0s
[760/1120]	[L1: 0.0274]	2.9+0.0s
[800/1120]	[L1: 0.0273]	2.9+0.0s
[840/1120]	[L1: 0.0273]	2.8+0.0s
[880/1120]	[L1: 0.0273]	2.9+0.0s
[920/1120]	[L1: 0.0271]	2.9+0.0s
[960/1120]	[L1: 0.0270]	3.0+0.0s
[1000/1120]	[L1: 0.0270]	2.9+0.0s
[1040/1120]	[L1: 0.0270]	2.8+0.0s
[1080/1120]	[L1: 0.0270]	2.8+0.0s
[1120/1120]	[L1: 0.0269]	2.8+0.0s

Evaluation:
[RSSCN7 x3]	psnr: 29.098 (Best: 29.169 @epoch 76)
Total time: 45.85s

[Epoch 86]	Learning rate: 2.00e-4
[40/1120]	[L1: 0.0280]	2.6+0.0s
[80/1120]	[L1: 0.0281]	2.6+0.0s
[120/1120]	[L1: 0.0281]	2.6+0.0s
[160/1120]	[L1: 0.0274]	2.6+0.0s
[200/1120]	[L1: 0.0272]	2.6+0.0s
[240/1120]	[L1: 0.0271]	2.7+0.0s
[280/1120]	[L1: 0.0272]	2.6+0.0s
[320/1120]	[L1: 0.0268]	2.6+0.0s
[360/1120]	[L1: 0.0268]	2.6+0.0s
[400/1120]	[L1: 0.0267]	2.6+0.0s
[440/1120]	[L1: 0.0267]	2.7+0.0s
[480/1120]	[L1: 0.0267]	2.6+0.0s
[520/1120]	[L1: 0.0267]	2.6+0.0s
[560/1120]	[L1: 0.0267]	2.6+0.0s
[600/1120]	[L1: 0.0266]	2.6+0.0s
[640/1120]	[L1: 0.0265]	2.6+0.0s
[680/1120]	[L1: 0.0266]	2.7+0.0s
[720/1120]	[L1: 0.0270]	2.6+0.0s
[760/1120]	[L1: 0.0270]	2.6+0.0s
[800/1120]	[L1: 0.0272]	2.6+0.0s
[840/1120]	[L1: 0.0271]	2.6+0.0s
[880/1120]	[L1: 0.0270]	2.7+0.0s
[920/1120]	[L1: 0.0268]	2.6+0.0s
[960/1120]	[L1: 0.0268]	2.6+0.0s
[1000/1120]	[L1: 0.0267]	2.6+0.0s
[1040/1120]	[L1: 0.0268]	2.6+0.0s
[1080/1120]	[L1: 0.0267]	2.6+0.0s
[1120/1120]	[L1: 0.0267]	2.8+0.0s

Evaluation:
[RSSCN7 x3]	psnr: 29.026 (Best: 29.169 @epoch 76)
Total time: 40.59s

[Epoch 87]	Learning rate: 2.00e-4
[40/1120]	[L1: 0.0288]	2.6+0.0s
[80/1120]	[L1: 0.0267]	2.6+0.0s
[120/1120]	[L1: 0.0267]	2.6+0.0s
[160/1120]	[L1: 0.0274]	2.6+0.0s
[200/1120]	[L1: 0.0273]	2.7+0.0s
[240/1120]	[L1: 0.0274]	2.6+0.0s
[280/1120]	[L1: 0.0269]	2.6+0.0s
[320/1120]	[L1: 0.0270]	2.6+0.0s
[360/1120]	[L1: 0.0267]	2.6+0.0s
[400/1120]	[L1: 0.0266]	2.7+0.0s
[440/1120]	[L1: 0.0266]	2.6+0.0s
[480/1120]	[L1: 0.0264]	2.6+0.0s
[520/1120]	[L1: 0.0262]	2.6+0.0s
[560/1120]	[L1: 0.0262]	2.6+0.0s
[600/1120]	[L1: 0.0265]	2.6+0.0s
[640/1120]	[L1: 0.0266]	2.7+0.0s
[680/1120]	[L1: 0.0267]	2.6+0.0s
[720/1120]	[L1: 0.0266]	2.6+0.0s
[760/1120]	[L1: 0.0265]	2.6+0.0s
[800/1120]	[L1: 0.0264]	2.6+0.0s
[840/1120]	[L1: 0.0264]	2.7+0.0s
[880/1120]	[L1: 0.0264]	2.6+0.0s
[920/1120]	[L1: 0.0264]	2.6+0.0s
[960/1120]	[L1: 0.0264]	2.6+0.0s
[1000/1120]	[L1: 0.0266]	2.6+0.0s
[1040/1120]	[L1: 0.0266]	2.6+0.0s
[1080/1120]	[L1: 0.0267]	2.6+0.0s
[1120/1120]	[L1: 0.0268]	2.7+0.0s

Evaluation:
[RSSCN7 x3]	psnr: 29.039 (Best: 29.169 @epoch 76)
Total time: 40.16s

[Epoch 88]	Learning rate: 2.00e-4
[40/1120]	[L1: 0.0262]	2.8+0.0s
[80/1120]	[L1: 0.0276]	2.8+0.0s
[120/1120]	[L1: 0.0265]	2.8+0.0s
[160/1120]	[L1: 0.0271]	2.6+0.0s
[200/1120]	[L1: 0.0268]	2.6+0.0s
[240/1120]	[L1: 0.0267]	2.6+0.0s
[280/1120]	[L1: 0.0275]	2.6+0.0s
[320/1120]	[L1: 0.0271]	2.7+0.0s
[360/1120]	[L1: 0.0273]	2.6+0.0s
[400/1120]	[L1: 0.0273]	2.6+0.0s
[440/1120]	[L1: 0.0271]	2.6+0.0s
[480/1120]	[L1: 0.0274]	2.6+0.0s
[520/1120]	[L1: 0.0270]	2.6+0.0s
[560/1120]	[L1: 0.0270]	2.6+0.0s
[600/1120]	[L1: 0.0269]	2.7+0.0s
[640/1120]	[L1: 0.0267]	2.6+0.0s
[680/1120]	[L1: 0.0267]	2.7+0.0s
[720/1120]	[L1: 0.0267]	2.8+0.0s
[760/1120]	[L1: 0.0268]	2.7+0.0s
[800/1120]	[L1: 0.0269]	2.6+0.0s
[840/1120]	[L1: 0.0268]	2.6+0.0s
[880/1120]	[L1: 0.0266]	2.6+0.0s
[920/1120]	[L1: 0.0266]	2.6+0.0s
[960/1120]	[L1: 0.0266]	2.6+0.0s
[1000/1120]	[L1: 0.0266]	2.6+0.0s
[1040/1120]	[L1: 0.0267]	2.7+0.0s
[1080/1120]	[L1: 0.0268]	2.6+0.0s
[1120/1120]	[L1: 0.0269]	2.6+0.0s

Evaluation:
[RSSCN7 x3]	psnr: 29.163 (Best: 29.169 @epoch 76)
Total time: 40.24s

[Epoch 89]	Learning rate: 2.00e-4
[40/1120]	[L1: 0.0299]	2.7+0.0s
[80/1120]	[L1: 0.0288]	2.6+0.0s
[120/1120]	[L1: 0.0280]	2.6+0.0s
[160/1120]	[L1: 0.0271]	2.6+0.0s
[200/1120]	[L1: 0.0267]	2.6+0.0s
[240/1120]	[L1: 0.0263]	2.7+0.0s
[280/1120]	[L1: 0.0263]	2.6+0.0s
[320/1120]	[L1: 0.0266]	2.6+0.0s
[360/1120]	[L1: 0.0266]	2.6+0.0s
[400/1120]	[L1: 0.0266]	2.6+0.0s
[440/1120]	[L1: 0.0264]	2.6+0.0s
[480/1120]	[L1: 0.0261]	2.7+0.0s
[520/1120]	[L1: 0.0261]	2.6+0.0s
[560/1120]	[L1: 0.0262]	2.6+0.0s
[600/1120]	[L1: 0.0265]	2.6+0.0s
[640/1120]	[L1: 0.0264]	2.6+0.0s
[680/1120]	[L1: 0.0264]	2.7+0.0s
[720/1120]	[L1: 0.0265]	2.6+0.0s
[760/1120]	[L1: 0.0266]	2.6+0.0s
[800/1120]	[L1: 0.0264]	2.6+0.0s
[840/1120]	[L1: 0.0264]	2.6+0.0s
[880/1120]	[L1: 0.0265]	2.6+0.0s
[920/1120]	[L1: 0.0265]	2.6+0.0s
[960/1120]	[L1: 0.0266]	2.7+0.0s
[1000/1120]	[L1: 0.0266]	2.6+0.0s
[1040/1120]	[L1: 0.0266]	2.6+0.0s
[1080/1120]	[L1: 0.0267]	2.6+0.0s
[1120/1120]	[L1: 0.0266]	2.7+0.0s

Evaluation:
[RSSCN7 x3]	psnr: 29.184 (Best: 29.184 @epoch 89)
Total time: 40.21s

[Epoch 90]	Learning rate: 2.00e-4
[40/1120]	[L1: 0.0266]	2.6+0.0s
[80/1120]	[L1: 0.0262]	2.6+0.0s
[120/1120]	[L1: 0.0262]	2.7+0.0s
[160/1120]	[L1: 0.0268]	2.6+0.0s
[200/1120]	[L1: 0.0263]	2.6+0.0s
[240/1120]	[L1: 0.0263]	2.6+0.0s
[280/1120]	[L1: 0.0264]	2.6+0.0s
[320/1120]	[L1: 0.0268]	2.6+0.0s
[360/1120]	[L1: 0.0265]	2.6+0.0s
[400/1120]	[L1: 0.0266]	2.7+0.0s
[440/1120]	[L1: 0.0263]	2.6+0.0s
[480/1120]	[L1: 0.0268]	2.6+0.0s
[520/1120]	[L1: 0.0270]	2.6+0.0s
[560/1120]	[L1: 0.0268]	2.7+0.0s
[600/1120]	[L1: 0.0266]	2.6+0.0s
[640/1120]	[L1: 0.0267]	2.6+0.0s
[680/1120]	[L1: 0.0265]	2.8+0.0s
[720/1120]	[L1: 0.0265]	2.8+0.0s
[760/1120]	[L1: 0.0266]	2.8+0.0s
[800/1120]	[L1: 0.0267]	2.8+0.0s
[840/1120]	[L1: 0.0268]	2.7+0.0s
[880/1120]	[L1: 0.0267]	2.6+0.0s
[920/1120]	[L1: 0.0267]	2.6+0.0s
[960/1120]	[L1: 0.0268]	2.6+0.0s
[1000/1120]	[L1: 0.0267]	2.6+0.0s
[1040/1120]	[L1: 0.0267]	2.7+0.0s
[1080/1120]	[L1: 0.0267]	2.6+0.0s
[1120/1120]	[L1: 0.0267]	2.6+0.0s

Evaluation:
[RSSCN7 x3]	psnr: 29.114 (Best: 29.184 @epoch 89)
Total time: 40.14s

[Epoch 91]	Learning rate: 2.00e-4
[40/1120]	[L1: 0.0240]	2.6+0.1s
[80/1120]	[L1: 0.0249]	2.7+0.0s
[120/1120]	[L1: 0.0257]	2.6+0.0s
[160/1120]	[L1: 0.0261]	2.6+0.0s
[200/1120]	[L1: 0.0257]	2.6+0.0s
[240/1120]	[L1: 0.0259]	2.6+0.0s
[280/1120]	[L1: 0.0260]	2.6+0.0s
[320/1120]	[L1: 0.0256]	2.7+0.0s
[360/1120]	[L1: 0.0262]	2.6+0.0s
[400/1120]	[L1: 0.0266]	2.6+0.0s
[440/1120]	[L1: 0.0267]	2.6+0.0s
[480/1120]	[L1: 0.0265]	2.6+0.0s
[520/1120]	[L1: 0.0265]	2.9+0.0s
[560/1120]	[L1: 0.0264]	2.7+0.0s
[600/1120]	[L1: 0.0266]	2.6+0.0s
[640/1120]	[L1: 0.0266]	2.6+0.0s
[680/1120]	[L1: 0.0266]	2.6+0.0s
[720/1120]	[L1: 0.0265]	2.6+0.0s
[760/1120]	[L1: 0.0265]	2.7+0.0s
[800/1120]	[L1: 0.0265]	2.6+0.0s
[840/1120]	[L1: 0.0265]	2.6+0.0s
[880/1120]	[L1: 0.0265]	2.6+0.0s
[920/1120]	[L1: 0.0266]	2.6+0.0s
[960/1120]	[L1: 0.0267]	2.7+0.0s
[1000/1120]	[L1: 0.0267]	2.6+0.0s
[1040/1120]	[L1: 0.0268]	2.6+0.0s
[1080/1120]	[L1: 0.0267]	2.6+0.0s
[1120/1120]	[L1: 0.0267]	2.7+0.0s

Evaluation:
[RSSCN7 x3]	psnr: 29.102 (Best: 29.184 @epoch 89)
Total time: 40.20s

[Epoch 92]	Learning rate: 2.00e-4
[40/1120]	[L1: 0.0220]	2.6+0.0s
[80/1120]	[L1: 0.0250]	2.6+0.0s
[120/1120]	[L1: 0.0253]	2.6+0.0s
[160/1120]	[L1: 0.0262]	2.6+0.0s
[200/1120]	[L1: 0.0255]	2.6+0.0s
[240/1120]	[L1: 0.0255]	2.7+0.0s
[280/1120]	[L1: 0.0255]	2.6+0.0s
[320/1120]	[L1: 0.0257]	2.6+0.0s
[360/1120]	[L1: 0.0257]	2.6+0.0s
[400/1120]	[L1: 0.0259]	2.6+0.0s
[440/1120]	[L1: 0.0262]	2.6+0.0s
[480/1120]	[L1: 0.0268]	2.7+0.0s
[520/1120]	[L1: 0.0268]	2.6+0.0s
[560/1120]	[L1: 0.0269]	2.6+0.0s
[600/1120]	[L1: 0.0269]	2.6+0.0s
[640/1120]	[L1: 0.0267]	2.6+0.0s
[680/1120]	[L1: 0.0266]	2.7+0.0s
[720/1120]	[L1: 0.0267]	2.7+0.0s
[760/1120]	[L1: 0.0268]	2.8+0.0s
[800/1120]	[L1: 0.0267]	2.6+0.0s
[840/1120]	[L1: 0.0269]	2.6+0.0s
[880/1120]	[L1: 0.0268]	2.6+0.0s
[920/1120]	[L1: 0.0266]	2.7+0.0s
[960/1120]	[L1: 0.0266]	2.6+0.0s
[1000/1120]	[L1: 0.0265]	2.6+0.0s
[1040/1120]	[L1: 0.0266]	2.6+0.0s
[1080/1120]	[L1: 0.0266]	2.6+0.0s
[1120/1120]	[L1: 0.0265]	2.7+0.0s

Evaluation:
[RSSCN7 x3]	psnr: 29.191 (Best: 29.191 @epoch 92)
Total time: 40.07s

[Epoch 93]	Learning rate: 2.00e-4
[40/1120]	[L1: 0.0264]	2.8+0.0s
[80/1120]	[L1: 0.0257]	2.8+0.0s
[120/1120]	[L1: 0.0256]	2.9+0.0s
[160/1120]	[L1: 0.0271]	2.8+0.0s
[200/1120]	[L1: 0.0273]	2.7+0.0s
[240/1120]	[L1: 0.0269]	2.6+0.0s
[280/1120]	[L1: 0.0262]	2.6+0.0s
[320/1120]	[L1: 0.0264]	2.6+0.0s
[360/1120]	[L1: 0.0266]	2.7+0.0s
[400/1120]	[L1: 0.0269]	2.6+0.0s
[440/1120]	[L1: 0.0268]	2.6+0.0s
[480/1120]	[L1: 0.0264]	2.6+0.0s
[520/1120]	[L1: 0.0263]	2.6+0.0s
[560/1120]	[L1: 0.0266]	2.7+0.0s
[600/1120]	[L1: 0.0265]	2.6+0.0s
[640/1120]	[L1: 0.0266]	2.6+0.0s
[680/1120]	[L1: 0.0266]	2.6+0.0s
[720/1120]	[L1: 0.0266]	2.8+0.0s
[760/1120]	[L1: 0.0265]	2.9+0.0s
[800/1120]	[L1: 0.0265]	2.7+0.0s
[840/1120]	[L1: 0.0266]	2.6+0.0s
[880/1120]	[L1: 0.0267]	2.6+0.0s
[920/1120]	[L1: 0.0266]	2.6+0.0s
[960/1120]	[L1: 0.0267]	2.6+0.0s
[1000/1120]	[L1: 0.0267]	2.7+0.0s
[1040/1120]	[L1: 0.0269]	2.6+0.0s
[1080/1120]	[L1: 0.0268]	2.6+0.0s
[1120/1120]	[L1: 0.0268]	2.6+0.0s

Evaluation:
[RSSCN7 x3]	psnr: 29.144 (Best: 29.191 @epoch 92)
Total time: 40.63s

[Epoch 94]	Learning rate: 2.00e-4
[40/1120]	[L1: 0.0287]	2.7+0.0s
[80/1120]	[L1: 0.0268]	2.6+0.0s
[120/1120]	[L1: 0.0269]	2.6+0.0s
[160/1120]	[L1: 0.0264]	2.6+0.0s
[200/1120]	[L1: 0.0262]	2.6+0.0s
[240/1120]	[L1: 0.0259]	2.6+0.0s
[280/1120]	[L1: 0.0266]	2.8+0.0s
[320/1120]	[L1: 0.0267]	2.9+0.0s
[360/1120]	[L1: 0.0264]	2.8+0.0s
[400/1120]	[L1: 0.0266]	2.6+0.0s
[440/1120]	[L1: 0.0264]	2.6+0.0s
[480/1120]	[L1: 0.0264]	2.6+0.0s
[520/1120]	[L1: 0.0263]	2.9+0.0s
[560/1120]	[L1: 0.0264]	2.9+0.0s
[600/1120]	[L1: 0.0267]	2.8+0.0s
[640/1120]	[L1: 0.0265]	2.6+0.0s
[680/1120]	[L1: 0.0265]	2.6+0.0s
[720/1120]	[L1: 0.0264]	2.6+0.0s
[760/1120]	[L1: 0.0266]	2.7+0.0s
[800/1120]	[L1: 0.0267]	2.6+0.0s
[840/1120]	[L1: 0.0266]	2.6+0.0s
[880/1120]	[L1: 0.0264]	2.6+0.0s
[920/1120]	[L1: 0.0265]	2.6+0.0s
[960/1120]	[L1: 0.0265]	2.7+0.0s
[1000/1120]	[L1: 0.0265]	2.6+0.0s
[1040/1120]	[L1: 0.0265]	2.6+0.0s
[1080/1120]	[L1: 0.0268]	2.6+0.0s
[1120/1120]	[L1: 0.0268]	2.6+0.0s

Evaluation:
[RSSCN7 x3]	psnr: 29.162 (Best: 29.191 @epoch 92)
Total time: 40.31s

[Epoch 95]	Learning rate: 2.00e-4
[40/1120]	[L1: 0.0236]	2.6+0.0s
[80/1120]	[L1: 0.0238]	2.6+0.0s
[120/1120]	[L1: 0.0259]	2.6+0.0s
[160/1120]	[L1: 0.0260]	2.6+0.0s
[200/1120]	[L1: 0.0263]	2.6+0.0s
[240/1120]	[L1: 0.0267]	2.6+0.0s
[280/1120]	[L1: 0.0266]	2.7+0.0s
[320/1120]	[L1: 0.0262]	2.6+0.0s
[360/1120]	[L1: 0.0258]	2.6+0.0s
[400/1120]	[L1: 0.0256]	2.6+0.0s
[440/1120]	[L1: 0.0260]	2.6+0.0s
[480/1120]	[L1: 0.0256]	2.7+0.0s
[520/1120]	[L1: 0.0257]	2.6+0.0s
[560/1120]	[L1: 0.0256]	2.6+0.0s
[600/1120]	[L1: 0.0257]	2.6+0.0s
[640/1120]	[L1: 0.0259]	2.6+0.0s
[680/1120]	[L1: 0.0259]	2.6+0.0s
[720/1120]	[L1: 0.0258]	2.6+0.0s
[760/1120]	[L1: 0.0256]	2.7+0.0s
[800/1120]	[L1: 0.0257]	2.6+0.0s
[840/1120]	[L1: 0.0259]	2.6+0.0s
[880/1120]	[L1: 0.0260]	2.6+0.0s
[920/1120]	[L1: 0.0262]	2.6+0.0s
[960/1120]	[L1: 0.0262]	2.7+0.0s
[1000/1120]	[L1: 0.0263]	2.6+0.0s
[1040/1120]	[L1: 0.0264]	2.6+0.0s
[1080/1120]	[L1: 0.0265]	2.6+0.0s
[1120/1120]	[L1: 0.0266]	2.6+0.0s

Evaluation:
[RSSCN7 x3]	psnr: 29.161 (Best: 29.191 @epoch 92)
Total time: 40.13s

[Epoch 96]	Learning rate: 2.00e-4
[40/1120]	[L1: 0.0259]	2.6+0.0s
[80/1120]	[L1: 0.0272]	2.6+0.0s
[120/1120]	[L1: 0.0275]	2.6+0.0s
[160/1120]	[L1: 0.0270]	2.6+0.0s
[200/1120]	[L1: 0.0266]	2.6+0.0s
[240/1120]	[L1: 0.0264]	2.9+0.0s
[280/1120]	[L1: 0.0267]	2.8+0.0s
[320/1120]	[L1: 0.0263]	2.8+0.0s
[360/1120]	[L1: 0.0262]	2.7+0.0s
[400/1120]	[L1: 0.0264]	2.6+0.0s
[440/1120]	[L1: 0.0264]	2.7+0.0s
[480/1120]	[L1: 0.0261]	2.6+0.0s
[520/1120]	[L1: 0.0263]	2.6+0.0s
[560/1120]	[L1: 0.0260]	2.6+0.0s
[600/1120]	[L1: 0.0258]	2.6+0.0s
[640/1120]	[L1: 0.0259]	2.6+0.0s
[680/1120]	[L1: 0.0260]	2.6+0.0s
[720/1120]	[L1: 0.0260]	2.7+0.0s
[760/1120]	[L1: 0.0260]	2.6+0.0s
[800/1120]	[L1: 0.0263]	2.6+0.0s
[840/1120]	[L1: 0.0263]	2.6+0.0s
[880/1120]	[L1: 0.0263]	2.7+0.0s
[920/1120]	[L1: 0.0265]	2.6+0.0s
[960/1120]	[L1: 0.0265]	2.6+0.0s
[1000/1120]	[L1: 0.0265]	2.6+0.0s
[1040/1120]	[L1: 0.0266]	2.6+0.0s
[1080/1120]	[L1: 0.0266]	2.6+0.0s
[1120/1120]	[L1: 0.0267]	2.6+0.0s

Evaluation:
[RSSCN7 x3]	psnr: 29.201 (Best: 29.201 @epoch 96)
Total time: 40.24s

[Epoch 97]	Learning rate: 2.00e-4
[40/1120]	[L1: 0.0302]	2.6+0.0s
[80/1120]	[L1: 0.0274]	2.6+0.0s
[120/1120]	[L1: 0.0273]	2.6+0.0s
[160/1120]	[L1: 0.0265]	2.6+0.0s
[200/1120]	[L1: 0.0261]	2.8+0.0s
[240/1120]	[L1: 0.0263]	2.7+0.0s
[280/1120]	[L1: 0.0261]	2.6+0.0s
[320/1120]	[L1: 0.0259]	2.6+0.0s
[360/1120]	[L1: 0.0258]	2.6+0.0s
[400/1120]	[L1: 0.0261]	2.7+0.0s
[440/1120]	[L1: 0.0259]	2.6+0.0s
[480/1120]	[L1: 0.0260]	2.6+0.0s
[520/1120]	[L1: 0.0259]	2.6+0.0s
[560/1120]	[L1: 0.0259]	2.6+0.0s
[600/1120]	[L1: 0.0260]	2.7+0.0s
[640/1120]	[L1: 0.0261]	2.9+0.0s
[680/1120]	[L1: 0.0259]	2.6+0.0s
[720/1120]	[L1: 0.0258]	2.7+0.0s
[760/1120]	[L1: 0.0258]	2.8+0.0s
[800/1120]	[L1: 0.0258]	2.6+0.0s
[840/1120]	[L1: 0.0260]	2.7+0.0s
[880/1120]	[L1: 0.0261]	2.6+0.0s
[920/1120]	[L1: 0.0265]	2.6+0.0s
[960/1120]	[L1: 0.0266]	2.6+0.0s
[1000/1120]	[L1: 0.0266]	2.6+0.0s
[1040/1120]	[L1: 0.0267]	2.6+0.0s
[1080/1120]	[L1: 0.0266]	2.6+0.0s
[1120/1120]	[L1: 0.0266]	2.7+0.0s

Evaluation:
[RSSCN7 x3]	psnr: 29.123 (Best: 29.201 @epoch 96)
Total time: 40.09s

[Epoch 98]	Learning rate: 2.00e-4
[40/1120]	[L1: 0.0279]	2.6+0.0s
[80/1120]	[L1: 0.0279]	2.6+0.0s
[120/1120]	[L1: 0.0275]	2.7+0.0s
[160/1120]	[L1: 0.0270]	2.6+0.0s
[200/1120]	[L1: 0.0266]	2.6+0.0s
[240/1120]	[L1: 0.0272]	2.6+0.0s
[280/1120]	[L1: 0.0272]	2.6+0.0s
[320/1120]	[L1: 0.0273]	2.7+0.0s
[360/1120]	[L1: 0.0273]	2.6+0.0s
[400/1120]	[L1: 0.0270]	2.6+0.0s
[440/1120]	[L1: 0.0268]	2.6+0.0s
[480/1120]	[L1: 0.0268]	2.6+0.0s
[520/1120]	[L1: 0.0267]	2.6+0.0s
[560/1120]	[L1: 0.0267]	2.6+0.0s
[600/1120]	[L1: 0.0265]	2.7+0.0s
[640/1120]	[L1: 0.0265]	2.6+0.0s
[680/1120]	[L1: 0.0265]	2.6+0.0s
[720/1120]	[L1: 0.0268]	2.6+0.0s
[760/1120]	[L1: 0.0265]	2.7+0.0s
[800/1120]	[L1: 0.0267]	2.6+0.0s
[840/1120]	[L1: 0.0267]	2.6+0.0s
[880/1120]	[L1: 0.0266]	2.6+0.0s
[920/1120]	[L1: 0.0265]	2.6+0.0s
[960/1120]	[L1: 0.0264]	2.6+0.0s
[1000/1120]	[L1: 0.0266]	2.6+0.0s
[1040/1120]	[L1: 0.0265]	2.9+0.0s
[1080/1120]	[L1: 0.0263]	2.8+0.0s
[1120/1120]	[L1: 0.0265]	2.6+0.0s

Evaluation:
[RSSCN7 x3]	psnr: 29.074 (Best: 29.201 @epoch 96)
Total time: 40.96s

[Epoch 99]	Learning rate: 2.00e-4
[40/1120]	[L1: 0.0279]	2.9+0.0s
[80/1120]	[L1: 0.0261]	2.8+0.0s
[120/1120]	[L1: 0.0257]	2.7+0.0s
[160/1120]	[L1: 0.0259]	2.6+0.0s
[200/1120]	[L1: 0.0262]	2.6+0.0s
[240/1120]	[L1: 0.0265]	2.7+0.0s
[280/1120]	[L1: 0.0271]	2.6+0.0s
[320/1120]	[L1: 0.0274]	2.6+0.0s
[360/1120]	[L1: 0.0275]	2.6+0.0s
[400/1120]	[L1: 0.0274]	2.6+0.0s
[440/1120]	[L1: 0.0274]	2.6+0.0s
[480/1120]	[L1: 0.0276]	2.7+0.0s
[520/1120]	[L1: 0.0274]	2.6+0.0s
[560/1120]	[L1: 0.0272]	2.6+0.0s
[600/1120]	[L1: 0.0270]	2.6+0.0s
[640/1120]	[L1: 0.0271]	2.6+0.0s
[680/1120]	[L1: 0.0270]	2.7+0.0s
[720/1120]	[L1: 0.0271]	2.6+0.0s
[760/1120]	[L1: 0.0269]	2.6+0.0s
[800/1120]	[L1: 0.0271]	2.6+0.0s
[840/1120]	[L1: 0.0270]	2.6+0.0s
[880/1120]	[L1: 0.0268]	2.6+0.0s
[920/1120]	[L1: 0.0268]	2.6+0.0s
[960/1120]	[L1: 0.0266]	2.7+0.0s
[1000/1120]	[L1: 0.0266]	2.8+0.0s
[1040/1120]	[L1: 0.0264]	2.7+0.0s
[1080/1120]	[L1: 0.0265]	2.6+0.0s
[1120/1120]	[L1: 0.0267]	2.7+0.0s

Evaluation:
[RSSCN7 x3]	psnr: 29.100 (Best: 29.201 @epoch 96)
Total time: 40.47s

[Epoch 100]	Learning rate: 2.00e-4
[40/1120]	[L1: 0.0244]	2.8+0.0s
[80/1120]	[L1: 0.0243]	2.8+0.0s
[120/1120]	[L1: 0.0249]	2.9+0.0s
[160/1120]	[L1: 0.0251]	2.6+0.0s
[200/1120]	[L1: 0.0252]	2.6+0.0s
[240/1120]	[L1: 0.0260]	2.6+0.0s
[280/1120]	[L1: 0.0262]	2.6+0.0s
[320/1120]	[L1: 0.0264]	2.6+0.0s
[360/1120]	[L1: 0.0264]	2.6+0.0s
[400/1120]	[L1: 0.0264]	2.7+0.0s
[440/1120]	[L1: 0.0267]	2.6+0.0s
[480/1120]	[L1: 0.0265]	2.6+0.0s
[520/1120]	[L1: 0.0266]	2.6+0.0s
[560/1120]	[L1: 0.0265]	2.7+0.0s
[600/1120]	[L1: 0.0264]	2.6+0.0s
[640/1120]	[L1: 0.0266]	2.6+0.0s
[680/1120]	[L1: 0.0266]	2.6+0.0s
[720/1120]	[L1: 0.0265]	2.6+0.0s
[760/1120]	[L1: 0.0266]	2.6+0.0s
[800/1120]	[L1: 0.0266]	2.6+0.0s
[840/1120]	[L1: 0.0265]	2.7+0.0s
[880/1120]	[L1: 0.0264]	2.6+0.0s
[920/1120]	[L1: 0.0263]	2.6+0.0s
[960/1120]	[L1: 0.0264]	2.6+0.0s
[1000/1120]	[L1: 0.0263]	2.6+0.0s
[1040/1120]	[L1: 0.0263]	2.7+0.0s
[1080/1120]	[L1: 0.0265]	2.6+0.0s
[1120/1120]	[L1: 0.0267]	2.6+0.0s
Saved epoch checkpoint at epoch 100

Evaluation:
[RSSCN7 x3]	psnr: 29.227 (Best: 29.227 @epoch 100)
Total time: 40.17s

[Epoch 101]	Learning rate: 2.00e-4
[40/1120]	[L1: 0.0249]	2.6+0.0s
[80/1120]	[L1: 0.0233]	2.6+0.0s
[120/1120]	[L1: 0.0244]	2.6+0.0s
[160/1120]	[L1: 0.0251]	2.7+0.0s
[200/1120]	[L1: 0.0255]	2.6+0.0s
[240/1120]	[L1: 0.0263]	2.6+0.0s
[280/1120]	[L1: 0.0267]	2.6+0.0s
[320/1120]	[L1: 0.0272]	2.6+0.0s
[360/1120]	[L1: 0.0272]	2.6+0.0s
[400/1120]	[L1: 0.0272]	2.6+0.0s
[440/1120]	[L1: 0.0272]	2.7+0.0s
[480/1120]	[L1: 0.0274]	2.6+0.0s
[520/1120]	[L1: 0.0271]	2.6+0.0s
[560/1120]	[L1: 0.0270]	2.8+0.0s
[600/1120]	[L1: 0.0270]	2.7+0.0s
[640/1120]	[L1: 0.0271]	2.7+0.0s
[680/1120]	[L1: 0.0269]	2.6+0.0s
[720/1120]	[L1: 0.0270]	2.6+0.0s
[760/1120]	[L1: 0.0268]	2.6+0.0s
[800/1120]	[L1: 0.0269]	2.6+0.0s
[840/1120]	[L1: 0.0268]	2.6+0.0s
[880/1120]	[L1: 0.0268]	2.7+0.0s
[920/1120]	[L1: 0.0269]	2.7+0.0s
[960/1120]	[L1: 0.0268]	2.8+0.0s
[1000/1120]	[L1: 0.0268]	2.8+0.0s
[1040/1120]	[L1: 0.0267]	2.6+0.0s
[1080/1120]	[L1: 0.0266]	2.7+0.0s
[1120/1120]	[L1: 0.0266]	2.6+0.0s

Evaluation:
[RSSCN7 x3]	psnr: 29.218 (Best: 29.227 @epoch 100)
Total time: 40.61s

[Epoch 102]	Learning rate: 2.00e-4
[40/1120]	[L1: 0.0260]	2.8+0.0s
[80/1120]	[L1: 0.0278]	2.6+0.0s
[120/1120]	[L1: 0.0274]	2.7+0.0s
[160/1120]	[L1: 0.0270]	2.6+0.0s
[200/1120]	[L1: 0.0271]	2.6+0.0s
[240/1120]	[L1: 0.0280]	2.6+0.0s
[280/1120]	[L1: 0.0277]	2.6+0.0s
[320/1120]	[L1: 0.0277]	2.7+0.0s
[360/1120]	[L1: 0.0277]	2.6+0.0s
[400/1120]	[L1: 0.0274]	2.6+0.0s
[440/1120]	[L1: 0.0276]	2.6+0.0s
[480/1120]	[L1: 0.0274]	2.6+0.0s
[520/1120]	[L1: 0.0273]	2.6+0.0s
[560/1120]	[L1: 0.0270]	2.7+0.0s
[600/1120]	[L1: 0.0270]	2.6+0.0s
[640/1120]	[L1: 0.0269]	2.6+0.0s
[680/1120]	[L1: 0.0268]	2.6+0.0s
[720/1120]	[L1: 0.0269]	2.6+0.0s
[760/1120]	[L1: 0.0270]	2.7+0.0s
[800/1120]	[L1: 0.0268]	2.8+0.0s
[840/1120]	[L1: 0.0267]	2.6+0.0s
[880/1120]	[L1: 0.0266]	2.6+0.0s
[920/1120]	[L1: 0.0267]	2.6+0.0s
[960/1120]	[L1: 0.0267]	2.6+0.0s
[1000/1120]	[L1: 0.0267]	2.6+0.0s
[1040/1120]	[L1: 0.0266]	2.7+0.0s
[1080/1120]	[L1: 0.0266]	2.6+0.0s
[1120/1120]	[L1: 0.0266]	2.6+0.0s

Evaluation:
[RSSCN7 x3]	psnr: 29.224 (Best: 29.227 @epoch 100)
Total time: 39.98s

[Epoch 103]	Learning rate: 2.00e-4
[40/1120]	[L1: 0.0224]	2.7+0.0s
[80/1120]	[L1: 0.0259]	2.6+0.0s
[120/1120]	[L1: 0.0266]	2.6+0.0s
[160/1120]	[L1: 0.0270]	2.6+0.0s
[200/1120]	[L1: 0.0272]	2.6+0.0s
[240/1120]	[L1: 0.0275]	2.6+0.0s
[280/1120]	[L1: 0.0271]	2.7+0.0s
[320/1120]	[L1: 0.0268]	2.6+0.0s
[360/1120]	[L1: 0.0270]	2.7+0.0s
[400/1120]	[L1: 0.0267]	2.6+0.0s
[440/1120]	[L1: 0.0266]	2.6+0.0s
[480/1120]	[L1: 0.0265]	2.7+0.0s
[520/1120]	[L1: 0.0262]	2.6+0.0s
[560/1120]	[L1: 0.0262]	2.6+0.0s
[600/1120]	[L1: 0.0264]	2.6+0.0s
[640/1120]	[L1: 0.0267]	2.6+0.0s
[680/1120]	[L1: 0.0267]	2.6+0.0s
[720/1120]	[L1: 0.0266]	2.7+0.0s
[760/1120]	[L1: 0.0267]	2.6+0.0s
[800/1120]	[L1: 0.0266]	2.6+0.0s
[840/1120]	[L1: 0.0265]	2.6+0.0s
[880/1120]	[L1: 0.0263]	2.6+0.0s
[920/1120]	[L1: 0.0264]	2.7+0.0s
[960/1120]	[L1: 0.0263]	2.6+0.0s
[1000/1120]	[L1: 0.0265]	2.6+0.0s
[1040/1120]	[L1: 0.0265]	2.6+0.0s
[1080/1120]	[L1: 0.0265]	2.6+0.0s
[1120/1120]	[L1: 0.0265]	2.6+0.0s

Evaluation:
[RSSCN7 x3]	psnr: 29.219 (Best: 29.227 @epoch 100)
Total time: 40.42s

[Epoch 104]	Learning rate: 2.00e-4
[40/1120]	[L1: 0.0262]	2.6+0.0s
[80/1120]	[L1: 0.0266]	2.7+0.0s
[120/1120]	[L1: 0.0268]	2.8+0.0s
[160/1120]	[L1: 0.0270]	2.6+0.0s
[200/1120]	[L1: 0.0266]	2.6+0.0s
[240/1120]	[L1: 0.0266]	2.7+0.0s
[280/1120]	[L1: 0.0267]	2.6+0.0s
[320/1120]	[L1: 0.0268]	2.6+0.0s
[360/1120]	[L1: 0.0268]	2.6+0.0s
[400/1120]	[L1: 0.0268]	2.6+0.0s
[440/1120]	[L1: 0.0266]	2.7+0.0s
[480/1120]	[L1: 0.0266]	2.6+0.0s
[520/1120]	[L1: 0.0264]	2.6+0.0s
[560/1120]	[L1: 0.0262]	2.6+0.0s
[600/1120]	[L1: 0.0264]	2.6+0.0s
[640/1120]	[L1: 0.0264]	2.6+0.0s
[680/1120]	[L1: 0.0263]	2.7+0.0s
[720/1120]	[L1: 0.0264]	2.6+0.0s
[760/1120]	[L1: 0.0265]	2.6+0.0s
[800/1120]	[L1: 0.0265]	2.6+0.0s
[840/1120]	[L1: 0.0265]	2.6+0.0s
[880/1120]	[L1: 0.0267]	2.7+0.0s
[920/1120]	[L1: 0.0266]	2.6+0.0s
[960/1120]	[L1: 0.0266]	2.6+0.0s
[1000/1120]	[L1: 0.0264]	2.6+0.0s
[1040/1120]	[L1: 0.0263]	2.6+0.0s
[1080/1120]	[L1: 0.0266]	2.6+0.0s
[1120/1120]	[L1: 0.0266]	2.6+0.0s

Evaluation:
[RSSCN7 x3]	psnr: 29.146 (Best: 29.227 @epoch 100)
Total time: 39.93s

[Epoch 105]	Learning rate: 2.00e-4
[40/1120]	[L1: 0.0267]	2.6+0.0s
[80/1120]	[L1: 0.0273]	2.6+0.0s
[120/1120]	[L1: 0.0263]	2.6+0.0s
[160/1120]	[L1: 0.0264]	2.7+0.0s
[200/1120]	[L1: 0.0259]	2.6+0.0s
[240/1120]	[L1: 0.0267]	2.6+0.0s
[280/1120]	[L1: 0.0263]	2.6+0.0s
[320/1120]	[L1: 0.0262]	2.6+0.0s
[360/1120]	[L1: 0.0266]	2.6+0.0s
[400/1120]	[L1: 0.0266]	2.7+0.0s
[440/1120]	[L1: 0.0263]	2.6+0.0s
[480/1120]	[L1: 0.0262]	2.6+0.0s
[520/1120]	[L1: 0.0260]	2.6+0.0s
[560/1120]	[L1: 0.0263]	2.6+0.0s
[600/1120]	[L1: 0.0264]	2.7+0.0s
[640/1120]	[L1: 0.0264]	2.6+0.0s
[680/1120]	[L1: 0.0263]	2.6+0.0s
[720/1120]	[L1: 0.0264]	2.6+0.0s
[760/1120]	[L1: 0.0264]	2.6+0.0s
[800/1120]	[L1: 0.0265]	2.6+0.0s
[840/1120]	[L1: 0.0265]	2.6+0.0s
[880/1120]	[L1: 0.0265]	2.7+0.0s
[920/1120]	[L1: 0.0265]	2.6+0.0s
[960/1120]	[L1: 0.0265]	2.6+0.0s
[1000/1120]	[L1: 0.0266]	2.6+0.0s
[1040/1120]	[L1: 0.0265]	2.7+0.0s
[1080/1120]	[L1: 0.0266]	2.6+0.0s
[1120/1120]	[L1: 0.0265]	2.6+0.0s

Evaluation:
[RSSCN7 x3]	psnr: 29.216 (Best: 29.227 @epoch 100)
Total time: 40.58s

[Epoch 106]	Learning rate: 2.00e-4
[40/1120]	[L1: 0.0256]	2.6+0.0s
[80/1120]	[L1: 0.0263]	2.6+0.0s
[120/1120]	[L1: 0.0263]	2.7+0.0s
[160/1120]	[L1: 0.0253]	2.6+0.0s
[200/1120]	[L1: 0.0259]	2.6+0.0s
[240/1120]	[L1: 0.0261]	2.6+0.0s
[280/1120]	[L1: 0.0265]	2.7+0.0s
[320/1120]	[L1: 0.0265]	2.6+0.0s
[360/1120]	[L1: 0.0263]	2.6+0.0s
[400/1120]	[L1: 0.0265]	2.6+0.0s
[440/1120]	[L1: 0.0264]	2.6+0.0s
[480/1120]	[L1: 0.0264]	2.6+0.0s
[520/1120]	[L1: 0.0266]	2.6+0.0s
[560/1120]	[L1: 0.0267]	2.7+0.0s
[600/1120]	[L1: 0.0266]	2.6+0.0s
[640/1120]	[L1: 0.0268]	2.6+0.0s
[680/1120]	[L1: 0.0268]	2.6+0.0s
[720/1120]	[L1: 0.0269]	2.6+0.0s
[760/1120]	[L1: 0.0268]	2.7+0.0s
[800/1120]	[L1: 0.0267]	2.6+0.0s
[840/1120]	[L1: 0.0268]	2.6+0.0s
[880/1120]	[L1: 0.0267]	2.6+0.0s
[920/1120]	[L1: 0.0265]	2.6+0.0s
[960/1120]	[L1: 0.0265]	2.6+0.0s
[1000/1120]	[L1: 0.0266]	2.7+0.0s
[1040/1120]	[L1: 0.0265]	2.6+0.0s
[1080/1120]	[L1: 0.0264]	2.6+0.0s
[1120/1120]	[L1: 0.0263]	2.6+0.0s

Evaluation:
[RSSCN7 x3]	psnr: 29.233 (Best: 29.233 @epoch 106)
Total time: 40.20s

[Epoch 107]	Learning rate: 2.00e-4
[40/1120]	[L1: 0.0279]	2.6+0.0s
[80/1120]	[L1: 0.0247]	2.8+0.0s
[120/1120]	[L1: 0.0269]	2.8+0.0s
[160/1120]	[L1: 0.0255]	2.8+0.0s
[200/1120]	[L1: 0.0265]	2.6+0.0s
[240/1120]	[L1: 0.0261]	2.6+0.0s
[280/1120]	[L1: 0.0262]	2.7+0.0s
[320/1120]	[L1: 0.0262]	2.6+0.0s
[360/1120]	[L1: 0.0262]	2.6+0.0s
[400/1120]	[L1: 0.0258]	2.6+0.0s
[440/1120]	[L1: 0.0262]	2.7+0.0s
[480/1120]	[L1: 0.0259]	2.6+0.0s
[520/1120]	[L1: 0.0261]	2.6+0.0s
[560/1120]	[L1: 0.0261]	2.6+0.0s
[600/1120]	[L1: 0.0263]	2.7+0.0s
[640/1120]	[L1: 0.0264]	2.8+0.0s
[680/1120]	[L1: 0.0266]	2.6+0.0s
[720/1120]	[L1: 0.0266]	2.7+0.0s
[760/1120]	[L1: 0.0267]	2.6+0.0s
[800/1120]	[L1: 0.0267]	2.6+0.0s
[840/1120]	[L1: 0.0268]	2.6+0.0s
[880/1120]	[L1: 0.0267]	2.6+0.0s
[920/1120]	[L1: 0.0266]	2.7+0.0s
[960/1120]	[L1: 0.0265]	2.6+0.0s
[1000/1120]	[L1: 0.0265]	2.6+0.0s
[1040/1120]	[L1: 0.0264]	2.6+0.0s
[1080/1120]	[L1: 0.0266]	2.6+0.0s
[1120/1120]	[L1: 0.0266]	2.6+0.0s

Evaluation:
[RSSCN7 x3]	psnr: 29.217 (Best: 29.233 @epoch 106)
Total time: 41.91s

[Epoch 108]	Learning rate: 2.00e-4
[40/1120]	[L1: 0.0269]	2.9+0.0s
[80/1120]	[L1: 0.0273]	2.8+0.0s
[120/1120]	[L1: 0.0280]	2.8+0.0s
[160/1120]	[L1: 0.0284]	2.7+0.0s
[200/1120]	[L1: 0.0277]	2.6+0.0s
[240/1120]	[L1: 0.0276]	2.6+0.0s
[280/1120]	[L1: 0.0272]	2.6+0.0s
[320/1120]	[L1: 0.0272]	2.6+0.0s
[360/1120]	[L1: 0.0268]	2.6+0.0s
[400/1120]	[L1: 0.0267]	2.7+0.0s
[440/1120]	[L1: 0.0267]	2.6+0.0s
[480/1120]	[L1: 0.0269]	2.6+0.0s
[520/1120]	[L1: 0.0267]	2.7+0.0s
[560/1120]	[L1: 0.0269]	2.8+0.0s
[600/1120]	[L1: 0.0268]	3.0+0.0s
[640/1120]	[L1: 0.0271]	2.8+0.0s
[680/1120]	[L1: 0.0272]	2.8+0.0s
[720/1120]	[L1: 0.0274]	2.6+0.0s
[760/1120]	[L1: 0.0273]	2.6+0.0s
[800/1120]	[L1: 0.0274]	2.6+0.0s
[840/1120]	[L1: 0.0273]	2.6+0.0s
[880/1120]	[L1: 0.0271]	2.7+0.0s
[920/1120]	[L1: 0.0270]	2.6+0.0s
[960/1120]	[L1: 0.0268]	2.6+0.0s
[1000/1120]	[L1: 0.0267]	2.6+0.0s
[1040/1120]	[L1: 0.0267]	2.7+0.0s
[1080/1120]	[L1: 0.0267]	2.6+0.0s
[1120/1120]	[L1: 0.0266]	2.6+0.0s

Evaluation:
[RSSCN7 x3]	psnr: 29.182 (Best: 29.233 @epoch 106)
Total time: 40.88s

[Epoch 109]	Learning rate: 2.00e-4
[40/1120]	[L1: 0.0278]	2.6+0.0s
[80/1120]	[L1: 0.0254]	2.6+0.0s
[120/1120]	[L1: 0.0257]	2.7+0.0s
[160/1120]	[L1: 0.0259]	2.7+0.0s
[200/1120]	[L1: 0.0258]	2.8+0.0s
[240/1120]	[L1: 0.0257]	2.8+0.0s
[280/1120]	[L1: 0.0256]	2.8+0.0s
[320/1120]	[L1: 0.0256]	2.6+0.0s
[360/1120]	[L1: 0.0256]	2.8+0.0s
[400/1120]	[L1: 0.0256]	2.8+0.0s
[440/1120]	[L1: 0.0255]	2.8+0.0s
[480/1120]	[L1: 0.0255]	2.8+0.0s
[520/1120]	[L1: 0.0253]	2.6+0.0s
[560/1120]	[L1: 0.0252]	2.7+0.0s
[600/1120]	[L1: 0.0253]	2.6+0.0s
[640/1120]	[L1: 0.0253]	2.6+0.0s
[680/1120]	[L1: 0.0255]	2.6+0.0s
[720/1120]	[L1: 0.0256]	2.6+0.0s
[760/1120]	[L1: 0.0260]	2.7+0.0s
[800/1120]	[L1: 0.0263]	2.6+0.0s
[840/1120]	[L1: 0.0263]	2.6+0.0s
[880/1120]	[L1: 0.0265]	2.7+0.0s
[920/1120]	[L1: 0.0264]	2.6+0.0s
[960/1120]	[L1: 0.0265]	2.6+0.0s
[1000/1120]	[L1: 0.0264]	2.7+0.0s
[1040/1120]	[L1: 0.0265]	2.6+0.0s
[1080/1120]	[L1: 0.0265]	2.6+0.0s
[1120/1120]	[L1: 0.0264]	2.6+0.0s

Evaluation:
[RSSCN7 x3]	psnr: 29.126 (Best: 29.233 @epoch 106)
Total time: 40.80s

[Epoch 110]	Learning rate: 2.00e-4
[40/1120]	[L1: 0.0253]	2.8+0.0s
[80/1120]	[L1: 0.0255]	2.8+0.0s
[120/1120]	[L1: 0.0257]	2.8+0.0s
[160/1120]	[L1: 0.0255]	2.6+0.0s
[200/1120]	[L1: 0.0254]	2.7+0.0s
[240/1120]	[L1: 0.0264]	2.6+0.0s
[280/1120]	[L1: 0.0266]	2.6+0.0s
[320/1120]	[L1: 0.0259]	2.6+0.0s
[360/1120]	[L1: 0.0258]	2.6+0.0s
[400/1120]	[L1: 0.0260]	2.7+0.0s
[440/1120]	[L1: 0.0260]	2.7+0.0s
[480/1120]	[L1: 0.0264]	2.7+0.0s
[520/1120]	[L1: 0.0262]	2.6+0.0s
[560/1120]	[L1: 0.0261]	2.6+0.0s
[600/1120]	[L1: 0.0258]	2.6+0.0s
[640/1120]	[L1: 0.0261]	2.7+0.0s
[680/1120]	[L1: 0.0262]	2.6+0.0s
[720/1120]	[L1: 0.0263]	2.6+0.0s
[760/1120]	[L1: 0.0267]	2.6+0.0s
[800/1120]	[L1: 0.0268]	2.6+0.0s
[840/1120]	[L1: 0.0267]	2.6+0.0s
[880/1120]	[L1: 0.0268]	2.6+0.0s
[920/1120]	[L1: 0.0269]	2.7+0.0s
[960/1120]	[L1: 0.0269]	2.6+0.0s
[1000/1120]	[L1: 0.0268]	2.6+0.0s
[1040/1120]	[L1: 0.0267]	2.6+0.0s
[1080/1120]	[L1: 0.0267]	2.6+0.0s
[1120/1120]	[L1: 0.0267]	2.7+0.0s

Evaluation:
[RSSCN7 x3]	psnr: 29.204 (Best: 29.233 @epoch 106)
Total time: 41.67s

[Epoch 111]	Learning rate: 2.00e-4
[40/1120]	[L1: 0.0279]	2.8+0.0s
[80/1120]	[L1: 0.0281]	2.8+0.0s
[120/1120]	[L1: 0.0274]	2.9+0.0s
[160/1120]	[L1: 0.0269]	2.7+0.0s
[200/1120]	[L1: 0.0262]	2.6+0.0s
[240/1120]	[L1: 0.0261]	2.6+0.0s
[280/1120]	[L1: 0.0263]	2.6+0.0s
[320/1120]	[L1: 0.0259]	2.6+0.0s
[360/1120]	[L1: 0.0258]	2.7+0.0s
[400/1120]	[L1: 0.0260]	2.6+0.0s
[440/1120]	[L1: 0.0260]	2.6+0.0s
[480/1120]	[L1: 0.0261]	2.6+0.0s
[520/1120]	[L1: 0.0262]	2.6+0.0s
[560/1120]	[L1: 0.0263]	2.7+0.0s
[600/1120]	[L1: 0.0260]	2.6+0.0s
[640/1120]	[L1: 0.0263]	2.6+0.0s
[680/1120]	[L1: 0.0264]	2.6+0.0s
[720/1120]	[L1: 0.0265]	2.6+0.0s
[760/1120]	[L1: 0.0263]	2.6+0.0s
[800/1120]	[L1: 0.0263]	2.6+0.0s
[840/1120]	[L1: 0.0265]	2.7+0.0s
[880/1120]	[L1: 0.0265]	2.6+0.0s
[920/1120]	[L1: 0.0265]	2.6+0.0s
[960/1120]	[L1: 0.0265]	2.6+0.0s
[1000/1120]	[L1: 0.0264]	2.7+0.0s
[1040/1120]	[L1: 0.0265]	2.8+0.0s
[1080/1120]	[L1: 0.0265]	2.7+0.0s
[1120/1120]	[L1: 0.0265]	2.6+0.0s

Evaluation:
[RSSCN7 x3]	psnr: 29.245 (Best: 29.245 @epoch 111)
Total time: 41.59s

[Epoch 112]	Learning rate: 2.00e-4
[40/1120]	[L1: 0.0245]	3.0+0.0s
[80/1120]	[L1: 0.0232]	2.8+0.0s
[120/1120]	[L1: 0.0240]	2.7+0.0s
[160/1120]	[L1: 0.0245]	2.6+0.0s
[200/1120]	[L1: 0.0243]	2.6+0.0s
[240/1120]	[L1: 0.0248]	2.7+0.0s
[280/1120]	[L1: 0.0253]	2.6+0.0s
[320/1120]	[L1: 0.0254]	2.6+0.0s
[360/1120]	[L1: 0.0258]	2.6+0.0s
[400/1120]	[L1: 0.0257]	2.6+0.0s
[440/1120]	[L1: 0.0258]	2.6+0.0s
[480/1120]	[L1: 0.0260]	2.7+0.0s
[520/1120]	[L1: 0.0257]	2.6+0.0s
[560/1120]	[L1: 0.0259]	2.6+0.0s
[600/1120]	[L1: 0.0261]	2.6+0.0s
[640/1120]	[L1: 0.0260]	2.6+0.0s
[680/1120]	[L1: 0.0261]	2.7+0.0s
[720/1120]	[L1: 0.0262]	2.6+0.0s
[760/1120]	[L1: 0.0263]	2.6+0.0s
[800/1120]	[L1: 0.0262]	2.6+0.0s
[840/1120]	[L1: 0.0263]	2.6+0.0s
[880/1120]	[L1: 0.0263]	2.6+0.0s
[920/1120]	[L1: 0.0262]	2.7+0.0s
[960/1120]	[L1: 0.0263]	2.6+0.0s
[1000/1120]	[L1: 0.0263]	2.6+0.0s
[1040/1120]	[L1: 0.0262]	2.6+0.0s
[1080/1120]	[L1: 0.0263]	2.6+0.0s
[1120/1120]	[L1: 0.0262]	2.7+0.0s

Evaluation:
[RSSCN7 x3]	psnr: 29.234 (Best: 29.245 @epoch 111)
Total time: 41.25s

[Epoch 113]	Learning rate: 2.00e-4
[40/1120]	[L1: 0.0262]	2.9+0.0s
[80/1120]	[L1: 0.0277]	2.9+0.0s
[120/1120]	[L1: 0.0276]	2.9+0.0s
[160/1120]	[L1: 0.0271]	2.6+0.0s
[200/1120]	[L1: 0.0269]	2.6+0.0s
[240/1120]	[L1: 0.0269]	2.6+0.0s
[280/1120]	[L1: 0.0267]	2.6+0.0s
[320/1120]	[L1: 0.0264]	2.6+0.0s
[360/1120]	[L1: 0.0267]	2.6+0.0s
[400/1120]	[L1: 0.0264]	2.7+0.0s
[440/1120]	[L1: 0.0266]	2.6+0.0s
[480/1120]	[L1: 0.0266]	2.6+0.0s
[520/1120]	[L1: 0.0264]	2.6+0.0s
[560/1120]	[L1: 0.0263]	2.6+0.0s
[600/1120]	[L1: 0.0263]	2.7+0.0s
[640/1120]	[L1: 0.0262]	2.6+0.0s
[680/1120]	[L1: 0.0264]	2.6+0.0s
[720/1120]	[L1: 0.0263]	2.6+0.0s
[760/1120]	[L1: 0.0265]	2.6+0.0s
[800/1120]	[L1: 0.0263]	2.6+0.0s
[840/1120]	[L1: 0.0263]	2.7+0.0s
[880/1120]	[L1: 0.0263]	2.7+0.0s
[920/1120]	[L1: 0.0261]	2.9+0.0s
[960/1120]	[L1: 0.0264]	2.6+0.0s
[1000/1120]	[L1: 0.0263]	2.6+0.0s
[1040/1120]	[L1: 0.0262]	2.7+0.0s
[1080/1120]	[L1: 0.0262]	2.6+0.0s
[1120/1120]	[L1: 0.0262]	2.6+0.0s

Evaluation:
[RSSCN7 x3]	psnr: 29.247 (Best: 29.247 @epoch 113)
Total time: 41.57s

[Epoch 114]	Learning rate: 2.00e-4
[40/1120]	[L1: 0.0271]	2.8+0.1s
[80/1120]	[L1: 0.0274]	2.9+0.0s
[120/1120]	[L1: 0.0262]	2.7+0.0s
[160/1120]	[L1: 0.0267]	2.6+0.0s
[200/1120]	[L1: 0.0268]	2.6+0.0s
[240/1120]	[L1: 0.0265]	2.7+0.0s
[280/1120]	[L1: 0.0258]	2.6+0.0s
[320/1120]	[L1: 0.0264]	2.6+0.0s
[360/1120]	[L1: 0.0261]	2.6+0.0s
[400/1120]	[L1: 0.0264]	2.6+0.0s
[440/1120]	[L1: 0.0267]	2.6+0.0s
[480/1120]	[L1: 0.0264]	2.6+0.0s
[520/1120]	[L1: 0.0263]	2.7+0.0s
[560/1120]	[L1: 0.0261]	2.6+0.0s
[600/1120]	[L1: 0.0260]	2.6+0.0s
[640/1120]	[L1: 0.0261]	2.6+0.0s
[680/1120]	[L1: 0.0258]	2.7+0.0s
[720/1120]	[L1: 0.0257]	2.7+0.0s
[760/1120]	[L1: 0.0259]	2.8+0.0s
[800/1120]	[L1: 0.0262]	2.8+0.0s
[840/1120]	[L1: 0.0263]	2.8+0.0s
[880/1120]	[L1: 0.0264]	2.7+0.0s
[920/1120]	[L1: 0.0263]	2.6+0.0s
[960/1120]	[L1: 0.0263]	2.7+0.0s
[1000/1120]	[L1: 0.0263]	2.6+0.0s
[1040/1120]	[L1: 0.0262]	2.6+0.0s
[1080/1120]	[L1: 0.0263]	2.6+0.0s
[1120/1120]	[L1: 0.0264]	2.6+0.0s

Evaluation:
[RSSCN7 x3]	psnr: 29.227 (Best: 29.247 @epoch 113)
Total time: 39.87s

[Epoch 115]	Learning rate: 2.00e-4
[40/1120]	[L1: 0.0275]	2.8+0.0s
[80/1120]	[L1: 0.0273]	2.8+0.0s
[120/1120]	[L1: 0.0262]	2.8+0.0s
[160/1120]	[L1: 0.0268]	2.6+0.0s
[200/1120]	[L1: 0.0275]	2.7+0.0s
[240/1120]	[L1: 0.0275]	2.6+0.0s
[280/1120]	[L1: 0.0273]	2.6+0.0s
[320/1120]	[L1: 0.0273]	2.6+0.0s
[360/1120]	[L1: 0.0265]	2.6+0.0s
[400/1120]	[L1: 0.0270]	2.7+0.0s
[440/1120]	[L1: 0.0268]	2.6+0.0s
[480/1120]	[L1: 0.0269]	2.6+0.0s
[520/1120]	[L1: 0.0267]	2.6+0.0s
[560/1120]	[L1: 0.0266]	2.6+0.0s
[600/1120]	[L1: 0.0265]	2.6+0.0s
[640/1120]	[L1: 0.0265]	2.7+0.0s
[680/1120]	[L1: 0.0263]	2.6+0.0s
[720/1120]	[L1: 0.0262]	2.6+0.0s
[760/1120]	[L1: 0.0260]	2.6+0.0s
[800/1120]	[L1: 0.0261]	2.6+0.0s
[840/1120]	[L1: 0.0262]	2.7+0.0s
[880/1120]	[L1: 0.0261]	2.6+0.0s
[920/1120]	[L1: 0.0262]	2.6+0.0s
[960/1120]	[L1: 0.0261]	2.6+0.0s
[1000/1120]	[L1: 0.0263]	2.6+0.0s
[1040/1120]	[L1: 0.0262]	2.6+0.0s
[1080/1120]	[L1: 0.0263]	2.6+0.0s
[1120/1120]	[L1: 0.0264]	2.7+0.0s

Evaluation:
[RSSCN7 x3]	psnr: 29.068 (Best: 29.247 @epoch 113)
Total time: 41.90s

[Epoch 116]	Learning rate: 2.00e-4
[40/1120]	[L1: 0.0273]	2.8+0.0s
[80/1120]	[L1: 0.0274]	2.8+0.0s
[120/1120]	[L1: 0.0268]	3.0+0.0s
[160/1120]	[L1: 0.0261]	2.6+0.0s
[200/1120]	[L1: 0.0269]	2.8+0.0s
[240/1120]	[L1: 0.0273]	2.9+0.0s
[280/1120]	[L1: 0.0275]	2.9+0.0s
[320/1120]	[L1: 0.0272]	2.6+0.0s
[360/1120]	[L1: 0.0274]	2.7+0.0s
[400/1120]	[L1: 0.0270]	2.6+0.0s
[440/1120]	[L1: 0.0265]	2.6+0.0s
[480/1120]	[L1: 0.0263]	2.6+0.0s
[520/1120]	[L1: 0.0261]	2.6+0.0s
[560/1120]	[L1: 0.0264]	2.7+0.0s
[600/1120]	[L1: 0.0266]	2.6+0.0s
[640/1120]	[L1: 0.0266]	2.6+0.0s
[680/1120]	[L1: 0.0268]	2.6+0.0s
[720/1120]	[L1: 0.0268]	2.6+0.0s
[760/1120]	[L1: 0.0267]	2.6+0.0s
[800/1120]	[L1: 0.0267]	2.7+0.0s
[840/1120]	[L1: 0.0266]	2.6+0.0s
[880/1120]	[L1: 0.0266]	2.6+0.0s
[920/1120]	[L1: 0.0263]	2.6+0.0s
[960/1120]	[L1: 0.0264]	2.6+0.0s
[1000/1120]	[L1: 0.0266]	2.7+0.0s
[1040/1120]	[L1: 0.0264]	2.6+0.0s
[1080/1120]	[L1: 0.0267]	2.8+0.0s
[1120/1120]	[L1: 0.0265]	2.8+0.0s

Evaluation:
[RSSCN7 x3]	psnr: 29.227 (Best: 29.247 @epoch 113)
Total time: 41.67s

[Epoch 117]	Learning rate: 2.00e-4
[40/1120]	[L1: 0.0266]	2.8+0.0s
[80/1120]	[L1: 0.0270]	2.6+0.0s
[120/1120]	[L1: 0.0278]	2.6+0.0s
[160/1120]	[L1: 0.0272]	2.6+0.0s
[200/1120]	[L1: 0.0265]	2.6+0.0s
[240/1120]	[L1: 0.0260]	2.7+0.0s
[280/1120]	[L1: 0.0262]	2.6+0.0s
[320/1120]	[L1: 0.0259]	2.9+0.0s
[360/1120]	[L1: 0.0261]	2.8+0.0s
[400/1120]	[L1: 0.0266]	2.6+0.0s
[440/1120]	[L1: 0.0265]	2.6+0.0s
[480/1120]	[L1: 0.0266]	2.7+0.0s
[520/1120]	[L1: 0.0268]	2.6+0.0s
[560/1120]	[L1: 0.0267]	2.6+0.0s
[600/1120]	[L1: 0.0268]	2.6+0.0s
[640/1120]	[L1: 0.0267]	2.6+0.0s
[680/1120]	[L1: 0.0267]	2.7+0.0s
[720/1120]	[L1: 0.0267]	2.6+0.0s
[760/1120]	[L1: 0.0267]	2.6+0.0s
[800/1120]	[L1: 0.0268]	2.8+0.0s
[840/1120]	[L1: 0.0267]	2.8+0.0s
[880/1120]	[L1: 0.0265]	2.7+0.0s
[920/1120]	[L1: 0.0264]	2.7+0.0s
[960/1120]	[L1: 0.0263]	2.6+0.0s
[1000/1120]	[L1: 0.0264]	2.6+0.0s
[1040/1120]	[L1: 0.0263]	2.6+0.0s
[1080/1120]	[L1: 0.0265]	2.6+0.0s
[1120/1120]	[L1: 0.0264]	2.7+0.0s

Evaluation:
[RSSCN7 x3]	psnr: 29.241 (Best: 29.247 @epoch 113)
Total time: 40.53s

[Epoch 118]	Learning rate: 2.00e-4
[40/1120]	[L1: 0.0310]	2.6+0.0s
[80/1120]	[L1: 0.0290]	2.6+0.0s
[120/1120]	[L1: 0.0269]	2.6+0.0s
[160/1120]	[L1: 0.0266]	2.7+0.0s
[200/1120]	[L1: 0.0267]	2.6+0.0s
[240/1120]	[L1: 0.0268]	2.6+0.0s
[280/1120]	[L1: 0.0267]	2.6+0.0s
[320/1120]	[L1: 0.0262]	2.6+0.0s
[360/1120]	[L1: 0.0261]	2.7+0.0s
[400/1120]	[L1: 0.0260]	2.6+0.0s
[440/1120]	[L1: 0.0258]	2.6+0.0s
[480/1120]	[L1: 0.0261]	2.6+0.0s
[520/1120]	[L1: 0.0261]	2.6+0.0s
[560/1120]	[L1: 0.0263]	2.6+0.0s
[600/1120]	[L1: 0.0262]	2.8+0.0s
[640/1120]	[L1: 0.0264]	2.7+0.0s
[680/1120]	[L1: 0.0263]	2.6+0.0s
[720/1120]	[L1: 0.0264]	2.6+0.0s
[760/1120]	[L1: 0.0266]	2.6+0.0s
[800/1120]	[L1: 0.0264]	2.7+0.0s
[840/1120]	[L1: 0.0264]	2.6+0.0s
[880/1120]	[L1: 0.0263]	2.6+0.0s
[920/1120]	[L1: 0.0263]	2.6+0.0s
[960/1120]	[L1: 0.0263]	2.6+0.0s
[1000/1120]	[L1: 0.0264]	2.6+0.0s
[1040/1120]	[L1: 0.0265]	2.7+0.0s
[1080/1120]	[L1: 0.0265]	2.6+0.0s
[1120/1120]	[L1: 0.0264]	2.8+0.0s

Evaluation:
[RSSCN7 x3]	psnr: 29.204 (Best: 29.247 @epoch 113)
Total time: 40.52s

[Epoch 119]	Learning rate: 2.00e-4
[40/1120]	[L1: 0.0280]	2.7+0.0s
[80/1120]	[L1: 0.0241]	2.6+0.0s
[120/1120]	[L1: 0.0252]	2.6+0.0s
[160/1120]	[L1: 0.0249]	2.6+0.0s
[200/1120]	[L1: 0.0249]	2.6+0.0s
[240/1120]	[L1: 0.0250]	2.6+0.0s
[280/1120]	[L1: 0.0257]	2.6+0.0s
[320/1120]	[L1: 0.0259]	2.7+0.0s
[360/1120]	[L1: 0.0258]	2.6+0.0s
[400/1120]	[L1: 0.0257]	2.6+0.0s
[440/1120]	[L1: 0.0258]	2.6+0.0s
[480/1120]	[L1: 0.0257]	2.6+0.0s
[520/1120]	[L1: 0.0255]	2.7+0.0s
[560/1120]	[L1: 0.0256]	2.6+0.0s
[600/1120]	[L1: 0.0258]	2.6+0.0s
[640/1120]	[L1: 0.0258]	2.6+0.0s
[680/1120]	[L1: 0.0258]	2.6+0.0s
[720/1120]	[L1: 0.0259]	2.6+0.0s
[760/1120]	[L1: 0.0259]	2.7+0.0s
[800/1120]	[L1: 0.0262]	2.6+0.0s
[840/1120]	[L1: 0.0263]	2.6+0.0s
[880/1120]	[L1: 0.0263]	2.6+0.0s
[920/1120]	[L1: 0.0262]	2.6+0.0s
[960/1120]	[L1: 0.0261]	2.7+0.0s
[1000/1120]	[L1: 0.0260]	2.6+0.0s
[1040/1120]	[L1: 0.0262]	2.6+0.0s
[1080/1120]	[L1: 0.0263]	2.6+0.0s
[1120/1120]	[L1: 0.0263]	2.8+0.0s

Evaluation:
[RSSCN7 x3]	psnr: 29.154 (Best: 29.247 @epoch 113)
Total time: 40.13s

[Epoch 120]	Learning rate: 2.00e-4
[40/1120]	[L1: 0.0243]	2.6+0.0s
[80/1120]	[L1: 0.0263]	2.6+0.0s
[120/1120]	[L1: 0.0259]	2.6+0.0s
[160/1120]	[L1: 0.0249]	2.8+0.0s
[200/1120]	[L1: 0.0258]	2.8+0.0s
[240/1120]	[L1: 0.0261]	2.7+0.0s
[280/1120]	[L1: 0.0261]	2.7+0.0s
[320/1120]	[L1: 0.0260]	2.6+0.0s
[360/1120]	[L1: 0.0262]	2.6+0.0s
[400/1120]	[L1: 0.0261]	2.6+0.0s
[440/1120]	[L1: 0.0263]	2.6+0.0s
[480/1120]	[L1: 0.0264]	2.7+0.0s
[520/1120]	[L1: 0.0264]	2.6+0.0s
[560/1120]	[L1: 0.0262]	2.6+0.0s
[600/1120]	[L1: 0.0262]	2.6+0.0s
[640/1120]	[L1: 0.0262]	2.7+0.0s
[680/1120]	[L1: 0.0260]	2.6+0.0s
[720/1120]	[L1: 0.0261]	2.6+0.0s
[760/1120]	[L1: 0.0262]	2.6+0.0s
[800/1120]	[L1: 0.0261]	2.6+0.0s
[840/1120]	[L1: 0.0261]	2.6+0.0s
[880/1120]	[L1: 0.0262]	2.6+0.0s
[920/1120]	[L1: 0.0263]	2.7+0.0s
[960/1120]	[L1: 0.0262]	2.6+0.0s
[1000/1120]	[L1: 0.0263]	2.6+0.0s
[1040/1120]	[L1: 0.0263]	2.6+0.0s
[1080/1120]	[L1: 0.0262]	2.6+0.0s
[1120/1120]	[L1: 0.0263]	2.7+0.0s

Evaluation:
[RSSCN7 x3]	psnr: 29.231 (Best: 29.247 @epoch 113)
Total time: 40.20s

[Epoch 121]	Learning rate: 2.00e-4
[40/1120]	[L1: 0.0252]	2.6+0.0s
[80/1120]	[L1: 0.0255]	2.6+0.0s
[120/1120]	[L1: 0.0260]	2.6+0.0s
[160/1120]	[L1: 0.0259]	2.7+0.0s
[200/1120]	[L1: 0.0254]	2.6+0.0s
[240/1120]	[L1: 0.0253]	2.6+0.0s
[280/1120]	[L1: 0.0251]	2.6+0.0s
[320/1120]	[L1: 0.0251]	2.7+0.0s
[360/1120]	[L1: 0.0252]	2.6+0.0s
[400/1120]	[L1: 0.0253]	2.6+0.0s
[440/1120]	[L1: 0.0257]	2.6+0.0s
[480/1120]	[L1: 0.0258]	2.6+0.0s
[520/1120]	[L1: 0.0258]	2.6+0.0s
[560/1120]	[L1: 0.0258]	2.6+0.0s
[600/1120]	[L1: 0.0259]	2.9+0.0s
[640/1120]	[L1: 0.0257]	2.8+0.0s
[680/1120]	[L1: 0.0257]	2.7+0.0s
[720/1120]	[L1: 0.0259]	2.6+0.0s
[760/1120]	[L1: 0.0259]	2.6+0.0s
[800/1120]	[L1: 0.0259]	2.7+0.0s
[840/1120]	[L1: 0.0262]	2.6+0.0s
[880/1120]	[L1: 0.0261]	2.6+0.0s
[920/1120]	[L1: 0.0262]	2.6+0.0s
[960/1120]	[L1: 0.0262]	2.6+0.0s
[1000/1120]	[L1: 0.0262]	2.6+0.0s
[1040/1120]	[L1: 0.0261]	2.9+0.0s
[1080/1120]	[L1: 0.0262]	2.8+0.0s
[1120/1120]	[L1: 0.0263]	2.6+0.0s

Evaluation:
[RSSCN7 x3]	psnr: 29.276 (Best: 29.276 @epoch 121)
Total time: 40.06s

[Epoch 122]	Learning rate: 2.00e-4
[40/1120]	[L1: 0.0282]	2.7+0.0s
[80/1120]	[L1: 0.0260]	2.6+0.0s
[120/1120]	[L1: 0.0253]	2.6+0.0s
[160/1120]	[L1: 0.0258]	2.6+0.0s
[200/1120]	[L1: 0.0258]	2.6+0.0s
[240/1120]	[L1: 0.0260]	2.6+0.0s
[280/1120]	[L1: 0.0260]	2.7+0.0s
[320/1120]	[L1: 0.0258]	2.6+0.0s
[360/1120]	[L1: 0.0260]	2.6+0.0s
[400/1120]	[L1: 0.0259]	2.6+0.0s
[440/1120]	[L1: 0.0257]	2.6+0.0s
[480/1120]	[L1: 0.0261]	2.7+0.0s
[520/1120]	[L1: 0.0261]	2.6+0.0s
[560/1120]	[L1: 0.0261]	2.6+0.0s
[600/1120]	[L1: 0.0263]	2.6+0.0s
[640/1120]	[L1: 0.0264]	2.6+0.0s
[680/1120]	[L1: 0.0266]	2.6+0.0s
[720/1120]	[L1: 0.0265]	2.7+0.0s
[760/1120]	[L1: 0.0267]	2.6+0.0s
[800/1120]	[L1: 0.0266]	2.6+0.0s
[840/1120]	[L1: 0.0266]	2.6+0.0s
[880/1120]	[L1: 0.0265]	2.6+0.0s
[920/1120]	[L1: 0.0266]	2.7+0.0s
[960/1120]	[L1: 0.0265]	2.6+0.0s
[1000/1120]	[L1: 0.0264]	2.6+0.0s
[1040/1120]	[L1: 0.0264]	2.6+0.0s
[1080/1120]	[L1: 0.0262]	2.6+0.0s
[1120/1120]	[L1: 0.0264]	2.6+0.0s

Evaluation:
[RSSCN7 x3]	psnr: 29.285 (Best: 29.285 @epoch 122)
Total time: 40.32s

[Epoch 123]	Learning rate: 2.00e-4
[40/1120]	[L1: 0.0267]	2.6+0.0s
[80/1120]	[L1: 0.0257]	2.6+0.0s
[120/1120]	[L1: 0.0260]	2.6+0.0s
[160/1120]	[L1: 0.0262]	2.7+0.0s
[200/1120]	[L1: 0.0260]	2.6+0.0s
[240/1120]	[L1: 0.0263]	2.6+0.0s
[280/1120]	[L1: 0.0263]	2.6+0.0s
[320/1120]	[L1: 0.0266]	2.6+0.0s
[360/1120]	[L1: 0.0265]	2.6+0.0s
[400/1120]	[L1: 0.0263]	2.7+0.0s
[440/1120]	[L1: 0.0262]	2.6+0.0s
[480/1120]	[L1: 0.0265]	2.6+0.0s
[520/1120]	[L1: 0.0263]	2.6+0.0s
[560/1120]	[L1: 0.0264]	2.8+0.0s
[600/1120]	[L1: 0.0263]	2.7+0.0s
[640/1120]	[L1: 0.0264]	2.6+0.0s
[680/1120]	[L1: 0.0262]	2.6+0.0s
[720/1120]	[L1: 0.0262]	2.6+0.0s
[760/1120]	[L1: 0.0261]	2.6+0.0s
[800/1120]	[L1: 0.0259]	2.6+0.0s
[840/1120]	[L1: 0.0260]	2.7+0.0s
[880/1120]	[L1: 0.0260]	2.6+0.0s
[920/1120]	[L1: 0.0261]	2.6+0.0s
[960/1120]	[L1: 0.0261]	2.6+0.0s
[1000/1120]	[L1: 0.0261]	2.6+0.0s
[1040/1120]	[L1: 0.0261]	2.7+0.0s
[1080/1120]	[L1: 0.0262]	2.6+0.0s
[1120/1120]	[L1: 0.0262]	2.6+0.0s

Evaluation:
[RSSCN7 x3]	psnr: 29.132 (Best: 29.285 @epoch 122)
Total time: 39.98s

[Epoch 124]	Learning rate: 2.00e-4
[40/1120]	[L1: 0.0258]	2.6+0.0s
[80/1120]	[L1: 0.0242]	2.7+0.0s
[120/1120]	[L1: 0.0242]	2.6+0.0s
[160/1120]	[L1: 0.0243]	2.6+0.0s
[200/1120]	[L1: 0.0242]	2.6+0.0s
[240/1120]	[L1: 0.0246]	2.6+0.0s
[280/1120]	[L1: 0.0251]	2.7+0.0s
[320/1120]	[L1: 0.0251]	2.6+0.0s
[360/1120]	[L1: 0.0253]	2.6+0.0s
[400/1120]	[L1: 0.0255]	2.6+0.0s
[440/1120]	[L1: 0.0256]	2.6+0.0s
[480/1120]	[L1: 0.0262]	2.6+0.0s
[520/1120]	[L1: 0.0261]	2.7+0.0s
[560/1120]	[L1: 0.0262]	2.6+0.0s
[600/1120]	[L1: 0.0260]	2.6+0.0s
[640/1120]	[L1: 0.0260]	2.6+0.0s
[680/1120]	[L1: 0.0260]	2.6+0.0s
[720/1120]	[L1: 0.0260]	2.7+0.0s
[760/1120]	[L1: 0.0259]	2.6+0.0s
[800/1120]	[L1: 0.0261]	2.6+0.0s
[840/1120]	[L1: 0.0261]	2.6+0.0s
[880/1120]	[L1: 0.0262]	2.6+0.0s
[920/1120]	[L1: 0.0263]	2.6+0.0s
[960/1120]	[L1: 0.0263]	2.7+0.0s
[1000/1120]	[L1: 0.0264]	2.6+0.0s
[1040/1120]	[L1: 0.0264]	2.6+0.0s
[1080/1120]	[L1: 0.0264]	2.6+0.0s
[1120/1120]	[L1: 0.0263]	2.6+0.0s

Evaluation:
[RSSCN7 x3]	psnr: 29.274 (Best: 29.285 @epoch 122)
Total time: 40.15s

[Epoch 125]	Learning rate: 2.00e-4
[40/1120]	[L1: 0.0252]	2.6+0.0s
[80/1120]	[L1: 0.0259]	2.6+0.0s
[120/1120]	[L1: 0.0270]	2.7+0.0s
[160/1120]	[L1: 0.0257]	2.8+0.0s
[200/1120]	[L1: 0.0260]	2.8+0.0s
[240/1120]	[L1: 0.0260]	2.7+0.0s
[280/1120]	[L1: 0.0258]	2.6+0.0s
[320/1120]	[L1: 0.0263]	2.6+0.0s
[360/1120]	[L1: 0.0262]	2.6+0.0s
[400/1120]	[L1: 0.0259]	2.6+0.0s
[440/1120]	[L1: 0.0261]	2.7+0.0s
[480/1120]	[L1: 0.0261]	2.6+0.0s
[520/1120]	[L1: 0.0260]	2.6+0.0s
[560/1120]	[L1: 0.0260]	2.6+0.0s
[600/1120]	[L1: 0.0262]	2.6+0.0s
[640/1120]	[L1: 0.0261]	2.7+0.0s
[680/1120]	[L1: 0.0262]	2.9+0.0s
[720/1120]	[L1: 0.0261]	2.8+0.0s
[760/1120]	[L1: 0.0263]	2.8+0.0s
[800/1120]	[L1: 0.0263]	2.8+0.0s
[840/1120]	[L1: 0.0263]	2.8+0.0s
[880/1120]	[L1: 0.0264]	2.9+0.0s
[920/1120]	[L1: 0.0263]	2.8+0.0s
[960/1120]	[L1: 0.0264]	2.6+0.0s
[1000/1120]	[L1: 0.0264]	2.6+0.0s
[1040/1120]	[L1: 0.0264]	2.6+0.0s
[1080/1120]	[L1: 0.0263]	2.6+0.0s
[1120/1120]	[L1: 0.0262]	2.6+0.0s

Evaluation:
[RSSCN7 x3]	psnr: 29.082 (Best: 29.285 @epoch 122)
Total time: 40.35s

[Epoch 126]	Learning rate: 2.00e-4
[40/1120]	[L1: 0.0270]	2.6+0.0s
[80/1120]	[L1: 0.0244]	2.6+0.0s
[120/1120]	[L1: 0.0257]	2.6+0.0s
[160/1120]	[L1: 0.0261]	2.6+0.0s
[200/1120]	[L1: 0.0251]	2.7+0.0s
[240/1120]	[L1: 0.0255]	2.6+0.0s
[280/1120]	[L1: 0.0254]	2.6+0.0s
[320/1120]	[L1: 0.0257]	2.6+0.0s
[360/1120]	[L1: 0.0257]	2.6+0.0s
[400/1120]	[L1: 0.0255]	2.7+0.0s
[440/1120]	[L1: 0.0258]	2.6+0.0s
[480/1120]	[L1: 0.0262]	2.6+0.0s
[520/1120]	[L1: 0.0261]	2.6+0.0s
[560/1120]	[L1: 0.0261]	2.6+0.0s
[600/1120]	[L1: 0.0260]	2.6+0.0s
[640/1120]	[L1: 0.0261]	2.9+0.0s
[680/1120]	[L1: 0.0260]	2.8+0.0s
[720/1120]	[L1: 0.0263]	2.6+0.0s
[760/1120]	[L1: 0.0262]	2.6+0.0s
[800/1120]	[L1: 0.0262]	2.6+0.0s
[840/1120]	[L1: 0.0261]	2.7+0.0s
[880/1120]	[L1: 0.0263]	2.6+0.0s
[920/1120]	[L1: 0.0263]	2.6+0.0s
[960/1120]	[L1: 0.0264]	2.6+0.0s
[1000/1120]	[L1: 0.0264]	2.6+0.0s
[1040/1120]	[L1: 0.0263]	2.6+0.0s
[1080/1120]	[L1: 0.0263]	2.6+0.0s
[1120/1120]	[L1: 0.0264]	2.7+0.0s

Evaluation:
[RSSCN7 x3]	psnr: 29.244 (Best: 29.285 @epoch 122)
Total time: 40.54s

[Epoch 127]	Learning rate: 2.00e-4
[40/1120]	[L1: 0.0301]	2.8+0.0s
[80/1120]	[L1: 0.0277]	2.8+0.0s
[120/1120]	[L1: 0.0273]	2.9+0.0s
[160/1120]	[L1: 0.0270]	2.6+0.0s
[200/1120]	[L1: 0.0269]	2.6+0.0s
[240/1120]	[L1: 0.0270]	2.6+0.0s
[280/1120]	[L1: 0.0269]	2.6+0.0s
[320/1120]	[L1: 0.0270]	2.6+0.0s
[360/1120]	[L1: 0.0264]	2.7+0.0s
[400/1120]	[L1: 0.0263]	2.6+0.0s
[440/1120]	[L1: 0.0263]	2.6+0.0s
[480/1120]	[L1: 0.0261]	2.6+0.0s
[520/1120]	[L1: 0.0262]	2.6+0.0s
[560/1120]	[L1: 0.0259]	2.7+0.0s
[600/1120]	[L1: 0.0259]	2.6+0.0s
[640/1120]	[L1: 0.0262]	2.6+0.0s
[680/1120]	[L1: 0.0263]	2.6+0.0s
[720/1120]	[L1: 0.0262]	2.6+0.0s
[760/1120]	[L1: 0.0262]	2.6+0.0s
[800/1120]	[L1: 0.0262]	2.7+0.0s
[840/1120]	[L1: 0.0261]	2.6+0.0s
[880/1120]	[L1: 0.0262]	2.6+0.0s
[920/1120]	[L1: 0.0261]	2.6+0.0s
[960/1120]	[L1: 0.0262]	2.6+0.0s
[1000/1120]	[L1: 0.0261]	2.7+0.0s
[1040/1120]	[L1: 0.0260]	2.6+0.0s
[1080/1120]	[L1: 0.0260]	2.6+0.0s
[1120/1120]	[L1: 0.0260]	2.6+0.0s

Evaluation:
[RSSCN7 x3]	psnr: 29.232 (Best: 29.285 @epoch 122)
Total time: 39.89s

[Epoch 128]	Learning rate: 2.00e-4
[40/1120]	[L1: 0.0245]	2.7+0.0s
[80/1120]	[L1: 0.0265]	2.6+0.0s
[120/1120]	[L1: 0.0263]	2.6+0.0s
[160/1120]	[L1: 0.0264]	2.6+0.0s
[200/1120]	[L1: 0.0257]	2.6+0.0s
[240/1120]	[L1: 0.0259]	2.7+0.0s
[280/1120]	[L1: 0.0257]	2.6+0.0s
[320/1120]	[L1: 0.0257]	2.6+0.0s
[360/1120]	[L1: 0.0258]	2.6+0.0s
[400/1120]	[L1: 0.0256]	2.6+0.0s
[440/1120]	[L1: 0.0258]	2.6+0.0s
[480/1120]	[L1: 0.0260]	2.7+0.0s
[520/1120]	[L1: 0.0261]	2.6+0.0s
[560/1120]	[L1: 0.0262]	2.6+0.0s
[600/1120]	[L1: 0.0262]	2.6+0.0s
[640/1120]	[L1: 0.0262]	2.6+0.0s
[680/1120]	[L1: 0.0263]	2.7+0.0s
[720/1120]	[L1: 0.0264]	2.6+0.0s
[760/1120]	[L1: 0.0265]	2.6+0.0s
[800/1120]	[L1: 0.0263]	2.6+0.0s
[840/1120]	[L1: 0.0264]	2.6+0.0s
[880/1120]	[L1: 0.0262]	2.6+0.0s
[920/1120]	[L1: 0.0262]	2.7+0.0s
[960/1120]	[L1: 0.0263]	2.6+0.0s
[1000/1120]	[L1: 0.0262]	2.6+0.0s
[1040/1120]	[L1: 0.0261]	2.6+0.0s
[1080/1120]	[L1: 0.0260]	2.6+0.0s
[1120/1120]	[L1: 0.0261]	2.7+0.0s

Evaluation:
[RSSCN7 x3]	psnr: 29.241 (Best: 29.285 @epoch 122)
Total time: 40.41s

[Epoch 129]	Learning rate: 2.00e-4
[40/1120]	[L1: 0.0216]	2.8+0.0s
[80/1120]	[L1: 0.0242]	2.8+0.0s
[120/1120]	[L1: 0.0252]	2.8+0.0s
[160/1120]	[L1: 0.0257]	2.9+0.0s
[200/1120]	[L1: 0.0263]	2.6+0.0s
[240/1120]	[L1: 0.0260]	2.6+0.0s
[280/1120]	[L1: 0.0263]	2.6+0.0s
[320/1120]	[L1: 0.0264]	2.6+0.0s
[360/1120]	[L1: 0.0263]	2.7+0.0s
[400/1120]	[L1: 0.0265]	2.6+0.0s
[440/1120]	[L1: 0.0263]	2.6+0.0s
[480/1120]	[L1: 0.0262]	2.6+0.0s
[520/1120]	[L1: 0.0261]	2.6+0.0s
[560/1120]	[L1: 0.0263]	2.6+0.0s
[600/1120]	[L1: 0.0266]	2.7+0.0s
[640/1120]	[L1: 0.0265]	2.6+0.0s
[680/1120]	[L1: 0.0264]	2.6+0.0s
[720/1120]	[L1: 0.0263]	2.7+0.0s
[760/1120]	[L1: 0.0263]	2.6+0.0s
[800/1120]	[L1: 0.0263]	2.7+0.0s
[840/1120]	[L1: 0.0263]	2.6+0.0s
[880/1120]	[L1: 0.0263]	2.6+0.0s
[920/1120]	[L1: 0.0263]	2.6+0.0s
[960/1120]	[L1: 0.0262]	2.8+0.0s
[1000/1120]	[L1: 0.0262]	2.9+0.0s
[1040/1120]	[L1: 0.0261]	3.0+0.0s
[1080/1120]	[L1: 0.0263]	2.8+0.0s
[1120/1120]	[L1: 0.0263]	2.6+0.0s

Evaluation:
[RSSCN7 x3]	psnr: 29.252 (Best: 29.285 @epoch 122)
Total time: 40.20s

[Epoch 130]	Learning rate: 2.00e-4
[40/1120]	[L1: 0.0230]	2.7+0.0s
[80/1120]	[L1: 0.0257]	2.6+0.0s
[120/1120]	[L1: 0.0271]	2.6+0.0s
[160/1120]	[L1: 0.0265]	2.6+0.0s
[200/1120]	[L1: 0.0265]	2.6+0.0s
[240/1120]	[L1: 0.0261]	2.6+0.0s
[280/1120]	[L1: 0.0258]	2.6+0.0s
[320/1120]	[L1: 0.0263]	2.7+0.0s
[360/1120]	[L1: 0.0262]	2.6+0.0s
[400/1120]	[L1: 0.0259]	2.6+0.0s
[440/1120]	[L1: 0.0258]	2.6+0.0s
[480/1120]	[L1: 0.0258]	2.6+0.0s
[520/1120]	[L1: 0.0256]	2.7+0.0s
[560/1120]	[L1: 0.0257]	2.6+0.0s
[600/1120]	[L1: 0.0258]	2.6+0.0s
[640/1120]	[L1: 0.0260]	2.6+0.0s
[680/1120]	[L1: 0.0260]	2.6+0.0s
[720/1120]	[L1: 0.0260]	2.6+0.0s
[760/1120]	[L1: 0.0260]	2.7+0.0s
[800/1120]	[L1: 0.0261]	2.6+0.0s
[840/1120]	[L1: 0.0261]	2.6+0.0s
[880/1120]	[L1: 0.0260]	2.6+0.0s
[920/1120]	[L1: 0.0260]	2.6+0.0s
[960/1120]	[L1: 0.0260]	2.7+0.0s
[1000/1120]	[L1: 0.0260]	2.6+0.0s
[1040/1120]	[L1: 0.0260]	2.6+0.0s
[1080/1120]	[L1: 0.0259]	2.6+0.0s
[1120/1120]	[L1: 0.0260]	2.6+0.0s

Evaluation:
[RSSCN7 x3]	psnr: 29.264 (Best: 29.285 @epoch 122)
Total time: 40.22s

[Epoch 131]	Learning rate: 2.00e-4
[40/1120]	[L1: 0.0291]	2.6+0.0s
[80/1120]	[L1: 0.0302]	2.6+0.0s
[120/1120]	[L1: 0.0291]	2.6+0.0s
[160/1120]	[L1: 0.0284]	2.6+0.0s
[200/1120]	[L1: 0.0281]	2.7+0.0s
[240/1120]	[L1: 0.0267]	2.6+0.0s
[280/1120]	[L1: 0.0264]	2.6+0.0s
[320/1120]	[L1: 0.0273]	2.6+0.0s
[360/1120]	[L1: 0.0272]	2.6+0.0s
[400/1120]	[L1: 0.0270]	2.6+0.0s
[440/1120]	[L1: 0.0267]	2.6+0.0s
[480/1120]	[L1: 0.0263]	2.7+0.0s
[520/1120]	[L1: 0.0265]	2.6+0.0s
[560/1120]	[L1: 0.0263]	2.6+0.0s
[600/1120]	[L1: 0.0265]	2.6+0.0s
[640/1120]	[L1: 0.0263]	2.9+0.0s
[680/1120]	[L1: 0.0261]	2.7+0.0s
[720/1120]	[L1: 0.0262]	2.6+0.0s
[760/1120]	[L1: 0.0262]	2.6+0.0s
[800/1120]	[L1: 0.0261]	2.6+0.0s
[840/1120]	[L1: 0.0261]	2.6+0.0s
[880/1120]	[L1: 0.0261]	2.6+0.0s
[920/1120]	[L1: 0.0262]	2.7+0.0s
[960/1120]	[L1: 0.0263]	2.6+0.0s
[1000/1120]	[L1: 0.0262]	2.6+0.0s
[1040/1120]	[L1: 0.0262]	2.6+0.0s
[1080/1120]	[L1: 0.0263]	2.6+0.0s
[1120/1120]	[L1: 0.0262]	2.7+0.0s

Evaluation:
[RSSCN7 x3]	psnr: 29.056 (Best: 29.285 @epoch 122)
Total time: 40.63s

[Epoch 132]	Learning rate: 2.00e-4
[40/1120]	[L1: 0.0248]	2.6+0.0s
[80/1120]	[L1: 0.0271]	2.6+0.0s
[120/1120]	[L1: 0.0272]	2.6+0.0s
[160/1120]	[L1: 0.0270]	2.7+0.0s
[200/1120]	[L1: 0.0269]	2.6+0.0s
[240/1120]	[L1: 0.0263]	2.6+0.0s
[280/1120]	[L1: 0.0261]	2.6+0.0s
[320/1120]	[L1: 0.0259]	2.7+0.0s
[360/1120]	[L1: 0.0260]	2.6+0.0s
[400/1120]	[L1: 0.0261]	2.6+0.0s
[440/1120]	[L1: 0.0263]	2.6+0.0s
[480/1120]	[L1: 0.0265]	2.6+0.0s
[520/1120]	[L1: 0.0261]	2.6+0.0s
[560/1120]	[L1: 0.0261]	2.6+0.0s
[600/1120]	[L1: 0.0261]	2.7+0.0s
[640/1120]	[L1: 0.0262]	2.6+0.0s
[680/1120]	[L1: 0.0260]	2.6+0.0s
[720/1120]	[L1: 0.0260]	2.6+0.0s
[760/1120]	[L1: 0.0261]	2.6+0.0s
[800/1120]	[L1: 0.0261]	2.7+0.0s
[840/1120]	[L1: 0.0262]	2.6+0.0s
[880/1120]	[L1: 0.0262]	2.6+0.0s
[920/1120]	[L1: 0.0262]	2.6+0.0s
[960/1120]	[L1: 0.0262]	2.6+0.0s
[1000/1120]	[L1: 0.0261]	2.6+0.0s
[1040/1120]	[L1: 0.0261]	2.7+0.0s
[1080/1120]	[L1: 0.0262]	2.6+0.0s
[1120/1120]	[L1: 0.0261]	2.6+0.0s

Evaluation:
[RSSCN7 x3]	psnr: 29.287 (Best: 29.287 @epoch 132)
Total time: 40.53s

[Epoch 133]	Learning rate: 2.00e-4
[40/1120]	[L1: 0.0233]	2.7+0.0s
[80/1120]	[L1: 0.0231]	2.6+0.0s
[120/1120]	[L1: 0.0241]	2.6+0.0s
[160/1120]	[L1: 0.0242]	2.6+0.0s
[200/1120]	[L1: 0.0244]	2.6+0.0s
[240/1120]	[L1: 0.0253]	2.6+0.0s
[280/1120]	[L1: 0.0250]	2.7+0.0s
[320/1120]	[L1: 0.0253]	2.6+0.0s
[360/1120]	[L1: 0.0254]	2.6+0.0s
[400/1120]	[L1: 0.0256]	2.6+0.0s
[440/1120]	[L1: 0.0255]	2.6+0.0s
[480/1120]	[L1: 0.0257]	2.7+0.0s
[520/1120]	[L1: 0.0256]	2.6+0.0s
[560/1120]	[L1: 0.0257]	2.6+0.0s
[600/1120]	[L1: 0.0257]	2.6+0.0s
[640/1120]	[L1: 0.0258]	2.6+0.0s
[680/1120]	[L1: 0.0260]	2.6+0.0s
[720/1120]	[L1: 0.0263]	2.7+0.0s
[760/1120]	[L1: 0.0262]	2.6+0.0s
[800/1120]	[L1: 0.0263]	2.6+0.0s
[840/1120]	[L1: 0.0263]	2.6+0.0s
[880/1120]	[L1: 0.0262]	2.6+0.0s
[920/1120]	[L1: 0.0262]	2.7+0.0s
[960/1120]	[L1: 0.0261]	2.6+0.0s
[1000/1120]	[L1: 0.0260]	2.6+0.0s
[1040/1120]	[L1: 0.0261]	2.6+0.0s
[1080/1120]	[L1: 0.0261]	2.6+0.0s
[1120/1120]	[L1: 0.0260]	2.6+0.0s

Evaluation:
[RSSCN7 x3]	psnr: 29.200 (Best: 29.287 @epoch 132)
Total time: 40.85s

[Epoch 134]	Learning rate: 2.00e-4
[40/1120]	[L1: 0.0269]	2.6+0.0s
[80/1120]	[L1: 0.0277]	2.6+0.0s
[120/1120]	[L1: 0.0276]	2.6+0.0s
[160/1120]	[L1: 0.0264]	2.6+0.0s
[200/1120]	[L1: 0.0262]	2.6+0.0s
[240/1120]	[L1: 0.0260]	2.7+0.0s
[280/1120]	[L1: 0.0261]	2.6+0.0s
[320/1120]	[L1: 0.0263]	2.6+0.0s
[360/1120]	[L1: 0.0269]	2.6+0.0s
[400/1120]	[L1: 0.0266]	2.6+0.0s
[440/1120]	[L1: 0.0264]	2.7+0.0s
[480/1120]	[L1: 0.0262]	2.7+0.0s
[520/1120]	[L1: 0.0264]	2.8+0.0s
[560/1120]	[L1: 0.0263]	2.8+0.0s
[600/1120]	[L1: 0.0264]	2.9+0.0s
[640/1120]	[L1: 0.0262]	2.7+0.0s
[680/1120]	[L1: 0.0263]	2.7+0.0s
[720/1120]	[L1: 0.0263]	2.6+0.0s
[760/1120]	[L1: 0.0262]	2.6+0.0s
[800/1120]	[L1: 0.0264]	2.6+0.0s
[840/1120]	[L1: 0.0264]	2.6+0.0s
[880/1120]	[L1: 0.0263]	2.7+0.0s
[920/1120]	[L1: 0.0263]	2.6+0.0s
[960/1120]	[L1: 0.0264]	2.6+0.0s
[1000/1120]	[L1: 0.0262]	2.6+0.0s
[1040/1120]	[L1: 0.0262]	2.6+0.0s
[1080/1120]	[L1: 0.0262]	2.6+0.0s
[1120/1120]	[L1: 0.0262]	2.6+0.0s

Evaluation:
[RSSCN7 x3]	psnr: 29.278 (Best: 29.287 @epoch 132)
Total time: 40.31s

[Epoch 135]	Learning rate: 2.00e-4
[40/1120]	[L1: 0.0259]	2.6+0.0s
[80/1120]	[L1: 0.0260]	2.6+0.0s
[120/1120]	[L1: 0.0253]	2.6+0.0s
[160/1120]	[L1: 0.0254]	2.7+0.0s
[200/1120]	[L1: 0.0252]	2.6+0.0s
[240/1120]	[L1: 0.0253]	2.6+0.0s
[280/1120]	[L1: 0.0261]	2.6+0.0s
[320/1120]	[L1: 0.0266]	2.6+0.0s
[360/1120]	[L1: 0.0266]	2.6+0.0s
[400/1120]	[L1: 0.0262]	2.7+0.0s
[440/1120]	[L1: 0.0265]	2.6+0.0s
[480/1120]	[L1: 0.0262]	2.6+0.0s
[520/1120]	[L1: 0.0264]	2.6+0.0s
[560/1120]	[L1: 0.0264]	2.6+0.0s
[600/1120]	[L1: 0.0263]	2.7+0.0s
[640/1120]	[L1: 0.0264]	2.6+0.0s
[680/1120]	[L1: 0.0263]	2.6+0.0s
[720/1120]	[L1: 0.0263]	2.6+0.0s
[760/1120]	[L1: 0.0264]	2.6+0.0s
[800/1120]	[L1: 0.0262]	2.6+0.0s
[840/1120]	[L1: 0.0261]	2.6+0.0s
[880/1120]	[L1: 0.0261]	2.7+0.0s
[920/1120]	[L1: 0.0262]	2.6+0.0s
[960/1120]	[L1: 0.0261]	2.6+0.0s
[1000/1120]	[L1: 0.0260]	2.6+0.0s
[1040/1120]	[L1: 0.0261]	2.7+0.0s
[1080/1120]	[L1: 0.0262]	2.6+0.0s
[1120/1120]	[L1: 0.0261]	2.6+0.0s

Evaluation:
[RSSCN7 x3]	psnr: 29.274 (Best: 29.287 @epoch 132)
Total time: 40.13s

[Epoch 136]	Learning rate: 2.00e-4
[40/1120]	[L1: 0.0243]	2.6+0.0s
[80/1120]	[L1: 0.0251]	2.7+0.0s
[120/1120]	[L1: 0.0266]	2.6+0.0s
[160/1120]	[L1: 0.0266]	2.6+0.0s
[200/1120]	[L1: 0.0262]	2.6+0.0s
[240/1120]	[L1: 0.0265]	2.6+0.0s
[280/1120]	[L1: 0.0268]	2.6+0.0s
[320/1120]	[L1: 0.0269]	2.7+0.0s
[360/1120]	[L1: 0.0264]	2.6+0.0s
[400/1120]	[L1: 0.0263]	2.6+0.0s
[440/1120]	[L1: 0.0259]	2.6+0.0s
[480/1120]	[L1: 0.0260]	2.6+0.0s
[520/1120]	[L1: 0.0258]	2.7+0.0s
[560/1120]	[L1: 0.0260]	2.6+0.0s
[600/1120]	[L1: 0.0260]	2.6+0.0s
[640/1120]	[L1: 0.0258]	2.6+0.0s
[680/1120]	[L1: 0.0258]	2.6+0.0s
[720/1120]	[L1: 0.0260]	2.6+0.0s
[760/1120]	[L1: 0.0261]	2.7+0.0s
[800/1120]	[L1: 0.0261]	2.6+0.0s
[840/1120]	[L1: 0.0260]	2.6+0.0s
[880/1120]	[L1: 0.0259]	2.6+0.0s
[920/1120]	[L1: 0.0258]	2.6+0.0s
[960/1120]	[L1: 0.0257]	2.7+0.0s
[1000/1120]	[L1: 0.0258]	2.6+0.0s
[1040/1120]	[L1: 0.0258]	2.6+0.0s
[1080/1120]	[L1: 0.0258]	2.6+0.0s
[1120/1120]	[L1: 0.0261]	2.6+0.0s

Evaluation:
[RSSCN7 x3]	psnr: 29.264 (Best: 29.287 @epoch 132)
Total time: 41.02s

[Epoch 137]	Learning rate: 2.00e-4
[40/1120]	[L1: 0.0244]	2.6+0.0s
[80/1120]	[L1: 0.0253]	2.6+0.0s
[120/1120]	[L1: 0.0235]	2.6+0.0s
[160/1120]	[L1: 0.0253]	2.6+0.0s
[200/1120]	[L1: 0.0256]	2.7+0.0s
[240/1120]	[L1: 0.0257]	2.6+0.0s
[280/1120]	[L1: 0.0261]	2.6+0.0s
[320/1120]	[L1: 0.0265]	2.6+0.0s
[360/1120]	[L1: 0.0267]	2.6+0.0s
[400/1120]	[L1: 0.0269]	2.6+0.0s
[440/1120]	[L1: 0.0270]	2.6+0.0s
[480/1120]	[L1: 0.0269]	2.7+0.0s
[520/1120]	[L1: 0.0271]	2.6+0.0s
[560/1120]	[L1: 0.0271]	2.6+0.0s
[600/1120]	[L1: 0.0271]	2.6+0.0s
[640/1120]	[L1: 0.0269]	2.6+0.0s
[680/1120]	[L1: 0.0267]	2.7+0.0s
[720/1120]	[L1: 0.0264]	2.6+0.0s
[760/1120]	[L1: 0.0265]	2.6+0.0s
[800/1120]	[L1: 0.0265]	2.6+0.0s
[840/1120]	[L1: 0.0263]	2.6+0.0s
[880/1120]	[L1: 0.0262]	2.6+0.0s
[920/1120]	[L1: 0.0262]	2.7+0.0s
[960/1120]	[L1: 0.0261]	2.6+0.0s
[1000/1120]	[L1: 0.0262]	2.6+0.0s
[1040/1120]	[L1: 0.0262]	2.6+0.0s
[1080/1120]	[L1: 0.0262]	2.6+0.0s
[1120/1120]	[L1: 0.0263]	2.7+0.0s

Evaluation:
[RSSCN7 x3]	psnr: 29.253 (Best: 29.287 @epoch 132)
Total time: 40.21s

[Epoch 138]	Learning rate: 2.00e-4
[40/1120]	[L1: 0.0257]	2.6+0.0s
[80/1120]	[L1: 0.0244]	2.6+0.0s
[120/1120]	[L1: 0.0260]	2.6+0.0s
[160/1120]	[L1: 0.0254]	2.7+0.0s
[200/1120]	[L1: 0.0264]	2.6+0.0s
[240/1120]	[L1: 0.0266]	2.6+0.0s
[280/1120]	[L1: 0.0266]	2.6+0.0s
[320/1120]	[L1: 0.0266]	2.6+0.0s
[360/1120]	[L1: 0.0268]	2.7+0.0s
[400/1120]	[L1: 0.0266]	2.6+0.0s
[440/1120]	[L1: 0.0267]	2.6+0.0s
[480/1120]	[L1: 0.0270]	2.6+0.0s
[520/1120]	[L1: 0.0270]	2.6+0.0s
[560/1120]	[L1: 0.0269]	2.6+0.0s
[600/1120]	[L1: 0.0270]	2.7+0.0s
[640/1120]	[L1: 0.0270]	2.6+0.0s
[680/1120]	[L1: 0.0269]	2.6+0.0s
[720/1120]	[L1: 0.0267]	2.6+0.0s
[760/1120]	[L1: 0.0266]	2.6+0.0s
[800/1120]	[L1: 0.0266]	2.9+0.0s
[840/1120]	[L1: 0.0265]	2.8+0.0s
[880/1120]	[L1: 0.0265]	2.8+0.0s
[920/1120]	[L1: 0.0264]	2.6+0.0s
[960/1120]	[L1: 0.0263]	2.6+0.0s
[1000/1120]	[L1: 0.0262]	2.7+0.0s
[1040/1120]	[L1: 0.0261]	2.7+0.0s
[1080/1120]	[L1: 0.0261]	2.6+0.0s
[1120/1120]	[L1: 0.0261]	2.6+0.0s

Evaluation:
[RSSCN7 x3]	psnr: 29.329 (Best: 29.329 @epoch 138)
Total time: 40.56s

[Epoch 139]	Learning rate: 2.00e-4
[40/1120]	[L1: 0.0264]	2.7+0.0s
[80/1120]	[L1: 0.0269]	2.6+0.0s
[120/1120]	[L1: 0.0269]	2.6+0.0s
[160/1120]	[L1: 0.0262]	2.6+0.0s
[200/1120]	[L1: 0.0262]	2.6+0.0s
[240/1120]	[L1: 0.0260]	2.6+0.0s
[280/1120]	[L1: 0.0258]	2.7+0.0s
[320/1120]	[L1: 0.0257]	2.6+0.0s
[360/1120]	[L1: 0.0260]	2.6+0.0s
[400/1120]	[L1: 0.0260]	2.6+0.0s
[440/1120]	[L1: 0.0260]	2.6+0.0s
[480/1120]	[L1: 0.0260]	2.7+0.0s
[520/1120]	[L1: 0.0261]	2.6+0.0s
[560/1120]	[L1: 0.0260]	2.6+0.0s
[600/1120]	[L1: 0.0261]	2.6+0.0s
[640/1120]	[L1: 0.0262]	2.6+0.0s
[680/1120]	[L1: 0.0263]	2.6+0.0s
[720/1120]	[L1: 0.0261]	2.7+0.0s
[760/1120]	[L1: 0.0259]	2.6+0.0s
[800/1120]	[L1: 0.0259]	2.6+0.0s
[840/1120]	[L1: 0.0259]	2.6+0.0s
[880/1120]	[L1: 0.0259]	2.7+0.0s
[920/1120]	[L1: 0.0258]	2.7+0.0s
[960/1120]	[L1: 0.0259]	2.6+0.0s
[1000/1120]	[L1: 0.0260]	2.6+0.0s
[1040/1120]	[L1: 0.0260]	2.6+0.0s
[1080/1120]	[L1: 0.0260]	2.6+0.0s
[1120/1120]	[L1: 0.0260]	2.6+0.0s

Evaluation:
[RSSCN7 x3]	psnr: 29.273 (Best: 29.329 @epoch 138)
Total time: 40.36s

[Epoch 140]	Learning rate: 2.00e-4
[40/1120]	[L1: 0.0277]	2.8+0.0s
[80/1120]	[L1: 0.0274]	2.8+0.0s
[120/1120]	[L1: 0.0277]	2.8+0.0s
[160/1120]	[L1: 0.0275]	2.7+0.0s
[200/1120]	[L1: 0.0278]	2.6+0.0s
[240/1120]	[L1: 0.0273]	2.6+0.0s
[280/1120]	[L1: 0.0273]	2.6+0.0s
[320/1120]	[L1: 0.0264]	2.6+0.0s
[360/1120]	[L1: 0.0264]	2.6+0.0s
[400/1120]	[L1: 0.0262]	2.6+0.0s
[440/1120]	[L1: 0.0259]	2.7+0.0s
[480/1120]	[L1: 0.0257]	2.6+0.0s
[520/1120]	[L1: 0.0260]	2.6+0.0s
[560/1120]	[L1: 0.0259]	2.6+0.0s
[600/1120]	[L1: 0.0258]	2.6+0.0s
[640/1120]	[L1: 0.0258]	2.7+0.0s
[680/1120]	[L1: 0.0260]	2.6+0.0s
[720/1120]	[L1: 0.0260]	2.6+0.0s
[760/1120]	[L1: 0.0261]	2.6+0.0s
[800/1120]	[L1: 0.0260]	2.6+0.0s
[840/1120]	[L1: 0.0264]	2.6+0.0s
[880/1120]	[L1: 0.0263]	2.7+0.0s
[920/1120]	[L1: 0.0264]	2.6+0.0s
[960/1120]	[L1: 0.0263]	2.6+0.0s
[1000/1120]	[L1: 0.0262]	2.6+0.0s
[1040/1120]	[L1: 0.0262]	2.6+0.0s
[1080/1120]	[L1: 0.0261]	2.7+0.0s
[1120/1120]	[L1: 0.0261]	2.6+0.0s

Evaluation:
[RSSCN7 x3]	psnr: 29.278 (Best: 29.329 @epoch 138)
Total time: 41.24s

[Epoch 141]	Learning rate: 2.00e-4
[40/1120]	[L1: 0.0232]	2.8+0.0s
[80/1120]	[L1: 0.0242]	2.8+0.0s
[120/1120]	[L1: 0.0246]	2.9+0.0s
[160/1120]	[L1: 0.0244]	2.8+0.0s
[200/1120]	[L1: 0.0247]	2.8+0.0s
[240/1120]	[L1: 0.0252]	2.6+0.0s
[280/1120]	[L1: 0.0254]	2.6+0.0s
[320/1120]	[L1: 0.0257]	2.7+0.0s
[360/1120]	[L1: 0.0257]	2.6+0.0s
[400/1120]	[L1: 0.0258]	2.7+0.0s
[440/1120]	[L1: 0.0257]	2.6+0.0s
[480/1120]	[L1: 0.0258]	2.6+0.0s
[520/1120]	[L1: 0.0260]	2.6+0.0s
[560/1120]	[L1: 0.0261]	2.7+0.0s
[600/1120]	[L1: 0.0260]	2.6+0.0s
[640/1120]	[L1: 0.0262]	2.6+0.0s
[680/1120]	[L1: 0.0263]	2.6+0.0s
[720/1120]	[L1: 0.0260]	2.6+0.0s
[760/1120]	[L1: 0.0261]	2.7+0.0s
[800/1120]	[L1: 0.0263]	2.6+0.0s
[840/1120]	[L1: 0.0262]	2.6+0.0s
[880/1120]	[L1: 0.0264]	2.6+0.0s
[920/1120]	[L1: 0.0263]	2.6+0.0s
[960/1120]	[L1: 0.0263]	2.6+0.0s
[1000/1120]	[L1: 0.0263]	2.7+0.0s
[1040/1120]	[L1: 0.0263]	2.6+0.0s
[1080/1120]	[L1: 0.0262]	2.6+0.0s
[1120/1120]	[L1: 0.0263]	2.6+0.0s

Evaluation:
[RSSCN7 x3]	psnr: 29.322 (Best: 29.329 @epoch 138)
Total time: 40.35s

[Epoch 142]	Learning rate: 2.00e-4
[40/1120]	[L1: 0.0233]	2.6+0.1s
[80/1120]	[L1: 0.0236]	2.6+0.0s
[120/1120]	[L1: 0.0243]	2.6+0.0s
[160/1120]	[L1: 0.0242]	2.6+0.0s
[200/1120]	[L1: 0.0243]	2.6+0.0s
[240/1120]	[L1: 0.0248]	2.6+0.0s
[280/1120]	[L1: 0.0251]	2.7+0.0s
[320/1120]	[L1: 0.0255]	2.6+0.0s
[360/1120]	[L1: 0.0256]	2.6+0.0s
[400/1120]	[L1: 0.0255]	2.6+0.0s
[440/1120]	[L1: 0.0254]	2.6+0.0s
[480/1120]	[L1: 0.0254]	2.7+0.0s
[520/1120]	[L1: 0.0255]	2.6+0.0s
[560/1120]	[L1: 0.0253]	2.6+0.0s
[600/1120]	[L1: 0.0251]	2.6+0.0s
[640/1120]	[L1: 0.0253]	2.6+0.0s
[680/1120]	[L1: 0.0253]	2.6+0.0s
[720/1120]	[L1: 0.0253]	2.7+0.0s
[760/1120]	[L1: 0.0254]	2.6+0.0s
[800/1120]	[L1: 0.0256]	2.6+0.0s
[840/1120]	[L1: 0.0256]	2.6+0.0s
[880/1120]	[L1: 0.0257]	2.6+0.0s
[920/1120]	[L1: 0.0258]	2.7+0.0s
[960/1120]	[L1: 0.0258]	2.6+0.0s
[1000/1120]	[L1: 0.0258]	2.6+0.0s
[1040/1120]	[L1: 0.0260]	2.6+0.0s
[1080/1120]	[L1: 0.0261]	2.6+0.0s
[1120/1120]	[L1: 0.0262]	2.6+0.0s

Evaluation:
[RSSCN7 x3]	psnr: 29.262 (Best: 29.329 @epoch 138)
Total time: 40.49s

[Epoch 143]	Learning rate: 2.00e-4
[40/1120]	[L1: 0.0248]	2.8+0.0s
[80/1120]	[L1: 0.0277]	2.8+0.0s
[120/1120]	[L1: 0.0279]	2.8+0.0s
[160/1120]	[L1: 0.0279]	2.8+0.0s
[200/1120]	[L1: 0.0273]	2.7+0.0s
[240/1120]	[L1: 0.0271]	2.7+0.0s
[280/1120]	[L1: 0.0268]	2.6+0.0s
[320/1120]	[L1: 0.0268]	2.6+0.0s
[360/1120]	[L1: 0.0268]	2.6+0.0s
[400/1120]	[L1: 0.0267]	2.6+0.0s
[440/1120]	[L1: 0.0264]	2.7+0.0s
[480/1120]	[L1: 0.0266]	2.6+0.0s
[520/1120]	[L1: 0.0265]	2.6+0.0s
[560/1120]	[L1: 0.0265]	2.6+0.0s
[600/1120]	[L1: 0.0263]	2.6+0.0s
[640/1120]	[L1: 0.0264]	2.6+0.0s
[680/1120]	[L1: 0.0263]	2.7+0.0s
[720/1120]	[L1: 0.0264]	2.6+0.0s
[760/1120]	[L1: 0.0265]	2.6+0.0s
[800/1120]	[L1: 0.0265]	2.6+0.0s
[840/1120]	[L1: 0.0263]	2.6+0.0s
[880/1120]	[L1: 0.0264]	2.7+0.0s
[920/1120]	[L1: 0.0263]	2.6+0.0s
[960/1120]	[L1: 0.0263]	2.7+0.0s
[1000/1120]	[L1: 0.0262]	2.8+0.0s
[1040/1120]	[L1: 0.0261]	2.8+0.0s
[1080/1120]	[L1: 0.0260]	2.8+0.0s
[1120/1120]	[L1: 0.0261]	2.7+0.0s

Evaluation:
[RSSCN7 x3]	psnr: 29.289 (Best: 29.329 @epoch 138)
Total time: 40.57s

[Epoch 144]	Learning rate: 2.00e-4
[40/1120]	[L1: 0.0290]	2.6+0.0s
[80/1120]	[L1: 0.0270]	2.6+0.0s
[120/1120]	[L1: 0.0267]	2.6+0.0s
[160/1120]	[L1: 0.0259]	2.6+0.0s
[200/1120]	[L1: 0.0261]	2.7+0.0s
[240/1120]	[L1: 0.0257]	2.6+0.0s
[280/1120]	[L1: 0.0259]	2.6+0.0s
[320/1120]	[L1: 0.0259]	2.6+0.0s
[360/1120]	[L1: 0.0261]	2.6+0.0s
[400/1120]	[L1: 0.0257]	2.7+0.0s
[440/1120]	[L1: 0.0261]	2.6+0.0s
[480/1120]	[L1: 0.0258]	2.6+0.0s
[520/1120]	[L1: 0.0256]	2.6+0.0s
[560/1120]	[L1: 0.0256]	2.6+0.0s
[600/1120]	[L1: 0.0258]	2.6+0.0s
[640/1120]	[L1: 0.0258]	2.7+0.0s
[680/1120]	[L1: 0.0258]	2.6+0.0s
[720/1120]	[L1: 0.0259]	2.6+0.0s
[760/1120]	[L1: 0.0259]	2.6+0.0s
[800/1120]	[L1: 0.0260]	2.6+0.0s
[840/1120]	[L1: 0.0260]	2.7+0.0s
[880/1120]	[L1: 0.0259]	2.6+0.0s
[920/1120]	[L1: 0.0262]	2.6+0.0s
[960/1120]	[L1: 0.0261]	2.6+0.0s
[1000/1120]	[L1: 0.0261]	2.6+0.0s
[1040/1120]	[L1: 0.0261]	2.6+0.0s
[1080/1120]	[L1: 0.0261]	2.6+0.0s
[1120/1120]	[L1: 0.0260]	2.7+0.0s

Evaluation:
[RSSCN7 x3]	psnr: 29.266 (Best: 29.329 @epoch 138)
Total time: 40.75s

[Epoch 145]	Learning rate: 2.00e-4
[40/1120]	[L1: 0.0245]	2.6+0.0s
[80/1120]	[L1: 0.0253]	2.6+0.0s
[120/1120]	[L1: 0.0259]	2.9+0.0s
[160/1120]	[L1: 0.0261]	2.6+0.0s
[200/1120]	[L1: 0.0266]	2.6+0.0s
[240/1120]	[L1: 0.0258]	2.6+0.0s
[280/1120]	[L1: 0.0254]	2.6+0.0s
[320/1120]	[L1: 0.0254]	2.6+0.0s
[360/1120]	[L1: 0.0255]	2.7+0.0s
[400/1120]	[L1: 0.0252]	2.6+0.0s
[440/1120]	[L1: 0.0257]	2.6+0.0s
[480/1120]	[L1: 0.0257]	2.6+0.0s
[520/1120]	[L1: 0.0256]	2.6+0.0s
[560/1120]	[L1: 0.0255]	2.7+0.0s
[600/1120]	[L1: 0.0257]	2.6+0.0s
[640/1120]	[L1: 0.0259]	2.7+0.0s
[680/1120]	[L1: 0.0260]	2.8+0.0s
[720/1120]	[L1: 0.0260]	2.7+0.0s
[760/1120]	[L1: 0.0259]	2.6+0.0s
[800/1120]	[L1: 0.0260]	2.7+0.0s
[840/1120]	[L1: 0.0259]	2.6+0.0s
[880/1120]	[L1: 0.0259]	2.6+0.0s
[920/1120]	[L1: 0.0257]	2.6+0.0s
[960/1120]	[L1: 0.0259]	2.6+0.0s
[1000/1120]	[L1: 0.0259]	2.7+0.0s
[1040/1120]	[L1: 0.0259]	2.6+0.0s
[1080/1120]	[L1: 0.0260]	2.6+0.0s
[1120/1120]	[L1: 0.0259]	2.6+0.0s

Evaluation:
[RSSCN7 x3]	psnr: 29.284 (Best: 29.329 @epoch 138)
Total time: 40.41s

[Epoch 146]	Learning rate: 2.00e-4
[40/1120]	[L1: 0.0250]	2.7+0.0s
[80/1120]	[L1: 0.0256]	2.6+0.0s
[120/1120]	[L1: 0.0268]	2.6+0.0s
[160/1120]	[L1: 0.0257]	2.6+0.0s
[200/1120]	[L1: 0.0255]	2.6+0.0s
[240/1120]	[L1: 0.0255]	2.9+0.0s
[280/1120]	[L1: 0.0260]	2.8+0.0s
[320/1120]	[L1: 0.0262]	2.6+0.0s
[360/1120]	[L1: 0.0262]	2.6+0.0s
[400/1120]	[L1: 0.0264]	2.6+0.0s
[440/1120]	[L1: 0.0265]	2.6+0.0s
[480/1120]	[L1: 0.0265]	2.7+0.0s
[520/1120]	[L1: 0.0265]	2.6+0.0s
[560/1120]	[L1: 0.0267]	2.7+0.0s
[600/1120]	[L1: 0.0266]	2.6+0.0s
[640/1120]	[L1: 0.0266]	2.6+0.0s
[680/1120]	[L1: 0.0265]	2.7+0.0s
[720/1120]	[L1: 0.0265]	2.6+0.0s
[760/1120]	[L1: 0.0266]	2.6+0.0s
[800/1120]	[L1: 0.0264]	2.6+0.0s
[840/1120]	[L1: 0.0266]	2.6+0.0s
[880/1120]	[L1: 0.0265]	2.6+0.0s
[920/1120]	[L1: 0.0264]	2.7+0.0s
[960/1120]	[L1: 0.0261]	2.7+0.0s
[1000/1120]	[L1: 0.0261]	2.8+0.0s
[1040/1120]	[L1: 0.0261]	2.7+0.0s
[1080/1120]	[L1: 0.0262]	2.6+0.0s
[1120/1120]	[L1: 0.0261]	2.7+0.0s

Evaluation:
[RSSCN7 x3]	psnr: 29.325 (Best: 29.329 @epoch 138)
Total time: 40.01s

[Epoch 147]	Learning rate: 2.00e-4
[40/1120]	[L1: 0.0248]	2.6+0.0s
[80/1120]	[L1: 0.0260]	2.6+0.0s
[120/1120]	[L1: 0.0265]	2.6+0.0s
[160/1120]	[L1: 0.0260]	2.7+0.0s
[200/1120]	[L1: 0.0254]	2.6+0.0s
[240/1120]	[L1: 0.0255]	2.6+0.0s
[280/1120]	[L1: 0.0253]	2.6+0.0s
[320/1120]	[L1: 0.0255]	2.6+0.0s
[360/1120]	[L1: 0.0254]	2.7+0.0s
[400/1120]	[L1: 0.0255]	2.6+0.0s
[440/1120]	[L1: 0.0256]	2.6+0.0s
[480/1120]	[L1: 0.0253]	2.6+0.0s
[520/1120]	[L1: 0.0251]	2.6+0.0s
[560/1120]	[L1: 0.0253]	2.6+0.0s
[600/1120]	[L1: 0.0253]	2.7+0.0s
[640/1120]	[L1: 0.0254]	2.6+0.0s
[680/1120]	[L1: 0.0254]	2.6+0.0s
[720/1120]	[L1: 0.0256]	2.6+0.0s
[760/1120]	[L1: 0.0255]	2.6+0.0s
[800/1120]	[L1: 0.0256]	2.7+0.0s
[840/1120]	[L1: 0.0255]	2.6+0.0s
[880/1120]	[L1: 0.0253]	2.6+0.0s
[920/1120]	[L1: 0.0254]	2.6+0.0s
[960/1120]	[L1: 0.0256]	2.6+0.0s
[1000/1120]	[L1: 0.0255]	2.6+0.0s
[1040/1120]	[L1: 0.0255]	2.7+0.0s
[1080/1120]	[L1: 0.0257]	2.6+0.0s
[1120/1120]	[L1: 0.0260]	2.6+0.0s

Evaluation:
[RSSCN7 x3]	psnr: 29.291 (Best: 29.329 @epoch 138)
Total time: 41.64s

[Epoch 148]	Learning rate: 2.00e-4
[40/1120]	[L1: 0.0291]	2.8+0.0s
[80/1120]	[L1: 0.0274]	2.9+0.0s
[120/1120]	[L1: 0.0263]	2.8+0.0s
[160/1120]	[L1: 0.0266]	2.7+0.0s
[200/1120]	[L1: 0.0261]	2.6+0.0s
[240/1120]	[L1: 0.0258]	2.7+0.0s
[280/1120]	[L1: 0.0254]	2.6+0.0s
[320/1120]	[L1: 0.0251]	2.6+0.0s
[360/1120]	[L1: 0.0253]	2.6+0.0s
[400/1120]	[L1: 0.0254]	2.6+0.0s
[440/1120]	[L1: 0.0258]	2.6+0.0s
[480/1120]	[L1: 0.0260]	2.6+0.0s
[520/1120]	[L1: 0.0260]	2.7+0.0s
[560/1120]	[L1: 0.0259]	2.6+0.0s
[600/1120]	[L1: 0.0259]	2.6+0.0s
[640/1120]	[L1: 0.0261]	2.6+0.0s
[680/1120]	[L1: 0.0259]	2.6+0.0s
[720/1120]	[L1: 0.0258]	2.7+0.0s
[760/1120]	[L1: 0.0259]	2.6+0.0s
[800/1120]	[L1: 0.0259]	2.6+0.0s
[840/1120]	[L1: 0.0260]	2.6+0.0s
[880/1120]	[L1: 0.0260]	2.6+0.0s
[920/1120]	[L1: 0.0259]	2.6+0.0s
[960/1120]	[L1: 0.0260]	2.7+0.0s
[1000/1120]	[L1: 0.0259]	2.6+0.0s
[1040/1120]	[L1: 0.0260]	2.6+0.0s
[1080/1120]	[L1: 0.0260]	2.6+0.0s
[1120/1120]	[L1: 0.0259]	2.6+0.0s

Evaluation:
[RSSCN7 x3]	psnr: 29.273 (Best: 29.329 @epoch 138)
Total time: 39.69s

[Epoch 149]	Learning rate: 2.00e-4
[40/1120]	[L1: 0.0266]	2.6+0.0s
[80/1120]	[L1: 0.0257]	2.6+0.0s
[120/1120]	[L1: 0.0255]	2.6+0.0s
[160/1120]	[L1: 0.0269]	2.6+0.0s
[200/1120]	[L1: 0.0273]	2.7+0.0s
[240/1120]	[L1: 0.0272]	2.6+0.0s
[280/1120]	[L1: 0.0271]	2.6+0.0s
[320/1120]	[L1: 0.0270]	2.6+0.0s
[360/1120]	[L1: 0.0268]	2.6+0.0s
[400/1120]	[L1: 0.0270]	2.7+0.0s
[440/1120]	[L1: 0.0266]	2.6+0.0s
[480/1120]	[L1: 0.0266]	2.6+0.0s
[520/1120]	[L1: 0.0267]	2.6+0.0s
[560/1120]	[L1: 0.0265]	2.6+0.0s
[600/1120]	[L1: 0.0267]	2.6+0.0s
[640/1120]	[L1: 0.0266]	2.7+0.0s
[680/1120]	[L1: 0.0265]	2.6+0.0s
[720/1120]	[L1: 0.0264]	2.6+0.0s
[760/1120]	[L1: 0.0262]	2.6+0.0s
[800/1120]	[L1: 0.0260]	2.6+0.0s
[840/1120]	[L1: 0.0259]	2.7+0.0s
[880/1120]	[L1: 0.0259]	2.6+0.0s
[920/1120]	[L1: 0.0260]	2.6+0.0s
[960/1120]	[L1: 0.0261]	2.6+0.0s
[1000/1120]	[L1: 0.0260]	2.6+0.0s
[1040/1120]	[L1: 0.0259]	2.6+0.0s
[1080/1120]	[L1: 0.0259]	2.6+0.0s
[1120/1120]	[L1: 0.0259]	2.7+0.0s

Evaluation:
[RSSCN7 x3]	psnr: 29.301 (Best: 29.329 @epoch 138)
Total time: 39.87s

[Epoch 150]	Learning rate: 2.00e-4
[40/1120]	[L1: 0.0257]	2.6+0.0s
[80/1120]	[L1: 0.0268]	2.6+0.0s
[120/1120]	[L1: 0.0260]	2.7+0.0s
[160/1120]	[L1: 0.0261]	2.6+0.0s
[200/1120]	[L1: 0.0262]	2.8+0.0s
[240/1120]	[L1: 0.0262]	2.7+0.0s
[280/1120]	[L1: 0.0265]	2.6+0.0s
[320/1120]	[L1: 0.0263]	2.6+0.0s
[360/1120]	[L1: 0.0264]	2.7+0.0s
[400/1120]	[L1: 0.0261]	2.6+0.0s
[440/1120]	[L1: 0.0262]	2.6+0.0s
[480/1120]	[L1: 0.0259]	2.6+0.0s
[520/1120]	[L1: 0.0261]	2.8+0.0s
[560/1120]	[L1: 0.0259]	2.8+0.0s
[600/1120]	[L1: 0.0259]	2.6+0.0s
[640/1120]	[L1: 0.0258]	2.7+0.0s
[680/1120]	[L1: 0.0259]	2.6+0.0s
[720/1120]	[L1: 0.0261]	2.6+0.0s
[760/1120]	[L1: 0.0261]	2.6+0.0s
[800/1120]	[L1: 0.0260]	2.7+0.0s
[840/1120]	[L1: 0.0259]	2.6+0.0s
[880/1120]	[L1: 0.0260]	2.8+0.0s
[920/1120]	[L1: 0.0260]	2.8+0.0s
[960/1120]	[L1: 0.0261]	2.8+0.0s
[1000/1120]	[L1: 0.0261]	2.7+0.0s
[1040/1120]	[L1: 0.0260]	2.6+0.0s
[1080/1120]	[L1: 0.0259]	2.6+0.0s
[1120/1120]	[L1: 0.0259]	2.6+0.0s

Evaluation:
[RSSCN7 x3]	psnr: 29.254 (Best: 29.329 @epoch 138)
Total time: 40.17s

[Epoch 151]	Learning rate: 2.00e-4
[40/1120]	[L1: 0.0220]	2.7+0.0s
[80/1120]	[L1: 0.0229]	2.6+0.0s
[120/1120]	[L1: 0.0240]	2.6+0.0s
[160/1120]	[L1: 0.0245]	2.6+0.0s
[200/1120]	[L1: 0.0253]	2.6+0.0s
[240/1120]	[L1: 0.0261]	2.7+0.0s
[280/1120]	[L1: 0.0259]	2.6+0.0s
[320/1120]	[L1: 0.0254]	2.6+0.0s
[360/1120]	[L1: 0.0256]	2.6+0.0s
[400/1120]	[L1: 0.0257]	2.6+0.0s
[440/1120]	[L1: 0.0257]	2.6+0.0s
[480/1120]	[L1: 0.0259]	2.7+0.0s
[520/1120]	[L1: 0.0260]	2.6+0.0s
[560/1120]	[L1: 0.0261]	2.6+0.0s
[600/1120]	[L1: 0.0261]	2.6+0.0s
[640/1120]	[L1: 0.0260]	2.6+0.0s
[680/1120]	[L1: 0.0262]	2.7+0.0s
[720/1120]	[L1: 0.0262]	2.6+0.0s
[760/1120]	[L1: 0.0262]	2.8+0.0s
[800/1120]	[L1: 0.0262]	2.8+0.0s
[840/1120]	[L1: 0.0263]	2.6+0.0s
[880/1120]	[L1: 0.0263]	2.6+0.0s
[920/1120]	[L1: 0.0262]	2.7+0.0s
[960/1120]	[L1: 0.0263]	2.6+0.0s
[1000/1120]	[L1: 0.0262]	2.6+0.0s
[1040/1120]	[L1: 0.0261]	2.6+0.0s
[1080/1120]	[L1: 0.0260]	2.6+0.0s
[1120/1120]	[L1: 0.0260]	2.7+0.0s

Evaluation:
[RSSCN7 x3]	psnr: 29.220 (Best: 29.329 @epoch 138)
Total time: 39.96s

[Epoch 152]	Learning rate: 2.00e-4
[40/1120]	[L1: 0.0277]	2.6+0.0s
[80/1120]	[L1: 0.0264]	2.6+0.0s
[120/1120]	[L1: 0.0266]	2.6+0.0s
[160/1120]	[L1: 0.0260]	2.7+0.0s
[200/1120]	[L1: 0.0254]	2.6+0.0s
[240/1120]	[L1: 0.0249]	2.6+0.0s
[280/1120]	[L1: 0.0249]	2.6+0.0s
[320/1120]	[L1: 0.0255]	2.6+0.0s
[360/1120]	[L1: 0.0258]	2.7+0.0s
[400/1120]	[L1: 0.0266]	2.6+0.0s
[440/1120]	[L1: 0.0267]	2.6+0.0s
[480/1120]	[L1: 0.0268]	2.7+0.0s
[520/1120]	[L1: 0.0267]	2.6+0.0s
[560/1120]	[L1: 0.0265]	2.6+0.0s
[600/1120]	[L1: 0.0265]	2.6+0.0s
[640/1120]	[L1: 0.0263]	2.7+0.0s
[680/1120]	[L1: 0.0263]	2.7+0.0s
[720/1120]	[L1: 0.0264]	2.8+0.0s
[760/1120]	[L1: 0.0263]	2.6+0.0s
[800/1120]	[L1: 0.0263]	2.7+0.0s
[840/1120]	[L1: 0.0263]	2.6+0.0s
[880/1120]	[L1: 0.0262]	2.6+0.0s
[920/1120]	[L1: 0.0263]	2.7+0.0s
[960/1120]	[L1: 0.0262]	2.7+0.0s
[1000/1120]	[L1: 0.0262]	2.6+0.0s
[1040/1120]	[L1: 0.0261]	2.6+0.0s
[1080/1120]	[L1: 0.0260]	2.7+0.0s
[1120/1120]	[L1: 0.0260]	2.6+0.0s

Evaluation:
[RSSCN7 x3]	psnr: 29.275 (Best: 29.329 @epoch 138)
Total time: 39.82s

[Epoch 153]	Learning rate: 2.00e-4
[40/1120]	[L1: 0.0244]	2.6+0.0s
[80/1120]	[L1: 0.0248]	2.7+0.0s
[120/1120]	[L1: 0.0258]	2.6+0.0s
[160/1120]	[L1: 0.0271]	2.6+0.0s
[200/1120]	[L1: 0.0272]	2.6+0.0s
[240/1120]	[L1: 0.0264]	2.6+0.0s
[280/1120]	[L1: 0.0264]	2.6+0.0s
[320/1120]	[L1: 0.0261]	2.7+0.0s
[360/1120]	[L1: 0.0259]	2.6+0.0s
[400/1120]	[L1: 0.0259]	2.6+0.0s
[440/1120]	[L1: 0.0258]	2.6+0.0s
[480/1120]	[L1: 0.0259]	2.6+0.0s
[520/1120]	[L1: 0.0261]	2.7+0.0s
[560/1120]	[L1: 0.0261]	2.6+0.0s
[600/1120]	[L1: 0.0261]	2.6+0.0s
[640/1120]	[L1: 0.0260]	2.6+0.0s
[680/1120]	[L1: 0.0260]	2.6+0.0s
[720/1120]	[L1: 0.0259]	2.6+0.0s
[760/1120]	[L1: 0.0259]	2.7+0.0s
[800/1120]	[L1: 0.0259]	2.6+0.0s
[840/1120]	[L1: 0.0258]	2.6+0.0s
[880/1120]	[L1: 0.0259]	2.6+0.0s
[920/1120]	[L1: 0.0260]	2.6+0.0s
[960/1120]	[L1: 0.0260]	2.7+0.0s
[1000/1120]	[L1: 0.0261]	2.6+0.0s
[1040/1120]	[L1: 0.0261]	2.6+0.0s
[1080/1120]	[L1: 0.0263]	2.6+0.0s
[1120/1120]	[L1: 0.0262]	2.6+0.0s

Evaluation:
[RSSCN7 x3]	psnr: 29.308 (Best: 29.329 @epoch 138)
Total time: 40.13s

[Epoch 154]	Learning rate: 2.00e-4
[40/1120]	[L1: 0.0277]	2.6+0.0s
[80/1120]	[L1: 0.0256]	2.6+0.0s
[120/1120]	[L1: 0.0259]	2.6+0.0s
[160/1120]	[L1: 0.0256]	2.6+0.0s
[200/1120]	[L1: 0.0258]	2.9+0.0s
[240/1120]	[L1: 0.0251]	2.6+0.0s
[280/1120]	[L1: 0.0251]	2.6+0.0s
[320/1120]	[L1: 0.0256]	2.6+0.0s
[360/1120]	[L1: 0.0260]	2.6+0.0s
[400/1120]	[L1: 0.0260]	2.6+0.0s
[440/1120]	[L1: 0.0257]	2.6+0.0s
[480/1120]	[L1: 0.0254]	2.7+0.0s
[520/1120]	[L1: 0.0258]	2.6+0.0s
[560/1120]	[L1: 0.0263]	2.6+0.0s
[600/1120]	[L1: 0.0263]	2.6+0.0s
[640/1120]	[L1: 0.0262]	2.7+0.0s
[680/1120]	[L1: 0.0264]	2.6+0.0s
[720/1120]	[L1: 0.0266]	2.6+0.0s
[760/1120]	[L1: 0.0266]	2.6+0.0s
[800/1120]	[L1: 0.0265]	2.6+0.0s
[840/1120]	[L1: 0.0264]	2.6+0.0s
[880/1120]	[L1: 0.0265]	2.6+0.0s
[920/1120]	[L1: 0.0263]	2.7+0.0s
[960/1120]	[L1: 0.0264]	2.7+0.0s
[1000/1120]	[L1: 0.0263]	2.8+0.0s
[1040/1120]	[L1: 0.0263]	2.8+0.0s
[1080/1120]	[L1: 0.0263]	2.8+0.0s
[1120/1120]	[L1: 0.0264]	2.6+0.0s

Evaluation:
[RSSCN7 x3]	psnr: 29.336 (Best: 29.336 @epoch 154)
Total time: 40.33s

[Epoch 155]	Learning rate: 2.00e-4
[40/1120]	[L1: 0.0226]	2.6+0.0s
[80/1120]	[L1: 0.0245]	2.7+0.0s
[120/1120]	[L1: 0.0245]	2.6+0.0s
[160/1120]	[L1: 0.0249]	2.6+0.0s
[200/1120]	[L1: 0.0244]	2.6+0.0s
[240/1120]	[L1: 0.0247]	2.6+0.0s
[280/1120]	[L1: 0.0247]	2.6+0.0s
[320/1120]	[L1: 0.0248]	2.6+0.0s
[360/1120]	[L1: 0.0250]	2.7+0.0s
[400/1120]	[L1: 0.0251]	2.6+0.0s
[440/1120]	[L1: 0.0249]	2.6+0.0s
[480/1120]	[L1: 0.0249]	2.6+0.0s
[520/1120]	[L1: 0.0249]	2.6+0.0s
[560/1120]	[L1: 0.0251]	2.7+0.0s
[600/1120]	[L1: 0.0250]	2.8+0.0s
[640/1120]	[L1: 0.0250]	2.9+0.0s
[680/1120]	[L1: 0.0251]	2.7+0.0s
[720/1120]	[L1: 0.0254]	2.7+0.0s
[760/1120]	[L1: 0.0253]	2.7+0.0s
[800/1120]	[L1: 0.0254]	2.8+0.0s
[840/1120]	[L1: 0.0255]	2.7+0.0s
[880/1120]	[L1: 0.0255]	2.6+0.0s
[920/1120]	[L1: 0.0256]	2.6+0.0s
[960/1120]	[L1: 0.0256]	2.6+0.0s
[1000/1120]	[L1: 0.0256]	2.7+0.0s
[1040/1120]	[L1: 0.0258]	2.6+0.0s
[1080/1120]	[L1: 0.0259]	2.6+0.0s
[1120/1120]	[L1: 0.0259]	2.7+0.0s

Evaluation:
[RSSCN7 x3]	psnr: 29.323 (Best: 29.336 @epoch 154)
Total time: 40.51s

[Epoch 156]	Learning rate: 2.00e-4
[40/1120]	[L1: 0.0298]	2.7+0.0s
[80/1120]	[L1: 0.0256]	2.6+0.0s
[120/1120]	[L1: 0.0257]	2.6+0.0s
[160/1120]	[L1: 0.0255]	2.6+0.0s
[200/1120]	[L1: 0.0253]	2.6+0.0s
[240/1120]	[L1: 0.0255]	2.6+0.0s
[280/1120]	[L1: 0.0255]	2.7+0.0s
[320/1120]	[L1: 0.0261]	2.6+0.0s
[360/1120]	[L1: 0.0261]	2.6+0.0s
[400/1120]	[L1: 0.0259]	2.6+0.0s
[440/1120]	[L1: 0.0257]	2.6+0.0s
[480/1120]	[L1: 0.0256]	2.7+0.0s
[520/1120]	[L1: 0.0256]	2.6+0.0s
[560/1120]	[L1: 0.0256]	2.6+0.0s
[600/1120]	[L1: 0.0256]	2.6+0.0s
[640/1120]	[L1: 0.0254]	2.6+0.0s
[680/1120]	[L1: 0.0256]	2.6+0.0s
[720/1120]	[L1: 0.0258]	2.7+0.0s
[760/1120]	[L1: 0.0256]	2.6+0.0s
[800/1120]	[L1: 0.0255]	2.6+0.0s
[840/1120]	[L1: 0.0254]	2.6+0.0s
[880/1120]	[L1: 0.0254]	2.6+0.0s
[920/1120]	[L1: 0.0255]	2.7+0.0s
[960/1120]	[L1: 0.0258]	2.6+0.0s
[1000/1120]	[L1: 0.0259]	2.6+0.0s
[1040/1120]	[L1: 0.0259]	2.6+0.0s
[1080/1120]	[L1: 0.0257]	2.6+0.0s
[1120/1120]	[L1: 0.0258]	2.6+0.0s

Evaluation:
[RSSCN7 x3]	psnr: 29.315 (Best: 29.336 @epoch 154)
Total time: 40.34s

[Epoch 157]	Learning rate: 2.00e-4
[40/1120]	[L1: 0.0214]	2.6+0.0s
[80/1120]	[L1: 0.0243]	2.6+0.0s
[120/1120]	[L1: 0.0263]	2.6+0.0s
[160/1120]	[L1: 0.0256]	2.6+0.0s
[200/1120]	[L1: 0.0257]	2.7+0.0s
[240/1120]	[L1: 0.0257]	2.6+0.0s
[280/1120]	[L1: 0.0258]	2.6+0.0s
[320/1120]	[L1: 0.0260]	2.6+0.0s
[360/1120]	[L1: 0.0260]	2.6+0.0s
[400/1120]	[L1: 0.0261]	2.6+0.0s
[440/1120]	[L1: 0.0267]	2.7+0.0s
[480/1120]	[L1: 0.0265]	2.6+0.0s
[520/1120]	[L1: 0.0266]	2.6+0.0s
[560/1120]	[L1: 0.0262]	2.6+0.0s
[600/1120]	[L1: 0.0260]	2.6+0.0s
[640/1120]	[L1: 0.0259]	2.7+0.0s
[680/1120]	[L1: 0.0258]	2.6+0.0s
[720/1120]	[L1: 0.0257]	2.6+0.0s
[760/1120]	[L1: 0.0256]	2.6+0.0s
[800/1120]	[L1: 0.0256]	2.6+0.0s
[840/1120]	[L1: 0.0256]	2.6+0.0s
[880/1120]	[L1: 0.0255]	2.7+0.0s
[920/1120]	[L1: 0.0256]	2.6+0.0s
[960/1120]	[L1: 0.0256]	2.6+0.0s
[1000/1120]	[L1: 0.0257]	2.8+0.0s
[1040/1120]	[L1: 0.0258]	2.7+0.0s
[1080/1120]	[L1: 0.0258]	2.7+0.0s
[1120/1120]	[L1: 0.0259]	2.6+0.0s

Evaluation:
[RSSCN7 x3]	psnr: 29.284 (Best: 29.336 @epoch 154)
Total time: 40.26s

[Epoch 158]	Learning rate: 2.00e-4
[40/1120]	[L1: 0.0248]	2.6+0.0s
[80/1120]	[L1: 0.0255]	2.7+0.0s
[120/1120]	[L1: 0.0264]	2.6+0.0s
[160/1120]	[L1: 0.0255]	2.8+0.0s
[200/1120]	[L1: 0.0259]	2.6+0.0s
[240/1120]	[L1: 0.0259]	2.6+0.0s
[280/1120]	[L1: 0.0266]	2.6+0.0s
[320/1120]	[L1: 0.0264]	2.6+0.0s
[360/1120]	[L1: 0.0261]	2.7+0.0s
[400/1120]	[L1: 0.0264]	2.6+0.0s
[440/1120]	[L1: 0.0263]	2.6+0.0s
[480/1120]	[L1: 0.0264]	2.6+0.0s
[520/1120]	[L1: 0.0262]	2.6+0.0s
[560/1120]	[L1: 0.0262]	2.7+0.0s
[600/1120]	[L1: 0.0259]	2.6+0.0s
[640/1120]	[L1: 0.0259]	2.6+0.0s
[680/1120]	[L1: 0.0260]	2.6+0.0s
[720/1120]	[L1: 0.0260]	2.6+0.0s
[760/1120]	[L1: 0.0261]	2.6+0.0s
[800/1120]	[L1: 0.0261]	2.7+0.0s
[840/1120]	[L1: 0.0260]	2.6+0.0s
[880/1120]	[L1: 0.0261]	2.6+0.0s
[920/1120]	[L1: 0.0265]	2.6+0.0s
[960/1120]	[L1: 0.0264]	2.6+0.0s
[1000/1120]	[L1: 0.0263]	2.7+0.0s
[1040/1120]	[L1: 0.0261]	2.6+0.0s
[1080/1120]	[L1: 0.0262]	2.6+0.0s
[1120/1120]	[L1: 0.0262]	2.6+0.0s

Evaluation:
[RSSCN7 x3]	psnr: 29.329 (Best: 29.336 @epoch 154)
Total time: 41.39s

[Epoch 159]	Learning rate: 2.00e-4
[40/1120]	[L1: 0.0242]	2.7+0.0s
[80/1120]	[L1: 0.0275]	2.6+0.0s
[120/1120]	[L1: 0.0267]	2.6+0.0s
[160/1120]	[L1: 0.0264]	2.6+0.0s
[200/1120]	[L1: 0.0270]	2.6+0.0s
[240/1120]	[L1: 0.0278]	2.6+0.0s
[280/1120]	[L1: 0.0279]	2.7+0.0s
[320/1120]	[L1: 0.0276]	2.6+0.0s
[360/1120]	[L1: 0.0274]	2.6+0.0s
[400/1120]	[L1: 0.0274]	2.6+0.0s
[440/1120]	[L1: 0.0271]	2.6+0.0s
[480/1120]	[L1: 0.0269]	2.7+0.0s
[520/1120]	[L1: 0.0268]	2.6+0.0s
[560/1120]	[L1: 0.0267]	2.6+0.0s
[600/1120]	[L1: 0.0267]	2.6+0.0s
[640/1120]	[L1: 0.0266]	2.6+0.0s
[680/1120]	[L1: 0.0266]	2.6+0.0s
[720/1120]	[L1: 0.0266]	2.7+0.0s
[760/1120]	[L1: 0.0263]	2.6+0.0s
[800/1120]	[L1: 0.0263]	2.6+0.0s
[840/1120]	[L1: 0.0262]	2.6+0.0s
[880/1120]	[L1: 0.0263]	2.6+0.0s
[920/1120]	[L1: 0.0264]	2.7+0.0s
[960/1120]	[L1: 0.0265]	2.6+0.0s
[1000/1120]	[L1: 0.0267]	2.6+0.0s
[1040/1120]	[L1: 0.0265]	2.6+0.0s
[1080/1120]	[L1: 0.0263]	2.6+0.0s
[1120/1120]	[L1: 0.0263]	2.6+0.0s

Evaluation:
[RSSCN7 x3]	psnr: 29.333 (Best: 29.336 @epoch 154)
Total time: 40.39s

[Epoch 160]	Learning rate: 2.00e-4
[40/1120]	[L1: 0.0270]	2.6+0.0s
[80/1120]	[L1: 0.0271]	2.6+0.0s
[120/1120]	[L1: 0.0262]	2.6+0.0s
[160/1120]	[L1: 0.0270]	2.6+0.0s
[200/1120]	[L1: 0.0264]	2.7+0.0s
[240/1120]	[L1: 0.0261]	2.6+0.0s
[280/1120]	[L1: 0.0263]	2.6+0.0s
[320/1120]	[L1: 0.0261]	2.6+0.0s
[360/1120]	[L1: 0.0262]	2.6+0.0s
[400/1120]	[L1: 0.0264]	2.6+0.0s
[440/1120]	[L1: 0.0262]	2.7+0.0s
[480/1120]	[L1: 0.0263]	2.6+0.0s
[520/1120]	[L1: 0.0264]	2.6+0.0s
[560/1120]	[L1: 0.0262]	2.6+0.0s
[600/1120]	[L1: 0.0260]	2.6+0.0s
[640/1120]	[L1: 0.0262]	2.7+0.0s
[680/1120]	[L1: 0.0262]	2.6+0.0s
[720/1120]	[L1: 0.0261]	2.6+0.0s
[760/1120]	[L1: 0.0260]	2.6+0.0s
[800/1120]	[L1: 0.0259]	2.6+0.0s
[840/1120]	[L1: 0.0261]	2.6+0.0s
[880/1120]	[L1: 0.0261]	2.7+0.0s
[920/1120]	[L1: 0.0260]	2.6+0.0s
[960/1120]	[L1: 0.0261]	2.6+0.0s
[1000/1120]	[L1: 0.0260]	2.6+0.0s
[1040/1120]	[L1: 0.0261]	2.6+0.0s
[1080/1120]	[L1: 0.0260]	2.7+0.0s
[1120/1120]	[L1: 0.0259]	2.6+0.0s

Evaluation:
[RSSCN7 x3]	psnr: 29.318 (Best: 29.336 @epoch 154)
Total time: 40.78s

[Epoch 161]	Learning rate: 2.00e-4
[40/1120]	[L1: 0.0204]	2.8+0.0s
[80/1120]	[L1: 0.0224]	2.9+0.0s
[120/1120]	[L1: 0.0239]	2.6+0.0s
[160/1120]	[L1: 0.0253]	2.6+0.0s
[200/1120]	[L1: 0.0254]	2.6+0.0s
[240/1120]	[L1: 0.0254]	2.6+0.0s
[280/1120]	[L1: 0.0257]	2.6+0.0s
[320/1120]	[L1: 0.0261]	2.6+0.0s
[360/1120]	[L1: 0.0263]	2.7+0.0s
[400/1120]	[L1: 0.0263]	2.6+0.0s
[440/1120]	[L1: 0.0260]	2.6+0.0s
[480/1120]	[L1: 0.0260]	2.6+0.0s
[520/1120]	[L1: 0.0259]	2.6+0.0s
[560/1120]	[L1: 0.0259]	2.7+0.0s
[600/1120]	[L1: 0.0260]	2.6+0.0s
[640/1120]	[L1: 0.0259]	2.6+0.0s
[680/1120]	[L1: 0.0260]	2.6+0.0s
[720/1120]	[L1: 0.0261]	2.6+0.0s
[760/1120]	[L1: 0.0262]	2.6+0.0s
[800/1120]	[L1: 0.0262]	2.7+0.0s
[840/1120]	[L1: 0.0263]	2.6+0.0s
[880/1120]	[L1: 0.0263]	2.6+0.0s
[920/1120]	[L1: 0.0263]	2.6+0.0s
[960/1120]	[L1: 0.0262]	2.6+0.0s
[1000/1120]	[L1: 0.0261]	2.7+0.0s
[1040/1120]	[L1: 0.0261]	2.6+0.0s
[1080/1120]	[L1: 0.0261]	2.6+0.0s
[1120/1120]	[L1: 0.0261]	2.6+0.0s

Evaluation:
[RSSCN7 x3]	psnr: 29.304 (Best: 29.336 @epoch 154)
Total time: 40.17s

[Epoch 162]	Learning rate: 2.00e-4
[40/1120]	[L1: 0.0270]	2.7+0.0s
[80/1120]	[L1: 0.0263]	2.6+0.0s
[120/1120]	[L1: 0.0253]	2.6+0.0s
[160/1120]	[L1: 0.0263]	2.6+0.0s
[200/1120]	[L1: 0.0257]	2.6+0.0s
[240/1120]	[L1: 0.0252]	2.6+0.0s
[280/1120]	[L1: 0.0256]	2.7+0.0s
[320/1120]	[L1: 0.0257]	2.6+0.0s
[360/1120]	[L1: 0.0258]	2.6+0.0s
[400/1120]	[L1: 0.0256]	2.6+0.0s
[440/1120]	[L1: 0.0259]	2.6+0.0s
[480/1120]	[L1: 0.0260]	2.7+0.0s
[520/1120]	[L1: 0.0259]	2.6+0.0s
[560/1120]	[L1: 0.0260]	2.6+0.0s
[600/1120]	[L1: 0.0260]	2.6+0.0s
[640/1120]	[L1: 0.0260]	2.6+0.0s
[680/1120]	[L1: 0.0260]	2.6+0.0s
[720/1120]	[L1: 0.0258]	2.7+0.0s
[760/1120]	[L1: 0.0259]	2.6+0.0s
[800/1120]	[L1: 0.0259]	2.6+0.0s
[840/1120]	[L1: 0.0260]	2.6+0.0s
[880/1120]	[L1: 0.0258]	2.6+0.0s
[920/1120]	[L1: 0.0259]	2.7+0.0s
[960/1120]	[L1: 0.0258]	2.7+0.0s
[1000/1120]	[L1: 0.0258]	2.8+0.0s
[1040/1120]	[L1: 0.0258]	2.8+0.0s
[1080/1120]	[L1: 0.0258]	2.6+0.0s
[1120/1120]	[L1: 0.0258]	2.6+0.0s

Evaluation:
[RSSCN7 x3]	psnr: 29.328 (Best: 29.336 @epoch 154)
Total time: 41.00s

[Epoch 163]	Learning rate: 2.00e-4
[40/1120]	[L1: 0.0276]	2.6+0.0s
[80/1120]	[L1: 0.0260]	2.6+0.0s
[120/1120]	[L1: 0.0260]	2.6+0.0s
[160/1120]	[L1: 0.0258]	2.6+0.0s
[200/1120]	[L1: 0.0260]	2.7+0.0s
[240/1120]	[L1: 0.0261]	2.6+0.0s
[280/1120]	[L1: 0.0263]	2.6+0.0s
[320/1120]	[L1: 0.0257]	2.6+0.0s
[360/1120]	[L1: 0.0256]	2.6+0.0s
[400/1120]	[L1: 0.0253]	2.6+0.0s
[440/1120]	[L1: 0.0252]	2.7+0.0s
[480/1120]	[L1: 0.0256]	2.6+0.0s
[520/1120]	[L1: 0.0258]	2.6+0.0s
[560/1120]	[L1: 0.0258]	2.7+0.0s
[600/1120]	[L1: 0.0258]	2.8+0.0s
[640/1120]	[L1: 0.0258]	2.7+0.0s
[680/1120]	[L1: 0.0259]	2.6+0.0s
[720/1120]	[L1: 0.0261]	2.6+0.0s
[760/1120]	[L1: 0.0261]	2.7+0.0s
[800/1120]	[L1: 0.0260]	2.6+0.0s
[840/1120]	[L1: 0.0258]	2.6+0.0s
[880/1120]	[L1: 0.0258]	2.7+0.0s
[920/1120]	[L1: 0.0258]	2.6+0.0s
[960/1120]	[L1: 0.0257]	2.6+0.0s
[1000/1120]	[L1: 0.0258]	2.6+0.0s
[1040/1120]	[L1: 0.0257]	2.6+0.0s
[1080/1120]	[L1: 0.0256]	2.7+0.0s
[1120/1120]	[L1: 0.0258]	2.6+0.0s

Evaluation:
[RSSCN7 x3]	psnr: 29.293 (Best: 29.336 @epoch 154)
Total time: 40.58s

[Epoch 164]	Learning rate: 2.00e-4
[40/1120]	[L1: 0.0243]	2.6+0.0s
[80/1120]	[L1: 0.0245]	2.7+0.0s
[120/1120]	[L1: 0.0245]	2.6+0.0s
[160/1120]	[L1: 0.0261]	2.6+0.0s
[200/1120]	[L1: 0.0260]	2.6+0.0s
[240/1120]	[L1: 0.0256]	2.6+0.0s
[280/1120]	[L1: 0.0255]	2.6+0.0s
[320/1120]	[L1: 0.0262]	2.6+0.0s
[360/1120]	[L1: 0.0259]	2.7+0.0s
[400/1120]	[L1: 0.0258]	2.6+0.0s
[440/1120]	[L1: 0.0257]	2.6+0.0s
[480/1120]	[L1: 0.0257]	2.6+0.0s
[520/1120]	[L1: 0.0258]	2.6+0.0s
[560/1120]	[L1: 0.0259]	2.7+0.0s
[600/1120]	[L1: 0.0260]	2.6+0.0s
[640/1120]	[L1: 0.0260]	2.6+0.0s
[680/1120]	[L1: 0.0259]	2.6+0.0s
[720/1120]	[L1: 0.0259]	2.6+0.0s
[760/1120]	[L1: 0.0260]	2.6+0.0s
[800/1120]	[L1: 0.0261]	2.7+0.0s
[840/1120]	[L1: 0.0262]	2.8+0.0s
[880/1120]	[L1: 0.0261]	2.7+0.0s
[920/1120]	[L1: 0.0261]	2.6+0.0s
[960/1120]	[L1: 0.0259]	2.6+0.0s
[1000/1120]	[L1: 0.0260]	2.7+0.0s
[1040/1120]	[L1: 0.0259]	2.6+0.0s
[1080/1120]	[L1: 0.0259]	2.6+0.0s
[1120/1120]	[L1: 0.0260]	2.7+0.0s

Evaluation:
[RSSCN7 x3]	psnr: 29.346 (Best: 29.346 @epoch 164)
Total time: 40.59s

[Epoch 165]	Learning rate: 2.00e-4
[40/1120]	[L1: 0.0280]	2.7+0.0s
[80/1120]	[L1: 0.0262]	2.6+0.0s
[120/1120]	[L1: 0.0263]	2.6+0.0s
[160/1120]	[L1: 0.0252]	2.7+0.0s
[200/1120]	[L1: 0.0246]	2.7+0.0s
[240/1120]	[L1: 0.0248]	2.6+0.0s
[280/1120]	[L1: 0.0253]	2.7+0.0s
[320/1120]	[L1: 0.0252]	2.6+0.0s
[360/1120]	[L1: 0.0254]	2.6+0.0s
[400/1120]	[L1: 0.0257]	2.6+0.0s
[440/1120]	[L1: 0.0258]	2.6+0.0s
[480/1120]	[L1: 0.0258]	2.7+0.0s
[520/1120]	[L1: 0.0255]	2.6+0.0s
[560/1120]	[L1: 0.0251]	2.6+0.0s
[600/1120]	[L1: 0.0253]	2.6+0.0s
[640/1120]	[L1: 0.0251]	2.6+0.0s
[680/1120]	[L1: 0.0253]	2.6+0.0s
[720/1120]	[L1: 0.0255]	2.7+0.0s
[760/1120]	[L1: 0.0258]	2.6+0.0s
[800/1120]	[L1: 0.0258]	2.6+0.0s
[840/1120]	[L1: 0.0257]	2.6+0.0s
[880/1120]	[L1: 0.0256]	2.6+0.0s
[920/1120]	[L1: 0.0256]	2.7+0.0s
[960/1120]	[L1: 0.0257]	2.6+0.0s
[1000/1120]	[L1: 0.0255]	2.6+0.0s
[1040/1120]	[L1: 0.0256]	2.6+0.0s
[1080/1120]	[L1: 0.0258]	2.6+0.0s
[1120/1120]	[L1: 0.0259]	2.6+0.0s

Evaluation:
[RSSCN7 x3]	psnr: 29.314 (Best: 29.346 @epoch 164)
Total time: 40.49s

[Epoch 166]	Learning rate: 2.00e-4
[40/1120]	[L1: 0.0235]	2.9+0.0s
[80/1120]	[L1: 0.0266]	2.7+0.0s
[120/1120]	[L1: 0.0272]	2.6+0.0s
[160/1120]	[L1: 0.0270]	2.6+0.0s
[200/1120]	[L1: 0.0260]	2.7+0.0s
[240/1120]	[L1: 0.0267]	2.9+0.0s
[280/1120]	[L1: 0.0266]	2.8+0.0s
[320/1120]	[L1: 0.0264]	2.6+0.0s
[360/1120]	[L1: 0.0264]	2.6+0.0s
[400/1120]	[L1: 0.0263]	2.6+0.0s
[440/1120]	[L1: 0.0265]	2.7+0.0s
[480/1120]	[L1: 0.0266]	2.6+0.0s
[520/1120]	[L1: 0.0263]	2.6+0.0s
[560/1120]	[L1: 0.0261]	2.6+0.0s
[600/1120]	[L1: 0.0260]	2.6+0.0s
[640/1120]	[L1: 0.0262]	2.6+0.0s
[680/1120]	[L1: 0.0263]	2.7+0.0s
[720/1120]	[L1: 0.0261]	2.6+0.0s
[760/1120]	[L1: 0.0262]	2.6+0.0s
[800/1120]	[L1: 0.0263]	2.6+0.0s
[840/1120]	[L1: 0.0264]	2.6+0.0s
[880/1120]	[L1: 0.0264]	2.7+0.0s
[920/1120]	[L1: 0.0263]	2.6+0.0s
[960/1120]	[L1: 0.0263]	2.6+0.0s
[1000/1120]	[L1: 0.0263]	2.6+0.0s
[1040/1120]	[L1: 0.0261]	2.6+0.0s
[1080/1120]	[L1: 0.0259]	2.6+0.0s
[1120/1120]	[L1: 0.0259]	2.6+0.0s

Evaluation:
[RSSCN7 x3]	psnr: 29.336 (Best: 29.346 @epoch 164)
Total time: 40.69s

[Epoch 167]	Learning rate: 2.00e-4
[40/1120]	[L1: 0.0259]	2.8+0.0s
[80/1120]	[L1: 0.0266]	2.8+0.0s
[120/1120]	[L1: 0.0268]	2.7+0.0s
[160/1120]	[L1: 0.0258]	2.7+0.0s
[200/1120]	[L1: 0.0261]	2.6+0.0s
[240/1120]	[L1: 0.0258]	2.6+0.0s
[280/1120]	[L1: 0.0255]	2.6+0.0s
[320/1120]	[L1: 0.0259]	2.6+0.0s
[360/1120]	[L1: 0.0256]	2.6+0.0s
[400/1120]	[L1: 0.0256]	2.7+0.0s
[440/1120]	[L1: 0.0255]	2.6+0.0s
[480/1120]	[L1: 0.0259]	2.6+0.0s
[520/1120]	[L1: 0.0259]	2.6+0.0s
[560/1120]	[L1: 0.0261]	2.6+0.0s
[600/1120]	[L1: 0.0258]	2.7+0.0s
[640/1120]	[L1: 0.0259]	2.6+0.0s
[680/1120]	[L1: 0.0259]	2.6+0.0s
[720/1120]	[L1: 0.0258]	2.6+0.0s
[760/1120]	[L1: 0.0259]	2.6+0.0s
[800/1120]	[L1: 0.0260]	2.6+0.0s
[840/1120]	[L1: 0.0260]	2.6+0.0s
[880/1120]	[L1: 0.0259]	2.7+0.0s
[920/1120]	[L1: 0.0259]	2.6+0.0s
[960/1120]	[L1: 0.0260]	2.6+0.0s
[1000/1120]	[L1: 0.0260]	2.6+0.0s
[1040/1120]	[L1: 0.0260]	2.7+0.0s
[1080/1120]	[L1: 0.0260]	2.6+0.0s
[1120/1120]	[L1: 0.0259]	2.6+0.0s

Evaluation:
[RSSCN7 x3]	psnr: 29.325 (Best: 29.346 @epoch 164)
Total time: 40.45s

[Epoch 168]	Learning rate: 2.00e-4
[40/1120]	[L1: 0.0239]	2.8+0.0s
[80/1120]	[L1: 0.0235]	2.9+0.0s
[120/1120]	[L1: 0.0247]	2.7+0.0s
[160/1120]	[L1: 0.0254]	2.6+0.0s
[200/1120]	[L1: 0.0250]	2.6+0.0s
[240/1120]	[L1: 0.0256]	2.6+0.0s
[280/1120]	[L1: 0.0260]	2.6+0.0s
[320/1120]	[L1: 0.0263]	2.7+0.0s
[360/1120]	[L1: 0.0261]	2.6+0.0s
[400/1120]	[L1: 0.0264]	2.6+0.0s
[440/1120]	[L1: 0.0264]	2.6+0.0s
[480/1120]	[L1: 0.0261]	2.6+0.0s
[520/1120]	[L1: 0.0260]	2.7+0.0s
[560/1120]	[L1: 0.0258]	2.6+0.0s
[600/1120]	[L1: 0.0257]	2.6+0.0s
[640/1120]	[L1: 0.0257]	2.6+0.0s
[680/1120]	[L1: 0.0257]	2.6+0.0s
[720/1120]	[L1: 0.0257]	2.6+0.0s
[760/1120]	[L1: 0.0257]	2.7+0.0s
[800/1120]	[L1: 0.0257]	2.6+0.0s
[840/1120]	[L1: 0.0257]	2.6+0.0s
[880/1120]	[L1: 0.0256]	2.6+0.0s
[920/1120]	[L1: 0.0257]	2.6+0.0s
[960/1120]	[L1: 0.0258]	2.7+0.0s
[1000/1120]	[L1: 0.0258]	2.6+0.0s
[1040/1120]	[L1: 0.0258]	2.6+0.0s
[1080/1120]	[L1: 0.0259]	2.6+0.0s
[1120/1120]	[L1: 0.0259]	2.6+0.0s

Evaluation:
[RSSCN7 x3]	psnr: 29.330 (Best: 29.346 @epoch 164)
Total time: 40.18s

[Epoch 169]	Learning rate: 2.00e-4
[40/1120]	[L1: 0.0237]	2.8+0.0s
[80/1120]	[L1: 0.0272]	2.6+0.0s
[120/1120]	[L1: 0.0277]	2.6+0.0s
[160/1120]	[L1: 0.0277]	2.6+0.0s
[200/1120]	[L1: 0.0272]	2.7+0.0s
[240/1120]	[L1: 0.0275]	2.6+0.0s
[280/1120]	[L1: 0.0272]	2.6+0.0s
[320/1120]	[L1: 0.0269]	2.6+0.0s
[360/1120]	[L1: 0.0267]	2.6+0.0s
[400/1120]	[L1: 0.0263]	2.6+0.0s
[440/1120]	[L1: 0.0262]	2.6+0.0s
[480/1120]	[L1: 0.0262]	2.7+0.0s
[520/1120]	[L1: 0.0261]	2.6+0.0s
[560/1120]	[L1: 0.0258]	2.6+0.0s
[600/1120]	[L1: 0.0257]	2.6+0.0s
[640/1120]	[L1: 0.0256]	2.6+0.0s
[680/1120]	[L1: 0.0257]	2.7+0.0s
[720/1120]	[L1: 0.0256]	2.6+0.0s
[760/1120]	[L1: 0.0257]	2.6+0.0s
[800/1120]	[L1: 0.0256]	2.6+0.0s
[840/1120]	[L1: 0.0257]	2.6+0.0s
[880/1120]	[L1: 0.0256]	2.6+0.0s
[920/1120]	[L1: 0.0256]	2.7+0.0s
[960/1120]	[L1: 0.0256]	2.6+0.0s
[1000/1120]	[L1: 0.0258]	2.6+0.0s
[1040/1120]	[L1: 0.0258]	2.6+0.0s
[1080/1120]	[L1: 0.0257]	2.6+0.0s
[1120/1120]	[L1: 0.0258]	2.7+0.0s

Evaluation:
[RSSCN7 x3]	psnr: 29.314 (Best: 29.346 @epoch 164)
Total time: 39.97s

[Epoch 170]	Learning rate: 2.00e-4
[40/1120]	[L1: 0.0247]	2.6+0.0s
[80/1120]	[L1: 0.0245]	2.6+0.0s
[120/1120]	[L1: 0.0243]	2.6+0.0s
[160/1120]	[L1: 0.0255]	2.7+0.0s
[200/1120]	[L1: 0.0262]	2.6+0.0s
[240/1120]	[L1: 0.0259]	2.6+0.0s
[280/1120]	[L1: 0.0257]	2.6+0.0s
[320/1120]	[L1: 0.0262]	2.6+0.0s
[360/1120]	[L1: 0.0263]	2.7+0.0s
[400/1120]	[L1: 0.0267]	2.6+0.0s
[440/1120]	[L1: 0.0266]	2.6+0.0s
[480/1120]	[L1: 0.0265]	2.6+0.0s
[520/1120]	[L1: 0.0263]	2.6+0.0s
[560/1120]	[L1: 0.0262]	2.6+0.0s
[600/1120]	[L1: 0.0261]	2.7+0.0s
[640/1120]	[L1: 0.0260]	2.6+0.0s
[680/1120]	[L1: 0.0261]	2.6+0.0s
[720/1120]	[L1: 0.0260]	2.6+0.0s
[760/1120]	[L1: 0.0258]	2.6+0.0s
[800/1120]	[L1: 0.0256]	2.7+0.0s
[840/1120]	[L1: 0.0258]	2.6+0.0s
[880/1120]	[L1: 0.0258]	2.6+0.0s
[920/1120]	[L1: 0.0259]	2.6+0.0s
[960/1120]	[L1: 0.0260]	2.6+0.0s
[1000/1120]	[L1: 0.0260]	2.6+0.0s
[1040/1120]	[L1: 0.0261]	2.7+0.0s
[1080/1120]	[L1: 0.0261]	2.6+0.0s
[1120/1120]	[L1: 0.0261]	2.6+0.0s

Evaluation:
[RSSCN7 x3]	psnr: 29.332 (Best: 29.346 @epoch 164)
Total time: 40.19s

[Epoch 171]	Learning rate: 2.00e-4
[40/1120]	[L1: 0.0255]	2.7+0.0s
[80/1120]	[L1: 0.0279]	2.6+0.0s
[120/1120]	[L1: 0.0281]	2.6+0.0s
[160/1120]	[L1: 0.0277]	2.6+0.0s
[200/1120]	[L1: 0.0271]	2.6+0.0s
[240/1120]	[L1: 0.0274]	2.6+0.0s
[280/1120]	[L1: 0.0274]	2.6+0.0s
[320/1120]	[L1: 0.0274]	2.7+0.0s
[360/1120]	[L1: 0.0269]	2.6+0.0s
[400/1120]	[L1: 0.0266]	2.6+0.0s
[440/1120]	[L1: 0.0266]	2.6+0.0s
[480/1120]	[L1: 0.0264]	2.6+0.0s
[520/1120]	[L1: 0.0262]	2.7+0.0s
[560/1120]	[L1: 0.0264]	2.6+0.0s
[600/1120]	[L1: 0.0264]	2.6+0.0s
[640/1120]	[L1: 0.0264]	2.6+0.0s
[680/1120]	[L1: 0.0262]	2.6+0.0s
[720/1120]	[L1: 0.0263]	2.6+0.0s
[760/1120]	[L1: 0.0261]	2.9+0.0s
[800/1120]	[L1: 0.0260]	2.7+0.0s
[840/1120]	[L1: 0.0259]	2.6+0.0s
[880/1120]	[L1: 0.0259]	2.6+0.0s
[920/1120]	[L1: 0.0260]	2.6+0.0s
[960/1120]	[L1: 0.0259]	2.7+0.0s
[1000/1120]	[L1: 0.0260]	2.6+0.0s
[1040/1120]	[L1: 0.0259]	2.6+0.0s
[1080/1120]	[L1: 0.0260]	2.6+0.0s
[1120/1120]	[L1: 0.0260]	2.6+0.0s

Evaluation:
[RSSCN7 x3]	psnr: 29.294 (Best: 29.346 @epoch 164)
Total time: 41.08s

[Epoch 172]	Learning rate: 2.00e-4
[40/1120]	[L1: 0.0259]	2.6+0.0s
[80/1120]	[L1: 0.0241]	2.6+0.0s
[120/1120]	[L1: 0.0243]	2.6+0.0s
[160/1120]	[L1: 0.0248]	2.6+0.0s
[200/1120]	[L1: 0.0240]	2.6+0.0s
[240/1120]	[L1: 0.0241]	2.7+0.0s
[280/1120]	[L1: 0.0248]	2.6+0.0s
[320/1120]	[L1: 0.0248]	2.6+0.0s
[360/1120]	[L1: 0.0248]	2.6+0.0s
[400/1120]	[L1: 0.0251]	2.6+0.0s
[440/1120]	[L1: 0.0251]	2.6+0.0s
[480/1120]	[L1: 0.0254]	2.7+0.0s
[520/1120]	[L1: 0.0254]	2.6+0.0s
[560/1120]	[L1: 0.0256]	2.6+0.0s
[600/1120]	[L1: 0.0256]	2.6+0.0s
[640/1120]	[L1: 0.0256]	2.6+0.0s
[680/1120]	[L1: 0.0257]	2.7+0.0s
[720/1120]	[L1: 0.0258]	2.6+0.0s
[760/1120]	[L1: 0.0260]	2.6+0.0s
[800/1120]	[L1: 0.0260]	2.6+0.0s
[840/1120]	[L1: 0.0259]	2.6+0.0s
[880/1120]	[L1: 0.0259]	2.6+0.0s
[920/1120]	[L1: 0.0257]	2.7+0.0s
[960/1120]	[L1: 0.0257]	2.6+0.0s
[1000/1120]	[L1: 0.0257]	2.6+0.0s
[1040/1120]	[L1: 0.0257]	2.6+0.0s
[1080/1120]	[L1: 0.0256]	2.6+0.0s
[1120/1120]	[L1: 0.0257]	2.7+0.0s

Evaluation:
[RSSCN7 x3]	psnr: 29.341 (Best: 29.346 @epoch 164)
Total time: 40.52s

[Epoch 173]	Learning rate: 2.00e-4
[40/1120]	[L1: 0.0262]	2.8+0.0s
[80/1120]	[L1: 0.0268]	2.8+0.0s
[120/1120]	[L1: 0.0266]	2.6+0.0s
[160/1120]	[L1: 0.0262]	2.7+0.0s
[200/1120]	[L1: 0.0248]	2.6+0.0s
[240/1120]	[L1: 0.0251]	2.6+0.0s
[280/1120]	[L1: 0.0253]	2.6+0.0s
[320/1120]	[L1: 0.0257]	2.7+0.0s
[360/1120]	[L1: 0.0253]	2.6+0.0s
[400/1120]	[L1: 0.0255]	2.6+0.0s
[440/1120]	[L1: 0.0254]	2.6+0.0s
[480/1120]	[L1: 0.0253]	2.6+0.0s
[520/1120]	[L1: 0.0254]	2.6+0.0s
[560/1120]	[L1: 0.0255]	2.6+0.0s
[600/1120]	[L1: 0.0255]	2.7+0.0s
[640/1120]	[L1: 0.0256]	2.6+0.0s
[680/1120]	[L1: 0.0258]	2.6+0.0s
[720/1120]	[L1: 0.0258]	2.6+0.0s
[760/1120]	[L1: 0.0260]	2.6+0.0s
[800/1120]	[L1: 0.0260]	2.7+0.0s
[840/1120]	[L1: 0.0260]	2.6+0.0s
[880/1120]	[L1: 0.0260]	2.6+0.0s
[920/1120]	[L1: 0.0260]	2.6+0.0s
[960/1120]	[L1: 0.0260]	2.6+0.0s
[1000/1120]	[L1: 0.0260]	2.6+0.0s
[1040/1120]	[L1: 0.0261]	2.7+0.0s
[1080/1120]	[L1: 0.0260]	2.6+0.0s
[1120/1120]	[L1: 0.0259]	2.6+0.0s

Evaluation:
[RSSCN7 x3]	psnr: 29.312 (Best: 29.346 @epoch 164)
Total time: 39.93s

[Epoch 174]	Learning rate: 2.00e-4
[40/1120]	[L1: 0.0269]	2.7+0.0s
[80/1120]	[L1: 0.0266]	2.6+0.0s
[120/1120]	[L1: 0.0282]	2.6+0.0s
[160/1120]	[L1: 0.0285]	2.6+0.0s
[200/1120]	[L1: 0.0280]	2.6+0.0s
[240/1120]	[L1: 0.0278]	2.6+0.0s
[280/1120]	[L1: 0.0277]	2.7+0.0s
[320/1120]	[L1: 0.0273]	2.6+0.0s
[360/1120]	[L1: 0.0266]	2.6+0.0s
[400/1120]	[L1: 0.0265]	2.6+0.0s
[440/1120]	[L1: 0.0264]	2.7+0.0s
[480/1120]	[L1: 0.0262]	2.9+0.0s
[520/1120]	[L1: 0.0261]	2.7+0.0s
[560/1120]	[L1: 0.0261]	2.6+0.0s
[600/1120]	[L1: 0.0261]	2.6+0.0s
[640/1120]	[L1: 0.0262]	2.6+0.0s
[680/1120]	[L1: 0.0263]	2.6+0.0s
[720/1120]	[L1: 0.0264]	2.9+0.0s
[760/1120]	[L1: 0.0264]	2.7+0.0s
[800/1120]	[L1: 0.0262]	2.6+0.0s
[840/1120]	[L1: 0.0263]	2.6+0.0s
[880/1120]	[L1: 0.0262]	2.6+0.0s
[920/1120]	[L1: 0.0261]	2.7+0.0s
[960/1120]	[L1: 0.0259]	2.6+0.0s
[1000/1120]	[L1: 0.0258]	2.6+0.0s
[1040/1120]	[L1: 0.0259]	2.6+0.0s
[1080/1120]	[L1: 0.0259]	2.6+0.0s
[1120/1120]	[L1: 0.0260]	2.6+0.0s

Evaluation:
[RSSCN7 x3]	psnr: 29.337 (Best: 29.346 @epoch 164)
Total time: 40.15s

[Epoch 175]	Learning rate: 2.00e-4
[40/1120]	[L1: 0.0268]	2.6+0.0s
[80/1120]	[L1: 0.0252]	2.6+0.0s
[120/1120]	[L1: 0.0252]	2.6+0.0s
[160/1120]	[L1: 0.0253]	2.6+0.0s
[200/1120]	[L1: 0.0251]	2.6+0.0s
[240/1120]	[L1: 0.0247]	2.7+0.0s
[280/1120]	[L1: 0.0249]	2.6+0.0s
[320/1120]	[L1: 0.0254]	2.6+0.0s
[360/1120]	[L1: 0.0252]	2.6+0.0s
[400/1120]	[L1: 0.0251]	2.6+0.0s
[440/1120]	[L1: 0.0252]	2.7+0.0s
[480/1120]	[L1: 0.0253]	2.6+0.0s
[520/1120]	[L1: 0.0255]	2.6+0.0s
[560/1120]	[L1: 0.0252]	2.6+0.0s
[600/1120]	[L1: 0.0254]	2.6+0.0s
[640/1120]	[L1: 0.0255]	2.6+0.0s
[680/1120]	[L1: 0.0253]	2.7+0.0s
[720/1120]	[L1: 0.0255]	2.6+0.0s
[760/1120]	[L1: 0.0256]	2.6+0.0s
[800/1120]	[L1: 0.0258]	2.6+0.0s
[840/1120]	[L1: 0.0258]	2.6+0.0s
[880/1120]	[L1: 0.0257]	2.7+0.0s
[920/1120]	[L1: 0.0257]	2.6+0.0s
[960/1120]	[L1: 0.0256]	2.6+0.0s
[1000/1120]	[L1: 0.0257]	2.6+0.0s
[1040/1120]	[L1: 0.0257]	2.6+0.0s
[1080/1120]	[L1: 0.0257]	2.6+0.0s
[1120/1120]	[L1: 0.0257]	2.6+0.0s

Evaluation:
[RSSCN7 x3]	psnr: 29.347 (Best: 29.347 @epoch 175)
Total time: 40.80s

[Epoch 176]	Learning rate: 2.00e-4
[40/1120]	[L1: 0.0276]	2.6+0.0s
[80/1120]	[L1: 0.0276]	2.6+0.0s
[120/1120]	[L1: 0.0285]	2.6+0.0s
[160/1120]	[L1: 0.0272]	2.7+0.0s
[200/1120]	[L1: 0.0262]	2.6+0.0s
[240/1120]	[L1: 0.0261]	2.6+0.0s
[280/1120]	[L1: 0.0260]	2.6+0.0s
[320/1120]	[L1: 0.0262]	2.6+0.0s
[360/1120]	[L1: 0.0263]	2.7+0.0s
[400/1120]	[L1: 0.0263]	2.6+0.0s
[440/1120]	[L1: 0.0262]	2.6+0.0s
[480/1120]	[L1: 0.0262]	2.6+0.0s
[520/1120]	[L1: 0.0259]	2.6+0.0s
[560/1120]	[L1: 0.0259]	2.6+0.0s
[600/1120]	[L1: 0.0257]	2.6+0.0s
[640/1120]	[L1: 0.0256]	2.7+0.0s
[680/1120]	[L1: 0.0257]	2.6+0.0s
[720/1120]	[L1: 0.0257]	2.6+0.0s
[760/1120]	[L1: 0.0257]	2.3+0.0s
[800/1120]	[L1: 0.0258]	2.8+0.0s
[840/1120]	[L1: 0.0257]	2.7+0.0s
[880/1120]	[L1: 0.0257]	2.6+0.0s
[920/1120]	[L1: 0.0258]	2.6+0.0s
[960/1120]	[L1: 0.0259]	2.6+0.0s
[1000/1120]	[L1: 0.0259]	2.6+0.0s
[1040/1120]	[L1: 0.0260]	2.6+0.0s
[1080/1120]	[L1: 0.0259]	2.7+0.0s
[1120/1120]	[L1: 0.0259]	2.6+0.0s

Evaluation:
[RSSCN7 x3]	psnr: 29.339 (Best: 29.347 @epoch 175)
Total time: 41.25s

[Epoch 177]	Learning rate: 2.00e-4
[40/1120]	[L1: 0.0251]	2.6+0.0s
[80/1120]	[L1: 0.0268]	2.6+0.0s
[120/1120]	[L1: 0.0256]	2.7+0.0s
[160/1120]	[L1: 0.0257]	2.6+0.0s
[200/1120]	[L1: 0.0258]	2.6+0.0s
[240/1120]	[L1: 0.0262]	2.6+0.0s
[280/1120]	[L1: 0.0261]	2.7+0.0s
[320/1120]	[L1: 0.0267]	2.6+0.0s
[360/1120]	[L1: 0.0264]	2.6+0.0s
[400/1120]	[L1: 0.0257]	2.8+0.0s
[440/1120]	[L1: 0.0258]	2.9+0.0s
[480/1120]	[L1: 0.0257]	2.6+0.0s
[520/1120]	[L1: 0.0257]	2.6+0.0s
[560/1120]	[L1: 0.0257]	2.7+0.0s
[600/1120]	[L1: 0.0256]	2.6+0.0s
[640/1120]	[L1: 0.0257]	2.6+0.0s
[680/1120]	[L1: 0.0257]	2.6+0.0s
[720/1120]	[L1: 0.0259]	2.6+0.0s
[760/1120]	[L1: 0.0258]	2.7+0.0s
[800/1120]	[L1: 0.0259]	2.6+0.0s
[840/1120]	[L1: 0.0259]	2.6+0.0s
[880/1120]	[L1: 0.0261]	2.6+0.0s
[920/1120]	[L1: 0.0261]	2.6+0.0s
[960/1120]	[L1: 0.0260]	2.6+0.0s
[1000/1120]	[L1: 0.0260]	2.7+0.0s
[1040/1120]	[L1: 0.0260]	2.6+0.0s
[1080/1120]	[L1: 0.0260]	2.6+0.0s
[1120/1120]	[L1: 0.0258]	2.6+0.0s

Evaluation:
[RSSCN7 x3]	psnr: 29.346 (Best: 29.347 @epoch 175)
Total time: 40.33s

[Epoch 178]	Learning rate: 2.00e-4
[40/1120]	[L1: 0.0291]	2.6+0.0s
[80/1120]	[L1: 0.0267]	2.6+0.0s
[120/1120]	[L1: 0.0270]	2.6+0.0s
[160/1120]	[L1: 0.0269]	2.6+0.0s
[200/1120]	[L1: 0.0264]	2.6+0.0s
[240/1120]	[L1: 0.0259]	2.6+0.0s
[280/1120]	[L1: 0.0260]	2.7+0.0s
[320/1120]	[L1: 0.0258]	2.6+0.0s
[360/1120]	[L1: 0.0255]	2.6+0.0s
[400/1120]	[L1: 0.0256]	2.6+0.0s
[440/1120]	[L1: 0.0255]	2.6+0.0s
[480/1120]	[L1: 0.0254]	2.7+0.0s
[520/1120]	[L1: 0.0251]	2.6+0.0s
[560/1120]	[L1: 0.0252]	2.6+0.0s
[600/1120]	[L1: 0.0254]	2.6+0.0s
[640/1120]	[L1: 0.0252]	2.6+0.0s
[680/1120]	[L1: 0.0253]	2.6+0.0s
[720/1120]	[L1: 0.0253]	2.9+0.0s
[760/1120]	[L1: 0.0253]	2.8+0.0s
[800/1120]	[L1: 0.0254]	2.6+0.0s
[840/1120]	[L1: 0.0255]	2.8+0.0s
[880/1120]	[L1: 0.0254]	2.8+0.0s
[920/1120]	[L1: 0.0255]	2.8+0.0s
[960/1120]	[L1: 0.0256]	2.6+0.0s
[1000/1120]	[L1: 0.0256]	2.6+0.0s
[1040/1120]	[L1: 0.0257]	2.6+0.0s
[1080/1120]	[L1: 0.0257]	2.6+0.0s
[1120/1120]	[L1: 0.0256]	2.6+0.0s

Evaluation:
[RSSCN7 x3]	psnr: 29.345 (Best: 29.347 @epoch 175)
Total time: 40.26s

[Epoch 179]	Learning rate: 2.00e-4
[40/1120]	[L1: 0.0276]	2.6+0.0s
[80/1120]	[L1: 0.0276]	2.6+0.0s
[120/1120]	[L1: 0.0261]	2.6+0.0s
[160/1120]	[L1: 0.0259]	2.7+0.0s
[200/1120]	[L1: 0.0263]	2.6+0.0s
[240/1120]	[L1: 0.0266]	2.6+0.0s
[280/1120]	[L1: 0.0268]	2.6+0.0s
[320/1120]	[L1: 0.0268]	2.6+0.0s
[360/1120]	[L1: 0.0268]	2.6+0.0s
[400/1120]	[L1: 0.0267]	2.6+0.0s
[440/1120]	[L1: 0.0265]	2.7+0.0s
[480/1120]	[L1: 0.0264]	2.6+0.0s
[520/1120]	[L1: 0.0262]	2.6+0.0s
[560/1120]	[L1: 0.0266]	2.6+0.0s
[600/1120]	[L1: 0.0265]	2.6+0.0s
[640/1120]	[L1: 0.0264]	2.7+0.0s
[680/1120]	[L1: 0.0263]	2.6+0.0s
[720/1120]	[L1: 0.0264]	2.6+0.0s
[760/1120]	[L1: 0.0263]	2.6+0.0s
[800/1120]	[L1: 0.0263]	2.6+0.0s
[840/1120]	[L1: 0.0264]	2.6+0.0s
[880/1120]	[L1: 0.0263]	2.7+0.0s
[920/1120]	[L1: 0.0261]	2.6+0.0s
[960/1120]	[L1: 0.0260]	2.6+0.0s
[1000/1120]	[L1: 0.0259]	2.6+0.0s
[1040/1120]	[L1: 0.0258]	2.6+0.0s
[1080/1120]	[L1: 0.0259]	2.9+0.0s
[1120/1120]	[L1: 0.0258]	2.7+0.0s

Evaluation:
[RSSCN7 x3]	psnr: 29.326 (Best: 29.347 @epoch 175)
Total time: 40.54s

[Epoch 180]	Learning rate: 2.00e-4
[40/1120]	[L1: 0.0276]	2.6+0.0s
[80/1120]	[L1: 0.0272]	2.6+0.0s
[120/1120]	[L1: 0.0268]	2.7+0.0s
[160/1120]	[L1: 0.0263]	2.6+0.0s
[200/1120]	[L1: 0.0258]	2.6+0.0s
[240/1120]	[L1: 0.0255]	2.6+0.0s
[280/1120]	[L1: 0.0254]	2.6+0.0s
[320/1120]	[L1: 0.0257]	2.7+0.0s
[360/1120]	[L1: 0.0263]	2.6+0.0s
[400/1120]	[L1: 0.0263]	2.6+0.0s
[440/1120]	[L1: 0.0263]	2.6+0.0s
[480/1120]	[L1: 0.0262]	2.6+0.0s
[520/1120]	[L1: 0.0263]	2.6+0.0s
[560/1120]	[L1: 0.0262]	2.7+0.0s
[600/1120]	[L1: 0.0262]	2.6+0.0s
[640/1120]	[L1: 0.0264]	2.6+0.0s
[680/1120]	[L1: 0.0263]	2.6+0.0s
[720/1120]	[L1: 0.0262]	2.6+0.0s
[760/1120]	[L1: 0.0263]	2.7+0.0s
[800/1120]	[L1: 0.0262]	2.6+0.0s
[840/1120]	[L1: 0.0262]	2.6+0.0s
[880/1120]	[L1: 0.0261]	2.6+0.0s
[920/1120]	[L1: 0.0262]	2.6+0.0s
[960/1120]	[L1: 0.0262]	2.6+0.0s
[1000/1120]	[L1: 0.0261]	2.7+0.0s
[1040/1120]	[L1: 0.0261]	2.6+0.0s
[1080/1120]	[L1: 0.0261]	2.8+0.0s
[1120/1120]	[L1: 0.0261]	2.7+0.0s

Evaluation:
[RSSCN7 x3]	psnr: 29.230 (Best: 29.347 @epoch 175)
Total time: 40.53s

[Epoch 181]	Learning rate: 2.00e-4
[40/1120]	[L1: 0.0284]	2.8+0.0s
[80/1120]	[L1: 0.0272]	2.8+0.0s
[120/1120]	[L1: 0.0276]	2.7+0.0s
[160/1120]	[L1: 0.0277]	2.6+0.0s
[200/1120]	[L1: 0.0283]	2.6+0.0s
[240/1120]	[L1: 0.0281]	2.6+0.0s
[280/1120]	[L1: 0.0274]	2.7+0.0s
[320/1120]	[L1: 0.0269]	2.6+0.0s
[360/1120]	[L1: 0.0268]	2.6+0.0s
[400/1120]	[L1: 0.0265]	2.6+0.0s
[440/1120]	[L1: 0.0265]	2.6+0.0s
[480/1120]	[L1: 0.0265]	2.7+0.0s
[520/1120]	[L1: 0.0262]	2.6+0.0s
[560/1120]	[L1: 0.0264]	2.6+0.0s
[600/1120]	[L1: 0.0262]	2.6+0.0s
[640/1120]	[L1: 0.0262]	2.6+0.0s
[680/1120]	[L1: 0.0261]	2.6+0.0s
[720/1120]	[L1: 0.0261]	2.7+0.0s
[760/1120]	[L1: 0.0259]	2.6+0.0s
[800/1120]	[L1: 0.0259]	2.6+0.0s
[840/1120]	[L1: 0.0258]	2.6+0.0s
[880/1120]	[L1: 0.0261]	2.6+0.0s
[920/1120]	[L1: 0.0261]	2.7+0.0s
[960/1120]	[L1: 0.0261]	2.6+0.0s
[1000/1120]	[L1: 0.0260]	2.6+0.0s
[1040/1120]	[L1: 0.0259]	2.6+0.0s
[1080/1120]	[L1: 0.0259]	2.6+0.0s
[1120/1120]	[L1: 0.0259]	2.6+0.0s

Evaluation:
[RSSCN7 x3]	psnr: 29.314 (Best: 29.347 @epoch 175)
Total time: 39.74s

[Epoch 182]	Learning rate: 2.00e-4
[40/1120]	[L1: 0.0221]	2.6+0.0s
[80/1120]	[L1: 0.0238]	2.6+0.0s
[120/1120]	[L1: 0.0253]	2.6+0.0s
[160/1120]	[L1: 0.0261]	2.6+0.0s
[200/1120]	[L1: 0.0268]	2.6+0.0s
[240/1120]	[L1: 0.0271]	2.7+0.0s
[280/1120]	[L1: 0.0268]	2.6+0.0s
[320/1120]	[L1: 0.0263]	2.6+0.0s
[360/1120]	[L1: 0.0261]	2.6+0.0s
[400/1120]	[L1: 0.0260]	2.6+0.0s
[440/1120]	[L1: 0.0258]	2.7+0.0s
[480/1120]	[L1: 0.0255]	2.6+0.0s
[520/1120]	[L1: 0.0257]	2.6+0.0s
[560/1120]	[L1: 0.0255]	2.6+0.0s
[600/1120]	[L1: 0.0255]	2.6+0.0s
[640/1120]	[L1: 0.0256]	2.6+0.0s
[680/1120]	[L1: 0.0257]	2.7+0.0s
[720/1120]	[L1: 0.0258]	2.6+0.0s
[760/1120]	[L1: 0.0258]	2.8+0.0s
[800/1120]	[L1: 0.0260]	2.8+0.0s
[840/1120]	[L1: 0.0259]	2.6+0.0s
[880/1120]	[L1: 0.0257]	2.7+0.0s
[920/1120]	[L1: 0.0259]	2.6+0.0s
[960/1120]	[L1: 0.0259]	2.6+0.0s
[1000/1120]	[L1: 0.0259]	2.6+0.0s
[1040/1120]	[L1: 0.0259]	2.6+0.0s
[1080/1120]	[L1: 0.0261]	2.6+0.0s
[1120/1120]	[L1: 0.0259]	2.6+0.0s

Evaluation:
[RSSCN7 x3]	psnr: 29.278 (Best: 29.347 @epoch 175)
Total time: 40.10s

[Epoch 183]	Learning rate: 2.00e-4
[40/1120]	[L1: 0.0222]	2.6+0.0s
[80/1120]	[L1: 0.0226]	2.6+0.0s
[120/1120]	[L1: 0.0235]	2.6+0.0s
[160/1120]	[L1: 0.0238]	2.6+0.0s
[200/1120]	[L1: 0.0241]	2.7+0.0s
[240/1120]	[L1: 0.0245]	2.6+0.0s
[280/1120]	[L1: 0.0243]	2.6+0.0s
[320/1120]	[L1: 0.0248]	2.6+0.0s
[360/1120]	[L1: 0.0249]	2.6+0.0s
[400/1120]	[L1: 0.0247]	2.7+0.0s
[440/1120]	[L1: 0.0249]	2.6+0.0s
[480/1120]	[L1: 0.0251]	2.6+0.0s
[520/1120]	[L1: 0.0251]	2.6+0.0s
[560/1120]	[L1: 0.0251]	2.6+0.0s
[600/1120]	[L1: 0.0251]	2.6+0.0s
[640/1120]	[L1: 0.0254]	2.7+0.0s
[680/1120]	[L1: 0.0251]	2.6+0.0s
[720/1120]	[L1: 0.0252]	2.6+0.0s
[760/1120]	[L1: 0.0252]	2.6+0.0s
[800/1120]	[L1: 0.0253]	2.6+0.0s
[840/1120]	[L1: 0.0253]	2.7+0.0s
[880/1120]	[L1: 0.0255]	2.6+0.0s
[920/1120]	[L1: 0.0256]	2.6+0.0s
[960/1120]	[L1: 0.0257]	2.6+0.0s
[1000/1120]	[L1: 0.0256]	2.6+0.0s
[1040/1120]	[L1: 0.0257]	2.6+0.0s
[1080/1120]	[L1: 0.0257]	2.6+0.0s
[1120/1120]	[L1: 0.0258]	2.7+0.0s

Evaluation:
[RSSCN7 x3]	psnr: 29.342 (Best: 29.347 @epoch 175)
Total time: 39.97s

[Epoch 184]	Learning rate: 2.00e-4
[40/1120]	[L1: 0.0265]	2.7+0.0s
[80/1120]	[L1: 0.0272]	2.6+0.0s
[120/1120]	[L1: 0.0255]	2.7+0.0s
[160/1120]	[L1: 0.0250]	2.6+0.0s
[200/1120]	[L1: 0.0249]	2.6+0.0s
[240/1120]	[L1: 0.0250]	2.6+0.0s
[280/1120]	[L1: 0.0247]	2.6+0.0s
[320/1120]	[L1: 0.0245]	2.6+0.0s
[360/1120]	[L1: 0.0248]	2.7+0.0s
[400/1120]	[L1: 0.0246]	2.6+0.0s
[440/1120]	[L1: 0.0246]	2.6+0.0s
[480/1120]	[L1: 0.0246]	2.6+0.0s
[520/1120]	[L1: 0.0249]	2.6+0.0s
[560/1120]	[L1: 0.0253]	2.7+0.0s
[600/1120]	[L1: 0.0253]	2.6+0.0s
[640/1120]	[L1: 0.0254]	2.6+0.0s
[680/1120]	[L1: 0.0253]	2.6+0.0s
[720/1120]	[L1: 0.0255]	2.6+0.0s
[760/1120]	[L1: 0.0253]	2.6+0.0s
[800/1120]	[L1: 0.0255]	2.7+0.0s
[840/1120]	[L1: 0.0256]	2.6+0.0s
[880/1120]	[L1: 0.0256]	2.6+0.0s
[920/1120]	[L1: 0.0256]	2.6+0.0s
[960/1120]	[L1: 0.0255]	2.6+0.0s
[1000/1120]	[L1: 0.0256]	2.7+0.0s
[1040/1120]	[L1: 0.0255]	2.6+0.0s
[1080/1120]	[L1: 0.0257]	2.6+0.0s
[1120/1120]	[L1: 0.0257]	2.6+0.0s

Evaluation:
[RSSCN7 x3]	psnr: 29.327 (Best: 29.347 @epoch 175)
Total time: 40.36s

[Epoch 185]	Learning rate: 2.00e-4
[40/1120]	[L1: 0.0280]	2.7+0.0s
[80/1120]	[L1: 0.0278]	2.6+0.0s
[120/1120]	[L1: 0.0270]	2.6+0.0s
[160/1120]	[L1: 0.0260]	2.6+0.0s
[200/1120]	[L1: 0.0267]	2.6+0.0s
[240/1120]	[L1: 0.0263]	2.7+0.0s
[280/1120]	[L1: 0.0257]	2.6+0.0s
[320/1120]	[L1: 0.0257]	2.6+0.0s
[360/1120]	[L1: 0.0260]	2.6+0.0s
[400/1120]	[L1: 0.0256]	2.6+0.0s
[440/1120]	[L1: 0.0257]	2.6+0.0s
[480/1120]	[L1: 0.0255]	2.7+0.0s
[520/1120]	[L1: 0.0255]	2.6+0.0s
[560/1120]	[L1: 0.0259]	2.6+0.0s
[600/1120]	[L1: 0.0260]	2.6+0.0s
[640/1120]	[L1: 0.0259]	2.6+0.0s
[680/1120]	[L1: 0.0259]	2.7+0.0s
[720/1120]	[L1: 0.0258]	2.6+0.0s
[760/1120]	[L1: 0.0256]	2.6+0.0s
[800/1120]	[L1: 0.0257]	2.6+0.0s
[840/1120]	[L1: 0.0258]	2.6+0.0s
[880/1120]	[L1: 0.0259]	2.6+0.0s
[920/1120]	[L1: 0.0259]	2.7+0.0s
[960/1120]	[L1: 0.0259]	2.6+0.0s
[1000/1120]	[L1: 0.0259]	2.6+0.0s
[1040/1120]	[L1: 0.0259]	2.6+0.0s
[1080/1120]	[L1: 0.0259]	2.6+0.0s
[1120/1120]	[L1: 0.0260]	2.7+0.0s

Evaluation:
[RSSCN7 x3]	psnr: 29.339 (Best: 29.347 @epoch 175)
Total time: 39.98s

[Epoch 186]	Learning rate: 2.00e-4
[40/1120]	[L1: 0.0245]	2.6+0.0s
[80/1120]	[L1: 0.0260]	2.6+0.0s
[120/1120]	[L1: 0.0264]	2.6+0.0s
[160/1120]	[L1: 0.0261]	2.7+0.0s
[200/1120]	[L1: 0.0258]	2.6+0.0s
[240/1120]	[L1: 0.0260]	2.6+0.0s
[280/1120]	[L1: 0.0263]	2.6+0.0s
[320/1120]	[L1: 0.0268]	2.6+0.0s
[360/1120]	[L1: 0.0264]	2.7+0.0s
[400/1120]	[L1: 0.0264]	2.6+0.0s
[440/1120]	[L1: 0.0263]	2.6+0.0s
[480/1120]	[L1: 0.0264]	2.6+0.0s
[520/1120]	[L1: 0.0262]	2.6+0.0s
[560/1120]	[L1: 0.0260]	2.6+0.0s
[600/1120]	[L1: 0.0258]	2.7+0.0s
[640/1120]	[L1: 0.0256]	2.6+0.0s
[680/1120]	[L1: 0.0255]	2.6+0.0s
[720/1120]	[L1: 0.0255]	2.6+0.0s
[760/1120]	[L1: 0.0256]	2.6+0.0s
[800/1120]	[L1: 0.0255]	2.7+0.0s
[840/1120]	[L1: 0.0255]	2.6+0.0s
[880/1120]	[L1: 0.0256]	2.6+0.0s
[920/1120]	[L1: 0.0256]	2.6+0.0s
[960/1120]	[L1: 0.0257]	2.6+0.0s
[1000/1120]	[L1: 0.0257]	2.6+0.0s
[1040/1120]	[L1: 0.0258]	2.7+0.0s
[1080/1120]	[L1: 0.0257]	2.6+0.0s
[1120/1120]	[L1: 0.0257]	2.6+0.0s

Evaluation:
[RSSCN7 x3]	psnr: 29.324 (Best: 29.347 @epoch 175)
Total time: 40.16s

[Epoch 187]	Learning rate: 2.00e-4
[40/1120]	[L1: 0.0235]	3.3+0.0s
[80/1120]	[L1: 0.0233]	3.5+0.0s
[120/1120]	[L1: 0.0242]	2.6+0.0s
[160/1120]	[L1: 0.0238]	2.6+0.0s
[200/1120]	[L1: 0.0241]	2.6+0.0s
[240/1120]	[L1: 0.0240]	2.7+0.0s
[280/1120]	[L1: 0.0250]	2.6+0.0s
[320/1120]	[L1: 0.0251]	2.6+0.0s
[360/1120]	[L1: 0.0250]	2.6+0.0s
[400/1120]	[L1: 0.0250]	2.6+0.0s
[440/1120]	[L1: 0.0254]	2.6+0.0s
[480/1120]	[L1: 0.0256]	2.6+0.0s
[520/1120]	[L1: 0.0256]	2.7+0.0s
[560/1120]	[L1: 0.0260]	2.6+0.0s
[600/1120]	[L1: 0.0261]	2.6+0.0s
[640/1120]	[L1: 0.0262]	2.6+0.0s
[680/1120]	[L1: 0.0262]	2.6+0.0s
[720/1120]	[L1: 0.0261]	2.7+0.0s
[760/1120]	[L1: 0.0261]	2.6+0.0s
[800/1120]	[L1: 0.0261]	2.6+0.0s
[840/1120]	[L1: 0.0260]	2.6+0.0s
[880/1120]	[L1: 0.0259]	2.6+0.0s
[920/1120]	[L1: 0.0258]	2.6+0.0s
[960/1120]	[L1: 0.0258]	2.7+0.0s
[1000/1120]	[L1: 0.0258]	2.6+0.0s
[1040/1120]	[L1: 0.0258]	2.6+0.0s
[1080/1120]	[L1: 0.0258]	2.6+0.0s
[1120/1120]	[L1: 0.0257]	2.6+0.0s

Evaluation:
[RSSCN7 x3]	psnr: 29.371 (Best: 29.371 @epoch 187)
Total time: 40.80s

[Epoch 188]	Learning rate: 2.00e-4
[40/1120]	[L1: 0.0285]	2.6+0.0s
[80/1120]	[L1: 0.0265]	2.6+0.0s
[120/1120]	[L1: 0.0262]	2.6+0.0s
[160/1120]	[L1: 0.0261]	2.7+0.0s
[200/1120]	[L1: 0.0259]	2.6+0.0s
[240/1120]	[L1: 0.0263]	2.6+0.0s
[280/1120]	[L1: 0.0257]	2.6+0.0s
[320/1120]	[L1: 0.0254]	2.6+0.0s
[360/1120]	[L1: 0.0251]	2.6+0.0s
[400/1120]	[L1: 0.0254]	2.7+0.0s
[440/1120]	[L1: 0.0253]	2.6+0.0s
[480/1120]	[L1: 0.0252]	2.6+0.0s
[520/1120]	[L1: 0.0252]	2.6+0.0s
[560/1120]	[L1: 0.0254]	2.6+0.0s
[600/1120]	[L1: 0.0255]	2.7+0.0s
[640/1120]	[L1: 0.0256]	2.6+0.0s
[680/1120]	[L1: 0.0256]	2.6+0.0s
[720/1120]	[L1: 0.0254]	2.6+0.0s
[760/1120]	[L1: 0.0256]	2.6+0.0s
[800/1120]	[L1: 0.0256]	2.6+0.0s
[840/1120]	[L1: 0.0257]	2.6+0.0s
[880/1120]	[L1: 0.0258]	2.7+0.0s
[920/1120]	[L1: 0.0258]	2.6+0.0s
[960/1120]	[L1: 0.0258]	2.6+0.0s
[1000/1120]	[L1: 0.0258]	2.6+0.0s
[1040/1120]	[L1: 0.0258]	2.7+0.0s
[1080/1120]	[L1: 0.0258]	2.6+0.0s
[1120/1120]	[L1: 0.0257]	2.6+0.0s

Evaluation:
[RSSCN7 x3]	psnr: 29.333 (Best: 29.371 @epoch 187)
Total time: 40.61s

[Epoch 189]	Learning rate: 2.00e-4
[40/1120]	[L1: 0.0256]	2.6+0.0s
[80/1120]	[L1: 0.0262]	2.7+0.0s
[120/1120]	[L1: 0.0257]	2.6+0.0s
[160/1120]	[L1: 0.0259]	2.7+0.0s
[200/1120]	[L1: 0.0259]	2.8+0.0s
[240/1120]	[L1: 0.0255]	2.7+0.0s
[280/1120]	[L1: 0.0257]	2.6+0.0s
[320/1120]	[L1: 0.0257]	2.7+0.0s
[360/1120]	[L1: 0.0259]	2.6+0.0s
[400/1120]	[L1: 0.0259]	2.6+0.0s
[440/1120]	[L1: 0.0258]	2.6+0.0s
[480/1120]	[L1: 0.0256]	2.6+0.0s
[520/1120]	[L1: 0.0259]	2.7+0.0s
[560/1120]	[L1: 0.0259]	2.6+0.0s
[600/1120]	[L1: 0.0259]	2.6+0.0s
[640/1120]	[L1: 0.0260]	2.6+0.0s
[680/1120]	[L1: 0.0262]	2.6+0.0s
[720/1120]	[L1: 0.0261]	2.6+0.0s
[760/1120]	[L1: 0.0260]	2.7+0.0s
[800/1120]	[L1: 0.0259]	2.6+0.0s
[840/1120]	[L1: 0.0260]	2.6+0.0s
[880/1120]	[L1: 0.0261]	2.6+0.0s
[920/1120]	[L1: 0.0259]	2.6+0.0s
[960/1120]	[L1: 0.0259]	2.7+0.0s
[1000/1120]	[L1: 0.0257]	2.6+0.0s
[1040/1120]	[L1: 0.0257]	2.6+0.0s
[1080/1120]	[L1: 0.0258]	2.6+0.0s
[1120/1120]	[L1: 0.0258]	2.6+0.0s

Evaluation:
[RSSCN7 x3]	psnr: 29.355 (Best: 29.371 @epoch 187)
Total time: 41.99s

[Epoch 190]	Learning rate: 2.00e-4
[40/1120]	[L1: 0.0240]	2.6+0.0s
[80/1120]	[L1: 0.0233]	2.6+0.0s
[120/1120]	[L1: 0.0244]	2.6+0.0s
[160/1120]	[L1: 0.0256]	2.6+0.0s
[200/1120]	[L1: 0.0260]	2.6+0.0s
[240/1120]	[L1: 0.0256]	2.6+0.0s
[280/1120]	[L1: 0.0251]	2.8+0.0s
[320/1120]	[L1: 0.0253]	2.6+0.0s
[360/1120]	[L1: 0.0251]	2.7+0.0s
[400/1120]	[L1: 0.0251]	2.6+0.0s
[440/1120]	[L1: 0.0251]	2.6+0.0s
[480/1120]	[L1: 0.0253]	2.7+0.0s
[520/1120]	[L1: 0.0257]	2.6+0.0s
[560/1120]	[L1: 0.0258]	2.6+0.0s
[600/1120]	[L1: 0.0258]	2.6+0.0s
[640/1120]	[L1: 0.0256]	2.6+0.0s
[680/1120]	[L1: 0.0257]	2.6+0.0s
[720/1120]	[L1: 0.0257]	2.7+0.0s
[760/1120]	[L1: 0.0257]	2.6+0.0s
[800/1120]	[L1: 0.0255]	2.6+0.0s
[840/1120]	[L1: 0.0256]	2.6+0.0s
[880/1120]	[L1: 0.0257]	2.6+0.0s
[920/1120]	[L1: 0.0256]	2.7+0.0s
[960/1120]	[L1: 0.0256]	2.6+0.0s
[1000/1120]	[L1: 0.0256]	2.6+0.0s
[1040/1120]	[L1: 0.0256]	2.6+0.0s
[1080/1120]	[L1: 0.0256]	2.6+0.0s
[1120/1120]	[L1: 0.0256]	2.6+0.0s

Evaluation:
[RSSCN7 x3]	psnr: 29.302 (Best: 29.371 @epoch 187)
Total time: 41.95s

[Epoch 191]	Learning rate: 2.00e-4
[40/1120]	[L1: 0.0268]	3.2+0.1s
[80/1120]	[L1: 0.0245]	3.2+0.0s
[120/1120]	[L1: 0.0247]	2.6+0.0s
[160/1120]	[L1: 0.0257]	2.6+0.0s
[200/1120]	[L1: 0.0254]	2.6+0.0s
[240/1120]	[L1: 0.0258]	2.7+0.0s
[280/1120]	[L1: 0.0261]	2.6+0.0s
[320/1120]	[L1: 0.0258]	2.6+0.0s
[360/1120]	[L1: 0.0261]	2.6+0.0s
[400/1120]	[L1: 0.0260]	2.6+0.0s
[440/1120]	[L1: 0.0260]	2.7+0.0s
[480/1120]	[L1: 0.0259]	2.7+0.0s
[520/1120]	[L1: 0.0259]	2.8+0.0s
[560/1120]	[L1: 0.0260]	2.6+0.0s
[600/1120]	[L1: 0.0258]	2.6+0.0s
[640/1120]	[L1: 0.0257]	2.6+0.0s
[680/1120]	[L1: 0.0258]	2.7+0.0s
[720/1120]	[L1: 0.0260]	2.6+0.0s
[760/1120]	[L1: 0.0260]	2.6+0.0s
[800/1120]	[L1: 0.0259]	2.6+0.0s
[840/1120]	[L1: 0.0259]	2.6+0.0s
[880/1120]	[L1: 0.0261]	2.7+0.0s
[920/1120]	[L1: 0.0260]	2.6+0.0s
[960/1120]	[L1: 0.0261]	2.6+0.0s
[1000/1120]	[L1: 0.0259]	2.6+0.0s
[1040/1120]	[L1: 0.0258]	2.6+0.0s
[1080/1120]	[L1: 0.0258]	2.6+0.0s
[1120/1120]	[L1: 0.0258]	2.6+0.0s

Evaluation:
[RSSCN7 x3]	psnr: 29.337 (Best: 29.371 @epoch 187)
Total time: 40.39s

[Epoch 192]	Learning rate: 2.00e-4
[40/1120]	[L1: 0.0252]	2.6+0.0s
[80/1120]	[L1: 0.0263]	2.6+0.0s
[120/1120]	[L1: 0.0248]	2.6+0.0s
[160/1120]	[L1: 0.0242]	2.7+0.0s
[200/1120]	[L1: 0.0249]	2.6+0.0s
[240/1120]	[L1: 0.0246]	2.6+0.0s
[280/1120]	[L1: 0.0251]	2.6+0.0s
[320/1120]	[L1: 0.0248]	2.6+0.0s
[360/1120]	[L1: 0.0247]	2.6+0.0s
[400/1120]	[L1: 0.0250]	2.7+0.0s
[440/1120]	[L1: 0.0248]	2.6+0.0s
[480/1120]	[L1: 0.0250]	2.6+0.0s
[520/1120]	[L1: 0.0250]	2.6+0.0s
[560/1120]	[L1: 0.0252]	2.6+0.0s
[600/1120]	[L1: 0.0250]	2.7+0.0s
[640/1120]	[L1: 0.0251]	2.6+0.0s
[680/1120]	[L1: 0.0252]	2.6+0.0s
[720/1120]	[L1: 0.0253]	2.6+0.0s
[760/1120]	[L1: 0.0255]	2.6+0.0s
[800/1120]	[L1: 0.0256]	2.6+0.0s
[840/1120]	[L1: 0.0256]	2.7+0.0s
[880/1120]	[L1: 0.0257]	2.6+0.0s
[920/1120]	[L1: 0.0256]	2.6+0.0s
[960/1120]	[L1: 0.0257]	2.6+0.0s
[1000/1120]	[L1: 0.0256]	2.6+0.0s
[1040/1120]	[L1: 0.0257]	2.7+0.0s
[1080/1120]	[L1: 0.0258]	2.6+0.0s
[1120/1120]	[L1: 0.0257]	2.6+0.0s

Evaluation:
[RSSCN7 x3]	psnr: 29.342 (Best: 29.371 @epoch 187)
Total time: 40.17s

[Epoch 193]	Learning rate: 2.00e-4
[40/1120]	[L1: 0.0252]	2.6+0.0s
[80/1120]	[L1: 0.0256]	2.7+0.0s
[120/1120]	[L1: 0.0255]	2.6+0.0s
[160/1120]	[L1: 0.0263]	2.6+0.0s
[200/1120]	[L1: 0.0261]	2.6+0.0s
[240/1120]	[L1: 0.0262]	2.6+0.0s
[280/1120]	[L1: 0.0264]	2.7+0.0s
[320/1120]	[L1: 0.0260]	2.6+0.0s
[360/1120]	[L1: 0.0260]	2.6+0.0s
[400/1120]	[L1: 0.0259]	2.6+0.0s
[440/1120]	[L1: 0.0260]	2.6+0.0s
[480/1120]	[L1: 0.0258]	2.6+0.0s
[520/1120]	[L1: 0.0258]	2.7+0.0s
[560/1120]	[L1: 0.0257]	2.6+0.0s
[600/1120]	[L1: 0.0256]	2.6+0.0s
[640/1120]	[L1: 0.0257]	2.6+0.0s
[680/1120]	[L1: 0.0257]	2.6+0.0s
[720/1120]	[L1: 0.0257]	2.7+0.0s
[760/1120]	[L1: 0.0257]	2.6+0.0s
[800/1120]	[L1: 0.0257]	2.6+0.0s
[840/1120]	[L1: 0.0255]	2.6+0.0s
[880/1120]	[L1: 0.0255]	2.6+0.0s
[920/1120]	[L1: 0.0255]	2.6+0.0s
[960/1120]	[L1: 0.0257]	2.7+0.0s
[1000/1120]	[L1: 0.0259]	2.6+0.0s
[1040/1120]	[L1: 0.0259]	2.6+0.0s
[1080/1120]	[L1: 0.0258]	2.6+0.0s
[1120/1120]	[L1: 0.0259]	2.6+0.0s

Evaluation:
[RSSCN7 x3]	psnr: 29.320 (Best: 29.371 @epoch 187)
Total time: 40.02s

[Epoch 194]	Learning rate: 2.00e-4
[40/1120]	[L1: 0.0242]	2.6+0.0s
[80/1120]	[L1: 0.0243]	2.6+0.0s
[120/1120]	[L1: 0.0251]	2.6+0.0s
[160/1120]	[L1: 0.0253]	2.6+0.0s
[200/1120]	[L1: 0.0264]	2.7+0.0s
[240/1120]	[L1: 0.0261]	2.6+0.0s
[280/1120]	[L1: 0.0263]	2.6+0.0s
[320/1120]	[L1: 0.0263]	2.7+0.0s
[360/1120]	[L1: 0.0265]	2.6+0.0s
[400/1120]	[L1: 0.0266]	2.7+0.0s
[440/1120]	[L1: 0.0266]	2.6+0.0s
[480/1120]	[L1: 0.0263]	2.6+0.0s
[520/1120]	[L1: 0.0265]	2.8+0.0s
[560/1120]	[L1: 0.0265]	2.8+0.0s
[600/1120]	[L1: 0.0264]	2.6+0.0s
[640/1120]	[L1: 0.0265]	2.6+0.0s
[680/1120]	[L1: 0.0264]	2.7+0.0s
[720/1120]	[L1: 0.0263]	2.6+0.0s
[760/1120]	[L1: 0.0262]	2.6+0.0s
[800/1120]	[L1: 0.0263]	2.6+0.0s
[840/1120]	[L1: 0.0263]	2.7+0.0s
[880/1120]	[L1: 0.0263]	2.6+0.0s
[920/1120]	[L1: 0.0263]	2.6+0.0s
[960/1120]	[L1: 0.0262]	2.6+0.0s
[1000/1120]	[L1: 0.0262]	2.6+0.0s
[1040/1120]	[L1: 0.0260]	2.6+0.0s
[1080/1120]	[L1: 0.0261]	2.6+0.0s
[1120/1120]	[L1: 0.0260]	2.7+0.0s

Evaluation:
[RSSCN7 x3]	psnr: 29.334 (Best: 29.371 @epoch 187)
Total time: 40.40s

[Epoch 195]	Learning rate: 2.00e-4
[40/1120]	[L1: 0.0267]	2.6+0.0s
[80/1120]	[L1: 0.0266]	2.6+0.0s
[120/1120]	[L1: 0.0266]	2.6+0.0s
[160/1120]	[L1: 0.0256]	2.7+0.0s
[200/1120]	[L1: 0.0261]	2.6+0.0s
[240/1120]	[L1: 0.0260]	2.6+0.0s
[280/1120]	[L1: 0.0257]	2.6+0.0s
[320/1120]	[L1: 0.0256]	2.7+0.0s
[360/1120]	[L1: 0.0252]	2.6+0.0s
[400/1120]	[L1: 0.0251]	2.6+0.0s
[440/1120]	[L1: 0.0249]	2.6+0.0s
[480/1120]	[L1: 0.0251]	2.7+0.0s
[520/1120]	[L1: 0.0255]	2.8+0.0s
[560/1120]	[L1: 0.0254]	2.6+0.0s
[600/1120]	[L1: 0.0255]	2.7+0.0s
[640/1120]	[L1: 0.0256]	2.6+0.0s
[680/1120]	[L1: 0.0256]	2.6+0.0s
[720/1120]	[L1: 0.0256]	2.6+0.0s
[760/1120]	[L1: 0.0257]	2.6+0.0s
[800/1120]	[L1: 0.0257]	2.7+0.0s
[840/1120]	[L1: 0.0259]	2.6+0.0s
[880/1120]	[L1: 0.0257]	2.6+0.0s
[920/1120]	[L1: 0.0258]	2.6+0.0s
[960/1120]	[L1: 0.0260]	2.6+0.0s
[1000/1120]	[L1: 0.0260]	2.6+0.0s
[1040/1120]	[L1: 0.0261]	2.7+0.0s
[1080/1120]	[L1: 0.0260]	2.6+0.0s
[1120/1120]	[L1: 0.0259]	2.6+0.0s

Evaluation:
[RSSCN7 x3]	psnr: 29.286 (Best: 29.371 @epoch 187)
Total time: 40.15s

[Epoch 196]	Learning rate: 2.00e-4
[40/1120]	[L1: 0.0273]	2.6+0.0s
[80/1120]	[L1: 0.0264]	2.7+0.0s
[120/1120]	[L1: 0.0264]	2.6+0.0s
[160/1120]	[L1: 0.0267]	2.6+0.0s
[200/1120]	[L1: 0.0261]	2.6+0.0s
[240/1120]	[L1: 0.0265]	2.7+0.0s
[280/1120]	[L1: 0.0270]	2.6+0.0s
[320/1120]	[L1: 0.0268]	2.6+0.0s
[360/1120]	[L1: 0.0267]	2.6+0.0s
[400/1120]	[L1: 0.0266]	2.6+0.0s
[440/1120]	[L1: 0.0265]	2.6+0.0s
[480/1120]	[L1: 0.0264]	2.6+0.0s
[520/1120]	[L1: 0.0264]	2.7+0.0s
[560/1120]	[L1: 0.0266]	2.6+0.0s
[600/1120]	[L1: 0.0263]	2.6+0.0s
[640/1120]	[L1: 0.0262]	2.6+0.0s
[680/1120]	[L1: 0.0263]	2.7+0.0s
[720/1120]	[L1: 0.0263]	2.8+0.0s
[760/1120]	[L1: 0.0261]	2.6+0.0s
[800/1120]	[L1: 0.0261]	2.6+0.0s
[840/1120]	[L1: 0.0262]	2.6+0.0s
[880/1120]	[L1: 0.0263]	2.6+0.0s
[920/1120]	[L1: 0.0261]	2.6+0.0s
[960/1120]	[L1: 0.0261]	2.7+0.0s
[1000/1120]	[L1: 0.0260]	2.6+0.0s
[1040/1120]	[L1: 0.0258]	2.6+0.0s
[1080/1120]	[L1: 0.0256]	2.6+0.0s
[1120/1120]	[L1: 0.0256]	2.6+0.0s

Evaluation:
[RSSCN7 x3]	psnr: 29.365 (Best: 29.371 @epoch 187)
Total time: 40.49s

[Epoch 197]	Learning rate: 2.00e-4
[40/1120]	[L1: 0.0260]	2.6+0.0s
[80/1120]	[L1: 0.0252]	2.6+0.0s
[120/1120]	[L1: 0.0245]	2.6+0.0s
[160/1120]	[L1: 0.0241]	2.7+0.0s
[200/1120]	[L1: 0.0248]	2.6+0.0s
[240/1120]	[L1: 0.0249]	2.6+0.0s
[280/1120]	[L1: 0.0250]	2.6+0.0s
[320/1120]	[L1: 0.0248]	2.6+0.0s
[360/1120]	[L1: 0.0250]	2.6+0.0s
[400/1120]	[L1: 0.0253]	2.6+0.0s
[440/1120]	[L1: 0.0255]	2.7+0.0s
[480/1120]	[L1: 0.0254]	2.6+0.0s
[520/1120]	[L1: 0.0253]	2.6+0.0s
[560/1120]	[L1: 0.0256]	2.6+0.0s
[600/1120]	[L1: 0.0255]	2.7+0.0s
[640/1120]	[L1: 0.0254]	2.6+0.0s
[680/1120]	[L1: 0.0256]	2.6+0.0s
[720/1120]	[L1: 0.0256]	2.6+0.0s
[760/1120]	[L1: 0.0258]	2.6+0.0s
[800/1120]	[L1: 0.0258]	2.6+0.0s
[840/1120]	[L1: 0.0256]	2.6+0.0s
[880/1120]	[L1: 0.0256]	2.7+0.0s
[920/1120]	[L1: 0.0256]	2.6+0.0s
[960/1120]	[L1: 0.0257]	2.6+0.0s
[1000/1120]	[L1: 0.0258]	2.6+0.0s
[1040/1120]	[L1: 0.0258]	2.6+0.0s
[1080/1120]	[L1: 0.0257]	2.7+0.0s
[1120/1120]	[L1: 0.0257]	2.6+0.0s

Evaluation:
[RSSCN7 x3]	psnr: 29.346 (Best: 29.371 @epoch 187)
Total time: 40.14s

[Epoch 198]	Learning rate: 2.00e-4
[40/1120]	[L1: 0.0250]	2.6+0.0s
[80/1120]	[L1: 0.0241]	2.7+0.0s
[120/1120]	[L1: 0.0251]	2.6+0.0s
[160/1120]	[L1: 0.0250]	2.6+0.0s
[200/1120]	[L1: 0.0250]	2.6+0.0s
[240/1120]	[L1: 0.0251]	2.6+0.0s
[280/1120]	[L1: 0.0254]	2.6+0.0s
[320/1120]	[L1: 0.0253]	2.7+0.0s
[360/1120]	[L1: 0.0255]	2.6+0.0s
[400/1120]	[L1: 0.0257]	2.6+0.0s
[440/1120]	[L1: 0.0259]	2.6+0.0s
[480/1120]	[L1: 0.0258]	2.6+0.0s
[520/1120]	[L1: 0.0259]	2.7+0.0s
[560/1120]	[L1: 0.0257]	2.6+0.0s
[600/1120]	[L1: 0.0259]	2.6+0.0s
[640/1120]	[L1: 0.0258]	2.6+0.0s
[680/1120]	[L1: 0.0258]	2.6+0.0s
[720/1120]	[L1: 0.0259]	2.6+0.0s
[760/1120]	[L1: 0.0260]	2.6+0.0s
[800/1120]	[L1: 0.0261]	2.7+0.0s
[840/1120]	[L1: 0.0260]	2.6+0.0s
[880/1120]	[L1: 0.0259]	2.6+0.0s
[920/1120]	[L1: 0.0260]	2.6+0.0s
[960/1120]	[L1: 0.0261]	2.7+0.0s
[1000/1120]	[L1: 0.0260]	2.6+0.0s
[1040/1120]	[L1: 0.0259]	2.6+0.0s
[1080/1120]	[L1: 0.0257]	2.6+0.0s
[1120/1120]	[L1: 0.0257]	2.6+0.0s

Evaluation:
[RSSCN7 x3]	psnr: 29.378 (Best: 29.378 @epoch 198)
Total time: 39.94s

[Epoch 199]	Learning rate: 2.00e-4
[40/1120]	[L1: 0.0264]	2.6+0.0s
[80/1120]	[L1: 0.0270]	2.6+0.0s
[120/1120]	[L1: 0.0267]	2.6+0.0s
[160/1120]	[L1: 0.0271]	2.7+0.0s
[200/1120]	[L1: 0.0264]	2.7+0.0s
[240/1120]	[L1: 0.0261]	2.6+0.0s
[280/1120]	[L1: 0.0263]	2.6+0.0s
[320/1120]	[L1: 0.0258]	2.6+0.0s
[360/1120]	[L1: 0.0255]	2.6+0.0s
[400/1120]	[L1: 0.0253]	2.6+0.0s
[440/1120]	[L1: 0.0256]	2.6+0.0s
[480/1120]	[L1: 0.0256]	2.7+0.0s
[520/1120]	[L1: 0.0260]	2.6+0.0s
[560/1120]	[L1: 0.0259]	2.6+0.0s
[600/1120]	[L1: 0.0259]	2.6+0.0s
[640/1120]	[L1: 0.0260]	2.6+0.0s
[680/1120]	[L1: 0.0260]	2.7+0.0s
[720/1120]	[L1: 0.0258]	2.8+0.0s
[760/1120]	[L1: 0.0258]	2.7+0.0s
[800/1120]	[L1: 0.0257]	2.6+0.0s
[840/1120]	[L1: 0.0256]	2.6+0.0s
[880/1120]	[L1: 0.0254]	2.6+0.0s
[920/1120]	[L1: 0.0253]	2.7+0.0s
[960/1120]	[L1: 0.0256]	2.6+0.0s
[1000/1120]	[L1: 0.0256]	2.6+0.0s
[1040/1120]	[L1: 0.0256]	2.6+0.0s
[1080/1120]	[L1: 0.0256]	2.6+0.0s
[1120/1120]	[L1: 0.0258]	2.7+0.0s

Evaluation:
[RSSCN7 x3]	psnr: 29.357 (Best: 29.378 @epoch 198)
Total time: 40.69s

[Epoch 200]	Learning rate: 2.00e-4
[40/1120]	[L1: 0.0259]	2.6+0.0s
[80/1120]	[L1: 0.0260]	2.6+0.0s
[120/1120]	[L1: 0.0280]	2.7+0.0s
[160/1120]	[L1: 0.0270]	2.6+0.0s
[200/1120]	[L1: 0.0273]	2.6+0.0s
[240/1120]	[L1: 0.0273]	2.6+0.0s
[280/1120]	[L1: 0.0278]	2.6+0.0s
[320/1120]	[L1: 0.0276]	2.6+0.0s
[360/1120]	[L1: 0.0274]	2.6+0.0s
[400/1120]	[L1: 0.0273]	2.7+0.0s
[440/1120]	[L1: 0.0267]	2.6+0.0s
[480/1120]	[L1: 0.0268]	2.6+0.0s
[520/1120]	[L1: 0.0268]	2.6+0.0s
[560/1120]	[L1: 0.0267]	2.7+0.0s
[600/1120]	[L1: 0.0266]	2.6+0.0s
[640/1120]	[L1: 0.0265]	2.6+0.0s
[680/1120]	[L1: 0.0264]	2.6+0.0s
[720/1120]	[L1: 0.0263]	2.6+0.0s
[760/1120]	[L1: 0.0265]	2.6+0.0s
[800/1120]	[L1: 0.0267]	2.6+0.0s
[840/1120]	[L1: 0.0266]	2.7+0.0s
[880/1120]	[L1: 0.0265]	2.6+0.0s
[920/1120]	[L1: 0.0265]	2.6+0.0s
[960/1120]	[L1: 0.0263]	2.6+0.0s
[1000/1120]	[L1: 0.0262]	2.6+0.0s
[1040/1120]	[L1: 0.0261]	2.7+0.0s
[1080/1120]	[L1: 0.0260]	2.6+0.0s
[1120/1120]	[L1: 0.0259]	2.6+0.0s
Saved epoch checkpoint at epoch 200

Evaluation:
[RSSCN7 x3]	psnr: 29.378 (Best: 29.378 @epoch 198)
Total time: 40.42s

[Epoch 201]	Learning rate: 1.00e-4
[40/1120]	[L1: 0.0231]	2.6+0.0s
[80/1120]	[L1: 0.0244]	2.6+0.0s
[120/1120]	[L1: 0.0258]	2.7+0.0s
[160/1120]	[L1: 0.0254]	2.6+0.0s
[200/1120]	[L1: 0.0252]	2.7+0.0s
[240/1120]	[L1: 0.0251]	2.6+0.0s
[280/1120]	[L1: 0.0253]	2.6+0.0s
[320/1120]	[L1: 0.0260]	2.6+0.0s
[360/1120]	[L1: 0.0258]	2.6+0.0s
[400/1120]	[L1: 0.0255]	2.6+0.0s
[440/1120]	[L1: 0.0253]	2.7+0.0s
[480/1120]	[L1: 0.0255]	2.6+0.0s
[520/1120]	[L1: 0.0255]	2.6+0.0s
[560/1120]	[L1: 0.0257]	2.6+0.0s
[600/1120]	[L1: 0.0258]	2.6+0.0s
[640/1120]	[L1: 0.0259]	2.7+0.0s
[680/1120]	[L1: 0.0259]	2.7+0.0s
[720/1120]	[L1: 0.0259]	2.6+0.0s
[760/1120]	[L1: 0.0258]	2.6+0.0s
[800/1120]	[L1: 0.0257]	2.6+0.0s
[840/1120]	[L1: 0.0256]	2.6+0.0s
[880/1120]	[L1: 0.0255]	2.7+0.0s
[920/1120]	[L1: 0.0255]	2.6+0.0s
[960/1120]	[L1: 0.0255]	2.6+0.0s
[1000/1120]	[L1: 0.0255]	2.6+0.0s
[1040/1120]	[L1: 0.0256]	2.6+0.0s
[1080/1120]	[L1: 0.0255]	2.7+0.0s
[1120/1120]	[L1: 0.0255]	2.6+0.0s

Evaluation:
[RSSCN7 x3]	psnr: 29.402 (Best: 29.402 @epoch 201)
Total time: 39.96s

[Epoch 202]	Learning rate: 1.00e-4
[40/1120]	[L1: 0.0235]	2.6+0.0s
[80/1120]	[L1: 0.0234]	2.7+0.0s
[120/1120]	[L1: 0.0240]	2.6+0.0s
[160/1120]	[L1: 0.0249]	2.6+0.0s
[200/1120]	[L1: 0.0247]	2.6+0.0s
[240/1120]	[L1: 0.0253]	2.6+0.0s
[280/1120]	[L1: 0.0254]	2.6+0.0s
[320/1120]	[L1: 0.0253]	2.6+0.0s
[360/1120]	[L1: 0.0255]	2.7+0.0s
[400/1120]	[L1: 0.0260]	2.6+0.0s
[440/1120]	[L1: 0.0259]	2.6+0.0s
[480/1120]	[L1: 0.0260]	2.6+0.0s
[520/1120]	[L1: 0.0260]	2.7+0.0s
[560/1120]	[L1: 0.0259]	2.6+0.0s
[600/1120]	[L1: 0.0256]	2.6+0.0s
[640/1120]	[L1: 0.0257]	2.6+0.0s
[680/1120]	[L1: 0.0258]	2.6+0.0s
[720/1120]	[L1: 0.0258]	2.8+0.0s
[760/1120]	[L1: 0.0256]	2.8+0.0s
[800/1120]	[L1: 0.0257]	3.0+0.0s
[840/1120]	[L1: 0.0257]	2.8+0.0s
[880/1120]	[L1: 0.0256]	2.8+0.0s
[920/1120]	[L1: 0.0254]	2.6+0.0s
[960/1120]	[L1: 0.0254]	2.6+0.0s
[1000/1120]	[L1: 0.0255]	2.7+0.0s
[1040/1120]	[L1: 0.0255]	2.6+0.0s
[1080/1120]	[L1: 0.0255]	2.6+0.0s
[1120/1120]	[L1: 0.0254]	2.6+0.0s

Evaluation:
[RSSCN7 x3]	psnr: 29.391 (Best: 29.402 @epoch 201)
Total time: 40.34s

[Epoch 203]	Learning rate: 1.00e-4
[40/1120]	[L1: 0.0264]	2.7+0.0s
[80/1120]	[L1: 0.0260]	2.6+0.0s
[120/1120]	[L1: 0.0264]	2.6+0.0s
[160/1120]	[L1: 0.0265]	2.6+0.0s
[200/1120]	[L1: 0.0267]	2.7+0.0s
[240/1120]	[L1: 0.0264]	2.6+0.0s
[280/1120]	[L1: 0.0260]	2.6+0.0s
[320/1120]	[L1: 0.0259]	2.6+0.0s
[360/1120]	[L1: 0.0258]	2.6+0.0s
[400/1120]	[L1: 0.0258]	2.6+0.0s
[440/1120]	[L1: 0.0259]	2.6+0.0s
[480/1120]	[L1: 0.0257]	2.7+0.0s
[520/1120]	[L1: 0.0259]	2.6+0.0s
[560/1120]	[L1: 0.0257]	2.6+0.0s
[600/1120]	[L1: 0.0258]	2.6+0.0s
[640/1120]	[L1: 0.0260]	2.6+0.0s
[680/1120]	[L1: 0.0258]	2.7+0.0s
[720/1120]	[L1: 0.0259]	2.6+0.0s
[760/1120]	[L1: 0.0260]	2.6+0.0s
[800/1120]	[L1: 0.0260]	2.6+0.0s
[840/1120]	[L1: 0.0260]	2.6+0.0s
[880/1120]	[L1: 0.0260]	2.6+0.0s
[920/1120]	[L1: 0.0258]	2.7+0.0s
[960/1120]	[L1: 0.0256]	2.6+0.0s
[1000/1120]	[L1: 0.0257]	2.6+0.0s
[1040/1120]	[L1: 0.0256]	2.8+0.0s
[1080/1120]	[L1: 0.0254]	2.8+0.0s
[1120/1120]	[L1: 0.0254]	2.7+0.0s

Evaluation:
[RSSCN7 x3]	psnr: 29.390 (Best: 29.402 @epoch 201)
Total time: 40.22s

[Epoch 204]	Learning rate: 1.00e-4
[40/1120]	[L1: 0.0276]	2.8+0.0s
[80/1120]	[L1: 0.0279]	2.8+0.0s
[120/1120]	[L1: 0.0267]	2.9+0.0s
[160/1120]	[L1: 0.0261]	2.6+0.0s
[200/1120]	[L1: 0.0257]	2.6+0.0s
[240/1120]	[L1: 0.0255]	2.6+0.0s
[280/1120]	[L1: 0.0252]	2.6+0.0s
[320/1120]	[L1: 0.0258]	2.6+0.0s
[360/1120]	[L1: 0.0258]	2.6+0.0s
[400/1120]	[L1: 0.0259]	2.7+0.0s
[440/1120]	[L1: 0.0257]	2.6+0.0s
[480/1120]	[L1: 0.0254]	2.6+0.0s
[520/1120]	[L1: 0.0254]	2.6+0.0s
[560/1120]	[L1: 0.0252]	2.7+0.0s
[600/1120]	[L1: 0.0250]	2.6+0.0s
[640/1120]	[L1: 0.0251]	2.6+0.0s
[680/1120]	[L1: 0.0250]	2.6+0.0s
[720/1120]	[L1: 0.0250]	2.6+0.0s
[760/1120]	[L1: 0.0250]	2.6+0.0s
[800/1120]	[L1: 0.0252]	2.6+0.0s
[840/1120]	[L1: 0.0250]	2.7+0.0s
[880/1120]	[L1: 0.0251]	2.6+0.0s
[920/1120]	[L1: 0.0251]	2.6+0.0s
[960/1120]	[L1: 0.0253]	2.6+0.0s
[1000/1120]	[L1: 0.0253]	2.6+0.0s
[1040/1120]	[L1: 0.0253]	2.7+0.0s
[1080/1120]	[L1: 0.0254]	2.6+0.0s
[1120/1120]	[L1: 0.0253]	2.6+0.0s

Evaluation:
[RSSCN7 x3]	psnr: 29.398 (Best: 29.402 @epoch 201)
Total time: 40.66s

[Epoch 205]	Learning rate: 1.00e-4
[40/1120]	[L1: 0.0319]	2.6+0.0s
[80/1120]	[L1: 0.0302]	2.7+0.0s
[120/1120]	[L1: 0.0298]	2.6+0.0s
[160/1120]	[L1: 0.0292]	2.6+0.0s
[200/1120]	[L1: 0.0289]	2.6+0.0s
[240/1120]	[L1: 0.0290]	2.6+0.0s
[280/1120]	[L1: 0.0290]	2.8+0.0s
[320/1120]	[L1: 0.0287]	2.7+0.0s
[360/1120]	[L1: 0.0281]	2.6+0.0s
[400/1120]	[L1: 0.0278]	2.6+0.0s
[440/1120]	[L1: 0.0273]	2.6+0.0s
[480/1120]	[L1: 0.0268]	2.6+0.0s
[520/1120]	[L1: 0.0265]	2.7+0.0s
[560/1120]	[L1: 0.0264]	2.6+0.0s
[600/1120]	[L1: 0.0263]	2.6+0.0s
[640/1120]	[L1: 0.0264]	2.6+0.0s
[680/1120]	[L1: 0.0263]	2.6+0.0s
[720/1120]	[L1: 0.0262]	2.6+0.0s
[760/1120]	[L1: 0.0260]	2.7+0.0s
[800/1120]	[L1: 0.0261]	2.6+0.0s
[840/1120]	[L1: 0.0262]	2.6+0.0s
[880/1120]	[L1: 0.0261]	2.6+0.0s
[920/1120]	[L1: 0.0259]	2.6+0.0s
[960/1120]	[L1: 0.0258]	2.7+0.0s
[1000/1120]	[L1: 0.0257]	2.6+0.0s
[1040/1120]	[L1: 0.0256]	2.6+0.0s
[1080/1120]	[L1: 0.0255]	2.6+0.0s
[1120/1120]	[L1: 0.0255]	2.6+0.0s

Evaluation:
[RSSCN7 x3]	psnr: 29.399 (Best: 29.402 @epoch 201)
Total time: 39.92s

[Epoch 206]	Learning rate: 1.00e-4
[40/1120]	[L1: 0.0255]	2.8+0.0s
[80/1120]	[L1: 0.0247]	2.8+0.0s
[120/1120]	[L1: 0.0257]	2.8+0.0s
[160/1120]	[L1: 0.0266]	2.7+0.0s
[200/1120]	[L1: 0.0261]	2.6+0.0s
[240/1120]	[L1: 0.0261]	2.6+0.0s
[280/1120]	[L1: 0.0255]	2.7+0.0s
[320/1120]	[L1: 0.0258]	2.6+0.0s
[360/1120]	[L1: 0.0256]	2.6+0.0s
[400/1120]	[L1: 0.0256]	2.6+0.0s
[440/1120]	[L1: 0.0254]	2.6+0.0s
[480/1120]	[L1: 0.0257]	2.7+0.0s
[520/1120]	[L1: 0.0256]	2.6+0.0s
[560/1120]	[L1: 0.0255]	2.6+0.0s
[600/1120]	[L1: 0.0258]	2.6+0.0s
[640/1120]	[L1: 0.0259]	2.6+0.0s
[680/1120]	[L1: 0.0261]	2.6+0.0s
[720/1120]	[L1: 0.0259]	2.7+0.0s
[760/1120]	[L1: 0.0259]	2.6+0.0s
[800/1120]	[L1: 0.0258]	2.6+0.0s
[840/1120]	[L1: 0.0256]	2.6+0.0s
[880/1120]	[L1: 0.0256]	2.6+0.0s
[920/1120]	[L1: 0.0258]	2.7+0.0s
[960/1120]	[L1: 0.0258]	2.6+0.0s
[1000/1120]	[L1: 0.0257]	2.6+0.0s
[1040/1120]	[L1: 0.0256]	2.6+0.0s
[1080/1120]	[L1: 0.0256]	2.6+0.0s
[1120/1120]	[L1: 0.0255]	2.6+0.0s

Evaluation:
[RSSCN7 x3]	psnr: 29.402 (Best: 29.402 @epoch 206)
Total time: 40.22s

[Epoch 207]	Learning rate: 1.00e-4
[40/1120]	[L1: 0.0260]	2.6+0.0s
[80/1120]	[L1: 0.0262]	2.6+0.0s
[120/1120]	[L1: 0.0258]	2.6+0.0s
[160/1120]	[L1: 0.0256]	2.6+0.0s
[200/1120]	[L1: 0.0257]	2.7+0.0s
[240/1120]	[L1: 0.0246]	2.6+0.0s
[280/1120]	[L1: 0.0244]	2.6+0.0s
[320/1120]	[L1: 0.0245]	2.6+0.0s
[360/1120]	[L1: 0.0246]	2.6+0.0s
[400/1120]	[L1: 0.0246]	2.7+0.0s
[440/1120]	[L1: 0.0248]	2.6+0.0s
[480/1120]	[L1: 0.0248]	2.6+0.0s
[520/1120]	[L1: 0.0252]	2.6+0.0s
[560/1120]	[L1: 0.0253]	2.6+0.0s
[600/1120]	[L1: 0.0253]	2.6+0.0s
[640/1120]	[L1: 0.0253]	2.6+0.0s
[680/1120]	[L1: 0.0254]	2.7+0.0s
[720/1120]	[L1: 0.0253]	2.6+0.0s
[760/1120]	[L1: 0.0254]	2.6+0.0s
[800/1120]	[L1: 0.0254]	2.6+0.0s
[840/1120]	[L1: 0.0255]	2.6+0.0s
[880/1120]	[L1: 0.0254]	2.7+0.0s
[920/1120]	[L1: 0.0254]	2.6+0.0s
[960/1120]	[L1: 0.0254]	2.6+0.0s
[1000/1120]	[L1: 0.0255]	2.6+0.0s
[1040/1120]	[L1: 0.0255]	2.6+0.0s
[1080/1120]	[L1: 0.0255]	2.6+0.0s
[1120/1120]	[L1: 0.0255]	2.7+0.0s

Evaluation:
[RSSCN7 x3]	psnr: 29.408 (Best: 29.408 @epoch 207)
Total time: 40.57s

[Epoch 208]	Learning rate: 1.00e-4
[40/1120]	[L1: 0.0241]	2.8+0.0s
[80/1120]	[L1: 0.0247]	2.8+0.0s
[120/1120]	[L1: 0.0252]	2.7+0.0s
[160/1120]	[L1: 0.0249]	2.7+0.0s
[200/1120]	[L1: 0.0248]	2.6+0.0s
[240/1120]	[L1: 0.0246]	2.6+0.0s
[280/1120]	[L1: 0.0244]	2.6+0.0s
[320/1120]	[L1: 0.0243]	2.7+0.0s
[360/1120]	[L1: 0.0243]	2.6+0.0s
[400/1120]	[L1: 0.0243]	2.6+0.0s
[440/1120]	[L1: 0.0246]	2.6+0.0s
[480/1120]	[L1: 0.0242]	2.6+0.0s
[520/1120]	[L1: 0.0244]	2.6+0.0s
[560/1120]	[L1: 0.0245]	2.6+0.0s
[600/1120]	[L1: 0.0250]	2.7+0.0s
[640/1120]	[L1: 0.0251]	2.6+0.0s
[680/1120]	[L1: 0.0249]	2.6+0.0s
[720/1120]	[L1: 0.0250]	2.6+0.0s
[760/1120]	[L1: 0.0252]	2.6+0.0s
[800/1120]	[L1: 0.0252]	2.7+0.0s
[840/1120]	[L1: 0.0255]	2.6+0.0s
[880/1120]	[L1: 0.0254]	2.6+0.0s
[920/1120]	[L1: 0.0256]	2.6+0.0s
[960/1120]	[L1: 0.0256]	2.6+0.0s
[1000/1120]	[L1: 0.0255]	2.6+0.0s
[1040/1120]	[L1: 0.0255]	2.7+0.0s
[1080/1120]	[L1: 0.0256]	2.6+0.0s
[1120/1120]	[L1: 0.0256]	2.6+0.0s

Evaluation:
[RSSCN7 x3]	psnr: 29.408 (Best: 29.408 @epoch 207)
Total time: 40.12s

[Epoch 209]	Learning rate: 1.00e-4
[40/1120]	[L1: 0.0237]	2.7+0.0s
[80/1120]	[L1: 0.0236]	2.6+0.0s
[120/1120]	[L1: 0.0246]	2.6+0.0s
[160/1120]	[L1: 0.0243]	2.7+0.0s
[200/1120]	[L1: 0.0252]	2.8+0.0s
[240/1120]	[L1: 0.0244]	2.7+0.0s
[280/1120]	[L1: 0.0245]	2.6+0.0s
[320/1120]	[L1: 0.0249]	2.6+0.0s
[360/1120]	[L1: 0.0246]	2.6+0.0s
[400/1120]	[L1: 0.0247]	2.6+0.0s
[440/1120]	[L1: 0.0246]	2.6+0.0s
[480/1120]	[L1: 0.0245]	2.7+0.0s
[520/1120]	[L1: 0.0247]	2.6+0.0s
[560/1120]	[L1: 0.0244]	2.6+0.0s
[600/1120]	[L1: 0.0245]	2.6+0.0s
[640/1120]	[L1: 0.0248]	2.6+0.0s
[680/1120]	[L1: 0.0251]	2.7+0.0s
[720/1120]	[L1: 0.0252]	2.6+0.0s
[760/1120]	[L1: 0.0253]	2.6+0.0s
[800/1120]	[L1: 0.0252]	2.6+0.0s
[840/1120]	[L1: 0.0252]	2.6+0.0s
[880/1120]	[L1: 0.0253]	2.6+0.0s
[920/1120]	[L1: 0.0254]	2.6+0.0s
[960/1120]	[L1: 0.0253]	2.7+0.0s
[1000/1120]	[L1: 0.0253]	2.6+0.0s
[1040/1120]	[L1: 0.0254]	2.6+0.0s
[1080/1120]	[L1: 0.0253]	2.7+0.0s
[1120/1120]	[L1: 0.0253]	2.6+0.0s

Evaluation:
[RSSCN7 x3]	psnr: 29.402 (Best: 29.408 @epoch 207)
Total time: 39.93s

[Epoch 210]	Learning rate: 1.00e-4
[40/1120]	[L1: 0.0270]	2.8+0.0s
[80/1120]	[L1: 0.0250]	2.8+0.0s
[120/1120]	[L1: 0.0238]	3.1+0.0s
[160/1120]	[L1: 0.0240]	2.7+0.0s
[200/1120]	[L1: 0.0244]	2.6+0.0s
[240/1120]	[L1: 0.0251]	2.6+0.0s
[280/1120]	[L1: 0.0252]	2.8+0.0s
[320/1120]	[L1: 0.0254]	2.8+0.0s
[360/1120]	[L1: 0.0251]	2.6+0.0s
[400/1120]	[L1: 0.0250]	2.7+0.0s
[440/1120]	[L1: 0.0249]	2.6+0.0s
[480/1120]	[L1: 0.0249]	2.6+0.0s
[520/1120]	[L1: 0.0249]	2.6+0.0s
[560/1120]	[L1: 0.0249]	2.6+0.0s
[600/1120]	[L1: 0.0249]	2.7+0.0s
[640/1120]	[L1: 0.0251]	2.6+0.0s
[680/1120]	[L1: 0.0250]	2.6+0.0s
[720/1120]	[L1: 0.0250]	2.6+0.0s
[760/1120]	[L1: 0.0251]	2.6+0.0s
[800/1120]	[L1: 0.0254]	2.6+0.0s
[840/1120]	[L1: 0.0254]	2.7+0.0s
[880/1120]	[L1: 0.0255]	2.6+0.0s
[920/1120]	[L1: 0.0254]	2.6+0.0s
[960/1120]	[L1: 0.0254]	2.6+0.0s
[1000/1120]	[L1: 0.0253]	2.6+0.0s
[1040/1120]	[L1: 0.0252]	2.7+0.0s
[1080/1120]	[L1: 0.0253]	2.6+0.0s
[1120/1120]	[L1: 0.0254]	2.6+0.0s

Evaluation:
[RSSCN7 x3]	psnr: 29.403 (Best: 29.408 @epoch 207)
Total time: 40.50s

[Epoch 211]	Learning rate: 1.00e-4
[40/1120]	[L1: 0.0219]	2.8+0.0s
[80/1120]	[L1: 0.0229]	2.9+0.0s
[120/1120]	[L1: 0.0234]	2.7+0.0s
[160/1120]	[L1: 0.0240]	2.6+0.0s
[200/1120]	[L1: 0.0241]	2.6+0.0s
[240/1120]	[L1: 0.0242]	2.6+0.0s
[280/1120]	[L1: 0.0246]	2.6+0.0s
[320/1120]	[L1: 0.0250]	2.7+0.0s
[360/1120]	[L1: 0.0250]	2.6+0.0s
[400/1120]	[L1: 0.0254]	2.6+0.0s
[440/1120]	[L1: 0.0254]	2.6+0.0s
[480/1120]	[L1: 0.0251]	2.6+0.0s
[520/1120]	[L1: 0.0249]	2.7+0.0s
[560/1120]	[L1: 0.0249]	2.6+0.0s
[600/1120]	[L1: 0.0250]	2.6+0.0s
[640/1120]	[L1: 0.0252]	2.6+0.0s
[680/1120]	[L1: 0.0256]	2.6+0.0s
[720/1120]	[L1: 0.0257]	2.6+0.0s
[760/1120]	[L1: 0.0257]	2.6+0.0s
[800/1120]	[L1: 0.0254]	2.7+0.0s
[840/1120]	[L1: 0.0255]	2.6+0.0s
[880/1120]	[L1: 0.0254]	2.6+0.0s
[920/1120]	[L1: 0.0255]	2.6+0.0s
[960/1120]	[L1: 0.0256]	2.6+0.0s
[1000/1120]	[L1: 0.0256]	2.7+0.0s
[1040/1120]	[L1: 0.0257]	2.6+0.0s
[1080/1120]	[L1: 0.0255]	2.6+0.0s
[1120/1120]	[L1: 0.0256]	2.6+0.0s

Evaluation:
[RSSCN7 x3]	psnr: 29.412 (Best: 29.412 @epoch 211)
Total time: 40.03s

[Epoch 212]	Learning rate: 1.00e-4
[40/1120]	[L1: 0.0287]	2.6+0.0s
[80/1120]	[L1: 0.0272]	2.6+0.0s
[120/1120]	[L1: 0.0268]	2.6+0.0s
[160/1120]	[L1: 0.0262]	2.6+0.0s
[200/1120]	[L1: 0.0250]	2.7+0.0s
[240/1120]	[L1: 0.0260]	2.8+0.0s
[280/1120]	[L1: 0.0261]	2.7+0.0s
[320/1120]	[L1: 0.0259]	2.6+0.0s
[360/1120]	[L1: 0.0263]	2.6+0.0s
[400/1120]	[L1: 0.0259]	2.6+0.0s
[440/1120]	[L1: 0.0262]	2.6+0.0s
[480/1120]	[L1: 0.0262]	2.7+0.0s
[520/1120]	[L1: 0.0262]	2.6+0.0s
[560/1120]	[L1: 0.0259]	2.6+0.0s
[600/1120]	[L1: 0.0259]	2.6+0.0s
[640/1120]	[L1: 0.0258]	2.6+0.0s
[680/1120]	[L1: 0.0257]	2.6+0.0s
[720/1120]	[L1: 0.0258]	2.7+0.0s
[760/1120]	[L1: 0.0256]	2.6+0.0s
[800/1120]	[L1: 0.0256]	2.6+0.0s
[840/1120]	[L1: 0.0255]	2.6+0.0s
[880/1120]	[L1: 0.0255]	2.6+0.0s
[920/1120]	[L1: 0.0254]	2.7+0.0s
[960/1120]	[L1: 0.0254]	2.6+0.0s
[1000/1120]	[L1: 0.0253]	2.6+0.0s
[1040/1120]	[L1: 0.0252]	2.6+0.0s
[1080/1120]	[L1: 0.0254]	2.6+0.0s
[1120/1120]	[L1: 0.0254]	2.6+0.0s

Evaluation:
[RSSCN7 x3]	psnr: 29.415 (Best: 29.415 @epoch 212)
Total time: 40.15s

[Epoch 213]	Learning rate: 1.00e-4
[40/1120]	[L1: 0.0248]	2.6+0.0s
[80/1120]	[L1: 0.0258]	2.6+0.0s
[120/1120]	[L1: 0.0250]	2.6+0.0s
[160/1120]	[L1: 0.0264]	2.7+0.0s
[200/1120]	[L1: 0.0263]	2.6+0.0s
[240/1120]	[L1: 0.0252]	2.6+0.0s
[280/1120]	[L1: 0.0250]	2.6+0.0s
[320/1120]	[L1: 0.0251]	2.6+0.0s
[360/1120]	[L1: 0.0250]	2.6+0.0s
[400/1120]	[L1: 0.0251]	2.7+0.0s
[440/1120]	[L1: 0.0254]	2.6+0.0s
[480/1120]	[L1: 0.0252]	2.6+0.0s
[520/1120]	[L1: 0.0250]	2.6+0.0s
[560/1120]	[L1: 0.0251]	2.6+0.0s
[600/1120]	[L1: 0.0253]	2.7+0.0s
[640/1120]	[L1: 0.0258]	2.6+0.0s
[680/1120]	[L1: 0.0260]	2.6+0.0s
[720/1120]	[L1: 0.0260]	2.6+0.0s
[760/1120]	[L1: 0.0260]	2.6+0.0s
[800/1120]	[L1: 0.0259]	2.6+0.0s
[840/1120]	[L1: 0.0258]	2.6+0.0s
[880/1120]	[L1: 0.0257]	2.7+0.0s
[920/1120]	[L1: 0.0256]	2.6+0.0s
[960/1120]	[L1: 0.0258]	2.6+0.0s
[1000/1120]	[L1: 0.0257]	2.6+0.0s
[1040/1120]	[L1: 0.0257]	2.6+0.0s
[1080/1120]	[L1: 0.0256]	2.7+0.0s
[1120/1120]	[L1: 0.0255]	2.6+0.0s

Evaluation:
[RSSCN7 x3]	psnr: 29.423 (Best: 29.423 @epoch 213)
Total time: 40.75s

[Epoch 214]	Learning rate: 1.00e-4
[40/1120]	[L1: 0.0268]	2.6+0.0s
[80/1120]	[L1: 0.0262]	2.7+0.0s
[120/1120]	[L1: 0.0269]	2.6+0.0s
[160/1120]	[L1: 0.0262]	2.6+0.0s
[200/1120]	[L1: 0.0266]	2.6+0.0s
[240/1120]	[L1: 0.0259]	2.6+0.0s
[280/1120]	[L1: 0.0256]	2.6+0.0s
[320/1120]	[L1: 0.0256]	2.7+0.0s
[360/1120]	[L1: 0.0258]	2.6+0.0s
[400/1120]	[L1: 0.0253]	2.6+0.0s
[440/1120]	[L1: 0.0255]	2.6+0.0s
[480/1120]	[L1: 0.0253]	2.6+0.0s
[520/1120]	[L1: 0.0252]	2.7+0.0s
[560/1120]	[L1: 0.0251]	2.6+0.0s
[600/1120]	[L1: 0.0250]	2.6+0.0s
[640/1120]	[L1: 0.0249]	2.6+0.0s
[680/1120]	[L1: 0.0250]	2.6+0.0s
[720/1120]	[L1: 0.0250]	2.6+0.0s
[760/1120]	[L1: 0.0250]	2.6+0.0s
[800/1120]	[L1: 0.0250]	2.7+0.0s
[840/1120]	[L1: 0.0251]	2.6+0.0s
[880/1120]	[L1: 0.0252]	2.6+0.0s
[920/1120]	[L1: 0.0253]	2.6+0.0s
[960/1120]	[L1: 0.0254]	2.6+0.0s
[1000/1120]	[L1: 0.0254]	2.7+0.0s
[1040/1120]	[L1: 0.0253]	2.6+0.0s
[1080/1120]	[L1: 0.0254]	2.6+0.0s
[1120/1120]	[L1: 0.0254]	2.6+0.0s

Evaluation:
[RSSCN7 x3]	psnr: 29.407 (Best: 29.423 @epoch 213)
Total time: 41.78s

[Epoch 215]	Learning rate: 1.00e-4
[40/1120]	[L1: 0.0230]	3.5+0.0s
[80/1120]	[L1: 0.0248]	3.3+0.0s
[120/1120]	[L1: 0.0254]	2.6+0.0s
[160/1120]	[L1: 0.0247]	2.6+0.0s
[200/1120]	[L1: 0.0249]	2.6+0.0s
[240/1120]	[L1: 0.0246]	2.6+0.0s
[280/1120]	[L1: 0.0251]	2.7+0.0s
[320/1120]	[L1: 0.0255]	2.6+0.0s
[360/1120]	[L1: 0.0256]	2.6+0.0s
[400/1120]	[L1: 0.0256]	2.6+0.0s
[440/1120]	[L1: 0.0255]	2.6+0.0s
[480/1120]	[L1: 0.0252]	2.7+0.0s
[520/1120]	[L1: 0.0251]	2.6+0.0s
[560/1120]	[L1: 0.0252]	2.6+0.0s
[600/1120]	[L1: 0.0250]	2.6+0.0s
[640/1120]	[L1: 0.0248]	2.6+0.0s
[680/1120]	[L1: 0.0250]	2.6+0.0s
[720/1120]	[L1: 0.0251]	2.6+0.0s
[760/1120]	[L1: 0.0251]	2.7+0.0s
[800/1120]	[L1: 0.0252]	2.6+0.0s
[840/1120]	[L1: 0.0253]	2.6+0.0s
[880/1120]	[L1: 0.0253]	2.6+0.0s
[920/1120]	[L1: 0.0253]	2.7+0.0s
[960/1120]	[L1: 0.0253]	2.6+0.0s
[1000/1120]	[L1: 0.0254]	2.6+0.0s
[1040/1120]	[L1: 0.0255]	2.6+0.0s
[1080/1120]	[L1: 0.0256]	2.6+0.0s
[1120/1120]	[L1: 0.0255]	2.6+0.0s

Evaluation:
[RSSCN7 x3]	psnr: 29.389 (Best: 29.423 @epoch 213)
Total time: 41.19s

[Epoch 216]	Learning rate: 1.00e-4
[40/1120]	[L1: 0.0271]	2.8+0.0s
[80/1120]	[L1: 0.0244]	2.8+0.0s
[120/1120]	[L1: 0.0266]	2.8+0.0s
[160/1120]	[L1: 0.0262]	2.7+0.0s
[200/1120]	[L1: 0.0258]	2.6+0.0s
[240/1120]	[L1: 0.0253]	2.7+0.0s
[280/1120]	[L1: 0.0256]	2.6+0.0s
[320/1120]	[L1: 0.0255]	2.6+0.0s
[360/1120]	[L1: 0.0254]	2.6+0.0s
[400/1120]	[L1: 0.0257]	2.6+0.0s
[440/1120]	[L1: 0.0251]	2.7+0.0s
[480/1120]	[L1: 0.0251]	2.6+0.0s
[520/1120]	[L1: 0.0249]	2.6+0.0s
[560/1120]	[L1: 0.0251]	2.6+0.0s
[600/1120]	[L1: 0.0250]	2.6+0.0s
[640/1120]	[L1: 0.0251]	2.6+0.0s
[680/1120]	[L1: 0.0252]	2.7+0.0s
[720/1120]	[L1: 0.0251]	2.6+0.0s
[760/1120]	[L1: 0.0252]	2.6+0.0s
[800/1120]	[L1: 0.0249]	2.6+0.0s
[840/1120]	[L1: 0.0251]	2.6+0.0s
[880/1120]	[L1: 0.0252]	2.7+0.0s
[920/1120]	[L1: 0.0252]	2.6+0.0s
[960/1120]	[L1: 0.0251]	2.6+0.0s
[1000/1120]	[L1: 0.0252]	2.6+0.0s
[1040/1120]	[L1: 0.0252]	2.7+0.0s
[1080/1120]	[L1: 0.0253]	2.8+0.0s
[1120/1120]	[L1: 0.0253]	2.7+0.0s

Evaluation:
[RSSCN7 x3]	psnr: 29.413 (Best: 29.423 @epoch 213)
Total time: 44.15s

[Epoch 217]	Learning rate: 1.00e-4
[40/1120]	[L1: 0.0265]	3.4+0.0s
[80/1120]	[L1: 0.0258]	3.2+0.0s
[120/1120]	[L1: 0.0262]	2.6+0.0s
[160/1120]	[L1: 0.0260]	2.7+0.0s
[200/1120]	[L1: 0.0258]	2.6+0.0s
[240/1120]	[L1: 0.0264]	2.6+0.0s
[280/1120]	[L1: 0.0260]	2.6+0.0s
[320/1120]	[L1: 0.0262]	2.6+0.0s
[360/1120]	[L1: 0.0265]	2.7+0.0s
[400/1120]	[L1: 0.0264]	2.6+0.0s
[440/1120]	[L1: 0.0261]	2.6+0.0s
[480/1120]	[L1: 0.0262]	2.6+0.0s
[520/1120]	[L1: 0.0263]	2.6+0.0s
[560/1120]	[L1: 0.0260]	2.6+0.0s
[600/1120]	[L1: 0.0261]	2.7+0.0s
[640/1120]	[L1: 0.0261]	2.6+0.0s
[680/1120]	[L1: 0.0261]	2.6+0.0s
[720/1120]	[L1: 0.0257]	2.6+0.0s
[760/1120]	[L1: 0.0257]	2.6+0.0s
[800/1120]	[L1: 0.0256]	2.7+0.0s
[840/1120]	[L1: 0.0257]	2.6+0.0s
[880/1120]	[L1: 0.0256]	2.6+0.0s
[920/1120]	[L1: 0.0255]	2.6+0.0s
[960/1120]	[L1: 0.0256]	2.6+0.0s
[1000/1120]	[L1: 0.0254]	2.6+0.0s
[1040/1120]	[L1: 0.0253]	2.6+0.0s
[1080/1120]	[L1: 0.0254]	2.7+0.0s
[1120/1120]	[L1: 0.0253]	2.6+0.0s

Evaluation:
[RSSCN7 x3]	psnr: 29.419 (Best: 29.423 @epoch 213)
Total time: 43.56s

[Epoch 218]	Learning rate: 1.00e-4
[40/1120]	[L1: 0.0249]	2.8+0.0s
[80/1120]	[L1: 0.0264]	3.0+0.0s
[120/1120]	[L1: 0.0258]	2.8+0.0s
[160/1120]	[L1: 0.0265]	2.7+0.0s
[200/1120]	[L1: 0.0261]	2.7+0.0s
[240/1120]	[L1: 0.0254]	2.6+0.0s
[280/1120]	[L1: 0.0255]	2.7+0.0s
[320/1120]	[L1: 0.0255]	2.6+0.0s
[360/1120]	[L1: 0.0261]	2.6+0.0s
[400/1120]	[L1: 0.0259]	2.6+0.0s
[440/1120]	[L1: 0.0256]	2.6+0.0s
[480/1120]	[L1: 0.0254]	2.6+0.0s
[520/1120]	[L1: 0.0257]	2.7+0.0s
[560/1120]	[L1: 0.0258]	2.6+0.0s
[600/1120]	[L1: 0.0257]	2.6+0.0s
[640/1120]	[L1: 0.0257]	2.6+0.0s
[680/1120]	[L1: 0.0258]	2.6+0.0s
[720/1120]	[L1: 0.0256]	2.7+0.0s
[760/1120]	[L1: 0.0256]	2.6+0.0s
[800/1120]	[L1: 0.0255]	2.6+0.0s
[840/1120]	[L1: 0.0254]	2.6+0.0s
[880/1120]	[L1: 0.0252]	2.6+0.0s
[920/1120]	[L1: 0.0252]	2.6+0.0s
[960/1120]	[L1: 0.0254]	2.7+0.0s
[1000/1120]	[L1: 0.0253]	2.6+0.0s
[1040/1120]	[L1: 0.0254]	2.6+0.0s
[1080/1120]	[L1: 0.0254]	2.6+0.0s
[1120/1120]	[L1: 0.0254]	2.6+0.0s

Evaluation:
[RSSCN7 x3]	psnr: 29.410 (Best: 29.423 @epoch 213)
Total time: 41.14s

[Epoch 219]	Learning rate: 1.00e-4
[40/1120]	[L1: 0.0299]	2.8+0.0s
[80/1120]	[L1: 0.0275]	2.9+0.0s
[120/1120]	[L1: 0.0269]	2.9+0.0s
[160/1120]	[L1: 0.0259]	2.9+0.0s
[200/1120]	[L1: 0.0262]	2.7+0.0s
[240/1120]	[L1: 0.0262]	2.6+0.0s
[280/1120]	[L1: 0.0258]	2.6+0.0s
[320/1120]	[L1: 0.0259]	2.6+0.0s
[360/1120]	[L1: 0.0256]	2.6+0.0s
[400/1120]	[L1: 0.0256]	2.6+0.0s
[440/1120]	[L1: 0.0254]	2.7+0.0s
[480/1120]	[L1: 0.0254]	2.6+0.0s
[520/1120]	[L1: 0.0253]	2.6+0.0s
[560/1120]	[L1: 0.0255]	2.6+0.0s
[600/1120]	[L1: 0.0253]	2.6+0.0s
[640/1120]	[L1: 0.0254]	2.7+0.0s
[680/1120]	[L1: 0.0252]	2.6+0.0s
[720/1120]	[L1: 0.0253]	2.6+0.0s
[760/1120]	[L1: 0.0253]	2.6+0.0s
[800/1120]	[L1: 0.0254]	2.6+0.0s
[840/1120]	[L1: 0.0255]	2.6+0.0s
[880/1120]	[L1: 0.0256]	2.6+0.0s
[920/1120]	[L1: 0.0254]	2.7+0.0s
[960/1120]	[L1: 0.0254]	2.6+0.0s
[1000/1120]	[L1: 0.0255]	2.6+0.0s
[1040/1120]	[L1: 0.0254]	2.6+0.0s
[1080/1120]	[L1: 0.0254]	2.7+0.0s
[1120/1120]	[L1: 0.0254]	2.6+0.0s

Evaluation:
[RSSCN7 x3]	psnr: 29.415 (Best: 29.423 @epoch 213)
Total time: 41.43s

[Epoch 220]	Learning rate: 1.00e-4
[40/1120]	[L1: 0.0249]	2.6+0.0s
[80/1120]	[L1: 0.0276]	2.6+0.0s
[120/1120]	[L1: 0.0268]	2.7+0.0s
[160/1120]	[L1: 0.0266]	2.6+0.0s
[200/1120]	[L1: 0.0265]	2.6+0.0s
[240/1120]	[L1: 0.0262]	2.6+0.0s
[280/1120]	[L1: 0.0262]	2.6+0.0s
[320/1120]	[L1: 0.0265]	2.6+0.0s
[360/1120]	[L1: 0.0266]	2.7+0.0s
[400/1120]	[L1: 0.0267]	2.6+0.0s
[440/1120]	[L1: 0.0264]	2.6+0.0s
[480/1120]	[L1: 0.0262]	2.6+0.0s
[520/1120]	[L1: 0.0262]	2.6+0.0s
[560/1120]	[L1: 0.0261]	2.7+0.0s
[600/1120]	[L1: 0.0260]	2.6+0.0s
[640/1120]	[L1: 0.0257]	2.6+0.0s
[680/1120]	[L1: 0.0256]	2.6+0.0s
[720/1120]	[L1: 0.0254]	2.6+0.0s
[760/1120]	[L1: 0.0256]	2.6+0.0s
[800/1120]	[L1: 0.0255]	2.7+0.0s
[840/1120]	[L1: 0.0253]	2.6+0.0s
[880/1120]	[L1: 0.0253]	2.6+0.0s
[920/1120]	[L1: 0.0252]	2.6+0.0s
[960/1120]	[L1: 0.0253]	2.6+0.0s
[1000/1120]	[L1: 0.0253]	2.7+0.0s
[1040/1120]	[L1: 0.0253]	2.6+0.0s
[1080/1120]	[L1: 0.0254]	2.9+0.0s
[1120/1120]	[L1: 0.0254]	2.8+0.0s

Evaluation:
[RSSCN7 x3]	psnr: 29.418 (Best: 29.423 @epoch 213)
Total time: 41.04s

[Epoch 221]	Learning rate: 1.00e-4
[40/1120]	[L1: 0.0239]	2.7+0.0s
[80/1120]	[L1: 0.0239]	2.6+0.0s
[120/1120]	[L1: 0.0254]	2.6+0.0s
[160/1120]	[L1: 0.0242]	2.6+0.0s
[200/1120]	[L1: 0.0237]	2.6+0.0s
[240/1120]	[L1: 0.0249]	2.6+0.0s
[280/1120]	[L1: 0.0245]	2.6+0.0s
[320/1120]	[L1: 0.0247]	2.7+0.0s
[360/1120]	[L1: 0.0246]	2.6+0.0s
[400/1120]	[L1: 0.0247]	2.6+0.0s
[440/1120]	[L1: 0.0247]	2.6+0.0s
[480/1120]	[L1: 0.0249]	2.6+0.0s
[520/1120]	[L1: 0.0250]	2.7+0.0s
[560/1120]	[L1: 0.0250]	2.6+0.0s
[600/1120]	[L1: 0.0248]	2.6+0.0s
[640/1120]	[L1: 0.0249]	2.6+0.0s
[680/1120]	[L1: 0.0249]	2.6+0.0s
[720/1120]	[L1: 0.0250]	2.6+0.0s
[760/1120]	[L1: 0.0252]	2.7+0.0s
[800/1120]	[L1: 0.0255]	2.6+0.0s
[840/1120]	[L1: 0.0254]	2.6+0.0s
[880/1120]	[L1: 0.0254]	2.6+0.0s
[920/1120]	[L1: 0.0253]	2.6+0.0s
[960/1120]	[L1: 0.0252]	2.7+0.0s
[1000/1120]	[L1: 0.0253]	2.6+0.0s
[1040/1120]	[L1: 0.0252]	2.6+0.0s
[1080/1120]	[L1: 0.0255]	2.6+0.0s
[1120/1120]	[L1: 0.0255]	2.6+0.0s

Evaluation:
[RSSCN7 x3]	psnr: 29.420 (Best: 29.423 @epoch 213)
Total time: 43.66s

[Epoch 222]	Learning rate: 1.00e-4
[40/1120]	[L1: 0.0227]	3.3+0.0s
[80/1120]	[L1: 0.0231]	2.9+0.0s
[120/1120]	[L1: 0.0234]	2.8+0.0s
[160/1120]	[L1: 0.0244]	2.8+0.0s
[200/1120]	[L1: 0.0242]	2.8+0.0s
[240/1120]	[L1: 0.0243]	2.8+0.0s
[280/1120]	[L1: 0.0247]	2.7+0.0s
[320/1120]	[L1: 0.0246]	2.6+0.0s
[360/1120]	[L1: 0.0245]	2.7+0.0s
[400/1120]	[L1: 0.0245]	2.8+0.0s
[440/1120]	[L1: 0.0245]	2.7+0.0s
[480/1120]	[L1: 0.0244]	2.7+0.0s
[520/1120]	[L1: 0.0246]	2.6+0.0s
[560/1120]	[L1: 0.0245]	2.6+0.0s
[600/1120]	[L1: 0.0247]	2.6+0.0s
[640/1120]	[L1: 0.0248]	2.6+0.0s
[680/1120]	[L1: 0.0248]	2.6+0.0s
[720/1120]	[L1: 0.0248]	2.6+0.0s
[760/1120]	[L1: 0.0249]	2.9+0.0s
[800/1120]	[L1: 0.0252]	2.8+0.0s
[840/1120]	[L1: 0.0251]	2.7+0.0s
[880/1120]	[L1: 0.0252]	2.7+0.0s
[920/1120]	[L1: 0.0252]	2.6+0.0s
[960/1120]	[L1: 0.0253]	2.7+0.0s
[1000/1120]	[L1: 0.0251]	2.6+0.0s
[1040/1120]	[L1: 0.0252]	2.6+0.0s
[1080/1120]	[L1: 0.0252]	2.6+0.0s
[1120/1120]	[L1: 0.0253]	2.6+0.0s

Evaluation:
[RSSCN7 x3]	psnr: 29.419 (Best: 29.423 @epoch 213)
Total time: 41.17s

[Epoch 223]	Learning rate: 1.00e-4
[40/1120]	[L1: 0.0272]	2.8+0.0s
[80/1120]	[L1: 0.0252]	2.8+0.0s
[120/1120]	[L1: 0.0251]	2.7+0.0s
[160/1120]	[L1: 0.0254]	2.6+0.0s
[200/1120]	[L1: 0.0261]	2.7+0.0s
[240/1120]	[L1: 0.0253]	2.8+0.0s
[280/1120]	[L1: 0.0260]	2.6+0.0s
[320/1120]	[L1: 0.0258]	2.6+0.0s
[360/1120]	[L1: 0.0258]	2.6+0.0s
[400/1120]	[L1: 0.0258]	2.6+0.0s
[440/1120]	[L1: 0.0259]	2.7+0.0s
[480/1120]	[L1: 0.0257]	2.6+0.0s
[520/1120]	[L1: 0.0257]	2.6+0.0s
[560/1120]	[L1: 0.0257]	2.6+0.0s
[600/1120]	[L1: 0.0259]	2.6+0.0s
[640/1120]	[L1: 0.0258]	2.6+0.0s
[680/1120]	[L1: 0.0259]	2.6+0.0s
[720/1120]	[L1: 0.0257]	2.7+0.0s
[760/1120]	[L1: 0.0259]	2.6+0.0s
[800/1120]	[L1: 0.0257]	2.6+0.0s
[840/1120]	[L1: 0.0256]	2.6+0.0s
[880/1120]	[L1: 0.0255]	2.7+0.0s
[920/1120]	[L1: 0.0255]	2.6+0.0s
[960/1120]	[L1: 0.0256]	2.6+0.0s
[1000/1120]	[L1: 0.0257]	2.6+0.0s
[1040/1120]	[L1: 0.0256]	2.6+0.0s
[1080/1120]	[L1: 0.0255]	2.6+0.0s
[1120/1120]	[L1: 0.0255]	2.7+0.0s

Evaluation:
[RSSCN7 x3]	psnr: 29.408 (Best: 29.423 @epoch 213)
Total time: 41.22s

[Epoch 224]	Learning rate: 1.00e-4
[40/1120]	[L1: 0.0279]	2.6+0.0s
[80/1120]	[L1: 0.0267]	2.6+0.0s
[120/1120]	[L1: 0.0263]	2.6+0.0s
[160/1120]	[L1: 0.0257]	2.6+0.0s
[200/1120]	[L1: 0.0263]	2.7+0.0s
[240/1120]	[L1: 0.0265]	2.6+0.0s
[280/1120]	[L1: 0.0264]	2.6+0.0s
[320/1120]	[L1: 0.0260]	2.6+0.0s
[360/1120]	[L1: 0.0259]	2.6+0.0s
[400/1120]	[L1: 0.0259]	2.7+0.0s
[440/1120]	[L1: 0.0255]	2.6+0.0s
[480/1120]	[L1: 0.0254]	2.6+0.0s
[520/1120]	[L1: 0.0255]	2.6+0.0s
[560/1120]	[L1: 0.0257]	2.6+0.0s
[600/1120]	[L1: 0.0258]	2.6+0.0s
[640/1120]	[L1: 0.0258]	2.6+0.0s
[680/1120]	[L1: 0.0257]	2.7+0.0s
[720/1120]	[L1: 0.0257]	2.8+0.0s
[760/1120]	[L1: 0.0258]	2.8+0.0s
[800/1120]	[L1: 0.0259]	2.8+0.0s
[840/1120]	[L1: 0.0259]	2.7+0.0s
[880/1120]	[L1: 0.0258]	2.6+0.0s
[920/1120]	[L1: 0.0257]	2.6+0.0s
[960/1120]	[L1: 0.0256]	2.6+0.0s
[1000/1120]	[L1: 0.0255]	2.6+0.0s
[1040/1120]	[L1: 0.0255]	2.6+0.0s
[1080/1120]	[L1: 0.0255]	2.6+0.0s
[1120/1120]	[L1: 0.0255]	2.9+0.0s

Evaluation:
[RSSCN7 x3]	psnr: 29.408 (Best: 29.423 @epoch 213)
Total time: 40.83s

[Epoch 225]	Learning rate: 1.00e-4
[40/1120]	[L1: 0.0270]	2.8+0.0s
[80/1120]	[L1: 0.0258]	2.8+0.0s
[120/1120]	[L1: 0.0255]	2.8+0.0s
[160/1120]	[L1: 0.0254]	2.9+0.0s
[200/1120]	[L1: 0.0254]	2.7+0.0s
[240/1120]	[L1: 0.0250]	2.6+0.0s
[280/1120]	[L1: 0.0251]	2.6+0.0s
[320/1120]	[L1: 0.0253]	2.7+0.0s
[360/1120]	[L1: 0.0254]	2.6+0.0s
[400/1120]	[L1: 0.0255]	2.6+0.0s
[440/1120]	[L1: 0.0254]	2.6+0.0s
[480/1120]	[L1: 0.0253]	2.6+0.0s
[520/1120]	[L1: 0.0254]	2.6+0.0s
[560/1120]	[L1: 0.0255]	2.6+0.0s
[600/1120]	[L1: 0.0255]	2.7+0.0s
[640/1120]	[L1: 0.0254]	2.6+0.0s
[680/1120]	[L1: 0.0254]	2.6+0.0s
[720/1120]	[L1: 0.0254]	2.6+0.0s
[760/1120]	[L1: 0.0253]	2.6+0.0s
[800/1120]	[L1: 0.0254]	2.7+0.0s
[840/1120]	[L1: 0.0256]	2.6+0.0s
[880/1120]	[L1: 0.0258]	2.6+0.0s
[920/1120]	[L1: 0.0257]	2.6+0.0s
[960/1120]	[L1: 0.0257]	2.6+0.0s
[1000/1120]	[L1: 0.0257]	2.6+0.0s
[1040/1120]	[L1: 0.0256]	2.7+0.0s
[1080/1120]	[L1: 0.0254]	2.6+0.0s
[1120/1120]	[L1: 0.0253]	2.6+0.0s

Evaluation:
[RSSCN7 x3]	psnr: 29.408 (Best: 29.423 @epoch 213)
Total time: 41.68s

[Epoch 226]	Learning rate: 1.00e-4
[40/1120]	[L1: 0.0239]	2.7+0.0s
[80/1120]	[L1: 0.0236]	2.6+0.0s
[120/1120]	[L1: 0.0237]	2.6+0.0s
[160/1120]	[L1: 0.0238]	2.6+0.0s
[200/1120]	[L1: 0.0241]	2.6+0.0s
[240/1120]	[L1: 0.0246]	2.7+0.0s
[280/1120]	[L1: 0.0251]	2.6+0.0s
[320/1120]	[L1: 0.0250]	2.6+0.0s
[360/1120]	[L1: 0.0250]	2.6+0.0s
[400/1120]	[L1: 0.0251]	2.6+0.0s
[440/1120]	[L1: 0.0253]	2.6+0.0s
[480/1120]	[L1: 0.0255]	2.6+0.0s
[520/1120]	[L1: 0.0255]	2.7+0.0s
[560/1120]	[L1: 0.0254]	2.6+0.0s
[600/1120]	[L1: 0.0252]	2.6+0.0s
[640/1120]	[L1: 0.0250]	2.6+0.0s
[680/1120]	[L1: 0.0250]	2.7+0.0s
[720/1120]	[L1: 0.0251]	2.6+0.0s
[760/1120]	[L1: 0.0252]	2.6+0.0s
[800/1120]	[L1: 0.0252]	2.6+0.0s
[840/1120]	[L1: 0.0252]	2.6+0.0s
[880/1120]	[L1: 0.0252]	2.6+0.0s
[920/1120]	[L1: 0.0252]	2.6+0.0s
[960/1120]	[L1: 0.0252]	2.7+0.0s
[1000/1120]	[L1: 0.0252]	2.6+0.0s
[1040/1120]	[L1: 0.0253]	2.6+0.0s
[1080/1120]	[L1: 0.0253]	2.6+0.0s
[1120/1120]	[L1: 0.0253]	2.6+0.0s

Evaluation:
[RSSCN7 x3]	psnr: 29.407 (Best: 29.423 @epoch 213)
Total time: 41.38s

[Epoch 227]	Learning rate: 1.00e-4
[40/1120]	[L1: 0.0277]	2.9+0.0s
[80/1120]	[L1: 0.0264]	2.8+0.0s
[120/1120]	[L1: 0.0259]	2.8+0.0s
[160/1120]	[L1: 0.0258]	2.7+0.0s
[200/1120]	[L1: 0.0258]	2.6+0.0s
[240/1120]	[L1: 0.0257]	2.6+0.0s
[280/1120]	[L1: 0.0255]	2.6+0.0s
[320/1120]	[L1: 0.0251]	2.6+0.0s
[360/1120]	[L1: 0.0250]	2.6+0.0s
[400/1120]	[L1: 0.0250]	2.7+0.0s
[440/1120]	[L1: 0.0251]	2.6+0.0s
[480/1120]	[L1: 0.0258]	2.6+0.0s
[520/1120]	[L1: 0.0255]	2.6+0.0s
[560/1120]	[L1: 0.0255]	2.6+0.0s
[600/1120]	[L1: 0.0256]	2.7+0.0s
[640/1120]	[L1: 0.0257]	2.6+0.0s
[680/1120]	[L1: 0.0257]	2.6+0.0s
[720/1120]	[L1: 0.0258]	2.6+0.0s
[760/1120]	[L1: 0.0258]	2.6+0.0s
[800/1120]	[L1: 0.0257]	2.6+0.0s
[840/1120]	[L1: 0.0257]	2.6+0.0s
[880/1120]	[L1: 0.0258]	2.7+0.0s
[920/1120]	[L1: 0.0256]	2.6+0.0s
[960/1120]	[L1: 0.0256]	2.6+0.0s
[1000/1120]	[L1: 0.0256]	2.6+0.0s
[1040/1120]	[L1: 0.0254]	2.7+0.0s
[1080/1120]	[L1: 0.0253]	2.6+0.0s
[1120/1120]	[L1: 0.0254]	2.6+0.0s

Evaluation:
[RSSCN7 x3]	psnr: 29.426 (Best: 29.426 @epoch 227)
Total time: 41.19s

[Epoch 228]	Learning rate: 1.00e-4
[40/1120]	[L1: 0.0257]	2.6+0.0s
[80/1120]	[L1: 0.0243]	2.7+0.0s
[120/1120]	[L1: 0.0238]	2.6+0.0s
[160/1120]	[L1: 0.0249]	2.6+0.0s
[200/1120]	[L1: 0.0253]	2.6+0.0s
[240/1120]	[L1: 0.0255]	2.6+0.0s
[280/1120]	[L1: 0.0256]	2.6+0.0s
[320/1120]	[L1: 0.0256]	2.7+0.0s
[360/1120]	[L1: 0.0258]	2.6+0.0s
[400/1120]	[L1: 0.0260]	2.6+0.0s
[440/1120]	[L1: 0.0261]	2.6+0.0s
[480/1120]	[L1: 0.0262]	2.6+0.0s
[520/1120]	[L1: 0.0258]	2.7+0.0s
[560/1120]	[L1: 0.0258]	2.6+0.0s
[600/1120]	[L1: 0.0262]	2.6+0.0s
[640/1120]	[L1: 0.0261]	2.7+0.0s
[680/1120]	[L1: 0.0259]	2.6+0.0s
[720/1120]	[L1: 0.0258]	2.6+0.0s
[760/1120]	[L1: 0.0258]	2.6+0.0s
[800/1120]	[L1: 0.0258]	2.7+0.0s
[840/1120]	[L1: 0.0255]	2.6+0.0s
[880/1120]	[L1: 0.0257]	2.6+0.0s
[920/1120]	[L1: 0.0254]	2.6+0.0s
[960/1120]	[L1: 0.0254]	2.7+0.0s
[1000/1120]	[L1: 0.0254]	2.6+0.0s
[1040/1120]	[L1: 0.0254]	2.6+0.0s
[1080/1120]	[L1: 0.0253]	2.6+0.0s
[1120/1120]	[L1: 0.0254]	2.6+0.0s

Evaluation:
[RSSCN7 x3]	psnr: 29.417 (Best: 29.426 @epoch 227)
Total time: 41.97s

[Epoch 229]	Learning rate: 1.00e-4
[40/1120]	[L1: 0.0234]	2.8+0.0s
[80/1120]	[L1: 0.0259]	2.8+0.0s
[120/1120]	[L1: 0.0250]	2.7+0.0s
[160/1120]	[L1: 0.0251]	2.6+0.0s
[200/1120]	[L1: 0.0247]	2.6+0.0s
[240/1120]	[L1: 0.0244]	2.6+0.0s
[280/1120]	[L1: 0.0241]	2.7+0.0s
[320/1120]	[L1: 0.0246]	2.6+0.0s
[360/1120]	[L1: 0.0246]	2.6+0.0s
[400/1120]	[L1: 0.0247]	2.6+0.0s
[440/1120]	[L1: 0.0248]	2.6+0.0s
[480/1120]	[L1: 0.0250]	2.7+0.0s
[520/1120]	[L1: 0.0248]	2.6+0.0s
[560/1120]	[L1: 0.0249]	2.6+0.0s
[600/1120]	[L1: 0.0248]	2.6+0.0s
[640/1120]	[L1: 0.0248]	2.6+0.0s
[680/1120]	[L1: 0.0249]	2.6+0.0s
[720/1120]	[L1: 0.0248]	2.7+0.0s
[760/1120]	[L1: 0.0249]	2.6+0.0s
[800/1120]	[L1: 0.0250]	2.6+0.0s
[840/1120]	[L1: 0.0252]	2.6+0.0s
[880/1120]	[L1: 0.0252]	2.6+0.0s
[920/1120]	[L1: 0.0253]	2.7+0.0s
[960/1120]	[L1: 0.0250]	2.6+0.0s
[1000/1120]	[L1: 0.0252]	2.6+0.0s
[1040/1120]	[L1: 0.0253]	2.6+0.0s
[1080/1120]	[L1: 0.0254]	2.6+0.0s
[1120/1120]	[L1: 0.0253]	2.6+0.0s

Evaluation:
[RSSCN7 x3]	psnr: 29.411 (Best: 29.426 @epoch 227)
Total time: 43.36s

[Epoch 230]	Learning rate: 1.00e-4
[40/1120]	[L1: 0.0210]	3.3+0.0s
[80/1120]	[L1: 0.0226]	3.1+0.0s
[120/1120]	[L1: 0.0244]	2.6+0.0s
[160/1120]	[L1: 0.0245]	2.6+0.0s
[200/1120]	[L1: 0.0239]	2.8+0.0s
[240/1120]	[L1: 0.0243]	2.6+0.0s
[280/1120]	[L1: 0.0243]	2.6+0.0s
[320/1120]	[L1: 0.0245]	2.6+0.0s
[360/1120]	[L1: 0.0246]	2.6+0.0s
[400/1120]	[L1: 0.0245]	2.6+0.0s
[440/1120]	[L1: 0.0245]	2.7+0.0s
[480/1120]	[L1: 0.0251]	2.6+0.0s
[520/1120]	[L1: 0.0250]	2.6+0.0s
[560/1120]	[L1: 0.0252]	2.6+0.0s
[600/1120]	[L1: 0.0255]	2.6+0.0s
[640/1120]	[L1: 0.0254]	2.7+0.0s
[680/1120]	[L1: 0.0254]	2.6+0.0s
[720/1120]	[L1: 0.0255]	2.6+0.0s
[760/1120]	[L1: 0.0254]	2.6+0.0s
[800/1120]	[L1: 0.0253]	2.6+0.0s
[840/1120]	[L1: 0.0252]	2.6+0.0s
[880/1120]	[L1: 0.0251]	2.7+0.0s
[920/1120]	[L1: 0.0250]	2.6+0.0s
[960/1120]	[L1: 0.0251]	2.6+0.0s
[1000/1120]	[L1: 0.0251]	2.6+0.0s
[1040/1120]	[L1: 0.0251]	2.6+0.0s
[1080/1120]	[L1: 0.0252]	2.7+0.0s
[1120/1120]	[L1: 0.0252]	2.6+0.0s

Evaluation:
[RSSCN7 x3]	psnr: 29.424 (Best: 29.426 @epoch 227)
Total time: 42.05s

[Epoch 231]	Learning rate: 1.00e-4
[40/1120]	[L1: 0.0248]	2.6+0.0s
[80/1120]	[L1: 0.0248]	2.6+0.0s
[120/1120]	[L1: 0.0242]	2.7+0.0s
[160/1120]	[L1: 0.0248]	2.6+0.0s
[200/1120]	[L1: 0.0253]	2.6+0.0s
[240/1120]	[L1: 0.0258]	2.6+0.0s
[280/1120]	[L1: 0.0258]	2.6+0.0s
[320/1120]	[L1: 0.0263]	2.7+0.0s
[360/1120]	[L1: 0.0262]	2.6+0.0s
[400/1120]	[L1: 0.0258]	2.6+0.0s
[440/1120]	[L1: 0.0255]	2.6+0.0s
[480/1120]	[L1: 0.0256]	2.6+0.0s
[520/1120]	[L1: 0.0256]	2.6+0.0s
[560/1120]	[L1: 0.0253]	2.6+0.0s
[600/1120]	[L1: 0.0251]	2.7+0.0s
[640/1120]	[L1: 0.0249]	2.6+0.0s
[680/1120]	[L1: 0.0252]	2.6+0.0s
[720/1120]	[L1: 0.0254]	2.6+0.0s
[760/1120]	[L1: 0.0256]	2.7+0.0s
[800/1120]	[L1: 0.0256]	2.6+0.0s
[840/1120]	[L1: 0.0255]	2.6+0.0s
[880/1120]	[L1: 0.0256]	2.6+0.0s
[920/1120]	[L1: 0.0254]	2.6+0.0s
[960/1120]	[L1: 0.0253]	2.6+0.0s
[1000/1120]	[L1: 0.0252]	2.6+0.0s
[1040/1120]	[L1: 0.0252]	2.7+0.0s
[1080/1120]	[L1: 0.0253]	2.6+0.0s
[1120/1120]	[L1: 0.0253]	2.6+0.0s

Evaluation:
[RSSCN7 x3]	psnr: 29.415 (Best: 29.426 @epoch 227)
Total time: 40.47s

[Epoch 232]	Learning rate: 1.00e-4
[40/1120]	[L1: 0.0253]	2.7+0.0s
[80/1120]	[L1: 0.0256]	2.6+0.0s
[120/1120]	[L1: 0.0255]	2.8+0.0s
[160/1120]	[L1: 0.0250]	2.6+0.0s
[200/1120]	[L1: 0.0251]	2.6+0.0s
[240/1120]	[L1: 0.0247]	2.7+0.0s
[280/1120]	[L1: 0.0248]	2.6+0.0s
[320/1120]	[L1: 0.0251]	2.6+0.0s
[360/1120]	[L1: 0.0247]	2.6+0.0s
[400/1120]	[L1: 0.0248]	2.6+0.0s
[440/1120]	[L1: 0.0250]	2.6+0.0s
[480/1120]	[L1: 0.0251]	2.7+0.0s
[520/1120]	[L1: 0.0252]	2.6+0.0s
[560/1120]	[L1: 0.0254]	2.6+0.0s
[600/1120]	[L1: 0.0252]	2.6+0.0s
[640/1120]	[L1: 0.0252]	2.6+0.0s
[680/1120]	[L1: 0.0253]	2.7+0.0s
[720/1120]	[L1: 0.0251]	2.6+0.0s
[760/1120]	[L1: 0.0250]	2.6+0.0s
[800/1120]	[L1: 0.0252]	2.6+0.0s
[840/1120]	[L1: 0.0254]	2.6+0.0s
[880/1120]	[L1: 0.0253]	2.6+0.0s
[920/1120]	[L1: 0.0253]	2.6+0.0s
[960/1120]	[L1: 0.0252]	2.7+0.0s
[1000/1120]	[L1: 0.0252]	2.6+0.0s
[1040/1120]	[L1: 0.0253]	2.6+0.0s
[1080/1120]	[L1: 0.0252]	2.6+0.0s
[1120/1120]	[L1: 0.0253]	2.9+0.0s

Evaluation:
[RSSCN7 x3]	psnr: 29.422 (Best: 29.426 @epoch 227)
Total time: 41.43s

[Epoch 233]	Learning rate: 1.00e-4
[40/1120]	[L1: 0.0220]	2.6+0.0s
[80/1120]	[L1: 0.0247]	2.6+0.0s
[120/1120]	[L1: 0.0239]	2.7+0.0s
[160/1120]	[L1: 0.0239]	2.6+0.0s
[200/1120]	[L1: 0.0253]	2.6+0.0s
[240/1120]	[L1: 0.0253]	2.6+0.0s
[280/1120]	[L1: 0.0249]	2.6+0.0s
[320/1120]	[L1: 0.0253]	2.6+0.0s
[360/1120]	[L1: 0.0256]	2.6+0.0s
[400/1120]	[L1: 0.0253]	2.7+0.0s
[440/1120]	[L1: 0.0252]	2.6+0.0s
[480/1120]	[L1: 0.0249]	2.6+0.0s
[520/1120]	[L1: 0.0250]	2.6+0.0s
[560/1120]	[L1: 0.0251]	2.6+0.0s
[600/1120]	[L1: 0.0251]	2.7+0.0s
[640/1120]	[L1: 0.0251]	2.6+0.0s
[680/1120]	[L1: 0.0252]	2.6+0.0s
[720/1120]	[L1: 0.0253]	2.6+0.0s
[760/1120]	[L1: 0.0253]	2.6+0.0s
[800/1120]	[L1: 0.0253]	2.6+0.0s
[840/1120]	[L1: 0.0254]	2.7+0.0s
[880/1120]	[L1: 0.0253]	2.6+0.0s
[920/1120]	[L1: 0.0252]	2.6+0.0s
[960/1120]	[L1: 0.0253]	2.6+0.0s
[1000/1120]	[L1: 0.0254]	2.6+0.0s
[1040/1120]	[L1: 0.0253]	2.7+0.0s
[1080/1120]	[L1: 0.0253]	2.6+0.0s
[1120/1120]	[L1: 0.0252]	2.6+0.0s

Evaluation:
[RSSCN7 x3]	psnr: 29.424 (Best: 29.426 @epoch 227)
Total time: 42.58s

[Epoch 234]	Learning rate: 1.00e-4
[40/1120]	[L1: 0.0241]	2.8+0.0s
[80/1120]	[L1: 0.0254]	2.9+0.0s
[120/1120]	[L1: 0.0246]	2.8+0.0s
[160/1120]	[L1: 0.0249]	2.6+0.0s
[200/1120]	[L1: 0.0251]	2.6+0.0s
[240/1120]	[L1: 0.0243]	2.6+0.0s
[280/1120]	[L1: 0.0242]	2.6+0.0s
[320/1120]	[L1: 0.0246]	2.7+0.0s
[360/1120]	[L1: 0.0248]	2.6+0.0s
[400/1120]	[L1: 0.0246]	2.6+0.0s
[440/1120]	[L1: 0.0246]	2.6+0.0s
[480/1120]	[L1: 0.0249]	2.6+0.0s
[520/1120]	[L1: 0.0248]	2.7+0.0s
[560/1120]	[L1: 0.0249]	2.6+0.0s
[600/1120]	[L1: 0.0249]	2.6+0.0s
[640/1120]	[L1: 0.0250]	2.6+0.0s
[680/1120]	[L1: 0.0249]	2.6+0.0s
[720/1120]	[L1: 0.0249]	2.6+0.0s
[760/1120]	[L1: 0.0249]	2.6+0.0s
[800/1120]	[L1: 0.0251]	2.7+0.0s
[840/1120]	[L1: 0.0252]	2.6+0.0s
[880/1120]	[L1: 0.0253]	2.6+0.0s
[920/1120]	[L1: 0.0252]	2.6+0.0s
[960/1120]	[L1: 0.0251]	2.7+0.0s
[1000/1120]	[L1: 0.0252]	2.6+0.0s
[1040/1120]	[L1: 0.0252]	2.6+0.0s
[1080/1120]	[L1: 0.0253]	2.6+0.0s
[1120/1120]	[L1: 0.0254]	2.6+0.0s

Evaluation:
[RSSCN7 x3]	psnr: 29.420 (Best: 29.426 @epoch 227)
Total time: 40.91s

[Epoch 235]	Learning rate: 1.00e-4
[40/1120]	[L1: 0.0264]	2.8+0.0s
[80/1120]	[L1: 0.0251]	2.8+0.0s
[120/1120]	[L1: 0.0242]	2.8+0.0s
[160/1120]	[L1: 0.0233]	2.6+0.0s
[200/1120]	[L1: 0.0244]	2.6+0.0s
[240/1120]	[L1: 0.0245]	2.6+0.0s
[280/1120]	[L1: 0.0245]	2.7+0.0s
[320/1120]	[L1: 0.0249]	2.6+0.0s
[360/1120]	[L1: 0.0250]	2.6+0.0s
[400/1120]	[L1: 0.0249]	2.6+0.0s
[440/1120]	[L1: 0.0247]	2.6+0.0s
[480/1120]	[L1: 0.0248]	2.7+0.0s
[520/1120]	[L1: 0.0249]	2.6+0.0s
[560/1120]	[L1: 0.0251]	2.6+0.0s
[600/1120]	[L1: 0.0250]	2.6+0.0s
[640/1120]	[L1: 0.0250]	2.6+0.0s
[680/1120]	[L1: 0.0250]	2.6+0.0s
[720/1120]	[L1: 0.0251]	2.7+0.0s
[760/1120]	[L1: 0.0251]	2.6+0.0s
[800/1120]	[L1: 0.0252]	2.6+0.0s
[840/1120]	[L1: 0.0252]	2.6+0.0s
[880/1120]	[L1: 0.0251]	2.6+0.0s
[920/1120]	[L1: 0.0250]	2.7+0.0s
[960/1120]	[L1: 0.0250]	2.6+0.0s
[1000/1120]	[L1: 0.0252]	2.6+0.0s
[1040/1120]	[L1: 0.0252]	2.6+0.0s
[1080/1120]	[L1: 0.0253]	2.6+0.0s
[1120/1120]	[L1: 0.0252]	2.6+0.0s

Evaluation:
[RSSCN7 x3]	psnr: 29.422 (Best: 29.426 @epoch 227)
Total time: 40.97s

[Epoch 236]	Learning rate: 1.00e-4
[40/1120]	[L1: 0.0258]	2.6+0.0s
[80/1120]	[L1: 0.0269]	2.6+0.0s
[120/1120]	[L1: 0.0267]	2.6+0.0s
[160/1120]	[L1: 0.0260]	2.6+0.0s
[200/1120]	[L1: 0.0266]	2.7+0.0s
[240/1120]	[L1: 0.0266]	2.6+0.0s
[280/1120]	[L1: 0.0264]	2.6+0.0s
[320/1120]	[L1: 0.0261]	2.6+0.0s
[360/1120]	[L1: 0.0260]	2.6+0.0s
[400/1120]	[L1: 0.0261]	2.6+0.0s
[440/1120]	[L1: 0.0258]	2.7+0.0s
[480/1120]	[L1: 0.0256]	2.6+0.0s
[520/1120]	[L1: 0.0253]	2.6+0.0s
[560/1120]	[L1: 0.0251]	2.6+0.0s
[600/1120]	[L1: 0.0251]	2.6+0.0s
[640/1120]	[L1: 0.0254]	2.7+0.0s
[680/1120]	[L1: 0.0254]	2.6+0.0s
[720/1120]	[L1: 0.0253]	2.6+0.0s
[760/1120]	[L1: 0.0253]	2.6+0.0s
[800/1120]	[L1: 0.0252]	2.6+0.0s
[840/1120]	[L1: 0.0252]	2.6+0.0s
[880/1120]	[L1: 0.0253]	2.7+0.0s
[920/1120]	[L1: 0.0253]	2.6+0.0s
[960/1120]	[L1: 0.0253]	2.6+0.0s
[1000/1120]	[L1: 0.0254]	2.6+0.0s
[1040/1120]	[L1: 0.0253]	2.6+0.0s
[1080/1120]	[L1: 0.0253]	2.7+0.0s
[1120/1120]	[L1: 0.0253]	2.6+0.0s

Evaluation:
[RSSCN7 x3]	psnr: 29.420 (Best: 29.426 @epoch 227)
Total time: 40.46s

[Epoch 237]	Learning rate: 1.00e-4
[40/1120]	[L1: 0.0214]	2.6+0.0s
[80/1120]	[L1: 0.0229]	2.6+0.0s
[120/1120]	[L1: 0.0237]	2.7+0.0s
[160/1120]	[L1: 0.0241]	2.6+0.0s
[200/1120]	[L1: 0.0240]	2.6+0.0s
[240/1120]	[L1: 0.0238]	2.6+0.0s
[280/1120]	[L1: 0.0239]	2.6+0.0s
[320/1120]	[L1: 0.0239]	2.7+0.0s
[360/1120]	[L1: 0.0240]	2.6+0.0s
[400/1120]	[L1: 0.0243]	2.6+0.0s
[440/1120]	[L1: 0.0244]	2.6+0.0s
[480/1120]	[L1: 0.0245]	2.6+0.0s
[520/1120]	[L1: 0.0247]	2.6+0.0s
[560/1120]	[L1: 0.0246]	2.6+0.0s
[600/1120]	[L1: 0.0245]	2.7+0.0s
[640/1120]	[L1: 0.0244]	2.6+0.0s
[680/1120]	[L1: 0.0247]	2.6+0.0s
[720/1120]	[L1: 0.0249]	2.6+0.0s
[760/1120]	[L1: 0.0251]	2.7+0.0s
[800/1120]	[L1: 0.0253]	2.6+0.0s
[840/1120]	[L1: 0.0253]	2.6+0.0s
[880/1120]	[L1: 0.0252]	2.6+0.0s
[920/1120]	[L1: 0.0254]	2.6+0.0s
[960/1120]	[L1: 0.0255]	2.6+0.0s
[1000/1120]	[L1: 0.0255]	2.6+0.0s
[1040/1120]	[L1: 0.0255]	2.7+0.0s
[1080/1120]	[L1: 0.0256]	2.8+0.0s
[1120/1120]	[L1: 0.0255]	2.6+0.0s

Evaluation:
[RSSCN7 x3]	psnr: 29.425 (Best: 29.426 @epoch 227)
Total time: 40.21s

[Epoch 238]	Learning rate: 1.00e-4
[40/1120]	[L1: 0.0274]	2.7+0.0s
[80/1120]	[L1: 0.0256]	2.6+0.0s
[120/1120]	[L1: 0.0260]	2.6+0.0s
[160/1120]	[L1: 0.0253]	2.6+0.0s
[200/1120]	[L1: 0.0252]	2.6+0.0s
[240/1120]	[L1: 0.0256]	2.7+0.0s
[280/1120]	[L1: 0.0255]	2.6+0.0s
[320/1120]	[L1: 0.0251]	2.6+0.0s
[360/1120]	[L1: 0.0251]	2.6+0.0s
[400/1120]	[L1: 0.0249]	2.6+0.0s
[440/1120]	[L1: 0.0249]	2.6+0.0s
[480/1120]	[L1: 0.0251]	2.7+0.0s
[520/1120]	[L1: 0.0250]	2.6+0.0s
[560/1120]	[L1: 0.0252]	2.6+0.0s
[600/1120]	[L1: 0.0251]	2.6+0.0s
[640/1120]	[L1: 0.0251]	2.6+0.0s
[680/1120]	[L1: 0.0251]	2.7+0.0s
[720/1120]	[L1: 0.0254]	2.6+0.0s
[760/1120]	[L1: 0.0253]	2.6+0.0s
[800/1120]	[L1: 0.0253]	2.6+0.0s
[840/1120]	[L1: 0.0255]	2.6+0.0s
[880/1120]	[L1: 0.0255]	2.6+0.0s
[920/1120]	[L1: 0.0252]	2.6+0.0s
[960/1120]	[L1: 0.0254]	2.7+0.0s
[1000/1120]	[L1: 0.0253]	2.6+0.0s
[1040/1120]	[L1: 0.0253]	2.6+0.0s
[1080/1120]	[L1: 0.0253]	2.6+0.0s
[1120/1120]	[L1: 0.0253]	2.7+0.0s

Evaluation:
[RSSCN7 x3]	psnr: 29.414 (Best: 29.426 @epoch 227)
Total time: 41.48s

[Epoch 239]	Learning rate: 1.00e-4
[40/1120]	[L1: 0.0251]	2.6+0.0s
[80/1120]	[L1: 0.0248]	2.8+0.0s
[120/1120]	[L1: 0.0255]	2.9+0.0s
[160/1120]	[L1: 0.0260]	2.8+0.0s
[200/1120]	[L1: 0.0257]	2.6+0.0s
[240/1120]	[L1: 0.0252]	2.6+0.0s
[280/1120]	[L1: 0.0259]	2.6+0.0s
[320/1120]	[L1: 0.0260]	2.6+0.0s
[360/1120]	[L1: 0.0259]	2.6+0.0s
[400/1120]	[L1: 0.0259]	2.7+0.0s
[440/1120]	[L1: 0.0257]	2.6+0.0s
[480/1120]	[L1: 0.0254]	2.6+0.0s
[520/1120]	[L1: 0.0256]	2.6+0.0s
[560/1120]	[L1: 0.0258]	2.6+0.0s
[600/1120]	[L1: 0.0257]	2.7+0.0s
[640/1120]	[L1: 0.0260]	2.6+0.0s
[680/1120]	[L1: 0.0261]	2.6+0.0s
[720/1120]	[L1: 0.0259]	2.6+0.0s
[760/1120]	[L1: 0.0259]	2.6+0.0s
[800/1120]	[L1: 0.0259]	2.6+0.0s
[840/1120]	[L1: 0.0258]	2.7+0.0s
[880/1120]	[L1: 0.0257]	2.6+0.0s
[920/1120]	[L1: 0.0255]	2.6+0.0s
[960/1120]	[L1: 0.0254]	2.6+0.0s
[1000/1120]	[L1: 0.0254]	2.6+0.0s
[1040/1120]	[L1: 0.0253]	2.7+0.0s
[1080/1120]	[L1: 0.0254]	2.6+0.0s
[1120/1120]	[L1: 0.0254]	2.6+0.0s

Evaluation:
[RSSCN7 x3]	psnr: 29.412 (Best: 29.426 @epoch 227)
Total time: 39.93s

[Epoch 240]	Learning rate: 1.00e-4
[40/1120]	[L1: 0.0239]	2.6+0.0s
[80/1120]	[L1: 0.0237]	2.7+0.0s
[120/1120]	[L1: 0.0254]	2.6+0.0s
[160/1120]	[L1: 0.0248]	2.6+0.0s
[200/1120]	[L1: 0.0249]	2.6+0.0s
[240/1120]	[L1: 0.0255]	2.6+0.0s
[280/1120]	[L1: 0.0257]	2.6+0.0s
[320/1120]	[L1: 0.0257]	2.7+0.0s
[360/1120]	[L1: 0.0255]	2.6+0.0s
[400/1120]	[L1: 0.0255]	2.6+0.0s
[440/1120]	[L1: 0.0256]	2.6+0.0s
[480/1120]	[L1: 0.0253]	2.6+0.0s
[520/1120]	[L1: 0.0252]	2.7+0.0s
[560/1120]	[L1: 0.0251]	2.8+0.0s
[600/1120]	[L1: 0.0251]	2.8+0.0s
[640/1120]	[L1: 0.0250]	2.6+0.0s
[680/1120]	[L1: 0.0248]	2.6+0.0s
[720/1120]	[L1: 0.0249]	2.6+0.0s
[760/1120]	[L1: 0.0251]	2.6+0.0s
[800/1120]	[L1: 0.0250]	2.7+0.0s
[840/1120]	[L1: 0.0252]	2.6+0.0s
[880/1120]	[L1: 0.0252]	2.6+0.0s
[920/1120]	[L1: 0.0253]	2.6+0.0s
[960/1120]	[L1: 0.0253]	2.7+0.0s
[1000/1120]	[L1: 0.0253]	2.6+0.0s
[1040/1120]	[L1: 0.0254]	2.6+0.0s
[1080/1120]	[L1: 0.0254]	2.6+0.0s
[1120/1120]	[L1: 0.0254]	2.6+0.0s

Evaluation:
[RSSCN7 x3]	psnr: 29.425 (Best: 29.426 @epoch 227)
Total time: 40.10s

[Epoch 241]	Learning rate: 1.00e-4
[40/1120]	[L1: 0.0276]	2.6+0.0s
[80/1120]	[L1: 0.0250]	2.6+0.0s
[120/1120]	[L1: 0.0249]	2.6+0.0s
[160/1120]	[L1: 0.0247]	2.6+0.0s
[200/1120]	[L1: 0.0250]	2.7+0.0s
[240/1120]	[L1: 0.0253]	2.6+0.0s
[280/1120]	[L1: 0.0254]	2.6+0.0s
[320/1120]	[L1: 0.0253]	2.6+0.0s
[360/1120]	[L1: 0.0248]	2.6+0.0s
[400/1120]	[L1: 0.0253]	2.6+0.0s
[440/1120]	[L1: 0.0255]	2.6+0.0s
[480/1120]	[L1: 0.0257]	2.7+0.0s
[520/1120]	[L1: 0.0255]	2.6+0.0s
[560/1120]	[L1: 0.0254]	2.6+0.0s
[600/1120]	[L1: 0.0254]	2.6+0.0s
[640/1120]	[L1: 0.0254]	2.7+0.0s
[680/1120]	[L1: 0.0254]	2.8+0.0s
[720/1120]	[L1: 0.0252]	2.6+0.0s
[760/1120]	[L1: 0.0250]	2.6+0.0s
[800/1120]	[L1: 0.0249]	2.6+0.0s
[840/1120]	[L1: 0.0251]	2.6+0.0s
[880/1120]	[L1: 0.0250]	2.6+0.0s
[920/1120]	[L1: 0.0250]	2.7+0.0s
[960/1120]	[L1: 0.0250]	2.6+0.0s
[1000/1120]	[L1: 0.0251]	2.8+0.0s
[1040/1120]	[L1: 0.0252]	2.6+0.0s
[1080/1120]	[L1: 0.0253]	2.6+0.0s
[1120/1120]	[L1: 0.0253]	2.7+0.0s

Evaluation:
[RSSCN7 x3]	psnr: 29.422 (Best: 29.426 @epoch 227)
Total time: 40.13s

[Epoch 242]	Learning rate: 1.00e-4
[40/1120]	[L1: 0.0269]	2.8+0.0s
[80/1120]	[L1: 0.0284]	2.6+0.0s
[120/1120]	[L1: 0.0263]	2.6+0.0s
[160/1120]	[L1: 0.0250]	2.7+0.0s
[200/1120]	[L1: 0.0249]	2.6+0.0s
[240/1120]	[L1: 0.0254]	2.6+0.0s
[280/1120]	[L1: 0.0257]	2.6+0.0s
[320/1120]	[L1: 0.0254]	2.6+0.0s
[360/1120]	[L1: 0.0254]	2.7+0.0s
[400/1120]	[L1: 0.0256]	2.6+0.0s
[440/1120]	[L1: 0.0259]	2.6+0.0s
[480/1120]	[L1: 0.0259]	2.6+0.0s
[520/1120]	[L1: 0.0257]	2.6+0.0s
[560/1120]	[L1: 0.0258]	2.6+0.0s
[600/1120]	[L1: 0.0258]	2.6+0.0s
[640/1120]	[L1: 0.0257]	2.7+0.0s
[680/1120]	[L1: 0.0258]	2.6+0.0s
[720/1120]	[L1: 0.0257]	2.6+0.0s
[760/1120]	[L1: 0.0257]	2.6+0.0s
[800/1120]	[L1: 0.0257]	2.7+0.0s
[840/1120]	[L1: 0.0256]	2.6+0.0s
[880/1120]	[L1: 0.0256]	2.6+0.0s
[920/1120]	[L1: 0.0256]	2.6+0.0s
[960/1120]	[L1: 0.0255]	2.6+0.0s
[1000/1120]	[L1: 0.0254]	2.6+0.0s
[1040/1120]	[L1: 0.0255]	2.6+0.0s
[1080/1120]	[L1: 0.0255]	2.7+0.0s
[1120/1120]	[L1: 0.0254]	2.6+0.0s

Evaluation:
[RSSCN7 x3]	psnr: 29.416 (Best: 29.426 @epoch 227)
Total time: 40.51s

[Epoch 243]	Learning rate: 1.00e-4
[40/1120]	[L1: 0.0229]	2.6+0.0s
[80/1120]	[L1: 0.0254]	2.7+0.0s
[120/1120]	[L1: 0.0234]	2.6+0.0s
[160/1120]	[L1: 0.0243]	2.6+0.0s
[200/1120]	[L1: 0.0247]	2.6+0.0s
[240/1120]	[L1: 0.0252]	2.6+0.0s
[280/1120]	[L1: 0.0247]	2.6+0.0s
[320/1120]	[L1: 0.0249]	2.7+0.0s
[360/1120]	[L1: 0.0250]	2.6+0.0s
[400/1120]	[L1: 0.0251]	2.8+0.0s
[440/1120]	[L1: 0.0250]	2.6+0.0s
[480/1120]	[L1: 0.0252]	2.6+0.0s
[520/1120]	[L1: 0.0250]	2.7+0.0s
[560/1120]	[L1: 0.0250]	2.6+0.0s
[600/1120]	[L1: 0.0251]	2.6+0.0s
[640/1120]	[L1: 0.0250]	2.6+0.0s
[680/1120]	[L1: 0.0250]	2.6+0.0s
[720/1120]	[L1: 0.0252]	2.6+0.0s
[760/1120]	[L1: 0.0254]	2.7+0.0s
[800/1120]	[L1: 0.0253]	2.6+0.0s
[840/1120]	[L1: 0.0252]	2.6+0.0s
[880/1120]	[L1: 0.0251]	2.6+0.0s
[920/1120]	[L1: 0.0251]	2.6+0.0s
[960/1120]	[L1: 0.0253]	2.7+0.0s
[1000/1120]	[L1: 0.0252]	2.6+0.0s
[1040/1120]	[L1: 0.0253]	2.6+0.0s
[1080/1120]	[L1: 0.0254]	2.6+0.0s
[1120/1120]	[L1: 0.0252]	2.6+0.0s

Evaluation:
[RSSCN7 x3]	psnr: 29.405 (Best: 29.426 @epoch 227)
Total time: 39.81s

[Epoch 244]	Learning rate: 1.00e-4
[40/1120]	[L1: 0.0239]	2.6+0.0s
[80/1120]	[L1: 0.0233]	2.6+0.0s
[120/1120]	[L1: 0.0235]	2.6+0.0s
[160/1120]	[L1: 0.0245]	2.6+0.0s
[200/1120]	[L1: 0.0248]	2.6+0.0s
[240/1120]	[L1: 0.0250]	2.6+0.0s
[280/1120]	[L1: 0.0247]	2.7+0.0s
[320/1120]	[L1: 0.0246]	2.6+0.0s
[360/1120]	[L1: 0.0249]	2.6+0.0s
[400/1120]	[L1: 0.0248]	2.6+0.0s
[440/1120]	[L1: 0.0249]	2.6+0.0s
[480/1120]	[L1: 0.0256]	2.7+0.0s
[520/1120]	[L1: 0.0252]	2.6+0.0s
[560/1120]	[L1: 0.0253]	2.6+0.0s
[600/1120]	[L1: 0.0253]	2.6+0.0s
[640/1120]	[L1: 0.0255]	2.6+0.0s
[680/1120]	[L1: 0.0256]	2.6+0.0s
[720/1120]	[L1: 0.0256]	2.8+0.0s
[760/1120]	[L1: 0.0255]	2.8+0.0s
[800/1120]	[L1: 0.0256]	2.6+0.0s
[840/1120]	[L1: 0.0256]	2.6+0.0s
[880/1120]	[L1: 0.0256]	2.6+0.0s
[920/1120]	[L1: 0.0255]	2.7+0.0s
[960/1120]	[L1: 0.0254]	2.6+0.0s
[1000/1120]	[L1: 0.0253]	2.6+0.0s
[1040/1120]	[L1: 0.0252]	2.6+0.0s
[1080/1120]	[L1: 0.0253]	2.6+0.0s
[1120/1120]	[L1: 0.0253]	2.6+0.0s

Evaluation:
[RSSCN7 x3]	psnr: 29.429 (Best: 29.429 @epoch 244)
Total time: 40.10s

[Epoch 245]	Learning rate: 1.00e-4
[40/1120]	[L1: 0.0235]	2.6+0.0s
[80/1120]	[L1: 0.0240]	2.6+0.0s
[120/1120]	[L1: 0.0240]	2.6+0.0s
[160/1120]	[L1: 0.0236]	2.6+0.0s
[200/1120]	[L1: 0.0236]	2.7+0.0s
[240/1120]	[L1: 0.0240]	2.6+0.0s
[280/1120]	[L1: 0.0248]	2.6+0.0s
[320/1120]	[L1: 0.0251]	2.6+0.0s
[360/1120]	[L1: 0.0251]	2.6+0.0s
[400/1120]	[L1: 0.0247]	2.7+0.0s
[440/1120]	[L1: 0.0246]	2.6+0.0s
[480/1120]	[L1: 0.0246]	2.6+0.0s
[520/1120]	[L1: 0.0247]	2.6+0.0s
[560/1120]	[L1: 0.0248]	2.6+0.0s
[600/1120]	[L1: 0.0247]	2.6+0.0s
[640/1120]	[L1: 0.0248]	2.6+0.0s
[680/1120]	[L1: 0.0249]	2.7+0.0s
[720/1120]	[L1: 0.0250]	2.6+0.0s
[760/1120]	[L1: 0.0250]	2.6+0.0s
[800/1120]	[L1: 0.0250]	2.6+0.0s
[840/1120]	[L1: 0.0251]	2.6+0.0s
[880/1120]	[L1: 0.0252]	2.7+0.0s
[920/1120]	[L1: 0.0252]	2.6+0.0s
[960/1120]	[L1: 0.0252]	2.6+0.0s
[1000/1120]	[L1: 0.0251]	2.6+0.0s
[1040/1120]	[L1: 0.0252]	2.6+0.0s
[1080/1120]	[L1: 0.0252]	2.6+0.0s
[1120/1120]	[L1: 0.0252]	2.7+0.0s

Evaluation:
[RSSCN7 x3]	psnr: 29.432 (Best: 29.432 @epoch 245)
Total time: 40.76s

[Epoch 246]	Learning rate: 1.00e-4
[40/1120]	[L1: 0.0224]	2.6+0.0s
[80/1120]	[L1: 0.0226]	2.6+0.0s
[120/1120]	[L1: 0.0249]	2.6+0.0s
[160/1120]	[L1: 0.0243]	2.7+0.0s
[200/1120]	[L1: 0.0245]	2.6+0.0s
[240/1120]	[L1: 0.0245]	2.6+0.0s
[280/1120]	[L1: 0.0246]	2.6+0.0s
[320/1120]	[L1: 0.0248]	2.7+0.0s
[360/1120]	[L1: 0.0247]	2.6+0.0s
[400/1120]	[L1: 0.0250]	2.6+0.0s
[440/1120]	[L1: 0.0250]	2.6+0.0s
[480/1120]	[L1: 0.0248]	2.6+0.0s
[520/1120]	[L1: 0.0246]	2.6+0.0s
[560/1120]	[L1: 0.0247]	2.6+0.0s
[600/1120]	[L1: 0.0246]	2.7+0.0s
[640/1120]	[L1: 0.0248]	2.6+0.0s
[680/1120]	[L1: 0.0248]	2.6+0.0s
[720/1120]	[L1: 0.0250]	2.6+0.0s
[760/1120]	[L1: 0.0250]	2.6+0.0s
[800/1120]	[L1: 0.0251]	2.7+0.0s
[840/1120]	[L1: 0.0252]	2.6+0.0s
[880/1120]	[L1: 0.0253]	2.6+0.0s
[920/1120]	[L1: 0.0253]	2.6+0.0s
[960/1120]	[L1: 0.0253]	2.6+0.0s
[1000/1120]	[L1: 0.0254]	2.6+0.0s
[1040/1120]	[L1: 0.0254]	2.7+0.0s
[1080/1120]	[L1: 0.0253]	2.6+0.0s
[1120/1120]	[L1: 0.0253]	2.6+0.0s

Evaluation:
[RSSCN7 x3]	psnr: 29.405 (Best: 29.432 @epoch 245)
Total time: 40.11s

[Epoch 247]	Learning rate: 1.00e-4
[40/1120]	[L1: 0.0270]	2.9+0.0s
[80/1120]	[L1: 0.0261]	2.7+0.0s
[120/1120]	[L1: 0.0267]	2.6+0.0s
[160/1120]	[L1: 0.0263]	2.6+0.0s
[200/1120]	[L1: 0.0265]	2.6+0.0s
[240/1120]	[L1: 0.0265]	2.6+0.0s
[280/1120]	[L1: 0.0269]	2.7+0.0s
[320/1120]	[L1: 0.0268]	2.6+0.0s
[360/1120]	[L1: 0.0267]	2.6+0.0s
[400/1120]	[L1: 0.0266]	2.6+0.0s
[440/1120]	[L1: 0.0262]	2.6+0.0s
[480/1120]	[L1: 0.0261]	2.7+0.0s
[520/1120]	[L1: 0.0262]	2.6+0.0s
[560/1120]	[L1: 0.0259]	2.6+0.0s
[600/1120]	[L1: 0.0258]	2.6+0.0s
[640/1120]	[L1: 0.0257]	2.6+0.0s
[680/1120]	[L1: 0.0258]	2.6+0.0s
[720/1120]	[L1: 0.0255]	2.7+0.0s
[760/1120]	[L1: 0.0255]	2.6+0.0s
[800/1120]	[L1: 0.0254]	2.6+0.0s
[840/1120]	[L1: 0.0254]	2.6+0.0s
[880/1120]	[L1: 0.0256]	2.6+0.0s
[920/1120]	[L1: 0.0255]	2.7+0.0s
[960/1120]	[L1: 0.0254]	2.6+0.0s
[1000/1120]	[L1: 0.0253]	2.6+0.0s
[1040/1120]	[L1: 0.0252]	2.6+0.0s
[1080/1120]	[L1: 0.0251]	2.6+0.0s
[1120/1120]	[L1: 0.0252]	2.6+0.0s

Evaluation:
[RSSCN7 x3]	psnr: 29.412 (Best: 29.432 @epoch 245)
Total time: 40.96s

[Epoch 248]	Learning rate: 1.00e-4
[40/1120]	[L1: 0.0245]	2.6+0.0s
[80/1120]	[L1: 0.0263]	2.6+0.0s
[120/1120]	[L1: 0.0255]	2.6+0.0s
[160/1120]	[L1: 0.0259]	2.6+0.0s
[200/1120]	[L1: 0.0251]	2.7+0.0s
[240/1120]	[L1: 0.0248]	2.6+0.0s
[280/1120]	[L1: 0.0250]	2.6+0.0s
[320/1120]	[L1: 0.0250]	2.6+0.0s
[360/1120]	[L1: 0.0251]	2.6+0.0s
[400/1120]	[L1: 0.0251]	2.6+0.0s
[440/1120]	[L1: 0.0252]	2.7+0.0s
[480/1120]	[L1: 0.0254]	2.6+0.0s
[520/1120]	[L1: 0.0256]	2.6+0.0s
[560/1120]	[L1: 0.0256]	2.6+0.0s
[600/1120]	[L1: 0.0252]	2.6+0.0s
[640/1120]	[L1: 0.0252]	2.9+0.0s
[680/1120]	[L1: 0.0252]	2.8+0.0s
[720/1120]	[L1: 0.0251]	2.8+0.0s
[760/1120]	[L1: 0.0252]	2.8+0.0s
[800/1120]	[L1: 0.0251]	2.6+0.0s
[840/1120]	[L1: 0.0251]	2.6+0.0s
[880/1120]	[L1: 0.0251]	2.7+0.0s
[920/1120]	[L1: 0.0251]	2.6+0.0s
[960/1120]	[L1: 0.0252]	2.8+0.0s
[1000/1120]	[L1: 0.0252]	2.6+0.0s
[1040/1120]	[L1: 0.0252]	2.6+0.0s
[1080/1120]	[L1: 0.0252]	2.7+0.0s
[1120/1120]	[L1: 0.0252]	2.6+0.0s

Evaluation:
[RSSCN7 x3]	psnr: 29.408 (Best: 29.432 @epoch 245)
Total time: 40.52s

[Epoch 249]	Learning rate: 1.00e-4
[40/1120]	[L1: 0.0255]	2.6+0.0s
[80/1120]	[L1: 0.0259]	2.6+0.0s
[120/1120]	[L1: 0.0247]	2.7+0.0s
[160/1120]	[L1: 0.0252]	2.6+0.0s
[200/1120]	[L1: 0.0253]	2.6+0.0s
[240/1120]	[L1: 0.0252]	2.6+0.0s
[280/1120]	[L1: 0.0248]	2.6+0.0s
[320/1120]	[L1: 0.0251]	2.7+0.0s
[360/1120]	[L1: 0.0251]	2.6+0.0s
[400/1120]	[L1: 0.0253]	2.6+0.0s
[440/1120]	[L1: 0.0253]	2.6+0.0s
[480/1120]	[L1: 0.0254]	2.6+0.0s
[520/1120]	[L1: 0.0252]	2.6+0.0s
[560/1120]	[L1: 0.0252]	2.6+0.0s
[600/1120]	[L1: 0.0252]	2.7+0.0s
[640/1120]	[L1: 0.0254]	2.6+0.0s
[680/1120]	[L1: 0.0253]	2.6+0.0s
[720/1120]	[L1: 0.0251]	2.6+0.0s
[760/1120]	[L1: 0.0250]	2.7+0.0s
[800/1120]	[L1: 0.0251]	2.6+0.0s
[840/1120]	[L1: 0.0252]	2.6+0.0s
[880/1120]	[L1: 0.0251]	2.6+0.0s
[920/1120]	[L1: 0.0252]	2.6+0.0s
[960/1120]	[L1: 0.0252]	2.6+0.0s
[1000/1120]	[L1: 0.0252]	2.6+0.0s
[1040/1120]	[L1: 0.0253]	2.7+0.0s
[1080/1120]	[L1: 0.0254]	2.6+0.0s
[1120/1120]	[L1: 0.0253]	2.6+0.0s

Evaluation:
[RSSCN7 x3]	psnr: 29.401 (Best: 29.432 @epoch 245)
Total time: 40.49s

[Epoch 250]	Learning rate: 1.00e-4
[40/1120]	[L1: 0.0263]	2.7+0.0s
[80/1120]	[L1: 0.0248]	2.6+0.0s
[120/1120]	[L1: 0.0258]	2.6+0.0s
[160/1120]	[L1: 0.0256]	2.6+0.0s
[200/1120]	[L1: 0.0254]	2.6+0.0s
[240/1120]	[L1: 0.0252]	2.7+0.0s
[280/1120]	[L1: 0.0254]	2.6+0.0s
[320/1120]	[L1: 0.0250]	2.6+0.0s
[360/1120]	[L1: 0.0250]	2.6+0.0s
[400/1120]	[L1: 0.0248]	2.6+0.0s
[440/1120]	[L1: 0.0250]	2.6+0.0s
[480/1120]	[L1: 0.0249]	2.7+0.0s
[520/1120]	[L1: 0.0252]	2.6+0.0s
[560/1120]	[L1: 0.0252]	2.6+0.0s
[600/1120]	[L1: 0.0250]	2.6+0.0s
[640/1120]	[L1: 0.0251]	2.6+0.0s
[680/1120]	[L1: 0.0252]	2.7+0.0s
[720/1120]	[L1: 0.0253]	2.6+0.0s
[760/1120]	[L1: 0.0253]	2.6+0.0s
[800/1120]	[L1: 0.0253]	2.6+0.0s
[840/1120]	[L1: 0.0253]	2.6+0.0s
[880/1120]	[L1: 0.0252]	2.6+0.0s
[920/1120]	[L1: 0.0252]	2.6+0.0s
[960/1120]	[L1: 0.0251]	2.7+0.0s
[1000/1120]	[L1: 0.0251]	2.6+0.0s
[1040/1120]	[L1: 0.0252]	2.6+0.0s
[1080/1120]	[L1: 0.0253]	2.6+0.0s
[1120/1120]	[L1: 0.0254]	2.7+0.0s

Evaluation:
[RSSCN7 x3]	psnr: 29.415 (Best: 29.432 @epoch 245)
Total time: 40.55s

[Epoch 251]	Learning rate: 1.00e-4
[40/1120]	[L1: 0.0259]	2.8+0.0s
[80/1120]	[L1: 0.0257]	2.8+0.0s
[120/1120]	[L1: 0.0258]	2.9+0.0s
[160/1120]	[L1: 0.0261]	2.6+0.0s
[200/1120]	[L1: 0.0259]	2.6+0.0s
[240/1120]	[L1: 0.0259]	2.6+0.0s
[280/1120]	[L1: 0.0266]	2.6+0.0s
[320/1120]	[L1: 0.0263]	2.6+0.0s
[360/1120]	[L1: 0.0264]	2.6+0.0s
[400/1120]	[L1: 0.0263]	2.7+0.0s
[440/1120]	[L1: 0.0262]	2.6+0.0s
[480/1120]	[L1: 0.0257]	2.6+0.0s
[520/1120]	[L1: 0.0257]	2.6+0.0s
[560/1120]	[L1: 0.0257]	2.6+0.0s
[600/1120]	[L1: 0.0256]	2.7+0.0s
[640/1120]	[L1: 0.0256]	2.6+0.0s
[680/1120]	[L1: 0.0258]	2.6+0.0s
[720/1120]	[L1: 0.0257]	2.6+0.0s
[760/1120]	[L1: 0.0256]	2.6+0.0s
[800/1120]	[L1: 0.0254]	2.6+0.0s
[840/1120]	[L1: 0.0254]	2.7+0.0s
[880/1120]	[L1: 0.0254]	2.6+0.0s
[920/1120]	[L1: 0.0253]	2.6+0.0s
[960/1120]	[L1: 0.0253]	2.6+0.0s
[1000/1120]	[L1: 0.0253]	2.6+0.0s
[1040/1120]	[L1: 0.0252]	2.7+0.0s
[1080/1120]	[L1: 0.0251]	2.6+0.0s
[1120/1120]	[L1: 0.0252]	2.6+0.0s

Evaluation:
[RSSCN7 x3]	psnr: 29.422 (Best: 29.432 @epoch 245)
Total time: 40.22s

[Epoch 252]	Learning rate: 1.00e-4
[40/1120]	[L1: 0.0274]	2.6+0.0s
[80/1120]	[L1: 0.0263]	2.7+0.0s
[120/1120]	[L1: 0.0260]	2.6+0.0s
[160/1120]	[L1: 0.0249]	2.6+0.0s
[200/1120]	[L1: 0.0252]	2.6+0.0s
[240/1120]	[L1: 0.0253]	2.6+0.0s
[280/1120]	[L1: 0.0250]	2.7+0.0s
[320/1120]	[L1: 0.0252]	2.6+0.0s
[360/1120]	[L1: 0.0252]	2.6+0.0s
[400/1120]	[L1: 0.0254]	2.6+0.0s
[440/1120]	[L1: 0.0256]	2.6+0.0s
[480/1120]	[L1: 0.0253]	2.6+0.0s
[520/1120]	[L1: 0.0253]	2.7+0.0s
[560/1120]	[L1: 0.0254]	2.6+0.0s
[600/1120]	[L1: 0.0255]	2.6+0.0s
[640/1120]	[L1: 0.0253]	2.6+0.0s
[680/1120]	[L1: 0.0253]	2.6+0.0s
[720/1120]	[L1: 0.0255]	2.7+0.0s
[760/1120]	[L1: 0.0252]	2.6+0.0s
[800/1120]	[L1: 0.0252]	2.6+0.0s
[840/1120]	[L1: 0.0252]	2.6+0.0s
[880/1120]	[L1: 0.0251]	2.6+0.0s
[920/1120]	[L1: 0.0252]	2.6+0.0s
[960/1120]	[L1: 0.0253]	2.7+0.0s
[1000/1120]	[L1: 0.0253]	2.6+0.0s
[1040/1120]	[L1: 0.0253]	2.6+0.0s
[1080/1120]	[L1: 0.0253]	2.6+0.0s
[1120/1120]	[L1: 0.0252]	2.6+0.0s

Evaluation:
[RSSCN7 x3]	psnr: 29.429 (Best: 29.432 @epoch 245)
Total time: 40.38s

[Epoch 253]	Learning rate: 1.00e-4
[40/1120]	[L1: 0.0248]	2.6+0.0s
[80/1120]	[L1: 0.0260]	2.8+0.0s
[120/1120]	[L1: 0.0269]	2.8+0.0s
[160/1120]	[L1: 0.0267]	2.6+0.0s
[200/1120]	[L1: 0.0260]	2.6+0.0s
[240/1120]	[L1: 0.0262]	2.7+0.0s
[280/1120]	[L1: 0.0261]	2.6+0.0s
[320/1120]	[L1: 0.0260]	2.6+0.0s
[360/1120]	[L1: 0.0259]	2.6+0.0s
[400/1120]	[L1: 0.0259]	2.6+0.0s
[440/1120]	[L1: 0.0260]	2.7+0.0s
[480/1120]	[L1: 0.0261]	2.6+0.0s
[520/1120]	[L1: 0.0258]	2.6+0.0s
[560/1120]	[L1: 0.0257]	2.6+0.0s
[600/1120]	[L1: 0.0256]	2.6+0.0s
[640/1120]	[L1: 0.0255]	2.6+0.0s
[680/1120]	[L1: 0.0256]	2.9+0.0s
[720/1120]	[L1: 0.0255]	2.8+0.0s
[760/1120]	[L1: 0.0255]	2.7+0.0s
[800/1120]	[L1: 0.0255]	2.6+0.0s
[840/1120]	[L1: 0.0255]	2.6+0.0s
[880/1120]	[L1: 0.0256]	2.7+0.0s
[920/1120]	[L1: 0.0255]	2.6+0.0s
[960/1120]	[L1: 0.0257]	2.6+0.0s
[1000/1120]	[L1: 0.0256]	2.6+0.0s
[1040/1120]	[L1: 0.0254]	2.6+0.0s
[1080/1120]	[L1: 0.0253]	2.6+0.0s
[1120/1120]	[L1: 0.0254]	2.6+0.0s

Evaluation:
[RSSCN7 x3]	psnr: 29.429 (Best: 29.432 @epoch 245)
Total time: 40.67s

[Epoch 254]	Learning rate: 1.00e-4
[40/1120]	[L1: 0.0230]	2.6+0.0s
[80/1120]	[L1: 0.0250]	2.6+0.0s
[120/1120]	[L1: 0.0258]	2.6+0.0s
[160/1120]	[L1: 0.0259]	2.7+0.0s
[200/1120]	[L1: 0.0258]	2.6+0.0s
[240/1120]	[L1: 0.0257]	2.6+0.0s
[280/1120]	[L1: 0.0261]	2.6+0.0s
[320/1120]	[L1: 0.0259]	2.6+0.0s
[360/1120]	[L1: 0.0260]	2.6+0.0s
[400/1120]	[L1: 0.0257]	2.7+0.0s
[440/1120]	[L1: 0.0256]	2.6+0.0s
[480/1120]	[L1: 0.0256]	2.6+0.0s
[520/1120]	[L1: 0.0255]	2.6+0.0s
[560/1120]	[L1: 0.0256]	2.6+0.0s
[600/1120]	[L1: 0.0256]	2.7+0.0s
[640/1120]	[L1: 0.0259]	2.6+0.0s
[680/1120]	[L1: 0.0258]	2.6+0.0s
[720/1120]	[L1: 0.0257]	2.6+0.0s
[760/1120]	[L1: 0.0255]	2.6+0.0s
[800/1120]	[L1: 0.0254]	2.6+0.0s
[840/1120]	[L1: 0.0254]	2.6+0.0s
[880/1120]	[L1: 0.0254]	2.7+0.0s
[920/1120]	[L1: 0.0254]	2.6+0.0s
[960/1120]	[L1: 0.0253]	2.6+0.0s
[1000/1120]	[L1: 0.0254]	2.6+0.0s
[1040/1120]	[L1: 0.0252]	2.7+0.0s
[1080/1120]	[L1: 0.0252]	2.6+0.0s
[1120/1120]	[L1: 0.0253]	2.6+0.0s

Evaluation:
[RSSCN7 x3]	psnr: 29.430 (Best: 29.432 @epoch 245)
Total time: 40.86s

[Epoch 255]	Learning rate: 1.00e-4
[40/1120]	[L1: 0.0284]	2.6+0.0s
[80/1120]	[L1: 0.0263]	2.7+0.0s
[120/1120]	[L1: 0.0261]	2.6+0.0s
[160/1120]	[L1: 0.0255]	2.6+0.0s
[200/1120]	[L1: 0.0253]	2.6+0.0s
[240/1120]	[L1: 0.0250]	2.6+0.0s
[280/1120]	[L1: 0.0249]	2.6+0.0s
[320/1120]	[L1: 0.0246]	2.7+0.0s
[360/1120]	[L1: 0.0252]	2.6+0.0s
[400/1120]	[L1: 0.0252]	2.6+0.0s
[440/1120]	[L1: 0.0252]	2.6+0.0s
[480/1120]	[L1: 0.0252]	2.6+0.0s
[520/1120]	[L1: 0.0253]	2.7+0.0s
[560/1120]	[L1: 0.0255]	2.6+0.0s
[600/1120]	[L1: 0.0256]	2.6+0.0s
[640/1120]	[L1: 0.0255]	2.6+0.0s
[680/1120]	[L1: 0.0255]	2.6+0.0s
[720/1120]	[L1: 0.0256]	2.6+0.0s
[760/1120]	[L1: 0.0257]	2.7+0.0s
[800/1120]	[L1: 0.0258]	2.6+0.0s
[840/1120]	[L1: 0.0256]	2.6+0.0s
[880/1120]	[L1: 0.0255]	2.8+0.0s
[920/1120]	[L1: 0.0255]	2.6+0.0s
[960/1120]	[L1: 0.0255]	2.7+0.0s
[1000/1120]	[L1: 0.0255]	2.6+0.0s
[1040/1120]	[L1: 0.0254]	2.6+0.0s
[1080/1120]	[L1: 0.0254]	2.6+0.0s
[1120/1120]	[L1: 0.0253]	2.6+0.0s

Evaluation:
[RSSCN7 x3]	psnr: 29.418 (Best: 29.432 @epoch 245)
Total time: 40.10s

[Epoch 256]	Learning rate: 1.00e-4
[40/1120]	[L1: 0.0240]	2.6+0.0s
[80/1120]	[L1: 0.0250]	2.6+0.0s
[120/1120]	[L1: 0.0239]	2.6+0.0s
[160/1120]	[L1: 0.0235]	2.6+0.0s
[200/1120]	[L1: 0.0235]	2.6+0.0s
[240/1120]	[L1: 0.0233]	2.6+0.0s
[280/1120]	[L1: 0.0233]	2.7+0.0s
[320/1120]	[L1: 0.0237]	2.6+0.0s
[360/1120]	[L1: 0.0239]	2.6+0.0s
[400/1120]	[L1: 0.0242]	2.6+0.0s
[440/1120]	[L1: 0.0244]	2.6+0.0s
[480/1120]	[L1: 0.0245]	2.7+0.0s
[520/1120]	[L1: 0.0245]	2.6+0.0s
[560/1120]	[L1: 0.0248]	2.6+0.0s
[600/1120]	[L1: 0.0248]	2.6+0.0s
[640/1120]	[L1: 0.0248]	2.6+0.0s
[680/1120]	[L1: 0.0247]	2.6+0.0s
[720/1120]	[L1: 0.0246]	2.7+0.0s
[760/1120]	[L1: 0.0246]	2.6+0.0s
[800/1120]	[L1: 0.0249]	2.6+0.0s
[840/1120]	[L1: 0.0249]	2.6+0.0s
[880/1120]	[L1: 0.0250]	2.7+0.0s
[920/1120]	[L1: 0.0250]	2.8+0.0s
[960/1120]	[L1: 0.0250]	2.6+0.0s
[1000/1120]	[L1: 0.0250]	2.6+0.0s
[1040/1120]	[L1: 0.0251]	2.6+0.0s
[1080/1120]	[L1: 0.0251]	2.6+0.0s
[1120/1120]	[L1: 0.0252]	2.6+0.0s

Evaluation:
[RSSCN7 x3]	psnr: 29.436 (Best: 29.436 @epoch 256)
Total time: 39.92s

[Epoch 257]	Learning rate: 1.00e-4
[40/1120]	[L1: 0.0267]	2.6+0.0s
[80/1120]	[L1: 0.0246]	2.6+0.0s
[120/1120]	[L1: 0.0256]	2.6+0.0s
[160/1120]	[L1: 0.0268]	2.6+0.0s
[200/1120]	[L1: 0.0260]	2.7+0.0s
[240/1120]	[L1: 0.0258]	2.6+0.0s
[280/1120]	[L1: 0.0259]	2.6+0.0s
[320/1120]	[L1: 0.0258]	2.6+0.0s
[360/1120]	[L1: 0.0256]	2.6+0.0s
[400/1120]	[L1: 0.0254]	2.7+0.0s
[440/1120]	[L1: 0.0258]	2.6+0.0s
[480/1120]	[L1: 0.0256]	2.6+0.0s
[520/1120]	[L1: 0.0257]	2.6+0.0s
[560/1120]	[L1: 0.0256]	2.6+0.0s
[600/1120]	[L1: 0.0255]	2.6+0.0s
[640/1120]	[L1: 0.0255]	2.6+0.0s
[680/1120]	[L1: 0.0256]	2.7+0.0s
[720/1120]	[L1: 0.0253]	2.6+0.0s
[760/1120]	[L1: 0.0253]	2.6+0.0s
[800/1120]	[L1: 0.0252]	2.6+0.0s
[840/1120]	[L1: 0.0252]	2.6+0.0s
[880/1120]	[L1: 0.0252]	2.7+0.0s
[920/1120]	[L1: 0.0254]	2.6+0.0s
[960/1120]	[L1: 0.0255]	2.6+0.0s
[1000/1120]	[L1: 0.0255]	2.6+0.0s
[1040/1120]	[L1: 0.0255]	2.6+0.0s
[1080/1120]	[L1: 0.0253]	2.6+0.0s
[1120/1120]	[L1: 0.0253]	2.7+0.0s

Evaluation:
[RSSCN7 x3]	psnr: 29.426 (Best: 29.436 @epoch 256)
Total time: 40.48s

[Epoch 258]	Learning rate: 1.00e-4
[40/1120]	[L1: 0.0255]	2.6+0.0s
[80/1120]	[L1: 0.0262]	2.6+0.0s
[120/1120]	[L1: 0.0246]	2.8+0.0s
[160/1120]	[L1: 0.0254]	2.8+0.0s
[200/1120]	[L1: 0.0254]	2.6+0.0s
[240/1120]	[L1: 0.0257]	2.6+0.0s
[280/1120]	[L1: 0.0255]	2.6+0.0s
[320/1120]	[L1: 0.0255]	2.6+0.0s
[360/1120]	[L1: 0.0252]	2.7+0.0s
[400/1120]	[L1: 0.0254]	2.6+0.0s
[440/1120]	[L1: 0.0253]	2.6+0.0s
[480/1120]	[L1: 0.0255]	2.6+0.0s
[520/1120]	[L1: 0.0254]	2.6+0.0s
[560/1120]	[L1: 0.0255]	2.6+0.0s
[600/1120]	[L1: 0.0253]	2.6+0.0s
[640/1120]	[L1: 0.0254]	2.7+0.0s
[680/1120]	[L1: 0.0253]	2.6+0.0s
[720/1120]	[L1: 0.0253]	2.6+0.0s
[760/1120]	[L1: 0.0254]	2.6+0.0s
[800/1120]	[L1: 0.0253]	2.7+0.0s
[840/1120]	[L1: 0.0253]	2.6+0.0s
[880/1120]	[L1: 0.0253]	2.6+0.0s
[920/1120]	[L1: 0.0252]	2.6+0.0s
[960/1120]	[L1: 0.0252]	2.6+0.0s
[1000/1120]	[L1: 0.0251]	2.6+0.0s
[1040/1120]	[L1: 0.0252]	2.6+0.0s
[1080/1120]	[L1: 0.0252]	2.7+0.0s
[1120/1120]	[L1: 0.0252]	2.6+0.0s

Evaluation:
[RSSCN7 x3]	psnr: 29.431 (Best: 29.436 @epoch 256)
Total time: 40.26s

[Epoch 259]	Learning rate: 1.00e-4
[40/1120]	[L1: 0.0261]	2.6+0.0s
[80/1120]	[L1: 0.0262]	2.7+0.0s
[120/1120]	[L1: 0.0261]	2.6+0.0s
[160/1120]	[L1: 0.0264]	2.6+0.0s
[200/1120]	[L1: 0.0260]	2.6+0.0s
[240/1120]	[L1: 0.0257]	2.6+0.0s
[280/1120]	[L1: 0.0256]	2.6+0.0s
[320/1120]	[L1: 0.0258]	2.7+0.0s
[360/1120]	[L1: 0.0258]	2.6+0.0s
[400/1120]	[L1: 0.0255]	2.6+0.0s
[440/1120]	[L1: 0.0258]	2.6+0.0s
[480/1120]	[L1: 0.0253]	2.6+0.0s
[520/1120]	[L1: 0.0252]	2.7+0.0s
[560/1120]	[L1: 0.0252]	2.6+0.0s
[600/1120]	[L1: 0.0251]	2.6+0.0s
[640/1120]	[L1: 0.0252]	2.6+0.0s
[680/1120]	[L1: 0.0253]	2.6+0.0s
[720/1120]	[L1: 0.0253]	2.6+0.0s
[760/1120]	[L1: 0.0252]	2.7+0.0s
[800/1120]	[L1: 0.0252]	2.6+0.0s
[840/1120]	[L1: 0.0252]	2.6+0.0s
[880/1120]	[L1: 0.0252]	2.6+0.0s
[920/1120]	[L1: 0.0253]	2.6+0.0s
[960/1120]	[L1: 0.0253]	2.7+0.0s
[1000/1120]	[L1: 0.0255]	2.6+0.0s
[1040/1120]	[L1: 0.0254]	2.6+0.0s
[1080/1120]	[L1: 0.0254]	2.7+0.0s
[1120/1120]	[L1: 0.0253]	2.7+0.0s

Evaluation:
[RSSCN7 x3]	psnr: 29.413 (Best: 29.436 @epoch 256)
Total time: 40.78s

[Epoch 260]	Learning rate: 1.00e-4
[40/1120]	[L1: 0.0264]	2.8+0.0s
[80/1120]	[L1: 0.0254]	2.8+0.0s
[120/1120]	[L1: 0.0243]	2.7+0.0s
