
libgomp: Invalid value for environment variable OMP_NUM_THREADS: 0
🚀 Enhanced Training Configuration:
Model: mt_paper
Dataset: RSSCN7
Scale: [4]
Epochs: 500
Batch Size: 4
Optimizer: ADAM
Scheduler: step
Learning Rate: 0.0002
Loss: 1*L1
WandB Enabled: False
AMP Enabled: False
Validation Every: disabled (always validate every epoch)
Save Every N Epochs: 100
DataLoader Threads: 8

📐 Model Architecture:
Width: 32
Encoder Blocks: [4, 6]
Decoder Blocks: [6, 4]
Restormer Heads: [1, 2, 4]
Middle Heads: 8
Read data from binary files
Read data from binary files
Making model...
MT(
  (conv_first): Conv2d(3, 96, kernel_size=(3, 3), stride=(1, 1), padding=(1, 1))
  (patch_embed): PatchEmbed(
    (proj): Conv2d(96, 96, kernel_size=(1, 1), stride=(1, 1))
    (norm): LayerNorm2d(
      (norm): LayerNorm((96,), eps=1e-06, elementwise_affine=True)
    )
  )
  (patch_unembed): PatchUnEmbed()
  (pos_drop): Dropout(p=0.0, inplace=False)
  (layers): ModuleList(
    (0-5): 6 x ResidualGroup(
      (residual_group): BasicLayer(
        (block): RSSB_MNB_Block(
          (rssb): ResidualStateSpaceBlock(
            (norm1): LayerNorm2d(
              (norm): LayerNorm((96,), eps=1e-06, elementwise_affine=True)
            )
            (vssm): Mamba2D(
              (channel_down): Conv2d(192, 48, kernel_size=(1, 1), stride=(1, 1), bias=False)
              (in_proj): Linear(in_features=96, out_features=384, bias=False)
              (conv2d): Conv2d(192, 192, kernel_size=(3, 3), stride=(1, 1), padding=(1, 1), groups=192)
              (act): SiLU()
              (restore): Linear(in_features=48, out_features=192, bias=False)
              (out_norm): LayerNorm((192,), eps=1e-05, elementwise_affine=True)
              (out_proj): Linear(in_features=192, out_features=96, bias=False)
              (dropout): Dropout(p=0.1, inplace=False)
            )
            (norm2): LayerNorm2d(
              (norm): LayerNorm((96,), eps=1e-06, elementwise_affine=True)
            )
            (conv): Conv2d(96, 96, kernel_size=(3, 3), stride=(1, 1), padding=(1, 1))
            (ca): ChannelAttention(
              (avg_pool): AdaptiveAvgPool2d(output_size=1)
              (fc): Sequential(
                (0): Conv2d(96, 12, kernel_size=(1, 1), stride=(1, 1), bias=False)
                (1): ReLU(inplace=True)
                (2): Conv2d(12, 96, kernel_size=(1, 1), stride=(1, 1), bias=False)
                (3): Sigmoid()
              )
            )
          )
          (mnb): MultiScaleNATTENBlock(
            (down): ModuleList(
              (0-2): 3 x Conv2d(32, 64, kernel_size=(1, 1), stride=(1, 1))
            )
            (blocks): ModuleList(
              (0): Sequential(
                (0): NATTENBlock(
                  (norm1): LayerNorm2d(
                    (norm): LayerNorm((64,), eps=1e-06, elementwise_affine=True)
                  )
                  (attn): NeighborhoodAttention2D(
                    head_dim=8, num_heads=8, kernel_size=(3, 3), dilation=(1, 1), is_causal=(False, False), has_bias=False
                    (qkv): Linear(in_features=64, out_features=192, bias=True)
                    (attn_drop): Dropout(p=0.0, inplace=False)
                    (proj): Linear(in_features=64, out_features=64, bias=True)
                    (proj_drop): Dropout(p=0.0, inplace=False)
                  )
                  (norm2): LayerNorm2d(
                    (norm): LayerNorm((64,), eps=1e-06, elementwise_affine=True)
                  )
                  (ffn): Sequential(
                    (0): Conv2d(64, 256, kernel_size=(1, 1), stride=(1, 1))
                    (1): GELU(approximate='none')
                    (2): Dropout(p=0.1, inplace=False)
                    (3): Conv2d(256, 64, kernel_size=(1, 1), stride=(1, 1))
                    (4): Dropout(p=0.1, inplace=False)
                  )
                )
                (1): NATTENBlock(
                  (norm1): LayerNorm2d(
                    (norm): LayerNorm((64,), eps=1e-06, elementwise_affine=True)
                  )
                  (attn): NeighborhoodAttention2D(
                    head_dim=8, num_heads=8, kernel_size=(3, 3), dilation=(1, 1), is_causal=(False, False), has_bias=False
                    (qkv): Linear(in_features=64, out_features=192, bias=True)
                    (attn_drop): Dropout(p=0.0, inplace=False)
                    (proj): Linear(in_features=64, out_features=64, bias=True)
                    (proj_drop): Dropout(p=0.0, inplace=False)
                  )
                  (norm2): LayerNorm2d(
                    (norm): LayerNorm((64,), eps=1e-06, elementwise_affine=True)
                  )
                  (ffn): Sequential(
                    (0): Conv2d(64, 256, kernel_size=(1, 1), stride=(1, 1))
                    (1): GELU(approximate='none')
                    (2): Dropout(p=0.1, inplace=False)
                    (3): Conv2d(256, 64, kernel_size=(1, 1), stride=(1, 1))
                    (4): Dropout(p=0.1, inplace=False)
                  )
                )
                (2): NATTENBlock(
                  (norm1): LayerNorm2d(
                    (norm): LayerNorm((64,), eps=1e-06, elementwise_affine=True)
                  )
                  (attn): NeighborhoodAttention2D(
                    head_dim=8, num_heads=8, kernel_size=(3, 3), dilation=(1, 1), is_causal=(False, False), has_bias=False
                    (qkv): Linear(in_features=64, out_features=192, bias=True)
                    (attn_drop): Dropout(p=0.0, inplace=False)
                    (proj): Linear(in_features=64, out_features=64, bias=True)
                    (proj_drop): Dropout(p=0.0, inplace=False)
                  )
                  (norm2): LayerNorm2d(
                    (norm): LayerNorm((64,), eps=1e-06, elementwise_affine=True)
                  )
                  (ffn): Sequential(
                    (0): Conv2d(64, 256, kernel_size=(1, 1), stride=(1, 1))
                    (1): GELU(approximate='none')
                    (2): Dropout(p=0.1, inplace=False)
                    (3): Conv2d(256, 64, kernel_size=(1, 1), stride=(1, 1))
                    (4): Dropout(p=0.1, inplace=False)
                  )
                )
                (3): NATTENBlock(
                  (norm1): LayerNorm2d(
                    (norm): LayerNorm((64,), eps=1e-06, elementwise_affine=True)
                  )
                  (attn): NeighborhoodAttention2D(
                    head_dim=8, num_heads=8, kernel_size=(3, 3), dilation=(1, 1), is_causal=(False, False), has_bias=False
                    (qkv): Linear(in_features=64, out_features=192, bias=True)
                    (attn_drop): Dropout(p=0.0, inplace=False)
                    (proj): Linear(in_features=64, out_features=64, bias=True)
                    (proj_drop): Dropout(p=0.0, inplace=False)
                  )
                  (norm2): LayerNorm2d(
                    (norm): LayerNorm((64,), eps=1e-06, elementwise_affine=True)
                  )
                  (ffn): Sequential(
                    (0): Conv2d(64, 256, kernel_size=(1, 1), stride=(1, 1))
                    (1): GELU(approximate='none')
                    (2): Dropout(p=0.1, inplace=False)
                    (3): Conv2d(256, 64, kernel_size=(1, 1), stride=(1, 1))
                    (4): Dropout(p=0.1, inplace=False)
                  )
                )
                (4): NATTENBlock(
                  (norm1): LayerNorm2d(
                    (norm): LayerNorm((64,), eps=1e-06, elementwise_affine=True)
                  )
                  (attn): NeighborhoodAttention2D(
                    head_dim=8, num_heads=8, kernel_size=(3, 3), dilation=(1, 1), is_causal=(False, False), has_bias=False
                    (qkv): Linear(in_features=64, out_features=192, bias=True)
                    (attn_drop): Dropout(p=0.0, inplace=False)
                    (proj): Linear(in_features=64, out_features=64, bias=True)
                    (proj_drop): Dropout(p=0.0, inplace=False)
                  )
                  (norm2): LayerNorm2d(
                    (norm): LayerNorm((64,), eps=1e-06, elementwise_affine=True)
                  )
                  (ffn): Sequential(
                    (0): Conv2d(64, 256, kernel_size=(1, 1), stride=(1, 1))
                    (1): GELU(approximate='none')
                    (2): Dropout(p=0.1, inplace=False)
                    (3): Conv2d(256, 64, kernel_size=(1, 1), stride=(1, 1))
                    (4): Dropout(p=0.1, inplace=False)
                  )
                )
                (5): NATTENBlock(
                  (norm1): LayerNorm2d(
                    (norm): LayerNorm((64,), eps=1e-06, elementwise_affine=True)
                  )
                  (attn): NeighborhoodAttention2D(
                    head_dim=8, num_heads=8, kernel_size=(3, 3), dilation=(1, 1), is_causal=(False, False), has_bias=False
                    (qkv): Linear(in_features=64, out_features=192, bias=True)
                    (attn_drop): Dropout(p=0.0, inplace=False)
                    (proj): Linear(in_features=64, out_features=64, bias=True)
                    (proj_drop): Dropout(p=0.0, inplace=False)
                  )
                  (norm2): LayerNorm2d(
                    (norm): LayerNorm((64,), eps=1e-06, elementwise_affine=True)
                  )
                  (ffn): Sequential(
                    (0): Conv2d(64, 256, kernel_size=(1, 1), stride=(1, 1))
                    (1): GELU(approximate='none')
                    (2): Dropout(p=0.1, inplace=False)
                    (3): Conv2d(256, 64, kernel_size=(1, 1), stride=(1, 1))
                    (4): Dropout(p=0.1, inplace=False)
                  )
                )
              )
              (1): Sequential(
                (0): NATTENBlock(
                  (norm1): LayerNorm2d(
                    (norm): LayerNorm((64,), eps=1e-06, elementwise_affine=True)
                  )
                  (attn): NeighborhoodAttention2D(
                    head_dim=8, num_heads=8, kernel_size=(5, 5), dilation=(1, 1), is_causal=(False, False), has_bias=False
                    (qkv): Linear(in_features=64, out_features=192, bias=True)
                    (attn_drop): Dropout(p=0.0, inplace=False)
                    (proj): Linear(in_features=64, out_features=64, bias=True)
                    (proj_drop): Dropout(p=0.0, inplace=False)
                  )
                  (norm2): LayerNorm2d(
                    (norm): LayerNorm((64,), eps=1e-06, elementwise_affine=True)
                  )
                  (ffn): Sequential(
                    (0): Conv2d(64, 256, kernel_size=(1, 1), stride=(1, 1))
                    (1): GELU(approximate='none')
                    (2): Dropout(p=0.1, inplace=False)
                    (3): Conv2d(256, 64, kernel_size=(1, 1), stride=(1, 1))
                    (4): Dropout(p=0.1, inplace=False)
                  )
                )
                (1): NATTENBlock(
                  (norm1): LayerNorm2d(
                    (norm): LayerNorm((64,), eps=1e-06, elementwise_affine=True)
                  )
                  (attn): NeighborhoodAttention2D(
                    head_dim=8, num_heads=8, kernel_size=(5, 5), dilation=(1, 1), is_causal=(False, False), has_bias=False
                    (qkv): Linear(in_features=64, out_features=192, bias=True)
                    (attn_drop): Dropout(p=0.0, inplace=False)
                    (proj): Linear(in_features=64, out_features=64, bias=True)
                    (proj_drop): Dropout(p=0.0, inplace=False)
                  )
                  (norm2): LayerNorm2d(
                    (norm): LayerNorm((64,), eps=1e-06, elementwise_affine=True)
                  )
                  (ffn): Sequential(
                    (0): Conv2d(64, 256, kernel_size=(1, 1), stride=(1, 1))
                    (1): GELU(approximate='none')
                    (2): Dropout(p=0.1, inplace=False)
                    (3): Conv2d(256, 64, kernel_size=(1, 1), stride=(1, 1))
                    (4): Dropout(p=0.1, inplace=False)
                  )
                )
                (2): NATTENBlock(
                  (norm1): LayerNorm2d(
                    (norm): LayerNorm((64,), eps=1e-06, elementwise_affine=True)
                  )
                  (attn): NeighborhoodAttention2D(
                    head_dim=8, num_heads=8, kernel_size=(5, 5), dilation=(1, 1), is_causal=(False, False), has_bias=False
                    (qkv): Linear(in_features=64, out_features=192, bias=True)
                    (attn_drop): Dropout(p=0.0, inplace=False)
                    (proj): Linear(in_features=64, out_features=64, bias=True)
                    (proj_drop): Dropout(p=0.0, inplace=False)
                  )
                  (norm2): LayerNorm2d(
                    (norm): LayerNorm((64,), eps=1e-06, elementwise_affine=True)
                  )
                  (ffn): Sequential(
                    (0): Conv2d(64, 256, kernel_size=(1, 1), stride=(1, 1))
                    (1): GELU(approximate='none')
                    (2): Dropout(p=0.1, inplace=False)
                    (3): Conv2d(256, 64, kernel_size=(1, 1), stride=(1, 1))
                    (4): Dropout(p=0.1, inplace=False)
                  )
                )
                (3): NATTENBlock(
                  (norm1): LayerNorm2d(
                    (norm): LayerNorm((64,), eps=1e-06, elementwise_affine=True)
                  )
                  (attn): NeighborhoodAttention2D(
                    head_dim=8, num_heads=8, kernel_size=(5, 5), dilation=(1, 1), is_causal=(False, False), has_bias=False
                    (qkv): Linear(in_features=64, out_features=192, bias=True)
                    (attn_drop): Dropout(p=0.0, inplace=False)
                    (proj): Linear(in_features=64, out_features=64, bias=True)
                    (proj_drop): Dropout(p=0.0, inplace=False)
                  )
                  (norm2): LayerNorm2d(
                    (norm): LayerNorm((64,), eps=1e-06, elementwise_affine=True)
                  )
                  (ffn): Sequential(
                    (0): Conv2d(64, 256, kernel_size=(1, 1), stride=(1, 1))
                    (1): GELU(approximate='none')
                    (2): Dropout(p=0.1, inplace=False)
                    (3): Conv2d(256, 64, kernel_size=(1, 1), stride=(1, 1))
                    (4): Dropout(p=0.1, inplace=False)
                  )
                )
                (4): NATTENBlock(
                  (norm1): LayerNorm2d(
                    (norm): LayerNorm((64,), eps=1e-06, elementwise_affine=True)
                  )
                  (attn): NeighborhoodAttention2D(
                    head_dim=8, num_heads=8, kernel_size=(5, 5), dilation=(1, 1), is_causal=(False, False), has_bias=False
                    (qkv): Linear(in_features=64, out_features=192, bias=True)
                    (attn_drop): Dropout(p=0.0, inplace=False)
                    (proj): Linear(in_features=64, out_features=64, bias=True)
                    (proj_drop): Dropout(p=0.0, inplace=False)
                  )
                  (norm2): LayerNorm2d(
                    (norm): LayerNorm((64,), eps=1e-06, elementwise_affine=True)
                  )
                  (ffn): Sequential(
                    (0): Conv2d(64, 256, kernel_size=(1, 1), stride=(1, 1))
                    (1): GELU(approximate='none')
                    (2): Dropout(p=0.1, inplace=False)
                    (3): Conv2d(256, 64, kernel_size=(1, 1), stride=(1, 1))
                    (4): Dropout(p=0.1, inplace=False)
                  )
                )
                (5): NATTENBlock(
                  (norm1): LayerNorm2d(
                    (norm): LayerNorm((64,), eps=1e-06, elementwise_affine=True)
                  )
                  (attn): NeighborhoodAttention2D(
                    head_dim=8, num_heads=8, kernel_size=(5, 5), dilation=(1, 1), is_causal=(False, False), has_bias=False
                    (qkv): Linear(in_features=64, out_features=192, bias=True)
                    (attn_drop): Dropout(p=0.0, inplace=False)
                    (proj): Linear(in_features=64, out_features=64, bias=True)
                    (proj_drop): Dropout(p=0.0, inplace=False)
                  )
                  (norm2): LayerNorm2d(
                    (norm): LayerNorm((64,), eps=1e-06, elementwise_affine=True)
                  )
                  (ffn): Sequential(
                    (0): Conv2d(64, 256, kernel_size=(1, 1), stride=(1, 1))
                    (1): GELU(approximate='none')
                    (2): Dropout(p=0.1, inplace=False)
                    (3): Conv2d(256, 64, kernel_size=(1, 1), stride=(1, 1))
                    (4): Dropout(p=0.1, inplace=False)
                  )
                )
              )
              (2): Sequential(
                (0): NATTENBlock(
                  (norm1): LayerNorm2d(
                    (norm): LayerNorm((64,), eps=1e-06, elementwise_affine=True)
                  )
                  (attn): NeighborhoodAttention2D(
                    head_dim=8, num_heads=8, kernel_size=(7, 7), dilation=(1, 1), is_causal=(False, False), has_bias=False
                    (qkv): Linear(in_features=64, out_features=192, bias=True)
                    (attn_drop): Dropout(p=0.0, inplace=False)
                    (proj): Linear(in_features=64, out_features=64, bias=True)
                    (proj_drop): Dropout(p=0.0, inplace=False)
                  )
                  (norm2): LayerNorm2d(
                    (norm): LayerNorm((64,), eps=1e-06, elementwise_affine=True)
                  )
                  (ffn): Sequential(
                    (0): Conv2d(64, 256, kernel_size=(1, 1), stride=(1, 1))
                    (1): GELU(approximate='none')
                    (2): Dropout(p=0.1, inplace=False)
                    (3): Conv2d(256, 64, kernel_size=(1, 1), stride=(1, 1))
                    (4): Dropout(p=0.1, inplace=False)
                  )
                )
                (1): NATTENBlock(
                  (norm1): LayerNorm2d(
                    (norm): LayerNorm((64,), eps=1e-06, elementwise_affine=True)
                  )
                  (attn): NeighborhoodAttention2D(
                    head_dim=8, num_heads=8, kernel_size=(7, 7), dilation=(1, 1), is_causal=(False, False), has_bias=False
                    (qkv): Linear(in_features=64, out_features=192, bias=True)
                    (attn_drop): Dropout(p=0.0, inplace=False)
                    (proj): Linear(in_features=64, out_features=64, bias=True)
                    (proj_drop): Dropout(p=0.0, inplace=False)
                  )
                  (norm2): LayerNorm2d(
                    (norm): LayerNorm((64,), eps=1e-06, elementwise_affine=True)
                  )
                  (ffn): Sequential(
                    (0): Conv2d(64, 256, kernel_size=(1, 1), stride=(1, 1))
                    (1): GELU(approximate='none')
                    (2): Dropout(p=0.1, inplace=False)
                    (3): Conv2d(256, 64, kernel_size=(1, 1), stride=(1, 1))
                    (4): Dropout(p=0.1, inplace=False)
                  )
                )
                (2): NATTENBlock(
                  (norm1): LayerNorm2d(
                    (norm): LayerNorm((64,), eps=1e-06, elementwise_affine=True)
                  )
                  (attn): NeighborhoodAttention2D(
                    head_dim=8, num_heads=8, kernel_size=(7, 7), dilation=(1, 1), is_causal=(False, False), has_bias=False
                    (qkv): Linear(in_features=64, out_features=192, bias=True)
                    (attn_drop): Dropout(p=0.0, inplace=False)
                    (proj): Linear(in_features=64, out_features=64, bias=True)
                    (proj_drop): Dropout(p=0.0, inplace=False)
                  )
                  (norm2): LayerNorm2d(
                    (norm): LayerNorm((64,), eps=1e-06, elementwise_affine=True)
                  )
                  (ffn): Sequential(
                    (0): Conv2d(64, 256, kernel_size=(1, 1), stride=(1, 1))
                    (1): GELU(approximate='none')
                    (2): Dropout(p=0.1, inplace=False)
                    (3): Conv2d(256, 64, kernel_size=(1, 1), stride=(1, 1))
                    (4): Dropout(p=0.1, inplace=False)
                  )
                )
                (3): NATTENBlock(
                  (norm1): LayerNorm2d(
                    (norm): LayerNorm((64,), eps=1e-06, elementwise_affine=True)
                  )
                  (attn): NeighborhoodAttention2D(
                    head_dim=8, num_heads=8, kernel_size=(7, 7), dilation=(1, 1), is_causal=(False, False), has_bias=False
                    (qkv): Linear(in_features=64, out_features=192, bias=True)
                    (attn_drop): Dropout(p=0.0, inplace=False)
                    (proj): Linear(in_features=64, out_features=64, bias=True)
                    (proj_drop): Dropout(p=0.0, inplace=False)
                  )
                  (norm2): LayerNorm2d(
                    (norm): LayerNorm((64,), eps=1e-06, elementwise_affine=True)
                  )
                  (ffn): Sequential(
                    (0): Conv2d(64, 256, kernel_size=(1, 1), stride=(1, 1))
                    (1): GELU(approximate='none')
                    (2): Dropout(p=0.1, inplace=False)
                    (3): Conv2d(256, 64, kernel_size=(1, 1), stride=(1, 1))
                    (4): Dropout(p=0.1, inplace=False)
                  )
                )
                (4): NATTENBlock(
                  (norm1): LayerNorm2d(
                    (norm): LayerNorm((64,), eps=1e-06, elementwise_affine=True)
                  )
                  (attn): NeighborhoodAttention2D(
                    head_dim=8, num_heads=8, kernel_size=(7, 7), dilation=(1, 1), is_causal=(False, False), has_bias=False
                    (qkv): Linear(in_features=64, out_features=192, bias=True)
                    (attn_drop): Dropout(p=0.0, inplace=False)
                    (proj): Linear(in_features=64, out_features=64, bias=True)
                    (proj_drop): Dropout(p=0.0, inplace=False)
                  )
                  (norm2): LayerNorm2d(
                    (norm): LayerNorm((64,), eps=1e-06, elementwise_affine=True)
                  )
                  (ffn): Sequential(
                    (0): Conv2d(64, 256, kernel_size=(1, 1), stride=(1, 1))
                    (1): GELU(approximate='none')
                    (2): Dropout(p=0.1, inplace=False)
                    (3): Conv2d(256, 64, kernel_size=(1, 1), stride=(1, 1))
                    (4): Dropout(p=0.1, inplace=False)
                  )
                )
                (5): NATTENBlock(
                  (norm1): LayerNorm2d(
                    (norm): LayerNorm((64,), eps=1e-06, elementwise_affine=True)
                  )
                  (attn): NeighborhoodAttention2D(
                    head_dim=8, num_heads=8, kernel_size=(7, 7), dilation=(1, 1), is_causal=(False, False), has_bias=False
                    (qkv): Linear(in_features=64, out_features=192, bias=True)
                    (attn_drop): Dropout(p=0.0, inplace=False)
                    (proj): Linear(in_features=64, out_features=64, bias=True)
                    (proj_drop): Dropout(p=0.0, inplace=False)
                  )
                  (norm2): LayerNorm2d(
                    (norm): LayerNorm((64,), eps=1e-06, elementwise_affine=True)
                  )
                  (ffn): Sequential(
                    (0): Conv2d(64, 256, kernel_size=(1, 1), stride=(1, 1))
                    (1): GELU(approximate='none')
                    (2): Dropout(p=0.1, inplace=False)
                    (3): Conv2d(256, 64, kernel_size=(1, 1), stride=(1, 1))
                    (4): Dropout(p=0.1, inplace=False)
                  )
                )
              )
            )
            (up): ModuleList(
              (0-2): 3 x Identity()
            )
            (gate_head): Sequential(
              (0): Conv2d(192, 48, kernel_size=(1, 1), stride=(1, 1))
              (1): GELU(approximate='none')
              (2): Conv2d(48, 3, kernel_size=(1, 1), stride=(1, 1))
            )
            (proj): Conv2d(64, 96, kernel_size=(1, 1), stride=(1, 1))
            (norm): Identity()
          )
        )
      )
      (conv): Conv2d(96, 96, kernel_size=(3, 3), stride=(1, 1), padding=(1, 1))
      (patch_embed): PatchEmbed(
        (proj): Conv2d(96, 96, kernel_size=(1, 1), stride=(1, 1))
        (norm): LayerNorm2d(
          (norm): LayerNorm((96,), eps=1e-06, elementwise_affine=True)
        )
      )
      (patch_unembed): PatchUnEmbed()
    )
  )
  (norm): LayerNorm2d(
    (norm): LayerNorm((96,), eps=1e-06, elementwise_affine=True)
  )
  (conv_after_body): Conv2d(96, 96, kernel_size=(3, 3), stride=(1, 1), padding=(1, 1))
  (conv_before_upsample): Sequential(
    (0): Conv2d(96, 64, kernel_size=(3, 3), stride=(1, 1), padding=(1, 1))
    (1): LeakyReLU(negative_slope=True)
  )
  (upsample): Upsample(
    (0): Conv2d(64, 256, kernel_size=(3, 3), stride=(1, 1), padding=(1, 1))
    (1): PixelShuffle(upscale_factor=2)
    (2): Conv2d(64, 256, kernel_size=(3, 3), stride=(1, 1), padding=(1, 1))
    (3): PixelShuffle(upscale_factor=2)
  )
  (conv_last): Conv2d(64, 3, kernel_size=(3, 3), stride=(1, 1), padding=(1, 1))
)
Preparing loss function:
1.000 * L1

🏃 Starting training...
[Epoch 1]	Learning rate: 2.00e-4
/root/miniconda3/envs/transenet-pren/lib/python3.8/site-packages/timm/models/layers/__init__.py:49: FutureWarning: Importing from timm.models.layers is deprecated, please import via timm.layers
  warnings.warn(f"Importing from {__name__} is deprecated, please import via timm.layers", FutureWarning)
[40/1120]	[L1: 0.2301]	5.7+0.2s
[80/1120]	[L1: 0.1767]	3.6+0.0s
[120/1120]	[L1: 0.1623]	3.5+0.0s
[160/1120]	[L1: 0.1461]	3.6+0.0s
[200/1120]	[L1: 0.1337]	3.0+0.0s
[240/1120]	[L1: 0.1248]	3.0+0.0s
[280/1120]	[L1: 0.1176]	2.9+0.0s
[320/1120]	[L1: 0.1115]	3.0+0.0s
[360/1120]	[L1: 0.1078]	3.0+0.0s
[400/1120]	[L1: 0.1037]	3.1+0.0s
[440/1120]	[L1: 0.1004]	2.8+0.0s
[480/1120]	[L1: 0.0974]	2.9+0.0s
[520/1120]	[L1: 0.0947]	2.8+0.0s
[560/1120]	[L1: 0.0926]	3.0+0.0s
[600/1120]	[L1: 0.0898]	2.8+0.0s
[640/1120]	[L1: 0.0880]	3.0+0.0s
[680/1120]	[L1: 0.0864]	2.9+0.0s
[720/1120]	[L1: 0.0851]	3.0+0.0s
[760/1120]	[L1: 0.0836]	2.6+0.0s
[800/1120]	[L1: 0.0826]	2.7+0.0s
[840/1120]	[L1: 0.0811]	2.9+0.0s
[880/1120]	[L1: 0.0804]	3.0+0.0s
[920/1120]	[L1: 0.0790]	3.0+0.0s
[960/1120]	[L1: 0.0777]	2.9+0.0s
[1000/1120]	[L1: 0.0764]	2.5+0.0s
[1040/1120]	[L1: 0.0755]	2.6+0.0s
[1080/1120]	[L1: 0.0745]	2.8+0.0s
[1120/1120]	[L1: 0.0736]	3.1+0.0s

Evaluation:
[RSSCN7 x4]	psnr: 25.216 (Best: 25.216 @epoch 1)
Total time: 9.45s

[Epoch 2]	Learning rate: 2.00e-4
[40/1120]	[L1: 0.0508]	4.4+0.1s
[80/1120]	[L1: 0.0523]	4.1+0.0s
[120/1120]	[L1: 0.0519]	4.0+0.0s
[160/1120]	[L1: 0.0497]	4.1+0.0s
[200/1120]	[L1: 0.0483]	4.2+0.0s
[240/1120]	[L1: 0.0493]	3.6+0.0s
[280/1120]	[L1: 0.0488]	4.1+0.0s
[320/1120]	[L1: 0.0484]	3.8+0.0s
[360/1120]	[L1: 0.0480]	4.6+0.0s
[400/1120]	[L1: 0.0481]	3.9+0.0s
[440/1120]	[L1: 0.0478]	3.9+0.0s
[480/1120]	[L1: 0.0477]	3.7+0.0s
[520/1120]	[L1: 0.0477]	3.6+0.0s
[560/1120]	[L1: 0.0475]	3.8+0.0s
[600/1120]	[L1: 0.0471]	3.5+0.0s
[640/1120]	[L1: 0.0468]	4.2+0.0s
[680/1120]	[L1: 0.0467]	3.8+0.0s
[720/1120]	[L1: 0.0465]	4.0+0.0s
[760/1120]	[L1: 0.0463]	3.9+0.0s
[800/1120]	[L1: 0.0463]	3.9+0.0s
[840/1120]	[L1: 0.0461]	3.8+0.0s
[880/1120]	[L1: 0.0458]	3.9+0.0s
[920/1120]	[L1: 0.0456]	3.7+0.0s
[960/1120]	[L1: 0.0454]	3.6+0.0s
[1000/1120]	[L1: 0.0451]	3.0+0.0s
[1040/1120]	[L1: 0.0450]	3.1+0.0s
[1080/1120]	[L1: 0.0450]	2.9+0.0s
[1120/1120]	[L1: 0.0454]	3.0+0.0s

Evaluation:
[RSSCN7 x4]	psnr: 23.339 (Best: 25.216 @epoch 1)
Total time: 7.58s

[Epoch 3]	Learning rate: 2.00e-4
[40/1120]	[L1: 0.0512]	2.7+0.0s
[80/1120]	[L1: 0.0487]	2.5+0.0s
[120/1120]	[L1: 0.0482]	3.2+0.0s
[160/1120]	[L1: 0.0467]	2.9+0.0s
[200/1120]	[L1: 0.0454]	3.0+0.0s
[240/1120]	[L1: 0.0451]	3.1+0.0s
[280/1120]	[L1: 0.0447]	3.0+0.0s
[320/1120]	[L1: 0.0441]	2.8+0.0s
[360/1120]	[L1: 0.0451]	2.8+0.0s
[400/1120]	[L1: 0.0450]	3.1+0.0s
[440/1120]	[L1: 0.0451]	3.0+0.0s
[480/1120]	[L1: 0.0448]	2.7+0.0s
[520/1120]	[L1: 0.0449]	2.5+0.0s
[560/1120]	[L1: 0.0449]	2.4+0.0s
[600/1120]	[L1: 0.0447]	2.4+0.0s
[640/1120]	[L1: 0.0443]	2.9+0.0s
[680/1120]	[L1: 0.0439]	2.9+0.0s
[720/1120]	[L1: 0.0438]	2.9+0.0s
[760/1120]	[L1: 0.0439]	2.7+0.0s
[800/1120]	[L1: 0.0440]	2.6+0.0s
[840/1120]	[L1: 0.0441]	3.8+0.0s
[880/1120]	[L1: 0.0441]	4.1+0.0s
[920/1120]	[L1: 0.0441]	3.9+0.0s
[960/1120]	[L1: 0.0438]	4.1+0.0s
[1000/1120]	[L1: 0.0438]	3.9+0.0s
[1040/1120]	[L1: 0.0435]	4.1+0.0s
[1080/1120]	[L1: 0.0435]	3.6+0.0s
[1120/1120]	[L1: 0.0434]	4.0+0.0s

Evaluation:
[RSSCN7 x4]	psnr: 26.122 (Best: 26.122 @epoch 3)
Total time: 8.84s

[Epoch 4]	Learning rate: 2.00e-4
[40/1120]	[L1: 0.0421]	3.7+0.0s
[80/1120]	[L1: 0.0443]	3.2+0.0s
[120/1120]	[L1: 0.0437]	3.1+0.0s
[160/1120]	[L1: 0.0427]	3.7+0.0s
[200/1120]	[L1: 0.0421]	3.7+0.0s
[240/1120]	[L1: 0.0422]	4.1+0.0s
[280/1120]	[L1: 0.0417]	4.2+0.0s
[320/1120]	[L1: 0.0419]	4.0+0.0s
[360/1120]	[L1: 0.0415]	3.9+0.0s
[400/1120]	[L1: 0.0408]	3.6+0.0s
[440/1120]	[L1: 0.0404]	3.7+0.0s
[480/1120]	[L1: 0.0406]	3.8+0.0s
[520/1120]	[L1: 0.0410]	3.7+0.0s
[560/1120]	[L1: 0.0415]	3.4+0.0s
[600/1120]	[L1: 0.0416]	3.2+0.0s
[640/1120]	[L1: 0.0417]	2.9+0.0s
[680/1120]	[L1: 0.0418]	2.8+0.0s
[720/1120]	[L1: 0.0419]	2.9+0.0s
[760/1120]	[L1: 0.0416]	3.0+0.0s
[800/1120]	[L1: 0.0416]	2.9+0.0s
[840/1120]	[L1: 0.0414]	3.0+0.0s
[880/1120]	[L1: 0.0412]	2.9+0.0s
[920/1120]	[L1: 0.0413]	2.9+0.0s
[960/1120]	[L1: 0.0412]	2.6+0.0s
[1000/1120]	[L1: 0.0415]	2.9+0.0s
[1040/1120]	[L1: 0.0415]	3.1+0.0s
[1080/1120]	[L1: 0.0413]	2.9+0.0s
[1120/1120]	[L1: 0.0415]	2.7+0.0s

Evaluation:
[RSSCN7 x4]	psnr: 26.468 (Best: 26.468 @epoch 4)
Total time: 7.42s

[Epoch 5]	Learning rate: 2.00e-4
[40/1120]	[L1: 0.0388]	2.7+0.0s
[80/1120]	[L1: 0.0387]	2.6+0.0s
[120/1120]	[L1: 0.0380]	2.4+0.0s
[160/1120]	[L1: 0.0403]	2.4+0.0s
[200/1120]	[L1: 0.0404]	2.3+0.0s
[240/1120]	[L1: 0.0411]	2.3+0.0s
[280/1120]	[L1: 0.0403]	2.3+0.0s
[320/1120]	[L1: 0.0400]	2.3+0.0s
[360/1120]	[L1: 0.0399]	2.3+0.0s
[400/1120]	[L1: 0.0395]	2.4+0.0s
[440/1120]	[L1: 0.0391]	2.4+0.0s
[480/1120]	[L1: 0.0390]	2.5+0.0s
[520/1120]	[L1: 0.0392]	3.2+0.0s
[560/1120]	[L1: 0.0391]	3.9+0.0s
[600/1120]	[L1: 0.0390]	3.9+0.0s
[640/1120]	[L1: 0.0390]	3.8+0.0s
[680/1120]	[L1: 0.0388]	3.8+0.0s
[720/1120]	[L1: 0.0393]	3.9+0.0s
[760/1120]	[L1: 0.0394]	3.6+0.0s
[800/1120]	[L1: 0.0394]	3.9+0.0s
[840/1120]	[L1: 0.0394]	3.8+0.0s
[880/1120]	[L1: 0.0395]	3.9+0.0s
[920/1120]	[L1: 0.0396]	4.0+0.0s
[960/1120]	[L1: 0.0396]	3.8+0.0s
[1000/1120]	[L1: 0.0397]	3.6+0.0s
[1040/1120]	[L1: 0.0396]	3.8+0.0s
[1080/1120]	[L1: 0.0395]	3.8+0.0s
[1120/1120]	[L1: 0.0398]	3.9+0.1s

Evaluation:
[RSSCN7 x4]	psnr: 26.584 (Best: 26.584 @epoch 5)
Total time: 9.22s

[Epoch 6]	Learning rate: 2.00e-4
[40/1120]	[L1: 0.0371]	3.7+0.0s
[80/1120]	[L1: 0.0384]	3.9+0.0s
[120/1120]	[L1: 0.0398]	4.3+0.0s
[160/1120]	[L1: 0.0395]	3.4+0.0s
[200/1120]	[L1: 0.0387]	3.6+0.0s
[240/1120]	[L1: 0.0388]	3.6+0.0s
[280/1120]	[L1: 0.0382]	3.8+0.0s
[320/1120]	[L1: 0.0392]	2.9+0.0s
[360/1120]	[L1: 0.0401]	3.0+0.0s
[400/1120]	[L1: 0.0403]	2.9+0.0s
[440/1120]	[L1: 0.0399]	2.9+0.0s
[480/1120]	[L1: 0.0403]	2.9+0.0s
[520/1120]	[L1: 0.0401]	2.8+0.0s
[560/1120]	[L1: 0.0403]	2.7+0.0s
[600/1120]	[L1: 0.0401]	2.3+0.0s
[640/1120]	[L1: 0.0400]	2.3+0.0s
[680/1120]	[L1: 0.0399]	2.4+0.0s
[720/1120]	[L1: 0.0394]	2.4+0.0s
[760/1120]	[L1: 0.0392]	1.8+0.0s
[800/1120]	[L1: 0.0390]	3.5+0.0s
[840/1120]	[L1: 0.0388]	2.5+0.0s
[880/1120]	[L1: 0.0390]	2.4+0.0s
[920/1120]	[L1: 0.0390]	2.5+0.0s
[960/1120]	[L1: 0.0388]	2.4+0.0s
[1000/1120]	[L1: 0.0387]	2.8+0.0s
[1040/1120]	[L1: 0.0388]	2.8+0.0s
[1080/1120]	[L1: 0.0387]	3.0+0.0s
[1120/1120]	[L1: 0.0388]	2.9+0.0s

Evaluation:
[RSSCN7 x4]	psnr: 26.711 (Best: 26.711 @epoch 6)
Total time: 7.48s

[Epoch 7]	Learning rate: 2.00e-4
[40/1120]	[L1: 0.0368]	2.6+0.0s
[80/1120]	[L1: 0.0370]	2.6+0.0s
[120/1120]	[L1: 0.0386]	2.8+0.0s
[160/1120]	[L1: 0.0387]	3.2+0.0s
[200/1120]	[L1: 0.0382]	3.8+0.0s
[240/1120]	[L1: 0.0383]	4.0+0.0s
[280/1120]	[L1: 0.0384]	3.9+0.1s
[320/1120]	[L1: 0.0381]	4.1+0.0s
[360/1120]	[L1: 0.0379]	3.6+0.0s
[400/1120]	[L1: 0.0386]	3.8+0.0s
[440/1120]	[L1: 0.0389]	3.8+0.0s
[480/1120]	[L1: 0.0389]	4.0+0.0s
[520/1120]	[L1: 0.0390]	4.2+0.0s
[560/1120]	[L1: 0.0391]	4.2+0.1s
[600/1120]	[L1: 0.0389]	3.9+0.0s
[640/1120]	[L1: 0.0390]	4.2+0.0s
[680/1120]	[L1: 0.0391]	4.0+0.0s
[720/1120]	[L1: 0.0389]	3.8+0.0s
[760/1120]	[L1: 0.0393]	3.8+0.0s
[800/1120]	[L1: 0.0393]	3.7+0.0s
[840/1120]	[L1: 0.0393]	3.9+0.0s
[880/1120]	[L1: 0.0392]	3.8+0.0s
[920/1120]	[L1: 0.0390]	4.0+0.0s
[960/1120]	[L1: 0.0389]	3.5+0.0s
[1000/1120]	[L1: 0.0387]	3.6+0.0s
[1040/1120]	[L1: 0.0389]	3.6+0.0s
[1080/1120]	[L1: 0.0387]	3.5+0.0s
[1120/1120]	[L1: 0.0386]	3.9+0.0s

Evaluation:
[RSSCN7 x4]	psnr: 26.706 (Best: 26.711 @epoch 6)
Total time: 7.99s

[Epoch 8]	Learning rate: 2.00e-4
[40/1120]	[L1: 0.0379]	2.8+0.1s
[80/1120]	[L1: 0.0366]	3.0+0.0s
[120/1120]	[L1: 0.0382]	2.9+0.0s
[160/1120]	[L1: 0.0371]	2.8+0.0s
[200/1120]	[L1: 0.0373]	2.5+0.0s
[240/1120]	[L1: 0.0372]	2.7+0.0s
[280/1120]	[L1: 0.0369]	2.8+0.0s
[320/1120]	[L1: 0.0371]	2.5+0.0s
[360/1120]	[L1: 0.0373]	2.6+0.0s
[400/1120]	[L1: 0.0378]	2.9+0.0s
[440/1120]	[L1: 0.0376]	2.7+0.0s
[480/1120]	[L1: 0.0376]	2.9+0.0s
[520/1120]	[L1: 0.0375]	2.5+0.0s
[560/1120]	[L1: 0.0377]	2.9+0.0s
[600/1120]	[L1: 0.0373]	3.0+0.0s
[640/1120]	[L1: 0.0369]	2.9+0.0s
[680/1120]	[L1: 0.0368]	2.4+0.0s
[720/1120]	[L1: 0.0366]	2.4+0.0s
[760/1120]	[L1: 0.0366]	3.1+0.0s
[800/1120]	[L1: 0.0366]	2.9+0.0s
[840/1120]	[L1: 0.0366]	2.6+0.0s
[880/1120]	[L1: 0.0366]	2.5+0.0s
[920/1120]	[L1: 0.0367]	2.4+0.0s
[960/1120]	[L1: 0.0368]	2.8+0.0s
[1000/1120]	[L1: 0.0369]	3.0+0.0s
[1040/1120]	[L1: 0.0370]	2.8+0.0s
[1080/1120]	[L1: 0.0369]	3.4+0.0s
[1120/1120]	[L1: 0.0370]	3.8+0.0s

Evaluation:
[RSSCN7 x4]	psnr: 26.716 (Best: 26.716 @epoch 8)
Total time: 9.40s

[Epoch 9]	Learning rate: 2.00e-4
[40/1120]	[L1: 0.0399]	4.4+0.1s
[80/1120]	[L1: 0.0392]	3.8+0.0s
[120/1120]	[L1: 0.0389]	3.9+0.0s
[160/1120]	[L1: 0.0391]	4.1+0.0s
[200/1120]	[L1: 0.0376]	3.8+0.0s
[240/1120]	[L1: 0.0381]	3.8+0.0s
[280/1120]	[L1: 0.0377]	3.7+0.0s
[320/1120]	[L1: 0.0377]	3.9+0.0s
[360/1120]	[L1: 0.0383]	3.8+0.0s
[400/1120]	[L1: 0.0381]	3.9+0.0s
[440/1120]	[L1: 0.0383]	3.9+0.0s
[480/1120]	[L1: 0.0379]	3.7+0.0s
[520/1120]	[L1: 0.0381]	3.9+0.0s
[560/1120]	[L1: 0.0381]	3.9+0.0s
[600/1120]	[L1: 0.0378]	3.7+0.0s
[640/1120]	[L1: 0.0378]	4.0+0.0s
[680/1120]	[L1: 0.0374]	3.5+0.0s
[720/1120]	[L1: 0.0375]	3.8+0.0s
[760/1120]	[L1: 0.0372]	3.5+0.0s
[800/1120]	[L1: 0.0372]	3.8+0.0s
[840/1120]	[L1: 0.0374]	3.6+0.0s
[880/1120]	[L1: 0.0375]	3.1+0.0s
[920/1120]	[L1: 0.0372]	3.0+0.0s
[960/1120]	[L1: 0.0373]	2.9+0.0s
[1000/1120]	[L1: 0.0374]	3.0+0.0s
[1040/1120]	[L1: 0.0371]	2.9+0.0s
[1080/1120]	[L1: 0.0371]	2.8+0.0s
[1120/1120]	[L1: 0.0372]	3.0+0.0s

Evaluation:
[RSSCN7 x4]	psnr: 26.790 (Best: 26.790 @epoch 9)
Total time: 7.63s

[Epoch 10]	Learning rate: 2.00e-4
[40/1120]	[L1: 0.0368]	2.7+0.0s
[80/1120]	[L1: 0.0360]	2.8+0.0s
[120/1120]	[L1: 0.0337]	2.9+0.0s
[160/1120]	[L1: 0.0350]	2.9+0.0s
[200/1120]	[L1: 0.0356]	3.0+0.0s
[240/1120]	[L1: 0.0365]	2.9+0.0s
[280/1120]	[L1: 0.0372]	2.8+0.0s
[320/1120]	[L1: 0.0376]	2.8+0.0s
[360/1120]	[L1: 0.0372]	2.4+0.0s
[400/1120]	[L1: 0.0370]	2.4+0.0s
[440/1120]	[L1: 0.0367]	2.8+0.0s
[480/1120]	[L1: 0.0365]	2.8+0.0s
[520/1120]	[L1: 0.0364]	2.7+0.0s
[560/1120]	[L1: 0.0366]	2.3+0.0s
[600/1120]	[L1: 0.0370]	2.4+0.0s
[640/1120]	[L1: 0.0371]	2.5+0.0s
[680/1120]	[L1: 0.0371]	2.4+0.0s
[720/1120]	[L1: 0.0372]	2.9+0.0s
[760/1120]	[L1: 0.0371]	3.7+0.1s
[800/1120]	[L1: 0.0369]	3.8+0.0s
[840/1120]	[L1: 0.0369]	3.9+0.0s
[880/1120]	[L1: 0.0369]	3.7+0.0s
[920/1120]	[L1: 0.0371]	3.7+0.0s
[960/1120]	[L1: 0.0372]	4.0+0.0s
[1000/1120]	[L1: 0.0370]	3.8+0.0s
[1040/1120]	[L1: 0.0368]	4.9+0.0s
[1080/1120]	[L1: 0.0368]	3.8+0.0s
[1120/1120]	[L1: 0.0370]	3.5+0.0s

Evaluation:
[RSSCN7 x4]	psnr: 26.376 (Best: 26.790 @epoch 9)
Total time: 8.86s

[Epoch 11]	Learning rate: 2.00e-4
[40/1120]	[L1: 0.0363]	3.2+0.0s
[80/1120]	[L1: 0.0363]	3.5+0.1s
[120/1120]	[L1: 0.0366]	3.8+0.0s
[160/1120]	[L1: 0.0360]	3.8+0.0s
[200/1120]	[L1: 0.0364]	3.5+0.0s
[240/1120]	[L1: 0.0377]	3.7+0.0s
[280/1120]	[L1: 0.0378]	3.7+0.0s
[320/1120]	[L1: 0.0374]	3.6+0.0s
[360/1120]	[L1: 0.0375]	3.6+0.0s
[400/1120]	[L1: 0.0372]	3.6+0.0s
[440/1120]	[L1: 0.0372]	3.8+0.0s
[480/1120]	[L1: 0.0371]	3.9+0.0s
[520/1120]	[L1: 0.0373]	3.7+0.0s
[560/1120]	[L1: 0.0368]	3.0+0.0s
[600/1120]	[L1: 0.0365]	2.9+0.0s
[640/1120]	[L1: 0.0369]	3.0+0.0s
[680/1120]	[L1: 0.0369]	2.4+0.0s
[720/1120]	[L1: 0.0370]	2.3+0.0s
[760/1120]	[L1: 0.0369]	2.3+0.0s
[800/1120]	[L1: 0.0369]	3.2+0.0s
[840/1120]	[L1: 0.0368]	3.1+0.0s
[880/1120]	[L1: 0.0367]	2.6+0.0s
[920/1120]	[L1: 0.0369]	2.4+0.0s
[960/1120]	[L1: 0.0370]	2.5+0.0s
[1000/1120]	[L1: 0.0369]	2.6+0.0s
[1040/1120]	[L1: 0.0367]	2.6+0.0s
[1080/1120]	[L1: 0.0367]	2.6+0.0s
[1120/1120]	[L1: 0.0367]	2.5+0.0s

Evaluation:
[RSSCN7 x4]	psnr: 26.951 (Best: 26.951 @epoch 11)
Total time: 7.54s

[Epoch 12]	Learning rate: 2.00e-4
[40/1120]	[L1: 0.0351]	2.5+0.1s
[80/1120]	[L1: 0.0360]	2.7+0.0s
[120/1120]	[L1: 0.0358]	2.5+0.0s
[160/1120]	[L1: 0.0367]	2.5+0.0s
[200/1120]	[L1: 0.0365]	2.4+0.0s
[240/1120]	[L1: 0.0363]	2.9+0.0s
[280/1120]	[L1: 0.0364]	2.9+0.0s
[320/1120]	[L1: 0.0365]	3.0+0.0s
[360/1120]	[L1: 0.0369]	2.9+0.0s
[400/1120]	[L1: 0.0366]	2.6+0.0s
[440/1120]	[L1: 0.0365]	3.1+0.0s
[480/1120]	[L1: 0.0363]	3.4+0.0s
[520/1120]	[L1: 0.0363]	3.7+0.0s
[560/1120]	[L1: 0.0364]	3.8+0.0s
[600/1120]	[L1: 0.0364]	3.7+0.0s
[640/1120]	[L1: 0.0362]	4.0+0.0s
[680/1120]	[L1: 0.0362]	4.2+0.0s
[720/1120]	[L1: 0.0361]	3.6+0.1s
[760/1120]	[L1: 0.0362]	4.2+0.0s
[800/1120]	[L1: 0.0360]	4.0+0.0s
[840/1120]	[L1: 0.0361]	4.0+0.0s
[880/1120]	[L1: 0.0361]	3.9+0.0s
[920/1120]	[L1: 0.0363]	4.2+0.0s
[960/1120]	[L1: 0.0363]	3.7+0.0s
[1000/1120]	[L1: 0.0362]	4.3+0.0s
[1040/1120]	[L1: 0.0364]	3.8+0.0s
[1080/1120]	[L1: 0.0362]	4.2+0.0s
[1120/1120]	[L1: 0.0361]	3.8+0.0s

Evaluation:
[RSSCN7 x4]	psnr: 27.125 (Best: 27.125 @epoch 12)
Total time: 9.10s

[Epoch 13]	Learning rate: 2.00e-4
[40/1120]	[L1: 0.0330]	3.6+0.1s
[80/1120]	[L1: 0.0347]	4.0+0.0s
[120/1120]	[L1: 0.0338]	3.7+0.0s
[160/1120]	[L1: 0.0357]	3.7+0.0s
[200/1120]	[L1: 0.0353]	3.3+0.0s
[240/1120]	[L1: 0.0353]	2.9+0.0s
[280/1120]	[L1: 0.0356]	2.6+0.0s
[320/1120]	[L1: 0.0352]	2.5+0.0s
[360/1120]	[L1: 0.0354]	2.7+0.0s
[400/1120]	[L1: 0.0357]	2.3+0.0s
[440/1120]	[L1: 0.0356]	2.6+0.0s
[480/1120]	[L1: 0.0355]	3.0+0.0s
[520/1120]	[L1: 0.0355]	3.0+0.0s
[560/1120]	[L1: 0.0352]	2.8+0.0s
[600/1120]	[L1: 0.0352]	2.9+0.0s
[640/1120]	[L1: 0.0354]	2.9+0.0s
[680/1120]	[L1: 0.0356]	2.9+0.0s
[720/1120]	[L1: 0.0355]	2.6+0.0s
[760/1120]	[L1: 0.0354]	2.4+0.0s
[800/1120]	[L1: 0.0353]	2.4+0.0s
[840/1120]	[L1: 0.0351]	2.5+0.0s
[880/1120]	[L1: 0.0353]	3.6+0.0s
[920/1120]	[L1: 0.0354]	3.5+0.0s
[960/1120]	[L1: 0.0354]	2.9+0.0s
[1000/1120]	[L1: 0.0352]	2.6+0.0s
[1040/1120]	[L1: 0.0352]	2.8+0.0s
[1080/1120]	[L1: 0.0354]	2.5+0.0s
[1120/1120]	[L1: 0.0353]	2.4+0.0s

Evaluation:
[RSSCN7 x4]	psnr: 26.981 (Best: 27.125 @epoch 12)
Total time: 7.43s

[Epoch 14]	Learning rate: 2.00e-4
[40/1120]	[L1: 0.0332]	2.4+0.1s
[80/1120]	[L1: 0.0333]	2.4+0.0s
[120/1120]	[L1: 0.0342]	3.7+0.0s
[160/1120]	[L1: 0.0348]	4.8+0.0s
[200/1120]	[L1: 0.0356]	4.5+0.0s
[240/1120]	[L1: 0.0351]	4.4+0.0s
[280/1120]	[L1: 0.0351]	4.3+0.0s
[320/1120]	[L1: 0.0349]	4.7+0.0s
[360/1120]	[L1: 0.0351]	5.0+0.0s
[400/1120]	[L1: 0.0355]	4.5+0.0s
[440/1120]	[L1: 0.0360]	5.2+0.0s
[480/1120]	[L1: 0.0363]	4.3+0.0s
[520/1120]	[L1: 0.0368]	4.0+0.0s
[560/1120]	[L1: 0.0366]	3.7+0.0s
[600/1120]	[L1: 0.0366]	4.0+0.0s
[640/1120]	[L1: 0.0364]	4.4+0.0s
[680/1120]	[L1: 0.0365]	5.0+0.0s
[720/1120]	[L1: 0.0363]	4.7+0.0s
[760/1120]	[L1: 0.0361]	4.8+0.0s
[800/1120]	[L1: 0.0361]	4.3+0.0s
[840/1120]	[L1: 0.0361]	4.1+0.0s
[880/1120]	[L1: 0.0362]	4.1+0.0s
[920/1120]	[L1: 0.0362]	3.9+0.0s
[960/1120]	[L1: 0.0360]	3.6+0.0s
[1000/1120]	[L1: 0.0359]	3.0+0.0s
[1040/1120]	[L1: 0.0359]	2.5+0.0s
[1080/1120]	[L1: 0.0358]	2.3+0.0s
[1120/1120]	[L1: 0.0357]	2.3+0.0s

Evaluation:
[RSSCN7 x4]	psnr: 27.159 (Best: 27.159 @epoch 14)
Total time: 7.47s

[Epoch 15]	Learning rate: 2.00e-4
[40/1120]	[L1: 0.0368]	2.6+0.1s
[80/1120]	[L1: 0.0397]	2.4+0.0s
[120/1120]	[L1: 0.0378]	2.6+0.0s
[160/1120]	[L1: 0.0378]	2.5+0.0s
[200/1120]	[L1: 0.0382]	2.3+0.0s
[240/1120]	[L1: 0.0384]	2.4+0.0s
[280/1120]	[L1: 0.0377]	2.4+0.0s
[320/1120]	[L1: 0.0372]	2.8+0.0s
[360/1120]	[L1: 0.0366]	2.3+0.0s
[400/1120]	[L1: 0.0372]	2.8+0.0s
[440/1120]	[L1: 0.0374]	2.8+0.0s
[480/1120]	[L1: 0.0373]	2.3+0.0s
[520/1120]	[L1: 0.0372]	2.4+0.0s
[560/1120]	[L1: 0.0367]	2.3+0.0s
[600/1120]	[L1: 0.0365]	2.4+0.0s
[640/1120]	[L1: 0.0365]	2.4+0.0s
[680/1120]	[L1: 0.0363]	2.4+0.0s
[720/1120]	[L1: 0.0362]	2.5+0.0s
[760/1120]	[L1: 0.0362]	2.4+0.0s
[800/1120]	[L1: 0.0364]	2.5+0.0s
[840/1120]	[L1: 0.0366]	2.4+0.0s
[880/1120]	[L1: 0.0365]	2.3+0.0s
[920/1120]	[L1: 0.0364]	2.5+0.0s
[960/1120]	[L1: 0.0364]	2.4+0.0s
[1000/1120]	[L1: 0.0365]	4.6+0.0s
[1040/1120]	[L1: 0.0364]	5.0+0.0s
[1080/1120]	[L1: 0.0363]	4.3+0.0s
[1120/1120]	[L1: 0.0363]	4.4+0.0s

Evaluation:
[RSSCN7 x4]	psnr: 27.111 (Best: 27.159 @epoch 14)
Total time: 10.75s

[Epoch 16]	Learning rate: 2.00e-4
[40/1120]	[L1: 0.0376]	3.6+0.1s
[80/1120]	[L1: 0.0351]	4.5+0.0s
[120/1120]	[L1: 0.0355]	5.1+0.0s
[160/1120]	[L1: 0.0356]	4.8+0.0s
[200/1120]	[L1: 0.0351]	4.5+0.0s
[240/1120]	[L1: 0.0350]	4.5+0.0s
[280/1120]	[L1: 0.0348]	4.3+0.0s
[320/1120]	[L1: 0.0348]	5.3+0.0s
[360/1120]	[L1: 0.0346]	4.9+0.0s
[400/1120]	[L1: 0.0349]	3.8+0.0s
[440/1120]	[L1: 0.0349]	4.2+0.0s
[480/1120]	[L1: 0.0350]	4.6+0.0s
[520/1120]	[L1: 0.0351]	4.4+0.0s
[560/1120]	[L1: 0.0348]	3.7+0.0s
[600/1120]	[L1: 0.0346]	3.9+0.0s
[640/1120]	[L1: 0.0344]	3.2+0.0s
[680/1120]	[L1: 0.0345]	3.0+0.0s
[720/1120]	[L1: 0.0349]	2.4+0.0s
[760/1120]	[L1: 0.0349]	2.6+0.0s
[800/1120]	[L1: 0.0350]	2.4+0.0s
[840/1120]	[L1: 0.0349]	2.4+0.0s
[880/1120]	[L1: 0.0353]	2.4+0.0s
[920/1120]	[L1: 0.0350]	2.3+0.0s
[960/1120]	[L1: 0.0349]	2.4+0.0s
[1000/1120]	[L1: 0.0350]	2.3+0.0s
[1040/1120]	[L1: 0.0349]	2.5+0.0s
[1080/1120]	[L1: 0.0348]	2.4+0.0s
[1120/1120]	[L1: 0.0347]	2.4+0.0s

Evaluation:
[RSSCN7 x4]	psnr: 27.096 (Best: 27.159 @epoch 14)
Total time: 7.49s

[Epoch 17]	Learning rate: 2.00e-4
[40/1120]	[L1: 0.0402]	2.5+0.0s
[80/1120]	[L1: 0.0370]	2.7+0.0s
[120/1120]	[L1: 0.0339]	2.5+0.0s
[160/1120]	[L1: 0.0335]	2.5+0.0s
[200/1120]	[L1: 0.0338]	2.5+0.0s
[240/1120]	[L1: 0.0337]	3.0+0.0s
[280/1120]	[L1: 0.0339]	2.9+0.0s
[320/1120]	[L1: 0.0339]	2.8+0.0s
[360/1120]	[L1: 0.0335]	2.9+0.0s
[400/1120]	[L1: 0.0336]	2.6+0.0s
[440/1120]	[L1: 0.0334]	2.7+0.0s
[480/1120]	[L1: 0.0336]	2.5+0.0s
[520/1120]	[L1: 0.0338]	2.5+0.0s
[560/1120]	[L1: 0.0337]	3.5+0.0s
[600/1120]	[L1: 0.0336]	5.5+0.0s
[640/1120]	[L1: 0.0334]	5.8+0.0s
[680/1120]	[L1: 0.0338]	6.7+0.0s
[720/1120]	[L1: 0.0339]	4.7+0.0s
[760/1120]	[L1: 0.0338]	5.1+0.0s
[800/1120]	[L1: 0.0338]	5.2+0.0s
[840/1120]	[L1: 0.0342]	4.6+0.0s
[880/1120]	[L1: 0.0342]	4.3+0.0s
[920/1120]	[L1: 0.0345]	4.2+0.0s
[960/1120]	[L1: 0.0346]	4.8+0.0s
[1000/1120]	[L1: 0.0346]	3.9+0.0s
[1040/1120]	[L1: 0.0346]	4.1+0.0s
[1080/1120]	[L1: 0.0349]	3.9+0.0s
[1120/1120]	[L1: 0.0349]	4.1+0.0s

Evaluation:
[RSSCN7 x4]	psnr: 26.793 (Best: 27.159 @epoch 14)
Total time: 10.30s

[Epoch 18]	Learning rate: 2.00e-4
[40/1120]	[L1: 0.0347]	5.0+0.0s
[80/1120]	[L1: 0.0356]	4.2+0.0s
[120/1120]	[L1: 0.0360]	3.8+0.0s
[160/1120]	[L1: 0.0354]	3.7+0.0s
[200/1120]	[L1: 0.0345]	4.0+0.0s
[240/1120]	[L1: 0.0340]	3.0+0.0s
[280/1120]	[L1: 0.0340]	3.0+0.0s
[320/1120]	[L1: 0.0347]	3.0+0.0s
[360/1120]	[L1: 0.0343]	2.7+0.0s
[400/1120]	[L1: 0.0347]	2.5+0.0s
[440/1120]	[L1: 0.0349]	2.6+0.0s
[480/1120]	[L1: 0.0351]	2.5+0.0s
[520/1120]	[L1: 0.0350]	2.3+0.0s
[560/1120]	[L1: 0.0352]	2.3+0.0s
[600/1120]	[L1: 0.0351]	2.3+0.0s
[640/1120]	[L1: 0.0350]	2.3+0.0s
[680/1120]	[L1: 0.0350]	2.4+0.0s
[720/1120]	[L1: 0.0350]	2.3+0.0s
[760/1120]	[L1: 0.0351]	2.3+0.0s
[800/1120]	[L1: 0.0347]	2.3+0.0s
[840/1120]	[L1: 0.0348]	2.4+0.0s
[880/1120]	[L1: 0.0347]	2.5+0.0s
[920/1120]	[L1: 0.0349]	2.6+0.0s
[960/1120]	[L1: 0.0351]	2.9+0.0s
[1000/1120]	[L1: 0.0350]	2.9+0.0s
[1040/1120]	[L1: 0.0350]	2.8+0.0s
[1080/1120]	[L1: 0.0350]	2.8+0.0s
[1120/1120]	[L1: 0.0350]	2.6+0.0s

Evaluation:
[RSSCN7 x4]	psnr: 27.119 (Best: 27.159 @epoch 14)
Total time: 7.41s

[Epoch 19]	Learning rate: 2.00e-4
[40/1120]	[L1: 0.0349]	2.4+0.0s
[80/1120]	[L1: 0.0342]	2.4+0.0s
[120/1120]	[L1: 0.0331]	2.4+0.0s
[160/1120]	[L1: 0.0339]	2.5+0.0s
[200/1120]	[L1: 0.0335]	2.7+0.0s
[240/1120]	[L1: 0.0330]	3.2+0.0s
[280/1120]	[L1: 0.0331]	4.0+0.0s
[320/1120]	[L1: 0.0332]	4.2+0.0s
[360/1120]	[L1: 0.0337]	4.2+0.0s
[400/1120]	[L1: 0.0339]	3.9+0.0s
[440/1120]	[L1: 0.0345]	3.9+0.0s
[480/1120]	[L1: 0.0344]	4.0+0.0s
[520/1120]	[L1: 0.0343]	4.1+0.0s
[560/1120]	[L1: 0.0345]	3.9+0.0s
[600/1120]	[L1: 0.0347]	4.5+0.0s
[640/1120]	[L1: 0.0349]	4.1+0.0s
[680/1120]	[L1: 0.0347]	3.6+0.0s
[720/1120]	[L1: 0.0349]	3.7+0.0s
[760/1120]	[L1: 0.0348]	3.8+0.0s
[800/1120]	[L1: 0.0347]	4.0+0.0s
[840/1120]	[L1: 0.0349]	3.8+0.0s
[880/1120]	[L1: 0.0348]	4.3+0.0s
[920/1120]	[L1: 0.0347]	5.1+0.0s
[960/1120]	[L1: 0.0348]	4.2+0.0s
[1000/1120]	[L1: 0.0347]	4.3+0.0s
[1040/1120]	[L1: 0.0347]	3.9+0.0s
[1080/1120]	[L1: 0.0347]	4.0+0.0s
[1120/1120]	[L1: 0.0345]	4.0+0.0s

Evaluation:
[RSSCN7 x4]	psnr: 27.056 (Best: 27.159 @epoch 14)
Total time: 8.75s

[Epoch 20]	Learning rate: 2.00e-4
[40/1120]	[L1: 0.0345]	3.1+0.1s
[80/1120]	[L1: 0.0342]	3.0+0.0s
[120/1120]	[L1: 0.0342]	3.0+0.0s
[160/1120]	[L1: 0.0345]	2.9+0.0s
[200/1120]	[L1: 0.0348]	2.9+0.0s
[240/1120]	[L1: 0.0349]	3.0+0.0s
[280/1120]	[L1: 0.0344]	2.9+0.0s
[320/1120]	[L1: 0.0342]	2.8+0.0s
[360/1120]	[L1: 0.0344]	2.4+0.0s
[400/1120]	[L1: 0.0345]	2.5+0.0s
[440/1120]	[L1: 0.0348]	2.4+0.0s
[480/1120]	[L1: 0.0343]	2.6+0.0s
[520/1120]	[L1: 0.0342]	2.9+0.0s
[560/1120]	[L1: 0.0342]	2.9+0.0s
[600/1120]	[L1: 0.0341]	2.9+0.0s
[640/1120]	[L1: 0.0344]	2.9+0.0s
[680/1120]	[L1: 0.0343]	3.0+0.0s
[720/1120]	[L1: 0.0346]	2.9+0.0s
[760/1120]	[L1: 0.0348]	3.0+0.0s
[800/1120]	[L1: 0.0348]	2.9+0.0s
[840/1120]	[L1: 0.0348]	2.9+0.0s
[880/1120]	[L1: 0.0347]	2.9+0.0s
[920/1120]	[L1: 0.0346]	2.8+0.0s
[960/1120]	[L1: 0.0347]	2.9+0.0s
[1000/1120]	[L1: 0.0348]	2.4+0.0s
[1040/1120]	[L1: 0.0347]	2.3+0.0s
[1080/1120]	[L1: 0.0348]	2.8+0.0s
[1120/1120]	[L1: 0.0348]	3.7+0.0s

Evaluation:
[RSSCN7 x4]	psnr: 27.332 (Best: 27.332 @epoch 20)
Total time: 9.62s

[Epoch 21]	Learning rate: 2.00e-4
[40/1120]	[L1: 0.0382]	4.1+0.1s
[80/1120]	[L1: 0.0322]	3.9+0.0s
[120/1120]	[L1: 0.0326]	5.4+0.1s
[160/1120]	[L1: 0.0338]	5.4+0.0s
[200/1120]	[L1: 0.0340]	4.2+0.0s
[240/1120]	[L1: 0.0338]	4.1+0.0s
[280/1120]	[L1: 0.0342]	3.8+0.1s
[320/1120]	[L1: 0.0342]	4.2+0.0s
[360/1120]	[L1: 0.0342]	4.0+0.1s
[400/1120]	[L1: 0.0340]	4.4+0.0s
[440/1120]	[L1: 0.0337]	4.0+0.0s
[480/1120]	[L1: 0.0336]	4.0+0.0s
[520/1120]	[L1: 0.0337]	3.8+0.0s
[560/1120]	[L1: 0.0337]	3.5+0.0s
[600/1120]	[L1: 0.0340]	4.1+0.0s
[640/1120]	[L1: 0.0338]	4.4+0.0s
[680/1120]	[L1: 0.0339]	4.1+0.0s
[720/1120]	[L1: 0.0339]	3.8+0.0s
[760/1120]	[L1: 0.0340]	3.6+0.0s
[800/1120]	[L1: 0.0341]	3.9+0.0s
[840/1120]	[L1: 0.0339]	3.7+0.0s
[880/1120]	[L1: 0.0340]	3.1+0.0s
[920/1120]	[L1: 0.0339]	2.9+0.0s
[960/1120]	[L1: 0.0339]	3.0+0.0s
[1000/1120]	[L1: 0.0338]	3.0+0.0s
[1040/1120]	[L1: 0.0340]	3.0+0.0s
[1080/1120]	[L1: 0.0340]	2.8+0.0s
[1120/1120]	[L1: 0.0340]	2.4+0.0s

Evaluation:
[RSSCN7 x4]	psnr: 27.273 (Best: 27.332 @epoch 20)
Total time: 7.45s

[Epoch 22]	Learning rate: 2.00e-4
[40/1120]	[L1: 0.0337]	2.4+0.0s
[80/1120]	[L1: 0.0356]	2.4+0.0s
[120/1120]	[L1: 0.0369]	2.4+0.0s
[160/1120]	[L1: 0.0373]	2.4+0.0s
[200/1120]	[L1: 0.0360]	2.3+0.0s
[240/1120]	[L1: 0.0353]	2.3+0.0s
[280/1120]	[L1: 0.0349]	2.5+0.0s
[320/1120]	[L1: 0.0351]	2.9+0.0s
[360/1120]	[L1: 0.0351]	2.5+0.0s
[400/1120]	[L1: 0.0345]	2.3+0.0s
[440/1120]	[L1: 0.0349]	2.3+0.0s
[480/1120]	[L1: 0.0351]	2.3+0.0s
[520/1120]	[L1: 0.0349]	2.3+0.0s
[560/1120]	[L1: 0.0345]	2.3+0.0s
[600/1120]	[L1: 0.0343]	2.5+0.0s
[640/1120]	[L1: 0.0342]	2.5+0.0s
[680/1120]	[L1: 0.0341]	2.5+0.0s
[720/1120]	[L1: 0.0339]	2.6+0.0s
[760/1120]	[L1: 0.0341]	3.0+0.0s
[800/1120]	[L1: 0.0338]	4.0+0.0s
[840/1120]	[L1: 0.0339]	3.7+0.0s
[880/1120]	[L1: 0.0339]	3.9+0.0s
[920/1120]	[L1: 0.0341]	3.9+0.0s
[960/1120]	[L1: 0.0341]	4.0+0.0s
[1000/1120]	[L1: 0.0343]	4.2+0.0s
[1040/1120]	[L1: 0.0343]	4.0+0.0s
[1080/1120]	[L1: 0.0345]	3.9+0.0s
[1120/1120]	[L1: 0.0344]	4.0+0.0s

Evaluation:
[RSSCN7 x4]	psnr: 26.993 (Best: 27.332 @epoch 20)
Total time: 10.46s

[Epoch 23]	Learning rate: 2.00e-4
[40/1120]	[L1: 0.0328]	3.7+0.0s
[80/1120]	[L1: 0.0323]	3.8+0.0s
[120/1120]	[L1: 0.0315]	3.7+0.0s
[160/1120]	[L1: 0.0315]	3.9+0.0s
[200/1120]	[L1: 0.0323]	4.0+0.0s
[240/1120]	[L1: 0.0325]	3.8+0.0s
[280/1120]	[L1: 0.0327]	4.4+0.0s
[320/1120]	[L1: 0.0328]	4.4+0.0s
[360/1120]	[L1: 0.0335]	3.9+0.0s
[400/1120]	[L1: 0.0336]	3.5+0.1s
[440/1120]	[L1: 0.0334]	3.8+0.0s
[480/1120]	[L1: 0.0336]	3.6+0.0s
[520/1120]	[L1: 0.0334]	3.6+0.0s
[560/1120]	[L1: 0.0332]	3.6+0.0s
[600/1120]	[L1: 0.0334]	2.8+0.0s
[640/1120]	[L1: 0.0334]	3.1+0.0s
[680/1120]	[L1: 0.0335]	2.9+0.0s
[720/1120]	[L1: 0.0335]	2.8+0.0s
[760/1120]	[L1: 0.0335]	2.8+0.0s
[800/1120]	[L1: 0.0335]	2.8+0.0s
[840/1120]	[L1: 0.0333]	2.7+0.0s
[880/1120]	[L1: 0.0335]	2.4+0.0s
[920/1120]	[L1: 0.0333]	2.4+0.0s
[960/1120]	[L1: 0.0334]	2.5+0.0s
[1000/1120]	[L1: 0.0336]	2.4+0.0s
[1040/1120]	[L1: 0.0337]	2.5+0.0s
[1080/1120]	[L1: 0.0341]	2.4+0.0s
[1120/1120]	[L1: 0.0341]	2.4+0.0s

Evaluation:
[RSSCN7 x4]	psnr: 27.029 (Best: 27.332 @epoch 20)
Total time: 7.53s

[Epoch 24]	Learning rate: 2.00e-4
[40/1120]	[L1: 0.0287]	2.9+0.0s
[80/1120]	[L1: 0.0328]	2.9+0.0s
[120/1120]	[L1: 0.0352]	2.9+0.0s
[160/1120]	[L1: 0.0366]	2.9+0.0s
[200/1120]	[L1: 0.0363]	2.6+0.0s
[240/1120]	[L1: 0.0362]	2.6+0.0s
[280/1120]	[L1: 0.0359]	2.5+0.0s
[320/1120]	[L1: 0.0354]	2.5+0.0s
[360/1120]	[L1: 0.0356]	2.8+0.0s
[400/1120]	[L1: 0.0357]	3.0+0.0s
[440/1120]	[L1: 0.0354]	3.3+0.0s
[480/1120]	[L1: 0.0355]	4.3+0.0s
[520/1120]	[L1: 0.0353]	4.0+0.0s
[560/1120]	[L1: 0.0353]	3.8+0.0s
[600/1120]	[L1: 0.0351]	3.8+0.1s
[640/1120]	[L1: 0.0350]	4.4+0.0s
[680/1120]	[L1: 0.0350]	4.0+0.0s
[720/1120]	[L1: 0.0351]	4.7+0.1s
[760/1120]	[L1: 0.0349]	3.9+0.0s
[800/1120]	[L1: 0.0349]	4.2+0.0s
[840/1120]	[L1: 0.0350]	3.9+0.1s
[880/1120]	[L1: 0.0348]	4.1+0.0s
[920/1120]	[L1: 0.0345]	4.1+0.0s
[960/1120]	[L1: 0.0343]	4.3+0.0s
[1000/1120]	[L1: 0.0343]	4.0+0.0s
[1040/1120]	[L1: 0.0344]	4.2+0.0s
[1080/1120]	[L1: 0.0343]	3.9+0.0s
[1120/1120]	[L1: 0.0342]	4.1+0.0s

Evaluation:
[RSSCN7 x4]	psnr: 27.376 (Best: 27.376 @epoch 24)
Total time: 9.17s

[Epoch 25]	Learning rate: 2.00e-4
[40/1120]	[L1: 0.0333]	4.3+0.1s
[80/1120]	[L1: 0.0346]	3.9+0.0s
[120/1120]	[L1: 0.0336]	3.8+0.0s
[160/1120]	[L1: 0.0333]	3.7+0.0s
[200/1120]	[L1: 0.0331]	3.9+0.0s
[240/1120]	[L1: 0.0337]	3.0+0.0s
[280/1120]	[L1: 0.0333]	3.4+0.0s
[320/1120]	[L1: 0.0333]	2.9+0.0s
[360/1120]	[L1: 0.0336]	3.0+0.0s
[400/1120]	[L1: 0.0337]	2.9+0.0s
[440/1120]	[L1: 0.0336]	2.9+0.0s
[480/1120]	[L1: 0.0336]	2.9+0.0s
[520/1120]	[L1: 0.0333]	2.9+0.0s
[560/1120]	[L1: 0.0332]	2.9+0.0s
[600/1120]	[L1: 0.0331]	2.9+0.0s
[640/1120]	[L1: 0.0330]	2.6+0.0s
[680/1120]	[L1: 0.0333]	2.6+0.0s
[720/1120]	[L1: 0.0334]	2.5+0.0s
[760/1120]	[L1: 0.0333]	2.6+0.0s
[800/1120]	[L1: 0.0335]	2.5+0.0s
[840/1120]	[L1: 0.0334]	2.7+0.0s
[880/1120]	[L1: 0.0335]	3.0+0.0s
[920/1120]	[L1: 0.0335]	2.9+0.0s
[960/1120]	[L1: 0.0336]	3.0+0.0s
[1000/1120]	[L1: 0.0337]	2.5+0.0s
[1040/1120]	[L1: 0.0338]	2.6+0.0s
[1080/1120]	[L1: 0.0339]	2.4+0.0s
[1120/1120]	[L1: 0.0340]	2.5+0.0s

Evaluation:
[RSSCN7 x4]	psnr: 27.303 (Best: 27.376 @epoch 24)
Total time: 7.45s

[Epoch 26]	Learning rate: 2.00e-4
[40/1120]	[L1: 0.0332]	3.0+0.1s
[80/1120]	[L1: 0.0352]	3.3+0.0s
[120/1120]	[L1: 0.0334]	3.8+0.0s
[160/1120]	[L1: 0.0337]	4.3+0.0s
[200/1120]	[L1: 0.0338]	3.4+0.0s
[240/1120]	[L1: 0.0344]	4.0+0.0s
[280/1120]	[L1: 0.0347]	4.0+0.0s
[320/1120]	[L1: 0.0344]	3.8+0.0s
[360/1120]	[L1: 0.0344]	4.0+0.0s
[400/1120]	[L1: 0.0345]	4.0+0.0s
[440/1120]	[L1: 0.0343]	4.0+0.1s
[480/1120]	[L1: 0.0342]	4.3+0.0s
[520/1120]	[L1: 0.0342]	4.0+0.0s
[560/1120]	[L1: 0.0341]	3.6+0.0s
[600/1120]	[L1: 0.0344]	3.6+0.0s
[640/1120]	[L1: 0.0345]	4.2+0.0s
[680/1120]	[L1: 0.0344]	3.5+0.0s
[720/1120]	[L1: 0.0342]	3.8+0.0s
[760/1120]	[L1: 0.0342]	4.3+0.0s
[800/1120]	[L1: 0.0343]	4.1+0.0s
[840/1120]	[L1: 0.0343]	3.8+0.0s
[880/1120]	[L1: 0.0344]	4.3+0.0s
[920/1120]	[L1: 0.0341]	3.8+0.0s
[960/1120]	[L1: 0.0342]	4.0+0.0s
[1000/1120]	[L1: 0.0342]	4.0+0.0s
[1040/1120]	[L1: 0.0341]	3.8+0.0s
[1080/1120]	[L1: 0.0342]	3.4+0.0s
[1120/1120]	[L1: 0.0341]	2.9+0.0s

Evaluation:
[RSSCN7 x4]	psnr: 27.310 (Best: 27.376 @epoch 24)
Total time: 7.51s

[Epoch 27]	Learning rate: 2.00e-4
[40/1120]	[L1: 0.0384]	2.4+0.0s
[80/1120]	[L1: 0.0379]	2.3+0.0s
[120/1120]	[L1: 0.0362]	2.3+0.0s
[160/1120]	[L1: 0.0349]	2.4+0.0s
[200/1120]	[L1: 0.0346]	2.6+0.0s
[240/1120]	[L1: 0.0352]	2.5+0.0s
[280/1120]	[L1: 0.0348]	2.6+0.0s
[320/1120]	[L1: 0.0347]	2.6+0.0s
[360/1120]	[L1: 0.0347]	3.0+0.0s
[400/1120]	[L1: 0.0352]	3.0+0.0s
[440/1120]	[L1: 0.0350]	2.7+0.0s
[480/1120]	[L1: 0.0350]	2.9+0.0s
[520/1120]	[L1: 0.0346]	2.8+0.0s
[560/1120]	[L1: 0.0344]	2.5+0.0s
[600/1120]	[L1: 0.0342]	2.5+0.0s
[640/1120]	[L1: 0.0342]	2.5+0.0s
[680/1120]	[L1: 0.0340]	2.5+0.0s
[720/1120]	[L1: 0.0340]	2.6+0.0s
[760/1120]	[L1: 0.0340]	2.5+0.0s
[800/1120]	[L1: 0.0341]	2.5+0.0s
[840/1120]	[L1: 0.0342]	2.6+0.0s
[880/1120]	[L1: 0.0343]	2.6+0.0s
[920/1120]	[L1: 0.0342]	2.9+0.0s
[960/1120]	[L1: 0.0341]	3.4+0.0s
[1000/1120]	[L1: 0.0340]	3.5+0.0s
[1040/1120]	[L1: 0.0341]	3.3+0.0s
[1080/1120]	[L1: 0.0340]	3.4+0.0s
[1120/1120]	[L1: 0.0340]	3.6+0.0s

Evaluation:
[RSSCN7 x4]	psnr: 27.383 (Best: 27.383 @epoch 27)
Total time: 9.57s

[Epoch 28]	Learning rate: 2.00e-4
[40/1120]	[L1: 0.0363]	3.9+0.0s
[80/1120]	[L1: 0.0353]	4.0+0.0s
[120/1120]	[L1: 0.0333]	4.0+0.0s
[160/1120]	[L1: 0.0342]	4.0+0.0s
[200/1120]	[L1: 0.0351]	3.9+0.1s
[240/1120]	[L1: 0.0358]	4.0+0.1s
[280/1120]	[L1: 0.0353]	3.9+0.0s
[320/1120]	[L1: 0.0348]	4.0+0.0s
[360/1120]	[L1: 0.0348]	3.8+0.0s
[400/1120]	[L1: 0.0349]	3.6+0.0s
[440/1120]	[L1: 0.0346]	3.9+0.0s
[480/1120]	[L1: 0.0348]	4.4+0.1s
[520/1120]	[L1: 0.0344]	3.9+0.0s
[560/1120]	[L1: 0.0344]	3.9+0.0s
[600/1120]	[L1: 0.0343]	3.8+0.0s
[640/1120]	[L1: 0.0342]	3.8+0.0s
[680/1120]	[L1: 0.0341]	3.9+0.0s
[720/1120]	[L1: 0.0342]	3.6+0.0s
[760/1120]	[L1: 0.0341]	2.9+0.0s
[800/1120]	[L1: 0.0343]	3.0+0.0s
[840/1120]	[L1: 0.0345]	2.7+0.0s
[880/1120]	[L1: 0.0344]	2.9+0.0s
[920/1120]	[L1: 0.0343]	2.9+0.0s
[960/1120]	[L1: 0.0343]	2.7+0.0s
[1000/1120]	[L1: 0.0341]	2.8+0.0s
[1040/1120]	[L1: 0.0340]	2.4+0.0s
[1080/1120]	[L1: 0.0339]	2.4+0.0s
[1120/1120]	[L1: 0.0339]	2.5+0.0s

Evaluation:
[RSSCN7 x4]	psnr: 27.368 (Best: 27.383 @epoch 27)
Total time: 7.45s

[Epoch 29]	Learning rate: 2.00e-4
[40/1120]	[L1: 0.0363]	2.4+0.1s
[80/1120]	[L1: 0.0353]	2.4+0.0s
[120/1120]	[L1: 0.0338]	2.4+0.0s
[160/1120]	[L1: 0.0336]	2.4+0.0s
[200/1120]	[L1: 0.0333]	2.5+0.0s
[240/1120]	[L1: 0.0330]	2.6+0.0s
[280/1120]	[L1: 0.0334]	2.7+0.0s
[320/1120]	[L1: 0.0336]	2.4+0.0s
[360/1120]	[L1: 0.0338]	2.4+0.0s
[400/1120]	[L1: 0.0340]	2.4+0.0s
[440/1120]	[L1: 0.0337]	2.3+0.0s
[480/1120]	[L1: 0.0337]	2.4+0.0s
[520/1120]	[L1: 0.0340]	2.3+0.0s
[560/1120]	[L1: 0.0338]	2.4+0.0s
[600/1120]	[L1: 0.0338]	2.3+0.0s
[640/1120]	[L1: 0.0340]	2.3+0.0s
[680/1120]	[L1: 0.0337]	2.5+0.0s
[720/1120]	[L1: 0.0335]	3.5+0.0s
[760/1120]	[L1: 0.0334]	3.9+0.0s
[800/1120]	[L1: 0.0334]	3.7+0.0s
[840/1120]	[L1: 0.0335]	3.9+0.0s
[880/1120]	[L1: 0.0336]	4.6+0.0s
[920/1120]	[L1: 0.0337]	4.4+0.0s
[960/1120]	[L1: 0.0336]	4.0+0.1s
[1000/1120]	[L1: 0.0337]	4.2+0.0s
[1040/1120]	[L1: 0.0337]	4.1+0.0s
[1080/1120]	[L1: 0.0338]	3.9+0.0s
[1120/1120]	[L1: 0.0339]	4.0+0.0s

Evaluation:
[RSSCN7 x4]	psnr: 27.033 (Best: 27.383 @epoch 27)
Total time: 9.66s

[Epoch 30]	Learning rate: 2.00e-4
[40/1120]	[L1: 0.0333]	4.0+0.1s
[80/1120]	[L1: 0.0341]	4.2+0.0s
[120/1120]	[L1: 0.0317]	5.0+0.0s
[160/1120]	[L1: 0.0328]	5.2+0.0s
[200/1120]	[L1: 0.0321]	4.5+0.0s
[240/1120]	[L1: 0.0324]	4.1+0.0s
[280/1120]	[L1: 0.0325]	3.6+0.0s
[320/1120]	[L1: 0.0324]	3.7+0.0s
[360/1120]	[L1: 0.0326]	4.3+0.0s
[400/1120]	[L1: 0.0328]	3.7+0.0s
[440/1120]	[L1: 0.0329]	3.8+0.0s
[480/1120]	[L1: 0.0327]	3.2+0.0s
[520/1120]	[L1: 0.0331]	3.0+0.0s
[560/1120]	[L1: 0.0332]	3.0+0.0s
[600/1120]	[L1: 0.0333]	2.9+0.0s
[640/1120]	[L1: 0.0333]	2.9+0.0s
[680/1120]	[L1: 0.0332]	2.7+0.0s
[720/1120]	[L1: 0.0331]	2.5+0.0s
[760/1120]	[L1: 0.0333]	2.5+0.0s
[800/1120]	[L1: 0.0335]	2.5+0.0s
[840/1120]	[L1: 0.0337]	2.3+0.0s
[880/1120]	[L1: 0.0336]	2.7+0.0s
[920/1120]	[L1: 0.0337]	2.4+0.0s
[960/1120]	[L1: 0.0337]	2.4+0.0s
[1000/1120]	[L1: 0.0337]	2.7+0.0s
[1040/1120]	[L1: 0.0336]	2.9+0.0s
[1080/1120]	[L1: 0.0338]	2.8+0.0s
[1120/1120]	[L1: 0.0338]	2.3+0.0s

Evaluation:
[RSSCN7 x4]	psnr: 27.254 (Best: 27.383 @epoch 27)
Total time: 7.45s

[Epoch 31]	Learning rate: 2.00e-4
[40/1120]	[L1: 0.0361]	2.9+0.1s
[80/1120]	[L1: 0.0336]	2.5+0.0s
[120/1120]	[L1: 0.0330]	2.4+0.0s
[160/1120]	[L1: 0.0345]	2.4+0.0s
[200/1120]	[L1: 0.0336]	2.5+0.0s
[240/1120]	[L1: 0.0339]	2.5+0.0s
[280/1120]	[L1: 0.0336]	2.6+0.0s
[320/1120]	[L1: 0.0344]	2.4+0.0s
[360/1120]	[L1: 0.0342]	2.7+0.0s
[400/1120]	[L1: 0.0336]	3.5+0.0s
[440/1120]	[L1: 0.0339]	3.7+0.0s
[480/1120]	[L1: 0.0338]	3.9+0.0s
[520/1120]	[L1: 0.0341]	4.1+0.0s
[560/1120]	[L1: 0.0338]	4.8+0.0s
[600/1120]	[L1: 0.0336]	5.6+0.0s
[640/1120]	[L1: 0.0334]	5.4+0.0s
[680/1120]	[L1: 0.0337]	4.3+0.1s
[720/1120]	[L1: 0.0339]	4.1+0.0s
[760/1120]	[L1: 0.0340]	3.8+0.0s
[800/1120]	[L1: 0.0339]	4.1+0.0s
[840/1120]	[L1: 0.0340]	4.3+0.0s
[880/1120]	[L1: 0.0340]	4.7+0.0s
[920/1120]	[L1: 0.0337]	3.8+0.0s
[960/1120]	[L1: 0.0338]	4.0+0.0s
[1000/1120]	[L1: 0.0336]	3.9+0.0s
[1040/1120]	[L1: 0.0336]	4.1+0.0s
[1080/1120]	[L1: 0.0337]	4.0+0.0s
[1120/1120]	[L1: 0.0338]	3.9+0.0s

Evaluation:
[RSSCN7 x4]	psnr: 27.305 (Best: 27.383 @epoch 27)
Total time: 8.86s

[Epoch 32]	Learning rate: 2.00e-4
[40/1120]	[L1: 0.0301]	3.9+0.0s
[80/1120]	[L1: 0.0297]	4.0+0.0s
[120/1120]	[L1: 0.0312]	3.7+0.0s
[160/1120]	[L1: 0.0323]	3.4+0.0s
[200/1120]	[L1: 0.0328]	3.0+0.0s
[240/1120]	[L1: 0.0332]	2.9+0.0s
[280/1120]	[L1: 0.0330]	2.9+0.0s
[320/1120]	[L1: 0.0337]	3.2+0.0s
[360/1120]	[L1: 0.0336]	2.8+0.0s
[400/1120]	[L1: 0.0340]	2.8+0.0s
[440/1120]	[L1: 0.0343]	2.8+0.0s
[480/1120]	[L1: 0.0341]	2.9+0.0s
[520/1120]	[L1: 0.0339]	2.9+0.0s
[560/1120]	[L1: 0.0341]	2.9+0.0s
[600/1120]	[L1: 0.0343]	3.1+0.0s
[640/1120]	[L1: 0.0342]	2.9+0.0s
[680/1120]	[L1: 0.0341]	2.8+0.0s
[720/1120]	[L1: 0.0339]	2.9+0.0s
[760/1120]	[L1: 0.0337]	2.9+0.0s
[800/1120]	[L1: 0.0338]	3.1+0.0s
[840/1120]	[L1: 0.0339]	3.0+0.0s
[880/1120]	[L1: 0.0339]	2.6+0.0s
[920/1120]	[L1: 0.0339]	2.6+0.0s
[960/1120]	[L1: 0.0341]	2.9+0.0s
[1000/1120]	[L1: 0.0340]	2.8+0.0s
[1040/1120]	[L1: 0.0340]	2.8+0.0s
[1080/1120]	[L1: 0.0339]	3.0+0.0s
[1120/1120]	[L1: 0.0339]	2.7+0.0s

Evaluation:
[RSSCN7 x4]	psnr: 27.225 (Best: 27.383 @epoch 27)
Total time: 7.56s

[Epoch 33]	Learning rate: 2.00e-4
[40/1120]	[L1: 0.0309]	3.9+0.1s
[80/1120]	[L1: 0.0337]	3.9+0.0s
[120/1120]	[L1: 0.0318]	3.7+0.0s
[160/1120]	[L1: 0.0320]	4.0+0.0s
[200/1120]	[L1: 0.0329]	4.1+0.1s
[240/1120]	[L1: 0.0324]	3.8+0.0s
[280/1120]	[L1: 0.0328]	3.9+0.0s
[320/1120]	[L1: 0.0326]	4.2+0.0s
[360/1120]	[L1: 0.0334]	3.6+0.0s
[400/1120]	[L1: 0.0340]	3.6+0.0s
[440/1120]	[L1: 0.0339]	3.9+0.0s
[480/1120]	[L1: 0.0340]	3.5+0.0s
[520/1120]	[L1: 0.0337]	3.4+0.0s
[560/1120]	[L1: 0.0340]	3.7+0.0s
[600/1120]	[L1: 0.0340]	3.9+0.0s
[640/1120]	[L1: 0.0340]	4.0+0.0s
[680/1120]	[L1: 0.0343]	4.0+0.0s
[720/1120]	[L1: 0.0341]	4.1+0.0s
[760/1120]	[L1: 0.0340]	4.1+0.0s
[800/1120]	[L1: 0.0339]	3.9+0.0s
[840/1120]	[L1: 0.0340]	4.1+0.0s
[880/1120]	[L1: 0.0339]	3.7+0.0s
[920/1120]	[L1: 0.0340]	3.6+0.0s
[960/1120]	[L1: 0.0338]	3.5+0.0s
[1000/1120]	[L1: 0.0338]	3.8+0.0s
[1040/1120]	[L1: 0.0337]	3.1+0.0s
[1080/1120]	[L1: 0.0337]	2.9+0.0s
[1120/1120]	[L1: 0.0339]	2.9+0.0s

Evaluation:
[RSSCN7 x4]	psnr: 27.405 (Best: 27.405 @epoch 33)
Total time: 7.61s

[Epoch 34]	Learning rate: 2.00e-4
[40/1120]	[L1: 0.0328]	3.0+0.1s
[80/1120]	[L1: 0.0336]	2.6+0.0s
[120/1120]	[L1: 0.0322]	2.4+0.0s
[160/1120]	[L1: 0.0336]	2.5+0.0s
[200/1120]	[L1: 0.0339]	2.4+0.0s
[240/1120]	[L1: 0.0337]	2.5+0.0s
[280/1120]	[L1: 0.0339]	2.5+0.0s
[320/1120]	[L1: 0.0339]	2.4+0.0s
[360/1120]	[L1: 0.0339]	2.4+0.0s
[400/1120]	[L1: 0.0339]	2.4+0.0s
[440/1120]	[L1: 0.0339]	2.3+0.0s
[480/1120]	[L1: 0.0342]	2.3+0.0s
[520/1120]	[L1: 0.0341]	2.4+0.0s
[560/1120]	[L1: 0.0340]	2.3+0.0s
[600/1120]	[L1: 0.0343]	2.3+0.0s
[640/1120]	[L1: 0.0344]	2.4+0.0s
[680/1120]	[L1: 0.0347]	2.3+0.0s
[720/1120]	[L1: 0.0346]	2.3+0.0s
[760/1120]	[L1: 0.0346]	2.4+0.0s
[800/1120]	[L1: 0.0346]	2.3+0.0s
[840/1120]	[L1: 0.0347]	2.3+0.0s
[880/1120]	[L1: 0.0345]	2.4+0.0s
[920/1120]	[L1: 0.0347]	2.3+0.0s
[960/1120]	[L1: 0.0344]	2.4+0.0s
[1000/1120]	[L1: 0.0344]	3.3+0.0s
[1040/1120]	[L1: 0.0343]	4.0+0.0s
[1080/1120]	[L1: 0.0342]	3.8+0.0s
[1120/1120]	[L1: 0.0342]	4.3+0.0s

Evaluation:
[RSSCN7 x4]	psnr: 27.183 (Best: 27.405 @epoch 33)
Total time: 10.14s

[Epoch 35]	Learning rate: 2.00e-4
[40/1120]	[L1: 0.0358]	3.6+0.1s
[80/1120]	[L1: 0.0340]	3.7+0.0s
[120/1120]	[L1: 0.0329]	3.7+0.0s
[160/1120]	[L1: 0.0337]	3.8+0.1s
[200/1120]	[L1: 0.0349]	3.8+0.0s
[240/1120]	[L1: 0.0357]	4.4+0.0s
[280/1120]	[L1: 0.0352]	3.7+0.0s
[320/1120]	[L1: 0.0357]	3.5+0.0s
[360/1120]	[L1: 0.0353]	3.8+0.0s
[400/1120]	[L1: 0.0351]	4.3+0.0s
[440/1120]	[L1: 0.0351]	4.0+0.0s
[480/1120]	[L1: 0.0351]	4.3+0.0s
[520/1120]	[L1: 0.0350]	4.1+0.0s
[560/1120]	[L1: 0.0347]	3.7+0.0s
[600/1120]	[L1: 0.0346]	3.6+0.0s
[640/1120]	[L1: 0.0342]	3.6+0.0s
[680/1120]	[L1: 0.0341]	3.7+0.0s
[720/1120]	[L1: 0.0343]	3.9+0.0s
[760/1120]	[L1: 0.0340]	3.9+0.0s
[800/1120]	[L1: 0.0340]	3.0+0.0s
[840/1120]	[L1: 0.0340]	2.9+0.0s
[880/1120]	[L1: 0.0340]	2.8+0.0s
[920/1120]	[L1: 0.0340]	2.4+0.0s
[960/1120]	[L1: 0.0339]	2.4+0.0s
[1000/1120]	[L1: 0.0339]	2.3+0.0s
[1040/1120]	[L1: 0.0339]	2.3+0.0s
[1080/1120]	[L1: 0.0338]	2.4+0.0s
[1120/1120]	[L1: 0.0337]	2.4+0.0s

Evaluation:
[RSSCN7 x4]	psnr: 27.120 (Best: 27.405 @epoch 33)
Total time: 7.44s

[Epoch 36]	Learning rate: 2.00e-4
[40/1120]	[L1: 0.0363]	2.5+0.0s
[80/1120]	[L1: 0.0383]	2.4+0.0s
[120/1120]	[L1: 0.0359]	2.3+0.0s
[160/1120]	[L1: 0.0353]	2.3+0.0s
[200/1120]	[L1: 0.0350]	2.4+0.0s
[240/1120]	[L1: 0.0343]	2.4+0.0s
[280/1120]	[L1: 0.0346]	2.4+0.0s
[320/1120]	[L1: 0.0344]	2.6+0.0s
[360/1120]	[L1: 0.0345]	2.7+0.0s
[400/1120]	[L1: 0.0346]	2.3+0.0s
[440/1120]	[L1: 0.0344]	2.3+0.0s
[480/1120]	[L1: 0.0343]	2.3+0.0s
[520/1120]	[L1: 0.0340]	2.3+0.0s
[560/1120]	[L1: 0.0340]	2.4+0.0s
[600/1120]	[L1: 0.0339]	2.3+0.0s
[640/1120]	[L1: 0.0339]	2.3+0.0s
[680/1120]	[L1: 0.0339]	2.3+0.0s
[720/1120]	[L1: 0.0339]	2.4+0.0s
[760/1120]	[L1: 0.0337]	3.1+0.0s
[800/1120]	[L1: 0.0337]	3.2+0.0s
[840/1120]	[L1: 0.0336]	3.8+0.0s
[880/1120]	[L1: 0.0338]	4.2+0.0s
[920/1120]	[L1: 0.0338]	4.0+0.0s
[960/1120]	[L1: 0.0337]	3.9+0.0s
[1000/1120]	[L1: 0.0337]	4.1+0.0s
[1040/1120]	[L1: 0.0336]	4.0+0.0s
[1080/1120]	[L1: 0.0335]	4.0+0.0s
[1120/1120]	[L1: 0.0335]	3.9+0.0s

Evaluation:
[RSSCN7 x4]	psnr: 27.326 (Best: 27.405 @epoch 33)
Total time: 8.94s

[Epoch 37]	Learning rate: 2.00e-4
[40/1120]	[L1: 0.0316]	3.7+0.1s
[80/1120]	[L1: 0.0317]	3.8+0.0s
[120/1120]	[L1: 0.0316]	4.0+0.0s
[160/1120]	[L1: 0.0320]	4.0+0.0s
[200/1120]	[L1: 0.0331]	4.0+0.0s
[240/1120]	[L1: 0.0325]	3.8+0.0s
[280/1120]	[L1: 0.0333]	3.9+0.0s
[320/1120]	[L1: 0.0331]	3.9+0.0s
[360/1120]	[L1: 0.0332]	3.7+0.0s
[400/1120]	[L1: 0.0330]	4.0+0.0s
[440/1120]	[L1: 0.0332]	3.6+0.0s
[480/1120]	[L1: 0.0334]	3.8+0.0s
[520/1120]	[L1: 0.0334]	3.7+0.0s
[560/1120]	[L1: 0.0333]	3.0+0.0s
[600/1120]	[L1: 0.0333]	3.0+0.0s
[640/1120]	[L1: 0.0334]	2.5+0.0s
[680/1120]	[L1: 0.0332]	2.5+0.0s
[720/1120]	[L1: 0.0332]	2.4+0.0s
[760/1120]	[L1: 0.0332]	2.4+0.0s
[800/1120]	[L1: 0.0333]	2.6+0.0s
[840/1120]	[L1: 0.0334]	3.0+0.0s
[880/1120]	[L1: 0.0336]	2.4+0.0s
[920/1120]	[L1: 0.0335]	2.4+0.0s
[960/1120]	[L1: 0.0336]	2.4+0.0s
[1000/1120]	[L1: 0.0336]	2.5+0.0s
[1040/1120]	[L1: 0.0336]	2.6+0.0s
[1080/1120]	[L1: 0.0335]	2.4+0.0s
[1120/1120]	[L1: 0.0336]	2.4+0.0s

Evaluation:
[RSSCN7 x4]	psnr: 27.286 (Best: 27.405 @epoch 33)
Total time: 7.47s

[Epoch 38]	Learning rate: 2.00e-4
[40/1120]	[L1: 0.0376]	3.0+0.0s
[80/1120]	[L1: 0.0335]	2.9+0.0s
[120/1120]	[L1: 0.0336]	2.9+0.0s
[160/1120]	[L1: 0.0333]	2.8+0.0s
[200/1120]	[L1: 0.0324]	2.8+0.0s
[240/1120]	[L1: 0.0329]	2.8+0.0s
[280/1120]	[L1: 0.0333]	2.9+0.0s
[320/1120]	[L1: 0.0333]	2.8+0.0s
[360/1120]	[L1: 0.0333]	2.8+0.0s
[400/1120]	[L1: 0.0332]	2.8+0.0s
[440/1120]	[L1: 0.0334]	3.2+0.0s
[480/1120]	[L1: 0.0334]	3.7+0.0s
[520/1120]	[L1: 0.0336]	3.9+0.0s
[560/1120]	[L1: 0.0337]	4.3+0.0s
[600/1120]	[L1: 0.0336]	3.7+0.0s
[640/1120]	[L1: 0.0338]	3.6+0.0s
[680/1120]	[L1: 0.0339]	4.0+0.0s
[720/1120]	[L1: 0.0338]	4.5+0.0s
[760/1120]	[L1: 0.0334]	3.8+0.0s
[800/1120]	[L1: 0.0334]	4.1+0.0s
[840/1120]	[L1: 0.0336]	4.1+0.0s
[880/1120]	[L1: 0.0336]	3.9+0.0s
[920/1120]	[L1: 0.0337]	4.5+0.0s
[960/1120]	[L1: 0.0338]	3.6+0.0s
[1000/1120]	[L1: 0.0338]	4.0+0.0s
[1040/1120]	[L1: 0.0337]	3.8+0.0s
[1080/1120]	[L1: 0.0337]	4.0+0.0s
[1120/1120]	[L1: 0.0336]	3.7+0.0s

Evaluation:
[RSSCN7 x4]	psnr: 27.458 (Best: 27.458 @epoch 38)
Total time: 9.48s

[Epoch 39]	Learning rate: 2.00e-4
[40/1120]	[L1: 0.0335]	3.6+0.0s
[80/1120]	[L1: 0.0337]	3.5+0.0s
[120/1120]	[L1: 0.0330]	3.9+0.0s
[160/1120]	[L1: 0.0320]	3.8+0.0s
[200/1120]	[L1: 0.0323]	3.4+0.0s
[240/1120]	[L1: 0.0328]	3.2+0.0s
[280/1120]	[L1: 0.0330]	2.8+0.0s
[320/1120]	[L1: 0.0332]	2.5+0.0s
[360/1120]	[L1: 0.0337]	2.7+0.0s
[400/1120]	[L1: 0.0333]	2.9+0.0s
[440/1120]	[L1: 0.0336]	2.8+0.0s
[480/1120]	[L1: 0.0333]	2.8+0.0s
[520/1120]	[L1: 0.0335]	2.4+0.0s
[560/1120]	[L1: 0.0331]	2.3+0.0s
[600/1120]	[L1: 0.0331]	2.7+0.0s
[640/1120]	[L1: 0.0333]	3.0+0.0s
[680/1120]	[L1: 0.0334]	2.8+0.0s
[720/1120]	[L1: 0.0334]	2.5+0.0s
[760/1120]	[L1: 0.0334]	2.4+0.0s
[800/1120]	[L1: 0.0333]	2.4+0.0s
[840/1120]	[L1: 0.0334]	2.4+0.0s
[880/1120]	[L1: 0.0332]	2.3+0.0s
[920/1120]	[L1: 0.0333]	2.3+0.0s
[960/1120]	[L1: 0.0333]	2.5+0.0s
[1000/1120]	[L1: 0.0335]	2.7+0.0s
[1040/1120]	[L1: 0.0334]	2.4+0.0s
[1080/1120]	[L1: 0.0334]	2.3+0.0s
[1120/1120]	[L1: 0.0334]	2.3+0.0s

Evaluation:
[RSSCN7 x4]	psnr: 27.406 (Best: 27.458 @epoch 38)
Total time: 7.55s

[Epoch 40]	Learning rate: 2.00e-4
[40/1120]	[L1: 0.0375]	2.5+0.0s
[80/1120]	[L1: 0.0343]	2.4+0.0s
[120/1120]	[L1: 0.0335]	2.4+0.0s
[160/1120]	[L1: 0.0334]	2.6+0.0s
[200/1120]	[L1: 0.0337]	2.9+0.0s
[240/1120]	[L1: 0.0343]	3.3+0.0s
[280/1120]	[L1: 0.0345]	3.7+0.0s
[320/1120]	[L1: 0.0339]	3.8+0.0s
[360/1120]	[L1: 0.0335]	4.0+0.0s
[400/1120]	[L1: 0.0332]	4.2+0.0s
[440/1120]	[L1: 0.0329]	4.1+0.0s
[480/1120]	[L1: 0.0326]	4.0+0.0s
[520/1120]	[L1: 0.0324]	3.9+0.0s
[560/1120]	[L1: 0.0330]	4.2+0.0s
[600/1120]	[L1: 0.0332]	3.7+0.0s
[640/1120]	[L1: 0.0331]	3.8+0.0s
[680/1120]	[L1: 0.0332]	3.8+0.0s
[720/1120]	[L1: 0.0331]	3.7+0.0s
[760/1120]	[L1: 0.0330]	4.0+0.1s
[800/1120]	[L1: 0.0332]	3.8+0.0s
[840/1120]	[L1: 0.0333]	3.7+0.0s
[880/1120]	[L1: 0.0333]	3.9+0.0s
[920/1120]	[L1: 0.0334]	3.8+0.0s
[960/1120]	[L1: 0.0334]	4.6+0.0s
[1000/1120]	[L1: 0.0335]	4.0+0.0s
[1040/1120]	[L1: 0.0335]	3.8+0.0s
[1080/1120]	[L1: 0.0334]	3.8+0.0s
[1120/1120]	[L1: 0.0334]	4.0+0.0s

Evaluation:
[RSSCN7 x4]	psnr: 27.167 (Best: 27.458 @epoch 38)
Total time: 9.51s

[Epoch 41]	Learning rate: 2.00e-4
[40/1120]	[L1: 0.0335]	3.2+0.0s
[80/1120]	[L1: 0.0328]	3.0+0.0s
[120/1120]	[L1: 0.0344]	2.9+0.0s
[160/1120]	[L1: 0.0343]	3.1+0.0s
[200/1120]	[L1: 0.0340]	3.0+0.0s
[240/1120]	[L1: 0.0338]	2.9+0.0s
[280/1120]	[L1: 0.0340]	2.7+0.0s
[320/1120]	[L1: 0.0339]	2.4+0.0s
[360/1120]	[L1: 0.0342]	2.5+0.0s
[400/1120]	[L1: 0.0338]	2.4+0.0s
[440/1120]	[L1: 0.0336]	2.3+0.0s
[480/1120]	[L1: 0.0334]	2.3+0.0s
[520/1120]	[L1: 0.0331]	2.4+0.0s
[560/1120]	[L1: 0.0329]	2.4+0.0s
[600/1120]	[L1: 0.0332]	2.5+0.0s
[640/1120]	[L1: 0.0330]	2.4+0.0s
[680/1120]	[L1: 0.0330]	2.5+0.0s
[720/1120]	[L1: 0.0330]	2.4+0.0s
[760/1120]	[L1: 0.0331]	2.7+0.0s
[800/1120]	[L1: 0.0333]	2.9+0.0s
[840/1120]	[L1: 0.0331]	2.3+0.0s
[880/1120]	[L1: 0.0332]	2.3+0.0s
[920/1120]	[L1: 0.0331]	2.3+0.0s
[960/1120]	[L1: 0.0331]	2.3+0.0s
[1000/1120]	[L1: 0.0333]	2.4+0.0s
[1040/1120]	[L1: 0.0333]	2.5+0.0s
[1080/1120]	[L1: 0.0334]	2.3+0.0s
[1120/1120]	[L1: 0.0335]	2.3+0.0s

Evaluation:
[RSSCN7 x4]	psnr: 27.349 (Best: 27.458 @epoch 38)
Total time: 7.75s

[Epoch 42]	Learning rate: 2.00e-4
[40/1120]	[L1: 0.0363]	4.1+0.1s
[80/1120]	[L1: 0.0344]	3.8+0.0s
[120/1120]	[L1: 0.0334]	4.0+0.0s
[160/1120]	[L1: 0.0336]	3.8+0.0s
[200/1120]	[L1: 0.0332]	4.0+0.0s
[240/1120]	[L1: 0.0333]	4.0+0.0s
[280/1120]	[L1: 0.0332]	3.8+0.0s
[320/1120]	[L1: 0.0327]	4.0+0.0s
[360/1120]	[L1: 0.0329]	3.8+0.0s
[400/1120]	[L1: 0.0327]	3.7+0.0s
[440/1120]	[L1: 0.0332]	3.8+0.0s
[480/1120]	[L1: 0.0337]	4.1+0.0s
[520/1120]	[L1: 0.0337]	4.0+0.0s
[560/1120]	[L1: 0.0339]	4.1+0.0s
[600/1120]	[L1: 0.0338]	3.7+0.0s
[640/1120]	[L1: 0.0336]	3.7+0.0s
[680/1120]	[L1: 0.0335]	4.0+0.0s
[720/1120]	[L1: 0.0338]	4.4+0.0s
[760/1120]	[L1: 0.0337]	4.4+0.0s
[800/1120]	[L1: 0.0337]	3.9+0.0s
[840/1120]	[L1: 0.0336]	3.9+0.0s
[880/1120]	[L1: 0.0336]	3.9+0.0s
[920/1120]	[L1: 0.0334]	3.6+0.0s
[960/1120]	[L1: 0.0335]	3.6+0.0s
[1000/1120]	[L1: 0.0335]	3.6+0.0s
[1040/1120]	[L1: 0.0334]	3.0+0.0s
[1080/1120]	[L1: 0.0333]	2.6+0.0s
[1120/1120]	[L1: 0.0334]	2.6+0.0s

Evaluation:
[RSSCN7 x4]	psnr: 27.491 (Best: 27.491 @epoch 42)
Total time: 7.57s

[Epoch 43]	Learning rate: 2.00e-4
[40/1120]	[L1: 0.0351]	2.5+0.0s
[80/1120]	[L1: 0.0330]	2.3+0.0s
[120/1120]	[L1: 0.0333]	2.5+0.0s
[160/1120]	[L1: 0.0342]	2.4+0.0s
[200/1120]	[L1: 0.0344]	2.4+0.0s
[240/1120]	[L1: 0.0339]	2.3+0.0s
[280/1120]	[L1: 0.0337]	2.4+0.0s
[320/1120]	[L1: 0.0337]	2.3+0.0s
[360/1120]	[L1: 0.0334]	2.4+0.0s
[400/1120]	[L1: 0.0335]	2.3+0.0s
[440/1120]	[L1: 0.0338]	2.4+0.0s
[480/1120]	[L1: 0.0337]	2.3+0.0s
[520/1120]	[L1: 0.0336]	2.3+0.0s
[560/1120]	[L1: 0.0337]	2.4+0.0s
[600/1120]	[L1: 0.0334]	2.3+0.0s
[640/1120]	[L1: 0.0336]	2.4+0.0s
[680/1120]	[L1: 0.0334]	2.3+0.0s
[720/1120]	[L1: 0.0335]	2.4+0.0s
[760/1120]	[L1: 0.0337]	2.3+0.0s
[800/1120]	[L1: 0.0339]	2.4+0.0s
[840/1120]	[L1: 0.0339]	2.3+0.0s
[880/1120]	[L1: 0.0340]	2.4+0.0s
[920/1120]	[L1: 0.0339]	2.3+0.0s
[960/1120]	[L1: 0.0338]	2.4+0.0s
[1000/1120]	[L1: 0.0335]	2.3+0.0s
[1040/1120]	[L1: 0.0335]	3.5+0.0s
[1080/1120]	[L1: 0.0337]	3.5+0.0s
[1120/1120]	[L1: 0.0336]	3.9+0.0s

Evaluation:
[RSSCN7 x4]	psnr: 27.344 (Best: 27.491 @epoch 42)
Total time: 9.60s

[Epoch 44]	Learning rate: 2.00e-4
[40/1120]	[L1: 0.0334]	4.0+0.0s
[80/1120]	[L1: 0.0333]	3.9+0.0s
[120/1120]	[L1: 0.0324]	4.1+0.0s
[160/1120]	[L1: 0.0329]	3.8+0.0s
[200/1120]	[L1: 0.0327]	4.4+0.0s
[240/1120]	[L1: 0.0330]	4.1+0.0s
[280/1120]	[L1: 0.0333]	4.0+0.0s
[320/1120]	[L1: 0.0332]	4.0+0.0s
[360/1120]	[L1: 0.0333]	3.8+0.0s
[400/1120]	[L1: 0.0336]	3.9+0.0s
[440/1120]	[L1: 0.0332]	4.1+0.1s
[480/1120]	[L1: 0.0328]	3.7+0.0s
[520/1120]	[L1: 0.0327]	4.1+0.0s
[560/1120]	[L1: 0.0328]	4.2+0.0s
[600/1120]	[L1: 0.0331]	3.6+0.1s
[640/1120]	[L1: 0.0332]	3.9+0.0s
[680/1120]	[L1: 0.0333]	3.6+0.0s
[720/1120]	[L1: 0.0333]	3.6+0.1s
[760/1120]	[L1: 0.0331]	3.7+0.0s
[800/1120]	[L1: 0.0331]	3.8+0.0s
[840/1120]	[L1: 0.0330]	3.0+0.0s
[880/1120]	[L1: 0.0330]	2.5+0.0s
[920/1120]	[L1: 0.0328]	2.9+0.0s
[960/1120]	[L1: 0.0329]	2.8+0.0s
[1000/1120]	[L1: 0.0330]	2.9+0.0s
[1040/1120]	[L1: 0.0329]	2.8+0.0s
[1080/1120]	[L1: 0.0330]	2.5+0.0s
[1120/1120]	[L1: 0.0330]	2.4+0.0s

Evaluation:
[RSSCN7 x4]	psnr: 27.137 (Best: 27.491 @epoch 42)
Total time: 7.47s

[Epoch 45]	Learning rate: 2.00e-4
[40/1120]	[L1: 0.0290]	2.4+0.0s
[80/1120]	[L1: 0.0302]	2.4+0.0s
[120/1120]	[L1: 0.0305]	2.4+0.0s
[160/1120]	[L1: 0.0317]	2.4+0.0s
[200/1120]	[L1: 0.0329]	2.3+0.0s
[240/1120]	[L1: 0.0329]	2.4+0.0s
[280/1120]	[L1: 0.0328]	2.3+0.0s
[320/1120]	[L1: 0.0329]	2.3+0.0s
[360/1120]	[L1: 0.0330]	2.4+0.0s
[400/1120]	[L1: 0.0329]	2.3+0.0s
[440/1120]	[L1: 0.0330]	2.3+0.0s
[480/1120]	[L1: 0.0328]	2.4+0.0s
[520/1120]	[L1: 0.0329]	3.0+0.0s
[560/1120]	[L1: 0.0332]	2.8+0.0s
[600/1120]	[L1: 0.0332]	2.8+0.0s
[640/1120]	[L1: 0.0338]	2.9+0.0s
[680/1120]	[L1: 0.0336]	2.6+0.0s
[720/1120]	[L1: 0.0333]	2.4+0.0s
[760/1120]	[L1: 0.0333]	2.4+0.0s
[800/1120]	[L1: 0.0335]	2.7+0.0s
[840/1120]	[L1: 0.0335]	3.3+0.0s
[880/1120]	[L1: 0.0334]	4.1+0.0s
[920/1120]	[L1: 0.0332]	3.7+0.0s
[960/1120]	[L1: 0.0333]	3.9+0.0s
[1000/1120]	[L1: 0.0332]	4.1+0.0s
[1040/1120]	[L1: 0.0332]	4.3+0.0s
[1080/1120]	[L1: 0.0332]	4.0+0.0s
[1120/1120]	[L1: 0.0332]	3.7+0.0s

Evaluation:
[RSSCN7 x4]	psnr: 27.207 (Best: 27.491 @epoch 42)
Total time: 9.63s

[Epoch 46]	Learning rate: 2.00e-4
[40/1120]	[L1: 0.0362]	4.0+0.0s
[80/1120]	[L1: 0.0356]	4.4+0.0s
[120/1120]	[L1: 0.0359]	4.0+0.0s
[160/1120]	[L1: 0.0344]	3.8+0.0s
[200/1120]	[L1: 0.0336]	4.4+0.0s
[240/1120]	[L1: 0.0329]	3.8+0.0s
[280/1120]	[L1: 0.0326]	4.1+0.0s
[320/1120]	[L1: 0.0330]	3.8+0.0s
[360/1120]	[L1: 0.0331]	3.9+0.0s
[400/1120]	[L1: 0.0328]	4.0+0.0s
[440/1120]	[L1: 0.0333]	3.9+0.0s
[480/1120]	[L1: 0.0335]	3.6+0.0s
[520/1120]	[L1: 0.0337]	3.6+0.0s
[560/1120]	[L1: 0.0337]	4.0+0.0s
[600/1120]	[L1: 0.0336]	3.4+0.0s
[640/1120]	[L1: 0.0337]	3.0+0.0s
[680/1120]	[L1: 0.0336]	2.8+0.0s
[720/1120]	[L1: 0.0333]	2.5+0.0s
[760/1120]	[L1: 0.0333]	2.3+0.0s
[800/1120]	[L1: 0.0332]	2.5+0.0s
[840/1120]	[L1: 0.0330]	2.4+0.0s
[880/1120]	[L1: 0.0330]	2.6+0.0s
[920/1120]	[L1: 0.0330]	2.8+0.0s
[960/1120]	[L1: 0.0331]	2.9+0.0s
[1000/1120]	[L1: 0.0333]	2.8+0.0s
[1040/1120]	[L1: 0.0331]	2.4+0.0s
[1080/1120]	[L1: 0.0332]	2.3+0.0s
[1120/1120]	[L1: 0.0332]	2.4+0.0s

Evaluation:
[RSSCN7 x4]	psnr: 27.199 (Best: 27.491 @epoch 42)
Total time: 7.47s

[Epoch 47]	Learning rate: 2.00e-4
[40/1120]	[L1: 0.0361]	2.5+0.0s
[80/1120]	[L1: 0.0360]	2.9+0.0s
[120/1120]	[L1: 0.0343]	2.9+0.0s
[160/1120]	[L1: 0.0338]	2.8+0.0s
[200/1120]	[L1: 0.0333]	2.4+0.0s
[240/1120]	[L1: 0.0326]	2.5+0.0s
[280/1120]	[L1: 0.0327]	2.4+0.0s
[320/1120]	[L1: 0.0329]	2.4+0.0s
[360/1120]	[L1: 0.0332]	2.4+0.0s
[400/1120]	[L1: 0.0333]	2.3+0.0s
[440/1120]	[L1: 0.0334]	2.4+0.0s
[480/1120]	[L1: 0.0331]	2.6+0.0s
[520/1120]	[L1: 0.0330]	2.9+0.0s
[560/1120]	[L1: 0.0334]	3.3+0.0s
[600/1120]	[L1: 0.0333]	4.4+0.0s
[640/1120]	[L1: 0.0337]	4.3+0.0s
[680/1120]	[L1: 0.0337]	4.1+0.0s
[720/1120]	[L1: 0.0336]	3.8+0.0s
[760/1120]	[L1: 0.0336]	3.4+0.0s
[800/1120]	[L1: 0.0335]	4.0+0.0s
[840/1120]	[L1: 0.0336]	4.2+0.0s
[880/1120]	[L1: 0.0336]	3.9+0.0s
[920/1120]	[L1: 0.0334]	4.1+0.0s
[960/1120]	[L1: 0.0334]	4.4+0.0s
[1000/1120]	[L1: 0.0334]	4.2+0.0s
[1040/1120]	[L1: 0.0335]	3.9+0.0s
[1080/1120]	[L1: 0.0334]	4.0+0.0s
[1120/1120]	[L1: 0.0336]	4.0+0.0s

Evaluation:
[RSSCN7 x4]	psnr: 27.476 (Best: 27.491 @epoch 42)
Total time: 9.36s

[Epoch 48]	Learning rate: 2.00e-4
[40/1120]	[L1: 0.0320]	3.4+0.1s
[80/1120]	[L1: 0.0321]	3.3+0.0s
[120/1120]	[L1: 0.0328]	3.4+0.0s
[160/1120]	[L1: 0.0337]	3.6+0.0s
[200/1120]	[L1: 0.0341]	4.0+0.0s
[240/1120]	[L1: 0.0346]	3.6+0.0s
[280/1120]	[L1: 0.0346]	3.6+0.0s
[320/1120]	[L1: 0.0341]	3.6+0.0s
[360/1120]	[L1: 0.0334]	3.7+0.0s
[400/1120]	[L1: 0.0337]	2.9+0.0s
[440/1120]	[L1: 0.0335]	3.0+0.0s
[480/1120]	[L1: 0.0334]	2.8+0.0s
[520/1120]	[L1: 0.0334]	2.6+0.0s
[560/1120]	[L1: 0.0337]	2.5+0.0s
[600/1120]	[L1: 0.0338]	2.8+0.0s
[640/1120]	[L1: 0.0335]	2.9+0.0s
[680/1120]	[L1: 0.0335]	2.6+0.0s
[720/1120]	[L1: 0.0335]	2.9+0.0s
[760/1120]	[L1: 0.0335]	2.5+0.0s
[800/1120]	[L1: 0.0335]	2.4+0.0s
[840/1120]	[L1: 0.0335]	2.4+0.0s
[880/1120]	[L1: 0.0334]	2.5+0.0s
[920/1120]	[L1: 0.0333]	2.3+0.0s
[960/1120]	[L1: 0.0334]	2.6+0.0s
[1000/1120]	[L1: 0.0333]	2.4+0.0s
[1040/1120]	[L1: 0.0333]	2.5+0.0s
[1080/1120]	[L1: 0.0332]	2.3+0.0s
[1120/1120]	[L1: 0.0331]	2.4+0.0s

Evaluation:
[RSSCN7 x4]	psnr: 27.472 (Best: 27.491 @epoch 42)
Total time: 7.40s

[Epoch 49]	Learning rate: 2.00e-4
[40/1120]	[L1: 0.0340]	2.5+0.1s
[80/1120]	[L1: 0.0341]	2.5+0.0s
[120/1120]	[L1: 0.0338]	2.3+0.0s
[160/1120]	[L1: 0.0340]	2.3+0.0s
[200/1120]	[L1: 0.0347]	2.3+0.0s
[240/1120]	[L1: 0.0347]	2.4+0.0s
[280/1120]	[L1: 0.0338]	2.3+0.0s
[320/1120]	[L1: 0.0333]	2.4+0.0s
[360/1120]	[L1: 0.0333]	3.2+0.0s
[400/1120]	[L1: 0.0336]	3.0+0.0s
[440/1120]	[L1: 0.0336]	3.2+0.0s
[480/1120]	[L1: 0.0335]	3.1+0.0s
[520/1120]	[L1: 0.0337]	3.8+0.0s
[560/1120]	[L1: 0.0336]	3.3+0.0s
[600/1120]	[L1: 0.0331]	3.1+0.1s
[640/1120]	[L1: 0.0330]	3.4+0.0s
[680/1120]	[L1: 0.0333]	4.3+0.0s
[720/1120]	[L1: 0.0334]	3.7+0.0s
[760/1120]	[L1: 0.0333]	3.9+0.0s
[800/1120]	[L1: 0.0332]	4.0+0.0s
[840/1120]	[L1: 0.0333]	3.8+0.0s
[880/1120]	[L1: 0.0332]	4.0+0.0s
[920/1120]	[L1: 0.0332]	3.7+0.0s
[960/1120]	[L1: 0.0331]	4.0+0.0s
[1000/1120]	[L1: 0.0331]	4.1+0.0s
[1040/1120]	[L1: 0.0332]	4.2+0.1s
[1080/1120]	[L1: 0.0332]	4.1+0.0s
[1120/1120]	[L1: 0.0333]	3.8+0.0s

Evaluation:
[RSSCN7 x4]	psnr: 27.151 (Best: 27.491 @epoch 42)
Total time: 9.25s

[Epoch 50]	Learning rate: 2.00e-4
[40/1120]	[L1: 0.0289]	4.2+0.1s
[80/1120]	[L1: 0.0306]	3.8+0.1s
[120/1120]	[L1: 0.0323]	3.8+0.0s
[160/1120]	[L1: 0.0318]	4.1+0.0s
[200/1120]	[L1: 0.0326]	2.9+0.0s
[240/1120]	[L1: 0.0334]	2.8+0.0s
[280/1120]	[L1: 0.0329]	2.6+0.0s
[320/1120]	[L1: 0.0324]	2.5+0.0s
[360/1120]	[L1: 0.0330]	2.4+0.0s
[400/1120]	[L1: 0.0328]	2.6+0.0s
[440/1120]	[L1: 0.0330]	2.3+0.0s
[480/1120]	[L1: 0.0328]	2.3+0.0s
[520/1120]	[L1: 0.0327]	2.4+0.0s
[560/1120]	[L1: 0.0324]	2.3+0.0s
[600/1120]	[L1: 0.0325]	2.3+0.0s
[640/1120]	[L1: 0.0328]	2.5+0.0s
[680/1120]	[L1: 0.0330]	2.3+0.0s
[720/1120]	[L1: 0.0329]	2.3+0.0s
[760/1120]	[L1: 0.0330]	2.9+0.0s
[800/1120]	[L1: 0.0331]	2.5+0.0s
[840/1120]	[L1: 0.0332]	2.3+0.0s
[880/1120]	[L1: 0.0331]	2.4+0.0s
[920/1120]	[L1: 0.0332]	2.3+0.0s
[960/1120]	[L1: 0.0332]	2.4+0.0s
[1000/1120]	[L1: 0.0331]	2.3+0.0s
[1040/1120]	[L1: 0.0331]	2.3+0.0s
[1080/1120]	[L1: 0.0331]	2.4+0.0s
[1120/1120]	[L1: 0.0331]	2.3+0.0s

Evaluation:
[RSSCN7 x4]	psnr: 27.360 (Best: 27.491 @epoch 42)
Total time: 7.43s

[Epoch 51]	Learning rate: 2.00e-4
[40/1120]	[L1: 0.0335]	2.5+0.1s
[80/1120]	[L1: 0.0303]	2.3+0.0s
[120/1120]	[L1: 0.0321]	2.4+0.0s
[160/1120]	[L1: 0.0342]	2.4+0.0s
[200/1120]	[L1: 0.0344]	3.4+0.0s
[240/1120]	[L1: 0.0344]	4.2+0.0s
[280/1120]	[L1: 0.0342]	4.2+0.0s
[320/1120]	[L1: 0.0345]	4.2+0.0s
[360/1120]	[L1: 0.0342]	4.0+0.0s
[400/1120]	[L1: 0.0337]	4.3+0.0s
[440/1120]	[L1: 0.0339]	4.5+0.0s
[480/1120]	[L1: 0.0341]	4.2+0.0s
[520/1120]	[L1: 0.0343]	3.9+0.0s
[560/1120]	[L1: 0.0339]	3.9+0.1s
[600/1120]	[L1: 0.0340]	3.9+0.0s
[640/1120]	[L1: 0.0335]	4.2+0.1s
[680/1120]	[L1: 0.0336]	4.1+0.0s
[720/1120]	[L1: 0.0337]	4.0+0.0s
[760/1120]	[L1: 0.0335]	3.5+0.0s
[800/1120]	[L1: 0.0335]	3.8+0.0s
[840/1120]	[L1: 0.0333]	3.7+0.0s
[880/1120]	[L1: 0.0332]	2.9+0.0s
[920/1120]	[L1: 0.0332]	3.3+0.0s
[960/1120]	[L1: 0.0330]	3.9+0.0s
[1000/1120]	[L1: 0.0331]	3.5+0.0s
[1040/1120]	[L1: 0.0332]	4.0+0.0s
[1080/1120]	[L1: 0.0333]	3.9+0.0s
[1120/1120]	[L1: 0.0332]	4.2+0.0s

Evaluation:
[RSSCN7 x4]	psnr: 27.323 (Best: 27.491 @epoch 42)
Total time: 8.52s

[Epoch 52]	Learning rate: 2.00e-4
[40/1120]	[L1: 0.0342]	2.4+0.0s
[80/1120]	[L1: 0.0320]	2.6+0.0s
[120/1120]	[L1: 0.0328]	2.5+0.0s
[160/1120]	[L1: 0.0335]	2.4+0.0s
[200/1120]	[L1: 0.0337]	2.3+0.0s
[240/1120]	[L1: 0.0334]	2.4+0.0s
[280/1120]	[L1: 0.0335]	2.3+0.0s
[320/1120]	[L1: 0.0326]	2.3+0.0s
[360/1120]	[L1: 0.0324]	2.4+0.0s
[400/1120]	[L1: 0.0322]	2.5+0.0s
[440/1120]	[L1: 0.0322]	2.3+0.0s
[480/1120]	[L1: 0.0323]	2.3+0.0s
[520/1120]	[L1: 0.0320]	2.4+0.0s
[560/1120]	[L1: 0.0320]	2.3+0.0s
[600/1120]	[L1: 0.0323]	2.6+0.0s
[640/1120]	[L1: 0.0323]	2.8+0.0s
[680/1120]	[L1: 0.0323]	2.6+0.0s
[720/1120]	[L1: 0.0324]	2.3+0.0s
[760/1120]	[L1: 0.0325]	2.3+0.0s
[800/1120]	[L1: 0.0324]	2.4+0.0s
[840/1120]	[L1: 0.0325]	2.3+0.0s
[880/1120]	[L1: 0.0328]	2.4+0.0s
[920/1120]	[L1: 0.0328]	2.3+0.0s
[960/1120]	[L1: 0.0329]	2.5+0.0s
[1000/1120]	[L1: 0.0329]	2.8+0.0s
[1040/1120]	[L1: 0.0328]	2.8+0.0s
[1080/1120]	[L1: 0.0327]	2.6+0.0s
[1120/1120]	[L1: 0.0328]	2.9+0.0s

Evaluation:
[RSSCN7 x4]	psnr: 27.307 (Best: 27.491 @epoch 42)
Total time: 8.91s

[Epoch 53]	Learning rate: 2.00e-4
[40/1120]	[L1: 0.0327]	3.9+0.1s
[80/1120]	[L1: 0.0328]	4.1+0.0s
[120/1120]	[L1: 0.0322]	4.1+0.0s
[160/1120]	[L1: 0.0333]	3.9+0.0s
[200/1120]	[L1: 0.0333]	3.9+0.0s
[240/1120]	[L1: 0.0331]	3.6+0.0s
[280/1120]	[L1: 0.0336]	4.0+0.0s
[320/1120]	[L1: 0.0331]	3.9+0.0s
[360/1120]	[L1: 0.0329]	3.8+0.0s
[400/1120]	[L1: 0.0329]	4.0+0.0s
[440/1120]	[L1: 0.0329]	3.8+0.0s
[480/1120]	[L1: 0.0330]	4.2+0.0s
[520/1120]	[L1: 0.0330]	4.2+0.0s
[560/1120]	[L1: 0.0330]	4.0+0.0s
[600/1120]	[L1: 0.0328]	3.8+0.0s
[640/1120]	[L1: 0.0329]	3.8+0.0s
[680/1120]	[L1: 0.0328]	4.0+0.0s
[720/1120]	[L1: 0.0331]	3.7+0.0s
[760/1120]	[L1: 0.0328]	3.8+0.0s
[800/1120]	[L1: 0.0327]	4.1+0.0s
[840/1120]	[L1: 0.0327]	3.7+0.0s
[880/1120]	[L1: 0.0327]	3.5+0.0s
[920/1120]	[L1: 0.0329]	3.8+0.0s
[960/1120]	[L1: 0.0329]	2.9+0.0s
[1000/1120]	[L1: 0.0329]	2.8+0.0s
[1040/1120]	[L1: 0.0330]	2.6+0.0s
[1080/1120]	[L1: 0.0330]	2.4+0.0s
[1120/1120]	[L1: 0.0329]	2.3+0.0s

Evaluation:
[RSSCN7 x4]	psnr: 27.532 (Best: 27.532 @epoch 53)
Total time: 7.42s

[Epoch 54]	Learning rate: 2.00e-4
[40/1120]	[L1: 0.0334]	2.5+0.0s
[80/1120]	[L1: 0.0332]	2.5+0.0s
[120/1120]	[L1: 0.0338]	2.9+0.0s
[160/1120]	[L1: 0.0338]	2.8+0.0s
[200/1120]	[L1: 0.0330]	2.4+0.0s
[240/1120]	[L1: 0.0331]	2.4+0.0s
[280/1120]	[L1: 0.0336]	2.5+0.0s
[320/1120]	[L1: 0.0333]	2.5+0.0s
[360/1120]	[L1: 0.0333]	2.3+0.0s
[400/1120]	[L1: 0.0330]	2.3+0.0s
[440/1120]	[L1: 0.0331]	2.3+0.0s
[480/1120]	[L1: 0.0332]	2.3+0.0s
[520/1120]	[L1: 0.0332]	2.4+0.0s
[560/1120]	[L1: 0.0334]	2.3+0.0s
[600/1120]	[L1: 0.0334]	2.3+0.0s
[640/1120]	[L1: 0.0337]	2.3+0.0s
[680/1120]	[L1: 0.0336]	2.4+0.0s
[720/1120]	[L1: 0.0334]	2.4+0.0s
[760/1120]	[L1: 0.0333]	2.4+0.0s
[800/1120]	[L1: 0.0333]	2.5+0.0s
[840/1120]	[L1: 0.0331]	2.4+0.0s
[880/1120]	[L1: 0.0331]	2.4+0.0s
[920/1120]	[L1: 0.0330]	2.4+0.0s
[960/1120]	[L1: 0.0329]	3.1+0.0s
[1000/1120]	[L1: 0.0329]	3.3+0.0s
[1040/1120]	[L1: 0.0330]	3.7+0.0s
[1080/1120]	[L1: 0.0330]	4.1+0.0s
[1120/1120]	[L1: 0.0330]	4.0+0.0s

Evaluation:
[RSSCN7 x4]	psnr: 26.975 (Best: 27.532 @epoch 53)
Total time: 9.73s

[Epoch 55]	Learning rate: 2.00e-4
[40/1120]	[L1: 0.0334]	4.1+0.1s
[80/1120]	[L1: 0.0320]	3.4+0.0s
[120/1120]	[L1: 0.0346]	3.3+0.0s
[160/1120]	[L1: 0.0333]	3.1+0.0s
[200/1120]	[L1: 0.0333]	3.7+0.0s
[240/1120]	[L1: 0.0334]	4.1+0.0s
[280/1120]	[L1: 0.0333]	3.9+0.1s
[320/1120]	[L1: 0.0333]	3.7+0.0s
[360/1120]	[L1: 0.0332]	3.6+0.0s
[400/1120]	[L1: 0.0332]	4.2+0.0s
[440/1120]	[L1: 0.0332]	4.0+0.0s
[480/1120]	[L1: 0.0331]	3.5+0.0s
[520/1120]	[L1: 0.0335]	3.4+0.0s
[560/1120]	[L1: 0.0336]	3.6+0.0s
[600/1120]	[L1: 0.0335]	3.6+0.0s
[640/1120]	[L1: 0.0336]	3.0+0.0s
[680/1120]	[L1: 0.0336]	2.8+0.0s
[720/1120]	[L1: 0.0335]	2.9+0.0s
[760/1120]	[L1: 0.0333]	3.0+0.0s
[800/1120]	[L1: 0.0333]	2.7+0.0s
[840/1120]	[L1: 0.0331]	2.5+0.0s
[880/1120]	[L1: 0.0330]	2.5+0.0s
[920/1120]	[L1: 0.0332]	2.5+0.0s
[960/1120]	[L1: 0.0332]	2.6+0.0s
[1000/1120]	[L1: 0.0330]	2.4+0.0s
[1040/1120]	[L1: 0.0329]	2.4+0.0s
[1080/1120]	[L1: 0.0331]	2.3+0.0s
[1120/1120]	[L1: 0.0332]	2.3+0.0s

Evaluation:
[RSSCN7 x4]	psnr: 27.458 (Best: 27.532 @epoch 53)
Total time: 7.44s

[Epoch 56]	Learning rate: 2.00e-4
[40/1120]	[L1: 0.0340]	2.4+0.0s
[80/1120]	[L1: 0.0362]	2.4+0.0s
[120/1120]	[L1: 0.0357]	2.3+0.0s
[160/1120]	[L1: 0.0356]	2.6+0.0s
[200/1120]	[L1: 0.0346]	2.7+0.0s
[240/1120]	[L1: 0.0340]	2.3+0.0s
[280/1120]	[L1: 0.0337]	2.3+0.0s
[320/1120]	[L1: 0.0333]	2.4+0.0s
[360/1120]	[L1: 0.0333]	2.3+0.0s
[400/1120]	[L1: 0.0330]	2.3+0.0s
[440/1120]	[L1: 0.0330]	2.4+0.0s
[480/1120]	[L1: 0.0331]	2.3+0.0s
[520/1120]	[L1: 0.0328]	2.3+0.0s
[560/1120]	[L1: 0.0326]	2.4+0.0s
[600/1120]	[L1: 0.0325]	2.4+0.0s
[640/1120]	[L1: 0.0324]	2.4+0.0s
[680/1120]	[L1: 0.0324]	2.4+0.0s
[720/1120]	[L1: 0.0326]	2.3+0.0s
[760/1120]	[L1: 0.0325]	2.3+0.0s
[800/1120]	[L1: 0.0325]	2.6+0.0s
[840/1120]	[L1: 0.0322]	3.8+0.0s
[880/1120]	[L1: 0.0322]	4.2+0.0s
[920/1120]	[L1: 0.0324]	3.4+0.0s
[960/1120]	[L1: 0.0324]	3.5+0.0s
[1000/1120]	[L1: 0.0325]	3.5+0.0s
[1040/1120]	[L1: 0.0327]	4.1+0.0s
[1080/1120]	[L1: 0.0326]	3.8+0.0s
[1120/1120]	[L1: 0.0327]	4.1+0.0s

Evaluation:
[RSSCN7 x4]	psnr: 27.490 (Best: 27.532 @epoch 53)
Total time: 9.01s

[Epoch 57]	Learning rate: 2.00e-4
[40/1120]	[L1: 0.0324]	3.4+0.1s
[80/1120]	[L1: 0.0342]	3.5+0.0s
[120/1120]	[L1: 0.0338]	3.7+0.0s
[160/1120]	[L1: 0.0327]	3.8+0.0s
[200/1120]	[L1: 0.0323]	4.2+0.0s
[240/1120]	[L1: 0.0325]	4.2+0.0s
[280/1120]	[L1: 0.0323]	3.9+0.0s
[320/1120]	[L1: 0.0317]	3.7+0.0s
[360/1120]	[L1: 0.0325]	3.8+0.0s
[400/1120]	[L1: 0.0324]	3.9+0.0s
[440/1120]	[L1: 0.0327]	4.0+0.1s
[480/1120]	[L1: 0.0328]	4.0+0.0s
[520/1120]	[L1: 0.0328]	3.6+0.0s
[560/1120]	[L1: 0.0327]	3.6+0.0s
[600/1120]	[L1: 0.0331]	3.9+0.0s
[640/1120]	[L1: 0.0331]	3.0+0.0s
[680/1120]	[L1: 0.0333]	3.0+0.0s
[720/1120]	[L1: 0.0331]	2.9+0.0s
[760/1120]	[L1: 0.0329]	2.9+0.0s
[800/1120]	[L1: 0.0329]	3.0+0.0s
[840/1120]	[L1: 0.0329]	2.4+0.0s
[880/1120]	[L1: 0.0330]	2.5+0.0s
[920/1120]	[L1: 0.0329]	2.4+0.0s
[960/1120]	[L1: 0.0328]	2.3+0.0s
[1000/1120]	[L1: 0.0326]	2.5+0.0s
[1040/1120]	[L1: 0.0327]	2.3+0.0s
[1080/1120]	[L1: 0.0326]	2.4+0.0s
[1120/1120]	[L1: 0.0328]	2.3+0.0s

Evaluation:
[RSSCN7 x4]	psnr: 27.506 (Best: 27.532 @epoch 53)
Total time: 7.48s

[Epoch 58]	Learning rate: 2.00e-4
[40/1120]	[L1: 0.0390]	2.5+0.0s
[80/1120]	[L1: 0.0394]	2.4+0.0s
[120/1120]	[L1: 0.0372]	2.3+0.0s
[160/1120]	[L1: 0.0365]	2.5+0.0s
[200/1120]	[L1: 0.0353]	2.3+0.0s
[240/1120]	[L1: 0.0346]	2.4+0.0s
[280/1120]	[L1: 0.0343]	2.4+0.0s
[320/1120]	[L1: 0.0342]	2.4+0.0s
[360/1120]	[L1: 0.0338]	2.3+0.0s
[400/1120]	[L1: 0.0339]	2.3+0.0s
[440/1120]	[L1: 0.0339]	2.3+0.0s
[480/1120]	[L1: 0.0342]	2.4+0.0s
[520/1120]	[L1: 0.0340]	2.3+0.0s
[560/1120]	[L1: 0.0340]	2.7+0.0s
[600/1120]	[L1: 0.0338]	3.5+0.0s
[640/1120]	[L1: 0.0337]	4.4+0.0s
[680/1120]	[L1: 0.0335]	4.0+0.0s
[720/1120]	[L1: 0.0334]	4.1+0.0s
[760/1120]	[L1: 0.0332]	4.2+0.0s
[800/1120]	[L1: 0.0332]	4.1+0.0s
[840/1120]	[L1: 0.0331]	4.2+0.0s
[880/1120]	[L1: 0.0329]	4.2+0.1s
[920/1120]	[L1: 0.0329]	4.3+0.0s
[960/1120]	[L1: 0.0329]	4.5+0.0s
[1000/1120]	[L1: 0.0330]	3.8+0.0s
[1040/1120]	[L1: 0.0330]	4.4+0.0s
[1080/1120]	[L1: 0.0330]	3.9+0.0s
[1120/1120]	[L1: 0.0329]	4.0+0.0s

Evaluation:
[RSSCN7 x4]	psnr: 27.367 (Best: 27.532 @epoch 53)
Total time: 9.66s

[Epoch 59]	Learning rate: 2.00e-4
[40/1120]	[L1: 0.0346]	4.1+0.0s
[80/1120]	[L1: 0.0346]	4.1+0.0s
[120/1120]	[L1: 0.0328]	3.9+0.0s
[160/1120]	[L1: 0.0339]	3.5+0.0s
[200/1120]	[L1: 0.0336]	4.0+0.0s
[240/1120]	[L1: 0.0343]	4.1+0.0s
[280/1120]	[L1: 0.0340]	3.8+0.0s
[320/1120]	[L1: 0.0337]	3.9+0.0s
[360/1120]	[L1: 0.0342]	3.5+0.0s
[400/1120]	[L1: 0.0341]	3.0+0.0s
[440/1120]	[L1: 0.0332]	2.9+0.0s
[480/1120]	[L1: 0.0333]	2.9+0.0s
[520/1120]	[L1: 0.0335]	2.7+0.0s
[560/1120]	[L1: 0.0334]	2.4+0.0s
[600/1120]	[L1: 0.0333]	2.3+0.0s
[640/1120]	[L1: 0.0335]	2.4+0.0s
[680/1120]	[L1: 0.0336]	2.3+0.0s
[720/1120]	[L1: 0.0335]	2.4+0.0s
[760/1120]	[L1: 0.0334]	2.3+0.0s
[800/1120]	[L1: 0.0334]	2.8+0.0s
[840/1120]	[L1: 0.0336]	2.8+0.0s
[880/1120]	[L1: 0.0336]	2.9+0.0s
[920/1120]	[L1: 0.0334]	2.8+0.0s
[960/1120]	[L1: 0.0335]	2.6+0.0s
[1000/1120]	[L1: 0.0333]	2.3+0.0s
[1040/1120]	[L1: 0.0333]	2.3+0.0s
[1080/1120]	[L1: 0.0333]	2.4+0.0s
[1120/1120]	[L1: 0.0332]	2.4+0.0s

Evaluation:
[RSSCN7 x4]	psnr: 27.440 (Best: 27.532 @epoch 53)
Total time: 7.45s

[Epoch 60]	Learning rate: 2.00e-4
[40/1120]	[L1: 0.0294]	2.4+0.0s
[80/1120]	[L1: 0.0308]	2.4+0.0s
[120/1120]	[L1: 0.0311]	2.4+0.0s
[160/1120]	[L1: 0.0321]	2.5+0.0s
[200/1120]	[L1: 0.0324]	2.5+0.0s
[240/1120]	[L1: 0.0326]	2.4+0.0s
[280/1120]	[L1: 0.0328]	2.4+0.0s
[320/1120]	[L1: 0.0327]	3.1+0.0s
[360/1120]	[L1: 0.0330]	3.8+0.0s
[400/1120]	[L1: 0.0326]	3.5+0.0s
[440/1120]	[L1: 0.0326]	3.7+0.0s
[480/1120]	[L1: 0.0329]	3.8+0.0s
[520/1120]	[L1: 0.0328]	4.0+0.0s
[560/1120]	[L1: 0.0328]	4.2+0.0s
[600/1120]	[L1: 0.0325]	4.1+0.0s
[640/1120]	[L1: 0.0324]	4.1+0.0s
[680/1120]	[L1: 0.0324]	4.1+0.0s
[720/1120]	[L1: 0.0324]	4.1+0.0s
[760/1120]	[L1: 0.0325]	4.0+0.0s
[800/1120]	[L1: 0.0324]	4.0+0.0s
[840/1120]	[L1: 0.0324]	4.0+0.0s
[880/1120]	[L1: 0.0324]	3.9+0.0s
[920/1120]	[L1: 0.0322]	4.0+0.0s
[960/1120]	[L1: 0.0326]	3.5+0.1s
[1000/1120]	[L1: 0.0325]	3.6+0.0s
[1040/1120]	[L1: 0.0327]	3.7+0.0s
[1080/1120]	[L1: 0.0328]	4.2+0.0s
[1120/1120]	[L1: 0.0329]	4.2+0.0s

Evaluation:
[RSSCN7 x4]	psnr: 27.508 (Best: 27.532 @epoch 53)
Total time: 9.17s

[Epoch 61]	Learning rate: 2.00e-4
[40/1120]	[L1: 0.0335]	3.6+0.0s
[80/1120]	[L1: 0.0308]	3.4+0.0s
[120/1120]	[L1: 0.0302]	2.9+0.0s
[160/1120]	[L1: 0.0314]	2.6+0.0s
[200/1120]	[L1: 0.0317]	2.4+0.0s
[240/1120]	[L1: 0.0319]	2.3+0.0s
[280/1120]	[L1: 0.0321]	2.4+0.0s
[320/1120]	[L1: 0.0323]	2.3+0.0s
[360/1120]	[L1: 0.0325]	2.3+0.0s
[400/1120]	[L1: 0.0328]	2.3+0.0s
[440/1120]	[L1: 0.0330]	2.3+0.0s
[480/1120]	[L1: 0.0331]	2.3+0.0s
[520/1120]	[L1: 0.0329]	2.3+0.0s
[560/1120]	[L1: 0.0328]	2.3+0.0s
[600/1120]	[L1: 0.0325]	2.4+0.0s
[640/1120]	[L1: 0.0324]	2.3+0.0s
[680/1120]	[L1: 0.0326]	2.3+0.0s
[720/1120]	[L1: 0.0325]	2.4+0.0s
[760/1120]	[L1: 0.0326]	2.3+0.0s
[800/1120]	[L1: 0.0325]	2.4+0.0s
[840/1120]	[L1: 0.0324]	2.5+0.0s
[880/1120]	[L1: 0.0326]	2.3+0.0s
[920/1120]	[L1: 0.0328]	2.4+0.0s
[960/1120]	[L1: 0.0329]	2.3+0.0s
[1000/1120]	[L1: 0.0329]	2.3+0.0s
[1040/1120]	[L1: 0.0327]	2.4+0.0s
[1080/1120]	[L1: 0.0327]	2.3+0.0s
[1120/1120]	[L1: 0.0328]	2.3+0.0s

Evaluation:
[RSSCN7 x4]	psnr: 27.332 (Best: 27.532 @epoch 53)
Total time: 7.39s

[Epoch 62]	Learning rate: 2.00e-4
[40/1120]	[L1: 0.0326]	2.6+0.0s
[80/1120]	[L1: 0.0325]	2.5+0.0s
[120/1120]	[L1: 0.0327]	3.5+0.0s
[160/1120]	[L1: 0.0332]	4.1+0.0s
[200/1120]	[L1: 0.0349]	3.8+0.0s
[240/1120]	[L1: 0.0356]	3.8+0.0s
[280/1120]	[L1: 0.0350]	3.8+0.0s
[320/1120]	[L1: 0.0348]	4.0+0.0s
[360/1120]	[L1: 0.0342]	3.8+0.0s
[400/1120]	[L1: 0.0336]	3.5+0.1s
[440/1120]	[L1: 0.0336]	3.9+0.0s
[480/1120]	[L1: 0.0334]	3.5+0.1s
[520/1120]	[L1: 0.0333]	3.7+0.0s
[560/1120]	[L1: 0.0331]	3.8+0.0s
[600/1120]	[L1: 0.0330]	3.9+0.0s
[640/1120]	[L1: 0.0327]	3.7+0.0s
[680/1120]	[L1: 0.0329]	3.7+0.0s
[720/1120]	[L1: 0.0330]	4.0+0.0s
[760/1120]	[L1: 0.0330]	4.0+0.0s
[800/1120]	[L1: 0.0328]	3.6+0.0s
[840/1120]	[L1: 0.0326]	3.7+0.0s
[880/1120]	[L1: 0.0325]	3.7+0.0s
[920/1120]	[L1: 0.0326]	3.6+0.0s
[960/1120]	[L1: 0.0325]	3.7+0.0s
[1000/1120]	[L1: 0.0325]	3.9+0.0s
[1040/1120]	[L1: 0.0326]	3.8+0.0s
[1080/1120]	[L1: 0.0326]	4.2+0.0s
[1120/1120]	[L1: 0.0327]	3.1+0.0s

Evaluation:
[RSSCN7 x4]	psnr: 27.565 (Best: 27.565 @epoch 62)
Total time: 7.51s

[Epoch 63]	Learning rate: 2.00e-4
[40/1120]	[L1: 0.0370]	2.6+0.1s
[80/1120]	[L1: 0.0354]	2.4+0.0s
[120/1120]	[L1: 0.0344]	2.4+0.0s
[160/1120]	[L1: 0.0341]	2.3+0.0s
[200/1120]	[L1: 0.0325]	2.7+0.0s
[240/1120]	[L1: 0.0322]	2.9+0.0s
[280/1120]	[L1: 0.0321]	2.7+0.0s
[320/1120]	[L1: 0.0320]	2.4+0.0s
[360/1120]	[L1: 0.0323]	2.5+0.0s
[400/1120]	[L1: 0.0327]	2.3+0.0s
[440/1120]	[L1: 0.0324]	2.3+0.0s
[480/1120]	[L1: 0.0326]	2.3+0.0s
[520/1120]	[L1: 0.0326]	2.4+0.0s
[560/1120]	[L1: 0.0327]	2.3+0.0s
[600/1120]	[L1: 0.0325]	2.3+0.0s
[640/1120]	[L1: 0.0325]	2.3+0.0s
[680/1120]	[L1: 0.0328]	2.4+0.0s
[720/1120]	[L1: 0.0327]	2.3+0.0s
[760/1120]	[L1: 0.0326]	2.3+0.0s
[800/1120]	[L1: 0.0326]	2.3+0.0s
[840/1120]	[L1: 0.0325]	2.4+0.0s
[880/1120]	[L1: 0.0324]	2.3+0.0s
[920/1120]	[L1: 0.0326]	2.4+0.0s
[960/1120]	[L1: 0.0326]	2.8+0.0s
[1000/1120]	[L1: 0.0325]	2.9+0.0s
[1040/1120]	[L1: 0.0327]	2.4+0.0s
[1080/1120]	[L1: 0.0328]	2.3+0.0s
[1120/1120]	[L1: 0.0328]	2.3+0.0s

Evaluation:
[RSSCN7 x4]	psnr: 27.314 (Best: 27.565 @epoch 62)
Total time: 8.82s

[Epoch 64]	Learning rate: 2.00e-4
[40/1120]	[L1: 0.0321]	3.9+0.1s
[80/1120]	[L1: 0.0352]	4.1+0.0s
[120/1120]	[L1: 0.0326]	4.1+0.1s
[160/1120]	[L1: 0.0331]	4.2+0.1s
[200/1120]	[L1: 0.0325]	4.4+0.0s
[240/1120]	[L1: 0.0325]	4.1+0.0s
[280/1120]	[L1: 0.0327]	4.0+0.0s
[320/1120]	[L1: 0.0326]	3.6+0.0s
[360/1120]	[L1: 0.0321]	3.8+0.0s
[400/1120]	[L1: 0.0320]	3.5+0.0s
[440/1120]	[L1: 0.0325]	3.3+0.0s
[480/1120]	[L1: 0.0324]	3.8+0.0s
[520/1120]	[L1: 0.0323]	4.1+0.0s
[560/1120]	[L1: 0.0325]	4.1+0.0s
[600/1120]	[L1: 0.0325]	3.8+0.0s
[640/1120]	[L1: 0.0326]	3.7+0.1s
[680/1120]	[L1: 0.0327]	4.1+0.0s
[720/1120]	[L1: 0.0326]	4.1+0.0s
[760/1120]	[L1: 0.0326]	4.0+0.0s
[800/1120]	[L1: 0.0325]	4.1+0.0s
[840/1120]	[L1: 0.0325]	4.0+0.0s
[880/1120]	[L1: 0.0326]	4.0+0.0s
[920/1120]	[L1: 0.0326]	3.7+0.0s
[960/1120]	[L1: 0.0327]	3.0+0.0s
[1000/1120]	[L1: 0.0328]	3.1+0.0s
[1040/1120]	[L1: 0.0327]	2.9+0.0s
[1080/1120]	[L1: 0.0327]	2.8+0.0s
[1120/1120]	[L1: 0.0327]	2.6+0.0s

Evaluation:
[RSSCN7 x4]	psnr: 27.219 (Best: 27.565 @epoch 62)
Total time: 7.46s

[Epoch 65]	Learning rate: 2.00e-4
[40/1120]	[L1: 0.0325]	2.9+0.0s
[80/1120]	[L1: 0.0311]	2.5+0.0s
[120/1120]	[L1: 0.0310]	2.5+0.0s
[160/1120]	[L1: 0.0302]	2.4+0.0s
[200/1120]	[L1: 0.0309]	2.5+0.0s
[240/1120]	[L1: 0.0317]	2.5+0.0s
[280/1120]	[L1: 0.0321]	2.4+0.0s
[320/1120]	[L1: 0.0324]	2.4+0.0s
[360/1120]	[L1: 0.0327]	2.5+0.0s
[400/1120]	[L1: 0.0326]	2.4+0.0s
[440/1120]	[L1: 0.0327]	2.3+0.0s
[480/1120]	[L1: 0.0328]	2.3+0.0s
[520/1120]	[L1: 0.0329]	2.4+0.0s
[560/1120]	[L1: 0.0331]	2.4+0.0s
[600/1120]	[L1: 0.0333]	2.3+0.0s
[640/1120]	[L1: 0.0332]	2.3+0.0s
[680/1120]	[L1: 0.0330]	2.4+0.0s
[720/1120]	[L1: 0.0328]	2.5+0.0s
[760/1120]	[L1: 0.0328]	2.8+0.0s
[800/1120]	[L1: 0.0327]	2.8+0.0s
[840/1120]	[L1: 0.0326]	2.4+0.0s
[880/1120]	[L1: 0.0325]	2.6+0.0s
[920/1120]	[L1: 0.0327]	3.1+0.0s
[960/1120]	[L1: 0.0329]	4.0+0.0s
[1000/1120]	[L1: 0.0329]	3.8+0.0s
[1040/1120]	[L1: 0.0328]	4.0+0.0s
[1080/1120]	[L1: 0.0327]	3.7+0.0s
[1120/1120]	[L1: 0.0327]	3.5+0.0s

Evaluation:
[RSSCN7 x4]	psnr: 27.478 (Best: 27.565 @epoch 62)
Total time: 9.26s

[Epoch 66]	Learning rate: 2.00e-4
[40/1120]	[L1: 0.0378]	4.1+0.0s
[80/1120]	[L1: 0.0355]	4.3+0.0s
[120/1120]	[L1: 0.0350]	3.9+0.0s
[160/1120]	[L1: 0.0340]	4.2+0.0s
[200/1120]	[L1: 0.0337]	3.9+0.0s
[240/1120]	[L1: 0.0335]	4.0+0.0s
[280/1120]	[L1: 0.0330]	4.4+0.0s
[320/1120]	[L1: 0.0330]	4.0+0.0s
[360/1120]	[L1: 0.0325]	3.7+0.0s
[400/1120]	[L1: 0.0326]	4.1+0.0s
[440/1120]	[L1: 0.0324]	4.0+0.0s
[480/1120]	[L1: 0.0323]	4.0+0.0s
[520/1120]	[L1: 0.0323]	4.5+0.0s
[560/1120]	[L1: 0.0324]	3.8+0.0s
[600/1120]	[L1: 0.0327]	3.9+0.0s
[640/1120]	[L1: 0.0323]	3.9+0.0s
[680/1120]	[L1: 0.0322]	3.1+0.0s
[720/1120]	[L1: 0.0322]	2.9+0.0s
[760/1120]	[L1: 0.0320]	2.7+0.0s
[800/1120]	[L1: 0.0321]	2.6+0.0s
[840/1120]	[L1: 0.0323]	2.4+0.0s
[880/1120]	[L1: 0.0324]	2.4+0.0s
[920/1120]	[L1: 0.0325]	2.9+0.0s
[960/1120]	[L1: 0.0327]	2.9+0.0s
[1000/1120]	[L1: 0.0327]	2.6+0.0s
[1040/1120]	[L1: 0.0325]	2.6+0.0s
[1080/1120]	[L1: 0.0326]	2.5+0.0s
[1120/1120]	[L1: 0.0327]	2.4+0.0s

Evaluation:
[RSSCN7 x4]	psnr: 27.416 (Best: 27.565 @epoch 62)
Total time: 7.51s

[Epoch 67]	Learning rate: 2.00e-4
[40/1120]	[L1: 0.0270]	2.6+0.0s
[80/1120]	[L1: 0.0301]	2.5+0.0s
[120/1120]	[L1: 0.0317]	2.5+0.0s
[160/1120]	[L1: 0.0316]	2.6+0.0s
[200/1120]	[L1: 0.0327]	2.5+0.0s
[240/1120]	[L1: 0.0323]	2.4+0.0s
[280/1120]	[L1: 0.0318]	2.4+0.0s
[320/1120]	[L1: 0.0317]	2.4+0.0s
[360/1120]	[L1: 0.0319]	2.5+0.0s
[400/1120]	[L1: 0.0321]	2.4+0.0s
[440/1120]	[L1: 0.0324]	2.4+0.0s
[480/1120]	[L1: 0.0320]	2.5+0.0s
[520/1120]	[L1: 0.0321]	2.4+0.0s
[560/1120]	[L1: 0.0321]	2.3+0.0s
[600/1120]	[L1: 0.0321]	2.4+0.0s
[640/1120]	[L1: 0.0319]	3.5+0.0s
[680/1120]	[L1: 0.0320]	3.5+0.0s
[720/1120]	[L1: 0.0324]	3.6+0.0s
[760/1120]	[L1: 0.0322]	4.2+0.0s
[800/1120]	[L1: 0.0323]	4.1+0.0s
[840/1120]	[L1: 0.0324]	3.6+0.0s
[880/1120]	[L1: 0.0325]	4.0+0.0s
[920/1120]	[L1: 0.0326]	4.1+0.0s
[960/1120]	[L1: 0.0327]	3.8+0.0s
[1000/1120]	[L1: 0.0326]	3.9+0.0s
[1040/1120]	[L1: 0.0327]	4.1+0.0s
[1080/1120]	[L1: 0.0328]	4.4+0.0s
[1120/1120]	[L1: 0.0326]	3.7+0.0s

Evaluation:
[RSSCN7 x4]	psnr: 27.430 (Best: 27.565 @epoch 62)
Total time: 9.39s

[Epoch 68]	Learning rate: 2.00e-4
[40/1120]	[L1: 0.0320]	4.5+0.0s
[80/1120]	[L1: 0.0312]	4.1+0.0s
[120/1120]	[L1: 0.0323]	4.2+0.0s
[160/1120]	[L1: 0.0312]	4.0+0.0s
[200/1120]	[L1: 0.0310]	4.0+0.0s
[240/1120]	[L1: 0.0315]	3.9+0.0s
[280/1120]	[L1: 0.0324]	3.9+0.0s
[320/1120]	[L1: 0.0324]	4.1+0.0s
[360/1120]	[L1: 0.0322]	3.9+0.0s
[400/1120]	[L1: 0.0318]	3.7+0.0s
[440/1120]	[L1: 0.0319]	3.0+0.0s
[480/1120]	[L1: 0.0320]	2.6+0.0s
[520/1120]	[L1: 0.0319]	2.4+0.0s
[560/1120]	[L1: 0.0318]	2.4+0.0s
[600/1120]	[L1: 0.0318]	2.5+0.0s
[640/1120]	[L1: 0.0318]	2.4+0.0s
[680/1120]	[L1: 0.0318]	2.9+0.0s
[720/1120]	[L1: 0.0320]	2.3+0.0s
[760/1120]	[L1: 0.0323]	2.3+0.0s
[800/1120]	[L1: 0.0325]	2.5+0.0s
[840/1120]	[L1: 0.0326]	2.4+0.0s
[880/1120]	[L1: 0.0323]	2.5+0.0s
[920/1120]	[L1: 0.0325]	2.3+0.0s
[960/1120]	[L1: 0.0325]	2.4+0.0s
[1000/1120]	[L1: 0.0325]	2.3+0.0s
[1040/1120]	[L1: 0.0325]	2.4+0.0s
[1080/1120]	[L1: 0.0325]	2.3+0.0s
[1120/1120]	[L1: 0.0325]	2.4+0.0s

Evaluation:
[RSSCN7 x4]	psnr: 27.542 (Best: 27.565 @epoch 62)
Total time: 7.51s

[Epoch 69]	Learning rate: 2.00e-4
[40/1120]	[L1: 0.0327]	2.5+0.0s
[80/1120]	[L1: 0.0308]	2.3+0.0s
[120/1120]	[L1: 0.0317]	2.4+0.0s
[160/1120]	[L1: 0.0321]	2.6+0.0s
[200/1120]	[L1: 0.0331]	2.5+0.0s
[240/1120]	[L1: 0.0325]	2.6+0.0s
[280/1120]	[L1: 0.0325]	2.4+0.0s
[320/1120]	[L1: 0.0327]	2.3+0.0s
[360/1120]	[L1: 0.0330]	2.4+0.0s
[400/1120]	[L1: 0.0328]	2.5+0.0s
[440/1120]	[L1: 0.0326]	3.4+0.0s
[480/1120]	[L1: 0.0330]	3.6+0.0s
[520/1120]	[L1: 0.0331]	3.9+0.0s
[560/1120]	[L1: 0.0333]	4.1+0.0s
[600/1120]	[L1: 0.0330]	4.2+0.0s
[640/1120]	[L1: 0.0330]	4.3+0.0s
[680/1120]	[L1: 0.0331]	4.0+0.0s
[720/1120]	[L1: 0.0329]	4.0+0.1s
[760/1120]	[L1: 0.0330]	4.0+0.0s
[800/1120]	[L1: 0.0328]	3.7+0.0s
[840/1120]	[L1: 0.0327]	3.9+0.0s
[880/1120]	[L1: 0.0328]	3.8+0.0s
[920/1120]	[L1: 0.0329]	3.8+0.0s
[960/1120]	[L1: 0.0330]	4.1+0.0s
[1000/1120]	[L1: 0.0329]	3.4+0.0s
[1040/1120]	[L1: 0.0329]	3.8+0.0s
[1080/1120]	[L1: 0.0328]	4.2+0.0s
[1120/1120]	[L1: 0.0328]	3.8+0.0s

Evaluation:
[RSSCN7 x4]	psnr: 27.496 (Best: 27.565 @epoch 62)
Total time: 8.79s

[Epoch 70]	Learning rate: 2.00e-4
[40/1120]	[L1: 0.0315]	3.7+0.0s
[80/1120]	[L1: 0.0346]	3.6+0.0s
[120/1120]	[L1: 0.0346]	3.7+0.0s
[160/1120]	[L1: 0.0343]	3.8+0.0s
[200/1120]	[L1: 0.0344]	3.6+0.0s
[240/1120]	[L1: 0.0346]	2.9+0.0s
[280/1120]	[L1: 0.0343]	2.5+0.0s
[320/1120]	[L1: 0.0343]	3.0+0.0s
[360/1120]	[L1: 0.0344]	2.9+0.0s
[400/1120]	[L1: 0.0341]	2.7+0.0s
[440/1120]	[L1: 0.0343]	2.5+0.0s
[480/1120]	[L1: 0.0338]	2.5+0.0s
[520/1120]	[L1: 0.0335]	2.3+0.0s
[560/1120]	[L1: 0.0333]	2.5+0.0s
[600/1120]	[L1: 0.0334]	2.8+0.0s
[640/1120]	[L1: 0.0332]	2.8+0.0s
[680/1120]	[L1: 0.0330]	2.4+0.0s
[720/1120]	[L1: 0.0329]	2.5+0.0s
[760/1120]	[L1: 0.0330]	2.3+0.0s
[800/1120]	[L1: 0.0328]	2.3+0.0s
[840/1120]	[L1: 0.0328]	2.4+0.0s
[880/1120]	[L1: 0.0330]	2.3+0.0s
[920/1120]	[L1: 0.0331]	2.3+0.0s
[960/1120]	[L1: 0.0330]	2.4+0.0s
[1000/1120]	[L1: 0.0329]	2.5+0.0s
[1040/1120]	[L1: 0.0330]	2.3+0.0s
[1080/1120]	[L1: 0.0330]	2.3+0.0s
[1120/1120]	[L1: 0.0328]	2.3+0.0s

Evaluation:
[RSSCN7 x4]	psnr: 27.301 (Best: 27.565 @epoch 62)
Total time: 7.46s

[Epoch 71]	Learning rate: 2.00e-4
[40/1120]	[L1: 0.0346]	2.6+0.0s
[80/1120]	[L1: 0.0335]	2.4+0.0s
[120/1120]	[L1: 0.0343]	2.5+0.0s
[160/1120]	[L1: 0.0346]	2.4+0.0s
[200/1120]	[L1: 0.0343]	2.3+0.0s
[240/1120]	[L1: 0.0346]	3.0+0.1s
[280/1120]	[L1: 0.0339]	3.6+0.0s
[320/1120]	[L1: 0.0341]	4.1+0.0s
[360/1120]	[L1: 0.0340]	4.4+0.0s
[400/1120]	[L1: 0.0330]	3.9+0.0s
[440/1120]	[L1: 0.0332]	4.3+0.0s
[480/1120]	[L1: 0.0333]	4.0+0.0s
[520/1120]	[L1: 0.0335]	4.0+0.0s
[560/1120]	[L1: 0.0333]	3.9+0.0s
[600/1120]	[L1: 0.0333]	4.1+0.0s
[640/1120]	[L1: 0.0332]	4.1+0.0s
[680/1120]	[L1: 0.0334]	3.9+0.0s
[720/1120]	[L1: 0.0333]	3.9+0.0s
[760/1120]	[L1: 0.0330]	3.3+0.0s
[800/1120]	[L1: 0.0329]	3.7+0.0s
[840/1120]	[L1: 0.0328]	3.7+0.0s
[880/1120]	[L1: 0.0327]	3.7+0.0s
[920/1120]	[L1: 0.0326]	3.8+0.0s
[960/1120]	[L1: 0.0326]	3.9+0.0s
[1000/1120]	[L1: 0.0326]	3.7+0.0s
[1040/1120]	[L1: 0.0325]	3.6+0.0s
[1080/1120]	[L1: 0.0323]	3.7+0.0s
[1120/1120]	[L1: 0.0325]	3.7+0.0s

Evaluation:
[RSSCN7 x4]	psnr: 27.577 (Best: 27.577 @epoch 71)
Total time: 9.49s

[Epoch 72]	Learning rate: 2.00e-4
[40/1120]	[L1: 0.0335]	3.0+0.1s
[80/1120]	[L1: 0.0345]	3.1+0.0s
[120/1120]	[L1: 0.0321]	2.9+0.0s
[160/1120]	[L1: 0.0317]	2.7+0.0s
[200/1120]	[L1: 0.0328]	2.5+0.0s
[240/1120]	[L1: 0.0326]	2.6+0.0s
[280/1120]	[L1: 0.0330]	2.4+0.0s
[320/1120]	[L1: 0.0328]	2.3+0.0s
[360/1120]	[L1: 0.0328]	2.8+0.0s
[400/1120]	[L1: 0.0325]	2.7+0.0s
[440/1120]	[L1: 0.0327]	3.0+0.0s
[480/1120]	[L1: 0.0323]	2.5+0.0s
[520/1120]	[L1: 0.0324]	2.5+0.0s
[560/1120]	[L1: 0.0328]	2.3+0.0s
[600/1120]	[L1: 0.0327]	2.4+0.0s
[640/1120]	[L1: 0.0327]	2.4+0.0s
[680/1120]	[L1: 0.0323]	2.5+0.0s
[720/1120]	[L1: 0.0325]	2.3+0.0s
[760/1120]	[L1: 0.0325]	2.3+0.0s
[800/1120]	[L1: 0.0323]	2.3+0.0s
[840/1120]	[L1: 0.0323]	2.3+0.0s
[880/1120]	[L1: 0.0323]	2.4+0.0s
[920/1120]	[L1: 0.0324]	2.3+0.0s
[960/1120]	[L1: 0.0324]	2.3+0.0s
[1000/1120]	[L1: 0.0324]	2.3+0.0s
[1040/1120]	[L1: 0.0326]	2.3+0.0s
[1080/1120]	[L1: 0.0326]	2.3+0.0s
[1120/1120]	[L1: 0.0325]	2.4+0.0s

Evaluation:
[RSSCN7 x4]	psnr: 27.538 (Best: 27.577 @epoch 71)
Total time: 7.46s

[Epoch 73]	Learning rate: 2.00e-4
[40/1120]	[L1: 0.0324]	3.8+0.0s
[80/1120]	[L1: 0.0342]	3.9+0.0s
[120/1120]	[L1: 0.0344]	4.2+0.0s
[160/1120]	[L1: 0.0340]	4.5+0.0s
[200/1120]	[L1: 0.0331]	3.7+0.0s
[240/1120]	[L1: 0.0328]	3.8+0.2s
[280/1120]	[L1: 0.0336]	3.6+0.0s
[320/1120]	[L1: 0.0334]	3.9+0.0s
[360/1120]	[L1: 0.0324]	4.4+0.0s
[400/1120]	[L1: 0.0328]	3.8+0.0s
[440/1120]	[L1: 0.0331]	4.0+0.0s
[480/1120]	[L1: 0.0328]	4.1+0.1s
[520/1120]	[L1: 0.0330]	4.1+0.0s
[560/1120]	[L1: 0.0329]	3.9+0.0s
[600/1120]	[L1: 0.0328]	4.2+0.0s
[640/1120]	[L1: 0.0330]	4.0+0.0s
[680/1120]	[L1: 0.0331]	4.1+0.0s
[720/1120]	[L1: 0.0332]	4.1+0.0s
[760/1120]	[L1: 0.0331]	3.8+0.0s
[800/1120]	[L1: 0.0332]	4.2+0.0s
[840/1120]	[L1: 0.0330]	4.1+0.0s
[880/1120]	[L1: 0.0331]	3.6+0.0s
[920/1120]	[L1: 0.0331]	3.7+0.0s
[960/1120]	[L1: 0.0330]	4.1+0.0s
[1000/1120]	[L1: 0.0329]	4.1+0.1s
[1040/1120]	[L1: 0.0328]	3.1+0.0s
[1080/1120]	[L1: 0.0326]	3.0+0.0s
[1120/1120]	[L1: 0.0326]	3.0+0.0s

Evaluation:
[RSSCN7 x4]	psnr: 27.434 (Best: 27.577 @epoch 71)
Total time: 7.54s

[Epoch 74]	Learning rate: 2.00e-4
[40/1120]	[L1: 0.0369]	2.5+0.1s
[80/1120]	[L1: 0.0331]	2.4+0.0s
[120/1120]	[L1: 0.0335]	2.7+0.0s
[160/1120]	[L1: 0.0326]	2.5+0.0s
[200/1120]	[L1: 0.0324]	2.3+0.0s
[240/1120]	[L1: 0.0322]	2.3+0.0s
[280/1120]	[L1: 0.0318]	2.3+0.0s
[320/1120]	[L1: 0.0319]	2.5+0.0s
[360/1120]	[L1: 0.0321]	2.5+0.0s
[400/1120]	[L1: 0.0322]	2.3+0.0s
[440/1120]	[L1: 0.0326]	2.4+0.0s
[480/1120]	[L1: 0.0323]	2.3+0.0s
[520/1120]	[L1: 0.0332]	2.3+0.0s
[560/1120]	[L1: 0.0333]	2.3+0.0s
[600/1120]	[L1: 0.0328]	2.5+0.0s
[640/1120]	[L1: 0.0330]	2.3+0.0s
[680/1120]	[L1: 0.0332]	2.3+0.0s
[720/1120]	[L1: 0.0332]	2.3+0.0s
[760/1120]	[L1: 0.0330]	2.4+0.0s
[800/1120]	[L1: 0.0331]	2.3+0.0s
[840/1120]	[L1: 0.0329]	2.4+0.0s
[880/1120]	[L1: 0.0329]	2.5+0.0s
[920/1120]	[L1: 0.0329]	2.3+0.0s
[960/1120]	[L1: 0.0328]	2.3+0.0s
[1000/1120]	[L1: 0.0327]	2.3+0.0s
[1040/1120]	[L1: 0.0326]	3.7+0.0s
[1080/1120]	[L1: 0.0326]	3.8+0.0s
[1120/1120]	[L1: 0.0326]	4.1+0.0s

Evaluation:
[RSSCN7 x4]	psnr: 27.101 (Best: 27.577 @epoch 71)
Total time: 9.95s

[Epoch 75]	Learning rate: 2.00e-4
[40/1120]	[L1: 0.0323]	4.3+0.0s
[80/1120]	[L1: 0.0316]	3.8+0.0s
[120/1120]	[L1: 0.0319]	3.8+0.0s
[160/1120]	[L1: 0.0325]	3.9+0.0s
[200/1120]	[L1: 0.0326]	3.8+0.0s
[240/1120]	[L1: 0.0323]	3.9+0.0s
[280/1120]	[L1: 0.0328]	4.1+0.0s
[320/1120]	[L1: 0.0319]	3.5+0.0s
[360/1120]	[L1: 0.0317]	3.9+0.0s
[400/1120]	[L1: 0.0316]	3.9+0.0s
[440/1120]	[L1: 0.0315]	4.3+0.0s
[480/1120]	[L1: 0.0313]	4.3+0.0s
[520/1120]	[L1: 0.0318]	3.6+0.0s
[560/1120]	[L1: 0.0322]	4.0+0.0s
[600/1120]	[L1: 0.0319]	3.7+0.0s
[640/1120]	[L1: 0.0320]	3.9+0.0s
[680/1120]	[L1: 0.0320]	3.8+0.0s
[720/1120]	[L1: 0.0318]	3.7+0.0s
[760/1120]	[L1: 0.0322]	3.6+0.0s
[800/1120]	[L1: 0.0323]	3.3+0.0s
[840/1120]	[L1: 0.0325]	2.6+0.0s
[880/1120]	[L1: 0.0324]	2.8+0.0s
[920/1120]	[L1: 0.0324]	2.8+0.0s
[960/1120]	[L1: 0.0325]	2.5+0.0s
[1000/1120]	[L1: 0.0325]	2.3+0.0s
[1040/1120]	[L1: 0.0327]	2.3+0.0s
[1080/1120]	[L1: 0.0327]	2.3+0.0s
[1120/1120]	[L1: 0.0327]	2.4+0.0s

Evaluation:
[RSSCN7 x4]	psnr: 27.345 (Best: 27.577 @epoch 71)
Total time: 7.43s

[Epoch 76]	Learning rate: 2.00e-4
[40/1120]	[L1: 0.0322]	2.4+0.0s
[80/1120]	[L1: 0.0318]	2.5+0.0s
[120/1120]	[L1: 0.0314]	2.3+0.0s
[160/1120]	[L1: 0.0317]	2.3+0.0s
[200/1120]	[L1: 0.0321]	2.3+0.0s
[240/1120]	[L1: 0.0320]	2.4+0.0s
[280/1120]	[L1: 0.0316]	2.3+0.0s
[320/1120]	[L1: 0.0310]	2.3+0.0s
[360/1120]	[L1: 0.0308]	2.3+0.0s
[400/1120]	[L1: 0.0311]	2.4+0.0s
[440/1120]	[L1: 0.0316]	2.3+0.0s
[480/1120]	[L1: 0.0316]	2.4+0.0s
[520/1120]	[L1: 0.0317]	2.4+0.0s
[560/1120]	[L1: 0.0319]	2.5+0.0s
[600/1120]	[L1: 0.0320]	2.3+0.0s
[640/1120]	[L1: 0.0321]	2.3+0.0s
[680/1120]	[L1: 0.0322]	2.4+0.0s
[720/1120]	[L1: 0.0322]	2.7+0.0s
[760/1120]	[L1: 0.0324]	2.4+0.0s
[800/1120]	[L1: 0.0325]	2.3+0.0s
[840/1120]	[L1: 0.0326]	3.4+0.0s
[880/1120]	[L1: 0.0324]	4.4+0.0s
[920/1120]	[L1: 0.0326]	4.0+0.0s
[960/1120]	[L1: 0.0327]	3.9+0.0s
[1000/1120]	[L1: 0.0327]	4.3+0.0s
[1040/1120]	[L1: 0.0328]	4.1+0.0s
[1080/1120]	[L1: 0.0328]	3.9+0.0s
[1120/1120]	[L1: 0.0327]	4.0+0.0s

Evaluation:
[RSSCN7 x4]	psnr: 27.496 (Best: 27.577 @epoch 71)
Total time: 10.25s

[Epoch 77]	Learning rate: 2.00e-4
[40/1120]	[L1: 0.0338]	4.0+0.0s
[80/1120]	[L1: 0.0317]	4.2+0.0s
[120/1120]	[L1: 0.0313]	3.8+0.0s
[160/1120]	[L1: 0.0314]	3.9+0.1s
[200/1120]	[L1: 0.0317]	3.8+0.0s
[240/1120]	[L1: 0.0318]	3.8+0.0s
[280/1120]	[L1: 0.0317]	3.9+0.0s
[320/1120]	[L1: 0.0320]	3.9+0.0s
[360/1120]	[L1: 0.0321]	3.7+0.0s
[400/1120]	[L1: 0.0318]	3.3+0.0s
[440/1120]	[L1: 0.0321]	3.3+0.0s
[480/1120]	[L1: 0.0320]	3.4+0.0s
[520/1120]	[L1: 0.0321]	3.6+0.0s
[560/1120]	[L1: 0.0322]	3.8+0.0s
[600/1120]	[L1: 0.0320]	3.8+0.0s
[640/1120]	[L1: 0.0321]	2.9+0.0s
[680/1120]	[L1: 0.0320]	2.9+0.0s
[720/1120]	[L1: 0.0321]	2.4+0.0s
[760/1120]	[L1: 0.0321]	2.5+0.0s
[800/1120]	[L1: 0.0322]	2.4+0.0s
[840/1120]	[L1: 0.0323]	2.5+0.0s
[880/1120]	[L1: 0.0323]	2.4+0.0s
[920/1120]	[L1: 0.0324]	2.5+0.0s
[960/1120]	[L1: 0.0324]	2.4+0.0s
[1000/1120]	[L1: 0.0325]	2.5+0.0s
[1040/1120]	[L1: 0.0325]	2.5+0.0s
[1080/1120]	[L1: 0.0328]	2.6+0.0s
[1120/1120]	[L1: 0.0328]	2.3+0.0s

Evaluation:
[RSSCN7 x4]	psnr: 27.544 (Best: 27.577 @epoch 71)
Total time: 7.51s

[Epoch 78]	Learning rate: 2.00e-4
[40/1120]	[L1: 0.0330]	2.6+0.0s
[80/1120]	[L1: 0.0337]	2.4+0.0s
[120/1120]	[L1: 0.0329]	2.8+0.0s
[160/1120]	[L1: 0.0342]	2.9+0.0s
[200/1120]	[L1: 0.0336]	2.5+0.0s
[240/1120]	[L1: 0.0329]	2.5+0.0s
[280/1120]	[L1: 0.0324]	2.7+0.0s
[320/1120]	[L1: 0.0327]	2.6+0.0s
[360/1120]	[L1: 0.0326]	2.5+0.0s
[400/1120]	[L1: 0.0324]	2.3+0.0s
[440/1120]	[L1: 0.0325]	2.3+0.0s
[480/1120]	[L1: 0.0323]	2.4+0.0s
[520/1120]	[L1: 0.0323]	2.3+0.0s
[560/1120]	[L1: 0.0325]	2.3+0.0s
[600/1120]	[L1: 0.0327]	2.3+0.0s
[640/1120]	[L1: 0.0327]	2.9+0.0s
[680/1120]	[L1: 0.0327]	3.9+0.0s
[720/1120]	[L1: 0.0328]	3.7+0.0s
[760/1120]	[L1: 0.0328]	3.7+0.1s
[800/1120]	[L1: 0.0326]	4.2+0.0s
[840/1120]	[L1: 0.0326]	3.9+0.0s
[880/1120]	[L1: 0.0326]	4.0+0.0s
[920/1120]	[L1: 0.0325]	3.8+0.0s
[960/1120]	[L1: 0.0326]	4.2+0.0s
[1000/1120]	[L1: 0.0325]	4.7+0.0s
[1040/1120]	[L1: 0.0326]	4.4+0.0s
[1080/1120]	[L1: 0.0326]	4.0+0.0s
[1120/1120]	[L1: 0.0326]	4.0+0.0s

Evaluation:
[RSSCN7 x4]	psnr: 27.487 (Best: 27.577 @epoch 71)
Total time: 9.59s

[Epoch 79]	Learning rate: 2.00e-4
[40/1120]	[L1: 0.0347]	3.8+0.0s
[80/1120]	[L1: 0.0334]	4.4+0.0s
[120/1120]	[L1: 0.0334]	4.1+0.0s
[160/1120]	[L1: 0.0329]	4.1+0.0s
[200/1120]	[L1: 0.0328]	4.1+0.0s
[240/1120]	[L1: 0.0330]	3.7+0.0s
[280/1120]	[L1: 0.0322]	4.1+0.0s
[320/1120]	[L1: 0.0324]	3.7+0.1s
[360/1120]	[L1: 0.0325]	3.7+0.0s
[400/1120]	[L1: 0.0330]	3.6+0.0s
[440/1120]	[L1: 0.0327]	3.0+0.0s
[480/1120]	[L1: 0.0329]	2.8+0.0s
[520/1120]	[L1: 0.0330]	2.5+0.0s
[560/1120]	[L1: 0.0333]	2.6+0.0s
[600/1120]	[L1: 0.0333]	2.2+0.0s
[640/1120]	[L1: 0.0331]	2.6+0.0s
[680/1120]	[L1: 0.0330]	2.6+0.0s
[720/1120]	[L1: 0.0329]	2.5+0.0s
[760/1120]	[L1: 0.0328]	2.6+0.0s
[800/1120]	[L1: 0.0327]	2.5+0.0s
[840/1120]	[L1: 0.0328]	2.5+0.0s
[880/1120]	[L1: 0.0327]	2.5+0.0s
[920/1120]	[L1: 0.0326]	2.4+0.0s
[960/1120]	[L1: 0.0326]	2.5+0.0s
[1000/1120]	[L1: 0.0326]	2.3+0.0s
[1040/1120]	[L1: 0.0326]	2.4+0.0s
[1080/1120]	[L1: 0.0325]	2.5+0.0s
[1120/1120]	[L1: 0.0325]	2.4+0.0s

Evaluation:
[RSSCN7 x4]	psnr: 27.578 (Best: 27.578 @epoch 79)
Total time: 7.43s

[Epoch 80]	Learning rate: 2.00e-4
[40/1120]	[L1: 0.0325]	2.4+0.1s
[80/1120]	[L1: 0.0314]	2.3+0.0s
[120/1120]	[L1: 0.0325]	2.4+0.0s
[160/1120]	[L1: 0.0324]	2.3+0.0s
[200/1120]	[L1: 0.0331]	2.3+0.0s
[240/1120]	[L1: 0.0326]	2.4+0.0s
[280/1120]	[L1: 0.0327]	2.4+0.0s
[320/1120]	[L1: 0.0324]	2.5+0.0s
[360/1120]	[L1: 0.0328]	2.6+0.0s
[400/1120]	[L1: 0.0327]	3.1+0.0s
[440/1120]	[L1: 0.0327]	3.8+0.0s
[480/1120]	[L1: 0.0327]	3.9+0.0s
[520/1120]	[L1: 0.0323]	4.0+0.0s
[560/1120]	[L1: 0.0319]	3.8+0.0s
[600/1120]	[L1: 0.0318]	3.6+0.0s
[640/1120]	[L1: 0.0320]	4.1+0.1s
[680/1120]	[L1: 0.0320]	3.9+0.0s
[720/1120]	[L1: 0.0319]	3.9+0.0s
[760/1120]	[L1: 0.0319]	4.4+0.0s
[800/1120]	[L1: 0.0321]	4.0+0.0s
[840/1120]	[L1: 0.0321]	3.8+0.0s
[880/1120]	[L1: 0.0323]	3.5+0.0s
[920/1120]	[L1: 0.0325]	3.6+0.0s
[960/1120]	[L1: 0.0325]	3.7+0.0s
[1000/1120]	[L1: 0.0325]	3.9+0.0s
[1040/1120]	[L1: 0.0325]	4.2+0.0s
[1080/1120]	[L1: 0.0324]	3.9+0.0s
[1120/1120]	[L1: 0.0324]	4.0+0.0s

Evaluation:
[RSSCN7 x4]	psnr: 27.593 (Best: 27.593 @epoch 80)
Total time: 9.67s

[Epoch 81]	Learning rate: 2.00e-4
[40/1120]	[L1: 0.0371]	4.0+0.1s
[80/1120]	[L1: 0.0333]	3.9+0.0s
[120/1120]	[L1: 0.0336]	4.1+0.0s
[160/1120]	[L1: 0.0337]	4.0+0.0s
[200/1120]	[L1: 0.0345]	3.7+0.0s
[240/1120]	[L1: 0.0348]	2.9+0.0s
[280/1120]	[L1: 0.0344]	3.0+0.0s
[320/1120]	[L1: 0.0346]	2.4+0.0s
[360/1120]	[L1: 0.0342]	2.4+0.0s
[400/1120]	[L1: 0.0342]	2.3+0.0s
[440/1120]	[L1: 0.0343]	2.4+0.0s
[480/1120]	[L1: 0.0346]	2.3+0.0s
[520/1120]	[L1: 0.0346]	2.4+0.0s
[560/1120]	[L1: 0.0343]	2.3+0.0s
[600/1120]	[L1: 0.0338]	2.4+0.0s
[640/1120]	[L1: 0.0335]	2.3+0.0s
[680/1120]	[L1: 0.0335]	2.4+0.0s
[720/1120]	[L1: 0.0334]	2.3+0.0s
[760/1120]	[L1: 0.0332]	2.3+0.0s
[800/1120]	[L1: 0.0331]	2.4+0.0s
[840/1120]	[L1: 0.0331]	2.3+0.0s
[880/1120]	[L1: 0.0331]	2.4+0.0s
[920/1120]	[L1: 0.0328]	2.3+0.0s
[960/1120]	[L1: 0.0328]	2.4+0.0s
[1000/1120]	[L1: 0.0327]	2.3+0.0s
[1040/1120]	[L1: 0.0327]	2.4+0.0s
[1080/1120]	[L1: 0.0326]	2.3+0.0s
[1120/1120]	[L1: 0.0326]	2.4+0.0s

Evaluation:
[RSSCN7 x4]	psnr: 27.543 (Best: 27.593 @epoch 80)
Total time: 7.37s

[Epoch 82]	Learning rate: 2.00e-4
[40/1120]	[L1: 0.0344]	2.3+0.0s
[80/1120]	[L1: 0.0313]	2.4+0.0s
[120/1120]	[L1: 0.0312]	2.3+0.0s
[160/1120]	[L1: 0.0321]	2.4+0.0s
[200/1120]	[L1: 0.0325]	3.5+0.0s
[240/1120]	[L1: 0.0320]	4.4+0.0s
[280/1120]	[L1: 0.0322]	4.3+0.1s
[320/1120]	[L1: 0.0318]	3.9+0.0s
[360/1120]	[L1: 0.0320]	3.9+0.0s
[400/1120]	[L1: 0.0318]	4.2+0.0s
[440/1120]	[L1: 0.0319]	4.1+0.0s
[480/1120]	[L1: 0.0321]	4.2+0.0s
[520/1120]	[L1: 0.0319]	4.4+0.1s
[560/1120]	[L1: 0.0320]	3.8+0.0s
[600/1120]	[L1: 0.0322]	4.0+0.0s
[640/1120]	[L1: 0.0322]	4.2+0.0s
[680/1120]	[L1: 0.0324]	3.9+0.0s
[720/1120]	[L1: 0.0323]	3.9+0.0s
[760/1120]	[L1: 0.0325]	4.2+0.0s
[800/1120]	[L1: 0.0325]	4.2+0.0s
[840/1120]	[L1: 0.0324]	4.3+0.0s
[880/1120]	[L1: 0.0326]	4.1+0.0s
[920/1120]	[L1: 0.0327]	4.5+0.0s
[960/1120]	[L1: 0.0326]	4.0+0.0s
[1000/1120]	[L1: 0.0326]	4.1+0.0s
[1040/1120]	[L1: 0.0326]	4.0+0.0s
[1080/1120]	[L1: 0.0329]	4.8+0.0s
[1120/1120]	[L1: 0.0327]	4.4+0.0s

Evaluation:
[RSSCN7 x4]	psnr: 27.498 (Best: 27.593 @epoch 80)
Total time: 8.28s

[Epoch 83]	Learning rate: 2.00e-4
[40/1120]	[L1: 0.0351]	2.7+0.0s
[80/1120]	[L1: 0.0357]	2.9+0.0s
[120/1120]	[L1: 0.0347]	2.9+0.0s
[160/1120]	[L1: 0.0352]	2.6+0.0s
[200/1120]	[L1: 0.0349]	2.6+0.0s
[240/1120]	[L1: 0.0340]	2.4+0.0s
[280/1120]	[L1: 0.0333]	2.5+0.0s
[320/1120]	[L1: 0.0335]	2.3+0.0s
[360/1120]	[L1: 0.0337]	2.3+0.0s
[400/1120]	[L1: 0.0334]	2.5+0.0s
[440/1120]	[L1: 0.0340]	2.4+0.0s
[480/1120]	[L1: 0.0340]	2.4+0.0s
[520/1120]	[L1: 0.0338]	2.5+0.0s
[560/1120]	[L1: 0.0337]	2.3+0.0s
[600/1120]	[L1: 0.0335]	2.4+0.0s
[640/1120]	[L1: 0.0334]	2.5+0.0s
[680/1120]	[L1: 0.0334]	2.8+0.0s
[720/1120]	[L1: 0.0332]	2.8+0.0s
[760/1120]	[L1: 0.0333]	2.6+0.0s
[800/1120]	[L1: 0.0330]	2.3+0.0s
[840/1120]	[L1: 0.0329]	2.4+0.0s
[880/1120]	[L1: 0.0328]	2.4+0.0s
[920/1120]	[L1: 0.0330]	2.3+0.0s
[960/1120]	[L1: 0.0329]	2.3+0.0s
[1000/1120]	[L1: 0.0329]	2.5+0.0s
[1040/1120]	[L1: 0.0327]	2.3+0.0s
[1080/1120]	[L1: 0.0326]	2.5+0.0s
[1120/1120]	[L1: 0.0325]	2.4+0.0s

Evaluation:
[RSSCN7 x4]	psnr: 27.427 (Best: 27.593 @epoch 80)
Total time: 8.33s

[Epoch 84]	Learning rate: 2.00e-4
[40/1120]	[L1: 0.0304]	4.8+0.1s
[80/1120]	[L1: 0.0365]	4.2+0.0s
[120/1120]	[L1: 0.0350]	4.0+0.0s
[160/1120]	[L1: 0.0352]	4.8+0.0s
[200/1120]	[L1: 0.0343]	5.0+0.0s
[240/1120]	[L1: 0.0335]	3.9+0.0s
[280/1120]	[L1: 0.0343]	5.3+0.0s
[320/1120]	[L1: 0.0333]	5.4+0.0s
[360/1120]	[L1: 0.0337]	5.9+0.0s
[400/1120]	[L1: 0.0332]	3.9+0.0s
[440/1120]	[L1: 0.0329]	3.7+0.0s
[480/1120]	[L1: 0.0329]	4.4+0.0s
[520/1120]	[L1: 0.0327]	4.6+0.0s
[560/1120]	[L1: 0.0327]	4.2+0.0s
[600/1120]	[L1: 0.0326]	4.1+0.0s
[640/1120]	[L1: 0.0324]	3.9+0.0s
[680/1120]	[L1: 0.0323]	4.3+0.0s
[720/1120]	[L1: 0.0326]	3.2+0.0s
[760/1120]	[L1: 0.0325]	3.6+0.0s
[800/1120]	[L1: 0.0330]	3.4+0.0s
[840/1120]	[L1: 0.0328]	3.8+0.0s
[880/1120]	[L1: 0.0327]	3.9+0.0s
[920/1120]	[L1: 0.0327]	3.7+0.0s
[960/1120]	[L1: 0.0328]	2.9+0.0s
[1000/1120]	[L1: 0.0327]	3.0+0.0s
[1040/1120]	[L1: 0.0327]	2.8+0.0s
[1080/1120]	[L1: 0.0328]	2.9+0.0s
[1120/1120]	[L1: 0.0327]	2.9+0.0s

Evaluation:
[RSSCN7 x4]	psnr: 27.506 (Best: 27.593 @epoch 80)
Total time: 7.51s

[Epoch 85]	Learning rate: 2.00e-4
[40/1120]	[L1: 0.0347]	2.5+0.0s
[80/1120]	[L1: 0.0350]	2.9+0.0s
[120/1120]	[L1: 0.0329]	2.9+0.0s
[160/1120]	[L1: 0.0331]	2.9+0.0s
[200/1120]	[L1: 0.0334]	2.8+0.0s
[240/1120]	[L1: 0.0336]	2.4+0.0s
[280/1120]	[L1: 0.0328]	2.4+0.0s
[320/1120]	[L1: 0.0326]	2.3+0.0s
[360/1120]	[L1: 0.0328]	2.4+0.0s
[400/1120]	[L1: 0.0329]	2.5+0.0s
[440/1120]	[L1: 0.0324]	2.3+0.0s
[480/1120]	[L1: 0.0325]	2.4+0.0s
[520/1120]	[L1: 0.0323]	2.4+0.0s
[560/1120]	[L1: 0.0322]	2.7+0.0s
[600/1120]	[L1: 0.0321]	2.9+0.0s
[640/1120]	[L1: 0.0323]	2.8+0.0s
[680/1120]	[L1: 0.0325]	2.9+0.0s
[720/1120]	[L1: 0.0326]	2.9+0.0s
[760/1120]	[L1: 0.0325]	2.8+0.0s
[800/1120]	[L1: 0.0325]	2.8+0.0s
[840/1120]	[L1: 0.0325]	3.1+0.0s
[880/1120]	[L1: 0.0323]	3.3+0.0s
[920/1120]	[L1: 0.0323]	3.8+0.0s
[960/1120]	[L1: 0.0322]	3.9+0.0s
[1000/1120]	[L1: 0.0322]	3.6+0.0s
[1040/1120]	[L1: 0.0322]	4.1+0.1s
[1080/1120]	[L1: 0.0325]	4.0+0.0s
[1120/1120]	[L1: 0.0323]	3.7+0.0s

Evaluation:
[RSSCN7 x4]	psnr: 27.538 (Best: 27.593 @epoch 80)
Total time: 9.30s

[Epoch 86]	Learning rate: 2.00e-4
[40/1120]	[L1: 0.0326]	4.2+0.0s
[80/1120]	[L1: 0.0313]	3.8+0.0s
[120/1120]	[L1: 0.0312]	3.9+0.0s
[160/1120]	[L1: 0.0322]	4.2+0.0s
[200/1120]	[L1: 0.0325]	4.0+0.0s
[240/1120]	[L1: 0.0320]	3.4+0.0s
[280/1120]	[L1: 0.0322]	3.6+0.0s
[320/1120]	[L1: 0.0324]	4.1+0.0s
[360/1120]	[L1: 0.0324]	3.5+0.1s
[400/1120]	[L1: 0.0327]	4.2+0.0s
[440/1120]	[L1: 0.0329]	3.9+0.0s
[480/1120]	[L1: 0.0326]	4.3+0.1s
[520/1120]	[L1: 0.0328]	4.0+0.0s
[560/1120]	[L1: 0.0327]	4.2+0.1s
[600/1120]	[L1: 0.0327]	3.8+0.0s
[640/1120]	[L1: 0.0327]	3.3+0.0s
[680/1120]	[L1: 0.0326]	2.9+0.0s
[720/1120]	[L1: 0.0324]	2.9+0.0s
[760/1120]	[L1: 0.0324]	2.8+0.0s
[800/1120]	[L1: 0.0323]	2.4+0.0s
[840/1120]	[L1: 0.0323]	2.4+0.0s
[880/1120]	[L1: 0.0325]	2.4+0.0s
[920/1120]	[L1: 0.0326]	2.4+0.0s
[960/1120]	[L1: 0.0325]	2.3+0.0s
[1000/1120]	[L1: 0.0325]	2.4+0.0s
[1040/1120]	[L1: 0.0326]	2.5+0.0s
[1080/1120]	[L1: 0.0326]	2.4+0.0s
[1120/1120]	[L1: 0.0326]	2.3+0.0s

Evaluation:
[RSSCN7 x4]	psnr: 27.428 (Best: 27.593 @epoch 80)
Total time: 7.46s

[Epoch 87]	Learning rate: 2.00e-4
[40/1120]	[L1: 0.0294]	2.7+0.0s
[80/1120]	[L1: 0.0294]	2.8+0.0s
[120/1120]	[L1: 0.0294]	2.5+0.0s
[160/1120]	[L1: 0.0310]	2.5+0.0s
[200/1120]	[L1: 0.0310]	2.3+0.0s
[240/1120]	[L1: 0.0313]	2.3+0.0s
[280/1120]	[L1: 0.0317]	2.3+0.0s
[320/1120]	[L1: 0.0315]	2.4+0.0s
[360/1120]	[L1: 0.0320]	2.3+0.0s
[400/1120]	[L1: 0.0321]	2.3+0.0s
[440/1120]	[L1: 0.0321]	2.3+0.0s
[480/1120]	[L1: 0.0321]	2.4+0.0s
[520/1120]	[L1: 0.0323]	2.3+0.0s
[560/1120]	[L1: 0.0322]	2.3+0.0s
[600/1120]	[L1: 0.0322]	3.1+0.0s
[640/1120]	[L1: 0.0322]	4.4+0.0s
[680/1120]	[L1: 0.0321]	4.0+0.0s
[720/1120]	[L1: 0.0322]	3.8+0.0s
[760/1120]	[L1: 0.0321]	4.1+0.0s
[800/1120]	[L1: 0.0324]	4.0+0.0s
[840/1120]	[L1: 0.0323]	3.8+0.0s
[880/1120]	[L1: 0.0323]	3.3+0.0s
[920/1120]	[L1: 0.0324]	3.8+0.1s
[960/1120]	[L1: 0.0324]	3.9+0.1s
[1000/1120]	[L1: 0.0323]	4.4+0.0s
[1040/1120]	[L1: 0.0322]	4.5+0.0s
[1080/1120]	[L1: 0.0322]	3.7+0.0s
[1120/1120]	[L1: 0.0323]	4.1+0.1s

Evaluation:
[RSSCN7 x4]	psnr: 27.383 (Best: 27.593 @epoch 80)
Total time: 9.51s

[Epoch 88]	Learning rate: 2.00e-4
[40/1120]	[L1: 0.0312]	4.1+0.0s
[80/1120]	[L1: 0.0313]	4.4+0.1s
[120/1120]	[L1: 0.0330]	4.0+0.0s
[160/1120]	[L1: 0.0336]	4.0+0.0s
[200/1120]	[L1: 0.0335]	3.7+0.0s
[240/1120]	[L1: 0.0334]	3.9+0.0s
[280/1120]	[L1: 0.0331]	4.3+0.0s
[320/1120]	[L1: 0.0328]	3.9+0.0s
[360/1120]	[L1: 0.0332]	3.9+0.0s
[400/1120]	[L1: 0.0332]	3.2+0.0s
[440/1120]	[L1: 0.0328]	2.9+0.0s
[480/1120]	[L1: 0.0327]	2.7+0.0s
[520/1120]	[L1: 0.0327]	2.3+0.0s
[560/1120]	[L1: 0.0325]	2.4+0.0s
[600/1120]	[L1: 0.0325]	2.3+0.0s
[640/1120]	[L1: 0.0324]	2.3+0.0s
[680/1120]	[L1: 0.0323]	2.3+0.0s
[720/1120]	[L1: 0.0323]	2.4+0.0s
[760/1120]	[L1: 0.0326]	2.4+0.0s
[800/1120]	[L1: 0.0328]	2.4+0.0s
[840/1120]	[L1: 0.0325]	2.3+0.0s
[880/1120]	[L1: 0.0327]	2.4+0.0s
[920/1120]	[L1: 0.0326]	2.3+0.0s
[960/1120]	[L1: 0.0328]	2.3+0.0s
[1000/1120]	[L1: 0.0329]	2.3+0.0s
[1040/1120]	[L1: 0.0328]	2.4+0.0s
[1080/1120]	[L1: 0.0328]	2.3+0.0s
[1120/1120]	[L1: 0.0328]	2.3+0.0s

Evaluation:
[RSSCN7 x4]	psnr: 27.494 (Best: 27.593 @epoch 80)
Total time: 7.42s

[Epoch 89]	Learning rate: 2.00e-4
[40/1120]	[L1: 0.0322]	2.4+0.0s
[80/1120]	[L1: 0.0355]	2.3+0.0s
[120/1120]	[L1: 0.0347]	2.3+0.0s
[160/1120]	[L1: 0.0328]	2.3+0.0s
[200/1120]	[L1: 0.0338]	2.3+0.0s
[240/1120]	[L1: 0.0337]	2.5+0.0s
[280/1120]	[L1: 0.0339]	2.7+0.0s
[320/1120]	[L1: 0.0333]	2.3+0.0s
[360/1120]	[L1: 0.0335]	2.3+0.0s
[400/1120]	[L1: 0.0334]	2.3+0.0s
[440/1120]	[L1: 0.0333]	3.5+0.0s
[480/1120]	[L1: 0.0333]	3.8+0.0s
[520/1120]	[L1: 0.0330]	3.8+0.1s
[560/1120]	[L1: 0.0331]	4.0+0.0s
[600/1120]	[L1: 0.0329]	4.2+0.0s
[640/1120]	[L1: 0.0331]	4.0+0.0s
[680/1120]	[L1: 0.0329]	4.1+0.0s
[720/1120]	[L1: 0.0328]	4.4+0.0s
[760/1120]	[L1: 0.0324]	3.8+0.0s
[800/1120]	[L1: 0.0322]	3.9+0.0s
[840/1120]	[L1: 0.0322]	4.2+0.0s
[880/1120]	[L1: 0.0322]	4.0+0.0s
[920/1120]	[L1: 0.0324]	3.9+0.1s
[960/1120]	[L1: 0.0323]	4.1+0.0s
[1000/1120]	[L1: 0.0323]	4.0+0.0s
[1040/1120]	[L1: 0.0322]	4.1+0.0s
[1080/1120]	[L1: 0.0322]	3.9+0.0s
[1120/1120]	[L1: 0.0322]	4.0+0.0s

Evaluation:
[RSSCN7 x4]	psnr: 27.563 (Best: 27.593 @epoch 80)
Total time: 9.26s

[Epoch 90]	Learning rate: 2.00e-4
[40/1120]	[L1: 0.0350]	4.0+0.1s
[80/1120]	[L1: 0.0343]	3.8+0.0s
[120/1120]	[L1: 0.0334]	4.4+0.0s
[160/1120]	[L1: 0.0339]	4.1+0.0s
[200/1120]	[L1: 0.0342]	3.5+0.0s
[240/1120]	[L1: 0.0337]	3.0+0.0s
[280/1120]	[L1: 0.0334]	2.6+0.0s
[320/1120]	[L1: 0.0339]	2.5+0.0s
[360/1120]	[L1: 0.0337]	2.3+0.0s
[400/1120]	[L1: 0.0343]	2.3+0.0s
[440/1120]	[L1: 0.0336]	2.5+0.0s
[480/1120]	[L1: 0.0334]	2.3+0.0s
[520/1120]	[L1: 0.0333]	2.4+0.0s
[560/1120]	[L1: 0.0332]	2.3+0.0s
[600/1120]	[L1: 0.0330]	2.3+0.0s
[640/1120]	[L1: 0.0330]	2.4+0.0s
[680/1120]	[L1: 0.0328]	2.3+0.0s
[720/1120]	[L1: 0.0326]	2.5+0.0s
[760/1120]	[L1: 0.0327]	2.3+0.0s
[800/1120]	[L1: 0.0327]	2.3+0.0s
[840/1120]	[L1: 0.0325]	2.7+0.0s
[880/1120]	[L1: 0.0324]	2.7+0.0s
[920/1120]	[L1: 0.0322]	2.9+0.0s
[960/1120]	[L1: 0.0324]	2.8+0.0s
[1000/1120]	[L1: 0.0323]	2.8+0.0s
[1040/1120]	[L1: 0.0321]	2.9+0.0s
[1080/1120]	[L1: 0.0321]	2.8+0.0s
[1120/1120]	[L1: 0.0323]	2.8+0.0s

Evaluation:
[RSSCN7 x4]	psnr: 27.410 (Best: 27.593 @epoch 80)
Total time: 7.49s

[Epoch 91]	Learning rate: 2.00e-4
[40/1120]	[L1: 0.0317]	2.5+0.0s
[80/1120]	[L1: 0.0374]	2.5+0.0s
[120/1120]	[L1: 0.0362]	2.5+0.0s
[160/1120]	[L1: 0.0353]	2.9+0.0s
[200/1120]	[L1: 0.0344]	3.3+0.0s
[240/1120]	[L1: 0.0337]	3.7+0.0s
[280/1120]	[L1: 0.0333]	4.1+0.0s
[320/1120]	[L1: 0.0330]	4.0+0.0s
[360/1120]	[L1: 0.0327]	3.9+0.0s
[400/1120]	[L1: 0.0327]	4.4+0.0s
[440/1120]	[L1: 0.0331]	4.1+0.0s
[480/1120]	[L1: 0.0332]	3.9+0.0s
[520/1120]	[L1: 0.0331]	3.7+0.1s
[560/1120]	[L1: 0.0333]	4.0+0.0s
[600/1120]	[L1: 0.0332]	4.2+0.0s
[640/1120]	[L1: 0.0332]	4.0+0.0s
[680/1120]	[L1: 0.0335]	3.8+0.0s
[720/1120]	[L1: 0.0334]	3.9+0.0s
[760/1120]	[L1: 0.0332]	4.4+0.0s
[800/1120]	[L1: 0.0330]	4.1+0.0s
[840/1120]	[L1: 0.0329]	3.9+0.0s
[880/1120]	[L1: 0.0330]	4.2+0.1s
[920/1120]	[L1: 0.0329]	4.1+0.0s
[960/1120]	[L1: 0.0329]	4.0+0.0s
[1000/1120]	[L1: 0.0329]	3.7+0.0s
[1040/1120]	[L1: 0.0328]	3.5+0.0s
[1080/1120]	[L1: 0.0330]	3.8+0.0s
[1120/1120]	[L1: 0.0328]	4.2+0.0s

Evaluation:
[RSSCN7 x4]	psnr: 27.446 (Best: 27.593 @epoch 80)
Total time: 8.17s

[Epoch 92]	Learning rate: 2.00e-4
[40/1120]	[L1: 0.0293]	2.6+0.1s
[80/1120]	[L1: 0.0312]	2.9+0.0s
[120/1120]	[L1: 0.0304]	2.8+0.0s
[160/1120]	[L1: 0.0306]	2.5+0.0s
[200/1120]	[L1: 0.0309]	3.0+0.0s
[240/1120]	[L1: 0.0316]	2.4+0.0s
[280/1120]	[L1: 0.0313]	2.3+0.0s
[320/1120]	[L1: 0.0309]	2.3+0.0s
[360/1120]	[L1: 0.0307]	2.4+0.0s
[400/1120]	[L1: 0.0308]	2.5+0.0s
[440/1120]	[L1: 0.0310]	2.4+0.0s
[480/1120]	[L1: 0.0317]	2.4+0.0s
[520/1120]	[L1: 0.0315]	2.4+0.0s
[560/1120]	[L1: 0.0316]	2.4+0.0s
[600/1120]	[L1: 0.0314]	2.3+0.0s
[640/1120]	[L1: 0.0317]	2.4+0.0s
[680/1120]	[L1: 0.0318]	2.6+0.0s
[720/1120]	[L1: 0.0319]	2.8+0.0s
[760/1120]	[L1: 0.0321]	2.6+0.0s
[800/1120]	[L1: 0.0323]	2.3+0.0s
[840/1120]	[L1: 0.0325]	2.4+0.0s
[880/1120]	[L1: 0.0324]	2.3+0.0s
[920/1120]	[L1: 0.0324]	2.3+0.0s
[960/1120]	[L1: 0.0324]	2.3+0.0s
[1000/1120]	[L1: 0.0324]	2.3+0.0s
[1040/1120]	[L1: 0.0325]	2.3+0.0s
[1080/1120]	[L1: 0.0325]	2.4+0.0s
[1120/1120]	[L1: 0.0323]	2.7+0.0s

Evaluation:
[RSSCN7 x4]	psnr: 27.614 (Best: 27.614 @epoch 92)
Total time: 9.25s

[Epoch 93]	Learning rate: 2.00e-4
[40/1120]	[L1: 0.0315]	4.1+0.1s
[80/1120]	[L1: 0.0352]	4.6+0.0s
[120/1120]	[L1: 0.0333]	4.2+0.0s
[160/1120]	[L1: 0.0332]	4.0+0.0s
[200/1120]	[L1: 0.0341]	4.1+0.0s
[240/1120]	[L1: 0.0334]	4.2+0.0s
[280/1120]	[L1: 0.0331]	3.9+0.0s
[320/1120]	[L1: 0.0329]	4.0+0.0s
[360/1120]	[L1: 0.0327]	4.0+0.0s
[400/1120]	[L1: 0.0325]	4.0+0.0s
[440/1120]	[L1: 0.0326]	4.3+0.0s
[480/1120]	[L1: 0.0324]	3.6+0.0s
[520/1120]	[L1: 0.0325]	4.2+0.0s
[560/1120]	[L1: 0.0327]	3.8+0.0s
[600/1120]	[L1: 0.0327]	4.0+0.0s
[640/1120]	[L1: 0.0327]	3.8+0.0s
[680/1120]	[L1: 0.0327]	4.0+0.0s
[720/1120]	[L1: 0.0326]	3.5+0.0s
[760/1120]	[L1: 0.0325]	3.3+0.0s
[800/1120]	[L1: 0.0325]	3.7+0.0s
[840/1120]	[L1: 0.0325]	4.2+0.0s
[880/1120]	[L1: 0.0323]	4.3+0.1s
[920/1120]	[L1: 0.0323]	4.2+0.0s
[960/1120]	[L1: 0.0322]	3.7+0.0s
[1000/1120]	[L1: 0.0322]	2.9+0.0s
[1040/1120]	[L1: 0.0322]	2.9+0.0s
[1080/1120]	[L1: 0.0322]	2.4+0.0s
[1120/1120]	[L1: 0.0323]	2.8+0.0s

Evaluation:
[RSSCN7 x4]	psnr: 27.614 (Best: 27.614 @epoch 93)
Total time: 7.48s

[Epoch 94]	Learning rate: 2.00e-4
[40/1120]	[L1: 0.0316]	2.5+0.0s
[80/1120]	[L1: 0.0324]	2.4+0.0s
[120/1120]	[L1: 0.0326]	2.4+0.0s
[160/1120]	[L1: 0.0320]	2.4+0.0s
[200/1120]	[L1: 0.0328]	2.4+0.0s
[240/1120]	[L1: 0.0328]	2.3+0.0s
[280/1120]	[L1: 0.0327]	2.4+0.0s
[320/1120]	[L1: 0.0323]	2.3+0.0s
[360/1120]	[L1: 0.0327]	2.3+0.0s
[400/1120]	[L1: 0.0325]	2.3+0.0s
[440/1120]	[L1: 0.0325]	2.3+0.0s
[480/1120]	[L1: 0.0328]	2.3+0.0s
[520/1120]	[L1: 0.0330]	2.3+0.0s
[560/1120]	[L1: 0.0326]	2.3+0.0s
[600/1120]	[L1: 0.0327]	2.4+0.0s
[640/1120]	[L1: 0.0327]	2.3+0.0s
[680/1120]	[L1: 0.0326]	2.3+0.0s
[720/1120]	[L1: 0.0327]	2.3+0.0s
[760/1120]	[L1: 0.0326]	2.3+0.0s
[800/1120]	[L1: 0.0326]	2.3+0.0s
[840/1120]	[L1: 0.0327]	2.4+0.0s
[880/1120]	[L1: 0.0327]	2.4+0.0s
[920/1120]	[L1: 0.0326]	2.3+0.0s
[960/1120]	[L1: 0.0326]	2.5+0.0s
[1000/1120]	[L1: 0.0324]	4.1+0.0s
[1040/1120]	[L1: 0.0323]	4.6+0.0s
[1080/1120]	[L1: 0.0324]	3.8+0.0s
[1120/1120]	[L1: 0.0323]	3.7+0.0s

Evaluation:
[RSSCN7 x4]	psnr: 27.617 (Best: 27.617 @epoch 94)
Total time: 9.14s

[Epoch 95]	Learning rate: 2.00e-4
[40/1120]	[L1: 0.0372]	3.8+0.2s
[80/1120]	[L1: 0.0365]	3.8+0.0s
[120/1120]	[L1: 0.0369]	4.1+0.0s
[160/1120]	[L1: 0.0358]	3.9+0.0s
[200/1120]	[L1: 0.0349]	3.9+0.0s
[240/1120]	[L1: 0.0334]	3.9+0.0s
[280/1120]	[L1: 0.0331]	4.0+0.0s
[320/1120]	[L1: 0.0326]	4.0+0.1s
[360/1120]	[L1: 0.0332]	4.2+0.0s
[400/1120]	[L1: 0.0330]	3.9+0.0s
[440/1120]	[L1: 0.0326]	3.4+0.0s
[480/1120]	[L1: 0.0325]	3.6+0.0s
[520/1120]	[L1: 0.0322]	3.9+0.0s
[560/1120]	[L1: 0.0323]	3.8+0.1s
[600/1120]	[L1: 0.0326]	4.1+0.0s
[640/1120]	[L1: 0.0330]	4.0+0.0s
[680/1120]	[L1: 0.0328]	4.0+0.0s
[720/1120]	[L1: 0.0326]	3.7+0.0s
[760/1120]	[L1: 0.0326]	3.8+0.0s
[800/1120]	[L1: 0.0327]	3.0+0.0s
[840/1120]	[L1: 0.0329]	2.8+0.0s
[880/1120]	[L1: 0.0329]	2.4+0.0s
[920/1120]	[L1: 0.0326]	2.3+0.0s
[960/1120]	[L1: 0.0326]	2.4+0.0s
[1000/1120]	[L1: 0.0326]	2.3+0.0s
[1040/1120]	[L1: 0.0326]	2.3+0.0s
[1080/1120]	[L1: 0.0326]	2.3+0.0s
[1120/1120]	[L1: 0.0326]	2.6+0.0s

Evaluation:
[RSSCN7 x4]	psnr: 27.532 (Best: 27.617 @epoch 94)
Total time: 7.50s

[Epoch 96]	Learning rate: 2.00e-4
[40/1120]	[L1: 0.0317]	2.3+0.0s
[80/1120]	[L1: 0.0312]	2.4+0.0s
[120/1120]	[L1: 0.0320]	2.4+0.0s
[160/1120]	[L1: 0.0322]	2.3+0.0s
[200/1120]	[L1: 0.0330]	2.3+0.0s
[240/1120]	[L1: 0.0336]	2.4+0.0s
[280/1120]	[L1: 0.0338]	2.7+0.0s
[320/1120]	[L1: 0.0337]	2.3+0.0s
[360/1120]	[L1: 0.0334]	2.4+0.0s
[400/1120]	[L1: 0.0332]	2.4+0.0s
[440/1120]	[L1: 0.0332]	2.3+0.0s
[480/1120]	[L1: 0.0330]	2.3+0.0s
[520/1120]	[L1: 0.0328]	2.4+0.0s
[560/1120]	[L1: 0.0327]	2.4+0.0s
[600/1120]	[L1: 0.0324]	2.4+0.0s
[640/1120]	[L1: 0.0325]	2.3+0.0s
[680/1120]	[L1: 0.0326]	2.3+0.0s
[720/1120]	[L1: 0.0328]	2.4+0.0s
[760/1120]	[L1: 0.0328]	2.3+0.0s
[800/1120]	[L1: 0.0328]	2.6+0.0s
[840/1120]	[L1: 0.0327]	3.3+0.0s
[880/1120]	[L1: 0.0328]	3.8+0.0s
[920/1120]	[L1: 0.0326]	3.9+0.0s
[960/1120]	[L1: 0.0325]	3.9+0.0s
[1000/1120]	[L1: 0.0323]	4.0+0.0s
[1040/1120]	[L1: 0.0323]	4.8+0.0s
[1080/1120]	[L1: 0.0321]	3.9+0.0s
[1120/1120]	[L1: 0.0321]	4.1+0.0s

Evaluation:
[RSSCN7 x4]	psnr: 27.555 (Best: 27.617 @epoch 94)
Total time: 9.60s

[Epoch 97]	Learning rate: 2.00e-4
[40/1120]	[L1: 0.0388]	3.6+0.0s
[80/1120]	[L1: 0.0350]	4.3+0.0s
[120/1120]	[L1: 0.0350]	4.0+0.0s
[160/1120]	[L1: 0.0342]	4.0+0.0s
[200/1120]	[L1: 0.0346]	3.9+0.0s
[240/1120]	[L1: 0.0338]	4.2+0.1s
[280/1120]	[L1: 0.0340]	3.8+0.0s
[320/1120]	[L1: 0.0345]	4.0+0.0s
[360/1120]	[L1: 0.0341]	3.8+0.0s
[400/1120]	[L1: 0.0339]	3.8+0.0s
[440/1120]	[L1: 0.0336]	3.8+0.0s
[480/1120]	[L1: 0.0332]	4.1+0.0s
[520/1120]	[L1: 0.0332]	3.7+0.0s
[560/1120]	[L1: 0.0329]	3.7+0.0s
[600/1120]	[L1: 0.0330]	3.8+0.0s
[640/1120]	[L1: 0.0324]	2.9+0.0s
[680/1120]	[L1: 0.0325]	2.8+0.0s
[720/1120]	[L1: 0.0324]	2.8+0.0s
[760/1120]	[L1: 0.0325]	2.8+0.0s
[800/1120]	[L1: 0.0326]	3.0+0.0s
[840/1120]	[L1: 0.0328]	2.4+0.0s
[880/1120]	[L1: 0.0328]	2.4+0.0s
[920/1120]	[L1: 0.0324]	2.4+0.0s
[960/1120]	[L1: 0.0323]	2.4+0.0s
[1000/1120]	[L1: 0.0324]	2.3+0.0s
[1040/1120]	[L1: 0.0323]	2.4+0.0s
[1080/1120]	[L1: 0.0323]	2.3+0.0s
[1120/1120]	[L1: 0.0324]	2.3+0.0s

Evaluation:
[RSSCN7 x4]	psnr: 27.474 (Best: 27.617 @epoch 94)
Total time: 7.47s

[Epoch 98]	Learning rate: 2.00e-4
[40/1120]	[L1: 0.0391]	3.1+0.0s
[80/1120]	[L1: 0.0351]	2.9+0.0s
[120/1120]	[L1: 0.0340]	2.5+0.0s
[160/1120]	[L1: 0.0333]	2.6+0.0s
[200/1120]	[L1: 0.0334]	2.8+0.0s
[240/1120]	[L1: 0.0329]	2.5+0.0s
[280/1120]	[L1: 0.0326]	2.4+0.0s
[320/1120]	[L1: 0.0327]	2.3+0.0s
[360/1120]	[L1: 0.0326]	2.4+0.0s
[400/1120]	[L1: 0.0327]	2.4+0.0s
[440/1120]	[L1: 0.0328]	2.3+0.0s
[480/1120]	[L1: 0.0327]	2.4+0.0s
[520/1120]	[L1: 0.0326]	2.3+0.0s
[560/1120]	[L1: 0.0327]	2.3+0.0s
[600/1120]	[L1: 0.0326]	3.4+0.0s
[640/1120]	[L1: 0.0326]	3.7+0.0s
[680/1120]	[L1: 0.0325]	3.9+0.0s
[720/1120]	[L1: 0.0321]	4.2+0.0s
[760/1120]	[L1: 0.0321]	4.1+0.0s
[800/1120]	[L1: 0.0320]	4.2+0.0s
[840/1120]	[L1: 0.0320]	4.3+0.0s
[880/1120]	[L1: 0.0321]	3.8+0.0s
[920/1120]	[L1: 0.0319]	4.2+0.0s
[960/1120]	[L1: 0.0322]	4.3+0.0s
[1000/1120]	[L1: 0.0323]	3.9+0.0s
[1040/1120]	[L1: 0.0322]	4.2+0.0s
[1080/1120]	[L1: 0.0323]	4.3+0.0s
[1120/1120]	[L1: 0.0323]	3.9+0.0s

Evaluation:
[RSSCN7 x4]	psnr: 27.500 (Best: 27.617 @epoch 94)
Total time: 9.36s

[Epoch 99]	Learning rate: 2.00e-4
[40/1120]	[L1: 0.0336]	4.1+0.0s
[80/1120]	[L1: 0.0315]	4.2+0.0s
[120/1120]	[L1: 0.0327]	4.1+0.0s
[160/1120]	[L1: 0.0338]	4.0+0.0s
[200/1120]	[L1: 0.0336]	3.9+0.0s
[240/1120]	[L1: 0.0333]	3.6+0.0s
[280/1120]	[L1: 0.0331]	3.9+0.0s
[320/1120]	[L1: 0.0332]	3.8+0.0s
[360/1120]	[L1: 0.0328]	4.1+0.0s
[400/1120]	[L1: 0.0327]	2.9+0.0s
[440/1120]	[L1: 0.0328]	2.5+0.0s
[480/1120]	[L1: 0.0325]	2.8+0.0s
[520/1120]	[L1: 0.0323]	2.5+0.0s
[560/1120]	[L1: 0.0321]	2.4+0.0s
[600/1120]	[L1: 0.0320]	2.4+0.0s
[640/1120]	[L1: 0.0321]	2.5+0.0s
[680/1120]	[L1: 0.0322]	2.3+0.0s
[720/1120]	[L1: 0.0320]	2.3+0.0s
[760/1120]	[L1: 0.0319]	2.4+0.0s
[800/1120]	[L1: 0.0319]	2.4+0.0s
[840/1120]	[L1: 0.0321]	2.4+0.0s
[880/1120]	[L1: 0.0320]	2.3+0.0s
[920/1120]	[L1: 0.0319]	2.8+0.0s
[960/1120]	[L1: 0.0320]	2.9+0.0s
[1000/1120]	[L1: 0.0320]	2.9+0.0s
[1040/1120]	[L1: 0.0320]	2.9+0.0s
[1080/1120]	[L1: 0.0321]	2.9+0.0s
[1120/1120]	[L1: 0.0322]	2.4+0.0s

Evaluation:
[RSSCN7 x4]	psnr: 27.607 (Best: 27.617 @epoch 94)
Total time: 7.44s

[Epoch 100]	Learning rate: 2.00e-4
[40/1120]	[L1: 0.0310]	2.4+0.0s
[80/1120]	[L1: 0.0291]	2.4+0.0s
[120/1120]	[L1: 0.0303]	2.9+0.0s
[160/1120]	[L1: 0.0305]	2.8+0.0s
[200/1120]	[L1: 0.0303]	2.8+0.0s
[240/1120]	[L1: 0.0311]	2.4+0.0s
[280/1120]	[L1: 0.0316]	2.5+0.0s
[320/1120]	[L1: 0.0323]	2.4+0.0s
[360/1120]	[L1: 0.0324]	2.7+0.0s
[400/1120]	[L1: 0.0324]	3.3+0.0s
[440/1120]	[L1: 0.0322]	3.9+0.0s
[480/1120]	[L1: 0.0325]	4.0+0.0s
[520/1120]	[L1: 0.0322]	4.3+0.0s
[560/1120]	[L1: 0.0321]	4.1+0.0s
[600/1120]	[L1: 0.0321]	4.2+0.0s
[640/1120]	[L1: 0.0323]	3.4+0.0s
[680/1120]	[L1: 0.0322]	3.9+0.0s
[720/1120]	[L1: 0.0322]	3.8+0.0s
[760/1120]	[L1: 0.0321]	4.1+0.0s
[800/1120]	[L1: 0.0322]	3.8+0.0s
[840/1120]	[L1: 0.0321]	3.8+0.0s
[880/1120]	[L1: 0.0321]	3.8+0.0s
[920/1120]	[L1: 0.0323]	4.8+0.0s
[960/1120]	[L1: 0.0322]	4.3+0.0s
[1000/1120]	[L1: 0.0322]	3.7+0.0s
[1040/1120]	[L1: 0.0320]	3.8+0.0s
[1080/1120]	[L1: 0.0322]	4.2+0.0s
[1120/1120]	[L1: 0.0324]	3.9+0.0s
Saved epoch checkpoint at epoch 100

Evaluation:
[RSSCN7 x4]	psnr: 27.576 (Best: 27.617 @epoch 94)
Total time: 9.31s

[Epoch 101]	Learning rate: 2.00e-4
[40/1120]	[L1: 0.0355]	3.9+0.0s
[80/1120]	[L1: 0.0348]	3.8+0.0s
[120/1120]	[L1: 0.0349]	3.9+0.0s
[160/1120]	[L1: 0.0349]	3.1+0.0s
[200/1120]	[L1: 0.0349]	2.9+0.0s
[240/1120]	[L1: 0.0339]	2.9+0.0s
[280/1120]	[L1: 0.0337]	2.9+0.0s
[320/1120]	[L1: 0.0332]	2.8+0.0s
[360/1120]	[L1: 0.0326]	2.5+0.0s
[400/1120]	[L1: 0.0327]	2.3+0.0s
[440/1120]	[L1: 0.0327]	2.3+0.0s
[480/1120]	[L1: 0.0326]	2.3+0.0s
[520/1120]	[L1: 0.0326]	2.3+0.0s
[560/1120]	[L1: 0.0326]	2.3+0.0s
[600/1120]	[L1: 0.0328]	2.4+0.0s
[640/1120]	[L1: 0.0322]	2.4+0.0s
[680/1120]	[L1: 0.0323]	2.9+0.0s
[720/1120]	[L1: 0.0323]	2.9+0.0s
[760/1120]	[L1: 0.0323]	2.9+0.0s
[800/1120]	[L1: 0.0322]	2.8+0.0s
[840/1120]	[L1: 0.0322]	2.5+0.0s
[880/1120]	[L1: 0.0322]	2.3+0.0s
[920/1120]	[L1: 0.0323]	2.4+0.0s
[960/1120]	[L1: 0.0322]	2.3+0.0s
[1000/1120]	[L1: 0.0322]	2.7+0.0s
[1040/1120]	[L1: 0.0322]	2.7+0.0s
[1080/1120]	[L1: 0.0322]	2.4+0.0s
[1120/1120]	[L1: 0.0321]	2.4+0.0s

Evaluation:
[RSSCN7 x4]	psnr: 27.569 (Best: 27.617 @epoch 94)
Total time: 7.47s

[Epoch 102]	Learning rate: 2.00e-4
[40/1120]	[L1: 0.0343]	2.4+0.0s
[80/1120]	[L1: 0.0334]	2.3+0.0s
[120/1120]	[L1: 0.0340]	3.3+0.1s
[160/1120]	[L1: 0.0331]	3.5+0.0s
[200/1120]	[L1: 0.0339]	3.7+0.0s
[240/1120]	[L1: 0.0337]	3.9+0.0s
[280/1120]	[L1: 0.0330]	3.9+0.0s
[320/1120]	[L1: 0.0328]	3.7+0.1s
[360/1120]	[L1: 0.0329]	3.9+0.0s
[400/1120]	[L1: 0.0327]	4.1+0.0s
[440/1120]	[L1: 0.0327]	3.9+0.0s
[480/1120]	[L1: 0.0327]	4.7+0.0s
[520/1120]	[L1: 0.0326]	3.9+0.0s
[560/1120]	[L1: 0.0328]	3.8+0.0s
[600/1120]	[L1: 0.0327]	3.9+0.0s
[640/1120]	[L1: 0.0328]	4.8+0.0s
[680/1120]	[L1: 0.0327]	4.6+0.0s
[720/1120]	[L1: 0.0327]	4.3+0.0s
[760/1120]	[L1: 0.0328]	4.0+0.0s
[800/1120]	[L1: 0.0328]	4.3+0.0s
[840/1120]	[L1: 0.0327]	4.4+0.0s
[880/1120]	[L1: 0.0327]	4.1+0.0s
[920/1120]	[L1: 0.0327]	4.4+0.0s
[960/1120]	[L1: 0.0325]	4.0+0.0s
[1000/1120]	[L1: 0.0324]	4.1+0.0s
[1040/1120]	[L1: 0.0323]	4.3+0.0s
[1080/1120]	[L1: 0.0322]	3.8+0.0s
[1120/1120]	[L1: 0.0323]	3.3+0.0s

Evaluation:
[RSSCN7 x4]	psnr: 27.395 (Best: 27.617 @epoch 94)
Total time: 7.48s

[Epoch 103]	Learning rate: 2.00e-4
[40/1120]	[L1: 0.0251]	2.5+0.0s
[80/1120]	[L1: 0.0290]	2.4+0.0s
[120/1120]	[L1: 0.0294]	2.5+0.0s
[160/1120]	[L1: 0.0315]	2.4+0.0s
[200/1120]	[L1: 0.0323]	2.3+0.0s
[240/1120]	[L1: 0.0318]	2.4+0.0s
[280/1120]	[L1: 0.0315]	2.3+0.0s
[320/1120]	[L1: 0.0314]	2.3+0.0s
[360/1120]	[L1: 0.0314]	2.3+0.0s
[400/1120]	[L1: 0.0316]	2.4+0.0s
[440/1120]	[L1: 0.0317]	2.4+0.0s
[480/1120]	[L1: 0.0318]	2.3+0.0s
[520/1120]	[L1: 0.0319]	2.3+0.0s
[560/1120]	[L1: 0.0319]	2.3+0.0s
[600/1120]	[L1: 0.0319]	2.4+0.0s
[640/1120]	[L1: 0.0317]	2.3+0.0s
[680/1120]	[L1: 0.0319]	2.4+0.0s
[720/1120]	[L1: 0.0320]	2.3+0.0s
[760/1120]	[L1: 0.0322]	2.4+0.0s
[800/1120]	[L1: 0.0321]	2.3+0.0s
[840/1120]	[L1: 0.0320]	2.3+0.0s
[880/1120]	[L1: 0.0320]	2.3+0.0s
[920/1120]	[L1: 0.0323]	2.3+0.0s
[960/1120]	[L1: 0.0324]	2.4+0.0s
[1000/1120]	[L1: 0.0324]	2.3+0.0s
[1040/1120]	[L1: 0.0325]	2.3+0.0s
[1080/1120]	[L1: 0.0324]	2.3+0.0s
[1120/1120]	[L1: 0.0323]	2.3+0.0s

Evaluation:
[RSSCN7 x4]	psnr: 27.587 (Best: 27.617 @epoch 94)
Total time: 9.13s

[Epoch 104]	Learning rate: 2.00e-4
[40/1120]	[L1: 0.0301]	4.2+0.0s
[80/1120]	[L1: 0.0289]	4.1+0.0s
[120/1120]	[L1: 0.0308]	4.1+0.0s
[160/1120]	[L1: 0.0307]	4.3+0.0s
[200/1120]	[L1: 0.0309]	4.1+0.0s
[240/1120]	[L1: 0.0307]	4.1+0.0s
[280/1120]	[L1: 0.0317]	4.0+0.0s
[320/1120]	[L1: 0.0318]	4.4+0.0s
[360/1120]	[L1: 0.0317]	4.0+0.0s
[400/1120]	[L1: 0.0317]	3.9+0.0s
[440/1120]	[L1: 0.0318]	4.3+0.0s
[480/1120]	[L1: 0.0317]	3.7+0.0s
[520/1120]	[L1: 0.0314]	4.0+0.0s
[560/1120]	[L1: 0.0315]	4.3+0.0s
[600/1120]	[L1: 0.0317]	4.0+0.0s
[640/1120]	[L1: 0.0317]	3.6+0.0s
[680/1120]	[L1: 0.0317]	3.9+0.0s
[720/1120]	[L1: 0.0317]	3.6+0.0s
[760/1120]	[L1: 0.0318]	3.3+0.0s
[800/1120]	[L1: 0.0317]	4.1+0.0s
[840/1120]	[L1: 0.0317]	3.9+0.0s
[880/1120]	[L1: 0.0318]	3.8+0.0s
[920/1120]	[L1: 0.0317]	3.7+0.0s
[960/1120]	[L1: 0.0317]	2.9+0.0s
[1000/1120]	[L1: 0.0318]	2.5+0.0s
[1040/1120]	[L1: 0.0318]	2.5+0.0s
[1080/1120]	[L1: 0.0318]	2.3+0.0s
[1120/1120]	[L1: 0.0320]	2.4+0.0s

Evaluation:
[RSSCN7 x4]	psnr: 27.618 (Best: 27.618 @epoch 104)
Total time: 7.43s

[Epoch 105]	Learning rate: 2.00e-4
[40/1120]	[L1: 0.0278]	2.4+0.1s
[80/1120]	[L1: 0.0305]	2.4+0.0s
[120/1120]	[L1: 0.0318]	2.3+0.0s
[160/1120]	[L1: 0.0318]	2.4+0.0s
[200/1120]	[L1: 0.0317]	2.3+0.0s
[240/1120]	[L1: 0.0318]	2.3+0.0s
[280/1120]	[L1: 0.0317]	2.4+0.0s
[320/1120]	[L1: 0.0315]	2.3+0.0s
[360/1120]	[L1: 0.0318]	2.5+0.0s
[400/1120]	[L1: 0.0320]	2.3+0.0s
[440/1120]	[L1: 0.0317]	2.3+0.0s
[480/1120]	[L1: 0.0319]	2.5+0.0s
[520/1120]	[L1: 0.0320]	2.4+0.0s
[560/1120]	[L1: 0.0320]	2.5+0.0s
[600/1120]	[L1: 0.0322]	2.3+0.0s
[640/1120]	[L1: 0.0323]	2.4+0.0s
[680/1120]	[L1: 0.0322]	2.5+0.0s
[720/1120]	[L1: 0.0322]	2.4+0.0s
[760/1120]	[L1: 0.0322]	2.5+0.0s
[800/1120]	[L1: 0.0325]	2.4+0.0s
[840/1120]	[L1: 0.0324]	2.6+0.0s
[880/1120]	[L1: 0.0323]	2.9+0.0s
[920/1120]	[L1: 0.0326]	3.2+0.0s
[960/1120]	[L1: 0.0324]	3.7+0.0s
[1000/1120]	[L1: 0.0322]	3.8+0.0s
[1040/1120]	[L1: 0.0322]	3.6+0.0s
[1080/1120]	[L1: 0.0322]	3.5+0.0s
[1120/1120]	[L1: 0.0322]	3.2+0.0s

Evaluation:
[RSSCN7 x4]	psnr: 27.624 (Best: 27.624 @epoch 105)
Total time: 9.64s

[Epoch 106]	Learning rate: 2.00e-4
[40/1120]	[L1: 0.0332]	4.0+0.1s
[80/1120]	[L1: 0.0338]	3.6+0.0s
[120/1120]	[L1: 0.0337]	3.2+0.0s
[160/1120]	[L1: 0.0338]	3.5+0.0s
[200/1120]	[L1: 0.0342]	4.1+0.0s
[240/1120]	[L1: 0.0341]	3.8+0.0s
[280/1120]	[L1: 0.0343]	4.0+0.0s
[320/1120]	[L1: 0.0344]	4.5+0.0s
[360/1120]	[L1: 0.0337]	4.2+0.0s
[400/1120]	[L1: 0.0335]	3.8+0.0s
[440/1120]	[L1: 0.0330]	3.8+0.0s
[480/1120]	[L1: 0.0325]	3.9+0.0s
[520/1120]	[L1: 0.0326]	4.4+0.0s
[560/1120]	[L1: 0.0323]	3.9+0.0s
[600/1120]	[L1: 0.0320]	3.7+0.1s
[640/1120]	[L1: 0.0321]	4.3+0.0s
[680/1120]	[L1: 0.0322]	3.5+0.0s
[720/1120]	[L1: 0.0320]	3.8+0.0s
[760/1120]	[L1: 0.0323]	3.3+0.0s
[800/1120]	[L1: 0.0322]	3.0+0.0s
[840/1120]	[L1: 0.0322]	3.1+0.0s
[880/1120]	[L1: 0.0323]	2.8+0.0s
[920/1120]	[L1: 0.0322]	2.4+0.0s
[960/1120]	[L1: 0.0321]	2.4+0.0s
[1000/1120]	[L1: 0.0321]	2.3+0.0s
[1040/1120]	[L1: 0.0321]	2.4+0.0s
[1080/1120]	[L1: 0.0322]	2.3+0.0s
[1120/1120]	[L1: 0.0322]	2.3+0.0s

Evaluation:
[RSSCN7 x4]	psnr: 27.503 (Best: 27.624 @epoch 105)
Total time: 7.54s

[Epoch 107]	Learning rate: 2.00e-4
[40/1120]	[L1: 0.0327]	3.0+0.0s
[80/1120]	[L1: 0.0326]	2.9+0.0s
[120/1120]	[L1: 0.0332]	2.8+0.0s
[160/1120]	[L1: 0.0328]	2.5+0.0s
[200/1120]	[L1: 0.0325]	2.4+0.0s
[240/1120]	[L1: 0.0328]	2.7+0.0s
[280/1120]	[L1: 0.0325]	2.6+0.0s
[320/1120]	[L1: 0.0320]	2.4+0.0s
[360/1120]	[L1: 0.0320]	2.4+0.0s
[400/1120]	[L1: 0.0319]	2.4+0.0s
[440/1120]	[L1: 0.0321]	2.3+0.0s
[480/1120]	[L1: 0.0322]	2.3+0.0s
[520/1120]	[L1: 0.0322]	2.4+0.0s
[560/1120]	[L1: 0.0321]	2.3+0.0s
[600/1120]	[L1: 0.0322]	2.5+0.0s
[640/1120]	[L1: 0.0324]	2.3+0.0s
[680/1120]	[L1: 0.0325]	2.4+0.0s
[720/1120]	[L1: 0.0324]	2.7+0.0s
[760/1120]	[L1: 0.0324]	3.5+0.0s
[800/1120]	[L1: 0.0325]	3.1+0.0s
[840/1120]	[L1: 0.0325]	4.1+0.0s
[880/1120]	[L1: 0.0325]	3.8+0.0s
[920/1120]	[L1: 0.0324]	3.7+0.0s
[960/1120]	[L1: 0.0324]	4.1+0.1s
[1000/1120]	[L1: 0.0323]	4.1+0.0s
[1040/1120]	[L1: 0.0322]	4.1+0.0s
[1080/1120]	[L1: 0.0322]	4.1+0.0s
[1120/1120]	[L1: 0.0322]	3.7+0.0s

Evaluation:
[RSSCN7 x4]	psnr: 27.553 (Best: 27.624 @epoch 105)
Total time: 9.14s

[Epoch 108]	Learning rate: 2.00e-4
[40/1120]	[L1: 0.0334]	3.9+0.1s
[80/1120]	[L1: 0.0317]	3.3+0.0s
[120/1120]	[L1: 0.0315]	3.2+0.0s
[160/1120]	[L1: 0.0310]	3.8+0.0s
[200/1120]	[L1: 0.0303]	3.8+0.0s
[240/1120]	[L1: 0.0301]	3.8+0.0s
[280/1120]	[L1: 0.0309]	3.6+0.0s
[320/1120]	[L1: 0.0309]	3.5+0.0s
[360/1120]	[L1: 0.0314]	3.5+0.0s
[400/1120]	[L1: 0.0312]	3.9+0.0s
[440/1120]	[L1: 0.0317]	4.1+0.0s
[480/1120]	[L1: 0.0319]	4.3+0.0s
[520/1120]	[L1: 0.0322]	3.7+0.0s
[560/1120]	[L1: 0.0322]	4.1+0.0s
[600/1120]	[L1: 0.0323]	3.0+0.0s
[640/1120]	[L1: 0.0322]	3.2+0.0s
[680/1120]	[L1: 0.0324]	2.9+0.0s
[720/1120]	[L1: 0.0322]	2.9+0.0s
[760/1120]	[L1: 0.0323]	2.8+0.0s
[800/1120]	[L1: 0.0324]	3.1+0.0s
[840/1120]	[L1: 0.0324]	2.6+0.0s
[880/1120]	[L1: 0.0323]	2.7+0.0s
[920/1120]	[L1: 0.0323]	2.4+0.0s
[960/1120]	[L1: 0.0323]	2.5+0.0s
[1000/1120]	[L1: 0.0324]	2.5+0.0s
[1040/1120]	[L1: 0.0325]	2.5+0.0s
[1080/1120]	[L1: 0.0324]	2.4+0.0s
[1120/1120]	[L1: 0.0323]	2.5+0.0s

Evaluation:
[RSSCN7 x4]	psnr: 27.565 (Best: 27.624 @epoch 105)
Total time: 7.46s

[Epoch 109]	Learning rate: 2.00e-4
[40/1120]	[L1: 0.0277]	2.5+0.0s
[80/1120]	[L1: 0.0309]	2.3+0.0s
[120/1120]	[L1: 0.0316]	2.3+0.0s
[160/1120]	[L1: 0.0321]	2.4+0.0s
[200/1120]	[L1: 0.0326]	2.3+0.0s
[240/1120]	[L1: 0.0321]	2.4+0.0s
[280/1120]	[L1: 0.0314]	2.3+0.0s
[320/1120]	[L1: 0.0306]	2.4+0.0s
[360/1120]	[L1: 0.0309]	2.3+0.0s
[400/1120]	[L1: 0.0308]	2.5+0.0s
[440/1120]	[L1: 0.0312]	2.3+0.0s
[480/1120]	[L1: 0.0313]	2.4+0.0s
[520/1120]	[L1: 0.0316]	2.3+0.0s
[560/1120]	[L1: 0.0316]	3.9+0.0s
[600/1120]	[L1: 0.0319]	4.1+0.0s
[640/1120]	[L1: 0.0318]	4.8+0.0s
[680/1120]	[L1: 0.0317]	4.2+0.0s
[720/1120]	[L1: 0.0315]	4.4+0.0s
[760/1120]	[L1: 0.0316]	4.5+0.1s
[800/1120]	[L1: 0.0317]	4.1+0.1s
[840/1120]	[L1: 0.0319]	4.0+0.0s
[880/1120]	[L1: 0.0319]	4.4+0.0s
[920/1120]	[L1: 0.0320]	3.9+0.0s
[960/1120]	[L1: 0.0318]	4.0+0.0s
[1000/1120]	[L1: 0.0319]	4.5+0.0s
[1040/1120]	[L1: 0.0320]	4.1+0.0s
[1080/1120]	[L1: 0.0321]	4.6+0.1s
[1120/1120]	[L1: 0.0321]	4.3+0.0s

Evaluation:
[RSSCN7 x4]	psnr: 27.600 (Best: 27.624 @epoch 105)
Total time: 9.91s

[Epoch 110]	Learning rate: 2.00e-4
[40/1120]	[L1: 0.0344]	4.0+0.0s
[80/1120]	[L1: 0.0333]	4.3+0.0s
[120/1120]	[L1: 0.0322]	4.3+0.0s
[160/1120]	[L1: 0.0322]	4.5+0.0s
[200/1120]	[L1: 0.0324]	4.0+0.0s
[240/1120]	[L1: 0.0325]	4.1+0.0s
[280/1120]	[L1: 0.0320]	3.8+0.0s
[320/1120]	[L1: 0.0322]	2.9+0.0s
[360/1120]	[L1: 0.0323]	2.9+0.0s
[400/1120]	[L1: 0.0319]	2.5+0.0s
[440/1120]	[L1: 0.0319]	2.5+0.0s
[480/1120]	[L1: 0.0318]	2.4+0.0s
[520/1120]	[L1: 0.0318]	2.3+0.0s
[560/1120]	[L1: 0.0318]	2.3+0.0s
[600/1120]	[L1: 0.0318]	2.5+0.0s
[640/1120]	[L1: 0.0319]	2.4+0.0s
[680/1120]	[L1: 0.0320]	2.3+0.0s
[720/1120]	[L1: 0.0320]	2.3+0.0s
[760/1120]	[L1: 0.0322]	2.4+0.0s
[800/1120]	[L1: 0.0321]	2.3+0.0s
[840/1120]	[L1: 0.0320]	2.3+0.0s
[880/1120]	[L1: 0.0320]	2.3+0.0s
[920/1120]	[L1: 0.0319]	2.4+0.0s
[960/1120]	[L1: 0.0319]	2.3+0.0s
[1000/1120]	[L1: 0.0319]	2.3+0.0s
[1040/1120]	[L1: 0.0321]	2.3+0.0s
[1080/1120]	[L1: 0.0321]	2.4+0.0s
[1120/1120]	[L1: 0.0321]	2.4+0.0s

Evaluation:
[RSSCN7 x4]	psnr: 27.541 (Best: 27.624 @epoch 105)
Total time: 7.49s

[Epoch 111]	Learning rate: 2.00e-4
[40/1120]	[L1: 0.0294]	2.9+0.0s
[80/1120]	[L1: 0.0278]	2.8+0.0s
[120/1120]	[L1: 0.0288]	2.4+0.0s
[160/1120]	[L1: 0.0289]	2.3+0.0s
[200/1120]	[L1: 0.0291]	2.3+0.0s
[240/1120]	[L1: 0.0295]	2.3+0.0s
[280/1120]	[L1: 0.0303]	3.4+0.0s
[320/1120]	[L1: 0.0307]	3.5+0.0s
[360/1120]	[L1: 0.0310]	3.7+0.0s
[400/1120]	[L1: 0.0311]	3.9+0.0s
[440/1120]	[L1: 0.0314]	4.0+0.0s
[480/1120]	[L1: 0.0312]	4.0+0.0s
[520/1120]	[L1: 0.0312]	4.4+0.1s
[560/1120]	[L1: 0.0316]	4.3+0.0s
[600/1120]	[L1: 0.0319]	3.7+0.0s
[640/1120]	[L1: 0.0319]	4.2+0.0s
[680/1120]	[L1: 0.0318]	4.2+0.0s
[720/1120]	[L1: 0.0320]	3.7+0.0s
[760/1120]	[L1: 0.0321]	3.8+0.0s
[800/1120]	[L1: 0.0319]	3.5+0.0s
[840/1120]	[L1: 0.0318]	4.2+0.0s
[880/1120]	[L1: 0.0320]	4.0+0.0s
[920/1120]	[L1: 0.0319]	3.8+0.1s
[960/1120]	[L1: 0.0320]	3.6+0.0s
[1000/1120]	[L1: 0.0319]	3.5+0.0s
[1040/1120]	[L1: 0.0319]	3.8+0.0s
[1080/1120]	[L1: 0.0319]	4.6+0.1s
[1120/1120]	[L1: 0.0319]	4.3+0.0s

Evaluation:
[RSSCN7 x4]	psnr: 27.633 (Best: 27.633 @epoch 111)
Total time: 10.56s

[Epoch 112]	Learning rate: 2.00e-4
[40/1120]	[L1: 0.0324]	3.1+0.0s
[80/1120]	[L1: 0.0317]	3.0+0.0s
[120/1120]	[L1: 0.0335]	2.8+0.0s
[160/1120]	[L1: 0.0332]	2.5+0.0s
[200/1120]	[L1: 0.0325]	2.6+0.0s
[240/1120]	[L1: 0.0323]	2.5+0.0s
[280/1120]	[L1: 0.0328]	2.4+0.0s
[320/1120]	[L1: 0.0324]	2.3+0.0s
[360/1120]	[L1: 0.0322]	2.4+0.0s
[400/1120]	[L1: 0.0319]	2.3+0.0s
[440/1120]	[L1: 0.0320]	2.4+0.0s
[480/1120]	[L1: 0.0321]	2.4+0.0s
[520/1120]	[L1: 0.0319]	2.5+0.0s
[560/1120]	[L1: 0.0322]	2.4+0.0s
[600/1120]	[L1: 0.0322]	2.3+0.0s
[640/1120]	[L1: 0.0320]	2.4+0.0s
[680/1120]	[L1: 0.0317]	2.3+0.0s
[720/1120]	[L1: 0.0319]	2.3+0.0s
[760/1120]	[L1: 0.0323]	2.4+0.0s
[800/1120]	[L1: 0.0322]	2.4+0.0s
[840/1120]	[L1: 0.0322]	2.3+0.0s
[880/1120]	[L1: 0.0322]	2.4+0.0s
[920/1120]	[L1: 0.0324]	2.5+0.0s
[960/1120]	[L1: 0.0324]	2.4+0.0s
[1000/1120]	[L1: 0.0325]	2.4+0.0s
[1040/1120]	[L1: 0.0324]	2.4+0.0s
[1080/1120]	[L1: 0.0323]	2.9+0.0s
[1120/1120]	[L1: 0.0322]	2.5+0.0s

Evaluation:
[RSSCN7 x4]	psnr: 27.617 (Best: 27.633 @epoch 111)
Total time: 7.40s

[Epoch 113]	Learning rate: 2.00e-4
[40/1120]	[L1: 0.0315]	2.8+0.0s
[80/1120]	[L1: 0.0338]	3.5+0.0s
[120/1120]	[L1: 0.0334]	4.1+0.0s
[160/1120]	[L1: 0.0335]	3.9+0.0s
[200/1120]	[L1: 0.0329]	4.1+0.0s
[240/1120]	[L1: 0.0329]	3.7+0.0s
[280/1120]	[L1: 0.0321]	4.0+0.0s
[320/1120]	[L1: 0.0325]	3.9+0.0s
[360/1120]	[L1: 0.0324]	4.4+0.1s
[400/1120]	[L1: 0.0327]	3.8+0.0s
[440/1120]	[L1: 0.0329]	4.2+0.1s
[480/1120]	[L1: 0.0328]	4.1+0.0s
[520/1120]	[L1: 0.0326]	4.3+0.0s
[560/1120]	[L1: 0.0327]	3.9+0.0s
[600/1120]	[L1: 0.0324]	4.2+0.0s
[640/1120]	[L1: 0.0326]	4.3+0.0s
[680/1120]	[L1: 0.0324]	3.8+0.0s
[720/1120]	[L1: 0.0323]	3.6+0.0s
[760/1120]	[L1: 0.0326]	4.0+0.0s
[800/1120]	[L1: 0.0325]	4.1+0.0s
[840/1120]	[L1: 0.0325]	3.8+0.0s
[880/1120]	[L1: 0.0324]	4.1+0.0s
[920/1120]	[L1: 0.0322]	3.7+0.0s
[960/1120]	[L1: 0.0322]	3.6+0.0s
[1000/1120]	[L1: 0.0322]	3.5+0.0s
[1040/1120]	[L1: 0.0322]	3.9+0.0s
[1080/1120]	[L1: 0.0321]	2.6+0.0s
[1120/1120]	[L1: 0.0320]	2.5+0.0s

Evaluation:
[RSSCN7 x4]	psnr: 27.587 (Best: 27.633 @epoch 111)
Total time: 7.47s

[Epoch 114]	Learning rate: 2.00e-4
[40/1120]	[L1: 0.0290]	2.5+0.0s
[80/1120]	[L1: 0.0325]	2.5+0.0s
[120/1120]	[L1: 0.0332]	2.8+0.0s
[160/1120]	[L1: 0.0324]	2.7+0.0s
[200/1120]	[L1: 0.0322]	2.4+0.0s
[240/1120]	[L1: 0.0320]	2.5+0.0s
[280/1120]	[L1: 0.0312]	2.4+0.0s
[320/1120]	[L1: 0.0313]	2.3+0.0s
[360/1120]	[L1: 0.0315]	2.5+0.0s
[400/1120]	[L1: 0.0321]	2.4+0.0s
[440/1120]	[L1: 0.0322]	2.5+0.0s
[480/1120]	[L1: 0.0322]	2.3+0.0s
[520/1120]	[L1: 0.0319]	2.4+0.0s
[560/1120]	[L1: 0.0319]	2.5+0.0s
[600/1120]	[L1: 0.0316]	2.4+0.0s
[640/1120]	[L1: 0.0315]	2.6+0.0s
[680/1120]	[L1: 0.0317]	2.7+0.0s
[720/1120]	[L1: 0.0314]	2.3+0.0s
[760/1120]	[L1: 0.0313]	2.5+0.0s
[800/1120]	[L1: 0.0313]	2.3+0.0s
[840/1120]	[L1: 0.0313]	2.4+0.0s
[880/1120]	[L1: 0.0316]	2.4+0.0s
[920/1120]	[L1: 0.0318]	2.3+0.0s
[960/1120]	[L1: 0.0320]	2.4+0.0s
[1000/1120]	[L1: 0.0321]	2.3+0.0s
[1040/1120]	[L1: 0.0320]	2.4+0.0s
[1080/1120]	[L1: 0.0321]	2.3+0.0s
[1120/1120]	[L1: 0.0320]	2.6+0.0s

Evaluation:
[RSSCN7 x4]	psnr: 27.508 (Best: 27.633 @epoch 111)
Total time: 10.57s

[Epoch 115]	Learning rate: 2.00e-4
[40/1120]	[L1: 0.0341]	4.3+0.1s
[80/1120]	[L1: 0.0329]	4.4+0.0s
[120/1120]	[L1: 0.0317]	4.0+0.0s
[160/1120]	[L1: 0.0306]	4.1+0.0s
[200/1120]	[L1: 0.0313]	4.0+0.0s
[240/1120]	[L1: 0.0307]	5.0+0.0s
[280/1120]	[L1: 0.0306]	3.5+0.0s
[320/1120]	[L1: 0.0312]	3.4+0.0s
[360/1120]	[L1: 0.0315]	3.9+0.0s
[400/1120]	[L1: 0.0319]	3.8+0.0s
[440/1120]	[L1: 0.0316]	4.1+0.0s
[480/1120]	[L1: 0.0314]	4.2+0.0s
[520/1120]	[L1: 0.0316]	4.5+0.0s
[560/1120]	[L1: 0.0316]	4.8+0.1s
[600/1120]	[L1: 0.0319]	4.4+0.0s
[640/1120]	[L1: 0.0321]	4.7+0.0s
[680/1120]	[L1: 0.0320]	4.8+0.0s
[720/1120]	[L1: 0.0319]	5.3+0.0s
[760/1120]	[L1: 0.0320]	5.0+0.0s
[800/1120]	[L1: 0.0319]	3.5+0.1s
[840/1120]	[L1: 0.0320]	4.2+0.0s
[880/1120]	[L1: 0.0321]	3.8+0.0s
[920/1120]	[L1: 0.0321]	3.2+0.0s
[960/1120]	[L1: 0.0322]	2.9+0.0s
[1000/1120]	[L1: 0.0323]	2.6+0.0s
[1040/1120]	[L1: 0.0323]	2.5+0.0s
[1080/1120]	[L1: 0.0322]	2.8+0.0s
[1120/1120]	[L1: 0.0322]	2.9+0.0s

Evaluation:
[RSSCN7 x4]	psnr: 27.590 (Best: 27.633 @epoch 111)
Total time: 7.55s

[Epoch 116]	Learning rate: 2.00e-4
[40/1120]	[L1: 0.0330]	2.9+0.1s
[80/1120]	[L1: 0.0313]	2.9+0.0s
[120/1120]	[L1: 0.0324]	2.9+0.0s
[160/1120]	[L1: 0.0321]	2.3+0.0s
[200/1120]	[L1: 0.0312]	2.4+0.0s
[240/1120]	[L1: 0.0316]	2.4+0.0s
[280/1120]	[L1: 0.0318]	2.4+0.0s
[320/1120]	[L1: 0.0317]	2.6+0.0s
[360/1120]	[L1: 0.0319]	2.9+0.0s
[400/1120]	[L1: 0.0322]	2.5+0.0s
[440/1120]	[L1: 0.0325]	2.4+0.0s
[480/1120]	[L1: 0.0325]	2.3+0.0s
[520/1120]	[L1: 0.0322]	2.3+0.0s
[560/1120]	[L1: 0.0323]	2.4+0.0s
[600/1120]	[L1: 0.0323]	2.4+0.0s
[640/1120]	[L1: 0.0324]	2.3+0.0s
[680/1120]	[L1: 0.0323]	2.3+0.0s
[720/1120]	[L1: 0.0323]	2.4+0.0s
[760/1120]	[L1: 0.0323]	2.3+0.0s
[800/1120]	[L1: 0.0323]	2.3+0.0s
[840/1120]	[L1: 0.0322]	2.3+0.0s
[880/1120]	[L1: 0.0324]	3.7+0.0s
[920/1120]	[L1: 0.0324]	4.1+0.0s
[960/1120]	[L1: 0.0324]	4.5+0.0s
[1000/1120]	[L1: 0.0325]	5.7+0.0s
[1040/1120]	[L1: 0.0324]	4.7+0.0s
[1080/1120]	[L1: 0.0323]	4.6+0.0s
[1120/1120]	[L1: 0.0323]	4.2+0.0s

Evaluation:
[RSSCN7 x4]	psnr: 27.603 (Best: 27.633 @epoch 111)
Total time: 9.50s

[Epoch 117]	Learning rate: 2.00e-4
[40/1120]	[L1: 0.0337]	4.0+0.0s
[80/1120]	[L1: 0.0327]	4.1+0.0s
[120/1120]	[L1: 0.0334]	4.0+0.0s
[160/1120]	[L1: 0.0331]	4.0+0.0s
[200/1120]	[L1: 0.0336]	3.8+0.0s
[240/1120]	[L1: 0.0339]	4.2+0.1s
[280/1120]	[L1: 0.0339]	3.8+0.0s
[320/1120]	[L1: 0.0337]	3.8+0.0s
[360/1120]	[L1: 0.0333]	4.2+0.0s
[400/1120]	[L1: 0.0329]	4.0+0.0s
[440/1120]	[L1: 0.0325]	4.2+0.0s
[480/1120]	[L1: 0.0319]	4.0+0.0s
[520/1120]	[L1: 0.0318]	4.1+0.0s
[560/1120]	[L1: 0.0318]	3.6+0.0s
[600/1120]	[L1: 0.0318]	3.2+0.0s
[640/1120]	[L1: 0.0319]	3.0+0.0s
[680/1120]	[L1: 0.0318]	2.7+0.0s
[720/1120]	[L1: 0.0316]	2.5+0.0s
[760/1120]	[L1: 0.0317]	2.6+0.0s
[800/1120]	[L1: 0.0317]	2.5+0.0s
[840/1120]	[L1: 0.0316]	2.5+0.0s
[880/1120]	[L1: 0.0318]	2.4+0.0s
[920/1120]	[L1: 0.0317]	2.4+0.0s
[960/1120]	[L1: 0.0319]	2.3+0.0s
[1000/1120]	[L1: 0.0318]	2.4+0.0s
[1040/1120]	[L1: 0.0319]	2.4+0.0s
[1080/1120]	[L1: 0.0319]	2.5+0.0s
[1120/1120]	[L1: 0.0319]	2.4+0.0s

Evaluation:
[RSSCN7 x4]	psnr: 27.522 (Best: 27.633 @epoch 111)
Total time: 7.45s

[Epoch 118]	Learning rate: 2.00e-4
[40/1120]	[L1: 0.0263]	2.5+0.0s
[80/1120]	[L1: 0.0301]	2.4+0.0s
[120/1120]	[L1: 0.0298]	2.3+0.0s
[160/1120]	[L1: 0.0309]	2.3+0.0s
[200/1120]	[L1: 0.0323]	2.5+0.0s
[240/1120]	[L1: 0.0322]	2.9+0.0s
[280/1120]	[L1: 0.0321]	2.6+0.0s
[320/1120]	[L1: 0.0323]	2.4+0.0s
[360/1120]	[L1: 0.0318]	2.5+0.0s
[400/1120]	[L1: 0.0321]	2.3+0.0s
[440/1120]	[L1: 0.0321]	2.6+0.0s
[480/1120]	[L1: 0.0318]	2.9+0.0s
[520/1120]	[L1: 0.0320]	2.9+0.0s
[560/1120]	[L1: 0.0320]	2.4+0.0s
[600/1120]	[L1: 0.0320]	2.5+0.0s
[640/1120]	[L1: 0.0321]	3.5+0.0s
[680/1120]	[L1: 0.0319]	3.9+0.0s
[720/1120]	[L1: 0.0319]	3.8+0.0s
[760/1120]	[L1: 0.0318]	4.1+0.0s
[800/1120]	[L1: 0.0322]	4.5+0.0s
[840/1120]	[L1: 0.0322]	3.9+0.0s
[880/1120]	[L1: 0.0324]	4.1+0.1s
[920/1120]	[L1: 0.0326]	4.1+0.0s
[960/1120]	[L1: 0.0326]	4.0+0.0s
[1000/1120]	[L1: 0.0327]	4.0+0.0s
[1040/1120]	[L1: 0.0327]	4.0+0.0s
[1080/1120]	[L1: 0.0327]	4.3+0.0s
[1120/1120]	[L1: 0.0326]	3.9+0.0s

Evaluation:
[RSSCN7 x4]	psnr: 27.584 (Best: 27.633 @epoch 111)
Total time: 9.57s

[Epoch 119]	Learning rate: 2.00e-4
[40/1120]	[L1: 0.0370]	3.6+0.1s
[80/1120]	[L1: 0.0343]	3.7+0.0s
[120/1120]	[L1: 0.0334]	4.2+0.0s
[160/1120]	[L1: 0.0338]	4.4+0.0s
[200/1120]	[L1: 0.0331]	3.8+0.0s
[240/1120]	[L1: 0.0328]	3.9+0.0s
[280/1120]	[L1: 0.0331]	3.8+0.0s
[320/1120]	[L1: 0.0329]	3.3+0.0s
[360/1120]	[L1: 0.0326]	3.8+0.0s
[400/1120]	[L1: 0.0328]	3.1+0.0s
[440/1120]	[L1: 0.0329]	2.9+0.0s
[480/1120]	[L1: 0.0325]	3.0+0.0s
[520/1120]	[L1: 0.0327]	2.3+0.0s
[560/1120]	[L1: 0.0326]	2.4+0.0s
[600/1120]	[L1: 0.0324]	2.3+0.0s
[640/1120]	[L1: 0.0320]	2.3+0.0s
[680/1120]	[L1: 0.0320]	2.4+0.0s
[720/1120]	[L1: 0.0319]	2.3+0.0s
[760/1120]	[L1: 0.0317]	2.5+0.0s
[800/1120]	[L1: 0.0316]	2.3+0.0s
[840/1120]	[L1: 0.0318]	2.3+0.0s
[880/1120]	[L1: 0.0319]	2.4+0.0s
[920/1120]	[L1: 0.0318]	2.3+0.0s
[960/1120]	[L1: 0.0320]	2.4+0.0s
[1000/1120]	[L1: 0.0320]	2.3+0.0s
[1040/1120]	[L1: 0.0320]	2.3+0.0s
[1080/1120]	[L1: 0.0319]	2.4+0.0s
[1120/1120]	[L1: 0.0321]	2.3+0.0s

Evaluation:
[RSSCN7 x4]	psnr: 27.600 (Best: 27.633 @epoch 111)
Total time: 7.55s

[Epoch 120]	Learning rate: 2.00e-4
[40/1120]	[L1: 0.0312]	3.0+0.0s
[80/1120]	[L1: 0.0322]	2.9+0.0s
[120/1120]	[L1: 0.0326]	2.6+0.0s
[160/1120]	[L1: 0.0332]	2.4+0.0s
[200/1120]	[L1: 0.0321]	2.7+0.0s
[240/1120]	[L1: 0.0319]	2.8+0.0s
[280/1120]	[L1: 0.0319]	2.4+0.0s
[320/1120]	[L1: 0.0323]	2.4+0.0s
[360/1120]	[L1: 0.0323]	4.0+0.0s
[400/1120]	[L1: 0.0324]	3.8+0.0s
[440/1120]	[L1: 0.0325]	3.8+0.0s
[480/1120]	[L1: 0.0324]	4.4+0.0s
[520/1120]	[L1: 0.0325]	4.6+0.0s
[560/1120]	[L1: 0.0327]	4.2+0.0s
[600/1120]	[L1: 0.0326]	3.8+0.0s
[640/1120]	[L1: 0.0325]	4.1+0.0s
[680/1120]	[L1: 0.0323]	3.9+0.1s
[720/1120]	[L1: 0.0321]	4.1+0.0s
[760/1120]	[L1: 0.0322]	4.4+0.0s
[800/1120]	[L1: 0.0324]	4.2+0.0s
[840/1120]	[L1: 0.0326]	3.8+0.0s
[880/1120]	[L1: 0.0325]	4.0+0.0s
[920/1120]	[L1: 0.0325]	3.9+0.0s
[960/1120]	[L1: 0.0324]	3.9+0.0s
[1000/1120]	[L1: 0.0323]	4.4+0.0s
[1040/1120]	[L1: 0.0323]	4.4+0.0s
[1080/1120]	[L1: 0.0322]	4.5+0.1s
[1120/1120]	[L1: 0.0321]	3.8+0.0s

Evaluation:
[RSSCN7 x4]	psnr: 27.590 (Best: 27.633 @epoch 111)
Total time: 9.03s

[Epoch 121]	Learning rate: 2.00e-4
[40/1120]	[L1: 0.0377]	4.2+0.0s
[80/1120]	[L1: 0.0342]	3.8+0.0s
[120/1120]	[L1: 0.0341]	2.9+0.0s
[160/1120]	[L1: 0.0324]	2.6+0.0s
[200/1120]	[L1: 0.0322]	2.5+0.0s
[240/1120]	[L1: 0.0320]	2.5+0.0s
[280/1120]	[L1: 0.0324]	2.9+0.0s
[320/1120]	[L1: 0.0324]	2.9+0.0s
[360/1120]	[L1: 0.0328]	2.9+0.0s
[400/1120]	[L1: 0.0323]	2.9+0.0s
[440/1120]	[L1: 0.0326]	2.9+0.0s
[480/1120]	[L1: 0.0322]	2.7+0.0s
[520/1120]	[L1: 0.0325]	2.3+0.0s
[560/1120]	[L1: 0.0323]	2.3+0.0s
[600/1120]	[L1: 0.0324]	2.4+0.0s
[640/1120]	[L1: 0.0324]	2.3+0.0s
[680/1120]	[L1: 0.0323]	2.4+0.0s
[720/1120]	[L1: 0.0324]	2.5+0.0s
[760/1120]	[L1: 0.0322]	2.9+0.0s
[800/1120]	[L1: 0.0322]	2.3+0.0s
[840/1120]	[L1: 0.0322]	2.3+0.0s
[880/1120]	[L1: 0.0322]	2.4+0.0s
[920/1120]	[L1: 0.0321]	2.4+0.0s
[960/1120]	[L1: 0.0320]	2.3+0.0s
[1000/1120]	[L1: 0.0321]	2.3+0.0s
[1040/1120]	[L1: 0.0321]	2.4+0.0s
[1080/1120]	[L1: 0.0320]	2.3+0.0s
[1120/1120]	[L1: 0.0320]	2.4+0.0s

Evaluation:
[RSSCN7 x4]	psnr: 27.604 (Best: 27.633 @epoch 111)
Total time: 7.47s

[Epoch 122]	Learning rate: 2.00e-4
[40/1120]	[L1: 0.0307]	2.5+0.0s
[80/1120]	[L1: 0.0313]	3.1+0.0s
[120/1120]	[L1: 0.0302]	3.5+0.0s
[160/1120]	[L1: 0.0302]	3.9+0.0s
[200/1120]	[L1: 0.0315]	4.0+0.0s
[240/1120]	[L1: 0.0314]	3.9+0.0s
[280/1120]	[L1: 0.0312]	4.0+0.0s
[320/1120]	[L1: 0.0315]	4.6+0.0s
[360/1120]	[L1: 0.0320]	4.8+0.0s
[400/1120]	[L1: 0.0321]	4.0+0.0s
[440/1120]	[L1: 0.0320]	4.1+0.0s
[480/1120]	[L1: 0.0318]	3.9+0.0s
[520/1120]	[L1: 0.0318]	4.7+0.0s
[560/1120]	[L1: 0.0318]	4.0+0.0s
[600/1120]	[L1: 0.0318]	4.6+0.1s
[640/1120]	[L1: 0.0319]	4.1+0.0s
[680/1120]	[L1: 0.0317]	4.0+0.0s
[720/1120]	[L1: 0.0317]	3.8+0.0s
[760/1120]	[L1: 0.0316]	3.8+0.0s
[800/1120]	[L1: 0.0316]	3.9+0.0s
[840/1120]	[L1: 0.0315]	4.0+0.0s
[880/1120]	[L1: 0.0317]	3.6+0.0s
[920/1120]	[L1: 0.0318]	3.9+0.0s
[960/1120]	[L1: 0.0319]	3.9+0.0s
[1000/1120]	[L1: 0.0317]	4.2+0.0s
[1040/1120]	[L1: 0.0317]	3.6+0.1s
[1080/1120]	[L1: 0.0319]	2.9+0.0s
[1120/1120]	[L1: 0.0319]	2.9+0.0s

Evaluation:
[RSSCN7 x4]	psnr: 27.503 (Best: 27.633 @epoch 111)
Total time: 7.43s

[Epoch 123]	Learning rate: 2.00e-4
[40/1120]	[L1: 0.0311]	2.6+0.1s
[80/1120]	[L1: 0.0321]	2.5+0.0s
[120/1120]	[L1: 0.0316]	2.6+0.0s
[160/1120]	[L1: 0.0314]	2.5+0.0s
[200/1120]	[L1: 0.0321]	2.5+0.0s
[240/1120]	[L1: 0.0319]	2.3+0.0s
[280/1120]	[L1: 0.0318]	2.5+0.0s
[320/1120]	[L1: 0.0319]	2.4+0.0s
[360/1120]	[L1: 0.0320]	2.5+0.0s
[400/1120]	[L1: 0.0328]	2.3+0.0s
[440/1120]	[L1: 0.0324]	2.4+0.0s
[480/1120]	[L1: 0.0322]	2.3+0.0s
[520/1120]	[L1: 0.0323]	2.3+0.0s
[560/1120]	[L1: 0.0323]	2.4+0.0s
[600/1120]	[L1: 0.0322]	2.3+0.0s
[640/1120]	[L1: 0.0320]	2.4+0.0s
[680/1120]	[L1: 0.0318]	2.3+0.0s
[720/1120]	[L1: 0.0317]	2.4+0.0s
[760/1120]	[L1: 0.0319]	2.3+0.0s
[800/1120]	[L1: 0.0318]	2.4+0.0s
[840/1120]	[L1: 0.0316]	2.4+0.0s
[880/1120]	[L1: 0.0320]	2.5+0.0s
[920/1120]	[L1: 0.0319]	2.3+0.0s
[960/1120]	[L1: 0.0318]	2.4+0.0s
[1000/1120]	[L1: 0.0318]	2.3+0.0s
[1040/1120]	[L1: 0.0319]	2.9+0.0s
[1080/1120]	[L1: 0.0319]	3.7+0.0s
[1120/1120]	[L1: 0.0320]	4.3+0.0s

Evaluation:
[RSSCN7 x4]	psnr: 27.628 (Best: 27.633 @epoch 111)
Total time: 8.99s

[Epoch 124]	Learning rate: 2.00e-4
[40/1120]	[L1: 0.0290]	4.1+0.1s
[80/1120]	[L1: 0.0291]	4.5+0.0s
[120/1120]	[L1: 0.0307]	3.8+0.0s
[160/1120]	[L1: 0.0309]	3.8+0.0s
[200/1120]	[L1: 0.0320]	4.1+0.1s
[240/1120]	[L1: 0.0313]	3.9+0.0s
[280/1120]	[L1: 0.0312]	4.5+0.0s
[320/1120]	[L1: 0.0317]	4.5+0.0s
[360/1120]	[L1: 0.0314]	4.0+0.0s
[400/1120]	[L1: 0.0315]	4.0+0.0s
[440/1120]	[L1: 0.0314]	4.2+0.0s
[480/1120]	[L1: 0.0313]	4.5+0.0s
[520/1120]	[L1: 0.0313]	4.4+0.0s
[560/1120]	[L1: 0.0314]	4.4+0.0s
[600/1120]	[L1: 0.0315]	4.2+0.0s
[640/1120]	[L1: 0.0314]	4.2+0.0s
[680/1120]	[L1: 0.0316]	3.9+0.0s
[720/1120]	[L1: 0.0318]	3.9+0.0s
[760/1120]	[L1: 0.0319]	4.2+0.0s
[800/1120]	[L1: 0.0320]	3.5+0.0s
[840/1120]	[L1: 0.0321]	2.8+0.0s
[880/1120]	[L1: 0.0320]	2.6+0.0s
[920/1120]	[L1: 0.0320]	2.3+0.0s
[960/1120]	[L1: 0.0320]	2.3+0.0s
[1000/1120]	[L1: 0.0321]	2.4+0.0s
[1040/1120]	[L1: 0.0321]	2.3+0.0s
[1080/1120]	[L1: 0.0320]	2.3+0.0s
[1120/1120]	[L1: 0.0319]	2.4+0.0s

Evaluation:
[RSSCN7 x4]	psnr: 27.644 (Best: 27.644 @epoch 124)
Total time: 7.43s

[Epoch 125]	Learning rate: 2.00e-4
[40/1120]	[L1: 0.0348]	2.3+0.0s
[80/1120]	[L1: 0.0311]	2.4+0.0s
[120/1120]	[L1: 0.0316]	2.3+0.0s
[160/1120]	[L1: 0.0324]	2.3+0.0s
[200/1120]	[L1: 0.0321]	2.3+0.0s
[240/1120]	[L1: 0.0328]	2.5+0.0s
[280/1120]	[L1: 0.0321]	2.3+0.0s
[320/1120]	[L1: 0.0322]	2.3+0.0s
[360/1120]	[L1: 0.0320]	2.3+0.0s
[400/1120]	[L1: 0.0319]	2.4+0.0s
[440/1120]	[L1: 0.0319]	2.3+0.0s
[480/1120]	[L1: 0.0317]	2.3+0.0s
[520/1120]	[L1: 0.0315]	2.3+0.0s
[560/1120]	[L1: 0.0313]	2.7+0.0s
[600/1120]	[L1: 0.0314]	2.6+0.0s
[640/1120]	[L1: 0.0315]	2.3+0.0s
[680/1120]	[L1: 0.0316]	2.3+0.0s
[720/1120]	[L1: 0.0318]	2.4+0.0s
[760/1120]	[L1: 0.0318]	2.3+0.0s
[800/1120]	[L1: 0.0319]	2.4+0.0s
[840/1120]	[L1: 0.0317]	3.0+0.0s
[880/1120]	[L1: 0.0317]	3.8+0.0s
[920/1120]	[L1: 0.0317]	4.2+0.0s
[960/1120]	[L1: 0.0316]	4.0+0.0s
[1000/1120]	[L1: 0.0317]	4.0+0.0s
[1040/1120]	[L1: 0.0316]	4.0+0.0s
[1080/1120]	[L1: 0.0318]	4.4+0.0s
[1120/1120]	[L1: 0.0318]	4.4+0.0s

Evaluation:
[RSSCN7 x4]	psnr: 27.617 (Best: 27.644 @epoch 124)
Total time: 9.65s

[Epoch 126]	Learning rate: 2.00e-4
[40/1120]	[L1: 0.0327]	4.2+0.0s
[80/1120]	[L1: 0.0328]	3.9+0.0s
[120/1120]	[L1: 0.0336]	4.7+0.0s
[160/1120]	[L1: 0.0322]	4.4+0.0s
[200/1120]	[L1: 0.0315]	4.1+0.0s
[240/1120]	[L1: 0.0317]	4.0+0.1s
[280/1120]	[L1: 0.0316]	4.7+0.0s
[320/1120]	[L1: 0.0316]	4.2+0.0s
[360/1120]	[L1: 0.0320]	4.4+0.0s
[400/1120]	[L1: 0.0322]	4.3+0.0s
[440/1120]	[L1: 0.0325]	4.0+0.0s
[480/1120]	[L1: 0.0323]	4.3+0.0s
[520/1120]	[L1: 0.0324]	4.5+0.1s
[560/1120]	[L1: 0.0324]	4.4+0.0s
[600/1120]	[L1: 0.0323]	3.2+0.0s
[640/1120]	[L1: 0.0324]	2.9+0.0s
[680/1120]	[L1: 0.0323]	2.6+0.0s
[720/1120]	[L1: 0.0323]	2.3+0.0s
[760/1120]	[L1: 0.0322]	2.4+0.0s
[800/1120]	[L1: 0.0320]	2.7+0.0s
[840/1120]	[L1: 0.0321]	2.8+0.0s
[880/1120]	[L1: 0.0321]	2.5+0.0s
[920/1120]	[L1: 0.0321]	2.4+0.0s
[960/1120]	[L1: 0.0323]	2.5+0.0s
[1000/1120]	[L1: 0.0323]	2.4+0.0s
[1040/1120]	[L1: 0.0321]	2.3+0.0s
[1080/1120]	[L1: 0.0320]	2.3+0.0s
[1120/1120]	[L1: 0.0321]	2.3+0.0s

Evaluation:
[RSSCN7 x4]	psnr: 27.451 (Best: 27.644 @epoch 124)
Total time: 7.47s

[Epoch 127]	Learning rate: 2.00e-4
[40/1120]	[L1: 0.0310]	2.5+0.0s
[80/1120]	[L1: 0.0317]	2.4+0.0s
[120/1120]	[L1: 0.0309]	2.4+0.0s
[160/1120]	[L1: 0.0321]	2.3+0.0s
[200/1120]	[L1: 0.0316]	2.3+0.0s
[240/1120]	[L1: 0.0316]	2.4+0.0s
[280/1120]	[L1: 0.0320]	2.6+0.0s
[320/1120]	[L1: 0.0323]	2.8+0.0s
[360/1120]	[L1: 0.0319]	2.8+0.0s
[400/1120]	[L1: 0.0328]	2.6+0.0s
[440/1120]	[L1: 0.0327]	2.5+0.0s
[480/1120]	[L1: 0.0328]	2.4+0.0s
[520/1120]	[L1: 0.0325]	2.6+0.0s
[560/1120]	[L1: 0.0326]	3.0+0.0s
[600/1120]	[L1: 0.0327]	4.0+0.0s
[640/1120]	[L1: 0.0324]	4.2+0.0s
[680/1120]	[L1: 0.0325]	5.0+0.0s
[720/1120]	[L1: 0.0325]	4.7+0.0s
[760/1120]	[L1: 0.0326]	4.1+0.0s
[800/1120]	[L1: 0.0323]	4.1+0.0s
[840/1120]	[L1: 0.0324]	4.2+0.0s
[880/1120]	[L1: 0.0324]	4.2+0.0s
[920/1120]	[L1: 0.0323]	4.3+0.0s
[960/1120]	[L1: 0.0323]	4.2+0.0s
[1000/1120]	[L1: 0.0322]	3.6+0.1s
[1040/1120]	[L1: 0.0321]	3.2+0.0s
[1080/1120]	[L1: 0.0321]	3.7+0.0s
[1120/1120]	[L1: 0.0321]	3.4+0.0s

Evaluation:
[RSSCN7 x4]	psnr: 27.582 (Best: 27.644 @epoch 124)
Total time: 9.62s

[Epoch 128]	Learning rate: 2.00e-4
[40/1120]	[L1: 0.0325]	3.7+0.0s
[80/1120]	[L1: 0.0325]	4.6+0.0s
[120/1120]	[L1: 0.0333]	3.8+0.0s
[160/1120]	[L1: 0.0324]	4.0+0.0s
[200/1120]	[L1: 0.0328]	4.2+0.0s
[240/1120]	[L1: 0.0330]	3.8+0.0s
[280/1120]	[L1: 0.0329]	4.2+0.0s
[320/1120]	[L1: 0.0330]	4.4+0.0s
[360/1120]	[L1: 0.0330]	3.8+0.0s
[400/1120]	[L1: 0.0328]	3.1+0.0s
[440/1120]	[L1: 0.0325]	2.9+0.0s
[480/1120]	[L1: 0.0325]	2.9+0.0s
[520/1120]	[L1: 0.0324]	2.6+0.0s
[560/1120]	[L1: 0.0321]	2.9+0.0s
[600/1120]	[L1: 0.0323]	2.9+0.0s
[640/1120]	[L1: 0.0325]	2.4+0.0s
[680/1120]	[L1: 0.0323]	2.5+0.0s
[720/1120]	[L1: 0.0322]	2.4+0.0s
[760/1120]	[L1: 0.0319]	2.4+0.0s
[800/1120]	[L1: 0.0319]	2.6+0.0s
[840/1120]	[L1: 0.0319]	2.5+0.0s
[880/1120]	[L1: 0.0318]	2.6+0.0s
[920/1120]	[L1: 0.0320]	2.5+0.0s
[960/1120]	[L1: 0.0319]	2.5+0.0s
[1000/1120]	[L1: 0.0321]	2.6+0.0s
[1040/1120]	[L1: 0.0321]	2.5+0.0s
[1080/1120]	[L1: 0.0321]	2.6+0.0s
[1120/1120]	[L1: 0.0319]	2.5+0.0s

Evaluation:
[RSSCN7 x4]	psnr: 27.572 (Best: 27.644 @epoch 124)
Total time: 7.45s

[Epoch 129]	Learning rate: 2.00e-4
[40/1120]	[L1: 0.0347]	2.7+0.0s
[80/1120]	[L1: 0.0318]	2.9+0.0s
[120/1120]	[L1: 0.0319]	2.5+0.0s
[160/1120]	[L1: 0.0311]	2.4+0.0s
[200/1120]	[L1: 0.0314]	2.3+0.0s
[240/1120]	[L1: 0.0312]	2.3+0.0s
[280/1120]	[L1: 0.0307]	2.3+0.0s
[320/1120]	[L1: 0.0306]	3.1+0.0s
[360/1120]	[L1: 0.0312]	3.3+0.0s
[400/1120]	[L1: 0.0310]	4.0+0.0s
[440/1120]	[L1: 0.0310]	4.2+0.0s
[480/1120]	[L1: 0.0311]	4.4+0.0s
[520/1120]	[L1: 0.0310]	4.2+0.0s
[560/1120]	[L1: 0.0307]	4.2+0.0s
[600/1120]	[L1: 0.0307]	3.8+0.0s
[640/1120]	[L1: 0.0310]	4.5+0.0s
[680/1120]	[L1: 0.0311]	3.9+0.0s
[720/1120]	[L1: 0.0311]	3.7+0.0s
[760/1120]	[L1: 0.0312]	3.8+0.0s
[800/1120]	[L1: 0.0313]	3.9+0.0s
[840/1120]	[L1: 0.0314]	4.0+0.0s
[880/1120]	[L1: 0.0313]	3.8+0.0s
[920/1120]	[L1: 0.0314]	4.0+0.0s
[960/1120]	[L1: 0.0315]	3.9+0.0s
[1000/1120]	[L1: 0.0317]	4.2+0.0s
[1040/1120]	[L1: 0.0316]	4.0+0.1s
[1080/1120]	[L1: 0.0317]	4.1+0.0s
[1120/1120]	[L1: 0.0319]	3.9+0.0s

Evaluation:
[RSSCN7 x4]	psnr: 27.531 (Best: 27.644 @epoch 124)
Total time: 9.30s

[Epoch 130]	Learning rate: 2.00e-4
[40/1120]	[L1: 0.0308]	4.0+0.1s
[80/1120]	[L1: 0.0313]	4.0+0.0s
[120/1120]	[L1: 0.0315]	2.9+0.0s
[160/1120]	[L1: 0.0325]	2.9+0.0s
[200/1120]	[L1: 0.0326]	2.9+0.0s
[240/1120]	[L1: 0.0328]	2.4+0.0s
[280/1120]	[L1: 0.0324]	2.5+0.0s
[320/1120]	[L1: 0.0318]	2.3+0.0s
[360/1120]	[L1: 0.0318]	2.4+0.0s
[400/1120]	[L1: 0.0315]	2.9+0.0s
[440/1120]	[L1: 0.0317]	2.8+0.0s
[480/1120]	[L1: 0.0315]	2.7+0.0s
[520/1120]	[L1: 0.0318]	2.9+0.0s
[560/1120]	[L1: 0.0317]	2.5+0.0s
[600/1120]	[L1: 0.0316]	2.4+0.0s
[640/1120]	[L1: 0.0313]	2.3+0.0s
[680/1120]	[L1: 0.0315]	2.4+0.0s
[720/1120]	[L1: 0.0315]	2.3+0.0s
[760/1120]	[L1: 0.0316]	2.8+0.0s
[800/1120]	[L1: 0.0317]	2.6+0.0s
[840/1120]	[L1: 0.0316]	2.5+0.0s
[880/1120]	[L1: 0.0317]	2.5+0.0s
[920/1120]	[L1: 0.0318]	2.3+0.0s
[960/1120]	[L1: 0.0318]	2.3+0.0s
[1000/1120]	[L1: 0.0319]	2.5+0.0s
[1040/1120]	[L1: 0.0319]	2.4+0.0s
[1080/1120]	[L1: 0.0319]	2.4+0.0s
[1120/1120]	[L1: 0.0320]	2.4+0.0s

Evaluation:
[RSSCN7 x4]	psnr: 27.628 (Best: 27.644 @epoch 124)
Total time: 7.62s

[Epoch 131]	Learning rate: 2.00e-4
[40/1120]	[L1: 0.0326]	2.4+0.0s
[80/1120]	[L1: 0.0323]	2.6+0.0s
[120/1120]	[L1: 0.0311]	3.3+0.0s
[160/1120]	[L1: 0.0307]	3.7+0.0s
[200/1120]	[L1: 0.0313]	4.5+0.0s
[240/1120]	[L1: 0.0307]	4.0+0.0s
[280/1120]	[L1: 0.0310]	4.1+0.0s
[320/1120]	[L1: 0.0310]	3.7+0.0s
[360/1120]	[L1: 0.0310]	3.9+0.0s
[400/1120]	[L1: 0.0309]	3.8+0.0s
[440/1120]	[L1: 0.0313]	4.0+0.0s
[480/1120]	[L1: 0.0316]	4.0+0.0s
[520/1120]	[L1: 0.0312]	4.0+0.0s
[560/1120]	[L1: 0.0316]	3.8+0.0s
[600/1120]	[L1: 0.0315]	3.8+0.0s
[640/1120]	[L1: 0.0314]	3.9+0.0s
[680/1120]	[L1: 0.0314]	3.9+0.0s
[720/1120]	[L1: 0.0317]	4.0+0.0s
[760/1120]	[L1: 0.0317]	4.0+0.0s
[800/1120]	[L1: 0.0316]	3.8+0.0s
[840/1120]	[L1: 0.0317]	4.3+0.0s
[880/1120]	[L1: 0.0319]	4.5+0.0s
[920/1120]	[L1: 0.0321]	4.0+0.1s
[960/1120]	[L1: 0.0323]	4.0+0.0s
[1000/1120]	[L1: 0.0321]	4.2+0.0s
[1040/1120]	[L1: 0.0321]	4.1+0.0s
[1080/1120]	[L1: 0.0320]	4.1+0.0s
[1120/1120]	[L1: 0.0319]	2.9+0.0s

Evaluation:
[RSSCN7 x4]	psnr: 27.605 (Best: 27.644 @epoch 124)
Total time: 7.51s

[Epoch 132]	Learning rate: 2.00e-4
[40/1120]	[L1: 0.0312]	2.5+0.0s
[80/1120]	[L1: 0.0301]	2.8+0.0s
[120/1120]	[L1: 0.0321]	2.5+0.0s
[160/1120]	[L1: 0.0308]	2.3+0.0s
[200/1120]	[L1: 0.0311]	2.3+0.0s
[240/1120]	[L1: 0.0310]	2.4+0.0s
[280/1120]	[L1: 0.0308]	2.3+0.0s
[320/1120]	[L1: 0.0307]	2.3+0.0s
[360/1120]	[L1: 0.0311]	2.3+0.0s
[400/1120]	[L1: 0.0315]	2.3+0.0s
[440/1120]	[L1: 0.0316]	2.4+0.0s
[480/1120]	[L1: 0.0319]	2.3+0.0s
[520/1120]	[L1: 0.0318]	2.3+0.0s
[560/1120]	[L1: 0.0317]	2.3+0.0s
[600/1120]	[L1: 0.0318]	2.4+0.0s
[640/1120]	[L1: 0.0318]	2.3+0.0s
[680/1120]	[L1: 0.0321]	2.3+0.0s
[720/1120]	[L1: 0.0322]	2.3+0.0s
[760/1120]	[L1: 0.0321]	2.3+0.0s
[800/1120]	[L1: 0.0319]	2.4+0.0s
[840/1120]	[L1: 0.0318]	2.3+0.0s
[880/1120]	[L1: 0.0317]	2.4+0.0s
[920/1120]	[L1: 0.0318]	2.4+0.0s
[960/1120]	[L1: 0.0320]	2.5+0.0s
[1000/1120]	[L1: 0.0322]	2.4+0.0s
[1040/1120]	[L1: 0.0322]	2.4+0.0s
[1080/1120]	[L1: 0.0321]	2.4+0.0s
[1120/1120]	[L1: 0.0319]	2.9+0.0s

Evaluation:
[RSSCN7 x4]	psnr: 27.535 (Best: 27.644 @epoch 124)
Total time: 9.35s

[Epoch 133]	Learning rate: 2.00e-4
[40/1120]	[L1: 0.0296]	4.1+0.1s
[80/1120]	[L1: 0.0331]	3.9+0.0s
[120/1120]	[L1: 0.0311]	4.1+0.0s
[160/1120]	[L1: 0.0317]	4.7+0.0s
[200/1120]	[L1: 0.0311]	4.2+0.0s
[240/1120]	[L1: 0.0308]	4.1+0.0s
[280/1120]	[L1: 0.0309]	4.0+0.0s
[320/1120]	[L1: 0.0310]	3.8+0.1s
[360/1120]	[L1: 0.0311]	4.4+0.0s
[400/1120]	[L1: 0.0311]	3.9+0.0s
[440/1120]	[L1: 0.0316]	3.9+0.0s
[480/1120]	[L1: 0.0321]	4.1+0.0s
[520/1120]	[L1: 0.0317]	4.6+0.0s
[560/1120]	[L1: 0.0316]	3.9+0.0s
[600/1120]	[L1: 0.0316]	3.8+0.0s
[640/1120]	[L1: 0.0314]	3.9+0.0s
[680/1120]	[L1: 0.0316]	3.9+0.0s
[720/1120]	[L1: 0.0316]	3.8+0.0s
[760/1120]	[L1: 0.0318]	4.0+0.0s
[800/1120]	[L1: 0.0317]	4.3+0.0s
[840/1120]	[L1: 0.0317]	4.2+0.0s
[880/1120]	[L1: 0.0318]	3.3+0.0s
[920/1120]	[L1: 0.0318]	2.7+0.0s
[960/1120]	[L1: 0.0317]	2.4+0.0s
[1000/1120]	[L1: 0.0316]	2.5+0.0s
[1040/1120]	[L1: 0.0316]	2.4+0.0s
[1080/1120]	[L1: 0.0317]	2.5+0.0s
[1120/1120]	[L1: 0.0318]	2.4+0.0s

Evaluation:
[RSSCN7 x4]	psnr: 27.507 (Best: 27.644 @epoch 124)
Total time: 7.55s

[Epoch 134]	Learning rate: 2.00e-4
[40/1120]	[L1: 0.0306]	2.9+0.1s
[80/1120]	[L1: 0.0317]	2.5+0.0s
[120/1120]	[L1: 0.0314]	2.3+0.0s
[160/1120]	[L1: 0.0317]	2.3+0.0s
[200/1120]	[L1: 0.0316]	2.4+0.0s
[240/1120]	[L1: 0.0309]	2.6+0.0s
[280/1120]	[L1: 0.0325]	2.4+0.0s
[320/1120]	[L1: 0.0325]	2.4+0.0s
[360/1120]	[L1: 0.0322]	2.5+0.0s
[400/1120]	[L1: 0.0320]	2.3+0.0s
[440/1120]	[L1: 0.0323]	2.4+0.0s
[480/1120]	[L1: 0.0321]	2.3+0.0s
[520/1120]	[L1: 0.0322]	2.4+0.0s
[560/1120]	[L1: 0.0322]	2.4+0.0s
[600/1120]	[L1: 0.0323]	2.4+0.0s
[640/1120]	[L1: 0.0323]	2.3+0.0s
[680/1120]	[L1: 0.0320]	2.4+0.0s
[720/1120]	[L1: 0.0320]	2.4+0.0s
[760/1120]	[L1: 0.0322]	2.3+0.0s
[800/1120]	[L1: 0.0321]	2.5+0.0s
[840/1120]	[L1: 0.0322]	2.3+0.0s
[880/1120]	[L1: 0.0321]	2.9+0.0s
[920/1120]	[L1: 0.0321]	3.6+0.0s
[960/1120]	[L1: 0.0320]	3.7+0.0s
[1000/1120]	[L1: 0.0322]	3.9+0.0s
[1040/1120]	[L1: 0.0321]	3.8+0.0s
[1080/1120]	[L1: 0.0320]	3.9+0.0s
[1120/1120]	[L1: 0.0319]	4.2+0.0s

Evaluation:
[RSSCN7 x4]	psnr: 27.623 (Best: 27.644 @epoch 124)
Total time: 9.83s

[Epoch 135]	Learning rate: 2.00e-4
[40/1120]	[L1: 0.0297]	3.8+0.0s
[80/1120]	[L1: 0.0301]	3.8+0.0s
[120/1120]	[L1: 0.0303]	3.7+0.0s
[160/1120]	[L1: 0.0307]	4.0+0.0s
[200/1120]	[L1: 0.0312]	4.4+0.0s
[240/1120]	[L1: 0.0306]	3.8+0.0s
[280/1120]	[L1: 0.0314]	4.1+0.0s
[320/1120]	[L1: 0.0313]	4.0+0.0s
[360/1120]	[L1: 0.0315]	3.8+0.0s
[400/1120]	[L1: 0.0317]	4.2+0.0s
[440/1120]	[L1: 0.0318]	4.1+0.1s
[480/1120]	[L1: 0.0316]	3.5+0.0s
[520/1120]	[L1: 0.0316]	3.4+0.0s
[560/1120]	[L1: 0.0319]	3.7+0.0s
[600/1120]	[L1: 0.0319]	3.5+0.0s
[640/1120]	[L1: 0.0320]	3.8+0.0s
[680/1120]	[L1: 0.0321]	3.6+0.0s
[720/1120]	[L1: 0.0321]	2.9+0.0s
[760/1120]	[L1: 0.0322]	2.7+0.0s
[800/1120]	[L1: 0.0321]	2.5+0.0s
[840/1120]	[L1: 0.0321]	2.3+0.0s
[880/1120]	[L1: 0.0321]	2.9+0.0s
[920/1120]	[L1: 0.0322]	2.7+0.0s
[960/1120]	[L1: 0.0322]	2.3+0.0s
[1000/1120]	[L1: 0.0319]	2.5+0.0s
[1040/1120]	[L1: 0.0317]	2.4+0.0s
[1080/1120]	[L1: 0.0317]	2.3+0.0s
[1120/1120]	[L1: 0.0318]	2.4+0.0s

Evaluation:
[RSSCN7 x4]	psnr: 27.627 (Best: 27.644 @epoch 124)
Total time: 7.43s

[Epoch 136]	Learning rate: 2.00e-4
[40/1120]	[L1: 0.0291]	2.5+0.0s
[80/1120]	[L1: 0.0325]	2.4+0.0s
[120/1120]	[L1: 0.0334]	2.4+0.0s
[160/1120]	[L1: 0.0318]	2.3+0.0s
[200/1120]	[L1: 0.0316]	2.3+0.0s
[240/1120]	[L1: 0.0310]	2.4+0.0s
[280/1120]	[L1: 0.0315]	2.3+0.0s
[320/1120]	[L1: 0.0319]	2.5+0.0s
[360/1120]	[L1: 0.0319]	3.0+0.0s
[400/1120]	[L1: 0.0319]	2.9+0.0s
[440/1120]	[L1: 0.0319]	2.3+0.0s
[480/1120]	[L1: 0.0317]	2.4+0.0s
[520/1120]	[L1: 0.0318]	2.5+0.0s
[560/1120]	[L1: 0.0320]	2.3+0.0s
[600/1120]	[L1: 0.0319]	2.3+0.0s
[640/1120]	[L1: 0.0319]	2.3+0.0s
[680/1120]	[L1: 0.0318]	2.4+0.0s
[720/1120]	[L1: 0.0320]	2.9+0.0s
[760/1120]	[L1: 0.0321]	4.1+0.0s
[800/1120]	[L1: 0.0321]	4.4+0.0s
[840/1120]	[L1: 0.0319]	3.7+0.0s
[880/1120]	[L1: 0.0320]	3.5+0.1s
[920/1120]	[L1: 0.0322]	3.4+0.0s
[960/1120]	[L1: 0.0322]	3.3+0.0s
[1000/1120]	[L1: 0.0322]	3.6+0.0s
[1040/1120]	[L1: 0.0323]	4.0+0.1s
[1080/1120]	[L1: 0.0322]	4.0+0.0s
[1120/1120]	[L1: 0.0322]	4.1+0.0s

Evaluation:
[RSSCN7 x4]	psnr: 27.532 (Best: 27.644 @epoch 124)
Total time: 10.00s

[Epoch 137]	Learning rate: 2.00e-4
[40/1120]	[L1: 0.0322]	3.5+0.1s
[80/1120]	[L1: 0.0312]	3.9+0.0s
[120/1120]	[L1: 0.0322]	3.9+0.0s
[160/1120]	[L1: 0.0322]	4.2+0.0s
[200/1120]	[L1: 0.0319]	4.0+0.0s
[240/1120]	[L1: 0.0320]	4.3+0.0s
[280/1120]	[L1: 0.0321]	4.0+0.0s
[320/1120]	[L1: 0.0321]	3.8+0.0s
[360/1120]	[L1: 0.0319]	4.2+0.0s
[400/1120]	[L1: 0.0316]	4.1+0.0s
[440/1120]	[L1: 0.0315]	4.6+0.0s
[480/1120]	[L1: 0.0317]	4.2+0.0s
[520/1120]	[L1: 0.0316]	2.9+0.0s
[560/1120]	[L1: 0.0318]	3.0+0.0s
[600/1120]	[L1: 0.0317]	2.9+0.0s
[640/1120]	[L1: 0.0319]	2.9+0.0s
[680/1120]	[L1: 0.0319]	2.8+0.0s
[720/1120]	[L1: 0.0320]	2.4+0.0s
[760/1120]	[L1: 0.0319]	2.5+0.0s
[800/1120]	[L1: 0.0322]	2.4+0.0s
[840/1120]	[L1: 0.0321]	2.5+0.0s
[880/1120]	[L1: 0.0319]	2.3+0.0s
[920/1120]	[L1: 0.0322]	2.3+0.0s
[960/1120]	[L1: 0.0319]	2.4+0.0s
[1000/1120]	[L1: 0.0317]	2.4+0.0s
[1040/1120]	[L1: 0.0318]	2.5+0.0s
[1080/1120]	[L1: 0.0318]	2.4+0.0s
[1120/1120]	[L1: 0.0320]	2.3+0.0s

Evaluation:
[RSSCN7 x4]	psnr: 27.601 (Best: 27.644 @epoch 124)
Total time: 7.49s

[Epoch 138]	Learning rate: 2.00e-4
[40/1120]	[L1: 0.0342]	2.5+0.0s
[80/1120]	[L1: 0.0355]	2.8+0.0s
[120/1120]	[L1: 0.0322]	2.9+0.0s
[160/1120]	[L1: 0.0319]	2.7+0.0s
[200/1120]	[L1: 0.0319]	2.3+0.0s
[240/1120]	[L1: 0.0323]	2.3+0.0s
[280/1120]	[L1: 0.0324]	2.4+0.0s
[320/1120]	[L1: 0.0324]	2.3+0.0s
[360/1120]	[L1: 0.0327]	2.3+0.0s
[400/1120]	[L1: 0.0322]	2.3+0.0s
[440/1120]	[L1: 0.0323]	2.4+0.0s
[480/1120]	[L1: 0.0321]	2.7+0.0s
[520/1120]	[L1: 0.0317]	3.8+0.0s
[560/1120]	[L1: 0.0315]	3.4+0.0s
[600/1120]	[L1: 0.0318]	3.1+0.0s
[640/1120]	[L1: 0.0318]	3.5+0.0s
[680/1120]	[L1: 0.0316]	3.5+0.0s
[720/1120]	[L1: 0.0316]	4.3+0.0s
[760/1120]	[L1: 0.0316]	4.2+0.0s
[800/1120]	[L1: 0.0318]	4.3+0.0s
[840/1120]	[L1: 0.0319]	3.6+0.0s
[880/1120]	[L1: 0.0319]	4.1+0.0s
[920/1120]	[L1: 0.0318]	4.4+0.0s
[960/1120]	[L1: 0.0317]	4.4+0.0s
[1000/1120]	[L1: 0.0318]	4.2+0.0s
[1040/1120]	[L1: 0.0320]	3.8+0.0s
[1080/1120]	[L1: 0.0319]	4.6+0.0s
[1120/1120]	[L1: 0.0319]	4.0+0.0s

Evaluation:
[RSSCN7 x4]	psnr: 27.589 (Best: 27.644 @epoch 124)
Total time: 9.70s

[Epoch 139]	Learning rate: 2.00e-4
[40/1120]	[L1: 0.0320]	4.1+0.1s
[80/1120]	[L1: 0.0337]	4.6+0.0s
[120/1120]	[L1: 0.0346]	4.2+0.0s
[160/1120]	[L1: 0.0340]	4.4+0.0s
[200/1120]	[L1: 0.0341]	4.3+0.0s
[240/1120]	[L1: 0.0342]	3.8+0.0s
[280/1120]	[L1: 0.0342]	3.9+0.0s
[320/1120]	[L1: 0.0340]	2.7+0.0s
[360/1120]	[L1: 0.0340]	2.4+0.0s
[400/1120]	[L1: 0.0337]	2.4+0.0s
[440/1120]	[L1: 0.0335]	2.4+0.0s
[480/1120]	[L1: 0.0334]	2.4+0.0s
[520/1120]	[L1: 0.0334]	2.4+0.0s
[560/1120]	[L1: 0.0333]	2.3+0.0s
[600/1120]	[L1: 0.0330]	2.3+0.0s
[640/1120]	[L1: 0.0328]	2.3+0.0s
[680/1120]	[L1: 0.0327]	2.4+0.0s
[720/1120]	[L1: 0.0326]	2.4+0.0s
[760/1120]	[L1: 0.0326]	2.3+0.0s
[800/1120]	[L1: 0.0325]	2.3+0.0s
[840/1120]	[L1: 0.0325]	2.3+0.0s
[880/1120]	[L1: 0.0323]	2.3+0.0s
[920/1120]	[L1: 0.0323]	2.3+0.0s
[960/1120]	[L1: 0.0322]	2.4+0.0s
[1000/1120]	[L1: 0.0321]	2.3+0.0s
[1040/1120]	[L1: 0.0320]	2.3+0.0s
[1080/1120]	[L1: 0.0318]	2.3+0.0s
[1120/1120]	[L1: 0.0319]	2.3+0.0s

Evaluation:
[RSSCN7 x4]	psnr: 27.663 (Best: 27.663 @epoch 139)
Total time: 7.49s

[Epoch 140]	Learning rate: 2.00e-4
[40/1120]	[L1: 0.0313]	2.7+0.0s
[80/1120]	[L1: 0.0322]	2.8+0.0s
[120/1120]	[L1: 0.0321]	2.8+0.0s
[160/1120]	[L1: 0.0328]	2.5+0.0s
[200/1120]	[L1: 0.0323]	2.5+0.0s
[240/1120]	[L1: 0.0319]	2.8+0.0s
[280/1120]	[L1: 0.0318]	3.8+0.0s
[320/1120]	[L1: 0.0314]	4.0+0.0s
[360/1120]	[L1: 0.0319]	3.9+0.0s
[400/1120]	[L1: 0.0314]	4.1+0.0s
[440/1120]	[L1: 0.0312]	3.9+0.0s
[480/1120]	[L1: 0.0315]	3.8+0.0s
[520/1120]	[L1: 0.0316]	3.8+0.0s
[560/1120]	[L1: 0.0316]	4.0+0.0s
[600/1120]	[L1: 0.0316]	4.1+0.0s
[640/1120]	[L1: 0.0316]	4.2+0.1s
[680/1120]	[L1: 0.0318]	4.2+0.0s
[720/1120]	[L1: 0.0319]	4.1+0.0s
[760/1120]	[L1: 0.0319]	4.1+0.0s
[800/1120]	[L1: 0.0319]	4.2+0.0s
[840/1120]	[L1: 0.0319]	4.2+0.1s
[880/1120]	[L1: 0.0319]	4.2+0.0s
[920/1120]	[L1: 0.0319]	3.9+0.0s
[960/1120]	[L1: 0.0320]	3.6+0.1s
[1000/1120]	[L1: 0.0319]	3.8+0.0s
[1040/1120]	[L1: 0.0319]	4.4+0.0s
[1080/1120]	[L1: 0.0319]	4.3+0.0s
[1120/1120]	[L1: 0.0319]	4.5+0.0s

Evaluation:
[RSSCN7 x4]	psnr: 27.614 (Best: 27.663 @epoch 139)
Total time: 9.57s

[Epoch 141]	Learning rate: 2.00e-4
[40/1120]	[L1: 0.0340]	3.4+0.1s
[80/1120]	[L1: 0.0322]	3.1+0.0s
[120/1120]	[L1: 0.0344]	2.8+0.0s
[160/1120]	[L1: 0.0341]	2.9+0.0s
[200/1120]	[L1: 0.0346]	2.8+0.0s
[240/1120]	[L1: 0.0345]	2.6+0.0s
[280/1120]	[L1: 0.0340]	2.3+0.0s
[320/1120]	[L1: 0.0340]	2.4+0.0s
[360/1120]	[L1: 0.0342]	2.6+0.0s
[400/1120]	[L1: 0.0336]	2.9+0.0s
[440/1120]	[L1: 0.0333]	2.9+0.0s
[480/1120]	[L1: 0.0330]	2.6+0.0s
[520/1120]	[L1: 0.0330]	2.3+0.0s
[560/1120]	[L1: 0.0330]	2.3+0.0s
[600/1120]	[L1: 0.0326]	2.6+0.0s
[640/1120]	[L1: 0.0325]	2.9+0.0s
[680/1120]	[L1: 0.0325]	2.8+0.0s
[720/1120]	[L1: 0.0325]	2.7+0.0s
[760/1120]	[L1: 0.0325]	2.6+0.0s
[800/1120]	[L1: 0.0326]	2.5+0.0s
[840/1120]	[L1: 0.0325]	2.4+0.0s
[880/1120]	[L1: 0.0324]	2.3+0.0s
[920/1120]	[L1: 0.0322]	2.4+0.0s
[960/1120]	[L1: 0.0321]	2.4+0.0s
[1000/1120]	[L1: 0.0320]	2.5+0.0s
[1040/1120]	[L1: 0.0319]	2.4+0.0s
[1080/1120]	[L1: 0.0318]	2.6+0.0s
[1120/1120]	[L1: 0.0318]	2.8+0.0s

Evaluation:
[RSSCN7 x4]	psnr: 27.608 (Best: 27.663 @epoch 139)
Total time: 8.19s

[Epoch 142]	Learning rate: 2.00e-4
[40/1120]	[L1: 0.0299]	4.3+0.1s
[80/1120]	[L1: 0.0319]	4.0+0.0s
[120/1120]	[L1: 0.0317]	4.2+0.0s
[160/1120]	[L1: 0.0328]	4.7+0.0s
[200/1120]	[L1: 0.0329]	4.3+0.0s
[240/1120]	[L1: 0.0327]	5.1+0.0s
[280/1120]	[L1: 0.0328]	4.4+0.0s
[320/1120]	[L1: 0.0325]	4.7+0.0s
[360/1120]	[L1: 0.0323]	4.0+0.0s
[400/1120]	[L1: 0.0320]	4.4+0.0s
[440/1120]	[L1: 0.0317]	4.5+0.0s
[480/1120]	[L1: 0.0314]	4.1+0.0s
[520/1120]	[L1: 0.0311]	4.7+0.1s
[560/1120]	[L1: 0.0313]	3.9+0.0s
[600/1120]	[L1: 0.0316]	5.2+0.0s
[640/1120]	[L1: 0.0317]	4.6+0.0s
[680/1120]	[L1: 0.0316]	4.5+0.0s
[720/1120]	[L1: 0.0314]	3.8+0.0s
[760/1120]	[L1: 0.0318]	3.5+0.0s
[800/1120]	[L1: 0.0319]	3.7+0.0s
[840/1120]	[L1: 0.0318]	3.2+0.1s
[880/1120]	[L1: 0.0318]	4.0+0.0s
[920/1120]	[L1: 0.0317]	3.9+0.0s
[960/1120]	[L1: 0.0316]	3.3+0.0s
[1000/1120]	[L1: 0.0316]	3.1+0.0s
[1040/1120]	[L1: 0.0317]	3.0+0.0s
[1080/1120]	[L1: 0.0318]	2.8+0.0s
[1120/1120]	[L1: 0.0319]	2.9+0.0s

Evaluation:
[RSSCN7 x4]	psnr: 27.527 (Best: 27.663 @epoch 139)
Total time: 7.57s

[Epoch 143]	Learning rate: 2.00e-4
[40/1120]	[L1: 0.0319]	2.6+0.0s
[80/1120]	[L1: 0.0315]	2.4+0.0s
[120/1120]	[L1: 0.0317]	2.4+0.0s
[160/1120]	[L1: 0.0316]	2.3+0.0s
[200/1120]	[L1: 0.0320]	2.4+0.0s
[240/1120]	[L1: 0.0320]	2.3+0.0s
[280/1120]	[L1: 0.0317]	2.4+0.0s
[320/1120]	[L1: 0.0319]	2.3+0.0s
[360/1120]	[L1: 0.0316]	2.4+0.0s
[400/1120]	[L1: 0.0317]	2.4+0.0s
[440/1120]	[L1: 0.0318]	2.5+0.0s
[480/1120]	[L1: 0.0317]	2.3+0.0s
[520/1120]	[L1: 0.0320]	2.4+0.0s
[560/1120]	[L1: 0.0320]	2.3+0.0s
[600/1120]	[L1: 0.0322]	2.3+0.0s
[640/1120]	[L1: 0.0322]	2.4+0.0s
[680/1120]	[L1: 0.0321]	2.3+0.0s
[720/1120]	[L1: 0.0321]	2.4+0.0s
[760/1120]	[L1: 0.0320]	2.3+0.0s
[800/1120]	[L1: 0.0319]	2.4+0.0s
[840/1120]	[L1: 0.0318]	2.3+0.0s
[880/1120]	[L1: 0.0318]	2.4+0.0s
[920/1120]	[L1: 0.0317]	2.3+0.0s
[960/1120]	[L1: 0.0317]	2.7+0.0s
[1000/1120]	[L1: 0.0318]	3.5+0.0s
[1040/1120]	[L1: 0.0319]	4.1+0.0s
[1080/1120]	[L1: 0.0320]	3.8+0.0s
[1120/1120]	[L1: 0.0319]	3.7+0.0s

Evaluation:
[RSSCN7 x4]	psnr: 27.669 (Best: 27.669 @epoch 143)
Total time: 8.79s

[Epoch 144]	Learning rate: 2.00e-4
[40/1120]	[L1: 0.0318]	4.0+0.1s
[80/1120]	[L1: 0.0331]	4.4+0.0s
[120/1120]	[L1: 0.0337]	4.3+0.0s
[160/1120]	[L1: 0.0321]	4.0+0.0s
[200/1120]	[L1: 0.0327]	4.0+0.0s
[240/1120]	[L1: 0.0322]	4.1+0.1s
[280/1120]	[L1: 0.0325]	3.9+0.0s
[320/1120]	[L1: 0.0321]	4.1+0.0s
[360/1120]	[L1: 0.0320]	4.2+0.0s
[400/1120]	[L1: 0.0325]	3.9+0.0s
[440/1120]	[L1: 0.0325]	3.8+0.0s
[480/1120]	[L1: 0.0319]	4.3+0.0s
[520/1120]	[L1: 0.0317]	4.0+0.0s
[560/1120]	[L1: 0.0318]	4.0+0.1s
[600/1120]	[L1: 0.0320]	4.2+0.0s
[640/1120]	[L1: 0.0322]	4.1+0.0s
[680/1120]	[L1: 0.0322]	4.3+0.0s
[720/1120]	[L1: 0.0321]	4.4+0.0s
[760/1120]	[L1: 0.0321]	3.0+0.0s
[800/1120]	[L1: 0.0323]	2.6+0.0s
[840/1120]	[L1: 0.0322]	2.6+0.0s
[880/1120]	[L1: 0.0322]	2.4+0.0s
[920/1120]	[L1: 0.0323]	2.4+0.0s
[960/1120]	[L1: 0.0322]	2.4+0.0s
[1000/1120]	[L1: 0.0321]	2.3+0.0s
[1040/1120]	[L1: 0.0319]	2.3+0.0s
[1080/1120]	[L1: 0.0319]	2.4+0.0s
[1120/1120]	[L1: 0.0319]	2.3+0.0s

Evaluation:
[RSSCN7 x4]	psnr: 27.632 (Best: 27.669 @epoch 143)
Total time: 7.50s

[Epoch 145]	Learning rate: 2.00e-4
[40/1120]	[L1: 0.0346]	2.5+0.1s
[80/1120]	[L1: 0.0340]	2.3+0.0s
[120/1120]	[L1: 0.0331]	2.4+0.0s
[160/1120]	[L1: 0.0338]	2.3+0.0s
[200/1120]	[L1: 0.0328]	2.3+0.0s
[240/1120]	[L1: 0.0325]	2.3+0.0s
[280/1120]	[L1: 0.0326]	2.4+0.0s
[320/1120]	[L1: 0.0325]	2.3+0.0s
[360/1120]	[L1: 0.0323]	2.3+0.0s
[400/1120]	[L1: 0.0318]	2.3+0.0s
[440/1120]	[L1: 0.0320]	2.4+0.0s
[480/1120]	[L1: 0.0321]	2.5+0.0s
[520/1120]	[L1: 0.0321]	2.4+0.0s
[560/1120]	[L1: 0.0324]	2.4+0.0s
[600/1120]	[L1: 0.0325]	2.3+0.0s
[640/1120]	[L1: 0.0322]	2.4+0.0s
[680/1120]	[L1: 0.0321]	2.3+0.0s
[720/1120]	[L1: 0.0325]	2.3+0.0s
[760/1120]	[L1: 0.0324]	2.4+0.0s
[800/1120]	[L1: 0.0324]	2.8+0.0s
[840/1120]	[L1: 0.0323]	3.7+0.0s
[880/1120]	[L1: 0.0323]	4.1+0.0s
[920/1120]	[L1: 0.0324]	3.9+0.0s
[960/1120]	[L1: 0.0323]	4.1+0.0s
[1000/1120]	[L1: 0.0321]	3.8+0.0s
[1040/1120]	[L1: 0.0320]	4.2+0.0s
[1080/1120]	[L1: 0.0320]	3.9+0.0s
[1120/1120]	[L1: 0.0320]	3.7+0.0s

Evaluation:
[RSSCN7 x4]	psnr: 27.629 (Best: 27.669 @epoch 143)
Total time: 9.70s

[Epoch 146]	Learning rate: 2.00e-4
[40/1120]	[L1: 0.0284]	3.7+0.1s
[80/1120]	[L1: 0.0294]	4.3+0.1s
[120/1120]	[L1: 0.0315]	4.4+0.0s
[160/1120]	[L1: 0.0307]	4.2+0.0s
[200/1120]	[L1: 0.0311]	3.9+0.0s
[240/1120]	[L1: 0.0314]	4.4+0.0s
[280/1120]	[L1: 0.0317]	3.8+0.0s
[320/1120]	[L1: 0.0311]	4.3+0.0s
[360/1120]	[L1: 0.0310]	4.0+0.0s
[400/1120]	[L1: 0.0314]	3.8+0.0s
[440/1120]	[L1: 0.0316]	4.6+0.0s
[480/1120]	[L1: 0.0319]	4.5+0.0s
[520/1120]	[L1: 0.0321]	4.0+0.0s
[560/1120]	[L1: 0.0326]	3.7+0.0s
[600/1120]	[L1: 0.0329]	2.8+0.0s
[640/1120]	[L1: 0.0326]	2.5+0.0s
[680/1120]	[L1: 0.0325]	2.5+0.0s
[720/1120]	[L1: 0.0325]	2.9+0.0s
[760/1120]	[L1: 0.0325]	2.5+0.0s
[800/1120]	[L1: 0.0324]	2.3+0.0s
[840/1120]	[L1: 0.0323]	2.4+0.0s
[880/1120]	[L1: 0.0324]	2.3+0.0s
[920/1120]	[L1: 0.0324]	2.5+0.0s
[960/1120]	[L1: 0.0323]	2.7+0.0s
[1000/1120]	[L1: 0.0322]	2.6+0.0s
[1040/1120]	[L1: 0.0324]	2.4+0.0s
[1080/1120]	[L1: 0.0322]	2.3+0.0s
[1120/1120]	[L1: 0.0322]	2.4+0.0s

Evaluation:
[RSSCN7 x4]	psnr: 27.625 (Best: 27.669 @epoch 143)
Total time: 7.44s

[Epoch 147]	Learning rate: 2.00e-4
[40/1120]	[L1: 0.0298]	2.3+0.0s
[80/1120]	[L1: 0.0315]	2.4+0.0s
[120/1120]	[L1: 0.0316]	2.3+0.0s
[160/1120]	[L1: 0.0316]	2.6+0.0s
[200/1120]	[L1: 0.0315]	2.4+0.0s
[240/1120]	[L1: 0.0317]	2.5+0.0s
[280/1120]	[L1: 0.0319]	2.5+0.0s
[320/1120]	[L1: 0.0314]	2.5+0.0s
[360/1120]	[L1: 0.0315]	2.6+0.0s
[400/1120]	[L1: 0.0315]	2.4+0.0s
[440/1120]	[L1: 0.0318]	2.4+0.0s
[480/1120]	[L1: 0.0315]	2.5+0.0s
[520/1120]	[L1: 0.0315]	2.4+0.0s
[560/1120]	[L1: 0.0321]	2.7+0.0s
[600/1120]	[L1: 0.0319]	4.0+0.0s
[640/1120]	[L1: 0.0322]	4.0+0.0s
[680/1120]	[L1: 0.0321]	4.2+0.0s
[720/1120]	[L1: 0.0322]	4.2+0.0s
[760/1120]	[L1: 0.0323]	4.8+0.0s
[800/1120]	[L1: 0.0321]	4.4+0.0s
[840/1120]	[L1: 0.0321]	4.1+0.0s
[880/1120]	[L1: 0.0320]	4.0+0.0s
[920/1120]	[L1: 0.0320]	4.1+0.0s
[960/1120]	[L1: 0.0318]	4.5+0.0s
[1000/1120]	[L1: 0.0318]	3.9+0.0s
[1040/1120]	[L1: 0.0317]	4.4+0.0s
[1080/1120]	[L1: 0.0317]	5.0+0.1s
[1120/1120]	[L1: 0.0318]	4.1+0.0s

Evaluation:
[RSSCN7 x4]	psnr: 27.445 (Best: 27.669 @epoch 143)
Total time: 10.64s

[Epoch 148]	Learning rate: 2.00e-4
[40/1120]	[L1: 0.0306]	4.0+0.0s
[80/1120]	[L1: 0.0324]	4.2+0.0s
[120/1120]	[L1: 0.0341]	4.2+0.0s
[160/1120]	[L1: 0.0339]	4.1+0.0s
[200/1120]	[L1: 0.0345]	3.7+0.0s
[240/1120]	[L1: 0.0341]	4.9+0.0s
[280/1120]	[L1: 0.0335]	4.2+0.0s
[320/1120]	[L1: 0.0335]	3.2+0.0s
[360/1120]	[L1: 0.0331]	2.8+0.0s
[400/1120]	[L1: 0.0332]	2.5+0.0s
[440/1120]	[L1: 0.0328]	2.3+0.0s
[480/1120]	[L1: 0.0327]	2.4+0.0s
[520/1120]	[L1: 0.0325]	2.4+0.0s
[560/1120]	[L1: 0.0322]	2.3+0.0s
[600/1120]	[L1: 0.0322]	2.4+0.0s
[640/1120]	[L1: 0.0321]	2.3+0.0s
[680/1120]	[L1: 0.0324]	2.3+0.0s
[720/1120]	[L1: 0.0322]	2.4+0.0s
[760/1120]	[L1: 0.0324]	2.3+0.0s
[800/1120]	[L1: 0.0324]	2.3+0.0s
[840/1120]	[L1: 0.0321]	2.3+0.0s
[880/1120]	[L1: 0.0321]	2.3+0.0s
[920/1120]	[L1: 0.0321]	2.4+0.0s
[960/1120]	[L1: 0.0324]	2.3+0.0s
[1000/1120]	[L1: 0.0322]	2.3+0.0s
[1040/1120]	[L1: 0.0321]	2.3+0.0s
[1080/1120]	[L1: 0.0321]	2.4+0.0s
[1120/1120]	[L1: 0.0320]	2.7+0.0s

Evaluation:
[RSSCN7 x4]	psnr: 27.346 (Best: 27.669 @epoch 143)
Total time: 7.52s

[Epoch 149]	Learning rate: 2.00e-4
[40/1120]	[L1: 0.0313]	2.4+0.0s
[80/1120]	[L1: 0.0318]	2.4+0.0s
[120/1120]	[L1: 0.0324]	2.4+0.0s
[160/1120]	[L1: 0.0317]	2.3+0.0s
[200/1120]	[L1: 0.0323]	2.4+0.0s
[240/1120]	[L1: 0.0320]	2.3+0.0s
[280/1120]	[L1: 0.0321]	2.5+0.0s
[320/1120]	[L1: 0.0323]	2.6+0.0s
[360/1120]	[L1: 0.0323]	3.3+0.0s
[400/1120]	[L1: 0.0321]	3.4+0.0s
[440/1120]	[L1: 0.0321]	3.3+0.0s
[480/1120]	[L1: 0.0319]	3.2+0.0s
[520/1120]	[L1: 0.0317]	3.5+0.0s
[560/1120]	[L1: 0.0316]	4.1+0.0s
[600/1120]	[L1: 0.0313]	4.2+0.0s
[640/1120]	[L1: 0.0310]	4.0+0.0s
[680/1120]	[L1: 0.0310]	4.2+0.0s
[720/1120]	[L1: 0.0313]	4.0+0.0s
[760/1120]	[L1: 0.0314]	4.2+0.0s
[800/1120]	[L1: 0.0313]	3.9+0.0s
[840/1120]	[L1: 0.0313]	3.8+0.1s
[880/1120]	[L1: 0.0316]	4.5+0.0s
[920/1120]	[L1: 0.0316]	4.5+0.0s
[960/1120]	[L1: 0.0315]	3.9+0.0s
[1000/1120]	[L1: 0.0315]	3.9+0.0s
[1040/1120]	[L1: 0.0316]	3.4+0.0s
[1080/1120]	[L1: 0.0316]	3.5+0.0s
[1120/1120]	[L1: 0.0317]	4.0+0.0s

Evaluation:
[RSSCN7 x4]	psnr: 27.587 (Best: 27.669 @epoch 143)
Total time: 10.41s

[Epoch 150]	Learning rate: 2.00e-4
[40/1120]	[L1: 0.0327]	4.9+0.1s
[80/1120]	[L1: 0.0304]	4.4+0.0s
[120/1120]	[L1: 0.0313]	4.0+0.0s
[160/1120]	[L1: 0.0320]	3.1+0.0s
[200/1120]	[L1: 0.0323]	2.8+0.0s
[240/1120]	[L1: 0.0318]	2.4+0.0s
[280/1120]	[L1: 0.0319]	2.3+0.0s
[320/1120]	[L1: 0.0321]	2.4+0.0s
[360/1120]	[L1: 0.0325]	2.8+0.0s
[400/1120]	[L1: 0.0323]	2.8+0.0s
[440/1120]	[L1: 0.0326]	2.6+0.0s
[480/1120]	[L1: 0.0325]	2.3+0.0s
[520/1120]	[L1: 0.0324]	2.4+0.0s
[560/1120]	[L1: 0.0324]	2.3+0.0s
[600/1120]	[L1: 0.0325]	2.4+0.0s
[640/1120]	[L1: 0.0323]	2.3+0.0s
[680/1120]	[L1: 0.0320]	2.4+0.0s
[720/1120]	[L1: 0.0321]	2.3+0.0s
[760/1120]	[L1: 0.0320]	2.5+0.0s
[800/1120]	[L1: 0.0319]	2.8+0.0s
[840/1120]	[L1: 0.0318]	2.9+0.0s
[880/1120]	[L1: 0.0318]	3.0+0.0s
[920/1120]	[L1: 0.0318]	2.8+0.0s
[960/1120]	[L1: 0.0319]	2.3+0.0s
[1000/1120]	[L1: 0.0319]	2.3+0.0s
[1040/1120]	[L1: 0.0318]	2.3+0.0s
[1080/1120]	[L1: 0.0316]	2.4+0.0s
[1120/1120]	[L1: 0.0318]	2.3+0.0s

Evaluation:
[RSSCN7 x4]	psnr: 27.513 (Best: 27.669 @epoch 143)
Total time: 7.43s

[Epoch 151]	Learning rate: 2.00e-4
[40/1120]	[L1: 0.0310]	2.4+0.0s
[80/1120]	[L1: 0.0319]	2.4+0.0s
[120/1120]	[L1: 0.0316]	2.9+0.0s
[160/1120]	[L1: 0.0309]	3.6+0.0s
[200/1120]	[L1: 0.0299]	4.4+0.0s
[240/1120]	[L1: 0.0302]	4.6+0.0s
[280/1120]	[L1: 0.0306]	4.1+0.0s
[320/1120]	[L1: 0.0307]	4.2+0.0s
[360/1120]	[L1: 0.0314]	4.2+0.0s
[400/1120]	[L1: 0.0312]	4.2+0.0s
[440/1120]	[L1: 0.0309]	3.9+0.0s
[480/1120]	[L1: 0.0308]	3.4+0.0s
[520/1120]	[L1: 0.0311]	3.0+0.0s
[560/1120]	[L1: 0.0313]	2.9+0.0s
[600/1120]	[L1: 0.0312]	3.1+0.0s
[640/1120]	[L1: 0.0314]	3.1+0.0s
[680/1120]	[L1: 0.0313]	3.5+0.0s
[720/1120]	[L1: 0.0311]	3.6+0.0s
[760/1120]	[L1: 0.0312]	2.9+0.0s
[800/1120]	[L1: 0.0315]	3.0+0.0s
[840/1120]	[L1: 0.0315]	3.2+0.0s
[880/1120]	[L1: 0.0318]	2.9+0.0s
[920/1120]	[L1: 0.0318]	3.5+0.0s
[960/1120]	[L1: 0.0319]	3.6+0.0s
[1000/1120]	[L1: 0.0320]	3.6+0.0s
[1040/1120]	[L1: 0.0318]	3.8+0.0s
[1080/1120]	[L1: 0.0317]	4.1+0.0s
[1120/1120]	[L1: 0.0316]	4.8+0.0s

Evaluation:
[RSSCN7 x4]	psnr: 27.661 (Best: 27.669 @epoch 143)
Total time: 8.37s

[Epoch 152]	Learning rate: 2.00e-4
[40/1120]	[L1: 0.0370]	3.0+0.0s
[80/1120]	[L1: 0.0363]	2.9+0.0s
[120/1120]	[L1: 0.0339]	2.6+0.0s
[160/1120]	[L1: 0.0345]	2.7+0.0s
[200/1120]	[L1: 0.0337]	2.6+0.0s
[240/1120]	[L1: 0.0330]	2.3+0.0s
[280/1120]	[L1: 0.0323]	2.3+0.0s
[320/1120]	[L1: 0.0322]	2.4+0.0s
[360/1120]	[L1: 0.0315]	2.3+0.0s
[400/1120]	[L1: 0.0319]	2.7+0.0s
[440/1120]	[L1: 0.0315]	2.8+0.0s
[480/1120]	[L1: 0.0314]	2.9+0.0s
[520/1120]	[L1: 0.0315]	4.1+0.0s
[560/1120]	[L1: 0.0314]	2.6+0.0s
[600/1120]	[L1: 0.0314]	2.3+0.0s
[640/1120]	[L1: 0.0313]	2.3+0.0s
[680/1120]	[L1: 0.0315]	2.5+0.0s
[720/1120]	[L1: 0.0314]	2.4+0.0s
[760/1120]	[L1: 0.0314]	2.3+0.0s
[800/1120]	[L1: 0.0313]	2.3+0.0s
[840/1120]	[L1: 0.0313]	2.3+0.0s
[880/1120]	[L1: 0.0312]	2.4+0.0s
[920/1120]	[L1: 0.0312]	2.3+0.0s
[960/1120]	[L1: 0.0313]	2.3+0.0s
[1000/1120]	[L1: 0.0314]	2.2+0.0s
[1040/1120]	[L1: 0.0316]	2.6+0.0s
[1080/1120]	[L1: 0.0317]	2.4+0.0s
[1120/1120]	[L1: 0.0318]	3.0+0.0s

Evaluation:
[RSSCN7 x4]	psnr: 27.628 (Best: 27.669 @epoch 143)
Total time: 9.05s

[Epoch 153]	Learning rate: 2.00e-4
[40/1120]	[L1: 0.0311]	4.0+0.0s
[80/1120]	[L1: 0.0313]	3.8+0.0s
[120/1120]	[L1: 0.0309]	4.0+0.0s
[160/1120]	[L1: 0.0302]	3.6+0.0s
[200/1120]	[L1: 0.0301]	3.5+0.0s
[240/1120]	[L1: 0.0304]	3.7+0.1s
[280/1120]	[L1: 0.0302]	3.6+0.0s
[320/1120]	[L1: 0.0302]	3.6+0.0s
[360/1120]	[L1: 0.0303]	6.3+0.1s
[400/1120]	[L1: 0.0302]	3.8+0.0s
[440/1120]	[L1: 0.0303]	4.1+0.0s
[480/1120]	[L1: 0.0304]	3.6+0.0s
[520/1120]	[L1: 0.0305]	3.4+0.0s
[560/1120]	[L1: 0.0306]	3.3+0.0s
[600/1120]	[L1: 0.0306]	3.4+0.0s
[640/1120]	[L1: 0.0307]	3.5+0.1s
[680/1120]	[L1: 0.0310]	3.3+0.0s
[720/1120]	[L1: 0.0311]	3.6+0.0s
[760/1120]	[L1: 0.0313]	3.1+0.0s
[800/1120]	[L1: 0.0313]	2.9+0.0s
[840/1120]	[L1: 0.0315]	2.8+0.0s
[880/1120]	[L1: 0.0317]	2.6+0.0s
[920/1120]	[L1: 0.0317]	2.9+0.0s
[960/1120]	[L1: 0.0317]	2.7+0.0s
[1000/1120]	[L1: 0.0316]	2.7+0.0s
[1040/1120]	[L1: 0.0316]	2.9+0.0s
[1080/1120]	[L1: 0.0317]	2.4+0.0s
[1120/1120]	[L1: 0.0315]	2.4+0.0s

Evaluation:
[RSSCN7 x4]	psnr: 27.659 (Best: 27.669 @epoch 143)
Total time: 7.44s

[Epoch 154]	Learning rate: 2.00e-4
[40/1120]	[L1: 0.0330]	2.4+0.0s
[80/1120]	[L1: 0.0332]	2.4+0.0s
[120/1120]	[L1: 0.0325]	2.3+0.0s
[160/1120]	[L1: 0.0321]	2.3+0.0s
[200/1120]	[L1: 0.0311]	2.3+0.0s
[240/1120]	[L1: 0.0317]	2.4+0.0s
[280/1120]	[L1: 0.0320]	2.3+0.0s
[320/1120]	[L1: 0.0318]	2.3+0.0s
[360/1120]	[L1: 0.0313]	2.4+0.0s
[400/1120]	[L1: 0.0312]	2.3+0.0s
[440/1120]	[L1: 0.0313]	2.3+0.0s
[480/1120]	[L1: 0.0317]	2.3+0.0s
[520/1120]	[L1: 0.0318]	2.4+0.0s
[560/1120]	[L1: 0.0318]	2.3+0.0s
[600/1120]	[L1: 0.0314]	2.3+0.0s
[640/1120]	[L1: 0.0317]	2.3+0.0s
[680/1120]	[L1: 0.0319]	2.5+0.0s
[720/1120]	[L1: 0.0320]	2.4+0.0s
[760/1120]	[L1: 0.0320]	2.4+0.0s
[800/1120]	[L1: 0.0320]	2.9+0.0s
[840/1120]	[L1: 0.0319]	2.5+0.0s
[880/1120]	[L1: 0.0322]	2.4+0.0s
[920/1120]	[L1: 0.0320]	2.3+0.0s
[960/1120]	[L1: 0.0319]	2.4+0.0s
[1000/1120]	[L1: 0.0320]	2.3+0.0s
[1040/1120]	[L1: 0.0320]	3.3+0.0s
[1080/1120]	[L1: 0.0320]	4.0+0.0s
[1120/1120]	[L1: 0.0318]	3.8+0.0s

Evaluation:
[RSSCN7 x4]	psnr: 27.581 (Best: 27.669 @epoch 143)
Total time: 8.85s

[Epoch 155]	Learning rate: 2.00e-4
[40/1120]	[L1: 0.0334]	3.7+0.1s
[80/1120]	[L1: 0.0338]	3.5+0.0s
[120/1120]	[L1: 0.0328]	3.8+0.0s
[160/1120]	[L1: 0.0322]	3.8+0.0s
[200/1120]	[L1: 0.0326]	3.3+0.0s
[240/1120]	[L1: 0.0327]	3.3+0.0s
[280/1120]	[L1: 0.0326]	3.9+0.0s
[320/1120]	[L1: 0.0322]	3.8+0.0s
[360/1120]	[L1: 0.0319]	3.2+0.0s
[400/1120]	[L1: 0.0316]	3.3+0.0s
[440/1120]	[L1: 0.0319]	3.2+0.0s
[480/1120]	[L1: 0.0320]	3.2+0.0s
[520/1120]	[L1: 0.0321]	3.2+0.0s
[560/1120]	[L1: 0.0322]	2.9+0.0s
[600/1120]	[L1: 0.0322]	2.8+0.0s
[640/1120]	[L1: 0.0323]	2.8+0.0s
[680/1120]	[L1: 0.0322]	2.6+0.0s
[720/1120]	[L1: 0.0320]	2.7+0.0s
[760/1120]	[L1: 0.0321]	2.7+0.0s
[800/1120]	[L1: 0.0322]	2.7+0.0s
[840/1120]	[L1: 0.0323]	2.8+0.0s
[880/1120]	[L1: 0.0322]	2.8+0.0s
[920/1120]	[L1: 0.0320]	2.8+0.0s
[960/1120]	[L1: 0.0319]	2.6+0.0s
[1000/1120]	[L1: 0.0319]	2.3+0.0s
[1040/1120]	[L1: 0.0319]	2.5+0.0s
[1080/1120]	[L1: 0.0319]	2.7+0.0s
[1120/1120]	[L1: 0.0318]	2.3+0.0s

Evaluation:
[RSSCN7 x4]	psnr: 27.636 (Best: 27.669 @epoch 143)
Total time: 7.49s

[Epoch 156]	Learning rate: 2.00e-4
[40/1120]	[L1: 0.0275]	2.8+0.1s
[80/1120]	[L1: 0.0283]	2.6+0.0s
[120/1120]	[L1: 0.0292]	2.4+0.0s
[160/1120]	[L1: 0.0289]	2.3+0.0s
[200/1120]	[L1: 0.0295]	2.3+0.0s
[240/1120]	[L1: 0.0297]	2.5+0.0s
[280/1120]	[L1: 0.0302]	2.3+0.0s
[320/1120]	[L1: 0.0309]	2.4+0.0s
[360/1120]	[L1: 0.0311]	2.3+0.0s
[400/1120]	[L1: 0.0311]	2.3+0.0s
[440/1120]	[L1: 0.0311]	2.4+0.0s
[480/1120]	[L1: 0.0310]	2.3+0.0s
[520/1120]	[L1: 0.0311]	2.4+0.0s
[560/1120]	[L1: 0.0309]	2.3+0.0s
[600/1120]	[L1: 0.0313]	2.3+0.0s
[640/1120]	[L1: 0.0312]	2.4+0.0s
[680/1120]	[L1: 0.0312]	2.3+0.0s
[720/1120]	[L1: 0.0313]	2.4+0.0s
[760/1120]	[L1: 0.0312]	2.3+0.0s
[800/1120]	[L1: 0.0311]	2.4+0.0s
[840/1120]	[L1: 0.0314]	2.5+0.0s
[880/1120]	[L1: 0.0315]	2.3+0.0s
[920/1120]	[L1: 0.0315]	2.4+0.0s
[960/1120]	[L1: 0.0314]	2.8+0.0s
[1000/1120]	[L1: 0.0312]	3.0+0.0s
[1040/1120]	[L1: 0.0313]	3.5+0.0s
[1080/1120]	[L1: 0.0314]	3.3+0.0s
[1120/1120]	[L1: 0.0316]	3.6+0.0s

Evaluation:
[RSSCN7 x4]	psnr: 27.688 (Best: 27.688 @epoch 156)
Total time: 8.29s

[Epoch 157]	Learning rate: 2.00e-4
[40/1120]	[L1: 0.0268]	4.0+0.2s
[80/1120]	[L1: 0.0268]	3.9+0.0s
[120/1120]	[L1: 0.0283]	3.4+0.0s
[160/1120]	[L1: 0.0293]	3.0+0.0s
[200/1120]	[L1: 0.0305]	2.9+0.0s
[240/1120]	[L1: 0.0307]	2.8+0.0s
[280/1120]	[L1: 0.0314]	3.2+0.0s
[320/1120]	[L1: 0.0309]	3.3+0.0s
[360/1120]	[L1: 0.0308]	3.3+0.0s
[400/1120]	[L1: 0.0312]	3.3+0.0s
[440/1120]	[L1: 0.0313]	3.3+0.0s
[480/1120]	[L1: 0.0316]	3.5+0.0s
[520/1120]	[L1: 0.0313]	3.3+0.0s
[560/1120]	[L1: 0.0315]	3.3+0.0s
[600/1120]	[L1: 0.0316]	3.6+0.0s
[640/1120]	[L1: 0.0319]	3.3+0.0s
[680/1120]	[L1: 0.0319]	2.7+0.0s
[720/1120]	[L1: 0.0320]	3.1+0.0s
[760/1120]	[L1: 0.0318]	3.1+0.0s
[800/1120]	[L1: 0.0315]	2.9+0.0s
[840/1120]	[L1: 0.0314]	3.0+0.0s
[880/1120]	[L1: 0.0315]	2.8+0.0s
[920/1120]	[L1: 0.0317]	2.9+0.0s
[960/1120]	[L1: 0.0317]	2.8+0.0s
[1000/1120]	[L1: 0.0315]	2.6+0.0s
[1040/1120]	[L1: 0.0315]	2.4+0.0s
[1080/1120]	[L1: 0.0317]	2.5+0.0s
[1120/1120]	[L1: 0.0316]	2.3+0.0s

Evaluation:
[RSSCN7 x4]	psnr: 27.621 (Best: 27.688 @epoch 156)
Total time: 7.43s

[Epoch 158]	Learning rate: 2.00e-4
[40/1120]	[L1: 0.0343]	2.6+0.0s
[80/1120]	[L1: 0.0332]	2.4+0.0s
[120/1120]	[L1: 0.0325]	2.3+0.0s
[160/1120]	[L1: 0.0328]	2.4+0.0s
[200/1120]	[L1: 0.0324]	2.5+0.0s
[240/1120]	[L1: 0.0321]	2.4+0.0s
[280/1120]	[L1: 0.0316]	2.4+0.0s
[320/1120]	[L1: 0.0318]	2.3+0.0s
[360/1120]	[L1: 0.0326]	2.3+0.0s
[400/1120]	[L1: 0.0325]	2.3+0.0s
[440/1120]	[L1: 0.0328]	2.3+0.0s
[480/1120]	[L1: 0.0325]	2.4+0.0s
[520/1120]	[L1: 0.0324]	2.3+0.0s
[560/1120]	[L1: 0.0322]	2.3+0.0s
[600/1120]	[L1: 0.0322]	2.3+0.0s
[640/1120]	[L1: 0.0320]	2.3+0.0s
[680/1120]	[L1: 0.0322]	2.3+0.0s
[720/1120]	[L1: 0.0320]	2.3+0.0s
[760/1120]	[L1: 0.0319]	2.4+0.0s
[800/1120]	[L1: 0.0319]	2.3+0.0s
[840/1120]	[L1: 0.0319]	2.7+0.0s
[880/1120]	[L1: 0.0318]	2.8+0.0s
[920/1120]	[L1: 0.0318]	3.0+0.0s
[960/1120]	[L1: 0.0321]	2.9+0.0s
[1000/1120]	[L1: 0.0319]	3.1+0.0s
[1040/1120]	[L1: 0.0319]	2.8+0.0s
[1080/1120]	[L1: 0.0319]	2.8+0.0s
[1120/1120]	[L1: 0.0318]	3.5+0.0s

Evaluation:
[RSSCN7 x4]	psnr: 27.656 (Best: 27.688 @epoch 156)
Total time: 8.80s

[Epoch 159]	Learning rate: 2.00e-4
[40/1120]	[L1: 0.0310]	3.1+0.1s
[80/1120]	[L1: 0.0301]	2.9+0.0s
[120/1120]	[L1: 0.0320]	3.1+0.0s
[160/1120]	[L1: 0.0311]	3.7+0.1s
[200/1120]	[L1: 0.0310]	3.4+0.0s
[240/1120]	[L1: 0.0309]	3.3+0.0s
[280/1120]	[L1: 0.0315]	2.9+0.0s
[320/1120]	[L1: 0.0317]	2.9+0.0s
[360/1120]	[L1: 0.0319]	2.7+0.1s
[400/1120]	[L1: 0.0316]	2.6+0.0s
[440/1120]	[L1: 0.0320]	3.3+0.0s
[480/1120]	[L1: 0.0321]	3.0+0.0s
[520/1120]	[L1: 0.0321]	3.0+0.0s
[560/1120]	[L1: 0.0318]	3.0+0.0s
[600/1120]	[L1: 0.0318]	3.6+0.0s
[640/1120]	[L1: 0.0320]	3.4+0.0s
[680/1120]	[L1: 0.0320]	3.4+0.0s
[720/1120]	[L1: 0.0321]	3.6+0.0s
[760/1120]	[L1: 0.0318]	3.4+0.0s
[800/1120]	[L1: 0.0316]	3.0+0.0s
[840/1120]	[L1: 0.0318]	2.5+0.0s
[880/1120]	[L1: 0.0318]	2.5+0.0s
[920/1120]	[L1: 0.0317]	2.4+0.0s
[960/1120]	[L1: 0.0317]	2.5+0.0s
[1000/1120]	[L1: 0.0319]	2.8+0.0s
[1040/1120]	[L1: 0.0318]	2.9+0.0s
[1080/1120]	[L1: 0.0318]	2.7+0.0s
[1120/1120]	[L1: 0.0317]	2.8+0.0s

Evaluation:
[RSSCN7 x4]	psnr: 27.652 (Best: 27.688 @epoch 156)
Total time: 7.41s

[Epoch 160]	Learning rate: 2.00e-4
[40/1120]	[L1: 0.0332]	2.4+0.0s
[80/1120]	[L1: 0.0334]	2.5+0.0s
[120/1120]	[L1: 0.0334]	2.3+0.0s
[160/1120]	[L1: 0.0330]	2.4+0.0s
[200/1120]	[L1: 0.0334]	2.3+0.0s
[240/1120]	[L1: 0.0333]	2.4+0.0s
[280/1120]	[L1: 0.0332]	2.3+0.0s
[320/1120]	[L1: 0.0327]	2.3+0.0s
[360/1120]	[L1: 0.0324]	2.4+0.0s
[400/1120]	[L1: 0.0317]	2.3+0.0s
[440/1120]	[L1: 0.0313]	2.4+0.0s
[480/1120]	[L1: 0.0312]	2.3+0.0s
[520/1120]	[L1: 0.0312]	2.4+0.0s
[560/1120]	[L1: 0.0315]	2.3+0.0s
[600/1120]	[L1: 0.0316]	2.4+0.0s
[640/1120]	[L1: 0.0317]	2.3+0.0s
[680/1120]	[L1: 0.0319]	2.4+0.0s
[720/1120]	[L1: 0.0318]	2.3+0.0s
[760/1120]	[L1: 0.0318]	2.8+0.0s
[800/1120]	[L1: 0.0316]	2.7+0.0s
[840/1120]	[L1: 0.0317]	3.2+0.1s
[880/1120]	[L1: 0.0318]	3.5+0.0s
[920/1120]	[L1: 0.0315]	3.3+0.0s
[960/1120]	[L1: 0.0315]	3.0+0.0s
[1000/1120]	[L1: 0.0316]	2.9+0.0s
[1040/1120]	[L1: 0.0316]	2.8+0.0s
[1080/1120]	[L1: 0.0316]	3.2+0.0s
[1120/1120]	[L1: 0.0316]	3.4+0.0s

Evaluation:
[RSSCN7 x4]	psnr: 27.552 (Best: 27.688 @epoch 156)
Total time: 8.57s

[Epoch 161]	Learning rate: 2.00e-4
[40/1120]	[L1: 0.0325]	3.8+0.0s
[80/1120]	[L1: 0.0317]	3.4+0.0s
[120/1120]	[L1: 0.0342]	3.6+0.0s
[160/1120]	[L1: 0.0340]	3.4+0.0s
[200/1120]	[L1: 0.0332]	3.8+0.0s
[240/1120]	[L1: 0.0331]	3.8+0.0s
[280/1120]	[L1: 0.0333]	3.7+0.1s
[320/1120]	[L1: 0.0329]	3.7+0.0s
[360/1120]	[L1: 0.0324]	3.8+0.1s
[400/1120]	[L1: 0.0322]	3.5+0.0s
[440/1120]	[L1: 0.0320]	3.6+0.0s
[480/1120]	[L1: 0.0321]	3.3+0.0s
[520/1120]	[L1: 0.0318]	3.5+0.0s
[560/1120]	[L1: 0.0318]	3.4+0.0s
[600/1120]	[L1: 0.0315]	3.3+0.0s
[640/1120]	[L1: 0.0316]	3.0+0.0s
[680/1120]	[L1: 0.0316]	2.4+0.0s
[720/1120]	[L1: 0.0318]	2.5+0.0s
[760/1120]	[L1: 0.0317]	2.3+0.0s
[800/1120]	[L1: 0.0317]	2.4+0.0s
[840/1120]	[L1: 0.0318]	2.3+0.0s
[880/1120]	[L1: 0.0318]	2.4+0.0s
[920/1120]	[L1: 0.0318]	2.3+0.0s
[960/1120]	[L1: 0.0317]	2.4+0.0s
[1000/1120]	[L1: 0.0318]	2.3+0.0s
[1040/1120]	[L1: 0.0317]	2.4+0.0s
[1080/1120]	[L1: 0.0318]	2.3+0.0s
[1120/1120]	[L1: 0.0318]	2.4+0.0s

Evaluation:
[RSSCN7 x4]	psnr: 27.576 (Best: 27.688 @epoch 156)
Total time: 7.44s

[Epoch 162]	Learning rate: 2.00e-4
[40/1120]	[L1: 0.0311]	2.8+0.0s
[80/1120]	[L1: 0.0316]	2.7+0.0s
[120/1120]	[L1: 0.0324]	2.3+0.0s
[160/1120]	[L1: 0.0325]	2.3+0.0s
[200/1120]	[L1: 0.0326]	2.4+0.0s
[240/1120]	[L1: 0.0326]	2.3+0.0s
[280/1120]	[L1: 0.0325]	2.4+0.0s
[320/1120]	[L1: 0.0325]	2.3+0.0s
[360/1120]	[L1: 0.0326]	2.3+0.0s
[400/1120]	[L1: 0.0325]	2.4+0.0s
[440/1120]	[L1: 0.0321]	2.3+0.0s
[480/1120]	[L1: 0.0319]	2.3+0.0s
[520/1120]	[L1: 0.0320]	2.4+0.0s
[560/1120]	[L1: 0.0320]	2.3+0.0s
[600/1120]	[L1: 0.0318]	2.3+0.0s
[640/1120]	[L1: 0.0316]	2.8+0.0s
[680/1120]	[L1: 0.0319]	2.8+0.0s
[720/1120]	[L1: 0.0319]	2.9+0.0s
[760/1120]	[L1: 0.0321]	3.1+0.0s
[800/1120]	[L1: 0.0320]	3.3+0.0s
[840/1120]	[L1: 0.0320]	3.2+0.1s
[880/1120]	[L1: 0.0321]	3.4+0.0s
[920/1120]	[L1: 0.0321]	3.1+0.0s
[960/1120]	[L1: 0.0319]	3.0+0.0s
[1000/1120]	[L1: 0.0318]	3.7+0.0s
[1040/1120]	[L1: 0.0318]	3.7+0.0s
[1080/1120]	[L1: 0.0318]	3.6+0.0s
[1120/1120]	[L1: 0.0317]	3.8+0.0s

Evaluation:
[RSSCN7 x4]	psnr: 27.695 (Best: 27.695 @epoch 162)
Total time: 8.72s

[Epoch 163]	Learning rate: 2.00e-4
[40/1120]	[L1: 0.0287]	3.6+0.1s
[80/1120]	[L1: 0.0283]	3.4+0.0s
[120/1120]	[L1: 0.0292]	3.4+0.0s
[160/1120]	[L1: 0.0295]	3.9+0.0s
[200/1120]	[L1: 0.0303]	3.7+0.0s
[240/1120]	[L1: 0.0314]	3.8+0.0s
[280/1120]	[L1: 0.0318]	3.3+0.0s
[320/1120]	[L1: 0.0319]	3.4+0.0s
[360/1120]	[L1: 0.0322]	3.5+0.0s
[400/1120]	[L1: 0.0322]	2.9+0.0s
[440/1120]	[L1: 0.0323]	2.7+0.0s
[480/1120]	[L1: 0.0319]	2.6+0.0s
[520/1120]	[L1: 0.0317]	2.8+0.0s
[560/1120]	[L1: 0.0317]	2.3+0.0s
[600/1120]	[L1: 0.0318]	2.3+0.0s
[640/1120]	[L1: 0.0316]	2.3+0.0s
[680/1120]	[L1: 0.0316]	2.4+0.0s
[720/1120]	[L1: 0.0316]	2.3+0.0s
[760/1120]	[L1: 0.0317]	2.3+0.0s
[800/1120]	[L1: 0.0317]	2.3+0.0s
[840/1120]	[L1: 0.0315]	2.4+0.0s
[880/1120]	[L1: 0.0314]	2.3+0.0s
[920/1120]	[L1: 0.0315]	2.3+0.0s
[960/1120]	[L1: 0.0315]	2.3+0.0s
[1000/1120]	[L1: 0.0317]	2.5+0.0s
[1040/1120]	[L1: 0.0318]	2.7+0.0s
[1080/1120]	[L1: 0.0317]	2.3+0.0s
[1120/1120]	[L1: 0.0318]	2.3+0.0s

Evaluation:
[RSSCN7 x4]	psnr: 27.583 (Best: 27.695 @epoch 162)
Total time: 7.44s

[Epoch 164]	Learning rate: 2.00e-4
[40/1120]	[L1: 0.0326]	2.9+0.0s
[80/1120]	[L1: 0.0322]	2.7+0.0s
[120/1120]	[L1: 0.0318]	2.3+0.0s
[160/1120]	[L1: 0.0325]	2.3+0.0s
[200/1120]	[L1: 0.0315]	2.3+0.0s
[240/1120]	[L1: 0.0318]	2.4+0.0s
[280/1120]	[L1: 0.0317]	2.3+0.0s
[320/1120]	[L1: 0.0316]	2.3+0.0s
[360/1120]	[L1: 0.0317]	2.3+0.0s
[400/1120]	[L1: 0.0315]	2.4+0.0s
[440/1120]	[L1: 0.0311]	2.7+0.0s
[480/1120]	[L1: 0.0317]	2.4+0.0s
[520/1120]	[L1: 0.0317]	2.3+0.0s
[560/1120]	[L1: 0.0316]	3.0+0.0s
[600/1120]	[L1: 0.0315]	3.2+0.0s
[640/1120]	[L1: 0.0314]	3.0+0.0s
[680/1120]	[L1: 0.0316]	3.3+0.1s
[720/1120]	[L1: 0.0317]	3.5+0.0s
[760/1120]	[L1: 0.0315]	3.1+0.0s
[800/1120]	[L1: 0.0316]	3.0+0.0s
[840/1120]	[L1: 0.0317]	3.0+0.0s
[880/1120]	[L1: 0.0318]	3.2+0.0s
[920/1120]	[L1: 0.0318]	3.4+0.0s
[960/1120]	[L1: 0.0316]	3.2+0.0s
[1000/1120]	[L1: 0.0316]	3.4+0.0s
[1040/1120]	[L1: 0.0316]	3.0+0.0s
[1080/1120]	[L1: 0.0315]	2.9+0.0s
[1120/1120]	[L1: 0.0316]	3.2+0.0s

Evaluation:
[RSSCN7 x4]	psnr: 27.604 (Best: 27.695 @epoch 162)
Total time: 8.52s

[Epoch 165]	Learning rate: 2.00e-4
[40/1120]	[L1: 0.0302]	2.9+0.1s
[80/1120]	[L1: 0.0303]	2.9+0.1s
[120/1120]	[L1: 0.0328]	2.9+0.0s
[160/1120]	[L1: 0.0320]	3.0+0.0s
[200/1120]	[L1: 0.0319]	3.0+0.0s
[240/1120]	[L1: 0.0319]	3.0+0.0s
[280/1120]	[L1: 0.0320]	2.7+0.0s
[320/1120]	[L1: 0.0319]	2.7+0.0s
[360/1120]	[L1: 0.0315]	2.6+0.0s
[400/1120]	[L1: 0.0316]	2.6+0.0s
[440/1120]	[L1: 0.0321]	2.8+0.0s
[480/1120]	[L1: 0.0322]	2.7+0.0s
[520/1120]	[L1: 0.0324]	3.1+0.0s
[560/1120]	[L1: 0.0321]	3.0+0.0s
[600/1120]	[L1: 0.0319]	2.7+0.0s
[640/1120]	[L1: 0.0317]	2.8+0.0s
[680/1120]	[L1: 0.0314]	2.3+0.0s
[720/1120]	[L1: 0.0314]	2.3+0.0s
[760/1120]	[L1: 0.0315]	2.3+0.0s
[800/1120]	[L1: 0.0315]	2.3+0.0s
[840/1120]	[L1: 0.0314]	2.3+0.0s
[880/1120]	[L1: 0.0314]	2.4+0.0s
[920/1120]	[L1: 0.0312]	2.3+0.0s
[960/1120]	[L1: 0.0312]	2.4+0.0s
[1000/1120]	[L1: 0.0313]	2.4+0.0s
[1040/1120]	[L1: 0.0314]	2.6+0.0s
[1080/1120]	[L1: 0.0316]	2.7+0.0s
[1120/1120]	[L1: 0.0317]	2.3+0.0s

Evaluation:
[RSSCN7 x4]	psnr: 27.608 (Best: 27.695 @epoch 162)
Total time: 7.42s

[Epoch 166]	Learning rate: 2.00e-4
[40/1120]	[L1: 0.0302]	2.5+0.1s
[80/1120]	[L1: 0.0302]	2.4+0.0s
[120/1120]	[L1: 0.0306]	2.5+0.0s
[160/1120]	[L1: 0.0306]	2.5+0.0s
[200/1120]	[L1: 0.0310]	2.4+0.0s
[240/1120]	[L1: 0.0310]	2.3+0.0s
[280/1120]	[L1: 0.0306]	2.4+0.0s
[320/1120]	[L1: 0.0309]	2.3+0.0s
[360/1120]	[L1: 0.0306]	2.3+0.0s
[400/1120]	[L1: 0.0311]	2.4+0.0s
[440/1120]	[L1: 0.0313]	2.3+0.0s
[480/1120]	[L1: 0.0312]	2.4+0.0s
[520/1120]	[L1: 0.0311]	2.4+0.0s
[560/1120]	[L1: 0.0312]	2.5+0.0s
[600/1120]	[L1: 0.0309]	3.0+0.0s
[640/1120]	[L1: 0.0306]	3.3+0.1s
[680/1120]	[L1: 0.0308]	3.0+0.0s
[720/1120]	[L1: 0.0310]	2.9+0.1s
[760/1120]	[L1: 0.0311]	2.9+0.0s
[800/1120]	[L1: 0.0312]	3.0+0.0s
[840/1120]	[L1: 0.0314]	3.5+0.0s
[880/1120]	[L1: 0.0315]	3.7+0.0s
[920/1120]	[L1: 0.0315]	3.4+0.0s
[960/1120]	[L1: 0.0316]	3.2+0.0s
[1000/1120]	[L1: 0.0316]	3.0+0.0s
[1040/1120]	[L1: 0.0317]	2.9+0.0s
[1080/1120]	[L1: 0.0318]	2.7+0.0s
[1120/1120]	[L1: 0.0318]	2.7+0.0s

Evaluation:
[RSSCN7 x4]	psnr: 27.587 (Best: 27.695 @epoch 162)
Total time: 8.52s

[Epoch 167]	Learning rate: 2.00e-4
[40/1120]	[L1: 0.0338]	2.9+0.1s
[80/1120]	[L1: 0.0299]	2.9+0.0s
[120/1120]	[L1: 0.0323]	2.9+0.0s
[160/1120]	[L1: 0.0307]	2.8+0.0s
[200/1120]	[L1: 0.0315]	2.9+0.0s
[240/1120]	[L1: 0.0318]	2.7+0.0s
[280/1120]	[L1: 0.0321]	3.2+0.0s
[320/1120]	[L1: 0.0323]	3.2+0.0s
[360/1120]	[L1: 0.0323]	3.3+0.0s
[400/1120]	[L1: 0.0321]	3.7+0.0s
[440/1120]	[L1: 0.0322]	3.6+0.0s
[480/1120]	[L1: 0.0319]	2.7+0.0s
[520/1120]	[L1: 0.0322]	2.8+0.0s
[560/1120]	[L1: 0.0322]	2.4+0.0s
[600/1120]	[L1: 0.0318]	2.8+0.0s
[640/1120]	[L1: 0.0319]	2.7+0.0s
[680/1120]	[L1: 0.0320]	2.5+0.0s
[720/1120]	[L1: 0.0319]	2.4+0.0s
[760/1120]	[L1: 0.0319]	2.8+0.0s
[800/1120]	[L1: 0.0318]	2.7+0.0s
[840/1120]	[L1: 0.0320]	2.3+0.0s
[880/1120]	[L1: 0.0320]	2.6+0.0s
[920/1120]	[L1: 0.0319]	2.6+0.0s
[960/1120]	[L1: 0.0317]	2.4+0.0s
[1000/1120]	[L1: 0.0318]	2.3+0.0s
[1040/1120]	[L1: 0.0318]	2.4+0.0s
[1080/1120]	[L1: 0.0316]	2.3+0.0s
[1120/1120]	[L1: 0.0318]	2.4+0.0s

Evaluation:
[RSSCN7 x4]	psnr: 27.563 (Best: 27.695 @epoch 162)
Total time: 7.45s

[Epoch 168]	Learning rate: 2.00e-4
[40/1120]	[L1: 0.0283]	2.5+0.1s
[80/1120]	[L1: 0.0311]	2.3+0.0s
[120/1120]	[L1: 0.0330]	2.3+0.0s
[160/1120]	[L1: 0.0331]	2.8+0.0s
[200/1120]	[L1: 0.0332]	2.5+0.0s
[240/1120]	[L1: 0.0334]	2.5+0.0s
[280/1120]	[L1: 0.0331]	2.3+0.0s
[320/1120]	[L1: 0.0338]	2.3+0.0s
[360/1120]	[L1: 0.0334]	2.4+0.0s
[400/1120]	[L1: 0.0333]	2.3+0.0s
[440/1120]	[L1: 0.0334]	2.4+0.0s
[480/1120]	[L1: 0.0334]	2.4+0.0s
[520/1120]	[L1: 0.0330]	2.5+0.0s
[560/1120]	[L1: 0.0330]	3.1+0.0s
[600/1120]	[L1: 0.0331]	2.9+0.0s
[640/1120]	[L1: 0.0330]	3.0+0.0s
[680/1120]	[L1: 0.0326]	2.9+0.0s
[720/1120]	[L1: 0.0324]	3.1+0.1s
[760/1120]	[L1: 0.0324]	2.9+0.0s
[800/1120]	[L1: 0.0322]	3.6+0.0s
[840/1120]	[L1: 0.0322]	3.5+0.0s
[880/1120]	[L1: 0.0320]	2.8+0.0s
[920/1120]	[L1: 0.0320]	2.7+0.0s
[960/1120]	[L1: 0.0321]	2.8+0.0s
[1000/1120]	[L1: 0.0320]	2.8+0.0s
[1040/1120]	[L1: 0.0318]	2.8+0.0s
[1080/1120]	[L1: 0.0319]	2.7+0.0s
[1120/1120]	[L1: 0.0319]	2.6+0.0s

Evaluation:
[RSSCN7 x4]	psnr: 27.682 (Best: 27.695 @epoch 162)
Total time: 8.34s

[Epoch 169]	Learning rate: 2.00e-4
[40/1120]	[L1: 0.0336]	3.4+0.0s
[80/1120]	[L1: 0.0319]	3.4+0.0s
[120/1120]	[L1: 0.0320]	3.3+0.0s
[160/1120]	[L1: 0.0313]	3.6+0.0s
[200/1120]	[L1: 0.0309]	3.5+0.0s
[240/1120]	[L1: 0.0313]	3.0+0.1s
[280/1120]	[L1: 0.0314]	2.9+0.0s
[320/1120]	[L1: 0.0313]	3.0+0.0s
[360/1120]	[L1: 0.0314]	3.1+0.0s
[400/1120]	[L1: 0.0315]	3.1+0.0s
[440/1120]	[L1: 0.0315]	3.5+0.0s
[480/1120]	[L1: 0.0320]	3.1+0.0s
[520/1120]	[L1: 0.0321]	2.5+0.0s
[560/1120]	[L1: 0.0319]	2.3+0.0s
[600/1120]	[L1: 0.0319]	2.3+0.0s
[640/1120]	[L1: 0.0318]	2.3+0.0s
[680/1120]	[L1: 0.0319]	2.8+0.0s
[720/1120]	[L1: 0.0319]	3.0+0.0s
[760/1120]	[L1: 0.0317]	2.5+0.0s
[800/1120]	[L1: 0.0317]	2.5+0.0s
[840/1120]	[L1: 0.0318]	2.3+0.0s
[880/1120]	[L1: 0.0317]	2.4+0.0s
[920/1120]	[L1: 0.0318]	2.3+0.0s
[960/1120]	[L1: 0.0318]	2.3+0.0s
[1000/1120]	[L1: 0.0318]	2.3+0.0s
[1040/1120]	[L1: 0.0317]	2.3+0.0s
[1080/1120]	[L1: 0.0318]	2.4+0.0s
[1120/1120]	[L1: 0.0316]	2.3+0.0s

Evaluation:
[RSSCN7 x4]	psnr: 27.632 (Best: 27.695 @epoch 162)
Total time: 7.49s

[Epoch 170]	Learning rate: 2.00e-4
[40/1120]	[L1: 0.0279]	2.5+0.0s
[80/1120]	[L1: 0.0285]	2.3+0.0s
[120/1120]	[L1: 0.0289]	2.3+0.0s
[160/1120]	[L1: 0.0289]	2.4+0.0s
[200/1120]	[L1: 0.0303]	2.3+0.0s
[240/1120]	[L1: 0.0304]	2.4+0.0s
[280/1120]	[L1: 0.0305]	2.3+0.0s
[320/1120]	[L1: 0.0305]	2.3+0.0s
[360/1120]	[L1: 0.0304]	2.4+0.0s
[400/1120]	[L1: 0.0301]	2.3+0.0s
[440/1120]	[L1: 0.0302]	2.4+0.0s
[480/1120]	[L1: 0.0300]	2.6+0.0s
[520/1120]	[L1: 0.0301]	3.1+0.0s
[560/1120]	[L1: 0.0301]	3.1+0.0s
[600/1120]	[L1: 0.0302]	3.0+0.1s
[640/1120]	[L1: 0.0305]	3.0+0.0s
[680/1120]	[L1: 0.0307]	2.9+0.0s
[720/1120]	[L1: 0.0308]	2.9+0.0s
[760/1120]	[L1: 0.0307]	2.9+0.1s
[800/1120]	[L1: 0.0308]	2.9+0.1s
[840/1120]	[L1: 0.0308]	3.2+0.0s
[880/1120]	[L1: 0.0312]	3.0+0.0s
[920/1120]	[L1: 0.0313]	3.2+0.0s
[960/1120]	[L1: 0.0313]	3.0+0.0s
[1000/1120]	[L1: 0.0312]	2.8+0.0s
[1040/1120]	[L1: 0.0314]	3.0+0.0s
[1080/1120]	[L1: 0.0315]	2.9+0.0s
[1120/1120]	[L1: 0.0316]	2.9+0.0s

Evaluation:
[RSSCN7 x4]	psnr: 27.589 (Best: 27.695 @epoch 162)
Total time: 8.49s

[Epoch 171]	Learning rate: 2.00e-4
[40/1120]	[L1: 0.0371]	3.0+0.0s
[80/1120]	[L1: 0.0353]	3.5+0.0s
[120/1120]	[L1: 0.0325]	3.5+0.0s
[160/1120]	[L1: 0.0324]	3.1+0.0s
[200/1120]	[L1: 0.0324]	2.7+0.0s
[240/1120]	[L1: 0.0324]	2.9+0.0s
[280/1120]	[L1: 0.0317]	2.7+0.0s
[320/1120]	[L1: 0.0319]	2.9+0.0s
[360/1120]	[L1: 0.0321]	3.0+0.0s
[400/1120]	[L1: 0.0322]	2.9+0.0s
[440/1120]	[L1: 0.0323]	3.3+0.0s
[480/1120]	[L1: 0.0323]	3.4+0.0s
[520/1120]	[L1: 0.0326]	3.0+0.0s
[560/1120]	[L1: 0.0324]	3.0+0.0s
[600/1120]	[L1: 0.0324]	2.4+0.0s
[640/1120]	[L1: 0.0324]	2.4+0.0s
[680/1120]	[L1: 0.0321]	2.6+0.0s
[720/1120]	[L1: 0.0320]	2.8+0.0s
[760/1120]	[L1: 0.0323]	2.9+0.0s
[800/1120]	[L1: 0.0321]	2.4+0.0s
[840/1120]	[L1: 0.0321]	2.5+0.0s
[880/1120]	[L1: 0.0321]	2.3+0.0s
[920/1120]	[L1: 0.0321]	2.4+0.0s
[960/1120]	[L1: 0.0320]	2.3+0.0s
[1000/1120]	[L1: 0.0320]	2.4+0.0s
[1040/1120]	[L1: 0.0321]	2.3+0.0s
[1080/1120]	[L1: 0.0319]	2.4+0.0s
[1120/1120]	[L1: 0.0318]	2.3+0.0s

Evaluation:
[RSSCN7 x4]	psnr: 27.656 (Best: 27.695 @epoch 162)
Total time: 7.44s

[Epoch 172]	Learning rate: 2.00e-4
[40/1120]	[L1: 0.0309]	2.4+0.1s
[80/1120]	[L1: 0.0323]	2.3+0.0s
[120/1120]	[L1: 0.0320]	2.3+0.0s
[160/1120]	[L1: 0.0308]	2.3+0.0s
[200/1120]	[L1: 0.0301]	2.4+0.0s
[240/1120]	[L1: 0.0307]	2.3+0.0s
[280/1120]	[L1: 0.0312]	2.6+0.0s
[320/1120]	[L1: 0.0313]	2.6+0.0s
[360/1120]	[L1: 0.0312]	2.4+0.0s
[400/1120]	[L1: 0.0310]	2.3+0.0s
[440/1120]	[L1: 0.0308]	3.0+0.0s
[480/1120]	[L1: 0.0306]	3.2+0.1s
[520/1120]	[L1: 0.0305]	3.4+0.0s
[560/1120]	[L1: 0.0307]	3.1+0.0s
[600/1120]	[L1: 0.0308]	2.9+0.0s
[640/1120]	[L1: 0.0306]	3.0+0.0s
[680/1120]	[L1: 0.0308]	2.9+0.0s
[720/1120]	[L1: 0.0311]	2.9+0.0s
[760/1120]	[L1: 0.0311]	2.9+0.0s
[800/1120]	[L1: 0.0315]	2.9+0.0s
[840/1120]	[L1: 0.0315]	3.2+0.0s
[880/1120]	[L1: 0.0317]	2.8+0.0s
[920/1120]	[L1: 0.0317]	2.8+0.0s
[960/1120]	[L1: 0.0319]	3.1+0.0s
[1000/1120]	[L1: 0.0318]	3.0+0.0s
[1040/1120]	[L1: 0.0317]	3.0+0.1s
[1080/1120]	[L1: 0.0317]	3.2+0.0s
[1120/1120]	[L1: 0.0317]	3.0+0.0s

Evaluation:
[RSSCN7 x4]	psnr: 27.607 (Best: 27.695 @epoch 162)
Total time: 9.29s

[Epoch 173]	Learning rate: 2.00e-4
[40/1120]	[L1: 0.0294]	3.4+0.1s
[80/1120]	[L1: 0.0318]	3.6+0.0s
[120/1120]	[L1: 0.0309]	3.3+0.0s
[160/1120]	[L1: 0.0306]	3.0+0.0s
[200/1120]	[L1: 0.0306]	2.9+0.0s
[240/1120]	[L1: 0.0316]	3.6+0.0s
[280/1120]	[L1: 0.0314]	3.2+0.0s
[320/1120]	[L1: 0.0315]	3.3+0.0s
[360/1120]	[L1: 0.0315]	3.5+0.0s
[400/1120]	[L1: 0.0318]	2.6+0.0s
[440/1120]	[L1: 0.0313]	2.4+0.0s
[480/1120]	[L1: 0.0311]	2.3+0.0s
[520/1120]	[L1: 0.0307]	2.3+0.0s
[560/1120]	[L1: 0.0309]	2.3+0.0s
[600/1120]	[L1: 0.0311]	2.4+0.0s
[640/1120]	[L1: 0.0313]	2.3+0.0s
[680/1120]	[L1: 0.0313]	2.3+0.0s
[720/1120]	[L1: 0.0312]	2.3+0.0s
[760/1120]	[L1: 0.0314]	2.3+0.0s
[800/1120]	[L1: 0.0316]	2.4+0.0s
[840/1120]	[L1: 0.0315]	2.3+0.0s
[880/1120]	[L1: 0.0315]	2.3+0.0s
[920/1120]	[L1: 0.0315]	2.3+0.0s
[960/1120]	[L1: 0.0314]	2.4+0.0s
[1000/1120]	[L1: 0.0313]	2.3+0.0s
[1040/1120]	[L1: 0.0313]	2.3+0.0s
[1080/1120]	[L1: 0.0316]	2.3+0.0s
[1120/1120]	[L1: 0.0317]	2.3+0.0s

Evaluation:
[RSSCN7 x4]	psnr: 27.663 (Best: 27.695 @epoch 162)
Total time: 7.45s

[Epoch 174]	Learning rate: 2.00e-4
[40/1120]	[L1: 0.0291]	2.4+0.0s
[80/1120]	[L1: 0.0299]	2.3+0.0s
[120/1120]	[L1: 0.0306]	2.3+0.0s
[160/1120]	[L1: 0.0310]	2.3+0.0s
[200/1120]	[L1: 0.0313]	2.4+0.0s
[240/1120]	[L1: 0.0315]	2.3+0.0s
[280/1120]	[L1: 0.0312]	2.4+0.0s
[320/1120]	[L1: 0.0314]	2.3+0.0s
[360/1120]	[L1: 0.0318]	2.3+0.0s
[400/1120]	[L1: 0.0319]	3.3+0.0s
[440/1120]	[L1: 0.0319]	3.6+0.0s
[480/1120]	[L1: 0.0318]	3.7+0.0s
[520/1120]	[L1: 0.0317]	3.4+0.0s
[560/1120]	[L1: 0.0315]	3.4+0.0s
[600/1120]	[L1: 0.0314]	3.0+0.0s
[640/1120]	[L1: 0.0316]	3.4+0.0s
[680/1120]	[L1: 0.0315]	3.1+0.0s
[720/1120]	[L1: 0.0312]	2.9+0.0s
[760/1120]	[L1: 0.0315]	3.6+0.0s
[800/1120]	[L1: 0.0314]	3.3+0.0s
[840/1120]	[L1: 0.0317]	3.4+0.0s
[880/1120]	[L1: 0.0318]	3.5+0.0s
[920/1120]	[L1: 0.0318]	3.7+0.0s
[960/1120]	[L1: 0.0318]	3.6+0.0s
[1000/1120]	[L1: 0.0317]	3.7+0.0s
[1040/1120]	[L1: 0.0319]	3.7+0.0s
[1080/1120]	[L1: 0.0318]	3.7+0.0s
[1120/1120]	[L1: 0.0316]	3.4+0.0s

Evaluation:
[RSSCN7 x4]	psnr: 27.670 (Best: 27.695 @epoch 162)
Total time: 8.37s

[Epoch 175]	Learning rate: 2.00e-4
[40/1120]	[L1: 0.0323]	2.8+0.1s
[80/1120]	[L1: 0.0299]	2.9+0.0s
[120/1120]	[L1: 0.0309]	2.7+0.0s
[160/1120]	[L1: 0.0310]	2.7+0.0s
[200/1120]	[L1: 0.0309]	2.6+0.0s
[240/1120]	[L1: 0.0309]	2.8+0.0s
[280/1120]	[L1: 0.0312]	3.2+0.0s
[320/1120]	[L1: 0.0308]	2.9+0.0s
[360/1120]	[L1: 0.0310]	2.6+0.0s
[400/1120]	[L1: 0.0317]	2.3+0.0s
[440/1120]	[L1: 0.0317]	2.3+0.0s
[480/1120]	[L1: 0.0317]	2.3+0.0s
[520/1120]	[L1: 0.0316]	2.4+0.0s
[560/1120]	[L1: 0.0316]	2.3+0.0s
[600/1120]	[L1: 0.0315]	2.3+0.0s
[640/1120]	[L1: 0.0317]	2.4+0.0s
[680/1120]	[L1: 0.0319]	2.3+0.0s
[720/1120]	[L1: 0.0318]	2.3+0.0s
[760/1120]	[L1: 0.0316]	2.3+0.0s
[800/1120]	[L1: 0.0316]	2.4+0.0s
[840/1120]	[L1: 0.0315]	2.3+0.0s
[880/1120]	[L1: 0.0315]	2.3+0.0s
[920/1120]	[L1: 0.0315]	2.3+0.0s
[960/1120]	[L1: 0.0317]	2.4+0.0s
[1000/1120]	[L1: 0.0318]	2.3+0.0s
[1040/1120]	[L1: 0.0318]	2.8+0.0s
[1080/1120]	[L1: 0.0318]	2.6+0.0s
[1120/1120]	[L1: 0.0317]	2.3+0.0s

Evaluation:
[RSSCN7 x4]	psnr: 27.703 (Best: 27.703 @epoch 175)
Total time: 7.53s

[Epoch 176]	Learning rate: 2.00e-4
[40/1120]	[L1: 0.0325]	2.5+0.1s
[80/1120]	[L1: 0.0321]	2.5+0.0s
[120/1120]	[L1: 0.0319]	2.5+0.0s
[160/1120]	[L1: 0.0313]	2.4+0.0s
[200/1120]	[L1: 0.0312]	2.5+0.0s
[240/1120]	[L1: 0.0316]	2.4+0.0s
[280/1120]	[L1: 0.0313]	2.3+0.0s
[320/1120]	[L1: 0.0312]	3.2+0.0s
[360/1120]	[L1: 0.0314]	3.5+0.0s
[400/1120]	[L1: 0.0313]	3.5+0.0s
[440/1120]	[L1: 0.0317]	3.7+0.0s
[480/1120]	[L1: 0.0314]	3.7+0.0s
[520/1120]	[L1: 0.0316]	3.5+0.0s
[560/1120]	[L1: 0.0317]	3.8+0.0s
[600/1120]	[L1: 0.0317]	3.5+0.0s
[640/1120]	[L1: 0.0318]	3.5+0.1s
[680/1120]	[L1: 0.0317]	3.5+0.0s
[720/1120]	[L1: 0.0318]	3.4+0.0s
[760/1120]	[L1: 0.0318]	3.5+0.0s
[800/1120]	[L1: 0.0316]	3.6+0.0s
[840/1120]	[L1: 0.0317]	3.4+0.0s
[880/1120]	[L1: 0.0317]	3.4+0.0s
[920/1120]	[L1: 0.0317]	3.1+0.0s
[960/1120]	[L1: 0.0318]	2.9+0.0s
[1000/1120]	[L1: 0.0317]	2.8+0.0s
[1040/1120]	[L1: 0.0316]	3.2+0.0s
[1080/1120]	[L1: 0.0317]	3.3+0.0s
[1120/1120]	[L1: 0.0315]	3.3+0.0s

Evaluation:
[RSSCN7 x4]	psnr: 27.708 (Best: 27.708 @epoch 176)
Total time: 8.98s

[Epoch 177]	Learning rate: 2.00e-4
[40/1120]	[L1: 0.0299]	2.9+0.1s
[80/1120]	[L1: 0.0324]	2.7+0.0s
[120/1120]	[L1: 0.0315]	2.7+0.0s
[160/1120]	[L1: 0.0310]	2.7+0.0s
[200/1120]	[L1: 0.0313]	2.8+0.0s
[240/1120]	[L1: 0.0314]	2.6+0.0s
[280/1120]	[L1: 0.0313]	2.3+0.0s
[320/1120]	[L1: 0.0312]	2.4+0.0s
[360/1120]	[L1: 0.0317]	2.3+0.0s
[400/1120]	[L1: 0.0313]	2.3+0.0s
[440/1120]	[L1: 0.0315]	2.7+0.0s
[480/1120]	[L1: 0.0315]	2.8+0.0s
[520/1120]	[L1: 0.0313]	2.9+0.0s
[560/1120]	[L1: 0.0315]	2.3+0.0s
[600/1120]	[L1: 0.0312]	2.3+0.0s
[640/1120]	[L1: 0.0314]	2.4+0.0s
[680/1120]	[L1: 0.0314]	2.3+0.0s
[720/1120]	[L1: 0.0315]	2.4+0.0s
[760/1120]	[L1: 0.0315]	2.3+0.0s
[800/1120]	[L1: 0.0316]	2.6+0.0s
[840/1120]	[L1: 0.0318]	2.8+0.0s
[880/1120]	[L1: 0.0318]	2.7+0.0s
[920/1120]	[L1: 0.0319]	2.9+0.0s
[960/1120]	[L1: 0.0319]	2.7+0.0s
[1000/1120]	[L1: 0.0318]	2.6+0.0s
[1040/1120]	[L1: 0.0318]	2.4+0.0s
[1080/1120]	[L1: 0.0318]	2.3+0.0s
[1120/1120]	[L1: 0.0317]	2.4+0.0s

Evaluation:
[RSSCN7 x4]	psnr: 27.680 (Best: 27.708 @epoch 176)
Total time: 7.36s

[Epoch 178]	Learning rate: 2.00e-4
[40/1120]	[L1: 0.0297]	2.4+0.0s
[80/1120]	[L1: 0.0299]	2.4+0.0s
[120/1120]	[L1: 0.0313]	2.3+0.0s
[160/1120]	[L1: 0.0310]	2.3+0.0s
[200/1120]	[L1: 0.0311]	2.5+0.0s
[240/1120]	[L1: 0.0316]	3.0+0.0s
[280/1120]	[L1: 0.0310]	3.5+0.0s
[320/1120]	[L1: 0.0311]	4.0+0.0s
[360/1120]	[L1: 0.0309]	3.3+0.0s
[400/1120]	[L1: 0.0312]	3.1+0.0s
[440/1120]	[L1: 0.0310]	3.3+0.0s
[480/1120]	[L1: 0.0310]	3.3+0.0s
[520/1120]	[L1: 0.0310]	3.3+0.0s
[560/1120]	[L1: 0.0308]	3.2+0.0s
[600/1120]	[L1: 0.0310]	3.0+0.0s
[640/1120]	[L1: 0.0310]	3.2+0.0s
[680/1120]	[L1: 0.0312]	3.0+0.0s
[720/1120]	[L1: 0.0311]	3.3+0.0s
[760/1120]	[L1: 0.0312]	3.9+0.0s
[800/1120]	[L1: 0.0312]	3.7+0.0s
[840/1120]	[L1: 0.0311]	3.4+0.0s
[880/1120]	[L1: 0.0313]	3.8+0.0s
[920/1120]	[L1: 0.0312]	3.5+0.0s
[960/1120]	[L1: 0.0313]	3.3+0.0s
[1000/1120]	[L1: 0.0312]	3.1+0.0s
[1040/1120]	[L1: 0.0313]	3.5+0.0s
[1080/1120]	[L1: 0.0314]	3.4+0.0s
[1120/1120]	[L1: 0.0315]	2.5+0.0s

Evaluation:
[RSSCN7 x4]	psnr: 27.673 (Best: 27.708 @epoch 176)
Total time: 8.82s

[Epoch 179]	Learning rate: 2.00e-4
[40/1120]	[L1: 0.0315]	3.7+0.1s
[80/1120]	[L1: 0.0333]	3.7+0.0s
[120/1120]	[L1: 0.0336]	3.4+0.0s
[160/1120]	[L1: 0.0336]	2.7+0.0s
[200/1120]	[L1: 0.0337]	2.5+0.0s
[240/1120]	[L1: 0.0326]	2.3+0.0s
[280/1120]	[L1: 0.0322]	2.7+0.0s
[320/1120]	[L1: 0.0326]	2.8+0.0s
[360/1120]	[L1: 0.0321]	2.8+0.0s
[400/1120]	[L1: 0.0320]	2.6+0.0s
[440/1120]	[L1: 0.0319]	2.3+0.0s
[480/1120]	[L1: 0.0315]	2.5+0.0s
[520/1120]	[L1: 0.0317]	2.8+0.0s
[560/1120]	[L1: 0.0320]	2.3+0.0s
[600/1120]	[L1: 0.0318]	2.3+0.0s
[640/1120]	[L1: 0.0315]	2.4+0.0s
[680/1120]	[L1: 0.0318]	2.3+0.0s
[720/1120]	[L1: 0.0318]	2.3+0.0s
[760/1120]	[L1: 0.0318]	2.5+0.0s
[800/1120]	[L1: 0.0318]	2.4+0.0s
[840/1120]	[L1: 0.0318]	2.4+0.0s
[880/1120]	[L1: 0.0316]	2.9+0.0s
[920/1120]	[L1: 0.0315]	2.4+0.0s
[960/1120]	[L1: 0.0314]	2.3+0.0s
[1000/1120]	[L1: 0.0315]	2.5+0.0s
[1040/1120]	[L1: 0.0316]	2.3+0.0s
[1080/1120]	[L1: 0.0317]	2.3+0.0s
[1120/1120]	[L1: 0.0317]	2.4+0.0s

Evaluation:
[RSSCN7 x4]	psnr: 27.667 (Best: 27.708 @epoch 176)
Total time: 7.48s

[Epoch 180]	Learning rate: 2.00e-4
[40/1120]	[L1: 0.0326]	3.0+0.1s
[80/1120]	[L1: 0.0301]	2.8+0.0s
[120/1120]	[L1: 0.0306]	2.7+0.0s
[160/1120]	[L1: 0.0307]	3.6+0.0s
[200/1120]	[L1: 0.0300]	3.3+0.0s
[240/1120]	[L1: 0.0306]	3.1+0.0s
[280/1120]	[L1: 0.0303]	2.7+0.0s
[320/1120]	[L1: 0.0311]	2.7+0.0s
[360/1120]	[L1: 0.0316]	2.8+0.0s
[400/1120]	[L1: 0.0315]	3.0+0.0s
[440/1120]	[L1: 0.0314]	2.9+0.0s
[480/1120]	[L1: 0.0316]	2.8+0.0s
[520/1120]	[L1: 0.0317]	2.8+0.0s
[560/1120]	[L1: 0.0315]	2.9+0.0s
[600/1120]	[L1: 0.0317]	3.0+0.0s
[640/1120]	[L1: 0.0315]	2.9+0.0s
[680/1120]	[L1: 0.0317]	2.7+0.0s
[720/1120]	[L1: 0.0318]	3.0+0.0s
[760/1120]	[L1: 0.0320]	3.4+0.0s
[800/1120]	[L1: 0.0319]	3.5+0.0s
[840/1120]	[L1: 0.0317]	3.1+0.0s
[880/1120]	[L1: 0.0316]	3.1+0.0s
[920/1120]	[L1: 0.0317]	3.5+0.0s
[960/1120]	[L1: 0.0316]	3.5+0.0s
[1000/1120]	[L1: 0.0317]	3.5+0.0s
[1040/1120]	[L1: 0.0317]	2.9+0.0s
[1080/1120]	[L1: 0.0316]	3.0+0.0s
[1120/1120]	[L1: 0.0315]	3.0+0.0s

Evaluation:
[RSSCN7 x4]	psnr: 27.676 (Best: 27.708 @epoch 176)
Total time: 8.25s

[Epoch 181]	Learning rate: 2.00e-4
[40/1120]	[L1: 0.0320]	3.0+0.0s
[80/1120]	[L1: 0.0314]	3.0+0.0s
[120/1120]	[L1: 0.0322]	2.4+0.0s
[160/1120]	[L1: 0.0328]	2.5+0.0s
[200/1120]	[L1: 0.0320]	2.4+0.0s
[240/1120]	[L1: 0.0312]	2.5+0.0s
[280/1120]	[L1: 0.0319]	2.4+0.0s
[320/1120]	[L1: 0.0316]	2.4+0.0s
[360/1120]	[L1: 0.0315]	2.4+0.0s
[400/1120]	[L1: 0.0314]	2.3+0.0s
[440/1120]	[L1: 0.0314]	2.5+0.0s
[480/1120]	[L1: 0.0313]	2.4+0.0s
[520/1120]	[L1: 0.0312]	2.3+0.0s
[560/1120]	[L1: 0.0312]	2.4+0.0s
[600/1120]	[L1: 0.0313]	2.3+0.0s
[640/1120]	[L1: 0.0314]	2.4+0.0s
[680/1120]	[L1: 0.0313]	2.3+0.0s
[720/1120]	[L1: 0.0313]	2.3+0.0s
[760/1120]	[L1: 0.0312]	2.4+0.0s
[800/1120]	[L1: 0.0311]	2.3+0.0s
[840/1120]	[L1: 0.0312]	2.4+0.0s
[880/1120]	[L1: 0.0313]	2.3+0.0s
[920/1120]	[L1: 0.0312]	2.3+0.0s
[960/1120]	[L1: 0.0313]	2.4+0.0s
[1000/1120]	[L1: 0.0312]	2.3+0.0s
[1040/1120]	[L1: 0.0314]	2.4+0.0s
[1080/1120]	[L1: 0.0313]	2.3+0.0s
[1120/1120]	[L1: 0.0314]	2.3+0.0s

Evaluation:
[RSSCN7 x4]	psnr: 27.691 (Best: 27.708 @epoch 176)
Total time: 7.46s

[Epoch 182]	Learning rate: 2.00e-4
[40/1120]	[L1: 0.0298]	2.3+0.1s
[80/1120]	[L1: 0.0311]	2.4+0.0s
[120/1120]	[L1: 0.0308]	2.8+0.0s
[160/1120]	[L1: 0.0296]	2.8+0.0s
[200/1120]	[L1: 0.0294]	3.0+0.1s
[240/1120]	[L1: 0.0301]	3.6+0.0s
[280/1120]	[L1: 0.0304]	3.5+0.0s
[320/1120]	[L1: 0.0305]	3.8+0.0s
[360/1120]	[L1: 0.0306]	3.6+0.0s
[400/1120]	[L1: 0.0304]	3.8+0.0s
[440/1120]	[L1: 0.0305]	2.9+0.0s
[480/1120]	[L1: 0.0307]	3.3+0.0s
[520/1120]	[L1: 0.0309]	3.5+0.0s
[560/1120]	[L1: 0.0310]	3.2+0.0s
[600/1120]	[L1: 0.0309]	3.2+0.0s
[640/1120]	[L1: 0.0310]	3.5+0.0s
[680/1120]	[L1: 0.0312]	3.7+0.0s
[720/1120]	[L1: 0.0312]	3.8+0.0s
[760/1120]	[L1: 0.0315]	3.9+0.0s
[800/1120]	[L1: 0.0314]	3.5+0.0s
[840/1120]	[L1: 0.0317]	3.8+0.0s
[880/1120]	[L1: 0.0317]	3.4+0.0s
[920/1120]	[L1: 0.0315]	3.9+0.0s
[960/1120]	[L1: 0.0315]	3.7+0.0s
[1000/1120]	[L1: 0.0316]	3.6+0.0s
[1040/1120]	[L1: 0.0315]	3.3+0.0s
[1080/1120]	[L1: 0.0316]	3.0+0.0s
[1120/1120]	[L1: 0.0316]	2.8+0.0s

Evaluation:
[RSSCN7 x4]	psnr: 27.670 (Best: 27.708 @epoch 176)
Total time: 7.86s

[Epoch 183]	Learning rate: 2.00e-4
[40/1120]	[L1: 0.0272]	2.4+0.0s
[80/1120]	[L1: 0.0282]	2.3+0.0s
[120/1120]	[L1: 0.0308]	2.3+0.0s
[160/1120]	[L1: 0.0319]	2.8+0.0s
[200/1120]	[L1: 0.0317]	2.3+0.0s
[240/1120]	[L1: 0.0313]	2.3+0.0s
[280/1120]	[L1: 0.0314]	2.3+0.0s
[320/1120]	[L1: 0.0312]	2.3+0.0s
[360/1120]	[L1: 0.0315]	2.3+0.0s
[400/1120]	[L1: 0.0316]	2.3+0.0s
[440/1120]	[L1: 0.0319]	2.3+0.0s
[480/1120]	[L1: 0.0315]	2.3+0.0s
[520/1120]	[L1: 0.0317]	2.3+0.0s
[560/1120]	[L1: 0.0315]	2.3+0.0s
[600/1120]	[L1: 0.0314]	2.3+0.0s
[640/1120]	[L1: 0.0312]	2.4+0.0s
[680/1120]	[L1: 0.0310]	2.3+0.0s
[720/1120]	[L1: 0.0310]	2.3+0.0s
[760/1120]	[L1: 0.0308]	2.3+0.0s
[800/1120]	[L1: 0.0309]	2.3+0.0s
[840/1120]	[L1: 0.0308]	2.3+0.0s
[880/1120]	[L1: 0.0309]	2.4+0.0s
[920/1120]	[L1: 0.0312]	2.3+0.0s
[960/1120]	[L1: 0.0314]	2.4+0.0s
[1000/1120]	[L1: 0.0314]	2.3+0.0s
[1040/1120]	[L1: 0.0314]	2.3+0.0s
[1080/1120]	[L1: 0.0313]	2.3+0.0s
[1120/1120]	[L1: 0.0315]	2.3+0.0s

Evaluation:
[RSSCN7 x4]	psnr: 27.644 (Best: 27.708 @epoch 176)
Total time: 7.46s

[Epoch 184]	Learning rate: 2.00e-4
[40/1120]	[L1: 0.0332]	3.4+0.0s
[80/1120]	[L1: 0.0339]	3.6+0.1s
[120/1120]	[L1: 0.0340]	3.6+0.0s
[160/1120]	[L1: 0.0336]	3.8+0.1s
[200/1120]	[L1: 0.0339]	3.5+0.0s
[240/1120]	[L1: 0.0335]	3.0+0.1s
[280/1120]	[L1: 0.0335]	2.8+0.1s
[320/1120]	[L1: 0.0334]	3.2+0.0s
[360/1120]	[L1: 0.0332]	3.4+0.0s
[400/1120]	[L1: 0.0333]	3.5+0.0s
[440/1120]	[L1: 0.0329]	3.6+0.0s
[480/1120]	[L1: 0.0325]	3.9+0.0s
[520/1120]	[L1: 0.0326]	4.2+0.0s
[560/1120]	[L1: 0.0326]	3.9+0.0s
[600/1120]	[L1: 0.0326]	3.6+0.0s
[640/1120]	[L1: 0.0323]	3.7+0.0s
[680/1120]	[L1: 0.0324]	3.8+0.0s
[720/1120]	[L1: 0.0321]	3.9+0.0s
[760/1120]	[L1: 0.0318]	2.9+0.0s
[800/1120]	[L1: 0.0317]	2.7+0.0s
[840/1120]	[L1: 0.0317]	3.0+0.0s
[880/1120]	[L1: 0.0318]	2.9+0.0s
[920/1120]	[L1: 0.0318]	2.7+0.0s
[960/1120]	[L1: 0.0317]	2.6+0.0s
[1000/1120]	[L1: 0.0316]	2.7+0.0s
[1040/1120]	[L1: 0.0316]	2.7+0.0s
[1080/1120]	[L1: 0.0316]	2.8+0.0s
[1120/1120]	[L1: 0.0316]	2.6+0.0s

Evaluation:
[RSSCN7 x4]	psnr: 27.672 (Best: 27.708 @epoch 176)
Total time: 7.79s

[Epoch 185]	Learning rate: 2.00e-4
[40/1120]	[L1: 0.0316]	2.6+0.0s
[80/1120]	[L1: 0.0312]	2.3+0.0s
[120/1120]	[L1: 0.0316]	2.3+0.0s
[160/1120]	[L1: 0.0320]	2.4+0.0s
[200/1120]	[L1: 0.0326]	2.3+0.0s
[240/1120]	[L1: 0.0328]	2.5+0.0s
[280/1120]	[L1: 0.0324]	2.3+0.0s
[320/1120]	[L1: 0.0314]	2.5+0.0s
[360/1120]	[L1: 0.0309]	2.4+0.0s
[400/1120]	[L1: 0.0313]	2.3+0.0s
[440/1120]	[L1: 0.0314]	2.4+0.0s
[480/1120]	[L1: 0.0319]	2.3+0.0s
[520/1120]	[L1: 0.0317]	2.4+0.0s
[560/1120]	[L1: 0.0319]	2.7+0.0s
[600/1120]	[L1: 0.0318]	2.3+0.0s
[640/1120]	[L1: 0.0317]	2.4+0.0s
[680/1120]	[L1: 0.0319]	2.4+0.0s
[720/1120]	[L1: 0.0319]	2.4+0.0s
[760/1120]	[L1: 0.0320]	2.6+0.0s
[800/1120]	[L1: 0.0319]	2.4+0.0s
[840/1120]	[L1: 0.0321]	2.5+0.0s
[880/1120]	[L1: 0.0320]	2.3+0.0s
[920/1120]	[L1: 0.0319]	2.3+0.0s
[960/1120]	[L1: 0.0319]	2.4+0.0s
[1000/1120]	[L1: 0.0319]	2.3+0.0s
[1040/1120]	[L1: 0.0318]	2.5+0.0s
[1080/1120]	[L1: 0.0318]	2.3+0.0s
[1120/1120]	[L1: 0.0317]	2.3+0.0s

Evaluation:
[RSSCN7 x4]	psnr: 27.695 (Best: 27.708 @epoch 176)
Total time: 8.62s

[Epoch 186]	Learning rate: 2.00e-4
[40/1120]	[L1: 0.0357]	3.7+0.0s
[80/1120]	[L1: 0.0328]	3.9+0.0s
[120/1120]	[L1: 0.0324]	3.3+0.0s
[160/1120]	[L1: 0.0325]	3.3+0.0s
[200/1120]	[L1: 0.0319]	3.1+0.0s
[240/1120]	[L1: 0.0315]	3.9+0.0s
[280/1120]	[L1: 0.0311]	3.6+0.0s
[320/1120]	[L1: 0.0311]	3.0+0.0s
[360/1120]	[L1: 0.0315]	2.7+0.1s
[400/1120]	[L1: 0.0316]	2.9+0.0s
[440/1120]	[L1: 0.0315]	3.1+0.0s
[480/1120]	[L1: 0.0313]	3.5+0.0s
[520/1120]	[L1: 0.0313]	3.9+0.0s
[560/1120]	[L1: 0.0312]	3.7+0.0s
[600/1120]	[L1: 0.0311]	2.9+0.0s
[640/1120]	[L1: 0.0313]	3.1+0.0s
[680/1120]	[L1: 0.0315]	3.4+0.0s
[720/1120]	[L1: 0.0314]	2.9+0.0s
[760/1120]	[L1: 0.0313]	3.0+0.0s
[800/1120]	[L1: 0.0313]	3.2+0.0s
[840/1120]	[L1: 0.0313]	2.9+0.0s
[880/1120]	[L1: 0.0314]	2.6+0.0s
[920/1120]	[L1: 0.0314]	2.8+0.0s
[960/1120]	[L1: 0.0313]	2.5+0.0s
[1000/1120]	[L1: 0.0313]	2.8+0.0s
[1040/1120]	[L1: 0.0312]	3.0+0.0s
[1080/1120]	[L1: 0.0314]	3.4+0.0s
[1120/1120]	[L1: 0.0315]	2.8+0.0s

Evaluation:
[RSSCN7 x4]	psnr: 27.623 (Best: 27.708 @epoch 176)
Total time: 7.44s

[Epoch 187]	Learning rate: 2.00e-4
[40/1120]	[L1: 0.0339]	2.5+0.0s
[80/1120]	[L1: 0.0327]	2.4+0.0s
[120/1120]	[L1: 0.0327]	2.5+0.0s
[160/1120]	[L1: 0.0318]	2.4+0.0s
[200/1120]	[L1: 0.0321]	2.4+0.0s
[240/1120]	[L1: 0.0321]	2.5+0.0s
[280/1120]	[L1: 0.0317]	2.5+0.0s
[320/1120]	[L1: 0.0314]	2.5+0.0s
[360/1120]	[L1: 0.0313]	2.5+0.0s
[400/1120]	[L1: 0.0317]	2.5+0.0s
[440/1120]	[L1: 0.0316]	2.7+0.0s
[480/1120]	[L1: 0.0320]	2.6+0.0s
[520/1120]	[L1: 0.0320]	2.4+0.0s
[560/1120]	[L1: 0.0317]	2.3+0.0s
[600/1120]	[L1: 0.0316]	2.3+0.0s
[640/1120]	[L1: 0.0317]	2.3+0.0s
[680/1120]	[L1: 0.0318]	2.3+0.0s
[720/1120]	[L1: 0.0317]	2.3+0.0s
[760/1120]	[L1: 0.0316]	2.3+0.0s
[800/1120]	[L1: 0.0315]	2.3+0.0s
[840/1120]	[L1: 0.0316]	2.4+0.0s
[880/1120]	[L1: 0.0316]	2.3+0.0s
[920/1120]	[L1: 0.0317]	2.3+0.0s
[960/1120]	[L1: 0.0315]	2.3+0.0s
[1000/1120]	[L1: 0.0316]	2.3+0.0s
[1040/1120]	[L1: 0.0315]	2.4+0.0s
[1080/1120]	[L1: 0.0316]	2.3+0.0s
[1120/1120]	[L1: 0.0315]	2.9+0.0s

Evaluation:
[RSSCN7 x4]	psnr: 27.617 (Best: 27.708 @epoch 176)
Total time: 8.37s

[Epoch 188]	Learning rate: 2.00e-4
[40/1120]	[L1: 0.0292]	3.3+0.1s
[80/1120]	[L1: 0.0304]	3.1+0.0s
[120/1120]	[L1: 0.0300]	3.2+0.0s
[160/1120]	[L1: 0.0302]	2.8+0.0s
[200/1120]	[L1: 0.0317]	3.1+0.0s
[240/1120]	[L1: 0.0311]	3.2+0.0s
[280/1120]	[L1: 0.0306]	3.2+0.0s
[320/1120]	[L1: 0.0305]	3.5+0.1s
[360/1120]	[L1: 0.0305]	3.3+0.0s
[400/1120]	[L1: 0.0303]	2.9+0.0s
[440/1120]	[L1: 0.0303]	3.1+0.0s
[480/1120]	[L1: 0.0307]	2.9+0.0s
[520/1120]	[L1: 0.0309]	3.0+0.0s
[560/1120]	[L1: 0.0313]	2.8+0.0s
[600/1120]	[L1: 0.0317]	2.9+0.0s
[640/1120]	[L1: 0.0317]	2.7+0.0s
[680/1120]	[L1: 0.0319]	2.9+0.1s
[720/1120]	[L1: 0.0316]	2.7+0.0s
[760/1120]	[L1: 0.0317]	3.0+0.0s
[800/1120]	[L1: 0.0315]	3.4+0.0s
[840/1120]	[L1: 0.0317]	3.5+0.0s
[880/1120]	[L1: 0.0316]	3.6+0.0s
[920/1120]	[L1: 0.0315]	3.4+0.0s
[960/1120]	[L1: 0.0315]	3.1+0.0s
[1000/1120]	[L1: 0.0316]	2.9+0.0s
[1040/1120]	[L1: 0.0315]	3.3+0.0s
[1080/1120]	[L1: 0.0316]	3.3+0.0s
[1120/1120]	[L1: 0.0315]	2.9+0.0s

Evaluation:
[RSSCN7 x4]	psnr: 27.580 (Best: 27.708 @epoch 176)
Total time: 7.51s

[Epoch 189]	Learning rate: 2.00e-4
[40/1120]	[L1: 0.0285]	2.4+0.0s
[80/1120]	[L1: 0.0297]	2.4+0.0s
[120/1120]	[L1: 0.0302]	2.4+0.0s
[160/1120]	[L1: 0.0304]	2.4+0.0s
[200/1120]	[L1: 0.0313]	2.4+0.0s
[240/1120]	[L1: 0.0315]	2.5+0.0s
[280/1120]	[L1: 0.0313]	2.6+0.0s
[320/1120]	[L1: 0.0312]	2.9+0.0s
[360/1120]	[L1: 0.0314]	2.5+0.0s
[400/1120]	[L1: 0.0314]	2.4+0.0s
[440/1120]	[L1: 0.0314]	2.4+0.0s
[480/1120]	[L1: 0.0312]	2.5+0.0s
[520/1120]	[L1: 0.0317]	2.3+0.0s
[560/1120]	[L1: 0.0321]	2.5+0.0s
[600/1120]	[L1: 0.0318]	2.8+0.0s
[640/1120]	[L1: 0.0317]	2.4+0.0s
[680/1120]	[L1: 0.0319]	2.3+0.0s
[720/1120]	[L1: 0.0318]	2.8+0.0s
[760/1120]	[L1: 0.0318]	2.6+0.0s
[800/1120]	[L1: 0.0319]	2.3+0.0s
[840/1120]	[L1: 0.0317]	2.3+0.0s
[880/1120]	[L1: 0.0317]	2.3+0.0s
[920/1120]	[L1: 0.0316]	2.4+0.0s
[960/1120]	[L1: 0.0315]	2.3+0.0s
[1000/1120]	[L1: 0.0315]	2.3+0.0s
[1040/1120]	[L1: 0.0317]	2.3+0.0s
[1080/1120]	[L1: 0.0315]	2.9+0.0s
[1120/1120]	[L1: 0.0315]	3.0+0.0s

Evaluation:
[RSSCN7 x4]	psnr: 27.645 (Best: 27.708 @epoch 176)
Total time: 8.50s

[Epoch 190]	Learning rate: 2.00e-4
[40/1120]	[L1: 0.0317]	3.1+0.0s
[80/1120]	[L1: 0.0308]	2.9+0.0s
[120/1120]	[L1: 0.0308]	2.7+0.0s
[160/1120]	[L1: 0.0314]	2.8+0.0s
[200/1120]	[L1: 0.0302]	2.7+0.0s
[240/1120]	[L1: 0.0299]	2.7+0.0s
[280/1120]	[L1: 0.0301]	3.1+0.0s
[320/1120]	[L1: 0.0302]	2.9+0.0s
[360/1120]	[L1: 0.0307]	2.7+0.0s
[400/1120]	[L1: 0.0308]	2.6+0.0s
[440/1120]	[L1: 0.0309]	3.2+0.0s
[480/1120]	[L1: 0.0310]	3.8+0.0s
[520/1120]	[L1: 0.0310]	3.9+0.0s
[560/1120]	[L1: 0.0309]	3.7+0.0s
[600/1120]	[L1: 0.0311]	3.9+0.0s
[640/1120]	[L1: 0.0313]	3.9+0.0s
[680/1120]	[L1: 0.0315]	4.1+0.0s
[720/1120]	[L1: 0.0314]	3.7+0.0s
[760/1120]	[L1: 0.0315]	3.6+0.0s
[800/1120]	[L1: 0.0313]	3.4+0.0s
[840/1120]	[L1: 0.0313]	3.6+0.0s
[880/1120]	[L1: 0.0313]	3.7+0.0s
[920/1120]	[L1: 0.0314]	3.6+0.0s
[960/1120]	[L1: 0.0314]	4.3+0.0s
[1000/1120]	[L1: 0.0314]	2.7+0.0s
[1040/1120]	[L1: 0.0314]	2.8+0.0s
[1080/1120]	[L1: 0.0315]	2.9+0.0s
[1120/1120]	[L1: 0.0316]	3.0+0.0s

Evaluation:
[RSSCN7 x4]	psnr: 27.632 (Best: 27.708 @epoch 176)
Total time: 7.48s

[Epoch 191]	Learning rate: 2.00e-4
[40/1120]	[L1: 0.0307]	2.4+0.0s
[80/1120]	[L1: 0.0308]	2.4+0.0s
[120/1120]	[L1: 0.0306]	2.5+0.0s
[160/1120]	[L1: 0.0311]	2.3+0.0s
[200/1120]	[L1: 0.0311]	2.4+0.0s
[240/1120]	[L1: 0.0308]	2.3+0.0s
[280/1120]	[L1: 0.0307]	2.3+0.0s
[320/1120]	[L1: 0.0303]	2.4+0.0s
[360/1120]	[L1: 0.0303]	2.3+0.0s
[400/1120]	[L1: 0.0298]	2.4+0.0s
[440/1120]	[L1: 0.0300]	2.3+0.0s
[480/1120]	[L1: 0.0302]	2.3+0.0s
[520/1120]	[L1: 0.0307]	2.4+0.0s
[560/1120]	[L1: 0.0308]	2.3+0.0s
[600/1120]	[L1: 0.0306]	2.4+0.0s
[640/1120]	[L1: 0.0304]	2.3+0.0s
[680/1120]	[L1: 0.0305]	2.3+0.0s
[720/1120]	[L1: 0.0309]	2.4+0.0s
[760/1120]	[L1: 0.0309]	2.3+0.0s
[800/1120]	[L1: 0.0310]	2.4+0.0s
[840/1120]	[L1: 0.0313]	2.3+0.0s
[880/1120]	[L1: 0.0312]	2.3+0.0s
[920/1120]	[L1: 0.0314]	2.4+0.0s
[960/1120]	[L1: 0.0313]	2.3+0.0s
[1000/1120]	[L1: 0.0314]	2.9+0.0s
[1040/1120]	[L1: 0.0313]	2.8+0.0s
[1080/1120]	[L1: 0.0314]	2.8+0.0s
[1120/1120]	[L1: 0.0315]	3.0+0.0s

Evaluation:
[RSSCN7 x4]	psnr: 27.709 (Best: 27.709 @epoch 191)
Total time: 8.60s

[Epoch 192]	Learning rate: 2.00e-4
[40/1120]	[L1: 0.0317]	4.0+0.0s
[80/1120]	[L1: 0.0331]	3.7+0.0s
[120/1120]	[L1: 0.0325]	3.7+0.0s
[160/1120]	[L1: 0.0317]	3.6+0.0s
[200/1120]	[L1: 0.0320]	3.8+0.1s
[240/1120]	[L1: 0.0320]	3.9+0.0s
[280/1120]	[L1: 0.0320]	3.8+0.0s
[320/1120]	[L1: 0.0319]	3.6+0.1s
[360/1120]	[L1: 0.0321]	3.7+0.0s
[400/1120]	[L1: 0.0319]	3.4+0.0s
[440/1120]	[L1: 0.0313]	3.0+0.0s
[480/1120]	[L1: 0.0314]	3.1+0.0s
[520/1120]	[L1: 0.0315]	3.0+0.1s
[560/1120]	[L1: 0.0314]	3.0+0.0s
[600/1120]	[L1: 0.0314]	3.1+0.0s
[640/1120]	[L1: 0.0316]	3.0+0.0s
[680/1120]	[L1: 0.0314]	3.3+0.0s
[720/1120]	[L1: 0.0317]	3.4+0.1s
[760/1120]	[L1: 0.0316]	3.4+0.0s
[800/1120]	[L1: 0.0319]	3.4+0.0s
[840/1120]	[L1: 0.0318]	3.0+0.0s
[880/1120]	[L1: 0.0317]	2.6+0.0s
[920/1120]	[L1: 0.0317]	2.3+0.0s
[960/1120]	[L1: 0.0318]	2.3+0.0s
[1000/1120]	[L1: 0.0318]	2.4+0.0s
[1040/1120]	[L1: 0.0318]	2.3+0.0s
[1080/1120]	[L1: 0.0317]	2.3+0.0s
[1120/1120]	[L1: 0.0315]	2.2+0.0s

Evaluation:
[RSSCN7 x4]	psnr: 27.688 (Best: 27.709 @epoch 191)
Total time: 7.44s

[Epoch 193]	Learning rate: 2.00e-4
[40/1120]	[L1: 0.0293]	2.4+0.0s
[80/1120]	[L1: 0.0308]	2.4+0.0s
[120/1120]	[L1: 0.0313]	2.3+0.0s
[160/1120]	[L1: 0.0318]	2.3+0.0s
[200/1120]	[L1: 0.0321]	2.3+0.0s
[240/1120]	[L1: 0.0319]	2.4+0.0s
[280/1120]	[L1: 0.0317]	2.3+0.0s
[320/1120]	[L1: 0.0316]	2.3+0.0s
[360/1120]	[L1: 0.0313]	2.3+0.0s
[400/1120]	[L1: 0.0312]	2.3+0.0s
[440/1120]	[L1: 0.0314]	2.3+0.0s
[480/1120]	[L1: 0.0315]	2.4+0.0s
[520/1120]	[L1: 0.0317]	2.3+0.0s
[560/1120]	[L1: 0.0316]	2.3+0.0s
[600/1120]	[L1: 0.0317]	2.3+0.0s
[640/1120]	[L1: 0.0316]	2.3+0.0s
[680/1120]	[L1: 0.0315]	2.8+0.0s
[720/1120]	[L1: 0.0315]	2.3+0.0s
[760/1120]	[L1: 0.0312]	2.4+0.0s
[800/1120]	[L1: 0.0312]	2.6+0.0s
[840/1120]	[L1: 0.0313]	2.3+0.0s
[880/1120]	[L1: 0.0312]	2.4+0.0s
[920/1120]	[L1: 0.0310]	3.1+0.0s
[960/1120]	[L1: 0.0309]	3.4+0.0s
[1000/1120]	[L1: 0.0310]	3.1+0.0s
[1040/1120]	[L1: 0.0312]	3.3+0.0s
[1080/1120]	[L1: 0.0313]	3.7+0.0s
[1120/1120]	[L1: 0.0314]	3.2+0.0s

Evaluation:
[RSSCN7 x4]	psnr: 27.666 (Best: 27.709 @epoch 191)
Total time: 8.95s

[Epoch 194]	Learning rate: 2.00e-4
[40/1120]	[L1: 0.0349]	3.2+0.0s
[80/1120]	[L1: 0.0336]	3.3+0.0s
[120/1120]	[L1: 0.0317]	3.3+0.0s
[160/1120]	[L1: 0.0302]	3.8+0.0s
[200/1120]	[L1: 0.0309]	3.9+0.0s
[240/1120]	[L1: 0.0313]	4.0+0.0s
[280/1120]	[L1: 0.0318]	3.7+0.0s
[320/1120]	[L1: 0.0313]	3.6+0.0s
[360/1120]	[L1: 0.0318]	3.5+0.0s
[400/1120]	[L1: 0.0319]	2.9+0.0s
[440/1120]	[L1: 0.0318]	3.0+0.0s
[480/1120]	[L1: 0.0317]	2.8+0.0s
[520/1120]	[L1: 0.0319]	2.8+0.1s
[560/1120]	[L1: 0.0317]	3.0+0.0s
[600/1120]	[L1: 0.0318]	2.9+0.0s
[640/1120]	[L1: 0.0317]	3.0+0.0s
[680/1120]	[L1: 0.0316]	3.0+0.0s
[720/1120]	[L1: 0.0314]	2.8+0.0s
[760/1120]	[L1: 0.0316]	2.7+0.0s
[800/1120]	[L1: 0.0316]	2.8+0.0s
[840/1120]	[L1: 0.0315]	3.0+0.0s
[880/1120]	[L1: 0.0316]	2.9+0.0s
[920/1120]	[L1: 0.0315]	2.4+0.0s
[960/1120]	[L1: 0.0314]	2.4+0.0s
[1000/1120]	[L1: 0.0313]	2.3+0.0s
[1040/1120]	[L1: 0.0314]	2.3+0.0s
[1080/1120]	[L1: 0.0316]	2.4+0.0s
[1120/1120]	[L1: 0.0315]	2.3+0.0s

Evaluation:
[RSSCN7 x4]	psnr: 27.647 (Best: 27.709 @epoch 191)
Total time: 7.42s

[Epoch 195]	Learning rate: 2.00e-4
[40/1120]	[L1: 0.0365]	2.5+0.1s
[80/1120]	[L1: 0.0338]	2.4+0.0s
[120/1120]	[L1: 0.0326]	2.3+0.0s
[160/1120]	[L1: 0.0327]	2.3+0.0s
[200/1120]	[L1: 0.0322]	2.4+0.0s
[240/1120]	[L1: 0.0319]	2.5+0.0s
[280/1120]	[L1: 0.0324]	2.4+0.0s
[320/1120]	[L1: 0.0323]	2.4+0.0s
[360/1120]	[L1: 0.0321]	2.4+0.0s
[400/1120]	[L1: 0.0324]	2.3+0.0s
[440/1120]	[L1: 0.0324]	2.4+0.0s
[480/1120]	[L1: 0.0320]	2.4+0.0s
[520/1120]	[L1: 0.0321]	2.3+0.0s
[560/1120]	[L1: 0.0320]	2.4+0.0s
[600/1120]	[L1: 0.0320]	2.4+0.0s
[640/1120]	[L1: 0.0321]	2.3+0.0s
[680/1120]	[L1: 0.0320]	2.4+0.0s
[720/1120]	[L1: 0.0320]	2.3+0.0s
[760/1120]	[L1: 0.0318]	2.3+0.0s
[800/1120]	[L1: 0.0316]	2.3+0.0s
[840/1120]	[L1: 0.0314]	2.5+0.0s
[880/1120]	[L1: 0.0312]	3.0+0.0s
[920/1120]	[L1: 0.0313]	3.2+0.0s
[960/1120]	[L1: 0.0314]	3.4+0.0s
[1000/1120]	[L1: 0.0317]	3.2+0.0s
[1040/1120]	[L1: 0.0317]	3.3+0.0s
[1080/1120]	[L1: 0.0317]	3.8+0.0s
[1120/1120]	[L1: 0.0316]	3.5+0.0s

Evaluation:
[RSSCN7 x4]	psnr: 27.656 (Best: 27.709 @epoch 191)
Total time: 8.33s

[Epoch 196]	Learning rate: 2.00e-4
[40/1120]	[L1: 0.0304]	3.1+0.0s
[80/1120]	[L1: 0.0326]	3.5+0.0s
[120/1120]	[L1: 0.0328]	3.5+0.0s
[160/1120]	[L1: 0.0322]	3.8+0.0s
[200/1120]	[L1: 0.0325]	3.6+0.0s
[240/1120]	[L1: 0.0325]	3.7+0.0s
[280/1120]	[L1: 0.0326]	3.6+0.0s
[320/1120]	[L1: 0.0323]	3.8+0.0s
[360/1120]	[L1: 0.0326]	3.7+0.0s
[400/1120]	[L1: 0.0326]	3.5+0.0s
[440/1120]	[L1: 0.0324]	3.3+0.0s
[480/1120]	[L1: 0.0324]	3.6+0.0s
[520/1120]	[L1: 0.0321]	4.0+0.0s
[560/1120]	[L1: 0.0321]	3.7+0.0s
[600/1120]	[L1: 0.0320]	4.0+0.0s
[640/1120]	[L1: 0.0321]	4.0+0.0s
[680/1120]	[L1: 0.0320]	3.4+0.0s
[720/1120]	[L1: 0.0320]	2.4+0.0s
[760/1120]	[L1: 0.0321]	2.5+0.0s
[800/1120]	[L1: 0.0321]	2.4+0.0s
[840/1120]	[L1: 0.0321]	3.0+0.0s
[880/1120]	[L1: 0.0319]	2.9+0.0s
[920/1120]	[L1: 0.0319]	2.9+0.0s
[960/1120]	[L1: 0.0318]	2.8+0.0s
[1000/1120]	[L1: 0.0316]	2.9+0.0s
[1040/1120]	[L1: 0.0316]	2.9+0.0s
[1080/1120]	[L1: 0.0314]	2.7+0.0s
[1120/1120]	[L1: 0.0314]	2.3+0.0s

Evaluation:
[RSSCN7 x4]	psnr: 27.672 (Best: 27.709 @epoch 191)
Total time: 7.47s

[Epoch 197]	Learning rate: 2.00e-4
[40/1120]	[L1: 0.0315]	2.6+0.0s
[80/1120]	[L1: 0.0314]	2.5+0.0s
[120/1120]	[L1: 0.0309]	2.5+0.0s
[160/1120]	[L1: 0.0305]	2.4+0.0s
[200/1120]	[L1: 0.0302]	2.4+0.0s
[240/1120]	[L1: 0.0300]	2.3+0.0s
[280/1120]	[L1: 0.0302]	2.3+0.0s
[320/1120]	[L1: 0.0307]	2.3+0.0s
[360/1120]	[L1: 0.0307]	2.3+0.0s
[400/1120]	[L1: 0.0303]	2.4+0.0s
[440/1120]	[L1: 0.0305]	2.4+0.0s
[480/1120]	[L1: 0.0306]	2.3+0.0s
[520/1120]	[L1: 0.0307]	2.3+0.0s
[560/1120]	[L1: 0.0308]	2.3+0.0s
[600/1120]	[L1: 0.0309]	2.4+0.0s
[640/1120]	[L1: 0.0309]	2.4+0.0s
[680/1120]	[L1: 0.0310]	3.1+0.0s
[720/1120]	[L1: 0.0312]	3.3+0.0s
[760/1120]	[L1: 0.0313]	3.1+0.0s
[800/1120]	[L1: 0.0313]	3.6+0.0s
[840/1120]	[L1: 0.0313]	3.9+0.0s
[880/1120]	[L1: 0.0313]	4.3+0.0s
[920/1120]	[L1: 0.0314]	3.9+0.0s
[960/1120]	[L1: 0.0315]	3.1+0.0s
[1000/1120]	[L1: 0.0312]	3.5+0.0s
[1040/1120]	[L1: 0.0315]	3.6+0.1s
[1080/1120]	[L1: 0.0315]	3.9+0.0s
[1120/1120]	[L1: 0.0314]	4.1+0.0s

Evaluation:
[RSSCN7 x4]	psnr: 27.673 (Best: 27.709 @epoch 191)
Total time: 9.60s

[Epoch 198]	Learning rate: 2.00e-4
[40/1120]	[L1: 0.0324]	3.0+0.0s
[80/1120]	[L1: 0.0329]	3.3+0.0s
[120/1120]	[L1: 0.0322]	3.5+0.0s
[160/1120]	[L1: 0.0311]	3.9+0.0s
[200/1120]	[L1: 0.0311]	3.8+0.0s
[240/1120]	[L1: 0.0311]	3.9+0.0s
[280/1120]	[L1: 0.0314]	4.5+0.0s
[320/1120]	[L1: 0.0317]	3.5+0.0s
[360/1120]	[L1: 0.0320]	4.1+0.1s
[400/1120]	[L1: 0.0320]	3.9+0.0s
[440/1120]	[L1: 0.0321]	3.5+0.0s
[480/1120]	[L1: 0.0322]	3.5+0.0s
[520/1120]	[L1: 0.0319]	2.9+0.0s
[560/1120]	[L1: 0.0318]	3.1+0.0s
[600/1120]	[L1: 0.0317]	3.0+0.0s
[640/1120]	[L1: 0.0311]	2.9+0.0s
[680/1120]	[L1: 0.0310]	2.7+0.0s
[720/1120]	[L1: 0.0309]	2.4+0.0s
[760/1120]	[L1: 0.0311]	2.7+0.0s
[800/1120]	[L1: 0.0314]	2.8+0.0s
[840/1120]	[L1: 0.0314]	3.1+0.0s
[880/1120]	[L1: 0.0314]	2.9+0.0s
[920/1120]	[L1: 0.0313]	2.8+0.0s
[960/1120]	[L1: 0.0313]	2.6+0.0s
[1000/1120]	[L1: 0.0313]	2.6+0.0s
[1040/1120]	[L1: 0.0315]	2.5+0.0s
[1080/1120]	[L1: 0.0313]	2.5+0.0s
[1120/1120]	[L1: 0.0315]	2.8+0.0s

Evaluation:
[RSSCN7 x4]	psnr: 27.681 (Best: 27.709 @epoch 191)
Total time: 7.57s

[Epoch 199]	Learning rate: 2.00e-4
[40/1120]	[L1: 0.0342]	2.9+0.1s
[80/1120]	[L1: 0.0339]	2.6+0.0s
[120/1120]	[L1: 0.0313]	2.5+0.0s
[160/1120]	[L1: 0.0319]	2.3+0.0s
[200/1120]	[L1: 0.0309]	2.3+0.0s
[240/1120]	[L1: 0.0310]	2.3+0.0s
[280/1120]	[L1: 0.0320]	2.4+0.0s
[320/1120]	[L1: 0.0315]	2.3+0.0s
[360/1120]	[L1: 0.0313]	2.3+0.0s
[400/1120]	[L1: 0.0317]	3.0+0.0s
[440/1120]	[L1: 0.0320]	3.1+0.0s
[480/1120]	[L1: 0.0321]	3.8+0.0s
[520/1120]	[L1: 0.0323]	3.4+0.0s
[560/1120]	[L1: 0.0322]	4.0+0.0s
[600/1120]	[L1: 0.0322]	3.9+0.0s
[640/1120]	[L1: 0.0319]	3.9+0.0s
[680/1120]	[L1: 0.0322]	3.4+0.0s
[720/1120]	[L1: 0.0321]	3.6+0.0s
[760/1120]	[L1: 0.0320]	3.5+0.0s
[800/1120]	[L1: 0.0319]	3.6+0.0s
[840/1120]	[L1: 0.0315]	4.1+0.0s
[880/1120]	[L1: 0.0315]	3.5+0.0s
[920/1120]	[L1: 0.0315]	3.5+0.0s
[960/1120]	[L1: 0.0315]	3.4+0.0s
[1000/1120]	[L1: 0.0317]	3.7+0.0s
[1040/1120]	[L1: 0.0316]	4.1+0.0s
[1080/1120]	[L1: 0.0317]	3.8+0.0s
[1120/1120]	[L1: 0.0316]	3.9+0.0s

Evaluation:
[RSSCN7 x4]	psnr: 27.695 (Best: 27.709 @epoch 191)
Total time: 9.78s

[Epoch 200]	Learning rate: 2.00e-4
[40/1120]	[L1: 0.0313]	3.6+0.0s
[80/1120]	[L1: 0.0332]	3.3+0.0s
[120/1120]	[L1: 0.0315]	3.6+0.0s
[160/1120]	[L1: 0.0317]	3.2+0.0s
[200/1120]	[L1: 0.0320]	3.6+0.0s
[240/1120]	[L1: 0.0323]	3.1+0.0s
[280/1120]	[L1: 0.0324]	3.1+0.0s
[320/1120]	[L1: 0.0325]	2.9+0.0s
[360/1120]	[L1: 0.0329]	3.0+0.0s
[400/1120]	[L1: 0.0327]	2.6+0.0s
[440/1120]	[L1: 0.0325]	2.9+0.0s
[480/1120]	[L1: 0.0324]	3.0+0.0s
[520/1120]	[L1: 0.0324]	3.0+0.0s
[560/1120]	[L1: 0.0322]	2.9+0.0s
[600/1120]	[L1: 0.0321]	3.0+0.0s
[640/1120]	[L1: 0.0323]	2.6+0.0s
[680/1120]	[L1: 0.0322]	2.7+0.0s
[720/1120]	[L1: 0.0321]	2.5+0.0s
[760/1120]	[L1: 0.0321]	2.4+0.0s
[800/1120]	[L1: 0.0320]	2.4+0.0s
[840/1120]	[L1: 0.0321]	2.4+0.0s
[880/1120]	[L1: 0.0319]	2.5+0.0s
[920/1120]	[L1: 0.0318]	2.4+0.0s
[960/1120]	[L1: 0.0318]	2.5+0.0s
[1000/1120]	[L1: 0.0318]	2.3+0.0s
[1040/1120]	[L1: 0.0317]	2.4+0.0s
[1080/1120]	[L1: 0.0316]	2.3+0.0s
[1120/1120]	[L1: 0.0315]	2.4+0.0s
Saved epoch checkpoint at epoch 200

Evaluation:
[RSSCN7 x4]	psnr: 27.671 (Best: 27.709 @epoch 191)
Total time: 7.46s

[Epoch 201]	Learning rate: 1.00e-4
[40/1120]	[L1: 0.0274]	2.5+0.0s
[80/1120]	[L1: 0.0285]	2.4+0.0s
[120/1120]	[L1: 0.0287]	3.2+0.0s
[160/1120]	[L1: 0.0297]	3.4+0.0s
[200/1120]	[L1: 0.0302]	3.9+0.0s
[240/1120]	[L1: 0.0302]	3.9+0.0s
[280/1120]	[L1: 0.0304]	3.9+0.0s
[320/1120]	[L1: 0.0303]	3.8+0.0s
[360/1120]	[L1: 0.0306]	4.0+0.0s
[400/1120]	[L1: 0.0303]	3.8+0.0s
[440/1120]	[L1: 0.0305]	3.9+0.0s
[480/1120]	[L1: 0.0304]	3.8+0.0s
[520/1120]	[L1: 0.0305]	4.1+0.0s
[560/1120]	[L1: 0.0309]	3.8+0.0s
[600/1120]	[L1: 0.0308]	4.1+0.0s
[640/1120]	[L1: 0.0309]	3.6+0.0s
[680/1120]	[L1: 0.0308]	4.0+0.0s
[720/1120]	[L1: 0.0308]	3.7+0.0s
[760/1120]	[L1: 0.0309]	4.0+0.0s
[800/1120]	[L1: 0.0310]	3.7+0.0s
[840/1120]	[L1: 0.0311]	3.6+0.0s
[880/1120]	[L1: 0.0313]	3.9+0.0s
[920/1120]	[L1: 0.0312]	3.6+0.1s
[960/1120]	[L1: 0.0312]	3.7+0.0s
[1000/1120]	[L1: 0.0311]	3.4+0.0s
[1040/1120]	[L1: 0.0312]	3.7+0.0s
[1080/1120]	[L1: 0.0312]	3.3+0.0s
[1120/1120]	[L1: 0.0312]	3.2+0.0s

Evaluation:
[RSSCN7 x4]	psnr: 27.712 (Best: 27.712 @epoch 201)
Total time: 7.45s

[Epoch 202]	Learning rate: 1.00e-4
[40/1120]	[L1: 0.0311]	2.7+0.0s
[80/1120]	[L1: 0.0305]	2.4+0.0s
[120/1120]	[L1: 0.0306]	2.3+0.0s
[160/1120]	[L1: 0.0318]	2.3+0.0s
[200/1120]	[L1: 0.0322]	2.5+0.0s
[240/1120]	[L1: 0.0313]	2.4+0.0s
[280/1120]	[L1: 0.0313]	2.4+0.0s
[320/1120]	[L1: 0.0317]	2.6+0.0s
[360/1120]	[L1: 0.0312]	3.0+0.0s
[400/1120]	[L1: 0.0309]	2.5+0.0s
[440/1120]	[L1: 0.0307]	2.3+0.0s
[480/1120]	[L1: 0.0304]	2.3+0.0s
[520/1120]	[L1: 0.0306]	2.5+0.0s
[560/1120]	[L1: 0.0307]	2.8+0.0s
[600/1120]	[L1: 0.0308]	2.8+0.0s
[640/1120]	[L1: 0.0309]	2.7+0.0s
[680/1120]	[L1: 0.0307]	2.5+0.0s
[720/1120]	[L1: 0.0309]	2.4+0.0s
[760/1120]	[L1: 0.0311]	2.3+0.0s
[800/1120]	[L1: 0.0311]	2.4+0.0s
[840/1120]	[L1: 0.0309]	2.5+0.0s
[880/1120]	[L1: 0.0310]	2.5+0.0s
[920/1120]	[L1: 0.0309]	2.7+0.0s
[960/1120]	[L1: 0.0311]	2.3+0.0s
[1000/1120]	[L1: 0.0312]	2.5+0.0s
[1040/1120]	[L1: 0.0311]	3.0+0.0s
[1080/1120]	[L1: 0.0311]	3.7+0.0s
[1120/1120]	[L1: 0.0312]	3.9+0.0s

Evaluation:
[RSSCN7 x4]	psnr: 27.729 (Best: 27.729 @epoch 202)
Total time: 9.32s

[Epoch 203]	Learning rate: 1.00e-4
[40/1120]	[L1: 0.0295]	4.1+0.1s
[80/1120]	[L1: 0.0296]	4.1+0.0s
[120/1120]	[L1: 0.0297]	3.9+0.0s
[160/1120]	[L1: 0.0298]	3.8+0.0s
[200/1120]	[L1: 0.0304]	3.9+0.0s
[240/1120]	[L1: 0.0305]	3.8+0.0s
[280/1120]	[L1: 0.0302]	3.8+0.0s
[320/1120]	[L1: 0.0303]	4.1+0.0s
[360/1120]	[L1: 0.0301]	4.2+0.0s
[400/1120]	[L1: 0.0302]	3.8+0.0s
[440/1120]	[L1: 0.0305]	4.0+0.0s
[480/1120]	[L1: 0.0303]	3.5+0.0s
[520/1120]	[L1: 0.0305]	3.5+0.0s
[560/1120]	[L1: 0.0304]	3.6+0.0s
[600/1120]	[L1: 0.0304]	3.1+0.0s
[640/1120]	[L1: 0.0306]	2.9+0.0s
[680/1120]	[L1: 0.0308]	3.4+0.0s
[720/1120]	[L1: 0.0308]	3.4+0.0s
[760/1120]	[L1: 0.0307]	3.1+0.0s
[800/1120]	[L1: 0.0311]	3.3+0.0s
[840/1120]	[L1: 0.0313]	2.9+0.0s
[880/1120]	[L1: 0.0313]	3.0+0.0s
[920/1120]	[L1: 0.0313]	2.8+0.0s
[960/1120]	[L1: 0.0312]	2.5+0.0s
[1000/1120]	[L1: 0.0312]	2.4+0.0s
[1040/1120]	[L1: 0.0311]	2.3+0.0s
[1080/1120]	[L1: 0.0310]	2.3+0.0s
[1120/1120]	[L1: 0.0310]	2.7+0.0s

Evaluation:
[RSSCN7 x4]	psnr: 27.729 (Best: 27.729 @epoch 203)
Total time: 7.51s

[Epoch 204]	Learning rate: 1.00e-4
[40/1120]	[L1: 0.0297]	2.7+0.1s
[80/1120]	[L1: 0.0287]	2.7+0.0s
[120/1120]	[L1: 0.0298]	2.7+0.0s
[160/1120]	[L1: 0.0303]	2.4+0.0s
[200/1120]	[L1: 0.0298]	2.5+0.0s
[240/1120]	[L1: 0.0299]	2.4+0.0s
[280/1120]	[L1: 0.0302]	2.5+0.0s
[320/1120]	[L1: 0.0304]	2.8+0.0s
[360/1120]	[L1: 0.0304]	2.8+0.0s
[400/1120]	[L1: 0.0299]	2.8+0.0s
[440/1120]	[L1: 0.0298]	2.5+0.0s
[480/1120]	[L1: 0.0301]	2.4+0.0s
[520/1120]	[L1: 0.0305]	2.4+0.0s
[560/1120]	[L1: 0.0303]	2.3+0.0s
[600/1120]	[L1: 0.0304]	2.4+0.0s
[640/1120]	[L1: 0.0306]	2.4+0.0s
[680/1120]	[L1: 0.0308]	2.4+0.0s
[720/1120]	[L1: 0.0308]	2.6+0.0s
[760/1120]	[L1: 0.0309]	2.5+0.0s
[800/1120]	[L1: 0.0308]	3.6+0.0s
[840/1120]	[L1: 0.0311]	3.8+0.0s
[880/1120]	[L1: 0.0313]	4.0+0.0s
[920/1120]	[L1: 0.0313]	4.0+0.0s
[960/1120]	[L1: 0.0312]	4.0+0.0s
[1000/1120]	[L1: 0.0313]	3.9+0.1s
[1040/1120]	[L1: 0.0311]	3.6+0.0s
[1080/1120]	[L1: 0.0312]	3.8+0.0s
[1120/1120]	[L1: 0.0310]	3.5+0.0s

Evaluation:
[RSSCN7 x4]	psnr: 27.735 (Best: 27.735 @epoch 204)
Total time: 9.17s

[Epoch 205]	Learning rate: 1.00e-4
[40/1120]	[L1: 0.0343]	3.7+0.0s
[80/1120]	[L1: 0.0341]	3.4+0.0s
[120/1120]	[L1: 0.0323]	3.7+0.0s
[160/1120]	[L1: 0.0323]	3.5+0.0s
[200/1120]	[L1: 0.0324]	3.6+0.0s
[240/1120]	[L1: 0.0324]	3.7+0.0s
[280/1120]	[L1: 0.0323]	3.9+0.0s
[320/1120]	[L1: 0.0324]	3.5+0.0s
[360/1120]	[L1: 0.0326]	3.4+0.0s
[400/1120]	[L1: 0.0323]	3.4+0.0s
[440/1120]	[L1: 0.0318]	3.2+0.0s
[480/1120]	[L1: 0.0316]	3.6+0.0s
[520/1120]	[L1: 0.0316]	3.5+0.0s
[560/1120]	[L1: 0.0315]	3.5+0.0s
[600/1120]	[L1: 0.0315]	2.9+0.0s
[640/1120]	[L1: 0.0316]	2.9+0.0s
[680/1120]	[L1: 0.0315]	3.1+0.0s
[720/1120]	[L1: 0.0315]	2.9+0.0s
[760/1120]	[L1: 0.0315]	2.6+0.0s
[800/1120]	[L1: 0.0313]	2.4+0.0s
[840/1120]	[L1: 0.0313]	2.9+0.0s
[880/1120]	[L1: 0.0311]	3.0+0.0s
[920/1120]	[L1: 0.0310]	3.0+0.0s
[960/1120]	[L1: 0.0310]	2.9+0.0s
[1000/1120]	[L1: 0.0311]	2.8+0.0s
[1040/1120]	[L1: 0.0310]	2.9+0.0s
[1080/1120]	[L1: 0.0311]	2.3+0.0s
[1120/1120]	[L1: 0.0310]	2.3+0.0s

Evaluation:
[RSSCN7 x4]	psnr: 27.697 (Best: 27.735 @epoch 204)
Total time: 7.54s

[Epoch 206]	Learning rate: 1.00e-4
[40/1120]	[L1: 0.0316]	3.0+0.0s
[80/1120]	[L1: 0.0309]	2.9+0.0s
[120/1120]	[L1: 0.0323]	2.9+0.0s
[160/1120]	[L1: 0.0321]	2.4+0.0s
[200/1120]	[L1: 0.0329]	2.4+0.0s
[240/1120]	[L1: 0.0324]	3.1+0.0s
[280/1120]	[L1: 0.0320]	2.9+0.0s
[320/1120]	[L1: 0.0323]	2.9+0.0s
[360/1120]	[L1: 0.0321]	2.5+0.0s
[400/1120]	[L1: 0.0317]	2.6+0.0s
[440/1120]	[L1: 0.0317]	3.9+0.0s
[480/1120]	[L1: 0.0321]	3.4+0.1s
[520/1120]	[L1: 0.0323]	4.0+0.0s
[560/1120]	[L1: 0.0323]	3.9+0.1s
[600/1120]	[L1: 0.0323]	4.0+0.1s
[640/1120]	[L1: 0.0322]	4.1+0.0s
[680/1120]	[L1: 0.0322]	3.6+0.0s
[720/1120]	[L1: 0.0320]	3.6+0.0s
[760/1120]	[L1: 0.0318]	3.6+0.0s
[800/1120]	[L1: 0.0316]	3.5+0.0s
[840/1120]	[L1: 0.0315]	3.5+0.0s
[880/1120]	[L1: 0.0316]	3.5+0.0s
[920/1120]	[L1: 0.0315]	3.6+0.0s
[960/1120]	[L1: 0.0315]	3.6+0.0s
[1000/1120]	[L1: 0.0314]	3.9+0.0s
[1040/1120]	[L1: 0.0314]	3.9+0.0s
[1080/1120]	[L1: 0.0313]	3.8+0.0s
[1120/1120]	[L1: 0.0312]	4.0+0.0s

Evaluation:
[RSSCN7 x4]	psnr: 27.729 (Best: 27.735 @epoch 204)
Total time: 9.45s

[Epoch 207]	Learning rate: 1.00e-4
[40/1120]	[L1: 0.0364]	3.9+0.1s
[80/1120]	[L1: 0.0359]	3.5+0.0s
[120/1120]	[L1: 0.0329]	3.9+0.0s
[160/1120]	[L1: 0.0320]	3.7+0.0s
[200/1120]	[L1: 0.0324]	3.3+0.0s
[240/1120]	[L1: 0.0322]	3.2+0.0s
[280/1120]	[L1: 0.0323]	3.0+0.0s
[320/1120]	[L1: 0.0318]	3.0+0.0s
[360/1120]	[L1: 0.0319]	2.4+0.0s
[400/1120]	[L1: 0.0318]	2.5+0.0s
[440/1120]	[L1: 0.0315]	2.3+0.0s
[480/1120]	[L1: 0.0313]	2.4+0.0s
[520/1120]	[L1: 0.0310]	2.4+0.0s
[560/1120]	[L1: 0.0311]	2.5+0.0s
[600/1120]	[L1: 0.0314]	2.4+0.0s
[640/1120]	[L1: 0.0313]	2.4+0.0s
[680/1120]	[L1: 0.0314]	2.3+0.0s
[720/1120]	[L1: 0.0313]	2.5+0.0s
[760/1120]	[L1: 0.0315]	2.3+0.0s
[800/1120]	[L1: 0.0315]	2.5+0.0s
[840/1120]	[L1: 0.0315]	2.3+0.0s
[880/1120]	[L1: 0.0316]	2.5+0.0s
[920/1120]	[L1: 0.0316]	2.4+0.0s
[960/1120]	[L1: 0.0315]	2.4+0.0s
[1000/1120]	[L1: 0.0314]	2.7+0.0s
[1040/1120]	[L1: 0.0312]	2.5+0.0s
[1080/1120]	[L1: 0.0313]	2.5+0.0s
[1120/1120]	[L1: 0.0311]	2.3+0.0s

Evaluation:
[RSSCN7 x4]	psnr: 27.698 (Best: 27.735 @epoch 204)
Total time: 7.47s

[Epoch 208]	Learning rate: 1.00e-4
[40/1120]	[L1: 0.0320]	2.4+0.0s
[80/1120]	[L1: 0.0325]	2.3+0.0s
[120/1120]	[L1: 0.0330]	2.4+0.0s
[160/1120]	[L1: 0.0335]	2.5+0.0s
[200/1120]	[L1: 0.0321]	3.4+0.0s
[240/1120]	[L1: 0.0318]	3.4+0.0s
[280/1120]	[L1: 0.0314]	3.8+0.0s
[320/1120]	[L1: 0.0319]	3.7+0.1s
[360/1120]	[L1: 0.0310]	3.8+0.0s
[400/1120]	[L1: 0.0309]	3.7+0.0s
[440/1120]	[L1: 0.0312]	3.7+0.0s
[480/1120]	[L1: 0.0313]	3.7+0.0s
[520/1120]	[L1: 0.0315]	3.7+0.0s
[560/1120]	[L1: 0.0315]	3.6+0.0s
[600/1120]	[L1: 0.0317]	3.6+0.0s
[640/1120]	[L1: 0.0315]	3.9+0.0s
[680/1120]	[L1: 0.0317]	3.5+0.0s
[720/1120]	[L1: 0.0318]	3.5+0.0s
[760/1120]	[L1: 0.0317]	3.4+0.0s
[800/1120]	[L1: 0.0317]	3.5+0.0s
[840/1120]	[L1: 0.0315]	3.8+0.0s
[880/1120]	[L1: 0.0312]	3.7+0.0s
[920/1120]	[L1: 0.0311]	3.6+0.0s
[960/1120]	[L1: 0.0311]	3.9+0.0s
[1000/1120]	[L1: 0.0312]	3.8+0.0s
[1040/1120]	[L1: 0.0313]	3.6+0.0s
[1080/1120]	[L1: 0.0313]	3.7+0.0s
[1120/1120]	[L1: 0.0311]	3.5+0.0s

Evaluation:
[RSSCN7 x4]	psnr: 27.723 (Best: 27.735 @epoch 204)
Total time: 8.07s

[Epoch 209]	Learning rate: 1.00e-4
[40/1120]	[L1: 0.0291]	2.6+0.0s
[80/1120]	[L1: 0.0308]	2.5+0.0s
[120/1120]	[L1: 0.0315]	2.5+0.0s
[160/1120]	[L1: 0.0314]	2.5+0.0s
[200/1120]	[L1: 0.0317]	2.6+0.0s
[240/1120]	[L1: 0.0315]	2.9+0.0s
[280/1120]	[L1: 0.0321]	2.9+0.0s
[320/1120]	[L1: 0.0322]	3.1+0.0s
[360/1120]	[L1: 0.0318]	2.9+0.0s
[400/1120]	[L1: 0.0316]	2.8+0.0s
[440/1120]	[L1: 0.0311]	2.5+0.0s
[480/1120]	[L1: 0.0309]	2.5+0.0s
[520/1120]	[L1: 0.0307]	2.4+0.0s
[560/1120]	[L1: 0.0308]	2.4+0.0s
[600/1120]	[L1: 0.0310]	2.4+0.0s
[640/1120]	[L1: 0.0310]	2.5+0.0s
[680/1120]	[L1: 0.0308]	2.7+0.0s
[720/1120]	[L1: 0.0308]	2.8+0.0s
[760/1120]	[L1: 0.0309]	2.7+0.0s
[800/1120]	[L1: 0.0308]	2.5+0.0s
[840/1120]	[L1: 0.0309]	2.5+0.0s
[880/1120]	[L1: 0.0308]	2.5+0.0s
[920/1120]	[L1: 0.0309]	2.8+0.0s
[960/1120]	[L1: 0.0310]	2.5+0.0s
[1000/1120]	[L1: 0.0310]	2.4+0.0s
[1040/1120]	[L1: 0.0309]	2.8+0.0s
[1080/1120]	[L1: 0.0311]	2.7+0.0s
[1120/1120]	[L1: 0.0310]	2.5+0.0s

Evaluation:
[RSSCN7 x4]	psnr: 27.707 (Best: 27.735 @epoch 204)
Total time: 8.80s

[Epoch 210]	Learning rate: 1.00e-4
[40/1120]	[L1: 0.0298]	3.8+0.0s
[80/1120]	[L1: 0.0324]	3.6+0.0s
[120/1120]	[L1: 0.0315]	3.5+0.0s
[160/1120]	[L1: 0.0308]	3.5+0.0s
[200/1120]	[L1: 0.0304]	3.8+0.0s
[240/1120]	[L1: 0.0301]	3.9+0.0s
[280/1120]	[L1: 0.0304]	3.8+0.0s
[320/1120]	[L1: 0.0308]	4.1+0.0s
[360/1120]	[L1: 0.0310]	3.6+0.1s
[400/1120]	[L1: 0.0307]	4.0+0.0s
[440/1120]	[L1: 0.0310]	3.8+0.0s
[480/1120]	[L1: 0.0311]	3.9+0.1s
[520/1120]	[L1: 0.0311]	3.8+0.0s
[560/1120]	[L1: 0.0311]	3.9+0.0s
[600/1120]	[L1: 0.0309]	3.9+0.1s
[640/1120]	[L1: 0.0308]	4.1+0.0s
[680/1120]	[L1: 0.0309]	4.1+0.0s
[720/1120]	[L1: 0.0310]	3.8+0.0s
[760/1120]	[L1: 0.0308]	3.9+0.0s
[800/1120]	[L1: 0.0307]	4.2+0.0s
[840/1120]	[L1: 0.0309]	3.6+0.0s
[880/1120]	[L1: 0.0309]	4.1+0.0s
[920/1120]	[L1: 0.0309]	4.1+0.0s
[960/1120]	[L1: 0.0311]	3.3+0.0s
[1000/1120]	[L1: 0.0312]	2.9+0.0s
[1040/1120]	[L1: 0.0312]	2.9+0.0s
[1080/1120]	[L1: 0.0312]	2.4+0.0s
[1120/1120]	[L1: 0.0311]	2.4+0.0s

Evaluation:
[RSSCN7 x4]	psnr: 27.716 (Best: 27.735 @epoch 204)
Total time: 7.54s

[Epoch 211]	Learning rate: 1.00e-4
[40/1120]	[L1: 0.0281]	2.5+0.0s
[80/1120]	[L1: 0.0284]	2.5+0.0s
[120/1120]	[L1: 0.0291]	2.4+0.0s
[160/1120]	[L1: 0.0293]	2.4+0.0s
[200/1120]	[L1: 0.0292]	2.4+0.0s
[240/1120]	[L1: 0.0290]	2.4+0.0s
[280/1120]	[L1: 0.0293]	2.3+0.0s
[320/1120]	[L1: 0.0294]	2.3+0.0s
[360/1120]	[L1: 0.0294]	2.3+0.0s
[400/1120]	[L1: 0.0297]	2.4+0.0s
[440/1120]	[L1: 0.0299]	2.3+0.0s
[480/1120]	[L1: 0.0300]	2.4+0.0s
[520/1120]	[L1: 0.0301]	2.3+0.0s
[560/1120]	[L1: 0.0304]	2.4+0.0s
[600/1120]	[L1: 0.0304]	2.5+0.0s
[640/1120]	[L1: 0.0305]	3.0+0.0s
[680/1120]	[L1: 0.0309]	2.8+0.0s
[720/1120]	[L1: 0.0310]	2.6+0.0s
[760/1120]	[L1: 0.0311]	2.4+0.0s
[800/1120]	[L1: 0.0309]	2.4+0.0s
[840/1120]	[L1: 0.0309]	2.5+0.0s
[880/1120]	[L1: 0.0309]	2.5+0.0s
[920/1120]	[L1: 0.0309]	2.3+0.0s
[960/1120]	[L1: 0.0309]	3.4+0.0s
[1000/1120]	[L1: 0.0310]	4.3+0.1s
[1040/1120]	[L1: 0.0310]	4.9+0.0s
[1080/1120]	[L1: 0.0311]	4.7+0.0s
[1120/1120]	[L1: 0.0311]	4.0+0.0s

Evaluation:
[RSSCN7 x4]	psnr: 27.722 (Best: 27.735 @epoch 204)
Total time: 8.95s

[Epoch 212]	Learning rate: 1.00e-4
[40/1120]	[L1: 0.0342]	3.8+0.0s
[80/1120]	[L1: 0.0335]	4.5+0.0s
[120/1120]	[L1: 0.0337]	4.0+0.0s
[160/1120]	[L1: 0.0327]	3.9+0.0s
[200/1120]	[L1: 0.0317]	3.8+0.0s
[240/1120]	[L1: 0.0310]	4.1+0.1s
[280/1120]	[L1: 0.0310]	3.7+0.0s
[320/1120]	[L1: 0.0313]	3.9+0.0s
[360/1120]	[L1: 0.0312]	3.9+0.1s
[400/1120]	[L1: 0.0309]	3.9+0.0s
[440/1120]	[L1: 0.0312]	3.9+0.0s
[480/1120]	[L1: 0.0315]	3.9+0.0s
[520/1120]	[L1: 0.0317]	3.6+0.0s
[560/1120]	[L1: 0.0315]	3.6+0.0s
[600/1120]	[L1: 0.0312]	3.4+0.0s
[640/1120]	[L1: 0.0313]	3.4+0.0s
[680/1120]	[L1: 0.0312]	3.4+0.0s
[720/1120]	[L1: 0.0314]	3.3+0.0s
[760/1120]	[L1: 0.0313]	2.4+0.0s
[800/1120]	[L1: 0.0313]	2.4+0.0s
[840/1120]	[L1: 0.0313]	2.4+0.0s
[880/1120]	[L1: 0.0314]	2.5+0.0s
[920/1120]	[L1: 0.0312]	2.4+0.0s
[960/1120]	[L1: 0.0311]	2.6+0.0s
[1000/1120]	[L1: 0.0310]	2.7+0.0s
[1040/1120]	[L1: 0.0311]	2.5+0.0s
[1080/1120]	[L1: 0.0311]	2.9+0.0s
[1120/1120]	[L1: 0.0311]	2.7+0.0s

Evaluation:
[RSSCN7 x4]	psnr: 27.742 (Best: 27.742 @epoch 212)
Total time: 7.40s

[Epoch 213]	Learning rate: 1.00e-4
[40/1120]	[L1: 0.0309]	2.6+0.0s
[80/1120]	[L1: 0.0304]	2.4+0.0s
[120/1120]	[L1: 0.0310]	2.4+0.0s
[160/1120]	[L1: 0.0305]	2.5+0.0s
[200/1120]	[L1: 0.0316]	2.4+0.0s
[240/1120]	[L1: 0.0319]	2.5+0.0s
[280/1120]	[L1: 0.0312]	2.4+0.0s
[320/1120]	[L1: 0.0313]	2.4+0.0s
[360/1120]	[L1: 0.0317]	2.4+0.0s
[400/1120]	[L1: 0.0316]	2.5+0.0s
[440/1120]	[L1: 0.0317]	2.4+0.0s
[480/1120]	[L1: 0.0314]	2.4+0.0s
[520/1120]	[L1: 0.0309]	2.3+0.0s
[560/1120]	[L1: 0.0311]	2.4+0.0s
[600/1120]	[L1: 0.0310]	2.4+0.0s
[640/1120]	[L1: 0.0309]	2.5+0.0s
[680/1120]	[L1: 0.0309]	2.4+0.0s
[720/1120]	[L1: 0.0308]	3.0+0.0s
[760/1120]	[L1: 0.0308]	3.8+0.0s
[800/1120]	[L1: 0.0310]	3.5+0.0s
[840/1120]	[L1: 0.0309]	3.5+0.0s
[880/1120]	[L1: 0.0308]	3.9+0.0s
[920/1120]	[L1: 0.0308]	3.8+0.0s
[960/1120]	[L1: 0.0308]	3.9+0.0s
[1000/1120]	[L1: 0.0309]	3.9+0.0s
[1040/1120]	[L1: 0.0309]	3.8+0.0s
[1080/1120]	[L1: 0.0311]	3.9+0.0s
[1120/1120]	[L1: 0.0310]	3.6+0.0s

Evaluation:
[RSSCN7 x4]	psnr: 27.724 (Best: 27.742 @epoch 212)
Total time: 9.02s

[Epoch 214]	Learning rate: 1.00e-4
[40/1120]	[L1: 0.0359]	3.5+0.0s
[80/1120]	[L1: 0.0348]	3.5+0.0s
[120/1120]	[L1: 0.0336]	3.8+0.0s
[160/1120]	[L1: 0.0332]	3.4+0.0s
[200/1120]	[L1: 0.0328]	3.4+0.0s
[240/1120]	[L1: 0.0327]	4.2+0.0s
[280/1120]	[L1: 0.0324]	3.7+0.0s
[320/1120]	[L1: 0.0316]	3.6+0.0s
[360/1120]	[L1: 0.0314]	3.4+0.0s
[400/1120]	[L1: 0.0318]	3.5+0.0s
[440/1120]	[L1: 0.0319]	3.8+0.0s
[480/1120]	[L1: 0.0318]	3.5+0.0s
[520/1120]	[L1: 0.0320]	2.9+0.0s
[560/1120]	[L1: 0.0315]	3.0+0.0s
[600/1120]	[L1: 0.0315]	2.9+0.0s
[640/1120]	[L1: 0.0317]	2.9+0.0s
[680/1120]	[L1: 0.0316]	2.7+0.0s
[720/1120]	[L1: 0.0314]	2.3+0.0s
[760/1120]	[L1: 0.0313]	2.3+0.0s
[800/1120]	[L1: 0.0311]	2.5+0.0s
[840/1120]	[L1: 0.0311]	2.3+0.0s
[880/1120]	[L1: 0.0311]	2.4+0.0s
[920/1120]	[L1: 0.0313]	2.5+0.0s
[960/1120]	[L1: 0.0312]	2.4+0.0s
[1000/1120]	[L1: 0.0310]	2.5+0.0s
[1040/1120]	[L1: 0.0310]	2.9+0.0s
[1080/1120]	[L1: 0.0311]	2.4+0.0s
[1120/1120]	[L1: 0.0310]	2.3+0.0s

Evaluation:
[RSSCN7 x4]	psnr: 27.721 (Best: 27.742 @epoch 212)
Total time: 7.53s

[Epoch 215]	Learning rate: 1.00e-4
[40/1120]	[L1: 0.0335]	2.5+0.1s
[80/1120]	[L1: 0.0328]	2.4+0.0s
[120/1120]	[L1: 0.0323]	2.4+0.0s
[160/1120]	[L1: 0.0321]	2.4+0.0s
[200/1120]	[L1: 0.0314]	2.5+0.0s
[240/1120]	[L1: 0.0318]	2.6+0.0s
[280/1120]	[L1: 0.0321]	2.4+0.0s
[320/1120]	[L1: 0.0322]	2.4+0.0s
[360/1120]	[L1: 0.0322]	2.4+0.0s
[400/1120]	[L1: 0.0322]	2.4+0.0s
[440/1120]	[L1: 0.0316]	2.8+0.0s
[480/1120]	[L1: 0.0309]	3.1+0.0s
[520/1120]	[L1: 0.0308]	3.5+0.0s
[560/1120]	[L1: 0.0308]	4.0+0.0s
[600/1120]	[L1: 0.0309]	3.9+0.0s
[640/1120]	[L1: 0.0306]	4.5+0.0s
[680/1120]	[L1: 0.0306]	4.6+0.0s
[720/1120]	[L1: 0.0305]	4.6+0.0s
[760/1120]	[L1: 0.0309]	3.8+0.0s
[800/1120]	[L1: 0.0310]	4.0+0.0s
[840/1120]	[L1: 0.0311]	4.1+0.0s
[880/1120]	[L1: 0.0308]	3.9+0.0s
[920/1120]	[L1: 0.0310]	4.1+0.0s
[960/1120]	[L1: 0.0310]	4.2+0.0s
[1000/1120]	[L1: 0.0311]	4.2+0.0s
[1040/1120]	[L1: 0.0311]	3.8+0.0s
[1080/1120]	[L1: 0.0310]	4.1+0.0s
[1120/1120]	[L1: 0.0311]	3.4+0.0s

Evaluation:
[RSSCN7 x4]	psnr: 27.728 (Best: 27.742 @epoch 212)
Total time: 10.99s

[Epoch 216]	Learning rate: 1.00e-4
[40/1120]	[L1: 0.0325]	5.5+0.1s
[80/1120]	[L1: 0.0308]	4.4+0.1s
[120/1120]	[L1: 0.0309]	3.9+0.0s
[160/1120]	[L1: 0.0318]	4.2+0.0s
[200/1120]	[L1: 0.0319]	4.4+0.0s
[240/1120]	[L1: 0.0318]	4.5+0.1s
[280/1120]	[L1: 0.0318]	4.3+0.0s
[320/1120]	[L1: 0.0316]	2.8+0.0s
[360/1120]	[L1: 0.0317]	2.4+0.0s
[400/1120]	[L1: 0.0315]	2.5+0.0s
[440/1120]	[L1: 0.0315]	2.4+0.0s
[480/1120]	[L1: 0.0311]	2.4+0.0s
[520/1120]	[L1: 0.0310]	2.4+0.0s
[560/1120]	[L1: 0.0312]	2.3+0.0s
[600/1120]	[L1: 0.0312]	2.3+0.0s
[640/1120]	[L1: 0.0312]	2.5+0.0s
[680/1120]	[L1: 0.0312]	2.3+0.0s
[720/1120]	[L1: 0.0311]	2.3+0.0s
[760/1120]	[L1: 0.0308]	2.5+0.0s
[800/1120]	[L1: 0.0307]	2.3+0.0s
[840/1120]	[L1: 0.0308]	2.3+0.0s
[880/1120]	[L1: 0.0308]	2.5+0.0s
[920/1120]	[L1: 0.0309]	2.3+0.0s
[960/1120]	[L1: 0.0308]	2.3+0.0s
[1000/1120]	[L1: 0.0310]	2.4+0.0s
[1040/1120]	[L1: 0.0311]	2.3+0.0s
[1080/1120]	[L1: 0.0310]	2.3+0.0s
[1120/1120]	[L1: 0.0310]	2.4+0.0s

Evaluation:
[RSSCN7 x4]	psnr: 27.734 (Best: 27.742 @epoch 212)
Total time: 7.47s

[Epoch 217]	Learning rate: 1.00e-4
[40/1120]	[L1: 0.0301]	2.4+0.0s
[80/1120]	[L1: 0.0331]	2.3+0.0s
[120/1120]	[L1: 0.0323]	2.3+0.0s
[160/1120]	[L1: 0.0325]	2.4+0.0s
[200/1120]	[L1: 0.0322]	2.3+0.0s
[240/1120]	[L1: 0.0318]	2.4+0.0s
[280/1120]	[L1: 0.0319]	2.3+0.0s
[320/1120]	[L1: 0.0316]	2.8+0.0s
[360/1120]	[L1: 0.0315]	3.0+0.0s
[400/1120]	[L1: 0.0315]	2.9+0.0s
[440/1120]	[L1: 0.0315]	3.3+0.0s
[480/1120]	[L1: 0.0314]	2.8+0.0s
[520/1120]	[L1: 0.0315]	3.0+0.0s
[560/1120]	[L1: 0.0315]	3.3+0.0s
[600/1120]	[L1: 0.0314]	3.1+0.0s
[640/1120]	[L1: 0.0312]	3.2+0.0s
[680/1120]	[L1: 0.0310]	3.1+0.0s
[720/1120]	[L1: 0.0308]	3.8+0.0s
[760/1120]	[L1: 0.0308]	3.9+0.0s
[800/1120]	[L1: 0.0309]	3.0+0.0s
[840/1120]	[L1: 0.0310]	4.1+0.0s
[880/1120]	[L1: 0.0310]	4.1+0.0s
[920/1120]	[L1: 0.0311]	3.9+0.0s
[960/1120]	[L1: 0.0310]	3.6+0.0s
[1000/1120]	[L1: 0.0309]	3.8+0.0s
[1040/1120]	[L1: 0.0309]	4.3+0.0s
[1080/1120]	[L1: 0.0311]	3.4+0.0s
[1120/1120]	[L1: 0.0310]	3.5+0.0s

Evaluation:
[RSSCN7 x4]	psnr: 27.721 (Best: 27.742 @epoch 212)
Total time: 9.80s

[Epoch 218]	Learning rate: 1.00e-4
[40/1120]	[L1: 0.0301]	3.0+0.1s
[80/1120]	[L1: 0.0303]	3.1+0.0s
[120/1120]	[L1: 0.0287]	3.3+0.0s
[160/1120]	[L1: 0.0292]	3.4+0.0s
[200/1120]	[L1: 0.0298]	3.5+0.0s
[240/1120]	[L1: 0.0298]	3.2+0.0s
[280/1120]	[L1: 0.0303]	2.7+0.0s
[320/1120]	[L1: 0.0308]	2.4+0.0s
[360/1120]	[L1: 0.0305]	2.5+0.0s
[400/1120]	[L1: 0.0306]	2.3+0.0s
[440/1120]	[L1: 0.0304]	2.4+0.0s
[480/1120]	[L1: 0.0305]	2.3+0.0s
[520/1120]	[L1: 0.0309]	2.3+0.0s
[560/1120]	[L1: 0.0311]	2.4+0.0s
[600/1120]	[L1: 0.0312]	2.3+0.0s
[640/1120]	[L1: 0.0312]	2.3+0.0s
[680/1120]	[L1: 0.0310]	2.4+0.0s
[720/1120]	[L1: 0.0309]	2.3+0.0s
[760/1120]	[L1: 0.0311]	2.3+0.0s
[800/1120]	[L1: 0.0312]	2.7+0.0s
[840/1120]	[L1: 0.0310]	2.3+0.0s
[880/1120]	[L1: 0.0309]	2.3+0.0s
[920/1120]	[L1: 0.0310]	2.4+0.0s
[960/1120]	[L1: 0.0312]	2.4+0.0s
[1000/1120]	[L1: 0.0312]	2.3+0.0s
[1040/1120]	[L1: 0.0312]	2.4+0.0s
[1080/1120]	[L1: 0.0313]	2.3+0.0s
[1120/1120]	[L1: 0.0310]	2.3+0.0s

Evaluation:
[RSSCN7 x4]	psnr: 27.736 (Best: 27.742 @epoch 212)
Total time: 7.51s

[Epoch 219]	Learning rate: 1.00e-4
[40/1120]	[L1: 0.0281]	2.3+0.0s
[80/1120]	[L1: 0.0298]	2.3+0.0s
[120/1120]	[L1: 0.0304]	2.4+0.0s
[160/1120]	[L1: 0.0297]	2.3+0.0s
[200/1120]	[L1: 0.0305]	2.4+0.0s
[240/1120]	[L1: 0.0304]	3.0+0.0s
[280/1120]	[L1: 0.0309]	3.1+0.0s
[320/1120]	[L1: 0.0306]	3.0+0.0s
[360/1120]	[L1: 0.0306]	2.9+0.0s
[400/1120]	[L1: 0.0306]	3.2+0.0s
[440/1120]	[L1: 0.0303]	3.6+0.0s
[480/1120]	[L1: 0.0305]	3.8+0.0s
[520/1120]	[L1: 0.0304]	3.6+0.0s
[560/1120]	[L1: 0.0307]	3.7+0.0s
[600/1120]	[L1: 0.0305]	3.8+0.0s
[640/1120]	[L1: 0.0306]	4.0+0.0s
[680/1120]	[L1: 0.0305]	3.5+0.0s
[720/1120]	[L1: 0.0305]	3.6+0.0s
[760/1120]	[L1: 0.0305]	3.5+0.0s
[800/1120]	[L1: 0.0308]	3.4+0.0s
[840/1120]	[L1: 0.0307]	3.5+0.0s
[880/1120]	[L1: 0.0308]	2.9+0.0s
[920/1120]	[L1: 0.0307]	2.7+0.1s
[960/1120]	[L1: 0.0307]	3.0+0.0s
[1000/1120]	[L1: 0.0307]	3.0+0.0s
[1040/1120]	[L1: 0.0309]	2.9+0.0s
[1080/1120]	[L1: 0.0309]	3.2+0.0s
[1120/1120]	[L1: 0.0310]	3.3+0.0s

Evaluation:
[RSSCN7 x4]	psnr: 27.729 (Best: 27.742 @epoch 212)
Total time: 8.40s

[Epoch 220]	Learning rate: 1.00e-4
[40/1120]	[L1: 0.0272]	2.8+0.0s
[80/1120]	[L1: 0.0272]	2.8+0.0s
[120/1120]	[L1: 0.0280]	2.8+0.0s
[160/1120]	[L1: 0.0285]	2.3+0.0s
[200/1120]	[L1: 0.0287]	2.3+0.0s
[240/1120]	[L1: 0.0293]	2.4+0.0s
[280/1120]	[L1: 0.0291]	2.4+0.0s
[320/1120]	[L1: 0.0295]	2.4+0.0s
[360/1120]	[L1: 0.0296]	2.3+0.0s
[400/1120]	[L1: 0.0299]	2.3+0.0s
[440/1120]	[L1: 0.0298]	2.3+0.0s
[480/1120]	[L1: 0.0296]	2.4+0.0s
[520/1120]	[L1: 0.0298]	2.4+0.0s
[560/1120]	[L1: 0.0298]	2.3+0.0s
[600/1120]	[L1: 0.0301]	2.3+0.0s
[640/1120]	[L1: 0.0301]	2.3+0.0s
[680/1120]	[L1: 0.0302]	2.4+0.0s
[720/1120]	[L1: 0.0303]	2.3+0.0s
[760/1120]	[L1: 0.0303]	2.3+0.0s
[800/1120]	[L1: 0.0302]	2.3+0.0s
[840/1120]	[L1: 0.0305]	2.3+0.0s
[880/1120]	[L1: 0.0304]	2.4+0.0s
[920/1120]	[L1: 0.0303]	2.3+0.0s
[960/1120]	[L1: 0.0306]	2.3+0.0s
[1000/1120]	[L1: 0.0307]	2.3+0.0s
[1040/1120]	[L1: 0.0308]	2.4+0.0s
[1080/1120]	[L1: 0.0308]	2.3+0.0s
[1120/1120]	[L1: 0.0309]	2.3+0.0s

Evaluation:
[RSSCN7 x4]	psnr: 27.718 (Best: 27.742 @epoch 212)
Total time: 7.47s

[Epoch 221]	Learning rate: 1.00e-4
[40/1120]	[L1: 0.0337]	2.5+0.0s
[80/1120]	[L1: 0.0316]	2.3+0.0s
[120/1120]	[L1: 0.0332]	2.3+0.0s
[160/1120]	[L1: 0.0328]	2.3+0.0s
[200/1120]	[L1: 0.0333]	3.1+0.0s
[240/1120]	[L1: 0.0328]	3.2+0.0s
[280/1120]	[L1: 0.0327]	3.4+0.0s
[320/1120]	[L1: 0.0326]	3.5+0.0s
[360/1120]	[L1: 0.0326]	3.5+0.0s
[400/1120]	[L1: 0.0327]	3.5+0.0s
[440/1120]	[L1: 0.0327]	3.5+0.0s
[480/1120]	[L1: 0.0326]	3.5+0.0s
[520/1120]	[L1: 0.0324]	4.0+0.0s
[560/1120]	[L1: 0.0322]	3.7+0.0s
[600/1120]	[L1: 0.0325]	3.6+0.0s
[640/1120]	[L1: 0.0321]	4.1+0.0s
[680/1120]	[L1: 0.0319]	3.8+0.0s
[720/1120]	[L1: 0.0318]	3.7+0.0s
[760/1120]	[L1: 0.0317]	3.5+0.0s
[800/1120]	[L1: 0.0315]	3.5+0.0s
[840/1120]	[L1: 0.0314]	3.0+0.0s
[880/1120]	[L1: 0.0314]	3.2+0.0s
[920/1120]	[L1: 0.0314]	2.9+0.0s
[960/1120]	[L1: 0.0312]	2.8+0.1s
[1000/1120]	[L1: 0.0313]	2.8+0.0s
[1040/1120]	[L1: 0.0312]	2.9+0.0s
[1080/1120]	[L1: 0.0311]	2.8+0.0s
[1120/1120]	[L1: 0.0311]	3.1+0.0s

Evaluation:
[RSSCN7 x4]	psnr: 27.717 (Best: 27.742 @epoch 212)
Total time: 7.93s

[Epoch 222]	Learning rate: 1.00e-4
[40/1120]	[L1: 0.0309]	3.0+0.0s
[80/1120]	[L1: 0.0299]	3.8+0.0s
[120/1120]	[L1: 0.0299]	2.6+0.0s
[160/1120]	[L1: 0.0296]	2.4+0.0s
[200/1120]	[L1: 0.0291]	2.4+0.0s
[240/1120]	[L1: 0.0285]	2.4+0.0s
[280/1120]	[L1: 0.0285]	2.5+0.0s
[320/1120]	[L1: 0.0289]	2.9+0.0s
[360/1120]	[L1: 0.0294]	2.8+0.0s
[400/1120]	[L1: 0.0296]	2.8+0.0s
[440/1120]	[L1: 0.0298]	2.3+0.0s
[480/1120]	[L1: 0.0300]	2.5+0.0s
[520/1120]	[L1: 0.0302]	2.3+0.0s
[560/1120]	[L1: 0.0303]	2.4+0.0s
[600/1120]	[L1: 0.0303]	2.3+0.0s
[640/1120]	[L1: 0.0302]	2.4+0.0s
[680/1120]	[L1: 0.0305]	2.3+0.0s
[720/1120]	[L1: 0.0307]	2.4+0.0s
[760/1120]	[L1: 0.0307]	2.3+0.0s
[800/1120]	[L1: 0.0306]	2.5+0.0s
[840/1120]	[L1: 0.0306]	2.3+0.0s
[880/1120]	[L1: 0.0306]	2.3+0.0s
[920/1120]	[L1: 0.0305]	2.5+0.0s
[960/1120]	[L1: 0.0305]	2.4+0.0s
[1000/1120]	[L1: 0.0306]	2.4+0.0s
[1040/1120]	[L1: 0.0307]	2.4+0.0s
[1080/1120]	[L1: 0.0308]	2.4+0.0s
[1120/1120]	[L1: 0.0309]	2.3+0.0s

Evaluation:
[RSSCN7 x4]	psnr: 27.727 (Best: 27.742 @epoch 212)
Total time: 7.48s

[Epoch 223]	Learning rate: 1.00e-4
[40/1120]	[L1: 0.0359]	2.4+0.1s
[80/1120]	[L1: 0.0337]	3.0+0.0s
[120/1120]	[L1: 0.0327]	3.3+0.0s
[160/1120]	[L1: 0.0319]	3.0+0.0s
[200/1120]	[L1: 0.0313]	3.4+0.0s
[240/1120]	[L1: 0.0312]	3.0+0.0s
[280/1120]	[L1: 0.0309]	3.1+0.0s
[320/1120]	[L1: 0.0310]	3.1+0.0s
[360/1120]	[L1: 0.0311]	3.0+0.1s
[400/1120]	[L1: 0.0310]	3.0+0.0s
[440/1120]	[L1: 0.0308]	3.4+0.0s
[480/1120]	[L1: 0.0307]	3.2+0.0s
[520/1120]	[L1: 0.0306]	3.2+0.0s
[560/1120]	[L1: 0.0307]	3.2+0.0s
[600/1120]	[L1: 0.0306]	3.1+0.0s
[640/1120]	[L1: 0.0307]	2.6+0.0s
[680/1120]	[L1: 0.0308]	2.8+0.0s
[720/1120]	[L1: 0.0307]	3.0+0.0s
[760/1120]	[L1: 0.0306]	2.7+0.0s
[800/1120]	[L1: 0.0306]	2.8+0.0s
[840/1120]	[L1: 0.0306]	3.3+0.0s
[880/1120]	[L1: 0.0307]	3.1+0.0s
[920/1120]	[L1: 0.0306]	2.9+0.0s
[960/1120]	[L1: 0.0307]	2.8+0.0s
[1000/1120]	[L1: 0.0310]	2.9+0.0s
[1040/1120]	[L1: 0.0310]	2.9+0.0s
[1080/1120]	[L1: 0.0311]	3.0+0.0s
[1120/1120]	[L1: 0.0310]	2.9+0.0s

Evaluation:
[RSSCN7 x4]	psnr: 27.720 (Best: 27.742 @epoch 212)
Total time: 7.98s

[Epoch 224]	Learning rate: 1.00e-4
[40/1120]	[L1: 0.0298]	2.8+0.0s
[80/1120]	[L1: 0.0300]	2.5+0.0s
[120/1120]	[L1: 0.0310]	2.3+0.0s
[160/1120]	[L1: 0.0306]	2.4+0.0s
[200/1120]	[L1: 0.0304]	2.3+0.0s
[240/1120]	[L1: 0.0304]	2.3+0.0s
[280/1120]	[L1: 0.0303]	2.3+0.0s
[320/1120]	[L1: 0.0305]	2.3+0.0s
[360/1120]	[L1: 0.0304]	2.5+0.0s
[400/1120]	[L1: 0.0307]	2.4+0.0s
[440/1120]	[L1: 0.0306]	2.4+0.0s
[480/1120]	[L1: 0.0307]	2.4+0.0s
[520/1120]	[L1: 0.0308]	2.8+0.0s
[560/1120]	[L1: 0.0308]	2.5+0.0s
[600/1120]	[L1: 0.0309]	2.4+0.0s
[640/1120]	[L1: 0.0309]	2.3+0.0s
[680/1120]	[L1: 0.0311]	2.4+0.0s
[720/1120]	[L1: 0.0311]	2.3+0.0s
[760/1120]	[L1: 0.0311]	2.3+0.0s
[800/1120]	[L1: 0.0310]	2.4+0.0s
[840/1120]	[L1: 0.0311]	2.3+0.0s
[880/1120]	[L1: 0.0312]	2.3+0.0s
[920/1120]	[L1: 0.0311]	2.3+0.0s
[960/1120]	[L1: 0.0310]	2.3+0.0s
[1000/1120]	[L1: 0.0311]	2.3+0.0s
[1040/1120]	[L1: 0.0311]	2.4+0.0s
[1080/1120]	[L1: 0.0311]	2.3+0.0s
[1120/1120]	[L1: 0.0310]	2.3+0.0s

Evaluation:
[RSSCN7 x4]	psnr: 27.697 (Best: 27.742 @epoch 212)
Total time: 7.45s

[Epoch 225]	Learning rate: 1.00e-4
[40/1120]	[L1: 0.0275]	2.5+0.0s
[80/1120]	[L1: 0.0292]	2.7+0.0s
[120/1120]	[L1: 0.0297]	2.8+0.0s
[160/1120]	[L1: 0.0318]	3.6+0.0s
[200/1120]	[L1: 0.0320]	3.5+0.0s
[240/1120]	[L1: 0.0324]	3.6+0.1s
[280/1120]	[L1: 0.0321]	3.5+0.0s
[320/1120]	[L1: 0.0320]	3.0+0.0s
[360/1120]	[L1: 0.0320]	2.7+0.0s
[400/1120]	[L1: 0.0318]	2.8+0.1s
[440/1120]	[L1: 0.0316]	3.3+0.0s
[480/1120]	[L1: 0.0317]	3.5+0.1s
[520/1120]	[L1: 0.0313]	3.0+0.0s
[560/1120]	[L1: 0.0310]	3.3+0.0s
[600/1120]	[L1: 0.0309]	3.2+0.0s
[640/1120]	[L1: 0.0310]	2.9+0.0s
[680/1120]	[L1: 0.0306]	2.9+0.0s
[720/1120]	[L1: 0.0306]	2.7+0.0s
[760/1120]	[L1: 0.0309]	2.8+0.0s
[800/1120]	[L1: 0.0309]	2.8+0.0s
[840/1120]	[L1: 0.0307]	2.9+0.0s
[880/1120]	[L1: 0.0309]	3.1+0.0s
[920/1120]	[L1: 0.0308]	2.9+0.0s
[960/1120]	[L1: 0.0308]	2.7+0.0s
[1000/1120]	[L1: 0.0310]	2.7+0.0s
[1040/1120]	[L1: 0.0310]	2.8+0.0s
[1080/1120]	[L1: 0.0310]	2.6+0.0s
[1120/1120]	[L1: 0.0309]	2.6+0.0s

Evaluation:
[RSSCN7 x4]	psnr: 27.730 (Best: 27.742 @epoch 212)
Total time: 7.86s

[Epoch 226]	Learning rate: 1.00e-4
[40/1120]	[L1: 0.0345]	3.0+0.1s
[80/1120]	[L1: 0.0339]	2.7+0.0s
[120/1120]	[L1: 0.0338]	2.4+0.0s
[160/1120]	[L1: 0.0329]	2.6+0.0s
[200/1120]	[L1: 0.0311]	2.4+0.0s
[240/1120]	[L1: 0.0308]	2.5+0.0s
[280/1120]	[L1: 0.0310]	2.4+0.0s
[320/1120]	[L1: 0.0312]	2.3+0.0s
[360/1120]	[L1: 0.0308]	2.3+0.0s
[400/1120]	[L1: 0.0306]	2.3+0.0s
[440/1120]	[L1: 0.0306]	2.3+0.0s
[480/1120]	[L1: 0.0310]	2.4+0.0s
[520/1120]	[L1: 0.0308]	2.3+0.0s
[560/1120]	[L1: 0.0311]	2.3+0.0s
[600/1120]	[L1: 0.0311]	2.3+0.0s
[640/1120]	[L1: 0.0311]	2.7+0.0s
[680/1120]	[L1: 0.0312]	2.7+0.0s
[720/1120]	[L1: 0.0313]	2.6+0.0s
[760/1120]	[L1: 0.0312]	2.6+0.0s
[800/1120]	[L1: 0.0311]	2.3+0.0s
[840/1120]	[L1: 0.0312]	2.3+0.0s
[880/1120]	[L1: 0.0314]	2.3+0.0s
[920/1120]	[L1: 0.0314]	2.4+0.0s
[960/1120]	[L1: 0.0311]	2.3+0.0s
[1000/1120]	[L1: 0.0311]	2.3+0.0s
[1040/1120]	[L1: 0.0311]	2.3+0.0s
[1080/1120]	[L1: 0.0311]	2.7+0.0s
[1120/1120]	[L1: 0.0310]	2.6+0.0s

Evaluation:
[RSSCN7 x4]	psnr: 27.740 (Best: 27.742 @epoch 212)
Total time: 7.41s

[Epoch 227]	Learning rate: 1.00e-4
[40/1120]	[L1: 0.0314]	2.4+0.0s
[80/1120]	[L1: 0.0306]	2.9+0.0s
[120/1120]	[L1: 0.0311]	3.1+0.0s
[160/1120]	[L1: 0.0315]	2.8+0.0s
[200/1120]	[L1: 0.0309]	3.5+0.0s
[240/1120]	[L1: 0.0307]	3.2+0.1s
[280/1120]	[L1: 0.0316]	2.9+0.0s
[320/1120]	[L1: 0.0312]	2.9+0.0s
[360/1120]	[L1: 0.0308]	2.9+0.1s
[400/1120]	[L1: 0.0310]	3.4+0.0s
[440/1120]	[L1: 0.0310]	3.5+0.0s
[480/1120]	[L1: 0.0310]	3.0+0.0s
[520/1120]	[L1: 0.0312]	3.1+0.0s
[560/1120]	[L1: 0.0312]	3.8+0.0s
[600/1120]	[L1: 0.0311]	3.4+0.0s
[640/1120]	[L1: 0.0311]	3.0+0.0s
[680/1120]	[L1: 0.0312]	2.8+0.0s
[720/1120]	[L1: 0.0314]	2.6+0.0s
[760/1120]	[L1: 0.0313]	2.9+0.0s
[800/1120]	[L1: 0.0314]	2.9+0.0s
[840/1120]	[L1: 0.0314]	2.9+0.0s
[880/1120]	[L1: 0.0313]	2.6+0.0s
[920/1120]	[L1: 0.0312]	3.0+0.0s
[960/1120]	[L1: 0.0310]	3.2+0.0s
[1000/1120]	[L1: 0.0312]	3.3+0.0s
[1040/1120]	[L1: 0.0311]	2.9+0.0s
[1080/1120]	[L1: 0.0311]	2.6+0.0s
[1120/1120]	[L1: 0.0309]	2.7+0.0s

Evaluation:
[RSSCN7 x4]	psnr: 27.688 (Best: 27.742 @epoch 212)
Total time: 8.99s

[Epoch 228]	Learning rate: 1.00e-4
[40/1120]	[L1: 0.0287]	2.7+0.0s
[80/1120]	[L1: 0.0297]	2.4+0.0s
[120/1120]	[L1: 0.0300]	2.4+0.0s
[160/1120]	[L1: 0.0297]	2.4+0.0s
[200/1120]	[L1: 0.0302]	2.5+0.0s
[240/1120]	[L1: 0.0303]	2.3+0.0s
[280/1120]	[L1: 0.0307]	2.4+0.0s
[320/1120]	[L1: 0.0306]	2.3+0.0s
[360/1120]	[L1: 0.0307]	2.3+0.0s
[400/1120]	[L1: 0.0307]	2.5+0.0s
[440/1120]	[L1: 0.0313]	2.4+0.0s
[480/1120]	[L1: 0.0312]	2.3+0.0s
[520/1120]	[L1: 0.0314]	2.3+0.0s
[560/1120]	[L1: 0.0311]	2.4+0.0s
[600/1120]	[L1: 0.0311]	2.4+0.0s
[640/1120]	[L1: 0.0313]	2.5+0.0s
[680/1120]	[L1: 0.0311]	2.3+0.0s
[720/1120]	[L1: 0.0311]	2.3+0.0s
[760/1120]	[L1: 0.0311]	2.7+0.0s
[800/1120]	[L1: 0.0311]	2.3+0.0s
[840/1120]	[L1: 0.0310]	2.4+0.0s
[880/1120]	[L1: 0.0311]	2.3+0.0s
[920/1120]	[L1: 0.0313]	2.3+0.0s
[960/1120]	[L1: 0.0311]	2.3+0.0s
[1000/1120]	[L1: 0.0312]	2.3+0.0s
[1040/1120]	[L1: 0.0312]	2.3+0.0s
[1080/1120]	[L1: 0.0310]	2.4+0.0s
[1120/1120]	[L1: 0.0309]	2.3+0.0s

Evaluation:
[RSSCN7 x4]	psnr: 27.722 (Best: 27.742 @epoch 212)
Total time: 7.49s

[Epoch 229]	Learning rate: 1.00e-4
[40/1120]	[L1: 0.0317]	3.0+0.0s
[80/1120]	[L1: 0.0328]	3.0+0.0s
[120/1120]	[L1: 0.0338]	2.9+0.1s
[160/1120]	[L1: 0.0330]	2.8+0.1s
[200/1120]	[L1: 0.0319]	3.1+0.0s
[240/1120]	[L1: 0.0316]	2.9+0.0s
[280/1120]	[L1: 0.0313]	2.9+0.0s
[320/1120]	[L1: 0.0313]	2.9+0.0s
[360/1120]	[L1: 0.0309]	2.9+0.0s
[400/1120]	[L1: 0.0311]	3.0+0.0s
[440/1120]	[L1: 0.0310]	2.8+0.0s
[480/1120]	[L1: 0.0308]	2.8+0.0s
[520/1120]	[L1: 0.0311]	2.8+0.0s
[560/1120]	[L1: 0.0312]	2.7+0.0s
[600/1120]	[L1: 0.0315]	2.7+0.0s
[640/1120]	[L1: 0.0315]	2.9+0.0s
[680/1120]	[L1: 0.0317]	3.4+0.0s
[720/1120]	[L1: 0.0316]	3.6+0.0s
[760/1120]	[L1: 0.0314]	4.1+0.1s
[800/1120]	[L1: 0.0313]	4.2+0.0s
[840/1120]	[L1: 0.0314]	3.8+0.0s
[880/1120]	[L1: 0.0313]	3.8+0.0s
[920/1120]	[L1: 0.0315]	3.6+0.0s
[960/1120]	[L1: 0.0314]	4.0+0.0s
[1000/1120]	[L1: 0.0312]	4.0+0.0s
[1040/1120]	[L1: 0.0313]	3.4+0.0s
[1080/1120]	[L1: 0.0312]	3.6+0.0s
[1120/1120]	[L1: 0.0311]	3.1+0.0s

Evaluation:
[RSSCN7 x4]	psnr: 27.742 (Best: 27.742 @epoch 229)
Total time: 7.75s

[Epoch 230]	Learning rate: 1.00e-4
[40/1120]	[L1: 0.0243]	2.6+0.1s
[80/1120]	[L1: 0.0287]	2.4+0.0s
[120/1120]	[L1: 0.0289]	2.4+0.0s
[160/1120]	[L1: 0.0280]	2.3+0.0s
[200/1120]	[L1: 0.0293]	2.3+0.0s
[240/1120]	[L1: 0.0292]	2.3+0.0s
[280/1120]	[L1: 0.0299]	2.3+0.0s
[320/1120]	[L1: 0.0295]	2.3+0.0s
[360/1120]	[L1: 0.0296]	2.3+0.0s
[400/1120]	[L1: 0.0301]	2.3+0.0s
[440/1120]	[L1: 0.0305]	2.3+0.0s
[480/1120]	[L1: 0.0305]	2.3+0.0s
[520/1120]	[L1: 0.0306]	2.3+0.0s
[560/1120]	[L1: 0.0305]	2.4+0.0s
[600/1120]	[L1: 0.0303]	2.3+0.0s
[640/1120]	[L1: 0.0303]	2.3+0.0s
[680/1120]	[L1: 0.0303]	2.3+0.0s
[720/1120]	[L1: 0.0304]	2.3+0.0s
[760/1120]	[L1: 0.0308]	2.3+0.0s
[800/1120]	[L1: 0.0306]	2.3+0.0s
[840/1120]	[L1: 0.0307]	2.4+0.0s
[880/1120]	[L1: 0.0308]	2.3+0.0s
[920/1120]	[L1: 0.0308]	2.3+0.0s
[960/1120]	[L1: 0.0307]	2.3+0.0s
[1000/1120]	[L1: 0.0306]	2.3+0.0s
[1040/1120]	[L1: 0.0308]	2.3+0.0s
[1080/1120]	[L1: 0.0308]	2.4+0.0s
[1120/1120]	[L1: 0.0309]	2.3+0.0s

Evaluation:
[RSSCN7 x4]	psnr: 27.696 (Best: 27.742 @epoch 229)
Total time: 7.79s

[Epoch 231]	Learning rate: 1.00e-4
[40/1120]	[L1: 0.0320]	3.5+0.2s
[80/1120]	[L1: 0.0314]	3.3+0.0s
[120/1120]	[L1: 0.0320]	3.2+0.0s
[160/1120]	[L1: 0.0309]	3.1+0.0s
[200/1120]	[L1: 0.0309]	3.1+0.0s
[240/1120]	[L1: 0.0313]	3.0+0.0s
[280/1120]	[L1: 0.0313]	3.3+0.0s
[320/1120]	[L1: 0.0309]	2.7+0.0s
[360/1120]	[L1: 0.0305]	3.4+0.0s
[400/1120]	[L1: 0.0310]	2.9+0.0s
[440/1120]	[L1: 0.0313]	3.0+0.0s
[480/1120]	[L1: 0.0311]	3.1+0.0s
[520/1120]	[L1: 0.0311]	3.2+0.0s
[560/1120]	[L1: 0.0313]	3.6+0.0s
[600/1120]	[L1: 0.0311]	3.5+0.0s
[640/1120]	[L1: 0.0311]	3.7+0.0s
[680/1120]	[L1: 0.0314]	3.4+0.0s
[720/1120]	[L1: 0.0315]	2.8+0.0s
[760/1120]	[L1: 0.0315]	3.0+0.0s
[800/1120]	[L1: 0.0314]	2.9+0.0s
[840/1120]	[L1: 0.0313]	2.9+0.0s
[880/1120]	[L1: 0.0314]	2.6+0.0s
[920/1120]	[L1: 0.0313]	2.7+0.0s
[960/1120]	[L1: 0.0312]	2.7+0.0s
[1000/1120]	[L1: 0.0311]	2.7+0.0s
[1040/1120]	[L1: 0.0310]	2.8+0.0s
[1080/1120]	[L1: 0.0310]	3.2+0.0s
[1120/1120]	[L1: 0.0310]	3.2+0.0s

Evaluation:
[RSSCN7 x4]	psnr: 27.743 (Best: 27.743 @epoch 231)
Total time: 7.69s

[Epoch 232]	Learning rate: 1.00e-4
[40/1120]	[L1: 0.0303]	2.4+0.0s
[80/1120]	[L1: 0.0305]	2.3+0.0s
[120/1120]	[L1: 0.0311]	2.3+0.0s
[160/1120]	[L1: 0.0316]	2.3+0.0s
[200/1120]	[L1: 0.0320]	2.3+0.0s
[240/1120]	[L1: 0.0314]	2.4+0.0s
[280/1120]	[L1: 0.0315]	2.3+0.0s
[320/1120]	[L1: 0.0319]	2.3+0.0s
[360/1120]	[L1: 0.0317]	2.3+0.0s
[400/1120]	[L1: 0.0315]	2.5+0.0s
[440/1120]	[L1: 0.0312]	2.8+0.0s
[480/1120]	[L1: 0.0312]	2.5+0.0s
[520/1120]	[L1: 0.0311]	2.3+0.0s
[560/1120]	[L1: 0.0314]	2.3+0.0s
[600/1120]	[L1: 0.0314]	2.3+0.0s
[640/1120]	[L1: 0.0312]	2.6+0.0s
[680/1120]	[L1: 0.0309]	2.4+0.0s
[720/1120]	[L1: 0.0311]	2.3+0.0s
[760/1120]	[L1: 0.0310]	2.3+0.0s
[800/1120]	[L1: 0.0309]	2.3+0.0s
[840/1120]	[L1: 0.0310]	2.3+0.0s
[880/1120]	[L1: 0.0311]	2.3+0.0s
[920/1120]	[L1: 0.0309]	2.6+0.0s
[960/1120]	[L1: 0.0311]	2.4+0.0s
[1000/1120]	[L1: 0.0312]	2.4+0.0s
[1040/1120]	[L1: 0.0312]	2.3+0.0s
[1080/1120]	[L1: 0.0312]	2.3+0.0s
[1120/1120]	[L1: 0.0311]	2.4+0.0s

Evaluation:
[RSSCN7 x4]	psnr: 27.706 (Best: 27.743 @epoch 231)
Total time: 8.28s

[Epoch 233]	Learning rate: 1.00e-4
[40/1120]	[L1: 0.0301]	3.2+0.0s
[80/1120]	[L1: 0.0299]	3.3+0.0s
[120/1120]	[L1: 0.0310]	3.3+0.0s
[160/1120]	[L1: 0.0311]	3.0+0.0s
[200/1120]	[L1: 0.0317]	3.7+0.0s
[240/1120]	[L1: 0.0313]	3.1+0.0s
[280/1120]	[L1: 0.0320]	3.8+0.0s
[320/1120]	[L1: 0.0320]	3.5+0.0s
[360/1120]	[L1: 0.0317]	3.4+0.0s
[400/1120]	[L1: 0.0311]	3.4+0.0s
[440/1120]	[L1: 0.0311]	3.5+0.0s
[480/1120]	[L1: 0.0313]	3.1+0.0s
[520/1120]	[L1: 0.0316]	3.4+0.0s
[560/1120]	[L1: 0.0317]	3.3+0.0s
[600/1120]	[L1: 0.0316]	3.4+0.0s
[640/1120]	[L1: 0.0313]	3.5+0.0s
[680/1120]	[L1: 0.0310]	3.1+0.0s
[720/1120]	[L1: 0.0310]	2.8+0.0s
[760/1120]	[L1: 0.0310]	3.1+0.0s
[800/1120]	[L1: 0.0312]	3.1+0.0s
[840/1120]	[L1: 0.0312]	2.7+0.1s
[880/1120]	[L1: 0.0312]	2.9+0.0s
[920/1120]	[L1: 0.0312]	2.7+0.0s
[960/1120]	[L1: 0.0311]	2.9+0.0s
[1000/1120]	[L1: 0.0309]	3.3+0.0s
[1040/1120]	[L1: 0.0309]	2.8+0.0s
[1080/1120]	[L1: 0.0312]	2.7+0.0s
[1120/1120]	[L1: 0.0310]	2.3+0.0s

Evaluation:
[RSSCN7 x4]	psnr: 27.735 (Best: 27.743 @epoch 231)
Total time: 7.46s

[Epoch 234]	Learning rate: 1.00e-4
[40/1120]	[L1: 0.0333]	2.4+0.0s
[80/1120]	[L1: 0.0318]	2.3+0.0s
[120/1120]	[L1: 0.0324]	2.4+0.0s
[160/1120]	[L1: 0.0316]	2.3+0.0s
[200/1120]	[L1: 0.0309]	2.4+0.0s
[240/1120]	[L1: 0.0310]	2.6+0.0s
[280/1120]	[L1: 0.0313]	2.5+0.0s
[320/1120]	[L1: 0.0308]	2.6+0.0s
[360/1120]	[L1: 0.0305]	2.7+0.0s
[400/1120]	[L1: 0.0301]	2.4+0.0s
[440/1120]	[L1: 0.0302]	2.3+0.0s
[480/1120]	[L1: 0.0303]	2.4+0.0s
[520/1120]	[L1: 0.0303]	2.2+0.0s
[560/1120]	[L1: 0.0304]	2.3+0.0s
[600/1120]	[L1: 0.0305]	2.3+0.0s
[640/1120]	[L1: 0.0306]	2.4+0.0s
[680/1120]	[L1: 0.0307]	2.3+0.0s
[720/1120]	[L1: 0.0308]	2.3+0.0s
[760/1120]	[L1: 0.0308]	2.3+0.0s
[800/1120]	[L1: 0.0307]	2.3+0.0s
[840/1120]	[L1: 0.0304]	2.5+0.0s
[880/1120]	[L1: 0.0305]	2.6+0.0s
[920/1120]	[L1: 0.0305]	2.4+0.0s
[960/1120]	[L1: 0.0305]	2.4+0.0s
[1000/1120]	[L1: 0.0307]	2.4+0.0s
[1040/1120]	[L1: 0.0308]	2.4+0.0s
[1080/1120]	[L1: 0.0309]	2.3+0.0s
[1120/1120]	[L1: 0.0309]	2.9+0.0s

Evaluation:
[RSSCN7 x4]	psnr: 27.667 (Best: 27.743 @epoch 231)
Total time: 8.42s

[Epoch 235]	Learning rate: 1.00e-4
[40/1120]	[L1: 0.0298]	3.8+0.0s
[80/1120]	[L1: 0.0311]	3.6+0.0s
[120/1120]	[L1: 0.0309]	3.6+0.0s
[160/1120]	[L1: 0.0314]	3.4+0.0s
[200/1120]	[L1: 0.0315]	3.8+0.0s
[240/1120]	[L1: 0.0319]	3.4+0.0s
[280/1120]	[L1: 0.0319]	3.2+0.0s
[320/1120]	[L1: 0.0312]	3.0+0.0s
[360/1120]	[L1: 0.0310]	3.5+0.0s
[400/1120]	[L1: 0.0307]	3.5+0.0s
[440/1120]	[L1: 0.0306]	3.4+0.1s
[480/1120]	[L1: 0.0306]	3.4+0.0s
[520/1120]	[L1: 0.0306]	3.7+0.0s
[560/1120]	[L1: 0.0307]	3.4+0.0s
[600/1120]	[L1: 0.0307]	3.6+0.0s
[640/1120]	[L1: 0.0305]	3.4+0.0s
[680/1120]	[L1: 0.0302]	3.5+0.0s
[720/1120]	[L1: 0.0303]	2.9+0.1s
[760/1120]	[L1: 0.0304]	2.8+0.0s
[800/1120]	[L1: 0.0305]	3.3+0.1s
[840/1120]	[L1: 0.0308]	2.6+0.0s
[880/1120]	[L1: 0.0309]	2.6+0.0s
[920/1120]	[L1: 0.0309]	2.6+0.0s
[960/1120]	[L1: 0.0310]	2.8+0.0s
[1000/1120]	[L1: 0.0309]	2.7+0.0s
[1040/1120]	[L1: 0.0309]	2.4+0.0s
[1080/1120]	[L1: 0.0309]	2.2+0.0s
[1120/1120]	[L1: 0.0309]	2.4+0.0s

Evaluation:
[RSSCN7 x4]	psnr: 27.736 (Best: 27.743 @epoch 231)
Total time: 7.51s

[Epoch 236]	Learning rate: 1.00e-4
[40/1120]	[L1: 0.0291]	2.4+0.0s
[80/1120]	[L1: 0.0291]	2.3+0.0s
[120/1120]	[L1: 0.0293]	2.4+0.0s
[160/1120]	[L1: 0.0278]	2.3+0.0s
[200/1120]	[L1: 0.0281]	2.3+0.0s
[240/1120]	[L1: 0.0286]	2.3+0.0s
[280/1120]	[L1: 0.0290]	2.3+0.0s
[320/1120]	[L1: 0.0288]	2.4+0.0s
[360/1120]	[L1: 0.0291]	2.3+0.0s
[400/1120]	[L1: 0.0291]	2.4+0.0s
[440/1120]	[L1: 0.0295]	2.3+0.0s
[480/1120]	[L1: 0.0296]	2.4+0.0s
[520/1120]	[L1: 0.0298]	2.3+0.0s
[560/1120]	[L1: 0.0300]	2.4+0.0s
[600/1120]	[L1: 0.0302]	2.3+0.0s
[640/1120]	[L1: 0.0303]	2.4+0.0s
[680/1120]	[L1: 0.0304]	2.3+0.0s
[720/1120]	[L1: 0.0305]	2.4+0.0s
[760/1120]	[L1: 0.0304]	2.3+0.0s
[800/1120]	[L1: 0.0305]	2.5+0.0s
[840/1120]	[L1: 0.0306]	2.4+0.0s
[880/1120]	[L1: 0.0310]	2.4+0.0s
[920/1120]	[L1: 0.0308]	2.3+0.0s
[960/1120]	[L1: 0.0308]	2.4+0.0s
[1000/1120]	[L1: 0.0307]	2.4+0.0s
[1040/1120]	[L1: 0.0309]	3.0+0.0s
[1080/1120]	[L1: 0.0310]	3.3+0.0s
[1120/1120]	[L1: 0.0310]	3.5+0.0s

Evaluation:
[RSSCN7 x4]	psnr: 27.737 (Best: 27.743 @epoch 231)
Total time: 8.55s

[Epoch 237]	Learning rate: 1.00e-4
[40/1120]	[L1: 0.0269]	3.0+0.0s
[80/1120]	[L1: 0.0290]	3.0+0.0s
[120/1120]	[L1: 0.0280]	2.8+0.0s
[160/1120]	[L1: 0.0287]	3.0+0.0s
[200/1120]	[L1: 0.0295]	2.9+0.0s
[240/1120]	[L1: 0.0300]	3.1+0.0s
[280/1120]	[L1: 0.0299]	3.0+0.0s
[320/1120]	[L1: 0.0301]	2.8+0.0s
[360/1120]	[L1: 0.0300]	2.8+0.1s
[400/1120]	[L1: 0.0300]	3.1+0.0s
[440/1120]	[L1: 0.0302]	3.3+0.0s
[480/1120]	[L1: 0.0304]	3.4+0.0s
[520/1120]	[L1: 0.0303]	3.3+0.0s
[560/1120]	[L1: 0.0304]	3.4+0.0s
[600/1120]	[L1: 0.0305]	3.1+0.0s
[640/1120]	[L1: 0.0302]	3.1+0.0s
[680/1120]	[L1: 0.0300]	3.1+0.0s
[720/1120]	[L1: 0.0298]	2.7+0.0s
[760/1120]	[L1: 0.0301]	2.8+0.0s
[800/1120]	[L1: 0.0301]	2.8+0.0s
[840/1120]	[L1: 0.0301]	2.9+0.0s
[880/1120]	[L1: 0.0303]	2.8+0.0s
[920/1120]	[L1: 0.0305]	2.8+0.0s
[960/1120]	[L1: 0.0306]	2.6+0.0s
[1000/1120]	[L1: 0.0306]	2.6+0.0s
[1040/1120]	[L1: 0.0307]	2.6+0.0s
[1080/1120]	[L1: 0.0309]	2.4+0.0s
[1120/1120]	[L1: 0.0310]	2.3+0.0s

Evaluation:
[RSSCN7 x4]	psnr: 27.671 (Best: 27.743 @epoch 231)
Total time: 7.52s

[Epoch 238]	Learning rate: 1.00e-4
[40/1120]	[L1: 0.0315]	2.6+0.0s
[80/1120]	[L1: 0.0311]	2.4+0.0s
[120/1120]	[L1: 0.0296]	2.6+0.0s
[160/1120]	[L1: 0.0295]	2.7+0.0s
[200/1120]	[L1: 0.0304]	2.7+0.0s
[240/1120]	[L1: 0.0304]	2.3+0.0s
[280/1120]	[L1: 0.0301]	2.4+0.0s
[320/1120]	[L1: 0.0304]	2.3+0.0s
[360/1120]	[L1: 0.0302]	2.4+0.0s
[400/1120]	[L1: 0.0301]	2.5+0.0s
[440/1120]	[L1: 0.0307]	2.3+0.0s
[480/1120]	[L1: 0.0307]	2.7+0.0s
[520/1120]	[L1: 0.0307]	2.5+0.0s
[560/1120]	[L1: 0.0306]	2.3+0.0s
[600/1120]	[L1: 0.0308]	2.3+0.0s
[640/1120]	[L1: 0.0307]	2.4+0.0s
[680/1120]	[L1: 0.0309]	2.3+0.0s
[720/1120]	[L1: 0.0312]	2.3+0.0s
[760/1120]	[L1: 0.0312]	2.4+0.0s
[800/1120]	[L1: 0.0311]	2.3+0.0s
[840/1120]	[L1: 0.0311]	2.3+0.0s
[880/1120]	[L1: 0.0311]	2.4+0.0s
[920/1120]	[L1: 0.0310]	2.3+0.0s
[960/1120]	[L1: 0.0308]	2.4+0.0s
[1000/1120]	[L1: 0.0308]	2.3+0.0s
[1040/1120]	[L1: 0.0308]	2.4+0.0s
[1080/1120]	[L1: 0.0309]	3.0+0.0s
[1120/1120]	[L1: 0.0309]	2.7+0.0s

Evaluation:
[RSSCN7 x4]	psnr: 27.729 (Best: 27.743 @epoch 231)
Total time: 8.29s

[Epoch 239]	Learning rate: 1.00e-4
[40/1120]	[L1: 0.0299]	3.1+0.0s
[80/1120]	[L1: 0.0325]	3.2+0.0s
[120/1120]	[L1: 0.0312]	3.0+0.0s
[160/1120]	[L1: 0.0306]	2.8+0.0s
[200/1120]	[L1: 0.0307]	3.1+0.0s
[240/1120]	[L1: 0.0310]	3.3+0.0s
[280/1120]	[L1: 0.0319]	3.0+0.0s
[320/1120]	[L1: 0.0314]	2.9+0.0s
[360/1120]	[L1: 0.0310]	3.0+0.0s
[400/1120]	[L1: 0.0306]	3.6+0.0s
[440/1120]	[L1: 0.0308]	3.3+0.0s
[480/1120]	[L1: 0.0310]	3.1+0.0s
[520/1120]	[L1: 0.0310]	2.9+0.0s
[560/1120]	[L1: 0.0308]	2.8+0.0s
[600/1120]	[L1: 0.0310]	2.6+0.0s
[640/1120]	[L1: 0.0310]	2.7+0.0s
[680/1120]	[L1: 0.0309]	2.7+0.0s
[720/1120]	[L1: 0.0308]	2.7+0.0s
[760/1120]	[L1: 0.0310]	3.1+0.0s
[800/1120]	[L1: 0.0308]	3.5+0.1s
[840/1120]	[L1: 0.0306]	3.1+0.0s
[880/1120]	[L1: 0.0306]	3.1+0.0s
[920/1120]	[L1: 0.0306]	3.4+0.0s
[960/1120]	[L1: 0.0308]	3.6+0.0s
[1000/1120]	[L1: 0.0310]	2.9+0.0s
[1040/1120]	[L1: 0.0312]	2.7+0.0s
[1080/1120]	[L1: 0.0310]	2.3+0.0s
[1120/1120]	[L1: 0.0310]	2.4+0.0s

Evaluation:
[RSSCN7 x4]	psnr: 27.744 (Best: 27.744 @epoch 239)
Total time: 7.47s

[Epoch 240]	Learning rate: 1.00e-4
[40/1120]	[L1: 0.0349]	2.4+0.0s
[80/1120]	[L1: 0.0328]	2.3+0.0s
[120/1120]	[L1: 0.0313]	2.3+0.0s
[160/1120]	[L1: 0.0312]	2.3+0.0s
[200/1120]	[L1: 0.0305]	2.3+0.0s
[240/1120]	[L1: 0.0307]	2.3+0.0s
[280/1120]	[L1: 0.0314]	2.4+0.0s
[320/1120]	[L1: 0.0313]	2.3+0.0s
[360/1120]	[L1: 0.0314]	2.3+0.0s
[400/1120]	[L1: 0.0314]	2.3+0.0s
[440/1120]	[L1: 0.0313]	2.3+0.0s
[480/1120]	[L1: 0.0314]	2.4+0.0s
[520/1120]	[L1: 0.0314]	2.3+0.0s
[560/1120]	[L1: 0.0313]	2.3+0.0s
[600/1120]	[L1: 0.0311]	2.4+0.0s
[640/1120]	[L1: 0.0311]	2.3+0.0s
[680/1120]	[L1: 0.0311]	2.3+0.0s
[720/1120]	[L1: 0.0309]	2.3+0.0s
[760/1120]	[L1: 0.0310]	2.3+0.0s
[800/1120]	[L1: 0.0310]	2.3+0.0s
[840/1120]	[L1: 0.0309]	2.4+0.0s
[880/1120]	[L1: 0.0310]	2.3+0.0s
[920/1120]	[L1: 0.0310]	2.7+0.0s
[960/1120]	[L1: 0.0310]	2.5+0.0s
[1000/1120]	[L1: 0.0309]	2.3+0.0s
[1040/1120]	[L1: 0.0310]	2.3+0.0s
[1080/1120]	[L1: 0.0311]	2.4+0.0s
[1120/1120]	[L1: 0.0310]	2.9+0.0s

Evaluation:
[RSSCN7 x4]	psnr: 27.741 (Best: 27.744 @epoch 239)
Total time: 8.85s

[Epoch 241]	Learning rate: 1.00e-4
[40/1120]	[L1: 0.0339]	4.1+0.0s
[80/1120]	[L1: 0.0331]	3.4+0.0s
[120/1120]	[L1: 0.0329]	3.2+0.0s
[160/1120]	[L1: 0.0316]	2.9+0.0s
[200/1120]	[L1: 0.0324]	2.9+0.0s
[240/1120]	[L1: 0.0319]	3.3+0.0s
[280/1120]	[L1: 0.0319]	3.4+0.0s
[320/1120]	[L1: 0.0318]	3.2+0.1s
[360/1120]	[L1: 0.0313]	3.4+0.0s
[400/1120]	[L1: 0.0311]	4.0+0.0s
[440/1120]	[L1: 0.0316]	3.6+0.0s
[480/1120]	[L1: 0.0313]	3.5+0.1s
[520/1120]	[L1: 0.0315]	3.5+0.0s
[560/1120]	[L1: 0.0314]	3.1+0.0s
[600/1120]	[L1: 0.0315]	4.2+0.1s
[640/1120]	[L1: 0.0314]	4.0+0.1s
[680/1120]	[L1: 0.0314]	4.0+0.0s
[720/1120]	[L1: 0.0314]	3.8+0.0s
[760/1120]	[L1: 0.0314]	3.3+0.0s
[800/1120]	[L1: 0.0313]	3.8+0.0s
[840/1120]	[L1: 0.0314]	3.7+0.0s
[880/1120]	[L1: 0.0314]	3.9+0.0s
[920/1120]	[L1: 0.0313]	3.7+0.0s
[960/1120]	[L1: 0.0311]	3.5+0.0s
[1000/1120]	[L1: 0.0311]	2.9+0.0s
[1040/1120]	[L1: 0.0311]	2.9+0.0s
[1080/1120]	[L1: 0.0310]	2.8+0.0s
[1120/1120]	[L1: 0.0310]	2.4+0.0s

Evaluation:
[RSSCN7 x4]	psnr: 27.721 (Best: 27.744 @epoch 239)
Total time: 7.48s

[Epoch 242]	Learning rate: 1.00e-4
[40/1120]	[L1: 0.0250]	2.4+0.1s
[80/1120]	[L1: 0.0286]	2.4+0.0s
[120/1120]	[L1: 0.0287]	2.3+0.0s
[160/1120]	[L1: 0.0282]	2.3+0.0s
[200/1120]	[L1: 0.0285]	2.4+0.0s
[240/1120]	[L1: 0.0282]	2.3+0.0s
[280/1120]	[L1: 0.0289]	2.4+0.0s
[320/1120]	[L1: 0.0284]	2.3+0.0s
[360/1120]	[L1: 0.0287]	2.3+0.0s
[400/1120]	[L1: 0.0290]	2.4+0.0s
[440/1120]	[L1: 0.0294]	2.3+0.0s
[480/1120]	[L1: 0.0295]	2.4+0.0s
[520/1120]	[L1: 0.0298]	2.3+0.0s
[560/1120]	[L1: 0.0298]	2.3+0.0s
[600/1120]	[L1: 0.0302]	2.4+0.0s
[640/1120]	[L1: 0.0302]	2.3+0.0s
[680/1120]	[L1: 0.0301]	2.4+0.0s
[720/1120]	[L1: 0.0301]	2.3+0.0s
[760/1120]	[L1: 0.0302]	2.3+0.0s
[800/1120]	[L1: 0.0302]	2.4+0.0s
[840/1120]	[L1: 0.0301]	2.3+0.0s
[880/1120]	[L1: 0.0301]	2.4+0.0s
[920/1120]	[L1: 0.0302]	2.3+0.0s
[960/1120]	[L1: 0.0302]	2.7+0.0s
[1000/1120]	[L1: 0.0303]	3.8+0.0s
[1040/1120]	[L1: 0.0305]	4.1+0.0s
[1080/1120]	[L1: 0.0307]	3.9+0.0s
[1120/1120]	[L1: 0.0309]	3.6+0.0s

Evaluation:
[RSSCN7 x4]	psnr: 27.733 (Best: 27.744 @epoch 239)
Total time: 9.68s

[Epoch 243]	Learning rate: 1.00e-4
[40/1120]	[L1: 0.0277]	4.3+0.0s
[80/1120]	[L1: 0.0314]	4.3+0.0s
[120/1120]	[L1: 0.0329]	4.4+0.0s
[160/1120]	[L1: 0.0323]	4.7+0.0s
[200/1120]	[L1: 0.0308]	4.4+0.0s
[240/1120]	[L1: 0.0310]	3.6+0.0s
[280/1120]	[L1: 0.0310]	3.6+0.0s
[320/1120]	[L1: 0.0309]	3.6+0.0s
[360/1120]	[L1: 0.0309]	3.7+0.0s
[400/1120]	[L1: 0.0304]	4.2+0.0s
[440/1120]	[L1: 0.0307]	4.0+0.0s
[480/1120]	[L1: 0.0307]	3.9+0.0s
[520/1120]	[L1: 0.0307]	3.8+0.0s
[560/1120]	[L1: 0.0308]	3.9+0.0s
[600/1120]	[L1: 0.0307]	3.7+0.0s
[640/1120]	[L1: 0.0307]	3.8+0.0s
[680/1120]	[L1: 0.0310]	3.7+0.0s
[720/1120]	[L1: 0.0312]	3.3+0.0s
[760/1120]	[L1: 0.0312]	2.9+0.0s
[800/1120]	[L1: 0.0310]	2.4+0.0s
[840/1120]	[L1: 0.0310]	2.4+0.0s
[880/1120]	[L1: 0.0311]	2.4+0.0s
[920/1120]	[L1: 0.0310]	2.5+0.0s
[960/1120]	[L1: 0.0310]	2.4+0.0s
[1000/1120]	[L1: 0.0310]	2.4+0.0s
[1040/1120]	[L1: 0.0310]	2.4+0.0s
[1080/1120]	[L1: 0.0309]	2.4+0.0s
[1120/1120]	[L1: 0.0309]	2.3+0.0s

Evaluation:
[RSSCN7 x4]	psnr: 27.746 (Best: 27.746 @epoch 243)
Total time: 7.48s

[Epoch 244]	Learning rate: 1.00e-4
[40/1120]	[L1: 0.0322]	2.4+0.0s
[80/1120]	[L1: 0.0320]	2.5+0.0s
[120/1120]	[L1: 0.0304]	2.4+0.0s
[160/1120]	[L1: 0.0314]	2.4+0.0s
[200/1120]	[L1: 0.0311]	2.3+0.0s
[240/1120]	[L1: 0.0313]	2.4+0.0s
[280/1120]	[L1: 0.0310]	2.3+0.0s
[320/1120]	[L1: 0.0308]	2.4+0.0s
[360/1120]	[L1: 0.0309]	2.3+0.0s
[400/1120]	[L1: 0.0310]	2.4+0.0s
[440/1120]	[L1: 0.0307]	2.3+0.0s
[480/1120]	[L1: 0.0305]	2.4+0.0s
[520/1120]	[L1: 0.0308]	2.3+0.0s
[560/1120]	[L1: 0.0309]	2.8+0.0s
[600/1120]	[L1: 0.0309]	2.6+0.0s
[640/1120]	[L1: 0.0310]	2.8+0.0s
[680/1120]	[L1: 0.0308]	3.3+0.0s
[720/1120]	[L1: 0.0306]	3.9+0.0s
[760/1120]	[L1: 0.0307]	4.5+0.0s
[800/1120]	[L1: 0.0306]	4.1+0.0s
[840/1120]	[L1: 0.0305]	4.0+0.0s
[880/1120]	[L1: 0.0306]	3.4+0.0s
[920/1120]	[L1: 0.0306]	3.9+0.0s
[960/1120]	[L1: 0.0307]	3.7+0.0s
[1000/1120]	[L1: 0.0307]	3.6+0.0s
[1040/1120]	[L1: 0.0307]	3.8+0.0s
[1080/1120]	[L1: 0.0308]	3.9+0.0s
[1120/1120]	[L1: 0.0309]	3.8+0.0s

Evaluation:
[RSSCN7 x4]	psnr: 27.720 (Best: 27.746 @epoch 243)
Total time: 9.62s

[Epoch 245]	Learning rate: 1.00e-4
[40/1120]	[L1: 0.0309]	4.5+0.0s
[80/1120]	[L1: 0.0299]	4.6+0.0s
[120/1120]	[L1: 0.0293]	4.1+0.0s
[160/1120]	[L1: 0.0299]	3.7+0.0s
[200/1120]	[L1: 0.0309]	3.4+0.0s
[240/1120]	[L1: 0.0307]	3.4+0.1s
[280/1120]	[L1: 0.0307]	3.4+0.0s
[320/1120]	[L1: 0.0306]	3.9+0.0s
[360/1120]	[L1: 0.0305]	3.0+0.0s
[400/1120]	[L1: 0.0307]	3.4+0.0s
[440/1120]	[L1: 0.0312]	3.3+0.0s
[480/1120]	[L1: 0.0313]	2.8+0.0s
[520/1120]	[L1: 0.0313]	2.5+0.0s
[560/1120]	[L1: 0.0316]	2.4+0.0s
[600/1120]	[L1: 0.0315]	2.3+0.0s
[640/1120]	[L1: 0.0311]	2.3+0.0s
[680/1120]	[L1: 0.0311]	2.3+0.0s
[720/1120]	[L1: 0.0311]	2.3+0.0s
[760/1120]	[L1: 0.0310]	2.3+0.0s
[800/1120]	[L1: 0.0309]	2.3+0.0s
[840/1120]	[L1: 0.0309]	2.4+0.0s
[880/1120]	[L1: 0.0309]	2.3+0.0s
[920/1120]	[L1: 0.0307]	2.3+0.0s
[960/1120]	[L1: 0.0307]	2.3+0.0s
[1000/1120]	[L1: 0.0308]	2.3+0.0s
[1040/1120]	[L1: 0.0308]	2.3+0.0s
[1080/1120]	[L1: 0.0310]	2.5+0.0s
[1120/1120]	[L1: 0.0310]	2.3+0.0s

Evaluation:
[RSSCN7 x4]	psnr: 27.722 (Best: 27.746 @epoch 243)
Total time: 7.52s

[Epoch 246]	Learning rate: 1.00e-4
[40/1120]	[L1: 0.0291]	2.5+0.1s
[80/1120]	[L1: 0.0296]	2.4+0.0s
[120/1120]	[L1: 0.0307]	2.3+0.0s
[160/1120]	[L1: 0.0312]	2.3+0.0s
[200/1120]	[L1: 0.0304]	2.3+0.0s
[240/1120]	[L1: 0.0306]	2.5+0.0s
[280/1120]	[L1: 0.0304]	2.3+0.0s
[320/1120]	[L1: 0.0300]	2.3+0.0s
[360/1120]	[L1: 0.0304]	2.3+0.0s
[400/1120]	[L1: 0.0305]	2.3+0.0s
[440/1120]	[L1: 0.0306]	2.4+0.0s
[480/1120]	[L1: 0.0304]	2.4+0.0s
[520/1120]	[L1: 0.0310]	4.5+0.0s
[560/1120]	[L1: 0.0309]	4.2+0.0s
[600/1120]	[L1: 0.0310]	3.9+0.0s
[640/1120]	[L1: 0.0310]	3.7+0.0s
[680/1120]	[L1: 0.0310]	3.5+0.0s
[720/1120]	[L1: 0.0309]	3.8+0.0s
[760/1120]	[L1: 0.0308]	3.8+0.0s
[800/1120]	[L1: 0.0309]	3.8+0.0s
[840/1120]	[L1: 0.0307]	3.6+0.0s
[880/1120]	[L1: 0.0307]	3.9+0.0s
[920/1120]	[L1: 0.0307]	4.4+0.0s
[960/1120]	[L1: 0.0307]	3.6+0.0s
[1000/1120]	[L1: 0.0308]	3.8+0.0s
[1040/1120]	[L1: 0.0308]	3.9+0.0s
[1080/1120]	[L1: 0.0308]	5.6+0.0s
[1120/1120]	[L1: 0.0309]	4.0+0.0s

Evaluation:
[RSSCN7 x4]	psnr: 27.732 (Best: 27.746 @epoch 243)
Total time: 10.69s

[Epoch 247]	Learning rate: 1.00e-4
[40/1120]	[L1: 0.0319]	4.4+0.1s
[80/1120]	[L1: 0.0310]	3.9+0.0s
[120/1120]	[L1: 0.0313]	4.0+0.0s
[160/1120]	[L1: 0.0316]	4.6+0.0s
[200/1120]	[L1: 0.0315]	3.8+0.0s
[240/1120]	[L1: 0.0313]	2.6+0.0s
[280/1120]	[L1: 0.0303]	2.3+0.0s
[320/1120]	[L1: 0.0310]	2.3+0.0s
[360/1120]	[L1: 0.0309]	2.3+0.0s
[400/1120]	[L1: 0.0308]	2.4+0.0s
[440/1120]	[L1: 0.0309]	2.3+0.0s
[480/1120]	[L1: 0.0309]	2.3+0.0s
[520/1120]	[L1: 0.0312]	2.5+0.0s
[560/1120]	[L1: 0.0315]	2.4+0.0s
[600/1120]	[L1: 0.0313]	2.3+0.0s
[640/1120]	[L1: 0.0312]	2.5+0.0s
[680/1120]	[L1: 0.0313]	2.7+0.0s
[720/1120]	[L1: 0.0313]	2.3+0.0s
[760/1120]	[L1: 0.0312]	2.3+0.0s
[800/1120]	[L1: 0.0312]	2.3+0.0s
[840/1120]	[L1: 0.0313]	2.4+0.0s
[880/1120]	[L1: 0.0314]	2.3+0.0s
[920/1120]	[L1: 0.0312]	2.3+0.0s
[960/1120]	[L1: 0.0313]	2.3+0.0s
[1000/1120]	[L1: 0.0312]	2.3+0.0s
[1040/1120]	[L1: 0.0313]	2.3+0.0s
[1080/1120]	[L1: 0.0312]	2.4+0.0s
[1120/1120]	[L1: 0.0310]	2.3+0.0s

Evaluation:
[RSSCN7 x4]	psnr: 27.717 (Best: 27.746 @epoch 243)
Total time: 7.47s

[Epoch 248]	Learning rate: 1.00e-4
[40/1120]	[L1: 0.0288]	2.4+0.1s
[80/1120]	[L1: 0.0278]	2.4+0.0s
[120/1120]	[L1: 0.0280]	2.3+0.0s
[160/1120]	[L1: 0.0281]	2.3+0.0s
[200/1120]	[L1: 0.0286]	2.3+0.0s
[240/1120]	[L1: 0.0283]	3.6+0.0s
[280/1120]	[L1: 0.0286]	4.9+0.0s
[320/1120]	[L1: 0.0292]	4.0+0.0s
[360/1120]	[L1: 0.0294]	4.7+0.0s
[400/1120]	[L1: 0.0292]	4.4+0.1s
[440/1120]	[L1: 0.0296]	4.7+0.0s
[480/1120]	[L1: 0.0301]	4.8+0.0s
[520/1120]	[L1: 0.0306]	4.3+0.0s
[560/1120]	[L1: 0.0305]	3.6+0.0s
[600/1120]	[L1: 0.0308]	3.7+0.0s
[640/1120]	[L1: 0.0307]	4.1+0.0s
[680/1120]	[L1: 0.0304]	3.7+0.0s
[720/1120]	[L1: 0.0306]	4.2+0.0s
[760/1120]	[L1: 0.0307]	3.6+0.0s
[800/1120]	[L1: 0.0307]	4.1+0.0s
[840/1120]	[L1: 0.0308]	4.2+0.0s
[880/1120]	[L1: 0.0309]	4.1+0.0s
[920/1120]	[L1: 0.0310]	3.8+0.0s
[960/1120]	[L1: 0.0310]	4.3+0.0s
[1000/1120]	[L1: 0.0310]	4.1+0.0s
[1040/1120]	[L1: 0.0309]	3.7+0.0s
[1080/1120]	[L1: 0.0308]	4.4+0.0s
[1120/1120]	[L1: 0.0309]	4.9+0.0s

Evaluation:
[RSSCN7 x4]	psnr: 27.722 (Best: 27.746 @epoch 243)
Total time: 7.87s

[Epoch 249]	Learning rate: 1.00e-4
[40/1120]	[L1: 0.0269]	2.5+0.0s
[80/1120]	[L1: 0.0278]	2.3+0.0s
[120/1120]	[L1: 0.0284]	2.4+0.0s
[160/1120]	[L1: 0.0291]	2.3+0.0s
[200/1120]	[L1: 0.0306]	2.4+0.0s
[240/1120]	[L1: 0.0305]	2.3+0.0s
[280/1120]	[L1: 0.0306]	2.5+0.0s
[320/1120]	[L1: 0.0309]	2.4+0.0s
[360/1120]	[L1: 0.0308]	2.5+0.0s
[400/1120]	[L1: 0.0306]	2.3+0.0s
[440/1120]	[L1: 0.0310]	2.4+0.0s
[480/1120]	[L1: 0.0311]	2.3+0.0s
[520/1120]	[L1: 0.0310]	2.4+0.0s
[560/1120]	[L1: 0.0314]	2.3+0.0s
[600/1120]	[L1: 0.0311]	2.3+0.0s
[640/1120]	[L1: 0.0311]	2.4+0.0s
[680/1120]	[L1: 0.0312]	2.3+0.0s
[720/1120]	[L1: 0.0313]	2.4+0.0s
[760/1120]	[L1: 0.0315]	2.3+0.0s
[800/1120]	[L1: 0.0316]	2.4+0.0s
[840/1120]	[L1: 0.0315]	2.3+0.0s
[880/1120]	[L1: 0.0314]	2.4+0.0s
[920/1120]	[L1: 0.0313]	2.3+0.0s
[960/1120]	[L1: 0.0314]	2.5+0.0s
[1000/1120]	[L1: 0.0312]	2.3+0.0s
[1040/1120]	[L1: 0.0312]	2.4+0.0s
[1080/1120]	[L1: 0.0311]	2.3+0.0s
[1120/1120]	[L1: 0.0309]	2.4+0.0s

Evaluation:
[RSSCN7 x4]	psnr: 27.697 (Best: 27.746 @epoch 243)
Total time: 9.67s

[Epoch 250]	Learning rate: 1.00e-4
[40/1120]	[L1: 0.0319]	4.3+0.0s
[80/1120]	[L1: 0.0295]	3.2+0.0s
[120/1120]	[L1: 0.0298]	4.2+0.0s
[160/1120]	[L1: 0.0299]	4.1+0.0s
[200/1120]	[L1: 0.0293]	3.7+0.0s
[240/1120]	[L1: 0.0292]	3.2+0.0s
[280/1120]	[L1: 0.0291]	3.8+0.0s
[320/1120]	[L1: 0.0287]	4.0+0.0s
[360/1120]	[L1: 0.0293]	3.4+0.0s
[400/1120]	[L1: 0.0295]	4.1+0.0s
[440/1120]	[L1: 0.0299]	5.3+0.0s
[480/1120]	[L1: 0.0301]	4.8+0.0s
[520/1120]	[L1: 0.0301]	4.7+0.0s
[560/1120]	[L1: 0.0304]	3.7+0.0s
[600/1120]	[L1: 0.0306]	4.3+0.0s
[640/1120]	[L1: 0.0305]	4.9+0.0s
[680/1120]	[L1: 0.0306]	4.3+0.0s
[720/1120]	[L1: 0.0308]	3.4+0.0s
[760/1120]	[L1: 0.0308]	4.1+0.0s
[800/1120]	[L1: 0.0309]	4.2+0.0s
[840/1120]	[L1: 0.0307]	4.0+0.0s
[880/1120]	[L1: 0.0307]	2.6+0.0s
[920/1120]	[L1: 0.0308]	2.3+0.0s
[960/1120]	[L1: 0.0308]	2.3+0.0s
[1000/1120]	[L1: 0.0308]	2.4+0.0s
[1040/1120]	[L1: 0.0307]	2.3+0.0s
[1080/1120]	[L1: 0.0308]	2.3+0.0s
[1120/1120]	[L1: 0.0309]	2.4+0.0s

Evaluation:
[RSSCN7 x4]	psnr: 27.721 (Best: 27.746 @epoch 243)
Total time: 7.49s

[Epoch 251]	Learning rate: 1.00e-4
[40/1120]	[L1: 0.0329]	2.4+0.1s
[80/1120]	[L1: 0.0308]	2.4+0.0s
[120/1120]	[L1: 0.0300]	2.3+0.0s
[160/1120]	[L1: 0.0303]	2.3+0.0s
[200/1120]	[L1: 0.0298]	2.4+0.0s
[240/1120]	[L1: 0.0297]	2.3+0.0s
[280/1120]	[L1: 0.0296]	2.4+0.0s
[320/1120]	[L1: 0.0294]	2.3+0.0s
[360/1120]	[L1: 0.0294]	2.3+0.0s
[400/1120]	[L1: 0.0295]	2.4+0.0s
[440/1120]	[L1: 0.0298]	2.3+0.0s
[480/1120]	[L1: 0.0296]	2.3+0.0s
[520/1120]	[L1: 0.0296]	2.4+0.0s
[560/1120]	[L1: 0.0296]	2.3+0.0s
[600/1120]	[L1: 0.0299]	2.3+0.0s
[640/1120]	[L1: 0.0302]	2.4+0.0s
[680/1120]	[L1: 0.0304]	2.3+0.0s
[720/1120]	[L1: 0.0305]	2.3+0.0s
[760/1120]	[L1: 0.0304]	2.4+0.0s
[800/1120]	[L1: 0.0306]	2.3+0.0s
[840/1120]	[L1: 0.0307]	2.6+0.0s
[880/1120]	[L1: 0.0308]	3.8+0.0s
[920/1120]	[L1: 0.0309]	3.6+0.0s
[960/1120]	[L1: 0.0311]	3.9+0.0s
[1000/1120]	[L1: 0.0310]	4.1+0.0s
[1040/1120]	[L1: 0.0311]	3.5+0.0s
[1080/1120]	[L1: 0.0311]	3.4+0.0s
[1120/1120]	[L1: 0.0309]	3.7+0.0s

Evaluation:
[RSSCN7 x4]	psnr: 27.747 (Best: 27.747 @epoch 251)
Total time: 9.79s

[Epoch 252]	Learning rate: 1.00e-4
[40/1120]	[L1: 0.0315]	3.7+0.0s
[80/1120]	[L1: 0.0338]	4.1+0.0s
[120/1120]	[L1: 0.0331]	3.9+0.0s
[160/1120]	[L1: 0.0323]	4.2+0.0s
[200/1120]	[L1: 0.0320]	4.2+0.0s
[240/1120]	[L1: 0.0318]	4.3+0.0s
[280/1120]	[L1: 0.0320]	3.7+0.0s
[320/1120]	[L1: 0.0321]	3.4+0.0s
[360/1120]	[L1: 0.0320]	3.9+0.0s
[400/1120]	[L1: 0.0317]	4.5+0.0s
[440/1120]	[L1: 0.0310]	4.0+0.0s
[480/1120]	[L1: 0.0307]	4.7+0.0s
[520/1120]	[L1: 0.0306]	3.8+0.0s
[560/1120]	[L1: 0.0305]	3.2+0.0s
[600/1120]	[L1: 0.0307]	2.5+0.0s
[640/1120]	[L1: 0.0307]	2.3+0.0s
[680/1120]	[L1: 0.0307]	2.3+0.0s
[720/1120]	[L1: 0.0307]	2.3+0.0s
[760/1120]	[L1: 0.0307]	2.3+0.0s
[800/1120]	[L1: 0.0307]	2.3+0.0s
[840/1120]	[L1: 0.0308]	2.4+0.0s
[880/1120]	[L1: 0.0309]	2.3+0.0s
[920/1120]	[L1: 0.0307]	2.3+0.0s
[960/1120]	[L1: 0.0309]	2.4+0.0s
[1000/1120]	[L1: 0.0308]	2.3+0.0s
[1040/1120]	[L1: 0.0307]	2.3+0.0s
[1080/1120]	[L1: 0.0308]	2.4+0.0s
[1120/1120]	[L1: 0.0309]	2.3+0.0s

Evaluation:
[RSSCN7 x4]	psnr: 27.740 (Best: 27.747 @epoch 251)
Total time: 7.47s

[Epoch 253]	Learning rate: 1.00e-4
[40/1120]	[L1: 0.0342]	2.5+0.1s
[80/1120]	[L1: 0.0313]	2.3+0.0s
[120/1120]	[L1: 0.0305]	2.3+0.0s
[160/1120]	[L1: 0.0308]	2.3+0.0s
[200/1120]	[L1: 0.0309]	2.5+0.0s
[240/1120]	[L1: 0.0306]	2.6+0.0s
[280/1120]	[L1: 0.0303]	2.3+0.0s
[320/1120]	[L1: 0.0304]	2.3+0.0s
[360/1120]	[L1: 0.0303]	2.4+0.0s
[400/1120]	[L1: 0.0305]	2.3+0.0s
[440/1120]	[L1: 0.0301]	2.3+0.0s
[480/1120]	[L1: 0.0302]	2.4+0.0s
[520/1120]	[L1: 0.0307]	2.3+0.0s
[560/1120]	[L1: 0.0311]	2.3+0.0s
[600/1120]	[L1: 0.0312]	3.1+0.0s
[640/1120]	[L1: 0.0310]	4.2+0.0s
[680/1120]	[L1: 0.0309]	4.3+0.0s
[720/1120]	[L1: 0.0307]	4.0+0.0s
[760/1120]	[L1: 0.0305]	4.3+0.0s
[800/1120]	[L1: 0.0304]	3.6+0.0s
[840/1120]	[L1: 0.0305]	3.4+0.0s
[880/1120]	[L1: 0.0304]	3.2+0.0s
[920/1120]	[L1: 0.0304]	3.5+0.0s
[960/1120]	[L1: 0.0304]	3.5+0.0s
[1000/1120]	[L1: 0.0305]	3.2+0.0s
[1040/1120]	[L1: 0.0307]	3.6+0.0s
[1080/1120]	[L1: 0.0308]	3.9+0.0s
[1120/1120]	[L1: 0.0309]	3.7+0.0s

Evaluation:
[RSSCN7 x4]	psnr: 27.693 (Best: 27.747 @epoch 251)
Total time: 9.08s

[Epoch 254]	Learning rate: 1.00e-4
[40/1120]	[L1: 0.0313]	4.0+0.1s
[80/1120]	[L1: 0.0280]	4.1+0.0s
[120/1120]	[L1: 0.0290]	3.7+0.0s
[160/1120]	[L1: 0.0307]	3.3+0.0s
[200/1120]	[L1: 0.0301]	4.0+0.0s
[240/1120]	[L1: 0.0303]	4.1+0.0s
[280/1120]	[L1: 0.0303]	4.2+0.0s
[320/1120]	[L1: 0.0309]	3.8+0.0s
[360/1120]	[L1: 0.0304]	2.8+0.0s
[400/1120]	[L1: 0.0303]	2.3+0.0s
[440/1120]	[L1: 0.0305]	2.4+0.0s
[480/1120]	[L1: 0.0306]	2.3+0.0s
[520/1120]	[L1: 0.0307]	2.4+0.0s
[560/1120]	[L1: 0.0307]	2.3+0.0s
[600/1120]	[L1: 0.0309]	2.4+0.0s
[640/1120]	[L1: 0.0308]	2.3+0.0s
[680/1120]	[L1: 0.0310]	2.5+0.0s
[720/1120]	[L1: 0.0309]	2.3+0.0s
[760/1120]	[L1: 0.0310]	2.6+0.0s
[800/1120]	[L1: 0.0312]	2.5+0.0s
[840/1120]	[L1: 0.0313]	2.3+0.0s
[880/1120]	[L1: 0.0312]	2.4+0.0s
[920/1120]	[L1: 0.0310]	2.3+0.0s
[960/1120]	[L1: 0.0308]	2.4+0.0s
[1000/1120]	[L1: 0.0309]	2.3+0.0s
[1040/1120]	[L1: 0.0308]	2.4+0.0s
[1080/1120]	[L1: 0.0309]	2.3+0.0s
[1120/1120]	[L1: 0.0309]	2.4+0.0s

Evaluation:
[RSSCN7 x4]	psnr: 27.735 (Best: 27.747 @epoch 251)
Total time: 7.43s

[Epoch 255]	Learning rate: 1.00e-4
[40/1120]	[L1: 0.0332]	2.4+0.1s
[80/1120]	[L1: 0.0314]	2.3+0.0s
[120/1120]	[L1: 0.0322]	2.4+0.0s
[160/1120]	[L1: 0.0326]	2.3+0.0s
[200/1120]	[L1: 0.0315]	2.4+0.0s
[240/1120]	[L1: 0.0322]	2.3+0.0s
[280/1120]	[L1: 0.0322]	2.3+0.0s
[320/1120]	[L1: 0.0316]	2.4+0.0s
[360/1120]	[L1: 0.0314]	3.4+0.0s
[400/1120]	[L1: 0.0311]	3.7+0.0s
[440/1120]	[L1: 0.0310]	3.7+0.0s
[480/1120]	[L1: 0.0313]	3.7+0.0s
[520/1120]	[L1: 0.0314]	3.8+0.0s
[560/1120]	[L1: 0.0313]	3.6+0.0s
[600/1120]	[L1: 0.0310]	3.1+0.0s
[640/1120]	[L1: 0.0309]	3.4+0.0s
[680/1120]	[L1: 0.0311]	3.1+0.0s
[720/1120]	[L1: 0.0310]	3.3+0.0s
[760/1120]	[L1: 0.0310]	3.5+0.0s
[800/1120]	[L1: 0.0308]	3.6+0.0s
[840/1120]	[L1: 0.0308]	3.3+0.0s
[880/1120]	[L1: 0.0308]	3.7+0.0s
[920/1120]	[L1: 0.0308]	3.6+0.1s
[960/1120]	[L1: 0.0311]	4.1+0.0s
[1000/1120]	[L1: 0.0311]	4.0+0.0s
[1040/1120]	[L1: 0.0310]	3.7+0.0s
[1080/1120]	[L1: 0.0310]	3.9+0.0s
[1120/1120]	[L1: 0.0309]	3.5+0.0s

Evaluation:
[RSSCN7 x4]	psnr: 27.704 (Best: 27.747 @epoch 251)
Total time: 9.50s

[Epoch 256]	Learning rate: 1.00e-4
[40/1120]	[L1: 0.0293]	3.5+0.0s
[80/1120]	[L1: 0.0279]	3.5+0.0s
[120/1120]	[L1: 0.0283]	3.5+0.0s
[160/1120]	[L1: 0.0301]	2.4+0.0s
[200/1120]	[L1: 0.0302]	2.4+0.0s
[240/1120]	[L1: 0.0309]	2.5+0.0s
[280/1120]	[L1: 0.0311]	2.7+0.0s
[320/1120]	[L1: 0.0312]	2.4+0.0s
[360/1120]	[L1: 0.0317]	2.3+0.0s
[400/1120]	[L1: 0.0316]	2.3+0.0s
[440/1120]	[L1: 0.0312]	2.3+0.0s
[480/1120]	[L1: 0.0309]	2.4+0.0s
[520/1120]	[L1: 0.0306]	2.3+0.0s
[560/1120]	[L1: 0.0308]	2.2+0.0s
[600/1120]	[L1: 0.0309]	2.3+0.0s
[640/1120]	[L1: 0.0309]	2.3+0.0s
[680/1120]	[L1: 0.0310]	2.4+0.0s
[720/1120]	[L1: 0.0306]	2.3+0.0s
[760/1120]	[L1: 0.0306]	2.3+0.0s
[800/1120]	[L1: 0.0305]	2.3+0.0s
[840/1120]	[L1: 0.0305]	2.3+0.0s
[880/1120]	[L1: 0.0305]	2.3+0.0s
[920/1120]	[L1: 0.0305]	2.6+0.0s
[960/1120]	[L1: 0.0306]	2.5+0.0s
[1000/1120]	[L1: 0.0306]	2.3+0.0s
[1040/1120]	[L1: 0.0306]	2.3+0.0s
[1080/1120]	[L1: 0.0305]	2.3+0.0s
[1120/1120]	[L1: 0.0308]	2.4+0.0s

Evaluation:
[RSSCN7 x4]	psnr: 27.729 (Best: 27.747 @epoch 251)
Total time: 7.48s

[Epoch 257]	Learning rate: 1.00e-4
[40/1120]	[L1: 0.0277]	2.5+0.0s
[80/1120]	[L1: 0.0301]	2.4+0.0s
[120/1120]	[L1: 0.0308]	2.4+0.0s
[160/1120]	[L1: 0.0308]	3.6+0.0s
[200/1120]	[L1: 0.0304]	3.7+0.0s
[240/1120]	[L1: 0.0305]	3.7+0.0s
[280/1120]	[L1: 0.0306]	4.2+0.0s
[320/1120]	[L1: 0.0310]	3.8+0.0s
[360/1120]	[L1: 0.0305]	3.6+0.0s
[400/1120]	[L1: 0.0306]	3.3+0.0s
[440/1120]	[L1: 0.0311]	3.5+0.0s
[480/1120]	[L1: 0.0314]	3.2+0.0s
[520/1120]	[L1: 0.0312]	3.2+0.0s
[560/1120]	[L1: 0.0312]	3.1+0.0s
[600/1120]	[L1: 0.0311]	3.4+0.0s
[640/1120]	[L1: 0.0311]	3.7+0.0s
[680/1120]	[L1: 0.0312]	4.4+0.0s
[720/1120]	[L1: 0.0315]	4.2+0.0s
[760/1120]	[L1: 0.0315]	4.3+0.0s
[800/1120]	[L1: 0.0316]	4.4+0.0s
[840/1120]	[L1: 0.0315]	3.6+0.0s
[880/1120]	[L1: 0.0314]	3.6+0.0s
[920/1120]	[L1: 0.0313]	3.5+0.0s
[960/1120]	[L1: 0.0313]	4.2+0.0s
[1000/1120]	[L1: 0.0312]	3.4+0.1s
[1040/1120]	[L1: 0.0312]	4.2+0.0s
[1080/1120]	[L1: 0.0310]	3.8+0.0s
[1120/1120]	[L1: 0.0310]	3.3+0.0s

Evaluation:
[RSSCN7 x4]	psnr: 27.742 (Best: 27.747 @epoch 251)
Total time: 7.44s

[Epoch 258]	Learning rate: 1.00e-4
[40/1120]	[L1: 0.0356]	2.4+0.1s
[80/1120]	[L1: 0.0329]	2.3+0.0s
[120/1120]	[L1: 0.0321]	2.3+0.0s
[160/1120]	[L1: 0.0319]	2.3+0.0s
[200/1120]	[L1: 0.0318]	2.4+0.0s
[240/1120]	[L1: 0.0314]	2.3+0.0s
[280/1120]	[L1: 0.0312]	2.3+0.0s
[320/1120]	[L1: 0.0312]	2.3+0.0s
[360/1120]	[L1: 0.0308]	2.3+0.0s
[400/1120]	[L1: 0.0307]	2.4+0.0s
[440/1120]	[L1: 0.0308]	2.3+0.0s
[480/1120]	[L1: 0.0306]	2.3+0.0s
[520/1120]	[L1: 0.0307]	2.3+0.0s
[560/1120]	[L1: 0.0308]	2.3+0.0s
[600/1120]	[L1: 0.0307]	2.4+0.0s
[640/1120]	[L1: 0.0307]	2.3+0.0s
[680/1120]	[L1: 0.0307]	2.3+0.0s
[720/1120]	[L1: 0.0308]	2.3+0.0s
[760/1120]	[L1: 0.0308]	2.4+0.0s
[800/1120]	[L1: 0.0309]	2.3+0.0s
[840/1120]	[L1: 0.0310]	2.3+0.0s
[880/1120]	[L1: 0.0311]	2.3+0.0s
[920/1120]	[L1: 0.0310]	2.3+0.0s
[960/1120]	[L1: 0.0310]	2.4+0.0s
[1000/1120]	[L1: 0.0311]	2.3+0.0s
[1040/1120]	[L1: 0.0311]	2.3+0.0s
[1080/1120]	[L1: 0.0310]	2.3+0.0s
[1120/1120]	[L1: 0.0309]	2.4+0.0s

Evaluation:
[RSSCN7 x4]	psnr: 27.742 (Best: 27.747 @epoch 251)
Total time: 9.58s

[Epoch 259]	Learning rate: 1.00e-4
[40/1120]	[L1: 0.0289]	3.2+0.0s
[80/1120]	[L1: 0.0283]	3.5+0.0s
[120/1120]	[L1: 0.0285]	3.5+0.0s
[160/1120]	[L1: 0.0285]	4.1+0.0s
[200/1120]	[L1: 0.0295]	3.9+0.0s
[240/1120]	[L1: 0.0301]	3.9+0.0s
[280/1120]	[L1: 0.0305]	3.9+0.0s
[320/1120]	[L1: 0.0309]	3.9+0.0s
[360/1120]	[L1: 0.0308]	3.3+0.0s
[400/1120]	[L1: 0.0310]	4.2+0.0s
[440/1120]	[L1: 0.0307]	4.7+0.0s
[480/1120]	[L1: 0.0312]	4.2+0.0s
[520/1120]	[L1: 0.0315]	4.0+0.0s
[560/1120]	[L1: 0.0317]	3.9+0.0s
[600/1120]	[L1: 0.0316]	3.4+0.0s
[640/1120]	[L1: 0.0318]	3.3+0.0s
[680/1120]	[L1: 0.0318]	3.3+0.0s
[720/1120]	[L1: 0.0317]	3.4+0.0s
[760/1120]	[L1: 0.0312]	3.5+0.0s
[800/1120]	[L1: 0.0311]	3.5+0.0s
[840/1120]	[L1: 0.0309]	3.8+0.0s
[880/1120]	[L1: 0.0308]	3.3+0.0s
[920/1120]	[L1: 0.0307]	2.8+0.0s
[960/1120]	[L1: 0.0308]	2.9+0.0s
[1000/1120]	[L1: 0.0308]	2.3+0.0s
[1040/1120]	[L1: 0.0309]	2.3+0.0s
[1080/1120]	[L1: 0.0308]	2.3+0.0s
[1120/1120]	[L1: 0.0309]	2.2+0.0s

Evaluation:
[RSSCN7 x4]	psnr: 27.733 (Best: 27.747 @epoch 251)
Total time: 7.40s

[Epoch 260]	Learning rate: 1.00e-4
[40/1120]	[L1: 0.0299]	2.4+0.1s
[80/1120]	[L1: 0.0291]	2.5+0.0s
[120/1120]	[L1: 0.0284]	2.3+0.0s
[160/1120]	[L1: 0.0292]	2.3+0.0s
[200/1120]	[L1: 0.0291]	2.4+0.0s
[240/1120]	[L1: 0.0293]	2.3+0.0s
[280/1120]	[L1: 0.0299]	2.4+0.0s
[320/1120]	[L1: 0.0296]	2.3+0.0s
[360/1120]	[L1: 0.0303]	2.4+0.0s
[400/1120]	[L1: 0.0302]	2.3+0.0s
[440/1120]	[L1: 0.0304]	2.4+0.0s
[480/1120]	[L1: 0.0307]	2.3+0.0s
[520/1120]	[L1: 0.0311]	2.4+0.0s
[560/1120]	[L1: 0.0311]	2.3+0.0s
[600/1120]	[L1: 0.0310]	2.4+0.0s
[640/1120]	[L1: 0.0310]	2.3+0.0s
[680/1120]	[L1: 0.0311]	2.5+0.0s
[720/1120]	[L1: 0.0311]	2.3+0.0s
[760/1120]	[L1: 0.0313]	2.4+0.0s
[800/1120]	[L1: 0.0311]	2.3+0.0s
[840/1120]	[L1: 0.0309]	2.4+0.0s
[880/1120]	[L1: 0.0311]	2.3+0.0s
[920/1120]	[L1: 0.0310]	3.7+0.0s
[960/1120]	[L1: 0.0309]	4.3+0.0s
[1000/1120]	[L1: 0.0310]	3.3+0.0s
[1040/1120]	[L1: 0.0311]	3.8+0.0s
[1080/1120]	[L1: 0.0311]	3.9+0.0s
[1120/1120]	[L1: 0.0310]	4.0+0.0s

Evaluation:
[RSSCN7 x4]	psnr: 27.728 (Best: 27.747 @epoch 251)
Total time: 8.86s

[Epoch 261]	Learning rate: 1.00e-4
[40/1120]	[L1: 0.0309]	3.9+0.0s
[80/1120]	[L1: 0.0304]	3.9+0.0s
[120/1120]	[L1: 0.0301]	3.6+0.0s
[160/1120]	[L1: 0.0302]	3.4+0.0s
[200/1120]	[L1: 0.0293]	4.0+0.0s
[240/1120]	[L1: 0.0298]	4.2+0.0s
[280/1120]	[L1: 0.0300]	4.5+0.0s
[320/1120]	[L1: 0.0293]	4.1+0.0s
[360/1120]	[L1: 0.0293]	4.0+0.0s
[400/1120]	[L1: 0.0297]	3.7+0.0s
[440/1120]	[L1: 0.0298]	3.9+0.0s
[480/1120]	[L1: 0.0298]	3.7+0.0s
[520/1120]	[L1: 0.0304]	4.0+0.0s
[560/1120]	[L1: 0.0305]	4.1+0.0s
[600/1120]	[L1: 0.0304]	3.7+0.0s
[640/1120]	[L1: 0.0307]	3.5+0.0s
[680/1120]	[L1: 0.0306]	2.6+0.0s
[720/1120]	[L1: 0.0307]	2.5+0.0s
[760/1120]	[L1: 0.0306]	2.3+0.0s
[800/1120]	[L1: 0.0303]	2.8+0.0s
[840/1120]	[L1: 0.0305]	2.6+0.0s
[880/1120]	[L1: 0.0306]	2.4+0.0s
[920/1120]	[L1: 0.0307]	2.6+0.0s
[960/1120]	[L1: 0.0307]	3.0+0.0s
[1000/1120]	[L1: 0.0307]	2.8+0.0s
[1040/1120]	[L1: 0.0306]	2.7+0.0s
[1080/1120]	[L1: 0.0307]	2.4+0.0s
[1120/1120]	[L1: 0.0308]	2.8+0.0s

Evaluation:
[RSSCN7 x4]	psnr: 27.719 (Best: 27.747 @epoch 251)
Total time: 7.48s

[Epoch 262]	Learning rate: 1.00e-4
[40/1120]	[L1: 0.0266]	2.3+0.1s
[80/1120]	[L1: 0.0283]	2.4+0.0s
[120/1120]	[L1: 0.0299]	2.3+0.0s
[160/1120]	[L1: 0.0306]	2.3+0.0s
[200/1120]	[L1: 0.0295]	2.4+0.0s
[240/1120]	[L1: 0.0301]	2.3+0.0s
[280/1120]	[L1: 0.0303]	2.3+0.0s
[320/1120]	[L1: 0.0304]	2.4+0.0s
[360/1120]	[L1: 0.0306]	2.3+0.0s
[400/1120]	[L1: 0.0304]	2.3+0.0s
[440/1120]	[L1: 0.0305]	2.4+0.0s
[480/1120]	[L1: 0.0307]	2.3+0.0s
[520/1120]	[L1: 0.0304]	2.3+0.0s
[560/1120]	[L1: 0.0304]	2.3+0.0s
[600/1120]	[L1: 0.0301]	2.2+0.0s
[640/1120]	[L1: 0.0301]	3.9+0.0s
[680/1120]	[L1: 0.0303]	3.6+0.0s
[720/1120]	[L1: 0.0303]	3.7+0.0s
[760/1120]	[L1: 0.0305]	3.9+0.0s
[800/1120]	[L1: 0.0304]	3.7+0.0s
[840/1120]	[L1: 0.0304]	3.7+0.0s
[880/1120]	[L1: 0.0304]	4.3+0.0s
[920/1120]	[L1: 0.0305]	3.8+0.0s
[960/1120]	[L1: 0.0308]	4.0+0.0s
[1000/1120]	[L1: 0.0307]	4.0+0.0s
[1040/1120]	[L1: 0.0307]	4.0+0.0s
[1080/1120]	[L1: 0.0307]	4.8+0.0s
[1120/1120]	[L1: 0.0308]	3.6+0.0s

Evaluation:
[RSSCN7 x4]	psnr: 27.633 (Best: 27.747 @epoch 251)
Total time: 9.21s

[Epoch 263]	Learning rate: 1.00e-4
[40/1120]	[L1: 0.0326]	3.8+0.0s
[80/1120]	[L1: 0.0311]	4.2+0.0s
[120/1120]	[L1: 0.0309]	3.9+0.0s
[160/1120]	[L1: 0.0308]	4.0+0.0s
[200/1120]	[L1: 0.0310]	4.3+0.0s
[240/1120]	[L1: 0.0309]	3.8+0.0s
[280/1120]	[L1: 0.0312]	3.2+0.0s
[320/1120]	[L1: 0.0309]	4.2+0.0s
[360/1120]	[L1: 0.0307]	2.9+0.0s
[400/1120]	[L1: 0.0307]	2.6+0.0s
[440/1120]	[L1: 0.0307]	2.3+0.0s
[480/1120]	[L1: 0.0311]	2.3+0.0s
[520/1120]	[L1: 0.0309]	2.4+0.0s
[560/1120]	[L1: 0.0310]	2.3+0.0s
[600/1120]	[L1: 0.0308]	2.3+0.0s
[640/1120]	[L1: 0.0309]	2.4+0.0s
[680/1120]	[L1: 0.0308]	2.3+0.0s
[720/1120]	[L1: 0.0306]	2.3+0.0s
[760/1120]	[L1: 0.0307]	2.4+0.0s
[800/1120]	[L1: 0.0307]	2.3+0.0s
[840/1120]	[L1: 0.0307]	2.3+0.0s
[880/1120]	[L1: 0.0307]	2.4+0.0s
[920/1120]	[L1: 0.0309]	2.3+0.0s
[960/1120]	[L1: 0.0308]	2.3+0.0s
[1000/1120]	[L1: 0.0309]	2.4+0.0s
[1040/1120]	[L1: 0.0310]	2.3+0.0s
[1080/1120]	[L1: 0.0309]	2.3+0.0s
[1120/1120]	[L1: 0.0310]	2.4+0.0s

Evaluation:
[RSSCN7 x4]	psnr: 27.738 (Best: 27.747 @epoch 251)
Total time: 7.38s

[Epoch 264]	Learning rate: 1.00e-4
[40/1120]	[L1: 0.0318]	2.4+0.0s
[80/1120]	[L1: 0.0302]	2.4+0.0s
[120/1120]	[L1: 0.0290]	2.3+0.0s
[160/1120]	[L1: 0.0296]	2.4+0.0s
[200/1120]	[L1: 0.0301]	2.3+0.0s
[240/1120]	[L1: 0.0295]	2.3+0.0s
[280/1120]	[L1: 0.0300]	2.4+0.0s
[320/1120]	[L1: 0.0299]	2.6+0.0s
[360/1120]	[L1: 0.0297]	3.3+0.0s
[400/1120]	[L1: 0.0299]	3.9+0.0s
[440/1120]	[L1: 0.0304]	3.6+0.0s
[480/1120]	[L1: 0.0303]	3.3+0.0s
[520/1120]	[L1: 0.0303]	4.2+0.0s
[560/1120]	[L1: 0.0306]	4.3+0.0s
[600/1120]	[L1: 0.0307]	4.1+0.0s
[640/1120]	[L1: 0.0308]	3.5+0.0s
[680/1120]	[L1: 0.0307]	3.4+0.0s
[720/1120]	[L1: 0.0306]	3.2+0.0s
[760/1120]	[L1: 0.0308]	3.6+0.0s
[800/1120]	[L1: 0.0308]	4.3+0.0s
[840/1120]	[L1: 0.0308]	4.3+0.0s
[880/1120]	[L1: 0.0308]	4.0+0.0s
[920/1120]	[L1: 0.0310]	3.7+0.0s
[960/1120]	[L1: 0.0312]	3.7+0.0s
[1000/1120]	[L1: 0.0311]	3.7+0.0s
[1040/1120]	[L1: 0.0311]	4.2+0.0s
[1080/1120]	[L1: 0.0309]	4.4+0.0s
[1120/1120]	[L1: 0.0309]	4.0+0.0s

Evaluation:
[RSSCN7 x4]	psnr: 27.741 (Best: 27.747 @epoch 251)
Total time: 9.12s

[Epoch 265]	Learning rate: 1.00e-4
[40/1120]	[L1: 0.0330]	3.9+0.0s
[80/1120]	[L1: 0.0324]	2.9+0.0s
[120/1120]	[L1: 0.0316]	2.3+0.0s
[160/1120]	[L1: 0.0311]	2.4+0.0s
[200/1120]	[L1: 0.0310]	2.3+0.0s
[240/1120]	[L1: 0.0310]	2.3+0.0s
[280/1120]	[L1: 0.0306]	2.4+0.0s
[320/1120]	[L1: 0.0309]	2.3+0.0s
[360/1120]	[L1: 0.0309]	2.3+0.0s
[400/1120]	[L1: 0.0307]	2.4+0.0s
[440/1120]	[L1: 0.0308]	2.5+0.0s
[480/1120]	[L1: 0.0305]	2.4+0.0s
[520/1120]	[L1: 0.0308]	2.4+0.0s
[560/1120]	[L1: 0.0309]	2.3+0.0s
[600/1120]	[L1: 0.0307]	2.3+0.0s
[640/1120]	[L1: 0.0308]	2.4+0.0s
[680/1120]	[L1: 0.0309]	2.3+0.0s
[720/1120]	[L1: 0.0309]	2.3+0.0s
[760/1120]	[L1: 0.0309]	2.4+0.0s
[800/1120]	[L1: 0.0306]	2.3+0.0s
[840/1120]	[L1: 0.0308]	2.3+0.0s
[880/1120]	[L1: 0.0309]	2.4+0.0s
[920/1120]	[L1: 0.0309]	2.3+0.0s
[960/1120]	[L1: 0.0308]	2.3+0.0s
[1000/1120]	[L1: 0.0310]	2.4+0.0s
[1040/1120]	[L1: 0.0309]	2.3+0.0s
[1080/1120]	[L1: 0.0309]	2.3+0.0s
[1120/1120]	[L1: 0.0309]	2.4+0.0s

Evaluation:
[RSSCN7 x4]	psnr: 27.695 (Best: 27.747 @epoch 251)
Total time: 7.46s

[Epoch 266]	Learning rate: 1.00e-4
[40/1120]	[L1: 0.0296]	2.9+0.0s
[80/1120]	[L1: 0.0315]	4.1+0.0s
[120/1120]	[L1: 0.0318]	4.1+0.0s
[160/1120]	[L1: 0.0317]	3.7+0.0s
[200/1120]	[L1: 0.0314]	3.6+0.0s
[240/1120]	[L1: 0.0317]	4.7+0.0s
[280/1120]	[L1: 0.0321]	4.2+0.0s
[320/1120]	[L1: 0.0319]	3.2+0.0s
[360/1120]	[L1: 0.0316]	3.9+0.0s
[400/1120]	[L1: 0.0318]	4.4+0.0s
[440/1120]	[L1: 0.0316]	4.6+0.0s
[480/1120]	[L1: 0.0314]	4.5+0.0s
[520/1120]	[L1: 0.0311]	4.6+0.0s
[560/1120]	[L1: 0.0310]	4.5+0.0s
[600/1120]	[L1: 0.0310]	4.7+0.0s
[640/1120]	[L1: 0.0311]	5.3+0.0s
[680/1120]	[L1: 0.0310]	4.2+0.0s
[720/1120]	[L1: 0.0309]	4.0+0.0s
[760/1120]	[L1: 0.0309]	3.9+0.0s
[800/1120]	[L1: 0.0308]	3.2+0.0s
[840/1120]	[L1: 0.0308]	3.6+0.0s
[880/1120]	[L1: 0.0307]	3.9+0.0s
[920/1120]	[L1: 0.0308]	4.3+0.0s
[960/1120]	[L1: 0.0307]	3.5+0.0s
[1000/1120]	[L1: 0.0307]	2.8+0.0s
[1040/1120]	[L1: 0.0306]	2.6+0.0s
[1080/1120]	[L1: 0.0307]	2.3+0.0s
[1120/1120]	[L1: 0.0308]	2.3+0.0s

Evaluation:
[RSSCN7 x4]	psnr: 27.717 (Best: 27.747 @epoch 251)
Total time: 7.42s

[Epoch 267]	Learning rate: 1.00e-4
[40/1120]	[L1: 0.0311]	2.5+0.0s
[80/1120]	[L1: 0.0314]	2.8+0.0s
[120/1120]	[L1: 0.0331]	2.6+0.0s
[160/1120]	[L1: 0.0318]	2.4+0.0s
[200/1120]	[L1: 0.0309]	2.3+0.0s
[240/1120]	[L1: 0.0307]	2.3+0.0s
[280/1120]	[L1: 0.0311]	2.4+0.0s
[320/1120]	[L1: 0.0314]	2.3+0.0s
[360/1120]	[L1: 0.0318]	2.3+0.0s
[400/1120]	[L1: 0.0318]	2.3+0.0s
[440/1120]	[L1: 0.0320]	2.5+0.0s
[480/1120]	[L1: 0.0316]	2.3+0.0s
[520/1120]	[L1: 0.0310]	2.5+0.0s
[560/1120]	[L1: 0.0311]	2.4+0.0s
[600/1120]	[L1: 0.0310]	2.5+0.0s
[640/1120]	[L1: 0.0312]	2.4+0.0s
[680/1120]	[L1: 0.0313]	2.4+0.0s
[720/1120]	[L1: 0.0315]	2.8+0.0s
[760/1120]	[L1: 0.0315]	3.2+0.0s
[800/1120]	[L1: 0.0314]	2.9+0.0s
[840/1120]	[L1: 0.0311]	3.2+0.0s
[880/1120]	[L1: 0.0309]	2.9+0.0s
[920/1120]	[L1: 0.0308]	3.9+0.0s
[960/1120]	[L1: 0.0309]	4.2+0.0s
[1000/1120]	[L1: 0.0309]	3.7+0.0s
[1040/1120]	[L1: 0.0309]	4.4+0.0s
[1080/1120]	[L1: 0.0309]	4.2+0.0s
[1120/1120]	[L1: 0.0309]	3.9+0.0s

Evaluation:
[RSSCN7 x4]	psnr: 27.706 (Best: 27.747 @epoch 251)
Total time: 9.99s

[Epoch 268]	Learning rate: 1.00e-4
[40/1120]	[L1: 0.0304]	4.8+0.1s
[80/1120]	[L1: 0.0317]	4.1+0.0s
[120/1120]	[L1: 0.0305]	4.1+0.0s
[160/1120]	[L1: 0.0309]	3.6+0.0s
[200/1120]	[L1: 0.0308]	3.6+0.0s
[240/1120]	[L1: 0.0306]	3.8+0.0s
[280/1120]	[L1: 0.0305]	3.5+0.0s
[320/1120]	[L1: 0.0305]	3.9+0.0s
[360/1120]	[L1: 0.0311]	3.2+0.0s
[400/1120]	[L1: 0.0315]	3.4+0.0s
[440/1120]	[L1: 0.0316]	4.0+0.0s
[480/1120]	[L1: 0.0318]	5.0+0.1s
[520/1120]	[L1: 0.0314]	4.2+0.0s
[560/1120]	[L1: 0.0316]	3.9+0.0s
[600/1120]	[L1: 0.0314]	3.8+0.0s
[640/1120]	[L1: 0.0313]	4.0+0.0s
[680/1120]	[L1: 0.0312]	2.6+0.0s
[720/1120]	[L1: 0.0312]	2.7+0.0s
[760/1120]	[L1: 0.0311]	2.3+0.0s
[800/1120]	[L1: 0.0309]	2.3+0.0s
[840/1120]	[L1: 0.0309]	2.3+0.0s
[880/1120]	[L1: 0.0310]	2.3+0.0s
[920/1120]	[L1: 0.0309]	2.4+0.0s
[960/1120]	[L1: 0.0308]	2.3+0.0s
[1000/1120]	[L1: 0.0308]	2.3+0.0s
[1040/1120]	[L1: 0.0308]	2.3+0.0s
[1080/1120]	[L1: 0.0308]	2.3+0.0s
[1120/1120]	[L1: 0.0308]	2.3+0.0s

Evaluation:
[RSSCN7 x4]	psnr: 27.729 (Best: 27.747 @epoch 251)
Total time: 7.44s

[Epoch 269]	Learning rate: 1.00e-4
[40/1120]	[L1: 0.0310]	2.4+0.0s
[80/1120]	[L1: 0.0317]	2.5+0.0s
[120/1120]	[L1: 0.0318]	2.8+0.0s
[160/1120]	[L1: 0.0311]	2.7+0.0s
[200/1120]	[L1: 0.0302]	4.1+0.0s
[240/1120]	[L1: 0.0300]	2.9+0.0s
[280/1120]	[L1: 0.0305]	2.6+0.0s
[320/1120]	[L1: 0.0306]	2.3+0.0s
[360/1120]	[L1: 0.0307]	2.3+0.0s
[400/1120]	[L1: 0.0304]	2.4+0.0s
[440/1120]	[L1: 0.0306]	2.3+0.0s
[480/1120]	[L1: 0.0304]	2.3+0.0s
[520/1120]	[L1: 0.0303]	2.4+0.0s
[560/1120]	[L1: 0.0304]	2.3+0.0s
[600/1120]	[L1: 0.0303]	2.6+0.0s
[640/1120]	[L1: 0.0305]	4.1+0.0s
[680/1120]	[L1: 0.0304]	3.9+0.0s
[720/1120]	[L1: 0.0305]	4.4+0.0s
[760/1120]	[L1: 0.0305]	3.7+0.0s
[800/1120]	[L1: 0.0305]	3.8+0.0s
[840/1120]	[L1: 0.0306]	4.7+0.0s
[880/1120]	[L1: 0.0309]	4.0+0.0s
[920/1120]	[L1: 0.0309]	3.8+0.1s
[960/1120]	[L1: 0.0308]	3.7+0.1s
[1000/1120]	[L1: 0.0308]	3.9+0.0s
[1040/1120]	[L1: 0.0308]	4.1+0.0s
[1080/1120]	[L1: 0.0309]	4.2+0.0s
[1120/1120]	[L1: 0.0309]	3.6+0.0s

Evaluation:
[RSSCN7 x4]	psnr: 27.707 (Best: 27.747 @epoch 251)
Total time: 10.09s

[Epoch 270]	Learning rate: 1.00e-4
[40/1120]	[L1: 0.0306]	5.0+0.0s
[80/1120]	[L1: 0.0320]	3.9+0.0s
[120/1120]	[L1: 0.0307]	3.7+0.0s
[160/1120]	[L1: 0.0313]	3.8+0.0s
[200/1120]	[L1: 0.0308]	3.8+0.0s
[240/1120]	[L1: 0.0310]	3.4+0.0s
[280/1120]	[L1: 0.0309]	3.4+0.0s
[320/1120]	[L1: 0.0304]	4.0+0.0s
[360/1120]	[L1: 0.0301]	2.3+0.0s
[400/1120]	[L1: 0.0310]	2.6+0.0s
[440/1120]	[L1: 0.0307]	2.3+0.0s
[480/1120]	[L1: 0.0309]	2.4+0.0s
[520/1120]	[L1: 0.0310]	2.6+0.0s
[560/1120]	[L1: 0.0309]	2.4+0.0s
[600/1120]	[L1: 0.0308]	2.4+0.0s
[640/1120]	[L1: 0.0310]	2.4+0.0s
[680/1120]	[L1: 0.0309]	2.4+0.0s
[720/1120]	[L1: 0.0311]	2.3+0.0s
[760/1120]	[L1: 0.0310]	2.3+0.0s
[800/1120]	[L1: 0.0308]	2.4+0.0s
[840/1120]	[L1: 0.0306]	2.3+0.0s
[880/1120]	[L1: 0.0308]	2.3+0.0s
[920/1120]	[L1: 0.0308]	2.3+0.0s
[960/1120]	[L1: 0.0307]	2.3+0.0s
[1000/1120]	[L1: 0.0308]	2.3+0.0s
[1040/1120]	[L1: 0.0308]	2.5+0.0s
[1080/1120]	[L1: 0.0309]	2.5+0.0s
[1120/1120]	[L1: 0.0309]	2.4+0.0s

Evaluation:
[RSSCN7 x4]	psnr: 27.732 (Best: 27.747 @epoch 251)
Total time: 8.00s

[Epoch 271]	Learning rate: 1.00e-4
[40/1120]	[L1: 0.0304]	2.5+0.0s
[80/1120]	[L1: 0.0301]	2.4+0.0s
[120/1120]	[L1: 0.0300]	2.3+0.0s
[160/1120]	[L1: 0.0307]	2.3+0.0s
[200/1120]	[L1: 0.0306]	2.3+0.0s
[240/1120]	[L1: 0.0304]	2.4+0.0s
[280/1120]	[L1: 0.0307]	2.5+0.0s
[320/1120]	[L1: 0.0304]	2.8+0.0s
[360/1120]	[L1: 0.0309]	3.0+0.0s
[400/1120]	[L1: 0.0310]	4.7+0.0s
[440/1120]	[L1: 0.0310]	4.3+0.1s
[480/1120]	[L1: 0.0307]	3.9+0.0s
[520/1120]	[L1: 0.0306]	4.5+0.0s
[560/1120]	[L1: 0.0306]	4.5+0.0s
[600/1120]	[L1: 0.0308]	4.6+0.1s
[640/1120]	[L1: 0.0306]	4.3+0.0s
[680/1120]	[L1: 0.0305]	4.5+0.1s
[720/1120]	[L1: 0.0305]	5.0+0.0s
[760/1120]	[L1: 0.0304]	4.6+0.0s
[800/1120]	[L1: 0.0304]	4.9+0.0s
[840/1120]	[L1: 0.0305]	4.4+0.0s
[880/1120]	[L1: 0.0307]	4.7+0.0s
[920/1120]	[L1: 0.0306]	4.9+0.0s
[960/1120]	[L1: 0.0308]	5.4+0.0s
[1000/1120]	[L1: 0.0307]	4.6+0.0s
[1040/1120]	[L1: 0.0308]	5.0+0.0s
[1080/1120]	[L1: 0.0309]	4.8+0.0s
[1120/1120]	[L1: 0.0309]	5.6+0.0s

Evaluation:
[RSSCN7 x4]	psnr: 27.728 (Best: 27.747 @epoch 251)
Total time: 9.70s

[Epoch 272]	Learning rate: 1.00e-4
[40/1120]	[L1: 0.0302]	3.9+0.0s
[80/1120]	[L1: 0.0295]	3.0+0.0s
[120/1120]	[L1: 0.0304]	2.4+0.0s
[160/1120]	[L1: 0.0302]	2.5+0.0s
[200/1120]	[L1: 0.0296]	2.5+0.0s
[240/1120]	[L1: 0.0291]	2.4+0.0s
[280/1120]	[L1: 0.0296]	2.3+0.0s
[320/1120]	[L1: 0.0300]	2.4+0.0s
[360/1120]	[L1: 0.0306]	2.3+0.0s
[400/1120]	[L1: 0.0305]	2.3+0.0s
[440/1120]	[L1: 0.0311]	2.4+0.0s
[480/1120]	[L1: 0.0313]	2.3+0.0s
[520/1120]	[L1: 0.0312]	2.3+0.0s
[560/1120]	[L1: 0.0312]	2.4+0.0s
[600/1120]	[L1: 0.0312]	2.3+0.0s
[640/1120]	[L1: 0.0312]	2.3+0.0s
[680/1120]	[L1: 0.0313]	2.4+0.0s
[720/1120]	[L1: 0.0311]	2.3+0.0s
[760/1120]	[L1: 0.0312]	2.3+0.0s
[800/1120]	[L1: 0.0310]	2.8+0.0s
[840/1120]	[L1: 0.0311]	2.3+0.0s
[880/1120]	[L1: 0.0308]	2.3+0.0s
[920/1120]	[L1: 0.0308]	2.7+0.0s
[960/1120]	[L1: 0.0308]	2.7+0.0s
[1000/1120]	[L1: 0.0308]	2.3+0.0s
[1040/1120]	[L1: 0.0308]	2.4+0.0s
[1080/1120]	[L1: 0.0307]	2.3+0.0s
[1120/1120]	[L1: 0.0308]	2.4+0.0s

Evaluation:
[RSSCN7 x4]	psnr: 27.675 (Best: 27.747 @epoch 251)
Total time: 7.48s

[Epoch 273]	Learning rate: 1.00e-4
[40/1120]	[L1: 0.0300]	2.7+0.0s
[80/1120]	[L1: 0.0303]	3.4+0.0s
[120/1120]	[L1: 0.0313]	5.2+0.0s
[160/1120]	[L1: 0.0314]	4.4+0.0s
[200/1120]	[L1: 0.0303]	5.4+0.0s
[240/1120]	[L1: 0.0294]	5.8+0.0s
[280/1120]	[L1: 0.0294]	4.7+0.0s
[320/1120]	[L1: 0.0295]	5.0+0.0s
[360/1120]	[L1: 0.0298]	5.2+0.0s
[400/1120]	[L1: 0.0305]	4.9+0.1s
[440/1120]	[L1: 0.0305]	5.8+0.0s
[480/1120]	[L1: 0.0308]	4.8+0.0s
[520/1120]	[L1: 0.0307]	4.8+0.0s
[560/1120]	[L1: 0.0303]	4.8+0.0s
[600/1120]	[L1: 0.0303]	5.4+0.0s
[640/1120]	[L1: 0.0305]	4.7+0.0s
[680/1120]	[L1: 0.0306]	4.6+0.0s
[720/1120]	[L1: 0.0307]	5.3+0.0s
[760/1120]	[L1: 0.0308]	5.5+0.0s
[800/1120]	[L1: 0.0307]	5.0+0.0s
[840/1120]	[L1: 0.0308]	4.5+0.0s
[880/1120]	[L1: 0.0309]	4.5+0.0s
[920/1120]	[L1: 0.0310]	4.6+0.1s
[960/1120]	[L1: 0.0311]	2.6+0.0s
[1000/1120]	[L1: 0.0311]	2.4+0.0s
[1040/1120]	[L1: 0.0309]	2.4+0.0s
[1080/1120]	[L1: 0.0308]	2.3+0.0s
[1120/1120]	[L1: 0.0310]	2.3+0.0s

Evaluation:
[RSSCN7 x4]	psnr: 27.734 (Best: 27.747 @epoch 251)
Total time: 7.53s

[Epoch 274]	Learning rate: 1.00e-4
[40/1120]	[L1: 0.0304]	2.9+0.0s
[80/1120]	[L1: 0.0313]	2.6+0.0s
[120/1120]	[L1: 0.0327]	2.5+0.0s
[160/1120]	[L1: 0.0321]	2.3+0.0s
[200/1120]	[L1: 0.0321]	2.3+0.0s
[240/1120]	[L1: 0.0318]	2.5+0.0s
[280/1120]	[L1: 0.0307]	2.8+0.0s
[320/1120]	[L1: 0.0308]	2.5+0.0s
[360/1120]	[L1: 0.0305]	2.3+0.0s
[400/1120]	[L1: 0.0302]	2.3+0.0s
[440/1120]	[L1: 0.0305]	2.4+0.0s
[480/1120]	[L1: 0.0306]	2.3+0.0s
[520/1120]	[L1: 0.0306]	2.5+0.0s
[560/1120]	[L1: 0.0309]	2.4+0.0s
[600/1120]	[L1: 0.0308]	2.3+0.0s
[640/1120]	[L1: 0.0312]	2.5+0.0s
[680/1120]	[L1: 0.0311]	2.7+0.0s
[720/1120]	[L1: 0.0311]	2.5+0.0s
[760/1120]	[L1: 0.0311]	2.3+0.0s
[800/1120]	[L1: 0.0311]	2.4+0.0s
[840/1120]	[L1: 0.0312]	2.4+0.0s
[880/1120]	[L1: 0.0309]	2.3+0.0s
[920/1120]	[L1: 0.0309]	3.4+0.0s
[960/1120]	[L1: 0.0308]	4.6+0.0s
[1000/1120]	[L1: 0.0308]	5.2+0.0s
[1040/1120]	[L1: 0.0309]	5.3+0.1s
[1080/1120]	[L1: 0.0309]	5.1+0.0s
[1120/1120]	[L1: 0.0308]	5.2+0.0s

Evaluation:
[RSSCN7 x4]	psnr: 27.695 (Best: 27.747 @epoch 251)
Total time: 11.55s

[Epoch 275]	Learning rate: 1.00e-4
[40/1120]	[L1: 0.0312]	4.7+0.1s
[80/1120]	[L1: 0.0346]	5.0+0.0s
[120/1120]	[L1: 0.0327]	5.1+0.0s
[160/1120]	[L1: 0.0318]	4.9+0.0s
[200/1120]	[L1: 0.0316]	5.8+0.0s
[240/1120]	[L1: 0.0313]	4.6+0.0s
[280/1120]	[L1: 0.0308]	4.8+0.0s
[320/1120]	[L1: 0.0303]	5.4+0.0s
[360/1120]	[L1: 0.0299]	5.0+0.0s
[400/1120]	[L1: 0.0299]	3.8+0.0s
[440/1120]	[L1: 0.0296]	4.4+0.0s
[480/1120]	[L1: 0.0295]	4.4+0.0s
[520/1120]	[L1: 0.0301]	3.9+0.0s
[560/1120]	[L1: 0.0305]	2.5+0.0s
[600/1120]	[L1: 0.0304]	2.4+0.0s
[640/1120]	[L1: 0.0306]	2.5+0.0s
[680/1120]	[L1: 0.0303]	2.3+0.0s
[720/1120]	[L1: 0.0302]	2.3+0.0s
[760/1120]	[L1: 0.0303]	2.4+0.0s
[800/1120]	[L1: 0.0302]	2.3+0.0s
[840/1120]	[L1: 0.0304]	2.3+0.0s
[880/1120]	[L1: 0.0303]	2.7+0.0s
[920/1120]	[L1: 0.0305]	2.4+0.0s
[960/1120]	[L1: 0.0307]	2.3+0.0s
[1000/1120]	[L1: 0.0308]	2.5+0.0s
[1040/1120]	[L1: 0.0308]	2.3+0.0s
[1080/1120]	[L1: 0.0309]	2.3+0.0s
[1120/1120]	[L1: 0.0309]	2.4+0.0s

Evaluation:
[RSSCN7 x4]	psnr: 27.749 (Best: 27.749 @epoch 275)
Total time: 7.56s

[Epoch 276]	Learning rate: 1.00e-4
[40/1120]	[L1: 0.0288]	2.4+0.0s
[80/1120]	[L1: 0.0288]	2.6+0.0s
[120/1120]	[L1: 0.0302]	2.5+0.0s
[160/1120]	[L1: 0.0308]	2.8+0.0s
[200/1120]	[L1: 0.0303]	2.4+0.0s
[240/1120]	[L1: 0.0303]	2.5+0.0s
[280/1120]	[L1: 0.0308]	2.4+0.0s
[320/1120]	[L1: 0.0303]	2.4+0.0s
[360/1120]	[L1: 0.0311]	2.4+0.0s
[400/1120]	[L1: 0.0308]	2.6+0.0s
[440/1120]	[L1: 0.0310]	2.5+0.0s
[480/1120]	[L1: 0.0312]	2.4+0.0s
[520/1120]	[L1: 0.0312]	3.4+0.0s
[560/1120]	[L1: 0.0311]	5.5+0.0s
[600/1120]	[L1: 0.0310]	5.3+0.0s
[640/1120]	[L1: 0.0311]	4.7+0.0s
[680/1120]	[L1: 0.0313]	4.4+0.0s
[720/1120]	[L1: 0.0313]	4.9+0.0s
[760/1120]	[L1: 0.0313]	4.9+0.0s
[800/1120]	[L1: 0.0312]	5.1+0.0s
[840/1120]	[L1: 0.0310]	5.3+0.0s
[880/1120]	[L1: 0.0309]	4.6+0.1s
[920/1120]	[L1: 0.0309]	5.1+0.0s
[960/1120]	[L1: 0.0309]	5.1+0.0s
[1000/1120]	[L1: 0.0310]	4.6+0.0s
[1040/1120]	[L1: 0.0309]	3.7+0.0s
[1080/1120]	[L1: 0.0309]	4.6+0.0s
[1120/1120]	[L1: 0.0308]	4.3+0.0s

Evaluation:
[RSSCN7 x4]	psnr: 27.747 (Best: 27.749 @epoch 275)
Total time: 10.61s

[Epoch 277]	Learning rate: 1.00e-4
[40/1120]	[L1: 0.0349]	3.7+0.0s
[80/1120]	[L1: 0.0328]	3.8+0.0s
[120/1120]	[L1: 0.0311]	4.0+0.0s
[160/1120]	[L1: 0.0315]	3.1+0.0s
[200/1120]	[L1: 0.0320]	2.7+0.0s
[240/1120]	[L1: 0.0316]	2.7+0.0s
[280/1120]	[L1: 0.0317]	2.3+0.0s
[320/1120]	[L1: 0.0322]	2.3+0.0s
[360/1120]	[L1: 0.0322]	2.3+0.0s
[400/1120]	[L1: 0.0323]	2.3+0.0s
[440/1120]	[L1: 0.0322]	2.5+0.0s
[480/1120]	[L1: 0.0320]	2.3+0.0s
[520/1120]	[L1: 0.0321]	2.3+0.0s
[560/1120]	[L1: 0.0319]	2.4+0.0s
[600/1120]	[L1: 0.0318]	2.4+0.0s
[640/1120]	[L1: 0.0316]	2.4+0.0s
[680/1120]	[L1: 0.0317]	2.3+0.0s
[720/1120]	[L1: 0.0316]	2.3+0.0s
[760/1120]	[L1: 0.0314]	2.3+0.0s
[800/1120]	[L1: 0.0312]	2.3+0.0s
[840/1120]	[L1: 0.0313]	2.3+0.0s
[880/1120]	[L1: 0.0309]	2.4+0.0s
[920/1120]	[L1: 0.0311]	2.3+0.0s
[960/1120]	[L1: 0.0309]	2.3+0.0s
[1000/1120]	[L1: 0.0310]	2.3+0.0s
[1040/1120]	[L1: 0.0309]	2.3+0.0s
[1080/1120]	[L1: 0.0309]	2.3+0.0s
[1120/1120]	[L1: 0.0309]	2.3+0.0s

Evaluation:
[RSSCN7 x4]	psnr: 27.749 (Best: 27.749 @epoch 277)
Total time: 7.37s

[Epoch 278]	Learning rate: 1.00e-4
[40/1120]	[L1: 0.0295]	2.4+0.0s
[80/1120]	[L1: 0.0288]	2.4+0.0s
[120/1120]	[L1: 0.0294]	2.4+0.0s
[160/1120]	[L1: 0.0296]	4.1+0.0s
[200/1120]	[L1: 0.0302]	4.3+0.0s
[240/1120]	[L1: 0.0297]	4.6+0.0s
[280/1120]	[L1: 0.0297]	4.0+0.0s
[320/1120]	[L1: 0.0297]	3.4+0.0s
[360/1120]	[L1: 0.0298]	3.6+0.0s
[400/1120]	[L1: 0.0293]	4.4+0.0s
[440/1120]	[L1: 0.0295]	4.7+0.0s
[480/1120]	[L1: 0.0298]	5.4+0.0s
[520/1120]	[L1: 0.0296]	4.7+0.0s
[560/1120]	[L1: 0.0298]	4.6+0.1s
[600/1120]	[L1: 0.0299]	5.4+0.0s
[640/1120]	[L1: 0.0302]	4.9+0.0s
[680/1120]	[L1: 0.0301]	3.8+0.0s
[720/1120]	[L1: 0.0300]	4.3+0.0s
[760/1120]	[L1: 0.0302]	4.7+0.0s
[800/1120]	[L1: 0.0301]	4.4+0.0s
[840/1120]	[L1: 0.0302]	4.5+0.0s
[880/1120]	[L1: 0.0303]	4.9+0.0s
[920/1120]	[L1: 0.0304]	4.9+0.0s
[960/1120]	[L1: 0.0305]	4.1+0.0s
[1000/1120]	[L1: 0.0306]	3.4+0.0s
[1040/1120]	[L1: 0.0307]	2.9+0.0s
[1080/1120]	[L1: 0.0308]	2.4+0.0s
[1120/1120]	[L1: 0.0309]	2.4+0.0s

Evaluation:
[RSSCN7 x4]	psnr: 27.748 (Best: 27.749 @epoch 277)
Total time: 7.43s

[Epoch 279]	Learning rate: 1.00e-4
[40/1120]	[L1: 0.0352]	2.4+0.0s
[80/1120]	[L1: 0.0313]	2.5+0.0s
[120/1120]	[L1: 0.0302]	2.6+0.0s
[160/1120]	[L1: 0.0307]	2.8+0.0s
[200/1120]	[L1: 0.0310]	2.3+0.0s
[240/1120]	[L1: 0.0313]	2.4+0.0s
[280/1120]	[L1: 0.0313]	2.3+0.0s
[320/1120]	[L1: 0.0308]	2.4+0.0s
[360/1120]	[L1: 0.0307]	2.3+0.0s
[400/1120]	[L1: 0.0305]	2.4+0.0s
[440/1120]	[L1: 0.0303]	2.3+0.0s
[480/1120]	[L1: 0.0302]	2.4+0.0s
[520/1120]	[L1: 0.0303]	2.3+0.0s
[560/1120]	[L1: 0.0305]	2.4+0.0s
[600/1120]	[L1: 0.0306]	2.3+0.0s
[640/1120]	[L1: 0.0305]	2.3+0.0s
[680/1120]	[L1: 0.0303]	2.4+0.0s
[720/1120]	[L1: 0.0305]	2.3+0.0s
[760/1120]	[L1: 0.0304]	2.4+0.0s
[800/1120]	[L1: 0.0304]	2.3+0.0s
[840/1120]	[L1: 0.0306]	2.4+0.0s
[880/1120]	[L1: 0.0306]	2.3+0.0s
[920/1120]	[L1: 0.0306]	2.4+0.0s
[960/1120]	[L1: 0.0306]	2.3+0.0s
[1000/1120]	[L1: 0.0308]	2.4+0.0s
[1040/1120]	[L1: 0.0309]	3.4+0.0s
[1080/1120]	[L1: 0.0309]	4.6+0.0s
[1120/1120]	[L1: 0.0309]	4.1+0.0s

Evaluation:
[RSSCN7 x4]	psnr: 27.714 (Best: 27.749 @epoch 277)
Total time: 10.88s

[Epoch 280]	Learning rate: 1.00e-4
[40/1120]	[L1: 0.0314]	4.1+0.0s
[80/1120]	[L1: 0.0316]	4.5+0.0s
[120/1120]	[L1: 0.0305]	5.1+0.0s
[160/1120]	[L1: 0.0295]	5.1+0.0s
[200/1120]	[L1: 0.0302]	4.0+0.0s
[240/1120]	[L1: 0.0306]	4.6+0.0s
[280/1120]	[L1: 0.0303]	4.5+0.0s
[320/1120]	[L1: 0.0305]	3.6+0.0s
[360/1120]	[L1: 0.0304]	3.5+0.0s
[400/1120]	[L1: 0.0308]	3.8+0.0s
[440/1120]	[L1: 0.0311]	3.6+0.0s
[480/1120]	[L1: 0.0315]	3.8+0.0s
[520/1120]	[L1: 0.0313]	4.6+0.0s
[560/1120]	[L1: 0.0312]	4.7+0.0s
[600/1120]	[L1: 0.0312]	4.5+0.0s
[640/1120]	[L1: 0.0314]	4.7+0.0s
[680/1120]	[L1: 0.0317]	4.3+0.1s
[720/1120]	[L1: 0.0315]	2.8+0.0s
[760/1120]	[L1: 0.0314]	2.6+0.0s
[800/1120]	[L1: 0.0315]	2.5+0.0s
[840/1120]	[L1: 0.0314]	2.5+0.0s
[880/1120]	[L1: 0.0312]	2.4+0.0s
[920/1120]	[L1: 0.0313]	2.3+0.0s
[960/1120]	[L1: 0.0311]	2.3+0.0s
[1000/1120]	[L1: 0.0310]	2.3+0.0s
[1040/1120]	[L1: 0.0310]	2.3+0.0s
[1080/1120]	[L1: 0.0310]	2.4+0.0s
[1120/1120]	[L1: 0.0309]	2.3+0.0s

Evaluation:
[RSSCN7 x4]	psnr: 27.714 (Best: 27.749 @epoch 277)
Total time: 7.45s

[Epoch 281]	Learning rate: 1.00e-4
[40/1120]	[L1: 0.0339]	2.5+0.1s
[80/1120]	[L1: 0.0316]	2.4+0.0s
[120/1120]	[L1: 0.0303]	2.4+0.0s
[160/1120]	[L1: 0.0313]	2.4+0.0s
[200/1120]	[L1: 0.0311]	2.4+0.0s
[240/1120]	[L1: 0.0310]	2.5+0.0s
[280/1120]	[L1: 0.0311]	2.4+0.0s
[320/1120]	[L1: 0.0317]	2.3+0.0s
[360/1120]	[L1: 0.0317]	2.3+0.0s
[400/1120]	[L1: 0.0321]	2.4+0.0s
[440/1120]	[L1: 0.0316]	2.4+0.0s
[480/1120]	[L1: 0.0314]	2.7+0.0s
[520/1120]	[L1: 0.0313]	2.7+0.0s
[560/1120]	[L1: 0.0309]	2.4+0.0s
[600/1120]	[L1: 0.0308]	2.5+0.0s
[640/1120]	[L1: 0.0308]	2.3+0.0s
[680/1120]	[L1: 0.0309]	2.3+0.0s
[720/1120]	[L1: 0.0307]	3.5+0.0s
[760/1120]	[L1: 0.0307]	5.0+0.0s
[800/1120]	[L1: 0.0307]	5.6+0.0s
[840/1120]	[L1: 0.0306]	5.4+0.0s
[880/1120]	[L1: 0.0306]	4.3+0.0s
[920/1120]	[L1: 0.0305]	4.7+0.0s
[960/1120]	[L1: 0.0309]	5.2+0.0s
[1000/1120]	[L1: 0.0308]	4.3+0.0s
[1040/1120]	[L1: 0.0308]	5.4+0.0s
[1080/1120]	[L1: 0.0310]	4.1+0.0s
[1120/1120]	[L1: 0.0309]	4.7+0.0s

Evaluation:
[RSSCN7 x4]	psnr: 27.739 (Best: 27.749 @epoch 277)
Total time: 10.88s

[Epoch 282]	Learning rate: 1.00e-4
[40/1120]	[L1: 0.0270]	3.9+0.0s
[80/1120]	[L1: 0.0282]	4.7+0.1s
[120/1120]	[L1: 0.0297]	5.4+0.0s
[160/1120]	[L1: 0.0307]	4.5+0.0s
[200/1120]	[L1: 0.0315]	4.5+0.0s
[240/1120]	[L1: 0.0316]	3.4+0.0s
[280/1120]	[L1: 0.0311]	3.4+0.0s
[320/1120]	[L1: 0.0307]	3.9+0.0s
[360/1120]	[L1: 0.0307]	2.9+0.0s
[400/1120]	[L1: 0.0308]	2.5+0.0s
[440/1120]	[L1: 0.0304]	2.4+0.0s
[480/1120]	[L1: 0.0303]	2.3+0.0s
[520/1120]	[L1: 0.0302]	2.4+0.0s
[560/1120]	[L1: 0.0302]	2.3+0.0s
[600/1120]	[L1: 0.0302]	2.4+0.0s
[640/1120]	[L1: 0.0306]	2.3+0.0s
[680/1120]	[L1: 0.0306]	2.3+0.0s
[720/1120]	[L1: 0.0305]	2.4+0.0s
[760/1120]	[L1: 0.0308]	2.3+0.0s
[800/1120]	[L1: 0.0309]	2.4+0.0s
[840/1120]	[L1: 0.0308]	2.3+0.0s
[880/1120]	[L1: 0.0308]	2.3+0.0s
[920/1120]	[L1: 0.0305]	2.4+0.0s
[960/1120]	[L1: 0.0307]	2.3+0.0s
[1000/1120]	[L1: 0.0305]	2.4+0.0s
[1040/1120]	[L1: 0.0307]	2.8+0.0s
[1080/1120]	[L1: 0.0308]	2.6+0.0s
[1120/1120]	[L1: 0.0308]	2.4+0.0s

Evaluation:
[RSSCN7 x4]	psnr: 27.726 (Best: 27.749 @epoch 277)
Total time: 7.52s

[Epoch 283]	Learning rate: 1.00e-4
[40/1120]	[L1: 0.0306]	2.6+0.1s
[80/1120]	[L1: 0.0324]	2.4+0.0s
[120/1120]	[L1: 0.0325]	2.4+0.0s
[160/1120]	[L1: 0.0332]	2.3+0.0s
[200/1120]	[L1: 0.0322]	2.7+0.0s
[240/1120]	[L1: 0.0318]	2.7+0.0s
[280/1120]	[L1: 0.0313]	2.5+0.0s
[320/1120]	[L1: 0.0315]	2.9+0.0s
[360/1120]	[L1: 0.0314]	4.9+0.0s
[400/1120]	[L1: 0.0307]	5.1+0.0s
[440/1120]	[L1: 0.0303]	4.8+0.0s
[480/1120]	[L1: 0.0307]	3.7+0.0s
[520/1120]	[L1: 0.0309]	5.0+0.0s
[560/1120]	[L1: 0.0310]	4.0+0.0s
[600/1120]	[L1: 0.0310]	4.5+0.0s
[640/1120]	[L1: 0.0312]	4.6+0.0s
[680/1120]	[L1: 0.0313]	4.4+0.0s
[720/1120]	[L1: 0.0312]	4.8+0.0s
[760/1120]	[L1: 0.0310]	4.5+0.0s
[800/1120]	[L1: 0.0311]	4.6+0.0s
[840/1120]	[L1: 0.0310]	3.8+0.0s
[880/1120]	[L1: 0.0311]	3.8+0.0s
[920/1120]	[L1: 0.0309]	4.0+0.0s
[960/1120]	[L1: 0.0310]	4.4+0.0s
[1000/1120]	[L1: 0.0311]	3.8+0.0s
[1040/1120]	[L1: 0.0309]	4.6+0.0s
[1080/1120]	[L1: 0.0309]	3.5+0.0s
[1120/1120]	[L1: 0.0308]	3.4+0.0s

Evaluation:
[RSSCN7 x4]	psnr: 27.745 (Best: 27.749 @epoch 277)
Total time: 9.64s

[Epoch 284]	Learning rate: 1.00e-4
[40/1120]	[L1: 0.0304]	2.4+0.0s
[80/1120]	[L1: 0.0293]	2.4+0.0s
[120/1120]	[L1: 0.0291]	2.4+0.0s
[160/1120]	[L1: 0.0300]	2.3+0.0s
[200/1120]	[L1: 0.0298]	2.4+0.0s
[240/1120]	[L1: 0.0297]	2.3+0.0s
[280/1120]	[L1: 0.0294]	2.3+0.0s
[320/1120]	[L1: 0.0296]	2.4+0.0s
[360/1120]	[L1: 0.0304]	2.3+0.0s
[400/1120]	[L1: 0.0304]	2.3+0.0s
[440/1120]	[L1: 0.0302]	2.4+0.0s
[480/1120]	[L1: 0.0308]	2.3+0.0s
[520/1120]	[L1: 0.0311]	2.4+0.0s
[560/1120]	[L1: 0.0314]	2.3+0.0s
[600/1120]	[L1: 0.0312]	2.3+0.0s
[640/1120]	[L1: 0.0314]	2.4+0.0s
[680/1120]	[L1: 0.0315]	2.3+0.0s
[720/1120]	[L1: 0.0315]	2.4+0.0s
[760/1120]	[L1: 0.0312]	2.5+0.0s
[800/1120]	[L1: 0.0312]	2.4+0.0s
[840/1120]	[L1: 0.0312]	2.3+0.0s
[880/1120]	[L1: 0.0311]	2.5+0.0s
[920/1120]	[L1: 0.0311]	2.3+0.0s
[960/1120]	[L1: 0.0309]	2.4+0.0s
[1000/1120]	[L1: 0.0308]	2.5+0.0s
[1040/1120]	[L1: 0.0308]	2.3+0.0s
[1080/1120]	[L1: 0.0307]	2.3+0.0s
[1120/1120]	[L1: 0.0308]	2.4+0.0s

Evaluation:
[RSSCN7 x4]	psnr: 27.746 (Best: 27.749 @epoch 277)
Total time: 7.88s

[Epoch 285]	Learning rate: 1.00e-4
[40/1120]	[L1: 0.0273]	4.9+0.1s
[80/1120]	[L1: 0.0280]	4.6+0.0s
[120/1120]	[L1: 0.0284]	4.4+0.0s
[160/1120]	[L1: 0.0291]	4.1+0.0s
[200/1120]	[L1: 0.0296]	4.4+0.0s
[240/1120]	[L1: 0.0296]	4.0+0.0s
[280/1120]	[L1: 0.0300]	4.5+0.0s
[320/1120]	[L1: 0.0299]	5.0+0.0s
[360/1120]	[L1: 0.0299]	3.9+0.0s
[400/1120]	[L1: 0.0300]	4.5+0.0s
[440/1120]	[L1: 0.0298]	4.6+0.0s
[480/1120]	[L1: 0.0299]	4.5+0.0s
[520/1120]	[L1: 0.0295]	4.7+0.0s
[560/1120]	[L1: 0.0295]	4.6+0.0s
[600/1120]	[L1: 0.0295]	4.6+0.0s
[640/1120]	[L1: 0.0299]	5.1+0.0s
[680/1120]	[L1: 0.0301]	4.6+0.0s
[720/1120]	[L1: 0.0300]	4.2+0.0s
[760/1120]	[L1: 0.0304]	3.7+0.0s
[800/1120]	[L1: 0.0305]	3.6+0.0s
[840/1120]	[L1: 0.0307]	4.1+0.0s
[880/1120]	[L1: 0.0306]	3.7+0.0s
[920/1120]	[L1: 0.0307]	2.7+0.0s
[960/1120]	[L1: 0.0307]	2.4+0.0s
[1000/1120]	[L1: 0.0307]	2.4+0.0s
[1040/1120]	[L1: 0.0305]	2.3+0.0s
[1080/1120]	[L1: 0.0305]	2.3+0.0s
[1120/1120]	[L1: 0.0308]	2.4+0.0s

Evaluation:
[RSSCN7 x4]	psnr: 27.657 (Best: 27.749 @epoch 277)
Total time: 7.44s

[Epoch 286]	Learning rate: 1.00e-4
[40/1120]	[L1: 0.0258]	2.6+0.1s
[80/1120]	[L1: 0.0281]	2.5+0.0s
[120/1120]	[L1: 0.0299]	2.4+0.0s
[160/1120]	[L1: 0.0303]	2.5+0.0s
[200/1120]	[L1: 0.0302]	2.3+0.0s
[240/1120]	[L1: 0.0301]	2.4+0.0s
[280/1120]	[L1: 0.0299]	2.4+0.0s
[320/1120]	[L1: 0.0302]	2.4+0.0s
[360/1120]	[L1: 0.0302]	2.5+0.0s
[400/1120]	[L1: 0.0306]	2.4+0.0s
[440/1120]	[L1: 0.0301]	2.4+0.0s
[480/1120]	[L1: 0.0298]	2.3+0.0s
[520/1120]	[L1: 0.0300]	2.3+0.0s
[560/1120]	[L1: 0.0302]	2.4+0.0s
[600/1120]	[L1: 0.0305]	2.4+0.0s
[640/1120]	[L1: 0.0307]	2.4+0.0s
[680/1120]	[L1: 0.0304]	2.6+0.0s
[720/1120]	[L1: 0.0306]	2.4+0.0s
[760/1120]	[L1: 0.0305]	2.4+0.0s
[800/1120]	[L1: 0.0305]	2.4+0.0s
[840/1120]	[L1: 0.0305]	2.5+0.0s
[880/1120]	[L1: 0.0304]	2.3+0.0s
[920/1120]	[L1: 0.0305]	2.3+0.0s
[960/1120]	[L1: 0.0307]	3.4+0.0s
[1000/1120]	[L1: 0.0309]	3.6+0.1s
[1040/1120]	[L1: 0.0308]	4.1+0.1s
[1080/1120]	[L1: 0.0308]	4.4+0.0s
[1120/1120]	[L1: 0.0309]	4.0+0.0s

Evaluation:
[RSSCN7 x4]	psnr: 27.724 (Best: 27.749 @epoch 277)
Total time: 10.23s

[Epoch 287]	Learning rate: 1.00e-4
[40/1120]	[L1: 0.0276]	4.1+0.0s
[80/1120]	[L1: 0.0295]	4.3+0.0s
[120/1120]	[L1: 0.0291]	4.3+0.0s
[160/1120]	[L1: 0.0296]	5.0+0.0s
[200/1120]	[L1: 0.0300]	5.4+0.0s
[240/1120]	[L1: 0.0295]	4.8+0.0s
[280/1120]	[L1: 0.0298]	4.7+0.0s
[320/1120]	[L1: 0.0295]	5.1+0.0s
[360/1120]	[L1: 0.0291]	5.1+0.0s
[400/1120]	[L1: 0.0295]	4.3+0.0s
[440/1120]	[L1: 0.0298]	5.2+0.0s
[480/1120]	[L1: 0.0297]	5.0+0.0s
[520/1120]	[L1: 0.0295]	5.1+0.0s
[560/1120]	[L1: 0.0296]	4.6+0.0s
[600/1120]	[L1: 0.0295]	3.8+0.0s
[640/1120]	[L1: 0.0296]	2.4+0.0s
[680/1120]	[L1: 0.0299]	2.3+0.0s
[720/1120]	[L1: 0.0299]	2.3+0.0s
[760/1120]	[L1: 0.0298]	2.4+0.0s
[800/1120]	[L1: 0.0300]	2.3+0.0s
[840/1120]	[L1: 0.0303]	2.3+0.0s
[880/1120]	[L1: 0.0304]	2.4+0.0s
[920/1120]	[L1: 0.0304]	2.4+0.0s
[960/1120]	[L1: 0.0305]	2.7+0.0s
[1000/1120]	[L1: 0.0306]	2.3+0.0s
[1040/1120]	[L1: 0.0307]	2.3+0.0s
[1080/1120]	[L1: 0.0308]	2.3+0.0s
[1120/1120]	[L1: 0.0307]	2.3+0.0s

Evaluation:
[RSSCN7 x4]	psnr: 27.747 (Best: 27.749 @epoch 277)
Total time: 7.45s

[Epoch 288]	Learning rate: 1.00e-4
[40/1120]	[L1: 0.0263]	2.8+0.1s
[80/1120]	[L1: 0.0313]	2.6+0.0s
[120/1120]	[L1: 0.0304]	2.5+0.0s
[160/1120]	[L1: 0.0305]	2.4+0.0s
[200/1120]	[L1: 0.0311]	2.4+0.0s
[240/1120]	[L1: 0.0313]	2.5+0.0s
[280/1120]	[L1: 0.0317]	2.5+0.0s
[320/1120]	[L1: 0.0316]	2.4+0.0s
[360/1120]	[L1: 0.0310]	2.5+0.0s
[400/1120]	[L1: 0.0310]	2.4+0.0s
[440/1120]	[L1: 0.0308]	2.4+0.0s
[480/1120]	[L1: 0.0308]	2.5+0.0s
[520/1120]	[L1: 0.0309]	2.6+0.0s
[560/1120]	[L1: 0.0308]	2.8+0.0s
[600/1120]	[L1: 0.0307]	4.5+0.0s
[640/1120]	[L1: 0.0307]	4.9+0.0s
[680/1120]	[L1: 0.0308]	5.2+0.0s
[720/1120]	[L1: 0.0306]	5.1+0.0s
[760/1120]	[L1: 0.0307]	4.3+0.0s
[800/1120]	[L1: 0.0306]	4.3+0.1s
[840/1120]	[L1: 0.0304]	3.9+0.0s
[880/1120]	[L1: 0.0304]	4.9+0.0s
[920/1120]	[L1: 0.0304]	5.3+0.0s
[960/1120]	[L1: 0.0306]	4.6+0.0s
[1000/1120]	[L1: 0.0307]	5.6+0.0s
[1040/1120]	[L1: 0.0308]	5.6+0.0s
[1080/1120]	[L1: 0.0308]	4.5+0.0s
[1120/1120]	[L1: 0.0308]	4.4+0.0s

Evaluation:
[RSSCN7 x4]	psnr: 27.740 (Best: 27.749 @epoch 277)
Total time: 9.89s

[Epoch 289]	Learning rate: 1.00e-4
[40/1120]	[L1: 0.0304]	3.8+0.0s
[80/1120]	[L1: 0.0293]	3.3+0.0s
[120/1120]	[L1: 0.0294]	3.3+0.1s
[160/1120]	[L1: 0.0290]	3.2+0.0s
[200/1120]	[L1: 0.0296]	3.5+0.0s
[240/1120]	[L1: 0.0302]	3.3+0.0s
[280/1120]	[L1: 0.0308]	2.3+0.0s
[320/1120]	[L1: 0.0308]	2.3+0.0s
[360/1120]	[L1: 0.0304]	2.4+0.0s
[400/1120]	[L1: 0.0309]	2.4+0.0s
[440/1120]	[L1: 0.0307]	2.8+0.0s
[480/1120]	[L1: 0.0309]	2.7+0.0s
[520/1120]	[L1: 0.0307]	2.3+0.0s
[560/1120]	[L1: 0.0307]	2.3+0.0s
[600/1120]	[L1: 0.0306]	2.4+0.0s
[640/1120]	[L1: 0.0305]	2.3+0.0s
[680/1120]	[L1: 0.0307]	2.3+0.0s
[720/1120]	[L1: 0.0306]	2.3+0.0s
[760/1120]	[L1: 0.0308]	2.3+0.0s
[800/1120]	[L1: 0.0308]	2.3+0.0s
[840/1120]	[L1: 0.0309]	2.3+0.0s
[880/1120]	[L1: 0.0307]	2.3+0.0s
[920/1120]	[L1: 0.0307]	2.4+0.0s
[960/1120]	[L1: 0.0309]	2.3+0.0s
[1000/1120]	[L1: 0.0309]	2.3+0.0s
[1040/1120]	[L1: 0.0309]	2.3+0.0s
[1080/1120]	[L1: 0.0310]	2.3+0.0s
[1120/1120]	[L1: 0.0308]	2.2+0.0s

Evaluation:
[RSSCN7 x4]	psnr: 27.749 (Best: 27.749 @epoch 277)
Total time: 7.42s

[Epoch 290]	Learning rate: 1.00e-4
[40/1120]	[L1: 0.0299]	2.4+0.0s
[80/1120]	[L1: 0.0309]	2.3+0.0s
[120/1120]	[L1: 0.0309]	2.3+0.0s
[160/1120]	[L1: 0.0311]	2.4+0.0s
[200/1120]	[L1: 0.0314]	2.3+0.0s
[240/1120]	[L1: 0.0309]	2.3+0.0s
[280/1120]	[L1: 0.0310]	3.9+0.0s
[320/1120]	[L1: 0.0310]	5.1+0.0s
[360/1120]	[L1: 0.0309]	4.7+0.0s
[400/1120]	[L1: 0.0310]	4.7+0.0s
[440/1120]	[L1: 0.0305]	5.0+0.0s
[480/1120]	[L1: 0.0302]	4.8+0.0s
[520/1120]	[L1: 0.0300]	4.3+0.0s
[560/1120]	[L1: 0.0303]	3.8+0.0s
[600/1120]	[L1: 0.0305]	3.4+0.0s
[640/1120]	[L1: 0.0308]	4.1+0.0s
[680/1120]	[L1: 0.0309]	4.3+0.0s
[720/1120]	[L1: 0.0309]	4.9+0.0s
[760/1120]	[L1: 0.0310]	4.7+0.0s
[800/1120]	[L1: 0.0307]	5.4+0.0s
[840/1120]	[L1: 0.0308]	5.0+0.0s
[880/1120]	[L1: 0.0307]	4.4+0.0s
[920/1120]	[L1: 0.0309]	3.4+0.0s
[960/1120]	[L1: 0.0308]	4.9+0.0s
[1000/1120]	[L1: 0.0306]	4.0+0.0s
[1040/1120]	[L1: 0.0306]	3.8+0.0s
[1080/1120]	[L1: 0.0307]	3.6+0.0s
[1120/1120]	[L1: 0.0307]	3.9+0.0s

Evaluation:
[RSSCN7 x4]	psnr: 27.744 (Best: 27.749 @epoch 277)
Total time: 7.83s

[Epoch 291]	Learning rate: 1.00e-4
[40/1120]	[L1: 0.0312]	2.4+0.0s
[80/1120]	[L1: 0.0302]	2.3+0.0s
[120/1120]	[L1: 0.0316]	2.4+0.0s
[160/1120]	[L1: 0.0316]	2.3+0.0s
[200/1120]	[L1: 0.0313]	2.4+0.0s
[240/1120]	[L1: 0.0312]	2.3+0.0s
[280/1120]	[L1: 0.0302]	2.3+0.0s
[320/1120]	[L1: 0.0295]	2.4+0.0s
[360/1120]	[L1: 0.0296]	2.3+0.0s
[400/1120]	[L1: 0.0299]	2.4+0.0s
[440/1120]	[L1: 0.0298]	2.3+0.0s
[480/1120]	[L1: 0.0298]	2.3+0.0s
[520/1120]	[L1: 0.0299]	2.4+0.0s
[560/1120]	[L1: 0.0297]	2.3+0.0s
[600/1120]	[L1: 0.0298]	2.4+0.0s
[640/1120]	[L1: 0.0300]	2.3+0.0s
[680/1120]	[L1: 0.0301]	2.3+0.0s
[720/1120]	[L1: 0.0302]	2.4+0.0s
[760/1120]	[L1: 0.0303]	2.3+0.0s
[800/1120]	[L1: 0.0304]	2.4+0.0s
[840/1120]	[L1: 0.0306]	2.3+0.0s
[880/1120]	[L1: 0.0306]	2.3+0.0s
[920/1120]	[L1: 0.0306]	2.4+0.0s
[960/1120]	[L1: 0.0306]	2.3+0.0s
[1000/1120]	[L1: 0.0307]	2.4+0.0s
[1040/1120]	[L1: 0.0307]	2.3+0.0s
[1080/1120]	[L1: 0.0309]	2.3+0.0s
[1120/1120]	[L1: 0.0309]	2.4+0.0s

Evaluation:
[RSSCN7 x4]	psnr: 27.747 (Best: 27.749 @epoch 277)
Total time: 9.92s

[Epoch 292]	Learning rate: 1.00e-4
[40/1120]	[L1: 0.0330]	4.6+0.0s
[80/1120]	[L1: 0.0333]	4.9+0.0s
[120/1120]	[L1: 0.0322]	5.2+0.0s
[160/1120]	[L1: 0.0313]	5.0+0.0s
[200/1120]	[L1: 0.0300]	5.1+0.0s
[240/1120]	[L1: 0.0302]	4.4+0.0s
[280/1120]	[L1: 0.0308]	5.0+0.0s
[320/1120]	[L1: 0.0304]	4.5+0.0s
[360/1120]	[L1: 0.0304]	5.0+0.0s
[400/1120]	[L1: 0.0307]	4.2+0.0s
[440/1120]	[L1: 0.0310]	4.2+0.0s
[480/1120]	[L1: 0.0310]	4.2+0.1s
[520/1120]	[L1: 0.0311]	4.7+0.0s
[560/1120]	[L1: 0.0311]	5.8+0.0s
[600/1120]	[L1: 0.0312]	4.5+0.0s
[640/1120]	[L1: 0.0314]	4.5+0.0s
[680/1120]	[L1: 0.0314]	3.7+0.0s
[720/1120]	[L1: 0.0315]	4.3+0.1s
[760/1120]	[L1: 0.0313]	3.8+0.0s
[800/1120]	[L1: 0.0311]	3.6+0.0s
[840/1120]	[L1: 0.0311]	2.4+0.0s
[880/1120]	[L1: 0.0311]	2.4+0.0s
[920/1120]	[L1: 0.0309]	2.3+0.0s
[960/1120]	[L1: 0.0309]	2.4+0.0s
[1000/1120]	[L1: 0.0308]	2.3+0.0s
[1040/1120]	[L1: 0.0308]	2.4+0.0s
[1080/1120]	[L1: 0.0308]	2.3+0.0s
[1120/1120]	[L1: 0.0308]	2.4+0.0s

Evaluation:
[RSSCN7 x4]	psnr: 27.744 (Best: 27.749 @epoch 277)
Total time: 7.49s

[Epoch 293]	Learning rate: 1.00e-4
[40/1120]	[L1: 0.0312]	2.3+0.0s
[80/1120]	[L1: 0.0326]	2.4+0.0s
[120/1120]	[L1: 0.0319]	2.3+0.0s
[160/1120]	[L1: 0.0301]	2.3+0.0s
[200/1120]	[L1: 0.0305]	2.4+0.0s
[240/1120]	[L1: 0.0296]	2.3+0.0s
[280/1120]	[L1: 0.0298]	2.3+0.0s
[320/1120]	[L1: 0.0303]	2.4+0.0s
[360/1120]	[L1: 0.0307]	2.3+0.0s
[400/1120]	[L1: 0.0303]	2.3+0.0s
[440/1120]	[L1: 0.0299]	2.4+0.0s
[480/1120]	[L1: 0.0301]	2.3+0.0s
[520/1120]	[L1: 0.0305]	2.5+0.0s
[560/1120]	[L1: 0.0302]	2.9+0.0s
[600/1120]	[L1: 0.0302]	2.6+0.0s
[640/1120]	[L1: 0.0302]	2.3+0.0s
[680/1120]	[L1: 0.0303]	2.4+0.0s
[720/1120]	[L1: 0.0304]	2.3+0.0s
[760/1120]	[L1: 0.0304]	2.3+0.0s
[800/1120]	[L1: 0.0304]	3.7+0.0s
[840/1120]	[L1: 0.0303]	4.2+0.0s
[880/1120]	[L1: 0.0304]	6.0+0.0s
[920/1120]	[L1: 0.0305]	4.0+0.0s
[960/1120]	[L1: 0.0307]	3.9+0.0s
[1000/1120]	[L1: 0.0306]	4.0+0.0s
[1040/1120]	[L1: 0.0308]	4.6+0.0s
[1080/1120]	[L1: 0.0308]	4.2+0.0s
[1120/1120]	[L1: 0.0309]	4.2+0.0s

Evaluation:
[RSSCN7 x4]	psnr: 27.708 (Best: 27.749 @epoch 277)
Total time: 10.81s

[Epoch 294]	Learning rate: 1.00e-4
[40/1120]	[L1: 0.0313]	4.5+0.0s
[80/1120]	[L1: 0.0323]	4.4+0.0s
[120/1120]	[L1: 0.0328]	4.3+0.0s
[160/1120]	[L1: 0.0327]	4.7+0.0s
[200/1120]	[L1: 0.0323]	4.3+0.0s
[240/1120]	[L1: 0.0314]	5.3+0.0s
[280/1120]	[L1: 0.0307]	4.9+0.0s
[320/1120]	[L1: 0.0300]	4.7+0.1s
[360/1120]	[L1: 0.0302]	4.6+0.0s
[400/1120]	[L1: 0.0302]	4.0+0.0s
[440/1120]	[L1: 0.0305]	3.8+0.0s
[480/1120]	[L1: 0.0303]	2.9+0.0s
[520/1120]	[L1: 0.0307]	2.6+0.0s
[560/1120]	[L1: 0.0306]	2.4+0.0s
[600/1120]	[L1: 0.0305]	2.4+0.0s
[640/1120]	[L1: 0.0305]	2.8+0.0s
[680/1120]	[L1: 0.0303]	2.7+0.0s
[720/1120]	[L1: 0.0302]	2.3+0.0s
[760/1120]	[L1: 0.0302]	2.3+0.0s
[800/1120]	[L1: 0.0303]	2.5+0.0s
[840/1120]	[L1: 0.0304]	2.3+0.0s
[880/1120]	[L1: 0.0307]	2.3+0.0s
[920/1120]	[L1: 0.0308]	2.4+0.0s
[960/1120]	[L1: 0.0307]	3.0+0.0s
[1000/1120]	[L1: 0.0308]	2.8+0.0s
[1040/1120]	[L1: 0.0308]	2.8+0.0s
[1080/1120]	[L1: 0.0308]	2.5+0.0s
[1120/1120]	[L1: 0.0307]	2.4+0.0s

Evaluation:
[RSSCN7 x4]	psnr: 27.741 (Best: 27.749 @epoch 277)
Total time: 7.48s

[Epoch 295]	Learning rate: 1.00e-4
[40/1120]	[L1: 0.0311]	3.1+0.0s
[80/1120]	[L1: 0.0316]	2.7+0.0s
[120/1120]	[L1: 0.0311]	2.4+0.0s
[160/1120]	[L1: 0.0311]	2.5+0.0s
[200/1120]	[L1: 0.0310]	2.4+0.0s
[240/1120]	[L1: 0.0308]	2.8+0.0s
[280/1120]	[L1: 0.0309]	2.4+0.0s
[320/1120]	[L1: 0.0304]	2.4+0.0s
[360/1120]	[L1: 0.0303]	2.5+0.0s
[400/1120]	[L1: 0.0303]	3.9+0.0s
[440/1120]	[L1: 0.0301]	5.0+0.0s
[480/1120]	[L1: 0.0304]	4.8+0.0s
[520/1120]	[L1: 0.0305]	4.0+0.0s
[560/1120]	[L1: 0.0305]	4.2+0.0s
[600/1120]	[L1: 0.0304]	3.9+0.1s
[640/1120]	[L1: 0.0305]	4.5+0.0s
[680/1120]	[L1: 0.0308]	4.5+0.0s
[720/1120]	[L1: 0.0309]	4.6+0.0s
[760/1120]	[L1: 0.0307]	4.9+0.0s
[800/1120]	[L1: 0.0305]	4.5+0.0s
[840/1120]	[L1: 0.0308]	4.0+0.0s
[880/1120]	[L1: 0.0308]	4.3+0.0s
[920/1120]	[L1: 0.0309]	3.8+0.0s
[960/1120]	[L1: 0.0310]	4.7+0.0s
[1000/1120]	[L1: 0.0310]	4.1+0.0s
[1040/1120]	[L1: 0.0310]	4.1+0.0s
[1080/1120]	[L1: 0.0309]	3.9+0.0s
[1120/1120]	[L1: 0.0309]	4.9+0.0s

Evaluation:
[RSSCN7 x4]	psnr: 27.742 (Best: 27.749 @epoch 277)
Total time: 10.13s

[Epoch 296]	Learning rate: 1.00e-4
[40/1120]	[L1: 0.0287]	3.7+0.0s
[80/1120]	[L1: 0.0302]	3.0+0.0s
[120/1120]	[L1: 0.0302]	2.6+0.0s
[160/1120]	[L1: 0.0298]	2.4+0.0s
[200/1120]	[L1: 0.0304]	2.3+0.0s
[240/1120]	[L1: 0.0309]	2.3+0.0s
[280/1120]	[L1: 0.0309]	2.5+0.0s
[320/1120]	[L1: 0.0308]	2.3+0.0s
[360/1120]	[L1: 0.0310]	2.3+0.0s
[400/1120]	[L1: 0.0308]	2.3+0.0s
[440/1120]	[L1: 0.0308]	2.4+0.0s
[480/1120]	[L1: 0.0309]	2.3+0.0s
[520/1120]	[L1: 0.0307]	2.3+0.0s
[560/1120]	[L1: 0.0302]	2.4+0.0s
[600/1120]	[L1: 0.0302]	2.5+0.0s
[640/1120]	[L1: 0.0300]	2.5+0.0s
[680/1120]	[L1: 0.0302]	2.4+0.0s
[720/1120]	[L1: 0.0300]	2.4+0.0s
[760/1120]	[L1: 0.0300]	2.5+0.0s
[800/1120]	[L1: 0.0302]	2.4+0.0s
[840/1120]	[L1: 0.0303]	2.3+0.0s
[880/1120]	[L1: 0.0302]	2.3+0.0s
[920/1120]	[L1: 0.0303]	2.4+0.0s
[960/1120]	[L1: 0.0305]	2.3+0.0s
[1000/1120]	[L1: 0.0305]	2.3+0.0s
[1040/1120]	[L1: 0.0308]	2.3+0.0s
[1080/1120]	[L1: 0.0306]	2.4+0.0s
[1120/1120]	[L1: 0.0308]	2.3+0.0s

Evaluation:
[RSSCN7 x4]	psnr: 27.745 (Best: 27.749 @epoch 277)
Total time: 7.41s

[Epoch 297]	Learning rate: 1.00e-4
[40/1120]	[L1: 0.0333]	2.4+0.0s
[80/1120]	[L1: 0.0336]	4.1+0.0s
[120/1120]	[L1: 0.0335]	5.1+0.0s
[160/1120]	[L1: 0.0323]	5.2+0.0s
[200/1120]	[L1: 0.0326]	4.9+0.0s
[240/1120]	[L1: 0.0319]	4.3+0.0s
[280/1120]	[L1: 0.0310]	4.4+0.1s
[320/1120]	[L1: 0.0308]	3.8+0.0s
[360/1120]	[L1: 0.0306]	5.0+0.0s
[400/1120]	[L1: 0.0306]	4.7+0.0s
[440/1120]	[L1: 0.0310]	4.4+0.0s
[480/1120]	[L1: 0.0310]	3.8+0.0s
[520/1120]	[L1: 0.0313]	4.3+0.0s
[560/1120]	[L1: 0.0314]	4.2+0.0s
[600/1120]	[L1: 0.0313]	5.2+0.0s
[640/1120]	[L1: 0.0310]	4.5+0.1s
[680/1120]	[L1: 0.0308]	5.2+0.0s
[720/1120]	[L1: 0.0305]	5.3+0.0s
[760/1120]	[L1: 0.0306]	4.6+0.0s
[800/1120]	[L1: 0.0305]	4.9+0.0s
[840/1120]	[L1: 0.0307]	4.1+0.0s
[880/1120]	[L1: 0.0306]	4.0+0.0s
[920/1120]	[L1: 0.0306]	3.6+0.0s
[960/1120]	[L1: 0.0305]	2.4+0.0s
[1000/1120]	[L1: 0.0305]	2.3+0.0s
[1040/1120]	[L1: 0.0306]	2.3+0.0s
[1080/1120]	[L1: 0.0306]	2.3+0.0s
[1120/1120]	[L1: 0.0308]	2.3+0.0s

Evaluation:
[RSSCN7 x4]	psnr: 27.735 (Best: 27.749 @epoch 277)
Total time: 7.50s

[Epoch 298]	Learning rate: 1.00e-4
[40/1120]	[L1: 0.0297]	2.4+0.0s
[80/1120]	[L1: 0.0280]	2.4+0.0s
[120/1120]	[L1: 0.0292]	2.3+0.0s
[160/1120]	[L1: 0.0292]	2.4+0.0s
[200/1120]	[L1: 0.0302]	2.3+0.0s
[240/1120]	[L1: 0.0302]	2.3+0.0s
[280/1120]	[L1: 0.0304]	2.4+0.0s
[320/1120]	[L1: 0.0305]	2.5+0.0s
[360/1120]	[L1: 0.0309]	2.3+0.0s
[400/1120]	[L1: 0.0308]	2.3+0.0s
[440/1120]	[L1: 0.0306]	2.3+0.0s
[480/1120]	[L1: 0.0304]	2.3+0.0s
[520/1120]	[L1: 0.0304]	2.4+0.0s
[560/1120]	[L1: 0.0305]	2.3+0.0s
[600/1120]	[L1: 0.0308]	2.3+0.0s
[640/1120]	[L1: 0.0306]	2.3+0.0s
[680/1120]	[L1: 0.0305]	2.4+0.0s
[720/1120]	[L1: 0.0304]	2.3+0.0s
[760/1120]	[L1: 0.0307]	2.3+0.0s
[800/1120]	[L1: 0.0307]	2.3+0.0s
[840/1120]	[L1: 0.0308]	2.3+0.0s
[880/1120]	[L1: 0.0309]	2.4+0.0s
[920/1120]	[L1: 0.0309]	2.3+0.0s
[960/1120]	[L1: 0.0309]	4.0+0.0s
[1000/1120]	[L1: 0.0308]	4.6+0.0s
[1040/1120]	[L1: 0.0307]	4.3+0.0s
[1080/1120]	[L1: 0.0308]	4.8+0.0s
[1120/1120]	[L1: 0.0308]	5.2+0.0s

Evaluation:
[RSSCN7 x4]	psnr: 27.742 (Best: 27.749 @epoch 277)
Total time: 11.77s

[Epoch 299]	Learning rate: 1.00e-4
[40/1120]	[L1: 0.0377]	4.7+0.0s
[80/1120]	[L1: 0.0345]	5.5+0.0s
[120/1120]	[L1: 0.0335]	5.2+0.0s
[160/1120]	[L1: 0.0330]	4.5+0.0s
[200/1120]	[L1: 0.0329]	4.6+0.0s
[240/1120]	[L1: 0.0326]	5.8+0.0s
[280/1120]	[L1: 0.0321]	5.2+0.0s
[320/1120]	[L1: 0.0322]	5.5+0.0s
[360/1120]	[L1: 0.0329]	4.7+0.0s
[400/1120]	[L1: 0.0325]	4.5+0.0s
[440/1120]	[L1: 0.0320]	4.9+0.0s
[480/1120]	[L1: 0.0319]	4.5+0.0s
[520/1120]	[L1: 0.0319]	4.8+0.0s
[560/1120]	[L1: 0.0315]	2.9+0.0s
[600/1120]	[L1: 0.0315]	2.4+0.0s
[640/1120]	[L1: 0.0312]	2.4+0.0s
[680/1120]	[L1: 0.0309]	2.3+0.0s
[720/1120]	[L1: 0.0309]	2.4+0.0s
[760/1120]	[L1: 0.0307]	2.3+0.0s
[800/1120]	[L1: 0.0307]	2.3+0.0s
[840/1120]	[L1: 0.0307]	2.4+0.0s
[880/1120]	[L1: 0.0307]	2.3+0.0s
[920/1120]	[L1: 0.0307]	2.4+0.0s
[960/1120]	[L1: 0.0309]	2.3+0.0s
[1000/1120]	[L1: 0.0309]	2.3+0.0s
[1040/1120]	[L1: 0.0308]	2.4+0.0s
[1080/1120]	[L1: 0.0308]	2.3+0.0s
[1120/1120]	[L1: 0.0308]	2.4+0.0s

Evaluation:
[RSSCN7 x4]	psnr: 27.752 (Best: 27.752 @epoch 299)
Total time: 7.47s

[Epoch 300]	Learning rate: 1.00e-4
[40/1120]	[L1: 0.0265]	2.4+0.0s
[80/1120]	[L1: 0.0276]	2.4+0.0s
[120/1120]	[L1: 0.0287]	2.3+0.0s
[160/1120]	[L1: 0.0290]	2.4+0.0s
[200/1120]	[L1: 0.0290]	2.3+0.0s
[240/1120]	[L1: 0.0298]	2.5+0.0s
[280/1120]	[L1: 0.0304]	2.3+0.0s
[320/1120]	[L1: 0.0303]	2.5+0.0s
[360/1120]	[L1: 0.0300]	2.3+0.0s
[400/1120]	[L1: 0.0301]	2.4+0.0s
[440/1120]	[L1: 0.0304]	2.3+0.0s
[480/1120]	[L1: 0.0302]	2.4+0.0s
[520/1120]	[L1: 0.0306]	2.3+0.0s
[560/1120]	[L1: 0.0307]	4.0+0.0s
[600/1120]	[L1: 0.0307]	4.9+0.0s
[640/1120]	[L1: 0.0307]	5.5+0.0s
[680/1120]	[L1: 0.0304]	5.2+0.0s
[720/1120]	[L1: 0.0306]	4.9+0.0s
[760/1120]	[L1: 0.0306]	4.6+0.0s
[800/1120]	[L1: 0.0305]	5.2+0.0s
[840/1120]	[L1: 0.0305]	4.6+0.0s
[880/1120]	[L1: 0.0305]	4.3+0.0s
[920/1120]	[L1: 0.0308]	4.1+0.0s
[960/1120]	[L1: 0.0307]	4.8+0.0s
[1000/1120]	[L1: 0.0307]	5.4+0.0s
[1040/1120]	[L1: 0.0307]	4.5+0.0s
[1080/1120]	[L1: 0.0306]	5.4+0.0s
[1120/1120]	[L1: 0.0308]	4.5+0.1s
Saved epoch checkpoint at epoch 300

Evaluation:
[RSSCN7 x4]	psnr: 27.746 (Best: 27.752 @epoch 299)
Total time: 11.39s

[Epoch 301]	Learning rate: 1.00e-4
[40/1120]	[L1: 0.0369]	3.7+0.1s
[80/1120]	[L1: 0.0329]	3.4+0.1s
[120/1120]	[L1: 0.0311]	3.8+0.0s
[160/1120]	[L1: 0.0300]	3.5+0.0s
[200/1120]	[L1: 0.0314]	2.3+0.0s
[240/1120]	[L1: 0.0312]	2.6+0.0s
[280/1120]	[L1: 0.0313]	2.4+0.0s
[320/1120]	[L1: 0.0309]	2.3+0.0s
[360/1120]	[L1: 0.0305]	2.3+0.0s
[400/1120]	[L1: 0.0303]	2.3+0.0s
[440/1120]	[L1: 0.0303]	2.3+0.0s
[480/1120]	[L1: 0.0301]	2.3+0.0s
[520/1120]	[L1: 0.0302]	2.3+0.0s
[560/1120]	[L1: 0.0304]	2.5+0.0s
[600/1120]	[L1: 0.0305]	2.9+0.0s
[640/1120]	[L1: 0.0305]	2.5+0.0s
[680/1120]	[L1: 0.0307]	2.3+0.0s
[720/1120]	[L1: 0.0307]	2.3+0.0s
[760/1120]	[L1: 0.0307]	2.3+0.0s
[800/1120]	[L1: 0.0309]	2.4+0.0s
[840/1120]	[L1: 0.0308]	2.7+0.0s
[880/1120]	[L1: 0.0309]	2.8+0.0s
[920/1120]	[L1: 0.0308]	2.4+0.0s
[960/1120]	[L1: 0.0309]	2.3+0.0s
[1000/1120]	[L1: 0.0309]	2.3+0.0s
[1040/1120]	[L1: 0.0310]	2.5+0.0s
[1080/1120]	[L1: 0.0310]	2.3+0.0s
[1120/1120]	[L1: 0.0308]	2.3+0.0s

Evaluation:
[RSSCN7 x4]	psnr: 27.753 (Best: 27.753 @epoch 301)
Total time: 7.51s

[Epoch 302]	Learning rate: 1.00e-4
[40/1120]	[L1: 0.0309]	2.4+0.0s
[80/1120]	[L1: 0.0294]	2.3+0.0s
[120/1120]	[L1: 0.0297]	2.8+0.0s
[160/1120]	[L1: 0.0302]	4.2+0.0s
[200/1120]	[L1: 0.0305]	4.0+0.0s
[240/1120]	[L1: 0.0310]	4.6+0.0s
[280/1120]	[L1: 0.0312]	6.1+0.0s
[320/1120]	[L1: 0.0311]	6.3+0.0s
[360/1120]	[L1: 0.0308]	5.7+0.0s
[400/1120]	[L1: 0.0309]	5.1+0.0s
[440/1120]	[L1: 0.0308]	5.2+0.0s
[480/1120]	[L1: 0.0311]	4.8+0.0s
[520/1120]	[L1: 0.0310]	4.7+0.0s
[560/1120]	[L1: 0.0308]	4.5+0.0s
[600/1120]	[L1: 0.0307]	4.0+0.0s
[640/1120]	[L1: 0.0309]	4.6+0.0s
[680/1120]	[L1: 0.0308]	4.7+0.0s
[720/1120]	[L1: 0.0308]	4.6+0.0s
[760/1120]	[L1: 0.0310]	5.3+0.0s
[800/1120]	[L1: 0.0309]	4.9+0.1s
[840/1120]	[L1: 0.0308]	4.8+0.0s
[880/1120]	[L1: 0.0308]	4.8+0.0s
[920/1120]	[L1: 0.0307]	3.6+0.0s
[960/1120]	[L1: 0.0307]	3.9+0.0s
[1000/1120]	[L1: 0.0306]	3.4+0.0s
[1040/1120]	[L1: 0.0307]	2.5+0.0s
[1080/1120]	[L1: 0.0307]	2.3+0.0s
[1120/1120]	[L1: 0.0307]	2.4+0.0s

Evaluation:
[RSSCN7 x4]	psnr: 27.737 (Best: 27.753 @epoch 301)
Total time: 7.36s

[Epoch 303]	Learning rate: 1.00e-4
[40/1120]	[L1: 0.0350]	2.5+0.0s
[80/1120]	[L1: 0.0312]	2.5+0.0s
[120/1120]	[L1: 0.0305]	2.9+0.0s
[160/1120]	[L1: 0.0313]	2.4+0.0s
[200/1120]	[L1: 0.0316]	2.6+0.0s
[240/1120]	[L1: 0.0315]	3.0+0.0s
[280/1120]	[L1: 0.0313]	2.9+0.0s
[320/1120]	[L1: 0.0313]	2.4+0.0s
[360/1120]	[L1: 0.0316]	2.5+0.0s
[400/1120]	[L1: 0.0317]	2.3+0.0s
[440/1120]	[L1: 0.0318]	2.4+0.0s
[480/1120]	[L1: 0.0319]	2.3+0.0s
[520/1120]	[L1: 0.0317]	2.3+0.0s
[560/1120]	[L1: 0.0317]	2.4+0.0s
[600/1120]	[L1: 0.0315]	2.3+0.0s
[640/1120]	[L1: 0.0317]	2.5+0.0s
[680/1120]	[L1: 0.0313]	2.3+0.0s
[720/1120]	[L1: 0.0313]	2.3+0.0s
[760/1120]	[L1: 0.0310]	2.4+0.0s
[800/1120]	[L1: 0.0309]	2.3+0.0s
[840/1120]	[L1: 0.0309]	2.4+0.0s
[880/1120]	[L1: 0.0308]	2.3+0.0s
[920/1120]	[L1: 0.0308]	2.3+0.0s
[960/1120]	[L1: 0.0307]	2.4+0.0s
[1000/1120]	[L1: 0.0307]	4.7+0.0s
[1040/1120]	[L1: 0.0307]	4.7+0.0s
[1080/1120]	[L1: 0.0308]	3.9+0.0s
[1120/1120]	[L1: 0.0307]	4.5+0.0s

Evaluation:
[RSSCN7 x4]	psnr: 27.730 (Best: 27.753 @epoch 301)
Total time: 10.87s

[Epoch 304]	Learning rate: 1.00e-4
[40/1120]	[L1: 0.0296]	4.3+0.0s
[80/1120]	[L1: 0.0307]	3.6+0.0s
[120/1120]	[L1: 0.0302]	3.9+0.0s
[160/1120]	[L1: 0.0306]	3.9+0.0s
[200/1120]	[L1: 0.0301]	4.1+0.0s
[240/1120]	[L1: 0.0300]	4.7+0.0s
[280/1120]	[L1: 0.0299]	4.0+0.0s
[320/1120]	[L1: 0.0303]	3.9+0.0s
[360/1120]	[L1: 0.0308]	4.3+0.0s
[400/1120]	[L1: 0.0306]	4.0+0.0s
[440/1120]	[L1: 0.0308]	4.2+0.0s
[480/1120]	[L1: 0.0309]	4.6+0.0s
[520/1120]	[L1: 0.0310]	3.5+0.0s
[560/1120]	[L1: 0.0308]	4.0+0.0s
[600/1120]	[L1: 0.0308]	4.8+0.0s
[640/1120]	[L1: 0.0308]	4.8+0.0s
[680/1120]	[L1: 0.0309]	2.8+0.0s
[720/1120]	[L1: 0.0307]	2.3+0.0s
[760/1120]	[L1: 0.0308]	2.3+0.0s
[800/1120]	[L1: 0.0309]	2.4+0.0s
[840/1120]	[L1: 0.0308]	2.3+0.0s
[880/1120]	[L1: 0.0307]	2.4+0.0s
[920/1120]	[L1: 0.0304]	2.3+0.0s
[960/1120]	[L1: 0.0307]	2.5+0.0s
[1000/1120]	[L1: 0.0308]	2.9+0.0s
[1040/1120]	[L1: 0.0306]	2.6+0.0s
[1080/1120]	[L1: 0.0307]	2.4+0.0s
[1120/1120]	[L1: 0.0307]	2.3+0.0s

Evaluation:
[RSSCN7 x4]	psnr: 27.706 (Best: 27.753 @epoch 301)
Total time: 7.51s

[Epoch 305]	Learning rate: 1.00e-4
[40/1120]	[L1: 0.0262]	2.5+0.0s
[80/1120]	[L1: 0.0292]	2.4+0.0s
[120/1120]	[L1: 0.0307]	2.4+0.0s
[160/1120]	[L1: 0.0306]	2.3+0.0s
[200/1120]	[L1: 0.0302]	2.5+0.0s
[240/1120]	[L1: 0.0305]	2.4+0.0s
[280/1120]	[L1: 0.0300]	2.3+0.0s
[320/1120]	[L1: 0.0302]	2.4+0.0s
[360/1120]	[L1: 0.0304]	2.4+0.0s
[400/1120]	[L1: 0.0303]	2.3+0.0s
[440/1120]	[L1: 0.0306]	2.7+0.0s
[480/1120]	[L1: 0.0306]	2.5+0.0s
[520/1120]	[L1: 0.0307]	2.3+0.0s
[560/1120]	[L1: 0.0308]	2.3+0.0s
[600/1120]	[L1: 0.0308]	2.3+0.0s
[640/1120]	[L1: 0.0309]	3.1+0.0s
[680/1120]	[L1: 0.0308]	4.4+0.0s
[720/1120]	[L1: 0.0309]	4.4+0.0s
[760/1120]	[L1: 0.0308]	4.8+0.1s
[800/1120]	[L1: 0.0307]	4.0+0.0s
[840/1120]	[L1: 0.0306]	4.5+0.0s
[880/1120]	[L1: 0.0308]	4.9+0.0s
[920/1120]	[L1: 0.0308]	5.1+0.0s
[960/1120]	[L1: 0.0307]	5.0+0.1s
[1000/1120]	[L1: 0.0309]	5.0+0.0s
[1040/1120]	[L1: 0.0309]	4.2+0.0s
[1080/1120]	[L1: 0.0309]	4.4+0.0s
[1120/1120]	[L1: 0.0309]	5.1+0.0s

Evaluation:
[RSSCN7 x4]	psnr: 27.744 (Best: 27.753 @epoch 301)
Total time: 11.31s

[Epoch 306]	Learning rate: 1.00e-4
[40/1120]	[L1: 0.0294]	3.6+0.1s
[80/1120]	[L1: 0.0329]	4.5+0.0s
[120/1120]	[L1: 0.0331]	5.2+0.0s
[160/1120]	[L1: 0.0319]	4.6+0.0s
[200/1120]	[L1: 0.0308]	4.5+0.0s
[240/1120]	[L1: 0.0309]	5.3+0.1s
[280/1120]	[L1: 0.0306]	4.5+0.0s
[320/1120]	[L1: 0.0304]	4.1+0.0s
[360/1120]	[L1: 0.0306]	2.8+0.0s
[400/1120]	[L1: 0.0308]	2.7+0.0s
[440/1120]	[L1: 0.0310]	2.4+0.0s
[480/1120]	[L1: 0.0310]	2.4+0.0s
[520/1120]	[L1: 0.0312]	2.6+0.0s
[560/1120]	[L1: 0.0311]	2.4+0.0s
[600/1120]	[L1: 0.0310]	2.3+0.0s
[640/1120]	[L1: 0.0313]	2.4+0.0s
[680/1120]	[L1: 0.0313]	2.3+0.0s
[720/1120]	[L1: 0.0314]	2.4+0.0s
[760/1120]	[L1: 0.0313]	2.3+0.0s
[800/1120]	[L1: 0.0313]	2.4+0.0s
[840/1120]	[L1: 0.0313]	2.3+0.0s
[880/1120]	[L1: 0.0312]	2.3+0.0s
[920/1120]	[L1: 0.0311]	2.5+0.0s
[960/1120]	[L1: 0.0310]	2.3+0.0s
[1000/1120]	[L1: 0.0310]	2.4+0.0s
[1040/1120]	[L1: 0.0310]	2.3+0.0s
[1080/1120]	[L1: 0.0308]	2.4+0.0s
[1120/1120]	[L1: 0.0308]	2.3+0.0s

Evaluation:
[RSSCN7 x4]	psnr: 27.730 (Best: 27.753 @epoch 301)
Total time: 7.46s

[Epoch 307]	Learning rate: 1.00e-4
[40/1120]	[L1: 0.0309]	2.6+0.0s
[80/1120]	[L1: 0.0315]	2.9+0.0s
[120/1120]	[L1: 0.0328]	2.6+0.0s
[160/1120]	[L1: 0.0315]	2.3+0.0s
[200/1120]	[L1: 0.0321]	2.4+0.0s
[240/1120]	[L1: 0.0318]	2.3+0.0s
[280/1120]	[L1: 0.0312]	2.7+0.0s
[320/1120]	[L1: 0.0312]	4.6+0.0s
[360/1120]	[L1: 0.0311]	5.0+0.0s
[400/1120]	[L1: 0.0313]	5.5+0.1s
[440/1120]	[L1: 0.0313]	5.0+0.0s
[480/1120]	[L1: 0.0308]	5.3+0.0s
[520/1120]	[L1: 0.0309]	4.7+0.0s
[560/1120]	[L1: 0.0306]	5.5+0.1s
[600/1120]	[L1: 0.0309]	4.9+0.0s
[640/1120]	[L1: 0.0308]	4.1+0.0s
[680/1120]	[L1: 0.0309]	3.7+0.0s
[720/1120]	[L1: 0.0308]	3.7+0.0s
[760/1120]	[L1: 0.0307]	3.6+0.0s
[800/1120]	[L1: 0.0307]	3.4+0.0s
[840/1120]	[L1: 0.0307]	3.3+0.0s
[880/1120]	[L1: 0.0306]	3.6+0.0s
[920/1120]	[L1: 0.0306]	3.6+0.0s
[960/1120]	[L1: 0.0305]	3.8+0.0s
[1000/1120]	[L1: 0.0305]	4.3+0.0s
[1040/1120]	[L1: 0.0306]	4.2+0.0s
[1080/1120]	[L1: 0.0306]	3.8+0.0s
[1120/1120]	[L1: 0.0308]	3.6+0.0s

Evaluation:
[RSSCN7 x4]	psnr: 27.692 (Best: 27.753 @epoch 301)
Total time: 9.06s

[Epoch 308]	Learning rate: 1.00e-4
[40/1120]	[L1: 0.0293]	2.3+0.0s
[80/1120]	[L1: 0.0294]	2.3+0.0s
[120/1120]	[L1: 0.0314]	2.3+0.0s
[160/1120]	[L1: 0.0319]	2.4+0.0s
[200/1120]	[L1: 0.0315]	2.3+0.0s
[240/1120]	[L1: 0.0312]	2.3+0.0s
[280/1120]	[L1: 0.0314]	2.3+0.0s
[320/1120]	[L1: 0.0312]	2.4+0.0s
[360/1120]	[L1: 0.0316]	2.4+0.0s
[400/1120]	[L1: 0.0321]	2.7+0.0s
[440/1120]	[L1: 0.0322]	2.7+0.0s
[480/1120]	[L1: 0.0324]	2.3+0.0s
[520/1120]	[L1: 0.0321]	2.3+0.0s
[560/1120]	[L1: 0.0317]	2.3+0.0s
[600/1120]	[L1: 0.0318]	2.4+0.0s
[640/1120]	[L1: 0.0318]	2.3+0.0s
[680/1120]	[L1: 0.0316]	2.3+0.0s
[720/1120]	[L1: 0.0314]	2.4+0.0s
[760/1120]	[L1: 0.0314]	2.4+0.0s
[800/1120]	[L1: 0.0314]	2.3+0.0s
[840/1120]	[L1: 0.0312]	2.3+0.0s
[880/1120]	[L1: 0.0314]	2.5+0.0s
[920/1120]	[L1: 0.0314]	2.5+0.0s
[960/1120]	[L1: 0.0313]	2.4+0.0s
[1000/1120]	[L1: 0.0311]	2.3+0.0s
[1040/1120]	[L1: 0.0309]	2.4+0.0s
[1080/1120]	[L1: 0.0308]	2.3+0.0s
[1120/1120]	[L1: 0.0308]	2.3+0.0s

Evaluation:
[RSSCN7 x4]	psnr: 27.733 (Best: 27.753 @epoch 301)
Total time: 8.84s

[Epoch 309]	Learning rate: 1.00e-4
[40/1120]	[L1: 0.0282]	4.2+0.0s
[80/1120]	[L1: 0.0317]	4.9+0.0s
[120/1120]	[L1: 0.0311]	4.6+0.0s
[160/1120]	[L1: 0.0309]	4.5+0.0s
[200/1120]	[L1: 0.0306]	5.1+0.0s
[240/1120]	[L1: 0.0304]	5.2+0.1s
[280/1120]	[L1: 0.0301]	4.4+0.0s
[320/1120]	[L1: 0.0304]	4.6+0.0s
[360/1120]	[L1: 0.0306]	4.5+0.0s
[400/1120]	[L1: 0.0309]	3.5+0.0s
[440/1120]	[L1: 0.0308]	4.1+0.0s
[480/1120]	[L1: 0.0307]	4.3+0.0s
[520/1120]	[L1: 0.0309]	4.7+0.1s
[560/1120]	[L1: 0.0308]	4.3+0.0s
[600/1120]	[L1: 0.0308]	4.6+0.0s
[640/1120]	[L1: 0.0306]	4.2+0.0s
[680/1120]	[L1: 0.0306]	4.0+0.0s
[720/1120]	[L1: 0.0305]	3.9+0.0s
[760/1120]	[L1: 0.0305]	4.4+0.0s
[800/1120]	[L1: 0.0306]	4.0+0.0s
[840/1120]	[L1: 0.0307]	3.9+0.0s
[880/1120]	[L1: 0.0307]	2.3+0.0s
[920/1120]	[L1: 0.0306]	2.4+0.0s
[960/1120]	[L1: 0.0307]	2.3+0.0s
[1000/1120]	[L1: 0.0307]	2.4+0.0s
[1040/1120]	[L1: 0.0306]	2.4+0.0s
[1080/1120]	[L1: 0.0306]	2.7+0.0s
[1120/1120]	[L1: 0.0307]	2.3+0.0s

Evaluation:
[RSSCN7 x4]	psnr: 27.728 (Best: 27.753 @epoch 301)
Total time: 7.44s

[Epoch 310]	Learning rate: 1.00e-4
[40/1120]	[L1: 0.0316]	2.6+0.0s
[80/1120]	[L1: 0.0290]	2.5+0.0s
[120/1120]	[L1: 0.0290]	2.4+0.0s
[160/1120]	[L1: 0.0290]	2.4+0.0s
[200/1120]	[L1: 0.0297]	2.5+0.0s
[240/1120]	[L1: 0.0298]	2.4+0.0s
[280/1120]	[L1: 0.0300]	2.3+0.0s
[320/1120]	[L1: 0.0306]	2.3+0.0s
[360/1120]	[L1: 0.0303]	2.5+0.0s
[400/1120]	[L1: 0.0304]	2.4+0.0s
[440/1120]	[L1: 0.0302]	2.3+0.0s
[480/1120]	[L1: 0.0305]	2.3+0.0s
[520/1120]	[L1: 0.0305]	2.5+0.0s
[560/1120]	[L1: 0.0304]	2.3+0.0s
[600/1120]	[L1: 0.0301]	2.3+0.0s
[640/1120]	[L1: 0.0303]	2.4+0.0s
[680/1120]	[L1: 0.0305]	2.4+0.0s
[720/1120]	[L1: 0.0305]	2.3+0.0s
[760/1120]	[L1: 0.0305]	2.4+0.0s
[800/1120]	[L1: 0.0305]	2.4+0.0s
[840/1120]	[L1: 0.0304]	2.3+0.0s
[880/1120]	[L1: 0.0307]	3.8+0.0s
[920/1120]	[L1: 0.0307]	4.8+0.0s
[960/1120]	[L1: 0.0306]	5.5+0.0s
[1000/1120]	[L1: 0.0305]	4.8+0.0s
[1040/1120]	[L1: 0.0306]	5.0+0.0s
[1080/1120]	[L1: 0.0305]	4.2+0.0s
[1120/1120]	[L1: 0.0307]	4.8+0.0s

Evaluation:
[RSSCN7 x4]	psnr: 27.755 (Best: 27.755 @epoch 310)
Total time: 10.16s

[Epoch 311]	Learning rate: 1.00e-4
[40/1120]	[L1: 0.0366]	4.2+0.1s
[80/1120]	[L1: 0.0345]	5.1+0.0s
[120/1120]	[L1: 0.0332]	4.9+0.0s
[160/1120]	[L1: 0.0327]	4.4+0.0s
[200/1120]	[L1: 0.0319]	4.4+0.0s
[240/1120]	[L1: 0.0308]	4.0+0.1s
[280/1120]	[L1: 0.0306]	4.1+0.0s
[320/1120]	[L1: 0.0303]	4.3+0.0s
[360/1120]	[L1: 0.0305]	3.9+0.0s
[400/1120]	[L1: 0.0306]	4.1+0.0s
[440/1120]	[L1: 0.0304]	4.0+0.0s
[480/1120]	[L1: 0.0306]	4.4+0.0s
[520/1120]	[L1: 0.0306]	3.0+0.0s
[560/1120]	[L1: 0.0306]	2.4+0.0s
[600/1120]	[L1: 0.0308]	2.3+0.0s
[640/1120]	[L1: 0.0304]	2.3+0.0s
[680/1120]	[L1: 0.0306]	2.3+0.0s
[720/1120]	[L1: 0.0305]	2.3+0.0s
[760/1120]	[L1: 0.0309]	2.3+0.0s
[800/1120]	[L1: 0.0310]	2.3+0.0s
[840/1120]	[L1: 0.0310]	2.3+0.0s
[880/1120]	[L1: 0.0310]	2.4+0.0s
[920/1120]	[L1: 0.0309]	2.3+0.0s
[960/1120]	[L1: 0.0310]	2.3+0.0s
[1000/1120]	[L1: 0.0310]	2.3+0.0s
[1040/1120]	[L1: 0.0308]	2.3+0.0s
[1080/1120]	[L1: 0.0309]	2.4+0.0s
[1120/1120]	[L1: 0.0308]	2.3+0.0s

Evaluation:
[RSSCN7 x4]	psnr: 27.748 (Best: 27.755 @epoch 310)
Total time: 7.47s

[Epoch 312]	Learning rate: 1.00e-4
[40/1120]	[L1: 0.0327]	2.5+0.0s
[80/1120]	[L1: 0.0301]	2.3+0.0s
[120/1120]	[L1: 0.0309]	2.3+0.0s
[160/1120]	[L1: 0.0304]	2.5+0.0s
[200/1120]	[L1: 0.0297]	2.3+0.0s
[240/1120]	[L1: 0.0300]	2.3+0.0s
[280/1120]	[L1: 0.0304]	2.6+0.0s
[320/1120]	[L1: 0.0306]	2.3+0.0s
[360/1120]	[L1: 0.0301]	2.3+0.0s
[400/1120]	[L1: 0.0301]	2.4+0.0s
[440/1120]	[L1: 0.0302]	2.3+0.0s
[480/1120]	[L1: 0.0302]	2.3+0.0s
[520/1120]	[L1: 0.0302]	2.3+0.0s
[560/1120]	[L1: 0.0304]	2.3+0.0s
[600/1120]	[L1: 0.0307]	3.3+0.0s
[640/1120]	[L1: 0.0303]	5.0+0.0s
[680/1120]	[L1: 0.0303]	4.8+0.0s
[720/1120]	[L1: 0.0302]	4.6+0.0s
[760/1120]	[L1: 0.0302]	5.3+0.0s
[800/1120]	[L1: 0.0303]	4.8+0.0s
[840/1120]	[L1: 0.0303]	4.3+0.0s
[880/1120]	[L1: 0.0302]	4.8+0.0s
[920/1120]	[L1: 0.0303]	5.3+0.0s
[960/1120]	[L1: 0.0303]	4.7+0.0s
[1000/1120]	[L1: 0.0304]	4.5+0.0s
[1040/1120]	[L1: 0.0304]	4.8+0.0s
[1080/1120]	[L1: 0.0306]	4.8+0.0s
[1120/1120]	[L1: 0.0307]	4.7+0.0s

Evaluation:
[RSSCN7 x4]	psnr: 27.755 (Best: 27.755 @epoch 310)
Total time: 10.56s

[Epoch 313]	Learning rate: 1.00e-4
[40/1120]	[L1: 0.0286]	4.0+0.0s
[80/1120]	[L1: 0.0311]	4.4+0.0s
[120/1120]	[L1: 0.0314]	3.6+0.0s
[160/1120]	[L1: 0.0311]	3.9+0.0s
[200/1120]	[L1: 0.0312]	4.3+0.0s
[240/1120]	[L1: 0.0312]	3.5+0.0s
[280/1120]	[L1: 0.0314]	2.4+0.0s
[320/1120]	[L1: 0.0314]	2.3+0.0s
[360/1120]	[L1: 0.0311]	2.3+0.0s
[400/1120]	[L1: 0.0310]	2.3+0.0s
[440/1120]	[L1: 0.0310]	2.3+0.0s
[480/1120]	[L1: 0.0311]	2.4+0.0s
[520/1120]	[L1: 0.0316]	2.3+0.0s
[560/1120]	[L1: 0.0311]	2.3+0.0s
[600/1120]	[L1: 0.0312]	2.3+0.0s
[640/1120]	[L1: 0.0313]	2.3+0.0s
[680/1120]	[L1: 0.0312]	2.4+0.0s
[720/1120]	[L1: 0.0313]	2.3+0.0s
[760/1120]	[L1: 0.0311]	2.3+0.0s
[800/1120]	[L1: 0.0312]	2.3+0.0s
[840/1120]	[L1: 0.0312]	2.3+0.0s
[880/1120]	[L1: 0.0311]	2.3+0.0s
[920/1120]	[L1: 0.0309]	2.4+0.0s
[960/1120]	[L1: 0.0308]	2.3+0.0s
[1000/1120]	[L1: 0.0308]	2.3+0.0s
[1040/1120]	[L1: 0.0308]	2.3+0.0s
[1080/1120]	[L1: 0.0307]	2.3+0.0s
[1120/1120]	[L1: 0.0306]	2.3+0.0s

Evaluation:
[RSSCN7 x4]	psnr: 27.663 (Best: 27.755 @epoch 310)
Total time: 7.43s

[Epoch 314]	Learning rate: 1.00e-4
[40/1120]	[L1: 0.0298]	2.4+0.0s
[80/1120]	[L1: 0.0313]	2.4+0.0s
[120/1120]	[L1: 0.0310]	2.4+0.0s
[160/1120]	[L1: 0.0305]	2.3+0.0s
[200/1120]	[L1: 0.0319]	2.3+0.0s
[240/1120]	[L1: 0.0320]	2.3+0.0s
[280/1120]	[L1: 0.0321]	3.7+0.0s
[320/1120]	[L1: 0.0322]	3.9+0.0s
[360/1120]	[L1: 0.0321]	4.7+0.0s
[400/1120]	[L1: 0.0318]	5.0+0.0s
[440/1120]	[L1: 0.0316]	3.6+0.0s
[480/1120]	[L1: 0.0314]	3.6+0.0s
[520/1120]	[L1: 0.0312]	3.4+0.0s
[560/1120]	[L1: 0.0313]	4.1+0.0s
[600/1120]	[L1: 0.0312]	4.8+0.0s
[640/1120]	[L1: 0.0310]	5.0+0.0s
[680/1120]	[L1: 0.0311]	4.7+0.0s
[720/1120]	[L1: 0.0312]	4.9+0.0s
[760/1120]	[L1: 0.0311]	4.7+0.0s
[800/1120]	[L1: 0.0312]	4.2+0.0s
[840/1120]	[L1: 0.0312]	4.1+0.0s
[880/1120]	[L1: 0.0309]	4.0+0.1s
[920/1120]	[L1: 0.0309]	4.1+0.0s
[960/1120]	[L1: 0.0308]	4.1+0.0s
[1000/1120]	[L1: 0.0308]	4.0+0.0s
[1040/1120]	[L1: 0.0307]	4.1+0.0s
[1080/1120]	[L1: 0.0307]	4.6+0.0s
[1120/1120]	[L1: 0.0307]	4.4+0.0s

Evaluation:
[RSSCN7 x4]	psnr: 27.714 (Best: 27.755 @epoch 310)
Total time: 8.39s

[Epoch 315]	Learning rate: 1.00e-4
[40/1120]	[L1: 0.0298]	2.3+0.0s
[80/1120]	[L1: 0.0294]	2.3+0.0s
[120/1120]	[L1: 0.0306]	2.3+0.0s
[160/1120]	[L1: 0.0312]	2.4+0.0s
[200/1120]	[L1: 0.0311]	2.3+0.0s
[240/1120]	[L1: 0.0304]	2.3+0.0s
[280/1120]	[L1: 0.0311]	2.3+0.0s
[320/1120]	[L1: 0.0314]	2.4+0.0s
[360/1120]	[L1: 0.0314]	2.3+0.0s
[400/1120]	[L1: 0.0314]	2.3+0.0s
[440/1120]	[L1: 0.0310]	2.3+0.0s
[480/1120]	[L1: 0.0310]	2.3+0.0s
[520/1120]	[L1: 0.0312]	2.4+0.0s
[560/1120]	[L1: 0.0311]	2.3+0.0s
[600/1120]	[L1: 0.0312]	2.3+0.0s
[640/1120]	[L1: 0.0310]	2.3+0.0s
[680/1120]	[L1: 0.0311]	2.4+0.0s
[720/1120]	[L1: 0.0311]	2.3+0.0s
[760/1120]	[L1: 0.0308]	2.3+0.0s
[800/1120]	[L1: 0.0307]	2.3+0.0s
[840/1120]	[L1: 0.0307]	2.3+0.0s
[880/1120]	[L1: 0.0308]	2.4+0.0s
[920/1120]	[L1: 0.0310]	2.3+0.0s
[960/1120]	[L1: 0.0309]	2.3+0.0s
[1000/1120]	[L1: 0.0308]	2.3+0.0s
[1040/1120]	[L1: 0.0309]	2.3+0.0s
[1080/1120]	[L1: 0.0308]	2.4+0.0s
[1120/1120]	[L1: 0.0307]	2.3+0.0s

Evaluation:
[RSSCN7 x4]	psnr: 27.751 (Best: 27.755 @epoch 310)
Total time: 9.25s

[Epoch 316]	Learning rate: 1.00e-4
[40/1120]	[L1: 0.0284]	5.3+0.0s
[80/1120]	[L1: 0.0304]	5.0+0.0s
[120/1120]	[L1: 0.0315]	4.6+0.0s
[160/1120]	[L1: 0.0308]	4.8+0.1s
[200/1120]	[L1: 0.0304]	4.5+0.0s
[240/1120]	[L1: 0.0307]	4.6+0.0s
[280/1120]	[L1: 0.0308]	4.1+0.0s
[320/1120]	[L1: 0.0310]	4.2+0.0s
[360/1120]	[L1: 0.0305]	4.5+0.0s
[400/1120]	[L1: 0.0304]	5.3+0.0s
[440/1120]	[L1: 0.0302]	5.2+0.0s
[480/1120]	[L1: 0.0303]	5.0+0.0s
[520/1120]	[L1: 0.0303]	4.6+0.0s
[560/1120]	[L1: 0.0304]	4.7+0.0s
[600/1120]	[L1: 0.0308]	5.3+0.0s
[640/1120]	[L1: 0.0310]	4.8+0.1s
[680/1120]	[L1: 0.0311]	4.5+0.0s
[720/1120]	[L1: 0.0311]	4.4+0.0s
[760/1120]	[L1: 0.0311]	4.1+0.0s
[800/1120]	[L1: 0.0310]	4.5+0.0s
[840/1120]	[L1: 0.0308]	3.7+0.0s
[880/1120]	[L1: 0.0309]	2.8+0.0s
[920/1120]	[L1: 0.0310]	2.6+0.0s
[960/1120]	[L1: 0.0309]	2.3+0.0s
[1000/1120]	[L1: 0.0308]	2.3+0.0s
[1040/1120]	[L1: 0.0309]	2.4+0.0s
[1080/1120]	[L1: 0.0308]	2.3+0.0s
[1120/1120]	[L1: 0.0309]	2.4+0.0s

Evaluation:
[RSSCN7 x4]	psnr: 27.748 (Best: 27.755 @epoch 310)
Total time: 7.41s

[Epoch 317]	Learning rate: 1.00e-4
[40/1120]	[L1: 0.0305]	2.4+0.1s
[80/1120]	[L1: 0.0304]	2.3+0.0s
[120/1120]	[L1: 0.0315]	2.5+0.0s
[160/1120]	[L1: 0.0309]	2.4+0.0s
[200/1120]	[L1: 0.0310]	2.5+0.0s
[240/1120]	[L1: 0.0308]	2.9+0.0s
[280/1120]	[L1: 0.0306]	2.4+0.0s
[320/1120]	[L1: 0.0304]	2.3+0.0s
[360/1120]	[L1: 0.0300]	2.3+0.0s
[400/1120]	[L1: 0.0299]	2.4+0.0s
[440/1120]	[L1: 0.0297]	2.3+0.0s
[480/1120]	[L1: 0.0295]	2.4+0.0s
[520/1120]	[L1: 0.0296]	2.4+0.0s
[560/1120]	[L1: 0.0296]	2.3+0.0s
[600/1120]	[L1: 0.0295]	2.3+0.0s
[640/1120]	[L1: 0.0297]	2.3+0.0s
[680/1120]	[L1: 0.0298]	2.5+0.0s
[720/1120]	[L1: 0.0300]	2.3+0.0s
[760/1120]	[L1: 0.0303]	2.3+0.0s
[800/1120]	[L1: 0.0302]	2.3+0.0s
[840/1120]	[L1: 0.0303]	4.4+0.0s
[880/1120]	[L1: 0.0305]	4.6+0.1s
[920/1120]	[L1: 0.0304]	4.5+0.0s
[960/1120]	[L1: 0.0305]	4.8+0.0s
[1000/1120]	[L1: 0.0304]	4.6+0.0s
[1040/1120]	[L1: 0.0303]	4.7+0.0s
[1080/1120]	[L1: 0.0306]	4.7+0.0s
[1120/1120]	[L1: 0.0306]	5.0+0.0s

Evaluation:
[RSSCN7 x4]	psnr: 27.727 (Best: 27.755 @epoch 310)
Total time: 10.95s

[Epoch 318]	Learning rate: 1.00e-4
[40/1120]	[L1: 0.0317]	4.1+0.0s
[80/1120]	[L1: 0.0318]	4.2+0.0s
[120/1120]	[L1: 0.0323]	4.2+0.0s
[160/1120]	[L1: 0.0320]	4.5+0.0s
[200/1120]	[L1: 0.0326]	5.1+0.0s
[240/1120]	[L1: 0.0325]	4.8+0.0s
[280/1120]	[L1: 0.0321]	5.0+0.0s
[320/1120]	[L1: 0.0314]	4.0+0.0s
[360/1120]	[L1: 0.0312]	4.3+0.0s
[400/1120]	[L1: 0.0314]	4.6+0.0s
[440/1120]	[L1: 0.0315]	4.1+0.0s
[480/1120]	[L1: 0.0314]	2.9+0.0s
[520/1120]	[L1: 0.0316]	2.4+0.0s
[560/1120]	[L1: 0.0315]	2.3+0.0s
[600/1120]	[L1: 0.0313]	2.3+0.0s
[640/1120]	[L1: 0.0310]	2.4+0.0s
[680/1120]	[L1: 0.0312]	2.3+0.0s
[720/1120]	[L1: 0.0314]	2.3+0.0s
[760/1120]	[L1: 0.0311]	2.4+0.0s
[800/1120]	[L1: 0.0311]	2.3+0.0s
[840/1120]	[L1: 0.0310]	2.3+0.0s
[880/1120]	[L1: 0.0308]	2.4+0.0s
[920/1120]	[L1: 0.0307]	2.4+0.0s
[960/1120]	[L1: 0.0307]	2.3+0.0s
[1000/1120]	[L1: 0.0307]	2.4+0.0s
[1040/1120]	[L1: 0.0308]	2.7+0.0s
[1080/1120]	[L1: 0.0306]	2.8+0.0s
[1120/1120]	[L1: 0.0308]	2.4+0.0s

Evaluation:
[RSSCN7 x4]	psnr: 27.728 (Best: 27.755 @epoch 310)
Total time: 7.45s

[Epoch 319]	Learning rate: 1.00e-4
[40/1120]	[L1: 0.0351]	2.6+0.1s
[80/1120]	[L1: 0.0319]	2.4+0.0s
[120/1120]	[L1: 0.0317]	2.5+0.0s
[160/1120]	[L1: 0.0307]	2.3+0.0s
[200/1120]	[L1: 0.0293]	2.4+0.0s
[240/1120]	[L1: 0.0297]	2.3+0.0s
[280/1120]	[L1: 0.0297]	2.4+0.0s
[320/1120]	[L1: 0.0298]	2.3+0.0s
[360/1120]	[L1: 0.0301]	2.4+0.0s
[400/1120]	[L1: 0.0299]	2.4+0.0s
[440/1120]	[L1: 0.0299]	2.3+0.0s
[480/1120]	[L1: 0.0303]	4.1+0.0s
[520/1120]	[L1: 0.0306]	4.8+0.0s
[560/1120]	[L1: 0.0307]	4.7+0.0s
[600/1120]	[L1: 0.0305]	4.9+0.0s
[640/1120]	[L1: 0.0304]	5.4+0.0s
[680/1120]	[L1: 0.0305]	5.0+0.0s
[720/1120]	[L1: 0.0305]	5.6+0.0s
[760/1120]	[L1: 0.0306]	4.2+0.0s
[800/1120]	[L1: 0.0304]	4.0+0.0s
[840/1120]	[L1: 0.0305]	4.0+0.0s
[880/1120]	[L1: 0.0306]	5.4+0.0s
[920/1120]	[L1: 0.0306]	4.9+0.0s
[960/1120]	[L1: 0.0304]	4.6+0.0s
[1000/1120]	[L1: 0.0306]	4.4+0.0s
[1040/1120]	[L1: 0.0308]	5.3+0.0s
[1080/1120]	[L1: 0.0307]	5.1+0.0s
[1120/1120]	[L1: 0.0307]	4.2+0.0s

Evaluation:
[RSSCN7 x4]	psnr: 27.725 (Best: 27.755 @epoch 310)
Total time: 9.43s

[Epoch 320]	Learning rate: 1.00e-4
[40/1120]	[L1: 0.0374]	3.6+0.0s
[80/1120]	[L1: 0.0343]	3.4+0.0s
[120/1120]	[L1: 0.0338]	2.6+0.0s
[160/1120]	[L1: 0.0332]	2.3+0.0s
[200/1120]	[L1: 0.0322]	2.4+0.0s
[240/1120]	[L1: 0.0311]	2.3+0.0s
[280/1120]	[L1: 0.0306]	2.3+0.0s
[320/1120]	[L1: 0.0309]	2.5+0.0s
[360/1120]	[L1: 0.0309]	2.3+0.0s
[400/1120]	[L1: 0.0302]	2.3+0.0s
[440/1120]	[L1: 0.0301]	2.4+0.0s
[480/1120]	[L1: 0.0303]	2.3+0.0s
[520/1120]	[L1: 0.0303]	2.3+0.0s
[560/1120]	[L1: 0.0305]	2.4+0.0s
[600/1120]	[L1: 0.0308]	2.3+0.0s
[640/1120]	[L1: 0.0309]	2.3+0.0s
[680/1120]	[L1: 0.0309]	2.4+0.0s
[720/1120]	[L1: 0.0308]	2.3+0.0s
[760/1120]	[L1: 0.0306]	2.3+0.0s
[800/1120]	[L1: 0.0307]	2.4+0.0s
[840/1120]	[L1: 0.0306]	2.3+0.0s
[880/1120]	[L1: 0.0306]	2.4+0.0s
[920/1120]	[L1: 0.0305]	2.3+0.0s
[960/1120]	[L1: 0.0305]	2.3+0.0s
[1000/1120]	[L1: 0.0307]	2.4+0.0s
[1040/1120]	[L1: 0.0307]	2.3+0.0s
[1080/1120]	[L1: 0.0308]	2.3+0.0s
[1120/1120]	[L1: 0.0308]	2.4+0.0s

Evaluation:
[RSSCN7 x4]	psnr: 27.722 (Best: 27.755 @epoch 310)
Total time: 7.37s

[Epoch 321]	Learning rate: 1.00e-4
[40/1120]	[L1: 0.0331]	2.4+0.0s
[80/1120]	[L1: 0.0313]	2.4+0.0s
[120/1120]	[L1: 0.0300]	2.8+0.0s
[160/1120]	[L1: 0.0302]	4.4+0.0s
[200/1120]	[L1: 0.0309]	4.5+0.0s
[240/1120]	[L1: 0.0312]	5.0+0.0s
[280/1120]	[L1: 0.0309]	5.1+0.0s
[320/1120]	[L1: 0.0306]	5.1+0.0s
[360/1120]	[L1: 0.0305]	5.1+0.0s
[400/1120]	[L1: 0.0305]	5.1+0.0s
[440/1120]	[L1: 0.0301]	4.9+0.0s
[480/1120]	[L1: 0.0303]	4.5+0.0s
[520/1120]	[L1: 0.0302]	4.5+0.0s
[560/1120]	[L1: 0.0305]	4.9+0.0s
[600/1120]	[L1: 0.0304]	4.2+0.0s
[640/1120]	[L1: 0.0305]	4.4+0.0s
[680/1120]	[L1: 0.0306]	3.9+0.0s
[720/1120]	[L1: 0.0307]	3.6+0.0s
[760/1120]	[L1: 0.0307]	4.8+0.0s
[800/1120]	[L1: 0.0307]	5.0+0.0s
[840/1120]	[L1: 0.0306]	4.8+0.0s
[880/1120]	[L1: 0.0304]	4.6+0.0s
[920/1120]	[L1: 0.0303]	4.1+0.0s
[960/1120]	[L1: 0.0303]	4.2+0.0s
[1000/1120]	[L1: 0.0304]	4.2+0.0s
[1040/1120]	[L1: 0.0304]	3.2+0.0s
[1080/1120]	[L1: 0.0306]	2.7+0.0s
[1120/1120]	[L1: 0.0307]	2.7+0.0s

Evaluation:
[RSSCN7 x4]	psnr: 27.744 (Best: 27.755 @epoch 310)
Total time: 7.35s

[Epoch 322]	Learning rate: 1.00e-4
[40/1120]	[L1: 0.0341]	2.5+0.1s
[80/1120]	[L1: 0.0340]	2.3+0.0s
[120/1120]	[L1: 0.0343]	2.5+0.0s
[160/1120]	[L1: 0.0343]	2.9+0.0s
[200/1120]	[L1: 0.0332]	2.9+0.0s
[240/1120]	[L1: 0.0328]	2.9+0.0s
[280/1120]	[L1: 0.0330]	2.8+0.0s
[320/1120]	[L1: 0.0327]	2.8+0.0s
[360/1120]	[L1: 0.0323]	3.0+0.0s
[400/1120]	[L1: 0.0320]	2.9+0.0s
[440/1120]	[L1: 0.0318]	3.0+0.0s
[480/1120]	[L1: 0.0319]	2.5+0.0s
[520/1120]	[L1: 0.0317]	2.9+0.0s
[560/1120]	[L1: 0.0318]	3.1+0.0s
[600/1120]	[L1: 0.0315]	2.8+0.0s
[640/1120]	[L1: 0.0313]	2.6+0.0s
[680/1120]	[L1: 0.0311]	2.5+0.0s
[720/1120]	[L1: 0.0309]	2.4+0.0s
[760/1120]	[L1: 0.0307]	2.6+0.0s
[800/1120]	[L1: 0.0306]	2.4+0.0s
[840/1120]	[L1: 0.0306]	2.4+0.0s
[880/1120]	[L1: 0.0306]	2.4+0.0s
[920/1120]	[L1: 0.0308]	2.8+0.0s
[960/1120]	[L1: 0.0307]	3.1+0.0s
[1000/1120]	[L1: 0.0308]	5.0+0.0s
[1040/1120]	[L1: 0.0308]	5.7+0.0s
[1080/1120]	[L1: 0.0308]	5.1+0.0s
[1120/1120]	[L1: 0.0307]	4.7+0.0s

Evaluation:
[RSSCN7 x4]	psnr: 27.746 (Best: 27.755 @epoch 310)
Total time: 12.06s

[Epoch 323]	Learning rate: 1.00e-4
[40/1120]	[L1: 0.0328]	5.6+0.0s
[80/1120]	[L1: 0.0342]	5.4+0.0s
[120/1120]	[L1: 0.0320]	5.4+0.0s
[160/1120]	[L1: 0.0311]	5.4+0.0s
[200/1120]	[L1: 0.0319]	4.8+0.0s
[240/1120]	[L1: 0.0314]	4.6+0.0s
[280/1120]	[L1: 0.0312]	4.9+0.0s
[320/1120]	[L1: 0.0310]	4.4+0.0s
[360/1120]	[L1: 0.0305]	4.9+0.0s
[400/1120]	[L1: 0.0308]	5.5+0.0s
[440/1120]	[L1: 0.0307]	4.3+0.0s
[480/1120]	[L1: 0.0307]	5.2+0.0s
[520/1120]	[L1: 0.0310]	5.8+0.0s
[560/1120]	[L1: 0.0313]	4.5+0.0s
[600/1120]	[L1: 0.0310]	5.3+0.0s
[640/1120]	[L1: 0.0311]	3.3+0.0s
[680/1120]	[L1: 0.0307]	3.0+0.0s
[720/1120]	[L1: 0.0306]	3.0+0.0s
[760/1120]	[L1: 0.0308]	2.9+0.0s
[800/1120]	[L1: 0.0308]	3.0+0.0s
[840/1120]	[L1: 0.0307]	3.1+0.0s
[880/1120]	[L1: 0.0309]	3.3+0.0s
[920/1120]	[L1: 0.0310]	2.9+0.0s
[960/1120]	[L1: 0.0309]	2.9+0.0s
[1000/1120]	[L1: 0.0311]	3.0+0.0s
[1040/1120]	[L1: 0.0308]	2.9+0.0s
[1080/1120]	[L1: 0.0307]	2.9+0.0s
[1120/1120]	[L1: 0.0307]	3.2+0.0s

Evaluation:
[RSSCN7 x4]	psnr: 27.739 (Best: 27.755 @epoch 310)
Total time: 7.61s

[Epoch 324]	Learning rate: 1.00e-4
[40/1120]	[L1: 0.0314]	3.2+0.0s
[80/1120]	[L1: 0.0325]	3.1+0.0s
[120/1120]	[L1: 0.0319]	3.0+0.0s
[160/1120]	[L1: 0.0322]	3.5+0.0s
[200/1120]	[L1: 0.0317]	4.0+0.0s
[240/1120]	[L1: 0.0308]	4.1+0.0s
[280/1120]	[L1: 0.0310]	4.1+0.0s
[320/1120]	[L1: 0.0318]	4.4+0.0s
[360/1120]	[L1: 0.0316]	4.3+0.0s
[400/1120]	[L1: 0.0316]	3.2+0.0s
[440/1120]	[L1: 0.0316]	3.0+0.0s
[480/1120]	[L1: 0.0315]	3.9+0.0s
[520/1120]	[L1: 0.0314]	6.9+0.0s
[560/1120]	[L1: 0.0312]	6.5+0.1s
[600/1120]	[L1: 0.0309]	6.7+0.1s
[640/1120]	[L1: 0.0309]	6.2+0.0s
[680/1120]	[L1: 0.0307]	6.5+0.0s
[720/1120]	[L1: 0.0306]	7.1+0.0s
[760/1120]	[L1: 0.0307]	5.8+0.0s
[800/1120]	[L1: 0.0308]	4.6+0.0s
[840/1120]	[L1: 0.0311]	4.1+0.0s
[880/1120]	[L1: 0.0309]	4.4+0.0s
[920/1120]	[L1: 0.0309]	4.2+0.0s
[960/1120]	[L1: 0.0308]	4.7+0.0s
[1000/1120]	[L1: 0.0308]	4.6+0.0s
[1040/1120]	[L1: 0.0306]	4.3+0.0s
[1080/1120]	[L1: 0.0306]	4.7+0.0s
[1120/1120]	[L1: 0.0307]	4.3+0.0s

Evaluation:
[RSSCN7 x4]	psnr: 27.727 (Best: 27.755 @epoch 310)
Total time: 10.62s

[Epoch 325]	Learning rate: 1.00e-4
[40/1120]	[L1: 0.0273]	5.1+0.0s
[80/1120]	[L1: 0.0283]	6.5+0.0s
[120/1120]	[L1: 0.0305]	5.8+0.0s
[160/1120]	[L1: 0.0301]	6.3+0.0s
[200/1120]	[L1: 0.0294]	6.5+0.0s
[240/1120]	[L1: 0.0298]	5.7+0.0s
[280/1120]	[L1: 0.0297]	4.2+0.0s
[320/1120]	[L1: 0.0303]	3.5+0.0s
[360/1120]	[L1: 0.0308]	3.0+0.0s
[400/1120]	[L1: 0.0308]	4.1+0.0s
[440/1120]	[L1: 0.0305]	4.1+0.0s
[480/1120]	[L1: 0.0304]	4.2+0.0s
[520/1120]	[L1: 0.0304]	3.6+0.0s
[560/1120]	[L1: 0.0305]	3.1+0.0s
[600/1120]	[L1: 0.0305]	3.4+0.0s
[640/1120]	[L1: 0.0305]	3.9+0.0s
[680/1120]	[L1: 0.0306]	4.1+0.0s
[720/1120]	[L1: 0.0304]	4.0+0.0s
[760/1120]	[L1: 0.0302]	2.5+0.0s
[800/1120]	[L1: 0.0304]	2.7+0.0s
[840/1120]	[L1: 0.0304]	2.5+0.0s
[880/1120]	[L1: 0.0304]	2.4+0.0s
[920/1120]	[L1: 0.0306]	2.9+0.0s
[960/1120]	[L1: 0.0306]	3.3+0.0s
[1000/1120]	[L1: 0.0304]	3.6+0.0s
[1040/1120]	[L1: 0.0305]	2.5+0.0s
[1080/1120]	[L1: 0.0306]	2.9+0.0s
[1120/1120]	[L1: 0.0306]	3.5+0.0s

Evaluation:
[RSSCN7 x4]	psnr: 27.759 (Best: 27.759 @epoch 325)
Total time: 8.51s

[Epoch 326]	Learning rate: 1.00e-4
[40/1120]	[L1: 0.0319]	2.4+0.0s
[80/1120]	[L1: 0.0305]	3.0+0.0s
[120/1120]	[L1: 0.0298]	3.0+0.0s
[160/1120]	[L1: 0.0303]	4.0+0.0s
[200/1120]	[L1: 0.0293]	6.0+0.0s
[240/1120]	[L1: 0.0293]	4.4+0.0s
[280/1120]	[L1: 0.0296]	4.5+0.0s
[320/1120]	[L1: 0.0299]	4.7+0.0s
[360/1120]	[L1: 0.0298]	4.2+0.0s
[400/1120]	[L1: 0.0298]	6.0+0.0s
[440/1120]	[L1: 0.0302]	7.1+0.0s
[480/1120]	[L1: 0.0298]	7.3+0.0s
[520/1120]	[L1: 0.0298]	7.6+0.0s
[560/1120]	[L1: 0.0298]	6.4+0.1s
[600/1120]	[L1: 0.0302]	6.1+0.0s
[640/1120]	[L1: 0.0299]	6.5+0.0s
[680/1120]	[L1: 0.0300]	5.7+0.1s
[720/1120]	[L1: 0.0301]	6.8+0.0s
[760/1120]	[L1: 0.0302]	7.0+0.0s
[800/1120]	[L1: 0.0304]	5.9+0.0s
[840/1120]	[L1: 0.0305]	5.8+0.0s
[880/1120]	[L1: 0.0304]	6.5+0.0s
[920/1120]	[L1: 0.0304]	6.6+0.1s
[960/1120]	[L1: 0.0305]	5.9+0.0s
[1000/1120]	[L1: 0.0306]	5.5+0.0s
[1040/1120]	[L1: 0.0306]	4.1+0.1s
[1080/1120]	[L1: 0.0306]	6.4+0.0s
[1120/1120]	[L1: 0.0307]	6.2+0.0s

Evaluation:
[RSSCN7 x4]	psnr: 27.744 (Best: 27.759 @epoch 325)
Total time: 8.25s

[Epoch 327]	Learning rate: 1.00e-4
[40/1120]	[L1: 0.0314]	3.0+0.0s
[80/1120]	[L1: 0.0328]	3.4+0.0s
[120/1120]	[L1: 0.0308]	4.2+0.0s
[160/1120]	[L1: 0.0302]	3.9+0.0s
[200/1120]	[L1: 0.0312]	3.7+0.0s
[240/1120]	[L1: 0.0309]	3.0+0.0s
[280/1120]	[L1: 0.0303]	3.5+0.0s
[320/1120]	[L1: 0.0309]	4.0+0.0s
[360/1120]	[L1: 0.0312]	3.9+0.0s
[400/1120]	[L1: 0.0316]	2.6+0.0s
[440/1120]	[L1: 0.0319]	2.5+0.0s
[480/1120]	[L1: 0.0318]	2.8+0.0s
[520/1120]	[L1: 0.0317]	3.6+0.0s
[560/1120]	[L1: 0.0312]	3.4+0.0s
[600/1120]	[L1: 0.0312]	3.1+0.0s
[640/1120]	[L1: 0.0311]	4.2+0.0s
[680/1120]	[L1: 0.0311]	4.3+0.0s
[720/1120]	[L1: 0.0312]	4.0+0.0s
[760/1120]	[L1: 0.0314]	4.3+0.0s
[800/1120]	[L1: 0.0312]	3.1+0.0s
[840/1120]	[L1: 0.0310]	2.5+0.0s
[880/1120]	[L1: 0.0308]	2.6+0.0s
[920/1120]	[L1: 0.0308]	2.5+0.0s
[960/1120]	[L1: 0.0307]	3.2+0.0s
[1000/1120]	[L1: 0.0306]	4.2+0.0s
[1040/1120]	[L1: 0.0305]	4.8+0.0s
[1080/1120]	[L1: 0.0305]	6.2+0.0s
[1120/1120]	[L1: 0.0307]	6.9+0.0s

Evaluation:
[RSSCN7 x4]	psnr: 27.758 (Best: 27.759 @epoch 325)
Total time: 12.99s

[Epoch 328]	Learning rate: 1.00e-4
[40/1120]	[L1: 0.0338]	5.8+0.1s
[80/1120]	[L1: 0.0328]	4.8+0.1s
[120/1120]	[L1: 0.0324]	5.6+0.0s
[160/1120]	[L1: 0.0337]	6.3+0.0s
[200/1120]	[L1: 0.0334]	6.1+0.0s
[240/1120]	[L1: 0.0332]	6.1+0.1s
[280/1120]	[L1: 0.0331]	5.9+0.0s
[320/1120]	[L1: 0.0328]	5.6+0.0s
[360/1120]	[L1: 0.0324]	6.6+0.1s
[400/1120]	[L1: 0.0318]	5.1+0.0s
[440/1120]	[L1: 0.0315]	4.6+0.0s
[480/1120]	[L1: 0.0312]	5.2+0.0s
[520/1120]	[L1: 0.0313]	5.8+0.0s
[560/1120]	[L1: 0.0312]	5.7+0.0s
[600/1120]	[L1: 0.0313]	4.2+0.1s
[640/1120]	[L1: 0.0310]	4.8+0.0s
[680/1120]	[L1: 0.0308]	4.6+0.0s
[720/1120]	[L1: 0.0312]	4.2+0.0s
[760/1120]	[L1: 0.0311]	4.8+0.0s
[800/1120]	[L1: 0.0310]	3.5+0.0s
[840/1120]	[L1: 0.0309]	3.4+0.0s
[880/1120]	[L1: 0.0307]	3.9+0.0s
[920/1120]	[L1: 0.0305]	3.1+0.0s
[960/1120]	[L1: 0.0307]	2.6+0.0s
[1000/1120]	[L1: 0.0307]	2.5+0.0s
[1040/1120]	[L1: 0.0308]	2.9+0.0s
[1080/1120]	[L1: 0.0307]	3.2+0.0s
[1120/1120]	[L1: 0.0306]	3.6+0.0s

Evaluation:
[RSSCN7 x4]	psnr: 27.740 (Best: 27.759 @epoch 325)
Total time: 7.54s

[Epoch 329]	Learning rate: 1.00e-4
[40/1120]	[L1: 0.0335]	2.6+0.0s
[80/1120]	[L1: 0.0322]	2.9+0.0s
[120/1120]	[L1: 0.0321]	3.5+0.0s
[160/1120]	[L1: 0.0299]	3.6+0.0s
[200/1120]	[L1: 0.0296]	2.7+0.0s
[240/1120]	[L1: 0.0297]	2.6+0.0s
[280/1120]	[L1: 0.0301]	3.1+0.0s
[320/1120]	[L1: 0.0304]	3.0+0.0s
[360/1120]	[L1: 0.0310]	2.5+0.0s
[400/1120]	[L1: 0.0308]	2.6+0.0s
[440/1120]	[L1: 0.0307]	2.8+0.0s
[480/1120]	[L1: 0.0307]	2.9+0.0s
[520/1120]	[L1: 0.0310]	3.0+0.0s
[560/1120]	[L1: 0.0312]	3.2+0.0s
[600/1120]	[L1: 0.0312]	4.1+0.0s
[640/1120]	[L1: 0.0313]	3.6+0.0s
[680/1120]	[L1: 0.0314]	2.9+0.0s
[720/1120]	[L1: 0.0314]	4.6+0.0s
[760/1120]	[L1: 0.0313]	4.3+0.0s
[800/1120]	[L1: 0.0313]	4.5+0.1s
[840/1120]	[L1: 0.0312]	4.4+0.1s
[880/1120]	[L1: 0.0311]	5.4+0.0s
[920/1120]	[L1: 0.0309]	7.2+0.0s
[960/1120]	[L1: 0.0307]	5.8+0.0s
[1000/1120]	[L1: 0.0308]	6.0+0.0s
[1040/1120]	[L1: 0.0307]	4.8+0.1s
[1080/1120]	[L1: 0.0308]	4.7+0.0s
[1120/1120]	[L1: 0.0307]	4.5+0.0s

Evaluation:
[RSSCN7 x4]	psnr: 27.722 (Best: 27.759 @epoch 325)
Total time: 11.19s

[Epoch 330]	Learning rate: 1.00e-4
[40/1120]	[L1: 0.0318]	5.8+0.1s
[80/1120]	[L1: 0.0308]	6.1+0.0s
[120/1120]	[L1: 0.0323]	5.7+0.0s
[160/1120]	[L1: 0.0321]	6.3+0.0s
[200/1120]	[L1: 0.0326]	6.0+0.0s
[240/1120]	[L1: 0.0319]	6.2+0.0s
[280/1120]	[L1: 0.0315]	6.2+0.1s
[320/1120]	[L1: 0.0316]	6.0+0.0s
[360/1120]	[L1: 0.0316]	4.7+0.0s
[400/1120]	[L1: 0.0310]	5.1+0.0s
[440/1120]	[L1: 0.0309]	5.5+0.0s
[480/1120]	[L1: 0.0306]	4.0+0.0s
[520/1120]	[L1: 0.0305]	3.2+0.0s
[560/1120]	[L1: 0.0306]	3.0+0.0s
[600/1120]	[L1: 0.0307]	3.9+0.0s
[640/1120]	[L1: 0.0307]	3.4+0.0s
[680/1120]	[L1: 0.0312]	2.4+0.0s
[720/1120]	[L1: 0.0311]	2.7+0.0s
[760/1120]	[L1: 0.0313]	2.9+0.0s
[800/1120]	[L1: 0.0313]	3.1+0.0s
[840/1120]	[L1: 0.0310]	2.9+0.0s
[880/1120]	[L1: 0.0310]	2.9+0.0s
[920/1120]	[L1: 0.0309]	2.9+0.0s
[960/1120]	[L1: 0.0308]	4.0+0.0s
[1000/1120]	[L1: 0.0306]	4.1+0.0s
[1040/1120]	[L1: 0.0306]	3.6+0.0s
[1080/1120]	[L1: 0.0306]	2.9+0.0s
[1120/1120]	[L1: 0.0306]	2.6+0.0s

Evaluation:
[RSSCN7 x4]	psnr: 27.747 (Best: 27.759 @epoch 325)
Total time: 7.47s

[Epoch 331]	Learning rate: 1.00e-4
[40/1120]	[L1: 0.0366]	2.5+0.0s
[80/1120]	[L1: 0.0355]	3.1+0.0s
[120/1120]	[L1: 0.0341]	2.9+0.0s
[160/1120]	[L1: 0.0340]	4.0+0.0s
[200/1120]	[L1: 0.0324]	3.5+0.0s
[240/1120]	[L1: 0.0311]	3.1+0.0s
[280/1120]	[L1: 0.0311]	3.9+0.0s
[320/1120]	[L1: 0.0307]	3.9+0.0s
[360/1120]	[L1: 0.0309]	5.8+0.0s
[400/1120]	[L1: 0.0302]	5.8+0.1s
[440/1120]	[L1: 0.0309]	6.7+0.0s
[480/1120]	[L1: 0.0310]	6.2+0.0s
[520/1120]	[L1: 0.0310]	5.0+0.0s
[560/1120]	[L1: 0.0307]	4.7+0.0s
[600/1120]	[L1: 0.0306]	6.5+0.0s
[640/1120]	[L1: 0.0304]	5.7+0.0s
[680/1120]	[L1: 0.0306]	5.2+0.0s
[720/1120]	[L1: 0.0304]	5.3+0.0s
[760/1120]	[L1: 0.0305]	5.8+0.0s
[800/1120]	[L1: 0.0305]	5.2+0.0s
[840/1120]	[L1: 0.0308]	6.1+0.0s
[880/1120]	[L1: 0.0306]	5.2+0.0s
[920/1120]	[L1: 0.0305]	5.2+0.0s
[960/1120]	[L1: 0.0304]	5.6+0.0s
[1000/1120]	[L1: 0.0304]	5.5+0.0s
[1040/1120]	[L1: 0.0305]	5.5+0.0s
[1080/1120]	[L1: 0.0306]	5.4+0.0s
[1120/1120]	[L1: 0.0307]	4.9+0.0s

Evaluation:
[RSSCN7 x4]	psnr: 27.727 (Best: 27.759 @epoch 325)
Total time: 11.50s

[Epoch 332]	Learning rate: 1.00e-4
[40/1120]	[L1: 0.0319]	3.3+0.0s
[80/1120]	[L1: 0.0333]	2.9+0.0s
[120/1120]	[L1: 0.0326]	3.2+0.0s
[160/1120]	[L1: 0.0321]	4.0+0.0s
[200/1120]	[L1: 0.0320]	3.3+0.0s
[240/1120]	[L1: 0.0313]	3.6+0.0s
[280/1120]	[L1: 0.0316]	3.8+0.0s
[320/1120]	[L1: 0.0318]	3.1+0.0s
[360/1120]	[L1: 0.0320]	3.8+0.0s
[400/1120]	[L1: 0.0318]	4.1+0.0s
[440/1120]	[L1: 0.0316]	3.5+0.0s
[480/1120]	[L1: 0.0313]	3.2+0.0s
[520/1120]	[L1: 0.0310]	4.5+0.0s
[560/1120]	[L1: 0.0313]	4.0+0.0s
[600/1120]	[L1: 0.0315]	3.1+0.0s
[640/1120]	[L1: 0.0312]	3.1+0.0s
[680/1120]	[L1: 0.0309]	4.1+0.0s
[720/1120]	[L1: 0.0308]	4.3+0.0s
[760/1120]	[L1: 0.0307]	4.3+0.0s
[800/1120]	[L1: 0.0308]	4.5+0.0s
[840/1120]	[L1: 0.0307]	4.3+0.0s
[880/1120]	[L1: 0.0308]	4.1+0.0s
[920/1120]	[L1: 0.0308]	3.7+0.0s
[960/1120]	[L1: 0.0308]	3.4+0.0s
[1000/1120]	[L1: 0.0308]	3.8+0.0s
[1040/1120]	[L1: 0.0308]	6.2+0.0s
[1080/1120]	[L1: 0.0308]	7.4+0.0s
[1120/1120]	[L1: 0.0308]	7.5+0.0s

Evaluation:
[RSSCN7 x4]	psnr: 27.754 (Best: 27.759 @epoch 325)
Total time: 14.67s

[Epoch 333]	Learning rate: 1.00e-4
[40/1120]	[L1: 0.0299]	5.7+0.2s
[80/1120]	[L1: 0.0296]	5.7+0.0s
[120/1120]	[L1: 0.0306]	5.1+0.0s
[160/1120]	[L1: 0.0309]	6.0+0.0s
[200/1120]	[L1: 0.0312]	5.6+0.0s
[240/1120]	[L1: 0.0307]	5.7+0.0s
[280/1120]	[L1: 0.0308]	7.8+0.0s
[320/1120]	[L1: 0.0304]	7.4+0.0s
[360/1120]	[L1: 0.0307]	7.8+0.0s
[400/1120]	[L1: 0.0308]	7.3+0.0s
[440/1120]	[L1: 0.0307]	7.3+0.0s
[480/1120]	[L1: 0.0305]	8.2+0.0s
[520/1120]	[L1: 0.0306]	7.5+0.0s
[560/1120]	[L1: 0.0308]	6.3+0.0s
[600/1120]	[L1: 0.0306]	4.4+0.0s
[640/1120]	[L1: 0.0303]	4.3+0.0s
[680/1120]	[L1: 0.0305]	4.1+0.0s
[720/1120]	[L1: 0.0305]	2.8+0.0s
[760/1120]	[L1: 0.0306]	2.8+0.0s
[800/1120]	[L1: 0.0309]	2.9+0.0s
[840/1120]	[L1: 0.0309]	4.2+0.0s
[880/1120]	[L1: 0.0308]	4.4+0.0s
[920/1120]	[L1: 0.0308]	3.4+0.0s
[960/1120]	[L1: 0.0308]	3.2+0.0s
[1000/1120]	[L1: 0.0306]	3.1+0.0s
[1040/1120]	[L1: 0.0305]	4.2+0.0s
[1080/1120]	[L1: 0.0304]	4.3+0.0s
[1120/1120]	[L1: 0.0305]	4.0+0.0s

Evaluation:
[RSSCN7 x4]	psnr: 27.759 (Best: 27.759 @epoch 333)
Total time: 9.28s

[Epoch 334]	Learning rate: 1.00e-4
[40/1120]	[L1: 0.0288]	4.3+0.1s
[80/1120]	[L1: 0.0288]	3.7+0.0s
[120/1120]	[L1: 0.0301]	2.9+0.0s
[160/1120]	[L1: 0.0293]	3.1+0.0s
[200/1120]	[L1: 0.0303]	3.1+0.0s
[240/1120]	[L1: 0.0309]	3.0+0.0s
[280/1120]	[L1: 0.0309]	3.9+0.0s
[320/1120]	[L1: 0.0307]	3.1+0.0s
[360/1120]	[L1: 0.0300]	2.7+0.0s
[400/1120]	[L1: 0.0299]	3.8+0.0s
[440/1120]	[L1: 0.0298]	5.9+0.0s
[480/1120]	[L1: 0.0302]	6.7+0.0s
[520/1120]	[L1: 0.0300]	7.7+0.0s
[560/1120]	[L1: 0.0298]	7.7+0.0s
[600/1120]	[L1: 0.0298]	7.4+0.0s
[640/1120]	[L1: 0.0300]	7.8+0.0s
[680/1120]	[L1: 0.0301]	7.6+0.1s
[720/1120]	[L1: 0.0302]	6.5+0.0s
[760/1120]	[L1: 0.0303]	5.3+0.0s
[800/1120]	[L1: 0.0304]	5.8+0.0s
[840/1120]	[L1: 0.0303]	5.6+0.0s
[880/1120]	[L1: 0.0304]	5.8+0.0s
[920/1120]	[L1: 0.0306]	5.1+0.0s
[960/1120]	[L1: 0.0306]	5.4+0.0s
[1000/1120]	[L1: 0.0305]	5.3+0.0s
[1040/1120]	[L1: 0.0305]	6.5+0.0s
[1080/1120]	[L1: 0.0306]	6.5+0.0s
[1120/1120]	[L1: 0.0307]	7.1+0.0s

Evaluation:
[RSSCN7 x4]	psnr: 27.747 (Best: 27.759 @epoch 333)
Total time: 14.90s

[Epoch 335]	Learning rate: 1.00e-4
[40/1120]	[L1: 0.0271]	3.0+0.0s
[80/1120]	[L1: 0.0308]	3.1+0.0s
[120/1120]	[L1: 0.0301]	3.0+0.0s
[160/1120]	[L1: 0.0290]	4.2+0.0s
[200/1120]	[L1: 0.0290]	4.4+0.0s
[240/1120]	[L1: 0.0293]	3.4+0.0s
[280/1120]	[L1: 0.0299]	3.1+0.0s
[320/1120]	[L1: 0.0299]	3.1+0.0s
[360/1120]	[L1: 0.0298]	3.1+0.0s
[400/1120]	[L1: 0.0297]	4.1+0.0s
[440/1120]	[L1: 0.0294]	4.5+0.0s
[480/1120]	[L1: 0.0298]	3.3+0.0s
[520/1120]	[L1: 0.0302]	3.2+0.0s
[560/1120]	[L1: 0.0304]	2.8+0.0s
[600/1120]	[L1: 0.0306]	2.7+0.0s
[640/1120]	[L1: 0.0302]	3.2+0.0s
[680/1120]	[L1: 0.0302]	3.1+0.0s
[720/1120]	[L1: 0.0300]	3.5+0.0s
[760/1120]	[L1: 0.0299]	4.0+0.0s
[800/1120]	[L1: 0.0300]	3.1+0.0s
[840/1120]	[L1: 0.0301]	3.0+0.0s
[880/1120]	[L1: 0.0302]	3.1+0.0s
[920/1120]	[L1: 0.0302]	2.8+0.0s
[960/1120]	[L1: 0.0304]	3.4+0.0s
[1000/1120]	[L1: 0.0303]	4.2+0.0s
[1040/1120]	[L1: 0.0305]	3.1+0.0s
[1080/1120]	[L1: 0.0305]	5.1+0.0s
[1120/1120]	[L1: 0.0307]	5.0+0.0s

Evaluation:
[RSSCN7 x4]	psnr: 27.739 (Best: 27.759 @epoch 333)
Total time: 12.95s

[Epoch 336]	Learning rate: 1.00e-4
[40/1120]	[L1: 0.0277]	6.3+0.0s
[80/1120]	[L1: 0.0297]	6.1+0.0s
[120/1120]	[L1: 0.0302]	5.5+0.0s
[160/1120]	[L1: 0.0299]	5.5+0.0s
[200/1120]	[L1: 0.0300]	6.0+0.0s
[240/1120]	[L1: 0.0305]	5.8+0.0s
[280/1120]	[L1: 0.0305]	5.9+0.0s
[320/1120]	[L1: 0.0303]	5.4+0.0s
[360/1120]	[L1: 0.0303]	5.1+0.0s
[400/1120]	[L1: 0.0304]	6.1+0.0s
[440/1120]	[L1: 0.0302]	5.6+0.0s
[480/1120]	[L1: 0.0304]	5.7+0.0s
[520/1120]	[L1: 0.0302]	6.0+0.0s
[560/1120]	[L1: 0.0304]	5.9+0.0s
[600/1120]	[L1: 0.0305]	5.1+0.0s
[640/1120]	[L1: 0.0303]	5.9+0.0s
[680/1120]	[L1: 0.0304]	5.6+0.0s
[720/1120]	[L1: 0.0305]	3.7+0.0s
[760/1120]	[L1: 0.0305]	3.0+0.0s
[800/1120]	[L1: 0.0307]	3.0+0.0s
[840/1120]	[L1: 0.0308]	3.2+0.0s
[880/1120]	[L1: 0.0307]	3.1+0.0s
[920/1120]	[L1: 0.0307]	3.1+0.0s
[960/1120]	[L1: 0.0308]	3.0+0.0s
[1000/1120]	[L1: 0.0308]	3.0+0.0s
[1040/1120]	[L1: 0.0307]	3.2+0.0s
[1080/1120]	[L1: 0.0307]	3.1+0.0s
[1120/1120]	[L1: 0.0307]	3.0+0.0s

Evaluation:
[RSSCN7 x4]	psnr: 27.720 (Best: 27.759 @epoch 333)
Total time: 7.59s

[Epoch 337]	Learning rate: 1.00e-4
[40/1120]	[L1: 0.0326]	2.8+0.1s
[80/1120]	[L1: 0.0301]	3.3+0.0s
[120/1120]	[L1: 0.0302]	3.2+0.0s
[160/1120]	[L1: 0.0308]	2.9+0.0s
[200/1120]	[L1: 0.0308]	3.2+0.0s
[240/1120]	[L1: 0.0307]	3.1+0.0s
[280/1120]	[L1: 0.0309]	3.2+0.0s
[320/1120]	[L1: 0.0310]	3.0+0.0s
[360/1120]	[L1: 0.0309]	3.2+0.0s
[400/1120]	[L1: 0.0311]	3.0+0.0s
[440/1120]	[L1: 0.0308]	3.2+0.0s
[480/1120]	[L1: 0.0310]	3.0+0.0s
[520/1120]	[L1: 0.0308]	3.2+0.0s
[560/1120]	[L1: 0.0307]	3.0+0.0s
[600/1120]	[L1: 0.0307]	5.9+0.0s
[640/1120]	[L1: 0.0308]	5.7+0.0s
[680/1120]	[L1: 0.0306]	6.0+0.0s
[720/1120]	[L1: 0.0305]	4.8+0.1s
[760/1120]	[L1: 0.0308]	5.2+0.0s
[800/1120]	[L1: 0.0308]	6.0+0.0s
[840/1120]	[L1: 0.0307]	5.2+0.0s
[880/1120]	[L1: 0.0307]	4.8+0.0s
[920/1120]	[L1: 0.0307]	5.4+0.0s
[960/1120]	[L1: 0.0306]	5.6+0.0s
[1000/1120]	[L1: 0.0307]	5.1+0.0s
[1040/1120]	[L1: 0.0309]	5.7+0.0s
[1080/1120]	[L1: 0.0308]	5.3+0.0s
[1120/1120]	[L1: 0.0308]	5.3+0.0s

Evaluation:
[RSSCN7 x4]	psnr: 27.740 (Best: 27.759 @epoch 333)
Total time: 12.15s

[Epoch 338]	Learning rate: 1.00e-4
[40/1120]	[L1: 0.0330]	5.7+0.0s
[80/1120]	[L1: 0.0321]	5.4+0.0s
[120/1120]	[L1: 0.0317]	5.2+0.0s
[160/1120]	[L1: 0.0315]	5.8+0.0s
[200/1120]	[L1: 0.0315]	4.1+0.0s
[240/1120]	[L1: 0.0319]	3.0+0.0s
[280/1120]	[L1: 0.0308]	3.1+0.0s
[320/1120]	[L1: 0.0306]	3.0+0.0s
[360/1120]	[L1: 0.0311]	3.0+0.0s
[400/1120]	[L1: 0.0314]	3.2+0.0s
[440/1120]	[L1: 0.0316]	2.9+0.0s
[480/1120]	[L1: 0.0314]	2.8+0.0s
[520/1120]	[L1: 0.0313]	2.7+0.0s
[560/1120]	[L1: 0.0311]	2.5+0.0s
[600/1120]	[L1: 0.0314]	2.5+0.0s
[640/1120]	[L1: 0.0314]	2.6+0.0s
[680/1120]	[L1: 0.0317]	2.6+0.0s
[720/1120]	[L1: 0.0314]	3.0+0.0s
[760/1120]	[L1: 0.0314]	3.2+0.0s
[800/1120]	[L1: 0.0312]	3.0+0.0s
[840/1120]	[L1: 0.0312]	3.0+0.0s
[880/1120]	[L1: 0.0310]	3.1+0.0s
[920/1120]	[L1: 0.0308]	2.9+0.0s
[960/1120]	[L1: 0.0309]	2.7+0.0s
[1000/1120]	[L1: 0.0310]	3.3+0.0s
[1040/1120]	[L1: 0.0308]	3.0+0.0s
[1080/1120]	[L1: 0.0307]	3.0+0.0s
[1120/1120]	[L1: 0.0307]	3.2+0.0s

Evaluation:
[RSSCN7 x4]	psnr: 27.742 (Best: 27.759 @epoch 333)
Total time: 7.70s

[Epoch 339]	Learning rate: 1.00e-4
[40/1120]	[L1: 0.0310]	2.9+0.0s
[80/1120]	[L1: 0.0312]	3.0+0.0s
[120/1120]	[L1: 0.0305]	4.3+0.0s
[160/1120]	[L1: 0.0305]	5.8+0.0s
[200/1120]	[L1: 0.0313]	5.5+0.0s
[240/1120]	[L1: 0.0321]	5.8+0.0s
[280/1120]	[L1: 0.0313]	4.9+0.0s
[320/1120]	[L1: 0.0316]	5.8+0.0s
[360/1120]	[L1: 0.0313]	5.8+0.0s
[400/1120]	[L1: 0.0314]	5.1+0.0s
[440/1120]	[L1: 0.0315]	5.6+0.0s
[480/1120]	[L1: 0.0312]	5.6+0.0s
[520/1120]	[L1: 0.0311]	4.9+0.0s
[560/1120]	[L1: 0.0311]	5.6+0.0s
[600/1120]	[L1: 0.0310]	5.7+0.1s
[640/1120]	[L1: 0.0308]	5.9+0.0s
[680/1120]	[L1: 0.0309]	5.2+0.0s
[720/1120]	[L1: 0.0308]	5.8+0.1s
[760/1120]	[L1: 0.0311]	5.5+0.0s
[800/1120]	[L1: 0.0312]	5.0+0.0s
[840/1120]	[L1: 0.0313]	5.5+0.0s
[880/1120]	[L1: 0.0312]	4.5+0.0s
[920/1120]	[L1: 0.0311]	5.2+0.0s
[960/1120]	[L1: 0.0311]	4.2+0.0s
[1000/1120]	[L1: 0.0311]	3.1+0.0s
[1040/1120]	[L1: 0.0309]	3.2+0.0s
[1080/1120]	[L1: 0.0308]	3.0+0.0s
[1120/1120]	[L1: 0.0307]	3.0+0.0s

Evaluation:
[RSSCN7 x4]	psnr: 27.738 (Best: 27.759 @epoch 333)
Total time: 7.65s

[Epoch 340]	Learning rate: 1.00e-4
[40/1120]	[L1: 0.0314]	3.0+0.0s
[80/1120]	[L1: 0.0318]	2.5+0.0s
[120/1120]	[L1: 0.0313]	2.6+0.0s
[160/1120]	[L1: 0.0321]	2.8+0.0s
[200/1120]	[L1: 0.0319]	3.1+0.0s
[240/1120]	[L1: 0.0322]	3.1+0.0s
[280/1120]	[L1: 0.0317]	3.1+0.0s
[320/1120]	[L1: 0.0319]	3.0+0.0s
[360/1120]	[L1: 0.0320]	3.0+0.0s
[400/1120]	[L1: 0.0319]	3.0+0.0s
[440/1120]	[L1: 0.0320]	3.1+0.0s
[480/1120]	[L1: 0.0315]	3.1+0.0s
[520/1120]	[L1: 0.0315]	3.0+0.0s
[560/1120]	[L1: 0.0314]	2.9+0.0s
[600/1120]	[L1: 0.0311]	3.1+0.0s
[640/1120]	[L1: 0.0314]	3.0+0.0s
[680/1120]	[L1: 0.0312]	3.2+0.0s
[720/1120]	[L1: 0.0312]	3.2+0.0s
[760/1120]	[L1: 0.0312]	3.1+0.0s
[800/1120]	[L1: 0.0310]	3.0+0.0s
[840/1120]	[L1: 0.0310]	5.0+0.0s
[880/1120]	[L1: 0.0308]	5.7+0.0s
[920/1120]	[L1: 0.0309]	5.0+0.0s
[960/1120]	[L1: 0.0308]	5.6+0.1s
[1000/1120]	[L1: 0.0307]	5.6+0.0s
[1040/1120]	[L1: 0.0306]	4.3+0.0s
[1080/1120]	[L1: 0.0308]	4.4+0.0s
[1120/1120]	[L1: 0.0307]	5.0+0.0s

Evaluation:
[RSSCN7 x4]	psnr: 27.732 (Best: 27.759 @epoch 333)
Total time: 11.57s

[Epoch 341]	Learning rate: 1.00e-4
[40/1120]	[L1: 0.0300]	5.6+0.1s
[80/1120]	[L1: 0.0310]	4.7+0.0s
[120/1120]	[L1: 0.0296]	4.5+0.0s
[160/1120]	[L1: 0.0291]	5.6+0.0s
[200/1120]	[L1: 0.0291]	5.7+0.0s
[240/1120]	[L1: 0.0288]	5.3+0.0s
[280/1120]	[L1: 0.0295]	5.0+0.0s
[320/1120]	[L1: 0.0297]	5.5+0.0s
[360/1120]	[L1: 0.0298]	5.7+0.0s
[400/1120]	[L1: 0.0304]	5.2+0.0s
[440/1120]	[L1: 0.0306]	5.6+0.0s
[480/1120]	[L1: 0.0308]	4.8+0.0s
[520/1120]	[L1: 0.0309]	2.9+0.0s
[560/1120]	[L1: 0.0307]	2.5+0.0s
[600/1120]	[L1: 0.0306]	2.8+0.0s
[640/1120]	[L1: 0.0303]	2.9+0.0s
[680/1120]	[L1: 0.0304]	2.9+0.0s
[720/1120]	[L1: 0.0304]	3.0+0.0s
[760/1120]	[L1: 0.0304]	3.0+0.0s
[800/1120]	[L1: 0.0305]	2.6+0.0s
[840/1120]	[L1: 0.0306]	3.0+0.0s
[880/1120]	[L1: 0.0306]	3.0+0.0s
[920/1120]	[L1: 0.0306]	3.1+0.0s
[960/1120]	[L1: 0.0306]	3.0+0.0s
[1000/1120]	[L1: 0.0304]	3.0+0.0s
[1040/1120]	[L1: 0.0305]	3.0+0.0s
[1080/1120]	[L1: 0.0305]	3.1+0.0s
[1120/1120]	[L1: 0.0306]	3.1+0.0s

Evaluation:
[RSSCN7 x4]	psnr: 27.751 (Best: 27.759 @epoch 333)
Total time: 7.48s

[Epoch 342]	Learning rate: 1.00e-4
[40/1120]	[L1: 0.0289]	2.7+0.0s
[80/1120]	[L1: 0.0306]	3.0+0.0s
[120/1120]	[L1: 0.0307]	3.0+0.0s
[160/1120]	[L1: 0.0296]	2.6+0.0s
[200/1120]	[L1: 0.0301]	2.6+0.0s
[240/1120]	[L1: 0.0306]	2.5+0.0s
[280/1120]	[L1: 0.0304]	2.7+0.0s
[320/1120]	[L1: 0.0303]	3.1+0.0s
[360/1120]	[L1: 0.0303]	3.2+0.0s
[400/1120]	[L1: 0.0301]	3.8+0.0s
[440/1120]	[L1: 0.0299]	5.0+0.0s
[480/1120]	[L1: 0.0301]	5.6+0.0s
[520/1120]	[L1: 0.0306]	5.8+0.0s
[560/1120]	[L1: 0.0306]	5.5+0.0s
[600/1120]	[L1: 0.0303]	5.4+0.0s
[640/1120]	[L1: 0.0305]	5.1+0.0s
[680/1120]	[L1: 0.0307]	5.6+0.0s
[720/1120]	[L1: 0.0307]	6.0+0.0s
[760/1120]	[L1: 0.0308]	4.8+0.0s
[800/1120]	[L1: 0.0309]	5.1+0.0s
[840/1120]	[L1: 0.0308]	5.2+0.0s
[880/1120]	[L1: 0.0307]	6.0+0.0s
[920/1120]	[L1: 0.0306]	5.6+0.0s
[960/1120]	[L1: 0.0307]	5.8+0.0s
[1000/1120]	[L1: 0.0307]	6.4+0.0s
[1040/1120]	[L1: 0.0307]	7.9+0.0s
[1080/1120]	[L1: 0.0308]	6.2+0.0s
[1120/1120]	[L1: 0.0307]	5.1+0.0s

Evaluation:
[RSSCN7 x4]	psnr: 27.720 (Best: 27.759 @epoch 333)
Total time: 12.72s

[Epoch 343]	Learning rate: 1.00e-4
[40/1120]	[L1: 0.0268]	3.0+0.0s
[80/1120]	[L1: 0.0269]	3.1+0.0s
[120/1120]	[L1: 0.0275]	4.1+0.0s
[160/1120]	[L1: 0.0278]	3.4+0.0s
[200/1120]	[L1: 0.0284]	2.3+0.0s
[240/1120]	[L1: 0.0280]	2.8+0.0s
[280/1120]	[L1: 0.0283]	3.4+0.0s
[320/1120]	[L1: 0.0281]	3.1+0.0s
[360/1120]	[L1: 0.0285]	3.1+0.0s
[400/1120]	[L1: 0.0289]	3.1+0.0s
[440/1120]	[L1: 0.0292]	3.0+0.0s
[480/1120]	[L1: 0.0295]	3.1+0.0s
[520/1120]	[L1: 0.0301]	4.4+0.0s
[560/1120]	[L1: 0.0305]	4.1+0.0s
[600/1120]	[L1: 0.0307]	3.6+0.0s
[640/1120]	[L1: 0.0305]	2.9+0.0s
[680/1120]	[L1: 0.0305]	2.9+0.0s
[720/1120]	[L1: 0.0304]	3.0+0.0s
[760/1120]	[L1: 0.0305]	3.2+0.0s
[800/1120]	[L1: 0.0305]	3.3+0.0s
[840/1120]	[L1: 0.0306]	3.9+0.0s
[880/1120]	[L1: 0.0305]	2.9+0.0s
[920/1120]	[L1: 0.0305]	3.4+0.0s
[960/1120]	[L1: 0.0306]	4.1+0.0s
[1000/1120]	[L1: 0.0306]	4.3+0.0s
[1040/1120]	[L1: 0.0307]	2.9+0.0s
[1080/1120]	[L1: 0.0306]	2.6+0.0s
[1120/1120]	[L1: 0.0306]	4.0+0.0s

Evaluation:
[RSSCN7 x4]	psnr: 27.725 (Best: 27.759 @epoch 333)
Total time: 12.56s

[Epoch 344]	Learning rate: 1.00e-4
[40/1120]	[L1: 0.0283]	8.2+0.1s
[80/1120]	[L1: 0.0296]	7.5+0.1s
[120/1120]	[L1: 0.0290]	6.2+0.0s
[160/1120]	[L1: 0.0298]	7.2+0.0s
[200/1120]	[L1: 0.0301]	7.4+0.0s
[240/1120]	[L1: 0.0308]	7.6+0.1s
[280/1120]	[L1: 0.0311]	5.9+0.0s
[320/1120]	[L1: 0.0311]	8.0+0.0s
[360/1120]	[L1: 0.0304]	8.0+0.0s
[400/1120]	[L1: 0.0300]	8.0+0.1s
[440/1120]	[L1: 0.0300]	8.8+0.0s
[480/1120]	[L1: 0.0302]	8.0+0.0s
[520/1120]	[L1: 0.0305]	8.2+0.0s
[560/1120]	[L1: 0.0305]	7.9+0.0s
[600/1120]	[L1: 0.0306]	7.8+0.0s
[640/1120]	[L1: 0.0307]	8.2+0.0s
[680/1120]	[L1: 0.0306]	4.8+0.0s
[720/1120]	[L1: 0.0308]	3.9+0.0s
[760/1120]	[L1: 0.0306]	3.1+0.0s
[800/1120]	[L1: 0.0304]	3.1+0.0s
[840/1120]	[L1: 0.0304]	4.4+0.0s
[880/1120]	[L1: 0.0304]	3.5+0.0s
[920/1120]	[L1: 0.0307]	3.1+0.0s
[960/1120]	[L1: 0.0305]	3.6+0.0s
[1000/1120]	[L1: 0.0305]	4.2+0.0s
[1040/1120]	[L1: 0.0306]	4.5+0.0s
[1080/1120]	[L1: 0.0306]	4.0+0.0s
[1120/1120]	[L1: 0.0306]	4.3+0.0s

Evaluation:
[RSSCN7 x4]	psnr: 27.750 (Best: 27.759 @epoch 333)
Total time: 7.78s

[Epoch 345]	Learning rate: 1.00e-4
[40/1120]	[L1: 0.0344]	2.7+0.0s
[80/1120]	[L1: 0.0325]	3.1+0.0s
[120/1120]	[L1: 0.0320]	3.3+0.0s
[160/1120]	[L1: 0.0314]	4.1+0.0s
[200/1120]	[L1: 0.0315]	4.3+0.0s
[240/1120]	[L1: 0.0319]	3.2+0.0s
[280/1120]	[L1: 0.0320]	3.1+0.0s
[320/1120]	[L1: 0.0320]	3.9+0.0s
[360/1120]	[L1: 0.0314]	2.9+0.0s
[400/1120]	[L1: 0.0311]	3.3+0.0s
[440/1120]	[L1: 0.0311]	4.1+0.0s
[480/1120]	[L1: 0.0313]	4.9+0.0s
[520/1120]	[L1: 0.0309]	7.5+0.0s
[560/1120]	[L1: 0.0308]	7.6+0.0s
[600/1120]	[L1: 0.0309]	7.8+0.0s
[640/1120]	[L1: 0.0309]	7.5+0.0s
[680/1120]	[L1: 0.0310]	7.9+0.1s
[720/1120]	[L1: 0.0308]	7.7+0.0s
[760/1120]	[L1: 0.0305]	6.1+0.0s
[800/1120]	[L1: 0.0305]	5.3+0.0s
[840/1120]	[L1: 0.0304]	6.1+0.0s
[880/1120]	[L1: 0.0304]	5.2+0.0s
[920/1120]	[L1: 0.0305]	5.5+0.0s
[960/1120]	[L1: 0.0304]	6.0+0.0s
[1000/1120]	[L1: 0.0305]	5.7+0.0s
[1040/1120]	[L1: 0.0304]	5.7+0.0s
[1080/1120]	[L1: 0.0305]	5.2+0.0s
[1120/1120]	[L1: 0.0306]	7.9+0.0s

Evaluation:
[RSSCN7 x4]	psnr: 27.749 (Best: 27.759 @epoch 333)
Total time: 15.05s

[Epoch 346]	Learning rate: 1.00e-4
[40/1120]	[L1: 0.0312]	5.5+0.1s
[80/1120]	[L1: 0.0318]	3.3+0.0s
[120/1120]	[L1: 0.0310]	3.7+0.0s
[160/1120]	[L1: 0.0304]	3.8+0.0s
[200/1120]	[L1: 0.0300]	3.1+0.0s
[240/1120]	[L1: 0.0296]	3.3+0.0s
[280/1120]	[L1: 0.0305]	4.4+0.0s
[320/1120]	[L1: 0.0309]	4.2+0.0s
[360/1120]	[L1: 0.0308]	4.2+0.0s
[400/1120]	[L1: 0.0306]	3.1+0.0s
[440/1120]	[L1: 0.0306]	3.1+0.0s
[480/1120]	[L1: 0.0307]	3.1+0.0s
[520/1120]	[L1: 0.0308]	3.4+0.0s
[560/1120]	[L1: 0.0309]	3.4+0.0s
[600/1120]	[L1: 0.0308]	3.8+0.0s
[640/1120]	[L1: 0.0309]	3.2+0.0s
[680/1120]	[L1: 0.0310]	3.0+0.0s
[720/1120]	[L1: 0.0308]	3.8+0.0s
[760/1120]	[L1: 0.0308]	4.6+0.0s
[800/1120]	[L1: 0.0309]	4.3+0.0s
[840/1120]	[L1: 0.0309]	3.2+0.0s
[880/1120]	[L1: 0.0310]	3.2+0.0s
[920/1120]	[L1: 0.0310]	3.1+0.0s
[960/1120]	[L1: 0.0309]	4.1+0.0s
[1000/1120]	[L1: 0.0310]	3.8+0.0s
[1040/1120]	[L1: 0.0308]	2.8+0.0s
[1080/1120]	[L1: 0.0309]	3.0+0.0s
[1120/1120]	[L1: 0.0307]	5.2+0.0s

Evaluation:
[RSSCN7 x4]	psnr: 27.750 (Best: 27.759 @epoch 333)
Total time: 15.01s

[Epoch 347]	Learning rate: 1.00e-4
[40/1120]	[L1: 0.0291]	5.9+0.1s
[80/1120]	[L1: 0.0298]	6.0+0.0s
[120/1120]	[L1: 0.0293]	6.2+0.0s
[160/1120]	[L1: 0.0293]	5.9+0.0s
[200/1120]	[L1: 0.0296]	5.4+0.0s
[240/1120]	[L1: 0.0303]	7.0+0.0s
[280/1120]	[L1: 0.0302]	5.6+0.0s
[320/1120]	[L1: 0.0310]	5.2+0.0s
[360/1120]	[L1: 0.0313]	7.4+0.0s
[400/1120]	[L1: 0.0309]	6.6+0.1s
[440/1120]	[L1: 0.0306]	7.0+0.1s
[480/1120]	[L1: 0.0305]	7.6+0.1s
[520/1120]	[L1: 0.0306]	7.6+0.0s
[560/1120]	[L1: 0.0306]	7.7+0.0s
[600/1120]	[L1: 0.0306]	7.8+0.1s
[640/1120]	[L1: 0.0307]	7.7+0.0s
[680/1120]	[L1: 0.0307]	5.2+0.0s
[720/1120]	[L1: 0.0307]	3.7+0.0s
[760/1120]	[L1: 0.0307]	3.2+0.0s
[800/1120]	[L1: 0.0309]	2.6+0.0s
[840/1120]	[L1: 0.0309]	3.2+0.0s
[880/1120]	[L1: 0.0307]	3.0+0.0s
[920/1120]	[L1: 0.0308]	3.2+0.0s
[960/1120]	[L1: 0.0309]	4.4+0.0s
[1000/1120]	[L1: 0.0309]	3.1+0.0s
[1040/1120]	[L1: 0.0309]	3.9+0.0s
[1080/1120]	[L1: 0.0308]	4.2+0.0s
[1120/1120]	[L1: 0.0307]	4.1+0.0s

Evaluation:
[RSSCN7 x4]	psnr: 27.737 (Best: 27.759 @epoch 333)
Total time: 7.95s

[Epoch 348]	Learning rate: 1.00e-4
[40/1120]	[L1: 0.0328]	2.9+0.0s
[80/1120]	[L1: 0.0300]	2.7+0.0s
[120/1120]	[L1: 0.0293]	3.2+0.0s
[160/1120]	[L1: 0.0295]	3.0+0.0s
[200/1120]	[L1: 0.0292]	3.0+0.0s
[240/1120]	[L1: 0.0296]	3.0+0.0s
[280/1120]	[L1: 0.0301]	3.0+0.0s
[320/1120]	[L1: 0.0299]	3.0+0.0s
[360/1120]	[L1: 0.0300]	3.7+0.0s
[400/1120]	[L1: 0.0299]	4.2+0.0s
[440/1120]	[L1: 0.0297]	4.1+0.0s
[480/1120]	[L1: 0.0297]	4.0+0.0s
[520/1120]	[L1: 0.0300]	3.0+0.0s
[560/1120]	[L1: 0.0303]	4.5+0.0s
[600/1120]	[L1: 0.0306]	5.7+0.0s
[640/1120]	[L1: 0.0305]	6.7+0.0s
[680/1120]	[L1: 0.0307]	6.3+0.0s
[720/1120]	[L1: 0.0305]	5.6+0.0s
[760/1120]	[L1: 0.0305]	5.3+0.1s
[800/1120]	[L1: 0.0304]	5.5+0.0s
[840/1120]	[L1: 0.0304]	5.5+0.0s
[880/1120]	[L1: 0.0302]	5.6+0.0s
[920/1120]	[L1: 0.0303]	5.5+0.0s
[960/1120]	[L1: 0.0303]	4.8+0.0s
[1000/1120]	[L1: 0.0305]	5.8+0.0s
[1040/1120]	[L1: 0.0306]	7.7+0.0s
[1080/1120]	[L1: 0.0306]	7.4+0.0s
[1120/1120]	[L1: 0.0306]	7.8+0.0s

Evaluation:
[RSSCN7 x4]	psnr: 27.746 (Best: 27.759 @epoch 333)
Total time: 16.09s

[Epoch 349]	Learning rate: 1.00e-4
[40/1120]	[L1: 0.0317]	5.2+0.0s
[80/1120]	[L1: 0.0288]	7.5+0.1s
[120/1120]	[L1: 0.0284]	7.7+0.0s
[160/1120]	[L1: 0.0292]	5.6+0.0s
[200/1120]	[L1: 0.0292]	4.1+0.0s
[240/1120]	[L1: 0.0302]	3.0+0.0s
[280/1120]	[L1: 0.0305]	3.7+0.0s
[320/1120]	[L1: 0.0306]	4.1+0.0s
[360/1120]	[L1: 0.0309]	3.6+0.0s
[400/1120]	[L1: 0.0309]	3.0+0.0s
[440/1120]	[L1: 0.0312]	3.4+0.0s
[480/1120]	[L1: 0.0313]	4.1+0.0s
[520/1120]	[L1: 0.0314]	3.8+0.0s
[560/1120]	[L1: 0.0312]	3.0+0.0s
[600/1120]	[L1: 0.0311]	3.2+0.0s
[640/1120]	[L1: 0.0312]	3.2+0.0s
[680/1120]	[L1: 0.0313]	4.3+0.0s
[720/1120]	[L1: 0.0314]	4.2+0.0s
[760/1120]	[L1: 0.0311]	4.1+0.0s
[800/1120]	[L1: 0.0312]	4.4+0.0s
[840/1120]	[L1: 0.0311]	4.3+0.0s
[880/1120]	[L1: 0.0311]	3.2+0.0s
[920/1120]	[L1: 0.0311]	3.2+0.0s
[960/1120]	[L1: 0.0309]	3.1+0.0s
[1000/1120]	[L1: 0.0309]	3.0+0.0s
[1040/1120]	[L1: 0.0308]	3.1+0.0s
[1080/1120]	[L1: 0.0307]	3.0+0.0s
[1120/1120]	[L1: 0.0306]	3.9+0.0s

Evaluation:
[RSSCN7 x4]	psnr: 27.750 (Best: 27.759 @epoch 333)
Total time: 9.16s

[Epoch 350]	Learning rate: 1.00e-4
[40/1120]	[L1: 0.0313]	5.9+0.1s
[80/1120]	[L1: 0.0296]	5.5+0.1s
[120/1120]	[L1: 0.0293]	6.0+0.0s
[160/1120]	[L1: 0.0299]	7.5+0.0s
[200/1120]	[L1: 0.0295]	8.1+0.0s
[240/1120]	[L1: 0.0293]	5.7+0.0s
[280/1120]	[L1: 0.0295]	5.5+0.0s
[320/1120]	[L1: 0.0294]	5.5+0.0s
[360/1120]	[L1: 0.0298]	5.2+0.0s
[400/1120]	[L1: 0.0302]	5.0+0.0s
[440/1120]	[L1: 0.0299]	4.4+0.0s
[480/1120]	[L1: 0.0296]	4.9+0.0s
[520/1120]	[L1: 0.0301]	4.9+0.0s
[560/1120]	[L1: 0.0300]	5.7+0.0s
[600/1120]	[L1: 0.0302]	5.2+0.0s
[640/1120]	[L1: 0.0302]	4.7+0.0s
[680/1120]	[L1: 0.0299]	5.2+0.0s
[720/1120]	[L1: 0.0301]	5.0+0.0s
[760/1120]	[L1: 0.0299]	5.5+0.0s
[800/1120]	[L1: 0.0298]	5.3+0.0s
[840/1120]	[L1: 0.0299]	4.3+0.0s
[880/1120]	[L1: 0.0299]	3.2+0.0s
[920/1120]	[L1: 0.0300]	4.0+0.0s
[960/1120]	[L1: 0.0302]	3.4+0.0s
[1000/1120]	[L1: 0.0303]	2.5+0.0s
[1040/1120]	[L1: 0.0303]	2.9+0.0s
[1080/1120]	[L1: 0.0305]	3.4+0.0s
[1120/1120]	[L1: 0.0305]	4.5+0.0s

Evaluation:
[RSSCN7 x4]	psnr: 27.761 (Best: 27.761 @epoch 350)
Total time: 8.19s

[Epoch 351]	Learning rate: 1.00e-4
[40/1120]	[L1: 0.0317]	3.1+0.0s
[80/1120]	[L1: 0.0306]	3.4+0.0s
[120/1120]	[L1: 0.0306]	4.1+0.0s
[160/1120]	[L1: 0.0302]	3.9+0.0s
[200/1120]	[L1: 0.0311]	2.6+0.0s
[240/1120]	[L1: 0.0308]	2.5+0.0s
[280/1120]	[L1: 0.0306]	3.1+0.0s
[320/1120]	[L1: 0.0308]	3.1+0.0s
[360/1120]	[L1: 0.0309]	4.2+0.0s
[400/1120]	[L1: 0.0306]	3.6+0.0s
[440/1120]	[L1: 0.0304]	2.9+0.0s
[480/1120]	[L1: 0.0303]	3.0+0.0s
[520/1120]	[L1: 0.0306]	2.8+0.0s
[560/1120]	[L1: 0.0308]	3.1+0.0s
[600/1120]	[L1: 0.0306]	2.6+0.0s
[640/1120]	[L1: 0.0306]	2.5+0.0s
[680/1120]	[L1: 0.0308]	2.5+0.0s
[720/1120]	[L1: 0.0306]	2.5+0.0s
[760/1120]	[L1: 0.0306]	5.7+0.0s
[800/1120]	[L1: 0.0306]	6.4+0.0s
[840/1120]	[L1: 0.0306]	6.5+0.0s
[880/1120]	[L1: 0.0305]	5.8+0.0s
[920/1120]	[L1: 0.0306]	7.4+0.0s
[960/1120]	[L1: 0.0305]	6.9+0.0s
[1000/1120]	[L1: 0.0305]	4.7+0.0s
[1040/1120]	[L1: 0.0304]	5.7+0.0s
[1080/1120]	[L1: 0.0305]	5.3+0.0s
[1120/1120]	[L1: 0.0306]	6.0+0.0s

Evaluation:
[RSSCN7 x4]	psnr: 27.747 (Best: 27.761 @epoch 350)
Total time: 15.15s

[Epoch 352]	Learning rate: 1.00e-4
[40/1120]	[L1: 0.0323]	7.3+0.0s
[80/1120]	[L1: 0.0309]	7.8+0.0s
[120/1120]	[L1: 0.0302]	7.4+0.1s
[160/1120]	[L1: 0.0290]	7.3+0.0s
[200/1120]	[L1: 0.0304]	8.0+0.0s
[240/1120]	[L1: 0.0306]	7.4+0.1s
[280/1120]	[L1: 0.0307]	7.7+0.0s
[320/1120]	[L1: 0.0310]	6.7+0.0s
[360/1120]	[L1: 0.0316]	4.1+0.0s
[400/1120]	[L1: 0.0316]	4.1+0.0s
[440/1120]	[L1: 0.0310]	2.9+0.0s
[480/1120]	[L1: 0.0310]	2.8+0.0s
[520/1120]	[L1: 0.0309]	2.8+0.0s
[560/1120]	[L1: 0.0307]	3.5+0.0s
[600/1120]	[L1: 0.0311]	3.9+0.0s
[640/1120]	[L1: 0.0314]	3.0+0.0s
[680/1120]	[L1: 0.0311]	3.9+0.0s
[720/1120]	[L1: 0.0308]	4.3+0.0s
[760/1120]	[L1: 0.0308]	3.3+0.0s
[800/1120]	[L1: 0.0309]	3.2+0.0s
[840/1120]	[L1: 0.0311]	3.0+0.0s
[880/1120]	[L1: 0.0309]	3.2+0.0s
[920/1120]	[L1: 0.0309]	4.1+0.0s
[960/1120]	[L1: 0.0309]	4.2+0.0s
[1000/1120]	[L1: 0.0309]	4.3+0.0s
[1040/1120]	[L1: 0.0308]	3.1+0.0s
[1080/1120]	[L1: 0.0306]	3.1+0.0s
[1120/1120]	[L1: 0.0306]	3.3+0.0s

Evaluation:
[RSSCN7 x4]	psnr: 27.761 (Best: 27.761 @epoch 350)
Total time: 8.90s

[Epoch 353]	Learning rate: 1.00e-4
[40/1120]	[L1: 0.0307]	2.7+0.0s
[80/1120]	[L1: 0.0289]	3.0+0.0s
[120/1120]	[L1: 0.0301]	3.6+0.0s
[160/1120]	[L1: 0.0290]	5.5+0.0s
[200/1120]	[L1: 0.0293]	6.9+0.0s
[240/1120]	[L1: 0.0289]	6.3+0.0s
[280/1120]	[L1: 0.0291]	5.5+0.0s
[320/1120]	[L1: 0.0294]	5.6+0.0s
[360/1120]	[L1: 0.0293]	6.4+0.0s
[400/1120]	[L1: 0.0290]	5.2+0.0s
[440/1120]	[L1: 0.0294]	5.5+0.0s
[480/1120]	[L1: 0.0297]	5.6+0.0s
[520/1120]	[L1: 0.0300]	5.6+0.0s
[560/1120]	[L1: 0.0302]	5.0+0.0s
[600/1120]	[L1: 0.0302]	4.8+0.0s
[640/1120]	[L1: 0.0304]	5.6+0.0s
[680/1120]	[L1: 0.0304]	5.5+0.0s
[720/1120]	[L1: 0.0303]	5.6+0.0s
[760/1120]	[L1: 0.0303]	7.3+0.1s
[800/1120]	[L1: 0.0302]	7.8+0.0s
[840/1120]	[L1: 0.0301]	8.0+0.0s
[880/1120]	[L1: 0.0299]	6.8+0.0s
[920/1120]	[L1: 0.0301]	5.5+0.0s
[960/1120]	[L1: 0.0302]	4.7+0.0s
[1000/1120]	[L1: 0.0302]	4.1+0.0s
[1040/1120]	[L1: 0.0304]	3.0+0.0s
[1080/1120]	[L1: 0.0306]	2.8+0.0s
[1120/1120]	[L1: 0.0306]	2.9+0.0s

Evaluation:
[RSSCN7 x4]	psnr: 27.750 (Best: 27.761 @epoch 350)
Total time: 8.64s

[Epoch 354]	Learning rate: 1.00e-4
[40/1120]	[L1: 0.0350]	3.5+0.0s
[80/1120]	[L1: 0.0342]	2.5+0.0s
[120/1120]	[L1: 0.0323]	3.1+0.0s
[160/1120]	[L1: 0.0311]	3.7+0.0s
[200/1120]	[L1: 0.0303]	4.2+0.0s
[240/1120]	[L1: 0.0298]	4.4+0.0s
[280/1120]	[L1: 0.0297]	3.1+0.0s
[320/1120]	[L1: 0.0304]	2.8+0.0s
[360/1120]	[L1: 0.0304]	3.0+0.0s
[400/1120]	[L1: 0.0300]	4.0+0.0s
[440/1120]	[L1: 0.0301]	4.3+0.0s
[480/1120]	[L1: 0.0302]	2.8+0.0s
[520/1120]	[L1: 0.0302]	3.1+0.0s
[560/1120]	[L1: 0.0303]	3.1+0.0s
[600/1120]	[L1: 0.0305]	4.3+0.0s
[640/1120]	[L1: 0.0306]	4.5+0.0s
[680/1120]	[L1: 0.0305]	3.6+0.0s
[720/1120]	[L1: 0.0305]	2.9+0.0s
[760/1120]	[L1: 0.0306]	3.1+0.0s
[800/1120]	[L1: 0.0307]	4.3+0.0s
[840/1120]	[L1: 0.0306]	4.4+0.0s
[880/1120]	[L1: 0.0305]	6.3+0.0s
[920/1120]	[L1: 0.0305]	5.9+0.0s
[960/1120]	[L1: 0.0306]	5.4+0.0s
[1000/1120]	[L1: 0.0305]	5.5+0.0s
[1040/1120]	[L1: 0.0305]	7.3+0.0s
[1080/1120]	[L1: 0.0306]	7.4+0.0s
[1120/1120]	[L1: 0.0306]	7.1+0.0s

Evaluation:
[RSSCN7 x4]	psnr: 27.715 (Best: 27.761 @epoch 350)
Total time: 12.26s

[Epoch 355]	Learning rate: 1.00e-4
[40/1120]	[L1: 0.0299]	5.7+0.1s
[80/1120]	[L1: 0.0309]	6.1+0.0s
[120/1120]	[L1: 0.0309]	5.9+0.0s
[160/1120]	[L1: 0.0300]	5.3+0.0s
[200/1120]	[L1: 0.0291]	5.6+0.0s
[240/1120]	[L1: 0.0299]	7.7+0.0s
[280/1120]	[L1: 0.0299]	7.6+0.0s
[320/1120]	[L1: 0.0305]	6.4+0.0s
[360/1120]	[L1: 0.0299]	5.6+0.0s
[400/1120]	[L1: 0.0298]	5.6+0.0s
[440/1120]	[L1: 0.0300]	5.5+0.0s
[480/1120]	[L1: 0.0301]	3.9+0.0s
[520/1120]	[L1: 0.0301]	3.3+0.0s
[560/1120]	[L1: 0.0299]	3.0+0.0s
[600/1120]	[L1: 0.0297]	2.9+0.0s
[640/1120]	[L1: 0.0297]	2.5+0.0s
[680/1120]	[L1: 0.0299]	2.6+0.0s
[720/1120]	[L1: 0.0300]	2.5+0.0s
[760/1120]	[L1: 0.0301]	2.7+0.0s
[800/1120]	[L1: 0.0300]	3.3+0.0s
[840/1120]	[L1: 0.0301]	3.7+0.0s
[880/1120]	[L1: 0.0301]	2.9+0.0s
[920/1120]	[L1: 0.0303]	2.7+0.0s
[960/1120]	[L1: 0.0304]	2.9+0.0s
[1000/1120]	[L1: 0.0305]	3.2+0.0s
[1040/1120]	[L1: 0.0305]	3.4+0.0s
[1080/1120]	[L1: 0.0306]	3.9+0.0s
[1120/1120]	[L1: 0.0306]	2.9+0.0s

Evaluation:
[RSSCN7 x4]	psnr: 27.740 (Best: 27.761 @epoch 350)
Total time: 7.53s

[Epoch 356]	Learning rate: 1.00e-4
[40/1120]	[L1: 0.0258]	2.9+0.0s
[80/1120]	[L1: 0.0278]	3.3+0.0s
[120/1120]	[L1: 0.0301]	3.4+0.0s
[160/1120]	[L1: 0.0291]	3.0+0.0s
[200/1120]	[L1: 0.0293]	3.4+0.0s
[240/1120]	[L1: 0.0300]	4.2+0.0s
[280/1120]	[L1: 0.0304]	3.9+0.0s
[320/1120]	[L1: 0.0308]	2.9+0.0s
[360/1120]	[L1: 0.0307]	3.1+0.0s
[400/1120]	[L1: 0.0308]	5.6+0.0s
[440/1120]	[L1: 0.0307]	5.2+0.0s
[480/1120]	[L1: 0.0306]	5.3+0.0s
[520/1120]	[L1: 0.0307]	6.7+0.0s
[560/1120]	[L1: 0.0306]	7.3+0.0s
[600/1120]	[L1: 0.0305]	6.9+0.0s
[640/1120]	[L1: 0.0304]	5.5+0.0s
[680/1120]	[L1: 0.0307]	4.3+0.0s
[720/1120]	[L1: 0.0307]	4.7+0.0s
[760/1120]	[L1: 0.0306]	5.5+0.0s
[800/1120]	[L1: 0.0308]	5.3+0.1s
[840/1120]	[L1: 0.0309]	5.5+0.0s
[880/1120]	[L1: 0.0307]	5.7+0.0s
[920/1120]	[L1: 0.0307]	5.6+0.0s
[960/1120]	[L1: 0.0306]	5.9+0.0s
[1000/1120]	[L1: 0.0305]	8.1+0.1s
[1040/1120]	[L1: 0.0304]	7.5+0.0s
[1080/1120]	[L1: 0.0304]	7.4+0.0s
[1120/1120]	[L1: 0.0306]	8.2+0.0s

Evaluation:
[RSSCN7 x4]	psnr: 27.729 (Best: 27.761 @epoch 350)
Total time: 14.53s

[Epoch 357]	Learning rate: 1.00e-4
[40/1120]	[L1: 0.0285]	3.1+0.0s
[80/1120]	[L1: 0.0322]	4.4+0.0s
[120/1120]	[L1: 0.0309]	3.9+0.0s
[160/1120]	[L1: 0.0306]	2.7+0.0s
[200/1120]	[L1: 0.0305]	2.4+0.0s
[240/1120]	[L1: 0.0303]	2.7+0.0s
[280/1120]	[L1: 0.0305]	3.2+0.0s
[320/1120]	[L1: 0.0304]	4.2+0.0s
[360/1120]	[L1: 0.0305]	3.4+0.0s
[400/1120]	[L1: 0.0307]	3.1+0.0s
[440/1120]	[L1: 0.0304]	2.7+0.0s
[480/1120]	[L1: 0.0302]	2.7+0.0s
[520/1120]	[L1: 0.0304]	3.1+0.0s
[560/1120]	[L1: 0.0304]	3.8+0.0s
[600/1120]	[L1: 0.0303]	3.2+0.0s
[640/1120]	[L1: 0.0305]	2.8+0.0s
[680/1120]	[L1: 0.0305]	3.1+0.0s
[720/1120]	[L1: 0.0306]	4.1+0.0s
[760/1120]	[L1: 0.0306]	4.2+0.0s
[800/1120]	[L1: 0.0307]	4.0+0.0s
[840/1120]	[L1: 0.0306]	3.2+0.0s
[880/1120]	[L1: 0.0305]	3.1+0.0s
[920/1120]	[L1: 0.0306]	3.0+0.0s
[960/1120]	[L1: 0.0306]	4.1+0.0s
[1000/1120]	[L1: 0.0306]	4.4+0.0s
[1040/1120]	[L1: 0.0307]	3.4+0.0s
[1080/1120]	[L1: 0.0306]	4.2+0.0s
[1120/1120]	[L1: 0.0306]	5.1+0.0s

Evaluation:
[RSSCN7 x4]	psnr: 27.755 (Best: 27.761 @epoch 350)
Total time: 13.88s

[Epoch 358]	Learning rate: 1.00e-4
[40/1120]	[L1: 0.0320]	7.9+0.2s
[80/1120]	[L1: 0.0300]	6.1+0.1s
[120/1120]	[L1: 0.0311]	5.3+0.1s
[160/1120]	[L1: 0.0315]	5.6+0.0s
[200/1120]	[L1: 0.0319]	5.8+0.0s
[240/1120]	[L1: 0.0320]	5.4+0.0s
[280/1120]	[L1: 0.0314]	5.5+0.0s
[320/1120]	[L1: 0.0315]	5.3+0.0s
[360/1120]	[L1: 0.0316]	5.6+0.0s
[400/1120]	[L1: 0.0313]	5.3+0.0s
[440/1120]	[L1: 0.0312]	5.7+0.0s
[480/1120]	[L1: 0.0312]	5.3+0.0s
[520/1120]	[L1: 0.0314]	5.5+0.0s
[560/1120]	[L1: 0.0314]	5.1+0.0s
[600/1120]	[L1: 0.0312]	5.0+0.0s
[640/1120]	[L1: 0.0312]	5.9+0.0s
[680/1120]	[L1: 0.0310]	5.9+0.0s
[720/1120]	[L1: 0.0308]	4.0+0.0s
[760/1120]	[L1: 0.0309]	3.5+0.0s
[800/1120]	[L1: 0.0307]	3.6+0.0s
[840/1120]	[L1: 0.0308]	3.0+0.0s
[880/1120]	[L1: 0.0308]	3.5+0.0s
[920/1120]	[L1: 0.0308]	4.2+0.0s
[960/1120]	[L1: 0.0308]	2.8+0.0s
[1000/1120]	[L1: 0.0309]	2.6+0.0s
[1040/1120]	[L1: 0.0307]	3.0+0.0s
[1080/1120]	[L1: 0.0307]	3.2+0.0s
[1120/1120]	[L1: 0.0307]	3.1+0.0s

Evaluation:
[RSSCN7 x4]	psnr: 27.735 (Best: 27.761 @epoch 350)
Total time: 7.79s

[Epoch 359]	Learning rate: 1.00e-4
[40/1120]	[L1: 0.0297]	2.8+0.1s
[80/1120]	[L1: 0.0299]	3.1+0.0s
[120/1120]	[L1: 0.0301]	2.9+0.0s
[160/1120]	[L1: 0.0303]	3.1+0.0s
[200/1120]	[L1: 0.0303]	3.9+0.0s
[240/1120]	[L1: 0.0300]	3.4+0.0s
[280/1120]	[L1: 0.0300]	3.1+0.0s
[320/1120]	[L1: 0.0302]	4.0+0.0s
[360/1120]	[L1: 0.0301]	4.2+0.0s
[400/1120]	[L1: 0.0301]	4.2+0.0s
[440/1120]	[L1: 0.0300]	3.7+0.0s
[480/1120]	[L1: 0.0301]	3.0+0.0s
[520/1120]	[L1: 0.0305]	3.9+0.0s
[560/1120]	[L1: 0.0306]	7.6+0.0s
[600/1120]	[L1: 0.0308]	7.7+0.0s
[640/1120]	[L1: 0.0307]	8.2+0.1s
[680/1120]	[L1: 0.0308]	7.8+0.0s
[720/1120]	[L1: 0.0307]	7.1+0.0s
[760/1120]	[L1: 0.0306]	7.7+0.0s
[800/1120]	[L1: 0.0306]	7.5+0.0s
[840/1120]	[L1: 0.0305]	7.3+0.0s
[880/1120]	[L1: 0.0302]	8.0+0.0s
[920/1120]	[L1: 0.0303]	7.4+0.0s
[960/1120]	[L1: 0.0304]	7.2+0.0s
[1000/1120]	[L1: 0.0304]	7.9+0.0s
[1040/1120]	[L1: 0.0305]	7.4+0.0s
[1080/1120]	[L1: 0.0306]	6.6+0.0s
[1120/1120]	[L1: 0.0306]	5.7+0.0s

Evaluation:
[RSSCN7 x4]	psnr: 27.746 (Best: 27.761 @epoch 350)
Total time: 12.44s

[Epoch 360]	Learning rate: 1.00e-4
[40/1120]	[L1: 0.0289]	5.6+0.0s
[80/1120]	[L1: 0.0276]	5.9+0.0s
[120/1120]	[L1: 0.0279]	5.1+0.0s
[160/1120]	[L1: 0.0289]	3.6+0.0s
[200/1120]	[L1: 0.0286]	3.2+0.0s
[240/1120]	[L1: 0.0288]	3.2+0.0s
[280/1120]	[L1: 0.0284]	4.0+0.0s
[320/1120]	[L1: 0.0288]	3.0+0.0s
[360/1120]	[L1: 0.0286]	2.8+0.0s
[400/1120]	[L1: 0.0288]	2.8+0.0s
[440/1120]	[L1: 0.0287]	3.1+0.0s
[480/1120]	[L1: 0.0285]	3.4+0.0s
[520/1120]	[L1: 0.0289]	4.5+0.0s
[560/1120]	[L1: 0.0293]	3.8+0.0s
[600/1120]	[L1: 0.0296]	2.6+0.0s
[640/1120]	[L1: 0.0298]	2.7+0.0s
[680/1120]	[L1: 0.0300]	2.6+0.0s
[720/1120]	[L1: 0.0299]	3.1+0.0s
[760/1120]	[L1: 0.0298]	3.2+0.0s
[800/1120]	[L1: 0.0298]	2.8+0.0s
[840/1120]	[L1: 0.0298]	2.8+0.0s
[880/1120]	[L1: 0.0298]	3.1+0.0s
[920/1120]	[L1: 0.0300]	3.1+0.0s
[960/1120]	[L1: 0.0303]	4.1+0.0s
[1000/1120]	[L1: 0.0303]	4.3+0.0s
[1040/1120]	[L1: 0.0304]	3.3+0.0s
[1080/1120]	[L1: 0.0306]	3.0+0.0s
[1120/1120]	[L1: 0.0306]	3.2+0.0s

Evaluation:
[RSSCN7 x4]	psnr: 27.709 (Best: 27.761 @epoch 350)
Total time: 8.24s

[Epoch 361]	Learning rate: 1.00e-4
[40/1120]	[L1: 0.0349]	5.7+0.1s
[80/1120]	[L1: 0.0346]	5.7+0.0s
[120/1120]	[L1: 0.0324]	5.2+0.0s
[160/1120]	[L1: 0.0325]	6.6+0.0s
[200/1120]	[L1: 0.0314]	7.5+0.0s
[240/1120]	[L1: 0.0314]	7.9+0.0s
[280/1120]	[L1: 0.0318]	7.2+0.0s
[320/1120]	[L1: 0.0317]	7.5+0.0s
[360/1120]	[L1: 0.0318]	8.0+0.0s
[400/1120]	[L1: 0.0315]	7.3+0.0s
[440/1120]	[L1: 0.0311]	8.2+0.0s
[480/1120]	[L1: 0.0314]	7.4+0.1s
[520/1120]	[L1: 0.0312]	7.9+0.1s
[560/1120]	[L1: 0.0308]	8.2+0.0s
[600/1120]	[L1: 0.0307]	6.9+0.0s
[640/1120]	[L1: 0.0308]	6.1+0.0s
[680/1120]	[L1: 0.0308]	7.1+0.0s
[720/1120]	[L1: 0.0308]	7.3+0.0s
[760/1120]	[L1: 0.0308]	7.3+0.0s
[800/1120]	[L1: 0.0306]	5.8+0.0s
[840/1120]	[L1: 0.0306]	4.7+0.0s
[880/1120]	[L1: 0.0307]	4.1+0.0s
[920/1120]	[L1: 0.0307]	3.3+0.0s
[960/1120]	[L1: 0.0307]	2.7+0.0s
[1000/1120]	[L1: 0.0308]	2.8+0.0s
[1040/1120]	[L1: 0.0307]	3.1+0.0s
[1080/1120]	[L1: 0.0308]	3.1+0.0s
[1120/1120]	[L1: 0.0307]	3.0+0.0s

Evaluation:
[RSSCN7 x4]	psnr: 27.739 (Best: 27.761 @epoch 350)
Total time: 7.59s

[Epoch 362]	Learning rate: 1.00e-4
[40/1120]	[L1: 0.0311]	3.1+0.0s
[80/1120]	[L1: 0.0296]	3.3+0.0s
[120/1120]	[L1: 0.0296]	3.9+0.0s
[160/1120]	[L1: 0.0294]	2.7+0.0s
[200/1120]	[L1: 0.0293]	3.2+0.0s
[240/1120]	[L1: 0.0293]	3.5+0.0s
[280/1120]	[L1: 0.0299]	4.3+0.0s
[320/1120]	[L1: 0.0300]	3.9+0.0s
[360/1120]	[L1: 0.0295]	3.0+0.0s
[400/1120]	[L1: 0.0297]	3.2+0.0s
[440/1120]	[L1: 0.0298]	3.1+0.0s
[480/1120]	[L1: 0.0298]	3.1+0.0s
[520/1120]	[L1: 0.0299]	3.1+0.0s
[560/1120]	[L1: 0.0299]	3.0+0.0s
[600/1120]	[L1: 0.0298]	4.1+0.0s
[640/1120]	[L1: 0.0297]	5.0+0.0s
[680/1120]	[L1: 0.0300]	6.8+0.0s
[720/1120]	[L1: 0.0301]	7.3+0.0s
[760/1120]	[L1: 0.0301]	7.3+0.0s
[800/1120]	[L1: 0.0300]	7.4+0.0s
[840/1120]	[L1: 0.0302]	7.7+0.0s
[880/1120]	[L1: 0.0302]	7.2+0.0s
[920/1120]	[L1: 0.0303]	7.1+0.0s
[960/1120]	[L1: 0.0304]	6.9+0.0s
[1000/1120]	[L1: 0.0305]	7.2+0.0s
[1040/1120]	[L1: 0.0307]	6.1+0.0s
[1080/1120]	[L1: 0.0306]	5.7+0.0s
[1120/1120]	[L1: 0.0306]	5.6+0.0s

Evaluation:
[RSSCN7 x4]	psnr: 27.746 (Best: 27.761 @epoch 350)
Total time: 12.55s

[Epoch 363]	Learning rate: 1.00e-4
[40/1120]	[L1: 0.0291]	5.7+0.1s
[80/1120]	[L1: 0.0306]	5.6+0.0s
[120/1120]	[L1: 0.0291]	5.5+0.1s
[160/1120]	[L1: 0.0293]	5.7+0.0s
[200/1120]	[L1: 0.0294]	5.8+0.0s
[240/1120]	[L1: 0.0298]	4.1+0.0s
[280/1120]	[L1: 0.0298]	4.2+0.0s
[320/1120]	[L1: 0.0301]	4.3+0.0s
[360/1120]	[L1: 0.0297]	3.3+0.0s
[400/1120]	[L1: 0.0298]	3.1+0.0s
[440/1120]	[L1: 0.0297]	3.8+0.0s
[480/1120]	[L1: 0.0295]	4.3+0.0s
[520/1120]	[L1: 0.0297]	4.2+0.0s
[560/1120]	[L1: 0.0299]	4.2+0.0s
[600/1120]	[L1: 0.0301]	3.8+0.0s
[640/1120]	[L1: 0.0300]	3.2+0.0s
[680/1120]	[L1: 0.0303]	3.1+0.0s
[720/1120]	[L1: 0.0301]	3.7+0.0s
[760/1120]	[L1: 0.0301]	4.0+0.0s
[800/1120]	[L1: 0.0302]	2.6+0.0s
[840/1120]	[L1: 0.0303]	3.0+0.0s
[880/1120]	[L1: 0.0304]	3.7+0.0s
[920/1120]	[L1: 0.0304]	4.2+0.0s
[960/1120]	[L1: 0.0304]	4.0+0.0s
[1000/1120]	[L1: 0.0305]	2.8+0.0s
[1040/1120]	[L1: 0.0305]	2.9+0.0s
[1080/1120]	[L1: 0.0306]	2.9+0.0s
[1120/1120]	[L1: 0.0306]	2.8+0.0s

Evaluation:
[RSSCN7 x4]	psnr: 27.740 (Best: 27.761 @epoch 350)
Total time: 7.67s

[Epoch 364]	Learning rate: 1.00e-4
[40/1120]	[L1: 0.0330]	2.9+0.0s
[80/1120]	[L1: 0.0327]	5.1+0.1s
[120/1120]	[L1: 0.0329]	5.7+0.0s
[160/1120]	[L1: 0.0323]	5.6+0.0s
[200/1120]	[L1: 0.0321]	5.9+0.0s
[240/1120]	[L1: 0.0326]	5.5+0.0s
[280/1120]	[L1: 0.0325]	5.3+0.0s
[320/1120]	[L1: 0.0321]	5.7+0.0s
[360/1120]	[L1: 0.0316]	5.7+0.0s
[400/1120]	[L1: 0.0315]	7.2+0.0s
[440/1120]	[L1: 0.0311]	7.8+0.0s
[480/1120]	[L1: 0.0314]	7.7+0.0s
[520/1120]	[L1: 0.0313]	7.3+0.0s
[560/1120]	[L1: 0.0311]	5.5+0.0s
[600/1120]	[L1: 0.0312]	5.8+0.0s
[640/1120]	[L1: 0.0313]	5.9+0.0s
[680/1120]	[L1: 0.0312]	5.1+0.1s
[720/1120]	[L1: 0.0311]	5.3+0.0s
[760/1120]	[L1: 0.0308]	6.3+0.0s
[800/1120]	[L1: 0.0308]	7.3+0.0s
[840/1120]	[L1: 0.0306]	5.6+0.1s
[880/1120]	[L1: 0.0305]	5.0+0.0s
[920/1120]	[L1: 0.0306]	3.3+0.0s
[960/1120]	[L1: 0.0304]	4.2+0.0s
[1000/1120]	[L1: 0.0305]	4.5+0.0s
[1040/1120]	[L1: 0.0306]	4.1+0.0s
[1080/1120]	[L1: 0.0306]	4.2+0.0s
[1120/1120]	[L1: 0.0306]	4.3+0.0s

Evaluation:
[RSSCN7 x4]	psnr: 27.741 (Best: 27.761 @epoch 350)
Total time: 9.16s

[Epoch 365]	Learning rate: 1.00e-4
[40/1120]	[L1: 0.0283]	3.6+0.0s
[80/1120]	[L1: 0.0302]	2.9+0.0s
[120/1120]	[L1: 0.0302]	3.4+0.0s
[160/1120]	[L1: 0.0305]	4.3+0.0s
[200/1120]	[L1: 0.0303]	4.5+0.0s
[240/1120]	[L1: 0.0302]	4.1+0.0s
[280/1120]	[L1: 0.0310]	4.4+0.0s
[320/1120]	[L1: 0.0307]	4.1+0.0s
[360/1120]	[L1: 0.0308]	4.6+0.0s
[400/1120]	[L1: 0.0308]	4.2+0.0s
[440/1120]	[L1: 0.0307]	4.4+0.0s
[480/1120]	[L1: 0.0311]	4.2+0.0s
[520/1120]	[L1: 0.0310]	4.5+0.0s
[560/1120]	[L1: 0.0311]	4.3+0.0s
[600/1120]	[L1: 0.0312]	4.2+0.0s
[640/1120]	[L1: 0.0309]	3.3+0.0s
[680/1120]	[L1: 0.0309]	3.9+0.0s
[720/1120]	[L1: 0.0310]	7.9+0.0s
[760/1120]	[L1: 0.0310]	7.4+0.0s
[800/1120]	[L1: 0.0307]	8.2+0.0s
[840/1120]	[L1: 0.0305]	7.3+0.0s
[880/1120]	[L1: 0.0305]	8.1+0.0s
[920/1120]	[L1: 0.0305]	7.5+0.0s
[960/1120]	[L1: 0.0306]	7.8+0.0s
[1000/1120]	[L1: 0.0308]	7.6+0.0s
[1040/1120]	[L1: 0.0307]	7.7+0.0s
[1080/1120]	[L1: 0.0307]	7.5+0.0s
[1120/1120]	[L1: 0.0307]	8.0+0.0s

Evaluation:
[RSSCN7 x4]	psnr: 27.733 (Best: 27.761 @epoch 350)
Total time: 13.33s

[Epoch 366]	Learning rate: 1.00e-4
[40/1120]	[L1: 0.0334]	5.9+0.1s
[80/1120]	[L1: 0.0310]	6.2+0.0s
[120/1120]	[L1: 0.0300]	5.5+0.0s
[160/1120]	[L1: 0.0306]	6.0+0.0s
[200/1120]	[L1: 0.0305]	5.5+0.0s
[240/1120]	[L1: 0.0304]	5.2+0.0s
[280/1120]	[L1: 0.0306]	3.9+0.0s
[320/1120]	[L1: 0.0304]	4.4+0.0s
[360/1120]	[L1: 0.0308]	4.5+0.0s
[400/1120]	[L1: 0.0309]	3.4+0.0s
[440/1120]	[L1: 0.0304]	2.9+0.0s
[480/1120]	[L1: 0.0305]	3.2+0.0s
[520/1120]	[L1: 0.0307]	3.9+0.0s
[560/1120]	[L1: 0.0305]	4.6+0.0s
[600/1120]	[L1: 0.0304]	2.9+0.0s
[640/1120]	[L1: 0.0305]	2.9+0.0s
[680/1120]	[L1: 0.0308]	3.1+0.0s
[720/1120]	[L1: 0.0308]	3.2+0.0s
[760/1120]	[L1: 0.0307]	4.5+0.0s
[800/1120]	[L1: 0.0307]	3.6+0.0s
[840/1120]	[L1: 0.0307]	2.3+0.0s
[880/1120]	[L1: 0.0305]	3.0+0.0s
[920/1120]	[L1: 0.0306]	3.0+0.0s
[960/1120]	[L1: 0.0304]	3.2+0.0s
[1000/1120]	[L1: 0.0305]	3.8+0.0s
[1040/1120]	[L1: 0.0306]	3.5+0.0s
[1080/1120]	[L1: 0.0307]	3.1+0.0s
[1120/1120]	[L1: 0.0307]	2.9+0.0s

Evaluation:
[RSSCN7 x4]	psnr: 27.748 (Best: 27.761 @epoch 350)
Total time: 8.29s

[Epoch 367]	Learning rate: 1.00e-4
[40/1120]	[L1: 0.0336]	3.1+0.1s
[80/1120]	[L1: 0.0309]	3.2+0.0s
[120/1120]	[L1: 0.0310]	5.6+0.0s
[160/1120]	[L1: 0.0301]	4.8+0.0s
[200/1120]	[L1: 0.0294]	4.9+0.0s
[240/1120]	[L1: 0.0299]	5.4+0.0s
[280/1120]	[L1: 0.0303]	5.7+0.0s
[320/1120]	[L1: 0.0297]	6.5+0.0s
[360/1120]	[L1: 0.0298]	7.5+0.0s
[400/1120]	[L1: 0.0298]	6.0+0.0s
[440/1120]	[L1: 0.0301]	5.5+0.0s
[480/1120]	[L1: 0.0300]	5.9+0.1s
[520/1120]	[L1: 0.0302]	5.3+0.0s
[560/1120]	[L1: 0.0299]	5.2+0.0s
[600/1120]	[L1: 0.0300]	5.1+0.0s
[640/1120]	[L1: 0.0300]	5.9+0.0s
[680/1120]	[L1: 0.0298]	5.3+0.0s
[720/1120]	[L1: 0.0297]	5.8+0.0s
[760/1120]	[L1: 0.0297]	6.4+0.0s
[800/1120]	[L1: 0.0300]	6.0+0.0s
[840/1120]	[L1: 0.0301]	5.2+0.0s
[880/1120]	[L1: 0.0301]	5.9+0.0s
[920/1120]	[L1: 0.0302]	5.4+0.0s
[960/1120]	[L1: 0.0303]	3.3+0.0s
[1000/1120]	[L1: 0.0304]	3.1+0.0s
[1040/1120]	[L1: 0.0304]	4.4+0.0s
[1080/1120]	[L1: 0.0306]	4.2+0.0s
[1120/1120]	[L1: 0.0306]	3.2+0.0s

Evaluation:
[RSSCN7 x4]	psnr: 27.730 (Best: 27.761 @epoch 350)
Total time: 8.21s

[Epoch 368]	Learning rate: 1.00e-4
[40/1120]	[L1: 0.0282]	4.4+0.0s
[80/1120]	[L1: 0.0308]	3.9+0.0s
[120/1120]	[L1: 0.0298]	3.0+0.0s
[160/1120]	[L1: 0.0300]	3.3+0.0s
[200/1120]	[L1: 0.0301]	4.4+0.0s
[240/1120]	[L1: 0.0301]	3.3+0.0s
[280/1120]	[L1: 0.0304]	3.1+0.0s
[320/1120]	[L1: 0.0303]	4.4+0.0s
[360/1120]	[L1: 0.0304]	4.4+0.0s
[400/1120]	[L1: 0.0307]	4.4+0.0s
[440/1120]	[L1: 0.0307]	4.4+0.0s
[480/1120]	[L1: 0.0308]	4.3+0.0s
[520/1120]	[L1: 0.0308]	4.4+0.0s
[560/1120]	[L1: 0.0308]	4.3+0.0s
[600/1120]	[L1: 0.0309]	4.4+0.0s
[640/1120]	[L1: 0.0309]	3.5+0.0s
[680/1120]	[L1: 0.0308]	3.1+0.0s
[720/1120]	[L1: 0.0307]	3.3+0.0s
[760/1120]	[L1: 0.0307]	7.4+0.0s
[800/1120]	[L1: 0.0307]	7.4+0.0s
[840/1120]	[L1: 0.0309]	7.6+0.0s
[880/1120]	[L1: 0.0308]	7.7+0.0s
[920/1120]	[L1: 0.0307]	6.8+0.0s
[960/1120]	[L1: 0.0306]	7.9+0.0s
[1000/1120]	[L1: 0.0306]	7.6+0.0s
[1040/1120]	[L1: 0.0305]	7.1+0.1s
[1080/1120]	[L1: 0.0307]	6.8+0.0s
[1120/1120]	[L1: 0.0306]	7.4+0.0s

Evaluation:
[RSSCN7 x4]	psnr: 27.714 (Best: 27.761 @epoch 350)
Total time: 14.73s

[Epoch 369]	Learning rate: 1.00e-4
[40/1120]	[L1: 0.0286]	5.0+0.1s
[80/1120]	[L1: 0.0284]	5.5+0.0s
[120/1120]	[L1: 0.0284]	5.3+0.1s
[160/1120]	[L1: 0.0296]	5.3+0.0s
[200/1120]	[L1: 0.0297]	5.2+0.0s
[240/1120]	[L1: 0.0296]	5.5+0.0s
[280/1120]	[L1: 0.0299]	5.4+0.0s
[320/1120]	[L1: 0.0298]	5.3+0.0s
[360/1120]	[L1: 0.0299]	3.5+0.0s
[400/1120]	[L1: 0.0299]	4.2+0.0s
[440/1120]	[L1: 0.0297]	4.4+0.0s
[480/1120]	[L1: 0.0301]	4.6+0.0s
[520/1120]	[L1: 0.0303]	3.2+0.0s
[560/1120]	[L1: 0.0303]	2.8+0.0s
[600/1120]	[L1: 0.0302]	2.9+0.0s
[640/1120]	[L1: 0.0306]	3.1+0.0s
[680/1120]	[L1: 0.0306]	2.9+0.0s
[720/1120]	[L1: 0.0305]	3.0+0.0s
[760/1120]	[L1: 0.0305]	3.3+0.0s
[800/1120]	[L1: 0.0304]	3.2+0.0s
[840/1120]	[L1: 0.0304]	4.1+0.0s
[880/1120]	[L1: 0.0305]	4.1+0.0s
[920/1120]	[L1: 0.0305]	4.1+0.0s
[960/1120]	[L1: 0.0304]	2.8+0.0s
[1000/1120]	[L1: 0.0304]	2.5+0.0s
[1040/1120]	[L1: 0.0303]	2.5+0.0s
[1080/1120]	[L1: 0.0305]	2.9+0.0s
[1120/1120]	[L1: 0.0305]	3.4+0.0s

Evaluation:
[RSSCN7 x4]	psnr: 27.756 (Best: 27.761 @epoch 350)
Total time: 7.81s

[Epoch 370]	Learning rate: 1.00e-4
[40/1120]	[L1: 0.0294]	2.8+0.0s
[80/1120]	[L1: 0.0316]	3.2+0.0s
[120/1120]	[L1: 0.0322]	3.9+0.0s
[160/1120]	[L1: 0.0318]	4.1+0.0s
[200/1120]	[L1: 0.0317]	4.0+0.0s
[240/1120]	[L1: 0.0312]	5.3+0.0s
[280/1120]	[L1: 0.0302]	5.4+0.0s
[320/1120]	[L1: 0.0303]	5.5+0.0s
[360/1120]	[L1: 0.0308]	5.6+0.0s
[400/1120]	[L1: 0.0305]	7.1+0.1s
[440/1120]	[L1: 0.0307]	7.5+0.0s
[480/1120]	[L1: 0.0309]	7.2+0.0s
[520/1120]	[L1: 0.0309]	8.1+0.0s
[560/1120]	[L1: 0.0307]	7.1+0.0s
[600/1120]	[L1: 0.0306]	7.3+0.0s
[640/1120]	[L1: 0.0306]	5.9+0.0s
[680/1120]	[L1: 0.0306]	6.7+0.0s
[720/1120]	[L1: 0.0307]	5.3+0.0s
[760/1120]	[L1: 0.0305]	4.6+0.1s
[800/1120]	[L1: 0.0307]	6.2+0.0s
[840/1120]	[L1: 0.0305]	6.4+0.0s
[880/1120]	[L1: 0.0305]	5.6+0.0s
[920/1120]	[L1: 0.0305]	6.3+0.1s
[960/1120]	[L1: 0.0304]	5.4+0.0s
[1000/1120]	[L1: 0.0306]	6.1+0.0s
[1040/1120]	[L1: 0.0305]	5.2+0.0s
[1080/1120]	[L1: 0.0306]	5.8+0.0s
[1120/1120]	[L1: 0.0306]	3.9+0.0s

Evaluation:
[RSSCN7 x4]	psnr: 27.726 (Best: 27.761 @epoch 350)
Total time: 8.92s

[Epoch 371]	Learning rate: 1.00e-4
[40/1120]	[L1: 0.0320]	3.2+0.1s
[80/1120]	[L1: 0.0331]	2.9+0.0s
[120/1120]	[L1: 0.0309]	3.0+0.0s
[160/1120]	[L1: 0.0314]	4.9+0.0s
[200/1120]	[L1: 0.0324]	4.7+0.0s
[240/1120]	[L1: 0.0315]	4.4+0.0s
[280/1120]	[L1: 0.0317]	3.1+0.0s
[320/1120]	[L1: 0.0320]	3.3+0.0s
[360/1120]	[L1: 0.0320]	3.2+0.0s
[400/1120]	[L1: 0.0321]	4.0+0.0s
[440/1120]	[L1: 0.0320]	4.6+0.0s
[480/1120]	[L1: 0.0318]	3.1+0.0s
[520/1120]	[L1: 0.0316]	3.3+0.0s
[560/1120]	[L1: 0.0314]	3.4+0.0s
[600/1120]	[L1: 0.0310]	4.8+0.0s
[640/1120]	[L1: 0.0308]	3.9+0.0s
[680/1120]	[L1: 0.0310]	3.4+0.0s
[720/1120]	[L1: 0.0312]	3.2+0.0s
[760/1120]	[L1: 0.0314]	4.4+0.0s
[800/1120]	[L1: 0.0313]	4.4+0.0s
[840/1120]	[L1: 0.0310]	4.6+0.0s
[880/1120]	[L1: 0.0310]	6.7+0.0s
[920/1120]	[L1: 0.0309]	7.1+0.0s
[960/1120]	[L1: 0.0308]	5.7+0.0s
[1000/1120]	[L1: 0.0307]	6.0+0.0s
[1040/1120]	[L1: 0.0307]	6.0+0.0s
[1080/1120]	[L1: 0.0307]	6.8+0.0s
[1120/1120]	[L1: 0.0306]	5.5+0.0s

Evaluation:
[RSSCN7 x4]	psnr: 27.747 (Best: 27.761 @epoch 350)
Total time: 12.86s

[Epoch 372]	Learning rate: 1.00e-4
[40/1120]	[L1: 0.0282]	4.1+0.0s
[80/1120]	[L1: 0.0282]	5.6+0.0s
[120/1120]	[L1: 0.0284]	6.6+0.0s
[160/1120]	[L1: 0.0287]	6.3+0.0s
[200/1120]	[L1: 0.0300]	6.5+0.0s
[240/1120]	[L1: 0.0309]	5.9+0.0s
[280/1120]	[L1: 0.0306]	6.5+0.0s
[320/1120]	[L1: 0.0299]	5.9+0.0s
[360/1120]	[L1: 0.0298]	5.1+0.0s
[400/1120]	[L1: 0.0296]	5.0+0.0s
[440/1120]	[L1: 0.0294]	6.5+0.0s
[480/1120]	[L1: 0.0301]	6.1+0.0s
[520/1120]	[L1: 0.0301]	6.5+0.0s
[560/1120]	[L1: 0.0301]	6.3+0.0s
[600/1120]	[L1: 0.0299]	6.4+0.0s
[640/1120]	[L1: 0.0299]	5.0+0.0s
[680/1120]	[L1: 0.0302]	4.2+0.0s
[720/1120]	[L1: 0.0302]	4.0+0.0s
[760/1120]	[L1: 0.0303]	4.2+0.0s
[800/1120]	[L1: 0.0304]	4.4+0.0s
[840/1120]	[L1: 0.0305]	4.0+0.0s
[880/1120]	[L1: 0.0303]	3.0+0.0s
[920/1120]	[L1: 0.0303]	3.1+0.0s
[960/1120]	[L1: 0.0304]	3.1+0.0s
[1000/1120]	[L1: 0.0303]	2.9+0.0s
[1040/1120]	[L1: 0.0304]	3.1+0.0s
[1080/1120]	[L1: 0.0305]	3.1+0.0s
[1120/1120]	[L1: 0.0306]	3.1+0.0s

Evaluation:
[RSSCN7 x4]	psnr: 27.755 (Best: 27.761 @epoch 350)
Total time: 8.37s

[Epoch 373]	Learning rate: 1.00e-4
[40/1120]	[L1: 0.0304]	4.2+0.0s
[80/1120]	[L1: 0.0320]	3.7+0.0s
[120/1120]	[L1: 0.0318]	2.9+0.0s
[160/1120]	[L1: 0.0321]	3.2+0.0s
[200/1120]	[L1: 0.0315]	3.6+0.0s
[240/1120]	[L1: 0.0312]	3.9+0.0s
[280/1120]	[L1: 0.0308]	2.9+0.0s
[320/1120]	[L1: 0.0308]	2.9+0.0s
[360/1120]	[L1: 0.0311]	4.3+0.0s
[400/1120]	[L1: 0.0313]	2.6+0.0s
[440/1120]	[L1: 0.0308]	3.0+0.0s
[480/1120]	[L1: 0.0313]	3.0+0.0s
[520/1120]	[L1: 0.0310]	4.2+0.0s
[560/1120]	[L1: 0.0309]	5.0+0.0s
[600/1120]	[L1: 0.0310]	6.1+0.0s
[640/1120]	[L1: 0.0311]	6.4+0.0s
[680/1120]	[L1: 0.0308]	6.2+0.0s
[720/1120]	[L1: 0.0308]	5.6+0.0s
[760/1120]	[L1: 0.0310]	6.4+0.0s
[800/1120]	[L1: 0.0309]	5.4+0.0s
[840/1120]	[L1: 0.0306]	5.9+0.0s
[880/1120]	[L1: 0.0306]	6.1+0.0s
[920/1120]	[L1: 0.0304]	5.9+0.0s
[960/1120]	[L1: 0.0306]	5.9+0.0s
[1000/1120]	[L1: 0.0306]	5.7+0.0s
[1040/1120]	[L1: 0.0304]	6.7+0.0s
[1080/1120]	[L1: 0.0304]	6.0+0.0s
[1120/1120]	[L1: 0.0305]	6.0+0.0s

Evaluation:
[RSSCN7 x4]	psnr: 27.752 (Best: 27.761 @epoch 350)
Total time: 13.36s

[Epoch 374]	Learning rate: 1.00e-4
[40/1120]	[L1: 0.0295]	5.8+0.1s
[80/1120]	[L1: 0.0280]	6.3+0.0s
[120/1120]	[L1: 0.0278]	6.0+0.0s
[160/1120]	[L1: 0.0282]	6.6+0.0s
[200/1120]	[L1: 0.0294]	5.5+0.0s
[240/1120]	[L1: 0.0295]	4.9+0.1s
[280/1120]	[L1: 0.0305]	3.9+0.0s
[320/1120]	[L1: 0.0309]	2.8+0.0s
[360/1120]	[L1: 0.0307]	3.0+0.0s
[400/1120]	[L1: 0.0308]	3.0+0.0s
[440/1120]	[L1: 0.0307]	3.9+0.0s
[480/1120]	[L1: 0.0307]	3.7+0.0s
[520/1120]	[L1: 0.0304]	3.0+0.0s
[560/1120]	[L1: 0.0302]	2.8+0.0s
[600/1120]	[L1: 0.0304]	2.9+0.0s
[640/1120]	[L1: 0.0304]	3.2+0.0s
[680/1120]	[L1: 0.0304]	4.1+0.0s
[720/1120]	[L1: 0.0305]	3.5+0.0s
[760/1120]	[L1: 0.0305]	2.8+0.0s
[800/1120]	[L1: 0.0305]	3.0+0.0s
[840/1120]	[L1: 0.0305]	4.0+0.0s
[880/1120]	[L1: 0.0304]	4.7+0.0s
[920/1120]	[L1: 0.0304]	4.3+0.0s
[960/1120]	[L1: 0.0304]	3.9+0.0s
[1000/1120]	[L1: 0.0305]	3.1+0.0s
[1040/1120]	[L1: 0.0306]	2.9+0.0s
[1080/1120]	[L1: 0.0306]	4.1+0.0s
[1120/1120]	[L1: 0.0306]	4.0+0.0s

Evaluation:
[RSSCN7 x4]	psnr: 27.764 (Best: 27.764 @epoch 374)
Total time: 8.15s

[Epoch 375]	Learning rate: 1.00e-4
[40/1120]	[L1: 0.0308]	3.2+0.0s
[80/1120]	[L1: 0.0315]	3.5+0.0s
[120/1120]	[L1: 0.0305]	4.0+0.0s
[160/1120]	[L1: 0.0313]	5.1+0.0s
[200/1120]	[L1: 0.0315]	5.1+0.0s
[240/1120]	[L1: 0.0316]	5.9+0.0s
[280/1120]	[L1: 0.0309]	5.9+0.0s
[320/1120]	[L1: 0.0306]	5.4+0.0s
[360/1120]	[L1: 0.0308]	5.9+0.0s
[400/1120]	[L1: 0.0305]	5.9+0.0s
[440/1120]	[L1: 0.0301]	6.2+0.0s
[480/1120]	[L1: 0.0302]	5.5+0.0s
[520/1120]	[L1: 0.0300]	4.4+0.0s
[560/1120]	[L1: 0.0297]	5.8+0.1s
[600/1120]	[L1: 0.0297]	5.8+0.0s
[640/1120]	[L1: 0.0298]	5.5+0.0s
[680/1120]	[L1: 0.0298]	6.1+0.0s
[720/1120]	[L1: 0.0299]	6.3+0.1s
[760/1120]	[L1: 0.0301]	5.6+0.0s
[800/1120]	[L1: 0.0300]	5.5+0.1s
[840/1120]	[L1: 0.0301]	5.3+0.0s
[880/1120]	[L1: 0.0301]	5.1+0.0s
[920/1120]	[L1: 0.0302]	4.8+0.0s
[960/1120]	[L1: 0.0302]	4.8+0.0s
[1000/1120]	[L1: 0.0302]	4.8+0.0s
[1040/1120]	[L1: 0.0306]	4.8+0.0s
[1080/1120]	[L1: 0.0305]	4.3+0.0s
[1120/1120]	[L1: 0.0305]	4.8+0.0s

Evaluation:
[RSSCN7 x4]	psnr: 27.734 (Best: 27.764 @epoch 374)
Total time: 8.83s

[Epoch 376]	Learning rate: 1.00e-4
[40/1120]	[L1: 0.0279]	2.8+0.0s
[80/1120]	[L1: 0.0310]	3.0+0.0s
[120/1120]	[L1: 0.0328]	3.7+0.0s
[160/1120]	[L1: 0.0310]	4.1+0.0s
[200/1120]	[L1: 0.0304]	4.2+0.0s
[240/1120]	[L1: 0.0301]	3.0+0.0s
[280/1120]	[L1: 0.0302]	3.5+0.0s
[320/1120]	[L1: 0.0307]	4.2+0.0s
[360/1120]	[L1: 0.0306]	3.2+0.0s
[400/1120]	[L1: 0.0306]	3.1+0.0s
[440/1120]	[L1: 0.0305]	3.0+0.0s
[480/1120]	[L1: 0.0307]	3.1+0.0s
[520/1120]	[L1: 0.0307]	2.9+0.0s
[560/1120]	[L1: 0.0307]	3.1+0.0s
[600/1120]	[L1: 0.0307]	3.0+0.0s
[640/1120]	[L1: 0.0308]	3.0+0.0s
[680/1120]	[L1: 0.0306]	3.1+0.0s
[720/1120]	[L1: 0.0306]	2.9+0.0s
[760/1120]	[L1: 0.0307]	2.9+0.0s
[800/1120]	[L1: 0.0307]	3.0+0.0s
[840/1120]	[L1: 0.0306]	3.1+0.0s
[880/1120]	[L1: 0.0306]	2.9+0.0s
[920/1120]	[L1: 0.0307]	2.9+0.0s
[960/1120]	[L1: 0.0309]	3.2+0.0s
[1000/1120]	[L1: 0.0308]	4.0+0.0s
[1040/1120]	[L1: 0.0308]	5.0+0.0s
[1080/1120]	[L1: 0.0307]	6.2+0.0s
[1120/1120]	[L1: 0.0307]	5.7+0.0s

Evaluation:
[RSSCN7 x4]	psnr: 27.752 (Best: 27.764 @epoch 374)
Total time: 12.06s

[Epoch 377]	Learning rate: 1.00e-4
[40/1120]	[L1: 0.0344]	4.6+0.0s
[80/1120]	[L1: 0.0320]	4.8+0.1s
[120/1120]	[L1: 0.0309]	6.2+0.0s
[160/1120]	[L1: 0.0314]	6.1+0.0s
[200/1120]	[L1: 0.0314]	6.6+0.0s
[240/1120]	[L1: 0.0314]	6.2+0.0s
[280/1120]	[L1: 0.0312]	6.6+0.0s
[320/1120]	[L1: 0.0315]	6.5+0.0s
[360/1120]	[L1: 0.0313]	5.7+0.0s
[400/1120]	[L1: 0.0315]	6.4+0.0s
[440/1120]	[L1: 0.0313]	5.7+0.1s
[480/1120]	[L1: 0.0313]	6.1+0.0s
[520/1120]	[L1: 0.0313]	6.3+0.0s
[560/1120]	[L1: 0.0314]	5.8+0.0s
[600/1120]	[L1: 0.0312]	5.9+0.0s
[640/1120]	[L1: 0.0312]	6.4+0.1s
[680/1120]	[L1: 0.0311]	4.4+0.0s
[720/1120]	[L1: 0.0311]	6.3+0.0s
[760/1120]	[L1: 0.0309]	6.4+0.0s
[800/1120]	[L1: 0.0309]	4.5+0.0s
[840/1120]	[L1: 0.0309]	3.7+0.0s
[880/1120]	[L1: 0.0307]	3.1+0.0s
[920/1120]	[L1: 0.0308]	2.9+0.0s
[960/1120]	[L1: 0.0307]	4.0+0.0s
[1000/1120]	[L1: 0.0306]	4.3+0.0s
[1040/1120]	[L1: 0.0307]	4.0+0.0s
[1080/1120]	[L1: 0.0306]	3.0+0.0s
[1120/1120]	[L1: 0.0306]	3.0+0.0s

Evaluation:
[RSSCN7 x4]	psnr: 27.736 (Best: 27.764 @epoch 374)
Total time: 8.31s

[Epoch 378]	Learning rate: 1.00e-4
[40/1120]	[L1: 0.0335]	3.1+0.0s
[80/1120]	[L1: 0.0304]	2.5+0.0s
[120/1120]	[L1: 0.0303]	3.0+0.0s
[160/1120]	[L1: 0.0301]	4.0+0.0s
[200/1120]	[L1: 0.0308]	4.1+0.0s
[240/1120]	[L1: 0.0312]	4.2+0.0s
[280/1120]	[L1: 0.0318]	4.1+0.0s
[320/1120]	[L1: 0.0317]	4.0+0.0s
[360/1120]	[L1: 0.0318]	4.2+0.0s
[400/1120]	[L1: 0.0315]	4.0+0.0s
[440/1120]	[L1: 0.0319]	4.2+0.0s
[480/1120]	[L1: 0.0316]	3.0+0.0s
[520/1120]	[L1: 0.0318]	2.9+0.0s
[560/1120]	[L1: 0.0318]	3.1+0.0s
[600/1120]	[L1: 0.0316]	3.1+0.0s
[640/1120]	[L1: 0.0315]	5.1+0.0s
[680/1120]	[L1: 0.0317]	6.0+0.0s
[720/1120]	[L1: 0.0313]	5.7+0.0s
[760/1120]	[L1: 0.0312]	4.8+0.0s
[800/1120]	[L1: 0.0309]	6.3+0.0s
[840/1120]	[L1: 0.0308]	7.3+0.0s
[880/1120]	[L1: 0.0307]	5.6+0.0s
[920/1120]	[L1: 0.0305]	5.7+0.0s
[960/1120]	[L1: 0.0305]	4.9+0.0s
[1000/1120]	[L1: 0.0304]	5.0+0.0s
[1040/1120]	[L1: 0.0303]	6.8+0.0s
[1080/1120]	[L1: 0.0304]	5.1+0.0s
[1120/1120]	[L1: 0.0305]	4.3+0.0s

Evaluation:
[RSSCN7 x4]	psnr: 27.734 (Best: 27.764 @epoch 374)
Total time: 10.59s

[Epoch 379]	Learning rate: 1.00e-4
[40/1120]	[L1: 0.0275]	4.1+0.1s
[80/1120]	[L1: 0.0297]	5.3+0.0s
[120/1120]	[L1: 0.0309]	5.9+0.0s
[160/1120]	[L1: 0.0311]	6.4+0.1s
[200/1120]	[L1: 0.0305]	5.7+0.0s
[240/1120]	[L1: 0.0310]	7.4+0.0s
[280/1120]	[L1: 0.0316]	6.9+0.0s
[320/1120]	[L1: 0.0318]	4.2+0.0s
[360/1120]	[L1: 0.0318]	3.9+0.0s
[400/1120]	[L1: 0.0317]	4.9+0.0s
[440/1120]	[L1: 0.0317]	2.9+0.0s
[480/1120]	[L1: 0.0313]	3.3+0.0s
[520/1120]	[L1: 0.0313]	3.1+0.0s
[560/1120]	[L1: 0.0315]	3.1+0.0s
[600/1120]	[L1: 0.0315]	3.0+0.0s
[640/1120]	[L1: 0.0314]	2.8+0.0s
[680/1120]	[L1: 0.0310]	3.0+0.0s
[720/1120]	[L1: 0.0310]	3.1+0.0s
[760/1120]	[L1: 0.0308]	3.0+0.0s
[800/1120]	[L1: 0.0307]	3.0+0.0s
[840/1120]	[L1: 0.0307]	3.1+0.0s
[880/1120]	[L1: 0.0308]	2.7+0.0s
[920/1120]	[L1: 0.0306]	2.6+0.0s
[960/1120]	[L1: 0.0306]	2.6+0.0s
[1000/1120]	[L1: 0.0307]	2.6+0.0s
[1040/1120]	[L1: 0.0308]	2.5+0.0s
[1080/1120]	[L1: 0.0308]	2.8+0.0s
[1120/1120]	[L1: 0.0306]	3.1+0.0s

Evaluation:
[RSSCN7 x4]	psnr: 27.726 (Best: 27.764 @epoch 374)
Total time: 7.82s

[Epoch 380]	Learning rate: 1.00e-4
[40/1120]	[L1: 0.0260]	2.5+0.1s
[80/1120]	[L1: 0.0285]	2.5+0.0s
[120/1120]	[L1: 0.0296]	3.0+0.0s
[160/1120]	[L1: 0.0312]	3.0+0.0s
[200/1120]	[L1: 0.0310]	2.9+0.0s
[240/1120]	[L1: 0.0313]	3.8+0.0s
[280/1120]	[L1: 0.0306]	2.6+0.0s
[320/1120]	[L1: 0.0311]	2.6+0.0s
[360/1120]	[L1: 0.0311]	3.4+0.0s
[400/1120]	[L1: 0.0309]	4.9+0.0s
[440/1120]	[L1: 0.0307]	5.7+0.0s
[480/1120]	[L1: 0.0307]	5.7+0.0s
[520/1120]	[L1: 0.0305]	6.4+0.0s
[560/1120]	[L1: 0.0304]	6.0+0.0s
[600/1120]	[L1: 0.0305]	5.5+0.0s
[640/1120]	[L1: 0.0306]	5.7+0.0s
[680/1120]	[L1: 0.0306]	6.0+0.1s
[720/1120]	[L1: 0.0304]	5.8+0.0s
[760/1120]	[L1: 0.0303]	6.1+0.0s
[800/1120]	[L1: 0.0301]	6.3+0.0s
[840/1120]	[L1: 0.0300]	6.4+0.0s
[880/1120]	[L1: 0.0303]	5.4+0.0s
[920/1120]	[L1: 0.0303]	6.7+0.1s
[960/1120]	[L1: 0.0302]	5.8+0.0s
[1000/1120]	[L1: 0.0303]	5.9+0.0s
[1040/1120]	[L1: 0.0303]	6.5+0.0s
[1080/1120]	[L1: 0.0304]	6.3+0.0s
[1120/1120]	[L1: 0.0305]	6.0+0.0s

Evaluation:
[RSSCN7 x4]	psnr: 27.753 (Best: 27.764 @epoch 374)
Total time: 11.51s

[Epoch 381]	Learning rate: 1.00e-4
[40/1120]	[L1: 0.0281]	6.2+0.1s
[80/1120]	[L1: 0.0281]	6.1+0.0s
[120/1120]	[L1: 0.0294]	6.4+0.0s
[160/1120]	[L1: 0.0286]	5.9+0.1s
[200/1120]	[L1: 0.0298]	4.4+0.0s
[240/1120]	[L1: 0.0296]	3.5+0.0s
[280/1120]	[L1: 0.0303]	3.0+0.0s
[320/1120]	[L1: 0.0302]	3.3+0.0s
[360/1120]	[L1: 0.0302]	4.2+0.0s
[400/1120]	[L1: 0.0301]	4.2+0.0s
[440/1120]	[L1: 0.0305]	4.0+0.0s
[480/1120]	[L1: 0.0304]	4.3+0.0s
[520/1120]	[L1: 0.0303]	4.3+0.0s
[560/1120]	[L1: 0.0302]	4.2+0.0s
[600/1120]	[L1: 0.0306]	4.7+0.0s
[640/1120]	[L1: 0.0304]	2.9+0.0s
[680/1120]	[L1: 0.0302]	2.9+0.0s
[720/1120]	[L1: 0.0300]	3.6+0.0s
[760/1120]	[L1: 0.0300]	4.4+0.0s
[800/1120]	[L1: 0.0298]	4.1+0.0s
[840/1120]	[L1: 0.0299]	3.8+0.0s
[880/1120]	[L1: 0.0301]	2.7+0.0s
[920/1120]	[L1: 0.0303]	2.8+0.0s
[960/1120]	[L1: 0.0304]	3.0+0.0s
[1000/1120]	[L1: 0.0304]	3.3+0.0s
[1040/1120]	[L1: 0.0304]	4.2+0.0s
[1080/1120]	[L1: 0.0305]	3.9+0.0s
[1120/1120]	[L1: 0.0305]	2.7+0.0s

Evaluation:
[RSSCN7 x4]	psnr: 27.750 (Best: 27.764 @epoch 374)
Total time: 8.20s

[Epoch 382]	Learning rate: 1.00e-4
[40/1120]	[L1: 0.0250]	4.8+0.0s
[80/1120]	[L1: 0.0295]	4.2+0.0s
[120/1120]	[L1: 0.0297]	5.7+0.0s
[160/1120]	[L1: 0.0295]	5.6+0.0s
[200/1120]	[L1: 0.0287]	5.7+0.0s
[240/1120]	[L1: 0.0284]	5.3+0.0s
[280/1120]	[L1: 0.0292]	4.3+0.1s
[320/1120]	[L1: 0.0295]	5.5+0.0s
[360/1120]	[L1: 0.0299]	6.2+0.0s
[400/1120]	[L1: 0.0299]	6.0+0.0s
[440/1120]	[L1: 0.0301]	6.3+0.0s
[480/1120]	[L1: 0.0300]	6.2+0.0s
[520/1120]	[L1: 0.0301]	5.5+0.0s
[560/1120]	[L1: 0.0300]	4.7+0.0s
[600/1120]	[L1: 0.0301]	4.6+0.0s
[640/1120]	[L1: 0.0301]	6.6+0.0s
[680/1120]	[L1: 0.0301]	6.8+0.0s
[720/1120]	[L1: 0.0303]	6.2+0.1s
[760/1120]	[L1: 0.0303]	5.6+0.0s
[800/1120]	[L1: 0.0304]	5.7+0.0s
[840/1120]	[L1: 0.0303]	6.7+0.0s
[880/1120]	[L1: 0.0302]	6.0+0.1s
[920/1120]	[L1: 0.0304]	5.5+0.0s
[960/1120]	[L1: 0.0304]	3.5+0.0s
[1000/1120]	[L1: 0.0305]	3.3+0.0s
[1040/1120]	[L1: 0.0304]	4.4+0.0s
[1080/1120]	[L1: 0.0306]	4.0+0.0s
[1120/1120]	[L1: 0.0305]	3.1+0.0s

Evaluation:
[RSSCN7 x4]	psnr: 27.755 (Best: 27.764 @epoch 374)
Total time: 7.64s

[Epoch 383]	Learning rate: 1.00e-4
[40/1120]	[L1: 0.0305]	4.0+0.0s
[80/1120]	[L1: 0.0309]	3.6+0.0s
[120/1120]	[L1: 0.0301]	2.7+0.0s
[160/1120]	[L1: 0.0313]	2.8+0.0s
[200/1120]	[L1: 0.0311]	3.2+0.0s
[240/1120]	[L1: 0.0310]	2.9+0.0s
[280/1120]	[L1: 0.0312]	3.1+0.0s
[320/1120]	[L1: 0.0312]	3.8+0.0s
[360/1120]	[L1: 0.0310]	2.6+0.0s
[400/1120]	[L1: 0.0313]	3.1+0.0s
[440/1120]	[L1: 0.0307]	3.0+0.0s
[480/1120]	[L1: 0.0308]	3.7+0.0s
[520/1120]	[L1: 0.0306]	4.2+0.0s
[560/1120]	[L1: 0.0306]	3.0+0.0s
[600/1120]	[L1: 0.0304]	2.3+0.0s
[640/1120]	[L1: 0.0302]	2.9+0.0s
[680/1120]	[L1: 0.0304]	3.4+0.0s
[720/1120]	[L1: 0.0303]	4.2+0.0s
[760/1120]	[L1: 0.0303]	4.2+0.0s
[800/1120]	[L1: 0.0302]	3.1+0.0s
[840/1120]	[L1: 0.0305]	4.1+0.0s
[880/1120]	[L1: 0.0304]	5.3+0.0s
[920/1120]	[L1: 0.0305]	5.9+0.0s
[960/1120]	[L1: 0.0304]	5.4+0.1s
[1000/1120]	[L1: 0.0305]	6.2+0.0s
[1040/1120]	[L1: 0.0306]	6.1+0.0s
[1080/1120]	[L1: 0.0306]	5.6+0.0s
[1120/1120]	[L1: 0.0305]	5.7+0.0s

Evaluation:
[RSSCN7 x4]	psnr: 27.748 (Best: 27.764 @epoch 374)
Total time: 12.87s

[Epoch 384]	Learning rate: 1.00e-4
[40/1120]	[L1: 0.0303]	6.0+0.1s
[80/1120]	[L1: 0.0297]	6.3+0.0s
[120/1120]	[L1: 0.0291]	6.2+0.0s
[160/1120]	[L1: 0.0297]	6.1+0.0s
[200/1120]	[L1: 0.0301]	6.1+0.0s
[240/1120]	[L1: 0.0297]	5.6+0.0s
[280/1120]	[L1: 0.0300]	5.7+0.1s
[320/1120]	[L1: 0.0304]	6.1+0.0s
[360/1120]	[L1: 0.0304]	6.8+0.1s
[400/1120]	[L1: 0.0304]	6.6+0.0s
[440/1120]	[L1: 0.0303]	5.3+0.0s
[480/1120]	[L1: 0.0300]	4.8+0.0s
[520/1120]	[L1: 0.0300]	4.8+0.0s
[560/1120]	[L1: 0.0301]	4.7+0.0s
[600/1120]	[L1: 0.0301]	4.0+0.0s
[640/1120]	[L1: 0.0300]	3.3+0.0s
[680/1120]	[L1: 0.0302]	4.3+0.0s
[720/1120]	[L1: 0.0302]	4.2+0.0s
[760/1120]	[L1: 0.0302]	4.0+0.0s
[800/1120]	[L1: 0.0304]	3.9+0.0s
[840/1120]	[L1: 0.0303]	2.8+0.0s
[880/1120]	[L1: 0.0303]	2.9+0.0s
[920/1120]	[L1: 0.0302]	3.5+0.0s
[960/1120]	[L1: 0.0303]	4.2+0.0s
[1000/1120]	[L1: 0.0303]	4.3+0.0s
[1040/1120]	[L1: 0.0304]	3.1+0.0s
[1080/1120]	[L1: 0.0306]	2.6+0.0s
[1120/1120]	[L1: 0.0306]	2.8+0.0s

Evaluation:
[RSSCN7 x4]	psnr: 27.726 (Best: 27.764 @epoch 374)
Total time: 8.34s

[Epoch 385]	Learning rate: 1.00e-4
[40/1120]	[L1: 0.0319]	4.1+0.0s
[80/1120]	[L1: 0.0324]	2.9+0.0s
[120/1120]	[L1: 0.0313]	3.1+0.0s
[160/1120]	[L1: 0.0319]	3.4+0.0s
[200/1120]	[L1: 0.0313]	3.8+0.0s
[240/1120]	[L1: 0.0320]	3.0+0.0s
[280/1120]	[L1: 0.0318]	3.1+0.0s
[320/1120]	[L1: 0.0306]	3.0+0.0s
[360/1120]	[L1: 0.0306]	3.1+0.0s
[400/1120]	[L1: 0.0307]	3.8+0.0s
[440/1120]	[L1: 0.0307]	4.3+0.0s
[480/1120]	[L1: 0.0306]	3.5+0.0s
[520/1120]	[L1: 0.0308]	4.5+0.0s
[560/1120]	[L1: 0.0313]	6.1+0.0s
[600/1120]	[L1: 0.0313]	6.2+0.0s
[640/1120]	[L1: 0.0312]	5.2+0.0s
[680/1120]	[L1: 0.0312]	6.5+0.0s
[720/1120]	[L1: 0.0312]	5.9+0.0s
[760/1120]	[L1: 0.0310]	6.3+0.0s
[800/1120]	[L1: 0.0310]	5.9+0.0s
[840/1120]	[L1: 0.0308]	5.9+0.0s
[880/1120]	[L1: 0.0308]	6.3+0.1s
[920/1120]	[L1: 0.0307]	5.7+0.0s
[960/1120]	[L1: 0.0306]	6.5+0.0s
[1000/1120]	[L1: 0.0306]	6.2+0.0s
[1040/1120]	[L1: 0.0304]	6.8+0.0s
[1080/1120]	[L1: 0.0305]	6.4+0.1s
[1120/1120]	[L1: 0.0305]	6.1+0.0s

Evaluation:
[RSSCN7 x4]	psnr: 27.725 (Best: 27.764 @epoch 374)
Total time: 12.55s

[Epoch 386]	Learning rate: 1.00e-4
[40/1120]	[L1: 0.0293]	7.0+0.0s
[80/1120]	[L1: 0.0287]	6.1+0.0s
[120/1120]	[L1: 0.0285]	5.9+0.0s
[160/1120]	[L1: 0.0301]	7.1+0.0s
[200/1120]	[L1: 0.0296]	6.3+0.0s
[240/1120]	[L1: 0.0307]	5.3+0.0s
[280/1120]	[L1: 0.0303]	3.8+0.0s
[320/1120]	[L1: 0.0302]	3.1+0.0s
[360/1120]	[L1: 0.0303]	4.1+0.0s
[400/1120]	[L1: 0.0303]	4.2+0.0s
[440/1120]	[L1: 0.0305]	4.0+0.0s
[480/1120]	[L1: 0.0304]	3.2+0.0s
[520/1120]	[L1: 0.0307]	3.1+0.0s
[560/1120]	[L1: 0.0308]	3.1+0.0s
[600/1120]	[L1: 0.0308]	2.9+0.0s
[640/1120]	[L1: 0.0311]	3.1+0.0s
[680/1120]	[L1: 0.0309]	3.4+0.0s
[720/1120]	[L1: 0.0309]	2.9+0.0s
[760/1120]	[L1: 0.0309]	3.0+0.0s
[800/1120]	[L1: 0.0309]	2.8+0.0s
[840/1120]	[L1: 0.0306]	3.1+0.0s
[880/1120]	[L1: 0.0308]	3.2+0.0s
[920/1120]	[L1: 0.0306]	2.9+0.0s
[960/1120]	[L1: 0.0307]	3.2+0.0s
[1000/1120]	[L1: 0.0307]	4.5+0.0s
[1040/1120]	[L1: 0.0308]	3.9+0.0s
[1080/1120]	[L1: 0.0307]	3.5+0.0s
[1120/1120]	[L1: 0.0305]	3.0+0.0s

Evaluation:
[RSSCN7 x4]	psnr: 27.759 (Best: 27.764 @epoch 374)
Total time: 7.60s

[Epoch 387]	Learning rate: 1.00e-4
[40/1120]	[L1: 0.0292]	3.1+0.0s
[80/1120]	[L1: 0.0311]	2.9+0.0s
[120/1120]	[L1: 0.0306]	3.0+0.0s
[160/1120]	[L1: 0.0299]	5.1+0.0s
[200/1120]	[L1: 0.0302]	6.4+0.0s
[240/1120]	[L1: 0.0299]	6.2+0.0s
[280/1120]	[L1: 0.0301]	6.5+0.1s
[320/1120]	[L1: 0.0307]	6.1+0.1s
[360/1120]	[L1: 0.0306]	5.9+0.0s
[400/1120]	[L1: 0.0311]	6.2+0.0s
[440/1120]	[L1: 0.0313]	6.0+0.0s
[480/1120]	[L1: 0.0311]	6.0+0.0s
[520/1120]	[L1: 0.0312]	5.9+0.0s
[560/1120]	[L1: 0.0311]	5.5+0.0s
[600/1120]	[L1: 0.0309]	5.8+0.0s
[640/1120]	[L1: 0.0310]	5.7+0.0s
[680/1120]	[L1: 0.0310]	5.7+0.0s
[720/1120]	[L1: 0.0309]	5.6+0.1s
[760/1120]	[L1: 0.0309]	4.5+0.0s
[800/1120]	[L1: 0.0307]	4.6+0.0s
[840/1120]	[L1: 0.0307]	4.6+0.0s
[880/1120]	[L1: 0.0307]	4.4+0.1s
[920/1120]	[L1: 0.0308]	5.5+0.0s
[960/1120]	[L1: 0.0308]	6.0+0.0s
[1000/1120]	[L1: 0.0307]	4.7+0.1s
[1040/1120]	[L1: 0.0306]	4.6+0.0s
[1080/1120]	[L1: 0.0306]	4.8+0.0s
[1120/1120]	[L1: 0.0306]	5.8+0.0s

Evaluation:
[RSSCN7 x4]	psnr: 27.754 (Best: 27.764 @epoch 374)
Total time: 9.49s

[Epoch 388]	Learning rate: 1.00e-4
[40/1120]	[L1: 0.0285]	3.1+0.0s
[80/1120]	[L1: 0.0302]	3.0+0.0s
[120/1120]	[L1: 0.0300]	3.2+0.0s
[160/1120]	[L1: 0.0288]	3.0+0.0s
[200/1120]	[L1: 0.0291]	3.0+0.0s
[240/1120]	[L1: 0.0294]	3.6+0.0s
[280/1120]	[L1: 0.0302]	4.2+0.0s
[320/1120]	[L1: 0.0305]	4.2+0.0s
[360/1120]	[L1: 0.0306]	2.9+0.0s
[400/1120]	[L1: 0.0307]	3.0+0.0s
[440/1120]	[L1: 0.0304]	3.2+0.0s
[480/1120]	[L1: 0.0303]	4.0+0.0s
[520/1120]	[L1: 0.0303]	4.3+0.0s
[560/1120]	[L1: 0.0303]	3.1+0.0s
[600/1120]	[L1: 0.0302]	2.5+0.0s
[640/1120]	[L1: 0.0303]	2.9+0.0s
[680/1120]	[L1: 0.0304]	2.9+0.0s
[720/1120]	[L1: 0.0304]	3.0+0.0s
[760/1120]	[L1: 0.0304]	2.9+0.0s
[800/1120]	[L1: 0.0303]	3.0+0.0s
[840/1120]	[L1: 0.0303]	3.1+0.0s
[880/1120]	[L1: 0.0302]	2.9+0.0s
[920/1120]	[L1: 0.0302]	3.5+0.0s
[960/1120]	[L1: 0.0304]	4.0+0.0s
[1000/1120]	[L1: 0.0304]	4.1+0.0s
[1040/1120]	[L1: 0.0305]	4.5+0.0s
[1080/1120]	[L1: 0.0305]	5.0+0.0s
[1120/1120]	[L1: 0.0306]	6.5+0.1s

Evaluation:
[RSSCN7 x4]	psnr: 27.756 (Best: 27.764 @epoch 374)
Total time: 12.15s

[Epoch 389]	Learning rate: 1.00e-4
[40/1120]	[L1: 0.0295]	4.5+0.1s
[80/1120]	[L1: 0.0290]	5.2+0.0s
[120/1120]	[L1: 0.0295]	5.5+0.0s
[160/1120]	[L1: 0.0296]	4.5+0.0s
[200/1120]	[L1: 0.0301]	4.6+0.0s
[240/1120]	[L1: 0.0302]	4.7+0.0s
[280/1120]	[L1: 0.0304]	4.6+0.0s
[320/1120]	[L1: 0.0306]	5.7+0.0s
[360/1120]	[L1: 0.0307]	5.3+0.0s
[400/1120]	[L1: 0.0309]	5.9+0.1s
[440/1120]	[L1: 0.0308]	5.7+0.1s
[480/1120]	[L1: 0.0307]	5.3+0.0s
[520/1120]	[L1: 0.0304]	5.3+0.0s
[560/1120]	[L1: 0.0302]	4.3+0.0s
[600/1120]	[L1: 0.0299]	4.8+0.0s
[640/1120]	[L1: 0.0298]	4.0+0.0s
[680/1120]	[L1: 0.0299]	5.0+0.1s
[720/1120]	[L1: 0.0299]	4.4+0.0s
[760/1120]	[L1: 0.0299]	4.5+0.0s
[800/1120]	[L1: 0.0303]	3.3+0.0s
[840/1120]	[L1: 0.0304]	3.6+0.0s
[880/1120]	[L1: 0.0304]	2.9+0.0s
[920/1120]	[L1: 0.0305]	3.6+0.0s
[960/1120]	[L1: 0.0305]	3.9+0.0s
[1000/1120]	[L1: 0.0306]	4.0+0.0s
[1040/1120]	[L1: 0.0305]	3.5+0.0s
[1080/1120]	[L1: 0.0304]	2.9+0.0s
[1120/1120]	[L1: 0.0304]	3.5+0.0s

Evaluation:
[RSSCN7 x4]	psnr: 27.759 (Best: 27.764 @epoch 374)
Total time: 8.17s

[Epoch 390]	Learning rate: 1.00e-4
[40/1120]	[L1: 0.0298]	2.6+0.0s
[80/1120]	[L1: 0.0303]	2.5+0.0s
[120/1120]	[L1: 0.0325]	3.5+0.0s
[160/1120]	[L1: 0.0319]	4.1+0.0s
[200/1120]	[L1: 0.0326]	4.0+0.0s
[240/1120]	[L1: 0.0326]	4.4+0.0s
[280/1120]	[L1: 0.0320]	3.7+0.0s
[320/1120]	[L1: 0.0317]	2.9+0.0s
[360/1120]	[L1: 0.0317]	3.4+0.0s
[400/1120]	[L1: 0.0315]	3.0+0.0s
[440/1120]	[L1: 0.0314]	3.4+0.0s
[480/1120]	[L1: 0.0309]	4.3+0.0s
[520/1120]	[L1: 0.0308]	3.0+0.0s
[560/1120]	[L1: 0.0310]	2.8+0.0s
[600/1120]	[L1: 0.0311]	3.5+0.0s
[640/1120]	[L1: 0.0312]	4.3+0.0s
[680/1120]	[L1: 0.0309]	5.3+0.1s
[720/1120]	[L1: 0.0308]	6.0+0.0s
[760/1120]	[L1: 0.0306]	5.8+0.0s
[800/1120]	[L1: 0.0306]	6.3+0.1s
[840/1120]	[L1: 0.0306]	6.0+0.0s
[880/1120]	[L1: 0.0308]	5.1+0.0s
[920/1120]	[L1: 0.0309]	4.5+0.0s
[960/1120]	[L1: 0.0309]	4.8+0.0s
[1000/1120]	[L1: 0.0307]	4.1+0.0s
[1040/1120]	[L1: 0.0307]	4.5+0.1s
[1080/1120]	[L1: 0.0306]	4.6+0.0s
[1120/1120]	[L1: 0.0305]	4.5+0.0s

Evaluation:
[RSSCN7 x4]	psnr: 27.735 (Best: 27.764 @epoch 374)
Total time: 12.61s

[Epoch 391]	Learning rate: 1.00e-4
[40/1120]	[L1: 0.0343]	6.1+0.0s
[80/1120]	[L1: 0.0297]	6.3+0.0s
[120/1120]	[L1: 0.0282]	4.8+0.0s
[160/1120]	[L1: 0.0298]	4.4+0.0s
[200/1120]	[L1: 0.0306]	5.0+0.0s
[240/1120]	[L1: 0.0305]	4.1+0.0s
[280/1120]	[L1: 0.0304]	4.0+0.0s
[320/1120]	[L1: 0.0310]	4.8+0.1s
[360/1120]	[L1: 0.0309]	5.1+0.0s
[400/1120]	[L1: 0.0308]	4.4+0.1s
[440/1120]	[L1: 0.0310]	4.4+0.0s
[480/1120]	[L1: 0.0310]	4.4+0.0s
[520/1120]	[L1: 0.0308]	3.6+0.0s
[560/1120]	[L1: 0.0307]	4.1+0.0s
[600/1120]	[L1: 0.0304]	3.8+0.0s
[640/1120]	[L1: 0.0304]	2.7+0.0s
[680/1120]	[L1: 0.0303]	3.2+0.0s
[720/1120]	[L1: 0.0303]	3.0+0.0s
[760/1120]	[L1: 0.0304]	3.6+0.0s
[800/1120]	[L1: 0.0302]	4.5+0.0s
[840/1120]	[L1: 0.0305]	3.7+0.0s
[880/1120]	[L1: 0.0305]	2.5+0.0s
[920/1120]	[L1: 0.0302]	3.1+0.0s
[960/1120]	[L1: 0.0303]	4.2+0.0s
[1000/1120]	[L1: 0.0303]	4.1+0.0s
[1040/1120]	[L1: 0.0303]	3.9+0.0s
[1080/1120]	[L1: 0.0302]	3.2+0.0s
[1120/1120]	[L1: 0.0305]	2.5+0.0s

Evaluation:
[RSSCN7 x4]	psnr: 27.700 (Best: 27.764 @epoch 374)
Total time: 7.65s

[Epoch 392]	Learning rate: 1.00e-4
[40/1120]	[L1: 0.0286]	2.9+0.0s
[80/1120]	[L1: 0.0269]	3.1+0.0s
[120/1120]	[L1: 0.0288]	2.9+0.0s
[160/1120]	[L1: 0.0296]	3.2+0.0s
[200/1120]	[L1: 0.0312]	3.6+0.0s
[240/1120]	[L1: 0.0305]	4.0+0.0s
[280/1120]	[L1: 0.0308]	3.9+0.0s
[320/1120]	[L1: 0.0312]	3.4+0.0s
[360/1120]	[L1: 0.0309]	6.3+0.0s
[400/1120]	[L1: 0.0310]	5.8+0.0s
[440/1120]	[L1: 0.0314]	5.9+0.0s
[480/1120]	[L1: 0.0310]	5.7+0.0s
[520/1120]	[L1: 0.0306]	4.7+0.0s
[560/1120]	[L1: 0.0304]	5.0+0.1s
[600/1120]	[L1: 0.0305]	4.6+0.0s
[640/1120]	[L1: 0.0306]	4.5+0.0s
[680/1120]	[L1: 0.0309]	4.7+0.0s
[720/1120]	[L1: 0.0308]	4.6+0.0s
[760/1120]	[L1: 0.0306]	4.7+0.0s
[800/1120]	[L1: 0.0305]	4.5+0.1s
[840/1120]	[L1: 0.0306]	5.1+0.0s
[880/1120]	[L1: 0.0308]	7.3+0.1s
[920/1120]	[L1: 0.0308]	6.3+0.0s
[960/1120]	[L1: 0.0308]	4.6+0.0s
[1000/1120]	[L1: 0.0306]	4.4+0.0s
[1040/1120]	[L1: 0.0307]	4.8+0.0s
[1080/1120]	[L1: 0.0306]	4.8+0.0s
[1120/1120]	[L1: 0.0305]	5.0+0.0s

Evaluation:
[RSSCN7 x4]	psnr: 27.749 (Best: 27.764 @epoch 374)
Total time: 10.69s

[Epoch 393]	Learning rate: 1.00e-4
[40/1120]	[L1: 0.0302]	4.6+0.0s
[80/1120]	[L1: 0.0290]	4.6+0.0s
[120/1120]	[L1: 0.0293]	4.6+0.0s
[160/1120]	[L1: 0.0304]	4.1+0.0s
[200/1120]	[L1: 0.0307]	3.7+0.0s
[240/1120]	[L1: 0.0311]	2.9+0.0s
[280/1120]	[L1: 0.0312]	3.0+0.0s
[320/1120]	[L1: 0.0314]	3.0+0.0s
[360/1120]	[L1: 0.0314]	3.1+0.0s
[400/1120]	[L1: 0.0311]	3.0+0.0s
[440/1120]	[L1: 0.0311]	3.0+0.0s
[480/1120]	[L1: 0.0311]	3.1+0.0s
[520/1120]	[L1: 0.0312]	3.0+0.0s
[560/1120]	[L1: 0.0312]	3.0+0.0s
[600/1120]	[L1: 0.0308]	4.0+0.0s
[640/1120]	[L1: 0.0308]	4.4+0.0s
[680/1120]	[L1: 0.0309]	3.1+0.0s
[720/1120]	[L1: 0.0308]	2.8+0.0s
[760/1120]	[L1: 0.0307]	3.0+0.0s
[800/1120]	[L1: 0.0305]	3.5+0.0s
[840/1120]	[L1: 0.0304]	4.4+0.0s
[880/1120]	[L1: 0.0304]	4.5+0.0s
[920/1120]	[L1: 0.0305]	3.2+0.0s
[960/1120]	[L1: 0.0303]	2.9+0.0s
[1000/1120]	[L1: 0.0303]	3.5+0.0s
[1040/1120]	[L1: 0.0304]	4.3+0.0s
[1080/1120]	[L1: 0.0304]	4.0+0.0s
[1120/1120]	[L1: 0.0304]	3.0+0.0s

Evaluation:
[RSSCN7 x4]	psnr: 27.747 (Best: 27.764 @epoch 374)
Total time: 12.87s

[Epoch 394]	Learning rate: 1.00e-4
[40/1120]	[L1: 0.0316]	6.6+0.0s
[80/1120]	[L1: 0.0297]	6.4+0.0s
[120/1120]	[L1: 0.0296]	6.4+0.1s
[160/1120]	[L1: 0.0292]	7.0+0.0s
[200/1120]	[L1: 0.0285]	6.5+0.0s
[240/1120]	[L1: 0.0288]	5.2+0.0s
[280/1120]	[L1: 0.0288]	5.1+0.0s
[320/1120]	[L1: 0.0290]	6.6+0.0s
[360/1120]	[L1: 0.0294]	5.7+0.0s
[400/1120]	[L1: 0.0295]	4.8+0.0s
[440/1120]	[L1: 0.0300]	4.9+0.0s
[480/1120]	[L1: 0.0300]	4.6+0.0s
[520/1120]	[L1: 0.0298]	4.0+0.0s
[560/1120]	[L1: 0.0301]	4.8+0.0s
[600/1120]	[L1: 0.0299]	4.9+0.0s
[640/1120]	[L1: 0.0301]	5.3+0.0s
[680/1120]	[L1: 0.0302]	5.3+0.0s
[720/1120]	[L1: 0.0303]	4.7+0.0s
[760/1120]	[L1: 0.0302]	4.9+0.0s
[800/1120]	[L1: 0.0303]	5.7+0.0s
[840/1120]	[L1: 0.0304]	6.5+0.1s
[880/1120]	[L1: 0.0305]	6.2+0.0s
[920/1120]	[L1: 0.0306]	5.9+0.1s
[960/1120]	[L1: 0.0307]	3.4+0.0s
[1000/1120]	[L1: 0.0307]	3.0+0.0s
[1040/1120]	[L1: 0.0308]	3.1+0.0s
[1080/1120]	[L1: 0.0306]	3.0+0.0s
[1120/1120]	[L1: 0.0304]	3.1+0.0s

Evaluation:
[RSSCN7 x4]	psnr: 27.751 (Best: 27.764 @epoch 374)
Total time: 8.14s

[Epoch 395]	Learning rate: 1.00e-4
[40/1120]	[L1: 0.0305]	3.0+0.0s
[80/1120]	[L1: 0.0306]	3.0+0.0s
[120/1120]	[L1: 0.0295]	3.0+0.0s
[160/1120]	[L1: 0.0308]	3.6+0.0s
[200/1120]	[L1: 0.0306]	4.0+0.0s
[240/1120]	[L1: 0.0305]	3.1+0.0s
[280/1120]	[L1: 0.0303]	2.6+0.0s
[320/1120]	[L1: 0.0303]	2.8+0.0s
[360/1120]	[L1: 0.0303]	2.8+0.0s
[400/1120]	[L1: 0.0302]	3.8+0.0s
[440/1120]	[L1: 0.0300]	4.1+0.0s
[480/1120]	[L1: 0.0301]	2.5+0.0s
[520/1120]	[L1: 0.0301]	2.5+0.0s
[560/1120]	[L1: 0.0301]	2.8+0.0s
[600/1120]	[L1: 0.0299]	3.0+0.0s
[640/1120]	[L1: 0.0299]	3.0+0.0s
[680/1120]	[L1: 0.0301]	2.7+0.0s
[720/1120]	[L1: 0.0302]	2.4+0.0s
[760/1120]	[L1: 0.0302]	2.6+0.0s
[800/1120]	[L1: 0.0302]	2.5+0.0s
[840/1120]	[L1: 0.0302]	3.6+0.0s
[880/1120]	[L1: 0.0302]	6.2+0.0s
[920/1120]	[L1: 0.0302]	6.0+0.0s
[960/1120]	[L1: 0.0303]	6.1+0.0s
[1000/1120]	[L1: 0.0304]	5.7+0.0s
[1040/1120]	[L1: 0.0304]	4.5+0.0s
[1080/1120]	[L1: 0.0305]	4.3+0.0s
[1120/1120]	[L1: 0.0305]	4.4+0.0s

Evaluation:
[RSSCN7 x4]	psnr: 27.759 (Best: 27.764 @epoch 374)
Total time: 12.95s

[Epoch 396]	Learning rate: 1.00e-4
[40/1120]	[L1: 0.0302]	4.2+0.0s
[80/1120]	[L1: 0.0318]	5.1+0.0s
[120/1120]	[L1: 0.0315]	6.9+0.0s
[160/1120]	[L1: 0.0310]	6.6+0.0s
[200/1120]	[L1: 0.0311]	6.2+0.0s
[240/1120]	[L1: 0.0310]	5.8+0.0s
[280/1120]	[L1: 0.0310]	5.7+0.1s
[320/1120]	[L1: 0.0305]	5.9+0.0s
[360/1120]	[L1: 0.0305]	6.5+0.0s
[400/1120]	[L1: 0.0304]	6.1+0.0s
[440/1120]	[L1: 0.0303]	4.8+0.0s
[480/1120]	[L1: 0.0303]	4.8+0.0s
[520/1120]	[L1: 0.0305]	4.9+0.1s
[560/1120]	[L1: 0.0306]	5.2+0.0s
[600/1120]	[L1: 0.0304]	5.8+0.0s
[640/1120]	[L1: 0.0302]	4.0+0.0s
[680/1120]	[L1: 0.0305]	3.7+0.0s
[720/1120]	[L1: 0.0305]	3.1+0.0s
[760/1120]	[L1: 0.0306]	2.9+0.0s
[800/1120]	[L1: 0.0305]	3.0+0.0s
[840/1120]	[L1: 0.0306]	2.8+0.0s
[880/1120]	[L1: 0.0307]	2.6+0.0s
[920/1120]	[L1: 0.0305]	2.6+0.0s
[960/1120]	[L1: 0.0306]	3.4+0.0s
[1000/1120]	[L1: 0.0308]	3.3+0.0s
[1040/1120]	[L1: 0.0308]	3.0+0.0s
[1080/1120]	[L1: 0.0306]	2.7+0.0s
[1120/1120]	[L1: 0.0304]	3.0+0.0s

Evaluation:
[RSSCN7 x4]	psnr: 27.755 (Best: 27.764 @epoch 374)
Total time: 7.55s

[Epoch 397]	Learning rate: 1.00e-4
[40/1120]	[L1: 0.0303]	2.5+0.0s
[80/1120]	[L1: 0.0326]	2.9+0.0s
[120/1120]	[L1: 0.0313]	3.5+0.0s
[160/1120]	[L1: 0.0312]	4.3+0.0s
[200/1120]	[L1: 0.0315]	4.1+0.0s
[240/1120]	[L1: 0.0316]	4.3+0.0s
[280/1120]	[L1: 0.0313]	2.9+0.0s
[320/1120]	[L1: 0.0313]	3.3+0.0s
[360/1120]	[L1: 0.0316]	4.1+0.0s
[400/1120]	[L1: 0.0312]	4.1+0.0s
[440/1120]	[L1: 0.0308]	3.8+0.0s
[480/1120]	[L1: 0.0310]	2.6+0.0s
[520/1120]	[L1: 0.0309]	4.0+0.0s
[560/1120]	[L1: 0.0307]	6.1+0.0s
[600/1120]	[L1: 0.0306]	6.5+0.1s
[640/1120]	[L1: 0.0306]	5.8+0.0s
[680/1120]	[L1: 0.0305]	4.5+0.0s
[720/1120]	[L1: 0.0303]	4.8+0.0s
[760/1120]	[L1: 0.0301]	4.8+0.0s
[800/1120]	[L1: 0.0302]	5.3+0.0s
[840/1120]	[L1: 0.0303]	5.0+0.0s
[880/1120]	[L1: 0.0303]	4.2+0.0s
[920/1120]	[L1: 0.0306]	5.1+0.0s
[960/1120]	[L1: 0.0306]	4.5+0.0s
[1000/1120]	[L1: 0.0307]	5.0+0.1s
[1040/1120]	[L1: 0.0305]	4.7+0.0s
[1080/1120]	[L1: 0.0305]	4.1+0.0s
[1120/1120]	[L1: 0.0305]	3.8+0.0s

Evaluation:
[RSSCN7 x4]	psnr: 27.754 (Best: 27.764 @epoch 374)
Total time: 11.19s

[Epoch 398]	Learning rate: 1.00e-4
[40/1120]	[L1: 0.0352]	4.7+0.1s
[80/1120]	[L1: 0.0326]	5.1+0.0s
[120/1120]	[L1: 0.0327]	4.7+0.0s
[160/1120]	[L1: 0.0318]	4.8+0.0s
[200/1120]	[L1: 0.0312]	4.3+0.0s
[240/1120]	[L1: 0.0307]	4.6+0.0s
[280/1120]	[L1: 0.0306]	4.5+0.0s
[320/1120]	[L1: 0.0312]	3.8+0.0s
[360/1120]	[L1: 0.0316]	4.3+0.0s
[400/1120]	[L1: 0.0316]	3.2+0.0s
[440/1120]	[L1: 0.0320]	3.0+0.0s
[480/1120]	[L1: 0.0315]	3.4+0.0s
[520/1120]	[L1: 0.0314]	3.0+0.0s
[560/1120]	[L1: 0.0316]	3.1+0.0s
[600/1120]	[L1: 0.0318]	3.5+0.0s
[640/1120]	[L1: 0.0315]	3.1+0.0s
[680/1120]	[L1: 0.0314]	2.7+0.0s
[720/1120]	[L1: 0.0312]	3.1+0.0s
[760/1120]	[L1: 0.0311]	3.0+0.0s
[800/1120]	[L1: 0.0309]	3.3+0.0s
[840/1120]	[L1: 0.0308]	4.3+0.0s
[880/1120]	[L1: 0.0308]	3.4+0.0s
[920/1120]	[L1: 0.0307]	2.6+0.0s
[960/1120]	[L1: 0.0308]	2.9+0.0s
[1000/1120]	[L1: 0.0307]	2.9+0.0s
[1040/1120]	[L1: 0.0306]	2.9+0.0s
[1080/1120]	[L1: 0.0305]	3.8+0.0s
[1120/1120]	[L1: 0.0306]	3.7+0.0s

Evaluation:
[RSSCN7 x4]	psnr: 27.725 (Best: 27.764 @epoch 374)
Total time: 7.55s

[Epoch 399]	Learning rate: 1.00e-4
[40/1120]	[L1: 0.0323]	3.8+0.1s
[80/1120]	[L1: 0.0320]	4.0+0.0s
[120/1120]	[L1: 0.0321]	5.0+0.0s
[160/1120]	[L1: 0.0318]	6.3+0.0s
[200/1120]	[L1: 0.0319]	6.0+0.0s
[240/1120]	[L1: 0.0316]	6.1+0.0s
[280/1120]	[L1: 0.0307]	6.2+0.0s
[320/1120]	[L1: 0.0309]	5.0+0.0s
[360/1120]	[L1: 0.0309]	4.7+0.0s
[400/1120]	[L1: 0.0311]	4.6+0.0s
[440/1120]	[L1: 0.0312]	3.9+0.0s
[480/1120]	[L1: 0.0309]	5.9+0.0s
[520/1120]	[L1: 0.0308]	6.0+0.0s
[560/1120]	[L1: 0.0304]	6.4+0.0s
[600/1120]	[L1: 0.0306]	5.9+0.1s
[640/1120]	[L1: 0.0304]	6.9+0.0s
[680/1120]	[L1: 0.0305]	6.1+0.1s
[720/1120]	[L1: 0.0304]	5.0+0.0s
[760/1120]	[L1: 0.0305]	4.8+0.0s
[800/1120]	[L1: 0.0304]	4.5+0.0s
[840/1120]	[L1: 0.0304]	4.2+0.0s
[880/1120]	[L1: 0.0304]	4.5+0.0s
[920/1120]	[L1: 0.0305]	5.1+0.0s
[960/1120]	[L1: 0.0304]	4.9+0.0s
[1000/1120]	[L1: 0.0305]	4.6+0.0s
[1040/1120]	[L1: 0.0304]	5.8+0.0s
[1080/1120]	[L1: 0.0305]	6.0+0.0s
[1120/1120]	[L1: 0.0305]	4.4+0.0s

Evaluation:
[RSSCN7 x4]	psnr: 27.740 (Best: 27.764 @epoch 374)
Total time: 8.36s

[Epoch 400]	Learning rate: 1.00e-4
[40/1120]	[L1: 0.0265]	2.5+0.0s
[80/1120]	[L1: 0.0305]	3.0+0.0s
[120/1120]	[L1: 0.0309]	4.0+0.0s
[160/1120]	[L1: 0.0308]	3.4+0.0s
[200/1120]	[L1: 0.0302]	2.6+0.0s
[240/1120]	[L1: 0.0295]	2.6+0.0s
[280/1120]	[L1: 0.0297]	2.6+0.0s
[320/1120]	[L1: 0.0294]	2.6+0.0s
[360/1120]	[L1: 0.0294]	3.5+0.0s
[400/1120]	[L1: 0.0297]	3.2+0.0s
[440/1120]	[L1: 0.0298]	3.9+0.0s
[480/1120]	[L1: 0.0299]	4.3+0.0s
[520/1120]	[L1: 0.0299]	3.5+0.0s
[560/1120]	[L1: 0.0301]	2.9+0.0s
[600/1120]	[L1: 0.0303]	3.0+0.0s
[640/1120]	[L1: 0.0305]	4.1+0.0s
[680/1120]	[L1: 0.0305]	3.6+0.0s
[720/1120]	[L1: 0.0305]	3.0+0.0s
[760/1120]	[L1: 0.0306]	3.2+0.0s
[800/1120]	[L1: 0.0305]	3.9+0.0s
[840/1120]	[L1: 0.0305]	4.0+0.0s
[880/1120]	[L1: 0.0305]	3.6+0.0s
[920/1120]	[L1: 0.0305]	3.2+0.0s
[960/1120]	[L1: 0.0303]	2.9+0.0s
[1000/1120]	[L1: 0.0302]	4.4+0.0s
[1040/1120]	[L1: 0.0303]	4.3+0.0s
[1080/1120]	[L1: 0.0305]	6.4+0.0s
[1120/1120]	[L1: 0.0305]	5.4+0.0s
Saved epoch checkpoint at epoch 400

Evaluation:
[RSSCN7 x4]	psnr: 27.742 (Best: 27.764 @epoch 374)
Total time: 12.91s

[Epoch 401]	Learning rate: 5.00e-5
[40/1120]	[L1: 0.0311]	4.7+0.1s
[80/1120]	[L1: 0.0287]	5.6+0.0s
[120/1120]	[L1: 0.0294]	6.8+0.1s
[160/1120]	[L1: 0.0298]	4.9+0.0s
[200/1120]	[L1: 0.0292]	4.5+0.1s
[240/1120]	[L1: 0.0297]	4.8+0.0s
[280/1120]	[L1: 0.0293]	4.7+0.0s
[320/1120]	[L1: 0.0296]	4.6+0.0s
[360/1120]	[L1: 0.0301]	5.8+0.1s
[400/1120]	[L1: 0.0299]	7.5+0.0s
[440/1120]	[L1: 0.0300]	6.6+0.0s
[480/1120]	[L1: 0.0303]	5.2+0.0s
[520/1120]	[L1: 0.0301]	4.9+0.1s
[560/1120]	[L1: 0.0299]	4.7+0.0s
[600/1120]	[L1: 0.0299]	5.7+0.0s
[640/1120]	[L1: 0.0299]	6.2+0.0s
[680/1120]	[L1: 0.0299]	5.9+0.0s
[720/1120]	[L1: 0.0299]	5.9+0.1s
[760/1120]	[L1: 0.0299]	3.3+0.0s
[800/1120]	[L1: 0.0300]	3.0+0.0s
[840/1120]	[L1: 0.0300]	3.1+0.0s
[880/1120]	[L1: 0.0300]	3.5+0.0s
[920/1120]	[L1: 0.0302]	4.0+0.0s
[960/1120]	[L1: 0.0303]	4.1+0.0s
[1000/1120]	[L1: 0.0303]	3.7+0.0s
[1040/1120]	[L1: 0.0304]	2.9+0.0s
[1080/1120]	[L1: 0.0304]	3.0+0.0s
[1120/1120]	[L1: 0.0303]	3.1+0.0s

Evaluation:
[RSSCN7 x4]	psnr: 27.768 (Best: 27.768 @epoch 401)
Total time: 7.73s

[Epoch 402]	Learning rate: 5.00e-5
[40/1120]	[L1: 0.0293]	3.6+0.0s
[80/1120]	[L1: 0.0312]	4.0+0.0s
[120/1120]	[L1: 0.0324]	3.4+0.0s
[160/1120]	[L1: 0.0316]	3.0+0.0s
[200/1120]	[L1: 0.0311]	3.5+0.0s
[240/1120]	[L1: 0.0307]	4.0+0.0s
[280/1120]	[L1: 0.0309]	3.3+0.0s
[320/1120]	[L1: 0.0306]	3.0+0.0s
[360/1120]	[L1: 0.0309]	3.0+0.0s
[400/1120]	[L1: 0.0308]	3.1+0.0s
[440/1120]	[L1: 0.0308]	3.1+0.0s
[480/1120]	[L1: 0.0308]	3.9+0.0s
[520/1120]	[L1: 0.0306]	2.8+0.0s
[560/1120]	[L1: 0.0307]	2.7+0.0s
[600/1120]	[L1: 0.0304]	5.1+0.0s
[640/1120]	[L1: 0.0303]	5.7+0.1s
[680/1120]	[L1: 0.0303]	7.1+0.0s
[720/1120]	[L1: 0.0305]	6.2+0.0s
[760/1120]	[L1: 0.0307]	5.1+0.0s
[800/1120]	[L1: 0.0303]	4.4+0.1s
[840/1120]	[L1: 0.0304]	4.9+0.0s
[880/1120]	[L1: 0.0305]	6.2+0.0s
[920/1120]	[L1: 0.0306]	6.4+0.0s
[960/1120]	[L1: 0.0304]	6.3+0.0s
[1000/1120]	[L1: 0.0305]	4.9+0.0s
[1040/1120]	[L1: 0.0305]	4.9+0.0s
[1080/1120]	[L1: 0.0304]	4.7+0.0s
[1120/1120]	[L1: 0.0304]	4.3+0.0s

Evaluation:
[RSSCN7 x4]	psnr: 27.756 (Best: 27.768 @epoch 401)
Total time: 11.20s

[Epoch 403]	Learning rate: 5.00e-5
[40/1120]	[L1: 0.0304]	5.9+0.0s
[80/1120]	[L1: 0.0281]	6.8+0.0s
[120/1120]	[L1: 0.0284]	6.8+0.0s
[160/1120]	[L1: 0.0287]	7.1+0.0s
[200/1120]	[L1: 0.0291]	7.5+0.0s
[240/1120]	[L1: 0.0289]	5.5+0.0s
[280/1120]	[L1: 0.0288]	4.8+0.0s
[320/1120]	[L1: 0.0290]	4.7+0.0s
[360/1120]	[L1: 0.0288]	3.6+0.0s
[400/1120]	[L1: 0.0288]	3.2+0.0s
[440/1120]	[L1: 0.0286]	3.0+0.0s
[480/1120]	[L1: 0.0291]	4.1+0.0s
[520/1120]	[L1: 0.0294]	4.1+0.0s
[560/1120]	[L1: 0.0297]	3.6+0.0s
[600/1120]	[L1: 0.0298]	2.6+0.0s
[640/1120]	[L1: 0.0300]	2.5+0.0s
[680/1120]	[L1: 0.0299]	3.2+0.0s
[720/1120]	[L1: 0.0300]	3.0+0.0s
[760/1120]	[L1: 0.0301]	3.6+0.0s
[800/1120]	[L1: 0.0303]	3.4+0.0s
[840/1120]	[L1: 0.0305]	3.2+0.0s
[880/1120]	[L1: 0.0304]	3.1+0.0s
[920/1120]	[L1: 0.0305]	4.0+0.0s
[960/1120]	[L1: 0.0305]	3.9+0.0s
[1000/1120]	[L1: 0.0306]	2.6+0.0s
[1040/1120]	[L1: 0.0305]	2.5+0.0s
[1080/1120]	[L1: 0.0304]	2.6+0.0s
[1120/1120]	[L1: 0.0304]	2.8+0.0s

Evaluation:
[RSSCN7 x4]	psnr: 27.765 (Best: 27.768 @epoch 401)
Total time: 8.16s

[Epoch 404]	Learning rate: 5.00e-5
[40/1120]	[L1: 0.0313]	2.5+0.0s
[80/1120]	[L1: 0.0315]	2.5+0.0s
[120/1120]	[L1: 0.0312]	2.8+0.0s
[160/1120]	[L1: 0.0317]	3.2+0.0s
[200/1120]	[L1: 0.0307]	4.2+0.0s
[240/1120]	[L1: 0.0311]	4.8+0.0s
[280/1120]	[L1: 0.0307]	4.7+0.1s
[320/1120]	[L1: 0.0308]	4.9+0.0s
[360/1120]	[L1: 0.0307]	5.5+0.0s
[400/1120]	[L1: 0.0306]	5.7+0.1s
[440/1120]	[L1: 0.0304]	4.8+0.0s
[480/1120]	[L1: 0.0306]	4.7+0.0s
[520/1120]	[L1: 0.0305]	4.7+0.0s
[560/1120]	[L1: 0.0305]	4.0+0.0s
[600/1120]	[L1: 0.0306]	4.9+0.0s
[640/1120]	[L1: 0.0311]	5.1+0.1s
[680/1120]	[L1: 0.0310]	4.3+0.0s
[720/1120]	[L1: 0.0307]	4.2+0.0s
[760/1120]	[L1: 0.0305]	5.1+0.0s
[800/1120]	[L1: 0.0303]	4.7+0.0s
[840/1120]	[L1: 0.0303]	4.8+0.0s
[880/1120]	[L1: 0.0302]	4.6+0.1s
[920/1120]	[L1: 0.0303]	5.0+0.1s
[960/1120]	[L1: 0.0304]	4.6+0.0s
[1000/1120]	[L1: 0.0303]	4.2+0.0s
[1040/1120]	[L1: 0.0304]	4.5+0.0s
[1080/1120]	[L1: 0.0303]	5.1+0.0s
[1120/1120]	[L1: 0.0303]	4.8+0.0s

Evaluation:
[RSSCN7 x4]	psnr: 27.758 (Best: 27.768 @epoch 401)
Total time: 10.62s

[Epoch 405]	Learning rate: 5.00e-5
[40/1120]	[L1: 0.0306]	3.7+0.1s
[80/1120]	[L1: 0.0296]	3.1+0.0s
[120/1120]	[L1: 0.0285]	3.0+0.0s
[160/1120]	[L1: 0.0280]	2.6+0.0s
[200/1120]	[L1: 0.0281]	2.7+0.0s
[240/1120]	[L1: 0.0284]	2.6+0.0s
[280/1120]	[L1: 0.0289]	3.0+0.0s
[320/1120]	[L1: 0.0285]	3.9+0.0s
[360/1120]	[L1: 0.0285]	3.9+0.0s
[400/1120]	[L1: 0.0287]	2.9+0.0s
[440/1120]	[L1: 0.0288]	3.4+0.0s
[480/1120]	[L1: 0.0289]	3.6+0.0s
[520/1120]	[L1: 0.0292]	3.9+0.0s
[560/1120]	[L1: 0.0292]	3.1+0.0s
[600/1120]	[L1: 0.0291]	3.3+0.0s
[640/1120]	[L1: 0.0290]	2.8+0.0s
[680/1120]	[L1: 0.0294]	2.8+0.0s
[720/1120]	[L1: 0.0294]	3.8+0.0s
[760/1120]	[L1: 0.0294]	3.8+0.0s
[800/1120]	[L1: 0.0297]	2.7+0.0s
[840/1120]	[L1: 0.0300]	2.5+0.0s
[880/1120]	[L1: 0.0300]	2.8+0.0s
[920/1120]	[L1: 0.0301]	3.1+0.0s
[960/1120]	[L1: 0.0302]	3.1+0.0s
[1000/1120]	[L1: 0.0301]	4.1+0.0s
[1040/1120]	[L1: 0.0301]	3.2+0.0s
[1080/1120]	[L1: 0.0302]	2.9+0.0s
[1120/1120]	[L1: 0.0304]	3.4+0.0s

Evaluation:
[RSSCN7 x4]	psnr: 27.748 (Best: 27.768 @epoch 401)
Total time: 11.29s

[Epoch 406]	Learning rate: 5.00e-5
[40/1120]	[L1: 0.0301]	5.0+0.0s
[80/1120]	[L1: 0.0327]	4.8+0.0s
[120/1120]	[L1: 0.0306]	4.3+0.0s
[160/1120]	[L1: 0.0299]	5.1+0.0s
[200/1120]	[L1: 0.0307]	7.3+0.0s
[240/1120]	[L1: 0.0308]	6.5+0.0s
[280/1120]	[L1: 0.0311]	6.4+0.0s
[320/1120]	[L1: 0.0309]	6.2+0.0s
[360/1120]	[L1: 0.0307]	6.7+0.0s
[400/1120]	[L1: 0.0306]	7.0+0.1s
[440/1120]	[L1: 0.0306]	4.9+0.0s
[480/1120]	[L1: 0.0303]	4.6+0.1s
[520/1120]	[L1: 0.0306]	4.9+0.1s
[560/1120]	[L1: 0.0306]	4.1+0.0s
[600/1120]	[L1: 0.0305]	6.0+0.0s
[640/1120]	[L1: 0.0304]	5.2+0.0s
[680/1120]	[L1: 0.0303]	5.0+0.1s
[720/1120]	[L1: 0.0304]	5.0+0.0s
[760/1120]	[L1: 0.0302]	6.2+0.0s
[800/1120]	[L1: 0.0303]	5.1+0.0s
[840/1120]	[L1: 0.0304]	5.4+0.0s
[880/1120]	[L1: 0.0304]	5.1+0.0s
[920/1120]	[L1: 0.0304]	4.2+0.0s
[960/1120]	[L1: 0.0303]	3.9+0.0s
[1000/1120]	[L1: 0.0303]	3.9+0.0s
[1040/1120]	[L1: 0.0303]	2.9+0.0s
[1080/1120]	[L1: 0.0304]	3.0+0.0s
[1120/1120]	[L1: 0.0303]	2.9+0.0s

Evaluation:
[RSSCN7 x4]	psnr: 27.764 (Best: 27.768 @epoch 401)
Total time: 7.94s

[Epoch 407]	Learning rate: 5.00e-5
[40/1120]	[L1: 0.0368]	2.9+0.0s
[80/1120]	[L1: 0.0335]	3.9+0.0s
[120/1120]	[L1: 0.0332]	4.8+0.0s
[160/1120]	[L1: 0.0329]	3.8+0.0s
[200/1120]	[L1: 0.0324]	3.1+0.0s
[240/1120]	[L1: 0.0318]	3.0+0.0s
[280/1120]	[L1: 0.0320]	3.9+0.0s
[320/1120]	[L1: 0.0320]	4.0+0.0s
[360/1120]	[L1: 0.0314]	3.9+0.0s
[400/1120]	[L1: 0.0310]	3.1+0.0s
[440/1120]	[L1: 0.0309]	2.9+0.0s
[480/1120]	[L1: 0.0308]	2.7+0.0s
[520/1120]	[L1: 0.0310]	3.2+0.0s
[560/1120]	[L1: 0.0306]	4.0+0.0s
[600/1120]	[L1: 0.0305]	4.0+0.0s
[640/1120]	[L1: 0.0303]	4.3+0.0s
[680/1120]	[L1: 0.0303]	3.5+0.0s
[720/1120]	[L1: 0.0303]	2.6+0.0s
[760/1120]	[L1: 0.0305]	4.3+0.1s
[800/1120]	[L1: 0.0304]	5.8+0.0s
[840/1120]	[L1: 0.0305]	4.8+0.0s
[880/1120]	[L1: 0.0305]	4.8+0.0s
[920/1120]	[L1: 0.0303]	5.9+0.0s
[960/1120]	[L1: 0.0304]	6.3+0.0s
[1000/1120]	[L1: 0.0303]	6.6+0.1s
[1040/1120]	[L1: 0.0303]	6.4+0.1s
[1080/1120]	[L1: 0.0303]	6.8+0.0s
[1120/1120]	[L1: 0.0303]	6.1+0.0s

Evaluation:
[RSSCN7 x4]	psnr: 27.764 (Best: 27.768 @epoch 401)
Total time: 11.22s

[Epoch 408]	Learning rate: 5.00e-5
[40/1120]	[L1: 0.0316]	6.1+0.0s
[80/1120]	[L1: 0.0329]	6.0+0.0s
[120/1120]	[L1: 0.0331]	6.5+0.0s
[160/1120]	[L1: 0.0317]	7.1+0.0s
[200/1120]	[L1: 0.0309]	6.3+0.0s
[240/1120]	[L1: 0.0305]	6.5+0.0s
[280/1120]	[L1: 0.0305]	6.3+0.0s
[320/1120]	[L1: 0.0303]	6.1+0.1s
[360/1120]	[L1: 0.0305]	4.5+0.0s
[400/1120]	[L1: 0.0304]	4.4+0.0s
[440/1120]	[L1: 0.0303]	4.6+0.0s
[480/1120]	[L1: 0.0303]	4.7+0.0s
[520/1120]	[L1: 0.0305]	3.3+0.0s
[560/1120]	[L1: 0.0306]	3.0+0.0s
[600/1120]	[L1: 0.0305]	3.2+0.0s
[640/1120]	[L1: 0.0306]	3.0+0.0s
[680/1120]	[L1: 0.0304]	3.6+0.0s
[720/1120]	[L1: 0.0305]	3.8+0.0s
[760/1120]	[L1: 0.0307]	2.7+0.0s
[800/1120]	[L1: 0.0308]	2.5+0.0s
[840/1120]	[L1: 0.0307]	2.5+0.0s
[880/1120]	[L1: 0.0306]	2.6+0.0s
[920/1120]	[L1: 0.0306]	3.7+0.0s
[960/1120]	[L1: 0.0304]	3.8+0.0s
[1000/1120]	[L1: 0.0303]	3.7+0.0s
[1040/1120]	[L1: 0.0304]	2.8+0.0s
[1080/1120]	[L1: 0.0304]	3.0+0.0s
[1120/1120]	[L1: 0.0303]	3.3+0.0s

Evaluation:
[RSSCN7 x4]	psnr: 27.761 (Best: 27.768 @epoch 401)
Total time: 8.51s

[Epoch 409]	Learning rate: 5.00e-5
[40/1120]	[L1: 0.0307]	2.8+0.0s
[80/1120]	[L1: 0.0296]	3.0+0.0s
[120/1120]	[L1: 0.0295]	3.4+0.0s
[160/1120]	[L1: 0.0295]	4.2+0.0s
[200/1120]	[L1: 0.0297]	3.3+0.0s
[240/1120]	[L1: 0.0302]	2.3+0.0s
[280/1120]	[L1: 0.0309]	2.7+0.0s
[320/1120]	[L1: 0.0304]	2.5+0.0s
[360/1120]	[L1: 0.0303]	2.4+0.0s
[400/1120]	[L1: 0.0302]	3.0+0.0s
[440/1120]	[L1: 0.0302]	4.0+0.0s
[480/1120]	[L1: 0.0300]	5.2+0.0s
[520/1120]	[L1: 0.0301]	4.9+0.0s
[560/1120]	[L1: 0.0304]	6.6+0.0s
[600/1120]	[L1: 0.0303]	6.6+0.0s
[640/1120]	[L1: 0.0302]	5.1+0.0s
[680/1120]	[L1: 0.0304]	4.2+0.0s
[720/1120]	[L1: 0.0307]	5.1+0.2s
[760/1120]	[L1: 0.0306]	5.8+0.0s
[800/1120]	[L1: 0.0307]	5.2+0.0s
[840/1120]	[L1: 0.0305]	4.9+0.0s
[880/1120]	[L1: 0.0305]	3.9+0.0s
[920/1120]	[L1: 0.0303]	4.5+0.0s
[960/1120]	[L1: 0.0303]	6.1+0.0s
[1000/1120]	[L1: 0.0303]	6.2+0.0s
[1040/1120]	[L1: 0.0303]	5.3+0.1s
[1080/1120]	[L1: 0.0304]	7.6+0.0s
[1120/1120]	[L1: 0.0303]	5.0+0.0s

Evaluation:
[RSSCN7 x4]	psnr: 27.765 (Best: 27.768 @epoch 401)
Total time: 13.87s

[Epoch 410]	Learning rate: 5.00e-5
[40/1120]	[L1: 0.0298]	5.2+0.2s
[80/1120]	[L1: 0.0309]	6.8+0.0s
[120/1120]	[L1: 0.0290]	5.9+0.0s
[160/1120]	[L1: 0.0288]	7.0+0.0s
[200/1120]	[L1: 0.0291]	4.7+0.0s
[240/1120]	[L1: 0.0300]	4.4+0.0s
[280/1120]	[L1: 0.0301]	4.2+0.0s
[320/1120]	[L1: 0.0299]	4.0+0.0s
[360/1120]	[L1: 0.0305]	4.2+0.0s
[400/1120]	[L1: 0.0304]	3.3+0.0s
[440/1120]	[L1: 0.0305]	3.1+0.0s
[480/1120]	[L1: 0.0305]	3.1+0.0s
[520/1120]	[L1: 0.0306]	3.1+0.0s
[560/1120]	[L1: 0.0304]	3.9+0.0s
[600/1120]	[L1: 0.0304]	4.7+0.0s
[640/1120]	[L1: 0.0303]	4.0+0.0s
[680/1120]	[L1: 0.0303]	2.9+0.0s
[720/1120]	[L1: 0.0306]	2.6+0.0s
[760/1120]	[L1: 0.0305]	2.9+0.0s
[800/1120]	[L1: 0.0304]	3.2+0.0s
[840/1120]	[L1: 0.0304]	3.8+0.0s
[880/1120]	[L1: 0.0302]	3.0+0.0s
[920/1120]	[L1: 0.0301]	2.5+0.0s
[960/1120]	[L1: 0.0302]	2.6+0.0s
[1000/1120]	[L1: 0.0302]	3.0+0.0s
[1040/1120]	[L1: 0.0302]	3.0+0.0s
[1080/1120]	[L1: 0.0302]	3.0+0.0s
[1120/1120]	[L1: 0.0304]	3.1+0.0s

Evaluation:
[RSSCN7 x4]	psnr: 27.763 (Best: 27.768 @epoch 401)
Total time: 7.63s

[Epoch 411]	Learning rate: 5.00e-5
[40/1120]	[L1: 0.0286]	3.2+0.1s
[80/1120]	[L1: 0.0312]	5.5+0.0s
[120/1120]	[L1: 0.0305]	5.6+0.0s
[160/1120]	[L1: 0.0306]	6.6+0.1s
[200/1120]	[L1: 0.0308]	5.7+0.0s
[240/1120]	[L1: 0.0306]	5.2+0.0s
[280/1120]	[L1: 0.0306]	6.0+0.1s
[320/1120]	[L1: 0.0307]	4.8+0.0s
[360/1120]	[L1: 0.0313]	4.5+0.1s
[400/1120]	[L1: 0.0308]	4.8+0.0s
[440/1120]	[L1: 0.0308]	3.9+0.0s
[480/1120]	[L1: 0.0306]	4.5+0.0s
[520/1120]	[L1: 0.0304]	4.3+0.0s
[560/1120]	[L1: 0.0302]	4.7+0.0s
[600/1120]	[L1: 0.0300]	5.1+0.0s
[640/1120]	[L1: 0.0298]	4.7+0.0s
[680/1120]	[L1: 0.0300]	4.8+0.0s
[720/1120]	[L1: 0.0301]	6.1+0.0s
[760/1120]	[L1: 0.0300]	6.4+0.0s
[800/1120]	[L1: 0.0302]	5.2+0.0s
[840/1120]	[L1: 0.0303]	4.7+0.0s
[880/1120]	[L1: 0.0303]	6.0+0.1s
[920/1120]	[L1: 0.0304]	6.6+0.0s
[960/1120]	[L1: 0.0304]	5.7+0.0s
[1000/1120]	[L1: 0.0303]	6.5+0.0s
[1040/1120]	[L1: 0.0303]	4.3+0.0s
[1080/1120]	[L1: 0.0303]	3.9+0.0s
[1120/1120]	[L1: 0.0302]	2.9+0.0s

Evaluation:
[RSSCN7 x4]	psnr: 27.750 (Best: 27.768 @epoch 401)
Total time: 8.13s

[Epoch 412]	Learning rate: 5.00e-5
[40/1120]	[L1: 0.0311]	4.4+0.0s
[80/1120]	[L1: 0.0295]	3.6+0.0s
[120/1120]	[L1: 0.0289]	2.6+0.0s
[160/1120]	[L1: 0.0295]	2.6+0.0s
[200/1120]	[L1: 0.0305]	2.8+0.0s
[240/1120]	[L1: 0.0309]	3.3+0.0s
[280/1120]	[L1: 0.0308]	4.2+0.0s
[320/1120]	[L1: 0.0305]	2.7+0.0s
[360/1120]	[L1: 0.0308]	2.9+0.0s
[400/1120]	[L1: 0.0302]	3.0+0.0s
[440/1120]	[L1: 0.0299]	4.0+0.0s
[480/1120]	[L1: 0.0301]	4.2+0.0s
[520/1120]	[L1: 0.0300]	2.9+0.0s
[560/1120]	[L1: 0.0303]	2.9+0.0s
[600/1120]	[L1: 0.0302]	3.0+0.0s
[640/1120]	[L1: 0.0304]	3.0+0.0s
[680/1120]	[L1: 0.0301]	3.0+0.0s
[720/1120]	[L1: 0.0301]	4.1+0.0s
[760/1120]	[L1: 0.0300]	3.3+0.0s
[800/1120]	[L1: 0.0299]	2.7+0.0s
[840/1120]	[L1: 0.0300]	2.9+0.0s
[880/1120]	[L1: 0.0300]	3.7+0.0s
[920/1120]	[L1: 0.0302]	5.4+0.0s
[960/1120]	[L1: 0.0302]	6.0+0.0s
[1000/1120]	[L1: 0.0304]	4.9+0.0s
[1040/1120]	[L1: 0.0304]	4.5+0.0s
[1080/1120]	[L1: 0.0304]	6.2+0.0s
[1120/1120]	[L1: 0.0304]	5.3+0.0s

Evaluation:
[RSSCN7 x4]	psnr: 27.766 (Best: 27.768 @epoch 401)
Total time: 11.03s

[Epoch 413]	Learning rate: 5.00e-5
[40/1120]	[L1: 0.0297]	5.3+0.1s
[80/1120]	[L1: 0.0302]	7.4+0.0s
[120/1120]	[L1: 0.0314]	6.4+0.0s
[160/1120]	[L1: 0.0317]	6.1+0.0s
[200/1120]	[L1: 0.0316]	6.1+0.0s
[240/1120]	[L1: 0.0310]	6.3+0.1s
[280/1120]	[L1: 0.0307]	5.9+0.1s
[320/1120]	[L1: 0.0307]	6.4+0.0s
[360/1120]	[L1: 0.0309]	6.4+0.0s
[400/1120]	[L1: 0.0308]	5.9+0.0s
[440/1120]	[L1: 0.0305]	6.2+0.0s
[480/1120]	[L1: 0.0304]	4.5+0.0s
[520/1120]	[L1: 0.0305]	4.8+0.1s
[560/1120]	[L1: 0.0302]	5.2+0.0s
[600/1120]	[L1: 0.0303]	6.2+0.0s
[640/1120]	[L1: 0.0302]	4.2+0.0s
[680/1120]	[L1: 0.0304]	3.2+0.0s
[720/1120]	[L1: 0.0303]	3.0+0.0s
[760/1120]	[L1: 0.0302]	3.1+0.0s
[800/1120]	[L1: 0.0303]	3.9+0.0s
[840/1120]	[L1: 0.0303]	3.5+0.0s
[880/1120]	[L1: 0.0303]	2.7+0.0s
[920/1120]	[L1: 0.0303]	3.1+0.0s
[960/1120]	[L1: 0.0302]	2.7+0.0s
[1000/1120]	[L1: 0.0302]	3.4+0.0s
[1040/1120]	[L1: 0.0303]	4.1+0.0s
[1080/1120]	[L1: 0.0303]	3.5+0.0s
[1120/1120]	[L1: 0.0304]	2.7+0.0s

Evaluation:
[RSSCN7 x4]	psnr: 27.762 (Best: 27.768 @epoch 401)
Total time: 8.07s

[Epoch 414]	Learning rate: 5.00e-5
[40/1120]	[L1: 0.0289]	2.8+0.0s
[80/1120]	[L1: 0.0289]	3.0+0.0s
[120/1120]	[L1: 0.0297]	3.5+0.0s
[160/1120]	[L1: 0.0301]	3.1+0.0s
[200/1120]	[L1: 0.0307]	3.5+0.0s
[240/1120]	[L1: 0.0307]	4.5+0.0s
[280/1120]	[L1: 0.0304]	4.0+0.0s
[320/1120]	[L1: 0.0302]	3.3+0.0s
[360/1120]	[L1: 0.0301]	3.0+0.0s
[400/1120]	[L1: 0.0305]	3.1+0.0s
[440/1120]	[L1: 0.0305]	3.4+0.0s
[480/1120]	[L1: 0.0306]	4.1+0.0s
[520/1120]	[L1: 0.0306]	5.5+0.0s
[560/1120]	[L1: 0.0303]	6.5+0.1s
[600/1120]	[L1: 0.0303]	6.4+0.1s
[640/1120]	[L1: 0.0303]	6.1+0.0s
[680/1120]	[L1: 0.0306]	5.7+0.0s
[720/1120]	[L1: 0.0305]	4.7+0.0s
[760/1120]	[L1: 0.0305]	5.5+0.0s
[800/1120]	[L1: 0.0305]	6.4+0.0s
[840/1120]	[L1: 0.0304]	4.9+0.0s
[880/1120]	[L1: 0.0303]	4.6+0.0s
[920/1120]	[L1: 0.0304]	4.9+0.0s
[960/1120]	[L1: 0.0304]	4.6+0.0s
[1000/1120]	[L1: 0.0302]	4.6+0.0s
[1040/1120]	[L1: 0.0302]	4.9+0.0s
[1080/1120]	[L1: 0.0301]	4.9+0.0s
[1120/1120]	[L1: 0.0302]	4.5+0.0s

Evaluation:
[RSSCN7 x4]	psnr: 27.761 (Best: 27.768 @epoch 401)
Total time: 10.57s

[Epoch 415]	Learning rate: 5.00e-5
[40/1120]	[L1: 0.0311]	5.7+0.1s
[80/1120]	[L1: 0.0292]	5.8+0.0s
[120/1120]	[L1: 0.0296]	5.1+0.1s
[160/1120]	[L1: 0.0305]	4.9+0.0s
[200/1120]	[L1: 0.0312]	5.2+0.1s
[240/1120]	[L1: 0.0305]	5.6+0.0s
[280/1120]	[L1: 0.0308]	3.2+0.0s
[320/1120]	[L1: 0.0318]	3.2+0.0s
[360/1120]	[L1: 0.0318]	3.3+0.0s
[400/1120]	[L1: 0.0315]	4.0+0.0s
[440/1120]	[L1: 0.0313]	4.0+0.0s
[480/1120]	[L1: 0.0312]	2.8+0.0s
[520/1120]	[L1: 0.0309]	2.6+0.0s
[560/1120]	[L1: 0.0308]	2.9+0.0s
[600/1120]	[L1: 0.0308]	3.8+0.0s
[640/1120]	[L1: 0.0309]	4.0+0.0s
[680/1120]	[L1: 0.0306]	4.0+0.0s
[720/1120]	[L1: 0.0305]	2.4+0.0s
[760/1120]	[L1: 0.0307]	2.4+0.0s
[800/1120]	[L1: 0.0306]	3.1+0.0s
[840/1120]	[L1: 0.0306]	3.2+0.0s
[880/1120]	[L1: 0.0305]	3.0+0.0s
[920/1120]	[L1: 0.0304]	2.9+0.0s
[960/1120]	[L1: 0.0305]	2.8+0.0s
[1000/1120]	[L1: 0.0306]	2.8+0.0s
[1040/1120]	[L1: 0.0304]	3.8+0.0s
[1080/1120]	[L1: 0.0302]	3.9+0.0s
[1120/1120]	[L1: 0.0302]	3.8+0.0s

Evaluation:
[RSSCN7 x4]	psnr: 27.750 (Best: 27.768 @epoch 401)
Total time: 7.72s

[Epoch 416]	Learning rate: 5.00e-5
[40/1120]	[L1: 0.0265]	2.9+0.0s
[80/1120]	[L1: 0.0279]	3.0+0.0s
[120/1120]	[L1: 0.0289]	3.4+0.0s
[160/1120]	[L1: 0.0285]	6.1+0.0s
[200/1120]	[L1: 0.0291]	6.3+0.0s
[240/1120]	[L1: 0.0284]	7.3+0.0s
[280/1120]	[L1: 0.0286]	7.8+0.0s
[320/1120]	[L1: 0.0288]	6.5+0.0s
[360/1120]	[L1: 0.0292]	5.3+0.0s
[400/1120]	[L1: 0.0293]	6.4+0.0s
[440/1120]	[L1: 0.0288]	6.5+0.0s
[480/1120]	[L1: 0.0291]	5.4+0.1s
[520/1120]	[L1: 0.0294]	5.3+0.0s
[560/1120]	[L1: 0.0296]	5.1+0.0s
[600/1120]	[L1: 0.0296]	4.6+0.0s
[640/1120]	[L1: 0.0297]	5.7+0.0s
[680/1120]	[L1: 0.0297]	7.1+0.0s
[720/1120]	[L1: 0.0298]	6.1+0.0s
[760/1120]	[L1: 0.0300]	4.7+0.0s
[800/1120]	[L1: 0.0298]	4.4+0.0s
[840/1120]	[L1: 0.0299]	4.5+0.1s
[880/1120]	[L1: 0.0300]	4.3+0.0s
[920/1120]	[L1: 0.0301]	4.5+0.0s
[960/1120]	[L1: 0.0301]	5.1+0.0s
[1000/1120]	[L1: 0.0302]	4.5+0.0s
[1040/1120]	[L1: 0.0303]	4.1+0.0s
[1080/1120]	[L1: 0.0303]	4.1+0.0s
[1120/1120]	[L1: 0.0302]	3.2+0.0s

Evaluation:
[RSSCN7 x4]	psnr: 27.759 (Best: 27.768 @epoch 401)
Total time: 8.19s

[Epoch 417]	Learning rate: 5.00e-5
[40/1120]	[L1: 0.0263]	2.8+0.0s
[80/1120]	[L1: 0.0287]	3.1+0.0s
[120/1120]	[L1: 0.0309]	2.9+0.0s
[160/1120]	[L1: 0.0311]	3.3+0.0s
[200/1120]	[L1: 0.0311]	4.1+0.0s
[240/1120]	[L1: 0.0302]	4.1+0.0s
[280/1120]	[L1: 0.0299]	3.1+0.0s
[320/1120]	[L1: 0.0296]	3.0+0.0s
[360/1120]	[L1: 0.0300]	3.9+0.0s
[400/1120]	[L1: 0.0297]	4.4+0.0s
[440/1120]	[L1: 0.0299]	4.1+0.0s
[480/1120]	[L1: 0.0299]	3.4+0.0s
[520/1120]	[L1: 0.0301]	3.2+0.0s
[560/1120]	[L1: 0.0304]	3.0+0.0s
[600/1120]	[L1: 0.0300]	3.0+0.0s
[640/1120]	[L1: 0.0300]	3.0+0.0s
[680/1120]	[L1: 0.0303]	3.4+0.0s
[720/1120]	[L1: 0.0302]	3.2+0.0s
[760/1120]	[L1: 0.0305]	3.0+0.0s
[800/1120]	[L1: 0.0303]	3.9+0.0s
[840/1120]	[L1: 0.0303]	4.3+0.0s
[880/1120]	[L1: 0.0302]	4.0+0.0s
[920/1120]	[L1: 0.0299]	3.1+0.0s
[960/1120]	[L1: 0.0299]	4.6+0.0s
[1000/1120]	[L1: 0.0299]	4.4+0.0s
[1040/1120]	[L1: 0.0300]	4.5+0.0s
[1080/1120]	[L1: 0.0302]	4.9+0.0s
[1120/1120]	[L1: 0.0302]	5.1+0.0s

Evaluation:
[RSSCN7 x4]	psnr: 27.766 (Best: 27.768 @epoch 401)
Total time: 13.04s

[Epoch 418]	Learning rate: 5.00e-5
[40/1120]	[L1: 0.0314]	4.8+0.1s
[80/1120]	[L1: 0.0297]	4.9+0.0s
[120/1120]	[L1: 0.0303]	4.4+0.0s
[160/1120]	[L1: 0.0306]	4.7+0.0s
[200/1120]	[L1: 0.0307]	4.8+0.0s
[240/1120]	[L1: 0.0304]	4.5+0.1s
[280/1120]	[L1: 0.0302]	4.6+0.0s
[320/1120]	[L1: 0.0302]	4.3+0.0s
[360/1120]	[L1: 0.0301]	6.0+0.0s
[400/1120]	[L1: 0.0299]	5.8+0.0s
[440/1120]	[L1: 0.0298]	5.7+0.0s
[480/1120]	[L1: 0.0297]	5.5+0.1s
[520/1120]	[L1: 0.0296]	5.9+0.1s
[560/1120]	[L1: 0.0300]	5.3+0.0s
[600/1120]	[L1: 0.0301]	4.7+0.0s
[640/1120]	[L1: 0.0303]	4.5+0.0s
[680/1120]	[L1: 0.0301]	5.1+0.0s
[720/1120]	[L1: 0.0301]	3.7+0.0s
[760/1120]	[L1: 0.0301]	3.9+0.0s
[800/1120]	[L1: 0.0299]	3.2+0.0s
[840/1120]	[L1: 0.0299]	3.0+0.0s
[880/1120]	[L1: 0.0300]	3.2+0.0s
[920/1120]	[L1: 0.0301]	4.2+0.0s
[960/1120]	[L1: 0.0303]	3.9+0.0s
[1000/1120]	[L1: 0.0304]	4.1+0.0s
[1040/1120]	[L1: 0.0306]	3.9+0.0s
[1080/1120]	[L1: 0.0305]	4.0+0.0s
[1120/1120]	[L1: 0.0305]	4.2+0.0s

Evaluation:
[RSSCN7 x4]	psnr: 27.753 (Best: 27.768 @epoch 401)
Total time: 8.12s

[Epoch 419]	Learning rate: 5.00e-5
[40/1120]	[L1: 0.0360]	3.2+0.0s
[80/1120]	[L1: 0.0310]	4.0+0.0s
[120/1120]	[L1: 0.0305]	3.9+0.0s
[160/1120]	[L1: 0.0311]	4.0+0.0s
[200/1120]	[L1: 0.0317]	3.0+0.0s
[240/1120]	[L1: 0.0314]	3.2+0.0s
[280/1120]	[L1: 0.0317]	4.2+0.0s
[320/1120]	[L1: 0.0324]	3.9+0.0s
[360/1120]	[L1: 0.0312]	4.1+0.0s
[400/1120]	[L1: 0.0311]	3.2+0.0s
[440/1120]	[L1: 0.0310]	2.5+0.0s
[480/1120]	[L1: 0.0309]	2.8+0.0s
[520/1120]	[L1: 0.0309]	3.0+0.0s
[560/1120]	[L1: 0.0310]	5.5+0.0s
[600/1120]	[L1: 0.0308]	6.6+0.0s
[640/1120]	[L1: 0.0307]	6.6+0.0s
[680/1120]	[L1: 0.0307]	7.2+0.0s
[720/1120]	[L1: 0.0306]	6.6+0.0s
[760/1120]	[L1: 0.0305]	6.6+0.0s
[800/1120]	[L1: 0.0305]	7.0+0.0s
[840/1120]	[L1: 0.0304]	6.6+0.0s
[880/1120]	[L1: 0.0304]	6.1+0.0s
[920/1120]	[L1: 0.0305]	6.3+0.0s
[960/1120]	[L1: 0.0304]	6.9+0.0s
[1000/1120]	[L1: 0.0303]	6.8+0.0s
[1040/1120]	[L1: 0.0304]	6.2+0.0s
[1080/1120]	[L1: 0.0303]	7.1+0.0s
[1120/1120]	[L1: 0.0303]	6.2+0.0s

Evaluation:
[RSSCN7 x4]	psnr: 27.749 (Best: 27.768 @epoch 401)
Total time: 11.43s

[Epoch 420]	Learning rate: 5.00e-5
[40/1120]	[L1: 0.0306]	6.5+0.0s
[80/1120]	[L1: 0.0297]	5.8+0.0s
[120/1120]	[L1: 0.0297]	6.5+0.0s
[160/1120]	[L1: 0.0296]	6.3+0.0s
[200/1120]	[L1: 0.0289]	5.2+0.0s
[240/1120]	[L1: 0.0289]	4.4+0.0s
[280/1120]	[L1: 0.0294]	4.4+0.0s
[320/1120]	[L1: 0.0301]	3.9+0.0s
[360/1120]	[L1: 0.0303]	4.0+0.0s
[400/1120]	[L1: 0.0299]	3.7+0.0s
[440/1120]	[L1: 0.0301]	3.1+0.0s
[480/1120]	[L1: 0.0299]	3.8+0.0s
[520/1120]	[L1: 0.0299]	3.2+0.0s
[560/1120]	[L1: 0.0299]	3.3+0.0s
[600/1120]	[L1: 0.0300]	3.2+0.0s
[640/1120]	[L1: 0.0297]	2.9+0.0s
[680/1120]	[L1: 0.0298]	3.3+0.0s
[720/1120]	[L1: 0.0297]	4.0+0.0s
[760/1120]	[L1: 0.0297]	4.2+0.0s
[800/1120]	[L1: 0.0299]	4.1+0.0s
[840/1120]	[L1: 0.0300]	3.1+0.0s
[880/1120]	[L1: 0.0300]	3.2+0.0s
[920/1120]	[L1: 0.0301]	3.0+0.0s
[960/1120]	[L1: 0.0301]	3.1+0.0s
[1000/1120]	[L1: 0.0299]	3.2+0.0s
[1040/1120]	[L1: 0.0298]	3.1+0.0s
[1080/1120]	[L1: 0.0299]	3.0+0.0s
[1120/1120]	[L1: 0.0301]	3.0+0.0s

Evaluation:
[RSSCN7 x4]	psnr: 27.759 (Best: 27.768 @epoch 401)
Total time: 9.00s

[Epoch 421]	Learning rate: 5.00e-5
[40/1120]	[L1: 0.0338]	4.0+0.0s
[80/1120]	[L1: 0.0316]	4.2+0.0s
[120/1120]	[L1: 0.0311]	4.2+0.0s
[160/1120]	[L1: 0.0298]	6.9+0.0s
[200/1120]	[L1: 0.0302]	6.0+0.0s
[240/1120]	[L1: 0.0300]	5.1+0.0s
[280/1120]	[L1: 0.0297]	5.0+0.0s
[320/1120]	[L1: 0.0296]	4.5+0.0s
[360/1120]	[L1: 0.0294]	5.7+0.1s
[400/1120]	[L1: 0.0297]	6.9+0.1s
[440/1120]	[L1: 0.0299]	5.2+0.0s
[480/1120]	[L1: 0.0301]	5.5+0.0s
[520/1120]	[L1: 0.0300]	6.5+0.0s
[560/1120]	[L1: 0.0300]	6.2+0.0s
[600/1120]	[L1: 0.0299]	5.8+0.0s
[640/1120]	[L1: 0.0296]	7.1+0.0s
[680/1120]	[L1: 0.0295]	6.2+0.0s
[720/1120]	[L1: 0.0298]	6.7+0.1s
[760/1120]	[L1: 0.0299]	6.5+0.1s
[800/1120]	[L1: 0.0296]	6.4+0.0s
[840/1120]	[L1: 0.0297]	6.0+0.0s
[880/1120]	[L1: 0.0299]	6.2+0.0s
[920/1120]	[L1: 0.0299]	7.0+0.0s
[960/1120]	[L1: 0.0301]	6.5+0.0s
[1000/1120]	[L1: 0.0303]	6.5+0.0s
[1040/1120]	[L1: 0.0303]	6.5+0.0s
[1080/1120]	[L1: 0.0301]	6.2+0.0s
[1120/1120]	[L1: 0.0302]	3.7+0.0s

Evaluation:
[RSSCN7 x4]	psnr: 27.752 (Best: 27.768 @epoch 401)
Total time: 7.64s

[Epoch 422]	Learning rate: 5.00e-5
[40/1120]	[L1: 0.0306]	2.7+0.0s
[80/1120]	[L1: 0.0302]	2.8+0.0s
[120/1120]	[L1: 0.0305]	2.9+0.0s
[160/1120]	[L1: 0.0304]	2.8+0.0s
[200/1120]	[L1: 0.0307]	2.5+0.0s
[240/1120]	[L1: 0.0306]	2.7+0.0s
[280/1120]	[L1: 0.0306]	3.3+0.0s
[320/1120]	[L1: 0.0309]	4.0+0.0s
[360/1120]	[L1: 0.0307]	3.3+0.0s
[400/1120]	[L1: 0.0308]	3.0+0.0s
[440/1120]	[L1: 0.0311]	3.1+0.0s
[480/1120]	[L1: 0.0306]	2.9+0.0s
[520/1120]	[L1: 0.0306]	4.2+0.0s
[560/1120]	[L1: 0.0305]	4.1+0.0s
[600/1120]	[L1: 0.0303]	3.3+0.0s
[640/1120]	[L1: 0.0301]	2.9+0.0s
[680/1120]	[L1: 0.0302]	4.0+0.0s
[720/1120]	[L1: 0.0301]	3.6+0.0s
[760/1120]	[L1: 0.0303]	3.4+0.0s
[800/1120]	[L1: 0.0302]	4.0+0.0s
[840/1120]	[L1: 0.0301]	4.2+0.0s
[880/1120]	[L1: 0.0302]	3.1+0.0s
[920/1120]	[L1: 0.0300]	3.2+0.0s
[960/1120]	[L1: 0.0299]	4.5+0.0s
[1000/1120]	[L1: 0.0301]	5.5+0.0s
[1040/1120]	[L1: 0.0302]	4.9+0.0s
[1080/1120]	[L1: 0.0302]	4.7+0.0s
[1120/1120]	[L1: 0.0302]	4.5+0.0s

Evaluation:
[RSSCN7 x4]	psnr: 27.765 (Best: 27.768 @epoch 401)
Total time: 13.11s

[Epoch 423]	Learning rate: 5.00e-5
[40/1120]	[L1: 0.0275]	4.5+0.0s
[80/1120]	[L1: 0.0273]	4.6+0.0s
[120/1120]	[L1: 0.0268]	4.9+0.0s
[160/1120]	[L1: 0.0282]	4.4+0.0s
[200/1120]	[L1: 0.0287]	4.7+0.1s
[240/1120]	[L1: 0.0286]	5.4+0.0s
[280/1120]	[L1: 0.0290]	6.6+0.0s
[320/1120]	[L1: 0.0289]	6.0+0.0s
[360/1120]	[L1: 0.0293]	6.7+0.1s
[400/1120]	[L1: 0.0297]	5.5+0.0s
[440/1120]	[L1: 0.0296]	4.7+0.0s
[480/1120]	[L1: 0.0300]	6.0+0.0s
[520/1120]	[L1: 0.0297]	6.0+0.0s
[560/1120]	[L1: 0.0298]	6.6+0.0s
[600/1120]	[L1: 0.0299]	6.2+0.0s
[640/1120]	[L1: 0.0299]	6.1+0.1s
[680/1120]	[L1: 0.0298]	4.9+0.0s
[720/1120]	[L1: 0.0299]	4.5+0.0s
[760/1120]	[L1: 0.0300]	3.3+0.0s
[800/1120]	[L1: 0.0300]	4.1+0.0s
[840/1120]	[L1: 0.0300]	3.1+0.0s
[880/1120]	[L1: 0.0299]	3.1+0.0s
[920/1120]	[L1: 0.0299]	3.3+0.0s
[960/1120]	[L1: 0.0298]	4.1+0.0s
[1000/1120]	[L1: 0.0301]	4.5+0.0s
[1040/1120]	[L1: 0.0301]	4.2+0.0s
[1080/1120]	[L1: 0.0301]	4.0+0.0s
[1120/1120]	[L1: 0.0302]	3.7+0.0s

Evaluation:
[RSSCN7 x4]	psnr: 27.767 (Best: 27.768 @epoch 401)
Total time: 7.67s

[Epoch 424]	Learning rate: 5.00e-5
[40/1120]	[L1: 0.0317]	3.8+0.1s
[80/1120]	[L1: 0.0307]	4.0+0.0s
[120/1120]	[L1: 0.0294]	4.3+0.0s
[160/1120]	[L1: 0.0294]	3.9+0.0s
[200/1120]	[L1: 0.0288]	3.1+0.0s
[240/1120]	[L1: 0.0284]	4.0+0.0s
[280/1120]	[L1: 0.0283]	3.5+0.0s
[320/1120]	[L1: 0.0289]	2.7+0.0s
[360/1120]	[L1: 0.0290]	3.1+0.0s
[400/1120]	[L1: 0.0294]	3.4+0.0s
[440/1120]	[L1: 0.0296]	3.1+0.0s
[480/1120]	[L1: 0.0294]	2.9+0.0s
[520/1120]	[L1: 0.0299]	3.1+0.0s
[560/1120]	[L1: 0.0298]	4.2+0.0s
[600/1120]	[L1: 0.0298]	4.3+0.0s
[640/1120]	[L1: 0.0297]	4.8+0.0s
[680/1120]	[L1: 0.0300]	5.4+0.0s
[720/1120]	[L1: 0.0301]	4.7+0.0s
[760/1120]	[L1: 0.0300]	6.8+0.0s
[800/1120]	[L1: 0.0299]	7.1+0.0s
[840/1120]	[L1: 0.0303]	7.0+0.1s
[880/1120]	[L1: 0.0304]	7.0+0.0s
[920/1120]	[L1: 0.0304]	4.9+0.0s
[960/1120]	[L1: 0.0303]	5.0+0.0s
[1000/1120]	[L1: 0.0303]	5.8+0.1s
[1040/1120]	[L1: 0.0303]	5.9+0.0s
[1080/1120]	[L1: 0.0303]	5.4+0.0s
[1120/1120]	[L1: 0.0302]	4.7+0.0s

Evaluation:
[RSSCN7 x4]	psnr: 27.754 (Best: 27.768 @epoch 401)
Total time: 12.08s

[Epoch 425]	Learning rate: 5.00e-5
[40/1120]	[L1: 0.0288]	6.3+0.0s
[80/1120]	[L1: 0.0274]	6.3+0.0s
[120/1120]	[L1: 0.0280]	4.9+0.0s
[160/1120]	[L1: 0.0291]	4.7+0.0s
[200/1120]	[L1: 0.0286]	5.3+0.0s
[240/1120]	[L1: 0.0293]	4.5+0.0s
[280/1120]	[L1: 0.0296]	4.8+0.0s
[320/1120]	[L1: 0.0297]	4.2+0.0s
[360/1120]	[L1: 0.0294]	4.4+0.0s
[400/1120]	[L1: 0.0296]	4.1+0.0s
[440/1120]	[L1: 0.0296]	3.1+0.0s
[480/1120]	[L1: 0.0297]	3.1+0.0s
[520/1120]	[L1: 0.0298]	3.9+0.0s
[560/1120]	[L1: 0.0297]	4.0+0.0s
[600/1120]	[L1: 0.0297]	3.4+0.0s
[640/1120]	[L1: 0.0299]	3.1+0.0s
[680/1120]	[L1: 0.0299]	3.9+0.0s
[720/1120]	[L1: 0.0298]	2.9+0.0s
[760/1120]	[L1: 0.0300]	3.0+0.0s
[800/1120]	[L1: 0.0302]	3.8+0.0s
[840/1120]	[L1: 0.0299]	2.9+0.0s
[880/1120]	[L1: 0.0301]	3.0+0.0s
[920/1120]	[L1: 0.0302]	3.5+0.0s
[960/1120]	[L1: 0.0303]	3.5+0.0s
[1000/1120]	[L1: 0.0303]	2.9+0.0s
[1040/1120]	[L1: 0.0306]	3.1+0.0s
[1080/1120]	[L1: 0.0304]	2.9+0.0s
[1120/1120]	[L1: 0.0304]	3.1+0.0s

Evaluation:
[RSSCN7 x4]	psnr: 27.762 (Best: 27.768 @epoch 401)
Total time: 7.59s

[Epoch 426]	Learning rate: 5.00e-5
[40/1120]	[L1: 0.0250]	2.6+0.1s
[80/1120]	[L1: 0.0275]	3.1+0.0s
[120/1120]	[L1: 0.0291]	3.1+0.0s
[160/1120]	[L1: 0.0290]	4.5+0.0s
[200/1120]	[L1: 0.0292]	5.4+0.0s
[240/1120]	[L1: 0.0292]	5.0+0.1s
[280/1120]	[L1: 0.0292]	5.4+0.0s
[320/1120]	[L1: 0.0287]	5.6+0.1s
[360/1120]	[L1: 0.0288]	6.9+0.1s
[400/1120]	[L1: 0.0294]	5.5+0.0s
[440/1120]	[L1: 0.0296]	5.2+0.1s
[480/1120]	[L1: 0.0295]	5.2+0.0s
[520/1120]	[L1: 0.0296]	5.7+0.1s
[560/1120]	[L1: 0.0297]	6.1+0.0s
[600/1120]	[L1: 0.0297]	4.3+0.1s
[640/1120]	[L1: 0.0297]	4.7+0.1s
[680/1120]	[L1: 0.0296]	5.1+0.0s
[720/1120]	[L1: 0.0299]	5.2+0.0s
[760/1120]	[L1: 0.0298]	6.0+0.0s
[800/1120]	[L1: 0.0299]	7.0+0.1s
[840/1120]	[L1: 0.0300]	7.1+0.0s
[880/1120]	[L1: 0.0299]	6.9+0.0s
[920/1120]	[L1: 0.0299]	6.3+0.0s
[960/1120]	[L1: 0.0301]	6.6+0.0s
[1000/1120]	[L1: 0.0302]	5.4+0.1s
[1040/1120]	[L1: 0.0302]	4.5+0.0s
[1080/1120]	[L1: 0.0303]	5.1+0.0s
[1120/1120]	[L1: 0.0303]	3.2+0.0s

Evaluation:
[RSSCN7 x4]	psnr: 27.766 (Best: 27.768 @epoch 401)
Total time: 8.08s

[Epoch 427]	Learning rate: 5.00e-5
[40/1120]	[L1: 0.0338]	3.7+0.0s
[80/1120]	[L1: 0.0339]	4.1+0.0s
[120/1120]	[L1: 0.0328]	4.2+0.0s
[160/1120]	[L1: 0.0337]	3.1+0.0s
[200/1120]	[L1: 0.0327]	2.9+0.0s
[240/1120]	[L1: 0.0320]	2.8+0.0s
[280/1120]	[L1: 0.0312]	4.1+0.0s
[320/1120]	[L1: 0.0314]	4.1+0.0s
[360/1120]	[L1: 0.0315]	3.4+0.0s
[400/1120]	[L1: 0.0314]	3.1+0.0s
[440/1120]	[L1: 0.0316]	3.1+0.0s
[480/1120]	[L1: 0.0311]	3.3+0.0s
[520/1120]	[L1: 0.0309]	3.0+0.0s
[560/1120]	[L1: 0.0307]	3.2+0.0s
[600/1120]	[L1: 0.0307]	3.2+0.0s
[640/1120]	[L1: 0.0308]	3.0+0.0s
[680/1120]	[L1: 0.0310]	3.0+0.0s
[720/1120]	[L1: 0.0309]	3.2+0.0s
[760/1120]	[L1: 0.0308]	3.0+0.0s
[800/1120]	[L1: 0.0308]	3.1+0.0s
[840/1120]	[L1: 0.0308]	2.9+0.0s
[880/1120]	[L1: 0.0308]	2.9+0.0s
[920/1120]	[L1: 0.0307]	3.0+0.0s
[960/1120]	[L1: 0.0305]	3.9+0.0s
[1000/1120]	[L1: 0.0305]	5.9+0.0s
[1040/1120]	[L1: 0.0305]	6.3+0.0s
[1080/1120]	[L1: 0.0304]	5.9+0.0s
[1120/1120]	[L1: 0.0304]	5.8+0.0s

Evaluation:
[RSSCN7 x4]	psnr: 27.768 (Best: 27.768 @epoch 427)
Total time: 13.76s

[Epoch 428]	Learning rate: 5.00e-5
[40/1120]	[L1: 0.0276]	5.8+0.1s
[80/1120]	[L1: 0.0281]	5.1+0.1s
[120/1120]	[L1: 0.0286]	4.6+0.0s
[160/1120]	[L1: 0.0291]	4.8+0.0s
[200/1120]	[L1: 0.0291]	4.4+0.0s
[240/1120]	[L1: 0.0296]	4.4+0.0s
[280/1120]	[L1: 0.0299]	5.0+0.0s
[320/1120]	[L1: 0.0298]	6.3+0.0s
[360/1120]	[L1: 0.0295]	5.7+0.0s
[400/1120]	[L1: 0.0298]	5.3+0.0s
[440/1120]	[L1: 0.0300]	4.6+0.0s
[480/1120]	[L1: 0.0299]	4.5+0.0s
[520/1120]	[L1: 0.0301]	5.2+0.0s
[560/1120]	[L1: 0.0300]	4.5+0.0s
[600/1120]	[L1: 0.0298]	4.5+0.1s
[640/1120]	[L1: 0.0298]	4.8+0.1s
[680/1120]	[L1: 0.0300]	4.1+0.0s
[720/1120]	[L1: 0.0301]	4.7+0.1s
[760/1120]	[L1: 0.0304]	3.4+0.0s
[800/1120]	[L1: 0.0305]	4.0+0.0s
[840/1120]	[L1: 0.0304]	3.9+0.0s
[880/1120]	[L1: 0.0302]	3.4+0.0s
[920/1120]	[L1: 0.0301]	2.3+0.0s
[960/1120]	[L1: 0.0302]	2.5+0.0s
[1000/1120]	[L1: 0.0303]	2.7+0.0s
[1040/1120]	[L1: 0.0303]	2.9+0.0s
[1080/1120]	[L1: 0.0304]	2.4+0.0s
[1120/1120]	[L1: 0.0303]	2.8+0.0s

Evaluation:
[RSSCN7 x4]	psnr: 27.769 (Best: 27.769 @epoch 428)
Total time: 7.79s

[Epoch 429]	Learning rate: 5.00e-5
[40/1120]	[L1: 0.0325]	3.3+0.0s
[80/1120]	[L1: 0.0312]	4.0+0.0s
[120/1120]	[L1: 0.0297]	4.1+0.0s
[160/1120]	[L1: 0.0298]	3.1+0.0s
[200/1120]	[L1: 0.0300]	2.5+0.0s
[240/1120]	[L1: 0.0297]	2.6+0.0s
[280/1120]	[L1: 0.0301]	3.0+0.0s
[320/1120]	[L1: 0.0300]	4.0+0.0s
[360/1120]	[L1: 0.0298]	4.2+0.0s
[400/1120]	[L1: 0.0297]	4.0+0.0s
[440/1120]	[L1: 0.0299]	3.0+0.0s
[480/1120]	[L1: 0.0299]	3.0+0.0s
[520/1120]	[L1: 0.0303]	3.3+0.0s
[560/1120]	[L1: 0.0308]	4.0+0.0s
[600/1120]	[L1: 0.0306]	4.1+0.0s
[640/1120]	[L1: 0.0305]	5.5+0.0s
[680/1120]	[L1: 0.0304]	4.6+0.0s
[720/1120]	[L1: 0.0303]	4.6+0.0s
[760/1120]	[L1: 0.0301]	4.6+0.0s
[800/1120]	[L1: 0.0300]	4.6+0.0s
[840/1120]	[L1: 0.0300]	4.7+0.0s
[880/1120]	[L1: 0.0301]	4.6+0.0s
[920/1120]	[L1: 0.0301]	4.8+0.0s
[960/1120]	[L1: 0.0301]	4.3+0.0s
[1000/1120]	[L1: 0.0302]	6.7+0.0s
[1040/1120]	[L1: 0.0302]	6.4+0.0s
[1080/1120]	[L1: 0.0302]	5.4+0.0s
[1120/1120]	[L1: 0.0303]	4.2+0.0s

Evaluation:
[RSSCN7 x4]	psnr: 27.771 (Best: 27.771 @epoch 429)
Total time: 10.65s

[Epoch 430]	Learning rate: 5.00e-5
[40/1120]	[L1: 0.0312]	4.5+0.0s
[80/1120]	[L1: 0.0300]	4.3+0.0s
[120/1120]	[L1: 0.0314]	4.3+0.0s
[160/1120]	[L1: 0.0315]	4.8+0.0s
[200/1120]	[L1: 0.0314]	5.9+0.0s
[240/1120]	[L1: 0.0312]	6.9+0.0s
[280/1120]	[L1: 0.0308]	6.4+0.0s
[320/1120]	[L1: 0.0311]	4.5+0.0s
[360/1120]	[L1: 0.0311]	5.6+0.1s
[400/1120]	[L1: 0.0315]	5.4+0.0s
[440/1120]	[L1: 0.0316]	4.1+0.0s
[480/1120]	[L1: 0.0312]	4.3+0.0s
[520/1120]	[L1: 0.0311]	3.6+0.0s
[560/1120]	[L1: 0.0310]	2.9+0.0s
[600/1120]	[L1: 0.0307]	3.2+0.0s
[640/1120]	[L1: 0.0309]	3.6+0.0s
[680/1120]	[L1: 0.0308]	4.3+0.0s
[720/1120]	[L1: 0.0307]	3.9+0.0s
[760/1120]	[L1: 0.0307]	4.4+0.0s
[800/1120]	[L1: 0.0305]	4.0+0.0s
[840/1120]	[L1: 0.0304]	4.0+0.0s
[880/1120]	[L1: 0.0306]	4.1+0.0s
[920/1120]	[L1: 0.0305]	4.0+0.0s
[960/1120]	[L1: 0.0302]	3.0+0.0s
[1000/1120]	[L1: 0.0302]	3.2+0.0s
[1040/1120]	[L1: 0.0303]	3.1+0.0s
[1080/1120]	[L1: 0.0303]	3.7+0.0s
[1120/1120]	[L1: 0.0303]	3.1+0.0s

Evaluation:
[RSSCN7 x4]	psnr: 27.766 (Best: 27.771 @epoch 429)
Total time: 7.75s

[Epoch 431]	Learning rate: 5.00e-5
[40/1120]	[L1: 0.0290]	2.5+0.0s
[80/1120]	[L1: 0.0302]	2.6+0.0s
[120/1120]	[L1: 0.0305]	2.5+0.0s
[160/1120]	[L1: 0.0302]	3.1+0.0s
[200/1120]	[L1: 0.0298]	4.2+0.0s
[240/1120]	[L1: 0.0302]	5.2+0.0s
[280/1120]	[L1: 0.0308]	6.0+0.0s
[320/1120]	[L1: 0.0306]	5.8+0.0s
[360/1120]	[L1: 0.0302]	4.3+0.0s
[400/1120]	[L1: 0.0301]	4.9+0.0s
[440/1120]	[L1: 0.0301]	4.7+0.1s
[480/1120]	[L1: 0.0303]	4.4+0.0s
[520/1120]	[L1: 0.0303]	5.1+0.0s
[560/1120]	[L1: 0.0302]	6.8+0.0s
[600/1120]	[L1: 0.0303]	6.5+0.0s
[640/1120]	[L1: 0.0306]	6.5+0.0s
[680/1120]	[L1: 0.0305]	6.5+0.1s
[720/1120]	[L1: 0.0305]	6.5+0.0s
[760/1120]	[L1: 0.0306]	6.2+0.0s
[800/1120]	[L1: 0.0305]	6.3+0.0s
[840/1120]	[L1: 0.0303]	5.8+0.0s
[880/1120]	[L1: 0.0304]	6.5+0.0s
[920/1120]	[L1: 0.0305]	6.9+0.0s
[960/1120]	[L1: 0.0304]	6.5+0.0s
[1000/1120]	[L1: 0.0304]	6.8+0.1s
[1040/1120]	[L1: 0.0302]	7.3+0.1s
[1080/1120]	[L1: 0.0303]	6.8+0.0s
[1120/1120]	[L1: 0.0302]	6.5+0.0s

Evaluation:
[RSSCN7 x4]	psnr: 27.744 (Best: 27.771 @epoch 429)
Total time: 10.74s

[Epoch 432]	Learning rate: 5.00e-5
[40/1120]	[L1: 0.0298]	3.8+0.0s
[80/1120]	[L1: 0.0296]	3.0+0.0s
[120/1120]	[L1: 0.0297]	4.2+0.0s
[160/1120]	[L1: 0.0296]	4.1+0.0s
[200/1120]	[L1: 0.0291]	3.3+0.0s
[240/1120]	[L1: 0.0287]	2.9+0.0s
[280/1120]	[L1: 0.0287]	3.0+0.0s
[320/1120]	[L1: 0.0295]	2.9+0.0s
[360/1120]	[L1: 0.0297]	3.9+0.0s
[400/1120]	[L1: 0.0296]	3.9+0.0s
[440/1120]	[L1: 0.0298]	3.1+0.0s
[480/1120]	[L1: 0.0299]	3.0+0.0s
[520/1120]	[L1: 0.0298]	3.2+0.0s
[560/1120]	[L1: 0.0297]	4.2+0.0s
[600/1120]	[L1: 0.0298]	4.0+0.0s
[640/1120]	[L1: 0.0302]	3.5+0.0s
[680/1120]	[L1: 0.0301]	3.0+0.0s
[720/1120]	[L1: 0.0302]	3.5+0.0s
[760/1120]	[L1: 0.0303]	4.0+0.0s
[800/1120]	[L1: 0.0302]	4.1+0.0s
[840/1120]	[L1: 0.0303]	4.2+0.0s
[880/1120]	[L1: 0.0303]	4.1+0.0s
[920/1120]	[L1: 0.0303]	4.3+0.0s
[960/1120]	[L1: 0.0302]	4.0+0.0s
[1000/1120]	[L1: 0.0302]	3.8+0.0s
[1040/1120]	[L1: 0.0303]	4.4+0.0s
[1080/1120]	[L1: 0.0303]	4.7+0.0s
[1120/1120]	[L1: 0.0302]	4.4+0.0s

Evaluation:
[RSSCN7 x4]	psnr: 27.764 (Best: 27.771 @epoch 429)
Total time: 10.34s

[Epoch 433]	Learning rate: 5.00e-5
[40/1120]	[L1: 0.0333]	5.6+0.0s
[80/1120]	[L1: 0.0336]	6.2+0.0s
[120/1120]	[L1: 0.0335]	6.1+0.0s
[160/1120]	[L1: 0.0322]	7.4+0.0s
[200/1120]	[L1: 0.0313]	6.8+0.0s
[240/1120]	[L1: 0.0311]	6.0+0.0s
[280/1120]	[L1: 0.0307]	6.7+0.0s
[320/1120]	[L1: 0.0306]	6.7+0.0s
[360/1120]	[L1: 0.0308]	6.8+0.0s
[400/1120]	[L1: 0.0303]	6.1+0.0s
[440/1120]	[L1: 0.0299]	5.1+0.1s
[480/1120]	[L1: 0.0297]	4.6+0.0s
[520/1120]	[L1: 0.0299]	5.0+0.0s
[560/1120]	[L1: 0.0301]	4.0+0.0s
[600/1120]	[L1: 0.0302]	4.2+0.0s
[640/1120]	[L1: 0.0302]	4.7+0.0s
[680/1120]	[L1: 0.0302]	5.1+0.1s
[720/1120]	[L1: 0.0303]	5.3+0.0s
[760/1120]	[L1: 0.0304]	4.2+0.0s
[800/1120]	[L1: 0.0306]	3.0+0.0s
[840/1120]	[L1: 0.0309]	3.0+0.0s
[880/1120]	[L1: 0.0305]	3.9+0.0s
[920/1120]	[L1: 0.0306]	3.3+0.0s
[960/1120]	[L1: 0.0305]	3.0+0.0s
[1000/1120]	[L1: 0.0305]	3.2+0.0s
[1040/1120]	[L1: 0.0303]	3.4+0.0s
[1080/1120]	[L1: 0.0303]	4.7+0.0s
[1120/1120]	[L1: 0.0304]	4.4+0.0s

Evaluation:
[RSSCN7 x4]	psnr: 27.738 (Best: 27.771 @epoch 429)
Total time: 8.03s

[Epoch 434]	Learning rate: 5.00e-5
[40/1120]	[L1: 0.0319]	4.5+0.1s
[80/1120]	[L1: 0.0336]	4.1+0.0s
[120/1120]	[L1: 0.0346]	2.7+0.0s
[160/1120]	[L1: 0.0329]	2.7+0.0s
[200/1120]	[L1: 0.0323]	3.0+0.0s
[240/1120]	[L1: 0.0318]	2.9+0.0s
[280/1120]	[L1: 0.0318]	3.3+0.0s
[320/1120]	[L1: 0.0316]	3.9+0.0s
[360/1120]	[L1: 0.0317]	3.7+0.0s
[400/1120]	[L1: 0.0314]	2.9+0.0s
[440/1120]	[L1: 0.0310]	3.7+0.0s
[480/1120]	[L1: 0.0312]	4.2+0.0s
[520/1120]	[L1: 0.0314]	2.9+0.0s
[560/1120]	[L1: 0.0313]	2.5+0.0s
[600/1120]	[L1: 0.0311]	2.8+0.0s
[640/1120]	[L1: 0.0310]	6.3+0.0s
[680/1120]	[L1: 0.0309]	6.1+0.0s
[720/1120]	[L1: 0.0309]	6.0+0.0s
[760/1120]	[L1: 0.0308]	5.1+0.0s
[800/1120]	[L1: 0.0308]	5.6+0.0s
[840/1120]	[L1: 0.0309]	6.3+0.0s
[880/1120]	[L1: 0.0308]	6.9+0.0s
[920/1120]	[L1: 0.0308]	6.3+0.0s
[960/1120]	[L1: 0.0306]	7.2+0.0s
[1000/1120]	[L1: 0.0302]	6.2+0.0s
[1040/1120]	[L1: 0.0302]	5.0+0.0s
[1080/1120]	[L1: 0.0304]	4.8+0.0s
[1120/1120]	[L1: 0.0302]	4.8+0.0s

Evaluation:
[RSSCN7 x4]	psnr: 27.759 (Best: 27.771 @epoch 429)
Total time: 12.42s

[Epoch 435]	Learning rate: 5.00e-5
[40/1120]	[L1: 0.0329]	6.1+0.0s
[80/1120]	[L1: 0.0340]	6.0+0.0s
[120/1120]	[L1: 0.0331]	5.4+0.0s
[160/1120]	[L1: 0.0322]	4.9+0.0s
[200/1120]	[L1: 0.0320]	5.5+0.0s
[240/1120]	[L1: 0.0307]	6.7+0.0s
[280/1120]	[L1: 0.0311]	6.0+0.1s
[320/1120]	[L1: 0.0309]	5.4+0.0s
[360/1120]	[L1: 0.0307]	6.5+0.0s
[400/1120]	[L1: 0.0304]	3.1+0.0s
[440/1120]	[L1: 0.0305]	3.0+0.0s
[480/1120]	[L1: 0.0306]	3.1+0.0s
[520/1120]	[L1: 0.0303]	3.1+0.0s
[560/1120]	[L1: 0.0303]	3.1+0.0s
[600/1120]	[L1: 0.0303]	3.6+0.0s
[640/1120]	[L1: 0.0303]	2.8+0.0s
[680/1120]	[L1: 0.0302]	3.1+0.0s
[720/1120]	[L1: 0.0300]	3.0+0.0s
[760/1120]	[L1: 0.0303]	3.1+0.0s
[800/1120]	[L1: 0.0302]	3.1+0.0s
[840/1120]	[L1: 0.0301]	3.0+0.0s
[880/1120]	[L1: 0.0300]	3.1+0.0s
[920/1120]	[L1: 0.0302]	2.5+0.0s
[960/1120]	[L1: 0.0302]	3.0+0.0s
[1000/1120]	[L1: 0.0302]	3.0+0.0s
[1040/1120]	[L1: 0.0301]	3.6+0.0s
[1080/1120]	[L1: 0.0302]	4.3+0.0s
[1120/1120]	[L1: 0.0302]	3.0+0.0s

Evaluation:
[RSSCN7 x4]	psnr: 27.761 (Best: 27.771 @epoch 429)
Total time: 7.73s

[Epoch 436]	Learning rate: 5.00e-5
[40/1120]	[L1: 0.0296]	3.3+0.0s
[80/1120]	[L1: 0.0295]	3.8+0.0s
[120/1120]	[L1: 0.0302]	3.5+0.0s
[160/1120]	[L1: 0.0299]	2.9+0.0s
[200/1120]	[L1: 0.0301]	3.1+0.0s
[240/1120]	[L1: 0.0307]	4.7+0.0s
[280/1120]	[L1: 0.0307]	4.2+0.0s
[320/1120]	[L1: 0.0298]	4.5+0.0s
[360/1120]	[L1: 0.0298]	5.3+0.0s
[400/1120]	[L1: 0.0298]	5.6+0.0s
[440/1120]	[L1: 0.0301]	5.5+0.0s
[480/1120]	[L1: 0.0302]	4.5+0.0s
[520/1120]	[L1: 0.0303]	5.1+0.0s
[560/1120]	[L1: 0.0305]	4.6+0.0s
[600/1120]	[L1: 0.0306]	4.3+0.0s
[640/1120]	[L1: 0.0304]	4.6+0.0s
[680/1120]	[L1: 0.0302]	4.6+0.0s
[720/1120]	[L1: 0.0301]	4.3+0.0s
[760/1120]	[L1: 0.0300]	4.4+0.0s
[800/1120]	[L1: 0.0298]	4.4+0.0s
[840/1120]	[L1: 0.0299]	4.6+0.0s
[880/1120]	[L1: 0.0299]	4.5+0.0s
[920/1120]	[L1: 0.0298]	4.6+0.0s
[960/1120]	[L1: 0.0298]	4.4+0.0s
[1000/1120]	[L1: 0.0299]	5.0+0.0s
[1040/1120]	[L1: 0.0301]	4.6+0.0s
[1080/1120]	[L1: 0.0302]	4.5+0.0s
[1120/1120]	[L1: 0.0302]	4.1+0.0s

Evaluation:
[RSSCN7 x4]	psnr: 27.766 (Best: 27.771 @epoch 429)
Total time: 12.88s

[Epoch 437]	Learning rate: 5.00e-5
[40/1120]	[L1: 0.0311]	4.2+0.0s
[80/1120]	[L1: 0.0300]	4.2+0.0s
[120/1120]	[L1: 0.0304]	4.5+0.0s
[160/1120]	[L1: 0.0312]	4.0+0.0s
[200/1120]	[L1: 0.0307]	4.1+0.0s
[240/1120]	[L1: 0.0308]	3.8+0.0s
[280/1120]	[L1: 0.0311]	3.0+0.0s
[320/1120]	[L1: 0.0310]	3.8+0.0s
[360/1120]	[L1: 0.0312]	4.4+0.0s
[400/1120]	[L1: 0.0313]	4.3+0.0s
[440/1120]	[L1: 0.0312]	4.1+0.0s
[480/1120]	[L1: 0.0310]	3.8+0.0s
[520/1120]	[L1: 0.0308]	3.1+0.0s
[560/1120]	[L1: 0.0309]	3.0+0.0s
[600/1120]	[L1: 0.0308]	3.1+0.0s
[640/1120]	[L1: 0.0310]	3.1+0.0s
[680/1120]	[L1: 0.0311]	3.0+0.0s
[720/1120]	[L1: 0.0309]	3.2+0.0s
[760/1120]	[L1: 0.0306]	2.8+0.0s
[800/1120]	[L1: 0.0306]	2.9+0.0s
[840/1120]	[L1: 0.0304]	3.5+0.0s
[880/1120]	[L1: 0.0305]	4.0+0.0s
[920/1120]	[L1: 0.0304]	3.2+0.0s
[960/1120]	[L1: 0.0302]	4.3+0.0s
[1000/1120]	[L1: 0.0302]	4.1+0.0s
[1040/1120]	[L1: 0.0302]	4.2+0.0s
[1080/1120]	[L1: 0.0303]	4.5+0.0s
[1120/1120]	[L1: 0.0304]	4.2+0.0s

Evaluation:
[RSSCN7 x4]	psnr: 27.754 (Best: 27.771 @epoch 429)
Total time: 10.62s

[Epoch 438]	Learning rate: 5.00e-5
[40/1120]	[L1: 0.0328]	4.4+0.1s
[80/1120]	[L1: 0.0294]	6.1+0.0s
[120/1120]	[L1: 0.0287]	6.1+0.0s
[160/1120]	[L1: 0.0275]	5.7+0.0s
[200/1120]	[L1: 0.0286]	6.4+0.0s
[240/1120]	[L1: 0.0288]	6.1+0.0s
[280/1120]	[L1: 0.0289]	4.7+0.1s
[320/1120]	[L1: 0.0287]	4.4+0.0s
[360/1120]	[L1: 0.0287]	4.4+0.0s
[400/1120]	[L1: 0.0290]	4.4+0.0s
[440/1120]	[L1: 0.0291]	4.4+0.0s
[480/1120]	[L1: 0.0293]	4.5+0.1s
[520/1120]	[L1: 0.0297]	4.9+0.0s
[560/1120]	[L1: 0.0298]	4.6+0.0s
[600/1120]	[L1: 0.0300]	4.4+0.1s
[640/1120]	[L1: 0.0297]	4.4+0.0s
[680/1120]	[L1: 0.0298]	4.5+0.1s
[720/1120]	[L1: 0.0299]	4.3+0.1s
[760/1120]	[L1: 0.0299]	4.6+0.0s
[800/1120]	[L1: 0.0303]	4.3+0.0s
[840/1120]	[L1: 0.0300]	4.4+0.0s
[880/1120]	[L1: 0.0301]	4.0+0.0s
[920/1120]	[L1: 0.0300]	3.0+0.0s
[960/1120]	[L1: 0.0301]	2.3+0.0s
[1000/1120]	[L1: 0.0301]	2.6+0.0s
[1040/1120]	[L1: 0.0300]	3.0+0.0s
[1080/1120]	[L1: 0.0301]	3.6+0.0s
[1120/1120]	[L1: 0.0302]	4.0+0.0s

Evaluation:
[RSSCN7 x4]	psnr: 27.764 (Best: 27.771 @epoch 429)
Total time: 7.68s

[Epoch 439]	Learning rate: 5.00e-5
[40/1120]	[L1: 0.0325]	2.6+0.0s
[80/1120]	[L1: 0.0317]	3.0+0.0s
[120/1120]	[L1: 0.0302]	3.6+0.0s
[160/1120]	[L1: 0.0299]	3.2+0.0s
[200/1120]	[L1: 0.0300]	2.8+0.0s
[240/1120]	[L1: 0.0305]	2.7+0.0s
[280/1120]	[L1: 0.0305]	3.0+0.0s
[320/1120]	[L1: 0.0313]	3.1+0.0s
[360/1120]	[L1: 0.0314]	3.0+0.0s
[400/1120]	[L1: 0.0317]	2.7+0.0s
[440/1120]	[L1: 0.0315]	2.5+0.0s
[480/1120]	[L1: 0.0314]	3.0+0.0s
[520/1120]	[L1: 0.0314]	4.3+0.0s
[560/1120]	[L1: 0.0312]	4.2+0.0s
[600/1120]	[L1: 0.0310]	3.3+0.0s
[640/1120]	[L1: 0.0310]	3.1+0.0s
[680/1120]	[L1: 0.0308]	3.0+0.0s
[720/1120]	[L1: 0.0307]	6.2+0.0s
[760/1120]	[L1: 0.0307]	6.2+0.1s
[800/1120]	[L1: 0.0305]	6.0+0.0s
[840/1120]	[L1: 0.0303]	6.2+0.0s
[880/1120]	[L1: 0.0302]	6.4+0.0s
[920/1120]	[L1: 0.0302]	5.5+0.0s
[960/1120]	[L1: 0.0301]	4.5+0.0s
[1000/1120]	[L1: 0.0302]	4.5+0.0s
[1040/1120]	[L1: 0.0303]	5.1+0.0s
[1080/1120]	[L1: 0.0302]	4.7+0.0s
[1120/1120]	[L1: 0.0302]	4.8+0.0s

Evaluation:
[RSSCN7 x4]	psnr: 27.764 (Best: 27.771 @epoch 429)
Total time: 10.77s

[Epoch 440]	Learning rate: 5.00e-5
[40/1120]	[L1: 0.0291]	4.8+0.1s
[80/1120]	[L1: 0.0282]	4.4+0.0s
[120/1120]	[L1: 0.0305]	5.3+0.0s
[160/1120]	[L1: 0.0309]	4.4+0.1s
[200/1120]	[L1: 0.0301]	4.6+0.0s
[240/1120]	[L1: 0.0305]	5.0+0.0s
[280/1120]	[L1: 0.0305]	4.8+0.0s
[320/1120]	[L1: 0.0304]	4.4+0.0s
[360/1120]	[L1: 0.0302]	5.2+0.0s
[400/1120]	[L1: 0.0305]	5.2+0.0s
[440/1120]	[L1: 0.0303]	3.8+0.0s
[480/1120]	[L1: 0.0302]	4.0+0.0s
[520/1120]	[L1: 0.0302]	4.2+0.0s
[560/1120]	[L1: 0.0301]	4.2+0.0s
[600/1120]	[L1: 0.0299]	4.1+0.0s
[640/1120]	[L1: 0.0299]	4.2+0.0s
[680/1120]	[L1: 0.0303]	2.6+0.0s
[720/1120]	[L1: 0.0302]	2.5+0.0s
[760/1120]	[L1: 0.0303]	3.0+0.0s
[800/1120]	[L1: 0.0304]	3.9+0.0s
[840/1120]	[L1: 0.0302]	4.3+0.0s
[880/1120]	[L1: 0.0303]	3.0+0.0s
[920/1120]	[L1: 0.0303]	2.6+0.0s
[960/1120]	[L1: 0.0305]	2.8+0.0s
[1000/1120]	[L1: 0.0304]	2.6+0.0s
[1040/1120]	[L1: 0.0303]	2.9+0.0s
[1080/1120]	[L1: 0.0302]	2.6+0.0s
[1120/1120]	[L1: 0.0303]	2.6+0.0s

Evaluation:
[RSSCN7 x4]	psnr: 27.751 (Best: 27.771 @epoch 429)
Total time: 7.54s

[Epoch 441]	Learning rate: 5.00e-5
[40/1120]	[L1: 0.0295]	3.0+0.0s
[80/1120]	[L1: 0.0289]	3.4+0.0s
[120/1120]	[L1: 0.0298]	3.3+0.0s
[160/1120]	[L1: 0.0289]	2.4+0.0s
[200/1120]	[L1: 0.0298]	2.8+0.0s
[240/1120]	[L1: 0.0295]	3.3+0.0s
[280/1120]	[L1: 0.0293]	4.1+0.0s
[320/1120]	[L1: 0.0289]	4.3+0.0s
[360/1120]	[L1: 0.0290]	6.0+0.0s
[400/1120]	[L1: 0.0288]	5.7+0.0s
[440/1120]	[L1: 0.0288]	4.7+0.0s
[480/1120]	[L1: 0.0293]	4.7+0.0s
[520/1120]	[L1: 0.0295]	5.2+0.0s
[560/1120]	[L1: 0.0296]	4.7+0.0s
[600/1120]	[L1: 0.0295]	4.2+0.0s
[640/1120]	[L1: 0.0294]	4.8+0.0s
[680/1120]	[L1: 0.0295]	4.6+0.0s
[720/1120]	[L1: 0.0292]	4.8+0.0s
[760/1120]	[L1: 0.0294]	4.4+0.0s
[800/1120]	[L1: 0.0293]	4.8+0.0s
[840/1120]	[L1: 0.0294]	4.7+0.0s
[880/1120]	[L1: 0.0295]	4.8+0.0s
[920/1120]	[L1: 0.0295]	5.0+0.0s
[960/1120]	[L1: 0.0296]	4.5+0.0s
[1000/1120]	[L1: 0.0298]	4.8+0.1s
[1040/1120]	[L1: 0.0301]	4.9+0.1s
[1080/1120]	[L1: 0.0301]	4.7+0.0s
[1120/1120]	[L1: 0.0302]	5.1+0.0s

Evaluation:
[RSSCN7 x4]	psnr: 27.763 (Best: 27.771 @epoch 429)
Total time: 11.15s

[Epoch 442]	Learning rate: 5.00e-5
[40/1120]	[L1: 0.0315]	4.7+0.1s
[80/1120]	[L1: 0.0288]	4.5+0.0s
[120/1120]	[L1: 0.0300]	4.1+0.0s
[160/1120]	[L1: 0.0306]	4.0+0.0s
[200/1120]	[L1: 0.0305]	3.9+0.0s
[240/1120]	[L1: 0.0305]	2.7+0.0s
[280/1120]	[L1: 0.0300]	3.2+0.0s
[320/1120]	[L1: 0.0298]	3.7+0.0s
[360/1120]	[L1: 0.0300]	3.9+0.0s
[400/1120]	[L1: 0.0301]	4.3+0.0s
[440/1120]	[L1: 0.0301]	4.6+0.0s
[480/1120]	[L1: 0.0302]	3.6+0.0s
[520/1120]	[L1: 0.0304]	3.0+0.0s
[560/1120]	[L1: 0.0301]	3.7+0.0s
[600/1120]	[L1: 0.0301]	3.9+0.0s
[640/1120]	[L1: 0.0299]	3.7+0.0s
[680/1120]	[L1: 0.0297]	2.6+0.0s
[720/1120]	[L1: 0.0297]	2.5+0.0s
[760/1120]	[L1: 0.0297]	2.7+0.0s
[800/1120]	[L1: 0.0299]	3.1+0.0s
[840/1120]	[L1: 0.0300]	3.8+0.0s
[880/1120]	[L1: 0.0301]	3.7+0.0s
[920/1120]	[L1: 0.0301]	2.6+0.0s
[960/1120]	[L1: 0.0301]	2.9+0.0s
[1000/1120]	[L1: 0.0300]	3.1+0.0s
[1040/1120]	[L1: 0.0302]	4.1+0.0s
[1080/1120]	[L1: 0.0302]	4.1+0.0s
[1120/1120]	[L1: 0.0303]	2.7+0.0s

Evaluation:
[RSSCN7 x4]	psnr: 27.772 (Best: 27.772 @epoch 442)
Total time: 8.13s

[Epoch 443]	Learning rate: 5.00e-5
[40/1120]	[L1: 0.0279]	4.5+0.0s
[80/1120]	[L1: 0.0294]	4.5+0.1s
[120/1120]	[L1: 0.0285]	5.8+0.0s
[160/1120]	[L1: 0.0285]	6.0+0.0s
[200/1120]	[L1: 0.0284]	5.6+0.0s
[240/1120]	[L1: 0.0291]	5.5+0.0s
[280/1120]	[L1: 0.0288]	5.3+0.0s
[320/1120]	[L1: 0.0288]	4.8+0.0s
[360/1120]	[L1: 0.0290]	5.1+0.0s
[400/1120]	[L1: 0.0295]	6.2+0.1s
[440/1120]	[L1: 0.0299]	6.4+0.0s
[480/1120]	[L1: 0.0297]	6.0+0.0s
[520/1120]	[L1: 0.0300]	4.3+0.0s
[560/1120]	[L1: 0.0295]	5.1+0.0s
[600/1120]	[L1: 0.0294]	6.3+0.0s
[640/1120]	[L1: 0.0296]	6.0+0.0s
[680/1120]	[L1: 0.0295]	6.8+0.1s
[720/1120]	[L1: 0.0297]	5.6+0.1s
[760/1120]	[L1: 0.0297]	5.1+0.0s
[800/1120]	[L1: 0.0300]	4.6+0.0s
[840/1120]	[L1: 0.0299]	4.3+0.1s
[880/1120]	[L1: 0.0301]	4.5+0.0s
[920/1120]	[L1: 0.0300]	4.5+0.0s
[960/1120]	[L1: 0.0299]	3.2+0.0s
[1000/1120]	[L1: 0.0299]	3.1+0.0s
[1040/1120]	[L1: 0.0299]	3.8+0.0s
[1080/1120]	[L1: 0.0301]	4.2+0.0s
[1120/1120]	[L1: 0.0302]	4.0+0.0s

Evaluation:
[RSSCN7 x4]	psnr: 27.762 (Best: 27.772 @epoch 442)
Total time: 8.71s

[Epoch 444]	Learning rate: 5.00e-5
[40/1120]	[L1: 0.0311]	3.1+0.0s
[80/1120]	[L1: 0.0298]	3.0+0.0s
[120/1120]	[L1: 0.0290]	3.5+0.0s
[160/1120]	[L1: 0.0291]	4.3+0.0s
[200/1120]	[L1: 0.0294]	4.1+0.0s
[240/1120]	[L1: 0.0291]	4.1+0.0s
[280/1120]	[L1: 0.0292]	4.1+0.0s
[320/1120]	[L1: 0.0290]	3.2+0.0s
[360/1120]	[L1: 0.0294]	2.7+0.0s
[400/1120]	[L1: 0.0294]	3.0+0.0s
[440/1120]	[L1: 0.0298]	3.9+0.0s
[480/1120]	[L1: 0.0303]	4.3+0.0s
[520/1120]	[L1: 0.0309]	3.0+0.0s
[560/1120]	[L1: 0.0309]	2.8+0.0s
[600/1120]	[L1: 0.0309]	2.8+0.0s
[640/1120]	[L1: 0.0309]	3.2+0.0s
[680/1120]	[L1: 0.0306]	4.1+0.0s
[720/1120]	[L1: 0.0306]	4.1+0.0s
[760/1120]	[L1: 0.0305]	3.1+0.0s
[800/1120]	[L1: 0.0304]	3.0+0.0s
[840/1120]	[L1: 0.0305]	5.3+0.1s
[880/1120]	[L1: 0.0305]	6.5+0.0s
[920/1120]	[L1: 0.0303]	5.3+0.0s
[960/1120]	[L1: 0.0304]	4.5+0.0s
[1000/1120]	[L1: 0.0304]	4.5+0.1s
[1040/1120]	[L1: 0.0305]	6.3+0.0s
[1080/1120]	[L1: 0.0303]	4.7+0.0s
[1120/1120]	[L1: 0.0303]	6.4+0.0s

Evaluation:
[RSSCN7 x4]	psnr: 27.761 (Best: 27.772 @epoch 442)
Total time: 13.17s

[Epoch 445]	Learning rate: 5.00e-5
[40/1120]	[L1: 0.0287]	4.6+0.1s
[80/1120]	[L1: 0.0286]	4.3+0.0s
[120/1120]	[L1: 0.0309]	4.7+0.0s
[160/1120]	[L1: 0.0314]	4.7+0.0s
[200/1120]	[L1: 0.0317]	4.6+0.0s
[240/1120]	[L1: 0.0320]	5.1+0.0s
[280/1120]	[L1: 0.0319]	4.2+0.1s
[320/1120]	[L1: 0.0315]	4.3+0.0s
[360/1120]	[L1: 0.0309]	4.6+0.0s
[400/1120]	[L1: 0.0307]	4.5+0.0s
[440/1120]	[L1: 0.0304]	3.9+0.0s
[480/1120]	[L1: 0.0304]	4.4+0.0s
[520/1120]	[L1: 0.0305]	4.4+0.0s
[560/1120]	[L1: 0.0305]	6.7+0.0s
[600/1120]	[L1: 0.0308]	5.4+0.0s
[640/1120]	[L1: 0.0307]	2.6+0.0s
[680/1120]	[L1: 0.0305]	2.9+0.0s
[720/1120]	[L1: 0.0305]	2.9+0.0s
[760/1120]	[L1: 0.0304]	3.9+0.0s
[800/1120]	[L1: 0.0307]	3.9+0.0s
[840/1120]	[L1: 0.0306]	3.0+0.0s
[880/1120]	[L1: 0.0306]	2.4+0.0s
[920/1120]	[L1: 0.0305]	3.0+0.0s
[960/1120]	[L1: 0.0305]	3.4+0.0s
[1000/1120]	[L1: 0.0305]	4.6+0.0s
[1040/1120]	[L1: 0.0303]	3.5+0.0s
[1080/1120]	[L1: 0.0302]	2.7+0.0s
[1120/1120]	[L1: 0.0301]	2.5+0.0s

Evaluation:
[RSSCN7 x4]	psnr: 27.763 (Best: 27.772 @epoch 442)
Total time: 7.56s

[Epoch 446]	Learning rate: 5.00e-5
[40/1120]	[L1: 0.0260]	2.5+0.0s
[80/1120]	[L1: 0.0290]	2.5+0.0s
[120/1120]	[L1: 0.0292]	2.6+0.0s
[160/1120]	[L1: 0.0300]	3.0+0.0s
[200/1120]	[L1: 0.0301]	3.1+0.0s
[240/1120]	[L1: 0.0303]	4.1+0.0s
[280/1120]	[L1: 0.0301]	4.4+0.0s
[320/1120]	[L1: 0.0299]	2.8+0.0s
[360/1120]	[L1: 0.0302]	2.5+0.0s
[400/1120]	[L1: 0.0301]	3.0+0.0s
[440/1120]	[L1: 0.0300]	4.2+0.0s
[480/1120]	[L1: 0.0299]	4.0+0.0s
[520/1120]	[L1: 0.0298]	6.2+0.1s
[560/1120]	[L1: 0.0293]	5.2+0.0s
[600/1120]	[L1: 0.0292]	5.1+0.0s
[640/1120]	[L1: 0.0294]	6.2+0.0s
[680/1120]	[L1: 0.0295]	4.9+0.1s
[720/1120]	[L1: 0.0296]	4.4+0.0s
[760/1120]	[L1: 0.0300]	5.2+0.0s
[800/1120]	[L1: 0.0299]	4.5+0.0s
[840/1120]	[L1: 0.0300]	4.1+0.1s
[880/1120]	[L1: 0.0300]	4.4+0.0s
[920/1120]	[L1: 0.0302]	5.0+0.0s
[960/1120]	[L1: 0.0301]	4.6+0.0s
[1000/1120]	[L1: 0.0302]	4.4+0.0s
[1040/1120]	[L1: 0.0304]	4.9+0.1s
[1080/1120]	[L1: 0.0302]	4.7+0.0s
[1120/1120]	[L1: 0.0302]	4.7+0.0s

Evaluation:
[RSSCN7 x4]	psnr: 27.766 (Best: 27.772 @epoch 442)
Total time: 11.07s

[Epoch 447]	Learning rate: 5.00e-5
[40/1120]	[L1: 0.0308]	4.7+0.0s
[80/1120]	[L1: 0.0305]	4.8+0.0s
[120/1120]	[L1: 0.0309]	5.1+0.0s
[160/1120]	[L1: 0.0311]	5.0+0.0s
[200/1120]	[L1: 0.0299]	4.4+0.0s
[240/1120]	[L1: 0.0298]	4.6+0.0s
[280/1120]	[L1: 0.0294]	3.5+0.0s
[320/1120]	[L1: 0.0296]	3.1+0.0s
[360/1120]	[L1: 0.0297]	3.1+0.0s
[400/1120]	[L1: 0.0300]	3.1+0.0s
[440/1120]	[L1: 0.0302]	3.5+0.0s
[480/1120]	[L1: 0.0304]	4.1+0.0s
[520/1120]	[L1: 0.0304]	4.5+0.0s
[560/1120]	[L1: 0.0305]	4.1+0.0s
[600/1120]	[L1: 0.0304]	3.9+0.0s
[640/1120]	[L1: 0.0303]	2.9+0.0s
[680/1120]	[L1: 0.0304]	3.1+0.0s
[720/1120]	[L1: 0.0305]	4.1+0.0s
[760/1120]	[L1: 0.0304]	4.1+0.0s
[800/1120]	[L1: 0.0303]	4.0+0.0s
[840/1120]	[L1: 0.0302]	3.0+0.0s
[880/1120]	[L1: 0.0301]	3.0+0.0s
[920/1120]	[L1: 0.0302]	3.7+0.0s
[960/1120]	[L1: 0.0301]	4.3+0.0s
[1000/1120]	[L1: 0.0301]	4.1+0.0s
[1040/1120]	[L1: 0.0300]	3.4+0.0s
[1080/1120]	[L1: 0.0301]	2.9+0.0s
[1120/1120]	[L1: 0.0302]	3.0+0.0s

Evaluation:
[RSSCN7 x4]	psnr: 27.762 (Best: 27.772 @epoch 442)
Total time: 7.79s

[Epoch 448]	Learning rate: 5.00e-5
[40/1120]	[L1: 0.0250]	2.6+0.1s
[80/1120]	[L1: 0.0284]	3.0+0.0s
[120/1120]	[L1: 0.0276]	5.4+0.1s
[160/1120]	[L1: 0.0277]	6.3+0.0s
[200/1120]	[L1: 0.0280]	5.7+0.0s
[240/1120]	[L1: 0.0284]	4.9+0.0s
[280/1120]	[L1: 0.0288]	5.0+0.0s
[320/1120]	[L1: 0.0292]	5.0+0.0s
[360/1120]	[L1: 0.0293]	4.8+0.1s
[400/1120]	[L1: 0.0294]	4.4+0.0s
[440/1120]	[L1: 0.0293]	5.2+0.0s
[480/1120]	[L1: 0.0294]	4.3+0.0s
[520/1120]	[L1: 0.0296]	4.8+0.1s
[560/1120]	[L1: 0.0296]	5.2+0.0s
[600/1120]	[L1: 0.0297]	5.7+0.1s
[640/1120]	[L1: 0.0299]	7.2+0.0s
[680/1120]	[L1: 0.0299]	6.3+0.0s
[720/1120]	[L1: 0.0300]	6.9+0.0s
[760/1120]	[L1: 0.0300]	6.4+0.0s
[800/1120]	[L1: 0.0301]	6.6+0.0s
[840/1120]	[L1: 0.0302]	6.6+0.0s
[880/1120]	[L1: 0.0302]	7.1+0.0s
[920/1120]	[L1: 0.0301]	6.4+0.0s
[960/1120]	[L1: 0.0302]	5.9+0.0s
[1000/1120]	[L1: 0.0302]	6.0+0.0s
[1040/1120]	[L1: 0.0302]	6.4+0.0s
[1080/1120]	[L1: 0.0302]	5.2+0.0s
[1120/1120]	[L1: 0.0302]	4.3+0.0s

Evaluation:
[RSSCN7 x4]	psnr: 27.762 (Best: 27.772 @epoch 442)
Total time: 7.73s

[Epoch 449]	Learning rate: 5.00e-5
[40/1120]	[L1: 0.0305]	2.9+0.0s
[80/1120]	[L1: 0.0294]	3.1+0.0s
[120/1120]	[L1: 0.0293]	3.4+0.0s
[160/1120]	[L1: 0.0298]	4.0+0.0s
[200/1120]	[L1: 0.0303]	4.3+0.0s
[240/1120]	[L1: 0.0304]	2.9+0.0s
[280/1120]	[L1: 0.0307]	3.0+0.0s
[320/1120]	[L1: 0.0306]	3.3+0.0s
[360/1120]	[L1: 0.0302]	3.1+0.0s
[400/1120]	[L1: 0.0305]	3.1+0.0s
[440/1120]	[L1: 0.0303]	3.1+0.0s
[480/1120]	[L1: 0.0299]	2.9+0.0s
[520/1120]	[L1: 0.0297]	3.0+0.0s
[560/1120]	[L1: 0.0301]	3.4+0.0s
[600/1120]	[L1: 0.0302]	3.1+0.0s
[640/1120]	[L1: 0.0301]	2.8+0.0s
[680/1120]	[L1: 0.0303]	3.0+0.0s
[720/1120]	[L1: 0.0303]	2.4+0.0s
[760/1120]	[L1: 0.0303]	2.8+0.0s
[800/1120]	[L1: 0.0303]	3.1+0.0s
[840/1120]	[L1: 0.0303]	3.0+0.0s
[880/1120]	[L1: 0.0303]	3.7+0.0s
[920/1120]	[L1: 0.0304]	4.3+0.0s
[960/1120]	[L1: 0.0303]	5.8+0.0s
[1000/1120]	[L1: 0.0302]	4.8+0.0s
[1040/1120]	[L1: 0.0302]	4.6+0.1s
[1080/1120]	[L1: 0.0302]	4.4+0.0s
[1120/1120]	[L1: 0.0303]	4.3+0.0s

Evaluation:
[RSSCN7 x4]	psnr: 27.768 (Best: 27.772 @epoch 442)
Total time: 12.37s

[Epoch 450]	Learning rate: 5.00e-5
[40/1120]	[L1: 0.0318]	5.5+0.1s
[80/1120]	[L1: 0.0304]	7.9+0.0s
[120/1120]	[L1: 0.0303]	5.9+0.0s
[160/1120]	[L1: 0.0310]	5.8+0.0s
[200/1120]	[L1: 0.0306]	4.7+0.0s
[240/1120]	[L1: 0.0300]	4.8+0.0s
[280/1120]	[L1: 0.0295]	5.3+0.1s
[320/1120]	[L1: 0.0300]	5.6+0.0s
[360/1120]	[L1: 0.0298]	5.4+0.0s
[400/1120]	[L1: 0.0299]	4.6+0.0s
[440/1120]	[L1: 0.0298]	5.2+0.0s
[480/1120]	[L1: 0.0295]	5.6+0.0s
[520/1120]	[L1: 0.0298]	4.6+0.0s
[560/1120]	[L1: 0.0297]	4.9+0.0s
[600/1120]	[L1: 0.0299]	5.2+0.0s
[640/1120]	[L1: 0.0298]	4.7+0.0s
[680/1120]	[L1: 0.0299]	5.4+0.0s
[720/1120]	[L1: 0.0298]	3.7+0.0s
[760/1120]	[L1: 0.0299]	3.0+0.0s
[800/1120]	[L1: 0.0300]	3.2+0.0s
[840/1120]	[L1: 0.0301]	3.5+0.0s
[880/1120]	[L1: 0.0301]	2.9+0.0s
[920/1120]	[L1: 0.0304]	3.0+0.0s
[960/1120]	[L1: 0.0304]	4.2+0.0s
[1000/1120]	[L1: 0.0302]	4.6+0.0s
[1040/1120]	[L1: 0.0302]	3.4+0.0s
[1080/1120]	[L1: 0.0303]	2.5+0.0s
[1120/1120]	[L1: 0.0303]	3.3+0.0s

Evaluation:
[RSSCN7 x4]	psnr: 27.773 (Best: 27.773 @epoch 450)
Total time: 8.33s

[Epoch 451]	Learning rate: 5.00e-5
[40/1120]	[L1: 0.0268]	4.0+0.0s
[80/1120]	[L1: 0.0288]	3.6+0.0s
[120/1120]	[L1: 0.0304]	2.4+0.0s
[160/1120]	[L1: 0.0305]	2.8+0.0s
[200/1120]	[L1: 0.0296]	2.9+0.0s
[240/1120]	[L1: 0.0293]	3.0+0.0s
[280/1120]	[L1: 0.0296]	3.4+0.0s
[320/1120]	[L1: 0.0303]	3.8+0.0s
[360/1120]	[L1: 0.0307]	2.5+0.0s
[400/1120]	[L1: 0.0307]	2.7+0.0s
[440/1120]	[L1: 0.0308]	2.9+0.0s
[480/1120]	[L1: 0.0304]	3.2+0.0s
[520/1120]	[L1: 0.0304]	3.8+0.0s
[560/1120]	[L1: 0.0305]	3.9+0.0s
[600/1120]	[L1: 0.0304]	2.6+0.0s
[640/1120]	[L1: 0.0306]	4.7+0.0s
[680/1120]	[L1: 0.0302]	5.3+0.0s
[720/1120]	[L1: 0.0301]	5.4+0.0s
[760/1120]	[L1: 0.0300]	5.2+0.0s
[800/1120]	[L1: 0.0297]	7.5+0.0s
[840/1120]	[L1: 0.0298]	7.4+0.0s
[880/1120]	[L1: 0.0297]	6.7+0.1s
[920/1120]	[L1: 0.0299]	4.7+0.0s
[960/1120]	[L1: 0.0299]	6.0+0.0s
[1000/1120]	[L1: 0.0299]	5.9+0.0s
[1040/1120]	[L1: 0.0301]	4.9+0.0s
[1080/1120]	[L1: 0.0302]	5.1+0.0s
[1120/1120]	[L1: 0.0302]	4.8+0.0s

Evaluation:
[RSSCN7 x4]	psnr: 27.765 (Best: 27.773 @epoch 450)
Total time: 11.13s

[Epoch 452]	Learning rate: 5.00e-5
[40/1120]	[L1: 0.0269]	4.9+0.1s
[80/1120]	[L1: 0.0287]	4.3+0.0s
[120/1120]	[L1: 0.0277]	4.6+0.0s
[160/1120]	[L1: 0.0283]	5.8+0.0s
[200/1120]	[L1: 0.0291]	7.0+0.0s
[240/1120]	[L1: 0.0290]	6.1+0.0s
[280/1120]	[L1: 0.0297]	6.5+0.0s
[320/1120]	[L1: 0.0292]	4.8+0.0s
[360/1120]	[L1: 0.0296]	4.0+0.0s
[400/1120]	[L1: 0.0299]	3.9+0.0s
[440/1120]	[L1: 0.0300]	4.3+0.0s
[480/1120]	[L1: 0.0304]	3.5+0.0s
[520/1120]	[L1: 0.0304]	3.1+0.0s
[560/1120]	[L1: 0.0302]	3.3+0.0s
[600/1120]	[L1: 0.0304]	3.9+0.0s
[640/1120]	[L1: 0.0303]	4.1+0.0s
[680/1120]	[L1: 0.0304]	4.1+0.0s
[720/1120]	[L1: 0.0303]	4.0+0.0s
[760/1120]	[L1: 0.0303]	3.3+0.0s
[800/1120]	[L1: 0.0304]	3.0+0.0s
[840/1120]	[L1: 0.0304]	3.0+0.0s
[880/1120]	[L1: 0.0303]	4.1+0.0s
[920/1120]	[L1: 0.0305]	3.8+0.0s
[960/1120]	[L1: 0.0306]	3.0+0.0s
[1000/1120]	[L1: 0.0305]	3.0+0.0s
[1040/1120]	[L1: 0.0304]	2.9+0.0s
[1080/1120]	[L1: 0.0303]	3.9+0.0s
[1120/1120]	[L1: 0.0302]	4.1+0.0s

Evaluation:
[RSSCN7 x4]	psnr: 27.765 (Best: 27.773 @epoch 450)
Total time: 7.89s

[Epoch 453]	Learning rate: 5.00e-5
[40/1120]	[L1: 0.0305]	3.1+0.0s
[80/1120]	[L1: 0.0293]	3.4+0.0s
[120/1120]	[L1: 0.0305]	4.3+0.0s
[160/1120]	[L1: 0.0298]	3.5+0.0s
[200/1120]	[L1: 0.0296]	4.6+0.0s
[240/1120]	[L1: 0.0293]	4.8+0.0s
[280/1120]	[L1: 0.0293]	6.2+0.1s
[320/1120]	[L1: 0.0289]	5.4+0.0s
[360/1120]	[L1: 0.0293]	6.2+0.0s
[400/1120]	[L1: 0.0291]	7.1+0.0s
[440/1120]	[L1: 0.0291]	6.7+0.0s
[480/1120]	[L1: 0.0293]	4.7+0.0s
[520/1120]	[L1: 0.0294]	5.3+0.0s
[560/1120]	[L1: 0.0295]	5.4+0.0s
[600/1120]	[L1: 0.0296]	6.4+0.0s
[640/1120]	[L1: 0.0296]	6.9+0.0s
[680/1120]	[L1: 0.0297]	6.5+0.1s
[720/1120]	[L1: 0.0301]	5.8+0.0s
[760/1120]	[L1: 0.0302]	5.4+0.0s
[800/1120]	[L1: 0.0303]	5.2+0.0s
[840/1120]	[L1: 0.0303]	5.0+0.0s
[880/1120]	[L1: 0.0302]	6.1+0.0s
[920/1120]	[L1: 0.0302]	5.1+0.0s
[960/1120]	[L1: 0.0304]	4.8+0.0s
[1000/1120]	[L1: 0.0305]	6.4+0.0s
[1040/1120]	[L1: 0.0304]	6.3+0.0s
[1080/1120]	[L1: 0.0304]	6.8+0.0s
[1120/1120]	[L1: 0.0302]	6.8+0.0s

Evaluation:
[RSSCN7 x4]	psnr: 27.766 (Best: 27.773 @epoch 450)
Total time: 8.56s

[Epoch 454]	Learning rate: 5.00e-5
[40/1120]	[L1: 0.0275]	3.2+0.1s
[80/1120]	[L1: 0.0280]	3.3+0.0s
[120/1120]	[L1: 0.0302]	4.4+0.0s
[160/1120]	[L1: 0.0312]	4.0+0.0s
[200/1120]	[L1: 0.0314]	3.4+0.0s
[240/1120]	[L1: 0.0318]	2.9+0.0s
[280/1120]	[L1: 0.0323]	2.7+0.0s
[320/1120]	[L1: 0.0320]	3.0+0.0s
[360/1120]	[L1: 0.0322]	3.9+0.0s
[400/1120]	[L1: 0.0322]	3.9+0.0s
[440/1120]	[L1: 0.0320]	2.9+0.0s
[480/1120]	[L1: 0.0317]	3.1+0.0s
[520/1120]	[L1: 0.0314]	3.3+0.0s
[560/1120]	[L1: 0.0311]	4.2+0.0s
[600/1120]	[L1: 0.0309]	4.0+0.0s
[640/1120]	[L1: 0.0308]	2.5+0.0s
[680/1120]	[L1: 0.0307]	2.6+0.0s
[720/1120]	[L1: 0.0306]	3.3+0.0s
[760/1120]	[L1: 0.0306]	3.1+0.0s
[800/1120]	[L1: 0.0306]	4.4+0.0s
[840/1120]	[L1: 0.0305]	4.1+0.0s
[880/1120]	[L1: 0.0305]	3.0+0.0s
[920/1120]	[L1: 0.0304]	2.5+0.0s
[960/1120]	[L1: 0.0305]	2.7+0.0s
[1000/1120]	[L1: 0.0304]	2.8+0.0s
[1040/1120]	[L1: 0.0303]	4.8+0.0s
[1080/1120]	[L1: 0.0304]	5.8+0.0s
[1120/1120]	[L1: 0.0302]	6.9+0.0s

Evaluation:
[RSSCN7 x4]	psnr: 27.742 (Best: 27.773 @epoch 450)
Total time: 13.06s

[Epoch 455]	Learning rate: 5.00e-5
[40/1120]	[L1: 0.0292]	4.8+0.0s
[80/1120]	[L1: 0.0307]	4.6+0.0s
[120/1120]	[L1: 0.0300]	5.5+0.1s
[160/1120]	[L1: 0.0305]	5.7+0.0s
[200/1120]	[L1: 0.0307]	7.9+0.0s
[240/1120]	[L1: 0.0310]	6.6+0.1s
[280/1120]	[L1: 0.0309]	6.0+0.0s
[320/1120]	[L1: 0.0304]	4.8+0.0s
[360/1120]	[L1: 0.0303]	5.0+0.0s
[400/1120]	[L1: 0.0302]	5.5+0.1s
[440/1120]	[L1: 0.0299]	6.2+0.0s
[480/1120]	[L1: 0.0297]	6.2+0.0s
[520/1120]	[L1: 0.0298]	6.6+0.0s
[560/1120]	[L1: 0.0295]	6.2+0.0s
[600/1120]	[L1: 0.0296]	6.1+0.0s
[640/1120]	[L1: 0.0295]	6.8+0.0s
[680/1120]	[L1: 0.0294]	5.7+0.1s
[720/1120]	[L1: 0.0294]	5.9+0.0s
[760/1120]	[L1: 0.0293]	5.4+0.1s
[800/1120]	[L1: 0.0295]	3.5+0.0s
[840/1120]	[L1: 0.0296]	3.2+0.0s
[880/1120]	[L1: 0.0295]	3.1+0.0s
[920/1120]	[L1: 0.0298]	3.2+0.0s
[960/1120]	[L1: 0.0298]	3.1+0.0s
[1000/1120]	[L1: 0.0300]	3.4+0.0s
[1040/1120]	[L1: 0.0301]	4.2+0.0s
[1080/1120]	[L1: 0.0302]	4.4+0.0s
[1120/1120]	[L1: 0.0303]	2.9+0.0s

Evaluation:
[RSSCN7 x4]	psnr: 27.754 (Best: 27.773 @epoch 450)
Total time: 7.51s

[Epoch 456]	Learning rate: 5.00e-5
[40/1120]	[L1: 0.0296]	3.9+0.0s
[80/1120]	[L1: 0.0310]	3.9+0.0s
[120/1120]	[L1: 0.0324]	2.4+0.0s
[160/1120]	[L1: 0.0320]	2.6+0.0s
[200/1120]	[L1: 0.0319]	3.2+0.0s
[240/1120]	[L1: 0.0311]	3.1+0.0s
[280/1120]	[L1: 0.0305]	3.6+0.0s
[320/1120]	[L1: 0.0304]	4.2+0.0s
[360/1120]	[L1: 0.0307]	2.9+0.0s
[400/1120]	[L1: 0.0309]	2.6+0.0s
[440/1120]	[L1: 0.0306]	2.5+0.0s
[480/1120]	[L1: 0.0304]	2.8+0.0s
[520/1120]	[L1: 0.0303]	2.8+0.0s
[560/1120]	[L1: 0.0302]	4.0+0.0s
[600/1120]	[L1: 0.0302]	2.6+0.0s
[640/1120]	[L1: 0.0301]	3.3+0.0s
[680/1120]	[L1: 0.0300]	5.8+0.0s
[720/1120]	[L1: 0.0299]	6.1+0.0s
[760/1120]	[L1: 0.0299]	5.0+0.0s
[800/1120]	[L1: 0.0298]	4.9+0.0s
[840/1120]	[L1: 0.0300]	5.8+0.0s
[880/1120]	[L1: 0.0301]	5.7+0.0s
[920/1120]	[L1: 0.0302]	5.6+0.0s
[960/1120]	[L1: 0.0302]	4.6+0.0s
[1000/1120]	[L1: 0.0301]	4.9+0.0s
[1040/1120]	[L1: 0.0301]	4.4+0.0s
[1080/1120]	[L1: 0.0302]	4.2+0.0s
[1120/1120]	[L1: 0.0302]	4.4+0.0s

Evaluation:
[RSSCN7 x4]	psnr: 27.751 (Best: 27.773 @epoch 450)
Total time: 11.13s

[Epoch 457]	Learning rate: 5.00e-5
[40/1120]	[L1: 0.0308]	5.3+0.1s
[80/1120]	[L1: 0.0284]	4.4+0.0s
[120/1120]	[L1: 0.0288]	4.6+0.1s
[160/1120]	[L1: 0.0300]	4.4+0.0s
[200/1120]	[L1: 0.0304]	5.1+0.0s
[240/1120]	[L1: 0.0304]	4.5+0.0s
[280/1120]	[L1: 0.0309]	5.0+0.1s
[320/1120]	[L1: 0.0307]	6.5+0.0s
[360/1120]	[L1: 0.0307]	4.5+0.0s
[400/1120]	[L1: 0.0306]	4.5+0.0s
[440/1120]	[L1: 0.0303]	3.7+0.0s
[480/1120]	[L1: 0.0303]	3.2+0.0s
[520/1120]	[L1: 0.0301]	3.0+0.0s
[560/1120]	[L1: 0.0301]	3.0+0.0s
[600/1120]	[L1: 0.0301]	4.1+0.0s
[640/1120]	[L1: 0.0300]	4.5+0.0s
[680/1120]	[L1: 0.0301]	3.5+0.0s
[720/1120]	[L1: 0.0302]	2.5+0.0s
[760/1120]	[L1: 0.0303]	3.0+0.0s
[800/1120]	[L1: 0.0301]	3.4+0.0s
[840/1120]	[L1: 0.0300]	4.1+0.0s
[880/1120]	[L1: 0.0302]	4.1+0.0s
[920/1120]	[L1: 0.0300]	3.2+0.0s
[960/1120]	[L1: 0.0301]	2.6+0.0s
[1000/1120]	[L1: 0.0303]	3.1+0.0s
[1040/1120]	[L1: 0.0303]	3.0+0.0s
[1080/1120]	[L1: 0.0301]	3.9+0.0s
[1120/1120]	[L1: 0.0303]	4.3+0.0s

Evaluation:
[RSSCN7 x4]	psnr: 27.765 (Best: 27.773 @epoch 450)
Total time: 8.06s

[Epoch 458]	Learning rate: 5.00e-5
[40/1120]	[L1: 0.0316]	2.6+0.0s
[80/1120]	[L1: 0.0318]	2.8+0.0s
[120/1120]	[L1: 0.0303]	2.9+0.0s
[160/1120]	[L1: 0.0307]	2.9+0.0s
[200/1120]	[L1: 0.0300]	3.2+0.0s
[240/1120]	[L1: 0.0297]	3.0+0.0s
[280/1120]	[L1: 0.0298]	2.9+0.0s
[320/1120]	[L1: 0.0301]	4.3+0.0s
[360/1120]	[L1: 0.0302]	5.5+0.0s
[400/1120]	[L1: 0.0301]	5.1+0.0s
[440/1120]	[L1: 0.0305]	4.5+0.0s
[480/1120]	[L1: 0.0305]	5.6+0.0s
[520/1120]	[L1: 0.0306]	6.5+0.0s
[560/1120]	[L1: 0.0304]	6.0+0.1s
[600/1120]	[L1: 0.0306]	6.3+0.0s
[640/1120]	[L1: 0.0305]	7.0+0.0s
[680/1120]	[L1: 0.0305]	6.2+0.0s
[720/1120]	[L1: 0.0304]	6.6+0.0s
[760/1120]	[L1: 0.0302]	6.3+0.0s
[800/1120]	[L1: 0.0301]	6.8+0.0s
[840/1120]	[L1: 0.0301]	6.4+0.0s
[880/1120]	[L1: 0.0300]	7.0+0.1s
[920/1120]	[L1: 0.0300]	6.9+0.0s
[960/1120]	[L1: 0.0300]	5.0+0.1s
[1000/1120]	[L1: 0.0301]	4.6+0.0s
[1040/1120]	[L1: 0.0302]	4.9+0.0s
[1080/1120]	[L1: 0.0302]	5.9+0.0s
[1120/1120]	[L1: 0.0302]	6.2+0.0s

Evaluation:
[RSSCN7 x4]	psnr: 27.763 (Best: 27.773 @epoch 450)
Total time: 13.41s

[Epoch 459]	Learning rate: 5.00e-5
[40/1120]	[L1: 0.0279]	7.0+0.1s
[80/1120]	[L1: 0.0294]	4.0+0.0s
[120/1120]	[L1: 0.0302]	4.0+0.0s
[160/1120]	[L1: 0.0295]	3.6+0.0s
[200/1120]	[L1: 0.0291]	2.9+0.0s
[240/1120]	[L1: 0.0298]	3.3+0.0s
[280/1120]	[L1: 0.0300]	3.9+0.0s
[320/1120]	[L1: 0.0305]	2.8+0.0s
[360/1120]	[L1: 0.0308]	2.6+0.0s
[400/1120]	[L1: 0.0307]	2.5+0.0s
[440/1120]	[L1: 0.0308]	2.8+0.0s
[480/1120]	[L1: 0.0308]	2.9+0.0s
[520/1120]	[L1: 0.0308]	3.0+0.0s
[560/1120]	[L1: 0.0308]	3.0+0.0s
[600/1120]	[L1: 0.0308]	3.0+0.0s
[640/1120]	[L1: 0.0305]	3.4+0.0s
[680/1120]	[L1: 0.0304]	4.1+0.0s
[720/1120]	[L1: 0.0303]	2.9+0.0s
[760/1120]	[L1: 0.0303]	3.0+0.0s
[800/1120]	[L1: 0.0302]	3.0+0.0s
[840/1120]	[L1: 0.0300]	3.0+0.0s
[880/1120]	[L1: 0.0301]	3.7+0.0s
[920/1120]	[L1: 0.0300]	3.5+0.0s
[960/1120]	[L1: 0.0300]	2.8+0.0s
[1000/1120]	[L1: 0.0301]	3.0+0.0s
[1040/1120]	[L1: 0.0301]	4.0+0.0s
[1080/1120]	[L1: 0.0302]	4.1+0.0s
[1120/1120]	[L1: 0.0301]	3.9+0.0s

Evaluation:
[RSSCN7 x4]	psnr: 27.756 (Best: 27.773 @epoch 450)
Total time: 9.60s

[Epoch 460]	Learning rate: 5.00e-5
[40/1120]	[L1: 0.0317]	4.1+0.0s
[80/1120]	[L1: 0.0315]	5.5+0.0s
[120/1120]	[L1: 0.0308]	6.0+0.0s
[160/1120]	[L1: 0.0314]	6.6+0.0s
[200/1120]	[L1: 0.0307]	6.1+0.0s
[240/1120]	[L1: 0.0306]	5.1+0.0s
[280/1120]	[L1: 0.0300]	4.2+0.0s
[320/1120]	[L1: 0.0301]	3.6+0.0s
[360/1120]	[L1: 0.0302]	4.3+0.0s
[400/1120]	[L1: 0.0304]	3.7+0.0s
[440/1120]	[L1: 0.0304]	4.5+0.0s
[480/1120]	[L1: 0.0304]	4.6+0.0s
[520/1120]	[L1: 0.0305]	4.4+0.0s
[560/1120]	[L1: 0.0304]	4.6+0.0s
[600/1120]	[L1: 0.0303]	4.3+0.0s
[640/1120]	[L1: 0.0303]	4.6+0.0s
[680/1120]	[L1: 0.0301]	5.2+0.0s
[720/1120]	[L1: 0.0300]	4.5+0.0s
[760/1120]	[L1: 0.0299]	4.6+0.0s
[800/1120]	[L1: 0.0299]	4.4+0.0s
[840/1120]	[L1: 0.0301]	6.2+0.0s
[880/1120]	[L1: 0.0300]	5.0+0.0s
[920/1120]	[L1: 0.0301]	4.7+0.0s
[960/1120]	[L1: 0.0301]	3.0+0.0s
[1000/1120]	[L1: 0.0301]	4.0+0.0s
[1040/1120]	[L1: 0.0303]	3.9+0.0s
[1080/1120]	[L1: 0.0302]	2.8+0.0s
[1120/1120]	[L1: 0.0302]	2.9+0.0s

Evaluation:
[RSSCN7 x4]	psnr: 27.765 (Best: 27.773 @epoch 450)
Total time: 8.15s

[Epoch 461]	Learning rate: 5.00e-5
[40/1120]	[L1: 0.0313]	3.0+0.1s
[80/1120]	[L1: 0.0322]	3.7+0.0s
[120/1120]	[L1: 0.0319]	3.9+0.0s
[160/1120]	[L1: 0.0307]	4.3+0.0s
[200/1120]	[L1: 0.0311]	4.0+0.0s
[240/1120]	[L1: 0.0311]	4.1+0.0s
[280/1120]	[L1: 0.0307]	4.1+0.0s
[320/1120]	[L1: 0.0304]	3.6+0.0s
[360/1120]	[L1: 0.0304]	3.4+0.0s
[400/1120]	[L1: 0.0301]	4.0+0.0s
[440/1120]	[L1: 0.0301]	4.0+0.0s
[480/1120]	[L1: 0.0300]	4.0+0.0s
[520/1120]	[L1: 0.0297]	3.9+0.0s
[560/1120]	[L1: 0.0299]	4.0+0.0s
[600/1120]	[L1: 0.0299]	4.2+0.0s
[640/1120]	[L1: 0.0297]	3.0+0.0s
[680/1120]	[L1: 0.0297]	2.9+0.0s
[720/1120]	[L1: 0.0295]	3.4+0.0s
[760/1120]	[L1: 0.0298]	3.5+0.0s
[800/1120]	[L1: 0.0298]	5.0+0.0s
[840/1120]	[L1: 0.0297]	4.2+0.0s
[880/1120]	[L1: 0.0299]	4.3+0.0s
[920/1120]	[L1: 0.0299]	4.2+0.0s
[960/1120]	[L1: 0.0301]	4.2+0.0s
[1000/1120]	[L1: 0.0302]	4.3+0.0s
[1040/1120]	[L1: 0.0303]	5.5+0.1s
[1080/1120]	[L1: 0.0302]	6.1+0.0s
[1120/1120]	[L1: 0.0302]	6.4+0.0s

Evaluation:
[RSSCN7 x4]	psnr: 27.754 (Best: 27.773 @epoch 450)
Total time: 11.45s

[Epoch 462]	Learning rate: 5.00e-5
[40/1120]	[L1: 0.0278]	4.8+0.1s
[80/1120]	[L1: 0.0271]	5.1+0.1s
[120/1120]	[L1: 0.0279]	5.9+0.0s
[160/1120]	[L1: 0.0283]	6.5+0.0s
[200/1120]	[L1: 0.0291]	6.1+0.0s
[240/1120]	[L1: 0.0289]	5.9+0.1s
[280/1120]	[L1: 0.0292]	5.5+0.0s
[320/1120]	[L1: 0.0295]	4.6+0.0s
[360/1120]	[L1: 0.0295]	6.1+0.1s
[400/1120]	[L1: 0.0293]	6.4+0.1s
[440/1120]	[L1: 0.0292]	5.3+0.0s
[480/1120]	[L1: 0.0293]	5.3+0.0s
[520/1120]	[L1: 0.0297]	5.5+0.0s
[560/1120]	[L1: 0.0298]	3.9+0.0s
[600/1120]	[L1: 0.0298]	3.7+0.0s
[640/1120]	[L1: 0.0298]	2.9+0.0s
[680/1120]	[L1: 0.0298]	3.9+0.0s
[720/1120]	[L1: 0.0296]	4.1+0.0s
[760/1120]	[L1: 0.0296]	2.7+0.0s
[800/1120]	[L1: 0.0297]	2.9+0.0s
[840/1120]	[L1: 0.0297]	3.0+0.0s
[880/1120]	[L1: 0.0298]	3.6+0.0s
[920/1120]	[L1: 0.0299]	4.1+0.0s
[960/1120]	[L1: 0.0301]	4.1+0.0s
[1000/1120]	[L1: 0.0303]	2.9+0.0s
[1040/1120]	[L1: 0.0302]	3.0+0.0s
[1080/1120]	[L1: 0.0302]	3.1+0.0s
[1120/1120]	[L1: 0.0303]	3.1+0.0s

Evaluation:
[RSSCN7 x4]	psnr: 27.762 (Best: 27.773 @epoch 450)
Total time: 7.63s

[Epoch 463]	Learning rate: 5.00e-5
[40/1120]	[L1: 0.0301]	2.6+0.1s
[80/1120]	[L1: 0.0315]	2.7+0.0s
[120/1120]	[L1: 0.0294]	2.8+0.0s
[160/1120]	[L1: 0.0303]	2.9+0.0s
[200/1120]	[L1: 0.0299]	3.0+0.0s
[240/1120]	[L1: 0.0300]	3.0+0.0s
[280/1120]	[L1: 0.0308]	4.0+0.0s
[320/1120]	[L1: 0.0306]	4.1+0.0s
[360/1120]	[L1: 0.0309]	4.1+0.0s
[400/1120]	[L1: 0.0312]	5.8+0.0s
[440/1120]	[L1: 0.0310]	6.0+0.0s
[480/1120]	[L1: 0.0309]	6.2+0.0s
[520/1120]	[L1: 0.0309]	6.3+0.0s
[560/1120]	[L1: 0.0307]	6.1+0.0s
[600/1120]	[L1: 0.0306]	5.9+0.0s
[640/1120]	[L1: 0.0306]	6.0+0.0s
[680/1120]	[L1: 0.0307]	5.9+0.0s
[720/1120]	[L1: 0.0306]	5.4+0.0s
[760/1120]	[L1: 0.0306]	5.6+0.0s
[800/1120]	[L1: 0.0303]	4.9+0.0s
[840/1120]	[L1: 0.0303]	4.6+0.0s
[880/1120]	[L1: 0.0302]	4.5+0.0s
[920/1120]	[L1: 0.0302]	4.4+0.0s
[960/1120]	[L1: 0.0302]	4.6+0.1s
[1000/1120]	[L1: 0.0303]	5.0+0.0s
[1040/1120]	[L1: 0.0303]	6.2+0.0s
[1080/1120]	[L1: 0.0303]	4.5+0.0s
[1120/1120]	[L1: 0.0302]	6.3+0.0s

Evaluation:
[RSSCN7 x4]	psnr: 27.758 (Best: 27.773 @epoch 450)
Total time: 12.97s

[Epoch 464]	Learning rate: 5.00e-5
[40/1120]	[L1: 0.0297]	6.1+0.1s
[80/1120]	[L1: 0.0297]	5.5+0.1s
[120/1120]	[L1: 0.0283]	6.2+0.0s
[160/1120]	[L1: 0.0296]	4.7+0.0s
[200/1120]	[L1: 0.0290]	3.9+0.0s
[240/1120]	[L1: 0.0298]	4.0+0.0s
[280/1120]	[L1: 0.0296]	3.5+0.0s
[320/1120]	[L1: 0.0300]	3.0+0.0s
[360/1120]	[L1: 0.0301]	3.0+0.0s
[400/1120]	[L1: 0.0303]	3.5+0.0s
[440/1120]	[L1: 0.0302]	3.6+0.0s
[480/1120]	[L1: 0.0305]	3.1+0.0s
[520/1120]	[L1: 0.0303]	3.6+0.0s
[560/1120]	[L1: 0.0304]	4.0+0.0s
[600/1120]	[L1: 0.0302]	4.2+0.0s
[640/1120]	[L1: 0.0302]	2.9+0.0s
[680/1120]	[L1: 0.0305]	2.6+0.0s
[720/1120]	[L1: 0.0303]	3.0+0.0s
[760/1120]	[L1: 0.0304]	3.6+0.0s
[800/1120]	[L1: 0.0303]	4.2+0.0s
[840/1120]	[L1: 0.0301]	4.3+0.0s
[880/1120]	[L1: 0.0304]	2.7+0.0s
[920/1120]	[L1: 0.0303]	2.5+0.0s
[960/1120]	[L1: 0.0303]	2.8+0.0s
[1000/1120]	[L1: 0.0301]	3.9+0.0s
[1040/1120]	[L1: 0.0302]	3.4+0.0s
[1080/1120]	[L1: 0.0302]	2.9+0.0s
[1120/1120]	[L1: 0.0302]	3.2+0.0s

Evaluation:
[RSSCN7 x4]	psnr: 27.766 (Best: 27.773 @epoch 450)
Total time: 8.35s

[Epoch 465]	Learning rate: 5.00e-5
[40/1120]	[L1: 0.0282]	3.3+0.0s
[80/1120]	[L1: 0.0305]	4.4+0.0s
[120/1120]	[L1: 0.0310]	5.2+0.0s
[160/1120]	[L1: 0.0312]	4.9+0.0s
[200/1120]	[L1: 0.0310]	6.3+0.0s
[240/1120]	[L1: 0.0309]	5.5+0.1s
[280/1120]	[L1: 0.0303]	4.2+0.0s
[320/1120]	[L1: 0.0299]	4.8+0.0s
[360/1120]	[L1: 0.0299]	5.6+0.0s
[400/1120]	[L1: 0.0301]	4.2+0.0s
[440/1120]	[L1: 0.0302]	5.3+0.0s
[480/1120]	[L1: 0.0302]	6.1+0.0s
[520/1120]	[L1: 0.0305]	4.3+0.0s
[560/1120]	[L1: 0.0305]	4.4+0.0s
[600/1120]	[L1: 0.0303]	5.0+0.0s
[640/1120]	[L1: 0.0302]	6.1+0.1s
[680/1120]	[L1: 0.0299]	5.9+0.0s
[720/1120]	[L1: 0.0300]	5.1+0.0s
[760/1120]	[L1: 0.0298]	4.5+0.0s
[800/1120]	[L1: 0.0298]	4.3+0.0s
[840/1120]	[L1: 0.0300]	4.0+0.0s
[880/1120]	[L1: 0.0298]	3.7+0.1s
[920/1120]	[L1: 0.0298]	4.2+0.0s
[960/1120]	[L1: 0.0299]	4.0+0.0s
[1000/1120]	[L1: 0.0302]	4.1+0.0s
[1040/1120]	[L1: 0.0301]	4.0+0.0s
[1080/1120]	[L1: 0.0300]	3.0+0.0s
[1120/1120]	[L1: 0.0301]	2.9+0.0s

Evaluation:
[RSSCN7 x4]	psnr: 27.766 (Best: 27.773 @epoch 450)
Total time: 8.32s

[Epoch 466]	Learning rate: 5.00e-5
[40/1120]	[L1: 0.0264]	3.0+0.0s
[80/1120]	[L1: 0.0280]	3.1+0.0s
[120/1120]	[L1: 0.0287]	4.2+0.0s
[160/1120]	[L1: 0.0294]	4.0+0.0s
[200/1120]	[L1: 0.0305]	4.0+0.0s
[240/1120]	[L1: 0.0313]	4.3+0.0s
[280/1120]	[L1: 0.0313]	3.2+0.0s
[320/1120]	[L1: 0.0303]	3.1+0.0s
[360/1120]	[L1: 0.0306]	3.2+0.0s
[400/1120]	[L1: 0.0305]	2.6+0.0s
[440/1120]	[L1: 0.0306]	3.0+0.0s
[480/1120]	[L1: 0.0303]	2.9+0.0s
[520/1120]	[L1: 0.0298]	2.9+0.0s
[560/1120]	[L1: 0.0299]	3.4+0.0s
[600/1120]	[L1: 0.0303]	3.9+0.0s
[640/1120]	[L1: 0.0302]	3.9+0.0s
[680/1120]	[L1: 0.0300]	3.0+0.0s
[720/1120]	[L1: 0.0302]	2.5+0.0s
[760/1120]	[L1: 0.0303]	2.9+0.0s
[800/1120]	[L1: 0.0303]	3.2+0.0s
[840/1120]	[L1: 0.0301]	3.8+0.0s
[880/1120]	[L1: 0.0300]	3.8+0.0s
[920/1120]	[L1: 0.0299]	5.2+0.0s
[960/1120]	[L1: 0.0299]	5.9+0.0s
[1000/1120]	[L1: 0.0299]	4.0+0.0s
[1040/1120]	[L1: 0.0301]	4.8+0.0s
[1080/1120]	[L1: 0.0302]	4.5+0.0s
[1120/1120]	[L1: 0.0302]	4.9+0.0s

Evaluation:
[RSSCN7 x4]	psnr: 27.753 (Best: 27.773 @epoch 450)
Total time: 10.69s

[Epoch 467]	Learning rate: 5.00e-5
[40/1120]	[L1: 0.0314]	4.9+0.1s
[80/1120]	[L1: 0.0306]	4.6+0.0s
[120/1120]	[L1: 0.0320]	4.5+0.0s
[160/1120]	[L1: 0.0312]	4.9+0.0s
[200/1120]	[L1: 0.0312]	5.4+0.0s
[240/1120]	[L1: 0.0309]	4.8+0.0s
[280/1120]	[L1: 0.0307]	4.6+0.0s
[320/1120]	[L1: 0.0301]	4.0+0.0s
[360/1120]	[L1: 0.0300]	4.7+0.0s
[400/1120]	[L1: 0.0301]	4.8+0.1s
[440/1120]	[L1: 0.0306]	4.4+0.0s
[480/1120]	[L1: 0.0306]	4.5+0.0s
[520/1120]	[L1: 0.0306]	4.6+0.0s
[560/1120]	[L1: 0.0304]	4.9+0.0s
[600/1120]	[L1: 0.0306]	5.2+0.0s
[640/1120]	[L1: 0.0308]	4.9+0.1s
[680/1120]	[L1: 0.0306]	4.9+0.0s
[720/1120]	[L1: 0.0305]	4.1+0.0s
[760/1120]	[L1: 0.0304]	3.1+0.0s
[800/1120]	[L1: 0.0303]	2.7+0.0s
[840/1120]	[L1: 0.0303]	3.1+0.0s
[880/1120]	[L1: 0.0303]	3.1+0.0s
[920/1120]	[L1: 0.0302]	3.0+0.0s
[960/1120]	[L1: 0.0302]	3.0+0.0s
[1000/1120]	[L1: 0.0302]	2.9+0.0s
[1040/1120]	[L1: 0.0301]	2.9+0.0s
[1080/1120]	[L1: 0.0302]	3.1+0.0s
[1120/1120]	[L1: 0.0302]	3.2+0.0s

Evaluation:
[RSSCN7 x4]	psnr: 27.760 (Best: 27.773 @epoch 450)
Total time: 8.16s

[Epoch 468]	Learning rate: 5.00e-5
[40/1120]	[L1: 0.0347]	3.0+0.0s
[80/1120]	[L1: 0.0312]	3.3+0.0s
[120/1120]	[L1: 0.0315]	4.1+0.0s
[160/1120]	[L1: 0.0303]	4.0+0.0s
[200/1120]	[L1: 0.0303]	3.7+0.0s
[240/1120]	[L1: 0.0304]	2.7+0.0s
[280/1120]	[L1: 0.0306]	2.9+0.0s
[320/1120]	[L1: 0.0303]	3.7+0.0s
[360/1120]	[L1: 0.0309]	4.4+0.0s
[400/1120]	[L1: 0.0308]	3.9+0.0s
[440/1120]	[L1: 0.0304]	2.7+0.0s
[480/1120]	[L1: 0.0303]	2.7+0.0s
[520/1120]	[L1: 0.0302]	2.8+0.0s
[560/1120]	[L1: 0.0301]	2.9+0.0s
[600/1120]	[L1: 0.0299]	3.9+0.0s
[640/1120]	[L1: 0.0298]	5.7+0.0s
[680/1120]	[L1: 0.0301]	5.3+0.0s
[720/1120]	[L1: 0.0300]	5.1+0.0s
[760/1120]	[L1: 0.0302]	4.8+0.0s
[800/1120]	[L1: 0.0302]	4.9+0.0s
[840/1120]	[L1: 0.0304]	5.5+0.0s
[880/1120]	[L1: 0.0304]	5.4+0.0s
[920/1120]	[L1: 0.0306]	5.6+0.0s
[960/1120]	[L1: 0.0305]	4.5+0.0s
[1000/1120]	[L1: 0.0303]	4.5+0.1s
[1040/1120]	[L1: 0.0301]	5.9+0.0s
[1080/1120]	[L1: 0.0301]	5.0+0.0s
[1120/1120]	[L1: 0.0302]	4.9+0.0s

Evaluation:
[RSSCN7 x4]	psnr: 27.769 (Best: 27.773 @epoch 450)
Total time: 11.54s

[Epoch 469]	Learning rate: 5.00e-5
[40/1120]	[L1: 0.0338]	5.6+0.1s
[80/1120]	[L1: 0.0321]	6.4+0.0s
[120/1120]	[L1: 0.0327]	6.1+0.0s
[160/1120]	[L1: 0.0313]	5.5+0.0s
[200/1120]	[L1: 0.0303]	4.5+0.1s
[240/1120]	[L1: 0.0300]	4.3+0.0s
[280/1120]	[L1: 0.0299]	4.8+0.1s
[320/1120]	[L1: 0.0301]	4.0+0.0s
[360/1120]	[L1: 0.0306]	3.6+0.0s
[400/1120]	[L1: 0.0307]	3.0+0.0s
[440/1120]	[L1: 0.0306]	3.3+0.0s
[480/1120]	[L1: 0.0303]	4.2+0.0s
[520/1120]	[L1: 0.0304]	3.8+0.0s
[560/1120]	[L1: 0.0305]	2.5+0.0s
[600/1120]	[L1: 0.0306]	2.4+0.0s
[640/1120]	[L1: 0.0305]	3.0+0.0s
[680/1120]	[L1: 0.0305]	3.1+0.0s
[720/1120]	[L1: 0.0301]	3.9+0.0s
[760/1120]	[L1: 0.0302]	3.9+0.0s
[800/1120]	[L1: 0.0303]	2.8+0.0s
[840/1120]	[L1: 0.0303]	2.5+0.0s
[880/1120]	[L1: 0.0304]	2.9+0.0s
[920/1120]	[L1: 0.0302]	2.9+0.0s
[960/1120]	[L1: 0.0301]	3.1+0.0s
[1000/1120]	[L1: 0.0302]	2.9+0.0s
[1040/1120]	[L1: 0.0303]	2.8+0.0s
[1080/1120]	[L1: 0.0302]	2.6+0.0s
[1120/1120]	[L1: 0.0301]	3.1+0.0s

Evaluation:
[RSSCN7 x4]	psnr: 27.750 (Best: 27.773 @epoch 450)
Total time: 7.58s

[Epoch 470]	Learning rate: 5.00e-5
[40/1120]	[L1: 0.0341]	2.6+0.0s
[80/1120]	[L1: 0.0325]	3.1+0.0s
[120/1120]	[L1: 0.0329]	3.1+0.0s
[160/1120]	[L1: 0.0321]	3.5+0.0s
[200/1120]	[L1: 0.0321]	4.1+0.0s
[240/1120]	[L1: 0.0321]	3.4+0.0s
[280/1120]	[L1: 0.0320]	4.5+0.0s
[320/1120]	[L1: 0.0321]	4.3+0.1s
[360/1120]	[L1: 0.0318]	5.6+0.1s
[400/1120]	[L1: 0.0315]	5.3+0.0s
[440/1120]	[L1: 0.0313]	4.8+0.0s
[480/1120]	[L1: 0.0312]	4.7+0.0s
[520/1120]	[L1: 0.0311]	4.2+0.0s
[560/1120]	[L1: 0.0311]	4.2+0.0s
[600/1120]	[L1: 0.0309]	4.6+0.0s
[640/1120]	[L1: 0.0310]	4.5+0.1s
[680/1120]	[L1: 0.0311]	4.3+0.0s
[720/1120]	[L1: 0.0310]	4.4+0.0s
[760/1120]	[L1: 0.0309]	4.5+0.0s
[800/1120]	[L1: 0.0308]	4.2+0.0s
[840/1120]	[L1: 0.0306]	4.2+0.1s
[880/1120]	[L1: 0.0305]	5.1+0.0s
[920/1120]	[L1: 0.0304]	4.8+0.1s
[960/1120]	[L1: 0.0304]	4.7+0.0s
[1000/1120]	[L1: 0.0303]	4.3+0.0s
[1040/1120]	[L1: 0.0301]	5.2+0.1s
[1080/1120]	[L1: 0.0302]	5.8+0.1s
[1120/1120]	[L1: 0.0302]	5.4+0.0s

Evaluation:
[RSSCN7 x4]	psnr: 27.770 (Best: 27.773 @epoch 450)
Total time: 10.56s

[Epoch 471]	Learning rate: 5.00e-5
[40/1120]	[L1: 0.0263]	3.5+0.1s
[80/1120]	[L1: 0.0276]	3.0+0.0s
[120/1120]	[L1: 0.0302]	2.9+0.0s
[160/1120]	[L1: 0.0303]	2.8+0.0s
[200/1120]	[L1: 0.0296]	4.1+0.0s
[240/1120]	[L1: 0.0300]	4.2+0.0s
[280/1120]	[L1: 0.0294]	4.1+0.0s
[320/1120]	[L1: 0.0297]	3.9+0.0s
[360/1120]	[L1: 0.0302]	3.0+0.0s
[400/1120]	[L1: 0.0303]	3.0+0.0s
[440/1120]	[L1: 0.0305]	3.0+0.0s
[480/1120]	[L1: 0.0306]	3.3+0.0s
[520/1120]	[L1: 0.0304]	4.2+0.0s
[560/1120]	[L1: 0.0304]	4.4+0.0s
[600/1120]	[L1: 0.0303]	3.0+0.0s
[640/1120]	[L1: 0.0305]	3.3+0.0s
[680/1120]	[L1: 0.0305]	4.0+0.0s
[720/1120]	[L1: 0.0305]	4.0+0.0s
[760/1120]	[L1: 0.0305]	3.9+0.0s
[800/1120]	[L1: 0.0306]	3.6+0.0s
[840/1120]	[L1: 0.0307]	3.0+0.0s
[880/1120]	[L1: 0.0309]	3.6+0.0s
[920/1120]	[L1: 0.0307]	3.2+0.0s
[960/1120]	[L1: 0.0306]	3.0+0.0s
[1000/1120]	[L1: 0.0304]	4.0+0.0s
[1040/1120]	[L1: 0.0302]	4.2+0.0s
[1080/1120]	[L1: 0.0302]	4.0+0.0s
[1120/1120]	[L1: 0.0302]	5.6+0.0s

Evaluation:
[RSSCN7 x4]	psnr: 27.750 (Best: 27.773 @epoch 450)
Total time: 12.49s

[Epoch 472]	Learning rate: 5.00e-5
[40/1120]	[L1: 0.0279]	4.4+0.1s
[80/1120]	[L1: 0.0321]	4.5+0.0s
[120/1120]	[L1: 0.0306]	4.6+0.0s
[160/1120]	[L1: 0.0311]	5.6+0.0s
[200/1120]	[L1: 0.0313]	6.3+0.0s
[240/1120]	[L1: 0.0310]	4.7+0.0s
[280/1120]	[L1: 0.0307]	4.6+0.0s
[320/1120]	[L1: 0.0306]	4.0+0.0s
[360/1120]	[L1: 0.0303]	4.6+0.0s
[400/1120]	[L1: 0.0304]	4.6+0.0s
[440/1120]	[L1: 0.0301]	4.4+0.0s
[480/1120]	[L1: 0.0303]	4.4+0.0s
[520/1120]	[L1: 0.0302]	4.8+0.0s
[560/1120]	[L1: 0.0305]	4.7+0.0s
[600/1120]	[L1: 0.0304]	5.1+0.0s
[640/1120]	[L1: 0.0303]	4.3+0.0s
[680/1120]	[L1: 0.0299]	4.5+0.1s
[720/1120]	[L1: 0.0300]	4.7+0.0s
[760/1120]	[L1: 0.0300]	4.7+0.0s
[800/1120]	[L1: 0.0300]	4.4+0.0s
[840/1120]	[L1: 0.0298]	5.2+0.0s
[880/1120]	[L1: 0.0300]	4.8+0.0s
[920/1120]	[L1: 0.0300]	3.5+0.0s
[960/1120]	[L1: 0.0301]	3.2+0.0s
[1000/1120]	[L1: 0.0301]	3.1+0.0s
[1040/1120]	[L1: 0.0300]	3.0+0.0s
[1080/1120]	[L1: 0.0301]	3.2+0.0s
[1120/1120]	[L1: 0.0301]	3.0+0.0s

Evaluation:
[RSSCN7 x4]	psnr: 27.763 (Best: 27.773 @epoch 450)
Total time: 7.58s

[Epoch 473]	Learning rate: 5.00e-5
[40/1120]	[L1: 0.0293]	3.4+0.0s
[80/1120]	[L1: 0.0295]	3.8+0.0s
[120/1120]	[L1: 0.0299]	2.9+0.0s
[160/1120]	[L1: 0.0308]	2.3+0.0s
[200/1120]	[L1: 0.0301]	2.7+0.0s
[240/1120]	[L1: 0.0306]	3.0+0.0s
[280/1120]	[L1: 0.0302]	3.1+0.0s
[320/1120]	[L1: 0.0306]	3.1+0.0s
[360/1120]	[L1: 0.0307]	3.7+0.0s
[400/1120]	[L1: 0.0304]	2.9+0.0s
[440/1120]	[L1: 0.0305]	2.8+0.0s
[480/1120]	[L1: 0.0308]	3.0+0.0s
[520/1120]	[L1: 0.0304]	3.7+0.0s
[560/1120]	[L1: 0.0305]	4.1+0.0s
[600/1120]	[L1: 0.0305]	3.7+0.0s
[640/1120]	[L1: 0.0307]	2.8+0.0s
[680/1120]	[L1: 0.0306]	2.8+0.0s
[720/1120]	[L1: 0.0308]	3.1+0.0s
[760/1120]	[L1: 0.0308]	4.8+0.1s
[800/1120]	[L1: 0.0303]	4.1+0.0s
[840/1120]	[L1: 0.0303]	4.9+0.0s
[880/1120]	[L1: 0.0306]	6.4+0.1s
[920/1120]	[L1: 0.0302]	6.6+0.0s
[960/1120]	[L1: 0.0302]	4.9+0.1s
[1000/1120]	[L1: 0.0303]	4.9+0.1s
[1040/1120]	[L1: 0.0303]	5.5+0.1s
[1080/1120]	[L1: 0.0303]	5.6+0.0s
[1120/1120]	[L1: 0.0302]	5.2+0.1s

Evaluation:
[RSSCN7 x4]	psnr: 27.771 (Best: 27.773 @epoch 450)
Total time: 11.35s

[Epoch 474]	Learning rate: 5.00e-5
[40/1120]	[L1: 0.0352]	6.5+0.0s
[80/1120]	[L1: 0.0314]	6.5+0.0s
[120/1120]	[L1: 0.0325]	6.3+0.0s
[160/1120]	[L1: 0.0323]	5.7+0.0s
[200/1120]	[L1: 0.0313]	4.6+0.1s
[240/1120]	[L1: 0.0308]	4.5+0.0s
[280/1120]	[L1: 0.0305]	4.7+0.0s
[320/1120]	[L1: 0.0306]	4.2+0.0s
[360/1120]	[L1: 0.0304]	4.0+0.0s
[400/1120]	[L1: 0.0306]	4.8+0.0s
[440/1120]	[L1: 0.0305]	4.9+0.0s
[480/1120]	[L1: 0.0306]	4.6+0.0s
[520/1120]	[L1: 0.0303]	3.4+0.0s
[560/1120]	[L1: 0.0304]	3.0+0.0s
[600/1120]	[L1: 0.0305]	3.1+0.0s
[640/1120]	[L1: 0.0304]	3.1+0.0s
[680/1120]	[L1: 0.0305]	3.0+0.0s
[720/1120]	[L1: 0.0305]	2.9+0.0s
[760/1120]	[L1: 0.0304]	3.0+0.0s
[800/1120]	[L1: 0.0306]	3.1+0.0s
[840/1120]	[L1: 0.0304]	3.5+0.0s
[880/1120]	[L1: 0.0305]	4.3+0.0s
[920/1120]	[L1: 0.0305]	3.7+0.0s
[960/1120]	[L1: 0.0305]	2.7+0.0s
[1000/1120]	[L1: 0.0304]	2.8+0.0s
[1040/1120]	[L1: 0.0302]	3.0+0.0s
[1080/1120]	[L1: 0.0302]	3.0+0.0s
[1120/1120]	[L1: 0.0301]	3.0+0.0s

Evaluation:
[RSSCN7 x4]	psnr: 27.756 (Best: 27.773 @epoch 450)
Total time: 7.75s

[Epoch 475]	Learning rate: 5.00e-5
[40/1120]	[L1: 0.0324]	3.5+0.0s
[80/1120]	[L1: 0.0311]	4.0+0.0s
[120/1120]	[L1: 0.0304]	3.8+0.0s
[160/1120]	[L1: 0.0287]	3.1+0.0s
[200/1120]	[L1: 0.0287]	3.0+0.0s
[240/1120]	[L1: 0.0289]	3.1+0.0s
[280/1120]	[L1: 0.0292]	3.0+0.0s
[320/1120]	[L1: 0.0297]	3.3+0.0s
[360/1120]	[L1: 0.0305]	4.4+0.1s
[400/1120]	[L1: 0.0304]	5.9+0.0s
[440/1120]	[L1: 0.0306]	5.8+0.0s
[480/1120]	[L1: 0.0303]	6.2+0.0s
[520/1120]	[L1: 0.0304]	5.2+0.0s
[560/1120]	[L1: 0.0306]	4.6+0.0s
[600/1120]	[L1: 0.0303]	5.9+0.0s
[640/1120]	[L1: 0.0305]	6.1+0.0s
[680/1120]	[L1: 0.0305]	5.1+0.0s
[720/1120]	[L1: 0.0305]	5.7+0.0s
[760/1120]	[L1: 0.0304]	6.0+0.1s
[800/1120]	[L1: 0.0305]	6.7+0.0s
[840/1120]	[L1: 0.0303]	5.4+0.0s
[880/1120]	[L1: 0.0302]	5.9+0.0s
[920/1120]	[L1: 0.0303]	6.1+0.0s
[960/1120]	[L1: 0.0304]	6.1+0.0s
[1000/1120]	[L1: 0.0303]	5.6+0.1s
[1040/1120]	[L1: 0.0303]	5.9+0.0s
[1080/1120]	[L1: 0.0303]	6.1+0.1s
[1120/1120]	[L1: 0.0303]	5.8+0.0s

Evaluation:
[RSSCN7 x4]	psnr: 27.766 (Best: 27.773 @epoch 450)
Total time: 10.82s

[Epoch 476]	Learning rate: 5.00e-5
[40/1120]	[L1: 0.0324]	4.6+0.0s
[80/1120]	[L1: 0.0322]	4.7+0.0s
[120/1120]	[L1: 0.0335]	4.7+0.0s
[160/1120]	[L1: 0.0329]	3.1+0.0s
[200/1120]	[L1: 0.0311]	3.9+0.0s
[240/1120]	[L1: 0.0312]	2.6+0.0s
[280/1120]	[L1: 0.0303]	2.7+0.0s
[320/1120]	[L1: 0.0299]	3.0+0.0s
[360/1120]	[L1: 0.0297]	3.8+0.0s
[400/1120]	[L1: 0.0298]	4.1+0.0s
[440/1120]	[L1: 0.0299]	3.3+0.0s
[480/1120]	[L1: 0.0300]	2.4+0.0s
[520/1120]	[L1: 0.0298]	2.5+0.0s
[560/1120]	[L1: 0.0303]	2.9+0.0s
[600/1120]	[L1: 0.0301]	3.0+0.0s
[640/1120]	[L1: 0.0303]	4.0+0.0s
[680/1120]	[L1: 0.0302]	3.9+0.0s
[720/1120]	[L1: 0.0301]	3.3+0.0s
[760/1120]	[L1: 0.0304]	3.0+0.0s
[800/1120]	[L1: 0.0304]	3.0+0.0s
[840/1120]	[L1: 0.0303]	2.9+0.0s
[880/1120]	[L1: 0.0301]	3.9+0.0s
[920/1120]	[L1: 0.0301]	3.4+0.0s
[960/1120]	[L1: 0.0301]	2.7+0.0s
[1000/1120]	[L1: 0.0302]	3.0+0.0s
[1040/1120]	[L1: 0.0303]	3.1+0.0s
[1080/1120]	[L1: 0.0302]	2.9+0.0s
[1120/1120]	[L1: 0.0302]	2.9+0.0s

Evaluation:
[RSSCN7 x4]	psnr: 27.748 (Best: 27.773 @epoch 450)
Total time: 7.56s

[Epoch 477]	Learning rate: 5.00e-5
[40/1120]	[L1: 0.0281]	2.6+0.0s
[80/1120]	[L1: 0.0286]	4.8+0.0s
[120/1120]	[L1: 0.0288]	5.7+0.1s
[160/1120]	[L1: 0.0298]	6.1+0.0s
[200/1120]	[L1: 0.0306]	5.9+0.1s
[240/1120]	[L1: 0.0302]	5.3+0.0s
[280/1120]	[L1: 0.0300]	5.6+0.1s
[320/1120]	[L1: 0.0303]	6.7+0.0s
[360/1120]	[L1: 0.0304]	7.0+0.1s
[400/1120]	[L1: 0.0304]	6.7+0.1s
[440/1120]	[L1: 0.0308]	6.9+0.0s
[480/1120]	[L1: 0.0308]	5.0+0.0s
[520/1120]	[L1: 0.0306]	5.0+0.0s
[560/1120]	[L1: 0.0305]	6.7+0.0s
[600/1120]	[L1: 0.0304]	5.7+0.0s
[640/1120]	[L1: 0.0304]	5.2+0.0s
[680/1120]	[L1: 0.0303]	4.0+0.0s
[720/1120]	[L1: 0.0303]	5.0+0.0s
[760/1120]	[L1: 0.0303]	4.5+0.0s
[800/1120]	[L1: 0.0304]	5.1+0.0s
[840/1120]	[L1: 0.0303]	6.7+0.0s
[880/1120]	[L1: 0.0300]	6.4+0.0s
[920/1120]	[L1: 0.0300]	5.7+0.0s
[960/1120]	[L1: 0.0302]	7.0+0.0s
[1000/1120]	[L1: 0.0302]	6.2+0.0s
[1040/1120]	[L1: 0.0303]	6.2+0.1s
[1080/1120]	[L1: 0.0302]	4.1+0.0s
[1120/1120]	[L1: 0.0301]	3.0+0.0s

Evaluation:
[RSSCN7 x4]	psnr: 27.767 (Best: 27.773 @epoch 450)
Total time: 7.79s

[Epoch 478]	Learning rate: 5.00e-5
[40/1120]	[L1: 0.0289]	3.3+0.0s
[80/1120]	[L1: 0.0293]	3.0+0.0s
[120/1120]	[L1: 0.0303]	4.1+0.0s
[160/1120]	[L1: 0.0303]	3.7+0.0s
[200/1120]	[L1: 0.0300]	3.2+0.0s
[240/1120]	[L1: 0.0307]	3.7+0.0s
[280/1120]	[L1: 0.0305]	3.0+0.0s
[320/1120]	[L1: 0.0301]	3.0+0.0s
[360/1120]	[L1: 0.0299]	3.1+0.0s
[400/1120]	[L1: 0.0296]	3.0+0.0s
[440/1120]	[L1: 0.0298]	4.0+0.0s
[480/1120]	[L1: 0.0300]	3.0+0.0s
[520/1120]	[L1: 0.0297]	2.7+0.0s
[560/1120]	[L1: 0.0298]	3.0+0.0s
[600/1120]	[L1: 0.0299]	3.1+0.0s
[640/1120]	[L1: 0.0298]	3.8+0.0s
[680/1120]	[L1: 0.0297]	4.0+0.0s
[720/1120]	[L1: 0.0296]	4.3+0.0s
[760/1120]	[L1: 0.0295]	3.1+0.0s
[800/1120]	[L1: 0.0294]	3.3+0.0s
[840/1120]	[L1: 0.0296]	4.1+0.0s
[880/1120]	[L1: 0.0297]	3.6+0.0s
[920/1120]	[L1: 0.0298]	3.8+0.0s
[960/1120]	[L1: 0.0299]	4.8+0.0s
[1000/1120]	[L1: 0.0298]	4.6+0.0s
[1040/1120]	[L1: 0.0300]	4.9+0.1s
[1080/1120]	[L1: 0.0300]	6.4+0.0s
[1120/1120]	[L1: 0.0301]	5.6+0.0s

Evaluation:
[RSSCN7 x4]	psnr: 27.767 (Best: 27.773 @epoch 450)
Total time: 11.49s

[Epoch 479]	Learning rate: 5.00e-5
[40/1120]	[L1: 0.0323]	4.6+0.1s
[80/1120]	[L1: 0.0306]	4.0+0.0s
[120/1120]	[L1: 0.0297]	5.8+0.0s
[160/1120]	[L1: 0.0301]	4.9+0.0s
[200/1120]	[L1: 0.0293]	4.4+0.1s
[240/1120]	[L1: 0.0289]	4.5+0.0s
[280/1120]	[L1: 0.0290]	4.4+0.0s
[320/1120]	[L1: 0.0300]	5.1+0.0s
[360/1120]	[L1: 0.0298]	4.5+0.0s
[400/1120]	[L1: 0.0300]	4.2+0.0s
[440/1120]	[L1: 0.0300]	4.7+0.0s
[480/1120]	[L1: 0.0299]	5.2+0.1s
[520/1120]	[L1: 0.0300]	6.6+0.0s
[560/1120]	[L1: 0.0299]	4.8+0.0s
[600/1120]	[L1: 0.0302]	4.9+0.0s
[640/1120]	[L1: 0.0303]	4.9+0.1s
[680/1120]	[L1: 0.0300]	4.1+0.0s
[720/1120]	[L1: 0.0301]	3.8+0.0s
[760/1120]	[L1: 0.0303]	3.2+0.0s
[800/1120]	[L1: 0.0304]	3.1+0.0s
[840/1120]	[L1: 0.0302]	3.4+0.0s
[880/1120]	[L1: 0.0302]	3.3+0.0s
[920/1120]	[L1: 0.0303]	2.9+0.0s
[960/1120]	[L1: 0.0301]	3.9+0.0s
[1000/1120]	[L1: 0.0301]	4.0+0.0s
[1040/1120]	[L1: 0.0300]	4.6+0.0s
[1080/1120]	[L1: 0.0301]	3.3+0.0s
[1120/1120]	[L1: 0.0301]	2.8+0.0s

Evaluation:
[RSSCN7 x4]	psnr: 27.759 (Best: 27.773 @epoch 450)
Total time: 7.43s

[Epoch 480]	Learning rate: 5.00e-5
[40/1120]	[L1: 0.0274]	3.1+0.0s
[80/1120]	[L1: 0.0297]	3.1+0.0s
[120/1120]	[L1: 0.0311]	2.7+0.0s
[160/1120]	[L1: 0.0313]	2.8+0.0s
[200/1120]	[L1: 0.0313]	2.9+0.0s
[240/1120]	[L1: 0.0313]	3.2+0.0s
[280/1120]	[L1: 0.0307]	2.9+0.0s
[320/1120]	[L1: 0.0315]	3.1+0.0s
[360/1120]	[L1: 0.0311]	2.9+0.0s
[400/1120]	[L1: 0.0311]	4.2+0.0s
[440/1120]	[L1: 0.0307]	3.0+0.0s
[480/1120]	[L1: 0.0309]	3.0+0.0s
[520/1120]	[L1: 0.0309]	3.8+0.0s
[560/1120]	[L1: 0.0308]	5.4+0.0s
[600/1120]	[L1: 0.0310]	5.9+0.1s
[640/1120]	[L1: 0.0310]	6.1+0.1s
[680/1120]	[L1: 0.0310]	5.8+0.0s
[720/1120]	[L1: 0.0309]	5.7+0.0s
[760/1120]	[L1: 0.0309]	6.5+0.0s
[800/1120]	[L1: 0.0307]	6.0+0.0s
[840/1120]	[L1: 0.0306]	5.7+0.0s
[880/1120]	[L1: 0.0307]	6.0+0.1s
[920/1120]	[L1: 0.0306]	6.1+0.0s
[960/1120]	[L1: 0.0304]	6.5+0.1s
[1000/1120]	[L1: 0.0304]	5.1+0.0s
[1040/1120]	[L1: 0.0303]	4.6+0.0s
[1080/1120]	[L1: 0.0304]	4.6+0.0s
[1120/1120]	[L1: 0.0302]	4.7+0.0s

Evaluation:
[RSSCN7 x4]	psnr: 27.752 (Best: 27.773 @epoch 450)
Total time: 10.48s

[Epoch 481]	Learning rate: 5.00e-5
[40/1120]	[L1: 0.0281]	4.5+0.0s
[80/1120]	[L1: 0.0311]	4.6+0.0s
[120/1120]	[L1: 0.0301]	4.5+0.0s
[160/1120]	[L1: 0.0297]	4.5+0.0s
[200/1120]	[L1: 0.0297]	4.5+0.0s
[240/1120]	[L1: 0.0304]	4.0+0.0s
[280/1120]	[L1: 0.0303]	4.6+0.0s
[320/1120]	[L1: 0.0303]	3.8+0.0s
[360/1120]	[L1: 0.0307]	3.1+0.0s
[400/1120]	[L1: 0.0302]	4.0+0.0s
[440/1120]	[L1: 0.0303]	3.5+0.0s
[480/1120]	[L1: 0.0301]	3.2+0.0s
[520/1120]	[L1: 0.0302]	3.8+0.0s
[560/1120]	[L1: 0.0304]	4.3+0.0s
[600/1120]	[L1: 0.0302]	4.2+0.0s
[640/1120]	[L1: 0.0302]	2.9+0.0s
[680/1120]	[L1: 0.0301]	3.1+0.0s
[720/1120]	[L1: 0.0299]	2.9+0.0s
[760/1120]	[L1: 0.0301]	3.9+0.0s
[800/1120]	[L1: 0.0301]	4.0+0.0s
[840/1120]	[L1: 0.0302]	3.1+0.0s
[880/1120]	[L1: 0.0302]	2.9+0.0s
[920/1120]	[L1: 0.0301]	3.2+0.0s
[960/1120]	[L1: 0.0302]	3.5+0.0s
[1000/1120]	[L1: 0.0301]	4.0+0.0s
[1040/1120]	[L1: 0.0302]	3.4+0.0s
[1080/1120]	[L1: 0.0303]	2.9+0.0s
[1120/1120]	[L1: 0.0302]	2.6+0.0s

Evaluation:
[RSSCN7 x4]	psnr: 27.769 (Best: 27.773 @epoch 450)
Total time: 7.51s

[Epoch 482]	Learning rate: 5.00e-5
[40/1120]	[L1: 0.0305]	3.7+0.0s
[80/1120]	[L1: 0.0313]	3.9+0.0s
[120/1120]	[L1: 0.0296]	3.1+0.0s
[160/1120]	[L1: 0.0304]	3.7+0.0s
[200/1120]	[L1: 0.0309]	4.3+0.0s
[240/1120]	[L1: 0.0304]	5.2+0.0s
[280/1120]	[L1: 0.0306]	5.4+0.0s
[320/1120]	[L1: 0.0305]	6.0+0.0s
[360/1120]	[L1: 0.0303]	5.1+0.0s
[400/1120]	[L1: 0.0304]	3.9+0.0s
[440/1120]	[L1: 0.0306]	4.4+0.0s
[480/1120]	[L1: 0.0306]	4.6+0.0s
[520/1120]	[L1: 0.0307]	4.2+0.0s
[560/1120]	[L1: 0.0310]	5.1+0.0s
[600/1120]	[L1: 0.0307]	5.9+0.0s
[640/1120]	[L1: 0.0306]	5.4+0.0s
[680/1120]	[L1: 0.0306]	4.7+0.0s
[720/1120]	[L1: 0.0305]	4.6+0.0s
[760/1120]	[L1: 0.0302]	4.7+0.0s
[800/1120]	[L1: 0.0302]	5.2+0.0s
[840/1120]	[L1: 0.0300]	5.5+0.0s
[880/1120]	[L1: 0.0300]	6.7+0.0s
[920/1120]	[L1: 0.0299]	6.5+0.0s
[960/1120]	[L1: 0.0299]	5.4+0.0s
[1000/1120]	[L1: 0.0299]	5.8+0.0s
[1040/1120]	[L1: 0.0301]	6.4+0.0s
[1080/1120]	[L1: 0.0301]	6.3+0.0s
[1120/1120]	[L1: 0.0301]	5.7+0.0s

Evaluation:
[RSSCN7 x4]	psnr: 27.762 (Best: 27.773 @epoch 450)
Total time: 10.37s

[Epoch 483]	Learning rate: 5.00e-5
[40/1120]	[L1: 0.0319]	4.3+0.1s
[80/1120]	[L1: 0.0308]	4.0+0.0s
[120/1120]	[L1: 0.0308]	4.1+0.0s
[160/1120]	[L1: 0.0303]	2.7+0.0s
[200/1120]	[L1: 0.0296]	2.9+0.0s
[240/1120]	[L1: 0.0297]	3.1+0.0s
[280/1120]	[L1: 0.0301]	3.6+0.0s
[320/1120]	[L1: 0.0299]	4.3+0.0s
[360/1120]	[L1: 0.0298]	3.4+0.0s
[400/1120]	[L1: 0.0299]	2.8+0.0s
[440/1120]	[L1: 0.0297]	3.0+0.0s
[480/1120]	[L1: 0.0300]	3.1+0.0s
[520/1120]	[L1: 0.0304]	4.2+0.0s
[560/1120]	[L1: 0.0303]	3.6+0.0s
[600/1120]	[L1: 0.0303]	2.6+0.0s
[640/1120]	[L1: 0.0299]	2.7+0.0s
[680/1120]	[L1: 0.0299]	2.9+0.0s
[720/1120]	[L1: 0.0299]	3.6+0.0s
[760/1120]	[L1: 0.0298]	4.1+0.0s
[800/1120]	[L1: 0.0299]	3.4+0.0s
[840/1120]	[L1: 0.0299]	2.8+0.0s
[880/1120]	[L1: 0.0298]	2.7+0.0s
[920/1120]	[L1: 0.0299]	3.0+0.0s
[960/1120]	[L1: 0.0298]	2.9+0.0s
[1000/1120]	[L1: 0.0300]	3.1+0.0s
[1040/1120]	[L1: 0.0299]	3.7+0.0s
[1080/1120]	[L1: 0.0300]	4.4+0.0s
[1120/1120]	[L1: 0.0300]	4.9+0.0s

Evaluation:
[RSSCN7 x4]	psnr: 27.767 (Best: 27.773 @epoch 450)
Total time: 10.24s

[Epoch 484]	Learning rate: 5.00e-5
[40/1120]	[L1: 0.0305]	5.2+0.0s
[80/1120]	[L1: 0.0324]	5.0+0.0s
[120/1120]	[L1: 0.0313]	5.2+0.0s
[160/1120]	[L1: 0.0308]	4.6+0.0s
[200/1120]	[L1: 0.0307]	4.9+0.0s
[240/1120]	[L1: 0.0306]	5.8+0.0s
[280/1120]	[L1: 0.0303]	4.5+0.1s
[320/1120]	[L1: 0.0302]	4.9+0.0s
[360/1120]	[L1: 0.0298]	5.0+0.0s
[400/1120]	[L1: 0.0298]	4.7+0.1s
[440/1120]	[L1: 0.0302]	5.0+0.0s
[480/1120]	[L1: 0.0301]	5.4+0.1s
[520/1120]	[L1: 0.0302]	6.5+0.0s
[560/1120]	[L1: 0.0300]	4.5+0.0s
[600/1120]	[L1: 0.0300]	4.3+0.0s
[640/1120]	[L1: 0.0300]	4.6+0.0s
[680/1120]	[L1: 0.0300]	6.2+0.0s
[720/1120]	[L1: 0.0300]	5.8+0.1s
[760/1120]	[L1: 0.0301]	5.9+0.0s
[800/1120]	[L1: 0.0299]	5.5+0.0s
[840/1120]	[L1: 0.0299]	4.1+0.0s
[880/1120]	[L1: 0.0300]	3.4+0.0s
[920/1120]	[L1: 0.0301]	3.5+0.0s
[960/1120]	[L1: 0.0302]	2.9+0.0s
[1000/1120]	[L1: 0.0302]	3.0+0.0s
[1040/1120]	[L1: 0.0301]	3.0+0.0s
[1080/1120]	[L1: 0.0302]	3.0+0.0s
[1120/1120]	[L1: 0.0302]	4.1+0.0s

Evaluation:
[RSSCN7 x4]	psnr: 27.763 (Best: 27.773 @epoch 450)
Total time: 7.97s

[Epoch 485]	Learning rate: 5.00e-5
[40/1120]	[L1: 0.0364]	3.0+0.0s
[80/1120]	[L1: 0.0303]	3.5+0.0s
[120/1120]	[L1: 0.0299]	4.1+0.0s
[160/1120]	[L1: 0.0297]	3.5+0.0s
[200/1120]	[L1: 0.0286]	3.1+0.0s
[240/1120]	[L1: 0.0288]	3.3+0.0s
[280/1120]	[L1: 0.0296]	4.1+0.0s
[320/1120]	[L1: 0.0298]	4.4+0.0s
[360/1120]	[L1: 0.0301]	3.9+0.0s
[400/1120]	[L1: 0.0300]	2.9+0.0s
[440/1120]	[L1: 0.0303]	3.0+0.0s
[480/1120]	[L1: 0.0305]	2.9+0.0s
[520/1120]	[L1: 0.0305]	3.6+0.0s
[560/1120]	[L1: 0.0307]	4.0+0.0s
[600/1120]	[L1: 0.0306]	3.9+0.0s
[640/1120]	[L1: 0.0304]	4.5+0.0s
[680/1120]	[L1: 0.0303]	5.1+0.0s
[720/1120]	[L1: 0.0303]	5.5+0.0s
[760/1120]	[L1: 0.0304]	6.1+0.0s
[800/1120]	[L1: 0.0302]	6.0+0.0s
[840/1120]	[L1: 0.0304]	5.5+0.0s
[880/1120]	[L1: 0.0306]	5.8+0.0s
[920/1120]	[L1: 0.0304]	5.9+0.0s
[960/1120]	[L1: 0.0304]	6.0+0.0s
[1000/1120]	[L1: 0.0304]	6.3+0.0s
[1040/1120]	[L1: 0.0303]	4.8+0.1s
[1080/1120]	[L1: 0.0301]	4.9+0.0s
[1120/1120]	[L1: 0.0302]	6.0+0.0s

Evaluation:
[RSSCN7 x4]	psnr: 27.766 (Best: 27.773 @epoch 450)
Total time: 11.99s

[Epoch 486]	Learning rate: 5.00e-5
[40/1120]	[L1: 0.0326]	6.4+0.1s
[80/1120]	[L1: 0.0310]	6.4+0.1s
[120/1120]	[L1: 0.0285]	5.5+0.0s
[160/1120]	[L1: 0.0290]	4.8+0.0s
[200/1120]	[L1: 0.0285]	5.8+0.0s
[240/1120]	[L1: 0.0294]	5.9+0.0s
[280/1120]	[L1: 0.0297]	5.3+0.0s
[320/1120]	[L1: 0.0298]	4.5+0.0s
[360/1120]	[L1: 0.0301]	4.7+0.1s
[400/1120]	[L1: 0.0308]	4.5+0.0s
[440/1120]	[L1: 0.0304]	4.8+0.0s
[480/1120]	[L1: 0.0305]	3.5+0.0s
[520/1120]	[L1: 0.0302]	3.5+0.0s
[560/1120]	[L1: 0.0304]	4.0+0.0s
[600/1120]	[L1: 0.0306]	3.1+0.0s
[640/1120]	[L1: 0.0305]	3.0+0.0s
[680/1120]	[L1: 0.0305]	3.1+0.0s
[720/1120]	[L1: 0.0304]	3.9+0.0s
[760/1120]	[L1: 0.0304]	4.4+0.0s
[800/1120]	[L1: 0.0304]	4.4+0.0s
[840/1120]	[L1: 0.0304]	2.7+0.0s
[880/1120]	[L1: 0.0304]	3.0+0.0s
[920/1120]	[L1: 0.0304]	3.0+0.0s
[960/1120]	[L1: 0.0303]	4.1+0.0s
[1000/1120]	[L1: 0.0301]	4.1+0.0s
[1040/1120]	[L1: 0.0300]	2.6+0.0s
[1080/1120]	[L1: 0.0300]	2.3+0.0s
[1120/1120]	[L1: 0.0301]	3.1+0.0s

Evaluation:
[RSSCN7 x4]	psnr: 27.731 (Best: 27.773 @epoch 450)
Total time: 7.53s

[Epoch 487]	Learning rate: 5.00e-5
[40/1120]	[L1: 0.0297]	2.5+0.1s
[80/1120]	[L1: 0.0294]	2.5+0.0s
[120/1120]	[L1: 0.0285]	2.6+0.0s
[160/1120]	[L1: 0.0283]	2.9+0.0s
[200/1120]	[L1: 0.0288]	3.1+0.0s
[240/1120]	[L1: 0.0293]	4.0+0.0s
[280/1120]	[L1: 0.0288]	3.2+0.0s
[320/1120]	[L1: 0.0290]	3.3+0.0s
[360/1120]	[L1: 0.0291]	4.6+0.0s
[400/1120]	[L1: 0.0291]	4.4+0.0s
[440/1120]	[L1: 0.0291]	4.5+0.1s
[480/1120]	[L1: 0.0289]	6.1+0.1s
[520/1120]	[L1: 0.0292]	5.9+0.0s
[560/1120]	[L1: 0.0291]	5.4+0.0s
[600/1120]	[L1: 0.0293]	4.1+0.0s
[640/1120]	[L1: 0.0294]	4.7+0.1s
[680/1120]	[L1: 0.0296]	4.6+0.1s
[720/1120]	[L1: 0.0296]	4.4+0.0s
[760/1120]	[L1: 0.0297]	6.2+0.0s
[800/1120]	[L1: 0.0296]	4.6+0.0s
[840/1120]	[L1: 0.0297]	4.8+0.0s
[880/1120]	[L1: 0.0296]	4.4+0.0s
[920/1120]	[L1: 0.0297]	5.9+0.0s
