
libgomp: Invalid value for environment variable OMP_NUM_THREADS: 0
🚀 Enhanced Training Configuration:
Model: mt_paper
Dataset: RSSCN7
Scale: [3]
Epochs: 500
Batch Size: 4
Optimizer: ADAM
Scheduler: step
Learning Rate: 0.0002
Loss: 1*L1
WandB Enabled: False
AMP Enabled: False
Validation Every: disabled (always validate every epoch)
Save Every N Epochs: 100
DataLoader Threads: 8

📐 Model Architecture:
Width: 32
Encoder Blocks: [4, 6]
Decoder Blocks: [6, 4]
Restormer Heads: [1, 2, 4]
Middle Heads: 8
Read data from binary files
Read data from binary files
Making model...
MT(
  (conv_first): Conv2d(3, 96, kernel_size=(3, 3), stride=(1, 1), padding=(1, 1))
  (patch_embed): PatchEmbed(
    (proj): Conv2d(96, 96, kernel_size=(1, 1), stride=(1, 1))
    (norm): LayerNorm2d(
      (norm): LayerNorm((96,), eps=1e-06, elementwise_affine=True)
    )
  )
  (patch_unembed): PatchUnEmbed()
  (pos_drop): Dropout(p=0.0, inplace=False)
  (layers): ModuleList(
    (0-5): 6 x ResidualGroup(
      (residual_group): BasicLayer(
        (block): RSSB_MNB_Block(
          (rssb): ResidualStateSpaceBlock(
            (norm1): LayerNorm2d(
              (norm): LayerNorm((96,), eps=1e-06, elementwise_affine=True)
            )
            (vssm): Mamba2D(
              (channel_down): Conv2d(192, 48, kernel_size=(1, 1), stride=(1, 1), bias=False)
              (in_proj): Linear(in_features=96, out_features=384, bias=False)
              (conv2d): Conv2d(192, 192, kernel_size=(3, 3), stride=(1, 1), padding=(1, 1), groups=192)
              (act): SiLU()
              (restore): Linear(in_features=48, out_features=192, bias=False)
              (out_norm): LayerNorm((192,), eps=1e-05, elementwise_affine=True)
              (out_proj): Linear(in_features=192, out_features=96, bias=False)
              (dropout): Dropout(p=0.1, inplace=False)
            )
            (norm2): LayerNorm2d(
              (norm): LayerNorm((96,), eps=1e-06, elementwise_affine=True)
            )
            (conv): Conv2d(96, 96, kernel_size=(3, 3), stride=(1, 1), padding=(1, 1))
            (ca): ChannelAttention(
              (avg_pool): AdaptiveAvgPool2d(output_size=1)
              (fc): Sequential(
                (0): Conv2d(96, 12, kernel_size=(1, 1), stride=(1, 1), bias=False)
                (1): ReLU(inplace=True)
                (2): Conv2d(12, 96, kernel_size=(1, 1), stride=(1, 1), bias=False)
                (3): Sigmoid()
              )
            )
          )
          (mnb): MultiScaleNATTENBlock(
            (down): ModuleList(
              (0-2): 3 x Conv2d(32, 64, kernel_size=(1, 1), stride=(1, 1))
            )
            (blocks): ModuleList(
              (0): Sequential(
                (0): NATTENBlock(
                  (norm1): LayerNorm2d(
                    (norm): LayerNorm((64,), eps=1e-06, elementwise_affine=True)
                  )
                  (attn): NeighborhoodAttention2D(
                    head_dim=8, num_heads=8, kernel_size=(3, 3), dilation=(1, 1), is_causal=(False, False), has_bias=False
                    (qkv): Linear(in_features=64, out_features=192, bias=True)
                    (attn_drop): Dropout(p=0.0, inplace=False)
                    (proj): Linear(in_features=64, out_features=64, bias=True)
                    (proj_drop): Dropout(p=0.0, inplace=False)
                  )
                  (norm2): LayerNorm2d(
                    (norm): LayerNorm((64,), eps=1e-06, elementwise_affine=True)
                  )
                  (ffn): Sequential(
                    (0): Conv2d(64, 256, kernel_size=(1, 1), stride=(1, 1))
                    (1): GELU(approximate='none')
                    (2): Dropout(p=0.1, inplace=False)
                    (3): Conv2d(256, 64, kernel_size=(1, 1), stride=(1, 1))
                    (4): Dropout(p=0.1, inplace=False)
                  )
                )
                (1): NATTENBlock(
                  (norm1): LayerNorm2d(
                    (norm): LayerNorm((64,), eps=1e-06, elementwise_affine=True)
                  )
                  (attn): NeighborhoodAttention2D(
                    head_dim=8, num_heads=8, kernel_size=(3, 3), dilation=(1, 1), is_causal=(False, False), has_bias=False
                    (qkv): Linear(in_features=64, out_features=192, bias=True)
                    (attn_drop): Dropout(p=0.0, inplace=False)
                    (proj): Linear(in_features=64, out_features=64, bias=True)
                    (proj_drop): Dropout(p=0.0, inplace=False)
                  )
                  (norm2): LayerNorm2d(
                    (norm): LayerNorm((64,), eps=1e-06, elementwise_affine=True)
                  )
                  (ffn): Sequential(
                    (0): Conv2d(64, 256, kernel_size=(1, 1), stride=(1, 1))
                    (1): GELU(approximate='none')
                    (2): Dropout(p=0.1, inplace=False)
                    (3): Conv2d(256, 64, kernel_size=(1, 1), stride=(1, 1))
                    (4): Dropout(p=0.1, inplace=False)
                  )
                )
                (2): NATTENBlock(
                  (norm1): LayerNorm2d(
                    (norm): LayerNorm((64,), eps=1e-06, elementwise_affine=True)
                  )
                  (attn): NeighborhoodAttention2D(
                    head_dim=8, num_heads=8, kernel_size=(3, 3), dilation=(1, 1), is_causal=(False, False), has_bias=False
                    (qkv): Linear(in_features=64, out_features=192, bias=True)
                    (attn_drop): Dropout(p=0.0, inplace=False)
                    (proj): Linear(in_features=64, out_features=64, bias=True)
                    (proj_drop): Dropout(p=0.0, inplace=False)
                  )
                  (norm2): LayerNorm2d(
                    (norm): LayerNorm((64,), eps=1e-06, elementwise_affine=True)
                  )
                  (ffn): Sequential(
                    (0): Conv2d(64, 256, kernel_size=(1, 1), stride=(1, 1))
                    (1): GELU(approximate='none')
                    (2): Dropout(p=0.1, inplace=False)
                    (3): Conv2d(256, 64, kernel_size=(1, 1), stride=(1, 1))
                    (4): Dropout(p=0.1, inplace=False)
                  )
                )
                (3): NATTENBlock(
                  (norm1): LayerNorm2d(
                    (norm): LayerNorm((64,), eps=1e-06, elementwise_affine=True)
                  )
                  (attn): NeighborhoodAttention2D(
                    head_dim=8, num_heads=8, kernel_size=(3, 3), dilation=(1, 1), is_causal=(False, False), has_bias=False
                    (qkv): Linear(in_features=64, out_features=192, bias=True)
                    (attn_drop): Dropout(p=0.0, inplace=False)
                    (proj): Linear(in_features=64, out_features=64, bias=True)
                    (proj_drop): Dropout(p=0.0, inplace=False)
                  )
                  (norm2): LayerNorm2d(
                    (norm): LayerNorm((64,), eps=1e-06, elementwise_affine=True)
                  )
                  (ffn): Sequential(
                    (0): Conv2d(64, 256, kernel_size=(1, 1), stride=(1, 1))
                    (1): GELU(approximate='none')
                    (2): Dropout(p=0.1, inplace=False)
                    (3): Conv2d(256, 64, kernel_size=(1, 1), stride=(1, 1))
                    (4): Dropout(p=0.1, inplace=False)
                  )
                )
                (4): NATTENBlock(
                  (norm1): LayerNorm2d(
                    (norm): LayerNorm((64,), eps=1e-06, elementwise_affine=True)
                  )
                  (attn): NeighborhoodAttention2D(
                    head_dim=8, num_heads=8, kernel_size=(3, 3), dilation=(1, 1), is_causal=(False, False), has_bias=False
                    (qkv): Linear(in_features=64, out_features=192, bias=True)
                    (attn_drop): Dropout(p=0.0, inplace=False)
                    (proj): Linear(in_features=64, out_features=64, bias=True)
                    (proj_drop): Dropout(p=0.0, inplace=False)
                  )
                  (norm2): LayerNorm2d(
                    (norm): LayerNorm((64,), eps=1e-06, elementwise_affine=True)
                  )
                  (ffn): Sequential(
                    (0): Conv2d(64, 256, kernel_size=(1, 1), stride=(1, 1))
                    (1): GELU(approximate='none')
                    (2): Dropout(p=0.1, inplace=False)
                    (3): Conv2d(256, 64, kernel_size=(1, 1), stride=(1, 1))
                    (4): Dropout(p=0.1, inplace=False)
                  )
                )
                (5): NATTENBlock(
                  (norm1): LayerNorm2d(
                    (norm): LayerNorm((64,), eps=1e-06, elementwise_affine=True)
                  )
                  (attn): NeighborhoodAttention2D(
                    head_dim=8, num_heads=8, kernel_size=(3, 3), dilation=(1, 1), is_causal=(False, False), has_bias=False
                    (qkv): Linear(in_features=64, out_features=192, bias=True)
                    (attn_drop): Dropout(p=0.0, inplace=False)
                    (proj): Linear(in_features=64, out_features=64, bias=True)
                    (proj_drop): Dropout(p=0.0, inplace=False)
                  )
                  (norm2): LayerNorm2d(
                    (norm): LayerNorm((64,), eps=1e-06, elementwise_affine=True)
                  )
                  (ffn): Sequential(
                    (0): Conv2d(64, 256, kernel_size=(1, 1), stride=(1, 1))
                    (1): GELU(approximate='none')
                    (2): Dropout(p=0.1, inplace=False)
                    (3): Conv2d(256, 64, kernel_size=(1, 1), stride=(1, 1))
                    (4): Dropout(p=0.1, inplace=False)
                  )
                )
              )
              (1): Sequential(
                (0): NATTENBlock(
                  (norm1): LayerNorm2d(
                    (norm): LayerNorm((64,), eps=1e-06, elementwise_affine=True)
                  )
                  (attn): NeighborhoodAttention2D(
                    head_dim=8, num_heads=8, kernel_size=(5, 5), dilation=(1, 1), is_causal=(False, False), has_bias=False
                    (qkv): Linear(in_features=64, out_features=192, bias=True)
                    (attn_drop): Dropout(p=0.0, inplace=False)
                    (proj): Linear(in_features=64, out_features=64, bias=True)
                    (proj_drop): Dropout(p=0.0, inplace=False)
                  )
                  (norm2): LayerNorm2d(
                    (norm): LayerNorm((64,), eps=1e-06, elementwise_affine=True)
                  )
                  (ffn): Sequential(
                    (0): Conv2d(64, 256, kernel_size=(1, 1), stride=(1, 1))
                    (1): GELU(approximate='none')
                    (2): Dropout(p=0.1, inplace=False)
                    (3): Conv2d(256, 64, kernel_size=(1, 1), stride=(1, 1))
                    (4): Dropout(p=0.1, inplace=False)
                  )
                )
                (1): NATTENBlock(
                  (norm1): LayerNorm2d(
                    (norm): LayerNorm((64,), eps=1e-06, elementwise_affine=True)
                  )
                  (attn): NeighborhoodAttention2D(
                    head_dim=8, num_heads=8, kernel_size=(5, 5), dilation=(1, 1), is_causal=(False, False), has_bias=False
                    (qkv): Linear(in_features=64, out_features=192, bias=True)
                    (attn_drop): Dropout(p=0.0, inplace=False)
                    (proj): Linear(in_features=64, out_features=64, bias=True)
                    (proj_drop): Dropout(p=0.0, inplace=False)
                  )
                  (norm2): LayerNorm2d(
                    (norm): LayerNorm((64,), eps=1e-06, elementwise_affine=True)
                  )
                  (ffn): Sequential(
                    (0): Conv2d(64, 256, kernel_size=(1, 1), stride=(1, 1))
                    (1): GELU(approximate='none')
                    (2): Dropout(p=0.1, inplace=False)
                    (3): Conv2d(256, 64, kernel_size=(1, 1), stride=(1, 1))
                    (4): Dropout(p=0.1, inplace=False)
                  )
                )
                (2): NATTENBlock(
                  (norm1): LayerNorm2d(
                    (norm): LayerNorm((64,), eps=1e-06, elementwise_affine=True)
                  )
                  (attn): NeighborhoodAttention2D(
                    head_dim=8, num_heads=8, kernel_size=(5, 5), dilation=(1, 1), is_causal=(False, False), has_bias=False
                    (qkv): Linear(in_features=64, out_features=192, bias=True)
                    (attn_drop): Dropout(p=0.0, inplace=False)
                    (proj): Linear(in_features=64, out_features=64, bias=True)
                    (proj_drop): Dropout(p=0.0, inplace=False)
                  )
                  (norm2): LayerNorm2d(
                    (norm): LayerNorm((64,), eps=1e-06, elementwise_affine=True)
                  )
                  (ffn): Sequential(
                    (0): Conv2d(64, 256, kernel_size=(1, 1), stride=(1, 1))
                    (1): GELU(approximate='none')
                    (2): Dropout(p=0.1, inplace=False)
                    (3): Conv2d(256, 64, kernel_size=(1, 1), stride=(1, 1))
                    (4): Dropout(p=0.1, inplace=False)
                  )
                )
                (3): NATTENBlock(
                  (norm1): LayerNorm2d(
                    (norm): LayerNorm((64,), eps=1e-06, elementwise_affine=True)
                  )
                  (attn): NeighborhoodAttention2D(
                    head_dim=8, num_heads=8, kernel_size=(5, 5), dilation=(1, 1), is_causal=(False, False), has_bias=False
                    (qkv): Linear(in_features=64, out_features=192, bias=True)
                    (attn_drop): Dropout(p=0.0, inplace=False)
                    (proj): Linear(in_features=64, out_features=64, bias=True)
                    (proj_drop): Dropout(p=0.0, inplace=False)
                  )
                  (norm2): LayerNorm2d(
                    (norm): LayerNorm((64,), eps=1e-06, elementwise_affine=True)
                  )
                  (ffn): Sequential(
                    (0): Conv2d(64, 256, kernel_size=(1, 1), stride=(1, 1))
                    (1): GELU(approximate='none')
                    (2): Dropout(p=0.1, inplace=False)
                    (3): Conv2d(256, 64, kernel_size=(1, 1), stride=(1, 1))
                    (4): Dropout(p=0.1, inplace=False)
                  )
                )
                (4): NATTENBlock(
                  (norm1): LayerNorm2d(
                    (norm): LayerNorm((64,), eps=1e-06, elementwise_affine=True)
                  )
                  (attn): NeighborhoodAttention2D(
                    head_dim=8, num_heads=8, kernel_size=(5, 5), dilation=(1, 1), is_causal=(False, False), has_bias=False
                    (qkv): Linear(in_features=64, out_features=192, bias=True)
                    (attn_drop): Dropout(p=0.0, inplace=False)
                    (proj): Linear(in_features=64, out_features=64, bias=True)
                    (proj_drop): Dropout(p=0.0, inplace=False)
                  )
                  (norm2): LayerNorm2d(
                    (norm): LayerNorm((64,), eps=1e-06, elementwise_affine=True)
                  )
                  (ffn): Sequential(
                    (0): Conv2d(64, 256, kernel_size=(1, 1), stride=(1, 1))
                    (1): GELU(approximate='none')
                    (2): Dropout(p=0.1, inplace=False)
                    (3): Conv2d(256, 64, kernel_size=(1, 1), stride=(1, 1))
                    (4): Dropout(p=0.1, inplace=False)
                  )
                )
                (5): NATTENBlock(
                  (norm1): LayerNorm2d(
                    (norm): LayerNorm((64,), eps=1e-06, elementwise_affine=True)
                  )
                  (attn): NeighborhoodAttention2D(
                    head_dim=8, num_heads=8, kernel_size=(5, 5), dilation=(1, 1), is_causal=(False, False), has_bias=False
                    (qkv): Linear(in_features=64, out_features=192, bias=True)
                    (attn_drop): Dropout(p=0.0, inplace=False)
                    (proj): Linear(in_features=64, out_features=64, bias=True)
                    (proj_drop): Dropout(p=0.0, inplace=False)
                  )
                  (norm2): LayerNorm2d(
                    (norm): LayerNorm((64,), eps=1e-06, elementwise_affine=True)
                  )
                  (ffn): Sequential(
                    (0): Conv2d(64, 256, kernel_size=(1, 1), stride=(1, 1))
                    (1): GELU(approximate='none')
                    (2): Dropout(p=0.1, inplace=False)
                    (3): Conv2d(256, 64, kernel_size=(1, 1), stride=(1, 1))
                    (4): Dropout(p=0.1, inplace=False)
                  )
                )
              )
              (2): Sequential(
                (0): NATTENBlock(
                  (norm1): LayerNorm2d(
                    (norm): LayerNorm((64,), eps=1e-06, elementwise_affine=True)
                  )
                  (attn): NeighborhoodAttention2D(
                    head_dim=8, num_heads=8, kernel_size=(7, 7), dilation=(1, 1), is_causal=(False, False), has_bias=False
                    (qkv): Linear(in_features=64, out_features=192, bias=True)
                    (attn_drop): Dropout(p=0.0, inplace=False)
                    (proj): Linear(in_features=64, out_features=64, bias=True)
                    (proj_drop): Dropout(p=0.0, inplace=False)
                  )
                  (norm2): LayerNorm2d(
                    (norm): LayerNorm((64,), eps=1e-06, elementwise_affine=True)
                  )
                  (ffn): Sequential(
                    (0): Conv2d(64, 256, kernel_size=(1, 1), stride=(1, 1))
                    (1): GELU(approximate='none')
                    (2): Dropout(p=0.1, inplace=False)
                    (3): Conv2d(256, 64, kernel_size=(1, 1), stride=(1, 1))
                    (4): Dropout(p=0.1, inplace=False)
                  )
                )
                (1): NATTENBlock(
                  (norm1): LayerNorm2d(
                    (norm): LayerNorm((64,), eps=1e-06, elementwise_affine=True)
                  )
                  (attn): NeighborhoodAttention2D(
                    head_dim=8, num_heads=8, kernel_size=(7, 7), dilation=(1, 1), is_causal=(False, False), has_bias=False
                    (qkv): Linear(in_features=64, out_features=192, bias=True)
                    (attn_drop): Dropout(p=0.0, inplace=False)
                    (proj): Linear(in_features=64, out_features=64, bias=True)
                    (proj_drop): Dropout(p=0.0, inplace=False)
                  )
                  (norm2): LayerNorm2d(
                    (norm): LayerNorm((64,), eps=1e-06, elementwise_affine=True)
                  )
                  (ffn): Sequential(
                    (0): Conv2d(64, 256, kernel_size=(1, 1), stride=(1, 1))
                    (1): GELU(approximate='none')
                    (2): Dropout(p=0.1, inplace=False)
                    (3): Conv2d(256, 64, kernel_size=(1, 1), stride=(1, 1))
                    (4): Dropout(p=0.1, inplace=False)
                  )
                )
                (2): NATTENBlock(
                  (norm1): LayerNorm2d(
                    (norm): LayerNorm((64,), eps=1e-06, elementwise_affine=True)
                  )
                  (attn): NeighborhoodAttention2D(
                    head_dim=8, num_heads=8, kernel_size=(7, 7), dilation=(1, 1), is_causal=(False, False), has_bias=False
                    (qkv): Linear(in_features=64, out_features=192, bias=True)
                    (attn_drop): Dropout(p=0.0, inplace=False)
                    (proj): Linear(in_features=64, out_features=64, bias=True)
                    (proj_drop): Dropout(p=0.0, inplace=False)
                  )
                  (norm2): LayerNorm2d(
                    (norm): LayerNorm((64,), eps=1e-06, elementwise_affine=True)
                  )
                  (ffn): Sequential(
                    (0): Conv2d(64, 256, kernel_size=(1, 1), stride=(1, 1))
                    (1): GELU(approximate='none')
                    (2): Dropout(p=0.1, inplace=False)
                    (3): Conv2d(256, 64, kernel_size=(1, 1), stride=(1, 1))
                    (4): Dropout(p=0.1, inplace=False)
                  )
                )
                (3): NATTENBlock(
                  (norm1): LayerNorm2d(
                    (norm): LayerNorm((64,), eps=1e-06, elementwise_affine=True)
                  )
                  (attn): NeighborhoodAttention2D(
                    head_dim=8, num_heads=8, kernel_size=(7, 7), dilation=(1, 1), is_causal=(False, False), has_bias=False
                    (qkv): Linear(in_features=64, out_features=192, bias=True)
                    (attn_drop): Dropout(p=0.0, inplace=False)
                    (proj): Linear(in_features=64, out_features=64, bias=True)
                    (proj_drop): Dropout(p=0.0, inplace=False)
                  )
                  (norm2): LayerNorm2d(
                    (norm): LayerNorm((64,), eps=1e-06, elementwise_affine=True)
                  )
                  (ffn): Sequential(
                    (0): Conv2d(64, 256, kernel_size=(1, 1), stride=(1, 1))
                    (1): GELU(approximate='none')
                    (2): Dropout(p=0.1, inplace=False)
                    (3): Conv2d(256, 64, kernel_size=(1, 1), stride=(1, 1))
                    (4): Dropout(p=0.1, inplace=False)
                  )
                )
                (4): NATTENBlock(
                  (norm1): LayerNorm2d(
                    (norm): LayerNorm((64,), eps=1e-06, elementwise_affine=True)
                  )
                  (attn): NeighborhoodAttention2D(
                    head_dim=8, num_heads=8, kernel_size=(7, 7), dilation=(1, 1), is_causal=(False, False), has_bias=False
                    (qkv): Linear(in_features=64, out_features=192, bias=True)
                    (attn_drop): Dropout(p=0.0, inplace=False)
                    (proj): Linear(in_features=64, out_features=64, bias=True)
                    (proj_drop): Dropout(p=0.0, inplace=False)
                  )
                  (norm2): LayerNorm2d(
                    (norm): LayerNorm((64,), eps=1e-06, elementwise_affine=True)
                  )
                  (ffn): Sequential(
                    (0): Conv2d(64, 256, kernel_size=(1, 1), stride=(1, 1))
                    (1): GELU(approximate='none')
                    (2): Dropout(p=0.1, inplace=False)
                    (3): Conv2d(256, 64, kernel_size=(1, 1), stride=(1, 1))
                    (4): Dropout(p=0.1, inplace=False)
                  )
                )
                (5): NATTENBlock(
                  (norm1): LayerNorm2d(
                    (norm): LayerNorm((64,), eps=1e-06, elementwise_affine=True)
                  )
                  (attn): NeighborhoodAttention2D(
                    head_dim=8, num_heads=8, kernel_size=(7, 7), dilation=(1, 1), is_causal=(False, False), has_bias=False
                    (qkv): Linear(in_features=64, out_features=192, bias=True)
                    (attn_drop): Dropout(p=0.0, inplace=False)
                    (proj): Linear(in_features=64, out_features=64, bias=True)
                    (proj_drop): Dropout(p=0.0, inplace=False)
                  )
                  (norm2): LayerNorm2d(
                    (norm): LayerNorm((64,), eps=1e-06, elementwise_affine=True)
                  )
                  (ffn): Sequential(
                    (0): Conv2d(64, 256, kernel_size=(1, 1), stride=(1, 1))
                    (1): GELU(approximate='none')
                    (2): Dropout(p=0.1, inplace=False)
                    (3): Conv2d(256, 64, kernel_size=(1, 1), stride=(1, 1))
                    (4): Dropout(p=0.1, inplace=False)
                  )
                )
              )
            )
            (up): ModuleList(
              (0-2): 3 x Identity()
            )
            (gate_head): Sequential(
              (0): Conv2d(192, 48, kernel_size=(1, 1), stride=(1, 1))
              (1): GELU(approximate='none')
              (2): Conv2d(48, 3, kernel_size=(1, 1), stride=(1, 1))
            )
            (proj): Conv2d(64, 96, kernel_size=(1, 1), stride=(1, 1))
            (norm): Identity()
          )
        )
      )
      (conv): Conv2d(96, 96, kernel_size=(3, 3), stride=(1, 1), padding=(1, 1))
      (patch_embed): PatchEmbed(
        (proj): Conv2d(96, 96, kernel_size=(1, 1), stride=(1, 1))
        (norm): LayerNorm2d(
          (norm): LayerNorm((96,), eps=1e-06, elementwise_affine=True)
        )
      )
      (patch_unembed): PatchUnEmbed()
    )
  )
  (norm): LayerNorm2d(
    (norm): LayerNorm((96,), eps=1e-06, elementwise_affine=True)
  )
  (conv_after_body): Conv2d(96, 96, kernel_size=(3, 3), stride=(1, 1), padding=(1, 1))
  (conv_before_upsample): Sequential(
    (0): Conv2d(96, 64, kernel_size=(3, 3), stride=(1, 1), padding=(1, 1))
    (1): LeakyReLU(negative_slope=True)
  )
  (upsample): Upsample(
    (0): Conv2d(64, 576, kernel_size=(3, 3), stride=(1, 1), padding=(1, 1))
    (1): PixelShuffle(upscale_factor=3)
  )
  (conv_last): Conv2d(64, 3, kernel_size=(3, 3), stride=(1, 1), padding=(1, 1))
)
Preparing loss function:
1.000 * L1

🏃 Starting training...
[Epoch 1]	Learning rate: 2.00e-4
/root/miniconda3/envs/transenet-pren/lib/python3.8/site-packages/timm/models/layers/__init__.py:49: FutureWarning: Importing from timm.models.layers is deprecated, please import via timm.layers
  warnings.warn(f"Importing from {__name__} is deprecated, please import via timm.layers", FutureWarning)
[40/1120]	[L1: 0.2348]	4.4+0.1s
[80/1120]	[L1: 0.1987]	2.8+0.0s
[120/1120]	[L1: 0.1662]	2.8+0.0s
[160/1120]	[L1: 0.1483]	2.7+0.0s
[200/1120]	[L1: 0.1364]	2.4+0.0s
[240/1120]	[L1: 0.1266]	2.5+0.0s
[280/1120]	[L1: 0.1211]	2.8+0.0s
[320/1120]	[L1: 0.1153]	2.8+0.0s
[360/1120]	[L1: 0.1110]	2.8+0.0s
[400/1120]	[L1: 0.1080]	3.0+0.0s
[440/1120]	[L1: 0.1052]	3.1+0.0s
[480/1120]	[L1: 0.1029]	2.9+0.0s
[520/1120]	[L1: 0.1006]	2.4+0.0s
[560/1120]	[L1: 0.0983]	3.0+0.0s
[600/1120]	[L1: 0.0962]	2.7+0.0s
[640/1120]	[L1: 0.0940]	2.9+0.0s
[680/1120]	[L1: 0.0924]	2.5+0.0s
[720/1120]	[L1: 0.0907]	2.4+0.0s
[760/1120]	[L1: 0.0893]	2.3+0.0s
[800/1120]	[L1: 0.0877]	2.7+0.0s
[840/1120]	[L1: 0.0863]	2.4+0.0s
[880/1120]	[L1: 0.0851]	2.8+0.0s
[920/1120]	[L1: 0.0840]	2.8+0.0s
[960/1120]	[L1: 0.0829]	3.0+0.0s
[1000/1120]	[L1: 0.0818]	2.6+0.0s
[1040/1120]	[L1: 0.0808]	2.8+0.0s
[1080/1120]	[L1: 0.0797]	2.8+0.0s
[1120/1120]	[L1: 0.0786]	2.9+0.0s

Evaluation:
[RSSCN7 x3]	psnr: 24.624 (Best: 24.624 @epoch 1)
Total time: 15.82s

[Epoch 2]	Learning rate: 2.00e-4
[40/1120]	[L1: 0.0450]	2.7+0.0s
[80/1120]	[L1: 0.0446]	2.6+0.0s
[120/1120]	[L1: 0.0457]	3.0+0.0s
[160/1120]	[L1: 0.0457]	2.8+0.0s
[200/1120]	[L1: 0.0448]	2.9+0.0s
[240/1120]	[L1: 0.0464]	2.4+0.0s
[280/1120]	[L1: 0.0459]	2.8+0.0s
[320/1120]	[L1: 0.0462]	2.7+0.0s
[360/1120]	[L1: 0.0452]	2.8+0.0s
[400/1120]	[L1: 0.0442]	2.4+0.0s
[440/1120]	[L1: 0.0436]	2.8+0.0s
[480/1120]	[L1: 0.0430]	2.6+0.0s
[520/1120]	[L1: 0.0427]	2.4+0.0s
[560/1120]	[L1: 0.0422]	2.9+0.0s
[600/1120]	[L1: 0.0421]	2.8+0.0s
[640/1120]	[L1: 0.0420]	3.0+0.0s
[680/1120]	[L1: 0.0419]	2.8+0.0s
[720/1120]	[L1: 0.0416]	2.7+0.0s
[760/1120]	[L1: 0.0414]	2.8+0.0s
[800/1120]	[L1: 0.0411]	2.9+0.0s
[840/1120]	[L1: 0.0412]	2.8+0.0s
[880/1120]	[L1: 0.0411]	2.9+0.0s
[920/1120]	[L1: 0.0407]	2.8+0.0s
[960/1120]	[L1: 0.0406]	2.7+0.0s
[1000/1120]	[L1: 0.0404]	2.6+0.0s
[1040/1120]	[L1: 0.0401]	2.7+0.0s
[1080/1120]	[L1: 0.0400]	2.6+0.0s
[1120/1120]	[L1: 0.0399]	2.9+0.0s

Evaluation:
[RSSCN7 x3]	psnr: 27.143 (Best: 27.143 @epoch 2)
Total time: 14.93s

[Epoch 3]	Learning rate: 2.00e-4
[40/1120]	[L1: 0.0402]	2.8+0.1s
[80/1120]	[L1: 0.0387]	2.5+0.0s
[120/1120]	[L1: 0.0379]	2.6+0.0s
[160/1120]	[L1: 0.0372]	2.9+0.0s
[200/1120]	[L1: 0.0378]	2.8+0.0s
[240/1120]	[L1: 0.0375]	2.9+0.0s
[280/1120]	[L1: 0.0379]	2.8+0.0s
[320/1120]	[L1: 0.0373]	2.4+0.0s
[360/1120]	[L1: 0.0374]	2.3+0.0s
[400/1120]	[L1: 0.0366]	2.4+0.0s
[440/1120]	[L1: 0.0364]	2.3+0.0s
[480/1120]	[L1: 0.0363]	2.9+0.0s
[520/1120]	[L1: 0.0367]	3.0+0.0s
[560/1120]	[L1: 0.0369]	3.1+0.0s
[600/1120]	[L1: 0.0369]	2.9+0.0s
[640/1120]	[L1: 0.0364]	3.0+0.0s
[680/1120]	[L1: 0.0364]	2.9+0.0s
[720/1120]	[L1: 0.0360]	2.8+0.0s
[760/1120]	[L1: 0.0361]	2.8+0.0s
[800/1120]	[L1: 0.0360]	3.1+0.0s
[840/1120]	[L1: 0.0362]	2.8+0.0s
[880/1120]	[L1: 0.0365]	3.1+0.0s
[920/1120]	[L1: 0.0365]	2.8+0.0s
[960/1120]	[L1: 0.0366]	3.1+0.0s
[1000/1120]	[L1: 0.0365]	2.8+0.0s
[1040/1120]	[L1: 0.0363]	2.9+0.0s
[1080/1120]	[L1: 0.0362]	2.7+0.0s
[1120/1120]	[L1: 0.0361]	2.7+0.0s

Evaluation:
[RSSCN7 x3]	psnr: 27.546 (Best: 27.546 @epoch 3)
Total time: 14.97s

[Epoch 4]	Learning rate: 2.00e-4
[40/1120]	[L1: 0.0402]	2.4+0.0s
[80/1120]	[L1: 0.0382]	2.4+0.0s
[120/1120]	[L1: 0.0386]	2.4+0.0s
[160/1120]	[L1: 0.0381]	2.9+0.0s
[200/1120]	[L1: 0.0375]	2.9+0.0s
[240/1120]	[L1: 0.0367]	2.4+0.0s
[280/1120]	[L1: 0.0364]	2.4+0.0s
[320/1120]	[L1: 0.0360]	2.4+0.0s
[360/1120]	[L1: 0.0367]	2.5+0.0s
[400/1120]	[L1: 0.0371]	2.4+0.0s
[440/1120]	[L1: 0.0365]	2.4+0.0s
[480/1120]	[L1: 0.0360]	2.4+0.0s
[520/1120]	[L1: 0.0362]	3.0+0.0s
[560/1120]	[L1: 0.0359]	3.0+0.0s
[600/1120]	[L1: 0.0359]	3.0+0.0s
[640/1120]	[L1: 0.0359]	2.8+0.0s
[680/1120]	[L1: 0.0357]	2.8+0.0s
[720/1120]	[L1: 0.0357]	2.8+0.0s
[760/1120]	[L1: 0.0356]	2.8+0.0s
[800/1120]	[L1: 0.0356]	2.9+0.0s
[840/1120]	[L1: 0.0356]	2.6+0.0s
[880/1120]	[L1: 0.0357]	2.4+0.0s
[920/1120]	[L1: 0.0356]	3.0+0.0s
[960/1120]	[L1: 0.0357]	2.9+0.0s
[1000/1120]	[L1: 0.0356]	3.0+0.0s
[1040/1120]	[L1: 0.0356]	2.8+0.0s
[1080/1120]	[L1: 0.0354]	2.9+0.0s
[1120/1120]	[L1: 0.0352]	2.8+0.0s

Evaluation:
[RSSCN7 x3]	psnr: 27.929 (Best: 27.929 @epoch 4)
Total time: 14.95s

[Epoch 5]	Learning rate: 2.00e-4
[40/1120]	[L1: 0.0340]	2.5+0.0s
[80/1120]	[L1: 0.0351]	2.6+0.0s
[120/1120]	[L1: 0.0350]	3.1+0.0s
[160/1120]	[L1: 0.0344]	3.0+0.0s
[200/1120]	[L1: 0.0344]	3.0+0.0s
[240/1120]	[L1: 0.0352]	2.7+0.0s
[280/1120]	[L1: 0.0364]	2.6+0.0s
[320/1120]	[L1: 0.0381]	2.7+0.0s
[360/1120]	[L1: 0.0385]	2.6+0.0s
[400/1120]	[L1: 0.0386]	2.9+0.0s
[440/1120]	[L1: 0.0379]	2.8+0.0s
[480/1120]	[L1: 0.0378]	3.0+0.0s
[520/1120]	[L1: 0.0376]	2.9+0.0s
[560/1120]	[L1: 0.0374]	2.9+0.0s
[600/1120]	[L1: 0.0374]	2.5+0.0s
[640/1120]	[L1: 0.0370]	2.5+0.0s
[680/1120]	[L1: 0.0365]	2.4+0.0s
[720/1120]	[L1: 0.0363]	2.3+0.0s
[760/1120]	[L1: 0.0363]	2.3+0.0s
[800/1120]	[L1: 0.0364]	2.4+0.0s
[840/1120]	[L1: 0.0366]	2.3+0.0s
[880/1120]	[L1: 0.0367]	2.4+0.0s
[920/1120]	[L1: 0.0367]	2.3+0.0s
[960/1120]	[L1: 0.0365]	2.4+0.0s
[1000/1120]	[L1: 0.0363]	2.3+0.0s
[1040/1120]	[L1: 0.0361]	2.3+0.0s
[1080/1120]	[L1: 0.0360]	2.7+0.0s
[1120/1120]	[L1: 0.0359]	2.6+0.0s

Evaluation:
[RSSCN7 x3]	psnr: 27.746 (Best: 27.929 @epoch 4)
Total time: 14.95s

[Epoch 6]	Learning rate: 2.00e-4
[40/1120]	[L1: 0.0311]	2.4+0.0s
[80/1120]	[L1: 0.0322]	2.4+0.0s
[120/1120]	[L1: 0.0338]	2.5+0.0s
[160/1120]	[L1: 0.0341]	2.3+0.0s
[200/1120]	[L1: 0.0339]	2.3+0.0s
[240/1120]	[L1: 0.0345]	2.3+0.0s
[280/1120]	[L1: 0.0352]	2.3+0.0s
[320/1120]	[L1: 0.0353]	2.3+0.0s
[360/1120]	[L1: 0.0348]	2.4+0.0s
[400/1120]	[L1: 0.0346]	2.4+0.0s
[440/1120]	[L1: 0.0347]	2.4+0.0s
[480/1120]	[L1: 0.0349]	2.4+0.0s
[520/1120]	[L1: 0.0348]	2.4+0.0s
[560/1120]	[L1: 0.0349]	2.7+0.0s
[600/1120]	[L1: 0.0348]	2.9+0.0s
[640/1120]	[L1: 0.0347]	2.9+0.0s
[680/1120]	[L1: 0.0347]	2.6+0.0s
[720/1120]	[L1: 0.0346]	2.6+0.0s
[760/1120]	[L1: 0.0344]	2.4+0.0s
[800/1120]	[L1: 0.0346]	2.5+0.0s
[840/1120]	[L1: 0.0347]	2.9+0.0s
[880/1120]	[L1: 0.0347]	2.9+0.0s
[920/1120]	[L1: 0.0346]	2.8+0.0s
[960/1120]	[L1: 0.0345]	2.8+0.0s
[1000/1120]	[L1: 0.0345]	2.8+0.0s
[1040/1120]	[L1: 0.0344]	2.3+0.0s
[1080/1120]	[L1: 0.0345]	2.7+0.0s
[1120/1120]	[L1: 0.0345]	2.9+0.0s

Evaluation:
[RSSCN7 x3]	psnr: 27.845 (Best: 27.929 @epoch 4)
Total time: 14.89s

[Epoch 7]	Learning rate: 2.00e-4
[40/1120]	[L1: 0.0345]	2.4+0.0s
[80/1120]	[L1: 0.0351]	2.5+0.0s
[120/1120]	[L1: 0.0333]	2.5+0.0s
[160/1120]	[L1: 0.0334]	2.4+0.0s
[200/1120]	[L1: 0.0323]	2.4+0.0s
[240/1120]	[L1: 0.0313]	2.3+0.0s
[280/1120]	[L1: 0.0313]	2.3+0.0s
[320/1120]	[L1: 0.0323]	2.6+0.0s
[360/1120]	[L1: 0.0331]	2.9+0.0s
[400/1120]	[L1: 0.0334]	2.8+0.0s
[440/1120]	[L1: 0.0333]	2.4+0.0s
[480/1120]	[L1: 0.0331]	2.3+0.0s
[520/1120]	[L1: 0.0329]	2.8+0.0s
[560/1120]	[L1: 0.0331]	2.7+0.0s
[600/1120]	[L1: 0.0331]	2.7+0.0s
[640/1120]	[L1: 0.0329]	2.8+0.0s
[680/1120]	[L1: 0.0329]	2.7+0.0s
[720/1120]	[L1: 0.0326]	2.5+0.0s
[760/1120]	[L1: 0.0327]	2.8+0.0s
[800/1120]	[L1: 0.0326]	2.5+0.0s
[840/1120]	[L1: 0.0327]	2.3+0.0s
[880/1120]	[L1: 0.0328]	2.4+0.0s
[920/1120]	[L1: 0.0331]	2.8+0.0s
[960/1120]	[L1: 0.0332]	2.6+0.0s
[1000/1120]	[L1: 0.0332]	2.5+0.0s
[1040/1120]	[L1: 0.0333]	2.7+0.0s
[1080/1120]	[L1: 0.0332]	2.3+0.0s
[1120/1120]	[L1: 0.0331]	2.3+0.0s

Evaluation:
[RSSCN7 x3]	psnr: 27.848 (Best: 27.929 @epoch 4)
Total time: 14.86s

[Epoch 8]	Learning rate: 2.00e-4
[40/1120]	[L1: 0.0320]	2.5+0.0s
[80/1120]	[L1: 0.0322]	2.4+0.0s
[120/1120]	[L1: 0.0319]	2.4+0.0s
[160/1120]	[L1: 0.0315]	2.4+0.0s
[200/1120]	[L1: 0.0327]	2.7+0.0s
[240/1120]	[L1: 0.0332]	2.8+0.0s
[280/1120]	[L1: 0.0336]	2.4+0.0s
[320/1120]	[L1: 0.0331]	2.4+0.0s
[360/1120]	[L1: 0.0329]	2.6+0.0s
[400/1120]	[L1: 0.0328]	2.5+0.0s
[440/1120]	[L1: 0.0331]	2.9+0.0s
[480/1120]	[L1: 0.0331]	2.8+0.0s
[520/1120]	[L1: 0.0329]	2.4+0.0s
[560/1120]	[L1: 0.0331]	2.5+0.0s
[600/1120]	[L1: 0.0330]	2.4+0.0s
[640/1120]	[L1: 0.0329]	2.6+0.0s
[680/1120]	[L1: 0.0328]	2.7+0.0s
[720/1120]	[L1: 0.0328]	3.0+0.0s
[760/1120]	[L1: 0.0326]	2.5+0.0s
[800/1120]	[L1: 0.0325]	2.4+0.0s
[840/1120]	[L1: 0.0324]	2.4+0.0s
[880/1120]	[L1: 0.0324]	2.4+0.0s
[920/1120]	[L1: 0.0323]	2.5+0.0s
[960/1120]	[L1: 0.0322]	2.7+0.0s
[1000/1120]	[L1: 0.0323]	2.9+0.0s
[1040/1120]	[L1: 0.0325]	2.7+0.0s
[1080/1120]	[L1: 0.0324]	2.9+0.0s
[1120/1120]	[L1: 0.0323]	2.6+0.0s

Evaluation:
[RSSCN7 x3]	psnr: 28.409 (Best: 28.409 @epoch 8)
Total time: 14.92s

[Epoch 9]	Learning rate: 2.00e-4
[40/1120]	[L1: 0.0286]	2.5+0.0s
[80/1120]	[L1: 0.0306]	2.4+0.0s
[120/1120]	[L1: 0.0315]	2.5+0.0s
[160/1120]	[L1: 0.0327]	2.3+0.0s
[200/1120]	[L1: 0.0328]	2.4+0.0s
[240/1120]	[L1: 0.0322]	2.4+0.0s
[280/1120]	[L1: 0.0321]	2.9+0.0s
[320/1120]	[L1: 0.0320]	2.8+0.0s
[360/1120]	[L1: 0.0317]	2.9+0.0s
[400/1120]	[L1: 0.0319]	2.4+0.0s
[440/1120]	[L1: 0.0323]	2.5+0.0s
[480/1120]	[L1: 0.0321]	2.4+0.0s
[520/1120]	[L1: 0.0323]	2.4+0.0s
[560/1120]	[L1: 0.0322]	2.3+0.0s
[600/1120]	[L1: 0.0325]	2.5+0.0s
[640/1120]	[L1: 0.0322]	2.8+0.0s
[680/1120]	[L1: 0.0321]	2.8+0.0s
[720/1120]	[L1: 0.0323]	2.7+0.0s
[760/1120]	[L1: 0.0324]	2.3+0.0s
[800/1120]	[L1: 0.0323]	2.5+0.0s
[840/1120]	[L1: 0.0324]	2.6+0.0s
[880/1120]	[L1: 0.0321]	2.9+0.0s
[920/1120]	[L1: 0.0322]	2.8+0.0s
[960/1120]	[L1: 0.0321]	2.7+0.0s
[1000/1120]	[L1: 0.0321]	2.4+0.0s
[1040/1120]	[L1: 0.0320]	2.4+0.0s
[1080/1120]	[L1: 0.0321]	2.9+0.0s
[1120/1120]	[L1: 0.0321]	3.0+0.0s

Evaluation:
[RSSCN7 x3]	psnr: 27.865 (Best: 28.409 @epoch 8)
Total time: 14.97s

[Epoch 10]	Learning rate: 2.00e-4
[40/1120]	[L1: 0.0372]	2.5+0.0s
[80/1120]	[L1: 0.0348]	2.5+0.0s
[120/1120]	[L1: 0.0339]	2.4+0.0s
[160/1120]	[L1: 0.0335]	2.3+0.0s
[200/1120]	[L1: 0.0335]	2.5+0.0s
[240/1120]	[L1: 0.0332]	2.5+0.0s
[280/1120]	[L1: 0.0331]	2.7+0.0s
[320/1120]	[L1: 0.0328]	2.8+0.0s
[360/1120]	[L1: 0.0324]	2.8+0.0s
[400/1120]	[L1: 0.0318]	2.7+0.0s
[440/1120]	[L1: 0.0314]	2.7+0.0s
[480/1120]	[L1: 0.0315]	2.8+0.0s
[520/1120]	[L1: 0.0317]	2.8+0.0s
[560/1120]	[L1: 0.0315]	2.7+0.0s
[600/1120]	[L1: 0.0314]	2.8+0.0s
[640/1120]	[L1: 0.0314]	2.9+0.0s
[680/1120]	[L1: 0.0313]	2.8+0.0s
[720/1120]	[L1: 0.0315]	2.7+0.0s
[760/1120]	[L1: 0.0319]	2.4+0.0s
[800/1120]	[L1: 0.0317]	2.4+0.0s
[840/1120]	[L1: 0.0317]	2.4+0.0s
[880/1120]	[L1: 0.0318]	2.4+0.0s
[920/1120]	[L1: 0.0319]	2.7+0.0s
[960/1120]	[L1: 0.0318]	2.8+0.0s
[1000/1120]	[L1: 0.0318]	2.9+0.0s
[1040/1120]	[L1: 0.0315]	2.9+0.0s
[1080/1120]	[L1: 0.0316]	2.3+0.0s
[1120/1120]	[L1: 0.0316]	2.3+0.0s

Evaluation:
[RSSCN7 x3]	psnr: 27.455 (Best: 28.409 @epoch 8)
Total time: 14.97s

[Epoch 11]	Learning rate: 2.00e-4
[40/1120]	[L1: 0.0364]	2.4+0.0s
[80/1120]	[L1: 0.0315]	2.6+0.0s
[120/1120]	[L1: 0.0303]	2.5+0.0s
[160/1120]	[L1: 0.0308]	2.5+0.0s
[200/1120]	[L1: 0.0305]	2.4+0.0s
[240/1120]	[L1: 0.0303]	2.9+0.0s
[280/1120]	[L1: 0.0306]	2.8+0.0s
[320/1120]	[L1: 0.0316]	3.0+0.0s
[360/1120]	[L1: 0.0315]	2.4+0.0s
[400/1120]	[L1: 0.0310]	2.4+0.0s
[440/1120]	[L1: 0.0305]	2.9+0.0s
[480/1120]	[L1: 0.0303]	2.8+0.0s
[520/1120]	[L1: 0.0305]	2.7+0.0s
[560/1120]	[L1: 0.0308]	3.0+0.0s
[600/1120]	[L1: 0.0306]	2.9+0.0s
[640/1120]	[L1: 0.0306]	2.9+0.0s
[680/1120]	[L1: 0.0304]	3.0+0.0s
[720/1120]	[L1: 0.0304]	2.9+0.0s
[760/1120]	[L1: 0.0304]	2.8+0.0s
[800/1120]	[L1: 0.0303]	3.1+0.0s
[840/1120]	[L1: 0.0303]	2.9+0.0s
[880/1120]	[L1: 0.0302]	3.0+0.0s
[920/1120]	[L1: 0.0304]	2.9+0.0s
[960/1120]	[L1: 0.0305]	2.7+0.0s
[1000/1120]	[L1: 0.0303]	2.7+0.0s
[1040/1120]	[L1: 0.0303]	2.6+0.0s
[1080/1120]	[L1: 0.0303]	2.9+0.0s
[1120/1120]	[L1: 0.0303]	3.0+0.0s

Evaluation:
[RSSCN7 x3]	psnr: 28.359 (Best: 28.409 @epoch 8)
Total time: 14.94s

[Epoch 12]	Learning rate: 2.00e-4
[40/1120]	[L1: 0.0346]	2.4+0.0s
[80/1120]	[L1: 0.0343]	2.5+0.0s
[120/1120]	[L1: 0.0344]	2.4+0.0s
[160/1120]	[L1: 0.0338]	2.8+0.0s
[200/1120]	[L1: 0.0332]	2.7+0.0s
[240/1120]	[L1: 0.0328]	2.3+0.0s
[280/1120]	[L1: 0.0327]	2.8+0.0s
[320/1120]	[L1: 0.0326]	2.3+0.0s
[360/1120]	[L1: 0.0319]	2.3+0.0s
[400/1120]	[L1: 0.0315]	2.7+0.0s
[440/1120]	[L1: 0.0312]	2.8+0.0s
[480/1120]	[L1: 0.0313]	2.3+0.0s
[520/1120]	[L1: 0.0310]	2.5+0.0s
[560/1120]	[L1: 0.0309]	2.7+0.0s
[600/1120]	[L1: 0.0310]	2.5+0.0s
[640/1120]	[L1: 0.0310]	2.5+0.0s
[680/1120]	[L1: 0.0308]	2.4+0.0s
[720/1120]	[L1: 0.0307]	2.4+0.0s
[760/1120]	[L1: 0.0307]	2.4+0.0s
[800/1120]	[L1: 0.0307]	2.5+0.0s
[840/1120]	[L1: 0.0306]	2.4+0.0s
[880/1120]	[L1: 0.0307]	2.4+0.0s
[920/1120]	[L1: 0.0307]	2.4+0.0s
[960/1120]	[L1: 0.0306]	2.4+0.0s
[1000/1120]	[L1: 0.0305]	3.0+0.0s
[1040/1120]	[L1: 0.0305]	2.8+0.0s
[1080/1120]	[L1: 0.0305]	2.9+0.0s
[1120/1120]	[L1: 0.0305]	2.7+0.0s

Evaluation:
[RSSCN7 x3]	psnr: 28.578 (Best: 28.578 @epoch 12)
Total time: 14.97s

[Epoch 13]	Learning rate: 2.00e-4
[40/1120]	[L1: 0.0315]	2.6+0.0s
[80/1120]	[L1: 0.0311]	2.8+0.0s
[120/1120]	[L1: 0.0319]	2.6+0.0s
[160/1120]	[L1: 0.0318]	2.4+0.0s
[200/1120]	[L1: 0.0318]	2.8+0.0s
[240/1120]	[L1: 0.0317]	2.4+0.0s
[280/1120]	[L1: 0.0316]	2.3+0.0s
[320/1120]	[L1: 0.0318]	2.4+0.0s
[360/1120]	[L1: 0.0315]	2.4+0.0s
[400/1120]	[L1: 0.0321]	2.6+0.0s
[440/1120]	[L1: 0.0321]	2.8+0.0s
[480/1120]	[L1: 0.0322]	2.7+0.0s
[520/1120]	[L1: 0.0322]	2.7+0.0s
[560/1120]	[L1: 0.0321]	2.7+0.0s
[600/1120]	[L1: 0.0317]	2.8+0.0s
[640/1120]	[L1: 0.0318]	2.5+0.0s
[680/1120]	[L1: 0.0320]	2.3+0.0s
[720/1120]	[L1: 0.0319]	2.3+0.0s
[760/1120]	[L1: 0.0317]	2.7+0.0s
[800/1120]	[L1: 0.0317]	2.4+0.0s
[840/1120]	[L1: 0.0317]	2.3+0.0s
[880/1120]	[L1: 0.0315]	2.3+0.0s
[920/1120]	[L1: 0.0315]	2.3+0.0s
[960/1120]	[L1: 0.0314]	2.4+0.0s
[1000/1120]	[L1: 0.0312]	2.7+0.0s
[1040/1120]	[L1: 0.0313]	2.7+0.0s
[1080/1120]	[L1: 0.0311]	2.8+0.0s
[1120/1120]	[L1: 0.0311]	2.8+0.0s

Evaluation:
[RSSCN7 x3]	psnr: 28.320 (Best: 28.578 @epoch 12)
Total time: 14.95s

[Epoch 14]	Learning rate: 2.00e-4
[40/1120]	[L1: 0.0310]	2.3+0.0s
[80/1120]	[L1: 0.0323]	2.3+0.0s
[120/1120]	[L1: 0.0321]	2.3+0.0s
[160/1120]	[L1: 0.0320]	2.4+0.0s
[200/1120]	[L1: 0.0307]	2.3+0.0s
[240/1120]	[L1: 0.0303]	2.3+0.0s
[280/1120]	[L1: 0.0309]	2.3+0.0s
[320/1120]	[L1: 0.0307]	2.3+0.0s
[360/1120]	[L1: 0.0305]	2.4+0.0s
[400/1120]	[L1: 0.0298]	2.3+0.0s
[440/1120]	[L1: 0.0299]	2.3+0.0s
[480/1120]	[L1: 0.0295]	2.2+0.0s
[520/1120]	[L1: 0.0295]	2.3+0.0s
[560/1120]	[L1: 0.0299]	2.3+0.0s
[600/1120]	[L1: 0.0297]	2.3+0.0s
[640/1120]	[L1: 0.0299]	2.5+0.0s
[680/1120]	[L1: 0.0301]	2.7+0.0s
[720/1120]	[L1: 0.0301]	2.4+0.0s
[760/1120]	[L1: 0.0301]	2.3+0.0s
[800/1120]	[L1: 0.0299]	2.3+0.0s
[840/1120]	[L1: 0.0300]	2.3+0.0s
[880/1120]	[L1: 0.0299]	2.4+0.0s
[920/1120]	[L1: 0.0301]	2.7+0.0s
[960/1120]	[L1: 0.0301]	2.8+0.0s
[1000/1120]	[L1: 0.0299]	2.8+0.0s
[1040/1120]	[L1: 0.0299]	2.5+0.0s
[1080/1120]	[L1: 0.0298]	2.3+0.0s
[1120/1120]	[L1: 0.0299]	2.2+0.0s

Evaluation:
[RSSCN7 x3]	psnr: 28.470 (Best: 28.578 @epoch 12)
Total time: 14.85s

[Epoch 15]	Learning rate: 2.00e-4
[40/1120]	[L1: 0.0283]	2.4+0.0s
[80/1120]	[L1: 0.0278]	2.3+0.0s
[120/1120]	[L1: 0.0275]	2.3+0.0s
[160/1120]	[L1: 0.0277]	2.3+0.0s
[200/1120]	[L1: 0.0284]	2.4+0.0s
[240/1120]	[L1: 0.0285]	2.3+0.0s
[280/1120]	[L1: 0.0286]	2.3+0.0s
[320/1120]	[L1: 0.0289]	2.4+0.0s
[360/1120]	[L1: 0.0293]	2.3+0.0s
[400/1120]	[L1: 0.0294]	2.3+0.0s
[440/1120]	[L1: 0.0294]	2.3+0.0s
[480/1120]	[L1: 0.0295]	2.4+0.0s
[520/1120]	[L1: 0.0295]	2.3+0.0s
[560/1120]	[L1: 0.0295]	2.3+0.0s
[600/1120]	[L1: 0.0295]	2.7+0.0s
[640/1120]	[L1: 0.0294]	2.8+0.0s
[680/1120]	[L1: 0.0294]	3.0+0.0s
[720/1120]	[L1: 0.0294]	2.9+0.0s
[760/1120]	[L1: 0.0296]	3.2+0.0s
[800/1120]	[L1: 0.0294]	2.8+0.0s
[840/1120]	[L1: 0.0293]	2.6+0.0s
[880/1120]	[L1: 0.0293]	2.5+0.0s
[920/1120]	[L1: 0.0293]	2.3+0.0s
[960/1120]	[L1: 0.0293]	2.3+0.0s
[1000/1120]	[L1: 0.0293]	2.3+0.0s
[1040/1120]	[L1: 0.0292]	2.4+0.0s
[1080/1120]	[L1: 0.0292]	2.3+0.0s
[1120/1120]	[L1: 0.0293]	2.3+0.0s

Evaluation:
[RSSCN7 x3]	psnr: 28.035 (Best: 28.578 @epoch 12)
Total time: 15.06s

[Epoch 16]	Learning rate: 2.00e-4
[40/1120]	[L1: 0.0329]	2.6+0.0s
[80/1120]	[L1: 0.0315]	2.7+0.0s
[120/1120]	[L1: 0.0292]	2.4+0.0s
[160/1120]	[L1: 0.0297]	2.5+0.0s
[200/1120]	[L1: 0.0292]	2.3+0.0s
[240/1120]	[L1: 0.0291]	2.5+0.0s
[280/1120]	[L1: 0.0290]	2.8+0.0s
[320/1120]	[L1: 0.0289]	2.8+0.0s
[360/1120]	[L1: 0.0290]	2.9+0.0s
[400/1120]	[L1: 0.0293]	2.5+0.0s
[440/1120]	[L1: 0.0294]	2.4+0.0s
[480/1120]	[L1: 0.0293]	2.3+0.0s
[520/1120]	[L1: 0.0292]	2.4+0.0s
[560/1120]	[L1: 0.0293]	2.4+0.0s
[600/1120]	[L1: 0.0292]	2.5+0.0s
[640/1120]	[L1: 0.0291]	2.5+0.0s
[680/1120]	[L1: 0.0292]	2.7+0.0s
[720/1120]	[L1: 0.0293]	2.8+0.0s
[760/1120]	[L1: 0.0294]	2.7+0.0s
[800/1120]	[L1: 0.0295]	2.5+0.0s
[840/1120]	[L1: 0.0296]	2.9+0.0s
[880/1120]	[L1: 0.0299]	2.8+0.0s
[920/1120]	[L1: 0.0297]	3.1+0.0s
[960/1120]	[L1: 0.0298]	2.8+0.0s
[1000/1120]	[L1: 0.0296]	3.0+0.0s
[1040/1120]	[L1: 0.0297]	2.4+0.0s
[1080/1120]	[L1: 0.0296]	2.4+0.0s
[1120/1120]	[L1: 0.0296]	2.3+0.0s

Evaluation:
[RSSCN7 x3]	psnr: 28.392 (Best: 28.578 @epoch 12)
Total time: 14.95s

[Epoch 17]	Learning rate: 2.00e-4
[40/1120]	[L1: 0.0329]	3.0+0.0s
[80/1120]	[L1: 0.0348]	2.5+0.0s
[120/1120]	[L1: 0.0342]	2.4+0.0s
[160/1120]	[L1: 0.0327]	2.3+0.0s
[200/1120]	[L1: 0.0324]	2.3+0.0s
[240/1120]	[L1: 0.0318]	2.4+0.0s
[280/1120]	[L1: 0.0315]	2.3+0.0s
[320/1120]	[L1: 0.0313]	2.4+0.0s
[360/1120]	[L1: 0.0308]	2.3+0.0s
[400/1120]	[L1: 0.0306]	2.4+0.0s
[440/1120]	[L1: 0.0306]	2.3+0.0s
[480/1120]	[L1: 0.0307]	2.3+0.0s
[520/1120]	[L1: 0.0305]	2.4+0.0s
[560/1120]	[L1: 0.0302]	2.3+0.0s
[600/1120]	[L1: 0.0304]	2.4+0.0s
[640/1120]	[L1: 0.0303]	2.3+0.0s
[680/1120]	[L1: 0.0304]	2.3+0.0s
[720/1120]	[L1: 0.0304]	2.4+0.0s
[760/1120]	[L1: 0.0305]	2.3+0.0s
[800/1120]	[L1: 0.0304]	2.5+0.0s
[840/1120]	[L1: 0.0304]	2.4+0.0s
[880/1120]	[L1: 0.0302]	2.6+0.0s
[920/1120]	[L1: 0.0303]	2.5+0.0s
[960/1120]	[L1: 0.0303]	2.5+0.0s
[1000/1120]	[L1: 0.0305]	2.4+0.0s
[1040/1120]	[L1: 0.0304]	2.3+0.0s
[1080/1120]	[L1: 0.0303]	2.4+0.0s
[1120/1120]	[L1: 0.0301]	2.3+0.0s

Evaluation:
[RSSCN7 x3]	psnr: 28.673 (Best: 28.673 @epoch 17)
Total time: 15.06s

[Epoch 18]	Learning rate: 2.00e-4
[40/1120]	[L1: 0.0292]	2.5+0.0s
[80/1120]	[L1: 0.0302]	2.6+0.0s
[120/1120]	[L1: 0.0304]	2.9+0.0s
[160/1120]	[L1: 0.0307]	2.8+0.0s
[200/1120]	[L1: 0.0311]	2.3+0.0s
[240/1120]	[L1: 0.0304]	2.3+0.0s
[280/1120]	[L1: 0.0300]	2.4+0.0s
[320/1120]	[L1: 0.0300]	2.5+0.0s
[360/1120]	[L1: 0.0301]	2.3+0.0s
[400/1120]	[L1: 0.0296]	2.3+0.0s
[440/1120]	[L1: 0.0298]	2.4+0.0s
[480/1120]	[L1: 0.0296]	2.3+0.0s
[520/1120]	[L1: 0.0293]	2.5+0.0s
[560/1120]	[L1: 0.0291]	2.3+0.0s
[600/1120]	[L1: 0.0290]	2.3+0.0s
[640/1120]	[L1: 0.0291]	2.3+0.0s
[680/1120]	[L1: 0.0292]	2.3+0.0s
[720/1120]	[L1: 0.0289]	2.3+0.0s
[760/1120]	[L1: 0.0287]	2.4+0.0s
[800/1120]	[L1: 0.0285]	2.3+0.0s
[840/1120]	[L1: 0.0286]	2.3+0.0s
[880/1120]	[L1: 0.0287]	2.3+0.0s
[920/1120]	[L1: 0.0286]	2.3+0.0s
[960/1120]	[L1: 0.0288]	2.4+0.0s
[1000/1120]	[L1: 0.0290]	2.3+0.0s
[1040/1120]	[L1: 0.0290]	2.3+0.0s
[1080/1120]	[L1: 0.0292]	2.4+0.0s
[1120/1120]	[L1: 0.0292]	2.4+0.0s

Evaluation:
[RSSCN7 x3]	psnr: 28.779 (Best: 28.779 @epoch 18)
Total time: 14.96s

[Epoch 19]	Learning rate: 2.00e-4
[40/1120]	[L1: 0.0312]	2.4+0.0s
[80/1120]	[L1: 0.0301]	2.3+0.0s
[120/1120]	[L1: 0.0294]	2.3+0.0s
[160/1120]	[L1: 0.0297]	2.3+0.0s
[200/1120]	[L1: 0.0298]	2.3+0.0s
[240/1120]	[L1: 0.0295]	2.3+0.0s
[280/1120]	[L1: 0.0293]	2.3+0.0s
[320/1120]	[L1: 0.0294]	2.3+0.0s
[360/1120]	[L1: 0.0296]	2.5+0.0s
[400/1120]	[L1: 0.0293]	2.3+0.0s
[440/1120]	[L1: 0.0294]	2.4+0.0s
[480/1120]	[L1: 0.0294]	2.6+0.0s
[520/1120]	[L1: 0.0294]	2.7+0.0s
[560/1120]	[L1: 0.0292]	2.3+0.0s
[600/1120]	[L1: 0.0293]	2.3+0.0s
[640/1120]	[L1: 0.0296]	2.4+0.0s
[680/1120]	[L1: 0.0298]	2.4+0.0s
[720/1120]	[L1: 0.0299]	2.4+0.0s
[760/1120]	[L1: 0.0299]	2.3+0.0s
[800/1120]	[L1: 0.0298]	2.6+0.0s
[840/1120]	[L1: 0.0296]	2.9+0.0s
[880/1120]	[L1: 0.0297]	3.0+0.0s
[920/1120]	[L1: 0.0296]	2.4+0.0s
[960/1120]	[L1: 0.0297]	2.3+0.0s
[1000/1120]	[L1: 0.0298]	2.7+0.0s
[1040/1120]	[L1: 0.0299]	2.7+0.0s
[1080/1120]	[L1: 0.0299]	2.4+0.0s
[1120/1120]	[L1: 0.0300]	2.4+0.0s

Evaluation:
[RSSCN7 x3]	psnr: 28.511 (Best: 28.779 @epoch 18)
Total time: 15.09s

[Epoch 20]	Learning rate: 2.00e-4
[40/1120]	[L1: 0.0322]	2.9+0.0s
[80/1120]	[L1: 0.0304]	2.5+0.0s
[120/1120]	[L1: 0.0318]	2.4+0.0s
[160/1120]	[L1: 0.0314]	2.3+0.0s
[200/1120]	[L1: 0.0311]	2.3+0.0s
[240/1120]	[L1: 0.0304]	2.4+0.0s
[280/1120]	[L1: 0.0304]	2.3+0.0s
[320/1120]	[L1: 0.0299]	2.3+0.0s
[360/1120]	[L1: 0.0294]	2.3+0.0s
[400/1120]	[L1: 0.0297]	2.3+0.0s
[440/1120]	[L1: 0.0299]	2.3+0.0s
[480/1120]	[L1: 0.0296]	2.3+0.0s
[520/1120]	[L1: 0.0298]	2.3+0.0s
[560/1120]	[L1: 0.0298]	2.3+0.0s
[600/1120]	[L1: 0.0299]	2.3+0.0s
[640/1120]	[L1: 0.0300]	2.3+0.0s
[680/1120]	[L1: 0.0298]	2.4+0.0s
[720/1120]	[L1: 0.0298]	2.3+0.0s
[760/1120]	[L1: 0.0297]	2.3+0.0s
[800/1120]	[L1: 0.0298]	2.3+0.0s
[840/1120]	[L1: 0.0300]	2.3+0.0s
[880/1120]	[L1: 0.0299]	2.4+0.0s
[920/1120]	[L1: 0.0298]	2.7+0.0s
[960/1120]	[L1: 0.0299]	2.3+0.0s
[1000/1120]	[L1: 0.0299]	2.3+0.0s
[1040/1120]	[L1: 0.0298]	2.7+0.0s
[1080/1120]	[L1: 0.0300]	2.3+0.0s
[1120/1120]	[L1: 0.0299]	2.4+0.0s

Evaluation:
[RSSCN7 x3]	psnr: 28.660 (Best: 28.779 @epoch 18)
Total time: 15.01s

[Epoch 21]	Learning rate: 2.00e-4
[40/1120]	[L1: 0.0309]	2.5+0.0s
[80/1120]	[L1: 0.0301]	2.5+0.0s
[120/1120]	[L1: 0.0289]	2.4+0.0s
[160/1120]	[L1: 0.0295]	2.4+0.0s
[200/1120]	[L1: 0.0297]	3.0+0.0s
[240/1120]	[L1: 0.0289]	2.9+0.0s
[280/1120]	[L1: 0.0290]	2.8+0.0s
[320/1120]	[L1: 0.0290]	2.4+0.0s
[360/1120]	[L1: 0.0288]	2.4+0.0s
[400/1120]	[L1: 0.0291]	2.3+0.0s
[440/1120]	[L1: 0.0290]	2.3+0.0s
[480/1120]	[L1: 0.0289]	2.3+0.0s
[520/1120]	[L1: 0.0289]	2.3+0.0s
[560/1120]	[L1: 0.0288]	2.3+0.0s
[600/1120]	[L1: 0.0290]	2.3+0.0s
[640/1120]	[L1: 0.0290]	2.5+0.0s
[680/1120]	[L1: 0.0290]	2.4+0.0s
[720/1120]	[L1: 0.0291]	2.3+0.0s
[760/1120]	[L1: 0.0290]	2.3+0.0s
[800/1120]	[L1: 0.0289]	2.3+0.0s
[840/1120]	[L1: 0.0290]	2.6+0.0s
[880/1120]	[L1: 0.0290]	2.8+0.0s
[920/1120]	[L1: 0.0291]	2.8+0.0s
[960/1120]	[L1: 0.0291]	2.7+0.0s
[1000/1120]	[L1: 0.0294]	2.4+0.0s
[1040/1120]	[L1: 0.0297]	2.3+0.0s
[1080/1120]	[L1: 0.0296]	2.4+0.0s
[1120/1120]	[L1: 0.0295]	2.3+0.0s

Evaluation:
[RSSCN7 x3]	psnr: 28.639 (Best: 28.779 @epoch 18)
Total time: 15.04s

[Epoch 22]	Learning rate: 2.00e-4
[40/1120]	[L1: 0.0256]	2.4+0.0s
[80/1120]	[L1: 0.0287]	2.4+0.0s
[120/1120]	[L1: 0.0280]	2.3+0.0s
[160/1120]	[L1: 0.0283]	2.3+0.0s
[200/1120]	[L1: 0.0272]	2.3+0.0s
[240/1120]	[L1: 0.0279]	2.3+0.0s
[280/1120]	[L1: 0.0280]	2.4+0.0s
[320/1120]	[L1: 0.0280]	2.4+0.0s
[360/1120]	[L1: 0.0281]	2.3+0.0s
[400/1120]	[L1: 0.0280]	2.3+0.0s
[440/1120]	[L1: 0.0289]	2.4+0.0s
[480/1120]	[L1: 0.0291]	2.3+0.0s
[520/1120]	[L1: 0.0294]	2.3+0.0s
[560/1120]	[L1: 0.0292]	2.4+0.0s
[600/1120]	[L1: 0.0293]	2.3+0.0s
[640/1120]	[L1: 0.0291]	2.4+0.0s
[680/1120]	[L1: 0.0292]	2.3+0.0s
[720/1120]	[L1: 0.0290]	2.3+0.0s
[760/1120]	[L1: 0.0292]	2.3+0.0s
[800/1120]	[L1: 0.0292]	2.4+0.0s
[840/1120]	[L1: 0.0292]	2.7+0.0s
[880/1120]	[L1: 0.0293]	2.8+0.0s
[920/1120]	[L1: 0.0295]	2.6+0.0s
[960/1120]	[L1: 0.0295]	2.3+0.0s
[1000/1120]	[L1: 0.0294]	2.5+0.0s
[1040/1120]	[L1: 0.0294]	2.3+0.0s
[1080/1120]	[L1: 0.0293]	2.3+0.0s
[1120/1120]	[L1: 0.0292]	2.3+0.0s

Evaluation:
[RSSCN7 x3]	psnr: 28.655 (Best: 28.779 @epoch 18)
Total time: 15.07s

[Epoch 23]	Learning rate: 2.00e-4
[40/1120]	[L1: 0.0274]	2.5+0.0s
[80/1120]	[L1: 0.0270]	2.5+0.0s
[120/1120]	[L1: 0.0268]	2.4+0.0s
[160/1120]	[L1: 0.0273]	2.9+0.0s
[200/1120]	[L1: 0.0293]	2.4+0.0s
[240/1120]	[L1: 0.0304]	2.3+0.0s
[280/1120]	[L1: 0.0304]	2.3+0.0s
[320/1120]	[L1: 0.0308]	2.4+0.0s
[360/1120]	[L1: 0.0307]	2.4+0.0s
[400/1120]	[L1: 0.0310]	2.3+0.0s
[440/1120]	[L1: 0.0307]	2.7+0.0s
[480/1120]	[L1: 0.0305]	2.7+0.0s
[520/1120]	[L1: 0.0302]	2.5+0.0s
[560/1120]	[L1: 0.0301]	2.9+0.0s
[600/1120]	[L1: 0.0297]	2.9+0.0s
[640/1120]	[L1: 0.0295]	2.3+0.0s
[680/1120]	[L1: 0.0296]	2.3+0.0s
[720/1120]	[L1: 0.0298]	2.3+0.0s
[760/1120]	[L1: 0.0295]	2.4+0.0s
[800/1120]	[L1: 0.0296]	2.3+0.0s
[840/1120]	[L1: 0.0296]	2.3+0.0s
[880/1120]	[L1: 0.0294]	2.3+0.0s
[920/1120]	[L1: 0.0292]	2.4+0.0s
[960/1120]	[L1: 0.0293]	2.3+0.0s
[1000/1120]	[L1: 0.0292]	2.5+0.0s
[1040/1120]	[L1: 0.0292]	2.3+0.0s
[1080/1120]	[L1: 0.0291]	2.4+0.0s
[1120/1120]	[L1: 0.0291]	2.3+0.0s

Evaluation:
[RSSCN7 x3]	psnr: 28.755 (Best: 28.779 @epoch 18)
Total time: 14.95s

[Epoch 24]	Learning rate: 2.00e-4
[40/1120]	[L1: 0.0266]	2.5+0.0s
[80/1120]	[L1: 0.0268]	2.4+0.0s
[120/1120]	[L1: 0.0291]	2.4+0.0s
[160/1120]	[L1: 0.0290]	2.4+0.0s
[200/1120]	[L1: 0.0289]	2.3+0.0s
[240/1120]	[L1: 0.0291]	2.3+0.0s
[280/1120]	[L1: 0.0296]	2.3+0.0s
[320/1120]	[L1: 0.0292]	2.4+0.0s
[360/1120]	[L1: 0.0294]	2.7+0.0s
[400/1120]	[L1: 0.0293]	2.9+0.0s
[440/1120]	[L1: 0.0291]	2.6+0.0s
[480/1120]	[L1: 0.0290]	2.4+0.0s
[520/1120]	[L1: 0.0291]	2.4+0.0s
[560/1120]	[L1: 0.0289]	2.8+0.0s
[600/1120]	[L1: 0.0288]	2.5+0.0s
[640/1120]	[L1: 0.0287]	2.8+0.0s
[680/1120]	[L1: 0.0284]	2.9+0.0s
[720/1120]	[L1: 0.0282]	2.5+0.0s
[760/1120]	[L1: 0.0284]	2.9+0.0s
[800/1120]	[L1: 0.0285]	2.9+0.0s
[840/1120]	[L1: 0.0288]	2.8+0.0s
[880/1120]	[L1: 0.0287]	2.6+0.0s
[920/1120]	[L1: 0.0287]	2.5+0.0s
[960/1120]	[L1: 0.0287]	2.4+0.0s
[1000/1120]	[L1: 0.0287]	2.4+0.0s
[1040/1120]	[L1: 0.0286]	2.3+0.0s
[1080/1120]	[L1: 0.0287]	2.3+0.0s
[1120/1120]	[L1: 0.0286]	2.4+0.0s

Evaluation:
[RSSCN7 x3]	psnr: 28.590 (Best: 28.779 @epoch 18)
Total time: 14.97s

[Epoch 25]	Learning rate: 2.00e-4
[40/1120]	[L1: 0.0295]	2.4+0.0s
[80/1120]	[L1: 0.0285]	2.4+0.0s
[120/1120]	[L1: 0.0292]	2.4+0.0s
[160/1120]	[L1: 0.0293]	2.3+0.0s
[200/1120]	[L1: 0.0291]	2.3+0.0s
[240/1120]	[L1: 0.0295]	2.7+0.0s
[280/1120]	[L1: 0.0291]	2.4+0.0s
[320/1120]	[L1: 0.0293]	2.3+0.0s
[360/1120]	[L1: 0.0293]	2.4+0.0s
[400/1120]	[L1: 0.0291]	2.3+0.0s
[440/1120]	[L1: 0.0293]	2.3+0.0s
[480/1120]	[L1: 0.0291]	2.3+0.0s
[520/1120]	[L1: 0.0288]	2.3+0.0s
[560/1120]	[L1: 0.0289]	2.4+0.0s
[600/1120]	[L1: 0.0292]	2.3+0.0s
[640/1120]	[L1: 0.0292]	2.3+0.0s
[680/1120]	[L1: 0.0292]	2.3+0.0s
[720/1120]	[L1: 0.0292]	2.3+0.0s
[760/1120]	[L1: 0.0291]	2.3+0.0s
[800/1120]	[L1: 0.0292]	2.7+0.0s
[840/1120]	[L1: 0.0293]	2.4+0.0s
[880/1120]	[L1: 0.0294]	2.3+0.0s
[920/1120]	[L1: 0.0293]	2.3+0.0s
[960/1120]	[L1: 0.0291]	2.3+0.0s
[1000/1120]	[L1: 0.0291]	2.4+0.0s
[1040/1120]	[L1: 0.0289]	2.3+0.0s
[1080/1120]	[L1: 0.0289]	2.3+0.0s
[1120/1120]	[L1: 0.0289]	2.3+0.0s

Evaluation:
[RSSCN7 x3]	psnr: 28.285 (Best: 28.779 @epoch 18)
Total time: 15.05s

[Epoch 26]	Learning rate: 2.00e-4
[40/1120]	[L1: 0.0306]	2.5+0.0s
[80/1120]	[L1: 0.0303]	2.5+0.0s
[120/1120]	[L1: 0.0297]	2.6+0.0s
[160/1120]	[L1: 0.0291]	2.6+0.0s
[200/1120]	[L1: 0.0292]	2.5+0.0s
[240/1120]	[L1: 0.0293]	2.5+0.0s
[280/1120]	[L1: 0.0292]	2.5+0.0s
[320/1120]	[L1: 0.0294]	2.6+0.0s
[360/1120]	[L1: 0.0295]	2.5+0.0s
[400/1120]	[L1: 0.0292]	2.4+0.0s
[440/1120]	[L1: 0.0292]	2.5+0.0s
[480/1120]	[L1: 0.0293]	2.4+0.0s
[520/1120]	[L1: 0.0292]	2.3+0.0s
[560/1120]	[L1: 0.0295]	2.3+0.0s
[600/1120]	[L1: 0.0293]	2.4+0.0s
[640/1120]	[L1: 0.0292]	2.4+0.0s
[680/1120]	[L1: 0.0296]	2.4+0.0s
[720/1120]	[L1: 0.0294]	2.6+0.0s
[760/1120]	[L1: 0.0293]	2.4+0.0s
[800/1120]	[L1: 0.0294]	2.3+0.0s
[840/1120]	[L1: 0.0292]	2.3+0.0s
[880/1120]	[L1: 0.0291]	2.4+0.0s
[920/1120]	[L1: 0.0290]	2.3+0.0s
[960/1120]	[L1: 0.0289]	2.3+0.0s
[1000/1120]	[L1: 0.0288]	2.4+0.0s
[1040/1120]	[L1: 0.0288]	2.3+0.0s
[1080/1120]	[L1: 0.0290]	2.3+0.0s
[1120/1120]	[L1: 0.0290]	2.3+0.0s

Evaluation:
[RSSCN7 x3]	psnr: 28.083 (Best: 28.779 @epoch 18)
Total time: 15.05s

[Epoch 27]	Learning rate: 2.00e-4
[40/1120]	[L1: 0.0318]	2.4+0.0s
[80/1120]	[L1: 0.0318]	2.5+0.0s
[120/1120]	[L1: 0.0317]	2.4+0.0s
[160/1120]	[L1: 0.0311]	2.4+0.0s
[200/1120]	[L1: 0.0317]	2.3+0.0s
[240/1120]	[L1: 0.0319]	2.5+0.0s
[280/1120]	[L1: 0.0313]	2.3+0.0s
[320/1120]	[L1: 0.0307]	2.4+0.0s
[360/1120]	[L1: 0.0301]	2.3+0.0s
[400/1120]	[L1: 0.0304]	2.4+0.0s
[440/1120]	[L1: 0.0302]	2.3+0.0s
[480/1120]	[L1: 0.0299]	2.5+0.0s
[520/1120]	[L1: 0.0300]	2.3+0.0s
[560/1120]	[L1: 0.0297]	2.3+0.0s
[600/1120]	[L1: 0.0296]	2.4+0.0s
[640/1120]	[L1: 0.0296]	2.3+0.0s
[680/1120]	[L1: 0.0296]	2.5+0.0s
[720/1120]	[L1: 0.0297]	2.5+0.0s
[760/1120]	[L1: 0.0296]	2.6+0.0s
[800/1120]	[L1: 0.0295]	2.7+0.0s
[840/1120]	[L1: 0.0295]	2.9+0.0s
[880/1120]	[L1: 0.0293]	2.8+0.0s
[920/1120]	[L1: 0.0292]	2.7+0.0s
[960/1120]	[L1: 0.0292]	2.6+0.0s
[1000/1120]	[L1: 0.0293]	2.6+0.0s
[1040/1120]	[L1: 0.0293]	2.5+0.0s
[1080/1120]	[L1: 0.0292]	2.6+0.0s
[1120/1120]	[L1: 0.0291]	2.3+0.0s

Evaluation:
[RSSCN7 x3]	psnr: 28.591 (Best: 28.779 @epoch 18)
Total time: 15.00s

[Epoch 28]	Learning rate: 2.00e-4
[40/1120]	[L1: 0.0259]	2.7+0.0s
[80/1120]	[L1: 0.0266]	2.5+0.0s
[120/1120]	[L1: 0.0268]	2.9+0.0s
[160/1120]	[L1: 0.0263]	2.9+0.0s
[200/1120]	[L1: 0.0266]	2.6+0.0s
[240/1120]	[L1: 0.0273]	2.3+0.0s
[280/1120]	[L1: 0.0280]	2.9+0.0s
[320/1120]	[L1: 0.0280]	2.6+0.0s
[360/1120]	[L1: 0.0283]	2.6+0.0s
[400/1120]	[L1: 0.0287]	2.4+0.0s
[440/1120]	[L1: 0.0287]	2.3+0.0s
[480/1120]	[L1: 0.0294]	2.4+0.0s
[520/1120]	[L1: 0.0294]	2.3+0.0s
[560/1120]	[L1: 0.0293]	2.4+0.0s
[600/1120]	[L1: 0.0291]	2.4+0.0s
[640/1120]	[L1: 0.0291]	2.4+0.0s
[680/1120]	[L1: 0.0290]	2.5+0.0s
[720/1120]	[L1: 0.0292]	2.6+0.0s
[760/1120]	[L1: 0.0292]	2.3+0.0s
[800/1120]	[L1: 0.0291]	2.4+0.0s
[840/1120]	[L1: 0.0293]	2.3+0.0s
[880/1120]	[L1: 0.0292]	2.4+0.0s
[920/1120]	[L1: 0.0294]	2.3+0.0s
[960/1120]	[L1: 0.0293]	2.3+0.0s
[1000/1120]	[L1: 0.0293]	2.4+0.0s
[1040/1120]	[L1: 0.0294]	2.3+0.0s
[1080/1120]	[L1: 0.0292]	2.3+0.0s
[1120/1120]	[L1: 0.0291]	2.3+0.0s

Evaluation:
[RSSCN7 x3]	psnr: 28.845 (Best: 28.845 @epoch 28)
Total time: 15.05s

[Epoch 29]	Learning rate: 2.00e-4
[40/1120]	[L1: 0.0299]	2.4+0.0s
[80/1120]	[L1: 0.0301]	2.4+0.0s
[120/1120]	[L1: 0.0291]	2.3+0.0s
[160/1120]	[L1: 0.0292]	2.4+0.0s
[200/1120]	[L1: 0.0297]	2.3+0.0s
[240/1120]	[L1: 0.0294]	2.4+0.0s
[280/1120]	[L1: 0.0294]	2.4+0.0s
[320/1120]	[L1: 0.0291]	2.4+0.0s
[360/1120]	[L1: 0.0291]	2.4+0.0s
[400/1120]	[L1: 0.0287]	2.5+0.0s
[440/1120]	[L1: 0.0287]	2.6+0.0s
[480/1120]	[L1: 0.0287]	3.0+0.0s
[520/1120]	[L1: 0.0287]	2.6+0.0s
[560/1120]	[L1: 0.0288]	2.3+0.0s
[600/1120]	[L1: 0.0283]	2.3+0.0s
[640/1120]	[L1: 0.0286]	2.5+0.0s
[680/1120]	[L1: 0.0287]	2.4+0.0s
[720/1120]	[L1: 0.0290]	2.4+0.0s
[760/1120]	[L1: 0.0290]	2.4+0.0s
[800/1120]	[L1: 0.0291]	2.8+0.0s
[840/1120]	[L1: 0.0288]	2.8+0.0s
[880/1120]	[L1: 0.0289]	2.4+0.0s
[920/1120]	[L1: 0.0289]	2.4+0.0s
[960/1120]	[L1: 0.0289]	2.5+0.0s
[1000/1120]	[L1: 0.0288]	2.3+0.0s
[1040/1120]	[L1: 0.0287]	2.4+0.0s
[1080/1120]	[L1: 0.0286]	2.5+0.0s
[1120/1120]	[L1: 0.0287]	2.6+0.0s

Evaluation:
[RSSCN7 x3]	psnr: 28.883 (Best: 28.883 @epoch 29)
Total time: 15.04s

[Epoch 30]	Learning rate: 2.00e-4
[40/1120]	[L1: 0.0308]	2.5+0.0s
[80/1120]	[L1: 0.0305]	2.4+0.0s
[120/1120]	[L1: 0.0297]	2.4+0.0s
[160/1120]	[L1: 0.0295]	2.4+0.0s
[200/1120]	[L1: 0.0295]	2.4+0.0s
[240/1120]	[L1: 0.0290]	2.3+0.0s
[280/1120]	[L1: 0.0287]	2.3+0.0s
[320/1120]	[L1: 0.0285]	2.3+0.0s
[360/1120]	[L1: 0.0284]	2.6+0.0s
[400/1120]	[L1: 0.0286]	2.3+0.0s
[440/1120]	[L1: 0.0291]	2.3+0.0s
[480/1120]	[L1: 0.0289]	2.4+0.0s
[520/1120]	[L1: 0.0291]	2.3+0.0s
[560/1120]	[L1: 0.0292]	2.3+0.0s
[600/1120]	[L1: 0.0291]	2.3+0.0s
[640/1120]	[L1: 0.0289]	2.3+0.0s
[680/1120]	[L1: 0.0288]	2.3+0.0s
[720/1120]	[L1: 0.0292]	2.4+0.0s
[760/1120]	[L1: 0.0291]	2.3+0.0s
[800/1120]	[L1: 0.0290]	2.3+0.0s
[840/1120]	[L1: 0.0290]	2.3+0.0s
[880/1120]	[L1: 0.0290]	2.3+0.0s
[920/1120]	[L1: 0.0291]	2.4+0.0s
[960/1120]	[L1: 0.0292]	2.3+0.0s
[1000/1120]	[L1: 0.0288]	2.3+0.0s
[1040/1120]	[L1: 0.0287]	2.4+0.0s
[1080/1120]	[L1: 0.0286]	2.4+0.0s
[1120/1120]	[L1: 0.0285]	2.4+0.0s

Evaluation:
[RSSCN7 x3]	psnr: 28.849 (Best: 28.883 @epoch 29)
Total time: 15.02s

[Epoch 31]	Learning rate: 2.00e-4
[40/1120]	[L1: 0.0301]	2.5+0.0s
[80/1120]	[L1: 0.0298]	2.5+0.0s
[120/1120]	[L1: 0.0307]	2.5+0.0s
[160/1120]	[L1: 0.0294]	2.8+0.0s
[200/1120]	[L1: 0.0294]	3.0+0.0s
[240/1120]	[L1: 0.0287]	2.6+0.0s
[280/1120]	[L1: 0.0281]	2.5+0.0s
[320/1120]	[L1: 0.0282]	2.4+0.0s
[360/1120]	[L1: 0.0282]	2.3+0.0s
[400/1120]	[L1: 0.0283]	2.5+0.0s
[440/1120]	[L1: 0.0281]	2.7+0.0s
[480/1120]	[L1: 0.0285]	2.3+0.0s
[520/1120]	[L1: 0.0288]	2.3+0.0s
[560/1120]	[L1: 0.0285]	2.7+0.0s
[600/1120]	[L1: 0.0285]	2.8+0.0s
[640/1120]	[L1: 0.0284]	2.6+0.0s
[680/1120]	[L1: 0.0285]	2.5+0.0s
[720/1120]	[L1: 0.0286]	2.4+0.0s
[760/1120]	[L1: 0.0284]	2.5+0.0s
[800/1120]	[L1: 0.0285]	2.8+0.0s
[840/1120]	[L1: 0.0283]	2.7+0.0s
[880/1120]	[L1: 0.0285]	2.3+0.0s
[920/1120]	[L1: 0.0284]	2.3+0.0s
[960/1120]	[L1: 0.0284]	2.4+0.0s
[1000/1120]	[L1: 0.0284]	2.3+0.0s
[1040/1120]	[L1: 0.0283]	2.3+0.0s
[1080/1120]	[L1: 0.0284]	2.3+0.0s
[1120/1120]	[L1: 0.0284]	2.3+0.0s

Evaluation:
[RSSCN7 x3]	psnr: 28.831 (Best: 28.883 @epoch 29)
Total time: 14.97s

[Epoch 32]	Learning rate: 2.00e-4
[40/1120]	[L1: 0.0273]	2.4+0.0s
[80/1120]	[L1: 0.0265]	2.4+0.0s
[120/1120]	[L1: 0.0265]	2.5+0.0s
[160/1120]	[L1: 0.0270]	2.3+0.0s
[200/1120]	[L1: 0.0277]	2.3+0.0s
[240/1120]	[L1: 0.0282]	2.4+0.0s
[280/1120]	[L1: 0.0284]	2.3+0.0s
[320/1120]	[L1: 0.0283]	2.3+0.0s
[360/1120]	[L1: 0.0284]	2.4+0.0s
[400/1120]	[L1: 0.0283]	2.3+0.0s
[440/1120]	[L1: 0.0282]	2.3+0.0s
[480/1120]	[L1: 0.0282]	2.4+0.0s
[520/1120]	[L1: 0.0281]	2.3+0.0s
[560/1120]	[L1: 0.0280]	2.3+0.0s
[600/1120]	[L1: 0.0280]	2.4+0.0s
[640/1120]	[L1: 0.0279]	2.4+0.0s
[680/1120]	[L1: 0.0283]	2.3+0.0s
[720/1120]	[L1: 0.0284]	2.4+0.0s
[760/1120]	[L1: 0.0286]	2.4+0.0s
[800/1120]	[L1: 0.0285]	2.8+0.0s
[840/1120]	[L1: 0.0286]	2.9+0.0s
[880/1120]	[L1: 0.0285]	2.5+0.0s
[920/1120]	[L1: 0.0288]	2.5+0.0s
[960/1120]	[L1: 0.0287]	2.4+0.0s
[1000/1120]	[L1: 0.0287]	2.3+0.0s
[1040/1120]	[L1: 0.0285]	2.5+0.0s
[1080/1120]	[L1: 0.0285]	2.3+0.0s
[1120/1120]	[L1: 0.0287]	2.3+0.0s

Evaluation:
[RSSCN7 x3]	psnr: 28.747 (Best: 28.883 @epoch 29)
Total time: 15.03s

[Epoch 33]	Learning rate: 2.00e-4
[40/1120]	[L1: 0.0317]	2.5+0.0s
[80/1120]	[L1: 0.0295]	2.5+0.0s
[120/1120]	[L1: 0.0295]	2.5+0.0s
[160/1120]	[L1: 0.0297]	2.6+0.0s
[200/1120]	[L1: 0.0297]	2.5+0.0s
[240/1120]	[L1: 0.0292]	2.5+0.0s
[280/1120]	[L1: 0.0291]	2.5+0.0s
[320/1120]	[L1: 0.0288]	2.6+0.0s
[360/1120]	[L1: 0.0292]	2.5+0.0s
[400/1120]	[L1: 0.0292]	2.3+0.0s
[440/1120]	[L1: 0.0290]	2.3+0.0s
[480/1120]	[L1: 0.0287]	2.4+0.0s
[520/1120]	[L1: 0.0290]	2.5+0.0s
[560/1120]	[L1: 0.0289]	2.3+0.0s
[600/1120]	[L1: 0.0287]	2.4+0.0s
[640/1120]	[L1: 0.0289]	2.4+0.0s
[680/1120]	[L1: 0.0289]	2.3+0.0s
[720/1120]	[L1: 0.0291]	2.3+0.0s
[760/1120]	[L1: 0.0289]	2.3+0.0s
[800/1120]	[L1: 0.0290]	2.7+0.0s
[840/1120]	[L1: 0.0291]	2.8+0.0s
[880/1120]	[L1: 0.0289]	2.4+0.0s
[920/1120]	[L1: 0.0289]	2.3+0.0s
[960/1120]	[L1: 0.0287]	2.4+0.0s
[1000/1120]	[L1: 0.0287]	2.3+0.0s
[1040/1120]	[L1: 0.0286]	2.3+0.0s
[1080/1120]	[L1: 0.0286]	2.4+0.0s
[1120/1120]	[L1: 0.0286]	2.3+0.0s

Evaluation:
[RSSCN7 x3]	psnr: 28.884 (Best: 28.884 @epoch 33)
Total time: 15.05s

[Epoch 34]	Learning rate: 2.00e-4
[40/1120]	[L1: 0.0282]	2.5+0.0s
[80/1120]	[L1: 0.0268]	2.5+0.0s
[120/1120]	[L1: 0.0281]	2.5+0.0s
[160/1120]	[L1: 0.0283]	2.4+0.0s
[200/1120]	[L1: 0.0282]	2.5+0.0s
[240/1120]	[L1: 0.0287]	2.5+0.0s
[280/1120]	[L1: 0.0283]	2.6+0.0s
[320/1120]	[L1: 0.0280]	2.5+0.0s
[360/1120]	[L1: 0.0283]	2.5+0.0s
[400/1120]	[L1: 0.0287]	2.5+0.0s
[440/1120]	[L1: 0.0290]	2.5+0.0s
[480/1120]	[L1: 0.0286]	2.5+0.0s
[520/1120]	[L1: 0.0286]	2.6+0.0s
[560/1120]	[L1: 0.0284]	2.9+0.0s
[600/1120]	[L1: 0.0282]	2.5+0.0s
[640/1120]	[L1: 0.0283]	2.8+0.0s
[680/1120]	[L1: 0.0284]	2.8+0.0s
[720/1120]	[L1: 0.0280]	2.9+0.0s
[760/1120]	[L1: 0.0279]	2.4+0.0s
[800/1120]	[L1: 0.0281]	2.5+0.0s
[840/1120]	[L1: 0.0282]	2.5+0.0s
[880/1120]	[L1: 0.0282]	2.5+0.0s
[920/1120]	[L1: 0.0280]	2.5+0.0s
[960/1120]	[L1: 0.0281]	2.6+0.0s
[1000/1120]	[L1: 0.0280]	2.5+0.0s
[1040/1120]	[L1: 0.0280]	2.5+0.0s
[1080/1120]	[L1: 0.0281]	2.4+0.0s
[1120/1120]	[L1: 0.0281]	2.4+0.0s

Evaluation:
[RSSCN7 x3]	psnr: 28.859 (Best: 28.884 @epoch 33)
Total time: 15.00s

[Epoch 35]	Learning rate: 2.00e-4
[40/1120]	[L1: 0.0291]	2.4+0.0s
[80/1120]	[L1: 0.0290]	2.5+0.0s
[120/1120]	[L1: 0.0301]	2.4+0.0s
[160/1120]	[L1: 0.0294]	2.3+0.0s
[200/1120]	[L1: 0.0286]	2.4+0.0s
[240/1120]	[L1: 0.0287]	2.3+0.0s
[280/1120]	[L1: 0.0283]	2.3+0.0s
[320/1120]	[L1: 0.0278]	2.3+0.0s
[360/1120]	[L1: 0.0281]	2.3+0.0s
[400/1120]	[L1: 0.0285]	2.3+0.0s
[440/1120]	[L1: 0.0284]	2.4+0.0s
[480/1120]	[L1: 0.0286]	2.3+0.0s
[520/1120]	[L1: 0.0285]	2.3+0.0s
[560/1120]	[L1: 0.0287]	2.3+0.0s
[600/1120]	[L1: 0.0289]	2.3+0.0s
[640/1120]	[L1: 0.0289]	2.4+0.0s
[680/1120]	[L1: 0.0291]	2.3+0.0s
[720/1120]	[L1: 0.0291]	2.3+0.0s
[760/1120]	[L1: 0.0289]	2.3+0.0s
[800/1120]	[L1: 0.0290]	2.3+0.0s
[840/1120]	[L1: 0.0289]	2.3+0.0s
[880/1120]	[L1: 0.0287]	2.4+0.0s
[920/1120]	[L1: 0.0287]	2.3+0.0s
[960/1120]	[L1: 0.0286]	2.3+0.0s
[1000/1120]	[L1: 0.0286]	2.3+0.0s
[1040/1120]	[L1: 0.0287]	2.3+0.0s
[1080/1120]	[L1: 0.0286]	2.4+0.0s
[1120/1120]	[L1: 0.0286]	2.3+0.0s

Evaluation:
[RSSCN7 x3]	psnr: 28.890 (Best: 28.890 @epoch 35)
Total time: 14.99s

[Epoch 36]	Learning rate: 2.00e-4
[40/1120]	[L1: 0.0289]	2.5+0.0s
[80/1120]	[L1: 0.0280]	2.6+0.0s
[120/1120]	[L1: 0.0283]	2.5+0.0s
[160/1120]	[L1: 0.0281]	3.0+0.0s
[200/1120]	[L1: 0.0286]	2.9+0.0s
[240/1120]	[L1: 0.0282]	2.9+0.0s
[280/1120]	[L1: 0.0283]	2.6+0.0s
[320/1120]	[L1: 0.0285]	2.5+0.0s
[360/1120]	[L1: 0.0288]	2.4+0.0s
[400/1120]	[L1: 0.0287]	2.6+0.0s
[440/1120]	[L1: 0.0286]	2.8+0.0s
[480/1120]	[L1: 0.0283]	2.7+0.0s
[520/1120]	[L1: 0.0283]	2.5+0.0s
[560/1120]	[L1: 0.0283]	2.4+0.0s
[600/1120]	[L1: 0.0283]	2.4+0.0s
[640/1120]	[L1: 0.0284]	2.6+0.0s
[680/1120]	[L1: 0.0283]	2.8+0.0s
[720/1120]	[L1: 0.0286]	2.6+0.0s
[760/1120]	[L1: 0.0285]	2.4+0.0s
[800/1120]	[L1: 0.0283]	2.3+0.0s
[840/1120]	[L1: 0.0283]	2.3+0.0s
[880/1120]	[L1: 0.0284]	2.4+0.0s
[920/1120]	[L1: 0.0285]	2.3+0.0s
[960/1120]	[L1: 0.0284]	2.3+0.0s
[1000/1120]	[L1: 0.0283]	2.4+0.0s
[1040/1120]	[L1: 0.0284]	2.3+0.0s
[1080/1120]	[L1: 0.0283]	2.3+0.0s
[1120/1120]	[L1: 0.0283]	2.4+0.0s

Evaluation:
[RSSCN7 x3]	psnr: 28.525 (Best: 28.890 @epoch 35)
Total time: 14.98s

[Epoch 37]	Learning rate: 2.00e-4
[40/1120]	[L1: 0.0293]	2.6+0.0s
[80/1120]	[L1: 0.0284]	2.4+0.0s
[120/1120]	[L1: 0.0285]	2.4+0.0s
[160/1120]	[L1: 0.0284]	2.4+0.0s
[200/1120]	[L1: 0.0286]	2.3+0.0s
[240/1120]	[L1: 0.0285]	2.3+0.0s
[280/1120]	[L1: 0.0282]	2.5+0.0s
[320/1120]	[L1: 0.0277]	2.3+0.0s
[360/1120]	[L1: 0.0276]	2.3+0.0s
[400/1120]	[L1: 0.0275]	2.4+0.0s
[440/1120]	[L1: 0.0278]	2.3+0.0s
[480/1120]	[L1: 0.0282]	2.3+0.0s
[520/1120]	[L1: 0.0283]	2.5+0.0s
[560/1120]	[L1: 0.0283]	2.3+0.0s
[600/1120]	[L1: 0.0281]	2.7+0.0s
[640/1120]	[L1: 0.0281]	2.7+0.0s
[680/1120]	[L1: 0.0281]	2.6+0.0s
[720/1120]	[L1: 0.0280]	2.9+0.0s
[760/1120]	[L1: 0.0282]	2.8+0.0s
[800/1120]	[L1: 0.0282]	2.3+0.0s
[840/1120]	[L1: 0.0284]	2.4+0.0s
[880/1120]	[L1: 0.0284]	2.5+0.0s
[920/1120]	[L1: 0.0284]	2.4+0.0s
[960/1120]	[L1: 0.0283]	2.5+0.0s
[1000/1120]	[L1: 0.0283]	2.4+0.0s
[1040/1120]	[L1: 0.0284]	2.5+0.0s
[1080/1120]	[L1: 0.0285]	2.5+0.0s
[1120/1120]	[L1: 0.0284]	2.4+0.0s

Evaluation:
[RSSCN7 x3]	psnr: 28.721 (Best: 28.890 @epoch 35)
Total time: 15.05s

[Epoch 38]	Learning rate: 2.00e-4
[40/1120]	[L1: 0.0297]	2.6+0.0s
[80/1120]	[L1: 0.0282]	2.5+0.0s
[120/1120]	[L1: 0.0275]	2.5+0.0s
[160/1120]	[L1: 0.0281]	2.5+0.0s
[200/1120]	[L1: 0.0283]	2.3+0.0s
[240/1120]	[L1: 0.0285]	2.4+0.0s
[280/1120]	[L1: 0.0284]	2.3+0.0s
[320/1120]	[L1: 0.0282]	2.4+0.0s
[360/1120]	[L1: 0.0282]	2.3+0.0s
[400/1120]	[L1: 0.0281]	2.4+0.0s
[440/1120]	[L1: 0.0283]	2.3+0.0s
[480/1120]	[L1: 0.0286]	2.3+0.0s
[520/1120]	[L1: 0.0284]	2.6+0.0s
[560/1120]	[L1: 0.0284]	2.6+0.0s
[600/1120]	[L1: 0.0283]	2.4+0.0s
[640/1120]	[L1: 0.0280]	2.3+0.0s
[680/1120]	[L1: 0.0281]	2.6+0.0s
[720/1120]	[L1: 0.0279]	2.6+0.0s
[760/1120]	[L1: 0.0278]	2.3+0.0s
[800/1120]	[L1: 0.0275]	2.4+0.0s
[840/1120]	[L1: 0.0277]	2.3+0.0s
[880/1120]	[L1: 0.0277]	2.4+0.0s
[920/1120]	[L1: 0.0280]	2.3+0.0s
[960/1120]	[L1: 0.0279]	2.3+0.0s
[1000/1120]	[L1: 0.0281]	2.4+0.0s
[1040/1120]	[L1: 0.0282]	2.3+0.0s
[1080/1120]	[L1: 0.0282]	2.4+0.0s
[1120/1120]	[L1: 0.0282]	2.3+0.0s

Evaluation:
[RSSCN7 x3]	psnr: 28.785 (Best: 28.890 @epoch 35)
Total time: 15.00s

[Epoch 39]	Learning rate: 2.00e-4
[40/1120]	[L1: 0.0233]	2.6+0.0s
[80/1120]	[L1: 0.0277]	2.5+0.0s
[120/1120]	[L1: 0.0272]	2.5+0.0s
[160/1120]	[L1: 0.0275]	2.4+0.0s
[200/1120]	[L1: 0.0273]	2.5+0.0s
[240/1120]	[L1: 0.0269]	2.3+0.0s
[280/1120]	[L1: 0.0271]	2.7+0.0s
[320/1120]	[L1: 0.0276]	2.9+0.0s
[360/1120]	[L1: 0.0275]	2.7+0.0s
[400/1120]	[L1: 0.0274]	2.4+0.0s
[440/1120]	[L1: 0.0273]	2.4+0.0s
[480/1120]	[L1: 0.0274]	2.3+0.0s
[520/1120]	[L1: 0.0276]	2.4+0.0s
[560/1120]	[L1: 0.0276]	2.7+0.0s
[600/1120]	[L1: 0.0277]	2.8+0.0s
[640/1120]	[L1: 0.0277]	2.3+0.0s
[680/1120]	[L1: 0.0278]	2.5+0.0s
[720/1120]	[L1: 0.0277]	2.6+0.0s
[760/1120]	[L1: 0.0278]	2.7+0.0s
[800/1120]	[L1: 0.0277]	2.8+0.0s
[840/1120]	[L1: 0.0277]	2.4+0.0s
[880/1120]	[L1: 0.0275]	2.4+0.0s
[920/1120]	[L1: 0.0277]	2.4+0.0s
[960/1120]	[L1: 0.0279]	2.7+0.0s
[1000/1120]	[L1: 0.0279]	2.9+0.0s
[1040/1120]	[L1: 0.0280]	3.0+0.0s
[1080/1120]	[L1: 0.0280]	2.9+0.0s
[1120/1120]	[L1: 0.0280]	2.6+0.0s

Evaluation:
[RSSCN7 x3]	psnr: 28.584 (Best: 28.890 @epoch 35)
Total time: 14.97s

[Epoch 40]	Learning rate: 2.00e-4
[40/1120]	[L1: 0.0293]	2.5+0.0s
[80/1120]	[L1: 0.0297]	2.4+0.0s
[120/1120]	[L1: 0.0299]	2.4+0.0s
[160/1120]	[L1: 0.0293]	2.5+0.0s
[200/1120]	[L1: 0.0296]	2.6+0.0s
[240/1120]	[L1: 0.0291]	2.7+0.0s
[280/1120]	[L1: 0.0300]	2.3+0.0s
[320/1120]	[L1: 0.0297]	2.8+0.0s
[360/1120]	[L1: 0.0299]	2.9+0.0s
[400/1120]	[L1: 0.0294]	2.9+0.0s
[440/1120]	[L1: 0.0292]	2.6+0.0s
[480/1120]	[L1: 0.0291]	2.7+0.0s
[520/1120]	[L1: 0.0293]	2.6+0.0s
[560/1120]	[L1: 0.0291]	2.5+0.0s
[600/1120]	[L1: 0.0289]	2.4+0.0s
[640/1120]	[L1: 0.0291]	2.4+0.0s
[680/1120]	[L1: 0.0289]	2.3+0.0s
[720/1120]	[L1: 0.0289]	2.4+0.0s
[760/1120]	[L1: 0.0289]	2.5+0.0s
[800/1120]	[L1: 0.0287]	2.4+0.0s
[840/1120]	[L1: 0.0287]	2.5+0.0s
[880/1120]	[L1: 0.0289]	2.6+0.0s
[920/1120]	[L1: 0.0288]	2.4+0.0s
[960/1120]	[L1: 0.0287]	2.4+0.0s
[1000/1120]	[L1: 0.0287]	2.4+0.0s
[1040/1120]	[L1: 0.0285]	2.6+0.0s
[1080/1120]	[L1: 0.0286]	2.4+0.0s
[1120/1120]	[L1: 0.0285]	2.4+0.0s

Evaluation:
[RSSCN7 x3]	psnr: 28.892 (Best: 28.892 @epoch 40)
Total time: 15.04s

[Epoch 41]	Learning rate: 2.00e-4
[40/1120]	[L1: 0.0331]	2.7+0.0s
[80/1120]	[L1: 0.0294]	2.5+0.0s
[120/1120]	[L1: 0.0278]	2.6+0.0s
[160/1120]	[L1: 0.0278]	2.5+0.0s
[200/1120]	[L1: 0.0268]	2.4+0.0s
[240/1120]	[L1: 0.0274]	2.4+0.0s
[280/1120]	[L1: 0.0277]	2.4+0.0s
[320/1120]	[L1: 0.0277]	2.4+0.0s
[360/1120]	[L1: 0.0277]	2.4+0.0s
[400/1120]	[L1: 0.0285]	2.4+0.0s
[440/1120]	[L1: 0.0281]	2.4+0.0s
[480/1120]	[L1: 0.0278]	2.4+0.0s
[520/1120]	[L1: 0.0275]	2.4+0.0s
[560/1120]	[L1: 0.0276]	2.4+0.0s
[600/1120]	[L1: 0.0275]	2.5+0.0s
[640/1120]	[L1: 0.0274]	2.3+0.0s
[680/1120]	[L1: 0.0275]	2.3+0.0s
[720/1120]	[L1: 0.0277]	2.3+0.0s
[760/1120]	[L1: 0.0279]	2.3+0.0s
[800/1120]	[L1: 0.0282]	2.4+0.0s
[840/1120]	[L1: 0.0282]	2.4+0.0s
[880/1120]	[L1: 0.0282]	2.3+0.0s
[920/1120]	[L1: 0.0282]	2.4+0.0s
[960/1120]	[L1: 0.0282]	2.3+0.0s
[1000/1120]	[L1: 0.0281]	2.4+0.0s
[1040/1120]	[L1: 0.0281]	2.4+0.0s
[1080/1120]	[L1: 0.0281]	2.3+0.0s
[1120/1120]	[L1: 0.0281]	2.5+0.0s

Evaluation:
[RSSCN7 x3]	psnr: 28.728 (Best: 28.892 @epoch 40)
Total time: 15.06s

[Epoch 42]	Learning rate: 2.00e-4
[40/1120]	[L1: 0.0308]	2.4+0.0s
[80/1120]	[L1: 0.0307]	2.5+0.0s
[120/1120]	[L1: 0.0296]	2.4+0.0s
[160/1120]	[L1: 0.0295]	2.4+0.0s
[200/1120]	[L1: 0.0289]	2.4+0.0s
[240/1120]	[L1: 0.0286]	2.3+0.0s
[280/1120]	[L1: 0.0288]	2.3+0.0s
[320/1120]	[L1: 0.0283]	2.4+0.0s
[360/1120]	[L1: 0.0278]	2.4+0.0s
[400/1120]	[L1: 0.0273]	2.4+0.0s
[440/1120]	[L1: 0.0271]	2.4+0.0s
[480/1120]	[L1: 0.0275]	2.4+0.0s
[520/1120]	[L1: 0.0277]	2.4+0.0s
[560/1120]	[L1: 0.0277]	2.5+0.0s
[600/1120]	[L1: 0.0277]	2.4+0.0s
[640/1120]	[L1: 0.0278]	2.4+0.0s
[680/1120]	[L1: 0.0278]	2.4+0.0s
[720/1120]	[L1: 0.0279]	2.4+0.0s
[760/1120]	[L1: 0.0279]	2.4+0.0s
[800/1120]	[L1: 0.0279]	2.4+0.0s
[840/1120]	[L1: 0.0279]	2.5+0.0s
[880/1120]	[L1: 0.0279]	2.7+0.0s
[920/1120]	[L1: 0.0279]	2.4+0.0s
[960/1120]	[L1: 0.0278]	2.4+0.0s
[1000/1120]	[L1: 0.0280]	2.4+0.0s
[1040/1120]	[L1: 0.0280]	2.5+0.0s
[1080/1120]	[L1: 0.0281]	2.6+0.0s
[1120/1120]	[L1: 0.0281]	2.4+0.0s

Evaluation:
[RSSCN7 x3]	psnr: 28.599 (Best: 28.892 @epoch 40)
Total time: 15.00s

[Epoch 43]	Learning rate: 2.00e-4
[40/1120]	[L1: 0.0264]	2.5+0.0s
[80/1120]	[L1: 0.0254]	2.5+0.0s
[120/1120]	[L1: 0.0259]	2.6+0.0s
[160/1120]	[L1: 0.0259]	2.4+0.0s
[200/1120]	[L1: 0.0265]	2.4+0.0s
[240/1120]	[L1: 0.0269]	2.4+0.0s
[280/1120]	[L1: 0.0272]	2.4+0.0s
[320/1120]	[L1: 0.0276]	2.3+0.0s
[360/1120]	[L1: 0.0273]	2.3+0.0s
[400/1120]	[L1: 0.0278]	2.5+0.0s
[440/1120]	[L1: 0.0281]	2.4+0.0s
[480/1120]	[L1: 0.0280]	2.4+0.0s
[520/1120]	[L1: 0.0280]	2.4+0.0s
[560/1120]	[L1: 0.0283]	2.4+0.0s
[600/1120]	[L1: 0.0282]	2.4+0.0s
[640/1120]	[L1: 0.0281]	2.6+0.0s
[680/1120]	[L1: 0.0281]	2.5+0.0s
[720/1120]	[L1: 0.0281]	2.4+0.0s
[760/1120]	[L1: 0.0283]	2.4+0.0s
[800/1120]	[L1: 0.0284]	2.4+0.0s
[840/1120]	[L1: 0.0284]	2.4+0.0s
[880/1120]	[L1: 0.0283]	2.4+0.0s
[920/1120]	[L1: 0.0282]	2.7+0.0s
[960/1120]	[L1: 0.0283]	2.3+0.0s
[1000/1120]	[L1: 0.0283]	2.3+0.0s
[1040/1120]	[L1: 0.0281]	2.3+0.0s
[1080/1120]	[L1: 0.0281]	2.3+0.0s
[1120/1120]	[L1: 0.0282]	2.3+0.0s

Evaluation:
[RSSCN7 x3]	psnr: 28.731 (Best: 28.892 @epoch 40)
Total time: 14.99s

[Epoch 44]	Learning rate: 2.00e-4
[40/1120]	[L1: 0.0277]	2.5+0.0s
[80/1120]	[L1: 0.0285]	2.6+0.0s
[120/1120]	[L1: 0.0288]	2.5+0.0s
[160/1120]	[L1: 0.0283]	2.5+0.0s
[200/1120]	[L1: 0.0284]	2.4+0.0s
[240/1120]	[L1: 0.0281]	2.4+0.0s
[280/1120]	[L1: 0.0285]	2.3+0.0s
[320/1120]	[L1: 0.0283]	2.4+0.0s
[360/1120]	[L1: 0.0284]	2.4+0.0s
[400/1120]	[L1: 0.0282]	2.5+0.0s
[440/1120]	[L1: 0.0282]	2.4+0.0s
[480/1120]	[L1: 0.0288]	2.4+0.0s
[520/1120]	[L1: 0.0284]	2.4+0.0s
[560/1120]	[L1: 0.0284]	2.4+0.0s
[600/1120]	[L1: 0.0286]	2.3+0.0s
[640/1120]	[L1: 0.0284]	2.4+0.0s
[680/1120]	[L1: 0.0281]	2.5+0.0s
[720/1120]	[L1: 0.0280]	2.4+0.0s
[760/1120]	[L1: 0.0280]	2.4+0.0s
[800/1120]	[L1: 0.0279]	2.4+0.0s
[840/1120]	[L1: 0.0277]	2.4+0.0s
[880/1120]	[L1: 0.0277]	2.5+0.0s
[920/1120]	[L1: 0.0277]	2.9+0.0s
[960/1120]	[L1: 0.0276]	2.8+0.0s
[1000/1120]	[L1: 0.0277]	2.8+0.0s
[1040/1120]	[L1: 0.0278]	2.8+0.0s
[1080/1120]	[L1: 0.0279]	2.3+0.0s
[1120/1120]	[L1: 0.0279]	2.4+0.0s

Evaluation:
[RSSCN7 x3]	psnr: 28.897 (Best: 28.897 @epoch 44)
Total time: 14.97s

[Epoch 45]	Learning rate: 2.00e-4
[40/1120]	[L1: 0.0256]	2.4+0.0s
[80/1120]	[L1: 0.0256]	2.3+0.0s
[120/1120]	[L1: 0.0249]	2.4+0.0s
[160/1120]	[L1: 0.0268]	2.3+0.0s
[200/1120]	[L1: 0.0284]	2.3+0.0s
[240/1120]	[L1: 0.0287]	2.3+0.0s
[280/1120]	[L1: 0.0279]	2.3+0.0s
[320/1120]	[L1: 0.0278]	2.3+0.0s
[360/1120]	[L1: 0.0275]	2.3+0.0s
[400/1120]	[L1: 0.0281]	2.4+0.0s
[440/1120]	[L1: 0.0279]	2.3+0.0s
[480/1120]	[L1: 0.0276]	2.3+0.0s
[520/1120]	[L1: 0.0281]	2.3+0.0s
[560/1120]	[L1: 0.0281]	2.3+0.0s
[600/1120]	[L1: 0.0282]	2.3+0.0s
[640/1120]	[L1: 0.0282]	2.4+0.0s
[680/1120]	[L1: 0.0283]	2.3+0.0s
[720/1120]	[L1: 0.0282]	2.3+0.0s
[760/1120]	[L1: 0.0282]	2.3+0.0s
[800/1120]	[L1: 0.0281]	2.4+0.0s
[840/1120]	[L1: 0.0282]	2.7+0.0s
[880/1120]	[L1: 0.0282]	2.4+0.0s
[920/1120]	[L1: 0.0281]	2.5+0.0s
[960/1120]	[L1: 0.0280]	2.4+0.0s
[1000/1120]	[L1: 0.0279]	2.4+0.0s
[1040/1120]	[L1: 0.0279]	2.4+0.0s
[1080/1120]	[L1: 0.0279]	2.5+0.0s
[1120/1120]	[L1: 0.0280]	2.5+0.0s

Evaluation:
[RSSCN7 x3]	psnr: 28.697 (Best: 28.897 @epoch 44)
Total time: 15.04s

[Epoch 46]	Learning rate: 2.00e-4
[40/1120]	[L1: 0.0259]	2.6+0.1s
[80/1120]	[L1: 0.0269]	2.5+0.0s
[120/1120]	[L1: 0.0287]	2.5+0.0s
[160/1120]	[L1: 0.0280]	2.5+0.0s
[200/1120]	[L1: 0.0281]	2.5+0.0s
[240/1120]	[L1: 0.0284]	2.5+0.0s
[280/1120]	[L1: 0.0283]	2.4+0.0s
[320/1120]	[L1: 0.0282]	2.4+0.0s
[360/1120]	[L1: 0.0279]	2.4+0.0s
[400/1120]	[L1: 0.0283]	2.4+0.0s
[440/1120]	[L1: 0.0282]	2.4+0.0s
[480/1120]	[L1: 0.0284]	2.5+0.0s
[520/1120]	[L1: 0.0284]	2.4+0.0s
[560/1120]	[L1: 0.0281]	2.4+0.0s
[600/1120]	[L1: 0.0279]	2.4+0.0s
[640/1120]	[L1: 0.0280]	2.4+0.0s
[680/1120]	[L1: 0.0280]	2.5+0.0s
[720/1120]	[L1: 0.0279]	2.4+0.0s
[760/1120]	[L1: 0.0280]	2.4+0.0s
[800/1120]	[L1: 0.0279]	2.4+0.0s
[840/1120]	[L1: 0.0281]	2.4+0.0s
[880/1120]	[L1: 0.0280]	2.4+0.0s
[920/1120]	[L1: 0.0280]	2.5+0.0s
[960/1120]	[L1: 0.0280]	2.4+0.0s
[1000/1120]	[L1: 0.0283]	2.3+0.0s
[1040/1120]	[L1: 0.0284]	2.4+0.0s
[1080/1120]	[L1: 0.0282]	2.5+0.0s
[1120/1120]	[L1: 0.0283]	2.4+0.0s

Evaluation:
[RSSCN7 x3]	psnr: 28.901 (Best: 28.901 @epoch 46)
Total time: 15.06s

[Epoch 47]	Learning rate: 2.00e-4
[40/1120]	[L1: 0.0260]	2.5+0.0s
[80/1120]	[L1: 0.0286]	2.4+0.0s
[120/1120]	[L1: 0.0286]	2.3+0.0s
[160/1120]	[L1: 0.0285]	2.3+0.0s
[200/1120]	[L1: 0.0283]	2.4+0.0s
[240/1120]	[L1: 0.0282]	2.4+0.0s
[280/1120]	[L1: 0.0282]	2.3+0.0s
[320/1120]	[L1: 0.0282]	2.3+0.0s
[360/1120]	[L1: 0.0279]	2.3+0.0s
[400/1120]	[L1: 0.0281]	2.3+0.0s
[440/1120]	[L1: 0.0282]	2.3+0.0s
[480/1120]	[L1: 0.0278]	2.3+0.0s
[520/1120]	[L1: 0.0276]	2.4+0.0s
[560/1120]	[L1: 0.0273]	2.5+0.0s
[600/1120]	[L1: 0.0274]	2.5+0.0s
[640/1120]	[L1: 0.0273]	2.4+0.0s
[680/1120]	[L1: 0.0274]	2.5+0.0s
[720/1120]	[L1: 0.0276]	2.4+0.0s
[760/1120]	[L1: 0.0277]	2.4+0.0s
[800/1120]	[L1: 0.0279]	2.4+0.0s
[840/1120]	[L1: 0.0279]	2.3+0.0s
[880/1120]	[L1: 0.0280]	2.3+0.0s
[920/1120]	[L1: 0.0279]	2.3+0.0s
[960/1120]	[L1: 0.0277]	2.3+0.0s
[1000/1120]	[L1: 0.0278]	2.3+0.0s
[1040/1120]	[L1: 0.0280]	2.3+0.0s
[1080/1120]	[L1: 0.0280]	2.3+0.0s
[1120/1120]	[L1: 0.0279]	2.5+0.0s

Evaluation:
[RSSCN7 x3]	psnr: 28.316 (Best: 28.901 @epoch 46)
Total time: 14.96s

[Epoch 48]	Learning rate: 2.00e-4
[40/1120]	[L1: 0.0320]	3.0+0.0s
[80/1120]	[L1: 0.0301]	2.9+0.0s
[120/1120]	[L1: 0.0292]	2.6+0.0s
[160/1120]	[L1: 0.0293]	2.5+0.0s
[200/1120]	[L1: 0.0285]	2.4+0.0s
[240/1120]	[L1: 0.0283]	2.4+0.0s
[280/1120]	[L1: 0.0285]	2.4+0.0s
[320/1120]	[L1: 0.0283]	2.3+0.0s
[360/1120]	[L1: 0.0280]	2.3+0.0s
[400/1120]	[L1: 0.0284]	2.3+0.0s
[440/1120]	[L1: 0.0282]	2.3+0.0s
[480/1120]	[L1: 0.0282]	2.4+0.0s
[520/1120]	[L1: 0.0282]	2.4+0.0s
[560/1120]	[L1: 0.0281]	2.3+0.0s
[600/1120]	[L1: 0.0284]	2.3+0.0s
[640/1120]	[L1: 0.0283]	2.4+0.0s
[680/1120]	[L1: 0.0283]	2.3+0.0s
[720/1120]	[L1: 0.0283]	2.3+0.0s
[760/1120]	[L1: 0.0281]	2.3+0.0s
[800/1120]	[L1: 0.0280]	2.3+0.0s
[840/1120]	[L1: 0.0280]	2.4+0.0s
[880/1120]	[L1: 0.0277]	2.3+0.0s
[920/1120]	[L1: 0.0280]	2.3+0.0s
[960/1120]	[L1: 0.0280]	2.3+0.0s
[1000/1120]	[L1: 0.0279]	2.3+0.0s
[1040/1120]	[L1: 0.0281]	2.5+0.0s
[1080/1120]	[L1: 0.0280]	2.3+0.0s
[1120/1120]	[L1: 0.0281]	2.3+0.0s

Evaluation:
[RSSCN7 x3]	psnr: 28.776 (Best: 28.901 @epoch 46)
Total time: 15.02s

[Epoch 49]	Learning rate: 2.00e-4
[40/1120]	[L1: 0.0272]	2.5+0.0s
[80/1120]	[L1: 0.0280]	2.5+0.0s
[120/1120]	[L1: 0.0277]	2.4+0.0s
[160/1120]	[L1: 0.0279]	2.3+0.0s
[200/1120]	[L1: 0.0274]	2.3+0.0s
[240/1120]	[L1: 0.0275]	2.5+0.0s
[280/1120]	[L1: 0.0275]	2.3+0.0s
[320/1120]	[L1: 0.0276]	2.5+0.0s
[360/1120]	[L1: 0.0276]	2.4+0.0s
[400/1120]	[L1: 0.0275]	2.4+0.0s
[440/1120]	[L1: 0.0276]	2.4+0.0s
[480/1120]	[L1: 0.0275]	2.4+0.0s
[520/1120]	[L1: 0.0280]	2.5+0.0s
[560/1120]	[L1: 0.0280]	2.3+0.0s
[600/1120]	[L1: 0.0279]	2.4+0.0s
[640/1120]	[L1: 0.0281]	2.5+0.0s
[680/1120]	[L1: 0.0282]	2.4+0.0s
[720/1120]	[L1: 0.0281]	2.5+0.0s
[760/1120]	[L1: 0.0281]	2.3+0.0s
[800/1120]	[L1: 0.0279]	2.3+0.0s
[840/1120]	[L1: 0.0279]	2.5+0.0s
[880/1120]	[L1: 0.0279]	2.4+0.0s
[920/1120]	[L1: 0.0278]	2.4+0.0s
[960/1120]	[L1: 0.0280]	2.4+0.0s
[1000/1120]	[L1: 0.0279]	2.3+0.0s
[1040/1120]	[L1: 0.0278]	2.5+0.0s
[1080/1120]	[L1: 0.0277]	2.3+0.0s
[1120/1120]	[L1: 0.0278]	2.4+0.0s

Evaluation:
[RSSCN7 x3]	psnr: 28.978 (Best: 28.978 @epoch 49)
Total time: 15.02s

[Epoch 50]	Learning rate: 2.00e-4
[40/1120]	[L1: 0.0278]	2.5+0.0s
[80/1120]	[L1: 0.0319]	2.6+0.0s
[120/1120]	[L1: 0.0316]	2.4+0.0s
[160/1120]	[L1: 0.0307]	2.4+0.0s
[200/1120]	[L1: 0.0303]	2.3+0.0s
[240/1120]	[L1: 0.0297]	2.3+0.0s
[280/1120]	[L1: 0.0299]	2.3+0.0s
[320/1120]	[L1: 0.0300]	2.3+0.0s
[360/1120]	[L1: 0.0296]	2.3+0.0s
[400/1120]	[L1: 0.0294]	2.3+0.0s
[440/1120]	[L1: 0.0294]	2.3+0.0s
[480/1120]	[L1: 0.0290]	2.3+0.0s
[520/1120]	[L1: 0.0292]	2.3+0.0s
[560/1120]	[L1: 0.0291]	2.4+0.0s
[600/1120]	[L1: 0.0291]	2.3+0.0s
[640/1120]	[L1: 0.0290]	2.3+0.0s
[680/1120]	[L1: 0.0291]	2.3+0.0s
[720/1120]	[L1: 0.0289]	2.3+0.0s
[760/1120]	[L1: 0.0291]	2.3+0.0s
[800/1120]	[L1: 0.0289]	2.4+0.0s
[840/1120]	[L1: 0.0287]	2.5+0.0s
[880/1120]	[L1: 0.0288]	2.3+0.0s
[920/1120]	[L1: 0.0288]	2.3+0.0s
[960/1120]	[L1: 0.0286]	2.3+0.0s
[1000/1120]	[L1: 0.0285]	2.3+0.0s
[1040/1120]	[L1: 0.0284]	2.4+0.0s
[1080/1120]	[L1: 0.0283]	2.4+0.0s
[1120/1120]	[L1: 0.0283]	2.3+0.0s

Evaluation:
[RSSCN7 x3]	psnr: 28.888 (Best: 28.978 @epoch 49)
Total time: 14.99s

[Epoch 51]	Learning rate: 2.00e-4
[40/1120]	[L1: 0.0323]	2.6+0.0s
[80/1120]	[L1: 0.0292]	2.6+0.0s
[120/1120]	[L1: 0.0289]	2.5+0.0s
[160/1120]	[L1: 0.0281]	2.3+0.0s
[200/1120]	[L1: 0.0278]	2.4+0.0s
[240/1120]	[L1: 0.0284]	2.4+0.0s
[280/1120]	[L1: 0.0279]	2.5+0.0s
[320/1120]	[L1: 0.0279]	2.4+0.0s
[360/1120]	[L1: 0.0278]	2.4+0.0s
[400/1120]	[L1: 0.0276]	2.4+0.0s
[440/1120]	[L1: 0.0276]	2.3+0.0s
[480/1120]	[L1: 0.0277]	2.4+0.0s
[520/1120]	[L1: 0.0274]	2.4+0.0s
[560/1120]	[L1: 0.0275]	2.3+0.0s
[600/1120]	[L1: 0.0277]	2.3+0.0s
[640/1120]	[L1: 0.0278]	2.5+0.0s
[680/1120]	[L1: 0.0278]	2.3+0.0s
[720/1120]	[L1: 0.0278]	2.3+0.0s
[760/1120]	[L1: 0.0278]	2.3+0.0s
[800/1120]	[L1: 0.0279]	2.3+0.0s
[840/1120]	[L1: 0.0279]	2.4+0.0s
[880/1120]	[L1: 0.0279]	2.3+0.0s
[920/1120]	[L1: 0.0278]	2.3+0.0s
[960/1120]	[L1: 0.0277]	2.4+0.0s
[1000/1120]	[L1: 0.0278]	2.4+0.0s
[1040/1120]	[L1: 0.0278]	2.3+0.0s
[1080/1120]	[L1: 0.0278]	2.3+0.0s
[1120/1120]	[L1: 0.0279]	2.3+0.0s

Evaluation:
[RSSCN7 x3]	psnr: 28.973 (Best: 28.978 @epoch 49)
Total time: 15.05s

[Epoch 52]	Learning rate: 2.00e-4
[40/1120]	[L1: 0.0238]	2.5+0.0s
[80/1120]	[L1: 0.0255]	2.4+0.0s
[120/1120]	[L1: 0.0262]	2.5+0.0s
[160/1120]	[L1: 0.0273]	2.5+0.0s
[200/1120]	[L1: 0.0270]	2.5+0.0s
[240/1120]	[L1: 0.0268]	2.4+0.0s
[280/1120]	[L1: 0.0266]	2.4+0.0s
[320/1120]	[L1: 0.0266]	2.3+0.0s
[360/1120]	[L1: 0.0269]	2.4+0.0s
[400/1120]	[L1: 0.0269]	2.3+0.0s
[440/1120]	[L1: 0.0273]	2.4+0.0s
[480/1120]	[L1: 0.0275]	2.3+0.0s
[520/1120]	[L1: 0.0277]	2.4+0.0s
[560/1120]	[L1: 0.0280]	2.3+0.0s
[600/1120]	[L1: 0.0280]	2.5+0.0s
[640/1120]	[L1: 0.0278]	2.4+0.0s
[680/1120]	[L1: 0.0278]	2.5+0.0s
[720/1120]	[L1: 0.0278]	2.3+0.0s
[760/1120]	[L1: 0.0278]	2.4+0.0s
[800/1120]	[L1: 0.0277]	2.4+0.0s
[840/1120]	[L1: 0.0278]	2.4+0.0s
[880/1120]	[L1: 0.0277]	2.6+0.0s
[920/1120]	[L1: 0.0276]	2.4+0.0s
[960/1120]	[L1: 0.0277]	2.5+0.0s
[1000/1120]	[L1: 0.0277]	2.3+0.0s
[1040/1120]	[L1: 0.0277]	2.5+0.0s
[1080/1120]	[L1: 0.0276]	2.3+0.0s
[1120/1120]	[L1: 0.0277]	2.5+0.0s

Evaluation:
[RSSCN7 x3]	psnr: 29.009 (Best: 29.009 @epoch 52)
Total time: 15.01s

[Epoch 53]	Learning rate: 2.00e-4
[40/1120]	[L1: 0.0271]	2.6+0.0s
[80/1120]	[L1: 0.0273]	2.4+0.0s
[120/1120]	[L1: 0.0288]	2.4+0.0s
[160/1120]	[L1: 0.0287]	2.3+0.0s
[200/1120]	[L1: 0.0288]	2.3+0.0s
[240/1120]	[L1: 0.0281]	2.4+0.0s
[280/1120]	[L1: 0.0287]	2.3+0.0s
[320/1120]	[L1: 0.0286]	2.3+0.0s
[360/1120]	[L1: 0.0283]	2.3+0.0s
[400/1120]	[L1: 0.0279]	2.4+0.0s
[440/1120]	[L1: 0.0278]	2.3+0.0s
[480/1120]	[L1: 0.0278]	2.3+0.0s
[520/1120]	[L1: 0.0275]	2.3+0.0s
[560/1120]	[L1: 0.0275]	2.5+0.0s
[600/1120]	[L1: 0.0277]	2.3+0.0s
[640/1120]	[L1: 0.0276]	2.4+0.0s
[680/1120]	[L1: 0.0277]	2.5+0.0s
[720/1120]	[L1: 0.0277]	2.4+0.0s
[760/1120]	[L1: 0.0279]	2.4+0.0s
[800/1120]	[L1: 0.0278]	2.4+0.0s
[840/1120]	[L1: 0.0278]	2.6+0.0s
[880/1120]	[L1: 0.0278]	2.4+0.0s
[920/1120]	[L1: 0.0278]	2.4+0.0s
[960/1120]	[L1: 0.0278]	2.4+0.0s
[1000/1120]	[L1: 0.0279]	2.3+0.0s
[1040/1120]	[L1: 0.0279]	2.3+0.0s
[1080/1120]	[L1: 0.0278]	2.4+0.0s
[1120/1120]	[L1: 0.0278]	2.3+0.0s

Evaluation:
[RSSCN7 x3]	psnr: 28.785 (Best: 29.009 @epoch 52)
Total time: 15.03s

[Epoch 54]	Learning rate: 2.00e-4
[40/1120]	[L1: 0.0284]	2.4+0.0s
[80/1120]	[L1: 0.0282]	2.6+0.0s
[120/1120]	[L1: 0.0270]	2.4+0.0s
[160/1120]	[L1: 0.0272]	2.4+0.0s
[200/1120]	[L1: 0.0274]	2.3+0.0s
[240/1120]	[L1: 0.0276]	2.5+0.0s
[280/1120]	[L1: 0.0275]	2.3+0.0s
[320/1120]	[L1: 0.0275]	2.3+0.0s
[360/1120]	[L1: 0.0279]	2.3+0.0s
[400/1120]	[L1: 0.0281]	2.4+0.0s
[440/1120]	[L1: 0.0283]	2.4+0.0s
[480/1120]	[L1: 0.0280]	2.3+0.0s
[520/1120]	[L1: 0.0279]	2.3+0.0s
[560/1120]	[L1: 0.0277]	2.3+0.0s
[600/1120]	[L1: 0.0276]	2.5+0.0s
[640/1120]	[L1: 0.0279]	2.4+0.0s
[680/1120]	[L1: 0.0279]	2.3+0.0s
[720/1120]	[L1: 0.0278]	2.3+0.0s
[760/1120]	[L1: 0.0280]	2.4+0.0s
[800/1120]	[L1: 0.0279]	2.5+0.0s
[840/1120]	[L1: 0.0280]	2.8+0.0s
[880/1120]	[L1: 0.0280]	2.5+0.0s
[920/1120]	[L1: 0.0279]	2.3+0.0s
[960/1120]	[L1: 0.0279]	2.3+0.0s
[1000/1120]	[L1: 0.0278]	2.5+0.0s
[1040/1120]	[L1: 0.0277]	2.3+0.0s
[1080/1120]	[L1: 0.0279]	2.3+0.0s
[1120/1120]	[L1: 0.0278]	2.3+0.0s

Evaluation:
[RSSCN7 x3]	psnr: 29.018 (Best: 29.018 @epoch 54)
Total time: 15.03s

[Epoch 55]	Learning rate: 2.00e-4
[40/1120]	[L1: 0.0292]	2.9+0.0s
[80/1120]	[L1: 0.0274]	2.7+0.0s
[120/1120]	[L1: 0.0261]	2.3+0.0s
[160/1120]	[L1: 0.0274]	2.5+0.0s
[200/1120]	[L1: 0.0277]	2.4+0.0s
[240/1120]	[L1: 0.0276]	2.3+0.0s
[280/1120]	[L1: 0.0276]	2.3+0.0s
[320/1120]	[L1: 0.0274]	2.3+0.0s
[360/1120]	[L1: 0.0274]	2.3+0.0s
[400/1120]	[L1: 0.0269]	2.5+0.0s
[440/1120]	[L1: 0.0271]	2.3+0.0s
[480/1120]	[L1: 0.0269]	2.3+0.0s
[520/1120]	[L1: 0.0269]	2.3+0.0s
[560/1120]	[L1: 0.0272]	2.3+0.0s
[600/1120]	[L1: 0.0273]	2.4+0.0s
[640/1120]	[L1: 0.0274]	2.4+0.0s
[680/1120]	[L1: 0.0275]	2.3+0.0s
[720/1120]	[L1: 0.0275]	2.3+0.0s
[760/1120]	[L1: 0.0277]	2.3+0.0s
[800/1120]	[L1: 0.0277]	2.3+0.0s
[840/1120]	[L1: 0.0276]	2.4+0.0s
[880/1120]	[L1: 0.0274]	2.3+0.0s
[920/1120]	[L1: 0.0273]	2.3+0.0s
[960/1120]	[L1: 0.0273]	2.3+0.0s
[1000/1120]	[L1: 0.0275]	2.3+0.0s
[1040/1120]	[L1: 0.0275]	2.4+0.0s
[1080/1120]	[L1: 0.0275]	2.3+0.0s
[1120/1120]	[L1: 0.0275]	2.3+0.0s

Evaluation:
[RSSCN7 x3]	psnr: 28.920 (Best: 29.018 @epoch 54)
Total time: 15.02s

[Epoch 56]	Learning rate: 2.00e-4
[40/1120]	[L1: 0.0278]	3.1+0.0s
[80/1120]	[L1: 0.0270]	2.9+0.0s
[120/1120]	[L1: 0.0261]	2.5+0.0s
[160/1120]	[L1: 0.0269]	2.5+0.0s
[200/1120]	[L1: 0.0270]	2.5+0.0s
[240/1120]	[L1: 0.0272]	2.5+0.0s
[280/1120]	[L1: 0.0273]	2.4+0.0s
[320/1120]	[L1: 0.0272]	2.4+0.0s
[360/1120]	[L1: 0.0277]	2.5+0.0s
[400/1120]	[L1: 0.0277]	2.4+0.0s
[440/1120]	[L1: 0.0280]	2.5+0.0s
[480/1120]	[L1: 0.0280]	2.5+0.0s
[520/1120]	[L1: 0.0278]	2.4+0.0s
[560/1120]	[L1: 0.0278]	2.3+0.0s
[600/1120]	[L1: 0.0280]	2.4+0.0s
[640/1120]	[L1: 0.0277]	2.3+0.0s
[680/1120]	[L1: 0.0277]	2.3+0.0s
[720/1120]	[L1: 0.0279]	2.3+0.0s
[760/1120]	[L1: 0.0277]	2.4+0.0s
[800/1120]	[L1: 0.0278]	2.4+0.0s
[840/1120]	[L1: 0.0277]	2.3+0.0s
[880/1120]	[L1: 0.0277]	2.3+0.0s
[920/1120]	[L1: 0.0276]	2.3+0.0s
[960/1120]	[L1: 0.0274]	2.4+0.0s
[1000/1120]	[L1: 0.0274]	2.4+0.0s
[1040/1120]	[L1: 0.0274]	2.4+0.0s
[1080/1120]	[L1: 0.0275]	2.4+0.0s
[1120/1120]	[L1: 0.0276]	2.3+0.0s

Evaluation:
[RSSCN7 x3]	psnr: 28.935 (Best: 29.018 @epoch 54)
Total time: 15.03s

[Epoch 57]	Learning rate: 2.00e-4
[40/1120]	[L1: 0.0257]	2.5+0.0s
[80/1120]	[L1: 0.0271]	2.3+0.0s
[120/1120]	[L1: 0.0280]	2.3+0.0s
[160/1120]	[L1: 0.0276]	2.4+0.0s
[200/1120]	[L1: 0.0279]	2.3+0.0s
[240/1120]	[L1: 0.0277]	2.6+0.0s
[280/1120]	[L1: 0.0278]	2.8+0.0s
[320/1120]	[L1: 0.0279]	2.6+0.0s
[360/1120]	[L1: 0.0279]	2.4+0.0s
[400/1120]	[L1: 0.0281]	2.3+0.0s
[440/1120]	[L1: 0.0278]	2.4+0.0s
[480/1120]	[L1: 0.0278]	2.3+0.0s
[520/1120]	[L1: 0.0279]	2.3+0.0s
[560/1120]	[L1: 0.0278]	2.3+0.0s
[600/1120]	[L1: 0.0274]	2.3+0.0s
[640/1120]	[L1: 0.0277]	2.7+0.0s
[680/1120]	[L1: 0.0275]	2.5+0.0s
[720/1120]	[L1: 0.0273]	2.4+0.0s
[760/1120]	[L1: 0.0272]	2.3+0.0s
[800/1120]	[L1: 0.0273]	2.4+0.0s
[840/1120]	[L1: 0.0274]	2.4+0.0s
[880/1120]	[L1: 0.0274]	2.3+0.0s
[920/1120]	[L1: 0.0276]	2.4+0.0s
[960/1120]	[L1: 0.0276]	2.4+0.0s
[1000/1120]	[L1: 0.0277]	2.4+0.0s
[1040/1120]	[L1: 0.0277]	2.4+0.0s
[1080/1120]	[L1: 0.0277]	2.3+0.0s
[1120/1120]	[L1: 0.0277]	2.4+0.0s

Evaluation:
[RSSCN7 x3]	psnr: 28.764 (Best: 29.018 @epoch 54)
Total time: 15.03s

[Epoch 58]	Learning rate: 2.00e-4
[40/1120]	[L1: 0.0312]	2.5+0.0s
[80/1120]	[L1: 0.0297]	2.6+0.0s
[120/1120]	[L1: 0.0305]	2.6+0.0s
[160/1120]	[L1: 0.0313]	2.5+0.0s
[200/1120]	[L1: 0.0308]	2.5+0.0s
[240/1120]	[L1: 0.0305]	2.3+0.0s
[280/1120]	[L1: 0.0301]	2.4+0.0s
[320/1120]	[L1: 0.0299]	2.5+0.0s
[360/1120]	[L1: 0.0292]	2.4+0.0s
[400/1120]	[L1: 0.0286]	2.5+0.0s
[440/1120]	[L1: 0.0290]	2.4+0.0s
[480/1120]	[L1: 0.0288]	2.4+0.0s
[520/1120]	[L1: 0.0288]	2.4+0.0s
[560/1120]	[L1: 0.0290]	2.3+0.0s
[600/1120]	[L1: 0.0288]	2.4+0.0s
[640/1120]	[L1: 0.0288]	2.3+0.0s
[680/1120]	[L1: 0.0287]	2.4+0.0s
[720/1120]	[L1: 0.0287]	2.5+0.0s
[760/1120]	[L1: 0.0286]	2.3+0.0s
[800/1120]	[L1: 0.0286]	2.4+0.0s
[840/1120]	[L1: 0.0286]	2.3+0.0s
[880/1120]	[L1: 0.0284]	2.3+0.0s
[920/1120]	[L1: 0.0283]	2.5+0.0s
[960/1120]	[L1: 0.0284]	2.3+0.0s
[1000/1120]	[L1: 0.0283]	2.5+0.0s
[1040/1120]	[L1: 0.0282]	2.3+0.0s
[1080/1120]	[L1: 0.0281]	2.3+0.0s
[1120/1120]	[L1: 0.0281]	2.4+0.0s

Evaluation:
[RSSCN7 x3]	psnr: 28.981 (Best: 29.018 @epoch 54)
Total time: 15.01s

[Epoch 59]	Learning rate: 2.00e-4
[40/1120]	[L1: 0.0278]	2.6+0.0s
[80/1120]	[L1: 0.0264]	2.5+0.0s
[120/1120]	[L1: 0.0257]	2.6+0.0s
[160/1120]	[L1: 0.0265]	2.4+0.0s
[200/1120]	[L1: 0.0270]	2.6+0.0s
[240/1120]	[L1: 0.0265]	2.5+0.0s
[280/1120]	[L1: 0.0260]	2.5+0.0s
[320/1120]	[L1: 0.0265]	2.4+0.0s
[360/1120]	[L1: 0.0267]	2.5+0.0s
[400/1120]	[L1: 0.0268]	2.4+0.0s
[440/1120]	[L1: 0.0270]	2.4+0.0s
[480/1120]	[L1: 0.0273]	2.5+0.0s
[520/1120]	[L1: 0.0273]	2.7+0.0s
[560/1120]	[L1: 0.0275]	2.9+0.0s
[600/1120]	[L1: 0.0277]	2.5+0.0s
[640/1120]	[L1: 0.0277]	2.4+0.0s
[680/1120]	[L1: 0.0277]	2.4+0.0s
[720/1120]	[L1: 0.0278]	2.6+0.0s
[760/1120]	[L1: 0.0278]	2.5+0.0s
[800/1120]	[L1: 0.0280]	2.6+0.0s
[840/1120]	[L1: 0.0280]	2.5+0.0s
[880/1120]	[L1: 0.0278]	2.5+0.0s
[920/1120]	[L1: 0.0277]	2.4+0.0s
[960/1120]	[L1: 0.0276]	2.4+0.0s
[1000/1120]	[L1: 0.0276]	2.4+0.0s
[1040/1120]	[L1: 0.0275]	2.4+0.0s
[1080/1120]	[L1: 0.0278]	2.3+0.0s
[1120/1120]	[L1: 0.0277]	2.5+0.0s

Evaluation:
[RSSCN7 x3]	psnr: 28.948 (Best: 29.018 @epoch 54)
Total time: 14.95s

[Epoch 60]	Learning rate: 2.00e-4
[40/1120]	[L1: 0.0279]	2.5+0.0s
[80/1120]	[L1: 0.0288]	2.5+0.0s
[120/1120]	[L1: 0.0303]	2.3+0.0s
[160/1120]	[L1: 0.0301]	2.3+0.0s
[200/1120]	[L1: 0.0299]	2.4+0.0s
[240/1120]	[L1: 0.0300]	2.4+0.0s
[280/1120]	[L1: 0.0299]	2.3+0.0s
[320/1120]	[L1: 0.0291]	2.4+0.0s
[360/1120]	[L1: 0.0290]	2.3+0.0s
[400/1120]	[L1: 0.0287]	2.3+0.0s
[440/1120]	[L1: 0.0288]	2.4+0.0s
[480/1120]	[L1: 0.0285]	2.3+0.0s
[520/1120]	[L1: 0.0284]	2.3+0.0s
[560/1120]	[L1: 0.0281]	2.4+0.0s
[600/1120]	[L1: 0.0281]	2.3+0.0s
[640/1120]	[L1: 0.0282]	2.3+0.0s
[680/1120]	[L1: 0.0279]	2.4+0.0s
[720/1120]	[L1: 0.0278]	2.3+0.0s
[760/1120]	[L1: 0.0278]	2.3+0.0s
[800/1120]	[L1: 0.0279]	2.4+0.0s
[840/1120]	[L1: 0.0279]	2.3+0.0s
[880/1120]	[L1: 0.0278]	2.4+0.0s
[920/1120]	[L1: 0.0279]	2.3+0.0s
[960/1120]	[L1: 0.0276]	2.3+0.0s
[1000/1120]	[L1: 0.0276]	2.4+0.0s
[1040/1120]	[L1: 0.0277]	2.3+0.0s
[1080/1120]	[L1: 0.0275]	2.3+0.0s
[1120/1120]	[L1: 0.0275]	2.4+0.0s

Evaluation:
[RSSCN7 x3]	psnr: 28.948 (Best: 29.018 @epoch 54)
Total time: 15.06s

[Epoch 61]	Learning rate: 2.00e-4
[40/1120]	[L1: 0.0287]	2.4+0.0s
[80/1120]	[L1: 0.0276]	2.5+0.0s
[120/1120]	[L1: 0.0282]	2.3+0.0s
[160/1120]	[L1: 0.0285]	2.3+0.0s
[200/1120]	[L1: 0.0280]	2.3+0.0s
[240/1120]	[L1: 0.0279]	2.4+0.0s
[280/1120]	[L1: 0.0275]	2.3+0.0s
[320/1120]	[L1: 0.0275]	2.3+0.0s
[360/1120]	[L1: 0.0276]	2.4+0.0s
[400/1120]	[L1: 0.0274]	2.3+0.0s
[440/1120]	[L1: 0.0275]	2.3+0.0s
[480/1120]	[L1: 0.0276]	2.3+0.0s
[520/1120]	[L1: 0.0275]	2.4+0.0s
[560/1120]	[L1: 0.0274]	2.3+0.0s
[600/1120]	[L1: 0.0275]	2.3+0.0s
[640/1120]	[L1: 0.0277]	2.3+0.0s
[680/1120]	[L1: 0.0276]	2.4+0.0s
[720/1120]	[L1: 0.0277]	2.3+0.0s
[760/1120]	[L1: 0.0277]	2.3+0.0s
[800/1120]	[L1: 0.0278]	2.4+0.0s
[840/1120]	[L1: 0.0281]	2.3+0.0s
[880/1120]	[L1: 0.0281]	2.3+0.0s
[920/1120]	[L1: 0.0278]	2.3+0.0s
[960/1120]	[L1: 0.0278]	2.4+0.0s
[1000/1120]	[L1: 0.0276]	2.3+0.0s
[1040/1120]	[L1: 0.0277]	2.3+0.0s
[1080/1120]	[L1: 0.0276]	2.4+0.0s
[1120/1120]	[L1: 0.0276]	2.3+0.0s

Evaluation:
[RSSCN7 x3]	psnr: 29.050 (Best: 29.050 @epoch 61)
Total time: 15.00s

[Epoch 62]	Learning rate: 2.00e-4
[40/1120]	[L1: 0.0278]	2.4+0.0s
[80/1120]	[L1: 0.0275]	2.3+0.0s
[120/1120]	[L1: 0.0265]	2.3+0.0s
[160/1120]	[L1: 0.0261]	2.3+0.0s
[200/1120]	[L1: 0.0260]	2.3+0.0s
[240/1120]	[L1: 0.0262]	2.3+0.0s
[280/1120]	[L1: 0.0267]	2.3+0.0s
[320/1120]	[L1: 0.0269]	2.3+0.0s
[360/1120]	[L1: 0.0271]	2.3+0.0s
[400/1120]	[L1: 0.0271]	2.3+0.0s
[440/1120]	[L1: 0.0274]	2.3+0.0s
[480/1120]	[L1: 0.0272]	2.3+0.0s
[520/1120]	[L1: 0.0277]	2.4+0.0s
[560/1120]	[L1: 0.0275]	2.3+0.0s
[600/1120]	[L1: 0.0276]	2.3+0.0s
[640/1120]	[L1: 0.0276]	2.3+0.0s
[680/1120]	[L1: 0.0273]	2.3+0.0s
[720/1120]	[L1: 0.0274]	2.3+0.0s
[760/1120]	[L1: 0.0275]	2.3+0.0s
[800/1120]	[L1: 0.0276]	2.3+0.0s
[840/1120]	[L1: 0.0276]	2.5+0.0s
[880/1120]	[L1: 0.0276]	2.3+0.0s
[920/1120]	[L1: 0.0275]	2.3+0.0s
[960/1120]	[L1: 0.0276]	2.3+0.0s
[1000/1120]	[L1: 0.0278]	2.3+0.0s
[1040/1120]	[L1: 0.0279]	2.4+0.0s
[1080/1120]	[L1: 0.0280]	2.3+0.0s
[1120/1120]	[L1: 0.0279]	2.3+0.0s

Evaluation:
[RSSCN7 x3]	psnr: 28.839 (Best: 29.050 @epoch 61)
Total time: 14.97s

[Epoch 63]	Learning rate: 2.00e-4
[40/1120]	[L1: 0.0291]	2.7+0.0s
[80/1120]	[L1: 0.0295]	2.4+0.0s
[120/1120]	[L1: 0.0289]	2.3+0.0s
[160/1120]	[L1: 0.0280]	2.3+0.0s
[200/1120]	[L1: 0.0288]	2.4+0.0s
[240/1120]	[L1: 0.0285]	2.3+0.0s
[280/1120]	[L1: 0.0283]	2.3+0.0s
[320/1120]	[L1: 0.0283]	2.4+0.0s
[360/1120]	[L1: 0.0285]	2.3+0.0s
[400/1120]	[L1: 0.0283]	2.3+0.0s
[440/1120]	[L1: 0.0281]	2.3+0.0s
[480/1120]	[L1: 0.0277]	2.4+0.0s
[520/1120]	[L1: 0.0275]	2.3+0.0s
[560/1120]	[L1: 0.0278]	2.3+0.0s
[600/1120]	[L1: 0.0278]	2.3+0.0s
[640/1120]	[L1: 0.0278]	2.4+0.0s
[680/1120]	[L1: 0.0276]	2.3+0.0s
[720/1120]	[L1: 0.0276]	2.3+0.0s
[760/1120]	[L1: 0.0278]	2.5+0.0s
[800/1120]	[L1: 0.0280]	2.4+0.0s
[840/1120]	[L1: 0.0277]	2.3+0.0s
[880/1120]	[L1: 0.0279]	2.3+0.0s
[920/1120]	[L1: 0.0279]	2.4+0.0s
[960/1120]	[L1: 0.0279]	2.3+0.0s
[1000/1120]	[L1: 0.0281]	2.3+0.0s
[1040/1120]	[L1: 0.0279]	2.4+0.0s
[1080/1120]	[L1: 0.0278]	2.3+0.0s
[1120/1120]	[L1: 0.0277]	2.3+0.0s

Evaluation:
[RSSCN7 x3]	psnr: 28.988 (Best: 29.050 @epoch 61)
Total time: 14.94s

[Epoch 64]	Learning rate: 2.00e-4
[40/1120]	[L1: 0.0246]	2.5+0.0s
[80/1120]	[L1: 0.0275]	2.3+0.0s
[120/1120]	[L1: 0.0283]	2.4+0.0s
[160/1120]	[L1: 0.0282]	2.3+0.0s
[200/1120]	[L1: 0.0283]	2.4+0.0s
[240/1120]	[L1: 0.0284]	2.3+0.0s
[280/1120]	[L1: 0.0284]	2.4+0.0s
[320/1120]	[L1: 0.0274]	2.3+0.0s
[360/1120]	[L1: 0.0272]	2.4+0.0s
[400/1120]	[L1: 0.0273]	2.4+0.0s
[440/1120]	[L1: 0.0279]	2.4+0.0s
[480/1120]	[L1: 0.0279]	2.3+0.0s
[520/1120]	[L1: 0.0276]	2.4+0.0s
[560/1120]	[L1: 0.0276]	2.3+0.0s
[600/1120]	[L1: 0.0275]	2.4+0.0s
[640/1120]	[L1: 0.0277]	2.3+0.0s
[680/1120]	[L1: 0.0276]	2.4+0.0s
[720/1120]	[L1: 0.0275]	2.3+0.0s
[760/1120]	[L1: 0.0275]	2.4+0.0s
[800/1120]	[L1: 0.0275]	2.3+0.0s
[840/1120]	[L1: 0.0274]	2.3+0.0s
[880/1120]	[L1: 0.0274]	2.4+0.0s
[920/1120]	[L1: 0.0275]	2.3+0.0s
[960/1120]	[L1: 0.0273]	2.5+0.0s
[1000/1120]	[L1: 0.0275]	2.4+0.0s
[1040/1120]	[L1: 0.0275]	2.4+0.0s
[1080/1120]	[L1: 0.0276]	2.3+0.0s
[1120/1120]	[L1: 0.0275]	2.4+0.0s

Evaluation:
[RSSCN7 x3]	psnr: 29.039 (Best: 29.050 @epoch 61)
Total time: 14.93s

[Epoch 65]	Learning rate: 2.00e-4
[40/1120]	[L1: 0.0242]	2.6+0.0s
[80/1120]	[L1: 0.0261]	2.5+0.0s
[120/1120]	[L1: 0.0252]	2.4+0.0s
[160/1120]	[L1: 0.0274]	2.5+0.0s
[200/1120]	[L1: 0.0273]	2.3+0.0s
[240/1120]	[L1: 0.0273]	2.4+0.0s
[280/1120]	[L1: 0.0276]	2.3+0.0s
[320/1120]	[L1: 0.0271]	2.3+0.0s
[360/1120]	[L1: 0.0271]	2.4+0.0s
[400/1120]	[L1: 0.0268]	2.3+0.0s
[440/1120]	[L1: 0.0264]	2.5+0.0s
[480/1120]	[L1: 0.0264]	2.3+0.0s
[520/1120]	[L1: 0.0264]	2.3+0.0s
[560/1120]	[L1: 0.0266]	2.4+0.0s
[600/1120]	[L1: 0.0267]	2.3+0.0s
[640/1120]	[L1: 0.0270]	2.4+0.0s
[680/1120]	[L1: 0.0272]	2.3+0.0s
[720/1120]	[L1: 0.0273]	2.4+0.0s
[760/1120]	[L1: 0.0275]	2.4+0.0s
[800/1120]	[L1: 0.0277]	2.3+0.0s
[840/1120]	[L1: 0.0278]	2.4+0.0s
[880/1120]	[L1: 0.0277]	2.3+0.0s
[920/1120]	[L1: 0.0278]	2.3+0.0s
[960/1120]	[L1: 0.0279]	2.4+0.0s
[1000/1120]	[L1: 0.0278]	2.3+0.0s
[1040/1120]	[L1: 0.0278]	2.4+0.0s
[1080/1120]	[L1: 0.0278]	2.3+0.0s
[1120/1120]	[L1: 0.0278]	2.3+0.0s

Evaluation:
[RSSCN7 x3]	psnr: 28.872 (Best: 29.050 @epoch 61)
Total time: 14.97s

[Epoch 66]	Learning rate: 2.00e-4
[40/1120]	[L1: 0.0287]	2.4+0.0s
[80/1120]	[L1: 0.0280]	2.3+0.0s
[120/1120]	[L1: 0.0285]	2.3+0.0s
[160/1120]	[L1: 0.0282]	2.4+0.0s
[200/1120]	[L1: 0.0276]	2.5+0.0s
[240/1120]	[L1: 0.0273]	2.4+0.0s
[280/1120]	[L1: 0.0276]	2.4+0.0s
[320/1120]	[L1: 0.0275]	2.3+0.0s
[360/1120]	[L1: 0.0276]	2.3+0.0s
[400/1120]	[L1: 0.0280]	2.4+0.0s
[440/1120]	[L1: 0.0281]	2.3+0.0s
[480/1120]	[L1: 0.0282]	2.4+0.0s
[520/1120]	[L1: 0.0281]	2.3+0.0s
[560/1120]	[L1: 0.0281]	2.4+0.0s
[600/1120]	[L1: 0.0281]	2.4+0.0s
[640/1120]	[L1: 0.0280]	2.4+0.0s
[680/1120]	[L1: 0.0279]	2.3+0.0s
[720/1120]	[L1: 0.0280]	2.3+0.0s
[760/1120]	[L1: 0.0279]	2.4+0.0s
[800/1120]	[L1: 0.0281]	2.4+0.0s
[840/1120]	[L1: 0.0278]	2.4+0.0s
[880/1120]	[L1: 0.0278]	2.3+0.0s
[920/1120]	[L1: 0.0277]	2.3+0.0s
[960/1120]	[L1: 0.0277]	2.3+0.0s
[1000/1120]	[L1: 0.0276]	2.3+0.0s
[1040/1120]	[L1: 0.0274]	2.3+0.0s
[1080/1120]	[L1: 0.0274]	2.4+0.0s
[1120/1120]	[L1: 0.0274]	2.3+0.0s

Evaluation:
[RSSCN7 x3]	psnr: 29.043 (Best: 29.050 @epoch 61)
Total time: 14.94s

[Epoch 67]	Learning rate: 2.00e-4
[40/1120]	[L1: 0.0297]	2.4+0.0s
[80/1120]	[L1: 0.0313]	2.4+0.0s
[120/1120]	[L1: 0.0314]	2.3+0.0s
[160/1120]	[L1: 0.0315]	2.3+0.0s
[200/1120]	[L1: 0.0329]	2.3+0.0s
[240/1120]	[L1: 0.0318]	2.4+0.0s
[280/1120]	[L1: 0.0314]	2.3+0.0s
[320/1120]	[L1: 0.0305]	2.3+0.0s
[360/1120]	[L1: 0.0302]	2.3+0.0s
[400/1120]	[L1: 0.0301]	2.3+0.0s
[440/1120]	[L1: 0.0299]	2.4+0.0s
[480/1120]	[L1: 0.0296]	2.3+0.0s
[520/1120]	[L1: 0.0296]	2.3+0.0s
[560/1120]	[L1: 0.0294]	2.3+0.0s
[600/1120]	[L1: 0.0292]	2.4+0.0s
[640/1120]	[L1: 0.0288]	2.3+0.0s
[680/1120]	[L1: 0.0286]	2.3+0.0s
[720/1120]	[L1: 0.0285]	2.3+0.0s
[760/1120]	[L1: 0.0284]	2.3+0.0s
[800/1120]	[L1: 0.0284]	2.5+0.0s
[840/1120]	[L1: 0.0283]	2.3+0.0s
[880/1120]	[L1: 0.0281]	2.3+0.0s
[920/1120]	[L1: 0.0281]	2.3+0.0s
[960/1120]	[L1: 0.0282]	2.3+0.0s
[1000/1120]	[L1: 0.0282]	2.5+0.0s
[1040/1120]	[L1: 0.0281]	2.3+0.0s
[1080/1120]	[L1: 0.0281]	2.3+0.0s
[1120/1120]	[L1: 0.0281]	2.3+0.0s

Evaluation:
[RSSCN7 x3]	psnr: 29.005 (Best: 29.050 @epoch 61)
Total time: 15.00s

[Epoch 68]	Learning rate: 2.00e-4
[40/1120]	[L1: 0.0269]	2.5+0.1s
[80/1120]	[L1: 0.0261]	2.5+0.0s
[120/1120]	[L1: 0.0292]	2.3+0.0s
[160/1120]	[L1: 0.0291]	2.4+0.0s
[200/1120]	[L1: 0.0286]	2.4+0.0s
[240/1120]	[L1: 0.0290]	2.5+0.0s
[280/1120]	[L1: 0.0283]	2.4+0.0s
[320/1120]	[L1: 0.0279]	2.8+0.0s
[360/1120]	[L1: 0.0278]	2.8+0.0s
[400/1120]	[L1: 0.0272]	2.5+0.0s
[440/1120]	[L1: 0.0274]	2.6+0.0s
[480/1120]	[L1: 0.0274]	2.5+0.0s
[520/1120]	[L1: 0.0276]	2.6+0.0s
[560/1120]	[L1: 0.0274]	2.4+0.0s
[600/1120]	[L1: 0.0273]	2.4+0.0s
[640/1120]	[L1: 0.0276]	2.3+0.0s
[680/1120]	[L1: 0.0274]	2.4+0.0s
[720/1120]	[L1: 0.0276]	2.3+0.0s
[760/1120]	[L1: 0.0276]	2.4+0.0s
[800/1120]	[L1: 0.0276]	2.3+0.0s
[840/1120]	[L1: 0.0276]	2.4+0.0s
[880/1120]	[L1: 0.0276]	2.3+0.0s
[920/1120]	[L1: 0.0275]	2.4+0.0s
[960/1120]	[L1: 0.0275]	2.3+0.0s
[1000/1120]	[L1: 0.0275]	2.5+0.0s
[1040/1120]	[L1: 0.0275]	2.3+0.0s
[1080/1120]	[L1: 0.0274]	2.4+0.0s
[1120/1120]	[L1: 0.0275]	2.3+0.0s

Evaluation:
[RSSCN7 x3]	psnr: 28.939 (Best: 29.050 @epoch 61)
Total time: 14.90s

[Epoch 69]	Learning rate: 2.00e-4
[40/1120]	[L1: 0.0268]	2.5+0.0s
[80/1120]	[L1: 0.0244]	2.3+0.0s
[120/1120]	[L1: 0.0265]	2.4+0.0s
[160/1120]	[L1: 0.0262]	2.3+0.0s
[200/1120]	[L1: 0.0261]	2.4+0.0s
[240/1120]	[L1: 0.0265]	2.3+0.0s
[280/1120]	[L1: 0.0269]	2.4+0.0s
[320/1120]	[L1: 0.0270]	2.3+0.0s
[360/1120]	[L1: 0.0273]	2.4+0.0s
[400/1120]	[L1: 0.0276]	2.3+0.0s
[440/1120]	[L1: 0.0272]	2.5+0.0s
[480/1120]	[L1: 0.0275]	2.4+0.0s
[520/1120]	[L1: 0.0277]	2.5+0.0s
[560/1120]	[L1: 0.0276]	2.4+0.0s
[600/1120]	[L1: 0.0271]	2.5+0.0s
[640/1120]	[L1: 0.0272]	2.4+0.0s
[680/1120]	[L1: 0.0270]	2.4+0.0s
[720/1120]	[L1: 0.0270]	2.5+0.0s
[760/1120]	[L1: 0.0270]	2.4+0.0s
[800/1120]	[L1: 0.0270]	2.5+0.0s
[840/1120]	[L1: 0.0272]	2.4+0.0s
[880/1120]	[L1: 0.0273]	2.5+0.0s
[920/1120]	[L1: 0.0273]	2.4+0.0s
[960/1120]	[L1: 0.0274]	2.5+0.0s
[1000/1120]	[L1: 0.0273]	2.3+0.0s
[1040/1120]	[L1: 0.0273]	2.5+0.0s
[1080/1120]	[L1: 0.0274]	2.3+0.0s
[1120/1120]	[L1: 0.0274]	2.4+0.0s

Evaluation:
[RSSCN7 x3]	psnr: 29.000 (Best: 29.050 @epoch 61)
Total time: 14.99s

[Epoch 70]	Learning rate: 2.00e-4
[40/1120]	[L1: 0.0293]	2.9+0.0s
[80/1120]	[L1: 0.0273]	2.9+0.0s
[120/1120]	[L1: 0.0267]	2.5+0.0s
[160/1120]	[L1: 0.0276]	2.5+0.0s
[200/1120]	[L1: 0.0267]	2.6+0.0s
[240/1120]	[L1: 0.0275]	2.5+0.0s
[280/1120]	[L1: 0.0272]	2.6+0.0s
[320/1120]	[L1: 0.0271]	2.5+0.0s
[360/1120]	[L1: 0.0271]	2.5+0.0s
[400/1120]	[L1: 0.0272]	2.6+0.0s
[440/1120]	[L1: 0.0270]	2.5+0.0s
[480/1120]	[L1: 0.0267]	2.4+0.0s
[520/1120]	[L1: 0.0271]	2.6+0.0s
[560/1120]	[L1: 0.0275]	2.4+0.0s
[600/1120]	[L1: 0.0275]	2.4+0.0s
[640/1120]	[L1: 0.0275]	2.4+0.0s
[680/1120]	[L1: 0.0276]	2.4+0.0s
[720/1120]	[L1: 0.0277]	2.3+0.0s
[760/1120]	[L1: 0.0277]	2.5+0.0s
[800/1120]	[L1: 0.0279]	2.3+0.0s
[840/1120]	[L1: 0.0278]	2.4+0.0s
[880/1120]	[L1: 0.0278]	2.5+0.0s
[920/1120]	[L1: 0.0279]	2.3+0.0s
[960/1120]	[L1: 0.0280]	2.3+0.0s
[1000/1120]	[L1: 0.0279]	2.4+0.0s
[1040/1120]	[L1: 0.0280]	2.3+0.0s
[1080/1120]	[L1: 0.0279]	2.3+0.0s
[1120/1120]	[L1: 0.0278]	2.4+0.0s

Evaluation:
[RSSCN7 x3]	psnr: 29.010 (Best: 29.050 @epoch 61)
Total time: 14.95s

[Epoch 71]	Learning rate: 2.00e-4
[40/1120]	[L1: 0.0319]	2.6+0.0s
[80/1120]	[L1: 0.0298]	2.4+0.0s
[120/1120]	[L1: 0.0291]	2.3+0.0s
[160/1120]	[L1: 0.0279]	2.4+0.0s
[200/1120]	[L1: 0.0278]	2.3+0.0s
[240/1120]	[L1: 0.0281]	2.4+0.0s
[280/1120]	[L1: 0.0277]	2.5+0.0s
[320/1120]	[L1: 0.0280]	2.3+0.0s
[360/1120]	[L1: 0.0277]	2.3+0.0s
[400/1120]	[L1: 0.0275]	2.4+0.0s
[440/1120]	[L1: 0.0274]	2.4+0.0s
[480/1120]	[L1: 0.0273]	2.4+0.0s
[520/1120]	[L1: 0.0272]	2.5+0.0s
[560/1120]	[L1: 0.0273]	2.7+0.0s
[600/1120]	[L1: 0.0273]	2.6+0.0s
[640/1120]	[L1: 0.0271]	2.4+0.0s
[680/1120]	[L1: 0.0270]	2.4+0.0s
[720/1120]	[L1: 0.0269]	2.3+0.0s
[760/1120]	[L1: 0.0269]	2.5+0.0s
[800/1120]	[L1: 0.0273]	2.3+0.0s
[840/1120]	[L1: 0.0273]	2.3+0.0s
[880/1120]	[L1: 0.0275]	2.4+0.0s
[920/1120]	[L1: 0.0276]	2.3+0.0s
[960/1120]	[L1: 0.0276]	2.4+0.0s
[1000/1120]	[L1: 0.0277]	2.5+0.0s
[1040/1120]	[L1: 0.0278]	2.4+0.0s
[1080/1120]	[L1: 0.0276]	2.6+0.0s
[1120/1120]	[L1: 0.0275]	2.7+0.0s

Evaluation:
[RSSCN7 x3]	psnr: 28.978 (Best: 29.050 @epoch 61)
Total time: 14.94s

[Epoch 72]	Learning rate: 2.00e-4
[40/1120]	[L1: 0.0260]	2.6+0.0s
[80/1120]	[L1: 0.0276]	2.4+0.0s
[120/1120]	[L1: 0.0267]	2.3+0.0s
[160/1120]	[L1: 0.0268]	2.3+0.0s
[200/1120]	[L1: 0.0267]	2.5+0.0s
[240/1120]	[L1: 0.0267]	2.3+0.0s
[280/1120]	[L1: 0.0265]	2.3+0.0s
[320/1120]	[L1: 0.0270]	2.3+0.0s
[360/1120]	[L1: 0.0271]	2.4+0.0s
[400/1120]	[L1: 0.0268]	2.3+0.0s
[440/1120]	[L1: 0.0268]	2.3+0.0s
[480/1120]	[L1: 0.0271]	2.4+0.0s
[520/1120]	[L1: 0.0270]	2.3+0.0s
[560/1120]	[L1: 0.0270]	2.4+0.0s
[600/1120]	[L1: 0.0270]	2.3+0.0s
[640/1120]	[L1: 0.0270]	2.4+0.0s
[680/1120]	[L1: 0.0270]	2.3+0.0s
[720/1120]	[L1: 0.0271]	2.3+0.0s
[760/1120]	[L1: 0.0270]	2.4+0.0s
[800/1120]	[L1: 0.0271]	2.4+0.0s
[840/1120]	[L1: 0.0271]	2.3+0.0s
[880/1120]	[L1: 0.0271]	2.3+0.0s
[920/1120]	[L1: 0.0271]	2.4+0.0s
[960/1120]	[L1: 0.0273]	2.3+0.0s
[1000/1120]	[L1: 0.0272]	2.3+0.0s
[1040/1120]	[L1: 0.0272]	2.3+0.0s
[1080/1120]	[L1: 0.0273]	2.4+0.0s
[1120/1120]	[L1: 0.0273]	2.3+0.0s

Evaluation:
[RSSCN7 x3]	psnr: 28.850 (Best: 29.050 @epoch 61)
Total time: 14.96s

[Epoch 73]	Learning rate: 2.00e-4
[40/1120]	[L1: 0.0275]	2.6+0.0s
[80/1120]	[L1: 0.0254]	2.3+0.0s
[120/1120]	[L1: 0.0261]	2.4+0.0s
[160/1120]	[L1: 0.0252]	2.4+0.0s
[200/1120]	[L1: 0.0259]	2.3+0.0s
[240/1120]	[L1: 0.0262]	2.4+0.0s
[280/1120]	[L1: 0.0262]	2.3+0.0s
[320/1120]	[L1: 0.0261]	2.4+0.0s
[360/1120]	[L1: 0.0259]	2.3+0.0s
[400/1120]	[L1: 0.0259]	2.3+0.0s
[440/1120]	[L1: 0.0259]	2.4+0.0s
[480/1120]	[L1: 0.0264]	2.4+0.0s
[520/1120]	[L1: 0.0263]	2.5+0.0s
[560/1120]	[L1: 0.0265]	2.4+0.0s
[600/1120]	[L1: 0.0264]	2.3+0.0s
[640/1120]	[L1: 0.0265]	2.4+0.0s
[680/1120]	[L1: 0.0268]	2.3+0.0s
[720/1120]	[L1: 0.0271]	2.5+0.0s
[760/1120]	[L1: 0.0272]	2.4+0.0s
[800/1120]	[L1: 0.0271]	2.4+0.0s
[840/1120]	[L1: 0.0271]	2.4+0.0s
[880/1120]	[L1: 0.0272]	2.3+0.0s
[920/1120]	[L1: 0.0273]	2.4+0.0s
[960/1120]	[L1: 0.0274]	2.3+0.0s
[1000/1120]	[L1: 0.0275]	2.3+0.0s
[1040/1120]	[L1: 0.0276]	2.4+0.0s
[1080/1120]	[L1: 0.0274]	2.3+0.0s
[1120/1120]	[L1: 0.0274]	2.4+0.0s

Evaluation:
[RSSCN7 x3]	psnr: 29.018 (Best: 29.050 @epoch 61)
Total time: 14.96s

[Epoch 74]	Learning rate: 2.00e-4
[40/1120]	[L1: 0.0255]	2.5+0.0s
[80/1120]	[L1: 0.0245]	2.5+0.0s
[120/1120]	[L1: 0.0255]	2.3+0.0s
[160/1120]	[L1: 0.0266]	2.4+0.0s
[200/1120]	[L1: 0.0275]	2.3+0.0s
[240/1120]	[L1: 0.0269]	2.4+0.0s
[280/1120]	[L1: 0.0267]	2.3+0.0s
[320/1120]	[L1: 0.0265]	2.3+0.0s
[360/1120]	[L1: 0.0266]	2.4+0.0s
[400/1120]	[L1: 0.0267]	2.3+0.0s
[440/1120]	[L1: 0.0267]	2.3+0.0s
[480/1120]	[L1: 0.0268]	2.3+0.0s
[520/1120]	[L1: 0.0272]	2.4+0.0s
[560/1120]	[L1: 0.0272]	2.3+0.0s
[600/1120]	[L1: 0.0271]	2.3+0.0s
[640/1120]	[L1: 0.0275]	2.3+0.0s
[680/1120]	[L1: 0.0277]	2.4+0.0s
[720/1120]	[L1: 0.0276]	2.3+0.0s
[760/1120]	[L1: 0.0276]	2.3+0.0s
[800/1120]	[L1: 0.0273]	2.4+0.0s
[840/1120]	[L1: 0.0275]	2.3+0.0s
[880/1120]	[L1: 0.0275]	2.3+0.0s
[920/1120]	[L1: 0.0277]	2.3+0.0s
[960/1120]	[L1: 0.0278]	2.8+0.0s
[1000/1120]	[L1: 0.0276]	2.8+0.0s
[1040/1120]	[L1: 0.0275]	2.5+0.0s
[1080/1120]	[L1: 0.0275]	2.4+0.0s
[1120/1120]	[L1: 0.0276]	2.3+0.0s

Evaluation:
[RSSCN7 x3]	psnr: 28.993 (Best: 29.050 @epoch 61)
Total time: 14.96s

[Epoch 75]	Learning rate: 2.00e-4
[40/1120]	[L1: 0.0285]	3.1+0.0s
[80/1120]	[L1: 0.0266]	2.9+0.0s
[120/1120]	[L1: 0.0283]	2.4+0.0s
[160/1120]	[L1: 0.0282]	2.5+0.0s
[200/1120]	[L1: 0.0279]	2.3+0.0s
[240/1120]	[L1: 0.0270]	2.3+0.0s
[280/1120]	[L1: 0.0270]	2.5+0.0s
[320/1120]	[L1: 0.0268]	2.3+0.0s
[360/1120]	[L1: 0.0268]	2.3+0.0s
[400/1120]	[L1: 0.0272]	2.5+0.0s
[440/1120]	[L1: 0.0273]	2.3+0.0s
[480/1120]	[L1: 0.0277]	2.3+0.0s
[520/1120]	[L1: 0.0279]	2.4+0.0s
[560/1120]	[L1: 0.0280]	2.4+0.0s
[600/1120]	[L1: 0.0278]	2.3+0.0s
[640/1120]	[L1: 0.0281]	2.4+0.0s
[680/1120]	[L1: 0.0282]	2.3+0.0s
[720/1120]	[L1: 0.0280]	2.3+0.0s
[760/1120]	[L1: 0.0279]	2.4+0.0s
[800/1120]	[L1: 0.0278]	2.3+0.0s
[840/1120]	[L1: 0.0278]	2.3+0.0s
[880/1120]	[L1: 0.0278]	2.4+0.0s
[920/1120]	[L1: 0.0277]	2.3+0.0s
[960/1120]	[L1: 0.0277]	2.4+0.0s
[1000/1120]	[L1: 0.0274]	2.3+0.0s
[1040/1120]	[L1: 0.0274]	2.3+0.0s
[1080/1120]	[L1: 0.0273]	2.4+0.0s
[1120/1120]	[L1: 0.0274]	2.3+0.0s

Evaluation:
[RSSCN7 x3]	psnr: 28.537 (Best: 29.050 @epoch 61)
Total time: 14.99s

[Epoch 76]	Learning rate: 2.00e-4
[40/1120]	[L1: 0.0283]	2.6+0.0s
[80/1120]	[L1: 0.0274]	2.4+0.0s
[120/1120]	[L1: 0.0272]	2.4+0.0s
[160/1120]	[L1: 0.0284]	2.3+0.0s
[200/1120]	[L1: 0.0282]	2.3+0.0s
[240/1120]	[L1: 0.0273]	2.4+0.0s
[280/1120]	[L1: 0.0269]	2.6+0.0s
[320/1120]	[L1: 0.0263]	2.5+0.0s
[360/1120]	[L1: 0.0268]	2.4+0.0s
[400/1120]	[L1: 0.0269]	2.4+0.0s
[440/1120]	[L1: 0.0268]	2.4+0.0s
[480/1120]	[L1: 0.0270]	2.5+0.0s
[520/1120]	[L1: 0.0272]	2.9+0.0s
[560/1120]	[L1: 0.0272]	2.8+0.0s
[600/1120]	[L1: 0.0271]	2.8+0.0s
[640/1120]	[L1: 0.0273]	3.0+0.0s
[680/1120]	[L1: 0.0272]	2.9+0.0s
[720/1120]	[L1: 0.0273]	2.8+0.0s
[760/1120]	[L1: 0.0274]	2.5+0.0s
[800/1120]	[L1: 0.0274]	2.4+0.0s
[840/1120]	[L1: 0.0274]	2.5+0.0s
[880/1120]	[L1: 0.0275]	2.5+0.0s
[920/1120]	[L1: 0.0274]	2.6+0.0s
[960/1120]	[L1: 0.0275]	2.4+0.0s
[1000/1120]	[L1: 0.0276]	2.4+0.0s
[1040/1120]	[L1: 0.0276]	2.5+0.0s
[1080/1120]	[L1: 0.0275]	2.4+0.0s
[1120/1120]	[L1: 0.0275]	2.5+0.0s

Evaluation:
[RSSCN7 x3]	psnr: 29.006 (Best: 29.050 @epoch 61)
Total time: 14.95s

[Epoch 77]	Learning rate: 2.00e-4
[40/1120]	[L1: 0.0264]	2.7+0.0s
[80/1120]	[L1: 0.0283]	3.2+0.0s
[120/1120]	[L1: 0.0294]	3.1+0.0s
[160/1120]	[L1: 0.0290]	2.7+0.0s
[200/1120]	[L1: 0.0285]	2.5+0.0s
[240/1120]	[L1: 0.0278]	2.5+0.0s
[280/1120]	[L1: 0.0276]	2.4+0.0s
[320/1120]	[L1: 0.0277]	2.8+0.0s
[360/1120]	[L1: 0.0277]	2.5+0.0s
[400/1120]	[L1: 0.0272]	2.6+0.0s
[440/1120]	[L1: 0.0271]	3.1+0.0s
[480/1120]	[L1: 0.0271]	3.0+0.0s
[520/1120]	[L1: 0.0272]	3.2+0.0s
[560/1120]	[L1: 0.0275]	3.0+0.0s
[600/1120]	[L1: 0.0276]	2.9+0.0s
[640/1120]	[L1: 0.0277]	2.4+0.0s
[680/1120]	[L1: 0.0274]	2.6+0.0s
[720/1120]	[L1: 0.0275]	2.5+0.0s
[760/1120]	[L1: 0.0275]	2.4+0.0s
[800/1120]	[L1: 0.0276]	2.5+0.0s
[840/1120]	[L1: 0.0275]	2.5+0.0s
[880/1120]	[L1: 0.0273]	2.8+0.0s
[920/1120]	[L1: 0.0273]	2.7+0.0s
[960/1120]	[L1: 0.0273]	2.5+0.0s
[1000/1120]	[L1: 0.0273]	2.4+0.0s
[1040/1120]	[L1: 0.0274]	2.4+0.0s
[1080/1120]	[L1: 0.0274]	2.5+0.0s
[1120/1120]	[L1: 0.0275]	2.6+0.0s

Evaluation:
[RSSCN7 x3]	psnr: 29.040 (Best: 29.050 @epoch 61)
Total time: 14.96s

[Epoch 78]	Learning rate: 2.00e-4
[40/1120]	[L1: 0.0307]	2.7+0.0s
[80/1120]	[L1: 0.0292]	2.5+0.0s
[120/1120]	[L1: 0.0302]	2.5+0.0s
[160/1120]	[L1: 0.0305]	2.5+0.0s
[200/1120]	[L1: 0.0299]	2.5+0.0s
[240/1120]	[L1: 0.0289]	2.5+0.0s
[280/1120]	[L1: 0.0289]	3.1+0.0s
[320/1120]	[L1: 0.0287]	3.0+0.0s
[360/1120]	[L1: 0.0284]	2.9+0.0s
[400/1120]	[L1: 0.0280]	3.0+0.0s
[440/1120]	[L1: 0.0278]	2.4+0.0s
[480/1120]	[L1: 0.0276]	2.9+0.0s
[520/1120]	[L1: 0.0274]	3.1+0.0s
[560/1120]	[L1: 0.0273]	3.0+0.0s
[600/1120]	[L1: 0.0275]	2.7+0.0s
[640/1120]	[L1: 0.0274]	2.6+0.0s
[680/1120]	[L1: 0.0275]	2.7+0.0s
[720/1120]	[L1: 0.0272]	2.9+0.0s
[760/1120]	[L1: 0.0273]	2.8+0.0s
[800/1120]	[L1: 0.0275]	2.5+0.0s
[840/1120]	[L1: 0.0275]	2.5+0.0s
[880/1120]	[L1: 0.0275]	2.7+0.0s
[920/1120]	[L1: 0.0275]	2.5+0.0s
[960/1120]	[L1: 0.0274]	2.4+0.0s
[1000/1120]	[L1: 0.0275]	2.6+0.0s
[1040/1120]	[L1: 0.0275]	2.5+0.0s
[1080/1120]	[L1: 0.0275]	2.5+0.0s
[1120/1120]	[L1: 0.0276]	2.3+0.0s

Evaluation:
[RSSCN7 x3]	psnr: 28.733 (Best: 29.050 @epoch 61)
Total time: 14.87s

[Epoch 79]	Learning rate: 2.00e-4
[40/1120]	[L1: 0.0238]	2.6+0.0s
[80/1120]	[L1: 0.0255]	2.4+0.0s
[120/1120]	[L1: 0.0270]	2.4+0.0s
[160/1120]	[L1: 0.0274]	2.4+0.0s
[200/1120]	[L1: 0.0277]	2.4+0.0s
[240/1120]	[L1: 0.0275]	2.5+0.0s
[280/1120]	[L1: 0.0273]	2.3+0.0s
[320/1120]	[L1: 0.0273]	2.5+0.0s
[360/1120]	[L1: 0.0270]	2.4+0.0s
[400/1120]	[L1: 0.0274]	2.4+0.0s
[440/1120]	[L1: 0.0272]	2.7+0.0s
[480/1120]	[L1: 0.0277]	2.8+0.0s
[520/1120]	[L1: 0.0277]	3.0+0.0s
[560/1120]	[L1: 0.0280]	2.8+0.0s
[600/1120]	[L1: 0.0281]	2.6+0.0s
[640/1120]	[L1: 0.0279]	3.1+0.0s
[680/1120]	[L1: 0.0280]	2.9+0.0s
[720/1120]	[L1: 0.0278]	3.0+0.0s
[760/1120]	[L1: 0.0277]	2.9+0.0s
[800/1120]	[L1: 0.0276]	2.5+0.0s
[840/1120]	[L1: 0.0275]	2.7+0.0s
[880/1120]	[L1: 0.0274]	2.5+0.0s
[920/1120]	[L1: 0.0273]	2.7+0.0s
[960/1120]	[L1: 0.0273]	2.4+0.0s
[1000/1120]	[L1: 0.0273]	2.6+0.0s
[1040/1120]	[L1: 0.0276]	2.9+0.0s
[1080/1120]	[L1: 0.0276]	2.8+0.0s
[1120/1120]	[L1: 0.0274]	3.0+0.0s

Evaluation:
[RSSCN7 x3]	psnr: 28.507 (Best: 29.050 @epoch 61)
Total time: 15.02s

[Epoch 80]	Learning rate: 2.00e-4
[40/1120]	[L1: 0.0276]	2.6+0.0s
[80/1120]	[L1: 0.0277]	3.0+0.0s
[120/1120]	[L1: 0.0281]	3.1+0.0s
[160/1120]	[L1: 0.0273]	3.0+0.0s
[200/1120]	[L1: 0.0269]	2.8+0.0s
[240/1120]	[L1: 0.0273]	2.9+0.0s
[280/1120]	[L1: 0.0273]	2.7+0.0s
[320/1120]	[L1: 0.0274]	2.5+0.0s
[360/1120]	[L1: 0.0274]	2.4+0.0s
[400/1120]	[L1: 0.0271]	2.6+0.0s
[440/1120]	[L1: 0.0268]	2.8+0.0s
[480/1120]	[L1: 0.0269]	2.9+0.0s
[520/1120]	[L1: 0.0268]	2.8+0.0s
[560/1120]	[L1: 0.0270]	2.8+0.0s
[600/1120]	[L1: 0.0271]	2.4+0.0s
[640/1120]	[L1: 0.0275]	2.4+0.0s
[680/1120]	[L1: 0.0276]	2.5+0.0s
[720/1120]	[L1: 0.0276]	2.5+0.0s
[760/1120]	[L1: 0.0276]	2.5+0.0s
[800/1120]	[L1: 0.0276]	2.5+0.0s
[840/1120]	[L1: 0.0276]	2.5+0.0s
[880/1120]	[L1: 0.0276]	2.5+0.0s
[920/1120]	[L1: 0.0276]	2.5+0.0s
[960/1120]	[L1: 0.0275]	2.5+0.0s
[1000/1120]	[L1: 0.0274]	2.9+0.0s
[1040/1120]	[L1: 0.0273]	2.9+0.0s
[1080/1120]	[L1: 0.0272]	2.3+0.0s
[1120/1120]	[L1: 0.0275]	2.4+0.0s

Evaluation:
[RSSCN7 x3]	psnr: 29.039 (Best: 29.050 @epoch 61)
Total time: 14.99s

[Epoch 81]	Learning rate: 2.00e-4
[40/1120]	[L1: 0.0330]	3.1+0.0s
[80/1120]	[L1: 0.0298]	2.7+0.0s
[120/1120]	[L1: 0.0307]	2.5+0.0s
[160/1120]	[L1: 0.0294]	2.7+0.0s
[200/1120]	[L1: 0.0294]	2.7+0.0s
[240/1120]	[L1: 0.0291]	2.9+0.0s
[280/1120]	[L1: 0.0292]	3.0+0.0s
[320/1120]	[L1: 0.0292]	2.9+0.0s
[360/1120]	[L1: 0.0290]	2.7+0.0s
[400/1120]	[L1: 0.0286]	2.6+0.0s
[440/1120]	[L1: 0.0285]	2.4+0.0s
[480/1120]	[L1: 0.0286]	2.6+0.0s
[520/1120]	[L1: 0.0282]	2.5+0.0s
[560/1120]	[L1: 0.0282]	2.5+0.0s
[600/1120]	[L1: 0.0280]	2.6+0.0s
[640/1120]	[L1: 0.0279]	2.5+0.0s
[680/1120]	[L1: 0.0277]	2.5+0.0s
[720/1120]	[L1: 0.0276]	2.6+0.0s
[760/1120]	[L1: 0.0275]	2.6+0.0s
[800/1120]	[L1: 0.0274]	2.9+0.0s
[840/1120]	[L1: 0.0276]	3.1+0.0s
[880/1120]	[L1: 0.0274]	3.0+0.0s
[920/1120]	[L1: 0.0275]	3.0+0.0s
[960/1120]	[L1: 0.0274]	3.0+0.0s
[1000/1120]	[L1: 0.0272]	2.4+0.0s
[1040/1120]	[L1: 0.0272]	2.5+0.0s
[1080/1120]	[L1: 0.0271]	2.5+0.0s
[1120/1120]	[L1: 0.0271]	2.5+0.0s

Evaluation:
[RSSCN7 x3]	psnr: 29.090 (Best: 29.090 @epoch 81)
Total time: 14.92s

[Epoch 82]	Learning rate: 2.00e-4
[40/1120]	[L1: 0.0244]	2.5+0.0s
[80/1120]	[L1: 0.0258]	2.5+0.0s
[120/1120]	[L1: 0.0264]	2.7+0.0s
[160/1120]	[L1: 0.0266]	2.8+0.0s
[200/1120]	[L1: 0.0269]	2.9+0.0s
[240/1120]	[L1: 0.0266]	2.7+0.0s
[280/1120]	[L1: 0.0272]	2.4+0.0s
[320/1120]	[L1: 0.0269]	2.8+0.0s
[360/1120]	[L1: 0.0269]	2.8+0.0s
[400/1120]	[L1: 0.0272]	2.9+0.0s
[440/1120]	[L1: 0.0272]	3.0+0.0s
[480/1120]	[L1: 0.0274]	3.0+0.0s
[520/1120]	[L1: 0.0275]	2.5+0.0s
[560/1120]	[L1: 0.0275]	2.5+0.0s
[600/1120]	[L1: 0.0275]	2.5+0.0s
[640/1120]	[L1: 0.0273]	3.0+0.0s
[680/1120]	[L1: 0.0272]	3.1+0.0s
[720/1120]	[L1: 0.0274]	3.0+0.0s
[760/1120]	[L1: 0.0274]	3.0+0.0s
[800/1120]	[L1: 0.0274]	3.0+0.0s
[840/1120]	[L1: 0.0273]	2.7+0.0s
[880/1120]	[L1: 0.0274]	2.6+0.0s
[920/1120]	[L1: 0.0273]	2.6+0.0s
[960/1120]	[L1: 0.0273]	2.4+0.0s
[1000/1120]	[L1: 0.0272]	2.5+0.0s
[1040/1120]	[L1: 0.0272]	2.6+0.0s
[1080/1120]	[L1: 0.0274]	2.6+0.0s
[1120/1120]	[L1: 0.0274]	2.8+0.0s

Evaluation:
[RSSCN7 x3]	psnr: 28.947 (Best: 29.090 @epoch 81)
Total time: 15.01s

[Epoch 83]	Learning rate: 2.00e-4
[40/1120]	[L1: 0.0271]	2.5+0.0s
[80/1120]	[L1: 0.0281]	2.5+0.0s
[120/1120]	[L1: 0.0269]	2.6+0.0s
[160/1120]	[L1: 0.0278]	2.6+0.0s
[200/1120]	[L1: 0.0267]	2.6+0.0s
[240/1120]	[L1: 0.0268]	2.6+0.0s
[280/1120]	[L1: 0.0270]	3.0+0.0s
[320/1120]	[L1: 0.0273]	2.8+0.0s
[360/1120]	[L1: 0.0276]	2.6+0.0s
[400/1120]	[L1: 0.0276]	2.3+0.0s
[440/1120]	[L1: 0.0270]	2.3+0.0s
[480/1120]	[L1: 0.0271]	2.4+0.0s
[520/1120]	[L1: 0.0273]	2.7+0.0s
[560/1120]	[L1: 0.0271]	2.8+0.0s
[600/1120]	[L1: 0.0272]	2.9+0.0s
[640/1120]	[L1: 0.0271]	2.7+0.0s
[680/1120]	[L1: 0.0272]	2.3+0.0s
[720/1120]	[L1: 0.0272]	2.3+0.0s
[760/1120]	[L1: 0.0272]	2.3+0.0s
[800/1120]	[L1: 0.0272]	2.3+0.0s
[840/1120]	[L1: 0.0272]	3.0+0.0s
[880/1120]	[L1: 0.0272]	2.5+0.0s
[920/1120]	[L1: 0.0273]	2.5+0.0s
[960/1120]	[L1: 0.0273]	2.4+0.0s
[1000/1120]	[L1: 0.0272]	2.3+0.0s
[1040/1120]	[L1: 0.0273]	2.5+0.0s
[1080/1120]	[L1: 0.0274]	2.3+0.0s
[1120/1120]	[L1: 0.0273]	2.3+0.0s

Evaluation:
[RSSCN7 x3]	psnr: 29.008 (Best: 29.090 @epoch 81)
Total time: 14.97s

[Epoch 84]	Learning rate: 2.00e-4
[40/1120]	[L1: 0.0265]	2.9+0.0s
[80/1120]	[L1: 0.0280]	2.8+0.0s
[120/1120]	[L1: 0.0277]	2.5+0.0s
[160/1120]	[L1: 0.0283]	2.5+0.0s
[200/1120]	[L1: 0.0278]	2.6+0.0s
[240/1120]	[L1: 0.0283]	2.6+0.0s
[280/1120]	[L1: 0.0279]	2.7+0.0s
[320/1120]	[L1: 0.0276]	3.2+0.0s
[360/1120]	[L1: 0.0277]	3.2+0.0s
[400/1120]	[L1: 0.0274]	3.1+0.0s
[440/1120]	[L1: 0.0274]	3.0+0.0s
[480/1120]	[L1: 0.0276]	2.8+0.0s
[520/1120]	[L1: 0.0277]	2.5+0.0s
[560/1120]	[L1: 0.0276]	2.4+0.0s
[600/1120]	[L1: 0.0275]	2.6+0.0s
[640/1120]	[L1: 0.0274]	2.5+0.0s
[680/1120]	[L1: 0.0276]	2.5+0.0s
[720/1120]	[L1: 0.0276]	2.5+0.0s
[760/1120]	[L1: 0.0274]	2.7+0.0s
[800/1120]	[L1: 0.0276]	3.1+0.0s
[840/1120]	[L1: 0.0274]	2.9+0.0s
[880/1120]	[L1: 0.0276]	2.8+0.0s
[920/1120]	[L1: 0.0275]	2.6+0.0s
[960/1120]	[L1: 0.0276]	3.0+0.0s
[1000/1120]	[L1: 0.0276]	2.9+0.0s
[1040/1120]	[L1: 0.0276]	2.8+0.0s
[1080/1120]	[L1: 0.0275]	2.8+0.0s
[1120/1120]	[L1: 0.0275]	2.8+0.0s

Evaluation:
[RSSCN7 x3]	psnr: 29.066 (Best: 29.090 @epoch 81)
Total time: 14.91s

[Epoch 85]	Learning rate: 2.00e-4
[40/1120]	[L1: 0.0287]	2.5+0.0s
[80/1120]	[L1: 0.0294]	2.6+0.0s
[120/1120]	[L1: 0.0296]	2.8+0.0s
[160/1120]	[L1: 0.0292]	2.9+0.0s
[200/1120]	[L1: 0.0286]	2.8+0.0s
[240/1120]	[L1: 0.0287]	2.9+0.0s
[280/1120]	[L1: 0.0284]	2.7+0.0s
[320/1120]	[L1: 0.0279]	2.5+0.0s
[360/1120]	[L1: 0.0283]	2.5+0.0s
[400/1120]	[L1: 0.0281]	3.0+0.0s
[440/1120]	[L1: 0.0279]	3.0+0.0s
[480/1120]	[L1: 0.0280]	3.1+0.0s
[520/1120]	[L1: 0.0280]	2.7+0.0s
[560/1120]	[L1: 0.0277]	2.6+0.0s
[600/1120]	[L1: 0.0277]	2.8+0.0s
[640/1120]	[L1: 0.0276]	2.3+0.0s
[680/1120]	[L1: 0.0276]	2.5+0.0s
[720/1120]	[L1: 0.0276]	2.3+0.0s
[760/1120]	[L1: 0.0274]	2.5+0.0s
[800/1120]	[L1: 0.0275]	2.5+0.0s
[840/1120]	[L1: 0.0275]	2.6+0.0s
[880/1120]	[L1: 0.0276]	2.5+0.0s
[920/1120]	[L1: 0.0275]	2.7+0.0s
[960/1120]	[L1: 0.0275]	2.6+0.0s
[1000/1120]	[L1: 0.0274]	2.6+0.0s
[1040/1120]	[L1: 0.0274]	2.5+0.0s
[1080/1120]	[L1: 0.0274]	2.6+0.0s
[1120/1120]	[L1: 0.0274]	2.8+0.0s

Evaluation:
[RSSCN7 x3]	psnr: 28.982 (Best: 29.090 @epoch 81)
Total time: 14.98s

[Epoch 86]	Learning rate: 2.00e-4
[40/1120]	[L1: 0.0298]	2.8+0.0s
[80/1120]	[L1: 0.0277]	3.0+0.0s
[120/1120]	[L1: 0.0275]	3.0+0.0s
[160/1120]	[L1: 0.0274]	3.0+0.0s
[200/1120]	[L1: 0.0270]	2.9+0.0s
[240/1120]	[L1: 0.0268]	2.5+0.0s
[280/1120]	[L1: 0.0268]	2.7+0.0s
[320/1120]	[L1: 0.0270]	3.0+0.0s
[360/1120]	[L1: 0.0269]	2.9+0.0s
[400/1120]	[L1: 0.0271]	3.0+0.0s
[440/1120]	[L1: 0.0274]	2.9+0.0s
[480/1120]	[L1: 0.0273]	2.9+0.0s
[520/1120]	[L1: 0.0272]	2.6+0.0s
[560/1120]	[L1: 0.0272]	2.5+0.0s
[600/1120]	[L1: 0.0274]	2.4+0.0s
[640/1120]	[L1: 0.0274]	2.6+0.0s
[680/1120]	[L1: 0.0273]	2.8+0.0s
[720/1120]	[L1: 0.0272]	2.7+0.0s
[760/1120]	[L1: 0.0271]	2.4+0.0s
[800/1120]	[L1: 0.0271]	2.4+0.0s
[840/1120]	[L1: 0.0273]	2.4+0.0s
[880/1120]	[L1: 0.0274]	2.4+0.0s
[920/1120]	[L1: 0.0273]	2.4+0.0s
[960/1120]	[L1: 0.0275]	2.4+0.0s
[1000/1120]	[L1: 0.0275]	2.3+0.0s
[1040/1120]	[L1: 0.0275]	2.5+0.0s
[1080/1120]	[L1: 0.0273]	2.3+0.0s
[1120/1120]	[L1: 0.0273]	2.3+0.0s

Evaluation:
[RSSCN7 x3]	psnr: 29.064 (Best: 29.090 @epoch 81)
Total time: 14.95s

[Epoch 87]	Learning rate: 2.00e-4
[40/1120]	[L1: 0.0282]	2.6+0.0s
[80/1120]	[L1: 0.0288]	2.5+0.0s
[120/1120]	[L1: 0.0287]	2.5+0.0s
[160/1120]	[L1: 0.0288]	2.5+0.0s
[200/1120]	[L1: 0.0285]	2.5+0.0s
[240/1120]	[L1: 0.0284]	2.5+0.0s
[280/1120]	[L1: 0.0285]	2.4+0.0s
[320/1120]	[L1: 0.0281]	2.7+0.0s
[360/1120]	[L1: 0.0282]	2.7+0.0s
[400/1120]	[L1: 0.0284]	2.5+0.0s
[440/1120]	[L1: 0.0283]	2.7+0.0s
[480/1120]	[L1: 0.0283]	2.8+0.0s
[520/1120]	[L1: 0.0281]	2.9+0.0s
[560/1120]	[L1: 0.0279]	2.8+0.0s
[600/1120]	[L1: 0.0277]	2.5+0.0s
[640/1120]	[L1: 0.0274]	2.4+0.0s
[680/1120]	[L1: 0.0275]	2.5+0.0s
[720/1120]	[L1: 0.0274]	2.5+0.0s
[760/1120]	[L1: 0.0277]	2.8+0.0s
[800/1120]	[L1: 0.0277]	3.0+0.0s
[840/1120]	[L1: 0.0276]	2.8+0.0s
[880/1120]	[L1: 0.0275]	2.8+0.0s
[920/1120]	[L1: 0.0273]	2.8+0.0s
[960/1120]	[L1: 0.0275]	3.0+0.0s
[1000/1120]	[L1: 0.0275]	2.3+0.0s
[1040/1120]	[L1: 0.0274]	2.6+0.0s
[1080/1120]	[L1: 0.0272]	2.5+0.0s
[1120/1120]	[L1: 0.0272]	2.5+0.0s

Evaluation:
[RSSCN7 x3]	psnr: 28.799 (Best: 29.090 @epoch 81)
Total time: 14.98s

[Epoch 88]	Learning rate: 2.00e-4
[40/1120]	[L1: 0.0325]	2.5+0.0s
[80/1120]	[L1: 0.0297]	2.6+0.0s
[120/1120]	[L1: 0.0285]	2.4+0.0s
[160/1120]	[L1: 0.0267]	2.4+0.0s
[200/1120]	[L1: 0.0268]	2.5+0.0s
[240/1120]	[L1: 0.0266]	2.3+0.0s
[280/1120]	[L1: 0.0263]	2.3+0.0s
[320/1120]	[L1: 0.0266]	2.4+0.0s
[360/1120]	[L1: 0.0269]	2.3+0.0s
[400/1120]	[L1: 0.0267]	2.4+0.0s
[440/1120]	[L1: 0.0271]	2.5+0.0s
[480/1120]	[L1: 0.0269]	2.4+0.0s
[520/1120]	[L1: 0.0269]	2.3+0.0s
[560/1120]	[L1: 0.0270]	2.4+0.0s
[600/1120]	[L1: 0.0268]	2.3+0.0s
[640/1120]	[L1: 0.0270]	2.3+0.0s
[680/1120]	[L1: 0.0272]	2.4+0.0s
[720/1120]	[L1: 0.0271]	2.3+0.0s
[760/1120]	[L1: 0.0271]	2.3+0.0s
[800/1120]	[L1: 0.0272]	2.4+0.0s
[840/1120]	[L1: 0.0270]	2.3+0.0s
[880/1120]	[L1: 0.0271]	2.3+0.0s
[920/1120]	[L1: 0.0270]	2.4+0.0s
[960/1120]	[L1: 0.0271]	2.3+0.0s
[1000/1120]	[L1: 0.0269]	2.3+0.0s
[1040/1120]	[L1: 0.0272]	2.4+0.0s
[1080/1120]	[L1: 0.0272]	2.6+0.0s
[1120/1120]	[L1: 0.0273]	2.9+0.0s

Evaluation:
[RSSCN7 x3]	psnr: 28.877 (Best: 29.090 @epoch 81)
Total time: 14.96s

[Epoch 89]	Learning rate: 2.00e-4
[40/1120]	[L1: 0.0304]	2.5+0.0s
[80/1120]	[L1: 0.0291]	2.5+0.0s
[120/1120]	[L1: 0.0277]	2.6+0.0s
[160/1120]	[L1: 0.0277]	2.5+0.0s
[200/1120]	[L1: 0.0274]	2.5+0.0s
[240/1120]	[L1: 0.0283]	2.3+0.0s
[280/1120]	[L1: 0.0281]	2.4+0.0s
[320/1120]	[L1: 0.0280]	2.5+0.0s
[360/1120]	[L1: 0.0281]	2.3+0.0s
[400/1120]	[L1: 0.0281]	2.4+0.0s
[440/1120]	[L1: 0.0278]	2.4+0.0s
[480/1120]	[L1: 0.0274]	2.7+0.0s
[520/1120]	[L1: 0.0275]	2.3+0.0s
[560/1120]	[L1: 0.0273]	2.3+0.0s
[600/1120]	[L1: 0.0271]	2.4+0.0s
[640/1120]	[L1: 0.0274]	2.3+0.0s
[680/1120]	[L1: 0.0274]	2.4+0.0s
[720/1120]	[L1: 0.0274]	2.3+0.0s
[760/1120]	[L1: 0.0277]	2.3+0.0s
[800/1120]	[L1: 0.0277]	2.7+0.0s
[840/1120]	[L1: 0.0275]	2.8+0.0s
[880/1120]	[L1: 0.0275]	2.6+0.0s
[920/1120]	[L1: 0.0274]	2.3+0.0s
[960/1120]	[L1: 0.0273]	2.3+0.0s
[1000/1120]	[L1: 0.0274]	2.3+0.0s
[1040/1120]	[L1: 0.0274]	2.4+0.0s
[1080/1120]	[L1: 0.0273]	2.3+0.0s
[1120/1120]	[L1: 0.0272]	2.3+0.0s

Evaluation:
[RSSCN7 x3]	psnr: 28.955 (Best: 29.090 @epoch 81)
Total time: 14.89s

[Epoch 90]	Learning rate: 2.00e-4
[40/1120]	[L1: 0.0269]	2.6+0.0s
[80/1120]	[L1: 0.0272]	2.3+0.0s
[120/1120]	[L1: 0.0264]	2.4+0.0s
[160/1120]	[L1: 0.0269]	2.3+0.0s
[200/1120]	[L1: 0.0268]	2.3+0.0s
[240/1120]	[L1: 0.0270]	2.4+0.0s
[280/1120]	[L1: 0.0268]	2.3+0.0s
[320/1120]	[L1: 0.0269]	2.4+0.0s
[360/1120]	[L1: 0.0273]	2.3+0.0s
[400/1120]	[L1: 0.0270]	2.3+0.0s
[440/1120]	[L1: 0.0269]	2.4+0.0s
[480/1120]	[L1: 0.0270]	2.4+0.0s
[520/1120]	[L1: 0.0270]	2.5+0.0s
[560/1120]	[L1: 0.0273]	2.4+0.0s
[600/1120]	[L1: 0.0269]	2.6+0.0s
[640/1120]	[L1: 0.0268]	2.4+0.0s
[680/1120]	[L1: 0.0268]	2.3+0.0s
[720/1120]	[L1: 0.0270]	2.4+0.0s
[760/1120]	[L1: 0.0270]	2.3+0.0s
[800/1120]	[L1: 0.0269]	2.3+0.0s
[840/1120]	[L1: 0.0268]	2.4+0.0s
[880/1120]	[L1: 0.0270]	2.5+0.0s
[920/1120]	[L1: 0.0271]	2.6+0.0s
[960/1120]	[L1: 0.0272]	2.3+0.0s
[1000/1120]	[L1: 0.0271]	2.3+0.0s
[1040/1120]	[L1: 0.0272]	2.4+0.0s
[1080/1120]	[L1: 0.0273]	2.3+0.0s
[1120/1120]	[L1: 0.0273]	2.4+0.0s

Evaluation:
[RSSCN7 x3]	psnr: 29.044 (Best: 29.090 @epoch 81)
Total time: 14.91s

[Epoch 91]	Learning rate: 2.00e-4
[40/1120]	[L1: 0.0300]	2.5+0.0s
[80/1120]	[L1: 0.0278]	2.6+0.0s
[120/1120]	[L1: 0.0269]	2.3+0.0s
[160/1120]	[L1: 0.0275]	2.5+0.0s
[200/1120]	[L1: 0.0270]	2.6+0.0s
[240/1120]	[L1: 0.0271]	2.5+0.0s
[280/1120]	[L1: 0.0272]	2.7+0.0s
[320/1120]	[L1: 0.0275]	2.7+0.0s
[360/1120]	[L1: 0.0274]	2.3+0.0s
[400/1120]	[L1: 0.0274]	2.3+0.0s
[440/1120]	[L1: 0.0271]	2.4+0.0s
[480/1120]	[L1: 0.0272]	2.3+0.0s
[520/1120]	[L1: 0.0269]	2.3+0.0s
[560/1120]	[L1: 0.0270]	2.4+0.0s
[600/1120]	[L1: 0.0268]	2.3+0.0s
[640/1120]	[L1: 0.0268]	2.3+0.0s
[680/1120]	[L1: 0.0269]	2.4+0.0s
[720/1120]	[L1: 0.0268]	2.3+0.0s
[760/1120]	[L1: 0.0269]	2.4+0.0s
[800/1120]	[L1: 0.0270]	2.3+0.0s
[840/1120]	[L1: 0.0273]	2.3+0.0s
[880/1120]	[L1: 0.0272]	2.4+0.0s
[920/1120]	[L1: 0.0273]	2.3+0.0s
[960/1120]	[L1: 0.0273]	2.3+0.0s
[1000/1120]	[L1: 0.0273]	2.4+0.0s
[1040/1120]	[L1: 0.0273]	2.3+0.0s
[1080/1120]	[L1: 0.0273]	2.3+0.0s
[1120/1120]	[L1: 0.0272]	2.4+0.0s

Evaluation:
[RSSCN7 x3]	psnr: 28.976 (Best: 29.090 @epoch 81)
Total time: 14.93s

[Epoch 92]	Learning rate: 2.00e-4
[40/1120]	[L1: 0.0229]	2.6+0.0s
[80/1120]	[L1: 0.0254]	2.4+0.0s
[120/1120]	[L1: 0.0256]	2.3+0.0s
[160/1120]	[L1: 0.0250]	2.3+0.0s
[200/1120]	[L1: 0.0258]	2.4+0.0s
[240/1120]	[L1: 0.0264]	2.3+0.0s
[280/1120]	[L1: 0.0264]	2.3+0.0s
[320/1120]	[L1: 0.0268]	2.4+0.0s
[360/1120]	[L1: 0.0272]	2.4+0.0s
[400/1120]	[L1: 0.0274]	2.3+0.0s
[440/1120]	[L1: 0.0273]	2.4+0.0s
[480/1120]	[L1: 0.0272]	2.3+0.0s
[520/1120]	[L1: 0.0272]	2.3+0.0s
[560/1120]	[L1: 0.0274]	2.8+0.0s
[600/1120]	[L1: 0.0271]	2.5+0.0s
[640/1120]	[L1: 0.0270]	2.4+0.0s
[680/1120]	[L1: 0.0269]	2.3+0.0s
[720/1120]	[L1: 0.0269]	2.3+0.0s
[760/1120]	[L1: 0.0270]	2.4+0.0s
[800/1120]	[L1: 0.0271]	2.3+0.0s
[840/1120]	[L1: 0.0273]	2.3+0.0s
[880/1120]	[L1: 0.0273]	2.5+0.0s
[920/1120]	[L1: 0.0274]	2.3+0.0s
[960/1120]	[L1: 0.0273]	2.3+0.0s
[1000/1120]	[L1: 0.0274]	2.7+0.0s
[1040/1120]	[L1: 0.0274]	2.8+0.0s
[1080/1120]	[L1: 0.0275]	2.3+0.0s
[1120/1120]	[L1: 0.0276]	2.4+0.0s

Evaluation:
[RSSCN7 x3]	psnr: 28.475 (Best: 29.090 @epoch 81)
Total time: 14.99s

[Epoch 93]	Learning rate: 2.00e-4
[40/1120]	[L1: 0.0281]	2.5+0.0s
[80/1120]	[L1: 0.0272]	2.5+0.0s
[120/1120]	[L1: 0.0278]	2.4+0.0s
[160/1120]	[L1: 0.0276]	2.3+0.0s
[200/1120]	[L1: 0.0277]	2.4+0.0s
[240/1120]	[L1: 0.0282]	2.3+0.0s
[280/1120]	[L1: 0.0276]	2.3+0.0s
[320/1120]	[L1: 0.0269]	2.4+0.0s
[360/1120]	[L1: 0.0274]	2.3+0.0s
[400/1120]	[L1: 0.0277]	2.3+0.0s
[440/1120]	[L1: 0.0277]	2.4+0.0s
[480/1120]	[L1: 0.0278]	2.4+0.0s
[520/1120]	[L1: 0.0278]	2.4+0.0s
[560/1120]	[L1: 0.0278]	2.3+0.0s
[600/1120]	[L1: 0.0278]	2.3+0.0s
[640/1120]	[L1: 0.0274]	2.4+0.0s
[680/1120]	[L1: 0.0275]	2.3+0.0s
[720/1120]	[L1: 0.0273]	2.3+0.0s
[760/1120]	[L1: 0.0273]	2.4+0.0s
[800/1120]	[L1: 0.0274]	2.3+0.0s
[840/1120]	[L1: 0.0274]	2.3+0.0s
[880/1120]	[L1: 0.0273]	2.4+0.0s
[920/1120]	[L1: 0.0272]	2.3+0.0s
[960/1120]	[L1: 0.0272]	2.3+0.0s
[1000/1120]	[L1: 0.0272]	2.4+0.0s
[1040/1120]	[L1: 0.0271]	2.3+0.0s
[1080/1120]	[L1: 0.0269]	2.3+0.0s
[1120/1120]	[L1: 0.0270]	2.4+0.0s

Evaluation:
[RSSCN7 x3]	psnr: 28.950 (Best: 29.090 @epoch 81)
Total time: 14.95s

[Epoch 94]	Learning rate: 2.00e-4
[40/1120]	[L1: 0.0245]	2.4+0.0s
[80/1120]	[L1: 0.0268]	2.5+0.0s
[120/1120]	[L1: 0.0265]	2.4+0.0s
[160/1120]	[L1: 0.0274]	2.3+0.0s
[200/1120]	[L1: 0.0266]	2.4+0.0s
[240/1120]	[L1: 0.0268]	2.3+0.0s
[280/1120]	[L1: 0.0267]	2.4+0.0s
[320/1120]	[L1: 0.0269]	2.3+0.0s
[360/1120]	[L1: 0.0268]	2.4+0.0s
[400/1120]	[L1: 0.0265]	2.4+0.0s
[440/1120]	[L1: 0.0268]	2.3+0.0s
[480/1120]	[L1: 0.0268]	2.3+0.0s
[520/1120]	[L1: 0.0272]	2.4+0.0s
[560/1120]	[L1: 0.0277]	2.3+0.0s
[600/1120]	[L1: 0.0278]	2.3+0.0s
[640/1120]	[L1: 0.0278]	2.4+0.0s
[680/1120]	[L1: 0.0279]	2.3+0.0s
[720/1120]	[L1: 0.0277]	2.3+0.0s
[760/1120]	[L1: 0.0276]	2.4+0.0s
[800/1120]	[L1: 0.0277]	2.3+0.0s
[840/1120]	[L1: 0.0277]	2.3+0.0s
[880/1120]	[L1: 0.0277]	2.4+0.0s
[920/1120]	[L1: 0.0276]	2.3+0.0s
[960/1120]	[L1: 0.0276]	2.3+0.0s
[1000/1120]	[L1: 0.0276]	2.4+0.0s
[1040/1120]	[L1: 0.0275]	2.3+0.0s
[1080/1120]	[L1: 0.0275]	2.3+0.0s
[1120/1120]	[L1: 0.0274]	2.4+0.0s

Evaluation:
[RSSCN7 x3]	psnr: 29.031 (Best: 29.090 @epoch 81)
Total time: 14.92s

[Epoch 95]	Learning rate: 2.00e-4
[40/1120]	[L1: 0.0261]	2.6+0.0s
[80/1120]	[L1: 0.0259]	2.4+0.0s
[120/1120]	[L1: 0.0246]	2.4+0.0s
[160/1120]	[L1: 0.0246]	2.4+0.0s
[200/1120]	[L1: 0.0255]	2.3+0.0s
[240/1120]	[L1: 0.0257]	2.4+0.0s
[280/1120]	[L1: 0.0261]	2.3+0.0s
[320/1120]	[L1: 0.0265]	2.3+0.0s
[360/1120]	[L1: 0.0268]	2.4+0.0s
[400/1120]	[L1: 0.0266]	2.3+0.0s
[440/1120]	[L1: 0.0265]	2.4+0.0s
[480/1120]	[L1: 0.0265]	2.3+0.0s
[520/1120]	[L1: 0.0265]	2.3+0.0s
[560/1120]	[L1: 0.0265]	2.4+0.0s
[600/1120]	[L1: 0.0265]	2.3+0.0s
[640/1120]	[L1: 0.0268]	2.5+0.0s
[680/1120]	[L1: 0.0268]	2.4+0.0s
[720/1120]	[L1: 0.0270]	2.3+0.0s
[760/1120]	[L1: 0.0271]	2.4+0.0s
[800/1120]	[L1: 0.0272]	2.3+0.0s
[840/1120]	[L1: 0.0271]	2.4+0.0s
[880/1120]	[L1: 0.0272]	2.3+0.0s
[920/1120]	[L1: 0.0272]	2.3+0.0s
[960/1120]	[L1: 0.0272]	2.4+0.0s
[1000/1120]	[L1: 0.0271]	2.3+0.0s
[1040/1120]	[L1: 0.0272]	2.4+0.0s
[1080/1120]	[L1: 0.0271]	2.3+0.0s
[1120/1120]	[L1: 0.0271]	2.3+0.0s

Evaluation:
[RSSCN7 x3]	psnr: 29.006 (Best: 29.090 @epoch 81)
Total time: 15.00s

[Epoch 96]	Learning rate: 2.00e-4
[40/1120]	[L1: 0.0271]	2.4+0.0s
[80/1120]	[L1: 0.0256]	2.3+0.0s
[120/1120]	[L1: 0.0264]	2.3+0.0s
[160/1120]	[L1: 0.0268]	2.3+0.0s
[200/1120]	[L1: 0.0268]	2.3+0.0s
[240/1120]	[L1: 0.0272]	2.3+0.0s
[280/1120]	[L1: 0.0269]	2.3+0.0s
[320/1120]	[L1: 0.0272]	2.3+0.0s
[360/1120]	[L1: 0.0276]	2.4+0.0s
[400/1120]	[L1: 0.0275]	2.3+0.0s
[440/1120]	[L1: 0.0270]	2.3+0.0s
[480/1120]	[L1: 0.0268]	2.3+0.0s
[520/1120]	[L1: 0.0268]	2.3+0.0s
[560/1120]	[L1: 0.0268]	2.3+0.0s
[600/1120]	[L1: 0.0268]	2.3+0.0s
[640/1120]	[L1: 0.0269]	2.3+0.0s
[680/1120]	[L1: 0.0271]	2.3+0.0s
[720/1120]	[L1: 0.0273]	2.3+0.0s
[760/1120]	[L1: 0.0272]	2.3+0.0s
[800/1120]	[L1: 0.0272]	2.4+0.0s
[840/1120]	[L1: 0.0273]	2.3+0.0s
[880/1120]	[L1: 0.0272]	2.3+0.0s
[920/1120]	[L1: 0.0273]	2.3+0.0s
[960/1120]	[L1: 0.0273]	2.3+0.0s
[1000/1120]	[L1: 0.0273]	2.3+0.0s
[1040/1120]	[L1: 0.0275]	2.3+0.0s
[1080/1120]	[L1: 0.0275]	2.3+0.0s
[1120/1120]	[L1: 0.0275]	2.3+0.0s

Evaluation:
[RSSCN7 x3]	psnr: 28.982 (Best: 29.090 @epoch 81)
Total time: 14.92s

[Epoch 97]	Learning rate: 2.00e-4
[40/1120]	[L1: 0.0290]	2.4+0.0s
[80/1120]	[L1: 0.0253]	2.3+0.0s
[120/1120]	[L1: 0.0270]	2.4+0.0s
[160/1120]	[L1: 0.0277]	2.3+0.0s
[200/1120]	[L1: 0.0278]	2.3+0.0s
[240/1120]	[L1: 0.0276]	2.3+0.0s
[280/1120]	[L1: 0.0272]	2.4+0.0s
[320/1120]	[L1: 0.0268]	2.3+0.0s
[360/1120]	[L1: 0.0267]	2.3+0.0s
[400/1120]	[L1: 0.0271]	2.3+0.0s
[440/1120]	[L1: 0.0275]	2.4+0.0s
[480/1120]	[L1: 0.0276]	2.3+0.0s
[520/1120]	[L1: 0.0277]	2.3+0.0s
[560/1120]	[L1: 0.0275]	2.4+0.0s
[600/1120]	[L1: 0.0272]	2.3+0.0s
[640/1120]	[L1: 0.0271]	2.3+0.0s
[680/1120]	[L1: 0.0272]	2.3+0.0s
[720/1120]	[L1: 0.0271]	2.4+0.0s
[760/1120]	[L1: 0.0270]	2.3+0.0s
[800/1120]	[L1: 0.0269]	2.3+0.0s
[840/1120]	[L1: 0.0268]	2.4+0.0s
[880/1120]	[L1: 0.0269]	2.3+0.0s
[920/1120]	[L1: 0.0271]	2.3+0.0s
[960/1120]	[L1: 0.0270]	2.3+0.0s
[1000/1120]	[L1: 0.0270]	2.4+0.0s
[1040/1120]	[L1: 0.0270]	2.3+0.0s
[1080/1120]	[L1: 0.0271]	2.3+0.0s
[1120/1120]	[L1: 0.0271]	2.3+0.0s

Evaluation:
[RSSCN7 x3]	psnr: 29.044 (Best: 29.090 @epoch 81)
Total time: 14.93s

[Epoch 98]	Learning rate: 2.00e-4
[40/1120]	[L1: 0.0280]	2.6+0.0s
[80/1120]	[L1: 0.0253]	2.6+0.0s
[120/1120]	[L1: 0.0258]	2.5+0.0s
[160/1120]	[L1: 0.0258]	2.4+0.0s
[200/1120]	[L1: 0.0253]	2.4+0.0s
[240/1120]	[L1: 0.0253]	2.4+0.0s
[280/1120]	[L1: 0.0255]	2.4+0.0s
[320/1120]	[L1: 0.0253]	2.4+0.0s
[360/1120]	[L1: 0.0255]	2.3+0.0s
[400/1120]	[L1: 0.0258]	2.4+0.0s
[440/1120]	[L1: 0.0264]	2.3+0.0s
[480/1120]	[L1: 0.0268]	2.4+0.0s
[520/1120]	[L1: 0.0266]	2.3+0.0s
[560/1120]	[L1: 0.0268]	2.3+0.0s
[600/1120]	[L1: 0.0272]	2.4+0.0s
[640/1120]	[L1: 0.0271]	2.3+0.0s
[680/1120]	[L1: 0.0274]	2.4+0.0s
[720/1120]	[L1: 0.0277]	2.3+0.0s
[760/1120]	[L1: 0.0276]	2.4+0.0s
[800/1120]	[L1: 0.0274]	2.4+0.0s
[840/1120]	[L1: 0.0275]	2.4+0.0s
[880/1120]	[L1: 0.0275]	2.3+0.0s
[920/1120]	[L1: 0.0275]	2.4+0.0s
[960/1120]	[L1: 0.0273]	2.3+0.0s
[1000/1120]	[L1: 0.0271]	2.4+0.0s
[1040/1120]	[L1: 0.0272]	2.3+0.0s
[1080/1120]	[L1: 0.0272]	2.4+0.0s
[1120/1120]	[L1: 0.0274]	2.3+0.0s

Evaluation:
[RSSCN7 x3]	psnr: 29.036 (Best: 29.090 @epoch 81)
Total time: 14.94s

[Epoch 99]	Learning rate: 2.00e-4
[40/1120]	[L1: 0.0290]	3.0+0.0s
[80/1120]	[L1: 0.0290]	2.9+0.0s
[120/1120]	[L1: 0.0276]	2.8+0.0s
[160/1120]	[L1: 0.0276]	2.4+0.0s
[200/1120]	[L1: 0.0279]	2.3+0.0s
[240/1120]	[L1: 0.0280]	2.3+0.0s
[280/1120]	[L1: 0.0287]	2.3+0.0s
[320/1120]	[L1: 0.0286]	2.3+0.0s
[360/1120]	[L1: 0.0284]	2.3+0.0s
[400/1120]	[L1: 0.0282]	2.3+0.0s
[440/1120]	[L1: 0.0282]	2.4+0.0s
[480/1120]	[L1: 0.0278]	2.3+0.0s
[520/1120]	[L1: 0.0277]	2.4+0.0s
[560/1120]	[L1: 0.0276]	2.3+0.0s
[600/1120]	[L1: 0.0277]	2.3+0.0s
[640/1120]	[L1: 0.0276]	2.4+0.0s
[680/1120]	[L1: 0.0275]	2.3+0.0s
[720/1120]	[L1: 0.0278]	2.3+0.0s
[760/1120]	[L1: 0.0278]	2.3+0.0s
[800/1120]	[L1: 0.0279]	2.4+0.0s
[840/1120]	[L1: 0.0278]	2.3+0.0s
[880/1120]	[L1: 0.0276]	2.3+0.0s
[920/1120]	[L1: 0.0275]	2.4+0.0s
[960/1120]	[L1: 0.0273]	2.3+0.0s
[1000/1120]	[L1: 0.0273]	2.4+0.0s
[1040/1120]	[L1: 0.0272]	2.4+0.0s
[1080/1120]	[L1: 0.0271]	2.3+0.0s
[1120/1120]	[L1: 0.0271]	2.3+0.0s

Evaluation:
[RSSCN7 x3]	psnr: 29.059 (Best: 29.090 @epoch 81)
Total time: 14.96s

[Epoch 100]	Learning rate: 2.00e-4
[40/1120]	[L1: 0.0257]	2.6+0.0s
[80/1120]	[L1: 0.0259]	2.4+0.0s
[120/1120]	[L1: 0.0261]	2.3+0.0s
[160/1120]	[L1: 0.0270]	2.3+0.0s
[200/1120]	[L1: 0.0272]	2.3+0.0s
[240/1120]	[L1: 0.0273]	2.4+0.0s
[280/1120]	[L1: 0.0275]	2.3+0.0s
[320/1120]	[L1: 0.0280]	2.3+0.0s
[360/1120]	[L1: 0.0279]	2.3+0.0s
[400/1120]	[L1: 0.0280]	2.4+0.0s
[440/1120]	[L1: 0.0277]	2.3+0.0s
[480/1120]	[L1: 0.0276]	2.3+0.0s
[520/1120]	[L1: 0.0279]	2.3+0.0s
[560/1120]	[L1: 0.0278]	2.3+0.0s
[600/1120]	[L1: 0.0279]	2.4+0.0s
[640/1120]	[L1: 0.0277]	2.3+0.0s
[680/1120]	[L1: 0.0277]	2.3+0.0s
[720/1120]	[L1: 0.0275]	2.3+0.0s
[760/1120]	[L1: 0.0275]	2.4+0.0s
[800/1120]	[L1: 0.0275]	2.3+0.0s
[840/1120]	[L1: 0.0276]	2.3+0.0s
[880/1120]	[L1: 0.0275]	2.3+0.0s
[920/1120]	[L1: 0.0275]	2.3+0.0s
[960/1120]	[L1: 0.0275]	2.4+0.0s
[1000/1120]	[L1: 0.0275]	2.3+0.0s
[1040/1120]	[L1: 0.0275]	2.3+0.0s
[1080/1120]	[L1: 0.0274]	2.3+0.0s
[1120/1120]	[L1: 0.0272]	2.3+0.0s
Saved epoch checkpoint at epoch 100

Evaluation:
[RSSCN7 x3]	psnr: 29.046 (Best: 29.090 @epoch 81)
Total time: 14.93s

[Epoch 101]	Learning rate: 2.00e-4
[40/1120]	[L1: 0.0263]	2.6+0.0s
[80/1120]	[L1: 0.0267]	2.4+0.0s
[120/1120]	[L1: 0.0253]	2.3+0.0s
[160/1120]	[L1: 0.0250]	2.3+0.0s
[200/1120]	[L1: 0.0255]	2.9+0.0s
[240/1120]	[L1: 0.0249]	2.8+0.0s
[280/1120]	[L1: 0.0253]	2.8+0.0s
[320/1120]	[L1: 0.0258]	2.7+0.0s
[360/1120]	[L1: 0.0258]	2.8+0.0s
[400/1120]	[L1: 0.0264]	2.4+0.0s
[440/1120]	[L1: 0.0266]	2.3+0.0s
[480/1120]	[L1: 0.0264]	2.4+0.0s
[520/1120]	[L1: 0.0264]	2.4+0.0s
[560/1120]	[L1: 0.0266]	2.3+0.0s
[600/1120]	[L1: 0.0267]	2.3+0.0s
[640/1120]	[L1: 0.0267]	2.4+0.0s
[680/1120]	[L1: 0.0268]	2.4+0.0s
[720/1120]	[L1: 0.0269]	2.4+0.0s
[760/1120]	[L1: 0.0268]	2.5+0.0s
[800/1120]	[L1: 0.0269]	2.3+0.0s
[840/1120]	[L1: 0.0269]	2.3+0.0s
[880/1120]	[L1: 0.0267]	2.4+0.0s
[920/1120]	[L1: 0.0267]	2.4+0.0s
[960/1120]	[L1: 0.0267]	2.3+0.0s
[1000/1120]	[L1: 0.0266]	2.3+0.0s
[1040/1120]	[L1: 0.0267]	2.4+0.0s
[1080/1120]	[L1: 0.0269]	2.3+0.0s
[1120/1120]	[L1: 0.0271]	2.3+0.0s

Evaluation:
[RSSCN7 x3]	psnr: 28.760 (Best: 29.090 @epoch 81)
Total time: 14.91s

[Epoch 102]	Learning rate: 2.00e-4
[40/1120]	[L1: 0.0259]	2.6+0.0s
[80/1120]	[L1: 0.0268]	2.4+0.0s
[120/1120]	[L1: 0.0256]	2.5+0.0s
[160/1120]	[L1: 0.0274]	2.3+0.0s
[200/1120]	[L1: 0.0265]	2.4+0.0s
[240/1120]	[L1: 0.0262]	2.3+0.0s
[280/1120]	[L1: 0.0261]	2.4+0.0s
[320/1120]	[L1: 0.0265]	2.3+0.0s
[360/1120]	[L1: 0.0268]	2.4+0.0s
[400/1120]	[L1: 0.0266]	2.3+0.0s
[440/1120]	[L1: 0.0268]	2.4+0.0s
[480/1120]	[L1: 0.0267]	2.3+0.0s
[520/1120]	[L1: 0.0268]	2.4+0.0s
[560/1120]	[L1: 0.0269]	2.3+0.0s
[600/1120]	[L1: 0.0268]	2.4+0.0s
[640/1120]	[L1: 0.0266]	2.4+0.0s
[680/1120]	[L1: 0.0265]	2.4+0.0s
[720/1120]	[L1: 0.0266]	2.3+0.0s
[760/1120]	[L1: 0.0267]	2.4+0.0s
[800/1120]	[L1: 0.0269]	2.4+0.0s
[840/1120]	[L1: 0.0269]	2.3+0.0s
[880/1120]	[L1: 0.0270]	2.4+0.0s
[920/1120]	[L1: 0.0270]	2.3+0.0s
[960/1120]	[L1: 0.0271]	2.5+0.0s
[1000/1120]	[L1: 0.0271]	2.3+0.0s
[1040/1120]	[L1: 0.0271]	2.8+0.0s
[1080/1120]	[L1: 0.0271]	2.3+0.0s
[1120/1120]	[L1: 0.0271]	2.4+0.0s

Evaluation:
[RSSCN7 x3]	psnr: 29.077 (Best: 29.090 @epoch 81)
Total time: 14.94s

[Epoch 103]	Learning rate: 2.00e-4
[40/1120]	[L1: 0.0305]	3.1+0.0s
[80/1120]	[L1: 0.0292]	2.9+0.0s
[120/1120]	[L1: 0.0286]	2.9+0.0s
[160/1120]	[L1: 0.0287]	2.4+0.0s
[200/1120]	[L1: 0.0279]	2.3+0.0s
[240/1120]	[L1: 0.0281]	2.5+0.0s
[280/1120]	[L1: 0.0279]	2.4+0.0s
[320/1120]	[L1: 0.0276]	2.3+0.0s
[360/1120]	[L1: 0.0272]	2.5+0.0s
[400/1120]	[L1: 0.0269]	2.3+0.0s
[440/1120]	[L1: 0.0271]	2.4+0.0s
[480/1120]	[L1: 0.0270]	2.3+0.0s
[520/1120]	[L1: 0.0269]	2.3+0.0s
[560/1120]	[L1: 0.0273]	2.4+0.0s
[600/1120]	[L1: 0.0273]	2.3+0.0s
[640/1120]	[L1: 0.0272]	2.4+0.0s
[680/1120]	[L1: 0.0270]	2.3+0.0s
[720/1120]	[L1: 0.0268]	2.3+0.0s
[760/1120]	[L1: 0.0267]	2.4+0.0s
[800/1120]	[L1: 0.0268]	2.3+0.0s
[840/1120]	[L1: 0.0269]	2.4+0.0s
[880/1120]	[L1: 0.0267]	2.3+0.0s
[920/1120]	[L1: 0.0267]	2.3+0.0s
[960/1120]	[L1: 0.0268]	2.4+0.0s
[1000/1120]	[L1: 0.0267]	2.3+0.0s
[1040/1120]	[L1: 0.0268]	2.4+0.0s
[1080/1120]	[L1: 0.0268]	2.3+0.0s
[1120/1120]	[L1: 0.0269]	2.3+0.0s

Evaluation:
[RSSCN7 x3]	psnr: 29.083 (Best: 29.090 @epoch 81)
Total time: 14.93s

[Epoch 104]	Learning rate: 2.00e-4
[40/1120]	[L1: 0.0279]	2.4+0.0s
[80/1120]	[L1: 0.0273]	2.3+0.0s
[120/1120]	[L1: 0.0270]	2.3+0.0s
[160/1120]	[L1: 0.0259]	2.3+0.0s
[200/1120]	[L1: 0.0262]	2.4+0.0s
[240/1120]	[L1: 0.0261]	2.3+0.0s
[280/1120]	[L1: 0.0266]	2.4+0.0s
[320/1120]	[L1: 0.0265]	2.3+0.0s
[360/1120]	[L1: 0.0266]	2.3+0.0s
[400/1120]	[L1: 0.0269]	2.4+0.0s
[440/1120]	[L1: 0.0270]	2.3+0.0s
[480/1120]	[L1: 0.0269]	2.3+0.0s
[520/1120]	[L1: 0.0272]	2.3+0.0s
[560/1120]	[L1: 0.0269]	2.3+0.0s
[600/1120]	[L1: 0.0269]	2.3+0.0s
[640/1120]	[L1: 0.0272]	2.4+0.0s
[680/1120]	[L1: 0.0274]	2.3+0.0s
[720/1120]	[L1: 0.0275]	2.3+0.0s
[760/1120]	[L1: 0.0275]	2.3+0.0s
[800/1120]	[L1: 0.0274]	2.3+0.0s
[840/1120]	[L1: 0.0274]	2.4+0.0s
[880/1120]	[L1: 0.0274]	2.3+0.0s
[920/1120]	[L1: 0.0274]	2.3+0.0s
[960/1120]	[L1: 0.0275]	2.3+0.0s
[1000/1120]	[L1: 0.0275]	2.4+0.0s
[1040/1120]	[L1: 0.0274]	2.3+0.0s
[1080/1120]	[L1: 0.0273]	2.4+0.0s
[1120/1120]	[L1: 0.0271]	2.3+0.0s

Evaluation:
[RSSCN7 x3]	psnr: 29.047 (Best: 29.090 @epoch 81)
Total time: 14.93s

[Epoch 105]	Learning rate: 2.00e-4
[40/1120]	[L1: 0.0283]	2.4+0.0s
[80/1120]	[L1: 0.0285]	2.6+0.0s
[120/1120]	[L1: 0.0276]	2.7+0.0s
[160/1120]	[L1: 0.0278]	2.3+0.0s
[200/1120]	[L1: 0.0273]	2.3+0.0s
[240/1120]	[L1: 0.0284]	2.4+0.0s
[280/1120]	[L1: 0.0280]	2.3+0.0s
[320/1120]	[L1: 0.0278]	2.3+0.0s
[360/1120]	[L1: 0.0276]	2.3+0.0s
[400/1120]	[L1: 0.0277]	2.3+0.0s
[440/1120]	[L1: 0.0274]	2.4+0.0s
[480/1120]	[L1: 0.0275]	2.3+0.0s
[520/1120]	[L1: 0.0274]	2.3+0.0s
[560/1120]	[L1: 0.0273]	2.3+0.0s
[600/1120]	[L1: 0.0271]	2.4+0.0s
[640/1120]	[L1: 0.0272]	2.3+0.0s
[680/1120]	[L1: 0.0272]	2.3+0.0s
[720/1120]	[L1: 0.0271]	2.3+0.0s
[760/1120]	[L1: 0.0270]	2.3+0.0s
[800/1120]	[L1: 0.0271]	2.4+0.0s
[840/1120]	[L1: 0.0271]	2.3+0.0s
[880/1120]	[L1: 0.0271]	2.3+0.0s
[920/1120]	[L1: 0.0270]	2.3+0.0s
[960/1120]	[L1: 0.0270]	2.3+0.0s
[1000/1120]	[L1: 0.0269]	2.4+0.0s
[1040/1120]	[L1: 0.0268]	2.3+0.0s
[1080/1120]	[L1: 0.0268]	2.3+0.0s
[1120/1120]	[L1: 0.0269]	2.3+0.0s

Evaluation:
[RSSCN7 x3]	psnr: 29.042 (Best: 29.090 @epoch 81)
Total time: 14.92s

[Epoch 106]	Learning rate: 2.00e-4
[40/1120]	[L1: 0.0278]	2.4+0.0s
[80/1120]	[L1: 0.0285]	2.4+0.0s
[120/1120]	[L1: 0.0287]	2.4+0.0s
[160/1120]	[L1: 0.0283]	2.5+0.0s
[200/1120]	[L1: 0.0282]	2.4+0.0s
[240/1120]	[L1: 0.0274]	2.4+0.0s
[280/1120]	[L1: 0.0277]	2.4+0.0s
[320/1120]	[L1: 0.0272]	2.6+0.0s
[360/1120]	[L1: 0.0272]	2.5+0.0s
[400/1120]	[L1: 0.0267]	2.4+0.0s
[440/1120]	[L1: 0.0273]	2.4+0.0s
[480/1120]	[L1: 0.0274]	2.6+0.0s
[520/1120]	[L1: 0.0276]	2.4+0.0s
[560/1120]	[L1: 0.0276]	2.4+0.0s
[600/1120]	[L1: 0.0275]	2.4+0.0s
[640/1120]	[L1: 0.0273]	2.5+0.0s
[680/1120]	[L1: 0.0270]	2.5+0.0s
[720/1120]	[L1: 0.0270]	2.4+0.0s
[760/1120]	[L1: 0.0270]	2.5+0.0s
[800/1120]	[L1: 0.0273]	2.5+0.0s
[840/1120]	[L1: 0.0273]	2.4+0.0s
[880/1120]	[L1: 0.0273]	2.4+0.0s
[920/1120]	[L1: 0.0271]	2.5+0.0s
[960/1120]	[L1: 0.0273]	2.5+0.0s
[1000/1120]	[L1: 0.0273]	2.5+0.0s
[1040/1120]	[L1: 0.0274]	2.4+0.0s
[1080/1120]	[L1: 0.0273]	2.4+0.0s
[1120/1120]	[L1: 0.0273]	2.3+0.0s

Evaluation:
[RSSCN7 x3]	psnr: 29.069 (Best: 29.090 @epoch 81)
Total time: 14.90s

[Epoch 107]	Learning rate: 2.00e-4
[40/1120]	[L1: 0.0266]	2.5+0.0s
[80/1120]	[L1: 0.0269]	2.3+0.0s
[120/1120]	[L1: 0.0268]	2.3+0.0s
[160/1120]	[L1: 0.0276]	2.3+0.0s
[200/1120]	[L1: 0.0274]	2.3+0.0s
[240/1120]	[L1: 0.0277]	2.3+0.0s
[280/1120]	[L1: 0.0275]	2.3+0.0s
[320/1120]	[L1: 0.0274]	2.3+0.0s
[360/1120]	[L1: 0.0274]	2.3+0.0s
[400/1120]	[L1: 0.0279]	2.3+0.0s
[440/1120]	[L1: 0.0278]	2.3+0.0s
[480/1120]	[L1: 0.0282]	2.3+0.0s
[520/1120]	[L1: 0.0278]	2.3+0.0s
[560/1120]	[L1: 0.0277]	2.4+0.0s
[600/1120]	[L1: 0.0279]	2.3+0.0s
[640/1120]	[L1: 0.0277]	2.3+0.0s
[680/1120]	[L1: 0.0276]	2.3+0.0s
[720/1120]	[L1: 0.0275]	2.3+0.0s
[760/1120]	[L1: 0.0275]	2.3+0.0s
[800/1120]	[L1: 0.0275]	2.3+0.0s
[840/1120]	[L1: 0.0274]	2.4+0.0s
[880/1120]	[L1: 0.0273]	2.3+0.0s
[920/1120]	[L1: 0.0272]	2.3+0.0s
[960/1120]	[L1: 0.0271]	2.3+0.0s
[1000/1120]	[L1: 0.0273]	2.4+0.0s
[1040/1120]	[L1: 0.0272]	2.3+0.0s
[1080/1120]	[L1: 0.0272]	2.4+0.0s
[1120/1120]	[L1: 0.0272]	1.3+0.0s

Evaluation:
[RSSCN7 x3]	psnr: 29.035 (Best: 29.090 @epoch 81)
Total time: 15.89s

[Epoch 108]	Learning rate: 2.00e-4
[40/1120]	[L1: 0.0297]	2.5+0.0s
[80/1120]	[L1: 0.0290]	2.6+0.0s
[120/1120]	[L1: 0.0289]	2.5+0.0s
[160/1120]	[L1: 0.0285]	2.4+0.0s
[200/1120]	[L1: 0.0281]	2.3+0.0s
[240/1120]	[L1: 0.0276]	2.4+0.0s
[280/1120]	[L1: 0.0281]	2.3+0.0s
[320/1120]	[L1: 0.0277]	2.3+0.0s
[360/1120]	[L1: 0.0280]	2.3+0.0s
[400/1120]	[L1: 0.0278]	2.3+0.0s
[440/1120]	[L1: 0.0278]	2.4+0.0s
[480/1120]	[L1: 0.0276]	2.7+0.0s
[520/1120]	[L1: 0.0277]	2.6+0.0s
[560/1120]	[L1: 0.0276]	2.3+0.0s
[600/1120]	[L1: 0.0278]	2.4+0.0s
[640/1120]	[L1: 0.0276]	2.3+0.0s
[680/1120]	[L1: 0.0275]	2.6+0.0s
[720/1120]	[L1: 0.0276]	2.4+0.0s
[760/1120]	[L1: 0.0275]	2.3+0.0s
[800/1120]	[L1: 0.0275]	2.4+0.0s
[840/1120]	[L1: 0.0273]	2.3+0.0s
[880/1120]	[L1: 0.0274]	2.3+0.0s
[920/1120]	[L1: 0.0274]	2.3+0.0s
[960/1120]	[L1: 0.0273]	2.3+0.0s
[1000/1120]	[L1: 0.0272]	2.4+0.0s
[1040/1120]	[L1: 0.0272]	2.3+0.0s
[1080/1120]	[L1: 0.0272]	2.3+0.0s
[1120/1120]	[L1: 0.0271]	2.3+0.0s

Evaluation:
[RSSCN7 x3]	psnr: 29.085 (Best: 29.090 @epoch 81)
Total time: 15.03s

[Epoch 109]	Learning rate: 2.00e-4
[40/1120]	[L1: 0.0268]	2.5+0.0s
[80/1120]	[L1: 0.0278]	2.4+0.0s
[120/1120]	[L1: 0.0264]	2.3+0.0s
[160/1120]	[L1: 0.0261]	2.4+0.0s
[200/1120]	[L1: 0.0269]	2.7+0.0s
[240/1120]	[L1: 0.0272]	2.7+0.0s
[280/1120]	[L1: 0.0276]	2.3+0.0s
[320/1120]	[L1: 0.0277]	2.3+0.0s
[360/1120]	[L1: 0.0276]	2.5+0.0s
[400/1120]	[L1: 0.0280]	2.4+0.0s
[440/1120]	[L1: 0.0276]	2.4+0.0s
[480/1120]	[L1: 0.0273]	2.3+0.0s
[520/1120]	[L1: 0.0274]	2.4+0.0s
[560/1120]	[L1: 0.0276]	2.3+0.0s
[600/1120]	[L1: 0.0274]	2.6+0.0s
[640/1120]	[L1: 0.0277]	2.8+0.0s
[680/1120]	[L1: 0.0275]	2.6+0.0s
[720/1120]	[L1: 0.0275]	2.3+0.0s
[760/1120]	[L1: 0.0273]	2.4+0.0s
[800/1120]	[L1: 0.0272]	2.3+0.0s
[840/1120]	[L1: 0.0272]	2.4+0.0s
[880/1120]	[L1: 0.0271]	2.3+0.0s
[920/1120]	[L1: 0.0271]	2.4+0.0s
[960/1120]	[L1: 0.0272]	2.3+0.0s
[1000/1120]	[L1: 0.0272]	2.4+0.0s
[1040/1120]	[L1: 0.0272]	2.3+0.0s
[1080/1120]	[L1: 0.0271]	2.4+0.0s
[1120/1120]	[L1: 0.0271]	2.3+0.0s

Evaluation:
[RSSCN7 x3]	psnr: 29.092 (Best: 29.092 @epoch 109)
Total time: 14.94s

[Epoch 110]	Learning rate: 2.00e-4
[40/1120]	[L1: 0.0266]	2.6+0.0s
[80/1120]	[L1: 0.0253]	2.4+0.0s
[120/1120]	[L1: 0.0246]	2.3+0.0s
[160/1120]	[L1: 0.0247]	2.3+0.0s
[200/1120]	[L1: 0.0247]	2.3+0.0s
[240/1120]	[L1: 0.0255]	2.3+0.0s
[280/1120]	[L1: 0.0258]	2.4+0.0s
[320/1120]	[L1: 0.0259]	2.3+0.0s
[360/1120]	[L1: 0.0260]	2.3+0.0s
[400/1120]	[L1: 0.0260]	2.3+0.0s
[440/1120]	[L1: 0.0261]	2.3+0.0s
[480/1120]	[L1: 0.0261]	2.4+0.0s
[520/1120]	[L1: 0.0262]	2.3+0.0s
[560/1120]	[L1: 0.0263]	2.3+0.0s
[600/1120]	[L1: 0.0264]	2.3+0.0s
[640/1120]	[L1: 0.0263]	2.3+0.0s
[680/1120]	[L1: 0.0262]	2.3+0.0s
[720/1120]	[L1: 0.0262]	2.4+0.0s
[760/1120]	[L1: 0.0265]	2.3+0.0s
[800/1120]	[L1: 0.0265]	2.3+0.0s
[840/1120]	[L1: 0.0268]	2.3+0.0s
[880/1120]	[L1: 0.0270]	2.3+0.0s
[920/1120]	[L1: 0.0269]	2.4+0.0s
[960/1120]	[L1: 0.0269]	2.3+0.0s
[1000/1120]	[L1: 0.0269]	2.3+0.0s
[1040/1120]	[L1: 0.0269]	2.3+0.0s
[1080/1120]	[L1: 0.0268]	2.3+0.0s
[1120/1120]	[L1: 0.0269]	2.3+0.0s

Evaluation:
[RSSCN7 x3]	psnr: 29.089 (Best: 29.092 @epoch 109)
Total time: 14.96s

[Epoch 111]	Learning rate: 2.00e-4
[40/1120]	[L1: 0.0263]	2.4+0.0s
[80/1120]	[L1: 0.0277]	2.3+0.0s
[120/1120]	[L1: 0.0279]	2.3+0.0s
[160/1120]	[L1: 0.0274]	2.3+0.0s
[200/1120]	[L1: 0.0271]	2.4+0.0s
[240/1120]	[L1: 0.0271]	2.3+0.0s
[280/1120]	[L1: 0.0269]	2.3+0.0s
[320/1120]	[L1: 0.0268]	2.3+0.0s
[360/1120]	[L1: 0.0268]	2.3+0.0s
[400/1120]	[L1: 0.0265]	2.3+0.0s
[440/1120]	[L1: 0.0267]	2.5+0.0s
[480/1120]	[L1: 0.0267]	2.3+0.0s
[520/1120]	[L1: 0.0269]	2.3+0.0s
[560/1120]	[L1: 0.0265]	2.3+0.0s
[600/1120]	[L1: 0.0263]	2.3+0.0s
[640/1120]	[L1: 0.0261]	2.3+0.0s
[680/1120]	[L1: 0.0259]	2.3+0.0s
[720/1120]	[L1: 0.0259]	2.4+0.0s
[760/1120]	[L1: 0.0261]	2.3+0.0s
[800/1120]	[L1: 0.0262]	2.3+0.0s
[840/1120]	[L1: 0.0264]	2.3+0.0s
[880/1120]	[L1: 0.0264]	2.3+0.0s
[920/1120]	[L1: 0.0266]	2.3+0.0s
[960/1120]	[L1: 0.0265]	2.4+0.0s
[1000/1120]	[L1: 0.0265]	2.3+0.0s
[1040/1120]	[L1: 0.0266]	2.3+0.0s
[1080/1120]	[L1: 0.0267]	2.3+0.0s
[1120/1120]	[L1: 0.0269]	2.3+0.0s

Evaluation:
[RSSCN7 x3]	psnr: 29.083 (Best: 29.092 @epoch 109)
Total time: 15.05s

[Epoch 112]	Learning rate: 2.00e-4
[40/1120]	[L1: 0.0278]	2.4+0.0s
[80/1120]	[L1: 0.0285]	2.3+0.0s
[120/1120]	[L1: 0.0278]	2.4+0.0s
[160/1120]	[L1: 0.0271]	2.3+0.0s
[200/1120]	[L1: 0.0260]	2.5+0.0s
[240/1120]	[L1: 0.0256]	2.7+0.0s
[280/1120]	[L1: 0.0260]	2.3+0.0s
[320/1120]	[L1: 0.0267]	2.4+0.0s
[360/1120]	[L1: 0.0264]	2.3+0.0s
[400/1120]	[L1: 0.0264]	2.4+0.0s
[440/1120]	[L1: 0.0264]	2.3+0.0s
[480/1120]	[L1: 0.0268]	2.3+0.0s
[520/1120]	[L1: 0.0268]	2.4+0.0s
[560/1120]	[L1: 0.0267]	2.3+0.0s
[600/1120]	[L1: 0.0266]	2.4+0.0s
[640/1120]	[L1: 0.0267]	2.3+0.0s
[680/1120]	[L1: 0.0263]	2.3+0.0s
[720/1120]	[L1: 0.0263]	2.4+0.0s
[760/1120]	[L1: 0.0263]	2.3+0.0s
[800/1120]	[L1: 0.0266]	2.4+0.0s
[840/1120]	[L1: 0.0267]	2.3+0.0s
[880/1120]	[L1: 0.0266]	2.3+0.0s
[920/1120]	[L1: 0.0268]	2.4+0.0s
[960/1120]	[L1: 0.0268]	2.3+0.0s
[1000/1120]	[L1: 0.0269]	2.4+0.0s
[1040/1120]	[L1: 0.0268]	2.3+0.0s
[1080/1120]	[L1: 0.0269]	2.3+0.0s
[1120/1120]	[L1: 0.0270]	2.4+0.0s

Evaluation:
[RSSCN7 x3]	psnr: 29.039 (Best: 29.092 @epoch 109)
Total time: 15.02s

[Epoch 113]	Learning rate: 2.00e-4
[40/1120]	[L1: 0.0247]	2.6+0.0s
[80/1120]	[L1: 0.0275]	2.3+0.0s
[120/1120]	[L1: 0.0269]	2.3+0.0s
[160/1120]	[L1: 0.0268]	2.4+0.0s
[200/1120]	[L1: 0.0271]	2.3+0.0s
[240/1120]	[L1: 0.0268]	2.5+0.0s
[280/1120]	[L1: 0.0267]	2.7+0.0s
[320/1120]	[L1: 0.0267]	2.5+0.0s
[360/1120]	[L1: 0.0264]	2.4+0.0s
[400/1120]	[L1: 0.0266]	2.3+0.0s
[440/1120]	[L1: 0.0267]	2.4+0.0s
[480/1120]	[L1: 0.0266]	2.3+0.0s
[520/1120]	[L1: 0.0266]	2.3+0.0s
[560/1120]	[L1: 0.0269]	2.4+0.0s
[600/1120]	[L1: 0.0267]	2.3+0.0s
[640/1120]	[L1: 0.0267]	2.4+0.0s
[680/1120]	[L1: 0.0268]	2.3+0.0s
[720/1120]	[L1: 0.0265]	2.3+0.0s
[760/1120]	[L1: 0.0265]	2.5+0.0s
[800/1120]	[L1: 0.0264]	2.3+0.0s
[840/1120]	[L1: 0.0265]	2.4+0.0s
[880/1120]	[L1: 0.0265]	2.3+0.0s
[920/1120]	[L1: 0.0266]	2.3+0.0s
[960/1120]	[L1: 0.0267]	2.4+0.0s
[1000/1120]	[L1: 0.0270]	2.3+0.0s
[1040/1120]	[L1: 0.0269]	2.4+0.0s
[1080/1120]	[L1: 0.0271]	2.3+0.0s
[1120/1120]	[L1: 0.0271]	2.3+0.0s

Evaluation:
[RSSCN7 x3]	psnr: 29.099 (Best: 29.099 @epoch 113)
Total time: 14.94s

[Epoch 114]	Learning rate: 2.00e-4
[40/1120]	[L1: 0.0264]	2.5+0.0s
[80/1120]	[L1: 0.0262]	2.4+0.0s
[120/1120]	[L1: 0.0267]	2.4+0.0s
[160/1120]	[L1: 0.0264]	2.3+0.0s
[200/1120]	[L1: 0.0258]	2.3+0.0s
[240/1120]	[L1: 0.0263]	2.3+0.0s
[280/1120]	[L1: 0.0265]	2.3+0.0s
[320/1120]	[L1: 0.0268]	2.4+0.0s
[360/1120]	[L1: 0.0264]	2.3+0.0s
[400/1120]	[L1: 0.0267]	2.3+0.0s
[440/1120]	[L1: 0.0266]	2.3+0.0s
[480/1120]	[L1: 0.0265]	2.4+0.0s
[520/1120]	[L1: 0.0264]	2.3+0.0s
[560/1120]	[L1: 0.0265]	2.3+0.0s
[600/1120]	[L1: 0.0263]	2.3+0.0s
[640/1120]	[L1: 0.0265]	2.3+0.0s
[680/1120]	[L1: 0.0264]	2.4+0.0s
[720/1120]	[L1: 0.0265]	2.3+0.0s
[760/1120]	[L1: 0.0267]	2.3+0.0s
[800/1120]	[L1: 0.0268]	2.3+0.0s
[840/1120]	[L1: 0.0268]	2.5+0.0s
[880/1120]	[L1: 0.0268]	2.4+0.0s
[920/1120]	[L1: 0.0268]	2.3+0.0s
[960/1120]	[L1: 0.0270]	2.3+0.0s
[1000/1120]	[L1: 0.0271]	2.3+0.0s
[1040/1120]	[L1: 0.0272]	2.4+0.0s
[1080/1120]	[L1: 0.0271]	2.3+0.0s
[1120/1120]	[L1: 0.0270]	2.3+0.0s

Evaluation:
[RSSCN7 x3]	psnr: 29.073 (Best: 29.099 @epoch 113)
Total time: 14.94s

[Epoch 115]	Learning rate: 2.00e-4
[40/1120]	[L1: 0.0228]	2.6+0.0s
[80/1120]	[L1: 0.0248]	2.4+0.0s
[120/1120]	[L1: 0.0246]	2.5+0.0s
[160/1120]	[L1: 0.0250]	2.4+0.0s
[200/1120]	[L1: 0.0261]	2.5+0.0s
[240/1120]	[L1: 0.0263]	2.4+0.0s
[280/1120]	[L1: 0.0253]	2.3+0.0s
[320/1120]	[L1: 0.0257]	2.4+0.0s
[360/1120]	[L1: 0.0260]	2.3+0.0s
[400/1120]	[L1: 0.0261]	2.3+0.0s
[440/1120]	[L1: 0.0262]	2.4+0.0s
[480/1120]	[L1: 0.0262]	2.3+0.0s
[520/1120]	[L1: 0.0266]	2.4+0.0s
[560/1120]	[L1: 0.0264]	2.3+0.0s
[600/1120]	[L1: 0.0265]	2.3+0.0s
[640/1120]	[L1: 0.0266]	2.4+0.0s
[680/1120]	[L1: 0.0266]	2.3+0.0s
[720/1120]	[L1: 0.0269]	2.4+0.0s
[760/1120]	[L1: 0.0268]	2.3+0.0s
[800/1120]	[L1: 0.0268]	2.3+0.0s
[840/1120]	[L1: 0.0269]	2.4+0.0s
[880/1120]	[L1: 0.0270]	2.3+0.0s
[920/1120]	[L1: 0.0271]	2.4+0.0s
[960/1120]	[L1: 0.0271]	2.3+0.0s
[1000/1120]	[L1: 0.0273]	2.3+0.0s
[1040/1120]	[L1: 0.0271]	2.4+0.0s
[1080/1120]	[L1: 0.0271]	2.3+0.0s
[1120/1120]	[L1: 0.0270]	2.4+0.0s

Evaluation:
[RSSCN7 x3]	psnr: 29.137 (Best: 29.137 @epoch 115)
Total time: 14.93s

[Epoch 116]	Learning rate: 2.00e-4
[40/1120]	[L1: 0.0250]	2.4+0.0s
[80/1120]	[L1: 0.0267]	2.4+0.0s
[120/1120]	[L1: 0.0267]	2.3+0.0s
[160/1120]	[L1: 0.0279]	2.4+0.0s
[200/1120]	[L1: 0.0275]	2.3+0.0s
[240/1120]	[L1: 0.0272]	2.4+0.0s
[280/1120]	[L1: 0.0274]	2.3+0.0s
[320/1120]	[L1: 0.0275]	2.4+0.0s
[360/1120]	[L1: 0.0275]	2.3+0.0s
[400/1120]	[L1: 0.0277]	2.4+0.0s
[440/1120]	[L1: 0.0277]	2.3+0.0s
[480/1120]	[L1: 0.0278]	2.4+0.0s
[520/1120]	[L1: 0.0277]	2.3+0.0s
[560/1120]	[L1: 0.0279]	2.4+0.0s
[600/1120]	[L1: 0.0281]	2.3+0.0s
[640/1120]	[L1: 0.0279]	2.4+0.0s
[680/1120]	[L1: 0.0280]	2.3+0.0s
[720/1120]	[L1: 0.0277]	2.4+0.0s
[760/1120]	[L1: 0.0276]	2.3+0.0s
[800/1120]	[L1: 0.0275]	2.4+0.0s
[840/1120]	[L1: 0.0274]	2.3+0.0s
[880/1120]	[L1: 0.0273]	2.8+0.0s
[920/1120]	[L1: 0.0274]	2.7+0.0s
[960/1120]	[L1: 0.0274]	2.3+0.0s
[1000/1120]	[L1: 0.0274]	2.4+0.0s
[1040/1120]	[L1: 0.0273]	2.3+0.0s
[1080/1120]	[L1: 0.0274]	2.4+0.0s
[1120/1120]	[L1: 0.0274]	2.3+0.0s

Evaluation:
[RSSCN7 x3]	psnr: 29.070 (Best: 29.137 @epoch 115)
Total time: 14.92s

[Epoch 117]	Learning rate: 2.00e-4
[40/1120]	[L1: 0.0298]	2.5+0.0s
[80/1120]	[L1: 0.0286]	2.4+0.0s
[120/1120]	[L1: 0.0278]	2.3+0.0s
[160/1120]	[L1: 0.0276]	2.3+0.0s
[200/1120]	[L1: 0.0273]	2.3+0.0s
[240/1120]	[L1: 0.0275]	2.3+0.0s
[280/1120]	[L1: 0.0275]	2.4+0.0s
[320/1120]	[L1: 0.0280]	2.3+0.0s
[360/1120]	[L1: 0.0280]	2.3+0.0s
[400/1120]	[L1: 0.0276]	2.3+0.0s
[440/1120]	[L1: 0.0274]	2.3+0.0s
[480/1120]	[L1: 0.0273]	2.3+0.0s
[520/1120]	[L1: 0.0275]	2.4+0.0s
[560/1120]	[L1: 0.0274]	2.3+0.0s
[600/1120]	[L1: 0.0275]	2.3+0.0s
[640/1120]	[L1: 0.0276]	2.3+0.0s
[680/1120]	[L1: 0.0274]	2.3+0.0s
[720/1120]	[L1: 0.0272]	2.3+0.0s
[760/1120]	[L1: 0.0270]	2.4+0.0s
[800/1120]	[L1: 0.0271]	2.3+0.0s
[840/1120]	[L1: 0.0269]	2.3+0.0s
[880/1120]	[L1: 0.0269]	2.3+0.0s
[920/1120]	[L1: 0.0271]	2.3+0.0s
[960/1120]	[L1: 0.0271]	2.4+0.0s
[1000/1120]	[L1: 0.0269]	2.3+0.0s
[1040/1120]	[L1: 0.0269]	2.3+0.0s
[1080/1120]	[L1: 0.0271]	2.3+0.0s
[1120/1120]	[L1: 0.0270]	2.3+0.0s

Evaluation:
[RSSCN7 x3]	psnr: 29.067 (Best: 29.137 @epoch 115)
Total time: 15.01s

[Epoch 118]	Learning rate: 2.00e-4
[40/1120]	[L1: 0.0265]	2.5+0.0s
[80/1120]	[L1: 0.0242]	2.5+0.0s
[120/1120]	[L1: 0.0256]	2.3+0.0s
[160/1120]	[L1: 0.0263]	2.3+0.0s
[200/1120]	[L1: 0.0261]	2.3+0.0s
[240/1120]	[L1: 0.0263]	2.3+0.0s
[280/1120]	[L1: 0.0266]	2.3+0.0s
[320/1120]	[L1: 0.0268]	2.3+0.0s
[360/1120]	[L1: 0.0270]	2.3+0.0s
[400/1120]	[L1: 0.0270]	2.4+0.0s
[440/1120]	[L1: 0.0272]	2.3+0.0s
[480/1120]	[L1: 0.0268]	2.3+0.0s
[520/1120]	[L1: 0.0267]	2.3+0.0s
[560/1120]	[L1: 0.0265]	2.3+0.0s
[600/1120]	[L1: 0.0266]	2.3+0.0s
[640/1120]	[L1: 0.0266]	2.3+0.0s
[680/1120]	[L1: 0.0267]	2.3+0.0s
[720/1120]	[L1: 0.0266]	2.3+0.0s
[760/1120]	[L1: 0.0267]	2.4+0.0s
[800/1120]	[L1: 0.0266]	2.3+0.0s
[840/1120]	[L1: 0.0269]	2.4+0.0s
[880/1120]	[L1: 0.0270]	2.3+0.0s
[920/1120]	[L1: 0.0269]	2.3+0.0s
[960/1120]	[L1: 0.0269]	2.3+0.0s
[1000/1120]	[L1: 0.0270]	2.3+0.0s
[1040/1120]	[L1: 0.0269]	2.3+0.0s
[1080/1120]	[L1: 0.0270]	2.3+0.0s
[1120/1120]	[L1: 0.0271]	2.3+0.0s

Evaluation:
[RSSCN7 x3]	psnr: 28.791 (Best: 29.137 @epoch 115)
Total time: 14.93s

[Epoch 119]	Learning rate: 2.00e-4
[40/1120]	[L1: 0.0264]	2.4+0.0s
[80/1120]	[L1: 0.0283]	2.4+0.0s
[120/1120]	[L1: 0.0278]	2.5+0.0s
[160/1120]	[L1: 0.0280]	2.3+0.0s
[200/1120]	[L1: 0.0283]	2.4+0.0s
[240/1120]	[L1: 0.0280]	2.3+0.0s
[280/1120]	[L1: 0.0276]	2.3+0.0s
[320/1120]	[L1: 0.0274]	2.4+0.0s
[360/1120]	[L1: 0.0272]	2.3+0.0s
[400/1120]	[L1: 0.0269]	2.4+0.0s
[440/1120]	[L1: 0.0267]	2.3+0.0s
[480/1120]	[L1: 0.0267]	2.3+0.0s
[520/1120]	[L1: 0.0268]	2.4+0.0s
[560/1120]	[L1: 0.0268]	2.3+0.0s
[600/1120]	[L1: 0.0269]	2.4+0.0s
[640/1120]	[L1: 0.0269]	2.3+0.0s
[680/1120]	[L1: 0.0268]	2.3+0.0s
[720/1120]	[L1: 0.0270]	2.4+0.0s
[760/1120]	[L1: 0.0271]	2.3+0.0s
[800/1120]	[L1: 0.0269]	2.4+0.0s
[840/1120]	[L1: 0.0269]	2.3+0.0s
[880/1120]	[L1: 0.0269]	2.3+0.0s
[920/1120]	[L1: 0.0270]	2.4+0.0s
[960/1120]	[L1: 0.0269]	2.3+0.0s
[1000/1120]	[L1: 0.0269]	2.4+0.0s
[1040/1120]	[L1: 0.0269]	2.3+0.0s
[1080/1120]	[L1: 0.0270]	2.3+0.0s
[1120/1120]	[L1: 0.0270]	2.4+0.0s

Evaluation:
[RSSCN7 x3]	psnr: 29.052 (Best: 29.137 @epoch 115)
Total time: 14.99s

[Epoch 120]	Learning rate: 2.00e-4
[40/1120]	[L1: 0.0252]	2.6+0.0s
[80/1120]	[L1: 0.0254]	2.5+0.0s
[120/1120]	[L1: 0.0256]	2.4+0.0s
[160/1120]	[L1: 0.0257]	2.4+0.0s
[200/1120]	[L1: 0.0254]	2.3+0.0s
[240/1120]	[L1: 0.0255]	2.5+0.0s
[280/1120]	[L1: 0.0253]	2.3+0.0s
[320/1120]	[L1: 0.0256]	2.3+0.0s
[360/1120]	[L1: 0.0260]	2.4+0.0s
[400/1120]	[L1: 0.0259]	2.3+0.0s
[440/1120]	[L1: 0.0260]	2.5+0.0s
[480/1120]	[L1: 0.0260]	2.3+0.0s
[520/1120]	[L1: 0.0262]	2.4+0.0s
[560/1120]	[L1: 0.0264]	2.5+0.0s
[600/1120]	[L1: 0.0267]	2.4+0.0s
[640/1120]	[L1: 0.0266]	2.5+0.0s
[680/1120]	[L1: 0.0267]	2.5+0.0s
[720/1120]	[L1: 0.0266]	2.4+0.0s
[760/1120]	[L1: 0.0267]	2.4+0.0s
[800/1120]	[L1: 0.0268]	2.3+0.0s
[840/1120]	[L1: 0.0268]	2.4+0.0s
[880/1120]	[L1: 0.0270]	2.3+0.0s
[920/1120]	[L1: 0.0268]	2.3+0.0s
[960/1120]	[L1: 0.0267]	2.4+0.0s
[1000/1120]	[L1: 0.0268]	2.3+0.0s
[1040/1120]	[L1: 0.0271]	2.4+0.0s
[1080/1120]	[L1: 0.0270]	2.3+0.0s
[1120/1120]	[L1: 0.0271]	2.3+0.0s

Evaluation:
[RSSCN7 x3]	psnr: 29.114 (Best: 29.137 @epoch 115)
Total time: 15.00s

[Epoch 121]	Learning rate: 2.00e-4
[40/1120]	[L1: 0.0279]	2.5+0.0s
[80/1120]	[L1: 0.0271]	2.4+0.0s
[120/1120]	[L1: 0.0273]	2.3+0.0s
[160/1120]	[L1: 0.0274]	2.3+0.0s
[200/1120]	[L1: 0.0275]	2.4+0.0s
[240/1120]	[L1: 0.0277]	2.3+0.0s
[280/1120]	[L1: 0.0271]	2.3+0.0s
[320/1120]	[L1: 0.0270]	2.3+0.0s
[360/1120]	[L1: 0.0272]	2.3+0.0s
[400/1120]	[L1: 0.0271]	2.4+0.0s
[440/1120]	[L1: 0.0271]	2.3+0.0s
[480/1120]	[L1: 0.0270]	2.4+0.0s
[520/1120]	[L1: 0.0269]	2.3+0.0s
[560/1120]	[L1: 0.0271]	2.3+0.0s
[600/1120]	[L1: 0.0273]	2.3+0.0s
[640/1120]	[L1: 0.0272]	2.5+0.0s
[680/1120]	[L1: 0.0272]	2.3+0.0s
[720/1120]	[L1: 0.0273]	2.3+0.0s
[760/1120]	[L1: 0.0274]	2.3+0.0s
[800/1120]	[L1: 0.0274]	2.3+0.0s
[840/1120]	[L1: 0.0273]	2.4+0.0s
[880/1120]	[L1: 0.0270]	2.3+0.0s
[920/1120]	[L1: 0.0270]	2.3+0.0s
[960/1120]	[L1: 0.0270]	2.3+0.0s
[1000/1120]	[L1: 0.0269]	2.3+0.0s
[1040/1120]	[L1: 0.0269]	2.3+0.0s
[1080/1120]	[L1: 0.0269]	2.4+0.0s
[1120/1120]	[L1: 0.0269]	2.3+0.0s

Evaluation:
[RSSCN7 x3]	psnr: 29.089 (Best: 29.137 @epoch 115)
Total time: 14.97s

[Epoch 122]	Learning rate: 2.00e-4
[40/1120]	[L1: 0.0291]	2.5+0.0s
[80/1120]	[L1: 0.0275]	2.5+0.0s
[120/1120]	[L1: 0.0269]	2.3+0.0s
[160/1120]	[L1: 0.0265]	2.3+0.0s
[200/1120]	[L1: 0.0268]	2.4+0.0s
[240/1120]	[L1: 0.0272]	2.5+0.0s
[280/1120]	[L1: 0.0276]	2.4+0.0s
[320/1120]	[L1: 0.0270]	2.4+0.0s
[360/1120]	[L1: 0.0269]	2.4+0.0s
[400/1120]	[L1: 0.0269]	2.3+0.0s
[440/1120]	[L1: 0.0272]	2.4+0.0s
[480/1120]	[L1: 0.0274]	2.3+0.0s
[520/1120]	[L1: 0.0274]	2.3+0.0s
[560/1120]	[L1: 0.0276]	2.3+0.0s
[600/1120]	[L1: 0.0276]	2.4+0.0s
[640/1120]	[L1: 0.0275]	2.3+0.0s
[680/1120]	[L1: 0.0276]	2.3+0.0s
[720/1120]	[L1: 0.0274]	2.3+0.0s
[760/1120]	[L1: 0.0272]	2.3+0.0s
[800/1120]	[L1: 0.0273]	2.4+0.0s
[840/1120]	[L1: 0.0270]	2.6+0.0s
[880/1120]	[L1: 0.0272]	2.3+0.0s
[920/1120]	[L1: 0.0273]	2.3+0.0s
[960/1120]	[L1: 0.0272]	2.3+0.0s
[1000/1120]	[L1: 0.0272]	2.4+0.0s
[1040/1120]	[L1: 0.0272]	2.3+0.0s
[1080/1120]	[L1: 0.0271]	2.3+0.0s
[1120/1120]	[L1: 0.0270]	2.3+0.0s

Evaluation:
[RSSCN7 x3]	psnr: 29.089 (Best: 29.137 @epoch 115)
Total time: 14.92s

[Epoch 123]	Learning rate: 2.00e-4
[40/1120]	[L1: 0.0246]	2.4+0.0s
[80/1120]	[L1: 0.0261]	2.5+0.0s
[120/1120]	[L1: 0.0269]	2.3+0.0s
[160/1120]	[L1: 0.0266]	2.4+0.0s
[200/1120]	[L1: 0.0266]	2.3+0.0s
[240/1120]	[L1: 0.0269]	2.4+0.0s
[280/1120]	[L1: 0.0269]	2.3+0.0s
[320/1120]	[L1: 0.0268]	2.3+0.0s
[360/1120]	[L1: 0.0270]	2.4+0.0s
[400/1120]	[L1: 0.0268]	2.3+0.0s
[440/1120]	[L1: 0.0266]	2.4+0.0s
[480/1120]	[L1: 0.0267]	2.3+0.0s
[520/1120]	[L1: 0.0267]	2.4+0.0s
[560/1120]	[L1: 0.0270]	2.3+0.0s
[600/1120]	[L1: 0.0271]	2.4+0.0s
[640/1120]	[L1: 0.0272]	2.3+0.0s
[680/1120]	[L1: 0.0271]	2.4+0.0s
[720/1120]	[L1: 0.0270]	2.3+0.0s
[760/1120]	[L1: 0.0269]	2.4+0.0s
[800/1120]	[L1: 0.0270]	2.3+0.0s
[840/1120]	[L1: 0.0270]	2.4+0.0s
[880/1120]	[L1: 0.0270]	2.3+0.0s
[920/1120]	[L1: 0.0271]	2.5+0.0s
[960/1120]	[L1: 0.0272]	2.5+0.0s
[1000/1120]	[L1: 0.0272]	2.5+0.0s
[1040/1120]	[L1: 0.0273]	2.3+0.0s
[1080/1120]	[L1: 0.0271]	2.4+0.0s
[1120/1120]	[L1: 0.0271]	2.3+0.0s

Evaluation:
[RSSCN7 x3]	psnr: 29.095 (Best: 29.137 @epoch 115)
Total time: 14.95s

[Epoch 124]	Learning rate: 2.00e-4
[40/1120]	[L1: 0.0267]	3.0+0.0s
[80/1120]	[L1: 0.0263]	2.9+0.0s
[120/1120]	[L1: 0.0260]	2.5+0.0s
[160/1120]	[L1: 0.0263]	2.5+0.0s
[200/1120]	[L1: 0.0264]	2.6+0.0s
[240/1120]	[L1: 0.0265]	2.4+0.0s
[280/1120]	[L1: 0.0261]	2.3+0.0s
[320/1120]	[L1: 0.0265]	2.4+0.0s
[360/1120]	[L1: 0.0270]	2.6+0.0s
[400/1120]	[L1: 0.0268]	2.4+0.0s
[440/1120]	[L1: 0.0270]	2.5+0.0s
[480/1120]	[L1: 0.0267]	2.4+0.0s
[520/1120]	[L1: 0.0267]	2.6+0.0s
[560/1120]	[L1: 0.0269]	2.5+0.0s
[600/1120]	[L1: 0.0269]	2.5+0.0s
[640/1120]	[L1: 0.0271]	2.5+0.0s
[680/1120]	[L1: 0.0272]	2.6+0.0s
[720/1120]	[L1: 0.0272]	2.4+0.0s
[760/1120]	[L1: 0.0273]	2.5+0.0s
[800/1120]	[L1: 0.0274]	2.5+0.0s
[840/1120]	[L1: 0.0273]	2.5+0.0s
[880/1120]	[L1: 0.0271]	2.5+0.0s
[920/1120]	[L1: 0.0269]	2.4+0.0s
[960/1120]	[L1: 0.0268]	2.5+0.0s
[1000/1120]	[L1: 0.0269]	2.4+0.0s
[1040/1120]	[L1: 0.0268]	2.4+0.0s
[1080/1120]	[L1: 0.0269]	2.4+0.0s
[1120/1120]	[L1: 0.0270]	2.5+0.0s

Evaluation:
[RSSCN7 x3]	psnr: 29.059 (Best: 29.137 @epoch 115)
Total time: 15.01s

[Epoch 125]	Learning rate: 2.00e-4
[40/1120]	[L1: 0.0284]	2.5+0.1s
[80/1120]	[L1: 0.0304]	2.6+0.0s
[120/1120]	[L1: 0.0288]	2.4+0.0s
[160/1120]	[L1: 0.0284]	2.7+0.0s
[200/1120]	[L1: 0.0277]	3.0+0.0s
[240/1120]	[L1: 0.0278]	2.9+0.0s
[280/1120]	[L1: 0.0278]	2.5+0.0s
[320/1120]	[L1: 0.0277]	2.3+0.0s
[360/1120]	[L1: 0.0276]	2.5+0.0s
[400/1120]	[L1: 0.0275]	2.4+0.0s
[440/1120]	[L1: 0.0276]	2.3+0.0s
[480/1120]	[L1: 0.0276]	2.5+0.0s
[520/1120]	[L1: 0.0274]	2.4+0.0s
[560/1120]	[L1: 0.0273]	2.5+0.0s
[600/1120]	[L1: 0.0273]	2.4+0.0s
[640/1120]	[L1: 0.0271]	2.4+0.0s
[680/1120]	[L1: 0.0271]	2.5+0.0s
[720/1120]	[L1: 0.0271]	2.4+0.0s
[760/1120]	[L1: 0.0271]	2.5+0.0s
[800/1120]	[L1: 0.0270]	2.3+0.0s
[840/1120]	[L1: 0.0268]	2.3+0.0s
[880/1120]	[L1: 0.0268]	2.4+0.0s
[920/1120]	[L1: 0.0268]	2.3+0.0s
[960/1120]	[L1: 0.0271]	2.4+0.0s
[1000/1120]	[L1: 0.0273]	2.3+0.0s
[1040/1120]	[L1: 0.0273]	2.3+0.0s
[1080/1120]	[L1: 0.0272]	2.4+0.0s
[1120/1120]	[L1: 0.0272]	2.3+0.0s

Evaluation:
[RSSCN7 x3]	psnr: 29.142 (Best: 29.142 @epoch 125)
Total time: 14.97s

[Epoch 126]	Learning rate: 2.00e-4
[40/1120]	[L1: 0.0247]	2.5+0.0s
[80/1120]	[L1: 0.0257]	2.4+0.0s
[120/1120]	[L1: 0.0270]	2.4+0.0s
[160/1120]	[L1: 0.0268]	2.3+0.0s
[200/1120]	[L1: 0.0272]	2.3+0.0s
[240/1120]	[L1: 0.0269]	2.3+0.0s
[280/1120]	[L1: 0.0270]	2.3+0.0s
[320/1120]	[L1: 0.0268]	2.3+0.0s
[360/1120]	[L1: 0.0272]	2.3+0.0s
[400/1120]	[L1: 0.0274]	2.3+0.0s
[440/1120]	[L1: 0.0276]	2.4+0.0s
[480/1120]	[L1: 0.0274]	2.3+0.0s
[520/1120]	[L1: 0.0271]	2.3+0.0s
[560/1120]	[L1: 0.0269]	2.3+0.0s
[600/1120]	[L1: 0.0270]	2.3+0.0s
[640/1120]	[L1: 0.0271]	2.4+0.0s
[680/1120]	[L1: 0.0272]	2.3+0.0s
[720/1120]	[L1: 0.0272]	2.4+0.0s
[760/1120]	[L1: 0.0272]	2.4+0.0s
[800/1120]	[L1: 0.0271]	2.4+0.0s
[840/1120]	[L1: 0.0272]	2.4+0.0s
[880/1120]	[L1: 0.0272]	2.5+0.0s
[920/1120]	[L1: 0.0272]	2.4+0.0s
[960/1120]	[L1: 0.0272]	2.4+0.0s
[1000/1120]	[L1: 0.0271]	2.4+0.0s
[1040/1120]	[L1: 0.0270]	2.3+0.0s
[1080/1120]	[L1: 0.0270]	2.4+0.0s
[1120/1120]	[L1: 0.0271]	2.3+0.0s

Evaluation:
[RSSCN7 x3]	psnr: 29.093 (Best: 29.142 @epoch 125)
Total time: 15.02s

[Epoch 127]	Learning rate: 2.00e-4
[40/1120]	[L1: 0.0254]	2.5+0.0s
[80/1120]	[L1: 0.0263]	2.4+0.0s
[120/1120]	[L1: 0.0257]	2.5+0.0s
[160/1120]	[L1: 0.0256]	2.3+0.0s
[200/1120]	[L1: 0.0264]	2.5+0.0s
[240/1120]	[L1: 0.0267]	2.6+0.0s
[280/1120]	[L1: 0.0265]	2.5+0.0s
[320/1120]	[L1: 0.0267]	2.6+0.0s
[360/1120]	[L1: 0.0267]	2.5+0.0s
[400/1120]	[L1: 0.0267]	2.5+0.0s
[440/1120]	[L1: 0.0268]	2.5+0.0s
[480/1120]	[L1: 0.0268]	2.4+0.0s
[520/1120]	[L1: 0.0267]	2.4+0.0s
[560/1120]	[L1: 0.0267]	2.3+0.0s
[600/1120]	[L1: 0.0270]	2.3+0.0s
[640/1120]	[L1: 0.0270]	2.4+0.0s
[680/1120]	[L1: 0.0270]	2.3+0.0s
[720/1120]	[L1: 0.0269]	2.4+0.0s
[760/1120]	[L1: 0.0270]	2.3+0.0s
[800/1120]	[L1: 0.0271]	2.3+0.0s
[840/1120]	[L1: 0.0271]	2.5+0.0s
[880/1120]	[L1: 0.0271]	2.3+0.0s
[920/1120]	[L1: 0.0271]	2.5+0.0s
[960/1120]	[L1: 0.0270]	2.3+0.0s
[1000/1120]	[L1: 0.0270]	2.4+0.0s
[1040/1120]	[L1: 0.0269]	2.5+0.0s
[1080/1120]	[L1: 0.0269]	2.4+0.0s
[1120/1120]	[L1: 0.0269]	2.4+0.0s

Evaluation:
[RSSCN7 x3]	psnr: 29.076 (Best: 29.142 @epoch 125)
Total time: 14.97s

[Epoch 128]	Learning rate: 2.00e-4
[40/1120]	[L1: 0.0268]	2.5+0.0s
[80/1120]	[L1: 0.0267]	2.5+0.0s
[120/1120]	[L1: 0.0265]	2.5+0.0s
[160/1120]	[L1: 0.0267]	2.6+0.0s
[200/1120]	[L1: 0.0266]	2.5+0.0s
[240/1120]	[L1: 0.0267]	2.5+0.0s
[280/1120]	[L1: 0.0264]	3.0+0.0s
[320/1120]	[L1: 0.0265]	2.8+0.0s
[360/1120]	[L1: 0.0262]	3.1+0.0s
[400/1120]	[L1: 0.0262]	3.0+0.0s
[440/1120]	[L1: 0.0264]	2.5+0.0s
[480/1120]	[L1: 0.0264]	2.6+0.0s
[520/1120]	[L1: 0.0263]	2.4+0.0s
[560/1120]	[L1: 0.0263]	2.6+0.0s
[600/1120]	[L1: 0.0264]	2.5+0.0s
[640/1120]	[L1: 0.0263]	2.5+0.0s
[680/1120]	[L1: 0.0263]	2.6+0.0s
[720/1120]	[L1: 0.0263]	2.5+0.0s
[760/1120]	[L1: 0.0264]	2.6+0.0s
[800/1120]	[L1: 0.0265]	2.5+0.0s
[840/1120]	[L1: 0.0269]	2.4+0.0s
[880/1120]	[L1: 0.0270]	2.5+0.0s
[920/1120]	[L1: 0.0270]	2.3+0.0s
[960/1120]	[L1: 0.0270]	2.5+0.0s
[1000/1120]	[L1: 0.0269]	2.4+0.0s
[1040/1120]	[L1: 0.0271]	2.4+0.0s
[1080/1120]	[L1: 0.0270]	2.4+0.0s
[1120/1120]	[L1: 0.0269]	2.3+0.0s

Evaluation:
[RSSCN7 x3]	psnr: 29.080 (Best: 29.142 @epoch 125)
Total time: 14.90s

[Epoch 129]	Learning rate: 2.00e-4
[40/1120]	[L1: 0.0274]	2.5+0.0s
[80/1120]	[L1: 0.0273]	2.3+0.0s
[120/1120]	[L1: 0.0265]	2.4+0.0s
[160/1120]	[L1: 0.0255]	2.3+0.0s
[200/1120]	[L1: 0.0261]	2.3+0.0s
[240/1120]	[L1: 0.0262]	2.3+0.0s
[280/1120]	[L1: 0.0267]	2.3+0.0s
[320/1120]	[L1: 0.0268]	2.3+0.0s
[360/1120]	[L1: 0.0270]	2.3+0.0s
[400/1120]	[L1: 0.0271]	2.3+0.0s
[440/1120]	[L1: 0.0274]	2.3+0.0s
[480/1120]	[L1: 0.0271]	2.3+0.0s
[520/1120]	[L1: 0.0274]	2.3+0.0s
[560/1120]	[L1: 0.0272]	2.3+0.0s
[600/1120]	[L1: 0.0270]	2.4+0.0s
[640/1120]	[L1: 0.0270]	2.3+0.0s
[680/1120]	[L1: 0.0267]	2.3+0.0s
[720/1120]	[L1: 0.0267]	2.3+0.0s
[760/1120]	[L1: 0.0267]	2.3+0.0s
[800/1120]	[L1: 0.0267]	2.3+0.0s
[840/1120]	[L1: 0.0267]	2.3+0.0s
[880/1120]	[L1: 0.0267]	2.3+0.0s
[920/1120]	[L1: 0.0267]	2.4+0.0s
[960/1120]	[L1: 0.0267]	2.3+0.0s
[1000/1120]	[L1: 0.0267]	2.3+0.0s
[1040/1120]	[L1: 0.0269]	2.3+0.0s
[1080/1120]	[L1: 0.0268]	2.3+0.0s
[1120/1120]	[L1: 0.0270]	2.3+0.0s

Evaluation:
[RSSCN7 x3]	psnr: 29.138 (Best: 29.142 @epoch 125)
Total time: 14.94s

[Epoch 130]	Learning rate: 2.00e-4
[40/1120]	[L1: 0.0238]	2.5+0.0s
[80/1120]	[L1: 0.0247]	2.4+0.0s
[120/1120]	[L1: 0.0252]	2.3+0.0s
[160/1120]	[L1: 0.0260]	2.3+0.0s
[200/1120]	[L1: 0.0262]	2.3+0.0s
[240/1120]	[L1: 0.0264]	2.3+0.0s
[280/1120]	[L1: 0.0267]	2.4+0.0s
[320/1120]	[L1: 0.0265]	2.3+0.0s
[360/1120]	[L1: 0.0264]	2.3+0.0s
[400/1120]	[L1: 0.0264]	2.3+0.0s
[440/1120]	[L1: 0.0266]	2.3+0.0s
[480/1120]	[L1: 0.0263]	2.3+0.0s
[520/1120]	[L1: 0.0262]	2.3+0.0s
[560/1120]	[L1: 0.0264]	2.3+0.0s
[600/1120]	[L1: 0.0265]	2.4+0.0s
[640/1120]	[L1: 0.0265]	2.3+0.0s
[680/1120]	[L1: 0.0265]	2.3+0.0s
[720/1120]	[L1: 0.0264]	2.4+0.0s
[760/1120]	[L1: 0.0264]	2.3+0.0s
[800/1120]	[L1: 0.0264]	2.4+0.0s
[840/1120]	[L1: 0.0265]	2.8+0.0s
[880/1120]	[L1: 0.0266]	2.7+0.0s
[920/1120]	[L1: 0.0266]	2.3+0.0s
[960/1120]	[L1: 0.0266]	2.3+0.0s
[1000/1120]	[L1: 0.0266]	2.3+0.0s
[1040/1120]	[L1: 0.0268]	2.3+0.0s
[1080/1120]	[L1: 0.0267]	2.3+0.0s
[1120/1120]	[L1: 0.0268]	2.3+0.0s

Evaluation:
[RSSCN7 x3]	psnr: 29.140 (Best: 29.142 @epoch 125)
Total time: 14.90s

[Epoch 131]	Learning rate: 2.00e-4
[40/1120]	[L1: 0.0258]	2.5+0.0s
[80/1120]	[L1: 0.0272]	2.3+0.0s
[120/1120]	[L1: 0.0263]	2.3+0.0s
[160/1120]	[L1: 0.0262]	2.5+0.0s
[200/1120]	[L1: 0.0268]	2.3+0.0s
[240/1120]	[L1: 0.0267]	2.3+0.0s
[280/1120]	[L1: 0.0261]	2.3+0.0s
[320/1120]	[L1: 0.0263]	2.4+0.0s
[360/1120]	[L1: 0.0266]	2.3+0.0s
[400/1120]	[L1: 0.0261]	2.3+0.0s
[440/1120]	[L1: 0.0264]	2.3+0.0s
[480/1120]	[L1: 0.0265]	2.3+0.0s
[520/1120]	[L1: 0.0266]	2.4+0.0s
[560/1120]	[L1: 0.0267]	2.3+0.0s
[600/1120]	[L1: 0.0268]	2.3+0.0s
[640/1120]	[L1: 0.0270]	2.4+0.0s
[680/1120]	[L1: 0.0270]	2.4+0.0s
[720/1120]	[L1: 0.0270]	2.3+0.0s
[760/1120]	[L1: 0.0271]	2.4+0.0s
[800/1120]	[L1: 0.0270]	2.7+0.0s
[840/1120]	[L1: 0.0267]	2.6+0.0s
[880/1120]	[L1: 0.0266]	2.5+0.0s
[920/1120]	[L1: 0.0268]	2.3+0.0s
[960/1120]	[L1: 0.0267]	2.3+0.0s
[1000/1120]	[L1: 0.0268]	2.3+0.0s
[1040/1120]	[L1: 0.0269]	2.3+0.0s
[1080/1120]	[L1: 0.0269]	2.4+0.0s
[1120/1120]	[L1: 0.0268]	2.3+0.0s

Evaluation:
[RSSCN7 x3]	psnr: 28.997 (Best: 29.142 @epoch 125)
Total time: 14.89s

[Epoch 132]	Learning rate: 2.00e-4
[40/1120]	[L1: 0.0247]	2.5+0.0s
[80/1120]	[L1: 0.0245]	2.4+0.0s
[120/1120]	[L1: 0.0254]	2.4+0.0s
[160/1120]	[L1: 0.0266]	2.3+0.0s
[200/1120]	[L1: 0.0272]	2.3+0.0s
[240/1120]	[L1: 0.0272]	2.5+0.0s
[280/1120]	[L1: 0.0273]	2.4+0.0s
[320/1120]	[L1: 0.0271]	2.6+0.0s
[360/1120]	[L1: 0.0269]	2.5+0.0s
[400/1120]	[L1: 0.0266]	2.3+0.0s
[440/1120]	[L1: 0.0267]	2.4+0.0s
[480/1120]	[L1: 0.0267]	2.3+0.0s
[520/1120]	[L1: 0.0268]	2.4+0.0s
[560/1120]	[L1: 0.0267]	2.3+0.0s
[600/1120]	[L1: 0.0267]	2.3+0.0s
[640/1120]	[L1: 0.0266]	2.4+0.0s
[680/1120]	[L1: 0.0266]	2.3+0.0s
[720/1120]	[L1: 0.0264]	2.4+0.0s
[760/1120]	[L1: 0.0265]	2.3+0.0s
[800/1120]	[L1: 0.0264]	2.3+0.0s
[840/1120]	[L1: 0.0265]	2.4+0.0s
[880/1120]	[L1: 0.0266]	2.3+0.0s
[920/1120]	[L1: 0.0265]	2.4+0.0s
[960/1120]	[L1: 0.0266]	2.3+0.0s
[1000/1120]	[L1: 0.0268]	2.3+0.0s
[1040/1120]	[L1: 0.0268]	2.4+0.0s
[1080/1120]	[L1: 0.0268]	2.3+0.0s
[1120/1120]	[L1: 0.0269]	2.4+0.0s

Evaluation:
[RSSCN7 x3]	psnr: 29.060 (Best: 29.142 @epoch 125)
Total time: 14.94s

[Epoch 133]	Learning rate: 2.00e-4
[40/1120]	[L1: 0.0293]	2.5+0.0s
[80/1120]	[L1: 0.0282]	2.4+0.0s
[120/1120]	[L1: 0.0271]	2.6+0.0s
[160/1120]	[L1: 0.0266]	2.4+0.0s
[200/1120]	[L1: 0.0262]	2.5+0.0s
[240/1120]	[L1: 0.0263]	2.5+0.0s
[280/1120]	[L1: 0.0268]	2.5+0.0s
[320/1120]	[L1: 0.0270]	2.6+0.0s
[360/1120]	[L1: 0.0268]	2.4+0.0s
[400/1120]	[L1: 0.0267]	2.4+0.0s
[440/1120]	[L1: 0.0268]	2.4+0.0s
[480/1120]	[L1: 0.0266]	2.5+0.0s
[520/1120]	[L1: 0.0266]	2.4+0.0s
[560/1120]	[L1: 0.0267]	2.4+0.0s
[600/1120]	[L1: 0.0265]	2.4+0.0s
[640/1120]	[L1: 0.0265]	2.4+0.0s
[680/1120]	[L1: 0.0267]	2.5+0.0s
[720/1120]	[L1: 0.0269]	2.4+0.0s
[760/1120]	[L1: 0.0268]	2.4+0.0s
[800/1120]	[L1: 0.0267]	2.4+0.0s
[840/1120]	[L1: 0.0267]	2.4+0.0s
[880/1120]	[L1: 0.0266]	2.5+0.0s
[920/1120]	[L1: 0.0265]	2.4+0.0s
[960/1120]	[L1: 0.0266]	2.4+0.0s
[1000/1120]	[L1: 0.0267]	2.6+0.0s
[1040/1120]	[L1: 0.0266]	2.9+0.0s
[1080/1120]	[L1: 0.0267]	2.7+0.0s
[1120/1120]	[L1: 0.0267]	2.8+0.0s

Evaluation:
[RSSCN7 x3]	psnr: 29.057 (Best: 29.142 @epoch 125)
Total time: 14.92s

[Epoch 134]	Learning rate: 2.00e-4
[40/1120]	[L1: 0.0253]	2.6+0.0s
[80/1120]	[L1: 0.0262]	2.4+0.0s
[120/1120]	[L1: 0.0273]	2.4+0.0s
[160/1120]	[L1: 0.0263]	2.3+0.0s
[200/1120]	[L1: 0.0270]	2.3+0.0s
[240/1120]	[L1: 0.0266]	2.4+0.0s
[280/1120]	[L1: 0.0268]	2.3+0.0s
[320/1120]	[L1: 0.0271]	2.4+0.0s
[360/1120]	[L1: 0.0274]	2.3+0.0s
[400/1120]	[L1: 0.0271]	2.3+0.0s
[440/1120]	[L1: 0.0270]	2.5+0.0s
[480/1120]	[L1: 0.0270]	2.3+0.0s
[520/1120]	[L1: 0.0272]	2.4+0.0s
[560/1120]	[L1: 0.0274]	2.3+0.0s
[600/1120]	[L1: 0.0276]	2.3+0.0s
[640/1120]	[L1: 0.0274]	2.4+0.0s
[680/1120]	[L1: 0.0275]	2.3+0.0s
[720/1120]	[L1: 0.0276]	2.4+0.0s
[760/1120]	[L1: 0.0276]	2.3+0.0s
[800/1120]	[L1: 0.0274]	2.3+0.0s
[840/1120]	[L1: 0.0273]	2.4+0.0s
[880/1120]	[L1: 0.0275]	2.3+0.0s
[920/1120]	[L1: 0.0274]	2.4+0.0s
[960/1120]	[L1: 0.0274]	2.3+0.0s
[1000/1120]	[L1: 0.0275]	2.3+0.0s
[1040/1120]	[L1: 0.0275]	2.4+0.0s
[1080/1120]	[L1: 0.0273]	2.3+0.0s
[1120/1120]	[L1: 0.0273]	2.4+0.0s

Evaluation:
[RSSCN7 x3]	psnr: 29.064 (Best: 29.142 @epoch 125)
Total time: 14.95s

[Epoch 135]	Learning rate: 2.00e-4
[40/1120]	[L1: 0.0257]	2.5+0.0s
[80/1120]	[L1: 0.0296]	2.6+0.0s
[120/1120]	[L1: 0.0289]	2.4+0.0s
[160/1120]	[L1: 0.0279]	2.4+0.0s
[200/1120]	[L1: 0.0273]	2.4+0.0s
[240/1120]	[L1: 0.0273]	2.5+0.0s
[280/1120]	[L1: 0.0271]	2.4+0.0s
[320/1120]	[L1: 0.0277]	2.4+0.0s
[360/1120]	[L1: 0.0272]	2.5+0.0s
[400/1120]	[L1: 0.0270]	2.3+0.0s
[440/1120]	[L1: 0.0270]	2.3+0.0s
[480/1120]	[L1: 0.0269]	2.3+0.0s
[520/1120]	[L1: 0.0268]	2.5+0.0s
[560/1120]	[L1: 0.0269]	2.4+0.0s
[600/1120]	[L1: 0.0268]	2.4+0.0s
[640/1120]	[L1: 0.0268]	2.3+0.0s
[680/1120]	[L1: 0.0268]	2.5+0.0s
[720/1120]	[L1: 0.0267]	2.4+0.0s
[760/1120]	[L1: 0.0269]	2.4+0.0s
[800/1120]	[L1: 0.0270]	2.5+0.0s
[840/1120]	[L1: 0.0269]	2.3+0.0s
[880/1120]	[L1: 0.0269]	2.4+0.0s
[920/1120]	[L1: 0.0270]	2.3+0.0s
[960/1120]	[L1: 0.0268]	2.5+0.0s
[1000/1120]	[L1: 0.0270]	2.3+0.0s
[1040/1120]	[L1: 0.0270]	2.3+0.0s
[1080/1120]	[L1: 0.0269]	2.4+0.0s
[1120/1120]	[L1: 0.0269]	2.3+0.0s

Evaluation:
[RSSCN7 x3]	psnr: 29.045 (Best: 29.142 @epoch 125)
Total time: 14.89s

[Epoch 136]	Learning rate: 2.00e-4
[40/1120]	[L1: 0.0285]	2.6+0.0s
[80/1120]	[L1: 0.0285]	2.4+0.0s
[120/1120]	[L1: 0.0282]	2.3+0.0s
[160/1120]	[L1: 0.0277]	2.4+0.0s
[200/1120]	[L1: 0.0281]	2.4+0.0s
[240/1120]	[L1: 0.0278]	2.3+0.0s
[280/1120]	[L1: 0.0279]	2.5+0.0s
[320/1120]	[L1: 0.0275]	2.3+0.0s
[360/1120]	[L1: 0.0272]	2.3+0.0s
[400/1120]	[L1: 0.0271]	2.4+0.0s
[440/1120]	[L1: 0.0272]	2.3+0.0s
[480/1120]	[L1: 0.0272]	2.3+0.0s
[520/1120]	[L1: 0.0269]	2.4+0.0s
[560/1120]	[L1: 0.0267]	2.5+0.0s
[600/1120]	[L1: 0.0268]	2.5+0.0s
[640/1120]	[L1: 0.0269]	2.5+0.0s
[680/1120]	[L1: 0.0268]	2.4+0.0s
[720/1120]	[L1: 0.0269]	2.3+0.0s
[760/1120]	[L1: 0.0269]	2.5+0.0s
[800/1120]	[L1: 0.0271]	2.3+0.0s
[840/1120]	[L1: 0.0273]	2.3+0.0s
[880/1120]	[L1: 0.0272]	2.6+0.0s
[920/1120]	[L1: 0.0273]	2.5+0.0s
[960/1120]	[L1: 0.0271]	2.6+0.0s
[1000/1120]	[L1: 0.0271]	2.5+0.0s
[1040/1120]	[L1: 0.0271]	2.4+0.0s
[1080/1120]	[L1: 0.0270]	2.5+0.0s
[1120/1120]	[L1: 0.0270]	2.3+0.0s

Evaluation:
[RSSCN7 x3]	psnr: 29.133 (Best: 29.142 @epoch 125)
Total time: 14.90s

[Epoch 137]	Learning rate: 2.00e-4
[40/1120]	[L1: 0.0255]	2.6+0.0s
[80/1120]	[L1: 0.0257]	2.4+0.0s
[120/1120]	[L1: 0.0246]	2.5+0.0s
[160/1120]	[L1: 0.0243]	2.4+0.0s
[200/1120]	[L1: 0.0245]	2.3+0.0s
[240/1120]	[L1: 0.0246]	2.4+0.0s
[280/1120]	[L1: 0.0251]	2.6+0.0s
[320/1120]	[L1: 0.0252]	2.9+0.0s
[360/1120]	[L1: 0.0253]	2.7+0.0s
[400/1120]	[L1: 0.0257]	2.3+0.0s
[440/1120]	[L1: 0.0261]	2.5+0.0s
[480/1120]	[L1: 0.0264]	2.5+0.0s
[520/1120]	[L1: 0.0265]	2.5+0.0s
[560/1120]	[L1: 0.0263]	2.4+0.0s
[600/1120]	[L1: 0.0265]	2.3+0.0s
[640/1120]	[L1: 0.0265]	2.4+0.0s
[680/1120]	[L1: 0.0267]	2.4+0.0s
[720/1120]	[L1: 0.0266]	2.5+0.0s
[760/1120]	[L1: 0.0266]	2.3+0.0s
[800/1120]	[L1: 0.0265]	2.3+0.0s
[840/1120]	[L1: 0.0265]	2.4+0.0s
[880/1120]	[L1: 0.0266]	2.3+0.0s
[920/1120]	[L1: 0.0264]	2.4+0.0s
[960/1120]	[L1: 0.0266]	2.4+0.0s
[1000/1120]	[L1: 0.0267]	2.8+0.0s
[1040/1120]	[L1: 0.0268]	2.8+0.0s
[1080/1120]	[L1: 0.0269]	2.3+0.0s
[1120/1120]	[L1: 0.0269]	2.4+0.0s

Evaluation:
[RSSCN7 x3]	psnr: 28.824 (Best: 29.142 @epoch 125)
Total time: 14.94s

[Epoch 138]	Learning rate: 2.00e-4
[40/1120]	[L1: 0.0263]	2.5+0.0s
[80/1120]	[L1: 0.0288]	2.5+0.0s
[120/1120]	[L1: 0.0276]	2.3+0.0s
[160/1120]	[L1: 0.0272]	2.3+0.0s
[200/1120]	[L1: 0.0268]	2.3+0.0s
[240/1120]	[L1: 0.0262]	2.4+0.0s
[280/1120]	[L1: 0.0261]	2.3+0.0s
[320/1120]	[L1: 0.0259]	2.3+0.0s
[360/1120]	[L1: 0.0259]	2.4+0.0s
[400/1120]	[L1: 0.0257]	2.5+0.0s
[440/1120]	[L1: 0.0254]	2.4+0.0s
[480/1120]	[L1: 0.0253]	2.4+0.0s
[520/1120]	[L1: 0.0255]	2.6+0.0s
[560/1120]	[L1: 0.0258]	2.5+0.0s
[600/1120]	[L1: 0.0258]	2.5+0.0s
[640/1120]	[L1: 0.0259]	2.5+0.0s
[680/1120]	[L1: 0.0261]	2.6+0.0s
[720/1120]	[L1: 0.0264]	2.4+0.0s
[760/1120]	[L1: 0.0263]	2.8+0.0s
[800/1120]	[L1: 0.0264]	2.9+0.0s
[840/1120]	[L1: 0.0264]	2.8+0.0s
[880/1120]	[L1: 0.0265]	2.8+0.0s
[920/1120]	[L1: 0.0265]	2.9+0.0s
[960/1120]	[L1: 0.0267]	2.6+0.0s
[1000/1120]	[L1: 0.0267]	2.4+0.0s
[1040/1120]	[L1: 0.0268]	2.4+0.0s
[1080/1120]	[L1: 0.0268]	2.3+0.0s
[1120/1120]	[L1: 0.0269]	2.5+0.0s

Evaluation:
[RSSCN7 x3]	psnr: 29.143 (Best: 29.143 @epoch 138)
Total time: 15.01s

[Epoch 139]	Learning rate: 2.00e-4
[40/1120]	[L1: 0.0246]	3.0+0.0s
[80/1120]	[L1: 0.0255]	2.4+0.0s
[120/1120]	[L1: 0.0274]	2.4+0.0s
[160/1120]	[L1: 0.0265]	2.3+0.0s
[200/1120]	[L1: 0.0272]	2.9+0.0s
[240/1120]	[L1: 0.0269]	2.8+0.0s
[280/1120]	[L1: 0.0269]	3.0+0.0s
[320/1120]	[L1: 0.0266]	2.7+0.0s
[360/1120]	[L1: 0.0269]	2.9+0.0s
[400/1120]	[L1: 0.0268]	2.7+0.0s
[440/1120]	[L1: 0.0267]	2.9+0.0s
[480/1120]	[L1: 0.0264]	2.9+0.0s
[520/1120]	[L1: 0.0263]	2.3+0.0s
[560/1120]	[L1: 0.0264]	2.4+0.0s
[600/1120]	[L1: 0.0265]	2.3+0.0s
[640/1120]	[L1: 0.0266]	2.4+0.0s
[680/1120]	[L1: 0.0267]	2.3+0.0s
[720/1120]	[L1: 0.0269]	2.8+0.0s
[760/1120]	[L1: 0.0270]	2.4+0.0s
[800/1120]	[L1: 0.0269]	2.4+0.0s
[840/1120]	[L1: 0.0269]	2.5+0.0s
[880/1120]	[L1: 0.0267]	3.2+0.0s
[920/1120]	[L1: 0.0268]	3.0+0.0s
[960/1120]	[L1: 0.0269]	3.0+0.0s
[1000/1120]	[L1: 0.0269]	2.7+0.0s
[1040/1120]	[L1: 0.0268]	2.5+0.0s
[1080/1120]	[L1: 0.0268]	2.4+0.0s
[1120/1120]	[L1: 0.0267]	2.8+0.0s

Evaluation:
[RSSCN7 x3]	psnr: 29.095 (Best: 29.143 @epoch 138)
Total time: 14.95s

[Epoch 140]	Learning rate: 2.00e-4
[40/1120]	[L1: 0.0283]	2.5+0.0s
[80/1120]	[L1: 0.0270]	2.5+0.0s
[120/1120]	[L1: 0.0265]	2.4+0.0s
[160/1120]	[L1: 0.0264]	2.4+0.0s
[200/1120]	[L1: 0.0278]	2.4+0.0s
[240/1120]	[L1: 0.0270]	2.5+0.0s
[280/1120]	[L1: 0.0268]	2.4+0.0s
[320/1120]	[L1: 0.0268]	2.4+0.0s
[360/1120]	[L1: 0.0267]	2.4+0.0s
[400/1120]	[L1: 0.0269]	2.5+0.0s
[440/1120]	[L1: 0.0274]	2.3+0.0s
[480/1120]	[L1: 0.0270]	2.3+0.0s
[520/1120]	[L1: 0.0272]	2.4+0.0s
[560/1120]	[L1: 0.0271]	2.4+0.0s
[600/1120]	[L1: 0.0269]	2.9+0.0s
[640/1120]	[L1: 0.0268]	2.9+0.0s
[680/1120]	[L1: 0.0270]	2.5+0.0s
[720/1120]	[L1: 0.0270]	2.3+0.0s
[760/1120]	[L1: 0.0270]	2.3+0.0s
[800/1120]	[L1: 0.0269]	2.5+0.0s
[840/1120]	[L1: 0.0269]	2.3+0.0s
[880/1120]	[L1: 0.0269]	2.3+0.0s
[920/1120]	[L1: 0.0267]	2.3+0.0s
[960/1120]	[L1: 0.0267]	2.4+0.0s
[1000/1120]	[L1: 0.0268]	2.3+0.0s
[1040/1120]	[L1: 0.0266]	2.3+0.0s
[1080/1120]	[L1: 0.0265]	2.3+0.0s
[1120/1120]	[L1: 0.0267]	2.4+0.0s

Evaluation:
[RSSCN7 x3]	psnr: 29.133 (Best: 29.143 @epoch 138)
Total time: 14.99s

[Epoch 141]	Learning rate: 2.00e-4
[40/1120]	[L1: 0.0292]	3.0+0.1s
[80/1120]	[L1: 0.0281]	2.9+0.0s
[120/1120]	[L1: 0.0270]	2.8+0.0s
[160/1120]	[L1: 0.0263]	3.2+0.0s
[200/1120]	[L1: 0.0265]	3.0+0.0s
[240/1120]	[L1: 0.0264]	2.9+0.0s
[280/1120]	[L1: 0.0269]	2.5+0.0s
[320/1120]	[L1: 0.0269]	2.4+0.0s
[360/1120]	[L1: 0.0270]	2.5+0.0s
[400/1120]	[L1: 0.0267]	2.4+0.0s
[440/1120]	[L1: 0.0267]	2.3+0.0s
[480/1120]	[L1: 0.0269]	2.4+0.0s
[520/1120]	[L1: 0.0267]	2.3+0.0s
[560/1120]	[L1: 0.0268]	2.4+0.0s
[600/1120]	[L1: 0.0268]	2.5+0.0s
[640/1120]	[L1: 0.0268]	2.7+0.0s
[680/1120]	[L1: 0.0268]	2.7+0.0s
[720/1120]	[L1: 0.0269]	2.9+0.0s
[760/1120]	[L1: 0.0270]	3.1+0.0s
[800/1120]	[L1: 0.0270]	2.7+0.0s
[840/1120]	[L1: 0.0269]	2.8+0.0s
[880/1120]	[L1: 0.0267]	2.5+0.0s
[920/1120]	[L1: 0.0269]	2.6+0.0s
[960/1120]	[L1: 0.0268]	2.5+0.0s
[1000/1120]	[L1: 0.0268]	2.5+0.0s
[1040/1120]	[L1: 0.0267]	2.5+0.0s
[1080/1120]	[L1: 0.0266]	2.6+0.0s
[1120/1120]	[L1: 0.0267]	2.5+0.0s

Evaluation:
[RSSCN7 x3]	psnr: 29.068 (Best: 29.143 @epoch 138)
Total time: 14.94s

[Epoch 142]	Learning rate: 2.00e-4
[40/1120]	[L1: 0.0270]	2.6+0.0s
[80/1120]	[L1: 0.0274]	2.6+0.0s
[120/1120]	[L1: 0.0288]	2.8+0.0s
[160/1120]	[L1: 0.0284]	2.4+0.0s
[200/1120]	[L1: 0.0281]	2.9+0.0s
[240/1120]	[L1: 0.0282]	2.4+0.0s
[280/1120]	[L1: 0.0279]	2.4+0.0s
[320/1120]	[L1: 0.0280]	2.3+0.0s
[360/1120]	[L1: 0.0279]	2.4+0.0s
[400/1120]	[L1: 0.0274]	2.3+0.0s
[440/1120]	[L1: 0.0276]	2.4+0.0s
[480/1120]	[L1: 0.0276]	2.3+0.0s
[520/1120]	[L1: 0.0274]	2.4+0.0s
[560/1120]	[L1: 0.0272]	2.3+0.0s
[600/1120]	[L1: 0.0271]	2.4+0.0s
[640/1120]	[L1: 0.0270]	2.3+0.0s
[680/1120]	[L1: 0.0269]	2.4+0.0s
[720/1120]	[L1: 0.0269]	2.3+0.0s
[760/1120]	[L1: 0.0270]	2.3+0.0s
[800/1120]	[L1: 0.0269]	2.4+0.0s
[840/1120]	[L1: 0.0270]	2.3+0.0s
[880/1120]	[L1: 0.0269]	2.4+0.0s
[920/1120]	[L1: 0.0269]	2.3+0.0s
[960/1120]	[L1: 0.0269]	2.4+0.0s
[1000/1120]	[L1: 0.0267]	2.3+0.0s
[1040/1120]	[L1: 0.0266]	2.4+0.0s
[1080/1120]	[L1: 0.0266]	2.3+0.0s
[1120/1120]	[L1: 0.0267]	2.4+0.0s

Evaluation:
[RSSCN7 x3]	psnr: 29.152 (Best: 29.152 @epoch 142)
Total time: 14.90s

[Epoch 143]	Learning rate: 2.00e-4
[40/1120]	[L1: 0.0279]	2.5+0.0s
[80/1120]	[L1: 0.0271]	2.6+0.0s
[120/1120]	[L1: 0.0270]	2.5+0.0s
[160/1120]	[L1: 0.0266]	2.5+0.0s
[200/1120]	[L1: 0.0269]	2.4+0.0s
[240/1120]	[L1: 0.0267]	2.4+0.0s
[280/1120]	[L1: 0.0262]	2.4+0.0s
[320/1120]	[L1: 0.0257]	2.8+0.0s
[360/1120]	[L1: 0.0263]	2.9+0.0s
[400/1120]	[L1: 0.0263]	2.3+0.0s
[440/1120]	[L1: 0.0266]	2.4+0.0s
[480/1120]	[L1: 0.0266]	2.5+0.0s
[520/1120]	[L1: 0.0266]	2.6+0.0s
[560/1120]	[L1: 0.0268]	2.9+0.0s
[600/1120]	[L1: 0.0272]	2.8+0.0s
[640/1120]	[L1: 0.0274]	2.5+0.0s
[680/1120]	[L1: 0.0275]	2.5+0.0s
[720/1120]	[L1: 0.0271]	2.4+0.0s
[760/1120]	[L1: 0.0270]	2.3+0.0s
[800/1120]	[L1: 0.0269]	2.3+0.0s
[840/1120]	[L1: 0.0270]	2.5+0.0s
[880/1120]	[L1: 0.0269]	2.3+0.0s
[920/1120]	[L1: 0.0268]	2.3+0.0s
[960/1120]	[L1: 0.0268]	2.3+0.0s
[1000/1120]	[L1: 0.0268]	2.5+0.0s
[1040/1120]	[L1: 0.0269]	2.4+0.0s
[1080/1120]	[L1: 0.0269]	2.3+0.0s
[1120/1120]	[L1: 0.0269]	2.3+0.0s

Evaluation:
[RSSCN7 x3]	psnr: 29.086 (Best: 29.152 @epoch 142)
Total time: 14.92s

[Epoch 144]	Learning rate: 2.00e-4
[40/1120]	[L1: 0.0261]	2.5+0.0s
[80/1120]	[L1: 0.0271]	2.4+0.0s
[120/1120]	[L1: 0.0262]	2.4+0.0s
[160/1120]	[L1: 0.0269]	2.3+0.0s
[200/1120]	[L1: 0.0261]	2.8+0.0s
[240/1120]	[L1: 0.0261]	2.3+0.0s
[280/1120]	[L1: 0.0260]	2.3+0.0s
[320/1120]	[L1: 0.0261]	2.3+0.0s
[360/1120]	[L1: 0.0266]	2.3+0.0s
[400/1120]	[L1: 0.0267]	2.3+0.0s
[440/1120]	[L1: 0.0270]	2.5+0.0s
[480/1120]	[L1: 0.0269]	2.6+0.0s
[520/1120]	[L1: 0.0269]	2.3+0.0s
[560/1120]	[L1: 0.0269]	2.3+0.0s
[600/1120]	[L1: 0.0271]	2.3+0.0s
[640/1120]	[L1: 0.0271]	2.3+0.0s
[680/1120]	[L1: 0.0271]	2.3+0.0s
[720/1120]	[L1: 0.0270]	2.4+0.0s
[760/1120]	[L1: 0.0271]	2.3+0.0s
[800/1120]	[L1: 0.0272]	2.3+0.0s
[840/1120]	[L1: 0.0271]	2.3+0.0s
[880/1120]	[L1: 0.0272]	2.3+0.0s
[920/1120]	[L1: 0.0272]	2.3+0.0s
[960/1120]	[L1: 0.0270]	2.4+0.0s
[1000/1120]	[L1: 0.0271]	2.4+0.0s
[1040/1120]	[L1: 0.0271]	2.5+0.0s
[1080/1120]	[L1: 0.0270]	2.8+0.0s
[1120/1120]	[L1: 0.0269]	2.6+0.0s

Evaluation:
[RSSCN7 x3]	psnr: 29.164 (Best: 29.164 @epoch 144)
Total time: 14.94s

[Epoch 145]	Learning rate: 2.00e-4
[40/1120]	[L1: 0.0238]	2.7+0.0s
[80/1120]	[L1: 0.0249]	2.9+0.0s
[120/1120]	[L1: 0.0257]	2.9+0.0s
[160/1120]	[L1: 0.0258]	2.9+0.0s
[200/1120]	[L1: 0.0262]	2.9+0.0s
[240/1120]	[L1: 0.0261]	2.9+0.0s
[280/1120]	[L1: 0.0264]	2.7+0.0s
[320/1120]	[L1: 0.0265]	2.5+0.0s
[360/1120]	[L1: 0.0268]	2.5+0.0s
[400/1120]	[L1: 0.0269]	2.3+0.0s
[440/1120]	[L1: 0.0274]	2.5+0.0s
[480/1120]	[L1: 0.0276]	2.9+0.0s
[520/1120]	[L1: 0.0274]	2.9+0.0s
[560/1120]	[L1: 0.0274]	2.9+0.0s
[600/1120]	[L1: 0.0275]	3.0+0.0s
[640/1120]	[L1: 0.0272]	2.5+0.0s
[680/1120]	[L1: 0.0271]	2.4+0.0s
[720/1120]	[L1: 0.0272]	2.4+0.0s
[760/1120]	[L1: 0.0270]	2.3+0.0s
[800/1120]	[L1: 0.0269]	2.3+0.0s
[840/1120]	[L1: 0.0269]	2.7+0.0s
[880/1120]	[L1: 0.0267]	2.3+0.0s
[920/1120]	[L1: 0.0267]	2.4+0.0s
[960/1120]	[L1: 0.0266]	2.3+0.0s
[1000/1120]	[L1: 0.0266]	2.3+0.0s
[1040/1120]	[L1: 0.0267]	2.3+0.0s
[1080/1120]	[L1: 0.0267]	2.3+0.0s
[1120/1120]	[L1: 0.0267]	2.3+0.0s

Evaluation:
[RSSCN7 x3]	psnr: 29.137 (Best: 29.164 @epoch 144)
Total time: 14.92s

[Epoch 146]	Learning rate: 2.00e-4
[40/1120]	[L1: 0.0241]	2.5+0.0s
[80/1120]	[L1: 0.0241]	2.4+0.0s
[120/1120]	[L1: 0.0236]	2.5+0.0s
[160/1120]	[L1: 0.0234]	2.5+0.0s
[200/1120]	[L1: 0.0243]	2.6+0.0s
[240/1120]	[L1: 0.0253]	2.7+0.0s
[280/1120]	[L1: 0.0256]	2.9+0.0s
[320/1120]	[L1: 0.0259]	2.9+0.0s
[360/1120]	[L1: 0.0259]	3.0+0.0s
[400/1120]	[L1: 0.0255]	2.9+0.0s
[440/1120]	[L1: 0.0256]	2.9+0.0s
[480/1120]	[L1: 0.0259]	2.9+0.0s
[520/1120]	[L1: 0.0259]	2.9+0.0s
[560/1120]	[L1: 0.0258]	3.0+0.0s
[600/1120]	[L1: 0.0258]	3.0+0.0s
[640/1120]	[L1: 0.0258]	2.9+0.0s
[680/1120]	[L1: 0.0260]	3.0+0.0s
[720/1120]	[L1: 0.0265]	2.8+0.0s
[760/1120]	[L1: 0.0266]	2.9+0.0s
[800/1120]	[L1: 0.0266]	2.9+0.0s
[840/1120]	[L1: 0.0266]	2.9+0.0s
[880/1120]	[L1: 0.0267]	2.6+0.0s
[920/1120]	[L1: 0.0266]	2.4+0.0s
[960/1120]	[L1: 0.0266]	2.5+0.0s
[1000/1120]	[L1: 0.0268]	2.5+0.0s
[1040/1120]	[L1: 0.0267]	2.4+0.0s
[1080/1120]	[L1: 0.0266]	2.3+0.0s
[1120/1120]	[L1: 0.0267]	2.7+0.0s

Evaluation:
[RSSCN7 x3]	psnr: 29.109 (Best: 29.164 @epoch 144)
Total time: 15.06s

[Epoch 147]	Learning rate: 2.00e-4
[40/1120]	[L1: 0.0324]	2.5+0.0s
[80/1120]	[L1: 0.0285]	2.4+0.0s
[120/1120]	[L1: 0.0274]	2.4+0.0s
[160/1120]	[L1: 0.0269]	2.3+0.0s
[200/1120]	[L1: 0.0269]	2.4+0.0s
[240/1120]	[L1: 0.0272]	2.3+0.0s
[280/1120]	[L1: 0.0272]	2.3+0.0s
[320/1120]	[L1: 0.0271]	2.4+0.0s
[360/1120]	[L1: 0.0267]	2.3+0.0s
[400/1120]	[L1: 0.0269]	2.4+0.0s
[440/1120]	[L1: 0.0270]	2.3+0.0s
[480/1120]	[L1: 0.0268]	2.3+0.0s
[520/1120]	[L1: 0.0270]	2.4+0.0s
[560/1120]	[L1: 0.0272]	2.3+0.0s
[600/1120]	[L1: 0.0272]	2.4+0.0s
[640/1120]	[L1: 0.0272]	2.3+0.0s
[680/1120]	[L1: 0.0273]	2.3+0.0s
[720/1120]	[L1: 0.0274]	2.4+0.0s
[760/1120]	[L1: 0.0273]	2.3+0.0s
[800/1120]	[L1: 0.0272]	2.4+0.0s
[840/1120]	[L1: 0.0270]	2.3+0.0s
[880/1120]	[L1: 0.0271]	2.3+0.0s
[920/1120]	[L1: 0.0272]	2.4+0.0s
[960/1120]	[L1: 0.0271]	2.3+0.0s
[1000/1120]	[L1: 0.0270]	2.4+0.0s
[1040/1120]	[L1: 0.0269]	2.3+0.0s
[1080/1120]	[L1: 0.0268]	2.3+0.0s
[1120/1120]	[L1: 0.0268]	2.4+0.0s

Evaluation:
[RSSCN7 x3]	psnr: 29.145 (Best: 29.164 @epoch 144)
Total time: 14.97s

[Epoch 148]	Learning rate: 2.00e-4
[40/1120]	[L1: 0.0274]	2.6+0.0s
[80/1120]	[L1: 0.0271]	2.5+0.0s
[120/1120]	[L1: 0.0272]	2.4+0.0s
[160/1120]	[L1: 0.0262]	2.9+0.0s
[200/1120]	[L1: 0.0260]	2.4+0.0s
[240/1120]	[L1: 0.0268]	2.5+0.0s
[280/1120]	[L1: 0.0270]	2.3+0.0s
[320/1120]	[L1: 0.0268]	2.3+0.0s
[360/1120]	[L1: 0.0265]	2.4+0.0s
[400/1120]	[L1: 0.0264]	2.3+0.0s
[440/1120]	[L1: 0.0264]	2.4+0.0s
[480/1120]	[L1: 0.0265]	2.5+0.0s
[520/1120]	[L1: 0.0263]	2.8+0.0s
[560/1120]	[L1: 0.0263]	2.6+0.0s
[600/1120]	[L1: 0.0264]	2.4+0.0s
[640/1120]	[L1: 0.0264]	2.6+0.0s
[680/1120]	[L1: 0.0266]	2.5+0.0s
[720/1120]	[L1: 0.0266]	2.4+0.0s
[760/1120]	[L1: 0.0266]	2.5+0.0s
[800/1120]	[L1: 0.0266]	2.3+0.0s
[840/1120]	[L1: 0.0269]	2.5+0.0s
[880/1120]	[L1: 0.0268]	2.4+0.0s
[920/1120]	[L1: 0.0269]	2.4+0.0s
[960/1120]	[L1: 0.0270]	2.6+0.0s
[1000/1120]	[L1: 0.0270]	2.4+0.0s
[1040/1120]	[L1: 0.0269]	2.4+0.0s
[1080/1120]	[L1: 0.0269]	2.3+0.0s
[1120/1120]	[L1: 0.0270]	2.4+0.0s

Evaluation:
[RSSCN7 x3]	psnr: 29.174 (Best: 29.174 @epoch 148)
Total time: 15.01s

[Epoch 149]	Learning rate: 2.00e-4
[40/1120]	[L1: 0.0247]	2.9+0.0s
[80/1120]	[L1: 0.0267]	2.8+0.0s
[120/1120]	[L1: 0.0270]	2.5+0.0s
[160/1120]	[L1: 0.0268]	2.4+0.0s
[200/1120]	[L1: 0.0271]	2.3+0.0s
[240/1120]	[L1: 0.0263]	2.3+0.0s
[280/1120]	[L1: 0.0263]	2.3+0.0s
[320/1120]	[L1: 0.0267]	2.4+0.0s
[360/1120]	[L1: 0.0270]	2.3+0.0s
[400/1120]	[L1: 0.0269]	2.3+0.0s
[440/1120]	[L1: 0.0270]	2.3+0.0s
[480/1120]	[L1: 0.0268]	2.4+0.0s
[520/1120]	[L1: 0.0265]	2.3+0.0s
[560/1120]	[L1: 0.0268]	2.3+0.0s
[600/1120]	[L1: 0.0267]	2.3+0.0s
[640/1120]	[L1: 0.0263]	2.3+0.0s
[680/1120]	[L1: 0.0263]	2.4+0.0s
[720/1120]	[L1: 0.0264]	2.3+0.0s
[760/1120]	[L1: 0.0264]	2.3+0.0s
[800/1120]	[L1: 0.0266]	2.4+0.0s
[840/1120]	[L1: 0.0266]	2.3+0.0s
[880/1120]	[L1: 0.0266]	2.6+0.0s
[920/1120]	[L1: 0.0265]	2.8+0.0s
[960/1120]	[L1: 0.0266]	2.8+0.0s
[1000/1120]	[L1: 0.0265]	2.4+0.0s
[1040/1120]	[L1: 0.0266]	2.5+0.0s
[1080/1120]	[L1: 0.0267]	2.4+0.0s
[1120/1120]	[L1: 0.0266]	2.9+0.0s

Evaluation:
[RSSCN7 x3]	psnr: 29.142 (Best: 29.174 @epoch 148)
Total time: 15.00s

[Epoch 150]	Learning rate: 2.00e-4
[40/1120]	[L1: 0.0240]	2.7+0.0s
[80/1120]	[L1: 0.0247]	2.9+0.0s
[120/1120]	[L1: 0.0262]	2.6+0.0s
[160/1120]	[L1: 0.0263]	2.5+0.0s
[200/1120]	[L1: 0.0265]	2.4+0.0s
[240/1120]	[L1: 0.0262]	2.3+0.0s
[280/1120]	[L1: 0.0263]	2.4+0.0s
[320/1120]	[L1: 0.0262]	2.3+0.0s
[360/1120]	[L1: 0.0260]	2.3+0.0s
[400/1120]	[L1: 0.0263]	2.4+0.0s
[440/1120]	[L1: 0.0263]	2.4+0.0s
[480/1120]	[L1: 0.0259]	2.4+0.0s
[520/1120]	[L1: 0.0262]	2.3+0.0s
[560/1120]	[L1: 0.0262]	2.3+0.0s
[600/1120]	[L1: 0.0266]	2.4+0.0s
[640/1120]	[L1: 0.0269]	2.3+0.0s
[680/1120]	[L1: 0.0269]	2.3+0.0s
[720/1120]	[L1: 0.0270]	2.4+0.0s
[760/1120]	[L1: 0.0270]	2.3+0.0s
[800/1120]	[L1: 0.0270]	2.3+0.0s
[840/1120]	[L1: 0.0269]	2.4+0.0s
[880/1120]	[L1: 0.0270]	2.3+0.0s
[920/1120]	[L1: 0.0269]	2.3+0.0s
[960/1120]	[L1: 0.0269]	2.4+0.0s
[1000/1120]	[L1: 0.0268]	2.3+0.0s
[1040/1120]	[L1: 0.0268]	2.3+0.0s
[1080/1120]	[L1: 0.0268]	2.4+0.0s
[1120/1120]	[L1: 0.0267]	2.3+0.0s

Evaluation:
[RSSCN7 x3]	psnr: 29.110 (Best: 29.174 @epoch 148)
Total time: 14.98s

[Epoch 151]	Learning rate: 2.00e-4
[40/1120]	[L1: 0.0231]	2.4+0.0s
[80/1120]	[L1: 0.0264]	2.5+0.0s
[120/1120]	[L1: 0.0261]	2.4+0.0s
[160/1120]	[L1: 0.0259]	2.4+0.0s
[200/1120]	[L1: 0.0264]	2.5+0.0s
[240/1120]	[L1: 0.0264]	2.9+0.0s
[280/1120]	[L1: 0.0262]	2.9+0.0s
[320/1120]	[L1: 0.0260]	2.9+0.0s
[360/1120]	[L1: 0.0260]	3.1+0.0s
[400/1120]	[L1: 0.0265]	2.8+0.0s
[440/1120]	[L1: 0.0262]	2.9+0.0s
[480/1120]	[L1: 0.0266]	3.0+0.0s
[520/1120]	[L1: 0.0266]	2.8+0.0s
[560/1120]	[L1: 0.0267]	2.6+0.0s
[600/1120]	[L1: 0.0269]	2.5+0.0s
[640/1120]	[L1: 0.0267]	2.6+0.0s
[680/1120]	[L1: 0.0265]	2.6+0.0s
[720/1120]	[L1: 0.0265]	2.8+0.0s
[760/1120]	[L1: 0.0269]	2.8+0.0s
[800/1120]	[L1: 0.0268]	2.9+0.0s
[840/1120]	[L1: 0.0270]	2.6+0.0s
[880/1120]	[L1: 0.0268]	2.3+0.0s
[920/1120]	[L1: 0.0269]	2.4+0.0s
[960/1120]	[L1: 0.0268]	2.5+0.0s
[1000/1120]	[L1: 0.0266]	2.4+0.0s
[1040/1120]	[L1: 0.0267]	2.4+0.0s
[1080/1120]	[L1: 0.0267]	2.4+0.0s
[1120/1120]	[L1: 0.0267]	2.4+0.0s

Evaluation:
[RSSCN7 x3]	psnr: 29.116 (Best: 29.174 @epoch 148)
Total time: 14.95s

[Epoch 152]	Learning rate: 2.00e-4
[40/1120]	[L1: 0.0259]	2.5+0.0s
[80/1120]	[L1: 0.0288]	2.5+0.0s
[120/1120]	[L1: 0.0265]	2.4+0.0s
[160/1120]	[L1: 0.0269]	2.4+0.0s
[200/1120]	[L1: 0.0265]	2.7+0.0s
[240/1120]	[L1: 0.0272]	2.8+0.0s
[280/1120]	[L1: 0.0275]	2.8+0.0s
[320/1120]	[L1: 0.0276]	2.3+0.0s
[360/1120]	[L1: 0.0272]	2.4+0.0s
[400/1120]	[L1: 0.0270]	2.3+0.0s
[440/1120]	[L1: 0.0272]	2.3+0.0s
[480/1120]	[L1: 0.0272]	2.4+0.0s
[520/1120]	[L1: 0.0273]	2.3+0.0s
[560/1120]	[L1: 0.0272]	2.4+0.0s
[600/1120]	[L1: 0.0269]	2.3+0.0s
[640/1120]	[L1: 0.0268]	2.3+0.0s
[680/1120]	[L1: 0.0270]	2.4+0.0s
[720/1120]	[L1: 0.0272]	2.3+0.0s
[760/1120]	[L1: 0.0271]	2.4+0.0s
[800/1120]	[L1: 0.0270]	2.3+0.0s
[840/1120]	[L1: 0.0271]	2.3+0.0s
[880/1120]	[L1: 0.0270]	2.4+0.0s
[920/1120]	[L1: 0.0271]	2.3+0.0s
[960/1120]	[L1: 0.0270]	2.4+0.0s
[1000/1120]	[L1: 0.0269]	2.3+0.0s
[1040/1120]	[L1: 0.0268]	2.4+0.0s
[1080/1120]	[L1: 0.0268]	2.5+0.0s
[1120/1120]	[L1: 0.0268]	2.5+0.0s

Evaluation:
[RSSCN7 x3]	psnr: 29.119 (Best: 29.174 @epoch 148)
Total time: 15.03s

[Epoch 153]	Learning rate: 2.00e-4
[40/1120]	[L1: 0.0270]	2.5+0.0s
[80/1120]	[L1: 0.0282]	2.6+0.0s
[120/1120]	[L1: 0.0277]	3.1+0.0s
[160/1120]	[L1: 0.0263]	2.8+0.0s
[200/1120]	[L1: 0.0267]	2.5+0.0s
[240/1120]	[L1: 0.0264]	2.6+0.0s
[280/1120]	[L1: 0.0265]	2.5+0.0s
[320/1120]	[L1: 0.0263]	2.5+0.0s
[360/1120]	[L1: 0.0264]	2.5+0.0s
[400/1120]	[L1: 0.0266]	2.5+0.0s
[440/1120]	[L1: 0.0264]	2.4+0.0s
[480/1120]	[L1: 0.0267]	2.3+0.0s
[520/1120]	[L1: 0.0267]	2.6+0.0s
[560/1120]	[L1: 0.0265]	2.8+0.0s
[600/1120]	[L1: 0.0265]	2.4+0.0s
[640/1120]	[L1: 0.0266]	2.4+0.0s
[680/1120]	[L1: 0.0268]	2.3+0.0s
[720/1120]	[L1: 0.0267]	2.3+0.0s
[760/1120]	[L1: 0.0268]	2.4+0.0s
[800/1120]	[L1: 0.0268]	2.3+0.0s
[840/1120]	[L1: 0.0268]	2.4+0.0s
[880/1120]	[L1: 0.0269]	2.5+0.0s
[920/1120]	[L1: 0.0270]	2.5+0.0s
[960/1120]	[L1: 0.0269]	2.4+0.0s
[1000/1120]	[L1: 0.0269]	2.3+0.0s
[1040/1120]	[L1: 0.0268]	2.3+0.0s
[1080/1120]	[L1: 0.0269]	2.3+0.0s
[1120/1120]	[L1: 0.0268]	2.4+0.0s

Evaluation:
[RSSCN7 x3]	psnr: 29.109 (Best: 29.174 @epoch 148)
Total time: 14.98s

[Epoch 154]	Learning rate: 2.00e-4
[40/1120]	[L1: 0.0244]	2.5+0.0s
[80/1120]	[L1: 0.0260]	2.3+0.0s
[120/1120]	[L1: 0.0268]	2.3+0.0s
[160/1120]	[L1: 0.0263]	2.3+0.0s
[200/1120]	[L1: 0.0268]	2.3+0.0s
[240/1120]	[L1: 0.0270]	2.3+0.0s
[280/1120]	[L1: 0.0271]	2.3+0.0s
[320/1120]	[L1: 0.0265]	2.4+0.0s
[360/1120]	[L1: 0.0265]	2.3+0.0s
[400/1120]	[L1: 0.0265]	2.4+0.0s
[440/1120]	[L1: 0.0267]	2.3+0.0s
[480/1120]	[L1: 0.0267]	2.3+0.0s
[520/1120]	[L1: 0.0266]	2.3+0.0s
[560/1120]	[L1: 0.0267]	2.3+0.0s
[600/1120]	[L1: 0.0267]	2.3+0.0s
[640/1120]	[L1: 0.0267]	2.4+0.0s
[680/1120]	[L1: 0.0265]	2.3+0.0s
[720/1120]	[L1: 0.0264]	2.4+0.0s
[760/1120]	[L1: 0.0265]	2.6+0.0s
[800/1120]	[L1: 0.0266]	2.5+0.0s
[840/1120]	[L1: 0.0266]	2.5+0.0s
[880/1120]	[L1: 0.0265]	2.5+0.0s
[920/1120]	[L1: 0.0265]	2.5+0.0s
[960/1120]	[L1: 0.0265]	3.0+0.0s
[1000/1120]	[L1: 0.0265]	2.9+0.0s
[1040/1120]	[L1: 0.0267]	3.0+0.0s
[1080/1120]	[L1: 0.0267]	2.8+0.0s
[1120/1120]	[L1: 0.0268]	2.5+0.0s

Evaluation:
[RSSCN7 x3]	psnr: 29.091 (Best: 29.174 @epoch 148)
Total time: 14.93s

[Epoch 155]	Learning rate: 2.00e-4
[40/1120]	[L1: 0.0291]	2.5+0.0s
[80/1120]	[L1: 0.0262]	2.6+0.0s
[120/1120]	[L1: 0.0261]	2.7+0.0s
[160/1120]	[L1: 0.0265]	2.8+0.0s
[200/1120]	[L1: 0.0265]	2.9+0.0s
[240/1120]	[L1: 0.0262]	2.7+0.0s
[280/1120]	[L1: 0.0264]	2.8+0.0s
[320/1120]	[L1: 0.0261]	2.9+0.0s
[360/1120]	[L1: 0.0260]	2.6+0.0s
[400/1120]	[L1: 0.0265]	2.5+0.0s
[440/1120]	[L1: 0.0267]	2.4+0.0s
[480/1120]	[L1: 0.0266]	2.4+0.0s
[520/1120]	[L1: 0.0268]	2.3+0.0s
[560/1120]	[L1: 0.0266]	2.3+0.0s
[600/1120]	[L1: 0.0268]	2.4+0.0s
[640/1120]	[L1: 0.0269]	2.3+0.0s
[680/1120]	[L1: 0.0268]	2.4+0.0s
[720/1120]	[L1: 0.0269]	2.3+0.0s
[760/1120]	[L1: 0.0267]	2.3+0.0s
[800/1120]	[L1: 0.0266]	2.4+0.0s
[840/1120]	[L1: 0.0266]	2.3+0.0s
[880/1120]	[L1: 0.0264]	2.4+0.0s
[920/1120]	[L1: 0.0265]	2.3+0.0s
[960/1120]	[L1: 0.0265]	2.3+0.0s
[1000/1120]	[L1: 0.0265]	2.4+0.0s
[1040/1120]	[L1: 0.0266]	2.5+0.0s
[1080/1120]	[L1: 0.0266]	2.8+0.0s
[1120/1120]	[L1: 0.0266]	2.4+0.0s

Evaluation:
[RSSCN7 x3]	psnr: 29.142 (Best: 29.174 @epoch 148)
Total time: 14.93s

[Epoch 156]	Learning rate: 2.00e-4
[40/1120]	[L1: 0.0274]	2.6+0.0s
[80/1120]	[L1: 0.0266]	2.5+0.0s
[120/1120]	[L1: 0.0269]	2.9+0.0s
[160/1120]	[L1: 0.0277]	2.4+0.0s
[200/1120]	[L1: 0.0274]	2.5+0.0s
[240/1120]	[L1: 0.0274]	2.3+0.0s
[280/1120]	[L1: 0.0275]	2.4+0.0s
[320/1120]	[L1: 0.0270]	2.3+0.0s
[360/1120]	[L1: 0.0271]	2.4+0.0s
[400/1120]	[L1: 0.0267]	2.3+0.0s
[440/1120]	[L1: 0.0268]	2.4+0.0s
[480/1120]	[L1: 0.0269]	2.4+0.0s
[520/1120]	[L1: 0.0270]	2.5+0.0s
[560/1120]	[L1: 0.0269]	2.4+0.0s
[600/1120]	[L1: 0.0268]	2.5+0.0s
[640/1120]	[L1: 0.0270]	2.5+0.0s
[680/1120]	[L1: 0.0268]	2.6+0.0s
[720/1120]	[L1: 0.0269]	2.4+0.0s
[760/1120]	[L1: 0.0267]	2.6+0.0s
[800/1120]	[L1: 0.0265]	2.5+0.0s
[840/1120]	[L1: 0.0265]	2.5+0.0s
[880/1120]	[L1: 0.0265]	2.5+0.0s
[920/1120]	[L1: 0.0263]	2.3+0.0s
[960/1120]	[L1: 0.0265]	2.4+0.0s
[1000/1120]	[L1: 0.0266]	2.4+0.0s
[1040/1120]	[L1: 0.0266]	2.4+0.0s
[1080/1120]	[L1: 0.0266]	2.3+0.0s
[1120/1120]	[L1: 0.0266]	2.4+0.0s

Evaluation:
[RSSCN7 x3]	psnr: 29.137 (Best: 29.174 @epoch 148)
Total time: 14.96s

[Epoch 157]	Learning rate: 2.00e-4
[40/1120]	[L1: 0.0261]	2.6+0.0s
[80/1120]	[L1: 0.0262]	2.3+0.0s
[120/1120]	[L1: 0.0273]	2.4+0.0s
[160/1120]	[L1: 0.0282]	2.5+0.0s
[200/1120]	[L1: 0.0279]	2.3+0.0s
[240/1120]	[L1: 0.0279]	2.3+0.0s
[280/1120]	[L1: 0.0270]	2.4+0.0s
[320/1120]	[L1: 0.0271]	2.3+0.0s
[360/1120]	[L1: 0.0271]	2.4+0.0s
[400/1120]	[L1: 0.0269]	2.4+0.0s
[440/1120]	[L1: 0.0270]	2.3+0.0s
[480/1120]	[L1: 0.0271]	2.3+0.0s
[520/1120]	[L1: 0.0270]	2.4+0.0s
[560/1120]	[L1: 0.0270]	2.3+0.0s
[600/1120]	[L1: 0.0270]	2.3+0.0s
[640/1120]	[L1: 0.0270]	2.5+0.0s
[680/1120]	[L1: 0.0268]	2.3+0.0s
[720/1120]	[L1: 0.0268]	2.3+0.0s
[760/1120]	[L1: 0.0266]	2.4+0.0s
[800/1120]	[L1: 0.0266]	2.3+0.0s
[840/1120]	[L1: 0.0267]	2.3+0.0s
[880/1120]	[L1: 0.0266]	2.4+0.0s
[920/1120]	[L1: 0.0264]	2.3+0.0s
[960/1120]	[L1: 0.0265]	2.6+0.0s
[1000/1120]	[L1: 0.0264]	2.8+0.0s
[1040/1120]	[L1: 0.0265]	2.3+0.0s
[1080/1120]	[L1: 0.0265]	2.4+0.0s
[1120/1120]	[L1: 0.0265]	2.4+0.0s

Evaluation:
[RSSCN7 x3]	psnr: 29.141 (Best: 29.174 @epoch 148)
Total time: 14.95s

[Epoch 158]	Learning rate: 2.00e-4
[40/1120]	[L1: 0.0233]	3.1+0.1s
[80/1120]	[L1: 0.0242]	2.9+0.0s
[120/1120]	[L1: 0.0249]	3.0+0.0s
[160/1120]	[L1: 0.0262]	2.9+0.0s
[200/1120]	[L1: 0.0260]	2.6+0.0s
[240/1120]	[L1: 0.0254]	2.4+0.0s
[280/1120]	[L1: 0.0253]	2.5+0.0s
[320/1120]	[L1: 0.0254]	2.6+0.0s
[360/1120]	[L1: 0.0252]	2.8+0.0s
[400/1120]	[L1: 0.0254]	2.6+0.0s
[440/1120]	[L1: 0.0256]	2.3+0.0s
[480/1120]	[L1: 0.0258]	2.3+0.0s
[520/1120]	[L1: 0.0264]	2.4+0.0s
[560/1120]	[L1: 0.0265]	2.3+0.0s
[600/1120]	[L1: 0.0264]	2.8+0.0s
[640/1120]	[L1: 0.0264]	3.0+0.0s
[680/1120]	[L1: 0.0266]	2.8+0.0s
[720/1120]	[L1: 0.0268]	2.7+0.0s
[760/1120]	[L1: 0.0267]	2.6+0.0s
[800/1120]	[L1: 0.0266]	2.4+0.0s
[840/1120]	[L1: 0.0268]	2.5+0.0s
[880/1120]	[L1: 0.0269]	2.3+0.0s
[920/1120]	[L1: 0.0268]	2.3+0.0s
[960/1120]	[L1: 0.0268]	2.5+0.0s
[1000/1120]	[L1: 0.0268]	2.8+0.0s
[1040/1120]	[L1: 0.0268]	2.8+0.0s
[1080/1120]	[L1: 0.0268]	2.5+0.0s
[1120/1120]	[L1: 0.0269]	2.3+0.0s

Evaluation:
[RSSCN7 x3]	psnr: 29.160 (Best: 29.174 @epoch 148)
Total time: 14.89s

[Epoch 159]	Learning rate: 2.00e-4
[40/1120]	[L1: 0.0294]	2.6+0.0s
[80/1120]	[L1: 0.0269]	2.4+0.0s
[120/1120]	[L1: 0.0263]	2.4+0.0s
[160/1120]	[L1: 0.0256]	2.3+0.0s
[200/1120]	[L1: 0.0262]	2.4+0.0s
[240/1120]	[L1: 0.0261]	2.3+0.0s
[280/1120]	[L1: 0.0257]	2.5+0.0s
[320/1120]	[L1: 0.0256]	2.4+0.0s
[360/1120]	[L1: 0.0264]	2.5+0.0s
[400/1120]	[L1: 0.0262]	2.3+0.0s
[440/1120]	[L1: 0.0260]	2.7+0.0s
[480/1120]	[L1: 0.0264]	2.8+0.0s
[520/1120]	[L1: 0.0270]	2.9+0.0s
[560/1120]	[L1: 0.0270]	2.8+0.0s
[600/1120]	[L1: 0.0273]	2.8+0.0s
[640/1120]	[L1: 0.0273]	2.5+0.0s
[680/1120]	[L1: 0.0272]	2.4+0.0s
[720/1120]	[L1: 0.0273]	2.5+0.0s
[760/1120]	[L1: 0.0270]	2.4+0.0s
[800/1120]	[L1: 0.0269]	2.5+0.0s
[840/1120]	[L1: 0.0268]	2.4+0.0s
[880/1120]	[L1: 0.0270]	2.5+0.0s
[920/1120]	[L1: 0.0270]	2.4+0.0s
[960/1120]	[L1: 0.0271]	2.5+0.0s
[1000/1120]	[L1: 0.0271]	2.5+0.0s
[1040/1120]	[L1: 0.0270]	2.6+0.0s
[1080/1120]	[L1: 0.0269]	2.5+0.0s
[1120/1120]	[L1: 0.0268]	2.6+0.0s

Evaluation:
[RSSCN7 x3]	psnr: 29.107 (Best: 29.174 @epoch 148)
Total time: 14.99s

[Epoch 160]	Learning rate: 2.00e-4
[40/1120]	[L1: 0.0285]	2.6+0.1s
[80/1120]	[L1: 0.0290]	2.8+0.0s
[120/1120]	[L1: 0.0279]	3.0+0.0s
[160/1120]	[L1: 0.0277]	3.0+0.0s
[200/1120]	[L1: 0.0272]	3.1+0.0s
[240/1120]	[L1: 0.0276]	2.8+0.0s
[280/1120]	[L1: 0.0276]	2.4+0.0s
[320/1120]	[L1: 0.0272]	2.3+0.0s
[360/1120]	[L1: 0.0273]	2.3+0.0s
[400/1120]	[L1: 0.0274]	2.4+0.0s
[440/1120]	[L1: 0.0271]	2.3+0.0s
[480/1120]	[L1: 0.0273]	2.3+0.0s
[520/1120]	[L1: 0.0274]	2.4+0.0s
[560/1120]	[L1: 0.0274]	2.3+0.0s
[600/1120]	[L1: 0.0273]	2.3+0.0s
[640/1120]	[L1: 0.0273]	2.4+0.0s
[680/1120]	[L1: 0.0270]	2.3+0.0s
[720/1120]	[L1: 0.0268]	2.3+0.0s
[760/1120]	[L1: 0.0269]	2.4+0.0s
[800/1120]	[L1: 0.0268]	2.3+0.0s
[840/1120]	[L1: 0.0269]	2.3+0.0s
[880/1120]	[L1: 0.0269]	2.5+0.0s
[920/1120]	[L1: 0.0271]	2.4+0.0s
[960/1120]	[L1: 0.0271]	2.4+0.0s
[1000/1120]	[L1: 0.0270]	2.4+0.0s
[1040/1120]	[L1: 0.0270]	2.3+0.0s
[1080/1120]	[L1: 0.0269]	2.3+0.0s
[1120/1120]	[L1: 0.0266]	2.4+0.0s

Evaluation:
[RSSCN7 x3]	psnr: 29.195 (Best: 29.195 @epoch 160)
Total time: 14.96s

[Epoch 161]	Learning rate: 2.00e-4
[40/1120]	[L1: 0.0242]	2.7+0.0s
[80/1120]	[L1: 0.0268]	2.5+0.0s
[120/1120]	[L1: 0.0274]	2.5+0.0s
[160/1120]	[L1: 0.0279]	2.3+0.0s
[200/1120]	[L1: 0.0273]	2.5+0.0s
[240/1120]	[L1: 0.0273]	2.4+0.0s
[280/1120]	[L1: 0.0269]	2.4+0.0s
[320/1120]	[L1: 0.0272]	2.4+0.0s
[360/1120]	[L1: 0.0271]	2.5+0.0s
[400/1120]	[L1: 0.0269]	2.8+0.0s
[440/1120]	[L1: 0.0268]	2.8+0.0s
[480/1120]	[L1: 0.0267]	2.4+0.0s
[520/1120]	[L1: 0.0266]	2.5+0.0s
[560/1120]	[L1: 0.0268]	2.3+0.0s
[600/1120]	[L1: 0.0267]	2.4+0.0s
[640/1120]	[L1: 0.0266]	2.4+0.0s
[680/1120]	[L1: 0.0266]	2.5+0.0s
[720/1120]	[L1: 0.0267]	2.3+0.0s
[760/1120]	[L1: 0.0269]	2.3+0.0s
[800/1120]	[L1: 0.0268]	2.4+0.0s
[840/1120]	[L1: 0.0266]	2.6+0.0s
[880/1120]	[L1: 0.0266]	2.8+0.0s
[920/1120]	[L1: 0.0266]	2.9+0.0s
[960/1120]	[L1: 0.0267]	2.8+0.0s
[1000/1120]	[L1: 0.0265]	2.6+0.0s
[1040/1120]	[L1: 0.0266]	2.4+0.0s
[1080/1120]	[L1: 0.0266]	2.5+0.0s
[1120/1120]	[L1: 0.0266]	2.3+0.0s

Evaluation:
[RSSCN7 x3]	psnr: 29.107 (Best: 29.195 @epoch 160)
Total time: 14.94s

[Epoch 162]	Learning rate: 2.00e-4
[40/1120]	[L1: 0.0251]	2.5+0.0s
[80/1120]	[L1: 0.0263]	2.5+0.0s
[120/1120]	[L1: 0.0265]	2.4+0.0s
[160/1120]	[L1: 0.0262]	2.5+0.0s
[200/1120]	[L1: 0.0265]	2.4+0.0s
[240/1120]	[L1: 0.0267]	2.6+0.0s
[280/1120]	[L1: 0.0265]	2.4+0.0s
[320/1120]	[L1: 0.0269]	2.4+0.0s
[360/1120]	[L1: 0.0268]	2.4+0.0s
[400/1120]	[L1: 0.0265]	2.5+0.0s
[440/1120]	[L1: 0.0266]	2.4+0.0s
[480/1120]	[L1: 0.0268]	2.5+0.0s
[520/1120]	[L1: 0.0265]	2.5+0.0s
[560/1120]	[L1: 0.0265]	2.4+0.0s
[600/1120]	[L1: 0.0264]	2.4+0.0s
[640/1120]	[L1: 0.0265]	2.4+0.0s
[680/1120]	[L1: 0.0265]	2.5+0.0s
[720/1120]	[L1: 0.0265]	2.4+0.0s
[760/1120]	[L1: 0.0266]	2.4+0.0s
[800/1120]	[L1: 0.0267]	2.3+0.0s
[840/1120]	[L1: 0.0268]	2.3+0.0s
[880/1120]	[L1: 0.0269]	2.4+0.0s
[920/1120]	[L1: 0.0268]	2.4+0.0s
[960/1120]	[L1: 0.0269]	2.3+0.0s
[1000/1120]	[L1: 0.0268]	2.4+0.0s
[1040/1120]	[L1: 0.0266]	2.5+0.0s
[1080/1120]	[L1: 0.0267]	2.8+0.0s
[1120/1120]	[L1: 0.0267]	3.0+0.0s

Evaluation:
[RSSCN7 x3]	psnr: 29.147 (Best: 29.195 @epoch 160)
Total time: 15.05s

[Epoch 163]	Learning rate: 2.00e-4
[40/1120]	[L1: 0.0269]	2.5+0.0s
[80/1120]	[L1: 0.0261]	2.4+0.0s
[120/1120]	[L1: 0.0268]	2.5+0.0s
[160/1120]	[L1: 0.0266]	2.5+0.0s
[200/1120]	[L1: 0.0259]	2.6+0.0s
[240/1120]	[L1: 0.0264]	2.9+0.0s
[280/1120]	[L1: 0.0265]	2.9+0.0s
[320/1120]	[L1: 0.0264]	3.1+0.0s
[360/1120]	[L1: 0.0262]	2.5+0.0s
[400/1120]	[L1: 0.0259]	2.5+0.0s
[440/1120]	[L1: 0.0260]	2.4+0.0s
[480/1120]	[L1: 0.0261]	2.3+0.0s
[520/1120]	[L1: 0.0265]	2.3+0.0s
[560/1120]	[L1: 0.0266]	2.4+0.0s
[600/1120]	[L1: 0.0268]	2.6+0.0s
[640/1120]	[L1: 0.0271]	2.3+0.0s
[680/1120]	[L1: 0.0270]	2.3+0.0s
[720/1120]	[L1: 0.0272]	2.3+0.0s
[760/1120]	[L1: 0.0270]	2.3+0.0s
[800/1120]	[L1: 0.0268]	2.3+0.0s
[840/1120]	[L1: 0.0269]	2.4+0.0s
[880/1120]	[L1: 0.0269]	2.3+0.0s
[920/1120]	[L1: 0.0268]	2.3+0.0s
[960/1120]	[L1: 0.0267]	2.3+0.0s
[1000/1120]	[L1: 0.0266]	2.3+0.0s
[1040/1120]	[L1: 0.0267]	2.4+0.0s
[1080/1120]	[L1: 0.0267]	2.5+0.0s
[1120/1120]	[L1: 0.0267]	2.4+0.0s

Evaluation:
[RSSCN7 x3]	psnr: 29.118 (Best: 29.195 @epoch 160)
Total time: 14.96s

[Epoch 164]	Learning rate: 2.00e-4
[40/1120]	[L1: 0.0270]	2.5+0.0s
[80/1120]	[L1: 0.0276]	2.5+0.0s
[120/1120]	[L1: 0.0262]	2.4+0.0s
[160/1120]	[L1: 0.0274]	2.3+0.0s
[200/1120]	[L1: 0.0280]	2.3+0.0s
[240/1120]	[L1: 0.0275]	2.3+0.0s
[280/1120]	[L1: 0.0271]	2.3+0.0s
[320/1120]	[L1: 0.0268]	2.4+0.0s
[360/1120]	[L1: 0.0267]	2.4+0.0s
[400/1120]	[L1: 0.0266]	2.5+0.0s
[440/1120]	[L1: 0.0266]	2.5+0.0s
[480/1120]	[L1: 0.0266]	2.5+0.0s
[520/1120]	[L1: 0.0267]	2.5+0.0s
[560/1120]	[L1: 0.0268]	2.6+0.0s
[600/1120]	[L1: 0.0270]	2.5+0.0s
[640/1120]	[L1: 0.0269]	2.5+0.0s
[680/1120]	[L1: 0.0267]	2.5+0.0s
[720/1120]	[L1: 0.0265]	2.5+0.0s
[760/1120]	[L1: 0.0265]	2.5+0.0s
[800/1120]	[L1: 0.0266]	2.4+0.0s
[840/1120]	[L1: 0.0266]	2.5+0.0s
[880/1120]	[L1: 0.0269]	2.3+0.0s
[920/1120]	[L1: 0.0268]	2.4+0.0s
[960/1120]	[L1: 0.0269]	2.3+0.0s
[1000/1120]	[L1: 0.0269]	2.5+0.0s
[1040/1120]	[L1: 0.0269]	2.5+0.0s
[1080/1120]	[L1: 0.0269]	2.5+0.0s
[1120/1120]	[L1: 0.0269]	2.4+0.0s

Evaluation:
[RSSCN7 x3]	psnr: 29.138 (Best: 29.195 @epoch 160)
Total time: 15.00s

[Epoch 165]	Learning rate: 2.00e-4
[40/1120]	[L1: 0.0306]	2.5+0.0s
[80/1120]	[L1: 0.0287]	2.6+0.0s
[120/1120]	[L1: 0.0276]	2.5+0.0s
[160/1120]	[L1: 0.0278]	2.4+0.0s
[200/1120]	[L1: 0.0276]	2.4+0.0s
[240/1120]	[L1: 0.0276]	2.4+0.0s
[280/1120]	[L1: 0.0270]	2.4+0.0s
[320/1120]	[L1: 0.0267]	2.3+0.0s
[360/1120]	[L1: 0.0270]	2.4+0.0s
[400/1120]	[L1: 0.0274]	2.8+0.0s
[440/1120]	[L1: 0.0269]	2.7+0.0s
[480/1120]	[L1: 0.0271]	2.3+0.0s
[520/1120]	[L1: 0.0271]	2.3+0.0s
[560/1120]	[L1: 0.0274]	2.3+0.0s
[600/1120]	[L1: 0.0275]	2.3+0.0s
[640/1120]	[L1: 0.0274]	2.4+0.0s
[680/1120]	[L1: 0.0273]	2.3+0.0s
[720/1120]	[L1: 0.0274]	2.3+0.0s
[760/1120]	[L1: 0.0271]	2.3+0.0s
[800/1120]	[L1: 0.0273]	2.4+0.0s
[840/1120]	[L1: 0.0272]	2.4+0.0s
[880/1120]	[L1: 0.0272]	2.4+0.0s
[920/1120]	[L1: 0.0272]	2.7+0.0s
[960/1120]	[L1: 0.0270]	2.9+0.0s
[1000/1120]	[L1: 0.0269]	2.7+0.0s
[1040/1120]	[L1: 0.0269]	2.4+0.0s
[1080/1120]	[L1: 0.0268]	2.4+0.0s
[1120/1120]	[L1: 0.0267]	2.4+0.0s

Evaluation:
[RSSCN7 x3]	psnr: 29.178 (Best: 29.195 @epoch 160)
Total time: 14.90s

[Epoch 166]	Learning rate: 2.00e-4
[40/1120]	[L1: 0.0286]	2.9+0.0s
[80/1120]	[L1: 0.0263]	3.0+0.0s
[120/1120]	[L1: 0.0272]	2.7+0.0s
[160/1120]	[L1: 0.0266]	2.5+0.0s
[200/1120]	[L1: 0.0270]	2.3+0.0s
[240/1120]	[L1: 0.0270]	2.4+0.0s
[280/1120]	[L1: 0.0269]	2.4+0.0s
[320/1120]	[L1: 0.0275]	2.4+0.0s
[360/1120]	[L1: 0.0273]	2.4+0.0s
[400/1120]	[L1: 0.0271]	2.4+0.0s
[440/1120]	[L1: 0.0273]	3.0+0.0s
[480/1120]	[L1: 0.0271]	2.4+0.0s
[520/1120]	[L1: 0.0270]	2.4+0.0s
[560/1120]	[L1: 0.0269]	2.4+0.0s
[600/1120]	[L1: 0.0267]	2.5+0.0s
[640/1120]	[L1: 0.0266]	2.3+0.0s
[680/1120]	[L1: 0.0267]	2.5+0.0s
[720/1120]	[L1: 0.0266]	2.4+0.0s
[760/1120]	[L1: 0.0265]	2.4+0.0s
[800/1120]	[L1: 0.0264]	2.4+0.0s
[840/1120]	[L1: 0.0264]	2.5+0.0s
[880/1120]	[L1: 0.0264]	2.8+0.0s
[920/1120]	[L1: 0.0265]	2.9+0.0s
[960/1120]	[L1: 0.0264]	2.8+0.0s
[1000/1120]	[L1: 0.0264]	2.9+0.0s
[1040/1120]	[L1: 0.0263]	2.8+0.0s
[1080/1120]	[L1: 0.0264]	3.0+0.0s
[1120/1120]	[L1: 0.0264]	2.7+0.0s

Evaluation:
[RSSCN7 x3]	psnr: 29.170 (Best: 29.195 @epoch 160)
Total time: 14.97s

[Epoch 167]	Learning rate: 2.00e-4
[40/1120]	[L1: 0.0298]	2.6+0.0s
[80/1120]	[L1: 0.0279]	2.5+0.0s
[120/1120]	[L1: 0.0283]	2.6+0.0s
[160/1120]	[L1: 0.0278]	2.4+0.0s
[200/1120]	[L1: 0.0276]	2.6+0.0s
[240/1120]	[L1: 0.0273]	2.9+0.0s
[280/1120]	[L1: 0.0269]	3.0+0.0s
[320/1120]	[L1: 0.0270]	2.4+0.0s
[360/1120]	[L1: 0.0265]	2.6+0.0s
[400/1120]	[L1: 0.0263]	2.4+0.0s
[440/1120]	[L1: 0.0267]	2.5+0.0s
[480/1120]	[L1: 0.0266]	2.4+0.0s
[520/1120]	[L1: 0.0267]	2.6+0.0s
[560/1120]	[L1: 0.0270]	2.4+0.0s
[600/1120]	[L1: 0.0269]	2.5+0.0s
[640/1120]	[L1: 0.0270]	2.7+0.0s
[680/1120]	[L1: 0.0271]	2.4+0.0s
[720/1120]	[L1: 0.0270]	2.5+0.0s
[760/1120]	[L1: 0.0269]	2.4+0.0s
[800/1120]	[L1: 0.0270]	2.5+0.0s
[840/1120]	[L1: 0.0268]	2.6+0.0s
[880/1120]	[L1: 0.0268]	2.5+0.0s
[920/1120]	[L1: 0.0266]	2.5+0.0s
[960/1120]	[L1: 0.0266]	2.6+0.0s
[1000/1120]	[L1: 0.0266]	2.5+0.0s
[1040/1120]	[L1: 0.0267]	2.6+0.0s
[1080/1120]	[L1: 0.0267]	2.4+0.0s
[1120/1120]	[L1: 0.0267]	2.6+0.0s

Evaluation:
[RSSCN7 x3]	psnr: 29.108 (Best: 29.195 @epoch 160)
Total time: 14.98s

[Epoch 168]	Learning rate: 2.00e-4
[40/1120]	[L1: 0.0275]	2.5+0.0s
[80/1120]	[L1: 0.0251]	2.6+0.0s
[120/1120]	[L1: 0.0266]	2.4+0.0s
[160/1120]	[L1: 0.0269]	2.4+0.0s
[200/1120]	[L1: 0.0269]	2.5+0.0s
[240/1120]	[L1: 0.0270]	2.4+0.0s
[280/1120]	[L1: 0.0273]	2.6+0.0s
[320/1120]	[L1: 0.0274]	2.9+0.0s
[360/1120]	[L1: 0.0270]	2.9+0.0s
[400/1120]	[L1: 0.0267]	2.7+0.0s
[440/1120]	[L1: 0.0268]	2.5+0.0s
[480/1120]	[L1: 0.0268]	2.5+0.0s
[520/1120]	[L1: 0.0271]	2.5+0.0s
[560/1120]	[L1: 0.0270]	2.4+0.0s
[600/1120]	[L1: 0.0269]	2.4+0.0s
[640/1120]	[L1: 0.0270]	2.4+0.0s
[680/1120]	[L1: 0.0268]	2.3+0.0s
[720/1120]	[L1: 0.0270]	2.3+0.0s
[760/1120]	[L1: 0.0269]	2.4+0.0s
[800/1120]	[L1: 0.0269]	2.3+0.0s
[840/1120]	[L1: 0.0268]	2.3+0.0s
[880/1120]	[L1: 0.0267]	2.4+0.0s
[920/1120]	[L1: 0.0269]	2.3+0.0s
[960/1120]	[L1: 0.0267]	2.3+0.0s
[1000/1120]	[L1: 0.0268]	2.4+0.0s
[1040/1120]	[L1: 0.0269]	2.3+0.0s
[1080/1120]	[L1: 0.0268]	2.3+0.0s
[1120/1120]	[L1: 0.0269]	2.4+0.0s

Evaluation:
[RSSCN7 x3]	psnr: 28.943 (Best: 29.195 @epoch 160)
Total time: 14.91s

[Epoch 169]	Learning rate: 2.00e-4
[40/1120]	[L1: 0.0287]	2.6+0.0s
[80/1120]	[L1: 0.0247]	2.5+0.0s
[120/1120]	[L1: 0.0260]	2.4+0.0s
[160/1120]	[L1: 0.0271]	2.9+0.0s
[200/1120]	[L1: 0.0266]	2.7+0.0s
[240/1120]	[L1: 0.0269]	2.5+0.0s
[280/1120]	[L1: 0.0264]	2.8+0.0s
[320/1120]	[L1: 0.0263]	2.8+0.0s
[360/1120]	[L1: 0.0258]	2.8+0.0s
[400/1120]	[L1: 0.0260]	2.9+0.0s
[440/1120]	[L1: 0.0258]	2.8+0.0s
[480/1120]	[L1: 0.0261]	2.7+0.0s
[520/1120]	[L1: 0.0260]	2.4+0.0s
[560/1120]	[L1: 0.0262]	2.4+0.0s
[600/1120]	[L1: 0.0264]	2.4+0.0s
[640/1120]	[L1: 0.0265]	2.6+0.0s
[680/1120]	[L1: 0.0266]	2.5+0.0s
[720/1120]	[L1: 0.0265]	2.5+0.0s
[760/1120]	[L1: 0.0265]	2.6+0.0s
[800/1120]	[L1: 0.0264]	2.5+0.0s
[840/1120]	[L1: 0.0264]	2.5+0.0s
[880/1120]	[L1: 0.0264]	2.8+0.0s
[920/1120]	[L1: 0.0264]	2.9+0.0s
[960/1120]	[L1: 0.0264]	2.9+0.0s
[1000/1120]	[L1: 0.0266]	2.6+0.0s
[1040/1120]	[L1: 0.0267]	2.5+0.0s
[1080/1120]	[L1: 0.0266]	2.3+0.0s
[1120/1120]	[L1: 0.0267]	2.4+0.0s

Evaluation:
[RSSCN7 x3]	psnr: 29.131 (Best: 29.195 @epoch 160)
Total time: 14.94s

[Epoch 170]	Learning rate: 2.00e-4
[40/1120]	[L1: 0.0312]	2.6+0.0s
[80/1120]	[L1: 0.0288]	2.4+0.0s
[120/1120]	[L1: 0.0259]	2.3+0.0s
[160/1120]	[L1: 0.0263]	2.4+0.0s
[200/1120]	[L1: 0.0267]	2.3+0.0s
[240/1120]	[L1: 0.0271]	2.3+0.0s
[280/1120]	[L1: 0.0276]	2.5+0.0s
[320/1120]	[L1: 0.0277]	2.4+0.0s
[360/1120]	[L1: 0.0270]	2.3+0.0s
[400/1120]	[L1: 0.0271]	2.4+0.0s
[440/1120]	[L1: 0.0275]	2.3+0.0s
[480/1120]	[L1: 0.0272]	2.3+0.0s
[520/1120]	[L1: 0.0274]	2.4+0.0s
[560/1120]	[L1: 0.0275]	2.3+0.0s
[600/1120]	[L1: 0.0270]	2.3+0.0s
[640/1120]	[L1: 0.0270]	2.4+0.0s
[680/1120]	[L1: 0.0270]	2.3+0.0s
[720/1120]	[L1: 0.0272]	2.3+0.0s
[760/1120]	[L1: 0.0271]	2.4+0.0s
[800/1120]	[L1: 0.0271]	2.3+0.0s
[840/1120]	[L1: 0.0271]	2.4+0.0s
[880/1120]	[L1: 0.0268]	2.3+0.0s
[920/1120]	[L1: 0.0266]	2.3+0.0s
[960/1120]	[L1: 0.0266]	2.4+0.0s
[1000/1120]	[L1: 0.0267]	2.3+0.0s
[1040/1120]	[L1: 0.0266]	2.3+0.0s
[1080/1120]	[L1: 0.0268]	2.4+0.0s
[1120/1120]	[L1: 0.0267]	2.3+0.0s

Evaluation:
[RSSCN7 x3]	psnr: 29.085 (Best: 29.195 @epoch 160)
Total time: 15.02s

[Epoch 171]	Learning rate: 2.00e-4
[40/1120]	[L1: 0.0275]	2.6+0.0s
[80/1120]	[L1: 0.0255]	2.5+0.0s
[120/1120]	[L1: 0.0257]	2.8+0.0s
[160/1120]	[L1: 0.0266]	2.4+0.0s
[200/1120]	[L1: 0.0268]	2.4+0.0s
[240/1120]	[L1: 0.0269]	2.4+0.0s
[280/1120]	[L1: 0.0274]	2.5+0.0s
[320/1120]	[L1: 0.0273]	2.6+0.0s
[360/1120]	[L1: 0.0276]	2.5+0.0s
[400/1120]	[L1: 0.0273]	2.5+0.0s
[440/1120]	[L1: 0.0272]	2.6+0.0s
[480/1120]	[L1: 0.0269]	2.5+0.0s
[520/1120]	[L1: 0.0269]	2.6+0.0s
[560/1120]	[L1: 0.0269]	2.5+0.0s
[600/1120]	[L1: 0.0270]	2.5+0.0s
[640/1120]	[L1: 0.0270]	2.6+0.0s
[680/1120]	[L1: 0.0269]	2.5+0.0s
[720/1120]	[L1: 0.0269]	2.5+0.0s
[760/1120]	[L1: 0.0269]	2.5+0.0s
[800/1120]	[L1: 0.0268]	2.6+0.0s
[840/1120]	[L1: 0.0268]	2.9+0.0s
[880/1120]	[L1: 0.0267]	2.8+0.0s
[920/1120]	[L1: 0.0266]	2.5+0.0s
[960/1120]	[L1: 0.0268]	2.3+0.0s
[1000/1120]	[L1: 0.0268]	2.3+0.0s
[1040/1120]	[L1: 0.0268]	2.4+0.0s
[1080/1120]	[L1: 0.0269]	2.3+0.0s
[1120/1120]	[L1: 0.0268]	2.4+0.0s

Evaluation:
[RSSCN7 x3]	psnr: 29.129 (Best: 29.195 @epoch 160)
Total time: 14.96s

[Epoch 172]	Learning rate: 2.00e-4
[40/1120]	[L1: 0.0275]	2.5+0.0s
[80/1120]	[L1: 0.0261]	2.5+0.0s
[120/1120]	[L1: 0.0270]	2.4+0.0s
[160/1120]	[L1: 0.0264]	2.3+0.0s
[200/1120]	[L1: 0.0262]	2.4+0.0s
[240/1120]	[L1: 0.0262]	2.6+0.0s
[280/1120]	[L1: 0.0264]	2.7+0.0s
[320/1120]	[L1: 0.0268]	2.3+0.0s
[360/1120]	[L1: 0.0267]	2.4+0.0s
[400/1120]	[L1: 0.0269]	2.3+0.0s
[440/1120]	[L1: 0.0266]	2.3+0.0s
[480/1120]	[L1: 0.0264]	2.3+0.0s
[520/1120]	[L1: 0.0263]	2.4+0.0s
[560/1120]	[L1: 0.0261]	2.3+0.0s
[600/1120]	[L1: 0.0264]	2.3+0.0s
[640/1120]	[L1: 0.0264]	2.3+0.0s
[680/1120]	[L1: 0.0265]	2.5+0.0s
[720/1120]	[L1: 0.0266]	2.4+0.0s
[760/1120]	[L1: 0.0266]	2.3+0.0s
[800/1120]	[L1: 0.0266]	2.5+0.0s
[840/1120]	[L1: 0.0264]	2.4+0.0s
[880/1120]	[L1: 0.0264]	2.4+0.0s
[920/1120]	[L1: 0.0264]	2.4+0.0s
[960/1120]	[L1: 0.0265]	2.5+0.0s
[1000/1120]	[L1: 0.0267]	2.3+0.0s
[1040/1120]	[L1: 0.0265]	2.3+0.0s
[1080/1120]	[L1: 0.0264]	2.4+0.0s
[1120/1120]	[L1: 0.0266]	2.3+0.0s

Evaluation:
[RSSCN7 x3]	psnr: 29.067 (Best: 29.195 @epoch 160)
Total time: 15.00s

[Epoch 173]	Learning rate: 2.00e-4
[40/1120]	[L1: 0.0263]	2.6+0.0s
[80/1120]	[L1: 0.0279]	2.4+0.0s
[120/1120]	[L1: 0.0274]	2.5+0.0s
[160/1120]	[L1: 0.0268]	2.6+0.0s
[200/1120]	[L1: 0.0269]	2.9+0.0s
[240/1120]	[L1: 0.0271]	2.9+0.0s
[280/1120]	[L1: 0.0271]	3.0+0.0s
[320/1120]	[L1: 0.0270]	2.9+0.0s
[360/1120]	[L1: 0.0271]	2.8+0.0s
[400/1120]	[L1: 0.0271]	2.9+0.0s
[440/1120]	[L1: 0.0271]	2.3+0.0s
[480/1120]	[L1: 0.0273]	2.3+0.0s
[520/1120]	[L1: 0.0270]	2.4+0.0s
[560/1120]	[L1: 0.0268]	2.3+0.0s
[600/1120]	[L1: 0.0267]	2.3+0.0s
[640/1120]	[L1: 0.0270]	2.4+0.0s
[680/1120]	[L1: 0.0270]	2.3+0.0s
[720/1120]	[L1: 0.0270]	2.3+0.0s
[760/1120]	[L1: 0.0269]	2.5+0.0s
[800/1120]	[L1: 0.0270]	2.7+0.0s
[840/1120]	[L1: 0.0269]	2.3+0.0s
[880/1120]	[L1: 0.0267]	2.5+0.0s
[920/1120]	[L1: 0.0266]	2.4+0.0s
[960/1120]	[L1: 0.0265]	2.5+0.0s
[1000/1120]	[L1: 0.0266]	2.4+0.0s
[1040/1120]	[L1: 0.0267]	2.4+0.0s
[1080/1120]	[L1: 0.0267]	2.7+0.0s
[1120/1120]	[L1: 0.0267]	2.7+0.0s

Evaluation:
[RSSCN7 x3]	psnr: 29.176 (Best: 29.195 @epoch 160)
Total time: 15.01s

[Epoch 174]	Learning rate: 2.00e-4
[40/1120]	[L1: 0.0253]	2.6+0.0s
[80/1120]	[L1: 0.0282]	2.3+0.0s
[120/1120]	[L1: 0.0276]	2.4+0.0s
[160/1120]	[L1: 0.0268]	2.7+0.0s
[200/1120]	[L1: 0.0274]	2.9+0.0s
[240/1120]	[L1: 0.0269]	2.8+0.0s
[280/1120]	[L1: 0.0266]	2.6+0.0s
[320/1120]	[L1: 0.0260]	2.5+0.0s
[360/1120]	[L1: 0.0262]	2.6+0.0s
[400/1120]	[L1: 0.0263]	2.3+0.0s
[440/1120]	[L1: 0.0260]	2.4+0.0s
[480/1120]	[L1: 0.0261]	2.4+0.0s
[520/1120]	[L1: 0.0264]	2.5+0.0s
[560/1120]	[L1: 0.0265]	2.7+0.0s
[600/1120]	[L1: 0.0266]	2.5+0.0s
[640/1120]	[L1: 0.0269]	2.3+0.0s
[680/1120]	[L1: 0.0270]	2.4+0.0s
[720/1120]	[L1: 0.0270]	2.6+0.0s
[760/1120]	[L1: 0.0270]	2.8+0.0s
[800/1120]	[L1: 0.0268]	2.7+0.0s
[840/1120]	[L1: 0.0266]	2.5+0.0s
[880/1120]	[L1: 0.0267]	2.6+0.0s
[920/1120]	[L1: 0.0267]	2.5+0.0s
[960/1120]	[L1: 0.0266]	2.5+0.0s
[1000/1120]	[L1: 0.0263]	2.3+0.0s
[1040/1120]	[L1: 0.0263]	2.4+0.0s
[1080/1120]	[L1: 0.0262]	2.3+0.0s
[1120/1120]	[L1: 0.0264]	2.4+0.0s

Evaluation:
[RSSCN7 x3]	psnr: 29.161 (Best: 29.195 @epoch 160)
Total time: 14.97s

[Epoch 175]	Learning rate: 2.00e-4
[40/1120]	[L1: 0.0292]	2.4+0.0s
[80/1120]	[L1: 0.0284]	2.5+0.0s
[120/1120]	[L1: 0.0285]	2.4+0.0s
[160/1120]	[L1: 0.0280]	2.3+0.0s
[200/1120]	[L1: 0.0279]	2.4+0.0s
[240/1120]	[L1: 0.0274]	2.3+0.0s
[280/1120]	[L1: 0.0270]	2.4+0.0s
[320/1120]	[L1: 0.0271]	2.3+0.0s
[360/1120]	[L1: 0.0272]	2.3+0.0s
[400/1120]	[L1: 0.0269]	2.4+0.0s
[440/1120]	[L1: 0.0272]	2.3+0.0s
[480/1120]	[L1: 0.0271]	2.3+0.0s
[520/1120]	[L1: 0.0271]	2.4+0.0s
[560/1120]	[L1: 0.0266]	2.3+0.0s
[600/1120]	[L1: 0.0266]	2.3+0.0s
[640/1120]	[L1: 0.0264]	2.4+0.0s
[680/1120]	[L1: 0.0265]	2.3+0.0s
[720/1120]	[L1: 0.0266]	2.3+0.0s
[760/1120]	[L1: 0.0266]	2.4+0.0s
[800/1120]	[L1: 0.0265]	2.3+0.0s
[840/1120]	[L1: 0.0264]	2.3+0.0s
[880/1120]	[L1: 0.0265]	2.4+0.0s
[920/1120]	[L1: 0.0265]	2.3+0.0s
[960/1120]	[L1: 0.0264]	2.3+0.0s
[1000/1120]	[L1: 0.0264]	2.4+0.0s
[1040/1120]	[L1: 0.0264]	2.3+0.0s
[1080/1120]	[L1: 0.0266]	2.3+0.0s
[1120/1120]	[L1: 0.0267]	2.4+0.0s

Evaluation:
[RSSCN7 x3]	psnr: 29.111 (Best: 29.195 @epoch 160)
Total time: 14.99s

[Epoch 176]	Learning rate: 2.00e-4
[40/1120]	[L1: 0.0258]	2.7+0.0s
[80/1120]	[L1: 0.0278]	2.5+0.0s
[120/1120]	[L1: 0.0271]	2.9+0.0s
[160/1120]	[L1: 0.0277]	2.6+0.0s
[200/1120]	[L1: 0.0277]	2.5+0.0s
[240/1120]	[L1: 0.0283]	2.5+0.0s
[280/1120]	[L1: 0.0282]	2.6+0.0s
[320/1120]	[L1: 0.0281]	2.5+0.0s
[360/1120]	[L1: 0.0281]	2.5+0.0s
[400/1120]	[L1: 0.0278]	2.6+0.0s
[440/1120]	[L1: 0.0275]	2.5+0.0s
[480/1120]	[L1: 0.0275]	2.5+0.0s
[520/1120]	[L1: 0.0274]	2.6+0.0s
[560/1120]	[L1: 0.0272]	2.4+0.0s
[600/1120]	[L1: 0.0273]	2.5+0.0s
[640/1120]	[L1: 0.0274]	2.8+0.0s
[680/1120]	[L1: 0.0273]	2.9+0.0s
[720/1120]	[L1: 0.0271]	2.5+0.0s
[760/1120]	[L1: 0.0269]	2.5+0.0s
[800/1120]	[L1: 0.0266]	2.3+0.0s
[840/1120]	[L1: 0.0269]	2.4+0.0s
[880/1120]	[L1: 0.0267]	2.5+0.0s
[920/1120]	[L1: 0.0266]	2.4+0.0s
[960/1120]	[L1: 0.0267]	2.3+0.0s
[1000/1120]	[L1: 0.0267]	2.4+0.0s
[1040/1120]	[L1: 0.0266]	2.3+0.0s
[1080/1120]	[L1: 0.0266]	2.3+0.0s
[1120/1120]	[L1: 0.0265]	2.4+0.0s

Evaluation:
[RSSCN7 x3]	psnr: 29.022 (Best: 29.195 @epoch 160)
Total time: 14.95s

[Epoch 177]	Learning rate: 2.00e-4
[40/1120]	[L1: 0.0277]	2.6+0.0s
[80/1120]	[L1: 0.0274]	2.4+0.0s
[120/1120]	[L1: 0.0282]	2.4+0.0s
[160/1120]	[L1: 0.0285]	2.4+0.0s
[200/1120]	[L1: 0.0280]	2.3+0.0s
[240/1120]	[L1: 0.0280]	2.3+0.0s
[280/1120]	[L1: 0.0275]	2.4+0.0s
[320/1120]	[L1: 0.0273]	2.3+0.0s
[360/1120]	[L1: 0.0271]	2.3+0.0s
[400/1120]	[L1: 0.0269]	2.4+0.0s
[440/1120]	[L1: 0.0265]	2.3+0.0s
[480/1120]	[L1: 0.0265]	2.3+0.0s
[520/1120]	[L1: 0.0263]	2.4+0.0s
[560/1120]	[L1: 0.0264]	2.3+0.0s
[600/1120]	[L1: 0.0266]	2.3+0.0s
[640/1120]	[L1: 0.0268]	2.4+0.0s
[680/1120]	[L1: 0.0267]	2.7+0.0s
[720/1120]	[L1: 0.0265]	2.8+0.0s
[760/1120]	[L1: 0.0266]	2.8+0.0s
[800/1120]	[L1: 0.0266]	2.4+0.0s
[840/1120]	[L1: 0.0265]	2.5+0.0s
[880/1120]	[L1: 0.0265]	2.3+0.0s
[920/1120]	[L1: 0.0266]	2.4+0.0s
[960/1120]	[L1: 0.0266]	2.5+0.0s
[1000/1120]	[L1: 0.0266]	2.4+0.0s
[1040/1120]	[L1: 0.0265]	2.4+0.0s
[1080/1120]	[L1: 0.0266]	2.4+0.0s
[1120/1120]	[L1: 0.0266]	2.3+0.0s

Evaluation:
[RSSCN7 x3]	psnr: 29.070 (Best: 29.195 @epoch 160)
Total time: 14.95s

[Epoch 178]	Learning rate: 2.00e-4
[40/1120]	[L1: 0.0264]	2.6+0.0s
[80/1120]	[L1: 0.0270]	2.5+0.0s
[120/1120]	[L1: 0.0269]	2.5+0.0s
[160/1120]	[L1: 0.0260]	2.4+0.0s
[200/1120]	[L1: 0.0265]	2.4+0.0s
[240/1120]	[L1: 0.0269]	2.5+0.0s
[280/1120]	[L1: 0.0274]	2.4+0.0s
[320/1120]	[L1: 0.0280]	2.4+0.0s
[360/1120]	[L1: 0.0274]	2.3+0.0s
[400/1120]	[L1: 0.0276]	2.3+0.0s
[440/1120]	[L1: 0.0278]	2.4+0.0s
[480/1120]	[L1: 0.0274]	2.3+0.0s
[520/1120]	[L1: 0.0273]	2.4+0.0s
[560/1120]	[L1: 0.0271]	2.3+0.0s
[600/1120]	[L1: 0.0270]	2.3+0.0s
[640/1120]	[L1: 0.0269]	2.4+0.0s
[680/1120]	[L1: 0.0268]	2.3+0.0s
[720/1120]	[L1: 0.0267]	2.4+0.0s
[760/1120]	[L1: 0.0266]	2.3+0.0s
[800/1120]	[L1: 0.0265]	2.4+0.0s
[840/1120]	[L1: 0.0267]	2.4+0.0s
[880/1120]	[L1: 0.0269]	2.3+0.0s
[920/1120]	[L1: 0.0269]	2.4+0.0s
[960/1120]	[L1: 0.0267]	2.3+0.0s
[1000/1120]	[L1: 0.0268]	2.3+0.0s
[1040/1120]	[L1: 0.0266]	2.5+0.0s
[1080/1120]	[L1: 0.0268]	2.4+0.0s
[1120/1120]	[L1: 0.0267]	2.4+0.0s

Evaluation:
[RSSCN7 x3]	psnr: 29.116 (Best: 29.195 @epoch 160)
Total time: 14.89s

[Epoch 179]	Learning rate: 2.00e-4
[40/1120]	[L1: 0.0249]	2.5+0.0s
[80/1120]	[L1: 0.0254]	2.5+0.0s
[120/1120]	[L1: 0.0257]	2.3+0.0s
[160/1120]	[L1: 0.0255]	2.4+0.0s
[200/1120]	[L1: 0.0244]	2.4+0.0s
[240/1120]	[L1: 0.0246]	2.4+0.0s
[280/1120]	[L1: 0.0248]	2.3+0.0s
[320/1120]	[L1: 0.0247]	2.4+0.0s
[360/1120]	[L1: 0.0249]	2.4+0.0s
[400/1120]	[L1: 0.0255]	2.4+0.0s
[440/1120]	[L1: 0.0258]	2.4+0.0s
[480/1120]	[L1: 0.0259]	2.3+0.0s
[520/1120]	[L1: 0.0260]	2.4+0.0s
[560/1120]	[L1: 0.0259]	2.3+0.0s
[600/1120]	[L1: 0.0261]	2.3+0.0s
[640/1120]	[L1: 0.0261]	2.3+0.0s
[680/1120]	[L1: 0.0261]	2.5+0.0s
[720/1120]	[L1: 0.0260]	2.3+0.0s
[760/1120]	[L1: 0.0261]	2.4+0.0s
[800/1120]	[L1: 0.0262]	2.5+0.0s
[840/1120]	[L1: 0.0264]	2.3+0.0s
[880/1120]	[L1: 0.0264]	2.4+0.0s
[920/1120]	[L1: 0.0265]	2.4+0.0s
[960/1120]	[L1: 0.0266]	2.6+0.0s
[1000/1120]	[L1: 0.0266]	2.5+0.0s
[1040/1120]	[L1: 0.0266]	2.4+0.0s
[1080/1120]	[L1: 0.0264]	2.6+0.0s
[1120/1120]	[L1: 0.0265]	2.4+0.0s

Evaluation:
[RSSCN7 x3]	psnr: 29.084 (Best: 29.195 @epoch 160)
Total time: 14.95s

[Epoch 180]	Learning rate: 2.00e-4
[40/1120]	[L1: 0.0255]	2.6+0.1s
[80/1120]	[L1: 0.0249]	2.4+0.0s
[120/1120]	[L1: 0.0259]	2.4+0.0s
[160/1120]	[L1: 0.0252]	2.5+0.0s
[200/1120]	[L1: 0.0244]	2.3+0.0s
[240/1120]	[L1: 0.0247]	2.3+0.0s
[280/1120]	[L1: 0.0249]	2.4+0.0s
[320/1120]	[L1: 0.0255]	2.3+0.0s
[360/1120]	[L1: 0.0257]	2.3+0.0s
[400/1120]	[L1: 0.0257]	2.4+0.0s
[440/1120]	[L1: 0.0257]	2.3+0.0s
[480/1120]	[L1: 0.0257]	2.3+0.0s
[520/1120]	[L1: 0.0260]	2.4+0.0s
[560/1120]	[L1: 0.0258]	2.3+0.0s
[600/1120]	[L1: 0.0258]	2.3+0.0s
[640/1120]	[L1: 0.0259]	2.4+0.0s
[680/1120]	[L1: 0.0262]	2.3+0.0s
[720/1120]	[L1: 0.0261]	2.3+0.0s
[760/1120]	[L1: 0.0261]	2.4+0.0s
[800/1120]	[L1: 0.0260]	2.3+0.0s
[840/1120]	[L1: 0.0262]	2.3+0.0s
[880/1120]	[L1: 0.0263]	2.4+0.0s
[920/1120]	[L1: 0.0262]	2.3+0.0s
[960/1120]	[L1: 0.0263]	2.4+0.0s
[1000/1120]	[L1: 0.0264]	2.3+0.0s
[1040/1120]	[L1: 0.0264]	2.3+0.0s
[1080/1120]	[L1: 0.0265]	2.4+0.0s
[1120/1120]	[L1: 0.0265]	2.3+0.0s

Evaluation:
[RSSCN7 x3]	psnr: 29.147 (Best: 29.195 @epoch 160)
Total time: 14.97s

[Epoch 181]	Learning rate: 2.00e-4
[40/1120]	[L1: 0.0262]	3.0+0.0s
[80/1120]	[L1: 0.0249]	2.8+0.0s
[120/1120]	[L1: 0.0252]	2.9+0.0s
[160/1120]	[L1: 0.0260]	2.8+0.0s
[200/1120]	[L1: 0.0261]	2.5+0.0s
[240/1120]	[L1: 0.0260]	2.8+0.0s
[280/1120]	[L1: 0.0262]	3.0+0.0s
[320/1120]	[L1: 0.0259]	3.1+0.0s
[360/1120]	[L1: 0.0262]	2.9+0.0s
[400/1120]	[L1: 0.0261]	2.5+0.0s
[440/1120]	[L1: 0.0267]	2.7+0.0s
[480/1120]	[L1: 0.0266]	2.9+0.0s
[520/1120]	[L1: 0.0266]	3.0+0.0s
[560/1120]	[L1: 0.0265]	2.7+0.0s
[600/1120]	[L1: 0.0266]	2.5+0.0s
[640/1120]	[L1: 0.0266]	2.6+0.0s
[680/1120]	[L1: 0.0265]	2.8+0.0s
[720/1120]	[L1: 0.0265]	2.9+0.0s
[760/1120]	[L1: 0.0263]	2.5+0.0s
[800/1120]	[L1: 0.0264]	2.4+0.0s
[840/1120]	[L1: 0.0265]	2.8+0.0s
[880/1120]	[L1: 0.0266]	2.6+0.0s
[920/1120]	[L1: 0.0266]	2.5+0.0s
[960/1120]	[L1: 0.0267]	2.8+0.0s
[1000/1120]	[L1: 0.0268]	2.4+0.0s
[1040/1120]	[L1: 0.0268]	2.4+0.0s
[1080/1120]	[L1: 0.0268]	2.3+0.0s
[1120/1120]	[L1: 0.0268]	2.4+0.0s

Evaluation:
[RSSCN7 x3]	psnr: 29.131 (Best: 29.195 @epoch 160)
Total time: 15.01s

[Epoch 182]	Learning rate: 2.00e-4
[40/1120]	[L1: 0.0240]	2.5+0.0s
[80/1120]	[L1: 0.0268]	2.4+0.0s
[120/1120]	[L1: 0.0266]	2.3+0.0s
[160/1120]	[L1: 0.0265]	2.3+0.0s
[200/1120]	[L1: 0.0261]	2.3+0.0s
[240/1120]	[L1: 0.0259]	2.4+0.0s
[280/1120]	[L1: 0.0255]	2.3+0.0s
[320/1120]	[L1: 0.0258]	2.3+0.0s
[360/1120]	[L1: 0.0258]	2.3+0.0s
[400/1120]	[L1: 0.0262]	2.4+0.0s
[440/1120]	[L1: 0.0262]	2.3+0.0s
[480/1120]	[L1: 0.0264]	2.3+0.0s
[520/1120]	[L1: 0.0268]	2.4+0.0s
[560/1120]	[L1: 0.0269]	2.5+0.0s
[600/1120]	[L1: 0.0268]	2.8+0.0s
[640/1120]	[L1: 0.0269]	2.9+0.0s
[680/1120]	[L1: 0.0269]	2.6+0.0s
[720/1120]	[L1: 0.0268]	2.5+0.0s
[760/1120]	[L1: 0.0267]	2.5+0.0s
[800/1120]	[L1: 0.0266]	2.8+0.0s
[840/1120]	[L1: 0.0265]	2.8+0.0s
[880/1120]	[L1: 0.0265]	2.5+0.0s
[920/1120]	[L1: 0.0265]	2.8+0.0s
[960/1120]	[L1: 0.0264]	3.1+0.0s
[1000/1120]	[L1: 0.0264]	3.0+0.0s
[1040/1120]	[L1: 0.0264]	2.9+0.0s
[1080/1120]	[L1: 0.0264]	2.5+0.0s
[1120/1120]	[L1: 0.0264]	2.5+0.0s

Evaluation:
[RSSCN7 x3]	psnr: 29.180 (Best: 29.195 @epoch 160)
Total time: 14.94s

[Epoch 183]	Learning rate: 2.00e-4
[40/1120]	[L1: 0.0288]	2.7+0.0s
[80/1120]	[L1: 0.0264]	2.5+0.0s
[120/1120]	[L1: 0.0262]	2.5+0.0s
[160/1120]	[L1: 0.0257]	2.6+0.0s
[200/1120]	[L1: 0.0262]	3.1+0.0s
[240/1120]	[L1: 0.0259]	2.9+0.0s
[280/1120]	[L1: 0.0256]	2.5+0.0s
[320/1120]	[L1: 0.0253]	2.3+0.0s
[360/1120]	[L1: 0.0259]	2.4+0.0s
[400/1120]	[L1: 0.0262]	2.3+0.0s
[440/1120]	[L1: 0.0267]	2.3+0.0s
[480/1120]	[L1: 0.0266]	2.4+0.0s
[520/1120]	[L1: 0.0264]	2.6+0.0s
[560/1120]	[L1: 0.0263]	2.3+0.0s
[600/1120]	[L1: 0.0265]	2.3+0.0s
[640/1120]	[L1: 0.0266]	2.4+0.0s
[680/1120]	[L1: 0.0264]	2.3+0.0s
[720/1120]	[L1: 0.0266]	2.3+0.0s
[760/1120]	[L1: 0.0267]	2.4+0.0s
[800/1120]	[L1: 0.0267]	2.3+0.0s
[840/1120]	[L1: 0.0269]	2.3+0.0s
[880/1120]	[L1: 0.0268]	2.3+0.0s
[920/1120]	[L1: 0.0267]	2.4+0.0s
[960/1120]	[L1: 0.0268]	2.3+0.0s
[1000/1120]	[L1: 0.0267]	2.3+0.0s
[1040/1120]	[L1: 0.0267]	2.3+0.0s
[1080/1120]	[L1: 0.0267]	2.4+0.0s
[1120/1120]	[L1: 0.0265]	2.3+0.0s

Evaluation:
[RSSCN7 x3]	psnr: 29.079 (Best: 29.195 @epoch 160)
Total time: 14.93s

[Epoch 184]	Learning rate: 2.00e-4
[40/1120]	[L1: 0.0254]	2.6+0.0s
[80/1120]	[L1: 0.0288]	2.5+0.0s
[120/1120]	[L1: 0.0282]	2.5+0.0s
[160/1120]	[L1: 0.0284]	2.3+0.0s
[200/1120]	[L1: 0.0282]	2.3+0.0s
[240/1120]	[L1: 0.0277]	2.4+0.0s
[280/1120]	[L1: 0.0275]	2.3+0.0s
[320/1120]	[L1: 0.0270]	2.6+0.0s
[360/1120]	[L1: 0.0272]	2.5+0.0s
[400/1120]	[L1: 0.0269]	2.5+0.0s
[440/1120]	[L1: 0.0264]	2.5+0.0s
[480/1120]	[L1: 0.0263]	2.3+0.0s
[520/1120]	[L1: 0.0262]	2.5+0.0s
[560/1120]	[L1: 0.0266]	2.3+0.0s
[600/1120]	[L1: 0.0265]	2.4+0.0s
[640/1120]	[L1: 0.0265]	2.5+0.0s
[680/1120]	[L1: 0.0266]	2.3+0.0s
[720/1120]	[L1: 0.0269]	2.4+0.0s
[760/1120]	[L1: 0.0268]	2.3+0.0s
[800/1120]	[L1: 0.0266]	2.3+0.0s
[840/1120]	[L1: 0.0266]	2.4+0.0s
[880/1120]	[L1: 0.0266]	2.4+0.0s
[920/1120]	[L1: 0.0266]	3.0+0.0s
[960/1120]	[L1: 0.0267]	2.7+0.0s
[1000/1120]	[L1: 0.0267]	2.5+0.0s
[1040/1120]	[L1: 0.0268]	2.6+0.0s
[1080/1120]	[L1: 0.0268]	2.4+0.0s
[1120/1120]	[L1: 0.0267]	2.5+0.0s

Evaluation:
[RSSCN7 x3]	psnr: 29.185 (Best: 29.195 @epoch 160)
Total time: 14.90s

[Epoch 185]	Learning rate: 2.00e-4
[40/1120]	[L1: 0.0285]	2.4+0.0s
[80/1120]	[L1: 0.0269]	2.5+0.0s
[120/1120]	[L1: 0.0269]	2.4+0.0s
[160/1120]	[L1: 0.0258]	2.4+0.0s
[200/1120]	[L1: 0.0265]	2.3+0.0s
[240/1120]	[L1: 0.0270]	2.4+0.0s
[280/1120]	[L1: 0.0273]	2.3+0.0s
[320/1120]	[L1: 0.0271]	2.3+0.0s
[360/1120]	[L1: 0.0270]	2.4+0.0s
[400/1120]	[L1: 0.0269]	2.3+0.0s
[440/1120]	[L1: 0.0267]	2.4+0.0s
[480/1120]	[L1: 0.0269]	2.3+0.0s
[520/1120]	[L1: 0.0267]	2.4+0.0s
[560/1120]	[L1: 0.0268]	2.3+0.0s
[600/1120]	[L1: 0.0269]	2.3+0.0s
[640/1120]	[L1: 0.0269]	2.7+0.0s
[680/1120]	[L1: 0.0267]	2.9+0.0s
[720/1120]	[L1: 0.0267]	2.4+0.0s
[760/1120]	[L1: 0.0268]	2.3+0.0s
[800/1120]	[L1: 0.0267]	2.4+0.0s
[840/1120]	[L1: 0.0265]	2.3+0.0s
[880/1120]	[L1: 0.0266]	2.3+0.0s
[920/1120]	[L1: 0.0267]	2.9+0.0s
[960/1120]	[L1: 0.0267]	3.0+0.0s
[1000/1120]	[L1: 0.0267]	2.4+0.0s
[1040/1120]	[L1: 0.0268]	2.4+0.0s
[1080/1120]	[L1: 0.0266]	2.4+0.0s
[1120/1120]	[L1: 0.0266]	2.5+0.0s

Evaluation:
[RSSCN7 x3]	psnr: 29.148 (Best: 29.195 @epoch 160)
Total time: 15.08s

[Epoch 186]	Learning rate: 2.00e-4
[40/1120]	[L1: 0.0259]	2.7+0.0s
[80/1120]	[L1: 0.0259]	2.6+0.0s
[120/1120]	[L1: 0.0259]	2.5+0.0s
[160/1120]	[L1: 0.0262]	2.6+0.0s
[200/1120]	[L1: 0.0261]	2.4+0.0s
[240/1120]	[L1: 0.0258]	2.4+0.0s
[280/1120]	[L1: 0.0261]	2.5+0.0s
[320/1120]	[L1: 0.0263]	2.7+0.0s
[360/1120]	[L1: 0.0260]	2.8+0.0s
[400/1120]	[L1: 0.0260]	2.7+0.0s
[440/1120]	[L1: 0.0257]	2.4+0.0s
[480/1120]	[L1: 0.0258]	2.3+0.0s
[520/1120]	[L1: 0.0260]	2.4+0.0s
[560/1120]	[L1: 0.0262]	2.3+0.0s
[600/1120]	[L1: 0.0261]	2.3+0.0s
[640/1120]	[L1: 0.0263]	2.5+0.0s
[680/1120]	[L1: 0.0267]	2.3+0.0s
[720/1120]	[L1: 0.0266]	2.3+0.0s
[760/1120]	[L1: 0.0266]	2.4+0.0s
[800/1120]	[L1: 0.0266]	2.3+0.0s
[840/1120]	[L1: 0.0267]	2.4+0.0s
[880/1120]	[L1: 0.0268]	2.5+0.0s
[920/1120]	[L1: 0.0266]	2.3+0.0s
[960/1120]	[L1: 0.0267]	2.4+0.0s
[1000/1120]	[L1: 0.0267]	2.3+0.0s
[1040/1120]	[L1: 0.0267]	2.3+0.0s
[1080/1120]	[L1: 0.0267]	2.4+0.0s
[1120/1120]	[L1: 0.0267]	2.3+0.0s

Evaluation:
[RSSCN7 x3]	psnr: 29.136 (Best: 29.195 @epoch 160)
Total time: 14.92s

[Epoch 187]	Learning rate: 2.00e-4
[40/1120]	[L1: 0.0268]	2.6+0.0s
[80/1120]	[L1: 0.0269]	2.4+0.0s
[120/1120]	[L1: 0.0264]	2.6+0.0s
[160/1120]	[L1: 0.0260]	2.5+0.0s
[200/1120]	[L1: 0.0267]	2.4+0.0s
[240/1120]	[L1: 0.0271]	2.4+0.0s
[280/1120]	[L1: 0.0274]	2.3+0.0s
[320/1120]	[L1: 0.0273]	2.4+0.0s
[360/1120]	[L1: 0.0269]	2.7+0.0s
[400/1120]	[L1: 0.0267]	2.4+0.0s
[440/1120]	[L1: 0.0264]	2.5+0.0s
[480/1120]	[L1: 0.0265]	2.5+0.0s
[520/1120]	[L1: 0.0265]	2.6+0.0s
[560/1120]	[L1: 0.0271]	2.8+0.0s
[600/1120]	[L1: 0.0269]	2.8+0.0s
[640/1120]	[L1: 0.0270]	2.6+0.0s
[680/1120]	[L1: 0.0270]	2.4+0.0s
[720/1120]	[L1: 0.0267]	2.5+0.0s
[760/1120]	[L1: 0.0267]	2.4+0.0s
[800/1120]	[L1: 0.0268]	2.3+0.0s
[840/1120]	[L1: 0.0269]	2.5+0.0s
[880/1120]	[L1: 0.0267]	2.4+0.0s
[920/1120]	[L1: 0.0267]	2.5+0.0s
[960/1120]	[L1: 0.0267]	2.4+0.0s
[1000/1120]	[L1: 0.0266]	2.4+0.0s
[1040/1120]	[L1: 0.0266]	2.5+0.0s
[1080/1120]	[L1: 0.0267]	2.4+0.0s
[1120/1120]	[L1: 0.0267]	2.8+0.0s

Evaluation:
[RSSCN7 x3]	psnr: 29.112 (Best: 29.195 @epoch 160)
Total time: 14.94s

[Epoch 188]	Learning rate: 2.00e-4
[40/1120]	[L1: 0.0295]	2.5+0.0s
[80/1120]	[L1: 0.0273]	2.6+0.0s
[120/1120]	[L1: 0.0274]	2.5+0.0s
[160/1120]	[L1: 0.0274]	2.5+0.0s
[200/1120]	[L1: 0.0272]	2.4+0.0s
[240/1120]	[L1: 0.0274]	2.5+0.0s
[280/1120]	[L1: 0.0273]	2.7+0.0s
[320/1120]	[L1: 0.0268]	2.7+0.0s
[360/1120]	[L1: 0.0268]	2.3+0.0s
[400/1120]	[L1: 0.0270]	2.5+0.0s
[440/1120]	[L1: 0.0269]	2.3+0.0s
[480/1120]	[L1: 0.0270]	2.3+0.0s
[520/1120]	[L1: 0.0270]	2.4+0.0s
[560/1120]	[L1: 0.0269]	2.6+0.0s
[600/1120]	[L1: 0.0269]	2.8+0.0s
[640/1120]	[L1: 0.0269]	2.7+0.0s
[680/1120]	[L1: 0.0267]	2.4+0.0s
[720/1120]	[L1: 0.0267]	2.3+0.0s
[760/1120]	[L1: 0.0267]	2.4+0.0s
[800/1120]	[L1: 0.0265]	2.6+0.0s
[840/1120]	[L1: 0.0266]	2.4+0.0s
[880/1120]	[L1: 0.0267]	2.4+0.0s
[920/1120]	[L1: 0.0268]	2.3+0.0s
[960/1120]	[L1: 0.0266]	2.4+0.0s
[1000/1120]	[L1: 0.0265]	2.3+0.0s
[1040/1120]	[L1: 0.0265]	2.3+0.0s
[1080/1120]	[L1: 0.0264]	2.4+0.0s
[1120/1120]	[L1: 0.0265]	2.5+0.0s

Evaluation:
[RSSCN7 x3]	psnr: 29.143 (Best: 29.195 @epoch 160)
Total time: 14.96s

[Epoch 189]	Learning rate: 2.00e-4
[40/1120]	[L1: 0.0260]	2.6+0.0s
[80/1120]	[L1: 0.0252]	2.7+0.0s
[120/1120]	[L1: 0.0261]	2.8+0.0s
[160/1120]	[L1: 0.0261]	2.7+0.0s
[200/1120]	[L1: 0.0262]	2.7+0.0s
[240/1120]	[L1: 0.0264]	2.8+0.0s
[280/1120]	[L1: 0.0265]	2.8+0.0s
[320/1120]	[L1: 0.0268]	2.8+0.0s
[360/1120]	[L1: 0.0272]	2.9+0.0s
[400/1120]	[L1: 0.0272]	2.4+0.0s
[440/1120]	[L1: 0.0269]	2.4+0.0s
[480/1120]	[L1: 0.0269]	2.4+0.0s
[520/1120]	[L1: 0.0267]	2.4+0.0s
[560/1120]	[L1: 0.0267]	2.6+0.0s
[600/1120]	[L1: 0.0267]	2.8+0.0s
[640/1120]	[L1: 0.0267]	2.9+0.0s
[680/1120]	[L1: 0.0267]	2.8+0.0s
[720/1120]	[L1: 0.0266]	2.8+0.0s
[760/1120]	[L1: 0.0268]	2.7+0.0s
[800/1120]	[L1: 0.0268]	2.4+0.0s
[840/1120]	[L1: 0.0271]	2.5+0.0s
[880/1120]	[L1: 0.0269]	2.9+0.0s
[920/1120]	[L1: 0.0268]	3.1+0.0s
[960/1120]	[L1: 0.0268]	3.0+0.0s
[1000/1120]	[L1: 0.0268]	2.9+0.0s
[1040/1120]	[L1: 0.0268]	2.6+0.0s
[1080/1120]	[L1: 0.0266]	2.5+0.0s
[1120/1120]	[L1: 0.0267]	2.3+0.0s

Evaluation:
[RSSCN7 x3]	psnr: 29.006 (Best: 29.195 @epoch 160)
Total time: 14.89s

[Epoch 190]	Learning rate: 2.00e-4
[40/1120]	[L1: 0.0292]	2.6+0.0s
[80/1120]	[L1: 0.0292]	2.3+0.0s
[120/1120]	[L1: 0.0277]	2.4+0.0s
[160/1120]	[L1: 0.0271]	2.3+0.0s
[200/1120]	[L1: 0.0273]	2.3+0.0s
[240/1120]	[L1: 0.0268]	2.4+0.0s
[280/1120]	[L1: 0.0271]	2.3+0.0s
[320/1120]	[L1: 0.0268]	2.4+0.0s
[360/1120]	[L1: 0.0263]	2.3+0.0s
[400/1120]	[L1: 0.0266]	2.3+0.0s
[440/1120]	[L1: 0.0267]	2.4+0.0s
[480/1120]	[L1: 0.0265]	2.3+0.0s
[520/1120]	[L1: 0.0265]	2.7+0.0s
[560/1120]	[L1: 0.0265]	2.7+0.0s
[600/1120]	[L1: 0.0265]	2.6+0.0s
[640/1120]	[L1: 0.0268]	2.4+0.0s
[680/1120]	[L1: 0.0269]	2.3+0.0s
[720/1120]	[L1: 0.0267]	2.4+0.0s
[760/1120]	[L1: 0.0268]	2.3+0.0s
[800/1120]	[L1: 0.0265]	2.3+0.0s
[840/1120]	[L1: 0.0267]	2.4+0.0s
[880/1120]	[L1: 0.0267]	2.3+0.0s
[920/1120]	[L1: 0.0267]	2.4+0.0s
[960/1120]	[L1: 0.0268]	2.4+0.0s
[1000/1120]	[L1: 0.0268]	2.5+0.0s
[1040/1120]	[L1: 0.0269]	2.6+0.0s
[1080/1120]	[L1: 0.0269]	2.5+0.0s
[1120/1120]	[L1: 0.0267]	2.5+0.0s

Evaluation:
[RSSCN7 x3]	psnr: 29.111 (Best: 29.195 @epoch 160)
Total time: 14.96s

[Epoch 191]	Learning rate: 2.00e-4
[40/1120]	[L1: 0.0267]	3.0+0.1s
[80/1120]	[L1: 0.0258]	3.1+0.0s
[120/1120]	[L1: 0.0249]	2.9+0.0s
[160/1120]	[L1: 0.0251]	2.9+0.0s
[200/1120]	[L1: 0.0257]	2.9+0.0s
[240/1120]	[L1: 0.0263]	2.8+0.0s
[280/1120]	[L1: 0.0264]	2.4+0.0s
[320/1120]	[L1: 0.0259]	2.5+0.0s
[360/1120]	[L1: 0.0262]	2.4+0.0s
[400/1120]	[L1: 0.0259]	2.4+0.0s
[440/1120]	[L1: 0.0259]	2.4+0.0s
[480/1120]	[L1: 0.0261]	2.3+0.0s
[520/1120]	[L1: 0.0260]	2.3+0.0s
[560/1120]	[L1: 0.0262]	2.4+0.0s
[600/1120]	[L1: 0.0263]	2.3+0.0s
[640/1120]	[L1: 0.0263]	2.4+0.0s
[680/1120]	[L1: 0.0263]	2.3+0.0s
[720/1120]	[L1: 0.0262]	2.3+0.0s
[760/1120]	[L1: 0.0262]	2.4+0.0s
[800/1120]	[L1: 0.0260]	2.3+0.0s
[840/1120]	[L1: 0.0262]	2.3+0.0s
[880/1120]	[L1: 0.0262]	2.4+0.0s
[920/1120]	[L1: 0.0262]	2.3+0.0s
[960/1120]	[L1: 0.0263]	2.3+0.0s
[1000/1120]	[L1: 0.0262]	2.4+0.0s
[1040/1120]	[L1: 0.0262]	2.3+0.0s
[1080/1120]	[L1: 0.0263]	2.3+0.0s
[1120/1120]	[L1: 0.0264]	2.4+0.0s

Evaluation:
[RSSCN7 x3]	psnr: 29.205 (Best: 29.205 @epoch 191)
Total time: 15.00s

[Epoch 192]	Learning rate: 2.00e-4
[40/1120]	[L1: 0.0291]	3.0+0.0s
[80/1120]	[L1: 0.0289]	2.7+0.0s
[120/1120]	[L1: 0.0281]	2.6+0.0s
[160/1120]	[L1: 0.0287]	2.3+0.0s
[200/1120]	[L1: 0.0278]	2.4+0.0s
[240/1120]	[L1: 0.0274]	2.3+0.0s
[280/1120]	[L1: 0.0276]	2.3+0.0s
[320/1120]	[L1: 0.0273]	2.5+0.0s
[360/1120]	[L1: 0.0277]	2.4+0.0s
[400/1120]	[L1: 0.0276]	2.6+0.0s
[440/1120]	[L1: 0.0277]	2.5+0.0s
[480/1120]	[L1: 0.0274]	2.6+0.0s
[520/1120]	[L1: 0.0274]	2.5+0.0s
[560/1120]	[L1: 0.0273]	2.6+0.0s
[600/1120]	[L1: 0.0273]	2.8+0.0s
[640/1120]	[L1: 0.0274]	2.9+0.0s
[680/1120]	[L1: 0.0273]	2.4+0.0s
[720/1120]	[L1: 0.0273]	2.7+0.0s
[760/1120]	[L1: 0.0271]	2.3+0.0s
[800/1120]	[L1: 0.0270]	2.4+0.0s
[840/1120]	[L1: 0.0269]	2.3+0.0s
[880/1120]	[L1: 0.0268]	2.5+0.0s
[920/1120]	[L1: 0.0265]	2.3+0.0s
[960/1120]	[L1: 0.0266]	2.4+0.0s
[1000/1120]	[L1: 0.0266]	2.4+0.0s
[1040/1120]	[L1: 0.0266]	2.9+0.0s
[1080/1120]	[L1: 0.0265]	2.4+0.0s
[1120/1120]	[L1: 0.0264]	2.3+0.0s

Evaluation:
[RSSCN7 x3]	psnr: 29.157 (Best: 29.205 @epoch 191)
Total time: 14.95s

[Epoch 193]	Learning rate: 2.00e-4
[40/1120]	[L1: 0.0271]	2.5+0.0s
[80/1120]	[L1: 0.0263]	2.4+0.0s
[120/1120]	[L1: 0.0253]	2.5+0.0s
[160/1120]	[L1: 0.0270]	2.4+0.0s
[200/1120]	[L1: 0.0272]	2.4+0.0s
[240/1120]	[L1: 0.0269]	2.6+0.0s
[280/1120]	[L1: 0.0264]	2.0+0.0s
[320/1120]	[L1: 0.0262]	2.4+0.0s
[360/1120]	[L1: 0.0263]	2.4+0.0s
[400/1120]	[L1: 0.0264]	2.4+0.0s
[440/1120]	[L1: 0.0264]	2.4+0.0s
[480/1120]	[L1: 0.0264]	2.3+0.0s
[520/1120]	[L1: 0.0261]	2.6+0.0s
[560/1120]	[L1: 0.0260]	2.8+0.0s
[600/1120]	[L1: 0.0262]	2.5+0.0s
[640/1120]	[L1: 0.0262]	2.3+0.0s
[680/1120]	[L1: 0.0265]	2.3+0.0s
[720/1120]	[L1: 0.0266]	2.3+0.0s
[760/1120]	[L1: 0.0266]	2.4+0.0s
[800/1120]	[L1: 0.0265]	2.3+0.0s
[840/1120]	[L1: 0.0266]	2.3+0.0s
[880/1120]	[L1: 0.0267]	2.4+0.0s
[920/1120]	[L1: 0.0268]	2.3+0.0s
[960/1120]	[L1: 0.0266]	2.3+0.0s
[1000/1120]	[L1: 0.0266]	2.3+0.0s
[1040/1120]	[L1: 0.0265]	2.3+0.0s
[1080/1120]	[L1: 0.0264]	2.6+0.0s
[1120/1120]	[L1: 0.0265]	2.4+0.0s

Evaluation:
[RSSCN7 x3]	psnr: 29.207 (Best: 29.207 @epoch 193)
Total time: 14.98s

[Epoch 194]	Learning rate: 2.00e-4
[40/1120]	[L1: 0.0260]	2.5+0.0s
[80/1120]	[L1: 0.0268]	2.5+0.0s
[120/1120]	[L1: 0.0267]	2.5+0.0s
[160/1120]	[L1: 0.0269]	2.3+0.0s
[200/1120]	[L1: 0.0270]	2.4+0.0s
[240/1120]	[L1: 0.0269]	2.3+0.0s
[280/1120]	[L1: 0.0268]	2.4+0.0s
[320/1120]	[L1: 0.0269]	2.4+0.0s
[360/1120]	[L1: 0.0270]	2.4+0.0s
[400/1120]	[L1: 0.0269]	2.5+0.0s
[440/1120]	[L1: 0.0270]	2.3+0.0s
[480/1120]	[L1: 0.0267]	2.4+0.0s
[520/1120]	[L1: 0.0266]	2.4+0.0s
[560/1120]	[L1: 0.0266]	2.4+0.0s
[600/1120]	[L1: 0.0267]	2.5+0.0s
[640/1120]	[L1: 0.0268]	2.6+0.0s
[680/1120]	[L1: 0.0270]	2.5+0.0s
[720/1120]	[L1: 0.0269]	2.5+0.0s
[760/1120]	[L1: 0.0270]	2.4+0.0s
[800/1120]	[L1: 0.0270]	2.4+0.0s
[840/1120]	[L1: 0.0271]	2.4+0.0s
[880/1120]	[L1: 0.0271]	2.9+0.0s
[920/1120]	[L1: 0.0272]	2.8+0.0s
[960/1120]	[L1: 0.0272]	2.4+0.0s
[1000/1120]	[L1: 0.0270]	2.3+0.0s
[1040/1120]	[L1: 0.0269]	2.3+0.0s
[1080/1120]	[L1: 0.0268]	2.3+0.0s
[1120/1120]	[L1: 0.0267]	2.3+0.0s

Evaluation:
[RSSCN7 x3]	psnr: 29.198 (Best: 29.207 @epoch 193)
Total time: 14.95s

[Epoch 195]	Learning rate: 2.00e-4
[40/1120]	[L1: 0.0267]	2.5+0.0s
[80/1120]	[L1: 0.0291]	2.4+0.0s
[120/1120]	[L1: 0.0290]	2.3+0.0s
[160/1120]	[L1: 0.0283]	2.3+0.0s
[200/1120]	[L1: 0.0273]	2.4+0.0s
[240/1120]	[L1: 0.0268]	2.7+0.0s
[280/1120]	[L1: 0.0267]	2.7+0.0s
[320/1120]	[L1: 0.0269]	2.3+0.0s
[360/1120]	[L1: 0.0265]	2.3+0.0s
[400/1120]	[L1: 0.0271]	2.3+0.0s
[440/1120]	[L1: 0.0273]	2.5+0.0s
[480/1120]	[L1: 0.0272]	2.3+0.0s
[520/1120]	[L1: 0.0271]	2.3+0.0s
[560/1120]	[L1: 0.0273]	2.3+0.0s
[600/1120]	[L1: 0.0271]	2.3+0.0s
[640/1120]	[L1: 0.0270]	2.3+0.0s
[680/1120]	[L1: 0.0268]	2.4+0.0s
[720/1120]	[L1: 0.0269]	2.5+0.0s
[760/1120]	[L1: 0.0270]	2.4+0.0s
[800/1120]	[L1: 0.0269]	2.4+0.0s
[840/1120]	[L1: 0.0268]	2.4+0.0s
[880/1120]	[L1: 0.0268]	2.4+0.0s
[920/1120]	[L1: 0.0267]	2.4+0.0s
[960/1120]	[L1: 0.0267]	2.5+0.0s
[1000/1120]	[L1: 0.0266]	2.5+0.0s
[1040/1120]	[L1: 0.0267]	2.5+0.0s
[1080/1120]	[L1: 0.0266]	2.4+0.0s
[1120/1120]	[L1: 0.0266]	2.4+0.0s

Evaluation:
[RSSCN7 x3]	psnr: 29.194 (Best: 29.207 @epoch 193)
Total time: 15.05s

[Epoch 196]	Learning rate: 2.00e-4
[40/1120]	[L1: 0.0280]	2.5+0.0s
[80/1120]	[L1: 0.0280]	2.5+0.0s
[120/1120]	[L1: 0.0277]	2.6+0.0s
[160/1120]	[L1: 0.0277]	2.4+0.0s
[200/1120]	[L1: 0.0269]	2.5+0.0s
[240/1120]	[L1: 0.0267]	2.4+0.0s
[280/1120]	[L1: 0.0268]	2.4+0.0s
[320/1120]	[L1: 0.0271]	2.7+0.0s
[360/1120]	[L1: 0.0274]	2.7+0.0s
[400/1120]	[L1: 0.0277]	2.8+0.0s
[440/1120]	[L1: 0.0274]	2.4+0.0s
[480/1120]	[L1: 0.0273]	2.3+0.0s
[520/1120]	[L1: 0.0271]	2.4+0.0s
[560/1120]	[L1: 0.0270]	2.3+0.0s
[600/1120]	[L1: 0.0268]	2.4+0.0s
[640/1120]	[L1: 0.0268]	2.4+0.0s
[680/1120]	[L1: 0.0269]	2.4+0.0s
[720/1120]	[L1: 0.0269]	2.5+0.0s
[760/1120]	[L1: 0.0267]	2.3+0.0s
[800/1120]	[L1: 0.0267]	2.4+0.0s
[840/1120]	[L1: 0.0267]	2.3+0.0s
[880/1120]	[L1: 0.0268]	2.3+0.0s
[920/1120]	[L1: 0.0268]	2.5+0.0s
[960/1120]	[L1: 0.0266]	2.3+0.0s
[1000/1120]	[L1: 0.0266]	2.4+0.0s
[1040/1120]	[L1: 0.0265]	2.4+0.0s
[1080/1120]	[L1: 0.0265]	2.3+0.0s
[1120/1120]	[L1: 0.0265]	2.5+0.0s

Evaluation:
[RSSCN7 x3]	psnr: 28.995 (Best: 29.207 @epoch 193)
Total time: 14.97s

[Epoch 197]	Learning rate: 2.00e-4
[40/1120]	[L1: 0.0252]	2.5+0.0s
[80/1120]	[L1: 0.0265]	2.3+0.0s
[120/1120]	[L1: 0.0273]	2.4+0.0s
[160/1120]	[L1: 0.0276]	2.5+0.0s
[200/1120]	[L1: 0.0271]	2.4+0.0s
[240/1120]	[L1: 0.0268]	2.5+0.0s
[280/1120]	[L1: 0.0268]	2.4+0.0s
[320/1120]	[L1: 0.0269]	2.6+0.0s
[360/1120]	[L1: 0.0264]	2.9+0.0s
[400/1120]	[L1: 0.0261]	2.8+0.0s
[440/1120]	[L1: 0.0261]	2.9+0.0s
[480/1120]	[L1: 0.0263]	2.8+0.0s
[520/1120]	[L1: 0.0262]	2.8+0.0s
[560/1120]	[L1: 0.0264]	2.6+0.0s
[600/1120]	[L1: 0.0265]	2.4+0.0s
[640/1120]	[L1: 0.0265]	2.4+0.0s
[680/1120]	[L1: 0.0264]	2.4+0.0s
[720/1120]	[L1: 0.0264]	2.5+0.0s
[760/1120]	[L1: 0.0266]	2.6+0.0s
[800/1120]	[L1: 0.0266]	2.4+0.0s
[840/1120]	[L1: 0.0264]	2.5+0.0s
[880/1120]	[L1: 0.0265]	2.4+0.0s
[920/1120]	[L1: 0.0266]	2.4+0.0s
[960/1120]	[L1: 0.0265]	2.5+0.0s
[1000/1120]	[L1: 0.0265]	2.4+0.0s
[1040/1120]	[L1: 0.0266]	2.5+0.0s
[1080/1120]	[L1: 0.0266]	2.3+0.0s
[1120/1120]	[L1: 0.0265]	2.3+0.0s

Evaluation:
[RSSCN7 x3]	psnr: 29.081 (Best: 29.207 @epoch 193)
Total time: 14.98s

[Epoch 198]	Learning rate: 2.00e-4
[40/1120]	[L1: 0.0233]	2.4+0.0s
[80/1120]	[L1: 0.0238]	2.4+0.0s
[120/1120]	[L1: 0.0253]	2.4+0.0s
[160/1120]	[L1: 0.0253]	2.4+0.0s
[200/1120]	[L1: 0.0253]	2.3+0.0s
[240/1120]	[L1: 0.0256]	2.4+0.0s
[280/1120]	[L1: 0.0255]	2.3+0.0s
[320/1120]	[L1: 0.0254]	2.3+0.0s
[360/1120]	[L1: 0.0254]	2.3+0.0s
[400/1120]	[L1: 0.0254]	2.3+0.0s
[440/1120]	[L1: 0.0256]	2.4+0.0s
[480/1120]	[L1: 0.0259]	2.4+0.0s
[520/1120]	[L1: 0.0258]	2.3+0.0s
[560/1120]	[L1: 0.0261]	2.5+0.0s
[600/1120]	[L1: 0.0262]	2.5+0.0s
[640/1120]	[L1: 0.0264]	2.3+0.0s
[680/1120]	[L1: 0.0263]	2.5+0.0s
[720/1120]	[L1: 0.0262]	2.3+0.0s
[760/1120]	[L1: 0.0263]	2.3+0.0s
[800/1120]	[L1: 0.0263]	2.3+0.0s
[840/1120]	[L1: 0.0265]	2.3+0.0s
[880/1120]	[L1: 0.0265]	2.3+0.0s
[920/1120]	[L1: 0.0264]	2.4+0.0s
[960/1120]	[L1: 0.0265]	2.3+0.0s
[1000/1120]	[L1: 0.0265]	2.5+0.0s
[1040/1120]	[L1: 0.0266]	2.6+0.0s
[1080/1120]	[L1: 0.0267]	2.3+0.0s
[1120/1120]	[L1: 0.0266]	2.4+0.0s

Evaluation:
[RSSCN7 x3]	psnr: 29.035 (Best: 29.207 @epoch 193)
Total time: 15.01s

[Epoch 199]	Learning rate: 2.00e-4
[40/1120]	[L1: 0.0294]	2.5+0.0s
[80/1120]	[L1: 0.0294]	2.8+0.0s
[120/1120]	[L1: 0.0290]	2.7+0.0s
[160/1120]	[L1: 0.0286]	2.4+0.0s
[200/1120]	[L1: 0.0289]	2.5+0.0s
[240/1120]	[L1: 0.0287]	2.4+0.0s
[280/1120]	[L1: 0.0277]	2.4+0.0s
[320/1120]	[L1: 0.0275]	2.5+0.0s
[360/1120]	[L1: 0.0275]	2.5+0.0s
[400/1120]	[L1: 0.0273]	2.5+0.0s
[440/1120]	[L1: 0.0274]	2.4+0.0s
[480/1120]	[L1: 0.0275]	2.3+0.0s
[520/1120]	[L1: 0.0274]	2.4+0.0s
[560/1120]	[L1: 0.0276]	2.4+0.0s
[600/1120]	[L1: 0.0275]	2.5+0.0s
[640/1120]	[L1: 0.0273]	2.3+0.0s
[680/1120]	[L1: 0.0273]	2.4+0.0s
[720/1120]	[L1: 0.0271]	2.3+0.0s
[760/1120]	[L1: 0.0273]	2.3+0.0s
[800/1120]	[L1: 0.0274]	2.3+0.0s
[840/1120]	[L1: 0.0273]	2.8+0.0s
[880/1120]	[L1: 0.0271]	2.8+0.0s
[920/1120]	[L1: 0.0269]	2.8+0.0s
[960/1120]	[L1: 0.0268]	2.4+0.0s
[1000/1120]	[L1: 0.0266]	2.4+0.0s
[1040/1120]	[L1: 0.0267]	2.4+0.0s
[1080/1120]	[L1: 0.0266]	2.3+0.0s
[1120/1120]	[L1: 0.0265]	2.3+0.0s

Evaluation:
[RSSCN7 x3]	psnr: 29.169 (Best: 29.207 @epoch 193)
Total time: 14.94s

[Epoch 200]	Learning rate: 2.00e-4
[40/1120]	[L1: 0.0236]	2.5+0.0s
[80/1120]	[L1: 0.0242]	2.5+0.0s
[120/1120]	[L1: 0.0262]	2.4+0.0s
[160/1120]	[L1: 0.0266]	2.4+0.0s
[200/1120]	[L1: 0.0269]	2.3+0.0s
[240/1120]	[L1: 0.0273]	2.3+0.0s
[280/1120]	[L1: 0.0274]	2.3+0.0s
[320/1120]	[L1: 0.0273]	2.4+0.0s
[360/1120]	[L1: 0.0271]	2.3+0.0s
[400/1120]	[L1: 0.0269]	2.3+0.0s
[440/1120]	[L1: 0.0267]	2.5+0.0s
[480/1120]	[L1: 0.0267]	2.7+0.0s
[520/1120]	[L1: 0.0268]	2.5+0.0s
[560/1120]	[L1: 0.0268]	2.6+0.0s
[600/1120]	[L1: 0.0268]	2.4+0.0s
[640/1120]	[L1: 0.0267]	2.7+0.0s
[680/1120]	[L1: 0.0266]	2.9+0.0s
[720/1120]	[L1: 0.0266]	2.9+0.0s
[760/1120]	[L1: 0.0267]	2.9+0.0s
[800/1120]	[L1: 0.0268]	2.6+0.0s
[840/1120]	[L1: 0.0268]	2.6+0.0s
[880/1120]	[L1: 0.0267]	2.5+0.0s
[920/1120]	[L1: 0.0269]	2.5+0.0s
[960/1120]	[L1: 0.0269]	2.6+0.0s
[1000/1120]	[L1: 0.0267]	2.5+0.0s
[1040/1120]	[L1: 0.0266]	2.6+0.0s
[1080/1120]	[L1: 0.0266]	3.0+0.0s
[1120/1120]	[L1: 0.0266]	2.8+0.0s
Saved epoch checkpoint at epoch 200

Evaluation:
[RSSCN7 x3]	psnr: 29.207 (Best: 29.207 @epoch 193)
Total time: 14.94s

[Epoch 201]	Learning rate: 1.00e-4
[40/1120]	[L1: 0.0252]	2.7+0.0s
[80/1120]	[L1: 0.0250]	2.9+0.0s
[120/1120]	[L1: 0.0247]	2.6+0.0s
[160/1120]	[L1: 0.0255]	2.5+0.0s
[200/1120]	[L1: 0.0264]	2.4+0.0s
[240/1120]	[L1: 0.0265]	2.9+0.0s
[280/1120]	[L1: 0.0261]	2.8+0.0s
[320/1120]	[L1: 0.0258]	2.8+0.0s
[360/1120]	[L1: 0.0261]	2.6+0.0s
[400/1120]	[L1: 0.0262]	2.3+0.0s
[440/1120]	[L1: 0.0263]	2.3+0.0s
[480/1120]	[L1: 0.0263]	2.4+0.0s
[520/1120]	[L1: 0.0263]	2.3+0.0s
[560/1120]	[L1: 0.0262]	2.3+0.0s
[600/1120]	[L1: 0.0263]	2.4+0.0s
[640/1120]	[L1: 0.0264]	2.3+0.0s
[680/1120]	[L1: 0.0266]	2.3+0.0s
[720/1120]	[L1: 0.0264]	2.4+0.0s
[760/1120]	[L1: 0.0263]	2.3+0.0s
[800/1120]	[L1: 0.0262]	2.3+0.0s
[840/1120]	[L1: 0.0262]	2.6+0.0s
[880/1120]	[L1: 0.0262]	2.8+0.0s
[920/1120]	[L1: 0.0261]	2.7+0.0s
[960/1120]	[L1: 0.0262]	2.4+0.0s
[1000/1120]	[L1: 0.0263]	2.3+0.0s
[1040/1120]	[L1: 0.0263]	2.4+0.0s
[1080/1120]	[L1: 0.0263]	2.4+0.0s
[1120/1120]	[L1: 0.0263]	2.3+0.0s

Evaluation:
[RSSCN7 x3]	psnr: 29.210 (Best: 29.210 @epoch 201)
Total time: 14.98s

[Epoch 202]	Learning rate: 1.00e-4
[40/1120]	[L1: 0.0267]	2.5+0.0s
[80/1120]	[L1: 0.0247]	2.8+0.0s
[120/1120]	[L1: 0.0233]	2.9+0.0s
[160/1120]	[L1: 0.0242]	2.9+0.0s
[200/1120]	[L1: 0.0243]	2.6+0.0s
[240/1120]	[L1: 0.0244]	2.9+0.0s
[280/1120]	[L1: 0.0247]	2.4+0.0s
[320/1120]	[L1: 0.0245]	2.4+0.0s
[360/1120]	[L1: 0.0252]	2.4+0.0s
[400/1120]	[L1: 0.0252]	2.5+0.0s
[440/1120]	[L1: 0.0251]	2.6+0.0s
[480/1120]	[L1: 0.0253]	2.5+0.0s
[520/1120]	[L1: 0.0252]	2.7+0.0s
[560/1120]	[L1: 0.0254]	2.8+0.0s
[600/1120]	[L1: 0.0252]	2.8+0.0s
[640/1120]	[L1: 0.0252]	2.4+0.0s
[680/1120]	[L1: 0.0254]	2.4+0.0s
[720/1120]	[L1: 0.0254]	2.3+0.0s
[760/1120]	[L1: 0.0255]	2.4+0.0s
[800/1120]	[L1: 0.0257]	2.5+0.0s
[840/1120]	[L1: 0.0257]	2.4+0.0s
[880/1120]	[L1: 0.0259]	2.5+0.0s
[920/1120]	[L1: 0.0258]	2.8+0.0s
[960/1120]	[L1: 0.0259]	2.8+0.0s
[1000/1120]	[L1: 0.0260]	2.8+0.0s
[1040/1120]	[L1: 0.0260]	2.5+0.0s
[1080/1120]	[L1: 0.0261]	2.3+0.0s
[1120/1120]	[L1: 0.0262]	2.3+0.0s

Evaluation:
[RSSCN7 x3]	psnr: 29.199 (Best: 29.210 @epoch 201)
Total time: 14.92s

[Epoch 203]	Learning rate: 1.00e-4
[40/1120]	[L1: 0.0253]	2.6+0.0s
[80/1120]	[L1: 0.0271]	2.6+0.0s
[120/1120]	[L1: 0.0270]	2.6+0.0s
[160/1120]	[L1: 0.0269]	2.9+0.0s
[200/1120]	[L1: 0.0275]	2.9+0.0s
[240/1120]	[L1: 0.0269]	2.8+0.0s
[280/1120]	[L1: 0.0270]	2.5+0.0s
[320/1120]	[L1: 0.0271]	2.5+0.0s
[360/1120]	[L1: 0.0272]	2.4+0.0s
[400/1120]	[L1: 0.0271]	2.3+0.0s
[440/1120]	[L1: 0.0272]	2.3+0.0s
[480/1120]	[L1: 0.0267]	2.3+0.0s
[520/1120]	[L1: 0.0266]	2.3+0.0s
[560/1120]	[L1: 0.0264]	2.4+0.0s
[600/1120]	[L1: 0.0267]	2.3+0.0s
[640/1120]	[L1: 0.0264]	2.3+0.0s
[680/1120]	[L1: 0.0266]	2.3+0.0s
[720/1120]	[L1: 0.0263]	2.3+0.0s
[760/1120]	[L1: 0.0263]	2.3+0.0s
[800/1120]	[L1: 0.0264]	2.4+0.0s
[840/1120]	[L1: 0.0262]	2.3+0.0s
[880/1120]	[L1: 0.0263]	2.3+0.0s
[920/1120]	[L1: 0.0264]	2.3+0.0s
[960/1120]	[L1: 0.0263]	2.4+0.0s
[1000/1120]	[L1: 0.0263]	2.5+0.0s
[1040/1120]	[L1: 0.0263]	2.6+0.0s
[1080/1120]	[L1: 0.0262]	2.9+0.0s
[1120/1120]	[L1: 0.0262]	2.9+0.0s

Evaluation:
[RSSCN7 x3]	psnr: 29.210 (Best: 29.210 @epoch 201)
Total time: 14.99s

[Epoch 204]	Learning rate: 1.00e-4
[40/1120]	[L1: 0.0225]	3.1+0.0s
[80/1120]	[L1: 0.0251]	2.6+0.0s
[120/1120]	[L1: 0.0246]	2.4+0.0s
[160/1120]	[L1: 0.0255]	3.0+0.0s
[200/1120]	[L1: 0.0261]	2.7+0.0s
[240/1120]	[L1: 0.0261]	2.8+0.0s
[280/1120]	[L1: 0.0259]	3.2+0.0s
[320/1120]	[L1: 0.0256]	2.5+0.0s
[360/1120]	[L1: 0.0259]	2.6+0.0s
[400/1120]	[L1: 0.0259]	2.9+0.0s
[440/1120]	[L1: 0.0260]	2.6+0.0s
[480/1120]	[L1: 0.0261]	2.4+0.0s
[520/1120]	[L1: 0.0263]	2.4+0.0s
[560/1120]	[L1: 0.0265]	2.3+0.0s
[600/1120]	[L1: 0.0264]	2.3+0.0s
[640/1120]	[L1: 0.0263]	2.5+0.0s
[680/1120]	[L1: 0.0263]	2.4+0.0s
[720/1120]	[L1: 0.0264]	2.3+0.0s
[760/1120]	[L1: 0.0262]	2.4+0.0s
[800/1120]	[L1: 0.0262]	2.3+0.0s
[840/1120]	[L1: 0.0262]	2.3+0.0s
[880/1120]	[L1: 0.0262]	2.4+0.0s
[920/1120]	[L1: 0.0262]	2.3+0.0s
[960/1120]	[L1: 0.0263]	2.3+0.0s
[1000/1120]	[L1: 0.0264]	2.4+0.0s
[1040/1120]	[L1: 0.0263]	2.3+0.0s
[1080/1120]	[L1: 0.0264]	2.4+0.0s
[1120/1120]	[L1: 0.0263]	2.3+0.0s

Evaluation:
[RSSCN7 x3]	psnr: 29.220 (Best: 29.220 @epoch 204)
Total time: 14.99s

[Epoch 205]	Learning rate: 1.00e-4
[40/1120]	[L1: 0.0255]	2.6+0.0s
[80/1120]	[L1: 0.0249]	2.4+0.0s
[120/1120]	[L1: 0.0265]	2.4+0.0s
[160/1120]	[L1: 0.0270]	2.4+0.0s
[200/1120]	[L1: 0.0273]	2.4+0.0s
[240/1120]	[L1: 0.0271]	2.5+0.0s
[280/1120]	[L1: 0.0269]	2.4+0.0s
[320/1120]	[L1: 0.0262]	2.4+0.0s
[360/1120]	[L1: 0.0262]	2.4+0.0s
[400/1120]	[L1: 0.0262]	2.4+0.0s
[440/1120]	[L1: 0.0261]	2.4+0.0s
[480/1120]	[L1: 0.0263]	2.4+0.0s
[520/1120]	[L1: 0.0261]	2.4+0.0s
[560/1120]	[L1: 0.0258]	2.3+0.0s
[600/1120]	[L1: 0.0260]	2.3+0.0s
[640/1120]	[L1: 0.0261]	2.3+0.0s
[680/1120]	[L1: 0.0262]	2.3+0.0s
[720/1120]	[L1: 0.0262]	2.3+0.0s
[760/1120]	[L1: 0.0263]	2.3+0.0s
[800/1120]	[L1: 0.0264]	2.3+0.0s
[840/1120]	[L1: 0.0264]	2.4+0.0s
[880/1120]	[L1: 0.0264]	2.3+0.0s
[920/1120]	[L1: 0.0264]	2.3+0.0s
[960/1120]	[L1: 0.0263]	2.3+0.0s
[1000/1120]	[L1: 0.0264]	2.3+0.0s
[1040/1120]	[L1: 0.0263]	2.4+0.0s
[1080/1120]	[L1: 0.0262]	2.3+0.0s
[1120/1120]	[L1: 0.0262]	2.3+0.0s

Evaluation:
[RSSCN7 x3]	psnr: 29.213 (Best: 29.220 @epoch 204)
Total time: 14.92s

[Epoch 206]	Learning rate: 1.00e-4
[40/1120]	[L1: 0.0268]	2.5+0.0s
[80/1120]	[L1: 0.0268]	2.3+0.0s
[120/1120]	[L1: 0.0268]	2.5+0.0s
[160/1120]	[L1: 0.0262]	2.8+0.0s
[200/1120]	[L1: 0.0258]	2.8+0.0s
[240/1120]	[L1: 0.0252]	2.6+0.0s
[280/1120]	[L1: 0.0253]	2.3+0.0s
[320/1120]	[L1: 0.0257]	2.3+0.0s
[360/1120]	[L1: 0.0259]	2.3+0.0s
[400/1120]	[L1: 0.0259]	2.4+0.0s
[440/1120]	[L1: 0.0260]	2.3+0.0s
[480/1120]	[L1: 0.0260]	2.3+0.0s
[520/1120]	[L1: 0.0259]	2.3+0.0s
[560/1120]	[L1: 0.0260]	2.3+0.0s
[600/1120]	[L1: 0.0261]	2.9+0.0s
[640/1120]	[L1: 0.0260]	2.8+0.0s
[680/1120]	[L1: 0.0259]	2.7+0.0s
[720/1120]	[L1: 0.0259]	2.3+0.0s
[760/1120]	[L1: 0.0257]	2.3+0.0s
[800/1120]	[L1: 0.0258]	2.4+0.0s
[840/1120]	[L1: 0.0259]	2.3+0.0s
[880/1120]	[L1: 0.0259]	2.3+0.0s
[920/1120]	[L1: 0.0258]	2.3+0.0s
[960/1120]	[L1: 0.0259]	2.5+0.0s
[1000/1120]	[L1: 0.0260]	2.3+0.0s
[1040/1120]	[L1: 0.0261]	2.3+0.0s
[1080/1120]	[L1: 0.0261]	2.3+0.0s
[1120/1120]	[L1: 0.0261]	2.3+0.0s

Evaluation:
[RSSCN7 x3]	psnr: 29.204 (Best: 29.220 @epoch 204)
Total time: 14.96s

[Epoch 207]	Learning rate: 1.00e-4
[40/1120]	[L1: 0.0277]	2.5+0.0s
[80/1120]	[L1: 0.0265]	2.5+0.0s
[120/1120]	[L1: 0.0257]	2.5+0.0s
[160/1120]	[L1: 0.0262]	2.5+0.0s
[200/1120]	[L1: 0.0265]	2.5+0.0s
[240/1120]	[L1: 0.0261]	2.5+0.0s
[280/1120]	[L1: 0.0257]	2.7+0.0s
[320/1120]	[L1: 0.0257]	2.4+0.0s
[360/1120]	[L1: 0.0262]	2.4+0.0s
[400/1120]	[L1: 0.0259]	2.3+0.0s
[440/1120]	[L1: 0.0263]	2.3+0.0s
[480/1120]	[L1: 0.0263]	2.4+0.0s
[520/1120]	[L1: 0.0263]	2.4+0.0s
[560/1120]	[L1: 0.0263]	2.4+0.0s
[600/1120]	[L1: 0.0266]	2.4+0.0s
[640/1120]	[L1: 0.0266]	2.4+0.0s
[680/1120]	[L1: 0.0266]	2.6+0.0s
[720/1120]	[L1: 0.0263]	2.7+0.0s
[760/1120]	[L1: 0.0262]	2.5+0.0s
[800/1120]	[L1: 0.0262]	2.7+0.0s
[840/1120]	[L1: 0.0261]	2.8+0.0s
[880/1120]	[L1: 0.0262]	2.7+0.0s
[920/1120]	[L1: 0.0262]	2.6+0.0s
[960/1120]	[L1: 0.0261]	2.4+0.0s
[1000/1120]	[L1: 0.0263]	2.8+0.0s
[1040/1120]	[L1: 0.0264]	2.9+0.0s
[1080/1120]	[L1: 0.0263]	2.9+0.0s
[1120/1120]	[L1: 0.0262]	3.0+0.0s

Evaluation:
[RSSCN7 x3]	psnr: 29.223 (Best: 29.223 @epoch 207)
Total time: 14.96s

[Epoch 208]	Learning rate: 1.00e-4
[40/1120]	[L1: 0.0277]	2.9+0.0s
[80/1120]	[L1: 0.0257]	2.8+0.0s
[120/1120]	[L1: 0.0256]	3.0+0.0s
[160/1120]	[L1: 0.0257]	2.5+0.0s
[200/1120]	[L1: 0.0253]	2.5+0.0s
[240/1120]	[L1: 0.0251]	2.4+0.0s
[280/1120]	[L1: 0.0254]	2.5+0.0s
[320/1120]	[L1: 0.0250]	2.4+0.0s
[360/1120]	[L1: 0.0244]	2.4+0.0s
[400/1120]	[L1: 0.0247]	2.4+0.0s
[440/1120]	[L1: 0.0246]	2.3+0.0s
[480/1120]	[L1: 0.0245]	2.4+0.0s
[520/1120]	[L1: 0.0246]	2.3+0.0s
[560/1120]	[L1: 0.0249]	2.3+0.0s
[600/1120]	[L1: 0.0253]	2.3+0.0s
[640/1120]	[L1: 0.0253]	2.4+0.0s
[680/1120]	[L1: 0.0257]	2.3+0.0s
[720/1120]	[L1: 0.0259]	2.3+0.0s
[760/1120]	[L1: 0.0261]	2.3+0.0s
[800/1120]	[L1: 0.0260]	2.3+0.0s
[840/1120]	[L1: 0.0259]	2.7+0.0s
[880/1120]	[L1: 0.0261]	2.3+0.0s
[920/1120]	[L1: 0.0260]	2.4+0.0s
[960/1120]	[L1: 0.0259]	2.4+0.0s
[1000/1120]	[L1: 0.0260]	2.4+0.0s
[1040/1120]	[L1: 0.0261]	2.6+0.0s
[1080/1120]	[L1: 0.0262]	2.5+0.0s
[1120/1120]	[L1: 0.0262]	2.4+0.0s

Evaluation:
[RSSCN7 x3]	psnr: 29.182 (Best: 29.223 @epoch 207)
Total time: 15.05s

[Epoch 209]	Learning rate: 1.00e-4
[40/1120]	[L1: 0.0312]	2.5+0.0s
[80/1120]	[L1: 0.0273]	2.5+0.0s
[120/1120]	[L1: 0.0271]	2.6+0.0s
[160/1120]	[L1: 0.0268]	2.5+0.0s
[200/1120]	[L1: 0.0276]	2.5+0.0s
[240/1120]	[L1: 0.0278]	2.6+0.0s
[280/1120]	[L1: 0.0271]	2.5+0.0s
[320/1120]	[L1: 0.0272]	2.6+0.0s
[360/1120]	[L1: 0.0266]	2.5+0.0s
[400/1120]	[L1: 0.0266]	2.5+0.0s
[440/1120]	[L1: 0.0266]	2.6+0.0s
[480/1120]	[L1: 0.0266]	2.4+0.0s
[520/1120]	[L1: 0.0262]	2.6+0.0s
[560/1120]	[L1: 0.0263]	2.8+0.0s
[600/1120]	[L1: 0.0261]	2.6+0.0s
[640/1120]	[L1: 0.0259]	2.9+0.0s
[680/1120]	[L1: 0.0258]	2.4+0.0s
[720/1120]	[L1: 0.0260]	2.4+0.0s
[760/1120]	[L1: 0.0260]	2.3+0.0s
[800/1120]	[L1: 0.0260]	2.4+0.0s
[840/1120]	[L1: 0.0261]	2.7+0.0s
[880/1120]	[L1: 0.0260]	2.8+0.0s
[920/1120]	[L1: 0.0261]	2.7+0.0s
[960/1120]	[L1: 0.0262]	2.3+0.0s
[1000/1120]	[L1: 0.0263]	2.3+0.0s
[1040/1120]	[L1: 0.0262]	2.4+0.0s
[1080/1120]	[L1: 0.0263]	2.3+0.0s
[1120/1120]	[L1: 0.0264]	2.4+0.0s

Evaluation:
[RSSCN7 x3]	psnr: 29.204 (Best: 29.223 @epoch 207)
Total time: 14.95s

[Epoch 210]	Learning rate: 1.00e-4
[40/1120]	[L1: 0.0291]	2.5+0.0s
[80/1120]	[L1: 0.0274]	2.5+0.0s
[120/1120]	[L1: 0.0272]	2.3+0.0s
[160/1120]	[L1: 0.0262]	2.4+0.0s
[200/1120]	[L1: 0.0263]	2.4+0.0s
[240/1120]	[L1: 0.0266]	2.3+0.0s
[280/1120]	[L1: 0.0267]	2.4+0.0s
[320/1120]	[L1: 0.0264]	2.3+0.0s
[360/1120]	[L1: 0.0260]	2.4+0.0s
[400/1120]	[L1: 0.0259]	2.4+0.0s
[440/1120]	[L1: 0.0261]	2.4+0.0s
[480/1120]	[L1: 0.0260]	2.5+0.0s
[520/1120]	[L1: 0.0261]	2.4+0.0s
[560/1120]	[L1: 0.0261]	2.6+0.0s
[600/1120]	[L1: 0.0263]	2.5+0.0s
[640/1120]	[L1: 0.0261]	2.5+0.0s
[680/1120]	[L1: 0.0261]	2.7+0.0s
[720/1120]	[L1: 0.0262]	3.0+0.0s
[760/1120]	[L1: 0.0259]	3.1+0.0s
[800/1120]	[L1: 0.0259]	3.0+0.0s
[840/1120]	[L1: 0.0260]	2.9+0.0s
[880/1120]	[L1: 0.0262]	3.1+0.0s
[920/1120]	[L1: 0.0263]	2.9+0.0s
[960/1120]	[L1: 0.0262]	2.6+0.0s
[1000/1120]	[L1: 0.0261]	2.5+0.0s
[1040/1120]	[L1: 0.0262]	2.5+0.0s
[1080/1120]	[L1: 0.0263]	2.6+0.0s
[1120/1120]	[L1: 0.0264]	2.4+0.0s

Evaluation:
[RSSCN7 x3]	psnr: 29.213 (Best: 29.223 @epoch 207)
Total time: 14.98s

[Epoch 211]	Learning rate: 1.00e-4
[40/1120]	[L1: 0.0255]	2.8+0.0s
[80/1120]	[L1: 0.0256]	2.9+0.0s
[120/1120]	[L1: 0.0252]	3.0+0.0s
[160/1120]	[L1: 0.0256]	2.8+0.0s
[200/1120]	[L1: 0.0251]	2.6+0.0s
[240/1120]	[L1: 0.0251]	2.5+0.0s
[280/1120]	[L1: 0.0248]	2.9+0.0s
[320/1120]	[L1: 0.0246]	2.9+0.0s
[360/1120]	[L1: 0.0244]	2.7+0.0s
[400/1120]	[L1: 0.0245]	2.4+0.0s
[440/1120]	[L1: 0.0246]	2.5+0.0s
[480/1120]	[L1: 0.0248]	2.8+0.0s
[520/1120]	[L1: 0.0251]	2.8+0.0s
[560/1120]	[L1: 0.0253]	2.9+0.0s
[600/1120]	[L1: 0.0253]	2.9+0.0s
[640/1120]	[L1: 0.0252]	3.0+0.0s
[680/1120]	[L1: 0.0250]	2.6+0.0s
[720/1120]	[L1: 0.0250]	2.4+0.0s
[760/1120]	[L1: 0.0250]	2.3+0.0s
[800/1120]	[L1: 0.0251]	2.4+0.0s
[840/1120]	[L1: 0.0252]	2.3+0.0s
[880/1120]	[L1: 0.0253]	2.4+0.0s
[920/1120]	[L1: 0.0255]	2.9+0.0s
[960/1120]	[L1: 0.0256]	2.5+0.0s
[1000/1120]	[L1: 0.0257]	2.3+0.0s
[1040/1120]	[L1: 0.0259]	2.3+0.0s
[1080/1120]	[L1: 0.0260]	2.3+0.0s
[1120/1120]	[L1: 0.0261]	2.3+0.0s

Evaluation:
[RSSCN7 x3]	psnr: 29.209 (Best: 29.223 @epoch 207)
Total time: 14.98s

[Epoch 212]	Learning rate: 1.00e-4
[40/1120]	[L1: 0.0242]	2.8+0.0s
[80/1120]	[L1: 0.0244]	2.8+0.0s
[120/1120]	[L1: 0.0247]	2.8+0.0s
[160/1120]	[L1: 0.0256]	2.6+0.0s
[200/1120]	[L1: 0.0254]	2.4+0.0s
[240/1120]	[L1: 0.0253]	2.4+0.0s
[280/1120]	[L1: 0.0263]	2.4+0.0s
[320/1120]	[L1: 0.0265]	2.5+0.0s
[360/1120]	[L1: 0.0264]	2.3+0.0s
[400/1120]	[L1: 0.0264]	2.7+0.0s
[440/1120]	[L1: 0.0269]	2.4+0.0s
[480/1120]	[L1: 0.0270]	2.3+0.0s
[520/1120]	[L1: 0.0269]	2.5+0.0s
[560/1120]	[L1: 0.0268]	2.3+0.0s
[600/1120]	[L1: 0.0267]	2.3+0.0s
[640/1120]	[L1: 0.0266]	2.6+0.0s
[680/1120]	[L1: 0.0265]	2.7+0.0s
[720/1120]	[L1: 0.0265]	2.3+0.0s
[760/1120]	[L1: 0.0265]	2.5+0.0s
[800/1120]	[L1: 0.0265]	2.5+0.0s
[840/1120]	[L1: 0.0265]	2.7+0.0s
[880/1120]	[L1: 0.0264]	3.0+0.0s
[920/1120]	[L1: 0.0263]	2.6+0.0s
[960/1120]	[L1: 0.0264]	2.4+0.0s
[1000/1120]	[L1: 0.0263]	2.4+0.0s
[1040/1120]	[L1: 0.0262]	2.5+0.0s
[1080/1120]	[L1: 0.0262]	2.6+0.0s
[1120/1120]	[L1: 0.0262]	2.8+0.0s

Evaluation:
[RSSCN7 x3]	psnr: 29.209 (Best: 29.223 @epoch 207)
Total time: 14.96s

[Epoch 213]	Learning rate: 1.00e-4
[40/1120]	[L1: 0.0326]	2.4+0.0s
[80/1120]	[L1: 0.0297]	2.3+0.0s
[120/1120]	[L1: 0.0281]	2.4+0.0s
[160/1120]	[L1: 0.0270]	2.3+0.0s
[200/1120]	[L1: 0.0278]	2.3+0.0s
[240/1120]	[L1: 0.0276]	2.4+0.0s
[280/1120]	[L1: 0.0271]	2.3+0.0s
[320/1120]	[L1: 0.0270]	2.4+0.0s
[360/1120]	[L1: 0.0266]	2.3+0.0s
[400/1120]	[L1: 0.0265]	2.3+0.0s
[440/1120]	[L1: 0.0260]	2.4+0.0s
[480/1120]	[L1: 0.0259]	2.3+0.0s
[520/1120]	[L1: 0.0260]	2.4+0.0s
[560/1120]	[L1: 0.0261]	2.3+0.0s
[600/1120]	[L1: 0.0258]	2.3+0.0s
[640/1120]	[L1: 0.0257]	2.4+0.0s
[680/1120]	[L1: 0.0258]	2.3+0.0s
[720/1120]	[L1: 0.0261]	2.4+0.0s
[760/1120]	[L1: 0.0260]	2.3+0.0s
[800/1120]	[L1: 0.0260]	2.3+0.0s
[840/1120]	[L1: 0.0258]	2.4+0.0s
[880/1120]	[L1: 0.0260]	2.8+0.0s
[920/1120]	[L1: 0.0260]	2.9+0.0s
[960/1120]	[L1: 0.0260]	2.4+0.0s
[1000/1120]	[L1: 0.0260]	2.3+0.0s
[1040/1120]	[L1: 0.0262]	2.4+0.0s
[1080/1120]	[L1: 0.0262]	2.3+0.0s
[1120/1120]	[L1: 0.0261]	2.4+0.0s

Evaluation:
[RSSCN7 x3]	psnr: 29.229 (Best: 29.229 @epoch 213)
Total time: 14.98s

[Epoch 214]	Learning rate: 1.00e-4
[40/1120]	[L1: 0.0266]	2.5+0.0s
[80/1120]	[L1: 0.0283]	2.6+0.0s
[120/1120]	[L1: 0.0272]	2.5+0.0s
[160/1120]	[L1: 0.0284]	2.5+0.0s
[200/1120]	[L1: 0.0280]	2.3+0.0s
[240/1120]	[L1: 0.0281]	2.5+0.0s
[280/1120]	[L1: 0.0280]	2.3+0.0s
[320/1120]	[L1: 0.0277]	2.4+0.0s
[360/1120]	[L1: 0.0275]	2.3+0.0s
[400/1120]	[L1: 0.0271]	2.4+0.0s
[440/1120]	[L1: 0.0270]	2.3+0.0s
[480/1120]	[L1: 0.0263]	2.5+0.0s
[520/1120]	[L1: 0.0265]	2.3+0.0s
[560/1120]	[L1: 0.0264]	2.4+0.0s
[600/1120]	[L1: 0.0264]	2.3+0.0s
[640/1120]	[L1: 0.0265]	2.6+0.0s
[680/1120]	[L1: 0.0265]	2.5+0.0s
[720/1120]	[L1: 0.0264]	2.6+0.0s
[760/1120]	[L1: 0.0265]	2.4+0.0s
[800/1120]	[L1: 0.0263]	2.6+0.0s
[840/1120]	[L1: 0.0263]	2.4+0.0s
[880/1120]	[L1: 0.0262]	2.3+0.0s
[920/1120]	[L1: 0.0262]	2.4+0.0s
[960/1120]	[L1: 0.0260]	2.4+0.0s
[1000/1120]	[L1: 0.0258]	2.4+0.0s
[1040/1120]	[L1: 0.0259]	2.3+0.0s
[1080/1120]	[L1: 0.0260]	2.4+0.0s
[1120/1120]	[L1: 0.0261]	2.3+0.0s

Evaluation:
[RSSCN7 x3]	psnr: 29.220 (Best: 29.229 @epoch 213)
Total time: 14.95s

[Epoch 215]	Learning rate: 1.00e-4
[40/1120]	[L1: 0.0235]	2.5+0.0s
[80/1120]	[L1: 0.0228]	2.4+0.0s
[120/1120]	[L1: 0.0243]	2.4+0.0s
[160/1120]	[L1: 0.0239]	2.3+0.0s
[200/1120]	[L1: 0.0250]	2.4+0.0s
[240/1120]	[L1: 0.0250]	2.4+0.0s
[280/1120]	[L1: 0.0253]	2.5+0.0s
[320/1120]	[L1: 0.0254]	2.4+0.0s
[360/1120]	[L1: 0.0257]	2.5+0.0s
[400/1120]	[L1: 0.0260]	2.4+0.0s
[440/1120]	[L1: 0.0259]	2.3+0.0s
[480/1120]	[L1: 0.0260]	2.5+0.0s
[520/1120]	[L1: 0.0258]	2.5+0.0s
[560/1120]	[L1: 0.0257]	2.5+0.0s
[600/1120]	[L1: 0.0257]	2.5+0.0s
[640/1120]	[L1: 0.0258]	2.4+0.0s
[680/1120]	[L1: 0.0258]	2.5+0.0s
[720/1120]	[L1: 0.0259]	2.4+0.0s
[760/1120]	[L1: 0.0258]	2.6+0.0s
[800/1120]	[L1: 0.0258]	2.4+0.0s
[840/1120]	[L1: 0.0258]	2.5+0.0s
[880/1120]	[L1: 0.0258]	2.5+0.0s
[920/1120]	[L1: 0.0260]	2.5+0.0s
[960/1120]	[L1: 0.0261]	2.4+0.0s
[1000/1120]	[L1: 0.0261]	2.6+0.0s
[1040/1120]	[L1: 0.0262]	2.5+0.0s
[1080/1120]	[L1: 0.0262]	2.5+0.0s
[1120/1120]	[L1: 0.0263]	2.4+0.0s

Evaluation:
[RSSCN7 x3]	psnr: 29.229 (Best: 29.229 @epoch 215)
Total time: 14.97s

[Epoch 216]	Learning rate: 1.00e-4
[40/1120]	[L1: 0.0284]	2.5+0.0s
[80/1120]	[L1: 0.0265]	2.6+0.0s
[120/1120]	[L1: 0.0273]	2.5+0.0s
[160/1120]	[L1: 0.0274]	2.6+0.0s
[200/1120]	[L1: 0.0275]	2.9+0.0s
[240/1120]	[L1: 0.0271]	2.9+0.0s
[280/1120]	[L1: 0.0273]	2.9+0.0s
[320/1120]	[L1: 0.0267]	2.6+0.0s
[360/1120]	[L1: 0.0272]	2.5+0.0s
[400/1120]	[L1: 0.0270]	2.4+0.0s
[440/1120]	[L1: 0.0268]	2.6+0.0s
[480/1120]	[L1: 0.0267]	2.7+0.0s
[520/1120]	[L1: 0.0266]	3.0+0.0s
[560/1120]	[L1: 0.0268]	2.7+0.0s
[600/1120]	[L1: 0.0267]	2.6+0.0s
[640/1120]	[L1: 0.0268]	2.4+0.0s
[680/1120]	[L1: 0.0266]	2.4+0.0s
[720/1120]	[L1: 0.0264]	2.3+0.0s
[760/1120]	[L1: 0.0265]	2.5+0.0s
[800/1120]	[L1: 0.0264]	2.4+0.0s
[840/1120]	[L1: 0.0267]	2.6+0.0s
[880/1120]	[L1: 0.0268]	2.5+0.0s
[920/1120]	[L1: 0.0266]	3.0+0.0s
[960/1120]	[L1: 0.0264]	2.9+0.0s
[1000/1120]	[L1: 0.0264]	3.0+0.0s
[1040/1120]	[L1: 0.0263]	2.9+0.0s
[1080/1120]	[L1: 0.0263]	3.0+0.0s
[1120/1120]	[L1: 0.0263]	2.9+0.0s

Evaluation:
[RSSCN7 x3]	psnr: 29.198 (Best: 29.229 @epoch 215)
Total time: 14.92s

[Epoch 217]	Learning rate: 1.00e-4
[40/1120]	[L1: 0.0275]	2.6+0.0s
[80/1120]	[L1: 0.0277]	2.5+0.0s
[120/1120]	[L1: 0.0281]	2.5+0.0s
[160/1120]	[L1: 0.0272]	2.3+0.0s
[200/1120]	[L1: 0.0264]	2.4+0.0s
[240/1120]	[L1: 0.0264]	2.6+0.0s
[280/1120]	[L1: 0.0268]	2.4+0.0s
[320/1120]	[L1: 0.0264]	2.5+0.0s
[360/1120]	[L1: 0.0260]	2.6+0.0s
[400/1120]	[L1: 0.0259]	2.4+0.0s
[440/1120]	[L1: 0.0262]	2.3+0.0s
[480/1120]	[L1: 0.0259]	2.3+0.0s
[520/1120]	[L1: 0.0261]	2.5+0.0s
[560/1120]	[L1: 0.0261]	2.7+0.0s
[600/1120]	[L1: 0.0261]	2.9+0.0s
[640/1120]	[L1: 0.0264]	2.5+0.0s
[680/1120]	[L1: 0.0261]	2.7+0.0s
[720/1120]	[L1: 0.0261]	2.9+0.0s
[760/1120]	[L1: 0.0262]	2.9+0.0s
[800/1120]	[L1: 0.0263]	3.0+0.0s
[840/1120]	[L1: 0.0263]	2.8+0.0s
[880/1120]	[L1: 0.0264]	2.6+0.0s
[920/1120]	[L1: 0.0261]	2.5+0.0s
[960/1120]	[L1: 0.0261]	2.5+0.0s
[1000/1120]	[L1: 0.0262]	2.4+0.0s
[1040/1120]	[L1: 0.0261]	2.5+0.0s
[1080/1120]	[L1: 0.0262]	2.4+0.0s
[1120/1120]	[L1: 0.0261]	2.9+0.0s

Evaluation:
[RSSCN7 x3]	psnr: 29.213 (Best: 29.229 @epoch 215)
Total time: 14.92s

[Epoch 218]	Learning rate: 1.00e-4
[40/1120]	[L1: 0.0237]	2.5+0.0s
[80/1120]	[L1: 0.0226]	2.6+0.0s
[120/1120]	[L1: 0.0229]	2.4+0.0s
[160/1120]	[L1: 0.0239]	2.5+0.0s
[200/1120]	[L1: 0.0242]	2.4+0.0s
[240/1120]	[L1: 0.0247]	2.3+0.0s
[280/1120]	[L1: 0.0254]	2.4+0.0s
[320/1120]	[L1: 0.0254]	2.4+0.0s
[360/1120]	[L1: 0.0260]	2.5+0.0s
[400/1120]	[L1: 0.0258]	2.4+0.0s
[440/1120]	[L1: 0.0259]	2.3+0.0s
[480/1120]	[L1: 0.0259]	2.5+0.0s
[520/1120]	[L1: 0.0260]	2.4+0.0s
[560/1120]	[L1: 0.0260]	2.5+0.0s
[600/1120]	[L1: 0.0260]	2.4+0.0s
[640/1120]	[L1: 0.0259]	2.4+0.0s
[680/1120]	[L1: 0.0258]	2.5+0.0s
[720/1120]	[L1: 0.0258]	2.7+0.0s
[760/1120]	[L1: 0.0260]	3.0+0.0s
[800/1120]	[L1: 0.0259]	2.9+0.0s
[840/1120]	[L1: 0.0259]	2.9+0.0s
[880/1120]	[L1: 0.0260]	3.0+0.0s
[920/1120]	[L1: 0.0261]	3.0+0.0s
[960/1120]	[L1: 0.0262]	3.0+0.0s
[1000/1120]	[L1: 0.0261]	2.9+0.0s
[1040/1120]	[L1: 0.0261]	2.8+0.0s
[1080/1120]	[L1: 0.0263]	2.9+0.0s
[1120/1120]	[L1: 0.0262]	2.8+0.0s

Evaluation:
[RSSCN7 x3]	psnr: 29.233 (Best: 29.233 @epoch 218)
Total time: 14.96s

[Epoch 219]	Learning rate: 1.00e-4
[40/1120]	[L1: 0.0256]	2.5+0.0s
[80/1120]	[L1: 0.0268]	2.4+0.0s
[120/1120]	[L1: 0.0260]	2.4+0.0s
[160/1120]	[L1: 0.0250]	2.5+0.0s
[200/1120]	[L1: 0.0252]	2.5+0.0s
[240/1120]	[L1: 0.0257]	2.7+0.0s
[280/1120]	[L1: 0.0261]	2.9+0.0s
[320/1120]	[L1: 0.0265]	2.8+0.0s
[360/1120]	[L1: 0.0267]	2.8+0.0s
[400/1120]	[L1: 0.0266]	2.5+0.0s
[440/1120]	[L1: 0.0263]	2.4+0.0s
[480/1120]	[L1: 0.0262]	2.5+0.0s
[520/1120]	[L1: 0.0262]	2.3+0.0s
[560/1120]	[L1: 0.0260]	2.3+0.0s
[600/1120]	[L1: 0.0258]	2.3+0.0s
[640/1120]	[L1: 0.0260]	2.3+0.0s
[680/1120]	[L1: 0.0262]	2.4+0.0s
[720/1120]	[L1: 0.0263]	2.4+0.0s
[760/1120]	[L1: 0.0265]	2.3+0.0s
[800/1120]	[L1: 0.0265]	2.3+0.0s
[840/1120]	[L1: 0.0264]	2.4+0.0s
[880/1120]	[L1: 0.0263]	2.4+0.0s
[920/1120]	[L1: 0.0263]	2.4+0.0s
[960/1120]	[L1: 0.0263]	2.4+0.0s
[1000/1120]	[L1: 0.0263]	2.5+0.0s
[1040/1120]	[L1: 0.0262]	2.5+0.0s
[1080/1120]	[L1: 0.0262]	2.5+0.0s
[1120/1120]	[L1: 0.0262]	2.9+0.0s

Evaluation:
[RSSCN7 x3]	psnr: 29.216 (Best: 29.233 @epoch 218)
Total time: 14.93s

[Epoch 220]	Learning rate: 1.00e-4
[40/1120]	[L1: 0.0258]	2.5+0.0s
[80/1120]	[L1: 0.0265]	2.5+0.0s
[120/1120]	[L1: 0.0256]	2.7+0.0s
[160/1120]	[L1: 0.0253]	2.9+0.0s
[200/1120]	[L1: 0.0255]	2.9+0.0s
[240/1120]	[L1: 0.0258]	2.3+0.0s
[280/1120]	[L1: 0.0258]	2.5+0.0s
[320/1120]	[L1: 0.0255]	2.3+0.0s
[360/1120]	[L1: 0.0254]	2.3+0.0s
[400/1120]	[L1: 0.0258]	2.4+0.0s
[440/1120]	[L1: 0.0258]	2.3+0.0s
[480/1120]	[L1: 0.0259]	2.3+0.0s
[520/1120]	[L1: 0.0262]	2.3+0.0s
[560/1120]	[L1: 0.0260]	2.4+0.0s
[600/1120]	[L1: 0.0263]	2.3+0.0s
[640/1120]	[L1: 0.0262]	2.3+0.0s
[680/1120]	[L1: 0.0261]	2.5+0.0s
[720/1120]	[L1: 0.0262]	2.8+0.0s
[760/1120]	[L1: 0.0261]	2.8+0.0s
[800/1120]	[L1: 0.0263]	2.7+0.0s
[840/1120]	[L1: 0.0264]	2.6+0.0s
[880/1120]	[L1: 0.0264]	2.5+0.0s
[920/1120]	[L1: 0.0263]	2.5+0.0s
[960/1120]	[L1: 0.0262]	2.5+0.0s
[1000/1120]	[L1: 0.0261]	2.6+0.0s
[1040/1120]	[L1: 0.0261]	2.5+0.0s
[1080/1120]	[L1: 0.0260]	2.5+0.0s
[1120/1120]	[L1: 0.0260]	2.5+0.0s

Evaluation:
[RSSCN7 x3]	psnr: 29.139 (Best: 29.233 @epoch 218)
Total time: 14.98s

[Epoch 221]	Learning rate: 1.00e-4
[40/1120]	[L1: 0.0266]	2.5+0.0s
[80/1120]	[L1: 0.0249]	2.5+0.0s
[120/1120]	[L1: 0.0260]	2.8+0.0s
[160/1120]	[L1: 0.0252]	2.5+0.0s
[200/1120]	[L1: 0.0244]	2.5+0.0s
[240/1120]	[L1: 0.0246]	2.7+0.0s
[280/1120]	[L1: 0.0249]	2.9+0.0s
[320/1120]	[L1: 0.0253]	2.9+0.0s
[360/1120]	[L1: 0.0253]	2.9+0.0s
[400/1120]	[L1: 0.0252]	2.9+0.0s
[440/1120]	[L1: 0.0251]	2.9+0.0s
[480/1120]	[L1: 0.0251]	3.0+0.0s
[520/1120]	[L1: 0.0253]	2.9+0.0s
[560/1120]	[L1: 0.0255]	2.9+0.0s
[600/1120]	[L1: 0.0254]	2.9+0.0s
[640/1120]	[L1: 0.0256]	2.7+0.0s
[680/1120]	[L1: 0.0256]	2.6+0.0s
[720/1120]	[L1: 0.0256]	2.5+0.0s
[760/1120]	[L1: 0.0255]	2.5+0.0s
[800/1120]	[L1: 0.0258]	2.5+0.0s
[840/1120]	[L1: 0.0258]	2.8+0.0s
[880/1120]	[L1: 0.0261]	2.8+0.0s
[920/1120]	[L1: 0.0263]	2.9+0.0s
[960/1120]	[L1: 0.0264]	2.9+0.0s
[1000/1120]	[L1: 0.0263]	2.9+0.0s
[1040/1120]	[L1: 0.0263]	3.0+0.0s
[1080/1120]	[L1: 0.0262]	2.9+0.0s
[1120/1120]	[L1: 0.0262]	2.9+0.0s

Evaluation:
[RSSCN7 x3]	psnr: 29.222 (Best: 29.233 @epoch 218)
Total time: 14.92s

[Epoch 222]	Learning rate: 1.00e-4
[40/1120]	[L1: 0.0304]	2.5+0.0s
[80/1120]	[L1: 0.0271]	2.3+0.0s
[120/1120]	[L1: 0.0262]	2.6+0.0s
[160/1120]	[L1: 0.0265]	2.5+0.0s
[200/1120]	[L1: 0.0263]	2.5+0.0s
[240/1120]	[L1: 0.0261]	2.6+0.0s
[280/1120]	[L1: 0.0264]	2.6+0.0s
[320/1120]	[L1: 0.0265]	3.1+0.0s
[360/1120]	[L1: 0.0258]	2.7+0.0s
[400/1120]	[L1: 0.0252]	2.5+0.0s
[440/1120]	[L1: 0.0252]	2.6+0.0s
[480/1120]	[L1: 0.0254]	2.4+0.0s
[520/1120]	[L1: 0.0254]	2.4+0.0s
[560/1120]	[L1: 0.0254]	2.4+0.0s
[600/1120]	[L1: 0.0256]	2.4+0.0s
[640/1120]	[L1: 0.0258]	2.6+0.0s
[680/1120]	[L1: 0.0256]	2.9+0.0s
[720/1120]	[L1: 0.0259]	2.9+0.0s
[760/1120]	[L1: 0.0259]	2.6+0.0s
[800/1120]	[L1: 0.0258]	2.3+0.0s
[840/1120]	[L1: 0.0259]	2.4+0.0s
[880/1120]	[L1: 0.0259]	2.3+0.0s
[920/1120]	[L1: 0.0260]	2.4+0.0s
[960/1120]	[L1: 0.0261]	2.3+0.0s
[1000/1120]	[L1: 0.0259]	2.3+0.0s
[1040/1120]	[L1: 0.0260]	2.4+0.0s
[1080/1120]	[L1: 0.0259]	2.3+0.0s
[1120/1120]	[L1: 0.0259]	2.5+0.0s

Evaluation:
[RSSCN7 x3]	psnr: 29.226 (Best: 29.233 @epoch 218)
Total time: 14.94s

[Epoch 223]	Learning rate: 1.00e-4
[40/1120]	[L1: 0.0204]	2.5+0.0s
[80/1120]	[L1: 0.0228]	2.5+0.0s
[120/1120]	[L1: 0.0240]	2.4+0.0s
[160/1120]	[L1: 0.0245]	2.8+0.0s
[200/1120]	[L1: 0.0254]	2.8+0.0s
[240/1120]	[L1: 0.0255]	2.5+0.0s
[280/1120]	[L1: 0.0254]	2.6+0.0s
[320/1120]	[L1: 0.0254]	2.8+0.0s
[360/1120]	[L1: 0.0254]	2.8+0.0s
[400/1120]	[L1: 0.0257]	2.4+0.0s
[440/1120]	[L1: 0.0260]	2.5+0.0s
[480/1120]	[L1: 0.0257]	2.5+0.0s
[520/1120]	[L1: 0.0256]	2.4+0.0s
[560/1120]	[L1: 0.0256]	2.5+0.0s
[600/1120]	[L1: 0.0254]	2.4+0.0s
[640/1120]	[L1: 0.0257]	2.4+0.0s
[680/1120]	[L1: 0.0259]	2.5+0.0s
[720/1120]	[L1: 0.0260]	2.6+0.0s
[760/1120]	[L1: 0.0260]	3.0+0.0s
[800/1120]	[L1: 0.0260]	2.9+0.0s
[840/1120]	[L1: 0.0260]	2.6+0.0s
[880/1120]	[L1: 0.0261]	2.5+0.0s
[920/1120]	[L1: 0.0262]	2.7+0.0s
[960/1120]	[L1: 0.0261]	3.1+0.0s
[1000/1120]	[L1: 0.0262]	2.9+0.0s
[1040/1120]	[L1: 0.0262]	2.5+0.0s
[1080/1120]	[L1: 0.0261]	2.6+0.0s
[1120/1120]	[L1: 0.0262]	2.6+0.0s

Evaluation:
[RSSCN7 x3]	psnr: 29.234 (Best: 29.234 @epoch 223)
Total time: 14.99s

[Epoch 224]	Learning rate: 1.00e-4
[40/1120]	[L1: 0.0235]	2.5+0.0s
[80/1120]	[L1: 0.0246]	2.5+0.0s
[120/1120]	[L1: 0.0249]	2.7+0.0s
[160/1120]	[L1: 0.0247]	2.9+0.0s
[200/1120]	[L1: 0.0242]	2.7+0.0s
[240/1120]	[L1: 0.0242]	2.8+0.0s
[280/1120]	[L1: 0.0247]	2.6+0.0s
[320/1120]	[L1: 0.0251]	2.3+0.0s
[360/1120]	[L1: 0.0253]	2.3+0.0s
[400/1120]	[L1: 0.0255]	2.3+0.0s
[440/1120]	[L1: 0.0258]	2.7+0.0s
[480/1120]	[L1: 0.0258]	2.7+0.0s
[520/1120]	[L1: 0.0258]	2.4+0.0s
[560/1120]	[L1: 0.0258]	2.3+0.0s
[600/1120]	[L1: 0.0259]	2.4+0.0s
[640/1120]	[L1: 0.0260]	2.3+0.0s
[680/1120]	[L1: 0.0258]	2.3+0.0s
[720/1120]	[L1: 0.0259]	2.3+0.0s
[760/1120]	[L1: 0.0259]	2.4+0.0s
[800/1120]	[L1: 0.0259]	2.5+0.0s
[840/1120]	[L1: 0.0259]	2.5+0.0s
[880/1120]	[L1: 0.0258]	2.5+0.0s
[920/1120]	[L1: 0.0259]	2.6+0.0s
[960/1120]	[L1: 0.0260]	2.9+0.0s
[1000/1120]	[L1: 0.0262]	2.9+0.0s
[1040/1120]	[L1: 0.0261]	2.9+0.0s
[1080/1120]	[L1: 0.0262]	2.8+0.0s
[1120/1120]	[L1: 0.0262]	2.4+0.0s

Evaluation:
[RSSCN7 x3]	psnr: 29.236 (Best: 29.236 @epoch 224)
Total time: 14.95s

[Epoch 225]	Learning rate: 1.00e-4
[40/1120]	[L1: 0.0287]	2.5+0.0s
[80/1120]	[L1: 0.0285]	2.6+0.0s
[120/1120]	[L1: 0.0273]	2.5+0.0s
[160/1120]	[L1: 0.0265]	2.7+0.0s
[200/1120]	[L1: 0.0267]	2.9+0.0s
[240/1120]	[L1: 0.0270]	2.6+0.0s
[280/1120]	[L1: 0.0267]	2.5+0.0s
[320/1120]	[L1: 0.0270]	2.6+0.0s
[360/1120]	[L1: 0.0266]	2.5+0.0s
[400/1120]	[L1: 0.0267]	2.3+0.0s
[440/1120]	[L1: 0.0267]	2.5+0.0s
[480/1120]	[L1: 0.0265]	2.8+0.0s
[520/1120]	[L1: 0.0263]	2.6+0.0s
[560/1120]	[L1: 0.0262]	2.4+0.0s
[600/1120]	[L1: 0.0262]	2.3+0.0s
[640/1120]	[L1: 0.0260]	2.3+0.0s
[680/1120]	[L1: 0.0259]	2.6+0.0s
[720/1120]	[L1: 0.0258]	2.4+0.0s
[760/1120]	[L1: 0.0257]	2.4+0.0s
[800/1120]	[L1: 0.0257]	2.5+0.0s
[840/1120]	[L1: 0.0259]	2.8+0.0s
[880/1120]	[L1: 0.0260]	2.9+0.0s
[920/1120]	[L1: 0.0259]	2.9+0.0s
[960/1120]	[L1: 0.0258]	2.6+0.0s
[1000/1120]	[L1: 0.0260]	2.4+0.0s
[1040/1120]	[L1: 0.0260]	2.5+0.0s
[1080/1120]	[L1: 0.0260]	2.5+0.0s
[1120/1120]	[L1: 0.0262]	2.4+0.0s

Evaluation:
[RSSCN7 x3]	psnr: 29.230 (Best: 29.236 @epoch 224)
Total time: 14.90s

[Epoch 226]	Learning rate: 1.00e-4
[40/1120]	[L1: 0.0303]	2.7+0.1s
[80/1120]	[L1: 0.0282]	2.9+0.0s
[120/1120]	[L1: 0.0280]	2.7+0.0s
[160/1120]	[L1: 0.0270]	2.6+0.0s
[200/1120]	[L1: 0.0267]	2.4+0.0s
[240/1120]	[L1: 0.0269]	2.5+0.0s
[280/1120]	[L1: 0.0267]	2.3+0.0s
[320/1120]	[L1: 0.0268]	2.7+0.0s
[360/1120]	[L1: 0.0270]	2.9+0.0s
[400/1120]	[L1: 0.0270]	2.6+0.0s
[440/1120]	[L1: 0.0269]	2.7+0.0s
[480/1120]	[L1: 0.0266]	2.8+0.0s
[520/1120]	[L1: 0.0266]	2.4+0.0s
[560/1120]	[L1: 0.0265]	2.5+0.0s
[600/1120]	[L1: 0.0265]	2.3+0.0s
[640/1120]	[L1: 0.0264]	2.5+0.0s
[680/1120]	[L1: 0.0263]	2.5+0.0s
[720/1120]	[L1: 0.0263]	2.8+0.0s
[760/1120]	[L1: 0.0264]	3.0+0.0s
[800/1120]	[L1: 0.0265]	2.8+0.0s
[840/1120]	[L1: 0.0265]	2.8+0.0s
[880/1120]	[L1: 0.0263]	2.5+0.0s
[920/1120]	[L1: 0.0263]	2.4+0.0s
[960/1120]	[L1: 0.0263]	2.6+0.0s
[1000/1120]	[L1: 0.0262]	2.5+0.0s
[1040/1120]	[L1: 0.0262]	2.6+0.0s
[1080/1120]	[L1: 0.0261]	2.4+0.0s
[1120/1120]	[L1: 0.0262]	2.4+0.0s

Evaluation:
[RSSCN7 x3]	psnr: 29.219 (Best: 29.236 @epoch 224)
Total time: 14.97s

[Epoch 227]	Learning rate: 1.00e-4
[40/1120]	[L1: 0.0242]	2.5+0.0s
[80/1120]	[L1: 0.0266]	2.4+0.0s
[120/1120]	[L1: 0.0263]	2.5+0.0s
[160/1120]	[L1: 0.0269]	2.3+0.0s
[200/1120]	[L1: 0.0259]	2.3+0.0s
[240/1120]	[L1: 0.0258]	2.4+0.0s
[280/1120]	[L1: 0.0249]	2.9+0.0s
[320/1120]	[L1: 0.0254]	2.5+0.0s
[360/1120]	[L1: 0.0254]	2.6+0.0s
[400/1120]	[L1: 0.0257]	2.8+0.0s
[440/1120]	[L1: 0.0261]	2.7+0.0s
[480/1120]	[L1: 0.0259]	2.3+0.0s
[520/1120]	[L1: 0.0262]	2.3+0.0s
[560/1120]	[L1: 0.0263]	2.3+0.0s
[600/1120]	[L1: 0.0264]	2.4+0.0s
[640/1120]	[L1: 0.0264]	2.3+0.0s
[680/1120]	[L1: 0.0265]	2.5+0.0s
[720/1120]	[L1: 0.0265]	2.4+0.0s
[760/1120]	[L1: 0.0265]	2.9+0.0s
[800/1120]	[L1: 0.0265]	2.5+0.0s
[840/1120]	[L1: 0.0263]	2.5+0.0s
[880/1120]	[L1: 0.0263]	2.5+0.0s
[920/1120]	[L1: 0.0262]	2.4+0.0s
[960/1120]	[L1: 0.0263]	2.3+0.0s
[1000/1120]	[L1: 0.0262]	2.5+0.0s
[1040/1120]	[L1: 0.0263]	2.9+0.0s
[1080/1120]	[L1: 0.0262]	2.6+0.0s
[1120/1120]	[L1: 0.0261]	2.3+0.0s

Evaluation:
[RSSCN7 x3]	psnr: 29.230 (Best: 29.236 @epoch 224)
Total time: 14.92s

[Epoch 228]	Learning rate: 1.00e-4
[40/1120]	[L1: 0.0290]	2.6+0.0s
[80/1120]	[L1: 0.0281]	2.5+0.0s
[120/1120]	[L1: 0.0272]	2.7+0.0s
[160/1120]	[L1: 0.0262]	2.5+0.0s
[200/1120]	[L1: 0.0268]	2.5+0.0s
[240/1120]	[L1: 0.0267]	2.7+0.0s
[280/1120]	[L1: 0.0262]	2.9+0.0s
[320/1120]	[L1: 0.0264]	2.9+0.0s
[360/1120]	[L1: 0.0269]	2.9+0.0s
[400/1120]	[L1: 0.0270]	2.6+0.0s
[440/1120]	[L1: 0.0268]	2.5+0.0s
[480/1120]	[L1: 0.0264]	2.6+0.0s
[520/1120]	[L1: 0.0262]	2.5+0.0s
[560/1120]	[L1: 0.0262]	2.5+0.0s
[600/1120]	[L1: 0.0261]	2.4+0.0s
[640/1120]	[L1: 0.0259]	2.4+0.0s
[680/1120]	[L1: 0.0259]	2.4+0.0s
[720/1120]	[L1: 0.0259]	2.4+0.0s
[760/1120]	[L1: 0.0260]	2.8+0.0s
[800/1120]	[L1: 0.0260]	2.8+0.0s
[840/1120]	[L1: 0.0260]	2.4+0.0s
[880/1120]	[L1: 0.0260]	2.8+0.0s
[920/1120]	[L1: 0.0260]	3.0+0.0s
[960/1120]	[L1: 0.0261]	2.9+0.0s
[1000/1120]	[L1: 0.0261]	2.5+0.0s
[1040/1120]	[L1: 0.0261]	2.5+0.0s
[1080/1120]	[L1: 0.0259]	2.8+0.0s
[1120/1120]	[L1: 0.0259]	2.7+0.0s

Evaluation:
[RSSCN7 x3]	psnr: 29.234 (Best: 29.236 @epoch 224)
Total time: 14.99s

[Epoch 229]	Learning rate: 1.00e-4
[40/1120]	[L1: 0.0303]	2.5+0.0s
[80/1120]	[L1: 0.0273]	2.9+0.0s
[120/1120]	[L1: 0.0265]	2.9+0.0s
[160/1120]	[L1: 0.0272]	2.5+0.0s
[200/1120]	[L1: 0.0275]	2.7+0.0s
[240/1120]	[L1: 0.0267]	2.9+0.0s
[280/1120]	[L1: 0.0267]	2.8+0.0s
[320/1120]	[L1: 0.0268]	2.4+0.0s
[360/1120]	[L1: 0.0266]	2.4+0.0s
[400/1120]	[L1: 0.0269]	2.3+0.0s
[440/1120]	[L1: 0.0267]	2.3+0.0s
[480/1120]	[L1: 0.0266]	2.4+0.0s
[520/1120]	[L1: 0.0265]	2.3+0.0s
[560/1120]	[L1: 0.0264]	2.3+0.0s
[600/1120]	[L1: 0.0263]	2.3+0.0s
[640/1120]	[L1: 0.0261]	2.3+0.0s
[680/1120]	[L1: 0.0262]	2.4+0.0s
[720/1120]	[L1: 0.0263]	2.5+0.0s
[760/1120]	[L1: 0.0261]	2.4+0.0s
[800/1120]	[L1: 0.0262]	2.8+0.0s
[840/1120]	[L1: 0.0262]	2.3+0.0s
[880/1120]	[L1: 0.0263]	2.4+0.0s
[920/1120]	[L1: 0.0261]	2.4+0.0s
[960/1120]	[L1: 0.0260]	2.7+0.0s
[1000/1120]	[L1: 0.0260]	2.3+0.0s
[1040/1120]	[L1: 0.0261]	2.4+0.0s
[1080/1120]	[L1: 0.0261]	2.3+0.0s
[1120/1120]	[L1: 0.0261]	2.6+0.0s

Evaluation:
[RSSCN7 x3]	psnr: 29.231 (Best: 29.236 @epoch 224)
Total time: 15.01s

[Epoch 230]	Learning rate: 1.00e-4
[40/1120]	[L1: 0.0306]	2.6+0.0s
[80/1120]	[L1: 0.0306]	2.5+0.0s
[120/1120]	[L1: 0.0301]	2.8+0.0s
[160/1120]	[L1: 0.0294]	3.0+0.0s
[200/1120]	[L1: 0.0280]	2.9+0.0s
[240/1120]	[L1: 0.0279]	2.6+0.0s
[280/1120]	[L1: 0.0271]	2.5+0.0s
[320/1120]	[L1: 0.0268]	2.7+0.0s
[360/1120]	[L1: 0.0270]	2.8+0.0s
[400/1120]	[L1: 0.0269]	3.0+0.0s
[440/1120]	[L1: 0.0267]	3.0+0.0s
[480/1120]	[L1: 0.0265]	2.8+0.0s
[520/1120]	[L1: 0.0264]	2.9+0.0s
[560/1120]	[L1: 0.0266]	3.0+0.0s
[600/1120]	[L1: 0.0264]	2.9+0.0s
[640/1120]	[L1: 0.0266]	2.9+0.0s
[680/1120]	[L1: 0.0265]	2.9+0.0s
[720/1120]	[L1: 0.0263]	2.4+0.0s
[760/1120]	[L1: 0.0262]	2.4+0.0s
[800/1120]	[L1: 0.0262]	2.3+0.0s
[840/1120]	[L1: 0.0261]	2.4+0.0s
[880/1120]	[L1: 0.0260]	2.3+0.0s
[920/1120]	[L1: 0.0261]	2.3+0.0s
[960/1120]	[L1: 0.0260]	2.8+0.0s
[1000/1120]	[L1: 0.0260]	2.8+0.0s
[1040/1120]	[L1: 0.0261]	2.8+0.0s
[1080/1120]	[L1: 0.0260]	2.7+0.0s
[1120/1120]	[L1: 0.0260]	2.4+0.0s

Evaluation:
[RSSCN7 x3]	psnr: 29.222 (Best: 29.236 @epoch 224)
Total time: 14.89s

[Epoch 231]	Learning rate: 1.00e-4
[40/1120]	[L1: 0.0250]	2.4+0.0s
[80/1120]	[L1: 0.0253]	2.6+0.0s
[120/1120]	[L1: 0.0256]	2.3+0.0s
[160/1120]	[L1: 0.0258]	2.4+0.0s
[200/1120]	[L1: 0.0260]	2.6+0.0s
[240/1120]	[L1: 0.0260]	2.9+0.0s
[280/1120]	[L1: 0.0261]	2.8+0.0s
[320/1120]	[L1: 0.0259]	2.5+0.0s
[360/1120]	[L1: 0.0259]	3.0+0.0s
[400/1120]	[L1: 0.0260]	2.9+0.0s
[440/1120]	[L1: 0.0262]	2.8+0.0s
[480/1120]	[L1: 0.0261]	2.5+0.0s
[520/1120]	[L1: 0.0265]	2.6+0.0s
[560/1120]	[L1: 0.0264]	2.5+0.0s
[600/1120]	[L1: 0.0263]	2.5+0.0s
[640/1120]	[L1: 0.0261]	2.6+0.0s
[680/1120]	[L1: 0.0261]	2.5+0.0s
[720/1120]	[L1: 0.0261]	2.5+0.0s
[760/1120]	[L1: 0.0262]	2.5+0.0s
[800/1120]	[L1: 0.0262]	2.6+0.0s
[840/1120]	[L1: 0.0261]	2.5+0.0s
[880/1120]	[L1: 0.0261]	2.5+0.0s
[920/1120]	[L1: 0.0261]	2.5+0.0s
[960/1120]	[L1: 0.0262]	2.6+0.0s
[1000/1120]	[L1: 0.0262]	2.5+0.0s
[1040/1120]	[L1: 0.0261]	2.7+0.0s
[1080/1120]	[L1: 0.0260]	3.0+0.0s
[1120/1120]	[L1: 0.0261]	2.6+0.0s

Evaluation:
[RSSCN7 x3]	psnr: 29.176 (Best: 29.236 @epoch 224)
Total time: 14.97s

[Epoch 232]	Learning rate: 1.00e-4
[40/1120]	[L1: 0.0275]	2.6+0.0s
[80/1120]	[L1: 0.0255]	2.3+0.0s
[120/1120]	[L1: 0.0249]	2.4+0.0s
[160/1120]	[L1: 0.0249]	2.3+0.0s
[200/1120]	[L1: 0.0252]	2.3+0.0s
[240/1120]	[L1: 0.0257]	2.5+0.0s
[280/1120]	[L1: 0.0255]	2.4+0.0s
[320/1120]	[L1: 0.0253]	2.5+0.0s
[360/1120]	[L1: 0.0254]	2.4+0.0s
[400/1120]	[L1: 0.0255]	2.8+0.0s
[440/1120]	[L1: 0.0254]	3.0+0.0s
[480/1120]	[L1: 0.0258]	2.9+0.0s
[520/1120]	[L1: 0.0260]	2.8+0.0s
[560/1120]	[L1: 0.0259]	2.5+0.0s
[600/1120]	[L1: 0.0259]	2.4+0.0s
[640/1120]	[L1: 0.0258]	2.5+0.0s
[680/1120]	[L1: 0.0258]	2.8+0.0s
[720/1120]	[L1: 0.0259]	2.6+0.0s
[760/1120]	[L1: 0.0257]	2.7+0.0s
[800/1120]	[L1: 0.0257]	2.8+0.0s
[840/1120]	[L1: 0.0256]	2.6+0.0s
[880/1120]	[L1: 0.0256]	2.3+0.0s
[920/1120]	[L1: 0.0256]	2.4+0.0s
[960/1120]	[L1: 0.0257]	2.4+0.0s
[1000/1120]	[L1: 0.0258]	2.5+0.0s
[1040/1120]	[L1: 0.0258]	2.6+0.0s
[1080/1120]	[L1: 0.0260]	2.5+0.0s
[1120/1120]	[L1: 0.0260]	2.4+0.0s

Evaluation:
[RSSCN7 x3]	psnr: 29.195 (Best: 29.236 @epoch 224)
Total time: 14.92s

[Epoch 233]	Learning rate: 1.00e-4
[40/1120]	[L1: 0.0291]	2.5+0.0s
[80/1120]	[L1: 0.0294]	2.5+0.0s
[120/1120]	[L1: 0.0297]	2.6+0.0s
[160/1120]	[L1: 0.0286]	2.7+0.0s
[200/1120]	[L1: 0.0281]	2.5+0.0s
[240/1120]	[L1: 0.0278]	2.5+0.0s
[280/1120]	[L1: 0.0274]	2.3+0.0s
[320/1120]	[L1: 0.0268]	2.3+0.0s
[360/1120]	[L1: 0.0263]	2.3+0.0s
[400/1120]	[L1: 0.0266]	2.5+0.0s
[440/1120]	[L1: 0.0266]	2.6+0.0s
[480/1120]	[L1: 0.0266]	2.8+0.0s
[520/1120]	[L1: 0.0262]	2.6+0.0s
[560/1120]	[L1: 0.0264]	2.5+0.0s
[600/1120]	[L1: 0.0263]	2.5+0.0s
[640/1120]	[L1: 0.0263]	3.0+0.0s
[680/1120]	[L1: 0.0263]	3.0+0.0s
[720/1120]	[L1: 0.0264]	2.6+0.0s
[760/1120]	[L1: 0.0264]	2.9+0.0s
[800/1120]	[L1: 0.0263]	2.5+0.0s
[840/1120]	[L1: 0.0264]	2.6+0.0s
[880/1120]	[L1: 0.0265]	2.5+0.0s
[920/1120]	[L1: 0.0264]	2.5+0.0s
[960/1120]	[L1: 0.0263]	2.5+0.0s
[1000/1120]	[L1: 0.0262]	2.5+0.0s
[1040/1120]	[L1: 0.0262]	2.5+0.0s
[1080/1120]	[L1: 0.0261]	2.3+0.0s
[1120/1120]	[L1: 0.0262]	2.4+0.0s

Evaluation:
[RSSCN7 x3]	psnr: 29.211 (Best: 29.236 @epoch 224)
Total time: 14.96s

[Epoch 234]	Learning rate: 1.00e-4
[40/1120]	[L1: 0.0212]	2.5+0.0s
[80/1120]	[L1: 0.0220]	2.6+0.0s
[120/1120]	[L1: 0.0229]	2.6+0.0s
[160/1120]	[L1: 0.0240]	3.0+0.0s
[200/1120]	[L1: 0.0258]	2.5+0.0s
[240/1120]	[L1: 0.0260]	2.3+0.0s
[280/1120]	[L1: 0.0256]	2.4+0.0s
[320/1120]	[L1: 0.0252]	2.3+0.0s
[360/1120]	[L1: 0.0248]	2.3+0.0s
[400/1120]	[L1: 0.0251]	2.4+0.0s
[440/1120]	[L1: 0.0252]	2.6+0.0s
[480/1120]	[L1: 0.0251]	2.9+0.0s
[520/1120]	[L1: 0.0255]	2.9+0.0s
[560/1120]	[L1: 0.0259]	2.4+0.0s
[600/1120]	[L1: 0.0261]	2.4+0.0s
[640/1120]	[L1: 0.0262]	2.4+0.0s
[680/1120]	[L1: 0.0260]	2.3+0.0s
[720/1120]	[L1: 0.0258]	2.3+0.0s
[760/1120]	[L1: 0.0257]	2.7+0.0s
[800/1120]	[L1: 0.0257]	2.8+0.0s
[840/1120]	[L1: 0.0256]	2.9+0.0s
[880/1120]	[L1: 0.0256]	3.0+0.0s
[920/1120]	[L1: 0.0256]	2.8+0.0s
[960/1120]	[L1: 0.0259]	2.8+0.0s
[1000/1120]	[L1: 0.0259]	2.9+0.0s
[1040/1120]	[L1: 0.0259]	2.4+0.0s
[1080/1120]	[L1: 0.0260]	2.3+0.0s
[1120/1120]	[L1: 0.0260]	2.4+0.0s

Evaluation:
[RSSCN7 x3]	psnr: 29.234 (Best: 29.236 @epoch 224)
Total time: 14.94s

[Epoch 235]	Learning rate: 1.00e-4
[40/1120]	[L1: 0.0281]	2.6+0.0s
[80/1120]	[L1: 0.0267]	2.8+0.0s
[120/1120]	[L1: 0.0268]	2.9+0.0s
[160/1120]	[L1: 0.0271]	2.8+0.0s
[200/1120]	[L1: 0.0261]	2.4+0.0s
[240/1120]	[L1: 0.0261]	2.5+0.0s
[280/1120]	[L1: 0.0259]	2.4+0.0s
[320/1120]	[L1: 0.0255]	2.5+0.0s
[360/1120]	[L1: 0.0256]	2.6+0.0s
[400/1120]	[L1: 0.0257]	2.8+0.0s
[440/1120]	[L1: 0.0256]	2.6+0.0s
[480/1120]	[L1: 0.0256]	2.4+0.0s
[520/1120]	[L1: 0.0257]	2.5+0.0s
[560/1120]	[L1: 0.0255]	2.9+0.0s
[600/1120]	[L1: 0.0256]	2.4+0.0s
[640/1120]	[L1: 0.0257]	2.5+0.0s
[680/1120]	[L1: 0.0256]	2.4+0.0s
[720/1120]	[L1: 0.0256]	2.5+0.0s
[760/1120]	[L1: 0.0259]	2.7+0.0s
[800/1120]	[L1: 0.0260]	2.7+0.0s
[840/1120]	[L1: 0.0260]	2.9+0.0s
[880/1120]	[L1: 0.0259]	2.5+0.0s
[920/1120]	[L1: 0.0258]	2.4+0.0s
[960/1120]	[L1: 0.0259]	2.4+0.0s
[1000/1120]	[L1: 0.0259]	2.4+0.0s
[1040/1120]	[L1: 0.0261]	2.9+0.0s
[1080/1120]	[L1: 0.0261]	2.8+0.0s
[1120/1120]	[L1: 0.0261]	2.6+0.0s

Evaluation:
[RSSCN7 x3]	psnr: 29.232 (Best: 29.236 @epoch 224)
Total time: 15.00s

[Epoch 236]	Learning rate: 1.00e-4
[40/1120]	[L1: 0.0274]	2.5+0.0s
[80/1120]	[L1: 0.0270]	2.5+0.0s
[120/1120]	[L1: 0.0268]	2.5+0.0s
[160/1120]	[L1: 0.0263]	2.5+0.0s
[200/1120]	[L1: 0.0256]	2.5+0.0s
[240/1120]	[L1: 0.0258]	2.5+0.0s
[280/1120]	[L1: 0.0256]	2.5+0.0s
[320/1120]	[L1: 0.0258]	2.5+0.0s
[360/1120]	[L1: 0.0262]	2.9+0.0s
[400/1120]	[L1: 0.0264]	2.9+0.0s
[440/1120]	[L1: 0.0264]	2.9+0.0s
[480/1120]	[L1: 0.0263]	2.9+0.0s
[520/1120]	[L1: 0.0261]	2.6+0.0s
[560/1120]	[L1: 0.0257]	2.4+0.0s
[600/1120]	[L1: 0.0257]	2.4+0.0s
[640/1120]	[L1: 0.0257]	2.4+0.0s
[680/1120]	[L1: 0.0258]	2.4+0.0s
[720/1120]	[L1: 0.0258]	2.6+0.0s
[760/1120]	[L1: 0.0258]	2.8+0.0s
[800/1120]	[L1: 0.0259]	2.8+0.0s
[840/1120]	[L1: 0.0259]	2.8+0.0s
[880/1120]	[L1: 0.0261]	2.4+0.0s
[920/1120]	[L1: 0.0260]	2.7+0.0s
[960/1120]	[L1: 0.0260]	2.3+0.0s
[1000/1120]	[L1: 0.0261]	2.3+0.0s
[1040/1120]	[L1: 0.0262]	2.3+0.0s
[1080/1120]	[L1: 0.0262]	2.3+0.0s
[1120/1120]	[L1: 0.0262]	2.4+0.0s

Evaluation:
[RSSCN7 x3]	psnr: 29.224 (Best: 29.236 @epoch 224)
Total time: 14.96s

[Epoch 237]	Learning rate: 1.00e-4
[40/1120]	[L1: 0.0247]	2.4+0.0s
[80/1120]	[L1: 0.0248]	2.4+0.0s
[120/1120]	[L1: 0.0259]	2.4+0.0s
[160/1120]	[L1: 0.0261]	2.5+0.0s
[200/1120]	[L1: 0.0263]	2.4+0.0s
[240/1120]	[L1: 0.0262]	2.6+0.0s
[280/1120]	[L1: 0.0262]	2.4+0.0s
[320/1120]	[L1: 0.0266]	2.7+0.0s
[360/1120]	[L1: 0.0262]	2.7+0.0s
[400/1120]	[L1: 0.0263]	2.3+0.0s
[440/1120]	[L1: 0.0263]	2.3+0.0s
[480/1120]	[L1: 0.0262]	2.3+0.0s
[520/1120]	[L1: 0.0259]	2.3+0.0s
[560/1120]	[L1: 0.0260]	2.3+0.0s
[600/1120]	[L1: 0.0261]	2.4+0.0s
[640/1120]	[L1: 0.0261]	2.3+0.0s
[680/1120]	[L1: 0.0262]	2.3+0.0s
[720/1120]	[L1: 0.0262]	2.3+0.0s
[760/1120]	[L1: 0.0262]	2.4+0.0s
[800/1120]	[L1: 0.0263]	2.6+0.0s
[840/1120]	[L1: 0.0264]	2.5+0.0s
[880/1120]	[L1: 0.0265]	2.5+0.0s
[920/1120]	[L1: 0.0264]	2.4+0.0s
[960/1120]	[L1: 0.0263]	2.3+0.0s
[1000/1120]	[L1: 0.0262]	2.3+0.0s
[1040/1120]	[L1: 0.0262]	2.6+0.0s
[1080/1120]	[L1: 0.0262]	2.4+0.0s
[1120/1120]	[L1: 0.0262]	2.3+0.0s

Evaluation:
[RSSCN7 x3]	psnr: 29.231 (Best: 29.236 @epoch 224)
Total time: 14.99s

[Epoch 238]	Learning rate: 1.00e-4
[40/1120]	[L1: 0.0264]	2.6+0.0s
[80/1120]	[L1: 0.0260]	2.5+0.0s
[120/1120]	[L1: 0.0264]	2.5+0.0s
[160/1120]	[L1: 0.0255]	2.6+0.0s
[200/1120]	[L1: 0.0254]	2.5+0.0s
[240/1120]	[L1: 0.0263]	2.5+0.0s
[280/1120]	[L1: 0.0264]	2.5+0.0s
[320/1120]	[L1: 0.0265]	2.6+0.0s
[360/1120]	[L1: 0.0264]	2.4+0.0s
[400/1120]	[L1: 0.0266]	2.4+0.0s
[440/1120]	[L1: 0.0266]	2.4+0.0s
[480/1120]	[L1: 0.0259]	2.5+0.0s
[520/1120]	[L1: 0.0260]	2.4+0.0s
[560/1120]	[L1: 0.0259]	2.3+0.0s
[600/1120]	[L1: 0.0259]	2.5+0.0s
[640/1120]	[L1: 0.0258]	2.3+0.0s
[680/1120]	[L1: 0.0257]	2.3+0.0s
[720/1120]	[L1: 0.0255]	2.6+0.0s
[760/1120]	[L1: 0.0255]	2.7+0.0s
[800/1120]	[L1: 0.0255]	2.3+0.0s
[840/1120]	[L1: 0.0256]	2.3+0.0s
[880/1120]	[L1: 0.0258]	2.5+0.0s
[920/1120]	[L1: 0.0259]	2.6+0.0s
[960/1120]	[L1: 0.0260]	2.5+0.0s
[1000/1120]	[L1: 0.0260]	2.4+0.0s
[1040/1120]	[L1: 0.0261]	2.6+0.0s
[1080/1120]	[L1: 0.0260]	2.8+0.0s
[1120/1120]	[L1: 0.0261]	2.8+0.0s

Evaluation:
[RSSCN7 x3]	psnr: 29.231 (Best: 29.236 @epoch 224)
Total time: 14.95s

[Epoch 239]	Learning rate: 1.00e-4
[40/1120]	[L1: 0.0283]	2.5+0.0s
[80/1120]	[L1: 0.0259]	2.5+0.0s
[120/1120]	[L1: 0.0259]	2.5+0.0s
[160/1120]	[L1: 0.0267]	2.6+0.0s
[200/1120]	[L1: 0.0257]	2.5+0.0s
[240/1120]	[L1: 0.0267]	2.5+0.0s
[280/1120]	[L1: 0.0267]	2.5+0.0s
[320/1120]	[L1: 0.0263]	2.7+0.0s
[360/1120]	[L1: 0.0264]	2.5+0.0s
[400/1120]	[L1: 0.0268]	3.0+0.0s
[440/1120]	[L1: 0.0268]	2.9+0.0s
[480/1120]	[L1: 0.0267]	3.1+0.0s
[520/1120]	[L1: 0.0268]	2.9+0.0s
[560/1120]	[L1: 0.0266]	2.9+0.0s
[600/1120]	[L1: 0.0267]	2.9+0.0s
[640/1120]	[L1: 0.0264]	2.8+0.0s
[680/1120]	[L1: 0.0264]	2.3+0.0s
[720/1120]	[L1: 0.0264]	2.3+0.0s
[760/1120]	[L1: 0.0264]	2.3+0.0s
[800/1120]	[L1: 0.0265]	2.4+0.0s
[840/1120]	[L1: 0.0265]	2.3+0.0s
[880/1120]	[L1: 0.0266]	2.3+0.0s
[920/1120]	[L1: 0.0265]	2.3+0.0s
[960/1120]	[L1: 0.0263]	2.7+0.0s
[1000/1120]	[L1: 0.0262]	2.8+0.0s
[1040/1120]	[L1: 0.0263]	2.9+0.0s
[1080/1120]	[L1: 0.0262]	2.9+0.0s
[1120/1120]	[L1: 0.0262]	3.0+0.0s

Evaluation:
[RSSCN7 x3]	psnr: 29.240 (Best: 29.240 @epoch 239)
Total time: 14.97s

[Epoch 240]	Learning rate: 1.00e-4
[40/1120]	[L1: 0.0247]	2.9+0.0s
[80/1120]	[L1: 0.0269]	2.8+0.0s
[120/1120]	[L1: 0.0264]	3.0+0.0s
[160/1120]	[L1: 0.0271]	2.9+0.0s
[200/1120]	[L1: 0.0275]	2.6+0.0s
[240/1120]	[L1: 0.0277]	2.4+0.0s
[280/1120]	[L1: 0.0273]	2.4+0.0s
[320/1120]	[L1: 0.0270]	2.5+0.0s
[360/1120]	[L1: 0.0270]	2.9+0.0s
[400/1120]	[L1: 0.0271]	2.3+0.0s
[440/1120]	[L1: 0.0270]	2.3+0.0s
[480/1120]	[L1: 0.0273]	2.3+0.0s
[520/1120]	[L1: 0.0271]	2.3+0.0s
[560/1120]	[L1: 0.0273]	2.4+0.0s
[600/1120]	[L1: 0.0272]	2.3+0.0s
[640/1120]	[L1: 0.0271]	2.7+0.0s
[680/1120]	[L1: 0.0271]	2.7+0.0s
[720/1120]	[L1: 0.0269]	2.5+0.0s
[760/1120]	[L1: 0.0268]	2.3+0.0s
[800/1120]	[L1: 0.0267]	2.4+0.0s
[840/1120]	[L1: 0.0266]	2.3+0.0s
[880/1120]	[L1: 0.0265]	2.3+0.0s
[920/1120]	[L1: 0.0265]	2.3+0.0s
[960/1120]	[L1: 0.0265]	2.3+0.0s
[1000/1120]	[L1: 0.0265]	2.6+0.0s
[1040/1120]	[L1: 0.0263]	2.5+0.0s
[1080/1120]	[L1: 0.0263]	2.8+0.0s
[1120/1120]	[L1: 0.0262]	2.9+0.0s

Evaluation:
[RSSCN7 x3]	psnr: 29.232 (Best: 29.240 @epoch 239)
Total time: 15.00s

[Epoch 241]	Learning rate: 1.00e-4
[40/1120]	[L1: 0.0258]	2.6+0.0s
[80/1120]	[L1: 0.0250]	2.5+0.0s
[120/1120]	[L1: 0.0262]	2.5+0.0s
[160/1120]	[L1: 0.0259]	2.8+0.0s
[200/1120]	[L1: 0.0256]	2.6+0.0s
[240/1120]	[L1: 0.0263]	2.4+0.0s
[280/1120]	[L1: 0.0261]	2.4+0.0s
[320/1120]	[L1: 0.0264]	2.4+0.0s
[360/1120]	[L1: 0.0267]	2.4+0.0s
[400/1120]	[L1: 0.0266]	2.6+0.0s
[440/1120]	[L1: 0.0263]	2.4+0.0s
[480/1120]	[L1: 0.0261]	2.3+0.0s
[520/1120]	[L1: 0.0260]	2.3+0.0s
[560/1120]	[L1: 0.0260]	2.5+0.0s
[600/1120]	[L1: 0.0256]	2.3+0.0s
[640/1120]	[L1: 0.0255]	2.3+0.0s
[680/1120]	[L1: 0.0255]	2.3+0.0s
[720/1120]	[L1: 0.0257]	2.6+0.0s
[760/1120]	[L1: 0.0257]	2.5+0.0s
[800/1120]	[L1: 0.0258]	2.8+0.0s
[840/1120]	[L1: 0.0259]	2.4+0.0s
[880/1120]	[L1: 0.0260]	2.4+0.0s
[920/1120]	[L1: 0.0260]	2.3+0.0s
[960/1120]	[L1: 0.0261]	2.5+0.0s
[1000/1120]	[L1: 0.0260]	2.4+0.0s
[1040/1120]	[L1: 0.0260]	2.4+0.0s
[1080/1120]	[L1: 0.0260]	2.3+0.0s
[1120/1120]	[L1: 0.0260]	2.4+0.0s

Evaluation:
[RSSCN7 x3]	psnr: 29.224 (Best: 29.240 @epoch 239)
Total time: 14.99s

[Epoch 242]	Learning rate: 1.00e-4
[40/1120]	[L1: 0.0285]	2.5+0.0s
[80/1120]	[L1: 0.0269]	2.5+0.0s
[120/1120]	[L1: 0.0260]	2.6+0.0s
[160/1120]	[L1: 0.0277]	2.5+0.0s
[200/1120]	[L1: 0.0267]	2.5+0.0s
[240/1120]	[L1: 0.0273]	2.4+0.0s
[280/1120]	[L1: 0.0270]	2.4+0.0s
[320/1120]	[L1: 0.0267]	2.3+0.0s
[360/1120]	[L1: 0.0265]	2.3+0.0s
[400/1120]	[L1: 0.0267]	2.3+0.0s
[440/1120]	[L1: 0.0263]	2.3+0.0s
[480/1120]	[L1: 0.0262]	2.4+0.0s
[520/1120]	[L1: 0.0261]	2.3+0.0s
[560/1120]	[L1: 0.0259]	2.3+0.0s
[600/1120]	[L1: 0.0260]	2.3+0.0s
[640/1120]	[L1: 0.0261]	2.3+0.0s
[680/1120]	[L1: 0.0260]	2.4+0.0s
[720/1120]	[L1: 0.0261]	2.4+0.0s
[760/1120]	[L1: 0.0258]	2.4+0.0s
[800/1120]	[L1: 0.0257]	2.3+0.0s
[840/1120]	[L1: 0.0259]	2.7+0.0s
[880/1120]	[L1: 0.0260]	2.3+0.0s
[920/1120]	[L1: 0.0259]	2.5+0.0s
[960/1120]	[L1: 0.0258]	2.8+0.0s
[1000/1120]	[L1: 0.0259]	2.9+0.0s
[1040/1120]	[L1: 0.0259]	3.1+0.0s
[1080/1120]	[L1: 0.0259]	2.9+0.0s
[1120/1120]	[L1: 0.0260]	2.8+0.0s

Evaluation:
[RSSCN7 x3]	psnr: 29.226 (Best: 29.240 @epoch 239)
Total time: 14.94s

[Epoch 243]	Learning rate: 1.00e-4
[40/1120]	[L1: 0.0247]	2.6+0.0s
[80/1120]	[L1: 0.0263]	2.5+0.0s
[120/1120]	[L1: 0.0272]	2.6+0.0s
[160/1120]	[L1: 0.0264]	2.5+0.0s
[200/1120]	[L1: 0.0258]	2.3+0.0s
[240/1120]	[L1: 0.0258]	2.4+0.0s
[280/1120]	[L1: 0.0260]	2.4+0.0s
[320/1120]	[L1: 0.0263]	2.4+0.0s
[360/1120]	[L1: 0.0264]	2.3+0.0s
[400/1120]	[L1: 0.0264]	2.7+0.0s
[440/1120]	[L1: 0.0262]	2.9+0.0s
[480/1120]	[L1: 0.0260]	2.6+0.0s
[520/1120]	[L1: 0.0260]	2.4+0.0s
[560/1120]	[L1: 0.0262]	2.5+0.0s
[600/1120]	[L1: 0.0261]	2.5+0.0s
[640/1120]	[L1: 0.0261]	2.5+0.0s
[680/1120]	[L1: 0.0261]	2.4+0.0s
[720/1120]	[L1: 0.0262]	2.6+0.0s
[760/1120]	[L1: 0.0261]	2.7+0.0s
[800/1120]	[L1: 0.0262]	2.9+0.0s
[840/1120]	[L1: 0.0264]	3.0+0.0s
[880/1120]	[L1: 0.0263]	2.7+0.0s
[920/1120]	[L1: 0.0262]	2.6+0.0s
[960/1120]	[L1: 0.0263]	2.5+0.0s
[1000/1120]	[L1: 0.0261]	2.5+0.0s
[1040/1120]	[L1: 0.0261]	2.4+0.0s
[1080/1120]	[L1: 0.0260]	2.3+0.0s
[1120/1120]	[L1: 0.0260]	2.4+0.0s

Evaluation:
[RSSCN7 x3]	psnr: 29.234 (Best: 29.240 @epoch 239)
Total time: 14.91s

[Epoch 244]	Learning rate: 1.00e-4
[40/1120]	[L1: 0.0311]	2.9+0.0s
[80/1120]	[L1: 0.0272]	3.0+0.0s
[120/1120]	[L1: 0.0281]	2.9+0.0s
[160/1120]	[L1: 0.0279]	2.9+0.0s
[200/1120]	[L1: 0.0274]	2.4+0.0s
[240/1120]	[L1: 0.0280]	2.5+0.0s
[280/1120]	[L1: 0.0275]	2.6+0.0s
[320/1120]	[L1: 0.0272]	2.5+0.0s
[360/1120]	[L1: 0.0267]	2.6+0.0s
[400/1120]	[L1: 0.0264]	2.9+0.0s
[440/1120]	[L1: 0.0261]	2.9+0.0s
[480/1120]	[L1: 0.0261]	2.6+0.0s
[520/1120]	[L1: 0.0258]	2.5+0.0s
[560/1120]	[L1: 0.0258]	2.5+0.0s
[600/1120]	[L1: 0.0259]	2.4+0.0s
[640/1120]	[L1: 0.0260]	2.4+0.0s
[680/1120]	[L1: 0.0259]	2.5+0.0s
[720/1120]	[L1: 0.0258]	2.4+0.0s
[760/1120]	[L1: 0.0260]	2.5+0.0s
[800/1120]	[L1: 0.0260]	2.4+0.0s
[840/1120]	[L1: 0.0260]	2.3+0.0s
[880/1120]	[L1: 0.0261]	2.5+0.0s
[920/1120]	[L1: 0.0261]	2.5+0.0s
[960/1120]	[L1: 0.0260]	2.6+0.0s
[1000/1120]	[L1: 0.0261]	2.5+0.0s
[1040/1120]	[L1: 0.0261]	2.5+0.0s
[1080/1120]	[L1: 0.0263]	2.4+0.0s
[1120/1120]	[L1: 0.0262]	2.3+0.0s

Evaluation:
[RSSCN7 x3]	psnr: 29.245 (Best: 29.245 @epoch 244)
Total time: 14.90s

[Epoch 245]	Learning rate: 1.00e-4
[40/1120]	[L1: 0.0229]	2.4+0.0s
[80/1120]	[L1: 0.0245]	2.7+0.0s
[120/1120]	[L1: 0.0248]	2.8+0.0s
[160/1120]	[L1: 0.0241]	2.8+0.0s
[200/1120]	[L1: 0.0246]	2.9+0.0s
[240/1120]	[L1: 0.0248]	2.9+0.0s
[280/1120]	[L1: 0.0248]	2.7+0.0s
[320/1120]	[L1: 0.0253]	2.3+0.0s
[360/1120]	[L1: 0.0254]	2.3+0.0s
[400/1120]	[L1: 0.0253]	2.4+0.0s
[440/1120]	[L1: 0.0255]	2.3+0.0s
[480/1120]	[L1: 0.0260]	2.3+0.0s
[520/1120]	[L1: 0.0258]	2.3+0.0s
[560/1120]	[L1: 0.0259]	2.4+0.0s
[600/1120]	[L1: 0.0260]	2.6+0.0s
[640/1120]	[L1: 0.0259]	2.4+0.0s
[680/1120]	[L1: 0.0261]	2.4+0.0s
[720/1120]	[L1: 0.0260]	2.5+0.0s
[760/1120]	[L1: 0.0262]	2.4+0.0s
[800/1120]	[L1: 0.0260]	2.3+0.0s
[840/1120]	[L1: 0.0260]	2.3+0.0s
[880/1120]	[L1: 0.0259]	2.3+0.0s
[920/1120]	[L1: 0.0260]	2.5+0.0s
[960/1120]	[L1: 0.0259]	2.3+0.0s
[1000/1120]	[L1: 0.0259]	2.3+0.0s
[1040/1120]	[L1: 0.0259]	2.4+0.0s
[1080/1120]	[L1: 0.0259]	2.3+0.0s
[1120/1120]	[L1: 0.0259]	2.5+0.0s

Evaluation:
[RSSCN7 x3]	psnr: 29.237 (Best: 29.245 @epoch 244)
Total time: 14.93s

[Epoch 246]	Learning rate: 1.00e-4
[40/1120]	[L1: 0.0215]	2.4+0.0s
[80/1120]	[L1: 0.0236]	2.4+0.0s
[120/1120]	[L1: 0.0256]	2.9+0.0s
[160/1120]	[L1: 0.0255]	2.8+0.0s
[200/1120]	[L1: 0.0257]	3.0+0.0s
[240/1120]	[L1: 0.0260]	2.9+0.0s
[280/1120]	[L1: 0.0259]	2.9+0.0s
[320/1120]	[L1: 0.0260]	2.4+0.0s
[360/1120]	[L1: 0.0258]	2.4+0.0s
[400/1120]	[L1: 0.0264]	2.4+0.0s
[440/1120]	[L1: 0.0263]	2.4+0.0s
[480/1120]	[L1: 0.0260]	2.7+0.0s
[520/1120]	[L1: 0.0259]	2.8+0.0s
[560/1120]	[L1: 0.0260]	2.8+0.0s
[600/1120]	[L1: 0.0258]	2.8+0.0s
[640/1120]	[L1: 0.0258]	3.0+0.0s
[680/1120]	[L1: 0.0258]	2.9+0.0s
[720/1120]	[L1: 0.0258]	2.9+0.0s
[760/1120]	[L1: 0.0259]	2.9+0.0s
[800/1120]	[L1: 0.0259]	2.9+0.0s
[840/1120]	[L1: 0.0260]	2.9+0.0s
[880/1120]	[L1: 0.0259]	2.5+0.0s
[920/1120]	[L1: 0.0259]	2.3+0.0s
[960/1120]	[L1: 0.0260]	2.3+0.0s
[1000/1120]	[L1: 0.0260]	2.3+0.0s
[1040/1120]	[L1: 0.0261]	2.4+0.0s
[1080/1120]	[L1: 0.0260]	2.4+0.0s
[1120/1120]	[L1: 0.0260]	2.3+0.0s

Evaluation:
[RSSCN7 x3]	psnr: 29.202 (Best: 29.245 @epoch 244)
Total time: 14.90s

[Epoch 247]	Learning rate: 1.00e-4
[40/1120]	[L1: 0.0272]	2.4+0.0s
[80/1120]	[L1: 0.0280]	2.4+0.0s
[120/1120]	[L1: 0.0277]	2.5+0.0s
[160/1120]	[L1: 0.0268]	2.3+0.0s
[200/1120]	[L1: 0.0270]	2.3+0.0s
[240/1120]	[L1: 0.0271]	2.3+0.0s
[280/1120]	[L1: 0.0266]	2.4+0.0s
[320/1120]	[L1: 0.0261]	2.5+0.0s
[360/1120]	[L1: 0.0260]	2.8+0.0s
[400/1120]	[L1: 0.0257]	2.6+0.0s
[440/1120]	[L1: 0.0258]	2.4+0.0s
[480/1120]	[L1: 0.0260]	2.4+0.0s
[520/1120]	[L1: 0.0260]	2.3+0.0s
[560/1120]	[L1: 0.0259]	2.3+0.0s
[600/1120]	[L1: 0.0258]	2.3+0.0s
[640/1120]	[L1: 0.0259]	2.9+0.0s
[680/1120]	[L1: 0.0257]	2.8+0.0s
[720/1120]	[L1: 0.0258]	2.9+0.0s
[760/1120]	[L1: 0.0256]	2.9+0.0s
[800/1120]	[L1: 0.0259]	2.9+0.0s
[840/1120]	[L1: 0.0259]	2.9+0.0s
[880/1120]	[L1: 0.0260]	2.8+0.0s
[920/1120]	[L1: 0.0258]	2.7+0.0s
[960/1120]	[L1: 0.0258]	2.3+0.0s
[1000/1120]	[L1: 0.0261]	2.7+0.0s
[1040/1120]	[L1: 0.0260]	2.9+0.0s
[1080/1120]	[L1: 0.0260]	2.7+0.0s
[1120/1120]	[L1: 0.0260]	2.7+0.0s

Evaluation:
[RSSCN7 x3]	psnr: 29.216 (Best: 29.245 @epoch 244)
Total time: 14.99s

[Epoch 248]	Learning rate: 1.00e-4
[40/1120]	[L1: 0.0246]	2.6+0.0s
[80/1120]	[L1: 0.0261]	2.5+0.0s
[120/1120]	[L1: 0.0262]	2.7+0.0s
[160/1120]	[L1: 0.0264]	2.5+0.0s
[200/1120]	[L1: 0.0264]	2.6+0.0s
[240/1120]	[L1: 0.0261]	2.5+0.0s
[280/1120]	[L1: 0.0269]	2.6+0.0s
[320/1120]	[L1: 0.0270]	2.5+0.0s
[360/1120]	[L1: 0.0266]	2.6+0.0s
[400/1120]	[L1: 0.0266]	2.5+0.0s
[440/1120]	[L1: 0.0267]	2.7+0.0s
[480/1120]	[L1: 0.0270]	2.8+0.0s
[520/1120]	[L1: 0.0270]	2.6+0.0s
[560/1120]	[L1: 0.0269]	2.4+0.0s
[600/1120]	[L1: 0.0266]	2.6+0.0s
[640/1120]	[L1: 0.0265]	2.4+0.0s
[680/1120]	[L1: 0.0263]	2.4+0.0s
[720/1120]	[L1: 0.0262]	2.4+0.0s
[760/1120]	[L1: 0.0261]	2.5+0.0s
[800/1120]	[L1: 0.0262]	2.9+0.0s
[840/1120]	[L1: 0.0262]	2.8+0.0s
[880/1120]	[L1: 0.0263]	2.9+0.0s
[920/1120]	[L1: 0.0261]	2.7+0.0s
[960/1120]	[L1: 0.0260]	2.9+0.0s
[1000/1120]	[L1: 0.0261]	2.3+0.0s
[1040/1120]	[L1: 0.0261]	2.4+0.0s
[1080/1120]	[L1: 0.0262]	2.3+0.0s
[1120/1120]	[L1: 0.0262]	2.4+0.0s

Evaluation:
[RSSCN7 x3]	psnr: 29.248 (Best: 29.248 @epoch 248)
Total time: 14.92s

[Epoch 249]	Learning rate: 1.00e-4
[40/1120]	[L1: 0.0240]	2.4+0.0s
[80/1120]	[L1: 0.0247]	2.5+0.0s
[120/1120]	[L1: 0.0252]	2.3+0.0s
[160/1120]	[L1: 0.0252]	2.3+0.0s
[200/1120]	[L1: 0.0256]	2.3+0.0s
[240/1120]	[L1: 0.0250]	2.3+0.0s
[280/1120]	[L1: 0.0252]	2.3+0.0s
[320/1120]	[L1: 0.0254]	2.3+0.0s
[360/1120]	[L1: 0.0253]	2.3+0.0s
[400/1120]	[L1: 0.0255]	2.3+0.0s
[440/1120]	[L1: 0.0254]	2.3+0.0s
[480/1120]	[L1: 0.0254]	2.3+0.0s
[520/1120]	[L1: 0.0253]	2.4+0.0s
[560/1120]	[L1: 0.0256]	2.4+0.0s
[600/1120]	[L1: 0.0255]	2.3+0.0s
[640/1120]	[L1: 0.0257]	2.5+0.0s
[680/1120]	[L1: 0.0257]	2.5+0.0s
[720/1120]	[L1: 0.0256]	2.5+0.0s
[760/1120]	[L1: 0.0255]	2.5+0.0s
[800/1120]	[L1: 0.0257]	2.4+0.0s
[840/1120]	[L1: 0.0258]	2.4+0.0s
[880/1120]	[L1: 0.0258]	2.3+0.0s
[920/1120]	[L1: 0.0259]	2.3+0.0s
[960/1120]	[L1: 0.0259]	2.4+0.0s
[1000/1120]	[L1: 0.0259]	2.3+0.0s
[1040/1120]	[L1: 0.0260]	2.3+0.0s
[1080/1120]	[L1: 0.0260]	2.4+0.0s
[1120/1120]	[L1: 0.0261]	2.3+0.0s

Evaluation:
[RSSCN7 x3]	psnr: 29.240 (Best: 29.248 @epoch 248)
Total time: 14.92s

[Epoch 250]	Learning rate: 1.00e-4
[40/1120]	[L1: 0.0252]	2.5+0.0s
[80/1120]	[L1: 0.0234]	2.6+0.0s
[120/1120]	[L1: 0.0237]	2.4+0.0s
[160/1120]	[L1: 0.0238]	2.5+0.0s
[200/1120]	[L1: 0.0244]	2.5+0.0s
[240/1120]	[L1: 0.0245]	2.5+0.0s
[280/1120]	[L1: 0.0249]	2.3+0.0s
[320/1120]	[L1: 0.0253]	2.4+0.0s
[360/1120]	[L1: 0.0256]	2.3+0.0s
[400/1120]	[L1: 0.0257]	2.4+0.0s
[440/1120]	[L1: 0.0259]	2.4+0.0s
[480/1120]	[L1: 0.0262]	2.4+0.0s
[520/1120]	[L1: 0.0259]	2.3+0.0s
[560/1120]	[L1: 0.0258]	2.3+0.0s
[600/1120]	[L1: 0.0261]	2.4+0.0s
[640/1120]	[L1: 0.0259]	2.4+0.0s
[680/1120]	[L1: 0.0257]	2.4+0.0s
[720/1120]	[L1: 0.0257]	2.4+0.0s
[760/1120]	[L1: 0.0258]	2.3+0.0s
[800/1120]	[L1: 0.0257]	2.4+0.0s
[840/1120]	[L1: 0.0257]	2.3+0.0s
[880/1120]	[L1: 0.0259]	2.4+0.0s
[920/1120]	[L1: 0.0258]	2.3+0.0s
[960/1120]	[L1: 0.0260]	2.4+0.0s
[1000/1120]	[L1: 0.0260]	2.6+0.0s
[1040/1120]	[L1: 0.0260]	2.5+0.0s
[1080/1120]	[L1: 0.0260]	2.5+0.0s
[1120/1120]	[L1: 0.0261]	2.4+0.0s

Evaluation:
[RSSCN7 x3]	psnr: 29.222 (Best: 29.248 @epoch 248)
Total time: 14.98s

[Epoch 251]	Learning rate: 1.00e-4
[40/1120]	[L1: 0.0286]	2.6+0.0s
[80/1120]	[L1: 0.0269]	2.8+0.0s
[120/1120]	[L1: 0.0267]	2.4+0.0s
[160/1120]	[L1: 0.0262]	2.6+0.0s
[200/1120]	[L1: 0.0259]	2.5+0.0s
[240/1120]	[L1: 0.0261]	2.4+0.0s
[280/1120]	[L1: 0.0263]	2.4+0.0s
[320/1120]	[L1: 0.0265]	2.5+0.0s
[360/1120]	[L1: 0.0263]	2.4+0.0s
[400/1120]	[L1: 0.0265]	2.3+0.0s
[440/1120]	[L1: 0.0261]	2.3+0.0s
[480/1120]	[L1: 0.0264]	2.6+0.0s
[520/1120]	[L1: 0.0264]	2.9+0.0s
[560/1120]	[L1: 0.0265]	3.0+0.0s
[600/1120]	[L1: 0.0267]	2.7+0.0s
[640/1120]	[L1: 0.0267]	2.5+0.0s
[680/1120]	[L1: 0.0265]	2.4+0.0s
[720/1120]	[L1: 0.0265]	2.4+0.0s
[760/1120]	[L1: 0.0265]	2.6+0.0s
[800/1120]	[L1: 0.0266]	2.6+0.0s
[840/1120]	[L1: 0.0264]	2.8+0.0s
[880/1120]	[L1: 0.0264]	2.9+0.0s
[920/1120]	[L1: 0.0262]	3.0+0.0s
[960/1120]	[L1: 0.0262]	2.9+0.0s
[1000/1120]	[L1: 0.0262]	2.9+0.0s
[1040/1120]	[L1: 0.0261]	2.8+0.0s
[1080/1120]	[L1: 0.0261]	2.5+0.0s
[1120/1120]	[L1: 0.0261]	2.4+0.0s

Evaluation:
[RSSCN7 x3]	psnr: 29.252 (Best: 29.252 @epoch 251)
Total time: 15.00s

[Epoch 252]	Learning rate: 1.00e-4
[40/1120]	[L1: 0.0232]	2.9+0.0s
[80/1120]	[L1: 0.0252]	3.0+0.0s
[120/1120]	[L1: 0.0253]	2.8+0.0s
[160/1120]	[L1: 0.0269]	2.7+0.0s
[200/1120]	[L1: 0.0270]	2.6+0.0s
[240/1120]	[L1: 0.0268]	2.7+0.0s
[280/1120]	[L1: 0.0270]	2.6+0.0s
[320/1120]	[L1: 0.0270]	2.5+0.0s
[360/1120]	[L1: 0.0271]	2.6+0.0s
[400/1120]	[L1: 0.0269]	2.5+0.0s
[440/1120]	[L1: 0.0267]	2.4+0.0s
[480/1120]	[L1: 0.0268]	2.3+0.0s
[520/1120]	[L1: 0.0265]	2.4+0.0s
[560/1120]	[L1: 0.0263]	2.3+0.0s
[600/1120]	[L1: 0.0261]	2.5+0.0s
[640/1120]	[L1: 0.0259]	2.4+0.0s
[680/1120]	[L1: 0.0258]	2.4+0.0s
[720/1120]	[L1: 0.0260]	2.5+0.0s
[760/1120]	[L1: 0.0259]	2.5+0.0s
[800/1120]	[L1: 0.0262]	2.5+0.0s
[840/1120]	[L1: 0.0261]	2.4+0.0s
[880/1120]	[L1: 0.0262]	2.4+0.0s
[920/1120]	[L1: 0.0261]	2.5+0.0s
[960/1120]	[L1: 0.0260]	2.6+0.0s
[1000/1120]	[L1: 0.0260]	2.5+0.0s
[1040/1120]	[L1: 0.0261]	2.5+0.0s
[1080/1120]	[L1: 0.0260]	2.5+0.0s
[1120/1120]	[L1: 0.0259]	2.5+0.0s

Evaluation:
[RSSCN7 x3]	psnr: 29.240 (Best: 29.252 @epoch 251)
Total time: 14.96s

[Epoch 253]	Learning rate: 1.00e-4
[40/1120]	[L1: 0.0232]	2.4+0.0s
[80/1120]	[L1: 0.0253]	2.5+0.0s
[120/1120]	[L1: 0.0260]	2.9+0.0s
[160/1120]	[L1: 0.0258]	2.3+0.0s
[200/1120]	[L1: 0.0260]	2.3+0.0s
[240/1120]	[L1: 0.0255]	2.3+0.0s
[280/1120]	[L1: 0.0254]	2.4+0.0s
[320/1120]	[L1: 0.0253]	2.3+0.0s
[360/1120]	[L1: 0.0254]	2.3+0.0s
[400/1120]	[L1: 0.0255]	2.3+0.0s
[440/1120]	[L1: 0.0256]	2.4+0.0s
[480/1120]	[L1: 0.0258]	2.3+0.0s
[520/1120]	[L1: 0.0257]	2.4+0.0s
[560/1120]	[L1: 0.0257]	2.6+0.0s
[600/1120]	[L1: 0.0257]	2.4+0.0s
[640/1120]	[L1: 0.0257]	2.4+0.0s
[680/1120]	[L1: 0.0256]	2.3+0.0s
[720/1120]	[L1: 0.0256]	2.8+0.0s
[760/1120]	[L1: 0.0257]	2.8+0.0s
[800/1120]	[L1: 0.0257]	2.6+0.0s
[840/1120]	[L1: 0.0256]	2.9+0.0s
[880/1120]	[L1: 0.0256]	2.5+0.0s
[920/1120]	[L1: 0.0255]	2.6+0.0s
[960/1120]	[L1: 0.0257]	2.8+0.0s
[1000/1120]	[L1: 0.0258]	2.7+0.0s
[1040/1120]	[L1: 0.0259]	2.4+0.0s
[1080/1120]	[L1: 0.0260]	2.5+0.0s
[1120/1120]	[L1: 0.0260]	2.4+0.0s

Evaluation:
[RSSCN7 x3]	psnr: 29.226 (Best: 29.252 @epoch 251)
Total time: 14.93s

[Epoch 254]	Learning rate: 1.00e-4
[40/1120]	[L1: 0.0252]	2.5+0.0s
[80/1120]	[L1: 0.0243]	2.5+0.0s
[120/1120]	[L1: 0.0251]	2.5+0.0s
[160/1120]	[L1: 0.0248]	2.6+0.0s
[200/1120]	[L1: 0.0250]	2.9+0.0s
[240/1120]	[L1: 0.0250]	3.2+0.0s
[280/1120]	[L1: 0.0250]	2.9+0.0s
[320/1120]	[L1: 0.0256]	2.8+0.0s
[360/1120]	[L1: 0.0258]	2.9+0.0s
[400/1120]	[L1: 0.0255]	2.6+0.0s
[440/1120]	[L1: 0.0258]	2.5+0.0s
[480/1120]	[L1: 0.0257]	2.6+0.0s
[520/1120]	[L1: 0.0256]	2.8+0.0s
[560/1120]	[L1: 0.0256]	2.6+0.0s
[600/1120]	[L1: 0.0256]	2.5+0.0s
[640/1120]	[L1: 0.0257]	2.4+0.0s
[680/1120]	[L1: 0.0257]	2.4+0.0s
[720/1120]	[L1: 0.0257]	2.3+0.0s
[760/1120]	[L1: 0.0257]	2.5+0.0s
[800/1120]	[L1: 0.0260]	2.4+0.0s
[840/1120]	[L1: 0.0260]	2.5+0.0s
[880/1120]	[L1: 0.0260]	2.4+0.0s
[920/1120]	[L1: 0.0260]	2.5+0.0s
[960/1120]	[L1: 0.0259]	2.4+0.0s
[1000/1120]	[L1: 0.0260]	2.4+0.0s
[1040/1120]	[L1: 0.0259]	2.6+0.0s
[1080/1120]	[L1: 0.0259]	3.0+0.0s
[1120/1120]	[L1: 0.0260]	2.8+0.0s

Evaluation:
[RSSCN7 x3]	psnr: 29.223 (Best: 29.252 @epoch 251)
Total time: 14.90s

[Epoch 255]	Learning rate: 1.00e-4
[40/1120]	[L1: 0.0275]	2.6+0.0s
[80/1120]	[L1: 0.0268]	2.5+0.0s
[120/1120]	[L1: 0.0273]	2.5+0.0s
[160/1120]	[L1: 0.0267]	2.5+0.0s
[200/1120]	[L1: 0.0273]	2.3+0.0s
[240/1120]	[L1: 0.0273]	2.3+0.0s
[280/1120]	[L1: 0.0271]	2.3+0.0s
[320/1120]	[L1: 0.0273]	2.3+0.0s
[360/1120]	[L1: 0.0273]	2.5+0.0s
[400/1120]	[L1: 0.0271]	2.5+0.0s
[440/1120]	[L1: 0.0272]	2.5+0.0s
[480/1120]	[L1: 0.0276]	2.3+0.0s
[520/1120]	[L1: 0.0272]	2.4+0.0s
[560/1120]	[L1: 0.0272]	2.3+0.0s
[600/1120]	[L1: 0.0272]	2.3+0.0s
[640/1120]	[L1: 0.0270]	2.4+0.0s
[680/1120]	[L1: 0.0270]	2.8+0.0s
[720/1120]	[L1: 0.0268]	2.8+0.0s
[760/1120]	[L1: 0.0266]	2.3+0.0s
[800/1120]	[L1: 0.0266]	2.6+0.0s
[840/1120]	[L1: 0.0265]	2.5+0.0s
[880/1120]	[L1: 0.0265]	2.8+0.0s
[920/1120]	[L1: 0.0262]	2.7+0.0s
[960/1120]	[L1: 0.0263]	2.5+0.0s
[1000/1120]	[L1: 0.0263]	2.5+0.0s
[1040/1120]	[L1: 0.0263]	2.5+0.0s
[1080/1120]	[L1: 0.0262]	2.3+0.0s
[1120/1120]	[L1: 0.0261]	2.3+0.0s

Evaluation:
[RSSCN7 x3]	psnr: 29.241 (Best: 29.252 @epoch 251)
Total time: 14.94s

[Epoch 256]	Learning rate: 1.00e-4
[40/1120]	[L1: 0.0292]	2.6+0.0s
[80/1120]	[L1: 0.0265]	2.5+0.0s
[120/1120]	[L1: 0.0254]	2.5+0.0s
[160/1120]	[L1: 0.0256]	2.5+0.0s
[200/1120]	[L1: 0.0265]	2.7+0.0s
[240/1120]	[L1: 0.0267]	3.0+0.0s
[280/1120]	[L1: 0.0263]	2.5+0.0s
[320/1120]	[L1: 0.0260]	2.5+0.0s
[360/1120]	[L1: 0.0261]	2.9+0.0s
[400/1120]	[L1: 0.0257]	3.1+0.0s
[440/1120]	[L1: 0.0257]	2.9+0.0s
[480/1120]	[L1: 0.0256]	2.9+0.0s
[520/1120]	[L1: 0.0258]	2.5+0.0s
[560/1120]	[L1: 0.0258]	2.5+0.0s
[600/1120]	[L1: 0.0259]	2.6+0.0s
[640/1120]	[L1: 0.0258]	2.5+0.0s
[680/1120]	[L1: 0.0260]	2.5+0.0s
[720/1120]	[L1: 0.0259]	2.7+0.0s
[760/1120]	[L1: 0.0259]	3.0+0.0s
[800/1120]	[L1: 0.0259]	2.9+0.0s
[840/1120]	[L1: 0.0260]	2.5+0.0s
[880/1120]	[L1: 0.0261]	2.5+0.0s
[920/1120]	[L1: 0.0260]	2.9+0.0s
[960/1120]	[L1: 0.0259]	2.6+0.0s
[1000/1120]	[L1: 0.0261]	2.4+0.0s
[1040/1120]	[L1: 0.0260]	2.4+0.0s
[1080/1120]	[L1: 0.0260]	2.4+0.0s
[1120/1120]	[L1: 0.0260]	2.7+0.0s

Evaluation:
[RSSCN7 x3]	psnr: 29.242 (Best: 29.252 @epoch 251)
Total time: 15.01s

[Epoch 257]	Learning rate: 1.00e-4
[40/1120]	[L1: 0.0213]	2.9+0.0s
[80/1120]	[L1: 0.0231]	2.6+0.0s
[120/1120]	[L1: 0.0244]	2.6+0.0s
[160/1120]	[L1: 0.0256]	2.9+0.0s
[200/1120]	[L1: 0.0260]	2.9+0.0s
[240/1120]	[L1: 0.0263]	3.0+0.0s
[280/1120]	[L1: 0.0260]	2.9+0.0s
[320/1120]	[L1: 0.0263]	2.9+0.0s
[360/1120]	[L1: 0.0263]	2.7+0.0s
[400/1120]	[L1: 0.0262]	2.7+0.0s
[440/1120]	[L1: 0.0261]	2.9+0.0s
[480/1120]	[L1: 0.0263]	2.5+0.0s
[520/1120]	[L1: 0.0264]	2.5+0.0s
[560/1120]	[L1: 0.0264]	2.6+0.0s
[600/1120]	[L1: 0.0265]	2.4+0.0s
[640/1120]	[L1: 0.0265]	2.5+0.0s
[680/1120]	[L1: 0.0266]	2.6+0.0s
[720/1120]	[L1: 0.0267]	2.5+0.0s
[760/1120]	[L1: 0.0267]	2.5+0.0s
[800/1120]	[L1: 0.0266]	2.3+0.0s
[840/1120]	[L1: 0.0265]	2.4+0.0s
[880/1120]	[L1: 0.0264]	2.3+0.0s
[920/1120]	[L1: 0.0264]	2.5+0.0s
[960/1120]	[L1: 0.0264]	2.9+0.0s
[1000/1120]	[L1: 0.0263]	2.8+0.0s
[1040/1120]	[L1: 0.0263]	2.7+0.0s
[1080/1120]	[L1: 0.0262]	2.8+0.0s
[1120/1120]	[L1: 0.0261]	2.6+0.0s

Evaluation:
[RSSCN7 x3]	psnr: 29.210 (Best: 29.252 @epoch 251)
Total time: 14.96s

[Epoch 258]	Learning rate: 1.00e-4
[40/1120]	[L1: 0.0230]	2.4+0.0s
[80/1120]	[L1: 0.0242]	2.5+0.0s
[120/1120]	[L1: 0.0255]	2.4+0.0s
[160/1120]	[L1: 0.0251]	2.3+0.0s
[200/1120]	[L1: 0.0261]	2.3+0.0s
[240/1120]	[L1: 0.0258]	2.4+0.0s
[280/1120]	[L1: 0.0262]	2.3+0.0s
[320/1120]	[L1: 0.0267]	2.3+0.0s
[360/1120]	[L1: 0.0261]	2.4+0.0s
[400/1120]	[L1: 0.0264]	2.3+0.0s
[440/1120]	[L1: 0.0263]	2.3+0.0s
[480/1120]	[L1: 0.0263]	2.3+0.0s
[520/1120]	[L1: 0.0265]	2.4+0.0s
[560/1120]	[L1: 0.0269]	2.3+0.0s
[600/1120]	[L1: 0.0267]	2.3+0.0s
[640/1120]	[L1: 0.0268]	2.4+0.0s
[680/1120]	[L1: 0.0268]	2.7+0.0s
[720/1120]	[L1: 0.0269]	2.7+0.0s
[760/1120]	[L1: 0.0268]	2.3+0.0s
[800/1120]	[L1: 0.0267]	2.4+0.0s
[840/1120]	[L1: 0.0265]	2.4+0.0s
[880/1120]	[L1: 0.0264]	2.4+0.0s
[920/1120]	[L1: 0.0265]	2.6+0.0s
[960/1120]	[L1: 0.0264]	2.9+0.0s
[1000/1120]	[L1: 0.0263]	2.8+0.0s
[1040/1120]	[L1: 0.0262]	2.5+0.0s
[1080/1120]	[L1: 0.0261]	2.6+0.0s
[1120/1120]	[L1: 0.0262]	2.5+0.0s

Evaluation:
[RSSCN7 x3]	psnr: 29.238 (Best: 29.252 @epoch 251)
Total time: 14.96s

[Epoch 259]	Learning rate: 1.00e-4
[40/1120]	[L1: 0.0246]	2.8+0.0s
[80/1120]	[L1: 0.0258]	2.7+0.0s
[120/1120]	[L1: 0.0249]	2.6+0.0s
[160/1120]	[L1: 0.0247]	2.4+0.0s
[200/1120]	[L1: 0.0246]	2.5+0.0s
[240/1120]	[L1: 0.0243]	2.4+0.0s
[280/1120]	[L1: 0.0249]	2.5+0.0s
[320/1120]	[L1: 0.0250]	2.4+0.0s
[360/1120]	[L1: 0.0254]	2.6+0.0s
[400/1120]	[L1: 0.0254]	2.5+0.0s
[440/1120]	[L1: 0.0253]	2.9+0.0s
[480/1120]	[L1: 0.0254]	3.0+0.0s
[520/1120]	[L1: 0.0254]	3.0+0.0s
[560/1120]	[L1: 0.0255]	2.9+0.0s
[600/1120]	[L1: 0.0255]	2.9+0.0s
[640/1120]	[L1: 0.0257]	3.0+0.0s
[680/1120]	[L1: 0.0258]	2.7+0.0s
[720/1120]	[L1: 0.0259]	2.5+0.0s
[760/1120]	[L1: 0.0259]	2.4+0.0s
[800/1120]	[L1: 0.0259]	2.5+0.0s
[840/1120]	[L1: 0.0259]	2.4+0.0s
[880/1120]	[L1: 0.0258]	2.5+0.0s
[920/1120]	[L1: 0.0259]	2.4+0.0s
[960/1120]	[L1: 0.0259]	2.6+0.0s
[1000/1120]	[L1: 0.0260]	2.5+0.0s
[1040/1120]	[L1: 0.0261]	2.5+0.0s
[1080/1120]	[L1: 0.0261]	2.4+0.0s
[1120/1120]	[L1: 0.0261]	2.5+0.0s

Evaluation:
[RSSCN7 x3]	psnr: 29.242 (Best: 29.252 @epoch 251)
Total time: 14.92s

[Epoch 260]	Learning rate: 1.00e-4
[40/1120]	[L1: 0.0251]	2.4+0.0s
[80/1120]	[L1: 0.0251]	2.6+0.0s
[120/1120]	[L1: 0.0261]	2.5+0.0s
[160/1120]	[L1: 0.0261]	2.5+0.0s
[200/1120]	[L1: 0.0263]	2.6+0.0s
[240/1120]	[L1: 0.0268]	2.9+0.0s
[280/1120]	[L1: 0.0263]	2.9+0.0s
[320/1120]	[L1: 0.0268]	2.9+0.0s
[360/1120]	[L1: 0.0265]	2.6+0.0s
[400/1120]	[L1: 0.0265]	2.7+0.0s
[440/1120]	[L1: 0.0266]	2.9+0.0s
[480/1120]	[L1: 0.0267]	2.8+0.0s
[520/1120]	[L1: 0.0267]	3.0+0.0s
[560/1120]	[L1: 0.0264]	2.9+0.0s
[600/1120]	[L1: 0.0263]	2.9+0.0s
[640/1120]	[L1: 0.0263]	2.7+0.0s
[680/1120]	[L1: 0.0261]	2.4+0.0s
[720/1120]	[L1: 0.0262]	2.4+0.0s
[760/1120]	[L1: 0.0260]	2.6+0.0s
[800/1120]	[L1: 0.0260]	2.4+0.0s
[840/1120]	[L1: 0.0262]	2.4+0.0s
[880/1120]	[L1: 0.0265]	2.5+0.0s
[920/1120]	[L1: 0.0262]	2.3+0.0s
[960/1120]	[L1: 0.0261]	2.3+0.0s
[1000/1120]	[L1: 0.0263]	2.4+0.0s
[1040/1120]	[L1: 0.0263]	2.3+0.0s
[1080/1120]	[L1: 0.0263]	2.5+0.0s
[1120/1120]	[L1: 0.0260]	2.9+0.0s

Evaluation:
[RSSCN7 x3]	psnr: 29.244 (Best: 29.252 @epoch 251)
Total time: 14.94s

[Epoch 261]	Learning rate: 1.00e-4
[40/1120]	[L1: 0.0281]	2.5+0.0s
[80/1120]	[L1: 0.0267]	2.9+0.0s
[120/1120]	[L1: 0.0271]	2.5+0.0s
[160/1120]	[L1: 0.0269]	2.5+0.0s
[200/1120]	[L1: 0.0269]	2.5+0.0s
[240/1120]	[L1: 0.0273]	2.4+0.0s
[280/1120]	[L1: 0.0267]	2.4+0.0s
[320/1120]	[L1: 0.0273]	2.3+0.0s
[360/1120]	[L1: 0.0273]	2.3+0.0s
[400/1120]	[L1: 0.0273]	2.5+0.0s
[440/1120]	[L1: 0.0270]	2.4+0.0s
[480/1120]	[L1: 0.0270]	2.4+0.0s
[520/1120]	[L1: 0.0272]	2.5+0.0s
[560/1120]	[L1: 0.0271]	2.4+0.0s
[600/1120]	[L1: 0.0270]	2.6+0.0s
[640/1120]	[L1: 0.0269]	3.0+0.0s
[680/1120]	[L1: 0.0269]	2.9+0.0s
[720/1120]	[L1: 0.0267]	2.8+0.0s
[760/1120]	[L1: 0.0268]	2.4+0.0s
[800/1120]	[L1: 0.0265]	2.3+0.0s
[840/1120]	[L1: 0.0264]	2.3+0.0s
[880/1120]	[L1: 0.0264]	2.4+0.0s
[920/1120]	[L1: 0.0265]	2.3+0.0s
[960/1120]	[L1: 0.0264]	2.3+0.0s
[1000/1120]	[L1: 0.0263]	2.4+0.0s
[1040/1120]	[L1: 0.0263]	2.3+0.0s
[1080/1120]	[L1: 0.0263]	2.7+0.0s
[1120/1120]	[L1: 0.0262]	2.9+0.0s

Evaluation:
[RSSCN7 x3]	psnr: 29.238 (Best: 29.252 @epoch 251)
Total time: 14.97s

[Epoch 262]	Learning rate: 1.00e-4
[40/1120]	[L1: 0.0257]	2.6+0.0s
[80/1120]	[L1: 0.0244]	2.5+0.0s
[120/1120]	[L1: 0.0253]	2.5+0.0s
[160/1120]	[L1: 0.0251]	2.7+0.0s
[200/1120]	[L1: 0.0260]	2.8+0.0s
[240/1120]	[L1: 0.0256]	2.7+0.0s
[280/1120]	[L1: 0.0257]	2.3+0.0s
[320/1120]	[L1: 0.0252]	2.6+0.0s
[360/1120]	[L1: 0.0254]	2.9+0.0s
[400/1120]	[L1: 0.0254]	2.5+0.0s
[440/1120]	[L1: 0.0254]	2.5+0.0s
[480/1120]	[L1: 0.0255]	2.5+0.0s
[520/1120]	[L1: 0.0257]	2.9+0.0s
[560/1120]	[L1: 0.0258]	2.7+0.0s
[600/1120]	[L1: 0.0258]	2.9+0.0s
[640/1120]	[L1: 0.0259]	3.1+0.0s
[680/1120]	[L1: 0.0261]	3.0+0.0s
[720/1120]	[L1: 0.0260]	2.6+0.0s
[760/1120]	[L1: 0.0259]	2.6+0.0s
[800/1120]	[L1: 0.0260]	2.5+0.0s
[840/1120]	[L1: 0.0261]	2.6+0.0s
[880/1120]	[L1: 0.0262]	2.4+0.0s
[920/1120]	[L1: 0.0262]	2.5+0.0s
[960/1120]	[L1: 0.0263]	2.9+0.0s
[1000/1120]	[L1: 0.0263]	2.8+0.0s
[1040/1120]	[L1: 0.0263]	2.6+0.0s
[1080/1120]	[L1: 0.0263]	2.3+0.0s
[1120/1120]	[L1: 0.0262]	2.3+0.0s

Evaluation:
[RSSCN7 x3]	psnr: 29.232 (Best: 29.252 @epoch 251)
Total time: 14.95s

[Epoch 263]	Learning rate: 1.00e-4
[40/1120]	[L1: 0.0261]	2.5+0.0s
[80/1120]	[L1: 0.0255]	2.4+0.0s
[120/1120]	[L1: 0.0265]	2.4+0.0s
[160/1120]	[L1: 0.0262]	2.4+0.0s
[200/1120]	[L1: 0.0260]	2.6+0.0s
[240/1120]	[L1: 0.0254]	2.5+0.0s
[280/1120]	[L1: 0.0252]	2.3+0.0s
[320/1120]	[L1: 0.0255]	2.4+0.0s
[360/1120]	[L1: 0.0255]	2.4+0.0s
[400/1120]	[L1: 0.0257]	2.5+0.0s
[440/1120]	[L1: 0.0257]	2.3+0.0s
[480/1120]	[L1: 0.0257]	2.3+0.0s
[520/1120]	[L1: 0.0257]	2.3+0.0s
[560/1120]	[L1: 0.0263]	2.3+0.0s
[600/1120]	[L1: 0.0261]	2.3+0.0s
[640/1120]	[L1: 0.0262]	2.4+0.0s
[680/1120]	[L1: 0.0263]	2.5+0.0s
[720/1120]	[L1: 0.0262]	2.5+0.0s
[760/1120]	[L1: 0.0264]	2.5+0.0s
[800/1120]	[L1: 0.0264]	2.5+0.0s
[840/1120]	[L1: 0.0263]	2.6+0.0s
[880/1120]	[L1: 0.0262]	2.4+0.0s
[920/1120]	[L1: 0.0261]	2.4+0.0s
[960/1120]	[L1: 0.0260]	2.4+0.0s
[1000/1120]	[L1: 0.0261]	2.6+0.0s
[1040/1120]	[L1: 0.0260]	2.9+0.0s
[1080/1120]	[L1: 0.0261]	3.0+0.0s
[1120/1120]	[L1: 0.0262]	2.5+0.0s

Evaluation:
[RSSCN7 x3]	psnr: 29.229 (Best: 29.252 @epoch 251)
Total time: 15.02s

[Epoch 264]	Learning rate: 1.00e-4
[40/1120]	[L1: 0.0271]	2.5+0.0s
[80/1120]	[L1: 0.0260]	2.7+0.0s
[120/1120]	[L1: 0.0250]	3.0+0.0s
[160/1120]	[L1: 0.0250]	2.9+0.0s
[200/1120]	[L1: 0.0252]	2.5+0.0s
[240/1120]	[L1: 0.0246]	2.6+0.0s
[280/1120]	[L1: 0.0248]	2.4+0.0s
[320/1120]	[L1: 0.0255]	2.4+0.0s
[360/1120]	[L1: 0.0258]	2.3+0.0s
[400/1120]	[L1: 0.0258]	2.4+0.0s
[440/1120]	[L1: 0.0256]	2.6+0.0s
[480/1120]	[L1: 0.0256]	2.4+0.0s
[520/1120]	[L1: 0.0259]	2.7+0.0s
[560/1120]	[L1: 0.0263]	2.9+0.0s
[600/1120]	[L1: 0.0262]	3.0+0.0s
[640/1120]	[L1: 0.0261]	2.7+0.0s
[680/1120]	[L1: 0.0257]	2.4+0.0s
[720/1120]	[L1: 0.0256]	2.4+0.0s
[760/1120]	[L1: 0.0257]	2.4+0.0s
[800/1120]	[L1: 0.0258]	2.5+0.0s
[840/1120]	[L1: 0.0259]	2.9+0.0s
[880/1120]	[L1: 0.0259]	2.6+0.0s
[920/1120]	[L1: 0.0260]	2.5+0.0s
[960/1120]	[L1: 0.0259]	2.8+0.0s
[1000/1120]	[L1: 0.0258]	3.0+0.0s
[1040/1120]	[L1: 0.0259]	2.6+0.0s
[1080/1120]	[L1: 0.0258]	2.4+0.0s
[1120/1120]	[L1: 0.0260]	2.4+0.0s

Evaluation:
[RSSCN7 x3]	psnr: 29.239 (Best: 29.252 @epoch 251)
Total time: 14.94s

[Epoch 265]	Learning rate: 1.00e-4
[40/1120]	[L1: 0.0267]	2.5+0.0s
[80/1120]	[L1: 0.0266]	2.6+0.0s
[120/1120]	[L1: 0.0271]	2.5+0.0s
[160/1120]	[L1: 0.0270]	2.6+0.0s
[200/1120]	[L1: 0.0270]	2.5+0.0s
[240/1120]	[L1: 0.0265]	2.6+0.0s
[280/1120]	[L1: 0.0263]	2.5+0.0s
[320/1120]	[L1: 0.0263]	2.5+0.0s
[360/1120]	[L1: 0.0261]	2.8+0.0s
[400/1120]	[L1: 0.0257]	2.9+0.0s
[440/1120]	[L1: 0.0258]	3.0+0.0s
[480/1120]	[L1: 0.0259]	2.5+0.0s
[520/1120]	[L1: 0.0261]	2.6+0.0s
[560/1120]	[L1: 0.0261]	2.6+0.0s
[600/1120]	[L1: 0.0261]	2.6+0.0s
[640/1120]	[L1: 0.0261]	2.5+0.0s
[680/1120]	[L1: 0.0259]	2.6+0.0s
[720/1120]	[L1: 0.0260]	2.6+0.0s
[760/1120]	[L1: 0.0261]	3.1+0.0s
[800/1120]	[L1: 0.0261]	2.9+0.0s
[840/1120]	[L1: 0.0258]	3.6+0.0s
[880/1120]	[L1: 0.0260]	3.1+0.0s
[920/1120]	[L1: 0.0261]	3.1+0.0s
[960/1120]	[L1: 0.0262]	2.9+0.0s
[1000/1120]	[L1: 0.0262]	3.1+0.0s
[1040/1120]	[L1: 0.0261]	2.7+0.0s
[1080/1120]	[L1: 0.0261]	2.5+0.0s
[1120/1120]	[L1: 0.0261]	2.4+0.0s

Evaluation:
[RSSCN7 x3]	psnr: 29.245 (Best: 29.252 @epoch 251)
Total time: 14.94s

[Epoch 266]	Learning rate: 1.00e-4
[40/1120]	[L1: 0.0288]	2.8+0.0s
[80/1120]	[L1: 0.0263]	2.9+0.0s
[120/1120]	[L1: 0.0268]	2.7+0.0s
[160/1120]	[L1: 0.0262]	2.4+0.0s
[200/1120]	[L1: 0.0259]	2.5+0.0s
[240/1120]	[L1: 0.0256]	2.4+0.0s
[280/1120]	[L1: 0.0255]	2.4+0.0s
[320/1120]	[L1: 0.0257]	2.5+0.0s
[360/1120]	[L1: 0.0259]	2.6+0.0s
[400/1120]	[L1: 0.0259]	2.4+0.0s
[440/1120]	[L1: 0.0260]	2.5+0.0s
[480/1120]	[L1: 0.0259]	2.5+0.0s
[520/1120]	[L1: 0.0258]	2.6+0.0s
[560/1120]	[L1: 0.0258]	2.5+0.0s
[600/1120]	[L1: 0.0257]	2.9+0.0s
[640/1120]	[L1: 0.0257]	2.9+0.0s
[680/1120]	[L1: 0.0259]	2.9+0.0s
[720/1120]	[L1: 0.0260]	2.4+0.0s
[760/1120]	[L1: 0.0260]	2.4+0.0s
[800/1120]	[L1: 0.0260]	2.5+0.0s
[840/1120]	[L1: 0.0259]	2.5+0.0s
[880/1120]	[L1: 0.0259]	2.5+0.0s
[920/1120]	[L1: 0.0257]	2.5+0.0s
[960/1120]	[L1: 0.0259]	2.5+0.0s
[1000/1120]	[L1: 0.0260]	2.3+0.0s
[1040/1120]	[L1: 0.0260]	2.4+0.0s
[1080/1120]	[L1: 0.0261]	2.4+0.0s
[1120/1120]	[L1: 0.0261]	2.4+0.0s

Evaluation:
[RSSCN7 x3]	psnr: 29.232 (Best: 29.252 @epoch 251)
Total time: 14.99s

[Epoch 267]	Learning rate: 1.00e-4
[40/1120]	[L1: 0.0239]	2.8+0.0s
[80/1120]	[L1: 0.0243]	3.0+0.0s
[120/1120]	[L1: 0.0247]	2.9+0.0s
[160/1120]	[L1: 0.0258]	3.0+0.0s
[200/1120]	[L1: 0.0258]	3.0+0.0s
[240/1120]	[L1: 0.0254]	2.9+0.0s
[280/1120]	[L1: 0.0253]	3.1+0.0s
[320/1120]	[L1: 0.0254]	2.9+0.0s
[360/1120]	[L1: 0.0255]	2.6+0.0s
[400/1120]	[L1: 0.0258]	2.6+0.0s
[440/1120]	[L1: 0.0258]	2.7+0.0s
[480/1120]	[L1: 0.0256]	3.0+0.0s
[520/1120]	[L1: 0.0257]	2.6+0.0s
[560/1120]	[L1: 0.0256]	2.6+0.0s
[600/1120]	[L1: 0.0257]	2.5+0.0s
[640/1120]	[L1: 0.0257]	2.5+0.0s
[680/1120]	[L1: 0.0258]	2.6+0.0s
[720/1120]	[L1: 0.0259]	2.5+0.0s
[760/1120]	[L1: 0.0258]	2.6+0.0s
[800/1120]	[L1: 0.0259]	2.9+0.0s
[840/1120]	[L1: 0.0260]	2.9+0.0s
[880/1120]	[L1: 0.0260]	2.8+0.0s
[920/1120]	[L1: 0.0260]	2.4+0.0s
[960/1120]	[L1: 0.0259]	2.4+0.0s
[1000/1120]	[L1: 0.0259]	2.3+0.0s
[1040/1120]	[L1: 0.0261]	2.5+0.0s
[1080/1120]	[L1: 0.0260]	2.9+0.0s
[1120/1120]	[L1: 0.0260]	2.7+0.0s

Evaluation:
[RSSCN7 x3]	psnr: 29.206 (Best: 29.252 @epoch 251)
Total time: 14.96s

[Epoch 268]	Learning rate: 1.00e-4
[40/1120]	[L1: 0.0285]	2.4+0.0s
[80/1120]	[L1: 0.0281]	2.4+0.0s
[120/1120]	[L1: 0.0267]	2.3+0.0s
[160/1120]	[L1: 0.0261]	2.3+0.0s
[200/1120]	[L1: 0.0257]	2.3+0.0s
[240/1120]	[L1: 0.0257]	2.4+0.0s
[280/1120]	[L1: 0.0261]	2.8+0.0s
[320/1120]	[L1: 0.0262]	2.8+0.0s
[360/1120]	[L1: 0.0260]	2.5+0.0s
[400/1120]	[L1: 0.0262]	2.5+0.0s
[440/1120]	[L1: 0.0261]	2.5+0.0s
[480/1120]	[L1: 0.0262]	2.7+0.0s
[520/1120]	[L1: 0.0265]	2.7+0.0s
[560/1120]	[L1: 0.0265]	2.9+0.0s
[600/1120]	[L1: 0.0265]	2.4+0.0s
[640/1120]	[L1: 0.0266]	2.7+0.0s
[680/1120]	[L1: 0.0265]	2.8+0.0s
[720/1120]	[L1: 0.0266]	2.8+0.0s
[760/1120]	[L1: 0.0264]	2.5+0.0s
[800/1120]	[L1: 0.0263]	2.3+0.0s
[840/1120]	[L1: 0.0262]	2.3+0.0s
[880/1120]	[L1: 0.0261]	2.6+0.0s
[920/1120]	[L1: 0.0261]	2.8+0.0s
[960/1120]	[L1: 0.0262]	2.7+0.0s
[1000/1120]	[L1: 0.0262]	2.5+0.0s
[1040/1120]	[L1: 0.0261]	2.4+0.0s
[1080/1120]	[L1: 0.0260]	2.3+0.0s
[1120/1120]	[L1: 0.0261]	2.4+0.0s

Evaluation:
[RSSCN7 x3]	psnr: 29.204 (Best: 29.252 @epoch 251)
Total time: 14.92s

[Epoch 269]	Learning rate: 1.00e-4
[40/1120]	[L1: 0.0254]	2.5+0.0s
[80/1120]	[L1: 0.0250]	2.4+0.0s
[120/1120]	[L1: 0.0252]	2.5+0.0s
[160/1120]	[L1: 0.0250]	2.5+0.0s
[200/1120]	[L1: 0.0259]	2.4+0.0s
[240/1120]	[L1: 0.0262]	2.5+0.0s
[280/1120]	[L1: 0.0264]	2.9+0.0s
[320/1120]	[L1: 0.0263]	2.6+0.0s
[360/1120]	[L1: 0.0267]	2.4+0.0s
[400/1120]	[L1: 0.0266]	2.4+0.0s
[440/1120]	[L1: 0.0264]	2.4+0.0s
[480/1120]	[L1: 0.0264]	2.5+0.0s
[520/1120]	[L1: 0.0265]	2.3+0.0s
[560/1120]	[L1: 0.0262]	2.5+0.0s
[600/1120]	[L1: 0.0262]	3.0+0.0s
[640/1120]	[L1: 0.0263]	2.6+0.0s
[680/1120]	[L1: 0.0264]	2.5+0.0s
[720/1120]	[L1: 0.0266]	2.6+0.0s
[760/1120]	[L1: 0.0265]	2.5+0.0s
[800/1120]	[L1: 0.0265]	2.5+0.0s
[840/1120]	[L1: 0.0265]	2.4+0.0s
[880/1120]	[L1: 0.0263]	2.5+0.0s
[920/1120]	[L1: 0.0262]	2.3+0.0s
[960/1120]	[L1: 0.0262]	2.4+0.0s
[1000/1120]	[L1: 0.0264]	2.3+0.0s
[1040/1120]	[L1: 0.0263]	2.5+0.0s
[1080/1120]	[L1: 0.0262]	2.3+0.0s
[1120/1120]	[L1: 0.0262]	2.3+0.0s

Evaluation:
[RSSCN7 x3]	psnr: 29.236 (Best: 29.252 @epoch 251)
Total time: 14.92s

[Epoch 270]	Learning rate: 1.00e-4
[40/1120]	[L1: 0.0282]	2.4+0.0s
[80/1120]	[L1: 0.0260]	2.3+0.0s
[120/1120]	[L1: 0.0271]	2.3+0.0s
[160/1120]	[L1: 0.0267]	2.4+0.0s
[200/1120]	[L1: 0.0264]	2.3+0.0s
[240/1120]	[L1: 0.0268]	2.4+0.0s
[280/1120]	[L1: 0.0263]	2.5+0.0s
[320/1120]	[L1: 0.0265]	2.7+0.0s
[360/1120]	[L1: 0.0264]	2.8+0.0s
[400/1120]	[L1: 0.0261]	3.0+0.0s
[440/1120]	[L1: 0.0260]	2.9+0.0s
[480/1120]	[L1: 0.0261]	3.1+0.0s
[520/1120]	[L1: 0.0260]	2.9+0.0s
[560/1120]	[L1: 0.0257]	2.6+0.0s
[600/1120]	[L1: 0.0256]	2.5+0.0s
[640/1120]	[L1: 0.0256]	2.6+0.0s
[680/1120]	[L1: 0.0254]	2.6+0.0s
[720/1120]	[L1: 0.0255]	2.9+0.0s
[760/1120]	[L1: 0.0255]	2.9+0.0s
[800/1120]	[L1: 0.0256]	2.3+0.0s
[840/1120]	[L1: 0.0257]	2.3+0.0s
[880/1120]	[L1: 0.0258]	2.3+0.0s
[920/1120]	[L1: 0.0259]	2.4+0.0s
[960/1120]	[L1: 0.0258]	2.3+0.0s
[1000/1120]	[L1: 0.0260]	2.3+0.0s
[1040/1120]	[L1: 0.0259]	2.3+0.0s
[1080/1120]	[L1: 0.0260]	2.4+0.0s
[1120/1120]	[L1: 0.0259]	2.3+0.0s

Evaluation:
[RSSCN7 x3]	psnr: 29.238 (Best: 29.252 @epoch 251)
Total time: 14.88s

[Epoch 271]	Learning rate: 1.00e-4
[40/1120]	[L1: 0.0259]	2.4+0.0s
[80/1120]	[L1: 0.0277]	2.4+0.0s
[120/1120]	[L1: 0.0267]	2.8+0.0s
[160/1120]	[L1: 0.0255]	2.7+0.0s
[200/1120]	[L1: 0.0258]	2.4+0.0s
[240/1120]	[L1: 0.0253]	2.4+0.0s
[280/1120]	[L1: 0.0258]	2.5+0.0s
[320/1120]	[L1: 0.0258]	2.5+0.0s
[360/1120]	[L1: 0.0260]	2.5+0.0s
[400/1120]	[L1: 0.0262]	2.5+0.0s
[440/1120]	[L1: 0.0262]	2.5+0.0s
[480/1120]	[L1: 0.0262]	2.5+0.0s
[520/1120]	[L1: 0.0261]	2.6+0.0s
[560/1120]	[L1: 0.0262]	2.4+0.0s
[600/1120]	[L1: 0.0261]	2.3+0.0s
[640/1120]	[L1: 0.0259]	2.3+0.0s
[680/1120]	[L1: 0.0257]	2.3+0.0s
[720/1120]	[L1: 0.0258]	2.3+0.0s
[760/1120]	[L1: 0.0259]	2.7+0.0s
[800/1120]	[L1: 0.0257]	2.8+0.0s
[840/1120]	[L1: 0.0255]	2.9+0.0s
[880/1120]	[L1: 0.0256]	2.8+0.0s
[920/1120]	[L1: 0.0256]	2.8+0.0s
[960/1120]	[L1: 0.0256]	2.9+0.0s
[1000/1120]	[L1: 0.0256]	3.0+0.0s
[1040/1120]	[L1: 0.0257]	3.0+0.0s
[1080/1120]	[L1: 0.0259]	2.8+0.0s
[1120/1120]	[L1: 0.0260]	2.5+0.0s

Evaluation:
[RSSCN7 x3]	psnr: 29.254 (Best: 29.254 @epoch 271)
Total time: 14.91s

[Epoch 272]	Learning rate: 1.00e-4
[40/1120]	[L1: 0.0258]	2.6+0.0s
[80/1120]	[L1: 0.0275]	2.5+0.0s
[120/1120]	[L1: 0.0274]	2.6+0.0s
[160/1120]	[L1: 0.0273]	2.6+0.0s
[200/1120]	[L1: 0.0269]	3.0+0.0s
[240/1120]	[L1: 0.0275]	2.7+0.0s
[280/1120]	[L1: 0.0273]	2.6+0.0s
[320/1120]	[L1: 0.0268]	2.5+0.0s
[360/1120]	[L1: 0.0264]	2.7+0.0s
[400/1120]	[L1: 0.0263]	2.8+0.0s
[440/1120]	[L1: 0.0264]	2.5+0.0s
[480/1120]	[L1: 0.0263]	2.3+0.0s
[520/1120]	[L1: 0.0262]	2.4+0.0s
[560/1120]	[L1: 0.0260]	2.3+0.0s
[600/1120]	[L1: 0.0260]	2.3+0.0s
[640/1120]	[L1: 0.0259]	2.4+0.0s
[680/1120]	[L1: 0.0260]	2.3+0.0s
[720/1120]	[L1: 0.0260]	2.4+0.0s
[760/1120]	[L1: 0.0260]	2.3+0.0s
[800/1120]	[L1: 0.0260]	2.4+0.0s
[840/1120]	[L1: 0.0262]	2.3+0.0s
[880/1120]	[L1: 0.0261]	2.4+0.0s
[920/1120]	[L1: 0.0260]	2.3+0.0s
[960/1120]	[L1: 0.0260]	2.4+0.0s
[1000/1120]	[L1: 0.0259]	2.3+0.0s
[1040/1120]	[L1: 0.0259]	2.4+0.0s
[1080/1120]	[L1: 0.0260]	2.3+0.0s
[1120/1120]	[L1: 0.0260]	2.4+0.0s

Evaluation:
[RSSCN7 x3]	psnr: 29.251 (Best: 29.254 @epoch 271)
Total time: 14.92s

[Epoch 273]	Learning rate: 1.00e-4
[40/1120]	[L1: 0.0255]	2.5+0.0s
[80/1120]	[L1: 0.0259]	2.6+0.0s
[120/1120]	[L1: 0.0273]	2.4+0.0s
[160/1120]	[L1: 0.0258]	2.5+0.0s
[200/1120]	[L1: 0.0264]	2.5+0.0s
[240/1120]	[L1: 0.0262]	2.8+0.0s
[280/1120]	[L1: 0.0265]	2.8+0.0s
[320/1120]	[L1: 0.0261]	2.5+0.0s
[360/1120]	[L1: 0.0258]	2.4+0.0s
[400/1120]	[L1: 0.0257]	2.5+0.0s
[440/1120]	[L1: 0.0254]	2.8+0.0s
[480/1120]	[L1: 0.0256]	2.5+0.0s
[520/1120]	[L1: 0.0259]	3.0+0.0s
[560/1120]	[L1: 0.0262]	2.9+0.0s
[600/1120]	[L1: 0.0266]	2.8+0.0s
[640/1120]	[L1: 0.0265]	2.6+0.0s
[680/1120]	[L1: 0.0263]	2.6+0.0s
[720/1120]	[L1: 0.0261]	2.7+0.0s
[760/1120]	[L1: 0.0261]	2.8+0.0s
[800/1120]	[L1: 0.0260]	2.9+0.0s
[840/1120]	[L1: 0.0260]	2.9+0.0s
[880/1120]	[L1: 0.0260]	3.1+0.0s
[920/1120]	[L1: 0.0259]	2.9+0.0s
[960/1120]	[L1: 0.0261]	2.8+0.0s
[1000/1120]	[L1: 0.0262]	3.1+0.0s
[1040/1120]	[L1: 0.0263]	2.9+0.0s
[1080/1120]	[L1: 0.0263]	2.9+0.0s
[1120/1120]	[L1: 0.0262]	3.0+0.0s

Evaluation:
[RSSCN7 x3]	psnr: 29.244 (Best: 29.254 @epoch 271)
Total time: 14.97s

[Epoch 274]	Learning rate: 1.00e-4
[40/1120]	[L1: 0.0281]	2.4+0.0s
[80/1120]	[L1: 0.0272]	2.6+0.0s
[120/1120]	[L1: 0.0269]	2.5+0.0s
[160/1120]	[L1: 0.0274]	2.4+0.0s
[200/1120]	[L1: 0.0277]	2.5+0.0s
[240/1120]	[L1: 0.0275]	2.4+0.0s
[280/1120]	[L1: 0.0270]	2.5+0.0s
[320/1120]	[L1: 0.0265]	2.3+0.0s
[360/1120]	[L1: 0.0266]	2.3+0.0s
[400/1120]	[L1: 0.0262]	2.4+0.0s
[440/1120]	[L1: 0.0263]	2.4+0.0s
[480/1120]	[L1: 0.0262]	2.8+0.0s
[520/1120]	[L1: 0.0257]	2.9+0.0s
[560/1120]	[L1: 0.0263]	2.8+0.0s
[600/1120]	[L1: 0.0260]	2.8+0.0s
[640/1120]	[L1: 0.0259]	2.9+0.0s
[680/1120]	[L1: 0.0259]	2.8+0.0s
[720/1120]	[L1: 0.0259]	2.8+0.0s
[760/1120]	[L1: 0.0258]	2.9+0.0s
[800/1120]	[L1: 0.0261]	2.8+0.0s
[840/1120]	[L1: 0.0260]	2.9+0.0s
[880/1120]	[L1: 0.0258]	3.0+0.0s
[920/1120]	[L1: 0.0259]	2.8+0.0s
[960/1120]	[L1: 0.0259]	2.4+0.0s
[1000/1120]	[L1: 0.0261]	2.4+0.0s
[1040/1120]	[L1: 0.0260]	2.4+0.0s
[1080/1120]	[L1: 0.0261]	2.3+0.0s
[1120/1120]	[L1: 0.0260]	2.5+0.0s

Evaluation:
[RSSCN7 x3]	psnr: 29.246 (Best: 29.254 @epoch 271)
Total time: 14.96s

[Epoch 275]	Learning rate: 1.00e-4
[40/1120]	[L1: 0.0189]	2.6+0.0s
[80/1120]	[L1: 0.0232]	2.5+0.0s
[120/1120]	[L1: 0.0254]	2.9+0.0s
[160/1120]	[L1: 0.0248]	2.7+0.0s
[200/1120]	[L1: 0.0249]	2.8+0.0s
[240/1120]	[L1: 0.0253]	3.0+0.0s
[280/1120]	[L1: 0.0253]	2.5+0.0s
[320/1120]	[L1: 0.0255]	2.6+0.0s
[360/1120]	[L1: 0.0259]	2.6+0.0s
[400/1120]	[L1: 0.0258]	2.5+0.0s
[440/1120]	[L1: 0.0258]	3.0+0.0s
[480/1120]	[L1: 0.0260]	2.5+0.0s
[520/1120]	[L1: 0.0260]	2.4+0.0s
[560/1120]	[L1: 0.0260]	2.5+0.0s
[600/1120]	[L1: 0.0259]	2.4+0.0s
[640/1120]	[L1: 0.0260]	2.5+0.0s
[680/1120]	[L1: 0.0260]	2.6+0.0s
[720/1120]	[L1: 0.0259]	2.8+0.0s
[760/1120]	[L1: 0.0258]	2.9+0.0s
[800/1120]	[L1: 0.0259]	2.8+0.0s
[840/1120]	[L1: 0.0260]	2.9+0.0s
[880/1120]	[L1: 0.0258]	2.4+0.0s
[920/1120]	[L1: 0.0257]	2.3+0.0s
[960/1120]	[L1: 0.0258]	2.4+0.0s
[1000/1120]	[L1: 0.0257]	2.3+0.0s
[1040/1120]	[L1: 0.0258]	2.5+0.0s
[1080/1120]	[L1: 0.0259]	2.8+0.0s
[1120/1120]	[L1: 0.0261]	2.7+0.0s

Evaluation:
[RSSCN7 x3]	psnr: 29.255 (Best: 29.255 @epoch 275)
Total time: 14.91s

[Epoch 276]	Learning rate: 1.00e-4
[40/1120]	[L1: 0.0264]	2.7+0.0s
[80/1120]	[L1: 0.0248]	2.9+0.0s
[120/1120]	[L1: 0.0248]	2.6+0.0s
[160/1120]	[L1: 0.0252]	2.5+0.0s
[200/1120]	[L1: 0.0248]	2.5+0.0s
[240/1120]	[L1: 0.0251]	2.5+0.0s
[280/1120]	[L1: 0.0252]	2.4+0.0s
[320/1120]	[L1: 0.0252]	2.4+0.0s
[360/1120]	[L1: 0.0256]	2.3+0.0s
[400/1120]	[L1: 0.0256]	2.3+0.0s
[440/1120]	[L1: 0.0256]	2.4+0.0s
[480/1120]	[L1: 0.0257]	2.6+0.0s
[520/1120]	[L1: 0.0256]	2.5+0.0s
[560/1120]	[L1: 0.0258]	2.5+0.0s
[600/1120]	[L1: 0.0257]	2.8+0.0s
[640/1120]	[L1: 0.0259]	2.9+0.0s
[680/1120]	[L1: 0.0258]	2.6+0.0s
[720/1120]	[L1: 0.0259]	2.4+0.0s
[760/1120]	[L1: 0.0260]	2.5+0.0s
[800/1120]	[L1: 0.0260]	2.5+0.0s
[840/1120]	[L1: 0.0261]	2.5+0.0s
[880/1120]	[L1: 0.0261]	2.6+0.0s
[920/1120]	[L1: 0.0259]	2.4+0.0s
[960/1120]	[L1: 0.0260]	2.5+0.0s
[1000/1120]	[L1: 0.0259]	2.5+0.0s
[1040/1120]	[L1: 0.0260]	2.6+0.0s
[1080/1120]	[L1: 0.0259]	2.8+0.0s
[1120/1120]	[L1: 0.0261]	2.9+0.0s

Evaluation:
[RSSCN7 x3]	psnr: 29.259 (Best: 29.259 @epoch 276)
Total time: 14.93s

[Epoch 277]	Learning rate: 1.00e-4
[40/1120]	[L1: 0.0259]	2.5+0.0s
[80/1120]	[L1: 0.0257]	2.3+0.0s
[120/1120]	[L1: 0.0250]	2.3+0.0s
[160/1120]	[L1: 0.0250]	2.3+0.0s
[200/1120]	[L1: 0.0246]	2.3+0.0s
[240/1120]	[L1: 0.0250]	2.3+0.0s
[280/1120]	[L1: 0.0249]	2.3+0.0s
[320/1120]	[L1: 0.0254]	2.3+0.0s
[360/1120]	[L1: 0.0252]	2.3+0.0s
[400/1120]	[L1: 0.0253]	2.3+0.0s
[440/1120]	[L1: 0.0255]	2.3+0.0s
[480/1120]	[L1: 0.0259]	2.3+0.0s
[520/1120]	[L1: 0.0260]	2.5+0.0s
[560/1120]	[L1: 0.0262]	2.4+0.0s
[600/1120]	[L1: 0.0262]	2.4+0.0s
[640/1120]	[L1: 0.0263]	2.4+0.0s
[680/1120]	[L1: 0.0262]	2.6+0.0s
[720/1120]	[L1: 0.0263]	2.7+0.0s
[760/1120]	[L1: 0.0262]	2.7+0.0s
[800/1120]	[L1: 0.0263]	2.9+0.0s
[840/1120]	[L1: 0.0262]	2.7+0.0s
[880/1120]	[L1: 0.0263]	2.6+0.0s
[920/1120]	[L1: 0.0262]	2.3+0.0s
[960/1120]	[L1: 0.0261]	2.3+0.0s
[1000/1120]	[L1: 0.0262]	2.3+0.0s
[1040/1120]	[L1: 0.0260]	2.4+0.0s
[1080/1120]	[L1: 0.0259]	2.3+0.0s
[1120/1120]	[L1: 0.0259]	2.4+0.0s

Evaluation:
[RSSCN7 x3]	psnr: 29.245 (Best: 29.259 @epoch 276)
Total time: 14.97s

[Epoch 278]	Learning rate: 1.00e-4
[40/1120]	[L1: 0.0298]	2.7+0.0s
[80/1120]	[L1: 0.0260]	2.5+0.0s
[120/1120]	[L1: 0.0259]	2.5+0.0s
[160/1120]	[L1: 0.0260]	2.5+0.0s
[200/1120]	[L1: 0.0262]	2.9+0.0s
[240/1120]	[L1: 0.0261]	3.1+0.0s
[280/1120]	[L1: 0.0264]	3.0+0.0s
[320/1120]	[L1: 0.0268]	2.9+0.0s
[360/1120]	[L1: 0.0272]	2.8+0.0s
[400/1120]	[L1: 0.0274]	2.6+0.0s
[440/1120]	[L1: 0.0271]	2.5+0.0s
[480/1120]	[L1: 0.0270]	2.5+0.0s
[520/1120]	[L1: 0.0265]	2.5+0.0s
[560/1120]	[L1: 0.0263]	2.5+0.0s
[600/1120]	[L1: 0.0262]	2.6+0.0s
[640/1120]	[L1: 0.0262]	2.4+0.0s
[680/1120]	[L1: 0.0260]	2.4+0.0s
[720/1120]	[L1: 0.0258]	2.4+0.0s
[760/1120]	[L1: 0.0258]	2.5+0.0s
[800/1120]	[L1: 0.0257]	2.7+0.0s
[840/1120]	[L1: 0.0257]	2.8+0.0s
[880/1120]	[L1: 0.0257]	2.9+0.0s
[920/1120]	[L1: 0.0258]	2.8+0.0s
[960/1120]	[L1: 0.0259]	2.6+0.0s
[1000/1120]	[L1: 0.0258]	2.4+0.0s
[1040/1120]	[L1: 0.0258]	2.4+0.0s
[1080/1120]	[L1: 0.0259]	2.4+0.0s
[1120/1120]	[L1: 0.0258]	2.3+0.0s

Evaluation:
[RSSCN7 x3]	psnr: 29.232 (Best: 29.259 @epoch 276)
Total time: 14.91s

[Epoch 279]	Learning rate: 1.00e-4
[40/1120]	[L1: 0.0268]	2.5+0.0s
[80/1120]	[L1: 0.0259]	2.6+0.0s
[120/1120]	[L1: 0.0272]	2.3+0.0s
[160/1120]	[L1: 0.0269]	2.5+0.0s
[200/1120]	[L1: 0.0262]	2.3+0.0s
[240/1120]	[L1: 0.0260]	2.4+0.0s
[280/1120]	[L1: 0.0266]	2.3+0.0s
[320/1120]	[L1: 0.0262]	2.5+0.0s
[360/1120]	[L1: 0.0261]	2.4+0.0s
[400/1120]	[L1: 0.0262]	2.6+0.0s
[440/1120]	[L1: 0.0260]	2.5+0.0s
[480/1120]	[L1: 0.0259]	2.6+0.0s
[520/1120]	[L1: 0.0259]	2.4+0.0s
[560/1120]	[L1: 0.0260]	2.4+0.0s
[600/1120]	[L1: 0.0259]	2.5+0.0s
[640/1120]	[L1: 0.0258]	2.8+0.0s
[680/1120]	[L1: 0.0257]	3.0+0.0s
[720/1120]	[L1: 0.0257]	2.8+0.0s
[760/1120]	[L1: 0.0255]	2.6+0.0s
[800/1120]	[L1: 0.0257]	2.5+0.0s
[840/1120]	[L1: 0.0258]	2.6+0.0s
[880/1120]	[L1: 0.0259]	2.9+0.0s
[920/1120]	[L1: 0.0258]	2.7+0.0s
[960/1120]	[L1: 0.0257]	2.5+0.0s
[1000/1120]	[L1: 0.0258]	2.6+0.0s
[1040/1120]	[L1: 0.0258]	2.4+0.0s
[1080/1120]	[L1: 0.0259]	2.5+0.0s
[1120/1120]	[L1: 0.0258]	2.3+0.0s

Evaluation:
[RSSCN7 x3]	psnr: 29.240 (Best: 29.259 @epoch 276)
Total time: 14.94s

[Epoch 280]	Learning rate: 1.00e-4
[40/1120]	[L1: 0.0267]	2.7+0.0s
[80/1120]	[L1: 0.0277]	2.5+0.0s
[120/1120]	[L1: 0.0281]	2.7+0.0s
[160/1120]	[L1: 0.0278]	2.9+0.0s
[200/1120]	[L1: 0.0273]	2.9+0.0s
[240/1120]	[L1: 0.0266]	2.7+0.0s
[280/1120]	[L1: 0.0264]	2.5+0.0s
[320/1120]	[L1: 0.0269]	2.4+0.0s
[360/1120]	[L1: 0.0263]	2.4+0.0s
[400/1120]	[L1: 0.0263]	2.4+0.0s
[440/1120]	[L1: 0.0263]	2.6+0.0s
[480/1120]	[L1: 0.0261]	2.8+0.0s
[520/1120]	[L1: 0.0261]	2.5+0.0s
[560/1120]	[L1: 0.0263]	2.6+0.0s
[600/1120]	[L1: 0.0261]	2.7+0.0s
[640/1120]	[L1: 0.0261]	2.4+0.0s
[680/1120]	[L1: 0.0261]	2.4+0.0s
[720/1120]	[L1: 0.0260]	2.4+0.0s
[760/1120]	[L1: 0.0260]	2.4+0.0s
[800/1120]	[L1: 0.0260]	2.5+0.0s
[840/1120]	[L1: 0.0260]	2.4+0.0s
[880/1120]	[L1: 0.0260]	2.4+0.0s
[920/1120]	[L1: 0.0260]	2.4+0.0s
[960/1120]	[L1: 0.0260]	2.7+0.0s
[1000/1120]	[L1: 0.0261]	2.7+0.0s
[1040/1120]	[L1: 0.0261]	2.4+0.0s
[1080/1120]	[L1: 0.0261]	2.3+0.0s
[1120/1120]	[L1: 0.0260]	2.3+0.0s

Evaluation:
[RSSCN7 x3]	psnr: 29.210 (Best: 29.259 @epoch 276)
Total time: 14.93s

[Epoch 281]	Learning rate: 1.00e-4
[40/1120]	[L1: 0.0270]	2.6+0.0s
[80/1120]	[L1: 0.0265]	2.5+0.0s
[120/1120]	[L1: 0.0259]	2.5+0.0s
[160/1120]	[L1: 0.0258]	2.6+0.0s
[200/1120]	[L1: 0.0258]	2.5+0.0s
[240/1120]	[L1: 0.0248]	2.5+0.0s
[280/1120]	[L1: 0.0249]	2.5+0.0s
[320/1120]	[L1: 0.0254]	2.6+0.0s
[360/1120]	[L1: 0.0259]	2.9+0.0s
[400/1120]	[L1: 0.0256]	2.8+0.0s
[440/1120]	[L1: 0.0253]	3.0+0.0s
[480/1120]	[L1: 0.0253]	3.0+0.0s
[520/1120]	[L1: 0.0257]	2.6+0.0s
[560/1120]	[L1: 0.0258]	2.5+0.0s
[600/1120]	[L1: 0.0260]	2.6+0.0s
[640/1120]	[L1: 0.0260]	2.5+0.0s
[680/1120]	[L1: 0.0261]	2.5+0.0s
[720/1120]	[L1: 0.0260]	2.5+0.0s
[760/1120]	[L1: 0.0263]	2.6+0.0s
[800/1120]	[L1: 0.0263]	2.5+0.0s
[840/1120]	[L1: 0.0264]	2.5+0.0s
[880/1120]	[L1: 0.0262]	2.6+0.0s
[920/1120]	[L1: 0.0261]	2.5+0.0s
[960/1120]	[L1: 0.0261]	2.5+0.0s
[1000/1120]	[L1: 0.0261]	2.5+0.0s
[1040/1120]	[L1: 0.0261]	2.6+0.0s
[1080/1120]	[L1: 0.0260]	2.4+0.0s
[1120/1120]	[L1: 0.0260]	2.3+0.0s

Evaluation:
[RSSCN7 x3]	psnr: 29.234 (Best: 29.259 @epoch 276)
Total time: 14.92s

[Epoch 282]	Learning rate: 1.00e-4
[40/1120]	[L1: 0.0263]	2.5+0.0s
[80/1120]	[L1: 0.0245]	2.5+0.0s
[120/1120]	[L1: 0.0248]	2.6+0.0s
[160/1120]	[L1: 0.0256]	2.5+0.0s
[200/1120]	[L1: 0.0258]	2.6+0.0s
[240/1120]	[L1: 0.0256]	2.6+0.0s
[280/1120]	[L1: 0.0248]	2.5+0.0s
[320/1120]	[L1: 0.0250]	2.4+0.0s
[360/1120]	[L1: 0.0253]	2.5+0.0s
[400/1120]	[L1: 0.0253]	2.4+0.0s
[440/1120]	[L1: 0.0255]	2.5+0.0s
[480/1120]	[L1: 0.0251]	2.4+0.0s
[520/1120]	[L1: 0.0250]	2.5+0.0s
[560/1120]	[L1: 0.0253]	2.4+0.0s
[600/1120]	[L1: 0.0251]	2.5+0.0s
[640/1120]	[L1: 0.0254]	2.3+0.0s
[680/1120]	[L1: 0.0256]	2.5+0.0s
[720/1120]	[L1: 0.0257]	2.4+0.0s
[760/1120]	[L1: 0.0257]	2.5+0.0s
[800/1120]	[L1: 0.0258]	2.4+0.0s
[840/1120]	[L1: 0.0260]	2.6+0.0s
[880/1120]	[L1: 0.0260]	2.9+0.0s
[920/1120]	[L1: 0.0261]	3.2+0.0s
[960/1120]	[L1: 0.0260]	3.0+0.0s
[1000/1120]	[L1: 0.0260]	2.4+0.0s
[1040/1120]	[L1: 0.0259]	2.6+0.0s
[1080/1120]	[L1: 0.0260]	2.5+0.0s
[1120/1120]	[L1: 0.0260]	2.7+0.0s

Evaluation:
[RSSCN7 x3]	psnr: 29.239 (Best: 29.259 @epoch 276)
Total time: 14.93s

[Epoch 283]	Learning rate: 1.00e-4
[40/1120]	[L1: 0.0276]	2.6+0.0s
[80/1120]	[L1: 0.0263]	2.5+0.0s
[120/1120]	[L1: 0.0271]	2.9+0.0s
[160/1120]	[L1: 0.0273]	2.9+0.0s
[200/1120]	[L1: 0.0270]	3.1+0.0s
[240/1120]	[L1: 0.0276]	3.0+0.0s
[280/1120]	[L1: 0.0275]	3.1+0.0s
[320/1120]	[L1: 0.0274]	2.9+0.0s
[360/1120]	[L1: 0.0272]	3.0+0.0s
[400/1120]	[L1: 0.0270]	2.6+0.0s
[440/1120]	[L1: 0.0274]	2.4+0.0s
[480/1120]	[L1: 0.0268]	2.6+0.0s
[520/1120]	[L1: 0.0266]	2.5+0.0s
[560/1120]	[L1: 0.0266]	2.5+0.0s
[600/1120]	[L1: 0.0263]	2.3+0.0s
[640/1120]	[L1: 0.0262]	2.4+0.0s
[680/1120]	[L1: 0.0260]	2.3+0.0s
[720/1120]	[L1: 0.0262]	2.4+0.0s
[760/1120]	[L1: 0.0261]	2.3+0.0s
[800/1120]	[L1: 0.0261]	2.5+0.0s
[840/1120]	[L1: 0.0259]	2.8+0.0s
[880/1120]	[L1: 0.0259]	2.8+0.0s
[920/1120]	[L1: 0.0262]	2.5+0.0s
[960/1120]	[L1: 0.0263]	2.5+0.0s
[1000/1120]	[L1: 0.0263]	2.3+0.0s
[1040/1120]	[L1: 0.0263]	2.4+0.0s
[1080/1120]	[L1: 0.0262]	2.3+0.0s
[1120/1120]	[L1: 0.0262]	2.4+0.0s

Evaluation:
[RSSCN7 x3]	psnr: 29.264 (Best: 29.264 @epoch 283)
Total time: 14.89s

[Epoch 284]	Learning rate: 1.00e-4
[40/1120]	[L1: 0.0252]	2.5+0.0s
[80/1120]	[L1: 0.0263]	3.0+0.0s
[120/1120]	[L1: 0.0255]	2.9+0.0s
[160/1120]	[L1: 0.0257]	2.5+0.0s
[200/1120]	[L1: 0.0263]	2.9+0.0s
[240/1120]	[L1: 0.0264]	3.1+0.0s
[280/1120]	[L1: 0.0266]	2.8+0.0s
[320/1120]	[L1: 0.0266]	2.8+0.0s
[360/1120]	[L1: 0.0270]	2.8+0.0s
[400/1120]	[L1: 0.0269]	2.8+0.0s
[440/1120]	[L1: 0.0267]	2.4+0.0s
[480/1120]	[L1: 0.0268]	2.4+0.0s
[520/1120]	[L1: 0.0269]	2.4+0.0s
[560/1120]	[L1: 0.0267]	2.5+0.0s
[600/1120]	[L1: 0.0268]	2.4+0.0s
[640/1120]	[L1: 0.0267]	2.3+0.0s
[680/1120]	[L1: 0.0267]	2.4+0.0s
[720/1120]	[L1: 0.0264]	2.6+0.0s
[760/1120]	[L1: 0.0264]	2.5+0.0s
[800/1120]	[L1: 0.0263]	2.4+0.0s
[840/1120]	[L1: 0.0263]	2.6+0.0s
[880/1120]	[L1: 0.0262]	2.7+0.0s
[920/1120]	[L1: 0.0261]	2.4+0.0s
[960/1120]	[L1: 0.0262]	2.5+0.0s
[1000/1120]	[L1: 0.0262]	2.8+0.0s
[1040/1120]	[L1: 0.0260]	3.2+0.0s
[1080/1120]	[L1: 0.0261]	2.9+0.0s
[1120/1120]	[L1: 0.0261]	2.6+0.0s

Evaluation:
[RSSCN7 x3]	psnr: 29.221 (Best: 29.264 @epoch 283)
Total time: 14.94s

[Epoch 285]	Learning rate: 1.00e-4
[40/1120]	[L1: 0.0252]	2.5+0.0s
[80/1120]	[L1: 0.0232]	2.5+0.0s
[120/1120]	[L1: 0.0240]	2.6+0.0s
[160/1120]	[L1: 0.0244]	2.9+0.0s
[200/1120]	[L1: 0.0248]	2.6+0.0s
[240/1120]	[L1: 0.0248]	2.5+0.0s
[280/1120]	[L1: 0.0248]	2.5+0.0s
[320/1120]	[L1: 0.0248]	2.5+0.0s
[360/1120]	[L1: 0.0255]	2.7+0.0s
[400/1120]	[L1: 0.0257]	2.9+0.0s
[440/1120]	[L1: 0.0258]	3.0+0.0s
[480/1120]	[L1: 0.0255]	2.9+0.0s
[520/1120]	[L1: 0.0257]	2.9+0.0s
[560/1120]	[L1: 0.0261]	2.6+0.0s
[600/1120]	[L1: 0.0261]	2.4+0.0s
[640/1120]	[L1: 0.0260]	2.4+0.0s
[680/1120]	[L1: 0.0260]	2.3+0.0s
[720/1120]	[L1: 0.0263]	2.3+0.0s
[760/1120]	[L1: 0.0264]	2.3+0.0s
[800/1120]	[L1: 0.0263]	2.3+0.0s
[840/1120]	[L1: 0.0263]	2.3+0.0s
[880/1120]	[L1: 0.0262]	2.4+0.0s
[920/1120]	[L1: 0.0261]	2.4+0.0s
[960/1120]	[L1: 0.0260]	2.5+0.0s
[1000/1120]	[L1: 0.0260]	2.3+0.0s
[1040/1120]	[L1: 0.0261]	2.3+0.0s
[1080/1120]	[L1: 0.0261]	2.5+0.0s
[1120/1120]	[L1: 0.0261]	2.5+0.0s

Evaluation:
[RSSCN7 x3]	psnr: 29.256 (Best: 29.264 @epoch 283)
Total time: 15.00s

[Epoch 286]	Learning rate: 1.00e-4
[40/1120]	[L1: 0.0269]	2.6+0.0s
[80/1120]	[L1: 0.0253]	2.5+0.0s
[120/1120]	[L1: 0.0262]	2.5+0.0s
[160/1120]	[L1: 0.0258]	2.5+0.0s
[200/1120]	[L1: 0.0258]	2.3+0.0s
[240/1120]	[L1: 0.0257]	2.4+0.0s
[280/1120]	[L1: 0.0262]	2.6+0.0s
[320/1120]	[L1: 0.0262]	2.9+0.0s
[360/1120]	[L1: 0.0261]	3.1+0.0s
[400/1120]	[L1: 0.0258]	2.9+0.0s
[440/1120]	[L1: 0.0256]	2.9+0.0s
[480/1120]	[L1: 0.0255]	3.0+0.0s
[520/1120]	[L1: 0.0258]	2.9+0.0s
[560/1120]	[L1: 0.0258]	2.6+0.0s
[600/1120]	[L1: 0.0258]	2.6+0.0s
[640/1120]	[L1: 0.0256]	2.9+0.0s
[680/1120]	[L1: 0.0256]	2.9+0.0s
[720/1120]	[L1: 0.0258]	2.6+0.0s
[760/1120]	[L1: 0.0260]	2.4+0.0s
[800/1120]	[L1: 0.0260]	2.3+0.0s
[840/1120]	[L1: 0.0259]	2.4+0.0s
[880/1120]	[L1: 0.0258]	2.3+0.0s
[920/1120]	[L1: 0.0257]	2.3+0.0s
[960/1120]	[L1: 0.0258]	2.7+0.0s
[1000/1120]	[L1: 0.0258]	2.7+0.0s
[1040/1120]	[L1: 0.0260]	2.7+0.0s
[1080/1120]	[L1: 0.0259]	2.4+0.0s
[1120/1120]	[L1: 0.0259]	2.3+0.0s

Evaluation:
[RSSCN7 x3]	psnr: 29.234 (Best: 29.264 @epoch 283)
Total time: 14.95s

[Epoch 287]	Learning rate: 1.00e-4
[40/1120]	[L1: 0.0279]	2.6+0.0s
[80/1120]	[L1: 0.0276]	2.5+0.0s
[120/1120]	[L1: 0.0276]	2.3+0.0s
[160/1120]	[L1: 0.0278]	2.3+0.0s
[200/1120]	[L1: 0.0278]	2.3+0.0s
[240/1120]	[L1: 0.0271]	2.3+0.0s
[280/1120]	[L1: 0.0267]	2.3+0.0s
[320/1120]	[L1: 0.0262]	2.3+0.0s
[360/1120]	[L1: 0.0266]	2.7+0.0s
[400/1120]	[L1: 0.0260]	2.7+0.0s
[440/1120]	[L1: 0.0256]	2.3+0.0s
[480/1120]	[L1: 0.0255]	2.3+0.0s
[520/1120]	[L1: 0.0255]	2.4+0.0s
[560/1120]	[L1: 0.0255]	2.4+0.0s
[600/1120]	[L1: 0.0257]	2.4+0.0s
[640/1120]	[L1: 0.0256]	2.4+0.0s
[680/1120]	[L1: 0.0258]	2.4+0.0s
[720/1120]	[L1: 0.0260]	2.4+0.0s
[760/1120]	[L1: 0.0263]	2.3+0.0s
[800/1120]	[L1: 0.0265]	2.4+0.0s
[840/1120]	[L1: 0.0264]	2.3+0.0s
[880/1120]	[L1: 0.0267]	2.4+0.0s
[920/1120]	[L1: 0.0265]	2.5+0.0s
[960/1120]	[L1: 0.0265]	2.4+0.0s
[1000/1120]	[L1: 0.0264]	2.3+0.0s
[1040/1120]	[L1: 0.0263]	2.5+0.0s
[1080/1120]	[L1: 0.0261]	2.3+0.0s
[1120/1120]	[L1: 0.0261]	2.3+0.0s

Evaluation:
[RSSCN7 x3]	psnr: 29.220 (Best: 29.264 @epoch 283)
Total time: 14.92s

[Epoch 288]	Learning rate: 1.00e-4
[40/1120]	[L1: 0.0255]	2.6+0.0s
[80/1120]	[L1: 0.0261]	2.4+0.0s
[120/1120]	[L1: 0.0263]	2.6+0.0s
[160/1120]	[L1: 0.0262]	2.4+0.0s
[200/1120]	[L1: 0.0263]	2.3+0.0s
[240/1120]	[L1: 0.0262]	2.4+0.0s
[280/1120]	[L1: 0.0261]	2.6+0.0s
[320/1120]	[L1: 0.0256]	2.9+0.0s
[360/1120]	[L1: 0.0260]	2.9+0.0s
[400/1120]	[L1: 0.0261]	3.1+0.0s
[440/1120]	[L1: 0.0267]	2.6+0.0s
[480/1120]	[L1: 0.0264]	2.3+0.0s
[520/1120]	[L1: 0.0263]	2.4+0.0s
[560/1120]	[L1: 0.0263]	2.5+0.0s
[600/1120]	[L1: 0.0264]	3.0+0.0s
[640/1120]	[L1: 0.0264]	2.9+0.0s
[680/1120]	[L1: 0.0265]	2.9+0.0s
[720/1120]	[L1: 0.0266]	2.9+0.0s
[760/1120]	[L1: 0.0263]	2.9+0.0s
[800/1120]	[L1: 0.0262]	2.7+0.0s
[840/1120]	[L1: 0.0260]	2.9+0.0s
[880/1120]	[L1: 0.0261]	2.6+0.0s
[920/1120]	[L1: 0.0262]	2.5+0.0s
[960/1120]	[L1: 0.0261]	2.5+0.0s
[1000/1120]	[L1: 0.0262]	2.3+0.0s
[1040/1120]	[L1: 0.0260]	2.8+0.0s
[1080/1120]	[L1: 0.0260]	2.6+0.0s
[1120/1120]	[L1: 0.0260]	2.4+0.0s

Evaluation:
[RSSCN7 x3]	psnr: 29.252 (Best: 29.264 @epoch 283)
Total time: 14.93s

[Epoch 289]	Learning rate: 1.00e-4
[40/1120]	[L1: 0.0294]	2.5+0.0s
[80/1120]	[L1: 0.0275]	2.4+0.0s
[120/1120]	[L1: 0.0272]	2.6+0.0s
[160/1120]	[L1: 0.0255]	2.9+0.0s
[200/1120]	[L1: 0.0264]	3.2+0.0s
[240/1120]	[L1: 0.0255]	3.2+0.0s
[280/1120]	[L1: 0.0250]	3.0+0.0s
[320/1120]	[L1: 0.0249]	3.1+0.0s
[360/1120]	[L1: 0.0246]	2.9+0.0s
[400/1120]	[L1: 0.0254]	2.7+0.0s
[440/1120]	[L1: 0.0253]	2.9+0.0s
[480/1120]	[L1: 0.0254]	2.6+0.0s
[520/1120]	[L1: 0.0257]	2.5+0.0s
[560/1120]	[L1: 0.0259]	2.5+0.0s
[600/1120]	[L1: 0.0261]	2.5+0.0s
[640/1120]	[L1: 0.0259]	2.5+0.0s
[680/1120]	[L1: 0.0258]	2.7+0.0s
[720/1120]	[L1: 0.0258]	2.6+0.0s
[760/1120]	[L1: 0.0258]	2.9+0.0s
[800/1120]	[L1: 0.0257]	2.9+0.0s
[840/1120]	[L1: 0.0257]	2.5+0.0s
[880/1120]	[L1: 0.0257]	2.6+0.0s
[920/1120]	[L1: 0.0257]	2.5+0.0s
[960/1120]	[L1: 0.0258]	2.5+0.0s
[1000/1120]	[L1: 0.0259]	2.5+0.0s
[1040/1120]	[L1: 0.0258]	2.6+0.0s
[1080/1120]	[L1: 0.0259]	2.4+0.0s
[1120/1120]	[L1: 0.0259]	2.3+0.0s

Evaluation:
[RSSCN7 x3]	psnr: 29.224 (Best: 29.264 @epoch 283)
Total time: 14.96s

[Epoch 290]	Learning rate: 1.00e-4
[40/1120]	[L1: 0.0286]	2.7+0.0s
[80/1120]	[L1: 0.0256]	2.5+0.0s
[120/1120]	[L1: 0.0268]	2.6+0.0s
[160/1120]	[L1: 0.0249]	2.5+0.0s
[200/1120]	[L1: 0.0256]	2.5+0.0s
[240/1120]	[L1: 0.0255]	2.6+0.0s
[280/1120]	[L1: 0.0258]	2.8+0.0s
[320/1120]	[L1: 0.0260]	2.8+0.0s
[360/1120]	[L1: 0.0259]	2.3+0.0s
[400/1120]	[L1: 0.0260]	2.3+0.0s
[440/1120]	[L1: 0.0261]	2.4+0.0s
[480/1120]	[L1: 0.0262]	2.3+0.0s
[520/1120]	[L1: 0.0260]	2.4+0.0s
[560/1120]	[L1: 0.0261]	2.3+0.0s
[600/1120]	[L1: 0.0261]	2.5+0.0s
[640/1120]	[L1: 0.0261]	2.8+0.0s
[680/1120]	[L1: 0.0261]	2.3+0.0s
[720/1120]	[L1: 0.0260]	2.5+0.0s
[760/1120]	[L1: 0.0260]	2.4+0.0s
[800/1120]	[L1: 0.0258]	2.4+0.0s
[840/1120]	[L1: 0.0258]	2.5+0.0s
[880/1120]	[L1: 0.0259]	2.3+0.0s
[920/1120]	[L1: 0.0258]	2.6+0.0s
[960/1120]	[L1: 0.0259]	2.5+0.0s
[1000/1120]	[L1: 0.0259]	2.5+0.0s
[1040/1120]	[L1: 0.0260]	2.9+0.0s
[1080/1120]	[L1: 0.0260]	2.8+0.0s
[1120/1120]	[L1: 0.0260]	2.9+0.0s

Evaluation:
[RSSCN7 x3]	psnr: 29.257 (Best: 29.264 @epoch 283)
Total time: 14.98s

[Epoch 291]	Learning rate: 1.00e-4
[40/1120]	[L1: 0.0250]	2.5+0.0s
[80/1120]	[L1: 0.0254]	2.7+0.0s
[120/1120]	[L1: 0.0256]	2.6+0.0s
[160/1120]	[L1: 0.0255]	2.9+0.0s
[200/1120]	[L1: 0.0261]	2.9+0.0s
[240/1120]	[L1: 0.0262]	3.1+0.0s
[280/1120]	[L1: 0.0263]	2.9+0.0s
[320/1120]	[L1: 0.0263]	2.9+0.0s
[360/1120]	[L1: 0.0265]	2.9+0.0s
[400/1120]	[L1: 0.0265]	2.9+0.0s
[440/1120]	[L1: 0.0266]	2.4+0.0s
[480/1120]	[L1: 0.0262]	2.3+0.0s
[520/1120]	[L1: 0.0261]	2.4+0.0s
[560/1120]	[L1: 0.0261]	2.3+0.0s
[600/1120]	[L1: 0.0260]	2.3+0.0s
[640/1120]	[L1: 0.0260]	2.3+0.0s
[680/1120]	[L1: 0.0263]	2.4+0.0s
[720/1120]	[L1: 0.0261]	2.3+0.0s
[760/1120]	[L1: 0.0259]	2.3+0.0s
[800/1120]	[L1: 0.0259]	2.4+0.0s
[840/1120]	[L1: 0.0258]	2.3+0.0s
[880/1120]	[L1: 0.0259]	2.6+0.0s
[920/1120]	[L1: 0.0261]	2.4+0.0s
[960/1120]	[L1: 0.0262]	2.4+0.0s
[1000/1120]	[L1: 0.0262]	2.3+0.0s
[1040/1120]	[L1: 0.0261]	2.3+0.0s
[1080/1120]	[L1: 0.0261]	2.3+0.0s
[1120/1120]	[L1: 0.0260]	2.4+0.0s

Evaluation:
[RSSCN7 x3]	psnr: 29.257 (Best: 29.264 @epoch 283)
Total time: 14.90s

[Epoch 292]	Learning rate: 1.00e-4
[40/1120]	[L1: 0.0299]	2.6+0.0s
[80/1120]	[L1: 0.0277]	2.8+0.0s
[120/1120]	[L1: 0.0275]	2.9+0.0s
[160/1120]	[L1: 0.0279]	2.6+0.0s
[200/1120]	[L1: 0.0279]	2.5+0.0s
[240/1120]	[L1: 0.0275]	2.5+0.0s
[280/1120]	[L1: 0.0268]	3.0+0.0s
[320/1120]	[L1: 0.0266]	2.9+0.0s
[360/1120]	[L1: 0.0267]	3.0+0.0s
[400/1120]	[L1: 0.0266]	3.0+0.0s
[440/1120]	[L1: 0.0262]	2.9+0.0s
[480/1120]	[L1: 0.0263]	2.5+0.0s
[520/1120]	[L1: 0.0263]	2.7+0.0s
[560/1120]	[L1: 0.0260]	2.5+0.0s
[600/1120]	[L1: 0.0260]	2.5+0.0s
[640/1120]	[L1: 0.0259]	2.8+0.0s
[680/1120]	[L1: 0.0258]	2.9+0.0s
[720/1120]	[L1: 0.0259]	3.0+0.0s
[760/1120]	[L1: 0.0259]	2.7+0.0s
[800/1120]	[L1: 0.0259]	2.5+0.0s
[840/1120]	[L1: 0.0258]	2.6+0.0s
[880/1120]	[L1: 0.0258]	3.1+0.0s
[920/1120]	[L1: 0.0260]	3.0+0.0s
[960/1120]	[L1: 0.0259]	3.0+0.0s
[1000/1120]	[L1: 0.0258]	3.1+0.0s
[1040/1120]	[L1: 0.0259]	3.1+0.0s
[1080/1120]	[L1: 0.0259]	2.9+0.0s
[1120/1120]	[L1: 0.0259]	2.7+0.0s

Evaluation:
[RSSCN7 x3]	psnr: 29.199 (Best: 29.264 @epoch 283)
Total time: 14.91s

[Epoch 293]	Learning rate: 1.00e-4
[40/1120]	[L1: 0.0237]	2.7+0.0s
[80/1120]	[L1: 0.0265]	2.4+0.0s
[120/1120]	[L1: 0.0264]	2.4+0.0s
[160/1120]	[L1: 0.0261]	2.5+0.0s
[200/1120]	[L1: 0.0264]	2.4+0.0s
[240/1120]	[L1: 0.0267]	2.5+0.0s
[280/1120]	[L1: 0.0264]	2.3+0.0s
[320/1120]	[L1: 0.0260]	2.3+0.0s
[360/1120]	[L1: 0.0259]	2.4+0.0s
[400/1120]	[L1: 0.0255]	2.3+0.0s
[440/1120]	[L1: 0.0253]	2.5+0.0s
[480/1120]	[L1: 0.0252]	2.3+0.0s
[520/1120]	[L1: 0.0253]	2.3+0.0s
[560/1120]	[L1: 0.0255]	2.5+0.0s
[600/1120]	[L1: 0.0255]	2.4+0.0s
[640/1120]	[L1: 0.0257]	2.5+0.0s
[680/1120]	[L1: 0.0256]	2.4+0.0s
[720/1120]	[L1: 0.0256]	2.5+0.0s
[760/1120]	[L1: 0.0257]	2.6+0.0s
[800/1120]	[L1: 0.0258]	2.5+0.0s
[840/1120]	[L1: 0.0261]	2.4+0.0s
[880/1120]	[L1: 0.0260]	2.3+0.0s
[920/1120]	[L1: 0.0259]	2.3+0.0s
[960/1120]	[L1: 0.0259]	2.4+0.0s
[1000/1120]	[L1: 0.0259]	2.3+0.0s
[1040/1120]	[L1: 0.0260]	2.4+0.0s
[1080/1120]	[L1: 0.0260]	2.3+0.0s
[1120/1120]	[L1: 0.0261]	2.3+0.0s

Evaluation:
[RSSCN7 x3]	psnr: 29.254 (Best: 29.264 @epoch 283)
Total time: 14.93s

[Epoch 294]	Learning rate: 1.00e-4
[40/1120]	[L1: 0.0262]	2.5+0.0s
[80/1120]	[L1: 0.0278]	2.6+0.0s
[120/1120]	[L1: 0.0265]	2.5+0.0s
[160/1120]	[L1: 0.0266]	2.5+0.0s
[200/1120]	[L1: 0.0263]	2.3+0.0s
[240/1120]	[L1: 0.0265]	2.5+0.0s
[280/1120]	[L1: 0.0263]	2.3+0.0s
[320/1120]	[L1: 0.0264]	2.5+0.0s
[360/1120]	[L1: 0.0267]	2.4+0.0s
[400/1120]	[L1: 0.0266]	2.4+0.0s
[440/1120]	[L1: 0.0268]	2.3+0.0s
[480/1120]	[L1: 0.0266]	2.4+0.0s
[520/1120]	[L1: 0.0265]	2.4+0.0s
[560/1120]	[L1: 0.0264]	2.9+0.0s
[600/1120]	[L1: 0.0260]	2.8+0.0s
[640/1120]	[L1: 0.0259]	2.4+0.0s
[680/1120]	[L1: 0.0260]	2.5+0.0s
[720/1120]	[L1: 0.0261]	2.3+0.0s
[760/1120]	[L1: 0.0260]	2.4+0.0s
[800/1120]	[L1: 0.0260]	2.3+0.0s
[840/1120]	[L1: 0.0262]	2.5+0.0s
[880/1120]	[L1: 0.0262]	2.7+0.0s
[920/1120]	[L1: 0.0260]	2.6+0.0s
[960/1120]	[L1: 0.0259]	2.3+0.0s
[1000/1120]	[L1: 0.0259]	2.4+0.0s
[1040/1120]	[L1: 0.0260]	2.3+0.0s
[1080/1120]	[L1: 0.0259]	2.4+0.0s
[1120/1120]	[L1: 0.0261]	2.3+0.0s

Evaluation:
[RSSCN7 x3]	psnr: 29.262 (Best: 29.264 @epoch 283)
Total time: 14.91s

[Epoch 295]	Learning rate: 1.00e-4
[40/1120]	[L1: 0.0275]	2.5+0.0s
[80/1120]	[L1: 0.0279]	2.4+0.0s
[120/1120]	[L1: 0.0265]	2.3+0.0s
[160/1120]	[L1: 0.0260]	2.3+0.0s
[200/1120]	[L1: 0.0259]	2.3+0.0s
[240/1120]	[L1: 0.0257]	2.3+0.0s
[280/1120]	[L1: 0.0257]	2.3+0.0s
[320/1120]	[L1: 0.0254]	2.3+0.0s
[360/1120]	[L1: 0.0257]	2.4+0.0s
[400/1120]	[L1: 0.0256]	2.6+0.0s
[440/1120]	[L1: 0.0257]	2.6+0.0s
[480/1120]	[L1: 0.0257]	2.3+0.0s
[520/1120]	[L1: 0.0259]	2.4+0.0s
[560/1120]	[L1: 0.0260]	2.3+0.0s
[600/1120]	[L1: 0.0259]	2.4+0.0s
[640/1120]	[L1: 0.0260]	2.8+0.0s
[680/1120]	[L1: 0.0260]	2.8+0.0s
[720/1120]	[L1: 0.0259]	2.8+0.0s
[760/1120]	[L1: 0.0256]	2.8+0.0s
[800/1120]	[L1: 0.0257]	2.9+0.0s
[840/1120]	[L1: 0.0257]	3.0+0.0s
[880/1120]	[L1: 0.0257]	2.9+0.0s
[920/1120]	[L1: 0.0258]	2.9+0.0s
[960/1120]	[L1: 0.0257]	2.9+0.0s
[1000/1120]	[L1: 0.0258]	2.9+0.0s
[1040/1120]	[L1: 0.0259]	2.8+0.0s
[1080/1120]	[L1: 0.0258]	2.5+0.0s
[1120/1120]	[L1: 0.0258]	2.7+0.0s

Evaluation:
[RSSCN7 x3]	psnr: 29.207 (Best: 29.264 @epoch 283)
Total time: 14.96s

[Epoch 296]	Learning rate: 1.00e-4
[40/1120]	[L1: 0.0266]	2.6+0.0s
[80/1120]	[L1: 0.0263]	2.7+0.0s
[120/1120]	[L1: 0.0248]	2.9+0.0s
[160/1120]	[L1: 0.0250]	2.8+0.0s
[200/1120]	[L1: 0.0262]	2.8+0.0s
[240/1120]	[L1: 0.0260]	2.8+0.0s
[280/1120]	[L1: 0.0258]	2.3+0.0s
[320/1120]	[L1: 0.0257]	2.3+0.0s
[360/1120]	[L1: 0.0255]	2.3+0.0s
[400/1120]	[L1: 0.0258]	2.3+0.0s
[440/1120]	[L1: 0.0260]	2.4+0.0s
[480/1120]	[L1: 0.0262]	2.3+0.0s
[520/1120]	[L1: 0.0261]	2.3+0.0s
[560/1120]	[L1: 0.0261]	2.6+0.0s
[600/1120]	[L1: 0.0261]	2.5+0.0s
[640/1120]	[L1: 0.0261]	2.5+0.0s
[680/1120]	[L1: 0.0261]	2.6+0.0s
[720/1120]	[L1: 0.0262]	2.6+0.0s
[760/1120]	[L1: 0.0260]	2.3+0.0s
[800/1120]	[L1: 0.0262]	2.4+0.0s
[840/1120]	[L1: 0.0263]	2.5+0.0s
[880/1120]	[L1: 0.0262]	2.4+0.0s
[920/1120]	[L1: 0.0263]	2.4+0.0s
[960/1120]	[L1: 0.0262]	2.4+0.0s
[1000/1120]	[L1: 0.0262]	2.3+0.0s
[1040/1120]	[L1: 0.0264]	2.3+0.0s
[1080/1120]	[L1: 0.0263]	2.3+0.0s
[1120/1120]	[L1: 0.0262]	2.3+0.0s

Evaluation:
[RSSCN7 x3]	psnr: 29.253 (Best: 29.264 @epoch 283)
Total time: 14.93s

[Epoch 297]	Learning rate: 1.00e-4
[40/1120]	[L1: 0.0287]	2.6+0.0s
[80/1120]	[L1: 0.0278]	2.7+0.0s
[120/1120]	[L1: 0.0265]	3.0+0.0s
[160/1120]	[L1: 0.0258]	2.6+0.0s
[200/1120]	[L1: 0.0260]	2.6+0.0s
[240/1120]	[L1: 0.0257]	2.5+0.0s
[280/1120]	[L1: 0.0259]	2.7+0.0s
[320/1120]	[L1: 0.0259]	3.0+0.0s
[360/1120]	[L1: 0.0262]	2.9+0.0s
[400/1120]	[L1: 0.0259]	3.0+0.0s
[440/1120]	[L1: 0.0259]	2.6+0.0s
[480/1120]	[L1: 0.0258]	2.5+0.0s
[520/1120]	[L1: 0.0259]	2.8+0.0s
[560/1120]	[L1: 0.0260]	2.3+0.0s
[600/1120]	[L1: 0.0264]	2.4+0.0s
[640/1120]	[L1: 0.0264]	2.3+0.0s
[680/1120]	[L1: 0.0264]	2.3+0.0s
[720/1120]	[L1: 0.0263]	2.4+0.0s
[760/1120]	[L1: 0.0261]	2.3+0.0s
[800/1120]	[L1: 0.0262]	2.4+0.0s
[840/1120]	[L1: 0.0260]	2.4+0.0s
[880/1120]	[L1: 0.0259]	2.5+0.0s
[920/1120]	[L1: 0.0258]	2.6+0.0s
[960/1120]	[L1: 0.0260]	2.5+0.0s
[1000/1120]	[L1: 0.0260]	2.6+0.0s
[1040/1120]	[L1: 0.0261]	2.5+0.0s
[1080/1120]	[L1: 0.0259]	2.4+0.0s
[1120/1120]	[L1: 0.0261]	2.4+0.0s

Evaluation:
[RSSCN7 x3]	psnr: 29.261 (Best: 29.264 @epoch 283)
Total time: 14.92s

[Epoch 298]	Learning rate: 1.00e-4
[40/1120]	[L1: 0.0272]	2.6+0.0s
[80/1120]	[L1: 0.0253]	2.4+0.0s
[120/1120]	[L1: 0.0263]	2.6+0.0s
[160/1120]	[L1: 0.0261]	2.5+0.0s
[200/1120]	[L1: 0.0259]	2.5+0.0s
[240/1120]	[L1: 0.0263]	2.5+0.0s
[280/1120]	[L1: 0.0260]	2.6+0.0s
[320/1120]	[L1: 0.0258]	2.4+0.0s
[360/1120]	[L1: 0.0258]	2.5+0.0s
[400/1120]	[L1: 0.0259]	2.4+0.0s
[440/1120]	[L1: 0.0258]	2.5+0.0s
[480/1120]	[L1: 0.0257]	2.3+0.0s
[520/1120]	[L1: 0.0255]	2.5+0.0s
[560/1120]	[L1: 0.0256]	2.4+0.0s
[600/1120]	[L1: 0.0256]	2.5+0.0s
[640/1120]	[L1: 0.0256]	2.5+0.0s
[680/1120]	[L1: 0.0256]	2.3+0.0s
[720/1120]	[L1: 0.0254]	2.5+0.0s
[760/1120]	[L1: 0.0253]	2.5+0.0s
[800/1120]	[L1: 0.0252]	2.5+0.0s
[840/1120]	[L1: 0.0255]	2.3+0.0s
[880/1120]	[L1: 0.0255]	2.4+0.0s
[920/1120]	[L1: 0.0255]	2.5+0.0s
[960/1120]	[L1: 0.0257]	2.6+0.0s
[1000/1120]	[L1: 0.0257]	2.3+0.0s
[1040/1120]	[L1: 0.0257]	2.4+0.0s
[1080/1120]	[L1: 0.0258]	2.3+0.0s
[1120/1120]	[L1: 0.0260]	2.4+0.0s

Evaluation:
[RSSCN7 x3]	psnr: 29.239 (Best: 29.264 @epoch 283)
Total time: 14.96s

[Epoch 299]	Learning rate: 1.00e-4
[40/1120]	[L1: 0.0244]	2.5+0.0s
[80/1120]	[L1: 0.0286]	2.6+0.0s
[120/1120]	[L1: 0.0278]	2.5+0.0s
[160/1120]	[L1: 0.0269]	2.7+0.0s
[200/1120]	[L1: 0.0262]	2.8+0.0s
[240/1120]	[L1: 0.0261]	2.6+0.0s
[280/1120]	[L1: 0.0261]	2.5+0.0s
[320/1120]	[L1: 0.0262]	2.3+0.0s
[360/1120]	[L1: 0.0265]	2.4+0.0s
[400/1120]	[L1: 0.0265]	2.3+0.0s
[440/1120]	[L1: 0.0265]	2.3+0.0s
[480/1120]	[L1: 0.0263]	2.4+0.0s
[520/1120]	[L1: 0.0264]	2.3+0.0s
[560/1120]	[L1: 0.0263]	2.4+0.0s
[600/1120]	[L1: 0.0264]	2.3+0.0s
[640/1120]	[L1: 0.0263]	2.3+0.0s
[680/1120]	[L1: 0.0265]	2.4+0.0s
[720/1120]	[L1: 0.0265]	2.6+0.0s
[760/1120]	[L1: 0.0265]	2.8+0.0s
[800/1120]	[L1: 0.0265]	2.3+0.0s
[840/1120]	[L1: 0.0265]	2.3+0.0s
[880/1120]	[L1: 0.0264]	2.4+0.0s
[920/1120]	[L1: 0.0262]	2.3+0.0s
[960/1120]	[L1: 0.0262]	2.4+0.0s
[1000/1120]	[L1: 0.0262]	2.4+0.0s
[1040/1120]	[L1: 0.0262]	2.3+0.0s
[1080/1120]	[L1: 0.0261]	2.4+0.0s
[1120/1120]	[L1: 0.0260]	2.3+0.0s

Evaluation:
[RSSCN7 x3]	psnr: 29.236 (Best: 29.264 @epoch 283)
Total time: 14.92s

[Epoch 300]	Learning rate: 1.00e-4
[40/1120]	[L1: 0.0246]	2.6+0.0s
[80/1120]	[L1: 0.0242]	2.4+0.0s
[120/1120]	[L1: 0.0247]	2.4+0.0s
[160/1120]	[L1: 0.0256]	2.5+0.0s
[200/1120]	[L1: 0.0253]	2.5+0.0s
[240/1120]	[L1: 0.0248]	2.3+0.0s
[280/1120]	[L1: 0.0251]	2.4+0.0s
[320/1120]	[L1: 0.0255]	2.4+0.0s
[360/1120]	[L1: 0.0253]	2.3+0.0s
[400/1120]	[L1: 0.0254]	2.4+0.0s
[440/1120]	[L1: 0.0253]	2.3+0.0s
[480/1120]	[L1: 0.0256]	2.4+0.0s
[520/1120]	[L1: 0.0256]	2.3+0.0s
[560/1120]	[L1: 0.0256]	2.3+0.0s
[600/1120]	[L1: 0.0256]	2.4+0.0s
[640/1120]	[L1: 0.0258]	2.5+0.0s
[680/1120]	[L1: 0.0259]	2.5+0.0s
[720/1120]	[L1: 0.0258]	2.4+0.0s
[760/1120]	[L1: 0.0256]	2.3+0.0s
[800/1120]	[L1: 0.0256]	2.5+0.0s
[840/1120]	[L1: 0.0255]	2.4+0.0s
[880/1120]	[L1: 0.0254]	2.4+0.0s
[920/1120]	[L1: 0.0256]	2.3+0.0s
[960/1120]	[L1: 0.0258]	2.3+0.0s
[1000/1120]	[L1: 0.0257]	2.7+0.0s
[1040/1120]	[L1: 0.0258]	2.9+0.0s
[1080/1120]	[L1: 0.0260]	2.5+0.0s
[1120/1120]	[L1: 0.0259]	2.5+0.0s
Saved epoch checkpoint at epoch 300

Evaluation:
[RSSCN7 x3]	psnr: 29.233 (Best: 29.264 @epoch 283)
Total time: 14.97s

[Epoch 301]	Learning rate: 1.00e-4
[40/1120]	[L1: 0.0262]	2.5+0.0s
[80/1120]	[L1: 0.0263]	2.5+0.0s
[120/1120]	[L1: 0.0277]	2.5+0.0s
[160/1120]	[L1: 0.0267]	2.5+0.0s
[200/1120]	[L1: 0.0269]	2.3+0.0s
[240/1120]	[L1: 0.0260]	2.3+0.0s
[280/1120]	[L1: 0.0262]	2.3+0.0s
[320/1120]	[L1: 0.0262]	2.7+0.0s
[360/1120]	[L1: 0.0264]	2.8+0.0s
[400/1120]	[L1: 0.0261]	2.4+0.0s
[440/1120]	[L1: 0.0260]	2.4+0.0s
[480/1120]	[L1: 0.0259]	2.4+0.0s
[520/1120]	[L1: 0.0260]	2.4+0.0s
[560/1120]	[L1: 0.0261]	2.4+0.0s
[600/1120]	[L1: 0.0261]	2.3+0.0s
[640/1120]	[L1: 0.0262]	2.3+0.0s
[680/1120]	[L1: 0.0260]	2.3+0.0s
[720/1120]	[L1: 0.0261]	2.5+0.0s
[760/1120]	[L1: 0.0261]	2.4+0.0s
[800/1120]	[L1: 0.0265]	2.4+0.0s
[840/1120]	[L1: 0.0264]	2.3+0.0s
[880/1120]	[L1: 0.0263]	2.7+0.0s
[920/1120]	[L1: 0.0262]	2.3+0.0s
[960/1120]	[L1: 0.0261]	2.3+0.0s
[1000/1120]	[L1: 0.0262]	2.3+0.0s
[1040/1120]	[L1: 0.0262]	2.3+0.0s
[1080/1120]	[L1: 0.0259]	2.4+0.0s
[1120/1120]	[L1: 0.0260]	2.3+0.0s

Evaluation:
[RSSCN7 x3]	psnr: 29.251 (Best: 29.264 @epoch 283)
Total time: 14.87s

[Epoch 302]	Learning rate: 1.00e-4
[40/1120]	[L1: 0.0289]	2.6+0.0s
[80/1120]	[L1: 0.0273]	2.8+0.0s
[120/1120]	[L1: 0.0260]	3.0+0.0s
[160/1120]	[L1: 0.0254]	2.9+0.0s
[200/1120]	[L1: 0.0256]	2.9+0.0s
[240/1120]	[L1: 0.0254]	2.7+0.0s
[280/1120]	[L1: 0.0254]	2.6+0.0s
[320/1120]	[L1: 0.0258]	2.5+0.0s
[360/1120]	[L1: 0.0260]	2.6+0.0s
[400/1120]	[L1: 0.0259]	2.5+0.0s
[440/1120]	[L1: 0.0258]	2.7+0.0s
[480/1120]	[L1: 0.0257]	2.5+0.0s
[520/1120]	[L1: 0.0255]	2.5+0.0s
[560/1120]	[L1: 0.0256]	2.6+0.0s
[600/1120]	[L1: 0.0254]	2.3+0.0s
[640/1120]	[L1: 0.0257]	2.5+0.0s
[680/1120]	[L1: 0.0255]	2.3+0.0s
[720/1120]	[L1: 0.0257]	2.5+0.0s
[760/1120]	[L1: 0.0256]	2.3+0.0s
[800/1120]	[L1: 0.0256]	2.4+0.0s
[840/1120]	[L1: 0.0256]	2.3+0.0s
[880/1120]	[L1: 0.0258]	2.4+0.0s
[920/1120]	[L1: 0.0260]	2.3+0.0s
[960/1120]	[L1: 0.0260]	2.5+0.0s
[1000/1120]	[L1: 0.0259]	2.3+0.0s
[1040/1120]	[L1: 0.0260]	2.4+0.0s
[1080/1120]	[L1: 0.0259]	2.3+0.0s
[1120/1120]	[L1: 0.0259]	2.4+0.0s

Evaluation:
[RSSCN7 x3]	psnr: 29.247 (Best: 29.264 @epoch 283)
Total time: 14.94s

[Epoch 303]	Learning rate: 1.00e-4
[40/1120]	[L1: 0.0266]	2.4+0.0s
[80/1120]	[L1: 0.0252]	2.4+0.0s
[120/1120]	[L1: 0.0249]	2.3+0.0s
[160/1120]	[L1: 0.0253]	2.3+0.0s
[200/1120]	[L1: 0.0251]	2.4+0.0s
[240/1120]	[L1: 0.0250]	2.3+0.0s
[280/1120]	[L1: 0.0249]	2.3+0.0s
[320/1120]	[L1: 0.0254]	2.4+0.0s
[360/1120]	[L1: 0.0257]	2.3+0.0s
[400/1120]	[L1: 0.0255]	2.3+0.0s
[440/1120]	[L1: 0.0255]	2.4+0.0s
[480/1120]	[L1: 0.0254]	2.4+0.0s
[520/1120]	[L1: 0.0258]	2.4+0.0s
[560/1120]	[L1: 0.0258]	2.5+0.0s
[600/1120]	[L1: 0.0258]	2.3+0.0s
[640/1120]	[L1: 0.0256]	2.4+0.0s
[680/1120]	[L1: 0.0257]	2.3+0.0s
[720/1120]	[L1: 0.0258]	2.3+0.0s
[760/1120]	[L1: 0.0258]	2.7+0.0s
[800/1120]	[L1: 0.0256]	2.8+0.0s
[840/1120]	[L1: 0.0257]	2.8+0.0s
[880/1120]	[L1: 0.0259]	3.0+0.0s
[920/1120]	[L1: 0.0258]	2.9+0.0s
[960/1120]	[L1: 0.0258]	2.8+0.0s
[1000/1120]	[L1: 0.0257]	2.6+0.0s
[1040/1120]	[L1: 0.0258]	2.5+0.0s
[1080/1120]	[L1: 0.0258]	2.5+0.0s
[1120/1120]	[L1: 0.0258]	3.0+0.0s

Evaluation:
[RSSCN7 x3]	psnr: 29.258 (Best: 29.264 @epoch 283)
Total time: 15.03s

[Epoch 304]	Learning rate: 1.00e-4
[40/1120]	[L1: 0.0263]	2.5+0.0s
[80/1120]	[L1: 0.0251]	2.6+0.0s
[120/1120]	[L1: 0.0257]	2.5+0.0s
[160/1120]	[L1: 0.0259]	2.5+0.0s
[200/1120]	[L1: 0.0257]	2.6+0.0s
[240/1120]	[L1: 0.0253]	2.5+0.0s
[280/1120]	[L1: 0.0257]	2.5+0.0s
[320/1120]	[L1: 0.0256]	2.7+0.0s
[360/1120]	[L1: 0.0259]	2.9+0.0s
[400/1120]	[L1: 0.0258]	3.0+0.0s
[440/1120]	[L1: 0.0256]	2.5+0.0s
[480/1120]	[L1: 0.0255]	2.4+0.0s
[520/1120]	[L1: 0.0255]	2.4+0.0s
[560/1120]	[L1: 0.0254]	2.3+0.0s
[600/1120]	[L1: 0.0254]	2.3+0.0s
[640/1120]	[L1: 0.0253]	2.4+0.0s
[680/1120]	[L1: 0.0255]	2.3+0.0s
[720/1120]	[L1: 0.0256]	2.3+0.0s
[760/1120]	[L1: 0.0259]	2.9+0.0s
[800/1120]	[L1: 0.0257]	2.8+0.0s
[840/1120]	[L1: 0.0257]	2.5+0.0s
[880/1120]	[L1: 0.0257]	2.4+0.0s
[920/1120]	[L1: 0.0257]	2.3+0.0s
[960/1120]	[L1: 0.0259]	2.4+0.0s
[1000/1120]	[L1: 0.0259]	2.4+0.0s
[1040/1120]	[L1: 0.0260]	2.3+0.0s
[1080/1120]	[L1: 0.0259]	2.4+0.0s
[1120/1120]	[L1: 0.0260]	2.8+0.0s

Evaluation:
[RSSCN7 x3]	psnr: 29.244 (Best: 29.264 @epoch 283)
Total time: 14.97s

[Epoch 305]	Learning rate: 1.00e-4
[40/1120]	[L1: 0.0240]	2.5+0.0s
[80/1120]	[L1: 0.0245]	2.5+0.0s
[120/1120]	[L1: 0.0259]	2.5+0.0s
[160/1120]	[L1: 0.0266]	2.5+0.0s
[200/1120]	[L1: 0.0261]	2.4+0.0s
[240/1120]	[L1: 0.0259]	2.3+0.0s
[280/1120]	[L1: 0.0260]	2.7+0.0s
[320/1120]	[L1: 0.0258]	2.8+0.0s
[360/1120]	[L1: 0.0260]	2.8+0.0s
[400/1120]	[L1: 0.0258]	2.9+0.0s
[440/1120]	[L1: 0.0259]	2.9+0.0s
[480/1120]	[L1: 0.0262]	2.5+0.0s
[520/1120]	[L1: 0.0259]	2.6+0.0s
[560/1120]	[L1: 0.0261]	2.4+0.0s
[600/1120]	[L1: 0.0261]	2.4+0.0s
[640/1120]	[L1: 0.0261]	2.5+0.0s
[680/1120]	[L1: 0.0260]	2.4+0.0s
[720/1120]	[L1: 0.0259]	2.4+0.0s
[760/1120]	[L1: 0.0259]	2.6+0.0s
[800/1120]	[L1: 0.0261]	2.5+0.0s
[840/1120]	[L1: 0.0260]	2.5+0.0s
[880/1120]	[L1: 0.0260]	2.6+0.0s
[920/1120]	[L1: 0.0259]	2.5+0.0s
[960/1120]	[L1: 0.0259]	2.5+0.0s
[1000/1120]	[L1: 0.0260]	2.5+0.0s
[1040/1120]	[L1: 0.0260]	2.3+0.0s
[1080/1120]	[L1: 0.0260]	2.3+0.0s
[1120/1120]	[L1: 0.0261]	2.5+0.0s

Evaluation:
[RSSCN7 x3]	psnr: 29.237 (Best: 29.264 @epoch 283)
Total time: 14.95s

[Epoch 306]	Learning rate: 1.00e-4
[40/1120]	[L1: 0.0250]	2.8+0.0s
[80/1120]	[L1: 0.0253]	2.8+0.0s
[120/1120]	[L1: 0.0248]	2.7+0.0s
[160/1120]	[L1: 0.0248]	2.7+0.0s
[200/1120]	[L1: 0.0244]	2.3+0.0s
[240/1120]	[L1: 0.0252]	2.4+0.0s
[280/1120]	[L1: 0.0252]	2.5+0.0s
[320/1120]	[L1: 0.0252]	2.4+0.0s
[360/1120]	[L1: 0.0253]	2.4+0.0s
[400/1120]	[L1: 0.0252]	2.6+0.0s
[440/1120]	[L1: 0.0253]	2.8+0.0s
[480/1120]	[L1: 0.0253]	2.8+0.0s
[520/1120]	[L1: 0.0255]	2.5+0.0s
[560/1120]	[L1: 0.0256]	2.8+0.0s
[600/1120]	[L1: 0.0256]	2.8+0.0s
[640/1120]	[L1: 0.0257]	3.0+0.0s
[680/1120]	[L1: 0.0258]	2.9+0.0s
[720/1120]	[L1: 0.0258]	2.7+0.0s
[760/1120]	[L1: 0.0259]	2.6+0.0s
[800/1120]	[L1: 0.0261]	2.8+0.0s
[840/1120]	[L1: 0.0262]	2.9+0.0s
[880/1120]	[L1: 0.0263]	2.6+0.0s
[920/1120]	[L1: 0.0260]	2.5+0.0s
[960/1120]	[L1: 0.0261]	2.6+0.0s
[1000/1120]	[L1: 0.0259]	2.4+0.0s
[1040/1120]	[L1: 0.0260]	2.3+0.0s
[1080/1120]	[L1: 0.0259]	2.5+0.0s
[1120/1120]	[L1: 0.0260]	2.4+0.0s

Evaluation:
[RSSCN7 x3]	psnr: 29.241 (Best: 29.264 @epoch 283)
Total time: 14.89s

[Epoch 307]	Learning rate: 1.00e-4
[40/1120]	[L1: 0.0306]	2.6+0.0s
[80/1120]	[L1: 0.0300]	2.5+0.0s
[120/1120]	[L1: 0.0280]	2.6+0.0s
[160/1120]	[L1: 0.0279]	2.5+0.0s
[200/1120]	[L1: 0.0273]	2.4+0.0s
[240/1120]	[L1: 0.0266]	2.3+0.0s
[280/1120]	[L1: 0.0264]	2.4+0.0s
[320/1120]	[L1: 0.0263]	2.3+0.0s
[360/1120]	[L1: 0.0263]	2.4+0.0s
[400/1120]	[L1: 0.0267]	2.4+0.0s
[440/1120]	[L1: 0.0265]	2.4+0.0s
[480/1120]	[L1: 0.0264]	2.5+0.0s
[520/1120]	[L1: 0.0264]	2.6+0.0s
[560/1120]	[L1: 0.0265]	2.5+0.0s
[600/1120]	[L1: 0.0263]	2.5+0.0s
[640/1120]	[L1: 0.0267]	2.7+0.0s
[680/1120]	[L1: 0.0266]	2.7+0.0s
[720/1120]	[L1: 0.0265]	3.0+0.0s
[760/1120]	[L1: 0.0267]	2.5+0.0s
[800/1120]	[L1: 0.0266]	2.6+0.0s
[840/1120]	[L1: 0.0266]	2.5+0.0s
[880/1120]	[L1: 0.0266]	2.5+0.0s
[920/1120]	[L1: 0.0264]	2.3+0.0s
[960/1120]	[L1: 0.0264]	2.4+0.0s
[1000/1120]	[L1: 0.0262]	2.3+0.0s
[1040/1120]	[L1: 0.0262]	2.4+0.0s
[1080/1120]	[L1: 0.0261]	2.3+0.0s
[1120/1120]	[L1: 0.0260]	2.4+0.0s

Evaluation:
[RSSCN7 x3]	psnr: 29.266 (Best: 29.266 @epoch 307)
Total time: 14.88s

[Epoch 308]	Learning rate: 1.00e-4
[40/1120]	[L1: 0.0237]	2.5+0.0s
[80/1120]	[L1: 0.0239]	3.0+0.0s
[120/1120]	[L1: 0.0256]	2.9+0.0s
[160/1120]	[L1: 0.0260]	2.6+0.0s
[200/1120]	[L1: 0.0257]	2.5+0.0s
[240/1120]	[L1: 0.0257]	2.5+0.0s
[280/1120]	[L1: 0.0254]	2.7+0.0s
[320/1120]	[L1: 0.0260]	2.8+0.0s
[360/1120]	[L1: 0.0257]	2.5+0.0s
[400/1120]	[L1: 0.0262]	2.4+0.0s
[440/1120]	[L1: 0.0263]	2.3+0.0s
[480/1120]	[L1: 0.0261]	2.4+0.0s
[520/1120]	[L1: 0.0259]	2.4+0.0s
[560/1120]	[L1: 0.0257]	2.6+0.0s
[600/1120]	[L1: 0.0260]	2.5+0.0s
[640/1120]	[L1: 0.0260]	2.5+0.0s
[680/1120]	[L1: 0.0261]	2.5+0.0s
[720/1120]	[L1: 0.0264]	3.0+0.0s
[760/1120]	[L1: 0.0263]	2.9+0.0s
[800/1120]	[L1: 0.0262]	2.9+0.0s
[840/1120]	[L1: 0.0261]	3.1+0.0s
[880/1120]	[L1: 0.0260]	2.9+0.0s
[920/1120]	[L1: 0.0259]	2.6+0.0s
[960/1120]	[L1: 0.0259]	2.5+0.0s
[1000/1120]	[L1: 0.0259]	2.6+0.0s
[1040/1120]	[L1: 0.0260]	2.5+0.0s
[1080/1120]	[L1: 0.0259]	2.5+0.0s
[1120/1120]	[L1: 0.0260]	2.4+0.0s

Evaluation:
[RSSCN7 x3]	psnr: 29.249 (Best: 29.266 @epoch 307)
Total time: 14.95s

[Epoch 309]	Learning rate: 1.00e-4
[40/1120]	[L1: 0.0263]	2.5+0.0s
[80/1120]	[L1: 0.0269]	2.5+0.0s
[120/1120]	[L1: 0.0262]	2.5+0.0s
[160/1120]	[L1: 0.0257]	2.5+0.0s
[200/1120]	[L1: 0.0258]	2.5+0.0s
[240/1120]	[L1: 0.0257]	2.6+0.0s
[280/1120]	[L1: 0.0260]	2.5+0.0s
[320/1120]	[L1: 0.0258]	2.7+0.0s
[360/1120]	[L1: 0.0260]	2.9+0.0s
[400/1120]	[L1: 0.0259]	2.6+0.0s
[440/1120]	[L1: 0.0259]	2.5+0.0s
[480/1120]	[L1: 0.0256]	2.5+0.0s
[520/1120]	[L1: 0.0258]	2.5+0.0s
[560/1120]	[L1: 0.0255]	2.5+0.0s
[600/1120]	[L1: 0.0254]	2.5+0.0s
[640/1120]	[L1: 0.0254]	2.4+0.0s
[680/1120]	[L1: 0.0254]	2.6+0.0s
[720/1120]	[L1: 0.0256]	2.5+0.0s
[760/1120]	[L1: 0.0255]	2.5+0.0s
[800/1120]	[L1: 0.0257]	2.4+0.0s
[840/1120]	[L1: 0.0256]	2.4+0.0s
[880/1120]	[L1: 0.0257]	2.4+0.0s
[920/1120]	[L1: 0.0257]	2.3+0.0s
[960/1120]	[L1: 0.0259]	2.3+0.0s
[1000/1120]	[L1: 0.0260]	2.3+0.0s
[1040/1120]	[L1: 0.0260]	2.4+0.0s
[1080/1120]	[L1: 0.0261]	2.6+0.0s
[1120/1120]	[L1: 0.0260]	2.8+0.0s

Evaluation:
[RSSCN7 x3]	psnr: 29.254 (Best: 29.266 @epoch 307)
Total time: 14.94s

[Epoch 310]	Learning rate: 1.00e-4
[40/1120]	[L1: 0.0257]	2.5+0.1s
[80/1120]	[L1: 0.0258]	2.5+0.0s
[120/1120]	[L1: 0.0258]	2.8+0.0s
[160/1120]	[L1: 0.0264]	2.7+0.0s
[200/1120]	[L1: 0.0263]	2.3+0.0s
[240/1120]	[L1: 0.0258]	2.4+0.0s
[280/1120]	[L1: 0.0261]	2.3+0.0s
[320/1120]	[L1: 0.0265]	2.3+0.0s
[360/1120]	[L1: 0.0266]	2.3+0.0s
[400/1120]	[L1: 0.0266]	2.3+0.0s
[440/1120]	[L1: 0.0261]	2.3+0.0s
[480/1120]	[L1: 0.0263]	2.3+0.0s
[520/1120]	[L1: 0.0263]	2.3+0.0s
[560/1120]	[L1: 0.0261]	2.3+0.0s
[600/1120]	[L1: 0.0262]	2.7+0.0s
[640/1120]	[L1: 0.0262]	2.8+0.0s
[680/1120]	[L1: 0.0263]	2.7+0.0s
[720/1120]	[L1: 0.0263]	2.5+0.0s
[760/1120]	[L1: 0.0264]	2.5+0.0s
[800/1120]	[L1: 0.0264]	2.4+0.0s
[840/1120]	[L1: 0.0263]	2.4+0.0s
[880/1120]	[L1: 0.0264]	2.3+0.0s
[920/1120]	[L1: 0.0262]	2.3+0.0s
[960/1120]	[L1: 0.0262]	2.4+0.0s
[1000/1120]	[L1: 0.0261]	2.4+0.0s
[1040/1120]	[L1: 0.0260]	2.5+0.0s
[1080/1120]	[L1: 0.0261]	2.4+0.0s
[1120/1120]	[L1: 0.0261]	2.4+0.0s

Evaluation:
[RSSCN7 x3]	psnr: 29.258 (Best: 29.266 @epoch 307)
Total time: 14.91s

[Epoch 311]	Learning rate: 1.00e-4
[40/1120]	[L1: 0.0221]	2.5+0.0s
[80/1120]	[L1: 0.0238]	2.4+0.0s
[120/1120]	[L1: 0.0234]	2.3+0.0s
[160/1120]	[L1: 0.0239]	2.4+0.0s
[200/1120]	[L1: 0.0252]	2.3+0.0s
[240/1120]	[L1: 0.0258]	2.4+0.0s
[280/1120]	[L1: 0.0262]	2.4+0.0s
[320/1120]	[L1: 0.0265]	2.3+0.0s
[360/1120]	[L1: 0.0265]	2.4+0.0s
[400/1120]	[L1: 0.0263]	2.4+0.0s
[440/1120]	[L1: 0.0264]	2.4+0.0s
[480/1120]	[L1: 0.0262]	2.4+0.0s
[520/1120]	[L1: 0.0261]	2.3+0.0s
[560/1120]	[L1: 0.0260]	2.3+0.0s
[600/1120]	[L1: 0.0260]	2.4+0.0s
[640/1120]	[L1: 0.0261]	2.3+0.0s
[680/1120]	[L1: 0.0259]	2.3+0.0s
[720/1120]	[L1: 0.0258]	2.3+0.0s
[760/1120]	[L1: 0.0256]	2.3+0.0s
[800/1120]	[L1: 0.0257]	2.4+0.0s
[840/1120]	[L1: 0.0257]	2.3+0.0s
[880/1120]	[L1: 0.0258]	2.3+0.0s
[920/1120]	[L1: 0.0256]	2.4+0.0s
[960/1120]	[L1: 0.0258]	2.4+0.0s
[1000/1120]	[L1: 0.0259]	2.5+0.0s
[1040/1120]	[L1: 0.0261]	2.6+0.0s
[1080/1120]	[L1: 0.0260]	2.4+0.0s
[1120/1120]	[L1: 0.0261]	2.4+0.0s

Evaluation:
[RSSCN7 x3]	psnr: 29.253 (Best: 29.266 @epoch 307)
Total time: 14.95s

[Epoch 312]	Learning rate: 1.00e-4
[40/1120]	[L1: 0.0294]	2.6+0.0s
[80/1120]	[L1: 0.0271]	2.5+0.0s
[120/1120]	[L1: 0.0269]	2.5+0.0s
[160/1120]	[L1: 0.0265]	2.4+0.0s
[200/1120]	[L1: 0.0264]	2.5+0.0s
[240/1120]	[L1: 0.0267]	2.4+0.0s
[280/1120]	[L1: 0.0267]	2.8+0.0s
[320/1120]	[L1: 0.0263]	2.8+0.0s
[360/1120]	[L1: 0.0262]	2.8+0.0s
[400/1120]	[L1: 0.0260]	2.7+0.0s
[440/1120]	[L1: 0.0259]	2.5+0.0s
[480/1120]	[L1: 0.0259]	2.9+0.0s
[520/1120]	[L1: 0.0257]	2.6+0.0s
[560/1120]	[L1: 0.0260]	2.9+0.0s
[600/1120]	[L1: 0.0258]	2.6+0.0s
[640/1120]	[L1: 0.0259]	2.5+0.0s
[680/1120]	[L1: 0.0258]	2.5+0.0s
[720/1120]	[L1: 0.0256]	2.4+0.0s
[760/1120]	[L1: 0.0258]	2.5+0.0s
[800/1120]	[L1: 0.0258]	2.4+0.0s
[840/1120]	[L1: 0.0259]	2.4+0.0s
[880/1120]	[L1: 0.0261]	2.3+0.0s
[920/1120]	[L1: 0.0261]	2.3+0.0s
[960/1120]	[L1: 0.0262]	2.4+0.0s
[1000/1120]	[L1: 0.0263]	2.3+0.0s
[1040/1120]	[L1: 0.0261]	2.3+0.0s
[1080/1120]	[L1: 0.0259]	2.8+0.0s
[1120/1120]	[L1: 0.0259]	3.1+0.0s

Evaluation:
[RSSCN7 x3]	psnr: 29.220 (Best: 29.266 @epoch 307)
Total time: 14.96s

[Epoch 313]	Learning rate: 1.00e-4
[40/1120]	[L1: 0.0231]	2.5+0.1s
[80/1120]	[L1: 0.0249]	2.4+0.0s
[120/1120]	[L1: 0.0249]	2.4+0.0s
[160/1120]	[L1: 0.0248]	2.5+0.0s
[200/1120]	[L1: 0.0253]	2.5+0.0s
[240/1120]	[L1: 0.0256]	2.5+0.0s
[280/1120]	[L1: 0.0257]	2.5+0.0s
[320/1120]	[L1: 0.0262]	2.4+0.0s
[360/1120]	[L1: 0.0263]	2.4+0.0s
[400/1120]	[L1: 0.0262]	2.5+0.0s
[440/1120]	[L1: 0.0263]	2.4+0.0s
[480/1120]	[L1: 0.0262]	2.3+0.0s
[520/1120]	[L1: 0.0260]	2.4+0.0s
[560/1120]	[L1: 0.0262]	2.3+0.0s
[600/1120]	[L1: 0.0263]	2.3+0.0s
[640/1120]	[L1: 0.0262]	2.4+0.0s
[680/1120]	[L1: 0.0261]	2.3+0.0s
[720/1120]	[L1: 0.0260]	2.5+0.0s
[760/1120]	[L1: 0.0258]	2.3+0.0s
[800/1120]	[L1: 0.0259]	2.4+0.0s
[840/1120]	[L1: 0.0259]	2.3+0.0s
[880/1120]	[L1: 0.0260]	2.5+0.0s
[920/1120]	[L1: 0.0258]	2.5+0.0s
[960/1120]	[L1: 0.0258]	2.4+0.0s
[1000/1120]	[L1: 0.0259]	2.7+0.0s
[1040/1120]	[L1: 0.0261]	2.5+0.0s
[1080/1120]	[L1: 0.0259]	2.4+0.0s
[1120/1120]	[L1: 0.0260]	2.5+0.0s

Evaluation:
[RSSCN7 x3]	psnr: 29.248 (Best: 29.266 @epoch 307)
Total time: 14.95s

[Epoch 314]	Learning rate: 1.00e-4
[40/1120]	[L1: 0.0256]	3.0+0.0s
[80/1120]	[L1: 0.0250]	2.9+0.0s
[120/1120]	[L1: 0.0257]	2.8+0.0s
[160/1120]	[L1: 0.0265]	3.1+0.0s
[200/1120]	[L1: 0.0264]	2.9+0.0s
[240/1120]	[L1: 0.0263]	2.9+0.0s
[280/1120]	[L1: 0.0263]	2.5+0.0s
[320/1120]	[L1: 0.0264]	2.5+0.0s
[360/1120]	[L1: 0.0266]	2.5+0.0s
[400/1120]	[L1: 0.0269]	2.5+0.0s
[440/1120]	[L1: 0.0267]	2.5+0.0s
[480/1120]	[L1: 0.0263]	2.4+0.0s
[520/1120]	[L1: 0.0263]	2.6+0.0s
[560/1120]	[L1: 0.0262]	2.4+0.0s
[600/1120]	[L1: 0.0263]	2.4+0.0s
[640/1120]	[L1: 0.0264]	2.5+0.0s
[680/1120]	[L1: 0.0265]	2.6+0.0s
[720/1120]	[L1: 0.0264]	2.9+0.0s
[760/1120]	[L1: 0.0262]	2.8+0.0s
[800/1120]	[L1: 0.0261]	2.5+0.0s
[840/1120]	[L1: 0.0263]	2.8+0.0s
[880/1120]	[L1: 0.0262]	2.7+0.0s
[920/1120]	[L1: 0.0262]	2.5+0.0s
[960/1120]	[L1: 0.0263]	2.4+0.0s
[1000/1120]	[L1: 0.0263]	2.4+0.0s
[1040/1120]	[L1: 0.0264]	2.5+0.0s
[1080/1120]	[L1: 0.0261]	2.5+0.0s
[1120/1120]	[L1: 0.0260]	2.4+0.0s

Evaluation:
[RSSCN7 x3]	psnr: 29.230 (Best: 29.266 @epoch 307)
Total time: 14.89s

[Epoch 315]	Learning rate: 1.00e-4
[40/1120]	[L1: 0.0259]	2.6+0.0s
[80/1120]	[L1: 0.0277]	2.5+0.0s
[120/1120]	[L1: 0.0278]	2.6+0.0s
[160/1120]	[L1: 0.0277]	2.5+0.0s
[200/1120]	[L1: 0.0263]	2.8+0.0s
[240/1120]	[L1: 0.0265]	3.0+0.0s
[280/1120]	[L1: 0.0264]	2.5+0.0s
[320/1120]	[L1: 0.0265]	2.6+0.0s
[360/1120]	[L1: 0.0261]	2.5+0.0s
[400/1120]	[L1: 0.0262]	2.5+0.0s
[440/1120]	[L1: 0.0263]	2.6+0.0s
[480/1120]	[L1: 0.0262]	2.5+0.0s
[520/1120]	[L1: 0.0264]	2.6+0.0s
[560/1120]	[L1: 0.0261]	2.5+0.0s
[600/1120]	[L1: 0.0263]	2.8+0.0s
[640/1120]	[L1: 0.0264]	2.6+0.0s
[680/1120]	[L1: 0.0265]	2.9+0.0s
[720/1120]	[L1: 0.0264]	3.1+0.0s
[760/1120]	[L1: 0.0263]	2.6+0.0s
[800/1120]	[L1: 0.0262]	2.5+0.0s
[840/1120]	[L1: 0.0261]	2.6+0.0s
[880/1120]	[L1: 0.0261]	2.9+0.0s
[920/1120]	[L1: 0.0260]	2.8+0.0s
[960/1120]	[L1: 0.0261]	2.5+0.0s
[1000/1120]	[L1: 0.0260]	2.7+0.0s
[1040/1120]	[L1: 0.0261]	2.6+0.0s
[1080/1120]	[L1: 0.0260]	2.5+0.0s
[1120/1120]	[L1: 0.0260]	2.5+0.0s

Evaluation:
[RSSCN7 x3]	psnr: 29.251 (Best: 29.266 @epoch 307)
Total time: 15.00s

[Epoch 316]	Learning rate: 1.00e-4
[40/1120]	[L1: 0.0243]	2.5+0.1s
[80/1120]	[L1: 0.0245]	2.5+0.0s
[120/1120]	[L1: 0.0244]	2.6+0.0s
[160/1120]	[L1: 0.0259]	2.8+0.0s
[200/1120]	[L1: 0.0263]	2.5+0.0s
[240/1120]	[L1: 0.0259]	2.5+0.0s
[280/1120]	[L1: 0.0257]	2.4+0.0s
[320/1120]	[L1: 0.0258]	2.4+0.0s
[360/1120]	[L1: 0.0260]	2.4+0.0s
[400/1120]	[L1: 0.0260]	2.4+0.0s
[440/1120]	[L1: 0.0260]	2.3+0.0s
[480/1120]	[L1: 0.0261]	2.3+0.0s
[520/1120]	[L1: 0.0261]	2.4+0.0s
[560/1120]	[L1: 0.0263]	2.7+0.0s
[600/1120]	[L1: 0.0263]	2.8+0.0s
[640/1120]	[L1: 0.0264]	2.5+0.0s
[680/1120]	[L1: 0.0263]	2.5+0.0s
[720/1120]	[L1: 0.0263]	2.4+0.0s
[760/1120]	[L1: 0.0263]	2.4+0.0s
[800/1120]	[L1: 0.0263]	2.3+0.0s
[840/1120]	[L1: 0.0262]	2.5+0.0s
[880/1120]	[L1: 0.0262]	2.4+0.0s
[920/1120]	[L1: 0.0262]	2.4+0.0s
[960/1120]	[L1: 0.0261]	2.5+0.0s
[1000/1120]	[L1: 0.0261]	2.4+0.0s
[1040/1120]	[L1: 0.0259]	2.4+0.0s
[1080/1120]	[L1: 0.0259]	2.4+0.0s
[1120/1120]	[L1: 0.0259]	2.5+0.0s

Evaluation:
[RSSCN7 x3]	psnr: 29.268 (Best: 29.268 @epoch 316)
Total time: 14.99s

[Epoch 317]	Learning rate: 1.00e-4
[40/1120]	[L1: 0.0234]	2.6+0.0s
[80/1120]	[L1: 0.0241]	2.6+0.0s
[120/1120]	[L1: 0.0267]	2.5+0.0s
[160/1120]	[L1: 0.0257]	2.5+0.0s
[200/1120]	[L1: 0.0265]	2.5+0.0s
[240/1120]	[L1: 0.0265]	2.8+0.0s
[280/1120]	[L1: 0.0261]	2.8+0.0s
[320/1120]	[L1: 0.0261]	2.9+0.0s
[360/1120]	[L1: 0.0262]	3.0+0.0s
[400/1120]	[L1: 0.0260]	2.9+0.0s
[440/1120]	[L1: 0.0256]	2.8+0.0s
[480/1120]	[L1: 0.0256]	2.8+0.0s
[520/1120]	[L1: 0.0254]	2.9+0.0s
[560/1120]	[L1: 0.0256]	2.9+0.0s
[600/1120]	[L1: 0.0254]	2.9+0.0s
[640/1120]	[L1: 0.0254]	2.9+0.0s
[680/1120]	[L1: 0.0254]	3.0+0.0s
[720/1120]	[L1: 0.0255]	2.9+0.0s
[760/1120]	[L1: 0.0256]	2.6+0.0s
[800/1120]	[L1: 0.0256]	2.7+0.0s
[840/1120]	[L1: 0.0258]	2.6+0.0s
[880/1120]	[L1: 0.0259]	2.9+0.0s
[920/1120]	[L1: 0.0258]	2.9+0.0s
[960/1120]	[L1: 0.0258]	2.7+0.0s
[1000/1120]	[L1: 0.0258]	2.6+0.0s
[1040/1120]	[L1: 0.0258]	2.5+0.0s
[1080/1120]	[L1: 0.0259]	2.4+0.0s
[1120/1120]	[L1: 0.0259]	2.4+0.0s

Evaluation:
[RSSCN7 x3]	psnr: 29.234 (Best: 29.268 @epoch 316)
Total time: 15.01s

[Epoch 318]	Learning rate: 1.00e-4
[40/1120]	[L1: 0.0225]	2.9+0.0s
[80/1120]	[L1: 0.0234]	3.1+0.0s
[120/1120]	[L1: 0.0264]	2.7+0.0s
[160/1120]	[L1: 0.0261]	2.5+0.0s
[200/1120]	[L1: 0.0262]	2.6+0.0s
[240/1120]	[L1: 0.0256]	2.5+0.0s
[280/1120]	[L1: 0.0256]	2.6+0.0s
[320/1120]	[L1: 0.0261]	2.4+0.0s
[360/1120]	[L1: 0.0263]	2.3+0.0s
[400/1120]	[L1: 0.0264]	2.4+0.0s
[440/1120]	[L1: 0.0263]	2.4+0.0s
[480/1120]	[L1: 0.0262]	2.9+0.0s
[520/1120]	[L1: 0.0261]	2.4+0.0s
[560/1120]	[L1: 0.0261]	2.4+0.0s
[600/1120]	[L1: 0.0260]	2.6+0.0s
[640/1120]	[L1: 0.0262]	2.5+0.0s
[680/1120]	[L1: 0.0260]	2.6+0.0s
[720/1120]	[L1: 0.0262]	2.5+0.0s
[760/1120]	[L1: 0.0262]	2.5+0.0s
[800/1120]	[L1: 0.0263]	3.0+0.0s
[840/1120]	[L1: 0.0263]	2.9+0.0s
[880/1120]	[L1: 0.0263]	3.0+0.0s
[920/1120]	[L1: 0.0264]	3.0+0.0s
[960/1120]	[L1: 0.0264]	2.9+0.0s
[1000/1120]	[L1: 0.0264]	3.1+0.0s
[1040/1120]	[L1: 0.0262]	3.0+0.0s
[1080/1120]	[L1: 0.0260]	3.1+0.0s
[1120/1120]	[L1: 0.0260]	2.8+0.0s

Evaluation:
[RSSCN7 x3]	psnr: 29.246 (Best: 29.268 @epoch 316)
Total time: 14.92s

[Epoch 319]	Learning rate: 1.00e-4
[40/1120]	[L1: 0.0268]	2.6+0.0s
[80/1120]	[L1: 0.0239]	2.6+0.0s
[120/1120]	[L1: 0.0231]	2.6+0.0s
[160/1120]	[L1: 0.0233]	2.9+0.0s
[200/1120]	[L1: 0.0241]	2.9+0.0s
[240/1120]	[L1: 0.0242]	2.7+0.0s
[280/1120]	[L1: 0.0251]	2.5+0.0s
[320/1120]	[L1: 0.0253]	2.5+0.0s
[360/1120]	[L1: 0.0255]	2.7+0.0s
[400/1120]	[L1: 0.0252]	2.8+0.0s
[440/1120]	[L1: 0.0254]	2.4+0.0s
[480/1120]	[L1: 0.0251]	2.3+0.0s
[520/1120]	[L1: 0.0252]	2.4+0.0s
[560/1120]	[L1: 0.0251]	2.4+0.0s
[600/1120]	[L1: 0.0253]	2.6+0.0s
[640/1120]	[L1: 0.0254]	2.8+0.0s
[680/1120]	[L1: 0.0255]	2.5+0.0s
[720/1120]	[L1: 0.0254]	2.5+0.0s
[760/1120]	[L1: 0.0255]	2.5+0.0s
[800/1120]	[L1: 0.0254]	2.6+0.0s
[840/1120]	[L1: 0.0256]	2.5+0.0s
[880/1120]	[L1: 0.0256]	2.6+0.0s
[920/1120]	[L1: 0.0257]	2.6+0.0s
[960/1120]	[L1: 0.0259]	2.5+0.0s
[1000/1120]	[L1: 0.0257]	2.5+0.0s
[1040/1120]	[L1: 0.0256]	2.6+0.0s
[1080/1120]	[L1: 0.0256]	2.9+0.0s
[1120/1120]	[L1: 0.0257]	2.6+0.0s

Evaluation:
[RSSCN7 x3]	psnr: 29.250 (Best: 29.268 @epoch 316)
Total time: 14.99s

[Epoch 320]	Learning rate: 1.00e-4
[40/1120]	[L1: 0.0266]	2.6+0.0s
[80/1120]	[L1: 0.0256]	2.4+0.0s
[120/1120]	[L1: 0.0260]	2.4+0.0s
[160/1120]	[L1: 0.0264]	2.3+0.0s
[200/1120]	[L1: 0.0264]	2.3+0.0s
[240/1120]	[L1: 0.0273]	2.4+0.0s
[280/1120]	[L1: 0.0268]	2.3+0.0s
[320/1120]	[L1: 0.0268]	2.4+0.0s
[360/1120]	[L1: 0.0264]	2.4+0.0s
[400/1120]	[L1: 0.0266]	2.5+0.0s
[440/1120]	[L1: 0.0267]	2.4+0.0s
[480/1120]	[L1: 0.0267]	2.3+0.0s
[520/1120]	[L1: 0.0268]	2.4+0.0s
[560/1120]	[L1: 0.0266]	2.5+0.0s
[600/1120]	[L1: 0.0265]	2.5+0.0s
[640/1120]	[L1: 0.0267]	2.4+0.0s
[680/1120]	[L1: 0.0266]	2.3+0.0s
[720/1120]	[L1: 0.0266]	2.3+0.0s
[760/1120]	[L1: 0.0264]	2.4+0.0s
[800/1120]	[L1: 0.0263]	2.3+0.0s
[840/1120]	[L1: 0.0263]	2.3+0.0s
[880/1120]	[L1: 0.0263]	2.4+0.0s
[920/1120]	[L1: 0.0262]	2.3+0.0s
[960/1120]	[L1: 0.0261]	2.4+0.0s
[1000/1120]	[L1: 0.0261]	2.3+0.0s
[1040/1120]	[L1: 0.0260]	2.3+0.0s
[1080/1120]	[L1: 0.0261]	2.4+0.0s
[1120/1120]	[L1: 0.0260]	2.4+0.0s

Evaluation:
[RSSCN7 x3]	psnr: 29.272 (Best: 29.272 @epoch 320)
Total time: 14.91s

[Epoch 321]	Learning rate: 1.00e-4
[40/1120]	[L1: 0.0219]	2.5+0.0s
[80/1120]	[L1: 0.0220]	2.4+0.0s
[120/1120]	[L1: 0.0227]	2.5+0.0s
[160/1120]	[L1: 0.0233]	2.4+0.0s
[200/1120]	[L1: 0.0238]	2.4+0.0s
[240/1120]	[L1: 0.0239]	2.4+0.0s
[280/1120]	[L1: 0.0244]	2.5+0.0s
[320/1120]	[L1: 0.0245]	2.3+0.0s
[360/1120]	[L1: 0.0246]	2.3+0.0s
[400/1120]	[L1: 0.0246]	2.4+0.0s
[440/1120]	[L1: 0.0249]	2.4+0.0s
[480/1120]	[L1: 0.0248]	2.3+0.0s
[520/1120]	[L1: 0.0249]	2.8+0.0s
[560/1120]	[L1: 0.0252]	2.8+0.0s
[600/1120]	[L1: 0.0252]	2.9+0.0s
[640/1120]	[L1: 0.0255]	2.5+0.0s
[680/1120]	[L1: 0.0254]	2.5+0.0s
[720/1120]	[L1: 0.0255]	2.5+0.0s
[760/1120]	[L1: 0.0256]	2.4+0.0s
[800/1120]	[L1: 0.0258]	2.4+0.0s
[840/1120]	[L1: 0.0258]	2.4+0.0s
[880/1120]	[L1: 0.0259]	2.6+0.0s
[920/1120]	[L1: 0.0260]	2.5+0.0s
[960/1120]	[L1: 0.0259]	2.5+0.0s
[1000/1120]	[L1: 0.0260]	2.5+0.0s
[1040/1120]	[L1: 0.0260]	2.6+0.0s
[1080/1120]	[L1: 0.0262]	2.5+0.0s
[1120/1120]	[L1: 0.0260]	2.5+0.0s

Evaluation:
[RSSCN7 x3]	psnr: 29.275 (Best: 29.275 @epoch 321)
Total time: 14.92s

[Epoch 322]	Learning rate: 1.00e-4
[40/1120]	[L1: 0.0258]	2.6+0.0s
[80/1120]	[L1: 0.0256]	2.9+0.0s
[120/1120]	[L1: 0.0261]	2.7+0.0s
[160/1120]	[L1: 0.0254]	2.5+0.0s
[200/1120]	[L1: 0.0257]	2.7+0.0s
[240/1120]	[L1: 0.0255]	2.7+0.0s
[280/1120]	[L1: 0.0255]	2.3+0.0s
[320/1120]	[L1: 0.0254]	2.3+0.0s
[360/1120]	[L1: 0.0253]	2.3+0.0s
[400/1120]	[L1: 0.0254]	2.4+0.0s
[440/1120]	[L1: 0.0251]	2.3+0.0s
[480/1120]	[L1: 0.0250]	2.4+0.0s
[520/1120]	[L1: 0.0250]	2.3+0.0s
[560/1120]	[L1: 0.0252]	2.4+0.0s
[600/1120]	[L1: 0.0252]	2.3+0.0s
[640/1120]	[L1: 0.0250]	2.3+0.0s
[680/1120]	[L1: 0.0252]	2.3+0.0s
[720/1120]	[L1: 0.0256]	2.3+0.0s
[760/1120]	[L1: 0.0259]	2.4+0.0s
[800/1120]	[L1: 0.0258]	2.3+0.0s
[840/1120]	[L1: 0.0258]	2.3+0.0s
[880/1120]	[L1: 0.0259]	2.3+0.0s
[920/1120]	[L1: 0.0258]	2.4+0.0s
[960/1120]	[L1: 0.0257]	2.3+0.0s
[1000/1120]	[L1: 0.0255]	2.3+0.0s
[1040/1120]	[L1: 0.0257]	2.3+0.0s
[1080/1120]	[L1: 0.0258]	2.3+0.0s
[1120/1120]	[L1: 0.0260]	2.5+0.0s

Evaluation:
[RSSCN7 x3]	psnr: 29.261 (Best: 29.275 @epoch 321)
Total time: 14.95s

[Epoch 323]	Learning rate: 1.00e-4
[40/1120]	[L1: 0.0266]	2.5+0.0s
[80/1120]	[L1: 0.0258]	2.5+0.0s
[120/1120]	[L1: 0.0265]	2.6+0.0s
[160/1120]	[L1: 0.0264]	2.5+0.0s
[200/1120]	[L1: 0.0268]	2.7+0.0s
[240/1120]	[L1: 0.0265]	2.9+0.0s
[280/1120]	[L1: 0.0264]	3.0+0.0s
[320/1120]	[L1: 0.0266]	2.4+0.0s
[360/1120]	[L1: 0.0269]	2.5+0.0s
[400/1120]	[L1: 0.0265]	2.5+0.0s
[440/1120]	[L1: 0.0261]	2.7+0.0s
[480/1120]	[L1: 0.0262]	3.0+0.0s
[520/1120]	[L1: 0.0261]	2.8+0.0s
[560/1120]	[L1: 0.0260]	2.6+0.0s
[600/1120]	[L1: 0.0259]	2.4+0.0s
[640/1120]	[L1: 0.0258]	2.4+0.0s
[680/1120]	[L1: 0.0260]	2.7+0.0s
[720/1120]	[L1: 0.0261]	2.8+0.0s
[760/1120]	[L1: 0.0258]	2.9+0.0s
[800/1120]	[L1: 0.0258]	2.8+0.0s
[840/1120]	[L1: 0.0257]	2.5+0.0s
[880/1120]	[L1: 0.0256]	2.3+0.0s
[920/1120]	[L1: 0.0256]	2.3+0.0s
[960/1120]	[L1: 0.0256]	2.3+0.0s
[1000/1120]	[L1: 0.0255]	2.4+0.0s
[1040/1120]	[L1: 0.0257]	2.4+0.0s
[1080/1120]	[L1: 0.0258]	2.3+0.0s
[1120/1120]	[L1: 0.0260]	2.3+0.0s

Evaluation:
[RSSCN7 x3]	psnr: 29.255 (Best: 29.275 @epoch 321)
Total time: 14.93s

[Epoch 324]	Learning rate: 1.00e-4
[40/1120]	[L1: 0.0221]	2.5+0.0s
[80/1120]	[L1: 0.0244]	2.4+0.0s
[120/1120]	[L1: 0.0254]	2.5+0.0s
[160/1120]	[L1: 0.0257]	2.3+0.0s
[200/1120]	[L1: 0.0266]	2.4+0.0s
[240/1120]	[L1: 0.0267]	2.3+0.0s
[280/1120]	[L1: 0.0264]	2.5+0.0s
[320/1120]	[L1: 0.0264]	2.4+0.0s
[360/1120]	[L1: 0.0263]	2.9+0.0s
[400/1120]	[L1: 0.0259]	2.7+0.0s
[440/1120]	[L1: 0.0257]	2.4+0.0s
[480/1120]	[L1: 0.0256]	2.4+0.0s
[520/1120]	[L1: 0.0256]	2.5+0.0s
[560/1120]	[L1: 0.0254]	2.4+0.0s
[600/1120]	[L1: 0.0256]	2.5+0.0s
[640/1120]	[L1: 0.0255]	2.5+0.0s
[680/1120]	[L1: 0.0257]	2.6+0.0s
[720/1120]	[L1: 0.0257]	2.5+0.0s
[760/1120]	[L1: 0.0256]	2.5+0.0s
[800/1120]	[L1: 0.0257]	2.7+0.0s
[840/1120]	[L1: 0.0256]	2.7+0.0s
[880/1120]	[L1: 0.0256]	3.1+0.0s
[920/1120]	[L1: 0.0255]	3.0+0.0s
[960/1120]	[L1: 0.0256]	3.1+0.0s
[1000/1120]	[L1: 0.0258]	3.0+0.0s
[1040/1120]	[L1: 0.0259]	3.0+0.0s
[1080/1120]	[L1: 0.0259]	2.7+0.0s
[1120/1120]	[L1: 0.0259]	2.9+0.0s

Evaluation:
[RSSCN7 x3]	psnr: 29.261 (Best: 29.275 @epoch 321)
Total time: 14.95s

[Epoch 325]	Learning rate: 1.00e-4
[40/1120]	[L1: 0.0284]	2.5+0.0s
[80/1120]	[L1: 0.0273]	2.8+0.0s
[120/1120]	[L1: 0.0256]	2.9+0.0s
[160/1120]	[L1: 0.0265]	2.6+0.0s
[200/1120]	[L1: 0.0259]	2.5+0.0s
[240/1120]	[L1: 0.0258]	2.5+0.0s
[280/1120]	[L1: 0.0262]	2.5+0.0s
[320/1120]	[L1: 0.0266]	2.3+0.0s
[360/1120]	[L1: 0.0265]	2.9+0.0s
[400/1120]	[L1: 0.0261]	3.0+0.0s
[440/1120]	[L1: 0.0261]	2.9+0.0s
[480/1120]	[L1: 0.0264]	2.8+0.0s
[520/1120]	[L1: 0.0264]	2.6+0.0s
[560/1120]	[L1: 0.0263]	2.7+0.0s
[600/1120]	[L1: 0.0263]	2.8+0.0s
[640/1120]	[L1: 0.0265]	3.0+0.0s
[680/1120]	[L1: 0.0265]	2.6+0.0s
[720/1120]	[L1: 0.0264]	2.3+0.0s
[760/1120]	[L1: 0.0263]	2.4+0.0s
[800/1120]	[L1: 0.0263]	2.3+0.0s
[840/1120]	[L1: 0.0262]	2.3+0.0s
[880/1120]	[L1: 0.0261]	2.4+0.0s
[920/1120]	[L1: 0.0261]	2.3+0.0s
[960/1120]	[L1: 0.0261]	2.7+0.0s
[1000/1120]	[L1: 0.0262]	3.0+0.0s
[1040/1120]	[L1: 0.0262]	2.9+0.0s
[1080/1120]	[L1: 0.0261]	2.4+0.0s
[1120/1120]	[L1: 0.0260]	2.4+0.0s

Evaluation:
[RSSCN7 x3]	psnr: 29.263 (Best: 29.275 @epoch 321)
Total time: 14.90s

[Epoch 326]	Learning rate: 1.00e-4
[40/1120]	[L1: 0.0232]	2.6+0.0s
[80/1120]	[L1: 0.0240]	2.4+0.0s
[120/1120]	[L1: 0.0244]	2.3+0.0s
[160/1120]	[L1: 0.0249]	2.6+0.0s
[200/1120]	[L1: 0.0253]	2.7+0.0s
[240/1120]	[L1: 0.0249]	2.6+0.0s
[280/1120]	[L1: 0.0252]	2.6+0.0s
[320/1120]	[L1: 0.0253]	2.5+0.0s
[360/1120]	[L1: 0.0252]	3.1+0.0s
[400/1120]	[L1: 0.0252]	2.9+0.0s
[440/1120]	[L1: 0.0253]	2.7+0.0s
[480/1120]	[L1: 0.0256]	2.9+0.0s
[520/1120]	[L1: 0.0254]	2.9+0.0s
[560/1120]	[L1: 0.0253]	3.1+0.0s
[600/1120]	[L1: 0.0256]	2.6+0.0s
[640/1120]	[L1: 0.0257]	3.0+0.0s
[680/1120]	[L1: 0.0255]	2.8+0.0s
[720/1120]	[L1: 0.0256]	2.6+0.0s
[760/1120]	[L1: 0.0257]	2.9+0.0s
[800/1120]	[L1: 0.0260]	2.7+0.0s
[840/1120]	[L1: 0.0260]	2.4+0.0s
[880/1120]	[L1: 0.0260]	2.3+0.0s
[920/1120]	[L1: 0.0260]	2.3+0.0s
[960/1120]	[L1: 0.0259]	2.5+0.0s
[1000/1120]	[L1: 0.0260]	2.5+0.0s
[1040/1120]	[L1: 0.0259]	2.4+0.0s
[1080/1120]	[L1: 0.0259]	2.3+0.0s
[1120/1120]	[L1: 0.0258]	2.3+0.0s

Evaluation:
[RSSCN7 x3]	psnr: 29.279 (Best: 29.279 @epoch 326)
Total time: 14.98s

[Epoch 327]	Learning rate: 1.00e-4
[40/1120]	[L1: 0.0268]	2.5+0.0s
[80/1120]	[L1: 0.0246]	2.3+0.0s
[120/1120]	[L1: 0.0244]	2.3+0.0s
[160/1120]	[L1: 0.0244]	2.4+0.0s
[200/1120]	[L1: 0.0252]	2.3+0.0s
[240/1120]	[L1: 0.0258]	2.3+0.0s
[280/1120]	[L1: 0.0262]	2.3+0.0s
[320/1120]	[L1: 0.0260]	2.3+0.0s
[360/1120]	[L1: 0.0261]	2.5+0.0s
[400/1120]	[L1: 0.0260]	2.4+0.0s
[440/1120]	[L1: 0.0264]	2.4+0.0s
[480/1120]	[L1: 0.0263]	2.3+0.0s
[520/1120]	[L1: 0.0262]	2.3+0.0s
[560/1120]	[L1: 0.0260]	2.3+0.0s
[600/1120]	[L1: 0.0260]	2.4+0.0s
[640/1120]	[L1: 0.0265]	2.7+0.0s
[680/1120]	[L1: 0.0265]	2.8+0.0s
[720/1120]	[L1: 0.0264]	2.7+0.0s
[760/1120]	[L1: 0.0265]	2.4+0.0s
[800/1120]	[L1: 0.0265]	2.4+0.0s
[840/1120]	[L1: 0.0263]	2.7+0.0s
[880/1120]	[L1: 0.0263]	2.8+0.0s
[920/1120]	[L1: 0.0262]	2.7+0.0s
[960/1120]	[L1: 0.0261]	2.8+0.0s
[1000/1120]	[L1: 0.0263]	2.9+0.0s
[1040/1120]	[L1: 0.0262]	2.7+0.0s
[1080/1120]	[L1: 0.0261]	2.8+0.0s
[1120/1120]	[L1: 0.0260]	2.7+0.0s

Evaluation:
[RSSCN7 x3]	psnr: 29.261 (Best: 29.279 @epoch 326)
Total time: 14.99s

[Epoch 328]	Learning rate: 1.00e-4
[40/1120]	[L1: 0.0256]	2.6+0.0s
[80/1120]	[L1: 0.0264]	2.4+0.0s
[120/1120]	[L1: 0.0251]	2.3+0.0s
[160/1120]	[L1: 0.0248]	2.3+0.0s
[200/1120]	[L1: 0.0253]	2.3+0.0s
[240/1120]	[L1: 0.0250]	2.5+0.0s
[280/1120]	[L1: 0.0245]	2.8+0.0s
[320/1120]	[L1: 0.0247]	2.5+0.0s
[360/1120]	[L1: 0.0248]	2.5+0.0s
[400/1120]	[L1: 0.0247]	2.6+0.0s
[440/1120]	[L1: 0.0250]	2.7+0.0s
[480/1120]	[L1: 0.0253]	2.8+0.0s
[520/1120]	[L1: 0.0254]	2.5+0.0s
[560/1120]	[L1: 0.0256]	2.3+0.0s
[600/1120]	[L1: 0.0256]	2.5+0.0s
[640/1120]	[L1: 0.0258]	2.3+0.0s
[680/1120]	[L1: 0.0257]	2.3+0.0s
[720/1120]	[L1: 0.0257]	2.7+0.0s
[760/1120]	[L1: 0.0260]	3.0+0.0s
[800/1120]	[L1: 0.0262]	2.7+0.0s
[840/1120]	[L1: 0.0261]	2.5+0.0s
[880/1120]	[L1: 0.0261]	2.4+0.0s
[920/1120]	[L1: 0.0260]	2.4+0.0s
[960/1120]	[L1: 0.0260]	2.5+0.0s
[1000/1120]	[L1: 0.0260]	2.4+0.0s
[1040/1120]	[L1: 0.0258]	2.4+0.0s
[1080/1120]	[L1: 0.0260]	2.4+0.0s
[1120/1120]	[L1: 0.0260]	2.4+0.0s

Evaluation:
[RSSCN7 x3]	psnr: 29.265 (Best: 29.279 @epoch 326)
Total time: 14.96s

[Epoch 329]	Learning rate: 1.00e-4
[40/1120]	[L1: 0.0255]	2.5+0.0s
[80/1120]	[L1: 0.0246]	2.4+0.0s
[120/1120]	[L1: 0.0260]	2.6+0.0s
[160/1120]	[L1: 0.0260]	2.5+0.0s
[200/1120]	[L1: 0.0262]	2.5+0.0s
[240/1120]	[L1: 0.0263]	2.8+0.0s
[280/1120]	[L1: 0.0263]	2.5+0.0s
[320/1120]	[L1: 0.0263]	2.5+0.0s
[360/1120]	[L1: 0.0264]	2.5+0.0s
[400/1120]	[L1: 0.0266]	2.4+0.0s
[440/1120]	[L1: 0.0266]	2.5+0.0s
[480/1120]	[L1: 0.0266]	2.9+0.0s
[520/1120]	[L1: 0.0262]	2.9+0.0s
[560/1120]	[L1: 0.0260]	2.8+0.0s
[600/1120]	[L1: 0.0261]	2.7+0.0s
[640/1120]	[L1: 0.0261]	2.8+0.0s
[680/1120]	[L1: 0.0261]	2.9+0.0s
[720/1120]	[L1: 0.0264]	2.5+0.0s
[760/1120]	[L1: 0.0263]	2.5+0.0s
[800/1120]	[L1: 0.0265]	2.7+0.0s
[840/1120]	[L1: 0.0264]	2.9+0.0s
[880/1120]	[L1: 0.0264]	2.8+0.0s
[920/1120]	[L1: 0.0263]	2.9+0.0s
[960/1120]	[L1: 0.0263]	2.9+0.0s
[1000/1120]	[L1: 0.0263]	2.8+0.0s
[1040/1120]	[L1: 0.0264]	2.5+0.0s
[1080/1120]	[L1: 0.0261]	2.4+0.0s
[1120/1120]	[L1: 0.0260]	2.6+0.0s

Evaluation:
[RSSCN7 x3]	psnr: 29.268 (Best: 29.279 @epoch 326)
Total time: 14.89s

[Epoch 330]	Learning rate: 1.00e-4
[40/1120]	[L1: 0.0277]	2.6+0.0s
[80/1120]	[L1: 0.0264]	2.5+0.0s
[120/1120]	[L1: 0.0269]	2.6+0.0s
[160/1120]	[L1: 0.0268]	2.4+0.0s
[200/1120]	[L1: 0.0266]	2.3+0.0s
[240/1120]	[L1: 0.0264]	2.4+0.0s
[280/1120]	[L1: 0.0263]	2.3+0.0s
[320/1120]	[L1: 0.0264]	2.4+0.0s
[360/1120]	[L1: 0.0261]	2.3+0.0s
[400/1120]	[L1: 0.0257]	2.3+0.0s
[440/1120]	[L1: 0.0259]	2.4+0.0s
[480/1120]	[L1: 0.0258]	2.3+0.0s
[520/1120]	[L1: 0.0261]	2.4+0.0s
[560/1120]	[L1: 0.0259]	2.4+0.0s
[600/1120]	[L1: 0.0260]	2.4+0.0s
[640/1120]	[L1: 0.0262]	2.9+0.0s
[680/1120]	[L1: 0.0260]	2.6+0.0s
[720/1120]	[L1: 0.0259]	2.4+0.0s
[760/1120]	[L1: 0.0258]	2.3+0.0s
[800/1120]	[L1: 0.0257]	2.3+0.0s
[840/1120]	[L1: 0.0255]	2.4+0.0s
[880/1120]	[L1: 0.0255]	2.3+0.0s
[920/1120]	[L1: 0.0256]	2.4+0.0s
[960/1120]	[L1: 0.0256]	2.3+0.0s
[1000/1120]	[L1: 0.0256]	2.3+0.0s
[1040/1120]	[L1: 0.0257]	2.4+0.0s
[1080/1120]	[L1: 0.0258]	2.4+0.0s
[1120/1120]	[L1: 0.0258]	2.7+0.0s

Evaluation:
[RSSCN7 x3]	psnr: 29.232 (Best: 29.279 @epoch 326)
Total time: 14.90s

[Epoch 331]	Learning rate: 1.00e-4
[40/1120]	[L1: 0.0260]	2.5+0.0s
[80/1120]	[L1: 0.0280]	2.6+0.0s
[120/1120]	[L1: 0.0282]	2.4+0.0s
[160/1120]	[L1: 0.0270]	2.3+0.0s
[200/1120]	[L1: 0.0264]	2.4+0.0s
[240/1120]	[L1: 0.0266]	2.4+0.0s
[280/1120]	[L1: 0.0265]	2.3+0.0s
[320/1120]	[L1: 0.0264]	2.4+0.0s
[360/1120]	[L1: 0.0264]	2.3+0.0s
[400/1120]	[L1: 0.0262]	2.3+0.0s
[440/1120]	[L1: 0.0258]	2.6+0.0s
[480/1120]	[L1: 0.0262]	2.4+0.0s
[520/1120]	[L1: 0.0258]	2.5+0.0s
[560/1120]	[L1: 0.0258]	3.0+0.0s
[600/1120]	[L1: 0.0258]	3.0+0.0s
[640/1120]	[L1: 0.0258]	3.0+0.0s
[680/1120]	[L1: 0.0257]	3.0+0.0s
[720/1120]	[L1: 0.0257]	2.8+0.0s
[760/1120]	[L1: 0.0258]	2.9+0.0s
[800/1120]	[L1: 0.0256]	3.1+0.0s
[840/1120]	[L1: 0.0256]	2.9+0.0s
[880/1120]	[L1: 0.0256]	2.6+0.0s
[920/1120]	[L1: 0.0257]	2.5+0.0s
[960/1120]	[L1: 0.0257]	2.5+0.0s
[1000/1120]	[L1: 0.0259]	2.6+0.0s
[1040/1120]	[L1: 0.0258]	2.5+0.0s
[1080/1120]	[L1: 0.0258]	2.4+0.0s
[1120/1120]	[L1: 0.0259]	2.5+0.0s

Evaluation:
[RSSCN7 x3]	psnr: 29.267 (Best: 29.279 @epoch 326)
Total time: 14.97s

[Epoch 332]	Learning rate: 1.00e-4
[40/1120]	[L1: 0.0260]	2.5+0.0s
[80/1120]	[L1: 0.0252]	2.6+0.0s
[120/1120]	[L1: 0.0251]	2.5+0.0s
[160/1120]	[L1: 0.0249]	2.6+0.0s
[200/1120]	[L1: 0.0248]	2.7+0.0s
[240/1120]	[L1: 0.0255]	2.7+0.0s
[280/1120]	[L1: 0.0250]	2.3+0.0s
[320/1120]	[L1: 0.0250]	2.3+0.0s
[360/1120]	[L1: 0.0251]	2.4+0.0s
[400/1120]	[L1: 0.0253]	2.3+0.0s
[440/1120]	[L1: 0.0256]	2.4+0.0s
[480/1120]	[L1: 0.0256]	2.4+0.0s
[520/1120]	[L1: 0.0257]	2.5+0.0s
[560/1120]	[L1: 0.0255]	2.3+0.0s
[600/1120]	[L1: 0.0256]	2.3+0.0s
[640/1120]	[L1: 0.0258]	2.3+0.0s
[680/1120]	[L1: 0.0257]	2.5+0.0s
[720/1120]	[L1: 0.0259]	2.3+0.0s
[760/1120]	[L1: 0.0257]	2.6+0.0s
[800/1120]	[L1: 0.0257]	2.9+0.0s
[840/1120]	[L1: 0.0256]	2.8+0.0s
[880/1120]	[L1: 0.0256]	2.9+0.0s
[920/1120]	[L1: 0.0256]	3.0+0.0s
[960/1120]	[L1: 0.0257]	3.1+0.0s
[1000/1120]	[L1: 0.0259]	2.9+0.0s
[1040/1120]	[L1: 0.0260]	2.9+0.0s
[1080/1120]	[L1: 0.0261]	2.6+0.0s
[1120/1120]	[L1: 0.0261]	2.7+0.0s

Evaluation:
[RSSCN7 x3]	psnr: 29.230 (Best: 29.279 @epoch 326)
Total time: 14.96s

[Epoch 333]	Learning rate: 1.00e-4
[40/1120]	[L1: 0.0249]	3.0+0.0s
[80/1120]	[L1: 0.0263]	2.9+0.0s
[120/1120]	[L1: 0.0265]	3.0+0.0s
[160/1120]	[L1: 0.0273]	3.1+0.0s
[200/1120]	[L1: 0.0271]	2.7+0.0s
[240/1120]	[L1: 0.0273]	2.9+0.0s
[280/1120]	[L1: 0.0270]	2.9+0.0s
[320/1120]	[L1: 0.0268]	2.6+0.0s
[360/1120]	[L1: 0.0269]	2.6+0.0s
[400/1120]	[L1: 0.0268]	2.8+0.0s
[440/1120]	[L1: 0.0264]	3.0+0.0s
[480/1120]	[L1: 0.0261]	2.6+0.0s
[520/1120]	[L1: 0.0261]	2.4+0.0s
[560/1120]	[L1: 0.0261]	2.4+0.0s
[600/1120]	[L1: 0.0261]	2.3+0.0s
[640/1120]	[L1: 0.0260]	2.5+0.0s
[680/1120]	[L1: 0.0260]	2.4+0.0s
[720/1120]	[L1: 0.0261]	2.5+0.0s
[760/1120]	[L1: 0.0260]	2.6+0.0s
[800/1120]	[L1: 0.0260]	2.5+0.0s
[840/1120]	[L1: 0.0259]	2.6+0.0s
[880/1120]	[L1: 0.0258]	2.5+0.0s
[920/1120]	[L1: 0.0258]	2.3+0.0s
[960/1120]	[L1: 0.0259]	2.4+0.0s
[1000/1120]	[L1: 0.0259]	2.3+0.0s
[1040/1120]	[L1: 0.0258]	2.7+0.0s
[1080/1120]	[L1: 0.0257]	2.3+0.0s
[1120/1120]	[L1: 0.0259]	2.3+0.0s

Evaluation:
[RSSCN7 x3]	psnr: 29.260 (Best: 29.279 @epoch 326)
Total time: 14.94s

[Epoch 334]	Learning rate: 1.00e-4
[40/1120]	[L1: 0.0257]	2.5+0.0s
[80/1120]	[L1: 0.0252]	2.4+0.0s
[120/1120]	[L1: 0.0252]	2.4+0.0s
[160/1120]	[L1: 0.0255]	2.3+0.0s
[200/1120]	[L1: 0.0260]	2.4+0.0s
[240/1120]	[L1: 0.0261]	2.3+0.0s
[280/1120]	[L1: 0.0258]	2.4+0.0s
[320/1120]	[L1: 0.0256]	2.3+0.0s
[360/1120]	[L1: 0.0256]	2.4+0.0s
[400/1120]	[L1: 0.0256]	2.4+0.0s
[440/1120]	[L1: 0.0256]	2.7+0.0s
[480/1120]	[L1: 0.0258]	2.8+0.0s
[520/1120]	[L1: 0.0254]	2.5+0.0s
[560/1120]	[L1: 0.0255]	2.5+0.0s
[600/1120]	[L1: 0.0254]	2.5+0.0s
[640/1120]	[L1: 0.0255]	2.4+0.0s
[680/1120]	[L1: 0.0255]	2.4+0.0s
[720/1120]	[L1: 0.0257]	2.9+0.0s
[760/1120]	[L1: 0.0257]	2.8+0.0s
[800/1120]	[L1: 0.0258]	2.8+0.0s
[840/1120]	[L1: 0.0255]	2.9+0.0s
[880/1120]	[L1: 0.0256]	2.8+0.0s
[920/1120]	[L1: 0.0257]	2.4+0.0s
[960/1120]	[L1: 0.0257]	2.3+0.0s
[1000/1120]	[L1: 0.0258]	2.3+0.0s
[1040/1120]	[L1: 0.0258]	2.3+0.0s
[1080/1120]	[L1: 0.0259]	2.5+0.0s
[1120/1120]	[L1: 0.0259]	2.5+0.0s

Evaluation:
[RSSCN7 x3]	psnr: 29.238 (Best: 29.279 @epoch 326)
Total time: 14.89s

[Epoch 335]	Learning rate: 1.00e-4
[40/1120]	[L1: 0.0247]	2.5+0.0s
[80/1120]	[L1: 0.0245]	2.4+0.0s
[120/1120]	[L1: 0.0242]	2.4+0.0s
[160/1120]	[L1: 0.0243]	2.5+0.0s
[200/1120]	[L1: 0.0246]	2.5+0.0s
[240/1120]	[L1: 0.0247]	2.8+0.0s
[280/1120]	[L1: 0.0251]	2.7+0.0s
[320/1120]	[L1: 0.0250]	2.7+0.0s
[360/1120]	[L1: 0.0253]	2.8+0.0s
[400/1120]	[L1: 0.0258]	2.4+0.0s
[440/1120]	[L1: 0.0259]	2.5+0.0s
[480/1120]	[L1: 0.0258]	2.5+0.0s
[520/1120]	[L1: 0.0257]	2.4+0.0s
[560/1120]	[L1: 0.0258]	2.4+0.0s
[600/1120]	[L1: 0.0257]	2.5+0.0s
[640/1120]	[L1: 0.0258]	2.4+0.0s
[680/1120]	[L1: 0.0261]	2.4+0.0s
[720/1120]	[L1: 0.0259]	2.4+0.0s
[760/1120]	[L1: 0.0259]	2.3+0.0s
[800/1120]	[L1: 0.0259]	2.5+0.0s
[840/1120]	[L1: 0.0258]	2.3+0.0s
[880/1120]	[L1: 0.0258]	2.4+0.0s
[920/1120]	[L1: 0.0258]	2.3+0.0s
[960/1120]	[L1: 0.0259]	2.3+0.0s
[1000/1120]	[L1: 0.0258]	2.3+0.0s
[1040/1120]	[L1: 0.0258]	2.4+0.0s
[1080/1120]	[L1: 0.0259]	2.4+0.0s
[1120/1120]	[L1: 0.0260]	2.4+0.0s

Evaluation:
[RSSCN7 x3]	psnr: 29.253 (Best: 29.279 @epoch 326)
Total time: 14.96s

[Epoch 336]	Learning rate: 1.00e-4
[40/1120]	[L1: 0.0264]	2.6+0.0s
[80/1120]	[L1: 0.0271]	2.7+0.0s
[120/1120]	[L1: 0.0273]	2.6+0.0s
[160/1120]	[L1: 0.0266]	2.9+0.0s
[200/1120]	[L1: 0.0259]	3.0+0.0s
[240/1120]	[L1: 0.0255]	2.8+0.0s
[280/1120]	[L1: 0.0257]	2.8+0.0s
[320/1120]	[L1: 0.0260]	2.5+0.0s
[360/1120]	[L1: 0.0259]	2.6+0.0s
[400/1120]	[L1: 0.0260]	2.6+0.0s
[440/1120]	[L1: 0.0260]	2.5+0.0s
[480/1120]	[L1: 0.0258]	2.5+0.0s
[520/1120]	[L1: 0.0257]	2.5+0.0s
[560/1120]	[L1: 0.0253]	2.4+0.0s
[600/1120]	[L1: 0.0253]	2.6+0.0s
[640/1120]	[L1: 0.0255]	2.8+0.0s
[680/1120]	[L1: 0.0255]	2.8+0.0s
[720/1120]	[L1: 0.0256]	2.3+0.0s
[760/1120]	[L1: 0.0256]	2.5+0.0s
[800/1120]	[L1: 0.0256]	2.5+0.0s
[840/1120]	[L1: 0.0257]	2.4+0.0s
[880/1120]	[L1: 0.0257]	2.4+0.0s
[920/1120]	[L1: 0.0257]	2.3+0.0s
[960/1120]	[L1: 0.0256]	2.4+0.0s
[1000/1120]	[L1: 0.0255]	2.4+0.0s
[1040/1120]	[L1: 0.0256]	2.3+0.0s
[1080/1120]	[L1: 0.0258]	2.3+0.0s
[1120/1120]	[L1: 0.0258]	2.4+0.0s

Evaluation:
[RSSCN7 x3]	psnr: 29.260 (Best: 29.279 @epoch 326)
Total time: 14.95s

[Epoch 337]	Learning rate: 1.00e-4
[40/1120]	[L1: 0.0260]	2.5+0.0s
[80/1120]	[L1: 0.0274]	2.5+0.0s
[120/1120]	[L1: 0.0268]	2.5+0.0s
[160/1120]	[L1: 0.0272]	2.4+0.0s
[200/1120]	[L1: 0.0269]	2.5+0.0s
[240/1120]	[L1: 0.0273]	2.4+0.0s
[280/1120]	[L1: 0.0268]	2.6+0.0s
[320/1120]	[L1: 0.0268]	2.4+0.0s
[360/1120]	[L1: 0.0264]	2.4+0.0s
[400/1120]	[L1: 0.0263]	2.3+0.0s
[440/1120]	[L1: 0.0262]	2.3+0.0s
[480/1120]	[L1: 0.0261]	2.3+0.0s
[520/1120]	[L1: 0.0263]	2.4+0.0s
[560/1120]	[L1: 0.0263]	2.5+0.0s
[600/1120]	[L1: 0.0262]	2.5+0.0s
[640/1120]	[L1: 0.0264]	2.5+0.0s
[680/1120]	[L1: 0.0265]	2.7+0.0s
[720/1120]	[L1: 0.0265]	2.9+0.0s
[760/1120]	[L1: 0.0265]	2.5+0.0s
[800/1120]	[L1: 0.0265]	2.5+0.0s
[840/1120]	[L1: 0.0264]	2.5+0.0s
[880/1120]	[L1: 0.0264]	2.5+0.0s
[920/1120]	[L1: 0.0264]	2.5+0.0s
[960/1120]	[L1: 0.0263]	2.5+0.0s
[1000/1120]	[L1: 0.0263]	2.5+0.0s
[1040/1120]	[L1: 0.0263]	2.5+0.0s
[1080/1120]	[L1: 0.0262]	2.6+0.0s
[1120/1120]	[L1: 0.0261]	2.4+0.0s

Evaluation:
[RSSCN7 x3]	psnr: 29.244 (Best: 29.279 @epoch 326)
Total time: 14.99s

[Epoch 338]	Learning rate: 1.00e-4
[40/1120]	[L1: 0.0269]	2.5+0.0s
[80/1120]	[L1: 0.0289]	2.5+0.0s
[120/1120]	[L1: 0.0304]	2.5+0.0s
[160/1120]	[L1: 0.0288]	2.7+0.0s
[200/1120]	[L1: 0.0283]	2.5+0.0s
[240/1120]	[L1: 0.0278]	2.5+0.0s
[280/1120]	[L1: 0.0271]	2.6+0.0s
[320/1120]	[L1: 0.0272]	2.5+0.0s
[360/1120]	[L1: 0.0271]	2.5+0.0s
[400/1120]	[L1: 0.0271]	2.5+0.0s
[440/1120]	[L1: 0.0268]	2.6+0.0s
[480/1120]	[L1: 0.0266]	2.5+0.0s
[520/1120]	[L1: 0.0266]	2.7+0.0s
[560/1120]	[L1: 0.0269]	2.9+0.0s
[600/1120]	[L1: 0.0266]	2.4+0.0s
[640/1120]	[L1: 0.0266]	2.4+0.0s
[680/1120]	[L1: 0.0265]	2.5+0.0s
[720/1120]	[L1: 0.0265]	2.4+0.0s
[760/1120]	[L1: 0.0265]	2.4+0.0s
[800/1120]	[L1: 0.0264]	2.4+0.0s
[840/1120]	[L1: 0.0263]	2.5+0.0s
[880/1120]	[L1: 0.0261]	2.4+0.0s
[920/1120]	[L1: 0.0260]	2.4+0.0s
[960/1120]	[L1: 0.0260]	2.6+0.0s
[1000/1120]	[L1: 0.0259]	2.4+0.0s
[1040/1120]	[L1: 0.0261]	2.4+0.0s
[1080/1120]	[L1: 0.0261]	2.4+0.0s
[1120/1120]	[L1: 0.0260]	2.4+0.0s

Evaluation:
[RSSCN7 x3]	psnr: 29.232 (Best: 29.279 @epoch 326)
Total time: 14.92s

[Epoch 339]	Learning rate: 1.00e-4
[40/1120]	[L1: 0.0253]	2.5+0.0s
[80/1120]	[L1: 0.0252]	2.4+0.0s
[120/1120]	[L1: 0.0243]	2.5+0.0s
[160/1120]	[L1: 0.0248]	2.8+0.0s
[200/1120]	[L1: 0.0245]	2.9+0.0s
[240/1120]	[L1: 0.0249]	3.1+0.0s
[280/1120]	[L1: 0.0253]	2.8+0.0s
[320/1120]	[L1: 0.0252]	2.6+0.0s
[360/1120]	[L1: 0.0252]	2.7+0.0s
[400/1120]	[L1: 0.0253]	2.5+0.0s
[440/1120]	[L1: 0.0254]	2.5+0.0s
[480/1120]	[L1: 0.0254]	2.7+0.0s
[520/1120]	[L1: 0.0254]	2.6+0.0s
[560/1120]	[L1: 0.0254]	2.6+0.0s
[600/1120]	[L1: 0.0258]	2.7+0.0s
[640/1120]	[L1: 0.0257]	2.6+0.0s
[680/1120]	[L1: 0.0255]	2.5+0.0s
[720/1120]	[L1: 0.0256]	2.8+0.0s
[760/1120]	[L1: 0.0257]	3.0+0.0s
[800/1120]	[L1: 0.0256]	2.8+0.0s
[840/1120]	[L1: 0.0257]	2.6+0.0s
[880/1120]	[L1: 0.0256]	2.5+0.0s
[920/1120]	[L1: 0.0258]	2.6+0.0s
[960/1120]	[L1: 0.0258]	2.9+0.0s
[1000/1120]	[L1: 0.0258]	2.8+0.0s
[1040/1120]	[L1: 0.0258]	2.9+0.0s
[1080/1120]	[L1: 0.0259]	2.8+0.0s
[1120/1120]	[L1: 0.0259]	2.4+0.0s

Evaluation:
[RSSCN7 x3]	psnr: 29.266 (Best: 29.279 @epoch 326)
Total time: 14.91s

[Epoch 340]	Learning rate: 1.00e-4
[40/1120]	[L1: 0.0270]	2.5+0.0s
[80/1120]	[L1: 0.0272]	2.4+0.0s
[120/1120]	[L1: 0.0253]	2.4+0.0s
[160/1120]	[L1: 0.0263]	2.5+0.0s
[200/1120]	[L1: 0.0271]	2.5+0.0s
[240/1120]	[L1: 0.0270]	2.4+0.0s
[280/1120]	[L1: 0.0267]	2.4+0.0s
[320/1120]	[L1: 0.0265]	2.5+0.0s
[360/1120]	[L1: 0.0261]	2.5+0.0s
[400/1120]	[L1: 0.0262]	2.5+0.0s
[440/1120]	[L1: 0.0259]	2.4+0.0s
[480/1120]	[L1: 0.0262]	2.5+0.0s
[520/1120]	[L1: 0.0261]	2.4+0.0s
[560/1120]	[L1: 0.0260]	2.4+0.0s
[600/1120]	[L1: 0.0262]	2.4+0.0s
[640/1120]	[L1: 0.0258]	2.5+0.0s
[680/1120]	[L1: 0.0259]	2.4+0.0s
[720/1120]	[L1: 0.0259]	2.4+0.0s
[760/1120]	[L1: 0.0259]	2.4+0.0s
[800/1120]	[L1: 0.0258]	2.6+0.0s
[840/1120]	[L1: 0.0258]	2.4+0.0s
[880/1120]	[L1: 0.0259]	2.7+0.0s
[920/1120]	[L1: 0.0259]	2.6+0.0s
[960/1120]	[L1: 0.0259]	2.6+0.0s
[1000/1120]	[L1: 0.0258]	2.5+0.0s
[1040/1120]	[L1: 0.0257]	2.5+0.0s
[1080/1120]	[L1: 0.0260]	2.9+0.0s
[1120/1120]	[L1: 0.0259]	2.6+0.0s

Evaluation:
[RSSCN7 x3]	psnr: 29.245 (Best: 29.279 @epoch 326)
Total time: 14.93s

[Epoch 341]	Learning rate: 1.00e-4
[40/1120]	[L1: 0.0271]	2.6+0.0s
[80/1120]	[L1: 0.0278]	2.5+0.0s
[120/1120]	[L1: 0.0276]	2.5+0.0s
[160/1120]	[L1: 0.0273]	2.6+0.0s
[200/1120]	[L1: 0.0269]	2.6+0.0s
[240/1120]	[L1: 0.0265]	2.8+0.0s
[280/1120]	[L1: 0.0267]	2.8+0.0s
[320/1120]	[L1: 0.0266]	2.9+0.0s
[360/1120]	[L1: 0.0264]	2.4+0.0s
[400/1120]	[L1: 0.0264]	2.6+0.0s
[440/1120]	[L1: 0.0263]	2.5+0.0s
[480/1120]	[L1: 0.0262]	2.6+0.0s
[520/1120]	[L1: 0.0260]	2.5+0.0s
[560/1120]	[L1: 0.0260]	2.6+0.0s
[600/1120]	[L1: 0.0260]	2.4+0.0s
[640/1120]	[L1: 0.0261]	2.5+0.0s
[680/1120]	[L1: 0.0259]	2.3+0.0s
[720/1120]	[L1: 0.0257]	2.4+0.0s
[760/1120]	[L1: 0.0258]	2.3+0.0s
[800/1120]	[L1: 0.0257]	2.5+0.0s
[840/1120]	[L1: 0.0257]	2.3+0.0s
[880/1120]	[L1: 0.0257]	2.7+0.0s
[920/1120]	[L1: 0.0258]	2.8+0.0s
[960/1120]	[L1: 0.0259]	2.8+0.0s
[1000/1120]	[L1: 0.0259]	2.4+0.0s
[1040/1120]	[L1: 0.0260]	2.4+0.0s
[1080/1120]	[L1: 0.0261]	2.3+0.0s
[1120/1120]	[L1: 0.0261]	2.3+0.0s

Evaluation:
[RSSCN7 x3]	psnr: 29.245 (Best: 29.279 @epoch 326)
Total time: 14.95s

[Epoch 342]	Learning rate: 1.00e-4
[40/1120]	[L1: 0.0237]	2.5+0.0s
[80/1120]	[L1: 0.0249]	2.5+0.0s
[120/1120]	[L1: 0.0250]	2.4+0.0s
[160/1120]	[L1: 0.0256]	2.3+0.0s
[200/1120]	[L1: 0.0254]	2.3+0.0s
[240/1120]	[L1: 0.0260]	2.4+0.0s
[280/1120]	[L1: 0.0256]	2.3+0.0s
[320/1120]	[L1: 0.0261]	2.4+0.0s
[360/1120]	[L1: 0.0261]	2.5+0.0s
[400/1120]	[L1: 0.0261]	2.4+0.0s
[440/1120]	[L1: 0.0259]	2.6+0.0s
[480/1120]	[L1: 0.0259]	2.6+0.0s
[520/1120]	[L1: 0.0262]	2.6+0.0s
[560/1120]	[L1: 0.0260]	2.5+0.0s
[600/1120]	[L1: 0.0260]	2.9+0.0s
[640/1120]	[L1: 0.0259]	2.9+0.0s
[680/1120]	[L1: 0.0259]	2.9+0.0s
[720/1120]	[L1: 0.0262]	2.8+0.0s
[760/1120]	[L1: 0.0261]	3.0+0.0s
[800/1120]	[L1: 0.0260]	2.7+0.0s
[840/1120]	[L1: 0.0259]	2.4+0.0s
[880/1120]	[L1: 0.0261]	2.4+0.0s
[920/1120]	[L1: 0.0260]	2.6+0.0s
[960/1120]	[L1: 0.0260]	2.5+0.0s
[1000/1120]	[L1: 0.0260]	2.5+0.0s
[1040/1120]	[L1: 0.0260]	2.9+0.0s
[1080/1120]	[L1: 0.0260]	2.8+0.0s
[1120/1120]	[L1: 0.0259]	2.5+0.0s

Evaluation:
[RSSCN7 x3]	psnr: 29.259 (Best: 29.279 @epoch 326)
Total time: 14.97s

[Epoch 343]	Learning rate: 1.00e-4
[40/1120]	[L1: 0.0262]	2.5+0.0s
[80/1120]	[L1: 0.0243]	2.5+0.0s
[120/1120]	[L1: 0.0249]	2.5+0.0s
[160/1120]	[L1: 0.0248]	2.4+0.0s
[200/1120]	[L1: 0.0252]	2.5+0.0s
[240/1120]	[L1: 0.0254]	2.3+0.0s
[280/1120]	[L1: 0.0260]	2.5+0.0s
[320/1120]	[L1: 0.0257]	2.7+0.0s
[360/1120]	[L1: 0.0253]	2.6+0.0s
[400/1120]	[L1: 0.0255]	2.4+0.0s
[440/1120]	[L1: 0.0258]	2.3+0.0s
[480/1120]	[L1: 0.0258]	2.3+0.0s
[520/1120]	[L1: 0.0258]	2.3+0.0s
[560/1120]	[L1: 0.0259]	2.3+0.0s
[600/1120]	[L1: 0.0259]	2.3+0.0s
[640/1120]	[L1: 0.0258]	2.4+0.0s
[680/1120]	[L1: 0.0257]	2.7+0.0s
[720/1120]	[L1: 0.0258]	2.8+0.0s
[760/1120]	[L1: 0.0257]	2.8+0.0s
[800/1120]	[L1: 0.0258]	2.8+0.0s
[840/1120]	[L1: 0.0258]	3.0+0.0s
[880/1120]	[L1: 0.0259]	2.8+0.0s
[920/1120]	[L1: 0.0259]	2.5+0.0s
[960/1120]	[L1: 0.0259]	2.8+0.0s
[1000/1120]	[L1: 0.0260]	2.9+0.0s
[1040/1120]	[L1: 0.0259]	2.9+0.0s
[1080/1120]	[L1: 0.0258]	2.9+0.0s
[1120/1120]	[L1: 0.0259]	2.3+0.0s

Evaluation:
[RSSCN7 x3]	psnr: 29.259 (Best: 29.279 @epoch 326)
Total time: 15.00s

[Epoch 344]	Learning rate: 1.00e-4
[40/1120]	[L1: 0.0280]	2.6+0.0s
[80/1120]	[L1: 0.0275]	2.7+0.0s
[120/1120]	[L1: 0.0277]	3.0+0.0s
[160/1120]	[L1: 0.0275]	2.4+0.0s
[200/1120]	[L1: 0.0274]	2.4+0.0s
[240/1120]	[L1: 0.0277]	2.4+0.0s
[280/1120]	[L1: 0.0269]	2.4+0.0s
[320/1120]	[L1: 0.0268]	2.5+0.0s
[360/1120]	[L1: 0.0265]	2.4+0.0s
[400/1120]	[L1: 0.0266]	2.4+0.0s
[440/1120]	[L1: 0.0265]	2.3+0.0s
[480/1120]	[L1: 0.0261]	2.7+0.0s
[520/1120]	[L1: 0.0261]	2.7+0.0s
[560/1120]	[L1: 0.0260]	2.6+0.0s
[600/1120]	[L1: 0.0260]	2.8+0.0s
[640/1120]	[L1: 0.0261]	3.0+0.0s
[680/1120]	[L1: 0.0264]	2.5+0.0s
[720/1120]	[L1: 0.0264]	2.5+0.0s
[760/1120]	[L1: 0.0261]	2.5+0.0s
[800/1120]	[L1: 0.0260]	2.7+0.0s
[840/1120]	[L1: 0.0260]	2.5+0.0s
[880/1120]	[L1: 0.0260]	2.5+0.0s
[920/1120]	[L1: 0.0260]	2.4+0.0s
[960/1120]	[L1: 0.0259]	2.6+0.0s
[1000/1120]	[L1: 0.0258]	2.4+0.0s
[1040/1120]	[L1: 0.0258]	2.4+0.0s
[1080/1120]	[L1: 0.0257]	2.5+0.0s
[1120/1120]	[L1: 0.0257]	2.4+0.0s

Evaluation:
[RSSCN7 x3]	psnr: 29.178 (Best: 29.279 @epoch 326)
Total time: 14.90s

[Epoch 345]	Learning rate: 1.00e-4
[40/1120]	[L1: 0.0248]	2.5+0.0s
[80/1120]	[L1: 0.0264]	2.5+0.0s
[120/1120]	[L1: 0.0269]	2.4+0.0s
[160/1120]	[L1: 0.0266]	2.4+0.0s
[200/1120]	[L1: 0.0269]	2.5+0.0s
[240/1120]	[L1: 0.0268]	2.4+0.0s
[280/1120]	[L1: 0.0268]	2.8+0.0s
[320/1120]	[L1: 0.0266]	2.9+0.0s
[360/1120]	[L1: 0.0261]	2.5+0.0s
[400/1120]	[L1: 0.0267]	2.4+0.0s
[440/1120]	[L1: 0.0270]	2.4+0.0s
[480/1120]	[L1: 0.0266]	2.4+0.0s
[520/1120]	[L1: 0.0266]	2.4+0.0s
[560/1120]	[L1: 0.0265]	2.7+0.0s
[600/1120]	[L1: 0.0265]	2.9+0.0s
[640/1120]	[L1: 0.0265]	2.5+0.0s
[680/1120]	[L1: 0.0265]	2.4+0.0s
[720/1120]	[L1: 0.0265]	2.4+0.0s
[760/1120]	[L1: 0.0265]	2.5+0.0s
[800/1120]	[L1: 0.0265]	2.5+0.0s
[840/1120]	[L1: 0.0266]	2.5+0.0s
[880/1120]	[L1: 0.0264]	2.6+0.0s
[920/1120]	[L1: 0.0263]	3.0+0.0s
[960/1120]	[L1: 0.0262]	2.9+0.0s
[1000/1120]	[L1: 0.0260]	2.9+0.0s
[1040/1120]	[L1: 0.0260]	3.0+0.0s
[1080/1120]	[L1: 0.0260]	2.5+0.0s
[1120/1120]	[L1: 0.0259]	2.4+0.0s

Evaluation:
[RSSCN7 x3]	psnr: 29.266 (Best: 29.279 @epoch 326)
Total time: 14.91s

[Epoch 346]	Learning rate: 1.00e-4
[40/1120]	[L1: 0.0259]	2.9+0.0s
[80/1120]	[L1: 0.0250]	3.0+0.0s
[120/1120]	[L1: 0.0250]	2.5+0.0s
[160/1120]	[L1: 0.0251]	2.5+0.0s
[200/1120]	[L1: 0.0261]	2.4+0.0s
[240/1120]	[L1: 0.0257]	2.3+0.0s
[280/1120]	[L1: 0.0257]	2.4+0.0s
[320/1120]	[L1: 0.0257]	2.3+0.0s
[360/1120]	[L1: 0.0256]	2.3+0.0s
[400/1120]	[L1: 0.0258]	2.4+0.0s
[440/1120]	[L1: 0.0256]	2.3+0.0s
[480/1120]	[L1: 0.0255]	2.5+0.0s
[520/1120]	[L1: 0.0256]	2.4+0.0s
[560/1120]	[L1: 0.0258]	2.5+0.0s
[600/1120]	[L1: 0.0257]	2.9+0.0s
[640/1120]	[L1: 0.0258]	2.5+0.0s
[680/1120]	[L1: 0.0260]	2.5+0.0s
[720/1120]	[L1: 0.0259]	2.5+0.0s
[760/1120]	[L1: 0.0260]	2.7+0.0s
[800/1120]	[L1: 0.0260]	2.8+0.0s
[840/1120]	[L1: 0.0258]	2.5+0.0s
[880/1120]	[L1: 0.0259]	2.4+0.0s
[920/1120]	[L1: 0.0259]	2.5+0.0s
[960/1120]	[L1: 0.0258]	2.3+0.0s
[1000/1120]	[L1: 0.0258]	2.4+0.0s
[1040/1120]	[L1: 0.0259]	2.6+0.0s
[1080/1120]	[L1: 0.0259]	2.4+0.0s
[1120/1120]	[L1: 0.0259]	2.3+0.0s

Evaluation:
[RSSCN7 x3]	psnr: 29.258 (Best: 29.279 @epoch 326)
Total time: 14.91s

[Epoch 347]	Learning rate: 1.00e-4
[40/1120]	[L1: 0.0259]	2.5+0.0s
[80/1120]	[L1: 0.0260]	2.4+0.0s
[120/1120]	[L1: 0.0266]	2.4+0.0s
[160/1120]	[L1: 0.0263]	2.5+0.0s
[200/1120]	[L1: 0.0263]	2.4+0.0s
[240/1120]	[L1: 0.0264]	2.5+0.0s
[280/1120]	[L1: 0.0268]	2.5+0.0s
[320/1120]	[L1: 0.0266]	3.0+0.0s
[360/1120]	[L1: 0.0264]	2.7+0.0s
[400/1120]	[L1: 0.0265]	2.4+0.0s
[440/1120]	[L1: 0.0261]	2.5+0.0s
[480/1120]	[L1: 0.0264]	2.6+0.0s
[520/1120]	[L1: 0.0260]	2.5+0.0s
[560/1120]	[L1: 0.0262]	2.4+0.0s
[600/1120]	[L1: 0.0258]	2.5+0.0s
[640/1120]	[L1: 0.0262]	2.9+0.0s
[680/1120]	[L1: 0.0259]	2.9+0.0s
[720/1120]	[L1: 0.0260]	2.9+0.0s
[760/1120]	[L1: 0.0262]	2.6+0.0s
[800/1120]	[L1: 0.0260]	2.5+0.0s
[840/1120]	[L1: 0.0259]	2.4+0.0s
[880/1120]	[L1: 0.0258]	2.4+0.0s
[920/1120]	[L1: 0.0260]	2.3+0.0s
[960/1120]	[L1: 0.0260]	2.7+0.0s
[1000/1120]	[L1: 0.0258]	2.5+0.0s
[1040/1120]	[L1: 0.0258]	2.7+0.0s
[1080/1120]	[L1: 0.0259]	2.8+0.0s
[1120/1120]	[L1: 0.0259]	2.6+0.0s

Evaluation:
[RSSCN7 x3]	psnr: 29.269 (Best: 29.279 @epoch 326)
Total time: 14.91s

[Epoch 348]	Learning rate: 1.00e-4
[40/1120]	[L1: 0.0247]	2.6+0.0s
[80/1120]	[L1: 0.0249]	2.5+0.0s
[120/1120]	[L1: 0.0249]	2.5+0.0s
[160/1120]	[L1: 0.0254]	2.4+0.0s
[200/1120]	[L1: 0.0257]	2.4+0.0s
[240/1120]	[L1: 0.0262]	2.4+0.0s
[280/1120]	[L1: 0.0264]	2.3+0.0s
[320/1120]	[L1: 0.0265]	2.5+0.0s
[360/1120]	[L1: 0.0265]	2.4+0.0s
[400/1120]	[L1: 0.0265]	2.5+0.0s
[440/1120]	[L1: 0.0266]	2.3+0.0s
[480/1120]	[L1: 0.0263]	2.4+0.0s
[520/1120]	[L1: 0.0263]	2.3+0.0s
[560/1120]	[L1: 0.0262]	2.4+0.0s
[600/1120]	[L1: 0.0260]	2.4+0.0s
[640/1120]	[L1: 0.0262]	2.5+0.0s
[680/1120]	[L1: 0.0261]	2.3+0.0s
[720/1120]	[L1: 0.0261]	2.4+0.0s
[760/1120]	[L1: 0.0260]	2.3+0.0s
[800/1120]	[L1: 0.0262]	2.4+0.0s
[840/1120]	[L1: 0.0261]	2.3+0.0s
[880/1120]	[L1: 0.0260]	2.4+0.0s
[920/1120]	[L1: 0.0261]	2.3+0.0s
[960/1120]	[L1: 0.0260]	2.4+0.0s
[1000/1120]	[L1: 0.0259]	2.4+0.0s
[1040/1120]	[L1: 0.0259]	2.4+0.0s
[1080/1120]	[L1: 0.0259]	2.6+0.0s
[1120/1120]	[L1: 0.0259]	2.6+0.0s

Evaluation:
[RSSCN7 x3]	psnr: 29.185 (Best: 29.279 @epoch 326)
Total time: 14.93s

[Epoch 349]	Learning rate: 1.00e-4
[40/1120]	[L1: 0.0271]	2.6+0.0s
[80/1120]	[L1: 0.0249]	2.9+0.0s
[120/1120]	[L1: 0.0251]	2.7+0.0s
[160/1120]	[L1: 0.0258]	2.5+0.0s
[200/1120]	[L1: 0.0254]	2.4+0.0s
[240/1120]	[L1: 0.0255]	2.4+0.0s
[280/1120]	[L1: 0.0259]	2.3+0.0s
[320/1120]	[L1: 0.0258]	2.5+0.0s
[360/1120]	[L1: 0.0256]	2.9+0.0s
[400/1120]	[L1: 0.0259]	2.5+0.0s
[440/1120]	[L1: 0.0261]	2.4+0.0s
[480/1120]	[L1: 0.0259]	2.3+0.0s
[520/1120]	[L1: 0.0261]	2.3+0.0s
[560/1120]	[L1: 0.0262]	2.3+0.0s
[600/1120]	[L1: 0.0260]	2.4+0.0s
[640/1120]	[L1: 0.0259]	2.4+0.0s
[680/1120]	[L1: 0.0258]	2.6+0.0s
[720/1120]	[L1: 0.0257]	2.4+0.0s
[760/1120]	[L1: 0.0258]	2.5+0.0s
[800/1120]	[L1: 0.0260]	2.4+0.0s
[840/1120]	[L1: 0.0258]	2.4+0.0s
[880/1120]	[L1: 0.0259]	2.3+0.0s
[920/1120]	[L1: 0.0258]	2.4+0.0s
[960/1120]	[L1: 0.0258]	2.3+0.0s
[1000/1120]	[L1: 0.0259]	2.3+0.0s
[1040/1120]	[L1: 0.0259]	2.3+0.0s
[1080/1120]	[L1: 0.0261]	2.3+0.0s
[1120/1120]	[L1: 0.0260]	2.4+0.0s

Evaluation:
[RSSCN7 x3]	psnr: 29.276 (Best: 29.279 @epoch 326)
Total time: 14.92s

[Epoch 350]	Learning rate: 1.00e-4
[40/1120]	[L1: 0.0234]	2.5+0.0s
[80/1120]	[L1: 0.0257]	2.4+0.0s
[120/1120]	[L1: 0.0256]	2.5+0.0s
[160/1120]	[L1: 0.0256]	2.6+0.0s
[200/1120]	[L1: 0.0262]	2.9+0.0s
[240/1120]	[L1: 0.0261]	2.6+0.0s
[280/1120]	[L1: 0.0256]	2.3+0.0s
[320/1120]	[L1: 0.0255]	2.3+0.0s
[360/1120]	[L1: 0.0254]	2.3+0.0s
[400/1120]	[L1: 0.0255]	2.3+0.0s
[440/1120]	[L1: 0.0256]	2.4+0.0s
[480/1120]	[L1: 0.0256]	2.3+0.0s
[520/1120]	[L1: 0.0254]	2.3+0.0s
[560/1120]	[L1: 0.0255]	2.3+0.0s
[600/1120]	[L1: 0.0256]	2.3+0.0s
[640/1120]	[L1: 0.0257]	2.9+0.0s
[680/1120]	[L1: 0.0257]	2.6+0.0s
[720/1120]	[L1: 0.0258]	2.3+0.0s
[760/1120]	[L1: 0.0257]	2.3+0.0s
[800/1120]	[L1: 0.0257]	2.3+0.0s
[840/1120]	[L1: 0.0256]	2.3+0.0s
[880/1120]	[L1: 0.0257]	2.5+0.0s
[920/1120]	[L1: 0.0258]	2.6+0.0s
[960/1120]	[L1: 0.0258]	2.3+0.0s
[1000/1120]	[L1: 0.0258]	2.3+0.0s
[1040/1120]	[L1: 0.0259]	2.3+0.0s
[1080/1120]	[L1: 0.0261]	2.4+0.0s
[1120/1120]	[L1: 0.0259]	2.3+0.0s

Evaluation:
[RSSCN7 x3]	psnr: 29.249 (Best: 29.279 @epoch 326)
Total time: 14.90s

[Epoch 351]	Learning rate: 1.00e-4
[40/1120]	[L1: 0.0270]	2.4+0.0s
[80/1120]	[L1: 0.0276]	2.3+0.0s
[120/1120]	[L1: 0.0263]	2.5+0.0s
[160/1120]	[L1: 0.0267]	2.3+0.0s
[200/1120]	[L1: 0.0266]	2.3+0.0s
[240/1120]	[L1: 0.0265]	2.3+0.0s
[280/1120]	[L1: 0.0263]	2.4+0.0s
[320/1120]	[L1: 0.0260]	2.4+0.0s
[360/1120]	[L1: 0.0261]	2.3+0.0s
[400/1120]	[L1: 0.0262]	2.4+0.0s
[440/1120]	[L1: 0.0263]	2.3+0.0s
[480/1120]	[L1: 0.0264]	2.3+0.0s
[520/1120]	[L1: 0.0263]	2.3+0.0s
[560/1120]	[L1: 0.0262]	2.3+0.0s
[600/1120]	[L1: 0.0264]	2.3+0.0s
[640/1120]	[L1: 0.0266]	2.4+0.0s
[680/1120]	[L1: 0.0265]	2.3+0.0s
[720/1120]	[L1: 0.0264]	2.3+0.0s
[760/1120]	[L1: 0.0264]	2.3+0.0s
[800/1120]	[L1: 0.0264]	2.3+0.0s
[840/1120]	[L1: 0.0263]	2.4+0.0s
[880/1120]	[L1: 0.0263]	2.5+0.0s
[920/1120]	[L1: 0.0264]	2.6+0.0s
[960/1120]	[L1: 0.0264]	2.3+0.0s
[1000/1120]	[L1: 0.0262]	2.5+0.0s
[1040/1120]	[L1: 0.0263]	2.3+0.0s
[1080/1120]	[L1: 0.0262]	2.4+0.0s
[1120/1120]	[L1: 0.0260]	2.6+0.0s

Evaluation:
[RSSCN7 x3]	psnr: 29.260 (Best: 29.279 @epoch 326)
Total time: 14.94s

[Epoch 352]	Learning rate: 1.00e-4
[40/1120]	[L1: 0.0267]	2.5+0.0s
[80/1120]	[L1: 0.0282]	2.7+0.0s
[120/1120]	[L1: 0.0271]	2.6+0.0s
[160/1120]	[L1: 0.0259]	2.4+0.0s
[200/1120]	[L1: 0.0259]	2.4+0.0s
[240/1120]	[L1: 0.0255]	2.4+0.0s
[280/1120]	[L1: 0.0256]	2.8+0.0s
[320/1120]	[L1: 0.0257]	2.6+0.0s
[360/1120]	[L1: 0.0260]	2.4+0.0s
[400/1120]	[L1: 0.0258]	2.4+0.0s
[440/1120]	[L1: 0.0258]	2.4+0.0s
[480/1120]	[L1: 0.0257]	2.4+0.0s
[520/1120]	[L1: 0.0257]	2.4+0.0s
[560/1120]	[L1: 0.0258]	2.8+0.0s
[600/1120]	[L1: 0.0257]	3.0+0.0s
[640/1120]	[L1: 0.0258]	2.7+0.0s
[680/1120]	[L1: 0.0258]	2.5+0.0s
[720/1120]	[L1: 0.0257]	2.4+0.0s
[760/1120]	[L1: 0.0256]	2.3+0.0s
[800/1120]	[L1: 0.0256]	2.3+0.0s
[840/1120]	[L1: 0.0256]	2.4+0.0s
[880/1120]	[L1: 0.0258]	2.4+0.0s
[920/1120]	[L1: 0.0259]	2.4+0.0s
[960/1120]	[L1: 0.0259]	2.4+0.0s
[1000/1120]	[L1: 0.0260]	2.4+0.0s
[1040/1120]	[L1: 0.0258]	2.3+0.0s
[1080/1120]	[L1: 0.0257]	2.4+0.0s
[1120/1120]	[L1: 0.0257]	2.4+0.0s

Evaluation:
[RSSCN7 x3]	psnr: 29.268 (Best: 29.279 @epoch 326)
Total time: 14.96s

[Epoch 353]	Learning rate: 1.00e-4
[40/1120]	[L1: 0.0238]	2.5+0.0s
[80/1120]	[L1: 0.0260]	2.4+0.0s
[120/1120]	[L1: 0.0264]	2.4+0.0s
[160/1120]	[L1: 0.0262]	2.3+0.0s
[200/1120]	[L1: 0.0266]	2.4+0.0s
[240/1120]	[L1: 0.0264]	2.4+0.0s
[280/1120]	[L1: 0.0260]	2.3+0.0s
[320/1120]	[L1: 0.0262]	2.3+0.0s
[360/1120]	[L1: 0.0269]	2.3+0.0s
[400/1120]	[L1: 0.0264]	2.4+0.0s
[440/1120]	[L1: 0.0262]	2.3+0.0s
[480/1120]	[L1: 0.0264]	2.4+0.0s
[520/1120]	[L1: 0.0264]	2.7+0.0s
[560/1120]	[L1: 0.0261]	2.7+0.0s
[600/1120]	[L1: 0.0261]	2.5+0.0s
[640/1120]	[L1: 0.0260]	2.4+0.0s
[680/1120]	[L1: 0.0262]	2.4+0.0s
[720/1120]	[L1: 0.0262]	2.3+0.0s
[760/1120]	[L1: 0.0261]	2.3+0.0s
[800/1120]	[L1: 0.0260]	2.4+0.0s
[840/1120]	[L1: 0.0259]	2.4+0.0s
[880/1120]	[L1: 0.0258]	2.3+0.0s
[920/1120]	[L1: 0.0258]	2.3+0.0s
[960/1120]	[L1: 0.0258]	2.4+0.0s
[1000/1120]	[L1: 0.0258]	2.3+0.0s
[1040/1120]	[L1: 0.0258]	2.4+0.0s
[1080/1120]	[L1: 0.0259]	2.4+0.0s
[1120/1120]	[L1: 0.0259]	2.3+0.0s

Evaluation:
[RSSCN7 x3]	psnr: 29.278 (Best: 29.279 @epoch 326)
Total time: 15.00s

[Epoch 354]	Learning rate: 1.00e-4
[40/1120]	[L1: 0.0275]	2.5+0.0s
[80/1120]	[L1: 0.0266]	2.6+0.0s
[120/1120]	[L1: 0.0263]	2.5+0.0s
[160/1120]	[L1: 0.0260]	2.5+0.0s
[200/1120]	[L1: 0.0255]	2.7+0.0s
[240/1120]	[L1: 0.0253]	2.9+0.0s
[280/1120]	[L1: 0.0249]	3.0+0.0s
[320/1120]	[L1: 0.0250]	2.9+0.0s
[360/1120]	[L1: 0.0250]	2.8+0.0s
[400/1120]	[L1: 0.0248]	2.8+0.0s
[440/1120]	[L1: 0.0249]	2.8+0.0s
[480/1120]	[L1: 0.0249]	2.6+0.0s
[520/1120]	[L1: 0.0250]	2.5+0.0s
[560/1120]	[L1: 0.0252]	2.4+0.0s
[600/1120]	[L1: 0.0251]	2.4+0.0s
[640/1120]	[L1: 0.0250]	2.5+0.0s
[680/1120]	[L1: 0.0251]	2.4+0.0s
[720/1120]	[L1: 0.0251]	2.4+0.0s
[760/1120]	[L1: 0.0252]	2.3+0.0s
[800/1120]	[L1: 0.0254]	2.3+0.0s
[840/1120]	[L1: 0.0254]	2.4+0.0s
[880/1120]	[L1: 0.0253]	2.3+0.0s
[920/1120]	[L1: 0.0255]	2.3+0.0s
[960/1120]	[L1: 0.0256]	2.3+0.0s
[1000/1120]	[L1: 0.0256]	2.4+0.0s
[1040/1120]	[L1: 0.0256]	2.3+0.0s
[1080/1120]	[L1: 0.0257]	2.3+0.0s
[1120/1120]	[L1: 0.0258]	2.3+0.0s

Evaluation:
[RSSCN7 x3]	psnr: 29.272 (Best: 29.279 @epoch 326)
Total time: 14.97s

[Epoch 355]	Learning rate: 1.00e-4
[40/1120]	[L1: 0.0245]	2.5+0.0s
[80/1120]	[L1: 0.0252]	2.3+0.0s
[120/1120]	[L1: 0.0258]	2.5+0.0s
[160/1120]	[L1: 0.0265]	2.3+0.0s
[200/1120]	[L1: 0.0262]	2.3+0.0s
[240/1120]	[L1: 0.0258]	2.4+0.0s
[280/1120]	[L1: 0.0259]	2.3+0.0s
[320/1120]	[L1: 0.0262]	2.5+0.0s
[360/1120]	[L1: 0.0261]	2.4+0.0s
[400/1120]	[L1: 0.0261]	2.8+0.0s
[440/1120]	[L1: 0.0262]	2.6+0.0s
[480/1120]	[L1: 0.0263]	2.3+0.0s
[520/1120]	[L1: 0.0263]	2.4+0.0s
[560/1120]	[L1: 0.0261]	2.4+0.0s
[600/1120]	[L1: 0.0260]	2.3+0.0s
[640/1120]	[L1: 0.0259]	2.5+0.0s
[680/1120]	[L1: 0.0259]	2.5+0.0s
[720/1120]	[L1: 0.0258]	2.7+0.0s
[760/1120]	[L1: 0.0258]	2.9+0.0s
[800/1120]	[L1: 0.0258]	2.6+0.0s
[840/1120]	[L1: 0.0258]	2.7+0.0s
[880/1120]	[L1: 0.0257]	2.8+0.0s
[920/1120]	[L1: 0.0257]	2.9+0.0s
[960/1120]	[L1: 0.0257]	2.8+0.0s
[1000/1120]	[L1: 0.0256]	2.6+0.0s
[1040/1120]	[L1: 0.0259]	2.5+0.0s
[1080/1120]	[L1: 0.0260]	2.4+0.0s
[1120/1120]	[L1: 0.0261]	2.4+0.0s

Evaluation:
[RSSCN7 x3]	psnr: 29.272 (Best: 29.279 @epoch 326)
Total time: 15.01s

[Epoch 356]	Learning rate: 1.00e-4
[40/1120]	[L1: 0.0266]	2.5+0.0s
[80/1120]	[L1: 0.0260]	2.9+0.0s
[120/1120]	[L1: 0.0270]	2.9+0.0s
[160/1120]	[L1: 0.0265]	2.5+0.0s
[200/1120]	[L1: 0.0268]	2.5+0.0s
[240/1120]	[L1: 0.0265]	2.4+0.0s
[280/1120]	[L1: 0.0271]	2.4+0.0s
[320/1120]	[L1: 0.0269]	2.6+0.0s
[360/1120]	[L1: 0.0267]	2.3+0.0s
[400/1120]	[L1: 0.0266]	2.4+0.0s
[440/1120]	[L1: 0.0267]	2.3+0.0s
[480/1120]	[L1: 0.0266]	2.5+0.0s
[520/1120]	[L1: 0.0264]	2.8+0.0s
[560/1120]	[L1: 0.0263]	2.3+0.0s
[600/1120]	[L1: 0.0265]	2.3+0.0s
[640/1120]	[L1: 0.0263]	2.5+0.0s
[680/1120]	[L1: 0.0261]	2.4+0.0s
[720/1120]	[L1: 0.0262]	2.3+0.0s
[760/1120]	[L1: 0.0261]	2.4+0.0s
[800/1120]	[L1: 0.0262]	2.3+0.0s
[840/1120]	[L1: 0.0261]	2.4+0.0s
[880/1120]	[L1: 0.0261]	2.5+0.0s
[920/1120]	[L1: 0.0260]	2.4+0.0s
[960/1120]	[L1: 0.0260]	2.3+0.0s
[1000/1120]	[L1: 0.0259]	2.5+0.0s
[1040/1120]	[L1: 0.0259]	2.4+0.0s
[1080/1120]	[L1: 0.0259]	2.4+0.0s
[1120/1120]	[L1: 0.0258]	2.4+0.0s

Evaluation:
[RSSCN7 x3]	psnr: 29.272 (Best: 29.279 @epoch 326)
Total time: 15.01s

[Epoch 357]	Learning rate: 1.00e-4
[40/1120]	[L1: 0.0274]	2.9+0.0s
[80/1120]	[L1: 0.0273]	2.6+0.0s
[120/1120]	[L1: 0.0276]	2.9+0.0s
[160/1120]	[L1: 0.0277]	2.7+0.0s
[200/1120]	[L1: 0.0282]	2.3+0.0s
[240/1120]	[L1: 0.0278]	2.3+0.0s
[280/1120]	[L1: 0.0271]	2.4+0.0s
[320/1120]	[L1: 0.0266]	2.3+0.0s
[360/1120]	[L1: 0.0266]	2.7+0.0s
[400/1120]	[L1: 0.0267]	2.9+0.0s
[440/1120]	[L1: 0.0266]	2.8+0.0s
[480/1120]	[L1: 0.0264]	2.8+0.0s
[520/1120]	[L1: 0.0263]	2.9+0.0s
[560/1120]	[L1: 0.0261]	2.4+0.0s
[600/1120]	[L1: 0.0263]	2.6+0.0s
[640/1120]	[L1: 0.0263]	2.9+0.0s
[680/1120]	[L1: 0.0262]	2.8+0.0s
[720/1120]	[L1: 0.0261]	2.5+0.0s
[760/1120]	[L1: 0.0263]	2.4+0.0s
[800/1120]	[L1: 0.0263]	2.4+0.0s
[840/1120]	[L1: 0.0264]	2.4+0.0s
[880/1120]	[L1: 0.0265]	2.5+0.0s
[920/1120]	[L1: 0.0263]	2.3+0.0s
[960/1120]	[L1: 0.0262]	2.3+0.0s
[1000/1120]	[L1: 0.0262]	2.4+0.0s
[1040/1120]	[L1: 0.0262]	2.3+0.0s
[1080/1120]	[L1: 0.0261]	2.3+0.0s
[1120/1120]	[L1: 0.0261]	2.4+0.0s

Evaluation:
[RSSCN7 x3]	psnr: 29.233 (Best: 29.279 @epoch 326)
Total time: 14.94s

[Epoch 358]	Learning rate: 1.00e-4
[40/1120]	[L1: 0.0249]	2.6+0.0s
[80/1120]	[L1: 0.0272]	2.4+0.0s
[120/1120]	[L1: 0.0259]	2.3+0.0s
[160/1120]	[L1: 0.0268]	2.4+0.0s
[200/1120]	[L1: 0.0260]	2.3+0.0s
[240/1120]	[L1: 0.0257]	2.3+0.0s
[280/1120]	[L1: 0.0257]	2.4+0.0s
[320/1120]	[L1: 0.0256]	2.4+0.0s
[360/1120]	[L1: 0.0259]	2.6+0.0s
[400/1120]	[L1: 0.0258]	3.0+0.0s
[440/1120]	[L1: 0.0256]	2.9+0.0s
[480/1120]	[L1: 0.0255]	2.8+0.0s
[520/1120]	[L1: 0.0257]	3.0+0.0s
[560/1120]	[L1: 0.0257]	2.5+0.0s
[600/1120]	[L1: 0.0255]	2.4+0.0s
[640/1120]	[L1: 0.0254]	2.5+0.0s
[680/1120]	[L1: 0.0255]	2.4+0.0s
[720/1120]	[L1: 0.0256]	2.5+0.0s
[760/1120]	[L1: 0.0258]	2.6+0.0s
[800/1120]	[L1: 0.0260]	2.5+0.0s
[840/1120]	[L1: 0.0260]	3.0+0.0s
[880/1120]	[L1: 0.0261]	2.9+0.0s
[920/1120]	[L1: 0.0261]	2.9+0.0s
[960/1120]	[L1: 0.0261]	2.9+0.0s
[1000/1120]	[L1: 0.0262]	3.0+0.0s
[1040/1120]	[L1: 0.0262]	2.4+0.0s
[1080/1120]	[L1: 0.0261]	2.5+0.0s
[1120/1120]	[L1: 0.0260]	2.4+0.0s

Evaluation:
[RSSCN7 x3]	psnr: 29.278 (Best: 29.279 @epoch 326)
Total time: 14.95s

[Epoch 359]	Learning rate: 1.00e-4
[40/1120]	[L1: 0.0253]	2.5+0.0s
[80/1120]	[L1: 0.0241]	2.4+0.0s
[120/1120]	[L1: 0.0244]	2.5+0.0s
[160/1120]	[L1: 0.0245]	2.4+0.0s
[200/1120]	[L1: 0.0252]	2.3+0.0s
[240/1120]	[L1: 0.0256]	2.5+0.0s
[280/1120]	[L1: 0.0256]	2.4+0.0s
[320/1120]	[L1: 0.0254]	2.5+0.0s
[360/1120]	[L1: 0.0253]	2.3+0.0s
[400/1120]	[L1: 0.0254]	2.5+0.0s
[440/1120]	[L1: 0.0256]	2.9+0.0s
[480/1120]	[L1: 0.0256]	2.4+0.0s
[520/1120]	[L1: 0.0255]	2.5+0.0s
[560/1120]	[L1: 0.0255]	2.3+0.0s
[600/1120]	[L1: 0.0253]	2.4+0.0s
[640/1120]	[L1: 0.0253]	2.9+0.0s
[680/1120]	[L1: 0.0256]	2.5+0.0s
[720/1120]	[L1: 0.0257]	2.4+0.0s
[760/1120]	[L1: 0.0258]	2.3+0.0s
[800/1120]	[L1: 0.0259]	2.3+0.0s
[840/1120]	[L1: 0.0258]	2.4+0.0s
[880/1120]	[L1: 0.0258]	2.3+0.0s
[920/1120]	[L1: 0.0259]	2.4+0.0s
[960/1120]	[L1: 0.0258]	2.3+0.0s
[1000/1120]	[L1: 0.0259]	2.6+0.0s
[1040/1120]	[L1: 0.0259]	2.8+0.0s
[1080/1120]	[L1: 0.0259]	2.5+0.0s
[1120/1120]	[L1: 0.0258]	2.4+0.0s

Evaluation:
[RSSCN7 x3]	psnr: 29.271 (Best: 29.279 @epoch 326)
Total time: 14.98s

[Epoch 360]	Learning rate: 1.00e-4
[40/1120]	[L1: 0.0267]	2.9+0.0s
[80/1120]	[L1: 0.0272]	2.9+0.0s
[120/1120]	[L1: 0.0272]	3.0+0.0s
[160/1120]	[L1: 0.0267]	2.5+0.0s
[200/1120]	[L1: 0.0262]	2.9+0.0s
[240/1120]	[L1: 0.0265]	2.7+0.0s
[280/1120]	[L1: 0.0264]	2.8+0.0s
[320/1120]	[L1: 0.0263]	3.0+0.0s
[360/1120]	[L1: 0.0261]	2.8+0.0s
[400/1120]	[L1: 0.0260]	2.5+0.0s
[440/1120]	[L1: 0.0262]	2.7+0.0s
[480/1120]	[L1: 0.0262]	2.9+0.0s
[520/1120]	[L1: 0.0259]	2.5+0.0s
[560/1120]	[L1: 0.0260]	2.6+0.0s
[600/1120]	[L1: 0.0260]	2.7+0.0s
[640/1120]	[L1: 0.0260]	2.9+0.0s
[680/1120]	[L1: 0.0259]	3.1+0.0s
[720/1120]	[L1: 0.0260]	3.0+0.0s
[760/1120]	[L1: 0.0260]	2.9+0.0s
[800/1120]	[L1: 0.0260]	2.9+0.0s
[840/1120]	[L1: 0.0260]	2.5+0.0s
[880/1120]	[L1: 0.0261]	2.6+0.0s
[920/1120]	[L1: 0.0259]	2.5+0.0s
[960/1120]	[L1: 0.0259]	2.5+0.0s
[1000/1120]	[L1: 0.0259]	2.5+0.0s
[1040/1120]	[L1: 0.0259]	2.8+0.0s
[1080/1120]	[L1: 0.0259]	2.5+0.0s
[1120/1120]	[L1: 0.0260]	2.8+0.0s

Evaluation:
[RSSCN7 x3]	psnr: 29.268 (Best: 29.279 @epoch 326)
Total time: 14.98s

[Epoch 361]	Learning rate: 1.00e-4
[40/1120]	[L1: 0.0266]	2.6+0.0s
[80/1120]	[L1: 0.0291]	2.5+0.0s
[120/1120]	[L1: 0.0277]	2.4+0.0s
[160/1120]	[L1: 0.0271]	2.5+0.0s
[200/1120]	[L1: 0.0272]	2.3+0.0s
[240/1120]	[L1: 0.0265]	2.3+0.0s
[280/1120]	[L1: 0.0262]	2.4+0.0s
[320/1120]	[L1: 0.0259]	2.4+0.0s
[360/1120]	[L1: 0.0261]	2.4+0.0s
[400/1120]	[L1: 0.0261]	2.5+0.0s
[440/1120]	[L1: 0.0264]	2.4+0.0s
[480/1120]	[L1: 0.0263]	2.5+0.0s
[520/1120]	[L1: 0.0260]	2.8+0.0s
[560/1120]	[L1: 0.0260]	2.6+0.0s
[600/1120]	[L1: 0.0260]	2.5+0.0s
[640/1120]	[L1: 0.0259]	2.5+0.0s
[680/1120]	[L1: 0.0257]	2.5+0.0s
[720/1120]	[L1: 0.0257]	2.6+0.0s
[760/1120]	[L1: 0.0258]	2.5+0.0s
[800/1120]	[L1: 0.0258]	2.5+0.0s
[840/1120]	[L1: 0.0258]	2.6+0.0s
[880/1120]	[L1: 0.0258]	2.5+0.0s
[920/1120]	[L1: 0.0258]	2.5+0.0s
[960/1120]	[L1: 0.0258]	2.6+0.0s
[1000/1120]	[L1: 0.0259]	2.4+0.0s
[1040/1120]	[L1: 0.0259]	2.4+0.0s
[1080/1120]	[L1: 0.0260]	2.6+0.0s
[1120/1120]	[L1: 0.0259]	2.5+0.0s

Evaluation:
[RSSCN7 x3]	psnr: 29.260 (Best: 29.279 @epoch 326)
Total time: 14.98s

[Epoch 362]	Learning rate: 1.00e-4
[40/1120]	[L1: 0.0259]	2.6+0.0s
[80/1120]	[L1: 0.0268]	2.8+0.0s
[120/1120]	[L1: 0.0258]	3.1+0.0s
[160/1120]	[L1: 0.0256]	2.9+0.0s
[200/1120]	[L1: 0.0252]	3.1+0.0s
[240/1120]	[L1: 0.0250]	3.0+0.0s
[280/1120]	[L1: 0.0254]	3.1+0.0s
[320/1120]	[L1: 0.0253]	2.8+0.0s
[360/1120]	[L1: 0.0259]	2.9+0.0s
[400/1120]	[L1: 0.0257]	2.8+0.0s
[440/1120]	[L1: 0.0257]	3.1+0.0s
[480/1120]	[L1: 0.0257]	2.9+0.0s
[520/1120]	[L1: 0.0257]	2.6+0.0s
[560/1120]	[L1: 0.0258]	2.5+0.0s
[600/1120]	[L1: 0.0258]	2.6+0.0s
[640/1120]	[L1: 0.0260]	2.5+0.0s
[680/1120]	[L1: 0.0260]	2.6+0.0s
[720/1120]	[L1: 0.0261]	2.4+0.0s
[760/1120]	[L1: 0.0259]	2.7+0.0s
[800/1120]	[L1: 0.0258]	2.8+0.0s
[840/1120]	[L1: 0.0258]	2.4+0.0s
[880/1120]	[L1: 0.0258]	2.6+0.0s
[920/1120]	[L1: 0.0258]	2.5+0.0s
[960/1120]	[L1: 0.0256]	2.5+0.0s
[1000/1120]	[L1: 0.0256]	2.5+0.0s
[1040/1120]	[L1: 0.0255]	2.5+0.0s
[1080/1120]	[L1: 0.0257]	2.3+0.0s
[1120/1120]	[L1: 0.0257]	2.4+0.0s

Evaluation:
[RSSCN7 x3]	psnr: 29.262 (Best: 29.279 @epoch 326)
Total time: 14.93s

[Epoch 363]	Learning rate: 1.00e-4
[40/1120]	[L1: 0.0254]	2.6+0.0s
[80/1120]	[L1: 0.0244]	2.9+0.0s
[120/1120]	[L1: 0.0237]	2.5+0.0s
[160/1120]	[L1: 0.0239]	2.4+0.0s
[200/1120]	[L1: 0.0241]	2.3+0.0s
[240/1120]	[L1: 0.0243]	2.3+0.0s
[280/1120]	[L1: 0.0251]	2.4+0.0s
[320/1120]	[L1: 0.0252]	2.3+0.0s
[360/1120]	[L1: 0.0250]	2.4+0.0s
[400/1120]	[L1: 0.0252]	2.5+0.0s
[440/1120]	[L1: 0.0251]	2.4+0.0s
[480/1120]	[L1: 0.0254]	2.6+0.0s
[520/1120]	[L1: 0.0254]	2.6+0.0s
[560/1120]	[L1: 0.0255]	2.8+0.0s
[600/1120]	[L1: 0.0255]	2.9+0.0s
[640/1120]	[L1: 0.0257]	2.9+0.0s
[680/1120]	[L1: 0.0258]	2.5+0.0s
[720/1120]	[L1: 0.0255]	2.3+0.0s
[760/1120]	[L1: 0.0255]	2.4+0.0s
[800/1120]	[L1: 0.0255]	2.3+0.0s
[840/1120]	[L1: 0.0257]	2.4+0.0s
[880/1120]	[L1: 0.0256]	2.4+0.0s
[920/1120]	[L1: 0.0258]	2.3+0.0s
[960/1120]	[L1: 0.0259]	2.4+0.0s
[1000/1120]	[L1: 0.0259]	2.6+0.0s
[1040/1120]	[L1: 0.0259]	2.5+0.0s
[1080/1120]	[L1: 0.0260]	2.7+0.0s
[1120/1120]	[L1: 0.0259]	2.9+0.0s

Evaluation:
[RSSCN7 x3]	psnr: 29.271 (Best: 29.279 @epoch 326)
Total time: 14.98s

[Epoch 364]	Learning rate: 1.00e-4
[40/1120]	[L1: 0.0240]	2.6+0.0s
[80/1120]	[L1: 0.0251]	2.5+0.0s
[120/1120]	[L1: 0.0259]	2.6+0.0s
[160/1120]	[L1: 0.0267]	3.1+0.0s
[200/1120]	[L1: 0.0260]	2.9+0.0s
[240/1120]	[L1: 0.0262]	2.9+0.0s
[280/1120]	[L1: 0.0258]	3.0+0.0s
[320/1120]	[L1: 0.0253]	2.9+0.0s
[360/1120]	[L1: 0.0256]	2.9+0.0s
[400/1120]	[L1: 0.0257]	3.0+0.0s
[440/1120]	[L1: 0.0261]	2.9+0.0s
[480/1120]	[L1: 0.0263]	2.6+0.0s
[520/1120]	[L1: 0.0263]	2.6+0.0s
[560/1120]	[L1: 0.0261]	2.4+0.0s
[600/1120]	[L1: 0.0262]	2.5+0.0s
[640/1120]	[L1: 0.0263]	2.5+0.0s
[680/1120]	[L1: 0.0264]	2.4+0.0s
[720/1120]	[L1: 0.0265]	2.6+0.0s
[760/1120]	[L1: 0.0263]	2.9+0.0s
[800/1120]	[L1: 0.0263]	2.5+0.0s
[840/1120]	[L1: 0.0264]	2.5+0.0s
[880/1120]	[L1: 0.0264]	2.6+0.0s
[920/1120]	[L1: 0.0265]	2.5+0.0s
[960/1120]	[L1: 0.0265]	2.5+0.0s
[1000/1120]	[L1: 0.0264]	2.7+0.0s
[1040/1120]	[L1: 0.0264]	2.8+0.0s
[1080/1120]	[L1: 0.0263]	2.9+0.0s
[1120/1120]	[L1: 0.0261]	2.6+0.0s

Evaluation:
[RSSCN7 x3]	psnr: 29.277 (Best: 29.279 @epoch 326)
Total time: 14.93s

[Epoch 365]	Learning rate: 1.00e-4
[40/1120]	[L1: 0.0329]	2.6+0.0s
[80/1120]	[L1: 0.0293]	2.5+0.0s
[120/1120]	[L1: 0.0273]	2.8+0.0s
[160/1120]	[L1: 0.0274]	2.6+0.0s
[200/1120]	[L1: 0.0274]	2.5+0.0s
[240/1120]	[L1: 0.0274]	2.6+0.0s
[280/1120]	[L1: 0.0271]	2.5+0.0s
[320/1120]	[L1: 0.0268]	2.6+0.0s
[360/1120]	[L1: 0.0264]	2.8+0.0s
[400/1120]	[L1: 0.0260]	2.8+0.0s
[440/1120]	[L1: 0.0259]	2.9+0.0s
[480/1120]	[L1: 0.0258]	2.8+0.0s
[520/1120]	[L1: 0.0257]	3.3+0.0s
[560/1120]	[L1: 0.0256]	2.9+0.0s
[600/1120]	[L1: 0.0255]	2.7+0.0s
[640/1120]	[L1: 0.0256]	2.4+0.0s
[680/1120]	[L1: 0.0255]	2.3+0.0s
[720/1120]	[L1: 0.0255]	2.4+0.0s
[760/1120]	[L1: 0.0257]	2.4+0.0s
[800/1120]	[L1: 0.0258]	2.3+0.0s
[840/1120]	[L1: 0.0259]	2.4+0.0s
[880/1120]	[L1: 0.0259]	2.3+0.0s
[920/1120]	[L1: 0.0257]	2.5+0.0s
[960/1120]	[L1: 0.0258]	2.7+0.0s
[1000/1120]	[L1: 0.0258]	2.6+0.0s
[1040/1120]	[L1: 0.0258]	2.5+0.0s
[1080/1120]	[L1: 0.0258]	2.4+0.0s
[1120/1120]	[L1: 0.0258]	2.5+0.0s

Evaluation:
[RSSCN7 x3]	psnr: 29.264 (Best: 29.279 @epoch 326)
Total time: 14.90s

[Epoch 366]	Learning rate: 1.00e-4
[40/1120]	[L1: 0.0256]	2.5+0.0s
[80/1120]	[L1: 0.0265]	2.9+0.0s
[120/1120]	[L1: 0.0254]	2.9+0.0s
[160/1120]	[L1: 0.0247]	2.5+0.0s
[200/1120]	[L1: 0.0247]	2.5+0.0s
[240/1120]	[L1: 0.0250]	2.6+0.0s
[280/1120]	[L1: 0.0256]	2.4+0.0s
[320/1120]	[L1: 0.0254]	2.3+0.0s
[360/1120]	[L1: 0.0254]	2.3+0.0s
[400/1120]	[L1: 0.0254]	2.5+0.0s
[440/1120]	[L1: 0.0257]	2.4+0.0s
[480/1120]	[L1: 0.0254]	2.4+0.0s
[520/1120]	[L1: 0.0254]	2.5+0.0s
[560/1120]	[L1: 0.0257]	2.4+0.0s
[600/1120]	[L1: 0.0254]	2.4+0.0s
[640/1120]	[L1: 0.0252]	2.4+0.0s
[680/1120]	[L1: 0.0254]	2.5+0.0s
[720/1120]	[L1: 0.0255]	2.4+0.0s
[760/1120]	[L1: 0.0255]	2.4+0.0s
[800/1120]	[L1: 0.0255]	2.5+0.0s
[840/1120]	[L1: 0.0256]	3.1+0.0s
[880/1120]	[L1: 0.0256]	2.9+0.0s
[920/1120]	[L1: 0.0256]	2.7+0.0s
[960/1120]	[L1: 0.0256]	3.0+0.0s
[1000/1120]	[L1: 0.0255]	2.9+0.0s
[1040/1120]	[L1: 0.0255]	2.9+0.0s
[1080/1120]	[L1: 0.0256]	2.4+0.0s
[1120/1120]	[L1: 0.0258]	2.4+0.0s

Evaluation:
[RSSCN7 x3]	psnr: 29.229 (Best: 29.279 @epoch 326)
Total time: 14.95s

[Epoch 367]	Learning rate: 1.00e-4
[40/1120]	[L1: 0.0268]	3.0+0.0s
[80/1120]	[L1: 0.0265]	3.1+0.0s
[120/1120]	[L1: 0.0264]	2.9+0.0s
[160/1120]	[L1: 0.0260]	2.9+0.0s
[200/1120]	[L1: 0.0266]	3.1+0.0s
[240/1120]	[L1: 0.0263]	2.5+0.0s
[280/1120]	[L1: 0.0257]	2.6+0.0s
[320/1120]	[L1: 0.0257]	2.5+0.0s
[360/1120]	[L1: 0.0259]	2.6+0.0s
[400/1120]	[L1: 0.0261]	2.8+0.0s
[440/1120]	[L1: 0.0260]	2.6+0.0s
[480/1120]	[L1: 0.0258]	2.5+0.0s
[520/1120]	[L1: 0.0258]	2.6+0.0s
[560/1120]	[L1: 0.0260]	2.8+0.0s
[600/1120]	[L1: 0.0262]	2.8+0.0s
[640/1120]	[L1: 0.0263]	3.0+0.0s
[680/1120]	[L1: 0.0263]	2.9+0.0s
[720/1120]	[L1: 0.0261]	2.8+0.0s
[760/1120]	[L1: 0.0261]	2.7+0.0s
[800/1120]	[L1: 0.0262]	2.6+0.0s
[840/1120]	[L1: 0.0260]	2.5+0.0s
[880/1120]	[L1: 0.0260]	2.5+0.0s
[920/1120]	[L1: 0.0260]	2.6+0.0s
[960/1120]	[L1: 0.0260]	2.5+0.0s
[1000/1120]	[L1: 0.0259]	2.3+0.0s
[1040/1120]	[L1: 0.0261]	2.3+0.0s
[1080/1120]	[L1: 0.0261]	2.8+0.0s
[1120/1120]	[L1: 0.0259]	2.7+0.0s

Evaluation:
[RSSCN7 x3]	psnr: 29.258 (Best: 29.279 @epoch 326)
Total time: 14.96s

[Epoch 368]	Learning rate: 1.00e-4
[40/1120]	[L1: 0.0249]	2.5+0.0s
[80/1120]	[L1: 0.0244]	2.3+0.0s
[120/1120]	[L1: 0.0244]	2.4+0.0s
[160/1120]	[L1: 0.0253]	2.3+0.0s
[200/1120]	[L1: 0.0255]	2.4+0.0s
[240/1120]	[L1: 0.0259]	2.4+0.0s
[280/1120]	[L1: 0.0260]	2.7+0.0s
[320/1120]	[L1: 0.0263]	2.6+0.0s
[360/1120]	[L1: 0.0263]	2.9+0.0s
[400/1120]	[L1: 0.0269]	2.6+0.0s
[440/1120]	[L1: 0.0267]	2.5+0.0s
[480/1120]	[L1: 0.0265]	2.4+0.0s
[520/1120]	[L1: 0.0267]	2.5+0.0s
[560/1120]	[L1: 0.0267]	2.4+0.0s
[600/1120]	[L1: 0.0266]	2.5+0.0s
[640/1120]	[L1: 0.0266]	2.4+0.0s
[680/1120]	[L1: 0.0265]	2.5+0.0s
[720/1120]	[L1: 0.0264]	2.7+0.0s
[760/1120]	[L1: 0.0264]	2.8+0.0s
[800/1120]	[L1: 0.0261]	3.0+0.0s
[840/1120]	[L1: 0.0262]	3.0+0.0s
[880/1120]	[L1: 0.0261]	3.2+0.0s
[920/1120]	[L1: 0.0261]	3.0+0.0s
[960/1120]	[L1: 0.0260]	2.8+0.0s
[1000/1120]	[L1: 0.0260]	2.6+0.0s
[1040/1120]	[L1: 0.0260]	2.5+0.0s
[1080/1120]	[L1: 0.0259]	2.5+0.0s
[1120/1120]	[L1: 0.0259]	2.6+0.0s

Evaluation:
[RSSCN7 x3]	psnr: 29.271 (Best: 29.279 @epoch 326)
Total time: 14.93s

[Epoch 369]	Learning rate: 1.00e-4
[40/1120]	[L1: 0.0243]	2.5+0.0s
[80/1120]	[L1: 0.0259]	2.6+0.0s
[120/1120]	[L1: 0.0263]	2.4+0.0s
[160/1120]	[L1: 0.0268]	2.4+0.0s
[200/1120]	[L1: 0.0257]	2.4+0.0s
[240/1120]	[L1: 0.0259]	2.3+0.0s
[280/1120]	[L1: 0.0259]	2.5+0.0s
[320/1120]	[L1: 0.0258]	2.7+0.0s
[360/1120]	[L1: 0.0256]	2.8+0.0s
[400/1120]	[L1: 0.0255]	2.5+0.0s
[440/1120]	[L1: 0.0257]	2.4+0.0s
[480/1120]	[L1: 0.0257]	2.3+0.0s
[520/1120]	[L1: 0.0255]	2.6+0.0s
[560/1120]	[L1: 0.0253]	2.3+0.0s
[600/1120]	[L1: 0.0250]	2.3+0.0s
[640/1120]	[L1: 0.0252]	2.6+0.0s
[680/1120]	[L1: 0.0255]	2.5+0.0s
[720/1120]	[L1: 0.0256]	2.5+0.0s
[760/1120]	[L1: 0.0256]	2.5+0.0s
[800/1120]	[L1: 0.0255]	2.3+0.0s
[840/1120]	[L1: 0.0258]	2.3+0.0s
[880/1120]	[L1: 0.0259]	2.5+0.0s
[920/1120]	[L1: 0.0259]	2.4+0.0s
[960/1120]	[L1: 0.0261]	2.4+0.0s
[1000/1120]	[L1: 0.0259]	2.5+0.0s
[1040/1120]	[L1: 0.0259]	2.4+0.0s
[1080/1120]	[L1: 0.0259]	2.8+0.0s
[1120/1120]	[L1: 0.0258]	3.0+0.0s

Evaluation:
[RSSCN7 x3]	psnr: 29.253 (Best: 29.279 @epoch 326)
Total time: 15.02s

[Epoch 370]	Learning rate: 1.00e-4
[40/1120]	[L1: 0.0241]	2.6+0.0s
[80/1120]	[L1: 0.0267]	2.4+0.0s
[120/1120]	[L1: 0.0275]	2.4+0.0s
[160/1120]	[L1: 0.0271]	2.4+0.0s
[200/1120]	[L1: 0.0265]	2.3+0.0s
[240/1120]	[L1: 0.0261]	2.3+0.0s
[280/1120]	[L1: 0.0268]	2.4+0.0s
[320/1120]	[L1: 0.0274]	2.3+0.0s
[360/1120]	[L1: 0.0270]	2.7+0.0s
[400/1120]	[L1: 0.0269]	2.8+0.0s
[440/1120]	[L1: 0.0268]	2.4+0.0s
[480/1120]	[L1: 0.0265]	2.3+0.0s
[520/1120]	[L1: 0.0265]	2.5+0.0s
[560/1120]	[L1: 0.0265]	2.6+0.0s
[600/1120]	[L1: 0.0264]	2.8+0.0s
[640/1120]	[L1: 0.0264]	2.9+0.0s
[680/1120]	[L1: 0.0263]	2.6+0.0s
[720/1120]	[L1: 0.0261]	2.5+0.0s
[760/1120]	[L1: 0.0262]	2.6+0.0s
[800/1120]	[L1: 0.0260]	2.5+0.0s
[840/1120]	[L1: 0.0259]	2.5+0.0s
[880/1120]	[L1: 0.0260]	2.6+0.0s
[920/1120]	[L1: 0.0259]	2.5+0.0s
[960/1120]	[L1: 0.0259]	2.8+0.0s
[1000/1120]	[L1: 0.0258]	2.9+0.0s
[1040/1120]	[L1: 0.0258]	2.8+0.0s
[1080/1120]	[L1: 0.0258]	2.6+0.0s
[1120/1120]	[L1: 0.0258]	2.4+0.0s

Evaluation:
[RSSCN7 x3]	psnr: 29.272 (Best: 29.279 @epoch 326)
Total time: 14.94s

[Epoch 371]	Learning rate: 1.00e-4
[40/1120]	[L1: 0.0256]	2.6+0.0s
[80/1120]	[L1: 0.0267]	2.5+0.0s
[120/1120]	[L1: 0.0253]	2.5+0.0s
[160/1120]	[L1: 0.0251]	2.3+0.0s
[200/1120]	[L1: 0.0258]	2.3+0.0s
[240/1120]	[L1: 0.0261]	2.7+0.0s
[280/1120]	[L1: 0.0265]	2.7+0.0s
[320/1120]	[L1: 0.0262]	2.5+0.0s
[360/1120]	[L1: 0.0256]	2.3+0.0s
[400/1120]	[L1: 0.0255]	2.4+0.0s
[440/1120]	[L1: 0.0256]	2.4+0.0s
[480/1120]	[L1: 0.0257]	2.7+0.0s
[520/1120]	[L1: 0.0256]	2.8+0.0s
[560/1120]	[L1: 0.0257]	2.3+0.0s
[600/1120]	[L1: 0.0257]	2.3+0.0s
[640/1120]	[L1: 0.0258]	2.4+0.0s
[680/1120]	[L1: 0.0258]	2.3+0.0s
[720/1120]	[L1: 0.0257]	2.4+0.0s
[760/1120]	[L1: 0.0256]	2.3+0.0s
[800/1120]	[L1: 0.0257]	2.3+0.0s
[840/1120]	[L1: 0.0258]	2.4+0.0s
[880/1120]	[L1: 0.0261]	2.3+0.0s
[920/1120]	[L1: 0.0260]	2.5+0.0s
[960/1120]	[L1: 0.0260]	2.5+0.0s
[1000/1120]	[L1: 0.0260]	2.5+0.0s
[1040/1120]	[L1: 0.0258]	2.6+0.0s
[1080/1120]	[L1: 0.0258]	2.6+0.0s
[1120/1120]	[L1: 0.0258]	2.6+0.0s

Evaluation:
[RSSCN7 x3]	psnr: 29.267 (Best: 29.279 @epoch 326)
Total time: 14.91s

[Epoch 372]	Learning rate: 1.00e-4
[40/1120]	[L1: 0.0287]	2.5+0.0s
[80/1120]	[L1: 0.0271]	2.7+0.0s
[120/1120]	[L1: 0.0259]	2.7+0.0s
[160/1120]	[L1: 0.0263]	2.8+0.0s
[200/1120]	[L1: 0.0255]	2.5+0.0s
[240/1120]	[L1: 0.0253]	2.4+0.0s
[280/1120]	[L1: 0.0254]	2.3+0.0s
[320/1120]	[L1: 0.0254]	2.3+0.0s
[360/1120]	[L1: 0.0258]	2.3+0.0s
[400/1120]	[L1: 0.0258]	2.4+0.0s
[440/1120]	[L1: 0.0257]	2.3+0.0s
[480/1120]	[L1: 0.0260]	2.6+0.0s
[520/1120]	[L1: 0.0260]	2.9+0.0s
[560/1120]	[L1: 0.0256]	2.3+0.0s
[600/1120]	[L1: 0.0257]	2.3+0.0s
[640/1120]	[L1: 0.0258]	2.3+0.0s
[680/1120]	[L1: 0.0257]	2.4+0.0s
[720/1120]	[L1: 0.0258]	2.3+0.0s
[760/1120]	[L1: 0.0258]	2.3+0.0s
[800/1120]	[L1: 0.0260]	2.4+0.0s
[840/1120]	[L1: 0.0261]	2.3+0.0s
[880/1120]	[L1: 0.0261]	2.4+0.0s
[920/1120]	[L1: 0.0262]	2.3+0.0s
[960/1120]	[L1: 0.0263]	2.4+0.0s
[1000/1120]	[L1: 0.0261]	2.3+0.0s
[1040/1120]	[L1: 0.0261]	2.3+0.0s
[1080/1120]	[L1: 0.0260]	2.3+0.0s
[1120/1120]	[L1: 0.0259]	2.4+0.0s

Evaluation:
[RSSCN7 x3]	psnr: 29.272 (Best: 29.279 @epoch 326)
Total time: 14.95s

[Epoch 373]	Learning rate: 1.00e-4
[40/1120]	[L1: 0.0240]	2.6+0.0s
[80/1120]	[L1: 0.0268]	2.5+0.0s
[120/1120]	[L1: 0.0266]	2.5+0.0s
[160/1120]	[L1: 0.0265]	2.5+0.0s
[200/1120]	[L1: 0.0272]	2.6+0.0s
[240/1120]	[L1: 0.0267]	2.8+0.0s
[280/1120]	[L1: 0.0269]	2.9+0.0s
[320/1120]	[L1: 0.0265]	2.8+0.0s
[360/1120]	[L1: 0.0261]	2.5+0.0s
[400/1120]	[L1: 0.0259]	2.4+0.0s
[440/1120]	[L1: 0.0256]	2.3+0.0s
[480/1120]	[L1: 0.0258]	2.4+0.0s
[520/1120]	[L1: 0.0257]	2.3+0.0s
[560/1120]	[L1: 0.0260]	2.4+0.0s
[600/1120]	[L1: 0.0260]	2.3+0.0s
[640/1120]	[L1: 0.0260]	2.5+0.0s
[680/1120]	[L1: 0.0261]	2.4+0.0s
[720/1120]	[L1: 0.0263]	2.5+0.0s
[760/1120]	[L1: 0.0261]	2.9+0.0s
[800/1120]	[L1: 0.0262]	2.9+0.0s
[840/1120]	[L1: 0.0261]	2.6+0.0s
[880/1120]	[L1: 0.0259]	2.5+0.0s
[920/1120]	[L1: 0.0260]	2.6+0.0s
[960/1120]	[L1: 0.0262]	2.7+0.0s
[1000/1120]	[L1: 0.0262]	2.4+0.0s
[1040/1120]	[L1: 0.0261]	2.4+0.0s
[1080/1120]	[L1: 0.0259]	2.9+0.0s
[1120/1120]	[L1: 0.0259]	2.8+0.0s

Evaluation:
[RSSCN7 x3]	psnr: 29.260 (Best: 29.279 @epoch 326)
Total time: 14.95s

[Epoch 374]	Learning rate: 1.00e-4
[40/1120]	[L1: 0.0288]	2.6+0.0s
[80/1120]	[L1: 0.0280]	2.5+0.0s
[120/1120]	[L1: 0.0261]	3.0+0.0s
[160/1120]	[L1: 0.0266]	2.7+0.0s
[200/1120]	[L1: 0.0268]	2.5+0.0s
[240/1120]	[L1: 0.0269]	2.5+0.0s
[280/1120]	[L1: 0.0259]	2.5+0.0s
[320/1120]	[L1: 0.0263]	2.9+0.0s
[360/1120]	[L1: 0.0265]	2.9+0.0s
[400/1120]	[L1: 0.0260]	2.9+0.0s
[440/1120]	[L1: 0.0257]	3.0+0.0s
[480/1120]	[L1: 0.0256]	2.8+0.0s
[520/1120]	[L1: 0.0256]	2.9+0.0s
[560/1120]	[L1: 0.0257]	2.4+0.0s
[600/1120]	[L1: 0.0259]	2.3+0.0s
[640/1120]	[L1: 0.0259]	2.4+0.0s
[680/1120]	[L1: 0.0261]	2.4+0.0s
[720/1120]	[L1: 0.0259]	2.6+0.0s
[760/1120]	[L1: 0.0260]	2.5+0.0s
[800/1120]	[L1: 0.0261]	2.5+0.0s
[840/1120]	[L1: 0.0261]	2.5+0.0s
[880/1120]	[L1: 0.0261]	2.4+0.0s
[920/1120]	[L1: 0.0260]	2.6+0.0s
[960/1120]	[L1: 0.0260]	2.4+0.0s
[1000/1120]	[L1: 0.0260]	2.4+0.0s
[1040/1120]	[L1: 0.0260]	2.6+0.0s
[1080/1120]	[L1: 0.0260]	2.5+0.0s
[1120/1120]	[L1: 0.0260]	2.6+0.0s

Evaluation:
[RSSCN7 x3]	psnr: 29.266 (Best: 29.279 @epoch 326)
Total time: 14.94s

[Epoch 375]	Learning rate: 1.00e-4
[40/1120]	[L1: 0.0266]	2.9+0.0s
[80/1120]	[L1: 0.0268]	3.1+0.0s
[120/1120]	[L1: 0.0258]	2.7+0.0s
[160/1120]	[L1: 0.0261]	2.4+0.0s
[200/1120]	[L1: 0.0258]	2.6+0.0s
[240/1120]	[L1: 0.0259]	2.9+0.0s
[280/1120]	[L1: 0.0266]	2.9+0.0s
[320/1120]	[L1: 0.0266]	2.5+0.0s
[360/1120]	[L1: 0.0269]	2.6+0.0s
[400/1120]	[L1: 0.0269]	2.9+0.0s
[440/1120]	[L1: 0.0265]	2.7+0.0s
[480/1120]	[L1: 0.0261]	2.6+0.0s
[520/1120]	[L1: 0.0261]	2.8+0.0s
[560/1120]	[L1: 0.0263]	2.3+0.0s
[600/1120]	[L1: 0.0260]	2.3+0.0s
[640/1120]	[L1: 0.0261]	2.3+0.0s
[680/1120]	[L1: 0.0261]	2.4+0.0s
[720/1120]	[L1: 0.0263]	2.3+0.0s
[760/1120]	[L1: 0.0261]	2.3+0.0s
[800/1120]	[L1: 0.0261]	2.4+0.0s
[840/1120]	[L1: 0.0263]	2.3+0.0s
[880/1120]	[L1: 0.0263]	2.3+0.0s
[920/1120]	[L1: 0.0263]	2.3+0.0s
[960/1120]	[L1: 0.0263]	2.4+0.0s
[1000/1120]	[L1: 0.0261]	2.3+0.0s
[1040/1120]	[L1: 0.0262]	2.3+0.0s
[1080/1120]	[L1: 0.0260]	2.4+0.0s
[1120/1120]	[L1: 0.0259]	2.3+0.0s

Evaluation:
[RSSCN7 x3]	psnr: 29.278 (Best: 29.279 @epoch 326)
Total time: 14.97s

[Epoch 376]	Learning rate: 1.00e-4
[40/1120]	[L1: 0.0240]	2.6+0.0s
[80/1120]	[L1: 0.0260]	2.4+0.0s
[120/1120]	[L1: 0.0268]	2.4+0.0s
[160/1120]	[L1: 0.0266]	2.5+0.0s
[200/1120]	[L1: 0.0275]	2.4+0.0s
[240/1120]	[L1: 0.0267]	2.4+0.0s
[280/1120]	[L1: 0.0266]	2.4+0.0s
[320/1120]	[L1: 0.0266]	2.3+0.0s
[360/1120]	[L1: 0.0261]	2.5+0.0s
[400/1120]	[L1: 0.0259]	3.0+0.0s
[440/1120]	[L1: 0.0258]	2.9+0.0s
[480/1120]	[L1: 0.0260]	2.8+0.0s
[520/1120]	[L1: 0.0262]	2.6+0.0s
[560/1120]	[L1: 0.0263]	2.5+0.0s
[600/1120]	[L1: 0.0262]	2.7+0.0s
[640/1120]	[L1: 0.0263]	3.0+0.0s
[680/1120]	[L1: 0.0261]	2.7+0.0s
[720/1120]	[L1: 0.0260]	2.4+0.0s
[760/1120]	[L1: 0.0257]	2.5+0.0s
[800/1120]	[L1: 0.0256]	2.4+0.0s
[840/1120]	[L1: 0.0256]	2.4+0.0s
[880/1120]	[L1: 0.0255]	2.5+0.0s
[920/1120]	[L1: 0.0254]	2.4+0.0s
[960/1120]	[L1: 0.0256]	2.5+0.0s
[1000/1120]	[L1: 0.0256]	2.4+0.0s
[1040/1120]	[L1: 0.0256]	2.3+0.0s
[1080/1120]	[L1: 0.0258]	2.6+0.0s
[1120/1120]	[L1: 0.0258]	2.8+0.0s

Evaluation:
[RSSCN7 x3]	psnr: 29.266 (Best: 29.279 @epoch 326)
Total time: 15.04s

[Epoch 377]	Learning rate: 1.00e-4
[40/1120]	[L1: 0.0245]	2.9+0.0s
[80/1120]	[L1: 0.0240]	2.8+0.0s
[120/1120]	[L1: 0.0255]	2.6+0.0s
[160/1120]	[L1: 0.0250]	2.5+0.0s
[200/1120]	[L1: 0.0252]	2.5+0.0s
[240/1120]	[L1: 0.0255]	2.7+0.0s
[280/1120]	[L1: 0.0255]	2.9+0.0s
[320/1120]	[L1: 0.0262]	2.6+0.0s
[360/1120]	[L1: 0.0264]	2.5+0.0s
[400/1120]	[L1: 0.0265]	2.9+0.0s
[440/1120]	[L1: 0.0263]	2.7+0.0s
[480/1120]	[L1: 0.0261]	2.4+0.0s
[520/1120]	[L1: 0.0260]	2.5+0.0s
[560/1120]	[L1: 0.0262]	2.3+0.0s
[600/1120]	[L1: 0.0261]	2.3+0.0s
[640/1120]	[L1: 0.0261]	2.4+0.0s
[680/1120]	[L1: 0.0263]	2.3+0.0s
[720/1120]	[L1: 0.0263]	2.4+0.0s
[760/1120]	[L1: 0.0262]	2.3+0.0s
[800/1120]	[L1: 0.0264]	2.4+0.0s
[840/1120]	[L1: 0.0262]	2.6+0.0s
[880/1120]	[L1: 0.0261]	2.6+0.0s
[920/1120]	[L1: 0.0261]	3.0+0.0s
[960/1120]	[L1: 0.0260]	2.5+0.0s
[1000/1120]	[L1: 0.0259]	2.6+0.0s
[1040/1120]	[L1: 0.0259]	2.6+0.0s
[1080/1120]	[L1: 0.0259]	2.6+0.0s
[1120/1120]	[L1: 0.0259]	2.6+0.0s

Evaluation:
[RSSCN7 x3]	psnr: 29.282 (Best: 29.282 @epoch 377)
Total time: 14.94s

[Epoch 378]	Learning rate: 1.00e-4
[40/1120]	[L1: 0.0249]	2.5+0.0s
[80/1120]	[L1: 0.0257]	2.6+0.0s
[120/1120]	[L1: 0.0249]	2.8+0.0s
[160/1120]	[L1: 0.0240]	3.2+0.0s
[200/1120]	[L1: 0.0247]	2.6+0.0s
[240/1120]	[L1: 0.0252]	2.9+0.0s
[280/1120]	[L1: 0.0253]	2.9+0.0s
[320/1120]	[L1: 0.0252]	2.7+0.0s
[360/1120]	[L1: 0.0252]	2.7+0.0s
[400/1120]	[L1: 0.0252]	2.8+0.0s
[440/1120]	[L1: 0.0255]	2.5+0.0s
[480/1120]	[L1: 0.0255]	2.5+0.0s
[520/1120]	[L1: 0.0255]	2.3+0.0s
[560/1120]	[L1: 0.0258]	2.5+0.0s
[600/1120]	[L1: 0.0258]	2.4+0.0s
[640/1120]	[L1: 0.0258]	2.5+0.0s
[680/1120]	[L1: 0.0259]	2.4+0.0s
[720/1120]	[L1: 0.0258]	2.9+0.0s
[760/1120]	[L1: 0.0260]	2.8+0.0s
[800/1120]	[L1: 0.0258]	2.9+0.0s
[840/1120]	[L1: 0.0257]	2.9+0.0s
[880/1120]	[L1: 0.0258]	2.9+0.0s
[920/1120]	[L1: 0.0258]	2.6+0.0s
[960/1120]	[L1: 0.0258]	2.4+0.0s
[1000/1120]	[L1: 0.0258]	2.5+0.0s
[1040/1120]	[L1: 0.0260]	2.4+0.0s
[1080/1120]	[L1: 0.0259]	2.9+0.0s
[1120/1120]	[L1: 0.0259]	2.8+0.0s

Evaluation:
[RSSCN7 x3]	psnr: 29.282 (Best: 29.282 @epoch 377)
Total time: 14.98s

[Epoch 379]	Learning rate: 1.00e-4
[40/1120]	[L1: 0.0241]	2.6+0.0s
[80/1120]	[L1: 0.0256]	2.4+0.0s
[120/1120]	[L1: 0.0257]	2.4+0.0s
[160/1120]	[L1: 0.0257]	2.6+0.0s
[200/1120]	[L1: 0.0257]	2.8+0.0s
[240/1120]	[L1: 0.0260]	3.0+0.0s
[280/1120]	[L1: 0.0259]	2.8+0.0s
[320/1120]	[L1: 0.0256]	2.6+0.0s
[360/1120]	[L1: 0.0258]	2.3+0.0s
[400/1120]	[L1: 0.0256]	2.7+0.0s
[440/1120]	[L1: 0.0254]	2.5+0.0s
[480/1120]	[L1: 0.0255]	2.5+0.0s
[520/1120]	[L1: 0.0256]	2.8+0.0s
[560/1120]	[L1: 0.0254]	2.9+0.0s
[600/1120]	[L1: 0.0255]	2.9+0.0s
[640/1120]	[L1: 0.0257]	2.3+0.0s
[680/1120]	[L1: 0.0256]	2.4+0.0s
[720/1120]	[L1: 0.0255]	2.8+0.0s
[760/1120]	[L1: 0.0255]	2.9+0.0s
[800/1120]	[L1: 0.0256]	2.5+0.0s
[840/1120]	[L1: 0.0257]	2.3+0.0s
[880/1120]	[L1: 0.0257]	2.4+0.0s
[920/1120]	[L1: 0.0256]	2.4+0.0s
[960/1120]	[L1: 0.0258]	2.8+0.0s
[1000/1120]	[L1: 0.0257]	2.7+0.0s
[1040/1120]	[L1: 0.0257]	2.4+0.0s
[1080/1120]	[L1: 0.0259]	2.3+0.0s
[1120/1120]	[L1: 0.0259]	2.3+0.0s

Evaluation:
[RSSCN7 x3]	psnr: 29.261 (Best: 29.282 @epoch 377)
Total time: 14.93s

[Epoch 380]	Learning rate: 1.00e-4
[40/1120]	[L1: 0.0269]	2.5+0.0s
[80/1120]	[L1: 0.0280]	2.4+0.0s
[120/1120]	[L1: 0.0283]	2.7+0.0s
[160/1120]	[L1: 0.0275]	2.8+0.0s
[200/1120]	[L1: 0.0273]	2.4+0.0s
[240/1120]	[L1: 0.0265]	2.4+0.0s
[280/1120]	[L1: 0.0259]	2.4+0.0s
[320/1120]	[L1: 0.0259]	2.3+0.0s
[360/1120]	[L1: 0.0258]	2.7+0.0s
[400/1120]	[L1: 0.0259]	2.5+0.0s
[440/1120]	[L1: 0.0260]	2.3+0.0s
[480/1120]	[L1: 0.0260]	2.3+0.0s
[520/1120]	[L1: 0.0259]	2.4+0.0s
[560/1120]	[L1: 0.0258]	2.3+0.0s
[600/1120]	[L1: 0.0259]	2.3+0.0s
[640/1120]	[L1: 0.0259]	2.3+0.0s
[680/1120]	[L1: 0.0260]	2.4+0.0s
[720/1120]	[L1: 0.0261]	2.4+0.0s
[760/1120]	[L1: 0.0261]	2.4+0.0s
[800/1120]	[L1: 0.0261]	2.6+0.0s
[840/1120]	[L1: 0.0261]	2.5+0.0s
[880/1120]	[L1: 0.0264]	2.5+0.0s
[920/1120]	[L1: 0.0263]	2.5+0.0s
[960/1120]	[L1: 0.0262]	2.7+0.0s
[1000/1120]	[L1: 0.0263]	2.8+0.0s
[1040/1120]	[L1: 0.0261]	2.5+0.0s
[1080/1120]	[L1: 0.0262]	2.4+0.0s
[1120/1120]	[L1: 0.0260]	2.5+0.0s

Evaluation:
[RSSCN7 x3]	psnr: 29.211 (Best: 29.282 @epoch 377)
Total time: 14.92s

[Epoch 381]	Learning rate: 1.00e-4
[40/1120]	[L1: 0.0243]	2.6+0.0s
[80/1120]	[L1: 0.0224]	2.5+0.0s
[120/1120]	[L1: 0.0247]	2.5+0.0s
[160/1120]	[L1: 0.0248]	2.6+0.0s
[200/1120]	[L1: 0.0253]	2.5+0.0s
[240/1120]	[L1: 0.0248]	2.5+0.0s
[280/1120]	[L1: 0.0252]	2.6+0.0s
[320/1120]	[L1: 0.0257]	2.5+0.0s
[360/1120]	[L1: 0.0256]	2.4+0.0s
[400/1120]	[L1: 0.0258]	2.5+0.0s
[440/1120]	[L1: 0.0258]	2.4+0.0s
[480/1120]	[L1: 0.0256]	2.5+0.0s
[520/1120]	[L1: 0.0255]	2.9+0.0s
[560/1120]	[L1: 0.0257]	2.8+0.0s
[600/1120]	[L1: 0.0260]	2.7+0.0s
[640/1120]	[L1: 0.0259]	2.5+0.0s
[680/1120]	[L1: 0.0260]	2.4+0.0s
[720/1120]	[L1: 0.0261]	2.4+0.0s
[760/1120]	[L1: 0.0260]	2.5+0.0s
[800/1120]	[L1: 0.0262]	2.4+0.0s
[840/1120]	[L1: 0.0260]	2.5+0.0s
[880/1120]	[L1: 0.0261]	2.4+0.0s
[920/1120]	[L1: 0.0261]	2.5+0.0s
[960/1120]	[L1: 0.0261]	2.6+0.0s
[1000/1120]	[L1: 0.0259]	2.5+0.0s
[1040/1120]	[L1: 0.0260]	2.5+0.0s
[1080/1120]	[L1: 0.0260]	2.8+0.0s
[1120/1120]	[L1: 0.0260]	2.4+0.0s

Evaluation:
[RSSCN7 x3]	psnr: 29.262 (Best: 29.282 @epoch 377)
Total time: 14.94s

[Epoch 382]	Learning rate: 1.00e-4
[40/1120]	[L1: 0.0214]	2.6+0.0s
[80/1120]	[L1: 0.0253]	2.4+0.0s
[120/1120]	[L1: 0.0262]	2.5+0.0s
[160/1120]	[L1: 0.0260]	2.3+0.0s
[200/1120]	[L1: 0.0255]	2.4+0.0s
[240/1120]	[L1: 0.0259]	2.4+0.0s
[280/1120]	[L1: 0.0262]	2.3+0.0s
[320/1120]	[L1: 0.0259]	2.4+0.0s
[360/1120]	[L1: 0.0254]	2.3+0.0s
[400/1120]	[L1: 0.0254]	2.3+0.0s
[440/1120]	[L1: 0.0252]	2.5+0.0s
[480/1120]	[L1: 0.0254]	2.3+0.0s
[520/1120]	[L1: 0.0256]	2.4+0.0s
[560/1120]	[L1: 0.0256]	2.3+0.0s
[600/1120]	[L1: 0.0256]	2.3+0.0s
[640/1120]	[L1: 0.0256]	2.4+0.0s
[680/1120]	[L1: 0.0255]	2.3+0.0s
[720/1120]	[L1: 0.0258]	2.4+0.0s
[760/1120]	[L1: 0.0259]	2.3+0.0s
[800/1120]	[L1: 0.0259]	2.3+0.0s
[840/1120]	[L1: 0.0259]	2.4+0.0s
[880/1120]	[L1: 0.0260]	2.3+0.0s
[920/1120]	[L1: 0.0259]	2.5+0.0s
[960/1120]	[L1: 0.0259]	2.7+0.0s
[1000/1120]	[L1: 0.0258]	2.9+0.0s
[1040/1120]	[L1: 0.0259]	3.0+0.0s
[1080/1120]	[L1: 0.0259]	2.5+0.0s
[1120/1120]	[L1: 0.0257]	2.6+0.0s

Evaluation:
[RSSCN7 x3]	psnr: 29.272 (Best: 29.282 @epoch 377)
Total time: 14.96s

[Epoch 383]	Learning rate: 1.00e-4
[40/1120]	[L1: 0.0255]	2.8+0.0s
[80/1120]	[L1: 0.0264]	3.0+0.0s
[120/1120]	[L1: 0.0254]	2.6+0.0s
[160/1120]	[L1: 0.0260]	2.4+0.0s
[200/1120]	[L1: 0.0262]	2.4+0.0s
[240/1120]	[L1: 0.0260]	2.4+0.0s
[280/1120]	[L1: 0.0262]	2.4+0.0s
[320/1120]	[L1: 0.0262]	2.5+0.0s
[360/1120]	[L1: 0.0263]	2.6+0.0s
[400/1120]	[L1: 0.0261]	2.5+0.0s
[440/1120]	[L1: 0.0262]	2.4+0.0s
[480/1120]	[L1: 0.0261]	2.6+0.0s
[520/1120]	[L1: 0.0259]	2.8+0.0s
[560/1120]	[L1: 0.0260]	2.9+0.0s
[600/1120]	[L1: 0.0262]	2.9+0.0s
[640/1120]	[L1: 0.0261]	3.0+0.0s
[680/1120]	[L1: 0.0261]	2.5+0.0s
[720/1120]	[L1: 0.0260]	2.3+0.0s
[760/1120]	[L1: 0.0258]	2.4+0.0s
[800/1120]	[L1: 0.0256]	2.3+0.0s
[840/1120]	[L1: 0.0256]	2.3+0.0s
[880/1120]	[L1: 0.0256]	2.4+0.0s
[920/1120]	[L1: 0.0256]	2.3+0.0s
[960/1120]	[L1: 0.0256]	2.3+0.0s
[1000/1120]	[L1: 0.0257]	2.4+0.0s
[1040/1120]	[L1: 0.0256]	2.3+0.0s
[1080/1120]	[L1: 0.0257]	2.4+0.0s
[1120/1120]	[L1: 0.0258]	2.9+0.0s

Evaluation:
[RSSCN7 x3]	psnr: 29.258 (Best: 29.282 @epoch 377)
Total time: 14.94s

[Epoch 384]	Learning rate: 1.00e-4
[40/1120]	[L1: 0.0298]	2.5+0.0s
[80/1120]	[L1: 0.0260]	2.5+0.0s
[120/1120]	[L1: 0.0247]	2.4+0.0s
[160/1120]	[L1: 0.0261]	2.3+0.0s
[200/1120]	[L1: 0.0259]	2.4+0.0s
[240/1120]	[L1: 0.0262]	2.3+0.0s
[280/1120]	[L1: 0.0264]	2.9+0.0s
[320/1120]	[L1: 0.0265]	2.6+0.0s
[360/1120]	[L1: 0.0263]	2.3+0.0s
[400/1120]	[L1: 0.0259]	2.4+0.0s
[440/1120]	[L1: 0.0258]	2.6+0.0s
[480/1120]	[L1: 0.0261]	3.0+0.0s
[520/1120]	[L1: 0.0261]	3.0+0.0s
[560/1120]	[L1: 0.0261]	3.0+0.0s
[600/1120]	[L1: 0.0261]	2.8+0.0s
[640/1120]	[L1: 0.0259]	2.9+0.0s
[680/1120]	[L1: 0.0259]	2.9+0.0s
[720/1120]	[L1: 0.0260]	2.6+0.0s
[760/1120]	[L1: 0.0261]	2.5+0.0s
[800/1120]	[L1: 0.0262]	2.4+0.0s
[840/1120]	[L1: 0.0261]	2.4+0.0s
[880/1120]	[L1: 0.0261]	2.4+0.0s
[920/1120]	[L1: 0.0261]	2.4+0.0s
[960/1120]	[L1: 0.0260]	2.4+0.0s
[1000/1120]	[L1: 0.0259]	2.4+0.0s
[1040/1120]	[L1: 0.0259]	2.6+0.0s
[1080/1120]	[L1: 0.0259]	2.6+0.0s
[1120/1120]	[L1: 0.0258]	2.4+0.0s

Evaluation:
[RSSCN7 x3]	psnr: 29.277 (Best: 29.282 @epoch 377)
Total time: 14.95s

[Epoch 385]	Learning rate: 1.00e-4
[40/1120]	[L1: 0.0268]	2.5+0.0s
[80/1120]	[L1: 0.0267]	2.5+0.0s
[120/1120]	[L1: 0.0275]	2.6+0.0s
[160/1120]	[L1: 0.0275]	2.4+0.0s
[200/1120]	[L1: 0.0273]	2.3+0.0s
[240/1120]	[L1: 0.0270]	2.4+0.0s
[280/1120]	[L1: 0.0269]	2.3+0.0s
[320/1120]	[L1: 0.0269]	2.4+0.0s
[360/1120]	[L1: 0.0265]	2.3+0.0s
[400/1120]	[L1: 0.0267]	2.3+0.0s
[440/1120]	[L1: 0.0263]	2.4+0.0s
[480/1120]	[L1: 0.0262]	2.5+0.0s
[520/1120]	[L1: 0.0260]	2.9+0.0s
[560/1120]	[L1: 0.0261]	2.6+0.0s
[600/1120]	[L1: 0.0260]	2.3+0.0s
[640/1120]	[L1: 0.0261]	2.5+0.0s
[680/1120]	[L1: 0.0260]	2.4+0.0s
[720/1120]	[L1: 0.0259]	2.4+0.0s
[760/1120]	[L1: 0.0259]	2.3+0.0s
[800/1120]	[L1: 0.0259]	2.4+0.0s
[840/1120]	[L1: 0.0261]	2.7+0.0s
[880/1120]	[L1: 0.0261]	2.8+0.0s
[920/1120]	[L1: 0.0260]	2.9+0.0s
[960/1120]	[L1: 0.0261]	2.4+0.0s
[1000/1120]	[L1: 0.0261]	2.3+0.0s
[1040/1120]	[L1: 0.0261]	2.4+0.0s
[1080/1120]	[L1: 0.0259]	2.3+0.0s
[1120/1120]	[L1: 0.0259]	2.4+0.0s

Evaluation:
[RSSCN7 x3]	psnr: 29.283 (Best: 29.283 @epoch 385)
Total time: 14.94s

[Epoch 386]	Learning rate: 1.00e-4
[40/1120]	[L1: 0.0276]	2.5+0.0s
[80/1120]	[L1: 0.0264]	2.6+0.0s
[120/1120]	[L1: 0.0264]	2.5+0.0s
[160/1120]	[L1: 0.0261]	2.5+0.0s
[200/1120]	[L1: 0.0258]	2.9+0.0s
[240/1120]	[L1: 0.0257]	3.1+0.0s
[280/1120]	[L1: 0.0255]	3.0+0.0s
[320/1120]	[L1: 0.0249]	2.9+0.0s
[360/1120]	[L1: 0.0250]	2.8+0.0s
[400/1120]	[L1: 0.0254]	2.9+0.0s
[440/1120]	[L1: 0.0254]	2.7+0.0s
[480/1120]	[L1: 0.0252]	2.4+0.0s
[520/1120]	[L1: 0.0252]	2.3+0.0s
[560/1120]	[L1: 0.0254]	2.5+0.0s
[600/1120]	[L1: 0.0255]	2.4+0.0s
[640/1120]	[L1: 0.0257]	2.4+0.0s
[680/1120]	[L1: 0.0257]	2.4+0.0s
[720/1120]	[L1: 0.0258]	2.3+0.0s
[760/1120]	[L1: 0.0256]	2.5+0.0s
[800/1120]	[L1: 0.0257]	2.5+0.0s
[840/1120]	[L1: 0.0256]	3.1+0.0s
[880/1120]	[L1: 0.0256]	2.9+0.0s
[920/1120]	[L1: 0.0257]	2.9+0.0s
[960/1120]	[L1: 0.0257]	2.9+0.0s
[1000/1120]	[L1: 0.0257]	3.0+0.0s
[1040/1120]	[L1: 0.0259]	2.8+0.0s
[1080/1120]	[L1: 0.0259]	2.5+0.0s
[1120/1120]	[L1: 0.0258]	2.4+0.0s

Evaluation:
[RSSCN7 x3]	psnr: 29.248 (Best: 29.283 @epoch 385)
Total time: 14.95s

[Epoch 387]	Learning rate: 1.00e-4
[40/1120]	[L1: 0.0234]	2.6+0.0s
[80/1120]	[L1: 0.0260]	2.5+0.0s
[120/1120]	[L1: 0.0259]	2.6+0.0s
[160/1120]	[L1: 0.0257]	2.4+0.0s
[200/1120]	[L1: 0.0260]	2.3+0.0s
[240/1120]	[L1: 0.0260]	2.5+0.0s
[280/1120]	[L1: 0.0256]	2.4+0.0s
[320/1120]	[L1: 0.0260]	2.4+0.0s
[360/1120]	[L1: 0.0258]	2.5+0.0s
[400/1120]	[L1: 0.0260]	2.3+0.0s
[440/1120]	[L1: 0.0259]	2.5+0.0s
[480/1120]	[L1: 0.0261]	2.3+0.0s
[520/1120]	[L1: 0.0264]	2.4+0.0s
[560/1120]	[L1: 0.0263]	2.5+0.0s
[600/1120]	[L1: 0.0264]	2.3+0.0s
[640/1120]	[L1: 0.0262]	2.3+0.0s
[680/1120]	[L1: 0.0260]	2.4+0.0s
[720/1120]	[L1: 0.0260]	2.3+0.0s
[760/1120]	[L1: 0.0258]	2.4+0.0s
[800/1120]	[L1: 0.0258]	2.5+0.0s
[840/1120]	[L1: 0.0258]	2.3+0.0s
[880/1120]	[L1: 0.0257]	2.4+0.0s
[920/1120]	[L1: 0.0257]	2.7+0.0s
[960/1120]	[L1: 0.0258]	2.8+0.0s
[1000/1120]	[L1: 0.0257]	2.8+0.0s
[1040/1120]	[L1: 0.0258]	2.9+0.0s
[1080/1120]	[L1: 0.0258]	2.7+0.0s
[1120/1120]	[L1: 0.0258]	2.9+0.0s

Evaluation:
[RSSCN7 x3]	psnr: 29.275 (Best: 29.283 @epoch 385)
Total time: 15.00s

[Epoch 388]	Learning rate: 1.00e-4
[40/1120]	[L1: 0.0282]	2.7+0.0s
[80/1120]	[L1: 0.0267]	2.4+0.0s
[120/1120]	[L1: 0.0267]	2.9+0.0s
[160/1120]	[L1: 0.0260]	3.0+0.0s
[200/1120]	[L1: 0.0266]	3.1+0.0s
[240/1120]	[L1: 0.0265]	2.8+0.0s
[280/1120]	[L1: 0.0262]	2.8+0.0s
[320/1120]	[L1: 0.0265]	2.8+0.0s
[360/1120]	[L1: 0.0265]	2.9+0.0s
[400/1120]	[L1: 0.0264]	2.7+0.0s
[440/1120]	[L1: 0.0266]	2.4+0.0s
[480/1120]	[L1: 0.0268]	2.3+0.0s
[520/1120]	[L1: 0.0267]	2.6+0.0s
[560/1120]	[L1: 0.0267]	2.7+0.0s
[600/1120]	[L1: 0.0266]	2.5+0.0s
[640/1120]	[L1: 0.0265]	2.6+0.0s
[680/1120]	[L1: 0.0264]	2.4+0.0s
[720/1120]	[L1: 0.0266]	2.4+0.0s
[760/1120]	[L1: 0.0265]	2.3+0.0s
[800/1120]	[L1: 0.0264]	2.3+0.0s
[840/1120]	[L1: 0.0264]	2.4+0.0s
[880/1120]	[L1: 0.0263]	2.3+0.0s
[920/1120]	[L1: 0.0262]	2.3+0.0s
[960/1120]	[L1: 0.0261]	2.4+0.0s
[1000/1120]	[L1: 0.0262]	2.4+0.0s
[1040/1120]	[L1: 0.0262]	2.4+0.0s
[1080/1120]	[L1: 0.0260]	2.9+0.0s
[1120/1120]	[L1: 0.0260]	2.8+0.0s

Evaluation:
[RSSCN7 x3]	psnr: 29.273 (Best: 29.283 @epoch 385)
Total time: 14.94s

[Epoch 389]	Learning rate: 1.00e-4
[40/1120]	[L1: 0.0256]	2.5+0.0s
[80/1120]	[L1: 0.0261]	2.5+0.0s
[120/1120]	[L1: 0.0262]	2.4+0.0s
[160/1120]	[L1: 0.0250]	2.4+0.0s
[200/1120]	[L1: 0.0257]	2.4+0.0s
[240/1120]	[L1: 0.0253]	2.4+0.0s
[280/1120]	[L1: 0.0251]	2.6+0.0s
[320/1120]	[L1: 0.0250]	2.4+0.0s
[360/1120]	[L1: 0.0253]	2.4+0.0s
[400/1120]	[L1: 0.0249]	2.7+0.0s
[440/1120]	[L1: 0.0252]	2.8+0.0s
[480/1120]	[L1: 0.0253]	3.0+0.0s
[520/1120]	[L1: 0.0256]	2.4+0.0s
[560/1120]	[L1: 0.0253]	2.4+0.0s
[600/1120]	[L1: 0.0254]	2.4+0.0s
[640/1120]	[L1: 0.0254]	2.7+0.0s
[680/1120]	[L1: 0.0253]	2.5+0.0s
[720/1120]	[L1: 0.0254]	2.5+0.0s
[760/1120]	[L1: 0.0255]	2.5+0.0s
[800/1120]	[L1: 0.0255]	2.5+0.0s
[840/1120]	[L1: 0.0257]	2.8+0.0s
[880/1120]	[L1: 0.0259]	2.9+0.0s
[920/1120]	[L1: 0.0257]	2.9+0.0s
[960/1120]	[L1: 0.0258]	2.9+0.0s
[1000/1120]	[L1: 0.0260]	2.9+0.0s
[1040/1120]	[L1: 0.0260]	2.5+0.0s
[1080/1120]	[L1: 0.0258]	2.4+0.0s
[1120/1120]	[L1: 0.0258]	2.4+0.0s

Evaluation:
[RSSCN7 x3]	psnr: 29.234 (Best: 29.283 @epoch 385)
Total time: 15.02s

[Epoch 390]	Learning rate: 1.00e-4
[40/1120]	[L1: 0.0245]	2.4+0.0s
[80/1120]	[L1: 0.0242]	2.5+0.0s
[120/1120]	[L1: 0.0252]	2.5+0.0s
[160/1120]	[L1: 0.0257]	2.3+0.0s
[200/1120]	[L1: 0.0257]	2.4+0.0s
[240/1120]	[L1: 0.0256]	2.5+0.0s
[280/1120]	[L1: 0.0258]	2.3+0.0s
[320/1120]	[L1: 0.0258]	2.4+0.0s
[360/1120]	[L1: 0.0261]	2.4+0.0s
[400/1120]	[L1: 0.0262]	2.8+0.0s
[440/1120]	[L1: 0.0260]	2.9+0.0s
[480/1120]	[L1: 0.0260]	2.7+0.0s
[520/1120]	[L1: 0.0264]	2.4+0.0s
[560/1120]	[L1: 0.0265]	2.3+0.0s
[600/1120]	[L1: 0.0266]	2.3+0.0s
[640/1120]	[L1: 0.0266]	2.4+0.0s
[680/1120]	[L1: 0.0265]	2.3+0.0s
[720/1120]	[L1: 0.0261]	2.4+0.0s
[760/1120]	[L1: 0.0260]	2.3+0.0s
[800/1120]	[L1: 0.0260]	2.3+0.0s
[840/1120]	[L1: 0.0261]	2.4+0.0s
[880/1120]	[L1: 0.0259]	2.4+0.0s
[920/1120]	[L1: 0.0258]	2.5+0.0s
[960/1120]	[L1: 0.0257]	2.4+0.0s
[1000/1120]	[L1: 0.0257]	2.5+0.0s
[1040/1120]	[L1: 0.0258]	2.6+0.0s
[1080/1120]	[L1: 0.0258]	2.8+0.0s
[1120/1120]	[L1: 0.0258]	2.9+0.0s

Evaluation:
[RSSCN7 x3]	psnr: 29.281 (Best: 29.283 @epoch 385)
Total time: 15.04s

[Epoch 391]	Learning rate: 1.00e-4
[40/1120]	[L1: 0.0252]	2.6+0.0s
[80/1120]	[L1: 0.0248]	2.7+0.0s
[120/1120]	[L1: 0.0252]	2.8+0.0s
[160/1120]	[L1: 0.0251]	2.6+0.0s
[200/1120]	[L1: 0.0251]	2.7+0.0s
[240/1120]	[L1: 0.0248]	3.0+0.0s
[280/1120]	[L1: 0.0256]	3.0+0.0s
[320/1120]	[L1: 0.0255]	3.1+0.0s
[360/1120]	[L1: 0.0252]	2.9+0.0s
[400/1120]	[L1: 0.0252]	2.9+0.0s
[440/1120]	[L1: 0.0251]	2.9+0.0s
[480/1120]	[L1: 0.0254]	2.5+0.0s
[520/1120]	[L1: 0.0257]	2.6+0.0s
[560/1120]	[L1: 0.0256]	2.5+0.0s
[600/1120]	[L1: 0.0258]	2.5+0.0s
[640/1120]	[L1: 0.0258]	2.8+0.0s
[680/1120]	[L1: 0.0256]	2.4+0.0s
[720/1120]	[L1: 0.0258]	2.4+0.0s
[760/1120]	[L1: 0.0259]	2.5+0.0s
[800/1120]	[L1: 0.0259]	2.4+0.0s
[840/1120]	[L1: 0.0259]	2.3+0.0s
[880/1120]	[L1: 0.0259]	2.8+0.0s
[920/1120]	[L1: 0.0259]	2.9+0.0s
[960/1120]	[L1: 0.0259]	2.8+0.0s
[1000/1120]	[L1: 0.0259]	2.4+0.0s
[1040/1120]	[L1: 0.0259]	2.4+0.0s
[1080/1120]	[L1: 0.0258]	2.3+0.0s
[1120/1120]	[L1: 0.0259]	2.9+0.0s

Evaluation:
[RSSCN7 x3]	psnr: 29.290 (Best: 29.290 @epoch 391)
Total time: 14.96s

[Epoch 392]	Learning rate: 1.00e-4
[40/1120]	[L1: 0.0307]	2.6+0.0s
[80/1120]	[L1: 0.0280]	2.5+0.0s
[120/1120]	[L1: 0.0273]	2.6+0.0s
[160/1120]	[L1: 0.0266]	2.5+0.0s
[200/1120]	[L1: 0.0257]	2.5+0.0s
[240/1120]	[L1: 0.0255]	2.4+0.0s
[280/1120]	[L1: 0.0252]	2.4+0.0s
[320/1120]	[L1: 0.0252]	2.4+0.0s
[360/1120]	[L1: 0.0251]	2.3+0.0s
[400/1120]	[L1: 0.0254]	2.5+0.0s
[440/1120]	[L1: 0.0257]	2.3+0.0s
[480/1120]	[L1: 0.0256]	2.4+0.0s
[520/1120]	[L1: 0.0255]	2.3+0.0s
[560/1120]	[L1: 0.0256]	2.5+0.0s
[600/1120]	[L1: 0.0258]	2.4+0.0s
[640/1120]	[L1: 0.0260]	2.5+0.0s
[680/1120]	[L1: 0.0260]	2.7+0.0s
[720/1120]	[L1: 0.0261]	2.6+0.0s
[760/1120]	[L1: 0.0260]	2.5+0.0s
[800/1120]	[L1: 0.0258]	2.6+0.0s
[840/1120]	[L1: 0.0256]	2.5+0.0s
[880/1120]	[L1: 0.0256]	2.8+0.0s
[920/1120]	[L1: 0.0258]	2.4+0.0s
[960/1120]	[L1: 0.0258]	2.4+0.0s
[1000/1120]	[L1: 0.0258]	2.3+0.0s
[1040/1120]	[L1: 0.0257]	2.4+0.0s
[1080/1120]	[L1: 0.0257]	2.3+0.0s
[1120/1120]	[L1: 0.0258]	2.4+0.0s

Evaluation:
[RSSCN7 x3]	psnr: 29.267 (Best: 29.290 @epoch 391)
Total time: 14.94s

[Epoch 393]	Learning rate: 1.00e-4
[40/1120]	[L1: 0.0236]	2.8+0.0s
[80/1120]	[L1: 0.0268]	2.8+0.0s
[120/1120]	[L1: 0.0267]	2.6+0.0s
[160/1120]	[L1: 0.0261]	2.5+0.0s
[200/1120]	[L1: 0.0259]	2.7+0.0s
[240/1120]	[L1: 0.0253]	2.3+0.0s
[280/1120]	[L1: 0.0256]	2.3+0.0s
[320/1120]	[L1: 0.0258]	2.5+0.0s
[360/1120]	[L1: 0.0258]	2.8+0.0s
[400/1120]	[L1: 0.0258]	2.4+0.0s
[440/1120]	[L1: 0.0258]	2.3+0.0s
[480/1120]	[L1: 0.0257]	2.4+0.0s
[520/1120]	[L1: 0.0258]	2.3+0.0s
[560/1120]	[L1: 0.0259]	2.3+0.0s
[600/1120]	[L1: 0.0255]	2.3+0.0s
[640/1120]	[L1: 0.0257]	2.3+0.0s
[680/1120]	[L1: 0.0256]	2.4+0.0s
[720/1120]	[L1: 0.0256]	2.3+0.0s
[760/1120]	[L1: 0.0254]	2.4+0.0s
[800/1120]	[L1: 0.0256]	2.5+0.0s
[840/1120]	[L1: 0.0255]	2.5+0.0s
[880/1120]	[L1: 0.0254]	2.5+0.0s
[920/1120]	[L1: 0.0255]	2.5+0.0s
[960/1120]	[L1: 0.0256]	2.4+0.0s
[1000/1120]	[L1: 0.0257]	2.3+0.0s
[1040/1120]	[L1: 0.0257]	2.5+0.0s
[1080/1120]	[L1: 0.0256]	2.3+0.0s
[1120/1120]	[L1: 0.0257]	2.3+0.0s

Evaluation:
[RSSCN7 x3]	psnr: 29.245 (Best: 29.290 @epoch 391)
Total time: 14.89s

[Epoch 394]	Learning rate: 1.00e-4
[40/1120]	[L1: 0.0280]	2.6+0.0s
[80/1120]	[L1: 0.0272]	2.4+0.0s
[120/1120]	[L1: 0.0267]	2.4+0.0s
[160/1120]	[L1: 0.0270]	2.5+0.0s
[200/1120]	[L1: 0.0258]	2.4+0.0s
[240/1120]	[L1: 0.0257]	2.4+0.0s
[280/1120]	[L1: 0.0259]	2.6+0.0s
[320/1120]	[L1: 0.0259]	2.8+0.0s
[360/1120]	[L1: 0.0263]	2.8+0.0s
[400/1120]	[L1: 0.0262]	2.9+0.0s
[440/1120]	[L1: 0.0261]	2.8+0.0s
[480/1120]	[L1: 0.0261]	2.6+0.0s
[520/1120]	[L1: 0.0260]	2.5+0.0s
[560/1120]	[L1: 0.0262]	2.5+0.0s
[600/1120]	[L1: 0.0261]	2.6+0.0s
[640/1120]	[L1: 0.0261]	2.5+0.0s
[680/1120]	[L1: 0.0261]	2.5+0.0s
[720/1120]	[L1: 0.0258]	2.6+0.0s
[760/1120]	[L1: 0.0258]	2.5+0.0s
[800/1120]	[L1: 0.0257]	2.5+0.0s
[840/1120]	[L1: 0.0256]	2.6+0.0s
[880/1120]	[L1: 0.0256]	2.8+0.0s
[920/1120]	[L1: 0.0256]	2.9+0.0s
[960/1120]	[L1: 0.0255]	3.1+0.0s
[1000/1120]	[L1: 0.0256]	2.9+0.0s
[1040/1120]	[L1: 0.0256]	2.7+0.0s
[1080/1120]	[L1: 0.0256]	2.5+0.0s
[1120/1120]	[L1: 0.0257]	2.3+0.0s

Evaluation:
[RSSCN7 x3]	psnr: 29.238 (Best: 29.290 @epoch 391)
Total time: 14.91s

[Epoch 395]	Learning rate: 1.00e-4
[40/1120]	[L1: 0.0244]	2.5+0.0s
[80/1120]	[L1: 0.0252]	2.4+0.0s
[120/1120]	[L1: 0.0247]	2.7+0.0s
[160/1120]	[L1: 0.0250]	2.9+0.0s
[200/1120]	[L1: 0.0247]	2.7+0.0s
[240/1120]	[L1: 0.0243]	2.3+0.0s
[280/1120]	[L1: 0.0247]	2.5+0.0s
[320/1120]	[L1: 0.0249]	2.3+0.0s
[360/1120]	[L1: 0.0247]	2.4+0.0s
[400/1120]	[L1: 0.0250]	2.3+0.0s
[440/1120]	[L1: 0.0249]	2.4+0.0s
[480/1120]	[L1: 0.0254]	2.3+0.0s
[520/1120]	[L1: 0.0255]	2.4+0.0s
[560/1120]	[L1: 0.0254]	2.3+0.0s
[600/1120]	[L1: 0.0255]	2.4+0.0s
[640/1120]	[L1: 0.0256]	2.7+0.0s
[680/1120]	[L1: 0.0257]	2.9+0.0s
[720/1120]	[L1: 0.0257]	2.3+0.0s
[760/1120]	[L1: 0.0256]	2.3+0.0s
[800/1120]	[L1: 0.0258]	2.4+0.0s
[840/1120]	[L1: 0.0257]	2.3+0.0s
[880/1120]	[L1: 0.0258]	2.4+0.0s
[920/1120]	[L1: 0.0261]	2.3+0.0s
[960/1120]	[L1: 0.0261]	2.4+0.0s
[1000/1120]	[L1: 0.0259]	2.4+0.0s
[1040/1120]	[L1: 0.0260]	2.4+0.0s
[1080/1120]	[L1: 0.0259]	2.4+0.0s
[1120/1120]	[L1: 0.0258]	2.4+0.0s

Evaluation:
[RSSCN7 x3]	psnr: 29.285 (Best: 29.290 @epoch 391)
Total time: 14.95s

[Epoch 396]	Learning rate: 1.00e-4
[40/1120]	[L1: 0.0256]	2.5+0.0s
[80/1120]	[L1: 0.0249]	2.6+0.0s
[120/1120]	[L1: 0.0256]	2.5+0.0s
[160/1120]	[L1: 0.0256]	2.7+0.0s
[200/1120]	[L1: 0.0265]	2.6+0.0s
[240/1120]	[L1: 0.0257]	2.5+0.0s
[280/1120]	[L1: 0.0259]	2.9+0.0s
[320/1120]	[L1: 0.0258]	2.8+0.0s
[360/1120]	[L1: 0.0261]	2.7+0.0s
[400/1120]	[L1: 0.0261]	3.0+0.0s
[440/1120]	[L1: 0.0261]	2.8+0.0s
[480/1120]	[L1: 0.0262]	2.5+0.0s
[520/1120]	[L1: 0.0262]	2.6+0.0s
[560/1120]	[L1: 0.0261]	2.5+0.0s
[600/1120]	[L1: 0.0260]	2.6+0.0s
[640/1120]	[L1: 0.0260]	2.6+0.0s
[680/1120]	[L1: 0.0260]	2.5+0.0s
[720/1120]	[L1: 0.0258]	2.5+0.0s
[760/1120]	[L1: 0.0258]	2.8+0.0s
[800/1120]	[L1: 0.0257]	2.7+0.0s
[840/1120]	[L1: 0.0256]	2.5+0.0s
[880/1120]	[L1: 0.0257]	2.6+0.0s
[920/1120]	[L1: 0.0259]	2.8+0.0s
[960/1120]	[L1: 0.0259]	2.4+0.0s
[1000/1120]	[L1: 0.0257]	2.4+0.0s
[1040/1120]	[L1: 0.0258]	2.4+0.0s
[1080/1120]	[L1: 0.0258]	2.3+0.0s
[1120/1120]	[L1: 0.0258]	2.7+0.0s

Evaluation:
[RSSCN7 x3]	psnr: 29.277 (Best: 29.290 @epoch 391)
Total time: 14.93s

[Epoch 397]	Learning rate: 1.00e-4
[40/1120]	[L1: 0.0253]	2.6+0.0s
[80/1120]	[L1: 0.0260]	2.5+0.0s
[120/1120]	[L1: 0.0263]	2.5+0.0s
[160/1120]	[L1: 0.0253]	2.4+0.0s
[200/1120]	[L1: 0.0248]	2.3+0.0s
[240/1120]	[L1: 0.0250]	2.4+0.0s
[280/1120]	[L1: 0.0247]	2.4+0.0s
[320/1120]	[L1: 0.0250]	2.5+0.0s
[360/1120]	[L1: 0.0249]	2.5+0.0s
[400/1120]	[L1: 0.0252]	2.5+0.0s
[440/1120]	[L1: 0.0251]	2.3+0.0s
[480/1120]	[L1: 0.0252]	2.4+0.0s
[520/1120]	[L1: 0.0255]	2.5+0.0s
[560/1120]	[L1: 0.0255]	2.4+0.0s
[600/1120]	[L1: 0.0257]	2.4+0.0s
[640/1120]	[L1: 0.0257]	2.5+0.0s
[680/1120]	[L1: 0.0256]	2.3+0.0s
[720/1120]	[L1: 0.0256]	2.3+0.0s
[760/1120]	[L1: 0.0258]	2.5+0.0s
[800/1120]	[L1: 0.0258]	2.3+0.0s
[840/1120]	[L1: 0.0257]	2.6+0.0s
[880/1120]	[L1: 0.0258]	2.9+0.0s
[920/1120]	[L1: 0.0260]	2.7+0.0s
[960/1120]	[L1: 0.0260]	2.5+0.0s
[1000/1120]	[L1: 0.0259]	2.6+0.0s
[1040/1120]	[L1: 0.0258]	2.4+0.0s
[1080/1120]	[L1: 0.0258]	2.5+0.0s
[1120/1120]	[L1: 0.0259]	2.4+0.0s

Evaluation:
[RSSCN7 x3]	psnr: 29.278 (Best: 29.290 @epoch 391)
Total time: 15.03s

[Epoch 398]	Learning rate: 1.00e-4
[40/1120]	[L1: 0.0291]	2.6+0.0s
[80/1120]	[L1: 0.0278]	2.5+0.0s
[120/1120]	[L1: 0.0267]	2.6+0.0s
[160/1120]	[L1: 0.0258]	2.4+0.0s
[200/1120]	[L1: 0.0257]	2.4+0.0s
[240/1120]	[L1: 0.0257]	2.5+0.0s
[280/1120]	[L1: 0.0258]	2.4+0.0s
[320/1120]	[L1: 0.0253]	2.5+0.0s
[360/1120]	[L1: 0.0253]	2.3+0.0s
[400/1120]	[L1: 0.0253]	2.4+0.0s
[440/1120]	[L1: 0.0260]	2.4+0.0s
[480/1120]	[L1: 0.0261]	2.4+0.0s
[520/1120]	[L1: 0.0260]	2.4+0.0s
[560/1120]	[L1: 0.0262]	2.4+0.0s
[600/1120]	[L1: 0.0262]	2.3+0.0s
[640/1120]	[L1: 0.0259]	2.4+0.0s
[680/1120]	[L1: 0.0259]	2.3+0.0s
[720/1120]	[L1: 0.0259]	2.4+0.0s
[760/1120]	[L1: 0.0258]	2.3+0.0s
[800/1120]	[L1: 0.0259]	2.4+0.0s
[840/1120]	[L1: 0.0259]	2.5+0.0s
[880/1120]	[L1: 0.0258]	2.7+0.0s
[920/1120]	[L1: 0.0258]	2.5+0.0s
[960/1120]	[L1: 0.0258]	2.3+0.0s
[1000/1120]	[L1: 0.0258]	2.3+0.0s
[1040/1120]	[L1: 0.0258]	2.4+0.0s
[1080/1120]	[L1: 0.0259]	2.3+0.0s
[1120/1120]	[L1: 0.0259]	2.4+0.0s

Evaluation:
[RSSCN7 x3]	psnr: 29.269 (Best: 29.290 @epoch 391)
Total time: 14.88s

[Epoch 399]	Learning rate: 1.00e-4
[40/1120]	[L1: 0.0258]	2.5+0.0s
[80/1120]	[L1: 0.0245]	2.4+0.0s
[120/1120]	[L1: 0.0240]	2.6+0.0s
[160/1120]	[L1: 0.0244]	2.3+0.0s
[200/1120]	[L1: 0.0242]	2.3+0.0s
[240/1120]	[L1: 0.0249]	2.3+0.0s
[280/1120]	[L1: 0.0249]	2.3+0.0s
[320/1120]	[L1: 0.0250]	2.4+0.0s
[360/1120]	[L1: 0.0250]	2.3+0.0s
[400/1120]	[L1: 0.0251]	2.4+0.0s
[440/1120]	[L1: 0.0254]	2.4+0.0s
[480/1120]	[L1: 0.0255]	2.5+0.0s
[520/1120]	[L1: 0.0257]	2.4+0.0s
[560/1120]	[L1: 0.0255]	2.4+0.0s
[600/1120]	[L1: 0.0256]	2.4+0.0s
[640/1120]	[L1: 0.0256]	2.4+0.0s
[680/1120]	[L1: 0.0255]	2.5+0.0s
[720/1120]	[L1: 0.0255]	2.4+0.0s
[760/1120]	[L1: 0.0254]	2.8+0.0s
[800/1120]	[L1: 0.0255]	2.9+0.0s
[840/1120]	[L1: 0.0255]	2.5+0.0s
[880/1120]	[L1: 0.0255]	2.6+0.0s
[920/1120]	[L1: 0.0257]	2.5+0.0s
[960/1120]	[L1: 0.0258]	2.5+0.0s
[1000/1120]	[L1: 0.0259]	2.5+0.0s
[1040/1120]	[L1: 0.0257]	2.5+0.0s
[1080/1120]	[L1: 0.0257]	2.4+0.0s
[1120/1120]	[L1: 0.0257]	2.4+0.0s

Evaluation:
[RSSCN7 x3]	psnr: 29.269 (Best: 29.290 @epoch 391)
Total time: 14.91s

[Epoch 400]	Learning rate: 1.00e-4
[40/1120]	[L1: 0.0221]	2.6+0.0s
[80/1120]	[L1: 0.0219]	2.5+0.0s
[120/1120]	[L1: 0.0223]	2.5+0.0s
[160/1120]	[L1: 0.0235]	2.5+0.0s
[200/1120]	[L1: 0.0240]	2.6+0.0s
[240/1120]	[L1: 0.0243]	2.9+0.0s
[280/1120]	[L1: 0.0246]	2.8+0.0s
[320/1120]	[L1: 0.0247]	2.9+0.0s
[360/1120]	[L1: 0.0246]	2.8+0.0s
[400/1120]	[L1: 0.0249]	2.4+0.0s
[440/1120]	[L1: 0.0255]	2.4+0.0s
[480/1120]	[L1: 0.0258]	2.3+0.0s
[520/1120]	[L1: 0.0253]	2.4+0.0s
[560/1120]	[L1: 0.0253]	2.4+0.0s
[600/1120]	[L1: 0.0254]	2.4+0.0s
[640/1120]	[L1: 0.0254]	2.5+0.0s
[680/1120]	[L1: 0.0253]	2.4+0.0s
[720/1120]	[L1: 0.0257]	2.4+0.0s
[760/1120]	[L1: 0.0256]	2.3+0.0s
[800/1120]	[L1: 0.0258]	2.3+0.0s
[840/1120]	[L1: 0.0259]	2.6+0.0s
[880/1120]	[L1: 0.0258]	2.7+0.0s
[920/1120]	[L1: 0.0257]	2.4+0.0s
[960/1120]	[L1: 0.0257]	2.3+0.0s
[1000/1120]	[L1: 0.0260]	2.2+0.0s
[1040/1120]	[L1: 0.0260]	2.7+0.0s
[1080/1120]	[L1: 0.0259]	2.7+0.0s
[1120/1120]	[L1: 0.0259]	3.0+0.0s
Saved epoch checkpoint at epoch 400

Evaluation:
[RSSCN7 x3]	psnr: 29.264 (Best: 29.290 @epoch 391)
Total time: 15.07s

[Epoch 401]	Learning rate: 5.00e-5
[40/1120]	[L1: 0.0231]	2.6+0.0s
[80/1120]	[L1: 0.0243]	2.5+0.0s
[120/1120]	[L1: 0.0242]	2.7+0.0s
[160/1120]	[L1: 0.0256]	2.9+0.0s
[200/1120]	[L1: 0.0259]	3.0+0.0s
[240/1120]	[L1: 0.0256]	3.0+0.0s
[280/1120]	[L1: 0.0253]	2.8+0.0s
[320/1120]	[L1: 0.0254]	2.5+0.0s
[360/1120]	[L1: 0.0257]	2.7+0.0s
[400/1120]	[L1: 0.0259]	2.5+0.0s
[440/1120]	[L1: 0.0260]	2.7+0.0s
[480/1120]	[L1: 0.0261]	2.4+0.0s
[520/1120]	[L1: 0.0258]	2.5+0.0s
[560/1120]	[L1: 0.0258]	2.4+0.0s
[600/1120]	[L1: 0.0259]	2.5+0.0s
[640/1120]	[L1: 0.0259]	2.6+0.0s
[680/1120]	[L1: 0.0257]	2.6+0.0s
[720/1120]	[L1: 0.0257]	2.6+0.0s
[760/1120]	[L1: 0.0257]	2.5+0.0s
[800/1120]	[L1: 0.0259]	2.6+0.0s
[840/1120]	[L1: 0.0261]	2.4+0.0s
[880/1120]	[L1: 0.0258]	2.5+0.0s
[920/1120]	[L1: 0.0259]	2.4+0.0s
[960/1120]	[L1: 0.0259]	2.4+0.0s
[1000/1120]	[L1: 0.0256]	2.3+0.0s
[1040/1120]	[L1: 0.0256]	2.5+0.0s
[1080/1120]	[L1: 0.0256]	2.8+0.0s
[1120/1120]	[L1: 0.0256]	2.8+0.0s

Evaluation:
[RSSCN7 x3]	psnr: 29.292 (Best: 29.292 @epoch 401)
Total time: 14.92s

[Epoch 402]	Learning rate: 5.00e-5
[40/1120]	[L1: 0.0283]	2.5+0.0s
[80/1120]	[L1: 0.0278]	2.5+0.0s
[120/1120]	[L1: 0.0258]	2.5+0.0s
[160/1120]	[L1: 0.0261]	2.5+0.0s
[200/1120]	[L1: 0.0260]	2.8+0.0s
[240/1120]	[L1: 0.0256]	2.8+0.0s
[280/1120]	[L1: 0.0250]	2.5+0.0s
[320/1120]	[L1: 0.0251]	2.6+0.0s
[360/1120]	[L1: 0.0250]	2.5+0.0s
[400/1120]	[L1: 0.0253]	2.6+0.0s
[440/1120]	[L1: 0.0255]	2.8+0.0s
[480/1120]	[L1: 0.0255]	2.9+0.0s
[520/1120]	[L1: 0.0256]	2.6+0.0s
[560/1120]	[L1: 0.0255]	3.0+0.0s
[600/1120]	[L1: 0.0254]	2.6+0.0s
[640/1120]	[L1: 0.0255]	2.7+0.0s
[680/1120]	[L1: 0.0253]	2.7+0.0s
[720/1120]	[L1: 0.0255]	3.1+0.0s
[760/1120]	[L1: 0.0256]	2.9+0.0s
[800/1120]	[L1: 0.0257]	2.5+0.0s
[840/1120]	[L1: 0.0256]	2.7+0.0s
[880/1120]	[L1: 0.0258]	2.5+0.0s
[920/1120]	[L1: 0.0256]	2.6+0.0s
[960/1120]	[L1: 0.0257]	2.5+0.0s
[1000/1120]	[L1: 0.0256]	2.6+0.0s
[1040/1120]	[L1: 0.0256]	2.5+0.0s
[1080/1120]	[L1: 0.0257]	2.9+0.0s
[1120/1120]	[L1: 0.0256]	2.9+0.0s

Evaluation:
[RSSCN7 x3]	psnr: 29.289 (Best: 29.292 @epoch 401)
Total time: 14.94s

[Epoch 403]	Learning rate: 5.00e-5
[40/1120]	[L1: 0.0290]	2.6+0.0s
[80/1120]	[L1: 0.0258]	2.6+0.0s
[120/1120]	[L1: 0.0257]	2.5+0.0s
[160/1120]	[L1: 0.0260]	2.5+0.0s
[200/1120]	[L1: 0.0259]	2.6+0.0s
[240/1120]	[L1: 0.0254]	2.9+0.0s
[280/1120]	[L1: 0.0256]	3.0+0.0s
[320/1120]	[L1: 0.0254]	2.8+0.0s
[360/1120]	[L1: 0.0256]	2.5+0.0s
[400/1120]	[L1: 0.0253]	2.6+0.0s
[440/1120]	[L1: 0.0251]	2.3+0.0s
[480/1120]	[L1: 0.0256]	2.3+0.0s
[520/1120]	[L1: 0.0256]	2.5+0.0s
[560/1120]	[L1: 0.0254]	2.6+0.0s
[600/1120]	[L1: 0.0256]	2.9+0.0s
[640/1120]	[L1: 0.0255]	2.8+0.0s
[680/1120]	[L1: 0.0253]	2.4+0.0s
[720/1120]	[L1: 0.0255]	2.4+0.0s
[760/1120]	[L1: 0.0255]	2.6+0.0s
[800/1120]	[L1: 0.0255]	2.5+0.0s
[840/1120]	[L1: 0.0257]	2.5+0.0s
[880/1120]	[L1: 0.0258]	2.4+0.0s
[920/1120]	[L1: 0.0258]	2.5+0.0s
[960/1120]	[L1: 0.0257]	2.7+0.0s
[1000/1120]	[L1: 0.0257]	2.5+0.0s
[1040/1120]	[L1: 0.0257]	2.5+0.0s
[1080/1120]	[L1: 0.0257]	2.8+0.0s
[1120/1120]	[L1: 0.0257]	3.1+0.0s

Evaluation:
[RSSCN7 x3]	psnr: 29.287 (Best: 29.292 @epoch 401)
Total time: 14.94s

[Epoch 404]	Learning rate: 5.00e-5
[40/1120]	[L1: 0.0260]	2.5+0.0s
[80/1120]	[L1: 0.0280]	2.5+0.0s
[120/1120]	[L1: 0.0282]	2.5+0.0s
[160/1120]	[L1: 0.0271]	2.8+0.0s
[200/1120]	[L1: 0.0267]	3.1+0.0s
[240/1120]	[L1: 0.0262]	2.9+0.0s
[280/1120]	[L1: 0.0261]	2.8+0.0s
[320/1120]	[L1: 0.0263]	2.8+0.0s
[360/1120]	[L1: 0.0257]	2.8+0.0s
[400/1120]	[L1: 0.0261]	2.7+0.0s
[440/1120]	[L1: 0.0261]	2.5+0.0s
[480/1120]	[L1: 0.0259]	2.3+0.0s
[520/1120]	[L1: 0.0258]	2.3+0.0s
[560/1120]	[L1: 0.0260]	2.3+0.0s
[600/1120]	[L1: 0.0262]	2.4+0.0s
[640/1120]	[L1: 0.0260]	2.4+0.0s
[680/1120]	[L1: 0.0258]	2.3+0.0s
[720/1120]	[L1: 0.0259]	2.4+0.0s
[760/1120]	[L1: 0.0261]	2.6+0.0s
[800/1120]	[L1: 0.0260]	2.4+0.0s
[840/1120]	[L1: 0.0259]	2.7+0.0s
[880/1120]	[L1: 0.0259]	2.9+0.0s
[920/1120]	[L1: 0.0258]	2.8+0.0s
[960/1120]	[L1: 0.0259]	2.8+0.0s
[1000/1120]	[L1: 0.0259]	2.5+0.0s
[1040/1120]	[L1: 0.0259]	2.4+0.0s
[1080/1120]	[L1: 0.0259]	2.5+0.0s
[1120/1120]	[L1: 0.0259]	2.3+0.0s

Evaluation:
[RSSCN7 x3]	psnr: 29.292 (Best: 29.292 @epoch 404)
Total time: 14.93s

[Epoch 405]	Learning rate: 5.00e-5
[40/1120]	[L1: 0.0276]	2.4+0.0s
[80/1120]	[L1: 0.0258]	2.5+0.0s
[120/1120]	[L1: 0.0253]	2.4+0.0s
[160/1120]	[L1: 0.0260]	2.8+0.0s
[200/1120]	[L1: 0.0259]	2.5+0.0s
[240/1120]	[L1: 0.0255]	2.3+0.0s
[280/1120]	[L1: 0.0257]	2.4+0.0s
[320/1120]	[L1: 0.0255]	2.3+0.0s
[360/1120]	[L1: 0.0252]	2.3+0.0s
[400/1120]	[L1: 0.0253]	2.4+0.0s
[440/1120]	[L1: 0.0256]	2.3+0.0s
[480/1120]	[L1: 0.0258]	2.4+0.0s
[520/1120]	[L1: 0.0258]	2.5+0.0s
[560/1120]	[L1: 0.0259]	2.4+0.0s
[600/1120]	[L1: 0.0260]	2.3+0.0s
[640/1120]	[L1: 0.0258]	2.4+0.0s
[680/1120]	[L1: 0.0260]	2.3+0.0s
[720/1120]	[L1: 0.0258]	2.4+0.0s
[760/1120]	[L1: 0.0258]	2.5+0.0s
[800/1120]	[L1: 0.0256]	2.4+0.0s
[840/1120]	[L1: 0.0258]	2.4+0.0s
[880/1120]	[L1: 0.0258]	2.5+0.0s
[920/1120]	[L1: 0.0258]	2.4+0.0s
[960/1120]	[L1: 0.0257]	2.4+0.0s
[1000/1120]	[L1: 0.0258]	3.0+0.0s
[1040/1120]	[L1: 0.0257]	3.0+0.0s
[1080/1120]	[L1: 0.0257]	2.9+0.0s
[1120/1120]	[L1: 0.0256]	2.6+0.0s

Evaluation:
[RSSCN7 x3]	psnr: 29.294 (Best: 29.294 @epoch 405)
Total time: 14.97s

[Epoch 406]	Learning rate: 5.00e-5
[40/1120]	[L1: 0.0255]	2.6+0.0s
[80/1120]	[L1: 0.0252]	2.5+0.0s
[120/1120]	[L1: 0.0237]	2.6+0.0s
[160/1120]	[L1: 0.0236]	2.5+0.0s
[200/1120]	[L1: 0.0238]	2.6+0.0s
[240/1120]	[L1: 0.0245]	2.4+0.0s
[280/1120]	[L1: 0.0246]	2.5+0.0s
[320/1120]	[L1: 0.0250]	2.5+0.0s
[360/1120]	[L1: 0.0255]	2.6+0.0s
[400/1120]	[L1: 0.0255]	2.5+0.0s
[440/1120]	[L1: 0.0255]	2.5+0.0s
[480/1120]	[L1: 0.0258]	2.5+0.0s
[520/1120]	[L1: 0.0259]	2.6+0.0s
[560/1120]	[L1: 0.0259]	2.5+0.0s
[600/1120]	[L1: 0.0260]	2.5+0.0s
[640/1120]	[L1: 0.0259]	2.5+0.0s
[680/1120]	[L1: 0.0257]	2.8+0.0s
[720/1120]	[L1: 0.0258]	2.5+0.0s
[760/1120]	[L1: 0.0257]	2.6+0.0s
[800/1120]	[L1: 0.0255]	2.4+0.0s
[840/1120]	[L1: 0.0256]	2.4+0.0s
[880/1120]	[L1: 0.0256]	2.3+0.0s
[920/1120]	[L1: 0.0256]	2.3+0.0s
[960/1120]	[L1: 0.0257]	2.3+0.0s
[1000/1120]	[L1: 0.0257]	2.8+0.0s
[1040/1120]	[L1: 0.0258]	2.9+0.0s
[1080/1120]	[L1: 0.0257]	2.9+0.0s
[1120/1120]	[L1: 0.0257]	2.9+0.0s

Evaluation:
[RSSCN7 x3]	psnr: 29.294 (Best: 29.294 @epoch 405)
Total time: 14.91s

[Epoch 407]	Learning rate: 5.00e-5
[40/1120]	[L1: 0.0261]	2.5+0.0s
[80/1120]	[L1: 0.0251]	2.4+0.0s
[120/1120]	[L1: 0.0258]	2.4+0.0s
[160/1120]	[L1: 0.0264]	2.3+0.0s
[200/1120]	[L1: 0.0260]	2.5+0.0s
[240/1120]	[L1: 0.0263]	2.9+0.0s
[280/1120]	[L1: 0.0262]	2.4+0.0s
[320/1120]	[L1: 0.0261]	2.5+0.0s
[360/1120]	[L1: 0.0261]	2.5+0.0s
[400/1120]	[L1: 0.0264]	2.4+0.0s
[440/1120]	[L1: 0.0263]	2.5+0.0s
[480/1120]	[L1: 0.0267]	2.5+0.0s
[520/1120]	[L1: 0.0266]	2.8+0.0s
[560/1120]	[L1: 0.0262]	2.9+0.0s
[600/1120]	[L1: 0.0262]	2.6+0.0s
[640/1120]	[L1: 0.0262]	2.5+0.0s
[680/1120]	[L1: 0.0261]	2.6+0.0s
[720/1120]	[L1: 0.0259]	2.5+0.0s
[760/1120]	[L1: 0.0260]	2.5+0.0s
[800/1120]	[L1: 0.0260]	2.5+0.0s
[840/1120]	[L1: 0.0260]	2.5+0.0s
[880/1120]	[L1: 0.0259]	2.6+0.0s
[920/1120]	[L1: 0.0258]	3.0+0.0s
[960/1120]	[L1: 0.0256]	2.9+0.0s
[1000/1120]	[L1: 0.0256]	2.8+0.0s
[1040/1120]	[L1: 0.0255]	2.5+0.0s
[1080/1120]	[L1: 0.0255]	2.5+0.0s
[1120/1120]	[L1: 0.0256]	2.5+0.0s

Evaluation:
[RSSCN7 x3]	psnr: 29.256 (Best: 29.294 @epoch 405)
Total time: 14.99s

[Epoch 408]	Learning rate: 5.00e-5
[40/1120]	[L1: 0.0247]	2.5+0.0s
[80/1120]	[L1: 0.0259]	2.5+0.0s
[120/1120]	[L1: 0.0256]	2.4+0.0s
[160/1120]	[L1: 0.0266]	2.4+0.0s
[200/1120]	[L1: 0.0267]	2.4+0.0s
[240/1120]	[L1: 0.0267]	2.3+0.0s
[280/1120]	[L1: 0.0260]	2.4+0.0s
[320/1120]	[L1: 0.0264]	2.5+0.0s
[360/1120]	[L1: 0.0261]	2.4+0.0s
[400/1120]	[L1: 0.0260]	2.4+0.0s
[440/1120]	[L1: 0.0258]	2.5+0.0s
[480/1120]	[L1: 0.0256]	2.4+0.0s
[520/1120]	[L1: 0.0257]	2.3+0.0s
[560/1120]	[L1: 0.0257]	2.4+0.0s
[600/1120]	[L1: 0.0258]	2.5+0.0s
[640/1120]	[L1: 0.0256]	2.4+0.0s
[680/1120]	[L1: 0.0256]	2.3+0.0s
[720/1120]	[L1: 0.0257]	2.4+0.0s
[760/1120]	[L1: 0.0256]	2.3+0.0s
[800/1120]	[L1: 0.0254]	2.3+0.0s
[840/1120]	[L1: 0.0255]	2.5+0.0s
[880/1120]	[L1: 0.0256]	2.4+0.0s
[920/1120]	[L1: 0.0256]	2.4+0.0s
[960/1120]	[L1: 0.0256]	2.3+0.0s
[1000/1120]	[L1: 0.0256]	2.4+0.0s
[1040/1120]	[L1: 0.0256]	2.4+0.0s
[1080/1120]	[L1: 0.0256]	2.4+0.0s
[1120/1120]	[L1: 0.0256]	2.9+0.0s

Evaluation:
[RSSCN7 x3]	psnr: 29.300 (Best: 29.300 @epoch 408)
Total time: 15.00s

[Epoch 409]	Learning rate: 5.00e-5
[40/1120]	[L1: 0.0268]	2.6+0.0s
[80/1120]	[L1: 0.0251]	2.8+0.0s
[120/1120]	[L1: 0.0257]	2.9+0.0s
[160/1120]	[L1: 0.0252]	3.1+0.0s
[200/1120]	[L1: 0.0266]	3.0+0.0s
[240/1120]	[L1: 0.0264]	2.9+0.0s
[280/1120]	[L1: 0.0266]	3.1+0.0s
[320/1120]	[L1: 0.0263]	3.0+0.0s
[360/1120]	[L1: 0.0263]	2.7+0.0s
[400/1120]	[L1: 0.0260]	2.3+0.0s
[440/1120]	[L1: 0.0261]	2.4+0.0s
[480/1120]	[L1: 0.0260]	2.5+0.0s
[520/1120]	[L1: 0.0260]	2.3+0.0s
[560/1120]	[L1: 0.0260]	2.3+0.0s
[600/1120]	[L1: 0.0260]	2.4+0.0s
[640/1120]	[L1: 0.0260]	2.6+0.0s
[680/1120]	[L1: 0.0260]	2.9+0.0s
[720/1120]	[L1: 0.0260]	3.0+0.0s
[760/1120]	[L1: 0.0261]	2.7+0.0s
[800/1120]	[L1: 0.0259]	2.4+0.0s
[840/1120]	[L1: 0.0259]	2.4+0.0s
[880/1120]	[L1: 0.0259]	2.4+0.0s
[920/1120]	[L1: 0.0260]	2.5+0.0s
[960/1120]	[L1: 0.0258]	2.9+0.0s
[1000/1120]	[L1: 0.0257]	2.6+0.0s
[1040/1120]	[L1: 0.0256]	2.6+0.0s
[1080/1120]	[L1: 0.0256]	2.5+0.0s
[1120/1120]	[L1: 0.0257]	2.4+0.0s

Evaluation:
[RSSCN7 x3]	psnr: 29.303 (Best: 29.303 @epoch 409)
Total time: 14.88s

[Epoch 410]	Learning rate: 5.00e-5
[40/1120]	[L1: 0.0238]	2.5+0.0s
[80/1120]	[L1: 0.0236]	2.4+0.0s
[120/1120]	[L1: 0.0247]	2.4+0.0s
[160/1120]	[L1: 0.0250]	2.4+0.0s
[200/1120]	[L1: 0.0248]	2.6+0.0s
[240/1120]	[L1: 0.0249]	2.7+0.0s
[280/1120]	[L1: 0.0246]	2.4+0.0s
[320/1120]	[L1: 0.0250]	2.3+0.0s
[360/1120]	[L1: 0.0254]	2.3+0.0s
[400/1120]	[L1: 0.0259]	2.3+0.0s
[440/1120]	[L1: 0.0260]	2.3+0.0s
[480/1120]	[L1: 0.0261]	2.4+0.0s
[520/1120]	[L1: 0.0259]	2.9+0.0s
[560/1120]	[L1: 0.0260]	2.6+0.0s
[600/1120]	[L1: 0.0261]	2.4+0.0s
[640/1120]	[L1: 0.0260]	2.5+0.0s
[680/1120]	[L1: 0.0260]	2.4+0.0s
[720/1120]	[L1: 0.0259]	2.5+0.0s
[760/1120]	[L1: 0.0259]	2.5+0.0s
[800/1120]	[L1: 0.0258]	2.5+0.0s
[840/1120]	[L1: 0.0256]	2.5+0.0s
[880/1120]	[L1: 0.0258]	2.6+0.0s
[920/1120]	[L1: 0.0257]	2.5+0.0s
[960/1120]	[L1: 0.0256]	2.6+0.0s
[1000/1120]	[L1: 0.0256]	2.7+0.0s
[1040/1120]	[L1: 0.0257]	2.8+0.0s
[1080/1120]	[L1: 0.0256]	2.8+0.0s
[1120/1120]	[L1: 0.0256]	2.8+0.0s

Evaluation:
[RSSCN7 x3]	psnr: 29.304 (Best: 29.304 @epoch 410)
Total time: 14.93s

[Epoch 411]	Learning rate: 5.00e-5
[40/1120]	[L1: 0.0283]	2.5+0.0s
[80/1120]	[L1: 0.0238]	2.5+0.0s
[120/1120]	[L1: 0.0244]	2.6+0.0s
[160/1120]	[L1: 0.0247]	2.5+0.0s
[200/1120]	[L1: 0.0250]	2.4+0.0s
[240/1120]	[L1: 0.0253]	2.5+0.0s
[280/1120]	[L1: 0.0255]	2.5+0.0s
[320/1120]	[L1: 0.0257]	2.5+0.0s
[360/1120]	[L1: 0.0254]	2.4+0.0s
[400/1120]	[L1: 0.0255]	2.4+0.0s
[440/1120]	[L1: 0.0257]	2.4+0.0s
[480/1120]	[L1: 0.0256]	2.5+0.0s
[520/1120]	[L1: 0.0255]	2.4+0.0s
[560/1120]	[L1: 0.0253]	2.5+0.0s
[600/1120]	[L1: 0.0253]	2.5+0.0s
[640/1120]	[L1: 0.0255]	2.4+0.0s
[680/1120]	[L1: 0.0256]	2.4+0.0s
[720/1120]	[L1: 0.0254]	2.7+0.0s
[760/1120]	[L1: 0.0254]	3.0+0.0s
[800/1120]	[L1: 0.0254]	2.5+0.0s
[840/1120]	[L1: 0.0253]	2.5+0.0s
[880/1120]	[L1: 0.0255]	2.6+0.0s
[920/1120]	[L1: 0.0255]	2.5+0.0s
[960/1120]	[L1: 0.0256]	2.5+0.0s
[1000/1120]	[L1: 0.0256]	2.5+0.0s
[1040/1120]	[L1: 0.0257]	2.9+0.0s
[1080/1120]	[L1: 0.0257]	2.8+0.0s
[1120/1120]	[L1: 0.0256]	2.8+0.0s

Evaluation:
[RSSCN7 x3]	psnr: 29.302 (Best: 29.304 @epoch 410)
Total time: 14.96s

[Epoch 412]	Learning rate: 5.00e-5
[40/1120]	[L1: 0.0238]	2.6+0.0s
[80/1120]	[L1: 0.0235]	2.5+0.0s
[120/1120]	[L1: 0.0251]	2.5+0.0s
[160/1120]	[L1: 0.0246]	2.4+0.0s
[200/1120]	[L1: 0.0244]	2.5+0.0s
[240/1120]	[L1: 0.0241]	2.5+0.0s
[280/1120]	[L1: 0.0243]	3.0+0.0s
[320/1120]	[L1: 0.0240]	2.8+0.0s
[360/1120]	[L1: 0.0244]	2.5+0.0s
[400/1120]	[L1: 0.0246]	2.3+0.0s
[440/1120]	[L1: 0.0248]	2.4+0.0s
[480/1120]	[L1: 0.0251]	2.8+0.0s
[520/1120]	[L1: 0.0248]	2.8+0.0s
[560/1120]	[L1: 0.0250]	2.7+0.0s
[600/1120]	[L1: 0.0253]	2.3+0.0s
[640/1120]	[L1: 0.0255]	2.3+0.0s
[680/1120]	[L1: 0.0256]	2.4+0.0s
[720/1120]	[L1: 0.0255]	2.7+0.0s
[760/1120]	[L1: 0.0253]	2.8+0.0s
[800/1120]	[L1: 0.0254]	2.6+0.0s
[840/1120]	[L1: 0.0255]	2.3+0.0s
[880/1120]	[L1: 0.0254]	2.4+0.0s
[920/1120]	[L1: 0.0253]	2.5+0.0s
[960/1120]	[L1: 0.0255]	2.5+0.0s
[1000/1120]	[L1: 0.0256]	2.6+0.0s
[1040/1120]	[L1: 0.0255]	2.9+0.0s
[1080/1120]	[L1: 0.0255]	2.7+0.0s
[1120/1120]	[L1: 0.0257]	2.4+0.0s

Evaluation:
[RSSCN7 x3]	psnr: 29.295 (Best: 29.304 @epoch 410)
Total time: 14.97s

[Epoch 413]	Learning rate: 5.00e-5
[40/1120]	[L1: 0.0256]	2.4+0.0s
[80/1120]	[L1: 0.0253]	2.4+0.0s
[120/1120]	[L1: 0.0254]	2.5+0.0s
[160/1120]	[L1: 0.0258]	2.3+0.0s
[200/1120]	[L1: 0.0262]	2.4+0.0s
[240/1120]	[L1: 0.0260]	2.4+0.0s
[280/1120]	[L1: 0.0260]	2.4+0.0s
[320/1120]	[L1: 0.0264]	2.4+0.0s
[360/1120]	[L1: 0.0260]	2.3+0.0s
[400/1120]	[L1: 0.0261]	2.3+0.0s
[440/1120]	[L1: 0.0260]	2.3+0.0s
[480/1120]	[L1: 0.0260]	2.6+0.0s
[520/1120]	[L1: 0.0257]	2.3+0.0s
[560/1120]	[L1: 0.0256]	2.3+0.0s
[600/1120]	[L1: 0.0256]	2.3+0.0s
[640/1120]	[L1: 0.0255]	2.3+0.0s
[680/1120]	[L1: 0.0256]	2.4+0.0s
[720/1120]	[L1: 0.0257]	2.4+0.0s
[760/1120]	[L1: 0.0257]	2.5+0.0s
[800/1120]	[L1: 0.0258]	2.5+0.0s
[840/1120]	[L1: 0.0259]	2.5+0.0s
[880/1120]	[L1: 0.0258]	2.6+0.0s
[920/1120]	[L1: 0.0257]	2.4+0.0s
[960/1120]	[L1: 0.0257]	2.3+0.0s
[1000/1120]	[L1: 0.0258]	2.4+0.0s
[1040/1120]	[L1: 0.0258]	2.4+0.0s
[1080/1120]	[L1: 0.0257]	2.3+0.0s
[1120/1120]	[L1: 0.0258]	2.3+0.0s

Evaluation:
[RSSCN7 x3]	psnr: 29.298 (Best: 29.304 @epoch 410)
Total time: 14.91s

[Epoch 414]	Learning rate: 5.00e-5
[40/1120]	[L1: 0.0237]	2.6+0.0s
[80/1120]	[L1: 0.0246]	2.5+0.0s
[120/1120]	[L1: 0.0242]	3.0+0.0s
[160/1120]	[L1: 0.0256]	2.8+0.0s
[200/1120]	[L1: 0.0253]	2.8+0.0s
[240/1120]	[L1: 0.0250]	2.6+0.0s
[280/1120]	[L1: 0.0248]	2.5+0.0s
[320/1120]	[L1: 0.0252]	2.6+0.0s
[360/1120]	[L1: 0.0255]	2.5+0.0s
[400/1120]	[L1: 0.0253]	2.6+0.0s
[440/1120]	[L1: 0.0255]	3.0+0.0s
[480/1120]	[L1: 0.0256]	2.7+0.0s
[520/1120]	[L1: 0.0255]	2.7+0.0s
[560/1120]	[L1: 0.0258]	2.5+0.0s
[600/1120]	[L1: 0.0257]	2.6+0.0s
[640/1120]	[L1: 0.0256]	2.6+0.0s
[680/1120]	[L1: 0.0254]	2.5+0.0s
[720/1120]	[L1: 0.0254]	2.6+0.0s
[760/1120]	[L1: 0.0258]	2.4+0.0s
[800/1120]	[L1: 0.0259]	2.7+0.0s
[840/1120]	[L1: 0.0259]	3.0+0.0s
[880/1120]	[L1: 0.0259]	2.5+0.0s
[920/1120]	[L1: 0.0259]	2.6+0.0s
[960/1120]	[L1: 0.0259]	2.7+0.0s
[1000/1120]	[L1: 0.0259]	2.5+0.0s
[1040/1120]	[L1: 0.0258]	2.5+0.0s
[1080/1120]	[L1: 0.0258]	2.5+0.0s
[1120/1120]	[L1: 0.0257]	2.5+0.0s

Evaluation:
[RSSCN7 x3]	psnr: 29.298 (Best: 29.304 @epoch 410)
Total time: 14.89s

[Epoch 415]	Learning rate: 5.00e-5
[40/1120]	[L1: 0.0247]	2.9+0.0s
[80/1120]	[L1: 0.0253]	3.0+0.0s
[120/1120]	[L1: 0.0245]	2.5+0.0s
[160/1120]	[L1: 0.0260]	2.4+0.0s
[200/1120]	[L1: 0.0263]	3.0+0.0s
[240/1120]	[L1: 0.0262]	2.5+0.0s
[280/1120]	[L1: 0.0253]	2.9+0.0s
[320/1120]	[L1: 0.0249]	2.5+0.0s
[360/1120]	[L1: 0.0246]	2.3+0.0s
[400/1120]	[L1: 0.0249]	2.4+0.0s
[440/1120]	[L1: 0.0246]	2.5+0.0s
[480/1120]	[L1: 0.0249]	2.8+0.0s
[520/1120]	[L1: 0.0251]	2.8+0.0s
[560/1120]	[L1: 0.0252]	2.9+0.0s
[600/1120]	[L1: 0.0253]	2.5+0.0s
[640/1120]	[L1: 0.0254]	2.3+0.0s
[680/1120]	[L1: 0.0254]	2.4+0.0s
[720/1120]	[L1: 0.0253]	2.4+0.0s
[760/1120]	[L1: 0.0253]	2.5+0.0s
[800/1120]	[L1: 0.0252]	2.9+0.0s
[840/1120]	[L1: 0.0254]	2.9+0.0s
[880/1120]	[L1: 0.0254]	2.7+0.0s
[920/1120]	[L1: 0.0255]	2.3+0.0s
[960/1120]	[L1: 0.0255]	2.3+0.0s
[1000/1120]	[L1: 0.0256]	2.5+0.0s
[1040/1120]	[L1: 0.0257]	2.4+0.0s
[1080/1120]	[L1: 0.0257]	2.3+0.0s
[1120/1120]	[L1: 0.0257]	2.7+0.0s

Evaluation:
[RSSCN7 x3]	psnr: 29.296 (Best: 29.304 @epoch 410)
Total time: 14.93s

[Epoch 416]	Learning rate: 5.00e-5
[40/1120]	[L1: 0.0243]	2.5+0.0s
[80/1120]	[L1: 0.0261]	2.5+0.0s
[120/1120]	[L1: 0.0266]	2.4+0.0s
[160/1120]	[L1: 0.0273]	2.5+0.0s
[200/1120]	[L1: 0.0268]	2.5+0.0s
[240/1120]	[L1: 0.0267]	2.5+0.0s
[280/1120]	[L1: 0.0262]	2.4+0.0s
[320/1120]	[L1: 0.0260]	2.6+0.0s
[360/1120]	[L1: 0.0262]	2.9+0.0s
[400/1120]	[L1: 0.0260]	2.5+0.0s
[440/1120]	[L1: 0.0258]	2.4+0.0s
[480/1120]	[L1: 0.0257]	2.4+0.0s
[520/1120]	[L1: 0.0256]	2.5+0.0s
[560/1120]	[L1: 0.0260]	2.4+0.0s
[600/1120]	[L1: 0.0257]	2.5+0.0s
[640/1120]	[L1: 0.0258]	2.5+0.0s
[680/1120]	[L1: 0.0258]	2.9+0.0s
[720/1120]	[L1: 0.0260]	2.9+0.0s
[760/1120]	[L1: 0.0260]	2.9+0.0s
[800/1120]	[L1: 0.0261]	3.0+0.0s
[840/1120]	[L1: 0.0262]	2.7+0.0s
[880/1120]	[L1: 0.0258]	2.4+0.0s
[920/1120]	[L1: 0.0260]	2.5+0.0s
[960/1120]	[L1: 0.0261]	2.6+0.0s
[1000/1120]	[L1: 0.0260]	2.4+0.0s
[1040/1120]	[L1: 0.0261]	2.4+0.0s
[1080/1120]	[L1: 0.0259]	2.4+0.0s
[1120/1120]	[L1: 0.0257]	2.7+0.0s

Evaluation:
[RSSCN7 x3]	psnr: 29.293 (Best: 29.304 @epoch 410)
Total time: 14.93s

[Epoch 417]	Learning rate: 5.00e-5
[40/1120]	[L1: 0.0259]	2.7+0.0s
[80/1120]	[L1: 0.0249]	2.5+0.0s
[120/1120]	[L1: 0.0251]	2.5+0.0s
[160/1120]	[L1: 0.0245]	2.6+0.0s
[200/1120]	[L1: 0.0243]	2.6+0.0s
[240/1120]	[L1: 0.0246]	2.5+0.0s
[280/1120]	[L1: 0.0248]	2.4+0.0s
[320/1120]	[L1: 0.0248]	2.3+0.0s
[360/1120]	[L1: 0.0246]	2.7+0.0s
[400/1120]	[L1: 0.0247]	2.9+0.0s
[440/1120]	[L1: 0.0245]	2.7+0.0s
[480/1120]	[L1: 0.0245]	2.3+0.0s
[520/1120]	[L1: 0.0246]	2.4+0.0s
[560/1120]	[L1: 0.0245]	2.6+0.0s
[600/1120]	[L1: 0.0245]	2.5+0.0s
[640/1120]	[L1: 0.0246]	2.6+0.0s
[680/1120]	[L1: 0.0245]	2.5+0.0s
[720/1120]	[L1: 0.0247]	2.4+0.0s
[760/1120]	[L1: 0.0249]	2.5+0.0s
[800/1120]	[L1: 0.0250]	2.3+0.0s
[840/1120]	[L1: 0.0250]	2.5+0.0s
[880/1120]	[L1: 0.0250]	2.4+0.0s
[920/1120]	[L1: 0.0252]	2.3+0.0s
[960/1120]	[L1: 0.0252]	2.4+0.0s
[1000/1120]	[L1: 0.0252]	2.3+0.0s
[1040/1120]	[L1: 0.0252]	2.4+0.0s
[1080/1120]	[L1: 0.0252]	2.3+0.0s
[1120/1120]	[L1: 0.0255]	2.3+0.0s

Evaluation:
[RSSCN7 x3]	psnr: 29.282 (Best: 29.304 @epoch 410)
Total time: 14.95s

[Epoch 418]	Learning rate: 5.00e-5
[40/1120]	[L1: 0.0231]	2.5+0.0s
[80/1120]	[L1: 0.0236]	2.4+0.0s
[120/1120]	[L1: 0.0240]	2.5+0.0s
[160/1120]	[L1: 0.0242]	2.4+0.0s
[200/1120]	[L1: 0.0240]	2.3+0.0s
[240/1120]	[L1: 0.0245]	2.3+0.0s
[280/1120]	[L1: 0.0250]	2.3+0.0s
[320/1120]	[L1: 0.0247]	2.4+0.0s
[360/1120]	[L1: 0.0245]	2.6+0.0s
[400/1120]	[L1: 0.0247]	2.4+0.0s
[440/1120]	[L1: 0.0248]	2.5+0.0s
[480/1120]	[L1: 0.0248]	2.4+0.0s
[520/1120]	[L1: 0.0251]	2.4+0.0s
[560/1120]	[L1: 0.0251]	2.3+0.0s
[600/1120]	[L1: 0.0252]	2.3+0.0s
[640/1120]	[L1: 0.0252]	2.3+0.0s
[680/1120]	[L1: 0.0255]	2.4+0.0s
[720/1120]	[L1: 0.0257]	2.3+0.0s
[760/1120]	[L1: 0.0257]	2.3+0.0s
[800/1120]	[L1: 0.0256]	2.5+0.0s
[840/1120]	[L1: 0.0257]	2.8+0.0s
[880/1120]	[L1: 0.0256]	2.5+0.0s
[920/1120]	[L1: 0.0259]	2.5+0.0s
[960/1120]	[L1: 0.0256]	2.4+0.0s
[1000/1120]	[L1: 0.0257]	2.4+0.0s
[1040/1120]	[L1: 0.0257]	2.7+0.0s
[1080/1120]	[L1: 0.0258]	2.3+0.0s
[1120/1120]	[L1: 0.0259]	2.4+0.0s

Evaluation:
[RSSCN7 x3]	psnr: 29.305 (Best: 29.305 @epoch 418)
Total time: 14.94s

[Epoch 419]	Learning rate: 5.00e-5
[40/1120]	[L1: 0.0265]	2.5+0.0s
[80/1120]	[L1: 0.0269]	2.5+0.0s
[120/1120]	[L1: 0.0257]	2.6+0.0s
[160/1120]	[L1: 0.0257]	2.5+0.0s
[200/1120]	[L1: 0.0264]	2.6+0.0s
[240/1120]	[L1: 0.0265]	2.9+0.0s
[280/1120]	[L1: 0.0259]	2.9+0.0s
[320/1120]	[L1: 0.0256]	2.9+0.0s
[360/1120]	[L1: 0.0256]	3.3+0.0s
[400/1120]	[L1: 0.0255]	3.0+0.0s
[440/1120]	[L1: 0.0255]	2.9+0.0s
[480/1120]	[L1: 0.0256]	2.9+0.0s
[520/1120]	[L1: 0.0257]	3.0+0.0s
[560/1120]	[L1: 0.0254]	2.7+0.0s
[600/1120]	[L1: 0.0251]	2.9+0.0s
[640/1120]	[L1: 0.0252]	2.9+0.0s
[680/1120]	[L1: 0.0253]	2.9+0.0s
[720/1120]	[L1: 0.0253]	2.5+0.0s
[760/1120]	[L1: 0.0254]	2.3+0.0s
[800/1120]	[L1: 0.0256]	2.3+0.0s
[840/1120]	[L1: 0.0256]	2.6+0.0s
[880/1120]	[L1: 0.0256]	2.6+0.0s
[920/1120]	[L1: 0.0257]	2.4+0.0s
[960/1120]	[L1: 0.0256]	2.4+0.0s
[1000/1120]	[L1: 0.0257]	2.3+0.0s
[1040/1120]	[L1: 0.0258]	2.3+0.0s
[1080/1120]	[L1: 0.0256]	2.3+0.0s
[1120/1120]	[L1: 0.0256]	2.6+0.0s

Evaluation:
[RSSCN7 x3]	psnr: 29.301 (Best: 29.305 @epoch 418)
Total time: 14.88s

[Epoch 420]	Learning rate: 5.00e-5
[40/1120]	[L1: 0.0266]	2.8+0.0s
[80/1120]	[L1: 0.0269]	2.4+0.0s
[120/1120]	[L1: 0.0252]	2.4+0.0s
[160/1120]	[L1: 0.0258]	2.3+0.0s
[200/1120]	[L1: 0.0260]	2.3+0.0s
[240/1120]	[L1: 0.0262]	2.5+0.0s
[280/1120]	[L1: 0.0262]	2.4+0.0s
[320/1120]	[L1: 0.0259]	2.7+0.0s
[360/1120]	[L1: 0.0258]	2.9+0.0s
[400/1120]	[L1: 0.0258]	2.9+0.0s
[440/1120]	[L1: 0.0253]	2.8+0.0s
[480/1120]	[L1: 0.0253]	2.9+0.0s
[520/1120]	[L1: 0.0253]	2.4+0.0s
[560/1120]	[L1: 0.0252]	2.8+0.0s
[600/1120]	[L1: 0.0251]	2.8+0.0s
[640/1120]	[L1: 0.0250]	2.6+0.0s
[680/1120]	[L1: 0.0251]	2.4+0.0s
[720/1120]	[L1: 0.0252]	2.3+0.0s
[760/1120]	[L1: 0.0252]	2.4+0.0s
[800/1120]	[L1: 0.0254]	2.4+0.0s
[840/1120]	[L1: 0.0256]	2.3+0.0s
[880/1120]	[L1: 0.0256]	2.4+0.0s
[920/1120]	[L1: 0.0255]	3.0+0.0s
[960/1120]	[L1: 0.0255]	2.6+0.0s
[1000/1120]	[L1: 0.0256]	2.8+0.0s
[1040/1120]	[L1: 0.0256]	2.9+0.0s
[1080/1120]	[L1: 0.0257]	2.9+0.0s
[1120/1120]	[L1: 0.0257]	2.9+0.0s

Evaluation:
[RSSCN7 x3]	psnr: 29.294 (Best: 29.305 @epoch 418)
Total time: 14.93s

[Epoch 421]	Learning rate: 5.00e-5
[40/1120]	[L1: 0.0226]	2.5+0.0s
[80/1120]	[L1: 0.0233]	2.4+0.0s
[120/1120]	[L1: 0.0250]	2.4+0.0s
[160/1120]	[L1: 0.0240]	2.3+0.0s
[200/1120]	[L1: 0.0241]	2.3+0.0s
[240/1120]	[L1: 0.0248]	2.3+0.0s
[280/1120]	[L1: 0.0250]	2.4+0.0s
[320/1120]	[L1: 0.0256]	2.3+0.0s
[360/1120]	[L1: 0.0255]	2.7+0.0s
[400/1120]	[L1: 0.0251]	2.6+0.0s
[440/1120]	[L1: 0.0253]	2.3+0.0s
[480/1120]	[L1: 0.0253]	2.3+0.0s
[520/1120]	[L1: 0.0249]	2.3+0.0s
[560/1120]	[L1: 0.0251]	2.4+0.0s
[600/1120]	[L1: 0.0251]	2.4+0.0s
[640/1120]	[L1: 0.0253]	2.3+0.0s
[680/1120]	[L1: 0.0254]	2.3+0.0s
[720/1120]	[L1: 0.0255]	2.4+0.0s
[760/1120]	[L1: 0.0256]	2.3+0.0s
[800/1120]	[L1: 0.0255]	2.4+0.0s
[840/1120]	[L1: 0.0257]	2.7+0.0s
[880/1120]	[L1: 0.0256]	2.3+0.0s
[920/1120]	[L1: 0.0256]	2.3+0.0s
[960/1120]	[L1: 0.0255]	2.3+0.0s
[1000/1120]	[L1: 0.0256]	2.6+0.0s
[1040/1120]	[L1: 0.0256]	2.7+0.0s
[1080/1120]	[L1: 0.0256]	2.3+0.0s
[1120/1120]	[L1: 0.0256]	2.3+0.0s

Evaluation:
[RSSCN7 x3]	psnr: 29.299 (Best: 29.305 @epoch 418)
Total time: 14.90s

[Epoch 422]	Learning rate: 5.00e-5
[40/1120]	[L1: 0.0250]	2.5+0.0s
[80/1120]	[L1: 0.0268]	2.4+0.0s
[120/1120]	[L1: 0.0271]	2.6+0.0s
[160/1120]	[L1: 0.0270]	2.3+0.0s
[200/1120]	[L1: 0.0262]	2.3+0.0s
[240/1120]	[L1: 0.0257]	2.4+0.0s
[280/1120]	[L1: 0.0254]	2.3+0.0s
[320/1120]	[L1: 0.0255]	2.3+0.0s
[360/1120]	[L1: 0.0257]	2.4+0.0s
[400/1120]	[L1: 0.0257]	2.5+0.0s
[440/1120]	[L1: 0.0257]	2.8+0.0s
[480/1120]	[L1: 0.0258]	2.6+0.0s
[520/1120]	[L1: 0.0257]	2.7+0.0s
[560/1120]	[L1: 0.0257]	2.9+0.0s
[600/1120]	[L1: 0.0257]	2.8+0.0s
[640/1120]	[L1: 0.0256]	2.9+0.0s
[680/1120]	[L1: 0.0259]	3.0+0.0s
[720/1120]	[L1: 0.0259]	2.9+0.0s
[760/1120]	[L1: 0.0257]	2.6+0.0s
[800/1120]	[L1: 0.0257]	2.3+0.0s
[840/1120]	[L1: 0.0256]	2.5+0.0s
[880/1120]	[L1: 0.0257]	2.5+0.0s
[920/1120]	[L1: 0.0259]	2.5+0.0s
[960/1120]	[L1: 0.0257]	2.4+0.0s
[1000/1120]	[L1: 0.0257]	2.3+0.0s
[1040/1120]	[L1: 0.0258]	2.3+0.0s
[1080/1120]	[L1: 0.0258]	2.3+0.0s
[1120/1120]	[L1: 0.0258]	2.4+0.0s

Evaluation:
[RSSCN7 x3]	psnr: 29.302 (Best: 29.305 @epoch 418)
Total time: 14.90s

[Epoch 423]	Learning rate: 5.00e-5
[40/1120]	[L1: 0.0231]	2.5+0.0s
[80/1120]	[L1: 0.0241]	2.6+0.0s
[120/1120]	[L1: 0.0234]	2.3+0.0s
[160/1120]	[L1: 0.0238]	2.3+0.0s
[200/1120]	[L1: 0.0245]	2.5+0.0s
[240/1120]	[L1: 0.0250]	2.5+0.0s
[280/1120]	[L1: 0.0250]	2.4+0.0s
[320/1120]	[L1: 0.0252]	2.3+0.0s
[360/1120]	[L1: 0.0255]	2.4+0.0s
[400/1120]	[L1: 0.0250]	2.3+0.0s
[440/1120]	[L1: 0.0251]	2.4+0.0s
[480/1120]	[L1: 0.0253]	2.3+0.0s
[520/1120]	[L1: 0.0252]	2.4+0.0s
[560/1120]	[L1: 0.0253]	2.3+0.0s
[600/1120]	[L1: 0.0257]	2.3+0.0s
[640/1120]	[L1: 0.0254]	2.4+0.0s
[680/1120]	[L1: 0.0256]	2.6+0.0s
[720/1120]	[L1: 0.0257]	2.8+0.0s
[760/1120]	[L1: 0.0258]	2.8+0.0s
[800/1120]	[L1: 0.0258]	2.7+0.0s
[840/1120]	[L1: 0.0258]	2.5+0.0s
[880/1120]	[L1: 0.0257]	2.9+0.0s
[920/1120]	[L1: 0.0258]	3.0+0.0s
[960/1120]	[L1: 0.0257]	3.0+0.0s
[1000/1120]	[L1: 0.0257]	2.8+0.0s
[1040/1120]	[L1: 0.0258]	2.7+0.0s
[1080/1120]	[L1: 0.0258]	2.6+0.0s
[1120/1120]	[L1: 0.0256]	3.0+0.0s

Evaluation:
[RSSCN7 x3]	psnr: 29.304 (Best: 29.305 @epoch 418)
Total time: 14.98s

[Epoch 424]	Learning rate: 5.00e-5
[40/1120]	[L1: 0.0263]	2.7+0.1s
[80/1120]	[L1: 0.0246]	2.5+0.0s
[120/1120]	[L1: 0.0244]	2.6+0.0s
[160/1120]	[L1: 0.0240]	2.7+0.0s
[200/1120]	[L1: 0.0249]	2.8+0.0s
[240/1120]	[L1: 0.0252]	2.9+0.0s
[280/1120]	[L1: 0.0251]	2.8+0.0s
[320/1120]	[L1: 0.0251]	2.5+0.0s
[360/1120]	[L1: 0.0255]	2.4+0.0s
[400/1120]	[L1: 0.0255]	2.3+0.0s
[440/1120]	[L1: 0.0254]	2.5+0.0s
[480/1120]	[L1: 0.0254]	2.4+0.0s
[520/1120]	[L1: 0.0254]	2.4+0.0s
[560/1120]	[L1: 0.0255]	2.3+0.0s
[600/1120]	[L1: 0.0256]	2.4+0.0s
[640/1120]	[L1: 0.0254]	2.5+0.0s
[680/1120]	[L1: 0.0257]	2.4+0.0s
[720/1120]	[L1: 0.0255]	2.4+0.0s
[760/1120]	[L1: 0.0253]	2.3+0.0s
[800/1120]	[L1: 0.0254]	2.4+0.0s
[840/1120]	[L1: 0.0255]	2.5+0.0s
[880/1120]	[L1: 0.0257]	2.3+0.0s
[920/1120]	[L1: 0.0257]	2.4+0.0s
[960/1120]	[L1: 0.0255]	2.3+0.0s
[1000/1120]	[L1: 0.0256]	2.3+0.0s
[1040/1120]	[L1: 0.0258]	2.4+0.0s
[1080/1120]	[L1: 0.0258]	2.3+0.0s
[1120/1120]	[L1: 0.0258]	2.4+0.0s

Evaluation:
[RSSCN7 x3]	psnr: 29.303 (Best: 29.305 @epoch 418)
Total time: 14.96s

[Epoch 425]	Learning rate: 5.00e-5
[40/1120]	[L1: 0.0273]	2.5+0.0s
[80/1120]	[L1: 0.0260]	2.5+0.0s
[120/1120]	[L1: 0.0266]	2.4+0.0s
[160/1120]	[L1: 0.0262]	2.6+0.0s
[200/1120]	[L1: 0.0267]	2.5+0.0s
[240/1120]	[L1: 0.0266]	2.5+0.0s
[280/1120]	[L1: 0.0265]	2.4+0.0s
[320/1120]	[L1: 0.0263]	2.4+0.0s
[360/1120]	[L1: 0.0262]	2.4+0.0s
[400/1120]	[L1: 0.0263]	2.4+0.0s
[440/1120]	[L1: 0.0259]	2.3+0.0s
[480/1120]	[L1: 0.0260]	2.4+0.0s
[520/1120]	[L1: 0.0259]	3.0+0.0s
[560/1120]	[L1: 0.0260]	3.0+0.0s
[600/1120]	[L1: 0.0260]	2.9+0.0s
[640/1120]	[L1: 0.0259]	2.5+0.0s
[680/1120]	[L1: 0.0261]	2.9+0.0s
[720/1120]	[L1: 0.0261]	2.8+0.0s
[760/1120]	[L1: 0.0262]	2.8+0.0s
[800/1120]	[L1: 0.0262]	2.9+0.0s
[840/1120]	[L1: 0.0262]	3.1+0.0s
[880/1120]	[L1: 0.0260]	2.6+0.0s
[920/1120]	[L1: 0.0259]	2.7+0.0s
[960/1120]	[L1: 0.0259]	2.6+0.0s
[1000/1120]	[L1: 0.0259]	2.5+0.0s
[1040/1120]	[L1: 0.0258]	2.5+0.0s
[1080/1120]	[L1: 0.0258]	2.5+0.0s
[1120/1120]	[L1: 0.0257]	2.8+0.0s

Evaluation:
[RSSCN7 x3]	psnr: 29.303 (Best: 29.305 @epoch 418)
Total time: 14.99s

[Epoch 426]	Learning rate: 5.00e-5
[40/1120]	[L1: 0.0256]	2.4+0.0s
[80/1120]	[L1: 0.0255]	2.5+0.0s
[120/1120]	[L1: 0.0242]	2.5+0.0s
[160/1120]	[L1: 0.0248]	2.5+0.0s
[200/1120]	[L1: 0.0253]	2.4+0.0s
[240/1120]	[L1: 0.0246]	2.9+0.0s
[280/1120]	[L1: 0.0245]	3.0+0.0s
[320/1120]	[L1: 0.0246]	2.8+0.0s
[360/1120]	[L1: 0.0249]	2.8+0.0s
[400/1120]	[L1: 0.0247]	2.8+0.0s
[440/1120]	[L1: 0.0248]	2.4+0.0s
[480/1120]	[L1: 0.0249]	2.3+0.0s
[520/1120]	[L1: 0.0250]	2.4+0.0s
[560/1120]	[L1: 0.0248]	2.3+0.0s
[600/1120]	[L1: 0.0250]	2.3+0.0s
[640/1120]	[L1: 0.0253]	2.4+0.0s
[680/1120]	[L1: 0.0252]	2.3+0.0s
[720/1120]	[L1: 0.0254]	2.4+0.0s
[760/1120]	[L1: 0.0256]	2.6+0.0s
[800/1120]	[L1: 0.0258]	2.5+0.0s
[840/1120]	[L1: 0.0256]	2.5+0.0s
[880/1120]	[L1: 0.0257]	2.6+0.0s
[920/1120]	[L1: 0.0256]	2.3+0.0s
[960/1120]	[L1: 0.0256]	2.3+0.0s
[1000/1120]	[L1: 0.0256]	2.5+0.0s
[1040/1120]	[L1: 0.0256]	2.5+0.0s
[1080/1120]	[L1: 0.0257]	2.5+0.0s
[1120/1120]	[L1: 0.0257]	2.7+0.0s

Evaluation:
[RSSCN7 x3]	psnr: 29.295 (Best: 29.305 @epoch 418)
Total time: 14.96s

[Epoch 427]	Learning rate: 5.00e-5
[40/1120]	[L1: 0.0263]	2.6+0.0s
[80/1120]	[L1: 0.0260]	2.5+0.0s
[120/1120]	[L1: 0.0249]	2.9+0.0s
[160/1120]	[L1: 0.0252]	2.9+0.0s
[200/1120]	[L1: 0.0255]	2.4+0.0s
[240/1120]	[L1: 0.0261]	2.7+0.0s
[280/1120]	[L1: 0.0261]	2.8+0.0s
[320/1120]	[L1: 0.0261]	2.3+0.0s
[360/1120]	[L1: 0.0258]	2.4+0.0s
[400/1120]	[L1: 0.0258]	2.3+0.0s
[440/1120]	[L1: 0.0258]	2.4+0.0s
[480/1120]	[L1: 0.0256]	2.3+0.0s
[520/1120]	[L1: 0.0258]	2.3+0.0s
[560/1120]	[L1: 0.0261]	2.4+0.0s
[600/1120]	[L1: 0.0260]	2.3+0.0s
[640/1120]	[L1: 0.0260]	2.4+0.0s
[680/1120]	[L1: 0.0260]	2.4+0.0s
[720/1120]	[L1: 0.0260]	2.5+0.0s
[760/1120]	[L1: 0.0259]	2.6+0.0s
[800/1120]	[L1: 0.0260]	2.5+0.0s
[840/1120]	[L1: 0.0259]	2.6+0.0s
[880/1120]	[L1: 0.0256]	2.3+0.0s
[920/1120]	[L1: 0.0255]	2.3+0.0s
[960/1120]	[L1: 0.0253]	2.4+0.0s
[1000/1120]	[L1: 0.0253]	2.3+0.0s
[1040/1120]	[L1: 0.0254]	2.4+0.0s
[1080/1120]	[L1: 0.0255]	2.3+0.0s
[1120/1120]	[L1: 0.0256]	2.3+0.0s

Evaluation:
[RSSCN7 x3]	psnr: 29.302 (Best: 29.305 @epoch 418)
Total time: 14.96s

[Epoch 428]	Learning rate: 5.00e-5
[40/1120]	[L1: 0.0227]	2.4+0.0s
[80/1120]	[L1: 0.0252]	2.4+0.0s
[120/1120]	[L1: 0.0256]	2.6+0.0s
[160/1120]	[L1: 0.0270]	2.5+0.0s
[200/1120]	[L1: 0.0265]	2.5+0.0s
[240/1120]	[L1: 0.0268]	2.5+0.0s
[280/1120]	[L1: 0.0261]	2.3+0.0s
[320/1120]	[L1: 0.0258]	2.3+0.0s
[360/1120]	[L1: 0.0259]	2.5+0.0s
[400/1120]	[L1: 0.0261]	2.3+0.0s
[440/1120]	[L1: 0.0258]	2.5+0.0s
[480/1120]	[L1: 0.0258]	2.3+0.0s
[520/1120]	[L1: 0.0260]	2.3+0.0s
[560/1120]	[L1: 0.0256]	2.4+0.0s
[600/1120]	[L1: 0.0254]	2.4+0.0s
[640/1120]	[L1: 0.0256]	2.3+0.0s
[680/1120]	[L1: 0.0255]	2.5+0.0s
[720/1120]	[L1: 0.0257]	2.6+0.0s
[760/1120]	[L1: 0.0257]	2.8+0.0s
[800/1120]	[L1: 0.0259]	2.4+0.0s
[840/1120]	[L1: 0.0258]	2.4+0.0s
[880/1120]	[L1: 0.0258]	2.4+0.0s
[920/1120]	[L1: 0.0257]	2.5+0.0s
[960/1120]	[L1: 0.0258]	2.4+0.0s
[1000/1120]	[L1: 0.0258]	2.4+0.0s
[1040/1120]	[L1: 0.0259]	2.9+0.0s
[1080/1120]	[L1: 0.0258]	2.7+0.0s
[1120/1120]	[L1: 0.0258]	2.7+0.0s

Evaluation:
[RSSCN7 x3]	psnr: 29.304 (Best: 29.305 @epoch 418)
Total time: 14.96s

[Epoch 429]	Learning rate: 5.00e-5
[40/1120]	[L1: 0.0243]	2.5+0.0s
[80/1120]	[L1: 0.0257]	2.5+0.0s
[120/1120]	[L1: 0.0259]	2.3+0.0s
[160/1120]	[L1: 0.0260]	2.4+0.0s
[200/1120]	[L1: 0.0265]	2.6+0.0s
[240/1120]	[L1: 0.0262]	2.8+0.0s
[280/1120]	[L1: 0.0256]	2.8+0.0s
[320/1120]	[L1: 0.0256]	2.5+0.0s
[360/1120]	[L1: 0.0254]	2.6+0.0s
[400/1120]	[L1: 0.0255]	2.5+0.0s
[440/1120]	[L1: 0.0254]	2.5+0.0s
[480/1120]	[L1: 0.0252]	2.5+0.0s
[520/1120]	[L1: 0.0250]	2.5+0.0s
[560/1120]	[L1: 0.0252]	2.5+0.0s
[600/1120]	[L1: 0.0249]	2.5+0.0s
[640/1120]	[L1: 0.0250]	2.5+0.0s
[680/1120]	[L1: 0.0250]	2.5+0.0s
[720/1120]	[L1: 0.0249]	2.5+0.0s
[760/1120]	[L1: 0.0250]	2.5+0.0s
[800/1120]	[L1: 0.0251]	2.6+0.0s
[840/1120]	[L1: 0.0251]	2.5+0.0s
[880/1120]	[L1: 0.0251]	2.5+0.0s
[920/1120]	[L1: 0.0253]	2.5+0.0s
[960/1120]	[L1: 0.0256]	2.8+0.0s
[1000/1120]	[L1: 0.0257]	2.9+0.0s
[1040/1120]	[L1: 0.0256]	2.8+0.0s
[1080/1120]	[L1: 0.0257]	2.4+0.0s
[1120/1120]	[L1: 0.0256]	2.5+0.0s

Evaluation:
[RSSCN7 x3]	psnr: 29.297 (Best: 29.305 @epoch 418)
Total time: 14.95s

[Epoch 430]	Learning rate: 5.00e-5
[40/1120]	[L1: 0.0252]	2.6+0.0s
[80/1120]	[L1: 0.0253]	2.4+0.0s
[120/1120]	[L1: 0.0251]	2.5+0.0s
[160/1120]	[L1: 0.0242]	3.0+0.0s
[200/1120]	[L1: 0.0251]	2.9+0.0s
[240/1120]	[L1: 0.0249]	2.9+0.0s
[280/1120]	[L1: 0.0249]	2.9+0.0s
[320/1120]	[L1: 0.0254]	3.0+0.0s
[360/1120]	[L1: 0.0249]	2.8+0.0s
[400/1120]	[L1: 0.0249]	2.5+0.0s
[440/1120]	[L1: 0.0253]	2.7+0.0s
[480/1120]	[L1: 0.0255]	3.0+0.0s
[520/1120]	[L1: 0.0256]	2.9+0.0s
[560/1120]	[L1: 0.0257]	2.9+0.0s
[600/1120]	[L1: 0.0254]	2.9+0.0s
[640/1120]	[L1: 0.0255]	2.9+0.0s
[680/1120]	[L1: 0.0254]	2.9+0.0s
[720/1120]	[L1: 0.0254]	2.9+0.0s
[760/1120]	[L1: 0.0255]	2.9+0.0s
[800/1120]	[L1: 0.0258]	2.5+0.0s
[840/1120]	[L1: 0.0258]	2.6+0.0s
[880/1120]	[L1: 0.0260]	3.0+0.0s
[920/1120]	[L1: 0.0260]	2.8+0.0s
[960/1120]	[L1: 0.0258]	2.5+0.0s
[1000/1120]	[L1: 0.0260]	2.4+0.0s
[1040/1120]	[L1: 0.0259]	2.9+0.0s
[1080/1120]	[L1: 0.0258]	2.7+0.0s
[1120/1120]	[L1: 0.0258]	2.6+0.0s

Evaluation:
[RSSCN7 x3]	psnr: 29.297 (Best: 29.305 @epoch 418)
Total time: 14.95s

[Epoch 431]	Learning rate: 5.00e-5
[40/1120]	[L1: 0.0223]	2.4+0.0s
[80/1120]	[L1: 0.0237]	2.4+0.0s
[120/1120]	[L1: 0.0250]	2.5+0.0s
[160/1120]	[L1: 0.0250]	2.5+0.0s
[200/1120]	[L1: 0.0249]	2.5+0.0s
[240/1120]	[L1: 0.0245]	2.3+0.0s
[280/1120]	[L1: 0.0249]	2.8+0.0s
[320/1120]	[L1: 0.0253]	2.8+0.0s
[360/1120]	[L1: 0.0255]	2.8+0.0s
[400/1120]	[L1: 0.0257]	2.3+0.0s
[440/1120]	[L1: 0.0255]	2.4+0.0s
[480/1120]	[L1: 0.0255]	2.3+0.0s
[520/1120]	[L1: 0.0256]	2.4+0.0s
[560/1120]	[L1: 0.0256]	2.3+0.0s
[600/1120]	[L1: 0.0253]	2.4+0.0s
[640/1120]	[L1: 0.0255]	2.3+0.0s
[680/1120]	[L1: 0.0252]	2.4+0.0s
[720/1120]	[L1: 0.0252]	2.4+0.0s
[760/1120]	[L1: 0.0254]	2.9+0.0s
[800/1120]	[L1: 0.0255]	2.5+0.0s
[840/1120]	[L1: 0.0257]	2.4+0.0s
[880/1120]	[L1: 0.0256]	2.3+0.0s
[920/1120]	[L1: 0.0257]	2.5+0.0s
[960/1120]	[L1: 0.0257]	2.9+0.0s
[1000/1120]	[L1: 0.0258]	2.8+0.0s
[1040/1120]	[L1: 0.0258]	2.5+0.0s
[1080/1120]	[L1: 0.0258]	2.3+0.0s
[1120/1120]	[L1: 0.0257]	2.4+0.0s

Evaluation:
[RSSCN7 x3]	psnr: 29.298 (Best: 29.305 @epoch 418)
Total time: 14.95s

[Epoch 432]	Learning rate: 5.00e-5
[40/1120]	[L1: 0.0229]	2.6+0.0s
[80/1120]	[L1: 0.0234]	2.4+0.0s
[120/1120]	[L1: 0.0251]	2.6+0.0s
[160/1120]	[L1: 0.0252]	2.3+0.0s
[200/1120]	[L1: 0.0254]	2.5+0.0s
[240/1120]	[L1: 0.0257]	2.4+0.0s
[280/1120]	[L1: 0.0259]	2.5+0.0s
[320/1120]	[L1: 0.0254]	2.4+0.0s
[360/1120]	[L1: 0.0258]	2.5+0.0s
[400/1120]	[L1: 0.0254]	2.5+0.0s
[440/1120]	[L1: 0.0254]	2.4+0.0s
[480/1120]	[L1: 0.0251]	2.5+0.0s
[520/1120]	[L1: 0.0251]	2.4+0.0s
[560/1120]	[L1: 0.0249]	2.5+0.0s
[600/1120]	[L1: 0.0250]	2.4+0.0s
[640/1120]	[L1: 0.0249]	2.6+0.0s
[680/1120]	[L1: 0.0251]	2.4+0.0s
[720/1120]	[L1: 0.0255]	2.4+0.0s
[760/1120]	[L1: 0.0255]	2.3+0.0s
[800/1120]	[L1: 0.0255]	2.4+0.0s
[840/1120]	[L1: 0.0254]	2.3+0.0s
[880/1120]	[L1: 0.0253]	2.4+0.0s
[920/1120]	[L1: 0.0255]	2.3+0.0s
[960/1120]	[L1: 0.0255]	2.4+0.0s
[1000/1120]	[L1: 0.0255]	2.3+0.0s
[1040/1120]	[L1: 0.0256]	2.4+0.0s
[1080/1120]	[L1: 0.0257]	2.3+0.0s
[1120/1120]	[L1: 0.0256]	2.4+0.0s

Evaluation:
[RSSCN7 x3]	psnr: 29.314 (Best: 29.314 @epoch 432)
Total time: 14.96s

[Epoch 433]	Learning rate: 5.00e-5
[40/1120]	[L1: 0.0268]	2.5+0.0s
[80/1120]	[L1: 0.0254]	2.6+0.0s
[120/1120]	[L1: 0.0256]	2.4+0.0s
[160/1120]	[L1: 0.0254]	2.5+0.0s
[200/1120]	[L1: 0.0252]	2.8+0.0s
[240/1120]	[L1: 0.0255]	2.5+0.0s
[280/1120]	[L1: 0.0255]	2.3+0.0s
[320/1120]	[L1: 0.0257]	2.4+0.0s
[360/1120]	[L1: 0.0257]	2.6+0.0s
[400/1120]	[L1: 0.0254]	3.0+0.0s
[440/1120]	[L1: 0.0252]	2.8+0.0s
[480/1120]	[L1: 0.0255]	2.9+0.0s
[520/1120]	[L1: 0.0254]	2.4+0.0s
[560/1120]	[L1: 0.0255]	2.4+0.0s
[600/1120]	[L1: 0.0256]	2.7+0.0s
[640/1120]	[L1: 0.0256]	2.8+0.0s
[680/1120]	[L1: 0.0257]	2.4+0.0s
[720/1120]	[L1: 0.0258]	2.4+0.0s
[760/1120]	[L1: 0.0256]	2.5+0.0s
[800/1120]	[L1: 0.0257]	2.5+0.0s
[840/1120]	[L1: 0.0257]	2.5+0.0s
[880/1120]	[L1: 0.0257]	2.6+0.0s
[920/1120]	[L1: 0.0255]	2.4+0.0s
[960/1120]	[L1: 0.0256]	2.4+0.0s
[1000/1120]	[L1: 0.0256]	2.5+0.0s
[1040/1120]	[L1: 0.0257]	2.6+0.0s
[1080/1120]	[L1: 0.0257]	2.8+0.0s
[1120/1120]	[L1: 0.0257]	2.7+0.0s

Evaluation:
[RSSCN7 x3]	psnr: 29.305 (Best: 29.314 @epoch 432)
Total time: 14.92s

[Epoch 434]	Learning rate: 5.00e-5
[40/1120]	[L1: 0.0261]	2.5+0.0s
[80/1120]	[L1: 0.0268]	2.4+0.0s
[120/1120]	[L1: 0.0252]	2.8+0.0s
[160/1120]	[L1: 0.0250]	2.9+0.0s
[200/1120]	[L1: 0.0247]	2.9+0.0s
[240/1120]	[L1: 0.0257]	2.8+0.0s
[280/1120]	[L1: 0.0256]	2.4+0.0s
[320/1120]	[L1: 0.0252]	2.4+0.0s
[360/1120]	[L1: 0.0252]	2.4+0.0s
[400/1120]	[L1: 0.0257]	2.3+0.0s
[440/1120]	[L1: 0.0259]	2.5+0.0s
[480/1120]	[L1: 0.0257]	2.3+0.0s
[520/1120]	[L1: 0.0255]	2.4+0.0s
[560/1120]	[L1: 0.0255]	2.4+0.0s
[600/1120]	[L1: 0.0257]	2.3+0.0s
[640/1120]	[L1: 0.0257]	2.4+0.0s
[680/1120]	[L1: 0.0257]	2.4+0.0s
[720/1120]	[L1: 0.0257]	2.4+0.0s
[760/1120]	[L1: 0.0257]	2.5+0.0s
[800/1120]	[L1: 0.0257]	2.7+0.0s
[840/1120]	[L1: 0.0256]	2.7+0.0s
[880/1120]	[L1: 0.0258]	2.6+0.0s
[920/1120]	[L1: 0.0258]	2.5+0.0s
[960/1120]	[L1: 0.0257]	2.4+0.0s
[1000/1120]	[L1: 0.0256]	2.5+0.0s
[1040/1120]	[L1: 0.0256]	2.5+0.0s
[1080/1120]	[L1: 0.0255]	2.4+0.0s
[1120/1120]	[L1: 0.0257]	2.3+0.0s

Evaluation:
[RSSCN7 x3]	psnr: 29.305 (Best: 29.314 @epoch 432)
Total time: 14.96s

[Epoch 435]	Learning rate: 5.00e-5
[40/1120]	[L1: 0.0254]	2.6+0.0s
[80/1120]	[L1: 0.0269]	2.5+0.0s
[120/1120]	[L1: 0.0264]	2.4+0.0s
[160/1120]	[L1: 0.0263]	2.6+0.0s
[200/1120]	[L1: 0.0261]	2.4+0.0s
[240/1120]	[L1: 0.0259]	2.7+0.0s
[280/1120]	[L1: 0.0258]	2.8+0.0s
[320/1120]	[L1: 0.0259]	2.9+0.0s
[360/1120]	[L1: 0.0256]	2.6+0.0s
[400/1120]	[L1: 0.0256]	2.5+0.0s
[440/1120]	[L1: 0.0258]	2.9+0.0s
[480/1120]	[L1: 0.0258]	2.9+0.0s
[520/1120]	[L1: 0.0257]	2.8+0.0s
[560/1120]	[L1: 0.0258]	2.7+0.0s
[600/1120]	[L1: 0.0255]	3.0+0.0s
[640/1120]	[L1: 0.0256]	2.6+0.0s
[680/1120]	[L1: 0.0256]	2.5+0.0s
[720/1120]	[L1: 0.0256]	2.6+0.0s
[760/1120]	[L1: 0.0257]	2.5+0.0s
[800/1120]	[L1: 0.0256]	2.4+0.0s
[840/1120]	[L1: 0.0255]	2.5+0.0s
[880/1120]	[L1: 0.0254]	2.7+0.0s
[920/1120]	[L1: 0.0254]	2.9+0.0s
[960/1120]	[L1: 0.0256]	3.1+0.0s
[1000/1120]	[L1: 0.0257]	2.6+0.0s
[1040/1120]	[L1: 0.0256]	2.8+0.0s
[1080/1120]	[L1: 0.0255]	2.8+0.0s
[1120/1120]	[L1: 0.0255]	2.7+0.0s

Evaluation:
[RSSCN7 x3]	psnr: 29.300 (Best: 29.314 @epoch 432)
Total time: 14.92s

[Epoch 436]	Learning rate: 5.00e-5
[40/1120]	[L1: 0.0291]	2.7+0.0s
[80/1120]	[L1: 0.0272]	2.5+0.0s
[120/1120]	[L1: 0.0277]	2.5+0.0s
[160/1120]	[L1: 0.0277]	2.5+0.0s
[200/1120]	[L1: 0.0272]	2.3+0.0s
[240/1120]	[L1: 0.0264]	2.4+0.0s
[280/1120]	[L1: 0.0259]	2.4+0.0s
[320/1120]	[L1: 0.0257]	2.4+0.0s
[360/1120]	[L1: 0.0257]	2.4+0.0s
[400/1120]	[L1: 0.0256]	2.4+0.0s
[440/1120]	[L1: 0.0256]	2.5+0.0s
[480/1120]	[L1: 0.0256]	2.6+0.0s
[520/1120]	[L1: 0.0258]	2.5+0.0s
[560/1120]	[L1: 0.0261]	2.7+0.0s
[600/1120]	[L1: 0.0260]	2.9+0.0s
[640/1120]	[L1: 0.0259]	2.7+0.0s
[680/1120]	[L1: 0.0258]	2.5+0.0s
[720/1120]	[L1: 0.0260]	2.5+0.0s
[760/1120]	[L1: 0.0260]	2.9+0.0s
[800/1120]	[L1: 0.0262]	3.2+0.0s
[840/1120]	[L1: 0.0262]	3.3+0.0s
[880/1120]	[L1: 0.0262]	3.2+0.0s
[920/1120]	[L1: 0.0260]	3.0+0.0s
[960/1120]	[L1: 0.0259]	3.4+0.0s
[1000/1120]	[L1: 0.0257]	2.5+0.0s
[1040/1120]	[L1: 0.0257]	2.8+0.0s
[1080/1120]	[L1: 0.0257]	2.7+0.0s
[1120/1120]	[L1: 0.0257]	2.8+0.0s

Evaluation:
[RSSCN7 x3]	psnr: 29.290 (Best: 29.314 @epoch 432)
Total time: 14.99s

[Epoch 437]	Learning rate: 5.00e-5
[40/1120]	[L1: 0.0275]	3.2+0.0s
[80/1120]	[L1: 0.0280]	3.0+0.0s
[120/1120]	[L1: 0.0269]	2.6+0.0s
[160/1120]	[L1: 0.0262]	2.6+0.0s
[200/1120]	[L1: 0.0269]	2.5+0.0s
[240/1120]	[L1: 0.0271]	2.7+0.0s
[280/1120]	[L1: 0.0270]	2.6+0.0s
[320/1120]	[L1: 0.0270]	2.7+0.0s
[360/1120]	[L1: 0.0264]	2.6+0.0s
[400/1120]	[L1: 0.0260]	2.6+0.0s
[440/1120]	[L1: 0.0257]	2.7+0.0s
[480/1120]	[L1: 0.0257]	3.0+0.0s
[520/1120]	[L1: 0.0256]	2.8+0.0s
[560/1120]	[L1: 0.0256]	2.8+0.0s
[600/1120]	[L1: 0.0256]	2.9+0.0s
[640/1120]	[L1: 0.0254]	3.0+0.0s
[680/1120]	[L1: 0.0254]	3.0+0.0s
[720/1120]	[L1: 0.0253]	3.1+0.0s
[760/1120]	[L1: 0.0252]	2.9+0.0s
[800/1120]	[L1: 0.0253]	2.8+0.0s
[840/1120]	[L1: 0.0253]	2.3+0.0s
[880/1120]	[L1: 0.0255]	2.4+0.0s
[920/1120]	[L1: 0.0255]	2.3+0.0s
[960/1120]	[L1: 0.0254]	2.3+0.0s
[1000/1120]	[L1: 0.0256]	2.5+0.0s
[1040/1120]	[L1: 0.0256]	2.3+0.0s
[1080/1120]	[L1: 0.0256]	2.4+0.0s
[1120/1120]	[L1: 0.0255]	2.7+0.0s

Evaluation:
[RSSCN7 x3]	psnr: 29.303 (Best: 29.314 @epoch 432)
Total time: 14.96s

[Epoch 438]	Learning rate: 5.00e-5
[40/1120]	[L1: 0.0250]	2.5+0.0s
[80/1120]	[L1: 0.0280]	2.6+0.0s
[120/1120]	[L1: 0.0282]	3.1+0.0s
[160/1120]	[L1: 0.0263]	2.8+0.0s
[200/1120]	[L1: 0.0265]	2.6+0.0s
[240/1120]	[L1: 0.0265]	2.5+0.0s
[280/1120]	[L1: 0.0258]	2.7+0.0s
[320/1120]	[L1: 0.0259]	2.9+0.0s
[360/1120]	[L1: 0.0260]	2.8+0.0s
[400/1120]	[L1: 0.0260]	2.6+0.0s
[440/1120]	[L1: 0.0258]	2.5+0.0s
[480/1120]	[L1: 0.0255]	2.6+0.0s
[520/1120]	[L1: 0.0254]	2.5+0.0s
[560/1120]	[L1: 0.0252]	2.5+0.0s
[600/1120]	[L1: 0.0252]	2.6+0.0s
[640/1120]	[L1: 0.0253]	2.5+0.0s
[680/1120]	[L1: 0.0254]	2.7+0.0s
[720/1120]	[L1: 0.0255]	2.4+0.0s
[760/1120]	[L1: 0.0256]	2.5+0.0s
[800/1120]	[L1: 0.0257]	2.6+0.0s
[840/1120]	[L1: 0.0256]	2.6+0.0s
[880/1120]	[L1: 0.0257]	2.5+0.0s
[920/1120]	[L1: 0.0258]	2.4+0.0s
[960/1120]	[L1: 0.0258]	2.6+0.0s
[1000/1120]	[L1: 0.0258]	3.1+0.0s
[1040/1120]	[L1: 0.0258]	2.9+0.0s
[1080/1120]	[L1: 0.0257]	3.0+0.0s
[1120/1120]	[L1: 0.0256]	2.4+0.0s

Evaluation:
[RSSCN7 x3]	psnr: 29.300 (Best: 29.314 @epoch 432)
Total time: 14.88s

[Epoch 439]	Learning rate: 5.00e-5
[40/1120]	[L1: 0.0276]	3.1+0.0s
[80/1120]	[L1: 0.0272]	2.9+0.0s
[120/1120]	[L1: 0.0260]	2.9+0.0s
[160/1120]	[L1: 0.0255]	2.9+0.0s
[200/1120]	[L1: 0.0254]	3.0+0.0s
[240/1120]	[L1: 0.0258]	2.9+0.0s
[280/1120]	[L1: 0.0260]	2.9+0.0s
[320/1120]	[L1: 0.0259]	2.8+0.0s
[360/1120]	[L1: 0.0261]	2.9+0.0s
[400/1120]	[L1: 0.0262]	2.4+0.0s
[440/1120]	[L1: 0.0260]	2.4+0.0s
[480/1120]	[L1: 0.0260]	2.5+0.0s
[520/1120]	[L1: 0.0260]	2.4+0.0s
[560/1120]	[L1: 0.0260]	2.3+0.0s
[600/1120]	[L1: 0.0260]	2.4+0.0s
[640/1120]	[L1: 0.0260]	2.4+0.0s
[680/1120]	[L1: 0.0260]	2.4+0.0s
[720/1120]	[L1: 0.0258]	2.5+0.0s
[760/1120]	[L1: 0.0258]	2.5+0.0s
[800/1120]	[L1: 0.0257]	3.0+0.0s
[840/1120]	[L1: 0.0256]	2.5+0.0s
[880/1120]	[L1: 0.0256]	2.5+0.0s
[920/1120]	[L1: 0.0256]	2.5+0.0s
[960/1120]	[L1: 0.0256]	2.7+0.0s
[1000/1120]	[L1: 0.0257]	2.9+0.0s
[1040/1120]	[L1: 0.0256]	2.9+0.0s
[1080/1120]	[L1: 0.0257]	2.8+0.0s
[1120/1120]	[L1: 0.0257]	2.5+0.0s

Evaluation:
[RSSCN7 x3]	psnr: 29.301 (Best: 29.314 @epoch 432)
Total time: 14.92s

[Epoch 440]	Learning rate: 5.00e-5
[40/1120]	[L1: 0.0274]	2.5+0.0s
[80/1120]	[L1: 0.0266]	2.7+0.0s
[120/1120]	[L1: 0.0259]	2.6+0.0s
[160/1120]	[L1: 0.0260]	2.8+0.0s
[200/1120]	[L1: 0.0264]	2.6+0.0s
[240/1120]	[L1: 0.0261]	2.8+0.0s
[280/1120]	[L1: 0.0261]	3.0+0.0s
[320/1120]	[L1: 0.0254]	2.8+0.0s
[360/1120]	[L1: 0.0250]	2.9+0.0s
[400/1120]	[L1: 0.0252]	2.8+0.0s
[440/1120]	[L1: 0.0254]	2.8+0.0s
[480/1120]	[L1: 0.0253]	2.9+0.0s
[520/1120]	[L1: 0.0252]	2.6+0.0s
[560/1120]	[L1: 0.0253]	2.6+0.0s
[600/1120]	[L1: 0.0253]	2.5+0.0s
[640/1120]	[L1: 0.0253]	2.4+0.0s
[680/1120]	[L1: 0.0256]	2.5+0.0s
[720/1120]	[L1: 0.0256]	2.4+0.0s
[760/1120]	[L1: 0.0257]	2.6+0.0s
[800/1120]	[L1: 0.0257]	2.5+0.0s
[840/1120]	[L1: 0.0259]	2.5+0.0s
[880/1120]	[L1: 0.0256]	2.5+0.0s
[920/1120]	[L1: 0.0256]	2.5+0.0s
[960/1120]	[L1: 0.0256]	3.0+0.0s
[1000/1120]	[L1: 0.0255]	2.9+0.0s
[1040/1120]	[L1: 0.0254]	2.6+0.0s
[1080/1120]	[L1: 0.0255]	2.5+0.0s
[1120/1120]	[L1: 0.0255]	2.5+0.0s

Evaluation:
[RSSCN7 x3]	psnr: 29.307 (Best: 29.314 @epoch 432)
Total time: 14.97s

[Epoch 441]	Learning rate: 5.00e-5
[40/1120]	[L1: 0.0246]	2.9+0.0s
[80/1120]	[L1: 0.0238]	2.9+0.0s
[120/1120]	[L1: 0.0231]	2.9+0.0s
[160/1120]	[L1: 0.0239]	2.7+0.0s
[200/1120]	[L1: 0.0235]	2.5+0.0s
[240/1120]	[L1: 0.0241]	2.4+0.0s
[280/1120]	[L1: 0.0248]	2.8+0.0s
[320/1120]	[L1: 0.0250]	2.9+0.0s
[360/1120]	[L1: 0.0251]	2.8+0.0s
[400/1120]	[L1: 0.0252]	2.8+0.0s
[440/1120]	[L1: 0.0256]	2.5+0.0s
[480/1120]	[L1: 0.0258]	2.3+0.0s
[520/1120]	[L1: 0.0257]	2.4+0.0s
[560/1120]	[L1: 0.0257]	2.4+0.0s
[600/1120]	[L1: 0.0258]	2.7+0.0s
[640/1120]	[L1: 0.0256]	2.6+0.0s
[680/1120]	[L1: 0.0256]	2.4+0.0s
[720/1120]	[L1: 0.0257]	2.3+0.0s
[760/1120]	[L1: 0.0257]	2.4+0.0s
[800/1120]	[L1: 0.0256]	2.6+0.0s
[840/1120]	[L1: 0.0256]	2.8+0.0s
[880/1120]	[L1: 0.0255]	2.5+0.0s
[920/1120]	[L1: 0.0257]	2.6+0.0s
[960/1120]	[L1: 0.0257]	2.5+0.0s
[1000/1120]	[L1: 0.0257]	2.5+0.0s
[1040/1120]	[L1: 0.0256]	2.5+0.0s
[1080/1120]	[L1: 0.0255]	2.9+0.0s
[1120/1120]	[L1: 0.0256]	2.9+0.0s

Evaluation:
[RSSCN7 x3]	psnr: 29.305 (Best: 29.314 @epoch 432)
Total time: 14.96s

[Epoch 442]	Learning rate: 5.00e-5
[40/1120]	[L1: 0.0239]	2.6+0.0s
[80/1120]	[L1: 0.0242]	2.4+0.0s
[120/1120]	[L1: 0.0254]	2.6+0.0s
[160/1120]	[L1: 0.0261]	2.5+0.0s
[200/1120]	[L1: 0.0270]	2.5+0.0s
[240/1120]	[L1: 0.0266]	2.9+0.0s
[280/1120]	[L1: 0.0265]	3.0+0.0s
[320/1120]	[L1: 0.0260]	2.7+0.0s
[360/1120]	[L1: 0.0257]	2.4+0.0s
[400/1120]	[L1: 0.0257]	2.6+0.0s
[440/1120]	[L1: 0.0258]	2.5+0.0s
[480/1120]	[L1: 0.0257]	2.4+0.0s
[520/1120]	[L1: 0.0257]	2.4+0.0s
[560/1120]	[L1: 0.0257]	2.6+0.0s
[600/1120]	[L1: 0.0258]	2.4+0.0s
[640/1120]	[L1: 0.0259]	2.3+0.0s
[680/1120]	[L1: 0.0256]	2.6+0.0s
[720/1120]	[L1: 0.0257]	2.5+0.0s
[760/1120]	[L1: 0.0258]	2.4+0.0s
[800/1120]	[L1: 0.0259]	2.5+0.0s
[840/1120]	[L1: 0.0260]	2.5+0.0s
[880/1120]	[L1: 0.0258]	2.5+0.0s
[920/1120]	[L1: 0.0258]	2.5+0.0s
[960/1120]	[L1: 0.0257]	2.5+0.0s
[1000/1120]	[L1: 0.0257]	2.5+0.0s
[1040/1120]	[L1: 0.0259]	2.3+0.0s
[1080/1120]	[L1: 0.0257]	2.7+0.0s
[1120/1120]	[L1: 0.0257]	2.9+0.0s

Evaluation:
[RSSCN7 x3]	psnr: 29.291 (Best: 29.314 @epoch 432)
Total time: 15.00s

[Epoch 443]	Learning rate: 5.00e-5
[40/1120]	[L1: 0.0262]	3.0+0.0s
[80/1120]	[L1: 0.0257]	3.0+0.0s
[120/1120]	[L1: 0.0260]	2.7+0.0s
[160/1120]	[L1: 0.0255]	2.5+0.0s
[200/1120]	[L1: 0.0254]	2.5+0.0s
[240/1120]	[L1: 0.0257]	2.8+0.0s
[280/1120]	[L1: 0.0262]	3.1+0.0s
[320/1120]	[L1: 0.0265]	2.9+0.0s
[360/1120]	[L1: 0.0260]	3.0+0.0s
[400/1120]	[L1: 0.0259]	2.8+0.0s
[440/1120]	[L1: 0.0261]	2.5+0.0s
[480/1120]	[L1: 0.0262]	2.6+0.0s
[520/1120]	[L1: 0.0262]	2.5+0.0s
[560/1120]	[L1: 0.0260]	2.5+0.0s
[600/1120]	[L1: 0.0261]	2.5+0.0s
[640/1120]	[L1: 0.0261]	3.0+0.0s
[680/1120]	[L1: 0.0260]	3.0+0.0s
[720/1120]	[L1: 0.0257]	2.5+0.0s
[760/1120]	[L1: 0.0260]	2.5+0.0s
[800/1120]	[L1: 0.0258]	2.5+0.0s
[840/1120]	[L1: 0.0258]	2.6+0.0s
[880/1120]	[L1: 0.0259]	2.5+0.0s
[920/1120]	[L1: 0.0258]	2.3+0.0s
[960/1120]	[L1: 0.0257]	2.3+0.0s
[1000/1120]	[L1: 0.0257]	2.3+0.0s
[1040/1120]	[L1: 0.0256]	2.6+0.0s
[1080/1120]	[L1: 0.0254]	2.8+0.0s
[1120/1120]	[L1: 0.0256]	2.6+0.0s

Evaluation:
[RSSCN7 x3]	psnr: 29.302 (Best: 29.314 @epoch 432)
Total time: 14.98s

[Epoch 444]	Learning rate: 5.00e-5
[40/1120]	[L1: 0.0285]	3.1+0.0s
[80/1120]	[L1: 0.0254]	2.5+0.0s
[120/1120]	[L1: 0.0259]	2.6+0.0s
[160/1120]	[L1: 0.0265]	2.5+0.0s
[200/1120]	[L1: 0.0267]	2.5+0.0s
[240/1120]	[L1: 0.0264]	2.6+0.0s
[280/1120]	[L1: 0.0267]	2.5+0.0s
[320/1120]	[L1: 0.0261]	2.6+0.0s
[360/1120]	[L1: 0.0260]	2.8+0.0s
[400/1120]	[L1: 0.0260]	2.7+0.0s
[440/1120]	[L1: 0.0259]	2.5+0.0s
[480/1120]	[L1: 0.0260]	2.4+0.0s
[520/1120]	[L1: 0.0258]	2.4+0.0s
[560/1120]	[L1: 0.0259]	2.3+0.0s
[600/1120]	[L1: 0.0259]	2.3+0.0s
[640/1120]	[L1: 0.0259]	2.4+0.0s
[680/1120]	[L1: 0.0259]	2.9+0.0s
[720/1120]	[L1: 0.0259]	3.0+0.0s
[760/1120]	[L1: 0.0258]	2.9+0.0s
[800/1120]	[L1: 0.0256]	2.8+0.0s
[840/1120]	[L1: 0.0258]	3.0+0.0s
[880/1120]	[L1: 0.0259]	3.0+0.0s
[920/1120]	[L1: 0.0258]	2.9+0.0s
[960/1120]	[L1: 0.0257]	2.8+0.0s
[1000/1120]	[L1: 0.0259]	2.4+0.0s
[1040/1120]	[L1: 0.0258]	2.5+0.0s
[1080/1120]	[L1: 0.0256]	2.3+0.0s
[1120/1120]	[L1: 0.0255]	2.4+0.0s

Evaluation:
[RSSCN7 x3]	psnr: 29.302 (Best: 29.314 @epoch 432)
Total time: 14.90s

[Epoch 445]	Learning rate: 5.00e-5
[40/1120]	[L1: 0.0253]	2.9+0.0s
[80/1120]	[L1: 0.0265]	3.0+0.0s
[120/1120]	[L1: 0.0267]	2.9+0.0s
[160/1120]	[L1: 0.0259]	3.0+0.0s
[200/1120]	[L1: 0.0255]	3.0+0.0s
[240/1120]	[L1: 0.0250]	2.8+0.0s
[280/1120]	[L1: 0.0261]	2.6+0.0s
[320/1120]	[L1: 0.0263]	2.4+0.0s
[360/1120]	[L1: 0.0259]	2.6+0.0s
[400/1120]	[L1: 0.0261]	2.8+0.0s
[440/1120]	[L1: 0.0264]	2.9+0.0s
[480/1120]	[L1: 0.0263]	3.0+0.0s
[520/1120]	[L1: 0.0261]	2.7+0.0s
[560/1120]	[L1: 0.0261]	2.5+0.0s
[600/1120]	[L1: 0.0261]	2.4+0.0s
[640/1120]	[L1: 0.0260]	2.4+0.0s
[680/1120]	[L1: 0.0258]	2.5+0.0s
[720/1120]	[L1: 0.0257]	2.5+0.0s
[760/1120]	[L1: 0.0260]	2.5+0.0s
[800/1120]	[L1: 0.0260]	2.5+0.0s
[840/1120]	[L1: 0.0258]	2.5+0.0s
[880/1120]	[L1: 0.0258]	2.6+0.0s
[920/1120]	[L1: 0.0258]	2.4+0.0s
[960/1120]	[L1: 0.0256]	2.7+0.0s
[1000/1120]	[L1: 0.0254]	2.9+0.0s
[1040/1120]	[L1: 0.0254]	2.5+0.0s
[1080/1120]	[L1: 0.0256]	2.5+0.0s
[1120/1120]	[L1: 0.0256]	2.4+0.0s

Evaluation:
[RSSCN7 x3]	psnr: 29.304 (Best: 29.314 @epoch 432)
Total time: 14.96s

[Epoch 446]	Learning rate: 5.00e-5
[40/1120]	[L1: 0.0268]	2.5+0.0s
[80/1120]	[L1: 0.0271]	2.5+0.0s
[120/1120]	[L1: 0.0265]	2.6+0.0s
[160/1120]	[L1: 0.0259]	2.5+0.0s
[200/1120]	[L1: 0.0267]	2.5+0.0s
[240/1120]	[L1: 0.0263]	2.5+0.0s
[280/1120]	[L1: 0.0268]	2.6+0.0s
[320/1120]	[L1: 0.0264]	2.9+0.0s
[360/1120]	[L1: 0.0262]	2.8+0.0s
[400/1120]	[L1: 0.0264]	2.5+0.0s
[440/1120]	[L1: 0.0262]	2.5+0.0s
[480/1120]	[L1: 0.0262]	2.6+0.0s
[520/1120]	[L1: 0.0262]	2.5+0.0s
[560/1120]	[L1: 0.0259]	2.5+0.0s
[600/1120]	[L1: 0.0259]	2.5+0.0s
[640/1120]	[L1: 0.0259]	2.6+0.0s
[680/1120]	[L1: 0.0260]	2.5+0.0s
[720/1120]	[L1: 0.0261]	2.5+0.0s
[760/1120]	[L1: 0.0262]	2.4+0.0s
[800/1120]	[L1: 0.0259]	2.3+0.0s
[840/1120]	[L1: 0.0259]	2.8+0.0s
[880/1120]	[L1: 0.0257]	2.8+0.0s
[920/1120]	[L1: 0.0256]	2.9+0.0s
[960/1120]	[L1: 0.0256]	2.8+0.0s
[1000/1120]	[L1: 0.0256]	2.9+0.0s
[1040/1120]	[L1: 0.0256]	2.5+0.0s
[1080/1120]	[L1: 0.0255]	2.8+0.0s
[1120/1120]	[L1: 0.0256]	2.3+0.0s

Evaluation:
[RSSCN7 x3]	psnr: 29.266 (Best: 29.314 @epoch 432)
Total time: 14.93s

[Epoch 447]	Learning rate: 5.00e-5
[40/1120]	[L1: 0.0222]	2.5+0.0s
[80/1120]	[L1: 0.0265]	2.7+0.0s
[120/1120]	[L1: 0.0269]	2.7+0.0s
[160/1120]	[L1: 0.0273]	2.6+0.0s
[200/1120]	[L1: 0.0266]	2.5+0.0s
[240/1120]	[L1: 0.0273]	2.5+0.0s
[280/1120]	[L1: 0.0271]	2.5+0.0s
[320/1120]	[L1: 0.0265]	2.6+0.0s
[360/1120]	[L1: 0.0259]	2.5+0.0s
[400/1120]	[L1: 0.0257]	2.5+0.0s
[440/1120]	[L1: 0.0258]	2.5+0.0s
[480/1120]	[L1: 0.0257]	2.5+0.0s
[520/1120]	[L1: 0.0256]	2.6+0.0s
[560/1120]	[L1: 0.0254]	2.5+0.0s
[600/1120]	[L1: 0.0250]	2.5+0.0s
[640/1120]	[L1: 0.0249]	2.5+0.0s
[680/1120]	[L1: 0.0250]	2.6+0.0s
[720/1120]	[L1: 0.0253]	2.5+0.0s
[760/1120]	[L1: 0.0255]	2.5+0.0s
[800/1120]	[L1: 0.0253]	2.4+0.0s
[840/1120]	[L1: 0.0253]	2.5+0.0s
[880/1120]	[L1: 0.0254]	2.6+0.0s
[920/1120]	[L1: 0.0257]	2.5+0.0s
[960/1120]	[L1: 0.0257]	2.5+0.0s
[1000/1120]	[L1: 0.0257]	2.5+0.0s
[1040/1120]	[L1: 0.0257]	2.5+0.0s
[1080/1120]	[L1: 0.0256]	2.6+0.0s
[1120/1120]	[L1: 0.0255]	2.4+0.0s

Evaluation:
[RSSCN7 x3]	psnr: 29.301 (Best: 29.314 @epoch 432)
Total time: 14.93s

[Epoch 448]	Learning rate: 5.00e-5
[40/1120]	[L1: 0.0237]	2.6+0.0s
[80/1120]	[L1: 0.0231]	2.5+0.0s
[120/1120]	[L1: 0.0244]	2.6+0.0s
[160/1120]	[L1: 0.0258]	2.4+0.0s
[200/1120]	[L1: 0.0246]	2.3+0.0s
[240/1120]	[L1: 0.0240]	2.5+0.0s
[280/1120]	[L1: 0.0238]	2.7+0.0s
[320/1120]	[L1: 0.0245]	2.6+0.0s
[360/1120]	[L1: 0.0245]	2.9+0.0s
[400/1120]	[L1: 0.0245]	2.6+0.0s
[440/1120]	[L1: 0.0244]	2.6+0.0s
[480/1120]	[L1: 0.0245]	2.4+0.0s
[520/1120]	[L1: 0.0246]	2.5+0.0s
[560/1120]	[L1: 0.0248]	2.4+0.0s
[600/1120]	[L1: 0.0251]	2.3+0.0s
[640/1120]	[L1: 0.0253]	2.5+0.0s
[680/1120]	[L1: 0.0255]	2.4+0.0s
[720/1120]	[L1: 0.0257]	2.5+0.0s
[760/1120]	[L1: 0.0255]	2.3+0.0s
[800/1120]	[L1: 0.0256]	2.3+0.0s
[840/1120]	[L1: 0.0257]	2.5+0.0s
[880/1120]	[L1: 0.0256]	2.4+0.0s
[920/1120]	[L1: 0.0256]	2.4+0.0s
[960/1120]	[L1: 0.0256]	2.7+0.0s
[1000/1120]	[L1: 0.0256]	2.8+0.0s
[1040/1120]	[L1: 0.0255]	2.5+0.0s
[1080/1120]	[L1: 0.0256]	2.3+0.0s
[1120/1120]	[L1: 0.0256]	2.4+0.0s

Evaluation:
[RSSCN7 x3]	psnr: 29.296 (Best: 29.314 @epoch 432)
Total time: 14.92s

[Epoch 449]	Learning rate: 5.00e-5
[40/1120]	[L1: 0.0222]	2.5+0.0s
[80/1120]	[L1: 0.0237]	2.5+0.0s
[120/1120]	[L1: 0.0249]	2.5+0.0s
[160/1120]	[L1: 0.0257]	2.4+0.0s
[200/1120]	[L1: 0.0254]	2.3+0.0s
[240/1120]	[L1: 0.0257]	2.5+0.0s
[280/1120]	[L1: 0.0253]	2.3+0.0s
[320/1120]	[L1: 0.0252]	2.4+0.0s
[360/1120]	[L1: 0.0248]	2.4+0.0s
[400/1120]	[L1: 0.0249]	2.6+0.0s
[440/1120]	[L1: 0.0249]	2.3+0.0s
[480/1120]	[L1: 0.0251]	2.3+0.0s
[520/1120]	[L1: 0.0251]	2.4+0.0s
[560/1120]	[L1: 0.0258]	2.7+0.0s
[600/1120]	[L1: 0.0256]	2.8+0.0s
[640/1120]	[L1: 0.0255]	2.9+0.0s
[680/1120]	[L1: 0.0255]	3.0+0.0s
[720/1120]	[L1: 0.0253]	2.9+0.0s
[760/1120]	[L1: 0.0253]	2.8+0.0s
[800/1120]	[L1: 0.0253]	2.8+0.0s
[840/1120]	[L1: 0.0252]	2.6+0.0s
[880/1120]	[L1: 0.0253]	2.8+0.0s
[920/1120]	[L1: 0.0255]	2.8+0.0s
[960/1120]	[L1: 0.0254]	3.0+0.0s
[1000/1120]	[L1: 0.0254]	2.9+0.0s
[1040/1120]	[L1: 0.0255]	2.6+0.0s
[1080/1120]	[L1: 0.0256]	2.4+0.0s
[1120/1120]	[L1: 0.0256]	2.5+0.0s

Evaluation:
[RSSCN7 x3]	psnr: 29.297 (Best: 29.314 @epoch 432)
Total time: 14.91s

[Epoch 450]	Learning rate: 5.00e-5
[40/1120]	[L1: 0.0283]	2.9+0.0s
[80/1120]	[L1: 0.0265]	3.0+0.0s
[120/1120]	[L1: 0.0260]	2.9+0.0s
[160/1120]	[L1: 0.0257]	2.9+0.0s
[200/1120]	[L1: 0.0257]	2.8+0.0s
[240/1120]	[L1: 0.0260]	2.6+0.0s
[280/1120]	[L1: 0.0263]	2.4+0.0s
[320/1120]	[L1: 0.0260]	2.3+0.0s
[360/1120]	[L1: 0.0261]	2.4+0.0s
[400/1120]	[L1: 0.0263]	2.4+0.0s
[440/1120]	[L1: 0.0264]	2.3+0.0s
[480/1120]	[L1: 0.0262]	2.6+0.0s
[520/1120]	[L1: 0.0261]	2.6+0.0s
[560/1120]	[L1: 0.0262]	2.9+0.0s
[600/1120]	[L1: 0.0260]	2.9+0.0s
[640/1120]	[L1: 0.0260]	3.0+0.0s
[680/1120]	[L1: 0.0260]	2.9+0.0s
[720/1120]	[L1: 0.0259]	2.7+0.0s
[760/1120]	[L1: 0.0258]	2.6+0.0s
[800/1120]	[L1: 0.0257]	2.5+0.0s
[840/1120]	[L1: 0.0257]	2.5+0.0s
[880/1120]	[L1: 0.0257]	2.6+0.0s
[920/1120]	[L1: 0.0255]	2.8+0.0s
[960/1120]	[L1: 0.0256]	2.5+0.0s
[1000/1120]	[L1: 0.0257]	2.5+0.0s
[1040/1120]	[L1: 0.0257]	2.4+0.0s
[1080/1120]	[L1: 0.0258]	2.3+0.0s
[1120/1120]	[L1: 0.0258]	2.4+0.0s

Evaluation:
[RSSCN7 x3]	psnr: 29.290 (Best: 29.314 @epoch 432)
Total time: 14.94s

[Epoch 451]	Learning rate: 5.00e-5
[40/1120]	[L1: 0.0221]	2.7+0.0s
[80/1120]	[L1: 0.0221]	2.6+0.0s
[120/1120]	[L1: 0.0228]	3.3+0.0s
[160/1120]	[L1: 0.0228]	3.0+0.0s
[200/1120]	[L1: 0.0230]	2.9+0.0s
[240/1120]	[L1: 0.0232]	3.0+0.0s
[280/1120]	[L1: 0.0235]	2.9+0.0s
[320/1120]	[L1: 0.0241]	2.9+0.0s
[360/1120]	[L1: 0.0246]	2.9+0.0s
[400/1120]	[L1: 0.0250]	2.6+0.0s
[440/1120]	[L1: 0.0250]	2.5+0.0s
[480/1120]	[L1: 0.0251]	2.5+0.0s
[520/1120]	[L1: 0.0254]	2.5+0.0s
[560/1120]	[L1: 0.0255]	2.6+0.0s
[600/1120]	[L1: 0.0255]	2.5+0.0s
[640/1120]	[L1: 0.0256]	2.6+0.0s
[680/1120]	[L1: 0.0258]	2.5+0.0s
[720/1120]	[L1: 0.0257]	2.5+0.0s
[760/1120]	[L1: 0.0258]	2.6+0.0s
[800/1120]	[L1: 0.0256]	2.7+0.0s
[840/1120]	[L1: 0.0256]	3.0+0.0s
[880/1120]	[L1: 0.0255]	2.9+0.0s
[920/1120]	[L1: 0.0256]	2.9+0.0s
[960/1120]	[L1: 0.0255]	2.6+0.0s
[1000/1120]	[L1: 0.0258]	2.5+0.0s
[1040/1120]	[L1: 0.0257]	2.5+0.0s
[1080/1120]	[L1: 0.0257]	2.6+0.0s
[1120/1120]	[L1: 0.0255]	2.7+0.0s

Evaluation:
[RSSCN7 x3]	psnr: 29.287 (Best: 29.314 @epoch 432)
Total time: 14.91s

[Epoch 452]	Learning rate: 5.00e-5
[40/1120]	[L1: 0.0270]	2.5+0.0s
[80/1120]	[L1: 0.0274]	2.5+0.0s
[120/1120]	[L1: 0.0273]	2.5+0.0s
[160/1120]	[L1: 0.0274]	2.5+0.0s
[200/1120]	[L1: 0.0261]	2.5+0.0s
[240/1120]	[L1: 0.0263]	2.5+0.0s
[280/1120]	[L1: 0.0259]	2.5+0.0s
[320/1120]	[L1: 0.0262]	2.6+0.0s
[360/1120]	[L1: 0.0259]	2.7+0.0s
[400/1120]	[L1: 0.0259]	2.5+0.0s
[440/1120]	[L1: 0.0258]	2.9+0.0s
[480/1120]	[L1: 0.0258]	2.8+0.0s
[520/1120]	[L1: 0.0260]	2.7+0.0s
[560/1120]	[L1: 0.0261]	2.8+0.0s
[600/1120]	[L1: 0.0261]	2.4+0.0s
[640/1120]	[L1: 0.0260]	2.5+0.0s
[680/1120]	[L1: 0.0259]	2.6+0.0s
[720/1120]	[L1: 0.0259]	2.5+0.0s
[760/1120]	[L1: 0.0259]	2.5+0.0s
[800/1120]	[L1: 0.0259]	2.5+0.0s
[840/1120]	[L1: 0.0258]	2.5+0.0s
[880/1120]	[L1: 0.0256]	2.8+0.0s
[920/1120]	[L1: 0.0256]	3.0+0.0s
[960/1120]	[L1: 0.0255]	2.5+0.0s
[1000/1120]	[L1: 0.0257]	2.5+0.0s
[1040/1120]	[L1: 0.0256]	2.5+0.0s
[1080/1120]	[L1: 0.0257]	2.6+0.0s
[1120/1120]	[L1: 0.0257]	3.0+0.0s

Evaluation:
[RSSCN7 x3]	psnr: 29.294 (Best: 29.314 @epoch 432)
Total time: 14.93s

[Epoch 453]	Learning rate: 5.00e-5
[40/1120]	[L1: 0.0269]	2.5+0.0s
[80/1120]	[L1: 0.0294]	2.5+0.0s
[120/1120]	[L1: 0.0265]	2.5+0.0s
[160/1120]	[L1: 0.0265]	3.0+0.0s
[200/1120]	[L1: 0.0277]	2.9+0.0s
[240/1120]	[L1: 0.0275]	2.9+0.0s
[280/1120]	[L1: 0.0267]	2.5+0.0s
[320/1120]	[L1: 0.0263]	2.4+0.0s
[360/1120]	[L1: 0.0262]	2.5+0.0s
[400/1120]	[L1: 0.0259]	2.3+0.0s
[440/1120]	[L1: 0.0258]	2.6+0.0s
[480/1120]	[L1: 0.0261]	2.5+0.0s
[520/1120]	[L1: 0.0258]	2.4+0.0s
[560/1120]	[L1: 0.0259]	2.5+0.0s
[600/1120]	[L1: 0.0257]	2.6+0.0s
[640/1120]	[L1: 0.0256]	2.5+0.0s
[680/1120]	[L1: 0.0256]	2.4+0.0s
[720/1120]	[L1: 0.0255]	2.8+0.0s
[760/1120]	[L1: 0.0255]	2.9+0.0s
[800/1120]	[L1: 0.0256]	2.9+0.0s
[840/1120]	[L1: 0.0257]	2.5+0.0s
[880/1120]	[L1: 0.0257]	2.5+0.0s
[920/1120]	[L1: 0.0258]	2.4+0.0s
[960/1120]	[L1: 0.0257]	2.5+0.0s
[1000/1120]	[L1: 0.0256]	2.4+0.0s
[1040/1120]	[L1: 0.0256]	2.8+0.0s
[1080/1120]	[L1: 0.0256]	2.9+0.0s
[1120/1120]	[L1: 0.0256]	2.5+0.0s

Evaluation:
[RSSCN7 x3]	psnr: 29.290 (Best: 29.314 @epoch 432)
Total time: 14.91s

[Epoch 454]	Learning rate: 5.00e-5
[40/1120]	[L1: 0.0251]	2.6+0.0s
[80/1120]	[L1: 0.0261]	2.7+0.0s
[120/1120]	[L1: 0.0256]	2.9+0.0s
[160/1120]	[L1: 0.0260]	2.8+0.0s
[200/1120]	[L1: 0.0265]	2.9+0.0s
[240/1120]	[L1: 0.0266]	2.4+0.0s
[280/1120]	[L1: 0.0263]	2.4+0.0s
[320/1120]	[L1: 0.0263]	2.3+0.0s
[360/1120]	[L1: 0.0256]	2.6+0.0s
[400/1120]	[L1: 0.0256]	2.9+0.0s
[440/1120]	[L1: 0.0256]	2.7+0.0s
[480/1120]	[L1: 0.0261]	2.5+0.0s
[520/1120]	[L1: 0.0257]	2.5+0.0s
[560/1120]	[L1: 0.0256]	2.5+0.0s
[600/1120]	[L1: 0.0256]	2.6+0.0s
[640/1120]	[L1: 0.0256]	2.5+0.0s
[680/1120]	[L1: 0.0256]	2.5+0.0s
[720/1120]	[L1: 0.0257]	2.5+0.0s
[760/1120]	[L1: 0.0256]	2.6+0.0s
[800/1120]	[L1: 0.0257]	2.5+0.0s
[840/1120]	[L1: 0.0258]	2.4+0.0s
[880/1120]	[L1: 0.0257]	2.4+0.0s
[920/1120]	[L1: 0.0258]	2.8+0.0s
[960/1120]	[L1: 0.0256]	2.9+0.0s
[1000/1120]	[L1: 0.0258]	2.8+0.0s
[1040/1120]	[L1: 0.0258]	2.4+0.0s
[1080/1120]	[L1: 0.0256]	2.3+0.0s
[1120/1120]	[L1: 0.0255]	2.4+0.0s

Evaluation:
[RSSCN7 x3]	psnr: 29.293 (Best: 29.314 @epoch 432)
Total time: 14.90s

[Epoch 455]	Learning rate: 5.00e-5
[40/1120]	[L1: 0.0236]	2.8+0.0s
[80/1120]	[L1: 0.0248]	2.8+0.0s
[120/1120]	[L1: 0.0253]	2.5+0.0s
[160/1120]	[L1: 0.0253]	2.4+0.0s
[200/1120]	[L1: 0.0249]	2.3+0.0s
[240/1120]	[L1: 0.0250]	2.5+0.0s
[280/1120]	[L1: 0.0254]	2.5+0.0s
[320/1120]	[L1: 0.0258]	2.5+0.0s
[360/1120]	[L1: 0.0259]	2.5+0.0s
[400/1120]	[L1: 0.0259]	2.5+0.0s
[440/1120]	[L1: 0.0261]	2.6+0.0s
[480/1120]	[L1: 0.0258]	2.3+0.0s
[520/1120]	[L1: 0.0258]	2.3+0.0s
[560/1120]	[L1: 0.0258]	2.3+0.0s
[600/1120]	[L1: 0.0257]	2.3+0.0s
[640/1120]	[L1: 0.0258]	2.3+0.0s
[680/1120]	[L1: 0.0258]	2.4+0.0s
[720/1120]	[L1: 0.0260]	2.3+0.0s
[760/1120]	[L1: 0.0260]	2.3+0.0s
[800/1120]	[L1: 0.0259]	2.3+0.0s
[840/1120]	[L1: 0.0258]	2.3+0.0s
[880/1120]	[L1: 0.0260]	2.3+0.0s
[920/1120]	[L1: 0.0259]	2.4+0.0s
[960/1120]	[L1: 0.0258]	2.5+0.0s
[1000/1120]	[L1: 0.0258]	2.4+0.0s
[1040/1120]	[L1: 0.0257]	2.4+0.0s
[1080/1120]	[L1: 0.0257]	2.4+0.0s
[1120/1120]	[L1: 0.0257]	2.4+0.0s

Evaluation:
[RSSCN7 x3]	psnr: 29.292 (Best: 29.314 @epoch 432)
Total time: 14.95s

[Epoch 456]	Learning rate: 5.00e-5
[40/1120]	[L1: 0.0225]	2.5+0.0s
[80/1120]	[L1: 0.0244]	2.9+0.0s
[120/1120]	[L1: 0.0250]	2.5+0.0s
[160/1120]	[L1: 0.0246]	2.5+0.0s
[200/1120]	[L1: 0.0249]	2.9+0.0s
[240/1120]	[L1: 0.0252]	3.1+0.0s
[280/1120]	[L1: 0.0250]	2.6+0.0s
[320/1120]	[L1: 0.0253]	2.5+0.0s
[360/1120]	[L1: 0.0250]	2.5+0.0s
[400/1120]	[L1: 0.0249]	2.3+0.0s
[440/1120]	[L1: 0.0250]	2.4+0.0s
[480/1120]	[L1: 0.0249]	2.3+0.0s
[520/1120]	[L1: 0.0251]	2.4+0.0s
[560/1120]	[L1: 0.0251]	2.3+0.0s
[600/1120]	[L1: 0.0249]	2.4+0.0s
[640/1120]	[L1: 0.0248]	2.7+0.0s
[680/1120]	[L1: 0.0249]	2.9+0.0s
[720/1120]	[L1: 0.0250]	2.7+0.0s
[760/1120]	[L1: 0.0251]	2.4+0.0s
[800/1120]	[L1: 0.0253]	2.4+0.0s
[840/1120]	[L1: 0.0253]	2.8+0.0s
[880/1120]	[L1: 0.0254]	2.8+0.0s
[920/1120]	[L1: 0.0253]	2.4+0.0s
[960/1120]	[L1: 0.0255]	2.3+0.0s
[1000/1120]	[L1: 0.0257]	2.5+0.0s
[1040/1120]	[L1: 0.0256]	2.9+0.0s
[1080/1120]	[L1: 0.0255]	2.8+0.0s
[1120/1120]	[L1: 0.0256]	2.7+0.0s

Evaluation:
[RSSCN7 x3]	psnr: 29.295 (Best: 29.314 @epoch 432)
Total time: 14.91s

[Epoch 457]	Learning rate: 5.00e-5
[40/1120]	[L1: 0.0240]	2.6+0.0s
[80/1120]	[L1: 0.0252]	2.5+0.0s
[120/1120]	[L1: 0.0260]	3.0+0.0s
[160/1120]	[L1: 0.0251]	2.8+0.0s
[200/1120]	[L1: 0.0252]	2.5+0.0s
[240/1120]	[L1: 0.0250]	2.3+0.0s
[280/1120]	[L1: 0.0247]	2.5+0.0s
[320/1120]	[L1: 0.0246]	2.5+0.0s
[360/1120]	[L1: 0.0247]	2.6+0.0s
[400/1120]	[L1: 0.0245]	2.7+0.0s
[440/1120]	[L1: 0.0248]	3.1+0.0s
[480/1120]	[L1: 0.0248]	2.9+0.0s
[520/1120]	[L1: 0.0249]	2.8+0.0s
[560/1120]	[L1: 0.0254]	2.9+0.0s
[600/1120]	[L1: 0.0253]	2.6+0.0s
[640/1120]	[L1: 0.0253]	2.4+0.0s
[680/1120]	[L1: 0.0253]	2.3+0.0s
[720/1120]	[L1: 0.0255]	2.4+0.0s
[760/1120]	[L1: 0.0255]	2.4+0.0s
[800/1120]	[L1: 0.0255]	2.5+0.0s
[840/1120]	[L1: 0.0254]	2.4+0.0s
[880/1120]	[L1: 0.0253]	2.5+0.0s
[920/1120]	[L1: 0.0254]	2.3+0.0s
[960/1120]	[L1: 0.0253]	2.4+0.0s
[1000/1120]	[L1: 0.0256]	2.4+0.0s
[1040/1120]	[L1: 0.0257]	2.6+0.0s
[1080/1120]	[L1: 0.0257]	2.5+0.0s
[1120/1120]	[L1: 0.0257]	2.4+0.0s

Evaluation:
[RSSCN7 x3]	psnr: 29.302 (Best: 29.314 @epoch 432)
Total time: 14.92s

[Epoch 458]	Learning rate: 5.00e-5
[40/1120]	[L1: 0.0240]	2.3+0.0s
[80/1120]	[L1: 0.0255]	2.4+0.0s
[120/1120]	[L1: 0.0250]	2.3+0.0s
[160/1120]	[L1: 0.0252]	2.3+0.0s
[200/1120]	[L1: 0.0251]	2.4+0.0s
[240/1120]	[L1: 0.0246]	2.3+0.0s
[280/1120]	[L1: 0.0249]	2.3+0.0s
[320/1120]	[L1: 0.0253]	2.4+0.0s
[360/1120]	[L1: 0.0248]	2.3+0.0s
[400/1120]	[L1: 0.0247]	2.3+0.0s
[440/1120]	[L1: 0.0246]	2.5+0.0s
[480/1120]	[L1: 0.0249]	2.5+0.0s
[520/1120]	[L1: 0.0246]	2.5+0.0s
[560/1120]	[L1: 0.0247]	2.6+0.0s
[600/1120]	[L1: 0.0248]	2.4+0.0s
[640/1120]	[L1: 0.0249]	2.4+0.0s
[680/1120]	[L1: 0.0250]	2.3+0.0s
[720/1120]	[L1: 0.0250]	2.4+0.0s
[760/1120]	[L1: 0.0252]	2.6+0.0s
[800/1120]	[L1: 0.0252]	2.4+0.0s
[840/1120]	[L1: 0.0253]	2.7+0.0s
[880/1120]	[L1: 0.0253]	2.8+0.0s
[920/1120]	[L1: 0.0254]	2.8+0.0s
[960/1120]	[L1: 0.0255]	2.5+0.0s
[1000/1120]	[L1: 0.0256]	2.4+0.0s
[1040/1120]	[L1: 0.0256]	2.3+0.0s
[1080/1120]	[L1: 0.0257]	2.3+0.0s
[1120/1120]	[L1: 0.0257]	2.4+0.0s

Evaluation:
[RSSCN7 x3]	psnr: 29.298 (Best: 29.314 @epoch 432)
Total time: 14.93s

[Epoch 459]	Learning rate: 5.00e-5
[40/1120]	[L1: 0.0247]	2.5+0.0s
[80/1120]	[L1: 0.0266]	2.6+0.0s
[120/1120]	[L1: 0.0260]	2.5+0.0s
[160/1120]	[L1: 0.0264]	2.5+0.0s
[200/1120]	[L1: 0.0260]	2.5+0.0s
[240/1120]	[L1: 0.0258]	2.3+0.0s
[280/1120]	[L1: 0.0262]	2.3+0.0s
[320/1120]	[L1: 0.0262]	2.4+0.0s
[360/1120]	[L1: 0.0256]	2.3+0.0s
[400/1120]	[L1: 0.0254]	2.5+0.0s
[440/1120]	[L1: 0.0256]	2.5+0.0s
[480/1120]	[L1: 0.0256]	2.8+0.0s
[520/1120]	[L1: 0.0256]	2.9+0.0s
[560/1120]	[L1: 0.0255]	2.4+0.0s
[600/1120]	[L1: 0.0255]	2.3+0.0s
[640/1120]	[L1: 0.0255]	2.5+0.0s
[680/1120]	[L1: 0.0255]	2.4+0.0s
[720/1120]	[L1: 0.0256]	2.4+0.0s
[760/1120]	[L1: 0.0255]	2.5+0.0s
[800/1120]	[L1: 0.0254]	2.4+0.0s
[840/1120]	[L1: 0.0254]	2.4+0.0s
[880/1120]	[L1: 0.0253]	2.5+0.0s
[920/1120]	[L1: 0.0254]	2.4+0.0s
[960/1120]	[L1: 0.0255]	2.4+0.0s
[1000/1120]	[L1: 0.0257]	2.6+0.0s
[1040/1120]	[L1: 0.0256]	2.4+0.0s
[1080/1120]	[L1: 0.0257]	2.6+0.0s
[1120/1120]	[L1: 0.0257]	3.0+0.0s

Evaluation:
[RSSCN7 x3]	psnr: 29.307 (Best: 29.314 @epoch 432)
Total time: 14.99s

[Epoch 460]	Learning rate: 5.00e-5
[40/1120]	[L1: 0.0244]	2.7+0.0s
[80/1120]	[L1: 0.0253]	3.0+0.0s
[120/1120]	[L1: 0.0252]	2.8+0.0s
[160/1120]	[L1: 0.0251]	2.8+0.0s
[200/1120]	[L1: 0.0257]	2.5+0.0s
[240/1120]	[L1: 0.0255]	2.8+0.0s
[280/1120]	[L1: 0.0255]	3.0+0.0s
[320/1120]	[L1: 0.0255]	2.5+0.0s
[360/1120]	[L1: 0.0255]	2.6+0.0s
[400/1120]	[L1: 0.0256]	2.9+0.0s
[440/1120]	[L1: 0.0257]	2.8+0.0s
[480/1120]	[L1: 0.0255]	2.8+0.0s
[520/1120]	[L1: 0.0257]	2.9+0.0s
[560/1120]	[L1: 0.0257]	2.6+0.0s
[600/1120]	[L1: 0.0258]	2.3+0.0s
[640/1120]	[L1: 0.0257]	2.5+0.0s
[680/1120]	[L1: 0.0259]	2.5+0.0s
[720/1120]	[L1: 0.0262]	2.5+0.0s
[760/1120]	[L1: 0.0260]	2.6+0.0s
[800/1120]	[L1: 0.0259]	2.5+0.0s
[840/1120]	[L1: 0.0257]	2.5+0.0s
[880/1120]	[L1: 0.0258]	2.6+0.0s
[920/1120]	[L1: 0.0258]	2.5+0.0s
[960/1120]	[L1: 0.0257]	2.5+0.0s
[1000/1120]	[L1: 0.0256]	2.6+0.0s
[1040/1120]	[L1: 0.0256]	2.6+0.0s
[1080/1120]	[L1: 0.0256]	2.7+0.0s
[1120/1120]	[L1: 0.0256]	2.4+0.0s

Evaluation:
[RSSCN7 x3]	psnr: 29.300 (Best: 29.314 @epoch 432)
Total time: 14.91s

[Epoch 461]	Learning rate: 5.00e-5
[40/1120]	[L1: 0.0259]	2.4+0.0s
[80/1120]	[L1: 0.0267]	2.3+0.0s
[120/1120]	[L1: 0.0262]	2.3+0.0s
[160/1120]	[L1: 0.0260]	2.4+0.0s
[200/1120]	[L1: 0.0262]	2.3+0.0s
[240/1120]	[L1: 0.0260]	2.4+0.0s
[280/1120]	[L1: 0.0261]	2.3+0.0s
[320/1120]	[L1: 0.0261]	2.3+0.0s
[360/1120]	[L1: 0.0256]	2.4+0.0s
[400/1120]	[L1: 0.0259]	2.4+0.0s
[440/1120]	[L1: 0.0258]	2.9+0.0s
[480/1120]	[L1: 0.0260]	2.8+0.0s
[520/1120]	[L1: 0.0257]	2.8+0.0s
[560/1120]	[L1: 0.0257]	2.9+0.0s
[600/1120]	[L1: 0.0256]	2.9+0.0s
[640/1120]	[L1: 0.0255]	2.8+0.0s
[680/1120]	[L1: 0.0255]	2.3+0.0s
[720/1120]	[L1: 0.0255]	2.3+0.0s
[760/1120]	[L1: 0.0254]	2.4+0.0s
[800/1120]	[L1: 0.0256]	2.4+0.0s
[840/1120]	[L1: 0.0257]	2.9+0.0s
[880/1120]	[L1: 0.0254]	2.7+0.0s
[920/1120]	[L1: 0.0254]	2.4+0.0s
[960/1120]	[L1: 0.0253]	2.4+0.0s
[1000/1120]	[L1: 0.0255]	2.6+0.0s
[1040/1120]	[L1: 0.0254]	3.0+0.0s
[1080/1120]	[L1: 0.0254]	2.5+0.0s
[1120/1120]	[L1: 0.0255]	2.5+0.0s

Evaluation:
[RSSCN7 x3]	psnr: 29.300 (Best: 29.314 @epoch 432)
Total time: 14.98s

[Epoch 462]	Learning rate: 5.00e-5
[40/1120]	[L1: 0.0242]	2.5+0.1s
[80/1120]	[L1: 0.0268]	2.5+0.0s
[120/1120]	[L1: 0.0262]	2.5+0.0s
[160/1120]	[L1: 0.0257]	2.5+0.0s
[200/1120]	[L1: 0.0251]	2.5+0.0s
[240/1120]	[L1: 0.0259]	2.6+0.0s
[280/1120]	[L1: 0.0260]	2.9+0.0s
[320/1120]	[L1: 0.0255]	2.6+0.0s
[360/1120]	[L1: 0.0256]	2.6+0.0s
[400/1120]	[L1: 0.0257]	2.5+0.0s
[440/1120]	[L1: 0.0258]	2.5+0.0s
[480/1120]	[L1: 0.0259]	2.6+0.0s
[520/1120]	[L1: 0.0255]	2.5+0.0s
[560/1120]	[L1: 0.0255]	2.6+0.0s
[600/1120]	[L1: 0.0257]	2.6+0.0s
[640/1120]	[L1: 0.0256]	2.9+0.0s
[680/1120]	[L1: 0.0257]	3.0+0.0s
[720/1120]	[L1: 0.0256]	2.4+0.0s
[760/1120]	[L1: 0.0258]	2.3+0.0s
[800/1120]	[L1: 0.0257]	2.4+0.0s
[840/1120]	[L1: 0.0259]	2.4+0.0s
[880/1120]	[L1: 0.0258]	2.7+0.0s
[920/1120]	[L1: 0.0258]	2.6+0.0s
[960/1120]	[L1: 0.0257]	2.7+0.0s
[1000/1120]	[L1: 0.0256]	2.4+0.0s
[1040/1120]	[L1: 0.0257]	2.3+0.0s
[1080/1120]	[L1: 0.0256]	2.3+0.0s
[1120/1120]	[L1: 0.0257]	2.4+0.0s

Evaluation:
[RSSCN7 x3]	psnr: 29.295 (Best: 29.314 @epoch 432)
Total time: 14.89s

[Epoch 463]	Learning rate: 5.00e-5
[40/1120]	[L1: 0.0245]	2.5+0.0s
[80/1120]	[L1: 0.0232]	2.5+0.0s
[120/1120]	[L1: 0.0232]	2.5+0.0s
[160/1120]	[L1: 0.0235]	2.6+0.0s
[200/1120]	[L1: 0.0239]	2.5+0.0s
[240/1120]	[L1: 0.0246]	2.6+0.0s
[280/1120]	[L1: 0.0247]	2.5+0.0s
[320/1120]	[L1: 0.0250]	2.5+0.0s
[360/1120]	[L1: 0.0248]	2.4+0.0s
[400/1120]	[L1: 0.0247]	2.5+0.0s
[440/1120]	[L1: 0.0244]	2.9+0.0s
[480/1120]	[L1: 0.0245]	2.7+0.0s
[520/1120]	[L1: 0.0245]	2.5+0.0s
[560/1120]	[L1: 0.0247]	2.4+0.0s
[600/1120]	[L1: 0.0246]	2.6+0.0s
[640/1120]	[L1: 0.0246]	2.4+0.0s
[680/1120]	[L1: 0.0246]	2.4+0.0s
[720/1120]	[L1: 0.0250]	2.5+0.0s
[760/1120]	[L1: 0.0249]	2.4+0.0s
[800/1120]	[L1: 0.0249]	2.9+0.0s
[840/1120]	[L1: 0.0249]	2.6+0.0s
[880/1120]	[L1: 0.0250]	2.5+0.0s
[920/1120]	[L1: 0.0249]	2.5+0.0s
[960/1120]	[L1: 0.0250]	2.6+0.0s
[1000/1120]	[L1: 0.0251]	2.9+0.0s
[1040/1120]	[L1: 0.0251]	3.0+0.0s
[1080/1120]	[L1: 0.0253]	2.8+0.0s
[1120/1120]	[L1: 0.0254]	2.3+0.0s

Evaluation:
[RSSCN7 x3]	psnr: 29.297 (Best: 29.314 @epoch 432)
Total time: 14.89s

[Epoch 464]	Learning rate: 5.00e-5
[40/1120]	[L1: 0.0248]	2.6+0.0s
[80/1120]	[L1: 0.0233]	2.4+0.0s
[120/1120]	[L1: 0.0237]	2.4+0.0s
[160/1120]	[L1: 0.0241]	2.6+0.0s
[200/1120]	[L1: 0.0247]	2.8+0.0s
[240/1120]	[L1: 0.0252]	2.9+0.0s
[280/1120]	[L1: 0.0251]	3.0+0.0s
[320/1120]	[L1: 0.0254]	2.9+0.0s
[360/1120]	[L1: 0.0253]	2.5+0.0s
[400/1120]	[L1: 0.0254]	2.5+0.0s
[440/1120]	[L1: 0.0253]	2.5+0.0s
[480/1120]	[L1: 0.0255]	2.6+0.0s
[520/1120]	[L1: 0.0252]	2.5+0.0s
[560/1120]	[L1: 0.0252]	2.5+0.0s
[600/1120]	[L1: 0.0251]	2.6+0.0s
[640/1120]	[L1: 0.0250]	2.4+0.0s
[680/1120]	[L1: 0.0250]	2.3+0.0s
[720/1120]	[L1: 0.0253]	2.3+0.0s
[760/1120]	[L1: 0.0254]	2.5+0.0s
[800/1120]	[L1: 0.0256]	2.4+0.0s
[840/1120]	[L1: 0.0256]	2.3+0.0s
[880/1120]	[L1: 0.0257]	2.4+0.0s
[920/1120]	[L1: 0.0258]	2.3+0.0s
[960/1120]	[L1: 0.0258]	2.3+0.0s
[1000/1120]	[L1: 0.0257]	2.4+0.0s
[1040/1120]	[L1: 0.0257]	2.7+0.0s
[1080/1120]	[L1: 0.0256]	2.9+0.0s
[1120/1120]	[L1: 0.0256]	2.6+0.0s

Evaluation:
[RSSCN7 x3]	psnr: 29.299 (Best: 29.314 @epoch 432)
Total time: 14.96s

[Epoch 465]	Learning rate: 5.00e-5
[40/1120]	[L1: 0.0278]	2.9+0.0s
[80/1120]	[L1: 0.0251]	2.8+0.0s
[120/1120]	[L1: 0.0257]	2.4+0.0s
[160/1120]	[L1: 0.0258]	2.6+0.0s
[200/1120]	[L1: 0.0263]	2.5+0.0s
[240/1120]	[L1: 0.0261]	2.9+0.0s
[280/1120]	[L1: 0.0255]	2.9+0.0s
[320/1120]	[L1: 0.0253]	2.8+0.0s
[360/1120]	[L1: 0.0257]	2.5+0.0s
[400/1120]	[L1: 0.0257]	2.5+0.0s
[440/1120]	[L1: 0.0255]	2.4+0.0s
[480/1120]	[L1: 0.0252]	2.5+0.0s
[520/1120]	[L1: 0.0249]	2.4+0.0s
[560/1120]	[L1: 0.0250]	2.4+0.0s
[600/1120]	[L1: 0.0251]	2.4+0.0s
[640/1120]	[L1: 0.0252]	2.5+0.0s
[680/1120]	[L1: 0.0250]	2.5+0.0s
[720/1120]	[L1: 0.0253]	2.9+0.0s
[760/1120]	[L1: 0.0252]	2.7+0.0s
[800/1120]	[L1: 0.0253]	2.5+0.0s
[840/1120]	[L1: 0.0253]	2.4+0.0s
[880/1120]	[L1: 0.0253]	2.3+0.0s
[920/1120]	[L1: 0.0253]	2.4+0.0s
[960/1120]	[L1: 0.0256]	2.4+0.0s
[1000/1120]	[L1: 0.0256]	2.4+0.0s
[1040/1120]	[L1: 0.0256]	2.3+0.0s
[1080/1120]	[L1: 0.0254]	2.3+0.0s
[1120/1120]	[L1: 0.0255]	2.4+0.0s

Evaluation:
[RSSCN7 x3]	psnr: 29.310 (Best: 29.314 @epoch 432)
Total time: 14.96s

[Epoch 466]	Learning rate: 5.00e-5
[40/1120]	[L1: 0.0252]	2.5+0.0s
[80/1120]	[L1: 0.0236]	2.5+0.0s
[120/1120]	[L1: 0.0244]	2.5+0.0s
[160/1120]	[L1: 0.0247]	2.5+0.0s
[200/1120]	[L1: 0.0247]	2.5+0.0s
[240/1120]	[L1: 0.0250]	2.5+0.0s
[280/1120]	[L1: 0.0247]	2.5+0.0s
[320/1120]	[L1: 0.0243]	2.5+0.0s
[360/1120]	[L1: 0.0244]	2.4+0.0s
[400/1120]	[L1: 0.0242]	2.4+0.0s
[440/1120]	[L1: 0.0245]	2.3+0.0s
[480/1120]	[L1: 0.0246]	2.3+0.0s
[520/1120]	[L1: 0.0245]	2.5+0.0s
[560/1120]	[L1: 0.0247]	3.0+0.0s
[600/1120]	[L1: 0.0247]	2.9+0.0s
[640/1120]	[L1: 0.0245]	2.9+0.0s
[680/1120]	[L1: 0.0249]	2.9+0.0s
[720/1120]	[L1: 0.0252]	3.1+0.0s
[760/1120]	[L1: 0.0255]	2.9+0.0s
[800/1120]	[L1: 0.0255]	2.8+0.0s
[840/1120]	[L1: 0.0254]	2.6+0.0s
[880/1120]	[L1: 0.0254]	2.5+0.0s
[920/1120]	[L1: 0.0255]	2.4+0.0s
[960/1120]	[L1: 0.0255]	2.5+0.0s
[1000/1120]	[L1: 0.0255]	3.0+0.0s
[1040/1120]	[L1: 0.0256]	2.9+0.0s
[1080/1120]	[L1: 0.0257]	2.9+0.0s
[1120/1120]	[L1: 0.0257]	2.8+0.0s

Evaluation:
[RSSCN7 x3]	psnr: 29.273 (Best: 29.314 @epoch 432)
Total time: 14.91s

[Epoch 467]	Learning rate: 5.00e-5
[40/1120]	[L1: 0.0269]	2.5+0.0s
[80/1120]	[L1: 0.0279]	2.9+0.0s
[120/1120]	[L1: 0.0265]	2.7+0.0s
[160/1120]	[L1: 0.0268]	2.4+0.0s
[200/1120]	[L1: 0.0268]	2.4+0.0s
[240/1120]	[L1: 0.0265]	2.3+0.0s
[280/1120]	[L1: 0.0265]	2.3+0.0s
[320/1120]	[L1: 0.0262]	2.3+0.0s
[360/1120]	[L1: 0.0260]	2.3+0.0s
[400/1120]	[L1: 0.0257]	2.7+0.0s
[440/1120]	[L1: 0.0256]	2.6+0.0s
[480/1120]	[L1: 0.0255]	2.4+0.0s
[520/1120]	[L1: 0.0254]	2.4+0.0s
[560/1120]	[L1: 0.0254]	2.4+0.0s
[600/1120]	[L1: 0.0252]	2.4+0.0s
[640/1120]	[L1: 0.0253]	2.5+0.0s
[680/1120]	[L1: 0.0254]	2.4+0.0s
[720/1120]	[L1: 0.0254]	2.5+0.0s
[760/1120]	[L1: 0.0254]	2.6+0.0s
[800/1120]	[L1: 0.0254]	2.6+0.0s
[840/1120]	[L1: 0.0255]	2.3+0.0s
[880/1120]	[L1: 0.0255]	2.5+0.0s
[920/1120]	[L1: 0.0254]	2.8+0.0s
[960/1120]	[L1: 0.0254]	2.6+0.0s
[1000/1120]	[L1: 0.0256]	2.3+0.0s
[1040/1120]	[L1: 0.0256]	2.3+0.0s
[1080/1120]	[L1: 0.0256]	2.3+0.0s
[1120/1120]	[L1: 0.0256]	2.3+0.0s

Evaluation:
[RSSCN7 x3]	psnr: 29.293 (Best: 29.314 @epoch 432)
Total time: 14.94s

[Epoch 468]	Learning rate: 5.00e-5
[40/1120]	[L1: 0.0262]	2.6+0.0s
[80/1120]	[L1: 0.0277]	2.5+0.0s
[120/1120]	[L1: 0.0261]	2.7+0.0s
[160/1120]	[L1: 0.0255]	2.8+0.0s
[200/1120]	[L1: 0.0255]	2.8+0.0s
[240/1120]	[L1: 0.0252]	2.9+0.0s
[280/1120]	[L1: 0.0252]	2.6+0.0s
[320/1120]	[L1: 0.0251]	2.5+0.0s
[360/1120]	[L1: 0.0254]	2.4+0.0s
[400/1120]	[L1: 0.0257]	2.4+0.0s
[440/1120]	[L1: 0.0257]	2.8+0.0s
[480/1120]	[L1: 0.0255]	2.9+0.0s
[520/1120]	[L1: 0.0255]	2.9+0.0s
[560/1120]	[L1: 0.0259]	2.5+0.0s
[600/1120]	[L1: 0.0260]	2.5+0.0s
[640/1120]	[L1: 0.0258]	2.6+0.0s
[680/1120]	[L1: 0.0259]	2.5+0.0s
[720/1120]	[L1: 0.0259]	2.5+0.0s
[760/1120]	[L1: 0.0259]	2.4+0.0s
[800/1120]	[L1: 0.0259]	2.4+0.0s
[840/1120]	[L1: 0.0258]	2.5+0.0s
[880/1120]	[L1: 0.0259]	2.4+0.0s
[920/1120]	[L1: 0.0258]	2.6+0.0s
[960/1120]	[L1: 0.0258]	2.5+0.0s
[1000/1120]	[L1: 0.0256]	2.5+0.0s
[1040/1120]	[L1: 0.0256]	2.6+0.0s
[1080/1120]	[L1: 0.0255]	2.4+0.0s
[1120/1120]	[L1: 0.0256]	2.4+0.0s

Evaluation:
[RSSCN7 x3]	psnr: 29.296 (Best: 29.314 @epoch 432)
Total time: 14.95s

[Epoch 469]	Learning rate: 5.00e-5
[40/1120]	[L1: 0.0287]	2.5+0.0s
[80/1120]	[L1: 0.0271]	2.5+0.0s
[120/1120]	[L1: 0.0266]	2.5+0.0s
[160/1120]	[L1: 0.0254]	2.5+0.0s
[200/1120]	[L1: 0.0251]	2.4+0.0s
[240/1120]	[L1: 0.0253]	2.4+0.0s
[280/1120]	[L1: 0.0250]	2.6+0.0s
[320/1120]	[L1: 0.0252]	2.4+0.0s
[360/1120]	[L1: 0.0250]	2.5+0.0s
[400/1120]	[L1: 0.0249]	2.3+0.0s
[440/1120]	[L1: 0.0250]	2.4+0.0s
[480/1120]	[L1: 0.0249]	2.4+0.0s
[520/1120]	[L1: 0.0252]	2.7+0.0s
[560/1120]	[L1: 0.0254]	3.0+0.0s
[600/1120]	[L1: 0.0253]	2.9+0.0s
[640/1120]	[L1: 0.0253]	2.5+0.0s
[680/1120]	[L1: 0.0253]	2.6+0.0s
[720/1120]	[L1: 0.0252]	2.5+0.0s
[760/1120]	[L1: 0.0251]	2.6+0.0s
[800/1120]	[L1: 0.0250]	2.5+0.0s
[840/1120]	[L1: 0.0250]	2.5+0.0s
[880/1120]	[L1: 0.0251]	2.6+0.0s
[920/1120]	[L1: 0.0251]	2.5+0.0s
[960/1120]	[L1: 0.0252]	2.6+0.0s
[1000/1120]	[L1: 0.0255]	2.6+0.0s
[1040/1120]	[L1: 0.0255]	2.9+0.0s
[1080/1120]	[L1: 0.0256]	3.1+0.0s
[1120/1120]	[L1: 0.0256]	2.9+0.0s

Evaluation:
[RSSCN7 x3]	psnr: 29.299 (Best: 29.314 @epoch 432)
Total time: 14.93s

[Epoch 470]	Learning rate: 5.00e-5
[40/1120]	[L1: 0.0250]	2.9+0.0s
[80/1120]	[L1: 0.0258]	2.9+0.0s
[120/1120]	[L1: 0.0261]	2.8+0.0s
[160/1120]	[L1: 0.0249]	2.8+0.0s
[200/1120]	[L1: 0.0255]	2.6+0.0s
[240/1120]	[L1: 0.0266]	2.4+0.0s
[280/1120]	[L1: 0.0266]	2.5+0.0s
[320/1120]	[L1: 0.0262]	2.3+0.0s
[360/1120]	[L1: 0.0260]	2.4+0.0s
[400/1120]	[L1: 0.0262]	2.3+0.0s
[440/1120]	[L1: 0.0260]	2.3+0.0s
[480/1120]	[L1: 0.0261]	2.4+0.0s
[520/1120]	[L1: 0.0259]	2.3+0.0s
[560/1120]	[L1: 0.0258]	2.3+0.0s
[600/1120]	[L1: 0.0256]	2.4+0.0s
[640/1120]	[L1: 0.0255]	2.5+0.0s
[680/1120]	[L1: 0.0255]	2.5+0.0s
[720/1120]	[L1: 0.0255]	2.5+0.0s
[760/1120]	[L1: 0.0255]	2.7+0.0s
[800/1120]	[L1: 0.0253]	2.4+0.0s
[840/1120]	[L1: 0.0255]	2.3+0.0s
[880/1120]	[L1: 0.0257]	2.3+0.0s
[920/1120]	[L1: 0.0256]	2.4+0.0s
[960/1120]	[L1: 0.0255]	2.3+0.0s
[1000/1120]	[L1: 0.0255]	2.4+0.0s
[1040/1120]	[L1: 0.0255]	2.3+0.0s
[1080/1120]	[L1: 0.0256]	2.3+0.0s
[1120/1120]	[L1: 0.0256]	2.4+0.0s

Evaluation:
[RSSCN7 x3]	psnr: 29.304 (Best: 29.314 @epoch 432)
Total time: 14.94s

[Epoch 471]	Learning rate: 5.00e-5
[40/1120]	[L1: 0.0246]	3.0+0.0s
[80/1120]	[L1: 0.0270]	3.0+0.0s
[120/1120]	[L1: 0.0257]	3.0+0.0s
[160/1120]	[L1: 0.0254]	2.9+0.0s
[200/1120]	[L1: 0.0245]	2.9+0.0s
[240/1120]	[L1: 0.0253]	2.9+0.0s
[280/1120]	[L1: 0.0254]	2.8+0.0s
[320/1120]	[L1: 0.0255]	2.8+0.0s
[360/1120]	[L1: 0.0251]	2.5+0.0s
[400/1120]	[L1: 0.0251]	2.4+0.0s
[440/1120]	[L1: 0.0252]	2.5+0.0s
[480/1120]	[L1: 0.0254]	2.7+0.0s
[520/1120]	[L1: 0.0254]	2.9+0.0s
[560/1120]	[L1: 0.0252]	2.8+0.0s
[600/1120]	[L1: 0.0252]	2.6+0.0s
[640/1120]	[L1: 0.0252]	2.5+0.0s
[680/1120]	[L1: 0.0252]	2.8+0.0s
[720/1120]	[L1: 0.0253]	2.8+0.0s
[760/1120]	[L1: 0.0254]	2.4+0.0s
[800/1120]	[L1: 0.0255]	2.4+0.0s
[840/1120]	[L1: 0.0255]	2.5+0.0s
[880/1120]	[L1: 0.0257]	2.4+0.0s
[920/1120]	[L1: 0.0257]	2.4+0.0s
[960/1120]	[L1: 0.0256]	2.5+0.0s
[1000/1120]	[L1: 0.0258]	2.4+0.0s
[1040/1120]	[L1: 0.0257]	2.4+0.0s
[1080/1120]	[L1: 0.0257]	2.6+0.0s
[1120/1120]	[L1: 0.0258]	2.4+0.0s

Evaluation:
[RSSCN7 x3]	psnr: 29.295 (Best: 29.314 @epoch 432)
Total time: 14.88s

[Epoch 472]	Learning rate: 5.00e-5
[40/1120]	[L1: 0.0245]	2.6+0.0s
[80/1120]	[L1: 0.0249]	2.9+0.0s
[120/1120]	[L1: 0.0249]	2.7+0.0s
[160/1120]	[L1: 0.0258]	2.4+0.0s
[200/1120]	[L1: 0.0264]	2.3+0.0s
[240/1120]	[L1: 0.0259]	2.3+0.0s
[280/1120]	[L1: 0.0256]	2.3+0.0s
[320/1120]	[L1: 0.0254]	2.3+0.0s
[360/1120]	[L1: 0.0257]	2.3+0.0s
[400/1120]	[L1: 0.0257]	2.3+0.0s
[440/1120]	[L1: 0.0254]	2.4+0.0s
[480/1120]	[L1: 0.0256]	2.8+0.0s
[520/1120]	[L1: 0.0256]	2.5+0.0s
[560/1120]	[L1: 0.0256]	2.4+0.0s
[600/1120]	[L1: 0.0255]	2.4+0.0s
[640/1120]	[L1: 0.0256]	2.5+0.0s
[680/1120]	[L1: 0.0259]	2.4+0.0s
[720/1120]	[L1: 0.0259]	2.4+0.0s
[760/1120]	[L1: 0.0258]	2.4+0.0s
[800/1120]	[L1: 0.0258]	2.5+0.0s
[840/1120]	[L1: 0.0259]	2.5+0.0s
[880/1120]	[L1: 0.0259]	2.5+0.0s
[920/1120]	[L1: 0.0257]	2.6+0.0s
[960/1120]	[L1: 0.0256]	2.5+0.0s
[1000/1120]	[L1: 0.0255]	2.5+0.0s
[1040/1120]	[L1: 0.0255]	2.5+0.0s
[1080/1120]	[L1: 0.0255]	2.8+0.0s
[1120/1120]	[L1: 0.0255]	2.8+0.0s

Evaluation:
[RSSCN7 x3]	psnr: 29.306 (Best: 29.314 @epoch 432)
Total time: 14.99s

[Epoch 473]	Learning rate: 5.00e-5
[40/1120]	[L1: 0.0257]	2.5+0.0s
[80/1120]	[L1: 0.0253]	2.6+0.0s
[120/1120]	[L1: 0.0257]	2.5+0.0s
[160/1120]	[L1: 0.0260]	2.8+0.0s
[200/1120]	[L1: 0.0251]	2.8+0.0s
[240/1120]	[L1: 0.0249]	2.4+0.0s
[280/1120]	[L1: 0.0251]	2.4+0.0s
[320/1120]	[L1: 0.0256]	2.4+0.0s
[360/1120]	[L1: 0.0256]	2.3+0.0s
[400/1120]	[L1: 0.0258]	2.4+0.0s
[440/1120]	[L1: 0.0257]	2.4+0.0s
[480/1120]	[L1: 0.0256]	2.9+0.0s
[520/1120]	[L1: 0.0257]	2.9+0.0s
[560/1120]	[L1: 0.0257]	2.6+0.0s
[600/1120]	[L1: 0.0257]	2.4+0.0s
[640/1120]	[L1: 0.0256]	2.3+0.0s
[680/1120]	[L1: 0.0256]	2.4+0.0s
[720/1120]	[L1: 0.0257]	2.3+0.0s
[760/1120]	[L1: 0.0256]	2.5+0.0s
[800/1120]	[L1: 0.0257]	2.5+0.0s
[840/1120]	[L1: 0.0258]	2.6+0.0s
[880/1120]	[L1: 0.0256]	2.4+0.0s
[920/1120]	[L1: 0.0256]	2.5+0.0s
[960/1120]	[L1: 0.0257]	2.4+0.0s
[1000/1120]	[L1: 0.0257]	2.6+0.0s
[1040/1120]	[L1: 0.0257]	2.4+0.0s
[1080/1120]	[L1: 0.0257]	2.6+0.0s
[1120/1120]	[L1: 0.0256]	2.7+0.0s

Evaluation:
[RSSCN7 x3]	psnr: 29.304 (Best: 29.314 @epoch 432)
Total time: 14.94s

[Epoch 474]	Learning rate: 5.00e-5
[40/1120]	[L1: 0.0254]	2.4+0.0s
[80/1120]	[L1: 0.0258]	2.4+0.0s
[120/1120]	[L1: 0.0246]	2.4+0.0s
[160/1120]	[L1: 0.0252]	2.4+0.0s
[200/1120]	[L1: 0.0244]	2.5+0.0s
[240/1120]	[L1: 0.0244]	2.4+0.0s
[280/1120]	[L1: 0.0243]	2.6+0.0s
[320/1120]	[L1: 0.0243]	2.9+0.0s
[360/1120]	[L1: 0.0248]	2.5+0.0s
[400/1120]	[L1: 0.0249]	2.7+0.0s
[440/1120]	[L1: 0.0249]	2.6+0.0s
[480/1120]	[L1: 0.0250]	2.9+0.0s
[520/1120]	[L1: 0.0249]	2.6+0.0s
[560/1120]	[L1: 0.0250]	2.5+0.0s
[600/1120]	[L1: 0.0250]	2.9+0.0s
[640/1120]	[L1: 0.0250]	2.9+0.0s
[680/1120]	[L1: 0.0250]	2.9+0.0s
[720/1120]	[L1: 0.0250]	2.5+0.0s
[760/1120]	[L1: 0.0252]	2.4+0.0s
[800/1120]	[L1: 0.0251]	2.3+0.0s
[840/1120]	[L1: 0.0252]	2.5+0.0s
[880/1120]	[L1: 0.0254]	2.9+0.0s
[920/1120]	[L1: 0.0254]	2.6+0.0s
[960/1120]	[L1: 0.0255]	2.5+0.0s
[1000/1120]	[L1: 0.0254]	2.5+0.0s
[1040/1120]	[L1: 0.0255]	2.6+0.0s
[1080/1120]	[L1: 0.0254]	2.5+0.0s
[1120/1120]	[L1: 0.0255]	2.4+0.0s

Evaluation:
[RSSCN7 x3]	psnr: 29.296 (Best: 29.314 @epoch 432)
Total time: 14.96s

[Epoch 475]	Learning rate: 5.00e-5
[40/1120]	[L1: 0.0289]	2.6+0.0s
[80/1120]	[L1: 0.0264]	2.5+0.0s
[120/1120]	[L1: 0.0264]	2.5+0.0s
[160/1120]	[L1: 0.0264]	2.4+0.0s
[200/1120]	[L1: 0.0256]	2.3+0.0s
[240/1120]	[L1: 0.0256]	2.4+0.0s
[280/1120]	[L1: 0.0260]	2.3+0.0s
[320/1120]	[L1: 0.0256]	2.4+0.0s
[360/1120]	[L1: 0.0256]	2.4+0.0s
[400/1120]	[L1: 0.0251]	2.3+0.0s
[440/1120]	[L1: 0.0251]	2.4+0.0s
[480/1120]	[L1: 0.0253]	2.4+0.0s
[520/1120]	[L1: 0.0254]	2.3+0.0s
[560/1120]	[L1: 0.0255]	2.3+0.0s
[600/1120]	[L1: 0.0256]	2.4+0.0s
[640/1120]	[L1: 0.0257]	2.4+0.0s
[680/1120]	[L1: 0.0256]	2.3+0.0s
[720/1120]	[L1: 0.0255]	2.3+0.0s
[760/1120]	[L1: 0.0256]	2.4+0.0s
[800/1120]	[L1: 0.0256]	2.5+0.0s
[840/1120]	[L1: 0.0258]	2.5+0.0s
[880/1120]	[L1: 0.0257]	2.4+0.0s
[920/1120]	[L1: 0.0257]	2.3+0.0s
[960/1120]	[L1: 0.0257]	2.4+0.0s
[1000/1120]	[L1: 0.0258]	2.3+0.0s
[1040/1120]	[L1: 0.0259]	2.3+0.0s
[1080/1120]	[L1: 0.0257]	2.3+0.0s
[1120/1120]	[L1: 0.0256]	2.3+0.0s

Evaluation:
[RSSCN7 x3]	psnr: 29.305 (Best: 29.314 @epoch 432)
Total time: 14.95s

[Epoch 476]	Learning rate: 5.00e-5
[40/1120]	[L1: 0.0270]	2.5+0.0s
[80/1120]	[L1: 0.0266]	2.6+0.0s
[120/1120]	[L1: 0.0258]	2.5+0.0s
[160/1120]	[L1: 0.0255]	2.6+0.0s
[200/1120]	[L1: 0.0255]	2.5+0.0s
[240/1120]	[L1: 0.0252]	2.5+0.0s
[280/1120]	[L1: 0.0253]	2.5+0.0s
[320/1120]	[L1: 0.0255]	2.5+0.0s
[360/1120]	[L1: 0.0256]	2.6+0.0s
[400/1120]	[L1: 0.0254]	2.5+0.0s
[440/1120]	[L1: 0.0254]	2.6+0.0s
[480/1120]	[L1: 0.0257]	2.4+0.0s
[520/1120]	[L1: 0.0261]	2.6+0.0s
[560/1120]	[L1: 0.0260]	2.9+0.0s
[600/1120]	[L1: 0.0260]	2.8+0.0s
[640/1120]	[L1: 0.0260]	2.4+0.0s
[680/1120]	[L1: 0.0263]	2.5+0.0s
[720/1120]	[L1: 0.0263]	2.5+0.0s
[760/1120]	[L1: 0.0262]	2.6+0.0s
[800/1120]	[L1: 0.0261]	2.4+0.0s
[840/1120]	[L1: 0.0259]	2.6+0.0s
[880/1120]	[L1: 0.0260]	2.5+0.0s
[920/1120]	[L1: 0.0260]	2.6+0.0s
[960/1120]	[L1: 0.0260]	2.5+0.0s
[1000/1120]	[L1: 0.0258]	2.6+0.0s
[1040/1120]	[L1: 0.0257]	2.8+0.0s
[1080/1120]	[L1: 0.0256]	2.5+0.0s
[1120/1120]	[L1: 0.0255]	2.4+0.0s

Evaluation:
[RSSCN7 x3]	psnr: 29.300 (Best: 29.314 @epoch 432)
Total time: 14.89s

[Epoch 477]	Learning rate: 5.00e-5
[40/1120]	[L1: 0.0245]	2.6+0.0s
[80/1120]	[L1: 0.0264]	2.5+0.0s
[120/1120]	[L1: 0.0258]	2.8+0.0s
[160/1120]	[L1: 0.0259]	2.9+0.0s
[200/1120]	[L1: 0.0262]	2.5+0.0s
[240/1120]	[L1: 0.0265]	2.4+0.0s
[280/1120]	[L1: 0.0255]	2.7+0.0s
[320/1120]	[L1: 0.0255]	2.9+0.0s
[360/1120]	[L1: 0.0256]	2.9+0.0s
[400/1120]	[L1: 0.0258]	2.8+0.0s
[440/1120]	[L1: 0.0257]	2.3+0.0s
[480/1120]	[L1: 0.0257]	2.3+0.0s
[520/1120]	[L1: 0.0256]	2.4+0.0s
[560/1120]	[L1: 0.0255]	2.3+0.0s
[600/1120]	[L1: 0.0254]	2.4+0.0s
[640/1120]	[L1: 0.0255]	2.4+0.0s
[680/1120]	[L1: 0.0257]	2.4+0.0s
[720/1120]	[L1: 0.0258]	2.3+0.0s
[760/1120]	[L1: 0.0258]	2.3+0.0s
[800/1120]	[L1: 0.0258]	2.4+0.0s
[840/1120]	[L1: 0.0259]	2.3+0.0s
[880/1120]	[L1: 0.0257]	2.3+0.0s
[920/1120]	[L1: 0.0257]	2.3+0.0s
[960/1120]	[L1: 0.0255]	2.4+0.0s
[1000/1120]	[L1: 0.0254]	2.4+0.0s
[1040/1120]	[L1: 0.0255]	2.4+0.0s
[1080/1120]	[L1: 0.0255]	2.4+0.0s
[1120/1120]	[L1: 0.0254]	2.5+0.0s

Evaluation:
[RSSCN7 x3]	psnr: 29.305 (Best: 29.314 @epoch 432)
Total time: 15.02s

[Epoch 478]	Learning rate: 5.00e-5
[40/1120]	[L1: 0.0278]	2.8+0.0s
[80/1120]	[L1: 0.0252]	2.9+0.0s
[120/1120]	[L1: 0.0247]	2.7+0.0s
[160/1120]	[L1: 0.0251]	3.0+0.0s
[200/1120]	[L1: 0.0246]	2.9+0.0s
[240/1120]	[L1: 0.0245]	2.6+0.0s
[280/1120]	[L1: 0.0248]	2.5+0.0s
[320/1120]	[L1: 0.0249]	2.3+0.0s
[360/1120]	[L1: 0.0251]	2.5+0.0s
[400/1120]	[L1: 0.0251]	2.7+0.0s
[440/1120]	[L1: 0.0252]	2.8+0.0s
[480/1120]	[L1: 0.0252]	2.9+0.0s
[520/1120]	[L1: 0.0255]	2.4+0.0s
[560/1120]	[L1: 0.0252]	2.4+0.0s
[600/1120]	[L1: 0.0252]	2.3+0.0s
[640/1120]	[L1: 0.0252]	2.3+0.0s
[680/1120]	[L1: 0.0253]	2.4+0.0s
[720/1120]	[L1: 0.0253]	2.3+0.0s
[760/1120]	[L1: 0.0256]	2.4+0.0s
[800/1120]	[L1: 0.0255]	2.4+0.0s
[840/1120]	[L1: 0.0255]	2.5+0.0s
[880/1120]	[L1: 0.0256]	2.6+0.0s
[920/1120]	[L1: 0.0256]	2.4+0.0s
[960/1120]	[L1: 0.0255]	2.5+0.0s
[1000/1120]	[L1: 0.0257]	2.5+0.0s
[1040/1120]	[L1: 0.0257]	2.5+0.0s
[1080/1120]	[L1: 0.0256]	2.5+0.0s
[1120/1120]	[L1: 0.0256]	2.4+0.0s

Evaluation:
[RSSCN7 x3]	psnr: 29.311 (Best: 29.314 @epoch 432)
Total time: 14.92s

[Epoch 479]	Learning rate: 5.00e-5
[40/1120]	[L1: 0.0262]	2.5+0.0s
[80/1120]	[L1: 0.0241]	2.4+0.0s
[120/1120]	[L1: 0.0250]	2.3+0.0s
[160/1120]	[L1: 0.0251]	2.3+0.0s
[200/1120]	[L1: 0.0253]	2.3+0.0s
[240/1120]	[L1: 0.0253]	2.3+0.0s
[280/1120]	[L1: 0.0263]	2.5+0.0s
[320/1120]	[L1: 0.0262]	2.4+0.0s
[360/1120]	[L1: 0.0261]	2.4+0.0s
[400/1120]	[L1: 0.0262]	2.4+0.0s
[440/1120]	[L1: 0.0262]	2.4+0.0s
[480/1120]	[L1: 0.0261]	2.3+0.0s
[520/1120]	[L1: 0.0263]	2.4+0.0s
[560/1120]	[L1: 0.0264]	2.3+0.0s
[600/1120]	[L1: 0.0262]	2.3+0.0s
[640/1120]	[L1: 0.0259]	2.3+0.0s
[680/1120]	[L1: 0.0259]	2.3+0.0s
[720/1120]	[L1: 0.0261]	2.3+0.0s
[760/1120]	[L1: 0.0261]	2.4+0.0s
[800/1120]	[L1: 0.0260]	2.3+0.0s
[840/1120]	[L1: 0.0259]	2.4+0.0s
[880/1120]	[L1: 0.0260]	2.3+0.0s
[920/1120]	[L1: 0.0260]	2.5+0.0s
[960/1120]	[L1: 0.0259]	2.5+0.0s
[1000/1120]	[L1: 0.0259]	2.3+0.0s
[1040/1120]	[L1: 0.0258]	2.5+0.0s
[1080/1120]	[L1: 0.0258]	2.7+0.0s
[1120/1120]	[L1: 0.0257]	2.4+0.0s

Evaluation:
[RSSCN7 x3]	psnr: 29.307 (Best: 29.314 @epoch 432)
Total time: 14.94s

[Epoch 480]	Learning rate: 5.00e-5
[40/1120]	[L1: 0.0217]	2.9+0.0s
[80/1120]	[L1: 0.0232]	2.9+0.0s
[120/1120]	[L1: 0.0239]	2.9+0.0s
[160/1120]	[L1: 0.0245]	2.9+0.0s
[200/1120]	[L1: 0.0248]	2.9+0.0s
[240/1120]	[L1: 0.0252]	3.0+0.0s
[280/1120]	[L1: 0.0247]	2.9+0.0s
[320/1120]	[L1: 0.0247]	2.4+0.0s
[360/1120]	[L1: 0.0251]	2.3+0.0s
[400/1120]	[L1: 0.0253]	2.3+0.0s
[440/1120]	[L1: 0.0255]	2.3+0.0s
[480/1120]	[L1: 0.0257]	2.5+0.0s
[520/1120]	[L1: 0.0255]	2.3+0.0s
[560/1120]	[L1: 0.0256]	2.3+0.0s
[600/1120]	[L1: 0.0258]	2.4+0.0s
[640/1120]	[L1: 0.0256]	2.8+0.0s
[680/1120]	[L1: 0.0254]	2.5+0.0s
[720/1120]	[L1: 0.0255]	2.5+0.0s
[760/1120]	[L1: 0.0253]	2.4+0.0s
[800/1120]	[L1: 0.0254]	2.7+0.0s
[840/1120]	[L1: 0.0254]	2.8+0.0s
[880/1120]	[L1: 0.0255]	2.7+0.0s
[920/1120]	[L1: 0.0254]	2.4+0.0s
[960/1120]	[L1: 0.0255]	2.5+0.0s
[1000/1120]	[L1: 0.0254]	2.6+0.0s
[1040/1120]	[L1: 0.0255]	2.7+0.0s
[1080/1120]	[L1: 0.0255]	2.8+0.0s
[1120/1120]	[L1: 0.0255]	2.5+0.0s

Evaluation:
[RSSCN7 x3]	psnr: 29.309 (Best: 29.314 @epoch 432)
Total time: 14.94s

[Epoch 481]	Learning rate: 5.00e-5
[40/1120]	[L1: 0.0251]	2.6+0.0s
[80/1120]	[L1: 0.0239]	2.4+0.0s
[120/1120]	[L1: 0.0245]	2.5+0.0s
[160/1120]	[L1: 0.0248]	2.6+0.0s
[200/1120]	[L1: 0.0250]	2.5+0.0s
[240/1120]	[L1: 0.0250]	2.5+0.0s
[280/1120]	[L1: 0.0254]	2.6+0.0s
[320/1120]	[L1: 0.0256]	2.5+0.0s
[360/1120]	[L1: 0.0252]	2.8+0.0s
[400/1120]	[L1: 0.0254]	2.9+0.0s
[440/1120]	[L1: 0.0254]	2.6+0.0s
[480/1120]	[L1: 0.0257]	2.6+0.0s
[520/1120]	[L1: 0.0256]	2.3+0.0s
[560/1120]	[L1: 0.0254]	2.3+0.0s
[600/1120]	[L1: 0.0252]	2.5+0.0s
[640/1120]	[L1: 0.0252]	2.5+0.0s
[680/1120]	[L1: 0.0251]	2.5+0.0s
[720/1120]	[L1: 0.0253]	2.6+0.0s
[760/1120]	[L1: 0.0253]	2.5+0.0s
[800/1120]	[L1: 0.0253]	2.5+0.0s
[840/1120]	[L1: 0.0254]	2.6+0.0s
[880/1120]	[L1: 0.0254]	2.5+0.0s
[920/1120]	[L1: 0.0254]	2.4+0.0s
[960/1120]	[L1: 0.0254]	2.5+0.0s
[1000/1120]	[L1: 0.0254]	2.5+0.0s
[1040/1120]	[L1: 0.0253]	2.4+0.0s
[1080/1120]	[L1: 0.0254]	2.5+0.0s
[1120/1120]	[L1: 0.0254]	2.3+0.0s

Evaluation:
[RSSCN7 x3]	psnr: 29.303 (Best: 29.314 @epoch 432)
Total time: 14.95s

[Epoch 482]	Learning rate: 5.00e-5
[40/1120]	[L1: 0.0264]	2.9+0.0s
[80/1120]	[L1: 0.0258]	3.0+0.0s
[120/1120]	[L1: 0.0247]	3.0+0.0s
[160/1120]	[L1: 0.0246]	3.0+0.0s
[200/1120]	[L1: 0.0242]	3.0+0.0s
[240/1120]	[L1: 0.0245]	3.1+0.0s
[280/1120]	[L1: 0.0250]	3.0+0.0s
[320/1120]	[L1: 0.0248]	3.0+0.0s
[360/1120]	[L1: 0.0251]	3.8+0.0s
[400/1120]	[L1: 0.0252]	3.7+0.0s
[440/1120]	[L1: 0.0256]	3.1+0.0s
[480/1120]	[L1: 0.0257]	3.4+0.0s
[520/1120]	[L1: 0.0256]	3.1+0.0s
[560/1120]	[L1: 0.0256]	3.4+0.0s
[600/1120]	[L1: 0.0255]	3.1+0.0s
[640/1120]	[L1: 0.0255]	3.3+0.0s
[680/1120]	[L1: 0.0256]	3.1+0.0s
[720/1120]	[L1: 0.0254]	2.7+0.0s
[760/1120]	[L1: 0.0254]	2.8+0.0s
[800/1120]	[L1: 0.0254]	2.9+0.0s
[840/1120]	[L1: 0.0255]	3.2+0.0s
[880/1120]	[L1: 0.0256]	2.9+0.0s
[920/1120]	[L1: 0.0256]	3.0+0.0s
[960/1120]	[L1: 0.0256]	2.9+0.0s
[1000/1120]	[L1: 0.0254]	3.0+0.0s
[1040/1120]	[L1: 0.0256]	3.1+0.0s
[1080/1120]	[L1: 0.0254]	3.1+0.0s
[1120/1120]	[L1: 0.0255]	3.1+0.0s

Evaluation:
[RSSCN7 x3]	psnr: 29.299 (Best: 29.314 @epoch 432)
Total time: 15.08s

[Epoch 483]	Learning rate: 5.00e-5
[40/1120]	[L1: 0.0232]	3.1+0.0s
[80/1120]	[L1: 0.0242]	2.8+0.0s
[120/1120]	[L1: 0.0255]	3.1+0.0s
[160/1120]	[L1: 0.0263]	3.1+0.0s
[200/1120]	[L1: 0.0257]	3.0+0.0s
[240/1120]	[L1: 0.0253]	2.9+0.0s
[280/1120]	[L1: 0.0258]	2.9+0.0s
[320/1120]	[L1: 0.0260]	3.0+0.0s
[360/1120]	[L1: 0.0263]	2.9+0.0s
[400/1120]	[L1: 0.0266]	3.0+0.0s
[440/1120]	[L1: 0.0264]	3.2+0.0s
[480/1120]	[L1: 0.0264]	3.0+0.0s
[520/1120]	[L1: 0.0262]	3.0+0.0s
[560/1120]	[L1: 0.0263]	3.0+0.0s
[600/1120]	[L1: 0.0263]	3.3+0.0s
[640/1120]	[L1: 0.0263]	4.1+0.0s
[680/1120]	[L1: 0.0260]	3.7+0.0s
[720/1120]	[L1: 0.0260]	3.1+0.0s
[760/1120]	[L1: 0.0259]	3.0+0.0s
[800/1120]	[L1: 0.0260]	3.2+0.0s
[840/1120]	[L1: 0.0260]	3.6+0.0s
[880/1120]	[L1: 0.0258]	3.0+0.0s
[920/1120]	[L1: 0.0257]	3.0+0.0s
[960/1120]	[L1: 0.0255]	3.4+0.0s
[1000/1120]	[L1: 0.0255]	3.2+0.0s
[1040/1120]	[L1: 0.0255]	4.3+0.0s
[1080/1120]	[L1: 0.0256]	4.2+0.0s
[1120/1120]	[L1: 0.0255]	4.2+0.0s

Evaluation:
[RSSCN7 x3]	psnr: 29.302 (Best: 29.314 @epoch 432)
Total time: 15.42s

[Epoch 484]	Learning rate: 5.00e-5
[40/1120]	[L1: 0.0242]	3.0+0.0s
[80/1120]	[L1: 0.0254]	3.7+0.0s
[120/1120]	[L1: 0.0262]	3.0+0.0s
[160/1120]	[L1: 0.0261]	3.0+0.0s
[200/1120]	[L1: 0.0259]	2.9+0.0s
[240/1120]	[L1: 0.0261]	2.8+0.0s
[280/1120]	[L1: 0.0253]	3.7+0.0s
[320/1120]	[L1: 0.0255]	4.4+0.0s
[360/1120]	[L1: 0.0253]	4.0+0.0s
[400/1120]	[L1: 0.0251]	4.3+0.0s
[440/1120]	[L1: 0.0253]	3.6+0.0s
[480/1120]	[L1: 0.0254]	3.0+0.0s
[520/1120]	[L1: 0.0253]	3.1+0.0s
[560/1120]	[L1: 0.0252]	3.1+0.0s
[600/1120]	[L1: 0.0254]	3.0+0.0s
[640/1120]	[L1: 0.0252]	3.4+0.0s
[680/1120]	[L1: 0.0252]	3.0+0.0s
[720/1120]	[L1: 0.0253]	3.1+0.0s
[760/1120]	[L1: 0.0251]	3.1+0.0s
[800/1120]	[L1: 0.0251]	3.5+0.0s
[840/1120]	[L1: 0.0251]	4.0+0.0s
[880/1120]	[L1: 0.0251]	3.0+0.0s
[920/1120]	[L1: 0.0251]	3.0+0.0s
[960/1120]	[L1: 0.0253]	3.0+0.0s
[1000/1120]	[L1: 0.0254]	3.5+0.0s
[1040/1120]	[L1: 0.0254]	4.0+0.0s
[1080/1120]	[L1: 0.0255]	4.3+0.0s
[1120/1120]	[L1: 0.0256]	3.1+0.0s

Evaluation:
[RSSCN7 x3]	psnr: 29.297 (Best: 29.314 @epoch 432)
Total time: 15.11s

[Epoch 485]	Learning rate: 5.00e-5
[40/1120]	[L1: 0.0244]	3.0+0.0s
[80/1120]	[L1: 0.0247]	3.5+0.0s
[120/1120]	[L1: 0.0248]	4.2+0.0s
[160/1120]	[L1: 0.0241]	3.6+0.0s
[200/1120]	[L1: 0.0246]	3.0+0.0s
[240/1120]	[L1: 0.0247]	3.2+0.0s
[280/1120]	[L1: 0.0252]	3.4+0.0s
[320/1120]	[L1: 0.0252]	4.0+0.0s
[360/1120]	[L1: 0.0250]	4.4+0.0s
[400/1120]	[L1: 0.0257]	4.2+0.0s
[440/1120]	[L1: 0.0256]	4.1+0.0s
[480/1120]	[L1: 0.0255]	4.0+0.0s
[520/1120]	[L1: 0.0255]	3.7+0.0s
[560/1120]	[L1: 0.0256]	3.1+0.0s
[600/1120]	[L1: 0.0258]	3.2+0.0s
[640/1120]	[L1: 0.0256]	3.5+0.0s
[680/1120]	[L1: 0.0256]	3.0+0.0s
[720/1120]	[L1: 0.0255]	3.1+0.0s
[760/1120]	[L1: 0.0255]	3.3+0.0s
[800/1120]	[L1: 0.0255]	3.3+0.0s
[840/1120]	[L1: 0.0256]	3.1+0.0s
[880/1120]	[L1: 0.0256]	3.1+0.0s
[920/1120]	[L1: 0.0256]	3.1+0.0s
[960/1120]	[L1: 0.0255]	3.7+0.0s
[1000/1120]	[L1: 0.0255]	4.0+0.0s
[1040/1120]	[L1: 0.0255]	3.8+0.0s
[1080/1120]	[L1: 0.0256]	3.2+0.0s
[1120/1120]	[L1: 0.0255]	2.9+0.0s

Evaluation:
[RSSCN7 x3]	psnr: 29.305 (Best: 29.314 @epoch 432)
Total time: 15.11s

[Epoch 486]	Learning rate: 5.00e-5
[40/1120]	[L1: 0.0258]	4.1+0.1s
[80/1120]	[L1: 0.0261]	4.0+0.0s
[120/1120]	[L1: 0.0271]	4.4+0.0s
[160/1120]	[L1: 0.0265]	4.1+0.0s
[200/1120]	[L1: 0.0259]	4.3+0.0s
[240/1120]	[L1: 0.0258]	4.1+0.0s
[280/1120]	[L1: 0.0259]	4.4+0.0s
[320/1120]	[L1: 0.0252]	4.1+0.0s
[360/1120]	[L1: 0.0252]	4.2+0.0s
[400/1120]	[L1: 0.0256]	4.0+0.0s
[440/1120]	[L1: 0.0257]	4.4+0.0s
[480/1120]	[L1: 0.0257]	4.1+0.0s
[520/1120]	[L1: 0.0258]	4.5+0.0s
[560/1120]	[L1: 0.0256]	4.1+0.0s
[600/1120]	[L1: 0.0256]	4.1+0.0s
[640/1120]	[L1: 0.0256]	4.5+0.0s
[680/1120]	[L1: 0.0254]	4.2+0.0s
[720/1120]	[L1: 0.0253]	4.4+0.0s
[760/1120]	[L1: 0.0254]	4.1+0.0s
[800/1120]	[L1: 0.0252]	4.3+0.0s
[840/1120]	[L1: 0.0251]	3.6+0.0s
[880/1120]	[L1: 0.0251]	3.4+0.0s
[920/1120]	[L1: 0.0254]	3.1+0.0s
[960/1120]	[L1: 0.0253]	3.4+0.0s
[1000/1120]	[L1: 0.0255]	3.0+0.0s
[1040/1120]	[L1: 0.0255]	3.1+0.0s
[1080/1120]	[L1: 0.0255]	3.8+0.0s
[1120/1120]	[L1: 0.0255]	3.1+0.0s

Evaluation:
[RSSCN7 x3]	psnr: 29.304 (Best: 29.314 @epoch 432)
Total time: 14.95s

[Epoch 487]	Learning rate: 5.00e-5
[40/1120]	[L1: 0.0264]	2.8+0.0s
[80/1120]	[L1: 0.0292]	3.1+0.0s
[120/1120]	[L1: 0.0279]	3.0+0.0s
[160/1120]	[L1: 0.0274]	3.2+0.0s
[200/1120]	[L1: 0.0266]	3.0+0.0s
[240/1120]	[L1: 0.0266]	3.0+0.0s
[280/1120]	[L1: 0.0264]	3.8+0.0s
[320/1120]	[L1: 0.0261]	4.1+0.0s
[360/1120]	[L1: 0.0259]	3.2+0.0s
[400/1120]	[L1: 0.0260]	3.1+0.0s
[440/1120]	[L1: 0.0260]	3.1+0.0s
[480/1120]	[L1: 0.0260]	3.4+0.0s
[520/1120]	[L1: 0.0262]	4.1+0.0s
[560/1120]	[L1: 0.0259]	4.1+0.0s
[600/1120]	[L1: 0.0258]	3.1+0.0s
[640/1120]	[L1: 0.0258]	3.1+0.0s
[680/1120]	[L1: 0.0257]	3.2+0.0s
[720/1120]	[L1: 0.0260]	3.0+0.0s
[760/1120]	[L1: 0.0261]	3.7+0.0s
[800/1120]	[L1: 0.0258]	3.5+0.0s
[840/1120]	[L1: 0.0258]	2.4+0.0s
[880/1120]	[L1: 0.0257]	2.5+0.0s
[920/1120]	[L1: 0.0256]	2.3+0.0s
[960/1120]	[L1: 0.0256]	2.5+0.0s
[1000/1120]	[L1: 0.0256]	2.5+0.0s
[1040/1120]	[L1: 0.0255]	2.6+0.0s
[1080/1120]	[L1: 0.0256]	2.5+0.0s
[1120/1120]	[L1: 0.0256]	2.7+0.0s

Evaluation:
[RSSCN7 x3]	psnr: 29.312 (Best: 29.314 @epoch 432)
Total time: 14.94s

[Epoch 488]	Learning rate: 5.00e-5
[40/1120]	[L1: 0.0238]	2.5+0.0s
[80/1120]	[L1: 0.0262]	2.5+0.0s
[120/1120]	[L1: 0.0267]	2.5+0.0s
[160/1120]	[L1: 0.0266]	2.6+0.0s
[200/1120]	[L1: 0.0263]	2.5+0.0s
[240/1120]	[L1: 0.0260]	2.5+0.0s
[280/1120]	[L1: 0.0263]	2.5+0.0s
[320/1120]	[L1: 0.0260]	2.8+0.0s
[360/1120]	[L1: 0.0258]	2.7+0.0s
[400/1120]	[L1: 0.0256]	2.4+0.0s
[440/1120]	[L1: 0.0254]	2.4+0.0s
[480/1120]	[L1: 0.0251]	2.3+0.0s
[520/1120]	[L1: 0.0253]	2.4+0.0s
[560/1120]	[L1: 0.0254]	2.3+0.0s
[600/1120]	[L1: 0.0256]	2.4+0.0s
[640/1120]	[L1: 0.0256]	2.5+0.0s
[680/1120]	[L1: 0.0255]	2.5+0.0s
[720/1120]	[L1: 0.0257]	2.7+0.0s
[760/1120]	[L1: 0.0256]	2.8+0.0s
[800/1120]	[L1: 0.0258]	2.5+0.0s
[840/1120]	[L1: 0.0258]	2.5+0.0s
[880/1120]	[L1: 0.0257]	2.5+0.0s
[920/1120]	[L1: 0.0255]	2.9+0.0s
[960/1120]	[L1: 0.0254]	2.8+0.0s
[1000/1120]	[L1: 0.0256]	2.9+0.0s
[1040/1120]	[L1: 0.0256]	2.9+0.0s
[1080/1120]	[L1: 0.0256]	2.9+0.0s
[1120/1120]	[L1: 0.0255]	2.8+0.0s

Evaluation:
[RSSCN7 x3]	psnr: 29.269 (Best: 29.314 @epoch 432)
Total time: 14.97s

[Epoch 489]	Learning rate: 5.00e-5
[40/1120]	[L1: 0.0235]	2.9+0.0s
[80/1120]	[L1: 0.0236]	2.9+0.0s
[120/1120]	[L1: 0.0246]	2.5+0.0s
[160/1120]	[L1: 0.0243]	2.5+0.0s
[200/1120]	[L1: 0.0249]	2.4+0.0s
[240/1120]	[L1: 0.0246]	2.3+0.0s
[280/1120]	[L1: 0.0247]	2.3+0.0s
[320/1120]	[L1: 0.0245]	2.4+0.0s
[360/1120]	[L1: 0.0245]	2.3+0.0s
[400/1120]	[L1: 0.0246]	2.3+0.0s
[440/1120]	[L1: 0.0242]	2.3+0.0s
[480/1120]	[L1: 0.0249]	2.3+0.0s
[520/1120]	[L1: 0.0248]	2.4+0.0s
[560/1120]	[L1: 0.0248]	2.3+0.0s
[600/1120]	[L1: 0.0246]	2.3+0.0s
[640/1120]	[L1: 0.0245]	2.7+0.0s
[680/1120]	[L1: 0.0246]	2.9+0.0s
[720/1120]	[L1: 0.0248]	3.0+0.0s
[760/1120]	[L1: 0.0249]	2.7+0.0s
[800/1120]	[L1: 0.0251]	2.5+0.0s
[840/1120]	[L1: 0.0252]	2.3+0.0s
[880/1120]	[L1: 0.0254]	2.4+0.0s
[920/1120]	[L1: 0.0254]	2.4+0.0s
[960/1120]	[L1: 0.0255]	2.4+0.0s
[1000/1120]	[L1: 0.0255]	2.4+0.0s
[1040/1120]	[L1: 0.0254]	2.5+0.0s
[1080/1120]	[L1: 0.0254]	2.6+0.0s
[1120/1120]	[L1: 0.0255]	2.9+0.0s

Evaluation:
[RSSCN7 x3]	psnr: 29.309 (Best: 29.314 @epoch 432)
Total time: 14.97s

[Epoch 490]	Learning rate: 5.00e-5
[40/1120]	[L1: 0.0294]	3.1+0.0s
[80/1120]	[L1: 0.0289]	2.8+0.0s
[120/1120]	[L1: 0.0264]	2.4+0.0s
[160/1120]	[L1: 0.0261]	2.6+0.0s
[200/1120]	[L1: 0.0264]	2.9+0.0s
[240/1120]	[L1: 0.0261]	2.8+0.0s
[280/1120]	[L1: 0.0263]	2.4+0.0s
[320/1120]	[L1: 0.0262]	2.4+0.0s
[360/1120]	[L1: 0.0258]	2.8+0.0s
[400/1120]	[L1: 0.0256]	2.8+0.0s
[440/1120]	[L1: 0.0253]	3.0+0.0s
[480/1120]	[L1: 0.0251]	2.7+0.0s
[520/1120]	[L1: 0.0247]	2.8+0.0s
[560/1120]	[L1: 0.0246]	2.9+0.0s
[600/1120]	[L1: 0.0247]	2.8+0.0s
[640/1120]	[L1: 0.0247]	2.9+0.0s
[680/1120]	[L1: 0.0249]	2.6+0.0s
[720/1120]	[L1: 0.0248]	2.3+0.0s
[760/1120]	[L1: 0.0248]	2.4+0.0s
[800/1120]	[L1: 0.0250]	2.3+0.0s
[840/1120]	[L1: 0.0251]	2.4+0.0s
[880/1120]	[L1: 0.0250]	2.4+0.0s
[920/1120]	[L1: 0.0251]	2.5+0.0s
[960/1120]	[L1: 0.0253]	2.6+0.0s
[1000/1120]	[L1: 0.0253]	2.5+0.0s
[1040/1120]	[L1: 0.0253]	2.7+0.0s
[1080/1120]	[L1: 0.0254]	2.5+0.0s
[1120/1120]	[L1: 0.0254]	2.3+0.0s

Evaluation:
[RSSCN7 x3]	psnr: 29.295 (Best: 29.314 @epoch 432)
Total time: 14.94s

[Epoch 491]	Learning rate: 5.00e-5
[40/1120]	[L1: 0.0245]	2.9+0.0s
[80/1120]	[L1: 0.0254]	2.9+0.0s
[120/1120]	[L1: 0.0249]	2.7+0.0s
[160/1120]	[L1: 0.0252]	2.4+0.0s
[200/1120]	[L1: 0.0254]	2.6+0.0s
[240/1120]	[L1: 0.0249]	2.8+0.0s
[280/1120]	[L1: 0.0250]	2.9+0.0s
[320/1120]	[L1: 0.0251]	2.3+0.0s
[360/1120]	[L1: 0.0257]	2.5+0.0s
[400/1120]	[L1: 0.0254]	2.5+0.0s
[440/1120]	[L1: 0.0256]	2.6+0.0s
[480/1120]	[L1: 0.0255]	2.5+0.0s
[520/1120]	[L1: 0.0256]	2.5+0.0s
[560/1120]	[L1: 0.0255]	2.8+0.0s
[600/1120]	[L1: 0.0254]	3.0+0.0s
[640/1120]	[L1: 0.0251]	2.9+0.0s
[680/1120]	[L1: 0.0252]	2.9+0.0s
[720/1120]	[L1: 0.0252]	2.9+0.0s
[760/1120]	[L1: 0.0252]	2.9+0.0s
[800/1120]	[L1: 0.0252]	2.5+0.0s
[840/1120]	[L1: 0.0251]	2.5+0.0s
[880/1120]	[L1: 0.0252]	2.6+0.0s
[920/1120]	[L1: 0.0251]	2.5+0.0s
[960/1120]	[L1: 0.0253]	2.7+0.0s
[1000/1120]	[L1: 0.0253]	2.9+0.0s
[1040/1120]	[L1: 0.0254]	2.6+0.0s
[1080/1120]	[L1: 0.0254]	2.4+0.0s
[1120/1120]	[L1: 0.0255]	2.4+0.0s

Evaluation:
[RSSCN7 x3]	psnr: 29.306 (Best: 29.314 @epoch 432)
Total time: 14.87s

[Epoch 492]	Learning rate: 5.00e-5
[40/1120]	[L1: 0.0273]	2.7+0.0s
[80/1120]	[L1: 0.0256]	2.8+0.0s
[120/1120]	[L1: 0.0257]	2.8+0.0s
[160/1120]	[L1: 0.0253]	2.5+0.0s
[200/1120]	[L1: 0.0253]	2.5+0.0s
[240/1120]	[L1: 0.0251]	2.5+0.0s
[280/1120]	[L1: 0.0253]	2.5+0.0s
[320/1120]	[L1: 0.0254]	2.5+0.0s
[360/1120]	[L1: 0.0253]	2.8+0.0s
[400/1120]	[L1: 0.0252]	2.7+0.0s
[440/1120]	[L1: 0.0251]	2.3+0.0s
[480/1120]	[L1: 0.0254]	2.4+0.0s
[520/1120]	[L1: 0.0254]	2.3+0.0s
[560/1120]	[L1: 0.0256]	2.3+0.0s
[600/1120]	[L1: 0.0253]	2.3+0.0s
[640/1120]	[L1: 0.0251]	2.3+0.0s
[680/1120]	[L1: 0.0253]	2.4+0.0s
[720/1120]	[L1: 0.0254]	2.4+0.0s
[760/1120]	[L1: 0.0253]	2.5+0.0s
[800/1120]	[L1: 0.0254]	2.6+0.0s
[840/1120]	[L1: 0.0255]	2.9+0.0s
[880/1120]	[L1: 0.0255]	2.8+0.0s
[920/1120]	[L1: 0.0256]	2.9+0.0s
[960/1120]	[L1: 0.0256]	2.8+0.0s
[1000/1120]	[L1: 0.0256]	2.8+0.0s
[1040/1120]	[L1: 0.0256]	2.4+0.0s
[1080/1120]	[L1: 0.0256]	2.3+0.0s
[1120/1120]	[L1: 0.0256]	2.3+0.0s

Evaluation:
[RSSCN7 x3]	psnr: 29.309 (Best: 29.314 @epoch 432)
Total time: 14.94s

[Epoch 493]	Learning rate: 5.00e-5
[40/1120]	[L1: 0.0252]	2.4+0.0s
[80/1120]	[L1: 0.0254]	2.5+0.0s
[120/1120]	[L1: 0.0259]	2.6+0.0s
[160/1120]	[L1: 0.0263]	3.1+0.0s
[200/1120]	[L1: 0.0264]	2.9+0.0s
[240/1120]	[L1: 0.0251]	2.9+0.0s
[280/1120]	[L1: 0.0257]	2.6+0.0s
[320/1120]	[L1: 0.0254]	2.7+0.0s
[360/1120]	[L1: 0.0252]	2.9+0.0s
[400/1120]	[L1: 0.0256]	2.9+0.0s
[440/1120]	[L1: 0.0256]	3.0+0.0s
[480/1120]	[L1: 0.0257]	2.8+0.0s
[520/1120]	[L1: 0.0254]	2.5+0.0s
[560/1120]	[L1: 0.0256]	2.7+0.0s
[600/1120]	[L1: 0.0258]	2.8+0.0s
[640/1120]	[L1: 0.0256]	2.5+0.0s
[680/1120]	[L1: 0.0256]	2.8+0.0s
[720/1120]	[L1: 0.0255]	2.9+0.0s
[760/1120]	[L1: 0.0256]	2.9+0.0s
[800/1120]	[L1: 0.0255]	2.9+0.0s
[840/1120]	[L1: 0.0255]	3.0+0.0s
[880/1120]	[L1: 0.0255]	3.2+0.0s
[920/1120]	[L1: 0.0255]	3.0+0.0s
[960/1120]	[L1: 0.0256]	3.1+0.0s
[1000/1120]	[L1: 0.0256]	2.9+0.0s
[1040/1120]	[L1: 0.0256]	2.9+0.0s
[1080/1120]	[L1: 0.0256]	3.0+0.0s
[1120/1120]	[L1: 0.0256]	3.1+0.0s

Evaluation:
[RSSCN7 x3]	psnr: 29.315 (Best: 29.315 @epoch 493)
Total time: 14.93s

[Epoch 494]	Learning rate: 5.00e-5
[40/1120]	[L1: 0.0263]	2.4+0.0s
[80/1120]	[L1: 0.0244]	2.4+0.0s
[120/1120]	[L1: 0.0254]	2.5+0.0s
[160/1120]	[L1: 0.0259]	2.4+0.0s
[200/1120]	[L1: 0.0260]	2.8+0.0s
[240/1120]	[L1: 0.0260]	2.8+0.0s
[280/1120]	[L1: 0.0259]	2.8+0.0s
[320/1120]	[L1: 0.0264]	2.4+0.0s
[360/1120]	[L1: 0.0264]	2.4+0.0s
[400/1120]	[L1: 0.0264]	2.4+0.0s
[440/1120]	[L1: 0.0265]	2.9+0.0s
[480/1120]	[L1: 0.0267]	3.2+0.0s
[520/1120]	[L1: 0.0268]	3.0+0.0s
[560/1120]	[L1: 0.0267]	3.3+0.0s
[600/1120]	[L1: 0.0265]	4.1+0.0s
[640/1120]	[L1: 0.0265]	4.2+0.0s
[680/1120]	[L1: 0.0263]	4.2+0.0s
[720/1120]	[L1: 0.0262]	3.7+0.0s
[760/1120]	[L1: 0.0262]	3.2+0.0s
[800/1120]	[L1: 0.0258]	3.0+0.0s
[840/1120]	[L1: 0.0256]	3.1+0.0s
[880/1120]	[L1: 0.0257]	3.0+0.0s
[920/1120]	[L1: 0.0256]	3.5+0.0s
[960/1120]	[L1: 0.0256]	4.0+0.0s
[1000/1120]	[L1: 0.0256]	3.4+0.0s
[1040/1120]	[L1: 0.0256]	3.2+0.0s
[1080/1120]	[L1: 0.0255]	4.0+0.0s
[1120/1120]	[L1: 0.0255]	4.0+0.0s

Evaluation:
[RSSCN7 x3]	psnr: 29.312 (Best: 29.315 @epoch 493)
Total time: 15.08s

[Epoch 495]	Learning rate: 5.00e-5
[40/1120]	[L1: 0.0281]	2.5+0.0s
[80/1120]	[L1: 0.0266]	2.8+0.0s
[120/1120]	[L1: 0.0268]	3.0+0.0s
[160/1120]	[L1: 0.0262]	3.3+0.0s
[200/1120]	[L1: 0.0261]	3.0+0.0s
[240/1120]	[L1: 0.0266]	3.0+0.0s
[280/1120]	[L1: 0.0268]	3.1+0.0s
[320/1120]	[L1: 0.0267]	3.1+0.0s
[360/1120]	[L1: 0.0267]	3.9+0.0s
[400/1120]	[L1: 0.0266]	4.1+0.0s
[440/1120]	[L1: 0.0265]	4.4+0.0s
[480/1120]	[L1: 0.0264]	4.0+0.0s
[520/1120]	[L1: 0.0261]	4.0+0.0s
[560/1120]	[L1: 0.0262]	3.0+0.0s
[600/1120]	[L1: 0.0262]	3.0+0.0s
[640/1120]	[L1: 0.0259]	2.9+0.0s
[680/1120]	[L1: 0.0259]	3.0+0.0s
[720/1120]	[L1: 0.0260]	3.2+0.0s
[760/1120]	[L1: 0.0260]	3.0+0.0s
[800/1120]	[L1: 0.0258]	3.0+0.0s
[840/1120]	[L1: 0.0257]	3.1+0.0s
[880/1120]	[L1: 0.0257]	3.1+0.0s
[920/1120]	[L1: 0.0256]	2.9+0.0s
[960/1120]	[L1: 0.0254]	3.0+0.0s
[1000/1120]	[L1: 0.0253]	3.0+0.0s
[1040/1120]	[L1: 0.0254]	3.1+0.0s
[1080/1120]	[L1: 0.0255]	3.0+0.0s
[1120/1120]	[L1: 0.0257]	2.9+0.0s

Evaluation:
[RSSCN7 x3]	psnr: 29.303 (Best: 29.315 @epoch 493)
Total time: 15.15s

[Epoch 496]	Learning rate: 5.00e-5
[40/1120]	[L1: 0.0184]	3.0+0.0s
[80/1120]	[L1: 0.0229]	3.0+0.0s
[120/1120]	[L1: 0.0247]	3.3+0.0s
[160/1120]	[L1: 0.0254]	4.1+0.0s
[200/1120]	[L1: 0.0261]	3.3+0.0s
[240/1120]	[L1: 0.0260]	3.0+0.0s
[280/1120]	[L1: 0.0264]	3.1+0.0s
[320/1120]	[L1: 0.0266]	3.0+0.0s
[360/1120]	[L1: 0.0264]	3.0+0.0s
[400/1120]	[L1: 0.0265]	3.2+0.0s
[440/1120]	[L1: 0.0266]	3.2+0.0s
[480/1120]	[L1: 0.0265]	3.1+0.0s
[520/1120]	[L1: 0.0262]	3.0+0.0s
[560/1120]	[L1: 0.0263]	3.1+0.0s
[600/1120]	[L1: 0.0262]	3.2+0.0s
[640/1120]	[L1: 0.0260]	3.8+0.0s
[680/1120]	[L1: 0.0260]	4.0+0.0s
[720/1120]	[L1: 0.0259]	3.7+0.0s
[760/1120]	[L1: 0.0256]	3.0+0.0s
[800/1120]	[L1: 0.0255]	2.9+0.0s
[840/1120]	[L1: 0.0254]	2.9+0.0s
[880/1120]	[L1: 0.0253]	3.2+0.0s
[920/1120]	[L1: 0.0253]	3.5+0.0s
[960/1120]	[L1: 0.0254]	4.1+0.0s
[1000/1120]	[L1: 0.0253]	3.7+0.0s
[1040/1120]	[L1: 0.0254]	3.5+0.0s
[1080/1120]	[L1: 0.0254]	4.0+0.0s
[1120/1120]	[L1: 0.0255]	3.8+0.0s

Evaluation:
[RSSCN7 x3]	psnr: 29.306 (Best: 29.315 @epoch 493)
Total time: 15.21s

[Epoch 497]	Learning rate: 5.00e-5
[40/1120]	[L1: 0.0219]	2.5+0.0s
[80/1120]	[L1: 0.0254]	3.0+0.0s
[120/1120]	[L1: 0.0258]	4.0+0.0s
[160/1120]	[L1: 0.0259]	4.3+0.0s
[200/1120]	[L1: 0.0257]	4.2+0.0s
[240/1120]	[L1: 0.0249]	4.1+0.0s
[280/1120]	[L1: 0.0251]	3.4+0.0s
[320/1120]	[L1: 0.0245]	3.0+0.0s
[360/1120]	[L1: 0.0246]	4.2+0.0s
[400/1120]	[L1: 0.0244]	4.3+0.0s
[440/1120]	[L1: 0.0249]	3.6+0.0s
[480/1120]	[L1: 0.0252]	3.1+0.0s
[520/1120]	[L1: 0.0251]	3.1+0.0s
[560/1120]	[L1: 0.0253]	3.1+0.0s
[600/1120]	[L1: 0.0257]	3.0+0.0s
[640/1120]	[L1: 0.0257]	3.3+0.0s
[680/1120]	[L1: 0.0255]	3.2+0.0s
[720/1120]	[L1: 0.0253]	2.9+0.0s
[760/1120]	[L1: 0.0253]	2.9+0.0s
[800/1120]	[L1: 0.0252]	3.3+0.0s
[840/1120]	[L1: 0.0253]	3.1+0.0s
[880/1120]	[L1: 0.0253]	3.0+0.0s
[920/1120]	[L1: 0.0255]	3.1+0.0s
[960/1120]	[L1: 0.0256]	3.2+0.0s
[1000/1120]	[L1: 0.0256]	3.1+0.0s
[1040/1120]	[L1: 0.0256]	3.1+0.0s
[1080/1120]	[L1: 0.0256]	3.9+0.0s
[1120/1120]	[L1: 0.0256]	4.3+0.0s

Evaluation:
[RSSCN7 x3]	psnr: 29.287 (Best: 29.315 @epoch 493)
Total time: 15.48s

[Epoch 498]	Learning rate: 5.00e-5
[40/1120]	[L1: 0.0236]	3.0+0.0s
[80/1120]	[L1: 0.0256]	3.1+0.0s
[120/1120]	[L1: 0.0258]	3.2+0.0s
[160/1120]	[L1: 0.0256]	3.0+0.0s
[200/1120]	[L1: 0.0252]	3.2+0.0s
[240/1120]	[L1: 0.0251]	3.1+0.0s
[280/1120]	[L1: 0.0246]	3.3+0.0s
[320/1120]	[L1: 0.0249]	4.3+0.0s
[360/1120]	[L1: 0.0252]	4.2+0.0s
[400/1120]	[L1: 0.0252]	4.6+0.0s
[440/1120]	[L1: 0.0249]	4.2+0.0s
[480/1120]	[L1: 0.0250]	4.2+0.0s
[520/1120]	[L1: 0.0250]	4.5+0.0s
[560/1120]	[L1: 0.0249]	3.1+0.0s
[600/1120]	[L1: 0.0249]	3.2+0.0s
[640/1120]	[L1: 0.0249]	3.0+0.0s
[680/1120]	[L1: 0.0248]	3.0+0.0s
[720/1120]	[L1: 0.0247]	3.3+0.0s
[760/1120]	[L1: 0.0249]	3.2+0.0s
[800/1120]	[L1: 0.0251]	3.2+0.0s
[840/1120]	[L1: 0.0250]	3.0+0.0s
[880/1120]	[L1: 0.0250]	3.1+0.0s
[920/1120]	[L1: 0.0250]	3.1+0.0s
[960/1120]	[L1: 0.0252]	3.1+0.0s
[1000/1120]	[L1: 0.0254]	3.2+0.0s
[1040/1120]	[L1: 0.0254]	3.0+0.0s
[1080/1120]	[L1: 0.0253]	3.3+0.0s
[1120/1120]	[L1: 0.0253]	4.3+0.0s

Evaluation:
[RSSCN7 x3]	psnr: 29.309 (Best: 29.315 @epoch 493)
Total time: 15.22s

[Epoch 499]	Learning rate: 5.00e-5
[40/1120]	[L1: 0.0277]	2.8+0.0s
[80/1120]	[L1: 0.0263]	2.8+0.0s
[120/1120]	[L1: 0.0273]	4.4+0.0s
[160/1120]	[L1: 0.0273]	3.8+0.0s
[200/1120]	[L1: 0.0267]	3.2+0.0s
[240/1120]	[L1: 0.0271]	3.0+0.0s
[280/1120]	[L1: 0.0266]	4.2+0.0s
[320/1120]	[L1: 0.0269]	4.1+0.0s
[360/1120]	[L1: 0.0267]	4.1+0.0s
[400/1120]	[L1: 0.0265]	3.1+0.0s
[440/1120]	[L1: 0.0265]	3.0+0.0s
[480/1120]	[L1: 0.0265]	3.2+0.0s
[520/1120]	[L1: 0.0261]	3.1+0.0s
[560/1120]	[L1: 0.0259]	4.5+0.0s
[600/1120]	[L1: 0.0260]	4.1+0.0s
[640/1120]	[L1: 0.0259]	4.3+0.0s
[680/1120]	[L1: 0.0259]	3.1+0.0s
[720/1120]	[L1: 0.0258]	3.2+0.0s
[760/1120]	[L1: 0.0256]	3.2+0.0s
[800/1120]	[L1: 0.0256]	3.3+0.0s
[840/1120]	[L1: 0.0255]	3.1+0.0s
[880/1120]	[L1: 0.0254]	3.2+0.0s
[920/1120]	[L1: 0.0253]	3.1+0.0s
[960/1120]	[L1: 0.0253]	3.2+0.0s
[1000/1120]	[L1: 0.0253]	3.1+0.0s
[1040/1120]	[L1: 0.0254]	3.5+0.0s
[1080/1120]	[L1: 0.0254]	3.1+0.0s
[1120/1120]	[L1: 0.0255]	3.1+0.0s

Evaluation:
[RSSCN7 x3]	psnr: 29.305 (Best: 29.315 @epoch 493)
Total time: 15.19s

[Epoch 500]	Learning rate: 5.00e-5
[40/1120]	[L1: 0.0277]	3.1+0.1s
[80/1120]	[L1: 0.0281]	3.4+0.0s
[120/1120]	[L1: 0.0271]	4.0+0.0s
[160/1120]	[L1: 0.0256]	4.0+0.0s
[200/1120]	[L1: 0.0262]	4.4+0.0s
[240/1120]	[L1: 0.0258]	4.1+0.0s
[280/1120]	[L1: 0.0262]	4.2+0.0s
[320/1120]	[L1: 0.0261]	4.4+0.0s
[360/1120]	[L1: 0.0264]	4.2+0.0s
[400/1120]	[L1: 0.0262]	4.0+0.0s
[440/1120]	[L1: 0.0262]	3.2+0.0s
[480/1120]	[L1: 0.0262]	3.0+0.0s
[520/1120]	[L1: 0.0260]	4.1+0.0s
[560/1120]	[L1: 0.0260]	4.3+0.0s
[600/1120]	[L1: 0.0259]	4.1+0.0s
[640/1120]	[L1: 0.0261]	4.5+0.0s
[680/1120]	[L1: 0.0260]	4.4+0.0s
[720/1120]	[L1: 0.0261]	4.2+0.0s
[760/1120]	[L1: 0.0261]	4.1+0.0s
[800/1120]	[L1: 0.0261]	4.5+0.0s
[840/1120]	[L1: 0.0260]	4.0+0.0s
[880/1120]	[L1: 0.0257]	3.3+0.0s
[920/1120]	[L1: 0.0257]	3.0+0.0s
[960/1120]	[L1: 0.0258]	3.4+0.0s
[1000/1120]	[L1: 0.0256]	4.5+0.0s
[1040/1120]	[L1: 0.0256]	4.2+0.0s
[1080/1120]	[L1: 0.0257]	3.5+0.0s
[1120/1120]	[L1: 0.0257]	3.3+0.0s
Saved epoch checkpoint at epoch 500

Evaluation:
[RSSCN7 x3]	psnr: 29.314 (Best: 29.315 @epoch 493)
Total time: 15.03s

✅ Training completed!

libgomp: Invalid value for environment variable OMP_NUM_THREADS: 0
/root/miniconda3/envs/transenet-pren/lib/python3.8/site-packages/timm/models/layers/__init__.py:49: FutureWarning: Importing from timm.models.layers is deprecated, please import via timm.layers
  warnings.warn(f"Importing from {__name__} is deprecated, please import via timm.layers", FutureWarning)
OMP: Warning #80: OMP_NUM_THREADS="0": value too small.
OMP: Info #104: OMP_NUM_THREADS value "1" will be used.

libgomp: Invalid value for environment variable OMP_NUM_THREADS: 0
/root/miniconda3/envs/transenet-pren/lib/python3.8/site-packages/timm/models/layers/__init__.py:49: FutureWarning: Importing from timm.models.layers is deprecated, please import via timm.layers
  warnings.warn(f"Importing from {__name__} is deprecated, please import via timm.layers", FutureWarning)
OMP: Warning #80: OMP_NUM_THREADS="0": value too small.
OMP: Info #104: OMP_NUM_THREADS value "1" will be used.
