🚀 Enhanced Training Configuration:
Model: symunet_pretrain_rala
Dataset: UCMerced
Scale: [4]
Epochs: 300
Batch Size: 4
Optimizer: ADAMW
Scheduler: cosine
Learning Rate: 0.0002
Loss: 1*L1
WandB Enabled: True
Save Every N Steps: 50

📐 Model Architecture:
Width: 32
Encoder Blocks: [4, 6]
Decoder Blocks: [6, 4]
Restormer Heads: [1, 2, 4]
Middle Heads: 8
Read data from image files
Read data from image files
Making model...
[MAB] 使用 RALA2D (num_head=4)
[MAB] 使用 RALA2D (num_head=4)
[MAB] 使用 RALA2D (num_head=4)
[MAB] 使用 RALA2D (num_head=4)
[MAB] 使用 RALA2D (num_head=4)
[MAB] 使用 RALA2D (num_head=4)
[MAB] 使用 RALA2D (num_head=4)
[MAB] 使用 RALA2D (num_head=4)
[MAB] 使用 RALA2D (num_head=4)
[MAB] 使用 RALA2D (num_head=4)
[MAB] 使用 RALA2D (num_head=4)
[MAB] 使用 RALA2D (num_head=4)
[MAB] 使用 RALA2D (num_head=4)
[MAB] 使用 RALA2D (num_head=4)
[MAB] 使用 RALA2D (num_head=4)
[MAB] 使用 RALA2D (num_head=4)
[MAB] 使用 RALA2D (num_head=4)
[MAB] 使用 RALA2D (num_head=4)
[MAB] 使用 RALA2D (num_head=4)
[MAB] 使用 RALA2D (num_head=4)
SymUNet_Pretrain_RALA(
  (pre_upsample): Upsample(scale_factor=4.0, mode='bicubic')
  (intro): Conv2d(3, 32, kernel_size=(3, 3), stride=(1, 1), padding=(1, 1))
  (ending): Conv2d(32, 3, kernel_size=(3, 3), stride=(1, 1), padding=(1, 1))
  (encoders): ModuleList(
    (0): Sequential(
      (0): S1_TransBlock_NoMAB1(
        (lab): LAB(
          (net): Sequential(
            (0): Conv2d(32, 32, kernel_size=(1, 1), stride=(1, 1))
            (1): GELU(approximate='none')
            (2): Conv2d(32, 32, kernel_size=(3, 3), stride=(1, 1), padding=(1, 1), groups=32)
            (3): GELU(approximate='none')
            (4): ChannelAttention(
              (attention): Sequential(
                (0): AdaptiveAvgPool2d(output_size=1)
                (1): Conv2d(32, 8, kernel_size=(1, 1), stride=(1, 1))
                (2): SiLU()
                (3): Conv2d(8, 32, kernel_size=(1, 1), stride=(1, 1))
                (4): Sigmoid()
              )
            )
            (5): Conv2d(32, 32, kernel_size=(1, 1), stride=(1, 1))
          )
        )
        (mab2): MAB(
          (norm1): LayerNorm2d()
          (attn): RALA2D(
            (rope): RALARoPE()
            (attn): GateLinearAttentionNoSilu(
              (qkvo): Conv2d(32, 128, kernel_size=(1, 1), stride=(1, 1))
              (elu): ELU(alpha=1.0)
              (lepe): Conv2d(32, 32, kernel_size=(5, 5), stride=(1, 1), padding=(2, 2), groups=32)
              (proj): Conv2d(32, 32, kernel_size=(1, 1), stride=(1, 1))
            )
          )
          (norm2): LayerNorm2d()
          (ffn): MSConvStar(
            (fc1): Conv2d(32, 64, kernel_size=(1, 1), stride=(1, 1))
            (dwconv): MSDWConv(
              (proj): ModuleList(
                (0): Conv2d(16, 16, kernel_size=(1, 1), stride=(1, 1), groups=16)
                (1): Conv2d(16, 16, kernel_size=(3, 3), stride=(1, 1), padding=(1, 1), groups=16)
                (2): Conv2d(16, 16, kernel_size=(5, 5), stride=(1, 1), padding=(2, 2), groups=16)
                (3): Conv2d(16, 16, kernel_size=(7, 7), stride=(1, 1), padding=(3, 3), groups=16)
              )
            )
            (fc2): Conv2d(32, 32, kernel_size=(1, 1), stride=(1, 1))
            (act): GELU(approximate='none')
          )
        )
        (conv): Conv2d(32, 32, kernel_size=(3, 3), stride=(1, 1), padding=(1, 1))
      )
      (1): S1_TransBlock_NoMAB1(
        (lab): LAB(
          (net): Sequential(
            (0): Conv2d(32, 32, kernel_size=(1, 1), stride=(1, 1))
            (1): GELU(approximate='none')
            (2): Conv2d(32, 32, kernel_size=(3, 3), stride=(1, 1), padding=(1, 1), groups=32)
            (3): GELU(approximate='none')
            (4): ChannelAttention(
              (attention): Sequential(
                (0): AdaptiveAvgPool2d(output_size=1)
                (1): Conv2d(32, 8, kernel_size=(1, 1), stride=(1, 1))
                (2): SiLU()
                (3): Conv2d(8, 32, kernel_size=(1, 1), stride=(1, 1))
                (4): Sigmoid()
              )
            )
            (5): Conv2d(32, 32, kernel_size=(1, 1), stride=(1, 1))
          )
        )
        (mab2): MAB(
          (norm1): LayerNorm2d()
          (attn): RALA2D(
            (rope): RALARoPE()
            (attn): GateLinearAttentionNoSilu(
              (qkvo): Conv2d(32, 128, kernel_size=(1, 1), stride=(1, 1))
              (elu): ELU(alpha=1.0)
              (lepe): Conv2d(32, 32, kernel_size=(5, 5), stride=(1, 1), padding=(2, 2), groups=32)
              (proj): Conv2d(32, 32, kernel_size=(1, 1), stride=(1, 1))
            )
          )
          (norm2): LayerNorm2d()
          (ffn): MSConvStar(
            (fc1): Conv2d(32, 64, kernel_size=(1, 1), stride=(1, 1))
            (dwconv): MSDWConv(
              (proj): ModuleList(
                (0): Conv2d(16, 16, kernel_size=(1, 1), stride=(1, 1), groups=16)
                (1): Conv2d(16, 16, kernel_size=(3, 3), stride=(1, 1), padding=(1, 1), groups=16)
                (2): Conv2d(16, 16, kernel_size=(5, 5), stride=(1, 1), padding=(2, 2), groups=16)
                (3): Conv2d(16, 16, kernel_size=(7, 7), stride=(1, 1), padding=(3, 3), groups=16)
              )
            )
            (fc2): Conv2d(32, 32, kernel_size=(1, 1), stride=(1, 1))
            (act): GELU(approximate='none')
          )
        )
        (conv): Conv2d(32, 32, kernel_size=(3, 3), stride=(1, 1), padding=(1, 1))
      )
      (2): S1_TransBlock_NoMAB1(
        (lab): LAB(
          (net): Sequential(
            (0): Conv2d(32, 32, kernel_size=(1, 1), stride=(1, 1))
            (1): GELU(approximate='none')
            (2): Conv2d(32, 32, kernel_size=(3, 3), stride=(1, 1), padding=(1, 1), groups=32)
            (3): GELU(approximate='none')
            (4): ChannelAttention(
              (attention): Sequential(
                (0): AdaptiveAvgPool2d(output_size=1)
                (1): Conv2d(32, 8, kernel_size=(1, 1), stride=(1, 1))
                (2): SiLU()
                (3): Conv2d(8, 32, kernel_size=(1, 1), stride=(1, 1))
                (4): Sigmoid()
              )
            )
            (5): Conv2d(32, 32, kernel_size=(1, 1), stride=(1, 1))
          )
        )
        (mab2): MAB(
          (norm1): LayerNorm2d()
          (attn): RALA2D(
            (rope): RALARoPE()
            (attn): GateLinearAttentionNoSilu(
              (qkvo): Conv2d(32, 128, kernel_size=(1, 1), stride=(1, 1))
              (elu): ELU(alpha=1.0)
              (lepe): Conv2d(32, 32, kernel_size=(5, 5), stride=(1, 1), padding=(2, 2), groups=32)
              (proj): Conv2d(32, 32, kernel_size=(1, 1), stride=(1, 1))
            )
          )
          (norm2): LayerNorm2d()
          (ffn): MSConvStar(
            (fc1): Conv2d(32, 64, kernel_size=(1, 1), stride=(1, 1))
            (dwconv): MSDWConv(
              (proj): ModuleList(
                (0): Conv2d(16, 16, kernel_size=(1, 1), stride=(1, 1), groups=16)
                (1): Conv2d(16, 16, kernel_size=(3, 3), stride=(1, 1), padding=(1, 1), groups=16)
                (2): Conv2d(16, 16, kernel_size=(5, 5), stride=(1, 1), padding=(2, 2), groups=16)
                (3): Conv2d(16, 16, kernel_size=(7, 7), stride=(1, 1), padding=(3, 3), groups=16)
              )
            )
            (fc2): Conv2d(32, 32, kernel_size=(1, 1), stride=(1, 1))
            (act): GELU(approximate='none')
          )
        )
        (conv): Conv2d(32, 32, kernel_size=(3, 3), stride=(1, 1), padding=(1, 1))
      )
      (3): S1_TransBlock_NoMAB1(
        (lab): LAB(
          (net): Sequential(
            (0): Conv2d(32, 32, kernel_size=(1, 1), stride=(1, 1))
            (1): GELU(approximate='none')
            (2): Conv2d(32, 32, kernel_size=(3, 3), stride=(1, 1), padding=(1, 1), groups=32)
            (3): GELU(approximate='none')
            (4): ChannelAttention(
              (attention): Sequential(
                (0): AdaptiveAvgPool2d(output_size=1)
                (1): Conv2d(32, 8, kernel_size=(1, 1), stride=(1, 1))
                (2): SiLU()
                (3): Conv2d(8, 32, kernel_size=(1, 1), stride=(1, 1))
                (4): Sigmoid()
              )
            )
            (5): Conv2d(32, 32, kernel_size=(1, 1), stride=(1, 1))
          )
        )
        (mab2): MAB(
          (norm1): LayerNorm2d()
          (attn): RALA2D(
            (rope): RALARoPE()
            (attn): GateLinearAttentionNoSilu(
              (qkvo): Conv2d(32, 128, kernel_size=(1, 1), stride=(1, 1))
              (elu): ELU(alpha=1.0)
              (lepe): Conv2d(32, 32, kernel_size=(5, 5), stride=(1, 1), padding=(2, 2), groups=32)
              (proj): Conv2d(32, 32, kernel_size=(1, 1), stride=(1, 1))
            )
          )
          (norm2): LayerNorm2d()
          (ffn): MSConvStar(
            (fc1): Conv2d(32, 64, kernel_size=(1, 1), stride=(1, 1))
            (dwconv): MSDWConv(
              (proj): ModuleList(
                (0): Conv2d(16, 16, kernel_size=(1, 1), stride=(1, 1), groups=16)
                (1): Conv2d(16, 16, kernel_size=(3, 3), stride=(1, 1), padding=(1, 1), groups=16)
                (2): Conv2d(16, 16, kernel_size=(5, 5), stride=(1, 1), padding=(2, 2), groups=16)
                (3): Conv2d(16, 16, kernel_size=(7, 7), stride=(1, 1), padding=(3, 3), groups=16)
              )
            )
            (fc2): Conv2d(32, 32, kernel_size=(1, 1), stride=(1, 1))
            (act): GELU(approximate='none')
          )
        )
        (conv): Conv2d(32, 32, kernel_size=(3, 3), stride=(1, 1), padding=(1, 1))
      )
    )
    (1): Sequential(
      (0): S1_TransBlock_NoMAB1(
        (lab): LAB(
          (net): Sequential(
            (0): Conv2d(64, 64, kernel_size=(1, 1), stride=(1, 1))
            (1): GELU(approximate='none')
            (2): Conv2d(64, 64, kernel_size=(3, 3), stride=(1, 1), padding=(1, 1), groups=64)
            (3): GELU(approximate='none')
            (4): ChannelAttention(
              (attention): Sequential(
                (0): AdaptiveAvgPool2d(output_size=1)
                (1): Conv2d(64, 16, kernel_size=(1, 1), stride=(1, 1))
                (2): SiLU()
                (3): Conv2d(16, 64, kernel_size=(1, 1), stride=(1, 1))
                (4): Sigmoid()
              )
            )
            (5): Conv2d(64, 64, kernel_size=(1, 1), stride=(1, 1))
          )
        )
        (mab2): MAB(
          (norm1): LayerNorm2d()
          (attn): RALA2D(
            (rope): RALARoPE()
            (attn): GateLinearAttentionNoSilu(
              (qkvo): Conv2d(64, 256, kernel_size=(1, 1), stride=(1, 1))
              (elu): ELU(alpha=1.0)
              (lepe): Conv2d(64, 64, kernel_size=(5, 5), stride=(1, 1), padding=(2, 2), groups=64)
              (proj): Conv2d(64, 64, kernel_size=(1, 1), stride=(1, 1))
            )
          )
          (norm2): LayerNorm2d()
          (ffn): MSConvStar(
            (fc1): Conv2d(64, 128, kernel_size=(1, 1), stride=(1, 1))
            (dwconv): MSDWConv(
              (proj): ModuleList(
                (0): Conv2d(32, 32, kernel_size=(1, 1), stride=(1, 1), groups=32)
                (1): Conv2d(32, 32, kernel_size=(3, 3), stride=(1, 1), padding=(1, 1), groups=32)
                (2): Conv2d(32, 32, kernel_size=(5, 5), stride=(1, 1), padding=(2, 2), groups=32)
                (3): Conv2d(32, 32, kernel_size=(7, 7), stride=(1, 1), padding=(3, 3), groups=32)
              )
            )
            (fc2): Conv2d(64, 64, kernel_size=(1, 1), stride=(1, 1))
            (act): GELU(approximate='none')
          )
        )
        (conv): Conv2d(64, 64, kernel_size=(3, 3), stride=(1, 1), padding=(1, 1))
      )
      (1): S1_TransBlock_NoMAB1(
        (lab): LAB(
          (net): Sequential(
            (0): Conv2d(64, 64, kernel_size=(1, 1), stride=(1, 1))
            (1): GELU(approximate='none')
            (2): Conv2d(64, 64, kernel_size=(3, 3), stride=(1, 1), padding=(1, 1), groups=64)
            (3): GELU(approximate='none')
            (4): ChannelAttention(
              (attention): Sequential(
                (0): AdaptiveAvgPool2d(output_size=1)
                (1): Conv2d(64, 16, kernel_size=(1, 1), stride=(1, 1))
                (2): SiLU()
                (3): Conv2d(16, 64, kernel_size=(1, 1), stride=(1, 1))
                (4): Sigmoid()
              )
            )
            (5): Conv2d(64, 64, kernel_size=(1, 1), stride=(1, 1))
          )
        )
        (mab2): MAB(
          (norm1): LayerNorm2d()
          (attn): RALA2D(
            (rope): RALARoPE()
            (attn): GateLinearAttentionNoSilu(
              (qkvo): Conv2d(64, 256, kernel_size=(1, 1), stride=(1, 1))
              (elu): ELU(alpha=1.0)
              (lepe): Conv2d(64, 64, kernel_size=(5, 5), stride=(1, 1), padding=(2, 2), groups=64)
              (proj): Conv2d(64, 64, kernel_size=(1, 1), stride=(1, 1))
            )
          )
          (norm2): LayerNorm2d()
          (ffn): MSConvStar(
            (fc1): Conv2d(64, 128, kernel_size=(1, 1), stride=(1, 1))
            (dwconv): MSDWConv(
              (proj): ModuleList(
                (0): Conv2d(32, 32, kernel_size=(1, 1), stride=(1, 1), groups=32)
                (1): Conv2d(32, 32, kernel_size=(3, 3), stride=(1, 1), padding=(1, 1), groups=32)
                (2): Conv2d(32, 32, kernel_size=(5, 5), stride=(1, 1), padding=(2, 2), groups=32)
                (3): Conv2d(32, 32, kernel_size=(7, 7), stride=(1, 1), padding=(3, 3), groups=32)
              )
            )
            (fc2): Conv2d(64, 64, kernel_size=(1, 1), stride=(1, 1))
            (act): GELU(approximate='none')
          )
        )
        (conv): Conv2d(64, 64, kernel_size=(3, 3), stride=(1, 1), padding=(1, 1))
      )
      (2): S1_TransBlock_NoMAB1(
        (lab): LAB(
          (net): Sequential(
            (0): Conv2d(64, 64, kernel_size=(1, 1), stride=(1, 1))
            (1): GELU(approximate='none')
            (2): Conv2d(64, 64, kernel_size=(3, 3), stride=(1, 1), padding=(1, 1), groups=64)
            (3): GELU(approximate='none')
            (4): ChannelAttention(
              (attention): Sequential(
                (0): AdaptiveAvgPool2d(output_size=1)
                (1): Conv2d(64, 16, kernel_size=(1, 1), stride=(1, 1))
                (2): SiLU()
                (3): Conv2d(16, 64, kernel_size=(1, 1), stride=(1, 1))
                (4): Sigmoid()
              )
            )
            (5): Conv2d(64, 64, kernel_size=(1, 1), stride=(1, 1))
          )
        )
        (mab2): MAB(
          (norm1): LayerNorm2d()
          (attn): RALA2D(
            (rope): RALARoPE()
            (attn): GateLinearAttentionNoSilu(
              (qkvo): Conv2d(64, 256, kernel_size=(1, 1), stride=(1, 1))
              (elu): ELU(alpha=1.0)
              (lepe): Conv2d(64, 64, kernel_size=(5, 5), stride=(1, 1), padding=(2, 2), groups=64)
              (proj): Conv2d(64, 64, kernel_size=(1, 1), stride=(1, 1))
            )
          )
          (norm2): LayerNorm2d()
          (ffn): MSConvStar(
            (fc1): Conv2d(64, 128, kernel_size=(1, 1), stride=(1, 1))
            (dwconv): MSDWConv(
              (proj): ModuleList(
                (0): Conv2d(32, 32, kernel_size=(1, 1), stride=(1, 1), groups=32)
                (1): Conv2d(32, 32, kernel_size=(3, 3), stride=(1, 1), padding=(1, 1), groups=32)
                (2): Conv2d(32, 32, kernel_size=(5, 5), stride=(1, 1), padding=(2, 2), groups=32)
                (3): Conv2d(32, 32, kernel_size=(7, 7), stride=(1, 1), padding=(3, 3), groups=32)
              )
            )
            (fc2): Conv2d(64, 64, kernel_size=(1, 1), stride=(1, 1))
            (act): GELU(approximate='none')
          )
        )
        (conv): Conv2d(64, 64, kernel_size=(3, 3), stride=(1, 1), padding=(1, 1))
      )
      (3): S1_TransBlock_NoMAB1(
        (lab): LAB(
          (net): Sequential(
            (0): Conv2d(64, 64, kernel_size=(1, 1), stride=(1, 1))
            (1): GELU(approximate='none')
            (2): Conv2d(64, 64, kernel_size=(3, 3), stride=(1, 1), padding=(1, 1), groups=64)
            (3): GELU(approximate='none')
            (4): ChannelAttention(
              (attention): Sequential(
                (0): AdaptiveAvgPool2d(output_size=1)
                (1): Conv2d(64, 16, kernel_size=(1, 1), stride=(1, 1))
                (2): SiLU()
                (3): Conv2d(16, 64, kernel_size=(1, 1), stride=(1, 1))
                (4): Sigmoid()
              )
            )
            (5): Conv2d(64, 64, kernel_size=(1, 1), stride=(1, 1))
          )
        )
        (mab2): MAB(
          (norm1): LayerNorm2d()
          (attn): RALA2D(
            (rope): RALARoPE()
            (attn): GateLinearAttentionNoSilu(
              (qkvo): Conv2d(64, 256, kernel_size=(1, 1), stride=(1, 1))
              (elu): ELU(alpha=1.0)
              (lepe): Conv2d(64, 64, kernel_size=(5, 5), stride=(1, 1), padding=(2, 2), groups=64)
              (proj): Conv2d(64, 64, kernel_size=(1, 1), stride=(1, 1))
            )
          )
          (norm2): LayerNorm2d()
          (ffn): MSConvStar(
            (fc1): Conv2d(64, 128, kernel_size=(1, 1), stride=(1, 1))
            (dwconv): MSDWConv(
              (proj): ModuleList(
                (0): Conv2d(32, 32, kernel_size=(1, 1), stride=(1, 1), groups=32)
                (1): Conv2d(32, 32, kernel_size=(3, 3), stride=(1, 1), padding=(1, 1), groups=32)
                (2): Conv2d(32, 32, kernel_size=(5, 5), stride=(1, 1), padding=(2, 2), groups=32)
                (3): Conv2d(32, 32, kernel_size=(7, 7), stride=(1, 1), padding=(3, 3), groups=32)
              )
            )
            (fc2): Conv2d(64, 64, kernel_size=(1, 1), stride=(1, 1))
            (act): GELU(approximate='none')
          )
        )
        (conv): Conv2d(64, 64, kernel_size=(3, 3), stride=(1, 1), padding=(1, 1))
      )
      (4): S1_TransBlock_NoMAB1(
        (lab): LAB(
          (net): Sequential(
            (0): Conv2d(64, 64, kernel_size=(1, 1), stride=(1, 1))
            (1): GELU(approximate='none')
            (2): Conv2d(64, 64, kernel_size=(3, 3), stride=(1, 1), padding=(1, 1), groups=64)
            (3): GELU(approximate='none')
            (4): ChannelAttention(
              (attention): Sequential(
                (0): AdaptiveAvgPool2d(output_size=1)
                (1): Conv2d(64, 16, kernel_size=(1, 1), stride=(1, 1))
                (2): SiLU()
                (3): Conv2d(16, 64, kernel_size=(1, 1), stride=(1, 1))
                (4): Sigmoid()
              )
            )
            (5): Conv2d(64, 64, kernel_size=(1, 1), stride=(1, 1))
          )
        )
        (mab2): MAB(
          (norm1): LayerNorm2d()
          (attn): RALA2D(
            (rope): RALARoPE()
            (attn): GateLinearAttentionNoSilu(
              (qkvo): Conv2d(64, 256, kernel_size=(1, 1), stride=(1, 1))
              (elu): ELU(alpha=1.0)
              (lepe): Conv2d(64, 64, kernel_size=(5, 5), stride=(1, 1), padding=(2, 2), groups=64)
              (proj): Conv2d(64, 64, kernel_size=(1, 1), stride=(1, 1))
            )
          )
          (norm2): LayerNorm2d()
          (ffn): MSConvStar(
            (fc1): Conv2d(64, 128, kernel_size=(1, 1), stride=(1, 1))
            (dwconv): MSDWConv(
              (proj): ModuleList(
                (0): Conv2d(32, 32, kernel_size=(1, 1), stride=(1, 1), groups=32)
                (1): Conv2d(32, 32, kernel_size=(3, 3), stride=(1, 1), padding=(1, 1), groups=32)
                (2): Conv2d(32, 32, kernel_size=(5, 5), stride=(1, 1), padding=(2, 2), groups=32)
                (3): Conv2d(32, 32, kernel_size=(7, 7), stride=(1, 1), padding=(3, 3), groups=32)
              )
            )
            (fc2): Conv2d(64, 64, kernel_size=(1, 1), stride=(1, 1))
            (act): GELU(approximate='none')
          )
        )
        (conv): Conv2d(64, 64, kernel_size=(3, 3), stride=(1, 1), padding=(1, 1))
      )
      (5): S1_TransBlock_NoMAB1(
        (lab): LAB(
          (net): Sequential(
            (0): Conv2d(64, 64, kernel_size=(1, 1), stride=(1, 1))
            (1): GELU(approximate='none')
            (2): Conv2d(64, 64, kernel_size=(3, 3), stride=(1, 1), padding=(1, 1), groups=64)
            (3): GELU(approximate='none')
            (4): ChannelAttention(
              (attention): Sequential(
                (0): AdaptiveAvgPool2d(output_size=1)
                (1): Conv2d(64, 16, kernel_size=(1, 1), stride=(1, 1))
                (2): SiLU()
                (3): Conv2d(16, 64, kernel_size=(1, 1), stride=(1, 1))
                (4): Sigmoid()
              )
            )
            (5): Conv2d(64, 64, kernel_size=(1, 1), stride=(1, 1))
          )
        )
        (mab2): MAB(
          (norm1): LayerNorm2d()
          (attn): RALA2D(
            (rope): RALARoPE()
            (attn): GateLinearAttentionNoSilu(
              (qkvo): Conv2d(64, 256, kernel_size=(1, 1), stride=(1, 1))
              (elu): ELU(alpha=1.0)
              (lepe): Conv2d(64, 64, kernel_size=(5, 5), stride=(1, 1), padding=(2, 2), groups=64)
              (proj): Conv2d(64, 64, kernel_size=(1, 1), stride=(1, 1))
            )
          )
          (norm2): LayerNorm2d()
          (ffn): MSConvStar(
            (fc1): Conv2d(64, 128, kernel_size=(1, 1), stride=(1, 1))
            (dwconv): MSDWConv(
              (proj): ModuleList(
                (0): Conv2d(32, 32, kernel_size=(1, 1), stride=(1, 1), groups=32)
                (1): Conv2d(32, 32, kernel_size=(3, 3), stride=(1, 1), padding=(1, 1), groups=32)
                (2): Conv2d(32, 32, kernel_size=(5, 5), stride=(1, 1), padding=(2, 2), groups=32)
                (3): Conv2d(32, 32, kernel_size=(7, 7), stride=(1, 1), padding=(3, 3), groups=32)
              )
            )
            (fc2): Conv2d(64, 64, kernel_size=(1, 1), stride=(1, 1))
            (act): GELU(approximate='none')
          )
        )
        (conv): Conv2d(64, 64, kernel_size=(3, 3), stride=(1, 1), padding=(1, 1))
      )
    )
  )
  (decoders): ModuleList(
    (0): Sequential(
      (0): S1_TransBlock_NoMAB1(
        (lab): LAB(
          (net): Sequential(
            (0): Conv2d(64, 64, kernel_size=(1, 1), stride=(1, 1))
            (1): GELU(approximate='none')
            (2): Conv2d(64, 64, kernel_size=(3, 3), stride=(1, 1), padding=(1, 1), groups=64)
            (3): GELU(approximate='none')
            (4): ChannelAttention(
              (attention): Sequential(
                (0): AdaptiveAvgPool2d(output_size=1)
                (1): Conv2d(64, 16, kernel_size=(1, 1), stride=(1, 1))
                (2): SiLU()
                (3): Conv2d(16, 64, kernel_size=(1, 1), stride=(1, 1))
                (4): Sigmoid()
              )
            )
            (5): Conv2d(64, 64, kernel_size=(1, 1), stride=(1, 1))
          )
        )
        (mab2): MAB(
          (norm1): LayerNorm2d()
          (attn): RALA2D(
            (rope): RALARoPE()
            (attn): GateLinearAttentionNoSilu(
              (qkvo): Conv2d(64, 256, kernel_size=(1, 1), stride=(1, 1))
              (elu): ELU(alpha=1.0)
              (lepe): Conv2d(64, 64, kernel_size=(5, 5), stride=(1, 1), padding=(2, 2), groups=64)
              (proj): Conv2d(64, 64, kernel_size=(1, 1), stride=(1, 1))
            )
          )
          (norm2): LayerNorm2d()
          (ffn): MSConvStar(
            (fc1): Conv2d(64, 128, kernel_size=(1, 1), stride=(1, 1))
            (dwconv): MSDWConv(
              (proj): ModuleList(
                (0): Conv2d(32, 32, kernel_size=(1, 1), stride=(1, 1), groups=32)
                (1): Conv2d(32, 32, kernel_size=(3, 3), stride=(1, 1), padding=(1, 1), groups=32)
                (2): Conv2d(32, 32, kernel_size=(5, 5), stride=(1, 1), padding=(2, 2), groups=32)
                (3): Conv2d(32, 32, kernel_size=(7, 7), stride=(1, 1), padding=(3, 3), groups=32)
              )
            )
            (fc2): Conv2d(64, 64, kernel_size=(1, 1), stride=(1, 1))
            (act): GELU(approximate='none')
          )
        )
        (conv): Conv2d(64, 64, kernel_size=(3, 3), stride=(1, 1), padding=(1, 1))
      )
      (1): S1_TransBlock_NoMAB1(
        (lab): LAB(
          (net): Sequential(
            (0): Conv2d(64, 64, kernel_size=(1, 1), stride=(1, 1))
            (1): GELU(approximate='none')
            (2): Conv2d(64, 64, kernel_size=(3, 3), stride=(1, 1), padding=(1, 1), groups=64)
            (3): GELU(approximate='none')
            (4): ChannelAttention(
              (attention): Sequential(
                (0): AdaptiveAvgPool2d(output_size=1)
                (1): Conv2d(64, 16, kernel_size=(1, 1), stride=(1, 1))
                (2): SiLU()
                (3): Conv2d(16, 64, kernel_size=(1, 1), stride=(1, 1))
                (4): Sigmoid()
              )
            )
            (5): Conv2d(64, 64, kernel_size=(1, 1), stride=(1, 1))
          )
        )
        (mab2): MAB(
          (norm1): LayerNorm2d()
          (attn): RALA2D(
            (rope): RALARoPE()
            (attn): GateLinearAttentionNoSilu(
              (qkvo): Conv2d(64, 256, kernel_size=(1, 1), stride=(1, 1))
              (elu): ELU(alpha=1.0)
              (lepe): Conv2d(64, 64, kernel_size=(5, 5), stride=(1, 1), padding=(2, 2), groups=64)
              (proj): Conv2d(64, 64, kernel_size=(1, 1), stride=(1, 1))
            )
          )
          (norm2): LayerNorm2d()
          (ffn): MSConvStar(
            (fc1): Conv2d(64, 128, kernel_size=(1, 1), stride=(1, 1))
            (dwconv): MSDWConv(
              (proj): ModuleList(
                (0): Conv2d(32, 32, kernel_size=(1, 1), stride=(1, 1), groups=32)
                (1): Conv2d(32, 32, kernel_size=(3, 3), stride=(1, 1), padding=(1, 1), groups=32)
                (2): Conv2d(32, 32, kernel_size=(5, 5), stride=(1, 1), padding=(2, 2), groups=32)
                (3): Conv2d(32, 32, kernel_size=(7, 7), stride=(1, 1), padding=(3, 3), groups=32)
              )
            )
            (fc2): Conv2d(64, 64, kernel_size=(1, 1), stride=(1, 1))
            (act): GELU(approximate='none')
          )
        )
        (conv): Conv2d(64, 64, kernel_size=(3, 3), stride=(1, 1), padding=(1, 1))
      )
      (2): S1_TransBlock_NoMAB1(
        (lab): LAB(
          (net): Sequential(
            (0): Conv2d(64, 64, kernel_size=(1, 1), stride=(1, 1))
            (1): GELU(approximate='none')
            (2): Conv2d(64, 64, kernel_size=(3, 3), stride=(1, 1), padding=(1, 1), groups=64)
            (3): GELU(approximate='none')
            (4): ChannelAttention(
              (attention): Sequential(
                (0): AdaptiveAvgPool2d(output_size=1)
                (1): Conv2d(64, 16, kernel_size=(1, 1), stride=(1, 1))
                (2): SiLU()
                (3): Conv2d(16, 64, kernel_size=(1, 1), stride=(1, 1))
                (4): Sigmoid()
              )
            )
            (5): Conv2d(64, 64, kernel_size=(1, 1), stride=(1, 1))
          )
        )
        (mab2): MAB(
          (norm1): LayerNorm2d()
          (attn): RALA2D(
            (rope): RALARoPE()
            (attn): GateLinearAttentionNoSilu(
              (qkvo): Conv2d(64, 256, kernel_size=(1, 1), stride=(1, 1))
              (elu): ELU(alpha=1.0)
              (lepe): Conv2d(64, 64, kernel_size=(5, 5), stride=(1, 1), padding=(2, 2), groups=64)
              (proj): Conv2d(64, 64, kernel_size=(1, 1), stride=(1, 1))
            )
          )
          (norm2): LayerNorm2d()
          (ffn): MSConvStar(
            (fc1): Conv2d(64, 128, kernel_size=(1, 1), stride=(1, 1))
            (dwconv): MSDWConv(
              (proj): ModuleList(
                (0): Conv2d(32, 32, kernel_size=(1, 1), stride=(1, 1), groups=32)
                (1): Conv2d(32, 32, kernel_size=(3, 3), stride=(1, 1), padding=(1, 1), groups=32)
                (2): Conv2d(32, 32, kernel_size=(5, 5), stride=(1, 1), padding=(2, 2), groups=32)
                (3): Conv2d(32, 32, kernel_size=(7, 7), stride=(1, 1), padding=(3, 3), groups=32)
              )
            )
            (fc2): Conv2d(64, 64, kernel_size=(1, 1), stride=(1, 1))
            (act): GELU(approximate='none')
          )
        )
        (conv): Conv2d(64, 64, kernel_size=(3, 3), stride=(1, 1), padding=(1, 1))
      )
      (3): S1_TransBlock_NoMAB1(
        (lab): LAB(
          (net): Sequential(
            (0): Conv2d(64, 64, kernel_size=(1, 1), stride=(1, 1))
            (1): GELU(approximate='none')
            (2): Conv2d(64, 64, kernel_size=(3, 3), stride=(1, 1), padding=(1, 1), groups=64)
            (3): GELU(approximate='none')
            (4): ChannelAttention(
              (attention): Sequential(
                (0): AdaptiveAvgPool2d(output_size=1)
                (1): Conv2d(64, 16, kernel_size=(1, 1), stride=(1, 1))
                (2): SiLU()
                (3): Conv2d(16, 64, kernel_size=(1, 1), stride=(1, 1))
                (4): Sigmoid()
              )
            )
            (5): Conv2d(64, 64, kernel_size=(1, 1), stride=(1, 1))
          )
        )
        (mab2): MAB(
          (norm1): LayerNorm2d()
          (attn): RALA2D(
            (rope): RALARoPE()
            (attn): GateLinearAttentionNoSilu(
              (qkvo): Conv2d(64, 256, kernel_size=(1, 1), stride=(1, 1))
              (elu): ELU(alpha=1.0)
              (lepe): Conv2d(64, 64, kernel_size=(5, 5), stride=(1, 1), padding=(2, 2), groups=64)
              (proj): Conv2d(64, 64, kernel_size=(1, 1), stride=(1, 1))
            )
          )
          (norm2): LayerNorm2d()
          (ffn): MSConvStar(
            (fc1): Conv2d(64, 128, kernel_size=(1, 1), stride=(1, 1))
            (dwconv): MSDWConv(
              (proj): ModuleList(
                (0): Conv2d(32, 32, kernel_size=(1, 1), stride=(1, 1), groups=32)
                (1): Conv2d(32, 32, kernel_size=(3, 3), stride=(1, 1), padding=(1, 1), groups=32)
                (2): Conv2d(32, 32, kernel_size=(5, 5), stride=(1, 1), padding=(2, 2), groups=32)
                (3): Conv2d(32, 32, kernel_size=(7, 7), stride=(1, 1), padding=(3, 3), groups=32)
              )
            )
            (fc2): Conv2d(64, 64, kernel_size=(1, 1), stride=(1, 1))
            (act): GELU(approximate='none')
          )
        )
        (conv): Conv2d(64, 64, kernel_size=(3, 3), stride=(1, 1), padding=(1, 1))
      )
      (4): S1_TransBlock_NoMAB1(
        (lab): LAB(
          (net): Sequential(
            (0): Conv2d(64, 64, kernel_size=(1, 1), stride=(1, 1))
            (1): GELU(approximate='none')
            (2): Conv2d(64, 64, kernel_size=(3, 3), stride=(1, 1), padding=(1, 1), groups=64)
            (3): GELU(approximate='none')
            (4): ChannelAttention(
              (attention): Sequential(
                (0): AdaptiveAvgPool2d(output_size=1)
                (1): Conv2d(64, 16, kernel_size=(1, 1), stride=(1, 1))
                (2): SiLU()
                (3): Conv2d(16, 64, kernel_size=(1, 1), stride=(1, 1))
                (4): Sigmoid()
              )
            )
            (5): Conv2d(64, 64, kernel_size=(1, 1), stride=(1, 1))
          )
        )
        (mab2): MAB(
          (norm1): LayerNorm2d()
          (attn): RALA2D(
            (rope): RALARoPE()
            (attn): GateLinearAttentionNoSilu(
              (qkvo): Conv2d(64, 256, kernel_size=(1, 1), stride=(1, 1))
              (elu): ELU(alpha=1.0)
              (lepe): Conv2d(64, 64, kernel_size=(5, 5), stride=(1, 1), padding=(2, 2), groups=64)
              (proj): Conv2d(64, 64, kernel_size=(1, 1), stride=(1, 1))
            )
          )
          (norm2): LayerNorm2d()
          (ffn): MSConvStar(
            (fc1): Conv2d(64, 128, kernel_size=(1, 1), stride=(1, 1))
            (dwconv): MSDWConv(
              (proj): ModuleList(
                (0): Conv2d(32, 32, kernel_size=(1, 1), stride=(1, 1), groups=32)
                (1): Conv2d(32, 32, kernel_size=(3, 3), stride=(1, 1), padding=(1, 1), groups=32)
                (2): Conv2d(32, 32, kernel_size=(5, 5), stride=(1, 1), padding=(2, 2), groups=32)
                (3): Conv2d(32, 32, kernel_size=(7, 7), stride=(1, 1), padding=(3, 3), groups=32)
              )
            )
            (fc2): Conv2d(64, 64, kernel_size=(1, 1), stride=(1, 1))
            (act): GELU(approximate='none')
          )
        )
        (conv): Conv2d(64, 64, kernel_size=(3, 3), stride=(1, 1), padding=(1, 1))
      )
      (5): S1_TransBlock_NoMAB1(
        (lab): LAB(
          (net): Sequential(
            (0): Conv2d(64, 64, kernel_size=(1, 1), stride=(1, 1))
            (1): GELU(approximate='none')
            (2): Conv2d(64, 64, kernel_size=(3, 3), stride=(1, 1), padding=(1, 1), groups=64)
            (3): GELU(approximate='none')
            (4): ChannelAttention(
              (attention): Sequential(
                (0): AdaptiveAvgPool2d(output_size=1)
                (1): Conv2d(64, 16, kernel_size=(1, 1), stride=(1, 1))
                (2): SiLU()
                (3): Conv2d(16, 64, kernel_size=(1, 1), stride=(1, 1))
                (4): Sigmoid()
              )
            )
            (5): Conv2d(64, 64, kernel_size=(1, 1), stride=(1, 1))
          )
        )
        (mab2): MAB(
          (norm1): LayerNorm2d()
          (attn): RALA2D(
            (rope): RALARoPE()
            (attn): GateLinearAttentionNoSilu(
              (qkvo): Conv2d(64, 256, kernel_size=(1, 1), stride=(1, 1))
              (elu): ELU(alpha=1.0)
              (lepe): Conv2d(64, 64, kernel_size=(5, 5), stride=(1, 1), padding=(2, 2), groups=64)
              (proj): Conv2d(64, 64, kernel_size=(1, 1), stride=(1, 1))
            )
          )
          (norm2): LayerNorm2d()
          (ffn): MSConvStar(
            (fc1): Conv2d(64, 128, kernel_size=(1, 1), stride=(1, 1))
            (dwconv): MSDWConv(
              (proj): ModuleList(
                (0): Conv2d(32, 32, kernel_size=(1, 1), stride=(1, 1), groups=32)
                (1): Conv2d(32, 32, kernel_size=(3, 3), stride=(1, 1), padding=(1, 1), groups=32)
                (2): Conv2d(32, 32, kernel_size=(5, 5), stride=(1, 1), padding=(2, 2), groups=32)
                (3): Conv2d(32, 32, kernel_size=(7, 7), stride=(1, 1), padding=(3, 3), groups=32)
              )
            )
            (fc2): Conv2d(64, 64, kernel_size=(1, 1), stride=(1, 1))
            (act): GELU(approximate='none')
          )
        )
        (conv): Conv2d(64, 64, kernel_size=(3, 3), stride=(1, 1), padding=(1, 1))
      )
    )
    (1): Sequential(
      (0): S1_TransBlock_NoMAB1(
        (lab): LAB(
          (net): Sequential(
            (0): Conv2d(32, 32, kernel_size=(1, 1), stride=(1, 1))
            (1): GELU(approximate='none')
            (2): Conv2d(32, 32, kernel_size=(3, 3), stride=(1, 1), padding=(1, 1), groups=32)
            (3): GELU(approximate='none')
            (4): ChannelAttention(
              (attention): Sequential(
                (0): AdaptiveAvgPool2d(output_size=1)
                (1): Conv2d(32, 8, kernel_size=(1, 1), stride=(1, 1))
                (2): SiLU()
                (3): Conv2d(8, 32, kernel_size=(1, 1), stride=(1, 1))
                (4): Sigmoid()
              )
            )
            (5): Conv2d(32, 32, kernel_size=(1, 1), stride=(1, 1))
          )
        )
        (mab2): MAB(
          (norm1): LayerNorm2d()
          (attn): RALA2D(
            (rope): RALARoPE()
            (attn): GateLinearAttentionNoSilu(
              (qkvo): Conv2d(32, 128, kernel_size=(1, 1), stride=(1, 1))
              (elu): ELU(alpha=1.0)
              (lepe): Conv2d(32, 32, kernel_size=(5, 5), stride=(1, 1), padding=(2, 2), groups=32)
              (proj): Conv2d(32, 32, kernel_size=(1, 1), stride=(1, 1))
            )
          )
          (norm2): LayerNorm2d()
          (ffn): MSConvStar(
            (fc1): Conv2d(32, 64, kernel_size=(1, 1), stride=(1, 1))
            (dwconv): MSDWConv(
              (proj): ModuleList(
                (0): Conv2d(16, 16, kernel_size=(1, 1), stride=(1, 1), groups=16)
                (1): Conv2d(16, 16, kernel_size=(3, 3), stride=(1, 1), padding=(1, 1), groups=16)
                (2): Conv2d(16, 16, kernel_size=(5, 5), stride=(1, 1), padding=(2, 2), groups=16)
                (3): Conv2d(16, 16, kernel_size=(7, 7), stride=(1, 1), padding=(3, 3), groups=16)
              )
            )
            (fc2): Conv2d(32, 32, kernel_size=(1, 1), stride=(1, 1))
            (act): GELU(approximate='none')
          )
        )
        (conv): Conv2d(32, 32, kernel_size=(3, 3), stride=(1, 1), padding=(1, 1))
      )
      (1): S1_TransBlock_NoMAB1(
        (lab): LAB(
          (net): Sequential(
            (0): Conv2d(32, 32, kernel_size=(1, 1), stride=(1, 1))
            (1): GELU(approximate='none')
            (2): Conv2d(32, 32, kernel_size=(3, 3), stride=(1, 1), padding=(1, 1), groups=32)
            (3): GELU(approximate='none')
            (4): ChannelAttention(
              (attention): Sequential(
                (0): AdaptiveAvgPool2d(output_size=1)
                (1): Conv2d(32, 8, kernel_size=(1, 1), stride=(1, 1))
                (2): SiLU()
                (3): Conv2d(8, 32, kernel_size=(1, 1), stride=(1, 1))
                (4): Sigmoid()
              )
            )
            (5): Conv2d(32, 32, kernel_size=(1, 1), stride=(1, 1))
          )
        )
        (mab2): MAB(
          (norm1): LayerNorm2d()
          (attn): RALA2D(
            (rope): RALARoPE()
            (attn): GateLinearAttentionNoSilu(
              (qkvo): Conv2d(32, 128, kernel_size=(1, 1), stride=(1, 1))
              (elu): ELU(alpha=1.0)
              (lepe): Conv2d(32, 32, kernel_size=(5, 5), stride=(1, 1), padding=(2, 2), groups=32)
              (proj): Conv2d(32, 32, kernel_size=(1, 1), stride=(1, 1))
            )
          )
          (norm2): LayerNorm2d()
          (ffn): MSConvStar(
            (fc1): Conv2d(32, 64, kernel_size=(1, 1), stride=(1, 1))
            (dwconv): MSDWConv(
              (proj): ModuleList(
                (0): Conv2d(16, 16, kernel_size=(1, 1), stride=(1, 1), groups=16)
                (1): Conv2d(16, 16, kernel_size=(3, 3), stride=(1, 1), padding=(1, 1), groups=16)
                (2): Conv2d(16, 16, kernel_size=(5, 5), stride=(1, 1), padding=(2, 2), groups=16)
                (3): Conv2d(16, 16, kernel_size=(7, 7), stride=(1, 1), padding=(3, 3), groups=16)
              )
            )
            (fc2): Conv2d(32, 32, kernel_size=(1, 1), stride=(1, 1))
            (act): GELU(approximate='none')
          )
        )
        (conv): Conv2d(32, 32, kernel_size=(3, 3), stride=(1, 1), padding=(1, 1))
      )
      (2): S1_TransBlock_NoMAB1(
        (lab): LAB(
          (net): Sequential(
            (0): Conv2d(32, 32, kernel_size=(1, 1), stride=(1, 1))
            (1): GELU(approximate='none')
            (2): Conv2d(32, 32, kernel_size=(3, 3), stride=(1, 1), padding=(1, 1), groups=32)
            (3): GELU(approximate='none')
            (4): ChannelAttention(
              (attention): Sequential(
                (0): AdaptiveAvgPool2d(output_size=1)
                (1): Conv2d(32, 8, kernel_size=(1, 1), stride=(1, 1))
                (2): SiLU()
                (3): Conv2d(8, 32, kernel_size=(1, 1), stride=(1, 1))
                (4): Sigmoid()
              )
            )
            (5): Conv2d(32, 32, kernel_size=(1, 1), stride=(1, 1))
          )
        )
        (mab2): MAB(
          (norm1): LayerNorm2d()
          (attn): RALA2D(
            (rope): RALARoPE()
            (attn): GateLinearAttentionNoSilu(
              (qkvo): Conv2d(32, 128, kernel_size=(1, 1), stride=(1, 1))
              (elu): ELU(alpha=1.0)
              (lepe): Conv2d(32, 32, kernel_size=(5, 5), stride=(1, 1), padding=(2, 2), groups=32)
              (proj): Conv2d(32, 32, kernel_size=(1, 1), stride=(1, 1))
            )
          )
          (norm2): LayerNorm2d()
          (ffn): MSConvStar(
            (fc1): Conv2d(32, 64, kernel_size=(1, 1), stride=(1, 1))
            (dwconv): MSDWConv(
              (proj): ModuleList(
                (0): Conv2d(16, 16, kernel_size=(1, 1), stride=(1, 1), groups=16)
                (1): Conv2d(16, 16, kernel_size=(3, 3), stride=(1, 1), padding=(1, 1), groups=16)
                (2): Conv2d(16, 16, kernel_size=(5, 5), stride=(1, 1), padding=(2, 2), groups=16)
                (3): Conv2d(16, 16, kernel_size=(7, 7), stride=(1, 1), padding=(3, 3), groups=16)
              )
            )
            (fc2): Conv2d(32, 32, kernel_size=(1, 1), stride=(1, 1))
            (act): GELU(approximate='none')
          )
        )
        (conv): Conv2d(32, 32, kernel_size=(3, 3), stride=(1, 1), padding=(1, 1))
      )
      (3): S1_TransBlock_NoMAB1(
        (lab): LAB(
          (net): Sequential(
            (0): Conv2d(32, 32, kernel_size=(1, 1), stride=(1, 1))
            (1): GELU(approximate='none')
            (2): Conv2d(32, 32, kernel_size=(3, 3), stride=(1, 1), padding=(1, 1), groups=32)
            (3): GELU(approximate='none')
            (4): ChannelAttention(
              (attention): Sequential(
                (0): AdaptiveAvgPool2d(output_size=1)
                (1): Conv2d(32, 8, kernel_size=(1, 1), stride=(1, 1))
                (2): SiLU()
                (3): Conv2d(8, 32, kernel_size=(1, 1), stride=(1, 1))
                (4): Sigmoid()
              )
            )
            (5): Conv2d(32, 32, kernel_size=(1, 1), stride=(1, 1))
          )
        )
        (mab2): MAB(
          (norm1): LayerNorm2d()
          (attn): RALA2D(
            (rope): RALARoPE()
            (attn): GateLinearAttentionNoSilu(
              (qkvo): Conv2d(32, 128, kernel_size=(1, 1), stride=(1, 1))
              (elu): ELU(alpha=1.0)
              (lepe): Conv2d(32, 32, kernel_size=(5, 5), stride=(1, 1), padding=(2, 2), groups=32)
              (proj): Conv2d(32, 32, kernel_size=(1, 1), stride=(1, 1))
            )
          )
          (norm2): LayerNorm2d()
          (ffn): MSConvStar(
            (fc1): Conv2d(32, 64, kernel_size=(1, 1), stride=(1, 1))
            (dwconv): MSDWConv(
              (proj): ModuleList(
                (0): Conv2d(16, 16, kernel_size=(1, 1), stride=(1, 1), groups=16)
                (1): Conv2d(16, 16, kernel_size=(3, 3), stride=(1, 1), padding=(1, 1), groups=16)
                (2): Conv2d(16, 16, kernel_size=(5, 5), stride=(1, 1), padding=(2, 2), groups=16)
                (3): Conv2d(16, 16, kernel_size=(7, 7), stride=(1, 1), padding=(3, 3), groups=16)
              )
            )
            (fc2): Conv2d(32, 32, kernel_size=(1, 1), stride=(1, 1))
            (act): GELU(approximate='none')
          )
        )
        (conv): Conv2d(32, 32, kernel_size=(3, 3), stride=(1, 1), padding=(1, 1))
      )
    )
  )
  (ups): ModuleList(
    (0): UpsampleDW(
      (body): Sequential(
        (0): Conv2d(128, 128, kernel_size=(3, 3), stride=(1, 1), padding=(1, 1), groups=128, bias=False)
        (1): Conv2d(128, 256, kernel_size=(1, 1), stride=(1, 1), bias=False)
        (2): PixelShuffle(upscale_factor=2)
      )
    )
    (1): UpsampleDW(
      (body): Sequential(
        (0): Conv2d(64, 64, kernel_size=(3, 3), stride=(1, 1), padding=(1, 1), groups=64, bias=False)
        (1): Conv2d(64, 128, kernel_size=(1, 1), stride=(1, 1), bias=False)
        (2): PixelShuffle(upscale_factor=2)
      )
    )
  )
  (downs): ModuleList(
    (0): DownsampleDW(
      (body): Sequential(
        (0): Conv2d(32, 32, kernel_size=(3, 3), stride=(1, 1), padding=(1, 1), groups=32, bias=False)
        (1): Conv2d(32, 16, kernel_size=(1, 1), stride=(1, 1), bias=False)
        (2): PixelUnshuffle(downscale_factor=2)
      )
    )
    (1): DownsampleDW(
      (body): Sequential(
        (0): Conv2d(64, 64, kernel_size=(3, 3), stride=(1, 1), padding=(1, 1), groups=64, bias=False)
        (1): Conv2d(64, 32, kernel_size=(1, 1), stride=(1, 1), bias=False)
        (2): PixelUnshuffle(downscale_factor=2)
      )
    )
  )
  (middle_blks): Sequential(
    (0): StripMiddleBlock(
      (norm1): LayerNorm2d()
      (strip_attn): StripAttention(
        (proj_1): Conv2d(128, 128, kernel_size=(1, 1), stride=(1, 1))
        (activation): GELU(approximate='none')
        (spatial_gating_unit): StripModule(
          (conv0): Conv2d(128, 128, kernel_size=(5, 5), stride=(1, 1), padding=(2, 2), groups=128)
          (conv_spatial1): Conv2d(128, 128, kernel_size=(1, 47), stride=(1, 1), padding=(0, 23), groups=128)
          (conv_spatial2): Conv2d(128, 128, kernel_size=(47, 1), stride=(1, 1), padding=(23, 0), groups=128)
          (conv1): Conv2d(128, 128, kernel_size=(1, 1), stride=(1, 1))
        )
        (proj_2): Conv2d(128, 128, kernel_size=(1, 1), stride=(1, 1))
      )
      (norm2): LayerNorm2d()
      (project_in): Conv2d(128, 680, kernel_size=(1, 1), stride=(1, 1), bias=False)
      (dwconv): Conv2d(680, 680, kernel_size=(3, 3), stride=(1, 1), padding=(1, 1), groups=680, bias=False)
      (project_out): Conv2d(340, 128, kernel_size=(1, 1), stride=(1, 1), bias=False)
    )
  )
)
Preparing loss function:
1.000 * L1
✅ WandB initialized: SymUNet-Pretrain-Variants/s1_trans_rala_001_s1_trans_rala_w32

🏃 Starting training...
[Epoch 1]	Learning rate: 2.00e-4
[40/945]	[L1: 0.0933]	2.4+0.0s
[80/945]	[L1: 0.0690]	1.6+0.0s
[120/945]	[L1: 0.0608]	1.7+0.0s
[160/945]	[L1: 0.0564]	1.7+0.0s
[200/945]	[L1: 0.0532]	1.7+0.0s
[240/945]	[L1: 0.0517]	1.7+0.0s
[280/945]	[L1: 0.0500]	1.7+0.0s
[320/945]	[L1: 0.0488]	1.6+0.0s
[360/945]	[L1: 0.0485]	1.7+0.0s
[400/945]	[L1: 0.0481]	2.5+0.0s
[440/945]	[L1: 0.0474]	1.5+0.0s
[480/945]	[L1: 0.0465]	1.5+0.0s
[520/945]	[L1: 0.0459]	1.5+0.0s
[560/945]	[L1: 0.0456]	1.5+0.0s
[600/945]	[L1: 0.0456]	1.5+0.0s
[640/945]	[L1: 0.0451]	1.5+0.0s
[680/945]	[L1: 0.0448]	1.8+0.0s
[720/945]	[L1: 0.0445]	1.7+0.0s
[760/945]	[L1: 0.0440]	1.5+0.0s
[800/945]	[L1: 0.0435]	2.1+0.0s
[840/945]	[L1: 0.0432]	1.6+0.0s
[880/945]	[L1: 0.0428]	1.6+0.0s
[920/945]	[L1: 0.0425]	1.5+0.0s

Evaluation:
[UCMerced x4]	psnr: 26.541 (Best: 26.541 @epoch 1)
DEBUG: WandB check - hasattr: True, not None: True, idx_scale: 0
DEBUG: Logging to WandB - epoch: 1, psnr: 26.54107666015625
DEBUG: WandB log_validation called successfully
Total time: 2.13s

[Epoch 2]	Learning rate: 2.00e-4
[40/945]	[L1: 0.0381]	1.6+0.0s
[80/945]	[L1: 0.0366]	1.5+0.0s
[120/945]	[L1: 0.0367]	1.7+0.0s
[160/945]	[L1: 0.0371]	1.8+0.0s
[200/945]	[L1: 0.0371]	1.7+0.0s
[240/945]	[L1: 0.0373]	1.6+0.0s
[280/945]	[L1: 0.0371]	2.1+0.0s
[320/945]	[L1: 0.0372]	1.8+0.0s
[360/945]	[L1: 0.0373]	1.7+0.0s
[400/945]	[L1: 0.0374]	1.7+0.0s
[440/945]	[L1: 0.0375]	1.7+0.0s
[480/945]	[L1: 0.0372]	1.7+0.0s
[520/945]	[L1: 0.0376]	1.7+0.1s
[560/945]	[L1: 0.0374]	2.0+0.0s
[600/945]	[L1: 0.0373]	1.7+0.0s
[640/945]	[L1: 0.0375]	1.9+0.0s
[680/945]	[L1: 0.0373]	2.1+0.0s
[720/945]	[L1: 0.0374]	1.7+0.0s
[760/945]	[L1: 0.0373]	1.7+0.0s
[800/945]	[L1: 0.0369]	1.7+0.0s
[840/945]	[L1: 0.0366]	1.7+0.0s
[880/945]	[L1: 0.0365]	1.6+0.0s
[920/945]	[L1: 0.0363]	1.6+0.0s

Evaluation:
[UCMerced x4]	psnr: 26.842 (Best: 26.842 @epoch 2)
DEBUG: WandB check - hasattr: True, not None: True, idx_scale: 0
DEBUG: Logging to WandB - epoch: 2, psnr: 26.84165382385254
DEBUG: WandB log_validation called successfully
Total time: 2.09s

[Epoch 3]	Learning rate: 2.00e-4
[40/945]	[L1: 0.0341]	1.7+0.0s
[80/945]	[L1: 0.0353]	1.8+0.0s
[120/945]	[L1: 0.0359]	2.1+0.0s
[160/945]	[L1: 0.0354]	1.7+0.0s
[200/945]	[L1: 0.0352]	1.7+0.0s
[240/945]	[L1: 0.0347]	1.8+0.0s
[280/945]	[L1: 0.0346]	1.7+0.0s
[320/945]	[L1: 0.0345]	2.0+0.0s
[360/945]	[L1: 0.0345]	1.7+0.0s
[400/945]	[L1: 0.0347]	1.7+0.0s
[440/945]	[L1: 0.0345]	1.7+0.0s
[480/945]	[L1: 0.0350]	1.7+0.0s
[520/945]	[L1: 0.0351]	2.1+0.0s
[560/945]	[L1: 0.0350]	1.8+0.0s
[600/945]	[L1: 0.0349]	1.5+0.0s
[640/945]	[L1: 0.0352]	1.5+0.0s
[680/945]	[L1: 0.0354]	1.5+0.0s
[720/945]	[L1: 0.0351]	1.7+0.0s
[760/945]	[L1: 0.0351]	1.5+0.0s
[800/945]	[L1: 0.0352]	1.5+0.0s
[840/945]	[L1: 0.0351]	1.5+0.0s
[880/945]	[L1: 0.0351]	1.5+0.0s
[920/945]	[L1: 0.0351]	1.9+0.0s

Evaluation:
[UCMerced x4]	psnr: 26.922 (Best: 26.922 @epoch 3)
DEBUG: WandB check - hasattr: True, not None: True, idx_scale: 0
DEBUG: Logging to WandB - epoch: 3, psnr: 26.922367095947266
DEBUG: WandB log_validation called successfully
Total time: 2.15s

[Epoch 4]	Learning rate: 2.00e-4
[40/945]	[L1: 0.0384]	1.7+0.0s
[80/945]	[L1: 0.0357]	1.5+0.0s
[120/945]	[L1: 0.0364]	1.5+0.0s
[160/945]	[L1: 0.0357]	1.5+0.0s
[200/945]	[L1: 0.0349]	1.5+0.0s
[240/945]	[L1: 0.0351]	1.5+0.0s
[280/945]	[L1: 0.0347]	1.6+0.0s
[320/945]	[L1: 0.0347]	1.6+0.0s
[360/945]	[L1: 0.0352]	2.1+0.0s
[400/945]	[L1: 0.0349]	1.6+0.0s
[440/945]	[L1: 0.0347]	1.7+0.0s
[480/945]	[L1: 0.0351]	1.7+0.0s
[520/945]	[L1: 0.0351]	1.6+0.0s
[560/945]	[L1: 0.0350]	1.6+0.0s
[600/945]	[L1: 0.0348]	1.5+0.0s
[640/945]	[L1: 0.0348]	1.5+0.0s
[680/945]	[L1: 0.0347]	1.5+0.0s
[720/945]	[L1: 0.0347]	1.5+0.0s
[760/945]	[L1: 0.0345]	1.8+0.0s
[800/945]	[L1: 0.0345]	1.6+0.0s
[840/945]	[L1: 0.0345]	1.6+0.0s
[880/945]	[L1: 0.0346]	1.5+0.0s
[920/945]	[L1: 0.0345]	1.5+0.0s

Evaluation:
[UCMerced x4]	psnr: 26.998 (Best: 26.998 @epoch 4)
DEBUG: WandB check - hasattr: True, not None: True, idx_scale: 0
DEBUG: Logging to WandB - epoch: 4, psnr: 26.99825096130371
DEBUG: WandB log_validation called successfully
Total time: 2.01s

[Epoch 5]	Learning rate: 2.00e-4
[40/945]	[L1: 0.0312]	1.5+0.0s
[80/945]	[L1: 0.0344]	1.5+0.0s
[120/945]	[L1: 0.0346]	1.5+0.0s
[160/945]	[L1: 0.0336]	1.5+0.0s
[200/945]	[L1: 0.0342]	1.7+0.0s
[240/945]	[L1: 0.0336]	1.9+0.0s
[280/945]	[L1: 0.0336]	1.5+0.0s
[320/945]	[L1: 0.0335]	1.6+0.0s
[360/945]	[L1: 0.0334]	1.6+0.0s
[400/945]	[L1: 0.0338]	1.6+0.0s
[440/945]	[L1: 0.0337]	1.5+0.0s
[480/945]	[L1: 0.0340]	1.6+0.0s
[520/945]	[L1: 0.0338]	1.6+0.0s
[560/945]	[L1: 0.0338]	1.6+0.0s
[600/945]	[L1: 0.0339]	1.8+0.0s
[640/945]	[L1: 0.0340]	1.8+0.0s
[680/945]	[L1: 0.0342]	1.5+0.0s
[720/945]	[L1: 0.0340]	1.7+0.0s
[760/945]	[L1: 0.0339]	1.7+0.0s
[800/945]	[L1: 0.0340]	1.7+0.0s
[840/945]	[L1: 0.0340]	1.5+0.0s
[880/945]	[L1: 0.0339]	1.5+0.0s
[920/945]	[L1: 0.0340]	1.5+0.0s

Evaluation:
[UCMerced x4]	psnr: 27.093 (Best: 27.093 @epoch 5)
DEBUG: WandB check - hasattr: True, not None: True, idx_scale: 0
DEBUG: Logging to WandB - epoch: 5, psnr: 27.092674255371094
DEBUG: WandB log_validation called successfully
Total time: 2.14s

[Epoch 6]	Learning rate: 2.00e-4
[40/945]	[L1: 0.0381]	1.7+0.0s
[80/945]	[L1: 0.0345]	2.0+0.0s
[120/945]	[L1: 0.0342]	1.6+0.0s
[160/945]	[L1: 0.0352]	1.7+0.0s
[200/945]	[L1: 0.0351]	1.6+0.0s
[240/945]	[L1: 0.0351]	1.5+0.0s
[280/945]	[L1: 0.0349]	1.5+0.0s
[320/945]	[L1: 0.0347]	1.7+0.0s
[360/945]	[L1: 0.0349]	1.5+0.0s
[400/945]	[L1: 0.0352]	1.5+0.0s
[440/945]	[L1: 0.0349]	1.5+0.0s
[480/945]	[L1: 0.0349]	1.9+0.0s
[520/945]	[L1: 0.0350]	1.5+0.0s
[560/945]	[L1: 0.0348]	1.5+0.0s
[600/945]	[L1: 0.0344]	1.5+0.0s
[640/945]	[L1: 0.0345]	1.7+0.0s
[680/945]	[L1: 0.0343]	1.7+0.0s
[720/945]	[L1: 0.0341]	2.0+0.1s
[760/945]	[L1: 0.0342]	1.8+0.0s
[800/945]	[L1: 0.0341]	1.8+0.0s
[840/945]	[L1: 0.0342]	1.6+0.0s
[880/945]	[L1: 0.0340]	2.0+0.0s
[920/945]	[L1: 0.0339]	1.7+0.0s

Evaluation:
[UCMerced x4]	psnr: 27.037 (Best: 27.093 @epoch 5)
DEBUG: WandB check - hasattr: True, not None: True, idx_scale: 0
DEBUG: Logging to WandB - epoch: 6, psnr: 27.03664779663086
DEBUG: WandB log_validation called successfully
Total time: 2.01s

[Epoch 7]	Learning rate: 2.00e-4
[40/945]	[L1: 0.0330]	1.5+0.0s
[80/945]	[L1: 0.0325]	1.7+0.0s
[120/945]	[L1: 0.0320]	1.7+0.0s
[160/945]	[L1: 0.0325]	1.7+0.0s
[200/945]	[L1: 0.0321]	1.7+0.0s
[240/945]	[L1: 0.0323]	1.9+0.0s
[280/945]	[L1: 0.0329]	1.7+0.0s
[320/945]	[L1: 0.0330]	2.1+0.0s
[360/945]	[L1: 0.0329]	1.6+0.0s
[400/945]	[L1: 0.0329]	1.6+0.0s
[440/945]	[L1: 0.0331]	1.6+0.0s
[480/945]	[L1: 0.0333]	1.7+0.0s
[520/945]	[L1: 0.0334]	1.6+0.0s
[560/945]	[L1: 0.0336]	1.5+0.0s
[600/945]	[L1: 0.0336]	1.5+0.1s
[640/945]	[L1: 0.0337]	1.5+0.0s
[680/945]	[L1: 0.0337]	1.7+0.0s
[720/945]	[L1: 0.0338]	1.9+0.0s
[760/945]	[L1: 0.0337]	1.5+0.0s
[800/945]	[L1: 0.0336]	1.6+0.0s
[840/945]	[L1: 0.0338]	1.6+0.0s
[880/945]	[L1: 0.0337]	1.9+0.0s
[920/945]	[L1: 0.0336]	1.7+0.0s

Evaluation:
[UCMerced x4]	psnr: 27.204 (Best: 27.204 @epoch 7)
DEBUG: WandB check - hasattr: True, not None: True, idx_scale: 0
DEBUG: Logging to WandB - epoch: 7, psnr: 27.20372772216797
DEBUG: WandB log_validation called successfully
Total time: 2.01s

[Epoch 8]	Learning rate: 2.00e-4
[40/945]	[L1: 0.0318]	1.5+0.0s
[80/945]	[L1: 0.0341]	1.5+0.0s
[120/945]	[L1: 0.0344]	1.5+0.0s
[160/945]	[L1: 0.0339]	1.5+0.0s
[200/945]	[L1: 0.0346]	2.0+0.0s
[240/945]	[L1: 0.0342]	1.8+0.0s
[280/945]	[L1: 0.0340]	1.7+0.0s
[320/945]	[L1: 0.0342]	1.8+0.0s
[360/945]	[L1: 0.0343]	1.6+0.0s
[400/945]	[L1: 0.0340]	1.5+0.0s
[440/945]	[L1: 0.0341]	1.6+0.0s
[480/945]	[L1: 0.0340]	1.5+0.0s
[520/945]	[L1: 0.0340]	1.5+0.0s
[560/945]	[L1: 0.0340]	1.5+0.0s
[600/945]	[L1: 0.0339]	1.9+0.0s
[640/945]	[L1: 0.0337]	1.7+0.0s
[680/945]	[L1: 0.0336]	1.5+0.0s
[720/945]	[L1: 0.0336]	1.5+0.0s
[760/945]	[L1: 0.0335]	1.5+0.0s
[800/945]	[L1: 0.0336]	1.6+0.0s
[840/945]	[L1: 0.0336]	1.5+0.0s
[880/945]	[L1: 0.0334]	1.5+0.0s
[920/945]	[L1: 0.0334]	1.6+0.0s

Evaluation:
[UCMerced x4]	psnr: 27.267 (Best: 27.267 @epoch 8)
DEBUG: WandB check - hasattr: True, not None: True, idx_scale: 0
DEBUG: Logging to WandB - epoch: 8, psnr: 27.267484664916992
DEBUG: WandB log_validation called successfully
Total time: 2.18s

[Epoch 9]	Learning rate: 2.00e-4
[40/945]	[L1: 0.0340]	2.0+0.0s
[80/945]	[L1: 0.0329]	1.6+0.0s
[120/945]	[L1: 0.0319]	1.5+0.0s
[160/945]	[L1: 0.0322]	1.5+0.0s
[200/945]	[L1: 0.0327]	1.5+0.0s
[240/945]	[L1: 0.0330]	1.5+0.0s
[280/945]	[L1: 0.0332]	1.5+0.0s
[320/945]	[L1: 0.0327]	1.5+0.0s
[360/945]	[L1: 0.0324]	1.7+0.0s
[400/945]	[L1: 0.0326]	1.6+0.0s
[440/945]	[L1: 0.0325]	1.9+0.0s
[480/945]	[L1: 0.0328]	1.6+0.0s
[520/945]	[L1: 0.0326]	1.7+0.0s
[560/945]	[L1: 0.0326]	1.7+0.0s
[600/945]	[L1: 0.0326]	1.8+0.0s
[640/945]	[L1: 0.0326]	1.7+0.0s
[680/945]	[L1: 0.0328]	1.8+0.0s
[720/945]	[L1: 0.0327]	1.8+0.0s
[760/945]	[L1: 0.0328]	1.9+0.0s
[800/945]	[L1: 0.0329]	1.7+0.0s
[840/945]	[L1: 0.0330]	2.1+0.0s
[880/945]	[L1: 0.0332]	1.7+0.0s
[920/945]	[L1: 0.0332]	1.7+0.0s

Evaluation:
[UCMerced x4]	psnr: 27.333 (Best: 27.333 @epoch 9)
DEBUG: WandB check - hasattr: True, not None: True, idx_scale: 0
DEBUG: Logging to WandB - epoch: 9, psnr: 27.33282470703125
DEBUG: WandB log_validation called successfully
Total time: 2.14s

[Epoch 10]	Learning rate: 2.00e-4
[40/945]	[L1: 0.0338]	1.7+0.0s
[80/945]	[L1: 0.0335]	1.8+0.0s
[120/945]	[L1: 0.0323]	2.0+0.0s
[160/945]	[L1: 0.0322]	1.7+0.0s
[200/945]	[L1: 0.0326]	1.7+0.0s
[240/945]	[L1: 0.0331]	1.7+0.0s
[280/945]	[L1: 0.0324]	2.2+0.0s
[320/945]	[L1: 0.0324]	1.6+0.0s
[360/945]	[L1: 0.0326]	1.5+0.0s
[400/945]	[L1: 0.0323]	1.6+0.0s
[440/945]	[L1: 0.0332]	1.5+0.0s
[480/945]	[L1: 0.0328]	1.5+0.0s
[520/945]	[L1: 0.0329]	1.7+0.0s
[560/945]	[L1: 0.0329]	1.7+0.0s
[600/945]	[L1: 0.0329]	1.5+0.0s
[640/945]	[L1: 0.0327]	1.5+0.0s
[680/945]	[L1: 0.0329]	1.9+0.0s
[720/945]	[L1: 0.0332]	1.5+0.0s
[760/945]	[L1: 0.0332]	1.6+0.0s
[800/945]	[L1: 0.0333]	1.5+0.0s
[840/945]	[L1: 0.0332]	1.6+0.0s
[880/945]	[L1: 0.0332]	1.6+0.0s
[920/945]	[L1: 0.0330]	1.7+0.0s

Evaluation:
[UCMerced x4]	psnr: 27.287 (Best: 27.333 @epoch 9)
DEBUG: WandB check - hasattr: True, not None: True, idx_scale: 0
DEBUG: Logging to WandB - epoch: 10, psnr: 27.286962509155273
DEBUG: WandB log_validation called successfully
Total time: 2.00s

[Epoch 11]	Learning rate: 1.99e-4
[40/945]	[L1: 0.0373]	1.5+0.0s
[80/945]	[L1: 0.0358]	1.5+0.0s
[120/945]	[L1: 0.0345]	1.8+0.0s
[160/945]	[L1: 0.0344]	1.5+0.0s
[200/945]	[L1: 0.0339]	1.5+0.0s
[240/945]	[L1: 0.0333]	1.7+0.0s
[280/945]	[L1: 0.0333]	1.5+0.0s
[320/945]	[L1: 0.0330]	1.5+0.0s
[360/945]	[L1: 0.0331]	1.6+0.0s
[400/945]	[L1: 0.0331]	1.5+0.0s
[440/945]	[L1: 0.0331]	1.5+0.0s
[480/945]	[L1: 0.0332]	1.5+0.0s
[520/945]	[L1: 0.0329]	1.9+0.0s
[560/945]	[L1: 0.0329]	1.5+0.0s
[600/945]	[L1: 0.0334]	1.5+0.0s
[640/945]	[L1: 0.0331]	1.7+0.0s
[680/945]	[L1: 0.0330]	1.6+0.0s
[720/945]	[L1: 0.0331]	1.5+0.0s
[760/945]	[L1: 0.0331]	1.5+0.0s
[800/945]	[L1: 0.0330]	1.5+0.0s
[840/945]	[L1: 0.0329]	1.5+0.0s
[880/945]	[L1: 0.0328]	1.6+0.0s
[920/945]	[L1: 0.0328]	1.8+0.0s

Evaluation:
[UCMerced x4]	psnr: 27.343 (Best: 27.343 @epoch 11)
DEBUG: WandB check - hasattr: True, not None: True, idx_scale: 0
DEBUG: Logging to WandB - epoch: 11, psnr: 27.34322166442871
DEBUG: WandB log_validation called successfully
Total time: 2.15s

[Epoch 12]	Learning rate: 1.99e-4
[40/945]	[L1: 0.0322]	1.5+0.0s
[80/945]	[L1: 0.0332]	1.5+0.0s
[120/945]	[L1: 0.0335]	1.5+0.0s
[160/945]	[L1: 0.0334]	1.5+0.0s
[200/945]	[L1: 0.0339]	1.6+0.0s
[240/945]	[L1: 0.0336]	1.5+0.0s
[280/945]	[L1: 0.0339]	1.5+0.0s
[320/945]	[L1: 0.0343]	1.5+0.0s
[360/945]	[L1: 0.0337]	1.5+0.0s
[400/945]	[L1: 0.0333]	2.0+0.0s
[440/945]	[L1: 0.0330]	1.5+0.0s
[480/945]	[L1: 0.0331]	1.5+0.0s
[520/945]	[L1: 0.0331]	1.5+0.0s
[560/945]	[L1: 0.0331]	1.5+0.0s
[600/945]	[L1: 0.0331]	1.5+0.0s
[640/945]	[L1: 0.0329]	1.5+0.0s
[680/945]	[L1: 0.0327]	1.5+0.0s
[720/945]	[L1: 0.0326]	1.5+0.0s
[760/945]	[L1: 0.0326]	1.5+0.0s
[800/945]	[L1: 0.0326]	2.0+0.0s
[840/945]	[L1: 0.0326]	1.5+0.0s
[880/945]	[L1: 0.0327]	1.5+0.0s
[920/945]	[L1: 0.0328]	1.5+0.0s

Evaluation:
[UCMerced x4]	psnr: 27.285 (Best: 27.343 @epoch 11)
DEBUG: WandB check - hasattr: True, not None: True, idx_scale: 0
DEBUG: Logging to WandB - epoch: 12, psnr: 27.28547477722168
DEBUG: WandB log_validation called successfully
Total time: 2.01s

[Epoch 13]	Learning rate: 1.99e-4
[40/945]	[L1: 0.0360]	1.5+0.0s
[80/945]	[L1: 0.0348]	1.5+0.0s
[120/945]	[L1: 0.0335]	1.5+0.0s
[160/945]	[L1: 0.0336]	1.7+0.0s
[200/945]	[L1: 0.0332]	1.5+0.0s
[240/945]	[L1: 0.0333]	1.9+0.0s
[280/945]	[L1: 0.0338]	1.7+0.0s
[320/945]	[L1: 0.0336]	1.6+0.0s
[360/945]	[L1: 0.0336]	1.5+0.0s
[400/945]	[L1: 0.0337]	1.5+0.0s
[440/945]	[L1: 0.0335]	1.6+0.0s
[480/945]	[L1: 0.0335]	1.5+0.0s
[520/945]	[L1: 0.0335]	1.5+0.0s
[560/945]	[L1: 0.0332]	1.7+0.0s
[600/945]	[L1: 0.0330]	1.5+0.0s
[640/945]	[L1: 0.0330]	1.9+0.0s
[680/945]	[L1: 0.0330]	1.6+0.0s
[720/945]	[L1: 0.0328]	1.7+0.0s
[760/945]	[L1: 0.0327]	1.8+0.0s
[800/945]	[L1: 0.0329]	1.8+0.0s
[840/945]	[L1: 0.0328]	1.7+0.0s
[880/945]	[L1: 0.0328]	1.6+0.0s
[920/945]	[L1: 0.0327]	1.5+0.0s

Evaluation:
[UCMerced x4]	psnr: 27.411 (Best: 27.411 @epoch 13)
DEBUG: WandB check - hasattr: True, not None: True, idx_scale: 0
DEBUG: Logging to WandB - epoch: 13, psnr: 27.41082763671875
DEBUG: WandB log_validation called successfully
Total time: 2.17s

[Epoch 14]	Learning rate: 1.99e-4
[40/945]	[L1: 0.0304]	1.6+0.0s
[80/945]	[L1: 0.0302]	1.9+0.0s
[120/945]	[L1: 0.0323]	1.5+0.0s
[160/945]	[L1: 0.0324]	1.5+0.0s
[200/945]	[L1: 0.0317]	1.5+0.0s
[240/945]	[L1: 0.0317]	1.5+0.0s
[280/945]	[L1: 0.0319]	1.8+0.0s
[320/945]	[L1: 0.0320]	1.5+0.0s
[360/945]	[L1: 0.0319]	1.5+0.0s
[400/945]	[L1: 0.0321]	1.5+0.0s
[440/945]	[L1: 0.0324]	1.5+0.0s
[480/945]	[L1: 0.0323]	2.0+0.0s
[520/945]	[L1: 0.0324]	1.5+0.0s
[560/945]	[L1: 0.0321]	1.5+0.0s
[600/945]	[L1: 0.0320]	1.6+0.0s
[640/945]	[L1: 0.0322]	1.5+0.0s
[680/945]	[L1: 0.0321]	1.7+0.0s
[720/945]	[L1: 0.0321]	1.5+0.0s
[760/945]	[L1: 0.0324]	1.5+0.0s
[800/945]	[L1: 0.0326]	1.6+0.0s
[840/945]	[L1: 0.0325]	1.5+0.0s
[880/945]	[L1: 0.0326]	1.9+0.0s
[920/945]	[L1: 0.0326]	1.5+0.0s

Evaluation:
[UCMerced x4]	psnr: 27.397 (Best: 27.411 @epoch 13)
DEBUG: WandB check - hasattr: True, not None: True, idx_scale: 0
DEBUG: Logging to WandB - epoch: 14, psnr: 27.396577835083008
DEBUG: WandB log_validation called successfully
Total time: 2.01s

[Epoch 15]	Learning rate: 1.99e-4
[40/945]	[L1: 0.0318]	1.7+0.0s
[80/945]	[L1: 0.0295]	1.5+0.0s
[120/945]	[L1: 0.0289]	1.5+0.0s
[160/945]	[L1: 0.0304]	1.5+0.0s
[200/945]	[L1: 0.0301]	1.6+0.0s
[240/945]	[L1: 0.0305]	1.5+0.0s
[280/945]	[L1: 0.0307]	1.5+0.0s
[320/945]	[L1: 0.0314]	1.5+0.0s
[360/945]	[L1: 0.0316]	2.0+0.0s
[400/945]	[L1: 0.0318]	1.5+0.0s
[440/945]	[L1: 0.0317]	1.9+0.0s
[480/945]	[L1: 0.0318]	1.6+0.0s
[520/945]	[L1: 0.0318]	1.5+0.0s
[560/945]	[L1: 0.0318]	1.5+0.0s
[600/945]	[L1: 0.0318]	1.6+0.0s
[640/945]	[L1: 0.0319]	1.6+0.0s
[680/945]	[L1: 0.0319]	1.5+0.0s
[720/945]	[L1: 0.0321]	1.7+0.0s
[760/945]	[L1: 0.0322]	2.1+0.0s
[800/945]	[L1: 0.0323]	1.5+0.0s
[840/945]	[L1: 0.0323]	1.8+0.0s
[880/945]	[L1: 0.0324]	1.5+0.0s
[920/945]	[L1: 0.0324]	1.6+0.0s

Evaluation:
[UCMerced x4]	psnr: 27.451 (Best: 27.451 @epoch 15)
DEBUG: WandB check - hasattr: True, not None: True, idx_scale: 0
DEBUG: Logging to WandB - epoch: 15, psnr: 27.451242446899414
DEBUG: WandB log_validation called successfully
Total time: 2.00s

[Epoch 16]	Learning rate: 1.99e-4
[40/945]	[L1: 0.0313]	1.5+0.0s
[80/945]	[L1: 0.0318]	1.5+0.0s
[120/945]	[L1: 0.0322]	1.7+0.0s
[160/945]	[L1: 0.0320]	1.8+0.0s
[200/945]	[L1: 0.0318]	1.8+0.0s
[240/945]	[L1: 0.0315]	1.5+0.0s
[280/945]	[L1: 0.0315]	1.5+0.0s
[320/945]	[L1: 0.0315]	1.5+0.0s
[360/945]	[L1: 0.0316]	1.6+0.0s
[400/945]	[L1: 0.0315]	1.6+0.0s
[440/945]	[L1: 0.0315]	1.5+0.0s
[480/945]	[L1: 0.0313]	1.5+0.0s
[520/945]	[L1: 0.0317]	1.5+0.0s
[560/945]	[L1: 0.0318]	1.7+0.0s
[600/945]	[L1: 0.0318]	2.1+0.0s
[640/945]	[L1: 0.0317]	1.7+0.0s
[680/945]	[L1: 0.0319]	1.7+0.0s
[720/945]	[L1: 0.0318]	1.7+0.0s
[760/945]	[L1: 0.0317]	1.6+0.0s
[800/945]	[L1: 0.0318]	1.5+0.0s
[840/945]	[L1: 0.0321]	1.5+0.0s
[880/945]	[L1: 0.0320]	1.5+0.0s
[920/945]	[L1: 0.0322]	1.5+0.0s

Evaluation:
[UCMerced x4]	psnr: 27.409 (Best: 27.451 @epoch 15)
DEBUG: WandB check - hasattr: True, not None: True, idx_scale: 0
DEBUG: Logging to WandB - epoch: 16, psnr: 27.408695220947266
DEBUG: WandB log_validation called successfully
Total time: 2.16s

[Epoch 17]	Learning rate: 1.99e-4
[40/945]	[L1: 0.0345]	1.9+0.0s
[80/945]	[L1: 0.0337]	1.6+0.0s
[120/945]	[L1: 0.0318]	1.5+0.0s
[160/945]	[L1: 0.0321]	1.5+0.0s
[200/945]	[L1: 0.0324]	1.6+0.0s
[240/945]	[L1: 0.0316]	1.5+0.0s
[280/945]	[L1: 0.0316]	1.5+0.0s
[320/945]	[L1: 0.0319]	1.7+0.0s
[360/945]	[L1: 0.0322]	1.5+0.0s
[400/945]	[L1: 0.0319]	1.6+0.0s
[440/945]	[L1: 0.0321]	1.8+0.0s
[480/945]	[L1: 0.0324]	1.5+0.0s
[520/945]	[L1: 0.0325]	1.5+0.0s
[560/945]	[L1: 0.0326]	1.5+0.0s
[600/945]	[L1: 0.0327]	1.5+0.0s
[640/945]	[L1: 0.0326]	1.6+0.0s
[680/945]	[L1: 0.0326]	1.7+0.0s
[720/945]	[L1: 0.0325]	2.0+0.0s
[760/945]	[L1: 0.0325]	1.7+0.0s
[800/945]	[L1: 0.0324]	1.6+0.0s
[840/945]	[L1: 0.0324]	1.9+0.0s
[880/945]	[L1: 0.0323]	1.6+0.0s
[920/945]	[L1: 0.0323]	1.6+0.0s

Evaluation:
[UCMerced x4]	psnr: 27.455 (Best: 27.455 @epoch 17)
DEBUG: WandB check - hasattr: True, not None: True, idx_scale: 0
DEBUG: Logging to WandB - epoch: 17, psnr: 27.4547061920166
DEBUG: WandB log_validation called successfully
Total time: 2.02s

[Epoch 18]	Learning rate: 1.98e-4
[40/945]	[L1: 0.0282]	1.6+0.0s
[80/945]	[L1: 0.0312]	1.7+0.0s
[120/945]	[L1: 0.0307]	1.6+0.0s
[160/945]	[L1: 0.0321]	1.5+0.0s
[200/945]	[L1: 0.0322]	1.6+0.0s
[240/945]	[L1: 0.0326]	1.6+0.0s
[280/945]	[L1: 0.0329]	1.5+0.0s
[320/945]	[L1: 0.0330]	1.9+0.0s
[360/945]	[L1: 0.0330]	1.5+0.0s
[400/945]	[L1: 0.0326]	1.5+0.0s
[440/945]	[L1: 0.0326]	1.5+0.0s
[480/945]	[L1: 0.0325]	1.7+0.0s
[520/945]	[L1: 0.0324]	1.6+0.0s
[560/945]	[L1: 0.0325]	1.6+0.0s
[600/945]	[L1: 0.0327]	1.6+0.0s
[640/945]	[L1: 0.0325]	1.5+0.0s
[680/945]	[L1: 0.0324]	1.7+0.0s
[720/945]	[L1: 0.0323]	1.9+0.0s
[760/945]	[L1: 0.0322]	1.6+0.0s
[800/945]	[L1: 0.0321]	1.6+0.0s
[840/945]	[L1: 0.0322]	1.6+0.0s
[880/945]	[L1: 0.0322]	1.7+0.0s
[920/945]	[L1: 0.0323]	1.5+0.0s

Evaluation:
[UCMerced x4]	psnr: 27.493 (Best: 27.493 @epoch 18)
DEBUG: WandB check - hasattr: True, not None: True, idx_scale: 0
DEBUG: Logging to WandB - epoch: 18, psnr: 27.493268966674805
DEBUG: WandB log_validation called successfully
Total time: 2.02s

[Epoch 19]	Learning rate: 1.98e-4
[40/945]	[L1: 0.0281]	1.6+0.0s
[80/945]	[L1: 0.0303]	1.6+0.0s
[120/945]	[L1: 0.0309]	1.6+0.0s
[160/945]	[L1: 0.0314]	2.0+0.0s
[200/945]	[L1: 0.0315]	1.8+0.0s
[240/945]	[L1: 0.0320]	1.5+0.0s
[280/945]	[L1: 0.0324]	1.6+0.0s
[320/945]	[L1: 0.0323]	1.6+0.0s
[360/945]	[L1: 0.0322]	1.6+0.0s
[400/945]	[L1: 0.0321]	1.5+0.0s
[440/945]	[L1: 0.0322]	1.5+0.0s
[480/945]	[L1: 0.0318]	1.5+0.0s
[520/945]	[L1: 0.0320]	1.6+0.0s
[560/945]	[L1: 0.0317]	1.8+0.0s
[600/945]	[L1: 0.0318]	1.9+0.0s
[640/945]	[L1: 0.0319]	1.7+0.0s
[680/945]	[L1: 0.0319]	1.7+0.0s
[720/945]	[L1: 0.0319]	1.5+0.0s
[760/945]	[L1: 0.0321]	1.5+0.0s
[800/945]	[L1: 0.0323]	1.5+0.0s
[840/945]	[L1: 0.0322]	1.5+0.0s
[880/945]	[L1: 0.0322]	1.6+0.0s
[920/945]	[L1: 0.0321]	1.6+0.0s

Evaluation:
[UCMerced x4]	psnr: 27.457 (Best: 27.493 @epoch 18)
DEBUG: WandB check - hasattr: True, not None: True, idx_scale: 0
DEBUG: Logging to WandB - epoch: 19, psnr: 27.45704460144043
DEBUG: WandB log_validation called successfully
Total time: 2.36s

[Epoch 20]	Learning rate: 1.98e-4
[40/945]	[L1: 0.0359]	1.6+0.0s
[80/945]	[L1: 0.0344]	1.6+0.0s
[120/945]	[L1: 0.0342]	1.5+0.0s
[160/945]	[L1: 0.0331]	1.5+0.0s
[200/945]	[L1: 0.0323]	1.5+0.0s
[240/945]	[L1: 0.0327]	1.5+0.0s
[280/945]	[L1: 0.0323]	1.5+0.0s
[320/945]	[L1: 0.0323]	1.5+0.0s
[360/945]	[L1: 0.0324]	1.8+0.0s
[400/945]	[L1: 0.0322]	1.8+0.0s
[440/945]	[L1: 0.0324]	1.6+0.0s
[480/945]	[L1: 0.0324]	1.6+0.0s
[520/945]	[L1: 0.0322]	1.7+0.0s
[560/945]	[L1: 0.0321]	1.5+0.0s
[600/945]	[L1: 0.0320]	1.5+0.0s
[640/945]	[L1: 0.0319]	1.6+0.0s
[680/945]	[L1: 0.0324]	1.5+0.0s
[720/945]	[L1: 0.0323]	1.6+0.0s
[760/945]	[L1: 0.0322]	1.7+0.0s
[800/945]	[L1: 0.0322]	1.9+0.0s
[840/945]	[L1: 0.0322]	1.7+0.0s
[880/945]	[L1: 0.0321]	1.7+0.0s
[920/945]	[L1: 0.0321]	1.5+0.0s

Evaluation:
[UCMerced x4]	psnr: 27.460 (Best: 27.493 @epoch 18)
DEBUG: WandB check - hasattr: True, not None: True, idx_scale: 0
DEBUG: Logging to WandB - epoch: 20, psnr: 27.459646224975586
DEBUG: WandB log_validation called successfully
Total time: 2.02s

[Epoch 21]	Learning rate: 1.98e-4
[40/945]	[L1: 0.0310]	1.5+0.0s
[80/945]	[L1: 0.0330]	1.8+0.0s
[120/945]	[L1: 0.0319]	1.5+0.0s
[160/945]	[L1: 0.0336]	1.5+0.0s
[200/945]	[L1: 0.0333]	1.5+0.0s
[240/945]	[L1: 0.0331]	1.8+0.0s
[280/945]	[L1: 0.0330]	1.5+0.0s
[320/945]	[L1: 0.0329]	1.5+0.0s
[360/945]	[L1: 0.0329]	1.5+0.0s
[400/945]	[L1: 0.0326]	1.6+0.0s
[440/945]	[L1: 0.0328]	1.5+0.0s
[480/945]	[L1: 0.0326]	1.8+0.0s
[520/945]	[L1: 0.0325]	1.5+0.0s
[560/945]	[L1: 0.0325]	1.6+0.0s
[600/945]	[L1: 0.0323]	1.5+0.0s
[640/945]	[L1: 0.0320]	1.9+0.0s
[680/945]	[L1: 0.0319]	1.5+0.0s
[720/945]	[L1: 0.0321]	1.5+0.0s
[760/945]	[L1: 0.0320]	1.6+0.0s
[800/945]	[L1: 0.0322]	1.5+0.0s
[840/945]	[L1: 0.0321]	1.5+0.0s
[880/945]	[L1: 0.0321]	1.7+0.0s
[920/945]	[L1: 0.0320]	1.6+0.0s

Evaluation:
[UCMerced x4]	psnr: 27.472 (Best: 27.493 @epoch 18)
DEBUG: WandB check - hasattr: True, not None: True, idx_scale: 0
DEBUG: Logging to WandB - epoch: 21, psnr: 27.472440719604492
DEBUG: WandB log_validation called successfully
Total time: 2.15s

[Epoch 22]	Learning rate: 1.98e-4
[40/945]	[L1: 0.0341]	1.6+0.0s
[80/945]	[L1: 0.0310]	1.6+0.0s
[120/945]	[L1: 0.0301]	1.9+0.0s
[160/945]	[L1: 0.0306]	1.5+0.0s
[200/945]	[L1: 0.0316]	1.5+0.0s
[240/945]	[L1: 0.0314]	1.7+0.0s
[280/945]	[L1: 0.0314]	1.5+0.0s
[320/945]	[L1: 0.0316]	1.6+0.0s
[360/945]	[L1: 0.0317]	1.6+0.0s
[400/945]	[L1: 0.0316]	1.7+0.0s
[440/945]	[L1: 0.0314]	1.9+0.0s
[480/945]	[L1: 0.0314]	1.7+0.0s
[520/945]	[L1: 0.0313]	2.0+0.1s
[560/945]	[L1: 0.0317]	1.8+0.0s
[600/945]	[L1: 0.0313]	1.7+0.0s
[640/945]	[L1: 0.0312]	2.0+0.0s
[680/945]	[L1: 0.0313]	1.7+0.0s
[720/945]	[L1: 0.0313]	1.6+0.0s
[760/945]	[L1: 0.0313]	1.7+0.0s
[800/945]	[L1: 0.0313]	1.8+0.0s
[840/945]	[L1: 0.0315]	1.7+0.0s
[880/945]	[L1: 0.0318]	1.7+0.0s
[920/945]	[L1: 0.0319]	2.1+0.0s

Evaluation:
[UCMerced x4]	psnr: 27.551 (Best: 27.551 @epoch 22)
DEBUG: WandB check - hasattr: True, not None: True, idx_scale: 0
DEBUG: Logging to WandB - epoch: 22, psnr: 27.55084228515625
DEBUG: WandB log_validation called successfully
Total time: 2.33s

[Epoch 23]	Learning rate: 1.97e-4
[40/945]	[L1: 0.0315]	1.7+0.0s
[80/945]	[L1: 0.0321]	1.7+0.0s
[120/945]	[L1: 0.0318]	1.7+0.0s
[160/945]	[L1: 0.0318]	1.5+0.0s
[200/945]	[L1: 0.0317]	1.5+0.0s
[240/945]	[L1: 0.0321]	1.5+0.0s
[280/945]	[L1: 0.0320]	1.5+0.0s
[320/945]	[L1: 0.0321]	1.5+0.0s
[360/945]	[L1: 0.0319]	1.9+0.0s
[400/945]	[L1: 0.0318]	1.7+0.0s
[440/945]	[L1: 0.0317]	1.6+0.0s
[480/945]	[L1: 0.0316]	1.5+0.0s
[520/945]	[L1: 0.0315]	1.5+0.0s
[560/945]	[L1: 0.0319]	1.5+0.0s
[600/945]	[L1: 0.0320]	1.5+0.0s
[640/945]	[L1: 0.0320]	1.5+0.0s
[680/945]	[L1: 0.0321]	1.5+0.0s
[720/945]	[L1: 0.0321]	1.5+0.0s
[760/945]	[L1: 0.0323]	1.9+0.0s
[800/945]	[L1: 0.0323]	1.7+0.0s
[840/945]	[L1: 0.0322]	1.5+0.0s
[880/945]	[L1: 0.0321]	1.5+0.0s
[920/945]	[L1: 0.0320]	1.6+0.0s

Evaluation:
[UCMerced x4]	psnr: 27.545 (Best: 27.551 @epoch 22)
DEBUG: WandB check - hasattr: True, not None: True, idx_scale: 0
DEBUG: Logging to WandB - epoch: 23, psnr: 27.545347213745117
DEBUG: WandB log_validation called successfully
Total time: 2.02s

[Epoch 24]	Learning rate: 1.97e-4
[40/945]	[L1: 0.0327]	1.5+0.0s
[80/945]	[L1: 0.0332]	1.5+0.0s
[120/945]	[L1: 0.0330]	1.9+0.0s
[160/945]	[L1: 0.0326]	1.7+0.0s
[200/945]	[L1: 0.0324]	1.9+0.0s
[240/945]	[L1: 0.0318]	1.5+0.0s
[280/945]	[L1: 0.0315]	1.5+0.1s
[320/945]	[L1: 0.0312]	1.5+0.0s
[360/945]	[L1: 0.0313]	1.6+0.0s
[400/945]	[L1: 0.0314]	1.5+0.0s
[440/945]	[L1: 0.0318]	1.5+0.0s
[480/945]	[L1: 0.0316]	1.5+0.0s
[520/945]	[L1: 0.0319]	1.7+0.0s
[560/945]	[L1: 0.0319]	1.7+0.0s
[600/945]	[L1: 0.0318]	2.0+0.0s
[640/945]	[L1: 0.0317]	1.5+0.1s
[680/945]	[L1: 0.0320]	1.6+0.0s
[720/945]	[L1: 0.0318]	1.5+0.0s
[760/945]	[L1: 0.0320]	1.6+0.0s
[800/945]	[L1: 0.0318]	1.5+0.0s
[840/945]	[L1: 0.0318]	1.5+0.0s
[880/945]	[L1: 0.0318]	1.5+0.0s
[920/945]	[L1: 0.0318]	1.7+0.0s

Evaluation:
[UCMerced x4]	psnr: 27.579 (Best: 27.579 @epoch 24)
DEBUG: WandB check - hasattr: True, not None: True, idx_scale: 0
DEBUG: Logging to WandB - epoch: 24, psnr: 27.5787353515625
DEBUG: WandB log_validation called successfully
Total time: 2.02s

[Epoch 25]	Learning rate: 1.97e-4
[40/945]	[L1: 0.0298]	1.5+0.0s
[80/945]	[L1: 0.0292]	2.0+0.0s
[120/945]	[L1: 0.0300]	1.6+0.0s
[160/945]	[L1: 0.0312]	1.6+0.0s
[200/945]	[L1: 0.0317]	1.6+0.0s
[240/945]	[L1: 0.0318]	1.6+0.0s
[280/945]	[L1: 0.0319]	1.7+0.0s
[320/945]	[L1: 0.0316]	1.5+0.0s
[360/945]	[L1: 0.0314]	1.6+0.0s
[400/945]	[L1: 0.0317]	1.6+0.0s
[440/945]	[L1: 0.0317]	1.6+0.0s
[480/945]	[L1: 0.0316]	2.0+0.0s
[520/945]	[L1: 0.0319]	1.6+0.0s
[560/945]	[L1: 0.0318]	1.6+0.0s
[600/945]	[L1: 0.0316]	1.5+0.0s
[640/945]	[L1: 0.0320]	1.6+0.0s
[680/945]	[L1: 0.0321]	1.7+0.0s
[720/945]	[L1: 0.0321]	1.6+0.0s
[760/945]	[L1: 0.0318]	1.6+0.0s
[800/945]	[L1: 0.0318]	1.7+0.0s
[840/945]	[L1: 0.0319]	1.5+0.0s
[880/945]	[L1: 0.0319]	1.8+0.0s
[920/945]	[L1: 0.0317]	1.5+0.0s

Evaluation:
[UCMerced x4]	psnr: 27.573 (Best: 27.579 @epoch 24)
DEBUG: WandB check - hasattr: True, not None: True, idx_scale: 0
DEBUG: Logging to WandB - epoch: 25, psnr: 27.573423385620117
DEBUG: WandB log_validation called successfully
Total time: 2.16s

[Epoch 26]	Learning rate: 1.97e-4
[40/945]	[L1: 0.0341]	1.5+0.0s
[80/945]	[L1: 0.0339]	1.6+0.0s
[120/945]	[L1: 0.0336]	1.6+0.0s
[160/945]	[L1: 0.0342]	1.6+0.0s
[200/945]	[L1: 0.0333]	1.6+0.0s
[240/945]	[L1: 0.0328]	1.6+0.0s
[280/945]	[L1: 0.0326]	1.6+0.0s
[320/945]	[L1: 0.0323]	1.8+0.0s
[360/945]	[L1: 0.0325]	1.5+0.0s
[400/945]	[L1: 0.0322]	1.9+0.0s
[440/945]	[L1: 0.0320]	1.6+0.0s
[480/945]	[L1: 0.0323]	1.6+0.0s
[520/945]	[L1: 0.0320]	1.7+0.0s
[560/945]	[L1: 0.0318]	1.7+0.0s
[600/945]	[L1: 0.0319]	1.7+0.0s
[640/945]	[L1: 0.0317]	1.5+0.0s
[680/945]	[L1: 0.0319]	1.5+0.0s
[720/945]	[L1: 0.0320]	2.0+0.0s
[760/945]	[L1: 0.0318]	1.6+0.0s
[800/945]	[L1: 0.0319]	1.7+0.0s
[840/945]	[L1: 0.0319]	1.6+0.0s
[880/945]	[L1: 0.0319]	1.6+0.0s
[920/945]	[L1: 0.0320]	1.6+0.0s

Evaluation:
[UCMerced x4]	psnr: 27.551 (Best: 27.579 @epoch 24)
DEBUG: WandB check - hasattr: True, not None: True, idx_scale: 0
DEBUG: Logging to WandB - epoch: 26, psnr: 27.550704956054688
DEBUG: WandB log_validation called successfully
Total time: 2.02s

[Epoch 27]	Learning rate: 1.97e-4
[40/945]	[L1: 0.0329]	1.6+0.0s
[80/945]	[L1: 0.0316]	1.5+0.0s
[120/945]	[L1: 0.0317]	1.6+0.0s
[160/945]	[L1: 0.0315]	2.1+0.0s
[200/945]	[L1: 0.0307]	1.6+0.0s
[240/945]	[L1: 0.0306]	1.6+0.0s
[280/945]	[L1: 0.0312]	1.5+0.0s
[320/945]	[L1: 0.0313]	1.6+0.0s
[360/945]	[L1: 0.0318]	1.6+0.0s
[400/945]	[L1: 0.0316]	1.5+0.0s
[440/945]	[L1: 0.0316]	1.5+0.0s
[480/945]	[L1: 0.0317]	1.5+0.0s
[520/945]	[L1: 0.0315]	1.5+0.0s
[560/945]	[L1: 0.0315]	2.0+0.0s
[600/945]	[L1: 0.0315]	1.6+0.0s
[640/945]	[L1: 0.0316]	1.5+0.0s
[680/945]	[L1: 0.0313]	1.5+0.0s
[720/945]	[L1: 0.0314]	1.5+0.0s
[760/945]	[L1: 0.0312]	1.5+0.0s
[800/945]	[L1: 0.0312]	1.6+0.0s
[840/945]	[L1: 0.0313]	1.6+0.0s
[880/945]	[L1: 0.0314]	1.5+0.0s
[920/945]	[L1: 0.0316]	1.5+0.0s

Evaluation:
[UCMerced x4]	psnr: 27.578 (Best: 27.579 @epoch 24)
DEBUG: WandB check - hasattr: True, not None: True, idx_scale: 0
DEBUG: Logging to WandB - epoch: 27, psnr: 27.57822608947754
DEBUG: WandB log_validation called successfully
Total time: 2.00s

[Epoch 28]	Learning rate: 1.96e-4
[40/945]	[L1: 0.0303]	1.8+0.0s
[80/945]	[L1: 0.0307]	1.5+0.1s
[120/945]	[L1: 0.0308]	1.5+0.0s
[160/945]	[L1: 0.0307]	1.5+0.0s
[200/945]	[L1: 0.0308]	1.6+0.0s
[240/945]	[L1: 0.0308]	1.5+0.0s
[280/945]	[L1: 0.0309]	1.5+0.0s
[320/945]	[L1: 0.0304]	1.7+0.0s
[360/945]	[L1: 0.0309]	1.5+0.0s
[400/945]	[L1: 0.0312]	1.5+0.0s
[440/945]	[L1: 0.0315]	1.9+0.0s
[480/945]	[L1: 0.0316]	1.5+0.0s
[520/945]	[L1: 0.0317]	1.6+0.0s
[560/945]	[L1: 0.0316]	1.5+0.0s
[600/945]	[L1: 0.0319]	1.5+0.0s
[640/945]	[L1: 0.0316]	1.5+0.0s
[680/945]	[L1: 0.0317]	1.5+0.0s
[720/945]	[L1: 0.0318]	1.7+0.0s
[760/945]	[L1: 0.0318]	1.5+0.0s
[800/945]	[L1: 0.0318]	1.5+0.0s
[840/945]	[L1: 0.0318]	2.0+0.0s
[880/945]	[L1: 0.0316]	1.5+0.0s
[920/945]	[L1: 0.0316]	1.5+0.0s

Evaluation:
[UCMerced x4]	psnr: 27.564 (Best: 27.579 @epoch 24)
DEBUG: WandB check - hasattr: True, not None: True, idx_scale: 0
DEBUG: Logging to WandB - epoch: 28, psnr: 27.564462661743164
DEBUG: WandB log_validation called successfully
Total time: 2.00s

[Epoch 29]	Learning rate: 1.96e-4
[40/945]	[L1: 0.0298]	1.7+0.0s
[80/945]	[L1: 0.0303]	1.5+0.0s
[120/945]	[L1: 0.0307]	1.5+0.0s
[160/945]	[L1: 0.0306]	1.5+0.0s
[200/945]	[L1: 0.0309]	1.5+0.0s
[240/945]	[L1: 0.0311]	1.5+0.0s
[280/945]	[L1: 0.0318]	1.9+0.0s
[320/945]	[L1: 0.0316]	1.5+0.0s
[360/945]	[L1: 0.0318]	1.5+0.0s
[400/945]	[L1: 0.0321]	1.6+0.0s
[440/945]	[L1: 0.0319]	1.7+0.0s
[480/945]	[L1: 0.0319]	1.5+0.0s
[520/945]	[L1: 0.0320]	1.5+0.0s
[560/945]	[L1: 0.0320]	1.5+0.0s
[600/945]	[L1: 0.0317]	1.5+0.0s
[640/945]	[L1: 0.0316]	1.5+0.0s
[680/945]	[L1: 0.0316]	1.9+0.0s
[720/945]	[L1: 0.0314]	1.6+0.0s
[760/945]	[L1: 0.0313]	1.5+0.0s
[800/945]	[L1: 0.0314]	1.5+0.0s
[840/945]	[L1: 0.0313]	1.7+0.0s
[880/945]	[L1: 0.0315]	1.5+0.0s
[920/945]	[L1: 0.0316]	1.5+0.0s

Evaluation:
[UCMerced x4]	psnr: 27.619 (Best: 27.619 @epoch 29)
DEBUG: WandB check - hasattr: True, not None: True, idx_scale: 0
DEBUG: Logging to WandB - epoch: 29, psnr: 27.618743896484375
DEBUG: WandB log_validation called successfully
Total time: 2.00s

[Epoch 30]	Learning rate: 1.96e-4
[40/945]	[L1: 0.0299]	1.5+0.0s
[80/945]	[L1: 0.0313]	1.6+0.0s
[120/945]	[L1: 0.0321]	1.9+0.0s
[160/945]	[L1: 0.0320]	1.6+0.0s
[200/945]	[L1: 0.0320]	1.7+0.0s
[240/945]	[L1: 0.0317]	1.6+0.0s
[280/945]	[L1: 0.0317]	1.6+0.0s
[320/945]	[L1: 0.0316]	1.6+0.0s
[360/945]	[L1: 0.0319]	1.5+0.0s
[400/945]	[L1: 0.0316]	1.6+0.0s
[440/945]	[L1: 0.0317]	1.5+0.0s
[480/945]	[L1: 0.0316]	1.6+0.0s
[520/945]	[L1: 0.0316]	1.9+0.0s
[560/945]	[L1: 0.0317]	1.6+0.0s
[600/945]	[L1: 0.0318]	1.8+0.0s
[640/945]	[L1: 0.0319]	1.6+0.0s
[680/945]	[L1: 0.0319]	1.5+0.0s
[720/945]	[L1: 0.0319]	1.5+0.0s
[760/945]	[L1: 0.0317]	1.6+0.0s
[800/945]	[L1: 0.0316]	1.6+0.0s
[840/945]	[L1: 0.0315]	1.5+0.0s
[880/945]	[L1: 0.0314]	1.5+0.0s
[920/945]	[L1: 0.0314]	1.9+0.0s

Evaluation:
[UCMerced x4]	psnr: 27.580 (Best: 27.619 @epoch 29)
DEBUG: WandB check - hasattr: True, not None: True, idx_scale: 0
DEBUG: Logging to WandB - epoch: 30, psnr: 27.57965660095215
DEBUG: WandB log_validation called successfully
Total time: 2.15s

[Epoch 31]	Learning rate: 1.95e-4
[40/945]	[L1: 0.0324]	1.7+0.0s
[80/945]	[L1: 0.0320]	1.5+0.0s
[120/945]	[L1: 0.0315]	1.5+0.0s
[160/945]	[L1: 0.0313]	1.5+0.0s
[200/945]	[L1: 0.0311]	1.6+0.0s
[240/945]	[L1: 0.0313]	1.5+0.0s
[280/945]	[L1: 0.0311]	1.5+0.0s
[320/945]	[L1: 0.0317]	1.7+0.0s
[360/945]	[L1: 0.0316]	1.8+0.0s
[400/945]	[L1: 0.0313]	1.5+0.0s
[440/945]	[L1: 0.0310]	1.5+0.0s
[480/945]	[L1: 0.0312]	1.5+0.0s
[520/945]	[L1: 0.0313]	1.5+0.0s
[560/945]	[L1: 0.0312]	1.5+0.0s
[600/945]	[L1: 0.0314]	1.5+0.0s
[640/945]	[L1: 0.0313]	1.5+0.0s
[680/945]	[L1: 0.0313]	1.5+0.0s
[720/945]	[L1: 0.0313]	1.7+0.0s
[760/945]	[L1: 0.0314]	1.8+0.0s
[800/945]	[L1: 0.0315]	1.5+0.0s
[840/945]	[L1: 0.0316]	1.5+0.0s
[880/945]	[L1: 0.0316]	1.5+0.0s
[920/945]	[L1: 0.0316]	1.5+0.0s

Evaluation:
[UCMerced x4]	psnr: 27.606 (Best: 27.619 @epoch 29)
DEBUG: WandB check - hasattr: True, not None: True, idx_scale: 0
DEBUG: Logging to WandB - epoch: 31, psnr: 27.605899810791016
DEBUG: WandB log_validation called successfully
Total time: 2.00s

[Epoch 32]	Learning rate: 1.95e-4
[40/945]	[L1: 0.0352]	1.5+0.0s
[80/945]	[L1: 0.0332]	1.7+0.0s
[120/945]	[L1: 0.0323]	1.5+0.0s
[160/945]	[L1: 0.0313]	1.5+0.0s
[200/945]	[L1: 0.0316]	1.6+0.0s
[240/945]	[L1: 0.0318]	1.8+0.0s
[280/945]	[L1: 0.0320]	1.5+0.0s
[320/945]	[L1: 0.0320]	1.5+0.0s
[360/945]	[L1: 0.0317]	1.7+0.0s
[400/945]	[L1: 0.0315]	1.5+0.0s
[440/945]	[L1: 0.0316]	1.5+0.0s
[480/945]	[L1: 0.0315]	1.7+0.0s
[520/945]	[L1: 0.0316]	1.5+0.0s
[560/945]	[L1: 0.0314]	1.5+0.0s
[600/945]	[L1: 0.0313]	1.5+0.0s
[640/945]	[L1: 0.0312]	2.0+0.0s
[680/945]	[L1: 0.0312]	1.8+0.0s
[720/945]	[L1: 0.0312]	1.7+0.0s
[760/945]	[L1: 0.0312]	1.7+0.0s
[800/945]	[L1: 0.0313]	1.7+0.0s
[840/945]	[L1: 0.0315]	1.6+0.0s
[880/945]	[L1: 0.0313]	1.9+0.0s
[920/945]	[L1: 0.0314]	1.7+0.0s

Evaluation:
[UCMerced x4]	psnr: 27.627 (Best: 27.627 @epoch 32)
DEBUG: WandB check - hasattr: True, not None: True, idx_scale: 0
DEBUG: Logging to WandB - epoch: 32, psnr: 27.626605987548828
DEBUG: WandB log_validation called successfully
Total time: 2.01s

[Epoch 33]	Learning rate: 1.95e-4
[40/945]	[L1: 0.0292]	1.7+0.0s
[80/945]	[L1: 0.0323]	2.0+0.0s
[120/945]	[L1: 0.0307]	1.6+0.0s
[160/945]	[L1: 0.0306]	1.6+0.0s
[200/945]	[L1: 0.0314]	1.5+0.0s
[240/945]	[L1: 0.0312]	1.8+0.0s
[280/945]	[L1: 0.0311]	1.5+0.0s
[320/945]	[L1: 0.0305]	1.6+0.0s
[360/945]	[L1: 0.0306]	1.5+0.0s
[400/945]	[L1: 0.0308]	1.5+0.0s
[440/945]	[L1: 0.0310]	1.5+0.0s
[480/945]	[L1: 0.0308]	2.0+0.0s
[520/945]	[L1: 0.0308]	1.8+0.0s
[560/945]	[L1: 0.0310]	1.7+0.0s
[600/945]	[L1: 0.0308]	1.5+0.0s
[640/945]	[L1: 0.0309]	1.9+0.0s
[680/945]	[L1: 0.0309]	1.6+0.0s
[720/945]	[L1: 0.0310]	1.5+0.0s
[760/945]	[L1: 0.0311]	1.6+0.0s
[800/945]	[L1: 0.0312]	1.5+0.0s
[840/945]	[L1: 0.0313]	1.6+0.0s
[880/945]	[L1: 0.0314]	1.9+0.0s
[920/945]	[L1: 0.0314]	1.6+0.0s

Evaluation:
[UCMerced x4]	psnr: 27.661 (Best: 27.661 @epoch 33)
DEBUG: WandB check - hasattr: True, not None: True, idx_scale: 0
DEBUG: Logging to WandB - epoch: 33, psnr: 27.6605224609375
DEBUG: WandB log_validation called successfully
Total time: 2.17s

[Epoch 34]	Learning rate: 1.94e-4
[40/945]	[L1: 0.0315]	1.7+0.0s
[80/945]	[L1: 0.0309]	1.7+0.0s
[120/945]	[L1: 0.0321]	1.7+0.0s
[160/945]	[L1: 0.0319]	1.6+0.0s
[200/945]	[L1: 0.0318]	1.5+0.0s
[240/945]	[L1: 0.0319]	1.5+0.0s
[280/945]	[L1: 0.0314]	1.5+0.0s
[320/945]	[L1: 0.0318]	2.0+0.0s
[360/945]	[L1: 0.0315]	1.7+0.0s
[400/945]	[L1: 0.0313]	1.5+0.0s
[440/945]	[L1: 0.0311]	1.6+0.0s
[480/945]	[L1: 0.0314]	1.6+0.0s
[520/945]	[L1: 0.0315]	1.7+0.0s
[560/945]	[L1: 0.0317]	1.5+0.0s
[600/945]	[L1: 0.0314]	1.7+0.0s
[640/945]	[L1: 0.0315]	1.6+0.0s
[680/945]	[L1: 0.0316]	1.6+0.0s
[720/945]	[L1: 0.0315]	2.0+0.0s
[760/945]	[L1: 0.0316]	1.8+0.0s
[800/945]	[L1: 0.0318]	1.5+0.0s
[840/945]	[L1: 0.0317]	1.5+0.0s
[880/945]	[L1: 0.0316]	1.5+0.0s
[920/945]	[L1: 0.0313]	1.5+0.0s

Evaluation:
[UCMerced x4]	psnr: 27.545 (Best: 27.661 @epoch 33)
DEBUG: WandB check - hasattr: True, not None: True, idx_scale: 0
DEBUG: Logging to WandB - epoch: 34, psnr: 27.545013427734375
DEBUG: WandB log_validation called successfully
Total time: 2.07s

[Epoch 35]	Learning rate: 1.94e-4
[40/945]	[L1: 0.0310]	1.6+0.0s
[80/945]	[L1: 0.0326]	1.6+0.0s
[120/945]	[L1: 0.0323]	1.7+0.0s
[160/945]	[L1: 0.0326]	1.7+0.0s
[200/945]	[L1: 0.0322]	2.0+0.0s
[240/945]	[L1: 0.0321]	1.5+0.0s
[280/945]	[L1: 0.0328]	1.7+0.0s
[320/945]	[L1: 0.0325]	1.7+0.0s
[360/945]	[L1: 0.0322]	1.7+0.0s
[400/945]	[L1: 0.0320]	1.7+0.0s
[440/945]	[L1: 0.0320]	1.5+0.0s
[480/945]	[L1: 0.0322]	1.5+0.0s
[520/945]	[L1: 0.0320]	1.7+0.0s
[560/945]	[L1: 0.0316]	1.7+0.0s
[600/945]	[L1: 0.0315]	1.9+0.0s
[640/945]	[L1: 0.0314]	1.5+0.0s
[680/945]	[L1: 0.0315]	1.6+0.0s
[720/945]	[L1: 0.0315]	1.5+0.0s
[760/945]	[L1: 0.0316]	1.6+0.0s
[800/945]	[L1: 0.0314]	1.5+0.0s
[840/945]	[L1: 0.0315]	1.5+0.0s
[880/945]	[L1: 0.0314]	1.5+0.0s
[920/945]	[L1: 0.0313]	2.0+0.0s

Evaluation:
[UCMerced x4]	psnr: 27.527 (Best: 27.661 @epoch 33)
DEBUG: WandB check - hasattr: True, not None: True, idx_scale: 0
DEBUG: Logging to WandB - epoch: 35, psnr: 27.52659797668457
DEBUG: WandB log_validation called successfully
Total time: 2.19s

[Epoch 36]	Learning rate: 1.94e-4
[40/945]	[L1: 0.0313]	1.9+0.0s
[80/945]	[L1: 0.0323]	1.5+0.0s
[120/945]	[L1: 0.0312]	1.6+0.0s
[160/945]	[L1: 0.0307]	1.6+0.0s
[200/945]	[L1: 0.0308]	1.7+0.0s
[240/945]	[L1: 0.0310]	1.9+0.0s
[280/945]	[L1: 0.0313]	1.7+0.0s
[320/945]	[L1: 0.0317]	1.7+0.0s
[360/945]	[L1: 0.0317]	1.6+0.0s
[400/945]	[L1: 0.0317]	1.5+0.0s
[440/945]	[L1: 0.0316]	1.8+0.0s
[480/945]	[L1: 0.0316]	1.5+0.0s
[520/945]	[L1: 0.0316]	1.5+0.0s
[560/945]	[L1: 0.0315]	1.5+0.0s
[600/945]	[L1: 0.0317]	1.5+0.0s
[640/945]	[L1: 0.0316]	1.7+0.0s
[680/945]	[L1: 0.0315]	1.5+0.0s
[720/945]	[L1: 0.0316]	1.5+0.0s
[760/945]	[L1: 0.0314]	1.6+0.0s
[800/945]	[L1: 0.0314]	1.6+0.0s
[840/945]	[L1: 0.0314]	1.9+0.0s
[880/945]	[L1: 0.0314]	1.6+0.0s
[920/945]	[L1: 0.0312]	1.6+0.0s

Evaluation:
[UCMerced x4]	psnr: 27.655 (Best: 27.661 @epoch 33)
DEBUG: WandB check - hasattr: True, not None: True, idx_scale: 0
DEBUG: Logging to WandB - epoch: 36, psnr: 27.65534210205078
DEBUG: WandB log_validation called successfully
Total time: 2.17s

[Epoch 37]	Learning rate: 1.93e-4
[40/945]	[L1: 0.0311]	1.5+0.0s
[80/945]	[L1: 0.0327]	1.5+0.0s
[120/945]	[L1: 0.0331]	1.5+0.0s
[160/945]	[L1: 0.0323]	1.6+0.0s
[200/945]	[L1: 0.0323]	1.5+0.0s
[240/945]	[L1: 0.0325]	1.5+0.0s
[280/945]	[L1: 0.0321]	2.0+0.0s
[320/945]	[L1: 0.0315]	1.7+0.0s
[360/945]	[L1: 0.0318]	1.8+0.0s
[400/945]	[L1: 0.0317]	1.9+0.0s
[440/945]	[L1: 0.0315]	1.5+0.0s
[480/945]	[L1: 0.0315]	1.6+0.0s
[520/945]	[L1: 0.0313]	1.5+0.0s
[560/945]	[L1: 0.0313]	1.6+0.0s
[600/945]	[L1: 0.0312]	1.6+0.0s
[640/945]	[L1: 0.0310]	1.6+0.0s
[680/945]	[L1: 0.0313]	2.0+0.0s
[720/945]	[L1: 0.0315]	1.5+0.0s
[760/945]	[L1: 0.0316]	1.6+0.0s
[800/945]	[L1: 0.0315]	1.7+0.0s
[840/945]	[L1: 0.0314]	1.7+0.0s
[880/945]	[L1: 0.0314]	1.7+0.0s
[920/945]	[L1: 0.0313]	1.6+0.0s

Evaluation:
[UCMerced x4]	psnr: 27.684 (Best: 27.684 @epoch 37)
DEBUG: WandB check - hasattr: True, not None: True, idx_scale: 0
DEBUG: Logging to WandB - epoch: 37, psnr: 27.683917999267578
DEBUG: WandB log_validation called successfully
Total time: 2.02s

[Epoch 38]	Learning rate: 1.93e-4
[40/945]	[L1: 0.0285]	1.5+0.0s
[80/945]	[L1: 0.0315]	1.7+0.0s
[120/945]	[L1: 0.0326]	1.7+0.0s
[160/945]	[L1: 0.0318]	2.2+0.0s
[200/945]	[L1: 0.0313]	1.7+0.0s
[240/945]	[L1: 0.0311]	1.7+0.0s
[280/945]	[L1: 0.0312]	1.5+0.0s
[320/945]	[L1: 0.0315]	1.5+0.0s
[360/945]	[L1: 0.0312]	1.6+0.0s
[400/945]	[L1: 0.0313]	1.6+0.0s
[440/945]	[L1: 0.0310]	1.5+0.0s
[480/945]	[L1: 0.0310]	1.5+0.0s
[520/945]	[L1: 0.0312]	1.5+0.0s
[560/945]	[L1: 0.0311]	2.2+0.0s
[600/945]	[L1: 0.0309]	1.6+0.0s
[640/945]	[L1: 0.0311]	1.5+0.0s
[680/945]	[L1: 0.0312]	1.5+0.0s
[720/945]	[L1: 0.0314]	1.5+0.0s
[760/945]	[L1: 0.0314]	1.5+0.0s
[800/945]	[L1: 0.0314]	1.5+0.0s
[840/945]	[L1: 0.0312]	1.5+0.0s
[880/945]	[L1: 0.0312]	1.6+0.0s
[920/945]	[L1: 0.0312]	1.5+0.0s

Evaluation:
[UCMerced x4]	psnr: 27.648 (Best: 27.684 @epoch 37)
DEBUG: WandB check - hasattr: True, not None: True, idx_scale: 0
DEBUG: Logging to WandB - epoch: 38, psnr: 27.647674560546875
DEBUG: WandB log_validation called successfully
Total time: 2.02s

[Epoch 39]	Learning rate: 1.93e-4
[40/945]	[L1: 0.0328]	1.5+0.0s
[80/945]	[L1: 0.0325]	1.5+0.0s
[120/945]	[L1: 0.0308]	1.5+0.0s
[160/945]	[L1: 0.0309]	1.6+0.0s
[200/945]	[L1: 0.0313]	1.5+0.0s
[240/945]	[L1: 0.0311]	1.8+0.0s
[280/945]	[L1: 0.0307]	1.9+0.0s
[320/945]	[L1: 0.0306]	1.6+0.0s
[360/945]	[L1: 0.0308]	1.7+0.0s
[400/945]	[L1: 0.0310]	2.1+0.0s
[440/945]	[L1: 0.0309]	1.7+0.0s
[480/945]	[L1: 0.0310]	1.7+0.0s
[520/945]	[L1: 0.0310]	1.7+0.0s
[560/945]	[L1: 0.0309]	1.5+0.0s
[600/945]	[L1: 0.0309]	1.5+0.0s
[640/945]	[L1: 0.0311]	1.7+0.0s
[680/945]	[L1: 0.0314]	2.0+0.0s
[720/945]	[L1: 0.0314]	1.6+0.0s
[760/945]	[L1: 0.0315]	1.5+0.1s
[800/945]	[L1: 0.0314]	1.8+0.0s
[840/945]	[L1: 0.0316]	1.5+0.0s
[880/945]	[L1: 0.0315]	1.5+0.0s
[920/945]	[L1: 0.0315]	1.5+0.0s

Evaluation:
[UCMerced x4]	psnr: 27.682 (Best: 27.684 @epoch 37)
DEBUG: WandB check - hasattr: True, not None: True, idx_scale: 0
DEBUG: Logging to WandB - epoch: 39, psnr: 27.682222366333008
DEBUG: WandB log_validation called successfully
Total time: 2.00s

[Epoch 40]	Learning rate: 1.92e-4
[40/945]	[L1: 0.0320]	1.7+0.0s
[80/945]	[L1: 0.0325]	1.5+0.0s
[120/945]	[L1: 0.0324]	1.5+0.0s
[160/945]	[L1: 0.0319]	1.6+0.0s
[200/945]	[L1: 0.0315]	1.5+0.0s
[240/945]	[L1: 0.0315]	1.9+0.0s
[280/945]	[L1: 0.0309]	1.6+0.0s
[320/945]	[L1: 0.0308]	1.5+0.0s
[360/945]	[L1: 0.0310]	1.5+0.0s
[400/945]	[L1: 0.0307]	1.5+0.0s
[440/945]	[L1: 0.0307]	1.7+0.0s
[480/945]	[L1: 0.0307]	1.6+0.0s
[520/945]	[L1: 0.0310]	1.5+0.0s
[560/945]	[L1: 0.0311]	1.5+0.0s
[600/945]	[L1: 0.0314]	1.5+0.0s
[640/945]	[L1: 0.0312]	1.8+0.0s
[680/945]	[L1: 0.0312]	1.5+0.0s
[720/945]	[L1: 0.0312]	1.5+0.0s
[760/945]	[L1: 0.0311]	1.5+0.0s
[800/945]	[L1: 0.0311]	1.6+0.0s
[840/945]	[L1: 0.0312]	1.9+0.0s
[880/945]	[L1: 0.0314]	1.7+0.0s
[920/945]	[L1: 0.0313]	1.7+0.0s

Evaluation:
[UCMerced x4]	psnr: 27.701 (Best: 27.701 @epoch 40)
DEBUG: WandB check - hasattr: True, not None: True, idx_scale: 0
DEBUG: Logging to WandB - epoch: 40, psnr: 27.701305389404297
DEBUG: WandB log_validation called successfully
Total time: 1.99s

[Epoch 41]	Learning rate: 1.92e-4
[40/945]	[L1: 0.0251]	1.5+0.0s
[80/945]	[L1: 0.0271]	1.9+0.0s
[120/945]	[L1: 0.0306]	1.5+0.0s
[160/945]	[L1: 0.0306]	1.7+0.0s
[200/945]	[L1: 0.0300]	1.5+0.0s
[240/945]	[L1: 0.0299]	1.6+0.0s
[280/945]	[L1: 0.0302]	1.6+0.0s
[320/945]	[L1: 0.0302]	1.5+0.0s
[360/945]	[L1: 0.0306]	1.5+0.0s
[400/945]	[L1: 0.0304]	1.5+0.0s
[440/945]	[L1: 0.0304]	1.5+0.0s
[480/945]	[L1: 0.0302]	1.8+0.0s
[520/945]	[L1: 0.0305]	1.5+0.0s
[560/945]	[L1: 0.0306]	1.7+0.0s
[600/945]	[L1: 0.0306]	1.6+0.0s
[640/945]	[L1: 0.0307]	1.7+0.0s
[680/945]	[L1: 0.0309]	1.7+0.0s
[720/945]	[L1: 0.0309]	1.7+0.0s
[760/945]	[L1: 0.0308]	1.9+0.0s
[800/945]	[L1: 0.0308]	1.7+0.0s
[840/945]	[L1: 0.0310]	1.6+0.0s
[880/945]	[L1: 0.0310]	2.0+0.0s
[920/945]	[L1: 0.0311]	1.5+0.0s

Evaluation:
[UCMerced x4]	psnr: 27.707 (Best: 27.707 @epoch 41)
DEBUG: WandB check - hasattr: True, not None: True, idx_scale: 0
DEBUG: Logging to WandB - epoch: 41, psnr: 27.706846237182617
DEBUG: WandB log_validation called successfully
Total time: 2.17s

[Epoch 42]	Learning rate: 1.91e-4
[40/945]	[L1: 0.0287]	1.7+0.1s
[80/945]	[L1: 0.0297]	1.6+0.0s
[120/945]	[L1: 0.0311]	1.6+0.0s
[160/945]	[L1: 0.0313]	1.6+0.0s
[200/945]	[L1: 0.0307]	1.7+0.0s
[240/945]	[L1: 0.0311]	1.7+0.0s
[280/945]	[L1: 0.0311]	1.7+0.1s
[320/945]	[L1: 0.0311]	1.8+0.0s
[360/945]	[L1: 0.0308]	2.0+0.0s
[400/945]	[L1: 0.0311]	1.7+0.0s
[440/945]	[L1: 0.0313]	1.7+0.0s
[480/945]	[L1: 0.0311]	1.7+0.0s
[520/945]	[L1: 0.0312]	1.9+0.0s
[560/945]	[L1: 0.0310]	1.7+0.0s
[600/945]	[L1: 0.0310]	1.7+0.0s
[640/945]	[L1: 0.0309]	1.8+0.0s
[680/945]	[L1: 0.0310]	1.7+0.0s
[720/945]	[L1: 0.0308]	1.9+0.0s
[760/945]	[L1: 0.0310]	1.9+0.0s
[800/945]	[L1: 0.0309]	1.7+0.0s
[840/945]	[L1: 0.0309]	1.7+0.0s
[880/945]	[L1: 0.0309]	1.7+0.0s
[920/945]	[L1: 0.0310]	1.8+0.0s

Evaluation:
[UCMerced x4]	psnr: 27.598 (Best: 27.707 @epoch 41)
DEBUG: WandB check - hasattr: True, not None: True, idx_scale: 0
DEBUG: Logging to WandB - epoch: 42, psnr: 27.598119735717773
DEBUG: WandB log_validation called successfully
Total time: 2.15s

[Epoch 43]	Learning rate: 1.91e-4
[40/945]	[L1: 0.0322]	1.6+0.0s
[80/945]	[L1: 0.0302]	1.7+0.0s
[120/945]	[L1: 0.0298]	1.6+0.0s
[160/945]	[L1: 0.0301]	1.5+0.0s
[200/945]	[L1: 0.0295]	2.0+0.0s
[240/945]	[L1: 0.0300]	1.7+0.0s
[280/945]	[L1: 0.0300]	1.7+0.0s
[320/945]	[L1: 0.0301]	1.7+0.0s
[360/945]	[L1: 0.0305]	1.6+0.0s
[400/945]	[L1: 0.0305]	1.7+0.0s
[440/945]	[L1: 0.0303]	1.7+0.0s
[480/945]	[L1: 0.0307]	1.9+0.0s
[520/945]	[L1: 0.0307]	1.5+0.0s
[560/945]	[L1: 0.0307]	1.6+0.0s
[600/945]	[L1: 0.0310]	1.9+0.0s
[640/945]	[L1: 0.0308]	1.6+0.0s
[680/945]	[L1: 0.0307]	1.5+0.0s
[720/945]	[L1: 0.0308]	1.6+0.0s
[760/945]	[L1: 0.0307]	1.5+0.0s
[800/945]	[L1: 0.0308]	1.5+0.0s
[840/945]	[L1: 0.0309]	1.5+0.0s
[880/945]	[L1: 0.0311]	1.7+0.0s
[920/945]	[L1: 0.0310]	1.6+0.0s

Evaluation:
[UCMerced x4]	psnr: 27.706 (Best: 27.707 @epoch 41)
DEBUG: WandB check - hasattr: True, not None: True, idx_scale: 0
DEBUG: Logging to WandB - epoch: 43, psnr: 27.705738067626953
DEBUG: WandB log_validation called successfully
Total time: 2.02s

[Epoch 44]	Learning rate: 1.91e-4
[40/945]	[L1: 0.0321]	2.0+0.0s
[80/945]	[L1: 0.0306]	1.5+0.0s
[120/945]	[L1: 0.0301]	1.5+0.0s
[160/945]	[L1: 0.0300]	1.5+0.0s
[200/945]	[L1: 0.0307]	1.6+0.0s
[240/945]	[L1: 0.0308]	1.5+0.0s
[280/945]	[L1: 0.0318]	1.5+0.0s
[320/945]	[L1: 0.0317]	1.7+0.0s
[360/945]	[L1: 0.0318]	1.7+0.0s
[400/945]	[L1: 0.0320]	1.6+0.0s
[440/945]	[L1: 0.0319]	2.0+0.0s
[480/945]	[L1: 0.0318]	1.8+0.0s
[520/945]	[L1: 0.0316]	1.9+0.0s
[560/945]	[L1: 0.0316]	1.8+0.0s
[600/945]	[L1: 0.0314]	1.9+0.0s
[640/945]	[L1: 0.0313]	1.6+0.0s
[680/945]	[L1: 0.0314]	1.5+0.0s
[720/945]	[L1: 0.0312]	1.5+0.0s
[760/945]	[L1: 0.0313]	1.6+0.0s
[800/945]	[L1: 0.0312]	1.8+0.0s
[840/945]	[L1: 0.0311]	2.1+0.0s
[880/945]	[L1: 0.0311]	1.7+0.0s
[920/945]	[L1: 0.0311]	1.7+0.0s

Evaluation:
[UCMerced x4]	psnr: 27.685 (Best: 27.707 @epoch 41)
DEBUG: WandB check - hasattr: True, not None: True, idx_scale: 0
DEBUG: Logging to WandB - epoch: 44, psnr: 27.68512725830078
DEBUG: WandB log_validation called successfully
Total time: 2.16s

[Epoch 45]	Learning rate: 1.90e-4
[40/945]	[L1: 0.0299]	1.5+0.0s
[80/945]	[L1: 0.0301]	1.5+0.0s
[120/945]	[L1: 0.0302]	1.5+0.0s
[160/945]	[L1: 0.0306]	1.5+0.0s
[200/945]	[L1: 0.0305]	1.5+0.0s
[240/945]	[L1: 0.0307]	1.7+0.0s
[280/945]	[L1: 0.0311]	1.5+0.0s
[320/945]	[L1: 0.0310]	1.8+0.0s
[360/945]	[L1: 0.0310]	1.7+0.0s
[400/945]	[L1: 0.0311]	1.5+0.0s
[440/945]	[L1: 0.0313]	1.5+0.0s
[480/945]	[L1: 0.0313]	1.5+0.0s
[520/945]	[L1: 0.0311]	1.5+0.0s
[560/945]	[L1: 0.0312]	1.5+0.0s
[600/945]	[L1: 0.0312]	1.5+0.0s
[640/945]	[L1: 0.0313]	1.5+0.0s
[680/945]	[L1: 0.0312]	1.5+0.0s
[720/945]	[L1: 0.0312]	1.9+0.0s
[760/945]	[L1: 0.0312]	1.7+0.0s
[800/945]	[L1: 0.0310]	1.6+0.0s
[840/945]	[L1: 0.0311]	1.7+0.0s
[880/945]	[L1: 0.0310]	1.7+0.0s
[920/945]	[L1: 0.0309]	1.7+0.0s

Evaluation:
[UCMerced x4]	psnr: 27.672 (Best: 27.707 @epoch 41)
DEBUG: WandB check - hasattr: True, not None: True, idx_scale: 0
DEBUG: Logging to WandB - epoch: 45, psnr: 27.671688079833984
DEBUG: WandB log_validation called successfully
Total time: 2.17s

[Epoch 46]	Learning rate: 1.90e-4
[40/945]	[L1: 0.0325]	1.8+0.0s
[80/945]	[L1: 0.0325]	2.0+0.0s
[120/945]	[L1: 0.0325]	1.7+0.0s
[160/945]	[L1: 0.0315]	2.1+0.0s
[200/945]	[L1: 0.0313]	1.7+0.0s
[240/945]	[L1: 0.0314]	1.8+0.0s
[280/945]	[L1: 0.0315]	1.8+0.0s
[320/945]	[L1: 0.0312]	1.7+0.0s
[360/945]	[L1: 0.0309]	1.7+0.0s
[400/945]	[L1: 0.0311]	1.5+0.0s
[440/945]	[L1: 0.0314]	1.7+0.0s
[480/945]	[L1: 0.0317]	1.7+0.0s
[520/945]	[L1: 0.0315]	1.7+0.0s
[560/945]	[L1: 0.0315]	1.9+0.0s
[600/945]	[L1: 0.0315]	1.6+0.0s
[640/945]	[L1: 0.0312]	1.6+0.0s
[680/945]	[L1: 0.0310]	1.7+0.0s
[720/945]	[L1: 0.0309]	1.7+0.0s
[760/945]	[L1: 0.0310]	1.7+0.1s
[800/945]	[L1: 0.0311]	1.7+0.0s
[840/945]	[L1: 0.0310]	1.7+0.0s
[880/945]	[L1: 0.0310]	1.8+0.0s
[920/945]	[L1: 0.0309]	1.6+0.0s

Evaluation:
[UCMerced x4]	psnr: 27.634 (Best: 27.707 @epoch 41)
DEBUG: WandB check - hasattr: True, not None: True, idx_scale: 0
DEBUG: Logging to WandB - epoch: 46, psnr: 27.633501052856445
DEBUG: WandB log_validation called successfully
Total time: 2.08s

[Epoch 47]	Learning rate: 1.89e-4
[40/945]	[L1: 0.0370]	1.8+0.0s
[80/945]	[L1: 0.0326]	1.8+0.0s
[120/945]	[L1: 0.0320]	1.7+0.0s
[160/945]	[L1: 0.0316]	1.6+0.0s
[200/945]	[L1: 0.0317]	1.6+0.0s
[240/945]	[L1: 0.0316]	1.8+0.0s
[280/945]	[L1: 0.0317]	1.5+0.0s
[320/945]	[L1: 0.0312]	1.5+0.0s
[360/945]	[L1: 0.0310]	1.6+0.0s
[400/945]	[L1: 0.0312]	2.1+0.0s
[440/945]	[L1: 0.0309]	1.5+0.0s
[480/945]	[L1: 0.0310]	1.5+0.0s
[520/945]	[L1: 0.0311]	1.5+0.0s
[560/945]	[L1: 0.0311]	1.6+0.0s
[600/945]	[L1: 0.0309]	1.6+0.0s
[640/945]	[L1: 0.0308]	1.7+0.0s
[680/945]	[L1: 0.0307]	1.5+0.0s
[720/945]	[L1: 0.0307]	1.7+0.0s
[760/945]	[L1: 0.0307]	1.6+0.0s
[800/945]	[L1: 0.0308]	2.0+0.0s
[840/945]	[L1: 0.0307]	1.5+0.0s
[880/945]	[L1: 0.0308]	1.5+0.0s
[920/945]	[L1: 0.0309]	1.6+0.0s

Evaluation:
[UCMerced x4]	psnr: 27.713 (Best: 27.713 @epoch 47)
DEBUG: WandB check - hasattr: True, not None: True, idx_scale: 0
DEBUG: Logging to WandB - epoch: 47, psnr: 27.713193893432617
DEBUG: WandB log_validation called successfully
Total time: 2.33s

[Epoch 48]	Learning rate: 1.89e-4
[40/945]	[L1: 0.0313]	1.7+0.0s
[80/945]	[L1: 0.0328]	1.6+0.1s
[120/945]	[L1: 0.0314]	1.6+0.0s
[160/945]	[L1: 0.0311]	1.5+0.0s
[200/945]	[L1: 0.0308]	1.5+0.0s
[240/945]	[L1: 0.0307]	1.5+0.0s
[280/945]	[L1: 0.0310]	1.9+0.0s
[320/945]	[L1: 0.0312]	1.5+0.0s
[360/945]	[L1: 0.0313]	1.6+0.0s
[400/945]	[L1: 0.0311]	1.7+0.0s
[440/945]	[L1: 0.0308]	1.5+0.0s
[480/945]	[L1: 0.0308]	1.5+0.0s
[520/945]	[L1: 0.0308]	1.5+0.0s
[560/945]	[L1: 0.0307]	1.6+0.0s
[600/945]	[L1: 0.0306]	1.8+0.0s
[640/945]	[L1: 0.0307]	1.7+0.0s
[680/945]	[L1: 0.0309]	2.2+0.0s
[720/945]	[L1: 0.0309]	1.6+0.0s
[760/945]	[L1: 0.0310]	1.5+0.0s
[800/945]	[L1: 0.0310]	1.9+0.0s
[840/945]	[L1: 0.0310]	1.6+0.0s
[880/945]	[L1: 0.0309]	1.7+0.0s
[920/945]	[L1: 0.0310]	1.8+0.0s

Evaluation:
[UCMerced x4]	psnr: 27.696 (Best: 27.713 @epoch 47)
DEBUG: WandB check - hasattr: True, not None: True, idx_scale: 0
DEBUG: Logging to WandB - epoch: 48, psnr: 27.696212768554688
DEBUG: WandB log_validation called successfully
Total time: 2.07s

[Epoch 49]	Learning rate: 1.88e-4
[40/945]	[L1: 0.0328]	1.5+0.0s
[80/945]	[L1: 0.0324]	1.5+0.0s
[120/945]	[L1: 0.0324]	1.9+0.0s
[160/945]	[L1: 0.0316]	1.5+0.0s
[200/945]	[L1: 0.0316]	1.5+0.0s
[240/945]	[L1: 0.0318]	1.5+0.0s
[280/945]	[L1: 0.0314]	1.5+0.0s
[320/945]	[L1: 0.0315]	1.5+0.0s
[360/945]	[L1: 0.0316]	1.5+0.0s
[400/945]	[L1: 0.0313]	1.5+0.0s
[440/945]	[L1: 0.0312]	1.5+0.0s
[480/945]	[L1: 0.0310]	1.5+0.0s
[520/945]	[L1: 0.0310]	2.1+0.0s
[560/945]	[L1: 0.0307]	1.7+0.0s
[600/945]	[L1: 0.0309]	1.7+0.0s
[640/945]	[L1: 0.0308]	1.6+0.0s
[680/945]	[L1: 0.0310]	1.5+0.0s
[720/945]	[L1: 0.0308]	1.6+0.0s
[760/945]	[L1: 0.0310]	1.6+0.0s
[800/945]	[L1: 0.0311]	1.6+0.0s
[840/945]	[L1: 0.0310]	1.6+0.0s
[880/945]	[L1: 0.0310]	1.6+0.0s
[920/945]	[L1: 0.0309]	2.1+0.0s

Evaluation:
[UCMerced x4]	psnr: 27.664 (Best: 27.713 @epoch 47)
DEBUG: WandB check - hasattr: True, not None: True, idx_scale: 0
DEBUG: Logging to WandB - epoch: 49, psnr: 27.664159774780273
DEBUG: WandB log_validation called successfully
Total time: 2.01s

[Epoch 50]	Learning rate: 1.88e-4
[40/945]	[L1: 0.0338]	1.6+0.0s
[80/945]	[L1: 0.0324]	1.5+0.0s
[120/945]	[L1: 0.0306]	1.6+0.0s
[160/945]	[L1: 0.0303]	1.7+0.0s
[200/945]	[L1: 0.0300]	1.9+0.0s
[240/945]	[L1: 0.0303]	1.7+0.0s
[280/945]	[L1: 0.0303]	2.0+0.0s
[320/945]	[L1: 0.0304]	1.7+0.0s
[360/945]	[L1: 0.0306]	2.1+0.0s
[400/945]	[L1: 0.0303]	1.7+0.0s
[440/945]	[L1: 0.0300]	1.7+0.0s
[480/945]	[L1: 0.0301]	1.7+0.0s
[520/945]	[L1: 0.0302]	1.8+0.0s
[560/945]	[L1: 0.0304]	1.7+0.0s
[600/945]	[L1: 0.0304]	1.7+0.0s
[640/945]	[L1: 0.0304]	1.7+0.0s
[680/945]	[L1: 0.0304]	2.0+0.1s
[720/945]	[L1: 0.0305]	1.6+0.0s
[760/945]	[L1: 0.0306]	2.0+0.0s
[800/945]	[L1: 0.0307]	1.7+0.0s
[840/945]	[L1: 0.0306]	1.8+0.0s
[880/945]	[L1: 0.0306]	1.7+0.0s
[920/945]	[L1: 0.0306]	1.6+0.0s

Evaluation:
[UCMerced x4]	psnr: 27.670 (Best: 27.713 @epoch 47)
DEBUG: WandB check - hasattr: True, not None: True, idx_scale: 0
DEBUG: Logging to WandB - epoch: 50, psnr: 27.669635772705078
DEBUG: WandB log_validation called successfully
Total time: 2.37s

💾 Saved step checkpoint at step 11850
[Epoch 51]	Learning rate: 1.87e-4
[40/945]	[L1: 0.0279]	1.7+0.0s
[80/945]	[L1: 0.0295]	1.7+0.0s
[120/945]	[L1: 0.0302]	1.7+0.0s
[160/945]	[L1: 0.0319]	1.7+0.0s
[200/945]	[L1: 0.0310]	2.0+0.0s
[240/945]	[L1: 0.0310]	1.7+0.0s
[280/945]	[L1: 0.0307]	1.7+0.0s
[320/945]	[L1: 0.0304]	1.7+0.0s
[360/945]	[L1: 0.0300]	1.7+0.0s
[400/945]	[L1: 0.0302]	1.9+0.0s
[440/945]	[L1: 0.0304]	1.8+0.0s
[480/945]	[L1: 0.0304]	1.7+0.0s
[520/945]	[L1: 0.0304]	1.8+0.0s
[560/945]	[L1: 0.0305]	1.7+0.0s
[600/945]	[L1: 0.0306]	2.1+0.0s
[640/945]	[L1: 0.0306]	1.6+0.0s
[680/945]	[L1: 0.0308]	1.5+0.0s
[720/945]	[L1: 0.0308]	1.6+0.0s
[760/945]	[L1: 0.0308]	1.5+0.0s
[800/945]	[L1: 0.0307]	1.7+0.0s
[840/945]	[L1: 0.0307]	1.9+0.0s
[880/945]	[L1: 0.0307]	1.7+0.0s
[920/945]	[L1: 0.0306]	1.6+0.0s

Evaluation:
[UCMerced x4]	psnr: 27.755 (Best: 27.755 @epoch 51)
DEBUG: WandB check - hasattr: True, not None: True, idx_scale: 0
DEBUG: Logging to WandB - epoch: 51, psnr: 27.75450325012207
DEBUG: WandB log_validation called successfully
Total time: 2.01s

[Epoch 52]	Learning rate: 1.87e-4
[40/945]	[L1: 0.0304]	1.5+0.0s
[80/945]	[L1: 0.0316]	1.9+0.0s
[120/945]	[L1: 0.0315]	1.5+0.0s
[160/945]	[L1: 0.0315]	1.7+0.0s
[200/945]	[L1: 0.0312]	1.5+0.0s
[240/945]	[L1: 0.0309]	1.5+0.0s
[280/945]	[L1: 0.0308]	1.5+0.0s
[320/945]	[L1: 0.0312]	1.6+0.0s
[360/945]	[L1: 0.0309]	1.5+0.0s
[400/945]	[L1: 0.0308]	1.5+0.0s
[440/945]	[L1: 0.0311]	1.5+0.0s
[480/945]	[L1: 0.0312]	1.9+0.0s
[520/945]	[L1: 0.0311]	1.5+0.0s
[560/945]	[L1: 0.0311]	1.7+0.0s
[600/945]	[L1: 0.0312]	1.5+0.0s
[640/945]	[L1: 0.0311]	1.5+0.0s
[680/945]	[L1: 0.0311]	1.6+0.0s
[720/945]	[L1: 0.0311]	1.5+0.0s
[760/945]	[L1: 0.0310]	1.5+0.0s
[800/945]	[L1: 0.0309]	1.5+0.0s
[840/945]	[L1: 0.0310]	1.6+0.0s
[880/945]	[L1: 0.0309]	1.9+0.0s
[920/945]	[L1: 0.0307]	1.6+0.0s

Evaluation:
[UCMerced x4]	psnr: 27.768 (Best: 27.768 @epoch 52)
DEBUG: WandB check - hasattr: True, not None: True, idx_scale: 0
DEBUG: Logging to WandB - epoch: 52, psnr: 27.767614364624023
DEBUG: WandB log_validation called successfully
Total time: 2.16s

[Epoch 53]	Learning rate: 1.86e-4
[40/945]	[L1: 0.0305]	1.7+0.0s
[80/945]	[L1: 0.0312]	1.5+0.0s
[120/945]	[L1: 0.0312]	1.5+0.0s
[160/945]	[L1: 0.0307]	1.6+0.0s
[200/945]	[L1: 0.0300]	1.6+0.0s
[240/945]	[L1: 0.0300]	1.6+0.0s
[280/945]	[L1: 0.0297]	1.6+0.0s
[320/945]	[L1: 0.0297]	2.1+0.0s
[360/945]	[L1: 0.0302]	1.6+0.0s
[400/945]	[L1: 0.0302]	1.6+0.0s
[440/945]	[L1: 0.0304]	1.5+0.0s
[480/945]	[L1: 0.0302]	1.6+0.0s
[520/945]	[L1: 0.0305]	1.5+0.0s
[560/945]	[L1: 0.0303]	1.6+0.0s
[600/945]	[L1: 0.0306]	1.5+0.0s
[640/945]	[L1: 0.0307]	1.5+0.0s
[680/945]	[L1: 0.0307]	1.5+0.0s
[720/945]	[L1: 0.0306]	2.1+0.0s
[760/945]	[L1: 0.0306]	1.6+0.0s
[800/945]	[L1: 0.0306]	1.6+0.0s
[840/945]	[L1: 0.0307]	1.6+0.1s
[880/945]	[L1: 0.0308]	1.5+0.0s
[920/945]	[L1: 0.0307]	1.6+0.0s

Evaluation:
[UCMerced x4]	psnr: 27.753 (Best: 27.768 @epoch 52)
DEBUG: WandB check - hasattr: True, not None: True, idx_scale: 0
DEBUG: Logging to WandB - epoch: 53, psnr: 27.752538681030273
DEBUG: WandB log_validation called successfully
Total time: 2.04s

[Epoch 54]	Learning rate: 1.86e-4
[40/945]	[L1: 0.0313]	1.8+0.0s
[80/945]	[L1: 0.0317]	1.7+0.0s
[120/945]	[L1: 0.0321]	1.8+0.0s
[160/945]	[L1: 0.0315]	2.1+0.0s
[200/945]	[L1: 0.0309]	1.7+0.0s
[240/945]	[L1: 0.0307]	1.5+0.0s
[280/945]	[L1: 0.0305]	1.5+0.0s
[320/945]	[L1: 0.0305]	1.5+0.0s
[360/945]	[L1: 0.0304]	1.6+0.0s
[400/945]	[L1: 0.0304]	1.6+0.0s
[440/945]	[L1: 0.0303]	2.0+0.1s
[480/945]	[L1: 0.0303]	1.7+0.0s
[520/945]	[L1: 0.0305]	1.7+0.0s
[560/945]	[L1: 0.0305]	2.1+0.0s
[600/945]	[L1: 0.0303]	1.7+0.0s
[640/945]	[L1: 0.0305]	1.7+0.0s
[680/945]	[L1: 0.0306]	1.7+0.0s
[720/945]	[L1: 0.0305]	1.7+0.0s
[760/945]	[L1: 0.0306]	1.5+0.0s
[800/945]	[L1: 0.0304]	1.5+0.0s
[840/945]	[L1: 0.0306]	1.7+0.0s
[880/945]	[L1: 0.0306]	1.5+0.0s
[920/945]	[L1: 0.0307]	1.5+0.1s

Evaluation:
[UCMerced x4]	psnr: 27.721 (Best: 27.768 @epoch 52)
DEBUG: WandB check - hasattr: True, not None: True, idx_scale: 0
DEBUG: Logging to WandB - epoch: 54, psnr: 27.721311569213867
DEBUG: WandB log_validation called successfully
Total time: 2.02s

[Epoch 55]	Learning rate: 1.85e-4
[40/945]	[L1: 0.0303]	2.0+0.0s
[80/945]	[L1: 0.0313]	1.7+0.0s
[120/945]	[L1: 0.0308]	1.5+0.0s
[160/945]	[L1: 0.0303]	1.5+0.0s
[200/945]	[L1: 0.0304]	1.7+0.0s
[240/945]	[L1: 0.0304]	1.5+0.0s
[280/945]	[L1: 0.0305]	1.5+0.0s
[320/945]	[L1: 0.0304]	1.5+0.0s
[360/945]	[L1: 0.0306]	1.6+0.0s
[400/945]	[L1: 0.0307]	1.6+0.0s
[440/945]	[L1: 0.0307]	2.3+0.0s
[480/945]	[L1: 0.0310]	1.7+0.0s
[520/945]	[L1: 0.0309]	1.7+0.0s
[560/945]	[L1: 0.0308]	1.7+0.0s
[600/945]	[L1: 0.0306]	2.0+0.0s
[640/945]	[L1: 0.0305]	1.7+0.0s
[680/945]	[L1: 0.0304]	1.7+0.0s
[720/945]	[L1: 0.0305]	1.7+0.0s
[760/945]	[L1: 0.0305]	1.7+0.0s
[800/945]	[L1: 0.0305]	1.7+0.0s
[840/945]	[L1: 0.0306]	1.9+0.0s
[880/945]	[L1: 0.0306]	1.6+0.0s
[920/945]	[L1: 0.0306]	1.5+0.0s

Evaluation:
[UCMerced x4]	psnr: 27.726 (Best: 27.768 @epoch 52)
DEBUG: WandB check - hasattr: True, not None: True, idx_scale: 0
DEBUG: Logging to WandB - epoch: 55, psnr: 27.72557830810547
DEBUG: WandB log_validation called successfully
Total time: 2.14s

[Epoch 56]	Learning rate: 1.85e-4
[40/945]	[L1: 0.0264]	1.5+0.0s
[80/945]	[L1: 0.0293]	1.5+0.0s
[120/945]	[L1: 0.0294]	1.6+0.0s
[160/945]	[L1: 0.0294]	1.6+0.0s
[200/945]	[L1: 0.0303]	1.6+0.0s
[240/945]	[L1: 0.0302]	1.5+0.0s
[280/945]	[L1: 0.0302]	1.9+0.0s
[320/945]	[L1: 0.0301]	1.7+0.0s
[360/945]	[L1: 0.0305]	1.5+0.0s
[400/945]	[L1: 0.0306]	1.5+0.0s
[440/945]	[L1: 0.0308]	1.6+0.0s
[480/945]	[L1: 0.0307]	1.5+0.0s
[520/945]	[L1: 0.0305]	1.5+0.0s
[560/945]	[L1: 0.0304]	1.5+0.0s
[600/945]	[L1: 0.0305]	1.5+0.0s
[640/945]	[L1: 0.0305]	1.6+0.0s
[680/945]	[L1: 0.0305]	2.0+0.0s
[720/945]	[L1: 0.0305]	1.7+0.0s
[760/945]	[L1: 0.0306]	1.5+0.0s
[800/945]	[L1: 0.0307]	1.5+0.0s
[840/945]	[L1: 0.0307]	1.5+0.0s
[880/945]	[L1: 0.0307]	1.5+0.0s
[920/945]	[L1: 0.0305]	1.5+0.0s

Evaluation:
[UCMerced x4]	psnr: 27.716 (Best: 27.768 @epoch 52)
DEBUG: WandB check - hasattr: True, not None: True, idx_scale: 0
DEBUG: Logging to WandB - epoch: 56, psnr: 27.716331481933594
DEBUG: WandB log_validation called successfully
Total time: 2.01s

[Epoch 57]	Learning rate: 1.84e-4
[40/945]	[L1: 0.0265]	1.5+0.0s
[80/945]	[L1: 0.0292]	1.7+0.0s
[120/945]	[L1: 0.0296]	1.9+0.0s
[160/945]	[L1: 0.0297]	1.7+0.0s
[200/945]	[L1: 0.0298]	1.5+0.0s
[240/945]	[L1: 0.0310]	1.6+0.0s
[280/945]	[L1: 0.0310]	1.5+0.0s
[320/945]	[L1: 0.0309]	1.5+0.0s
[360/945]	[L1: 0.0308]	1.5+0.0s
[400/945]	[L1: 0.0304]	1.5+0.0s
[440/945]	[L1: 0.0302]	1.5+0.0s
[480/945]	[L1: 0.0300]	1.8+0.0s
[520/945]	[L1: 0.0302]	2.0+0.0s
[560/945]	[L1: 0.0301]	1.5+0.0s
[600/945]	[L1: 0.0302]	1.6+0.0s
[640/945]	[L1: 0.0302]	1.6+0.0s
[680/945]	[L1: 0.0305]	1.6+0.0s
[720/945]	[L1: 0.0306]	1.5+0.0s
[760/945]	[L1: 0.0306]	1.6+0.0s
[800/945]	[L1: 0.0306]	1.6+0.0s
[840/945]	[L1: 0.0307]	1.5+0.0s
[880/945]	[L1: 0.0306]	2.0+0.0s
[920/945]	[L1: 0.0306]	2.2+0.0s

Evaluation:
[UCMerced x4]	psnr: 27.744 (Best: 27.768 @epoch 52)
DEBUG: WandB check - hasattr: True, not None: True, idx_scale: 0
DEBUG: Logging to WandB - epoch: 57, psnr: 27.743528366088867
DEBUG: WandB log_validation called successfully
Total time: 2.13s

[Epoch 58]	Learning rate: 1.84e-4
[40/945]	[L1: 0.0269]	1.5+0.0s
[80/945]	[L1: 0.0278]	1.5+0.0s
[120/945]	[L1: 0.0283]	1.6+0.0s
[160/945]	[L1: 0.0286]	1.9+0.0s
[200/945]	[L1: 0.0290]	1.7+0.0s
[240/945]	[L1: 0.0294]	1.9+0.0s
[280/945]	[L1: 0.0294]	1.6+0.0s
[320/945]	[L1: 0.0294]	1.5+0.0s
[360/945]	[L1: 0.0293]	1.5+0.0s
[400/945]	[L1: 0.0294]	1.9+0.0s
[440/945]	[L1: 0.0293]	1.5+0.0s
[480/945]	[L1: 0.0295]	1.7+0.0s
[520/945]	[L1: 0.0294]	1.6+0.0s
[560/945]	[L1: 0.0295]	1.6+0.0s
[600/945]	[L1: 0.0297]	1.8+0.0s
[640/945]	[L1: 0.0301]	2.1+0.0s
[680/945]	[L1: 0.0301]	1.9+0.1s
[720/945]	[L1: 0.0302]	1.9+0.1s
[760/945]	[L1: 0.0303]	1.9+0.1s
[800/945]	[L1: 0.0303]	2.6+0.1s
[840/945]	[L1: 0.0304]	1.6+0.0s
[880/945]	[L1: 0.0306]	1.5+0.0s
[920/945]	[L1: 0.0305]	1.5+0.0s

Evaluation:
[UCMerced x4]	psnr: 27.726 (Best: 27.768 @epoch 52)
DEBUG: WandB check - hasattr: True, not None: True, idx_scale: 0
DEBUG: Logging to WandB - epoch: 58, psnr: 27.7260684967041
DEBUG: WandB log_validation called successfully
Total time: 2.16s

[Epoch 59]	Learning rate: 1.83e-4
[40/945]	[L1: 0.0287]	1.5+0.0s
[80/945]	[L1: 0.0302]	1.5+0.0s
[120/945]	[L1: 0.0300]	1.7+0.0s
[160/945]	[L1: 0.0299]	1.6+0.1s
[200/945]	[L1: 0.0301]	1.5+0.0s
[240/945]	[L1: 0.0304]	2.1+0.0s
[280/945]	[L1: 0.0310]	1.8+0.0s
[320/945]	[L1: 0.0312]	1.7+0.0s
[360/945]	[L1: 0.0311]	2.1+0.1s
[400/945]	[L1: 0.0309]	1.8+0.1s
[440/945]	[L1: 0.0307]	1.5+0.0s
[480/945]	[L1: 0.0306]	1.6+0.0s
[520/945]	[L1: 0.0307]	1.6+0.0s
[560/945]	[L1: 0.0307]	1.6+0.0s
[600/945]	[L1: 0.0306]	1.7+0.0s
[640/945]	[L1: 0.0306]	1.9+0.0s
[680/945]	[L1: 0.0305]	1.6+0.0s
[720/945]	[L1: 0.0305]	1.6+0.0s
[760/945]	[L1: 0.0307]	1.7+0.0s
[800/945]	[L1: 0.0307]	1.6+0.0s
[840/945]	[L1: 0.0306]	1.6+0.0s
[880/945]	[L1: 0.0307]	1.5+0.0s
[920/945]	[L1: 0.0306]	1.7+0.0s

Evaluation:
[UCMerced x4]	psnr: 27.745 (Best: 27.768 @epoch 52)
DEBUG: WandB check - hasattr: True, not None: True, idx_scale: 0
DEBUG: Logging to WandB - epoch: 59, psnr: 27.74529457092285
DEBUG: WandB log_validation called successfully
Total time: 2.02s

[Epoch 60]	Learning rate: 1.82e-4
[40/945]	[L1: 0.0348]	1.6+0.0s
[80/945]	[L1: 0.0319]	2.0+0.0s
[120/945]	[L1: 0.0316]	1.7+0.0s
[160/945]	[L1: 0.0312]	1.6+0.0s
[200/945]	[L1: 0.0303]	1.6+0.0s
[240/945]	[L1: 0.0307]	1.6+0.0s
[280/945]	[L1: 0.0306]	1.5+0.0s
[320/945]	[L1: 0.0305]	1.6+0.0s
[360/945]	[L1: 0.0306]	1.6+0.0s
[400/945]	[L1: 0.0303]	1.6+0.0s
[440/945]	[L1: 0.0303]	1.5+0.0s
[480/945]	[L1: 0.0305]	1.8+0.0s
[520/945]	[L1: 0.0305]	1.7+0.0s
[560/945]	[L1: 0.0306]	1.6+0.0s
[600/945]	[L1: 0.0305]	1.6+0.0s
[640/945]	[L1: 0.0304]	1.6+0.0s
[680/945]	[L1: 0.0304]	1.6+0.0s
[720/945]	[L1: 0.0305]	1.7+0.0s
[760/945]	[L1: 0.0306]	1.6+0.0s
[800/945]	[L1: 0.0306]	1.5+0.0s
[840/945]	[L1: 0.0305]	1.6+0.0s
[880/945]	[L1: 0.0304]	2.1+0.0s
[920/945]	[L1: 0.0305]	1.7+0.0s

Evaluation:
[UCMerced x4]	psnr: 27.781 (Best: 27.781 @epoch 60)
DEBUG: WandB check - hasattr: True, not None: True, idx_scale: 0
DEBUG: Logging to WandB - epoch: 60, psnr: 27.78099822998047
DEBUG: WandB log_validation called successfully
Total time: 2.02s

[Epoch 61]	Learning rate: 1.82e-4
[40/945]	[L1: 0.0298]	1.6+0.0s
[80/945]	[L1: 0.0303]	1.5+0.0s
[120/945]	[L1: 0.0308]	1.6+0.0s
[160/945]	[L1: 0.0303]	1.5+0.0s
[200/945]	[L1: 0.0302]	1.6+0.0s
[240/945]	[L1: 0.0302]	1.7+0.0s
[280/945]	[L1: 0.0299]	1.6+0.0s
[320/945]	[L1: 0.0296]	2.0+0.0s
[360/945]	[L1: 0.0296]	1.7+0.0s
[400/945]	[L1: 0.0295]	1.7+0.0s
[440/945]	[L1: 0.0295]	1.8+0.0s
[480/945]	[L1: 0.0296]	1.7+0.0s
[520/945]	[L1: 0.0297]	1.7+0.0s
[560/945]	[L1: 0.0298]	1.7+0.0s
[600/945]	[L1: 0.0301]	1.6+0.0s
[640/945]	[L1: 0.0304]	2.0+0.1s
[680/945]	[L1: 0.0304]	1.7+0.0s
[720/945]	[L1: 0.0303]	2.1+0.0s
[760/945]	[L1: 0.0303]	1.7+0.0s
[800/945]	[L1: 0.0304]	1.8+0.0s
[840/945]	[L1: 0.0304]	1.7+0.0s
[880/945]	[L1: 0.0303]	1.6+0.0s
[920/945]	[L1: 0.0304]	1.5+0.0s

Evaluation:
[UCMerced x4]	psnr: 27.775 (Best: 27.781 @epoch 60)
DEBUG: WandB check - hasattr: True, not None: True, idx_scale: 0
DEBUG: Logging to WandB - epoch: 61, psnr: 27.775386810302734
DEBUG: WandB log_validation called successfully
Total time: 2.43s

[Epoch 62]	Learning rate: 1.81e-4
[40/945]	[L1: 0.0292]	1.7+0.0s
[80/945]	[L1: 0.0287]	1.7+0.0s
[120/945]	[L1: 0.0297]	1.7+0.0s
[160/945]	[L1: 0.0297]	1.7+0.0s
[200/945]	[L1: 0.0297]	2.2+0.0s
[240/945]	[L1: 0.0291]	1.7+0.0s
[280/945]	[L1: 0.0294]	1.5+0.0s
[320/945]	[L1: 0.0300]	1.5+0.0s
[360/945]	[L1: 0.0296]	1.5+0.0s
[400/945]	[L1: 0.0297]	1.9+0.0s
[440/945]	[L1: 0.0301]	1.9+0.0s
[480/945]	[L1: 0.0303]	1.8+0.0s
[520/945]	[L1: 0.0303]	1.7+0.0s
[560/945]	[L1: 0.0301]	1.7+0.0s
[600/945]	[L1: 0.0303]	2.0+0.0s
[640/945]	[L1: 0.0303]	1.6+0.0s
[680/945]	[L1: 0.0302]	1.6+0.0s
[720/945]	[L1: 0.0303]	1.5+0.0s
[760/945]	[L1: 0.0304]	1.7+0.0s
[800/945]	[L1: 0.0305]	1.7+0.0s
[840/945]	[L1: 0.0305]	1.6+0.0s
[880/945]	[L1: 0.0304]	1.5+0.0s
[920/945]	[L1: 0.0304]	1.6+0.0s

Evaluation:
[UCMerced x4]	psnr: 27.735 (Best: 27.781 @epoch 60)
DEBUG: WandB check - hasattr: True, not None: True, idx_scale: 0
DEBUG: Logging to WandB - epoch: 62, psnr: 27.734792709350586
DEBUG: WandB log_validation called successfully
Total time: 2.01s

[Epoch 63]	Learning rate: 1.81e-4
[40/945]	[L1: 0.0287]	2.0+0.0s
[80/945]	[L1: 0.0325]	1.7+0.0s
[120/945]	[L1: 0.0310]	1.7+0.0s
[160/945]	[L1: 0.0306]	1.7+0.0s
[200/945]	[L1: 0.0307]	1.5+0.0s
[240/945]	[L1: 0.0301]	1.5+0.0s
[280/945]	[L1: 0.0305]	1.6+0.0s
[320/945]	[L1: 0.0305]	1.5+0.0s
[360/945]	[L1: 0.0306]	1.6+0.0s
[400/945]	[L1: 0.0307]	1.7+0.0s
[440/945]	[L1: 0.0307]	2.0+0.0s
[480/945]	[L1: 0.0309]	1.7+0.0s
[520/945]	[L1: 0.0309]	1.5+0.0s
[560/945]	[L1: 0.0308]	1.7+0.0s
[600/945]	[L1: 0.0308]	1.5+0.0s
[640/945]	[L1: 0.0309]	1.6+0.0s
[680/945]	[L1: 0.0309]	1.5+0.0s
[720/945]	[L1: 0.0308]	1.5+0.0s
[760/945]	[L1: 0.0305]	1.5+0.0s
[800/945]	[L1: 0.0305]	1.5+0.0s
[840/945]	[L1: 0.0303]	1.8+0.0s
[880/945]	[L1: 0.0303]	1.5+0.0s
[920/945]	[L1: 0.0304]	1.5+0.0s

Evaluation:
[UCMerced x4]	psnr: 27.787 (Best: 27.787 @epoch 63)
DEBUG: WandB check - hasattr: True, not None: True, idx_scale: 0
DEBUG: Logging to WandB - epoch: 63, psnr: 27.787384033203125
DEBUG: WandB log_validation called successfully
Total time: 2.14s

[Epoch 64]	Learning rate: 1.80e-4
[40/945]	[L1: 0.0286]	1.7+0.0s
[80/945]	[L1: 0.0299]	1.7+0.0s
[120/945]	[L1: 0.0286]	1.7+0.0s
[160/945]	[L1: 0.0288]	1.7+0.0s
[200/945]	[L1: 0.0299]	1.8+0.0s
[240/945]	[L1: 0.0301]	1.7+0.0s
[280/945]	[L1: 0.0302]	2.3+0.0s
[320/945]	[L1: 0.0300]	1.7+0.0s
[360/945]	[L1: 0.0305]	1.7+0.0s
[400/945]	[L1: 0.0309]	1.7+0.0s
[440/945]	[L1: 0.0306]	1.7+0.0s
[480/945]	[L1: 0.0305]	1.7+0.0s
[520/945]	[L1: 0.0303]	1.6+0.0s
[560/945]	[L1: 0.0304]	1.7+0.0s
[600/945]	[L1: 0.0305]	1.6+0.0s
[640/945]	[L1: 0.0305]	1.7+0.0s
[680/945]	[L1: 0.0306]	2.4+0.1s
[720/945]	[L1: 0.0307]	1.8+0.0s
[760/945]	[L1: 0.0306]	1.8+0.0s
[800/945]	[L1: 0.0305]	1.7+0.0s
[840/945]	[L1: 0.0305]	1.6+0.0s
[880/945]	[L1: 0.0304]	1.6+0.0s
[920/945]	[L1: 0.0303]	1.8+0.0s

Evaluation:
[UCMerced x4]	psnr: 27.821 (Best: 27.821 @epoch 64)
DEBUG: WandB check - hasattr: True, not None: True, idx_scale: 0
DEBUG: Logging to WandB - epoch: 64, psnr: 27.82057762145996
DEBUG: WandB log_validation called successfully
Total time: 2.03s

[Epoch 65]	Learning rate: 1.79e-4
[40/945]	[L1: 0.0306]	1.7+0.0s
[80/945]	[L1: 0.0321]	1.6+0.0s
[120/945]	[L1: 0.0308]	1.7+0.0s
[160/945]	[L1: 0.0309]	2.1+0.0s
[200/945]	[L1: 0.0304]	1.7+0.0s
[240/945]	[L1: 0.0305]	1.7+0.0s
[280/945]	[L1: 0.0303]	1.7+0.0s
[320/945]	[L1: 0.0306]	1.7+0.0s
[360/945]	[L1: 0.0310]	1.7+0.0s
[400/945]	[L1: 0.0310]	1.7+0.0s
[440/945]	[L1: 0.0308]	1.7+0.1s
[480/945]	[L1: 0.0306]	1.6+0.0s
[520/945]	[L1: 0.0307]	1.5+0.0s
[560/945]	[L1: 0.0306]	2.0+0.0s
[600/945]	[L1: 0.0304]	1.6+0.0s
[640/945]	[L1: 0.0303]	1.5+0.0s
[680/945]	[L1: 0.0303]	1.7+0.0s
[720/945]	[L1: 0.0304]	1.7+0.0s
[760/945]	[L1: 0.0304]	1.7+0.0s
[800/945]	[L1: 0.0303]	1.7+0.0s
[840/945]	[L1: 0.0303]	1.9+0.1s
[880/945]	[L1: 0.0302]	1.5+0.0s
[920/945]	[L1: 0.0302]	1.6+0.0s

Evaluation:
[UCMerced x4]	psnr: 27.762 (Best: 27.821 @epoch 64)
DEBUG: WandB check - hasattr: True, not None: True, idx_scale: 0
DEBUG: Logging to WandB - epoch: 65, psnr: 27.76150131225586
DEBUG: WandB log_validation called successfully
Total time: 2.02s

[Epoch 66]	Learning rate: 1.79e-4
[40/945]	[L1: 0.0331]	1.6+0.0s
[80/945]	[L1: 0.0299]	1.8+0.0s
[120/945]	[L1: 0.0291]	1.7+0.0s
[160/945]	[L1: 0.0294]	2.0+0.0s
[200/945]	[L1: 0.0303]	1.7+0.0s
[240/945]	[L1: 0.0296]	1.6+0.0s
[280/945]	[L1: 0.0298]	1.7+0.0s
[320/945]	[L1: 0.0299]	1.5+0.0s
[360/945]	[L1: 0.0297]	1.6+0.0s
[400/945]	[L1: 0.0298]	2.0+0.0s
[440/945]	[L1: 0.0301]	1.6+0.0s
[480/945]	[L1: 0.0301]	1.7+0.0s
[520/945]	[L1: 0.0304]	1.6+0.0s
[560/945]	[L1: 0.0304]	1.7+0.0s
[600/945]	[L1: 0.0304]	1.6+0.0s
[640/945]	[L1: 0.0305]	1.5+0.0s
[680/945]	[L1: 0.0303]	1.6+0.0s
[720/945]	[L1: 0.0303]	1.6+0.0s
[760/945]	[L1: 0.0303]	1.7+0.0s
[800/945]	[L1: 0.0302]	2.1+0.0s
[840/945]	[L1: 0.0303]	1.6+0.0s
[880/945]	[L1: 0.0305]	1.5+0.0s
[920/945]	[L1: 0.0304]	1.6+0.0s

Evaluation:
[UCMerced x4]	psnr: 27.821 (Best: 27.821 @epoch 66)
DEBUG: WandB check - hasattr: True, not None: True, idx_scale: 0
DEBUG: Logging to WandB - epoch: 66, psnr: 27.821239471435547
DEBUG: WandB log_validation called successfully
Total time: 2.19s

[Epoch 67]	Learning rate: 1.78e-4
[40/945]	[L1: 0.0303]	1.6+0.0s
[80/945]	[L1: 0.0294]	1.7+0.1s
[120/945]	[L1: 0.0299]	1.7+0.1s
[160/945]	[L1: 0.0302]	1.7+0.0s
[200/945]	[L1: 0.0306]	1.6+0.0s
[240/945]	[L1: 0.0305]	1.9+0.0s
[280/945]	[L1: 0.0306]	1.6+0.0s
[320/945]	[L1: 0.0304]	1.7+0.0s
[360/945]	[L1: 0.0303]	1.5+0.0s
[400/945]	[L1: 0.0302]	1.5+0.0s
[440/945]	[L1: 0.0302]	1.6+0.0s
[480/945]	[L1: 0.0303]	1.7+0.0s
[520/945]	[L1: 0.0301]	1.7+0.0s
[560/945]	[L1: 0.0301]	1.5+0.0s
[600/945]	[L1: 0.0301]	1.7+0.0s
[640/945]	[L1: 0.0300]	1.9+0.0s
[680/945]	[L1: 0.0300]	1.5+0.0s
[720/945]	[L1: 0.0299]	1.7+0.0s
[760/945]	[L1: 0.0299]	1.6+0.0s
[800/945]	[L1: 0.0300]	1.5+0.0s
[840/945]	[L1: 0.0300]	1.6+0.0s
[880/945]	[L1: 0.0302]	1.6+0.0s
[920/945]	[L1: 0.0302]	1.7+0.0s

Evaluation:
[UCMerced x4]	psnr: 27.755 (Best: 27.821 @epoch 66)
DEBUG: WandB check - hasattr: True, not None: True, idx_scale: 0
DEBUG: Logging to WandB - epoch: 67, psnr: 27.75547218322754
DEBUG: WandB log_validation called successfully
Total time: 2.03s

[Epoch 68]	Learning rate: 1.78e-4
[40/945]	[L1: 0.0298]	1.6+0.0s
[80/945]	[L1: 0.0304]	1.7+0.0s
[120/945]	[L1: 0.0300]	2.0+0.0s
[160/945]	[L1: 0.0303]	1.6+0.0s
[200/945]	[L1: 0.0297]	1.5+0.0s
[240/945]	[L1: 0.0301]	1.6+0.0s
[280/945]	[L1: 0.0298]	1.5+0.0s
[320/945]	[L1: 0.0299]	1.5+0.0s
[360/945]	[L1: 0.0302]	1.7+0.0s
[400/945]	[L1: 0.0304]	1.5+0.0s
[440/945]	[L1: 0.0304]	1.6+0.0s
[480/945]	[L1: 0.0303]	1.7+0.0s
[520/945]	[L1: 0.0301]	2.0+0.0s
[560/945]	[L1: 0.0300]	1.5+0.0s
[600/945]	[L1: 0.0299]	1.5+0.0s
[640/945]	[L1: 0.0301]	1.6+0.0s
[680/945]	[L1: 0.0300]	1.5+0.0s
[720/945]	[L1: 0.0301]	1.6+0.0s
[760/945]	[L1: 0.0302]	1.5+0.0s
[800/945]	[L1: 0.0302]	1.5+0.0s
[840/945]	[L1: 0.0301]	1.7+0.0s
[880/945]	[L1: 0.0300]	1.7+0.0s
[920/945]	[L1: 0.0303]	1.9+0.0s

Evaluation:
[UCMerced x4]	psnr: 27.834 (Best: 27.834 @epoch 68)
DEBUG: WandB check - hasattr: True, not None: True, idx_scale: 0
DEBUG: Logging to WandB - epoch: 68, psnr: 27.83395767211914
DEBUG: WandB log_validation called successfully
Total time: 2.02s

[Epoch 69]	Learning rate: 1.77e-4
[40/945]	[L1: 0.0324]	1.5+0.0s
[80/945]	[L1: 0.0302]	1.5+0.0s
[120/945]	[L1: 0.0298]	1.6+0.0s
[160/945]	[L1: 0.0302]	1.6+0.0s
[200/945]	[L1: 0.0297]	1.7+0.0s
[240/945]	[L1: 0.0296]	1.6+0.0s
[280/945]	[L1: 0.0297]	1.6+0.0s
[320/945]	[L1: 0.0301]	1.6+0.0s
[360/945]	[L1: 0.0299]	1.9+0.0s
[400/945]	[L1: 0.0298]	1.6+0.0s
[440/945]	[L1: 0.0298]	1.6+0.0s
[480/945]	[L1: 0.0298]	1.5+0.0s
[520/945]	[L1: 0.0300]	1.5+0.0s
[560/945]	[L1: 0.0301]	1.5+0.0s
[600/945]	[L1: 0.0302]	1.7+0.0s
[640/945]	[L1: 0.0303]	1.5+0.0s
[680/945]	[L1: 0.0303]	1.5+0.0s
[720/945]	[L1: 0.0303]	1.5+0.0s
[760/945]	[L1: 0.0303]	2.0+0.0s
[800/945]	[L1: 0.0303]	1.6+0.0s
[840/945]	[L1: 0.0303]	1.5+0.0s
[880/945]	[L1: 0.0304]	1.5+0.0s
[920/945]	[L1: 0.0303]	1.6+0.0s

Evaluation:
[UCMerced x4]	psnr: 27.818 (Best: 27.834 @epoch 68)
DEBUG: WandB check - hasattr: True, not None: True, idx_scale: 0
DEBUG: Logging to WandB - epoch: 69, psnr: 27.817665100097656
DEBUG: WandB log_validation called successfully
Total time: 2.17s

[Epoch 70]	Learning rate: 1.76e-4
[40/945]	[L1: 0.0322]	1.5+0.0s
[80/945]	[L1: 0.0297]	1.5+0.0s
[120/945]	[L1: 0.0299]	1.5+0.0s
[160/945]	[L1: 0.0302]	1.6+0.0s
[200/945]	[L1: 0.0299]	2.0+0.0s
[240/945]	[L1: 0.0296]	1.6+0.0s
[280/945]	[L1: 0.0299]	1.7+0.0s
[320/945]	[L1: 0.0301]	1.7+0.0s
[360/945]	[L1: 0.0300]	1.9+0.0s
[400/945]	[L1: 0.0302]	1.5+0.0s
[440/945]	[L1: 0.0302]	1.5+0.0s
[480/945]	[L1: 0.0302]	1.7+0.0s
[520/945]	[L1: 0.0304]	1.7+0.0s
[560/945]	[L1: 0.0305]	1.7+0.0s
[600/945]	[L1: 0.0308]	2.0+0.0s
[640/945]	[L1: 0.0307]	1.7+0.0s
[680/945]	[L1: 0.0306]	1.7+0.0s
[720/945]	[L1: 0.0306]	1.5+0.0s
[760/945]	[L1: 0.0305]	1.7+0.0s
[800/945]	[L1: 0.0304]	1.5+0.0s
[840/945]	[L1: 0.0304]	1.6+0.0s
[880/945]	[L1: 0.0304]	1.5+0.0s
[920/945]	[L1: 0.0303]	1.5+0.0s

Evaluation:
[UCMerced x4]	psnr: 27.833 (Best: 27.834 @epoch 68)
DEBUG: WandB check - hasattr: True, not None: True, idx_scale: 0
DEBUG: Logging to WandB - epoch: 70, psnr: 27.833341598510742
DEBUG: WandB log_validation called successfully
Total time: 2.11s

[Epoch 71]	Learning rate: 1.76e-4
[40/945]	[L1: 0.0306]	2.1+0.0s
[80/945]	[L1: 0.0305]	1.9+0.0s
[120/945]	[L1: 0.0300]	1.6+0.0s
[160/945]	[L1: 0.0294]	1.5+0.0s
[200/945]	[L1: 0.0293]	1.5+0.0s
[240/945]	[L1: 0.0295]	1.5+0.0s
[280/945]	[L1: 0.0298]	1.5+0.0s
[320/945]	[L1: 0.0300]	1.5+0.0s
[360/945]	[L1: 0.0301]	1.5+0.0s
[400/945]	[L1: 0.0301]	1.6+0.0s
[440/945]	[L1: 0.0300]	1.9+0.0s
[480/945]	[L1: 0.0299]	1.9+0.0s
[520/945]	[L1: 0.0301]	1.6+0.0s
[560/945]	[L1: 0.0300]	1.5+0.0s
[600/945]	[L1: 0.0300]	1.5+0.0s
[640/945]	[L1: 0.0300]	1.5+0.0s
[680/945]	[L1: 0.0299]	1.5+0.0s
[720/945]	[L1: 0.0299]	1.5+0.0s
[760/945]	[L1: 0.0300]	1.5+0.0s
[800/945]	[L1: 0.0300]	1.5+0.0s
[840/945]	[L1: 0.0301]	2.0+0.0s
[880/945]	[L1: 0.0301]	1.7+0.0s
[920/945]	[L1: 0.0301]	1.6+0.0s

Evaluation:
[UCMerced x4]	psnr: 27.816 (Best: 27.834 @epoch 68)
DEBUG: WandB check - hasattr: True, not None: True, idx_scale: 0
DEBUG: Logging to WandB - epoch: 71, psnr: 27.815927505493164
DEBUG: WandB log_validation called successfully
Total time: 2.00s

[Epoch 72]	Learning rate: 1.75e-4
[40/945]	[L1: 0.0284]	1.5+0.0s
[80/945]	[L1: 0.0297]	1.5+0.0s
[120/945]	[L1: 0.0295]	1.5+0.0s
[160/945]	[L1: 0.0298]	1.5+0.0s
[200/945]	[L1: 0.0306]	1.5+0.0s
[240/945]	[L1: 0.0302]	1.8+0.0s
[280/945]	[L1: 0.0301]	1.5+0.0s
[320/945]	[L1: 0.0307]	1.9+0.0s
[360/945]	[L1: 0.0306]	1.5+0.0s
[400/945]	[L1: 0.0306]	1.5+0.0s
[440/945]	[L1: 0.0306]	1.5+0.0s
[480/945]	[L1: 0.0305]	1.5+0.0s
[520/945]	[L1: 0.0306]	1.6+0.0s
[560/945]	[L1: 0.0306]	1.5+0.0s
[600/945]	[L1: 0.0306]	1.5+0.0s
[640/945]	[L1: 0.0304]	1.7+0.0s
[680/945]	[L1: 0.0301]	1.5+0.0s
[720/945]	[L1: 0.0302]	1.8+0.0s
[760/945]	[L1: 0.0302]	1.5+0.0s
[800/945]	[L1: 0.0304]	1.5+0.0s
[840/945]	[L1: 0.0303]	1.5+0.0s
[880/945]	[L1: 0.0303]	1.5+0.0s
[920/945]	[L1: 0.0302]	1.5+0.0s

Evaluation:
[UCMerced x4]	psnr: 27.759 (Best: 27.834 @epoch 68)
DEBUG: WandB check - hasattr: True, not None: True, idx_scale: 0
DEBUG: Logging to WandB - epoch: 72, psnr: 27.75905990600586
DEBUG: WandB log_validation called successfully
Total time: 2.16s

[Epoch 73]	Learning rate: 1.74e-4
[40/945]	[L1: 0.0316]	1.5+0.0s
[80/945]	[L1: 0.0317]	1.5+0.0s
[120/945]	[L1: 0.0316]	1.5+0.0s
[160/945]	[L1: 0.0320]	1.8+0.0s
[200/945]	[L1: 0.0312]	1.5+0.0s
[240/945]	[L1: 0.0305]	1.5+0.0s
[280/945]	[L1: 0.0300]	1.5+0.0s
[320/945]	[L1: 0.0301]	1.5+0.0s
[360/945]	[L1: 0.0303]	1.6+0.0s
[400/945]	[L1: 0.0300]	1.7+0.0s
[440/945]	[L1: 0.0299]	1.5+0.0s
[480/945]	[L1: 0.0301]	1.5+0.0s
[520/945]	[L1: 0.0303]	1.6+0.0s
[560/945]	[L1: 0.0301]	2.0+0.0s
[600/945]	[L1: 0.0303]	1.5+0.0s
[640/945]	[L1: 0.0304]	1.6+0.0s
[680/945]	[L1: 0.0304]	1.6+0.0s
[720/945]	[L1: 0.0304]	1.6+0.0s
[760/945]	[L1: 0.0304]	1.5+0.0s
[800/945]	[L1: 0.0304]	1.7+0.0s
[840/945]	[L1: 0.0304]	1.6+0.0s
[880/945]	[L1: 0.0303]	1.5+0.0s
[920/945]	[L1: 0.0303]	1.5+0.0s

Evaluation:
[UCMerced x4]	psnr: 27.799 (Best: 27.834 @epoch 68)
DEBUG: WandB check - hasattr: True, not None: True, idx_scale: 0
DEBUG: Logging to WandB - epoch: 73, psnr: 27.798961639404297
DEBUG: WandB log_validation called successfully
Total time: 2.01s

[Epoch 74]	Learning rate: 1.74e-4
[40/945]	[L1: 0.0254]	1.5+0.0s
[80/945]	[L1: 0.0274]	1.6+0.0s
[120/945]	[L1: 0.0297]	1.7+0.0s
[160/945]	[L1: 0.0293]	1.5+0.0s
[200/945]	[L1: 0.0295]	1.6+0.0s
[240/945]	[L1: 0.0292]	1.7+0.0s
[280/945]	[L1: 0.0300]	1.6+0.0s
[320/945]	[L1: 0.0304]	1.7+0.0s
[360/945]	[L1: 0.0305]	1.8+0.0s
[400/945]	[L1: 0.0304]	2.0+0.0s
[440/945]	[L1: 0.0303]	1.7+0.0s
[480/945]	[L1: 0.0303]	1.6+0.0s
[520/945]	[L1: 0.0302]	1.9+0.0s
[560/945]	[L1: 0.0301]	1.6+0.0s
[600/945]	[L1: 0.0300]	1.5+0.0s
[640/945]	[L1: 0.0301]	1.5+0.0s
[680/945]	[L1: 0.0300]	1.6+0.0s
[720/945]	[L1: 0.0300]	1.5+0.0s
[760/945]	[L1: 0.0300]	1.6+0.0s
[800/945]	[L1: 0.0301]	2.1+0.0s
[840/945]	[L1: 0.0304]	1.6+0.0s
[880/945]	[L1: 0.0302]	1.6+0.0s
[920/945]	[L1: 0.0303]	1.9+0.0s

Evaluation:
[UCMerced x4]	psnr: 27.857 (Best: 27.857 @epoch 74)
DEBUG: WandB check - hasattr: True, not None: True, idx_scale: 0
DEBUG: Logging to WandB - epoch: 74, psnr: 27.857208251953125
DEBUG: WandB log_validation called successfully
Total time: 2.17s

[Epoch 75]	Learning rate: 1.73e-4
[40/945]	[L1: 0.0290]	1.7+0.0s
[80/945]	[L1: 0.0285]	1.8+0.0s
[120/945]	[L1: 0.0292]	1.7+0.0s
[160/945]	[L1: 0.0298]	1.8+0.0s
[200/945]	[L1: 0.0293]	1.7+0.0s
[240/945]	[L1: 0.0289]	1.7+0.0s
[280/945]	[L1: 0.0292]	2.4+0.0s
[320/945]	[L1: 0.0292]	1.7+0.0s
[360/945]	[L1: 0.0293]	1.5+0.0s
[400/945]	[L1: 0.0293]	1.5+0.0s
[440/945]	[L1: 0.0293]	1.5+0.0s
[480/945]	[L1: 0.0295]	1.5+0.0s
[520/945]	[L1: 0.0296]	1.5+0.0s
[560/945]	[L1: 0.0298]	1.5+0.0s
[600/945]	[L1: 0.0299]	1.5+0.0s
[640/945]	[L1: 0.0300]	1.5+0.0s
[680/945]	[L1: 0.0302]	2.0+0.0s
[720/945]	[L1: 0.0301]	1.5+0.0s
[760/945]	[L1: 0.0301]	1.5+0.0s
[800/945]	[L1: 0.0301]	1.5+0.0s
[840/945]	[L1: 0.0302]	1.5+0.0s
[880/945]	[L1: 0.0301]	1.5+0.0s
[920/945]	[L1: 0.0301]	1.5+0.0s

Evaluation:
[UCMerced x4]	psnr: 27.828 (Best: 27.857 @epoch 74)
DEBUG: WandB check - hasattr: True, not None: True, idx_scale: 0
DEBUG: Logging to WandB - epoch: 75, psnr: 27.82823944091797
DEBUG: WandB log_validation called successfully
Total time: 2.15s

[Epoch 76]	Learning rate: 1.72e-4
[40/945]	[L1: 0.0288]	1.5+0.0s
[80/945]	[L1: 0.0286]	1.5+0.0s
[120/945]	[L1: 0.0285]	1.9+0.0s
[160/945]	[L1: 0.0287]	1.5+0.0s
[200/945]	[L1: 0.0297]	1.5+0.0s
[240/945]	[L1: 0.0299]	1.5+0.0s
[280/945]	[L1: 0.0298]	1.5+0.0s
[320/945]	[L1: 0.0299]	1.5+0.0s
[360/945]	[L1: 0.0299]	1.5+0.0s
[400/945]	[L1: 0.0300]	1.6+0.0s
[440/945]	[L1: 0.0300]	1.6+0.0s
[480/945]	[L1: 0.0300]	1.5+0.0s
[520/945]	[L1: 0.0303]	1.9+0.0s
[560/945]	[L1: 0.0303]	1.7+0.0s
[600/945]	[L1: 0.0303]	1.7+0.1s
[640/945]	[L1: 0.0303]	1.6+0.0s
[680/945]	[L1: 0.0302]	1.8+0.1s
[720/945]	[L1: 0.0302]	1.7+0.0s
[760/945]	[L1: 0.0302]	1.9+0.0s
[800/945]	[L1: 0.0301]	2.0+0.1s
[840/945]	[L1: 0.0301]	1.7+0.0s
[880/945]	[L1: 0.0301]	1.6+0.0s
[920/945]	[L1: 0.0302]	2.0+0.0s

Evaluation:
[UCMerced x4]	psnr: 27.821 (Best: 27.857 @epoch 74)
DEBUG: WandB check - hasattr: True, not None: True, idx_scale: 0
DEBUG: Logging to WandB - epoch: 76, psnr: 27.820829391479492
DEBUG: WandB log_validation called successfully
Total time: 2.01s

[Epoch 77]	Learning rate: 1.71e-4
[40/945]	[L1: 0.0292]	1.5+0.0s
[80/945]	[L1: 0.0298]	1.5+0.0s
[120/945]	[L1: 0.0307]	1.6+0.0s
[160/945]	[L1: 0.0304]	1.7+0.0s
[200/945]	[L1: 0.0306]	1.7+0.0s
[240/945]	[L1: 0.0304]	1.5+0.0s
[280/945]	[L1: 0.0303]	1.5+0.0s
[320/945]	[L1: 0.0305]	1.5+0.0s
[360/945]	[L1: 0.0304]	1.9+0.0s
[400/945]	[L1: 0.0305]	1.6+0.0s
[440/945]	[L1: 0.0305]	1.6+0.0s
[480/945]	[L1: 0.0305]	1.6+0.0s
[520/945]	[L1: 0.0306]	1.5+0.0s
[560/945]	[L1: 0.0307]	1.7+0.0s
[600/945]	[L1: 0.0306]	1.6+0.0s
[640/945]	[L1: 0.0305]	1.5+0.0s
[680/945]	[L1: 0.0304]	1.7+0.0s
[720/945]	[L1: 0.0303]	1.6+0.0s
[760/945]	[L1: 0.0304]	1.9+0.0s
[800/945]	[L1: 0.0302]	1.6+0.0s
[840/945]	[L1: 0.0301]	1.6+0.0s
[880/945]	[L1: 0.0300]	1.6+0.0s
[920/945]	[L1: 0.0301]	1.6+0.0s

Evaluation:
[UCMerced x4]	psnr: 27.829 (Best: 27.857 @epoch 74)
DEBUG: WandB check - hasattr: True, not None: True, idx_scale: 0
DEBUG: Logging to WandB - epoch: 77, psnr: 27.82876205444336
DEBUG: WandB log_validation called successfully
Total time: 2.15s

[Epoch 78]	Learning rate: 1.71e-4
[40/945]	[L1: 0.0321]	1.7+0.0s
[80/945]	[L1: 0.0299]	1.8+0.0s
[120/945]	[L1: 0.0306]	1.7+0.0s
[160/945]	[L1: 0.0304]	1.7+0.0s
[200/945]	[L1: 0.0303]	1.6+0.0s
[240/945]	[L1: 0.0306]	2.0+0.0s
[280/945]	[L1: 0.0303]	1.6+0.0s
[320/945]	[L1: 0.0304]	1.7+0.0s
[360/945]	[L1: 0.0301]	1.6+0.0s
[400/945]	[L1: 0.0300]	1.5+0.0s
[440/945]	[L1: 0.0300]	1.5+0.0s
[480/945]	[L1: 0.0300]	1.5+0.0s
[520/945]	[L1: 0.0300]	1.5+0.0s
[560/945]	[L1: 0.0300]	1.5+0.0s
[600/945]	[L1: 0.0297]	1.5+0.0s
[640/945]	[L1: 0.0299]	1.9+0.0s
[680/945]	[L1: 0.0299]	1.6+0.0s
[720/945]	[L1: 0.0300]	1.7+0.0s
[760/945]	[L1: 0.0300]	1.7+0.0s
[800/945]	[L1: 0.0298]	1.7+0.0s
[840/945]	[L1: 0.0301]	1.7+0.0s
[880/945]	[L1: 0.0301]	1.8+0.0s
[920/945]	[L1: 0.0301]	1.7+0.0s

Evaluation:
[UCMerced x4]	psnr: 27.845 (Best: 27.857 @epoch 74)
DEBUG: WandB check - hasattr: True, not None: True, idx_scale: 0
DEBUG: Logging to WandB - epoch: 78, psnr: 27.84456443786621
DEBUG: WandB log_validation called successfully
Total time: 2.12s

[Epoch 79]	Learning rate: 1.70e-4
[40/945]	[L1: 0.0277]	1.7+0.0s
[80/945]	[L1: 0.0292]	1.9+0.0s
[120/945]	[L1: 0.0313]	1.5+0.0s
[160/945]	[L1: 0.0314]	1.5+0.0s
[200/945]	[L1: 0.0306]	1.5+0.0s
[240/945]	[L1: 0.0302]	1.5+0.0s
[280/945]	[L1: 0.0301]	1.6+0.0s
[320/945]	[L1: 0.0299]	1.5+0.0s
[360/945]	[L1: 0.0300]	1.5+0.0s
[400/945]	[L1: 0.0300]	1.5+0.0s
[440/945]	[L1: 0.0301]	1.7+0.0s
[480/945]	[L1: 0.0303]	2.2+0.0s
[520/945]	[L1: 0.0305]	1.7+0.0s
[560/945]	[L1: 0.0307]	1.5+0.0s
[600/945]	[L1: 0.0307]	1.5+0.0s
[640/945]	[L1: 0.0306]	1.5+0.0s
[680/945]	[L1: 0.0304]	1.5+0.0s
[720/945]	[L1: 0.0301]	1.5+0.0s
[760/945]	[L1: 0.0302]	1.6+0.0s
[800/945]	[L1: 0.0301]	1.5+0.0s
[840/945]	[L1: 0.0301]	1.6+0.0s
[880/945]	[L1: 0.0301]	2.0+0.0s
[920/945]	[L1: 0.0301]	1.5+0.0s

Evaluation:
[UCMerced x4]	psnr: 27.823 (Best: 27.857 @epoch 74)
DEBUG: WandB check - hasattr: True, not None: True, idx_scale: 0
DEBUG: Logging to WandB - epoch: 79, psnr: 27.82337188720703
DEBUG: WandB log_validation called successfully
Total time: 2.01s

[Epoch 80]	Learning rate: 1.69e-4
[40/945]	[L1: 0.0260]	1.5+0.0s
[80/945]	[L1: 0.0270]	1.6+0.0s
[120/945]	[L1: 0.0271]	1.5+0.0s
[160/945]	[L1: 0.0283]	1.5+0.0s
[200/945]	[L1: 0.0288]	1.6+0.0s
[240/945]	[L1: 0.0288]	1.5+0.0s
[280/945]	[L1: 0.0288]	1.5+0.0s
[320/945]	[L1: 0.0288]	2.3+0.1s
[360/945]	[L1: 0.0290]	1.7+0.0s
[400/945]	[L1: 0.0293]	1.8+0.1s
[440/945]	[L1: 0.0295]	2.0+0.1s
[480/945]	[L1: 0.0299]	1.7+0.0s
[520/945]	[L1: 0.0297]	1.5+0.0s
[560/945]	[L1: 0.0296]	1.5+0.0s
[600/945]	[L1: 0.0297]	1.7+0.0s
[640/945]	[L1: 0.0296]	1.5+0.0s
[680/945]	[L1: 0.0296]	1.6+0.0s
[720/945]	[L1: 0.0299]	2.0+0.0s
[760/945]	[L1: 0.0299]	1.5+0.0s
[800/945]	[L1: 0.0300]	1.6+0.0s
[840/945]	[L1: 0.0299]	1.8+0.0s
[880/945]	[L1: 0.0300]	1.6+0.0s
[920/945]	[L1: 0.0301]	1.8+0.0s

Evaluation:
[UCMerced x4]	psnr: 27.833 (Best: 27.857 @epoch 74)
DEBUG: WandB check - hasattr: True, not None: True, idx_scale: 0
DEBUG: Logging to WandB - epoch: 80, psnr: 27.83309555053711
DEBUG: WandB log_validation called successfully
Total time: 2.24s

[Epoch 81]	Learning rate: 1.69e-4
[40/945]	[L1: 0.0291]	1.6+0.0s
[80/945]	[L1: 0.0293]	1.7+0.0s
[120/945]	[L1: 0.0296]	1.6+0.0s
[160/945]	[L1: 0.0294]	2.2+0.0s
[200/945]	[L1: 0.0297]	1.7+0.0s
[240/945]	[L1: 0.0301]	1.7+0.0s
[280/945]	[L1: 0.0298]	1.7+0.0s
[320/945]	[L1: 0.0297]	1.9+0.0s
[360/945]	[L1: 0.0297]	1.7+0.0s
[400/945]	[L1: 0.0302]	1.7+0.0s
[440/945]	[L1: 0.0300]	1.7+0.0s
[480/945]	[L1: 0.0297]	1.5+0.0s
[520/945]	[L1: 0.0297]	1.5+0.0s
[560/945]	[L1: 0.0296]	1.9+0.0s
[600/945]	[L1: 0.0297]	1.5+0.0s
[640/945]	[L1: 0.0298]	1.7+0.1s
[680/945]	[L1: 0.0299]	1.7+0.0s
[720/945]	[L1: 0.0300]	1.8+0.0s
[760/945]	[L1: 0.0299]	1.5+0.0s
[800/945]	[L1: 0.0299]	1.5+0.0s
[840/945]	[L1: 0.0299]	1.5+0.0s
[880/945]	[L1: 0.0300]	1.5+0.0s
[920/945]	[L1: 0.0301]	1.5+0.0s

Evaluation:
[UCMerced x4]	psnr: 27.831 (Best: 27.857 @epoch 74)
DEBUG: WandB check - hasattr: True, not None: True, idx_scale: 0
DEBUG: Logging to WandB - epoch: 81, psnr: 27.830636978149414
DEBUG: WandB log_validation called successfully
Total time: 2.01s

[Epoch 82]	Learning rate: 1.68e-4
[40/945]	[L1: 0.0345]	2.0+0.0s
[80/945]	[L1: 0.0318]	1.7+0.0s
[120/945]	[L1: 0.0321]	1.5+0.0s
[160/945]	[L1: 0.0318]	1.7+0.0s
[200/945]	[L1: 0.0314]	1.6+0.0s
[240/945]	[L1: 0.0311]	1.6+0.0s
[280/945]	[L1: 0.0310]	1.5+0.0s
[320/945]	[L1: 0.0309]	1.5+0.0s
[360/945]	[L1: 0.0311]	1.7+0.0s
[400/945]	[L1: 0.0308]	1.7+0.0s
[440/945]	[L1: 0.0308]	2.1+0.0s
[480/945]	[L1: 0.0308]	2.0+0.0s
[520/945]	[L1: 0.0307]	1.7+0.0s
[560/945]	[L1: 0.0305]	1.6+0.0s
[600/945]	[L1: 0.0305]	1.5+0.0s
[640/945]	[L1: 0.0306]	1.7+0.0s
[680/945]	[L1: 0.0306]	1.5+0.0s
[720/945]	[L1: 0.0305]	1.5+0.0s
[760/945]	[L1: 0.0303]	1.5+0.0s
[800/945]	[L1: 0.0304]	1.6+0.0s
[840/945]	[L1: 0.0303]	2.0+0.0s
[880/945]	[L1: 0.0302]	1.7+0.0s
[920/945]	[L1: 0.0300]	1.6+0.0s

Evaluation:
[UCMerced x4]	psnr: 27.814 (Best: 27.857 @epoch 74)
DEBUG: WandB check - hasattr: True, not None: True, idx_scale: 0
DEBUG: Logging to WandB - epoch: 82, psnr: 27.81417465209961
DEBUG: WandB log_validation called successfully
Total time: 2.01s

[Epoch 83]	Learning rate: 1.67e-4
[40/945]	[L1: 0.0327]	1.5+0.0s
[80/945]	[L1: 0.0305]	1.5+0.0s
[120/945]	[L1: 0.0307]	1.5+0.0s
[160/945]	[L1: 0.0304]	1.5+0.0s
[200/945]	[L1: 0.0307]	1.6+0.0s
[240/945]	[L1: 0.0304]	1.9+0.0s
[280/945]	[L1: 0.0303]	1.9+0.0s
[320/945]	[L1: 0.0305]	1.6+0.0s
[360/945]	[L1: 0.0306]	1.5+0.0s
[400/945]	[L1: 0.0305]	1.6+0.0s
[440/945]	[L1: 0.0304]	1.8+0.0s
[480/945]	[L1: 0.0304]	1.8+0.0s
[520/945]	[L1: 0.0303]	1.7+0.0s
[560/945]	[L1: 0.0302]	1.6+0.0s
[600/945]	[L1: 0.0303]	1.5+0.0s
[640/945]	[L1: 0.0302]	1.7+0.0s
[680/945]	[L1: 0.0302]	1.8+0.0s
[720/945]	[L1: 0.0302]	1.5+0.0s
[760/945]	[L1: 0.0302]	1.5+0.0s
[800/945]	[L1: 0.0301]	1.6+0.0s
[840/945]	[L1: 0.0301]	1.6+0.0s
[880/945]	[L1: 0.0300]	1.5+0.0s
[920/945]	[L1: 0.0299]	1.5+0.0s

Evaluation:
[UCMerced x4]	psnr: 27.851 (Best: 27.857 @epoch 74)
DEBUG: WandB check - hasattr: True, not None: True, idx_scale: 0
DEBUG: Logging to WandB - epoch: 83, psnr: 27.851301193237305
DEBUG: WandB log_validation called successfully
Total time: 2.14s

[Epoch 84]	Learning rate: 1.66e-4
[40/945]	[L1: 0.0256]	1.5+0.0s
[80/945]	[L1: 0.0285]	1.5+0.0s
[120/945]	[L1: 0.0292]	2.0+0.0s
[160/945]	[L1: 0.0300]	1.5+0.0s
[200/945]	[L1: 0.0295]	1.6+0.0s
[240/945]	[L1: 0.0291]	1.6+0.0s
[280/945]	[L1: 0.0291]	1.5+0.0s
[320/945]	[L1: 0.0293]	1.5+0.0s
[360/945]	[L1: 0.0293]	1.7+0.0s
[400/945]	[L1: 0.0297]	1.5+0.0s
[440/945]	[L1: 0.0299]	1.6+0.0s
[480/945]	[L1: 0.0298]	1.5+0.0s
[520/945]	[L1: 0.0298]	1.9+0.0s
[560/945]	[L1: 0.0301]	1.6+0.0s
[600/945]	[L1: 0.0301]	1.5+0.0s
[640/945]	[L1: 0.0301]	1.5+0.0s
[680/945]	[L1: 0.0301]	1.5+0.0s
[720/945]	[L1: 0.0300]	1.5+0.0s
[760/945]	[L1: 0.0300]	1.7+0.0s
[800/945]	[L1: 0.0298]	1.5+0.0s
[840/945]	[L1: 0.0300]	1.5+0.0s
[880/945]	[L1: 0.0300]	1.5+0.0s
[920/945]	[L1: 0.0300]	1.9+0.0s

Evaluation:
[UCMerced x4]	psnr: 27.899 (Best: 27.899 @epoch 84)
DEBUG: WandB check - hasattr: True, not None: True, idx_scale: 0
DEBUG: Logging to WandB - epoch: 84, psnr: 27.8992919921875
DEBUG: WandB log_validation called successfully
Total time: 2.10s

[Epoch 85]	Learning rate: 1.66e-4
[40/945]	[L1: 0.0294]	1.7+0.0s
[80/945]	[L1: 0.0294]	1.7+0.0s
[120/945]	[L1: 0.0303]	1.9+0.0s
[160/945]	[L1: 0.0305]	1.6+0.0s
[200/945]	[L1: 0.0302]	1.5+0.0s
[240/945]	[L1: 0.0299]	1.7+0.0s
[280/945]	[L1: 0.0297]	1.8+0.0s
[320/945]	[L1: 0.0301]	1.7+0.0s
[360/945]	[L1: 0.0300]	1.7+0.0s
[400/945]	[L1: 0.0296]	2.0+0.0s
[440/945]	[L1: 0.0301]	1.6+0.0s
[480/945]	[L1: 0.0300]	1.6+0.0s
[520/945]	[L1: 0.0300]	1.8+0.0s
[560/945]	[L1: 0.0301]	1.7+0.0s
[600/945]	[L1: 0.0300]	1.7+0.0s
[640/945]	[L1: 0.0302]	1.8+0.0s
[680/945]	[L1: 0.0303]	1.7+0.0s
[720/945]	[L1: 0.0301]	1.7+0.0s
[760/945]	[L1: 0.0300]	1.6+0.0s
[800/945]	[L1: 0.0299]	2.1+0.0s
[840/945]	[L1: 0.0299]	1.7+0.0s
[880/945]	[L1: 0.0298]	1.6+0.0s
[920/945]	[L1: 0.0299]	1.7+0.0s

Evaluation:
[UCMerced x4]	psnr: 27.904 (Best: 27.904 @epoch 85)
DEBUG: WandB check - hasattr: True, not None: True, idx_scale: 0
DEBUG: Logging to WandB - epoch: 85, psnr: 27.90374755859375
DEBUG: WandB log_validation called successfully
Total time: 2.13s

[Epoch 86]	Learning rate: 1.65e-4
[40/945]	[L1: 0.0293]	1.5+0.0s
[80/945]	[L1: 0.0292]	1.5+0.0s
[120/945]	[L1: 0.0297]	1.5+0.0s
[160/945]	[L1: 0.0294]	1.6+0.0s
[200/945]	[L1: 0.0292]	1.8+0.0s
[240/945]	[L1: 0.0296]	2.1+0.0s
[280/945]	[L1: 0.0301]	1.6+0.0s
[320/945]	[L1: 0.0297]	1.5+0.1s
[360/945]	[L1: 0.0295]	1.6+0.0s
[400/945]	[L1: 0.0294]	1.5+0.0s
[440/945]	[L1: 0.0292]	1.5+0.0s
[480/945]	[L1: 0.0293]	1.6+0.0s
[520/945]	[L1: 0.0294]	1.5+0.0s
[560/945]	[L1: 0.0294]	1.5+0.0s
[600/945]	[L1: 0.0294]	1.7+0.0s
[640/945]	[L1: 0.0295]	2.3+0.0s
[680/945]	[L1: 0.0297]	1.6+0.0s
[720/945]	[L1: 0.0296]	1.5+0.0s
[760/945]	[L1: 0.0295]	1.5+0.0s
[800/945]	[L1: 0.0294]	1.6+0.0s
[840/945]	[L1: 0.0295]	1.6+0.0s
[880/945]	[L1: 0.0296]	1.7+0.0s
[920/945]	[L1: 0.0297]	1.7+0.0s

Evaluation:
[UCMerced x4]	psnr: 27.882 (Best: 27.904 @epoch 85)
DEBUG: WandB check - hasattr: True, not None: True, idx_scale: 0
DEBUG: Logging to WandB - epoch: 86, psnr: 27.88203239440918
DEBUG: WandB log_validation called successfully
Total time: 2.19s

[Epoch 87]	Learning rate: 1.64e-4
[40/945]	[L1: 0.0291]	1.5+0.0s
[80/945]	[L1: 0.0296]	2.1+0.0s
[120/945]	[L1: 0.0294]	1.5+0.0s
[160/945]	[L1: 0.0295]	1.5+0.0s
[200/945]	[L1: 0.0296]	1.5+0.0s
[240/945]	[L1: 0.0296]	1.5+0.0s
[280/945]	[L1: 0.0298]	1.5+0.0s
[320/945]	[L1: 0.0296]	1.5+0.0s
[360/945]	[L1: 0.0295]	1.6+0.0s
[400/945]	[L1: 0.0295]	2.1+0.0s
[440/945]	[L1: 0.0297]	1.7+0.0s
[480/945]	[L1: 0.0296]	2.1+0.0s
[520/945]	[L1: 0.0294]	1.5+0.0s
[560/945]	[L1: 0.0295]	1.5+0.0s
[600/945]	[L1: 0.0297]	1.6+0.0s
[640/945]	[L1: 0.0297]	1.7+0.0s
[680/945]	[L1: 0.0296]	1.6+0.0s
[720/945]	[L1: 0.0298]	1.5+0.0s
[760/945]	[L1: 0.0298]	1.5+0.0s
[800/945]	[L1: 0.0296]	1.7+0.0s
[840/945]	[L1: 0.0296]	1.5+0.0s
[880/945]	[L1: 0.0297]	1.9+0.0s
[920/945]	[L1: 0.0297]	1.6+0.0s

Evaluation:
[UCMerced x4]	psnr: 27.832 (Best: 27.904 @epoch 85)
DEBUG: WandB check - hasattr: True, not None: True, idx_scale: 0
DEBUG: Logging to WandB - epoch: 87, psnr: 27.83222770690918
DEBUG: WandB log_validation called successfully
Total time: 2.01s

[Epoch 88]	Learning rate: 1.63e-4
[40/945]	[L1: 0.0289]	1.5+0.0s
[80/945]	[L1: 0.0293]	1.6+0.0s
[120/945]	[L1: 0.0298]	1.7+0.0s
[160/945]	[L1: 0.0286]	1.7+0.0s
[200/945]	[L1: 0.0291]	1.5+0.0s
[240/945]	[L1: 0.0289]	1.6+0.0s
[280/945]	[L1: 0.0290]	1.5+0.0s
[320/945]	[L1: 0.0287]	1.6+0.0s
[360/945]	[L1: 0.0291]	1.9+0.0s
[400/945]	[L1: 0.0289]	1.5+0.0s
[440/945]	[L1: 0.0292]	1.6+0.0s
[480/945]	[L1: 0.0292]	1.6+0.0s
[520/945]	[L1: 0.0294]	1.6+0.0s
[560/945]	[L1: 0.0294]	1.7+0.0s
[600/945]	[L1: 0.0293]	1.6+0.0s
[640/945]	[L1: 0.0294]	1.5+0.0s
[680/945]	[L1: 0.0297]	1.5+0.0s
[720/945]	[L1: 0.0296]	1.5+0.0s
[760/945]	[L1: 0.0297]	2.0+0.0s
[800/945]	[L1: 0.0299]	1.8+0.0s
[840/945]	[L1: 0.0299]	1.7+0.0s
[880/945]	[L1: 0.0299]	1.7+0.0s
[920/945]	[L1: 0.0299]	1.5+0.0s

Evaluation:
[UCMerced x4]	psnr: 27.862 (Best: 27.904 @epoch 85)
DEBUG: WandB check - hasattr: True, not None: True, idx_scale: 0
DEBUG: Logging to WandB - epoch: 88, psnr: 27.8624324798584
DEBUG: WandB log_validation called successfully
Total time: 2.01s

[Epoch 89]	Learning rate: 1.62e-4
[40/945]	[L1: 0.0322]	1.6+0.0s
[80/945]	[L1: 0.0302]	1.5+0.0s
[120/945]	[L1: 0.0309]	1.8+0.0s
[160/945]	[L1: 0.0304]	1.8+0.0s
[200/945]	[L1: 0.0304]	2.1+0.0s
[240/945]	[L1: 0.0297]	1.7+0.0s
[280/945]	[L1: 0.0299]	2.0+0.0s
[320/945]	[L1: 0.0297]	1.5+0.0s
[360/945]	[L1: 0.0296]	1.6+0.0s
[400/945]	[L1: 0.0295]	1.5+0.0s
[440/945]	[L1: 0.0294]	1.7+0.0s
[480/945]	[L1: 0.0294]	1.8+0.0s
[520/945]	[L1: 0.0295]	1.7+0.0s
[560/945]	[L1: 0.0296]	1.6+0.0s
[600/945]	[L1: 0.0296]	2.0+0.0s
[640/945]	[L1: 0.0295]	1.5+0.0s
[680/945]	[L1: 0.0297]	1.7+0.0s
[720/945]	[L1: 0.0298]	1.5+0.0s
[760/945]	[L1: 0.0297]	1.5+0.0s
[800/945]	[L1: 0.0299]	1.5+0.0s
[840/945]	[L1: 0.0299]	1.6+0.0s
[880/945]	[L1: 0.0298]	1.5+0.0s
[920/945]	[L1: 0.0299]	1.5+0.0s

Evaluation:
[UCMerced x4]	psnr: 27.865 (Best: 27.904 @epoch 85)
DEBUG: WandB check - hasattr: True, not None: True, idx_scale: 0
DEBUG: Logging to WandB - epoch: 89, psnr: 27.865476608276367
DEBUG: WandB log_validation called successfully
Total time: 2.05s

[Epoch 90]	Learning rate: 1.62e-4
[40/945]	[L1: 0.0272]	2.1+0.0s
[80/945]	[L1: 0.0269]	1.5+0.0s
[120/945]	[L1: 0.0276]	1.7+0.0s
[160/945]	[L1: 0.0283]	1.9+0.0s
[200/945]	[L1: 0.0288]	1.7+0.0s
[240/945]	[L1: 0.0293]	1.7+0.0s
[280/945]	[L1: 0.0293]	1.6+0.0s
[320/945]	[L1: 0.0295]	1.5+0.0s
[360/945]	[L1: 0.0298]	1.6+0.0s
[400/945]	[L1: 0.0298]	1.6+0.0s
[440/945]	[L1: 0.0299]	2.3+0.0s
[480/945]	[L1: 0.0298]	1.8+0.0s
[520/945]	[L1: 0.0299]	1.7+0.0s
[560/945]	[L1: 0.0296]	1.7+0.0s
[600/945]	[L1: 0.0297]	1.5+0.0s
[640/945]	[L1: 0.0298]	1.5+0.0s
[680/945]	[L1: 0.0297]	1.5+0.0s
[720/945]	[L1: 0.0297]	1.5+0.0s
[760/945]	[L1: 0.0296]	1.5+0.0s
[800/945]	[L1: 0.0296]	1.5+0.0s
[840/945]	[L1: 0.0297]	1.9+0.0s
[880/945]	[L1: 0.0298]	1.5+0.0s
[920/945]	[L1: 0.0298]	1.5+0.0s

Evaluation:
[UCMerced x4]	psnr: 27.830 (Best: 27.904 @epoch 85)
DEBUG: WandB check - hasattr: True, not None: True, idx_scale: 0
DEBUG: Logging to WandB - epoch: 90, psnr: 27.829561233520508
DEBUG: WandB log_validation called successfully
Total time: 2.01s

[Epoch 91]	Learning rate: 1.61e-4
[40/945]	[L1: 0.0289]	1.5+0.0s
[80/945]	[L1: 0.0286]	1.5+0.0s
[120/945]	[L1: 0.0289]	1.5+0.0s
[160/945]	[L1: 0.0288]	1.8+0.0s
[200/945]	[L1: 0.0300]	1.5+0.0s
[240/945]	[L1: 0.0299]	1.5+0.0s
[280/945]	[L1: 0.0295]	1.8+0.0s
[320/945]	[L1: 0.0298]	1.5+0.0s
[360/945]	[L1: 0.0295]	1.5+0.0s
[400/945]	[L1: 0.0293]	1.5+0.0s
[440/945]	[L1: 0.0293]	1.5+0.0s
[480/945]	[L1: 0.0293]	1.6+0.0s
[520/945]	[L1: 0.0294]	1.5+0.0s
[560/945]	[L1: 0.0292]	1.7+0.0s
[600/945]	[L1: 0.0292]	1.5+0.0s
[640/945]	[L1: 0.0295]	1.6+0.0s
[680/945]	[L1: 0.0295]	1.8+0.0s
[720/945]	[L1: 0.0294]	1.5+0.0s
[760/945]	[L1: 0.0296]	1.5+0.0s
[800/945]	[L1: 0.0297]	1.5+0.0s
[840/945]	[L1: 0.0297]	1.5+0.0s
[880/945]	[L1: 0.0298]	1.5+0.0s
[920/945]	[L1: 0.0298]	1.5+0.0s

Evaluation:
[UCMerced x4]	psnr: 27.907 (Best: 27.907 @epoch 91)
DEBUG: WandB check - hasattr: True, not None: True, idx_scale: 0
DEBUG: Logging to WandB - epoch: 91, psnr: 27.906845092773438
DEBUG: WandB log_validation called successfully
Total time: 2.15s

[Epoch 92]	Learning rate: 1.60e-4
[40/945]	[L1: 0.0291]	1.5+0.0s
[80/945]	[L1: 0.0277]	1.5+0.0s
[120/945]	[L1: 0.0285]	1.5+0.0s
[160/945]	[L1: 0.0290]	1.9+0.0s
[200/945]	[L1: 0.0296]	1.5+0.0s
[240/945]	[L1: 0.0294]	1.5+0.0s
[280/945]	[L1: 0.0297]	1.5+0.0s
[320/945]	[L1: 0.0305]	1.7+0.0s
[360/945]	[L1: 0.0301]	1.5+0.0s
[400/945]	[L1: 0.0303]	1.5+0.0s
[440/945]	[L1: 0.0300]	1.5+0.0s
[480/945]	[L1: 0.0299]	1.5+0.0s
[520/945]	[L1: 0.0298]	1.7+0.0s
[560/945]	[L1: 0.0298]	2.0+0.0s
[600/945]	[L1: 0.0299]	1.7+0.0s
[640/945]	[L1: 0.0298]	1.7+0.0s
[680/945]	[L1: 0.0297]	1.7+0.0s
[720/945]	[L1: 0.0296]	1.8+0.0s
[760/945]	[L1: 0.0296]	1.6+0.0s
[800/945]	[L1: 0.0297]	1.5+0.0s
[840/945]	[L1: 0.0297]	1.5+0.0s
[880/945]	[L1: 0.0298]	1.7+0.0s
[920/945]	[L1: 0.0297]	1.8+0.0s

Evaluation:
[UCMerced x4]	psnr: 27.879 (Best: 27.907 @epoch 91)
DEBUG: WandB check - hasattr: True, not None: True, idx_scale: 0
DEBUG: Logging to WandB - epoch: 92, psnr: 27.878572463989258
DEBUG: WandB log_validation called successfully
Total time: 2.14s

[Epoch 93]	Learning rate: 1.59e-4
[40/945]	[L1: 0.0319]	1.5+0.0s
[80/945]	[L1: 0.0297]	1.7+0.0s
[120/945]	[L1: 0.0311]	1.6+0.0s
[160/945]	[L1: 0.0310]	1.5+0.0s
[200/945]	[L1: 0.0306]	1.5+0.0s
[240/945]	[L1: 0.0305]	1.5+0.0s
[280/945]	[L1: 0.0301]	1.5+0.0s
[320/945]	[L1: 0.0298]	1.5+0.0s
[360/945]	[L1: 0.0295]	1.5+0.0s
[400/945]	[L1: 0.0299]	1.9+0.0s
[440/945]	[L1: 0.0302]	1.6+0.0s
[480/945]	[L1: 0.0304]	1.7+0.0s
[520/945]	[L1: 0.0304]	1.5+0.0s
[560/945]	[L1: 0.0304]	1.5+0.0s
[600/945]	[L1: 0.0300]	1.5+0.1s
[640/945]	[L1: 0.0300]	1.6+0.0s
[680/945]	[L1: 0.0300]	1.7+0.0s
[720/945]	[L1: 0.0299]	1.6+0.0s
[760/945]	[L1: 0.0297]	1.7+0.0s
[800/945]	[L1: 0.0296]	1.9+0.0s
[840/945]	[L1: 0.0296]	1.5+0.0s
[880/945]	[L1: 0.0297]	1.9+0.0s
[920/945]	[L1: 0.0298]	1.7+0.0s

Evaluation:
[UCMerced x4]	psnr: 27.880 (Best: 27.907 @epoch 91)
DEBUG: WandB check - hasattr: True, not None: True, idx_scale: 0
DEBUG: Logging to WandB - epoch: 93, psnr: 27.88027000427246
DEBUG: WandB log_validation called successfully
Total time: 2.06s

[Epoch 94]	Learning rate: 1.58e-4
[40/945]	[L1: 0.0292]	1.5+0.0s
[80/945]	[L1: 0.0308]	1.5+0.0s
[120/945]	[L1: 0.0303]	1.6+0.0s
[160/945]	[L1: 0.0293]	1.7+0.0s
[200/945]	[L1: 0.0301]	2.0+0.0s
[240/945]	[L1: 0.0305]	2.1+0.0s
[280/945]	[L1: 0.0303]	1.7+0.0s
[320/945]	[L1: 0.0298]	1.9+0.0s
[360/945]	[L1: 0.0298]	1.7+0.0s
[400/945]	[L1: 0.0297]	1.7+0.0s
[440/945]	[L1: 0.0297]	1.7+0.0s
[480/945]	[L1: 0.0295]	1.7+0.0s
[520/945]	[L1: 0.0295]	1.6+0.0s
[560/945]	[L1: 0.0295]	1.5+0.0s
[600/945]	[L1: 0.0295]	1.7+0.0s
[640/945]	[L1: 0.0295]	2.0+0.0s
[680/945]	[L1: 0.0297]	1.5+0.0s
[720/945]	[L1: 0.0299]	1.5+0.0s
[760/945]	[L1: 0.0299]	1.5+0.0s
[800/945]	[L1: 0.0299]	1.5+0.0s
[840/945]	[L1: 0.0299]	1.5+0.0s
[880/945]	[L1: 0.0298]	1.5+0.0s
[920/945]	[L1: 0.0297]	1.5+0.0s

Evaluation:
[UCMerced x4]	psnr: 27.873 (Best: 27.907 @epoch 91)
DEBUG: WandB check - hasattr: True, not None: True, idx_scale: 0
DEBUG: Logging to WandB - epoch: 94, psnr: 27.872772216796875
DEBUG: WandB log_validation called successfully
Total time: 2.14s

[Epoch 95]	Learning rate: 1.58e-4
[40/945]	[L1: 0.0287]	1.5+0.0s
[80/945]	[L1: 0.0293]	1.5+0.0s
[120/945]	[L1: 0.0294]	1.9+0.0s
[160/945]	[L1: 0.0302]	1.5+0.0s
[200/945]	[L1: 0.0303]	1.5+0.0s
[240/945]	[L1: 0.0306]	1.6+0.0s
[280/945]	[L1: 0.0305]	1.5+0.0s
[320/945]	[L1: 0.0307]	1.5+0.0s
[360/945]	[L1: 0.0303]	1.8+0.0s
[400/945]	[L1: 0.0301]	1.7+0.0s
[440/945]	[L1: 0.0300]	1.8+0.0s
[480/945]	[L1: 0.0300]	1.8+0.0s
[520/945]	[L1: 0.0300]	2.1+0.0s
[560/945]	[L1: 0.0299]	1.9+0.0s
[600/945]	[L1: 0.0300]	1.6+0.0s
[640/945]	[L1: 0.0299]	1.6+0.0s
[680/945]	[L1: 0.0299]	1.5+0.0s
[720/945]	[L1: 0.0298]	1.6+0.0s
[760/945]	[L1: 0.0297]	1.7+0.0s
[800/945]	[L1: 0.0298]	1.5+0.0s
[840/945]	[L1: 0.0298]	1.5+0.0s
[880/945]	[L1: 0.0298]	1.5+0.0s
[920/945]	[L1: 0.0298]	2.2+0.0s

Evaluation:
[UCMerced x4]	psnr: 27.898 (Best: 27.907 @epoch 91)
DEBUG: WandB check - hasattr: True, not None: True, idx_scale: 0
DEBUG: Logging to WandB - epoch: 95, psnr: 27.897918701171875
DEBUG: WandB log_validation called successfully
Total time: 2.05s

[Epoch 96]	Learning rate: 1.57e-4
[40/945]	[L1: 0.0283]	1.6+0.0s
[80/945]	[L1: 0.0272]	1.7+0.0s
[120/945]	[L1: 0.0288]	1.5+0.0s
[160/945]	[L1: 0.0299]	1.5+0.0s
[200/945]	[L1: 0.0299]	1.7+0.0s
[240/945]	[L1: 0.0294]	1.6+0.0s
[280/945]	[L1: 0.0293]	1.7+0.0s
[320/945]	[L1: 0.0293]	1.6+0.0s
[360/945]	[L1: 0.0292]	1.8+0.0s
[400/945]	[L1: 0.0290]	1.6+0.0s
[440/945]	[L1: 0.0290]	1.8+0.0s
[480/945]	[L1: 0.0291]	1.8+0.0s
[520/945]	[L1: 0.0292]	1.7+0.0s
[560/945]	[L1: 0.0293]	1.6+0.0s
[600/945]	[L1: 0.0294]	1.6+0.0s
[640/945]	[L1: 0.0295]	1.6+0.0s
[680/945]	[L1: 0.0296]	1.6+0.0s
[720/945]	[L1: 0.0295]	1.6+0.0s
[760/945]	[L1: 0.0296]	1.8+0.0s
[800/945]	[L1: 0.0296]	1.6+0.0s
[840/945]	[L1: 0.0296]	1.6+0.0s
[880/945]	[L1: 0.0297]	1.7+0.0s
[920/945]	[L1: 0.0297]	1.5+0.0s

Evaluation:
[UCMerced x4]	psnr: 27.908 (Best: 27.908 @epoch 96)
DEBUG: WandB check - hasattr: True, not None: True, idx_scale: 0
DEBUG: Logging to WandB - epoch: 96, psnr: 27.907882690429688
DEBUG: WandB log_validation called successfully
Total time: 2.09s

[Epoch 97]	Learning rate: 1.56e-4
[40/945]	[L1: 0.0337]	1.6+0.0s
[80/945]	[L1: 0.0303]	1.6+0.0s
[120/945]	[L1: 0.0297]	1.5+0.0s
[160/945]	[L1: 0.0295]	1.6+0.0s
[200/945]	[L1: 0.0295]	2.1+0.0s
[240/945]	[L1: 0.0294]	2.0+0.0s
[280/945]	[L1: 0.0297]	1.7+0.0s
[320/945]	[L1: 0.0298]	1.7+0.0s
[360/945]	[L1: 0.0298]	1.6+0.0s
[400/945]	[L1: 0.0302]	1.5+0.0s
[440/945]	[L1: 0.0302]	1.5+0.0s
[480/945]	[L1: 0.0303]	1.6+0.0s
[520/945]	[L1: 0.0301]	1.7+0.0s
[560/945]	[L1: 0.0297]	1.7+0.0s
[600/945]	[L1: 0.0295]	2.1+0.0s
[640/945]	[L1: 0.0297]	1.9+0.0s
[680/945]	[L1: 0.0296]	1.7+0.1s
[720/945]	[L1: 0.0295]	1.7+0.0s
[760/945]	[L1: 0.0295]	1.6+0.0s
[800/945]	[L1: 0.0295]	1.6+0.0s
[840/945]	[L1: 0.0295]	1.6+0.0s
[880/945]	[L1: 0.0296]	1.6+0.0s
[920/945]	[L1: 0.0295]	1.7+0.0s

Evaluation:
[UCMerced x4]	psnr: 27.914 (Best: 27.914 @epoch 97)
DEBUG: WandB check - hasattr: True, not None: True, idx_scale: 0
DEBUG: Logging to WandB - epoch: 97, psnr: 27.913898468017578
DEBUG: WandB log_validation called successfully
Total time: 2.20s

[Epoch 98]	Learning rate: 1.55e-4
[40/945]	[L1: 0.0324]	1.6+0.0s
[80/945]	[L1: 0.0304]	2.0+0.0s
[120/945]	[L1: 0.0293]	1.7+0.0s
[160/945]	[L1: 0.0301]	1.8+0.1s
[200/945]	[L1: 0.0297]	1.7+0.0s
[240/945]	[L1: 0.0302]	1.8+0.0s
[280/945]	[L1: 0.0303]	1.8+0.0s
[320/945]	[L1: 0.0304]	1.7+0.0s
[360/945]	[L1: 0.0301]	1.7+0.0s
[400/945]	[L1: 0.0303]	1.7+0.0s
[440/945]	[L1: 0.0303]	1.5+0.0s
[480/945]	[L1: 0.0302]	2.0+0.0s
[520/945]	[L1: 0.0300]	1.7+0.0s
[560/945]	[L1: 0.0301]	1.7+0.0s
[600/945]	[L1: 0.0300]	1.6+0.0s
[640/945]	[L1: 0.0302]	1.6+0.0s
[680/945]	[L1: 0.0301]	1.7+0.0s
[720/945]	[L1: 0.0302]	1.6+0.0s
[760/945]	[L1: 0.0300]	1.7+0.0s
[800/945]	[L1: 0.0298]	1.7+0.0s
[840/945]	[L1: 0.0298]	1.5+0.0s
[880/945]	[L1: 0.0297]	1.8+0.0s
[920/945]	[L1: 0.0298]	1.6+0.0s

Evaluation:
[UCMerced x4]	psnr: 27.852 (Best: 27.914 @epoch 97)
DEBUG: WandB check - hasattr: True, not None: True, idx_scale: 0
DEBUG: Logging to WandB - epoch: 98, psnr: 27.85207176208496
DEBUG: WandB log_validation called successfully
Total time: 2.18s

[Epoch 99]	Learning rate: 1.54e-4
[40/945]	[L1: 0.0301]	1.5+0.0s
[80/945]	[L1: 0.0293]	1.6+0.0s
[120/945]	[L1: 0.0294]	1.7+0.0s
[160/945]	[L1: 0.0292]	1.6+0.0s
[200/945]	[L1: 0.0296]	1.7+0.0s
[240/945]	[L1: 0.0296]	1.6+0.0s
[280/945]	[L1: 0.0300]	1.7+0.0s
[320/945]	[L1: 0.0299]	1.8+0.0s
[360/945]	[L1: 0.0302]	1.5+0.0s
[400/945]	[L1: 0.0302]	1.5+0.0s
[440/945]	[L1: 0.0300]	1.5+0.0s
[480/945]	[L1: 0.0298]	1.5+0.0s
[520/945]	[L1: 0.0295]	1.8+0.0s
[560/945]	[L1: 0.0297]	1.7+0.0s
[600/945]	[L1: 0.0299]	1.6+0.0s
[640/945]	[L1: 0.0299]	1.5+0.0s
[680/945]	[L1: 0.0300]	1.5+0.0s
[720/945]	[L1: 0.0298]	1.9+0.0s
[760/945]	[L1: 0.0299]	1.6+0.0s
[800/945]	[L1: 0.0297]	1.5+0.0s
[840/945]	[L1: 0.0297]	1.5+0.0s
[880/945]	[L1: 0.0296]	1.6+0.0s
[920/945]	[L1: 0.0296]	1.7+0.0s

Evaluation:
[UCMerced x4]	psnr: 27.884 (Best: 27.914 @epoch 97)
DEBUG: WandB check - hasattr: True, not None: True, idx_scale: 0
DEBUG: Logging to WandB - epoch: 99, psnr: 27.884132385253906
DEBUG: WandB log_validation called successfully
Total time: 2.01s

[Epoch 100]	Learning rate: 1.53e-4
[40/945]	[L1: 0.0285]	1.5+0.0s
[80/945]	[L1: 0.0277]	1.6+0.0s
[120/945]	[L1: 0.0290]	1.5+0.0s
[160/945]	[L1: 0.0294]	1.9+0.0s
[200/945]	[L1: 0.0291]	1.7+0.0s
[240/945]	[L1: 0.0285]	1.6+0.0s
[280/945]	[L1: 0.0293]	1.7+0.0s
[320/945]	[L1: 0.0290]	1.7+0.0s
[360/945]	[L1: 0.0291]	1.7+0.0s
[400/945]	[L1: 0.0291]	1.7+0.0s
[440/945]	[L1: 0.0289]	1.6+0.0s
[480/945]	[L1: 0.0289]	1.6+0.0s
[520/945]	[L1: 0.0292]	1.5+0.0s
[560/945]	[L1: 0.0292]	2.0+0.0s
[600/945]	[L1: 0.0294]	1.5+0.0s
[640/945]	[L1: 0.0294]	1.5+0.0s
[680/945]	[L1: 0.0295]	1.7+0.0s
[720/945]	[L1: 0.0293]	1.5+0.0s
[760/945]	[L1: 0.0292]	1.5+0.0s
[800/945]	[L1: 0.0294]	1.5+0.0s
[840/945]	[L1: 0.0294]	1.5+0.0s
[880/945]	[L1: 0.0295]	1.6+0.0s
[920/945]	[L1: 0.0297]	1.5+0.0s

Evaluation:
[UCMerced x4]	psnr: 27.909 (Best: 27.914 @epoch 97)
DEBUG: WandB check - hasattr: True, not None: True, idx_scale: 0
DEBUG: Logging to WandB - epoch: 100, psnr: 27.908552169799805
DEBUG: WandB log_validation called successfully
Total time: 2.15s

💾 Saved step checkpoint at step 23700
[Epoch 101]	Learning rate: 1.53e-4
[40/945]	[L1: 0.0280]	1.5+0.0s
[80/945]	[L1: 0.0295]	1.5+0.0s
[120/945]	[L1: 0.0305]	1.7+0.0s
[160/945]	[L1: 0.0309]	1.7+0.0s
[200/945]	[L1: 0.0305]	1.8+0.0s
[240/945]	[L1: 0.0303]	1.7+0.0s
[280/945]	[L1: 0.0302]	1.7+0.0s
[320/945]	[L1: 0.0302]	1.5+0.0s
[360/945]	[L1: 0.0300]	1.5+0.0s
[400/945]	[L1: 0.0299]	2.1+0.0s
[440/945]	[L1: 0.0301]	1.5+0.0s
[480/945]	[L1: 0.0296]	1.6+0.0s
[520/945]	[L1: 0.0300]	1.7+0.0s
[560/945]	[L1: 0.0297]	1.8+0.0s
[600/945]	[L1: 0.0299]	1.7+0.0s
[640/945]	[L1: 0.0298]	1.7+0.0s
[680/945]	[L1: 0.0297]	1.5+0.0s
[720/945]	[L1: 0.0296]	1.7+0.0s
[760/945]	[L1: 0.0297]	1.8+0.0s
[800/945]	[L1: 0.0295]	2.3+0.0s
[840/945]	[L1: 0.0294]	1.6+0.0s
[880/945]	[L1: 0.0295]	1.6+0.0s
[920/945]	[L1: 0.0294]	1.7+0.0s

Evaluation:
[UCMerced x4]	psnr: 27.893 (Best: 27.914 @epoch 97)
DEBUG: WandB check - hasattr: True, not None: True, idx_scale: 0
DEBUG: Logging to WandB - epoch: 101, psnr: 27.892505645751953
DEBUG: WandB log_validation called successfully
Total time: 2.13s

[Epoch 102]	Learning rate: 1.52e-4
[40/945]	[L1: 0.0323]	1.6+0.0s
[80/945]	[L1: 0.0309]	1.5+0.0s
[120/945]	[L1: 0.0303]	1.6+0.0s
[160/945]	[L1: 0.0302]	1.9+0.0s
[200/945]	[L1: 0.0308]	1.6+0.0s
[240/945]	[L1: 0.0310]	1.6+0.0s
[280/945]	[L1: 0.0307]	1.9+0.0s
[320/945]	[L1: 0.0306]	1.5+0.0s
[360/945]	[L1: 0.0303]	1.6+0.0s
[400/945]	[L1: 0.0305]	1.5+0.0s
[440/945]	[L1: 0.0304]	1.6+0.0s
[480/945]	[L1: 0.0304]	1.6+0.0s
[520/945]	[L1: 0.0305]	1.6+0.0s
[560/945]	[L1: 0.0304]	1.7+0.0s
[600/945]	[L1: 0.0302]	1.5+0.0s
[640/945]	[L1: 0.0299]	1.6+0.0s
[680/945]	[L1: 0.0300]	1.8+0.0s
[720/945]	[L1: 0.0300]	1.6+0.0s
[760/945]	[L1: 0.0298]	1.6+0.0s
[800/945]	[L1: 0.0297]	1.5+0.0s
[840/945]	[L1: 0.0297]	1.7+0.0s
[880/945]	[L1: 0.0298]	1.5+0.0s
[920/945]	[L1: 0.0297]	1.5+0.0s

Evaluation:
[UCMerced x4]	psnr: 27.871 (Best: 27.914 @epoch 97)
DEBUG: WandB check - hasattr: True, not None: True, idx_scale: 0
DEBUG: Logging to WandB - epoch: 102, psnr: 27.871030807495117
DEBUG: WandB log_validation called successfully
Total time: 2.03s

[Epoch 103]	Learning rate: 1.51e-4
[40/945]	[L1: 0.0299]	1.5+0.0s
[80/945]	[L1: 0.0290]	1.6+0.0s
[120/945]	[L1: 0.0288]	1.9+0.0s
[160/945]	[L1: 0.0290]	1.5+0.0s
[200/945]	[L1: 0.0295]	1.6+0.0s
[240/945]	[L1: 0.0298]	1.6+0.0s
[280/945]	[L1: 0.0291]	1.5+0.0s
[320/945]	[L1: 0.0293]	1.7+0.0s
[360/945]	[L1: 0.0291]	1.5+0.0s
[400/945]	[L1: 0.0289]	1.6+0.0s
[440/945]	[L1: 0.0288]	1.5+0.0s
[480/945]	[L1: 0.0288]	1.5+0.0s
[520/945]	[L1: 0.0288]	2.0+0.0s
[560/945]	[L1: 0.0290]	1.7+0.0s
[600/945]	[L1: 0.0291]	1.7+0.0s
[640/945]	[L1: 0.0293]	1.7+0.0s
[680/945]	[L1: 0.0292]	1.5+0.0s
[720/945]	[L1: 0.0293]	1.8+0.0s
[760/945]	[L1: 0.0292]	1.5+0.0s
[800/945]	[L1: 0.0292]	1.5+0.0s
[840/945]	[L1: 0.0293]	1.5+0.0s
[880/945]	[L1: 0.0294]	1.5+0.0s
[920/945]	[L1: 0.0295]	2.0+0.0s

Evaluation:
[UCMerced x4]	psnr: 27.913 (Best: 27.914 @epoch 97)
DEBUG: WandB check - hasattr: True, not None: True, idx_scale: 0
DEBUG: Logging to WandB - epoch: 103, psnr: 27.913097381591797
DEBUG: WandB log_validation called successfully
Total time: 2.02s

[Epoch 104]	Learning rate: 1.50e-4
[40/945]	[L1: 0.0315]	1.8+0.0s
[80/945]	[L1: 0.0301]	1.5+0.0s
[120/945]	[L1: 0.0295]	1.5+0.0s
[160/945]	[L1: 0.0297]	1.5+0.0s
[200/945]	[L1: 0.0301]	1.5+0.0s
[240/945]	[L1: 0.0297]	1.5+0.0s
[280/945]	[L1: 0.0297]	1.5+0.0s
[320/945]	[L1: 0.0297]	1.5+0.0s
[360/945]	[L1: 0.0295]	1.9+0.0s
[400/945]	[L1: 0.0295]	1.5+0.0s
[440/945]	[L1: 0.0295]	1.7+0.0s
[480/945]	[L1: 0.0296]	1.5+0.0s
[520/945]	[L1: 0.0295]	1.7+0.0s
[560/945]	[L1: 0.0295]	1.5+0.0s
[600/945]	[L1: 0.0291]	1.5+0.0s
[640/945]	[L1: 0.0293]	1.5+0.0s
[680/945]	[L1: 0.0293]	1.6+0.0s
[720/945]	[L1: 0.0293]	1.5+0.0s
[760/945]	[L1: 0.0293]	2.0+0.0s
[800/945]	[L1: 0.0295]	1.7+0.0s
[840/945]	[L1: 0.0295]	2.1+0.0s
[880/945]	[L1: 0.0295]	1.7+0.0s
[920/945]	[L1: 0.0295]	1.5+0.0s

Evaluation:
[UCMerced x4]	psnr: 27.904 (Best: 27.914 @epoch 97)
DEBUG: WandB check - hasattr: True, not None: True, idx_scale: 0
DEBUG: Logging to WandB - epoch: 104, psnr: 27.90413475036621
DEBUG: WandB log_validation called successfully
Total time: 2.01s

[Epoch 105]	Learning rate: 1.49e-4
[40/945]	[L1: 0.0293]	1.7+0.0s
[80/945]	[L1: 0.0282]	1.7+0.0s
[120/945]	[L1: 0.0296]	1.5+0.0s
[160/945]	[L1: 0.0300]	1.5+0.0s
[200/945]	[L1: 0.0296]	1.7+0.0s
[240/945]	[L1: 0.0297]	2.0+0.0s
[280/945]	[L1: 0.0298]	1.5+0.0s
[320/945]	[L1: 0.0302]	1.5+0.0s
[360/945]	[L1: 0.0298]	1.5+0.0s
[400/945]	[L1: 0.0298]	1.5+0.0s
[440/945]	[L1: 0.0300]	1.5+0.0s
[480/945]	[L1: 0.0297]	1.6+0.0s
[520/945]	[L1: 0.0296]	1.5+0.0s
[560/945]	[L1: 0.0300]	1.5+0.0s
[600/945]	[L1: 0.0301]	1.7+0.0s
[640/945]	[L1: 0.0301]	1.9+0.0s
[680/945]	[L1: 0.0302]	1.7+0.0s
[720/945]	[L1: 0.0304]	1.9+0.0s
[760/945]	[L1: 0.0303]	1.5+0.0s
[800/945]	[L1: 0.0302]	1.5+0.0s
[840/945]	[L1: 0.0300]	1.5+0.0s
[880/945]	[L1: 0.0298]	1.5+0.0s
[920/945]	[L1: 0.0297]	1.5+0.0s

Evaluation:
[UCMerced x4]	psnr: 27.898 (Best: 27.914 @epoch 97)
DEBUG: WandB check - hasattr: True, not None: True, idx_scale: 0
DEBUG: Logging to WandB - epoch: 105, psnr: 27.897836685180664
DEBUG: WandB log_validation called successfully
Total time: 2.26s

[Epoch 106]	Learning rate: 1.48e-4
[40/945]	[L1: 0.0308]	1.8+0.0s
[80/945]	[L1: 0.0301]	2.2+0.0s
[120/945]	[L1: 0.0297]	1.7+0.0s
[160/945]	[L1: 0.0296]	1.6+0.0s
[200/945]	[L1: 0.0291]	1.5+0.0s
[240/945]	[L1: 0.0291]	1.6+0.0s
[280/945]	[L1: 0.0292]	1.6+0.0s
[320/945]	[L1: 0.0289]	1.7+0.0s
[360/945]	[L1: 0.0293]	1.7+0.0s
[400/945]	[L1: 0.0291]	1.6+0.0s
[440/945]	[L1: 0.0291]	1.6+0.0s
[480/945]	[L1: 0.0290]	2.1+0.0s
[520/945]	[L1: 0.0293]	1.9+0.0s
[560/945]	[L1: 0.0294]	1.7+0.0s
[600/945]	[L1: 0.0293]	1.7+0.0s
[640/945]	[L1: 0.0295]	1.7+0.0s
[680/945]	[L1: 0.0295]	1.6+0.0s
[720/945]	[L1: 0.0294]	1.7+0.0s
[760/945]	[L1: 0.0295]	1.5+0.0s
[800/945]	[L1: 0.0297]	1.5+0.0s
[840/945]	[L1: 0.0297]	1.7+0.0s
[880/945]	[L1: 0.0297]	1.8+0.0s
[920/945]	[L1: 0.0296]	1.5+0.0s

Evaluation:
[UCMerced x4]	psnr: 27.901 (Best: 27.914 @epoch 97)
DEBUG: WandB check - hasattr: True, not None: True, idx_scale: 0
DEBUG: Logging to WandB - epoch: 106, psnr: 27.900875091552734
DEBUG: WandB log_validation called successfully
Total time: 2.01s

[Epoch 107]	Learning rate: 1.47e-4
[40/945]	[L1: 0.0279]	1.5+0.0s
[80/945]	[L1: 0.0291]	1.7+0.0s
[120/945]	[L1: 0.0288]	1.5+0.0s
[160/945]	[L1: 0.0294]	1.5+0.0s
[200/945]	[L1: 0.0293]	1.5+0.0s
[240/945]	[L1: 0.0292]	1.6+0.0s
[280/945]	[L1: 0.0288]	1.5+0.0s
[320/945]	[L1: 0.0292]	1.8+0.0s
[360/945]	[L1: 0.0290]	1.5+0.0s
[400/945]	[L1: 0.0291]	1.5+0.0s
[440/945]	[L1: 0.0295]	1.5+0.0s
[480/945]	[L1: 0.0297]	1.7+0.0s
[520/945]	[L1: 0.0298]	1.5+0.0s
[560/945]	[L1: 0.0296]	1.5+0.0s
[600/945]	[L1: 0.0297]	1.6+0.0s
[640/945]	[L1: 0.0297]	1.5+0.0s
[680/945]	[L1: 0.0294]	1.5+0.0s
[720/945]	[L1: 0.0295]	1.9+0.0s
[760/945]	[L1: 0.0294]	1.5+0.0s
[800/945]	[L1: 0.0295]	1.5+0.0s
[840/945]	[L1: 0.0296]	1.5+0.0s
[880/945]	[L1: 0.0296]	1.7+0.0s
[920/945]	[L1: 0.0295]	1.5+0.0s

Evaluation:
[UCMerced x4]	psnr: 27.893 (Best: 27.914 @epoch 97)
DEBUG: WandB check - hasattr: True, not None: True, idx_scale: 0
DEBUG: Logging to WandB - epoch: 107, psnr: 27.892807006835938
DEBUG: WandB log_validation called successfully
Total time: 2.02s

[Epoch 108]	Learning rate: 1.46e-4
[40/945]	[L1: 0.0298]	1.6+0.0s
[80/945]	[L1: 0.0304]	1.5+0.0s
[120/945]	[L1: 0.0299]	1.5+0.0s
[160/945]	[L1: 0.0295]	1.5+0.0s
[200/945]	[L1: 0.0299]	1.9+0.0s
[240/945]	[L1: 0.0302]	1.7+0.0s
[280/945]	[L1: 0.0303]	1.5+0.0s
[320/945]	[L1: 0.0303]	1.5+0.0s
[360/945]	[L1: 0.0302]	1.5+0.0s
[400/945]	[L1: 0.0303]	1.5+0.0s
[440/945]	[L1: 0.0300]	1.5+0.0s
[480/945]	[L1: 0.0297]	1.5+0.0s
[520/945]	[L1: 0.0297]	1.7+0.0s
[560/945]	[L1: 0.0295]	1.5+0.0s
[600/945]	[L1: 0.0294]	1.9+0.0s
[640/945]	[L1: 0.0294]	1.7+0.0s
[680/945]	[L1: 0.0295]	1.6+0.0s
[720/945]	[L1: 0.0296]	1.5+0.0s
[760/945]	[L1: 0.0296]	1.5+0.0s
[800/945]	[L1: 0.0295]	1.5+0.0s
[840/945]	[L1: 0.0295]	1.6+0.0s
[880/945]	[L1: 0.0295]	1.5+0.1s
[920/945]	[L1: 0.0294]	1.5+0.0s

Evaluation:
[UCMerced x4]	psnr: 27.923 (Best: 27.923 @epoch 108)
DEBUG: WandB check - hasattr: True, not None: True, idx_scale: 0
DEBUG: Logging to WandB - epoch: 108, psnr: 27.923341751098633
DEBUG: WandB log_validation called successfully
Total time: 2.17s

[Epoch 109]	Learning rate: 1.45e-4
[40/945]	[L1: 0.0318]	1.9+0.0s
[80/945]	[L1: 0.0301]	1.5+0.0s
[120/945]	[L1: 0.0308]	1.5+0.0s
[160/945]	[L1: 0.0306]	1.7+0.0s
[200/945]	[L1: 0.0301]	1.7+0.0s
[240/945]	[L1: 0.0292]	1.6+0.0s
[280/945]	[L1: 0.0288]	1.6+0.0s
[320/945]	[L1: 0.0287]	1.6+0.0s
[360/945]	[L1: 0.0290]	1.7+0.0s
[400/945]	[L1: 0.0292]	1.5+0.0s
[440/945]	[L1: 0.0290]	2.1+0.0s
[480/945]	[L1: 0.0290]	1.7+0.0s
[520/945]	[L1: 0.0291]	1.7+0.0s
[560/945]	[L1: 0.0292]	1.7+0.0s
[600/945]	[L1: 0.0292]	1.7+0.0s
[640/945]	[L1: 0.0292]	1.7+0.0s
[680/945]	[L1: 0.0291]	1.9+0.0s
[720/945]	[L1: 0.0292]	1.7+0.0s
[760/945]	[L1: 0.0291]	1.8+0.0s
[800/945]	[L1: 0.0291]	1.7+0.0s
[840/945]	[L1: 0.0293]	2.0+0.0s
[880/945]	[L1: 0.0294]	1.5+0.0s
[920/945]	[L1: 0.0295]	1.5+0.0s

Evaluation:
[UCMerced x4]	psnr: 27.928 (Best: 27.928 @epoch 109)
DEBUG: WandB check - hasattr: True, not None: True, idx_scale: 0
DEBUG: Logging to WandB - epoch: 109, psnr: 27.92780876159668
DEBUG: WandB log_validation called successfully
Total time: 2.01s

[Epoch 110]	Learning rate: 1.45e-4
[40/945]	[L1: 0.0317]	1.5+0.0s
[80/945]	[L1: 0.0332]	1.6+0.0s
[120/945]	[L1: 0.0328]	1.7+0.0s
[160/945]	[L1: 0.0326]	1.5+0.0s
[200/945]	[L1: 0.0321]	1.6+0.0s
[240/945]	[L1: 0.0317]	1.5+0.0s
[280/945]	[L1: 0.0312]	1.9+0.0s
[320/945]	[L1: 0.0303]	1.5+0.0s
[360/945]	[L1: 0.0304]	1.5+0.0s
[400/945]	[L1: 0.0304]	1.5+0.0s
[440/945]	[L1: 0.0302]	1.5+0.0s
[480/945]	[L1: 0.0302]	1.6+0.0s
[520/945]	[L1: 0.0303]	1.7+0.0s
[560/945]	[L1: 0.0302]	1.5+0.0s
[600/945]	[L1: 0.0300]	1.5+0.0s
[640/945]	[L1: 0.0301]	1.5+0.0s
[680/945]	[L1: 0.0301]	1.8+0.0s
[720/945]	[L1: 0.0301]	1.5+0.0s
[760/945]	[L1: 0.0300]	1.5+0.0s
[800/945]	[L1: 0.0298]	1.5+0.0s
[840/945]	[L1: 0.0297]	1.5+0.0s
[880/945]	[L1: 0.0298]	1.5+0.0s
[920/945]	[L1: 0.0296]	1.7+0.0s

Evaluation:
[UCMerced x4]	psnr: 27.895 (Best: 27.928 @epoch 109)
DEBUG: WandB check - hasattr: True, not None: True, idx_scale: 0
DEBUG: Logging to WandB - epoch: 110, psnr: 27.89469337463379
DEBUG: WandB log_validation called successfully
Total time: 2.12s

[Epoch 111]	Learning rate: 1.44e-4
[40/945]	[L1: 0.0263]	1.7+0.0s
[80/945]	[L1: 0.0286]	1.6+0.0s
[120/945]	[L1: 0.0278]	2.0+0.0s
[160/945]	[L1: 0.0293]	1.5+0.0s
[200/945]	[L1: 0.0301]	1.5+0.0s
[240/945]	[L1: 0.0305]	1.7+0.0s
[280/945]	[L1: 0.0304]	1.5+0.0s
[320/945]	[L1: 0.0306]	1.5+0.0s
[360/945]	[L1: 0.0306]	1.5+0.0s
[400/945]	[L1: 0.0304]	1.6+0.0s
[440/945]	[L1: 0.0303]	1.7+0.0s
[480/945]	[L1: 0.0302]	1.8+0.0s
[520/945]	[L1: 0.0300]	1.9+0.0s
[560/945]	[L1: 0.0297]	1.5+0.0s
[600/945]	[L1: 0.0296]	1.5+0.0s
[640/945]	[L1: 0.0296]	1.7+0.0s
[680/945]	[L1: 0.0298]	1.5+0.0s
[720/945]	[L1: 0.0298]	1.5+0.0s
[760/945]	[L1: 0.0298]	1.5+0.0s
[800/945]	[L1: 0.0298]	1.6+0.0s
[840/945]	[L1: 0.0298]	1.5+0.0s
[880/945]	[L1: 0.0297]	1.5+0.0s
[920/945]	[L1: 0.0295]	1.8+0.0s

Evaluation:
[UCMerced x4]	psnr: 27.828 (Best: 27.928 @epoch 109)
DEBUG: WandB check - hasattr: True, not None: True, idx_scale: 0
DEBUG: Logging to WandB - epoch: 111, psnr: 27.828081130981445
DEBUG: WandB log_validation called successfully
Total time: 2.14s

[Epoch 112]	Learning rate: 1.43e-4
[40/945]	[L1: 0.0300]	1.5+0.0s
[80/945]	[L1: 0.0281]	1.5+0.0s
[120/945]	[L1: 0.0275]	1.5+0.0s
[160/945]	[L1: 0.0278]	1.5+0.0s
[200/945]	[L1: 0.0279]	1.5+0.0s
[240/945]	[L1: 0.0281]	1.6+0.0s
[280/945]	[L1: 0.0286]	1.5+0.0s
[320/945]	[L1: 0.0286]	1.5+0.0s
[360/945]	[L1: 0.0286]	1.5+0.0s
[400/945]	[L1: 0.0288]	2.1+0.0s
[440/945]	[L1: 0.0291]	1.5+0.0s
[480/945]	[L1: 0.0294]	1.5+0.0s
[520/945]	[L1: 0.0294]	1.5+0.0s
[560/945]	[L1: 0.0294]	1.5+0.0s
[600/945]	[L1: 0.0294]	1.5+0.0s
[640/945]	[L1: 0.0293]	1.5+0.0s
[680/945]	[L1: 0.0294]	1.6+0.0s
[720/945]	[L1: 0.0296]	1.8+0.0s
[760/945]	[L1: 0.0295]	1.7+0.0s
[800/945]	[L1: 0.0295]	2.5+0.0s
[840/945]	[L1: 0.0295]	1.6+0.0s
[880/945]	[L1: 0.0294]	1.5+0.0s
[920/945]	[L1: 0.0295]	1.5+0.0s

Evaluation:
[UCMerced x4]	psnr: 27.928 (Best: 27.928 @epoch 109)
DEBUG: WandB check - hasattr: True, not None: True, idx_scale: 0
DEBUG: Logging to WandB - epoch: 112, psnr: 27.927762985229492
DEBUG: WandB log_validation called successfully
Total time: 2.00s

[Epoch 113]	Learning rate: 1.42e-4
[40/945]	[L1: 0.0317]	1.8+0.0s
[80/945]	[L1: 0.0306]	1.7+0.0s
[120/945]	[L1: 0.0297]	1.8+0.0s
[160/945]	[L1: 0.0290]	2.0+0.0s
[200/945]	[L1: 0.0293]	1.7+0.0s
[240/945]	[L1: 0.0293]	2.2+0.0s
[280/945]	[L1: 0.0292]	1.7+0.0s
[320/945]	[L1: 0.0294]	1.7+0.0s
[360/945]	[L1: 0.0294]	1.7+0.0s
[400/945]	[L1: 0.0293]	1.7+0.0s
[440/945]	[L1: 0.0292]	1.7+0.0s
[480/945]	[L1: 0.0291]	1.8+0.0s
[520/945]	[L1: 0.0294]	1.6+0.0s
[560/945]	[L1: 0.0294]	1.7+0.0s
[600/945]	[L1: 0.0293]	1.6+0.0s
[640/945]	[L1: 0.0292]	2.0+0.0s
[680/945]	[L1: 0.0293]	1.7+0.0s
[720/945]	[L1: 0.0293]	1.8+0.0s
[760/945]	[L1: 0.0293]	1.7+0.0s
[800/945]	[L1: 0.0294]	1.6+0.0s
[840/945]	[L1: 0.0293]	1.7+0.0s
[880/945]	[L1: 0.0292]	1.6+0.0s
[920/945]	[L1: 0.0293]	1.6+0.1s

Evaluation:
[UCMerced x4]	psnr: 27.906 (Best: 27.928 @epoch 109)
DEBUG: WandB check - hasattr: True, not None: True, idx_scale: 0
DEBUG: Logging to WandB - epoch: 113, psnr: 27.9060115814209
DEBUG: WandB log_validation called successfully
Total time: 2.07s

[Epoch 114]	Learning rate: 1.41e-4
[40/945]	[L1: 0.0285]	1.6+0.1s
[80/945]	[L1: 0.0296]	2.0+0.0s
[120/945]	[L1: 0.0301]	1.5+0.0s
[160/945]	[L1: 0.0302]	1.7+0.0s
[200/945]	[L1: 0.0301]	1.8+0.0s
[240/945]	[L1: 0.0302]	1.7+0.0s
[280/945]	[L1: 0.0300]	2.1+0.0s
[320/945]	[L1: 0.0298]	1.8+0.0s
[360/945]	[L1: 0.0299]	1.6+0.0s
[400/945]	[L1: 0.0297]	1.7+0.0s
[440/945]	[L1: 0.0298]	1.6+0.0s
[480/945]	[L1: 0.0300]	1.8+0.0s
[520/945]	[L1: 0.0299]	1.6+0.1s
[560/945]	[L1: 0.0298]	1.6+0.0s
[600/945]	[L1: 0.0297]	1.6+0.0s
[640/945]	[L1: 0.0296]	1.6+0.0s
[680/945]	[L1: 0.0298]	1.7+0.0s
[720/945]	[L1: 0.0296]	1.6+0.0s
[760/945]	[L1: 0.0296]	1.7+0.0s
[800/945]	[L1: 0.0296]	1.5+0.0s
[840/945]	[L1: 0.0294]	1.6+0.0s
[880/945]	[L1: 0.0295]	1.8+0.0s
[920/945]	[L1: 0.0295]	1.6+0.0s

Evaluation:
[UCMerced x4]	psnr: 27.950 (Best: 27.950 @epoch 114)
DEBUG: WandB check - hasattr: True, not None: True, idx_scale: 0
DEBUG: Logging to WandB - epoch: 114, psnr: 27.950361251831055
DEBUG: WandB log_validation called successfully
Total time: 2.02s

[Epoch 115]	Learning rate: 1.40e-4
[40/945]	[L1: 0.0290]	1.8+0.0s
[80/945]	[L1: 0.0301]	1.6+0.0s
[120/945]	[L1: 0.0299]	1.6+0.0s
[160/945]	[L1: 0.0299]	1.8+0.0s
[200/945]	[L1: 0.0302]	1.9+0.0s
[240/945]	[L1: 0.0300]	1.7+0.0s
[280/945]	[L1: 0.0300]	1.6+0.0s
[320/945]	[L1: 0.0294]	1.5+0.0s
[360/945]	[L1: 0.0294]	1.8+0.0s
[400/945]	[L1: 0.0295]	1.6+0.0s
[440/945]	[L1: 0.0296]	1.7+0.0s
[480/945]	[L1: 0.0294]	1.6+0.0s
[520/945]	[L1: 0.0295]	1.8+0.0s
[560/945]	[L1: 0.0296]	1.7+0.0s
[600/945]	[L1: 0.0295]	1.7+0.0s
[640/945]	[L1: 0.0296]	1.7+0.0s
[680/945]	[L1: 0.0295]	1.6+0.0s
[720/945]	[L1: 0.0295]	1.6+0.0s
[760/945]	[L1: 0.0294]	2.0+0.0s
[800/945]	[L1: 0.0294]	1.6+0.0s
[840/945]	[L1: 0.0293]	1.7+0.0s
[880/945]	[L1: 0.0293]	1.6+0.0s
[920/945]	[L1: 0.0294]	1.5+0.0s

Evaluation:
[UCMerced x4]	psnr: 27.926 (Best: 27.950 @epoch 114)
DEBUG: WandB check - hasattr: True, not None: True, idx_scale: 0
DEBUG: Logging to WandB - epoch: 115, psnr: 27.925640106201172
DEBUG: WandB log_validation called successfully
Total time: 2.01s

[Epoch 116]	Learning rate: 1.39e-4
[40/945]	[L1: 0.0295]	1.5+0.0s
[80/945]	[L1: 0.0301]	1.6+0.0s
[120/945]	[L1: 0.0287]	1.5+0.0s
[160/945]	[L1: 0.0289]	1.7+0.0s
[200/945]	[L1: 0.0292]	1.9+0.0s
[240/945]	[L1: 0.0288]	1.5+0.0s
[280/945]	[L1: 0.0286]	1.5+0.0s
[320/945]	[L1: 0.0285]	1.5+0.0s
[360/945]	[L1: 0.0285]	1.5+0.0s
[400/945]	[L1: 0.0286]	1.5+0.0s
[440/945]	[L1: 0.0288]	1.5+0.0s
[480/945]	[L1: 0.0289]	1.5+0.0s
[520/945]	[L1: 0.0289]	1.5+0.0s
[560/945]	[L1: 0.0289]	1.7+0.0s
[600/945]	[L1: 0.0288]	1.8+0.0s
[640/945]	[L1: 0.0287]	1.5+0.0s
[680/945]	[L1: 0.0288]	1.5+0.0s
[720/945]	[L1: 0.0289]	1.5+0.0s
[760/945]	[L1: 0.0289]	1.5+0.0s
[800/945]	[L1: 0.0289]	1.5+0.0s
[840/945]	[L1: 0.0292]	1.5+0.0s
[880/945]	[L1: 0.0291]	1.5+0.0s
[920/945]	[L1: 0.0292]	1.6+0.0s

Evaluation:
[UCMerced x4]	psnr: 27.931 (Best: 27.950 @epoch 114)
DEBUG: WandB check - hasattr: True, not None: True, idx_scale: 0
DEBUG: Logging to WandB - epoch: 116, psnr: 27.9309139251709
DEBUG: WandB log_validation called successfully
Total time: 2.17s

[Epoch 117]	Learning rate: 1.38e-4
[40/945]	[L1: 0.0253]	1.9+0.0s
[80/945]	[L1: 0.0268]	1.6+0.0s
[120/945]	[L1: 0.0281]	1.5+0.0s
[160/945]	[L1: 0.0287]	1.6+0.0s
[200/945]	[L1: 0.0291]	1.5+0.0s
[240/945]	[L1: 0.0298]	1.5+0.0s
[280/945]	[L1: 0.0297]	1.5+0.0s
[320/945]	[L1: 0.0299]	1.7+0.0s
[360/945]	[L1: 0.0300]	1.5+0.0s
[400/945]	[L1: 0.0298]	1.6+0.0s
[440/945]	[L1: 0.0295]	1.9+0.0s
[480/945]	[L1: 0.0294]	1.5+0.0s
[520/945]	[L1: 0.0295]	1.5+0.0s
[560/945]	[L1: 0.0294]	1.6+0.0s
[600/945]	[L1: 0.0295]	1.5+0.0s
[640/945]	[L1: 0.0297]	1.5+0.0s
[680/945]	[L1: 0.0296]	1.6+0.0s
[720/945]	[L1: 0.0296]	1.7+0.0s
[760/945]	[L1: 0.0296]	1.6+0.0s
[800/945]	[L1: 0.0296]	1.5+0.0s
[840/945]	[L1: 0.0296]	2.0+0.0s
[880/945]	[L1: 0.0295]	1.5+0.0s
[920/945]	[L1: 0.0293]	1.6+0.0s

Evaluation:
[UCMerced x4]	psnr: 27.959 (Best: 27.959 @epoch 117)
DEBUG: WandB check - hasattr: True, not None: True, idx_scale: 0
DEBUG: Logging to WandB - epoch: 117, psnr: 27.95853614807129
DEBUG: WandB log_validation called successfully
Total time: 2.02s

[Epoch 118]	Learning rate: 1.37e-4
[40/945]	[L1: 0.0309]	1.5+0.0s
[80/945]	[L1: 0.0292]	1.7+0.0s
[120/945]	[L1: 0.0304]	1.7+0.0s
[160/945]	[L1: 0.0303]	1.7+0.0s
[200/945]	[L1: 0.0301]	1.7+0.0s
[240/945]	[L1: 0.0298]	1.6+0.0s
[280/945]	[L1: 0.0296]	1.5+0.0s
[320/945]	[L1: 0.0295]	1.8+0.0s
[360/945]	[L1: 0.0292]	1.6+0.0s
[400/945]	[L1: 0.0295]	1.6+0.0s
[440/945]	[L1: 0.0292]	1.5+0.0s
[480/945]	[L1: 0.0291]	1.7+0.0s
[520/945]	[L1: 0.0293]	1.5+0.0s
[560/945]	[L1: 0.0291]	1.6+0.0s
[600/945]	[L1: 0.0290]	1.6+0.0s
[640/945]	[L1: 0.0291]	1.6+0.0s
[680/945]	[L1: 0.0293]	1.6+0.0s
[720/945]	[L1: 0.0292]	1.8+0.0s
[760/945]	[L1: 0.0291]	1.6+0.0s
[800/945]	[L1: 0.0292]	1.6+0.0s
[840/945]	[L1: 0.0293]	1.5+0.0s
[880/945]	[L1: 0.0293]	1.8+0.0s
[920/945]	[L1: 0.0293]	1.6+0.0s

Evaluation:
[UCMerced x4]	psnr: 27.880 (Best: 27.959 @epoch 117)
DEBUG: WandB check - hasattr: True, not None: True, idx_scale: 0
DEBUG: Logging to WandB - epoch: 118, psnr: 27.880462646484375
DEBUG: WandB log_validation called successfully
Total time: 2.14s

[Epoch 119]	Learning rate: 1.36e-4
[40/945]	[L1: 0.0312]	1.7+0.0s
[80/945]	[L1: 0.0311]	1.8+0.0s
[120/945]	[L1: 0.0298]	1.5+0.0s
[160/945]	[L1: 0.0297]	2.0+0.0s
[200/945]	[L1: 0.0302]	1.7+0.0s
[240/945]	[L1: 0.0294]	1.6+0.0s
[280/945]	[L1: 0.0297]	1.7+0.0s
[320/945]	[L1: 0.0296]	1.7+0.0s
[360/945]	[L1: 0.0293]	1.5+0.0s
[400/945]	[L1: 0.0291]	1.5+0.0s
[440/945]	[L1: 0.0291]	1.5+0.0s
[480/945]	[L1: 0.0292]	1.5+0.0s
[520/945]	[L1: 0.0290]	1.5+0.0s
[560/945]	[L1: 0.0291]	1.9+0.0s
[600/945]	[L1: 0.0290]	1.7+0.0s
[640/945]	[L1: 0.0290]	1.5+0.0s
[680/945]	[L1: 0.0290]	1.5+0.0s
[720/945]	[L1: 0.0290]	1.5+0.0s
[760/945]	[L1: 0.0292]	1.5+0.0s
[800/945]	[L1: 0.0292]	1.5+0.0s
[840/945]	[L1: 0.0291]	1.5+0.0s
[880/945]	[L1: 0.0292]	1.5+0.0s
[920/945]	[L1: 0.0293]	1.5+0.0s

Evaluation:
[UCMerced x4]	psnr: 27.893 (Best: 27.959 @epoch 117)
DEBUG: WandB check - hasattr: True, not None: True, idx_scale: 0
DEBUG: Logging to WandB - epoch: 119, psnr: 27.893312454223633
DEBUG: WandB log_validation called successfully
Total time: 2.15s

[Epoch 120]	Learning rate: 1.35e-4
[40/945]	[L1: 0.0310]	1.5+0.0s
[80/945]	[L1: 0.0298]	1.5+0.0s
[120/945]	[L1: 0.0294]	1.5+0.0s
[160/945]	[L1: 0.0300]	1.5+0.0s
[200/945]	[L1: 0.0298]	1.5+0.0s
[240/945]	[L1: 0.0301]	1.5+0.0s
[280/945]	[L1: 0.0301]	1.5+0.0s
[320/945]	[L1: 0.0298]	1.5+0.0s
[360/945]	[L1: 0.0294]	1.7+0.0s
[400/945]	[L1: 0.0297]	2.1+0.0s
[440/945]	[L1: 0.0298]	1.7+0.0s
[480/945]	[L1: 0.0298]	1.7+0.0s
[520/945]	[L1: 0.0298]	1.7+0.0s
[560/945]	[L1: 0.0298]	1.5+0.0s
[600/945]	[L1: 0.0300]	1.5+0.0s
[640/945]	[L1: 0.0298]	1.5+0.0s
[680/945]	[L1: 0.0297]	1.5+0.0s
[720/945]	[L1: 0.0297]	1.5+0.0s
[760/945]	[L1: 0.0296]	1.8+0.0s
[800/945]	[L1: 0.0295]	1.9+0.0s
[840/945]	[L1: 0.0295]	1.5+0.0s
[880/945]	[L1: 0.0294]	1.5+0.0s
[920/945]	[L1: 0.0294]	1.5+0.0s

Evaluation:
[UCMerced x4]	psnr: 27.943 (Best: 27.959 @epoch 117)
DEBUG: WandB check - hasattr: True, not None: True, idx_scale: 0
DEBUG: Logging to WandB - epoch: 120, psnr: 27.943439483642578
DEBUG: WandB log_validation called successfully
Total time: 2.00s

[Epoch 121]	Learning rate: 1.34e-4
[40/945]	[L1: 0.0315]	1.5+0.0s
[80/945]	[L1: 0.0317]	1.7+0.0s
[120/945]	[L1: 0.0306]	1.5+0.0s
[160/945]	[L1: 0.0304]	1.5+0.0s
[200/945]	[L1: 0.0297]	1.6+0.0s
[240/945]	[L1: 0.0290]	1.9+0.0s
[280/945]	[L1: 0.0293]	1.6+0.0s
[320/945]	[L1: 0.0292]	1.5+0.0s
[360/945]	[L1: 0.0293]	1.5+0.0s
[400/945]	[L1: 0.0294]	1.5+0.0s
[440/945]	[L1: 0.0295]	1.5+0.0s
[480/945]	[L1: 0.0297]	1.7+0.0s
[520/945]	[L1: 0.0297]	1.5+0.0s
[560/945]	[L1: 0.0296]	1.5+0.0s
[600/945]	[L1: 0.0296]	1.7+0.0s
[640/945]	[L1: 0.0297]	1.9+0.0s
[680/945]	[L1: 0.0295]	1.5+0.0s
[720/945]	[L1: 0.0293]	1.5+0.0s
[760/945]	[L1: 0.0294]	1.5+0.0s
[800/945]	[L1: 0.0295]	1.5+0.0s
[840/945]	[L1: 0.0294]	1.5+0.0s
[880/945]	[L1: 0.0294]	1.7+0.0s
[920/945]	[L1: 0.0293]	1.5+0.0s

Evaluation:
[UCMerced x4]	psnr: 27.881 (Best: 27.959 @epoch 117)
DEBUG: WandB check - hasattr: True, not None: True, idx_scale: 0
DEBUG: Logging to WandB - epoch: 121, psnr: 27.88056182861328
DEBUG: WandB log_validation called successfully
Total time: 2.01s

[Epoch 122]	Learning rate: 1.33e-4
[40/945]	[L1: 0.0301]	1.6+0.0s
[80/945]	[L1: 0.0300]	1.5+0.0s
[120/945]	[L1: 0.0299]	1.8+0.0s
[160/945]	[L1: 0.0301]	1.5+0.0s
[200/945]	[L1: 0.0297]	1.8+0.0s
[240/945]	[L1: 0.0293]	2.0+0.0s
[280/945]	[L1: 0.0289]	1.7+0.0s
[320/945]	[L1: 0.0291]	1.6+0.0s
[360/945]	[L1: 0.0293]	1.5+0.0s
[400/945]	[L1: 0.0292]	1.5+0.0s
[440/945]	[L1: 0.0289]	1.5+0.0s
[480/945]	[L1: 0.0290]	1.5+0.0s
[520/945]	[L1: 0.0292]	2.0+0.0s
[560/945]	[L1: 0.0292]	1.6+0.0s
[600/945]	[L1: 0.0291]	1.5+0.0s
[640/945]	[L1: 0.0293]	1.9+0.0s
[680/945]	[L1: 0.0291]	1.7+0.0s
[720/945]	[L1: 0.0290]	1.5+0.0s
[760/945]	[L1: 0.0289]	1.5+0.0s
[800/945]	[L1: 0.0291]	1.5+0.0s
[840/945]	[L1: 0.0291]	1.5+0.0s
[880/945]	[L1: 0.0293]	1.5+0.0s
[920/945]	[L1: 0.0293]	1.8+0.0s

Evaluation:
[UCMerced x4]	psnr: 27.958 (Best: 27.959 @epoch 117)
DEBUG: WandB check - hasattr: True, not None: True, idx_scale: 0
DEBUG: Logging to WandB - epoch: 122, psnr: 27.95821189880371
DEBUG: WandB log_validation called successfully
Total time: 2.20s

[Epoch 123]	Learning rate: 1.32e-4
[40/945]	[L1: 0.0306]	1.5+0.0s
[80/945]	[L1: 0.0290]	1.5+0.0s
[120/945]	[L1: 0.0288]	1.5+0.0s
[160/945]	[L1: 0.0287]	1.6+0.0s
[200/945]	[L1: 0.0286]	1.5+0.0s
[240/945]	[L1: 0.0287]	1.5+0.0s
[280/945]	[L1: 0.0294]	1.5+0.0s
[320/945]	[L1: 0.0293]	1.5+0.0s
[360/945]	[L1: 0.0293]	1.8+0.0s
[400/945]	[L1: 0.0294]	1.7+0.0s
[440/945]	[L1: 0.0292]	1.5+0.0s
[480/945]	[L1: 0.0291]	1.6+0.0s
[520/945]	[L1: 0.0291]	1.9+0.0s
[560/945]	[L1: 0.0292]	1.7+0.0s
[600/945]	[L1: 0.0293]	1.7+0.0s
[640/945]	[L1: 0.0294]	1.6+0.0s
[680/945]	[L1: 0.0294]	1.6+0.0s
[720/945]	[L1: 0.0294]	1.7+0.0s
[760/945]	[L1: 0.0293]	2.0+0.0s
[800/945]	[L1: 0.0293]	1.9+0.0s
[840/945]	[L1: 0.0291]	1.7+0.0s
[880/945]	[L1: 0.0291]	1.7+0.0s
[920/945]	[L1: 0.0293]	1.7+0.0s

Evaluation:
[UCMerced x4]	psnr: 27.952 (Best: 27.959 @epoch 117)
DEBUG: WandB check - hasattr: True, not None: True, idx_scale: 0
DEBUG: Logging to WandB - epoch: 123, psnr: 27.9517879486084
DEBUG: WandB log_validation called successfully
Total time: 2.05s

[Epoch 124]	Learning rate: 1.32e-4
[40/945]	[L1: 0.0278]	1.6+0.0s
[80/945]	[L1: 0.0295]	1.5+0.0s
[120/945]	[L1: 0.0297]	1.8+0.0s
[160/945]	[L1: 0.0294]	1.9+0.0s
[200/945]	[L1: 0.0289]	2.0+0.0s
[240/945]	[L1: 0.0294]	1.7+0.0s
[280/945]	[L1: 0.0297]	1.5+0.0s
[320/945]	[L1: 0.0298]	1.5+0.0s
[360/945]	[L1: 0.0295]	1.5+0.0s
[400/945]	[L1: 0.0296]	1.5+0.0s
[440/945]	[L1: 0.0294]	1.5+0.0s
[480/945]	[L1: 0.0295]	1.6+0.0s
[520/945]	[L1: 0.0295]	1.7+0.0s
[560/945]	[L1: 0.0294]	1.5+0.0s
[600/945]	[L1: 0.0295]	1.9+0.0s
[640/945]	[L1: 0.0295]	1.6+0.0s
[680/945]	[L1: 0.0293]	1.6+0.0s
[720/945]	[L1: 0.0293]	1.5+0.0s
[760/945]	[L1: 0.0292]	1.5+0.0s
[800/945]	[L1: 0.0292]	1.5+0.0s
[840/945]	[L1: 0.0291]	1.5+0.0s
[880/945]	[L1: 0.0291]	1.5+0.0s
[920/945]	[L1: 0.0293]	1.7+0.0s

Evaluation:
[UCMerced x4]	psnr: 27.927 (Best: 27.959 @epoch 117)
DEBUG: WandB check - hasattr: True, not None: True, idx_scale: 0
DEBUG: Logging to WandB - epoch: 124, psnr: 27.92656135559082
DEBUG: WandB log_validation called successfully
Total time: 2.01s

[Epoch 125]	Learning rate: 1.31e-4
[40/945]	[L1: 0.0299]	1.5+0.0s
[80/945]	[L1: 0.0291]	2.0+0.0s
[120/945]	[L1: 0.0293]	1.5+0.0s
[160/945]	[L1: 0.0300]	1.7+0.0s
[200/945]	[L1: 0.0302]	1.7+0.0s
[240/945]	[L1: 0.0305]	1.6+0.0s
[280/945]	[L1: 0.0303]	1.7+0.0s
[320/945]	[L1: 0.0300]	1.5+0.0s
[360/945]	[L1: 0.0301]	1.5+0.0s
[400/945]	[L1: 0.0300]	1.5+0.0s
[440/945]	[L1: 0.0301]	1.6+0.0s
[480/945]	[L1: 0.0299]	2.0+0.0s
[520/945]	[L1: 0.0298]	1.5+0.0s
[560/945]	[L1: 0.0296]	1.5+0.0s
[600/945]	[L1: 0.0295]	1.5+0.0s
[640/945]	[L1: 0.0293]	1.5+0.0s
[680/945]	[L1: 0.0294]	1.7+0.0s
[720/945]	[L1: 0.0293]	1.5+0.0s
[760/945]	[L1: 0.0293]	1.6+0.0s
[800/945]	[L1: 0.0293]	1.5+0.0s
[840/945]	[L1: 0.0292]	1.5+0.0s
[880/945]	[L1: 0.0293]	1.9+0.0s
[920/945]	[L1: 0.0293]	1.6+0.0s

Evaluation:
[UCMerced x4]	psnr: 27.942 (Best: 27.959 @epoch 117)
DEBUG: WandB check - hasattr: True, not None: True, idx_scale: 0
DEBUG: Logging to WandB - epoch: 125, psnr: 27.942092895507812
DEBUG: WandB log_validation called successfully
Total time: 2.18s

[Epoch 126]	Learning rate: 1.30e-4
[40/945]	[L1: 0.0314]	1.5+0.0s
[80/945]	[L1: 0.0301]	1.5+0.0s
[120/945]	[L1: 0.0293]	1.6+0.0s
[160/945]	[L1: 0.0297]	1.9+0.0s
[200/945]	[L1: 0.0297]	1.7+0.0s
[240/945]	[L1: 0.0299]	1.7+0.0s
[280/945]	[L1: 0.0296]	1.7+0.0s
[320/945]	[L1: 0.0296]	1.9+0.0s
[360/945]	[L1: 0.0293]	1.5+0.0s
[400/945]	[L1: 0.0295]	1.7+0.0s
[440/945]	[L1: 0.0295]	1.5+0.0s
[480/945]	[L1: 0.0295]	1.8+0.0s
[520/945]	[L1: 0.0297]	1.8+0.0s
[560/945]	[L1: 0.0297]	1.7+0.0s
[600/945]	[L1: 0.0296]	1.7+0.0s
[640/945]	[L1: 0.0295]	1.7+0.0s
[680/945]	[L1: 0.0293]	1.6+0.0s
[720/945]	[L1: 0.0291]	1.9+0.0s
[760/945]	[L1: 0.0292]	1.5+0.0s
[800/945]	[L1: 0.0292]	2.0+0.0s
[840/945]	[L1: 0.0293]	1.7+0.0s
[880/945]	[L1: 0.0294]	1.7+0.0s
[920/945]	[L1: 0.0293]	1.7+0.0s

Evaluation:
[UCMerced x4]	psnr: 27.935 (Best: 27.959 @epoch 117)
DEBUG: WandB check - hasattr: True, not None: True, idx_scale: 0
DEBUG: Logging to WandB - epoch: 126, psnr: 27.935171127319336
DEBUG: WandB log_validation called successfully
Total time: 2.08s

[Epoch 127]	Learning rate: 1.29e-4
[40/945]	[L1: 0.0284]	1.5+0.0s
[80/945]	[L1: 0.0275]	1.5+0.0s
[120/945]	[L1: 0.0280]	1.5+0.0s
[160/945]	[L1: 0.0276]	2.1+0.0s
[200/945]	[L1: 0.0282]	1.5+0.0s
[240/945]	[L1: 0.0287]	1.5+0.0s
[280/945]	[L1: 0.0288]	1.5+0.0s
[320/945]	[L1: 0.0286]	1.5+0.0s
[360/945]	[L1: 0.0288]	1.5+0.0s
[400/945]	[L1: 0.0290]	1.5+0.0s
[440/945]	[L1: 0.0289]	1.5+0.0s
[480/945]	[L1: 0.0289]	1.6+0.0s
[520/945]	[L1: 0.0289]	1.5+0.0s
[560/945]	[L1: 0.0289]	2.2+0.0s
[600/945]	[L1: 0.0287]	1.5+0.0s
[640/945]	[L1: 0.0288]	1.6+0.0s
[680/945]	[L1: 0.0291]	1.5+0.0s
[720/945]	[L1: 0.0291]	1.6+0.0s
[760/945]	[L1: 0.0289]	1.6+0.0s
[800/945]	[L1: 0.0290]	1.7+0.0s
[840/945]	[L1: 0.0291]	1.7+0.0s
[880/945]	[L1: 0.0291]	1.5+0.0s
[920/945]	[L1: 0.0290]	1.5+0.0s

Evaluation:
[UCMerced x4]	psnr: 27.964 (Best: 27.964 @epoch 127)
DEBUG: WandB check - hasattr: True, not None: True, idx_scale: 0
DEBUG: Logging to WandB - epoch: 127, psnr: 27.96360969543457
DEBUG: WandB log_validation called successfully
Total time: 2.01s

[Epoch 128]	Learning rate: 1.28e-4
[40/945]	[L1: 0.0281]	1.8+0.0s
[80/945]	[L1: 0.0282]	1.5+0.0s
[120/945]	[L1: 0.0284]	1.5+0.0s
[160/945]	[L1: 0.0289]	1.5+0.0s
[200/945]	[L1: 0.0289]	1.5+0.0s
[240/945]	[L1: 0.0291]	1.6+0.0s
[280/945]	[L1: 0.0299]	1.5+0.0s
[320/945]	[L1: 0.0296]	1.7+0.0s
[360/945]	[L1: 0.0299]	1.5+0.0s
[400/945]	[L1: 0.0298]	1.5+0.0s
[440/945]	[L1: 0.0293]	1.9+0.0s
[480/945]	[L1: 0.0294]	1.5+0.0s
[520/945]	[L1: 0.0293]	1.5+0.0s
[560/945]	[L1: 0.0294]	1.5+0.0s
[600/945]	[L1: 0.0293]	1.5+0.0s
[640/945]	[L1: 0.0294]	1.5+0.0s
[680/945]	[L1: 0.0295]	1.5+0.0s
[720/945]	[L1: 0.0295]	1.7+0.0s
[760/945]	[L1: 0.0294]	1.6+0.0s
[800/945]	[L1: 0.0293]	1.5+0.0s
[840/945]	[L1: 0.0292]	1.9+0.0s
[880/945]	[L1: 0.0292]	1.5+0.0s
[920/945]	[L1: 0.0292]	1.5+0.0s

Evaluation:
[UCMerced x4]	psnr: 27.952 (Best: 27.964 @epoch 127)
DEBUG: WandB check - hasattr: True, not None: True, idx_scale: 0
DEBUG: Logging to WandB - epoch: 128, psnr: 27.95206069946289
DEBUG: WandB log_validation called successfully
Total time: 2.01s

[Epoch 129]	Learning rate: 1.27e-4
[40/945]	[L1: 0.0307]	1.7+0.0s
[80/945]	[L1: 0.0301]	1.5+0.0s
[120/945]	[L1: 0.0301]	1.5+0.0s
[160/945]	[L1: 0.0299]	1.6+0.0s
[200/945]	[L1: 0.0296]	1.6+0.0s
[240/945]	[L1: 0.0300]	1.5+0.0s
[280/945]	[L1: 0.0302]	1.9+0.0s
[320/945]	[L1: 0.0302]	1.5+0.0s
[360/945]	[L1: 0.0300]	1.6+0.0s
[400/945]	[L1: 0.0298]	1.5+0.0s
[440/945]	[L1: 0.0297]	1.7+0.0s
[480/945]	[L1: 0.0296]	1.5+0.0s
[520/945]	[L1: 0.0294]	1.6+0.0s
[560/945]	[L1: 0.0294]	1.5+0.0s
[600/945]	[L1: 0.0292]	1.6+0.0s
[640/945]	[L1: 0.0291]	1.5+0.0s
[680/945]	[L1: 0.0291]	1.8+0.0s
[720/945]	[L1: 0.0291]	1.5+0.0s
[760/945]	[L1: 0.0291]	1.5+0.0s
[800/945]	[L1: 0.0291]	1.5+0.0s
[840/945]	[L1: 0.0289]	1.7+0.0s
[880/945]	[L1: 0.0290]	1.5+0.0s
[920/945]	[L1: 0.0290]	1.5+0.0s

Evaluation:
[UCMerced x4]	psnr: 27.941 (Best: 27.964 @epoch 127)
DEBUG: WandB check - hasattr: True, not None: True, idx_scale: 0
DEBUG: Logging to WandB - epoch: 129, psnr: 27.94082260131836
DEBUG: WandB log_validation called successfully
Total time: 1.99s

[Epoch 130]	Learning rate: 1.26e-4
[40/945]	[L1: 0.0292]	1.6+0.0s
[80/945]	[L1: 0.0285]	1.5+0.0s
[120/945]	[L1: 0.0281]	1.9+0.0s
[160/945]	[L1: 0.0277]	1.5+0.0s
[200/945]	[L1: 0.0283]	1.7+0.0s
[240/945]	[L1: 0.0280]	1.5+0.0s
[280/945]	[L1: 0.0284]	1.5+0.0s
[320/945]	[L1: 0.0286]	1.5+0.0s
[360/945]	[L1: 0.0288]	1.5+0.0s
[400/945]	[L1: 0.0291]	1.5+0.0s
[440/945]	[L1: 0.0292]	1.5+0.0s
[480/945]	[L1: 0.0292]	1.6+0.0s
[520/945]	[L1: 0.0292]	2.0+0.0s
[560/945]	[L1: 0.0293]	1.7+0.0s
[600/945]	[L1: 0.0293]	2.0+0.0s
[640/945]	[L1: 0.0291]	1.8+0.0s
[680/945]	[L1: 0.0292]	1.8+0.0s
[720/945]	[L1: 0.0292]	1.8+0.0s
[760/945]	[L1: 0.0292]	1.7+0.0s
[800/945]	[L1: 0.0291]	1.7+0.0s
[840/945]	[L1: 0.0291]	1.7+0.0s
[880/945]	[L1: 0.0292]	1.7+0.1s
[920/945]	[L1: 0.0292]	2.1+0.0s

Evaluation:
[UCMerced x4]	psnr: 27.989 (Best: 27.989 @epoch 130)
DEBUG: WandB check - hasattr: True, not None: True, idx_scale: 0
DEBUG: Logging to WandB - epoch: 130, psnr: 27.98907470703125
DEBUG: WandB log_validation called successfully
Total time: 2.38s

[Epoch 131]	Learning rate: 1.25e-4
[40/945]	[L1: 0.0289]	1.6+0.0s
[80/945]	[L1: 0.0291]	1.6+0.0s
[120/945]	[L1: 0.0285]	1.5+0.0s
[160/945]	[L1: 0.0286]	1.7+0.0s
[200/945]	[L1: 0.0287]	1.8+0.0s
[240/945]	[L1: 0.0289]	1.8+0.0s
[280/945]	[L1: 0.0288]	1.7+0.0s
[320/945]	[L1: 0.0288]	1.9+0.0s
[360/945]	[L1: 0.0288]	2.1+0.0s
[400/945]	[L1: 0.0289]	1.7+0.0s
[440/945]	[L1: 0.0290]	1.7+0.0s
[480/945]	[L1: 0.0292]	1.7+0.0s
[520/945]	[L1: 0.0291]	1.7+0.0s
[560/945]	[L1: 0.0293]	1.7+0.0s
[600/945]	[L1: 0.0292]	1.7+0.0s
[640/945]	[L1: 0.0293]	1.7+0.0s
[680/945]	[L1: 0.0292]	1.6+0.0s
[720/945]	[L1: 0.0293]	1.7+0.0s
[760/945]	[L1: 0.0292]	2.1+0.0s
[800/945]	[L1: 0.0291]	1.5+0.0s
[840/945]	[L1: 0.0291]	1.7+0.0s
[880/945]	[L1: 0.0291]	1.5+0.0s
[920/945]	[L1: 0.0291]	1.5+0.1s

Evaluation:
[UCMerced x4]	psnr: 27.923 (Best: 27.989 @epoch 130)
DEBUG: WandB check - hasattr: True, not None: True, idx_scale: 0
DEBUG: Logging to WandB - epoch: 131, psnr: 27.92269515991211
DEBUG: WandB log_validation called successfully
Total time: 2.04s

[Epoch 132]	Learning rate: 1.24e-4
[40/945]	[L1: 0.0287]	1.7+0.0s
[80/945]	[L1: 0.0269]	1.8+0.0s
[120/945]	[L1: 0.0267]	1.5+0.0s
[160/945]	[L1: 0.0268]	1.7+0.0s
[200/945]	[L1: 0.0274]	1.7+0.0s
[240/945]	[L1: 0.0280]	2.0+0.0s
[280/945]	[L1: 0.0281]	1.6+0.0s
[320/945]	[L1: 0.0285]	1.6+0.0s
[360/945]	[L1: 0.0291]	1.6+0.0s
[400/945]	[L1: 0.0291]	1.7+0.0s
[440/945]	[L1: 0.0291]	1.7+0.0s
[480/945]	[L1: 0.0293]	1.9+0.0s
[520/945]	[L1: 0.0292]	1.6+0.0s
[560/945]	[L1: 0.0293]	1.5+0.0s
[600/945]	[L1: 0.0293]	1.5+0.0s
[640/945]	[L1: 0.0292]	1.8+0.0s
[680/945]	[L1: 0.0294]	1.5+0.0s
[720/945]	[L1: 0.0294]	1.6+0.0s
[760/945]	[L1: 0.0292]	1.5+0.0s
[800/945]	[L1: 0.0291]	1.6+0.0s
[840/945]	[L1: 0.0293]	1.5+0.0s
[880/945]	[L1: 0.0292]	1.9+0.0s
[920/945]	[L1: 0.0291]	1.5+0.0s

Evaluation:
[UCMerced x4]	psnr: 27.930 (Best: 27.989 @epoch 130)
DEBUG: WandB check - hasattr: True, not None: True, idx_scale: 0
DEBUG: Logging to WandB - epoch: 132, psnr: 27.93045997619629
DEBUG: WandB log_validation called successfully
Total time: 1.99s

[Epoch 133]	Learning rate: 1.23e-4
[40/945]	[L1: 0.0312]	1.5+0.0s
[80/945]	[L1: 0.0302]	1.9+0.0s
[120/945]	[L1: 0.0296]	1.5+0.0s
[160/945]	[L1: 0.0296]	1.5+0.0s
[200/945]	[L1: 0.0301]	1.5+0.0s
[240/945]	[L1: 0.0298]	1.7+0.0s
[280/945]	[L1: 0.0298]	1.6+0.0s
[320/945]	[L1: 0.0298]	1.5+0.0s
[360/945]	[L1: 0.0296]	1.6+0.0s
[400/945]	[L1: 0.0295]	1.5+0.0s
[440/945]	[L1: 0.0292]	1.5+0.0s
[480/945]	[L1: 0.0291]	1.9+0.0s
[520/945]	[L1: 0.0289]	1.5+0.0s
[560/945]	[L1: 0.0290]	1.5+0.0s
[600/945]	[L1: 0.0291]	1.5+0.0s
[640/945]	[L1: 0.0287]	1.8+0.0s
[680/945]	[L1: 0.0288]	1.7+0.1s
[720/945]	[L1: 0.0288]	1.7+0.0s
[760/945]	[L1: 0.0289]	1.5+0.0s
[800/945]	[L1: 0.0290]	1.5+0.0s
[840/945]	[L1: 0.0289]	1.6+0.0s
[880/945]	[L1: 0.0290]	1.9+0.0s
[920/945]	[L1: 0.0290]	1.6+0.0s

Evaluation:
[UCMerced x4]	psnr: 27.967 (Best: 27.989 @epoch 130)
DEBUG: WandB check - hasattr: True, not None: True, idx_scale: 0
DEBUG: Logging to WandB - epoch: 133, psnr: 27.96661376953125
DEBUG: WandB log_validation called successfully
Total time: 2.21s

[Epoch 134]	Learning rate: 1.22e-4
[40/945]	[L1: 0.0294]	1.5+0.0s
[80/945]	[L1: 0.0297]	1.7+0.0s
[120/945]	[L1: 0.0288]	1.5+0.0s
[160/945]	[L1: 0.0287]	1.5+0.0s
[200/945]	[L1: 0.0294]	1.5+0.0s
[240/945]	[L1: 0.0294]	1.6+0.0s
[280/945]	[L1: 0.0294]	1.5+0.0s
[320/945]	[L1: 0.0293]	1.9+0.0s
[360/945]	[L1: 0.0295]	2.0+0.0s
[400/945]	[L1: 0.0295]	1.9+0.0s
[440/945]	[L1: 0.0293]	1.7+0.0s
[480/945]	[L1: 0.0293]	1.7+0.0s
[520/945]	[L1: 0.0293]	1.7+0.0s
[560/945]	[L1: 0.0292]	1.7+0.0s
[600/945]	[L1: 0.0294]	1.6+0.0s
[640/945]	[L1: 0.0291]	1.5+0.0s
[680/945]	[L1: 0.0291]	1.6+0.0s
[720/945]	[L1: 0.0290]	1.8+0.0s
[760/945]	[L1: 0.0290]	1.7+0.0s
[800/945]	[L1: 0.0291]	1.5+0.0s
[840/945]	[L1: 0.0290]	1.5+0.0s
[880/945]	[L1: 0.0291]	1.5+0.0s
[920/945]	[L1: 0.0292]	1.5+0.0s

Evaluation:
[UCMerced x4]	psnr: 27.979 (Best: 27.989 @epoch 130)
DEBUG: WandB check - hasattr: True, not None: True, idx_scale: 0
DEBUG: Logging to WandB - epoch: 134, psnr: 27.9792537689209
DEBUG: WandB log_validation called successfully
Total time: 2.02s

[Epoch 135]	Learning rate: 1.21e-4
[40/945]	[L1: 0.0349]	1.6+0.0s
[80/945]	[L1: 0.0299]	1.6+0.0s
[120/945]	[L1: 0.0293]	1.8+0.0s
[160/945]	[L1: 0.0287]	1.6+0.0s
[200/945]	[L1: 0.0285]	2.0+0.0s
[240/945]	[L1: 0.0285]	1.5+0.0s
[280/945]	[L1: 0.0285]	1.5+0.0s
[320/945]	[L1: 0.0287]	1.5+0.0s
[360/945]	[L1: 0.0291]	1.5+0.0s
[400/945]	[L1: 0.0289]	1.5+0.0s
[440/945]	[L1: 0.0290]	1.7+0.0s
[480/945]	[L1: 0.0294]	1.5+0.0s
[520/945]	[L1: 0.0296]	1.7+0.0s
[560/945]	[L1: 0.0295]	1.5+0.0s
[600/945]	[L1: 0.0295]	1.9+0.0s
[640/945]	[L1: 0.0294]	1.6+0.0s
[680/945]	[L1: 0.0292]	1.5+0.0s
[720/945]	[L1: 0.0293]	1.5+0.0s
[760/945]	[L1: 0.0293]	1.5+0.0s
[800/945]	[L1: 0.0292]	1.5+0.0s
[840/945]	[L1: 0.0291]	1.5+0.0s
[880/945]	[L1: 0.0290]	1.5+0.0s
[920/945]	[L1: 0.0291]	2.0+0.0s

Evaluation:
[UCMerced x4]	psnr: 27.999 (Best: 27.999 @epoch 135)
DEBUG: WandB check - hasattr: True, not None: True, idx_scale: 0
DEBUG: Logging to WandB - epoch: 135, psnr: 27.9993953704834
DEBUG: WandB log_validation called successfully
Total time: 2.09s

[Epoch 136]	Learning rate: 1.20e-4
[40/945]	[L1: 0.0297]	2.0+0.0s
[80/945]	[L1: 0.0280]	1.5+0.0s
[120/945]	[L1: 0.0282]	1.5+0.0s
[160/945]	[L1: 0.0280]	1.5+0.0s
[200/945]	[L1: 0.0283]	1.5+0.0s
[240/945]	[L1: 0.0287]	1.7+0.0s
[280/945]	[L1: 0.0285]	1.5+0.0s
[320/945]	[L1: 0.0285]	1.6+0.0s
[360/945]	[L1: 0.0288]	1.7+0.1s
[400/945]	[L1: 0.0289]	1.8+0.0s
[440/945]	[L1: 0.0293]	2.1+0.0s
[480/945]	[L1: 0.0292]	1.6+0.0s
[520/945]	[L1: 0.0293]	1.5+0.0s
[560/945]	[L1: 0.0290]	1.6+0.0s
[600/945]	[L1: 0.0288]	1.5+0.0s
[640/945]	[L1: 0.0288]	1.7+0.0s
[680/945]	[L1: 0.0291]	1.6+0.0s
[720/945]	[L1: 0.0291]	1.5+0.0s
[760/945]	[L1: 0.0292]	1.6+0.0s
[800/945]	[L1: 0.0292]	1.5+0.0s
[840/945]	[L1: 0.0291]	1.8+0.0s
[880/945]	[L1: 0.0291]	1.5+0.0s
[920/945]	[L1: 0.0291]	1.5+0.0s

Evaluation:
[UCMerced x4]	psnr: 27.940 (Best: 27.999 @epoch 135)
DEBUG: WandB check - hasattr: True, not None: True, idx_scale: 0
DEBUG: Logging to WandB - epoch: 136, psnr: 27.94045639038086
DEBUG: WandB log_validation called successfully
Total time: 2.15s

[Epoch 137]	Learning rate: 1.19e-4
[40/945]	[L1: 0.0312]	1.6+0.0s
[80/945]	[L1: 0.0311]	1.5+0.0s
[120/945]	[L1: 0.0305]	1.6+0.0s
[160/945]	[L1: 0.0291]	1.5+0.0s
[200/945]	[L1: 0.0284]	1.5+0.0s
[240/945]	[L1: 0.0289]	1.6+0.0s
[280/945]	[L1: 0.0292]	1.9+0.0s
[320/945]	[L1: 0.0292]	1.6+0.0s
[360/945]	[L1: 0.0291]	1.7+0.0s
[400/945]	[L1: 0.0291]	1.9+0.0s
[440/945]	[L1: 0.0291]	1.7+0.0s
[480/945]	[L1: 0.0291]	1.5+0.0s
[520/945]	[L1: 0.0291]	1.5+0.0s
[560/945]	[L1: 0.0292]	1.5+0.0s
[600/945]	[L1: 0.0292]	1.6+0.0s
[640/945]	[L1: 0.0293]	1.5+0.1s
[680/945]	[L1: 0.0293]	1.8+0.0s
[720/945]	[L1: 0.0292]	1.6+0.0s
[760/945]	[L1: 0.0292]	1.6+0.0s
[800/945]	[L1: 0.0292]	1.7+0.0s
[840/945]	[L1: 0.0291]	1.7+0.0s
[880/945]	[L1: 0.0290]	1.6+0.0s
[920/945]	[L1: 0.0290]	1.5+0.0s

Evaluation:
[UCMerced x4]	psnr: 27.988 (Best: 27.999 @epoch 135)
DEBUG: WandB check - hasattr: True, not None: True, idx_scale: 0
DEBUG: Logging to WandB - epoch: 137, psnr: 27.988483428955078
DEBUG: WandB log_validation called successfully
Total time: 2.03s

[Epoch 138]	Learning rate: 1.18e-4
[40/945]	[L1: 0.0272]	1.8+0.0s
[80/945]	[L1: 0.0277]	1.7+0.0s
[120/945]	[L1: 0.0275]	1.7+0.0s
[160/945]	[L1: 0.0282]	2.1+0.0s
[200/945]	[L1: 0.0291]	1.6+0.0s
[240/945]	[L1: 0.0289]	1.5+0.0s
[280/945]	[L1: 0.0290]	1.5+0.0s
[320/945]	[L1: 0.0290]	1.5+0.0s
[360/945]	[L1: 0.0291]	1.6+0.0s
[400/945]	[L1: 0.0291]	1.7+0.0s
[440/945]	[L1: 0.0289]	1.6+0.0s
[480/945]	[L1: 0.0288]	1.6+0.0s
[520/945]	[L1: 0.0287]	1.7+0.0s
[560/945]	[L1: 0.0288]	2.2+0.0s
[600/945]	[L1: 0.0289]	1.7+0.0s
[640/945]	[L1: 0.0290]	1.7+0.0s
[680/945]	[L1: 0.0290]	1.5+0.0s
[720/945]	[L1: 0.0291]	1.6+0.0s
[760/945]	[L1: 0.0290]	1.5+0.0s
[800/945]	[L1: 0.0290]	1.5+0.0s
[840/945]	[L1: 0.0290]	1.5+0.0s
[880/945]	[L1: 0.0289]	1.7+0.0s
[920/945]	[L1: 0.0291]	1.5+0.0s

Evaluation:
[UCMerced x4]	psnr: 27.983 (Best: 27.999 @epoch 135)
DEBUG: WandB check - hasattr: True, not None: True, idx_scale: 0
DEBUG: Logging to WandB - epoch: 138, psnr: 27.982681274414062
DEBUG: WandB log_validation called successfully
Total time: 2.00s

[Epoch 139]	Learning rate: 1.17e-4
[40/945]	[L1: 0.0343]	1.6+0.0s
[80/945]	[L1: 0.0313]	1.5+0.0s
[120/945]	[L1: 0.0313]	1.5+0.0s
[160/945]	[L1: 0.0304]	1.5+0.0s
[200/945]	[L1: 0.0301]	1.5+0.0s
[240/945]	[L1: 0.0297]	1.6+0.0s
[280/945]	[L1: 0.0296]	1.7+0.0s
[320/945]	[L1: 0.0294]	1.5+0.0s
[360/945]	[L1: 0.0296]	1.5+0.0s
[400/945]	[L1: 0.0296]	1.9+0.0s
[440/945]	[L1: 0.0295]	1.5+0.0s
[480/945]	[L1: 0.0295]	1.5+0.0s
[520/945]	[L1: 0.0293]	1.5+0.0s
[560/945]	[L1: 0.0293]	1.5+0.0s
[600/945]	[L1: 0.0292]	1.5+0.0s
[640/945]	[L1: 0.0291]	1.5+0.0s
[680/945]	[L1: 0.0290]	1.7+0.0s
[720/945]	[L1: 0.0290]	1.5+0.0s
[760/945]	[L1: 0.0291]	1.5+0.0s
[800/945]	[L1: 0.0291]	1.9+0.0s
[840/945]	[L1: 0.0291]	1.5+0.0s
[880/945]	[L1: 0.0291]	1.6+0.0s
[920/945]	[L1: 0.0290]	1.7+0.0s

Evaluation:
[UCMerced x4]	psnr: 27.941 (Best: 27.999 @epoch 135)
DEBUG: WandB check - hasattr: True, not None: True, idx_scale: 0
DEBUG: Logging to WandB - epoch: 139, psnr: 27.940813064575195
DEBUG: WandB log_validation called successfully
Total time: 2.08s

[Epoch 140]	Learning rate: 1.16e-4
[40/945]	[L1: 0.0277]	1.8+0.0s
[80/945]	[L1: 0.0281]	1.5+0.0s
[120/945]	[L1: 0.0278]	1.5+0.0s
[160/945]	[L1: 0.0278]	1.5+0.0s
[200/945]	[L1: 0.0279]	1.5+0.0s
[240/945]	[L1: 0.0281]	1.9+0.0s
[280/945]	[L1: 0.0283]	1.5+0.0s
[320/945]	[L1: 0.0283]	1.5+0.0s
[360/945]	[L1: 0.0284]	1.6+0.0s
[400/945]	[L1: 0.0282]	1.5+0.0s
[440/945]	[L1: 0.0283]	1.7+0.0s
[480/945]	[L1: 0.0285]	1.5+0.0s
[520/945]	[L1: 0.0287]	1.7+0.0s
[560/945]	[L1: 0.0288]	1.7+0.0s
[600/945]	[L1: 0.0286]	1.8+0.0s
[640/945]	[L1: 0.0287]	2.1+0.0s
[680/945]	[L1: 0.0286]	1.5+0.0s
[720/945]	[L1: 0.0286]	1.5+0.0s
[760/945]	[L1: 0.0287]	1.5+0.0s
[800/945]	[L1: 0.0286]	1.6+0.0s
[840/945]	[L1: 0.0288]	2.0+0.0s
[880/945]	[L1: 0.0288]	1.7+0.0s
[920/945]	[L1: 0.0290]	1.7+0.0s

Evaluation:
[UCMerced x4]	psnr: 27.962 (Best: 27.999 @epoch 135)
DEBUG: WandB check - hasattr: True, not None: True, idx_scale: 0
DEBUG: Logging to WandB - epoch: 140, psnr: 27.962318420410156
DEBUG: WandB log_validation called successfully
Total time: 2.14s

[Epoch 141]	Learning rate: 1.15e-4
[40/945]	[L1: 0.0288]	1.7+0.0s
[80/945]	[L1: 0.0293]	1.9+0.0s
[120/945]	[L1: 0.0295]	1.5+0.0s
[160/945]	[L1: 0.0287]	1.7+0.0s
[200/945]	[L1: 0.0285]	1.5+0.0s
[240/945]	[L1: 0.0288]	1.5+0.0s
[280/945]	[L1: 0.0287]	1.5+0.0s
[320/945]	[L1: 0.0292]	1.5+0.0s
[360/945]	[L1: 0.0295]	1.5+0.0s
[400/945]	[L1: 0.0289]	1.5+0.0s
[440/945]	[L1: 0.0288]	1.6+0.0s
[480/945]	[L1: 0.0288]	1.9+0.0s
[520/945]	[L1: 0.0286]	1.5+0.0s
[560/945]	[L1: 0.0288]	1.7+0.0s
[600/945]	[L1: 0.0289]	1.5+0.0s
[640/945]	[L1: 0.0288]	1.5+0.0s
[680/945]	[L1: 0.0288]	1.5+0.0s
[720/945]	[L1: 0.0290]	1.5+0.0s
[760/945]	[L1: 0.0290]	1.6+0.0s
[800/945]	[L1: 0.0290]	1.5+0.0s
[840/945]	[L1: 0.0291]	1.5+0.0s
[880/945]	[L1: 0.0291]	2.0+0.0s
[920/945]	[L1: 0.0290]	1.6+0.0s

Evaluation:
[UCMerced x4]	psnr: 27.975 (Best: 27.999 @epoch 135)
DEBUG: WandB check - hasattr: True, not None: True, idx_scale: 0
DEBUG: Logging to WandB - epoch: 141, psnr: 27.97456169128418
DEBUG: WandB log_validation called successfully
Total time: 2.20s

[Epoch 142]	Learning rate: 1.14e-4
[40/945]	[L1: 0.0285]	1.5+0.0s
[80/945]	[L1: 0.0296]	1.5+0.0s
[120/945]	[L1: 0.0290]	1.5+0.0s
[160/945]	[L1: 0.0288]	1.5+0.0s
[200/945]	[L1: 0.0285]	1.5+0.0s
[240/945]	[L1: 0.0290]	1.5+0.0s
[280/945]	[L1: 0.0290]	1.7+0.0s
[320/945]	[L1: 0.0294]	1.9+0.0s
[360/945]	[L1: 0.0295]	2.0+0.0s
[400/945]	[L1: 0.0295]	1.5+0.0s
[440/945]	[L1: 0.0294]	1.5+0.0s
[480/945]	[L1: 0.0294]	1.6+0.0s
[520/945]	[L1: 0.0295]	1.5+0.0s
[560/945]	[L1: 0.0294]	1.7+0.0s
[600/945]	[L1: 0.0294]	1.7+0.0s
[640/945]	[L1: 0.0293]	1.6+0.0s
[680/945]	[L1: 0.0293]	1.8+0.0s
[720/945]	[L1: 0.0292]	1.7+0.0s
[760/945]	[L1: 0.0292]	2.1+0.0s
[800/945]	[L1: 0.0292]	1.5+0.0s
[840/945]	[L1: 0.0291]	1.6+0.0s
[880/945]	[L1: 0.0289]	1.7+0.0s
[920/945]	[L1: 0.0289]	1.7+0.0s

Evaluation:
[UCMerced x4]	psnr: 27.984 (Best: 27.999 @epoch 135)
DEBUG: WandB check - hasattr: True, not None: True, idx_scale: 0
DEBUG: Logging to WandB - epoch: 142, psnr: 27.98358917236328
DEBUG: WandB log_validation called successfully
Total time: 2.17s

[Epoch 143]	Learning rate: 1.13e-4
[40/945]	[L1: 0.0287]	1.7+0.0s
[80/945]	[L1: 0.0279]	2.0+0.0s
[120/945]	[L1: 0.0290]	1.8+0.0s
[160/945]	[L1: 0.0289]	1.8+0.0s
[200/945]	[L1: 0.0290]	2.2+0.0s
[240/945]	[L1: 0.0294]	1.8+0.0s
[280/945]	[L1: 0.0294]	1.7+0.0s
[320/945]	[L1: 0.0294]	1.7+0.0s
[360/945]	[L1: 0.0291]	1.7+0.0s
[400/945]	[L1: 0.0291]	1.6+0.0s
[440/945]	[L1: 0.0290]	1.5+0.0s
[480/945]	[L1: 0.0292]	1.7+0.0s
[520/945]	[L1: 0.0292]	1.5+0.0s
[560/945]	[L1: 0.0293]	1.5+0.0s
[600/945]	[L1: 0.0292]	2.0+0.0s
[640/945]	[L1: 0.0292]	1.5+0.0s
[680/945]	[L1: 0.0292]	1.5+0.0s
[720/945]	[L1: 0.0293]	1.5+0.0s
[760/945]	[L1: 0.0294]	1.5+0.0s
[800/945]	[L1: 0.0294]	1.6+0.0s
[840/945]	[L1: 0.0293]	1.7+0.0s
[880/945]	[L1: 0.0291]	1.9+0.0s
[920/945]	[L1: 0.0290]	1.5+0.0s

Evaluation:
[UCMerced x4]	psnr: 27.950 (Best: 27.999 @epoch 135)
DEBUG: WandB check - hasattr: True, not None: True, idx_scale: 0
DEBUG: Logging to WandB - epoch: 143, psnr: 27.95049285888672
DEBUG: WandB log_validation called successfully
Total time: 2.01s

[Epoch 144]	Learning rate: 1.12e-4
[40/945]	[L1: 0.0309]	2.0+0.0s
[80/945]	[L1: 0.0317]	1.7+0.0s
[120/945]	[L1: 0.0308]	1.7+0.0s
[160/945]	[L1: 0.0301]	1.7+0.0s
[200/945]	[L1: 0.0300]	1.9+0.0s
[240/945]	[L1: 0.0294]	1.6+0.0s
[280/945]	[L1: 0.0291]	1.7+0.0s
[320/945]	[L1: 0.0290]	1.7+0.0s
[360/945]	[L1: 0.0289]	1.7+0.0s
[400/945]	[L1: 0.0289]	1.7+0.0s
[440/945]	[L1: 0.0290]	2.1+0.0s
[480/945]	[L1: 0.0291]	1.5+0.0s
[520/945]	[L1: 0.0289]	1.5+0.0s
[560/945]	[L1: 0.0287]	1.6+0.0s
[600/945]	[L1: 0.0288]	2.0+0.0s
[640/945]	[L1: 0.0289]	1.7+0.0s
[680/945]	[L1: 0.0289]	1.8+0.0s
[720/945]	[L1: 0.0288]	1.7+0.0s
[760/945]	[L1: 0.0289]	1.6+0.0s
[800/945]	[L1: 0.0290]	1.5+0.0s
[840/945]	[L1: 0.0290]	2.0+0.0s
[880/945]	[L1: 0.0290]	1.6+0.0s
[920/945]	[L1: 0.0289]	1.5+0.0s

Evaluation:
[UCMerced x4]	psnr: 27.945 (Best: 27.999 @epoch 135)
DEBUG: WandB check - hasattr: True, not None: True, idx_scale: 0
DEBUG: Logging to WandB - epoch: 144, psnr: 27.944974899291992
DEBUG: WandB log_validation called successfully
Total time: 2.17s

[Epoch 145]	Learning rate: 1.11e-4
[40/945]	[L1: 0.0290]	1.6+0.0s
[80/945]	[L1: 0.0288]	1.5+0.0s
[120/945]	[L1: 0.0292]	1.5+0.0s
[160/945]	[L1: 0.0287]	1.5+0.0s
[200/945]	[L1: 0.0287]	1.5+0.0s
[240/945]	[L1: 0.0284]	1.5+0.0s
[280/945]	[L1: 0.0289]	1.6+0.0s
[320/945]	[L1: 0.0293]	2.0+0.0s
[360/945]	[L1: 0.0295]	1.7+0.0s
[400/945]	[L1: 0.0294]	1.5+0.0s
[440/945]	[L1: 0.0294]	1.6+0.0s
[480/945]	[L1: 0.0292]	1.5+0.0s
[520/945]	[L1: 0.0292]	1.5+0.0s
[560/945]	[L1: 0.0290]	1.6+0.0s
[600/945]	[L1: 0.0290]	1.5+0.0s
[640/945]	[L1: 0.0293]	1.6+0.0s
[680/945]	[L1: 0.0291]	1.5+0.0s
[720/945]	[L1: 0.0292]	1.8+0.0s
[760/945]	[L1: 0.0291]	1.7+0.0s
[800/945]	[L1: 0.0292]	1.5+0.0s
[840/945]	[L1: 0.0291]	1.6+0.0s
[880/945]	[L1: 0.0289]	1.7+0.0s
[920/945]	[L1: 0.0290]	1.6+0.0s

Evaluation:
[UCMerced x4]	psnr: 28.004 (Best: 28.004 @epoch 145)
DEBUG: WandB check - hasattr: True, not None: True, idx_scale: 0
DEBUG: Logging to WandB - epoch: 145, psnr: 28.004287719726562
DEBUG: WandB log_validation called successfully
Total time: 2.14s

[Epoch 146]	Learning rate: 1.10e-4
[40/945]	[L1: 0.0270]	1.6+0.0s
[80/945]	[L1: 0.0288]	1.7+0.0s
[120/945]	[L1: 0.0289]	1.6+0.0s
[160/945]	[L1: 0.0285]	2.0+0.0s
[200/945]	[L1: 0.0286]	1.6+0.0s
[240/945]	[L1: 0.0296]	1.5+0.0s
[280/945]	[L1: 0.0296]	1.5+0.0s
[320/945]	[L1: 0.0293]	1.7+0.0s
[360/945]	[L1: 0.0292]	1.7+0.0s
[400/945]	[L1: 0.0294]	1.7+0.0s
[440/945]	[L1: 0.0293]	1.6+0.0s
[480/945]	[L1: 0.0293]	1.7+0.0s
[520/945]	[L1: 0.0292]	1.5+0.0s
[560/945]	[L1: 0.0291]	2.0+0.0s
[600/945]	[L1: 0.0291]	1.5+0.0s
[640/945]	[L1: 0.0290]	1.6+0.0s
[680/945]	[L1: 0.0289]	1.6+0.0s
[720/945]	[L1: 0.0289]	1.5+0.0s
[760/945]	[L1: 0.0290]	1.5+0.0s
[800/945]	[L1: 0.0290]	1.6+0.0s
[840/945]	[L1: 0.0289]	1.5+0.0s
[880/945]	[L1: 0.0288]	1.7+0.0s
[920/945]	[L1: 0.0289]	1.7+0.0s

Evaluation:
[UCMerced x4]	psnr: 27.957 (Best: 28.004 @epoch 145)
DEBUG: WandB check - hasattr: True, not None: True, idx_scale: 0
DEBUG: Logging to WandB - epoch: 146, psnr: 27.956886291503906
DEBUG: WandB log_validation called successfully
Total time: 2.09s

[Epoch 147]	Learning rate: 1.09e-4
[40/945]	[L1: 0.0303]	1.5+0.0s
[80/945]	[L1: 0.0315]	1.5+0.0s
[120/945]	[L1: 0.0300]	1.5+0.0s
[160/945]	[L1: 0.0295]	1.5+0.0s
[200/945]	[L1: 0.0293]	1.5+0.0s
[240/945]	[L1: 0.0288]	1.7+0.0s
[280/945]	[L1: 0.0285]	1.7+0.0s
[320/945]	[L1: 0.0283]	1.5+0.0s
[360/945]	[L1: 0.0284]	1.5+0.0s
[400/945]	[L1: 0.0287]	1.9+0.0s
[440/945]	[L1: 0.0286]	1.5+0.0s
[480/945]	[L1: 0.0284]	1.5+0.0s
[520/945]	[L1: 0.0286]	1.5+0.0s
[560/945]	[L1: 0.0284]	1.5+0.0s
[600/945]	[L1: 0.0284]	1.5+0.0s
[640/945]	[L1: 0.0284]	1.7+0.0s
[680/945]	[L1: 0.0282]	1.5+0.0s
[720/945]	[L1: 0.0284]	1.5+0.0s
[760/945]	[L1: 0.0285]	1.7+0.0s
[800/945]	[L1: 0.0285]	2.2+0.1s
[840/945]	[L1: 0.0288]	1.8+0.0s
[880/945]	[L1: 0.0289]	1.6+0.0s
[920/945]	[L1: 0.0289]	1.6+0.0s

Evaluation:
[UCMerced x4]	psnr: 28.002 (Best: 28.004 @epoch 145)
DEBUG: WandB check - hasattr: True, not None: True, idx_scale: 0
DEBUG: Logging to WandB - epoch: 147, psnr: 28.002079010009766
DEBUG: WandB log_validation called successfully
Total time: 2.15s

[Epoch 148]	Learning rate: 1.08e-4
[40/945]	[L1: 0.0265]	1.5+0.0s
[80/945]	[L1: 0.0272]	1.5+0.0s
[120/945]	[L1: 0.0266]	1.6+0.0s
[160/945]	[L1: 0.0271]	1.7+0.0s
[200/945]	[L1: 0.0277]	1.6+0.0s
[240/945]	[L1: 0.0280]	1.6+0.0s
[280/945]	[L1: 0.0280]	1.8+0.0s
[320/945]	[L1: 0.0284]	1.6+0.0s
[360/945]	[L1: 0.0282]	1.6+0.0s
[400/945]	[L1: 0.0284]	1.7+0.0s
[440/945]	[L1: 0.0286]	1.5+0.0s
[480/945]	[L1: 0.0286]	1.5+0.1s
[520/945]	[L1: 0.0289]	1.6+0.0s
[560/945]	[L1: 0.0288]	1.5+0.0s
[600/945]	[L1: 0.0287]	1.5+0.0s
[640/945]	[L1: 0.0289]	1.6+0.0s
[680/945]	[L1: 0.0290]	2.0+0.0s
[720/945]	[L1: 0.0290]	1.6+0.0s
[760/945]	[L1: 0.0290]	1.6+0.0s
[800/945]	[L1: 0.0290]	1.7+0.0s
[840/945]	[L1: 0.0289]	1.6+0.0s
[880/945]	[L1: 0.0289]	1.6+0.0s
[920/945]	[L1: 0.0289]	1.6+0.0s

Evaluation:
[UCMerced x4]	psnr: 28.003 (Best: 28.004 @epoch 145)
DEBUG: WandB check - hasattr: True, not None: True, idx_scale: 0
DEBUG: Logging to WandB - epoch: 148, psnr: 28.00279998779297
DEBUG: WandB log_validation called successfully
Total time: 2.10s

[Epoch 149]	Learning rate: 1.07e-4
[40/945]	[L1: 0.0299]	1.6+0.0s
[80/945]	[L1: 0.0272]	1.6+0.0s
[120/945]	[L1: 0.0280]	2.1+0.0s
[160/945]	[L1: 0.0284]	1.6+0.0s
[200/945]	[L1: 0.0284]	1.6+0.0s
[240/945]	[L1: 0.0287]	1.5+0.0s
[280/945]	[L1: 0.0288]	1.5+0.0s
[320/945]	[L1: 0.0286]	1.7+0.0s
[360/945]	[L1: 0.0292]	1.6+0.0s
[400/945]	[L1: 0.0291]	1.7+0.0s
[440/945]	[L1: 0.0291]	1.7+0.0s
[480/945]	[L1: 0.0288]	1.5+0.0s
[520/945]	[L1: 0.0288]	2.0+0.0s
[560/945]	[L1: 0.0290]	1.5+0.0s
[600/945]	[L1: 0.0290]	1.6+0.0s
[640/945]	[L1: 0.0290]	1.5+0.0s
[680/945]	[L1: 0.0290]	1.6+0.0s
[720/945]	[L1: 0.0290]	1.5+0.0s
[760/945]	[L1: 0.0289]	1.6+0.0s
[800/945]	[L1: 0.0290]	1.5+0.0s
[840/945]	[L1: 0.0290]	1.5+0.0s
[880/945]	[L1: 0.0289]	1.5+0.0s
[920/945]	[L1: 0.0289]	2.1+0.0s

Evaluation:
[UCMerced x4]	psnr: 28.001 (Best: 28.004 @epoch 145)
DEBUG: WandB check - hasattr: True, not None: True, idx_scale: 0
DEBUG: Logging to WandB - epoch: 149, psnr: 28.001413345336914
DEBUG: WandB log_validation called successfully
Total time: 2.12s

[Epoch 150]	Learning rate: 1.06e-4
[40/945]	[L1: 0.0317]	1.7+0.0s
[80/945]	[L1: 0.0307]	1.8+0.0s
[120/945]	[L1: 0.0291]	1.7+0.0s
[160/945]	[L1: 0.0290]	1.8+0.0s
[200/945]	[L1: 0.0290]	1.7+0.0s
[240/945]	[L1: 0.0285]	1.6+0.0s
[280/945]	[L1: 0.0287]	1.7+0.0s
[320/945]	[L1: 0.0284]	1.5+0.0s
[360/945]	[L1: 0.0285]	1.9+0.0s
[400/945]	[L1: 0.0288]	1.6+0.0s
[440/945]	[L1: 0.0288]	1.5+0.0s
[480/945]	[L1: 0.0286]	1.5+0.0s
[520/945]	[L1: 0.0287]	1.5+0.0s
[560/945]	[L1: 0.0287]	1.5+0.0s
[600/945]	[L1: 0.0289]	1.6+0.0s
[640/945]	[L1: 0.0290]	1.6+0.0s
[680/945]	[L1: 0.0290]	1.7+0.0s
[720/945]	[L1: 0.0289]	1.6+0.0s
[760/945]	[L1: 0.0289]	2.0+0.0s
[800/945]	[L1: 0.0290]	1.6+0.0s
[840/945]	[L1: 0.0290]	1.5+0.0s
[880/945]	[L1: 0.0289]	1.7+0.0s
[920/945]	[L1: 0.0289]	1.6+0.0s

Evaluation:
[UCMerced x4]	psnr: 27.973 (Best: 28.004 @epoch 145)
DEBUG: WandB check - hasattr: True, not None: True, idx_scale: 0
DEBUG: Logging to WandB - epoch: 150, psnr: 27.972881317138672
DEBUG: WandB log_validation called successfully
Total time: 2.19s

💾 Saved step checkpoint at step 35550
[Epoch 151]	Learning rate: 1.05e-4
[40/945]	[L1: 0.0323]	1.6+0.0s
[80/945]	[L1: 0.0308]	1.6+0.0s
[120/945]	[L1: 0.0298]	1.5+0.0s
[160/945]	[L1: 0.0297]	1.7+0.0s
[200/945]	[L1: 0.0298]	2.0+0.0s
[240/945]	[L1: 0.0296]	1.7+0.0s
[280/945]	[L1: 0.0290]	1.7+0.0s
[320/945]	[L1: 0.0293]	1.6+0.0s
[360/945]	[L1: 0.0295]	1.5+0.0s
[400/945]	[L1: 0.0296]	1.7+0.0s
[440/945]	[L1: 0.0293]	1.6+0.0s
[480/945]	[L1: 0.0291]	1.5+0.0s
[520/945]	[L1: 0.0288]	1.5+0.0s
[560/945]	[L1: 0.0288]	1.5+0.0s
[600/945]	[L1: 0.0287]	1.8+0.0s
[640/945]	[L1: 0.0287]	1.6+0.0s
[680/945]	[L1: 0.0287]	1.5+0.0s
[720/945]	[L1: 0.0288]	1.5+0.0s
[760/945]	[L1: 0.0288]	1.5+0.0s
[800/945]	[L1: 0.0287]	1.7+0.0s
[840/945]	[L1: 0.0288]	1.5+0.0s
[880/945]	[L1: 0.0288]	1.5+0.0s
[920/945]	[L1: 0.0289]	1.5+0.0s

Evaluation:
[UCMerced x4]	psnr: 28.000 (Best: 28.004 @epoch 145)
DEBUG: WandB check - hasattr: True, not None: True, idx_scale: 0
DEBUG: Logging to WandB - epoch: 151, psnr: 27.999858856201172
DEBUG: WandB log_validation called successfully
Total time: 2.01s

[Epoch 152]	Learning rate: 1.04e-4
[40/945]	[L1: 0.0285]	1.5+0.0s
[80/945]	[L1: 0.0290]	1.9+0.0s
[120/945]	[L1: 0.0284]	1.5+0.0s
[160/945]	[L1: 0.0286]	1.7+0.0s
[200/945]	[L1: 0.0288]	1.5+0.0s
[240/945]	[L1: 0.0291]	1.5+0.0s
[280/945]	[L1: 0.0291]	1.5+0.0s
[320/945]	[L1: 0.0292]	1.6+0.0s
[360/945]	[L1: 0.0290]	1.7+0.0s
[400/945]	[L1: 0.0290]	1.6+0.0s
[440/945]	[L1: 0.0292]	1.7+0.0s
[480/945]	[L1: 0.0291]	2.1+0.0s
[520/945]	[L1: 0.0290]	1.8+0.0s
[560/945]	[L1: 0.0290]	1.9+0.0s
[600/945]	[L1: 0.0288]	1.6+0.0s
[640/945]	[L1: 0.0287]	1.5+0.0s
[680/945]	[L1: 0.0289]	1.7+0.0s
[720/945]	[L1: 0.0288]	1.8+0.0s
[760/945]	[L1: 0.0287]	1.7+0.0s
[800/945]	[L1: 0.0289]	1.7+0.0s
[840/945]	[L1: 0.0288]	1.7+0.0s
[880/945]	[L1: 0.0287]	2.0+0.0s
[920/945]	[L1: 0.0288]	1.6+0.0s

Evaluation:
[UCMerced x4]	psnr: 27.971 (Best: 28.004 @epoch 145)
DEBUG: WandB check - hasattr: True, not None: True, idx_scale: 0
DEBUG: Logging to WandB - epoch: 152, psnr: 27.97064971923828
DEBUG: WandB log_validation called successfully
Total time: 2.01s

[Epoch 153]	Learning rate: 1.03e-4
[40/945]	[L1: 0.0291]	1.6+0.0s
[80/945]	[L1: 0.0282]	1.7+0.0s
[120/945]	[L1: 0.0283]	1.7+0.0s
[160/945]	[L1: 0.0283]	1.7+0.0s
[200/945]	[L1: 0.0284]	1.7+0.0s
[240/945]	[L1: 0.0283]	1.7+0.0s
[280/945]	[L1: 0.0287]	1.7+0.1s
[320/945]	[L1: 0.0285]	2.4+0.0s
[360/945]	[L1: 0.0287]	1.7+0.0s
[400/945]	[L1: 0.0288]	1.5+0.0s
[440/945]	[L1: 0.0289]	1.8+0.0s
[480/945]	[L1: 0.0289]	1.7+0.0s
[520/945]	[L1: 0.0289]	1.7+0.0s
[560/945]	[L1: 0.0291]	1.7+0.0s
[600/945]	[L1: 0.0291]	1.5+0.0s
[640/945]	[L1: 0.0290]	1.5+0.0s
[680/945]	[L1: 0.0290]	1.5+0.0s
[720/945]	[L1: 0.0288]	2.0+0.0s
[760/945]	[L1: 0.0288]	1.6+0.0s
[800/945]	[L1: 0.0289]	1.5+0.0s
[840/945]	[L1: 0.0288]	1.5+0.0s
[880/945]	[L1: 0.0288]	1.6+0.0s
[920/945]	[L1: 0.0288]	1.6+0.0s

Evaluation:
[UCMerced x4]	psnr: 27.999 (Best: 28.004 @epoch 145)
DEBUG: WandB check - hasattr: True, not None: True, idx_scale: 0
DEBUG: Logging to WandB - epoch: 153, psnr: 27.99932098388672
DEBUG: WandB log_validation called successfully
Total time: 2.12s

[Epoch 154]	Learning rate: 1.02e-4
[40/945]	[L1: 0.0301]	2.0+0.0s
[80/945]	[L1: 0.0291]	1.7+0.0s
[120/945]	[L1: 0.0283]	1.6+0.0s
[160/945]	[L1: 0.0286]	1.9+0.0s
[200/945]	[L1: 0.0284]	1.5+0.0s
[240/945]	[L1: 0.0290]	1.7+0.0s
[280/945]	[L1: 0.0289]	1.5+0.0s
[320/945]	[L1: 0.0292]	1.7+0.0s
[360/945]	[L1: 0.0289]	1.6+0.0s
[400/945]	[L1: 0.0287]	1.6+0.0s
[440/945]	[L1: 0.0285]	1.9+0.0s
[480/945]	[L1: 0.0284]	1.7+0.0s
[520/945]	[L1: 0.0285]	1.6+0.0s
[560/945]	[L1: 0.0287]	1.9+0.0s
[600/945]	[L1: 0.0286]	1.5+0.0s
[640/945]	[L1: 0.0286]	1.5+0.0s
[680/945]	[L1: 0.0285]	1.6+0.0s
[720/945]	[L1: 0.0285]	1.6+0.0s
[760/945]	[L1: 0.0285]	1.8+0.0s
[800/945]	[L1: 0.0285]	1.7+0.0s
[840/945]	[L1: 0.0287]	2.0+0.0s
[880/945]	[L1: 0.0287]	1.6+0.0s
[920/945]	[L1: 0.0287]	1.6+0.0s

Evaluation:
[UCMerced x4]	psnr: 27.998 (Best: 28.004 @epoch 145)
DEBUG: WandB check - hasattr: True, not None: True, idx_scale: 0
DEBUG: Logging to WandB - epoch: 154, psnr: 27.997886657714844
DEBUG: WandB log_validation called successfully
Total time: 2.01s

[Epoch 155]	Learning rate: 1.01e-4
[40/945]	[L1: 0.0313]	1.9+0.0s
[80/945]	[L1: 0.0298]	1.7+0.0s
[120/945]	[L1: 0.0295]	1.7+0.0s
[160/945]	[L1: 0.0293]	1.7+0.0s
[200/945]	[L1: 0.0291]	2.0+0.0s
[240/945]	[L1: 0.0290]	1.7+0.0s
[280/945]	[L1: 0.0286]	1.6+0.0s
[320/945]	[L1: 0.0289]	1.6+0.0s
[360/945]	[L1: 0.0294]	1.7+0.0s
[400/945]	[L1: 0.0291]	1.7+0.0s
[440/945]	[L1: 0.0293]	2.1+0.0s
[480/945]	[L1: 0.0291]	1.5+0.0s
[520/945]	[L1: 0.0293]	1.5+0.0s
[560/945]	[L1: 0.0290]	1.6+0.0s
[600/945]	[L1: 0.0289]	1.7+0.0s
[640/945]	[L1: 0.0289]	1.6+0.0s
[680/945]	[L1: 0.0288]	1.7+0.0s
[720/945]	[L1: 0.0288]	1.7+0.0s
[760/945]	[L1: 0.0289]	1.6+0.0s
[800/945]	[L1: 0.0289]	1.5+0.0s
[840/945]	[L1: 0.0289]	1.8+0.0s
[880/945]	[L1: 0.0289]	1.7+0.0s
[920/945]	[L1: 0.0289]	1.9+0.0s

Evaluation:
[UCMerced x4]	psnr: 27.988 (Best: 28.004 @epoch 145)
DEBUG: WandB check - hasattr: True, not None: True, idx_scale: 0
DEBUG: Logging to WandB - epoch: 155, psnr: 27.988340377807617
DEBUG: WandB log_validation called successfully
Total time: 2.33s

[Epoch 156]	Learning rate: 1.00e-4
[40/945]	[L1: 0.0313]	1.7+0.0s
[80/945]	[L1: 0.0296]	1.5+0.0s
[120/945]	[L1: 0.0291]	1.5+0.0s
[160/945]	[L1: 0.0290]	1.5+0.0s
[200/945]	[L1: 0.0296]	1.5+0.0s
[240/945]	[L1: 0.0298]	1.6+0.0s
[280/945]	[L1: 0.0301]	1.9+0.0s
[320/945]	[L1: 0.0301]	1.7+0.0s
[360/945]	[L1: 0.0297]	1.5+0.0s
[400/945]	[L1: 0.0294]	1.5+0.0s
[440/945]	[L1: 0.0296]	1.5+0.0s
[480/945]	[L1: 0.0294]	1.5+0.0s
[520/945]	[L1: 0.0293]	1.5+0.0s
[560/945]	[L1: 0.0290]	1.5+0.0s
[600/945]	[L1: 0.0289]	1.5+0.0s
[640/945]	[L1: 0.0289]	1.5+0.0s
[680/945]	[L1: 0.0289]	1.9+0.0s
[720/945]	[L1: 0.0288]	1.7+0.0s
[760/945]	[L1: 0.0288]	1.5+0.0s
[800/945]	[L1: 0.0288]	1.5+0.0s
[840/945]	[L1: 0.0288]	1.5+0.0s
[880/945]	[L1: 0.0287]	1.5+0.0s
[920/945]	[L1: 0.0287]	1.5+0.0s

Evaluation:
[UCMerced x4]	psnr: 28.026 (Best: 28.026 @epoch 156)
DEBUG: WandB check - hasattr: True, not None: True, idx_scale: 0
DEBUG: Logging to WandB - epoch: 156, psnr: 28.025754928588867
DEBUG: WandB log_validation called successfully
Total time: 2.00s

[Epoch 157]	Learning rate: 9.90e-5
[40/945]	[L1: 0.0290]	1.5+0.0s
[80/945]	[L1: 0.0288]	1.7+0.0s
[120/945]	[L1: 0.0287]	1.8+0.0s
[160/945]	[L1: 0.0281]	1.5+0.0s
[200/945]	[L1: 0.0281]	1.5+0.0s
[240/945]	[L1: 0.0280]	1.5+0.0s
[280/945]	[L1: 0.0282]	1.5+0.0s
[320/945]	[L1: 0.0284]	1.5+0.0s
[360/945]	[L1: 0.0286]	1.5+0.0s
[400/945]	[L1: 0.0285]	1.5+0.0s
[440/945]	[L1: 0.0286]	1.5+0.0s
[480/945]	[L1: 0.0286]	1.7+0.0s
[520/945]	[L1: 0.0285]	1.8+0.0s
[560/945]	[L1: 0.0286]	1.5+0.0s
[600/945]	[L1: 0.0284]	1.5+0.0s
[640/945]	[L1: 0.0285]	1.5+0.0s
[680/945]	[L1: 0.0286]	1.5+0.0s
[720/945]	[L1: 0.0286]	1.5+0.0s
[760/945]	[L1: 0.0287]	1.5+0.0s
[800/945]	[L1: 0.0287]	1.5+0.0s
[840/945]	[L1: 0.0287]	1.5+0.0s
[880/945]	[L1: 0.0287]	1.7+0.0s
[920/945]	[L1: 0.0286]	1.9+0.0s

Evaluation:
[UCMerced x4]	psnr: 27.982 (Best: 28.026 @epoch 156)
DEBUG: WandB check - hasattr: True, not None: True, idx_scale: 0
DEBUG: Logging to WandB - epoch: 157, psnr: 27.98211669921875
DEBUG: WandB log_validation called successfully
Total time: 2.13s

[Epoch 158]	Learning rate: 9.80e-5
[40/945]	[L1: 0.0315]	1.6+0.0s
[80/945]	[L1: 0.0305]	1.5+0.0s
[120/945]	[L1: 0.0295]	1.6+0.0s
[160/945]	[L1: 0.0297]	1.7+0.0s
[200/945]	[L1: 0.0295]	1.7+0.0s
[240/945]	[L1: 0.0294]	1.9+0.0s
[280/945]	[L1: 0.0295]	1.7+0.0s
[320/945]	[L1: 0.0292]	1.7+0.0s
[360/945]	[L1: 0.0289]	1.7+0.0s
[400/945]	[L1: 0.0290]	2.2+0.0s
[440/945]	[L1: 0.0288]	1.7+0.0s
[480/945]	[L1: 0.0288]	1.8+0.0s
[520/945]	[L1: 0.0289]	1.7+0.0s
[560/945]	[L1: 0.0289]	1.7+0.0s
[600/945]	[L1: 0.0289]	1.7+0.0s
[640/945]	[L1: 0.0290]	2.1+0.0s
[680/945]	[L1: 0.0290]	1.5+0.0s
[720/945]	[L1: 0.0290]	1.5+0.0s
[760/945]	[L1: 0.0289]	1.6+0.0s
[800/945]	[L1: 0.0289]	1.9+0.0s
[840/945]	[L1: 0.0289]	1.6+0.0s
[880/945]	[L1: 0.0290]	1.6+0.0s
[920/945]	[L1: 0.0289]	1.6+0.0s

Evaluation:
[UCMerced x4]	psnr: 28.010 (Best: 28.026 @epoch 156)
DEBUG: WandB check - hasattr: True, not None: True, idx_scale: 0
DEBUG: Logging to WandB - epoch: 158, psnr: 28.01011085510254
DEBUG: WandB log_validation called successfully
Total time: 2.33s

[Epoch 159]	Learning rate: 9.71e-5
[40/945]	[L1: 0.0307]	1.7+0.0s
[80/945]	[L1: 0.0297]	1.6+0.0s
[120/945]	[L1: 0.0291]	1.7+0.0s
[160/945]	[L1: 0.0286]	1.7+0.0s
[200/945]	[L1: 0.0285]	1.8+0.0s
[240/945]	[L1: 0.0279]	1.8+0.0s
[280/945]	[L1: 0.0280]	1.7+0.0s
[320/945]	[L1: 0.0284]	1.7+0.0s
[360/945]	[L1: 0.0285]	2.0+0.0s
[400/945]	[L1: 0.0287]	1.6+0.0s
[440/945]	[L1: 0.0288]	1.5+0.0s
[480/945]	[L1: 0.0286]	1.5+0.0s
[520/945]	[L1: 0.0288]	1.6+0.0s
[560/945]	[L1: 0.0287]	1.5+0.0s
[600/945]	[L1: 0.0287]	1.5+0.0s
[640/945]	[L1: 0.0288]	1.9+0.0s
[680/945]	[L1: 0.0288]	1.5+0.0s
[720/945]	[L1: 0.0290]	1.5+0.0s
[760/945]	[L1: 0.0288]	1.7+0.0s
[800/945]	[L1: 0.0289]	1.5+0.0s
[840/945]	[L1: 0.0287]	1.5+0.0s
[880/945]	[L1: 0.0288]	1.5+0.0s
[920/945]	[L1: 0.0288]	1.5+0.0s

Evaluation:
[UCMerced x4]	psnr: 27.978 (Best: 28.026 @epoch 156)
DEBUG: WandB check - hasattr: True, not None: True, idx_scale: 0
DEBUG: Logging to WandB - epoch: 159, psnr: 27.978267669677734
DEBUG: WandB log_validation called successfully
Total time: 2.02s

[Epoch 160]	Learning rate: 9.61e-5
[40/945]	[L1: 0.0280]	1.5+0.0s
[80/945]	[L1: 0.0309]	2.0+0.0s
[120/945]	[L1: 0.0303]	1.7+0.0s
[160/945]	[L1: 0.0299]	1.5+0.0s
[200/945]	[L1: 0.0294]	1.6+0.0s
[240/945]	[L1: 0.0292]	1.5+0.0s
[280/945]	[L1: 0.0295]	1.5+0.0s
[320/945]	[L1: 0.0294]	1.5+0.0s
[360/945]	[L1: 0.0292]	1.5+0.0s
[400/945]	[L1: 0.0291]	1.5+0.0s
[440/945]	[L1: 0.0288]	1.5+0.0s
[480/945]	[L1: 0.0287]	1.9+0.0s
[520/945]	[L1: 0.0289]	1.7+0.0s
[560/945]	[L1: 0.0288]	1.5+0.0s
[600/945]	[L1: 0.0288]	1.5+0.0s
[640/945]	[L1: 0.0287]	1.5+0.0s
[680/945]	[L1: 0.0286]	1.5+0.0s
[720/945]	[L1: 0.0287]	1.5+0.0s
[760/945]	[L1: 0.0285]	1.5+0.0s
[800/945]	[L1: 0.0285]	1.5+0.0s
[840/945]	[L1: 0.0287]	1.5+0.0s
[880/945]	[L1: 0.0288]	1.8+0.0s
[920/945]	[L1: 0.0287]	1.7+0.0s

Evaluation:
[UCMerced x4]	psnr: 28.027 (Best: 28.027 @epoch 160)
DEBUG: WandB check - hasattr: True, not None: True, idx_scale: 0
DEBUG: Logging to WandB - epoch: 160, psnr: 28.026813507080078
DEBUG: WandB log_validation called successfully
Total time: 2.00s

[Epoch 161]	Learning rate: 9.51e-5
[40/945]	[L1: 0.0275]	1.5+0.0s
[80/945]	[L1: 0.0282]	1.5+0.0s
[120/945]	[L1: 0.0277]	1.5+0.0s
[160/945]	[L1: 0.0274]	1.5+0.0s
[200/945]	[L1: 0.0276]	1.5+0.0s
[240/945]	[L1: 0.0282]	1.7+0.0s
[280/945]	[L1: 0.0283]	1.5+0.0s
[320/945]	[L1: 0.0288]	2.0+0.0s
[360/945]	[L1: 0.0288]	1.5+0.0s
[400/945]	[L1: 0.0287]	1.5+0.0s
[440/945]	[L1: 0.0290]	1.5+0.0s
[480/945]	[L1: 0.0289]	1.5+0.0s
[520/945]	[L1: 0.0288]	1.5+0.0s
[560/945]	[L1: 0.0287]	1.5+0.0s
[600/945]	[L1: 0.0290]	1.5+0.0s
[640/945]	[L1: 0.0289]	1.7+0.0s
[680/945]	[L1: 0.0288]	1.5+0.0s
[720/945]	[L1: 0.0290]	1.9+0.0s
[760/945]	[L1: 0.0289]	1.5+0.0s
[800/945]	[L1: 0.0289]	1.5+0.0s
[840/945]	[L1: 0.0287]	1.6+0.0s
[880/945]	[L1: 0.0286]	1.7+0.0s
[920/945]	[L1: 0.0286]	1.7+0.0s

Evaluation:
[UCMerced x4]	psnr: 28.004 (Best: 28.027 @epoch 160)
DEBUG: WandB check - hasattr: True, not None: True, idx_scale: 0
DEBUG: Logging to WandB - epoch: 161, psnr: 28.003543853759766
DEBUG: WandB log_validation called successfully
Total time: 2.16s

[Epoch 162]	Learning rate: 9.41e-5
[40/945]	[L1: 0.0271]	1.5+0.0s
[80/945]	[L1: 0.0282]	1.5+0.0s
[120/945]	[L1: 0.0288]	1.5+0.0s
[160/945]	[L1: 0.0285]	1.5+0.0s
[200/945]	[L1: 0.0287]	1.9+0.0s
[240/945]	[L1: 0.0284]	1.5+0.0s
[280/945]	[L1: 0.0284]	1.5+0.0s
[320/945]	[L1: 0.0282]	1.5+0.0s
[360/945]	[L1: 0.0281]	1.5+0.0s
[400/945]	[L1: 0.0281]	1.7+0.0s
[440/945]	[L1: 0.0282]	1.5+0.0s
[480/945]	[L1: 0.0283]	1.5+0.0s
[520/945]	[L1: 0.0283]	1.5+0.0s
[560/945]	[L1: 0.0283]	1.5+0.0s
[600/945]	[L1: 0.0282]	1.8+0.0s
[640/945]	[L1: 0.0285]	1.6+0.0s
[680/945]	[L1: 0.0284]	1.6+0.0s
[720/945]	[L1: 0.0287]	1.5+0.0s
[760/945]	[L1: 0.0287]	1.5+0.0s
[800/945]	[L1: 0.0286]	1.7+0.0s
[840/945]	[L1: 0.0287]	1.5+0.0s
[880/945]	[L1: 0.0287]	1.5+0.0s
[920/945]	[L1: 0.0286]	1.5+0.0s

Evaluation:
[UCMerced x4]	psnr: 28.005 (Best: 28.027 @epoch 160)
DEBUG: WandB check - hasattr: True, not None: True, idx_scale: 0
DEBUG: Logging to WandB - epoch: 162, psnr: 28.005409240722656
DEBUG: WandB log_validation called successfully
Total time: 2.01s

[Epoch 163]	Learning rate: 9.31e-5
[40/945]	[L1: 0.0293]	2.0+0.0s
[80/945]	[L1: 0.0278]	1.6+0.0s
[120/945]	[L1: 0.0281]	1.5+0.0s
[160/945]	[L1: 0.0282]	1.7+0.0s
[200/945]	[L1: 0.0285]	1.5+0.0s
[240/945]	[L1: 0.0290]	1.5+0.0s
[280/945]	[L1: 0.0290]	1.7+0.0s
[320/945]	[L1: 0.0291]	1.7+0.0s
[360/945]	[L1: 0.0289]	1.6+0.0s
[400/945]	[L1: 0.0288]	1.5+0.0s
[440/945]	[L1: 0.0286]	2.0+0.0s
[480/945]	[L1: 0.0286]	1.5+0.0s
[520/945]	[L1: 0.0284]	1.5+0.0s
[560/945]	[L1: 0.0284]	1.7+0.0s
[600/945]	[L1: 0.0283]	1.5+0.0s
[640/945]	[L1: 0.0283]	1.5+0.0s
[680/945]	[L1: 0.0283]	1.5+0.0s
[720/945]	[L1: 0.0285]	1.5+0.0s
[760/945]	[L1: 0.0285]	1.5+0.0s
[800/945]	[L1: 0.0285]	1.5+0.0s
[840/945]	[L1: 0.0285]	1.9+0.0s
[880/945]	[L1: 0.0286]	1.5+0.0s
[920/945]	[L1: 0.0287]	1.7+0.0s

Evaluation:
[UCMerced x4]	psnr: 28.006 (Best: 28.027 @epoch 160)
DEBUG: WandB check - hasattr: True, not None: True, idx_scale: 0
DEBUG: Logging to WandB - epoch: 163, psnr: 28.005563735961914
DEBUG: WandB log_validation called successfully
Total time: 2.13s

[Epoch 164]	Learning rate: 9.21e-5
[40/945]	[L1: 0.0319]	1.6+0.0s
[80/945]	[L1: 0.0310]	1.5+0.0s
[120/945]	[L1: 0.0295]	1.8+0.0s
[160/945]	[L1: 0.0301]	1.6+0.0s
[200/945]	[L1: 0.0298]	1.5+0.0s
[240/945]	[L1: 0.0292]	1.5+0.0s
[280/945]	[L1: 0.0292]	2.0+0.0s
[320/945]	[L1: 0.0292]	1.6+0.0s
[360/945]	[L1: 0.0289]	1.5+0.0s
[400/945]	[L1: 0.0289]	1.5+0.0s
[440/945]	[L1: 0.0289]	1.6+0.0s
[480/945]	[L1: 0.0290]	1.8+0.0s
[520/945]	[L1: 0.0290]	1.7+0.0s
[560/945]	[L1: 0.0289]	1.7+0.0s
[600/945]	[L1: 0.0290]	1.5+0.0s
[640/945]	[L1: 0.0289]	1.5+0.0s
[680/945]	[L1: 0.0289]	2.1+0.0s
[720/945]	[L1: 0.0288]	1.5+0.0s
[760/945]	[L1: 0.0287]	1.5+0.0s
[800/945]	[L1: 0.0287]	1.5+0.0s
[840/945]	[L1: 0.0287]	1.5+0.0s
[880/945]	[L1: 0.0286]	1.5+0.0s
[920/945]	[L1: 0.0286]	1.5+0.0s

Evaluation:
[UCMerced x4]	psnr: 28.012 (Best: 28.027 @epoch 160)
DEBUG: WandB check - hasattr: True, not None: True, idx_scale: 0
DEBUG: Logging to WandB - epoch: 164, psnr: 28.011579513549805
DEBUG: WandB log_validation called successfully
Total time: 2.01s

[Epoch 165]	Learning rate: 9.11e-5
[40/945]	[L1: 0.0324]	1.7+0.0s
[80/945]	[L1: 0.0302]	1.5+0.0s
[120/945]	[L1: 0.0300]	1.5+0.0s
[160/945]	[L1: 0.0297]	1.8+0.0s
[200/945]	[L1: 0.0293]	1.5+0.0s
[240/945]	[L1: 0.0293]	1.6+0.0s
[280/945]	[L1: 0.0292]	1.5+0.0s
[320/945]	[L1: 0.0289]	1.5+0.0s
[360/945]	[L1: 0.0287]	1.6+0.0s
[400/945]	[L1: 0.0284]	1.6+0.0s
[440/945]	[L1: 0.0283]	1.7+0.0s
[480/945]	[L1: 0.0281]	1.7+0.0s
[520/945]	[L1: 0.0280]	1.8+0.0s
[560/945]	[L1: 0.0282]	2.2+0.0s
[600/945]	[L1: 0.0281]	1.7+0.0s
[640/945]	[L1: 0.0281]	1.7+0.0s
[680/945]	[L1: 0.0281]	1.7+0.0s
[720/945]	[L1: 0.0284]	1.5+0.0s
[760/945]	[L1: 0.0284]	1.7+0.0s
[800/945]	[L1: 0.0286]	1.6+0.0s
[840/945]	[L1: 0.0285]	1.7+0.0s
[880/945]	[L1: 0.0286]	1.6+0.0s
[920/945]	[L1: 0.0285]	1.6+0.0s

Evaluation:
[UCMerced x4]	psnr: 28.031 (Best: 28.031 @epoch 165)
DEBUG: WandB check - hasattr: True, not None: True, idx_scale: 0
DEBUG: Logging to WandB - epoch: 165, psnr: 28.03145408630371
DEBUG: WandB log_validation called successfully
Total time: 2.15s

[Epoch 166]	Learning rate: 9.01e-5
[40/945]	[L1: 0.0296]	1.7+0.0s
[80/945]	[L1: 0.0286]	1.5+0.0s
[120/945]	[L1: 0.0280]	1.6+0.0s
[160/945]	[L1: 0.0279]	1.7+0.0s
[200/945]	[L1: 0.0282]	1.6+0.0s
[240/945]	[L1: 0.0282]	1.7+0.0s
[280/945]	[L1: 0.0290]	1.8+0.0s
[320/945]	[L1: 0.0291]	1.8+0.0s
[360/945]	[L1: 0.0292]	1.7+0.0s
[400/945]	[L1: 0.0289]	2.0+0.0s
[440/945]	[L1: 0.0287]	1.7+0.0s
[480/945]	[L1: 0.0287]	1.6+0.0s
[520/945]	[L1: 0.0286]	1.7+0.0s
[560/945]	[L1: 0.0285]	1.7+0.0s
[600/945]	[L1: 0.0285]	1.5+0.0s
[640/945]	[L1: 0.0286]	1.5+0.0s
[680/945]	[L1: 0.0285]	1.5+0.0s
[720/945]	[L1: 0.0285]	1.6+0.0s
[760/945]	[L1: 0.0286]	1.5+0.0s
[800/945]	[L1: 0.0286]	2.0+0.0s
[840/945]	[L1: 0.0286]	1.5+0.0s
[880/945]	[L1: 0.0286]	1.6+0.0s
[920/945]	[L1: 0.0285]	1.6+0.0s

Evaluation:
[UCMerced x4]	psnr: 27.984 (Best: 28.031 @epoch 165)
DEBUG: WandB check - hasattr: True, not None: True, idx_scale: 0
DEBUG: Logging to WandB - epoch: 166, psnr: 27.983728408813477
DEBUG: WandB log_validation called successfully
Total time: 2.17s

[Epoch 167]	Learning rate: 8.92e-5
[40/945]	[L1: 0.0316]	1.5+0.0s
[80/945]	[L1: 0.0308]	1.5+0.0s
[120/945]	[L1: 0.0302]	1.5+0.0s
[160/945]	[L1: 0.0293]	1.6+0.0s
[200/945]	[L1: 0.0294]	1.6+0.0s
[240/945]	[L1: 0.0291]	2.1+0.0s
[280/945]	[L1: 0.0294]	1.7+0.0s
[320/945]	[L1: 0.0290]	1.8+0.0s
[360/945]	[L1: 0.0290]	1.7+0.0s
[400/945]	[L1: 0.0290]	1.7+0.0s
[440/945]	[L1: 0.0289]	1.6+0.0s
[480/945]	[L1: 0.0287]	1.6+0.0s
[520/945]	[L1: 0.0286]	1.5+0.0s
[560/945]	[L1: 0.0288]	1.6+0.0s
[600/945]	[L1: 0.0285]	1.7+0.0s
[640/945]	[L1: 0.0285]	1.8+0.0s
[680/945]	[L1: 0.0285]	1.5+0.0s
[720/945]	[L1: 0.0285]	1.9+0.0s
[760/945]	[L1: 0.0285]	1.6+0.0s
[800/945]	[L1: 0.0285]	1.6+0.0s
[840/945]	[L1: 0.0285]	1.5+0.0s
[880/945]	[L1: 0.0286]	1.5+0.0s
[920/945]	[L1: 0.0286]	1.5+0.0s

Evaluation:
[UCMerced x4]	psnr: 28.058 (Best: 28.058 @epoch 167)
DEBUG: WandB check - hasattr: True, not None: True, idx_scale: 0
DEBUG: Logging to WandB - epoch: 167, psnr: 28.057880401611328
DEBUG: WandB log_validation called successfully
Total time: 2.00s

[Epoch 168]	Learning rate: 8.82e-5
[40/945]	[L1: 0.0293]	1.5+0.0s
[80/945]	[L1: 0.0274]	1.6+0.0s
[120/945]	[L1: 0.0285]	2.1+0.0s
[160/945]	[L1: 0.0292]	1.7+0.0s
[200/945]	[L1: 0.0290]	1.7+0.0s
[240/945]	[L1: 0.0286]	1.7+0.0s
[280/945]	[L1: 0.0284]	1.6+0.0s
[320/945]	[L1: 0.0285]	1.7+0.0s
[360/945]	[L1: 0.0285]	1.6+0.0s
[400/945]	[L1: 0.0285]	1.6+0.1s
[440/945]	[L1: 0.0285]	1.7+0.0s
[480/945]	[L1: 0.0285]	1.8+0.0s
[520/945]	[L1: 0.0284]	2.1+0.0s
[560/945]	[L1: 0.0284]	1.7+0.0s
[600/945]	[L1: 0.0286]	1.7+0.0s
[640/945]	[L1: 0.0285]	1.6+0.0s
[680/945]	[L1: 0.0287]	1.5+0.0s
[720/945]	[L1: 0.0288]	1.5+0.0s
[760/945]	[L1: 0.0287]	1.5+0.0s
[800/945]	[L1: 0.0287]	1.5+0.0s
[840/945]	[L1: 0.0290]	1.6+0.0s
[880/945]	[L1: 0.0288]	2.1+0.0s
[920/945]	[L1: 0.0287]	2.0+0.0s

Evaluation:
[UCMerced x4]	psnr: 28.031 (Best: 28.058 @epoch 167)
DEBUG: WandB check - hasattr: True, not None: True, idx_scale: 0
DEBUG: Logging to WandB - epoch: 168, psnr: 28.03084945678711
DEBUG: WandB log_validation called successfully
Total time: 2.04s

[Epoch 169]	Learning rate: 8.72e-5
[40/945]	[L1: 0.0268]	1.5+0.0s
[80/945]	[L1: 0.0272]	1.5+0.0s
[120/945]	[L1: 0.0280]	1.5+0.0s
[160/945]	[L1: 0.0283]	1.6+0.0s
[200/945]	[L1: 0.0287]	1.8+0.0s
[240/945]	[L1: 0.0287]	1.6+0.0s
[280/945]	[L1: 0.0288]	1.7+0.0s
[320/945]	[L1: 0.0290]	1.6+0.0s
[360/945]	[L1: 0.0290]	1.8+0.0s
[400/945]	[L1: 0.0287]	1.5+0.0s
[440/945]	[L1: 0.0287]	1.5+0.0s
[480/945]	[L1: 0.0287]	1.5+0.0s
[520/945]	[L1: 0.0285]	1.5+0.0s
[560/945]	[L1: 0.0286]	1.5+0.0s
[600/945]	[L1: 0.0287]	1.8+0.0s
[640/945]	[L1: 0.0287]	1.5+0.0s
[680/945]	[L1: 0.0289]	1.5+0.0s
[720/945]	[L1: 0.0288]	1.5+0.0s
[760/945]	[L1: 0.0289]	1.9+0.0s
[800/945]	[L1: 0.0287]	1.5+0.0s
[840/945]	[L1: 0.0287]	1.5+0.0s
[880/945]	[L1: 0.0287]	1.6+0.0s
[920/945]	[L1: 0.0286]	1.6+0.0s

Evaluation:
[UCMerced x4]	psnr: 27.995 (Best: 28.058 @epoch 167)
DEBUG: WandB check - hasattr: True, not None: True, idx_scale: 0
DEBUG: Logging to WandB - epoch: 169, psnr: 27.995046615600586
DEBUG: WandB log_validation called successfully
Total time: 2.15s

[Epoch 170]	Learning rate: 8.62e-5
[40/945]	[L1: 0.0261]	1.5+0.0s
[80/945]	[L1: 0.0267]	1.5+0.0s
[120/945]	[L1: 0.0261]	1.6+0.0s
[160/945]	[L1: 0.0261]	1.7+0.0s
[200/945]	[L1: 0.0266]	2.1+0.0s
[240/945]	[L1: 0.0267]	1.5+0.0s
[280/945]	[L1: 0.0273]	1.6+0.0s
[320/945]	[L1: 0.0277]	1.6+0.0s
[360/945]	[L1: 0.0279]	1.9+0.0s
[400/945]	[L1: 0.0282]	1.8+0.0s
[440/945]	[L1: 0.0282]	1.7+0.0s
[480/945]	[L1: 0.0282]	1.7+0.0s
[520/945]	[L1: 0.0282]	1.8+0.0s
[560/945]	[L1: 0.0283]	1.7+0.0s
[600/945]	[L1: 0.0286]	2.2+0.0s
[640/945]	[L1: 0.0286]	1.9+0.0s
[680/945]	[L1: 0.0287]	1.7+0.0s
[720/945]	[L1: 0.0286]	1.7+0.0s
[760/945]	[L1: 0.0287]	2.0+0.0s
[800/945]	[L1: 0.0288]	1.6+0.0s
[840/945]	[L1: 0.0288]	1.6+0.0s
[880/945]	[L1: 0.0287]	1.7+0.0s
[920/945]	[L1: 0.0286]	1.7+0.0s

Evaluation:
[UCMerced x4]	psnr: 28.023 (Best: 28.058 @epoch 167)
DEBUG: WandB check - hasattr: True, not None: True, idx_scale: 0
DEBUG: Logging to WandB - epoch: 170, psnr: 28.023181915283203
DEBUG: WandB log_validation called successfully
Total time: 2.03s

[Epoch 171]	Learning rate: 8.52e-5
[40/945]	[L1: 0.0289]	2.1+0.0s
[80/945]	[L1: 0.0277]	1.9+0.0s
[120/945]	[L1: 0.0287]	1.7+0.0s
[160/945]	[L1: 0.0288]	1.7+0.0s
[200/945]	[L1: 0.0284]	1.7+0.0s
[240/945]	[L1: 0.0279]	1.5+0.0s
[280/945]	[L1: 0.0278]	1.6+0.0s
[320/945]	[L1: 0.0279]	1.5+0.0s
[360/945]	[L1: 0.0278]	1.6+0.0s
[400/945]	[L1: 0.0281]	1.6+0.0s
[440/945]	[L1: 0.0283]	2.1+0.0s
[480/945]	[L1: 0.0282]	1.9+0.0s
[520/945]	[L1: 0.0281]	1.5+0.0s
[560/945]	[L1: 0.0282]	1.6+0.0s
[600/945]	[L1: 0.0283]	1.7+0.0s
[640/945]	[L1: 0.0282]	1.7+0.0s
[680/945]	[L1: 0.0281]	1.7+0.0s
[720/945]	[L1: 0.0282]	1.7+0.0s
[760/945]	[L1: 0.0284]	1.9+0.0s
[800/945]	[L1: 0.0284]	1.6+0.0s
[840/945]	[L1: 0.0283]	2.0+0.0s
[880/945]	[L1: 0.0283]	2.0+0.0s
[920/945]	[L1: 0.0286]	1.7+0.0s

Evaluation:
[UCMerced x4]	psnr: 28.038 (Best: 28.058 @epoch 167)
DEBUG: WandB check - hasattr: True, not None: True, idx_scale: 0
DEBUG: Logging to WandB - epoch: 171, psnr: 28.037918090820312
DEBUG: WandB log_validation called successfully
Total time: 2.12s

[Epoch 172]	Learning rate: 8.43e-5
[40/945]	[L1: 0.0295]	1.7+0.0s
[80/945]	[L1: 0.0290]	1.5+0.0s
[120/945]	[L1: 0.0284]	1.5+0.0s
[160/945]	[L1: 0.0277]	1.6+0.0s
[200/945]	[L1: 0.0277]	1.6+0.0s
[240/945]	[L1: 0.0281]	1.7+0.0s
[280/945]	[L1: 0.0282]	1.6+0.0s
[320/945]	[L1: 0.0282]	1.9+0.0s
[360/945]	[L1: 0.0286]	1.5+0.0s
[400/945]	[L1: 0.0286]	1.6+0.0s
[440/945]	[L1: 0.0283]	1.7+0.0s
[480/945]	[L1: 0.0286]	1.7+0.0s
[520/945]	[L1: 0.0288]	1.6+0.0s
[560/945]	[L1: 0.0287]	1.5+0.0s
[600/945]	[L1: 0.0287]	1.5+0.0s
[640/945]	[L1: 0.0287]	1.7+0.0s
[680/945]	[L1: 0.0287]	1.5+0.0s
[720/945]	[L1: 0.0286]	1.9+0.0s
[760/945]	[L1: 0.0287]	1.5+0.0s
[800/945]	[L1: 0.0286]	1.5+0.0s
[840/945]	[L1: 0.0286]	1.5+0.0s
[880/945]	[L1: 0.0286]	1.5+0.0s
[920/945]	[L1: 0.0286]	1.5+0.0s

Evaluation:
[UCMerced x4]	psnr: 28.057 (Best: 28.058 @epoch 167)
DEBUG: WandB check - hasattr: True, not None: True, idx_scale: 0
DEBUG: Logging to WandB - epoch: 172, psnr: 28.056726455688477
DEBUG: WandB log_validation called successfully
Total time: 2.17s

[Epoch 173]	Learning rate: 8.33e-5
[40/945]	[L1: 0.0280]	1.5+0.0s
[80/945]	[L1: 0.0279]	1.7+0.0s
[120/945]	[L1: 0.0279]	1.7+0.0s
[160/945]	[L1: 0.0284]	2.1+0.0s
[200/945]	[L1: 0.0279]	1.8+0.0s
[240/945]	[L1: 0.0282]	1.6+0.0s
[280/945]	[L1: 0.0284]	1.6+0.0s
[320/945]	[L1: 0.0284]	1.5+0.0s
[360/945]	[L1: 0.0283]	1.5+0.0s
[400/945]	[L1: 0.0281]	1.7+0.0s
[440/945]	[L1: 0.0281]	1.5+0.0s
[480/945]	[L1: 0.0281]	1.5+0.0s
[520/945]	[L1: 0.0281]	1.6+0.0s
[560/945]	[L1: 0.0284]	1.9+0.0s
[600/945]	[L1: 0.0284]	1.5+0.0s
[640/945]	[L1: 0.0285]	1.5+0.0s
[680/945]	[L1: 0.0284]	1.5+0.0s
[720/945]	[L1: 0.0284]	1.5+0.0s
[760/945]	[L1: 0.0285]	1.6+0.0s
[800/945]	[L1: 0.0285]	1.7+0.0s
[840/945]	[L1: 0.0286]	1.5+0.0s
[880/945]	[L1: 0.0286]	1.5+0.0s
[920/945]	[L1: 0.0286]	1.5+0.0s

Evaluation:
[UCMerced x4]	psnr: 28.020 (Best: 28.058 @epoch 167)
DEBUG: WandB check - hasattr: True, not None: True, idx_scale: 0
DEBUG: Logging to WandB - epoch: 173, psnr: 28.02034568786621
DEBUG: WandB log_validation called successfully
Total time: 2.11s

[Epoch 174]	Learning rate: 8.23e-5
[40/945]	[L1: 0.0285]	1.6+0.0s
[80/945]	[L1: 0.0279]	1.6+0.0s
[120/945]	[L1: 0.0273]	1.7+0.0s
[160/945]	[L1: 0.0272]	1.5+0.0s
[200/945]	[L1: 0.0272]	1.6+0.0s
[240/945]	[L1: 0.0275]	1.7+0.0s
[280/945]	[L1: 0.0276]	1.8+0.0s
[320/945]	[L1: 0.0275]	1.7+0.0s
[360/945]	[L1: 0.0278]	1.7+0.0s
[400/945]	[L1: 0.0280]	2.1+0.0s
[440/945]	[L1: 0.0282]	1.7+0.0s
[480/945]	[L1: 0.0284]	1.7+0.0s
[520/945]	[L1: 0.0285]	2.0+0.0s
[560/945]	[L1: 0.0283]	1.7+0.0s
[600/945]	[L1: 0.0283]	1.7+0.0s
[640/945]	[L1: 0.0284]	1.7+0.0s
[680/945]	[L1: 0.0285]	1.5+0.0s
[720/945]	[L1: 0.0285]	1.6+0.0s
[760/945]	[L1: 0.0287]	1.7+0.0s
[800/945]	[L1: 0.0285]	2.2+0.0s
[840/945]	[L1: 0.0285]	1.7+0.1s
[880/945]	[L1: 0.0285]	1.7+0.0s
[920/945]	[L1: 0.0285]	2.0+0.0s

Evaluation:
[UCMerced x4]	psnr: 28.048 (Best: 28.058 @epoch 167)
DEBUG: WandB check - hasattr: True, not None: True, idx_scale: 0
DEBUG: Logging to WandB - epoch: 174, psnr: 28.04821014404297
DEBUG: WandB log_validation called successfully
Total time: 2.12s

[Epoch 175]	Learning rate: 8.14e-5
[40/945]	[L1: 0.0297]	1.6+0.0s
[80/945]	[L1: 0.0277]	1.6+0.0s
[120/945]	[L1: 0.0280]	1.7+0.0s
[160/945]	[L1: 0.0278]	1.7+0.0s
[200/945]	[L1: 0.0279]	1.9+0.0s
[240/945]	[L1: 0.0278]	1.7+0.0s
[280/945]	[L1: 0.0279]	2.4+0.0s
[320/945]	[L1: 0.0282]	1.7+0.0s
[360/945]	[L1: 0.0283]	1.7+0.0s
[400/945]	[L1: 0.0283]	1.7+0.0s
[440/945]	[L1: 0.0284]	1.8+0.0s
[480/945]	[L1: 0.0285]	1.7+0.0s
[520/945]	[L1: 0.0284]	1.6+0.0s
[560/945]	[L1: 0.0287]	1.7+0.0s
[600/945]	[L1: 0.0286]	1.7+0.0s
[640/945]	[L1: 0.0285]	1.7+0.0s
[680/945]	[L1: 0.0286]	2.4+0.0s
[720/945]	[L1: 0.0286]	1.6+0.0s
[760/945]	[L1: 0.0285]	1.6+0.0s
[800/945]	[L1: 0.0285]	1.6+0.0s
[840/945]	[L1: 0.0285]	1.6+0.0s
[880/945]	[L1: 0.0286]	1.7+0.0s
[920/945]	[L1: 0.0285]	1.8+0.0s

Evaluation:
[UCMerced x4]	psnr: 28.038 (Best: 28.058 @epoch 167)
DEBUG: WandB check - hasattr: True, not None: True, idx_scale: 0
DEBUG: Logging to WandB - epoch: 175, psnr: 28.037517547607422
DEBUG: WandB log_validation called successfully
Total time: 2.20s

[Epoch 176]	Learning rate: 8.04e-5
[40/945]	[L1: 0.0278]	1.6+0.0s
[80/945]	[L1: 0.0275]	1.7+0.0s
[120/945]	[L1: 0.0279]	2.1+0.0s
[160/945]	[L1: 0.0283]	1.7+0.0s
[200/945]	[L1: 0.0291]	1.7+0.0s
[240/945]	[L1: 0.0292]	1.7+0.0s
[280/945]	[L1: 0.0290]	1.7+0.0s
[320/945]	[L1: 0.0290]	1.7+0.0s
[360/945]	[L1: 0.0289]	1.7+0.0s
[400/945]	[L1: 0.0285]	1.7+0.0s
[440/945]	[L1: 0.0283]	1.6+0.0s
[480/945]	[L1: 0.0282]	1.5+0.0s
[520/945]	[L1: 0.0282]	2.0+0.0s
[560/945]	[L1: 0.0281]	1.6+0.0s
[600/945]	[L1: 0.0282]	1.6+0.0s
[640/945]	[L1: 0.0282]	1.6+0.0s
[680/945]	[L1: 0.0282]	1.6+0.0s
[720/945]	[L1: 0.0283]	1.8+0.0s
[760/945]	[L1: 0.0284]	1.6+0.0s
[800/945]	[L1: 0.0284]	2.0+0.0s
[840/945]	[L1: 0.0283]	1.7+0.0s
[880/945]	[L1: 0.0284]	1.7+0.0s
[920/945]	[L1: 0.0284]	2.1+0.0s

Evaluation:
[UCMerced x4]	psnr: 28.005 (Best: 28.058 @epoch 167)
DEBUG: WandB check - hasattr: True, not None: True, idx_scale: 0
DEBUG: Logging to WandB - epoch: 176, psnr: 28.00454330444336
DEBUG: WandB log_validation called successfully
Total time: 2.01s

[Epoch 177]	Learning rate: 7.95e-5
[40/945]	[L1: 0.0298]	1.5+0.0s
[80/945]	[L1: 0.0302]	1.7+0.0s
[120/945]	[L1: 0.0302]	1.7+0.0s
[160/945]	[L1: 0.0303]	1.8+0.0s
[200/945]	[L1: 0.0300]	1.6+0.0s
[240/945]	[L1: 0.0294]	1.6+0.0s
[280/945]	[L1: 0.0292]	1.7+0.0s
[320/945]	[L1: 0.0288]	1.6+0.0s
[360/945]	[L1: 0.0291]	2.1+0.0s
[400/945]	[L1: 0.0290]	1.7+0.0s
[440/945]	[L1: 0.0291]	1.8+0.0s
[480/945]	[L1: 0.0288]	1.6+0.0s
[520/945]	[L1: 0.0286]	1.5+0.0s
[560/945]	[L1: 0.0287]	1.9+0.0s
[600/945]	[L1: 0.0289]	1.7+0.0s
[640/945]	[L1: 0.0288]	1.7+0.0s
[680/945]	[L1: 0.0287]	1.7+0.0s
[720/945]	[L1: 0.0286]	1.7+0.0s
[760/945]	[L1: 0.0286]	2.0+0.0s
[800/945]	[L1: 0.0285]	1.7+0.0s
[840/945]	[L1: 0.0284]	1.7+0.0s
[880/945]	[L1: 0.0284]	1.6+0.0s
[920/945]	[L1: 0.0286]	1.8+0.0s

Evaluation:
[UCMerced x4]	psnr: 28.025 (Best: 28.058 @epoch 167)
DEBUG: WandB check - hasattr: True, not None: True, idx_scale: 0
DEBUG: Logging to WandB - epoch: 177, psnr: 28.02478790283203
DEBUG: WandB log_validation called successfully
Total time: 2.12s

[Epoch 178]	Learning rate: 7.85e-5
[40/945]	[L1: 0.0301]	1.7+0.0s
[80/945]	[L1: 0.0292]	1.7+0.0s
[120/945]	[L1: 0.0287]	1.6+0.0s
[160/945]	[L1: 0.0294]	1.5+0.0s
[200/945]	[L1: 0.0295]	1.5+0.0s
[240/945]	[L1: 0.0295]	2.0+0.0s
[280/945]	[L1: 0.0294]	1.6+0.0s
[320/945]	[L1: 0.0293]	2.0+0.0s
[360/945]	[L1: 0.0290]	1.7+0.0s
[400/945]	[L1: 0.0288]	1.6+0.0s
[440/945]	[L1: 0.0286]	1.7+0.0s
[480/945]	[L1: 0.0286]	1.7+0.0s
[520/945]	[L1: 0.0284]	1.6+0.0s
[560/945]	[L1: 0.0282]	1.5+0.0s
[600/945]	[L1: 0.0285]	1.5+0.0s
[640/945]	[L1: 0.0283]	1.9+0.0s
[680/945]	[L1: 0.0281]	1.6+0.0s
[720/945]	[L1: 0.0282]	1.9+0.0s
[760/945]	[L1: 0.0283]	1.5+0.0s
[800/945]	[L1: 0.0282]	1.5+0.0s
[840/945]	[L1: 0.0284]	1.5+0.0s
[880/945]	[L1: 0.0284]	1.6+0.0s
[920/945]	[L1: 0.0284]	1.5+0.0s

Evaluation:
[UCMerced x4]	psnr: 28.015 (Best: 28.058 @epoch 167)
DEBUG: WandB check - hasattr: True, not None: True, idx_scale: 0
DEBUG: Logging to WandB - epoch: 178, psnr: 28.0147705078125
DEBUG: WandB log_validation called successfully
Total time: 2.02s

[Epoch 179]	Learning rate: 7.75e-5
[40/945]	[L1: 0.0236]	1.7+0.0s
[80/945]	[L1: 0.0264]	2.0+0.0s
[120/945]	[L1: 0.0279]	1.5+0.0s
[160/945]	[L1: 0.0287]	1.5+0.0s
[200/945]	[L1: 0.0288]	1.5+0.0s
[240/945]	[L1: 0.0283]	1.5+0.0s
[280/945]	[L1: 0.0284]	1.5+0.0s
[320/945]	[L1: 0.0283]	1.5+0.0s
[360/945]	[L1: 0.0283]	1.5+0.0s
[400/945]	[L1: 0.0286]	1.5+0.0s
[440/945]	[L1: 0.0285]	1.7+0.0s
[480/945]	[L1: 0.0283]	1.9+0.0s
[520/945]	[L1: 0.0284]	1.5+0.0s
[560/945]	[L1: 0.0284]	1.6+0.0s
[600/945]	[L1: 0.0284]	1.7+0.0s
[640/945]	[L1: 0.0284]	1.7+0.0s
[680/945]	[L1: 0.0284]	1.7+0.0s
[720/945]	[L1: 0.0284]	1.5+0.0s
[760/945]	[L1: 0.0286]	1.7+0.0s
[800/945]	[L1: 0.0285]	1.7+0.0s
[840/945]	[L1: 0.0285]	1.9+0.0s
[880/945]	[L1: 0.0285]	2.1+0.0s
[920/945]	[L1: 0.0284]	1.9+0.0s

Evaluation:
[UCMerced x4]	psnr: 28.058 (Best: 28.058 @epoch 179)
DEBUG: WandB check - hasattr: True, not None: True, idx_scale: 0
DEBUG: Logging to WandB - epoch: 179, psnr: 28.058256149291992
DEBUG: WandB log_validation called successfully
Total time: 2.12s

[Epoch 180]	Learning rate: 7.66e-5
[40/945]	[L1: 0.0294]	1.6+0.0s
[80/945]	[L1: 0.0288]	1.5+0.0s
[120/945]	[L1: 0.0279]	1.5+0.0s
[160/945]	[L1: 0.0278]	1.6+0.0s
[200/945]	[L1: 0.0278]	1.7+0.0s
[240/945]	[L1: 0.0280]	1.5+0.0s
[280/945]	[L1: 0.0280]	1.5+0.0s
[320/945]	[L1: 0.0281]	2.1+0.0s
[360/945]	[L1: 0.0278]	1.8+0.0s
[400/945]	[L1: 0.0278]	1.7+0.0s
[440/945]	[L1: 0.0280]	1.6+0.0s
[480/945]	[L1: 0.0280]	1.5+0.0s
[520/945]	[L1: 0.0282]	1.5+0.0s
[560/945]	[L1: 0.0283]	1.5+0.0s
[600/945]	[L1: 0.0286]	1.7+0.0s
[640/945]	[L1: 0.0285]	1.5+0.0s
[680/945]	[L1: 0.0286]	1.6+0.0s
[720/945]	[L1: 0.0283]	1.9+0.0s
[760/945]	[L1: 0.0283]	1.5+0.0s
[800/945]	[L1: 0.0283]	1.5+0.0s
[840/945]	[L1: 0.0286]	1.5+0.0s
[880/945]	[L1: 0.0286]	1.5+0.0s
[920/945]	[L1: 0.0285]	1.5+0.0s

Evaluation:
[UCMerced x4]	psnr: 28.043 (Best: 28.058 @epoch 179)
DEBUG: WandB check - hasattr: True, not None: True, idx_scale: 0
DEBUG: Logging to WandB - epoch: 180, psnr: 28.043424606323242
DEBUG: WandB log_validation called successfully
Total time: 2.17s

[Epoch 181]	Learning rate: 7.56e-5
[40/945]	[L1: 0.0281]	1.5+0.0s
[80/945]	[L1: 0.0280]	1.5+0.0s
[120/945]	[L1: 0.0279]	1.6+0.0s
[160/945]	[L1: 0.0275]	2.1+0.0s
[200/945]	[L1: 0.0275]	1.6+0.0s
[240/945]	[L1: 0.0273]	1.6+0.0s
[280/945]	[L1: 0.0275]	1.5+0.0s
[320/945]	[L1: 0.0275]	1.7+0.0s
[360/945]	[L1: 0.0276]	1.5+0.0s
[400/945]	[L1: 0.0274]	1.5+0.0s
[440/945]	[L1: 0.0276]	1.5+0.0s
[480/945]	[L1: 0.0278]	1.6+0.0s
[520/945]	[L1: 0.0280]	1.6+0.0s
[560/945]	[L1: 0.0280]	2.0+0.0s
[600/945]	[L1: 0.0279]	1.7+0.0s
[640/945]	[L1: 0.0280]	1.7+0.0s
[680/945]	[L1: 0.0279]	1.7+0.0s
[720/945]	[L1: 0.0279]	2.1+0.0s
[760/945]	[L1: 0.0281]	1.6+0.0s
[800/945]	[L1: 0.0282]	1.5+0.0s
[840/945]	[L1: 0.0283]	1.6+0.0s
[880/945]	[L1: 0.0284]	1.5+0.0s
[920/945]	[L1: 0.0284]	1.5+0.0s

Evaluation:
[UCMerced x4]	psnr: 28.071 (Best: 28.071 @epoch 181)
DEBUG: WandB check - hasattr: True, not None: True, idx_scale: 0
DEBUG: Logging to WandB - epoch: 181, psnr: 28.070913314819336
DEBUG: WandB log_validation called successfully
Total time: 2.01s

[Epoch 182]	Learning rate: 7.47e-5
[40/945]	[L1: 0.0302]	2.0+0.0s
[80/945]	[L1: 0.0295]	1.7+0.0s
[120/945]	[L1: 0.0285]	1.5+0.0s
[160/945]	[L1: 0.0283]	1.6+0.0s
[200/945]	[L1: 0.0292]	1.6+0.0s
[240/945]	[L1: 0.0290]	1.7+0.0s
[280/945]	[L1: 0.0292]	1.7+0.0s
[320/945]	[L1: 0.0289]	1.7+0.0s
[360/945]	[L1: 0.0289]	1.7+0.0s
[400/945]	[L1: 0.0288]	1.7+0.0s
[440/945]	[L1: 0.0286]	2.2+0.0s
[480/945]	[L1: 0.0284]	2.0+0.0s
[520/945]	[L1: 0.0283]	1.7+0.0s
[560/945]	[L1: 0.0285]	1.6+0.0s
[600/945]	[L1: 0.0284]	1.6+0.0s
[640/945]	[L1: 0.0285]	1.8+0.0s
[680/945]	[L1: 0.0286]	1.8+0.0s
[720/945]	[L1: 0.0287]	1.7+0.0s
[760/945]	[L1: 0.0288]	1.8+0.0s
[800/945]	[L1: 0.0286]	1.8+0.1s
[840/945]	[L1: 0.0285]	2.2+0.0s
[880/945]	[L1: 0.0285]	1.7+0.0s
[920/945]	[L1: 0.0284]	1.6+0.0s

Evaluation:
[UCMerced x4]	psnr: 28.037 (Best: 28.071 @epoch 181)
DEBUG: WandB check - hasattr: True, not None: True, idx_scale: 0
DEBUG: Logging to WandB - epoch: 182, psnr: 28.03654670715332
DEBUG: WandB log_validation called successfully
Total time: 2.04s

[Epoch 183]	Learning rate: 7.38e-5
[40/945]	[L1: 0.0255]	1.6+0.0s
[80/945]	[L1: 0.0277]	1.6+0.0s
[120/945]	[L1: 0.0273]	1.7+0.0s
[160/945]	[L1: 0.0275]	1.7+0.0s
[200/945]	[L1: 0.0272]	1.7+0.0s
[240/945]	[L1: 0.0276]	2.0+0.0s
[280/945]	[L1: 0.0273]	2.2+0.0s
[320/945]	[L1: 0.0271]	1.7+0.0s
[360/945]	[L1: 0.0277]	1.5+0.0s
[400/945]	[L1: 0.0275]	1.6+0.0s
[440/945]	[L1: 0.0277]	1.6+0.0s
[480/945]	[L1: 0.0280]	1.6+0.0s
[520/945]	[L1: 0.0281]	1.6+0.0s
[560/945]	[L1: 0.0281]	1.6+0.0s
[600/945]	[L1: 0.0281]	1.6+0.0s
[640/945]	[L1: 0.0279]	2.1+0.0s
[680/945]	[L1: 0.0280]	2.2+0.0s
[720/945]	[L1: 0.0280]	1.7+0.0s
[760/945]	[L1: 0.0282]	1.5+0.0s
[800/945]	[L1: 0.0282]	1.5+0.0s
[840/945]	[L1: 0.0282]	1.6+0.0s
[880/945]	[L1: 0.0284]	1.6+0.0s
[920/945]	[L1: 0.0284]	1.6+0.0s

Evaluation:
[UCMerced x4]	psnr: 28.034 (Best: 28.071 @epoch 181)
DEBUG: WandB check - hasattr: True, not None: True, idx_scale: 0
DEBUG: Logging to WandB - epoch: 183, psnr: 28.034093856811523
DEBUG: WandB log_validation called successfully
Total time: 2.16s

[Epoch 184]	Learning rate: 7.28e-5
[40/945]	[L1: 0.0294]	1.6+0.0s
[80/945]	[L1: 0.0295]	1.7+0.0s
[120/945]	[L1: 0.0291]	2.0+0.0s
[160/945]	[L1: 0.0293]	1.5+0.0s
[200/945]	[L1: 0.0296]	1.5+0.0s
[240/945]	[L1: 0.0295]	1.5+0.0s
[280/945]	[L1: 0.0290]	1.5+0.0s
[320/945]	[L1: 0.0294]	1.7+0.0s
[360/945]	[L1: 0.0291]	2.0+0.0s
[400/945]	[L1: 0.0294]	1.6+0.0s
[440/945]	[L1: 0.0292]	1.6+0.0s
[480/945]	[L1: 0.0291]	1.7+0.0s
[520/945]	[L1: 0.0290]	2.1+0.0s
[560/945]	[L1: 0.0288]	1.7+0.0s
[600/945]	[L1: 0.0289]	1.7+0.1s
[640/945]	[L1: 0.0288]	1.7+0.0s
[680/945]	[L1: 0.0288]	1.6+0.0s
[720/945]	[L1: 0.0286]	1.5+0.0s
[760/945]	[L1: 0.0286]	1.7+0.0s
[800/945]	[L1: 0.0285]	1.7+0.0s
[840/945]	[L1: 0.0285]	1.7+0.0s
[880/945]	[L1: 0.0285]	1.7+0.0s
[920/945]	[L1: 0.0284]	2.0+0.0s

Evaluation:
[UCMerced x4]	psnr: 28.058 (Best: 28.071 @epoch 181)
DEBUG: WandB check - hasattr: True, not None: True, idx_scale: 0
DEBUG: Logging to WandB - epoch: 184, psnr: 28.0576114654541
DEBUG: WandB log_validation called successfully
Total time: 2.01s

[Epoch 185]	Learning rate: 7.19e-5
[40/945]	[L1: 0.0278]	1.5+0.0s
[80/945]	[L1: 0.0294]	1.5+0.0s
[120/945]	[L1: 0.0291]	1.8+0.0s
[160/945]	[L1: 0.0287]	1.6+0.0s
[200/945]	[L1: 0.0286]	1.5+0.0s
[240/945]	[L1: 0.0283]	1.5+0.0s
[280/945]	[L1: 0.0287]	1.7+0.0s
[320/945]	[L1: 0.0285]	1.5+0.0s
[360/945]	[L1: 0.0285]	1.5+0.0s
[400/945]	[L1: 0.0284]	1.8+0.0s
[440/945]	[L1: 0.0286]	1.5+0.0s
[480/945]	[L1: 0.0287]	1.7+0.0s
[520/945]	[L1: 0.0288]	2.0+0.0s
[560/945]	[L1: 0.0288]	1.7+0.0s
[600/945]	[L1: 0.0287]	1.6+0.0s
[640/945]	[L1: 0.0285]	1.6+0.0s
[680/945]	[L1: 0.0285]	1.6+0.0s
[720/945]	[L1: 0.0284]	1.5+0.0s
[760/945]	[L1: 0.0284]	1.7+0.0s
[800/945]	[L1: 0.0284]	2.0+0.0s
[840/945]	[L1: 0.0283]	1.5+0.0s
[880/945]	[L1: 0.0284]	1.6+0.0s
[920/945]	[L1: 0.0285]	1.7+0.0s

Evaluation:
[UCMerced x4]	psnr: 28.042 (Best: 28.071 @epoch 181)
DEBUG: WandB check - hasattr: True, not None: True, idx_scale: 0
DEBUG: Logging to WandB - epoch: 185, psnr: 28.042484283447266
DEBUG: WandB log_validation called successfully
Total time: 2.05s

[Epoch 186]	Learning rate: 7.10e-5
[40/945]	[L1: 0.0275]	1.6+0.0s
[80/945]	[L1: 0.0269]	1.6+0.0s
[120/945]	[L1: 0.0272]	1.6+0.0s
[160/945]	[L1: 0.0282]	1.6+0.0s
[200/945]	[L1: 0.0289]	1.5+0.0s
[240/945]	[L1: 0.0291]	2.1+0.0s
[280/945]	[L1: 0.0287]	1.5+0.0s
[320/945]	[L1: 0.0290]	1.6+0.0s
[360/945]	[L1: 0.0288]	1.6+0.0s
[400/945]	[L1: 0.0285]	1.5+0.0s
[440/945]	[L1: 0.0287]	1.6+0.0s
[480/945]	[L1: 0.0288]	1.7+0.0s
[520/945]	[L1: 0.0286]	1.5+0.0s
[560/945]	[L1: 0.0285]	1.6+0.0s
[600/945]	[L1: 0.0285]	1.5+0.0s
[640/945]	[L1: 0.0284]	2.1+0.0s
[680/945]	[L1: 0.0285]	1.6+0.0s
[720/945]	[L1: 0.0284]	1.5+0.0s
[760/945]	[L1: 0.0283]	1.5+0.0s
[800/945]	[L1: 0.0283]	1.5+0.0s
[840/945]	[L1: 0.0283]	1.7+0.0s
[880/945]	[L1: 0.0284]	1.7+0.0s
[920/945]	[L1: 0.0285]	1.7+0.0s

Evaluation:
[UCMerced x4]	psnr: 28.032 (Best: 28.071 @epoch 181)
DEBUG: WandB check - hasattr: True, not None: True, idx_scale: 0
DEBUG: Logging to WandB - epoch: 186, psnr: 28.032268524169922
DEBUG: WandB log_validation called successfully
Total time: 2.19s

[Epoch 187]	Learning rate: 7.00e-5
[40/945]	[L1: 0.0302]	1.7+0.0s
[80/945]	[L1: 0.0274]	2.0+0.0s
[120/945]	[L1: 0.0269]	1.5+0.0s
[160/945]	[L1: 0.0271]	1.6+0.0s
[200/945]	[L1: 0.0270]	1.6+0.0s
[240/945]	[L1: 0.0267]	1.7+0.0s
[280/945]	[L1: 0.0268]	1.7+0.0s
[320/945]	[L1: 0.0270]	1.5+0.0s
[360/945]	[L1: 0.0273]	1.5+0.0s
[400/945]	[L1: 0.0276]	1.7+0.0s
[440/945]	[L1: 0.0275]	1.5+0.0s
[480/945]	[L1: 0.0278]	1.9+0.0s
[520/945]	[L1: 0.0277]	1.5+0.0s
[560/945]	[L1: 0.0278]	1.5+0.0s
[600/945]	[L1: 0.0277]	1.6+0.0s
[640/945]	[L1: 0.0279]	1.5+0.0s
[680/945]	[L1: 0.0280]	1.5+0.0s
[720/945]	[L1: 0.0281]	1.5+0.0s
[760/945]	[L1: 0.0281]	1.6+0.0s
[800/945]	[L1: 0.0282]	1.7+0.0s
[840/945]	[L1: 0.0283]	1.5+0.0s
[880/945]	[L1: 0.0283]	1.9+0.0s
[920/945]	[L1: 0.0283]	1.5+0.0s

Evaluation:
[UCMerced x4]	psnr: 28.025 (Best: 28.071 @epoch 181)
DEBUG: WandB check - hasattr: True, not None: True, idx_scale: 0
DEBUG: Logging to WandB - epoch: 187, psnr: 28.02526092529297
DEBUG: WandB log_validation called successfully
Total time: 2.03s

[Epoch 188]	Learning rate: 6.91e-5
[40/945]	[L1: 0.0320]	1.7+0.0s
[80/945]	[L1: 0.0302]	1.6+0.0s
[120/945]	[L1: 0.0297]	1.6+0.0s
[160/945]	[L1: 0.0285]	1.7+0.0s
[200/945]	[L1: 0.0283]	1.6+0.0s
[240/945]	[L1: 0.0279]	1.6+0.0s
[280/945]	[L1: 0.0277]	1.7+0.0s
[320/945]	[L1: 0.0277]	1.5+0.0s
[360/945]	[L1: 0.0279]	2.1+0.0s
[400/945]	[L1: 0.0278]	1.7+0.0s
[440/945]	[L1: 0.0281]	1.6+0.0s
[480/945]	[L1: 0.0282]	1.6+0.0s
[520/945]	[L1: 0.0281]	1.6+0.0s
[560/945]	[L1: 0.0282]	1.7+0.0s
[600/945]	[L1: 0.0282]	1.6+0.0s
[640/945]	[L1: 0.0282]	1.5+0.0s
[680/945]	[L1: 0.0284]	1.7+0.0s
[720/945]	[L1: 0.0285]	1.5+0.0s
[760/945]	[L1: 0.0284]	1.8+0.0s
[800/945]	[L1: 0.0285]	1.5+0.0s
[840/945]	[L1: 0.0285]	1.5+0.0s
[880/945]	[L1: 0.0284]	1.5+0.0s
[920/945]	[L1: 0.0284]	1.5+0.0s

Evaluation:
[UCMerced x4]	psnr: 28.069 (Best: 28.071 @epoch 181)
DEBUG: WandB check - hasattr: True, not None: True, idx_scale: 0
DEBUG: Logging to WandB - epoch: 188, psnr: 28.06863021850586
DEBUG: WandB log_validation called successfully
Total time: 2.01s

[Epoch 189]	Learning rate: 6.82e-5
[40/945]	[L1: 0.0297]	1.5+0.0s
[80/945]	[L1: 0.0299]	1.6+0.0s
[120/945]	[L1: 0.0281]	1.5+0.0s
[160/945]	[L1: 0.0273]	1.6+0.0s
[200/945]	[L1: 0.0276]	1.9+0.0s
[240/945]	[L1: 0.0276]	1.6+0.0s
[280/945]	[L1: 0.0276]	1.7+0.0s
[320/945]	[L1: 0.0281]	1.5+0.0s
[360/945]	[L1: 0.0280]	1.5+0.0s
[400/945]	[L1: 0.0279]	1.5+0.0s
[440/945]	[L1: 0.0281]	1.5+0.0s
[480/945]	[L1: 0.0281]	1.6+0.0s
[520/945]	[L1: 0.0282]	1.5+0.0s
[560/945]	[L1: 0.0281]	1.6+0.0s
[600/945]	[L1: 0.0282]	1.9+0.0s
[640/945]	[L1: 0.0281]	1.6+0.0s
[680/945]	[L1: 0.0282]	1.7+0.0s
[720/945]	[L1: 0.0282]	1.5+0.0s
[760/945]	[L1: 0.0283]	1.6+0.0s
[800/945]	[L1: 0.0282]	1.5+0.0s
[840/945]	[L1: 0.0282]	1.5+0.0s
[880/945]	[L1: 0.0282]	1.5+0.0s
[920/945]	[L1: 0.0284]	1.5+0.0s

Evaluation:
[UCMerced x4]	psnr: 28.032 (Best: 28.071 @epoch 181)
DEBUG: WandB check - hasattr: True, not None: True, idx_scale: 0
DEBUG: Logging to WandB - epoch: 189, psnr: 28.03166389465332
DEBUG: WandB log_validation called successfully
Total time: 2.04s

[Epoch 190]	Learning rate: 6.73e-5
[40/945]	[L1: 0.0268]	2.1+0.0s
[80/945]	[L1: 0.0266]	1.5+0.0s
[120/945]	[L1: 0.0270]	1.5+0.0s
[160/945]	[L1: 0.0271]	1.6+0.0s
[200/945]	[L1: 0.0277]	1.7+0.0s
[240/945]	[L1: 0.0281]	1.8+0.0s
[280/945]	[L1: 0.0278]	1.8+0.0s
[320/945]	[L1: 0.0278]	1.7+0.0s
[360/945]	[L1: 0.0279]	1.7+0.0s
[400/945]	[L1: 0.0279]	1.7+0.0s
[440/945]	[L1: 0.0279]	2.1+0.0s
[480/945]	[L1: 0.0279]	1.6+0.0s
[520/945]	[L1: 0.0279]	1.5+0.0s
[560/945]	[L1: 0.0278]	1.6+0.0s
[600/945]	[L1: 0.0279]	1.6+0.0s
[640/945]	[L1: 0.0277]	1.6+0.0s
[680/945]	[L1: 0.0279]	1.6+0.0s
[720/945]	[L1: 0.0280]	1.5+0.0s
[760/945]	[L1: 0.0280]	1.7+0.0s
[800/945]	[L1: 0.0281]	1.5+0.0s
[840/945]	[L1: 0.0283]	2.0+0.0s
[880/945]	[L1: 0.0284]	1.5+0.0s
[920/945]	[L1: 0.0283]	1.5+0.0s

Evaluation:
[UCMerced x4]	psnr: 28.044 (Best: 28.071 @epoch 181)
DEBUG: WandB check - hasattr: True, not None: True, idx_scale: 0
DEBUG: Logging to WandB - epoch: 190, psnr: 28.04438018798828
DEBUG: WandB log_validation called successfully
Total time: 2.00s

[Epoch 191]	Learning rate: 6.64e-5
[40/945]	[L1: 0.0257]	1.6+0.0s
[80/945]	[L1: 0.0280]	1.6+0.0s
[120/945]	[L1: 0.0277]	1.5+0.0s
[160/945]	[L1: 0.0273]	1.7+0.0s
[200/945]	[L1: 0.0280]	1.5+0.0s
[240/945]	[L1: 0.0286]	1.6+0.0s
[280/945]	[L1: 0.0283]	1.8+0.0s
[320/945]	[L1: 0.0286]	1.5+0.0s
[360/945]	[L1: 0.0285]	1.5+0.0s
[400/945]	[L1: 0.0282]	1.5+0.0s
[440/945]	[L1: 0.0281]	1.7+0.0s
[480/945]	[L1: 0.0282]	1.5+0.0s
[520/945]	[L1: 0.0280]	1.5+0.0s
[560/945]	[L1: 0.0281]	1.7+0.0s
[600/945]	[L1: 0.0282]	1.5+0.0s
[640/945]	[L1: 0.0283]	1.5+0.0s
[680/945]	[L1: 0.0283]	1.8+0.0s
[720/945]	[L1: 0.0283]	1.6+0.0s
[760/945]	[L1: 0.0286]	1.5+0.0s
[800/945]	[L1: 0.0285]	1.5+0.0s
[840/945]	[L1: 0.0283]	1.6+0.0s
[880/945]	[L1: 0.0283]	1.5+0.0s
[920/945]	[L1: 0.0283]	1.6+0.0s

Evaluation:
[UCMerced x4]	psnr: 28.051 (Best: 28.071 @epoch 181)
DEBUG: WandB check - hasattr: True, not None: True, idx_scale: 0
DEBUG: Logging to WandB - epoch: 191, psnr: 28.05117416381836
DEBUG: WandB log_validation called successfully
Total time: 2.15s

[Epoch 192]	Learning rate: 6.55e-5
[40/945]	[L1: 0.0265]	1.5+0.0s
[80/945]	[L1: 0.0290]	1.5+0.0s
[120/945]	[L1: 0.0287]	1.6+0.0s
[160/945]	[L1: 0.0291]	1.8+0.0s
[200/945]	[L1: 0.0293]	1.5+0.0s
[240/945]	[L1: 0.0295]	1.6+0.0s
[280/945]	[L1: 0.0290]	1.5+0.0s
[320/945]	[L1: 0.0289]	1.7+0.0s
[360/945]	[L1: 0.0286]	1.5+0.0s
[400/945]	[L1: 0.0286]	1.5+0.0s
[440/945]	[L1: 0.0282]	1.5+0.0s
[480/945]	[L1: 0.0285]	1.5+0.0s
[520/945]	[L1: 0.0285]	1.5+0.0s
[560/945]	[L1: 0.0283]	2.0+0.0s
[600/945]	[L1: 0.0283]	1.5+0.0s
[640/945]	[L1: 0.0282]	1.6+0.0s
[680/945]	[L1: 0.0283]	1.5+0.0s
[720/945]	[L1: 0.0284]	1.9+0.0s
[760/945]	[L1: 0.0284]	1.7+0.0s
[800/945]	[L1: 0.0283]	1.7+0.0s
[840/945]	[L1: 0.0283]	1.7+0.0s
[880/945]	[L1: 0.0284]	1.7+0.0s
[920/945]	[L1: 0.0283]	1.7+0.0s

Evaluation:
[UCMerced x4]	psnr: 28.045 (Best: 28.071 @epoch 181)
DEBUG: WandB check - hasattr: True, not None: True, idx_scale: 0
DEBUG: Logging to WandB - epoch: 192, psnr: 28.044523239135742
DEBUG: WandB log_validation called successfully
Total time: 2.00s

[Epoch 193]	Learning rate: 6.46e-5
[40/945]	[L1: 0.0267]	1.6+0.0s
[80/945]	[L1: 0.0281]	1.7+0.0s
[120/945]	[L1: 0.0284]	1.5+0.0s
[160/945]	[L1: 0.0289]	1.5+0.0s
[200/945]	[L1: 0.0291]	1.5+0.0s
[240/945]	[L1: 0.0289]	1.5+0.0s
[280/945]	[L1: 0.0293]	1.5+0.0s
[320/945]	[L1: 0.0292]	1.5+0.0s
[360/945]	[L1: 0.0293]	1.6+0.0s
[400/945]	[L1: 0.0290]	1.8+0.0s
[440/945]	[L1: 0.0291]	1.5+0.0s
[480/945]	[L1: 0.0287]	1.7+0.0s
[520/945]	[L1: 0.0287]	1.5+0.0s
[560/945]	[L1: 0.0286]	1.5+0.0s
[600/945]	[L1: 0.0285]	1.5+0.0s
[640/945]	[L1: 0.0286]	1.5+0.0s
[680/945]	[L1: 0.0286]	1.5+0.0s
[720/945]	[L1: 0.0286]	1.5+0.0s
[760/945]	[L1: 0.0284]	1.5+0.0s
[800/945]	[L1: 0.0284]	1.9+0.0s
[840/945]	[L1: 0.0285]	1.8+0.0s
[880/945]	[L1: 0.0285]	1.8+0.0s
[920/945]	[L1: 0.0284]	1.5+0.0s

Evaluation:
[UCMerced x4]	psnr: 28.059 (Best: 28.071 @epoch 181)
DEBUG: WandB check - hasattr: True, not None: True, idx_scale: 0
DEBUG: Logging to WandB - epoch: 193, psnr: 28.059049606323242
DEBUG: WandB log_validation called successfully
Total time: 2.14s

[Epoch 194]	Learning rate: 6.37e-5
[40/945]	[L1: 0.0260]	1.5+0.0s
[80/945]	[L1: 0.0267]	1.5+0.0s
[120/945]	[L1: 0.0258]	1.7+0.0s
[160/945]	[L1: 0.0267]	1.6+0.0s
[200/945]	[L1: 0.0271]	1.9+0.0s
[240/945]	[L1: 0.0270]	2.2+0.0s
[280/945]	[L1: 0.0275]	1.7+0.0s
[320/945]	[L1: 0.0274]	1.7+0.0s
[360/945]	[L1: 0.0277]	1.7+0.0s
[400/945]	[L1: 0.0275]	1.7+0.0s
[440/945]	[L1: 0.0279]	1.5+0.0s
[480/945]	[L1: 0.0279]	1.6+0.0s
[520/945]	[L1: 0.0280]	1.5+0.0s
[560/945]	[L1: 0.0281]	1.5+0.0s
[600/945]	[L1: 0.0281]	1.8+0.0s
[640/945]	[L1: 0.0282]	1.9+0.0s
[680/945]	[L1: 0.0282]	1.5+0.0s
[720/945]	[L1: 0.0280]	1.5+0.0s
[760/945]	[L1: 0.0282]	1.5+0.0s
[800/945]	[L1: 0.0282]	1.5+0.0s
[840/945]	[L1: 0.0282]	1.5+0.0s
[880/945]	[L1: 0.0283]	1.5+0.0s
[920/945]	[L1: 0.0283]	1.5+0.0s

Evaluation:
[UCMerced x4]	psnr: 28.055 (Best: 28.071 @epoch 181)
DEBUG: WandB check - hasattr: True, not None: True, idx_scale: 0
DEBUG: Logging to WandB - epoch: 194, psnr: 28.054880142211914
DEBUG: WandB log_validation called successfully
Total time: 2.19s

[Epoch 195]	Learning rate: 6.28e-5
[40/945]	[L1: 0.0261]	1.5+0.0s
[80/945]	[L1: 0.0267]	1.5+0.0s
[120/945]	[L1: 0.0266]	2.1+0.0s
[160/945]	[L1: 0.0268]	1.7+0.0s
[200/945]	[L1: 0.0268]	1.7+0.0s
[240/945]	[L1: 0.0271]	1.7+0.0s
[280/945]	[L1: 0.0273]	1.7+0.0s
[320/945]	[L1: 0.0277]	1.5+0.0s
[360/945]	[L1: 0.0280]	1.7+0.0s
[400/945]	[L1: 0.0278]	1.5+0.0s
[440/945]	[L1: 0.0278]	1.5+0.0s
[480/945]	[L1: 0.0277]	1.6+0.0s
[520/945]	[L1: 0.0276]	1.9+0.0s
[560/945]	[L1: 0.0275]	1.5+0.0s
[600/945]	[L1: 0.0276]	1.5+0.0s
[640/945]	[L1: 0.0277]	1.5+0.0s
[680/945]	[L1: 0.0279]	1.5+0.0s
[720/945]	[L1: 0.0280]	1.5+0.0s
[760/945]	[L1: 0.0281]	1.7+0.0s
[800/945]	[L1: 0.0281]	1.6+0.0s
[840/945]	[L1: 0.0282]	1.7+0.0s
[880/945]	[L1: 0.0282]	1.7+0.0s
[920/945]	[L1: 0.0283]	2.0+0.0s

Evaluation:
[UCMerced x4]	psnr: 28.069 (Best: 28.071 @epoch 181)
DEBUG: WandB check - hasattr: True, not None: True, idx_scale: 0
DEBUG: Logging to WandB - epoch: 195, psnr: 28.069416046142578
DEBUG: WandB log_validation called successfully
Total time: 2.01s

[Epoch 196]	Learning rate: 6.19e-5
[40/945]	[L1: 0.0294]	1.5+0.0s
[80/945]	[L1: 0.0274]	1.7+0.0s
[120/945]	[L1: 0.0280]	1.6+0.0s
[160/945]	[L1: 0.0284]	1.5+0.0s
[200/945]	[L1: 0.0282]	1.5+0.0s
[240/945]	[L1: 0.0284]	1.5+0.0s
[280/945]	[L1: 0.0281]	1.5+0.0s
[320/945]	[L1: 0.0280]	1.5+0.0s
[360/945]	[L1: 0.0281]	1.9+0.0s
[400/945]	[L1: 0.0283]	1.5+0.0s
[440/945]	[L1: 0.0279]	1.5+0.0s
[480/945]	[L1: 0.0281]	1.8+0.0s
[520/945]	[L1: 0.0282]	1.5+0.0s
[560/945]	[L1: 0.0281]	1.5+0.0s
[600/945]	[L1: 0.0283]	1.5+0.0s
[640/945]	[L1: 0.0283]	1.5+0.0s
[680/945]	[L1: 0.0284]	1.5+0.0s
[720/945]	[L1: 0.0284]	1.6+0.0s
[760/945]	[L1: 0.0283]	1.9+0.0s
[800/945]	[L1: 0.0284]	1.5+0.0s
[840/945]	[L1: 0.0284]	1.5+0.0s
[880/945]	[L1: 0.0284]	1.7+0.0s
[920/945]	[L1: 0.0284]	1.5+0.0s

Evaluation:
[UCMerced x4]	psnr: 28.072 (Best: 28.072 @epoch 196)
DEBUG: WandB check - hasattr: True, not None: True, idx_scale: 0
DEBUG: Logging to WandB - epoch: 196, psnr: 28.07248306274414
DEBUG: WandB log_validation called successfully
Total time: 2.01s

[Epoch 197]	Learning rate: 6.10e-5
[40/945]	[L1: 0.0283]	1.5+0.0s
[80/945]	[L1: 0.0291]	1.5+0.0s
[120/945]	[L1: 0.0284]	1.5+0.0s
[160/945]	[L1: 0.0283]	1.5+0.0s
[200/945]	[L1: 0.0281]	1.9+0.0s
[240/945]	[L1: 0.0280]	1.7+0.0s
[280/945]	[L1: 0.0283]	1.5+0.0s
[320/945]	[L1: 0.0284]	1.5+0.0s
[360/945]	[L1: 0.0283]	1.6+0.0s
[400/945]	[L1: 0.0283]	1.5+0.0s
[440/945]	[L1: 0.0282]	1.5+0.0s
[480/945]	[L1: 0.0282]	1.5+0.0s
[520/945]	[L1: 0.0283]	1.5+0.0s
[560/945]	[L1: 0.0284]	1.5+0.0s
[600/945]	[L1: 0.0282]	1.8+0.0s
[640/945]	[L1: 0.0282]	1.7+0.0s
[680/945]	[L1: 0.0284]	1.6+0.0s
[720/945]	[L1: 0.0284]	1.7+0.0s
[760/945]	[L1: 0.0284]	1.6+0.0s
[800/945]	[L1: 0.0283]	1.5+0.0s
[840/945]	[L1: 0.0283]	1.6+0.0s
[880/945]	[L1: 0.0283]	1.8+0.0s
[920/945]	[L1: 0.0282]	1.7+0.0s

Evaluation:
[UCMerced x4]	psnr: 28.057 (Best: 28.072 @epoch 196)
DEBUG: WandB check - hasattr: True, not None: True, idx_scale: 0
DEBUG: Logging to WandB - epoch: 197, psnr: 28.05695152282715
DEBUG: WandB log_validation called successfully
Total time: 2.37s

[Epoch 198]	Learning rate: 6.01e-5
[40/945]	[L1: 0.0293]	1.6+0.0s
[80/945]	[L1: 0.0273]	2.0+0.0s
[120/945]	[L1: 0.0266]	1.7+0.0s
[160/945]	[L1: 0.0276]	1.5+0.0s
[200/945]	[L1: 0.0282]	1.6+0.0s
[240/945]	[L1: 0.0289]	1.6+0.0s
[280/945]	[L1: 0.0287]	1.8+0.0s
[320/945]	[L1: 0.0287]	1.6+0.0s
[360/945]	[L1: 0.0286]	1.6+0.0s
[400/945]	[L1: 0.0286]	1.7+0.0s
[440/945]	[L1: 0.0285]	1.6+0.0s
[480/945]	[L1: 0.0285]	1.8+0.0s
[520/945]	[L1: 0.0282]	1.6+0.0s
[560/945]	[L1: 0.0281]	1.7+0.0s
[600/945]	[L1: 0.0280]	1.8+0.0s
[640/945]	[L1: 0.0279]	1.7+0.0s
[680/945]	[L1: 0.0281]	1.6+0.0s
[720/945]	[L1: 0.0280]	1.5+0.0s
[760/945]	[L1: 0.0280]	1.6+0.0s
[800/945]	[L1: 0.0280]	1.8+0.0s
[840/945]	[L1: 0.0279]	1.7+0.0s
[880/945]	[L1: 0.0281]	2.1+0.0s
[920/945]	[L1: 0.0281]	1.6+0.0s

Evaluation:
[UCMerced x4]	psnr: 28.044 (Best: 28.072 @epoch 196)
DEBUG: WandB check - hasattr: True, not None: True, idx_scale: 0
DEBUG: Logging to WandB - epoch: 198, psnr: 28.044090270996094
DEBUG: WandB log_validation called successfully
Total time: 2.02s

[Epoch 199]	Learning rate: 5.92e-5
[40/945]	[L1: 0.0315]	1.5+0.0s
[80/945]	[L1: 0.0293]	1.6+0.0s
[120/945]	[L1: 0.0285]	1.7+0.0s
[160/945]	[L1: 0.0285]	1.5+0.0s
[200/945]	[L1: 0.0281]	1.5+0.0s
[240/945]	[L1: 0.0277]	1.5+0.0s
[280/945]	[L1: 0.0279]	1.5+0.0s
[320/945]	[L1: 0.0281]	1.8+0.0s
[360/945]	[L1: 0.0282]	1.6+0.0s
[400/945]	[L1: 0.0282]	1.5+0.0s
[440/945]	[L1: 0.0283]	1.5+0.0s
[480/945]	[L1: 0.0281]	1.5+0.0s
[520/945]	[L1: 0.0282]	1.7+0.0s
[560/945]	[L1: 0.0281]	1.5+0.0s
[600/945]	[L1: 0.0281]	1.5+0.0s
[640/945]	[L1: 0.0281]	1.5+0.0s
[680/945]	[L1: 0.0283]	1.5+0.0s
[720/945]	[L1: 0.0281]	1.8+0.0s
[760/945]	[L1: 0.0281]	1.5+0.0s
[800/945]	[L1: 0.0282]	1.5+0.0s
[840/945]	[L1: 0.0282]	1.5+0.0s
[880/945]	[L1: 0.0282]	1.5+0.0s
[920/945]	[L1: 0.0281]	1.7+0.0s

Evaluation:
[UCMerced x4]	psnr: 28.036 (Best: 28.072 @epoch 196)
DEBUG: WandB check - hasattr: True, not None: True, idx_scale: 0
DEBUG: Logging to WandB - epoch: 199, psnr: 28.036170959472656
DEBUG: WandB log_validation called successfully
Total time: 2.00s

[Epoch 200]	Learning rate: 5.84e-5
[40/945]	[L1: 0.0288]	1.5+0.0s
[80/945]	[L1: 0.0289]	1.5+0.0s
[120/945]	[L1: 0.0274]	1.5+0.0s
[160/945]	[L1: 0.0278]	1.9+0.0s
[200/945]	[L1: 0.0282]	1.5+0.0s
[240/945]	[L1: 0.0282]	1.5+0.0s
[280/945]	[L1: 0.0281]	1.9+0.0s
[320/945]	[L1: 0.0279]	1.8+0.0s
[360/945]	[L1: 0.0281]	1.8+0.0s
[400/945]	[L1: 0.0283]	1.7+0.0s
[440/945]	[L1: 0.0282]	1.7+0.0s
[480/945]	[L1: 0.0285]	1.6+0.0s
[520/945]	[L1: 0.0283]	1.6+0.0s
[560/945]	[L1: 0.0282]	2.0+0.0s
[600/945]	[L1: 0.0282]	1.6+0.0s
[640/945]	[L1: 0.0282]	1.7+0.0s
[680/945]	[L1: 0.0282]	1.7+0.0s
[720/945]	[L1: 0.0282]	1.6+0.0s
[760/945]	[L1: 0.0282]	1.5+0.0s
[800/945]	[L1: 0.0284]	1.6+0.0s
[840/945]	[L1: 0.0283]	1.6+0.0s
[880/945]	[L1: 0.0283]	1.6+0.0s
[920/945]	[L1: 0.0283]	1.5+0.0s

Evaluation:
[UCMerced x4]	psnr: 28.048 (Best: 28.072 @epoch 196)
DEBUG: WandB check - hasattr: True, not None: True, idx_scale: 0
DEBUG: Logging to WandB - epoch: 200, psnr: 28.047746658325195
DEBUG: WandB log_validation called successfully
Total time: 2.15s

💾 Saved step checkpoint at step 47400
[Epoch 201]	Learning rate: 5.75e-5
[40/945]	[L1: 0.0288]	1.5+0.0s
[80/945]	[L1: 0.0288]	1.6+0.0s
[120/945]	[L1: 0.0283]	1.5+0.0s
[160/945]	[L1: 0.0278]	1.6+0.0s
[200/945]	[L1: 0.0283]	1.6+0.0s
[240/945]	[L1: 0.0286]	1.5+0.0s
[280/945]	[L1: 0.0286]	1.6+0.0s
[320/945]	[L1: 0.0286]	1.7+0.0s
[360/945]	[L1: 0.0289]	1.7+0.0s
[400/945]	[L1: 0.0289]	2.1+0.1s
[440/945]	[L1: 0.0286]	1.5+0.0s
[480/945]	[L1: 0.0286]	1.5+0.0s
[520/945]	[L1: 0.0287]	1.5+0.0s
[560/945]	[L1: 0.0287]	1.5+0.0s
[600/945]	[L1: 0.0285]	1.5+0.0s
[640/945]	[L1: 0.0283]	1.5+0.0s
[680/945]	[L1: 0.0282]	1.6+0.0s
[720/945]	[L1: 0.0283]	1.6+0.0s
[760/945]	[L1: 0.0283]	1.5+0.0s
[800/945]	[L1: 0.0283]	2.1+0.0s
[840/945]	[L1: 0.0283]	1.6+0.0s
[880/945]	[L1: 0.0283]	1.9+0.0s
[920/945]	[L1: 0.0282]	1.7+0.0s

Evaluation:
[UCMerced x4]	psnr: 28.051 (Best: 28.072 @epoch 196)
DEBUG: WandB check - hasattr: True, not None: True, idx_scale: 0
DEBUG: Logging to WandB - epoch: 201, psnr: 28.051210403442383
DEBUG: WandB log_validation called successfully
Total time: 2.07s

[Epoch 202]	Learning rate: 5.66e-5
[40/945]	[L1: 0.0267]	1.7+0.1s
[80/945]	[L1: 0.0277]	1.5+0.0s
[120/945]	[L1: 0.0277]	1.6+0.0s
[160/945]	[L1: 0.0276]	1.9+0.0s
[200/945]	[L1: 0.0271]	1.8+0.0s
[240/945]	[L1: 0.0270]	1.7+0.0s
[280/945]	[L1: 0.0279]	2.0+0.0s
[320/945]	[L1: 0.0275]	1.7+0.0s
[360/945]	[L1: 0.0276]	1.7+0.0s
[400/945]	[L1: 0.0277]	1.8+0.0s
[440/945]	[L1: 0.0277]	1.7+0.0s
[480/945]	[L1: 0.0279]	1.7+0.0s
[520/945]	[L1: 0.0280]	1.5+0.0s
[560/945]	[L1: 0.0281]	1.7+0.0s
[600/945]	[L1: 0.0280]	1.5+0.0s
[640/945]	[L1: 0.0281]	1.6+0.0s
[680/945]	[L1: 0.0282]	2.1+0.0s
[720/945]	[L1: 0.0282]	1.8+0.0s
[760/945]	[L1: 0.0282]	1.7+0.0s
[800/945]	[L1: 0.0283]	1.7+0.0s
[840/945]	[L1: 0.0283]	1.8+0.0s
[880/945]	[L1: 0.0284]	1.7+0.0s
[920/945]	[L1: 0.0282]	1.7+0.0s

Evaluation:
[UCMerced x4]	psnr: 28.052 (Best: 28.072 @epoch 196)
DEBUG: WandB check - hasattr: True, not None: True, idx_scale: 0
DEBUG: Logging to WandB - epoch: 202, psnr: 28.05190658569336
DEBUG: WandB log_validation called successfully
Total time: 2.01s

[Epoch 203]	Learning rate: 5.58e-5
[40/945]	[L1: 0.0279]	1.6+0.0s
[80/945]	[L1: 0.0262]	1.5+0.0s
[120/945]	[L1: 0.0273]	2.0+0.1s
[160/945]	[L1: 0.0274]	1.5+0.0s
[200/945]	[L1: 0.0273]	1.6+0.0s
[240/945]	[L1: 0.0270]	1.5+0.0s
[280/945]	[L1: 0.0269]	1.5+0.0s
[320/945]	[L1: 0.0271]	1.7+0.0s
[360/945]	[L1: 0.0271]	1.5+0.0s
[400/945]	[L1: 0.0275]	1.5+0.0s
[440/945]	[L1: 0.0275]	1.5+0.0s
[480/945]	[L1: 0.0277]	1.5+0.0s
[520/945]	[L1: 0.0278]	1.9+0.0s
[560/945]	[L1: 0.0278]	1.6+0.0s
[600/945]	[L1: 0.0276]	1.5+0.0s
[640/945]	[L1: 0.0275]	1.5+0.0s
[680/945]	[L1: 0.0277]	1.6+0.0s
[720/945]	[L1: 0.0277]	1.7+0.0s
[760/945]	[L1: 0.0277]	1.6+0.0s
[800/945]	[L1: 0.0278]	1.5+0.0s
[840/945]	[L1: 0.0278]	1.6+0.0s
[880/945]	[L1: 0.0280]	1.5+0.0s
[920/945]	[L1: 0.0281]	1.9+0.0s

Evaluation:
[UCMerced x4]	psnr: 28.041 (Best: 28.072 @epoch 196)
DEBUG: WandB check - hasattr: True, not None: True, idx_scale: 0
DEBUG: Logging to WandB - epoch: 203, psnr: 28.041208267211914
DEBUG: WandB log_validation called successfully
Total time: 2.02s

[Epoch 204]	Learning rate: 5.49e-5
[40/945]	[L1: 0.0291]	1.7+0.0s
[80/945]	[L1: 0.0277]	1.5+0.0s
[120/945]	[L1: 0.0275]	1.5+0.0s
[160/945]	[L1: 0.0277]	1.6+0.0s
[200/945]	[L1: 0.0283]	1.5+0.0s
[240/945]	[L1: 0.0287]	1.6+0.0s
[280/945]	[L1: 0.0284]	1.5+0.0s
[320/945]	[L1: 0.0282]	1.5+0.0s
[360/945]	[L1: 0.0281]	2.1+0.0s
[400/945]	[L1: 0.0285]	1.5+0.0s
[440/945]	[L1: 0.0283]	1.7+0.0s
[480/945]	[L1: 0.0283]	1.7+0.0s
[520/945]	[L1: 0.0282]	1.7+0.0s
[560/945]	[L1: 0.0283]	1.7+0.0s
[600/945]	[L1: 0.0279]	1.7+0.0s
[640/945]	[L1: 0.0280]	1.7+0.0s
[680/945]	[L1: 0.0281]	1.5+0.0s
[720/945]	[L1: 0.0281]	1.6+0.0s
[760/945]	[L1: 0.0282]	2.0+0.0s
[800/945]	[L1: 0.0283]	1.6+0.0s
[840/945]	[L1: 0.0282]	2.1+0.0s
[880/945]	[L1: 0.0282]	1.7+0.0s
[920/945]	[L1: 0.0282]	1.6+0.0s

Evaluation:
[UCMerced x4]	psnr: 28.081 (Best: 28.081 @epoch 204)
DEBUG: WandB check - hasattr: True, not None: True, idx_scale: 0
DEBUG: Logging to WandB - epoch: 204, psnr: 28.081457138061523
DEBUG: WandB log_validation called successfully
Total time: 2.00s

[Epoch 205]	Learning rate: 5.41e-5
[40/945]	[L1: 0.0262]	1.5+0.0s
[80/945]	[L1: 0.0296]	1.6+0.0s
[120/945]	[L1: 0.0292]	1.5+0.0s
[160/945]	[L1: 0.0291]	1.5+0.0s
[200/945]	[L1: 0.0287]	1.9+0.0s
[240/945]	[L1: 0.0287]	2.0+0.0s
[280/945]	[L1: 0.0288]	1.6+0.0s
[320/945]	[L1: 0.0289]	1.6+0.0s
[360/945]	[L1: 0.0291]	1.5+0.0s
[400/945]	[L1: 0.0293]	1.5+0.0s
[440/945]	[L1: 0.0291]	1.6+0.0s
[480/945]	[L1: 0.0289]	1.5+0.0s
[520/945]	[L1: 0.0289]	1.6+0.0s
[560/945]	[L1: 0.0286]	1.6+0.0s
[600/945]	[L1: 0.0285]	1.7+0.0s
[640/945]	[L1: 0.0285]	2.0+0.0s
[680/945]	[L1: 0.0286]	1.7+0.0s
[720/945]	[L1: 0.0285]	1.6+0.0s
[760/945]	[L1: 0.0283]	1.6+0.0s
[800/945]	[L1: 0.0282]	1.5+0.0s
[840/945]	[L1: 0.0281]	1.5+0.0s
[880/945]	[L1: 0.0280]	1.5+0.0s
[920/945]	[L1: 0.0281]	1.6+0.0s

Evaluation:
[UCMerced x4]	psnr: 28.029 (Best: 28.081 @epoch 204)
DEBUG: WandB check - hasattr: True, not None: True, idx_scale: 0
DEBUG: Logging to WandB - epoch: 205, psnr: 28.02877426147461
DEBUG: WandB log_validation called successfully
Total time: 2.33s

[Epoch 206]	Learning rate: 5.33e-5
[40/945]	[L1: 0.0282]	1.6+0.0s
[80/945]	[L1: 0.0283]	2.0+0.0s
[120/945]	[L1: 0.0284]	1.5+0.0s
[160/945]	[L1: 0.0288]	1.6+0.0s
[200/945]	[L1: 0.0287]	1.7+0.0s
[240/945]	[L1: 0.0288]	1.5+0.0s
[280/945]	[L1: 0.0287]	1.6+0.0s
[320/945]	[L1: 0.0286]	1.7+0.0s
[360/945]	[L1: 0.0285]	1.6+0.0s
[400/945]	[L1: 0.0287]	1.5+0.0s
[440/945]	[L1: 0.0286]	1.5+0.0s
[480/945]	[L1: 0.0287]	1.9+0.0s
[520/945]	[L1: 0.0286]	1.6+0.0s
[560/945]	[L1: 0.0285]	1.6+0.0s
[600/945]	[L1: 0.0285]	1.5+0.0s
[640/945]	[L1: 0.0284]	1.6+0.0s
[680/945]	[L1: 0.0283]	1.6+0.0s
[720/945]	[L1: 0.0282]	2.0+0.0s
[760/945]	[L1: 0.0281]	1.7+0.0s
[800/945]	[L1: 0.0280]	1.7+0.0s
[840/945]	[L1: 0.0280]	1.7+0.0s
[880/945]	[L1: 0.0281]	2.1+0.0s
[920/945]	[L1: 0.0280]	1.5+0.0s

Evaluation:
[UCMerced x4]	psnr: 28.049 (Best: 28.081 @epoch 204)
DEBUG: WandB check - hasattr: True, not None: True, idx_scale: 0
DEBUG: Logging to WandB - epoch: 206, psnr: 28.048507690429688
DEBUG: WandB log_validation called successfully
Total time: 2.01s

[Epoch 207]	Learning rate: 5.24e-5
[40/945]	[L1: 0.0299]	1.5+0.0s
[80/945]	[L1: 0.0293]	1.7+0.0s
[120/945]	[L1: 0.0295]	1.5+0.0s
[160/945]	[L1: 0.0290]	1.5+0.0s
[200/945]	[L1: 0.0289]	1.5+0.0s
[240/945]	[L1: 0.0290]	1.5+0.0s
[280/945]	[L1: 0.0288]	1.5+0.0s
[320/945]	[L1: 0.0285]	2.1+0.0s
[360/945]	[L1: 0.0288]	1.6+0.0s
[400/945]	[L1: 0.0284]	1.5+0.0s
[440/945]	[L1: 0.0284]	1.5+0.0s
[480/945]	[L1: 0.0285]	1.7+0.0s
[520/945]	[L1: 0.0285]	1.5+0.0s
[560/945]	[L1: 0.0283]	1.5+0.0s
[600/945]	[L1: 0.0283]	1.5+0.0s
[640/945]	[L1: 0.0284]	1.5+0.0s
[680/945]	[L1: 0.0284]	1.5+0.0s
[720/945]	[L1: 0.0283]	2.0+0.0s
[760/945]	[L1: 0.0283]	1.5+0.0s
[800/945]	[L1: 0.0282]	1.7+0.0s
[840/945]	[L1: 0.0282]	1.5+0.0s
[880/945]	[L1: 0.0282]	1.7+0.0s
[920/945]	[L1: 0.0283]	1.5+0.0s

Evaluation:
[UCMerced x4]	psnr: 28.067 (Best: 28.081 @epoch 204)
DEBUG: WandB check - hasattr: True, not None: True, idx_scale: 0
DEBUG: Logging to WandB - epoch: 207, psnr: 28.066608428955078
DEBUG: WandB log_validation called successfully
Total time: 2.00s

[Epoch 208]	Learning rate: 5.16e-5
[40/945]	[L1: 0.0286]	1.5+0.0s
[80/945]	[L1: 0.0285]	1.5+0.0s
[120/945]	[L1: 0.0282]	1.6+0.0s
[160/945]	[L1: 0.0281]	1.5+0.0s
[200/945]	[L1: 0.0280]	1.8+0.0s
[240/945]	[L1: 0.0279]	1.7+0.0s
[280/945]	[L1: 0.0279]	1.5+0.0s
[320/945]	[L1: 0.0280]	1.5+0.0s
[360/945]	[L1: 0.0278]	1.5+0.0s
[400/945]	[L1: 0.0276]	1.5+0.0s
[440/945]	[L1: 0.0276]	1.6+0.0s
[480/945]	[L1: 0.0278]	1.5+0.0s
[520/945]	[L1: 0.0276]	1.5+0.0s
[560/945]	[L1: 0.0276]	1.5+0.0s
[600/945]	[L1: 0.0275]	1.9+0.0s
[640/945]	[L1: 0.0277]	1.7+0.0s
[680/945]	[L1: 0.0280]	1.5+0.0s
[720/945]	[L1: 0.0280]	1.5+0.0s
[760/945]	[L1: 0.0280]	1.5+0.0s
[800/945]	[L1: 0.0281]	1.5+0.0s
[840/945]	[L1: 0.0281]	1.5+0.0s
[880/945]	[L1: 0.0281]	1.5+0.0s
[920/945]	[L1: 0.0281]	1.6+0.0s

Evaluation:
[UCMerced x4]	psnr: 28.061 (Best: 28.081 @epoch 204)
DEBUG: WandB check - hasattr: True, not None: True, idx_scale: 0
DEBUG: Logging to WandB - epoch: 208, psnr: 28.060802459716797
DEBUG: WandB log_validation called successfully
Total time: 2.38s

[Epoch 209]	Learning rate: 5.08e-5
[40/945]	[L1: 0.0290]	2.0+0.0s
[80/945]	[L1: 0.0277]	1.5+0.0s
[120/945]	[L1: 0.0281]	1.6+0.0s
[160/945]	[L1: 0.0276]	1.5+0.0s
[200/945]	[L1: 0.0280]	1.5+0.0s
[240/945]	[L1: 0.0277]	1.5+0.0s
[280/945]	[L1: 0.0280]	1.5+0.0s
[320/945]	[L1: 0.0282]	1.5+0.0s
[360/945]	[L1: 0.0284]	1.7+0.0s
[400/945]	[L1: 0.0282]	1.6+0.0s
[440/945]	[L1: 0.0283]	1.9+0.0s
[480/945]	[L1: 0.0281]	1.5+0.0s
[520/945]	[L1: 0.0281]	1.5+0.0s
[560/945]	[L1: 0.0281]	1.5+0.0s
[600/945]	[L1: 0.0281]	1.5+0.0s
[640/945]	[L1: 0.0280]	1.5+0.0s
[680/945]	[L1: 0.0283]	1.5+0.0s
[720/945]	[L1: 0.0281]	1.7+0.0s
[760/945]	[L1: 0.0282]	1.7+0.0s
[800/945]	[L1: 0.0282]	1.5+0.0s
[840/945]	[L1: 0.0282]	1.9+0.0s
[880/945]	[L1: 0.0282]	1.5+0.0s
[920/945]	[L1: 0.0281]	1.6+0.0s

Evaluation:
[UCMerced x4]	psnr: 28.062 (Best: 28.081 @epoch 204)
DEBUG: WandB check - hasattr: True, not None: True, idx_scale: 0
DEBUG: Logging to WandB - epoch: 209, psnr: 28.06235694885254
DEBUG: WandB log_validation called successfully
Total time: 2.01s

[Epoch 210]	Learning rate: 5.00e-5
[40/945]	[L1: 0.0285]	1.5+0.0s
[80/945]	[L1: 0.0291]	1.6+0.0s
[120/945]	[L1: 0.0285]	1.7+0.0s
[160/945]	[L1: 0.0288]	1.6+0.0s
[200/945]	[L1: 0.0290]	1.5+0.0s
[240/945]	[L1: 0.0288]	1.5+0.0s
[280/945]	[L1: 0.0286]	2.0+0.0s
[320/945]	[L1: 0.0283]	1.6+0.0s
[360/945]	[L1: 0.0284]	1.5+0.0s
[400/945]	[L1: 0.0285]	1.5+0.0s
[440/945]	[L1: 0.0285]	1.5+0.0s
[480/945]	[L1: 0.0284]	1.5+0.0s
[520/945]	[L1: 0.0286]	1.8+0.0s
[560/945]	[L1: 0.0284]	1.5+0.0s
[600/945]	[L1: 0.0285]	1.6+0.0s
[640/945]	[L1: 0.0283]	1.5+0.0s
[680/945]	[L1: 0.0283]	1.9+0.0s
[720/945]	[L1: 0.0283]	1.5+0.0s
[760/945]	[L1: 0.0281]	1.5+0.0s
[800/945]	[L1: 0.0280]	1.5+0.0s
[840/945]	[L1: 0.0282]	1.7+0.1s
[880/945]	[L1: 0.0282]	1.8+0.0s
[920/945]	[L1: 0.0282]	1.9+0.0s

Evaluation:
[UCMerced x4]	psnr: 28.033 (Best: 28.081 @epoch 204)
DEBUG: WandB check - hasattr: True, not None: True, idx_scale: 0
DEBUG: Logging to WandB - epoch: 210, psnr: 28.033063888549805
DEBUG: WandB log_validation called successfully
Total time: 2.01s

[Epoch 211]	Learning rate: 4.92e-5
[40/945]	[L1: 0.0271]	1.5+0.0s
[80/945]	[L1: 0.0288]	1.5+0.0s
[120/945]	[L1: 0.0299]	1.8+0.0s
[160/945]	[L1: 0.0293]	1.5+0.0s
[200/945]	[L1: 0.0285]	1.5+0.0s
[240/945]	[L1: 0.0282]	1.7+0.0s
[280/945]	[L1: 0.0289]	1.5+0.0s
[320/945]	[L1: 0.0284]	1.7+0.0s
[360/945]	[L1: 0.0282]	1.5+0.0s
[400/945]	[L1: 0.0287]	1.5+0.0s
[440/945]	[L1: 0.0285]	1.5+0.0s
[480/945]	[L1: 0.0285]	1.5+0.0s
[520/945]	[L1: 0.0283]	1.8+0.0s
[560/945]	[L1: 0.0284]	1.5+0.0s
[600/945]	[L1: 0.0284]	1.5+0.0s
[640/945]	[L1: 0.0282]	1.7+0.0s
[680/945]	[L1: 0.0282]	1.6+0.0s
[720/945]	[L1: 0.0282]	1.5+0.0s
[760/945]	[L1: 0.0281]	1.5+0.0s
[800/945]	[L1: 0.0281]	1.7+0.0s
[840/945]	[L1: 0.0281]	1.5+0.0s
[880/945]	[L1: 0.0281]	1.5+0.0s
[920/945]	[L1: 0.0281]	1.9+0.0s

Evaluation:
[UCMerced x4]	psnr: 28.044 (Best: 28.081 @epoch 204)
DEBUG: WandB check - hasattr: True, not None: True, idx_scale: 0
DEBUG: Logging to WandB - epoch: 211, psnr: 28.043733596801758
DEBUG: WandB log_validation called successfully
Total time: 2.19s

[Epoch 212]	Learning rate: 4.84e-5
[40/945]	[L1: 0.0292]	1.5+0.0s
[80/945]	[L1: 0.0284]	1.5+0.0s
[120/945]	[L1: 0.0290]	1.6+0.0s
[160/945]	[L1: 0.0288]	1.5+0.0s
[200/945]	[L1: 0.0284]	1.5+0.0s
[240/945]	[L1: 0.0285]	1.5+0.0s
[280/945]	[L1: 0.0281]	1.5+0.0s
[320/945]	[L1: 0.0280]	1.6+0.0s
[360/945]	[L1: 0.0280]	1.5+0.0s
[400/945]	[L1: 0.0278]	2.0+0.0s
[440/945]	[L1: 0.0280]	1.5+0.0s
[480/945]	[L1: 0.0278]	1.5+0.0s
[520/945]	[L1: 0.0279]	1.5+0.0s
[560/945]	[L1: 0.0280]	1.5+0.0s
[600/945]	[L1: 0.0279]	1.7+0.0s
[640/945]	[L1: 0.0279]	1.5+0.0s
[680/945]	[L1: 0.0281]	1.5+0.0s
[720/945]	[L1: 0.0282]	1.5+0.0s
[760/945]	[L1: 0.0281]	1.5+0.0s
[800/945]	[L1: 0.0281]	2.0+0.0s
[840/945]	[L1: 0.0280]	1.5+0.0s
[880/945]	[L1: 0.0281]	1.5+0.0s
[920/945]	[L1: 0.0281]	1.7+0.0s

Evaluation:
[UCMerced x4]	psnr: 28.054 (Best: 28.081 @epoch 204)
DEBUG: WandB check - hasattr: True, not None: True, idx_scale: 0
DEBUG: Logging to WandB - epoch: 212, psnr: 28.054180145263672
DEBUG: WandB log_validation called successfully
Total time: 2.02s

[Epoch 213]	Learning rate: 4.76e-5
[40/945]	[L1: 0.0294]	1.5+0.0s
[80/945]	[L1: 0.0293]	1.5+0.0s
[120/945]	[L1: 0.0283]	1.5+0.0s
[160/945]	[L1: 0.0288]	1.7+0.0s
[200/945]	[L1: 0.0285]	1.5+0.0s
[240/945]	[L1: 0.0285]	1.9+0.0s
[280/945]	[L1: 0.0287]	1.5+0.0s
[320/945]	[L1: 0.0284]	1.5+0.0s
[360/945]	[L1: 0.0284]	1.5+0.0s
[400/945]	[L1: 0.0284]	1.6+0.0s
[440/945]	[L1: 0.0283]	1.6+0.0s
[480/945]	[L1: 0.0285]	1.5+0.0s
[520/945]	[L1: 0.0285]	1.5+0.0s
[560/945]	[L1: 0.0285]	1.7+0.0s
[600/945]	[L1: 0.0285]	1.5+0.0s
[640/945]	[L1: 0.0284]	1.9+0.0s
[680/945]	[L1: 0.0286]	1.6+0.0s
[720/945]	[L1: 0.0285]	1.7+0.0s
[760/945]	[L1: 0.0285]	1.8+0.0s
[800/945]	[L1: 0.0285]	1.6+0.0s
[840/945]	[L1: 0.0283]	1.6+0.0s
[880/945]	[L1: 0.0282]	1.6+0.0s
[920/945]	[L1: 0.0281]	1.5+0.0s

Evaluation:
[UCMerced x4]	psnr: 28.055 (Best: 28.081 @epoch 204)
DEBUG: WandB check - hasattr: True, not None: True, idx_scale: 0
DEBUG: Logging to WandB - epoch: 213, psnr: 28.055286407470703
DEBUG: WandB log_validation called successfully
Total time: 2.13s

[Epoch 214]	Learning rate: 4.68e-5
[40/945]	[L1: 0.0301]	1.7+0.0s
[80/945]	[L1: 0.0294]	2.1+0.0s
[120/945]	[L1: 0.0287]	1.6+0.0s
[160/945]	[L1: 0.0288]	1.5+0.0s
[200/945]	[L1: 0.0287]	1.6+0.0s
[240/945]	[L1: 0.0284]	1.5+0.0s
[280/945]	[L1: 0.0287]	1.7+0.0s
[320/945]	[L1: 0.0287]	1.6+0.0s
[360/945]	[L1: 0.0287]	1.5+0.0s
[400/945]	[L1: 0.0284]	1.6+0.0s
[440/945]	[L1: 0.0284]	1.7+0.0s
[480/945]	[L1: 0.0283]	2.1+0.0s
[520/945]	[L1: 0.0282]	1.8+0.0s
[560/945]	[L1: 0.0282]	1.7+0.0s
[600/945]	[L1: 0.0283]	1.5+0.0s
[640/945]	[L1: 0.0282]	1.5+0.0s
[680/945]	[L1: 0.0282]	1.7+0.0s
[720/945]	[L1: 0.0283]	1.5+0.0s
[760/945]	[L1: 0.0283]	1.5+0.0s
[800/945]	[L1: 0.0283]	1.5+0.0s
[840/945]	[L1: 0.0281]	1.5+0.0s
[880/945]	[L1: 0.0280]	1.8+0.0s
[920/945]	[L1: 0.0281]	1.5+0.0s

Evaluation:
[UCMerced x4]	psnr: 28.067 (Best: 28.081 @epoch 204)
DEBUG: WandB check - hasattr: True, not None: True, idx_scale: 0
DEBUG: Logging to WandB - epoch: 214, psnr: 28.067350387573242
DEBUG: WandB log_validation called successfully
Total time: 2.02s

[Epoch 215]	Learning rate: 4.60e-5
[40/945]	[L1: 0.0265]	1.7+0.0s
[80/945]	[L1: 0.0272]	1.5+0.0s
[120/945]	[L1: 0.0277]	1.5+0.0s
[160/945]	[L1: 0.0273]	1.5+0.0s
[200/945]	[L1: 0.0275]	1.5+0.0s
[240/945]	[L1: 0.0273]	1.6+0.0s
[280/945]	[L1: 0.0271]	1.6+0.0s
[320/945]	[L1: 0.0271]	1.6+0.0s
[360/945]	[L1: 0.0276]	1.9+0.0s
[400/945]	[L1: 0.0275]	1.7+0.0s
[440/945]	[L1: 0.0274]	1.9+0.0s
[480/945]	[L1: 0.0275]	1.7+0.0s
[520/945]	[L1: 0.0275]	1.7+0.0s
[560/945]	[L1: 0.0274]	1.5+0.0s
[600/945]	[L1: 0.0275]	1.5+0.0s
[640/945]	[L1: 0.0276]	1.5+0.0s
[680/945]	[L1: 0.0278]	1.5+0.0s
[720/945]	[L1: 0.0279]	1.5+0.0s
[760/945]	[L1: 0.0280]	1.8+0.0s
[800/945]	[L1: 0.0279]	1.6+0.0s
[840/945]	[L1: 0.0278]	1.7+0.0s
[880/945]	[L1: 0.0279]	1.5+0.0s
[920/945]	[L1: 0.0279]	1.6+0.0s

Evaluation:
[UCMerced x4]	psnr: 28.040 (Best: 28.081 @epoch 204)
DEBUG: WandB check - hasattr: True, not None: True, idx_scale: 0
DEBUG: Logging to WandB - epoch: 215, psnr: 28.040119171142578
DEBUG: WandB log_validation called successfully
Total time: 2.15s

[Epoch 216]	Learning rate: 4.52e-5
[40/945]	[L1: 0.0290]	1.5+0.0s
[80/945]	[L1: 0.0278]	1.6+0.0s
[120/945]	[L1: 0.0288]	1.7+0.0s
[160/945]	[L1: 0.0285]	1.7+0.0s
[200/945]	[L1: 0.0283]	1.9+0.0s
[240/945]	[L1: 0.0281]	1.5+0.0s
[280/945]	[L1: 0.0282]	1.5+0.0s
[320/945]	[L1: 0.0279]	1.6+0.0s
[360/945]	[L1: 0.0281]	1.6+0.0s
[400/945]	[L1: 0.0282]	1.5+0.0s
[440/945]	[L1: 0.0282]	1.5+0.0s
[480/945]	[L1: 0.0281]	1.5+0.0s
[520/945]	[L1: 0.0283]	1.5+0.0s
[560/945]	[L1: 0.0283]	1.7+0.0s
[600/945]	[L1: 0.0284]	1.9+0.0s
[640/945]	[L1: 0.0287]	1.5+0.0s
[680/945]	[L1: 0.0285]	1.7+0.0s
[720/945]	[L1: 0.0283]	1.6+0.0s
[760/945]	[L1: 0.0282]	1.5+0.0s
[800/945]	[L1: 0.0282]	1.5+0.0s
[840/945]	[L1: 0.0281]	1.6+0.0s
[880/945]	[L1: 0.0281]	1.7+0.0s
[920/945]	[L1: 0.0281]	1.8+0.0s

Evaluation:
[UCMerced x4]	psnr: 28.070 (Best: 28.081 @epoch 204)
DEBUG: WandB check - hasattr: True, not None: True, idx_scale: 0
DEBUG: Logging to WandB - epoch: 216, psnr: 28.069717407226562
DEBUG: WandB log_validation called successfully
Total time: 2.26s

[Epoch 217]	Learning rate: 4.44e-5
[40/945]	[L1: 0.0264]	1.9+0.0s
[80/945]	[L1: 0.0275]	1.5+0.0s
[120/945]	[L1: 0.0283]	1.5+0.0s
[160/945]	[L1: 0.0293]	1.5+0.0s
[200/945]	[L1: 0.0288]	1.5+0.0s
[240/945]	[L1: 0.0291]	1.5+0.0s
[280/945]	[L1: 0.0290]	1.5+0.0s
[320/945]	[L1: 0.0286]	1.7+0.0s
[360/945]	[L1: 0.0284]	1.5+0.0s
[400/945]	[L1: 0.0284]	1.6+0.0s
[440/945]	[L1: 0.0284]	1.8+0.0s
[480/945]	[L1: 0.0284]	1.5+0.0s
[520/945]	[L1: 0.0284]	1.5+0.0s
[560/945]	[L1: 0.0284]	1.5+0.0s
[600/945]	[L1: 0.0284]	1.5+0.0s
[640/945]	[L1: 0.0283]	1.6+0.1s
[680/945]	[L1: 0.0283]	1.6+0.0s
[720/945]	[L1: 0.0284]	1.9+0.0s
[760/945]	[L1: 0.0283]	1.8+0.0s
[800/945]	[L1: 0.0284]	1.8+0.0s
[840/945]	[L1: 0.0284]	2.0+0.0s
[880/945]	[L1: 0.0283]	1.5+0.0s
[920/945]	[L1: 0.0282]	1.6+0.0s

Evaluation:
[UCMerced x4]	psnr: 28.061 (Best: 28.081 @epoch 204)
DEBUG: WandB check - hasattr: True, not None: True, idx_scale: 0
DEBUG: Logging to WandB - epoch: 217, psnr: 28.06131362915039
DEBUG: WandB log_validation called successfully
Total time: 2.03s

[Epoch 218]	Learning rate: 4.37e-5
[40/945]	[L1: 0.0295]	1.6+0.0s
[80/945]	[L1: 0.0285]	1.7+0.0s
[120/945]	[L1: 0.0285]	1.6+0.0s
[160/945]	[L1: 0.0281]	1.7+0.0s
[200/945]	[L1: 0.0278]	1.6+0.0s
[240/945]	[L1: 0.0282]	1.6+0.0s
[280/945]	[L1: 0.0281]	1.5+0.0s
[320/945]	[L1: 0.0279]	2.0+0.0s
[360/945]	[L1: 0.0283]	1.6+0.0s
[400/945]	[L1: 0.0282]	1.6+0.0s
[440/945]	[L1: 0.0281]	1.7+0.0s
[480/945]	[L1: 0.0281]	2.0+0.0s
[520/945]	[L1: 0.0281]	1.9+0.0s
[560/945]	[L1: 0.0279]	1.8+0.0s
[600/945]	[L1: 0.0278]	1.6+0.0s
[640/945]	[L1: 0.0279]	1.6+0.0s
[680/945]	[L1: 0.0279]	1.5+0.0s
[720/945]	[L1: 0.0280]	2.1+0.0s
[760/945]	[L1: 0.0280]	1.6+0.0s
[800/945]	[L1: 0.0280]	1.7+0.0s
[840/945]	[L1: 0.0279]	1.8+0.0s
[880/945]	[L1: 0.0280]	2.0+0.0s
[920/945]	[L1: 0.0280]	1.7+0.1s

Evaluation:
[UCMerced x4]	psnr: 28.080 (Best: 28.081 @epoch 204)
DEBUG: WandB check - hasattr: True, not None: True, idx_scale: 0
DEBUG: Logging to WandB - epoch: 218, psnr: 28.07988166809082
DEBUG: WandB log_validation called successfully
Total time: 2.05s

[Epoch 219]	Learning rate: 4.29e-5
[40/945]	[L1: 0.0301]	1.7+0.0s
[80/945]	[L1: 0.0283]	1.8+0.0s
[120/945]	[L1: 0.0281]	1.8+0.0s
[160/945]	[L1: 0.0283]	2.1+0.0s
[200/945]	[L1: 0.0278]	1.9+0.0s
[240/945]	[L1: 0.0279]	1.6+0.0s
[280/945]	[L1: 0.0278]	1.7+0.0s
[320/945]	[L1: 0.0282]	1.7+0.0s
[360/945]	[L1: 0.0284]	1.6+0.0s
[400/945]	[L1: 0.0281]	1.6+0.0s
[440/945]	[L1: 0.0281]	1.6+0.0s
[480/945]	[L1: 0.0281]	1.6+0.0s
[520/945]	[L1: 0.0283]	1.7+0.0s
[560/945]	[L1: 0.0284]	2.0+0.0s
[600/945]	[L1: 0.0283]	1.8+0.0s
[640/945]	[L1: 0.0282]	1.5+0.0s
[680/945]	[L1: 0.0282]	1.5+0.0s
[720/945]	[L1: 0.0283]	1.5+0.0s
[760/945]	[L1: 0.0281]	1.5+0.0s
[800/945]	[L1: 0.0281]	1.7+0.0s
[840/945]	[L1: 0.0281]	1.5+0.0s
[880/945]	[L1: 0.0282]	1.5+0.0s
[920/945]	[L1: 0.0281]	1.5+0.0s

Evaluation:
[UCMerced x4]	psnr: 28.091 (Best: 28.091 @epoch 219)
DEBUG: WandB check - hasattr: True, not None: True, idx_scale: 0
DEBUG: Logging to WandB - epoch: 219, psnr: 28.0908260345459
DEBUG: WandB log_validation called successfully
Total time: 2.15s

[Epoch 220]	Learning rate: 4.22e-5
[40/945]	[L1: 0.0291]	1.5+0.0s
[80/945]	[L1: 0.0293]	1.5+0.0s
[120/945]	[L1: 0.0293]	1.5+0.0s
[160/945]	[L1: 0.0289]	1.5+0.0s
[200/945]	[L1: 0.0285]	1.5+0.0s
[240/945]	[L1: 0.0279]	1.6+0.0s
[280/945]	[L1: 0.0282]	1.5+0.0s
[320/945]	[L1: 0.0281]	1.7+0.0s
[360/945]	[L1: 0.0280]	1.7+0.0s
[400/945]	[L1: 0.0282]	1.9+0.0s
[440/945]	[L1: 0.0280]	1.5+0.0s
[480/945]	[L1: 0.0281]	1.6+0.0s
[520/945]	[L1: 0.0278]	1.5+0.0s
[560/945]	[L1: 0.0279]	1.6+0.0s
[600/945]	[L1: 0.0279]	1.7+0.0s
[640/945]	[L1: 0.0281]	1.7+0.0s
[680/945]	[L1: 0.0280]	1.7+0.0s
[720/945]	[L1: 0.0281]	1.6+0.0s
[760/945]	[L1: 0.0280]	1.9+0.0s
[800/945]	[L1: 0.0281]	2.2+0.0s
[840/945]	[L1: 0.0280]	1.7+0.0s
[880/945]	[L1: 0.0280]	1.7+0.0s
[920/945]	[L1: 0.0281]	1.6+0.0s

Evaluation:
[UCMerced x4]	psnr: 28.074 (Best: 28.091 @epoch 219)
DEBUG: WandB check - hasattr: True, not None: True, idx_scale: 0
DEBUG: Logging to WandB - epoch: 220, psnr: 28.074068069458008
DEBUG: WandB log_validation called successfully
Total time: 2.03s

[Epoch 221]	Learning rate: 4.14e-5
[40/945]	[L1: 0.0286]	1.5+0.0s
[80/945]	[L1: 0.0286]	1.7+0.0s
[120/945]	[L1: 0.0289]	1.5+0.0s
[160/945]	[L1: 0.0283]	1.6+0.0s
[200/945]	[L1: 0.0289]	1.5+0.0s
[240/945]	[L1: 0.0286]	2.0+0.0s
[280/945]	[L1: 0.0283]	1.6+0.0s
[320/945]	[L1: 0.0283]	1.7+0.0s
[360/945]	[L1: 0.0282]	1.8+0.0s
[400/945]	[L1: 0.0283]	1.7+0.0s
[440/945]	[L1: 0.0284]	1.7+0.0s
[480/945]	[L1: 0.0281]	2.0+0.0s
[520/945]	[L1: 0.0281]	1.7+0.0s
[560/945]	[L1: 0.0280]	1.7+0.0s
[600/945]	[L1: 0.0278]	1.7+0.0s
[640/945]	[L1: 0.0280]	2.1+0.0s
[680/945]	[L1: 0.0279]	1.6+0.0s
[720/945]	[L1: 0.0280]	1.6+0.0s
[760/945]	[L1: 0.0281]	1.5+0.0s
[800/945]	[L1: 0.0281]	1.6+0.0s
[840/945]	[L1: 0.0280]	1.8+0.0s
[880/945]	[L1: 0.0280]	1.8+0.0s
[920/945]	[L1: 0.0281]	1.6+0.0s

Evaluation:
[UCMerced x4]	psnr: 28.066 (Best: 28.091 @epoch 219)
DEBUG: WandB check - hasattr: True, not None: True, idx_scale: 0
DEBUG: Logging to WandB - epoch: 221, psnr: 28.06592559814453
DEBUG: WandB log_validation called successfully
Total time: 2.15s

[Epoch 222]	Learning rate: 4.07e-5
[40/945]	[L1: 0.0264]	1.8+0.0s
[80/945]	[L1: 0.0275]	1.9+0.0s
[120/945]	[L1: 0.0279]	2.1+0.0s
[160/945]	[L1: 0.0288]	1.8+0.0s
[200/945]	[L1: 0.0286]	1.6+0.0s
[240/945]	[L1: 0.0290]	1.7+0.0s
[280/945]	[L1: 0.0290]	1.7+0.0s
[320/945]	[L1: 0.0288]	1.7+0.0s
[360/945]	[L1: 0.0288]	1.6+0.0s
[400/945]	[L1: 0.0283]	1.5+0.0s
[440/945]	[L1: 0.0284]	1.5+0.0s
[480/945]	[L1: 0.0286]	1.5+0.0s
[520/945]	[L1: 0.0285]	1.9+0.0s
[560/945]	[L1: 0.0286]	1.5+0.0s
[600/945]	[L1: 0.0285]	1.6+0.0s
[640/945]	[L1: 0.0283]	1.7+0.0s
[680/945]	[L1: 0.0283]	1.5+0.0s
[720/945]	[L1: 0.0281]	1.6+0.0s
[760/945]	[L1: 0.0281]	1.5+0.0s
[800/945]	[L1: 0.0280]	1.6+0.0s
[840/945]	[L1: 0.0280]	1.5+0.0s
[880/945]	[L1: 0.0279]	1.6+0.0s
[920/945]	[L1: 0.0280]	2.0+0.0s

Evaluation:
[UCMerced x4]	psnr: 28.049 (Best: 28.091 @epoch 219)
DEBUG: WandB check - hasattr: True, not None: True, idx_scale: 0
DEBUG: Logging to WandB - epoch: 222, psnr: 28.048643112182617
DEBUG: WandB log_validation called successfully
Total time: 2.41s

[Epoch 223]	Learning rate: 4.00e-5
[40/945]	[L1: 0.0292]	1.7+0.0s
[80/945]	[L1: 0.0292]	1.7+0.0s
[120/945]	[L1: 0.0285]	1.6+0.0s
[160/945]	[L1: 0.0283]	1.5+0.0s
[200/945]	[L1: 0.0283]	1.6+0.0s
[240/945]	[L1: 0.0280]	1.5+0.0s
[280/945]	[L1: 0.0278]	1.5+0.0s
[320/945]	[L1: 0.0280]	1.6+0.0s
[360/945]	[L1: 0.0281]	1.9+0.0s
[400/945]	[L1: 0.0279]	1.7+0.0s
[440/945]	[L1: 0.0281]	1.5+0.0s
[480/945]	[L1: 0.0283]	1.5+0.0s
[520/945]	[L1: 0.0282]	1.5+0.0s
[560/945]	[L1: 0.0283]	1.5+0.0s
[600/945]	[L1: 0.0281]	1.6+0.0s
[640/945]	[L1: 0.0282]	1.5+0.0s
[680/945]	[L1: 0.0281]	1.6+0.0s
[720/945]	[L1: 0.0281]	1.6+0.0s
[760/945]	[L1: 0.0280]	1.8+0.0s
[800/945]	[L1: 0.0280]	1.7+0.0s
[840/945]	[L1: 0.0280]	1.5+0.0s
[880/945]	[L1: 0.0280]	1.5+0.0s
[920/945]	[L1: 0.0280]	1.5+0.0s

Evaluation:
[UCMerced x4]	psnr: 28.078 (Best: 28.091 @epoch 219)
DEBUG: WandB check - hasattr: True, not None: True, idx_scale: 0
DEBUG: Logging to WandB - epoch: 223, psnr: 28.07787322998047
DEBUG: WandB log_validation called successfully
Total time: 2.01s

[Epoch 224]	Learning rate: 3.92e-5
[40/945]	[L1: 0.0341]	1.6+0.0s
[80/945]	[L1: 0.0318]	1.5+0.0s
[120/945]	[L1: 0.0296]	1.7+0.0s
[160/945]	[L1: 0.0292]	1.5+0.0s
[200/945]	[L1: 0.0280]	1.9+0.0s
[240/945]	[L1: 0.0283]	1.5+0.0s
[280/945]	[L1: 0.0278]	1.5+0.0s
[320/945]	[L1: 0.0279]	1.5+0.0s
[360/945]	[L1: 0.0280]	1.5+0.0s
[400/945]	[L1: 0.0280]	1.5+0.0s
[440/945]	[L1: 0.0284]	1.5+0.0s
[480/945]	[L1: 0.0283]	1.5+0.0s
[520/945]	[L1: 0.0282]	1.7+0.0s
[560/945]	[L1: 0.0281]	1.5+0.0s
[600/945]	[L1: 0.0281]	1.8+0.0s
[640/945]	[L1: 0.0283]	1.5+0.0s
[680/945]	[L1: 0.0281]	1.5+0.0s
[720/945]	[L1: 0.0283]	1.5+0.0s
[760/945]	[L1: 0.0284]	1.5+0.0s
[800/945]	[L1: 0.0282]	1.5+0.0s
[840/945]	[L1: 0.0282]	1.5+0.0s
[880/945]	[L1: 0.0282]	1.6+0.0s
[920/945]	[L1: 0.0281]	1.7+0.0s

Evaluation:
[UCMerced x4]	psnr: 28.046 (Best: 28.091 @epoch 219)
DEBUG: WandB check - hasattr: True, not None: True, idx_scale: 0
DEBUG: Logging to WandB - epoch: 224, psnr: 28.0459041595459
DEBUG: WandB log_validation called successfully
Total time: 2.01s

[Epoch 225]	Learning rate: 3.85e-5
[40/945]	[L1: 0.0280]	1.5+0.0s
[80/945]	[L1: 0.0269]	1.9+0.0s
[120/945]	[L1: 0.0271]	1.6+0.0s
[160/945]	[L1: 0.0276]	1.5+0.0s
[200/945]	[L1: 0.0273]	1.6+0.0s
[240/945]	[L1: 0.0276]	1.5+0.0s
[280/945]	[L1: 0.0278]	1.7+0.0s
[320/945]	[L1: 0.0278]	1.5+0.0s
[360/945]	[L1: 0.0276]	1.5+0.0s
[400/945]	[L1: 0.0277]	1.6+0.0s
[440/945]	[L1: 0.0276]	1.5+0.0s
[480/945]	[L1: 0.0277]	1.9+0.0s
[520/945]	[L1: 0.0277]	1.5+0.0s
[560/945]	[L1: 0.0278]	1.5+0.0s
[600/945]	[L1: 0.0279]	1.5+0.0s
[640/945]	[L1: 0.0279]	1.5+0.0s
[680/945]	[L1: 0.0278]	1.7+0.0s
[720/945]	[L1: 0.0279]	1.5+0.0s
[760/945]	[L1: 0.0278]	1.6+0.0s
[800/945]	[L1: 0.0278]	1.5+0.0s
[840/945]	[L1: 0.0280]	1.5+0.0s
[880/945]	[L1: 0.0279]	1.8+0.0s
[920/945]	[L1: 0.0281]	1.5+0.0s

Evaluation:
[UCMerced x4]	psnr: 28.070 (Best: 28.091 @epoch 219)
DEBUG: WandB check - hasattr: True, not None: True, idx_scale: 0
DEBUG: Logging to WandB - epoch: 225, psnr: 28.069665908813477
DEBUG: WandB log_validation called successfully
Total time: 2.17s

[Epoch 226]	Learning rate: 3.78e-5
[40/945]	[L1: 0.0267]	1.5+0.0s
[80/945]	[L1: 0.0277]	1.5+0.0s
[120/945]	[L1: 0.0280]	1.6+0.0s
[160/945]	[L1: 0.0283]	1.5+0.0s
[200/945]	[L1: 0.0277]	1.6+0.0s
[240/945]	[L1: 0.0270]	1.5+0.0s
[280/945]	[L1: 0.0276]	1.5+0.0s
[320/945]	[L1: 0.0277]	2.0+0.0s
[360/945]	[L1: 0.0275]	1.5+0.0s
[400/945]	[L1: 0.0277]	1.7+0.0s
[440/945]	[L1: 0.0277]	1.5+0.0s
[480/945]	[L1: 0.0279]	1.5+0.0s
[520/945]	[L1: 0.0277]	1.5+0.0s
[560/945]	[L1: 0.0279]	1.6+0.0s
[600/945]	[L1: 0.0279]	1.5+0.0s
[640/945]	[L1: 0.0278]	1.6+0.0s
[680/945]	[L1: 0.0279]	1.6+0.0s
[720/945]	[L1: 0.0279]	1.9+0.0s
[760/945]	[L1: 0.0279]	1.5+0.0s
[800/945]	[L1: 0.0280]	1.7+0.1s
[840/945]	[L1: 0.0281]	1.5+0.0s
[880/945]	[L1: 0.0280]	1.5+0.0s
[920/945]	[L1: 0.0280]	1.5+0.0s

Evaluation:
[UCMerced x4]	psnr: 28.050 (Best: 28.091 @epoch 219)
DEBUG: WandB check - hasattr: True, not None: True, idx_scale: 0
DEBUG: Logging to WandB - epoch: 226, psnr: 28.049671173095703
DEBUG: WandB log_validation called successfully
Total time: 2.17s

[Epoch 227]	Learning rate: 3.71e-5
[40/945]	[L1: 0.0282]	1.8+0.0s
[80/945]	[L1: 0.0284]	1.5+0.0s
[120/945]	[L1: 0.0283]	1.6+0.0s
[160/945]	[L1: 0.0285]	2.1+0.0s
[200/945]	[L1: 0.0281]	1.6+0.0s
[240/945]	[L1: 0.0284]	1.5+0.0s
[280/945]	[L1: 0.0284]	1.5+0.0s
[320/945]	[L1: 0.0282]	1.6+0.0s
[360/945]	[L1: 0.0280]	1.7+0.0s
[400/945]	[L1: 0.0278]	1.7+0.0s
[440/945]	[L1: 0.0276]	1.5+0.0s
[480/945]	[L1: 0.0278]	1.6+0.0s
[520/945]	[L1: 0.0277]	1.5+0.0s
[560/945]	[L1: 0.0276]	2.1+0.0s
[600/945]	[L1: 0.0276]	1.6+0.0s
[640/945]	[L1: 0.0277]	1.5+0.0s
[680/945]	[L1: 0.0279]	1.5+0.0s
[720/945]	[L1: 0.0279]	1.5+0.0s
[760/945]	[L1: 0.0279]	1.6+0.0s
[800/945]	[L1: 0.0279]	1.5+0.0s
[840/945]	[L1: 0.0280]	1.5+0.0s
[880/945]	[L1: 0.0279]	1.6+0.0s
[920/945]	[L1: 0.0280]	1.8+0.0s

Evaluation:
[UCMerced x4]	psnr: 28.058 (Best: 28.091 @epoch 219)
DEBUG: WandB check - hasattr: True, not None: True, idx_scale: 0
DEBUG: Logging to WandB - epoch: 227, psnr: 28.058223724365234
DEBUG: WandB log_validation called successfully
Total time: 2.04s

[Epoch 228]	Learning rate: 3.64e-5
[40/945]	[L1: 0.0279]	1.9+0.0s
[80/945]	[L1: 0.0293]	1.5+0.0s
[120/945]	[L1: 0.0284]	1.5+0.0s
[160/945]	[L1: 0.0288]	1.5+0.0s
[200/945]	[L1: 0.0282]	1.5+0.0s
[240/945]	[L1: 0.0281]	1.5+0.0s
[280/945]	[L1: 0.0278]	1.6+0.0s
[320/945]	[L1: 0.0280]	1.7+0.0s
[360/945]	[L1: 0.0279]	1.5+0.0s
[400/945]	[L1: 0.0278]	1.5+0.0s
[440/945]	[L1: 0.0278]	1.8+0.0s
[480/945]	[L1: 0.0277]	1.5+0.0s
[520/945]	[L1: 0.0278]	1.5+0.0s
[560/945]	[L1: 0.0281]	1.5+0.0s
[600/945]	[L1: 0.0279]	1.5+0.0s
[640/945]	[L1: 0.0278]	1.5+0.0s
[680/945]	[L1: 0.0278]	1.5+0.0s
[720/945]	[L1: 0.0277]	1.7+0.0s
[760/945]	[L1: 0.0278]	1.6+0.0s
[800/945]	[L1: 0.0279]	1.5+0.0s
[840/945]	[L1: 0.0279]	1.8+0.0s
[880/945]	[L1: 0.0279]	1.5+0.0s
[920/945]	[L1: 0.0280]	1.5+0.0s

Evaluation:
[UCMerced x4]	psnr: 28.056 (Best: 28.091 @epoch 219)
DEBUG: WandB check - hasattr: True, not None: True, idx_scale: 0
DEBUG: Logging to WandB - epoch: 228, psnr: 28.056316375732422
DEBUG: WandB log_validation called successfully
Total time: 2.01s

[Epoch 229]	Learning rate: 3.57e-5
[40/945]	[L1: 0.0264]	1.7+0.0s
[80/945]	[L1: 0.0267]	1.6+0.0s
[120/945]	[L1: 0.0267]	1.5+0.0s
[160/945]	[L1: 0.0271]	1.5+0.0s
[200/945]	[L1: 0.0275]	1.5+0.0s
[240/945]	[L1: 0.0274]	1.5+0.0s
[280/945]	[L1: 0.0273]	1.9+0.0s
[320/945]	[L1: 0.0272]	1.5+0.0s
[360/945]	[L1: 0.0275]	1.5+0.0s
[400/945]	[L1: 0.0281]	1.5+0.0s
[440/945]	[L1: 0.0282]	1.7+0.0s
[480/945]	[L1: 0.0283]	1.5+0.0s
[520/945]	[L1: 0.0282]	1.5+0.0s
[560/945]	[L1: 0.0279]	1.6+0.0s
[600/945]	[L1: 0.0280]	1.5+0.0s
[640/945]	[L1: 0.0280]	1.5+0.0s
[680/945]	[L1: 0.0280]	1.9+0.0s
[720/945]	[L1: 0.0280]	1.5+0.0s
[760/945]	[L1: 0.0280]	1.5+0.0s
[800/945]	[L1: 0.0280]	1.5+0.0s
[840/945]	[L1: 0.0280]	1.7+0.0s
[880/945]	[L1: 0.0280]	1.6+0.0s
[920/945]	[L1: 0.0279]	1.6+0.0s

Evaluation:
[UCMerced x4]	psnr: 28.067 (Best: 28.091 @epoch 219)
DEBUG: WandB check - hasattr: True, not None: True, idx_scale: 0
DEBUG: Logging to WandB - epoch: 229, psnr: 28.06734848022461
DEBUG: WandB log_validation called successfully
Total time: 2.01s

[Epoch 230]	Learning rate: 3.51e-5
[40/945]	[L1: 0.0256]	1.5+0.0s
[80/945]	[L1: 0.0267]	1.5+0.0s
[120/945]	[L1: 0.0274]	1.8+0.0s
[160/945]	[L1: 0.0276]	1.5+0.0s
[200/945]	[L1: 0.0277]	1.7+0.0s
[240/945]	[L1: 0.0277]	1.5+0.0s
[280/945]	[L1: 0.0278]	1.7+0.0s
[320/945]	[L1: 0.0276]	1.7+0.0s
[360/945]	[L1: 0.0278]	1.6+0.0s
[400/945]	[L1: 0.0280]	1.6+0.0s
[440/945]	[L1: 0.0281]	1.5+0.0s
[480/945]	[L1: 0.0284]	1.5+0.0s
[520/945]	[L1: 0.0282]	2.0+0.0s
[560/945]	[L1: 0.0281]	1.5+0.0s
[600/945]	[L1: 0.0282]	1.7+0.0s
[640/945]	[L1: 0.0280]	1.5+0.0s
[680/945]	[L1: 0.0279]	1.5+0.0s
[720/945]	[L1: 0.0279]	1.9+0.0s
[760/945]	[L1: 0.0278]	1.7+0.0s
[800/945]	[L1: 0.0279]	1.7+0.0s
[840/945]	[L1: 0.0279]	1.7+0.0s
[880/945]	[L1: 0.0279]	1.7+0.0s
[920/945]	[L1: 0.0280]	2.1+0.0s

Evaluation:
[UCMerced x4]	psnr: 28.061 (Best: 28.091 @epoch 219)
DEBUG: WandB check - hasattr: True, not None: True, idx_scale: 0
DEBUG: Logging to WandB - epoch: 230, psnr: 28.060754776000977
DEBUG: WandB log_validation called successfully
Total time: 2.17s

[Epoch 231]	Learning rate: 3.44e-5
[40/945]	[L1: 0.0286]	1.5+0.0s
[80/945]	[L1: 0.0287]	1.5+0.0s
[120/945]	[L1: 0.0277]	1.6+0.0s
[160/945]	[L1: 0.0279]	1.8+0.0s
[200/945]	[L1: 0.0283]	1.7+0.0s
[240/945]	[L1: 0.0284]	1.7+0.0s
[280/945]	[L1: 0.0284]	1.7+0.0s
[320/945]	[L1: 0.0283]	1.8+0.0s
[360/945]	[L1: 0.0284]	1.9+0.0s
[400/945]	[L1: 0.0284]	1.5+0.0s
[440/945]	[L1: 0.0283]	1.5+0.0s
[480/945]	[L1: 0.0284]	1.6+0.0s
[520/945]	[L1: 0.0282]	1.5+0.0s
[560/945]	[L1: 0.0283]	1.5+0.0s
[600/945]	[L1: 0.0281]	1.5+0.0s
[640/945]	[L1: 0.0280]	1.5+0.0s
[680/945]	[L1: 0.0281]	1.5+0.0s
[720/945]	[L1: 0.0281]	1.7+0.0s
[760/945]	[L1: 0.0280]	1.8+0.0s
[800/945]	[L1: 0.0279]	1.5+0.0s
[840/945]	[L1: 0.0279]	1.5+0.0s
[880/945]	[L1: 0.0279]	1.5+0.0s
[920/945]	[L1: 0.0279]	1.5+0.0s

Evaluation:
[UCMerced x4]	psnr: 28.068 (Best: 28.091 @epoch 219)
DEBUG: WandB check - hasattr: True, not None: True, idx_scale: 0
DEBUG: Logging to WandB - epoch: 231, psnr: 28.068031311035156
DEBUG: WandB log_validation called successfully
Total time: 2.13s

[Epoch 232]	Learning rate: 3.37e-5
[40/945]	[L1: 0.0271]	1.7+0.0s
[80/945]	[L1: 0.0287]	1.9+0.0s
[120/945]	[L1: 0.0285]	1.6+0.0s
[160/945]	[L1: 0.0281]	1.6+0.0s
[200/945]	[L1: 0.0278]	1.5+0.0s
[240/945]	[L1: 0.0275]	1.9+0.0s
[280/945]	[L1: 0.0276]	1.5+0.0s
[320/945]	[L1: 0.0277]	1.5+0.0s
[360/945]	[L1: 0.0277]	1.5+0.0s
[400/945]	[L1: 0.0274]	1.6+0.0s
[440/945]	[L1: 0.0274]	1.5+0.0s
[480/945]	[L1: 0.0274]	1.7+0.0s
[520/945]	[L1: 0.0277]	1.5+0.0s
[560/945]	[L1: 0.0277]	1.5+0.0s
[600/945]	[L1: 0.0277]	1.5+0.0s
[640/945]	[L1: 0.0277]	1.8+0.0s
[680/945]	[L1: 0.0278]	1.5+0.0s
[720/945]	[L1: 0.0278]	1.5+0.0s
[760/945]	[L1: 0.0277]	1.5+0.0s
[800/945]	[L1: 0.0280]	1.6+0.0s
[840/945]	[L1: 0.0280]	1.5+0.0s
[880/945]	[L1: 0.0280]	1.7+0.0s
[920/945]	[L1: 0.0280]	1.6+0.0s

Evaluation:
[UCMerced x4]	psnr: 28.083 (Best: 28.091 @epoch 219)
DEBUG: WandB check - hasattr: True, not None: True, idx_scale: 0
DEBUG: Logging to WandB - epoch: 232, psnr: 28.083438873291016
DEBUG: WandB log_validation called successfully
Total time: 2.12s

[Epoch 233]	Learning rate: 3.31e-5
[40/945]	[L1: 0.0270]	1.7+0.0s
[80/945]	[L1: 0.0265]	2.0+0.0s
[120/945]	[L1: 0.0269]	1.5+0.0s
[160/945]	[L1: 0.0270]	1.5+0.0s
[200/945]	[L1: 0.0275]	1.5+0.0s
[240/945]	[L1: 0.0280]	1.7+0.0s
[280/945]	[L1: 0.0280]	1.5+0.0s
[320/945]	[L1: 0.0283]	1.5+0.0s
[360/945]	[L1: 0.0281]	1.5+0.0s
[400/945]	[L1: 0.0282]	1.5+0.0s
[440/945]	[L1: 0.0279]	1.6+0.0s
[480/945]	[L1: 0.0276]	2.0+0.0s
[520/945]	[L1: 0.0277]	1.5+0.0s
[560/945]	[L1: 0.0278]	1.5+0.0s
[600/945]	[L1: 0.0280]	1.5+0.0s
[640/945]	[L1: 0.0279]	1.7+0.0s
[680/945]	[L1: 0.0280]	1.6+0.0s
[720/945]	[L1: 0.0281]	1.6+0.0s
[760/945]	[L1: 0.0280]	1.6+0.0s
[800/945]	[L1: 0.0279]	1.5+0.0s
[840/945]	[L1: 0.0279]	1.6+0.0s
[880/945]	[L1: 0.0278]	2.0+0.0s
[920/945]	[L1: 0.0280]	1.6+0.0s

Evaluation:
[UCMerced x4]	psnr: 28.077 (Best: 28.091 @epoch 219)
DEBUG: WandB check - hasattr: True, not None: True, idx_scale: 0
DEBUG: Logging to WandB - epoch: 233, psnr: 28.07655143737793
DEBUG: WandB log_validation called successfully
Total time: 2.15s

[Epoch 234]	Learning rate: 3.24e-5
[40/945]	[L1: 0.0281]	1.6+0.0s
[80/945]	[L1: 0.0274]	1.8+0.0s
[120/945]	[L1: 0.0275]	1.9+0.0s
[160/945]	[L1: 0.0279]	1.7+0.0s
[200/945]	[L1: 0.0277]	1.7+0.0s
[240/945]	[L1: 0.0275]	1.7+0.0s
[280/945]	[L1: 0.0273]	1.8+0.0s
[320/945]	[L1: 0.0274]	2.1+0.0s
[360/945]	[L1: 0.0275]	1.9+0.0s
[400/945]	[L1: 0.0273]	1.7+0.0s
[440/945]	[L1: 0.0273]	1.5+0.0s
[480/945]	[L1: 0.0274]	1.5+0.0s
[520/945]	[L1: 0.0276]	1.5+0.0s
[560/945]	[L1: 0.0276]	1.5+0.0s
[600/945]	[L1: 0.0277]	1.5+0.0s
[640/945]	[L1: 0.0275]	1.5+0.0s
[680/945]	[L1: 0.0275]	1.5+0.0s
[720/945]	[L1: 0.0276]	1.9+0.0s
[760/945]	[L1: 0.0276]	1.7+0.0s
[800/945]	[L1: 0.0277]	1.5+0.0s
[840/945]	[L1: 0.0277]	1.5+0.0s
[880/945]	[L1: 0.0277]	1.5+0.0s
[920/945]	[L1: 0.0279]	1.5+0.0s

Evaluation:
[UCMerced x4]	psnr: 28.067 (Best: 28.091 @epoch 219)
DEBUG: WandB check - hasattr: True, not None: True, idx_scale: 0
DEBUG: Logging to WandB - epoch: 234, psnr: 28.06684112548828
DEBUG: WandB log_validation called successfully
Total time: 2.02s

[Epoch 235]	Learning rate: 3.18e-5
[40/945]	[L1: 0.0284]	1.5+0.0s
[80/945]	[L1: 0.0294]	1.5+0.0s
[120/945]	[L1: 0.0284]	1.7+0.0s
[160/945]	[L1: 0.0281]	1.5+0.0s
[200/945]	[L1: 0.0280]	1.8+0.0s
[240/945]	[L1: 0.0280]	1.6+0.0s
[280/945]	[L1: 0.0278]	1.6+0.0s
[320/945]	[L1: 0.0279]	1.6+0.0s
[360/945]	[L1: 0.0282]	1.6+0.0s
[400/945]	[L1: 0.0282]	1.6+0.0s
[440/945]	[L1: 0.0280]	1.6+0.0s
[480/945]	[L1: 0.0280]	1.7+0.0s
[520/945]	[L1: 0.0280]	2.1+0.0s
[560/945]	[L1: 0.0279]	1.8+0.1s
[600/945]	[L1: 0.0279]	2.1+0.0s
[640/945]	[L1: 0.0278]	1.6+0.0s
[680/945]	[L1: 0.0279]	1.5+0.0s
[720/945]	[L1: 0.0280]	1.6+0.0s
[760/945]	[L1: 0.0279]	1.6+0.0s
[800/945]	[L1: 0.0280]	1.5+0.0s
[840/945]	[L1: 0.0280]	1.6+0.0s
[880/945]	[L1: 0.0280]	1.5+0.0s
[920/945]	[L1: 0.0280]	1.7+0.0s

Evaluation:
[UCMerced x4]	psnr: 28.082 (Best: 28.091 @epoch 219)
DEBUG: WandB check - hasattr: True, not None: True, idx_scale: 0
DEBUG: Logging to WandB - epoch: 235, psnr: 28.08188247680664
DEBUG: WandB log_validation called successfully
Total time: 2.16s

[Epoch 236]	Learning rate: 3.12e-5
[40/945]	[L1: 0.0279]	1.8+0.0s
[80/945]	[L1: 0.0266]	1.6+0.0s
[120/945]	[L1: 0.0276]	1.5+0.0s
[160/945]	[L1: 0.0270]	1.6+0.0s
[200/945]	[L1: 0.0279]	1.6+0.0s
[240/945]	[L1: 0.0279]	1.8+0.0s
[280/945]	[L1: 0.0279]	1.6+0.0s
[320/945]	[L1: 0.0277]	1.6+0.0s
[360/945]	[L1: 0.0275]	1.6+0.0s
[400/945]	[L1: 0.0276]	1.6+0.0s
[440/945]	[L1: 0.0281]	1.9+0.0s
[480/945]	[L1: 0.0281]	1.6+0.0s
[520/945]	[L1: 0.0281]	1.5+0.0s
[560/945]	[L1: 0.0279]	1.6+0.0s
[600/945]	[L1: 0.0279]	1.6+0.0s
[640/945]	[L1: 0.0280]	1.7+0.0s
[680/945]	[L1: 0.0280]	1.6+0.0s
[720/945]	[L1: 0.0281]	1.7+0.0s
[760/945]	[L1: 0.0281]	1.6+0.0s
[800/945]	[L1: 0.0281]	1.5+0.0s
[840/945]	[L1: 0.0281]	2.0+0.0s
[880/945]	[L1: 0.0280]	1.6+0.0s
[920/945]	[L1: 0.0279]	1.6+0.0s

Evaluation:
[UCMerced x4]	psnr: 28.058 (Best: 28.091 @epoch 219)
DEBUG: WandB check - hasattr: True, not None: True, idx_scale: 0
DEBUG: Logging to WandB - epoch: 236, psnr: 28.05784034729004
DEBUG: WandB log_validation called successfully
Total time: 2.36s

[Epoch 237]	Learning rate: 3.05e-5
[40/945]	[L1: 0.0289]	1.7+0.0s
[80/945]	[L1: 0.0267]	1.6+0.0s
[120/945]	[L1: 0.0271]	1.5+0.0s
[160/945]	[L1: 0.0269]	1.5+0.0s
[200/945]	[L1: 0.0277]	1.5+0.0s
[240/945]	[L1: 0.0281]	1.5+0.0s
[280/945]	[L1: 0.0282]	2.0+0.0s
[320/945]	[L1: 0.0279]	1.5+0.0s
[360/945]	[L1: 0.0278]	1.6+0.1s
[400/945]	[L1: 0.0278]	1.7+0.0s
[440/945]	[L1: 0.0278]	1.5+0.0s
[480/945]	[L1: 0.0278]	1.6+0.0s
[520/945]	[L1: 0.0279]	1.7+0.0s
[560/945]	[L1: 0.0278]	1.6+0.0s
[600/945]	[L1: 0.0279]	1.5+0.0s
[640/945]	[L1: 0.0279]	1.5+0.0s
[680/945]	[L1: 0.0278]	2.0+0.0s
[720/945]	[L1: 0.0279]	1.6+0.0s
[760/945]	[L1: 0.0280]	1.5+0.0s
[800/945]	[L1: 0.0279]	1.7+0.0s
[840/945]	[L1: 0.0278]	1.6+0.0s
[880/945]	[L1: 0.0279]	1.5+0.0s
[920/945]	[L1: 0.0280]	1.5+0.0s

Evaluation:
[UCMerced x4]	psnr: 28.064 (Best: 28.091 @epoch 219)
DEBUG: WandB check - hasattr: True, not None: True, idx_scale: 0
DEBUG: Logging to WandB - epoch: 237, psnr: 28.063655853271484
DEBUG: WandB log_validation called successfully
Total time: 2.02s

[Epoch 238]	Learning rate: 2.99e-5
[40/945]	[L1: 0.0253]	1.5+0.0s
[80/945]	[L1: 0.0276]	1.6+0.0s
[120/945]	[L1: 0.0278]	1.5+0.0s
[160/945]	[L1: 0.0280]	2.0+0.0s
[200/945]	[L1: 0.0278]	1.5+0.0s
[240/945]	[L1: 0.0278]	1.7+0.0s
[280/945]	[L1: 0.0280]	1.6+0.0s
[320/945]	[L1: 0.0279]	1.5+0.0s
[360/945]	[L1: 0.0276]	1.6+0.0s
[400/945]	[L1: 0.0278]	1.5+0.0s
[440/945]	[L1: 0.0278]	1.6+0.0s
[480/945]	[L1: 0.0277]	1.6+0.0s
[520/945]	[L1: 0.0279]	1.6+0.0s
[560/945]	[L1: 0.0279]	2.1+0.0s
[600/945]	[L1: 0.0278]	1.5+0.0s
[640/945]	[L1: 0.0278]	1.6+0.0s
[680/945]	[L1: 0.0279]	1.5+0.0s
[720/945]	[L1: 0.0279]	1.7+0.0s
[760/945]	[L1: 0.0279]	1.6+0.0s
[800/945]	[L1: 0.0278]	1.5+0.0s
[840/945]	[L1: 0.0278]	1.6+0.0s
[880/945]	[L1: 0.0279]	1.5+0.0s
[920/945]	[L1: 0.0279]	1.7+0.0s

Evaluation:
[UCMerced x4]	psnr: 28.072 (Best: 28.091 @epoch 219)
DEBUG: WandB check - hasattr: True, not None: True, idx_scale: 0
DEBUG: Logging to WandB - epoch: 238, psnr: 28.072099685668945
DEBUG: WandB log_validation called successfully
Total time: 2.02s

[Epoch 239]	Learning rate: 2.93e-5
[40/945]	[L1: 0.0274]	1.6+0.0s
[80/945]	[L1: 0.0266]	1.7+0.0s
[120/945]	[L1: 0.0263]	1.6+0.0s
[160/945]	[L1: 0.0270]	1.5+0.0s
[200/945]	[L1: 0.0273]	1.6+0.0s
[240/945]	[L1: 0.0277]	1.5+0.0s
[280/945]	[L1: 0.0274]	1.7+0.0s
[320/945]	[L1: 0.0275]	1.5+0.0s
[360/945]	[L1: 0.0275]	1.5+0.0s
[400/945]	[L1: 0.0274]	1.9+0.0s
[440/945]	[L1: 0.0277]	1.5+0.0s
[480/945]	[L1: 0.0278]	1.5+0.0s
[520/945]	[L1: 0.0275]	1.6+0.0s
[560/945]	[L1: 0.0275]	1.5+0.0s
[600/945]	[L1: 0.0274]	1.5+0.0s
[640/945]	[L1: 0.0278]	1.6+0.0s
[680/945]	[L1: 0.0277]	1.8+0.0s
[720/945]	[L1: 0.0278]	1.7+0.0s
[760/945]	[L1: 0.0278]	1.7+0.0s
[800/945]	[L1: 0.0279]	2.1+0.0s
[840/945]	[L1: 0.0279]	1.6+0.0s
[880/945]	[L1: 0.0278]	1.6+0.0s
[920/945]	[L1: 0.0278]	1.6+0.0s

Evaluation:
[UCMerced x4]	psnr: 28.070 (Best: 28.091 @epoch 219)
DEBUG: WandB check - hasattr: True, not None: True, idx_scale: 0
DEBUG: Logging to WandB - epoch: 239, psnr: 28.069562911987305
DEBUG: WandB log_validation called successfully
Total time: 2.02s

[Epoch 240]	Learning rate: 2.87e-5
[40/945]	[L1: 0.0273]	1.7+0.0s
[80/945]	[L1: 0.0263]	1.6+0.0s
[120/945]	[L1: 0.0273]	1.5+0.0s
[160/945]	[L1: 0.0283]	1.6+0.0s
[200/945]	[L1: 0.0289]	1.5+0.0s
[240/945]	[L1: 0.0288]	2.2+0.0s
[280/945]	[L1: 0.0288]	1.7+0.0s
[320/945]	[L1: 0.0285]	1.7+0.0s
[360/945]	[L1: 0.0283]	1.9+0.0s
[400/945]	[L1: 0.0281]	1.5+0.0s
[440/945]	[L1: 0.0280]	1.7+0.0s
[480/945]	[L1: 0.0278]	1.6+0.0s
[520/945]	[L1: 0.0278]	1.5+0.0s
[560/945]	[L1: 0.0276]	1.5+0.0s
[600/945]	[L1: 0.0278]	1.5+0.1s
[640/945]	[L1: 0.0277]	1.9+0.0s
[680/945]	[L1: 0.0277]	1.5+0.0s
[720/945]	[L1: 0.0277]	1.7+0.0s
[760/945]	[L1: 0.0276]	1.7+0.0s
[800/945]	[L1: 0.0277]	1.7+0.0s
[840/945]	[L1: 0.0278]	1.7+0.0s
[880/945]	[L1: 0.0279]	1.5+0.0s
[920/945]	[L1: 0.0279]	1.5+0.0s

Evaluation:
[UCMerced x4]	psnr: 28.067 (Best: 28.091 @epoch 219)
DEBUG: WandB check - hasattr: True, not None: True, idx_scale: 0
DEBUG: Logging to WandB - epoch: 240, psnr: 28.067134857177734
DEBUG: WandB log_validation called successfully
Total time: 2.01s

[Epoch 241]	Learning rate: 2.81e-5
[40/945]	[L1: 0.0253]	1.5+0.0s
[80/945]	[L1: 0.0265]	1.9+0.0s
[120/945]	[L1: 0.0277]	1.5+0.0s
[160/945]	[L1: 0.0285]	1.7+0.0s
[200/945]	[L1: 0.0283]	1.5+0.0s
[240/945]	[L1: 0.0284]	1.5+0.0s
[280/945]	[L1: 0.0282]	1.5+0.0s
[320/945]	[L1: 0.0280]	1.5+0.0s
[360/945]	[L1: 0.0279]	1.5+0.0s
[400/945]	[L1: 0.0279]	1.5+0.0s
[440/945]	[L1: 0.0281]	1.5+0.0s
[480/945]	[L1: 0.0282]	1.9+0.0s
[520/945]	[L1: 0.0280]	1.6+0.0s
[560/945]	[L1: 0.0278]	1.9+0.0s
[600/945]	[L1: 0.0278]	1.7+0.0s
[640/945]	[L1: 0.0280]	1.5+0.0s
[680/945]	[L1: 0.0281]	1.5+0.0s
[720/945]	[L1: 0.0281]	1.5+0.0s
[760/945]	[L1: 0.0281]	1.5+0.0s
[800/945]	[L1: 0.0280]	1.5+0.0s
[840/945]	[L1: 0.0280]	1.5+0.0s
[880/945]	[L1: 0.0280]	1.8+0.0s
[920/945]	[L1: 0.0280]	1.5+0.0s

Evaluation:
[UCMerced x4]	psnr: 28.041 (Best: 28.091 @epoch 219)
DEBUG: WandB check - hasattr: True, not None: True, idx_scale: 0
DEBUG: Logging to WandB - epoch: 241, psnr: 28.040769577026367
DEBUG: WandB log_validation called successfully
Total time: 2.15s

[Epoch 242]	Learning rate: 2.76e-5
[40/945]	[L1: 0.0300]	1.5+0.0s
[80/945]	[L1: 0.0272]	1.5+0.0s
[120/945]	[L1: 0.0268]	1.5+0.0s
[160/945]	[L1: 0.0272]	1.5+0.0s
[200/945]	[L1: 0.0273]	1.5+0.0s
[240/945]	[L1: 0.0273]	1.6+0.0s
[280/945]	[L1: 0.0278]	1.5+0.0s
[320/945]	[L1: 0.0277]	1.7+0.0s
[360/945]	[L1: 0.0280]	1.9+0.0s
[400/945]	[L1: 0.0281]	1.5+0.0s
[440/945]	[L1: 0.0280]	1.6+0.0s
[480/945]	[L1: 0.0278]	1.7+0.0s
[520/945]	[L1: 0.0278]	1.7+0.0s
[560/945]	[L1: 0.0279]	1.6+0.0s
[600/945]	[L1: 0.0279]	1.6+0.0s
[640/945]	[L1: 0.0278]	1.5+0.0s
[680/945]	[L1: 0.0280]	1.5+0.0s
[720/945]	[L1: 0.0279]	1.7+0.0s
[760/945]	[L1: 0.0277]	2.0+0.0s
[800/945]	[L1: 0.0277]	1.8+0.0s
[840/945]	[L1: 0.0277]	1.5+0.0s
[880/945]	[L1: 0.0276]	1.5+0.0s
[920/945]	[L1: 0.0278]	1.5+0.0s

Evaluation:
[UCMerced x4]	psnr: 28.069 (Best: 28.091 @epoch 219)
DEBUG: WandB check - hasattr: True, not None: True, idx_scale: 0
DEBUG: Logging to WandB - epoch: 242, psnr: 28.068748474121094
DEBUG: WandB log_validation called successfully
Total time: 2.05s

[Epoch 243]	Learning rate: 2.70e-5
[40/945]	[L1: 0.0275]	1.5+0.0s
[80/945]	[L1: 0.0269]	1.7+0.0s
[120/945]	[L1: 0.0283]	1.5+0.0s
[160/945]	[L1: 0.0278]	1.6+0.0s
[200/945]	[L1: 0.0277]	2.0+0.0s
[240/945]	[L1: 0.0275]	1.5+0.0s
[280/945]	[L1: 0.0277]	1.6+0.0s
[320/945]	[L1: 0.0276]	1.5+0.0s
[360/945]	[L1: 0.0275]	1.6+0.0s
[400/945]	[L1: 0.0274]	1.5+0.0s
[440/945]	[L1: 0.0272]	1.7+0.0s
[480/945]	[L1: 0.0274]	1.9+0.0s
[520/945]	[L1: 0.0276]	1.8+0.0s
[560/945]	[L1: 0.0275]	1.6+0.0s
[600/945]	[L1: 0.0274]	1.9+0.0s
[640/945]	[L1: 0.0275]	1.5+0.0s
[680/945]	[L1: 0.0274]	1.5+0.0s
[720/945]	[L1: 0.0274]	1.5+0.0s
[760/945]	[L1: 0.0276]	1.6+0.0s
[800/945]	[L1: 0.0276]	1.6+0.0s
[840/945]	[L1: 0.0276]	1.6+0.0s
[880/945]	[L1: 0.0277]	1.7+0.0s
[920/945]	[L1: 0.0278]	1.6+0.0s

Evaluation:
[UCMerced x4]	psnr: 28.082 (Best: 28.091 @epoch 219)
DEBUG: WandB check - hasattr: True, not None: True, idx_scale: 0
DEBUG: Logging to WandB - epoch: 243, psnr: 28.082229614257812
DEBUG: WandB log_validation called successfully
Total time: 2.02s

[Epoch 244]	Learning rate: 2.64e-5
[40/945]	[L1: 0.0265]	1.9+0.0s
[80/945]	[L1: 0.0266]	1.7+0.0s
[120/945]	[L1: 0.0272]	1.6+0.0s
[160/945]	[L1: 0.0278]	1.6+0.0s
[200/945]	[L1: 0.0282]	1.8+0.0s
[240/945]	[L1: 0.0282]	1.6+0.0s
[280/945]	[L1: 0.0279]	1.7+0.0s
[320/945]	[L1: 0.0281]	1.7+0.0s
[360/945]	[L1: 0.0278]	1.7+0.0s
[400/945]	[L1: 0.0279]	1.7+0.0s
[440/945]	[L1: 0.0279]	1.9+0.0s
[480/945]	[L1: 0.0278]	1.5+0.0s
[520/945]	[L1: 0.0276]	1.5+0.0s
[560/945]	[L1: 0.0277]	1.5+0.0s
[600/945]	[L1: 0.0277]	1.7+0.0s
[640/945]	[L1: 0.0277]	1.5+0.0s
[680/945]	[L1: 0.0277]	1.6+0.0s
[720/945]	[L1: 0.0279]	1.8+0.0s
[760/945]	[L1: 0.0280]	1.8+0.0s
[800/945]	[L1: 0.0279]	1.7+0.0s
[840/945]	[L1: 0.0278]	2.1+0.0s
[880/945]	[L1: 0.0279]	1.7+0.0s
[920/945]	[L1: 0.0278]	1.5+0.0s

Evaluation:
[UCMerced x4]	psnr: 28.073 (Best: 28.091 @epoch 219)
DEBUG: WandB check - hasattr: True, not None: True, idx_scale: 0
DEBUG: Logging to WandB - epoch: 244, psnr: 28.073280334472656
DEBUG: WandB log_validation called successfully
Total time: 2.18s

[Epoch 245]	Learning rate: 2.59e-5
[40/945]	[L1: 0.0283]	1.5+0.0s
[80/945]	[L1: 0.0297]	1.5+0.0s
[120/945]	[L1: 0.0297]	1.5+0.0s
[160/945]	[L1: 0.0296]	1.5+0.0s
[200/945]	[L1: 0.0294]	1.5+0.0s
[240/945]	[L1: 0.0287]	1.5+0.0s
[280/945]	[L1: 0.0285]	1.5+0.0s
[320/945]	[L1: 0.0280]	2.0+0.0s
[360/945]	[L1: 0.0279]	1.7+0.0s
[400/945]	[L1: 0.0280]	1.5+0.0s
[440/945]	[L1: 0.0281]	1.6+0.0s
[480/945]	[L1: 0.0280]	1.5+0.0s
[520/945]	[L1: 0.0280]	1.5+0.0s
[560/945]	[L1: 0.0281]	1.5+0.0s
[600/945]	[L1: 0.0279]	1.5+0.0s
[640/945]	[L1: 0.0280]	1.6+0.0s
[680/945]	[L1: 0.0280]	1.5+0.0s
[720/945]	[L1: 0.0279]	2.1+0.0s
[760/945]	[L1: 0.0280]	1.7+0.0s
[800/945]	[L1: 0.0280]	1.7+0.0s
[840/945]	[L1: 0.0281]	1.5+0.0s
[880/945]	[L1: 0.0279]	1.5+0.0s
[920/945]	[L1: 0.0278]	1.6+0.0s

Evaluation:
[UCMerced x4]	psnr: 28.073 (Best: 28.091 @epoch 219)
DEBUG: WandB check - hasattr: True, not None: True, idx_scale: 0
DEBUG: Logging to WandB - epoch: 245, psnr: 28.072574615478516
DEBUG: WandB log_validation called successfully
Total time: 2.02s

[Epoch 246]	Learning rate: 2.53e-5
[40/945]	[L1: 0.0264]	1.5+0.0s
[80/945]	[L1: 0.0273]	1.7+0.0s
[120/945]	[L1: 0.0273]	1.7+0.0s
[160/945]	[L1: 0.0275]	2.0+0.0s
[200/945]	[L1: 0.0271]	1.7+0.0s
[240/945]	[L1: 0.0277]	1.6+0.0s
[280/945]	[L1: 0.0276]	1.7+0.0s
[320/945]	[L1: 0.0276]	1.6+0.0s
[360/945]	[L1: 0.0278]	1.8+0.0s
[400/945]	[L1: 0.0278]	1.7+0.0s
[440/945]	[L1: 0.0276]	1.6+0.0s
[480/945]	[L1: 0.0279]	1.7+0.0s
[520/945]	[L1: 0.0279]	1.6+0.0s
[560/945]	[L1: 0.0281]	2.0+0.0s
[600/945]	[L1: 0.0280]	1.7+0.0s
[640/945]	[L1: 0.0278]	1.5+0.0s
[680/945]	[L1: 0.0279]	1.6+0.0s
[720/945]	[L1: 0.0279]	1.5+0.0s
[760/945]	[L1: 0.0279]	1.5+0.0s
[800/945]	[L1: 0.0279]	1.5+0.0s
[840/945]	[L1: 0.0280]	1.6+0.0s
[880/945]	[L1: 0.0279]	1.7+0.0s
[920/945]	[L1: 0.0279]	1.7+0.0s

Evaluation:
[UCMerced x4]	psnr: 28.081 (Best: 28.091 @epoch 219)
DEBUG: WandB check - hasattr: True, not None: True, idx_scale: 0
DEBUG: Logging to WandB - epoch: 246, psnr: 28.08121109008789
DEBUG: WandB log_validation called successfully
Total time: 2.02s

[Epoch 247]	Learning rate: 2.48e-5
[40/945]	[L1: 0.0274]	1.6+0.0s
[80/945]	[L1: 0.0271]	1.7+0.0s
[120/945]	[L1: 0.0287]	1.7+0.0s
[160/945]	[L1: 0.0281]	1.9+0.0s
[200/945]	[L1: 0.0275]	1.7+0.0s
[240/945]	[L1: 0.0282]	1.9+0.0s
[280/945]	[L1: 0.0283]	1.7+0.0s
[320/945]	[L1: 0.0283]	1.7+0.0s
[360/945]	[L1: 0.0282]	1.7+0.0s
[400/945]	[L1: 0.0279]	2.1+0.0s
[440/945]	[L1: 0.0281]	1.7+0.0s
[480/945]	[L1: 0.0280]	1.7+0.0s
[520/945]	[L1: 0.0279]	1.7+0.0s
[560/945]	[L1: 0.0277]	1.6+0.0s
[600/945]	[L1: 0.0276]	1.7+0.0s
[640/945]	[L1: 0.0277]	1.9+0.0s
[680/945]	[L1: 0.0276]	1.6+0.0s
[720/945]	[L1: 0.0276]	1.5+0.0s
[760/945]	[L1: 0.0276]	1.6+0.0s
[800/945]	[L1: 0.0277]	2.0+0.0s
[840/945]	[L1: 0.0276]	1.5+0.0s
[880/945]	[L1: 0.0276]	1.5+0.0s
[920/945]	[L1: 0.0278]	1.5+0.0s

Evaluation:
[UCMerced x4]	psnr: 28.074 (Best: 28.091 @epoch 219)
DEBUG: WandB check - hasattr: True, not None: True, idx_scale: 0
DEBUG: Logging to WandB - epoch: 247, psnr: 28.07391929626465
DEBUG: WandB log_validation called successfully
Total time: 2.15s

[Epoch 248]	Learning rate: 2.43e-5
[40/945]	[L1: 0.0255]	1.5+0.0s
[80/945]	[L1: 0.0276]	1.5+0.0s
[120/945]	[L1: 0.0277]	1.5+0.0s
[160/945]	[L1: 0.0276]	1.5+0.0s
[200/945]	[L1: 0.0275]	1.5+0.0s
[240/945]	[L1: 0.0276]	1.5+0.0s
[280/945]	[L1: 0.0279]	1.8+0.0s
[320/945]	[L1: 0.0280]	1.5+0.0s
[360/945]	[L1: 0.0282]	1.6+0.0s
[400/945]	[L1: 0.0284]	1.7+0.0s
[440/945]	[L1: 0.0283]	1.5+0.0s
[480/945]	[L1: 0.0283]	1.5+0.0s
[520/945]	[L1: 0.0281]	1.5+0.0s
[560/945]	[L1: 0.0283]	1.5+0.0s
[600/945]	[L1: 0.0282]	1.5+0.0s
[640/945]	[L1: 0.0280]	1.5+0.0s
[680/945]	[L1: 0.0280]	1.9+0.0s
[720/945]	[L1: 0.0282]	1.5+0.0s
[760/945]	[L1: 0.0281]	1.5+0.0s
[800/945]	[L1: 0.0280]	1.7+0.0s
[840/945]	[L1: 0.0281]	1.6+0.0s
[880/945]	[L1: 0.0281]	1.5+0.0s
[920/945]	[L1: 0.0280]	1.6+0.0s

Evaluation:
[UCMerced x4]	psnr: 28.068 (Best: 28.091 @epoch 219)
DEBUG: WandB check - hasattr: True, not None: True, idx_scale: 0
DEBUG: Logging to WandB - epoch: 248, psnr: 28.0677547454834
DEBUG: WandB log_validation called successfully
Total time: 2.01s

[Epoch 249]	Learning rate: 2.37e-5
[40/945]	[L1: 0.0288]	1.5+0.0s
[80/945]	[L1: 0.0274]	1.5+0.0s
[120/945]	[L1: 0.0276]	1.9+0.0s
[160/945]	[L1: 0.0274]	1.5+0.0s
[200/945]	[L1: 0.0275]	1.5+0.0s
[240/945]	[L1: 0.0273]	1.6+0.0s
[280/945]	[L1: 0.0272]	1.5+0.0s
[320/945]	[L1: 0.0270]	1.5+0.0s
[360/945]	[L1: 0.0273]	1.5+0.0s
[400/945]	[L1: 0.0276]	1.5+0.0s
[440/945]	[L1: 0.0278]	1.5+0.0s
[480/945]	[L1: 0.0279]	1.6+0.0s
[520/945]	[L1: 0.0278]	2.0+0.0s
[560/945]	[L1: 0.0279]	1.6+0.0s
[600/945]	[L1: 0.0278]	1.5+0.0s
[640/945]	[L1: 0.0277]	1.5+0.0s
[680/945]	[L1: 0.0277]	1.5+0.0s
[720/945]	[L1: 0.0276]	1.6+0.0s
[760/945]	[L1: 0.0279]	1.6+0.0s
[800/945]	[L1: 0.0278]	1.5+0.0s
[840/945]	[L1: 0.0278]	1.5+0.0s
[880/945]	[L1: 0.0278]	1.5+0.0s
[920/945]	[L1: 0.0279]	2.1+0.0s

Evaluation:
[UCMerced x4]	psnr: 28.075 (Best: 28.091 @epoch 219)
DEBUG: WandB check - hasattr: True, not None: True, idx_scale: 0
DEBUG: Logging to WandB - epoch: 249, psnr: 28.075122833251953
DEBUG: WandB log_validation called successfully
Total time: 2.00s

[Epoch 250]	Learning rate: 2.32e-5
[40/945]	[L1: 0.0272]	1.5+0.0s
[80/945]	[L1: 0.0269]	1.5+0.0s
[120/945]	[L1: 0.0267]	1.6+0.0s
[160/945]	[L1: 0.0266]	1.5+0.0s
[200/945]	[L1: 0.0270]	1.5+0.0s
[240/945]	[L1: 0.0272]	1.5+0.0s
[280/945]	[L1: 0.0273]	1.7+0.0s
[320/945]	[L1: 0.0275]	1.6+0.0s
[360/945]	[L1: 0.0274]	2.0+0.0s
[400/945]	[L1: 0.0275]	1.6+0.0s
[440/945]	[L1: 0.0276]	1.5+0.0s
[480/945]	[L1: 0.0278]	1.6+0.0s
[520/945]	[L1: 0.0278]	1.5+0.0s
[560/945]	[L1: 0.0278]	1.6+0.0s
[600/945]	[L1: 0.0279]	1.7+0.0s
[640/945]	[L1: 0.0277]	1.7+0.0s
[680/945]	[L1: 0.0278]	2.0+0.0s
[720/945]	[L1: 0.0278]	1.7+0.0s
[760/945]	[L1: 0.0279]	1.9+0.0s
[800/945]	[L1: 0.0280]	1.5+0.0s
[840/945]	[L1: 0.0278]	1.6+0.0s
[880/945]	[L1: 0.0279]	1.5+0.0s
[920/945]	[L1: 0.0279]	1.5+0.0s

Evaluation:
[UCMerced x4]	psnr: 28.074 (Best: 28.091 @epoch 219)
DEBUG: WandB check - hasattr: True, not None: True, idx_scale: 0
DEBUG: Logging to WandB - epoch: 250, psnr: 28.074216842651367
DEBUG: WandB log_validation called successfully
Total time: 2.16s

💾 Saved step checkpoint at step 59250
[Epoch 251]	Learning rate: 2.27e-5
[40/945]	[L1: 0.0258]	1.5+0.0s
[80/945]	[L1: 0.0265]	1.6+0.0s
[120/945]	[L1: 0.0260]	1.7+0.0s
[160/945]	[L1: 0.0268]	1.7+0.0s
[200/945]	[L1: 0.0271]	2.0+0.0s
[240/945]	[L1: 0.0269]	1.7+0.0s
[280/945]	[L1: 0.0271]	1.5+0.0s
[320/945]	[L1: 0.0269]	1.6+0.0s
[360/945]	[L1: 0.0271]	1.5+0.0s
[400/945]	[L1: 0.0270]	1.9+0.0s
[440/945]	[L1: 0.0271]	1.7+0.0s
[480/945]	[L1: 0.0269]	1.7+0.0s
[520/945]	[L1: 0.0270]	1.7+0.0s
[560/945]	[L1: 0.0272]	1.8+0.0s
[600/945]	[L1: 0.0273]	1.8+0.0s
[640/945]	[L1: 0.0275]	1.6+0.0s
[680/945]	[L1: 0.0274]	1.5+0.0s
[720/945]	[L1: 0.0275]	1.5+0.0s
[760/945]	[L1: 0.0275]	1.5+0.0s
[800/945]	[L1: 0.0277]	1.7+0.0s
[840/945]	[L1: 0.0277]	1.5+0.0s
[880/945]	[L1: 0.0278]	1.5+0.0s
[920/945]	[L1: 0.0278]	1.5+0.0s

Evaluation:
[UCMerced x4]	psnr: 28.079 (Best: 28.091 @epoch 219)
DEBUG: WandB check - hasattr: True, not None: True, idx_scale: 0
DEBUG: Logging to WandB - epoch: 251, psnr: 28.079111099243164
DEBUG: WandB log_validation called successfully
Total time: 2.01s

[Epoch 252]	Learning rate: 2.22e-5
[40/945]	[L1: 0.0289]	1.5+0.0s
[80/945]	[L1: 0.0280]	1.8+0.0s
[120/945]	[L1: 0.0282]	1.5+0.0s
[160/945]	[L1: 0.0278]	1.7+0.0s
[200/945]	[L1: 0.0282]	1.6+0.0s
[240/945]	[L1: 0.0280]	1.5+0.0s
[280/945]	[L1: 0.0278]	1.5+0.0s
[320/945]	[L1: 0.0280]	1.5+0.0s
[360/945]	[L1: 0.0279]	1.5+0.0s
[400/945]	[L1: 0.0282]	1.5+0.0s
[440/945]	[L1: 0.0283]	1.5+0.0s
[480/945]	[L1: 0.0282]	1.8+0.0s
[520/945]	[L1: 0.0280]	1.6+0.0s
[560/945]	[L1: 0.0280]	1.7+0.0s
[600/945]	[L1: 0.0279]	1.5+0.0s
[640/945]	[L1: 0.0277]	1.5+0.0s
[680/945]	[L1: 0.0278]	1.5+0.0s
[720/945]	[L1: 0.0279]	1.5+0.0s
[760/945]	[L1: 0.0278]	1.5+0.0s
[800/945]	[L1: 0.0278]	1.5+0.0s
[840/945]	[L1: 0.0279]	1.5+0.0s
[880/945]	[L1: 0.0279]	1.8+0.0s
[920/945]	[L1: 0.0278]	1.5+0.0s

Evaluation:
[UCMerced x4]	psnr: 28.071 (Best: 28.091 @epoch 219)
DEBUG: WandB check - hasattr: True, not None: True, idx_scale: 0
DEBUG: Logging to WandB - epoch: 252, psnr: 28.071434020996094
DEBUG: WandB log_validation called successfully
Total time: 2.01s

[Epoch 253]	Learning rate: 2.18e-5
[40/945]	[L1: 0.0283]	1.5+0.0s
[80/945]	[L1: 0.0286]	1.6+0.0s
[120/945]	[L1: 0.0284]	1.9+0.0s
[160/945]	[L1: 0.0273]	1.8+0.0s
[200/945]	[L1: 0.0273]	1.8+0.0s
[240/945]	[L1: 0.0275]	1.7+0.0s
[280/945]	[L1: 0.0276]	1.7+0.0s
[320/945]	[L1: 0.0277]	2.3+0.0s
[360/945]	[L1: 0.0279]	1.6+0.0s
[400/945]	[L1: 0.0279]	1.6+0.0s
[440/945]	[L1: 0.0277]	1.5+0.0s
[480/945]	[L1: 0.0278]	1.7+0.0s
[520/945]	[L1: 0.0279]	1.7+0.0s
[560/945]	[L1: 0.0280]	1.6+0.0s
[600/945]	[L1: 0.0278]	1.7+0.0s
[640/945]	[L1: 0.0279]	1.5+0.0s
[680/945]	[L1: 0.0278]	1.6+0.0s
[720/945]	[L1: 0.0279]	2.1+0.0s
[760/945]	[L1: 0.0279]	1.6+0.0s
[800/945]	[L1: 0.0278]	1.6+0.0s
[840/945]	[L1: 0.0279]	1.6+0.0s
[880/945]	[L1: 0.0279]	1.6+0.0s
[920/945]	[L1: 0.0279]	1.6+0.0s

Evaluation:
[UCMerced x4]	psnr: 28.089 (Best: 28.091 @epoch 219)
DEBUG: WandB check - hasattr: True, not None: True, idx_scale: 0
DEBUG: Logging to WandB - epoch: 253, psnr: 28.089235305786133
DEBUG: WandB log_validation called successfully
Total time: 2.08s

[Epoch 254]	Learning rate: 2.13e-5
[40/945]	[L1: 0.0269]	1.9+0.0s
[80/945]	[L1: 0.0273]	1.7+0.0s
[120/945]	[L1: 0.0271]	1.8+0.0s
[160/945]	[L1: 0.0269]	2.1+0.0s
[200/945]	[L1: 0.0275]	1.7+0.0s
[240/945]	[L1: 0.0273]	1.7+0.0s
[280/945]	[L1: 0.0273]	1.7+0.1s
[320/945]	[L1: 0.0276]	1.6+0.0s
[360/945]	[L1: 0.0276]	1.5+0.0s
[400/945]	[L1: 0.0278]	1.6+0.0s
[440/945]	[L1: 0.0276]	1.8+0.0s
[480/945]	[L1: 0.0276]	1.8+0.0s
[520/945]	[L1: 0.0277]	1.7+0.1s
[560/945]	[L1: 0.0277]	2.0+0.0s
[600/945]	[L1: 0.0278]	1.7+0.0s
[640/945]	[L1: 0.0278]	1.7+0.0s
[680/945]	[L1: 0.0278]	1.6+0.0s
[720/945]	[L1: 0.0277]	1.7+0.0s
[760/945]	[L1: 0.0279]	1.9+0.0s
[800/945]	[L1: 0.0280]	1.8+0.0s
[840/945]	[L1: 0.0279]	1.9+0.0s
[880/945]	[L1: 0.0279]	1.6+0.0s
[920/945]	[L1: 0.0278]	1.6+0.0s

Evaluation:
[UCMerced x4]	psnr: 28.082 (Best: 28.091 @epoch 219)
DEBUG: WandB check - hasattr: True, not None: True, idx_scale: 0
DEBUG: Logging to WandB - epoch: 254, psnr: 28.082246780395508
DEBUG: WandB log_validation called successfully
Total time: 2.02s

[Epoch 255]	Learning rate: 2.08e-5
[40/945]	[L1: 0.0273]	2.0+0.0s
[80/945]	[L1: 0.0291]	1.6+0.0s
[120/945]	[L1: 0.0287]	1.7+0.0s
[160/945]	[L1: 0.0284]	1.8+0.1s
[200/945]	[L1: 0.0280]	2.1+0.0s
[240/945]	[L1: 0.0279]	1.8+0.1s
[280/945]	[L1: 0.0282]	1.7+0.0s
[320/945]	[L1: 0.0281]	1.7+0.0s
[360/945]	[L1: 0.0282]	1.7+0.0s
[400/945]	[L1: 0.0283]	1.8+0.0s
[440/945]	[L1: 0.0282]	2.2+0.0s
[480/945]	[L1: 0.0280]	1.8+0.0s
[520/945]	[L1: 0.0278]	1.9+0.0s
[560/945]	[L1: 0.0279]	1.7+0.0s
[600/945]	[L1: 0.0277]	1.9+0.0s
[640/945]	[L1: 0.0277]	1.7+0.0s
[680/945]	[L1: 0.0278]	1.9+0.1s
[720/945]	[L1: 0.0278]	1.8+0.0s
[760/945]	[L1: 0.0279]	1.9+0.1s
[800/945]	[L1: 0.0278]	1.8+0.1s
[840/945]	[L1: 0.0278]	2.4+0.0s
[880/945]	[L1: 0.0278]	1.5+0.0s
[920/945]	[L1: 0.0277]	1.5+0.0s

Evaluation:
[UCMerced x4]	psnr: 28.084 (Best: 28.091 @epoch 219)
DEBUG: WandB check - hasattr: True, not None: True, idx_scale: 0
DEBUG: Logging to WandB - epoch: 255, psnr: 28.084074020385742
DEBUG: WandB log_validation called successfully
Total time: 2.15s

[Epoch 256]	Learning rate: 2.04e-5
[40/945]	[L1: 0.0255]	1.5+0.0s
[80/945]	[L1: 0.0276]	1.7+0.0s
[120/945]	[L1: 0.0280]	1.6+0.0s
[160/945]	[L1: 0.0285]	1.5+0.0s
[200/945]	[L1: 0.0279]	1.5+0.0s
[240/945]	[L1: 0.0278]	1.5+0.0s
[280/945]	[L1: 0.0279]	1.9+0.0s
[320/945]	[L1: 0.0276]	1.7+0.0s
[360/945]	[L1: 0.0276]	1.5+0.0s
[400/945]	[L1: 0.0277]	1.5+0.0s
[440/945]	[L1: 0.0277]	1.6+0.0s
[480/945]	[L1: 0.0279]	1.5+0.0s
[520/945]	[L1: 0.0278]	1.5+0.0s
[560/945]	[L1: 0.0278]	1.5+0.0s
[600/945]	[L1: 0.0278]	1.5+0.0s
[640/945]	[L1: 0.0277]	1.5+0.0s
[680/945]	[L1: 0.0277]	1.8+0.0s
[720/945]	[L1: 0.0276]	1.7+0.0s
[760/945]	[L1: 0.0277]	1.5+0.0s
[800/945]	[L1: 0.0278]	1.7+0.0s
[840/945]	[L1: 0.0279]	1.6+0.0s
[880/945]	[L1: 0.0279]	1.8+0.0s
[920/945]	[L1: 0.0278]	1.7+0.0s

Evaluation:
[UCMerced x4]	psnr: 28.084 (Best: 28.091 @epoch 219)
DEBUG: WandB check - hasattr: True, not None: True, idx_scale: 0
DEBUG: Logging to WandB - epoch: 256, psnr: 28.083505630493164
DEBUG: WandB log_validation called successfully
Total time: 2.16s

[Epoch 257]	Learning rate: 1.99e-5
[40/945]	[L1: 0.0294]	1.6+0.0s
[80/945]	[L1: 0.0285]	1.7+0.0s
[120/945]	[L1: 0.0277]	2.0+0.0s
[160/945]	[L1: 0.0276]	1.6+0.0s
[200/945]	[L1: 0.0278]	1.6+0.0s
[240/945]	[L1: 0.0278]	1.6+0.0s
[280/945]	[L1: 0.0281]	1.6+0.0s
[320/945]	[L1: 0.0277]	1.5+0.0s
[360/945]	[L1: 0.0272]	1.6+0.0s
[400/945]	[L1: 0.0272]	1.6+0.0s
[440/945]	[L1: 0.0272]	1.5+0.0s
[480/945]	[L1: 0.0274]	1.7+0.0s
[520/945]	[L1: 0.0273]	1.9+0.0s
[560/945]	[L1: 0.0275]	1.5+0.0s
[600/945]	[L1: 0.0275]	1.6+0.0s
[640/945]	[L1: 0.0275]	1.6+0.0s
[680/945]	[L1: 0.0274]	1.6+0.0s
[720/945]	[L1: 0.0274]	1.6+0.0s
[760/945]	[L1: 0.0273]	1.6+0.0s
[800/945]	[L1: 0.0275]	1.6+0.0s
[840/945]	[L1: 0.0276]	1.6+0.0s
[880/945]	[L1: 0.0276]	1.7+0.0s
[920/945]	[L1: 0.0278]	1.9+0.0s

Evaluation:
[UCMerced x4]	psnr: 28.066 (Best: 28.091 @epoch 219)
DEBUG: WandB check - hasattr: True, not None: True, idx_scale: 0
DEBUG: Logging to WandB - epoch: 257, psnr: 28.065540313720703
DEBUG: WandB log_validation called successfully
Total time: 2.02s

[Epoch 258]	Learning rate: 1.95e-5
[40/945]	[L1: 0.0274]	1.5+0.0s
[80/945]	[L1: 0.0281]	1.5+0.0s
[120/945]	[L1: 0.0281]	1.6+0.0s
[160/945]	[L1: 0.0280]	1.6+0.0s
[200/945]	[L1: 0.0286]	1.8+0.0s
[240/945]	[L1: 0.0280]	1.7+0.0s
[280/945]	[L1: 0.0277]	1.6+0.0s
[320/945]	[L1: 0.0277]	1.7+0.0s
[360/945]	[L1: 0.0275]	1.6+0.0s
[400/945]	[L1: 0.0274]	1.9+0.1s
[440/945]	[L1: 0.0275]	1.5+0.0s
[480/945]	[L1: 0.0276]	1.6+0.0s
[520/945]	[L1: 0.0277]	1.5+0.0s
[560/945]	[L1: 0.0277]	1.6+0.0s
[600/945]	[L1: 0.0277]	1.6+0.0s
[640/945]	[L1: 0.0277]	1.8+0.0s
[680/945]	[L1: 0.0277]	1.5+0.0s
[720/945]	[L1: 0.0277]	1.7+0.0s
[760/945]	[L1: 0.0277]	1.5+0.0s
[800/945]	[L1: 0.0278]	2.0+0.0s
[840/945]	[L1: 0.0277]	1.7+0.0s
[880/945]	[L1: 0.0276]	1.5+0.0s
[920/945]	[L1: 0.0277]	1.6+0.0s

Evaluation:
[UCMerced x4]	psnr: 28.076 (Best: 28.091 @epoch 219)
DEBUG: WandB check - hasattr: True, not None: True, idx_scale: 0
DEBUG: Logging to WandB - epoch: 258, psnr: 28.07634925842285
DEBUG: WandB log_validation called successfully
Total time: 2.42s

[Epoch 259]	Learning rate: 1.90e-5
[40/945]	[L1: 0.0292]	1.7+0.0s
[80/945]	[L1: 0.0283]	1.5+0.0s
[120/945]	[L1: 0.0276]	1.7+0.0s
[160/945]	[L1: 0.0280]	1.9+0.0s
[200/945]	[L1: 0.0284]	1.7+0.0s
[240/945]	[L1: 0.0285]	2.1+0.0s
[280/945]	[L1: 0.0284]	1.7+0.0s
[320/945]	[L1: 0.0286]	1.8+0.0s
[360/945]	[L1: 0.0284]	2.0+0.0s
[400/945]	[L1: 0.0283]	1.7+0.0s
[440/945]	[L1: 0.0281]	1.8+0.0s
[480/945]	[L1: 0.0282]	1.6+0.0s
[520/945]	[L1: 0.0280]	1.5+0.0s
[560/945]	[L1: 0.0280]	1.6+0.0s
[600/945]	[L1: 0.0280]	1.5+0.0s
[640/945]	[L1: 0.0278]	2.1+0.0s
[680/945]	[L1: 0.0278]	1.5+0.0s
[720/945]	[L1: 0.0278]	1.5+0.0s
[760/945]	[L1: 0.0278]	1.7+0.0s
[800/945]	[L1: 0.0278]	1.7+0.0s
[840/945]	[L1: 0.0277]	1.5+0.0s
[880/945]	[L1: 0.0277]	1.5+0.0s
[920/945]	[L1: 0.0278]	1.6+0.0s

Evaluation:
[UCMerced x4]	psnr: 28.083 (Best: 28.091 @epoch 219)
DEBUG: WandB check - hasattr: True, not None: True, idx_scale: 0
DEBUG: Logging to WandB - epoch: 259, psnr: 28.082725524902344
DEBUG: WandB log_validation called successfully
Total time: 2.01s

[Epoch 260]	Learning rate: 1.86e-5
[40/945]	[L1: 0.0257]	1.5+0.0s
[80/945]	[L1: 0.0268]	2.0+0.0s
[120/945]	[L1: 0.0267]	1.7+0.0s
[160/945]	[L1: 0.0269]	1.5+0.0s
[200/945]	[L1: 0.0267]	1.6+0.0s
[240/945]	[L1: 0.0266]	1.5+0.0s
[280/945]	[L1: 0.0266]	1.5+0.0s
[320/945]	[L1: 0.0266]	1.6+0.0s
[360/945]	[L1: 0.0271]	1.5+0.0s
[400/945]	[L1: 0.0271]	1.5+0.0s
[440/945]	[L1: 0.0274]	1.5+0.0s
[480/945]	[L1: 0.0274]	1.9+0.0s
[520/945]	[L1: 0.0275]	1.7+0.0s
[560/945]	[L1: 0.0274]	1.5+0.0s
[600/945]	[L1: 0.0275]	1.5+0.1s
[640/945]	[L1: 0.0275]	1.5+0.0s
[680/945]	[L1: 0.0273]	1.6+0.0s
[720/945]	[L1: 0.0272]	1.5+0.0s
[760/945]	[L1: 0.0273]	1.6+0.0s
[800/945]	[L1: 0.0275]	1.7+0.0s
[840/945]	[L1: 0.0276]	1.5+0.0s
[880/945]	[L1: 0.0276]	1.9+0.0s
[920/945]	[L1: 0.0276]	1.7+0.0s

Evaluation:
[UCMerced x4]	psnr: 28.080 (Best: 28.091 @epoch 219)
DEBUG: WandB check - hasattr: True, not None: True, idx_scale: 0
DEBUG: Logging to WandB - epoch: 260, psnr: 28.080474853515625
DEBUG: WandB log_validation called successfully
Total time: 2.01s

[Epoch 261]	Learning rate: 1.82e-5
[40/945]	[L1: 0.0283]	1.5+0.0s
[80/945]	[L1: 0.0278]	1.5+0.0s
[120/945]	[L1: 0.0273]	1.5+0.0s
[160/945]	[L1: 0.0274]	1.7+0.0s
[200/945]	[L1: 0.0276]	1.5+0.0s
[240/945]	[L1: 0.0274]	1.7+0.0s
[280/945]	[L1: 0.0271]	1.5+0.0s
[320/945]	[L1: 0.0273]	1.8+0.0s
[360/945]	[L1: 0.0272]	1.6+0.0s
[400/945]	[L1: 0.0273]	1.6+0.0s
[440/945]	[L1: 0.0275]	1.6+0.0s
[480/945]	[L1: 0.0275]	1.7+0.0s
[520/945]	[L1: 0.0279]	1.5+0.0s
[560/945]	[L1: 0.0277]	1.6+0.0s
[600/945]	[L1: 0.0278]	1.5+0.0s
[640/945]	[L1: 0.0277]	1.7+0.0s
[680/945]	[L1: 0.0279]	1.6+0.0s
[720/945]	[L1: 0.0279]	1.9+0.0s
[760/945]	[L1: 0.0278]	1.6+0.0s
[800/945]	[L1: 0.0279]	1.7+0.0s
[840/945]	[L1: 0.0278]	1.8+0.0s
[880/945]	[L1: 0.0278]	1.6+0.0s
[920/945]	[L1: 0.0277]	1.6+0.0s

Evaluation:
[UCMerced x4]	psnr: 28.076 (Best: 28.091 @epoch 219)
DEBUG: WandB check - hasattr: True, not None: True, idx_scale: 0
DEBUG: Logging to WandB - epoch: 261, psnr: 28.075672149658203
DEBUG: WandB log_validation called successfully
Total time: 2.17s

[Epoch 262]	Learning rate: 1.78e-5
[40/945]	[L1: 0.0242]	1.5+0.0s
[80/945]	[L1: 0.0260]	1.6+0.0s
[120/945]	[L1: 0.0265]	1.6+0.0s
[160/945]	[L1: 0.0267]	1.6+0.0s
[200/945]	[L1: 0.0269]	2.0+0.0s
[240/945]	[L1: 0.0270]	1.6+0.0s
[280/945]	[L1: 0.0272]	1.5+0.0s
[320/945]	[L1: 0.0277]	1.6+0.0s
[360/945]	[L1: 0.0274]	1.5+0.0s
[400/945]	[L1: 0.0273]	1.7+0.0s
[440/945]	[L1: 0.0276]	1.6+0.0s
[480/945]	[L1: 0.0275]	1.6+0.0s
[520/945]	[L1: 0.0276]	1.7+0.1s
[560/945]	[L1: 0.0276]	1.6+0.0s
[600/945]	[L1: 0.0275]	2.0+0.0s
[640/945]	[L1: 0.0275]	1.7+0.0s
[680/945]	[L1: 0.0277]	1.7+0.0s
[720/945]	[L1: 0.0278]	1.7+0.0s
[760/945]	[L1: 0.0278]	1.7+0.0s
[800/945]	[L1: 0.0279]	2.1+0.0s
[840/945]	[L1: 0.0279]	1.7+0.0s
[880/945]	[L1: 0.0279]	1.8+0.0s
[920/945]	[L1: 0.0278]	1.7+0.0s

Evaluation:
[UCMerced x4]	psnr: 28.068 (Best: 28.091 @epoch 219)
DEBUG: WandB check - hasattr: True, not None: True, idx_scale: 0
DEBUG: Logging to WandB - epoch: 262, psnr: 28.0684757232666
DEBUG: WandB log_validation called successfully
Total time: 2.02s

[Epoch 263]	Learning rate: 1.74e-5
[40/945]	[L1: 0.0278]	2.2+0.0s
[80/945]	[L1: 0.0283]	1.7+0.0s
[120/945]	[L1: 0.0271]	1.6+0.0s
[160/945]	[L1: 0.0272]	1.9+0.0s
[200/945]	[L1: 0.0269]	1.8+0.0s
[240/945]	[L1: 0.0275]	1.7+0.0s
[280/945]	[L1: 0.0274]	1.7+0.0s
[320/945]	[L1: 0.0271]	1.9+0.0s
[360/945]	[L1: 0.0270]	1.7+0.0s
[400/945]	[L1: 0.0271]	1.7+0.0s
[440/945]	[L1: 0.0271]	2.0+0.0s
[480/945]	[L1: 0.0273]	1.6+0.0s
[520/945]	[L1: 0.0273]	1.5+0.0s
[560/945]	[L1: 0.0275]	1.7+0.0s
[600/945]	[L1: 0.0275]	1.6+0.0s
[640/945]	[L1: 0.0278]	1.6+0.0s
[680/945]	[L1: 0.0277]	1.7+0.0s
[720/945]	[L1: 0.0276]	1.8+0.0s
[760/945]	[L1: 0.0277]	1.6+0.0s
[800/945]	[L1: 0.0279]	1.6+0.0s
[840/945]	[L1: 0.0279]	1.8+0.0s
[880/945]	[L1: 0.0280]	1.6+0.0s
[920/945]	[L1: 0.0279]	1.6+0.0s

Evaluation:
[UCMerced x4]	psnr: 28.083 (Best: 28.091 @epoch 219)
DEBUG: WandB check - hasattr: True, not None: True, idx_scale: 0
DEBUG: Logging to WandB - epoch: 263, psnr: 28.08289909362793
DEBUG: WandB log_validation called successfully
Total time: 2.09s

[Epoch 264]	Learning rate: 1.70e-5
[40/945]	[L1: 0.0286]	1.6+0.0s
[80/945]	[L1: 0.0278]	1.6+0.0s
[120/945]	[L1: 0.0287]	1.7+0.0s
[160/945]	[L1: 0.0275]	1.9+0.0s
[200/945]	[L1: 0.0278]	1.6+0.0s
[240/945]	[L1: 0.0280]	1.5+0.0s
[280/945]	[L1: 0.0276]	2.2+0.0s
[320/945]	[L1: 0.0277]	1.7+0.0s
[360/945]	[L1: 0.0277]	1.7+0.0s
[400/945]	[L1: 0.0275]	1.6+0.0s
[440/945]	[L1: 0.0277]	1.5+0.0s
[480/945]	[L1: 0.0277]	1.6+0.0s
[520/945]	[L1: 0.0277]	1.5+0.0s
[560/945]	[L1: 0.0277]	1.5+0.0s
[600/945]	[L1: 0.0278]	1.6+0.0s
[640/945]	[L1: 0.0277]	1.7+0.0s
[680/945]	[L1: 0.0278]	2.1+0.0s
[720/945]	[L1: 0.0277]	1.5+0.0s
[760/945]	[L1: 0.0278]	1.5+0.0s
[800/945]	[L1: 0.0277]	1.5+0.0s
[840/945]	[L1: 0.0276]	1.5+0.0s
[880/945]	[L1: 0.0276]	1.5+0.0s
[920/945]	[L1: 0.0277]	1.6+0.0s

Evaluation:
[UCMerced x4]	psnr: 28.066 (Best: 28.091 @epoch 219)
DEBUG: WandB check - hasattr: True, not None: True, idx_scale: 0
DEBUG: Logging to WandB - epoch: 264, psnr: 28.066186904907227
DEBUG: WandB log_validation called successfully
Total time: 2.02s

[Epoch 265]	Learning rate: 1.67e-5
[40/945]	[L1: 0.0260]	1.7+0.0s
[80/945]	[L1: 0.0268]	1.5+0.0s
[120/945]	[L1: 0.0275]	1.5+0.0s
[160/945]	[L1: 0.0272]	1.9+0.0s
[200/945]	[L1: 0.0273]	1.5+0.0s
[240/945]	[L1: 0.0274]	1.5+0.0s
[280/945]	[L1: 0.0273]	1.5+0.0s
[320/945]	[L1: 0.0272]	1.6+0.0s
[360/945]	[L1: 0.0270]	1.5+0.0s
[400/945]	[L1: 0.0271]	1.5+0.0s
[440/945]	[L1: 0.0276]	1.7+0.0s
[480/945]	[L1: 0.0279]	1.5+0.0s
[520/945]	[L1: 0.0278]	1.5+0.0s
[560/945]	[L1: 0.0279]	1.8+0.0s
[600/945]	[L1: 0.0280]	1.6+0.0s
[640/945]	[L1: 0.0278]	1.5+0.0s
[680/945]	[L1: 0.0279]	1.5+0.0s
[720/945]	[L1: 0.0280]	1.5+0.0s
[760/945]	[L1: 0.0279]	1.7+0.0s
[800/945]	[L1: 0.0278]	1.6+0.0s
[840/945]	[L1: 0.0278]	1.7+0.0s
[880/945]	[L1: 0.0279]	1.5+0.0s
[920/945]	[L1: 0.0278]	1.6+0.1s

Evaluation:
[UCMerced x4]	psnr: 28.083 (Best: 28.091 @epoch 219)
DEBUG: WandB check - hasattr: True, not None: True, idx_scale: 0
DEBUG: Logging to WandB - epoch: 265, psnr: 28.083295822143555
DEBUG: WandB log_validation called successfully
Total time: 2.03s

[Epoch 266]	Learning rate: 1.63e-5
[40/945]	[L1: 0.0265]	1.6+0.0s
[80/945]	[L1: 0.0274]	1.6+0.0s
[120/945]	[L1: 0.0281]	1.5+0.0s
[160/945]	[L1: 0.0286]	1.8+0.0s
[200/945]	[L1: 0.0288]	1.6+0.0s
[240/945]	[L1: 0.0291]	1.5+0.0s
[280/945]	[L1: 0.0288]	1.6+0.0s
[320/945]	[L1: 0.0286]	1.7+0.0s
[360/945]	[L1: 0.0281]	1.7+0.0s
[400/945]	[L1: 0.0282]	2.0+0.0s
[440/945]	[L1: 0.0281]	1.6+0.0s
[480/945]	[L1: 0.0281]	1.7+0.0s
[520/945]	[L1: 0.0280]	1.6+0.1s
[560/945]	[L1: 0.0279]	1.7+0.0s
[600/945]	[L1: 0.0278]	1.6+0.0s
[640/945]	[L1: 0.0278]	1.7+0.0s
[680/945]	[L1: 0.0277]	1.8+0.0s
[720/945]	[L1: 0.0279]	1.7+0.0s
[760/945]	[L1: 0.0279]	1.8+0.0s
[800/945]	[L1: 0.0279]	2.1+0.0s
[840/945]	[L1: 0.0279]	1.7+0.0s
[880/945]	[L1: 0.0278]	1.8+0.0s
[920/945]	[L1: 0.0278]	1.7+0.0s

Evaluation:
[UCMerced x4]	psnr: 28.082 (Best: 28.091 @epoch 219)
DEBUG: WandB check - hasattr: True, not None: True, idx_scale: 0
DEBUG: Logging to WandB - epoch: 266, psnr: 28.082216262817383
DEBUG: WandB log_validation called successfully
Total time: 2.48s

[Epoch 267]	Learning rate: 1.60e-5
[40/945]	[L1: 0.0303]	1.8+0.0s
[80/945]	[L1: 0.0293]	1.7+0.0s
[120/945]	[L1: 0.0290]	1.8+0.1s
[160/945]	[L1: 0.0285]	1.7+0.0s
[200/945]	[L1: 0.0284]	1.8+0.0s
[240/945]	[L1: 0.0281]	2.1+0.0s
[280/945]	[L1: 0.0281]	1.7+0.0s
[320/945]	[L1: 0.0281]	2.0+0.0s
[360/945]	[L1: 0.0281]	1.7+0.1s
[400/945]	[L1: 0.0281]	1.7+0.0s
[440/945]	[L1: 0.0280]	1.7+0.0s
[480/945]	[L1: 0.0279]	1.5+0.0s
[520/945]	[L1: 0.0277]	1.5+0.0s
[560/945]	[L1: 0.0276]	1.5+0.0s
[600/945]	[L1: 0.0274]	1.5+0.0s
[640/945]	[L1: 0.0276]	1.8+0.0s
[680/945]	[L1: 0.0274]	1.5+0.0s
[720/945]	[L1: 0.0274]	1.7+0.0s
[760/945]	[L1: 0.0276]	1.5+0.0s
[800/945]	[L1: 0.0276]	1.7+0.0s
[840/945]	[L1: 0.0277]	1.5+0.0s
[880/945]	[L1: 0.0278]	1.6+0.0s
[920/945]	[L1: 0.0278]	1.5+0.0s

Evaluation:
[UCMerced x4]	psnr: 28.082 (Best: 28.091 @epoch 219)
DEBUG: WandB check - hasattr: True, not None: True, idx_scale: 0
DEBUG: Logging to WandB - epoch: 267, psnr: 28.08156394958496
DEBUG: WandB log_validation called successfully
Total time: 2.01s

[Epoch 268]	Learning rate: 1.56e-5
[40/945]	[L1: 0.0252]	1.5+0.0s
[80/945]	[L1: 0.0263]	1.7+0.0s
[120/945]	[L1: 0.0263]	1.8+0.0s
[160/945]	[L1: 0.0263]	1.6+0.0s
[200/945]	[L1: 0.0269]	1.6+0.0s
[240/945]	[L1: 0.0273]	1.6+0.0s
[280/945]	[L1: 0.0271]	1.5+0.0s
[320/945]	[L1: 0.0274]	1.7+0.0s
[360/945]	[L1: 0.0275]	1.6+0.0s
[400/945]	[L1: 0.0275]	1.5+0.0s
[440/945]	[L1: 0.0275]	1.6+0.0s
[480/945]	[L1: 0.0277]	1.7+0.0s
[520/945]	[L1: 0.0277]	2.0+0.0s
[560/945]	[L1: 0.0276]	1.5+0.0s
[600/945]	[L1: 0.0276]	1.5+0.0s
[640/945]	[L1: 0.0275]	1.7+0.0s
[680/945]	[L1: 0.0276]	1.5+0.0s
[720/945]	[L1: 0.0275]	1.6+0.0s
[760/945]	[L1: 0.0276]	1.5+0.0s
[800/945]	[L1: 0.0277]	1.5+0.0s
[840/945]	[L1: 0.0276]	1.5+0.0s
[880/945]	[L1: 0.0276]	1.7+0.0s
[920/945]	[L1: 0.0278]	2.0+0.0s

Evaluation:
[UCMerced x4]	psnr: 28.069 (Best: 28.091 @epoch 219)
DEBUG: WandB check - hasattr: True, not None: True, idx_scale: 0
DEBUG: Logging to WandB - epoch: 268, psnr: 28.0687255859375
DEBUG: WandB log_validation called successfully
Total time: 2.02s

[Epoch 269]	Learning rate: 1.53e-5
[40/945]	[L1: 0.0247]	1.6+0.0s
[80/945]	[L1: 0.0282]	1.6+0.0s
[120/945]	[L1: 0.0280]	1.5+0.0s
[160/945]	[L1: 0.0282]	1.7+0.0s
[200/945]	[L1: 0.0286]	1.7+0.0s
[240/945]	[L1: 0.0286]	1.6+0.0s
[280/945]	[L1: 0.0287]	1.6+0.0s
[320/945]	[L1: 0.0287]	1.6+0.0s
[360/945]	[L1: 0.0285]	1.8+0.0s
[400/945]	[L1: 0.0284]	1.5+0.0s
[440/945]	[L1: 0.0282]	1.6+0.0s
[480/945]	[L1: 0.0281]	1.6+0.0s
[520/945]	[L1: 0.0281]	1.6+0.0s
[560/945]	[L1: 0.0282]	1.5+0.0s
[600/945]	[L1: 0.0280]	1.7+0.0s
[640/945]	[L1: 0.0280]	1.7+0.0s
[680/945]	[L1: 0.0278]	1.5+0.0s
[720/945]	[L1: 0.0279]	1.6+0.0s
[760/945]	[L1: 0.0278]	1.9+0.0s
[800/945]	[L1: 0.0277]	1.5+0.0s
[840/945]	[L1: 0.0277]	1.6+0.0s
[880/945]	[L1: 0.0276]	1.6+0.0s
[920/945]	[L1: 0.0276]	1.6+0.0s

Evaluation:
[UCMerced x4]	psnr: 28.078 (Best: 28.091 @epoch 219)
DEBUG: WandB check - hasattr: True, not None: True, idx_scale: 0
DEBUG: Logging to WandB - epoch: 269, psnr: 28.077590942382812
DEBUG: WandB log_validation called successfully
Total time: 2.20s

[Epoch 270]	Learning rate: 1.50e-5
[40/945]	[L1: 0.0267]	1.6+0.0s
[80/945]	[L1: 0.0278]	1.7+0.0s
[120/945]	[L1: 0.0280]	1.6+0.0s
[160/945]	[L1: 0.0273]	1.8+0.0s
[200/945]	[L1: 0.0272]	2.2+0.0s
[240/945]	[L1: 0.0273]	1.7+0.0s
[280/945]	[L1: 0.0275]	1.7+0.0s
[320/945]	[L1: 0.0274]	1.8+0.0s
[360/945]	[L1: 0.0275]	1.7+0.0s
[400/945]	[L1: 0.0277]	1.5+0.0s
[440/945]	[L1: 0.0278]	1.6+0.0s
[480/945]	[L1: 0.0281]	1.6+0.0s
[520/945]	[L1: 0.0280]	1.6+0.0s
[560/945]	[L1: 0.0279]	1.5+0.0s
[600/945]	[L1: 0.0278]	2.0+0.0s
[640/945]	[L1: 0.0278]	1.6+0.0s
[680/945]	[L1: 0.0279]	1.6+0.0s
[720/945]	[L1: 0.0281]	1.6+0.0s
[760/945]	[L1: 0.0279]	1.7+0.0s
[800/945]	[L1: 0.0280]	1.7+0.0s
[840/945]	[L1: 0.0280]	1.6+0.0s
[880/945]	[L1: 0.0279]	1.6+0.0s
[920/945]	[L1: 0.0277]	1.5+0.0s

Evaluation:
[UCMerced x4]	psnr: 28.078 (Best: 28.091 @epoch 219)
DEBUG: WandB check - hasattr: True, not None: True, idx_scale: 0
DEBUG: Logging to WandB - epoch: 270, psnr: 28.0780029296875
DEBUG: WandB log_validation called successfully
Total time: 2.02s

[Epoch 271]	Learning rate: 1.46e-5
[40/945]	[L1: 0.0287]	1.9+0.0s
[80/945]	[L1: 0.0277]	1.7+0.0s
[120/945]	[L1: 0.0267]	1.6+0.0s
[160/945]	[L1: 0.0260]	1.7+0.0s
[200/945]	[L1: 0.0261]	1.7+0.0s
[240/945]	[L1: 0.0267]	1.7+0.0s
[280/945]	[L1: 0.0270]	1.7+0.0s
[320/945]	[L1: 0.0274]	1.7+0.0s
[360/945]	[L1: 0.0275]	1.5+0.0s
[400/945]	[L1: 0.0275]	1.6+0.0s
[440/945]	[L1: 0.0272]	2.1+0.0s
[480/945]	[L1: 0.0272]	2.1+0.0s
[520/945]	[L1: 0.0273]	1.8+0.0s
[560/945]	[L1: 0.0273]	1.7+0.0s
[600/945]	[L1: 0.0273]	1.6+0.0s
[640/945]	[L1: 0.0274]	1.5+0.0s
[680/945]	[L1: 0.0276]	1.6+0.0s
[720/945]	[L1: 0.0277]	1.5+0.0s
[760/945]	[L1: 0.0277]	1.6+0.0s
[800/945]	[L1: 0.0276]	1.7+0.0s
[840/945]	[L1: 0.0276]	2.0+0.0s
[880/945]	[L1: 0.0276]	1.8+0.0s
[920/945]	[L1: 0.0278]	1.6+0.0s

Evaluation:
[UCMerced x4]	psnr: 28.077 (Best: 28.091 @epoch 219)
DEBUG: WandB check - hasattr: True, not None: True, idx_scale: 0
DEBUG: Logging to WandB - epoch: 271, psnr: 28.076581954956055
DEBUG: WandB log_validation called successfully
Total time: 2.03s

[Epoch 272]	Learning rate: 1.43e-5
[40/945]	[L1: 0.0292]	1.5+0.0s
[80/945]	[L1: 0.0276]	1.5+0.0s
[120/945]	[L1: 0.0281]	1.5+0.0s
[160/945]	[L1: 0.0279]	1.5+0.0s
[200/945]	[L1: 0.0281]	1.5+0.0s
[240/945]	[L1: 0.0282]	1.7+0.0s
[280/945]	[L1: 0.0278]	1.6+0.0s
[320/945]	[L1: 0.0279]	2.0+0.0s
[360/945]	[L1: 0.0279]	1.6+0.0s
[400/945]	[L1: 0.0277]	1.6+0.0s
[440/945]	[L1: 0.0279]	1.6+0.0s
[480/945]	[L1: 0.0279]	1.5+0.0s
[520/945]	[L1: 0.0276]	1.6+0.0s
[560/945]	[L1: 0.0277]	1.6+0.0s
[600/945]	[L1: 0.0278]	1.6+0.0s
[640/945]	[L1: 0.0277]	1.7+0.0s
[680/945]	[L1: 0.0279]	1.6+0.0s
[720/945]	[L1: 0.0278]	2.0+0.0s
[760/945]	[L1: 0.0278]	1.6+0.0s
[800/945]	[L1: 0.0277]	1.6+0.0s
[840/945]	[L1: 0.0277]	1.5+0.0s
[880/945]	[L1: 0.0277]	1.5+0.0s
[920/945]	[L1: 0.0277]	1.6+0.0s

Evaluation:
[UCMerced x4]	psnr: 28.077 (Best: 28.091 @epoch 219)
DEBUG: WandB check - hasattr: True, not None: True, idx_scale: 0
DEBUG: Logging to WandB - epoch: 272, psnr: 28.07744598388672
DEBUG: WandB log_validation called successfully
Total time: 2.16s

[Epoch 273]	Learning rate: 1.41e-5
[40/945]	[L1: 0.0271]	1.5+0.0s
[80/945]	[L1: 0.0259]	1.5+0.0s
[120/945]	[L1: 0.0272]	1.5+0.0s
[160/945]	[L1: 0.0280]	2.0+0.0s
[200/945]	[L1: 0.0275]	1.5+0.0s
[240/945]	[L1: 0.0272]	1.5+0.0s
[280/945]	[L1: 0.0273]	1.5+0.0s
[320/945]	[L1: 0.0275]	1.7+0.0s
[360/945]	[L1: 0.0278]	1.5+0.0s
[400/945]	[L1: 0.0277]	1.7+0.0s
[440/945]	[L1: 0.0277]	1.5+0.0s
[480/945]	[L1: 0.0276]	1.5+0.0s
[520/945]	[L1: 0.0277]	1.6+0.0s
[560/945]	[L1: 0.0278]	2.0+0.0s
[600/945]	[L1: 0.0277]	1.5+0.0s
[640/945]	[L1: 0.0278]	1.6+0.0s
[680/945]	[L1: 0.0277]	1.5+0.0s
[720/945]	[L1: 0.0278]	1.6+0.0s
[760/945]	[L1: 0.0278]	1.7+0.0s
[800/945]	[L1: 0.0278]	1.7+0.0s
[840/945]	[L1: 0.0278]	1.6+0.0s
[880/945]	[L1: 0.0278]	1.6+0.0s
[920/945]	[L1: 0.0278]	1.6+0.0s

Evaluation:
[UCMerced x4]	psnr: 28.074 (Best: 28.091 @epoch 219)
DEBUG: WandB check - hasattr: True, not None: True, idx_scale: 0
DEBUG: Logging to WandB - epoch: 273, psnr: 28.073749542236328
DEBUG: WandB log_validation called successfully
Total time: 2.11s

[Epoch 274]	Learning rate: 1.38e-5
[40/945]	[L1: 0.0288]	1.6+0.0s
[80/945]	[L1: 0.0276]	1.7+0.0s
[120/945]	[L1: 0.0275]	2.0+0.0s
[160/945]	[L1: 0.0284]	1.9+0.1s
[200/945]	[L1: 0.0283]	1.8+0.1s
[240/945]	[L1: 0.0284]	1.7+0.0s
[280/945]	[L1: 0.0283]	1.8+0.0s
[320/945]	[L1: 0.0281]	1.7+0.0s
[360/945]	[L1: 0.0279]	1.7+0.0s
[400/945]	[L1: 0.0279]	2.0+0.0s
[440/945]	[L1: 0.0280]	1.6+0.0s
[480/945]	[L1: 0.0282]	1.6+0.0s
[520/945]	[L1: 0.0281]	2.0+0.0s
[560/945]	[L1: 0.0279]	1.6+0.0s
[600/945]	[L1: 0.0280]	1.6+0.0s
[640/945]	[L1: 0.0280]	1.7+0.0s
[680/945]	[L1: 0.0280]	1.6+0.0s
[720/945]	[L1: 0.0279]	1.6+0.0s
[760/945]	[L1: 0.0280]	1.6+0.0s
[800/945]	[L1: 0.0279]	2.0+0.0s
[840/945]	[L1: 0.0278]	1.7+0.1s
[880/945]	[L1: 0.0279]	1.7+0.0s
[920/945]	[L1: 0.0278]	2.1+0.0s

Evaluation:
[UCMerced x4]	psnr: 28.079 (Best: 28.091 @epoch 219)
DEBUG: WandB check - hasattr: True, not None: True, idx_scale: 0
DEBUG: Logging to WandB - epoch: 274, psnr: 28.078943252563477
DEBUG: WandB log_validation called successfully
Total time: 2.07s

[Epoch 275]	Learning rate: 1.35e-5
[40/945]	[L1: 0.0270]	1.6+0.0s
[80/945]	[L1: 0.0275]	1.7+0.0s
[120/945]	[L1: 0.0283]	1.7+0.0s
[160/945]	[L1: 0.0284]	1.7+0.0s
[200/945]	[L1: 0.0280]	1.7+0.0s
[240/945]	[L1: 0.0281]	1.7+0.0s
[280/945]	[L1: 0.0281]	2.4+0.0s
[320/945]	[L1: 0.0278]	1.8+0.0s
[360/945]	[L1: 0.0277]	1.5+0.0s
[400/945]	[L1: 0.0278]	1.7+0.0s
[440/945]	[L1: 0.0280]	1.7+0.0s
[480/945]	[L1: 0.0281]	1.7+0.0s
[520/945]	[L1: 0.0280]	1.7+0.0s
[560/945]	[L1: 0.0280]	1.6+0.0s
[600/945]	[L1: 0.0277]	1.6+0.0s
[640/945]	[L1: 0.0277]	1.5+0.0s
[680/945]	[L1: 0.0278]	2.1+0.0s
[720/945]	[L1: 0.0276]	1.7+0.0s
[760/945]	[L1: 0.0276]	1.6+0.0s
[800/945]	[L1: 0.0275]	1.7+0.0s
[840/945]	[L1: 0.0276]	1.6+0.0s
[880/945]	[L1: 0.0277]	1.6+0.0s
[920/945]	[L1: 0.0277]	1.6+0.0s

Evaluation:
[UCMerced x4]	psnr: 28.076 (Best: 28.091 @epoch 219)
DEBUG: WandB check - hasattr: True, not None: True, idx_scale: 0
DEBUG: Logging to WandB - epoch: 275, psnr: 28.075597763061523
DEBUG: WandB log_validation called successfully
Total time: 2.15s

[Epoch 276]	Learning rate: 1.32e-5
[40/945]	[L1: 0.0279]	1.5+0.0s
[80/945]	[L1: 0.0276]	1.5+0.0s
[120/945]	[L1: 0.0282]	2.0+0.0s
[160/945]	[L1: 0.0286]	1.8+0.0s
[200/945]	[L1: 0.0282]	1.7+0.0s
[240/945]	[L1: 0.0281]	1.7+0.0s
[280/945]	[L1: 0.0283]	1.7+0.0s
[320/945]	[L1: 0.0280]	1.7+0.0s
[360/945]	[L1: 0.0279]	1.8+0.0s
[400/945]	[L1: 0.0279]	1.7+0.0s
[440/945]	[L1: 0.0280]	1.5+0.0s
[480/945]	[L1: 0.0279]	1.6+0.0s
[520/945]	[L1: 0.0281]	2.0+0.0s
[560/945]	[L1: 0.0281]	1.6+0.0s
[600/945]	[L1: 0.0280]	1.5+0.0s
[640/945]	[L1: 0.0278]	1.6+0.0s
[680/945]	[L1: 0.0277]	1.6+0.0s
[720/945]	[L1: 0.0278]	1.6+0.0s
[760/945]	[L1: 0.0278]	1.6+0.0s
[800/945]	[L1: 0.0277]	1.8+0.0s
[840/945]	[L1: 0.0277]	1.5+0.0s
[880/945]	[L1: 0.0277]	1.6+0.0s
[920/945]	[L1: 0.0278]	1.8+0.0s

Evaluation:
[UCMerced x4]	psnr: 28.064 (Best: 28.091 @epoch 219)
DEBUG: WandB check - hasattr: True, not None: True, idx_scale: 0
DEBUG: Logging to WandB - epoch: 276, psnr: 28.06377601623535
DEBUG: WandB log_validation called successfully
Total time: 2.11s

[Epoch 277]	Learning rate: 1.30e-5
[40/945]	[L1: 0.0292]	1.7+0.0s
[80/945]	[L1: 0.0297]	1.7+0.0s
[120/945]	[L1: 0.0284]	1.7+0.0s
[160/945]	[L1: 0.0277]	2.0+0.0s
[200/945]	[L1: 0.0288]	1.7+0.0s
[240/945]	[L1: 0.0287]	1.8+0.0s
[280/945]	[L1: 0.0285]	1.5+0.0s
[320/945]	[L1: 0.0285]	1.5+0.0s
[360/945]	[L1: 0.0285]	1.8+0.0s
[400/945]	[L1: 0.0286]	1.5+0.0s
[440/945]	[L1: 0.0286]	1.5+0.0s
[480/945]	[L1: 0.0283]	1.5+0.0s
[520/945]	[L1: 0.0285]	1.5+0.0s
[560/945]	[L1: 0.0285]	1.7+0.0s
[600/945]	[L1: 0.0285]	1.5+0.0s
[640/945]	[L1: 0.0283]	1.5+0.0s
[680/945]	[L1: 0.0282]	1.6+0.0s
[720/945]	[L1: 0.0282]	1.7+0.0s
[760/945]	[L1: 0.0281]	2.1+0.0s
[800/945]	[L1: 0.0280]	1.9+0.0s
[840/945]	[L1: 0.0279]	1.6+0.0s
[880/945]	[L1: 0.0279]	1.6+0.0s
[920/945]	[L1: 0.0278]	1.5+0.0s

Evaluation:
[UCMerced x4]	psnr: 28.070 (Best: 28.091 @epoch 219)
DEBUG: WandB check - hasattr: True, not None: True, idx_scale: 0
DEBUG: Logging to WandB - epoch: 277, psnr: 28.070100784301758
DEBUG: WandB log_validation called successfully
Total time: 2.03s

[Epoch 278]	Learning rate: 1.27e-5
[40/945]	[L1: 0.0313]	1.5+0.0s
[80/945]	[L1: 0.0301]	1.5+0.0s
[120/945]	[L1: 0.0286]	1.5+0.0s
[160/945]	[L1: 0.0283]	1.5+0.0s
[200/945]	[L1: 0.0283]	1.6+0.0s
[240/945]	[L1: 0.0280]	1.9+0.0s
[280/945]	[L1: 0.0281]	1.5+0.0s
[320/945]	[L1: 0.0285]	1.8+0.0s
[360/945]	[L1: 0.0285]	1.5+0.0s
[400/945]	[L1: 0.0281]	1.6+0.0s
[440/945]	[L1: 0.0285]	1.8+0.0s
[480/945]	[L1: 0.0283]	1.8+0.0s
[520/945]	[L1: 0.0281]	1.8+0.0s
[560/945]	[L1: 0.0281]	1.7+0.0s
[600/945]	[L1: 0.0280]	1.6+0.0s
[640/945]	[L1: 0.0278]	2.3+0.0s
[680/945]	[L1: 0.0281]	1.7+0.0s
[720/945]	[L1: 0.0279]	2.0+0.0s
[760/945]	[L1: 0.0278]	1.6+0.0s
[800/945]	[L1: 0.0277]	1.7+0.0s
[840/945]	[L1: 0.0277]	1.6+0.0s
[880/945]	[L1: 0.0277]	1.6+0.0s
[920/945]	[L1: 0.0278]	1.7+0.0s

Evaluation:
[UCMerced x4]	psnr: 28.079 (Best: 28.091 @epoch 219)
DEBUG: WandB check - hasattr: True, not None: True, idx_scale: 0
DEBUG: Logging to WandB - epoch: 278, psnr: 28.07883644104004
DEBUG: WandB log_validation called successfully
Total time: 2.02s

[Epoch 279]	Learning rate: 1.25e-5
[40/945]	[L1: 0.0271]	1.7+0.0s
[80/945]	[L1: 0.0281]	2.0+0.0s
[120/945]	[L1: 0.0277]	1.6+0.0s
[160/945]	[L1: 0.0286]	1.7+0.0s
[200/945]	[L1: 0.0281]	1.8+0.0s
[240/945]	[L1: 0.0280]	1.7+0.0s
[280/945]	[L1: 0.0281]	1.7+0.0s
[320/945]	[L1: 0.0282]	1.6+0.0s
[360/945]	[L1: 0.0278]	1.7+0.0s
[400/945]	[L1: 0.0280]	1.7+0.0s
[440/945]	[L1: 0.0279]	1.8+0.0s
[480/945]	[L1: 0.0279]	2.0+0.0s
[520/945]	[L1: 0.0281]	1.5+0.1s
[560/945]	[L1: 0.0281]	1.6+0.0s
[600/945]	[L1: 0.0280]	1.7+0.0s
[640/945]	[L1: 0.0279]	1.7+0.0s
[680/945]	[L1: 0.0279]	1.6+0.0s
[720/945]	[L1: 0.0280]	1.7+0.0s
[760/945]	[L1: 0.0278]	1.6+0.0s
[800/945]	[L1: 0.0276]	1.5+0.0s
[840/945]	[L1: 0.0276]	1.7+0.0s
[880/945]	[L1: 0.0276]	2.0+0.0s
[920/945]	[L1: 0.0277]	1.6+0.0s

Evaluation:
[UCMerced x4]	psnr: 28.081 (Best: 28.091 @epoch 219)
DEBUG: WandB check - hasattr: True, not None: True, idx_scale: 0
DEBUG: Logging to WandB - epoch: 279, psnr: 28.080528259277344
DEBUG: WandB log_validation called successfully
Total time: 2.14s

[Epoch 280]	Learning rate: 1.23e-5
[40/945]	[L1: 0.0266]	1.6+0.0s
[80/945]	[L1: 0.0270]	1.6+0.0s
[120/945]	[L1: 0.0285]	1.6+0.0s
[160/945]	[L1: 0.0282]	1.5+0.0s
[200/945]	[L1: 0.0285]	1.7+0.0s
[240/945]	[L1: 0.0286]	1.5+0.0s
[280/945]	[L1: 0.0285]	1.5+0.0s
[320/945]	[L1: 0.0284]	2.0+0.0s
[360/945]	[L1: 0.0280]	1.6+0.0s
[400/945]	[L1: 0.0278]	1.5+0.0s
[440/945]	[L1: 0.0276]	1.6+0.0s
[480/945]	[L1: 0.0276]	1.6+0.0s
[520/945]	[L1: 0.0275]	1.5+0.0s
[560/945]	[L1: 0.0276]	1.6+0.0s
[600/945]	[L1: 0.0274]	1.8+0.0s
[640/945]	[L1: 0.0274]	1.6+0.0s
[680/945]	[L1: 0.0273]	1.5+0.0s
[720/945]	[L1: 0.0274]	1.9+0.0s
[760/945]	[L1: 0.0275]	1.7+0.0s
[800/945]	[L1: 0.0275]	1.7+0.0s
[840/945]	[L1: 0.0277]	1.6+0.0s
[880/945]	[L1: 0.0277]	1.6+0.0s
[920/945]	[L1: 0.0278]	1.6+0.0s

Evaluation:
[UCMerced x4]	psnr: 28.082 (Best: 28.091 @epoch 219)
DEBUG: WandB check - hasattr: True, not None: True, idx_scale: 0
DEBUG: Logging to WandB - epoch: 280, psnr: 28.08234405517578
DEBUG: WandB log_validation called successfully
Total time: 2.20s

[Epoch 281]	Learning rate: 1.21e-5
[40/945]	[L1: 0.0270]	1.5+0.0s
[80/945]	[L1: 0.0278]	1.6+0.0s
[120/945]	[L1: 0.0281]	1.6+0.0s
[160/945]	[L1: 0.0282]	1.9+0.0s
[200/945]	[L1: 0.0286]	1.7+0.0s
[240/945]	[L1: 0.0285]	1.7+0.0s
[280/945]	[L1: 0.0285]	1.6+0.0s
[320/945]	[L1: 0.0282]	1.7+0.0s
[360/945]	[L1: 0.0283]	1.5+0.0s
[400/945]	[L1: 0.0284]	1.5+0.0s
[440/945]	[L1: 0.0283]	1.6+0.0s
[480/945]	[L1: 0.0280]	1.7+0.0s
[520/945]	[L1: 0.0278]	1.6+0.0s
[560/945]	[L1: 0.0278]	1.9+0.0s
[600/945]	[L1: 0.0277]	1.6+0.0s
[640/945]	[L1: 0.0276]	1.6+0.0s
[680/945]	[L1: 0.0278]	1.6+0.0s
[720/945]	[L1: 0.0276]	1.7+0.0s
[760/945]	[L1: 0.0277]	1.6+0.0s
[800/945]	[L1: 0.0277]	1.6+0.0s
[840/945]	[L1: 0.0277]	1.6+0.0s
[880/945]	[L1: 0.0277]	1.6+0.0s
[920/945]	[L1: 0.0277]	1.7+0.0s

Evaluation:
[UCMerced x4]	psnr: 28.089 (Best: 28.091 @epoch 219)
DEBUG: WandB check - hasattr: True, not None: True, idx_scale: 0
DEBUG: Logging to WandB - epoch: 281, psnr: 28.08857536315918
DEBUG: WandB log_validation called successfully
Total time: 2.06s

[Epoch 282]	Learning rate: 1.19e-5
[40/945]	[L1: 0.0269]	2.3+0.0s
[80/945]	[L1: 0.0273]	2.0+0.0s
[120/945]	[L1: 0.0278]	1.7+0.0s
[160/945]	[L1: 0.0279]	1.6+0.0s
[200/945]	[L1: 0.0281]	1.5+0.0s
[240/945]	[L1: 0.0278]	1.6+0.0s
[280/945]	[L1: 0.0276]	1.6+0.0s
[320/945]	[L1: 0.0275]	1.6+0.0s
[360/945]	[L1: 0.0273]	1.7+0.0s
[400/945]	[L1: 0.0273]	1.7+0.0s
[440/945]	[L1: 0.0274]	2.2+0.0s
[480/945]	[L1: 0.0273]	2.0+0.0s
[520/945]	[L1: 0.0275]	1.7+0.0s
[560/945]	[L1: 0.0276]	1.8+0.0s
[600/945]	[L1: 0.0277]	1.7+0.0s
[640/945]	[L1: 0.0278]	1.6+0.0s
[680/945]	[L1: 0.0277]	1.6+0.0s
[720/945]	[L1: 0.0277]	1.6+0.0s
[760/945]	[L1: 0.0277]	1.6+0.0s
[800/945]	[L1: 0.0277]	1.9+0.0s
[840/945]	[L1: 0.0277]	2.1+0.0s
[880/945]	[L1: 0.0277]	1.8+0.1s
[920/945]	[L1: 0.0277]	1.7+0.0s

Evaluation:
[UCMerced x4]	psnr: 28.080 (Best: 28.091 @epoch 219)
DEBUG: WandB check - hasattr: True, not None: True, idx_scale: 0
DEBUG: Logging to WandB - epoch: 282, psnr: 28.08003044128418
DEBUG: WandB log_validation called successfully
Total time: 2.18s

[Epoch 283]	Learning rate: 1.17e-5
[40/945]	[L1: 0.0286]	1.6+0.0s
[80/945]	[L1: 0.0288]	1.6+0.0s
[120/945]	[L1: 0.0277]	1.5+0.0s
[160/945]	[L1: 0.0275]	1.6+0.0s
[200/945]	[L1: 0.0273]	1.6+0.0s
[240/945]	[L1: 0.0272]	1.7+0.0s
[280/945]	[L1: 0.0273]	1.9+0.0s
[320/945]	[L1: 0.0277]	1.7+0.0s
[360/945]	[L1: 0.0276]	1.7+0.0s
[400/945]	[L1: 0.0276]	1.7+0.0s
[440/945]	[L1: 0.0274]	1.6+0.0s
[480/945]	[L1: 0.0276]	1.6+0.0s
[520/945]	[L1: 0.0276]	1.6+0.0s
[560/945]	[L1: 0.0279]	1.6+0.0s
[600/945]	[L1: 0.0277]	1.6+0.0s
[640/945]	[L1: 0.0278]	1.8+0.0s
[680/945]	[L1: 0.0278]	2.0+0.0s
[720/945]	[L1: 0.0277]	1.5+0.0s
[760/945]	[L1: 0.0278]	1.6+0.0s
[800/945]	[L1: 0.0278]	1.6+0.0s
[840/945]	[L1: 0.0279]	1.7+0.0s
[880/945]	[L1: 0.0278]	1.6+0.0s
[920/945]	[L1: 0.0278]	1.6+0.0s

Evaluation:
[UCMerced x4]	psnr: 28.076 (Best: 28.091 @epoch 219)
DEBUG: WandB check - hasattr: True, not None: True, idx_scale: 0
DEBUG: Logging to WandB - epoch: 283, psnr: 28.076335906982422
DEBUG: WandB log_validation called successfully
Total time: 2.41s

[Epoch 284]	Learning rate: 1.15e-5
[40/945]	[L1: 0.0261]	1.6+0.0s
[80/945]	[L1: 0.0268]	1.5+0.0s
[120/945]	[L1: 0.0263]	2.1+0.0s
[160/945]	[L1: 0.0270]	1.7+0.0s
[200/945]	[L1: 0.0268]	1.7+0.0s
[240/945]	[L1: 0.0272]	1.8+0.0s
[280/945]	[L1: 0.0270]	1.7+0.0s
[320/945]	[L1: 0.0270]	1.6+0.0s
[360/945]	[L1: 0.0269]	1.7+0.0s
[400/945]	[L1: 0.0275]	1.6+0.0s
[440/945]	[L1: 0.0273]	1.5+0.0s
[480/945]	[L1: 0.0274]	1.5+0.0s
[520/945]	[L1: 0.0275]	1.9+0.0s
[560/945]	[L1: 0.0275]	1.6+0.0s
[600/945]	[L1: 0.0276]	1.6+0.0s
[640/945]	[L1: 0.0275]	1.7+0.0s
[680/945]	[L1: 0.0275]	1.6+0.0s
[720/945]	[L1: 0.0277]	1.6+0.0s
[760/945]	[L1: 0.0278]	1.7+0.0s
[800/945]	[L1: 0.0277]	1.6+0.0s
[840/945]	[L1: 0.0276]	1.6+0.0s
[880/945]	[L1: 0.0276]	1.6+0.0s
[920/945]	[L1: 0.0277]	1.9+0.0s

Evaluation:
[UCMerced x4]	psnr: 28.074 (Best: 28.091 @epoch 219)
DEBUG: WandB check - hasattr: True, not None: True, idx_scale: 0
DEBUG: Logging to WandB - epoch: 284, psnr: 28.074119567871094
DEBUG: WandB log_validation called successfully
Total time: 2.03s

[Epoch 285]	Learning rate: 1.13e-5
[40/945]	[L1: 0.0286]	1.6+0.0s
[80/945]	[L1: 0.0305]	1.6+0.0s
[120/945]	[L1: 0.0291]	1.8+0.0s
[160/945]	[L1: 0.0282]	1.6+0.0s
[200/945]	[L1: 0.0281]	1.6+0.0s
[240/945]	[L1: 0.0282]	1.6+0.0s
[280/945]	[L1: 0.0281]	1.5+0.0s
[320/945]	[L1: 0.0277]	1.6+0.0s
[360/945]	[L1: 0.0276]	1.7+0.0s
[400/945]	[L1: 0.0283]	2.2+0.0s
[440/945]	[L1: 0.0285]	1.7+0.0s
[480/945]	[L1: 0.0286]	1.6+0.0s
[520/945]	[L1: 0.0284]	1.7+0.0s
[560/945]	[L1: 0.0282]	1.6+0.0s
[600/945]	[L1: 0.0282]	1.6+0.0s
[640/945]	[L1: 0.0283]	1.6+0.0s
[680/945]	[L1: 0.0281]	1.6+0.0s
[720/945]	[L1: 0.0280]	1.6+0.0s
[760/945]	[L1: 0.0278]	1.6+0.0s
[800/945]	[L1: 0.0278]	2.3+0.0s
[840/945]	[L1: 0.0276]	1.8+0.0s
[880/945]	[L1: 0.0276]	1.7+0.0s
[920/945]	[L1: 0.0276]	2.0+0.0s

Evaluation:
[UCMerced x4]	psnr: 28.082 (Best: 28.091 @epoch 219)
DEBUG: WandB check - hasattr: True, not None: True, idx_scale: 0
DEBUG: Logging to WandB - epoch: 285, psnr: 28.082386016845703
DEBUG: WandB log_validation called successfully
Total time: 2.16s

[Epoch 286]	Learning rate: 1.12e-5
[40/945]	[L1: 0.0282]	1.7+0.0s
[80/945]	[L1: 0.0290]	1.7+0.0s
[120/945]	[L1: 0.0287]	1.6+0.0s
[160/945]	[L1: 0.0281]	1.6+0.0s
[200/945]	[L1: 0.0279]	1.6+0.0s
[240/945]	[L1: 0.0275]	2.1+0.0s
[280/945]	[L1: 0.0275]	1.6+0.0s
[320/945]	[L1: 0.0276]	1.6+0.0s
[360/945]	[L1: 0.0279]	1.7+0.1s
[400/945]	[L1: 0.0277]	1.8+0.0s
[440/945]	[L1: 0.0279]	1.7+0.0s
[480/945]	[L1: 0.0278]	1.9+0.0s
[520/945]	[L1: 0.0278]	1.7+0.0s
[560/945]	[L1: 0.0278]	1.6+0.0s
[600/945]	[L1: 0.0277]	1.5+0.0s
[640/945]	[L1: 0.0280]	2.1+0.0s
[680/945]	[L1: 0.0278]	1.6+0.0s
[720/945]	[L1: 0.0279]	1.6+0.0s
[760/945]	[L1: 0.0278]	1.7+0.0s
[800/945]	[L1: 0.0279]	1.7+0.0s
[840/945]	[L1: 0.0279]	1.7+0.0s
[880/945]	[L1: 0.0279]	1.8+0.0s
[920/945]	[L1: 0.0278]	1.7+0.0s

Evaluation:
[UCMerced x4]	psnr: 28.084 (Best: 28.091 @epoch 219)
DEBUG: WandB check - hasattr: True, not None: True, idx_scale: 0
DEBUG: Logging to WandB - epoch: 286, psnr: 28.083900451660156
DEBUG: WandB log_validation called successfully
Total time: 2.40s

[Epoch 287]	Learning rate: 1.10e-5
[40/945]	[L1: 0.0277]	1.8+0.1s
[80/945]	[L1: 0.0276]	2.1+0.0s
[120/945]	[L1: 0.0276]	1.8+0.0s
[160/945]	[L1: 0.0274]	1.7+0.0s
[200/945]	[L1: 0.0271]	1.6+0.0s
[240/945]	[L1: 0.0273]	1.5+0.0s
[280/945]	[L1: 0.0270]	1.6+0.0s
[320/945]	[L1: 0.0270]	1.6+0.0s
[360/945]	[L1: 0.0275]	1.5+0.0s
[400/945]	[L1: 0.0276]	1.9+0.0s
[440/945]	[L1: 0.0278]	1.8+0.0s
[480/945]	[L1: 0.0277]	2.1+0.0s
[520/945]	[L1: 0.0277]	1.7+0.0s
[560/945]	[L1: 0.0277]	1.6+0.0s
[600/945]	[L1: 0.0277]	1.5+0.0s
[640/945]	[L1: 0.0279]	1.5+0.0s
[680/945]	[L1: 0.0279]	1.6+0.0s
[720/945]	[L1: 0.0278]	1.7+0.0s
[760/945]	[L1: 0.0277]	1.8+0.1s
[800/945]	[L1: 0.0278]	2.1+0.0s
[840/945]	[L1: 0.0278]	1.8+0.1s
[880/945]	[L1: 0.0277]	2.1+0.0s
[920/945]	[L1: 0.0277]	1.7+0.0s

Evaluation:
[UCMerced x4]	psnr: 28.084 (Best: 28.091 @epoch 219)
DEBUG: WandB check - hasattr: True, not None: True, idx_scale: 0
DEBUG: Logging to WandB - epoch: 287, psnr: 28.0841121673584
DEBUG: WandB log_validation called successfully
Total time: 2.16s

[Epoch 288]	Learning rate: 1.09e-5
[40/945]	[L1: 0.0280]	1.8+0.1s
[80/945]	[L1: 0.0285]	1.8+0.0s
[120/945]	[L1: 0.0278]	1.8+0.0s
[160/945]	[L1: 0.0269]	2.0+0.0s
[200/945]	[L1: 0.0272]	1.8+0.0s
[240/945]	[L1: 0.0270]	1.8+0.0s
[280/945]	[L1: 0.0269]	1.7+0.0s
[320/945]	[L1: 0.0272]	1.9+0.0s
[360/945]	[L1: 0.0270]	2.1+0.0s
[400/945]	[L1: 0.0269]	1.7+0.0s
[440/945]	[L1: 0.0269]	1.7+0.0s
[480/945]	[L1: 0.0272]	1.6+0.0s
[520/945]	[L1: 0.0273]	1.5+0.0s
[560/945]	[L1: 0.0272]	1.7+0.0s
[600/945]	[L1: 0.0272]	1.5+0.0s
[640/945]	[L1: 0.0273]	1.7+0.0s
[680/945]	[L1: 0.0273]	1.5+0.0s
[720/945]	[L1: 0.0274]	1.5+0.0s
[760/945]	[L1: 0.0271]	2.1+0.1s
[800/945]	[L1: 0.0272]	1.7+0.1s
[840/945]	[L1: 0.0274]	1.7+0.0s
[880/945]	[L1: 0.0273]	1.5+0.0s
[920/945]	[L1: 0.0275]	1.6+0.0s

Evaluation:
[UCMerced x4]	psnr: 28.077 (Best: 28.091 @epoch 219)
DEBUG: WandB check - hasattr: True, not None: True, idx_scale: 0
DEBUG: Logging to WandB - epoch: 288, psnr: 28.07717514038086
DEBUG: WandB log_validation called successfully
Total time: 2.00s

[Epoch 289]	Learning rate: 1.07e-5
[40/945]	[L1: 0.0285]	1.5+0.0s
[80/945]	[L1: 0.0288]	1.5+0.0s
[120/945]	[L1: 0.0283]	1.7+0.0s
[160/945]	[L1: 0.0277]	1.9+0.0s
[200/945]	[L1: 0.0270]	1.9+0.0s
[240/945]	[L1: 0.0271]	1.6+0.0s
[280/945]	[L1: 0.0274]	1.7+0.0s
[320/945]	[L1: 0.0273]	1.7+0.0s
[360/945]	[L1: 0.0273]	1.7+0.0s
[400/945]	[L1: 0.0274]	1.7+0.0s
[440/945]	[L1: 0.0274]	1.7+0.0s
[480/945]	[L1: 0.0274]	1.7+0.0s
[520/945]	[L1: 0.0274]	1.6+0.0s
[560/945]	[L1: 0.0274]	1.5+0.0s
[600/945]	[L1: 0.0275]	1.9+0.0s
[640/945]	[L1: 0.0275]	1.6+0.0s
[680/945]	[L1: 0.0275]	1.9+0.0s
[720/945]	[L1: 0.0275]	1.7+0.0s
[760/945]	[L1: 0.0277]	1.7+0.0s
[800/945]	[L1: 0.0276]	1.6+0.0s
[840/945]	[L1: 0.0276]	1.6+0.0s
[880/945]	[L1: 0.0276]	1.5+0.0s
[920/945]	[L1: 0.0277]	1.7+0.1s

Evaluation:
[UCMerced x4]	psnr: 28.077 (Best: 28.091 @epoch 219)
DEBUG: WandB check - hasattr: True, not None: True, idx_scale: 0
DEBUG: Logging to WandB - epoch: 289, psnr: 28.07720184326172
DEBUG: WandB log_validation called successfully
Total time: 2.08s

[Epoch 290]	Learning rate: 1.06e-5
[40/945]	[L1: 0.0293]	2.1+0.0s
[80/945]	[L1: 0.0286]	1.6+0.0s
[120/945]	[L1: 0.0279]	1.6+0.0s
[160/945]	[L1: 0.0276]	1.6+0.0s
[200/945]	[L1: 0.0279]	1.6+0.0s
[240/945]	[L1: 0.0278]	1.6+0.0s
[280/945]	[L1: 0.0275]	1.5+0.0s
[320/945]	[L1: 0.0275]	1.6+0.1s
[360/945]	[L1: 0.0276]	1.6+0.0s
[400/945]	[L1: 0.0277]	1.6+0.0s
[440/945]	[L1: 0.0275]	2.3+0.0s
[480/945]	[L1: 0.0277]	1.5+0.0s
[520/945]	[L1: 0.0278]	1.6+0.0s
[560/945]	[L1: 0.0278]	1.6+0.0s
[600/945]	[L1: 0.0279]	1.6+0.0s
[640/945]	[L1: 0.0280]	1.5+0.0s
[680/945]	[L1: 0.0280]	1.6+0.0s
[720/945]	[L1: 0.0279]	1.5+0.0s
[760/945]	[L1: 0.0277]	1.6+0.0s
[800/945]	[L1: 0.0276]	1.6+0.0s
[840/945]	[L1: 0.0276]	2.1+0.0s
[880/945]	[L1: 0.0276]	1.6+0.0s
[920/945]	[L1: 0.0276]	1.5+0.0s

Evaluation:
[UCMerced x4]	psnr: 28.080 (Best: 28.091 @epoch 219)
DEBUG: WandB check - hasattr: True, not None: True, idx_scale: 0
DEBUG: Logging to WandB - epoch: 290, psnr: 28.079952239990234
DEBUG: WandB log_validation called successfully
Total time: 2.00s

[Epoch 291]	Learning rate: 1.05e-5
[40/945]	[L1: 0.0276]	1.5+0.0s
[80/945]	[L1: 0.0283]	1.5+0.0s
[120/945]	[L1: 0.0280]	1.5+0.0s
[160/945]	[L1: 0.0274]	1.7+0.0s
[200/945]	[L1: 0.0280]	1.5+0.0s
[240/945]	[L1: 0.0281]	1.6+0.0s
[280/945]	[L1: 0.0280]	1.9+0.0s
[320/945]	[L1: 0.0285]	1.6+0.0s
[360/945]	[L1: 0.0285]	1.6+0.0s
[400/945]	[L1: 0.0284]	1.6+0.0s
[440/945]	[L1: 0.0283]	1.7+0.0s
[480/945]	[L1: 0.0282]	1.7+0.0s
[520/945]	[L1: 0.0279]	1.5+0.0s
[560/945]	[L1: 0.0279]	1.7+0.0s
[600/945]	[L1: 0.0279]	1.5+0.0s
[640/945]	[L1: 0.0279]	1.5+0.1s
[680/945]	[L1: 0.0278]	1.9+0.0s
[720/945]	[L1: 0.0277]	1.5+0.0s
[760/945]	[L1: 0.0277]	1.5+0.0s
[800/945]	[L1: 0.0277]	1.5+0.0s
[840/945]	[L1: 0.0277]	1.5+0.0s
[880/945]	[L1: 0.0277]	1.5+0.0s
[920/945]	[L1: 0.0277]	1.6+0.0s

Evaluation:
[UCMerced x4]	psnr: 28.082 (Best: 28.091 @epoch 219)
DEBUG: WandB check - hasattr: True, not None: True, idx_scale: 0
DEBUG: Logging to WandB - epoch: 291, psnr: 28.082290649414062
DEBUG: WandB log_validation called successfully
Total time: 2.15s

[Epoch 292]	Learning rate: 1.04e-5
[40/945]	[L1: 0.0298]	1.6+0.0s
[80/945]	[L1: 0.0282]	1.6+0.0s
[120/945]	[L1: 0.0278]	1.5+0.0s
[160/945]	[L1: 0.0278]	1.9+0.0s
[200/945]	[L1: 0.0274]	1.6+0.0s
[240/945]	[L1: 0.0275]	1.5+0.0s
[280/945]	[L1: 0.0274]	1.5+0.0s
[320/945]	[L1: 0.0274]	1.7+0.0s
[360/945]	[L1: 0.0271]	1.8+0.0s
[400/945]	[L1: 0.0269]	1.7+0.0s
[440/945]	[L1: 0.0270]	1.7+0.0s
[480/945]	[L1: 0.0272]	1.5+0.0s
[520/945]	[L1: 0.0271]	1.5+0.0s
[560/945]	[L1: 0.0270]	1.8+0.0s
[600/945]	[L1: 0.0271]	1.5+0.0s
[640/945]	[L1: 0.0273]	1.5+0.0s
[680/945]	[L1: 0.0274]	1.6+0.0s
[720/945]	[L1: 0.0274]	1.7+0.0s
[760/945]	[L1: 0.0275]	1.5+0.0s
[800/945]	[L1: 0.0277]	1.6+0.0s
[840/945]	[L1: 0.0277]	1.7+0.0s
[880/945]	[L1: 0.0278]	1.6+0.0s
[920/945]	[L1: 0.0278]	1.5+0.0s

Evaluation:
[UCMerced x4]	psnr: 28.076 (Best: 28.091 @epoch 219)
DEBUG: WandB check - hasattr: True, not None: True, idx_scale: 0
DEBUG: Logging to WandB - epoch: 292, psnr: 28.076400756835938
DEBUG: WandB log_validation called successfully
Total time: 2.03s

[Epoch 293]	Learning rate: 1.03e-5
[40/945]	[L1: 0.0267]	1.5+0.0s
[80/945]	[L1: 0.0260]	1.7+0.0s
[120/945]	[L1: 0.0266]	1.5+0.0s
[160/945]	[L1: 0.0261]	1.5+0.0s
[200/945]	[L1: 0.0264]	1.7+0.0s
[240/945]	[L1: 0.0263]	1.5+0.0s
[280/945]	[L1: 0.0261]	1.6+0.0s
[320/945]	[L1: 0.0260]	1.6+0.0s
[360/945]	[L1: 0.0260]	1.6+0.0s
[400/945]	[L1: 0.0263]	1.9+0.0s
[440/945]	[L1: 0.0268]	1.7+0.0s
[480/945]	[L1: 0.0271]	1.7+0.0s
[520/945]	[L1: 0.0269]	1.7+0.0s
[560/945]	[L1: 0.0271]	1.7+0.0s
[600/945]	[L1: 0.0272]	1.6+0.0s
[640/945]	[L1: 0.0272]	1.6+0.0s
[680/945]	[L1: 0.0273]	1.7+0.0s
[720/945]	[L1: 0.0273]	1.6+0.0s
[760/945]	[L1: 0.0275]	1.7+0.0s
[800/945]	[L1: 0.0275]	2.0+0.0s
[840/945]	[L1: 0.0275]	1.6+0.0s
[880/945]	[L1: 0.0276]	1.7+0.0s
[920/945]	[L1: 0.0277]	1.6+0.0s

Evaluation:
[UCMerced x4]	psnr: 28.080 (Best: 28.091 @epoch 219)
DEBUG: WandB check - hasattr: True, not None: True, idx_scale: 0
DEBUG: Logging to WandB - epoch: 293, psnr: 28.080167770385742
DEBUG: WandB log_validation called successfully
Total time: 2.16s

[Epoch 294]	Learning rate: 1.03e-5
[40/945]	[L1: 0.0284]	1.6+0.1s
[80/945]	[L1: 0.0273]	1.6+0.0s
[120/945]	[L1: 0.0270]	1.6+0.0s
[160/945]	[L1: 0.0270]	1.6+0.0s
[200/945]	[L1: 0.0271]	1.7+0.0s
[240/945]	[L1: 0.0266]	1.9+0.0s
[280/945]	[L1: 0.0270]	1.6+0.1s
[320/945]	[L1: 0.0268]	1.5+0.0s
[360/945]	[L1: 0.0270]	1.7+0.0s
[400/945]	[L1: 0.0268]	1.6+0.0s
[440/945]	[L1: 0.0268]	1.6+0.0s
[480/945]	[L1: 0.0270]	1.6+0.0s
[520/945]	[L1: 0.0271]	1.6+0.0s
[560/945]	[L1: 0.0270]	1.8+0.0s
[600/945]	[L1: 0.0272]	2.0+0.0s
[640/945]	[L1: 0.0273]	2.1+0.0s
[680/945]	[L1: 0.0275]	1.7+0.1s
[720/945]	[L1: 0.0276]	1.7+0.0s
[760/945]	[L1: 0.0274]	1.7+0.0s
[800/945]	[L1: 0.0276]	1.8+0.0s
[840/945]	[L1: 0.0277]	1.7+0.0s
[880/945]	[L1: 0.0277]	1.6+0.0s
[920/945]	[L1: 0.0276]	1.7+0.0s

Evaluation:
[UCMerced x4]	psnr: 28.080 (Best: 28.091 @epoch 219)
DEBUG: WandB check - hasattr: True, not None: True, idx_scale: 0
DEBUG: Logging to WandB - epoch: 294, psnr: 28.080371856689453
DEBUG: WandB log_validation called successfully
Total time: 2.27s

[Epoch 295]	Learning rate: 1.02e-5
[40/945]	[L1: 0.0251]	1.6+0.1s
[80/945]	[L1: 0.0263]	1.6+0.0s
[120/945]	[L1: 0.0269]	2.0+0.0s
[160/945]	[L1: 0.0266]	1.6+0.0s
[200/945]	[L1: 0.0269]	1.7+0.0s
[240/945]	[L1: 0.0269]	1.8+0.0s
[280/945]	[L1: 0.0273]	1.7+0.0s
[320/945]	[L1: 0.0272]	1.7+0.0s
[360/945]	[L1: 0.0273]	1.7+0.0s
[400/945]	[L1: 0.0274]	1.5+0.0s
[440/945]	[L1: 0.0272]	1.6+0.0s
[480/945]	[L1: 0.0275]	1.6+0.0s
[520/945]	[L1: 0.0274]	1.8+0.0s
[560/945]	[L1: 0.0276]	1.5+0.0s
[600/945]	[L1: 0.0277]	1.6+0.0s
[640/945]	[L1: 0.0279]	1.5+0.0s
[680/945]	[L1: 0.0279]	1.5+0.0s
[720/945]	[L1: 0.0279]	1.6+0.0s
[760/945]	[L1: 0.0277]	1.7+0.0s
[800/945]	[L1: 0.0277]	1.5+0.0s
[840/945]	[L1: 0.0277]	1.6+0.0s
[880/945]	[L1: 0.0277]	1.5+0.0s
[920/945]	[L1: 0.0277]	1.9+0.0s

Evaluation:
[UCMerced x4]	psnr: 28.083 (Best: 28.091 @epoch 219)
DEBUG: WandB check - hasattr: True, not None: True, idx_scale: 0
DEBUG: Logging to WandB - epoch: 295, psnr: 28.08331298828125
DEBUG: WandB log_validation called successfully
Total time: 2.02s

[Epoch 296]	Learning rate: 1.01e-5
[40/945]	[L1: 0.0304]	1.6+0.0s
[80/945]	[L1: 0.0281]	1.7+0.0s
[120/945]	[L1: 0.0277]	1.6+0.0s
[160/945]	[L1: 0.0280]	1.5+0.0s
[200/945]	[L1: 0.0285]	1.6+0.0s
[240/945]	[L1: 0.0288]	1.6+0.0s
[280/945]	[L1: 0.0285]	1.6+0.0s
[320/945]	[L1: 0.0283]	1.6+0.0s
[360/945]	[L1: 0.0283]	1.9+0.0s
[400/945]	[L1: 0.0280]	1.6+0.0s
[440/945]	[L1: 0.0281]	1.5+0.0s
[480/945]	[L1: 0.0282]	1.7+0.0s
[520/945]	[L1: 0.0282]	1.6+0.0s
[560/945]	[L1: 0.0279]	1.5+0.0s
[600/945]	[L1: 0.0281]	1.5+0.0s
[640/945]	[L1: 0.0280]	1.6+0.0s
[680/945]	[L1: 0.0279]	1.6+0.0s
[720/945]	[L1: 0.0278]	1.5+0.0s
[760/945]	[L1: 0.0278]	1.9+0.0s
[800/945]	[L1: 0.0278]	1.5+0.0s
[840/945]	[L1: 0.0277]	1.5+0.0s
[880/945]	[L1: 0.0276]	1.7+0.0s
[920/945]	[L1: 0.0276]	1.5+0.0s

Evaluation:
[UCMerced x4]	psnr: 28.080 (Best: 28.091 @epoch 219)
DEBUG: WandB check - hasattr: True, not None: True, idx_scale: 0
DEBUG: Logging to WandB - epoch: 296, psnr: 28.080045700073242
DEBUG: WandB log_validation called successfully
Total time: 2.02s

[Epoch 297]	Learning rate: 1.01e-5
[40/945]	[L1: 0.0296]	1.6+0.0s
[80/945]	[L1: 0.0282]	1.7+0.0s
[120/945]	[L1: 0.0277]	1.7+0.0s
[160/945]	[L1: 0.0279]	1.5+0.0s
[200/945]	[L1: 0.0277]	2.0+0.0s
[240/945]	[L1: 0.0279]	1.7+0.0s
[280/945]	[L1: 0.0282]	1.7+0.0s
[320/945]	[L1: 0.0280]	1.7+0.0s
[360/945]	[L1: 0.0279]	1.7+0.0s
[400/945]	[L1: 0.0281]	1.5+0.0s
[440/945]	[L1: 0.0281]	1.5+0.1s
[480/945]	[L1: 0.0282]	1.7+0.0s
[520/945]	[L1: 0.0281]	1.7+0.0s
[560/945]	[L1: 0.0282]	1.7+0.0s
[600/945]	[L1: 0.0280]	2.0+0.0s
[640/945]	[L1: 0.0280]	1.8+0.0s
[680/945]	[L1: 0.0278]	1.7+0.0s
[720/945]	[L1: 0.0277]	1.6+0.0s
[760/945]	[L1: 0.0276]	1.5+0.0s
[800/945]	[L1: 0.0277]	1.6+0.0s
[840/945]	[L1: 0.0276]	1.6+0.0s
[880/945]	[L1: 0.0276]	1.6+0.0s
[920/945]	[L1: 0.0276]	1.5+0.0s

Evaluation:
[UCMerced x4]	psnr: 28.084 (Best: 28.091 @epoch 219)
DEBUG: WandB check - hasattr: True, not None: True, idx_scale: 0
DEBUG: Logging to WandB - epoch: 297, psnr: 28.084457397460938
DEBUG: WandB log_validation called successfully
Total time: 2.17s

[Epoch 298]	Learning rate: 1.00e-5
[40/945]	[L1: 0.0275]	1.6+0.0s
[80/945]	[L1: 0.0280]	2.0+0.0s
[120/945]	[L1: 0.0281]	1.6+0.0s
[160/945]	[L1: 0.0273]	1.7+0.0s
[200/945]	[L1: 0.0273]	1.5+0.0s
[240/945]	[L1: 0.0277]	1.6+0.1s
[280/945]	[L1: 0.0278]	1.6+0.0s
[320/945]	[L1: 0.0276]	1.5+0.0s
[360/945]	[L1: 0.0275]	1.5+0.0s
[400/945]	[L1: 0.0273]	1.8+0.0s
[440/945]	[L1: 0.0273]	1.8+0.0s
[480/945]	[L1: 0.0274]	2.0+0.0s
[520/945]	[L1: 0.0276]	1.7+0.0s
[560/945]	[L1: 0.0275]	1.7+0.0s
[600/945]	[L1: 0.0275]	1.7+0.0s
[640/945]	[L1: 0.0275]	1.7+0.0s
[680/945]	[L1: 0.0275]	1.6+0.0s
[720/945]	[L1: 0.0274]	1.5+0.0s
[760/945]	[L1: 0.0276]	1.6+0.0s
[800/945]	[L1: 0.0276]	1.8+0.0s
[840/945]	[L1: 0.0276]	1.5+0.0s
[880/945]	[L1: 0.0275]	1.9+0.0s
[920/945]	[L1: 0.0276]	1.6+0.0s

Evaluation:
[UCMerced x4]	psnr: 28.075 (Best: 28.091 @epoch 219)
DEBUG: WandB check - hasattr: True, not None: True, idx_scale: 0
DEBUG: Logging to WandB - epoch: 298, psnr: 28.075397491455078
DEBUG: WandB log_validation called successfully
Total time: 2.07s

[Epoch 299]	Learning rate: 1.00e-5
[40/945]	[L1: 0.0276]	1.5+0.0s
[80/945]	[L1: 0.0262]	1.5+0.0s
[120/945]	[L1: 0.0276]	1.7+0.0s
[160/945]	[L1: 0.0271]	1.5+0.0s
[200/945]	[L1: 0.0268]	1.5+0.0s
[240/945]	[L1: 0.0274]	1.5+0.0s
[280/945]	[L1: 0.0273]	1.5+0.0s
[320/945]	[L1: 0.0272]	1.8+0.0s
[360/945]	[L1: 0.0274]	1.5+0.0s
[400/945]	[L1: 0.0274]	1.5+0.0s
[440/945]	[L1: 0.0275]	1.6+0.0s
[480/945]	[L1: 0.0273]	1.5+0.0s
[520/945]	[L1: 0.0274]	1.7+0.0s
[560/945]	[L1: 0.0275]	1.5+0.0s
[600/945]	[L1: 0.0276]	1.5+0.0s
[640/945]	[L1: 0.0274]	1.5+0.0s
[680/945]	[L1: 0.0275]	1.6+0.0s
[720/945]	[L1: 0.0275]	1.8+0.0s
[760/945]	[L1: 0.0275]	1.6+0.0s
[800/945]	[L1: 0.0276]	1.6+0.0s
[840/945]	[L1: 0.0276]	1.7+0.0s
[880/945]	[L1: 0.0277]	1.6+0.0s
[920/945]	[L1: 0.0276]	1.8+0.0s

Evaluation:
[UCMerced x4]	psnr: 28.083 (Best: 28.091 @epoch 219)
DEBUG: WandB check - hasattr: True, not None: True, idx_scale: 0
DEBUG: Logging to WandB - epoch: 299, psnr: 28.083345413208008
DEBUG: WandB log_validation called successfully
Total time: 2.01s

✅ WandB run finished
✅ Training completed!
🧪 Generated 1 experiments
📁 Results will be saved to ../experiment

📋 Experiment List:
   1: s1_trans_rala_001_s1_trans_rala_w32

================================================================================
🧪 Running Experiment 1/1: s1_trans_rala_001_s1_trans_rala_w32
================================================================================
📋 Configuration:
   model: symunet_pretrain_rala
   dataset: UCMerced
   scale: 4
   epochs: 300
   batch_size: 4
   ext: img
   patch_size: 192
   resume: 0
   symunet_pretrain_enc_blk_nums: 4,6
   symunet_pretrain_dec_blk_nums: 6,4
   optimizer: ADAMW
   scheduler: cosine
   lr: 0.0002
   loss: 1*L1
   symunet_pretrain_width: 32
   use_wandb: True
   wandb_project: SymUNet-Pretrain-Variants
   wandb_name: s1_trans_rala_001_s1_trans_rala_w32
   save_every_n_steps: 50
   save: s1_trans_rala_001_s1_trans_rala_w32

🚀 Starting training...

✅ Experiment s1_trans_rala_001_s1_trans_rala_w32 completed in 3.53 hours
Status: SUCCESS

📊 Results saved to ../experiment/experiment_results.csv

================================================================================
📊 EXPERIMENT RESULTS SUMMARY
================================================================================
✅ Successful experiments: 1
❌ Failed experiments: 0
📈 Success rate: 100.0%
⏱️ Average training time: 3.53 hours
🕐 Total training time: 3.53 hours

📋 Individual Results:
ID   Name                                     Status     Duration (h)
--------------------------------------------------------------------------------
1    s1_trans_rala_001_s1_trans_rala_w32      SUCCESS    3.53        

📊 Results saved to ../experiment/experiment_results.csv

================================================================================
📊 EXPERIMENT RESULTS SUMMARY
================================================================================
✅ Successful experiments: 1
❌ Failed experiments: 0
📈 Success rate: 100.0%
⏱️ Average training time: 3.53 hours
🕐 Total training time: 3.53 hours

📋 Individual Results:
ID   Name                                     Status     Duration (h)
--------------------------------------------------------------------------------
1    s1_trans_rala_001_s1_trans_rala_w32      SUCCESS    3.53        

🎉 All experiments completed!
Configuration:
  Model: symunet_pretrain_rala
  Scale: [4]
  Data dir: /root/autodl-tmp/TransENet_base/datasets/UCMerced-dataset/test/LR_x4
  Output dir: ../experiment/results/s1_trans_rala_46W32/x4
  Pre-trained model: ../experiment/s1_trans_rala_001_s1_trans_rala_w32/model/model_best.pt
--------------------------------------------------
Making model...
[MAB] 使用 RALA2D (num_head=4)
[MAB] 使用 RALA2D (num_head=4)
[MAB] 使用 RALA2D (num_head=4)
[MAB] 使用 RALA2D (num_head=4)
[MAB] 使用 RALA2D (num_head=4)
[MAB] 使用 RALA2D (num_head=4)
[MAB] 使用 RALA2D (num_head=4)
[MAB] 使用 RALA2D (num_head=4)
[MAB] 使用 RALA2D (num_head=4)
[MAB] 使用 RALA2D (num_head=4)
[MAB] 使用 RALA2D (num_head=4)
[MAB] 使用 RALA2D (num_head=4)
[MAB] 使用 RALA2D (num_head=4)
[MAB] 使用 RALA2D (num_head=4)
[MAB] 使用 RALA2D (num_head=4)
[MAB] 使用 RALA2D (num_head=4)
[MAB] 使用 RALA2D (num_head=4)
[MAB] 使用 RALA2D (num_head=4)
[MAB] 使用 RALA2D (num_head=4)
[MAB] 使用 RALA2D (num_head=4)
Loading model from ../experiment/s1_trans_rala_001_s1_trans_rala_w32/model/model_best.pt
SymUNet_Pretrain_RALA(
  (pre_upsample): Upsample(scale_factor=4.0, mode='bicubic')
  (intro): Conv2d(3, 32, kernel_size=(3, 3), stride=(1, 1), padding=(1, 1))
  (ending): Conv2d(32, 3, kernel_size=(3, 3), stride=(1, 1), padding=(1, 1))
  (encoders): ModuleList(
    (0): Sequential(
      (0): S1_TransBlock_NoMAB1(
        (lab): LAB(
          (net): Sequential(
            (0): Conv2d(32, 32, kernel_size=(1, 1), stride=(1, 1))
            (1): GELU(approximate='none')
            (2): Conv2d(32, 32, kernel_size=(3, 3), stride=(1, 1), padding=(1, 1), groups=32)
            (3): GELU(approximate='none')
            (4): ChannelAttention(
              (attention): Sequential(
                (0): AdaptiveAvgPool2d(output_size=1)
                (1): Conv2d(32, 8, kernel_size=(1, 1), stride=(1, 1))
                (2): SiLU()
                (3): Conv2d(8, 32, kernel_size=(1, 1), stride=(1, 1))
                (4): Sigmoid()
              )
            )
            (5): Conv2d(32, 32, kernel_size=(1, 1), stride=(1, 1))
          )
        )
        (mab2): MAB(
          (norm1): LayerNorm2d()
          (attn): RALA2D(
            (rope): RALARoPE()
            (attn): GateLinearAttentionNoSilu(
              (qkvo): Conv2d(32, 128, kernel_size=(1, 1), stride=(1, 1))
              (elu): ELU(alpha=1.0)
              (lepe): Conv2d(32, 32, kernel_size=(5, 5), stride=(1, 1), padding=(2, 2), groups=32)
              (proj): Conv2d(32, 32, kernel_size=(1, 1), stride=(1, 1))
            )
          )
          (norm2): LayerNorm2d()
          (ffn): MSConvStar(
            (fc1): Conv2d(32, 64, kernel_size=(1, 1), stride=(1, 1))
            (dwconv): MSDWConv(
              (proj): ModuleList(
                (0): Conv2d(16, 16, kernel_size=(1, 1), stride=(1, 1), groups=16)
                (1): Conv2d(16, 16, kernel_size=(3, 3), stride=(1, 1), padding=(1, 1), groups=16)
                (2): Conv2d(16, 16, kernel_size=(5, 5), stride=(1, 1), padding=(2, 2), groups=16)
                (3): Conv2d(16, 16, kernel_size=(7, 7), stride=(1, 1), padding=(3, 3), groups=16)
              )
            )
            (fc2): Conv2d(32, 32, kernel_size=(1, 1), stride=(1, 1))
            (act): GELU(approximate='none')
          )
        )
        (conv): Conv2d(32, 32, kernel_size=(3, 3), stride=(1, 1), padding=(1, 1))
      )
      (1): S1_TransBlock_NoMAB1(
        (lab): LAB(
          (net): Sequential(
            (0): Conv2d(32, 32, kernel_size=(1, 1), stride=(1, 1))
            (1): GELU(approximate='none')
            (2): Conv2d(32, 32, kernel_size=(3, 3), stride=(1, 1), padding=(1, 1), groups=32)
            (3): GELU(approximate='none')
            (4): ChannelAttention(
              (attention): Sequential(
                (0): AdaptiveAvgPool2d(output_size=1)
                (1): Conv2d(32, 8, kernel_size=(1, 1), stride=(1, 1))
                (2): SiLU()
                (3): Conv2d(8, 32, kernel_size=(1, 1), stride=(1, 1))
                (4): Sigmoid()
              )
            )
            (5): Conv2d(32, 32, kernel_size=(1, 1), stride=(1, 1))
          )
        )
        (mab2): MAB(
          (norm1): LayerNorm2d()
          (attn): RALA2D(
            (rope): RALARoPE()
            (attn): GateLinearAttentionNoSilu(
              (qkvo): Conv2d(32, 128, kernel_size=(1, 1), stride=(1, 1))
              (elu): ELU(alpha=1.0)
              (lepe): Conv2d(32, 32, kernel_size=(5, 5), stride=(1, 1), padding=(2, 2), groups=32)
              (proj): Conv2d(32, 32, kernel_size=(1, 1), stride=(1, 1))
            )
          )
          (norm2): LayerNorm2d()
          (ffn): MSConvStar(
            (fc1): Conv2d(32, 64, kernel_size=(1, 1), stride=(1, 1))
            (dwconv): MSDWConv(
              (proj): ModuleList(
                (0): Conv2d(16, 16, kernel_size=(1, 1), stride=(1, 1), groups=16)
                (1): Conv2d(16, 16, kernel_size=(3, 3), stride=(1, 1), padding=(1, 1), groups=16)
                (2): Conv2d(16, 16, kernel_size=(5, 5), stride=(1, 1), padding=(2, 2), groups=16)
                (3): Conv2d(16, 16, kernel_size=(7, 7), stride=(1, 1), padding=(3, 3), groups=16)
              )
            )
            (fc2): Conv2d(32, 32, kernel_size=(1, 1), stride=(1, 1))
            (act): GELU(approximate='none')
          )
        )
        (conv): Conv2d(32, 32, kernel_size=(3, 3), stride=(1, 1), padding=(1, 1))
      )
      (2): S1_TransBlock_NoMAB1(
        (lab): LAB(
          (net): Sequential(
            (0): Conv2d(32, 32, kernel_size=(1, 1), stride=(1, 1))
            (1): GELU(approximate='none')
            (2): Conv2d(32, 32, kernel_size=(3, 3), stride=(1, 1), padding=(1, 1), groups=32)
            (3): GELU(approximate='none')
            (4): ChannelAttention(
              (attention): Sequential(
                (0): AdaptiveAvgPool2d(output_size=1)
                (1): Conv2d(32, 8, kernel_size=(1, 1), stride=(1, 1))
                (2): SiLU()
                (3): Conv2d(8, 32, kernel_size=(1, 1), stride=(1, 1))
                (4): Sigmoid()
              )
            )
            (5): Conv2d(32, 32, kernel_size=(1, 1), stride=(1, 1))
          )
        )
        (mab2): MAB(
          (norm1): LayerNorm2d()
          (attn): RALA2D(
            (rope): RALARoPE()
            (attn): GateLinearAttentionNoSilu(
              (qkvo): Conv2d(32, 128, kernel_size=(1, 1), stride=(1, 1))
              (elu): ELU(alpha=1.0)
              (lepe): Conv2d(32, 32, kernel_size=(5, 5), stride=(1, 1), padding=(2, 2), groups=32)
              (proj): Conv2d(32, 32, kernel_size=(1, 1), stride=(1, 1))
            )
          )
          (norm2): LayerNorm2d()
          (ffn): MSConvStar(
            (fc1): Conv2d(32, 64, kernel_size=(1, 1), stride=(1, 1))
            (dwconv): MSDWConv(
              (proj): ModuleList(
                (0): Conv2d(16, 16, kernel_size=(1, 1), stride=(1, 1), groups=16)
                (1): Conv2d(16, 16, kernel_size=(3, 3), stride=(1, 1), padding=(1, 1), groups=16)
                (2): Conv2d(16, 16, kernel_size=(5, 5), stride=(1, 1), padding=(2, 2), groups=16)
                (3): Conv2d(16, 16, kernel_size=(7, 7), stride=(1, 1), padding=(3, 3), groups=16)
              )
            )
            (fc2): Conv2d(32, 32, kernel_size=(1, 1), stride=(1, 1))
            (act): GELU(approximate='none')
          )
        )
        (conv): Conv2d(32, 32, kernel_size=(3, 3), stride=(1, 1), padding=(1, 1))
      )
      (3): S1_TransBlock_NoMAB1(
        (lab): LAB(
          (net): Sequential(
            (0): Conv2d(32, 32, kernel_size=(1, 1), stride=(1, 1))
            (1): GELU(approximate='none')
            (2): Conv2d(32, 32, kernel_size=(3, 3), stride=(1, 1), padding=(1, 1), groups=32)
            (3): GELU(approximate='none')
            (4): ChannelAttention(
              (attention): Sequential(
                (0): AdaptiveAvgPool2d(output_size=1)
                (1): Conv2d(32, 8, kernel_size=(1, 1), stride=(1, 1))
                (2): SiLU()
                (3): Conv2d(8, 32, kernel_size=(1, 1), stride=(1, 1))
                (4): Sigmoid()
              )
            )
            (5): Conv2d(32, 32, kernel_size=(1, 1), stride=(1, 1))
          )
        )
        (mab2): MAB(
          (norm1): LayerNorm2d()
          (attn): RALA2D(
            (rope): RALARoPE()
            (attn): GateLinearAttentionNoSilu(
              (qkvo): Conv2d(32, 128, kernel_size=(1, 1), stride=(1, 1))
              (elu): ELU(alpha=1.0)
              (lepe): Conv2d(32, 32, kernel_size=(5, 5), stride=(1, 1), padding=(2, 2), groups=32)
              (proj): Conv2d(32, 32, kernel_size=(1, 1), stride=(1, 1))
            )
          )
          (norm2): LayerNorm2d()
          (ffn): MSConvStar(
            (fc1): Conv2d(32, 64, kernel_size=(1, 1), stride=(1, 1))
            (dwconv): MSDWConv(
              (proj): ModuleList(
                (0): Conv2d(16, 16, kernel_size=(1, 1), stride=(1, 1), groups=16)
                (1): Conv2d(16, 16, kernel_size=(3, 3), stride=(1, 1), padding=(1, 1), groups=16)
                (2): Conv2d(16, 16, kernel_size=(5, 5), stride=(1, 1), padding=(2, 2), groups=16)
                (3): Conv2d(16, 16, kernel_size=(7, 7), stride=(1, 1), padding=(3, 3), groups=16)
              )
            )
            (fc2): Conv2d(32, 32, kernel_size=(1, 1), stride=(1, 1))
            (act): GELU(approximate='none')
          )
        )
        (conv): Conv2d(32, 32, kernel_size=(3, 3), stride=(1, 1), padding=(1, 1))
      )
    )
    (1): Sequential(
      (0): S1_TransBlock_NoMAB1(
        (lab): LAB(
          (net): Sequential(
            (0): Conv2d(64, 64, kernel_size=(1, 1), stride=(1, 1))
            (1): GELU(approximate='none')
            (2): Conv2d(64, 64, kernel_size=(3, 3), stride=(1, 1), padding=(1, 1), groups=64)
            (3): GELU(approximate='none')
            (4): ChannelAttention(
              (attention): Sequential(
                (0): AdaptiveAvgPool2d(output_size=1)
                (1): Conv2d(64, 16, kernel_size=(1, 1), stride=(1, 1))
                (2): SiLU()
                (3): Conv2d(16, 64, kernel_size=(1, 1), stride=(1, 1))
                (4): Sigmoid()
              )
            )
            (5): Conv2d(64, 64, kernel_size=(1, 1), stride=(1, 1))
          )
        )
        (mab2): MAB(
          (norm1): LayerNorm2d()
          (attn): RALA2D(
            (rope): RALARoPE()
            (attn): GateLinearAttentionNoSilu(
              (qkvo): Conv2d(64, 256, kernel_size=(1, 1), stride=(1, 1))
              (elu): ELU(alpha=1.0)
              (lepe): Conv2d(64, 64, kernel_size=(5, 5), stride=(1, 1), padding=(2, 2), groups=64)
              (proj): Conv2d(64, 64, kernel_size=(1, 1), stride=(1, 1))
            )
          )
          (norm2): LayerNorm2d()
          (ffn): MSConvStar(
            (fc1): Conv2d(64, 128, kernel_size=(1, 1), stride=(1, 1))
            (dwconv): MSDWConv(
              (proj): ModuleList(
                (0): Conv2d(32, 32, kernel_size=(1, 1), stride=(1, 1), groups=32)
                (1): Conv2d(32, 32, kernel_size=(3, 3), stride=(1, 1), padding=(1, 1), groups=32)
                (2): Conv2d(32, 32, kernel_size=(5, 5), stride=(1, 1), padding=(2, 2), groups=32)
                (3): Conv2d(32, 32, kernel_size=(7, 7), stride=(1, 1), padding=(3, 3), groups=32)
              )
            )
            (fc2): Conv2d(64, 64, kernel_size=(1, 1), stride=(1, 1))
            (act): GELU(approximate='none')
          )
        )
        (conv): Conv2d(64, 64, kernel_size=(3, 3), stride=(1, 1), padding=(1, 1))
      )
      (1): S1_TransBlock_NoMAB1(
        (lab): LAB(
          (net): Sequential(
            (0): Conv2d(64, 64, kernel_size=(1, 1), stride=(1, 1))
            (1): GELU(approximate='none')
            (2): Conv2d(64, 64, kernel_size=(3, 3), stride=(1, 1), padding=(1, 1), groups=64)
            (3): GELU(approximate='none')
            (4): ChannelAttention(
              (attention): Sequential(
                (0): AdaptiveAvgPool2d(output_size=1)
                (1): Conv2d(64, 16, kernel_size=(1, 1), stride=(1, 1))
                (2): SiLU()
                (3): Conv2d(16, 64, kernel_size=(1, 1), stride=(1, 1))
                (4): Sigmoid()
              )
            )
            (5): Conv2d(64, 64, kernel_size=(1, 1), stride=(1, 1))
          )
        )
        (mab2): MAB(
          (norm1): LayerNorm2d()
          (attn): RALA2D(
            (rope): RALARoPE()
            (attn): GateLinearAttentionNoSilu(
              (qkvo): Conv2d(64, 256, kernel_size=(1, 1), stride=(1, 1))
              (elu): ELU(alpha=1.0)
              (lepe): Conv2d(64, 64, kernel_size=(5, 5), stride=(1, 1), padding=(2, 2), groups=64)
              (proj): Conv2d(64, 64, kernel_size=(1, 1), stride=(1, 1))
            )
          )
          (norm2): LayerNorm2d()
          (ffn): MSConvStar(
            (fc1): Conv2d(64, 128, kernel_size=(1, 1), stride=(1, 1))
            (dwconv): MSDWConv(
              (proj): ModuleList(
                (0): Conv2d(32, 32, kernel_size=(1, 1), stride=(1, 1), groups=32)
                (1): Conv2d(32, 32, kernel_size=(3, 3), stride=(1, 1), padding=(1, 1), groups=32)
                (2): Conv2d(32, 32, kernel_size=(5, 5), stride=(1, 1), padding=(2, 2), groups=32)
                (3): Conv2d(32, 32, kernel_size=(7, 7), stride=(1, 1), padding=(3, 3), groups=32)
              )
            )
            (fc2): Conv2d(64, 64, kernel_size=(1, 1), stride=(1, 1))
            (act): GELU(approximate='none')
          )
        )
        (conv): Conv2d(64, 64, kernel_size=(3, 3), stride=(1, 1), padding=(1, 1))
      )
      (2): S1_TransBlock_NoMAB1(
        (lab): LAB(
          (net): Sequential(
            (0): Conv2d(64, 64, kernel_size=(1, 1), stride=(1, 1))
            (1): GELU(approximate='none')
            (2): Conv2d(64, 64, kernel_size=(3, 3), stride=(1, 1), padding=(1, 1), groups=64)
            (3): GELU(approximate='none')
            (4): ChannelAttention(
              (attention): Sequential(
                (0): AdaptiveAvgPool2d(output_size=1)
                (1): Conv2d(64, 16, kernel_size=(1, 1), stride=(1, 1))
                (2): SiLU()
                (3): Conv2d(16, 64, kernel_size=(1, 1), stride=(1, 1))
                (4): Sigmoid()
              )
            )
            (5): Conv2d(64, 64, kernel_size=(1, 1), stride=(1, 1))
          )
        )
        (mab2): MAB(
          (norm1): LayerNorm2d()
          (attn): RALA2D(
            (rope): RALARoPE()
            (attn): GateLinearAttentionNoSilu(
              (qkvo): Conv2d(64, 256, kernel_size=(1, 1), stride=(1, 1))
              (elu): ELU(alpha=1.0)
              (lepe): Conv2d(64, 64, kernel_size=(5, 5), stride=(1, 1), padding=(2, 2), groups=64)
              (proj): Conv2d(64, 64, kernel_size=(1, 1), stride=(1, 1))
            )
          )
          (norm2): LayerNorm2d()
          (ffn): MSConvStar(
            (fc1): Conv2d(64, 128, kernel_size=(1, 1), stride=(1, 1))
            (dwconv): MSDWConv(
              (proj): ModuleList(
                (0): Conv2d(32, 32, kernel_size=(1, 1), stride=(1, 1), groups=32)
                (1): Conv2d(32, 32, kernel_size=(3, 3), stride=(1, 1), padding=(1, 1), groups=32)
                (2): Conv2d(32, 32, kernel_size=(5, 5), stride=(1, 1), padding=(2, 2), groups=32)
                (3): Conv2d(32, 32, kernel_size=(7, 7), stride=(1, 1), padding=(3, 3), groups=32)
              )
            )
            (fc2): Conv2d(64, 64, kernel_size=(1, 1), stride=(1, 1))
            (act): GELU(approximate='none')
          )
        )
        (conv): Conv2d(64, 64, kernel_size=(3, 3), stride=(1, 1), padding=(1, 1))
      )
      (3): S1_TransBlock_NoMAB1(
        (lab): LAB(
          (net): Sequential(
            (0): Conv2d(64, 64, kernel_size=(1, 1), stride=(1, 1))
            (1): GELU(approximate='none')
            (2): Conv2d(64, 64, kernel_size=(3, 3), stride=(1, 1), padding=(1, 1), groups=64)
            (3): GELU(approximate='none')
            (4): ChannelAttention(
              (attention): Sequential(
                (0): AdaptiveAvgPool2d(output_size=1)
                (1): Conv2d(64, 16, kernel_size=(1, 1), stride=(1, 1))
                (2): SiLU()
                (3): Conv2d(16, 64, kernel_size=(1, 1), stride=(1, 1))
                (4): Sigmoid()
              )
            )
            (5): Conv2d(64, 64, kernel_size=(1, 1), stride=(1, 1))
          )
        )
        (mab2): MAB(
          (norm1): LayerNorm2d()
          (attn): RALA2D(
            (rope): RALARoPE()
            (attn): GateLinearAttentionNoSilu(
              (qkvo): Conv2d(64, 256, kernel_size=(1, 1), stride=(1, 1))
              (elu): ELU(alpha=1.0)
              (lepe): Conv2d(64, 64, kernel_size=(5, 5), stride=(1, 1), padding=(2, 2), groups=64)
              (proj): Conv2d(64, 64, kernel_size=(1, 1), stride=(1, 1))
            )
          )
          (norm2): LayerNorm2d()
          (ffn): MSConvStar(
            (fc1): Conv2d(64, 128, kernel_size=(1, 1), stride=(1, 1))
            (dwconv): MSDWConv(
              (proj): ModuleList(
                (0): Conv2d(32, 32, kernel_size=(1, 1), stride=(1, 1), groups=32)
                (1): Conv2d(32, 32, kernel_size=(3, 3), stride=(1, 1), padding=(1, 1), groups=32)
                (2): Conv2d(32, 32, kernel_size=(5, 5), stride=(1, 1), padding=(2, 2), groups=32)
                (3): Conv2d(32, 32, kernel_size=(7, 7), stride=(1, 1), padding=(3, 3), groups=32)
              )
            )
            (fc2): Conv2d(64, 64, kernel_size=(1, 1), stride=(1, 1))
            (act): GELU(approximate='none')
          )
        )
        (conv): Conv2d(64, 64, kernel_size=(3, 3), stride=(1, 1), padding=(1, 1))
      )
      (4): S1_TransBlock_NoMAB1(
        (lab): LAB(
          (net): Sequential(
            (0): Conv2d(64, 64, kernel_size=(1, 1), stride=(1, 1))
            (1): GELU(approximate='none')
            (2): Conv2d(64, 64, kernel_size=(3, 3), stride=(1, 1), padding=(1, 1), groups=64)
            (3): GELU(approximate='none')
            (4): ChannelAttention(
              (attention): Sequential(
                (0): AdaptiveAvgPool2d(output_size=1)
                (1): Conv2d(64, 16, kernel_size=(1, 1), stride=(1, 1))
                (2): SiLU()
                (3): Conv2d(16, 64, kernel_size=(1, 1), stride=(1, 1))
                (4): Sigmoid()
              )
            )
            (5): Conv2d(64, 64, kernel_size=(1, 1), stride=(1, 1))
          )
        )
        (mab2): MAB(
          (norm1): LayerNorm2d()
          (attn): RALA2D(
            (rope): RALARoPE()
            (attn): GateLinearAttentionNoSilu(
              (qkvo): Conv2d(64, 256, kernel_size=(1, 1), stride=(1, 1))
              (elu): ELU(alpha=1.0)
              (lepe): Conv2d(64, 64, kernel_size=(5, 5), stride=(1, 1), padding=(2, 2), groups=64)
              (proj): Conv2d(64, 64, kernel_size=(1, 1), stride=(1, 1))
            )
          )
          (norm2): LayerNorm2d()
          (ffn): MSConvStar(
            (fc1): Conv2d(64, 128, kernel_size=(1, 1), stride=(1, 1))
            (dwconv): MSDWConv(
              (proj): ModuleList(
                (0): Conv2d(32, 32, kernel_size=(1, 1), stride=(1, 1), groups=32)
                (1): Conv2d(32, 32, kernel_size=(3, 3), stride=(1, 1), padding=(1, 1), groups=32)
                (2): Conv2d(32, 32, kernel_size=(5, 5), stride=(1, 1), padding=(2, 2), groups=32)
                (3): Conv2d(32, 32, kernel_size=(7, 7), stride=(1, 1), padding=(3, 3), groups=32)
              )
            )
            (fc2): Conv2d(64, 64, kernel_size=(1, 1), stride=(1, 1))
            (act): GELU(approximate='none')
          )
        )
        (conv): Conv2d(64, 64, kernel_size=(3, 3), stride=(1, 1), padding=(1, 1))
      )
      (5): S1_TransBlock_NoMAB1(
        (lab): LAB(
          (net): Sequential(
            (0): Conv2d(64, 64, kernel_size=(1, 1), stride=(1, 1))
            (1): GELU(approximate='none')
            (2): Conv2d(64, 64, kernel_size=(3, 3), stride=(1, 1), padding=(1, 1), groups=64)
            (3): GELU(approximate='none')
            (4): ChannelAttention(
              (attention): Sequential(
                (0): AdaptiveAvgPool2d(output_size=1)
                (1): Conv2d(64, 16, kernel_size=(1, 1), stride=(1, 1))
                (2): SiLU()
                (3): Conv2d(16, 64, kernel_size=(1, 1), stride=(1, 1))
                (4): Sigmoid()
              )
            )
            (5): Conv2d(64, 64, kernel_size=(1, 1), stride=(1, 1))
          )
        )
        (mab2): MAB(
          (norm1): LayerNorm2d()
          (attn): RALA2D(
            (rope): RALARoPE()
            (attn): GateLinearAttentionNoSilu(
              (qkvo): Conv2d(64, 256, kernel_size=(1, 1), stride=(1, 1))
              (elu): ELU(alpha=1.0)
              (lepe): Conv2d(64, 64, kernel_size=(5, 5), stride=(1, 1), padding=(2, 2), groups=64)
              (proj): Conv2d(64, 64, kernel_size=(1, 1), stride=(1, 1))
            )
          )
          (norm2): LayerNorm2d()
          (ffn): MSConvStar(
            (fc1): Conv2d(64, 128, kernel_size=(1, 1), stride=(1, 1))
            (dwconv): MSDWConv(
              (proj): ModuleList(
                (0): Conv2d(32, 32, kernel_size=(1, 1), stride=(1, 1), groups=32)
                (1): Conv2d(32, 32, kernel_size=(3, 3), stride=(1, 1), padding=(1, 1), groups=32)
                (2): Conv2d(32, 32, kernel_size=(5, 5), stride=(1, 1), padding=(2, 2), groups=32)
                (3): Conv2d(32, 32, kernel_size=(7, 7), stride=(1, 1), padding=(3, 3), groups=32)
              )
            )
            (fc2): Conv2d(64, 64, kernel_size=(1, 1), stride=(1, 1))
            (act): GELU(approximate='none')
          )
        )
        (conv): Conv2d(64, 64, kernel_size=(3, 3), stride=(1, 1), padding=(1, 1))
      )
    )
  )
  (decoders): ModuleList(
    (0): Sequential(
      (0): S1_TransBlock_NoMAB1(
        (lab): LAB(
          (net): Sequential(
            (0): Conv2d(64, 64, kernel_size=(1, 1), stride=(1, 1))
            (1): GELU(approximate='none')
            (2): Conv2d(64, 64, kernel_size=(3, 3), stride=(1, 1), padding=(1, 1), groups=64)
            (3): GELU(approximate='none')
            (4): ChannelAttention(
              (attention): Sequential(
                (0): AdaptiveAvgPool2d(output_size=1)
                (1): Conv2d(64, 16, kernel_size=(1, 1), stride=(1, 1))
                (2): SiLU()
                (3): Conv2d(16, 64, kernel_size=(1, 1), stride=(1, 1))
                (4): Sigmoid()
              )
            )
            (5): Conv2d(64, 64, kernel_size=(1, 1), stride=(1, 1))
          )
        )
        (mab2): MAB(
          (norm1): LayerNorm2d()
          (attn): RALA2D(
            (rope): RALARoPE()
            (attn): GateLinearAttentionNoSilu(
              (qkvo): Conv2d(64, 256, kernel_size=(1, 1), stride=(1, 1))
              (elu): ELU(alpha=1.0)
              (lepe): Conv2d(64, 64, kernel_size=(5, 5), stride=(1, 1), padding=(2, 2), groups=64)
              (proj): Conv2d(64, 64, kernel_size=(1, 1), stride=(1, 1))
            )
          )
          (norm2): LayerNorm2d()
          (ffn): MSConvStar(
            (fc1): Conv2d(64, 128, kernel_size=(1, 1), stride=(1, 1))
            (dwconv): MSDWConv(
              (proj): ModuleList(
                (0): Conv2d(32, 32, kernel_size=(1, 1), stride=(1, 1), groups=32)
                (1): Conv2d(32, 32, kernel_size=(3, 3), stride=(1, 1), padding=(1, 1), groups=32)
                (2): Conv2d(32, 32, kernel_size=(5, 5), stride=(1, 1), padding=(2, 2), groups=32)
                (3): Conv2d(32, 32, kernel_size=(7, 7), stride=(1, 1), padding=(3, 3), groups=32)
              )
            )
            (fc2): Conv2d(64, 64, kernel_size=(1, 1), stride=(1, 1))
            (act): GELU(approximate='none')
          )
        )
        (conv): Conv2d(64, 64, kernel_size=(3, 3), stride=(1, 1), padding=(1, 1))
      )
      (1): S1_TransBlock_NoMAB1(
        (lab): LAB(
          (net): Sequential(
            (0): Conv2d(64, 64, kernel_size=(1, 1), stride=(1, 1))
            (1): GELU(approximate='none')
            (2): Conv2d(64, 64, kernel_size=(3, 3), stride=(1, 1), padding=(1, 1), groups=64)
            (3): GELU(approximate='none')
            (4): ChannelAttention(
              (attention): Sequential(
                (0): AdaptiveAvgPool2d(output_size=1)
                (1): Conv2d(64, 16, kernel_size=(1, 1), stride=(1, 1))
                (2): SiLU()
                (3): Conv2d(16, 64, kernel_size=(1, 1), stride=(1, 1))
                (4): Sigmoid()
              )
            )
            (5): Conv2d(64, 64, kernel_size=(1, 1), stride=(1, 1))
          )
        )
        (mab2): MAB(
          (norm1): LayerNorm2d()
          (attn): RALA2D(
            (rope): RALARoPE()
            (attn): GateLinearAttentionNoSilu(
              (qkvo): Conv2d(64, 256, kernel_size=(1, 1), stride=(1, 1))
              (elu): ELU(alpha=1.0)
              (lepe): Conv2d(64, 64, kernel_size=(5, 5), stride=(1, 1), padding=(2, 2), groups=64)
              (proj): Conv2d(64, 64, kernel_size=(1, 1), stride=(1, 1))
            )
          )
          (norm2): LayerNorm2d()
          (ffn): MSConvStar(
            (fc1): Conv2d(64, 128, kernel_size=(1, 1), stride=(1, 1))
            (dwconv): MSDWConv(
              (proj): ModuleList(
                (0): Conv2d(32, 32, kernel_size=(1, 1), stride=(1, 1), groups=32)
                (1): Conv2d(32, 32, kernel_size=(3, 3), stride=(1, 1), padding=(1, 1), groups=32)
                (2): Conv2d(32, 32, kernel_size=(5, 5), stride=(1, 1), padding=(2, 2), groups=32)
                (3): Conv2d(32, 32, kernel_size=(7, 7), stride=(1, 1), padding=(3, 3), groups=32)
              )
            )
            (fc2): Conv2d(64, 64, kernel_size=(1, 1), stride=(1, 1))
            (act): GELU(approximate='none')
          )
        )
        (conv): Conv2d(64, 64, kernel_size=(3, 3), stride=(1, 1), padding=(1, 1))
      )
      (2): S1_TransBlock_NoMAB1(
        (lab): LAB(
          (net): Sequential(
            (0): Conv2d(64, 64, kernel_size=(1, 1), stride=(1, 1))
            (1): GELU(approximate='none')
            (2): Conv2d(64, 64, kernel_size=(3, 3), stride=(1, 1), padding=(1, 1), groups=64)
            (3): GELU(approximate='none')
            (4): ChannelAttention(
              (attention): Sequential(
                (0): AdaptiveAvgPool2d(output_size=1)
                (1): Conv2d(64, 16, kernel_size=(1, 1), stride=(1, 1))
                (2): SiLU()
                (3): Conv2d(16, 64, kernel_size=(1, 1), stride=(1, 1))
                (4): Sigmoid()
              )
            )
            (5): Conv2d(64, 64, kernel_size=(1, 1), stride=(1, 1))
          )
        )
        (mab2): MAB(
          (norm1): LayerNorm2d()
          (attn): RALA2D(
            (rope): RALARoPE()
            (attn): GateLinearAttentionNoSilu(
              (qkvo): Conv2d(64, 256, kernel_size=(1, 1), stride=(1, 1))
              (elu): ELU(alpha=1.0)
              (lepe): Conv2d(64, 64, kernel_size=(5, 5), stride=(1, 1), padding=(2, 2), groups=64)
              (proj): Conv2d(64, 64, kernel_size=(1, 1), stride=(1, 1))
            )
          )
          (norm2): LayerNorm2d()
          (ffn): MSConvStar(
            (fc1): Conv2d(64, 128, kernel_size=(1, 1), stride=(1, 1))
            (dwconv): MSDWConv(
              (proj): ModuleList(
                (0): Conv2d(32, 32, kernel_size=(1, 1), stride=(1, 1), groups=32)
                (1): Conv2d(32, 32, kernel_size=(3, 3), stride=(1, 1), padding=(1, 1), groups=32)
                (2): Conv2d(32, 32, kernel_size=(5, 5), stride=(1, 1), padding=(2, 2), groups=32)
                (3): Conv2d(32, 32, kernel_size=(7, 7), stride=(1, 1), padding=(3, 3), groups=32)
              )
            )
            (fc2): Conv2d(64, 64, kernel_size=(1, 1), stride=(1, 1))
            (act): GELU(approximate='none')
          )
        )
        (conv): Conv2d(64, 64, kernel_size=(3, 3), stride=(1, 1), padding=(1, 1))
      )
      (3): S1_TransBlock_NoMAB1(
        (lab): LAB(
          (net): Sequential(
            (0): Conv2d(64, 64, kernel_size=(1, 1), stride=(1, 1))
            (1): GELU(approximate='none')
            (2): Conv2d(64, 64, kernel_size=(3, 3), stride=(1, 1), padding=(1, 1), groups=64)
            (3): GELU(approximate='none')
            (4): ChannelAttention(
              (attention): Sequential(
                (0): AdaptiveAvgPool2d(output_size=1)
                (1): Conv2d(64, 16, kernel_size=(1, 1), stride=(1, 1))
                (2): SiLU()
                (3): Conv2d(16, 64, kernel_size=(1, 1), stride=(1, 1))
                (4): Sigmoid()
              )
            )
            (5): Conv2d(64, 64, kernel_size=(1, 1), stride=(1, 1))
          )
        )
        (mab2): MAB(
          (norm1): LayerNorm2d()
          (attn): RALA2D(
            (rope): RALARoPE()
            (attn): GateLinearAttentionNoSilu(
              (qkvo): Conv2d(64, 256, kernel_size=(1, 1), stride=(1, 1))
              (elu): ELU(alpha=1.0)
              (lepe): Conv2d(64, 64, kernel_size=(5, 5), stride=(1, 1), padding=(2, 2), groups=64)
              (proj): Conv2d(64, 64, kernel_size=(1, 1), stride=(1, 1))
            )
          )
          (norm2): LayerNorm2d()
          (ffn): MSConvStar(
            (fc1): Conv2d(64, 128, kernel_size=(1, 1), stride=(1, 1))
            (dwconv): MSDWConv(
              (proj): ModuleList(
                (0): Conv2d(32, 32, kernel_size=(1, 1), stride=(1, 1), groups=32)
                (1): Conv2d(32, 32, kernel_size=(3, 3), stride=(1, 1), padding=(1, 1), groups=32)
                (2): Conv2d(32, 32, kernel_size=(5, 5), stride=(1, 1), padding=(2, 2), groups=32)
                (3): Conv2d(32, 32, kernel_size=(7, 7), stride=(1, 1), padding=(3, 3), groups=32)
              )
            )
            (fc2): Conv2d(64, 64, kernel_size=(1, 1), stride=(1, 1))
            (act): GELU(approximate='none')
          )
        )
        (conv): Conv2d(64, 64, kernel_size=(3, 3), stride=(1, 1), padding=(1, 1))
      )
      (4): S1_TransBlock_NoMAB1(
        (lab): LAB(
          (net): Sequential(
            (0): Conv2d(64, 64, kernel_size=(1, 1), stride=(1, 1))
            (1): GELU(approximate='none')
            (2): Conv2d(64, 64, kernel_size=(3, 3), stride=(1, 1), padding=(1, 1), groups=64)
            (3): GELU(approximate='none')
            (4): ChannelAttention(
              (attention): Sequential(
                (0): AdaptiveAvgPool2d(output_size=1)
                (1): Conv2d(64, 16, kernel_size=(1, 1), stride=(1, 1))
                (2): SiLU()
                (3): Conv2d(16, 64, kernel_size=(1, 1), stride=(1, 1))
                (4): Sigmoid()
              )
            )
            (5): Conv2d(64, 64, kernel_size=(1, 1), stride=(1, 1))
          )
        )
        (mab2): MAB(
          (norm1): LayerNorm2d()
          (attn): RALA2D(
            (rope): RALARoPE()
            (attn): GateLinearAttentionNoSilu(
              (qkvo): Conv2d(64, 256, kernel_size=(1, 1), stride=(1, 1))
              (elu): ELU(alpha=1.0)
              (lepe): Conv2d(64, 64, kernel_size=(5, 5), stride=(1, 1), padding=(2, 2), groups=64)
              (proj): Conv2d(64, 64, kernel_size=(1, 1), stride=(1, 1))
            )
          )
          (norm2): LayerNorm2d()
          (ffn): MSConvStar(
            (fc1): Conv2d(64, 128, kernel_size=(1, 1), stride=(1, 1))
            (dwconv): MSDWConv(
              (proj): ModuleList(
                (0): Conv2d(32, 32, kernel_size=(1, 1), stride=(1, 1), groups=32)
                (1): Conv2d(32, 32, kernel_size=(3, 3), stride=(1, 1), padding=(1, 1), groups=32)
                (2): Conv2d(32, 32, kernel_size=(5, 5), stride=(1, 1), padding=(2, 2), groups=32)
                (3): Conv2d(32, 32, kernel_size=(7, 7), stride=(1, 1), padding=(3, 3), groups=32)
              )
            )
            (fc2): Conv2d(64, 64, kernel_size=(1, 1), stride=(1, 1))
            (act): GELU(approximate='none')
          )
        )
        (conv): Conv2d(64, 64, kernel_size=(3, 3), stride=(1, 1), padding=(1, 1))
      )
      (5): S1_TransBlock_NoMAB1(
        (lab): LAB(
          (net): Sequential(
            (0): Conv2d(64, 64, kernel_size=(1, 1), stride=(1, 1))
            (1): GELU(approximate='none')
            (2): Conv2d(64, 64, kernel_size=(3, 3), stride=(1, 1), padding=(1, 1), groups=64)
            (3): GELU(approximate='none')
            (4): ChannelAttention(
              (attention): Sequential(
                (0): AdaptiveAvgPool2d(output_size=1)
                (1): Conv2d(64, 16, kernel_size=(1, 1), stride=(1, 1))
                (2): SiLU()
                (3): Conv2d(16, 64, kernel_size=(1, 1), stride=(1, 1))
                (4): Sigmoid()
              )
            )
            (5): Conv2d(64, 64, kernel_size=(1, 1), stride=(1, 1))
          )
        )
        (mab2): MAB(
          (norm1): LayerNorm2d()
          (attn): RALA2D(
            (rope): RALARoPE()
            (attn): GateLinearAttentionNoSilu(
              (qkvo): Conv2d(64, 256, kernel_size=(1, 1), stride=(1, 1))
              (elu): ELU(alpha=1.0)
              (lepe): Conv2d(64, 64, kernel_size=(5, 5), stride=(1, 1), padding=(2, 2), groups=64)
              (proj): Conv2d(64, 64, kernel_size=(1, 1), stride=(1, 1))
            )
          )
          (norm2): LayerNorm2d()
          (ffn): MSConvStar(
            (fc1): Conv2d(64, 128, kernel_size=(1, 1), stride=(1, 1))
            (dwconv): MSDWConv(
              (proj): ModuleList(
                (0): Conv2d(32, 32, kernel_size=(1, 1), stride=(1, 1), groups=32)
                (1): Conv2d(32, 32, kernel_size=(3, 3), stride=(1, 1), padding=(1, 1), groups=32)
                (2): Conv2d(32, 32, kernel_size=(5, 5), stride=(1, 1), padding=(2, 2), groups=32)
                (3): Conv2d(32, 32, kernel_size=(7, 7), stride=(1, 1), padding=(3, 3), groups=32)
              )
            )
            (fc2): Conv2d(64, 64, kernel_size=(1, 1), stride=(1, 1))
            (act): GELU(approximate='none')
          )
        )
        (conv): Conv2d(64, 64, kernel_size=(3, 3), stride=(1, 1), padding=(1, 1))
      )
    )
    (1): Sequential(
      (0): S1_TransBlock_NoMAB1(
        (lab): LAB(
          (net): Sequential(
            (0): Conv2d(32, 32, kernel_size=(1, 1), stride=(1, 1))
            (1): GELU(approximate='none')
            (2): Conv2d(32, 32, kernel_size=(3, 3), stride=(1, 1), padding=(1, 1), groups=32)
            (3): GELU(approximate='none')
            (4): ChannelAttention(
              (attention): Sequential(
                (0): AdaptiveAvgPool2d(output_size=1)
                (1): Conv2d(32, 8, kernel_size=(1, 1), stride=(1, 1))
                (2): SiLU()
                (3): Conv2d(8, 32, kernel_size=(1, 1), stride=(1, 1))
                (4): Sigmoid()
              )
            )
            (5): Conv2d(32, 32, kernel_size=(1, 1), stride=(1, 1))
          )
        )
        (mab2): MAB(
          (norm1): LayerNorm2d()
          (attn): RALA2D(
            (rope): RALARoPE()
            (attn): GateLinearAttentionNoSilu(
              (qkvo): Conv2d(32, 128, kernel_size=(1, 1), stride=(1, 1))
              (elu): ELU(alpha=1.0)
              (lepe): Conv2d(32, 32, kernel_size=(5, 5), stride=(1, 1), padding=(2, 2), groups=32)
              (proj): Conv2d(32, 32, kernel_size=(1, 1), stride=(1, 1))
            )
          )
          (norm2): LayerNorm2d()
          (ffn): MSConvStar(
            (fc1): Conv2d(32, 64, kernel_size=(1, 1), stride=(1, 1))
            (dwconv): MSDWConv(
              (proj): ModuleList(
                (0): Conv2d(16, 16, kernel_size=(1, 1), stride=(1, 1), groups=16)
                (1): Conv2d(16, 16, kernel_size=(3, 3), stride=(1, 1), padding=(1, 1), groups=16)
                (2): Conv2d(16, 16, kernel_size=(5, 5), stride=(1, 1), padding=(2, 2), groups=16)
                (3): Conv2d(16, 16, kernel_size=(7, 7), stride=(1, 1), padding=(3, 3), groups=16)
              )
            )
            (fc2): Conv2d(32, 32, kernel_size=(1, 1), stride=(1, 1))
            (act): GELU(approximate='none')
          )
        )
        (conv): Conv2d(32, 32, kernel_size=(3, 3), stride=(1, 1), padding=(1, 1))
      )
      (1): S1_TransBlock_NoMAB1(
        (lab): LAB(
          (net): Sequential(
            (0): Conv2d(32, 32, kernel_size=(1, 1), stride=(1, 1))
            (1): GELU(approximate='none')
            (2): Conv2d(32, 32, kernel_size=(3, 3), stride=(1, 1), padding=(1, 1), groups=32)
            (3): GELU(approximate='none')
            (4): ChannelAttention(
              (attention): Sequential(
                (0): AdaptiveAvgPool2d(output_size=1)
                (1): Conv2d(32, 8, kernel_size=(1, 1), stride=(1, 1))
                (2): SiLU()
                (3): Conv2d(8, 32, kernel_size=(1, 1), stride=(1, 1))
                (4): Sigmoid()
              )
            )
            (5): Conv2d(32, 32, kernel_size=(1, 1), stride=(1, 1))
          )
        )
        (mab2): MAB(
          (norm1): LayerNorm2d()
          (attn): RALA2D(
            (rope): RALARoPE()
            (attn): GateLinearAttentionNoSilu(
              (qkvo): Conv2d(32, 128, kernel_size=(1, 1), stride=(1, 1))
              (elu): ELU(alpha=1.0)
              (lepe): Conv2d(32, 32, kernel_size=(5, 5), stride=(1, 1), padding=(2, 2), groups=32)
              (proj): Conv2d(32, 32, kernel_size=(1, 1), stride=(1, 1))
            )
          )
          (norm2): LayerNorm2d()
          (ffn): MSConvStar(
            (fc1): Conv2d(32, 64, kernel_size=(1, 1), stride=(1, 1))
            (dwconv): MSDWConv(
              (proj): ModuleList(
                (0): Conv2d(16, 16, kernel_size=(1, 1), stride=(1, 1), groups=16)
                (1): Conv2d(16, 16, kernel_size=(3, 3), stride=(1, 1), padding=(1, 1), groups=16)
                (2): Conv2d(16, 16, kernel_size=(5, 5), stride=(1, 1), padding=(2, 2), groups=16)
                (3): Conv2d(16, 16, kernel_size=(7, 7), stride=(1, 1), padding=(3, 3), groups=16)
              )
            )
            (fc2): Conv2d(32, 32, kernel_size=(1, 1), stride=(1, 1))
            (act): GELU(approximate='none')
          )
        )
        (conv): Conv2d(32, 32, kernel_size=(3, 3), stride=(1, 1), padding=(1, 1))
      )
      (2): S1_TransBlock_NoMAB1(
        (lab): LAB(
          (net): Sequential(
            (0): Conv2d(32, 32, kernel_size=(1, 1), stride=(1, 1))
            (1): GELU(approximate='none')
            (2): Conv2d(32, 32, kernel_size=(3, 3), stride=(1, 1), padding=(1, 1), groups=32)
            (3): GELU(approximate='none')
            (4): ChannelAttention(
              (attention): Sequential(
                (0): AdaptiveAvgPool2d(output_size=1)
                (1): Conv2d(32, 8, kernel_size=(1, 1), stride=(1, 1))
                (2): SiLU()
                (3): Conv2d(8, 32, kernel_size=(1, 1), stride=(1, 1))
                (4): Sigmoid()
              )
            )
            (5): Conv2d(32, 32, kernel_size=(1, 1), stride=(1, 1))
          )
        )
        (mab2): MAB(
          (norm1): LayerNorm2d()
          (attn): RALA2D(
            (rope): RALARoPE()
            (attn): GateLinearAttentionNoSilu(
              (qkvo): Conv2d(32, 128, kernel_size=(1, 1), stride=(1, 1))
              (elu): ELU(alpha=1.0)
              (lepe): Conv2d(32, 32, kernel_size=(5, 5), stride=(1, 1), padding=(2, 2), groups=32)
              (proj): Conv2d(32, 32, kernel_size=(1, 1), stride=(1, 1))
            )
          )
          (norm2): LayerNorm2d()
          (ffn): MSConvStar(
            (fc1): Conv2d(32, 64, kernel_size=(1, 1), stride=(1, 1))
            (dwconv): MSDWConv(
              (proj): ModuleList(
                (0): Conv2d(16, 16, kernel_size=(1, 1), stride=(1, 1), groups=16)
                (1): Conv2d(16, 16, kernel_size=(3, 3), stride=(1, 1), padding=(1, 1), groups=16)
                (2): Conv2d(16, 16, kernel_size=(5, 5), stride=(1, 1), padding=(2, 2), groups=16)
                (3): Conv2d(16, 16, kernel_size=(7, 7), stride=(1, 1), padding=(3, 3), groups=16)
              )
            )
            (fc2): Conv2d(32, 32, kernel_size=(1, 1), stride=(1, 1))
            (act): GELU(approximate='none')
          )
        )
        (conv): Conv2d(32, 32, kernel_size=(3, 3), stride=(1, 1), padding=(1, 1))
      )
      (3): S1_TransBlock_NoMAB1(
        (lab): LAB(
          (net): Sequential(
            (0): Conv2d(32, 32, kernel_size=(1, 1), stride=(1, 1))
            (1): GELU(approximate='none')
            (2): Conv2d(32, 32, kernel_size=(3, 3), stride=(1, 1), padding=(1, 1), groups=32)
            (3): GELU(approximate='none')
            (4): ChannelAttention(
              (attention): Sequential(
                (0): AdaptiveAvgPool2d(output_size=1)
                (1): Conv2d(32, 8, kernel_size=(1, 1), stride=(1, 1))
                (2): SiLU()
                (3): Conv2d(8, 32, kernel_size=(1, 1), stride=(1, 1))
                (4): Sigmoid()
              )
            )
            (5): Conv2d(32, 32, kernel_size=(1, 1), stride=(1, 1))
          )
        )
        (mab2): MAB(
          (norm1): LayerNorm2d()
          (attn): RALA2D(
            (rope): RALARoPE()
            (attn): GateLinearAttentionNoSilu(
              (qkvo): Conv2d(32, 128, kernel_size=(1, 1), stride=(1, 1))
              (elu): ELU(alpha=1.0)
              (lepe): Conv2d(32, 32, kernel_size=(5, 5), stride=(1, 1), padding=(2, 2), groups=32)
              (proj): Conv2d(32, 32, kernel_size=(1, 1), stride=(1, 1))
            )
          )
          (norm2): LayerNorm2d()
          (ffn): MSConvStar(
            (fc1): Conv2d(32, 64, kernel_size=(1, 1), stride=(1, 1))
            (dwconv): MSDWConv(
              (proj): ModuleList(
                (0): Conv2d(16, 16, kernel_size=(1, 1), stride=(1, 1), groups=16)
                (1): Conv2d(16, 16, kernel_size=(3, 3), stride=(1, 1), padding=(1, 1), groups=16)
                (2): Conv2d(16, 16, kernel_size=(5, 5), stride=(1, 1), padding=(2, 2), groups=16)
                (3): Conv2d(16, 16, kernel_size=(7, 7), stride=(1, 1), padding=(3, 3), groups=16)
              )
            )
            (fc2): Conv2d(32, 32, kernel_size=(1, 1), stride=(1, 1))
            (act): GELU(approximate='none')
          )
        )
        (conv): Conv2d(32, 32, kernel_size=(3, 3), stride=(1, 1), padding=(1, 1))
      )
    )
  )
  (ups): ModuleList(
    (0): UpsampleDW(
      (body): Sequential(
        (0): Conv2d(128, 128, kernel_size=(3, 3), stride=(1, 1), padding=(1, 1), groups=128, bias=False)
        (1): Conv2d(128, 256, kernel_size=(1, 1), stride=(1, 1), bias=False)
        (2): PixelShuffle(upscale_factor=2)
      )
    )
    (1): UpsampleDW(
      (body): Sequential(
        (0): Conv2d(64, 64, kernel_size=(3, 3), stride=(1, 1), padding=(1, 1), groups=64, bias=False)
        (1): Conv2d(64, 128, kernel_size=(1, 1), stride=(1, 1), bias=False)
        (2): PixelShuffle(upscale_factor=2)
      )
    )
  )
  (downs): ModuleList(
    (0): DownsampleDW(
      (body): Sequential(
        (0): Conv2d(32, 32, kernel_size=(3, 3), stride=(1, 1), padding=(1, 1), groups=32, bias=False)
        (1): Conv2d(32, 16, kernel_size=(1, 1), stride=(1, 1), bias=False)
        (2): PixelUnshuffle(downscale_factor=2)
      )
    )
    (1): DownsampleDW(
      (body): Sequential(
        (0): Conv2d(64, 64, kernel_size=(3, 3), stride=(1, 1), padding=(1, 1), groups=64, bias=False)
        (1): Conv2d(64, 32, kernel_size=(1, 1), stride=(1, 1), bias=False)
        (2): PixelUnshuffle(downscale_factor=2)
      )
    )
  )
  (middle_blks): Sequential(
    (0): StripMiddleBlock(
      (norm1): LayerNorm2d()
      (strip_attn): StripAttention(
        (proj_1): Conv2d(128, 128, kernel_size=(1, 1), stride=(1, 1))
        (activation): GELU(approximate='none')
        (spatial_gating_unit): StripModule(
          (conv0): Conv2d(128, 128, kernel_size=(5, 5), stride=(1, 1), padding=(2, 2), groups=128)
          (conv_spatial1): Conv2d(128, 128, kernel_size=(1, 47), stride=(1, 1), padding=(0, 23), groups=128)
          (conv_spatial2): Conv2d(128, 128, kernel_size=(47, 1), stride=(1, 1), padding=(23, 0), groups=128)
          (conv1): Conv2d(128, 128, kernel_size=(1, 1), stride=(1, 1))
        )
        (proj_2): Conv2d(128, 128, kernel_size=(1, 1), stride=(1, 1))
      )
      (norm2): LayerNorm2d()
      (project_in): Conv2d(128, 680, kernel_size=(1, 1), stride=(1, 1), bias=False)
      (dwconv): Conv2d(680, 680, kernel_size=(3, 3), stride=(1, 1), padding=(1, 1), groups=680, bias=False)
      (project_out): Conv2d(340, 128, kernel_size=(1, 1), stride=(1, 1), bias=False)
    )
  )
)

============================================================
模型性能测试报告
============================================================
📊 模型参数量:
  总参数量: 1,467,243
  可训练参数量: 1,467,243
  模型大小: 5.60 MB

🔢 FLOPs计算:
  [thop] FLOPs: 16,384,437,248.0
  [thop] FLOPs (G): 16.38 G
  [thop] 参数量 (M): 1.46 M
Model(
  1.46 M, 99.668% Params, 16.69 GMac, 99.403% MACs, 
  (model): SymUNet_Pretrain_RALA(
    1.46 M, 99.668% Params, 16.69 GMac, 99.403% MACs, 
    (pre_upsample): Upsample(0, 0.000% Params, 110.59 KMac, 0.001% MACs, scale_factor=4.0, mode='bicubic')
    (intro): Conv2d(896, 0.061% Params, 33.03 MMac, 0.197% MACs, 3, 32, kernel_size=(3, 3), stride=(1, 1), padding=(1, 1))
    (ending): Conv2d(867, 0.059% Params, 31.96 MMac, 0.190% MACs, 32, 3, kernel_size=(3, 3), stride=(1, 1), padding=(1, 1))
    (encoders): ModuleList(
      (0): Sequential(
        91.68 k, 6.248% Params, 3.33 GMac, 19.813% MACs, 
        (0): S1_TransBlock_NoMAB1(
          22.92 k, 1.562% Params, 831.65 MMac, 4.953% MACs, 
          (lab): LAB(
            2.98 k, 0.203% Params, 93.19 MMac, 0.555% MACs, 
            (net): Sequential(
              2.98 k, 0.203% Params, 93.19 MMac, 0.555% MACs, 
              (0): Conv2d(1.06 k, 0.072% Params, 38.93 MMac, 0.232% MACs, 32, 32, kernel_size=(1, 1), stride=(1, 1))
              (1): GELU(0, 0.000% Params, 1.18 MMac, 0.007% MACs, approximate='none')
              (2): Conv2d(320, 0.022% Params, 11.8 MMac, 0.070% MACs, 32, 32, kernel_size=(3, 3), stride=(1, 1), padding=(1, 1), groups=32)
              (3): GELU(0, 0.000% Params, 1.18 MMac, 0.007% MACs, approximate='none')
              (4): ChannelAttention(
                552, 0.038% Params, 1.18 MMac, 0.007% MACs, 
                (attention): Sequential(
                  552, 0.038% Params, 1.18 MMac, 0.007% MACs, 
                  (0): AdaptiveAvgPool2d(0, 0.000% Params, 1.18 MMac, 0.007% MACs, output_size=1)
                  (1): Conv2d(264, 0.018% Params, 264.0 Mac, 0.000% MACs, 32, 8, kernel_size=(1, 1), stride=(1, 1))
                  (2): SiLU(0, 0.000% Params, 0.0 Mac, 0.000% MACs, )
                  (3): Conv2d(288, 0.020% Params, 288.0 Mac, 0.000% MACs, 8, 32, kernel_size=(1, 1), stride=(1, 1))
                  (4): Sigmoid(0, 0.000% Params, 0.0 Mac, 0.000% MACs, )
                )
              )
              (5): Conv2d(1.06 k, 0.072% Params, 38.93 MMac, 0.232% MACs, 32, 32, kernel_size=(1, 1), stride=(1, 1))
            )
          )
          (mab2): MAB(
            10.69 k, 0.728% Params, 397.54 MMac, 2.368% MACs, 
            (norm1): LayerNorm2d(0, 0.000% Params, 0.0 Mac, 0.000% MACs, )
            (attn): RALA2D(
              6.11 k, 0.417% Params, 227.67 MMac, 1.356% MACs, 
              (rope): RALARoPE(0, 0.000% Params, 0.0 Mac, 0.000% MACs, )
              (attn): GateLinearAttentionNoSilu(
                6.11 k, 0.417% Params, 227.67 MMac, 1.356% MACs, 
                (qkvo): Conv2d(4.22 k, 0.288% Params, 155.71 MMac, 0.927% MACs, 32, 128, kernel_size=(1, 1), stride=(1, 1))
                (elu): ELU(0, 0.000% Params, 2.36 MMac, 0.014% MACs, alpha=1.0)
                (lepe): Conv2d(832, 0.057% Params, 30.67 MMac, 0.183% MACs, 32, 32, kernel_size=(5, 5), stride=(1, 1), padding=(2, 2), groups=32)
                (proj): Conv2d(1.06 k, 0.072% Params, 38.93 MMac, 0.232% MACs, 32, 32, kernel_size=(1, 1), stride=(1, 1))
              )
            )
            (norm2): LayerNorm2d(0, 0.000% Params, 0.0 Mac, 0.000% MACs, )
            (ffn): MSConvStar(
              4.58 k, 0.312% Params, 169.87 MMac, 1.012% MACs, 
              (fc1): Conv2d(2.11 k, 0.144% Params, 77.86 MMac, 0.464% MACs, 32, 64, kernel_size=(1, 1), stride=(1, 1))
              (dwconv): MSDWConv(
                1.41 k, 0.096% Params, 51.9 MMac, 0.309% MACs, 
                (proj): ModuleList(
                  (0): Conv2d(32, 0.002% Params, 1.18 MMac, 0.007% MACs, 16, 16, kernel_size=(1, 1), stride=(1, 1), groups=16)
                  (1): Conv2d(160, 0.011% Params, 5.9 MMac, 0.035% MACs, 16, 16, kernel_size=(3, 3), stride=(1, 1), padding=(1, 1), groups=16)
                  (2): Conv2d(416, 0.028% Params, 15.34 MMac, 0.091% MACs, 16, 16, kernel_size=(5, 5), stride=(1, 1), padding=(2, 2), groups=16)
                  (3): Conv2d(800, 0.055% Params, 29.49 MMac, 0.176% MACs, 16, 16, kernel_size=(7, 7), stride=(1, 1), padding=(3, 3), groups=16)
                )
              )
              (fc2): Conv2d(1.06 k, 0.072% Params, 38.93 MMac, 0.232% MACs, 32, 32, kernel_size=(1, 1), stride=(1, 1))
              (act): GELU(0, 0.000% Params, 1.18 MMac, 0.007% MACs, approximate='none')
            )
          )
          (conv): Conv2d(9.25 k, 0.630% Params, 340.92 MMac, 2.031% MACs, 32, 32, kernel_size=(3, 3), stride=(1, 1), padding=(1, 1))
        )
        (1): S1_TransBlock_NoMAB1(
          22.92 k, 1.562% Params, 831.65 MMac, 4.953% MACs, 
          (lab): LAB(
            2.98 k, 0.203% Params, 93.19 MMac, 0.555% MACs, 
            (net): Sequential(
              2.98 k, 0.203% Params, 93.19 MMac, 0.555% MACs, 
              (0): Conv2d(1.06 k, 0.072% Params, 38.93 MMac, 0.232% MACs, 32, 32, kernel_size=(1, 1), stride=(1, 1))
              (1): GELU(0, 0.000% Params, 1.18 MMac, 0.007% MACs, approximate='none')
              (2): Conv2d(320, 0.022% Params, 11.8 MMac, 0.070% MACs, 32, 32, kernel_size=(3, 3), stride=(1, 1), padding=(1, 1), groups=32)
              (3): GELU(0, 0.000% Params, 1.18 MMac, 0.007% MACs, approximate='none')
              (4): ChannelAttention(
                552, 0.038% Params, 1.18 MMac, 0.007% MACs, 
                (attention): Sequential(
                  552, 0.038% Params, 1.18 MMac, 0.007% MACs, 
                  (0): AdaptiveAvgPool2d(0, 0.000% Params, 1.18 MMac, 0.007% MACs, output_size=1)
                  (1): Conv2d(264, 0.018% Params, 264.0 Mac, 0.000% MACs, 32, 8, kernel_size=(1, 1), stride=(1, 1))
                  (2): SiLU(0, 0.000% Params, 0.0 Mac, 0.000% MACs, )
                  (3): Conv2d(288, 0.020% Params, 288.0 Mac, 0.000% MACs, 8, 32, kernel_size=(1, 1), stride=(1, 1))
                  (4): Sigmoid(0, 0.000% Params, 0.0 Mac, 0.000% MACs, )
                )
              )
              (5): Conv2d(1.06 k, 0.072% Params, 38.93 MMac, 0.232% MACs, 32, 32, kernel_size=(1, 1), stride=(1, 1))
            )
          )
          (mab2): MAB(
            10.69 k, 0.728% Params, 397.54 MMac, 2.368% MACs, 
            (norm1): LayerNorm2d(0, 0.000% Params, 0.0 Mac, 0.000% MACs, )
            (attn): RALA2D(
              6.11 k, 0.417% Params, 227.67 MMac, 1.356% MACs, 
              (rope): RALARoPE(0, 0.000% Params, 0.0 Mac, 0.000% MACs, )
              (attn): GateLinearAttentionNoSilu(
                6.11 k, 0.417% Params, 227.67 MMac, 1.356% MACs, 
                (qkvo): Conv2d(4.22 k, 0.288% Params, 155.71 MMac, 0.927% MACs, 32, 128, kernel_size=(1, 1), stride=(1, 1))
                (elu): ELU(0, 0.000% Params, 2.36 MMac, 0.014% MACs, alpha=1.0)
                (lepe): Conv2d(832, 0.057% Params, 30.67 MMac, 0.183% MACs, 32, 32, kernel_size=(5, 5), stride=(1, 1), padding=(2, 2), groups=32)
                (proj): Conv2d(1.06 k, 0.072% Params, 38.93 MMac, 0.232% MACs, 32, 32, kernel_size=(1, 1), stride=(1, 1))
              )
            )
            (norm2): LayerNorm2d(0, 0.000% Params, 0.0 Mac, 0.000% MACs, )
            (ffn): MSConvStar(
              4.58 k, 0.312% Params, 169.87 MMac, 1.012% MACs, 
              (fc1): Conv2d(2.11 k, 0.144% Params, 77.86 MMac, 0.464% MACs, 32, 64, kernel_size=(1, 1), stride=(1, 1))
              (dwconv): MSDWConv(
                1.41 k, 0.096% Params, 51.9 MMac, 0.309% MACs, 
                (proj): ModuleList(
                  (0): Conv2d(32, 0.002% Params, 1.18 MMac, 0.007% MACs, 16, 16, kernel_size=(1, 1), stride=(1, 1), groups=16)
                  (1): Conv2d(160, 0.011% Params, 5.9 MMac, 0.035% MACs, 16, 16, kernel_size=(3, 3), stride=(1, 1), padding=(1, 1), groups=16)
                  (2): Conv2d(416, 0.028% Params, 15.34 MMac, 0.091% MACs, 16, 16, kernel_size=(5, 5), stride=(1, 1), padding=(2, 2), groups=16)
                  (3): Conv2d(800, 0.055% Params, 29.49 MMac, 0.176% MACs, 16, 16, kernel_size=(7, 7), stride=(1, 1), padding=(3, 3), groups=16)
                )
              )
              (fc2): Conv2d(1.06 k, 0.072% Params, 38.93 MMac, 0.232% MACs, 32, 32, kernel_size=(1, 1), stride=(1, 1))
              (act): GELU(0, 0.000% Params, 1.18 MMac, 0.007% MACs, approximate='none')
            )
          )
          (conv): Conv2d(9.25 k, 0.630% Params, 340.92 MMac, 2.031% MACs, 32, 32, kernel_size=(3, 3), stride=(1, 1), padding=(1, 1))
        )
        (2): S1_TransBlock_NoMAB1(
          22.92 k, 1.562% Params, 831.65 MMac, 4.953% MACs, 
          (lab): LAB(
            2.98 k, 0.203% Params, 93.19 MMac, 0.555% MACs, 
            (net): Sequential(
              2.98 k, 0.203% Params, 93.19 MMac, 0.555% MACs, 
              (0): Conv2d(1.06 k, 0.072% Params, 38.93 MMac, 0.232% MACs, 32, 32, kernel_size=(1, 1), stride=(1, 1))
              (1): GELU(0, 0.000% Params, 1.18 MMac, 0.007% MACs, approximate='none')
              (2): Conv2d(320, 0.022% Params, 11.8 MMac, 0.070% MACs, 32, 32, kernel_size=(3, 3), stride=(1, 1), padding=(1, 1), groups=32)
              (3): GELU(0, 0.000% Params, 1.18 MMac, 0.007% MACs, approximate='none')
              (4): ChannelAttention(
                552, 0.038% Params, 1.18 MMac, 0.007% MACs, 
                (attention): Sequential(
                  552, 0.038% Params, 1.18 MMac, 0.007% MACs, 
                  (0): AdaptiveAvgPool2d(0, 0.000% Params, 1.18 MMac, 0.007% MACs, output_size=1)
                  (1): Conv2d(264, 0.018% Params, 264.0 Mac, 0.000% MACs, 32, 8, kernel_size=(1, 1), stride=(1, 1))
                  (2): SiLU(0, 0.000% Params, 0.0 Mac, 0.000% MACs, )
                  (3): Conv2d(288, 0.020% Params, 288.0 Mac, 0.000% MACs, 8, 32, kernel_size=(1, 1), stride=(1, 1))
                  (4): Sigmoid(0, 0.000% Params, 0.0 Mac, 0.000% MACs, )
                )
              )
              (5): Conv2d(1.06 k, 0.072% Params, 38.93 MMac, 0.232% MACs, 32, 32, kernel_size=(1, 1), stride=(1, 1))
            )
          )
          (mab2): MAB(
            10.69 k, 0.728% Params, 397.54 MMac, 2.368% MACs, 
            (norm1): LayerNorm2d(0, 0.000% Params, 0.0 Mac, 0.000% MACs, )
            (attn): RALA2D(
              6.11 k, 0.417% Params, 227.67 MMac, 1.356% MACs, 
              (rope): RALARoPE(0, 0.000% Params, 0.0 Mac, 0.000% MACs, )
              (attn): GateLinearAttentionNoSilu(
                6.11 k, 0.417% Params, 227.67 MMac, 1.356% MACs, 
                (qkvo): Conv2d(4.22 k, 0.288% Params, 155.71 MMac, 0.927% MACs, 32, 128, kernel_size=(1, 1), stride=(1, 1))
                (elu): ELU(0, 0.000% Params, 2.36 MMac, 0.014% MACs, alpha=1.0)
                (lepe): Conv2d(832, 0.057% Params, 30.67 MMac, 0.183% MACs, 32, 32, kernel_size=(5, 5), stride=(1, 1), padding=(2, 2), groups=32)
                (proj): Conv2d(1.06 k, 0.072% Params, 38.93 MMac, 0.232% MACs, 32, 32, kernel_size=(1, 1), stride=(1, 1))
              )
            )
            (norm2): LayerNorm2d(0, 0.000% Params, 0.0 Mac, 0.000% MACs, )
            (ffn): MSConvStar(
              4.58 k, 0.312% Params, 169.87 MMac, 1.012% MACs, 
              (fc1): Conv2d(2.11 k, 0.144% Params, 77.86 MMac, 0.464% MACs, 32, 64, kernel_size=(1, 1), stride=(1, 1))
              (dwconv): MSDWConv(
                1.41 k, 0.096% Params, 51.9 MMac, 0.309% MACs, 
                (proj): ModuleList(
                  (0): Conv2d(32, 0.002% Params, 1.18 MMac, 0.007% MACs, 16, 16, kernel_size=(1, 1), stride=(1, 1), groups=16)
                  (1): Conv2d(160, 0.011% Params, 5.9 MMac, 0.035% MACs, 16, 16, kernel_size=(3, 3), stride=(1, 1), padding=(1, 1), groups=16)
                  (2): Conv2d(416, 0.028% Params, 15.34 MMac, 0.091% MACs, 16, 16, kernel_size=(5, 5), stride=(1, 1), padding=(2, 2), groups=16)
                  (3): Conv2d(800, 0.055% Params, 29.49 MMac, 0.176% MACs, 16, 16, kernel_size=(7, 7), stride=(1, 1), padding=(3, 3), groups=16)
                )
              )
              (fc2): Conv2d(1.06 k, 0.072% Params, 38.93 MMac, 0.232% MACs, 32, 32, kernel_size=(1, 1), stride=(1, 1))
              (act): GELU(0, 0.000% Params, 1.18 MMac, 0.007% MACs, approximate='none')
            )
          )
          (conv): Conv2d(9.25 k, 0.630% Params, 340.92 MMac, 2.031% MACs, 32, 32, kernel_size=(3, 3), stride=(1, 1), padding=(1, 1))
        )
        (3): S1_TransBlock_NoMAB1(
          22.92 k, 1.562% Params, 831.65 MMac, 4.953% MACs, 
          (lab): LAB(
            2.98 k, 0.203% Params, 93.19 MMac, 0.555% MACs, 
            (net): Sequential(
              2.98 k, 0.203% Params, 93.19 MMac, 0.555% MACs, 
              (0): Conv2d(1.06 k, 0.072% Params, 38.93 MMac, 0.232% MACs, 32, 32, kernel_size=(1, 1), stride=(1, 1))
              (1): GELU(0, 0.000% Params, 1.18 MMac, 0.007% MACs, approximate='none')
              (2): Conv2d(320, 0.022% Params, 11.8 MMac, 0.070% MACs, 32, 32, kernel_size=(3, 3), stride=(1, 1), padding=(1, 1), groups=32)
              (3): GELU(0, 0.000% Params, 1.18 MMac, 0.007% MACs, approximate='none')
              (4): ChannelAttention(
                552, 0.038% Params, 1.18 MMac, 0.007% MACs, 
                (attention): Sequential(
                  552, 0.038% Params, 1.18 MMac, 0.007% MACs, 
                  (0): AdaptiveAvgPool2d(0, 0.000% Params, 1.18 MMac, 0.007% MACs, output_size=1)
                  (1): Conv2d(264, 0.018% Params, 264.0 Mac, 0.000% MACs, 32, 8, kernel_size=(1, 1), stride=(1, 1))
                  (2): SiLU(0, 0.000% Params, 0.0 Mac, 0.000% MACs, )
                  (3): Conv2d(288, 0.020% Params, 288.0 Mac, 0.000% MACs, 8, 32, kernel_size=(1, 1), stride=(1, 1))
                  (4): Sigmoid(0, 0.000% Params, 0.0 Mac, 0.000% MACs, )
                )
              )
              (5): Conv2d(1.06 k, 0.072% Params, 38.93 MMac, 0.232% MACs, 32, 32, kernel_size=(1, 1), stride=(1, 1))
            )
          )
          (mab2): MAB(
            10.69 k, 0.728% Params, 397.54 MMac, 2.368% MACs, 
            (norm1): LayerNorm2d(0, 0.000% Params, 0.0 Mac, 0.000% MACs, )
            (attn): RALA2D(
              6.11 k, 0.417% Params, 227.67 MMac, 1.356% MACs, 
              (rope): RALARoPE(0, 0.000% Params, 0.0 Mac, 0.000% MACs, )
              (attn): GateLinearAttentionNoSilu(
                6.11 k, 0.417% Params, 227.67 MMac, 1.356% MACs, 
                (qkvo): Conv2d(4.22 k, 0.288% Params, 155.71 MMac, 0.927% MACs, 32, 128, kernel_size=(1, 1), stride=(1, 1))
                (elu): ELU(0, 0.000% Params, 2.36 MMac, 0.014% MACs, alpha=1.0)
                (lepe): Conv2d(832, 0.057% Params, 30.67 MMac, 0.183% MACs, 32, 32, kernel_size=(5, 5), stride=(1, 1), padding=(2, 2), groups=32)
                (proj): Conv2d(1.06 k, 0.072% Params, 38.93 MMac, 0.232% MACs, 32, 32, kernel_size=(1, 1), stride=(1, 1))
              )
            )
            (norm2): LayerNorm2d(0, 0.000% Params, 0.0 Mac, 0.000% MACs, )
            (ffn): MSConvStar(
              4.58 k, 0.312% Params, 169.87 MMac, 1.012% MACs, 
              (fc1): Conv2d(2.11 k, 0.144% Params, 77.86 MMac, 0.464% MACs, 32, 64, kernel_size=(1, 1), stride=(1, 1))
              (dwconv): MSDWConv(
                1.41 k, 0.096% Params, 51.9 MMac, 0.309% MACs, 
                (proj): ModuleList(
                  (0): Conv2d(32, 0.002% Params, 1.18 MMac, 0.007% MACs, 16, 16, kernel_size=(1, 1), stride=(1, 1), groups=16)
                  (1): Conv2d(160, 0.011% Params, 5.9 MMac, 0.035% MACs, 16, 16, kernel_size=(3, 3), stride=(1, 1), padding=(1, 1), groups=16)
                  (2): Conv2d(416, 0.028% Params, 15.34 MMac, 0.091% MACs, 16, 16, kernel_size=(5, 5), stride=(1, 1), padding=(2, 2), groups=16)
                  (3): Conv2d(800, 0.055% Params, 29.49 MMac, 0.176% MACs, 16, 16, kernel_size=(7, 7), stride=(1, 1), padding=(3, 3), groups=16)
                )
              )
              (fc2): Conv2d(1.06 k, 0.072% Params, 38.93 MMac, 0.232% MACs, 32, 32, kernel_size=(1, 1), stride=(1, 1))
              (act): GELU(0, 0.000% Params, 1.18 MMac, 0.007% MACs, approximate='none')
            )
          )
          (conv): Conv2d(9.25 k, 0.630% Params, 340.92 MMac, 2.031% MACs, 32, 32, kernel_size=(3, 3), stride=(1, 1), padding=(1, 1))
        )
      )
      (1): Sequential(
        514.66 k, 35.076% Params, 4.65 GMac, 27.675% MACs, 
        (0): S1_TransBlock_NoMAB1(
          85.78 k, 5.846% Params, 774.44 MMac, 4.613% MACs, 
          (lab): LAB(
            11.09 k, 0.756% Params, 84.35 MMac, 0.502% MACs, 
            (net): Sequential(
              11.09 k, 0.756% Params, 84.35 MMac, 0.502% MACs, 
              (0): Conv2d(4.16 k, 0.284% Params, 38.34 MMac, 0.228% MACs, 64, 64, kernel_size=(1, 1), stride=(1, 1))
              (1): GELU(0, 0.000% Params, 589.82 KMac, 0.004% MACs, approximate='none')
              (2): Conv2d(640, 0.044% Params, 5.9 MMac, 0.035% MACs, 64, 64, kernel_size=(3, 3), stride=(1, 1), padding=(1, 1), groups=64)
              (3): GELU(0, 0.000% Params, 589.82 KMac, 0.004% MACs, approximate='none')
              (4): ChannelAttention(
                2.13 k, 0.145% Params, 591.95 KMac, 0.004% MACs, 
                (attention): Sequential(
                  2.13 k, 0.145% Params, 591.95 KMac, 0.004% MACs, 
                  (0): AdaptiveAvgPool2d(0, 0.000% Params, 589.82 KMac, 0.004% MACs, output_size=1)
                  (1): Conv2d(1.04 k, 0.071% Params, 1.04 KMac, 0.000% MACs, 64, 16, kernel_size=(1, 1), stride=(1, 1))
                  (2): SiLU(0, 0.000% Params, 0.0 Mac, 0.000% MACs, )
                  (3): Conv2d(1.09 k, 0.074% Params, 1.09 KMac, 0.000% MACs, 16, 64, kernel_size=(1, 1), stride=(1, 1))
                  (4): Sigmoid(0, 0.000% Params, 0.0 Mac, 0.000% MACs, )
                )
              )
              (5): Conv2d(4.16 k, 0.284% Params, 38.34 MMac, 0.228% MACs, 64, 64, kernel_size=(1, 1), stride=(1, 1))
            )
          )
          (mab2): MAB(
            37.76 k, 2.574% Params, 349.77 MMac, 2.083% MACs, 
            (norm1): LayerNorm2d(0, 0.000% Params, 0.0 Mac, 0.000% MACs, )
            (attn): RALA2D(
              22.46 k, 1.531% Params, 208.21 MMac, 1.240% MACs, 
              (rope): RALARoPE(0, 0.000% Params, 0.0 Mac, 0.000% MACs, )
              (attn): GateLinearAttentionNoSilu(
                22.46 k, 1.531% Params, 208.21 MMac, 1.240% MACs, 
                (qkvo): Conv2d(16.64 k, 1.134% Params, 153.35 MMac, 0.913% MACs, 64, 256, kernel_size=(1, 1), stride=(1, 1))
                (elu): ELU(0, 0.000% Params, 1.18 MMac, 0.007% MACs, alpha=1.0)
                (lepe): Conv2d(1.66 k, 0.113% Params, 15.34 MMac, 0.091% MACs, 64, 64, kernel_size=(5, 5), stride=(1, 1), padding=(2, 2), groups=64)
                (proj): Conv2d(4.16 k, 0.284% Params, 38.34 MMac, 0.228% MACs, 64, 64, kernel_size=(1, 1), stride=(1, 1))
              )
            )
            (norm2): LayerNorm2d(0, 0.000% Params, 0.0 Mac, 0.000% MACs, )
            (ffn): MSConvStar(
              15.3 k, 1.042% Params, 141.56 MMac, 0.843% MACs, 
              (fc1): Conv2d(8.32 k, 0.567% Params, 76.68 MMac, 0.457% MACs, 64, 128, kernel_size=(1, 1), stride=(1, 1))
              (dwconv): MSDWConv(
                2.82 k, 0.192% Params, 25.95 MMac, 0.155% MACs, 
                (proj): ModuleList(
                  (0): Conv2d(64, 0.004% Params, 589.82 KMac, 0.004% MACs, 32, 32, kernel_size=(1, 1), stride=(1, 1), groups=32)
                  (1): Conv2d(320, 0.022% Params, 2.95 MMac, 0.018% MACs, 32, 32, kernel_size=(3, 3), stride=(1, 1), padding=(1, 1), groups=32)
                  (2): Conv2d(832, 0.057% Params, 7.67 MMac, 0.046% MACs, 32, 32, kernel_size=(5, 5), stride=(1, 1), padding=(2, 2), groups=32)
                  (3): Conv2d(1.6 k, 0.109% Params, 14.75 MMac, 0.088% MACs, 32, 32, kernel_size=(7, 7), stride=(1, 1), padding=(3, 3), groups=32)
                )
              )
              (fc2): Conv2d(4.16 k, 0.284% Params, 38.34 MMac, 0.228% MACs, 64, 64, kernel_size=(1, 1), stride=(1, 1))
              (act): GELU(0, 0.000% Params, 589.82 KMac, 0.004% MACs, approximate='none')
            )
          )
          (conv): Conv2d(36.93 k, 2.517% Params, 340.33 MMac, 2.027% MACs, 64, 64, kernel_size=(3, 3), stride=(1, 1), padding=(1, 1))
        )
        (1): S1_TransBlock_NoMAB1(
          85.78 k, 5.846% Params, 774.44 MMac, 4.613% MACs, 
          (lab): LAB(
            11.09 k, 0.756% Params, 84.35 MMac, 0.502% MACs, 
            (net): Sequential(
              11.09 k, 0.756% Params, 84.35 MMac, 0.502% MACs, 
              (0): Conv2d(4.16 k, 0.284% Params, 38.34 MMac, 0.228% MACs, 64, 64, kernel_size=(1, 1), stride=(1, 1))
              (1): GELU(0, 0.000% Params, 589.82 KMac, 0.004% MACs, approximate='none')
              (2): Conv2d(640, 0.044% Params, 5.9 MMac, 0.035% MACs, 64, 64, kernel_size=(3, 3), stride=(1, 1), padding=(1, 1), groups=64)
              (3): GELU(0, 0.000% Params, 589.82 KMac, 0.004% MACs, approximate='none')
              (4): ChannelAttention(
                2.13 k, 0.145% Params, 591.95 KMac, 0.004% MACs, 
                (attention): Sequential(
                  2.13 k, 0.145% Params, 591.95 KMac, 0.004% MACs, 
                  (0): AdaptiveAvgPool2d(0, 0.000% Params, 589.82 KMac, 0.004% MACs, output_size=1)
                  (1): Conv2d(1.04 k, 0.071% Params, 1.04 KMac, 0.000% MACs, 64, 16, kernel_size=(1, 1), stride=(1, 1))
                  (2): SiLU(0, 0.000% Params, 0.0 Mac, 0.000% MACs, )
                  (3): Conv2d(1.09 k, 0.074% Params, 1.09 KMac, 0.000% MACs, 16, 64, kernel_size=(1, 1), stride=(1, 1))
                  (4): Sigmoid(0, 0.000% Params, 0.0 Mac, 0.000% MACs, )
                )
              )
              (5): Conv2d(4.16 k, 0.284% Params, 38.34 MMac, 0.228% MACs, 64, 64, kernel_size=(1, 1), stride=(1, 1))
            )
          )
          (mab2): MAB(
            37.76 k, 2.574% Params, 349.77 MMac, 2.083% MACs, 
            (norm1): LayerNorm2d(0, 0.000% Params, 0.0 Mac, 0.000% MACs, )
            (attn): RALA2D(
              22.46 k, 1.531% Params, 208.21 MMac, 1.240% MACs, 
              (rope): RALARoPE(0, 0.000% Params, 0.0 Mac, 0.000% MACs, )
              (attn): GateLinearAttentionNoSilu(
                22.46 k, 1.531% Params, 208.21 MMac, 1.240% MACs, 
                (qkvo): Conv2d(16.64 k, 1.134% Params, 153.35 MMac, 0.913% MACs, 64, 256, kernel_size=(1, 1), stride=(1, 1))
                (elu): ELU(0, 0.000% Params, 1.18 MMac, 0.007% MACs, alpha=1.0)
                (lepe): Conv2d(1.66 k, 0.113% Params, 15.34 MMac, 0.091% MACs, 64, 64, kernel_size=(5, 5), stride=(1, 1), padding=(2, 2), groups=64)
                (proj): Conv2d(4.16 k, 0.284% Params, 38.34 MMac, 0.228% MACs, 64, 64, kernel_size=(1, 1), stride=(1, 1))
              )
            )
            (norm2): LayerNorm2d(0, 0.000% Params, 0.0 Mac, 0.000% MACs, )
            (ffn): MSConvStar(
              15.3 k, 1.042% Params, 141.56 MMac, 0.843% MACs, 
              (fc1): Conv2d(8.32 k, 0.567% Params, 76.68 MMac, 0.457% MACs, 64, 128, kernel_size=(1, 1), stride=(1, 1))
              (dwconv): MSDWConv(
                2.82 k, 0.192% Params, 25.95 MMac, 0.155% MACs, 
                (proj): ModuleList(
                  (0): Conv2d(64, 0.004% Params, 589.82 KMac, 0.004% MACs, 32, 32, kernel_size=(1, 1), stride=(1, 1), groups=32)
                  (1): Conv2d(320, 0.022% Params, 2.95 MMac, 0.018% MACs, 32, 32, kernel_size=(3, 3), stride=(1, 1), padding=(1, 1), groups=32)
                  (2): Conv2d(832, 0.057% Params, 7.67 MMac, 0.046% MACs, 32, 32, kernel_size=(5, 5), stride=(1, 1), padding=(2, 2), groups=32)
                  (3): Conv2d(1.6 k, 0.109% Params, 14.75 MMac, 0.088% MACs, 32, 32, kernel_size=(7, 7), stride=(1, 1), padding=(3, 3), groups=32)
                )
              )
              (fc2): Conv2d(4.16 k, 0.284% Params, 38.34 MMac, 0.228% MACs, 64, 64, kernel_size=(1, 1), stride=(1, 1))
              (act): GELU(0, 0.000% Params, 589.82 KMac, 0.004% MACs, approximate='none')
            )
          )
          (conv): Conv2d(36.93 k, 2.517% Params, 340.33 MMac, 2.027% MACs, 64, 64, kernel_size=(3, 3), stride=(1, 1), padding=(1, 1))
        )
        (2): S1_TransBlock_NoMAB1(
          85.78 k, 5.846% Params, 774.44 MMac, 4.613% MACs, 
          (lab): LAB(
            11.09 k, 0.756% Params, 84.35 MMac, 0.502% MACs, 
            (net): Sequential(
              11.09 k, 0.756% Params, 84.35 MMac, 0.502% MACs, 
              (0): Conv2d(4.16 k, 0.284% Params, 38.34 MMac, 0.228% MACs, 64, 64, kernel_size=(1, 1), stride=(1, 1))
              (1): GELU(0, 0.000% Params, 589.82 KMac, 0.004% MACs, approximate='none')
              (2): Conv2d(640, 0.044% Params, 5.9 MMac, 0.035% MACs, 64, 64, kernel_size=(3, 3), stride=(1, 1), padding=(1, 1), groups=64)
              (3): GELU(0, 0.000% Params, 589.82 KMac, 0.004% MACs, approximate='none')
              (4): ChannelAttention(
                2.13 k, 0.145% Params, 591.95 KMac, 0.004% MACs, 
                (attention): Sequential(
                  2.13 k, 0.145% Params, 591.95 KMac, 0.004% MACs, 
                  (0): AdaptiveAvgPool2d(0, 0.000% Params, 589.82 KMac, 0.004% MACs, output_size=1)
                  (1): Conv2d(1.04 k, 0.071% Params, 1.04 KMac, 0.000% MACs, 64, 16, kernel_size=(1, 1), stride=(1, 1))
                  (2): SiLU(0, 0.000% Params, 0.0 Mac, 0.000% MACs, )
                  (3): Conv2d(1.09 k, 0.074% Params, 1.09 KMac, 0.000% MACs, 16, 64, kernel_size=(1, 1), stride=(1, 1))
                  (4): Sigmoid(0, 0.000% Params, 0.0 Mac, 0.000% MACs, )
                )
              )
              (5): Conv2d(4.16 k, 0.284% Params, 38.34 MMac, 0.228% MACs, 64, 64, kernel_size=(1, 1), stride=(1, 1))
            )
          )
          (mab2): MAB(
            37.76 k, 2.574% Params, 349.77 MMac, 2.083% MACs, 
            (norm1): LayerNorm2d(0, 0.000% Params, 0.0 Mac, 0.000% MACs, )
            (attn): RALA2D(
              22.46 k, 1.531% Params, 208.21 MMac, 1.240% MACs, 
              (rope): RALARoPE(0, 0.000% Params, 0.0 Mac, 0.000% MACs, )
              (attn): GateLinearAttentionNoSilu(
                22.46 k, 1.531% Params, 208.21 MMac, 1.240% MACs, 
                (qkvo): Conv2d(16.64 k, 1.134% Params, 153.35 MMac, 0.913% MACs, 64, 256, kernel_size=(1, 1), stride=(1, 1))
                (elu): ELU(0, 0.000% Params, 1.18 MMac, 0.007% MACs, alpha=1.0)
                (lepe): Conv2d(1.66 k, 0.113% Params, 15.34 MMac, 0.091% MACs, 64, 64, kernel_size=(5, 5), stride=(1, 1), padding=(2, 2), groups=64)
                (proj): Conv2d(4.16 k, 0.284% Params, 38.34 MMac, 0.228% MACs, 64, 64, kernel_size=(1, 1), stride=(1, 1))
              )
            )
            (norm2): LayerNorm2d(0, 0.000% Params, 0.0 Mac, 0.000% MACs, )
            (ffn): MSConvStar(
              15.3 k, 1.042% Params, 141.56 MMac, 0.843% MACs, 
              (fc1): Conv2d(8.32 k, 0.567% Params, 76.68 MMac, 0.457% MACs, 64, 128, kernel_size=(1, 1), stride=(1, 1))
              (dwconv): MSDWConv(
                2.82 k, 0.192% Params, 25.95 MMac, 0.155% MACs, 
                (proj): ModuleList(
                  (0): Conv2d(64, 0.004% Params, 589.82 KMac, 0.004% MACs, 32, 32, kernel_size=(1, 1), stride=(1, 1), groups=32)
                  (1): Conv2d(320, 0.022% Params, 2.95 MMac, 0.018% MACs, 32, 32, kernel_size=(3, 3), stride=(1, 1), padding=(1, 1), groups=32)
                  (2): Conv2d(832, 0.057% Params, 7.67 MMac, 0.046% MACs, 32, 32, kernel_size=(5, 5), stride=(1, 1), padding=(2, 2), groups=32)
                  (3): Conv2d(1.6 k, 0.109% Params, 14.75 MMac, 0.088% MACs, 32, 32, kernel_size=(7, 7), stride=(1, 1), padding=(3, 3), groups=32)
                )
              )
              (fc2): Conv2d(4.16 k, 0.284% Params, 38.34 MMac, 0.228% MACs, 64, 64, kernel_size=(1, 1), stride=(1, 1))
              (act): GELU(0, 0.000% Params, 589.82 KMac, 0.004% MACs, approximate='none')
            )
          )
          (conv): Conv2d(36.93 k, 2.517% Params, 340.33 MMac, 2.027% MACs, 64, 64, kernel_size=(3, 3), stride=(1, 1), padding=(1, 1))
        )
        (3): S1_TransBlock_NoMAB1(
          85.78 k, 5.846% Params, 774.44 MMac, 4.613% MACs, 
          (lab): LAB(
            11.09 k, 0.756% Params, 84.35 MMac, 0.502% MACs, 
            (net): Sequential(
              11.09 k, 0.756% Params, 84.35 MMac, 0.502% MACs, 
              (0): Conv2d(4.16 k, 0.284% Params, 38.34 MMac, 0.228% MACs, 64, 64, kernel_size=(1, 1), stride=(1, 1))
              (1): GELU(0, 0.000% Params, 589.82 KMac, 0.004% MACs, approximate='none')
              (2): Conv2d(640, 0.044% Params, 5.9 MMac, 0.035% MACs, 64, 64, kernel_size=(3, 3), stride=(1, 1), padding=(1, 1), groups=64)
              (3): GELU(0, 0.000% Params, 589.82 KMac, 0.004% MACs, approximate='none')
              (4): ChannelAttention(
                2.13 k, 0.145% Params, 591.95 KMac, 0.004% MACs, 
                (attention): Sequential(
                  2.13 k, 0.145% Params, 591.95 KMac, 0.004% MACs, 
                  (0): AdaptiveAvgPool2d(0, 0.000% Params, 589.82 KMac, 0.004% MACs, output_size=1)
                  (1): Conv2d(1.04 k, 0.071% Params, 1.04 KMac, 0.000% MACs, 64, 16, kernel_size=(1, 1), stride=(1, 1))
                  (2): SiLU(0, 0.000% Params, 0.0 Mac, 0.000% MACs, )
                  (3): Conv2d(1.09 k, 0.074% Params, 1.09 KMac, 0.000% MACs, 16, 64, kernel_size=(1, 1), stride=(1, 1))
                  (4): Sigmoid(0, 0.000% Params, 0.0 Mac, 0.000% MACs, )
                )
              )
              (5): Conv2d(4.16 k, 0.284% Params, 38.34 MMac, 0.228% MACs, 64, 64, kernel_size=(1, 1), stride=(1, 1))
            )
          )
          (mab2): MAB(
            37.76 k, 2.574% Params, 349.77 MMac, 2.083% MACs, 
            (norm1): LayerNorm2d(0, 0.000% Params, 0.0 Mac, 0.000% MACs, )
            (attn): RALA2D(
              22.46 k, 1.531% Params, 208.21 MMac, 1.240% MACs, 
              (rope): RALARoPE(0, 0.000% Params, 0.0 Mac, 0.000% MACs, )
              (attn): GateLinearAttentionNoSilu(
                22.46 k, 1.531% Params, 208.21 MMac, 1.240% MACs, 
                (qkvo): Conv2d(16.64 k, 1.134% Params, 153.35 MMac, 0.913% MACs, 64, 256, kernel_size=(1, 1), stride=(1, 1))
                (elu): ELU(0, 0.000% Params, 1.18 MMac, 0.007% MACs, alpha=1.0)
                (lepe): Conv2d(1.66 k, 0.113% Params, 15.34 MMac, 0.091% MACs, 64, 64, kernel_size=(5, 5), stride=(1, 1), padding=(2, 2), groups=64)
                (proj): Conv2d(4.16 k, 0.284% Params, 38.34 MMac, 0.228% MACs, 64, 64, kernel_size=(1, 1), stride=(1, 1))
              )
            )
            (norm2): LayerNorm2d(0, 0.000% Params, 0.0 Mac, 0.000% MACs, )
            (ffn): MSConvStar(
              15.3 k, 1.042% Params, 141.56 MMac, 0.843% MACs, 
              (fc1): Conv2d(8.32 k, 0.567% Params, 76.68 MMac, 0.457% MACs, 64, 128, kernel_size=(1, 1), stride=(1, 1))
              (dwconv): MSDWConv(
                2.82 k, 0.192% Params, 25.95 MMac, 0.155% MACs, 
                (proj): ModuleList(
                  (0): Conv2d(64, 0.004% Params, 589.82 KMac, 0.004% MACs, 32, 32, kernel_size=(1, 1), stride=(1, 1), groups=32)
                  (1): Conv2d(320, 0.022% Params, 2.95 MMac, 0.018% MACs, 32, 32, kernel_size=(3, 3), stride=(1, 1), padding=(1, 1), groups=32)
                  (2): Conv2d(832, 0.057% Params, 7.67 MMac, 0.046% MACs, 32, 32, kernel_size=(5, 5), stride=(1, 1), padding=(2, 2), groups=32)
                  (3): Conv2d(1.6 k, 0.109% Params, 14.75 MMac, 0.088% MACs, 32, 32, kernel_size=(7, 7), stride=(1, 1), padding=(3, 3), groups=32)
                )
              )
              (fc2): Conv2d(4.16 k, 0.284% Params, 38.34 MMac, 0.228% MACs, 64, 64, kernel_size=(1, 1), stride=(1, 1))
              (act): GELU(0, 0.000% Params, 589.82 KMac, 0.004% MACs, approximate='none')
            )
          )
          (conv): Conv2d(36.93 k, 2.517% Params, 340.33 MMac, 2.027% MACs, 64, 64, kernel_size=(3, 3), stride=(1, 1), padding=(1, 1))
        )
        (4): S1_TransBlock_NoMAB1(
          85.78 k, 5.846% Params, 774.44 MMac, 4.613% MACs, 
          (lab): LAB(
            11.09 k, 0.756% Params, 84.35 MMac, 0.502% MACs, 
            (net): Sequential(
              11.09 k, 0.756% Params, 84.35 MMac, 0.502% MACs, 
              (0): Conv2d(4.16 k, 0.284% Params, 38.34 MMac, 0.228% MACs, 64, 64, kernel_size=(1, 1), stride=(1, 1))
              (1): GELU(0, 0.000% Params, 589.82 KMac, 0.004% MACs, approximate='none')
              (2): Conv2d(640, 0.044% Params, 5.9 MMac, 0.035% MACs, 64, 64, kernel_size=(3, 3), stride=(1, 1), padding=(1, 1), groups=64)
              (3): GELU(0, 0.000% Params, 589.82 KMac, 0.004% MACs, approximate='none')
              (4): ChannelAttention(
                2.13 k, 0.145% Params, 591.95 KMac, 0.004% MACs, 
                (attention): Sequential(
                  2.13 k, 0.145% Params, 591.95 KMac, 0.004% MACs, 
                  (0): AdaptiveAvgPool2d(0, 0.000% Params, 589.82 KMac, 0.004% MACs, output_size=1)
                  (1): Conv2d(1.04 k, 0.071% Params, 1.04 KMac, 0.000% MACs, 64, 16, kernel_size=(1, 1), stride=(1, 1))
                  (2): SiLU(0, 0.000% Params, 0.0 Mac, 0.000% MACs, )
                  (3): Conv2d(1.09 k, 0.074% Params, 1.09 KMac, 0.000% MACs, 16, 64, kernel_size=(1, 1), stride=(1, 1))
                  (4): Sigmoid(0, 0.000% Params, 0.0 Mac, 0.000% MACs, )
                )
              )
              (5): Conv2d(4.16 k, 0.284% Params, 38.34 MMac, 0.228% MACs, 64, 64, kernel_size=(1, 1), stride=(1, 1))
            )
          )
          (mab2): MAB(
            37.76 k, 2.574% Params, 349.77 MMac, 2.083% MACs, 
            (norm1): LayerNorm2d(0, 0.000% Params, 0.0 Mac, 0.000% MACs, )
            (attn): RALA2D(
              22.46 k, 1.531% Params, 208.21 MMac, 1.240% MACs, 
              (rope): RALARoPE(0, 0.000% Params, 0.0 Mac, 0.000% MACs, )
              (attn): GateLinearAttentionNoSilu(
                22.46 k, 1.531% Params, 208.21 MMac, 1.240% MACs, 
                (qkvo): Conv2d(16.64 k, 1.134% Params, 153.35 MMac, 0.913% MACs, 64, 256, kernel_size=(1, 1), stride=(1, 1))
                (elu): ELU(0, 0.000% Params, 1.18 MMac, 0.007% MACs, alpha=1.0)
                (lepe): Conv2d(1.66 k, 0.113% Params, 15.34 MMac, 0.091% MACs, 64, 64, kernel_size=(5, 5), stride=(1, 1), padding=(2, 2), groups=64)
                (proj): Conv2d(4.16 k, 0.284% Params, 38.34 MMac, 0.228% MACs, 64, 64, kernel_size=(1, 1), stride=(1, 1))
              )
            )
            (norm2): LayerNorm2d(0, 0.000% Params, 0.0 Mac, 0.000% MACs, )
            (ffn): MSConvStar(
              15.3 k, 1.042% Params, 141.56 MMac, 0.843% MACs, 
              (fc1): Conv2d(8.32 k, 0.567% Params, 76.68 MMac, 0.457% MACs, 64, 128, kernel_size=(1, 1), stride=(1, 1))
              (dwconv): MSDWConv(
                2.82 k, 0.192% Params, 25.95 MMac, 0.155% MACs, 
                (proj): ModuleList(
                  (0): Conv2d(64, 0.004% Params, 589.82 KMac, 0.004% MACs, 32, 32, kernel_size=(1, 1), stride=(1, 1), groups=32)
                  (1): Conv2d(320, 0.022% Params, 2.95 MMac, 0.018% MACs, 32, 32, kernel_size=(3, 3), stride=(1, 1), padding=(1, 1), groups=32)
                  (2): Conv2d(832, 0.057% Params, 7.67 MMac, 0.046% MACs, 32, 32, kernel_size=(5, 5), stride=(1, 1), padding=(2, 2), groups=32)
                  (3): Conv2d(1.6 k, 0.109% Params, 14.75 MMac, 0.088% MACs, 32, 32, kernel_size=(7, 7), stride=(1, 1), padding=(3, 3), groups=32)
                )
              )
              (fc2): Conv2d(4.16 k, 0.284% Params, 38.34 MMac, 0.228% MACs, 64, 64, kernel_size=(1, 1), stride=(1, 1))
              (act): GELU(0, 0.000% Params, 589.82 KMac, 0.004% MACs, approximate='none')
            )
          )
          (conv): Conv2d(36.93 k, 2.517% Params, 340.33 MMac, 2.027% MACs, 64, 64, kernel_size=(3, 3), stride=(1, 1), padding=(1, 1))
        )
        (5): S1_TransBlock_NoMAB1(
          85.78 k, 5.846% Params, 774.44 MMac, 4.613% MACs, 
          (lab): LAB(
            11.09 k, 0.756% Params, 84.35 MMac, 0.502% MACs, 
            (net): Sequential(
              11.09 k, 0.756% Params, 84.35 MMac, 0.502% MACs, 
              (0): Conv2d(4.16 k, 0.284% Params, 38.34 MMac, 0.228% MACs, 64, 64, kernel_size=(1, 1), stride=(1, 1))
              (1): GELU(0, 0.000% Params, 589.82 KMac, 0.004% MACs, approximate='none')
              (2): Conv2d(640, 0.044% Params, 5.9 MMac, 0.035% MACs, 64, 64, kernel_size=(3, 3), stride=(1, 1), padding=(1, 1), groups=64)
              (3): GELU(0, 0.000% Params, 589.82 KMac, 0.004% MACs, approximate='none')
              (4): ChannelAttention(
                2.13 k, 0.145% Params, 591.95 KMac, 0.004% MACs, 
                (attention): Sequential(
                  2.13 k, 0.145% Params, 591.95 KMac, 0.004% MACs, 
                  (0): AdaptiveAvgPool2d(0, 0.000% Params, 589.82 KMac, 0.004% MACs, output_size=1)
                  (1): Conv2d(1.04 k, 0.071% Params, 1.04 KMac, 0.000% MACs, 64, 16, kernel_size=(1, 1), stride=(1, 1))
                  (2): SiLU(0, 0.000% Params, 0.0 Mac, 0.000% MACs, )
                  (3): Conv2d(1.09 k, 0.074% Params, 1.09 KMac, 0.000% MACs, 16, 64, kernel_size=(1, 1), stride=(1, 1))
                  (4): Sigmoid(0, 0.000% Params, 0.0 Mac, 0.000% MACs, )
                )
              )
              (5): Conv2d(4.16 k, 0.284% Params, 38.34 MMac, 0.228% MACs, 64, 64, kernel_size=(1, 1), stride=(1, 1))
            )
          )
          (mab2): MAB(
            37.76 k, 2.574% Params, 349.77 MMac, 2.083% MACs, 
            (norm1): LayerNorm2d(0, 0.000% Params, 0.0 Mac, 0.000% MACs, )
            (attn): RALA2D(
              22.46 k, 1.531% Params, 208.21 MMac, 1.240% MACs, 
              (rope): RALARoPE(0, 0.000% Params, 0.0 Mac, 0.000% MACs, )
              (attn): GateLinearAttentionNoSilu(
                22.46 k, 1.531% Params, 208.21 MMac, 1.240% MACs, 
                (qkvo): Conv2d(16.64 k, 1.134% Params, 153.35 MMac, 0.913% MACs, 64, 256, kernel_size=(1, 1), stride=(1, 1))
                (elu): ELU(0, 0.000% Params, 1.18 MMac, 0.007% MACs, alpha=1.0)
                (lepe): Conv2d(1.66 k, 0.113% Params, 15.34 MMac, 0.091% MACs, 64, 64, kernel_size=(5, 5), stride=(1, 1), padding=(2, 2), groups=64)
                (proj): Conv2d(4.16 k, 0.284% Params, 38.34 MMac, 0.228% MACs, 64, 64, kernel_size=(1, 1), stride=(1, 1))
              )
            )
            (norm2): LayerNorm2d(0, 0.000% Params, 0.0 Mac, 0.000% MACs, )
            (ffn): MSConvStar(
              15.3 k, 1.042% Params, 141.56 MMac, 0.843% MACs, 
              (fc1): Conv2d(8.32 k, 0.567% Params, 76.68 MMac, 0.457% MACs, 64, 128, kernel_size=(1, 1), stride=(1, 1))
              (dwconv): MSDWConv(
                2.82 k, 0.192% Params, 25.95 MMac, 0.155% MACs, 
                (proj): ModuleList(
                  (0): Conv2d(64, 0.004% Params, 589.82 KMac, 0.004% MACs, 32, 32, kernel_size=(1, 1), stride=(1, 1), groups=32)
                  (1): Conv2d(320, 0.022% Params, 2.95 MMac, 0.018% MACs, 32, 32, kernel_size=(3, 3), stride=(1, 1), padding=(1, 1), groups=32)
                  (2): Conv2d(832, 0.057% Params, 7.67 MMac, 0.046% MACs, 32, 32, kernel_size=(5, 5), stride=(1, 1), padding=(2, 2), groups=32)
                  (3): Conv2d(1.6 k, 0.109% Params, 14.75 MMac, 0.088% MACs, 32, 32, kernel_size=(7, 7), stride=(1, 1), padding=(3, 3), groups=32)
                )
              )
              (fc2): Conv2d(4.16 k, 0.284% Params, 38.34 MMac, 0.228% MACs, 64, 64, kernel_size=(1, 1), stride=(1, 1))
              (act): GELU(0, 0.000% Params, 589.82 KMac, 0.004% MACs, approximate='none')
            )
          )
          (conv): Conv2d(36.93 k, 2.517% Params, 340.33 MMac, 2.027% MACs, 64, 64, kernel_size=(3, 3), stride=(1, 1), padding=(1, 1))
        )
      )
    )
    (decoders): ModuleList(
      (0): Sequential(
        514.66 k, 35.076% Params, 4.65 GMac, 27.675% MACs, 
        (0): S1_TransBlock_NoMAB1(
          85.78 k, 5.846% Params, 774.44 MMac, 4.613% MACs, 
          (lab): LAB(
            11.09 k, 0.756% Params, 84.35 MMac, 0.502% MACs, 
            (net): Sequential(
              11.09 k, 0.756% Params, 84.35 MMac, 0.502% MACs, 
              (0): Conv2d(4.16 k, 0.284% Params, 38.34 MMac, 0.228% MACs, 64, 64, kernel_size=(1, 1), stride=(1, 1))
              (1): GELU(0, 0.000% Params, 589.82 KMac, 0.004% MACs, approximate='none')
              (2): Conv2d(640, 0.044% Params, 5.9 MMac, 0.035% MACs, 64, 64, kernel_size=(3, 3), stride=(1, 1), padding=(1, 1), groups=64)
              (3): GELU(0, 0.000% Params, 589.82 KMac, 0.004% MACs, approximate='none')
              (4): ChannelAttention(
                2.13 k, 0.145% Params, 591.95 KMac, 0.004% MACs, 
                (attention): Sequential(
                  2.13 k, 0.145% Params, 591.95 KMac, 0.004% MACs, 
                  (0): AdaptiveAvgPool2d(0, 0.000% Params, 589.82 KMac, 0.004% MACs, output_size=1)
                  (1): Conv2d(1.04 k, 0.071% Params, 1.04 KMac, 0.000% MACs, 64, 16, kernel_size=(1, 1), stride=(1, 1))
                  (2): SiLU(0, 0.000% Params, 0.0 Mac, 0.000% MACs, )
                  (3): Conv2d(1.09 k, 0.074% Params, 1.09 KMac, 0.000% MACs, 16, 64, kernel_size=(1, 1), stride=(1, 1))
                  (4): Sigmoid(0, 0.000% Params, 0.0 Mac, 0.000% MACs, )
                )
              )
              (5): Conv2d(4.16 k, 0.284% Params, 38.34 MMac, 0.228% MACs, 64, 64, kernel_size=(1, 1), stride=(1, 1))
            )
          )
          (mab2): MAB(
            37.76 k, 2.574% Params, 349.77 MMac, 2.083% MACs, 
            (norm1): LayerNorm2d(0, 0.000% Params, 0.0 Mac, 0.000% MACs, )
            (attn): RALA2D(
              22.46 k, 1.531% Params, 208.21 MMac, 1.240% MACs, 
              (rope): RALARoPE(0, 0.000% Params, 0.0 Mac, 0.000% MACs, )
              (attn): GateLinearAttentionNoSilu(
                22.46 k, 1.531% Params, 208.21 MMac, 1.240% MACs, 
                (qkvo): Conv2d(16.64 k, 1.134% Params, 153.35 MMac, 0.913% MACs, 64, 256, kernel_size=(1, 1), stride=(1, 1))
                (elu): ELU(0, 0.000% Params, 1.18 MMac, 0.007% MACs, alpha=1.0)
                (lepe): Conv2d(1.66 k, 0.113% Params, 15.34 MMac, 0.091% MACs, 64, 64, kernel_size=(5, 5), stride=(1, 1), padding=(2, 2), groups=64)
                (proj): Conv2d(4.16 k, 0.284% Params, 38.34 MMac, 0.228% MACs, 64, 64, kernel_size=(1, 1), stride=(1, 1))
              )
            )
            (norm2): LayerNorm2d(0, 0.000% Params, 0.0 Mac, 0.000% MACs, )
            (ffn): MSConvStar(
              15.3 k, 1.042% Params, 141.56 MMac, 0.843% MACs, 
              (fc1): Conv2d(8.32 k, 0.567% Params, 76.68 MMac, 0.457% MACs, 64, 128, kernel_size=(1, 1), stride=(1, 1))
              (dwconv): MSDWConv(
                2.82 k, 0.192% Params, 25.95 MMac, 0.155% MACs, 
                (proj): ModuleList(
                  (0): Conv2d(64, 0.004% Params, 589.82 KMac, 0.004% MACs, 32, 32, kernel_size=(1, 1), stride=(1, 1), groups=32)
                  (1): Conv2d(320, 0.022% Params, 2.95 MMac, 0.018% MACs, 32, 32, kernel_size=(3, 3), stride=(1, 1), padding=(1, 1), groups=32)
                  (2): Conv2d(832, 0.057% Params, 7.67 MMac, 0.046% MACs, 32, 32, kernel_size=(5, 5), stride=(1, 1), padding=(2, 2), groups=32)
                  (3): Conv2d(1.6 k, 0.109% Params, 14.75 MMac, 0.088% MACs, 32, 32, kernel_size=(7, 7), stride=(1, 1), padding=(3, 3), groups=32)
                )
              )
              (fc2): Conv2d(4.16 k, 0.284% Params, 38.34 MMac, 0.228% MACs, 64, 64, kernel_size=(1, 1), stride=(1, 1))
              (act): GELU(0, 0.000% Params, 589.82 KMac, 0.004% MACs, approximate='none')
            )
          )
          (conv): Conv2d(36.93 k, 2.517% Params, 340.33 MMac, 2.027% MACs, 64, 64, kernel_size=(3, 3), stride=(1, 1), padding=(1, 1))
        )
        (1): S1_TransBlock_NoMAB1(
          85.78 k, 5.846% Params, 774.44 MMac, 4.613% MACs, 
          (lab): LAB(
            11.09 k, 0.756% Params, 84.35 MMac, 0.502% MACs, 
            (net): Sequential(
              11.09 k, 0.756% Params, 84.35 MMac, 0.502% MACs, 
              (0): Conv2d(4.16 k, 0.284% Params, 38.34 MMac, 0.228% MACs, 64, 64, kernel_size=(1, 1), stride=(1, 1))
              (1): GELU(0, 0.000% Params, 589.82 KMac, 0.004% MACs, approximate='none')
              (2): Conv2d(640, 0.044% Params, 5.9 MMac, 0.035% MACs, 64, 64, kernel_size=(3, 3), stride=(1, 1), padding=(1, 1), groups=64)
              (3): GELU(0, 0.000% Params, 589.82 KMac, 0.004% MACs, approximate='none')
              (4): ChannelAttention(
                2.13 k, 0.145% Params, 591.95 KMac, 0.004% MACs, 
                (attention): Sequential(
                  2.13 k, 0.145% Params, 591.95 KMac, 0.004% MACs, 
                  (0): AdaptiveAvgPool2d(0, 0.000% Params, 589.82 KMac, 0.004% MACs, output_size=1)
                  (1): Conv2d(1.04 k, 0.071% Params, 1.04 KMac, 0.000% MACs, 64, 16, kernel_size=(1, 1), stride=(1, 1))
                  (2): SiLU(0, 0.000% Params, 0.0 Mac, 0.000% MACs, )
                  (3): Conv2d(1.09 k, 0.074% Params, 1.09 KMac, 0.000% MACs, 16, 64, kernel_size=(1, 1), stride=(1, 1))
                  (4): Sigmoid(0, 0.000% Params, 0.0 Mac, 0.000% MACs, )
                )
              )
              (5): Conv2d(4.16 k, 0.284% Params, 38.34 MMac, 0.228% MACs, 64, 64, kernel_size=(1, 1), stride=(1, 1))
            )
          )
          (mab2): MAB(
            37.76 k, 2.574% Params, 349.77 MMac, 2.083% MACs, 
            (norm1): LayerNorm2d(0, 0.000% Params, 0.0 Mac, 0.000% MACs, )
            (attn): RALA2D(
              22.46 k, 1.531% Params, 208.21 MMac, 1.240% MACs, 
              (rope): RALARoPE(0, 0.000% Params, 0.0 Mac, 0.000% MACs, )
              (attn): GateLinearAttentionNoSilu(
                22.46 k, 1.531% Params, 208.21 MMac, 1.240% MACs, 
                (qkvo): Conv2d(16.64 k, 1.134% Params, 153.35 MMac, 0.913% MACs, 64, 256, kernel_size=(1, 1), stride=(1, 1))
                (elu): ELU(0, 0.000% Params, 1.18 MMac, 0.007% MACs, alpha=1.0)
                (lepe): Conv2d(1.66 k, 0.113% Params, 15.34 MMac, 0.091% MACs, 64, 64, kernel_size=(5, 5), stride=(1, 1), padding=(2, 2), groups=64)
                (proj): Conv2d(4.16 k, 0.284% Params, 38.34 MMac, 0.228% MACs, 64, 64, kernel_size=(1, 1), stride=(1, 1))
              )
            )
            (norm2): LayerNorm2d(0, 0.000% Params, 0.0 Mac, 0.000% MACs, )
            (ffn): MSConvStar(
              15.3 k, 1.042% Params, 141.56 MMac, 0.843% MACs, 
              (fc1): Conv2d(8.32 k, 0.567% Params, 76.68 MMac, 0.457% MACs, 64, 128, kernel_size=(1, 1), stride=(1, 1))
              (dwconv): MSDWConv(
                2.82 k, 0.192% Params, 25.95 MMac, 0.155% MACs, 
                (proj): ModuleList(
                  (0): Conv2d(64, 0.004% Params, 589.82 KMac, 0.004% MACs, 32, 32, kernel_size=(1, 1), stride=(1, 1), groups=32)
                  (1): Conv2d(320, 0.022% Params, 2.95 MMac, 0.018% MACs, 32, 32, kernel_size=(3, 3), stride=(1, 1), padding=(1, 1), groups=32)
                  (2): Conv2d(832, 0.057% Params, 7.67 MMac, 0.046% MACs, 32, 32, kernel_size=(5, 5), stride=(1, 1), padding=(2, 2), groups=32)
                  (3): Conv2d(1.6 k, 0.109% Params, 14.75 MMac, 0.088% MACs, 32, 32, kernel_size=(7, 7), stride=(1, 1), padding=(3, 3), groups=32)
                )
              )
              (fc2): Conv2d(4.16 k, 0.284% Params, 38.34 MMac, 0.228% MACs, 64, 64, kernel_size=(1, 1), stride=(1, 1))
              (act): GELU(0, 0.000% Params, 589.82 KMac, 0.004% MACs, approximate='none')
            )
          )
          (conv): Conv2d(36.93 k, 2.517% Params, 340.33 MMac, 2.027% MACs, 64, 64, kernel_size=(3, 3), stride=(1, 1), padding=(1, 1))
        )
        (2): S1_TransBlock_NoMAB1(
          85.78 k, 5.846% Params, 774.44 MMac, 4.613% MACs, 
          (lab): LAB(
            11.09 k, 0.756% Params, 84.35 MMac, 0.502% MACs, 
            (net): Sequential(
              11.09 k, 0.756% Params, 84.35 MMac, 0.502% MACs, 
              (0): Conv2d(4.16 k, 0.284% Params, 38.34 MMac, 0.228% MACs, 64, 64, kernel_size=(1, 1), stride=(1, 1))
              (1): GELU(0, 0.000% Params, 589.82 KMac, 0.004% MACs, approximate='none')
              (2): Conv2d(640, 0.044% Params, 5.9 MMac, 0.035% MACs, 64, 64, kernel_size=(3, 3), stride=(1, 1), padding=(1, 1), groups=64)
              (3): GELU(0, 0.000% Params, 589.82 KMac, 0.004% MACs, approximate='none')
              (4): ChannelAttention(
                2.13 k, 0.145% Params, 591.95 KMac, 0.004% MACs, 
                (attention): Sequential(
                  2.13 k, 0.145% Params, 591.95 KMac, 0.004% MACs, 
                  (0): AdaptiveAvgPool2d(0, 0.000% Params, 589.82 KMac, 0.004% MACs, output_size=1)
                  (1): Conv2d(1.04 k, 0.071% Params, 1.04 KMac, 0.000% MACs, 64, 16, kernel_size=(1, 1), stride=(1, 1))
                  (2): SiLU(0, 0.000% Params, 0.0 Mac, 0.000% MACs, )
                  (3): Conv2d(1.09 k, 0.074% Params, 1.09 KMac, 0.000% MACs, 16, 64, kernel_size=(1, 1), stride=(1, 1))
                  (4): Sigmoid(0, 0.000% Params, 0.0 Mac, 0.000% MACs, )
                )
              )
              (5): Conv2d(4.16 k, 0.284% Params, 38.34 MMac, 0.228% MACs, 64, 64, kernel_size=(1, 1), stride=(1, 1))
            )
          )
          (mab2): MAB(
            37.76 k, 2.574% Params, 349.77 MMac, 2.083% MACs, 
            (norm1): LayerNorm2d(0, 0.000% Params, 0.0 Mac, 0.000% MACs, )
            (attn): RALA2D(
              22.46 k, 1.531% Params, 208.21 MMac, 1.240% MACs, 
              (rope): RALARoPE(0, 0.000% Params, 0.0 Mac, 0.000% MACs, )
              (attn): GateLinearAttentionNoSilu(
                22.46 k, 1.531% Params, 208.21 MMac, 1.240% MACs, 
                (qkvo): Conv2d(16.64 k, 1.134% Params, 153.35 MMac, 0.913% MACs, 64, 256, kernel_size=(1, 1), stride=(1, 1))
                (elu): ELU(0, 0.000% Params, 1.18 MMac, 0.007% MACs, alpha=1.0)
                (lepe): Conv2d(1.66 k, 0.113% Params, 15.34 MMac, 0.091% MACs, 64, 64, kernel_size=(5, 5), stride=(1, 1), padding=(2, 2), groups=64)
                (proj): Conv2d(4.16 k, 0.284% Params, 38.34 MMac, 0.228% MACs, 64, 64, kernel_size=(1, 1), stride=(1, 1))
              )
            )
            (norm2): LayerNorm2d(0, 0.000% Params, 0.0 Mac, 0.000% MACs, )
            (ffn): MSConvStar(
              15.3 k, 1.042% Params, 141.56 MMac, 0.843% MACs, 
              (fc1): Conv2d(8.32 k, 0.567% Params, 76.68 MMac, 0.457% MACs, 64, 128, kernel_size=(1, 1), stride=(1, 1))
              (dwconv): MSDWConv(
                2.82 k, 0.192% Params, 25.95 MMac, 0.155% MACs, 
                (proj): ModuleList(
                  (0): Conv2d(64, 0.004% Params, 589.82 KMac, 0.004% MACs, 32, 32, kernel_size=(1, 1), stride=(1, 1), groups=32)
                  (1): Conv2d(320, 0.022% Params, 2.95 MMac, 0.018% MACs, 32, 32, kernel_size=(3, 3), stride=(1, 1), padding=(1, 1), groups=32)
                  (2): Conv2d(832, 0.057% Params, 7.67 MMac, 0.046% MACs, 32, 32, kernel_size=(5, 5), stride=(1, 1), padding=(2, 2), groups=32)
                  (3): Conv2d(1.6 k, 0.109% Params, 14.75 MMac, 0.088% MACs, 32, 32, kernel_size=(7, 7), stride=(1, 1), padding=(3, 3), groups=32)
                )
              )
              (fc2): Conv2d(4.16 k, 0.284% Params, 38.34 MMac, 0.228% MACs, 64, 64, kernel_size=(1, 1), stride=(1, 1))
              (act): GELU(0, 0.000% Params, 589.82 KMac, 0.004% MACs, approximate='none')
            )
          )
          (conv): Conv2d(36.93 k, 2.517% Params, 340.33 MMac, 2.027% MACs, 64, 64, kernel_size=(3, 3), stride=(1, 1), padding=(1, 1))
        )
        (3): S1_TransBlock_NoMAB1(
          85.78 k, 5.846% Params, 774.44 MMac, 4.613% MACs, 
          (lab): LAB(
            11.09 k, 0.756% Params, 84.35 MMac, 0.502% MACs, 
            (net): Sequential(
              11.09 k, 0.756% Params, 84.35 MMac, 0.502% MACs, 
              (0): Conv2d(4.16 k, 0.284% Params, 38.34 MMac, 0.228% MACs, 64, 64, kernel_size=(1, 1), stride=(1, 1))
              (1): GELU(0, 0.000% Params, 589.82 KMac, 0.004% MACs, approximate='none')
              (2): Conv2d(640, 0.044% Params, 5.9 MMac, 0.035% MACs, 64, 64, kernel_size=(3, 3), stride=(1, 1), padding=(1, 1), groups=64)
              (3): GELU(0, 0.000% Params, 589.82 KMac, 0.004% MACs, approximate='none')
              (4): ChannelAttention(
                2.13 k, 0.145% Params, 591.95 KMac, 0.004% MACs, 
                (attention): Sequential(
                  2.13 k, 0.145% Params, 591.95 KMac, 0.004% MACs, 
                  (0): AdaptiveAvgPool2d(0, 0.000% Params, 589.82 KMac, 0.004% MACs, output_size=1)
                  (1): Conv2d(1.04 k, 0.071% Params, 1.04 KMac, 0.000% MACs, 64, 16, kernel_size=(1, 1), stride=(1, 1))
                  (2): SiLU(0, 0.000% Params, 0.0 Mac, 0.000% MACs, )
                  (3): Conv2d(1.09 k, 0.074% Params, 1.09 KMac, 0.000% MACs, 16, 64, kernel_size=(1, 1), stride=(1, 1))
                  (4): Sigmoid(0, 0.000% Params, 0.0 Mac, 0.000% MACs, )
                )
              )
              (5): Conv2d(4.16 k, 0.284% Params, 38.34 MMac, 0.228% MACs, 64, 64, kernel_size=(1, 1), stride=(1, 1))
            )
          )
          (mab2): MAB(
            37.76 k, 2.574% Params, 349.77 MMac, 2.083% MACs, 
            (norm1): LayerNorm2d(0, 0.000% Params, 0.0 Mac, 0.000% MACs, )
            (attn): RALA2D(
              22.46 k, 1.531% Params, 208.21 MMac, 1.240% MACs, 
              (rope): RALARoPE(0, 0.000% Params, 0.0 Mac, 0.000% MACs, )
              (attn): GateLinearAttentionNoSilu(
                22.46 k, 1.531% Params, 208.21 MMac, 1.240% MACs, 
                (qkvo): Conv2d(16.64 k, 1.134% Params, 153.35 MMac, 0.913% MACs, 64, 256, kernel_size=(1, 1), stride=(1, 1))
                (elu): ELU(0, 0.000% Params, 1.18 MMac, 0.007% MACs, alpha=1.0)
                (lepe): Conv2d(1.66 k, 0.113% Params, 15.34 MMac, 0.091% MACs, 64, 64, kernel_size=(5, 5), stride=(1, 1), padding=(2, 2), groups=64)
                (proj): Conv2d(4.16 k, 0.284% Params, 38.34 MMac, 0.228% MACs, 64, 64, kernel_size=(1, 1), stride=(1, 1))
              )
            )
            (norm2): LayerNorm2d(0, 0.000% Params, 0.0 Mac, 0.000% MACs, )
            (ffn): MSConvStar(
              15.3 k, 1.042% Params, 141.56 MMac, 0.843% MACs, 
              (fc1): Conv2d(8.32 k, 0.567% Params, 76.68 MMac, 0.457% MACs, 64, 128, kernel_size=(1, 1), stride=(1, 1))
              (dwconv): MSDWConv(
                2.82 k, 0.192% Params, 25.95 MMac, 0.155% MACs, 
                (proj): ModuleList(
                  (0): Conv2d(64, 0.004% Params, 589.82 KMac, 0.004% MACs, 32, 32, kernel_size=(1, 1), stride=(1, 1), groups=32)
                  (1): Conv2d(320, 0.022% Params, 2.95 MMac, 0.018% MACs, 32, 32, kernel_size=(3, 3), stride=(1, 1), padding=(1, 1), groups=32)
                  (2): Conv2d(832, 0.057% Params, 7.67 MMac, 0.046% MACs, 32, 32, kernel_size=(5, 5), stride=(1, 1), padding=(2, 2), groups=32)
                  (3): Conv2d(1.6 k, 0.109% Params, 14.75 MMac, 0.088% MACs, 32, 32, kernel_size=(7, 7), stride=(1, 1), padding=(3, 3), groups=32)
                )
              )
              (fc2): Conv2d(4.16 k, 0.284% Params, 38.34 MMac, 0.228% MACs, 64, 64, kernel_size=(1, 1), stride=(1, 1))
              (act): GELU(0, 0.000% Params, 589.82 KMac, 0.004% MACs, approximate='none')
            )
          )
          (conv): Conv2d(36.93 k, 2.517% Params, 340.33 MMac, 2.027% MACs, 64, 64, kernel_size=(3, 3), stride=(1, 1), padding=(1, 1))
        )
        (4): S1_TransBlock_NoMAB1(
          85.78 k, 5.846% Params, 774.44 MMac, 4.613% MACs, 
          (lab): LAB(
            11.09 k, 0.756% Params, 84.35 MMac, 0.502% MACs, 
            (net): Sequential(
              11.09 k, 0.756% Params, 84.35 MMac, 0.502% MACs, 
              (0): Conv2d(4.16 k, 0.284% Params, 38.34 MMac, 0.228% MACs, 64, 64, kernel_size=(1, 1), stride=(1, 1))
              (1): GELU(0, 0.000% Params, 589.82 KMac, 0.004% MACs, approximate='none')
              (2): Conv2d(640, 0.044% Params, 5.9 MMac, 0.035% MACs, 64, 64, kernel_size=(3, 3), stride=(1, 1), padding=(1, 1), groups=64)
              (3): GELU(0, 0.000% Params, 589.82 KMac, 0.004% MACs, approximate='none')
              (4): ChannelAttention(
                2.13 k, 0.145% Params, 591.95 KMac, 0.004% MACs, 
                (attention): Sequential(
                  2.13 k, 0.145% Params, 591.95 KMac, 0.004% MACs, 
                  (0): AdaptiveAvgPool2d(0, 0.000% Params, 589.82 KMac, 0.004% MACs, output_size=1)
                  (1): Conv2d(1.04 k, 0.071% Params, 1.04 KMac, 0.000% MACs, 64, 16, kernel_size=(1, 1), stride=(1, 1))
                  (2): SiLU(0, 0.000% Params, 0.0 Mac, 0.000% MACs, )
                  (3): Conv2d(1.09 k, 0.074% Params, 1.09 KMac, 0.000% MACs, 16, 64, kernel_size=(1, 1), stride=(1, 1))
                  (4): Sigmoid(0, 0.000% Params, 0.0 Mac, 0.000% MACs, )
                )
              )
              (5): Conv2d(4.16 k, 0.284% Params, 38.34 MMac, 0.228% MACs, 64, 64, kernel_size=(1, 1), stride=(1, 1))
            )
          )
          (mab2): MAB(
            37.76 k, 2.574% Params, 349.77 MMac, 2.083% MACs, 
            (norm1): LayerNorm2d(0, 0.000% Params, 0.0 Mac, 0.000% MACs, )
            (attn): RALA2D(
              22.46 k, 1.531% Params, 208.21 MMac, 1.240% MACs, 
              (rope): RALARoPE(0, 0.000% Params, 0.0 Mac, 0.000% MACs, )
              (attn): GateLinearAttentionNoSilu(
                22.46 k, 1.531% Params, 208.21 MMac, 1.240% MACs, 
                (qkvo): Conv2d(16.64 k, 1.134% Params, 153.35 MMac, 0.913% MACs, 64, 256, kernel_size=(1, 1), stride=(1, 1))
                (elu): ELU(0, 0.000% Params, 1.18 MMac, 0.007% MACs, alpha=1.0)
                (lepe): Conv2d(1.66 k, 0.113% Params, 15.34 MMac, 0.091% MACs, 64, 64, kernel_size=(5, 5), stride=(1, 1), padding=(2, 2), groups=64)
                (proj): Conv2d(4.16 k, 0.284% Params, 38.34 MMac, 0.228% MACs, 64, 64, kernel_size=(1, 1), stride=(1, 1))
              )
            )
            (norm2): LayerNorm2d(0, 0.000% Params, 0.0 Mac, 0.000% MACs, )
            (ffn): MSConvStar(
              15.3 k, 1.042% Params, 141.56 MMac, 0.843% MACs, 
              (fc1): Conv2d(8.32 k, 0.567% Params, 76.68 MMac, 0.457% MACs, 64, 128, kernel_size=(1, 1), stride=(1, 1))
              (dwconv): MSDWConv(
                2.82 k, 0.192% Params, 25.95 MMac, 0.155% MACs, 
                (proj): ModuleList(
                  (0): Conv2d(64, 0.004% Params, 589.82 KMac, 0.004% MACs, 32, 32, kernel_size=(1, 1), stride=(1, 1), groups=32)
                  (1): Conv2d(320, 0.022% Params, 2.95 MMac, 0.018% MACs, 32, 32, kernel_size=(3, 3), stride=(1, 1), padding=(1, 1), groups=32)
                  (2): Conv2d(832, 0.057% Params, 7.67 MMac, 0.046% MACs, 32, 32, kernel_size=(5, 5), stride=(1, 1), padding=(2, 2), groups=32)
                  (3): Conv2d(1.6 k, 0.109% Params, 14.75 MMac, 0.088% MACs, 32, 32, kernel_size=(7, 7), stride=(1, 1), padding=(3, 3), groups=32)
                )
              )
              (fc2): Conv2d(4.16 k, 0.284% Params, 38.34 MMac, 0.228% MACs, 64, 64, kernel_size=(1, 1), stride=(1, 1))
              (act): GELU(0, 0.000% Params, 589.82 KMac, 0.004% MACs, approximate='none')
            )
          )
          (conv): Conv2d(36.93 k, 2.517% Params, 340.33 MMac, 2.027% MACs, 64, 64, kernel_size=(3, 3), stride=(1, 1), padding=(1, 1))
        )
        (5): S1_TransBlock_NoMAB1(
          85.78 k, 5.846% Params, 774.44 MMac, 4.613% MACs, 
          (lab): LAB(
            11.09 k, 0.756% Params, 84.35 MMac, 0.502% MACs, 
            (net): Sequential(
              11.09 k, 0.756% Params, 84.35 MMac, 0.502% MACs, 
              (0): Conv2d(4.16 k, 0.284% Params, 38.34 MMac, 0.228% MACs, 64, 64, kernel_size=(1, 1), stride=(1, 1))
              (1): GELU(0, 0.000% Params, 589.82 KMac, 0.004% MACs, approximate='none')
              (2): Conv2d(640, 0.044% Params, 5.9 MMac, 0.035% MACs, 64, 64, kernel_size=(3, 3), stride=(1, 1), padding=(1, 1), groups=64)
              (3): GELU(0, 0.000% Params, 589.82 KMac, 0.004% MACs, approximate='none')
              (4): ChannelAttention(
                2.13 k, 0.145% Params, 591.95 KMac, 0.004% MACs, 
                (attention): Sequential(
                  2.13 k, 0.145% Params, 591.95 KMac, 0.004% MACs, 
                  (0): AdaptiveAvgPool2d(0, 0.000% Params, 589.82 KMac, 0.004% MACs, output_size=1)
                  (1): Conv2d(1.04 k, 0.071% Params, 1.04 KMac, 0.000% MACs, 64, 16, kernel_size=(1, 1), stride=(1, 1))
                  (2): SiLU(0, 0.000% Params, 0.0 Mac, 0.000% MACs, )
                  (3): Conv2d(1.09 k, 0.074% Params, 1.09 KMac, 0.000% MACs, 16, 64, kernel_size=(1, 1), stride=(1, 1))
                  (4): Sigmoid(0, 0.000% Params, 0.0 Mac, 0.000% MACs, )
                )
              )
              (5): Conv2d(4.16 k, 0.284% Params, 38.34 MMac, 0.228% MACs, 64, 64, kernel_size=(1, 1), stride=(1, 1))
            )
          )
          (mab2): MAB(
            37.76 k, 2.574% Params, 349.77 MMac, 2.083% MACs, 
            (norm1): LayerNorm2d(0, 0.000% Params, 0.0 Mac, 0.000% MACs, )
            (attn): RALA2D(
              22.46 k, 1.531% Params, 208.21 MMac, 1.240% MACs, 
              (rope): RALARoPE(0, 0.000% Params, 0.0 Mac, 0.000% MACs, )
              (attn): GateLinearAttentionNoSilu(
                22.46 k, 1.531% Params, 208.21 MMac, 1.240% MACs, 
                (qkvo): Conv2d(16.64 k, 1.134% Params, 153.35 MMac, 0.913% MACs, 64, 256, kernel_size=(1, 1), stride=(1, 1))
                (elu): ELU(0, 0.000% Params, 1.18 MMac, 0.007% MACs, alpha=1.0)
                (lepe): Conv2d(1.66 k, 0.113% Params, 15.34 MMac, 0.091% MACs, 64, 64, kernel_size=(5, 5), stride=(1, 1), padding=(2, 2), groups=64)
                (proj): Conv2d(4.16 k, 0.284% Params, 38.34 MMac, 0.228% MACs, 64, 64, kernel_size=(1, 1), stride=(1, 1))
              )
            )
            (norm2): LayerNorm2d(0, 0.000% Params, 0.0 Mac, 0.000% MACs, )
            (ffn): MSConvStar(
              15.3 k, 1.042% Params, 141.56 MMac, 0.843% MACs, 
              (fc1): Conv2d(8.32 k, 0.567% Params, 76.68 MMac, 0.457% MACs, 64, 128, kernel_size=(1, 1), stride=(1, 1))
              (dwconv): MSDWConv(
                2.82 k, 0.192% Params, 25.95 MMac, 0.155% MACs, 
                (proj): ModuleList(
                  (0): Conv2d(64, 0.004% Params, 589.82 KMac, 0.004% MACs, 32, 32, kernel_size=(1, 1), stride=(1, 1), groups=32)
                  (1): Conv2d(320, 0.022% Params, 2.95 MMac, 0.018% MACs, 32, 32, kernel_size=(3, 3), stride=(1, 1), padding=(1, 1), groups=32)
                  (2): Conv2d(832, 0.057% Params, 7.67 MMac, 0.046% MACs, 32, 32, kernel_size=(5, 5), stride=(1, 1), padding=(2, 2), groups=32)
                  (3): Conv2d(1.6 k, 0.109% Params, 14.75 MMac, 0.088% MACs, 32, 32, kernel_size=(7, 7), stride=(1, 1), padding=(3, 3), groups=32)
                )
              )
              (fc2): Conv2d(4.16 k, 0.284% Params, 38.34 MMac, 0.228% MACs, 64, 64, kernel_size=(1, 1), stride=(1, 1))
              (act): GELU(0, 0.000% Params, 589.82 KMac, 0.004% MACs, approximate='none')
            )
          )
          (conv): Conv2d(36.93 k, 2.517% Params, 340.33 MMac, 2.027% MACs, 64, 64, kernel_size=(3, 3), stride=(1, 1), padding=(1, 1))
        )
      )
      (1): Sequential(
        91.68 k, 6.248% Params, 3.33 GMac, 19.813% MACs, 
        (0): S1_TransBlock_NoMAB1(
          22.92 k, 1.562% Params, 831.65 MMac, 4.953% MACs, 
          (lab): LAB(
            2.98 k, 0.203% Params, 93.19 MMac, 0.555% MACs, 
            (net): Sequential(
              2.98 k, 0.203% Params, 93.19 MMac, 0.555% MACs, 
              (0): Conv2d(1.06 k, 0.072% Params, 38.93 MMac, 0.232% MACs, 32, 32, kernel_size=(1, 1), stride=(1, 1))
              (1): GELU(0, 0.000% Params, 1.18 MMac, 0.007% MACs, approximate='none')
              (2): Conv2d(320, 0.022% Params, 11.8 MMac, 0.070% MACs, 32, 32, kernel_size=(3, 3), stride=(1, 1), padding=(1, 1), groups=32)
              (3): GELU(0, 0.000% Params, 1.18 MMac, 0.007% MACs, approximate='none')
              (4): ChannelAttention(
                552, 0.038% Params, 1.18 MMac, 0.007% MACs, 
                (attention): Sequential(
                  552, 0.038% Params, 1.18 MMac, 0.007% MACs, 
                  (0): AdaptiveAvgPool2d(0, 0.000% Params, 1.18 MMac, 0.007% MACs, output_size=1)
                  (1): Conv2d(264, 0.018% Params, 264.0 Mac, 0.000% MACs, 32, 8, kernel_size=(1, 1), stride=(1, 1))
                  (2): SiLU(0, 0.000% Params, 0.0 Mac, 0.000% MACs, )
                  (3): Conv2d(288, 0.020% Params, 288.0 Mac, 0.000% MACs, 8, 32, kernel_size=(1, 1), stride=(1, 1))
                  (4): Sigmoid(0, 0.000% Params, 0.0 Mac, 0.000% MACs, )
                )
              )
              (5): Conv2d(1.06 k, 0.072% Params, 38.93 MMac, 0.232% MACs, 32, 32, kernel_size=(1, 1), stride=(1, 1))
            )
          )
          (mab2): MAB(
            10.69 k, 0.728% Params, 397.54 MMac, 2.368% MACs, 
            (norm1): LayerNorm2d(0, 0.000% Params, 0.0 Mac, 0.000% MACs, )
            (attn): RALA2D(
              6.11 k, 0.417% Params, 227.67 MMac, 1.356% MACs, 
              (rope): RALARoPE(0, 0.000% Params, 0.0 Mac, 0.000% MACs, )
              (attn): GateLinearAttentionNoSilu(
                6.11 k, 0.417% Params, 227.67 MMac, 1.356% MACs, 
                (qkvo): Conv2d(4.22 k, 0.288% Params, 155.71 MMac, 0.927% MACs, 32, 128, kernel_size=(1, 1), stride=(1, 1))
                (elu): ELU(0, 0.000% Params, 2.36 MMac, 0.014% MACs, alpha=1.0)
                (lepe): Conv2d(832, 0.057% Params, 30.67 MMac, 0.183% MACs, 32, 32, kernel_size=(5, 5), stride=(1, 1), padding=(2, 2), groups=32)
                (proj): Conv2d(1.06 k, 0.072% Params, 38.93 MMac, 0.232% MACs, 32, 32, kernel_size=(1, 1), stride=(1, 1))
              )
            )
            (norm2): LayerNorm2d(0, 0.000% Params, 0.0 Mac, 0.000% MACs, )
            (ffn): MSConvStar(
              4.58 k, 0.312% Params, 169.87 MMac, 1.012% MACs, 
              (fc1): Conv2d(2.11 k, 0.144% Params, 77.86 MMac, 0.464% MACs, 32, 64, kernel_size=(1, 1), stride=(1, 1))
              (dwconv): MSDWConv(
                1.41 k, 0.096% Params, 51.9 MMac, 0.309% MACs, 
                (proj): ModuleList(
                  (0): Conv2d(32, 0.002% Params, 1.18 MMac, 0.007% MACs, 16, 16, kernel_size=(1, 1), stride=(1, 1), groups=16)
                  (1): Conv2d(160, 0.011% Params, 5.9 MMac, 0.035% MACs, 16, 16, kernel_size=(3, 3), stride=(1, 1), padding=(1, 1), groups=16)
                  (2): Conv2d(416, 0.028% Params, 15.34 MMac, 0.091% MACs, 16, 16, kernel_size=(5, 5), stride=(1, 1), padding=(2, 2), groups=16)
                  (3): Conv2d(800, 0.055% Params, 29.49 MMac, 0.176% MACs, 16, 16, kernel_size=(7, 7), stride=(1, 1), padding=(3, 3), groups=16)
                )
              )
              (fc2): Conv2d(1.06 k, 0.072% Params, 38.93 MMac, 0.232% MACs, 32, 32, kernel_size=(1, 1), stride=(1, 1))
              (act): GELU(0, 0.000% Params, 1.18 MMac, 0.007% MACs, approximate='none')
            )
          )
          (conv): Conv2d(9.25 k, 0.630% Params, 340.92 MMac, 2.031% MACs, 32, 32, kernel_size=(3, 3), stride=(1, 1), padding=(1, 1))
        )
        (1): S1_TransBlock_NoMAB1(
          22.92 k, 1.562% Params, 831.65 MMac, 4.953% MACs, 
          (lab): LAB(
            2.98 k, 0.203% Params, 93.19 MMac, 0.555% MACs, 
            (net): Sequential(
              2.98 k, 0.203% Params, 93.19 MMac, 0.555% MACs, 
              (0): Conv2d(1.06 k, 0.072% Params, 38.93 MMac, 0.232% MACs, 32, 32, kernel_size=(1, 1), stride=(1, 1))
              (1): GELU(0, 0.000% Params, 1.18 MMac, 0.007% MACs, approximate='none')
              (2): Conv2d(320, 0.022% Params, 11.8 MMac, 0.070% MACs, 32, 32, kernel_size=(3, 3), stride=(1, 1), padding=(1, 1), groups=32)
              (3): GELU(0, 0.000% Params, 1.18 MMac, 0.007% MACs, approximate='none')
              (4): ChannelAttention(
                552, 0.038% Params, 1.18 MMac, 0.007% MACs, 
                (attention): Sequential(
                  552, 0.038% Params, 1.18 MMac, 0.007% MACs, 
                  (0): AdaptiveAvgPool2d(0, 0.000% Params, 1.18 MMac, 0.007% MACs, output_size=1)
                  (1): Conv2d(264, 0.018% Params, 264.0 Mac, 0.000% MACs, 32, 8, kernel_size=(1, 1), stride=(1, 1))
                  (2): SiLU(0, 0.000% Params, 0.0 Mac, 0.000% MACs, )
                  (3): Conv2d(288, 0.020% Params, 288.0 Mac, 0.000% MACs, 8, 32, kernel_size=(1, 1), stride=(1, 1))
                  (4): Sigmoid(0, 0.000% Params, 0.0 Mac, 0.000% MACs, )
                )
              )
              (5): Conv2d(1.06 k, 0.072% Params, 38.93 MMac, 0.232% MACs, 32, 32, kernel_size=(1, 1), stride=(1, 1))
            )
          )
          (mab2): MAB(
            10.69 k, 0.728% Params, 397.54 MMac, 2.368% MACs, 
            (norm1): LayerNorm2d(0, 0.000% Params, 0.0 Mac, 0.000% MACs, )
            (attn): RALA2D(
              6.11 k, 0.417% Params, 227.67 MMac, 1.356% MACs, 
              (rope): RALARoPE(0, 0.000% Params, 0.0 Mac, 0.000% MACs, )
              (attn): GateLinearAttentionNoSilu(
                6.11 k, 0.417% Params, 227.67 MMac, 1.356% MACs, 
                (qkvo): Conv2d(4.22 k, 0.288% Params, 155.71 MMac, 0.927% MACs, 32, 128, kernel_size=(1, 1), stride=(1, 1))
                (elu): ELU(0, 0.000% Params, 2.36 MMac, 0.014% MACs, alpha=1.0)
                (lepe): Conv2d(832, 0.057% Params, 30.67 MMac, 0.183% MACs, 32, 32, kernel_size=(5, 5), stride=(1, 1), padding=(2, 2), groups=32)
                (proj): Conv2d(1.06 k, 0.072% Params, 38.93 MMac, 0.232% MACs, 32, 32, kernel_size=(1, 1), stride=(1, 1))
              )
            )
            (norm2): LayerNorm2d(0, 0.000% Params, 0.0 Mac, 0.000% MACs, )
            (ffn): MSConvStar(
              4.58 k, 0.312% Params, 169.87 MMac, 1.012% MACs, 
              (fc1): Conv2d(2.11 k, 0.144% Params, 77.86 MMac, 0.464% MACs, 32, 64, kernel_size=(1, 1), stride=(1, 1))
              (dwconv): MSDWConv(
                1.41 k, 0.096% Params, 51.9 MMac, 0.309% MACs, 
                (proj): ModuleList(
                  (0): Conv2d(32, 0.002% Params, 1.18 MMac, 0.007% MACs, 16, 16, kernel_size=(1, 1), stride=(1, 1), groups=16)
                  (1): Conv2d(160, 0.011% Params, 5.9 MMac, 0.035% MACs, 16, 16, kernel_size=(3, 3), stride=(1, 1), padding=(1, 1), groups=16)
                  (2): Conv2d(416, 0.028% Params, 15.34 MMac, 0.091% MACs, 16, 16, kernel_size=(5, 5), stride=(1, 1), padding=(2, 2), groups=16)
                  (3): Conv2d(800, 0.055% Params, 29.49 MMac, 0.176% MACs, 16, 16, kernel_size=(7, 7), stride=(1, 1), padding=(3, 3), groups=16)
                )
              )
              (fc2): Conv2d(1.06 k, 0.072% Params, 38.93 MMac, 0.232% MACs, 32, 32, kernel_size=(1, 1), stride=(1, 1))
              (act): GELU(0, 0.000% Params, 1.18 MMac, 0.007% MACs, approximate='none')
            )
          )
          (conv): Conv2d(9.25 k, 0.630% Params, 340.92 MMac, 2.031% MACs, 32, 32, kernel_size=(3, 3), stride=(1, 1), padding=(1, 1))
        )
        (2): S1_TransBlock_NoMAB1(
          22.92 k, 1.562% Params, 831.65 MMac, 4.953% MACs, 
          (lab): LAB(
            2.98 k, 0.203% Params, 93.19 MMac, 0.555% MACs, 
            (net): Sequential(
              2.98 k, 0.203% Params, 93.19 MMac, 0.555% MACs, 
              (0): Conv2d(1.06 k, 0.072% Params, 38.93 MMac, 0.232% MACs, 32, 32, kernel_size=(1, 1), stride=(1, 1))
              (1): GELU(0, 0.000% Params, 1.18 MMac, 0.007% MACs, approximate='none')
              (2): Conv2d(320, 0.022% Params, 11.8 MMac, 0.070% MACs, 32, 32, kernel_size=(3, 3), stride=(1, 1), padding=(1, 1), groups=32)
              (3): GELU(0, 0.000% Params, 1.18 MMac, 0.007% MACs, approximate='none')
              (4): ChannelAttention(
                552, 0.038% Params, 1.18 MMac, 0.007% MACs, 
                (attention): Sequential(
                  552, 0.038% Params, 1.18 MMac, 0.007% MACs, 
                  (0): AdaptiveAvgPool2d(0, 0.000% Params, 1.18 MMac, 0.007% MACs, output_size=1)
                  (1): Conv2d(264, 0.018% Params, 264.0 Mac, 0.000% MACs, 32, 8, kernel_size=(1, 1), stride=(1, 1))
                  (2): SiLU(0, 0.000% Params, 0.0 Mac, 0.000% MACs, )
                  (3): Conv2d(288, 0.020% Params, 288.0 Mac, 0.000% MACs, 8, 32, kernel_size=(1, 1), stride=(1, 1))
                  (4): Sigmoid(0, 0.000% Params, 0.0 Mac, 0.000% MACs, )
                )
              )
              (5): Conv2d(1.06 k, 0.072% Params, 38.93 MMac, 0.232% MACs, 32, 32, kernel_size=(1, 1), stride=(1, 1))
            )
          )
          (mab2): MAB(
            10.69 k, 0.728% Params, 397.54 MMac, 2.368% MACs, 
            (norm1): LayerNorm2d(0, 0.000% Params, 0.0 Mac, 0.000% MACs, )
            (attn): RALA2D(
              6.11 k, 0.417% Params, 227.67 MMac, 1.356% MACs, 
              (rope): RALARoPE(0, 0.000% Params, 0.0 Mac, 0.000% MACs, )
              (attn): GateLinearAttentionNoSilu(
                6.11 k, 0.417% Params, 227.67 MMac, 1.356% MACs, 
                (qkvo): Conv2d(4.22 k, 0.288% Params, 155.71 MMac, 0.927% MACs, 32, 128, kernel_size=(1, 1), stride=(1, 1))
                (elu): ELU(0, 0.000% Params, 2.36 MMac, 0.014% MACs, alpha=1.0)
                (lepe): Conv2d(832, 0.057% Params, 30.67 MMac, 0.183% MACs, 32, 32, kernel_size=(5, 5), stride=(1, 1), padding=(2, 2), groups=32)
                (proj): Conv2d(1.06 k, 0.072% Params, 38.93 MMac, 0.232% MACs, 32, 32, kernel_size=(1, 1), stride=(1, 1))
              )
            )
            (norm2): LayerNorm2d(0, 0.000% Params, 0.0 Mac, 0.000% MACs, )
            (ffn): MSConvStar(
              4.58 k, 0.312% Params, 169.87 MMac, 1.012% MACs, 
              (fc1): Conv2d(2.11 k, 0.144% Params, 77.86 MMac, 0.464% MACs, 32, 64, kernel_size=(1, 1), stride=(1, 1))
              (dwconv): MSDWConv(
                1.41 k, 0.096% Params, 51.9 MMac, 0.309% MACs, 
                (proj): ModuleList(
                  (0): Conv2d(32, 0.002% Params, 1.18 MMac, 0.007% MACs, 16, 16, kernel_size=(1, 1), stride=(1, 1), groups=16)
                  (1): Conv2d(160, 0.011% Params, 5.9 MMac, 0.035% MACs, 16, 16, kernel_size=(3, 3), stride=(1, 1), padding=(1, 1), groups=16)
                  (2): Conv2d(416, 0.028% Params, 15.34 MMac, 0.091% MACs, 16, 16, kernel_size=(5, 5), stride=(1, 1), padding=(2, 2), groups=16)
                  (3): Conv2d(800, 0.055% Params, 29.49 MMac, 0.176% MACs, 16, 16, kernel_size=(7, 7), stride=(1, 1), padding=(3, 3), groups=16)
                )
              )
              (fc2): Conv2d(1.06 k, 0.072% Params, 38.93 MMac, 0.232% MACs, 32, 32, kernel_size=(1, 1), stride=(1, 1))
              (act): GELU(0, 0.000% Params, 1.18 MMac, 0.007% MACs, approximate='none')
            )
          )
          (conv): Conv2d(9.25 k, 0.630% Params, 340.92 MMac, 2.031% MACs, 32, 32, kernel_size=(3, 3), stride=(1, 1), padding=(1, 1))
        )
        (3): S1_TransBlock_NoMAB1(
          22.92 k, 1.562% Params, 831.65 MMac, 4.953% MACs, 
          (lab): LAB(
            2.98 k, 0.203% Params, 93.19 MMac, 0.555% MACs, 
            (net): Sequential(
              2.98 k, 0.203% Params, 93.19 MMac, 0.555% MACs, 
              (0): Conv2d(1.06 k, 0.072% Params, 38.93 MMac, 0.232% MACs, 32, 32, kernel_size=(1, 1), stride=(1, 1))
              (1): GELU(0, 0.000% Params, 1.18 MMac, 0.007% MACs, approximate='none')
              (2): Conv2d(320, 0.022% Params, 11.8 MMac, 0.070% MACs, 32, 32, kernel_size=(3, 3), stride=(1, 1), padding=(1, 1), groups=32)
              (3): GELU(0, 0.000% Params, 1.18 MMac, 0.007% MACs, approximate='none')
              (4): ChannelAttention(
                552, 0.038% Params, 1.18 MMac, 0.007% MACs, 
                (attention): Sequential(
                  552, 0.038% Params, 1.18 MMac, 0.007% MACs, 
                  (0): AdaptiveAvgPool2d(0, 0.000% Params, 1.18 MMac, 0.007% MACs, output_size=1)
                  (1): Conv2d(264, 0.018% Params, 264.0 Mac, 0.000% MACs, 32, 8, kernel_size=(1, 1), stride=(1, 1))
                  (2): SiLU(0, 0.000% Params, 0.0 Mac, 0.000% MACs, )
                  (3): Conv2d(288, 0.020% Params, 288.0 Mac, 0.000% MACs, 8, 32, kernel_size=(1, 1), stride=(1, 1))
                  (4): Sigmoid(0, 0.000% Params, 0.0 Mac, 0.000% MACs, )
                )
              )
              (5): Conv2d(1.06 k, 0.072% Params, 38.93 MMac, 0.232% MACs, 32, 32, kernel_size=(1, 1), stride=(1, 1))
            )
          )
          (mab2): MAB(
            10.69 k, 0.728% Params, 397.54 MMac, 2.368% MACs, 
            (norm1): LayerNorm2d(0, 0.000% Params, 0.0 Mac, 0.000% MACs, )
            (attn): RALA2D(
              6.11 k, 0.417% Params, 227.67 MMac, 1.356% MACs, 
              (rope): RALARoPE(0, 0.000% Params, 0.0 Mac, 0.000% MACs, )
              (attn): GateLinearAttentionNoSilu(
                6.11 k, 0.417% Params, 227.67 MMac, 1.356% MACs, 
                (qkvo): Conv2d(4.22 k, 0.288% Params, 155.71 MMac, 0.927% MACs, 32, 128, kernel_size=(1, 1), stride=(1, 1))
                (elu): ELU(0, 0.000% Params, 2.36 MMac, 0.014% MACs, alpha=1.0)
                (lepe): Conv2d(832, 0.057% Params, 30.67 MMac, 0.183% MACs, 32, 32, kernel_size=(5, 5), stride=(1, 1), padding=(2, 2), groups=32)
                (proj): Conv2d(1.06 k, 0.072% Params, 38.93 MMac, 0.232% MACs, 32, 32, kernel_size=(1, 1), stride=(1, 1))
              )
            )
            (norm2): LayerNorm2d(0, 0.000% Params, 0.0 Mac, 0.000% MACs, )
            (ffn): MSConvStar(
              4.58 k, 0.312% Params, 169.87 MMac, 1.012% MACs, 
              (fc1): Conv2d(2.11 k, 0.144% Params, 77.86 MMac, 0.464% MACs, 32, 64, kernel_size=(1, 1), stride=(1, 1))
              (dwconv): MSDWConv(
                1.41 k, 0.096% Params, 51.9 MMac, 0.309% MACs, 
                (proj): ModuleList(
                  (0): Conv2d(32, 0.002% Params, 1.18 MMac, 0.007% MACs, 16, 16, kernel_size=(1, 1), stride=(1, 1), groups=16)
                  (1): Conv2d(160, 0.011% Params, 5.9 MMac, 0.035% MACs, 16, 16, kernel_size=(3, 3), stride=(1, 1), padding=(1, 1), groups=16)
                  (2): Conv2d(416, 0.028% Params, 15.34 MMac, 0.091% MACs, 16, 16, kernel_size=(5, 5), stride=(1, 1), padding=(2, 2), groups=16)
                  (3): Conv2d(800, 0.055% Params, 29.49 MMac, 0.176% MACs, 16, 16, kernel_size=(7, 7), stride=(1, 1), padding=(3, 3), groups=16)
                )
              )
              (fc2): Conv2d(1.06 k, 0.072% Params, 38.93 MMac, 0.232% MACs, 32, 32, kernel_size=(1, 1), stride=(1, 1))
              (act): GELU(0, 0.000% Params, 1.18 MMac, 0.007% MACs, approximate='none')
            )
          )
          (conv): Conv2d(9.25 k, 0.630% Params, 340.92 MMac, 2.031% MACs, 32, 32, kernel_size=(3, 3), stride=(1, 1), padding=(1, 1))
        )
      )
    )
    (ups): ModuleList(
      (0): UpsampleDW(
        33.92 k, 2.312% Params, 78.15 MMac, 0.465% MACs, 
        (body): Sequential(
          33.92 k, 2.312% Params, 78.15 MMac, 0.465% MACs, 
          (0): Conv2d(1.15 k, 0.079% Params, 2.65 MMac, 0.016% MACs, 128, 128, kernel_size=(3, 3), stride=(1, 1), padding=(1, 1), groups=128, bias=False)
          (1): Conv2d(32.77 k, 2.233% Params, 75.5 MMac, 0.450% MACs, 128, 256, kernel_size=(1, 1), stride=(1, 1), bias=False)
          (2): PixelShuffle(0, 0.000% Params, 0.0 Mac, 0.000% MACs, upscale_factor=2)
        )
      )
      (1): UpsampleDW(
        8.77 k, 0.598% Params, 80.81 MMac, 0.481% MACs, 
        (body): Sequential(
          8.77 k, 0.598% Params, 80.81 MMac, 0.481% MACs, 
          (0): Conv2d(576, 0.039% Params, 5.31 MMac, 0.032% MACs, 64, 64, kernel_size=(3, 3), stride=(1, 1), padding=(1, 1), groups=64, bias=False)
          (1): Conv2d(8.19 k, 0.558% Params, 75.5 MMac, 0.450% MACs, 64, 128, kernel_size=(1, 1), stride=(1, 1), bias=False)
          (2): PixelShuffle(0, 0.000% Params, 0.0 Mac, 0.000% MACs, upscale_factor=2)
        )
      )
    )
    (downs): ModuleList(
      (0): DownsampleDW(
        800, 0.055% Params, 29.49 MMac, 0.176% MACs, 
        (body): Sequential(
          800, 0.055% Params, 29.49 MMac, 0.176% MACs, 
          (0): Conv2d(288, 0.020% Params, 10.62 MMac, 0.063% MACs, 32, 32, kernel_size=(3, 3), stride=(1, 1), padding=(1, 1), groups=32, bias=False)
          (1): Conv2d(512, 0.035% Params, 18.87 MMac, 0.112% MACs, 32, 16, kernel_size=(1, 1), stride=(1, 1), bias=False)
          (2): PixelUnshuffle(0, 0.000% Params, 0.0 Mac, 0.000% MACs, downscale_factor=2)
        )
      )
      (1): DownsampleDW(
        2.62 k, 0.179% Params, 24.18 MMac, 0.144% MACs, 
        (body): Sequential(
          2.62 k, 0.179% Params, 24.18 MMac, 0.144% MACs, 
          (0): Conv2d(576, 0.039% Params, 5.31 MMac, 0.032% MACs, 64, 64, kernel_size=(3, 3), stride=(1, 1), padding=(1, 1), groups=64, bias=False)
          (1): Conv2d(2.05 k, 0.140% Params, 18.87 MMac, 0.112% MACs, 64, 32, kernel_size=(1, 1), stride=(1, 1), bias=False)
          (2): PixelUnshuffle(0, 0.000% Params, 0.0 Mac, 0.000% MACs, downscale_factor=2)
        )
      )
    )
    (middle_blks): Sequential(
      201.83 k, 13.756% Params, 465.32 MMac, 2.771% MACs, 
      (0): StripMiddleBlock(
        201.83 k, 13.756% Params, 465.32 MMac, 2.771% MACs, 
        (norm1): LayerNorm2d(0, 0.000% Params, 0.0 Mac, 0.000% MACs, )
        (strip_attn): StripAttention(
          65.15 k, 4.440% Params, 150.41 MMac, 0.896% MACs, 
          (proj_1): Conv2d(16.51 k, 1.125% Params, 38.04 MMac, 0.227% MACs, 128, 128, kernel_size=(1, 1), stride=(1, 1))
          (activation): GELU(0, 0.000% Params, 294.91 KMac, 0.002% MACs, approximate='none')
          (spatial_gating_unit): StripModule(
            32.13 k, 2.190% Params, 74.02 MMac, 0.441% MACs, 
            (conv0): Conv2d(3.33 k, 0.227% Params, 7.67 MMac, 0.046% MACs, 128, 128, kernel_size=(5, 5), stride=(1, 1), padding=(2, 2), groups=128)
            (conv_spatial1): Conv2d(6.14 k, 0.419% Params, 14.16 MMac, 0.084% MACs, 128, 128, kernel_size=(1, 47), stride=(1, 1), padding=(0, 23), groups=128)
            (conv_spatial2): Conv2d(6.14 k, 0.419% Params, 14.16 MMac, 0.084% MACs, 128, 128, kernel_size=(47, 1), stride=(1, 1), padding=(23, 0), groups=128)
            (conv1): Conv2d(16.51 k, 1.125% Params, 38.04 MMac, 0.227% MACs, 128, 128, kernel_size=(1, 1), stride=(1, 1))
          )
          (proj_2): Conv2d(16.51 k, 1.125% Params, 38.04 MMac, 0.227% MACs, 128, 128, kernel_size=(1, 1), stride=(1, 1))
        )
        (norm2): LayerNorm2d(0, 0.000% Params, 0.0 Mac, 0.000% MACs, )
        (project_in): Conv2d(87.04 k, 5.932% Params, 200.54 MMac, 1.194% MACs, 128, 680, kernel_size=(1, 1), stride=(1, 1), bias=False)
        (dwconv): Conv2d(6.12 k, 0.417% Params, 14.1 MMac, 0.084% MACs, 680, 680, kernel_size=(3, 3), stride=(1, 1), padding=(1, 1), groups=680, bias=False)
        (project_out): Conv2d(43.52 k, 2.966% Params, 100.27 MMac, 0.597% MACs, 340, 128, kernel_size=(1, 1), stride=(1, 1), bias=False)
      )
    )
  )
)
  [ptflops] FLOPs: 16,789,757,440
  [ptflops] FLOPs (G): 16.79 G
  [ptflops] 参数量 (M): 1.47 M
  [fvcore] 库未安装，跳过计算

  📊 各工具计算结果对比:
    thop: 16.38 G FLOPs
    ptflops: 16.79 G FLOPs

💾 内存占用:
  GPU内存占用: 2026.96 MB
  CPU内存占用: 896.20 MB

⏱️  处理时间测试:
  平均处理时间: 26.20 ms
  标准差: 2.32 ms
  最快时间: 23.94 ms
  最慢时间: 30.79 ms

📈 吞吐量:
  输入尺寸: 48x48
  输出尺寸: 192x192
  吞吐量: 1407 像素/毫秒
  FPS (估算): 38165.3
============================================================

[1/1050] /root/autodl-tmp/TransENet_base/datasets/UCMerced-dataset/test/LR_x4/agricultural99.tif
[2/1050] /root/autodl-tmp/TransENet_base/datasets/UCMerced-dataset/test/LR_x4/agricultural50.tif
[3/1050] /root/autodl-tmp/TransENet_base/datasets/UCMerced-dataset/test/LR_x4/airplane51.tif
[4/1050] /root/autodl-tmp/TransENet_base/datasets/UCMerced-dataset/test/LR_x4/agricultural51.tif
[5/1050] /root/autodl-tmp/TransENet_base/datasets/UCMerced-dataset/test/LR_x4/airplane50.tif
[6/1050] /root/autodl-tmp/TransENet_base/datasets/UCMerced-dataset/test/LR_x4/agricultural52.tif
[7/1050] /root/autodl-tmp/TransENet_base/datasets/UCMerced-dataset/test/LR_x4/airplane52.tif
[8/1050] /root/autodl-tmp/TransENet_base/datasets/UCMerced-dataset/test/LR_x4/agricultural53.tif
[9/1050] /root/autodl-tmp/TransENet_base/datasets/UCMerced-dataset/test/LR_x4/airplane53.tif
[10/1050] /root/autodl-tmp/TransENet_base/datasets/UCMerced-dataset/test/LR_x4/agricultural54.tif
[11/1050] /root/autodl-tmp/TransENet_base/datasets/UCMerced-dataset/test/LR_x4/airplane54.tif
[12/1050] /root/autodl-tmp/TransENet_base/datasets/UCMerced-dataset/test/LR_x4/agricultural55.tif
[13/1050] /root/autodl-tmp/TransENet_base/datasets/UCMerced-dataset/test/LR_x4/airplane61.tif
[14/1050] /root/autodl-tmp/TransENet_base/datasets/UCMerced-dataset/test/LR_x4/agricultural56.tif
[15/1050] /root/autodl-tmp/TransENet_base/datasets/UCMerced-dataset/test/LR_x4/airplane62.tif
[16/1050] /root/autodl-tmp/TransENet_base/datasets/UCMerced-dataset/test/LR_x4/agricultural57.tif
[17/1050] /root/autodl-tmp/TransENet_base/datasets/UCMerced-dataset/test/LR_x4/airplane63.tif
[18/1050] /root/autodl-tmp/TransENet_base/datasets/UCMerced-dataset/test/LR_x4/agricultural58.tif
[19/1050] /root/autodl-tmp/TransENet_base/datasets/UCMerced-dataset/test/LR_x4/airplane64.tif
[20/1050] /root/autodl-tmp/TransENet_base/datasets/UCMerced-dataset/test/LR_x4/agricultural59.tif
[21/1050] /root/autodl-tmp/TransENet_base/datasets/UCMerced-dataset/test/LR_x4/airplane65.tif
[22/1050] /root/autodl-tmp/TransENet_base/datasets/UCMerced-dataset/test/LR_x4/agricultural60.tif
[23/1050] /root/autodl-tmp/TransENet_base/datasets/UCMerced-dataset/test/LR_x4/airplane66.tif
[24/1050] /root/autodl-tmp/TransENet_base/datasets/UCMerced-dataset/test/LR_x4/agricultural61.tif
[25/1050] /root/autodl-tmp/TransENet_base/datasets/UCMerced-dataset/test/LR_x4/airplane67.tif
[26/1050] /root/autodl-tmp/TransENet_base/datasets/UCMerced-dataset/test/LR_x4/agricultural62.tif
[27/1050] /root/autodl-tmp/TransENet_base/datasets/UCMerced-dataset/test/LR_x4/airplane68.tif
[28/1050] /root/autodl-tmp/TransENet_base/datasets/UCMerced-dataset/test/LR_x4/agricultural63.tif
[29/1050] /root/autodl-tmp/TransENet_base/datasets/UCMerced-dataset/test/LR_x4/airplane69.tif
[30/1050] /root/autodl-tmp/TransENet_base/datasets/UCMerced-dataset/test/LR_x4/agricultural64.tif
[31/1050] /root/autodl-tmp/TransENet_base/datasets/UCMerced-dataset/test/LR_x4/airplane70.tif
[32/1050] /root/autodl-tmp/TransENet_base/datasets/UCMerced-dataset/test/LR_x4/agricultural65.tif
[33/1050] /root/autodl-tmp/TransENet_base/datasets/UCMerced-dataset/test/LR_x4/airplane71.tif
[34/1050] /root/autodl-tmp/TransENet_base/datasets/UCMerced-dataset/test/LR_x4/agricultural66.tif
[35/1050] /root/autodl-tmp/TransENet_base/datasets/UCMerced-dataset/test/LR_x4/airplane72.tif
[36/1050] /root/autodl-tmp/TransENet_base/datasets/UCMerced-dataset/test/LR_x4/agricultural67.tif
[37/1050] /root/autodl-tmp/TransENet_base/datasets/UCMerced-dataset/test/LR_x4/airplane73.tif
[38/1050] /root/autodl-tmp/TransENet_base/datasets/UCMerced-dataset/test/LR_x4/agricultural68.tif
[39/1050] /root/autodl-tmp/TransENet_base/datasets/UCMerced-dataset/test/LR_x4/airplane74.tif
[40/1050] /root/autodl-tmp/TransENet_base/datasets/UCMerced-dataset/test/LR_x4/agricultural69.tif
[41/1050] /root/autodl-tmp/TransENet_base/datasets/UCMerced-dataset/test/LR_x4/airplane75.tif
[42/1050] /root/autodl-tmp/TransENet_base/datasets/UCMerced-dataset/test/LR_x4/agricultural70.tif
[43/1050] /root/autodl-tmp/TransENet_base/datasets/UCMerced-dataset/test/LR_x4/airplane76.tif
[44/1050] /root/autodl-tmp/TransENet_base/datasets/UCMerced-dataset/test/LR_x4/agricultural71.tif
[45/1050] /root/autodl-tmp/TransENet_base/datasets/UCMerced-dataset/test/LR_x4/airplane77.tif
[46/1050] /root/autodl-tmp/TransENet_base/datasets/UCMerced-dataset/test/LR_x4/agricultural72.tif
[47/1050] /root/autodl-tmp/TransENet_base/datasets/UCMerced-dataset/test/LR_x4/airplane78.tif
[48/1050] /root/autodl-tmp/TransENet_base/datasets/UCMerced-dataset/test/LR_x4/agricultural73.tif
[49/1050] /root/autodl-tmp/TransENet_base/datasets/UCMerced-dataset/test/LR_x4/airplane79.tif
[50/1050] /root/autodl-tmp/TransENet_base/datasets/UCMerced-dataset/test/LR_x4/agricultural74.tif
[51/1050] /root/autodl-tmp/TransENet_base/datasets/UCMerced-dataset/test/LR_x4/airplane80.tif
[52/1050] /root/autodl-tmp/TransENet_base/datasets/UCMerced-dataset/test/LR_x4/agricultural75.tif
[53/1050] /root/autodl-tmp/TransENet_base/datasets/UCMerced-dataset/test/LR_x4/airplane81.tif
[54/1050] /root/autodl-tmp/TransENet_base/datasets/UCMerced-dataset/test/LR_x4/agricultural76.tif
[55/1050] /root/autodl-tmp/TransENet_base/datasets/UCMerced-dataset/test/LR_x4/airplane82.tif
[56/1050] /root/autodl-tmp/TransENet_base/datasets/UCMerced-dataset/test/LR_x4/agricultural77.tif
[57/1050] /root/autodl-tmp/TransENet_base/datasets/UCMerced-dataset/test/LR_x4/airplane83.tif
[58/1050] /root/autodl-tmp/TransENet_base/datasets/UCMerced-dataset/test/LR_x4/agricultural78.tif
[59/1050] /root/autodl-tmp/TransENet_base/datasets/UCMerced-dataset/test/LR_x4/airplane84.tif
[60/1050] /root/autodl-tmp/TransENet_base/datasets/UCMerced-dataset/test/LR_x4/agricultural79.tif
[61/1050] /root/autodl-tmp/TransENet_base/datasets/UCMerced-dataset/test/LR_x4/airplane85.tif
[62/1050] /root/autodl-tmp/TransENet_base/datasets/UCMerced-dataset/test/LR_x4/agricultural80.tif
[63/1050] /root/autodl-tmp/TransENet_base/datasets/UCMerced-dataset/test/LR_x4/airplane86.tif
[64/1050] /root/autodl-tmp/TransENet_base/datasets/UCMerced-dataset/test/LR_x4/agricultural81.tif
[65/1050] /root/autodl-tmp/TransENet_base/datasets/UCMerced-dataset/test/LR_x4/airplane87.tif
[66/1050] /root/autodl-tmp/TransENet_base/datasets/UCMerced-dataset/test/LR_x4/agricultural82.tif
[67/1050] /root/autodl-tmp/TransENet_base/datasets/UCMerced-dataset/test/LR_x4/airplane88.tif
[68/1050] /root/autodl-tmp/TransENet_base/datasets/UCMerced-dataset/test/LR_x4/agricultural83.tif
[69/1050] /root/autodl-tmp/TransENet_base/datasets/UCMerced-dataset/test/LR_x4/airplane89.tif
[70/1050] /root/autodl-tmp/TransENet_base/datasets/UCMerced-dataset/test/LR_x4/agricultural84.tif
[71/1050] /root/autodl-tmp/TransENet_base/datasets/UCMerced-dataset/test/LR_x4/airplane90.tif
[72/1050] /root/autodl-tmp/TransENet_base/datasets/UCMerced-dataset/test/LR_x4/agricultural85.tif
[73/1050] /root/autodl-tmp/TransENet_base/datasets/UCMerced-dataset/test/LR_x4/airplane91.tif
[74/1050] /root/autodl-tmp/TransENet_base/datasets/UCMerced-dataset/test/LR_x4/agricultural86.tif
[75/1050] /root/autodl-tmp/TransENet_base/datasets/UCMerced-dataset/test/LR_x4/airplane92.tif
[76/1050] /root/autodl-tmp/TransENet_base/datasets/UCMerced-dataset/test/LR_x4/agricultural87.tif
[77/1050] /root/autodl-tmp/TransENet_base/datasets/UCMerced-dataset/test/LR_x4/airplane93.tif
[78/1050] /root/autodl-tmp/TransENet_base/datasets/UCMerced-dataset/test/LR_x4/agricultural88.tif
[79/1050] /root/autodl-tmp/TransENet_base/datasets/UCMerced-dataset/test/LR_x4/airplane94.tif
[80/1050] /root/autodl-tmp/TransENet_base/datasets/UCMerced-dataset/test/LR_x4/agricultural89.tif
[81/1050] /root/autodl-tmp/TransENet_base/datasets/UCMerced-dataset/test/LR_x4/airplane95.tif
[82/1050] /root/autodl-tmp/TransENet_base/datasets/UCMerced-dataset/test/LR_x4/agricultural90.tif
[83/1050] /root/autodl-tmp/TransENet_base/datasets/UCMerced-dataset/test/LR_x4/airplane96.tif
[84/1050] /root/autodl-tmp/TransENet_base/datasets/UCMerced-dataset/test/LR_x4/agricultural91.tif
[85/1050] /root/autodl-tmp/TransENet_base/datasets/UCMerced-dataset/test/LR_x4/airplane97.tif
[86/1050] /root/autodl-tmp/TransENet_base/datasets/UCMerced-dataset/test/LR_x4/agricultural92.tif
[87/1050] /root/autodl-tmp/TransENet_base/datasets/UCMerced-dataset/test/LR_x4/airplane98.tif
[88/1050] /root/autodl-tmp/TransENet_base/datasets/UCMerced-dataset/test/LR_x4/agricultural93.tif
[89/1050] /root/autodl-tmp/TransENet_base/datasets/UCMerced-dataset/test/LR_x4/airplane99.tif
[90/1050] /root/autodl-tmp/TransENet_base/datasets/UCMerced-dataset/test/LR_x4/agricultural94.tif
[91/1050] /root/autodl-tmp/TransENet_base/datasets/UCMerced-dataset/test/LR_x4/baseballdiamond50.tif
[92/1050] /root/autodl-tmp/TransENet_base/datasets/UCMerced-dataset/test/LR_x4/agricultural95.tif
[93/1050] /root/autodl-tmp/TransENet_base/datasets/UCMerced-dataset/test/LR_x4/baseballdiamond51.tif
[94/1050] /root/autodl-tmp/TransENet_base/datasets/UCMerced-dataset/test/LR_x4/agricultural96.tif
[95/1050] /root/autodl-tmp/TransENet_base/datasets/UCMerced-dataset/test/LR_x4/baseballdiamond52.tif
[96/1050] /root/autodl-tmp/TransENet_base/datasets/UCMerced-dataset/test/LR_x4/agricultural97.tif
[97/1050] /root/autodl-tmp/TransENet_base/datasets/UCMerced-dataset/test/LR_x4/baseballdiamond53.tif
[98/1050] /root/autodl-tmp/TransENet_base/datasets/UCMerced-dataset/test/LR_x4/agricultural98.tif
[99/1050] /root/autodl-tmp/TransENet_base/datasets/UCMerced-dataset/test/LR_x4/airplane55.tif
[100/1050] /root/autodl-tmp/TransENet_base/datasets/UCMerced-dataset/test/LR_x4/baseballdiamond54.tif
[101/1050] /root/autodl-tmp/TransENet_base/datasets/UCMerced-dataset/test/LR_x4/airplane56.tif
[102/1050] /root/autodl-tmp/TransENet_base/datasets/UCMerced-dataset/test/LR_x4/baseballdiamond55.tif
[103/1050] /root/autodl-tmp/TransENet_base/datasets/UCMerced-dataset/test/LR_x4/airplane57.tif
[104/1050] /root/autodl-tmp/TransENet_base/datasets/UCMerced-dataset/test/LR_x4/baseballdiamond56.tif
[105/1050] /root/autodl-tmp/TransENet_base/datasets/UCMerced-dataset/test/LR_x4/airplane58.tif
[106/1050] /root/autodl-tmp/TransENet_base/datasets/UCMerced-dataset/test/LR_x4/baseballdiamond57.tif
[107/1050] /root/autodl-tmp/TransENet_base/datasets/UCMerced-dataset/test/LR_x4/airplane59.tif
[108/1050] /root/autodl-tmp/TransENet_base/datasets/UCMerced-dataset/test/LR_x4/baseballdiamond58.tif
[109/1050] /root/autodl-tmp/TransENet_base/datasets/UCMerced-dataset/test/LR_x4/airplane60.tif
[110/1050] /root/autodl-tmp/TransENet_base/datasets/UCMerced-dataset/test/LR_x4/buildings50.tif
[111/1050] /root/autodl-tmp/TransENet_base/datasets/UCMerced-dataset/test/LR_x4/beach50.tif
[112/1050] /root/autodl-tmp/TransENet_base/datasets/UCMerced-dataset/test/LR_x4/beach51.tif
[113/1050] /root/autodl-tmp/TransENet_base/datasets/UCMerced-dataset/test/LR_x4/baseballdiamond59.tif
[114/1050] /root/autodl-tmp/TransENet_base/datasets/UCMerced-dataset/test/LR_x4/baseballdiamond60.tif
[115/1050] /root/autodl-tmp/TransENet_base/datasets/UCMerced-dataset/test/LR_x4/baseballdiamond61.tif
[116/1050] /root/autodl-tmp/TransENet_base/datasets/UCMerced-dataset/test/LR_x4/baseballdiamond62.tif
[117/1050] /root/autodl-tmp/TransENet_base/datasets/UCMerced-dataset/test/LR_x4/baseballdiamond63.tif
[118/1050] /root/autodl-tmp/TransENet_base/datasets/UCMerced-dataset/test/LR_x4/baseballdiamond64.tif
[119/1050] /root/autodl-tmp/TransENet_base/datasets/UCMerced-dataset/test/LR_x4/baseballdiamond65.tif
[120/1050] /root/autodl-tmp/TransENet_base/datasets/UCMerced-dataset/test/LR_x4/baseballdiamond66.tif
[121/1050] /root/autodl-tmp/TransENet_base/datasets/UCMerced-dataset/test/LR_x4/baseballdiamond67.tif
[122/1050] /root/autodl-tmp/TransENet_base/datasets/UCMerced-dataset/test/LR_x4/baseballdiamond68.tif
[123/1050] /root/autodl-tmp/TransENet_base/datasets/UCMerced-dataset/test/LR_x4/baseballdiamond69.tif
[124/1050] /root/autodl-tmp/TransENet_base/datasets/UCMerced-dataset/test/LR_x4/baseballdiamond70.tif
[125/1050] /root/autodl-tmp/TransENet_base/datasets/UCMerced-dataset/test/LR_x4/baseballdiamond71.tif
[126/1050] /root/autodl-tmp/TransENet_base/datasets/UCMerced-dataset/test/LR_x4/baseballdiamond72.tif
[127/1050] /root/autodl-tmp/TransENet_base/datasets/UCMerced-dataset/test/LR_x4/baseballdiamond73.tif
[128/1050] /root/autodl-tmp/TransENet_base/datasets/UCMerced-dataset/test/LR_x4/baseballdiamond74.tif
[129/1050] /root/autodl-tmp/TransENet_base/datasets/UCMerced-dataset/test/LR_x4/baseballdiamond75.tif
[130/1050] /root/autodl-tmp/TransENet_base/datasets/UCMerced-dataset/test/LR_x4/baseballdiamond76.tif
[131/1050] /root/autodl-tmp/TransENet_base/datasets/UCMerced-dataset/test/LR_x4/baseballdiamond77.tif
[132/1050] /root/autodl-tmp/TransENet_base/datasets/UCMerced-dataset/test/LR_x4/baseballdiamond78.tif
[133/1050] /root/autodl-tmp/TransENet_base/datasets/UCMerced-dataset/test/LR_x4/baseballdiamond79.tif
[134/1050] /root/autodl-tmp/TransENet_base/datasets/UCMerced-dataset/test/LR_x4/baseballdiamond80.tif
[135/1050] /root/autodl-tmp/TransENet_base/datasets/UCMerced-dataset/test/LR_x4/baseballdiamond81.tif
[136/1050] /root/autodl-tmp/TransENet_base/datasets/UCMerced-dataset/test/LR_x4/baseballdiamond82.tif
[137/1050] /root/autodl-tmp/TransENet_base/datasets/UCMerced-dataset/test/LR_x4/baseballdiamond83.tif
[138/1050] /root/autodl-tmp/TransENet_base/datasets/UCMerced-dataset/test/LR_x4/baseballdiamond84.tif
[139/1050] /root/autodl-tmp/TransENet_base/datasets/UCMerced-dataset/test/LR_x4/baseballdiamond85.tif
[140/1050] /root/autodl-tmp/TransENet_base/datasets/UCMerced-dataset/test/LR_x4/baseballdiamond86.tif
[141/1050] /root/autodl-tmp/TransENet_base/datasets/UCMerced-dataset/test/LR_x4/baseballdiamond87.tif
[142/1050] /root/autodl-tmp/TransENet_base/datasets/UCMerced-dataset/test/LR_x4/baseballdiamond88.tif
[143/1050] /root/autodl-tmp/TransENet_base/datasets/UCMerced-dataset/test/LR_x4/baseballdiamond89.tif
[144/1050] /root/autodl-tmp/TransENet_base/datasets/UCMerced-dataset/test/LR_x4/baseballdiamond90.tif
[145/1050] /root/autodl-tmp/TransENet_base/datasets/UCMerced-dataset/test/LR_x4/baseballdiamond91.tif
[146/1050] /root/autodl-tmp/TransENet_base/datasets/UCMerced-dataset/test/LR_x4/baseballdiamond92.tif
[147/1050] /root/autodl-tmp/TransENet_base/datasets/UCMerced-dataset/test/LR_x4/baseballdiamond93.tif
[148/1050] /root/autodl-tmp/TransENet_base/datasets/UCMerced-dataset/test/LR_x4/baseballdiamond94.tif
[149/1050] /root/autodl-tmp/TransENet_base/datasets/UCMerced-dataset/test/LR_x4/baseballdiamond95.tif
[150/1050] /root/autodl-tmp/TransENet_base/datasets/UCMerced-dataset/test/LR_x4/baseballdiamond96.tif
[151/1050] /root/autodl-tmp/TransENet_base/datasets/UCMerced-dataset/test/LR_x4/baseballdiamond97.tif
[152/1050] /root/autodl-tmp/TransENet_base/datasets/UCMerced-dataset/test/LR_x4/baseballdiamond98.tif
[153/1050] /root/autodl-tmp/TransENet_base/datasets/UCMerced-dataset/test/LR_x4/baseballdiamond99.tif
[154/1050] /root/autodl-tmp/TransENet_base/datasets/UCMerced-dataset/test/LR_x4/beach52.tif
[155/1050] /root/autodl-tmp/TransENet_base/datasets/UCMerced-dataset/test/LR_x4/beach53.tif
[156/1050] /root/autodl-tmp/TransENet_base/datasets/UCMerced-dataset/test/LR_x4/beach54.tif
[157/1050] /root/autodl-tmp/TransENet_base/datasets/UCMerced-dataset/test/LR_x4/beach55.tif
[158/1050] /root/autodl-tmp/TransENet_base/datasets/UCMerced-dataset/test/LR_x4/beach56.tif
[159/1050] /root/autodl-tmp/TransENet_base/datasets/UCMerced-dataset/test/LR_x4/beach57.tif
[160/1050] /root/autodl-tmp/TransENet_base/datasets/UCMerced-dataset/test/LR_x4/beach58.tif
[161/1050] /root/autodl-tmp/TransENet_base/datasets/UCMerced-dataset/test/LR_x4/beach59.tif
[162/1050] /root/autodl-tmp/TransENet_base/datasets/UCMerced-dataset/test/LR_x4/beach60.tif
[163/1050] /root/autodl-tmp/TransENet_base/datasets/UCMerced-dataset/test/LR_x4/beach61.tif
[164/1050] /root/autodl-tmp/TransENet_base/datasets/UCMerced-dataset/test/LR_x4/beach62.tif
[165/1050] /root/autodl-tmp/TransENet_base/datasets/UCMerced-dataset/test/LR_x4/beach63.tif
[166/1050] /root/autodl-tmp/TransENet_base/datasets/UCMerced-dataset/test/LR_x4/beach64.tif
[167/1050] /root/autodl-tmp/TransENet_base/datasets/UCMerced-dataset/test/LR_x4/beach65.tif
[168/1050] /root/autodl-tmp/TransENet_base/datasets/UCMerced-dataset/test/LR_x4/beach66.tif
[169/1050] /root/autodl-tmp/TransENet_base/datasets/UCMerced-dataset/test/LR_x4/beach67.tif
[170/1050] /root/autodl-tmp/TransENet_base/datasets/UCMerced-dataset/test/LR_x4/beach68.tif
[171/1050] /root/autodl-tmp/TransENet_base/datasets/UCMerced-dataset/test/LR_x4/beach69.tif
[172/1050] /root/autodl-tmp/TransENet_base/datasets/UCMerced-dataset/test/LR_x4/beach70.tif
[173/1050] /root/autodl-tmp/TransENet_base/datasets/UCMerced-dataset/test/LR_x4/beach71.tif
[174/1050] /root/autodl-tmp/TransENet_base/datasets/UCMerced-dataset/test/LR_x4/beach72.tif
[175/1050] /root/autodl-tmp/TransENet_base/datasets/UCMerced-dataset/test/LR_x4/beach73.tif
[176/1050] /root/autodl-tmp/TransENet_base/datasets/UCMerced-dataset/test/LR_x4/beach74.tif
[177/1050] /root/autodl-tmp/TransENet_base/datasets/UCMerced-dataset/test/LR_x4/beach75.tif
[178/1050] /root/autodl-tmp/TransENet_base/datasets/UCMerced-dataset/test/LR_x4/beach76.tif
[179/1050] /root/autodl-tmp/TransENet_base/datasets/UCMerced-dataset/test/LR_x4/beach77.tif
[180/1050] /root/autodl-tmp/TransENet_base/datasets/UCMerced-dataset/test/LR_x4/beach78.tif
[181/1050] /root/autodl-tmp/TransENet_base/datasets/UCMerced-dataset/test/LR_x4/beach79.tif
[182/1050] /root/autodl-tmp/TransENet_base/datasets/UCMerced-dataset/test/LR_x4/beach80.tif
[183/1050] /root/autodl-tmp/TransENet_base/datasets/UCMerced-dataset/test/LR_x4/beach81.tif
[184/1050] /root/autodl-tmp/TransENet_base/datasets/UCMerced-dataset/test/LR_x4/beach82.tif
[185/1050] /root/autodl-tmp/TransENet_base/datasets/UCMerced-dataset/test/LR_x4/beach83.tif
[186/1050] /root/autodl-tmp/TransENet_base/datasets/UCMerced-dataset/test/LR_x4/beach84.tif
[187/1050] /root/autodl-tmp/TransENet_base/datasets/UCMerced-dataset/test/LR_x4/beach85.tif
[188/1050] /root/autodl-tmp/TransENet_base/datasets/UCMerced-dataset/test/LR_x4/beach86.tif
[189/1050] /root/autodl-tmp/TransENet_base/datasets/UCMerced-dataset/test/LR_x4/beach87.tif
[190/1050] /root/autodl-tmp/TransENet_base/datasets/UCMerced-dataset/test/LR_x4/beach88.tif
[191/1050] /root/autodl-tmp/TransENet_base/datasets/UCMerced-dataset/test/LR_x4/beach89.tif
[192/1050] /root/autodl-tmp/TransENet_base/datasets/UCMerced-dataset/test/LR_x4/beach90.tif
[193/1050] /root/autodl-tmp/TransENet_base/datasets/UCMerced-dataset/test/LR_x4/beach91.tif
[194/1050] /root/autodl-tmp/TransENet_base/datasets/UCMerced-dataset/test/LR_x4/beach92.tif
[195/1050] /root/autodl-tmp/TransENet_base/datasets/UCMerced-dataset/test/LR_x4/beach93.tif
[196/1050] /root/autodl-tmp/TransENet_base/datasets/UCMerced-dataset/test/LR_x4/beach94.tif
[197/1050] /root/autodl-tmp/TransENet_base/datasets/UCMerced-dataset/test/LR_x4/beach95.tif
[198/1050] /root/autodl-tmp/TransENet_base/datasets/UCMerced-dataset/test/LR_x4/beach96.tif
[199/1050] /root/autodl-tmp/TransENet_base/datasets/UCMerced-dataset/test/LR_x4/beach97.tif
[200/1050] /root/autodl-tmp/TransENet_base/datasets/UCMerced-dataset/test/LR_x4/beach98.tif
[201/1050] /root/autodl-tmp/TransENet_base/datasets/UCMerced-dataset/test/LR_x4/beach99.tif
[202/1050] /root/autodl-tmp/TransENet_base/datasets/UCMerced-dataset/test/LR_x4/buildings69.tif
[203/1050] /root/autodl-tmp/TransENet_base/datasets/UCMerced-dataset/test/LR_x4/buildings51.tif
[204/1050] /root/autodl-tmp/TransENet_base/datasets/UCMerced-dataset/test/LR_x4/buildings68.tif
[205/1050] /root/autodl-tmp/TransENet_base/datasets/UCMerced-dataset/test/LR_x4/buildings52.tif
[206/1050] /root/autodl-tmp/TransENet_base/datasets/UCMerced-dataset/test/LR_x4/buildings70.tif
[207/1050] /root/autodl-tmp/TransENet_base/datasets/UCMerced-dataset/test/LR_x4/buildings53.tif
[208/1050] /root/autodl-tmp/TransENet_base/datasets/UCMerced-dataset/test/LR_x4/buildings71.tif
[209/1050] /root/autodl-tmp/TransENet_base/datasets/UCMerced-dataset/test/LR_x4/buildings54.tif
[210/1050] /root/autodl-tmp/TransENet_base/datasets/UCMerced-dataset/test/LR_x4/buildings72.tif
[211/1050] /root/autodl-tmp/TransENet_base/datasets/UCMerced-dataset/test/LR_x4/buildings55.tif
[212/1050] /root/autodl-tmp/TransENet_base/datasets/UCMerced-dataset/test/LR_x4/buildings73.tif
[213/1050] /root/autodl-tmp/TransENet_base/datasets/UCMerced-dataset/test/LR_x4/buildings56.tif
[214/1050] /root/autodl-tmp/TransENet_base/datasets/UCMerced-dataset/test/LR_x4/buildings74.tif
[215/1050] /root/autodl-tmp/TransENet_base/datasets/UCMerced-dataset/test/LR_x4/buildings57.tif
[216/1050] /root/autodl-tmp/TransENet_base/datasets/UCMerced-dataset/test/LR_x4/buildings75.tif
[217/1050] /root/autodl-tmp/TransENet_base/datasets/UCMerced-dataset/test/LR_x4/buildings58.tif
[218/1050] /root/autodl-tmp/TransENet_base/datasets/UCMerced-dataset/test/LR_x4/buildings76.tif
[219/1050] /root/autodl-tmp/TransENet_base/datasets/UCMerced-dataset/test/LR_x4/buildings59.tif
[220/1050] /root/autodl-tmp/TransENet_base/datasets/UCMerced-dataset/test/LR_x4/buildings77.tif
[221/1050] /root/autodl-tmp/TransENet_base/datasets/UCMerced-dataset/test/LR_x4/buildings60.tif
[222/1050] /root/autodl-tmp/TransENet_base/datasets/UCMerced-dataset/test/LR_x4/buildings78.tif
[223/1050] /root/autodl-tmp/TransENet_base/datasets/UCMerced-dataset/test/LR_x4/buildings61.tif
[224/1050] /root/autodl-tmp/TransENet_base/datasets/UCMerced-dataset/test/LR_x4/buildings79.tif
[225/1050] /root/autodl-tmp/TransENet_base/datasets/UCMerced-dataset/test/LR_x4/buildings62.tif
[226/1050] /root/autodl-tmp/TransENet_base/datasets/UCMerced-dataset/test/LR_x4/buildings80.tif
[227/1050] /root/autodl-tmp/TransENet_base/datasets/UCMerced-dataset/test/LR_x4/buildings63.tif
[228/1050] /root/autodl-tmp/TransENet_base/datasets/UCMerced-dataset/test/LR_x4/buildings81.tif
[229/1050] /root/autodl-tmp/TransENet_base/datasets/UCMerced-dataset/test/LR_x4/buildings64.tif
[230/1050] /root/autodl-tmp/TransENet_base/datasets/UCMerced-dataset/test/LR_x4/buildings82.tif
[231/1050] /root/autodl-tmp/TransENet_base/datasets/UCMerced-dataset/test/LR_x4/buildings65.tif
[232/1050] /root/autodl-tmp/TransENet_base/datasets/UCMerced-dataset/test/LR_x4/buildings83.tif
[233/1050] /root/autodl-tmp/TransENet_base/datasets/UCMerced-dataset/test/LR_x4/buildings66.tif
[234/1050] /root/autodl-tmp/TransENet_base/datasets/UCMerced-dataset/test/LR_x4/denseresidential50.tif
[235/1050] /root/autodl-tmp/TransENet_base/datasets/UCMerced-dataset/test/LR_x4/buildings67.tif
[236/1050] /root/autodl-tmp/TransENet_base/datasets/UCMerced-dataset/test/LR_x4/buildings84.tif
[237/1050] /root/autodl-tmp/TransENet_base/datasets/UCMerced-dataset/test/LR_x4/buildings85.tif
[238/1050] /root/autodl-tmp/TransENet_base/datasets/UCMerced-dataset/test/LR_x4/buildings86.tif
[239/1050] /root/autodl-tmp/TransENet_base/datasets/UCMerced-dataset/test/LR_x4/buildings87.tif
[240/1050] /root/autodl-tmp/TransENet_base/datasets/UCMerced-dataset/test/LR_x4/buildings88.tif
[241/1050] /root/autodl-tmp/TransENet_base/datasets/UCMerced-dataset/test/LR_x4/buildings89.tif
[242/1050] /root/autodl-tmp/TransENet_base/datasets/UCMerced-dataset/test/LR_x4/buildings90.tif
[243/1050] /root/autodl-tmp/TransENet_base/datasets/UCMerced-dataset/test/LR_x4/buildings91.tif
[244/1050] /root/autodl-tmp/TransENet_base/datasets/UCMerced-dataset/test/LR_x4/buildings92.tif
[245/1050] /root/autodl-tmp/TransENet_base/datasets/UCMerced-dataset/test/LR_x4/buildings93.tif
[246/1050] /root/autodl-tmp/TransENet_base/datasets/UCMerced-dataset/test/LR_x4/buildings94.tif
[247/1050] /root/autodl-tmp/TransENet_base/datasets/UCMerced-dataset/test/LR_x4/buildings95.tif
[248/1050] /root/autodl-tmp/TransENet_base/datasets/UCMerced-dataset/test/LR_x4/buildings96.tif
[249/1050] /root/autodl-tmp/TransENet_base/datasets/UCMerced-dataset/test/LR_x4/buildings97.tif
[250/1050] /root/autodl-tmp/TransENet_base/datasets/UCMerced-dataset/test/LR_x4/buildings98.tif
[251/1050] /root/autodl-tmp/TransENet_base/datasets/UCMerced-dataset/test/LR_x4/buildings99.tif
[252/1050] /root/autodl-tmp/TransENet_base/datasets/UCMerced-dataset/test/LR_x4/chaparral50.tif
[253/1050] /root/autodl-tmp/TransENet_base/datasets/UCMerced-dataset/test/LR_x4/chaparral51.tif
[254/1050] /root/autodl-tmp/TransENet_base/datasets/UCMerced-dataset/test/LR_x4/chaparral52.tif
[255/1050] /root/autodl-tmp/TransENet_base/datasets/UCMerced-dataset/test/LR_x4/chaparral53.tif
[256/1050] /root/autodl-tmp/TransENet_base/datasets/UCMerced-dataset/test/LR_x4/chaparral54.tif
[257/1050] /root/autodl-tmp/TransENet_base/datasets/UCMerced-dataset/test/LR_x4/chaparral55.tif
[258/1050] /root/autodl-tmp/TransENet_base/datasets/UCMerced-dataset/test/LR_x4/chaparral56.tif
[259/1050] /root/autodl-tmp/TransENet_base/datasets/UCMerced-dataset/test/LR_x4/chaparral57.tif
[260/1050] /root/autodl-tmp/TransENet_base/datasets/UCMerced-dataset/test/LR_x4/chaparral58.tif
[261/1050] /root/autodl-tmp/TransENet_base/datasets/UCMerced-dataset/test/LR_x4/chaparral59.tif
[262/1050] /root/autodl-tmp/TransENet_base/datasets/UCMerced-dataset/test/LR_x4/chaparral60.tif
[263/1050] /root/autodl-tmp/TransENet_base/datasets/UCMerced-dataset/test/LR_x4/chaparral61.tif
[264/1050] /root/autodl-tmp/TransENet_base/datasets/UCMerced-dataset/test/LR_x4/chaparral62.tif
[265/1050] /root/autodl-tmp/TransENet_base/datasets/UCMerced-dataset/test/LR_x4/chaparral63.tif
[266/1050] /root/autodl-tmp/TransENet_base/datasets/UCMerced-dataset/test/LR_x4/chaparral64.tif
[267/1050] /root/autodl-tmp/TransENet_base/datasets/UCMerced-dataset/test/LR_x4/chaparral65.tif
[268/1050] /root/autodl-tmp/TransENet_base/datasets/UCMerced-dataset/test/LR_x4/chaparral66.tif
[269/1050] /root/autodl-tmp/TransENet_base/datasets/UCMerced-dataset/test/LR_x4/chaparral67.tif
[270/1050] /root/autodl-tmp/TransENet_base/datasets/UCMerced-dataset/test/LR_x4/chaparral68.tif
[271/1050] /root/autodl-tmp/TransENet_base/datasets/UCMerced-dataset/test/LR_x4/chaparral69.tif
[272/1050] /root/autodl-tmp/TransENet_base/datasets/UCMerced-dataset/test/LR_x4/chaparral70.tif
[273/1050] /root/autodl-tmp/TransENet_base/datasets/UCMerced-dataset/test/LR_x4/chaparral71.tif
[274/1050] /root/autodl-tmp/TransENet_base/datasets/UCMerced-dataset/test/LR_x4/chaparral72.tif
[275/1050] /root/autodl-tmp/TransENet_base/datasets/UCMerced-dataset/test/LR_x4/chaparral73.tif
[276/1050] /root/autodl-tmp/TransENet_base/datasets/UCMerced-dataset/test/LR_x4/chaparral74.tif
[277/1050] /root/autodl-tmp/TransENet_base/datasets/UCMerced-dataset/test/LR_x4/chaparral75.tif
[278/1050] /root/autodl-tmp/TransENet_base/datasets/UCMerced-dataset/test/LR_x4/chaparral76.tif
[279/1050] /root/autodl-tmp/TransENet_base/datasets/UCMerced-dataset/test/LR_x4/chaparral77.tif
[280/1050] /root/autodl-tmp/TransENet_base/datasets/UCMerced-dataset/test/LR_x4/chaparral78.tif
[281/1050] /root/autodl-tmp/TransENet_base/datasets/UCMerced-dataset/test/LR_x4/chaparral79.tif
[282/1050] /root/autodl-tmp/TransENet_base/datasets/UCMerced-dataset/test/LR_x4/chaparral80.tif
[283/1050] /root/autodl-tmp/TransENet_base/datasets/UCMerced-dataset/test/LR_x4/chaparral81.tif
[284/1050] /root/autodl-tmp/TransENet_base/datasets/UCMerced-dataset/test/LR_x4/chaparral82.tif
[285/1050] /root/autodl-tmp/TransENet_base/datasets/UCMerced-dataset/test/LR_x4/chaparral83.tif
[286/1050] /root/autodl-tmp/TransENet_base/datasets/UCMerced-dataset/test/LR_x4/chaparral84.tif
[287/1050] /root/autodl-tmp/TransENet_base/datasets/UCMerced-dataset/test/LR_x4/chaparral85.tif
[288/1050] /root/autodl-tmp/TransENet_base/datasets/UCMerced-dataset/test/LR_x4/chaparral86.tif
[289/1050] /root/autodl-tmp/TransENet_base/datasets/UCMerced-dataset/test/LR_x4/chaparral87.tif
[290/1050] /root/autodl-tmp/TransENet_base/datasets/UCMerced-dataset/test/LR_x4/chaparral88.tif
[291/1050] /root/autodl-tmp/TransENet_base/datasets/UCMerced-dataset/test/LR_x4/chaparral89.tif
[292/1050] /root/autodl-tmp/TransENet_base/datasets/UCMerced-dataset/test/LR_x4/chaparral90.tif
[293/1050] /root/autodl-tmp/TransENet_base/datasets/UCMerced-dataset/test/LR_x4/chaparral91.tif
[294/1050] /root/autodl-tmp/TransENet_base/datasets/UCMerced-dataset/test/LR_x4/chaparral92.tif
[295/1050] /root/autodl-tmp/TransENet_base/datasets/UCMerced-dataset/test/LR_x4/chaparral93.tif
[296/1050] /root/autodl-tmp/TransENet_base/datasets/UCMerced-dataset/test/LR_x4/chaparral94.tif
[297/1050] /root/autodl-tmp/TransENet_base/datasets/UCMerced-dataset/test/LR_x4/chaparral95.tif
[298/1050] /root/autodl-tmp/TransENet_base/datasets/UCMerced-dataset/test/LR_x4/chaparral96.tif
[299/1050] /root/autodl-tmp/TransENet_base/datasets/UCMerced-dataset/test/LR_x4/chaparral97.tif
[300/1050] /root/autodl-tmp/TransENet_base/datasets/UCMerced-dataset/test/LR_x4/chaparral98.tif
[301/1050] /root/autodl-tmp/TransENet_base/datasets/UCMerced-dataset/test/LR_x4/chaparral99.tif
[302/1050] /root/autodl-tmp/TransENet_base/datasets/UCMerced-dataset/test/LR_x4/denseresidential72.tif
[303/1050] /root/autodl-tmp/TransENet_base/datasets/UCMerced-dataset/test/LR_x4/denseresidential51.tif
[304/1050] /root/autodl-tmp/TransENet_base/datasets/UCMerced-dataset/test/LR_x4/denseresidential73.tif
[305/1050] /root/autodl-tmp/TransENet_base/datasets/UCMerced-dataset/test/LR_x4/denseresidential52.tif
[306/1050] /root/autodl-tmp/TransENet_base/datasets/UCMerced-dataset/test/LR_x4/denseresidential74.tif
[307/1050] /root/autodl-tmp/TransENet_base/datasets/UCMerced-dataset/test/LR_x4/denseresidential53.tif
[308/1050] /root/autodl-tmp/TransENet_base/datasets/UCMerced-dataset/test/LR_x4/denseresidential75.tif
[309/1050] /root/autodl-tmp/TransENet_base/datasets/UCMerced-dataset/test/LR_x4/denseresidential54.tif
[310/1050] /root/autodl-tmp/TransENet_base/datasets/UCMerced-dataset/test/LR_x4/denseresidential76.tif
[311/1050] /root/autodl-tmp/TransENet_base/datasets/UCMerced-dataset/test/LR_x4/denseresidential55.tif
[312/1050] /root/autodl-tmp/TransENet_base/datasets/UCMerced-dataset/test/LR_x4/denseresidential77.tif
[313/1050] /root/autodl-tmp/TransENet_base/datasets/UCMerced-dataset/test/LR_x4/denseresidential56.tif
[314/1050] /root/autodl-tmp/TransENet_base/datasets/UCMerced-dataset/test/LR_x4/denseresidential78.tif
[315/1050] /root/autodl-tmp/TransENet_base/datasets/UCMerced-dataset/test/LR_x4/denseresidential57.tif
[316/1050] /root/autodl-tmp/TransENet_base/datasets/UCMerced-dataset/test/LR_x4/denseresidential79.tif
[317/1050] /root/autodl-tmp/TransENet_base/datasets/UCMerced-dataset/test/LR_x4/denseresidential58.tif
[318/1050] /root/autodl-tmp/TransENet_base/datasets/UCMerced-dataset/test/LR_x4/denseresidential80.tif
[319/1050] /root/autodl-tmp/TransENet_base/datasets/UCMerced-dataset/test/LR_x4/denseresidential59.tif
[320/1050] /root/autodl-tmp/TransENet_base/datasets/UCMerced-dataset/test/LR_x4/denseresidential81.tif
[321/1050] /root/autodl-tmp/TransENet_base/datasets/UCMerced-dataset/test/LR_x4/denseresidential60.tif
[322/1050] /root/autodl-tmp/TransENet_base/datasets/UCMerced-dataset/test/LR_x4/denseresidential82.tif
[323/1050] /root/autodl-tmp/TransENet_base/datasets/UCMerced-dataset/test/LR_x4/denseresidential61.tif
[324/1050] /root/autodl-tmp/TransENet_base/datasets/UCMerced-dataset/test/LR_x4/denseresidential83.tif
[325/1050] /root/autodl-tmp/TransENet_base/datasets/UCMerced-dataset/test/LR_x4/denseresidential62.tif
[326/1050] /root/autodl-tmp/TransENet_base/datasets/UCMerced-dataset/test/LR_x4/denseresidential84.tif
[327/1050] /root/autodl-tmp/TransENet_base/datasets/UCMerced-dataset/test/LR_x4/denseresidential63.tif
[328/1050] /root/autodl-tmp/TransENet_base/datasets/UCMerced-dataset/test/LR_x4/denseresidential85.tif
[329/1050] /root/autodl-tmp/TransENet_base/datasets/UCMerced-dataset/test/LR_x4/denseresidential64.tif
[330/1050] /root/autodl-tmp/TransENet_base/datasets/UCMerced-dataset/test/LR_x4/denseresidential86.tif
[331/1050] /root/autodl-tmp/TransENet_base/datasets/UCMerced-dataset/test/LR_x4/denseresidential65.tif
[332/1050] /root/autodl-tmp/TransENet_base/datasets/UCMerced-dataset/test/LR_x4/denseresidential87.tif
[333/1050] /root/autodl-tmp/TransENet_base/datasets/UCMerced-dataset/test/LR_x4/denseresidential66.tif
[334/1050] /root/autodl-tmp/TransENet_base/datasets/UCMerced-dataset/test/LR_x4/denseresidential88.tif
[335/1050] /root/autodl-tmp/TransENet_base/datasets/UCMerced-dataset/test/LR_x4/denseresidential67.tif
[336/1050] /root/autodl-tmp/TransENet_base/datasets/UCMerced-dataset/test/LR_x4/denseresidential89.tif
[337/1050] /root/autodl-tmp/TransENet_base/datasets/UCMerced-dataset/test/LR_x4/denseresidential68.tif
[338/1050] /root/autodl-tmp/TransENet_base/datasets/UCMerced-dataset/test/LR_x4/denseresidential90.tif
[339/1050] /root/autodl-tmp/TransENet_base/datasets/UCMerced-dataset/test/LR_x4/denseresidential69.tif
[340/1050] /root/autodl-tmp/TransENet_base/datasets/UCMerced-dataset/test/LR_x4/denseresidential91.tif
[341/1050] /root/autodl-tmp/TransENet_base/datasets/UCMerced-dataset/test/LR_x4/denseresidential70.tif
[342/1050] /root/autodl-tmp/TransENet_base/datasets/UCMerced-dataset/test/LR_x4/denseresidential92.tif
[343/1050] /root/autodl-tmp/TransENet_base/datasets/UCMerced-dataset/test/LR_x4/denseresidential71.tif
[344/1050] /root/autodl-tmp/TransENet_base/datasets/UCMerced-dataset/test/LR_x4/freeway50.tif
[345/1050] /root/autodl-tmp/TransENet_base/datasets/UCMerced-dataset/test/LR_x4/forest50.tif
[346/1050] /root/autodl-tmp/TransENet_base/datasets/UCMerced-dataset/test/LR_x4/denseresidential93.tif
[347/1050] /root/autodl-tmp/TransENet_base/datasets/UCMerced-dataset/test/LR_x4/denseresidential94.tif
[348/1050] /root/autodl-tmp/TransENet_base/datasets/UCMerced-dataset/test/LR_x4/denseresidential95.tif
[349/1050] /root/autodl-tmp/TransENet_base/datasets/UCMerced-dataset/test/LR_x4/denseresidential96.tif
[350/1050] /root/autodl-tmp/TransENet_base/datasets/UCMerced-dataset/test/LR_x4/denseresidential97.tif
[351/1050] /root/autodl-tmp/TransENet_base/datasets/UCMerced-dataset/test/LR_x4/denseresidential98.tif
[352/1050] /root/autodl-tmp/TransENet_base/datasets/UCMerced-dataset/test/LR_x4/denseresidential99.tif
[353/1050] /root/autodl-tmp/TransENet_base/datasets/UCMerced-dataset/test/LR_x4/forest51.tif
[354/1050] /root/autodl-tmp/TransENet_base/datasets/UCMerced-dataset/test/LR_x4/forest52.tif
[355/1050] /root/autodl-tmp/TransENet_base/datasets/UCMerced-dataset/test/LR_x4/forest53.tif
[356/1050] /root/autodl-tmp/TransENet_base/datasets/UCMerced-dataset/test/LR_x4/forest54.tif
[357/1050] /root/autodl-tmp/TransENet_base/datasets/UCMerced-dataset/test/LR_x4/forest55.tif
[358/1050] /root/autodl-tmp/TransENet_base/datasets/UCMerced-dataset/test/LR_x4/forest56.tif
[359/1050] /root/autodl-tmp/TransENet_base/datasets/UCMerced-dataset/test/LR_x4/forest57.tif
[360/1050] /root/autodl-tmp/TransENet_base/datasets/UCMerced-dataset/test/LR_x4/forest58.tif
[361/1050] /root/autodl-tmp/TransENet_base/datasets/UCMerced-dataset/test/LR_x4/forest59.tif
[362/1050] /root/autodl-tmp/TransENet_base/datasets/UCMerced-dataset/test/LR_x4/forest60.tif
[363/1050] /root/autodl-tmp/TransENet_base/datasets/UCMerced-dataset/test/LR_x4/forest61.tif
[364/1050] /root/autodl-tmp/TransENet_base/datasets/UCMerced-dataset/test/LR_x4/forest62.tif
[365/1050] /root/autodl-tmp/TransENet_base/datasets/UCMerced-dataset/test/LR_x4/forest63.tif
[366/1050] /root/autodl-tmp/TransENet_base/datasets/UCMerced-dataset/test/LR_x4/forest64.tif
[367/1050] /root/autodl-tmp/TransENet_base/datasets/UCMerced-dataset/test/LR_x4/forest65.tif
[368/1050] /root/autodl-tmp/TransENet_base/datasets/UCMerced-dataset/test/LR_x4/forest66.tif
[369/1050] /root/autodl-tmp/TransENet_base/datasets/UCMerced-dataset/test/LR_x4/forest67.tif
[370/1050] /root/autodl-tmp/TransENet_base/datasets/UCMerced-dataset/test/LR_x4/forest68.tif
[371/1050] /root/autodl-tmp/TransENet_base/datasets/UCMerced-dataset/test/LR_x4/forest69.tif
[372/1050] /root/autodl-tmp/TransENet_base/datasets/UCMerced-dataset/test/LR_x4/forest70.tif
[373/1050] /root/autodl-tmp/TransENet_base/datasets/UCMerced-dataset/test/LR_x4/forest71.tif
[374/1050] /root/autodl-tmp/TransENet_base/datasets/UCMerced-dataset/test/LR_x4/forest72.tif
[375/1050] /root/autodl-tmp/TransENet_base/datasets/UCMerced-dataset/test/LR_x4/forest73.tif
[376/1050] /root/autodl-tmp/TransENet_base/datasets/UCMerced-dataset/test/LR_x4/forest74.tif
[377/1050] /root/autodl-tmp/TransENet_base/datasets/UCMerced-dataset/test/LR_x4/forest75.tif
[378/1050] /root/autodl-tmp/TransENet_base/datasets/UCMerced-dataset/test/LR_x4/forest76.tif
[379/1050] /root/autodl-tmp/TransENet_base/datasets/UCMerced-dataset/test/LR_x4/forest77.tif
[380/1050] /root/autodl-tmp/TransENet_base/datasets/UCMerced-dataset/test/LR_x4/forest78.tif
[381/1050] /root/autodl-tmp/TransENet_base/datasets/UCMerced-dataset/test/LR_x4/forest79.tif
[382/1050] /root/autodl-tmp/TransENet_base/datasets/UCMerced-dataset/test/LR_x4/forest80.tif
[383/1050] /root/autodl-tmp/TransENet_base/datasets/UCMerced-dataset/test/LR_x4/forest81.tif
[384/1050] /root/autodl-tmp/TransENet_base/datasets/UCMerced-dataset/test/LR_x4/forest82.tif
[385/1050] /root/autodl-tmp/TransENet_base/datasets/UCMerced-dataset/test/LR_x4/forest83.tif
[386/1050] /root/autodl-tmp/TransENet_base/datasets/UCMerced-dataset/test/LR_x4/forest84.tif
[387/1050] /root/autodl-tmp/TransENet_base/datasets/UCMerced-dataset/test/LR_x4/forest85.tif
[388/1050] /root/autodl-tmp/TransENet_base/datasets/UCMerced-dataset/test/LR_x4/forest86.tif
[389/1050] /root/autodl-tmp/TransENet_base/datasets/UCMerced-dataset/test/LR_x4/forest87.tif
[390/1050] /root/autodl-tmp/TransENet_base/datasets/UCMerced-dataset/test/LR_x4/forest88.tif
[391/1050] /root/autodl-tmp/TransENet_base/datasets/UCMerced-dataset/test/LR_x4/forest89.tif
[392/1050] /root/autodl-tmp/TransENet_base/datasets/UCMerced-dataset/test/LR_x4/forest90.tif
[393/1050] /root/autodl-tmp/TransENet_base/datasets/UCMerced-dataset/test/LR_x4/forest91.tif
[394/1050] /root/autodl-tmp/TransENet_base/datasets/UCMerced-dataset/test/LR_x4/forest92.tif
[395/1050] /root/autodl-tmp/TransENet_base/datasets/UCMerced-dataset/test/LR_x4/forest93.tif
[396/1050] /root/autodl-tmp/TransENet_base/datasets/UCMerced-dataset/test/LR_x4/forest94.tif
[397/1050] /root/autodl-tmp/TransENet_base/datasets/UCMerced-dataset/test/LR_x4/forest95.tif
[398/1050] /root/autodl-tmp/TransENet_base/datasets/UCMerced-dataset/test/LR_x4/forest96.tif
[399/1050] /root/autodl-tmp/TransENet_base/datasets/UCMerced-dataset/test/LR_x4/forest97.tif
[400/1050] /root/autodl-tmp/TransENet_base/datasets/UCMerced-dataset/test/LR_x4/forest98.tif
[401/1050] /root/autodl-tmp/TransENet_base/datasets/UCMerced-dataset/test/LR_x4/forest99.tif
[402/1050] /root/autodl-tmp/TransENet_base/datasets/UCMerced-dataset/test/LR_x4/freeway86.tif
[403/1050] /root/autodl-tmp/TransENet_base/datasets/UCMerced-dataset/test/LR_x4/freeway51.tif
[404/1050] /root/autodl-tmp/TransENet_base/datasets/UCMerced-dataset/test/LR_x4/freeway87.tif
[405/1050] /root/autodl-tmp/TransENet_base/datasets/UCMerced-dataset/test/LR_x4/freeway52.tif
[406/1050] /root/autodl-tmp/TransENet_base/datasets/UCMerced-dataset/test/LR_x4/freeway88.tif
[407/1050] /root/autodl-tmp/TransENet_base/datasets/UCMerced-dataset/test/LR_x4/freeway53.tif
[408/1050] /root/autodl-tmp/TransENet_base/datasets/UCMerced-dataset/test/LR_x4/freeway89.tif
[409/1050] /root/autodl-tmp/TransENet_base/datasets/UCMerced-dataset/test/LR_x4/freeway54.tif
[410/1050] /root/autodl-tmp/TransENet_base/datasets/UCMerced-dataset/test/LR_x4/freeway90.tif
[411/1050] /root/autodl-tmp/TransENet_base/datasets/UCMerced-dataset/test/LR_x4/freeway55.tif
[412/1050] /root/autodl-tmp/TransENet_base/datasets/UCMerced-dataset/test/LR_x4/freeway91.tif
[413/1050] /root/autodl-tmp/TransENet_base/datasets/UCMerced-dataset/test/LR_x4/freeway56.tif
[414/1050] /root/autodl-tmp/TransENet_base/datasets/UCMerced-dataset/test/LR_x4/freeway92.tif
[415/1050] /root/autodl-tmp/TransENet_base/datasets/UCMerced-dataset/test/LR_x4/freeway57.tif
[416/1050] /root/autodl-tmp/TransENet_base/datasets/UCMerced-dataset/test/LR_x4/freeway93.tif
[417/1050] /root/autodl-tmp/TransENet_base/datasets/UCMerced-dataset/test/LR_x4/freeway58.tif
[418/1050] /root/autodl-tmp/TransENet_base/datasets/UCMerced-dataset/test/LR_x4/freeway94.tif
[419/1050] /root/autodl-tmp/TransENet_base/datasets/UCMerced-dataset/test/LR_x4/freeway59.tif
[420/1050] /root/autodl-tmp/TransENet_base/datasets/UCMerced-dataset/test/LR_x4/freeway95.tif
[421/1050] /root/autodl-tmp/TransENet_base/datasets/UCMerced-dataset/test/LR_x4/freeway60.tif
[422/1050] /root/autodl-tmp/TransENet_base/datasets/UCMerced-dataset/test/LR_x4/freeway96.tif
[423/1050] /root/autodl-tmp/TransENet_base/datasets/UCMerced-dataset/test/LR_x4/freeway61.tif
[424/1050] /root/autodl-tmp/TransENet_base/datasets/UCMerced-dataset/test/LR_x4/freeway97.tif
[425/1050] /root/autodl-tmp/TransENet_base/datasets/UCMerced-dataset/test/LR_x4/freeway62.tif
[426/1050] /root/autodl-tmp/TransENet_base/datasets/UCMerced-dataset/test/LR_x4/freeway98.tif
[427/1050] /root/autodl-tmp/TransENet_base/datasets/UCMerced-dataset/test/LR_x4/freeway63.tif
[428/1050] /root/autodl-tmp/TransENet_base/datasets/UCMerced-dataset/test/LR_x4/freeway99.tif
[429/1050] /root/autodl-tmp/TransENet_base/datasets/UCMerced-dataset/test/LR_x4/freeway64.tif
[430/1050] /root/autodl-tmp/TransENet_base/datasets/UCMerced-dataset/test/LR_x4/golfcourse50.tif
[431/1050] /root/autodl-tmp/TransENet_base/datasets/UCMerced-dataset/test/LR_x4/freeway65.tif
[432/1050] /root/autodl-tmp/TransENet_base/datasets/UCMerced-dataset/test/LR_x4/golfcourse51.tif
[433/1050] /root/autodl-tmp/TransENet_base/datasets/UCMerced-dataset/test/LR_x4/freeway66.tif
[434/1050] /root/autodl-tmp/TransENet_base/datasets/UCMerced-dataset/test/LR_x4/golfcourse52.tif
[435/1050] /root/autodl-tmp/TransENet_base/datasets/UCMerced-dataset/test/LR_x4/freeway67.tif
[436/1050] /root/autodl-tmp/TransENet_base/datasets/UCMerced-dataset/test/LR_x4/golfcourse53.tif
[437/1050] /root/autodl-tmp/TransENet_base/datasets/UCMerced-dataset/test/LR_x4/freeway68.tif
[438/1050] /root/autodl-tmp/TransENet_base/datasets/UCMerced-dataset/test/LR_x4/golfcourse54.tif
[439/1050] /root/autodl-tmp/TransENet_base/datasets/UCMerced-dataset/test/LR_x4/freeway69.tif
[440/1050] /root/autodl-tmp/TransENet_base/datasets/UCMerced-dataset/test/LR_x4/golfcourse55.tif
[441/1050] /root/autodl-tmp/TransENet_base/datasets/UCMerced-dataset/test/LR_x4/freeway70.tif
[442/1050] /root/autodl-tmp/TransENet_base/datasets/UCMerced-dataset/test/LR_x4/golfcourse56.tif
[443/1050] /root/autodl-tmp/TransENet_base/datasets/UCMerced-dataset/test/LR_x4/freeway71.tif
[444/1050] /root/autodl-tmp/TransENet_base/datasets/UCMerced-dataset/test/LR_x4/golfcourse57.tif
[445/1050] /root/autodl-tmp/TransENet_base/datasets/UCMerced-dataset/test/LR_x4/freeway72.tif
[446/1050] /root/autodl-tmp/TransENet_base/datasets/UCMerced-dataset/test/LR_x4/golfcourse58.tif
[447/1050] /root/autodl-tmp/TransENet_base/datasets/UCMerced-dataset/test/LR_x4/freeway73.tif
[448/1050] /root/autodl-tmp/TransENet_base/datasets/UCMerced-dataset/test/LR_x4/golfcourse59.tif
[449/1050] /root/autodl-tmp/TransENet_base/datasets/UCMerced-dataset/test/LR_x4/freeway74.tif
[450/1050] /root/autodl-tmp/TransENet_base/datasets/UCMerced-dataset/test/LR_x4/golfcourse60.tif
[451/1050] /root/autodl-tmp/TransENet_base/datasets/UCMerced-dataset/test/LR_x4/freeway75.tif
[452/1050] /root/autodl-tmp/TransENet_base/datasets/UCMerced-dataset/test/LR_x4/golfcourse61.tif
[453/1050] /root/autodl-tmp/TransENet_base/datasets/UCMerced-dataset/test/LR_x4/freeway76.tif
[454/1050] /root/autodl-tmp/TransENet_base/datasets/UCMerced-dataset/test/LR_x4/golfcourse62.tif
[455/1050] /root/autodl-tmp/TransENet_base/datasets/UCMerced-dataset/test/LR_x4/freeway77.tif
[456/1050] /root/autodl-tmp/TransENet_base/datasets/UCMerced-dataset/test/LR_x4/golfcourse63.tif
[457/1050] /root/autodl-tmp/TransENet_base/datasets/UCMerced-dataset/test/LR_x4/freeway78.tif
[458/1050] /root/autodl-tmp/TransENet_base/datasets/UCMerced-dataset/test/LR_x4/golfcourse64.tif
[459/1050] /root/autodl-tmp/TransENet_base/datasets/UCMerced-dataset/test/LR_x4/freeway79.tif
[460/1050] /root/autodl-tmp/TransENet_base/datasets/UCMerced-dataset/test/LR_x4/golfcourse65.tif
[461/1050] /root/autodl-tmp/TransENet_base/datasets/UCMerced-dataset/test/LR_x4/freeway80.tif
[462/1050] /root/autodl-tmp/TransENet_base/datasets/UCMerced-dataset/test/LR_x4/golfcourse66.tif
[463/1050] /root/autodl-tmp/TransENet_base/datasets/UCMerced-dataset/test/LR_x4/freeway81.tif
[464/1050] /root/autodl-tmp/TransENet_base/datasets/UCMerced-dataset/test/LR_x4/golfcourse67.tif
[465/1050] /root/autodl-tmp/TransENet_base/datasets/UCMerced-dataset/test/LR_x4/freeway82.tif
[466/1050] /root/autodl-tmp/TransENet_base/datasets/UCMerced-dataset/test/LR_x4/golfcourse68.tif
[467/1050] /root/autodl-tmp/TransENet_base/datasets/UCMerced-dataset/test/LR_x4/freeway83.tif
[468/1050] /root/autodl-tmp/TransENet_base/datasets/UCMerced-dataset/test/LR_x4/golfcourse69.tif
[469/1050] /root/autodl-tmp/TransENet_base/datasets/UCMerced-dataset/test/LR_x4/freeway84.tif
[470/1050] /root/autodl-tmp/TransENet_base/datasets/UCMerced-dataset/test/LR_x4/golfcourse70.tif
[471/1050] /root/autodl-tmp/TransENet_base/datasets/UCMerced-dataset/test/LR_x4/freeway85.tif
[472/1050] /root/autodl-tmp/TransENet_base/datasets/UCMerced-dataset/test/LR_x4/mobilehomepark99.tif
[473/1050] /root/autodl-tmp/TransENet_base/datasets/UCMerced-dataset/test/LR_x4/river63.tif
[474/1050] /root/autodl-tmp/TransENet_base/datasets/UCMerced-dataset/test/LR_x4/golfcourse71.tif
[475/1050] /root/autodl-tmp/TransENet_base/datasets/UCMerced-dataset/test/LR_x4/golfcourse72.tif
[476/1050] /root/autodl-tmp/TransENet_base/datasets/UCMerced-dataset/test/LR_x4/golfcourse73.tif
[477/1050] /root/autodl-tmp/TransENet_base/datasets/UCMerced-dataset/test/LR_x4/golfcourse74.tif
[478/1050] /root/autodl-tmp/TransENet_base/datasets/UCMerced-dataset/test/LR_x4/golfcourse75.tif
[479/1050] /root/autodl-tmp/TransENet_base/datasets/UCMerced-dataset/test/LR_x4/golfcourse76.tif
[480/1050] /root/autodl-tmp/TransENet_base/datasets/UCMerced-dataset/test/LR_x4/golfcourse77.tif
[481/1050] /root/autodl-tmp/TransENet_base/datasets/UCMerced-dataset/test/LR_x4/golfcourse78.tif
[482/1050] /root/autodl-tmp/TransENet_base/datasets/UCMerced-dataset/test/LR_x4/golfcourse79.tif
[483/1050] /root/autodl-tmp/TransENet_base/datasets/UCMerced-dataset/test/LR_x4/golfcourse80.tif
[484/1050] /root/autodl-tmp/TransENet_base/datasets/UCMerced-dataset/test/LR_x4/golfcourse81.tif
[485/1050] /root/autodl-tmp/TransENet_base/datasets/UCMerced-dataset/test/LR_x4/golfcourse82.tif
[486/1050] /root/autodl-tmp/TransENet_base/datasets/UCMerced-dataset/test/LR_x4/golfcourse83.tif
[487/1050] /root/autodl-tmp/TransENet_base/datasets/UCMerced-dataset/test/LR_x4/golfcourse84.tif
[488/1050] /root/autodl-tmp/TransENet_base/datasets/UCMerced-dataset/test/LR_x4/golfcourse85.tif
[489/1050] /root/autodl-tmp/TransENet_base/datasets/UCMerced-dataset/test/LR_x4/golfcourse86.tif
[490/1050] /root/autodl-tmp/TransENet_base/datasets/UCMerced-dataset/test/LR_x4/golfcourse87.tif
[491/1050] /root/autodl-tmp/TransENet_base/datasets/UCMerced-dataset/test/LR_x4/golfcourse88.tif
[492/1050] /root/autodl-tmp/TransENet_base/datasets/UCMerced-dataset/test/LR_x4/golfcourse89.tif
[493/1050] /root/autodl-tmp/TransENet_base/datasets/UCMerced-dataset/test/LR_x4/golfcourse90.tif
[494/1050] /root/autodl-tmp/TransENet_base/datasets/UCMerced-dataset/test/LR_x4/golfcourse91.tif
[495/1050] /root/autodl-tmp/TransENet_base/datasets/UCMerced-dataset/test/LR_x4/golfcourse92.tif
[496/1050] /root/autodl-tmp/TransENet_base/datasets/UCMerced-dataset/test/LR_x4/golfcourse93.tif
[497/1050] /root/autodl-tmp/TransENet_base/datasets/UCMerced-dataset/test/LR_x4/golfcourse94.tif
[498/1050] /root/autodl-tmp/TransENet_base/datasets/UCMerced-dataset/test/LR_x4/golfcourse95.tif
[499/1050] /root/autodl-tmp/TransENet_base/datasets/UCMerced-dataset/test/LR_x4/golfcourse96.tif
[500/1050] /root/autodl-tmp/TransENet_base/datasets/UCMerced-dataset/test/LR_x4/golfcourse97.tif
[501/1050] /root/autodl-tmp/TransENet_base/datasets/UCMerced-dataset/test/LR_x4/golfcourse98.tif
[502/1050] /root/autodl-tmp/TransENet_base/datasets/UCMerced-dataset/test/LR_x4/golfcourse99.tif
[503/1050] /root/autodl-tmp/TransENet_base/datasets/UCMerced-dataset/test/LR_x4/intersection57.tif
[504/1050] /root/autodl-tmp/TransENet_base/datasets/UCMerced-dataset/test/LR_x4/harbor50.tif
[505/1050] /root/autodl-tmp/TransENet_base/datasets/UCMerced-dataset/test/LR_x4/intersection58.tif
[506/1050] /root/autodl-tmp/TransENet_base/datasets/UCMerced-dataset/test/LR_x4/harbor51.tif
[507/1050] /root/autodl-tmp/TransENet_base/datasets/UCMerced-dataset/test/LR_x4/intersection59.tif
[508/1050] /root/autodl-tmp/TransENet_base/datasets/UCMerced-dataset/test/LR_x4/harbor52.tif
[509/1050] /root/autodl-tmp/TransENet_base/datasets/UCMerced-dataset/test/LR_x4/intersection60.tif
[510/1050] /root/autodl-tmp/TransENet_base/datasets/UCMerced-dataset/test/LR_x4/harbor53.tif
[511/1050] /root/autodl-tmp/TransENet_base/datasets/UCMerced-dataset/test/LR_x4/intersection61.tif
[512/1050] /root/autodl-tmp/TransENet_base/datasets/UCMerced-dataset/test/LR_x4/harbor54.tif
[513/1050] /root/autodl-tmp/TransENet_base/datasets/UCMerced-dataset/test/LR_x4/intersection62.tif
[514/1050] /root/autodl-tmp/TransENet_base/datasets/UCMerced-dataset/test/LR_x4/harbor55.tif
[515/1050] /root/autodl-tmp/TransENet_base/datasets/UCMerced-dataset/test/LR_x4/intersection63.tif
[516/1050] /root/autodl-tmp/TransENet_base/datasets/UCMerced-dataset/test/LR_x4/harbor56.tif
[517/1050] /root/autodl-tmp/TransENet_base/datasets/UCMerced-dataset/test/LR_x4/intersection64.tif
[518/1050] /root/autodl-tmp/TransENet_base/datasets/UCMerced-dataset/test/LR_x4/harbor57.tif
[519/1050] /root/autodl-tmp/TransENet_base/datasets/UCMerced-dataset/test/LR_x4/intersection65.tif
[520/1050] /root/autodl-tmp/TransENet_base/datasets/UCMerced-dataset/test/LR_x4/harbor58.tif
[521/1050] /root/autodl-tmp/TransENet_base/datasets/UCMerced-dataset/test/LR_x4/intersection66.tif
[522/1050] /root/autodl-tmp/TransENet_base/datasets/UCMerced-dataset/test/LR_x4/harbor59.tif
[523/1050] /root/autodl-tmp/TransENet_base/datasets/UCMerced-dataset/test/LR_x4/intersection67.tif
[524/1050] /root/autodl-tmp/TransENet_base/datasets/UCMerced-dataset/test/LR_x4/harbor60.tif
[525/1050] /root/autodl-tmp/TransENet_base/datasets/UCMerced-dataset/test/LR_x4/intersection68.tif
[526/1050] /root/autodl-tmp/TransENet_base/datasets/UCMerced-dataset/test/LR_x4/harbor61.tif
[527/1050] /root/autodl-tmp/TransENet_base/datasets/UCMerced-dataset/test/LR_x4/intersection69.tif
[528/1050] /root/autodl-tmp/TransENet_base/datasets/UCMerced-dataset/test/LR_x4/harbor62.tif
[529/1050] /root/autodl-tmp/TransENet_base/datasets/UCMerced-dataset/test/LR_x4/intersection70.tif
[530/1050] /root/autodl-tmp/TransENet_base/datasets/UCMerced-dataset/test/LR_x4/harbor63.tif
[531/1050] /root/autodl-tmp/TransENet_base/datasets/UCMerced-dataset/test/LR_x4/intersection71.tif
[532/1050] /root/autodl-tmp/TransENet_base/datasets/UCMerced-dataset/test/LR_x4/harbor64.tif
[533/1050] /root/autodl-tmp/TransENet_base/datasets/UCMerced-dataset/test/LR_x4/intersection72.tif
[534/1050] /root/autodl-tmp/TransENet_base/datasets/UCMerced-dataset/test/LR_x4/harbor65.tif
[535/1050] /root/autodl-tmp/TransENet_base/datasets/UCMerced-dataset/test/LR_x4/intersection73.tif
[536/1050] /root/autodl-tmp/TransENet_base/datasets/UCMerced-dataset/test/LR_x4/harbor66.tif
[537/1050] /root/autodl-tmp/TransENet_base/datasets/UCMerced-dataset/test/LR_x4/intersection74.tif
[538/1050] /root/autodl-tmp/TransENet_base/datasets/UCMerced-dataset/test/LR_x4/harbor67.tif
[539/1050] /root/autodl-tmp/TransENet_base/datasets/UCMerced-dataset/test/LR_x4/intersection75.tif
[540/1050] /root/autodl-tmp/TransENet_base/datasets/UCMerced-dataset/test/LR_x4/harbor68.tif
[541/1050] /root/autodl-tmp/TransENet_base/datasets/UCMerced-dataset/test/LR_x4/intersection76.tif
[542/1050] /root/autodl-tmp/TransENet_base/datasets/UCMerced-dataset/test/LR_x4/harbor69.tif
[543/1050] /root/autodl-tmp/TransENet_base/datasets/UCMerced-dataset/test/LR_x4/intersection77.tif
[544/1050] /root/autodl-tmp/TransENet_base/datasets/UCMerced-dataset/test/LR_x4/harbor70.tif
[545/1050] /root/autodl-tmp/TransENet_base/datasets/UCMerced-dataset/test/LR_x4/intersection78.tif
[546/1050] /root/autodl-tmp/TransENet_base/datasets/UCMerced-dataset/test/LR_x4/harbor71.tif
[547/1050] /root/autodl-tmp/TransENet_base/datasets/UCMerced-dataset/test/LR_x4/intersection79.tif
[548/1050] /root/autodl-tmp/TransENet_base/datasets/UCMerced-dataset/test/LR_x4/harbor72.tif
[549/1050] /root/autodl-tmp/TransENet_base/datasets/UCMerced-dataset/test/LR_x4/intersection80.tif
[550/1050] /root/autodl-tmp/TransENet_base/datasets/UCMerced-dataset/test/LR_x4/harbor73.tif
[551/1050] /root/autodl-tmp/TransENet_base/datasets/UCMerced-dataset/test/LR_x4/intersection81.tif
[552/1050] /root/autodl-tmp/TransENet_base/datasets/UCMerced-dataset/test/LR_x4/harbor74.tif
[553/1050] /root/autodl-tmp/TransENet_base/datasets/UCMerced-dataset/test/LR_x4/intersection82.tif
[554/1050] /root/autodl-tmp/TransENet_base/datasets/UCMerced-dataset/test/LR_x4/harbor75.tif
[555/1050] /root/autodl-tmp/TransENet_base/datasets/UCMerced-dataset/test/LR_x4/intersection83.tif
[556/1050] /root/autodl-tmp/TransENet_base/datasets/UCMerced-dataset/test/LR_x4/harbor76.tif
[557/1050] /root/autodl-tmp/TransENet_base/datasets/UCMerced-dataset/test/LR_x4/intersection84.tif
[558/1050] /root/autodl-tmp/TransENet_base/datasets/UCMerced-dataset/test/LR_x4/harbor77.tif
[559/1050] /root/autodl-tmp/TransENet_base/datasets/UCMerced-dataset/test/LR_x4/intersection85.tif
[560/1050] /root/autodl-tmp/TransENet_base/datasets/UCMerced-dataset/test/LR_x4/harbor78.tif
[561/1050] /root/autodl-tmp/TransENet_base/datasets/UCMerced-dataset/test/LR_x4/intersection86.tif
[562/1050] /root/autodl-tmp/TransENet_base/datasets/UCMerced-dataset/test/LR_x4/harbor79.tif
[563/1050] /root/autodl-tmp/TransENet_base/datasets/UCMerced-dataset/test/LR_x4/intersection87.tif
[564/1050] /root/autodl-tmp/TransENet_base/datasets/UCMerced-dataset/test/LR_x4/harbor80.tif
[565/1050] /root/autodl-tmp/TransENet_base/datasets/UCMerced-dataset/test/LR_x4/intersection88.tif
[566/1050] /root/autodl-tmp/TransENet_base/datasets/UCMerced-dataset/test/LR_x4/harbor81.tif
[567/1050] /root/autodl-tmp/TransENet_base/datasets/UCMerced-dataset/test/LR_x4/intersection89.tif
[568/1050] /root/autodl-tmp/TransENet_base/datasets/UCMerced-dataset/test/LR_x4/harbor82.tif
[569/1050] /root/autodl-tmp/TransENet_base/datasets/UCMerced-dataset/test/LR_x4/intersection90.tif
[570/1050] /root/autodl-tmp/TransENet_base/datasets/UCMerced-dataset/test/LR_x4/harbor83.tif
[571/1050] /root/autodl-tmp/TransENet_base/datasets/UCMerced-dataset/test/LR_x4/intersection91.tif
[572/1050] /root/autodl-tmp/TransENet_base/datasets/UCMerced-dataset/test/LR_x4/harbor84.tif
[573/1050] /root/autodl-tmp/TransENet_base/datasets/UCMerced-dataset/test/LR_x4/intersection92.tif
[574/1050] /root/autodl-tmp/TransENet_base/datasets/UCMerced-dataset/test/LR_x4/harbor85.tif
[575/1050] /root/autodl-tmp/TransENet_base/datasets/UCMerced-dataset/test/LR_x4/intersection93.tif
[576/1050] /root/autodl-tmp/TransENet_base/datasets/UCMerced-dataset/test/LR_x4/harbor86.tif
[577/1050] /root/autodl-tmp/TransENet_base/datasets/UCMerced-dataset/test/LR_x4/intersection94.tif
[578/1050] /root/autodl-tmp/TransENet_base/datasets/UCMerced-dataset/test/LR_x4/harbor87.tif
[579/1050] /root/autodl-tmp/TransENet_base/datasets/UCMerced-dataset/test/LR_x4/intersection95.tif
[580/1050] /root/autodl-tmp/TransENet_base/datasets/UCMerced-dataset/test/LR_x4/harbor88.tif
[581/1050] /root/autodl-tmp/TransENet_base/datasets/UCMerced-dataset/test/LR_x4/intersection96.tif
[582/1050] /root/autodl-tmp/TransENet_base/datasets/UCMerced-dataset/test/LR_x4/harbor89.tif
[583/1050] /root/autodl-tmp/TransENet_base/datasets/UCMerced-dataset/test/LR_x4/intersection97.tif
[584/1050] /root/autodl-tmp/TransENet_base/datasets/UCMerced-dataset/test/LR_x4/harbor90.tif
[585/1050] /root/autodl-tmp/TransENet_base/datasets/UCMerced-dataset/test/LR_x4/intersection98.tif
[586/1050] /root/autodl-tmp/TransENet_base/datasets/UCMerced-dataset/test/LR_x4/harbor91.tif
[587/1050] /root/autodl-tmp/TransENet_base/datasets/UCMerced-dataset/test/LR_x4/intersection99.tif
[588/1050] /root/autodl-tmp/TransENet_base/datasets/UCMerced-dataset/test/LR_x4/harbor92.tif
[589/1050] /root/autodl-tmp/TransENet_base/datasets/UCMerced-dataset/test/LR_x4/mobilehomepark92.tif
[590/1050] /root/autodl-tmp/TransENet_base/datasets/UCMerced-dataset/test/LR_x4/harbor93.tif
[591/1050] /root/autodl-tmp/TransENet_base/datasets/UCMerced-dataset/test/LR_x4/mobilehomepark93.tif
[592/1050] /root/autodl-tmp/TransENet_base/datasets/UCMerced-dataset/test/LR_x4/harbor94.tif
[593/1050] /root/autodl-tmp/TransENet_base/datasets/UCMerced-dataset/test/LR_x4/mobilehomepark94.tif
[594/1050] /root/autodl-tmp/TransENet_base/datasets/UCMerced-dataset/test/LR_x4/harbor95.tif
[595/1050] /root/autodl-tmp/TransENet_base/datasets/UCMerced-dataset/test/LR_x4/mobilehomepark95.tif
[596/1050] /root/autodl-tmp/TransENet_base/datasets/UCMerced-dataset/test/LR_x4/harbor96.tif
[597/1050] /root/autodl-tmp/TransENet_base/datasets/UCMerced-dataset/test/LR_x4/mobilehomepark96.tif
[598/1050] /root/autodl-tmp/TransENet_base/datasets/UCMerced-dataset/test/LR_x4/harbor97.tif
[599/1050] /root/autodl-tmp/TransENet_base/datasets/UCMerced-dataset/test/LR_x4/mobilehomepark97.tif
[600/1050] /root/autodl-tmp/TransENet_base/datasets/UCMerced-dataset/test/LR_x4/harbor98.tif
[601/1050] /root/autodl-tmp/TransENet_base/datasets/UCMerced-dataset/test/LR_x4/mobilehomepark98.tif
[602/1050] /root/autodl-tmp/TransENet_base/datasets/UCMerced-dataset/test/LR_x4/harbor99.tif
[603/1050] /root/autodl-tmp/TransENet_base/datasets/UCMerced-dataset/test/LR_x4/intersection55.tif
[604/1050] /root/autodl-tmp/TransENet_base/datasets/UCMerced-dataset/test/LR_x4/intersection50.tif
[605/1050] /root/autodl-tmp/TransENet_base/datasets/UCMerced-dataset/test/LR_x4/intersection54.tif
[606/1050] /root/autodl-tmp/TransENet_base/datasets/UCMerced-dataset/test/LR_x4/intersection51.tif
[607/1050] /root/autodl-tmp/TransENet_base/datasets/UCMerced-dataset/test/LR_x4/intersection56.tif
[608/1050] /root/autodl-tmp/TransENet_base/datasets/UCMerced-dataset/test/LR_x4/intersection52.tif
[609/1050] /root/autodl-tmp/TransENet_base/datasets/UCMerced-dataset/test/LR_x4/mediumresidential50.tif
[610/1050] /root/autodl-tmp/TransENet_base/datasets/UCMerced-dataset/test/LR_x4/intersection53.tif
[611/1050] /root/autodl-tmp/TransENet_base/datasets/UCMerced-dataset/test/LR_x4/mediumresidential51.tif
[612/1050] /root/autodl-tmp/TransENet_base/datasets/UCMerced-dataset/test/LR_x4/mediumresidential98.tif
[613/1050] /root/autodl-tmp/TransENet_base/datasets/UCMerced-dataset/test/LR_x4/mediumresidential52.tif
[614/1050] /root/autodl-tmp/TransENet_base/datasets/UCMerced-dataset/test/LR_x4/mediumresidential97.tif
[615/1050] /root/autodl-tmp/TransENet_base/datasets/UCMerced-dataset/test/LR_x4/mediumresidential53.tif
[616/1050] /root/autodl-tmp/TransENet_base/datasets/UCMerced-dataset/test/LR_x4/mediumresidential99.tif
[617/1050] /root/autodl-tmp/TransENet_base/datasets/UCMerced-dataset/test/LR_x4/mediumresidential54.tif
[618/1050] /root/autodl-tmp/TransENet_base/datasets/UCMerced-dataset/test/LR_x4/mobilehomepark50.tif
[619/1050] /root/autodl-tmp/TransENet_base/datasets/UCMerced-dataset/test/LR_x4/mediumresidential55.tif
[620/1050] /root/autodl-tmp/TransENet_base/datasets/UCMerced-dataset/test/LR_x4/mobilehomepark51.tif
[621/1050] /root/autodl-tmp/TransENet_base/datasets/UCMerced-dataset/test/LR_x4/mediumresidential56.tif
[622/1050] /root/autodl-tmp/TransENet_base/datasets/UCMerced-dataset/test/LR_x4/mobilehomepark52.tif
[623/1050] /root/autodl-tmp/TransENet_base/datasets/UCMerced-dataset/test/LR_x4/mediumresidential57.tif
[624/1050] /root/autodl-tmp/TransENet_base/datasets/UCMerced-dataset/test/LR_x4/mobilehomepark53.tif
[625/1050] /root/autodl-tmp/TransENet_base/datasets/UCMerced-dataset/test/LR_x4/mediumresidential58.tif
[626/1050] /root/autodl-tmp/TransENet_base/datasets/UCMerced-dataset/test/LR_x4/mobilehomepark54.tif
[627/1050] /root/autodl-tmp/TransENet_base/datasets/UCMerced-dataset/test/LR_x4/mediumresidential59.tif
[628/1050] /root/autodl-tmp/TransENet_base/datasets/UCMerced-dataset/test/LR_x4/mobilehomepark55.tif
[629/1050] /root/autodl-tmp/TransENet_base/datasets/UCMerced-dataset/test/LR_x4/mediumresidential60.tif
[630/1050] /root/autodl-tmp/TransENet_base/datasets/UCMerced-dataset/test/LR_x4/mobilehomepark56.tif
[631/1050] /root/autodl-tmp/TransENet_base/datasets/UCMerced-dataset/test/LR_x4/mediumresidential61.tif
[632/1050] /root/autodl-tmp/TransENet_base/datasets/UCMerced-dataset/test/LR_x4/mobilehomepark57.tif
[633/1050] /root/autodl-tmp/TransENet_base/datasets/UCMerced-dataset/test/LR_x4/mediumresidential62.tif
[634/1050] /root/autodl-tmp/TransENet_base/datasets/UCMerced-dataset/test/LR_x4/mobilehomepark58.tif
[635/1050] /root/autodl-tmp/TransENet_base/datasets/UCMerced-dataset/test/LR_x4/mediumresidential63.tif
[636/1050] /root/autodl-tmp/TransENet_base/datasets/UCMerced-dataset/test/LR_x4/mobilehomepark59.tif
[637/1050] /root/autodl-tmp/TransENet_base/datasets/UCMerced-dataset/test/LR_x4/mediumresidential64.tif
[638/1050] /root/autodl-tmp/TransENet_base/datasets/UCMerced-dataset/test/LR_x4/mobilehomepark60.tif
[639/1050] /root/autodl-tmp/TransENet_base/datasets/UCMerced-dataset/test/LR_x4/mediumresidential65.tif
[640/1050] /root/autodl-tmp/TransENet_base/datasets/UCMerced-dataset/test/LR_x4/mobilehomepark61.tif
[641/1050] /root/autodl-tmp/TransENet_base/datasets/UCMerced-dataset/test/LR_x4/mediumresidential66.tif
[642/1050] /root/autodl-tmp/TransENet_base/datasets/UCMerced-dataset/test/LR_x4/mobilehomepark62.tif
[643/1050] /root/autodl-tmp/TransENet_base/datasets/UCMerced-dataset/test/LR_x4/mediumresidential67.tif
[644/1050] /root/autodl-tmp/TransENet_base/datasets/UCMerced-dataset/test/LR_x4/mobilehomepark63.tif
[645/1050] /root/autodl-tmp/TransENet_base/datasets/UCMerced-dataset/test/LR_x4/mediumresidential68.tif
[646/1050] /root/autodl-tmp/TransENet_base/datasets/UCMerced-dataset/test/LR_x4/mobilehomepark64.tif
[647/1050] /root/autodl-tmp/TransENet_base/datasets/UCMerced-dataset/test/LR_x4/mediumresidential69.tif
[648/1050] /root/autodl-tmp/TransENet_base/datasets/UCMerced-dataset/test/LR_x4/mobilehomepark65.tif
[649/1050] /root/autodl-tmp/TransENet_base/datasets/UCMerced-dataset/test/LR_x4/mediumresidential70.tif
[650/1050] /root/autodl-tmp/TransENet_base/datasets/UCMerced-dataset/test/LR_x4/mobilehomepark66.tif
[651/1050] /root/autodl-tmp/TransENet_base/datasets/UCMerced-dataset/test/LR_x4/mediumresidential71.tif
[652/1050] /root/autodl-tmp/TransENet_base/datasets/UCMerced-dataset/test/LR_x4/mobilehomepark67.tif
[653/1050] /root/autodl-tmp/TransENet_base/datasets/UCMerced-dataset/test/LR_x4/mediumresidential72.tif
[654/1050] /root/autodl-tmp/TransENet_base/datasets/UCMerced-dataset/test/LR_x4/mobilehomepark68.tif
[655/1050] /root/autodl-tmp/TransENet_base/datasets/UCMerced-dataset/test/LR_x4/mediumresidential73.tif
[656/1050] /root/autodl-tmp/TransENet_base/datasets/UCMerced-dataset/test/LR_x4/mobilehomepark69.tif
[657/1050] /root/autodl-tmp/TransENet_base/datasets/UCMerced-dataset/test/LR_x4/mediumresidential74.tif
[658/1050] /root/autodl-tmp/TransENet_base/datasets/UCMerced-dataset/test/LR_x4/mobilehomepark70.tif
[659/1050] /root/autodl-tmp/TransENet_base/datasets/UCMerced-dataset/test/LR_x4/mediumresidential75.tif
[660/1050] /root/autodl-tmp/TransENet_base/datasets/UCMerced-dataset/test/LR_x4/mobilehomepark71.tif
[661/1050] /root/autodl-tmp/TransENet_base/datasets/UCMerced-dataset/test/LR_x4/mediumresidential76.tif
[662/1050] /root/autodl-tmp/TransENet_base/datasets/UCMerced-dataset/test/LR_x4/mobilehomepark72.tif
[663/1050] /root/autodl-tmp/TransENet_base/datasets/UCMerced-dataset/test/LR_x4/mediumresidential77.tif
[664/1050] /root/autodl-tmp/TransENet_base/datasets/UCMerced-dataset/test/LR_x4/mobilehomepark73.tif
[665/1050] /root/autodl-tmp/TransENet_base/datasets/UCMerced-dataset/test/LR_x4/mediumresidential78.tif
[666/1050] /root/autodl-tmp/TransENet_base/datasets/UCMerced-dataset/test/LR_x4/mobilehomepark74.tif
[667/1050] /root/autodl-tmp/TransENet_base/datasets/UCMerced-dataset/test/LR_x4/mediumresidential79.tif
[668/1050] /root/autodl-tmp/TransENet_base/datasets/UCMerced-dataset/test/LR_x4/mobilehomepark75.tif
[669/1050] /root/autodl-tmp/TransENet_base/datasets/UCMerced-dataset/test/LR_x4/mediumresidential80.tif
[670/1050] /root/autodl-tmp/TransENet_base/datasets/UCMerced-dataset/test/LR_x4/mobilehomepark76.tif
[671/1050] /root/autodl-tmp/TransENet_base/datasets/UCMerced-dataset/test/LR_x4/mediumresidential81.tif
[672/1050] /root/autodl-tmp/TransENet_base/datasets/UCMerced-dataset/test/LR_x4/mobilehomepark77.tif
[673/1050] /root/autodl-tmp/TransENet_base/datasets/UCMerced-dataset/test/LR_x4/mediumresidential82.tif
[674/1050] /root/autodl-tmp/TransENet_base/datasets/UCMerced-dataset/test/LR_x4/mobilehomepark78.tif
[675/1050] /root/autodl-tmp/TransENet_base/datasets/UCMerced-dataset/test/LR_x4/mediumresidential83.tif
[676/1050] /root/autodl-tmp/TransENet_base/datasets/UCMerced-dataset/test/LR_x4/mobilehomepark79.tif
[677/1050] /root/autodl-tmp/TransENet_base/datasets/UCMerced-dataset/test/LR_x4/mediumresidential84.tif
[678/1050] /root/autodl-tmp/TransENet_base/datasets/UCMerced-dataset/test/LR_x4/mobilehomepark80.tif
[679/1050] /root/autodl-tmp/TransENet_base/datasets/UCMerced-dataset/test/LR_x4/mediumresidential85.tif
[680/1050] /root/autodl-tmp/TransENet_base/datasets/UCMerced-dataset/test/LR_x4/mobilehomepark81.tif
[681/1050] /root/autodl-tmp/TransENet_base/datasets/UCMerced-dataset/test/LR_x4/mediumresidential86.tif
[682/1050] /root/autodl-tmp/TransENet_base/datasets/UCMerced-dataset/test/LR_x4/mobilehomepark82.tif
[683/1050] /root/autodl-tmp/TransENet_base/datasets/UCMerced-dataset/test/LR_x4/mediumresidential87.tif
[684/1050] /root/autodl-tmp/TransENet_base/datasets/UCMerced-dataset/test/LR_x4/mobilehomepark83.tif
[685/1050] /root/autodl-tmp/TransENet_base/datasets/UCMerced-dataset/test/LR_x4/mediumresidential88.tif
[686/1050] /root/autodl-tmp/TransENet_base/datasets/UCMerced-dataset/test/LR_x4/mobilehomepark84.tif
[687/1050] /root/autodl-tmp/TransENet_base/datasets/UCMerced-dataset/test/LR_x4/mediumresidential89.tif
[688/1050] /root/autodl-tmp/TransENet_base/datasets/UCMerced-dataset/test/LR_x4/mobilehomepark85.tif
[689/1050] /root/autodl-tmp/TransENet_base/datasets/UCMerced-dataset/test/LR_x4/mediumresidential90.tif
[690/1050] /root/autodl-tmp/TransENet_base/datasets/UCMerced-dataset/test/LR_x4/mobilehomepark86.tif
[691/1050] /root/autodl-tmp/TransENet_base/datasets/UCMerced-dataset/test/LR_x4/mediumresidential91.tif
[692/1050] /root/autodl-tmp/TransENet_base/datasets/UCMerced-dataset/test/LR_x4/mobilehomepark87.tif
[693/1050] /root/autodl-tmp/TransENet_base/datasets/UCMerced-dataset/test/LR_x4/mediumresidential92.tif
[694/1050] /root/autodl-tmp/TransENet_base/datasets/UCMerced-dataset/test/LR_x4/mobilehomepark88.tif
[695/1050] /root/autodl-tmp/TransENet_base/datasets/UCMerced-dataset/test/LR_x4/mediumresidential93.tif
[696/1050] /root/autodl-tmp/TransENet_base/datasets/UCMerced-dataset/test/LR_x4/river61.tif
[697/1050] /root/autodl-tmp/TransENet_base/datasets/UCMerced-dataset/test/LR_x4/river62.tif
[698/1050] /root/autodl-tmp/TransENet_base/datasets/UCMerced-dataset/test/LR_x4/mediumresidential94.tif
[699/1050] /root/autodl-tmp/TransENet_base/datasets/UCMerced-dataset/test/LR_x4/mobilehomepark89.tif
[700/1050] /root/autodl-tmp/TransENet_base/datasets/UCMerced-dataset/test/LR_x4/mediumresidential95.tif
[701/1050] /root/autodl-tmp/TransENet_base/datasets/UCMerced-dataset/test/LR_x4/mobilehomepark90.tif
[702/1050] /root/autodl-tmp/TransENet_base/datasets/UCMerced-dataset/test/LR_x4/mediumresidential96.tif
[703/1050] /root/autodl-tmp/TransENet_base/datasets/UCMerced-dataset/test/LR_x4/mobilehomepark91.tif
[704/1050] /root/autodl-tmp/TransENet_base/datasets/UCMerced-dataset/test/LR_x4/overpass50.tif
[705/1050] /root/autodl-tmp/TransENet_base/datasets/UCMerced-dataset/test/LR_x4/parkinglot57.tif
[706/1050] /root/autodl-tmp/TransENet_base/datasets/UCMerced-dataset/test/LR_x4/overpass51.tif
[707/1050] /root/autodl-tmp/TransENet_base/datasets/UCMerced-dataset/test/LR_x4/parkinglot56.tif
[708/1050] /root/autodl-tmp/TransENet_base/datasets/UCMerced-dataset/test/LR_x4/overpass52.tif
[709/1050] /root/autodl-tmp/TransENet_base/datasets/UCMerced-dataset/test/LR_x4/parkinglot58.tif
[710/1050] /root/autodl-tmp/TransENet_base/datasets/UCMerced-dataset/test/LR_x4/overpass53.tif
[711/1050] /root/autodl-tmp/TransENet_base/datasets/UCMerced-dataset/test/LR_x4/parkinglot59.tif
[712/1050] /root/autodl-tmp/TransENet_base/datasets/UCMerced-dataset/test/LR_x4/overpass54.tif
[713/1050] /root/autodl-tmp/TransENet_base/datasets/UCMerced-dataset/test/LR_x4/parkinglot60.tif
[714/1050] /root/autodl-tmp/TransENet_base/datasets/UCMerced-dataset/test/LR_x4/overpass55.tif
[715/1050] /root/autodl-tmp/TransENet_base/datasets/UCMerced-dataset/test/LR_x4/parkinglot61.tif
[716/1050] /root/autodl-tmp/TransENet_base/datasets/UCMerced-dataset/test/LR_x4/overpass56.tif
[717/1050] /root/autodl-tmp/TransENet_base/datasets/UCMerced-dataset/test/LR_x4/parkinglot62.tif
[718/1050] /root/autodl-tmp/TransENet_base/datasets/UCMerced-dataset/test/LR_x4/overpass57.tif
[719/1050] /root/autodl-tmp/TransENet_base/datasets/UCMerced-dataset/test/LR_x4/parkinglot63.tif
[720/1050] /root/autodl-tmp/TransENet_base/datasets/UCMerced-dataset/test/LR_x4/overpass58.tif
[721/1050] /root/autodl-tmp/TransENet_base/datasets/UCMerced-dataset/test/LR_x4/parkinglot64.tif
[722/1050] /root/autodl-tmp/TransENet_base/datasets/UCMerced-dataset/test/LR_x4/overpass59.tif
[723/1050] /root/autodl-tmp/TransENet_base/datasets/UCMerced-dataset/test/LR_x4/parkinglot65.tif
[724/1050] /root/autodl-tmp/TransENet_base/datasets/UCMerced-dataset/test/LR_x4/overpass60.tif
[725/1050] /root/autodl-tmp/TransENet_base/datasets/UCMerced-dataset/test/LR_x4/parkinglot66.tif
[726/1050] /root/autodl-tmp/TransENet_base/datasets/UCMerced-dataset/test/LR_x4/overpass61.tif
[727/1050] /root/autodl-tmp/TransENet_base/datasets/UCMerced-dataset/test/LR_x4/parkinglot67.tif
[728/1050] /root/autodl-tmp/TransENet_base/datasets/UCMerced-dataset/test/LR_x4/overpass62.tif
[729/1050] /root/autodl-tmp/TransENet_base/datasets/UCMerced-dataset/test/LR_x4/parkinglot68.tif
[730/1050] /root/autodl-tmp/TransENet_base/datasets/UCMerced-dataset/test/LR_x4/overpass63.tif
[731/1050] /root/autodl-tmp/TransENet_base/datasets/UCMerced-dataset/test/LR_x4/parkinglot69.tif
[732/1050] /root/autodl-tmp/TransENet_base/datasets/UCMerced-dataset/test/LR_x4/overpass64.tif
[733/1050] /root/autodl-tmp/TransENet_base/datasets/UCMerced-dataset/test/LR_x4/parkinglot70.tif
[734/1050] /root/autodl-tmp/TransENet_base/datasets/UCMerced-dataset/test/LR_x4/overpass65.tif
[735/1050] /root/autodl-tmp/TransENet_base/datasets/UCMerced-dataset/test/LR_x4/parkinglot71.tif
[736/1050] /root/autodl-tmp/TransENet_base/datasets/UCMerced-dataset/test/LR_x4/overpass66.tif
[737/1050] /root/autodl-tmp/TransENet_base/datasets/UCMerced-dataset/test/LR_x4/parkinglot72.tif
[738/1050] /root/autodl-tmp/TransENet_base/datasets/UCMerced-dataset/test/LR_x4/overpass67.tif
[739/1050] /root/autodl-tmp/TransENet_base/datasets/UCMerced-dataset/test/LR_x4/parkinglot73.tif
[740/1050] /root/autodl-tmp/TransENet_base/datasets/UCMerced-dataset/test/LR_x4/overpass68.tif
[741/1050] /root/autodl-tmp/TransENet_base/datasets/UCMerced-dataset/test/LR_x4/parkinglot74.tif
[742/1050] /root/autodl-tmp/TransENet_base/datasets/UCMerced-dataset/test/LR_x4/overpass69.tif
[743/1050] /root/autodl-tmp/TransENet_base/datasets/UCMerced-dataset/test/LR_x4/parkinglot75.tif
[744/1050] /root/autodl-tmp/TransENet_base/datasets/UCMerced-dataset/test/LR_x4/overpass70.tif
[745/1050] /root/autodl-tmp/TransENet_base/datasets/UCMerced-dataset/test/LR_x4/parkinglot76.tif
[746/1050] /root/autodl-tmp/TransENet_base/datasets/UCMerced-dataset/test/LR_x4/overpass71.tif
[747/1050] /root/autodl-tmp/TransENet_base/datasets/UCMerced-dataset/test/LR_x4/parkinglot77.tif
[748/1050] /root/autodl-tmp/TransENet_base/datasets/UCMerced-dataset/test/LR_x4/overpass72.tif
[749/1050] /root/autodl-tmp/TransENet_base/datasets/UCMerced-dataset/test/LR_x4/parkinglot78.tif
[750/1050] /root/autodl-tmp/TransENet_base/datasets/UCMerced-dataset/test/LR_x4/overpass73.tif
[751/1050] /root/autodl-tmp/TransENet_base/datasets/UCMerced-dataset/test/LR_x4/parkinglot79.tif
[752/1050] /root/autodl-tmp/TransENet_base/datasets/UCMerced-dataset/test/LR_x4/overpass74.tif
[753/1050] /root/autodl-tmp/TransENet_base/datasets/UCMerced-dataset/test/LR_x4/parkinglot80.tif
[754/1050] /root/autodl-tmp/TransENet_base/datasets/UCMerced-dataset/test/LR_x4/overpass75.tif
[755/1050] /root/autodl-tmp/TransENet_base/datasets/UCMerced-dataset/test/LR_x4/parkinglot81.tif
[756/1050] /root/autodl-tmp/TransENet_base/datasets/UCMerced-dataset/test/LR_x4/overpass76.tif
[757/1050] /root/autodl-tmp/TransENet_base/datasets/UCMerced-dataset/test/LR_x4/parkinglot82.tif
[758/1050] /root/autodl-tmp/TransENet_base/datasets/UCMerced-dataset/test/LR_x4/overpass77.tif
[759/1050] /root/autodl-tmp/TransENet_base/datasets/UCMerced-dataset/test/LR_x4/parkinglot83.tif
[760/1050] /root/autodl-tmp/TransENet_base/datasets/UCMerced-dataset/test/LR_x4/overpass78.tif
[761/1050] /root/autodl-tmp/TransENet_base/datasets/UCMerced-dataset/test/LR_x4/parkinglot84.tif
[762/1050] /root/autodl-tmp/TransENet_base/datasets/UCMerced-dataset/test/LR_x4/overpass79.tif
[763/1050] /root/autodl-tmp/TransENet_base/datasets/UCMerced-dataset/test/LR_x4/parkinglot85.tif
[764/1050] /root/autodl-tmp/TransENet_base/datasets/UCMerced-dataset/test/LR_x4/overpass80.tif
[765/1050] /root/autodl-tmp/TransENet_base/datasets/UCMerced-dataset/test/LR_x4/parkinglot86.tif
[766/1050] /root/autodl-tmp/TransENet_base/datasets/UCMerced-dataset/test/LR_x4/overpass81.tif
[767/1050] /root/autodl-tmp/TransENet_base/datasets/UCMerced-dataset/test/LR_x4/parkinglot87.tif
[768/1050] /root/autodl-tmp/TransENet_base/datasets/UCMerced-dataset/test/LR_x4/overpass82.tif
[769/1050] /root/autodl-tmp/TransENet_base/datasets/UCMerced-dataset/test/LR_x4/parkinglot88.tif
[770/1050] /root/autodl-tmp/TransENet_base/datasets/UCMerced-dataset/test/LR_x4/overpass83.tif
[771/1050] /root/autodl-tmp/TransENet_base/datasets/UCMerced-dataset/test/LR_x4/parkinglot89.tif
[772/1050] /root/autodl-tmp/TransENet_base/datasets/UCMerced-dataset/test/LR_x4/overpass84.tif
[773/1050] /root/autodl-tmp/TransENet_base/datasets/UCMerced-dataset/test/LR_x4/parkinglot90.tif
[774/1050] /root/autodl-tmp/TransENet_base/datasets/UCMerced-dataset/test/LR_x4/overpass85.tif
[775/1050] /root/autodl-tmp/TransENet_base/datasets/UCMerced-dataset/test/LR_x4/parkinglot91.tif
[776/1050] /root/autodl-tmp/TransENet_base/datasets/UCMerced-dataset/test/LR_x4/overpass86.tif
[777/1050] /root/autodl-tmp/TransENet_base/datasets/UCMerced-dataset/test/LR_x4/parkinglot92.tif
[778/1050] /root/autodl-tmp/TransENet_base/datasets/UCMerced-dataset/test/LR_x4/overpass87.tif
[779/1050] /root/autodl-tmp/TransENet_base/datasets/UCMerced-dataset/test/LR_x4/parkinglot93.tif
[780/1050] /root/autodl-tmp/TransENet_base/datasets/UCMerced-dataset/test/LR_x4/overpass88.tif
[781/1050] /root/autodl-tmp/TransENet_base/datasets/UCMerced-dataset/test/LR_x4/parkinglot94.tif
[782/1050] /root/autodl-tmp/TransENet_base/datasets/UCMerced-dataset/test/LR_x4/overpass89.tif
[783/1050] /root/autodl-tmp/TransENet_base/datasets/UCMerced-dataset/test/LR_x4/parkinglot95.tif
[784/1050] /root/autodl-tmp/TransENet_base/datasets/UCMerced-dataset/test/LR_x4/overpass90.tif
[785/1050] /root/autodl-tmp/TransENet_base/datasets/UCMerced-dataset/test/LR_x4/parkinglot96.tif
[786/1050] /root/autodl-tmp/TransENet_base/datasets/UCMerced-dataset/test/LR_x4/overpass91.tif
[787/1050] /root/autodl-tmp/TransENet_base/datasets/UCMerced-dataset/test/LR_x4/parkinglot97.tif
[788/1050] /root/autodl-tmp/TransENet_base/datasets/UCMerced-dataset/test/LR_x4/overpass92.tif
[789/1050] /root/autodl-tmp/TransENet_base/datasets/UCMerced-dataset/test/LR_x4/parkinglot98.tif
[790/1050] /root/autodl-tmp/TransENet_base/datasets/UCMerced-dataset/test/LR_x4/overpass93.tif
[791/1050] /root/autodl-tmp/TransENet_base/datasets/UCMerced-dataset/test/LR_x4/parkinglot99.tif
[792/1050] /root/autodl-tmp/TransENet_base/datasets/UCMerced-dataset/test/LR_x4/overpass94.tif
[793/1050] /root/autodl-tmp/TransENet_base/datasets/UCMerced-dataset/test/LR_x4/river50.tif
[794/1050] /root/autodl-tmp/TransENet_base/datasets/UCMerced-dataset/test/LR_x4/overpass95.tif
[795/1050] /root/autodl-tmp/TransENet_base/datasets/UCMerced-dataset/test/LR_x4/river51.tif
[796/1050] /root/autodl-tmp/TransENet_base/datasets/UCMerced-dataset/test/LR_x4/overpass96.tif
[797/1050] /root/autodl-tmp/TransENet_base/datasets/UCMerced-dataset/test/LR_x4/river52.tif
[798/1050] /root/autodl-tmp/TransENet_base/datasets/UCMerced-dataset/test/LR_x4/overpass97.tif
[799/1050] /root/autodl-tmp/TransENet_base/datasets/UCMerced-dataset/test/LR_x4/river53.tif
[800/1050] /root/autodl-tmp/TransENet_base/datasets/UCMerced-dataset/test/LR_x4/overpass98.tif
[801/1050] /root/autodl-tmp/TransENet_base/datasets/UCMerced-dataset/test/LR_x4/river54.tif
[802/1050] /root/autodl-tmp/TransENet_base/datasets/UCMerced-dataset/test/LR_x4/overpass99.tif
[803/1050] /root/autodl-tmp/TransENet_base/datasets/UCMerced-dataset/test/LR_x4/river55.tif
[804/1050] /root/autodl-tmp/TransENet_base/datasets/UCMerced-dataset/test/LR_x4/parkinglot50.tif
[805/1050] /root/autodl-tmp/TransENet_base/datasets/UCMerced-dataset/test/LR_x4/river56.tif
[806/1050] /root/autodl-tmp/TransENet_base/datasets/UCMerced-dataset/test/LR_x4/parkinglot51.tif
[807/1050] /root/autodl-tmp/TransENet_base/datasets/UCMerced-dataset/test/LR_x4/river57.tif
[808/1050] /root/autodl-tmp/TransENet_base/datasets/UCMerced-dataset/test/LR_x4/parkinglot52.tif
[809/1050] /root/autodl-tmp/TransENet_base/datasets/UCMerced-dataset/test/LR_x4/river58.tif
[810/1050] /root/autodl-tmp/TransENet_base/datasets/UCMerced-dataset/test/LR_x4/parkinglot53.tif
[811/1050] /root/autodl-tmp/TransENet_base/datasets/UCMerced-dataset/test/LR_x4/tenniscourt99.tif
[812/1050] /root/autodl-tmp/TransENet_base/datasets/UCMerced-dataset/test/LR_x4/parkinglot54.tif
[813/1050] /root/autodl-tmp/TransENet_base/datasets/UCMerced-dataset/test/LR_x4/river59.tif
[814/1050] /root/autodl-tmp/TransENet_base/datasets/UCMerced-dataset/test/LR_x4/parkinglot55.tif
[815/1050] /root/autodl-tmp/TransENet_base/datasets/UCMerced-dataset/test/LR_x4/river60.tif
[816/1050] /root/autodl-tmp/TransENet_base/datasets/UCMerced-dataset/test/LR_x4/river64.tif
[817/1050] /root/autodl-tmp/TransENet_base/datasets/UCMerced-dataset/test/LR_x4/runway87.tif
[818/1050] /root/autodl-tmp/TransENet_base/datasets/UCMerced-dataset/test/LR_x4/river65.tif
[819/1050] /root/autodl-tmp/TransENet_base/datasets/UCMerced-dataset/test/LR_x4/runway86.tif
[820/1050] /root/autodl-tmp/TransENet_base/datasets/UCMerced-dataset/test/LR_x4/river66.tif
[821/1050] /root/autodl-tmp/TransENet_base/datasets/UCMerced-dataset/test/LR_x4/runway88.tif
[822/1050] /root/autodl-tmp/TransENet_base/datasets/UCMerced-dataset/test/LR_x4/river67.tif
[823/1050] /root/autodl-tmp/TransENet_base/datasets/UCMerced-dataset/test/LR_x4/runway89.tif
[824/1050] /root/autodl-tmp/TransENet_base/datasets/UCMerced-dataset/test/LR_x4/river68.tif
[825/1050] /root/autodl-tmp/TransENet_base/datasets/UCMerced-dataset/test/LR_x4/runway90.tif
[826/1050] /root/autodl-tmp/TransENet_base/datasets/UCMerced-dataset/test/LR_x4/river69.tif
[827/1050] /root/autodl-tmp/TransENet_base/datasets/UCMerced-dataset/test/LR_x4/runway91.tif
[828/1050] /root/autodl-tmp/TransENet_base/datasets/UCMerced-dataset/test/LR_x4/river70.tif
[829/1050] /root/autodl-tmp/TransENet_base/datasets/UCMerced-dataset/test/LR_x4/runway92.tif
[830/1050] /root/autodl-tmp/TransENet_base/datasets/UCMerced-dataset/test/LR_x4/river71.tif
[831/1050] /root/autodl-tmp/TransENet_base/datasets/UCMerced-dataset/test/LR_x4/runway93.tif
[832/1050] /root/autodl-tmp/TransENet_base/datasets/UCMerced-dataset/test/LR_x4/river72.tif
[833/1050] /root/autodl-tmp/TransENet_base/datasets/UCMerced-dataset/test/LR_x4/runway94.tif
[834/1050] /root/autodl-tmp/TransENet_base/datasets/UCMerced-dataset/test/LR_x4/river73.tif
[835/1050] /root/autodl-tmp/TransENet_base/datasets/UCMerced-dataset/test/LR_x4/runway95.tif
[836/1050] /root/autodl-tmp/TransENet_base/datasets/UCMerced-dataset/test/LR_x4/river74.tif
[837/1050] /root/autodl-tmp/TransENet_base/datasets/UCMerced-dataset/test/LR_x4/runway96.tif
[838/1050] /root/autodl-tmp/TransENet_base/datasets/UCMerced-dataset/test/LR_x4/river75.tif
[839/1050] /root/autodl-tmp/TransENet_base/datasets/UCMerced-dataset/test/LR_x4/runway97.tif
[840/1050] /root/autodl-tmp/TransENet_base/datasets/UCMerced-dataset/test/LR_x4/river76.tif
[841/1050] /root/autodl-tmp/TransENet_base/datasets/UCMerced-dataset/test/LR_x4/runway98.tif
[842/1050] /root/autodl-tmp/TransENet_base/datasets/UCMerced-dataset/test/LR_x4/river77.tif
[843/1050] /root/autodl-tmp/TransENet_base/datasets/UCMerced-dataset/test/LR_x4/runway99.tif
[844/1050] /root/autodl-tmp/TransENet_base/datasets/UCMerced-dataset/test/LR_x4/river78.tif
[845/1050] /root/autodl-tmp/TransENet_base/datasets/UCMerced-dataset/test/LR_x4/storagetanks92.tif
[846/1050] /root/autodl-tmp/TransENet_base/datasets/UCMerced-dataset/test/LR_x4/river79.tif
[847/1050] /root/autodl-tmp/TransENet_base/datasets/UCMerced-dataset/test/LR_x4/storagetanks91.tif
[848/1050] /root/autodl-tmp/TransENet_base/datasets/UCMerced-dataset/test/LR_x4/river80.tif
[849/1050] /root/autodl-tmp/TransENet_base/datasets/UCMerced-dataset/test/LR_x4/storagetanks93.tif
[850/1050] /root/autodl-tmp/TransENet_base/datasets/UCMerced-dataset/test/LR_x4/river81.tif
[851/1050] /root/autodl-tmp/TransENet_base/datasets/UCMerced-dataset/test/LR_x4/storagetanks94.tif
[852/1050] /root/autodl-tmp/TransENet_base/datasets/UCMerced-dataset/test/LR_x4/river82.tif
[853/1050] /root/autodl-tmp/TransENet_base/datasets/UCMerced-dataset/test/LR_x4/storagetanks95.tif
[854/1050] /root/autodl-tmp/TransENet_base/datasets/UCMerced-dataset/test/LR_x4/river83.tif
[855/1050] /root/autodl-tmp/TransENet_base/datasets/UCMerced-dataset/test/LR_x4/storagetanks96.tif
[856/1050] /root/autodl-tmp/TransENet_base/datasets/UCMerced-dataset/test/LR_x4/river84.tif
[857/1050] /root/autodl-tmp/TransENet_base/datasets/UCMerced-dataset/test/LR_x4/storagetanks97.tif
[858/1050] /root/autodl-tmp/TransENet_base/datasets/UCMerced-dataset/test/LR_x4/river85.tif
[859/1050] /root/autodl-tmp/TransENet_base/datasets/UCMerced-dataset/test/LR_x4/storagetanks98.tif
[860/1050] /root/autodl-tmp/TransENet_base/datasets/UCMerced-dataset/test/LR_x4/river86.tif
[861/1050] /root/autodl-tmp/TransENet_base/datasets/UCMerced-dataset/test/LR_x4/storagetanks99.tif
[862/1050] /root/autodl-tmp/TransENet_base/datasets/UCMerced-dataset/test/LR_x4/river87.tif
[863/1050] /root/autodl-tmp/TransENet_base/datasets/UCMerced-dataset/test/LR_x4/tenniscourt50.tif
[864/1050] /root/autodl-tmp/TransENet_base/datasets/UCMerced-dataset/test/LR_x4/river88.tif
[865/1050] /root/autodl-tmp/TransENet_base/datasets/UCMerced-dataset/test/LR_x4/tenniscourt51.tif
[866/1050] /root/autodl-tmp/TransENet_base/datasets/UCMerced-dataset/test/LR_x4/river89.tif
[867/1050] /root/autodl-tmp/TransENet_base/datasets/UCMerced-dataset/test/LR_x4/tenniscourt52.tif
[868/1050] /root/autodl-tmp/TransENet_base/datasets/UCMerced-dataset/test/LR_x4/river90.tif
[869/1050] /root/autodl-tmp/TransENet_base/datasets/UCMerced-dataset/test/LR_x4/tenniscourt53.tif
[870/1050] /root/autodl-tmp/TransENet_base/datasets/UCMerced-dataset/test/LR_x4/river91.tif
[871/1050] /root/autodl-tmp/TransENet_base/datasets/UCMerced-dataset/test/LR_x4/tenniscourt54.tif
[872/1050] /root/autodl-tmp/TransENet_base/datasets/UCMerced-dataset/test/LR_x4/river92.tif
[873/1050] /root/autodl-tmp/TransENet_base/datasets/UCMerced-dataset/test/LR_x4/tenniscourt55.tif
[874/1050] /root/autodl-tmp/TransENet_base/datasets/UCMerced-dataset/test/LR_x4/river93.tif
[875/1050] /root/autodl-tmp/TransENet_base/datasets/UCMerced-dataset/test/LR_x4/tenniscourt56.tif
[876/1050] /root/autodl-tmp/TransENet_base/datasets/UCMerced-dataset/test/LR_x4/river94.tif
[877/1050] /root/autodl-tmp/TransENet_base/datasets/UCMerced-dataset/test/LR_x4/tenniscourt57.tif
[878/1050] /root/autodl-tmp/TransENet_base/datasets/UCMerced-dataset/test/LR_x4/river95.tif
[879/1050] /root/autodl-tmp/TransENet_base/datasets/UCMerced-dataset/test/LR_x4/tenniscourt58.tif
[880/1050] /root/autodl-tmp/TransENet_base/datasets/UCMerced-dataset/test/LR_x4/river96.tif
[881/1050] /root/autodl-tmp/TransENet_base/datasets/UCMerced-dataset/test/LR_x4/tenniscourt59.tif
[882/1050] /root/autodl-tmp/TransENet_base/datasets/UCMerced-dataset/test/LR_x4/river97.tif
[883/1050] /root/autodl-tmp/TransENet_base/datasets/UCMerced-dataset/test/LR_x4/tenniscourt60.tif
[884/1050] /root/autodl-tmp/TransENet_base/datasets/UCMerced-dataset/test/LR_x4/river98.tif
[885/1050] /root/autodl-tmp/TransENet_base/datasets/UCMerced-dataset/test/LR_x4/tenniscourt61.tif
[886/1050] /root/autodl-tmp/TransENet_base/datasets/UCMerced-dataset/test/LR_x4/river99.tif
[887/1050] /root/autodl-tmp/TransENet_base/datasets/UCMerced-dataset/test/LR_x4/tenniscourt62.tif
[888/1050] /root/autodl-tmp/TransENet_base/datasets/UCMerced-dataset/test/LR_x4/runway50.tif
[889/1050] /root/autodl-tmp/TransENet_base/datasets/UCMerced-dataset/test/LR_x4/tenniscourt63.tif
[890/1050] /root/autodl-tmp/TransENet_base/datasets/UCMerced-dataset/test/LR_x4/runway51.tif
[891/1050] /root/autodl-tmp/TransENet_base/datasets/UCMerced-dataset/test/LR_x4/tenniscourt64.tif
[892/1050] /root/autodl-tmp/TransENet_base/datasets/UCMerced-dataset/test/LR_x4/runway52.tif
[893/1050] /root/autodl-tmp/TransENet_base/datasets/UCMerced-dataset/test/LR_x4/tenniscourt65.tif
[894/1050] /root/autodl-tmp/TransENet_base/datasets/UCMerced-dataset/test/LR_x4/runway53.tif
[895/1050] /root/autodl-tmp/TransENet_base/datasets/UCMerced-dataset/test/LR_x4/tenniscourt66.tif
[896/1050] /root/autodl-tmp/TransENet_base/datasets/UCMerced-dataset/test/LR_x4/runway54.tif
[897/1050] /root/autodl-tmp/TransENet_base/datasets/UCMerced-dataset/test/LR_x4/tenniscourt67.tif
[898/1050] /root/autodl-tmp/TransENet_base/datasets/UCMerced-dataset/test/LR_x4/runway55.tif
[899/1050] /root/autodl-tmp/TransENet_base/datasets/UCMerced-dataset/test/LR_x4/tenniscourt68.tif
[900/1050] /root/autodl-tmp/TransENet_base/datasets/UCMerced-dataset/test/LR_x4/runway56.tif
[901/1050] /root/autodl-tmp/TransENet_base/datasets/UCMerced-dataset/test/LR_x4/tenniscourt69.tif
[902/1050] /root/autodl-tmp/TransENet_base/datasets/UCMerced-dataset/test/LR_x4/runway57.tif
[903/1050] /root/autodl-tmp/TransENet_base/datasets/UCMerced-dataset/test/LR_x4/tenniscourt70.tif
[904/1050] /root/autodl-tmp/TransENet_base/datasets/UCMerced-dataset/test/LR_x4/runway58.tif
[905/1050] /root/autodl-tmp/TransENet_base/datasets/UCMerced-dataset/test/LR_x4/tenniscourt71.tif
[906/1050] /root/autodl-tmp/TransENet_base/datasets/UCMerced-dataset/test/LR_x4/runway59.tif
[907/1050] /root/autodl-tmp/TransENet_base/datasets/UCMerced-dataset/test/LR_x4/tenniscourt72.tif
[908/1050] /root/autodl-tmp/TransENet_base/datasets/UCMerced-dataset/test/LR_x4/runway60.tif
[909/1050] /root/autodl-tmp/TransENet_base/datasets/UCMerced-dataset/test/LR_x4/tenniscourt73.tif
[910/1050] /root/autodl-tmp/TransENet_base/datasets/UCMerced-dataset/test/LR_x4/runway61.tif
[911/1050] /root/autodl-tmp/TransENet_base/datasets/UCMerced-dataset/test/LR_x4/tenniscourt74.tif
[912/1050] /root/autodl-tmp/TransENet_base/datasets/UCMerced-dataset/test/LR_x4/runway62.tif
[913/1050] /root/autodl-tmp/TransENet_base/datasets/UCMerced-dataset/test/LR_x4/tenniscourt75.tif
[914/1050] /root/autodl-tmp/TransENet_base/datasets/UCMerced-dataset/test/LR_x4/runway63.tif
[915/1050] /root/autodl-tmp/TransENet_base/datasets/UCMerced-dataset/test/LR_x4/tenniscourt76.tif
[916/1050] /root/autodl-tmp/TransENet_base/datasets/UCMerced-dataset/test/LR_x4/runway64.tif
[917/1050] /root/autodl-tmp/TransENet_base/datasets/UCMerced-dataset/test/LR_x4/tenniscourt77.tif
[918/1050] /root/autodl-tmp/TransENet_base/datasets/UCMerced-dataset/test/LR_x4/runway65.tif
[919/1050] /root/autodl-tmp/TransENet_base/datasets/UCMerced-dataset/test/LR_x4/tenniscourt78.tif
[920/1050] /root/autodl-tmp/TransENet_base/datasets/UCMerced-dataset/test/LR_x4/runway66.tif
[921/1050] /root/autodl-tmp/TransENet_base/datasets/UCMerced-dataset/test/LR_x4/tenniscourt79.tif
[922/1050] /root/autodl-tmp/TransENet_base/datasets/UCMerced-dataset/test/LR_x4/runway67.tif
[923/1050] /root/autodl-tmp/TransENet_base/datasets/UCMerced-dataset/test/LR_x4/tenniscourt80.tif
[924/1050] /root/autodl-tmp/TransENet_base/datasets/UCMerced-dataset/test/LR_x4/runway68.tif
[925/1050] /root/autodl-tmp/TransENet_base/datasets/UCMerced-dataset/test/LR_x4/tenniscourt81.tif
[926/1050] /root/autodl-tmp/TransENet_base/datasets/UCMerced-dataset/test/LR_x4/runway69.tif
[927/1050] /root/autodl-tmp/TransENet_base/datasets/UCMerced-dataset/test/LR_x4/tenniscourt82.tif
[928/1050] /root/autodl-tmp/TransENet_base/datasets/UCMerced-dataset/test/LR_x4/runway70.tif
[929/1050] /root/autodl-tmp/TransENet_base/datasets/UCMerced-dataset/test/LR_x4/tenniscourt83.tif
[930/1050] /root/autodl-tmp/TransENet_base/datasets/UCMerced-dataset/test/LR_x4/runway71.tif
[931/1050] /root/autodl-tmp/TransENet_base/datasets/UCMerced-dataset/test/LR_x4/tenniscourt84.tif
[932/1050] /root/autodl-tmp/TransENet_base/datasets/UCMerced-dataset/test/LR_x4/runway72.tif
[933/1050] /root/autodl-tmp/TransENet_base/datasets/UCMerced-dataset/test/LR_x4/tenniscourt85.tif
[934/1050] /root/autodl-tmp/TransENet_base/datasets/UCMerced-dataset/test/LR_x4/runway73.tif
[935/1050] /root/autodl-tmp/TransENet_base/datasets/UCMerced-dataset/test/LR_x4/tenniscourt86.tif
[936/1050] /root/autodl-tmp/TransENet_base/datasets/UCMerced-dataset/test/LR_x4/runway74.tif
[937/1050] /root/autodl-tmp/TransENet_base/datasets/UCMerced-dataset/test/LR_x4/tenniscourt87.tif
[938/1050] /root/autodl-tmp/TransENet_base/datasets/UCMerced-dataset/test/LR_x4/runway75.tif
[939/1050] /root/autodl-tmp/TransENet_base/datasets/UCMerced-dataset/test/LR_x4/tenniscourt88.tif
[940/1050] /root/autodl-tmp/TransENet_base/datasets/UCMerced-dataset/test/LR_x4/runway76.tif
[941/1050] /root/autodl-tmp/TransENet_base/datasets/UCMerced-dataset/test/LR_x4/tenniscourt89.tif
[942/1050] /root/autodl-tmp/TransENet_base/datasets/UCMerced-dataset/test/LR_x4/runway77.tif
[943/1050] /root/autodl-tmp/TransENet_base/datasets/UCMerced-dataset/test/LR_x4/tenniscourt90.tif
[944/1050] /root/autodl-tmp/TransENet_base/datasets/UCMerced-dataset/test/LR_x4/runway78.tif
[945/1050] /root/autodl-tmp/TransENet_base/datasets/UCMerced-dataset/test/LR_x4/tenniscourt91.tif
[946/1050] /root/autodl-tmp/TransENet_base/datasets/UCMerced-dataset/test/LR_x4/runway79.tif
[947/1050] /root/autodl-tmp/TransENet_base/datasets/UCMerced-dataset/test/LR_x4/tenniscourt92.tif
[948/1050] /root/autodl-tmp/TransENet_base/datasets/UCMerced-dataset/test/LR_x4/runway80.tif
[949/1050] /root/autodl-tmp/TransENet_base/datasets/UCMerced-dataset/test/LR_x4/tenniscourt93.tif
[950/1050] /root/autodl-tmp/TransENet_base/datasets/UCMerced-dataset/test/LR_x4/runway81.tif
[951/1050] /root/autodl-tmp/TransENet_base/datasets/UCMerced-dataset/test/LR_x4/tenniscourt94.tif
[952/1050] /root/autodl-tmp/TransENet_base/datasets/UCMerced-dataset/test/LR_x4/runway82.tif
[953/1050] /root/autodl-tmp/TransENet_base/datasets/UCMerced-dataset/test/LR_x4/tenniscourt95.tif
[954/1050] /root/autodl-tmp/TransENet_base/datasets/UCMerced-dataset/test/LR_x4/runway83.tif
[955/1050] /root/autodl-tmp/TransENet_base/datasets/UCMerced-dataset/test/LR_x4/tenniscourt96.tif
[956/1050] /root/autodl-tmp/TransENet_base/datasets/UCMerced-dataset/test/LR_x4/runway84.tif
[957/1050] /root/autodl-tmp/TransENet_base/datasets/UCMerced-dataset/test/LR_x4/tenniscourt97.tif
[958/1050] /root/autodl-tmp/TransENet_base/datasets/UCMerced-dataset/test/LR_x4/runway85.tif
[959/1050] /root/autodl-tmp/TransENet_base/datasets/UCMerced-dataset/test/LR_x4/tenniscourt98.tif
[960/1050] /root/autodl-tmp/TransENet_base/datasets/UCMerced-dataset/test/LR_x4/sparseresidential95.tif
[961/1050] /root/autodl-tmp/TransENet_base/datasets/UCMerced-dataset/test/LR_x4/sparseresidential50.tif
[962/1050] /root/autodl-tmp/TransENet_base/datasets/UCMerced-dataset/test/LR_x4/sparseresidential96.tif
[963/1050] /root/autodl-tmp/TransENet_base/datasets/UCMerced-dataset/test/LR_x4/sparseresidential51.tif
[964/1050] /root/autodl-tmp/TransENet_base/datasets/UCMerced-dataset/test/LR_x4/sparseresidential97.tif
[965/1050] /root/autodl-tmp/TransENet_base/datasets/UCMerced-dataset/test/LR_x4/sparseresidential52.tif
[966/1050] /root/autodl-tmp/TransENet_base/datasets/UCMerced-dataset/test/LR_x4/sparseresidential98.tif
[967/1050] /root/autodl-tmp/TransENet_base/datasets/UCMerced-dataset/test/LR_x4/sparseresidential53.tif
[968/1050] /root/autodl-tmp/TransENet_base/datasets/UCMerced-dataset/test/LR_x4/sparseresidential99.tif
[969/1050] /root/autodl-tmp/TransENet_base/datasets/UCMerced-dataset/test/LR_x4/sparseresidential54.tif
[970/1050] /root/autodl-tmp/TransENet_base/datasets/UCMerced-dataset/test/LR_x4/storagetanks50.tif
[971/1050] /root/autodl-tmp/TransENet_base/datasets/UCMerced-dataset/test/LR_x4/sparseresidential55.tif
[972/1050] /root/autodl-tmp/TransENet_base/datasets/UCMerced-dataset/test/LR_x4/storagetanks51.tif
[973/1050] /root/autodl-tmp/TransENet_base/datasets/UCMerced-dataset/test/LR_x4/sparseresidential56.tif
[974/1050] /root/autodl-tmp/TransENet_base/datasets/UCMerced-dataset/test/LR_x4/storagetanks52.tif
[975/1050] /root/autodl-tmp/TransENet_base/datasets/UCMerced-dataset/test/LR_x4/sparseresidential57.tif
[976/1050] /root/autodl-tmp/TransENet_base/datasets/UCMerced-dataset/test/LR_x4/storagetanks53.tif
[977/1050] /root/autodl-tmp/TransENet_base/datasets/UCMerced-dataset/test/LR_x4/sparseresidential58.tif
[978/1050] /root/autodl-tmp/TransENet_base/datasets/UCMerced-dataset/test/LR_x4/storagetanks54.tif
[979/1050] /root/autodl-tmp/TransENet_base/datasets/UCMerced-dataset/test/LR_x4/sparseresidential59.tif
[980/1050] /root/autodl-tmp/TransENet_base/datasets/UCMerced-dataset/test/LR_x4/storagetanks55.tif
[981/1050] /root/autodl-tmp/TransENet_base/datasets/UCMerced-dataset/test/LR_x4/sparseresidential60.tif
[982/1050] /root/autodl-tmp/TransENet_base/datasets/UCMerced-dataset/test/LR_x4/storagetanks56.tif
[983/1050] /root/autodl-tmp/TransENet_base/datasets/UCMerced-dataset/test/LR_x4/sparseresidential61.tif
[984/1050] /root/autodl-tmp/TransENet_base/datasets/UCMerced-dataset/test/LR_x4/storagetanks57.tif
[985/1050] /root/autodl-tmp/TransENet_base/datasets/UCMerced-dataset/test/LR_x4/sparseresidential62.tif
[986/1050] /root/autodl-tmp/TransENet_base/datasets/UCMerced-dataset/test/LR_x4/storagetanks58.tif
[987/1050] /root/autodl-tmp/TransENet_base/datasets/UCMerced-dataset/test/LR_x4/sparseresidential63.tif
[988/1050] /root/autodl-tmp/TransENet_base/datasets/UCMerced-dataset/test/LR_x4/storagetanks59.tif
[989/1050] /root/autodl-tmp/TransENet_base/datasets/UCMerced-dataset/test/LR_x4/sparseresidential64.tif
[990/1050] /root/autodl-tmp/TransENet_base/datasets/UCMerced-dataset/test/LR_x4/storagetanks60.tif
[991/1050] /root/autodl-tmp/TransENet_base/datasets/UCMerced-dataset/test/LR_x4/sparseresidential65.tif
[992/1050] /root/autodl-tmp/TransENet_base/datasets/UCMerced-dataset/test/LR_x4/storagetanks61.tif
[993/1050] /root/autodl-tmp/TransENet_base/datasets/UCMerced-dataset/test/LR_x4/sparseresidential66.tif
[994/1050] /root/autodl-tmp/TransENet_base/datasets/UCMerced-dataset/test/LR_x4/storagetanks62.tif
[995/1050] /root/autodl-tmp/TransENet_base/datasets/UCMerced-dataset/test/LR_x4/sparseresidential67.tif
[996/1050] /root/autodl-tmp/TransENet_base/datasets/UCMerced-dataset/test/LR_x4/storagetanks63.tif
[997/1050] /root/autodl-tmp/TransENet_base/datasets/UCMerced-dataset/test/LR_x4/sparseresidential68.tif
[998/1050] /root/autodl-tmp/TransENet_base/datasets/UCMerced-dataset/test/LR_x4/storagetanks64.tif
[999/1050] /root/autodl-tmp/TransENet_base/datasets/UCMerced-dataset/test/LR_x4/sparseresidential69.tif
[1000/1050] /root/autodl-tmp/TransENet_base/datasets/UCMerced-dataset/test/LR_x4/storagetanks65.tif
[1001/1050] /root/autodl-tmp/TransENet_base/datasets/UCMerced-dataset/test/LR_x4/sparseresidential70.tif
[1002/1050] /root/autodl-tmp/TransENet_base/datasets/UCMerced-dataset/test/LR_x4/storagetanks66.tif
[1003/1050] /root/autodl-tmp/TransENet_base/datasets/UCMerced-dataset/test/LR_x4/sparseresidential71.tif
[1004/1050] /root/autodl-tmp/TransENet_base/datasets/UCMerced-dataset/test/LR_x4/storagetanks67.tif
[1005/1050] /root/autodl-tmp/TransENet_base/datasets/UCMerced-dataset/test/LR_x4/sparseresidential72.tif
[1006/1050] /root/autodl-tmp/TransENet_base/datasets/UCMerced-dataset/test/LR_x4/storagetanks68.tif
[1007/1050] /root/autodl-tmp/TransENet_base/datasets/UCMerced-dataset/test/LR_x4/sparseresidential73.tif
[1008/1050] /root/autodl-tmp/TransENet_base/datasets/UCMerced-dataset/test/LR_x4/storagetanks69.tif
[1009/1050] /root/autodl-tmp/TransENet_base/datasets/UCMerced-dataset/test/LR_x4/sparseresidential74.tif
[1010/1050] /root/autodl-tmp/TransENet_base/datasets/UCMerced-dataset/test/LR_x4/storagetanks70.tif
[1011/1050] /root/autodl-tmp/TransENet_base/datasets/UCMerced-dataset/test/LR_x4/sparseresidential75.tif
[1012/1050] /root/autodl-tmp/TransENet_base/datasets/UCMerced-dataset/test/LR_x4/storagetanks71.tif
[1013/1050] /root/autodl-tmp/TransENet_base/datasets/UCMerced-dataset/test/LR_x4/sparseresidential76.tif
[1014/1050] /root/autodl-tmp/TransENet_base/datasets/UCMerced-dataset/test/LR_x4/storagetanks72.tif
[1015/1050] /root/autodl-tmp/TransENet_base/datasets/UCMerced-dataset/test/LR_x4/sparseresidential77.tif
[1016/1050] /root/autodl-tmp/TransENet_base/datasets/UCMerced-dataset/test/LR_x4/storagetanks73.tif
[1017/1050] /root/autodl-tmp/TransENet_base/datasets/UCMerced-dataset/test/LR_x4/sparseresidential78.tif
[1018/1050] /root/autodl-tmp/TransENet_base/datasets/UCMerced-dataset/test/LR_x4/storagetanks74.tif
[1019/1050] /root/autodl-tmp/TransENet_base/datasets/UCMerced-dataset/test/LR_x4/sparseresidential79.tif
[1020/1050] /root/autodl-tmp/TransENet_base/datasets/UCMerced-dataset/test/LR_x4/storagetanks75.tif
[1021/1050] /root/autodl-tmp/TransENet_base/datasets/UCMerced-dataset/test/LR_x4/sparseresidential80.tif
[1022/1050] /root/autodl-tmp/TransENet_base/datasets/UCMerced-dataset/test/LR_x4/storagetanks76.tif
[1023/1050] /root/autodl-tmp/TransENet_base/datasets/UCMerced-dataset/test/LR_x4/sparseresidential81.tif
[1024/1050] /root/autodl-tmp/TransENet_base/datasets/UCMerced-dataset/test/LR_x4/storagetanks77.tif
[1025/1050] /root/autodl-tmp/TransENet_base/datasets/UCMerced-dataset/test/LR_x4/sparseresidential82.tif
[1026/1050] /root/autodl-tmp/TransENet_base/datasets/UCMerced-dataset/test/LR_x4/storagetanks78.tif
[1027/1050] /root/autodl-tmp/TransENet_base/datasets/UCMerced-dataset/test/LR_x4/sparseresidential83.tif
[1028/1050] /root/autodl-tmp/TransENet_base/datasets/UCMerced-dataset/test/LR_x4/storagetanks79.tif
[1029/1050] /root/autodl-tmp/TransENet_base/datasets/UCMerced-dataset/test/LR_x4/sparseresidential84.tif
[1030/1050] /root/autodl-tmp/TransENet_base/datasets/UCMerced-dataset/test/LR_x4/storagetanks80.tif
[1031/1050] /root/autodl-tmp/TransENet_base/datasets/UCMerced-dataset/test/LR_x4/sparseresidential85.tif
[1032/1050] /root/autodl-tmp/TransENet_base/datasets/UCMerced-dataset/test/LR_x4/storagetanks81.tif
[1033/1050] /root/autodl-tmp/TransENet_base/datasets/UCMerced-dataset/test/LR_x4/sparseresidential86.tif
[1034/1050] /root/autodl-tmp/TransENet_base/datasets/UCMerced-dataset/test/LR_x4/storagetanks82.tif
[1035/1050] /root/autodl-tmp/TransENet_base/datasets/UCMerced-dataset/test/LR_x4/sparseresidential87.tif
[1036/1050] /root/autodl-tmp/TransENet_base/datasets/UCMerced-dataset/test/LR_x4/storagetanks83.tif
[1037/1050] /root/autodl-tmp/TransENet_base/datasets/UCMerced-dataset/test/LR_x4/sparseresidential88.tif
[1038/1050] /root/autodl-tmp/TransENet_base/datasets/UCMerced-dataset/test/LR_x4/storagetanks84.tif
[1039/1050] /root/autodl-tmp/TransENet_base/datasets/UCMerced-dataset/test/LR_x4/sparseresidential89.tif
[1040/1050] /root/autodl-tmp/TransENet_base/datasets/UCMerced-dataset/test/LR_x4/storagetanks85.tif
[1041/1050] /root/autodl-tmp/TransENet_base/datasets/UCMerced-dataset/test/LR_x4/sparseresidential90.tif
[1042/1050] /root/autodl-tmp/TransENet_base/datasets/UCMerced-dataset/test/LR_x4/storagetanks86.tif
[1043/1050] /root/autodl-tmp/TransENet_base/datasets/UCMerced-dataset/test/LR_x4/sparseresidential91.tif
[1044/1050] /root/autodl-tmp/TransENet_base/datasets/UCMerced-dataset/test/LR_x4/storagetanks87.tif
[1045/1050] /root/autodl-tmp/TransENet_base/datasets/UCMerced-dataset/test/LR_x4/sparseresidential92.tif
[1046/1050] /root/autodl-tmp/TransENet_base/datasets/UCMerced-dataset/test/LR_x4/storagetanks88.tif
[1047/1050] /root/autodl-tmp/TransENet_base/datasets/UCMerced-dataset/test/LR_x4/sparseresidential93.tif
[1048/1050] /root/autodl-tmp/TransENet_base/datasets/UCMerced-dataset/test/LR_x4/storagetanks89.tif
[1049/1050] /root/autodl-tmp/TransENet_base/datasets/UCMerced-dataset/test/LR_x4/sparseresidential94.tif
[1050/1050] /root/autodl-tmp/TransENet_base/datasets/UCMerced-dataset/test/LR_x4/storagetanks90.tif
