🚀 Enhanced Training Configuration:
Model: symunet_pretrain_strip_cam_parallel_add_dw5_pa_scale
Dataset: UCMerced
Scale: [2]
Epochs: 500
Batch Size: 4
Optimizer: ADAMW
Scheduler: step
Learning Rate: 0.0002
Loss: 1*L1
WandB Enabled: False
AMP Enabled: False
Validation Every: disabled (always validate every epoch)
Save Every N Epochs: 50
DataLoader Threads: 4

📐 Model Architecture:
Width: 32
Encoder Blocks: [4, 6]
Decoder Blocks: [6, 4]
Restormer Heads: [1, 2, 4]
Middle Heads: 8
Continue from epoch 299...
Read data from image files
Read data from image files
Making model...
[MAB] 使用 NeighborhoodAttention2D (num_head=2, kernel_sizes=[7, 11], dilations=[5, 3])
[MAB] 使用 NeighborhoodAttention2D (num_head=2, kernel_sizes=[7, 11], dilations=[5, 3])
[MAB] 使用 NeighborhoodAttention2D (num_head=2, kernel_sizes=[7, 11], dilations=[5, 3])
[MAB] 使用 NeighborhoodAttention2D (num_head=2, kernel_sizes=[7, 11], dilations=[5, 3])
[MAB] 使用 NeighborhoodAttention2D (num_head=2, kernel_sizes=[7, 11], dilations=[5, 3])
[MAB] 使用 NeighborhoodAttention2D (num_head=2, kernel_sizes=[7, 11], dilations=[5, 3])
[MAB] 使用 NeighborhoodAttention2D (num_head=2, kernel_sizes=[7, 11], dilations=[5, 3])
[MAB] 使用 NeighborhoodAttention2D (num_head=2, kernel_sizes=[7, 11], dilations=[5, 3])
[MAB] 使用 NeighborhoodAttention2D (num_head=2, kernel_sizes=[7, 11], dilations=[5, 3])
[MAB] 使用 NeighborhoodAttention2D (num_head=2, kernel_sizes=[7, 11], dilations=[5, 3])
[MAB] 使用 NeighborhoodAttention2D (num_head=2, kernel_sizes=[7, 11], dilations=[5, 3])
[MAB] 使用 NeighborhoodAttention2D (num_head=2, kernel_sizes=[7, 11], dilations=[5, 3])
[MAB] 使用 NeighborhoodAttention2D (num_head=2, kernel_sizes=[7, 11], dilations=[5, 3])
[MAB] 使用 NeighborhoodAttention2D (num_head=2, kernel_sizes=[7, 11], dilations=[5, 3])
[MAB] 使用 NeighborhoodAttention2D (num_head=2, kernel_sizes=[7, 11], dilations=[5, 3])
[MAB] 使用 NeighborhoodAttention2D (num_head=2, kernel_sizes=[7, 11], dilations=[5, 3])
[MAB] 使用 NeighborhoodAttention2D (num_head=2, kernel_sizes=[7, 11], dilations=[5, 3])
[MAB] 使用 NeighborhoodAttention2D (num_head=2, kernel_sizes=[7, 11], dilations=[5, 3])
[MAB] 使用 NeighborhoodAttention2D (num_head=2, kernel_sizes=[7, 11], dilations=[5, 3])
[MAB] 使用 NeighborhoodAttention2D (num_head=2, kernel_sizes=[7, 11], dilations=[5, 3])
loading model from the model_latest.pt file...
SymUNet_Pretrain_Strip_CAM_Parallel_Add_DW5_PA_SCALE(
  (pre_upsample): Upsample(scale_factor=2.0, mode='bicubic')
  (intro): Conv2d(3, 32, kernel_size=(3, 3), stride=(1, 1), padding=(1, 1))
  (ending): Conv2d(32, 3, kernel_size=(3, 3), stride=(1, 1), padding=(1, 1))
  (encoders): ModuleList(
    (0): Sequential(
      (0): S1_TransBlock_NoMAB1(
        (lab): LAB(
          (net): Sequential(
            (0): Conv2d(32, 32, kernel_size=(1, 1), stride=(1, 1))
            (1): GELU(approximate='none')
            (2): Conv2d(32, 32, kernel_size=(3, 3), stride=(1, 1), padding=(1, 1), groups=32)
            (3): GELU(approximate='none')
            (4): ChannelAttention(
              (attention): Sequential(
                (0): AdaptiveAvgPool2d(output_size=1)
                (1): Conv2d(32, 8, kernel_size=(1, 1), stride=(1, 1))
                (2): SiLU()
                (3): Conv2d(8, 32, kernel_size=(1, 1), stride=(1, 1))
                (4): Sigmoid()
              )
            )
            (5): Conv2d(32, 32, kernel_size=(1, 1), stride=(1, 1))
          )
        )
        (pa): PA(
          (conv): Conv2d(32, 32, kernel_size=(1, 1), stride=(1, 1))
          (sigmoid): Sigmoid()
        )
        (mab2): MAB(
          (norm1): LayerNorm2d()
          (attn): NeighborhoodAttention2D(
            head_dim=16, num_head=2, kernel_sizes=((7, 7), (11, 11)), dilations=((5, 5), (3, 3)), is_causal=[False, False], has_bias=True
            (qkv): Linear(in_features=32, out_features=96, bias=True)
            (rpb): ParameterList(
                (0): Parameter containing: [torch.float32 of size 1x13x13 (cuda:0)]
                (1): Parameter containing: [torch.float32 of size 1x21x21 (cuda:0)]
            )
            (attn_drop): Dropout(p=0.0, inplace=False)
            (proj): Linear(in_features=32, out_features=32, bias=True)
            (proj_drop): Dropout(p=0.0, inplace=False)
          )
          (norm2): LayerNorm2d()
          (ffn): MSConvStar(
            (fc1): Conv2d(32, 64, kernel_size=(1, 1), stride=(1, 1))
            (dwconv): MSDWConv(
              (proj): ModuleList(
                (0): Conv2d(16, 16, kernel_size=(1, 1), stride=(1, 1), groups=16)
                (1): Conv2d(16, 16, kernel_size=(3, 3), stride=(1, 1), padding=(1, 1), groups=16)
                (2): Conv2d(16, 16, kernel_size=(5, 5), stride=(1, 1), padding=(2, 2), groups=16)
                (3): Conv2d(16, 16, kernel_size=(7, 7), stride=(1, 1), padding=(3, 3), groups=16)
              )
            )
            (fc2): Conv2d(32, 32, kernel_size=(1, 1), stride=(1, 1))
            (act): GELU(approximate='none')
          )
        )
        (conv): Conv2d(32, 32, kernel_size=(3, 3), stride=(1, 1), padding=(1, 1))
      )
      (1): S1_TransBlock_NoMAB1(
        (lab): LAB(
          (net): Sequential(
            (0): Conv2d(32, 32, kernel_size=(1, 1), stride=(1, 1))
            (1): GELU(approximate='none')
            (2): Conv2d(32, 32, kernel_size=(3, 3), stride=(1, 1), padding=(1, 1), groups=32)
            (3): GELU(approximate='none')
            (4): ChannelAttention(
              (attention): Sequential(
                (0): AdaptiveAvgPool2d(output_size=1)
                (1): Conv2d(32, 8, kernel_size=(1, 1), stride=(1, 1))
                (2): SiLU()
                (3): Conv2d(8, 32, kernel_size=(1, 1), stride=(1, 1))
                (4): Sigmoid()
              )
            )
            (5): Conv2d(32, 32, kernel_size=(1, 1), stride=(1, 1))
          )
        )
        (pa): PA(
          (conv): Conv2d(32, 32, kernel_size=(1, 1), stride=(1, 1))
          (sigmoid): Sigmoid()
        )
        (mab2): MAB(
          (norm1): LayerNorm2d()
          (attn): NeighborhoodAttention2D(
            head_dim=16, num_head=2, kernel_sizes=((7, 7), (11, 11)), dilations=((5, 5), (3, 3)), is_causal=[False, False], has_bias=True
            (qkv): Linear(in_features=32, out_features=96, bias=True)
            (rpb): ParameterList(
                (0): Parameter containing: [torch.float32 of size 1x13x13 (cuda:0)]
                (1): Parameter containing: [torch.float32 of size 1x21x21 (cuda:0)]
            )
            (attn_drop): Dropout(p=0.0, inplace=False)
            (proj): Linear(in_features=32, out_features=32, bias=True)
            (proj_drop): Dropout(p=0.0, inplace=False)
          )
          (norm2): LayerNorm2d()
          (ffn): MSConvStar(
            (fc1): Conv2d(32, 64, kernel_size=(1, 1), stride=(1, 1))
            (dwconv): MSDWConv(
              (proj): ModuleList(
                (0): Conv2d(16, 16, kernel_size=(1, 1), stride=(1, 1), groups=16)
                (1): Conv2d(16, 16, kernel_size=(3, 3), stride=(1, 1), padding=(1, 1), groups=16)
                (2): Conv2d(16, 16, kernel_size=(5, 5), stride=(1, 1), padding=(2, 2), groups=16)
                (3): Conv2d(16, 16, kernel_size=(7, 7), stride=(1, 1), padding=(3, 3), groups=16)
              )
            )
            (fc2): Conv2d(32, 32, kernel_size=(1, 1), stride=(1, 1))
            (act): GELU(approximate='none')
          )
        )
        (conv): Conv2d(32, 32, kernel_size=(3, 3), stride=(1, 1), padding=(1, 1))
      )
      (2): S1_TransBlock_NoMAB1(
        (lab): LAB(
          (net): Sequential(
            (0): Conv2d(32, 32, kernel_size=(1, 1), stride=(1, 1))
            (1): GELU(approximate='none')
            (2): Conv2d(32, 32, kernel_size=(3, 3), stride=(1, 1), padding=(1, 1), groups=32)
            (3): GELU(approximate='none')
            (4): ChannelAttention(
              (attention): Sequential(
                (0): AdaptiveAvgPool2d(output_size=1)
                (1): Conv2d(32, 8, kernel_size=(1, 1), stride=(1, 1))
                (2): SiLU()
                (3): Conv2d(8, 32, kernel_size=(1, 1), stride=(1, 1))
                (4): Sigmoid()
              )
            )
            (5): Conv2d(32, 32, kernel_size=(1, 1), stride=(1, 1))
          )
        )
        (pa): PA(
          (conv): Conv2d(32, 32, kernel_size=(1, 1), stride=(1, 1))
          (sigmoid): Sigmoid()
        )
        (mab2): MAB(
          (norm1): LayerNorm2d()
          (attn): NeighborhoodAttention2D(
            head_dim=16, num_head=2, kernel_sizes=((7, 7), (11, 11)), dilations=((5, 5), (3, 3)), is_causal=[False, False], has_bias=True
            (qkv): Linear(in_features=32, out_features=96, bias=True)
            (rpb): ParameterList(
                (0): Parameter containing: [torch.float32 of size 1x13x13 (cuda:0)]
                (1): Parameter containing: [torch.float32 of size 1x21x21 (cuda:0)]
            )
            (attn_drop): Dropout(p=0.0, inplace=False)
            (proj): Linear(in_features=32, out_features=32, bias=True)
            (proj_drop): Dropout(p=0.0, inplace=False)
          )
          (norm2): LayerNorm2d()
          (ffn): MSConvStar(
            (fc1): Conv2d(32, 64, kernel_size=(1, 1), stride=(1, 1))
            (dwconv): MSDWConv(
              (proj): ModuleList(
                (0): Conv2d(16, 16, kernel_size=(1, 1), stride=(1, 1), groups=16)
                (1): Conv2d(16, 16, kernel_size=(3, 3), stride=(1, 1), padding=(1, 1), groups=16)
                (2): Conv2d(16, 16, kernel_size=(5, 5), stride=(1, 1), padding=(2, 2), groups=16)
                (3): Conv2d(16, 16, kernel_size=(7, 7), stride=(1, 1), padding=(3, 3), groups=16)
              )
            )
            (fc2): Conv2d(32, 32, kernel_size=(1, 1), stride=(1, 1))
            (act): GELU(approximate='none')
          )
        )
        (conv): Conv2d(32, 32, kernel_size=(3, 3), stride=(1, 1), padding=(1, 1))
      )
      (3): S1_TransBlock_NoMAB1(
        (lab): LAB(
          (net): Sequential(
            (0): Conv2d(32, 32, kernel_size=(1, 1), stride=(1, 1))
            (1): GELU(approximate='none')
            (2): Conv2d(32, 32, kernel_size=(3, 3), stride=(1, 1), padding=(1, 1), groups=32)
            (3): GELU(approximate='none')
            (4): ChannelAttention(
              (attention): Sequential(
                (0): AdaptiveAvgPool2d(output_size=1)
                (1): Conv2d(32, 8, kernel_size=(1, 1), stride=(1, 1))
                (2): SiLU()
                (3): Conv2d(8, 32, kernel_size=(1, 1), stride=(1, 1))
                (4): Sigmoid()
              )
            )
            (5): Conv2d(32, 32, kernel_size=(1, 1), stride=(1, 1))
          )
        )
        (pa): PA(
          (conv): Conv2d(32, 32, kernel_size=(1, 1), stride=(1, 1))
          (sigmoid): Sigmoid()
        )
        (mab2): MAB(
          (norm1): LayerNorm2d()
          (attn): NeighborhoodAttention2D(
            head_dim=16, num_head=2, kernel_sizes=((7, 7), (11, 11)), dilations=((5, 5), (3, 3)), is_causal=[False, False], has_bias=True
            (qkv): Linear(in_features=32, out_features=96, bias=True)
            (rpb): ParameterList(
                (0): Parameter containing: [torch.float32 of size 1x13x13 (cuda:0)]
                (1): Parameter containing: [torch.float32 of size 1x21x21 (cuda:0)]
            )
            (attn_drop): Dropout(p=0.0, inplace=False)
            (proj): Linear(in_features=32, out_features=32, bias=True)
            (proj_drop): Dropout(p=0.0, inplace=False)
          )
          (norm2): LayerNorm2d()
          (ffn): MSConvStar(
            (fc1): Conv2d(32, 64, kernel_size=(1, 1), stride=(1, 1))
            (dwconv): MSDWConv(
              (proj): ModuleList(
                (0): Conv2d(16, 16, kernel_size=(1, 1), stride=(1, 1), groups=16)
                (1): Conv2d(16, 16, kernel_size=(3, 3), stride=(1, 1), padding=(1, 1), groups=16)
                (2): Conv2d(16, 16, kernel_size=(5, 5), stride=(1, 1), padding=(2, 2), groups=16)
                (3): Conv2d(16, 16, kernel_size=(7, 7), stride=(1, 1), padding=(3, 3), groups=16)
              )
            )
            (fc2): Conv2d(32, 32, kernel_size=(1, 1), stride=(1, 1))
            (act): GELU(approximate='none')
          )
        )
        (conv): Conv2d(32, 32, kernel_size=(3, 3), stride=(1, 1), padding=(1, 1))
      )
    )
    (1): Sequential(
      (0): S1_TransBlock_NoMAB1(
        (lab): LAB(
          (net): Sequential(
            (0): Conv2d(64, 64, kernel_size=(1, 1), stride=(1, 1))
            (1): GELU(approximate='none')
            (2): Conv2d(64, 64, kernel_size=(3, 3), stride=(1, 1), padding=(1, 1), groups=64)
            (3): GELU(approximate='none')
            (4): ChannelAttention(
              (attention): Sequential(
                (0): AdaptiveAvgPool2d(output_size=1)
                (1): Conv2d(64, 16, kernel_size=(1, 1), stride=(1, 1))
                (2): SiLU()
                (3): Conv2d(16, 64, kernel_size=(1, 1), stride=(1, 1))
                (4): Sigmoid()
              )
            )
            (5): Conv2d(64, 64, kernel_size=(1, 1), stride=(1, 1))
          )
        )
        (pa): PA(
          (conv): Conv2d(64, 64, kernel_size=(1, 1), stride=(1, 1))
          (sigmoid): Sigmoid()
        )
        (mab2): MAB(
          (norm1): LayerNorm2d()
          (attn): NeighborhoodAttention2D(
            head_dim=32, num_head=2, kernel_sizes=((7, 7), (11, 11)), dilations=((5, 5), (3, 3)), is_causal=[False, False], has_bias=True
            (qkv): Linear(in_features=64, out_features=192, bias=True)
            (rpb): ParameterList(
                (0): Parameter containing: [torch.float32 of size 1x13x13 (cuda:0)]
                (1): Parameter containing: [torch.float32 of size 1x21x21 (cuda:0)]
            )
            (attn_drop): Dropout(p=0.0, inplace=False)
            (proj): Linear(in_features=64, out_features=64, bias=True)
            (proj_drop): Dropout(p=0.0, inplace=False)
          )
          (norm2): LayerNorm2d()
          (ffn): MSConvStar(
            (fc1): Conv2d(64, 128, kernel_size=(1, 1), stride=(1, 1))
            (dwconv): MSDWConv(
              (proj): ModuleList(
                (0): Conv2d(32, 32, kernel_size=(1, 1), stride=(1, 1), groups=32)
                (1): Conv2d(32, 32, kernel_size=(3, 3), stride=(1, 1), padding=(1, 1), groups=32)
                (2): Conv2d(32, 32, kernel_size=(5, 5), stride=(1, 1), padding=(2, 2), groups=32)
                (3): Conv2d(32, 32, kernel_size=(7, 7), stride=(1, 1), padding=(3, 3), groups=32)
              )
            )
            (fc2): Conv2d(64, 64, kernel_size=(1, 1), stride=(1, 1))
            (act): GELU(approximate='none')
          )
        )
        (conv): Conv2d(64, 64, kernel_size=(3, 3), stride=(1, 1), padding=(1, 1))
      )
      (1): S1_TransBlock_NoMAB1(
        (lab): LAB(
          (net): Sequential(
            (0): Conv2d(64, 64, kernel_size=(1, 1), stride=(1, 1))
            (1): GELU(approximate='none')
            (2): Conv2d(64, 64, kernel_size=(3, 3), stride=(1, 1), padding=(1, 1), groups=64)
            (3): GELU(approximate='none')
            (4): ChannelAttention(
              (attention): Sequential(
                (0): AdaptiveAvgPool2d(output_size=1)
                (1): Conv2d(64, 16, kernel_size=(1, 1), stride=(1, 1))
                (2): SiLU()
                (3): Conv2d(16, 64, kernel_size=(1, 1), stride=(1, 1))
                (4): Sigmoid()
              )
            )
            (5): Conv2d(64, 64, kernel_size=(1, 1), stride=(1, 1))
          )
        )
        (pa): PA(
          (conv): Conv2d(64, 64, kernel_size=(1, 1), stride=(1, 1))
          (sigmoid): Sigmoid()
        )
        (mab2): MAB(
          (norm1): LayerNorm2d()
          (attn): NeighborhoodAttention2D(
            head_dim=32, num_head=2, kernel_sizes=((7, 7), (11, 11)), dilations=((5, 5), (3, 3)), is_causal=[False, False], has_bias=True
            (qkv): Linear(in_features=64, out_features=192, bias=True)
            (rpb): ParameterList(
                (0): Parameter containing: [torch.float32 of size 1x13x13 (cuda:0)]
                (1): Parameter containing: [torch.float32 of size 1x21x21 (cuda:0)]
            )
            (attn_drop): Dropout(p=0.0, inplace=False)
            (proj): Linear(in_features=64, out_features=64, bias=True)
            (proj_drop): Dropout(p=0.0, inplace=False)
          )
          (norm2): LayerNorm2d()
          (ffn): MSConvStar(
            (fc1): Conv2d(64, 128, kernel_size=(1, 1), stride=(1, 1))
            (dwconv): MSDWConv(
              (proj): ModuleList(
                (0): Conv2d(32, 32, kernel_size=(1, 1), stride=(1, 1), groups=32)
                (1): Conv2d(32, 32, kernel_size=(3, 3), stride=(1, 1), padding=(1, 1), groups=32)
                (2): Conv2d(32, 32, kernel_size=(5, 5), stride=(1, 1), padding=(2, 2), groups=32)
                (3): Conv2d(32, 32, kernel_size=(7, 7), stride=(1, 1), padding=(3, 3), groups=32)
              )
            )
            (fc2): Conv2d(64, 64, kernel_size=(1, 1), stride=(1, 1))
            (act): GELU(approximate='none')
          )
        )
        (conv): Conv2d(64, 64, kernel_size=(3, 3), stride=(1, 1), padding=(1, 1))
      )
      (2): S1_TransBlock_NoMAB1(
        (lab): LAB(
          (net): Sequential(
            (0): Conv2d(64, 64, kernel_size=(1, 1), stride=(1, 1))
            (1): GELU(approximate='none')
            (2): Conv2d(64, 64, kernel_size=(3, 3), stride=(1, 1), padding=(1, 1), groups=64)
            (3): GELU(approximate='none')
            (4): ChannelAttention(
              (attention): Sequential(
                (0): AdaptiveAvgPool2d(output_size=1)
                (1): Conv2d(64, 16, kernel_size=(1, 1), stride=(1, 1))
                (2): SiLU()
                (3): Conv2d(16, 64, kernel_size=(1, 1), stride=(1, 1))
                (4): Sigmoid()
              )
            )
            (5): Conv2d(64, 64, kernel_size=(1, 1), stride=(1, 1))
          )
        )
        (pa): PA(
          (conv): Conv2d(64, 64, kernel_size=(1, 1), stride=(1, 1))
          (sigmoid): Sigmoid()
        )
        (mab2): MAB(
          (norm1): LayerNorm2d()
          (attn): NeighborhoodAttention2D(
            head_dim=32, num_head=2, kernel_sizes=((7, 7), (11, 11)), dilations=((5, 5), (3, 3)), is_causal=[False, False], has_bias=True
            (qkv): Linear(in_features=64, out_features=192, bias=True)
            (rpb): ParameterList(
                (0): Parameter containing: [torch.float32 of size 1x13x13 (cuda:0)]
                (1): Parameter containing: [torch.float32 of size 1x21x21 (cuda:0)]
            )
            (attn_drop): Dropout(p=0.0, inplace=False)
            (proj): Linear(in_features=64, out_features=64, bias=True)
            (proj_drop): Dropout(p=0.0, inplace=False)
          )
          (norm2): LayerNorm2d()
          (ffn): MSConvStar(
            (fc1): Conv2d(64, 128, kernel_size=(1, 1), stride=(1, 1))
            (dwconv): MSDWConv(
              (proj): ModuleList(
                (0): Conv2d(32, 32, kernel_size=(1, 1), stride=(1, 1), groups=32)
                (1): Conv2d(32, 32, kernel_size=(3, 3), stride=(1, 1), padding=(1, 1), groups=32)
                (2): Conv2d(32, 32, kernel_size=(5, 5), stride=(1, 1), padding=(2, 2), groups=32)
                (3): Conv2d(32, 32, kernel_size=(7, 7), stride=(1, 1), padding=(3, 3), groups=32)
              )
            )
            (fc2): Conv2d(64, 64, kernel_size=(1, 1), stride=(1, 1))
            (act): GELU(approximate='none')
          )
        )
        (conv): Conv2d(64, 64, kernel_size=(3, 3), stride=(1, 1), padding=(1, 1))
      )
      (3): S1_TransBlock_NoMAB1(
        (lab): LAB(
          (net): Sequential(
            (0): Conv2d(64, 64, kernel_size=(1, 1), stride=(1, 1))
            (1): GELU(approximate='none')
            (2): Conv2d(64, 64, kernel_size=(3, 3), stride=(1, 1), padding=(1, 1), groups=64)
            (3): GELU(approximate='none')
            (4): ChannelAttention(
              (attention): Sequential(
                (0): AdaptiveAvgPool2d(output_size=1)
                (1): Conv2d(64, 16, kernel_size=(1, 1), stride=(1, 1))
                (2): SiLU()
                (3): Conv2d(16, 64, kernel_size=(1, 1), stride=(1, 1))
                (4): Sigmoid()
              )
            )
            (5): Conv2d(64, 64, kernel_size=(1, 1), stride=(1, 1))
          )
        )
        (pa): PA(
          (conv): Conv2d(64, 64, kernel_size=(1, 1), stride=(1, 1))
          (sigmoid): Sigmoid()
        )
        (mab2): MAB(
          (norm1): LayerNorm2d()
          (attn): NeighborhoodAttention2D(
            head_dim=32, num_head=2, kernel_sizes=((7, 7), (11, 11)), dilations=((5, 5), (3, 3)), is_causal=[False, False], has_bias=True
            (qkv): Linear(in_features=64, out_features=192, bias=True)
            (rpb): ParameterList(
                (0): Parameter containing: [torch.float32 of size 1x13x13 (cuda:0)]
                (1): Parameter containing: [torch.float32 of size 1x21x21 (cuda:0)]
            )
            (attn_drop): Dropout(p=0.0, inplace=False)
            (proj): Linear(in_features=64, out_features=64, bias=True)
            (proj_drop): Dropout(p=0.0, inplace=False)
          )
          (norm2): LayerNorm2d()
          (ffn): MSConvStar(
            (fc1): Conv2d(64, 128, kernel_size=(1, 1), stride=(1, 1))
            (dwconv): MSDWConv(
              (proj): ModuleList(
                (0): Conv2d(32, 32, kernel_size=(1, 1), stride=(1, 1), groups=32)
                (1): Conv2d(32, 32, kernel_size=(3, 3), stride=(1, 1), padding=(1, 1), groups=32)
                (2): Conv2d(32, 32, kernel_size=(5, 5), stride=(1, 1), padding=(2, 2), groups=32)
                (3): Conv2d(32, 32, kernel_size=(7, 7), stride=(1, 1), padding=(3, 3), groups=32)
              )
            )
            (fc2): Conv2d(64, 64, kernel_size=(1, 1), stride=(1, 1))
            (act): GELU(approximate='none')
          )
        )
        (conv): Conv2d(64, 64, kernel_size=(3, 3), stride=(1, 1), padding=(1, 1))
      )
      (4): S1_TransBlock_NoMAB1(
        (lab): LAB(
          (net): Sequential(
            (0): Conv2d(64, 64, kernel_size=(1, 1), stride=(1, 1))
            (1): GELU(approximate='none')
            (2): Conv2d(64, 64, kernel_size=(3, 3), stride=(1, 1), padding=(1, 1), groups=64)
            (3): GELU(approximate='none')
            (4): ChannelAttention(
              (attention): Sequential(
                (0): AdaptiveAvgPool2d(output_size=1)
                (1): Conv2d(64, 16, kernel_size=(1, 1), stride=(1, 1))
                (2): SiLU()
                (3): Conv2d(16, 64, kernel_size=(1, 1), stride=(1, 1))
                (4): Sigmoid()
              )
            )
            (5): Conv2d(64, 64, kernel_size=(1, 1), stride=(1, 1))
          )
        )
        (pa): PA(
          (conv): Conv2d(64, 64, kernel_size=(1, 1), stride=(1, 1))
          (sigmoid): Sigmoid()
        )
        (mab2): MAB(
          (norm1): LayerNorm2d()
          (attn): NeighborhoodAttention2D(
            head_dim=32, num_head=2, kernel_sizes=((7, 7), (11, 11)), dilations=((5, 5), (3, 3)), is_causal=[False, False], has_bias=True
            (qkv): Linear(in_features=64, out_features=192, bias=True)
            (rpb): ParameterList(
                (0): Parameter containing: [torch.float32 of size 1x13x13 (cuda:0)]
                (1): Parameter containing: [torch.float32 of size 1x21x21 (cuda:0)]
            )
            (attn_drop): Dropout(p=0.0, inplace=False)
            (proj): Linear(in_features=64, out_features=64, bias=True)
            (proj_drop): Dropout(p=0.0, inplace=False)
          )
          (norm2): LayerNorm2d()
          (ffn): MSConvStar(
            (fc1): Conv2d(64, 128, kernel_size=(1, 1), stride=(1, 1))
            (dwconv): MSDWConv(
              (proj): ModuleList(
                (0): Conv2d(32, 32, kernel_size=(1, 1), stride=(1, 1), groups=32)
                (1): Conv2d(32, 32, kernel_size=(3, 3), stride=(1, 1), padding=(1, 1), groups=32)
                (2): Conv2d(32, 32, kernel_size=(5, 5), stride=(1, 1), padding=(2, 2), groups=32)
                (3): Conv2d(32, 32, kernel_size=(7, 7), stride=(1, 1), padding=(3, 3), groups=32)
              )
            )
            (fc2): Conv2d(64, 64, kernel_size=(1, 1), stride=(1, 1))
            (act): GELU(approximate='none')
          )
        )
        (conv): Conv2d(64, 64, kernel_size=(3, 3), stride=(1, 1), padding=(1, 1))
      )
      (5): S1_TransBlock_NoMAB1(
        (lab): LAB(
          (net): Sequential(
            (0): Conv2d(64, 64, kernel_size=(1, 1), stride=(1, 1))
            (1): GELU(approximate='none')
            (2): Conv2d(64, 64, kernel_size=(3, 3), stride=(1, 1), padding=(1, 1), groups=64)
            (3): GELU(approximate='none')
            (4): ChannelAttention(
              (attention): Sequential(
                (0): AdaptiveAvgPool2d(output_size=1)
                (1): Conv2d(64, 16, kernel_size=(1, 1), stride=(1, 1))
                (2): SiLU()
                (3): Conv2d(16, 64, kernel_size=(1, 1), stride=(1, 1))
                (4): Sigmoid()
              )
            )
            (5): Conv2d(64, 64, kernel_size=(1, 1), stride=(1, 1))
          )
        )
        (pa): PA(
          (conv): Conv2d(64, 64, kernel_size=(1, 1), stride=(1, 1))
          (sigmoid): Sigmoid()
        )
        (mab2): MAB(
          (norm1): LayerNorm2d()
          (attn): NeighborhoodAttention2D(
            head_dim=32, num_head=2, kernel_sizes=((7, 7), (11, 11)), dilations=((5, 5), (3, 3)), is_causal=[False, False], has_bias=True
            (qkv): Linear(in_features=64, out_features=192, bias=True)
            (rpb): ParameterList(
                (0): Parameter containing: [torch.float32 of size 1x13x13 (cuda:0)]
                (1): Parameter containing: [torch.float32 of size 1x21x21 (cuda:0)]
            )
            (attn_drop): Dropout(p=0.0, inplace=False)
            (proj): Linear(in_features=64, out_features=64, bias=True)
            (proj_drop): Dropout(p=0.0, inplace=False)
          )
          (norm2): LayerNorm2d()
          (ffn): MSConvStar(
            (fc1): Conv2d(64, 128, kernel_size=(1, 1), stride=(1, 1))
            (dwconv): MSDWConv(
              (proj): ModuleList(
                (0): Conv2d(32, 32, kernel_size=(1, 1), stride=(1, 1), groups=32)
                (1): Conv2d(32, 32, kernel_size=(3, 3), stride=(1, 1), padding=(1, 1), groups=32)
                (2): Conv2d(32, 32, kernel_size=(5, 5), stride=(1, 1), padding=(2, 2), groups=32)
                (3): Conv2d(32, 32, kernel_size=(7, 7), stride=(1, 1), padding=(3, 3), groups=32)
              )
            )
            (fc2): Conv2d(64, 64, kernel_size=(1, 1), stride=(1, 1))
            (act): GELU(approximate='none')
          )
        )
        (conv): Conv2d(64, 64, kernel_size=(3, 3), stride=(1, 1), padding=(1, 1))
      )
    )
  )
  (decoders): ModuleList(
    (0): Sequential(
      (0): S1_TransBlock_NoMAB1(
        (lab): LAB(
          (net): Sequential(
            (0): Conv2d(64, 64, kernel_size=(1, 1), stride=(1, 1))
            (1): GELU(approximate='none')
            (2): Conv2d(64, 64, kernel_size=(3, 3), stride=(1, 1), padding=(1, 1), groups=64)
            (3): GELU(approximate='none')
            (4): ChannelAttention(
              (attention): Sequential(
                (0): AdaptiveAvgPool2d(output_size=1)
                (1): Conv2d(64, 16, kernel_size=(1, 1), stride=(1, 1))
                (2): SiLU()
                (3): Conv2d(16, 64, kernel_size=(1, 1), stride=(1, 1))
                (4): Sigmoid()
              )
            )
            (5): Conv2d(64, 64, kernel_size=(1, 1), stride=(1, 1))
          )
        )
        (pa): PA(
          (conv): Conv2d(64, 64, kernel_size=(1, 1), stride=(1, 1))
          (sigmoid): Sigmoid()
        )
        (mab2): MAB(
          (norm1): LayerNorm2d()
          (attn): NeighborhoodAttention2D(
            head_dim=32, num_head=2, kernel_sizes=((7, 7), (11, 11)), dilations=((5, 5), (3, 3)), is_causal=[False, False], has_bias=True
            (qkv): Linear(in_features=64, out_features=192, bias=True)
            (rpb): ParameterList(
                (0): Parameter containing: [torch.float32 of size 1x13x13 (cuda:0)]
                (1): Parameter containing: [torch.float32 of size 1x21x21 (cuda:0)]
            )
            (attn_drop): Dropout(p=0.0, inplace=False)
            (proj): Linear(in_features=64, out_features=64, bias=True)
            (proj_drop): Dropout(p=0.0, inplace=False)
          )
          (norm2): LayerNorm2d()
          (ffn): MSConvStar(
            (fc1): Conv2d(64, 128, kernel_size=(1, 1), stride=(1, 1))
            (dwconv): MSDWConv(
              (proj): ModuleList(
                (0): Conv2d(32, 32, kernel_size=(1, 1), stride=(1, 1), groups=32)
                (1): Conv2d(32, 32, kernel_size=(3, 3), stride=(1, 1), padding=(1, 1), groups=32)
                (2): Conv2d(32, 32, kernel_size=(5, 5), stride=(1, 1), padding=(2, 2), groups=32)
                (3): Conv2d(32, 32, kernel_size=(7, 7), stride=(1, 1), padding=(3, 3), groups=32)
              )
            )
            (fc2): Conv2d(64, 64, kernel_size=(1, 1), stride=(1, 1))
            (act): GELU(approximate='none')
          )
        )
        (conv): Conv2d(64, 64, kernel_size=(3, 3), stride=(1, 1), padding=(1, 1))
      )
      (1): S1_TransBlock_NoMAB1(
        (lab): LAB(
          (net): Sequential(
            (0): Conv2d(64, 64, kernel_size=(1, 1), stride=(1, 1))
            (1): GELU(approximate='none')
            (2): Conv2d(64, 64, kernel_size=(3, 3), stride=(1, 1), padding=(1, 1), groups=64)
            (3): GELU(approximate='none')
            (4): ChannelAttention(
              (attention): Sequential(
                (0): AdaptiveAvgPool2d(output_size=1)
                (1): Conv2d(64, 16, kernel_size=(1, 1), stride=(1, 1))
                (2): SiLU()
                (3): Conv2d(16, 64, kernel_size=(1, 1), stride=(1, 1))
                (4): Sigmoid()
              )
            )
            (5): Conv2d(64, 64, kernel_size=(1, 1), stride=(1, 1))
          )
        )
        (pa): PA(
          (conv): Conv2d(64, 64, kernel_size=(1, 1), stride=(1, 1))
          (sigmoid): Sigmoid()
        )
        (mab2): MAB(
          (norm1): LayerNorm2d()
          (attn): NeighborhoodAttention2D(
            head_dim=32, num_head=2, kernel_sizes=((7, 7), (11, 11)), dilations=((5, 5), (3, 3)), is_causal=[False, False], has_bias=True
            (qkv): Linear(in_features=64, out_features=192, bias=True)
            (rpb): ParameterList(
                (0): Parameter containing: [torch.float32 of size 1x13x13 (cuda:0)]
                (1): Parameter containing: [torch.float32 of size 1x21x21 (cuda:0)]
            )
            (attn_drop): Dropout(p=0.0, inplace=False)
            (proj): Linear(in_features=64, out_features=64, bias=True)
            (proj_drop): Dropout(p=0.0, inplace=False)
          )
          (norm2): LayerNorm2d()
          (ffn): MSConvStar(
            (fc1): Conv2d(64, 128, kernel_size=(1, 1), stride=(1, 1))
            (dwconv): MSDWConv(
              (proj): ModuleList(
                (0): Conv2d(32, 32, kernel_size=(1, 1), stride=(1, 1), groups=32)
                (1): Conv2d(32, 32, kernel_size=(3, 3), stride=(1, 1), padding=(1, 1), groups=32)
                (2): Conv2d(32, 32, kernel_size=(5, 5), stride=(1, 1), padding=(2, 2), groups=32)
                (3): Conv2d(32, 32, kernel_size=(7, 7), stride=(1, 1), padding=(3, 3), groups=32)
              )
            )
            (fc2): Conv2d(64, 64, kernel_size=(1, 1), stride=(1, 1))
            (act): GELU(approximate='none')
          )
        )
        (conv): Conv2d(64, 64, kernel_size=(3, 3), stride=(1, 1), padding=(1, 1))
      )
      (2): S1_TransBlock_NoMAB1(
        (lab): LAB(
          (net): Sequential(
            (0): Conv2d(64, 64, kernel_size=(1, 1), stride=(1, 1))
            (1): GELU(approximate='none')
            (2): Conv2d(64, 64, kernel_size=(3, 3), stride=(1, 1), padding=(1, 1), groups=64)
            (3): GELU(approximate='none')
            (4): ChannelAttention(
              (attention): Sequential(
                (0): AdaptiveAvgPool2d(output_size=1)
                (1): Conv2d(64, 16, kernel_size=(1, 1), stride=(1, 1))
                (2): SiLU()
                (3): Conv2d(16, 64, kernel_size=(1, 1), stride=(1, 1))
                (4): Sigmoid()
              )
            )
            (5): Conv2d(64, 64, kernel_size=(1, 1), stride=(1, 1))
          )
        )
        (pa): PA(
          (conv): Conv2d(64, 64, kernel_size=(1, 1), stride=(1, 1))
          (sigmoid): Sigmoid()
        )
        (mab2): MAB(
          (norm1): LayerNorm2d()
          (attn): NeighborhoodAttention2D(
            head_dim=32, num_head=2, kernel_sizes=((7, 7), (11, 11)), dilations=((5, 5), (3, 3)), is_causal=[False, False], has_bias=True
            (qkv): Linear(in_features=64, out_features=192, bias=True)
            (rpb): ParameterList(
                (0): Parameter containing: [torch.float32 of size 1x13x13 (cuda:0)]
                (1): Parameter containing: [torch.float32 of size 1x21x21 (cuda:0)]
            )
            (attn_drop): Dropout(p=0.0, inplace=False)
            (proj): Linear(in_features=64, out_features=64, bias=True)
            (proj_drop): Dropout(p=0.0, inplace=False)
          )
          (norm2): LayerNorm2d()
          (ffn): MSConvStar(
            (fc1): Conv2d(64, 128, kernel_size=(1, 1), stride=(1, 1))
            (dwconv): MSDWConv(
              (proj): ModuleList(
                (0): Conv2d(32, 32, kernel_size=(1, 1), stride=(1, 1), groups=32)
                (1): Conv2d(32, 32, kernel_size=(3, 3), stride=(1, 1), padding=(1, 1), groups=32)
                (2): Conv2d(32, 32, kernel_size=(5, 5), stride=(1, 1), padding=(2, 2), groups=32)
                (3): Conv2d(32, 32, kernel_size=(7, 7), stride=(1, 1), padding=(3, 3), groups=32)
              )
            )
            (fc2): Conv2d(64, 64, kernel_size=(1, 1), stride=(1, 1))
            (act): GELU(approximate='none')
          )
        )
        (conv): Conv2d(64, 64, kernel_size=(3, 3), stride=(1, 1), padding=(1, 1))
      )
      (3): S1_TransBlock_NoMAB1(
        (lab): LAB(
          (net): Sequential(
            (0): Conv2d(64, 64, kernel_size=(1, 1), stride=(1, 1))
            (1): GELU(approximate='none')
            (2): Conv2d(64, 64, kernel_size=(3, 3), stride=(1, 1), padding=(1, 1), groups=64)
            (3): GELU(approximate='none')
            (4): ChannelAttention(
              (attention): Sequential(
                (0): AdaptiveAvgPool2d(output_size=1)
                (1): Conv2d(64, 16, kernel_size=(1, 1), stride=(1, 1))
                (2): SiLU()
                (3): Conv2d(16, 64, kernel_size=(1, 1), stride=(1, 1))
                (4): Sigmoid()
              )
            )
            (5): Conv2d(64, 64, kernel_size=(1, 1), stride=(1, 1))
          )
        )
        (pa): PA(
          (conv): Conv2d(64, 64, kernel_size=(1, 1), stride=(1, 1))
          (sigmoid): Sigmoid()
        )
        (mab2): MAB(
          (norm1): LayerNorm2d()
          (attn): NeighborhoodAttention2D(
            head_dim=32, num_head=2, kernel_sizes=((7, 7), (11, 11)), dilations=((5, 5), (3, 3)), is_causal=[False, False], has_bias=True
            (qkv): Linear(in_features=64, out_features=192, bias=True)
            (rpb): ParameterList(
                (0): Parameter containing: [torch.float32 of size 1x13x13 (cuda:0)]
                (1): Parameter containing: [torch.float32 of size 1x21x21 (cuda:0)]
            )
            (attn_drop): Dropout(p=0.0, inplace=False)
            (proj): Linear(in_features=64, out_features=64, bias=True)
            (proj_drop): Dropout(p=0.0, inplace=False)
          )
          (norm2): LayerNorm2d()
          (ffn): MSConvStar(
            (fc1): Conv2d(64, 128, kernel_size=(1, 1), stride=(1, 1))
            (dwconv): MSDWConv(
              (proj): ModuleList(
                (0): Conv2d(32, 32, kernel_size=(1, 1), stride=(1, 1), groups=32)
                (1): Conv2d(32, 32, kernel_size=(3, 3), stride=(1, 1), padding=(1, 1), groups=32)
                (2): Conv2d(32, 32, kernel_size=(5, 5), stride=(1, 1), padding=(2, 2), groups=32)
                (3): Conv2d(32, 32, kernel_size=(7, 7), stride=(1, 1), padding=(3, 3), groups=32)
              )
            )
            (fc2): Conv2d(64, 64, kernel_size=(1, 1), stride=(1, 1))
            (act): GELU(approximate='none')
          )
        )
        (conv): Conv2d(64, 64, kernel_size=(3, 3), stride=(1, 1), padding=(1, 1))
      )
      (4): S1_TransBlock_NoMAB1(
        (lab): LAB(
          (net): Sequential(
            (0): Conv2d(64, 64, kernel_size=(1, 1), stride=(1, 1))
            (1): GELU(approximate='none')
            (2): Conv2d(64, 64, kernel_size=(3, 3), stride=(1, 1), padding=(1, 1), groups=64)
            (3): GELU(approximate='none')
            (4): ChannelAttention(
              (attention): Sequential(
                (0): AdaptiveAvgPool2d(output_size=1)
                (1): Conv2d(64, 16, kernel_size=(1, 1), stride=(1, 1))
                (2): SiLU()
                (3): Conv2d(16, 64, kernel_size=(1, 1), stride=(1, 1))
                (4): Sigmoid()
              )
            )
            (5): Conv2d(64, 64, kernel_size=(1, 1), stride=(1, 1))
          )
        )
        (pa): PA(
          (conv): Conv2d(64, 64, kernel_size=(1, 1), stride=(1, 1))
          (sigmoid): Sigmoid()
        )
        (mab2): MAB(
          (norm1): LayerNorm2d()
          (attn): NeighborhoodAttention2D(
            head_dim=32, num_head=2, kernel_sizes=((7, 7), (11, 11)), dilations=((5, 5), (3, 3)), is_causal=[False, False], has_bias=True
            (qkv): Linear(in_features=64, out_features=192, bias=True)
            (rpb): ParameterList(
                (0): Parameter containing: [torch.float32 of size 1x13x13 (cuda:0)]
                (1): Parameter containing: [torch.float32 of size 1x21x21 (cuda:0)]
            )
            (attn_drop): Dropout(p=0.0, inplace=False)
            (proj): Linear(in_features=64, out_features=64, bias=True)
            (proj_drop): Dropout(p=0.0, inplace=False)
          )
          (norm2): LayerNorm2d()
          (ffn): MSConvStar(
            (fc1): Conv2d(64, 128, kernel_size=(1, 1), stride=(1, 1))
            (dwconv): MSDWConv(
              (proj): ModuleList(
                (0): Conv2d(32, 32, kernel_size=(1, 1), stride=(1, 1), groups=32)
                (1): Conv2d(32, 32, kernel_size=(3, 3), stride=(1, 1), padding=(1, 1), groups=32)
                (2): Conv2d(32, 32, kernel_size=(5, 5), stride=(1, 1), padding=(2, 2), groups=32)
                (3): Conv2d(32, 32, kernel_size=(7, 7), stride=(1, 1), padding=(3, 3), groups=32)
              )
            )
            (fc2): Conv2d(64, 64, kernel_size=(1, 1), stride=(1, 1))
            (act): GELU(approximate='none')
          )
        )
        (conv): Conv2d(64, 64, kernel_size=(3, 3), stride=(1, 1), padding=(1, 1))
      )
      (5): S1_TransBlock_NoMAB1(
        (lab): LAB(
          (net): Sequential(
            (0): Conv2d(64, 64, kernel_size=(1, 1), stride=(1, 1))
            (1): GELU(approximate='none')
            (2): Conv2d(64, 64, kernel_size=(3, 3), stride=(1, 1), padding=(1, 1), groups=64)
            (3): GELU(approximate='none')
            (4): ChannelAttention(
              (attention): Sequential(
                (0): AdaptiveAvgPool2d(output_size=1)
                (1): Conv2d(64, 16, kernel_size=(1, 1), stride=(1, 1))
                (2): SiLU()
                (3): Conv2d(16, 64, kernel_size=(1, 1), stride=(1, 1))
                (4): Sigmoid()
              )
            )
            (5): Conv2d(64, 64, kernel_size=(1, 1), stride=(1, 1))
          )
        )
        (pa): PA(
          (conv): Conv2d(64, 64, kernel_size=(1, 1), stride=(1, 1))
          (sigmoid): Sigmoid()
        )
        (mab2): MAB(
          (norm1): LayerNorm2d()
          (attn): NeighborhoodAttention2D(
            head_dim=32, num_head=2, kernel_sizes=((7, 7), (11, 11)), dilations=((5, 5), (3, 3)), is_causal=[False, False], has_bias=True
            (qkv): Linear(in_features=64, out_features=192, bias=True)
            (rpb): ParameterList(
                (0): Parameter containing: [torch.float32 of size 1x13x13 (cuda:0)]
                (1): Parameter containing: [torch.float32 of size 1x21x21 (cuda:0)]
            )
            (attn_drop): Dropout(p=0.0, inplace=False)
            (proj): Linear(in_features=64, out_features=64, bias=True)
            (proj_drop): Dropout(p=0.0, inplace=False)
          )
          (norm2): LayerNorm2d()
          (ffn): MSConvStar(
            (fc1): Conv2d(64, 128, kernel_size=(1, 1), stride=(1, 1))
            (dwconv): MSDWConv(
              (proj): ModuleList(
                (0): Conv2d(32, 32, kernel_size=(1, 1), stride=(1, 1), groups=32)
                (1): Conv2d(32, 32, kernel_size=(3, 3), stride=(1, 1), padding=(1, 1), groups=32)
                (2): Conv2d(32, 32, kernel_size=(5, 5), stride=(1, 1), padding=(2, 2), groups=32)
                (3): Conv2d(32, 32, kernel_size=(7, 7), stride=(1, 1), padding=(3, 3), groups=32)
              )
            )
            (fc2): Conv2d(64, 64, kernel_size=(1, 1), stride=(1, 1))
            (act): GELU(approximate='none')
          )
        )
        (conv): Conv2d(64, 64, kernel_size=(3, 3), stride=(1, 1), padding=(1, 1))
      )
    )
    (1): Sequential(
      (0): S1_TransBlock_NoMAB1(
        (lab): LAB(
          (net): Sequential(
            (0): Conv2d(32, 32, kernel_size=(1, 1), stride=(1, 1))
            (1): GELU(approximate='none')
            (2): Conv2d(32, 32, kernel_size=(3, 3), stride=(1, 1), padding=(1, 1), groups=32)
            (3): GELU(approximate='none')
            (4): ChannelAttention(
              (attention): Sequential(
                (0): AdaptiveAvgPool2d(output_size=1)
                (1): Conv2d(32, 8, kernel_size=(1, 1), stride=(1, 1))
                (2): SiLU()
                (3): Conv2d(8, 32, kernel_size=(1, 1), stride=(1, 1))
                (4): Sigmoid()
              )
            )
            (5): Conv2d(32, 32, kernel_size=(1, 1), stride=(1, 1))
          )
        )
        (pa): PA(
          (conv): Conv2d(32, 32, kernel_size=(1, 1), stride=(1, 1))
          (sigmoid): Sigmoid()
        )
        (mab2): MAB(
          (norm1): LayerNorm2d()
          (attn): NeighborhoodAttention2D(
            head_dim=16, num_head=2, kernel_sizes=((7, 7), (11, 11)), dilations=((5, 5), (3, 3)), is_causal=[False, False], has_bias=True
            (qkv): Linear(in_features=32, out_features=96, bias=True)
            (rpb): ParameterList(
                (0): Parameter containing: [torch.float32 of size 1x13x13 (cuda:0)]
                (1): Parameter containing: [torch.float32 of size 1x21x21 (cuda:0)]
            )
            (attn_drop): Dropout(p=0.0, inplace=False)
            (proj): Linear(in_features=32, out_features=32, bias=True)
            (proj_drop): Dropout(p=0.0, inplace=False)
          )
          (norm2): LayerNorm2d()
          (ffn): MSConvStar(
            (fc1): Conv2d(32, 64, kernel_size=(1, 1), stride=(1, 1))
            (dwconv): MSDWConv(
              (proj): ModuleList(
                (0): Conv2d(16, 16, kernel_size=(1, 1), stride=(1, 1), groups=16)
                (1): Conv2d(16, 16, kernel_size=(3, 3), stride=(1, 1), padding=(1, 1), groups=16)
                (2): Conv2d(16, 16, kernel_size=(5, 5), stride=(1, 1), padding=(2, 2), groups=16)
                (3): Conv2d(16, 16, kernel_size=(7, 7), stride=(1, 1), padding=(3, 3), groups=16)
              )
            )
            (fc2): Conv2d(32, 32, kernel_size=(1, 1), stride=(1, 1))
            (act): GELU(approximate='none')
          )
        )
        (conv): Conv2d(32, 32, kernel_size=(3, 3), stride=(1, 1), padding=(1, 1))
      )
      (1): S1_TransBlock_NoMAB1(
        (lab): LAB(
          (net): Sequential(
            (0): Conv2d(32, 32, kernel_size=(1, 1), stride=(1, 1))
            (1): GELU(approximate='none')
            (2): Conv2d(32, 32, kernel_size=(3, 3), stride=(1, 1), padding=(1, 1), groups=32)
            (3): GELU(approximate='none')
            (4): ChannelAttention(
              (attention): Sequential(
                (0): AdaptiveAvgPool2d(output_size=1)
                (1): Conv2d(32, 8, kernel_size=(1, 1), stride=(1, 1))
                (2): SiLU()
                (3): Conv2d(8, 32, kernel_size=(1, 1), stride=(1, 1))
                (4): Sigmoid()
              )
            )
            (5): Conv2d(32, 32, kernel_size=(1, 1), stride=(1, 1))
          )
        )
        (pa): PA(
          (conv): Conv2d(32, 32, kernel_size=(1, 1), stride=(1, 1))
          (sigmoid): Sigmoid()
        )
        (mab2): MAB(
          (norm1): LayerNorm2d()
          (attn): NeighborhoodAttention2D(
            head_dim=16, num_head=2, kernel_sizes=((7, 7), (11, 11)), dilations=((5, 5), (3, 3)), is_causal=[False, False], has_bias=True
            (qkv): Linear(in_features=32, out_features=96, bias=True)
            (rpb): ParameterList(
                (0): Parameter containing: [torch.float32 of size 1x13x13 (cuda:0)]
                (1): Parameter containing: [torch.float32 of size 1x21x21 (cuda:0)]
            )
            (attn_drop): Dropout(p=0.0, inplace=False)
            (proj): Linear(in_features=32, out_features=32, bias=True)
            (proj_drop): Dropout(p=0.0, inplace=False)
          )
          (norm2): LayerNorm2d()
          (ffn): MSConvStar(
            (fc1): Conv2d(32, 64, kernel_size=(1, 1), stride=(1, 1))
            (dwconv): MSDWConv(
              (proj): ModuleList(
                (0): Conv2d(16, 16, kernel_size=(1, 1), stride=(1, 1), groups=16)
                (1): Conv2d(16, 16, kernel_size=(3, 3), stride=(1, 1), padding=(1, 1), groups=16)
                (2): Conv2d(16, 16, kernel_size=(5, 5), stride=(1, 1), padding=(2, 2), groups=16)
                (3): Conv2d(16, 16, kernel_size=(7, 7), stride=(1, 1), padding=(3, 3), groups=16)
              )
            )
            (fc2): Conv2d(32, 32, kernel_size=(1, 1), stride=(1, 1))
            (act): GELU(approximate='none')
          )
        )
        (conv): Conv2d(32, 32, kernel_size=(3, 3), stride=(1, 1), padding=(1, 1))
      )
      (2): S1_TransBlock_NoMAB1(
        (lab): LAB(
          (net): Sequential(
            (0): Conv2d(32, 32, kernel_size=(1, 1), stride=(1, 1))
            (1): GELU(approximate='none')
            (2): Conv2d(32, 32, kernel_size=(3, 3), stride=(1, 1), padding=(1, 1), groups=32)
            (3): GELU(approximate='none')
            (4): ChannelAttention(
              (attention): Sequential(
                (0): AdaptiveAvgPool2d(output_size=1)
                (1): Conv2d(32, 8, kernel_size=(1, 1), stride=(1, 1))
                (2): SiLU()
                (3): Conv2d(8, 32, kernel_size=(1, 1), stride=(1, 1))
                (4): Sigmoid()
              )
            )
            (5): Conv2d(32, 32, kernel_size=(1, 1), stride=(1, 1))
          )
        )
        (pa): PA(
          (conv): Conv2d(32, 32, kernel_size=(1, 1), stride=(1, 1))
          (sigmoid): Sigmoid()
        )
        (mab2): MAB(
          (norm1): LayerNorm2d()
          (attn): NeighborhoodAttention2D(
            head_dim=16, num_head=2, kernel_sizes=((7, 7), (11, 11)), dilations=((5, 5), (3, 3)), is_causal=[False, False], has_bias=True
            (qkv): Linear(in_features=32, out_features=96, bias=True)
            (rpb): ParameterList(
                (0): Parameter containing: [torch.float32 of size 1x13x13 (cuda:0)]
                (1): Parameter containing: [torch.float32 of size 1x21x21 (cuda:0)]
            )
            (attn_drop): Dropout(p=0.0, inplace=False)
            (proj): Linear(in_features=32, out_features=32, bias=True)
            (proj_drop): Dropout(p=0.0, inplace=False)
          )
          (norm2): LayerNorm2d()
          (ffn): MSConvStar(
            (fc1): Conv2d(32, 64, kernel_size=(1, 1), stride=(1, 1))
            (dwconv): MSDWConv(
              (proj): ModuleList(
                (0): Conv2d(16, 16, kernel_size=(1, 1), stride=(1, 1), groups=16)
                (1): Conv2d(16, 16, kernel_size=(3, 3), stride=(1, 1), padding=(1, 1), groups=16)
                (2): Conv2d(16, 16, kernel_size=(5, 5), stride=(1, 1), padding=(2, 2), groups=16)
                (3): Conv2d(16, 16, kernel_size=(7, 7), stride=(1, 1), padding=(3, 3), groups=16)
              )
            )
            (fc2): Conv2d(32, 32, kernel_size=(1, 1), stride=(1, 1))
            (act): GELU(approximate='none')
          )
        )
        (conv): Conv2d(32, 32, kernel_size=(3, 3), stride=(1, 1), padding=(1, 1))
      )
      (3): S1_TransBlock_NoMAB1(
        (lab): LAB(
          (net): Sequential(
            (0): Conv2d(32, 32, kernel_size=(1, 1), stride=(1, 1))
            (1): GELU(approximate='none')
            (2): Conv2d(32, 32, kernel_size=(3, 3), stride=(1, 1), padding=(1, 1), groups=32)
            (3): GELU(approximate='none')
            (4): ChannelAttention(
              (attention): Sequential(
                (0): AdaptiveAvgPool2d(output_size=1)
                (1): Conv2d(32, 8, kernel_size=(1, 1), stride=(1, 1))
                (2): SiLU()
                (3): Conv2d(8, 32, kernel_size=(1, 1), stride=(1, 1))
                (4): Sigmoid()
              )
            )
            (5): Conv2d(32, 32, kernel_size=(1, 1), stride=(1, 1))
          )
        )
        (pa): PA(
          (conv): Conv2d(32, 32, kernel_size=(1, 1), stride=(1, 1))
          (sigmoid): Sigmoid()
        )
        (mab2): MAB(
          (norm1): LayerNorm2d()
          (attn): NeighborhoodAttention2D(
            head_dim=16, num_head=2, kernel_sizes=((7, 7), (11, 11)), dilations=((5, 5), (3, 3)), is_causal=[False, False], has_bias=True
            (qkv): Linear(in_features=32, out_features=96, bias=True)
            (rpb): ParameterList(
                (0): Parameter containing: [torch.float32 of size 1x13x13 (cuda:0)]
                (1): Parameter containing: [torch.float32 of size 1x21x21 (cuda:0)]
            )
            (attn_drop): Dropout(p=0.0, inplace=False)
            (proj): Linear(in_features=32, out_features=32, bias=True)
            (proj_drop): Dropout(p=0.0, inplace=False)
          )
          (norm2): LayerNorm2d()
          (ffn): MSConvStar(
            (fc1): Conv2d(32, 64, kernel_size=(1, 1), stride=(1, 1))
            (dwconv): MSDWConv(
              (proj): ModuleList(
                (0): Conv2d(16, 16, kernel_size=(1, 1), stride=(1, 1), groups=16)
                (1): Conv2d(16, 16, kernel_size=(3, 3), stride=(1, 1), padding=(1, 1), groups=16)
                (2): Conv2d(16, 16, kernel_size=(5, 5), stride=(1, 1), padding=(2, 2), groups=16)
                (3): Conv2d(16, 16, kernel_size=(7, 7), stride=(1, 1), padding=(3, 3), groups=16)
              )
            )
            (fc2): Conv2d(32, 32, kernel_size=(1, 1), stride=(1, 1))
            (act): GELU(approximate='none')
          )
        )
        (conv): Conv2d(32, 32, kernel_size=(3, 3), stride=(1, 1), padding=(1, 1))
      )
    )
  )
  (ups): ModuleList(
    (0): UpsampleDW(
      (body): Sequential(
        (0): Conv2d(128, 128, kernel_size=(3, 3), stride=(1, 1), padding=(1, 1), groups=128, bias=False)
        (1): Conv2d(128, 256, kernel_size=(1, 1), stride=(1, 1), bias=False)
        (2): PixelShuffle(upscale_factor=2)
      )
    )
    (1): UpsampleDW(
      (body): Sequential(
        (0): Conv2d(64, 64, kernel_size=(3, 3), stride=(1, 1), padding=(1, 1), groups=64, bias=False)
        (1): Conv2d(64, 128, kernel_size=(1, 1), stride=(1, 1), bias=False)
        (2): PixelShuffle(upscale_factor=2)
      )
    )
  )
  (downs): ModuleList(
    (0): DownsampleDW(
      (body): Sequential(
        (0): Conv2d(32, 32, kernel_size=(3, 3), stride=(1, 1), padding=(1, 1), groups=32, bias=False)
        (1): Conv2d(32, 16, kernel_size=(1, 1), stride=(1, 1), bias=False)
        (2): PixelUnshuffle(downscale_factor=2)
      )
    )
    (1): DownsampleDW(
      (body): Sequential(
        (0): Conv2d(64, 64, kernel_size=(3, 3), stride=(1, 1), padding=(1, 1), groups=64, bias=False)
        (1): Conv2d(64, 32, kernel_size=(1, 1), stride=(1, 1), bias=False)
        (2): PixelUnshuffle(downscale_factor=2)
      )
    )
  )
  (middle_blks): Sequential(
    (0): StripCAMParallelAddDW5MiddleBlock(
      (norm1): LayerNorm2d()
      (parallel_attn): StripCAMParallelAddDW5Attention(
        (proj_1): Conv2d(128, 128, kernel_size=(1, 1), stride=(1, 1))
        (activation): GELU(approximate='none')
        (strip_branch): StripModule(
          (conv0): Conv2d(64, 64, kernel_size=(5, 5), stride=(1, 1), padding=(2, 2), groups=64)
          (conv_spatial1): Conv2d(64, 64, kernel_size=(1, 47), stride=(1, 1), padding=(0, 23), groups=64)
          (conv_spatial2): Conv2d(64, 64, kernel_size=(47, 1), stride=(1, 1), padding=(23, 0), groups=64)
          (conv1): Conv2d(64, 64, kernel_size=(1, 1), stride=(1, 1))
        )
        (dw5_branch): DWConv5x5Branch(
          (dwconv): Conv2d(64, 64, kernel_size=(5, 5), stride=(1, 1), padding=(2, 2), groups=64)
        )
        (cam_branch): ChannelAttention(
          (attention): Sequential(
            (0): AdaptiveAvgPool2d(output_size=1)
            (1): Conv2d(128, 32, kernel_size=(1, 1), stride=(1, 1))
            (2): SiLU()
            (3): Conv2d(32, 128, kernel_size=(1, 1), stride=(1, 1))
            (4): Sigmoid()
          )
        )
        (proj_2): Conv2d(128, 128, kernel_size=(1, 1), stride=(1, 1))
      )
      (norm2): LayerNorm2d()
      (project_in): Conv2d(128, 680, kernel_size=(1, 1), stride=(1, 1), bias=False)
      (dwconv): Conv2d(680, 680, kernel_size=(3, 3), stride=(1, 1), padding=(1, 1), groups=680, bias=False)
      (project_out): Conv2d(340, 128, kernel_size=(1, 1), stride=(1, 1), bias=False)
    )
  )
)
Preparing loss function:
1.000 * L1

🏃 Starting training...
[Epoch 300]	Learning rate: 5.00e-5
/root/miniconda3/envs/transenet-pren/lib/python3.8/site-packages/torch/optim/lr_scheduler.py:136: UserWarning: Detected call of `lr_scheduler.step()` before `optimizer.step()`. In PyTorch 1.1.0 and later, you should call them in the opposite order: `optimizer.step()` before `lr_scheduler.step()`.  Failure to do this will result in PyTorch skipping the first value of the learning rate schedule. See more details at https://pytorch.org/docs/stable/optim.html#how-to-adjust-learning-rate
  warnings.warn("Detected call of `lr_scheduler.step()` before `optimizer.step()`. "
[40/945]	[L1: 0.0153]	2.0+0.1s
[80/945]	[L1: 0.0143]	1.2+0.0s
[120/945]	[L1: 0.0149]	1.2+0.0s
[160/945]	[L1: 0.0151]	1.2+0.0s
[200/945]	[L1: 0.0147]	1.2+0.0s
[240/945]	[L1: 0.0149]	1.2+0.0s
[280/945]	[L1: 0.0151]	1.3+0.0s
[320/945]	[L1: 0.0148]	1.2+0.0s
[360/945]	[L1: 0.0147]	1.2+0.0s
[400/945]	[L1: 0.0147]	1.2+0.0s
[440/945]	[L1: 0.0147]	1.2+0.0s
[480/945]	[L1: 0.0148]	1.2+0.0s
[520/945]	[L1: 0.0148]	1.2+0.0s
[560/945]	[L1: 0.0147]	1.2+0.0s
[600/945]	[L1: 0.0148]	1.2+0.0s
[640/945]	[L1: 0.0147]	1.2+0.0s
[680/945]	[L1: 0.0147]	1.2+0.0s
[720/945]	[L1: 0.0149]	1.2+0.0s
[760/945]	[L1: 0.0150]	1.2+0.0s
[800/945]	[L1: 0.0151]	1.3+0.0s
[840/945]	[L1: 0.0150]	1.3+0.0s
[880/945]	[L1: 0.0151]	1.2+0.0s
[920/945]	[L1: 0.0150]	1.2+0.0s
Saved epoch checkpoint at epoch 300

Evaluation:
[UCMerced x2]	psnr: 34.531 (Best: 34.531 @epoch 300)
Total time: 2.18s

[Epoch 301]	Learning rate: 5.00e-5
[40/945]	[L1: 0.0148]	1.2+0.0s
[80/945]	[L1: 0.0157]	1.3+0.0s
[120/945]	[L1: 0.0156]	1.2+0.0s
[160/945]	[L1: 0.0149]	1.2+0.0s
[200/945]	[L1: 0.0152]	1.3+0.0s
[240/945]	[L1: 0.0151]	1.2+0.0s
[280/945]	[L1: 0.0151]	1.3+0.0s
[320/945]	[L1: 0.0151]	1.3+0.0s
[360/945]	[L1: 0.0147]	1.3+0.0s
[400/945]	[L1: 0.0150]	1.2+0.0s
[440/945]	[L1: 0.0150]	1.3+0.0s
[480/945]	[L1: 0.0149]	1.3+0.0s
[520/945]	[L1: 0.0149]	1.3+0.0s
[560/945]	[L1: 0.0151]	1.3+0.0s
[600/945]	[L1: 0.0151]	1.3+0.0s
[640/945]	[L1: 0.0152]	1.4+0.0s
[680/945]	[L1: 0.0151]	1.3+0.0s
[720/945]	[L1: 0.0150]	1.3+0.0s
[760/945]	[L1: 0.0150]	1.3+0.0s
[800/945]	[L1: 0.0149]	1.3+0.0s
[840/945]	[L1: 0.0149]	1.3+0.0s
[880/945]	[L1: 0.0149]	1.3+0.0s
[920/945]	[L1: 0.0148]	1.3+0.0s

Evaluation:
[UCMerced x2]	psnr: 34.524 (Best: 34.531 @epoch 300)
Total time: 1.79s

[Epoch 302]	Learning rate: 5.00e-5
[40/945]	[L1: 0.0138]	1.3+0.0s
[80/945]	[L1: 0.0137]	1.3+0.0s
[120/945]	[L1: 0.0144]	1.4+0.0s
[160/945]	[L1: 0.0145]	1.3+0.0s
[200/945]	[L1: 0.0144]	1.2+0.0s
[240/945]	[L1: 0.0142]	1.2+0.0s
[280/945]	[L1: 0.0145]	1.3+0.0s
[320/945]	[L1: 0.0145]	1.2+0.0s
[360/945]	[L1: 0.0147]	1.3+0.0s
[400/945]	[L1: 0.0148]	1.2+0.0s
[440/945]	[L1: 0.0147]	1.2+0.0s
[480/945]	[L1: 0.0145]	1.3+0.0s
[520/945]	[L1: 0.0143]	1.3+0.0s
[560/945]	[L1: 0.0144]	1.3+0.0s
[600/945]	[L1: 0.0145]	1.2+0.0s
[640/945]	[L1: 0.0144]	1.3+0.0s
[680/945]	[L1: 0.0144]	1.4+0.0s
[720/945]	[L1: 0.0144]	1.3+0.0s
[760/945]	[L1: 0.0145]	1.3+0.0s
[800/945]	[L1: 0.0145]	1.3+0.0s
[840/945]	[L1: 0.0146]	1.3+0.0s
[880/945]	[L1: 0.0146]	1.3+0.0s
[920/945]	[L1: 0.0147]	1.2+0.0s

Evaluation:
[UCMerced x2]	psnr: 34.537 (Best: 34.537 @epoch 302)
Total time: 1.79s

[Epoch 303]	Learning rate: 5.00e-5
[40/945]	[L1: 0.0140]	1.2+0.0s
[80/945]	[L1: 0.0148]	1.3+0.0s
[120/945]	[L1: 0.0140]	1.4+0.0s
[160/945]	[L1: 0.0137]	1.3+0.0s
[200/945]	[L1: 0.0143]	1.2+0.0s
[240/945]	[L1: 0.0146]	1.3+0.0s
[280/945]	[L1: 0.0148]	1.3+0.0s
[320/945]	[L1: 0.0148]	1.2+0.0s
[360/945]	[L1: 0.0147]	1.2+0.0s
[400/945]	[L1: 0.0150]	1.3+0.0s
[440/945]	[L1: 0.0149]	1.2+0.0s
[480/945]	[L1: 0.0148]	1.2+0.0s
[520/945]	[L1: 0.0148]	1.2+0.0s
[560/945]	[L1: 0.0148]	1.2+0.0s
[600/945]	[L1: 0.0149]	1.3+0.0s
[640/945]	[L1: 0.0150]	1.2+0.0s
[680/945]	[L1: 0.0151]	1.3+0.0s
[720/945]	[L1: 0.0150]	1.3+0.0s
[760/945]	[L1: 0.0149]	1.2+0.0s
[800/945]	[L1: 0.0149]	1.2+0.0s
[840/945]	[L1: 0.0149]	1.3+0.0s
[880/945]	[L1: 0.0150]	1.3+0.0s
[920/945]	[L1: 0.0150]	1.2+0.0s

Evaluation:
[UCMerced x2]	psnr: 34.533 (Best: 34.537 @epoch 302)
Total time: 1.77s

[Epoch 304]	Learning rate: 5.00e-5
[40/945]	[L1: 0.0129]	1.3+0.0s
[80/945]	[L1: 0.0136]	1.2+0.0s
[120/945]	[L1: 0.0133]	1.2+0.0s
[160/945]	[L1: 0.0143]	1.3+0.0s
[200/945]	[L1: 0.0144]	1.2+0.0s
[240/945]	[L1: 0.0142]	1.2+0.0s
[280/945]	[L1: 0.0142]	1.2+0.0s
[320/945]	[L1: 0.0144]	1.2+0.0s
[360/945]	[L1: 0.0145]	1.3+0.0s
[400/945]	[L1: 0.0147]	1.3+0.0s
[440/945]	[L1: 0.0147]	1.2+0.0s
[480/945]	[L1: 0.0147]	1.3+0.0s
[520/945]	[L1: 0.0147]	1.2+0.0s
[560/945]	[L1: 0.0148]	1.2+0.0s
[600/945]	[L1: 0.0149]	1.3+0.0s
[640/945]	[L1: 0.0149]	1.3+0.0s
[680/945]	[L1: 0.0149]	1.2+0.0s
[720/945]	[L1: 0.0149]	1.4+0.0s
[760/945]	[L1: 0.0148]	1.2+0.0s
[800/945]	[L1: 0.0149]	1.3+0.0s
[840/945]	[L1: 0.0149]	1.2+0.0s
[880/945]	[L1: 0.0149]	1.2+0.0s
[920/945]	[L1: 0.0149]	1.2+0.0s

Evaluation:
[UCMerced x2]	psnr: 34.532 (Best: 34.537 @epoch 302)
Total time: 1.77s

[Epoch 305]	Learning rate: 5.00e-5
[40/945]	[L1: 0.0151]	1.2+0.0s
[80/945]	[L1: 0.0154]	1.3+0.0s
[120/945]	[L1: 0.0153]	1.2+0.0s
[160/945]	[L1: 0.0147]	1.2+0.0s
[200/945]	[L1: 0.0146]	1.2+0.0s
[240/945]	[L1: 0.0146]	1.3+0.0s
[280/945]	[L1: 0.0145]	1.2+0.0s
[320/945]	[L1: 0.0146]	1.2+0.0s
[360/945]	[L1: 0.0148]	1.3+0.0s
[400/945]	[L1: 0.0148]	1.3+0.0s
[440/945]	[L1: 0.0149]	1.2+0.0s
[480/945]	[L1: 0.0147]	1.3+0.0s
[520/945]	[L1: 0.0146]	1.2+0.0s
[560/945]	[L1: 0.0147]	1.3+0.0s
[600/945]	[L1: 0.0149]	1.2+0.0s
[640/945]	[L1: 0.0149]	1.2+0.0s
[680/945]	[L1: 0.0149]	1.2+0.0s
[720/945]	[L1: 0.0149]	1.2+0.0s
[760/945]	[L1: 0.0148]	1.2+0.0s
[800/945]	[L1: 0.0148]	1.4+0.0s
[840/945]	[L1: 0.0147]	1.3+0.0s
[880/945]	[L1: 0.0148]	1.2+0.0s
[920/945]	[L1: 0.0148]	1.3+0.0s

Evaluation:
[UCMerced x2]	psnr: 34.522 (Best: 34.537 @epoch 302)
Total time: 1.76s

[Epoch 306]	Learning rate: 5.00e-5
[40/945]	[L1: 0.0144]	1.3+0.0s
[80/945]	[L1: 0.0153]	1.3+0.0s
[120/945]	[L1: 0.0153]	1.3+0.0s
[160/945]	[L1: 0.0152]	1.3+0.0s
[200/945]	[L1: 0.0149]	1.2+0.0s
[240/945]	[L1: 0.0150]	1.2+0.0s
[280/945]	[L1: 0.0152]	1.4+0.0s
[320/945]	[L1: 0.0154]	1.3+0.0s
[360/945]	[L1: 0.0152]	1.3+0.0s
[400/945]	[L1: 0.0152]	1.2+0.0s
[440/945]	[L1: 0.0151]	1.3+0.0s
[480/945]	[L1: 0.0152]	1.2+0.0s
[520/945]	[L1: 0.0150]	1.3+0.0s
[560/945]	[L1: 0.0151]	1.2+0.0s
[600/945]	[L1: 0.0152]	1.2+0.0s
[640/945]	[L1: 0.0152]	1.2+0.0s
[680/945]	[L1: 0.0152]	1.2+0.0s
[720/945]	[L1: 0.0151]	1.2+0.0s
[760/945]	[L1: 0.0152]	1.3+0.0s
[800/945]	[L1: 0.0152]	1.2+0.0s
[840/945]	[L1: 0.0151]	1.3+0.0s
[880/945]	[L1: 0.0151]	1.2+0.0s
[920/945]	[L1: 0.0150]	1.2+0.0s

Evaluation:
[UCMerced x2]	psnr: 34.535 (Best: 34.537 @epoch 302)
Total time: 1.76s

[Epoch 307]	Learning rate: 5.00e-5
[40/945]	[L1: 0.0146]	1.3+0.0s
[80/945]	[L1: 0.0148]	1.3+0.0s
[120/945]	[L1: 0.0143]	1.3+0.0s
[160/945]	[L1: 0.0145]	1.3+0.0s
[200/945]	[L1: 0.0147]	1.3+0.0s
[240/945]	[L1: 0.0145]	1.3+0.0s
[280/945]	[L1: 0.0146]	1.2+0.0s
[320/945]	[L1: 0.0147]	1.3+0.0s
[360/945]	[L1: 0.0147]	1.3+0.0s
[400/945]	[L1: 0.0148]	1.3+0.0s
[440/945]	[L1: 0.0146]	1.2+0.0s
[480/945]	[L1: 0.0145]	1.3+0.0s
[520/945]	[L1: 0.0145]	1.3+0.0s
[560/945]	[L1: 0.0146]	1.2+0.0s
[600/945]	[L1: 0.0147]	1.2+0.0s
[640/945]	[L1: 0.0147]	1.3+0.0s
[680/945]	[L1: 0.0148]	1.3+0.0s
[720/945]	[L1: 0.0149]	1.3+0.0s
[760/945]	[L1: 0.0150]	1.2+0.0s
[800/945]	[L1: 0.0149]	1.3+0.0s
[840/945]	[L1: 0.0148]	1.3+0.0s
[880/945]	[L1: 0.0149]	1.3+0.0s
[920/945]	[L1: 0.0149]	1.2+0.0s

Evaluation:
[UCMerced x2]	psnr: 34.535 (Best: 34.537 @epoch 302)
Total time: 1.76s

[Epoch 308]	Learning rate: 5.00e-5
[40/945]	[L1: 0.0150]	1.2+0.0s
[80/945]	[L1: 0.0151]	1.2+0.0s
[120/945]	[L1: 0.0159]	1.2+0.0s
[160/945]	[L1: 0.0154]	1.2+0.0s
[200/945]	[L1: 0.0155]	1.2+0.0s
[240/945]	[L1: 0.0153]	1.2+0.0s
[280/945]	[L1: 0.0152]	1.2+0.0s
[320/945]	[L1: 0.0153]	1.2+0.0s
[360/945]	[L1: 0.0152]	1.3+0.0s
[400/945]	[L1: 0.0153]	1.2+0.0s
[440/945]	[L1: 0.0152]	1.2+0.0s
[480/945]	[L1: 0.0151]	1.2+0.0s
[520/945]	[L1: 0.0150]	1.2+0.0s
[560/945]	[L1: 0.0150]	1.2+0.0s
[600/945]	[L1: 0.0150]	1.2+0.0s
[640/945]	[L1: 0.0149]	1.2+0.0s
[680/945]	[L1: 0.0149]	1.3+0.0s
[720/945]	[L1: 0.0148]	1.2+0.0s
[760/945]	[L1: 0.0147]	1.2+0.0s
[800/945]	[L1: 0.0148]	1.2+0.0s
[840/945]	[L1: 0.0148]	1.2+0.0s
[880/945]	[L1: 0.0149]	1.2+0.0s
[920/945]	[L1: 0.0149]	1.3+0.0s

Evaluation:
[UCMerced x2]	psnr: 34.535 (Best: 34.537 @epoch 302)
Total time: 1.75s

[Epoch 309]	Learning rate: 5.00e-5
[40/945]	[L1: 0.0124]	1.2+0.0s
[80/945]	[L1: 0.0133]	1.2+0.0s
[120/945]	[L1: 0.0141]	1.2+0.0s
[160/945]	[L1: 0.0146]	1.3+0.0s
[200/945]	[L1: 0.0152]	1.2+0.0s
[240/945]	[L1: 0.0149]	1.2+0.0s
[280/945]	[L1: 0.0151]	1.3+0.0s
[320/945]	[L1: 0.0150]	1.2+0.0s
[360/945]	[L1: 0.0151]	1.2+0.0s
[400/945]	[L1: 0.0152]	1.2+0.0s
[440/945]	[L1: 0.0151]	1.3+0.0s
[480/945]	[L1: 0.0151]	1.2+0.0s
[520/945]	[L1: 0.0150]	1.2+0.0s
[560/945]	[L1: 0.0151]	1.2+0.0s
[600/945]	[L1: 0.0151]	1.2+0.0s
[640/945]	[L1: 0.0151]	1.2+0.0s
[680/945]	[L1: 0.0150]	1.2+0.0s
[720/945]	[L1: 0.0151]	1.2+0.0s
[760/945]	[L1: 0.0150]	1.2+0.0s
[800/945]	[L1: 0.0149]	1.2+0.0s
[840/945]	[L1: 0.0149]	1.2+0.0s
[880/945]	[L1: 0.0149]	1.2+0.0s
[920/945]	[L1: 0.0149]	1.2+0.0s

Evaluation:
[UCMerced x2]	psnr: 34.539 (Best: 34.539 @epoch 309)
Total time: 1.73s

[Epoch 310]	Learning rate: 5.00e-5
[40/945]	[L1: 0.0154]	1.2+0.0s
[80/945]	[L1: 0.0149]	1.2+0.0s
[120/945]	[L1: 0.0146]	1.2+0.0s
[160/945]	[L1: 0.0144]	1.2+0.0s
[200/945]	[L1: 0.0145]	1.2+0.0s
[240/945]	[L1: 0.0152]	1.2+0.0s
[280/945]	[L1: 0.0151]	1.2+0.0s
[320/945]	[L1: 0.0151]	1.2+0.0s
[360/945]	[L1: 0.0150]	1.2+0.0s
[400/945]	[L1: 0.0149]	1.2+0.0s
[440/945]	[L1: 0.0150]	1.2+0.0s
[480/945]	[L1: 0.0151]	1.3+0.0s
[520/945]	[L1: 0.0149]	1.2+0.0s
[560/945]	[L1: 0.0149]	1.3+0.0s
[600/945]	[L1: 0.0150]	1.3+0.0s
[640/945]	[L1: 0.0152]	1.3+0.0s
[680/945]	[L1: 0.0152]	1.3+0.0s
[720/945]	[L1: 0.0151]	1.3+0.0s
[760/945]	[L1: 0.0149]	1.2+0.0s
[800/945]	[L1: 0.0149]	1.2+0.0s
[840/945]	[L1: 0.0149]	1.2+0.0s
[880/945]	[L1: 0.0148]	1.2+0.0s
[920/945]	[L1: 0.0148]	1.2+0.0s

Evaluation:
[UCMerced x2]	psnr: 34.516 (Best: 34.539 @epoch 309)
Total time: 1.76s

[Epoch 311]	Learning rate: 5.00e-5
[40/945]	[L1: 0.0146]	1.2+0.0s
[80/945]	[L1: 0.0153]	1.3+0.0s
[120/945]	[L1: 0.0154]	1.3+0.0s
[160/945]	[L1: 0.0150]	1.3+0.0s
[200/945]	[L1: 0.0150]	1.2+0.0s
[240/945]	[L1: 0.0148]	1.2+0.0s
[280/945]	[L1: 0.0148]	1.2+0.0s
[320/945]	[L1: 0.0149]	1.2+0.0s
[360/945]	[L1: 0.0148]	1.2+0.0s
[400/945]	[L1: 0.0149]	1.2+0.0s
[440/945]	[L1: 0.0148]	1.3+0.0s
[480/945]	[L1: 0.0148]	1.3+0.0s
[520/945]	[L1: 0.0147]	1.2+0.0s
[560/945]	[L1: 0.0147]	1.3+0.0s
[600/945]	[L1: 0.0148]	1.2+0.0s
[640/945]	[L1: 0.0149]	1.3+0.0s
[680/945]	[L1: 0.0149]	1.3+0.0s
[720/945]	[L1: 0.0150]	1.3+0.0s
[760/945]	[L1: 0.0150]	1.2+0.0s
[800/945]	[L1: 0.0150]	1.2+0.0s
[840/945]	[L1: 0.0150]	1.3+0.0s
[880/945]	[L1: 0.0152]	1.2+0.0s
[920/945]	[L1: 0.0151]	1.3+0.0s

Evaluation:
[UCMerced x2]	psnr: 34.514 (Best: 34.539 @epoch 309)
Total time: 1.75s

[Epoch 312]	Learning rate: 5.00e-5
[40/945]	[L1: 0.0158]	1.3+0.0s
[80/945]	[L1: 0.0149]	1.3+0.0s
[120/945]	[L1: 0.0148]	1.3+0.0s
[160/945]	[L1: 0.0146]	1.3+0.0s
[200/945]	[L1: 0.0148]	1.3+0.0s
[240/945]	[L1: 0.0149]	1.2+0.0s
[280/945]	[L1: 0.0149]	1.3+0.0s
[320/945]	[L1: 0.0148]	1.2+0.0s
[360/945]	[L1: 0.0149]	1.3+0.0s
[400/945]	[L1: 0.0148]	1.3+0.0s
[440/945]	[L1: 0.0146]	1.3+0.0s
[480/945]	[L1: 0.0146]	1.3+0.0s
[520/945]	[L1: 0.0146]	1.3+0.0s
[560/945]	[L1: 0.0146]	1.3+0.0s
[600/945]	[L1: 0.0148]	1.3+0.0s
[640/945]	[L1: 0.0148]	1.2+0.0s
[680/945]	[L1: 0.0148]	1.2+0.0s
[720/945]	[L1: 0.0148]	1.2+0.0s
[760/945]	[L1: 0.0148]	1.2+0.0s
[800/945]	[L1: 0.0149]	1.2+0.0s
[840/945]	[L1: 0.0149]	1.2+0.0s
[880/945]	[L1: 0.0148]	1.2+0.0s
[920/945]	[L1: 0.0148]	1.3+0.0s

Evaluation:
[UCMerced x2]	psnr: 34.527 (Best: 34.539 @epoch 309)
Total time: 1.75s

[Epoch 313]	Learning rate: 5.00e-5
[40/945]	[L1: 0.0142]	1.2+0.0s
[80/945]	[L1: 0.0143]	1.2+0.0s
[120/945]	[L1: 0.0140]	1.3+0.0s
[160/945]	[L1: 0.0146]	1.2+0.0s
[200/945]	[L1: 0.0147]	1.3+0.0s
[240/945]	[L1: 0.0147]	1.2+0.0s
[280/945]	[L1: 0.0146]	1.2+0.0s
[320/945]	[L1: 0.0147]	1.2+0.0s
[360/945]	[L1: 0.0146]	1.3+0.0s
[400/945]	[L1: 0.0146]	1.2+0.0s
[440/945]	[L1: 0.0147]	1.2+0.0s
[480/945]	[L1: 0.0149]	1.2+0.0s
[520/945]	[L1: 0.0150]	1.2+0.0s
[560/945]	[L1: 0.0150]	1.2+0.0s
[600/945]	[L1: 0.0150]	1.2+0.0s
[640/945]	[L1: 0.0150]	1.3+0.0s
[680/945]	[L1: 0.0151]	1.3+0.0s
[720/945]	[L1: 0.0149]	1.2+0.0s
[760/945]	[L1: 0.0149]	1.2+0.0s
[800/945]	[L1: 0.0150]	1.2+0.0s
[840/945]	[L1: 0.0150]	1.2+0.0s
[880/945]	[L1: 0.0150]	1.2+0.0s
[920/945]	[L1: 0.0150]	1.2+0.0s

Evaluation:
[UCMerced x2]	psnr: 34.525 (Best: 34.539 @epoch 309)
Total time: 1.72s

[Epoch 314]	Learning rate: 5.00e-5
[40/945]	[L1: 0.0150]	1.2+0.0s
[80/945]	[L1: 0.0153]	1.2+0.0s
[120/945]	[L1: 0.0147]	1.2+0.0s
[160/945]	[L1: 0.0150]	1.3+0.0s
[200/945]	[L1: 0.0151]	1.2+0.0s
[240/945]	[L1: 0.0151]	1.2+0.0s
[280/945]	[L1: 0.0153]	1.2+0.0s
[320/945]	[L1: 0.0152]	1.2+0.0s
[360/945]	[L1: 0.0152]	1.2+0.0s
[400/945]	[L1: 0.0151]	1.2+0.0s
[440/945]	[L1: 0.0150]	1.2+0.0s
[480/945]	[L1: 0.0149]	1.2+0.0s
[520/945]	[L1: 0.0150]	1.2+0.0s
[560/945]	[L1: 0.0151]	1.2+0.0s
[600/945]	[L1: 0.0151]	1.2+0.0s
[640/945]	[L1: 0.0151]	1.2+0.0s
[680/945]	[L1: 0.0149]	1.2+0.0s
[720/945]	[L1: 0.0150]	1.3+0.0s
[760/945]	[L1: 0.0149]	1.2+0.0s
[800/945]	[L1: 0.0150]	1.2+0.0s
[840/945]	[L1: 0.0150]	1.2+0.0s
[880/945]	[L1: 0.0149]	1.2+0.0s
[920/945]	[L1: 0.0150]	1.2+0.0s

Evaluation:
[UCMerced x2]	psnr: 34.537 (Best: 34.539 @epoch 309)
Total time: 1.73s

[Epoch 315]	Learning rate: 5.00e-5
[40/945]	[L1: 0.0155]	1.2+0.0s
[80/945]	[L1: 0.0149]	1.2+0.0s
[120/945]	[L1: 0.0148]	1.2+0.0s
[160/945]	[L1: 0.0148]	1.2+0.0s
[200/945]	[L1: 0.0146]	1.3+0.0s
[240/945]	[L1: 0.0144]	1.2+0.0s
[280/945]	[L1: 0.0146]	1.2+0.0s
[320/945]	[L1: 0.0145]	1.2+0.0s
[360/945]	[L1: 0.0144]	1.3+0.0s
[400/945]	[L1: 0.0146]	1.2+0.0s
[440/945]	[L1: 0.0146]	1.2+0.0s
[480/945]	[L1: 0.0147]	1.2+0.0s
[520/945]	[L1: 0.0148]	1.3+0.0s
[560/945]	[L1: 0.0149]	1.2+0.0s
[600/945]	[L1: 0.0149]	1.3+0.0s
[640/945]	[L1: 0.0150]	1.2+0.0s
[680/945]	[L1: 0.0150]	1.2+0.0s
[720/945]	[L1: 0.0149]	1.2+0.0s
[760/945]	[L1: 0.0149]	1.3+0.0s
[800/945]	[L1: 0.0149]	1.3+0.0s
[840/945]	[L1: 0.0150]	1.3+0.0s
[880/945]	[L1: 0.0150]	1.2+0.0s
[920/945]	[L1: 0.0149]	1.2+0.0s

Evaluation:
[UCMerced x2]	psnr: 34.542 (Best: 34.542 @epoch 315)
Total time: 1.73s

[Epoch 316]	Learning rate: 5.00e-5
[40/945]	[L1: 0.0168]	1.3+0.0s
[80/945]	[L1: 0.0169]	1.2+0.0s
[120/945]	[L1: 0.0162]	1.2+0.0s
[160/945]	[L1: 0.0160]	1.3+0.0s
[200/945]	[L1: 0.0158]	1.2+0.0s
[240/945]	[L1: 0.0154]	1.3+0.0s
[280/945]	[L1: 0.0152]	1.3+0.0s
[320/945]	[L1: 0.0153]	1.2+0.0s
[360/945]	[L1: 0.0152]	1.2+0.0s
[400/945]	[L1: 0.0152]	1.2+0.0s
[440/945]	[L1: 0.0151]	1.3+0.0s
[480/945]	[L1: 0.0153]	1.2+0.0s
[520/945]	[L1: 0.0154]	1.2+0.0s
[560/945]	[L1: 0.0152]	1.3+0.0s
[600/945]	[L1: 0.0153]	1.2+0.0s
[640/945]	[L1: 0.0152]	1.3+0.0s
[680/945]	[L1: 0.0152]	1.3+0.0s
[720/945]	[L1: 0.0151]	1.2+0.0s
[760/945]	[L1: 0.0150]	1.2+0.0s
[800/945]	[L1: 0.0151]	1.2+0.0s
[840/945]	[L1: 0.0150]	1.3+0.0s
[880/945]	[L1: 0.0149]	1.2+0.0s
[920/945]	[L1: 0.0149]	1.2+0.0s

Evaluation:
[UCMerced x2]	psnr: 34.535 (Best: 34.542 @epoch 315)
Total time: 1.73s

[Epoch 317]	Learning rate: 5.00e-5
[40/945]	[L1: 0.0148]	1.2+0.0s
[80/945]	[L1: 0.0155]	1.2+0.0s
[120/945]	[L1: 0.0157]	1.2+0.0s
[160/945]	[L1: 0.0157]	1.3+0.0s
[200/945]	[L1: 0.0156]	1.3+0.0s
[240/945]	[L1: 0.0153]	1.3+0.0s
[280/945]	[L1: 0.0149]	1.2+0.0s
[320/945]	[L1: 0.0149]	1.3+0.0s
[360/945]	[L1: 0.0147]	1.3+0.0s
[400/945]	[L1: 0.0146]	1.3+0.0s
[440/945]	[L1: 0.0148]	1.2+0.0s
[480/945]	[L1: 0.0148]	1.2+0.0s
[520/945]	[L1: 0.0149]	1.3+0.0s
[560/945]	[L1: 0.0148]	1.3+0.0s
[600/945]	[L1: 0.0148]	1.2+0.0s
[640/945]	[L1: 0.0149]	1.2+0.0s
[680/945]	[L1: 0.0149]	1.3+0.0s
[720/945]	[L1: 0.0150]	1.3+0.0s
[760/945]	[L1: 0.0150]	1.3+0.0s
[800/945]	[L1: 0.0150]	1.3+0.0s
[840/945]	[L1: 0.0149]	1.3+0.0s
[880/945]	[L1: 0.0150]	1.3+0.0s
[920/945]	[L1: 0.0150]	1.2+0.0s

Evaluation:
[UCMerced x2]	psnr: 34.539 (Best: 34.542 @epoch 315)
Total time: 1.74s

[Epoch 318]	Learning rate: 5.00e-5
[40/945]	[L1: 0.0146]	1.5+0.0s
[80/945]	[L1: 0.0145]	1.5+0.0s
[120/945]	[L1: 0.0146]	1.3+0.0s
[160/945]	[L1: 0.0152]	1.2+0.0s
[200/945]	[L1: 0.0155]	1.3+0.0s
[240/945]	[L1: 0.0156]	1.2+0.0s
[280/945]	[L1: 0.0154]	1.3+0.0s
[320/945]	[L1: 0.0152]	1.2+0.0s
[360/945]	[L1: 0.0151]	1.3+0.0s
[400/945]	[L1: 0.0150]	1.3+0.0s
[440/945]	[L1: 0.0149]	1.3+0.0s
[480/945]	[L1: 0.0148]	1.3+0.0s
[520/945]	[L1: 0.0148]	1.3+0.0s
[560/945]	[L1: 0.0149]	1.3+0.0s
[600/945]	[L1: 0.0148]	1.3+0.0s
[640/945]	[L1: 0.0149]	1.3+0.0s
[680/945]	[L1: 0.0149]	1.3+0.0s
[720/945]	[L1: 0.0149]	1.3+0.0s
[760/945]	[L1: 0.0149]	1.3+0.0s
[800/945]	[L1: 0.0149]	1.3+0.0s
[840/945]	[L1: 0.0149]	1.2+0.0s
[880/945]	[L1: 0.0150]	1.3+0.0s
[920/945]	[L1: 0.0149]	1.2+0.0s

Evaluation:
[UCMerced x2]	psnr: 34.539 (Best: 34.542 @epoch 315)
Total time: 1.79s

[Epoch 319]	Learning rate: 5.00e-5
[40/945]	[L1: 0.0139]	1.3+0.0s
[80/945]	[L1: 0.0146]	1.2+0.0s
[120/945]	[L1: 0.0140]	1.2+0.0s
[160/945]	[L1: 0.0142]	1.3+0.0s
[200/945]	[L1: 0.0142]	1.3+0.0s
[240/945]	[L1: 0.0146]	1.3+0.0s
[280/945]	[L1: 0.0146]	1.3+0.0s
[320/945]	[L1: 0.0146]	1.3+0.0s
[360/945]	[L1: 0.0148]	1.3+0.0s
[400/945]	[L1: 0.0148]	1.3+0.0s
[440/945]	[L1: 0.0148]	1.4+0.0s
[480/945]	[L1: 0.0148]	1.2+0.0s
[520/945]	[L1: 0.0149]	1.3+0.0s
[560/945]	[L1: 0.0150]	1.3+0.0s
[600/945]	[L1: 0.0149]	1.3+0.0s
[640/945]	[L1: 0.0149]	1.3+0.0s
[680/945]	[L1: 0.0148]	1.2+0.0s
[720/945]	[L1: 0.0147]	1.3+0.0s
[760/945]	[L1: 0.0147]	1.3+0.0s
[800/945]	[L1: 0.0147]	1.3+0.0s
[840/945]	[L1: 0.0147]	1.3+0.0s
[880/945]	[L1: 0.0148]	1.3+0.0s
[920/945]	[L1: 0.0147]	1.3+0.0s

Evaluation:
[UCMerced x2]	psnr: 34.547 (Best: 34.547 @epoch 319)
Total time: 1.78s

[Epoch 320]	Learning rate: 5.00e-5
[40/945]	[L1: 0.0163]	1.3+0.0s
[80/945]	[L1: 0.0160]	1.2+0.0s
[120/945]	[L1: 0.0158]	1.3+0.0s
[160/945]	[L1: 0.0155]	1.2+0.0s
[200/945]	[L1: 0.0155]	1.2+0.0s
[240/945]	[L1: 0.0156]	1.2+0.0s
[280/945]	[L1: 0.0154]	1.2+0.0s
[320/945]	[L1: 0.0151]	1.3+0.0s
[360/945]	[L1: 0.0150]	1.2+0.0s
[400/945]	[L1: 0.0152]	1.2+0.0s
[440/945]	[L1: 0.0152]	1.3+0.0s
[480/945]	[L1: 0.0152]	1.2+0.0s
[520/945]	[L1: 0.0150]	1.2+0.0s
[560/945]	[L1: 0.0150]	1.3+0.0s
[600/945]	[L1: 0.0150]	1.2+0.0s
[640/945]	[L1: 0.0150]	1.3+0.0s
[680/945]	[L1: 0.0150]	1.2+0.0s
[720/945]	[L1: 0.0150]	1.2+0.0s
[760/945]	[L1: 0.0150]	1.2+0.0s
[800/945]	[L1: 0.0150]	1.2+0.0s
[840/945]	[L1: 0.0150]	1.2+0.0s
[880/945]	[L1: 0.0150]	1.2+0.0s
[920/945]	[L1: 0.0151]	1.2+0.0s

Evaluation:
[UCMerced x2]	psnr: 34.541 (Best: 34.547 @epoch 319)
Total time: 1.78s

[Epoch 321]	Learning rate: 5.00e-5
[40/945]	[L1: 0.0166]	1.3+0.0s
[80/945]	[L1: 0.0162]	1.2+0.0s
[120/945]	[L1: 0.0169]	1.2+0.0s
[160/945]	[L1: 0.0160]	1.2+0.0s
[200/945]	[L1: 0.0154]	1.2+0.0s
[240/945]	[L1: 0.0156]	1.2+0.0s
[280/945]	[L1: 0.0154]	1.2+0.0s
[320/945]	[L1: 0.0153]	1.2+0.0s
[360/945]	[L1: 0.0151]	1.2+0.0s
[400/945]	[L1: 0.0150]	1.2+0.0s
[440/945]	[L1: 0.0150]	1.2+0.0s
[480/945]	[L1: 0.0150]	1.2+0.0s
[520/945]	[L1: 0.0149]	1.2+0.0s
[560/945]	[L1: 0.0148]	1.2+0.0s
[600/945]	[L1: 0.0148]	1.3+0.0s
[640/945]	[L1: 0.0148]	1.2+0.0s
[680/945]	[L1: 0.0147]	1.2+0.0s
[720/945]	[L1: 0.0148]	1.2+0.0s
[760/945]	[L1: 0.0149]	1.2+0.0s
[800/945]	[L1: 0.0149]	1.2+0.0s
[840/945]	[L1: 0.0149]	1.2+0.0s
[880/945]	[L1: 0.0149]	1.3+0.0s
[920/945]	[L1: 0.0149]	1.3+0.0s

Evaluation:
[UCMerced x2]	psnr: 34.537 (Best: 34.547 @epoch 319)
Total time: 1.80s

[Epoch 322]	Learning rate: 5.00e-5
[40/945]	[L1: 0.0165]	1.3+0.0s
[80/945]	[L1: 0.0155]	1.2+0.0s
[120/945]	[L1: 0.0159]	1.3+0.0s
[160/945]	[L1: 0.0157]	1.3+0.0s
[200/945]	[L1: 0.0154]	1.2+0.0s
[240/945]	[L1: 0.0158]	1.2+0.0s
[280/945]	[L1: 0.0156]	1.2+0.0s
[320/945]	[L1: 0.0154]	1.2+0.0s
[360/945]	[L1: 0.0152]	1.2+0.0s
[400/945]	[L1: 0.0153]	1.2+0.0s
[440/945]	[L1: 0.0153]	1.2+0.0s
[480/945]	[L1: 0.0151]	1.2+0.0s
[520/945]	[L1: 0.0150]	1.2+0.0s
[560/945]	[L1: 0.0149]	1.2+0.0s
[600/945]	[L1: 0.0148]	1.2+0.0s
[640/945]	[L1: 0.0148]	1.2+0.0s
[680/945]	[L1: 0.0149]	1.3+0.0s
[720/945]	[L1: 0.0148]	1.2+0.0s
[760/945]	[L1: 0.0148]	1.2+0.0s
[800/945]	[L1: 0.0149]	1.2+0.0s
[840/945]	[L1: 0.0149]	1.2+0.0s
[880/945]	[L1: 0.0148]	1.2+0.0s
[920/945]	[L1: 0.0148]	1.2+0.0s

Evaluation:
[UCMerced x2]	psnr: 34.532 (Best: 34.547 @epoch 319)
Total time: 1.78s

[Epoch 323]	Learning rate: 5.00e-5
[40/945]	[L1: 0.0157]	1.2+0.0s
[80/945]	[L1: 0.0152]	1.3+0.0s
[120/945]	[L1: 0.0154]	1.2+0.0s
[160/945]	[L1: 0.0149]	1.2+0.0s
[200/945]	[L1: 0.0148]	1.3+0.0s
[240/945]	[L1: 0.0147]	1.2+0.0s
[280/945]	[L1: 0.0148]	1.2+0.0s
[320/945]	[L1: 0.0149]	1.2+0.0s
[360/945]	[L1: 0.0149]	1.3+0.0s
[400/945]	[L1: 0.0151]	1.2+0.0s
[440/945]	[L1: 0.0150]	1.2+0.0s
[480/945]	[L1: 0.0149]	1.2+0.0s
[520/945]	[L1: 0.0149]	1.2+0.0s
[560/945]	[L1: 0.0149]	1.2+0.0s
[600/945]	[L1: 0.0147]	1.2+0.0s
[640/945]	[L1: 0.0147]	1.2+0.0s
[680/945]	[L1: 0.0147]	1.2+0.0s
[720/945]	[L1: 0.0147]	1.3+0.0s
[760/945]	[L1: 0.0147]	1.2+0.0s
[800/945]	[L1: 0.0146]	1.2+0.0s
[840/945]	[L1: 0.0146]	1.2+0.0s
[880/945]	[L1: 0.0147]	1.2+0.0s
[920/945]	[L1: 0.0146]	1.2+0.0s

Evaluation:
[UCMerced x2]	psnr: 34.529 (Best: 34.547 @epoch 319)
Total time: 1.81s

[Epoch 324]	Learning rate: 5.00e-5
[40/945]	[L1: 0.0160]	1.2+0.0s
[80/945]	[L1: 0.0146]	1.3+0.0s
[120/945]	[L1: 0.0139]	1.2+0.0s
[160/945]	[L1: 0.0140]	1.2+0.0s
[200/945]	[L1: 0.0144]	1.2+0.0s
[240/945]	[L1: 0.0144]	1.3+0.0s
[280/945]	[L1: 0.0144]	1.2+0.0s
[320/945]	[L1: 0.0147]	1.2+0.0s
[360/945]	[L1: 0.0145]	1.2+0.0s
[400/945]	[L1: 0.0147]	1.2+0.0s
[440/945]	[L1: 0.0147]	1.2+0.0s
[480/945]	[L1: 0.0145]	1.2+0.0s
[520/945]	[L1: 0.0146]	1.2+0.0s
[560/945]	[L1: 0.0146]	1.2+0.0s
[600/945]	[L1: 0.0147]	1.2+0.0s
[640/945]	[L1: 0.0147]	1.2+0.0s
[680/945]	[L1: 0.0148]	1.2+0.0s
[720/945]	[L1: 0.0147]	1.2+0.0s
[760/945]	[L1: 0.0148]	1.3+0.0s
[800/945]	[L1: 0.0148]	1.2+0.0s
[840/945]	[L1: 0.0147]	1.3+0.0s
[880/945]	[L1: 0.0147]	1.2+0.0s
[920/945]	[L1: 0.0147]	1.2+0.0s

Evaluation:
[UCMerced x2]	psnr: 34.514 (Best: 34.547 @epoch 319)
Total time: 1.79s

[Epoch 325]	Learning rate: 5.00e-5
[40/945]	[L1: 0.0151]	1.3+0.0s
[80/945]	[L1: 0.0156]	1.3+0.0s
[120/945]	[L1: 0.0155]	1.2+0.0s
[160/945]	[L1: 0.0154]	1.2+0.0s
[200/945]	[L1: 0.0150]	1.2+0.0s
[240/945]	[L1: 0.0149]	1.3+0.0s
[280/945]	[L1: 0.0148]	1.2+0.0s
[320/945]	[L1: 0.0149]	1.3+0.0s
[360/945]	[L1: 0.0148]	1.3+0.0s
[400/945]	[L1: 0.0150]	1.2+0.0s
[440/945]	[L1: 0.0151]	1.3+0.0s
[480/945]	[L1: 0.0149]	1.3+0.0s
[520/945]	[L1: 0.0147]	1.2+0.0s
[560/945]	[L1: 0.0146]	1.3+0.0s
[600/945]	[L1: 0.0147]	1.2+0.0s
[640/945]	[L1: 0.0146]	1.3+0.0s
[680/945]	[L1: 0.0145]	1.3+0.0s
[720/945]	[L1: 0.0145]	1.3+0.0s
[760/945]	[L1: 0.0147]	1.2+0.0s
[800/945]	[L1: 0.0147]	1.3+0.0s
[840/945]	[L1: 0.0147]	1.3+0.0s
[880/945]	[L1: 0.0147]	1.3+0.0s
[920/945]	[L1: 0.0147]	1.3+0.0s

Evaluation:
[UCMerced x2]	psnr: 34.515 (Best: 34.547 @epoch 319)
Total time: 1.79s

[Epoch 326]	Learning rate: 5.00e-5
[40/945]	[L1: 0.0147]	1.2+0.0s
[80/945]	[L1: 0.0146]	1.2+0.0s
[120/945]	[L1: 0.0148]	1.2+0.0s
[160/945]	[L1: 0.0144]	1.2+0.0s
[200/945]	[L1: 0.0147]	1.2+0.0s
[240/945]	[L1: 0.0146]	1.2+0.0s
[280/945]	[L1: 0.0148]	1.2+0.0s
[320/945]	[L1: 0.0152]	1.2+0.0s
[360/945]	[L1: 0.0151]	1.2+0.0s
[400/945]	[L1: 0.0150]	1.3+0.0s
[440/945]	[L1: 0.0150]	1.2+0.0s
[480/945]	[L1: 0.0151]	1.2+0.0s
[520/945]	[L1: 0.0151]	1.3+0.0s
[560/945]	[L1: 0.0149]	1.2+0.0s
[600/945]	[L1: 0.0149]	1.2+0.0s
[640/945]	[L1: 0.0149]	1.2+0.0s
[680/945]	[L1: 0.0149]	1.2+0.0s
[720/945]	[L1: 0.0149]	1.3+0.0s
[760/945]	[L1: 0.0150]	1.2+0.0s
[800/945]	[L1: 0.0149]	1.2+0.0s
[840/945]	[L1: 0.0150]	1.2+0.0s
[880/945]	[L1: 0.0149]	1.2+0.0s
[920/945]	[L1: 0.0148]	1.2+0.0s

Evaluation:
[UCMerced x2]	psnr: 34.538 (Best: 34.547 @epoch 319)
Total time: 1.78s

[Epoch 327]	Learning rate: 5.00e-5
[40/945]	[L1: 0.0149]	1.2+0.0s
[80/945]	[L1: 0.0152]	1.2+0.0s
[120/945]	[L1: 0.0150]	1.2+0.0s
[160/945]	[L1: 0.0148]	1.2+0.0s
[200/945]	[L1: 0.0150]	1.2+0.0s
[240/945]	[L1: 0.0149]	1.2+0.0s
[280/945]	[L1: 0.0148]	1.2+0.0s
[320/945]	[L1: 0.0147]	1.2+0.0s
[360/945]	[L1: 0.0148]	1.2+0.0s
[400/945]	[L1: 0.0146]	1.2+0.0s
[440/945]	[L1: 0.0148]	1.2+0.0s
[480/945]	[L1: 0.0149]	1.4+0.0s
[520/945]	[L1: 0.0150]	1.2+0.0s
[560/945]	[L1: 0.0149]	1.2+0.0s
[600/945]	[L1: 0.0148]	1.2+0.0s
[640/945]	[L1: 0.0148]	1.2+0.0s
[680/945]	[L1: 0.0148]	1.2+0.0s
[720/945]	[L1: 0.0148]	1.2+0.0s
[760/945]	[L1: 0.0148]	1.2+0.0s
[800/945]	[L1: 0.0147]	1.2+0.0s
[840/945]	[L1: 0.0149]	1.2+0.0s
[880/945]	[L1: 0.0148]	1.2+0.0s
[920/945]	[L1: 0.0147]	1.2+0.0s

Evaluation:
[UCMerced x2]	psnr: 34.527 (Best: 34.547 @epoch 319)
Total time: 1.78s

[Epoch 328]	Learning rate: 5.00e-5
[40/945]	[L1: 0.0149]	1.2+0.0s
[80/945]	[L1: 0.0161]	1.2+0.0s
[120/945]	[L1: 0.0157]	1.2+0.0s
[160/945]	[L1: 0.0159]	1.2+0.0s
[200/945]	[L1: 0.0155]	1.2+0.0s
[240/945]	[L1: 0.0153]	1.2+0.0s
[280/945]	[L1: 0.0154]	1.2+0.0s
[320/945]	[L1: 0.0153]	1.2+0.0s
[360/945]	[L1: 0.0154]	1.2+0.0s
[400/945]	[L1: 0.0153]	1.3+0.0s
[440/945]	[L1: 0.0155]	1.2+0.0s
[480/945]	[L1: 0.0154]	1.2+0.0s
[520/945]	[L1: 0.0152]	1.2+0.0s
[560/945]	[L1: 0.0152]	1.2+0.0s
[600/945]	[L1: 0.0152]	1.4+0.0s
[640/945]	[L1: 0.0151]	1.2+0.0s
[680/945]	[L1: 0.0151]	1.2+0.0s
[720/945]	[L1: 0.0151]	1.2+0.0s
[760/945]	[L1: 0.0149]	1.2+0.0s
[800/945]	[L1: 0.0148]	1.2+0.0s
[840/945]	[L1: 0.0148]	1.3+0.0s
[880/945]	[L1: 0.0148]	1.2+0.0s
[920/945]	[L1: 0.0148]	1.2+0.0s

Evaluation:
[UCMerced x2]	psnr: 34.546 (Best: 34.547 @epoch 319)
Total time: 1.79s

[Epoch 329]	Learning rate: 5.00e-5
[40/945]	[L1: 0.0155]	1.2+0.0s
[80/945]	[L1: 0.0158]	1.2+0.0s
[120/945]	[L1: 0.0154]	1.3+0.0s
[160/945]	[L1: 0.0156]	1.3+0.0s
[200/945]	[L1: 0.0156]	1.2+0.0s
[240/945]	[L1: 0.0155]	1.2+0.0s
[280/945]	[L1: 0.0154]	1.2+0.0s
[320/945]	[L1: 0.0151]	1.2+0.0s
[360/945]	[L1: 0.0149]	1.2+0.0s
[400/945]	[L1: 0.0147]	1.2+0.0s
[440/945]	[L1: 0.0149]	1.2+0.0s
[480/945]	[L1: 0.0149]	1.2+0.0s
[520/945]	[L1: 0.0149]	1.2+0.0s
[560/945]	[L1: 0.0149]	1.2+0.0s
[600/945]	[L1: 0.0149]	1.2+0.0s
[640/945]	[L1: 0.0150]	1.2+0.0s
[680/945]	[L1: 0.0151]	1.3+0.0s
[720/945]	[L1: 0.0150]	1.2+0.0s
[760/945]	[L1: 0.0150]	1.2+0.0s
[800/945]	[L1: 0.0150]	1.3+0.0s
[840/945]	[L1: 0.0150]	1.2+0.0s
[880/945]	[L1: 0.0149]	1.3+0.0s
[920/945]	[L1: 0.0149]	1.3+0.0s

Evaluation:
[UCMerced x2]	psnr: 34.540 (Best: 34.547 @epoch 319)
Total time: 1.76s

[Epoch 330]	Learning rate: 5.00e-5
[40/945]	[L1: 0.0157]	1.3+0.0s
[80/945]	[L1: 0.0150]	1.2+0.0s
[120/945]	[L1: 0.0146]	1.3+0.0s
[160/945]	[L1: 0.0145]	1.3+0.0s
[200/945]	[L1: 0.0142]	1.3+0.0s
[240/945]	[L1: 0.0141]	1.2+0.0s
[280/945]	[L1: 0.0143]	1.3+0.0s
[320/945]	[L1: 0.0143]	1.2+0.0s
[360/945]	[L1: 0.0143]	1.2+0.0s
[400/945]	[L1: 0.0145]	1.2+0.0s
[440/945]	[L1: 0.0143]	1.2+0.0s
[480/945]	[L1: 0.0142]	1.2+0.0s
[520/945]	[L1: 0.0144]	1.3+0.0s
[560/945]	[L1: 0.0145]	1.2+0.0s
[600/945]	[L1: 0.0146]	1.2+0.0s
[640/945]	[L1: 0.0146]	1.2+0.0s
[680/945]	[L1: 0.0147]	1.3+0.0s
[720/945]	[L1: 0.0147]	1.3+0.0s
[760/945]	[L1: 0.0147]	1.2+0.0s
[800/945]	[L1: 0.0147]	1.3+0.0s
[840/945]	[L1: 0.0147]	1.2+0.0s
[880/945]	[L1: 0.0147]	1.2+0.0s
[920/945]	[L1: 0.0148]	1.2+0.0s

Evaluation:
[UCMerced x2]	psnr: 34.535 (Best: 34.547 @epoch 319)
Total time: 1.78s

[Epoch 331]	Learning rate: 5.00e-5
[40/945]	[L1: 0.0150]	1.3+0.0s
[80/945]	[L1: 0.0159]	1.2+0.0s
[120/945]	[L1: 0.0148]	1.2+0.0s
[160/945]	[L1: 0.0148]	1.2+0.0s
[200/945]	[L1: 0.0153]	1.2+0.0s
[240/945]	[L1: 0.0154]	1.4+0.0s
[280/945]	[L1: 0.0152]	1.3+0.0s
[320/945]	[L1: 0.0153]	1.2+0.0s
[360/945]	[L1: 0.0155]	1.2+0.0s
[400/945]	[L1: 0.0153]	1.2+0.0s
[440/945]	[L1: 0.0152]	1.2+0.0s
[480/945]	[L1: 0.0152]	1.2+0.0s
[520/945]	[L1: 0.0152]	1.2+0.0s
[560/945]	[L1: 0.0151]	1.3+0.0s
[600/945]	[L1: 0.0151]	1.2+0.0s
[640/945]	[L1: 0.0151]	1.3+0.0s
[680/945]	[L1: 0.0151]	1.2+0.0s
[720/945]	[L1: 0.0151]	1.2+0.0s
[760/945]	[L1: 0.0150]	1.2+0.0s
[800/945]	[L1: 0.0149]	1.3+0.0s
[840/945]	[L1: 0.0148]	1.2+0.0s
[880/945]	[L1: 0.0148]	1.2+0.0s
[920/945]	[L1: 0.0148]	1.2+0.0s

Evaluation:
[UCMerced x2]	psnr: 34.540 (Best: 34.547 @epoch 319)
Total time: 1.78s

[Epoch 332]	Learning rate: 5.00e-5
[40/945]	[L1: 0.0151]	1.3+0.0s
[80/945]	[L1: 0.0143]	1.2+0.0s
[120/945]	[L1: 0.0141]	1.2+0.0s
[160/945]	[L1: 0.0145]	1.2+0.0s
[200/945]	[L1: 0.0146]	1.2+0.0s
[240/945]	[L1: 0.0148]	1.2+0.0s
[280/945]	[L1: 0.0148]	1.3+0.0s
[320/945]	[L1: 0.0147]	1.3+0.0s
[360/945]	[L1: 0.0147]	1.2+0.0s
[400/945]	[L1: 0.0147]	1.2+0.0s
[440/945]	[L1: 0.0147]	1.2+0.0s
[480/945]	[L1: 0.0148]	1.2+0.0s
[520/945]	[L1: 0.0148]	1.2+0.0s
[560/945]	[L1: 0.0149]	1.2+0.0s
[600/945]	[L1: 0.0150]	1.2+0.0s
[640/945]	[L1: 0.0150]	1.2+0.0s
[680/945]	[L1: 0.0150]	1.2+0.0s
[720/945]	[L1: 0.0149]	1.2+0.0s
[760/945]	[L1: 0.0149]	1.2+0.0s
[800/945]	[L1: 0.0149]	1.2+0.0s
[840/945]	[L1: 0.0149]	1.2+0.0s
[880/945]	[L1: 0.0148]	1.3+0.0s
[920/945]	[L1: 0.0148]	1.2+0.0s

Evaluation:
[UCMerced x2]	psnr: 34.541 (Best: 34.547 @epoch 319)
Total time: 1.76s

[Epoch 333]	Learning rate: 5.00e-5
[40/945]	[L1: 0.0142]	1.2+0.0s
[80/945]	[L1: 0.0135]	1.2+0.0s
[120/945]	[L1: 0.0139]	1.2+0.0s
[160/945]	[L1: 0.0141]	1.2+0.0s
[200/945]	[L1: 0.0143]	1.2+0.0s
[240/945]	[L1: 0.0141]	1.2+0.0s
[280/945]	[L1: 0.0141]	1.2+0.0s
[320/945]	[L1: 0.0142]	1.2+0.0s
[360/945]	[L1: 0.0144]	1.2+0.0s
[400/945]	[L1: 0.0143]	1.3+0.0s
[440/945]	[L1: 0.0144]	1.2+0.0s
[480/945]	[L1: 0.0144]	1.2+0.0s
[520/945]	[L1: 0.0145]	1.2+0.0s
[560/945]	[L1: 0.0145]	1.2+0.0s
[600/945]	[L1: 0.0144]	1.2+0.0s
[640/945]	[L1: 0.0144]	1.2+0.0s
[680/945]	[L1: 0.0145]	1.2+0.0s
[720/945]	[L1: 0.0145]	1.2+0.0s
[760/945]	[L1: 0.0146]	1.2+0.0s
[800/945]	[L1: 0.0145]	1.2+0.0s
[840/945]	[L1: 0.0146]	1.2+0.0s
[880/945]	[L1: 0.0146]	1.3+0.0s
[920/945]	[L1: 0.0146]	1.2+0.0s

Evaluation:
[UCMerced x2]	psnr: 34.522 (Best: 34.547 @epoch 319)
Total time: 1.80s

[Epoch 334]	Learning rate: 5.00e-5
[40/945]	[L1: 0.0135]	1.3+0.0s
[80/945]	[L1: 0.0141]	1.3+0.0s
[120/945]	[L1: 0.0142]	1.3+0.0s
[160/945]	[L1: 0.0145]	1.3+0.0s
[200/945]	[L1: 0.0147]	1.3+0.0s
[240/945]	[L1: 0.0145]	1.3+0.0s
[280/945]	[L1: 0.0145]	1.2+0.0s
[320/945]	[L1: 0.0144]	1.2+0.0s
[360/945]	[L1: 0.0142]	1.2+0.0s
[400/945]	[L1: 0.0142]	1.2+0.0s
[440/945]	[L1: 0.0143]	1.3+0.0s
[480/945]	[L1: 0.0143]	1.3+0.0s
[520/945]	[L1: 0.0143]	1.2+0.0s
[560/945]	[L1: 0.0144]	1.2+0.0s
[600/945]	[L1: 0.0145]	1.2+0.0s
[640/945]	[L1: 0.0145]	1.2+0.0s
[680/945]	[L1: 0.0146]	1.2+0.0s
[720/945]	[L1: 0.0145]	1.2+0.0s
[760/945]	[L1: 0.0145]	1.2+0.0s
[800/945]	[L1: 0.0147]	1.3+0.0s
[840/945]	[L1: 0.0147]	1.2+0.0s
[880/945]	[L1: 0.0147]	1.2+0.0s
[920/945]	[L1: 0.0147]	1.2+0.0s

Evaluation:
[UCMerced x2]	psnr: 34.525 (Best: 34.547 @epoch 319)
Total time: 1.76s

[Epoch 335]	Learning rate: 5.00e-5
[40/945]	[L1: 0.0161]	1.3+0.0s
[80/945]	[L1: 0.0158]	1.2+0.0s
[120/945]	[L1: 0.0151]	1.2+0.0s
[160/945]	[L1: 0.0146]	1.2+0.0s
[200/945]	[L1: 0.0145]	1.2+0.0s
[240/945]	[L1: 0.0150]	1.3+0.0s
[280/945]	[L1: 0.0147]	1.2+0.0s
[320/945]	[L1: 0.0149]	1.2+0.0s
[360/945]	[L1: 0.0148]	1.2+0.0s
[400/945]	[L1: 0.0146]	1.2+0.0s
[440/945]	[L1: 0.0146]	1.2+0.0s
[480/945]	[L1: 0.0147]	1.2+0.0s
[520/945]	[L1: 0.0148]	1.3+0.0s
[560/945]	[L1: 0.0148]	1.3+0.0s
[600/945]	[L1: 0.0148]	1.2+0.0s
[640/945]	[L1: 0.0149]	1.3+0.0s
[680/945]	[L1: 0.0150]	1.2+0.0s
[720/945]	[L1: 0.0150]	1.2+0.0s
[760/945]	[L1: 0.0149]	1.2+0.0s
[800/945]	[L1: 0.0149]	1.2+0.0s
[840/945]	[L1: 0.0148]	1.2+0.0s
[880/945]	[L1: 0.0148]	1.2+0.0s
[920/945]	[L1: 0.0148]	1.2+0.0s

Evaluation:
[UCMerced x2]	psnr: 34.523 (Best: 34.547 @epoch 319)
Total time: 1.76s

[Epoch 336]	Learning rate: 5.00e-5
[40/945]	[L1: 0.0129]	1.2+0.0s
[80/945]	[L1: 0.0156]	1.3+0.0s
[120/945]	[L1: 0.0153]	1.2+0.0s
[160/945]	[L1: 0.0149]	1.2+0.0s
[200/945]	[L1: 0.0146]	1.3+0.0s
[240/945]	[L1: 0.0148]	1.2+0.0s
[280/945]	[L1: 0.0149]	1.2+0.0s
[320/945]	[L1: 0.0148]	1.2+0.0s
[360/945]	[L1: 0.0149]	1.3+0.0s
[400/945]	[L1: 0.0149]	1.2+0.0s
[440/945]	[L1: 0.0150]	1.2+0.0s
[480/945]	[L1: 0.0150]	1.2+0.0s
[520/945]	[L1: 0.0150]	1.2+0.0s
[560/945]	[L1: 0.0151]	1.2+0.0s
[600/945]	[L1: 0.0152]	1.3+0.0s
[640/945]	[L1: 0.0151]	1.4+0.0s
[680/945]	[L1: 0.0150]	1.2+0.0s
[720/945]	[L1: 0.0150]	1.3+0.0s
[760/945]	[L1: 0.0149]	1.2+0.0s
[800/945]	[L1: 0.0150]	1.2+0.0s
[840/945]	[L1: 0.0149]	1.2+0.0s
[880/945]	[L1: 0.0149]	1.2+0.0s
[920/945]	[L1: 0.0149]	1.2+0.0s

Evaluation:
[UCMerced x2]	psnr: 34.528 (Best: 34.547 @epoch 319)
Total time: 1.76s

[Epoch 337]	Learning rate: 5.00e-5
[40/945]	[L1: 0.0143]	1.2+0.0s
[80/945]	[L1: 0.0139]	1.2+0.0s
[120/945]	[L1: 0.0143]	1.2+0.0s
[160/945]	[L1: 0.0142]	1.3+0.0s
[200/945]	[L1: 0.0138]	1.2+0.0s
[240/945]	[L1: 0.0141]	1.3+0.0s
[280/945]	[L1: 0.0145]	1.2+0.0s
[320/945]	[L1: 0.0145]	1.2+0.0s
[360/945]	[L1: 0.0145]	1.2+0.0s
[400/945]	[L1: 0.0147]	1.2+0.0s
[440/945]	[L1: 0.0148]	1.3+0.0s
[480/945]	[L1: 0.0148]	1.2+0.0s
[520/945]	[L1: 0.0147]	1.3+0.0s
[560/945]	[L1: 0.0146]	1.2+0.0s
[600/945]	[L1: 0.0146]	1.2+0.0s
[640/945]	[L1: 0.0145]	1.2+0.0s
[680/945]	[L1: 0.0145]	1.2+0.0s
[720/945]	[L1: 0.0144]	1.4+0.0s
[760/945]	[L1: 0.0145]	1.2+0.0s
[800/945]	[L1: 0.0146]	1.2+0.0s
[840/945]	[L1: 0.0146]	1.2+0.0s
[880/945]	[L1: 0.0147]	1.2+0.0s
[920/945]	[L1: 0.0147]	1.2+0.0s

Evaluation:
[UCMerced x2]	psnr: 34.545 (Best: 34.547 @epoch 319)
Total time: 1.76s

[Epoch 338]	Learning rate: 5.00e-5
[40/945]	[L1: 0.0131]	1.3+0.0s
[80/945]	[L1: 0.0126]	1.2+0.0s
[120/945]	[L1: 0.0136]	1.2+0.0s
[160/945]	[L1: 0.0139]	1.2+0.0s
[200/945]	[L1: 0.0141]	1.3+0.0s
[240/945]	[L1: 0.0141]	1.2+0.0s
[280/945]	[L1: 0.0144]	1.2+0.0s
[320/945]	[L1: 0.0146]	1.2+0.0s
[360/945]	[L1: 0.0148]	1.2+0.0s
[400/945]	[L1: 0.0150]	1.3+0.0s
[440/945]	[L1: 0.0151]	1.3+0.0s
[480/945]	[L1: 0.0150]	1.2+0.0s
[520/945]	[L1: 0.0150]	1.3+0.0s
[560/945]	[L1: 0.0151]	1.2+0.0s
[600/945]	[L1: 0.0150]	1.3+0.0s
[640/945]	[L1: 0.0151]	1.3+0.0s
[680/945]	[L1: 0.0151]	1.3+0.0s
[720/945]	[L1: 0.0151]	1.2+0.0s
[760/945]	[L1: 0.0151]	1.3+0.0s
[800/945]	[L1: 0.0151]	1.2+0.0s
[840/945]	[L1: 0.0151]	1.2+0.0s
[880/945]	[L1: 0.0150]	1.2+0.0s
[920/945]	[L1: 0.0150]	1.2+0.0s

Evaluation:
[UCMerced x2]	psnr: 34.538 (Best: 34.547 @epoch 319)
Total time: 1.77s

[Epoch 339]	Learning rate: 5.00e-5
[40/945]	[L1: 0.0151]	1.3+0.0s
[80/945]	[L1: 0.0143]	1.2+0.0s
[120/945]	[L1: 0.0146]	1.3+0.0s
[160/945]	[L1: 0.0149]	1.3+0.0s
[200/945]	[L1: 0.0143]	1.3+0.0s
[240/945]	[L1: 0.0143]	1.3+0.0s
[280/945]	[L1: 0.0141]	1.3+0.0s
[320/945]	[L1: 0.0140]	1.3+0.0s
[360/945]	[L1: 0.0142]	1.3+0.0s
[400/945]	[L1: 0.0142]	1.3+0.0s
[440/945]	[L1: 0.0144]	1.2+0.0s
[480/945]	[L1: 0.0144]	1.2+0.0s
[520/945]	[L1: 0.0145]	1.3+0.0s
[560/945]	[L1: 0.0145]	1.2+0.0s
[600/945]	[L1: 0.0144]	1.3+0.0s
[640/945]	[L1: 0.0144]	1.2+0.0s
[680/945]	[L1: 0.0143]	1.2+0.0s
[720/945]	[L1: 0.0144]	1.2+0.0s
[760/945]	[L1: 0.0146]	1.2+0.0s
[800/945]	[L1: 0.0147]	1.2+0.0s
[840/945]	[L1: 0.0146]	1.3+0.0s
[880/945]	[L1: 0.0146]	1.2+0.0s
[920/945]	[L1: 0.0147]	1.3+0.0s

Evaluation:
[UCMerced x2]	psnr: 34.533 (Best: 34.547 @epoch 319)
Total time: 1.80s

[Epoch 340]	Learning rate: 5.00e-5
[40/945]	[L1: 0.0152]	1.3+0.0s
[80/945]	[L1: 0.0148]	1.2+0.0s
[120/945]	[L1: 0.0146]	1.2+0.0s
[160/945]	[L1: 0.0151]	1.3+0.0s
[200/945]	[L1: 0.0150]	1.3+0.0s
[240/945]	[L1: 0.0148]	1.2+0.0s
[280/945]	[L1: 0.0147]	1.3+0.0s
[320/945]	[L1: 0.0147]	1.3+0.0s
[360/945]	[L1: 0.0147]	1.4+0.0s
[400/945]	[L1: 0.0147]	1.2+0.0s
[440/945]	[L1: 0.0149]	1.2+0.0s
[480/945]	[L1: 0.0148]	1.2+0.0s
[520/945]	[L1: 0.0147]	1.2+0.0s
[560/945]	[L1: 0.0146]	1.2+0.0s
[600/945]	[L1: 0.0148]	1.2+0.0s
[640/945]	[L1: 0.0148]	1.2+0.0s
[680/945]	[L1: 0.0148]	1.2+0.0s
[720/945]	[L1: 0.0148]	1.2+0.0s
[760/945]	[L1: 0.0148]	1.2+0.0s
[800/945]	[L1: 0.0148]	1.2+0.0s
[840/945]	[L1: 0.0147]	1.3+0.0s
[880/945]	[L1: 0.0147]	1.2+0.0s
[920/945]	[L1: 0.0148]	1.2+0.0s

Evaluation:
[UCMerced x2]	psnr: 34.547 (Best: 34.547 @epoch 340)
Total time: 1.78s

[Epoch 341]	Learning rate: 5.00e-5
[40/945]	[L1: 0.0165]	1.3+0.0s
[80/945]	[L1: 0.0162]	1.2+0.0s
[120/945]	[L1: 0.0153]	1.2+0.0s
[160/945]	[L1: 0.0148]	1.3+0.0s
[200/945]	[L1: 0.0145]	1.2+0.0s
[240/945]	[L1: 0.0143]	1.2+0.0s
[280/945]	[L1: 0.0142]	1.2+0.0s
[320/945]	[L1: 0.0143]	1.2+0.0s
[360/945]	[L1: 0.0144]	1.3+0.0s
[400/945]	[L1: 0.0146]	1.2+0.0s
[440/945]	[L1: 0.0147]	1.4+0.0s
[480/945]	[L1: 0.0146]	1.3+0.0s
[520/945]	[L1: 0.0147]	1.2+0.0s
[560/945]	[L1: 0.0147]	1.2+0.0s
[600/945]	[L1: 0.0147]	1.2+0.0s
[640/945]	[L1: 0.0146]	1.2+0.0s
[680/945]	[L1: 0.0146]	1.2+0.0s
[720/945]	[L1: 0.0145]	1.2+0.0s
[760/945]	[L1: 0.0145]	1.2+0.0s
[800/945]	[L1: 0.0145]	1.2+0.0s
[840/945]	[L1: 0.0146]	1.2+0.0s
[880/945]	[L1: 0.0146]	1.2+0.0s
[920/945]	[L1: 0.0147]	1.2+0.0s

Evaluation:
[UCMerced x2]	psnr: 34.533 (Best: 34.547 @epoch 340)
Total time: 1.77s

[Epoch 342]	Learning rate: 5.00e-5
[40/945]	[L1: 0.0154]	1.3+0.0s
[80/945]	[L1: 0.0166]	1.3+0.0s
[120/945]	[L1: 0.0157]	1.2+0.0s
[160/945]	[L1: 0.0160]	1.2+0.0s
[200/945]	[L1: 0.0158]	1.2+0.0s
[240/945]	[L1: 0.0158]	1.2+0.0s
[280/945]	[L1: 0.0157]	1.2+0.0s
[320/945]	[L1: 0.0156]	1.3+0.0s
[360/945]	[L1: 0.0156]	1.2+0.0s
[400/945]	[L1: 0.0156]	1.3+0.0s
[440/945]	[L1: 0.0153]	1.2+0.0s
[480/945]	[L1: 0.0152]	1.2+0.0s
[520/945]	[L1: 0.0151]	1.2+0.0s
[560/945]	[L1: 0.0150]	1.2+0.0s
[600/945]	[L1: 0.0149]	1.4+0.0s
[640/945]	[L1: 0.0148]	1.2+0.0s
[680/945]	[L1: 0.0148]	1.2+0.0s
[720/945]	[L1: 0.0148]	1.2+0.0s
[760/945]	[L1: 0.0147]	1.2+0.0s
[800/945]	[L1: 0.0148]	1.3+0.0s
[840/945]	[L1: 0.0147]	1.2+0.0s
[880/945]	[L1: 0.0148]	1.2+0.0s
[920/945]	[L1: 0.0148]	1.3+0.0s

Evaluation:
[UCMerced x2]	psnr: 34.539 (Best: 34.547 @epoch 340)
Total time: 1.80s

[Epoch 343]	Learning rate: 5.00e-5
[40/945]	[L1: 0.0157]	1.3+0.0s
[80/945]	[L1: 0.0155]	1.2+0.0s
[120/945]	[L1: 0.0154]	1.3+0.0s
[160/945]	[L1: 0.0153]	1.3+0.0s
[200/945]	[L1: 0.0152]	1.2+0.0s
[240/945]	[L1: 0.0153]	1.2+0.0s
[280/945]	[L1: 0.0151]	1.2+0.0s
[320/945]	[L1: 0.0152]	1.3+0.0s
[360/945]	[L1: 0.0152]	1.2+0.0s
[400/945]	[L1: 0.0151]	1.2+0.0s
[440/945]	[L1: 0.0152]	1.2+0.0s
[480/945]	[L1: 0.0152]	1.3+0.0s
[520/945]	[L1: 0.0152]	1.3+0.0s
[560/945]	[L1: 0.0151]	1.3+0.0s
[600/945]	[L1: 0.0150]	1.3+0.0s
[640/945]	[L1: 0.0148]	1.3+0.0s
[680/945]	[L1: 0.0149]	1.3+0.0s
[720/945]	[L1: 0.0148]	1.2+0.0s
[760/945]	[L1: 0.0147]	1.3+0.0s
[800/945]	[L1: 0.0148]	1.3+0.0s
[840/945]	[L1: 0.0149]	1.3+0.0s
[880/945]	[L1: 0.0148]	1.3+0.0s
[920/945]	[L1: 0.0148]	1.3+0.0s

Evaluation:
[UCMerced x2]	psnr: 34.546 (Best: 34.547 @epoch 340)
Total time: 1.79s

[Epoch 344]	Learning rate: 5.00e-5
[40/945]	[L1: 0.0141]	1.3+0.0s
[80/945]	[L1: 0.0134]	1.2+0.0s
[120/945]	[L1: 0.0139]	1.2+0.0s
[160/945]	[L1: 0.0144]	1.3+0.0s
[200/945]	[L1: 0.0149]	1.2+0.0s
[240/945]	[L1: 0.0147]	1.2+0.0s
[280/945]	[L1: 0.0148]	1.3+0.0s
[320/945]	[L1: 0.0147]	1.3+0.0s
[360/945]	[L1: 0.0147]	1.3+0.0s
[400/945]	[L1: 0.0146]	1.3+0.0s
[440/945]	[L1: 0.0147]	1.3+0.0s
[480/945]	[L1: 0.0149]	1.2+0.0s
[520/945]	[L1: 0.0148]	1.3+0.0s
[560/945]	[L1: 0.0148]	1.2+0.0s
[600/945]	[L1: 0.0149]	1.2+0.0s
[640/945]	[L1: 0.0150]	1.2+0.0s
[680/945]	[L1: 0.0150]	1.3+0.0s
[720/945]	[L1: 0.0150]	1.3+0.0s
[760/945]	[L1: 0.0150]	1.3+0.0s
[800/945]	[L1: 0.0150]	1.2+0.0s
[840/945]	[L1: 0.0150]	1.2+0.0s
[880/945]	[L1: 0.0149]	1.2+0.0s
[920/945]	[L1: 0.0149]	1.3+0.0s

Evaluation:
[UCMerced x2]	psnr: 34.555 (Best: 34.555 @epoch 344)
Total time: 1.80s

[Epoch 345]	Learning rate: 5.00e-5
[40/945]	[L1: 0.0169]	1.2+0.0s
[80/945]	[L1: 0.0167]	1.2+0.0s
[120/945]	[L1: 0.0157]	1.2+0.0s
[160/945]	[L1: 0.0156]	1.3+0.0s
[200/945]	[L1: 0.0154]	1.2+0.0s
[240/945]	[L1: 0.0155]	1.4+0.0s
[280/945]	[L1: 0.0154]	1.2+0.0s
[320/945]	[L1: 0.0153]	1.2+0.0s
[360/945]	[L1: 0.0150]	1.2+0.0s
[400/945]	[L1: 0.0151]	1.3+0.0s
[440/945]	[L1: 0.0151]	1.2+0.0s
[480/945]	[L1: 0.0151]	1.2+0.0s
[520/945]	[L1: 0.0151]	1.2+0.0s
[560/945]	[L1: 0.0151]	1.2+0.0s
[600/945]	[L1: 0.0150]	1.2+0.0s
[640/945]	[L1: 0.0150]	1.3+0.0s
[680/945]	[L1: 0.0149]	1.2+0.0s
[720/945]	[L1: 0.0149]	1.2+0.0s
[760/945]	[L1: 0.0148]	1.2+0.0s
[800/945]	[L1: 0.0147]	1.3+0.0s
[840/945]	[L1: 0.0147]	1.2+0.0s
[880/945]	[L1: 0.0148]	1.2+0.0s
[920/945]	[L1: 0.0148]	1.2+0.0s

Evaluation:
[UCMerced x2]	psnr: 34.532 (Best: 34.555 @epoch 344)
Total time: 1.78s

[Epoch 346]	Learning rate: 5.00e-5
[40/945]	[L1: 0.0170]	1.3+0.0s
[80/945]	[L1: 0.0155]	1.2+0.0s
[120/945]	[L1: 0.0158]	1.2+0.0s
[160/945]	[L1: 0.0159]	1.3+0.0s
[200/945]	[L1: 0.0157]	1.3+0.0s
[240/945]	[L1: 0.0155]	1.2+0.0s
[280/945]	[L1: 0.0154]	1.4+0.0s
[320/945]	[L1: 0.0153]	1.2+0.0s
[360/945]	[L1: 0.0151]	1.2+0.0s
[400/945]	[L1: 0.0150]	1.3+0.0s
[440/945]	[L1: 0.0149]	1.3+0.0s
[480/945]	[L1: 0.0148]	1.3+0.0s
[520/945]	[L1: 0.0147]	1.2+0.0s
[560/945]	[L1: 0.0148]	1.3+0.0s
[600/945]	[L1: 0.0148]	1.3+0.0s
[640/945]	[L1: 0.0147]	1.2+0.0s
[680/945]	[L1: 0.0146]	1.2+0.0s
[720/945]	[L1: 0.0146]	1.3+0.0s
[760/945]	[L1: 0.0146]	1.2+0.0s
[800/945]	[L1: 0.0146]	1.2+0.0s
[840/945]	[L1: 0.0147]	1.3+0.0s
[880/945]	[L1: 0.0146]	1.2+0.0s
[920/945]	[L1: 0.0147]	1.2+0.0s

Evaluation:
[UCMerced x2]	psnr: 34.542 (Best: 34.555 @epoch 344)
Total time: 1.78s

[Epoch 347]	Learning rate: 5.00e-5
[40/945]	[L1: 0.0150]	1.3+0.0s
[80/945]	[L1: 0.0156]	1.2+0.0s
[120/945]	[L1: 0.0149]	1.2+0.0s
[160/945]	[L1: 0.0153]	1.3+0.0s
[200/945]	[L1: 0.0151]	1.2+0.0s
[240/945]	[L1: 0.0149]	1.2+0.0s
[280/945]	[L1: 0.0148]	1.2+0.0s
[320/945]	[L1: 0.0147]	1.2+0.0s
[360/945]	[L1: 0.0150]	1.3+0.0s
[400/945]	[L1: 0.0150]	1.2+0.0s
[440/945]	[L1: 0.0150]	1.3+0.0s
[480/945]	[L1: 0.0149]	1.2+0.0s
[520/945]	[L1: 0.0150]	1.2+0.0s
[560/945]	[L1: 0.0150]	1.2+0.0s
[600/945]	[L1: 0.0153]	1.2+0.0s
[640/945]	[L1: 0.0153]	1.2+0.0s
[680/945]	[L1: 0.0152]	1.2+0.0s
[720/945]	[L1: 0.0152]	1.2+0.0s
[760/945]	[L1: 0.0151]	1.2+0.0s
[800/945]	[L1: 0.0150]	1.3+0.0s
[840/945]	[L1: 0.0149]	1.2+0.0s
[880/945]	[L1: 0.0149]	1.2+0.0s
[920/945]	[L1: 0.0148]	1.3+0.0s

Evaluation:
[UCMerced x2]	psnr: 34.542 (Best: 34.555 @epoch 344)
Total time: 1.77s

[Epoch 348]	Learning rate: 5.00e-5
[40/945]	[L1: 0.0142]	1.3+0.0s
[80/945]	[L1: 0.0136]	1.2+0.0s
[120/945]	[L1: 0.0143]	1.2+0.0s
[160/945]	[L1: 0.0143]	1.3+0.0s
[200/945]	[L1: 0.0143]	1.2+0.0s
[240/945]	[L1: 0.0145]	1.2+0.0s
[280/945]	[L1: 0.0145]	1.2+0.0s
[320/945]	[L1: 0.0149]	1.3+0.0s
[360/945]	[L1: 0.0148]	1.2+0.0s
[400/945]	[L1: 0.0148]	1.2+0.0s
[440/945]	[L1: 0.0147]	1.3+0.0s
[480/945]	[L1: 0.0147]	1.2+0.0s
[520/945]	[L1: 0.0147]	1.2+0.0s
[560/945]	[L1: 0.0147]	1.3+0.0s
[600/945]	[L1: 0.0146]	1.2+0.0s
[640/945]	[L1: 0.0146]	1.2+0.0s
[680/945]	[L1: 0.0145]	1.2+0.0s
[720/945]	[L1: 0.0146]	1.2+0.0s
[760/945]	[L1: 0.0147]	1.2+0.0s
[800/945]	[L1: 0.0147]	1.3+0.0s
[840/945]	[L1: 0.0147]	1.3+0.0s
[880/945]	[L1: 0.0147]	1.3+0.0s
[920/945]	[L1: 0.0146]	1.2+0.0s

Evaluation:
[UCMerced x2]	psnr: 34.538 (Best: 34.555 @epoch 344)
Total time: 1.78s

[Epoch 349]	Learning rate: 5.00e-5
[40/945]	[L1: 0.0141]	1.2+0.0s
[80/945]	[L1: 0.0143]	1.2+0.0s
[120/945]	[L1: 0.0145]	1.2+0.0s
[160/945]	[L1: 0.0148]	1.2+0.0s
[200/945]	[L1: 0.0146]	1.3+0.0s
[240/945]	[L1: 0.0149]	1.3+0.0s
[280/945]	[L1: 0.0151]	1.2+0.0s
[320/945]	[L1: 0.0150]	1.3+0.0s
[360/945]	[L1: 0.0149]	1.2+0.0s
[400/945]	[L1: 0.0149]	1.3+0.0s
[440/945]	[L1: 0.0149]	1.3+0.0s
[480/945]	[L1: 0.0149]	1.3+0.0s
[520/945]	[L1: 0.0151]	1.3+0.0s
[560/945]	[L1: 0.0150]	1.3+0.0s
[600/945]	[L1: 0.0150]	1.3+0.0s
[640/945]	[L1: 0.0150]	1.3+0.0s
[680/945]	[L1: 0.0150]	1.2+0.0s
[720/945]	[L1: 0.0150]	1.3+0.0s
[760/945]	[L1: 0.0150]	1.3+0.0s
[800/945]	[L1: 0.0150]	1.3+0.0s
[840/945]	[L1: 0.0149]	1.2+0.0s
[880/945]	[L1: 0.0148]	1.2+0.0s
[920/945]	[L1: 0.0148]	1.2+0.0s

Evaluation:
[UCMerced x2]	psnr: 34.537 (Best: 34.555 @epoch 344)
Total time: 1.78s

[Epoch 350]	Learning rate: 5.00e-5
[40/945]	[L1: 0.0137]	1.3+0.0s
[80/945]	[L1: 0.0142]	1.4+0.0s
[120/945]	[L1: 0.0144]	1.3+0.0s
[160/945]	[L1: 0.0141]	1.2+0.0s
[200/945]	[L1: 0.0141]	1.2+0.0s
[240/945]	[L1: 0.0146]	1.3+0.0s
[280/945]	[L1: 0.0146]	1.2+0.0s
[320/945]	[L1: 0.0147]	1.3+0.0s
[360/945]	[L1: 0.0146]	1.2+0.0s
[400/945]	[L1: 0.0147]	1.2+0.0s
[440/945]	[L1: 0.0147]	1.2+0.0s
[480/945]	[L1: 0.0149]	1.3+0.0s
[520/945]	[L1: 0.0148]	1.3+0.0s
[560/945]	[L1: 0.0150]	1.2+0.0s
[600/945]	[L1: 0.0151]	1.2+0.0s
[640/945]	[L1: 0.0151]	1.3+0.0s
[680/945]	[L1: 0.0150]	1.4+0.0s
[720/945]	[L1: 0.0150]	1.2+0.0s
[760/945]	[L1: 0.0149]	1.2+0.0s
[800/945]	[L1: 0.0148]	1.2+0.0s
[840/945]	[L1: 0.0147]	1.2+0.0s
[880/945]	[L1: 0.0147]	1.2+0.0s
[920/945]	[L1: 0.0147]	1.3+0.0s
Saved epoch checkpoint at epoch 350

Evaluation:
[UCMerced x2]	psnr: 34.544 (Best: 34.555 @epoch 344)
Total time: 1.76s

[Epoch 351]	Learning rate: 5.00e-5
[40/945]	[L1: 0.0151]	1.3+0.0s
[80/945]	[L1: 0.0150]	1.4+0.0s
[120/945]	[L1: 0.0148]	1.2+0.0s
[160/945]	[L1: 0.0140]	1.3+0.0s
[200/945]	[L1: 0.0139]	1.2+0.0s
[240/945]	[L1: 0.0144]	1.3+0.0s
[280/945]	[L1: 0.0143]	1.2+0.0s
[320/945]	[L1: 0.0146]	1.2+0.0s
[360/945]	[L1: 0.0146]	1.3+0.0s
[400/945]	[L1: 0.0145]	1.2+0.0s
[440/945]	[L1: 0.0144]	1.3+0.0s
[480/945]	[L1: 0.0143]	1.3+0.0s
[520/945]	[L1: 0.0144]	1.2+0.0s
[560/945]	[L1: 0.0145]	1.2+0.0s
[600/945]	[L1: 0.0144]	1.3+0.0s
[640/945]	[L1: 0.0146]	1.3+0.0s
[680/945]	[L1: 0.0146]	1.4+0.0s
[720/945]	[L1: 0.0147]	1.3+0.0s
[760/945]	[L1: 0.0147]	1.2+0.0s
[800/945]	[L1: 0.0147]	1.2+0.0s
[840/945]	[L1: 0.0147]	1.3+0.0s
[880/945]	[L1: 0.0147]	1.2+0.0s
[920/945]	[L1: 0.0147]	1.3+0.0s

Evaluation:
[UCMerced x2]	psnr: 34.539 (Best: 34.555 @epoch 344)
Total time: 1.77s

[Epoch 352]	Learning rate: 5.00e-5
[40/945]	[L1: 0.0156]	1.3+0.0s
[80/945]	[L1: 0.0146]	1.2+0.0s
[120/945]	[L1: 0.0145]	1.3+0.0s
[160/945]	[L1: 0.0145]	1.3+0.0s
[200/945]	[L1: 0.0141]	1.4+0.0s
[240/945]	[L1: 0.0150]	1.3+0.0s
[280/945]	[L1: 0.0149]	1.2+0.0s
[320/945]	[L1: 0.0149]	1.2+0.0s
[360/945]	[L1: 0.0149]	1.3+0.0s
[400/945]	[L1: 0.0148]	1.3+0.0s
[440/945]	[L1: 0.0148]	1.3+0.0s
[480/945]	[L1: 0.0148]	1.3+0.0s
[520/945]	[L1: 0.0148]	1.3+0.0s
[560/945]	[L1: 0.0148]	1.3+0.0s
[600/945]	[L1: 0.0148]	1.3+0.0s
[640/945]	[L1: 0.0147]	1.3+0.0s
[680/945]	[L1: 0.0147]	1.3+0.0s
[720/945]	[L1: 0.0146]	1.2+0.0s
[760/945]	[L1: 0.0145]	1.3+0.0s
[800/945]	[L1: 0.0146]	1.2+0.0s
[840/945]	[L1: 0.0147]	1.2+0.0s
[880/945]	[L1: 0.0148]	1.2+0.0s
[920/945]	[L1: 0.0148]	1.2+0.0s

Evaluation:
[UCMerced x2]	psnr: 34.538 (Best: 34.555 @epoch 344)
Total time: 1.76s

[Epoch 353]	Learning rate: 5.00e-5
[40/945]	[L1: 0.0132]	1.3+0.0s
[80/945]	[L1: 0.0158]	1.3+0.0s
[120/945]	[L1: 0.0155]	1.2+0.0s
[160/945]	[L1: 0.0151]	1.2+0.0s
[200/945]	[L1: 0.0151]	1.2+0.0s
[240/945]	[L1: 0.0151]	1.2+0.0s
[280/945]	[L1: 0.0153]	1.3+0.0s
[320/945]	[L1: 0.0153]	1.2+0.0s
[360/945]	[L1: 0.0151]	1.2+0.0s
[400/945]	[L1: 0.0150]	1.2+0.0s
[440/945]	[L1: 0.0149]	1.3+0.0s
[480/945]	[L1: 0.0150]	1.2+0.0s
[520/945]	[L1: 0.0148]	1.2+0.0s
[560/945]	[L1: 0.0149]	1.2+0.0s
[600/945]	[L1: 0.0149]	1.2+0.0s
[640/945]	[L1: 0.0149]	1.2+0.0s
[680/945]	[L1: 0.0149]	1.2+0.0s
[720/945]	[L1: 0.0149]	1.2+0.0s
[760/945]	[L1: 0.0150]	1.2+0.0s
[800/945]	[L1: 0.0149]	1.2+0.0s
[840/945]	[L1: 0.0149]	1.4+0.0s
[880/945]	[L1: 0.0149]	1.3+0.0s
[920/945]	[L1: 0.0148]	1.2+0.0s

Evaluation:
[UCMerced x2]	psnr: 34.513 (Best: 34.555 @epoch 344)
Total time: 1.78s

[Epoch 354]	Learning rate: 5.00e-5
[40/945]	[L1: 0.0152]	1.2+0.0s
[80/945]	[L1: 0.0146]	1.2+0.0s
[120/945]	[L1: 0.0147]	1.2+0.0s
[160/945]	[L1: 0.0149]	1.3+0.0s
[200/945]	[L1: 0.0147]	1.2+0.0s
[240/945]	[L1: 0.0147]	1.2+0.0s
[280/945]	[L1: 0.0148]	1.2+0.0s
[320/945]	[L1: 0.0147]	1.2+0.0s
[360/945]	[L1: 0.0149]	1.3+0.0s
[400/945]	[L1: 0.0148]	1.2+0.0s
[440/945]	[L1: 0.0147]	1.2+0.0s
[480/945]	[L1: 0.0148]	1.2+0.0s
[520/945]	[L1: 0.0149]	1.2+0.0s
[560/945]	[L1: 0.0148]	1.3+0.0s
[600/945]	[L1: 0.0148]	1.2+0.0s
[640/945]	[L1: 0.0148]	1.3+0.0s
[680/945]	[L1: 0.0148]	1.2+0.0s
[720/945]	[L1: 0.0147]	1.2+0.0s
[760/945]	[L1: 0.0148]	1.2+0.0s
[800/945]	[L1: 0.0147]	1.2+0.0s
[840/945]	[L1: 0.0147]	1.2+0.0s
[880/945]	[L1: 0.0147]	1.2+0.0s
[920/945]	[L1: 0.0147]	1.3+0.0s

Evaluation:
[UCMerced x2]	psnr: 34.538 (Best: 34.555 @epoch 344)
Total time: 1.78s

[Epoch 355]	Learning rate: 5.00e-5
[40/945]	[L1: 0.0143]	1.3+0.0s
[80/945]	[L1: 0.0152]	1.3+0.0s
[120/945]	[L1: 0.0158]	1.2+0.0s
[160/945]	[L1: 0.0157]	1.2+0.0s
[200/945]	[L1: 0.0155]	1.2+0.0s
[240/945]	[L1: 0.0153]	1.2+0.0s
[280/945]	[L1: 0.0153]	1.3+0.0s
[320/945]	[L1: 0.0153]	1.2+0.0s
[360/945]	[L1: 0.0154]	1.2+0.0s
[400/945]	[L1: 0.0154]	1.3+0.0s
[440/945]	[L1: 0.0153]	1.3+0.0s
[480/945]	[L1: 0.0151]	1.2+0.0s
[520/945]	[L1: 0.0151]	1.2+0.0s
[560/945]	[L1: 0.0152]	1.2+0.0s
[600/945]	[L1: 0.0151]	1.2+0.0s
[640/945]	[L1: 0.0150]	1.2+0.0s
[680/945]	[L1: 0.0149]	1.2+0.0s
[720/945]	[L1: 0.0148]	1.2+0.0s
[760/945]	[L1: 0.0148]	1.2+0.0s
[800/945]	[L1: 0.0148]	1.2+0.0s
[840/945]	[L1: 0.0147]	1.2+0.0s
[880/945]	[L1: 0.0148]	1.2+0.0s
[920/945]	[L1: 0.0148]	1.2+0.0s

Evaluation:
[UCMerced x2]	psnr: 34.539 (Best: 34.555 @epoch 344)
Total time: 1.79s

[Epoch 356]	Learning rate: 5.00e-5
[40/945]	[L1: 0.0135]	1.3+0.0s
[80/945]	[L1: 0.0136]	1.2+0.0s
[120/945]	[L1: 0.0146]	1.3+0.0s
[160/945]	[L1: 0.0150]	1.2+0.0s
[200/945]	[L1: 0.0152]	1.2+0.0s
[240/945]	[L1: 0.0150]	1.2+0.0s
[280/945]	[L1: 0.0146]	1.2+0.0s
[320/945]	[L1: 0.0144]	1.2+0.0s
[360/945]	[L1: 0.0144]	1.2+0.0s
[400/945]	[L1: 0.0146]	1.2+0.0s
[440/945]	[L1: 0.0146]	1.2+0.0s
[480/945]	[L1: 0.0146]	1.2+0.0s
[520/945]	[L1: 0.0145]	1.4+0.0s
[560/945]	[L1: 0.0145]	1.2+0.0s
[600/945]	[L1: 0.0146]	1.2+0.0s
[640/945]	[L1: 0.0146]	1.2+0.0s
[680/945]	[L1: 0.0147]	1.2+0.0s
[720/945]	[L1: 0.0147]	1.2+0.0s
[760/945]	[L1: 0.0148]	1.2+0.0s
[800/945]	[L1: 0.0147]	1.3+0.0s
[840/945]	[L1: 0.0146]	1.3+0.0s
[880/945]	[L1: 0.0147]	1.3+0.0s
[920/945]	[L1: 0.0148]	1.2+0.0s

Evaluation:
[UCMerced x2]	psnr: 34.541 (Best: 34.555 @epoch 344)
Total time: 1.76s

[Epoch 357]	Learning rate: 5.00e-5
[40/945]	[L1: 0.0152]	1.3+0.0s
[80/945]	[L1: 0.0161]	1.3+0.0s
[120/945]	[L1: 0.0154]	1.3+0.0s
[160/945]	[L1: 0.0150]	1.3+0.0s
[200/945]	[L1: 0.0147]	1.2+0.0s
[240/945]	[L1: 0.0149]	1.3+0.0s
[280/945]	[L1: 0.0149]	1.2+0.0s
[320/945]	[L1: 0.0148]	1.3+0.0s
[360/945]	[L1: 0.0147]	1.3+0.0s
[400/945]	[L1: 0.0148]	1.2+0.0s
[440/945]	[L1: 0.0147]	1.2+0.0s
[480/945]	[L1: 0.0147]	1.3+0.0s
[520/945]	[L1: 0.0146]	1.2+0.0s
[560/945]	[L1: 0.0146]	1.2+0.0s
[600/945]	[L1: 0.0146]	1.3+0.0s
[640/945]	[L1: 0.0147]	1.2+0.0s
[680/945]	[L1: 0.0148]	1.2+0.0s
[720/945]	[L1: 0.0149]	1.2+0.0s
[760/945]	[L1: 0.0149]	1.3+0.0s
[800/945]	[L1: 0.0149]	1.3+0.0s
[840/945]	[L1: 0.0149]	1.3+0.0s
[880/945]	[L1: 0.0148]	1.2+0.0s
[920/945]	[L1: 0.0148]	1.2+0.0s

Evaluation:
[UCMerced x2]	psnr: 34.536 (Best: 34.555 @epoch 344)
Total time: 1.81s

[Epoch 358]	Learning rate: 5.00e-5
[40/945]	[L1: 0.0153]	1.3+0.0s
[80/945]	[L1: 0.0150]	1.2+0.0s
[120/945]	[L1: 0.0144]	1.4+0.0s
[160/945]	[L1: 0.0144]	1.3+0.0s
[200/945]	[L1: 0.0145]	1.2+0.0s
[240/945]	[L1: 0.0144]	1.3+0.0s
[280/945]	[L1: 0.0146]	1.2+0.0s
[320/945]	[L1: 0.0146]	1.3+0.0s
[360/945]	[L1: 0.0146]	1.3+0.0s
[400/945]	[L1: 0.0146]	1.3+0.0s
[440/945]	[L1: 0.0146]	1.2+0.0s
[480/945]	[L1: 0.0147]	1.3+0.0s
[520/945]	[L1: 0.0148]	1.3+0.0s
[560/945]	[L1: 0.0148]	1.3+0.0s
[600/945]	[L1: 0.0148]	1.2+0.0s
[640/945]	[L1: 0.0148]	1.3+0.0s
[680/945]	[L1: 0.0148]	1.4+0.0s
[720/945]	[L1: 0.0149]	1.3+0.0s
[760/945]	[L1: 0.0149]	1.2+0.0s
[800/945]	[L1: 0.0150]	1.2+0.0s
[840/945]	[L1: 0.0150]	1.3+0.0s
[880/945]	[L1: 0.0150]	1.2+0.0s
[920/945]	[L1: 0.0150]	1.2+0.0s

Evaluation:
[UCMerced x2]	psnr: 34.546 (Best: 34.555 @epoch 344)
Total time: 1.79s

[Epoch 359]	Learning rate: 5.00e-5
[40/945]	[L1: 0.0129]	1.2+0.0s
[80/945]	[L1: 0.0132]	1.2+0.0s
[120/945]	[L1: 0.0134]	1.3+0.0s
[160/945]	[L1: 0.0142]	1.2+0.0s
[200/945]	[L1: 0.0146]	1.4+0.0s
[240/945]	[L1: 0.0147]	1.2+0.0s
[280/945]	[L1: 0.0144]	1.2+0.0s
[320/945]	[L1: 0.0146]	1.2+0.0s
[360/945]	[L1: 0.0149]	1.2+0.0s
[400/945]	[L1: 0.0148]	1.2+0.0s
[440/945]	[L1: 0.0148]	1.2+0.0s
[480/945]	[L1: 0.0148]	1.2+0.0s
[520/945]	[L1: 0.0147]	1.2+0.0s
[560/945]	[L1: 0.0148]	1.2+0.0s
[600/945]	[L1: 0.0148]	1.2+0.0s
[640/945]	[L1: 0.0148]	1.2+0.0s
[680/945]	[L1: 0.0149]	1.2+0.0s
[720/945]	[L1: 0.0147]	1.2+0.0s
[760/945]	[L1: 0.0149]	1.4+0.0s
[800/945]	[L1: 0.0149]	1.3+0.0s
[840/945]	[L1: 0.0149]	1.2+0.0s
[880/945]	[L1: 0.0150]	1.3+0.0s
[920/945]	[L1: 0.0150]	1.2+0.0s

Evaluation:
[UCMerced x2]	psnr: 34.535 (Best: 34.555 @epoch 344)
Total time: 1.76s

[Epoch 360]	Learning rate: 5.00e-5
[40/945]	[L1: 0.0111]	1.3+0.0s
[80/945]	[L1: 0.0141]	1.2+0.0s
[120/945]	[L1: 0.0142]	1.2+0.0s
[160/945]	[L1: 0.0140]	1.2+0.0s
[200/945]	[L1: 0.0141]	1.2+0.0s
[240/945]	[L1: 0.0142]	1.3+0.0s
[280/945]	[L1: 0.0145]	1.4+0.0s
[320/945]	[L1: 0.0146]	1.2+0.0s
[360/945]	[L1: 0.0144]	1.2+0.0s
[400/945]	[L1: 0.0144]	1.2+0.0s
[440/945]	[L1: 0.0145]	1.2+0.0s
[480/945]	[L1: 0.0144]	1.2+0.0s
[520/945]	[L1: 0.0143]	1.2+0.0s
[560/945]	[L1: 0.0145]	1.2+0.0s
[600/945]	[L1: 0.0146]	1.2+0.0s
[640/945]	[L1: 0.0145]	1.2+0.0s
[680/945]	[L1: 0.0145]	1.2+0.0s
[720/945]	[L1: 0.0147]	1.3+0.0s
[760/945]	[L1: 0.0148]	1.2+0.0s
[800/945]	[L1: 0.0147]	1.2+0.0s
[840/945]	[L1: 0.0147]	1.3+0.0s
[880/945]	[L1: 0.0147]	1.2+0.0s
[920/945]	[L1: 0.0147]	1.2+0.0s

Evaluation:
[UCMerced x2]	psnr: 34.546 (Best: 34.555 @epoch 344)
Total time: 1.80s

[Epoch 361]	Learning rate: 5.00e-5
[40/945]	[L1: 0.0138]	1.2+0.0s
[80/945]	[L1: 0.0140]	1.2+0.0s
[120/945]	[L1: 0.0151]	1.2+0.0s
[160/945]	[L1: 0.0150]	1.2+0.0s
[200/945]	[L1: 0.0149]	1.2+0.0s
[240/945]	[L1: 0.0149]	1.2+0.0s
[280/945]	[L1: 0.0145]	1.2+0.0s
[320/945]	[L1: 0.0146]	1.2+0.0s
[360/945]	[L1: 0.0146]	1.4+0.0s
[400/945]	[L1: 0.0148]	1.2+0.0s
[440/945]	[L1: 0.0148]	1.2+0.0s
[480/945]	[L1: 0.0148]	1.3+0.0s
[520/945]	[L1: 0.0149]	1.3+0.0s
[560/945]	[L1: 0.0150]	1.3+0.0s
[600/945]	[L1: 0.0150]	1.3+0.0s
[640/945]	[L1: 0.0150]	1.3+0.0s
[680/945]	[L1: 0.0149]	1.2+0.0s
[720/945]	[L1: 0.0149]	1.2+0.0s
[760/945]	[L1: 0.0149]	1.2+0.0s
[800/945]	[L1: 0.0149]	1.2+0.0s
[840/945]	[L1: 0.0149]	1.2+0.0s
[880/945]	[L1: 0.0149]	1.2+0.0s
[920/945]	[L1: 0.0148]	1.3+0.0s

Evaluation:
[UCMerced x2]	psnr: 34.547 (Best: 34.555 @epoch 344)
Total time: 1.79s

[Epoch 362]	Learning rate: 5.00e-5
[40/945]	[L1: 0.0157]	1.3+0.0s
[80/945]	[L1: 0.0144]	1.3+0.0s
[120/945]	[L1: 0.0141]	1.2+0.0s
[160/945]	[L1: 0.0142]	1.2+0.0s
[200/945]	[L1: 0.0144]	1.2+0.0s
[240/945]	[L1: 0.0144]	1.2+0.0s
[280/945]	[L1: 0.0144]	1.2+0.0s
[320/945]	[L1: 0.0143]	1.2+0.0s
[360/945]	[L1: 0.0142]	1.2+0.0s
[400/945]	[L1: 0.0143]	1.2+0.0s
[440/945]	[L1: 0.0146]	1.3+0.0s
[480/945]	[L1: 0.0146]	1.2+0.0s
[520/945]	[L1: 0.0147]	1.2+0.0s
[560/945]	[L1: 0.0146]	1.2+0.0s
[600/945]	[L1: 0.0146]	1.2+0.0s
[640/945]	[L1: 0.0148]	1.2+0.0s
[680/945]	[L1: 0.0149]	1.2+0.0s
[720/945]	[L1: 0.0149]	1.2+0.0s
[760/945]	[L1: 0.0149]	1.2+0.0s
[800/945]	[L1: 0.0149]	1.2+0.0s
[840/945]	[L1: 0.0148]	1.2+0.0s
[880/945]	[L1: 0.0148]	1.2+0.0s
[920/945]	[L1: 0.0148]	1.2+0.0s

Evaluation:
[UCMerced x2]	psnr: 34.542 (Best: 34.555 @epoch 344)
Total time: 1.79s

[Epoch 363]	Learning rate: 5.00e-5
[40/945]	[L1: 0.0149]	1.2+0.0s
[80/945]	[L1: 0.0142]	1.2+0.0s
[120/945]	[L1: 0.0149]	1.2+0.0s
[160/945]	[L1: 0.0153]	1.3+0.0s
[200/945]	[L1: 0.0153]	1.2+0.0s
[240/945]	[L1: 0.0150]	1.2+0.0s
[280/945]	[L1: 0.0148]	1.2+0.0s
[320/945]	[L1: 0.0149]	1.2+0.0s
[360/945]	[L1: 0.0149]	1.2+0.0s
[400/945]	[L1: 0.0148]	1.2+0.0s
[440/945]	[L1: 0.0151]	1.2+0.0s
[480/945]	[L1: 0.0151]	1.2+0.0s
[520/945]	[L1: 0.0151]	1.3+0.0s
[560/945]	[L1: 0.0151]	1.2+0.0s
[600/945]	[L1: 0.0150]	1.2+0.0s
[640/945]	[L1: 0.0150]	1.2+0.0s
[680/945]	[L1: 0.0149]	1.2+0.0s
[720/945]	[L1: 0.0148]	1.2+0.0s
[760/945]	[L1: 0.0148]	1.2+0.0s
[800/945]	[L1: 0.0149]	1.2+0.0s
[840/945]	[L1: 0.0149]	1.2+0.0s
[880/945]	[L1: 0.0149]	1.2+0.0s
[920/945]	[L1: 0.0149]	1.2+0.0s

Evaluation:
[UCMerced x2]	psnr: 34.548 (Best: 34.555 @epoch 344)
Total time: 1.77s

[Epoch 364]	Learning rate: 5.00e-5
[40/945]	[L1: 0.0169]	1.4+0.0s
[80/945]	[L1: 0.0158]	1.2+0.0s
[120/945]	[L1: 0.0160]	1.2+0.0s
[160/945]	[L1: 0.0160]	1.2+0.0s
[200/945]	[L1: 0.0156]	1.2+0.0s
[240/945]	[L1: 0.0156]	1.2+0.0s
[280/945]	[L1: 0.0156]	1.2+0.0s
[320/945]	[L1: 0.0155]	1.2+0.0s
[360/945]	[L1: 0.0153]	1.2+0.0s
[400/945]	[L1: 0.0151]	1.2+0.0s
[440/945]	[L1: 0.0150]	1.2+0.0s
[480/945]	[L1: 0.0149]	1.2+0.0s
[520/945]	[L1: 0.0149]	1.2+0.0s
[560/945]	[L1: 0.0149]	1.2+0.0s
[600/945]	[L1: 0.0149]	1.3+0.0s
[640/945]	[L1: 0.0149]	1.2+0.0s
[680/945]	[L1: 0.0149]	1.2+0.0s
[720/945]	[L1: 0.0149]	1.2+0.0s
[760/945]	[L1: 0.0149]	1.2+0.0s
[800/945]	[L1: 0.0149]	1.2+0.0s
[840/945]	[L1: 0.0149]	1.2+0.0s
[880/945]	[L1: 0.0148]	1.2+0.0s
[920/945]	[L1: 0.0148]	1.2+0.0s

Evaluation:
[UCMerced x2]	psnr: 34.545 (Best: 34.555 @epoch 344)
Total time: 1.76s

[Epoch 365]	Learning rate: 5.00e-5
[40/945]	[L1: 0.0158]	1.2+0.0s
[80/945]	[L1: 0.0156]	1.3+0.0s
[120/945]	[L1: 0.0152]	1.2+0.0s
[160/945]	[L1: 0.0153]	1.2+0.0s
[200/945]	[L1: 0.0150]	1.2+0.0s
[240/945]	[L1: 0.0148]	1.2+0.0s
[280/945]	[L1: 0.0148]	1.2+0.0s
[320/945]	[L1: 0.0148]	1.2+0.0s
[360/945]	[L1: 0.0150]	1.2+0.0s
[400/945]	[L1: 0.0149]	1.2+0.0s
[440/945]	[L1: 0.0147]	1.2+0.0s
[480/945]	[L1: 0.0147]	1.3+0.0s
[520/945]	[L1: 0.0145]	1.2+0.0s
[560/945]	[L1: 0.0146]	1.2+0.0s
[600/945]	[L1: 0.0146]	1.2+0.0s
[640/945]	[L1: 0.0146]	1.2+0.0s
[680/945]	[L1: 0.0147]	1.3+0.0s
[720/945]	[L1: 0.0147]	1.2+0.0s
[760/945]	[L1: 0.0147]	1.2+0.0s
[800/945]	[L1: 0.0146]	1.2+0.0s
[840/945]	[L1: 0.0147]	1.2+0.0s
[880/945]	[L1: 0.0147]	1.2+0.0s
[920/945]	[L1: 0.0146]	1.2+0.0s

Evaluation:
[UCMerced x2]	psnr: 34.549 (Best: 34.555 @epoch 344)
Total time: 1.75s

[Epoch 366]	Learning rate: 5.00e-5
[40/945]	[L1: 0.0160]	1.3+0.0s
[80/945]	[L1: 0.0152]	1.2+0.0s
[120/945]	[L1: 0.0151]	1.2+0.0s
[160/945]	[L1: 0.0149]	1.2+0.0s
[200/945]	[L1: 0.0150]	1.3+0.0s
[240/945]	[L1: 0.0148]	1.3+0.0s
[280/945]	[L1: 0.0152]	1.2+0.0s
[320/945]	[L1: 0.0154]	1.2+0.0s
[360/945]	[L1: 0.0154]	1.2+0.0s
[400/945]	[L1: 0.0153]	1.2+0.0s
[440/945]	[L1: 0.0151]	1.2+0.0s
[480/945]	[L1: 0.0151]	1.2+0.0s
[520/945]	[L1: 0.0150]	1.3+0.0s
[560/945]	[L1: 0.0150]	1.2+0.0s
[600/945]	[L1: 0.0149]	1.2+0.0s
[640/945]	[L1: 0.0149]	1.2+0.0s
[680/945]	[L1: 0.0147]	1.2+0.0s
[720/945]	[L1: 0.0148]	1.3+0.0s
[760/945]	[L1: 0.0148]	1.3+0.0s
[800/945]	[L1: 0.0148]	1.2+0.0s
[840/945]	[L1: 0.0147]	1.2+0.0s
[880/945]	[L1: 0.0149]	1.3+0.0s
[920/945]	[L1: 0.0148]	1.2+0.0s

Evaluation:
[UCMerced x2]	psnr: 34.529 (Best: 34.555 @epoch 344)
Total time: 1.74s

[Epoch 367]	Learning rate: 5.00e-5
[40/945]	[L1: 0.0158]	1.2+0.0s
[80/945]	[L1: 0.0155]	1.3+0.0s
[120/945]	[L1: 0.0151]	1.2+0.0s
[160/945]	[L1: 0.0152]	1.2+0.0s
[200/945]	[L1: 0.0149]	1.2+0.0s
[240/945]	[L1: 0.0148]	1.3+0.0s
[280/945]	[L1: 0.0147]	1.2+0.0s
[320/945]	[L1: 0.0146]	1.3+0.0s
[360/945]	[L1: 0.0145]	1.3+0.0s
[400/945]	[L1: 0.0147]	1.2+0.0s
[440/945]	[L1: 0.0146]	1.3+0.0s
[480/945]	[L1: 0.0147]	1.3+0.0s
[520/945]	[L1: 0.0149]	1.3+0.0s
[560/945]	[L1: 0.0149]	1.3+0.0s
[600/945]	[L1: 0.0149]	1.3+0.0s
[640/945]	[L1: 0.0150]	1.3+0.0s
[680/945]	[L1: 0.0150]	1.3+0.0s
[720/945]	[L1: 0.0150]	1.3+0.0s
[760/945]	[L1: 0.0149]	1.3+0.0s
[800/945]	[L1: 0.0149]	1.2+0.0s
[840/945]	[L1: 0.0149]	1.4+0.0s
[880/945]	[L1: 0.0150]	1.3+0.0s
[920/945]	[L1: 0.0149]	1.3+0.0s

Evaluation:
[UCMerced x2]	psnr: 34.539 (Best: 34.555 @epoch 344)
Total time: 1.79s

[Epoch 368]	Learning rate: 5.00e-5
[40/945]	[L1: 0.0143]	1.3+0.0s
[80/945]	[L1: 0.0140]	1.3+0.0s
[120/945]	[L1: 0.0143]	1.2+0.0s
[160/945]	[L1: 0.0142]	1.2+0.0s
[200/945]	[L1: 0.0142]	1.3+0.0s
[240/945]	[L1: 0.0142]	1.2+0.0s
[280/945]	[L1: 0.0143]	1.3+0.0s
[320/945]	[L1: 0.0144]	1.4+0.0s
[360/945]	[L1: 0.0145]	1.3+0.0s
[400/945]	[L1: 0.0145]	1.2+0.0s
[440/945]	[L1: 0.0144]	1.2+0.0s
[480/945]	[L1: 0.0144]	1.3+0.0s
[520/945]	[L1: 0.0147]	1.2+0.0s
[560/945]	[L1: 0.0148]	1.2+0.0s
[600/945]	[L1: 0.0149]	1.3+0.0s
[640/945]	[L1: 0.0149]	1.3+0.0s
[680/945]	[L1: 0.0148]	1.3+0.0s
[720/945]	[L1: 0.0148]	1.2+0.0s
[760/945]	[L1: 0.0148]	1.2+0.0s
[800/945]	[L1: 0.0148]	1.2+0.0s
[840/945]	[L1: 0.0150]	1.2+0.0s
[880/945]	[L1: 0.0149]	1.2+0.0s
[920/945]	[L1: 0.0149]	1.3+0.0s

Evaluation:
[UCMerced x2]	psnr: 34.535 (Best: 34.555 @epoch 344)
Total time: 1.76s

[Epoch 369]	Learning rate: 5.00e-5
[40/945]	[L1: 0.0148]	1.2+0.0s
[80/945]	[L1: 0.0146]	1.2+0.0s
[120/945]	[L1: 0.0141]	1.2+0.0s
[160/945]	[L1: 0.0147]	1.2+0.0s
[200/945]	[L1: 0.0146]	1.2+0.0s
[240/945]	[L1: 0.0146]	1.2+0.0s
[280/945]	[L1: 0.0146]	1.2+0.0s
[320/945]	[L1: 0.0146]	1.2+0.0s
[360/945]	[L1: 0.0146]	1.2+0.0s
[400/945]	[L1: 0.0146]	1.3+0.0s
[440/945]	[L1: 0.0146]	1.2+0.0s
[480/945]	[L1: 0.0145]	1.2+0.0s
[520/945]	[L1: 0.0146]	1.2+0.0s
[560/945]	[L1: 0.0146]	1.2+0.0s
[600/945]	[L1: 0.0146]	1.2+0.0s
[640/945]	[L1: 0.0145]	1.2+0.0s
[680/945]	[L1: 0.0146]	1.2+0.0s
[720/945]	[L1: 0.0146]	1.2+0.0s
[760/945]	[L1: 0.0146]	1.2+0.0s
[800/945]	[L1: 0.0146]	1.2+0.0s
[840/945]	[L1: 0.0147]	1.2+0.0s
[880/945]	[L1: 0.0148]	1.2+0.0s
[920/945]	[L1: 0.0148]	1.2+0.0s

Evaluation:
[UCMerced x2]	psnr: 34.538 (Best: 34.555 @epoch 344)
Total time: 1.78s

[Epoch 370]	Learning rate: 5.00e-5
[40/945]	[L1: 0.0135]	1.3+0.0s
[80/945]	[L1: 0.0138]	1.2+0.0s
[120/945]	[L1: 0.0144]	1.2+0.0s
[160/945]	[L1: 0.0142]	1.2+0.0s
[200/945]	[L1: 0.0146]	1.2+0.0s
[240/945]	[L1: 0.0144]	1.2+0.0s
[280/945]	[L1: 0.0145]	1.2+0.0s
[320/945]	[L1: 0.0148]	1.2+0.0s
[360/945]	[L1: 0.0148]	1.2+0.0s
[400/945]	[L1: 0.0147]	1.3+0.0s
[440/945]	[L1: 0.0146]	1.2+0.0s
[480/945]	[L1: 0.0146]	1.3+0.0s
[520/945]	[L1: 0.0146]	1.2+0.0s
[560/945]	[L1: 0.0146]	1.3+0.0s
[600/945]	[L1: 0.0146]	1.2+0.0s
[640/945]	[L1: 0.0147]	1.3+0.0s
[680/945]	[L1: 0.0146]	1.3+0.0s
[720/945]	[L1: 0.0147]	1.2+0.0s
[760/945]	[L1: 0.0147]	1.2+0.0s
[800/945]	[L1: 0.0146]	1.2+0.0s
[840/945]	[L1: 0.0146]	1.3+0.0s
[880/945]	[L1: 0.0147]	1.2+0.0s
[920/945]	[L1: 0.0147]	1.3+0.0s

Evaluation:
[UCMerced x2]	psnr: 34.548 (Best: 34.555 @epoch 344)
Total time: 1.78s

[Epoch 371]	Learning rate: 5.00e-5
[40/945]	[L1: 0.0163]	1.3+0.0s
[80/945]	[L1: 0.0151]	1.2+0.0s
[120/945]	[L1: 0.0150]	1.2+0.0s
[160/945]	[L1: 0.0147]	1.2+0.0s
[200/945]	[L1: 0.0150]	1.2+0.0s
[240/945]	[L1: 0.0151]	1.2+0.0s
[280/945]	[L1: 0.0151]	1.3+0.0s
[320/945]	[L1: 0.0151]	1.2+0.0s
[360/945]	[L1: 0.0153]	1.2+0.0s
[400/945]	[L1: 0.0153]	1.2+0.0s
[440/945]	[L1: 0.0151]	1.2+0.0s
[480/945]	[L1: 0.0151]	1.3+0.0s
[520/945]	[L1: 0.0151]	1.2+0.0s
[560/945]	[L1: 0.0151]	1.3+0.0s
[600/945]	[L1: 0.0150]	1.3+0.0s
[640/945]	[L1: 0.0149]	1.3+0.0s
[680/945]	[L1: 0.0149]	1.3+0.0s
[720/945]	[L1: 0.0149]	1.2+0.0s
[760/945]	[L1: 0.0150]	1.3+0.0s
[800/945]	[L1: 0.0150]	1.3+0.0s
[840/945]	[L1: 0.0149]	1.3+0.0s
[880/945]	[L1: 0.0148]	1.2+0.0s
[920/945]	[L1: 0.0149]	1.2+0.0s

Evaluation:
[UCMerced x2]	psnr: 34.548 (Best: 34.555 @epoch 344)
Total time: 1.78s

[Epoch 372]	Learning rate: 5.00e-5
[40/945]	[L1: 0.0148]	1.3+0.0s
[80/945]	[L1: 0.0161]	1.3+0.0s
[120/945]	[L1: 0.0156]	1.2+0.0s
[160/945]	[L1: 0.0161]	1.2+0.0s
[200/945]	[L1: 0.0158]	1.2+0.0s
[240/945]	[L1: 0.0157]	1.2+0.0s
[280/945]	[L1: 0.0154]	1.2+0.0s
[320/945]	[L1: 0.0154]	1.3+0.0s
[360/945]	[L1: 0.0155]	1.3+0.0s
[400/945]	[L1: 0.0154]	1.3+0.0s
[440/945]	[L1: 0.0154]	1.2+0.0s
[480/945]	[L1: 0.0155]	1.2+0.0s
[520/945]	[L1: 0.0155]	1.3+0.0s
[560/945]	[L1: 0.0152]	1.2+0.0s
[600/945]	[L1: 0.0152]	1.2+0.0s
[640/945]	[L1: 0.0151]	1.3+0.0s
[680/945]	[L1: 0.0150]	1.3+0.0s
[720/945]	[L1: 0.0150]	1.2+0.0s
[760/945]	[L1: 0.0150]	1.2+0.0s
[800/945]	[L1: 0.0148]	1.2+0.0s
[840/945]	[L1: 0.0149]	1.2+0.0s
[880/945]	[L1: 0.0148]	1.2+0.0s
[920/945]	[L1: 0.0148]	1.2+0.0s

Evaluation:
[UCMerced x2]	psnr: 34.547 (Best: 34.555 @epoch 344)
Total time: 1.78s

[Epoch 373]	Learning rate: 5.00e-5
[40/945]	[L1: 0.0143]	1.3+0.0s
[80/945]	[L1: 0.0150]	1.3+0.0s
[120/945]	[L1: 0.0145]	1.3+0.0s
[160/945]	[L1: 0.0141]	1.4+0.0s
[200/945]	[L1: 0.0143]	1.3+0.0s
[240/945]	[L1: 0.0142]	1.2+0.0s
[280/945]	[L1: 0.0145]	1.2+0.0s
[320/945]	[L1: 0.0143]	1.3+0.0s
[360/945]	[L1: 0.0143]	1.3+0.0s
[400/945]	[L1: 0.0143]	1.3+0.0s
[440/945]	[L1: 0.0142]	1.3+0.0s
[480/945]	[L1: 0.0142]	1.2+0.0s
[520/945]	[L1: 0.0144]	1.2+0.0s
[560/945]	[L1: 0.0144]	1.2+0.0s
[600/945]	[L1: 0.0144]	1.3+0.0s
[640/945]	[L1: 0.0145]	1.2+0.0s
[680/945]	[L1: 0.0146]	1.3+0.0s
[720/945]	[L1: 0.0147]	1.2+0.0s
[760/945]	[L1: 0.0147]	1.4+0.0s
[800/945]	[L1: 0.0148]	1.3+0.0s
[840/945]	[L1: 0.0148]	1.3+0.0s
[880/945]	[L1: 0.0148]	1.3+0.0s
[920/945]	[L1: 0.0148]	1.3+0.0s

Evaluation:
[UCMerced x2]	psnr: 34.550 (Best: 34.555 @epoch 344)
Total time: 1.77s

[Epoch 374]	Learning rate: 5.00e-5
[40/945]	[L1: 0.0148]	1.3+0.0s
[80/945]	[L1: 0.0148]	1.3+0.0s
[120/945]	[L1: 0.0146]	1.3+0.0s
[160/945]	[L1: 0.0149]	1.3+0.0s
[200/945]	[L1: 0.0147]	1.3+0.0s
[240/945]	[L1: 0.0148]	1.4+0.0s
[280/945]	[L1: 0.0150]	1.3+0.0s
[320/945]	[L1: 0.0152]	1.3+0.0s
[360/945]	[L1: 0.0152]	1.3+0.0s
[400/945]	[L1: 0.0153]	1.3+0.0s
[440/945]	[L1: 0.0152]	1.3+0.0s
[480/945]	[L1: 0.0152]	1.2+0.0s
[520/945]	[L1: 0.0150]	1.3+0.0s
[560/945]	[L1: 0.0149]	1.2+0.0s
[600/945]	[L1: 0.0149]	1.3+0.0s
[640/945]	[L1: 0.0148]	1.3+0.0s
[680/945]	[L1: 0.0148]	1.2+0.0s
[720/945]	[L1: 0.0148]	1.3+0.0s
[760/945]	[L1: 0.0148]	1.3+0.0s
[800/945]	[L1: 0.0148]	1.4+0.0s
[840/945]	[L1: 0.0148]	1.3+0.0s
[880/945]	[L1: 0.0148]	1.2+0.0s
[920/945]	[L1: 0.0150]	1.3+0.0s

Evaluation:
[UCMerced x2]	psnr: 34.548 (Best: 34.555 @epoch 344)
Total time: 1.76s

[Epoch 375]	Learning rate: 5.00e-5
[40/945]	[L1: 0.0150]	1.3+0.0s
[80/945]	[L1: 0.0147]	1.3+0.0s
[120/945]	[L1: 0.0152]	1.3+0.0s
[160/945]	[L1: 0.0151]	1.3+0.0s
[200/945]	[L1: 0.0147]	1.3+0.0s
[240/945]	[L1: 0.0146]	1.3+0.0s
[280/945]	[L1: 0.0146]	1.3+0.0s
[320/945]	[L1: 0.0148]	1.4+0.0s
[360/945]	[L1: 0.0147]	1.2+0.0s
[400/945]	[L1: 0.0145]	1.3+0.0s
[440/945]	[L1: 0.0145]	1.3+0.0s
[480/945]	[L1: 0.0145]	1.3+0.0s
[520/945]	[L1: 0.0148]	1.2+0.0s
[560/945]	[L1: 0.0146]	1.3+0.0s
[600/945]	[L1: 0.0146]	1.3+0.0s
[640/945]	[L1: 0.0148]	1.3+0.0s
[680/945]	[L1: 0.0149]	1.3+0.0s
[720/945]	[L1: 0.0149]	1.3+0.0s
[760/945]	[L1: 0.0149]	1.2+0.0s
[800/945]	[L1: 0.0148]	1.2+0.0s
[840/945]	[L1: 0.0149]	1.2+0.0s
[880/945]	[L1: 0.0148]	1.3+0.0s
[920/945]	[L1: 0.0147]	1.4+0.0s

Evaluation:
[UCMerced x2]	psnr: 34.556 (Best: 34.556 @epoch 375)
Total time: 1.79s

[Epoch 376]	Learning rate: 5.00e-5
[40/945]	[L1: 0.0134]	1.3+0.0s
[80/945]	[L1: 0.0146]	1.2+0.0s
[120/945]	[L1: 0.0141]	1.3+0.0s
[160/945]	[L1: 0.0144]	1.3+0.0s
[200/945]	[L1: 0.0143]	1.3+0.0s
[240/945]	[L1: 0.0144]	1.3+0.0s
[280/945]	[L1: 0.0146]	1.2+0.0s
[320/945]	[L1: 0.0147]	1.3+0.0s
[360/945]	[L1: 0.0145]	1.3+0.0s
[400/945]	[L1: 0.0147]	1.4+0.0s
[440/945]	[L1: 0.0148]	1.2+0.0s
[480/945]	[L1: 0.0147]	1.3+0.0s
[520/945]	[L1: 0.0146]	1.2+0.0s
[560/945]	[L1: 0.0145]	1.2+0.0s
[600/945]	[L1: 0.0146]	1.2+0.0s
[640/945]	[L1: 0.0147]	1.2+0.0s
[680/945]	[L1: 0.0147]	1.2+0.0s
[720/945]	[L1: 0.0147]	1.3+0.0s
[760/945]	[L1: 0.0148]	1.2+0.0s
[800/945]	[L1: 0.0148]	1.3+0.0s
[840/945]	[L1: 0.0147]	1.3+0.0s
[880/945]	[L1: 0.0147]	1.2+0.0s
[920/945]	[L1: 0.0148]	1.3+0.0s

Evaluation:
[UCMerced x2]	psnr: 34.519 (Best: 34.556 @epoch 375)
Total time: 1.78s

[Epoch 377]	Learning rate: 5.00e-5
[40/945]	[L1: 0.0163]	1.3+0.0s
[80/945]	[L1: 0.0151]	1.3+0.0s
[120/945]	[L1: 0.0153]	1.2+0.0s
[160/945]	[L1: 0.0154]	1.3+0.0s
[200/945]	[L1: 0.0151]	1.2+0.0s
[240/945]	[L1: 0.0152]	1.2+0.0s
[280/945]	[L1: 0.0152]	1.2+0.0s
[320/945]	[L1: 0.0151]	1.2+0.0s
[360/945]	[L1: 0.0150]	1.2+0.0s
[400/945]	[L1: 0.0149]	1.3+0.0s
[440/945]	[L1: 0.0150]	1.2+0.0s
[480/945]	[L1: 0.0149]	1.4+0.0s
[520/945]	[L1: 0.0148]	1.2+0.0s
[560/945]	[L1: 0.0148]	1.2+0.0s
[600/945]	[L1: 0.0149]	1.3+0.0s
[640/945]	[L1: 0.0149]	1.3+0.0s
[680/945]	[L1: 0.0150]	1.2+0.0s
[720/945]	[L1: 0.0150]	1.3+0.0s
[760/945]	[L1: 0.0150]	1.2+0.0s
[800/945]	[L1: 0.0149]	1.2+0.0s
[840/945]	[L1: 0.0148]	1.2+0.0s
[880/945]	[L1: 0.0148]	1.2+0.0s
[920/945]	[L1: 0.0148]	1.2+0.0s

Evaluation:
[UCMerced x2]	psnr: 34.559 (Best: 34.559 @epoch 377)
Total time: 1.78s

[Epoch 378]	Learning rate: 5.00e-5
[40/945]	[L1: 0.0128]	1.3+0.0s
[80/945]	[L1: 0.0149]	1.3+0.0s
[120/945]	[L1: 0.0154]	1.3+0.0s
[160/945]	[L1: 0.0151]	1.2+0.0s
[200/945]	[L1: 0.0148]	1.2+0.0s
[240/945]	[L1: 0.0148]	1.2+0.0s
[280/945]	[L1: 0.0146]	1.2+0.0s
[320/945]	[L1: 0.0145]	1.3+0.0s
[360/945]	[L1: 0.0144]	1.3+0.0s
[400/945]	[L1: 0.0144]	1.2+0.0s
[440/945]	[L1: 0.0144]	1.2+0.0s
[480/945]	[L1: 0.0142]	1.3+0.0s
[520/945]	[L1: 0.0143]	1.4+0.0s
[560/945]	[L1: 0.0144]	1.3+0.0s
[600/945]	[L1: 0.0145]	1.3+0.0s
[640/945]	[L1: 0.0145]	1.2+0.0s
[680/945]	[L1: 0.0145]	1.3+0.0s
[720/945]	[L1: 0.0144]	1.2+0.0s
[760/945]	[L1: 0.0145]	1.2+0.0s
[800/945]	[L1: 0.0145]	1.3+0.0s
[840/945]	[L1: 0.0145]	1.2+0.0s
[880/945]	[L1: 0.0146]	1.2+0.0s
[920/945]	[L1: 0.0146]	1.2+0.0s

Evaluation:
[UCMerced x2]	psnr: 34.565 (Best: 34.565 @epoch 378)
Total time: 1.78s

[Epoch 379]	Learning rate: 5.00e-5
[40/945]	[L1: 0.0154]	1.4+0.0s
[80/945]	[L1: 0.0145]	1.3+0.0s
[120/945]	[L1: 0.0143]	1.2+0.0s
[160/945]	[L1: 0.0144]	1.3+0.0s
[200/945]	[L1: 0.0144]	1.3+0.0s
[240/945]	[L1: 0.0145]	1.3+0.0s
[280/945]	[L1: 0.0146]	1.2+0.0s
[320/945]	[L1: 0.0144]	1.2+0.0s
[360/945]	[L1: 0.0146]	1.2+0.0s
[400/945]	[L1: 0.0147]	1.2+0.0s
[440/945]	[L1: 0.0147]	1.2+0.0s
[480/945]	[L1: 0.0146]	1.2+0.0s
[520/945]	[L1: 0.0147]	1.3+0.0s
[560/945]	[L1: 0.0148]	1.2+0.0s
[600/945]	[L1: 0.0148]	1.4+0.0s
[640/945]	[L1: 0.0147]	1.3+0.0s
[680/945]	[L1: 0.0146]	1.2+0.0s
[720/945]	[L1: 0.0147]	1.3+0.0s
[760/945]	[L1: 0.0148]	1.3+0.0s
[800/945]	[L1: 0.0147]	1.3+0.0s
[840/945]	[L1: 0.0147]	1.3+0.0s
[880/945]	[L1: 0.0148]	1.2+0.0s
[920/945]	[L1: 0.0148]	1.3+0.0s

Evaluation:
[UCMerced x2]	psnr: 34.538 (Best: 34.565 @epoch 378)
Total time: 1.80s

[Epoch 380]	Learning rate: 5.00e-5
[40/945]	[L1: 0.0148]	1.3+0.0s
[80/945]	[L1: 0.0144]	1.2+0.0s
[120/945]	[L1: 0.0149]	1.3+0.0s
[160/945]	[L1: 0.0152]	1.3+0.0s
[200/945]	[L1: 0.0153]	1.2+0.0s
[240/945]	[L1: 0.0148]	1.3+0.0s
[280/945]	[L1: 0.0150]	1.3+0.0s
[320/945]	[L1: 0.0149]	1.3+0.0s
[360/945]	[L1: 0.0151]	1.3+0.0s
[400/945]	[L1: 0.0150]	1.2+0.0s
[440/945]	[L1: 0.0148]	1.2+0.0s
[480/945]	[L1: 0.0149]	1.2+0.0s
[520/945]	[L1: 0.0149]	1.2+0.0s
[560/945]	[L1: 0.0148]	1.2+0.0s
[600/945]	[L1: 0.0149]	1.3+0.0s
[640/945]	[L1: 0.0149]	1.2+0.0s
[680/945]	[L1: 0.0148]	1.4+0.0s
[720/945]	[L1: 0.0148]	1.3+0.0s
[760/945]	[L1: 0.0147]	1.2+0.0s
[800/945]	[L1: 0.0148]	1.3+0.0s
[840/945]	[L1: 0.0147]	1.2+0.0s
[880/945]	[L1: 0.0147]	1.3+0.0s
[920/945]	[L1: 0.0147]	1.3+0.0s

Evaluation:
[UCMerced x2]	psnr: 34.548 (Best: 34.565 @epoch 378)
Total time: 1.80s

[Epoch 381]	Learning rate: 5.00e-5
[40/945]	[L1: 0.0135]	1.3+0.0s
[80/945]	[L1: 0.0150]	1.2+0.0s
[120/945]	[L1: 0.0148]	1.2+0.0s
[160/945]	[L1: 0.0150]	1.2+0.0s
[200/945]	[L1: 0.0147]	1.4+0.0s
[240/945]	[L1: 0.0144]	1.3+0.0s
[280/945]	[L1: 0.0145]	1.3+0.0s
[320/945]	[L1: 0.0143]	1.3+0.0s
[360/945]	[L1: 0.0144]	1.3+0.0s
[400/945]	[L1: 0.0146]	1.2+0.0s
[440/945]	[L1: 0.0147]	1.3+0.0s
[480/945]	[L1: 0.0149]	1.3+0.0s
[520/945]	[L1: 0.0150]	1.3+0.0s
[560/945]	[L1: 0.0152]	1.3+0.0s
[600/945]	[L1: 0.0152]	1.3+0.0s
[640/945]	[L1: 0.0151]	1.2+0.0s
[680/945]	[L1: 0.0151]	1.3+0.0s
[720/945]	[L1: 0.0150]	1.3+0.0s
[760/945]	[L1: 0.0149]	1.4+0.0s
[800/945]	[L1: 0.0149]	1.2+0.0s
[840/945]	[L1: 0.0149]	1.2+0.0s
[880/945]	[L1: 0.0149]	1.2+0.0s
[920/945]	[L1: 0.0148]	1.2+0.0s

Evaluation:
[UCMerced x2]	psnr: 34.562 (Best: 34.565 @epoch 378)
Total time: 1.80s

[Epoch 382]	Learning rate: 5.00e-5
[40/945]	[L1: 0.0167]	1.3+0.0s
[80/945]	[L1: 0.0150]	1.2+0.0s
[120/945]	[L1: 0.0147]	1.3+0.0s
[160/945]	[L1: 0.0150]	1.2+0.0s
[200/945]	[L1: 0.0146]	1.3+0.0s
[240/945]	[L1: 0.0143]	1.2+0.0s
[280/945]	[L1: 0.0145]	1.4+0.0s
[320/945]	[L1: 0.0147]	1.3+0.0s
[360/945]	[L1: 0.0148]	1.3+0.0s
[400/945]	[L1: 0.0147]	1.2+0.0s
[440/945]	[L1: 0.0147]	1.3+0.0s
[480/945]	[L1: 0.0148]	1.2+0.0s
[520/945]	[L1: 0.0146]	1.3+0.0s
[560/945]	[L1: 0.0146]	1.3+0.0s
[600/945]	[L1: 0.0146]	1.3+0.0s
[640/945]	[L1: 0.0147]	1.3+0.0s
[680/945]	[L1: 0.0147]	1.3+0.0s
[720/945]	[L1: 0.0147]	1.2+0.0s
[760/945]	[L1: 0.0147]	1.2+0.0s
[800/945]	[L1: 0.0147]	1.3+0.0s
[840/945]	[L1: 0.0148]	1.4+0.0s
[880/945]	[L1: 0.0149]	1.2+0.0s
[920/945]	[L1: 0.0148]	1.3+0.0s

Evaluation:
[UCMerced x2]	psnr: 34.546 (Best: 34.565 @epoch 378)
Total time: 1.78s

[Epoch 383]	Learning rate: 5.00e-5
[40/945]	[L1: 0.0155]	1.3+0.0s
[80/945]	[L1: 0.0150]	1.2+0.0s
[120/945]	[L1: 0.0154]	1.3+0.0s
[160/945]	[L1: 0.0151]	1.3+0.0s
[200/945]	[L1: 0.0150]	1.3+0.0s
[240/945]	[L1: 0.0151]	1.3+0.0s
[280/945]	[L1: 0.0153]	1.2+0.0s
[320/945]	[L1: 0.0154]	1.3+0.0s
[360/945]	[L1: 0.0153]	1.4+0.0s
[400/945]	[L1: 0.0152]	1.2+0.0s
[440/945]	[L1: 0.0151]	1.2+0.0s
[480/945]	[L1: 0.0153]	1.3+0.0s
[520/945]	[L1: 0.0151]	1.2+0.0s
[560/945]	[L1: 0.0151]	1.3+0.0s
[600/945]	[L1: 0.0151]	1.2+0.0s
[640/945]	[L1: 0.0151]	1.3+0.0s
[680/945]	[L1: 0.0150]	1.2+0.0s
[720/945]	[L1: 0.0149]	1.2+0.0s
[760/945]	[L1: 0.0148]	1.3+0.0s
[800/945]	[L1: 0.0148]	1.3+0.0s
[840/945]	[L1: 0.0149]	1.2+0.0s
[880/945]	[L1: 0.0149]	1.3+0.0s
[920/945]	[L1: 0.0148]	1.4+0.0s

Evaluation:
[UCMerced x2]	psnr: 34.544 (Best: 34.565 @epoch 378)
Total time: 1.80s

[Epoch 384]	Learning rate: 5.00e-5
[40/945]	[L1: 0.0135]	1.3+0.0s
[80/945]	[L1: 0.0137]	1.3+0.0s
[120/945]	[L1: 0.0141]	1.2+0.0s
[160/945]	[L1: 0.0144]	1.2+0.0s
[200/945]	[L1: 0.0142]	1.2+0.0s
[240/945]	[L1: 0.0141]	1.3+0.0s
[280/945]	[L1: 0.0141]	1.2+0.0s
[320/945]	[L1: 0.0143]	1.3+0.0s
[360/945]	[L1: 0.0142]	1.2+0.0s
[400/945]	[L1: 0.0143]	1.3+0.0s
[440/945]	[L1: 0.0142]	1.4+0.0s
[480/945]	[L1: 0.0143]	1.3+0.0s
[520/945]	[L1: 0.0144]	1.3+0.0s
[560/945]	[L1: 0.0146]	1.2+0.0s
[600/945]	[L1: 0.0146]	1.3+0.0s
[640/945]	[L1: 0.0148]	1.2+0.0s
[680/945]	[L1: 0.0148]	1.2+0.0s
[720/945]	[L1: 0.0149]	1.3+0.0s
[760/945]	[L1: 0.0149]	1.3+0.0s
[800/945]	[L1: 0.0148]	1.3+0.0s
[840/945]	[L1: 0.0148]	1.3+0.0s
[880/945]	[L1: 0.0148]	1.2+0.0s
[920/945]	[L1: 0.0148]	1.2+0.0s

Evaluation:
[UCMerced x2]	psnr: 34.551 (Best: 34.565 @epoch 378)
Total time: 1.80s

[Epoch 385]	Learning rate: 5.00e-5
[40/945]	[L1: 0.0154]	1.3+0.0s
[80/945]	[L1: 0.0143]	1.3+0.0s
[120/945]	[L1: 0.0146]	1.3+0.0s
[160/945]	[L1: 0.0144]	1.3+0.0s
[200/945]	[L1: 0.0143]	1.2+0.0s
[240/945]	[L1: 0.0149]	1.2+0.0s
[280/945]	[L1: 0.0146]	1.2+0.0s
[320/945]	[L1: 0.0146]	1.3+0.0s
[360/945]	[L1: 0.0144]	1.3+0.0s
[400/945]	[L1: 0.0146]	1.2+0.0s
[440/945]	[L1: 0.0148]	1.3+0.0s
[480/945]	[L1: 0.0148]	1.3+0.0s
[520/945]	[L1: 0.0148]	1.3+0.0s
[560/945]	[L1: 0.0146]	1.4+0.0s
[600/945]	[L1: 0.0147]	1.3+0.0s
[640/945]	[L1: 0.0146]	1.3+0.0s
[680/945]	[L1: 0.0146]	1.2+0.0s
[720/945]	[L1: 0.0147]	1.3+0.0s
[760/945]	[L1: 0.0147]	1.2+0.0s
[800/945]	[L1: 0.0148]	1.3+0.0s
[840/945]	[L1: 0.0149]	1.2+0.0s
[880/945]	[L1: 0.0148]	1.2+0.0s
[920/945]	[L1: 0.0148]	1.2+0.0s

Evaluation:
[UCMerced x2]	psnr: 34.562 (Best: 34.565 @epoch 378)
Total time: 1.79s

[Epoch 386]	Learning rate: 5.00e-5
[40/945]	[L1: 0.0140]	1.3+0.0s
[80/945]	[L1: 0.0139]	1.4+0.0s
[120/945]	[L1: 0.0145]	1.3+0.0s
[160/945]	[L1: 0.0144]	1.3+0.0s
[200/945]	[L1: 0.0144]	1.3+0.0s
[240/945]	[L1: 0.0145]	1.3+0.0s
[280/945]	[L1: 0.0149]	1.2+0.0s
[320/945]	[L1: 0.0149]	1.3+0.0s
[360/945]	[L1: 0.0147]	1.3+0.0s
[400/945]	[L1: 0.0147]	1.3+0.0s
[440/945]	[L1: 0.0146]	1.3+0.0s
[480/945]	[L1: 0.0146]	1.2+0.0s
[520/945]	[L1: 0.0144]	1.3+0.0s
[560/945]	[L1: 0.0145]	1.2+0.0s
[600/945]	[L1: 0.0143]	1.2+0.0s
[640/945]	[L1: 0.0144]	1.4+0.0s
[680/945]	[L1: 0.0144]	1.2+0.0s
[720/945]	[L1: 0.0144]	1.2+0.0s
[760/945]	[L1: 0.0145]	1.2+0.0s
[800/945]	[L1: 0.0145]	1.3+0.0s
[840/945]	[L1: 0.0146]	1.2+0.0s
[880/945]	[L1: 0.0146]	1.3+0.0s
[920/945]	[L1: 0.0146]	1.2+0.0s

Evaluation:
[UCMerced x2]	psnr: 34.549 (Best: 34.565 @epoch 378)
Total time: 1.79s

[Epoch 387]	Learning rate: 5.00e-5
[40/945]	[L1: 0.0185]	1.3+0.0s
[80/945]	[L1: 0.0173]	1.2+0.0s
[120/945]	[L1: 0.0167]	1.3+0.0s
[160/945]	[L1: 0.0165]	1.3+0.0s
[200/945]	[L1: 0.0159]	1.2+0.0s
[240/945]	[L1: 0.0162]	1.2+0.0s
[280/945]	[L1: 0.0157]	1.3+0.0s
[320/945]	[L1: 0.0157]	1.3+0.0s
[360/945]	[L1: 0.0154]	1.3+0.0s
[400/945]	[L1: 0.0152]	1.3+0.0s
[440/945]	[L1: 0.0152]	1.3+0.0s
[480/945]	[L1: 0.0152]	1.3+0.0s
[520/945]	[L1: 0.0151]	1.3+0.0s
[560/945]	[L1: 0.0151]	1.2+0.0s
[600/945]	[L1: 0.0151]	1.3+0.0s
[640/945]	[L1: 0.0150]	1.3+0.0s
[680/945]	[L1: 0.0150]	1.3+0.0s
[720/945]	[L1: 0.0149]	1.4+0.0s
[760/945]	[L1: 0.0148]	1.2+0.0s
[800/945]	[L1: 0.0147]	1.2+0.0s
[840/945]	[L1: 0.0147]	1.3+0.0s
[880/945]	[L1: 0.0147]	1.3+0.0s
[920/945]	[L1: 0.0148]	1.2+0.0s

Evaluation:
[UCMerced x2]	psnr: 34.556 (Best: 34.565 @epoch 378)
Total time: 1.78s

[Epoch 388]	Learning rate: 5.00e-5
[40/945]	[L1: 0.0135]	1.3+0.0s
[80/945]	[L1: 0.0141]	1.2+0.0s
[120/945]	[L1: 0.0146]	1.3+0.0s
[160/945]	[L1: 0.0145]	1.2+0.0s
[200/945]	[L1: 0.0142]	1.3+0.0s
[240/945]	[L1: 0.0143]	1.3+0.0s
[280/945]	[L1: 0.0148]	1.2+0.0s
[320/945]	[L1: 0.0150]	1.2+0.0s
[360/945]	[L1: 0.0152]	1.3+0.0s
[400/945]	[L1: 0.0151]	1.2+0.0s
[440/945]	[L1: 0.0149]	1.2+0.0s
[480/945]	[L1: 0.0149]	1.2+0.0s
[520/945]	[L1: 0.0148]	1.2+0.0s
[560/945]	[L1: 0.0150]	1.2+0.0s
[600/945]	[L1: 0.0150]	1.3+0.0s
[640/945]	[L1: 0.0149]	1.2+0.0s
[680/945]	[L1: 0.0148]	1.3+0.0s
[720/945]	[L1: 0.0147]	1.2+0.0s
[760/945]	[L1: 0.0146]	1.3+0.0s
[800/945]	[L1: 0.0146]	1.4+0.0s
[840/945]	[L1: 0.0146]	1.3+0.0s
[880/945]	[L1: 0.0147]	1.2+0.0s
[920/945]	[L1: 0.0148]	1.2+0.0s

Evaluation:
[UCMerced x2]	psnr: 34.551 (Best: 34.565 @epoch 378)
Total time: 1.79s

[Epoch 389]	Learning rate: 5.00e-5
[40/945]	[L1: 0.0128]	1.3+0.0s
[80/945]	[L1: 0.0132]	1.2+0.0s
[120/945]	[L1: 0.0140]	1.2+0.0s
[160/945]	[L1: 0.0140]	1.3+0.0s
[200/945]	[L1: 0.0141]	1.3+0.0s
[240/945]	[L1: 0.0142]	1.2+0.0s
[280/945]	[L1: 0.0143]	1.3+0.0s
[320/945]	[L1: 0.0145]	1.4+0.0s
[360/945]	[L1: 0.0145]	1.3+0.0s
[400/945]	[L1: 0.0150]	1.2+0.0s
[440/945]	[L1: 0.0150]	1.3+0.0s
[480/945]	[L1: 0.0149]	1.3+0.0s
[520/945]	[L1: 0.0150]	1.3+0.0s
[560/945]	[L1: 0.0149]	1.2+0.0s
[600/945]	[L1: 0.0149]	1.3+0.0s
[640/945]	[L1: 0.0149]	1.3+0.0s
[680/945]	[L1: 0.0149]	1.2+0.0s
[720/945]	[L1: 0.0149]	1.3+0.0s
[760/945]	[L1: 0.0149]	1.2+0.0s
[800/945]	[L1: 0.0149]	1.2+0.0s
[840/945]	[L1: 0.0149]	1.3+0.0s
[880/945]	[L1: 0.0149]	1.4+0.0s
[920/945]	[L1: 0.0149]	1.3+0.0s

Evaluation:
[UCMerced x2]	psnr: 34.537 (Best: 34.565 @epoch 378)
Total time: 1.79s

[Epoch 390]	Learning rate: 5.00e-5
[40/945]	[L1: 0.0143]	1.3+0.0s
[80/945]	[L1: 0.0137]	1.2+0.0s
[120/945]	[L1: 0.0139]	1.2+0.0s
[160/945]	[L1: 0.0143]	1.3+0.0s
[200/945]	[L1: 0.0143]	1.2+0.0s
[240/945]	[L1: 0.0145]	1.2+0.0s
[280/945]	[L1: 0.0145]	1.2+0.0s
[320/945]	[L1: 0.0146]	1.3+0.0s
[360/945]	[L1: 0.0146]	1.2+0.0s
[400/945]	[L1: 0.0147]	1.4+0.0s
[440/945]	[L1: 0.0147]	1.3+0.0s
[480/945]	[L1: 0.0147]	1.2+0.0s
[520/945]	[L1: 0.0146]	1.3+0.0s
[560/945]	[L1: 0.0147]	1.2+0.0s
[600/945]	[L1: 0.0147]	1.2+0.0s
[640/945]	[L1: 0.0148]	1.2+0.0s
[680/945]	[L1: 0.0148]	1.2+0.0s
[720/945]	[L1: 0.0148]	1.2+0.0s
[760/945]	[L1: 0.0148]	1.2+0.0s
[800/945]	[L1: 0.0148]	1.2+0.0s
[840/945]	[L1: 0.0148]	1.2+0.0s
[880/945]	[L1: 0.0149]	1.3+0.0s
[920/945]	[L1: 0.0149]	1.3+0.0s

Evaluation:
[UCMerced x2]	psnr: 34.563 (Best: 34.565 @epoch 378)
Total time: 1.76s

[Epoch 391]	Learning rate: 5.00e-5
[40/945]	[L1: 0.0154]	1.3+0.0s
[80/945]	[L1: 0.0155]	1.3+0.0s
[120/945]	[L1: 0.0155]	1.2+0.0s
[160/945]	[L1: 0.0153]	1.3+0.0s
[200/945]	[L1: 0.0152]	1.3+0.0s
[240/945]	[L1: 0.0155]	1.2+0.0s
[280/945]	[L1: 0.0150]	1.3+0.0s
[320/945]	[L1: 0.0149]	1.3+0.0s
[360/945]	[L1: 0.0149]	1.3+0.0s
[400/945]	[L1: 0.0148]	1.3+0.0s
[440/945]	[L1: 0.0150]	1.4+0.0s
[480/945]	[L1: 0.0150]	1.3+0.0s
[520/945]	[L1: 0.0150]	1.2+0.0s
[560/945]	[L1: 0.0151]	1.3+0.0s
[600/945]	[L1: 0.0150]	1.3+0.0s
[640/945]	[L1: 0.0149]	1.3+0.0s
[680/945]	[L1: 0.0147]	1.3+0.0s
[720/945]	[L1: 0.0147]	1.2+0.0s
[760/945]	[L1: 0.0147]	1.3+0.0s
[800/945]	[L1: 0.0147]	1.3+0.0s
[840/945]	[L1: 0.0147]	1.3+0.0s
[880/945]	[L1: 0.0147]	1.3+0.0s
[920/945]	[L1: 0.0147]	1.2+0.0s

Evaluation:
[UCMerced x2]	psnr: 34.542 (Best: 34.565 @epoch 378)
Total time: 1.79s

[Epoch 392]	Learning rate: 5.00e-5
[40/945]	[L1: 0.0165]	1.3+0.0s
[80/945]	[L1: 0.0164]	1.3+0.0s
[120/945]	[L1: 0.0157]	1.3+0.0s
[160/945]	[L1: 0.0154]	1.3+0.0s
[200/945]	[L1: 0.0152]	1.3+0.0s
[240/945]	[L1: 0.0152]	1.3+0.0s
[280/945]	[L1: 0.0150]	1.3+0.0s
[320/945]	[L1: 0.0147]	1.3+0.0s
[360/945]	[L1: 0.0147]	1.3+0.0s
[400/945]	[L1: 0.0147]	1.3+0.0s
[440/945]	[L1: 0.0147]	1.3+0.0s
[480/945]	[L1: 0.0148]	1.3+0.0s
[520/945]	[L1: 0.0149]	1.3+0.0s
[560/945]	[L1: 0.0149]	1.3+0.0s
[600/945]	[L1: 0.0148]	1.4+0.0s
[640/945]	[L1: 0.0149]	1.3+0.0s
[680/945]	[L1: 0.0148]	1.3+0.0s
[720/945]	[L1: 0.0148]	1.3+0.0s
[760/945]	[L1: 0.0148]	1.3+0.0s
[800/945]	[L1: 0.0148]	1.3+0.0s
[840/945]	[L1: 0.0148]	1.3+0.0s
[880/945]	[L1: 0.0148]	1.2+0.0s
[920/945]	[L1: 0.0147]	1.2+0.0s

Evaluation:
[UCMerced x2]	psnr: 34.552 (Best: 34.565 @epoch 378)
Total time: 1.80s

[Epoch 393]	Learning rate: 5.00e-5
[40/945]	[L1: 0.0159]	1.3+0.0s
[80/945]	[L1: 0.0151]	1.4+0.0s
[120/945]	[L1: 0.0145]	1.3+0.0s
[160/945]	[L1: 0.0144]	1.3+0.0s
[200/945]	[L1: 0.0150]	1.2+0.0s
[240/945]	[L1: 0.0150]	1.2+0.0s
[280/945]	[L1: 0.0152]	1.3+0.0s
[320/945]	[L1: 0.0152]	1.3+0.0s
[360/945]	[L1: 0.0152]	1.2+0.0s
[400/945]	[L1: 0.0151]	1.2+0.0s
[440/945]	[L1: 0.0150]	1.2+0.0s
[480/945]	[L1: 0.0149]	1.2+0.0s
[520/945]	[L1: 0.0150]	1.3+0.0s
[560/945]	[L1: 0.0150]	1.2+0.0s
[600/945]	[L1: 0.0150]	1.2+0.0s
[640/945]	[L1: 0.0150]	1.2+0.0s
[680/945]	[L1: 0.0149]	1.4+0.0s
[720/945]	[L1: 0.0149]	1.2+0.0s
[760/945]	[L1: 0.0150]	1.2+0.0s
[800/945]	[L1: 0.0149]	1.3+0.0s
[840/945]	[L1: 0.0149]	1.3+0.0s
[880/945]	[L1: 0.0149]	1.3+0.0s
[920/945]	[L1: 0.0149]	1.3+0.0s

Evaluation:
[UCMerced x2]	psnr: 34.543 (Best: 34.565 @epoch 378)
Total time: 1.78s

[Epoch 394]	Learning rate: 5.00e-5
[40/945]	[L1: 0.0144]	1.3+0.0s
[80/945]	[L1: 0.0159]	1.2+0.0s
[120/945]	[L1: 0.0156]	1.2+0.0s
[160/945]	[L1: 0.0156]	1.3+0.0s
[200/945]	[L1: 0.0156]	1.4+0.0s
[240/945]	[L1: 0.0155]	1.3+0.0s
[280/945]	[L1: 0.0153]	1.3+0.0s
[320/945]	[L1: 0.0152]	1.3+0.0s
[360/945]	[L1: 0.0151]	1.3+0.0s
[400/945]	[L1: 0.0150]	1.3+0.0s
[440/945]	[L1: 0.0150]	1.3+0.0s
[480/945]	[L1: 0.0151]	1.3+0.0s
[520/945]	[L1: 0.0150]	1.3+0.0s
[560/945]	[L1: 0.0150]	1.3+0.0s
[600/945]	[L1: 0.0149]	1.2+0.0s
[640/945]	[L1: 0.0151]	1.3+0.0s
[680/945]	[L1: 0.0150]	1.2+0.0s
[720/945]	[L1: 0.0150]	1.2+0.0s
[760/945]	[L1: 0.0150]	1.4+0.0s
[800/945]	[L1: 0.0150]	1.3+0.0s
[840/945]	[L1: 0.0150]	1.3+0.0s
[880/945]	[L1: 0.0150]	1.3+0.0s
[920/945]	[L1: 0.0149]	1.2+0.0s

Evaluation:
[UCMerced x2]	psnr: 34.561 (Best: 34.565 @epoch 378)
Total time: 1.78s

[Epoch 395]	Learning rate: 5.00e-5
[40/945]	[L1: 0.0158]	1.3+0.0s
[80/945]	[L1: 0.0160]	1.2+0.0s
[120/945]	[L1: 0.0162]	1.3+0.0s
[160/945]	[L1: 0.0160]	1.3+0.0s
[200/945]	[L1: 0.0154]	1.2+0.0s
[240/945]	[L1: 0.0152]	1.2+0.0s
[280/945]	[L1: 0.0152]	1.4+0.0s
[320/945]	[L1: 0.0151]	1.3+0.0s
[360/945]	[L1: 0.0151]	1.3+0.0s
[400/945]	[L1: 0.0149]	1.3+0.0s
[440/945]	[L1: 0.0150]	1.3+0.0s
[480/945]	[L1: 0.0149]	1.2+0.0s
[520/945]	[L1: 0.0148]	1.3+0.0s
[560/945]	[L1: 0.0148]	1.3+0.0s
[600/945]	[L1: 0.0148]	1.3+0.0s
[640/945]	[L1: 0.0149]	1.3+0.0s
[680/945]	[L1: 0.0149]	1.3+0.0s
[720/945]	[L1: 0.0149]	1.3+0.0s
[760/945]	[L1: 0.0149]	1.3+0.0s
[800/945]	[L1: 0.0148]	1.3+0.0s
[840/945]	[L1: 0.0149]	1.3+0.0s
[880/945]	[L1: 0.0149]	1.4+0.0s
[920/945]	[L1: 0.0149]	1.3+0.0s

Evaluation:
[UCMerced x2]	psnr: 34.550 (Best: 34.565 @epoch 378)
Total time: 1.81s

[Epoch 396]	Learning rate: 5.00e-5
[40/945]	[L1: 0.0131]	1.3+0.0s
[80/945]	[L1: 0.0133]	1.3+0.0s
[120/945]	[L1: 0.0137]	1.3+0.0s
[160/945]	[L1: 0.0143]	1.3+0.0s
[200/945]	[L1: 0.0145]	1.3+0.0s
[240/945]	[L1: 0.0145]	1.3+0.0s
[280/945]	[L1: 0.0146]	1.3+0.0s
[320/945]	[L1: 0.0148]	1.3+0.0s
[360/945]	[L1: 0.0148]	1.3+0.0s
[400/945]	[L1: 0.0149]	1.4+0.0s
[440/945]	[L1: 0.0150]	1.3+0.0s
[480/945]	[L1: 0.0149]	1.3+0.0s
[520/945]	[L1: 0.0149]	1.3+0.0s
[560/945]	[L1: 0.0149]	1.3+0.0s
[600/945]	[L1: 0.0149]	1.3+0.0s
[640/945]	[L1: 0.0150]	1.3+0.0s
[680/945]	[L1: 0.0151]	1.3+0.0s
[720/945]	[L1: 0.0151]	1.3+0.0s
[760/945]	[L1: 0.0151]	1.3+0.0s
[800/945]	[L1: 0.0150]	1.3+0.0s
[840/945]	[L1: 0.0149]	1.3+0.0s
[880/945]	[L1: 0.0148]	1.3+0.0s
[920/945]	[L1: 0.0148]	1.3+0.0s

Evaluation:
[UCMerced x2]	psnr: 34.543 (Best: 34.565 @epoch 378)
Total time: 1.79s

[Epoch 397]	Learning rate: 5.00e-5
[40/945]	[L1: 0.0159]	1.3+0.0s
[80/945]	[L1: 0.0150]	1.3+0.0s
[120/945]	[L1: 0.0148]	1.3+0.0s
[160/945]	[L1: 0.0145]	1.3+0.0s
[200/945]	[L1: 0.0145]	1.3+0.0s
[240/945]	[L1: 0.0144]	1.3+0.0s
[280/945]	[L1: 0.0146]	1.3+0.0s
[320/945]	[L1: 0.0149]	1.3+0.0s
[360/945]	[L1: 0.0150]	1.3+0.0s
[400/945]	[L1: 0.0148]	1.3+0.0s
[440/945]	[L1: 0.0147]	1.3+0.0s
[480/945]	[L1: 0.0146]	1.4+0.0s
[520/945]	[L1: 0.0147]	1.3+0.0s
[560/945]	[L1: 0.0148]	1.3+0.0s
[600/945]	[L1: 0.0147]	1.3+0.0s
[640/945]	[L1: 0.0148]	1.3+0.0s
[680/945]	[L1: 0.0149]	1.3+0.0s
[720/945]	[L1: 0.0148]	1.3+0.0s
[760/945]	[L1: 0.0147]	1.3+0.0s
[800/945]	[L1: 0.0147]	1.3+0.0s
[840/945]	[L1: 0.0147]	1.3+0.0s
[880/945]	[L1: 0.0148]	1.3+0.0s
[920/945]	[L1: 0.0148]	1.3+0.0s

Evaluation:
[UCMerced x2]	psnr: 34.559 (Best: 34.565 @epoch 378)
Total time: 1.77s

[Epoch 398]	Learning rate: 5.00e-5
[40/945]	[L1: 0.0145]	1.3+0.0s
[80/945]	[L1: 0.0138]	1.3+0.0s
[120/945]	[L1: 0.0137]	1.3+0.0s
[160/945]	[L1: 0.0147]	1.3+0.0s
[200/945]	[L1: 0.0147]	1.3+0.0s
[240/945]	[L1: 0.0144]	1.3+0.0s
[280/945]	[L1: 0.0146]	1.3+0.0s
[320/945]	[L1: 0.0146]	1.3+0.0s
[360/945]	[L1: 0.0147]	1.3+0.0s
[400/945]	[L1: 0.0147]	1.3+0.0s
[440/945]	[L1: 0.0147]	1.3+0.0s
[480/945]	[L1: 0.0148]	1.3+0.0s
[520/945]	[L1: 0.0147]	1.3+0.0s
[560/945]	[L1: 0.0147]	1.3+0.0s
[600/945]	[L1: 0.0148]	1.4+0.0s
[640/945]	[L1: 0.0147]	1.3+0.0s
[680/945]	[L1: 0.0148]	1.3+0.0s
[720/945]	[L1: 0.0148]	1.3+0.0s
[760/945]	[L1: 0.0147]	1.3+0.0s
[800/945]	[L1: 0.0146]	1.3+0.0s
[840/945]	[L1: 0.0147]	1.3+0.0s
[880/945]	[L1: 0.0147]	1.3+0.0s
[920/945]	[L1: 0.0148]	1.3+0.0s

Evaluation:
[UCMerced x2]	psnr: 34.540 (Best: 34.565 @epoch 378)
Total time: 1.79s

[Epoch 399]	Learning rate: 5.00e-5
[40/945]	[L1: 0.0127]	1.3+0.0s
[80/945]	[L1: 0.0133]	1.2+0.0s
[120/945]	[L1: 0.0146]	1.4+0.0s
[160/945]	[L1: 0.0150]	1.3+0.0s
[200/945]	[L1: 0.0149]	1.3+0.0s
[240/945]	[L1: 0.0149]	1.2+0.0s
[280/945]	[L1: 0.0149]	1.3+0.0s
[320/945]	[L1: 0.0148]	1.3+0.0s
[360/945]	[L1: 0.0149]	1.2+0.0s
[400/945]	[L1: 0.0149]	1.2+0.0s
[440/945]	[L1: 0.0148]	1.3+0.0s
[480/945]	[L1: 0.0149]	1.3+0.0s
[520/945]	[L1: 0.0148]	1.2+0.0s
[560/945]	[L1: 0.0147]	1.3+0.0s
[600/945]	[L1: 0.0146]	1.2+0.0s
[640/945]	[L1: 0.0147]	1.3+0.0s
[680/945]	[L1: 0.0148]	1.3+0.0s
[720/945]	[L1: 0.0147]	1.4+0.0s
[760/945]	[L1: 0.0147]	1.3+0.0s
[800/945]	[L1: 0.0147]	1.3+0.0s
[840/945]	[L1: 0.0147]	1.3+0.0s
[880/945]	[L1: 0.0147]	1.3+0.0s
[920/945]	[L1: 0.0149]	1.3+0.0s

Evaluation:
[UCMerced x2]	psnr: 34.543 (Best: 34.565 @epoch 378)
Total time: 1.77s

[Epoch 400]	Learning rate: 5.00e-5
[40/945]	[L1: 0.0149]	1.3+0.0s
[80/945]	[L1: 0.0143]	1.3+0.0s
[120/945]	[L1: 0.0146]	1.3+0.0s
[160/945]	[L1: 0.0148]	1.3+0.0s
[200/945]	[L1: 0.0150]	1.4+0.0s
[240/945]	[L1: 0.0151]	1.3+0.0s
[280/945]	[L1: 0.0151]	1.2+0.0s
[320/945]	[L1: 0.0149]	1.2+0.0s
[360/945]	[L1: 0.0148]	1.3+0.0s
[400/945]	[L1: 0.0148]	1.2+0.0s
[440/945]	[L1: 0.0148]	1.3+0.0s
[480/945]	[L1: 0.0150]	1.2+0.0s
[520/945]	[L1: 0.0151]	1.2+0.0s
[560/945]	[L1: 0.0151]	1.3+0.0s
[600/945]	[L1: 0.0151]	1.3+0.0s
[640/945]	[L1: 0.0150]	1.3+0.0s
[680/945]	[L1: 0.0150]	1.2+0.0s
[720/945]	[L1: 0.0150]	1.3+0.0s
[760/945]	[L1: 0.0149]	1.4+0.0s
[800/945]	[L1: 0.0148]	1.3+0.0s
[840/945]	[L1: 0.0148]	1.3+0.0s
[880/945]	[L1: 0.0148]	1.3+0.0s
[920/945]	[L1: 0.0148]	1.3+0.0s
Saved epoch checkpoint at epoch 400

Evaluation:
[UCMerced x2]	psnr: 34.550 (Best: 34.565 @epoch 378)
Total time: 1.76s

[Epoch 401]	Learning rate: 2.50e-5
[40/945]	[L1: 0.0148]	1.3+0.0s
[80/945]	[L1: 0.0143]	1.3+0.0s
[120/945]	[L1: 0.0142]	1.3+0.0s
[160/945]	[L1: 0.0142]	1.2+0.0s
[200/945]	[L1: 0.0146]	1.4+0.0s
[240/945]	[L1: 0.0150]	1.2+0.0s
[280/945]	[L1: 0.0152]	1.2+0.0s
[320/945]	[L1: 0.0152]	1.2+0.0s
[360/945]	[L1: 0.0151]	1.3+0.0s
[400/945]	[L1: 0.0149]	1.3+0.0s
[440/945]	[L1: 0.0149]	1.3+0.0s
[480/945]	[L1: 0.0150]	1.3+0.0s
[520/945]	[L1: 0.0150]	1.3+0.0s
[560/945]	[L1: 0.0150]	1.3+0.0s
[600/945]	[L1: 0.0149]	1.3+0.0s
[640/945]	[L1: 0.0148]	1.2+0.0s
[680/945]	[L1: 0.0149]	1.3+0.0s
[720/945]	[L1: 0.0149]	1.3+0.0s
[760/945]	[L1: 0.0149]	1.4+0.0s
[800/945]	[L1: 0.0149]	1.3+0.0s
[840/945]	[L1: 0.0149]	1.3+0.0s
[880/945]	[L1: 0.0149]	1.3+0.0s
[920/945]	[L1: 0.0148]	1.3+0.0s

Evaluation:
[UCMerced x2]	psnr: 34.565 (Best: 34.565 @epoch 378)
Total time: 1.78s

[Epoch 402]	Learning rate: 2.50e-5
[40/945]	[L1: 0.0159]	1.3+0.0s
[80/945]	[L1: 0.0145]	1.2+0.0s
[120/945]	[L1: 0.0146]	1.3+0.0s
[160/945]	[L1: 0.0146]	1.3+0.0s
[200/945]	[L1: 0.0146]	1.3+0.0s
[240/945]	[L1: 0.0147]	1.3+0.0s
[280/945]	[L1: 0.0147]	1.4+0.0s
[320/945]	[L1: 0.0145]	1.3+0.0s
[360/945]	[L1: 0.0144]	1.3+0.0s
[400/945]	[L1: 0.0145]	1.3+0.0s
[440/945]	[L1: 0.0146]	1.3+0.0s
[480/945]	[L1: 0.0145]	1.3+0.0s
[520/945]	[L1: 0.0145]	1.2+0.0s
[560/945]	[L1: 0.0144]	1.3+0.0s
[600/945]	[L1: 0.0144]	1.3+0.0s
[640/945]	[L1: 0.0144]	1.3+0.0s
[680/945]	[L1: 0.0145]	1.2+0.0s
[720/945]	[L1: 0.0145]	1.2+0.0s
[760/945]	[L1: 0.0146]	1.3+0.0s
[800/945]	[L1: 0.0146]	1.3+0.0s
[840/945]	[L1: 0.0147]	1.4+0.0s
[880/945]	[L1: 0.0146]	1.3+0.0s
[920/945]	[L1: 0.0146]	1.3+0.0s

Evaluation:
[UCMerced x2]	psnr: 34.572 (Best: 34.572 @epoch 402)
Total time: 1.77s

[Epoch 403]	Learning rate: 2.50e-5
[40/945]	[L1: 0.0139]	1.3+0.0s
[80/945]	[L1: 0.0138]	1.2+0.0s
[120/945]	[L1: 0.0149]	1.3+0.0s
[160/945]	[L1: 0.0149]	1.2+0.0s
[200/945]	[L1: 0.0146]	1.3+0.0s
[240/945]	[L1: 0.0145]	1.3+0.0s
[280/945]	[L1: 0.0144]	1.3+0.0s
[320/945]	[L1: 0.0147]	1.4+0.0s
[360/945]	[L1: 0.0147]	1.3+0.0s
[400/945]	[L1: 0.0147]	1.3+0.0s
[440/945]	[L1: 0.0149]	1.2+0.0s
[480/945]	[L1: 0.0148]	1.2+0.0s
[520/945]	[L1: 0.0148]	1.3+0.0s
[560/945]	[L1: 0.0148]	1.3+0.0s
[600/945]	[L1: 0.0148]	1.3+0.0s
[640/945]	[L1: 0.0149]	1.2+0.0s
[680/945]	[L1: 0.0149]	1.3+0.0s
[720/945]	[L1: 0.0148]	1.3+0.0s
[760/945]	[L1: 0.0148]	1.2+0.0s
[800/945]	[L1: 0.0148]	1.2+0.0s
[840/945]	[L1: 0.0149]	1.3+0.0s
[880/945]	[L1: 0.0148]	1.4+0.0s
[920/945]	[L1: 0.0148]	1.3+0.0s

Evaluation:
[UCMerced x2]	psnr: 34.572 (Best: 34.572 @epoch 403)
Total time: 1.79s

[Epoch 404]	Learning rate: 2.50e-5
[40/945]	[L1: 0.0164]	1.3+0.0s
[80/945]	[L1: 0.0165]	1.3+0.0s
[120/945]	[L1: 0.0166]	1.3+0.0s
[160/945]	[L1: 0.0162]	1.3+0.0s
[200/945]	[L1: 0.0157]	1.3+0.0s
[240/945]	[L1: 0.0157]	1.3+0.0s
[280/945]	[L1: 0.0156]	1.3+0.0s
[320/945]	[L1: 0.0152]	1.3+0.0s
[360/945]	[L1: 0.0151]	1.3+0.0s
[400/945]	[L1: 0.0150]	1.4+0.0s
[440/945]	[L1: 0.0148]	1.3+0.0s
[480/945]	[L1: 0.0148]	1.3+0.0s
[520/945]	[L1: 0.0148]	1.2+0.0s
[560/945]	[L1: 0.0147]	1.2+0.0s
[600/945]	[L1: 0.0147]	1.3+0.0s
[640/945]	[L1: 0.0148]	1.3+0.0s
[680/945]	[L1: 0.0147]	1.3+0.0s
[720/945]	[L1: 0.0148]	1.2+0.0s
[760/945]	[L1: 0.0148]	1.3+0.0s
[800/945]	[L1: 0.0148]	1.2+0.0s
[840/945]	[L1: 0.0148]	1.3+0.0s
[880/945]	[L1: 0.0147]	1.3+0.0s
[920/945]	[L1: 0.0147]	1.2+0.0s

Evaluation:
[UCMerced x2]	psnr: 34.577 (Best: 34.577 @epoch 404)
Total time: 1.76s

[Epoch 405]	Learning rate: 2.50e-5
[40/945]	[L1: 0.0162]	1.3+0.0s
[80/945]	[L1: 0.0151]	1.2+0.0s
[120/945]	[L1: 0.0147]	1.3+0.0s
[160/945]	[L1: 0.0145]	1.2+0.0s
[200/945]	[L1: 0.0144]	1.3+0.0s
[240/945]	[L1: 0.0143]	1.3+0.0s
[280/945]	[L1: 0.0143]	1.3+0.0s
[320/945]	[L1: 0.0142]	1.2+0.0s
[360/945]	[L1: 0.0144]	1.2+0.0s
[400/945]	[L1: 0.0143]	1.2+0.0s
[440/945]	[L1: 0.0146]	1.3+0.0s
[480/945]	[L1: 0.0147]	1.3+0.0s
[520/945]	[L1: 0.0146]	1.2+0.0s
[560/945]	[L1: 0.0147]	1.3+0.0s
[600/945]	[L1: 0.0148]	1.3+0.0s
[640/945]	[L1: 0.0149]	1.3+0.0s
[680/945]	[L1: 0.0149]	1.3+0.0s
[720/945]	[L1: 0.0149]	1.2+0.0s
[760/945]	[L1: 0.0149]	1.3+0.0s
[800/945]	[L1: 0.0149]	1.3+0.0s
[840/945]	[L1: 0.0149]	1.2+0.0s
[880/945]	[L1: 0.0149]	1.2+0.0s
[920/945]	[L1: 0.0148]	1.3+0.0s

Evaluation:
[UCMerced x2]	psnr: 34.566 (Best: 34.577 @epoch 404)
Total time: 1.77s

[Epoch 406]	Learning rate: 2.50e-5
[40/945]	[L1: 0.0144]	1.2+0.0s
[80/945]	[L1: 0.0145]	1.3+0.0s
[120/945]	[L1: 0.0145]	1.3+0.0s
[160/945]	[L1: 0.0144]	1.2+0.0s
[200/945]	[L1: 0.0141]	1.3+0.0s
[240/945]	[L1: 0.0141]	1.3+0.0s
[280/945]	[L1: 0.0142]	1.3+0.0s
[320/945]	[L1: 0.0145]	1.3+0.0s
[360/945]	[L1: 0.0144]	1.3+0.0s
[400/945]	[L1: 0.0144]	1.2+0.0s
[440/945]	[L1: 0.0146]	1.2+0.0s
[480/945]	[L1: 0.0147]	1.2+0.0s
[520/945]	[L1: 0.0146]	1.3+0.0s
[560/945]	[L1: 0.0146]	1.4+0.0s
[600/945]	[L1: 0.0145]	1.3+0.0s
[640/945]	[L1: 0.0146]	1.3+0.0s
[680/945]	[L1: 0.0147]	1.3+0.0s
[720/945]	[L1: 0.0148]	1.3+0.0s
[760/945]	[L1: 0.0147]	1.3+0.0s
[800/945]	[L1: 0.0146]	1.2+0.0s
[840/945]	[L1: 0.0146]	1.3+0.0s
[880/945]	[L1: 0.0147]	1.3+0.0s
[920/945]	[L1: 0.0147]	1.2+0.0s

Evaluation:
[UCMerced x2]	psnr: 34.570 (Best: 34.577 @epoch 404)
Total time: 1.80s

[Epoch 407]	Learning rate: 2.50e-5
[40/945]	[L1: 0.0141]	1.3+0.0s
[80/945]	[L1: 0.0135]	1.4+0.0s
[120/945]	[L1: 0.0142]	1.2+0.0s
[160/945]	[L1: 0.0144]	1.3+0.0s
[200/945]	[L1: 0.0143]	1.3+0.0s
[240/945]	[L1: 0.0148]	1.3+0.0s
[280/945]	[L1: 0.0146]	1.3+0.0s
[320/945]	[L1: 0.0146]	1.3+0.0s
[360/945]	[L1: 0.0147]	1.3+0.0s
[400/945]	[L1: 0.0147]	1.3+0.0s
[440/945]	[L1: 0.0147]	1.3+0.0s
[480/945]	[L1: 0.0147]	1.3+0.0s
[520/945]	[L1: 0.0147]	1.3+0.0s
[560/945]	[L1: 0.0146]	1.3+0.0s
[600/945]	[L1: 0.0147]	1.3+0.0s
[640/945]	[L1: 0.0147]	1.4+0.0s
[680/945]	[L1: 0.0147]	1.3+0.0s
[720/945]	[L1: 0.0147]	1.3+0.0s
[760/945]	[L1: 0.0147]	1.3+0.0s
[800/945]	[L1: 0.0148]	1.3+0.0s
[840/945]	[L1: 0.0148]	1.3+0.0s
[880/945]	[L1: 0.0148]	1.3+0.0s
[920/945]	[L1: 0.0148]	1.3+0.0s

Evaluation:
[UCMerced x2]	psnr: 34.571 (Best: 34.577 @epoch 404)
Total time: 1.79s

[Epoch 408]	Learning rate: 2.50e-5
[40/945]	[L1: 0.0155]	1.3+0.0s
[80/945]	[L1: 0.0149]	1.3+0.0s
[120/945]	[L1: 0.0140]	1.3+0.0s
[160/945]	[L1: 0.0142]	1.4+0.0s
[200/945]	[L1: 0.0145]	1.3+0.0s
[240/945]	[L1: 0.0145]	1.3+0.0s
[280/945]	[L1: 0.0146]	1.3+0.0s
[320/945]	[L1: 0.0147]	1.3+0.0s
[360/945]	[L1: 0.0149]	1.3+0.0s
[400/945]	[L1: 0.0149]	1.3+0.0s
[440/945]	[L1: 0.0149]	1.3+0.0s
[480/945]	[L1: 0.0147]	1.3+0.0s
[520/945]	[L1: 0.0148]	1.3+0.0s
[560/945]	[L1: 0.0147]	1.3+0.0s
[600/945]	[L1: 0.0148]	1.3+0.0s
[640/945]	[L1: 0.0148]	1.3+0.0s
[680/945]	[L1: 0.0149]	1.3+0.0s
[720/945]	[L1: 0.0149]	1.3+0.0s
[760/945]	[L1: 0.0148]	1.4+0.0s
[800/945]	[L1: 0.0149]	1.3+0.0s
[840/945]	[L1: 0.0148]	1.3+0.0s
[880/945]	[L1: 0.0148]	1.3+0.0s
[920/945]	[L1: 0.0147]	1.2+0.0s

Evaluation:
[UCMerced x2]	psnr: 34.569 (Best: 34.577 @epoch 404)
Total time: 1.76s

[Epoch 409]	Learning rate: 2.50e-5
[40/945]	[L1: 0.0165]	1.3+0.0s
[80/945]	[L1: 0.0157]	1.3+0.0s
[120/945]	[L1: 0.0153]	1.3+0.0s
[160/945]	[L1: 0.0147]	1.3+0.0s
[200/945]	[L1: 0.0149]	1.3+0.0s
[240/945]	[L1: 0.0146]	1.4+0.0s
[280/945]	[L1: 0.0149]	1.3+0.0s
[320/945]	[L1: 0.0150]	1.3+0.0s
[360/945]	[L1: 0.0152]	1.3+0.0s
[400/945]	[L1: 0.0152]	1.3+0.0s
[440/945]	[L1: 0.0151]	1.3+0.0s
[480/945]	[L1: 0.0151]	1.3+0.0s
[520/945]	[L1: 0.0150]	1.3+0.0s
[560/945]	[L1: 0.0149]	1.3+0.0s
[600/945]	[L1: 0.0149]	1.3+0.0s
[640/945]	[L1: 0.0148]	1.3+0.0s
[680/945]	[L1: 0.0149]	1.3+0.0s
[720/945]	[L1: 0.0149]	1.3+0.0s
[760/945]	[L1: 0.0148]	1.3+0.0s
[800/945]	[L1: 0.0150]	1.4+0.0s
[840/945]	[L1: 0.0149]	1.3+0.0s
[880/945]	[L1: 0.0148]	1.3+0.0s
[920/945]	[L1: 0.0148]	1.3+0.0s

Evaluation:
[UCMerced x2]	psnr: 34.569 (Best: 34.577 @epoch 404)
Total time: 1.77s

[Epoch 410]	Learning rate: 2.50e-5
[40/945]	[L1: 0.0164]	1.3+0.0s
[80/945]	[L1: 0.0152]	1.2+0.0s
[120/945]	[L1: 0.0150]	1.3+0.0s
[160/945]	[L1: 0.0150]	1.2+0.0s
[200/945]	[L1: 0.0151]	1.3+0.0s
[240/945]	[L1: 0.0152]	1.2+0.0s
[280/945]	[L1: 0.0154]	1.3+0.0s
[320/945]	[L1: 0.0152]	1.4+0.0s
[360/945]	[L1: 0.0152]	1.3+0.0s
[400/945]	[L1: 0.0149]	1.3+0.0s
[440/945]	[L1: 0.0148]	1.3+0.0s
[480/945]	[L1: 0.0148]	1.3+0.0s
[520/945]	[L1: 0.0148]	1.3+0.0s
[560/945]	[L1: 0.0147]	1.3+0.0s
[600/945]	[L1: 0.0147]	1.3+0.0s
[640/945]	[L1: 0.0148]	1.3+0.0s
[680/945]	[L1: 0.0148]	1.3+0.0s
[720/945]	[L1: 0.0147]	1.3+0.0s
[760/945]	[L1: 0.0147]	1.3+0.0s
[800/945]	[L1: 0.0149]	1.3+0.0s
[840/945]	[L1: 0.0149]	1.3+0.0s
[880/945]	[L1: 0.0149]	1.4+0.0s
[920/945]	[L1: 0.0149]	1.2+0.0s

Evaluation:
[UCMerced x2]	psnr: 34.577 (Best: 34.577 @epoch 410)
Total time: 1.76s

[Epoch 411]	Learning rate: 2.50e-5
[40/945]	[L1: 0.0143]	1.3+0.0s
[80/945]	[L1: 0.0150]	1.3+0.0s
[120/945]	[L1: 0.0146]	1.3+0.0s
[160/945]	[L1: 0.0147]	1.3+0.0s
[200/945]	[L1: 0.0146]	1.3+0.0s
[240/945]	[L1: 0.0146]	1.3+0.0s
[280/945]	[L1: 0.0149]	1.3+0.0s
[320/945]	[L1: 0.0149]	1.2+0.0s
[360/945]	[L1: 0.0148]	1.3+0.0s
[400/945]	[L1: 0.0150]	1.4+0.0s
[440/945]	[L1: 0.0148]	1.3+0.0s
[480/945]	[L1: 0.0149]	1.3+0.0s
[520/945]	[L1: 0.0149]	1.3+0.0s
[560/945]	[L1: 0.0149]	1.3+0.0s
[600/945]	[L1: 0.0149]	1.3+0.0s
[640/945]	[L1: 0.0149]	1.3+0.0s
[680/945]	[L1: 0.0148]	1.3+0.0s
[720/945]	[L1: 0.0147]	1.3+0.0s
[760/945]	[L1: 0.0147]	1.3+0.0s
[800/945]	[L1: 0.0146]	1.3+0.0s
[840/945]	[L1: 0.0146]	1.3+0.0s
[880/945]	[L1: 0.0148]	1.3+0.0s
[920/945]	[L1: 0.0148]	1.3+0.0s

Evaluation:
[UCMerced x2]	psnr: 34.563 (Best: 34.577 @epoch 410)
Total time: 1.79s

[Epoch 412]	Learning rate: 2.50e-5
[40/945]	[L1: 0.0145]	1.3+0.0s
[80/945]	[L1: 0.0161]	1.3+0.0s
[120/945]	[L1: 0.0158]	1.3+0.0s
[160/945]	[L1: 0.0156]	1.3+0.0s
[200/945]	[L1: 0.0155]	1.3+0.0s
[240/945]	[L1: 0.0155]	1.3+0.0s
[280/945]	[L1: 0.0158]	1.3+0.0s
[320/945]	[L1: 0.0157]	1.3+0.0s
[360/945]	[L1: 0.0155]	1.3+0.0s
[400/945]	[L1: 0.0154]	1.3+0.0s
[440/945]	[L1: 0.0152]	1.3+0.0s
[480/945]	[L1: 0.0152]	1.5+0.0s
[520/945]	[L1: 0.0151]	1.3+0.0s
[560/945]	[L1: 0.0151]	1.3+0.0s
[600/945]	[L1: 0.0150]	1.3+0.0s
[640/945]	[L1: 0.0150]	1.3+0.0s
[680/945]	[L1: 0.0149]	1.3+0.0s
[720/945]	[L1: 0.0148]	1.2+0.0s
[760/945]	[L1: 0.0148]	1.3+0.0s
[800/945]	[L1: 0.0148]	1.3+0.0s
[840/945]	[L1: 0.0148]	1.3+0.0s
[880/945]	[L1: 0.0148]	1.3+0.0s
[920/945]	[L1: 0.0148]	1.3+0.0s

Evaluation:
[UCMerced x2]	psnr: 34.571 (Best: 34.577 @epoch 410)
Total time: 1.80s

[Epoch 413]	Learning rate: 2.50e-5
[40/945]	[L1: 0.0169]	1.3+0.0s
[80/945]	[L1: 0.0165]	1.3+0.0s
[120/945]	[L1: 0.0156]	1.3+0.0s
[160/945]	[L1: 0.0152]	1.3+0.0s
[200/945]	[L1: 0.0150]	1.3+0.0s
[240/945]	[L1: 0.0148]	1.2+0.0s
[280/945]	[L1: 0.0147]	1.2+0.0s
[320/945]	[L1: 0.0146]	1.2+0.0s
[360/945]	[L1: 0.0146]	1.3+0.0s
[400/945]	[L1: 0.0147]	1.3+0.0s
[440/945]	[L1: 0.0147]	1.3+0.0s
[480/945]	[L1: 0.0146]	1.3+0.0s
[520/945]	[L1: 0.0146]	1.3+0.0s
[560/945]	[L1: 0.0146]	1.4+0.0s
[600/945]	[L1: 0.0144]	1.3+0.0s
[640/945]	[L1: 0.0145]	1.3+0.0s
[680/945]	[L1: 0.0145]	1.3+0.0s
[720/945]	[L1: 0.0145]	1.3+0.0s
[760/945]	[L1: 0.0144]	1.3+0.0s
[800/945]	[L1: 0.0145]	1.3+0.0s
[840/945]	[L1: 0.0146]	1.3+0.0s
[880/945]	[L1: 0.0147]	1.3+0.0s
[920/945]	[L1: 0.0147]	1.3+0.0s

Evaluation:
[UCMerced x2]	psnr: 34.559 (Best: 34.577 @epoch 410)
Total time: 1.80s

[Epoch 414]	Learning rate: 2.50e-5
[40/945]	[L1: 0.0145]	1.3+0.0s
[80/945]	[L1: 0.0137]	1.4+0.0s
[120/945]	[L1: 0.0136]	1.2+0.0s
[160/945]	[L1: 0.0139]	1.3+0.0s
[200/945]	[L1: 0.0143]	1.2+0.0s
[240/945]	[L1: 0.0142]	1.2+0.0s
[280/945]	[L1: 0.0140]	1.2+0.0s
[320/945]	[L1: 0.0140]	1.2+0.0s
[360/945]	[L1: 0.0141]	1.3+0.0s
[400/945]	[L1: 0.0142]	1.2+0.0s
[440/945]	[L1: 0.0142]	1.3+0.0s
[480/945]	[L1: 0.0142]	1.3+0.0s
[520/945]	[L1: 0.0142]	1.3+0.0s
[560/945]	[L1: 0.0144]	1.3+0.0s
[600/945]	[L1: 0.0144]	1.3+0.0s
[640/945]	[L1: 0.0145]	1.4+0.0s
[680/945]	[L1: 0.0145]	1.3+0.0s
[720/945]	[L1: 0.0144]	1.3+0.0s
[760/945]	[L1: 0.0145]	1.2+0.0s
[800/945]	[L1: 0.0146]	1.3+0.0s
[840/945]	[L1: 0.0147]	1.3+0.0s
[880/945]	[L1: 0.0147]	1.3+0.0s
[920/945]	[L1: 0.0147]	1.3+0.0s

Evaluation:
[UCMerced x2]	psnr: 34.571 (Best: 34.577 @epoch 410)
Total time: 1.80s

[Epoch 415]	Learning rate: 2.50e-5
[40/945]	[L1: 0.0150]	1.3+0.0s
[80/945]	[L1: 0.0137]	1.2+0.0s
[120/945]	[L1: 0.0138]	1.3+0.0s
[160/945]	[L1: 0.0141]	1.4+0.0s
[200/945]	[L1: 0.0145]	1.3+0.0s
[240/945]	[L1: 0.0145]	1.3+0.0s
[280/945]	[L1: 0.0142]	1.2+0.0s
[320/945]	[L1: 0.0143]	1.2+0.0s
[360/945]	[L1: 0.0144]	1.2+0.0s
[400/945]	[L1: 0.0144]	1.2+0.0s
[440/945]	[L1: 0.0145]	1.2+0.0s
[480/945]	[L1: 0.0146]	1.2+0.0s
[520/945]	[L1: 0.0147]	1.3+0.0s
[560/945]	[L1: 0.0146]	1.3+0.0s
[600/945]	[L1: 0.0146]	1.3+0.0s
[640/945]	[L1: 0.0146]	1.2+0.0s
[680/945]	[L1: 0.0147]	1.2+0.0s
[720/945]	[L1: 0.0148]	1.2+0.0s
[760/945]	[L1: 0.0147]	1.4+0.0s
[800/945]	[L1: 0.0147]	1.3+0.0s
[840/945]	[L1: 0.0147]	1.3+0.0s
[880/945]	[L1: 0.0147]	1.3+0.0s
[920/945]	[L1: 0.0147]	1.3+0.0s

Evaluation:
[UCMerced x2]	psnr: 34.570 (Best: 34.577 @epoch 410)
Total time: 1.79s

[Epoch 416]	Learning rate: 2.50e-5
[40/945]	[L1: 0.0174]	1.3+0.0s
[80/945]	[L1: 0.0168]	1.3+0.0s
[120/945]	[L1: 0.0157]	1.3+0.0s
[160/945]	[L1: 0.0154]	1.3+0.0s
[200/945]	[L1: 0.0155]	1.3+0.0s
[240/945]	[L1: 0.0154]	1.3+0.0s
[280/945]	[L1: 0.0153]	1.4+0.0s
[320/945]	[L1: 0.0154]	1.3+0.0s
[360/945]	[L1: 0.0152]	1.3+0.0s
[400/945]	[L1: 0.0150]	1.3+0.0s
[440/945]	[L1: 0.0151]	1.3+0.0s
[480/945]	[L1: 0.0151]	1.3+0.0s
[520/945]	[L1: 0.0150]	1.3+0.0s
[560/945]	[L1: 0.0149]	1.3+0.0s
[600/945]	[L1: 0.0147]	1.3+0.0s
[640/945]	[L1: 0.0145]	1.3+0.0s
[680/945]	[L1: 0.0145]	1.3+0.0s
[720/945]	[L1: 0.0146]	1.3+0.0s
[760/945]	[L1: 0.0146]	1.3+0.0s
[800/945]	[L1: 0.0147]	1.3+0.0s
[840/945]	[L1: 0.0147]	1.4+0.0s
[880/945]	[L1: 0.0148]	1.3+0.0s
[920/945]	[L1: 0.0148]	1.3+0.0s

Evaluation:
[UCMerced x2]	psnr: 34.574 (Best: 34.577 @epoch 410)
Total time: 1.78s

[Epoch 417]	Learning rate: 2.50e-5
[40/945]	[L1: 0.0151]	1.3+0.0s
[80/945]	[L1: 0.0151]	1.3+0.0s
[120/945]	[L1: 0.0149]	1.3+0.0s
[160/945]	[L1: 0.0149]	1.2+0.0s
[200/945]	[L1: 0.0149]	1.3+0.0s
[240/945]	[L1: 0.0150]	1.3+0.0s
[280/945]	[L1: 0.0151]	1.3+0.0s
[320/945]	[L1: 0.0153]	1.3+0.0s
[360/945]	[L1: 0.0153]	1.4+0.0s
[400/945]	[L1: 0.0152]	1.3+0.0s
[440/945]	[L1: 0.0151]	1.3+0.0s
[480/945]	[L1: 0.0150]	1.3+0.0s
[520/945]	[L1: 0.0149]	1.3+0.0s
[560/945]	[L1: 0.0150]	1.3+0.0s
[600/945]	[L1: 0.0149]	1.3+0.0s
[640/945]	[L1: 0.0148]	1.3+0.0s
[680/945]	[L1: 0.0149]	1.3+0.0s
[720/945]	[L1: 0.0150]	1.3+0.0s
[760/945]	[L1: 0.0149]	1.3+0.0s
[800/945]	[L1: 0.0150]	1.3+0.0s
[840/945]	[L1: 0.0149]	1.3+0.0s
[880/945]	[L1: 0.0149]	1.3+0.0s
[920/945]	[L1: 0.0148]	1.4+0.0s

Evaluation:
[UCMerced x2]	psnr: 34.579 (Best: 34.579 @epoch 417)
Total time: 1.80s

[Epoch 418]	Learning rate: 2.50e-5
[40/945]	[L1: 0.0133]	1.3+0.0s
[80/945]	[L1: 0.0140]	1.3+0.0s
[120/945]	[L1: 0.0138]	1.3+0.0s
[160/945]	[L1: 0.0143]	1.3+0.0s
[200/945]	[L1: 0.0140]	1.3+0.0s
[240/945]	[L1: 0.0143]	1.3+0.0s
[280/945]	[L1: 0.0141]	1.3+0.0s
[320/945]	[L1: 0.0141]	1.3+0.0s
[360/945]	[L1: 0.0141]	1.3+0.0s
[400/945]	[L1: 0.0143]	1.3+0.0s
[440/945]	[L1: 0.0140]	1.4+0.0s
[480/945]	[L1: 0.0143]	1.3+0.0s
[520/945]	[L1: 0.0143]	1.3+0.0s
[560/945]	[L1: 0.0142]	1.3+0.0s
[600/945]	[L1: 0.0143]	1.3+0.0s
[640/945]	[L1: 0.0143]	1.3+0.0s
[680/945]	[L1: 0.0143]	1.3+0.0s
[720/945]	[L1: 0.0143]	1.3+0.0s
[760/945]	[L1: 0.0145]	1.3+0.0s
[800/945]	[L1: 0.0145]	1.3+0.0s
[840/945]	[L1: 0.0145]	1.3+0.0s
[880/945]	[L1: 0.0146]	1.3+0.0s
[920/945]	[L1: 0.0147]	1.3+0.0s

Evaluation:
[UCMerced x2]	psnr: 34.568 (Best: 34.579 @epoch 417)
Total time: 1.80s

[Epoch 419]	Learning rate: 2.50e-5
[40/945]	[L1: 0.0129]	1.3+0.0s
[80/945]	[L1: 0.0135]	1.3+0.0s
[120/945]	[L1: 0.0141]	1.2+0.0s
[160/945]	[L1: 0.0136]	1.3+0.0s
[200/945]	[L1: 0.0139]	1.3+0.0s
[240/945]	[L1: 0.0141]	1.3+0.0s
[280/945]	[L1: 0.0141]	1.3+0.0s
[320/945]	[L1: 0.0144]	1.3+0.0s
[360/945]	[L1: 0.0146]	1.2+0.0s
[400/945]	[L1: 0.0145]	1.2+0.0s
[440/945]	[L1: 0.0144]	1.3+0.0s
[480/945]	[L1: 0.0143]	1.3+0.0s
[520/945]	[L1: 0.0144]	1.4+0.0s
[560/945]	[L1: 0.0144]	1.2+0.0s
[600/945]	[L1: 0.0146]	1.2+0.0s
[640/945]	[L1: 0.0146]	1.2+0.0s
[680/945]	[L1: 0.0146]	1.2+0.0s
[720/945]	[L1: 0.0146]	1.3+0.0s
[760/945]	[L1: 0.0146]	1.3+0.0s
[800/945]	[L1: 0.0145]	1.3+0.0s
[840/945]	[L1: 0.0145]	1.3+0.0s
[880/945]	[L1: 0.0145]	1.3+0.0s
[920/945]	[L1: 0.0146]	1.2+0.0s

Evaluation:
[UCMerced x2]	psnr: 34.574 (Best: 34.579 @epoch 417)
Total time: 1.79s

[Epoch 420]	Learning rate: 2.50e-5
[40/945]	[L1: 0.0153]	1.4+0.0s
[80/945]	[L1: 0.0159]	1.3+0.0s
[120/945]	[L1: 0.0162]	1.3+0.0s
[160/945]	[L1: 0.0155]	1.3+0.0s
[200/945]	[L1: 0.0152]	1.3+0.0s
[240/945]	[L1: 0.0150]	1.3+0.0s
[280/945]	[L1: 0.0151]	1.3+0.0s
[320/945]	[L1: 0.0151]	1.3+0.0s
[360/945]	[L1: 0.0151]	1.3+0.0s
[400/945]	[L1: 0.0149]	1.3+0.0s
[440/945]	[L1: 0.0148]	1.3+0.0s
[480/945]	[L1: 0.0147]	1.3+0.0s
[520/945]	[L1: 0.0147]	1.3+0.0s
[560/945]	[L1: 0.0146]	1.3+0.0s
[600/945]	[L1: 0.0147]	1.4+0.0s
[640/945]	[L1: 0.0147]	1.3+0.0s
[680/945]	[L1: 0.0147]	1.3+0.0s
[720/945]	[L1: 0.0147]	1.3+0.0s
[760/945]	[L1: 0.0146]	1.3+0.0s
[800/945]	[L1: 0.0147]	1.3+0.0s
[840/945]	[L1: 0.0147]	1.3+0.0s
[880/945]	[L1: 0.0147]	1.3+0.0s
[920/945]	[L1: 0.0147]	1.3+0.0s

Evaluation:
[UCMerced x2]	psnr: 34.562 (Best: 34.579 @epoch 417)
Total time: 1.79s

[Epoch 421]	Learning rate: 2.50e-5
[40/945]	[L1: 0.0148]	1.3+0.0s
[80/945]	[L1: 0.0137]	1.3+0.0s
[120/945]	[L1: 0.0138]	1.4+0.0s
[160/945]	[L1: 0.0140]	1.3+0.0s
[200/945]	[L1: 0.0141]	1.3+0.0s
[240/945]	[L1: 0.0143]	1.3+0.0s
[280/945]	[L1: 0.0145]	1.3+0.0s
[320/945]	[L1: 0.0146]	1.3+0.0s
[360/945]	[L1: 0.0147]	1.3+0.0s
[400/945]	[L1: 0.0147]	1.3+0.0s
[440/945]	[L1: 0.0147]	1.3+0.0s
[480/945]	[L1: 0.0147]	1.3+0.0s
[520/945]	[L1: 0.0147]	1.3+0.0s
[560/945]	[L1: 0.0146]	1.3+0.0s
[600/945]	[L1: 0.0147]	1.3+0.0s
[640/945]	[L1: 0.0147]	1.3+0.0s
[680/945]	[L1: 0.0146]	1.3+0.0s
[720/945]	[L1: 0.0147]	1.4+0.0s
[760/945]	[L1: 0.0147]	1.3+0.0s
[800/945]	[L1: 0.0146]	1.3+0.0s
[840/945]	[L1: 0.0146]	1.3+0.0s
[880/945]	[L1: 0.0147]	1.3+0.0s
[920/945]	[L1: 0.0146]	1.3+0.0s

Evaluation:
[UCMerced x2]	psnr: 34.565 (Best: 34.579 @epoch 417)
Total time: 1.79s

[Epoch 422]	Learning rate: 2.50e-5
[40/945]	[L1: 0.0150]	1.3+0.0s
[80/945]	[L1: 0.0147]	1.3+0.0s
[120/945]	[L1: 0.0146]	1.3+0.0s
[160/945]	[L1: 0.0146]	1.3+0.0s
[200/945]	[L1: 0.0142]	1.3+0.0s
[240/945]	[L1: 0.0146]	1.4+0.0s
[280/945]	[L1: 0.0147]	1.3+0.0s
[320/945]	[L1: 0.0146]	1.3+0.0s
[360/945]	[L1: 0.0147]	1.3+0.0s
[400/945]	[L1: 0.0148]	1.3+0.0s
[440/945]	[L1: 0.0148]	1.3+0.0s
[480/945]	[L1: 0.0149]	1.3+0.0s
[520/945]	[L1: 0.0150]	1.3+0.0s
[560/945]	[L1: 0.0150]	1.3+0.0s
[600/945]	[L1: 0.0150]	1.3+0.0s
[640/945]	[L1: 0.0151]	1.3+0.0s
[680/945]	[L1: 0.0150]	1.3+0.0s
[720/945]	[L1: 0.0149]	1.3+0.0s
[760/945]	[L1: 0.0149]	1.3+0.0s
[800/945]	[L1: 0.0149]	1.4+0.0s
[840/945]	[L1: 0.0148]	1.3+0.0s
[880/945]	[L1: 0.0148]	1.2+0.0s
[920/945]	[L1: 0.0147]	1.3+0.0s

Evaluation:
[UCMerced x2]	psnr: 34.571 (Best: 34.579 @epoch 417)
Total time: 1.78s

[Epoch 423]	Learning rate: 2.50e-5
[40/945]	[L1: 0.0138]	1.3+0.0s
[80/945]	[L1: 0.0138]	1.3+0.0s
[120/945]	[L1: 0.0135]	1.3+0.0s
[160/945]	[L1: 0.0136]	1.3+0.0s
[200/945]	[L1: 0.0136]	1.3+0.0s
[240/945]	[L1: 0.0140]	1.3+0.0s
[280/945]	[L1: 0.0140]	1.3+0.0s
[320/945]	[L1: 0.0142]	1.4+0.0s
[360/945]	[L1: 0.0142]	1.2+0.0s
[400/945]	[L1: 0.0142]	1.3+0.0s
[440/945]	[L1: 0.0145]	1.3+0.0s
[480/945]	[L1: 0.0145]	1.3+0.0s
[520/945]	[L1: 0.0146]	1.3+0.0s
[560/945]	[L1: 0.0145]	1.3+0.0s
[600/945]	[L1: 0.0146]	1.3+0.0s
[640/945]	[L1: 0.0146]	1.3+0.0s
[680/945]	[L1: 0.0145]	1.3+0.0s
[720/945]	[L1: 0.0145]	1.3+0.0s
[760/945]	[L1: 0.0145]	1.3+0.0s
[800/945]	[L1: 0.0145]	1.3+0.0s
[840/945]	[L1: 0.0145]	1.3+0.0s
[880/945]	[L1: 0.0145]	1.4+0.0s
[920/945]	[L1: 0.0145]	1.3+0.0s

Evaluation:
[UCMerced x2]	psnr: 34.556 (Best: 34.579 @epoch 417)
Total time: 1.79s

[Epoch 424]	Learning rate: 2.50e-5
[40/945]	[L1: 0.0178]	1.3+0.0s
[80/945]	[L1: 0.0162]	1.3+0.0s
[120/945]	[L1: 0.0161]	1.3+0.0s
[160/945]	[L1: 0.0157]	1.3+0.0s
[200/945]	[L1: 0.0154]	1.3+0.0s
[240/945]	[L1: 0.0152]	1.2+0.0s
[280/945]	[L1: 0.0150]	1.3+0.0s
[320/945]	[L1: 0.0151]	1.3+0.0s
[360/945]	[L1: 0.0150]	1.3+0.0s
[400/945]	[L1: 0.0148]	1.4+0.0s
[440/945]	[L1: 0.0147]	1.2+0.0s
[480/945]	[L1: 0.0148]	1.2+0.0s
[520/945]	[L1: 0.0148]	1.3+0.0s
[560/945]	[L1: 0.0146]	1.2+0.0s
[600/945]	[L1: 0.0146]	1.3+0.0s
[640/945]	[L1: 0.0146]	1.2+0.0s
[680/945]	[L1: 0.0146]	1.2+0.0s
[720/945]	[L1: 0.0146]	1.2+0.0s
[760/945]	[L1: 0.0146]	1.3+0.0s
[800/945]	[L1: 0.0146]	1.3+0.0s
[840/945]	[L1: 0.0146]	1.3+0.0s
[880/945]	[L1: 0.0147]	1.2+0.0s
[920/945]	[L1: 0.0148]	1.3+0.0s

Evaluation:
[UCMerced x2]	psnr: 34.564 (Best: 34.579 @epoch 417)
Total time: 1.78s

[Epoch 425]	Learning rate: 2.50e-5
[40/945]	[L1: 0.0122]	1.3+0.0s
[80/945]	[L1: 0.0131]	1.3+0.0s
[120/945]	[L1: 0.0134]	1.2+0.0s
[160/945]	[L1: 0.0136]	1.3+0.0s
[200/945]	[L1: 0.0137]	1.2+0.0s
[240/945]	[L1: 0.0138]	1.2+0.0s
[280/945]	[L1: 0.0142]	1.2+0.0s
[320/945]	[L1: 0.0144]	1.3+0.0s
[360/945]	[L1: 0.0144]	1.3+0.0s
[400/945]	[L1: 0.0147]	1.3+0.0s
[440/945]	[L1: 0.0146]	1.3+0.0s
[480/945]	[L1: 0.0145]	1.4+0.0s
[520/945]	[L1: 0.0145]	1.3+0.0s
[560/945]	[L1: 0.0145]	1.3+0.0s
[600/945]	[L1: 0.0144]	1.3+0.0s
[640/945]	[L1: 0.0144]	1.3+0.0s
[680/945]	[L1: 0.0145]	1.2+0.0s
[720/945]	[L1: 0.0146]	1.3+0.0s
[760/945]	[L1: 0.0146]	1.3+0.0s
[800/945]	[L1: 0.0147]	1.3+0.0s
[840/945]	[L1: 0.0147]	1.3+0.0s
[880/945]	[L1: 0.0146]	1.3+0.0s
[920/945]	[L1: 0.0147]	1.2+0.0s

Evaluation:
[UCMerced x2]	psnr: 34.562 (Best: 34.579 @epoch 417)
Total time: 1.76s

[Epoch 426]	Learning rate: 2.50e-5
[40/945]	[L1: 0.0143]	1.3+0.0s
[80/945]	[L1: 0.0145]	1.3+0.0s
[120/945]	[L1: 0.0142]	1.3+0.0s
[160/945]	[L1: 0.0140]	1.3+0.0s
[200/945]	[L1: 0.0145]	1.3+0.0s
[240/945]	[L1: 0.0148]	1.2+0.0s
[280/945]	[L1: 0.0149]	1.3+0.0s
[320/945]	[L1: 0.0149]	1.3+0.0s
[360/945]	[L1: 0.0150]	1.3+0.0s
[400/945]	[L1: 0.0150]	1.3+0.0s
[440/945]	[L1: 0.0149]	1.3+0.0s
[480/945]	[L1: 0.0148]	1.3+0.0s
[520/945]	[L1: 0.0148]	1.3+0.0s
[560/945]	[L1: 0.0148]	1.3+0.0s
[600/945]	[L1: 0.0148]	1.4+0.0s
[640/945]	[L1: 0.0147]	1.3+0.0s
[680/945]	[L1: 0.0147]	1.3+0.0s
[720/945]	[L1: 0.0147]	1.3+0.0s
[760/945]	[L1: 0.0147]	1.3+0.0s
[800/945]	[L1: 0.0146]	1.3+0.0s
[840/945]	[L1: 0.0147]	1.3+0.0s
[880/945]	[L1: 0.0146]	1.2+0.0s
[920/945]	[L1: 0.0146]	1.2+0.0s

Evaluation:
[UCMerced x2]	psnr: 34.561 (Best: 34.579 @epoch 417)
Total time: 1.79s

[Epoch 427]	Learning rate: 2.50e-5
[40/945]	[L1: 0.0151]	1.3+0.0s
[80/945]	[L1: 0.0161]	1.4+0.0s
[120/945]	[L1: 0.0156]	1.3+0.0s
[160/945]	[L1: 0.0152]	1.2+0.0s
[200/945]	[L1: 0.0154]	1.2+0.0s
[240/945]	[L1: 0.0154]	1.3+0.0s
[280/945]	[L1: 0.0153]	1.3+0.0s
[320/945]	[L1: 0.0155]	1.3+0.0s
[360/945]	[L1: 0.0155]	1.3+0.0s
[400/945]	[L1: 0.0155]	1.3+0.0s
[440/945]	[L1: 0.0154]	1.3+0.0s
[480/945]	[L1: 0.0151]	1.3+0.0s
[520/945]	[L1: 0.0151]	1.3+0.0s
[560/945]	[L1: 0.0149]	1.3+0.0s
[600/945]	[L1: 0.0148]	1.3+0.0s
[640/945]	[L1: 0.0147]	1.3+0.0s
[680/945]	[L1: 0.0148]	1.4+0.0s
[720/945]	[L1: 0.0148]	1.3+0.0s
[760/945]	[L1: 0.0148]	1.3+0.0s
[800/945]	[L1: 0.0148]	1.3+0.0s
[840/945]	[L1: 0.0149]	1.3+0.0s
[880/945]	[L1: 0.0148]	1.2+0.0s
[920/945]	[L1: 0.0147]	1.2+0.0s

Evaluation:
[UCMerced x2]	psnr: 34.569 (Best: 34.579 @epoch 417)
Total time: 1.76s

[Epoch 428]	Learning rate: 2.50e-5
[40/945]	[L1: 0.0154]	1.3+0.0s
[80/945]	[L1: 0.0156]	1.3+0.0s
[120/945]	[L1: 0.0150]	1.3+0.0s
[160/945]	[L1: 0.0148]	1.4+0.0s
[200/945]	[L1: 0.0145]	1.3+0.0s
[240/945]	[L1: 0.0146]	1.3+0.0s
[280/945]	[L1: 0.0147]	1.3+0.0s
[320/945]	[L1: 0.0146]	1.3+0.0s
[360/945]	[L1: 0.0145]	1.3+0.0s
[400/945]	[L1: 0.0145]	1.3+0.0s
[440/945]	[L1: 0.0144]	1.2+0.0s
[480/945]	[L1: 0.0145]	1.3+0.0s
[520/945]	[L1: 0.0146]	1.2+0.0s
[560/945]	[L1: 0.0145]	1.3+0.0s
[600/945]	[L1: 0.0145]	1.3+0.0s
[640/945]	[L1: 0.0146]	1.3+0.0s
[680/945]	[L1: 0.0146]	1.3+0.0s
[720/945]	[L1: 0.0145]	1.3+0.0s
[760/945]	[L1: 0.0145]	1.4+0.0s
[800/945]	[L1: 0.0147]	1.3+0.0s
[840/945]	[L1: 0.0147]	1.3+0.0s
[880/945]	[L1: 0.0147]	1.3+0.0s
[920/945]	[L1: 0.0147]	1.2+0.0s

Evaluation:
[UCMerced x2]	psnr: 34.574 (Best: 34.579 @epoch 417)
Total time: 1.78s

[Epoch 429]	Learning rate: 2.50e-5
[40/945]	[L1: 0.0151]	1.3+0.0s
[80/945]	[L1: 0.0150]	1.3+0.0s
[120/945]	[L1: 0.0153]	1.3+0.0s
[160/945]	[L1: 0.0151]	1.2+0.0s
[200/945]	[L1: 0.0152]	1.2+0.0s
[240/945]	[L1: 0.0156]	1.3+0.0s
[280/945]	[L1: 0.0154]	1.4+0.0s
[320/945]	[L1: 0.0153]	1.3+0.0s
[360/945]	[L1: 0.0151]	1.3+0.0s
[400/945]	[L1: 0.0152]	1.3+0.0s
[440/945]	[L1: 0.0152]	1.3+0.0s
[480/945]	[L1: 0.0151]	1.3+0.0s
[520/945]	[L1: 0.0151]	1.3+0.0s
[560/945]	[L1: 0.0150]	1.3+0.0s
[600/945]	[L1: 0.0150]	1.3+0.0s
[640/945]	[L1: 0.0150]	1.3+0.0s
[680/945]	[L1: 0.0149]	1.3+0.0s
[720/945]	[L1: 0.0149]	1.2+0.0s
[760/945]	[L1: 0.0149]	1.3+0.0s
[800/945]	[L1: 0.0149]	1.3+0.0s
[840/945]	[L1: 0.0148]	1.3+0.0s
[880/945]	[L1: 0.0148]	1.3+0.0s
[920/945]	[L1: 0.0148]	1.3+0.0s

Evaluation:
[UCMerced x2]	psnr: 34.567 (Best: 34.579 @epoch 417)
Total time: 1.80s

[Epoch 430]	Learning rate: 2.50e-5
[40/945]	[L1: 0.0142]	1.3+0.0s
[80/945]	[L1: 0.0143]	1.3+0.0s
[120/945]	[L1: 0.0149]	1.3+0.0s
[160/945]	[L1: 0.0149]	1.3+0.0s
[200/945]	[L1: 0.0149]	1.3+0.0s
[240/945]	[L1: 0.0148]	1.3+0.0s
[280/945]	[L1: 0.0150]	1.3+0.0s
[320/945]	[L1: 0.0148]	1.3+0.0s
[360/945]	[L1: 0.0147]	1.4+0.0s
[400/945]	[L1: 0.0148]	1.3+0.0s
[440/945]	[L1: 0.0148]	1.3+0.0s
[480/945]	[L1: 0.0148]	1.3+0.0s
[520/945]	[L1: 0.0149]	1.3+0.0s
[560/945]	[L1: 0.0148]	1.3+0.0s
[600/945]	[L1: 0.0149]	1.3+0.0s
[640/945]	[L1: 0.0147]	1.3+0.0s
[680/945]	[L1: 0.0147]	1.3+0.0s
[720/945]	[L1: 0.0147]	1.3+0.0s
[760/945]	[L1: 0.0147]	1.3+0.0s
[800/945]	[L1: 0.0147]	1.3+0.0s
[840/945]	[L1: 0.0148]	1.3+0.0s
[880/945]	[L1: 0.0148]	1.3+0.0s
[920/945]	[L1: 0.0148]	1.3+0.0s

Evaluation:
[UCMerced x2]	psnr: 34.573 (Best: 34.579 @epoch 417)
Total time: 1.78s

[Epoch 431]	Learning rate: 2.50e-5
[40/945]	[L1: 0.0143]	1.3+0.0s
[80/945]	[L1: 0.0159]	1.3+0.0s
[120/945]	[L1: 0.0155]	1.3+0.0s
[160/945]	[L1: 0.0151]	1.3+0.0s
[200/945]	[L1: 0.0152]	1.3+0.0s
[240/945]	[L1: 0.0151]	1.3+0.0s
[280/945]	[L1: 0.0150]	1.3+0.0s
[320/945]	[L1: 0.0150]	1.3+0.0s
[360/945]	[L1: 0.0148]	1.3+0.0s
[400/945]	[L1: 0.0148]	1.2+0.0s
[440/945]	[L1: 0.0147]	1.2+0.0s
[480/945]	[L1: 0.0146]	1.4+0.0s
[520/945]	[L1: 0.0147]	1.3+0.0s
[560/945]	[L1: 0.0148]	1.3+0.0s
[600/945]	[L1: 0.0149]	1.3+0.0s
[640/945]	[L1: 0.0148]	1.3+0.0s
[680/945]	[L1: 0.0148]	1.3+0.0s
[720/945]	[L1: 0.0149]	1.3+0.0s
[760/945]	[L1: 0.0149]	1.3+0.0s
[800/945]	[L1: 0.0149]	1.3+0.0s
[840/945]	[L1: 0.0148]	1.3+0.0s
[880/945]	[L1: 0.0148]	1.3+0.0s
[920/945]	[L1: 0.0148]	1.3+0.0s

Evaluation:
[UCMerced x2]	psnr: 34.560 (Best: 34.579 @epoch 417)
Total time: 1.79s

[Epoch 432]	Learning rate: 2.50e-5
[40/945]	[L1: 0.0148]	1.3+0.0s
[80/945]	[L1: 0.0147]	1.3+0.0s
[120/945]	[L1: 0.0149]	1.3+0.0s
[160/945]	[L1: 0.0146]	1.3+0.0s
[200/945]	[L1: 0.0145]	1.3+0.0s
[240/945]	[L1: 0.0143]	1.3+0.0s
[280/945]	[L1: 0.0143]	1.3+0.0s
[320/945]	[L1: 0.0144]	1.3+0.0s
[360/945]	[L1: 0.0143]	1.3+0.0s
[400/945]	[L1: 0.0146]	1.3+0.0s
[440/945]	[L1: 0.0147]	1.3+0.0s
[480/945]	[L1: 0.0149]	1.3+0.0s
[520/945]	[L1: 0.0148]	1.2+0.0s
[560/945]	[L1: 0.0149]	1.3+0.0s
[600/945]	[L1: 0.0148]	1.4+0.0s
[640/945]	[L1: 0.0148]	1.3+0.0s
[680/945]	[L1: 0.0147]	1.3+0.0s
[720/945]	[L1: 0.0148]	1.3+0.0s
[760/945]	[L1: 0.0147]	1.3+0.0s
[800/945]	[L1: 0.0148]	1.2+0.0s
[840/945]	[L1: 0.0147]	1.2+0.0s
[880/945]	[L1: 0.0148]	1.3+0.0s
[920/945]	[L1: 0.0148]	1.2+0.0s

Evaluation:
[UCMerced x2]	psnr: 34.553 (Best: 34.579 @epoch 417)
Total time: 1.78s

[Epoch 433]	Learning rate: 2.50e-5
[40/945]	[L1: 0.0152]	1.3+0.0s
[80/945]	[L1: 0.0158]	1.4+0.0s
[120/945]	[L1: 0.0151]	1.3+0.0s
[160/945]	[L1: 0.0145]	1.3+0.0s
[200/945]	[L1: 0.0144]	1.3+0.0s
[240/945]	[L1: 0.0144]	1.3+0.0s
[280/945]	[L1: 0.0143]	1.2+0.0s
[320/945]	[L1: 0.0143]	1.3+0.0s
[360/945]	[L1: 0.0144]	1.3+0.0s
[400/945]	[L1: 0.0144]	1.3+0.0s
[440/945]	[L1: 0.0144]	1.2+0.0s
[480/945]	[L1: 0.0145]	1.3+0.0s
[520/945]	[L1: 0.0147]	1.3+0.0s
[560/945]	[L1: 0.0148]	1.3+0.0s
[600/945]	[L1: 0.0148]	1.2+0.0s
[640/945]	[L1: 0.0147]	1.3+0.0s
[680/945]	[L1: 0.0147]	1.4+0.0s
[720/945]	[L1: 0.0147]	1.3+0.0s
[760/945]	[L1: 0.0147]	1.3+0.0s
[800/945]	[L1: 0.0146]	1.3+0.0s
[840/945]	[L1: 0.0146]	1.3+0.0s
[880/945]	[L1: 0.0146]	1.3+0.0s
[920/945]	[L1: 0.0146]	1.3+0.0s

Evaluation:
[UCMerced x2]	psnr: 34.548 (Best: 34.579 @epoch 417)
Total time: 1.78s

[Epoch 434]	Learning rate: 2.50e-5
[40/945]	[L1: 0.0169]	1.3+0.0s
[80/945]	[L1: 0.0151]	1.3+0.0s
[120/945]	[L1: 0.0154]	1.3+0.0s
[160/945]	[L1: 0.0155]	1.4+0.0s
[200/945]	[L1: 0.0155]	1.3+0.0s
[240/945]	[L1: 0.0152]	1.3+0.0s
[280/945]	[L1: 0.0151]	1.3+0.0s
[320/945]	[L1: 0.0148]	1.3+0.0s
[360/945]	[L1: 0.0147]	1.3+0.0s
[400/945]	[L1: 0.0147]	1.3+0.0s
[440/945]	[L1: 0.0146]	1.3+0.0s
[480/945]	[L1: 0.0147]	1.3+0.0s
[520/945]	[L1: 0.0147]	1.3+0.0s
[560/945]	[L1: 0.0148]	1.3+0.0s
[600/945]	[L1: 0.0147]	1.3+0.0s
[640/945]	[L1: 0.0147]	1.3+0.0s
[680/945]	[L1: 0.0148]	1.3+0.0s
[720/945]	[L1: 0.0147]	1.3+0.0s
[760/945]	[L1: 0.0147]	1.4+0.0s
[800/945]	[L1: 0.0147]	1.3+0.0s
[840/945]	[L1: 0.0146]	1.2+0.0s
[880/945]	[L1: 0.0145]	1.3+0.0s
[920/945]	[L1: 0.0146]	1.2+0.0s

Evaluation:
[UCMerced x2]	psnr: 34.572 (Best: 34.579 @epoch 417)
Total time: 1.79s

[Epoch 435]	Learning rate: 2.50e-5
[40/945]	[L1: 0.0154]	1.3+0.0s
[80/945]	[L1: 0.0144]	1.3+0.0s
[120/945]	[L1: 0.0140]	1.3+0.0s
[160/945]	[L1: 0.0146]	1.3+0.0s
[200/945]	[L1: 0.0145]	1.3+0.0s
[240/945]	[L1: 0.0146]	1.3+0.0s
[280/945]	[L1: 0.0146]	1.4+0.0s
[320/945]	[L1: 0.0146]	1.3+0.0s
[360/945]	[L1: 0.0148]	1.3+0.0s
[400/945]	[L1: 0.0146]	1.3+0.0s
[440/945]	[L1: 0.0149]	1.3+0.0s
[480/945]	[L1: 0.0151]	1.3+0.0s
[520/945]	[L1: 0.0152]	1.3+0.0s
[560/945]	[L1: 0.0153]	1.3+0.0s
[600/945]	[L1: 0.0152]	1.3+0.0s
[640/945]	[L1: 0.0152]	1.3+0.0s
[680/945]	[L1: 0.0150]	1.3+0.0s
[720/945]	[L1: 0.0149]	1.3+0.0s
[760/945]	[L1: 0.0149]	1.3+0.0s
[800/945]	[L1: 0.0149]	1.3+0.0s
[840/945]	[L1: 0.0148]	1.4+0.0s
[880/945]	[L1: 0.0148]	1.3+0.0s
[920/945]	[L1: 0.0147]	1.3+0.0s

Evaluation:
[UCMerced x2]	psnr: 34.556 (Best: 34.579 @epoch 417)
Total time: 1.77s

[Epoch 436]	Learning rate: 2.50e-5
[40/945]	[L1: 0.0142]	1.3+0.0s
[80/945]	[L1: 0.0147]	1.3+0.0s
[120/945]	[L1: 0.0148]	1.3+0.0s
[160/945]	[L1: 0.0150]	1.3+0.0s
[200/945]	[L1: 0.0148]	1.3+0.0s
[240/945]	[L1: 0.0145]	1.3+0.0s
[280/945]	[L1: 0.0147]	1.3+0.0s
[320/945]	[L1: 0.0147]	1.3+0.0s
[360/945]	[L1: 0.0146]	1.4+0.0s
[400/945]	[L1: 0.0145]	1.3+0.0s
[440/945]	[L1: 0.0145]	1.3+0.0s
[480/945]	[L1: 0.0144]	1.3+0.0s
[520/945]	[L1: 0.0145]	1.3+0.0s
[560/945]	[L1: 0.0146]	1.3+0.0s
[600/945]	[L1: 0.0145]	1.3+0.0s
[640/945]	[L1: 0.0146]	1.3+0.0s
[680/945]	[L1: 0.0146]	1.3+0.0s
[720/945]	[L1: 0.0147]	1.2+0.0s
[760/945]	[L1: 0.0147]	1.3+0.0s
[800/945]	[L1: 0.0147]	1.3+0.0s
[840/945]	[L1: 0.0146]	1.3+0.0s
[880/945]	[L1: 0.0148]	1.3+0.0s
[920/945]	[L1: 0.0147]	1.3+0.0s

Evaluation:
[UCMerced x2]	psnr: 34.568 (Best: 34.579 @epoch 417)
Total time: 1.79s

[Epoch 437]	Learning rate: 2.50e-5
[40/945]	[L1: 0.0135]	1.3+0.0s
[80/945]	[L1: 0.0138]	1.3+0.0s
[120/945]	[L1: 0.0144]	1.3+0.0s
[160/945]	[L1: 0.0145]	1.3+0.0s
[200/945]	[L1: 0.0142]	1.3+0.0s
[240/945]	[L1: 0.0146]	1.3+0.0s
[280/945]	[L1: 0.0144]	1.3+0.0s
[320/945]	[L1: 0.0143]	1.3+0.0s
[360/945]	[L1: 0.0146]	1.3+0.0s
[400/945]	[L1: 0.0147]	1.3+0.0s
[440/945]	[L1: 0.0147]	1.3+0.0s
[480/945]	[L1: 0.0146]	1.4+0.0s
[520/945]	[L1: 0.0146]	1.3+0.0s
[560/945]	[L1: 0.0146]	1.3+0.0s
[600/945]	[L1: 0.0146]	1.3+0.0s
[640/945]	[L1: 0.0147]	1.3+0.0s
[680/945]	[L1: 0.0146]	1.3+0.0s
[720/945]	[L1: 0.0146]	1.3+0.0s
[760/945]	[L1: 0.0147]	1.3+0.0s
[800/945]	[L1: 0.0148]	1.3+0.0s
[840/945]	[L1: 0.0147]	1.3+0.0s
[880/945]	[L1: 0.0147]	1.3+0.0s
[920/945]	[L1: 0.0147]	1.3+0.0s

Evaluation:
[UCMerced x2]	psnr: 34.562 (Best: 34.579 @epoch 417)
Total time: 1.78s

[Epoch 438]	Learning rate: 2.50e-5
[40/945]	[L1: 0.0135]	1.3+0.0s
[80/945]	[L1: 0.0145]	1.3+0.0s
[120/945]	[L1: 0.0149]	1.3+0.0s
[160/945]	[L1: 0.0145]	1.3+0.0s
[200/945]	[L1: 0.0147]	1.3+0.0s
[240/945]	[L1: 0.0151]	1.3+0.0s
[280/945]	[L1: 0.0149]	1.3+0.0s
[320/945]	[L1: 0.0148]	1.3+0.0s
[360/945]	[L1: 0.0146]	1.3+0.0s
[400/945]	[L1: 0.0145]	1.3+0.0s
[440/945]	[L1: 0.0147]	1.3+0.0s
[480/945]	[L1: 0.0146]	1.3+0.0s
[520/945]	[L1: 0.0146]	1.2+0.0s
[560/945]	[L1: 0.0145]	1.3+0.0s
[600/945]	[L1: 0.0146]	1.4+0.0s
[640/945]	[L1: 0.0146]	1.3+0.0s
[680/945]	[L1: 0.0146]	1.3+0.0s
[720/945]	[L1: 0.0145]	1.2+0.0s
[760/945]	[L1: 0.0145]	1.2+0.0s
[800/945]	[L1: 0.0145]	1.3+0.0s
[840/945]	[L1: 0.0145]	1.3+0.0s
[880/945]	[L1: 0.0145]	1.3+0.0s
[920/945]	[L1: 0.0145]	1.3+0.0s

Evaluation:
[UCMerced x2]	psnr: 34.563 (Best: 34.579 @epoch 417)
Total time: 1.77s

[Epoch 439]	Learning rate: 2.50e-5
[40/945]	[L1: 0.0127]	1.3+0.0s
[80/945]	[L1: 0.0139]	1.4+0.0s
[120/945]	[L1: 0.0143]	1.3+0.0s
[160/945]	[L1: 0.0142]	1.3+0.0s
[200/945]	[L1: 0.0142]	1.3+0.0s
[240/945]	[L1: 0.0144]	1.3+0.0s
[280/945]	[L1: 0.0147]	1.3+0.0s
[320/945]	[L1: 0.0148]	1.3+0.0s
[360/945]	[L1: 0.0151]	1.3+0.0s
[400/945]	[L1: 0.0151]	1.3+0.0s
[440/945]	[L1: 0.0149]	1.3+0.0s
[480/945]	[L1: 0.0151]	1.2+0.0s
[520/945]	[L1: 0.0151]	1.3+0.0s
[560/945]	[L1: 0.0151]	1.3+0.0s
[600/945]	[L1: 0.0149]	1.3+0.0s
[640/945]	[L1: 0.0148]	1.3+0.0s
[680/945]	[L1: 0.0148]	1.4+0.0s
[720/945]	[L1: 0.0148]	1.3+0.0s
[760/945]	[L1: 0.0147]	1.3+0.0s
[800/945]	[L1: 0.0147]	1.3+0.0s
[840/945]	[L1: 0.0146]	1.3+0.0s
[880/945]	[L1: 0.0146]	1.3+0.0s
[920/945]	[L1: 0.0146]	1.3+0.0s

Evaluation:
[UCMerced x2]	psnr: 34.570 (Best: 34.579 @epoch 417)
Total time: 1.78s

[Epoch 440]	Learning rate: 2.50e-5
[40/945]	[L1: 0.0156]	1.3+0.0s
[80/945]	[L1: 0.0149]	1.2+0.0s
[120/945]	[L1: 0.0152]	1.3+0.0s
[160/945]	[L1: 0.0155]	1.4+0.0s
[200/945]	[L1: 0.0151]	1.3+0.0s
[240/945]	[L1: 0.0150]	1.3+0.0s
[280/945]	[L1: 0.0151]	1.3+0.0s
[320/945]	[L1: 0.0149]	1.3+0.0s
[360/945]	[L1: 0.0151]	1.3+0.0s
[400/945]	[L1: 0.0149]	1.2+0.0s
[440/945]	[L1: 0.0150]	1.3+0.0s
[480/945]	[L1: 0.0149]	1.3+0.0s
[520/945]	[L1: 0.0149]	1.3+0.0s
[560/945]	[L1: 0.0148]	1.3+0.0s
[600/945]	[L1: 0.0148]	1.3+0.0s
[640/945]	[L1: 0.0148]	1.3+0.0s
[680/945]	[L1: 0.0149]	1.2+0.0s
[720/945]	[L1: 0.0148]	1.4+0.0s
[760/945]	[L1: 0.0149]	1.3+0.0s
[800/945]	[L1: 0.0148]	1.3+0.0s
[840/945]	[L1: 0.0147]	1.3+0.0s
[880/945]	[L1: 0.0148]	1.3+0.0s
[920/945]	[L1: 0.0148]	1.3+0.0s

Evaluation:
[UCMerced x2]	psnr: 34.561 (Best: 34.579 @epoch 417)
Total time: 1.77s

[Epoch 441]	Learning rate: 2.50e-5
[40/945]	[L1: 0.0134]	1.3+0.0s
[80/945]	[L1: 0.0131]	1.3+0.0s
[120/945]	[L1: 0.0144]	1.2+0.0s
[160/945]	[L1: 0.0144]	1.3+0.0s
[200/945]	[L1: 0.0143]	1.2+0.0s
[240/945]	[L1: 0.0144]	1.3+0.0s
[280/945]	[L1: 0.0145]	1.3+0.0s
[320/945]	[L1: 0.0142]	1.3+0.0s
[360/945]	[L1: 0.0144]	1.3+0.0s
[400/945]	[L1: 0.0144]	1.3+0.0s
[440/945]	[L1: 0.0145]	1.3+0.0s
[480/945]	[L1: 0.0144]	1.3+0.0s
[520/945]	[L1: 0.0144]	1.3+0.0s
[560/945]	[L1: 0.0144]	1.3+0.0s
[600/945]	[L1: 0.0144]	1.3+0.0s
[640/945]	[L1: 0.0144]	1.3+0.0s
[680/945]	[L1: 0.0145]	1.3+0.0s
[720/945]	[L1: 0.0145]	1.3+0.0s
[760/945]	[L1: 0.0146]	1.3+0.0s
[800/945]	[L1: 0.0147]	1.3+0.0s
[840/945]	[L1: 0.0147]	1.4+0.0s
[880/945]	[L1: 0.0147]	1.3+0.0s
[920/945]	[L1: 0.0147]	1.3+0.0s

Evaluation:
[UCMerced x2]	psnr: 34.562 (Best: 34.579 @epoch 417)
Total time: 1.78s

[Epoch 442]	Learning rate: 2.50e-5
[40/945]	[L1: 0.0147]	1.3+0.0s
[80/945]	[L1: 0.0152]	1.3+0.0s
[120/945]	[L1: 0.0147]	1.3+0.0s
[160/945]	[L1: 0.0147]	1.2+0.0s
[200/945]	[L1: 0.0146]	1.3+0.0s
[240/945]	[L1: 0.0146]	1.2+0.0s
[280/945]	[L1: 0.0148]	1.3+0.0s
[320/945]	[L1: 0.0151]	1.4+0.0s
[360/945]	[L1: 0.0149]	1.3+0.0s
[400/945]	[L1: 0.0150]	1.3+0.0s
[440/945]	[L1: 0.0152]	1.3+0.0s
[480/945]	[L1: 0.0151]	1.3+0.0s
[520/945]	[L1: 0.0150]	1.3+0.0s
[560/945]	[L1: 0.0149]	1.3+0.0s
[600/945]	[L1: 0.0149]	1.3+0.0s
[640/945]	[L1: 0.0149]	1.3+0.0s
[680/945]	[L1: 0.0148]	1.3+0.0s
[720/945]	[L1: 0.0147]	1.3+0.0s
[760/945]	[L1: 0.0147]	1.2+0.0s
[800/945]	[L1: 0.0147]	1.2+0.0s
[840/945]	[L1: 0.0148]	1.3+0.0s
[880/945]	[L1: 0.0148]	1.3+0.0s
[920/945]	[L1: 0.0149]	1.4+0.0s

Evaluation:
[UCMerced x2]	psnr: 34.569 (Best: 34.579 @epoch 417)
Total time: 1.79s

[Epoch 443]	Learning rate: 2.50e-5
[40/945]	[L1: 0.0154]	1.3+0.0s
[80/945]	[L1: 0.0150]	1.3+0.0s
[120/945]	[L1: 0.0150]	1.3+0.0s
[160/945]	[L1: 0.0150]	1.3+0.0s
[200/945]	[L1: 0.0147]	1.3+0.0s
[240/945]	[L1: 0.0151]	1.3+0.0s
[280/945]	[L1: 0.0152]	1.3+0.0s
[320/945]	[L1: 0.0151]	1.3+0.0s
[360/945]	[L1: 0.0151]	1.3+0.0s
[400/945]	[L1: 0.0151]	1.3+0.0s
[440/945]	[L1: 0.0152]	1.4+0.0s
[480/945]	[L1: 0.0150]	1.3+0.0s
[520/945]	[L1: 0.0151]	1.3+0.0s
[560/945]	[L1: 0.0150]	1.3+0.0s
[600/945]	[L1: 0.0150]	1.3+0.0s
[640/945]	[L1: 0.0149]	1.3+0.0s
[680/945]	[L1: 0.0149]	1.3+0.0s
[720/945]	[L1: 0.0149]	1.3+0.0s
[760/945]	[L1: 0.0149]	1.3+0.0s
[800/945]	[L1: 0.0148]	1.3+0.0s
[840/945]	[L1: 0.0148]	1.3+0.0s
[880/945]	[L1: 0.0147]	1.3+0.0s
[920/945]	[L1: 0.0147]	1.3+0.0s

Evaluation:
[UCMerced x2]	psnr: 34.573 (Best: 34.579 @epoch 417)
Total time: 1.77s

[Epoch 444]	Learning rate: 2.50e-5
[40/945]	[L1: 0.0134]	1.3+0.0s
[80/945]	[L1: 0.0131]	1.3+0.0s
[120/945]	[L1: 0.0135]	1.3+0.0s
[160/945]	[L1: 0.0138]	1.3+0.0s
[200/945]	[L1: 0.0141]	1.3+0.0s
[240/945]	[L1: 0.0139]	1.3+0.0s
[280/945]	[L1: 0.0143]	1.3+0.0s
[320/945]	[L1: 0.0143]	1.3+0.0s
[360/945]	[L1: 0.0145]	1.3+0.0s
[400/945]	[L1: 0.0145]	1.3+0.0s
[440/945]	[L1: 0.0144]	1.3+0.0s
[480/945]	[L1: 0.0144]	1.3+0.0s
[520/945]	[L1: 0.0144]	1.4+0.0s
[560/945]	[L1: 0.0146]	1.3+0.0s
[600/945]	[L1: 0.0146]	1.3+0.0s
[640/945]	[L1: 0.0147]	1.3+0.0s
[680/945]	[L1: 0.0147]	1.2+0.0s
[720/945]	[L1: 0.0147]	1.3+0.0s
[760/945]	[L1: 0.0146]	1.3+0.0s
[800/945]	[L1: 0.0147]	1.3+0.0s
[840/945]	[L1: 0.0147]	1.3+0.0s
[880/945]	[L1: 0.0147]	1.3+0.0s
[920/945]	[L1: 0.0147]	1.2+0.0s

Evaluation:
[UCMerced x2]	psnr: 34.563 (Best: 34.579 @epoch 417)
Total time: 1.78s

[Epoch 445]	Learning rate: 2.50e-5
[40/945]	[L1: 0.0138]	1.4+0.0s
[80/945]	[L1: 0.0145]	1.3+0.0s
[120/945]	[L1: 0.0138]	1.3+0.0s
[160/945]	[L1: 0.0138]	1.3+0.0s
[200/945]	[L1: 0.0137]	1.3+0.0s
[240/945]	[L1: 0.0139]	1.3+0.0s
[280/945]	[L1: 0.0142]	1.3+0.0s
[320/945]	[L1: 0.0142]	1.2+0.0s
[360/945]	[L1: 0.0143]	1.3+0.0s
[400/945]	[L1: 0.0145]	1.3+0.0s
[440/945]	[L1: 0.0143]	1.3+0.0s
[480/945]	[L1: 0.0143]	1.3+0.0s
[520/945]	[L1: 0.0144]	1.2+0.0s
[560/945]	[L1: 0.0143]	1.2+0.0s
[600/945]	[L1: 0.0143]	1.4+0.0s
[640/945]	[L1: 0.0144]	1.3+0.0s
[680/945]	[L1: 0.0144]	1.2+0.0s
[720/945]	[L1: 0.0146]	1.2+0.0s
[760/945]	[L1: 0.0145]	1.3+0.0s
[800/945]	[L1: 0.0146]	1.3+0.0s
[840/945]	[L1: 0.0145]	1.3+0.0s
[880/945]	[L1: 0.0145]	1.3+0.0s
[920/945]	[L1: 0.0145]	1.3+0.0s

Evaluation:
[UCMerced x2]	psnr: 34.566 (Best: 34.579 @epoch 417)
Total time: 1.79s

[Epoch 446]	Learning rate: 2.50e-5
[40/945]	[L1: 0.0140]	1.3+0.0s
[80/945]	[L1: 0.0148]	1.3+0.0s
[120/945]	[L1: 0.0147]	1.4+0.0s
[160/945]	[L1: 0.0149]	1.3+0.0s
[200/945]	[L1: 0.0149]	1.3+0.0s
[240/945]	[L1: 0.0149]	1.2+0.0s
[280/945]	[L1: 0.0147]	1.2+0.0s
[320/945]	[L1: 0.0148]	1.3+0.0s
[360/945]	[L1: 0.0147]	1.2+0.0s
[400/945]	[L1: 0.0148]	1.3+0.0s
[440/945]	[L1: 0.0149]	1.2+0.0s
[480/945]	[L1: 0.0147]	1.3+0.0s
[520/945]	[L1: 0.0148]	1.3+0.0s
[560/945]	[L1: 0.0149]	1.3+0.0s
[600/945]	[L1: 0.0148]	1.2+0.0s
[640/945]	[L1: 0.0149]	1.2+0.0s
[680/945]	[L1: 0.0148]	1.4+0.0s
[720/945]	[L1: 0.0148]	1.3+0.0s
[760/945]	[L1: 0.0148]	1.2+0.0s
[800/945]	[L1: 0.0148]	1.3+0.0s
[840/945]	[L1: 0.0148]	1.3+0.0s
[880/945]	[L1: 0.0148]	1.2+0.0s
[920/945]	[L1: 0.0148]	1.3+0.0s

Evaluation:
[UCMerced x2]	psnr: 34.567 (Best: 34.579 @epoch 417)
Total time: 1.78s

[Epoch 447]	Learning rate: 2.50e-5
[40/945]	[L1: 0.0142]	1.3+0.0s
[80/945]	[L1: 0.0140]	1.2+0.0s
[120/945]	[L1: 0.0139]	1.3+0.0s
[160/945]	[L1: 0.0141]	1.3+0.0s
[200/945]	[L1: 0.0144]	1.4+0.0s
[240/945]	[L1: 0.0141]	1.3+0.0s
[280/945]	[L1: 0.0141]	1.2+0.0s
[320/945]	[L1: 0.0143]	1.3+0.0s
[360/945]	[L1: 0.0142]	1.2+0.0s
[400/945]	[L1: 0.0144]	1.3+0.0s
[440/945]	[L1: 0.0145]	1.3+0.0s
[480/945]	[L1: 0.0144]	1.3+0.0s
[520/945]	[L1: 0.0145]	1.2+0.0s
[560/945]	[L1: 0.0144]	1.2+0.0s
[600/945]	[L1: 0.0144]	1.3+0.0s
[640/945]	[L1: 0.0145]	1.2+0.0s
[680/945]	[L1: 0.0145]	1.2+0.0s
[720/945]	[L1: 0.0145]	1.3+0.0s
[760/945]	[L1: 0.0146]	1.4+0.0s
[800/945]	[L1: 0.0145]	1.2+0.0s
[840/945]	[L1: 0.0145]	1.2+0.0s
[880/945]	[L1: 0.0147]	1.2+0.0s
[920/945]	[L1: 0.0146]	1.3+0.0s

Evaluation:
[UCMerced x2]	psnr: 34.566 (Best: 34.579 @epoch 417)
Total time: 1.77s

[Epoch 448]	Learning rate: 2.50e-5
[40/945]	[L1: 0.0140]	1.3+0.0s
[80/945]	[L1: 0.0147]	1.3+0.0s
[120/945]	[L1: 0.0150]	1.2+0.0s
[160/945]	[L1: 0.0146]	1.3+0.0s
[200/945]	[L1: 0.0146]	1.3+0.0s
[240/945]	[L1: 0.0149]	1.3+0.0s
[280/945]	[L1: 0.0149]	1.4+0.0s
[320/945]	[L1: 0.0149]	1.2+0.0s
[360/945]	[L1: 0.0149]	1.3+0.0s
[400/945]	[L1: 0.0147]	1.3+0.0s
[440/945]	[L1: 0.0147]	1.3+0.0s
[480/945]	[L1: 0.0145]	1.3+0.0s
[520/945]	[L1: 0.0146]	1.3+0.0s
[560/945]	[L1: 0.0146]	1.3+0.0s
[600/945]	[L1: 0.0147]	1.3+0.0s
[640/945]	[L1: 0.0147]	1.3+0.0s
[680/945]	[L1: 0.0147]	1.3+0.0s
[720/945]	[L1: 0.0147]	1.3+0.0s
[760/945]	[L1: 0.0146]	1.3+0.0s
[800/945]	[L1: 0.0146]	1.3+0.0s
[840/945]	[L1: 0.0146]	1.3+0.0s
[880/945]	[L1: 0.0146]	1.4+0.0s
[920/945]	[L1: 0.0147]	1.3+0.0s

Evaluation:
[UCMerced x2]	psnr: 34.574 (Best: 34.579 @epoch 417)
Total time: 1.77s

[Epoch 449]	Learning rate: 2.50e-5
[40/945]	[L1: 0.0160]	1.3+0.0s
[80/945]	[L1: 0.0155]	1.3+0.0s
[120/945]	[L1: 0.0153]	1.2+0.0s
[160/945]	[L1: 0.0149]	1.3+0.0s
[200/945]	[L1: 0.0148]	1.3+0.0s
[240/945]	[L1: 0.0148]	1.3+0.0s
[280/945]	[L1: 0.0146]	1.3+0.0s
[320/945]	[L1: 0.0147]	1.3+0.0s
[360/945]	[L1: 0.0148]	1.3+0.0s
[400/945]	[L1: 0.0148]	1.4+0.0s
[440/945]	[L1: 0.0147]	1.3+0.0s
[480/945]	[L1: 0.0146]	1.3+0.0s
[520/945]	[L1: 0.0147]	1.3+0.0s
[560/945]	[L1: 0.0146]	1.3+0.0s
[600/945]	[L1: 0.0147]	1.3+0.0s
[640/945]	[L1: 0.0147]	1.3+0.0s
[680/945]	[L1: 0.0147]	1.2+0.0s
[720/945]	[L1: 0.0146]	1.3+0.0s
[760/945]	[L1: 0.0146]	1.3+0.0s
[800/945]	[L1: 0.0146]	1.3+0.0s
[840/945]	[L1: 0.0146]	1.3+0.0s
[880/945]	[L1: 0.0147]	1.2+0.0s
[920/945]	[L1: 0.0147]	1.3+0.0s

Evaluation:
[UCMerced x2]	psnr: 34.561 (Best: 34.579 @epoch 417)
Total time: 1.79s

[Epoch 450]	Learning rate: 2.50e-5
[40/945]	[L1: 0.0146]	1.3+0.0s
[80/945]	[L1: 0.0157]	1.3+0.0s
[120/945]	[L1: 0.0157]	1.2+0.0s
[160/945]	[L1: 0.0156]	1.3+0.0s
[200/945]	[L1: 0.0156]	1.3+0.0s
[240/945]	[L1: 0.0156]	1.2+0.0s
[280/945]	[L1: 0.0153]	1.3+0.0s
[320/945]	[L1: 0.0154]	1.2+0.0s
[360/945]	[L1: 0.0155]	1.3+0.0s
[400/945]	[L1: 0.0151]	1.2+0.0s
[440/945]	[L1: 0.0149]	1.2+0.0s
[480/945]	[L1: 0.0150]	1.4+0.0s
[520/945]	[L1: 0.0150]	1.2+0.0s
[560/945]	[L1: 0.0149]	1.3+0.0s
[600/945]	[L1: 0.0150]	1.2+0.0s
[640/945]	[L1: 0.0149]	1.3+0.0s
[680/945]	[L1: 0.0149]	1.2+0.0s
[720/945]	[L1: 0.0148]	1.3+0.0s
[760/945]	[L1: 0.0148]	1.2+0.0s
[800/945]	[L1: 0.0148]	1.3+0.0s
[840/945]	[L1: 0.0148]	1.3+0.0s
[880/945]	[L1: 0.0148]	1.2+0.0s
[920/945]	[L1: 0.0148]	1.2+0.0s
Saved epoch checkpoint at epoch 450

Evaluation:
[UCMerced x2]	psnr: 34.563 (Best: 34.579 @epoch 417)
Total time: 1.79s

[Epoch 451]	Learning rate: 2.50e-5
[40/945]	[L1: 0.0141]	1.3+0.0s
[80/945]	[L1: 0.0146]	1.3+0.0s
[120/945]	[L1: 0.0149]	1.3+0.0s
[160/945]	[L1: 0.0150]	1.3+0.0s
[200/945]	[L1: 0.0154]	1.3+0.0s
[240/945]	[L1: 0.0152]	1.2+0.0s
[280/945]	[L1: 0.0150]	1.2+0.0s
[320/945]	[L1: 0.0152]	1.3+0.0s
[360/945]	[L1: 0.0151]	1.2+0.0s
[400/945]	[L1: 0.0150]	1.3+0.0s
[440/945]	[L1: 0.0148]	1.3+0.0s
[480/945]	[L1: 0.0149]	1.3+0.0s
[520/945]	[L1: 0.0148]	1.4+0.0s
[560/945]	[L1: 0.0147]	1.3+0.0s
[600/945]	[L1: 0.0145]	1.3+0.0s
[640/945]	[L1: 0.0144]	1.3+0.0s
[680/945]	[L1: 0.0145]	1.3+0.0s
[720/945]	[L1: 0.0145]	1.3+0.0s
[760/945]	[L1: 0.0146]	1.3+0.0s
[800/945]	[L1: 0.0146]	1.3+0.0s
[840/945]	[L1: 0.0146]	1.3+0.0s
[880/945]	[L1: 0.0146]	1.3+0.0s
[920/945]	[L1: 0.0146]	1.3+0.0s

Evaluation:
[UCMerced x2]	psnr: 34.571 (Best: 34.579 @epoch 417)
Total time: 1.79s

[Epoch 452]	Learning rate: 2.50e-5
[40/945]	[L1: 0.0135]	1.3+0.0s
[80/945]	[L1: 0.0135]	1.3+0.0s
[120/945]	[L1: 0.0142]	1.3+0.0s
[160/945]	[L1: 0.0141]	1.3+0.0s
[200/945]	[L1: 0.0142]	1.3+0.0s
[240/945]	[L1: 0.0143]	1.3+0.0s
[280/945]	[L1: 0.0144]	1.3+0.0s
[320/945]	[L1: 0.0143]	1.3+0.0s
[360/945]	[L1: 0.0143]	1.3+0.0s
[400/945]	[L1: 0.0144]	1.3+0.0s
[440/945]	[L1: 0.0143]	1.3+0.0s
[480/945]	[L1: 0.0145]	1.3+0.0s
[520/945]	[L1: 0.0143]	1.3+0.0s
[560/945]	[L1: 0.0145]	1.3+0.0s
[600/945]	[L1: 0.0146]	1.4+0.0s
[640/945]	[L1: 0.0146]	1.3+0.0s
[680/945]	[L1: 0.0146]	1.3+0.0s
[720/945]	[L1: 0.0146]	1.3+0.0s
[760/945]	[L1: 0.0145]	1.3+0.0s
[800/945]	[L1: 0.0144]	1.3+0.0s
[840/945]	[L1: 0.0145]	1.3+0.0s
[880/945]	[L1: 0.0145]	1.2+0.0s
[920/945]	[L1: 0.0145]	1.3+0.0s

Evaluation:
[UCMerced x2]	psnr: 34.575 (Best: 34.579 @epoch 417)
Total time: 1.79s

[Epoch 453]	Learning rate: 2.50e-5
[40/945]	[L1: 0.0134]	1.3+0.0s
[80/945]	[L1: 0.0145]	1.3+0.0s
[120/945]	[L1: 0.0151]	1.3+0.0s
[160/945]	[L1: 0.0150]	1.4+0.0s
[200/945]	[L1: 0.0152]	1.3+0.0s
[240/945]	[L1: 0.0152]	1.3+0.0s
[280/945]	[L1: 0.0149]	1.3+0.0s
[320/945]	[L1: 0.0148]	1.3+0.0s
[360/945]	[L1: 0.0150]	1.3+0.0s
[400/945]	[L1: 0.0149]	1.3+0.0s
[440/945]	[L1: 0.0148]	1.3+0.0s
[480/945]	[L1: 0.0148]	1.3+0.0s
[520/945]	[L1: 0.0149]	1.3+0.0s
[560/945]	[L1: 0.0147]	1.3+0.0s
[600/945]	[L1: 0.0147]	1.3+0.0s
[640/945]	[L1: 0.0147]	1.3+0.0s
[680/945]	[L1: 0.0147]	1.3+0.0s
[720/945]	[L1: 0.0147]	1.4+0.0s
[760/945]	[L1: 0.0146]	1.3+0.0s
[800/945]	[L1: 0.0146]	1.3+0.0s
[840/945]	[L1: 0.0146]	1.3+0.0s
[880/945]	[L1: 0.0147]	1.3+0.0s
[920/945]	[L1: 0.0147]	1.3+0.0s

Evaluation:
[UCMerced x2]	psnr: 34.570 (Best: 34.579 @epoch 417)
Total time: 1.80s

[Epoch 454]	Learning rate: 2.50e-5
[40/945]	[L1: 0.0150]	1.3+0.0s
[80/945]	[L1: 0.0158]	1.3+0.0s
[120/945]	[L1: 0.0163]	1.3+0.0s
[160/945]	[L1: 0.0163]	1.3+0.0s
[200/945]	[L1: 0.0159]	1.4+0.0s
[240/945]	[L1: 0.0161]	1.3+0.0s
[280/945]	[L1: 0.0160]	1.3+0.0s
[320/945]	[L1: 0.0156]	1.3+0.0s
[360/945]	[L1: 0.0154]	1.3+0.0s
[400/945]	[L1: 0.0155]	1.3+0.0s
[440/945]	[L1: 0.0153]	1.3+0.0s
[480/945]	[L1: 0.0152]	1.3+0.0s
[520/945]	[L1: 0.0150]	1.2+0.0s
[560/945]	[L1: 0.0148]	1.3+0.0s
[600/945]	[L1: 0.0148]	1.3+0.0s
[640/945]	[L1: 0.0148]	1.3+0.0s
[680/945]	[L1: 0.0147]	1.2+0.0s
[720/945]	[L1: 0.0148]	1.2+0.0s
[760/945]	[L1: 0.0148]	1.3+0.0s
[800/945]	[L1: 0.0149]	1.4+0.0s
[840/945]	[L1: 0.0149]	1.3+0.0s
[880/945]	[L1: 0.0148]	1.3+0.0s
[920/945]	[L1: 0.0148]	1.2+0.0s

Evaluation:
[UCMerced x2]	psnr: 34.561 (Best: 34.579 @epoch 417)
Total time: 1.80s

[Epoch 455]	Learning rate: 2.50e-5
[40/945]	[L1: 0.0144]	1.3+0.0s
[80/945]	[L1: 0.0149]	1.3+0.0s
[120/945]	[L1: 0.0150]	1.3+0.0s
[160/945]	[L1: 0.0152]	1.3+0.0s
[200/945]	[L1: 0.0153]	1.2+0.0s
[240/945]	[L1: 0.0151]	1.3+0.0s
[280/945]	[L1: 0.0150]	1.3+0.0s
[320/945]	[L1: 0.0148]	1.4+0.0s
[360/945]	[L1: 0.0146]	1.3+0.0s
[400/945]	[L1: 0.0147]	1.3+0.0s
[440/945]	[L1: 0.0147]	1.3+0.0s
[480/945]	[L1: 0.0148]	1.3+0.0s
[520/945]	[L1: 0.0148]	1.3+0.0s
[560/945]	[L1: 0.0148]	1.3+0.0s
[600/945]	[L1: 0.0147]	1.3+0.0s
[640/945]	[L1: 0.0146]	1.3+0.0s
[680/945]	[L1: 0.0146]	1.3+0.0s
[720/945]	[L1: 0.0146]	1.3+0.0s
[760/945]	[L1: 0.0145]	1.3+0.0s
[800/945]	[L1: 0.0146]	1.3+0.0s
[840/945]	[L1: 0.0145]	1.3+0.0s
[880/945]	[L1: 0.0145]	1.4+0.0s
[920/945]	[L1: 0.0145]	1.3+0.0s

Evaluation:
[UCMerced x2]	psnr: 34.559 (Best: 34.579 @epoch 417)
Total time: 1.80s

[Epoch 456]	Learning rate: 2.50e-5
[40/945]	[L1: 0.0153]	1.3+0.0s
[80/945]	[L1: 0.0151]	1.3+0.0s
[120/945]	[L1: 0.0147]	1.3+0.0s
[160/945]	[L1: 0.0149]	1.3+0.0s
[200/945]	[L1: 0.0149]	1.3+0.0s
[240/945]	[L1: 0.0146]	1.3+0.0s
[280/945]	[L1: 0.0146]	1.3+0.0s
[320/945]	[L1: 0.0147]	1.3+0.0s
[360/945]	[L1: 0.0146]	1.3+0.0s
[400/945]	[L1: 0.0145]	1.2+0.0s
[440/945]	[L1: 0.0145]	1.4+0.0s
[480/945]	[L1: 0.0145]	1.3+0.0s
[520/945]	[L1: 0.0146]	1.3+0.0s
[560/945]	[L1: 0.0145]	1.3+0.0s
[600/945]	[L1: 0.0145]	1.3+0.0s
[640/945]	[L1: 0.0146]	1.3+0.0s
[680/945]	[L1: 0.0147]	1.3+0.0s
[720/945]	[L1: 0.0147]	1.3+0.0s
[760/945]	[L1: 0.0148]	1.3+0.0s
[800/945]	[L1: 0.0148]	1.3+0.0s
[840/945]	[L1: 0.0148]	1.3+0.0s
[880/945]	[L1: 0.0148]	1.3+0.0s
[920/945]	[L1: 0.0147]	1.3+0.0s

Evaluation:
[UCMerced x2]	psnr: 34.560 (Best: 34.579 @epoch 417)
Total time: 1.80s

[Epoch 457]	Learning rate: 2.50e-5
[40/945]	[L1: 0.0152]	1.3+0.0s
[80/945]	[L1: 0.0154]	1.3+0.0s
[120/945]	[L1: 0.0153]	1.3+0.0s
[160/945]	[L1: 0.0155]	1.3+0.0s
[200/945]	[L1: 0.0152]	1.3+0.0s
[240/945]	[L1: 0.0151]	1.3+0.0s
[280/945]	[L1: 0.0149]	1.3+0.0s
[320/945]	[L1: 0.0151]	1.3+0.0s
[360/945]	[L1: 0.0151]	1.3+0.0s
[400/945]	[L1: 0.0150]	1.3+0.0s
[440/945]	[L1: 0.0150]	1.3+0.0s
[480/945]	[L1: 0.0148]	1.3+0.0s
[520/945]	[L1: 0.0149]	1.4+0.0s
[560/945]	[L1: 0.0149]	1.3+0.0s
[600/945]	[L1: 0.0148]	1.3+0.0s
[640/945]	[L1: 0.0147]	1.3+0.0s
[680/945]	[L1: 0.0148]	1.3+0.0s
[720/945]	[L1: 0.0146]	1.3+0.0s
[760/945]	[L1: 0.0146]	1.3+0.0s
[800/945]	[L1: 0.0147]	1.3+0.0s
[840/945]	[L1: 0.0147]	1.3+0.0s
[880/945]	[L1: 0.0147]	1.3+0.0s
[920/945]	[L1: 0.0147]	1.3+0.0s

Evaluation:
[UCMerced x2]	psnr: 34.558 (Best: 34.579 @epoch 417)
Total time: 1.81s

[Epoch 458]	Learning rate: 2.50e-5
[40/945]	[L1: 0.0124]	1.4+0.0s
[80/945]	[L1: 0.0128]	1.3+0.0s
[120/945]	[L1: 0.0129]	1.3+0.0s
[160/945]	[L1: 0.0136]	1.3+0.0s
[200/945]	[L1: 0.0140]	1.3+0.0s
[240/945]	[L1: 0.0141]	1.3+0.0s
[280/945]	[L1: 0.0143]	1.3+0.0s
[320/945]	[L1: 0.0145]	1.3+0.0s
[360/945]	[L1: 0.0148]	1.3+0.0s
[400/945]	[L1: 0.0148]	1.3+0.0s
[440/945]	[L1: 0.0147]	1.3+0.0s
[480/945]	[L1: 0.0147]	1.3+0.0s
[520/945]	[L1: 0.0146]	1.3+0.0s
[560/945]	[L1: 0.0146]	1.3+0.0s
[600/945]	[L1: 0.0145]	1.4+0.0s
[640/945]	[L1: 0.0146]	1.3+0.0s
[680/945]	[L1: 0.0146]	1.3+0.0s
[720/945]	[L1: 0.0147]	1.3+0.0s
[760/945]	[L1: 0.0146]	1.3+0.0s
[800/945]	[L1: 0.0147]	1.3+0.0s
[840/945]	[L1: 0.0146]	1.3+0.0s
[880/945]	[L1: 0.0145]	1.3+0.0s
[920/945]	[L1: 0.0146]	1.2+0.0s

Evaluation:
[UCMerced x2]	psnr: 34.578 (Best: 34.579 @epoch 417)
Total time: 1.80s

[Epoch 459]	Learning rate: 2.50e-5
[40/945]	[L1: 0.0146]	1.3+0.0s
[80/945]	[L1: 0.0149]	1.3+0.0s
[120/945]	[L1: 0.0152]	1.4+0.0s
[160/945]	[L1: 0.0152]	1.3+0.0s
[200/945]	[L1: 0.0149]	1.3+0.0s
[240/945]	[L1: 0.0150]	1.3+0.0s
[280/945]	[L1: 0.0150]	1.3+0.0s
[320/945]	[L1: 0.0149]	1.3+0.0s
[360/945]	[L1: 0.0151]	1.3+0.0s
[400/945]	[L1: 0.0148]	1.3+0.0s
[440/945]	[L1: 0.0147]	1.3+0.0s
[480/945]	[L1: 0.0148]	1.2+0.0s
[520/945]	[L1: 0.0149]	1.3+0.0s
[560/945]	[L1: 0.0148]	1.3+0.0s
[600/945]	[L1: 0.0147]	1.3+0.0s
[640/945]	[L1: 0.0148]	1.2+0.0s
[680/945]	[L1: 0.0147]	1.4+0.0s
[720/945]	[L1: 0.0146]	1.3+0.0s
[760/945]	[L1: 0.0146]	1.3+0.0s
[800/945]	[L1: 0.0147]	1.3+0.0s
[840/945]	[L1: 0.0148]	1.3+0.0s
[880/945]	[L1: 0.0148]	1.2+0.0s
[920/945]	[L1: 0.0148]	1.3+0.0s

Evaluation:
[UCMerced x2]	psnr: 34.578 (Best: 34.579 @epoch 417)
Total time: 1.74s

[Epoch 460]	Learning rate: 2.50e-5
[40/945]	[L1: 0.0162]	1.3+0.0s
[80/945]	[L1: 0.0154]	1.3+0.0s
[120/945]	[L1: 0.0151]	1.2+0.0s
[160/945]	[L1: 0.0144]	1.3+0.0s
[200/945]	[L1: 0.0146]	1.2+0.0s
[240/945]	[L1: 0.0147]	1.3+0.0s
[280/945]	[L1: 0.0149]	1.3+0.0s
[320/945]	[L1: 0.0150]	1.3+0.0s
[360/945]	[L1: 0.0148]	1.3+0.0s
[400/945]	[L1: 0.0148]	1.3+0.0s
[440/945]	[L1: 0.0149]	1.3+0.0s
[480/945]	[L1: 0.0148]	1.3+0.0s
[520/945]	[L1: 0.0146]	1.2+0.0s
[560/945]	[L1: 0.0146]	1.3+0.0s
[600/945]	[L1: 0.0147]	1.3+0.0s
[640/945]	[L1: 0.0147]	1.3+0.0s
[680/945]	[L1: 0.0147]	1.3+0.0s
[720/945]	[L1: 0.0147]	1.3+0.0s
[760/945]	[L1: 0.0146]	1.3+0.0s
[800/945]	[L1: 0.0147]	1.4+0.0s
[840/945]	[L1: 0.0148]	1.3+0.0s
[880/945]	[L1: 0.0148]	1.3+0.0s
[920/945]	[L1: 0.0148]	1.2+0.0s

Evaluation:
[UCMerced x2]	psnr: 34.577 (Best: 34.579 @epoch 417)
Total time: 1.80s

[Epoch 461]	Learning rate: 2.50e-5
[40/945]	[L1: 0.0161]	1.3+0.0s
[80/945]	[L1: 0.0145]	1.3+0.0s
[120/945]	[L1: 0.0151]	1.3+0.0s
[160/945]	[L1: 0.0144]	1.3+0.0s
[200/945]	[L1: 0.0147]	1.3+0.0s
[240/945]	[L1: 0.0147]	1.2+0.0s
[280/945]	[L1: 0.0147]	1.3+0.0s
[320/945]	[L1: 0.0149]	1.4+0.0s
[360/945]	[L1: 0.0151]	1.3+0.0s
[400/945]	[L1: 0.0150]	1.3+0.0s
[440/945]	[L1: 0.0150]	1.2+0.0s
[480/945]	[L1: 0.0150]	1.3+0.0s
[520/945]	[L1: 0.0149]	1.3+0.0s
[560/945]	[L1: 0.0149]	1.3+0.0s
[600/945]	[L1: 0.0149]	1.2+0.0s
[640/945]	[L1: 0.0147]	1.3+0.0s
[680/945]	[L1: 0.0147]	1.2+0.0s
[720/945]	[L1: 0.0148]	1.3+0.0s
[760/945]	[L1: 0.0148]	1.3+0.0s
[800/945]	[L1: 0.0147]	1.3+0.0s
[840/945]	[L1: 0.0147]	1.3+0.0s
[880/945]	[L1: 0.0146]	1.4+0.0s
[920/945]	[L1: 0.0146]	1.3+0.0s

Evaluation:
[UCMerced x2]	psnr: 34.573 (Best: 34.579 @epoch 417)
Total time: 1.80s

[Epoch 462]	Learning rate: 2.50e-5
[40/945]	[L1: 0.0140]	1.3+0.0s
[80/945]	[L1: 0.0147]	1.3+0.0s
[120/945]	[L1: 0.0142]	1.2+0.0s
[160/945]	[L1: 0.0141]	1.3+0.0s
[200/945]	[L1: 0.0144]	1.3+0.0s
[240/945]	[L1: 0.0150]	1.2+0.0s
[280/945]	[L1: 0.0147]	1.3+0.0s
[320/945]	[L1: 0.0148]	1.3+0.0s
[360/945]	[L1: 0.0148]	1.3+0.0s
[400/945]	[L1: 0.0146]	1.4+0.0s
[440/945]	[L1: 0.0146]	1.3+0.0s
[480/945]	[L1: 0.0147]	1.3+0.0s
[520/945]	[L1: 0.0146]	1.3+0.0s
[560/945]	[L1: 0.0147]	1.3+0.0s
[600/945]	[L1: 0.0146]	1.2+0.0s
[640/945]	[L1: 0.0146]	1.3+0.0s
[680/945]	[L1: 0.0146]	1.3+0.0s
[720/945]	[L1: 0.0145]	1.3+0.0s
[760/945]	[L1: 0.0146]	1.3+0.0s
[800/945]	[L1: 0.0146]	1.3+0.0s
[840/945]	[L1: 0.0146]	1.3+0.0s
[880/945]	[L1: 0.0146]	1.2+0.0s
[920/945]	[L1: 0.0146]	1.3+0.0s

Evaluation:
[UCMerced x2]	psnr: 34.558 (Best: 34.579 @epoch 417)
Total time: 1.78s

[Epoch 463]	Learning rate: 2.50e-5
[40/945]	[L1: 0.0136]	1.3+0.0s
[80/945]	[L1: 0.0142]	1.3+0.0s
[120/945]	[L1: 0.0144]	1.3+0.0s
[160/945]	[L1: 0.0147]	1.3+0.0s
[200/945]	[L1: 0.0146]	1.3+0.0s
[240/945]	[L1: 0.0143]	1.3+0.0s
[280/945]	[L1: 0.0142]	1.3+0.0s
[320/945]	[L1: 0.0147]	1.3+0.0s
[360/945]	[L1: 0.0149]	1.3+0.0s
[400/945]	[L1: 0.0149]	1.3+0.0s
[440/945]	[L1: 0.0149]	1.3+0.0s
[480/945]	[L1: 0.0149]	1.3+0.0s
[520/945]	[L1: 0.0148]	1.4+0.0s
[560/945]	[L1: 0.0148]	1.3+0.0s
[600/945]	[L1: 0.0150]	1.3+0.0s
[640/945]	[L1: 0.0151]	1.3+0.0s
[680/945]	[L1: 0.0151]	1.3+0.0s
[720/945]	[L1: 0.0149]	1.3+0.0s
[760/945]	[L1: 0.0148]	1.3+0.0s
[800/945]	[L1: 0.0149]	1.3+0.0s
[840/945]	[L1: 0.0147]	1.3+0.0s
[880/945]	[L1: 0.0147]	1.3+0.0s
[920/945]	[L1: 0.0146]	1.3+0.0s

Evaluation:
[UCMerced x2]	psnr: 34.566 (Best: 34.579 @epoch 417)
Total time: 1.79s

[Epoch 464]	Learning rate: 2.50e-5
[40/945]	[L1: 0.0168]	1.3+0.0s
[80/945]	[L1: 0.0160]	1.3+0.0s
[120/945]	[L1: 0.0155]	1.3+0.0s
[160/945]	[L1: 0.0156]	1.3+0.0s
[200/945]	[L1: 0.0153]	1.3+0.0s
[240/945]	[L1: 0.0153]	1.3+0.0s
[280/945]	[L1: 0.0154]	1.3+0.0s
[320/945]	[L1: 0.0152]	1.3+0.0s
[360/945]	[L1: 0.0152]	1.3+0.0s
[400/945]	[L1: 0.0150]	1.2+0.0s
[440/945]	[L1: 0.0148]	1.3+0.0s
[480/945]	[L1: 0.0147]	1.3+0.0s
[520/945]	[L1: 0.0147]	1.3+0.0s
[560/945]	[L1: 0.0148]	1.2+0.0s
[600/945]	[L1: 0.0148]	1.4+0.0s
[640/945]	[L1: 0.0149]	1.3+0.0s
[680/945]	[L1: 0.0148]	1.3+0.0s
[720/945]	[L1: 0.0148]	1.3+0.0s
[760/945]	[L1: 0.0148]	1.3+0.0s
[800/945]	[L1: 0.0148]	1.3+0.0s
[840/945]	[L1: 0.0147]	1.3+0.0s
[880/945]	[L1: 0.0146]	1.3+0.0s
[920/945]	[L1: 0.0146]	1.3+0.0s

Evaluation:
[UCMerced x2]	psnr: 34.566 (Best: 34.579 @epoch 417)
Total time: 1.78s

[Epoch 465]	Learning rate: 2.50e-5
[40/945]	[L1: 0.0138]	1.3+0.0s
[80/945]	[L1: 0.0139]	1.3+0.0s
[120/945]	[L1: 0.0143]	1.4+0.0s
[160/945]	[L1: 0.0148]	1.3+0.0s
[200/945]	[L1: 0.0142]	1.3+0.0s
[240/945]	[L1: 0.0144]	1.2+0.0s
[280/945]	[L1: 0.0142]	1.3+0.0s
[320/945]	[L1: 0.0144]	1.2+0.0s
[360/945]	[L1: 0.0143]	1.3+0.0s
[400/945]	[L1: 0.0142]	1.3+0.0s
[440/945]	[L1: 0.0144]	1.3+0.0s
[480/945]	[L1: 0.0147]	1.2+0.0s
[520/945]	[L1: 0.0146]	1.3+0.0s
[560/945]	[L1: 0.0147]	1.2+0.0s
[600/945]	[L1: 0.0148]	1.3+0.0s
[640/945]	[L1: 0.0148]	1.3+0.0s
[680/945]	[L1: 0.0147]	1.3+0.0s
[720/945]	[L1: 0.0146]	1.4+0.0s
[760/945]	[L1: 0.0146]	1.3+0.0s
[800/945]	[L1: 0.0145]	1.3+0.0s
[840/945]	[L1: 0.0146]	1.3+0.0s
[880/945]	[L1: 0.0146]	1.3+0.0s
[920/945]	[L1: 0.0147]	1.2+0.0s

Evaluation:
[UCMerced x2]	psnr: 34.566 (Best: 34.579 @epoch 417)
Total time: 1.79s

[Epoch 466]	Learning rate: 2.50e-5
[40/945]	[L1: 0.0127]	1.3+0.0s
[80/945]	[L1: 0.0136]	1.3+0.0s
[120/945]	[L1: 0.0143]	1.3+0.0s
[160/945]	[L1: 0.0145]	1.3+0.0s
[200/945]	[L1: 0.0146]	1.4+0.0s
[240/945]	[L1: 0.0148]	1.3+0.0s
[280/945]	[L1: 0.0149]	1.3+0.0s
[320/945]	[L1: 0.0148]	1.3+0.0s
[360/945]	[L1: 0.0147]	1.3+0.0s
[400/945]	[L1: 0.0149]	1.3+0.0s
[440/945]	[L1: 0.0148]	1.3+0.0s
[480/945]	[L1: 0.0149]	1.3+0.0s
[520/945]	[L1: 0.0149]	1.3+0.0s
[560/945]	[L1: 0.0147]	1.3+0.0s
[600/945]	[L1: 0.0147]	1.3+0.0s
[640/945]	[L1: 0.0146]	1.3+0.0s
[680/945]	[L1: 0.0146]	1.3+0.0s
[720/945]	[L1: 0.0146]	1.3+0.0s
[760/945]	[L1: 0.0146]	1.3+0.0s
[800/945]	[L1: 0.0146]	1.4+0.0s
[840/945]	[L1: 0.0146]	1.3+0.0s
[880/945]	[L1: 0.0146]	1.3+0.0s
[920/945]	[L1: 0.0146]	1.3+0.0s

Evaluation:
[UCMerced x2]	psnr: 34.573 (Best: 34.579 @epoch 417)
Total time: 1.76s

[Epoch 467]	Learning rate: 2.50e-5
[40/945]	[L1: 0.0162]	1.3+0.0s
[80/945]	[L1: 0.0150]	1.3+0.0s
[120/945]	[L1: 0.0153]	1.3+0.0s
[160/945]	[L1: 0.0149]	1.3+0.0s
[200/945]	[L1: 0.0151]	1.3+0.0s
[240/945]	[L1: 0.0150]	1.3+0.0s
[280/945]	[L1: 0.0147]	1.3+0.0s
[320/945]	[L1: 0.0147]	1.4+0.0s
[360/945]	[L1: 0.0148]	1.3+0.0s
[400/945]	[L1: 0.0150]	1.3+0.0s
[440/945]	[L1: 0.0150]	1.3+0.0s
[480/945]	[L1: 0.0148]	1.3+0.0s
[520/945]	[L1: 0.0148]	1.3+0.0s
[560/945]	[L1: 0.0148]	1.3+0.0s
[600/945]	[L1: 0.0150]	1.3+0.0s
[640/945]	[L1: 0.0151]	1.3+0.0s
[680/945]	[L1: 0.0151]	1.3+0.0s
[720/945]	[L1: 0.0150]	1.3+0.0s
[760/945]	[L1: 0.0150]	1.3+0.0s
[800/945]	[L1: 0.0150]	1.3+0.0s
[840/945]	[L1: 0.0149]	1.3+0.0s
[880/945]	[L1: 0.0149]	1.4+0.0s
[920/945]	[L1: 0.0149]	1.3+0.0s

Evaluation:
[UCMerced x2]	psnr: 34.569 (Best: 34.579 @epoch 417)
Total time: 1.78s

[Epoch 468]	Learning rate: 2.50e-5
[40/945]	[L1: 0.0147]	1.3+0.0s
[80/945]	[L1: 0.0145]	1.3+0.0s
[120/945]	[L1: 0.0141]	1.3+0.0s
[160/945]	[L1: 0.0140]	1.3+0.0s
[200/945]	[L1: 0.0142]	1.3+0.0s
[240/945]	[L1: 0.0142]	1.3+0.0s
[280/945]	[L1: 0.0146]	1.3+0.0s
[320/945]	[L1: 0.0145]	1.3+0.0s
[360/945]	[L1: 0.0145]	1.3+0.0s
[400/945]	[L1: 0.0147]	1.2+0.0s
[440/945]	[L1: 0.0146]	1.4+0.0s
[480/945]	[L1: 0.0146]	1.3+0.0s
[520/945]	[L1: 0.0147]	1.3+0.0s
[560/945]	[L1: 0.0148]	1.2+0.0s
[600/945]	[L1: 0.0148]	1.3+0.0s
[640/945]	[L1: 0.0148]	1.3+0.0s
[680/945]	[L1: 0.0148]	1.3+0.0s
[720/945]	[L1: 0.0147]	1.3+0.0s
[760/945]	[L1: 0.0145]	1.3+0.0s
[800/945]	[L1: 0.0146]	1.2+0.0s
[840/945]	[L1: 0.0146]	1.3+0.0s
[880/945]	[L1: 0.0146]	1.3+0.0s
[920/945]	[L1: 0.0146]	1.2+0.0s

Evaluation:
[UCMerced x2]	psnr: 34.572 (Best: 34.579 @epoch 417)
Total time: 1.79s

[Epoch 469]	Learning rate: 2.50e-5
[40/945]	[L1: 0.0159]	1.3+0.0s
[80/945]	[L1: 0.0158]	1.3+0.0s
[120/945]	[L1: 0.0149]	1.2+0.0s
[160/945]	[L1: 0.0147]	1.3+0.0s
[200/945]	[L1: 0.0148]	1.2+0.0s
[240/945]	[L1: 0.0143]	1.3+0.0s
[280/945]	[L1: 0.0140]	1.3+0.0s
[320/945]	[L1: 0.0143]	1.3+0.0s
[360/945]	[L1: 0.0144]	1.3+0.0s
[400/945]	[L1: 0.0142]	1.2+0.0s
[440/945]	[L1: 0.0144]	1.3+0.0s
[480/945]	[L1: 0.0144]	1.3+0.0s
[520/945]	[L1: 0.0145]	1.4+0.0s
[560/945]	[L1: 0.0143]	1.2+0.0s
[600/945]	[L1: 0.0146]	1.3+0.0s
[640/945]	[L1: 0.0145]	1.2+0.0s
[680/945]	[L1: 0.0146]	1.3+0.0s
[720/945]	[L1: 0.0147]	1.3+0.0s
[760/945]	[L1: 0.0147]	1.2+0.0s
[800/945]	[L1: 0.0148]	1.2+0.0s
[840/945]	[L1: 0.0148]	1.3+0.0s
[880/945]	[L1: 0.0147]	1.3+0.0s
[920/945]	[L1: 0.0147]	1.3+0.0s

Evaluation:
[UCMerced x2]	psnr: 34.572 (Best: 34.579 @epoch 417)
Total time: 1.76s

[Epoch 470]	Learning rate: 2.50e-5
[40/945]	[L1: 0.0161]	1.4+0.0s
[80/945]	[L1: 0.0149]	1.3+0.0s
[120/945]	[L1: 0.0151]	1.3+0.0s
[160/945]	[L1: 0.0149]	1.3+0.0s
[200/945]	[L1: 0.0149]	1.3+0.0s
[240/945]	[L1: 0.0150]	1.3+0.0s
[280/945]	[L1: 0.0151]	1.2+0.0s
[320/945]	[L1: 0.0152]	1.2+0.0s
[360/945]	[L1: 0.0153]	1.2+0.0s
[400/945]	[L1: 0.0152]	1.2+0.0s
[440/945]	[L1: 0.0152]	1.3+0.0s
[480/945]	[L1: 0.0151]	1.3+0.0s
[520/945]	[L1: 0.0149]	1.2+0.0s
[560/945]	[L1: 0.0150]	1.3+0.0s
[600/945]	[L1: 0.0150]	1.4+0.0s
[640/945]	[L1: 0.0150]	1.3+0.0s
[680/945]	[L1: 0.0151]	1.3+0.0s
[720/945]	[L1: 0.0150]	1.2+0.0s
[760/945]	[L1: 0.0150]	1.3+0.0s
[800/945]	[L1: 0.0150]	1.3+0.0s
[840/945]	[L1: 0.0149]	1.3+0.0s
[880/945]	[L1: 0.0149]	1.3+0.0s
[920/945]	[L1: 0.0149]	1.3+0.0s

Evaluation:
[UCMerced x2]	psnr: 34.568 (Best: 34.579 @epoch 417)
Total time: 1.78s

[Epoch 471]	Learning rate: 2.50e-5
[40/945]	[L1: 0.0132]	1.3+0.0s
[80/945]	[L1: 0.0134]	1.3+0.0s
[120/945]	[L1: 0.0136]	1.4+0.0s
[160/945]	[L1: 0.0138]	1.3+0.0s
[200/945]	[L1: 0.0140]	1.3+0.0s
[240/945]	[L1: 0.0142]	1.3+0.0s
[280/945]	[L1: 0.0143]	1.3+0.0s
[320/945]	[L1: 0.0140]	1.3+0.0s
[360/945]	[L1: 0.0142]	1.3+0.0s
[400/945]	[L1: 0.0142]	1.3+0.0s
[440/945]	[L1: 0.0142]	1.3+0.0s
[480/945]	[L1: 0.0142]	1.3+0.0s
[520/945]	[L1: 0.0143]	1.3+0.0s
[560/945]	[L1: 0.0143]	1.3+0.0s
[600/945]	[L1: 0.0143]	1.3+0.0s
[640/945]	[L1: 0.0145]	1.3+0.0s
[680/945]	[L1: 0.0144]	1.3+0.0s
[720/945]	[L1: 0.0144]	1.4+0.0s
[760/945]	[L1: 0.0145]	1.3+0.0s
[800/945]	[L1: 0.0145]	1.3+0.0s
[840/945]	[L1: 0.0145]	1.3+0.0s
[880/945]	[L1: 0.0146]	1.3+0.0s
[920/945]	[L1: 0.0146]	1.3+0.0s

Evaluation:
[UCMerced x2]	psnr: 34.574 (Best: 34.579 @epoch 417)
Total time: 1.79s

[Epoch 472]	Learning rate: 2.50e-5
[40/945]	[L1: 0.0143]	1.3+0.0s
[80/945]	[L1: 0.0138]	1.3+0.0s
[120/945]	[L1: 0.0145]	1.3+0.0s
[160/945]	[L1: 0.0148]	1.3+0.0s
[200/945]	[L1: 0.0149]	1.4+0.0s
[240/945]	[L1: 0.0149]	1.3+0.0s
[280/945]	[L1: 0.0149]	1.3+0.0s
[320/945]	[L1: 0.0149]	1.3+0.0s
[360/945]	[L1: 0.0147]	1.3+0.0s
[400/945]	[L1: 0.0148]	1.3+0.0s
[440/945]	[L1: 0.0148]	1.3+0.0s
[480/945]	[L1: 0.0148]	1.3+0.0s
[520/945]	[L1: 0.0150]	1.3+0.0s
[560/945]	[L1: 0.0151]	1.3+0.0s
[600/945]	[L1: 0.0152]	1.3+0.0s
[640/945]	[L1: 0.0152]	1.3+0.0s
[680/945]	[L1: 0.0151]	1.3+0.0s
[720/945]	[L1: 0.0151]	1.3+0.0s
[760/945]	[L1: 0.0150]	1.4+0.0s
[800/945]	[L1: 0.0150]	1.3+0.0s
[840/945]	[L1: 0.0149]	1.3+0.0s
[880/945]	[L1: 0.0148]	1.3+0.0s
[920/945]	[L1: 0.0148]	1.2+0.0s

Evaluation:
[UCMerced x2]	psnr: 34.581 (Best: 34.581 @epoch 472)
Total time: 1.76s

[Epoch 473]	Learning rate: 2.50e-5
[40/945]	[L1: 0.0152]	1.3+0.0s
[80/945]	[L1: 0.0149]	1.3+0.0s
[120/945]	[L1: 0.0149]	1.2+0.0s
[160/945]	[L1: 0.0150]	1.3+0.0s
[200/945]	[L1: 0.0146]	1.3+0.0s
[240/945]	[L1: 0.0145]	1.2+0.0s
[280/945]	[L1: 0.0149]	1.4+0.0s
[320/945]	[L1: 0.0150]	1.3+0.0s
[360/945]	[L1: 0.0146]	1.3+0.0s
[400/945]	[L1: 0.0146]	1.3+0.0s
[440/945]	[L1: 0.0147]	1.3+0.0s
[480/945]	[L1: 0.0148]	1.3+0.0s
[520/945]	[L1: 0.0149]	1.3+0.0s
[560/945]	[L1: 0.0147]	1.3+0.0s
[600/945]	[L1: 0.0147]	1.3+0.0s
[640/945]	[L1: 0.0147]	1.3+0.0s
[680/945]	[L1: 0.0147]	1.3+0.0s
[720/945]	[L1: 0.0146]	1.3+0.0s
[760/945]	[L1: 0.0146]	1.3+0.0s
[800/945]	[L1: 0.0147]	1.3+0.0s
[840/945]	[L1: 0.0148]	1.3+0.0s
[880/945]	[L1: 0.0148]	1.3+0.0s
[920/945]	[L1: 0.0148]	1.3+0.0s

Evaluation:
[UCMerced x2]	psnr: 34.579 (Best: 34.581 @epoch 472)
Total time: 1.76s

[Epoch 474]	Learning rate: 2.50e-5
[40/945]	[L1: 0.0145]	1.3+0.0s
[80/945]	[L1: 0.0148]	1.3+0.0s
[120/945]	[L1: 0.0150]	1.2+0.0s
[160/945]	[L1: 0.0147]	1.3+0.0s
[200/945]	[L1: 0.0146]	1.3+0.0s
[240/945]	[L1: 0.0145]	1.3+0.0s
[280/945]	[L1: 0.0144]	1.2+0.0s
[320/945]	[L1: 0.0144]	1.2+0.0s
[360/945]	[L1: 0.0141]	1.4+0.0s
[400/945]	[L1: 0.0142]	1.2+0.0s
[440/945]	[L1: 0.0143]	1.3+0.0s
[480/945]	[L1: 0.0142]	1.3+0.0s
[520/945]	[L1: 0.0142]	1.3+0.0s
[560/945]	[L1: 0.0142]	1.2+0.0s
[600/945]	[L1: 0.0144]	1.2+0.0s
[640/945]	[L1: 0.0144]	1.2+0.0s
[680/945]	[L1: 0.0143]	1.3+0.0s
[720/945]	[L1: 0.0144]	1.3+0.0s
[760/945]	[L1: 0.0145]	1.3+0.0s
[800/945]	[L1: 0.0145]	1.3+0.0s
[840/945]	[L1: 0.0145]	1.3+0.0s
[880/945]	[L1: 0.0146]	1.3+0.0s
[920/945]	[L1: 0.0146]	1.4+0.0s

Evaluation:
[UCMerced x2]	psnr: 34.578 (Best: 34.581 @epoch 472)
Total time: 1.78s

[Epoch 475]	Learning rate: 2.50e-5
[40/945]	[L1: 0.0164]	1.3+0.0s
[80/945]	[L1: 0.0162]	1.3+0.0s
[120/945]	[L1: 0.0146]	1.2+0.0s
[160/945]	[L1: 0.0150]	1.3+0.0s
[200/945]	[L1: 0.0146]	1.3+0.0s
[240/945]	[L1: 0.0145]	1.3+0.0s
[280/945]	[L1: 0.0145]	1.3+0.0s
[320/945]	[L1: 0.0144]	1.3+0.0s
[360/945]	[L1: 0.0143]	1.3+0.0s
[400/945]	[L1: 0.0145]	1.3+0.0s
[440/945]	[L1: 0.0147]	1.3+0.0s
[480/945]	[L1: 0.0147]	1.4+0.0s
[520/945]	[L1: 0.0149]	1.3+0.0s
[560/945]	[L1: 0.0148]	1.3+0.0s
[600/945]	[L1: 0.0148]	1.3+0.0s
[640/945]	[L1: 0.0148]	1.3+0.0s
[680/945]	[L1: 0.0147]	1.3+0.0s
[720/945]	[L1: 0.0145]	1.3+0.0s
[760/945]	[L1: 0.0146]	1.3+0.0s
[800/945]	[L1: 0.0146]	1.2+0.0s
[840/945]	[L1: 0.0146]	1.3+0.0s
[880/945]	[L1: 0.0147]	1.3+0.0s
[920/945]	[L1: 0.0147]	1.3+0.0s

Evaluation:
[UCMerced x2]	psnr: 34.574 (Best: 34.581 @epoch 472)
Total time: 1.76s

[Epoch 476]	Learning rate: 2.50e-5
[40/945]	[L1: 0.0147]	1.3+0.0s
[80/945]	[L1: 0.0143]	1.3+0.0s
[120/945]	[L1: 0.0143]	1.3+0.0s
[160/945]	[L1: 0.0139]	1.3+0.0s
[200/945]	[L1: 0.0139]	1.3+0.0s
[240/945]	[L1: 0.0142]	1.3+0.0s
[280/945]	[L1: 0.0144]	1.3+0.0s
[320/945]	[L1: 0.0146]	1.3+0.0s
[360/945]	[L1: 0.0144]	1.3+0.0s
[400/945]	[L1: 0.0143]	1.3+0.0s
[440/945]	[L1: 0.0145]	1.3+0.0s
[480/945]	[L1: 0.0147]	1.3+0.0s
[520/945]	[L1: 0.0146]	1.3+0.0s
[560/945]	[L1: 0.0146]	1.3+0.0s
[600/945]	[L1: 0.0146]	1.4+0.0s
[640/945]	[L1: 0.0146]	1.3+0.0s
[680/945]	[L1: 0.0146]	1.3+0.0s
[720/945]	[L1: 0.0146]	1.3+0.0s
[760/945]	[L1: 0.0147]	1.3+0.0s
[800/945]	[L1: 0.0147]	1.3+0.0s
[840/945]	[L1: 0.0147]	1.3+0.0s
[880/945]	[L1: 0.0147]	1.3+0.0s
[920/945]	[L1: 0.0148]	1.3+0.0s

Evaluation:
[UCMerced x2]	psnr: 34.576 (Best: 34.581 @epoch 472)
Total time: 1.77s

[Epoch 477]	Learning rate: 2.50e-5
[40/945]	[L1: 0.0156]	1.3+0.0s
[80/945]	[L1: 0.0145]	1.3+0.0s
[120/945]	[L1: 0.0145]	1.4+0.0s
[160/945]	[L1: 0.0144]	1.3+0.0s
[200/945]	[L1: 0.0141]	1.3+0.0s
[240/945]	[L1: 0.0142]	1.3+0.0s
[280/945]	[L1: 0.0142]	1.3+0.0s
[320/945]	[L1: 0.0143]	1.3+0.0s
[360/945]	[L1: 0.0141]	1.3+0.0s
[400/945]	[L1: 0.0142]	1.3+0.0s
[440/945]	[L1: 0.0142]	1.2+0.0s
[480/945]	[L1: 0.0142]	1.3+0.0s
[520/945]	[L1: 0.0144]	1.3+0.0s
[560/945]	[L1: 0.0143]	1.2+0.0s
[600/945]	[L1: 0.0145]	1.3+0.0s
[640/945]	[L1: 0.0145]	1.3+0.0s
[680/945]	[L1: 0.0146]	1.2+0.0s
[720/945]	[L1: 0.0146]	1.4+0.0s
[760/945]	[L1: 0.0147]	1.3+0.0s
[800/945]	[L1: 0.0147]	1.3+0.0s
[840/945]	[L1: 0.0146]	1.3+0.0s
[880/945]	[L1: 0.0146]	1.3+0.0s
[920/945]	[L1: 0.0146]	1.3+0.0s

Evaluation:
[UCMerced x2]	psnr: 34.577 (Best: 34.581 @epoch 472)
Total time: 1.79s

[Epoch 478]	Learning rate: 2.50e-5
[40/945]	[L1: 0.0164]	1.3+0.0s
[80/945]	[L1: 0.0157]	1.3+0.0s
[120/945]	[L1: 0.0149]	1.2+0.0s
[160/945]	[L1: 0.0149]	1.3+0.0s
[200/945]	[L1: 0.0150]	1.4+0.0s
[240/945]	[L1: 0.0149]	1.3+0.0s
[280/945]	[L1: 0.0151]	1.3+0.0s
[320/945]	[L1: 0.0152]	1.3+0.0s
[360/945]	[L1: 0.0152]	1.2+0.0s
[400/945]	[L1: 0.0152]	1.3+0.0s
[440/945]	[L1: 0.0152]	1.2+0.0s
[480/945]	[L1: 0.0153]	1.2+0.0s
[520/945]	[L1: 0.0151]	1.3+0.0s
[560/945]	[L1: 0.0149]	1.2+0.0s
[600/945]	[L1: 0.0148]	1.3+0.0s
[640/945]	[L1: 0.0149]	1.2+0.0s
[680/945]	[L1: 0.0148]	1.3+0.0s
[720/945]	[L1: 0.0148]	1.3+0.0s
[760/945]	[L1: 0.0149]	1.3+0.0s
[800/945]	[L1: 0.0148]	1.4+0.0s
[840/945]	[L1: 0.0148]	1.3+0.0s
[880/945]	[L1: 0.0148]	1.3+0.0s
[920/945]	[L1: 0.0147]	1.3+0.0s

Evaluation:
[UCMerced x2]	psnr: 34.581 (Best: 34.581 @epoch 472)
Total time: 1.79s

[Epoch 479]	Learning rate: 2.50e-5
[40/945]	[L1: 0.0145]	1.3+0.0s
[80/945]	[L1: 0.0141]	1.3+0.0s
[120/945]	[L1: 0.0142]	1.2+0.0s
[160/945]	[L1: 0.0140]	1.2+0.0s
[200/945]	[L1: 0.0140]	1.2+0.0s
[240/945]	[L1: 0.0141]	1.2+0.0s
[280/945]	[L1: 0.0141]	1.3+0.0s
[320/945]	[L1: 0.0142]	1.4+0.0s
[360/945]	[L1: 0.0142]	1.3+0.0s
[400/945]	[L1: 0.0143]	1.3+0.0s
[440/945]	[L1: 0.0145]	1.3+0.0s
[480/945]	[L1: 0.0144]	1.3+0.0s
[520/945]	[L1: 0.0143]	1.3+0.0s
[560/945]	[L1: 0.0144]	1.3+0.0s
[600/945]	[L1: 0.0144]	1.3+0.0s
[640/945]	[L1: 0.0145]	1.3+0.0s
[680/945]	[L1: 0.0145]	1.3+0.0s
[720/945]	[L1: 0.0145]	1.3+0.0s
[760/945]	[L1: 0.0145]	1.3+0.0s
[800/945]	[L1: 0.0146]	1.3+0.0s
[840/945]	[L1: 0.0146]	1.3+0.0s
[880/945]	[L1: 0.0146]	1.4+0.0s
[920/945]	[L1: 0.0147]	1.3+0.0s

Evaluation:
[UCMerced x2]	psnr: 34.572 (Best: 34.581 @epoch 472)
Total time: 1.78s

[Epoch 480]	Learning rate: 2.50e-5
[40/945]	[L1: 0.0164]	1.3+0.0s
[80/945]	[L1: 0.0161]	1.2+0.0s
[120/945]	[L1: 0.0159]	1.2+0.0s
[160/945]	[L1: 0.0161]	1.3+0.0s
[200/945]	[L1: 0.0156]	1.3+0.0s
[240/945]	[L1: 0.0153]	1.3+0.0s
[280/945]	[L1: 0.0154]	1.3+0.0s
[320/945]	[L1: 0.0158]	1.3+0.0s
[360/945]	[L1: 0.0157]	1.3+0.0s
[400/945]	[L1: 0.0154]	1.4+0.0s
[440/945]	[L1: 0.0152]	1.3+0.0s
[480/945]	[L1: 0.0152]	1.3+0.0s
[520/945]	[L1: 0.0152]	1.3+0.0s
[560/945]	[L1: 0.0151]	1.3+0.0s
[600/945]	[L1: 0.0149]	1.3+0.0s
[640/945]	[L1: 0.0149]	1.3+0.0s
[680/945]	[L1: 0.0147]	1.3+0.0s
[720/945]	[L1: 0.0147]	1.3+0.0s
[760/945]	[L1: 0.0148]	1.3+0.0s
[800/945]	[L1: 0.0146]	1.3+0.0s
[840/945]	[L1: 0.0147]	1.3+0.0s
[880/945]	[L1: 0.0148]	1.3+0.0s
[920/945]	[L1: 0.0147]	1.3+0.0s

Evaluation:
[UCMerced x2]	psnr: 34.573 (Best: 34.581 @epoch 472)
Total time: 1.79s

[Epoch 481]	Learning rate: 2.50e-5
[40/945]	[L1: 0.0149]	1.3+0.0s
[80/945]	[L1: 0.0149]	1.3+0.0s
[120/945]	[L1: 0.0145]	1.3+0.0s
[160/945]	[L1: 0.0147]	1.3+0.0s
[200/945]	[L1: 0.0150]	1.3+0.0s
[240/945]	[L1: 0.0150]	1.3+0.0s
[280/945]	[L1: 0.0151]	1.3+0.0s
[320/945]	[L1: 0.0152]	1.3+0.0s
[360/945]	[L1: 0.0151]	1.3+0.0s
[400/945]	[L1: 0.0148]	1.3+0.0s
[440/945]	[L1: 0.0147]	1.3+0.0s
[480/945]	[L1: 0.0146]	1.4+0.0s
[520/945]	[L1: 0.0146]	1.3+0.0s
[560/945]	[L1: 0.0145]	1.3+0.0s
[600/945]	[L1: 0.0145]	1.2+0.0s
[640/945]	[L1: 0.0146]	1.3+0.0s
[680/945]	[L1: 0.0145]	1.3+0.0s
[720/945]	[L1: 0.0146]	1.3+0.0s
[760/945]	[L1: 0.0146]	1.3+0.0s
[800/945]	[L1: 0.0147]	1.3+0.0s
[840/945]	[L1: 0.0147]	1.3+0.0s
[880/945]	[L1: 0.0146]	1.2+0.0s
[920/945]	[L1: 0.0147]	1.2+0.0s

Evaluation:
[UCMerced x2]	psnr: 34.573 (Best: 34.581 @epoch 472)
Total time: 1.76s

[Epoch 482]	Learning rate: 2.50e-5
[40/945]	[L1: 0.0160]	1.3+0.0s
[80/945]	[L1: 0.0149]	1.3+0.0s
[120/945]	[L1: 0.0142]	1.2+0.0s
[160/945]	[L1: 0.0140]	1.3+0.0s
[200/945]	[L1: 0.0140]	1.3+0.0s
[240/945]	[L1: 0.0143]	1.3+0.0s
[280/945]	[L1: 0.0144]	1.3+0.0s
[320/945]	[L1: 0.0143]	1.3+0.0s
[360/945]	[L1: 0.0145]	1.3+0.0s
[400/945]	[L1: 0.0146]	1.3+0.0s
[440/945]	[L1: 0.0148]	1.3+0.0s
[480/945]	[L1: 0.0148]	1.3+0.0s
[520/945]	[L1: 0.0147]	1.2+0.0s
[560/945]	[L1: 0.0147]	1.3+0.0s
[600/945]	[L1: 0.0148]	1.4+0.0s
[640/945]	[L1: 0.0147]	1.3+0.0s
[680/945]	[L1: 0.0148]	1.3+0.0s
[720/945]	[L1: 0.0147]	1.3+0.0s
[760/945]	[L1: 0.0147]	1.3+0.0s
[800/945]	[L1: 0.0147]	1.3+0.0s
[840/945]	[L1: 0.0146]	1.3+0.0s
[880/945]	[L1: 0.0146]	1.3+0.0s
[920/945]	[L1: 0.0147]	1.2+0.0s

Evaluation:
[UCMerced x2]	psnr: 34.586 (Best: 34.586 @epoch 482)
Total time: 1.78s

[Epoch 483]	Learning rate: 2.50e-5
[40/945]	[L1: 0.0167]	1.3+0.0s
[80/945]	[L1: 0.0156]	1.3+0.0s
[120/945]	[L1: 0.0153]	1.4+0.0s
[160/945]	[L1: 0.0149]	1.3+0.0s
[200/945]	[L1: 0.0148]	1.2+0.0s
[240/945]	[L1: 0.0148]	1.3+0.0s
[280/945]	[L1: 0.0149]	1.3+0.0s
[320/945]	[L1: 0.0148]	1.3+0.0s
[360/945]	[L1: 0.0150]	1.3+0.0s
[400/945]	[L1: 0.0149]	1.3+0.0s
[440/945]	[L1: 0.0149]	1.2+0.0s
[480/945]	[L1: 0.0150]	1.3+0.0s
[520/945]	[L1: 0.0151]	1.2+0.0s
[560/945]	[L1: 0.0151]	1.2+0.0s
[600/945]	[L1: 0.0150]	1.3+0.0s
[640/945]	[L1: 0.0150]	1.3+0.0s
[680/945]	[L1: 0.0149]	1.4+0.0s
[720/945]	[L1: 0.0149]	1.3+0.0s
[760/945]	[L1: 0.0148]	1.3+0.0s
[800/945]	[L1: 0.0148]	1.3+0.0s
[840/945]	[L1: 0.0148]	1.3+0.0s
[880/945]	[L1: 0.0149]	1.3+0.0s
[920/945]	[L1: 0.0148]	1.2+0.0s

Evaluation:
[UCMerced x2]	psnr: 34.570 (Best: 34.586 @epoch 482)
Total time: 1.78s

[Epoch 484]	Learning rate: 2.50e-5
[40/945]	[L1: 0.0166]	1.3+0.0s
[80/945]	[L1: 0.0152]	1.3+0.0s
[120/945]	[L1: 0.0148]	1.3+0.0s
[160/945]	[L1: 0.0150]	1.3+0.0s
[200/945]	[L1: 0.0150]	1.3+0.0s
[240/945]	[L1: 0.0152]	1.4+0.0s
[280/945]	[L1: 0.0151]	1.3+0.0s
[320/945]	[L1: 0.0149]	1.3+0.0s
[360/945]	[L1: 0.0146]	1.3+0.0s
[400/945]	[L1: 0.0146]	1.3+0.0s
[440/945]	[L1: 0.0145]	1.3+0.0s
[480/945]	[L1: 0.0145]	1.3+0.0s
[520/945]	[L1: 0.0144]	1.3+0.0s
[560/945]	[L1: 0.0145]	1.3+0.0s
[600/945]	[L1: 0.0145]	1.3+0.0s
[640/945]	[L1: 0.0147]	1.3+0.0s
[680/945]	[L1: 0.0146]	1.3+0.0s
[720/945]	[L1: 0.0146]	1.2+0.0s
[760/945]	[L1: 0.0146]	1.3+0.0s
[800/945]	[L1: 0.0146]	1.4+0.0s
[840/945]	[L1: 0.0146]	1.3+0.0s
[880/945]	[L1: 0.0146]	1.3+0.0s
[920/945]	[L1: 0.0146]	1.3+0.0s

Evaluation:
[UCMerced x2]	psnr: 34.550 (Best: 34.586 @epoch 482)
Total time: 1.78s

[Epoch 485]	Learning rate: 2.50e-5
[40/945]	[L1: 0.0172]	1.3+0.0s
[80/945]	[L1: 0.0171]	1.3+0.0s
[120/945]	[L1: 0.0166]	1.3+0.0s
[160/945]	[L1: 0.0158]	1.3+0.0s
[200/945]	[L1: 0.0152]	1.3+0.0s
[240/945]	[L1: 0.0150]	1.3+0.0s
[280/945]	[L1: 0.0150]	1.3+0.0s
[320/945]	[L1: 0.0150]	1.4+0.0s
[360/945]	[L1: 0.0149]	1.3+0.0s
[400/945]	[L1: 0.0149]	1.3+0.0s
[440/945]	[L1: 0.0148]	1.3+0.0s
[480/945]	[L1: 0.0147]	1.3+0.0s
[520/945]	[L1: 0.0146]	1.3+0.0s
[560/945]	[L1: 0.0145]	1.3+0.0s
[600/945]	[L1: 0.0146]	1.3+0.0s
[640/945]	[L1: 0.0146]	1.2+0.0s
[680/945]	[L1: 0.0146]	1.3+0.0s
[720/945]	[L1: 0.0147]	1.3+0.0s
[760/945]	[L1: 0.0147]	1.3+0.0s
[800/945]	[L1: 0.0147]	1.3+0.0s
[840/945]	[L1: 0.0146]	1.3+0.0s
[880/945]	[L1: 0.0146]	1.4+0.0s
[920/945]	[L1: 0.0146]	1.3+0.0s

Evaluation:
[UCMerced x2]	psnr: 34.568 (Best: 34.586 @epoch 482)
Total time: 1.79s

[Epoch 486]	Learning rate: 2.50e-5
[40/945]	[L1: 0.0147]	1.3+0.0s
[80/945]	[L1: 0.0150]	1.3+0.0s
[120/945]	[L1: 0.0148]	1.2+0.0s
[160/945]	[L1: 0.0142]	1.2+0.0s
[200/945]	[L1: 0.0143]	1.3+0.0s
[240/945]	[L1: 0.0147]	1.3+0.0s
[280/945]	[L1: 0.0145]	1.3+0.0s
[320/945]	[L1: 0.0145]	1.3+0.0s
[360/945]	[L1: 0.0143]	1.3+0.0s
[400/945]	[L1: 0.0144]	1.4+0.0s
[440/945]	[L1: 0.0144]	1.3+0.0s
[480/945]	[L1: 0.0144]	1.3+0.0s
[520/945]	[L1: 0.0143]	1.3+0.0s
[560/945]	[L1: 0.0143]	1.3+0.0s
[600/945]	[L1: 0.0145]	1.2+0.0s
[640/945]	[L1: 0.0145]	1.2+0.0s
[680/945]	[L1: 0.0146]	1.2+0.0s
[720/945]	[L1: 0.0146]	1.2+0.0s
[760/945]	[L1: 0.0147]	1.3+0.0s
[800/945]	[L1: 0.0147]	1.3+0.0s
[840/945]	[L1: 0.0147]	1.3+0.0s
[880/945]	[L1: 0.0146]	1.2+0.0s
[920/945]	[L1: 0.0147]	1.2+0.0s

Evaluation:
[UCMerced x2]	psnr: 34.570 (Best: 34.586 @epoch 482)
Total time: 1.79s

[Epoch 487]	Learning rate: 2.50e-5
[40/945]	[L1: 0.0142]	1.3+0.0s
[80/945]	[L1: 0.0145]	1.3+0.0s
[120/945]	[L1: 0.0144]	1.2+0.0s
[160/945]	[L1: 0.0137]	1.3+0.0s
[200/945]	[L1: 0.0141]	1.2+0.0s
[240/945]	[L1: 0.0140]	1.3+0.0s
[280/945]	[L1: 0.0141]	1.3+0.0s
[320/945]	[L1: 0.0143]	1.3+0.0s
[360/945]	[L1: 0.0145]	1.3+0.0s
[400/945]	[L1: 0.0146]	1.3+0.0s
[440/945]	[L1: 0.0148]	1.3+0.0s
[480/945]	[L1: 0.0147]	1.4+0.0s
[520/945]	[L1: 0.0147]	1.3+0.0s
[560/945]	[L1: 0.0148]	1.3+0.0s
[600/945]	[L1: 0.0148]	1.3+0.0s
[640/945]	[L1: 0.0148]	1.3+0.0s
[680/945]	[L1: 0.0148]	1.3+0.0s
[720/945]	[L1: 0.0147]	1.2+0.0s
[760/945]	[L1: 0.0148]	1.2+0.0s
[800/945]	[L1: 0.0148]	1.2+0.0s
[840/945]	[L1: 0.0147]	1.3+0.0s
[880/945]	[L1: 0.0148]	1.3+0.0s
[920/945]	[L1: 0.0147]	1.3+0.0s

Evaluation:
[UCMerced x2]	psnr: 34.562 (Best: 34.586 @epoch 482)
Total time: 1.79s

[Epoch 488]	Learning rate: 2.50e-5
[40/945]	[L1: 0.0155]	1.3+0.0s
[80/945]	[L1: 0.0155]	1.2+0.0s
[120/945]	[L1: 0.0159]	1.3+0.0s
[160/945]	[L1: 0.0153]	1.3+0.0s
[200/945]	[L1: 0.0150]	1.3+0.0s
[240/945]	[L1: 0.0152]	1.2+0.0s
[280/945]	[L1: 0.0151]	1.3+0.0s
[320/945]	[L1: 0.0151]	1.3+0.0s
[360/945]	[L1: 0.0151]	1.3+0.0s
[400/945]	[L1: 0.0150]	1.3+0.0s
[440/945]	[L1: 0.0149]	1.3+0.0s
[480/945]	[L1: 0.0149]	1.3+0.0s
[520/945]	[L1: 0.0147]	1.3+0.0s
[560/945]	[L1: 0.0148]	1.3+0.0s
[600/945]	[L1: 0.0147]	1.4+0.0s
[640/945]	[L1: 0.0147]	1.3+0.0s
[680/945]	[L1: 0.0147]	1.3+0.0s
[720/945]	[L1: 0.0148]	1.3+0.0s
[760/945]	[L1: 0.0148]	1.3+0.0s
[800/945]	[L1: 0.0146]	1.3+0.0s
[840/945]	[L1: 0.0147]	1.3+0.0s
[880/945]	[L1: 0.0147]	1.3+0.0s
[920/945]	[L1: 0.0147]	1.3+0.0s

Evaluation:
[UCMerced x2]	psnr: 34.577 (Best: 34.586 @epoch 482)
Total time: 1.79s

[Epoch 489]	Learning rate: 2.50e-5
[40/945]	[L1: 0.0144]	1.3+0.0s
[80/945]	[L1: 0.0146]	1.3+0.0s
[120/945]	[L1: 0.0144]	1.4+0.0s
[160/945]	[L1: 0.0144]	1.3+0.0s
[200/945]	[L1: 0.0142]	1.3+0.0s
[240/945]	[L1: 0.0141]	1.3+0.0s
[280/945]	[L1: 0.0148]	1.3+0.0s
[320/945]	[L1: 0.0147]	1.3+0.0s
[360/945]	[L1: 0.0146]	1.3+0.0s
[400/945]	[L1: 0.0146]	1.3+0.0s
[440/945]	[L1: 0.0146]	1.3+0.0s
[480/945]	[L1: 0.0145]	1.3+0.0s
[520/945]	[L1: 0.0146]	1.3+0.0s
[560/945]	[L1: 0.0145]	1.3+0.0s
[600/945]	[L1: 0.0145]	1.3+0.0s
[640/945]	[L1: 0.0145]	1.3+0.0s
[680/945]	[L1: 0.0146]	1.3+0.0s
[720/945]	[L1: 0.0147]	1.4+0.0s
[760/945]	[L1: 0.0146]	1.3+0.0s
[800/945]	[L1: 0.0146]	1.3+0.0s
[840/945]	[L1: 0.0147]	1.3+0.0s
[880/945]	[L1: 0.0146]	1.3+0.0s
[920/945]	[L1: 0.0145]	1.3+0.0s

Evaluation:
[UCMerced x2]	psnr: 34.577 (Best: 34.586 @epoch 482)
Total time: 1.77s

[Epoch 490]	Learning rate: 2.50e-5
[40/945]	[L1: 0.0152]	1.5+0.0s
[80/945]	[L1: 0.0148]	1.4+0.0s
[120/945]	[L1: 0.0148]	1.3+0.0s
[160/945]	[L1: 0.0148]	1.3+0.0s
[200/945]	[L1: 0.0150]	1.4+0.0s
[240/945]	[L1: 0.0151]	1.3+0.0s
[280/945]	[L1: 0.0150]	1.3+0.0s
[320/945]	[L1: 0.0147]	1.3+0.0s
[360/945]	[L1: 0.0145]	1.3+0.0s
[400/945]	[L1: 0.0143]	1.3+0.0s
[440/945]	[L1: 0.0143]	1.3+0.0s
[480/945]	[L1: 0.0143]	1.2+0.0s
[520/945]	[L1: 0.0144]	1.3+0.0s
[560/945]	[L1: 0.0145]	1.3+0.0s
[600/945]	[L1: 0.0146]	1.3+0.0s
[640/945]	[L1: 0.0145]	1.3+0.0s
[680/945]	[L1: 0.0146]	1.3+0.0s
[720/945]	[L1: 0.0145]	1.3+0.0s
[760/945]	[L1: 0.0147]	1.4+0.0s
[800/945]	[L1: 0.0148]	1.3+0.0s
[840/945]	[L1: 0.0147]	1.3+0.0s
[880/945]	[L1: 0.0147]	1.3+0.0s
[920/945]	[L1: 0.0147]	1.3+0.0s

Evaluation:
[UCMerced x2]	psnr: 34.570 (Best: 34.586 @epoch 482)
Total time: 1.79s

[Epoch 491]	Learning rate: 2.50e-5
[40/945]	[L1: 0.0127]	1.3+0.0s
[80/945]	[L1: 0.0134]	1.3+0.0s
[120/945]	[L1: 0.0131]	1.2+0.0s
[160/945]	[L1: 0.0137]	1.3+0.0s
[200/945]	[L1: 0.0142]	1.2+0.0s
[240/945]	[L1: 0.0145]	1.3+0.0s
[280/945]	[L1: 0.0144]	1.4+0.0s
[320/945]	[L1: 0.0143]	1.3+0.0s
[360/945]	[L1: 0.0143]	1.3+0.0s
[400/945]	[L1: 0.0145]	1.3+0.0s
[440/945]	[L1: 0.0146]	1.3+0.0s
[480/945]	[L1: 0.0145]	1.3+0.0s
[520/945]	[L1: 0.0145]	1.3+0.0s
[560/945]	[L1: 0.0145]	1.3+0.0s
[600/945]	[L1: 0.0144]	1.3+0.0s
[640/945]	[L1: 0.0145]	1.3+0.0s
[680/945]	[L1: 0.0144]	1.3+0.0s
[720/945]	[L1: 0.0145]	1.3+0.0s
[760/945]	[L1: 0.0145]	1.3+0.0s
[800/945]	[L1: 0.0146]	1.3+0.0s
[840/945]	[L1: 0.0146]	1.4+0.0s
[880/945]	[L1: 0.0147]	1.3+0.0s
[920/945]	[L1: 0.0147]	1.3+0.0s

Evaluation:
[UCMerced x2]	psnr: 34.577 (Best: 34.586 @epoch 482)
Total time: 1.79s

[Epoch 492]	Learning rate: 2.50e-5
[40/945]	[L1: 0.0151]	1.3+0.0s
[80/945]	[L1: 0.0140]	1.2+0.0s
[120/945]	[L1: 0.0146]	1.2+0.0s
[160/945]	[L1: 0.0144]	1.3+0.0s
[200/945]	[L1: 0.0145]	1.3+0.0s
[240/945]	[L1: 0.0141]	1.2+0.0s
[280/945]	[L1: 0.0144]	1.3+0.0s
[320/945]	[L1: 0.0142]	1.3+0.0s
[360/945]	[L1: 0.0143]	1.4+0.0s
[400/945]	[L1: 0.0142]	1.3+0.0s
[440/945]	[L1: 0.0142]	1.3+0.0s
[480/945]	[L1: 0.0142]	1.3+0.0s
[520/945]	[L1: 0.0141]	1.3+0.0s
[560/945]	[L1: 0.0141]	1.2+0.0s
[600/945]	[L1: 0.0140]	1.3+0.0s
[640/945]	[L1: 0.0140]	1.3+0.0s
[680/945]	[L1: 0.0141]	1.2+0.0s
[720/945]	[L1: 0.0142]	1.3+0.0s
[760/945]	[L1: 0.0143]	1.3+0.0s
[800/945]	[L1: 0.0143]	1.3+0.0s
[840/945]	[L1: 0.0144]	1.3+0.0s
[880/945]	[L1: 0.0144]	1.3+0.0s
[920/945]	[L1: 0.0145]	1.4+0.0s

Evaluation:
[UCMerced x2]	psnr: 34.577 (Best: 34.586 @epoch 482)
Total time: 1.78s

[Epoch 493]	Learning rate: 2.50e-5
[40/945]	[L1: 0.0161]	1.3+0.0s
[80/945]	[L1: 0.0161]	1.3+0.0s
[120/945]	[L1: 0.0158]	1.2+0.0s
[160/945]	[L1: 0.0152]	1.3+0.0s
[200/945]	[L1: 0.0148]	1.3+0.0s
[240/945]	[L1: 0.0151]	1.3+0.0s
[280/945]	[L1: 0.0150]	1.3+0.0s
[320/945]	[L1: 0.0149]	1.3+0.0s
[360/945]	[L1: 0.0148]	1.3+0.0s
[400/945]	[L1: 0.0151]	1.3+0.0s
[440/945]	[L1: 0.0148]	1.4+0.0s
[480/945]	[L1: 0.0148]	1.3+0.0s
[520/945]	[L1: 0.0148]	1.3+0.0s
[560/945]	[L1: 0.0149]	1.3+0.0s
[600/945]	[L1: 0.0148]	1.3+0.0s
[640/945]	[L1: 0.0149]	1.3+0.0s
[680/945]	[L1: 0.0148]	1.3+0.0s
[720/945]	[L1: 0.0148]	1.3+0.0s
[760/945]	[L1: 0.0148]	1.3+0.0s
[800/945]	[L1: 0.0149]	1.3+0.0s
[840/945]	[L1: 0.0150]	1.3+0.0s
[880/945]	[L1: 0.0150]	1.3+0.0s
[920/945]	[L1: 0.0149]	1.3+0.0s

Evaluation:
[UCMerced x2]	psnr: 34.577 (Best: 34.586 @epoch 482)
Total time: 1.76s

[Epoch 494]	Learning rate: 2.50e-5
[40/945]	[L1: 0.0182]	1.3+0.0s
[80/945]	[L1: 0.0168]	1.3+0.0s
[120/945]	[L1: 0.0157]	1.3+0.0s
[160/945]	[L1: 0.0151]	1.3+0.0s
[200/945]	[L1: 0.0152]	1.3+0.0s
[240/945]	[L1: 0.0152]	1.3+0.0s
[280/945]	[L1: 0.0153]	1.3+0.0s
[320/945]	[L1: 0.0152]	1.3+0.0s
[360/945]	[L1: 0.0151]	1.3+0.0s
[400/945]	[L1: 0.0150]	1.3+0.0s
[440/945]	[L1: 0.0151]	1.3+0.0s
[480/945]	[L1: 0.0149]	1.4+0.0s
[520/945]	[L1: 0.0149]	1.3+0.0s
[560/945]	[L1: 0.0148]	1.3+0.0s
[600/945]	[L1: 0.0148]	1.3+0.0s
[640/945]	[L1: 0.0147]	1.3+0.0s
[680/945]	[L1: 0.0147]	1.3+0.0s
[720/945]	[L1: 0.0147]	1.3+0.0s
[760/945]	[L1: 0.0147]	1.3+0.0s
[800/945]	[L1: 0.0148]	1.3+0.0s
[840/945]	[L1: 0.0148]	1.3+0.0s
[880/945]	[L1: 0.0148]	1.3+0.0s
[920/945]	[L1: 0.0147]	1.3+0.0s

Evaluation:
[UCMerced x2]	psnr: 34.580 (Best: 34.586 @epoch 482)
Total time: 1.79s

[Epoch 495]	Learning rate: 2.50e-5
[40/945]	[L1: 0.0142]	1.3+0.0s
[80/945]	[L1: 0.0142]	1.3+0.0s
[120/945]	[L1: 0.0142]	1.3+0.0s
[160/945]	[L1: 0.0137]	1.3+0.0s
[200/945]	[L1: 0.0133]	1.3+0.0s
[240/945]	[L1: 0.0137]	1.3+0.0s
[280/945]	[L1: 0.0136]	1.3+0.0s
[320/945]	[L1: 0.0138]	1.3+0.0s
[360/945]	[L1: 0.0140]	1.3+0.0s
[400/945]	[L1: 0.0142]	1.2+0.0s
[440/945]	[L1: 0.0145]	1.3+0.0s
[480/945]	[L1: 0.0146]	1.3+0.0s
[520/945]	[L1: 0.0148]	1.2+0.0s
[560/945]	[L1: 0.0147]	1.3+0.0s
[600/945]	[L1: 0.0146]	1.4+0.0s
[640/945]	[L1: 0.0146]	1.3+0.0s
[680/945]	[L1: 0.0145]	1.3+0.0s
[720/945]	[L1: 0.0145]	1.3+0.0s
[760/945]	[L1: 0.0144]	1.3+0.0s
[800/945]	[L1: 0.0146]	1.3+0.0s
[840/945]	[L1: 0.0147]	1.3+0.0s
[880/945]	[L1: 0.0147]	1.3+0.0s
[920/945]	[L1: 0.0147]	1.3+0.0s

Evaluation:
[UCMerced x2]	psnr: 34.569 (Best: 34.586 @epoch 482)
Total time: 1.78s

[Epoch 496]	Learning rate: 2.50e-5
[40/945]	[L1: 0.0149]	1.3+0.0s
[80/945]	[L1: 0.0148]	1.3+0.0s
[120/945]	[L1: 0.0145]	1.4+0.0s
[160/945]	[L1: 0.0144]	1.3+0.0s
[200/945]	[L1: 0.0147]	1.3+0.0s
[240/945]	[L1: 0.0144]	1.3+0.0s
[280/945]	[L1: 0.0143]	1.3+0.0s
[320/945]	[L1: 0.0145]	1.3+0.0s
[360/945]	[L1: 0.0148]	1.3+0.0s
[400/945]	[L1: 0.0148]	1.3+0.0s
[440/945]	[L1: 0.0147]	1.3+0.0s
[480/945]	[L1: 0.0147]	1.3+0.0s
[520/945]	[L1: 0.0147]	1.3+0.0s
[560/945]	[L1: 0.0147]	1.3+0.0s
[600/945]	[L1: 0.0148]	1.3+0.0s
[640/945]	[L1: 0.0148]	1.3+0.0s
[680/945]	[L1: 0.0148]	1.3+0.0s
[720/945]	[L1: 0.0148]	1.4+0.0s
[760/945]	[L1: 0.0147]	1.3+0.0s
[800/945]	[L1: 0.0147]	1.2+0.0s
[840/945]	[L1: 0.0146]	1.3+0.0s
[880/945]	[L1: 0.0147]	1.3+0.0s
[920/945]	[L1: 0.0147]	1.3+0.0s

Evaluation:
[UCMerced x2]	psnr: 34.573 (Best: 34.586 @epoch 482)
Total time: 1.79s

[Epoch 497]	Learning rate: 2.50e-5
[40/945]	[L1: 0.0121]	1.3+0.0s
[80/945]	[L1: 0.0142]	1.3+0.0s
[120/945]	[L1: 0.0137]	1.3+0.0s
[160/945]	[L1: 0.0137]	1.2+0.0s
[200/945]	[L1: 0.0135]	1.4+0.0s
[240/945]	[L1: 0.0136]	1.2+0.0s
[280/945]	[L1: 0.0137]	1.3+0.0s
[320/945]	[L1: 0.0138]	1.3+0.0s
[360/945]	[L1: 0.0140]	1.2+0.0s
[400/945]	[L1: 0.0141]	1.3+0.0s
[440/945]	[L1: 0.0141]	1.3+0.0s
[480/945]	[L1: 0.0143]	1.3+0.0s
[520/945]	[L1: 0.0143]	1.3+0.0s
[560/945]	[L1: 0.0144]	1.2+0.0s
[600/945]	[L1: 0.0146]	1.3+0.0s
[640/945]	[L1: 0.0147]	1.3+0.0s
[680/945]	[L1: 0.0148]	1.3+0.0s
[720/945]	[L1: 0.0147]	1.2+0.0s
[760/945]	[L1: 0.0147]	1.4+0.0s
[800/945]	[L1: 0.0147]	1.3+0.0s
[840/945]	[L1: 0.0148]	1.3+0.0s
[880/945]	[L1: 0.0147]	1.3+0.0s
[920/945]	[L1: 0.0147]	1.3+0.0s

Evaluation:
[UCMerced x2]	psnr: 34.578 (Best: 34.586 @epoch 482)
Total time: 1.79s

[Epoch 498]	Learning rate: 2.50e-5
[40/945]	[L1: 0.0136]	1.3+0.0s
[80/945]	[L1: 0.0135]	1.3+0.0s
[120/945]	[L1: 0.0136]	1.2+0.0s
[160/945]	[L1: 0.0138]	1.3+0.0s
[200/945]	[L1: 0.0143]	1.3+0.0s
[240/945]	[L1: 0.0146]	1.3+0.0s
[280/945]	[L1: 0.0148]	1.4+0.0s
[320/945]	[L1: 0.0149]	1.3+0.0s
[360/945]	[L1: 0.0145]	1.3+0.0s
[400/945]	[L1: 0.0146]	1.3+0.0s
[440/945]	[L1: 0.0145]	1.3+0.0s
[480/945]	[L1: 0.0145]	1.3+0.0s
[520/945]	[L1: 0.0146]	1.3+0.0s
[560/945]	[L1: 0.0147]	1.3+0.0s
[600/945]	[L1: 0.0147]	1.2+0.0s
[640/945]	[L1: 0.0146]	1.3+0.0s
[680/945]	[L1: 0.0147]	1.3+0.0s
[720/945]	[L1: 0.0148]	1.2+0.0s
[760/945]	[L1: 0.0146]	1.2+0.0s
[800/945]	[L1: 0.0146]	1.3+0.0s
[840/945]	[L1: 0.0146]	1.4+0.0s
[880/945]	[L1: 0.0146]	1.3+0.0s
[920/945]	[L1: 0.0146]	1.2+0.0s

Evaluation:
[UCMerced x2]	psnr: 34.570 (Best: 34.586 @epoch 482)
Total time: 1.76s

[Epoch 499]	Learning rate: 2.50e-5
[40/945]	[L1: 0.0159]	1.3+0.0s
[80/945]	[L1: 0.0147]	1.3+0.0s
[120/945]	[L1: 0.0145]	1.3+0.0s
[160/945]	[L1: 0.0142]	1.3+0.0s
[200/945]	[L1: 0.0144]	1.2+0.0s
[240/945]	[L1: 0.0145]	1.3+0.0s
[280/945]	[L1: 0.0146]	1.3+0.0s
[320/945]	[L1: 0.0145]	1.3+0.0s
[360/945]	[L1: 0.0148]	1.4+0.0s
[400/945]	[L1: 0.0147]	1.3+0.0s
[440/945]	[L1: 0.0148]	1.3+0.0s
[480/945]	[L1: 0.0148]	1.3+0.0s
[520/945]	[L1: 0.0148]	1.3+0.0s
[560/945]	[L1: 0.0147]	1.3+0.0s
[600/945]	[L1: 0.0148]	1.3+0.0s
[640/945]	[L1: 0.0148]	1.3+0.0s
[680/945]	[L1: 0.0148]	1.3+0.0s
[720/945]	[L1: 0.0148]	1.3+0.0s
[760/945]	[L1: 0.0148]	1.3+0.0s
[800/945]	[L1: 0.0147]	1.3+0.0s
[840/945]	[L1: 0.0147]	1.3+0.0s
[880/945]	[L1: 0.0146]	1.3+0.0s
[920/945]	[L1: 0.0147]	1.4+0.0s

Evaluation:
[UCMerced x2]	psnr: 34.579 (Best: 34.586 @epoch 482)
Total time: 1.76s

[Epoch 500]	Learning rate: 2.50e-5
[40/945]	[L1: 0.0163]	1.3+0.0s
[80/945]	[L1: 0.0146]	1.3+0.0s
[120/945]	[L1: 0.0146]	1.3+0.0s
[160/945]	[L1: 0.0145]	1.3+0.0s
[200/945]	[L1: 0.0147]	1.3+0.0s
[240/945]	[L1: 0.0147]	1.3+0.0s
[280/945]	[L1: 0.0148]	1.3+0.0s
[320/945]	[L1: 0.0146]	1.2+0.0s
[360/945]	[L1: 0.0145]	1.2+0.0s
[400/945]	[L1: 0.0145]	1.2+0.0s
[440/945]	[L1: 0.0146]	1.4+0.0s
[480/945]	[L1: 0.0146]	1.2+0.0s
[520/945]	[L1: 0.0147]	1.2+0.0s
[560/945]	[L1: 0.0146]	1.2+0.0s
[600/945]	[L1: 0.0145]	1.2+0.0s
[640/945]	[L1: 0.0145]	1.2+0.0s
[680/945]	[L1: 0.0146]	1.2+0.0s
[720/945]	[L1: 0.0146]	1.2+0.0s
[760/945]	[L1: 0.0146]	1.3+0.0s
[800/945]	[L1: 0.0146]	1.2+0.0s
[840/945]	[L1: 0.0147]	1.2+0.0s
[880/945]	[L1: 0.0147]	1.2+0.0s
[920/945]	[L1: 0.0147]	1.2+0.0s
Saved epoch checkpoint at epoch 500

Evaluation:
[UCMerced x2]	psnr: 34.570 (Best: 34.586 @epoch 482)
Total time: 1.76s

✅ Training completed!
Unsupported operator aten::upsample_bicubic2d encountered 1 time(s)
Unsupported operator aten::rsub encountered 2 time(s)
Unsupported operator aten::pad encountered 1 time(s)
Unsupported operator aten::sigmoid encountered 41 time(s)
Unsupported operator aten::mul encountered 127 time(s)
Unsupported operator aten::clone encountered 20 time(s)
Unsupported operator aten::gelu encountered 62 time(s)
Unsupported operator aten::silu encountered 21 time(s)
Unsupported operator aten::add encountered 126 time(s)
Unsupported operator prim::PythonOp.LayerNormFunction encountered 42 time(s)
Unsupported operator prim::PythonOp.NeighborhoodAttention2DQKAutogradFunction encountered 40 time(s)
Unsupported operator aten::softmax encountered 40 time(s)
Unsupported operator prim::PythonOp.NeighborhoodAttention2DAVAutogradFunction encountered 40 time(s)
Unsupported operator aten::pixel_unshuffle encountered 2 time(s)
Unsupported operator aten::pixel_shuffle encountered 2 time(s)
