🚀 Enhanced Training Configuration:
Model: symunet_pretrain_strip_cam_parallel_add_dw5_pa_scale
Dataset: UCMerced
Scale: [4]
Epochs: 500
Batch Size: 4
Optimizer: ADAMW
Scheduler: step
Learning Rate: 0.0002
Loss: 1*L1
WandB Enabled: False
AMP Enabled: False
Validation Every: disabled (always validate every epoch)
Save Every N Epochs: 50
DataLoader Threads: 4

📐 Model Architecture:
Width: 32
Encoder Blocks: [4, 6]
Decoder Blocks: [6, 4]
Restormer Heads: [1, 2, 4]
Middle Heads: 8
Read data from image files
Read data from image files
Making model...
[MAB] 使用 NeighborhoodAttention2D (num_head=2, kernel_sizes=[7, 11], dilations=[5, 3])
[MAB] 使用 NeighborhoodAttention2D (num_head=2, kernel_sizes=[7, 11], dilations=[5, 3])
[MAB] 使用 NeighborhoodAttention2D (num_head=2, kernel_sizes=[7, 11], dilations=[5, 3])
[MAB] 使用 NeighborhoodAttention2D (num_head=2, kernel_sizes=[7, 11], dilations=[5, 3])
[MAB] 使用 NeighborhoodAttention2D (num_head=2, kernel_sizes=[7, 11], dilations=[5, 3])
[MAB] 使用 NeighborhoodAttention2D (num_head=2, kernel_sizes=[7, 11], dilations=[5, 3])
[MAB] 使用 NeighborhoodAttention2D (num_head=2, kernel_sizes=[7, 11], dilations=[5, 3])
[MAB] 使用 NeighborhoodAttention2D (num_head=2, kernel_sizes=[7, 11], dilations=[5, 3])
[MAB] 使用 NeighborhoodAttention2D (num_head=2, kernel_sizes=[7, 11], dilations=[5, 3])
[MAB] 使用 NeighborhoodAttention2D (num_head=2, kernel_sizes=[7, 11], dilations=[5, 3])
[MAB] 使用 NeighborhoodAttention2D (num_head=2, kernel_sizes=[7, 11], dilations=[5, 3])
[MAB] 使用 NeighborhoodAttention2D (num_head=2, kernel_sizes=[7, 11], dilations=[5, 3])
[MAB] 使用 NeighborhoodAttention2D (num_head=2, kernel_sizes=[7, 11], dilations=[5, 3])
[MAB] 使用 NeighborhoodAttention2D (num_head=2, kernel_sizes=[7, 11], dilations=[5, 3])
[MAB] 使用 NeighborhoodAttention2D (num_head=2, kernel_sizes=[7, 11], dilations=[5, 3])
[MAB] 使用 NeighborhoodAttention2D (num_head=2, kernel_sizes=[7, 11], dilations=[5, 3])
[MAB] 使用 NeighborhoodAttention2D (num_head=2, kernel_sizes=[7, 11], dilations=[5, 3])
[MAB] 使用 NeighborhoodAttention2D (num_head=2, kernel_sizes=[7, 11], dilations=[5, 3])
[MAB] 使用 NeighborhoodAttention2D (num_head=2, kernel_sizes=[7, 11], dilations=[5, 3])
[MAB] 使用 NeighborhoodAttention2D (num_head=2, kernel_sizes=[7, 11], dilations=[5, 3])
SymUNet_Pretrain_Strip_CAM_Parallel_Add_DW5_PA_SCALE(
  (pre_upsample): Upsample(scale_factor=4.0, mode='bicubic')
  (intro): Conv2d(3, 32, kernel_size=(3, 3), stride=(1, 1), padding=(1, 1))
  (ending): Conv2d(32, 3, kernel_size=(3, 3), stride=(1, 1), padding=(1, 1))
  (encoders): ModuleList(
    (0): Sequential(
      (0): S1_TransBlock_NoMAB1(
        (lab): LAB(
          (net): Sequential(
            (0): Conv2d(32, 32, kernel_size=(1, 1), stride=(1, 1))
            (1): GELU(approximate='none')
            (2): Conv2d(32, 32, kernel_size=(3, 3), stride=(1, 1), padding=(1, 1), groups=32)
            (3): GELU(approximate='none')
            (4): ChannelAttention(
              (attention): Sequential(
                (0): AdaptiveAvgPool2d(output_size=1)
                (1): Conv2d(32, 8, kernel_size=(1, 1), stride=(1, 1))
                (2): SiLU()
                (3): Conv2d(8, 32, kernel_size=(1, 1), stride=(1, 1))
                (4): Sigmoid()
              )
            )
            (5): Conv2d(32, 32, kernel_size=(1, 1), stride=(1, 1))
          )
        )
        (pa): PA(
          (conv): Conv2d(32, 32, kernel_size=(1, 1), stride=(1, 1))
          (sigmoid): Sigmoid()
        )
        (mab2): MAB(
          (norm1): LayerNorm2d()
          (attn): NeighborhoodAttention2D(
            head_dim=16, num_head=2, kernel_sizes=((7, 7), (11, 11)), dilations=((5, 5), (3, 3)), is_causal=[False, False], has_bias=True
            (qkv): Linear(in_features=32, out_features=96, bias=True)
            (rpb): ParameterList(
                (0): Parameter containing: [torch.float32 of size 1x13x13 (cuda:0)]
                (1): Parameter containing: [torch.float32 of size 1x21x21 (cuda:0)]
            )
            (attn_drop): Dropout(p=0.0, inplace=False)
            (proj): Linear(in_features=32, out_features=32, bias=True)
            (proj_drop): Dropout(p=0.0, inplace=False)
          )
          (norm2): LayerNorm2d()
          (ffn): MSConvStar(
            (fc1): Conv2d(32, 64, kernel_size=(1, 1), stride=(1, 1))
            (dwconv): MSDWConv(
              (proj): ModuleList(
                (0): Conv2d(16, 16, kernel_size=(1, 1), stride=(1, 1), groups=16)
                (1): Conv2d(16, 16, kernel_size=(3, 3), stride=(1, 1), padding=(1, 1), groups=16)
                (2): Conv2d(16, 16, kernel_size=(5, 5), stride=(1, 1), padding=(2, 2), groups=16)
                (3): Conv2d(16, 16, kernel_size=(7, 7), stride=(1, 1), padding=(3, 3), groups=16)
              )
            )
            (fc2): Conv2d(32, 32, kernel_size=(1, 1), stride=(1, 1))
            (act): GELU(approximate='none')
          )
        )
        (conv): Conv2d(32, 32, kernel_size=(3, 3), stride=(1, 1), padding=(1, 1))
      )
      (1): S1_TransBlock_NoMAB1(
        (lab): LAB(
          (net): Sequential(
            (0): Conv2d(32, 32, kernel_size=(1, 1), stride=(1, 1))
            (1): GELU(approximate='none')
            (2): Conv2d(32, 32, kernel_size=(3, 3), stride=(1, 1), padding=(1, 1), groups=32)
            (3): GELU(approximate='none')
            (4): ChannelAttention(
              (attention): Sequential(
                (0): AdaptiveAvgPool2d(output_size=1)
                (1): Conv2d(32, 8, kernel_size=(1, 1), stride=(1, 1))
                (2): SiLU()
                (3): Conv2d(8, 32, kernel_size=(1, 1), stride=(1, 1))
                (4): Sigmoid()
              )
            )
            (5): Conv2d(32, 32, kernel_size=(1, 1), stride=(1, 1))
          )
        )
        (pa): PA(
          (conv): Conv2d(32, 32, kernel_size=(1, 1), stride=(1, 1))
          (sigmoid): Sigmoid()
        )
        (mab2): MAB(
          (norm1): LayerNorm2d()
          (attn): NeighborhoodAttention2D(
            head_dim=16, num_head=2, kernel_sizes=((7, 7), (11, 11)), dilations=((5, 5), (3, 3)), is_causal=[False, False], has_bias=True
            (qkv): Linear(in_features=32, out_features=96, bias=True)
            (rpb): ParameterList(
                (0): Parameter containing: [torch.float32 of size 1x13x13 (cuda:0)]
                (1): Parameter containing: [torch.float32 of size 1x21x21 (cuda:0)]
            )
            (attn_drop): Dropout(p=0.0, inplace=False)
            (proj): Linear(in_features=32, out_features=32, bias=True)
            (proj_drop): Dropout(p=0.0, inplace=False)
          )
          (norm2): LayerNorm2d()
          (ffn): MSConvStar(
            (fc1): Conv2d(32, 64, kernel_size=(1, 1), stride=(1, 1))
            (dwconv): MSDWConv(
              (proj): ModuleList(
                (0): Conv2d(16, 16, kernel_size=(1, 1), stride=(1, 1), groups=16)
                (1): Conv2d(16, 16, kernel_size=(3, 3), stride=(1, 1), padding=(1, 1), groups=16)
                (2): Conv2d(16, 16, kernel_size=(5, 5), stride=(1, 1), padding=(2, 2), groups=16)
                (3): Conv2d(16, 16, kernel_size=(7, 7), stride=(1, 1), padding=(3, 3), groups=16)
              )
            )
            (fc2): Conv2d(32, 32, kernel_size=(1, 1), stride=(1, 1))
            (act): GELU(approximate='none')
          )
        )
        (conv): Conv2d(32, 32, kernel_size=(3, 3), stride=(1, 1), padding=(1, 1))
      )
      (2): S1_TransBlock_NoMAB1(
        (lab): LAB(
          (net): Sequential(
            (0): Conv2d(32, 32, kernel_size=(1, 1), stride=(1, 1))
            (1): GELU(approximate='none')
            (2): Conv2d(32, 32, kernel_size=(3, 3), stride=(1, 1), padding=(1, 1), groups=32)
            (3): GELU(approximate='none')
            (4): ChannelAttention(
              (attention): Sequential(
                (0): AdaptiveAvgPool2d(output_size=1)
                (1): Conv2d(32, 8, kernel_size=(1, 1), stride=(1, 1))
                (2): SiLU()
                (3): Conv2d(8, 32, kernel_size=(1, 1), stride=(1, 1))
                (4): Sigmoid()
              )
            )
            (5): Conv2d(32, 32, kernel_size=(1, 1), stride=(1, 1))
          )
        )
        (pa): PA(
          (conv): Conv2d(32, 32, kernel_size=(1, 1), stride=(1, 1))
          (sigmoid): Sigmoid()
        )
        (mab2): MAB(
          (norm1): LayerNorm2d()
          (attn): NeighborhoodAttention2D(
            head_dim=16, num_head=2, kernel_sizes=((7, 7), (11, 11)), dilations=((5, 5), (3, 3)), is_causal=[False, False], has_bias=True
            (qkv): Linear(in_features=32, out_features=96, bias=True)
            (rpb): ParameterList(
                (0): Parameter containing: [torch.float32 of size 1x13x13 (cuda:0)]
                (1): Parameter containing: [torch.float32 of size 1x21x21 (cuda:0)]
            )
            (attn_drop): Dropout(p=0.0, inplace=False)
            (proj): Linear(in_features=32, out_features=32, bias=True)
            (proj_drop): Dropout(p=0.0, inplace=False)
          )
          (norm2): LayerNorm2d()
          (ffn): MSConvStar(
            (fc1): Conv2d(32, 64, kernel_size=(1, 1), stride=(1, 1))
            (dwconv): MSDWConv(
              (proj): ModuleList(
                (0): Conv2d(16, 16, kernel_size=(1, 1), stride=(1, 1), groups=16)
                (1): Conv2d(16, 16, kernel_size=(3, 3), stride=(1, 1), padding=(1, 1), groups=16)
                (2): Conv2d(16, 16, kernel_size=(5, 5), stride=(1, 1), padding=(2, 2), groups=16)
                (3): Conv2d(16, 16, kernel_size=(7, 7), stride=(1, 1), padding=(3, 3), groups=16)
              )
            )
            (fc2): Conv2d(32, 32, kernel_size=(1, 1), stride=(1, 1))
            (act): GELU(approximate='none')
          )
        )
        (conv): Conv2d(32, 32, kernel_size=(3, 3), stride=(1, 1), padding=(1, 1))
      )
      (3): S1_TransBlock_NoMAB1(
        (lab): LAB(
          (net): Sequential(
            (0): Conv2d(32, 32, kernel_size=(1, 1), stride=(1, 1))
            (1): GELU(approximate='none')
            (2): Conv2d(32, 32, kernel_size=(3, 3), stride=(1, 1), padding=(1, 1), groups=32)
            (3): GELU(approximate='none')
            (4): ChannelAttention(
              (attention): Sequential(
                (0): AdaptiveAvgPool2d(output_size=1)
                (1): Conv2d(32, 8, kernel_size=(1, 1), stride=(1, 1))
                (2): SiLU()
                (3): Conv2d(8, 32, kernel_size=(1, 1), stride=(1, 1))
                (4): Sigmoid()
              )
            )
            (5): Conv2d(32, 32, kernel_size=(1, 1), stride=(1, 1))
          )
        )
        (pa): PA(
          (conv): Conv2d(32, 32, kernel_size=(1, 1), stride=(1, 1))
          (sigmoid): Sigmoid()
        )
        (mab2): MAB(
          (norm1): LayerNorm2d()
          (attn): NeighborhoodAttention2D(
            head_dim=16, num_head=2, kernel_sizes=((7, 7), (11, 11)), dilations=((5, 5), (3, 3)), is_causal=[False, False], has_bias=True
            (qkv): Linear(in_features=32, out_features=96, bias=True)
            (rpb): ParameterList(
                (0): Parameter containing: [torch.float32 of size 1x13x13 (cuda:0)]
                (1): Parameter containing: [torch.float32 of size 1x21x21 (cuda:0)]
            )
            (attn_drop): Dropout(p=0.0, inplace=False)
            (proj): Linear(in_features=32, out_features=32, bias=True)
            (proj_drop): Dropout(p=0.0, inplace=False)
          )
          (norm2): LayerNorm2d()
          (ffn): MSConvStar(
            (fc1): Conv2d(32, 64, kernel_size=(1, 1), stride=(1, 1))
            (dwconv): MSDWConv(
              (proj): ModuleList(
                (0): Conv2d(16, 16, kernel_size=(1, 1), stride=(1, 1), groups=16)
                (1): Conv2d(16, 16, kernel_size=(3, 3), stride=(1, 1), padding=(1, 1), groups=16)
                (2): Conv2d(16, 16, kernel_size=(5, 5), stride=(1, 1), padding=(2, 2), groups=16)
                (3): Conv2d(16, 16, kernel_size=(7, 7), stride=(1, 1), padding=(3, 3), groups=16)
              )
            )
            (fc2): Conv2d(32, 32, kernel_size=(1, 1), stride=(1, 1))
            (act): GELU(approximate='none')
          )
        )
        (conv): Conv2d(32, 32, kernel_size=(3, 3), stride=(1, 1), padding=(1, 1))
      )
    )
    (1): Sequential(
      (0): S1_TransBlock_NoMAB1(
        (lab): LAB(
          (net): Sequential(
            (0): Conv2d(64, 64, kernel_size=(1, 1), stride=(1, 1))
            (1): GELU(approximate='none')
            (2): Conv2d(64, 64, kernel_size=(3, 3), stride=(1, 1), padding=(1, 1), groups=64)
            (3): GELU(approximate='none')
            (4): ChannelAttention(
              (attention): Sequential(
                (0): AdaptiveAvgPool2d(output_size=1)
                (1): Conv2d(64, 16, kernel_size=(1, 1), stride=(1, 1))
                (2): SiLU()
                (3): Conv2d(16, 64, kernel_size=(1, 1), stride=(1, 1))
                (4): Sigmoid()
              )
            )
            (5): Conv2d(64, 64, kernel_size=(1, 1), stride=(1, 1))
          )
        )
        (pa): PA(
          (conv): Conv2d(64, 64, kernel_size=(1, 1), stride=(1, 1))
          (sigmoid): Sigmoid()
        )
        (mab2): MAB(
          (norm1): LayerNorm2d()
          (attn): NeighborhoodAttention2D(
            head_dim=32, num_head=2, kernel_sizes=((7, 7), (11, 11)), dilations=((5, 5), (3, 3)), is_causal=[False, False], has_bias=True
            (qkv): Linear(in_features=64, out_features=192, bias=True)
            (rpb): ParameterList(
                (0): Parameter containing: [torch.float32 of size 1x13x13 (cuda:0)]
                (1): Parameter containing: [torch.float32 of size 1x21x21 (cuda:0)]
            )
            (attn_drop): Dropout(p=0.0, inplace=False)
            (proj): Linear(in_features=64, out_features=64, bias=True)
            (proj_drop): Dropout(p=0.0, inplace=False)
          )
          (norm2): LayerNorm2d()
          (ffn): MSConvStar(
            (fc1): Conv2d(64, 128, kernel_size=(1, 1), stride=(1, 1))
            (dwconv): MSDWConv(
              (proj): ModuleList(
                (0): Conv2d(32, 32, kernel_size=(1, 1), stride=(1, 1), groups=32)
                (1): Conv2d(32, 32, kernel_size=(3, 3), stride=(1, 1), padding=(1, 1), groups=32)
                (2): Conv2d(32, 32, kernel_size=(5, 5), stride=(1, 1), padding=(2, 2), groups=32)
                (3): Conv2d(32, 32, kernel_size=(7, 7), stride=(1, 1), padding=(3, 3), groups=32)
              )
            )
            (fc2): Conv2d(64, 64, kernel_size=(1, 1), stride=(1, 1))
            (act): GELU(approximate='none')
          )
        )
        (conv): Conv2d(64, 64, kernel_size=(3, 3), stride=(1, 1), padding=(1, 1))
      )
      (1): S1_TransBlock_NoMAB1(
        (lab): LAB(
          (net): Sequential(
            (0): Conv2d(64, 64, kernel_size=(1, 1), stride=(1, 1))
            (1): GELU(approximate='none')
            (2): Conv2d(64, 64, kernel_size=(3, 3), stride=(1, 1), padding=(1, 1), groups=64)
            (3): GELU(approximate='none')
            (4): ChannelAttention(
              (attention): Sequential(
                (0): AdaptiveAvgPool2d(output_size=1)
                (1): Conv2d(64, 16, kernel_size=(1, 1), stride=(1, 1))
                (2): SiLU()
                (3): Conv2d(16, 64, kernel_size=(1, 1), stride=(1, 1))
                (4): Sigmoid()
              )
            )
            (5): Conv2d(64, 64, kernel_size=(1, 1), stride=(1, 1))
          )
        )
        (pa): PA(
          (conv): Conv2d(64, 64, kernel_size=(1, 1), stride=(1, 1))
          (sigmoid): Sigmoid()
        )
        (mab2): MAB(
          (norm1): LayerNorm2d()
          (attn): NeighborhoodAttention2D(
            head_dim=32, num_head=2, kernel_sizes=((7, 7), (11, 11)), dilations=((5, 5), (3, 3)), is_causal=[False, False], has_bias=True
            (qkv): Linear(in_features=64, out_features=192, bias=True)
            (rpb): ParameterList(
                (0): Parameter containing: [torch.float32 of size 1x13x13 (cuda:0)]
                (1): Parameter containing: [torch.float32 of size 1x21x21 (cuda:0)]
            )
            (attn_drop): Dropout(p=0.0, inplace=False)
            (proj): Linear(in_features=64, out_features=64, bias=True)
            (proj_drop): Dropout(p=0.0, inplace=False)
          )
          (norm2): LayerNorm2d()
          (ffn): MSConvStar(
            (fc1): Conv2d(64, 128, kernel_size=(1, 1), stride=(1, 1))
            (dwconv): MSDWConv(
              (proj): ModuleList(
                (0): Conv2d(32, 32, kernel_size=(1, 1), stride=(1, 1), groups=32)
                (1): Conv2d(32, 32, kernel_size=(3, 3), stride=(1, 1), padding=(1, 1), groups=32)
                (2): Conv2d(32, 32, kernel_size=(5, 5), stride=(1, 1), padding=(2, 2), groups=32)
                (3): Conv2d(32, 32, kernel_size=(7, 7), stride=(1, 1), padding=(3, 3), groups=32)
              )
            )
            (fc2): Conv2d(64, 64, kernel_size=(1, 1), stride=(1, 1))
            (act): GELU(approximate='none')
          )
        )
        (conv): Conv2d(64, 64, kernel_size=(3, 3), stride=(1, 1), padding=(1, 1))
      )
      (2): S1_TransBlock_NoMAB1(
        (lab): LAB(
          (net): Sequential(
            (0): Conv2d(64, 64, kernel_size=(1, 1), stride=(1, 1))
            (1): GELU(approximate='none')
            (2): Conv2d(64, 64, kernel_size=(3, 3), stride=(1, 1), padding=(1, 1), groups=64)
            (3): GELU(approximate='none')
            (4): ChannelAttention(
              (attention): Sequential(
                (0): AdaptiveAvgPool2d(output_size=1)
                (1): Conv2d(64, 16, kernel_size=(1, 1), stride=(1, 1))
                (2): SiLU()
                (3): Conv2d(16, 64, kernel_size=(1, 1), stride=(1, 1))
                (4): Sigmoid()
              )
            )
            (5): Conv2d(64, 64, kernel_size=(1, 1), stride=(1, 1))
          )
        )
        (pa): PA(
          (conv): Conv2d(64, 64, kernel_size=(1, 1), stride=(1, 1))
          (sigmoid): Sigmoid()
        )
        (mab2): MAB(
          (norm1): LayerNorm2d()
          (attn): NeighborhoodAttention2D(
            head_dim=32, num_head=2, kernel_sizes=((7, 7), (11, 11)), dilations=((5, 5), (3, 3)), is_causal=[False, False], has_bias=True
            (qkv): Linear(in_features=64, out_features=192, bias=True)
            (rpb): ParameterList(
                (0): Parameter containing: [torch.float32 of size 1x13x13 (cuda:0)]
                (1): Parameter containing: [torch.float32 of size 1x21x21 (cuda:0)]
            )
            (attn_drop): Dropout(p=0.0, inplace=False)
            (proj): Linear(in_features=64, out_features=64, bias=True)
            (proj_drop): Dropout(p=0.0, inplace=False)
          )
          (norm2): LayerNorm2d()
          (ffn): MSConvStar(
            (fc1): Conv2d(64, 128, kernel_size=(1, 1), stride=(1, 1))
            (dwconv): MSDWConv(
              (proj): ModuleList(
                (0): Conv2d(32, 32, kernel_size=(1, 1), stride=(1, 1), groups=32)
                (1): Conv2d(32, 32, kernel_size=(3, 3), stride=(1, 1), padding=(1, 1), groups=32)
                (2): Conv2d(32, 32, kernel_size=(5, 5), stride=(1, 1), padding=(2, 2), groups=32)
                (3): Conv2d(32, 32, kernel_size=(7, 7), stride=(1, 1), padding=(3, 3), groups=32)
              )
            )
            (fc2): Conv2d(64, 64, kernel_size=(1, 1), stride=(1, 1))
            (act): GELU(approximate='none')
          )
        )
        (conv): Conv2d(64, 64, kernel_size=(3, 3), stride=(1, 1), padding=(1, 1))
      )
      (3): S1_TransBlock_NoMAB1(
        (lab): LAB(
          (net): Sequential(
            (0): Conv2d(64, 64, kernel_size=(1, 1), stride=(1, 1))
            (1): GELU(approximate='none')
            (2): Conv2d(64, 64, kernel_size=(3, 3), stride=(1, 1), padding=(1, 1), groups=64)
            (3): GELU(approximate='none')
            (4): ChannelAttention(
              (attention): Sequential(
                (0): AdaptiveAvgPool2d(output_size=1)
                (1): Conv2d(64, 16, kernel_size=(1, 1), stride=(1, 1))
                (2): SiLU()
                (3): Conv2d(16, 64, kernel_size=(1, 1), stride=(1, 1))
                (4): Sigmoid()
              )
            )
            (5): Conv2d(64, 64, kernel_size=(1, 1), stride=(1, 1))
          )
        )
        (pa): PA(
          (conv): Conv2d(64, 64, kernel_size=(1, 1), stride=(1, 1))
          (sigmoid): Sigmoid()
        )
        (mab2): MAB(
          (norm1): LayerNorm2d()
          (attn): NeighborhoodAttention2D(
            head_dim=32, num_head=2, kernel_sizes=((7, 7), (11, 11)), dilations=((5, 5), (3, 3)), is_causal=[False, False], has_bias=True
            (qkv): Linear(in_features=64, out_features=192, bias=True)
            (rpb): ParameterList(
                (0): Parameter containing: [torch.float32 of size 1x13x13 (cuda:0)]
                (1): Parameter containing: [torch.float32 of size 1x21x21 (cuda:0)]
            )
            (attn_drop): Dropout(p=0.0, inplace=False)
            (proj): Linear(in_features=64, out_features=64, bias=True)
            (proj_drop): Dropout(p=0.0, inplace=False)
          )
          (norm2): LayerNorm2d()
          (ffn): MSConvStar(
            (fc1): Conv2d(64, 128, kernel_size=(1, 1), stride=(1, 1))
            (dwconv): MSDWConv(
              (proj): ModuleList(
                (0): Conv2d(32, 32, kernel_size=(1, 1), stride=(1, 1), groups=32)
                (1): Conv2d(32, 32, kernel_size=(3, 3), stride=(1, 1), padding=(1, 1), groups=32)
                (2): Conv2d(32, 32, kernel_size=(5, 5), stride=(1, 1), padding=(2, 2), groups=32)
                (3): Conv2d(32, 32, kernel_size=(7, 7), stride=(1, 1), padding=(3, 3), groups=32)
              )
            )
            (fc2): Conv2d(64, 64, kernel_size=(1, 1), stride=(1, 1))
            (act): GELU(approximate='none')
          )
        )
        (conv): Conv2d(64, 64, kernel_size=(3, 3), stride=(1, 1), padding=(1, 1))
      )
      (4): S1_TransBlock_NoMAB1(
        (lab): LAB(
          (net): Sequential(
            (0): Conv2d(64, 64, kernel_size=(1, 1), stride=(1, 1))
            (1): GELU(approximate='none')
            (2): Conv2d(64, 64, kernel_size=(3, 3), stride=(1, 1), padding=(1, 1), groups=64)
            (3): GELU(approximate='none')
            (4): ChannelAttention(
              (attention): Sequential(
                (0): AdaptiveAvgPool2d(output_size=1)
                (1): Conv2d(64, 16, kernel_size=(1, 1), stride=(1, 1))
                (2): SiLU()
                (3): Conv2d(16, 64, kernel_size=(1, 1), stride=(1, 1))
                (4): Sigmoid()
              )
            )
            (5): Conv2d(64, 64, kernel_size=(1, 1), stride=(1, 1))
          )
        )
        (pa): PA(
          (conv): Conv2d(64, 64, kernel_size=(1, 1), stride=(1, 1))
          (sigmoid): Sigmoid()
        )
        (mab2): MAB(
          (norm1): LayerNorm2d()
          (attn): NeighborhoodAttention2D(
            head_dim=32, num_head=2, kernel_sizes=((7, 7), (11, 11)), dilations=((5, 5), (3, 3)), is_causal=[False, False], has_bias=True
            (qkv): Linear(in_features=64, out_features=192, bias=True)
            (rpb): ParameterList(
                (0): Parameter containing: [torch.float32 of size 1x13x13 (cuda:0)]
                (1): Parameter containing: [torch.float32 of size 1x21x21 (cuda:0)]
            )
            (attn_drop): Dropout(p=0.0, inplace=False)
            (proj): Linear(in_features=64, out_features=64, bias=True)
            (proj_drop): Dropout(p=0.0, inplace=False)
          )
          (norm2): LayerNorm2d()
          (ffn): MSConvStar(
            (fc1): Conv2d(64, 128, kernel_size=(1, 1), stride=(1, 1))
            (dwconv): MSDWConv(
              (proj): ModuleList(
                (0): Conv2d(32, 32, kernel_size=(1, 1), stride=(1, 1), groups=32)
                (1): Conv2d(32, 32, kernel_size=(3, 3), stride=(1, 1), padding=(1, 1), groups=32)
                (2): Conv2d(32, 32, kernel_size=(5, 5), stride=(1, 1), padding=(2, 2), groups=32)
                (3): Conv2d(32, 32, kernel_size=(7, 7), stride=(1, 1), padding=(3, 3), groups=32)
              )
            )
            (fc2): Conv2d(64, 64, kernel_size=(1, 1), stride=(1, 1))
            (act): GELU(approximate='none')
          )
        )
        (conv): Conv2d(64, 64, kernel_size=(3, 3), stride=(1, 1), padding=(1, 1))
      )
      (5): S1_TransBlock_NoMAB1(
        (lab): LAB(
          (net): Sequential(
            (0): Conv2d(64, 64, kernel_size=(1, 1), stride=(1, 1))
            (1): GELU(approximate='none')
            (2): Conv2d(64, 64, kernel_size=(3, 3), stride=(1, 1), padding=(1, 1), groups=64)
            (3): GELU(approximate='none')
            (4): ChannelAttention(
              (attention): Sequential(
                (0): AdaptiveAvgPool2d(output_size=1)
                (1): Conv2d(64, 16, kernel_size=(1, 1), stride=(1, 1))
                (2): SiLU()
                (3): Conv2d(16, 64, kernel_size=(1, 1), stride=(1, 1))
                (4): Sigmoid()
              )
            )
            (5): Conv2d(64, 64, kernel_size=(1, 1), stride=(1, 1))
          )
        )
        (pa): PA(
          (conv): Conv2d(64, 64, kernel_size=(1, 1), stride=(1, 1))
          (sigmoid): Sigmoid()
        )
        (mab2): MAB(
          (norm1): LayerNorm2d()
          (attn): NeighborhoodAttention2D(
            head_dim=32, num_head=2, kernel_sizes=((7, 7), (11, 11)), dilations=((5, 5), (3, 3)), is_causal=[False, False], has_bias=True
            (qkv): Linear(in_features=64, out_features=192, bias=True)
            (rpb): ParameterList(
                (0): Parameter containing: [torch.float32 of size 1x13x13 (cuda:0)]
                (1): Parameter containing: [torch.float32 of size 1x21x21 (cuda:0)]
            )
            (attn_drop): Dropout(p=0.0, inplace=False)
            (proj): Linear(in_features=64, out_features=64, bias=True)
            (proj_drop): Dropout(p=0.0, inplace=False)
          )
          (norm2): LayerNorm2d()
          (ffn): MSConvStar(
            (fc1): Conv2d(64, 128, kernel_size=(1, 1), stride=(1, 1))
            (dwconv): MSDWConv(
              (proj): ModuleList(
                (0): Conv2d(32, 32, kernel_size=(1, 1), stride=(1, 1), groups=32)
                (1): Conv2d(32, 32, kernel_size=(3, 3), stride=(1, 1), padding=(1, 1), groups=32)
                (2): Conv2d(32, 32, kernel_size=(5, 5), stride=(1, 1), padding=(2, 2), groups=32)
                (3): Conv2d(32, 32, kernel_size=(7, 7), stride=(1, 1), padding=(3, 3), groups=32)
              )
            )
            (fc2): Conv2d(64, 64, kernel_size=(1, 1), stride=(1, 1))
            (act): GELU(approximate='none')
          )
        )
        (conv): Conv2d(64, 64, kernel_size=(3, 3), stride=(1, 1), padding=(1, 1))
      )
    )
  )
  (decoders): ModuleList(
    (0): Sequential(
      (0): S1_TransBlock_NoMAB1(
        (lab): LAB(
          (net): Sequential(
            (0): Conv2d(64, 64, kernel_size=(1, 1), stride=(1, 1))
            (1): GELU(approximate='none')
            (2): Conv2d(64, 64, kernel_size=(3, 3), stride=(1, 1), padding=(1, 1), groups=64)
            (3): GELU(approximate='none')
            (4): ChannelAttention(
              (attention): Sequential(
                (0): AdaptiveAvgPool2d(output_size=1)
                (1): Conv2d(64, 16, kernel_size=(1, 1), stride=(1, 1))
                (2): SiLU()
                (3): Conv2d(16, 64, kernel_size=(1, 1), stride=(1, 1))
                (4): Sigmoid()
              )
            )
            (5): Conv2d(64, 64, kernel_size=(1, 1), stride=(1, 1))
          )
        )
        (pa): PA(
          (conv): Conv2d(64, 64, kernel_size=(1, 1), stride=(1, 1))
          (sigmoid): Sigmoid()
        )
        (mab2): MAB(
          (norm1): LayerNorm2d()
          (attn): NeighborhoodAttention2D(
            head_dim=32, num_head=2, kernel_sizes=((7, 7), (11, 11)), dilations=((5, 5), (3, 3)), is_causal=[False, False], has_bias=True
            (qkv): Linear(in_features=64, out_features=192, bias=True)
            (rpb): ParameterList(
                (0): Parameter containing: [torch.float32 of size 1x13x13 (cuda:0)]
                (1): Parameter containing: [torch.float32 of size 1x21x21 (cuda:0)]
            )
            (attn_drop): Dropout(p=0.0, inplace=False)
            (proj): Linear(in_features=64, out_features=64, bias=True)
            (proj_drop): Dropout(p=0.0, inplace=False)
          )
          (norm2): LayerNorm2d()
          (ffn): MSConvStar(
            (fc1): Conv2d(64, 128, kernel_size=(1, 1), stride=(1, 1))
            (dwconv): MSDWConv(
              (proj): ModuleList(
                (0): Conv2d(32, 32, kernel_size=(1, 1), stride=(1, 1), groups=32)
                (1): Conv2d(32, 32, kernel_size=(3, 3), stride=(1, 1), padding=(1, 1), groups=32)
                (2): Conv2d(32, 32, kernel_size=(5, 5), stride=(1, 1), padding=(2, 2), groups=32)
                (3): Conv2d(32, 32, kernel_size=(7, 7), stride=(1, 1), padding=(3, 3), groups=32)
              )
            )
            (fc2): Conv2d(64, 64, kernel_size=(1, 1), stride=(1, 1))
            (act): GELU(approximate='none')
          )
        )
        (conv): Conv2d(64, 64, kernel_size=(3, 3), stride=(1, 1), padding=(1, 1))
      )
      (1): S1_TransBlock_NoMAB1(
        (lab): LAB(
          (net): Sequential(
            (0): Conv2d(64, 64, kernel_size=(1, 1), stride=(1, 1))
            (1): GELU(approximate='none')
            (2): Conv2d(64, 64, kernel_size=(3, 3), stride=(1, 1), padding=(1, 1), groups=64)
            (3): GELU(approximate='none')
            (4): ChannelAttention(
              (attention): Sequential(
                (0): AdaptiveAvgPool2d(output_size=1)
                (1): Conv2d(64, 16, kernel_size=(1, 1), stride=(1, 1))
                (2): SiLU()
                (3): Conv2d(16, 64, kernel_size=(1, 1), stride=(1, 1))
                (4): Sigmoid()
              )
            )
            (5): Conv2d(64, 64, kernel_size=(1, 1), stride=(1, 1))
          )
        )
        (pa): PA(
          (conv): Conv2d(64, 64, kernel_size=(1, 1), stride=(1, 1))
          (sigmoid): Sigmoid()
        )
        (mab2): MAB(
          (norm1): LayerNorm2d()
          (attn): NeighborhoodAttention2D(
            head_dim=32, num_head=2, kernel_sizes=((7, 7), (11, 11)), dilations=((5, 5), (3, 3)), is_causal=[False, False], has_bias=True
            (qkv): Linear(in_features=64, out_features=192, bias=True)
            (rpb): ParameterList(
                (0): Parameter containing: [torch.float32 of size 1x13x13 (cuda:0)]
                (1): Parameter containing: [torch.float32 of size 1x21x21 (cuda:0)]
            )
            (attn_drop): Dropout(p=0.0, inplace=False)
            (proj): Linear(in_features=64, out_features=64, bias=True)
            (proj_drop): Dropout(p=0.0, inplace=False)
          )
          (norm2): LayerNorm2d()
          (ffn): MSConvStar(
            (fc1): Conv2d(64, 128, kernel_size=(1, 1), stride=(1, 1))
            (dwconv): MSDWConv(
              (proj): ModuleList(
                (0): Conv2d(32, 32, kernel_size=(1, 1), stride=(1, 1), groups=32)
                (1): Conv2d(32, 32, kernel_size=(3, 3), stride=(1, 1), padding=(1, 1), groups=32)
                (2): Conv2d(32, 32, kernel_size=(5, 5), stride=(1, 1), padding=(2, 2), groups=32)
                (3): Conv2d(32, 32, kernel_size=(7, 7), stride=(1, 1), padding=(3, 3), groups=32)
              )
            )
            (fc2): Conv2d(64, 64, kernel_size=(1, 1), stride=(1, 1))
            (act): GELU(approximate='none')
          )
        )
        (conv): Conv2d(64, 64, kernel_size=(3, 3), stride=(1, 1), padding=(1, 1))
      )
      (2): S1_TransBlock_NoMAB1(
        (lab): LAB(
          (net): Sequential(
            (0): Conv2d(64, 64, kernel_size=(1, 1), stride=(1, 1))
            (1): GELU(approximate='none')
            (2): Conv2d(64, 64, kernel_size=(3, 3), stride=(1, 1), padding=(1, 1), groups=64)
            (3): GELU(approximate='none')
            (4): ChannelAttention(
              (attention): Sequential(
                (0): AdaptiveAvgPool2d(output_size=1)
                (1): Conv2d(64, 16, kernel_size=(1, 1), stride=(1, 1))
                (2): SiLU()
                (3): Conv2d(16, 64, kernel_size=(1, 1), stride=(1, 1))
                (4): Sigmoid()
              )
            )
            (5): Conv2d(64, 64, kernel_size=(1, 1), stride=(1, 1))
          )
        )
        (pa): PA(
          (conv): Conv2d(64, 64, kernel_size=(1, 1), stride=(1, 1))
          (sigmoid): Sigmoid()
        )
        (mab2): MAB(
          (norm1): LayerNorm2d()
          (attn): NeighborhoodAttention2D(
            head_dim=32, num_head=2, kernel_sizes=((7, 7), (11, 11)), dilations=((5, 5), (3, 3)), is_causal=[False, False], has_bias=True
            (qkv): Linear(in_features=64, out_features=192, bias=True)
            (rpb): ParameterList(
                (0): Parameter containing: [torch.float32 of size 1x13x13 (cuda:0)]
                (1): Parameter containing: [torch.float32 of size 1x21x21 (cuda:0)]
            )
            (attn_drop): Dropout(p=0.0, inplace=False)
            (proj): Linear(in_features=64, out_features=64, bias=True)
            (proj_drop): Dropout(p=0.0, inplace=False)
          )
          (norm2): LayerNorm2d()
          (ffn): MSConvStar(
            (fc1): Conv2d(64, 128, kernel_size=(1, 1), stride=(1, 1))
            (dwconv): MSDWConv(
              (proj): ModuleList(
                (0): Conv2d(32, 32, kernel_size=(1, 1), stride=(1, 1), groups=32)
                (1): Conv2d(32, 32, kernel_size=(3, 3), stride=(1, 1), padding=(1, 1), groups=32)
                (2): Conv2d(32, 32, kernel_size=(5, 5), stride=(1, 1), padding=(2, 2), groups=32)
                (3): Conv2d(32, 32, kernel_size=(7, 7), stride=(1, 1), padding=(3, 3), groups=32)
              )
            )
            (fc2): Conv2d(64, 64, kernel_size=(1, 1), stride=(1, 1))
            (act): GELU(approximate='none')
          )
        )
        (conv): Conv2d(64, 64, kernel_size=(3, 3), stride=(1, 1), padding=(1, 1))
      )
      (3): S1_TransBlock_NoMAB1(
        (lab): LAB(
          (net): Sequential(
            (0): Conv2d(64, 64, kernel_size=(1, 1), stride=(1, 1))
            (1): GELU(approximate='none')
            (2): Conv2d(64, 64, kernel_size=(3, 3), stride=(1, 1), padding=(1, 1), groups=64)
            (3): GELU(approximate='none')
            (4): ChannelAttention(
              (attention): Sequential(
                (0): AdaptiveAvgPool2d(output_size=1)
                (1): Conv2d(64, 16, kernel_size=(1, 1), stride=(1, 1))
                (2): SiLU()
                (3): Conv2d(16, 64, kernel_size=(1, 1), stride=(1, 1))
                (4): Sigmoid()
              )
            )
            (5): Conv2d(64, 64, kernel_size=(1, 1), stride=(1, 1))
          )
        )
        (pa): PA(
          (conv): Conv2d(64, 64, kernel_size=(1, 1), stride=(1, 1))
          (sigmoid): Sigmoid()
        )
        (mab2): MAB(
          (norm1): LayerNorm2d()
          (attn): NeighborhoodAttention2D(
            head_dim=32, num_head=2, kernel_sizes=((7, 7), (11, 11)), dilations=((5, 5), (3, 3)), is_causal=[False, False], has_bias=True
            (qkv): Linear(in_features=64, out_features=192, bias=True)
            (rpb): ParameterList(
                (0): Parameter containing: [torch.float32 of size 1x13x13 (cuda:0)]
                (1): Parameter containing: [torch.float32 of size 1x21x21 (cuda:0)]
            )
            (attn_drop): Dropout(p=0.0, inplace=False)
            (proj): Linear(in_features=64, out_features=64, bias=True)
            (proj_drop): Dropout(p=0.0, inplace=False)
          )
          (norm2): LayerNorm2d()
          (ffn): MSConvStar(
            (fc1): Conv2d(64, 128, kernel_size=(1, 1), stride=(1, 1))
            (dwconv): MSDWConv(
              (proj): ModuleList(
                (0): Conv2d(32, 32, kernel_size=(1, 1), stride=(1, 1), groups=32)
                (1): Conv2d(32, 32, kernel_size=(3, 3), stride=(1, 1), padding=(1, 1), groups=32)
                (2): Conv2d(32, 32, kernel_size=(5, 5), stride=(1, 1), padding=(2, 2), groups=32)
                (3): Conv2d(32, 32, kernel_size=(7, 7), stride=(1, 1), padding=(3, 3), groups=32)
              )
            )
            (fc2): Conv2d(64, 64, kernel_size=(1, 1), stride=(1, 1))
            (act): GELU(approximate='none')
          )
        )
        (conv): Conv2d(64, 64, kernel_size=(3, 3), stride=(1, 1), padding=(1, 1))
      )
      (4): S1_TransBlock_NoMAB1(
        (lab): LAB(
          (net): Sequential(
            (0): Conv2d(64, 64, kernel_size=(1, 1), stride=(1, 1))
            (1): GELU(approximate='none')
            (2): Conv2d(64, 64, kernel_size=(3, 3), stride=(1, 1), padding=(1, 1), groups=64)
            (3): GELU(approximate='none')
            (4): ChannelAttention(
              (attention): Sequential(
                (0): AdaptiveAvgPool2d(output_size=1)
                (1): Conv2d(64, 16, kernel_size=(1, 1), stride=(1, 1))
                (2): SiLU()
                (3): Conv2d(16, 64, kernel_size=(1, 1), stride=(1, 1))
                (4): Sigmoid()
              )
            )
            (5): Conv2d(64, 64, kernel_size=(1, 1), stride=(1, 1))
          )
        )
        (pa): PA(
          (conv): Conv2d(64, 64, kernel_size=(1, 1), stride=(1, 1))
          (sigmoid): Sigmoid()
        )
        (mab2): MAB(
          (norm1): LayerNorm2d()
          (attn): NeighborhoodAttention2D(
            head_dim=32, num_head=2, kernel_sizes=((7, 7), (11, 11)), dilations=((5, 5), (3, 3)), is_causal=[False, False], has_bias=True
            (qkv): Linear(in_features=64, out_features=192, bias=True)
            (rpb): ParameterList(
                (0): Parameter containing: [torch.float32 of size 1x13x13 (cuda:0)]
                (1): Parameter containing: [torch.float32 of size 1x21x21 (cuda:0)]
            )
            (attn_drop): Dropout(p=0.0, inplace=False)
            (proj): Linear(in_features=64, out_features=64, bias=True)
            (proj_drop): Dropout(p=0.0, inplace=False)
          )
          (norm2): LayerNorm2d()
          (ffn): MSConvStar(
            (fc1): Conv2d(64, 128, kernel_size=(1, 1), stride=(1, 1))
            (dwconv): MSDWConv(
              (proj): ModuleList(
                (0): Conv2d(32, 32, kernel_size=(1, 1), stride=(1, 1), groups=32)
                (1): Conv2d(32, 32, kernel_size=(3, 3), stride=(1, 1), padding=(1, 1), groups=32)
                (2): Conv2d(32, 32, kernel_size=(5, 5), stride=(1, 1), padding=(2, 2), groups=32)
                (3): Conv2d(32, 32, kernel_size=(7, 7), stride=(1, 1), padding=(3, 3), groups=32)
              )
            )
            (fc2): Conv2d(64, 64, kernel_size=(1, 1), stride=(1, 1))
            (act): GELU(approximate='none')
          )
        )
        (conv): Conv2d(64, 64, kernel_size=(3, 3), stride=(1, 1), padding=(1, 1))
      )
      (5): S1_TransBlock_NoMAB1(
        (lab): LAB(
          (net): Sequential(
            (0): Conv2d(64, 64, kernel_size=(1, 1), stride=(1, 1))
            (1): GELU(approximate='none')
            (2): Conv2d(64, 64, kernel_size=(3, 3), stride=(1, 1), padding=(1, 1), groups=64)
            (3): GELU(approximate='none')
            (4): ChannelAttention(
              (attention): Sequential(
                (0): AdaptiveAvgPool2d(output_size=1)
                (1): Conv2d(64, 16, kernel_size=(1, 1), stride=(1, 1))
                (2): SiLU()
                (3): Conv2d(16, 64, kernel_size=(1, 1), stride=(1, 1))
                (4): Sigmoid()
              )
            )
            (5): Conv2d(64, 64, kernel_size=(1, 1), stride=(1, 1))
          )
        )
        (pa): PA(
          (conv): Conv2d(64, 64, kernel_size=(1, 1), stride=(1, 1))
          (sigmoid): Sigmoid()
        )
        (mab2): MAB(
          (norm1): LayerNorm2d()
          (attn): NeighborhoodAttention2D(
            head_dim=32, num_head=2, kernel_sizes=((7, 7), (11, 11)), dilations=((5, 5), (3, 3)), is_causal=[False, False], has_bias=True
            (qkv): Linear(in_features=64, out_features=192, bias=True)
            (rpb): ParameterList(
                (0): Parameter containing: [torch.float32 of size 1x13x13 (cuda:0)]
                (1): Parameter containing: [torch.float32 of size 1x21x21 (cuda:0)]
            )
            (attn_drop): Dropout(p=0.0, inplace=False)
            (proj): Linear(in_features=64, out_features=64, bias=True)
            (proj_drop): Dropout(p=0.0, inplace=False)
          )
          (norm2): LayerNorm2d()
          (ffn): MSConvStar(
            (fc1): Conv2d(64, 128, kernel_size=(1, 1), stride=(1, 1))
            (dwconv): MSDWConv(
              (proj): ModuleList(
                (0): Conv2d(32, 32, kernel_size=(1, 1), stride=(1, 1), groups=32)
                (1): Conv2d(32, 32, kernel_size=(3, 3), stride=(1, 1), padding=(1, 1), groups=32)
                (2): Conv2d(32, 32, kernel_size=(5, 5), stride=(1, 1), padding=(2, 2), groups=32)
                (3): Conv2d(32, 32, kernel_size=(7, 7), stride=(1, 1), padding=(3, 3), groups=32)
              )
            )
            (fc2): Conv2d(64, 64, kernel_size=(1, 1), stride=(1, 1))
            (act): GELU(approximate='none')
          )
        )
        (conv): Conv2d(64, 64, kernel_size=(3, 3), stride=(1, 1), padding=(1, 1))
      )
    )
    (1): Sequential(
      (0): S1_TransBlock_NoMAB1(
        (lab): LAB(
          (net): Sequential(
            (0): Conv2d(32, 32, kernel_size=(1, 1), stride=(1, 1))
            (1): GELU(approximate='none')
            (2): Conv2d(32, 32, kernel_size=(3, 3), stride=(1, 1), padding=(1, 1), groups=32)
            (3): GELU(approximate='none')
            (4): ChannelAttention(
              (attention): Sequential(
                (0): AdaptiveAvgPool2d(output_size=1)
                (1): Conv2d(32, 8, kernel_size=(1, 1), stride=(1, 1))
                (2): SiLU()
                (3): Conv2d(8, 32, kernel_size=(1, 1), stride=(1, 1))
                (4): Sigmoid()
              )
            )
            (5): Conv2d(32, 32, kernel_size=(1, 1), stride=(1, 1))
          )
        )
        (pa): PA(
          (conv): Conv2d(32, 32, kernel_size=(1, 1), stride=(1, 1))
          (sigmoid): Sigmoid()
        )
        (mab2): MAB(
          (norm1): LayerNorm2d()
          (attn): NeighborhoodAttention2D(
            head_dim=16, num_head=2, kernel_sizes=((7, 7), (11, 11)), dilations=((5, 5), (3, 3)), is_causal=[False, False], has_bias=True
            (qkv): Linear(in_features=32, out_features=96, bias=True)
            (rpb): ParameterList(
                (0): Parameter containing: [torch.float32 of size 1x13x13 (cuda:0)]
                (1): Parameter containing: [torch.float32 of size 1x21x21 (cuda:0)]
            )
            (attn_drop): Dropout(p=0.0, inplace=False)
            (proj): Linear(in_features=32, out_features=32, bias=True)
            (proj_drop): Dropout(p=0.0, inplace=False)
          )
          (norm2): LayerNorm2d()
          (ffn): MSConvStar(
            (fc1): Conv2d(32, 64, kernel_size=(1, 1), stride=(1, 1))
            (dwconv): MSDWConv(
              (proj): ModuleList(
                (0): Conv2d(16, 16, kernel_size=(1, 1), stride=(1, 1), groups=16)
                (1): Conv2d(16, 16, kernel_size=(3, 3), stride=(1, 1), padding=(1, 1), groups=16)
                (2): Conv2d(16, 16, kernel_size=(5, 5), stride=(1, 1), padding=(2, 2), groups=16)
                (3): Conv2d(16, 16, kernel_size=(7, 7), stride=(1, 1), padding=(3, 3), groups=16)
              )
            )
            (fc2): Conv2d(32, 32, kernel_size=(1, 1), stride=(1, 1))
            (act): GELU(approximate='none')
          )
        )
        (conv): Conv2d(32, 32, kernel_size=(3, 3), stride=(1, 1), padding=(1, 1))
      )
      (1): S1_TransBlock_NoMAB1(
        (lab): LAB(
          (net): Sequential(
            (0): Conv2d(32, 32, kernel_size=(1, 1), stride=(1, 1))
            (1): GELU(approximate='none')
            (2): Conv2d(32, 32, kernel_size=(3, 3), stride=(1, 1), padding=(1, 1), groups=32)
            (3): GELU(approximate='none')
            (4): ChannelAttention(
              (attention): Sequential(
                (0): AdaptiveAvgPool2d(output_size=1)
                (1): Conv2d(32, 8, kernel_size=(1, 1), stride=(1, 1))
                (2): SiLU()
                (3): Conv2d(8, 32, kernel_size=(1, 1), stride=(1, 1))
                (4): Sigmoid()
              )
            )
            (5): Conv2d(32, 32, kernel_size=(1, 1), stride=(1, 1))
          )
        )
        (pa): PA(
          (conv): Conv2d(32, 32, kernel_size=(1, 1), stride=(1, 1))
          (sigmoid): Sigmoid()
        )
        (mab2): MAB(
          (norm1): LayerNorm2d()
          (attn): NeighborhoodAttention2D(
            head_dim=16, num_head=2, kernel_sizes=((7, 7), (11, 11)), dilations=((5, 5), (3, 3)), is_causal=[False, False], has_bias=True
            (qkv): Linear(in_features=32, out_features=96, bias=True)
            (rpb): ParameterList(
                (0): Parameter containing: [torch.float32 of size 1x13x13 (cuda:0)]
                (1): Parameter containing: [torch.float32 of size 1x21x21 (cuda:0)]
            )
            (attn_drop): Dropout(p=0.0, inplace=False)
            (proj): Linear(in_features=32, out_features=32, bias=True)
            (proj_drop): Dropout(p=0.0, inplace=False)
          )
          (norm2): LayerNorm2d()
          (ffn): MSConvStar(
            (fc1): Conv2d(32, 64, kernel_size=(1, 1), stride=(1, 1))
            (dwconv): MSDWConv(
              (proj): ModuleList(
                (0): Conv2d(16, 16, kernel_size=(1, 1), stride=(1, 1), groups=16)
                (1): Conv2d(16, 16, kernel_size=(3, 3), stride=(1, 1), padding=(1, 1), groups=16)
                (2): Conv2d(16, 16, kernel_size=(5, 5), stride=(1, 1), padding=(2, 2), groups=16)
                (3): Conv2d(16, 16, kernel_size=(7, 7), stride=(1, 1), padding=(3, 3), groups=16)
              )
            )
            (fc2): Conv2d(32, 32, kernel_size=(1, 1), stride=(1, 1))
            (act): GELU(approximate='none')
          )
        )
        (conv): Conv2d(32, 32, kernel_size=(3, 3), stride=(1, 1), padding=(1, 1))
      )
      (2): S1_TransBlock_NoMAB1(
        (lab): LAB(
          (net): Sequential(
            (0): Conv2d(32, 32, kernel_size=(1, 1), stride=(1, 1))
            (1): GELU(approximate='none')
            (2): Conv2d(32, 32, kernel_size=(3, 3), stride=(1, 1), padding=(1, 1), groups=32)
            (3): GELU(approximate='none')
            (4): ChannelAttention(
              (attention): Sequential(
                (0): AdaptiveAvgPool2d(output_size=1)
                (1): Conv2d(32, 8, kernel_size=(1, 1), stride=(1, 1))
                (2): SiLU()
                (3): Conv2d(8, 32, kernel_size=(1, 1), stride=(1, 1))
                (4): Sigmoid()
              )
            )
            (5): Conv2d(32, 32, kernel_size=(1, 1), stride=(1, 1))
          )
        )
        (pa): PA(
          (conv): Conv2d(32, 32, kernel_size=(1, 1), stride=(1, 1))
          (sigmoid): Sigmoid()
        )
        (mab2): MAB(
          (norm1): LayerNorm2d()
          (attn): NeighborhoodAttention2D(
            head_dim=16, num_head=2, kernel_sizes=((7, 7), (11, 11)), dilations=((5, 5), (3, 3)), is_causal=[False, False], has_bias=True
            (qkv): Linear(in_features=32, out_features=96, bias=True)
            (rpb): ParameterList(
                (0): Parameter containing: [torch.float32 of size 1x13x13 (cuda:0)]
                (1): Parameter containing: [torch.float32 of size 1x21x21 (cuda:0)]
            )
            (attn_drop): Dropout(p=0.0, inplace=False)
            (proj): Linear(in_features=32, out_features=32, bias=True)
            (proj_drop): Dropout(p=0.0, inplace=False)
          )
          (norm2): LayerNorm2d()
          (ffn): MSConvStar(
            (fc1): Conv2d(32, 64, kernel_size=(1, 1), stride=(1, 1))
            (dwconv): MSDWConv(
              (proj): ModuleList(
                (0): Conv2d(16, 16, kernel_size=(1, 1), stride=(1, 1), groups=16)
                (1): Conv2d(16, 16, kernel_size=(3, 3), stride=(1, 1), padding=(1, 1), groups=16)
                (2): Conv2d(16, 16, kernel_size=(5, 5), stride=(1, 1), padding=(2, 2), groups=16)
                (3): Conv2d(16, 16, kernel_size=(7, 7), stride=(1, 1), padding=(3, 3), groups=16)
              )
            )
            (fc2): Conv2d(32, 32, kernel_size=(1, 1), stride=(1, 1))
            (act): GELU(approximate='none')
          )
        )
        (conv): Conv2d(32, 32, kernel_size=(3, 3), stride=(1, 1), padding=(1, 1))
      )
      (3): S1_TransBlock_NoMAB1(
        (lab): LAB(
          (net): Sequential(
            (0): Conv2d(32, 32, kernel_size=(1, 1), stride=(1, 1))
            (1): GELU(approximate='none')
            (2): Conv2d(32, 32, kernel_size=(3, 3), stride=(1, 1), padding=(1, 1), groups=32)
            (3): GELU(approximate='none')
            (4): ChannelAttention(
              (attention): Sequential(
                (0): AdaptiveAvgPool2d(output_size=1)
                (1): Conv2d(32, 8, kernel_size=(1, 1), stride=(1, 1))
                (2): SiLU()
                (3): Conv2d(8, 32, kernel_size=(1, 1), stride=(1, 1))
                (4): Sigmoid()
              )
            )
            (5): Conv2d(32, 32, kernel_size=(1, 1), stride=(1, 1))
          )
        )
        (pa): PA(
          (conv): Conv2d(32, 32, kernel_size=(1, 1), stride=(1, 1))
          (sigmoid): Sigmoid()
        )
        (mab2): MAB(
          (norm1): LayerNorm2d()
          (attn): NeighborhoodAttention2D(
            head_dim=16, num_head=2, kernel_sizes=((7, 7), (11, 11)), dilations=((5, 5), (3, 3)), is_causal=[False, False], has_bias=True
            (qkv): Linear(in_features=32, out_features=96, bias=True)
            (rpb): ParameterList(
                (0): Parameter containing: [torch.float32 of size 1x13x13 (cuda:0)]
                (1): Parameter containing: [torch.float32 of size 1x21x21 (cuda:0)]
            )
            (attn_drop): Dropout(p=0.0, inplace=False)
            (proj): Linear(in_features=32, out_features=32, bias=True)
            (proj_drop): Dropout(p=0.0, inplace=False)
          )
          (norm2): LayerNorm2d()
          (ffn): MSConvStar(
            (fc1): Conv2d(32, 64, kernel_size=(1, 1), stride=(1, 1))
            (dwconv): MSDWConv(
              (proj): ModuleList(
                (0): Conv2d(16, 16, kernel_size=(1, 1), stride=(1, 1), groups=16)
                (1): Conv2d(16, 16, kernel_size=(3, 3), stride=(1, 1), padding=(1, 1), groups=16)
                (2): Conv2d(16, 16, kernel_size=(5, 5), stride=(1, 1), padding=(2, 2), groups=16)
                (3): Conv2d(16, 16, kernel_size=(7, 7), stride=(1, 1), padding=(3, 3), groups=16)
              )
            )
            (fc2): Conv2d(32, 32, kernel_size=(1, 1), stride=(1, 1))
            (act): GELU(approximate='none')
          )
        )
        (conv): Conv2d(32, 32, kernel_size=(3, 3), stride=(1, 1), padding=(1, 1))
      )
    )
  )
  (ups): ModuleList(
    (0): UpsampleDW(
      (body): Sequential(
        (0): Conv2d(128, 128, kernel_size=(3, 3), stride=(1, 1), padding=(1, 1), groups=128, bias=False)
        (1): Conv2d(128, 256, kernel_size=(1, 1), stride=(1, 1), bias=False)
        (2): PixelShuffle(upscale_factor=2)
      )
    )
    (1): UpsampleDW(
      (body): Sequential(
        (0): Conv2d(64, 64, kernel_size=(3, 3), stride=(1, 1), padding=(1, 1), groups=64, bias=False)
        (1): Conv2d(64, 128, kernel_size=(1, 1), stride=(1, 1), bias=False)
        (2): PixelShuffle(upscale_factor=2)
      )
    )
  )
  (downs): ModuleList(
    (0): DownsampleDW(
      (body): Sequential(
        (0): Conv2d(32, 32, kernel_size=(3, 3), stride=(1, 1), padding=(1, 1), groups=32, bias=False)
        (1): Conv2d(32, 16, kernel_size=(1, 1), stride=(1, 1), bias=False)
        (2): PixelUnshuffle(downscale_factor=2)
      )
    )
    (1): DownsampleDW(
      (body): Sequential(
        (0): Conv2d(64, 64, kernel_size=(3, 3), stride=(1, 1), padding=(1, 1), groups=64, bias=False)
        (1): Conv2d(64, 32, kernel_size=(1, 1), stride=(1, 1), bias=False)
        (2): PixelUnshuffle(downscale_factor=2)
      )
    )
  )
  (middle_blks): Sequential(
    (0): StripCAMParallelAddDW5MiddleBlock(
      (norm1): LayerNorm2d()
      (parallel_attn): StripCAMParallelAddDW5Attention(
        (proj_1): Conv2d(128, 128, kernel_size=(1, 1), stride=(1, 1))
        (activation): GELU(approximate='none')
        (strip_branch): StripModule(
          (conv0): Conv2d(64, 64, kernel_size=(5, 5), stride=(1, 1), padding=(2, 2), groups=64)
          (conv_spatial1): Conv2d(64, 64, kernel_size=(1, 47), stride=(1, 1), padding=(0, 23), groups=64)
          (conv_spatial2): Conv2d(64, 64, kernel_size=(47, 1), stride=(1, 1), padding=(23, 0), groups=64)
          (conv1): Conv2d(64, 64, kernel_size=(1, 1), stride=(1, 1))
        )
        (dw5_branch): DWConv5x5Branch(
          (dwconv): Conv2d(64, 64, kernel_size=(5, 5), stride=(1, 1), padding=(2, 2), groups=64)
        )
        (cam_branch): ChannelAttention(
          (attention): Sequential(
            (0): AdaptiveAvgPool2d(output_size=1)
            (1): Conv2d(128, 32, kernel_size=(1, 1), stride=(1, 1))
            (2): SiLU()
            (3): Conv2d(32, 128, kernel_size=(1, 1), stride=(1, 1))
            (4): Sigmoid()
          )
        )
        (proj_2): Conv2d(128, 128, kernel_size=(1, 1), stride=(1, 1))
      )
      (norm2): LayerNorm2d()
      (project_in): Conv2d(128, 680, kernel_size=(1, 1), stride=(1, 1), bias=False)
      (dwconv): Conv2d(680, 680, kernel_size=(3, 3), stride=(1, 1), padding=(1, 1), groups=680, bias=False)
      (project_out): Conv2d(340, 128, kernel_size=(1, 1), stride=(1, 1), bias=False)
    )
  )
)
Preparing loss function:
1.000 * L1

🏃 Starting training...
[Epoch 1]	Learning rate: 2.00e-4
[40/945]	[L1: 0.0987]	2.3+0.2s
[80/945]	[L1: 0.0753]	1.2+0.2s
[120/945]	[L1: 0.0652]	1.1+0.2s
[160/945]	[L1: 0.0594]	1.2+0.2s
[200/945]	[L1: 0.0560]	1.2+0.1s
[240/945]	[L1: 0.0535]	1.3+0.1s
[280/945]	[L1: 0.0514]	1.3+0.1s
[320/945]	[L1: 0.0500]	1.3+0.1s
[360/945]	[L1: 0.0491]	1.4+0.1s
[400/945]	[L1: 0.0479]	1.3+0.1s
[440/945]	[L1: 0.0468]	1.3+0.1s
[480/945]	[L1: 0.0465]	1.3+0.1s
[520/945]	[L1: 0.0457]	1.3+0.1s
[560/945]	[L1: 0.0451]	1.3+0.0s
[600/945]	[L1: 0.0448]	1.3+0.0s
[640/945]	[L1: 0.0445]	1.3+0.0s
[680/945]	[L1: 0.0442]	1.3+0.0s
[720/945]	[L1: 0.0439]	1.4+0.0s
[760/945]	[L1: 0.0436]	1.3+0.0s
[800/945]	[L1: 0.0433]	1.4+0.0s
[840/945]	[L1: 0.0430]	1.3+0.0s
[880/945]	[L1: 0.0429]	1.3+0.0s
[920/945]	[L1: 0.0427]	1.5+0.0s

Evaluation:
[UCMerced x4]	psnr: 26.268 (Best: 26.268 @epoch 1)
Total time: 2.29s

[Epoch 2]	Learning rate: 2.00e-4
[40/945]	[L1: 0.0378]	1.4+0.1s
[80/945]	[L1: 0.0379]	1.4+0.0s
[120/945]	[L1: 0.0370]	1.4+0.0s
[160/945]	[L1: 0.0386]	1.4+0.0s
[200/945]	[L1: 0.0374]	1.4+0.0s
[240/945]	[L1: 0.0366]	1.4+0.0s
[280/945]	[L1: 0.0369]	1.5+0.0s
[320/945]	[L1: 0.0373]	1.3+0.1s
[360/945]	[L1: 0.0374]	1.3+0.1s
[400/945]	[L1: 0.0375]	1.4+0.0s
[440/945]	[L1: 0.0376]	1.4+0.1s
[480/945]	[L1: 0.0376]	1.3+0.1s
[520/945]	[L1: 0.0374]	1.3+0.1s
[560/945]	[L1: 0.0373]	1.4+0.1s
[600/945]	[L1: 0.0374]	1.3+0.1s
[640/945]	[L1: 0.0374]	1.3+0.1s
[680/945]	[L1: 0.0374]	1.4+0.1s
[720/945]	[L1: 0.0372]	1.3+0.1s
[760/945]	[L1: 0.0372]	1.3+0.1s
[800/945]	[L1: 0.0372]	1.5+0.1s
[840/945]	[L1: 0.0371]	1.3+0.0s
[880/945]	[L1: 0.0371]	1.4+0.1s
[920/945]	[L1: 0.0372]	1.3+0.1s

Evaluation:
[UCMerced x4]	psnr: 26.539 (Best: 26.539 @epoch 2)
Total time: 1.74s

[Epoch 3]	Learning rate: 2.00e-4
[40/945]	[L1: 0.0371]	1.3+0.1s
[80/945]	[L1: 0.0349]	1.3+0.1s
[120/945]	[L1: 0.0359]	1.3+0.1s
[160/945]	[L1: 0.0363]	1.3+0.1s
[200/945]	[L1: 0.0362]	1.3+0.1s
[240/945]	[L1: 0.0364]	1.3+0.1s
[280/945]	[L1: 0.0359]	1.3+0.1s
[320/945]	[L1: 0.0355]	1.4+0.1s
[360/945]	[L1: 0.0355]	1.3+0.1s
[400/945]	[L1: 0.0360]	1.3+0.0s
[440/945]	[L1: 0.0360]	1.4+0.0s
[480/945]	[L1: 0.0362]	1.4+0.0s
[520/945]	[L1: 0.0362]	1.3+0.0s
[560/945]	[L1: 0.0361]	1.4+0.0s
[600/945]	[L1: 0.0360]	1.4+0.0s
[640/945]	[L1: 0.0357]	1.4+0.0s
[680/945]	[L1: 0.0361]	1.4+0.0s
[720/945]	[L1: 0.0360]	1.4+0.0s
[760/945]	[L1: 0.0361]	1.4+0.0s
[800/945]	[L1: 0.0360]	1.4+0.0s
[840/945]	[L1: 0.0360]	1.5+0.0s
[880/945]	[L1: 0.0360]	1.4+0.0s
[920/945]	[L1: 0.0360]	1.3+0.0s

Evaluation:
[UCMerced x4]	psnr: 26.611 (Best: 26.611 @epoch 3)
Total time: 1.77s

[Epoch 4]	Learning rate: 2.00e-4
[40/945]	[L1: 0.0331]	1.3+0.1s
[80/945]	[L1: 0.0354]	1.3+0.0s
[120/945]	[L1: 0.0342]	1.4+0.0s
[160/945]	[L1: 0.0335]	1.3+0.0s
[200/945]	[L1: 0.0340]	1.3+0.0s
[240/945]	[L1: 0.0346]	1.3+0.0s
[280/945]	[L1: 0.0354]	1.3+0.0s
[320/945]	[L1: 0.0354]	1.5+0.0s
[360/945]	[L1: 0.0351]	1.3+0.0s
[400/945]	[L1: 0.0354]	1.3+0.0s
[440/945]	[L1: 0.0360]	1.4+0.0s
[480/945]	[L1: 0.0358]	1.3+0.0s
[520/945]	[L1: 0.0357]	1.3+0.0s
[560/945]	[L1: 0.0356]	1.4+0.0s
[600/945]	[L1: 0.0356]	1.4+0.0s
[640/945]	[L1: 0.0356]	1.4+0.0s
[680/945]	[L1: 0.0357]	1.4+0.0s
[720/945]	[L1: 0.0358]	1.4+0.0s
[760/945]	[L1: 0.0358]	1.4+0.0s
[800/945]	[L1: 0.0357]	1.4+0.0s
[840/945]	[L1: 0.0355]	1.4+0.0s
[880/945]	[L1: 0.0355]	1.5+0.0s
[920/945]	[L1: 0.0354]	1.4+0.0s

Evaluation:
[UCMerced x4]	psnr: 26.859 (Best: 26.859 @epoch 4)
Total time: 1.77s

[Epoch 5]	Learning rate: 2.00e-4
[40/945]	[L1: 0.0347]	1.4+0.1s
[80/945]	[L1: 0.0351]	1.4+0.0s
[120/945]	[L1: 0.0349]	1.4+0.0s
[160/945]	[L1: 0.0362]	1.3+0.0s
[200/945]	[L1: 0.0362]	1.3+0.0s
[240/945]	[L1: 0.0353]	1.3+0.0s
[280/945]	[L1: 0.0358]	1.4+0.0s
[320/945]	[L1: 0.0358]	1.4+0.0s
[360/945]	[L1: 0.0355]	1.5+0.0s
[400/945]	[L1: 0.0353]	1.3+0.0s
[440/945]	[L1: 0.0351]	1.4+0.0s
[480/945]	[L1: 0.0350]	1.3+0.0s
[520/945]	[L1: 0.0349]	1.4+0.0s
[560/945]	[L1: 0.0350]	1.4+0.0s
[600/945]	[L1: 0.0350]	1.4+0.0s
[640/945]	[L1: 0.0351]	1.4+0.0s
[680/945]	[L1: 0.0350]	1.4+0.0s
[720/945]	[L1: 0.0348]	1.3+0.0s
[760/945]	[L1: 0.0349]	1.3+0.0s
[800/945]	[L1: 0.0351]	1.3+0.0s
[840/945]	[L1: 0.0351]	1.4+0.0s
[880/945]	[L1: 0.0350]	1.4+0.0s
[920/945]	[L1: 0.0349]	1.5+0.0s

Evaluation:
[UCMerced x4]	psnr: 26.989 (Best: 26.989 @epoch 5)
Total time: 1.77s

[Epoch 6]	Learning rate: 2.00e-4
[40/945]	[L1: 0.0362]	1.3+0.1s
[80/945]	[L1: 0.0353]	1.3+0.0s
[120/945]	[L1: 0.0348]	1.3+0.0s
[160/945]	[L1: 0.0349]	1.3+0.0s
[200/945]	[L1: 0.0346]	1.3+0.0s
[240/945]	[L1: 0.0352]	1.3+0.0s
[280/945]	[L1: 0.0354]	1.4+0.0s
[320/945]	[L1: 0.0352]	1.4+0.0s
[360/945]	[L1: 0.0352]	1.3+0.0s
[400/945]	[L1: 0.0353]	1.5+0.0s
[440/945]	[L1: 0.0353]	1.4+0.0s
[480/945]	[L1: 0.0353]	1.3+0.0s
[520/945]	[L1: 0.0351]	1.4+0.0s
[560/945]	[L1: 0.0352]	1.3+0.0s
[600/945]	[L1: 0.0349]	1.3+0.0s
[640/945]	[L1: 0.0351]	1.4+0.0s
[680/945]	[L1: 0.0350]	1.3+0.0s
[720/945]	[L1: 0.0349]	1.4+0.0s
[760/945]	[L1: 0.0347]	1.3+0.0s
[800/945]	[L1: 0.0347]	1.3+0.0s
[840/945]	[L1: 0.0344]	1.3+0.0s
[880/945]	[L1: 0.0344]	1.3+0.0s
[920/945]	[L1: 0.0345]	1.3+0.0s

Evaluation:
[UCMerced x4]	psnr: 27.052 (Best: 27.052 @epoch 6)
Total time: 1.79s

[Epoch 7]	Learning rate: 2.00e-4
[40/945]	[L1: 0.0331]	1.4+0.1s
[80/945]	[L1: 0.0342]	1.4+0.0s
[120/945]	[L1: 0.0341]	1.4+0.0s
[160/945]	[L1: 0.0346]	1.4+0.0s
[200/945]	[L1: 0.0345]	1.4+0.0s
[240/945]	[L1: 0.0340]	1.4+0.0s
[280/945]	[L1: 0.0338]	1.3+0.0s
[320/945]	[L1: 0.0341]	1.4+0.0s
[360/945]	[L1: 0.0344]	1.4+0.0s
[400/945]	[L1: 0.0345]	1.3+0.0s
[440/945]	[L1: 0.0342]	1.5+0.0s
[480/945]	[L1: 0.0345]	1.3+0.0s
[520/945]	[L1: 0.0345]	1.3+0.0s
[560/945]	[L1: 0.0344]	1.3+0.1s
[600/945]	[L1: 0.0344]	1.3+0.1s
[640/945]	[L1: 0.0345]	1.3+0.1s
[680/945]	[L1: 0.0346]	1.3+0.1s
[720/945]	[L1: 0.0346]	1.3+0.1s
[760/945]	[L1: 0.0344]	1.3+0.1s
[800/945]	[L1: 0.0344]	1.3+0.1s
[840/945]	[L1: 0.0343]	1.4+0.0s
[880/945]	[L1: 0.0343]	1.4+0.0s
[920/945]	[L1: 0.0341]	1.4+0.0s

Evaluation:
[UCMerced x4]	psnr: 27.106 (Best: 27.106 @epoch 7)
Total time: 1.76s

[Epoch 8]	Learning rate: 2.00e-4
[40/945]	[L1: 0.0362]	1.3+0.1s
[80/945]	[L1: 0.0339]	1.3+0.0s
[120/945]	[L1: 0.0334]	1.3+0.0s
[160/945]	[L1: 0.0340]	1.3+0.0s
[200/945]	[L1: 0.0348]	1.3+0.0s
[240/945]	[L1: 0.0347]	1.3+0.0s
[280/945]	[L1: 0.0348]	1.4+0.0s
[320/945]	[L1: 0.0345]	1.3+0.0s
[360/945]	[L1: 0.0346]	1.4+0.0s
[400/945]	[L1: 0.0345]	1.3+0.0s
[440/945]	[L1: 0.0345]	1.3+0.0s
[480/945]	[L1: 0.0343]	1.5+0.0s
[520/945]	[L1: 0.0341]	1.3+0.0s
[560/945]	[L1: 0.0341]	1.3+0.0s
[600/945]	[L1: 0.0339]	1.3+0.0s
[640/945]	[L1: 0.0338]	1.3+0.0s
[680/945]	[L1: 0.0338]	1.3+0.0s
[720/945]	[L1: 0.0338]	1.4+0.0s
[760/945]	[L1: 0.0339]	1.3+0.0s
[800/945]	[L1: 0.0337]	1.3+0.0s
[840/945]	[L1: 0.0339]	1.4+0.0s
[880/945]	[L1: 0.0339]	1.4+0.0s
[920/945]	[L1: 0.0340]	1.3+0.0s

Evaluation:
[UCMerced x4]	psnr: 27.105 (Best: 27.106 @epoch 7)
Total time: 1.76s

[Epoch 9]	Learning rate: 2.00e-4
[40/945]	[L1: 0.0344]	1.3+0.1s
[80/945]	[L1: 0.0350]	1.3+0.0s
[120/945]	[L1: 0.0350]	1.3+0.0s
[160/945]	[L1: 0.0347]	1.4+0.0s
[200/945]	[L1: 0.0349]	1.4+0.0s
[240/945]	[L1: 0.0348]	1.3+0.0s
[280/945]	[L1: 0.0346]	1.3+0.0s
[320/945]	[L1: 0.0346]	1.3+0.0s
[360/945]	[L1: 0.0346]	1.3+0.0s
[400/945]	[L1: 0.0346]	1.3+0.0s
[440/945]	[L1: 0.0343]	1.3+0.0s
[480/945]	[L1: 0.0342]	1.3+0.0s
[520/945]	[L1: 0.0342]	1.5+0.0s
[560/945]	[L1: 0.0343]	1.3+0.0s
[600/945]	[L1: 0.0341]	1.4+0.0s
[640/945]	[L1: 0.0342]	1.3+0.0s
[680/945]	[L1: 0.0340]	1.4+0.0s
[720/945]	[L1: 0.0340]	1.3+0.0s
[760/945]	[L1: 0.0340]	1.3+0.0s
[800/945]	[L1: 0.0339]	1.3+0.0s
[840/945]	[L1: 0.0339]	1.3+0.0s
[880/945]	[L1: 0.0339]	1.3+0.0s
[920/945]	[L1: 0.0337]	1.3+0.0s

Evaluation:
[UCMerced x4]	psnr: 27.182 (Best: 27.182 @epoch 9)
Total time: 1.75s

[Epoch 10]	Learning rate: 2.00e-4
[40/945]	[L1: 0.0303]	1.5+0.0s
[80/945]	[L1: 0.0313]	1.3+0.0s
[120/945]	[L1: 0.0327]	1.3+0.0s
[160/945]	[L1: 0.0324]	1.3+0.0s
[200/945]	[L1: 0.0322]	1.3+0.0s
[240/945]	[L1: 0.0324]	1.3+0.0s
[280/945]	[L1: 0.0331]	1.3+0.1s
[320/945]	[L1: 0.0331]	1.4+0.0s
[360/945]	[L1: 0.0334]	1.4+0.0s
[400/945]	[L1: 0.0332]	1.4+0.0s
[440/945]	[L1: 0.0331]	1.4+0.0s
[480/945]	[L1: 0.0332]	1.4+0.0s
[520/945]	[L1: 0.0334]	1.4+0.0s
[560/945]	[L1: 0.0333]	1.4+0.0s
[600/945]	[L1: 0.0333]	1.5+0.0s
[640/945]	[L1: 0.0332]	1.4+0.0s
[680/945]	[L1: 0.0333]	1.4+0.0s
[720/945]	[L1: 0.0333]	1.4+0.0s
[760/945]	[L1: 0.0333]	1.4+0.0s
[800/945]	[L1: 0.0335]	1.4+0.0s
[840/945]	[L1: 0.0335]	1.4+0.0s
[880/945]	[L1: 0.0335]	1.4+0.0s
[920/945]	[L1: 0.0337]	1.4+0.0s

Evaluation:
[UCMerced x4]	psnr: 27.188 (Best: 27.188 @epoch 10)
Total time: 1.77s

[Epoch 11]	Learning rate: 2.00e-4
[40/945]	[L1: 0.0364]	1.4+0.0s
[80/945]	[L1: 0.0347]	1.5+0.0s
[120/945]	[L1: 0.0343]	1.4+0.0s
[160/945]	[L1: 0.0355]	1.4+0.0s
[200/945]	[L1: 0.0352]	1.4+0.0s
[240/945]	[L1: 0.0346]	1.3+0.0s
[280/945]	[L1: 0.0345]	1.4+0.0s
[320/945]	[L1: 0.0346]	1.4+0.0s
[360/945]	[L1: 0.0343]	1.4+0.0s
[400/945]	[L1: 0.0344]	1.3+0.0s
[440/945]	[L1: 0.0341]	1.3+0.0s
[480/945]	[L1: 0.0339]	1.3+0.0s
[520/945]	[L1: 0.0338]	1.4+0.0s
[560/945]	[L1: 0.0337]	1.4+0.0s
[600/945]	[L1: 0.0336]	1.4+0.0s
[640/945]	[L1: 0.0335]	1.5+0.0s
[680/945]	[L1: 0.0337]	1.3+0.0s
[720/945]	[L1: 0.0337]	1.4+0.0s
[760/945]	[L1: 0.0335]	1.3+0.0s
[800/945]	[L1: 0.0334]	1.3+0.0s
[840/945]	[L1: 0.0334]	1.3+0.0s
[880/945]	[L1: 0.0334]	1.3+0.0s
[920/945]	[L1: 0.0335]	1.3+0.0s

Evaluation:
[UCMerced x4]	psnr: 27.278 (Best: 27.278 @epoch 11)
Total time: 1.76s

[Epoch 12]	Learning rate: 2.00e-4
[40/945]	[L1: 0.0331]	1.4+0.0s
[80/945]	[L1: 0.0343]	1.3+0.0s
[120/945]	[L1: 0.0338]	1.5+0.0s
[160/945]	[L1: 0.0339]	1.4+0.0s
[200/945]	[L1: 0.0329]	1.4+0.0s
[240/945]	[L1: 0.0329]	1.4+0.0s
[280/945]	[L1: 0.0335]	1.4+0.0s
[320/945]	[L1: 0.0335]	1.4+0.0s
[360/945]	[L1: 0.0333]	1.4+0.0s
[400/945]	[L1: 0.0332]	1.4+0.0s
[440/945]	[L1: 0.0332]	1.4+0.0s
[480/945]	[L1: 0.0333]	1.4+0.0s
[520/945]	[L1: 0.0332]	1.3+0.0s
[560/945]	[L1: 0.0334]	1.4+0.0s
[600/945]	[L1: 0.0335]	1.4+0.0s
[640/945]	[L1: 0.0334]	1.4+0.0s
[680/945]	[L1: 0.0333]	1.5+0.0s
[720/945]	[L1: 0.0333]	1.4+0.0s
[760/945]	[L1: 0.0332]	1.4+0.0s
[800/945]	[L1: 0.0333]	1.4+0.0s
[840/945]	[L1: 0.0331]	1.4+0.0s
[880/945]	[L1: 0.0333]	1.4+0.0s
[920/945]	[L1: 0.0333]	1.4+0.0s

Evaluation:
[UCMerced x4]	psnr: 27.159 (Best: 27.278 @epoch 11)
Total time: 1.75s

[Epoch 13]	Learning rate: 2.00e-4
[40/945]	[L1: 0.0339]	1.4+0.1s
[80/945]	[L1: 0.0324]	1.4+0.0s
[120/945]	[L1: 0.0337]	1.4+0.0s
[160/945]	[L1: 0.0325]	1.5+0.0s
[200/945]	[L1: 0.0323]	1.3+0.0s
[240/945]	[L1: 0.0325]	1.4+0.0s
[280/945]	[L1: 0.0323]	1.4+0.0s
[320/945]	[L1: 0.0320]	1.4+0.0s
[360/945]	[L1: 0.0320]	1.4+0.0s
[400/945]	[L1: 0.0320]	1.4+0.0s
[440/945]	[L1: 0.0322]	1.4+0.0s
[480/945]	[L1: 0.0324]	1.4+0.0s
[520/945]	[L1: 0.0324]	1.4+0.0s
[560/945]	[L1: 0.0325]	1.4+0.0s
[600/945]	[L1: 0.0328]	1.4+0.0s
[640/945]	[L1: 0.0330]	1.4+0.0s
[680/945]	[L1: 0.0330]	1.4+0.0s
[720/945]	[L1: 0.0329]	1.5+0.0s
[760/945]	[L1: 0.0332]	1.4+0.0s
[800/945]	[L1: 0.0332]	1.4+0.0s
[840/945]	[L1: 0.0331]	1.4+0.0s
[880/945]	[L1: 0.0333]	1.4+0.0s
[920/945]	[L1: 0.0333]	1.4+0.0s

Evaluation:
[UCMerced x4]	psnr: 27.267 (Best: 27.278 @epoch 11)
Total time: 1.77s

[Epoch 14]	Learning rate: 2.00e-4
[40/945]	[L1: 0.0333]	1.4+0.0s
[80/945]	[L1: 0.0324]	1.4+0.0s
[120/945]	[L1: 0.0330]	1.4+0.0s
[160/945]	[L1: 0.0322]	1.4+0.0s
[200/945]	[L1: 0.0326]	1.5+0.0s
[240/945]	[L1: 0.0325]	1.4+0.0s
[280/945]	[L1: 0.0325]	1.4+0.0s
[320/945]	[L1: 0.0329]	1.4+0.0s
[360/945]	[L1: 0.0327]	1.4+0.0s
[400/945]	[L1: 0.0329]	1.4+0.0s
[440/945]	[L1: 0.0329]	1.4+0.0s
[480/945]	[L1: 0.0325]	1.4+0.0s
[520/945]	[L1: 0.0329]	1.4+0.0s
[560/945]	[L1: 0.0327]	1.4+0.0s
[600/945]	[L1: 0.0326]	1.3+0.0s
[640/945]	[L1: 0.0326]	1.4+0.0s
[680/945]	[L1: 0.0326]	1.4+0.0s
[720/945]	[L1: 0.0327]	1.3+0.0s
[760/945]	[L1: 0.0328]	1.5+0.0s
[800/945]	[L1: 0.0329]	1.4+0.0s
[840/945]	[L1: 0.0329]	1.4+0.0s
[880/945]	[L1: 0.0329]	1.4+0.0s
[920/945]	[L1: 0.0330]	1.4+0.0s

Evaluation:
[UCMerced x4]	psnr: 27.306 (Best: 27.306 @epoch 14)
Total time: 1.78s

[Epoch 15]	Learning rate: 2.00e-4
[40/945]	[L1: 0.0344]	1.4+0.1s
[80/945]	[L1: 0.0369]	1.3+0.0s
[120/945]	[L1: 0.0343]	1.3+0.0s
[160/945]	[L1: 0.0334]	1.4+0.0s
[200/945]	[L1: 0.0331]	1.3+0.0s
[240/945]	[L1: 0.0332]	1.5+0.0s
[280/945]	[L1: 0.0331]	1.3+0.0s
[320/945]	[L1: 0.0335]	1.3+0.0s
[360/945]	[L1: 0.0343]	1.3+0.0s
[400/945]	[L1: 0.0345]	1.3+0.0s
[440/945]	[L1: 0.0342]	1.4+0.0s
[480/945]	[L1: 0.0342]	1.3+0.0s
[520/945]	[L1: 0.0342]	1.3+0.0s
[560/945]	[L1: 0.0340]	1.4+0.0s
[600/945]	[L1: 0.0337]	1.4+0.0s
[640/945]	[L1: 0.0336]	1.3+0.0s
[680/945]	[L1: 0.0335]	1.4+0.0s
[720/945]	[L1: 0.0332]	1.3+0.0s
[760/945]	[L1: 0.0331]	1.3+0.0s
[800/945]	[L1: 0.0331]	1.5+0.0s
[840/945]	[L1: 0.0332]	1.3+0.0s
[880/945]	[L1: 0.0332]	1.3+0.0s
[920/945]	[L1: 0.0331]	1.3+0.0s

Evaluation:
[UCMerced x4]	psnr: 27.359 (Best: 27.359 @epoch 15)
Total time: 1.77s

[Epoch 16]	Learning rate: 2.00e-4
[40/945]	[L1: 0.0339]	1.4+0.0s
[80/945]	[L1: 0.0343]	1.4+0.0s
[120/945]	[L1: 0.0353]	1.4+0.0s
[160/945]	[L1: 0.0341]	1.3+0.0s
[200/945]	[L1: 0.0339]	1.4+0.0s
[240/945]	[L1: 0.0332]	1.4+0.0s
[280/945]	[L1: 0.0332]	1.4+0.0s
[320/945]	[L1: 0.0331]	1.5+0.0s
[360/945]	[L1: 0.0331]	1.4+0.0s
[400/945]	[L1: 0.0331]	1.3+0.0s
[440/945]	[L1: 0.0329]	1.4+0.0s
[480/945]	[L1: 0.0331]	1.3+0.0s
[520/945]	[L1: 0.0333]	1.4+0.0s
[560/945]	[L1: 0.0332]	1.4+0.0s
[600/945]	[L1: 0.0333]	1.4+0.0s
[640/945]	[L1: 0.0333]	1.4+0.0s
[680/945]	[L1: 0.0332]	1.4+0.0s
[720/945]	[L1: 0.0333]	1.4+0.0s
[760/945]	[L1: 0.0334]	1.3+0.0s
[800/945]	[L1: 0.0332]	1.3+0.1s
[840/945]	[L1: 0.0331]	1.3+0.1s
[880/945]	[L1: 0.0331]	1.4+0.1s
[920/945]	[L1: 0.0330]	1.3+0.1s

Evaluation:
[UCMerced x4]	psnr: 27.321 (Best: 27.359 @epoch 15)
Total time: 1.77s

[Epoch 17]	Learning rate: 2.00e-4
[40/945]	[L1: 0.0296]	1.3+0.1s
[80/945]	[L1: 0.0306]	1.3+0.0s
[120/945]	[L1: 0.0311]	1.4+0.0s
[160/945]	[L1: 0.0316]	1.3+0.0s
[200/945]	[L1: 0.0314]	1.3+0.0s
[240/945]	[L1: 0.0319]	1.3+0.0s
[280/945]	[L1: 0.0318]	1.4+0.0s
[320/945]	[L1: 0.0318]	1.4+0.0s
[360/945]	[L1: 0.0319]	1.5+0.0s
[400/945]	[L1: 0.0321]	1.4+0.0s
[440/945]	[L1: 0.0321]	1.4+0.0s
[480/945]	[L1: 0.0323]	1.4+0.0s
[520/945]	[L1: 0.0326]	1.4+0.0s
[560/945]	[L1: 0.0327]	1.4+0.0s
[600/945]	[L1: 0.0326]	1.4+0.0s
[640/945]	[L1: 0.0328]	1.4+0.0s
[680/945]	[L1: 0.0327]	1.4+0.0s
[720/945]	[L1: 0.0328]	1.3+0.0s
[760/945]	[L1: 0.0328]	1.4+0.0s
[800/945]	[L1: 0.0328]	1.6+0.0s
[840/945]	[L1: 0.0328]	1.5+0.0s
[880/945]	[L1: 0.0328]	1.5+0.0s
[920/945]	[L1: 0.0329]	1.6+0.0s

Evaluation:
[UCMerced x4]	psnr: 27.334 (Best: 27.359 @epoch 15)
Total time: 1.72s

[Epoch 18]	Learning rate: 2.00e-4
[40/945]	[L1: 0.0354]	1.3+0.1s
[80/945]	[L1: 0.0325]	1.3+0.1s
[120/945]	[L1: 0.0328]	1.3+0.1s
[160/945]	[L1: 0.0334]	1.3+0.1s
[200/945]	[L1: 0.0328]	1.3+0.1s
[240/945]	[L1: 0.0328]	1.3+0.1s
[280/945]	[L1: 0.0330]	1.3+0.1s
[320/945]	[L1: 0.0329]	1.3+0.1s
[360/945]	[L1: 0.0330]	1.3+0.1s
[400/945]	[L1: 0.0328]	1.4+0.1s
[440/945]	[L1: 0.0333]	1.3+0.1s
[480/945]	[L1: 0.0331]	1.4+0.0s
[520/945]	[L1: 0.0330]	1.4+0.0s
[560/945]	[L1: 0.0330]	1.4+0.0s
[600/945]	[L1: 0.0329]	1.4+0.0s
[640/945]	[L1: 0.0330]	1.4+0.0s
[680/945]	[L1: 0.0327]	1.3+0.0s
[720/945]	[L1: 0.0327]	1.4+0.0s
[760/945]	[L1: 0.0326]	1.4+0.0s
[800/945]	[L1: 0.0326]	1.4+0.0s
[840/945]	[L1: 0.0326]	1.3+0.0s
[880/945]	[L1: 0.0326]	1.4+0.0s
[920/945]	[L1: 0.0327]	1.3+0.1s

Evaluation:
[UCMerced x4]	psnr: 27.395 (Best: 27.395 @epoch 18)
Total time: 1.82s

[Epoch 19]	Learning rate: 2.00e-4
[40/945]	[L1: 0.0315]	1.4+0.1s
[80/945]	[L1: 0.0307]	1.3+0.1s
[120/945]	[L1: 0.0323]	1.3+0.1s
[160/945]	[L1: 0.0324]	1.3+0.1s
[200/945]	[L1: 0.0323]	1.3+0.1s
[240/945]	[L1: 0.0319]	1.3+0.1s
[280/945]	[L1: 0.0321]	1.3+0.1s
[320/945]	[L1: 0.0323]	1.3+0.1s
[360/945]	[L1: 0.0326]	1.3+0.1s
[400/945]	[L1: 0.0332]	1.3+0.1s
[440/945]	[L1: 0.0332]	1.3+0.1s
[480/945]	[L1: 0.0332]	1.5+0.1s
[520/945]	[L1: 0.0333]	1.3+0.1s
[560/945]	[L1: 0.0331]	1.3+0.1s
[600/945]	[L1: 0.0331]	1.3+0.0s
[640/945]	[L1: 0.0328]	1.3+0.1s
[680/945]	[L1: 0.0325]	1.3+0.1s
[720/945]	[L1: 0.0323]	1.3+0.1s
[760/945]	[L1: 0.0325]	1.3+0.1s
[800/945]	[L1: 0.0325]	1.3+0.1s
[840/945]	[L1: 0.0326]	1.3+0.1s
[880/945]	[L1: 0.0327]	1.3+0.1s
[920/945]	[L1: 0.0326]	1.3+0.1s

Evaluation:
[UCMerced x4]	psnr: 27.286 (Best: 27.395 @epoch 18)
Total time: 1.82s

[Epoch 20]	Learning rate: 2.00e-4
[40/945]	[L1: 0.0334]	1.4+0.1s
[80/945]	[L1: 0.0310]	1.3+0.1s
[120/945]	[L1: 0.0317]	1.3+0.0s
[160/945]	[L1: 0.0329]	1.3+0.1s
[200/945]	[L1: 0.0327]	1.3+0.1s
[240/945]	[L1: 0.0331]	1.3+0.1s
[280/945]	[L1: 0.0329]	1.3+0.1s
[320/945]	[L1: 0.0326]	1.3+0.1s
[360/945]	[L1: 0.0326]	1.3+0.1s
[400/945]	[L1: 0.0329]	1.3+0.1s
[440/945]	[L1: 0.0331]	1.3+0.1s
[480/945]	[L1: 0.0332]	1.3+0.1s
[520/945]	[L1: 0.0332]	1.3+0.1s
[560/945]	[L1: 0.0332]	1.5+0.0s
[600/945]	[L1: 0.0332]	1.2+0.1s
[640/945]	[L1: 0.0333]	1.2+0.1s
[680/945]	[L1: 0.0335]	1.2+0.1s
[720/945]	[L1: 0.0333]	1.2+0.1s
[760/945]	[L1: 0.0331]	1.2+0.1s
[800/945]	[L1: 0.0329]	1.3+0.1s
[840/945]	[L1: 0.0329]	1.3+0.1s
[880/945]	[L1: 0.0328]	1.3+0.1s
[920/945]	[L1: 0.0327]	1.3+0.1s

Evaluation:
[UCMerced x4]	psnr: 27.394 (Best: 27.395 @epoch 18)
Total time: 1.79s

[Epoch 21]	Learning rate: 2.00e-4
[40/945]	[L1: 0.0394]	1.3+0.1s
[80/945]	[L1: 0.0359]	1.4+0.1s
[120/945]	[L1: 0.0349]	1.3+0.1s
[160/945]	[L1: 0.0334]	1.3+0.1s
[200/945]	[L1: 0.0333]	1.3+0.1s
[240/945]	[L1: 0.0333]	1.3+0.1s
[280/945]	[L1: 0.0329]	1.3+0.1s
[320/945]	[L1: 0.0329]	1.3+0.1s
[360/945]	[L1: 0.0329]	1.3+0.1s
[400/945]	[L1: 0.0331]	1.3+0.1s
[440/945]	[L1: 0.0328]	1.3+0.1s
[480/945]	[L1: 0.0329]	1.3+0.1s
[520/945]	[L1: 0.0330]	1.3+0.1s
[560/945]	[L1: 0.0331]	1.3+0.1s
[600/945]	[L1: 0.0328]	1.3+0.1s
[640/945]	[L1: 0.0328]	1.4+0.1s
[680/945]	[L1: 0.0326]	1.3+0.1s
[720/945]	[L1: 0.0327]	1.3+0.1s
[760/945]	[L1: 0.0325]	1.3+0.1s
[800/945]	[L1: 0.0326]	1.3+0.1s
[840/945]	[L1: 0.0326]	1.3+0.1s
[880/945]	[L1: 0.0326]	1.3+0.1s
[920/945]	[L1: 0.0326]	1.3+0.1s

Evaluation:
[UCMerced x4]	psnr: 27.380 (Best: 27.395 @epoch 18)
Total time: 1.81s

[Epoch 22]	Learning rate: 2.00e-4
[40/945]	[L1: 0.0318]	1.3+0.1s
[80/945]	[L1: 0.0349]	1.3+0.1s
[120/945]	[L1: 0.0347]	1.4+0.1s
[160/945]	[L1: 0.0335]	1.3+0.1s
[200/945]	[L1: 0.0336]	1.3+0.1s
[240/945]	[L1: 0.0329]	1.3+0.1s
[280/945]	[L1: 0.0328]	1.3+0.1s
[320/945]	[L1: 0.0327]	1.3+0.1s
[360/945]	[L1: 0.0323]	1.3+0.1s
[400/945]	[L1: 0.0323]	1.3+0.1s
[440/945]	[L1: 0.0325]	1.3+0.1s
[480/945]	[L1: 0.0327]	1.3+0.1s
[520/945]	[L1: 0.0325]	1.3+0.1s
[560/945]	[L1: 0.0323]	1.3+0.1s
[600/945]	[L1: 0.0324]	1.3+0.1s
[640/945]	[L1: 0.0323]	1.3+0.1s
[680/945]	[L1: 0.0322]	1.4+0.1s
[720/945]	[L1: 0.0322]	1.3+0.1s
[760/945]	[L1: 0.0325]	1.3+0.1s
[800/945]	[L1: 0.0325]	1.3+0.1s
[840/945]	[L1: 0.0326]	1.3+0.1s
[880/945]	[L1: 0.0325]	1.2+0.1s
[920/945]	[L1: 0.0326]	1.2+0.1s

Evaluation:
[UCMerced x4]	psnr: 27.418 (Best: 27.418 @epoch 22)
Total time: 1.80s

[Epoch 23]	Learning rate: 2.00e-4
[40/945]	[L1: 0.0363]	1.3+0.1s
[80/945]	[L1: 0.0345]	1.3+0.1s
[120/945]	[L1: 0.0333]	1.4+0.1s
[160/945]	[L1: 0.0335]	1.3+0.1s
[200/945]	[L1: 0.0330]	1.3+0.1s
[240/945]	[L1: 0.0329]	1.3+0.1s
[280/945]	[L1: 0.0327]	1.3+0.1s
[320/945]	[L1: 0.0329]	1.3+0.1s
[360/945]	[L1: 0.0330]	1.3+0.1s
[400/945]	[L1: 0.0333]	1.3+0.1s
[440/945]	[L1: 0.0329]	1.3+0.1s
[480/945]	[L1: 0.0330]	1.3+0.1s
[520/945]	[L1: 0.0330]	1.3+0.1s
[560/945]	[L1: 0.0331]	1.3+0.1s
[600/945]	[L1: 0.0328]	1.3+0.1s
[640/945]	[L1: 0.0328]	1.3+0.1s
[680/945]	[L1: 0.0330]	1.4+0.1s
[720/945]	[L1: 0.0327]	1.3+0.1s
[760/945]	[L1: 0.0329]	1.3+0.1s
[800/945]	[L1: 0.0328]	1.3+0.1s
[840/945]	[L1: 0.0327]	1.3+0.1s
[880/945]	[L1: 0.0327]	1.3+0.1s
[920/945]	[L1: 0.0326]	1.3+0.1s

Evaluation:
[UCMerced x4]	psnr: 27.434 (Best: 27.434 @epoch 23)
Total time: 1.81s

[Epoch 24]	Learning rate: 2.00e-4
[40/945]	[L1: 0.0329]	1.3+0.1s
[80/945]	[L1: 0.0343]	1.3+0.1s
[120/945]	[L1: 0.0341]	1.3+0.1s
[160/945]	[L1: 0.0336]	1.3+0.1s
[200/945]	[L1: 0.0330]	1.5+0.1s
[240/945]	[L1: 0.0329]	1.3+0.1s
[280/945]	[L1: 0.0325]	1.3+0.1s
[320/945]	[L1: 0.0327]	1.3+0.1s
[360/945]	[L1: 0.0325]	1.3+0.1s
[400/945]	[L1: 0.0329]	1.3+0.1s
[440/945]	[L1: 0.0329]	1.3+0.1s
[480/945]	[L1: 0.0330]	1.3+0.1s
[520/945]	[L1: 0.0328]	1.3+0.1s
[560/945]	[L1: 0.0328]	1.3+0.1s
[600/945]	[L1: 0.0326]	1.3+0.1s
[640/945]	[L1: 0.0328]	1.3+0.1s
[680/945]	[L1: 0.0329]	1.3+0.1s
[720/945]	[L1: 0.0328]	1.3+0.1s
[760/945]	[L1: 0.0328]	1.4+0.1s
[800/945]	[L1: 0.0328]	1.3+0.1s
[840/945]	[L1: 0.0327]	1.3+0.1s
[880/945]	[L1: 0.0325]	1.3+0.1s
[920/945]	[L1: 0.0326]	1.3+0.1s

Evaluation:
[UCMerced x4]	psnr: 27.482 (Best: 27.482 @epoch 24)
Total time: 1.81s

[Epoch 25]	Learning rate: 2.00e-4
[40/945]	[L1: 0.0348]	1.3+0.1s
[80/945]	[L1: 0.0336]	1.3+0.1s
[120/945]	[L1: 0.0320]	1.3+0.1s
[160/945]	[L1: 0.0314]	1.3+0.1s
[200/945]	[L1: 0.0321]	1.3+0.1s
[240/945]	[L1: 0.0321]	1.4+0.1s
[280/945]	[L1: 0.0318]	1.3+0.1s
[320/945]	[L1: 0.0322]	1.3+0.1s
[360/945]	[L1: 0.0319]	1.3+0.1s
[400/945]	[L1: 0.0321]	1.3+0.1s
[440/945]	[L1: 0.0322]	1.3+0.1s
[480/945]	[L1: 0.0324]	1.3+0.1s
[520/945]	[L1: 0.0325]	1.3+0.1s
[560/945]	[L1: 0.0323]	1.3+0.1s
[600/945]	[L1: 0.0321]	1.3+0.1s
[640/945]	[L1: 0.0320]	1.3+0.1s
[680/945]	[L1: 0.0321]	1.3+0.1s
[720/945]	[L1: 0.0320]	1.3+0.1s
[760/945]	[L1: 0.0322]	1.3+0.1s
[800/945]	[L1: 0.0322]	1.4+0.1s
[840/945]	[L1: 0.0321]	1.3+0.1s
[880/945]	[L1: 0.0322]	1.3+0.1s
[920/945]	[L1: 0.0324]	1.3+0.1s

Evaluation:
[UCMerced x4]	psnr: 27.458 (Best: 27.482 @epoch 24)
Total time: 1.79s

[Epoch 26]	Learning rate: 2.00e-4
[40/945]	[L1: 0.0305]	1.3+0.1s
[80/945]	[L1: 0.0334]	1.3+0.1s
[120/945]	[L1: 0.0329]	1.3+0.1s
[160/945]	[L1: 0.0338]	1.3+0.1s
[200/945]	[L1: 0.0338]	1.3+0.1s
[240/945]	[L1: 0.0343]	1.3+0.1s
[280/945]	[L1: 0.0341]	1.4+0.1s
[320/945]	[L1: 0.0340]	1.3+0.1s
[360/945]	[L1: 0.0339]	1.3+0.1s
[400/945]	[L1: 0.0339]	1.3+0.1s
[440/945]	[L1: 0.0338]	1.3+0.1s
[480/945]	[L1: 0.0335]	1.3+0.1s
[520/945]	[L1: 0.0330]	1.3+0.1s
[560/945]	[L1: 0.0330]	1.3+0.1s
[600/945]	[L1: 0.0329]	1.3+0.1s
[640/945]	[L1: 0.0330]	1.3+0.1s
[680/945]	[L1: 0.0330]	1.3+0.1s
[720/945]	[L1: 0.0328]	1.3+0.1s
[760/945]	[L1: 0.0327]	1.3+0.1s
[800/945]	[L1: 0.0326]	1.3+0.1s
[840/945]	[L1: 0.0326]	1.5+0.1s
[880/945]	[L1: 0.0324]	1.3+0.1s
[920/945]	[L1: 0.0323]	1.3+0.1s

Evaluation:
[UCMerced x4]	psnr: 27.490 (Best: 27.490 @epoch 26)
Total time: 1.81s

[Epoch 27]	Learning rate: 2.00e-4
[40/945]	[L1: 0.0343]	1.2+0.1s
[80/945]	[L1: 0.0338]	1.2+0.1s
[120/945]	[L1: 0.0326]	1.2+0.1s
[160/945]	[L1: 0.0320]	1.2+0.1s
[200/945]	[L1: 0.0326]	1.2+0.1s
[240/945]	[L1: 0.0322]	1.2+0.1s
[280/945]	[L1: 0.0322]	1.2+0.1s
[320/945]	[L1: 0.0322]	1.3+0.1s
[360/945]	[L1: 0.0322]	1.2+0.1s
[400/945]	[L1: 0.0323]	1.2+0.1s
[440/945]	[L1: 0.0322]	1.2+0.1s
[480/945]	[L1: 0.0322]	1.2+0.1s
[520/945]	[L1: 0.0322]	1.2+0.1s
[560/945]	[L1: 0.0322]	1.2+0.1s
[600/945]	[L1: 0.0320]	1.2+0.1s
[640/945]	[L1: 0.0321]	1.2+0.1s
[680/945]	[L1: 0.0321]	1.2+0.1s
[720/945]	[L1: 0.0321]	1.3+0.1s
[760/945]	[L1: 0.0320]	1.3+0.1s
[800/945]	[L1: 0.0319]	1.3+0.1s
[840/945]	[L1: 0.0322]	1.3+0.1s
[880/945]	[L1: 0.0322]	1.4+0.1s
[920/945]	[L1: 0.0322]	1.3+0.1s

Evaluation:
[UCMerced x4]	psnr: 27.524 (Best: 27.524 @epoch 27)
Total time: 1.80s

[Epoch 28]	Learning rate: 2.00e-4
[40/945]	[L1: 0.0333]	1.3+0.1s
[80/945]	[L1: 0.0333]	1.3+0.1s
[120/945]	[L1: 0.0336]	1.3+0.1s
[160/945]	[L1: 0.0337]	1.3+0.1s
[200/945]	[L1: 0.0335]	1.3+0.1s
[240/945]	[L1: 0.0335]	1.3+0.1s
[280/945]	[L1: 0.0328]	1.3+0.1s
[320/945]	[L1: 0.0329]	1.3+0.1s
[360/945]	[L1: 0.0328]	1.3+0.1s
[400/945]	[L1: 0.0331]	1.4+0.1s
[440/945]	[L1: 0.0328]	1.3+0.1s
[480/945]	[L1: 0.0328]	1.3+0.1s
[520/945]	[L1: 0.0329]	1.3+0.1s
[560/945]	[L1: 0.0328]	1.3+0.1s
[600/945]	[L1: 0.0327]	1.3+0.1s
[640/945]	[L1: 0.0326]	1.3+0.1s
[680/945]	[L1: 0.0324]	1.3+0.1s
[720/945]	[L1: 0.0323]	1.3+0.1s
[760/945]	[L1: 0.0324]	1.3+0.1s
[800/945]	[L1: 0.0324]	1.3+0.1s
[840/945]	[L1: 0.0324]	1.3+0.1s
[880/945]	[L1: 0.0322]	1.3+0.1s
[920/945]	[L1: 0.0322]	1.3+0.1s

Evaluation:
[UCMerced x4]	psnr: 27.487 (Best: 27.524 @epoch 27)
Total time: 1.80s

[Epoch 29]	Learning rate: 2.00e-4
[40/945]	[L1: 0.0313]	1.3+0.1s
[80/945]	[L1: 0.0312]	1.3+0.1s
[120/945]	[L1: 0.0313]	1.3+0.1s
[160/945]	[L1: 0.0321]	1.3+0.1s
[200/945]	[L1: 0.0330]	1.3+0.1s
[240/945]	[L1: 0.0332]	1.3+0.1s
[280/945]	[L1: 0.0334]	1.3+0.1s
[320/945]	[L1: 0.0332]	1.3+0.1s
[360/945]	[L1: 0.0333]	1.3+0.1s
[400/945]	[L1: 0.0329]	1.3+0.1s
[440/945]	[L1: 0.0325]	1.4+0.1s
[480/945]	[L1: 0.0322]	1.3+0.1s
[520/945]	[L1: 0.0324]	1.3+0.1s
[560/945]	[L1: 0.0321]	1.3+0.1s
[600/945]	[L1: 0.0320]	1.3+0.1s
[640/945]	[L1: 0.0320]	1.3+0.1s
[680/945]	[L1: 0.0321]	1.3+0.1s
[720/945]	[L1: 0.0321]	1.3+0.1s
[760/945]	[L1: 0.0321]	1.3+0.1s
[800/945]	[L1: 0.0320]	1.3+0.1s
[840/945]	[L1: 0.0321]	1.3+0.1s
[880/945]	[L1: 0.0322]	1.3+0.1s
[920/945]	[L1: 0.0321]	1.3+0.1s

Evaluation:
[UCMerced x4]	psnr: 27.483 (Best: 27.524 @epoch 27)
Total time: 1.81s

[Epoch 30]	Learning rate: 2.00e-4
[40/945]	[L1: 0.0294]	1.3+0.1s
[80/945]	[L1: 0.0302]	1.3+0.1s
[120/945]	[L1: 0.0307]	1.3+0.1s
[160/945]	[L1: 0.0313]	1.3+0.1s
[200/945]	[L1: 0.0320]	1.3+0.1s
[240/945]	[L1: 0.0324]	1.3+0.1s
[280/945]	[L1: 0.0318]	1.3+0.1s
[320/945]	[L1: 0.0320]	1.3+0.1s
[360/945]	[L1: 0.0325]	1.3+0.1s
[400/945]	[L1: 0.0325]	1.3+0.1s
[440/945]	[L1: 0.0323]	1.3+0.1s
[480/945]	[L1: 0.0324]	1.4+0.1s
[520/945]	[L1: 0.0323]	1.3+0.1s
[560/945]	[L1: 0.0325]	1.3+0.1s
[600/945]	[L1: 0.0324]	1.3+0.1s
[640/945]	[L1: 0.0326]	1.3+0.1s
[680/945]	[L1: 0.0324]	1.3+0.1s
[720/945]	[L1: 0.0323]	1.3+0.1s
[760/945]	[L1: 0.0321]	1.3+0.1s
[800/945]	[L1: 0.0321]	1.3+0.1s
[840/945]	[L1: 0.0320]	1.3+0.1s
[880/945]	[L1: 0.0320]	1.3+0.1s
[920/945]	[L1: 0.0320]	1.3+0.1s

Evaluation:
[UCMerced x4]	psnr: 27.503 (Best: 27.524 @epoch 27)
Total time: 1.80s

[Epoch 31]	Learning rate: 2.00e-4
[40/945]	[L1: 0.0337]	1.4+0.1s
[80/945]	[L1: 0.0321]	1.3+0.1s
[120/945]	[L1: 0.0317]	1.3+0.1s
[160/945]	[L1: 0.0328]	1.3+0.1s
[200/945]	[L1: 0.0325]	1.3+0.1s
[240/945]	[L1: 0.0317]	1.3+0.1s
[280/945]	[L1: 0.0314]	1.3+0.1s
[320/945]	[L1: 0.0316]	1.3+0.1s
[360/945]	[L1: 0.0318]	1.3+0.1s
[400/945]	[L1: 0.0322]	1.3+0.1s
[440/945]	[L1: 0.0318]	1.3+0.1s
[480/945]	[L1: 0.0319]	1.3+0.1s
[520/945]	[L1: 0.0319]	1.3+0.1s
[560/945]	[L1: 0.0319]	1.4+0.1s
[600/945]	[L1: 0.0321]	1.3+0.1s
[640/945]	[L1: 0.0321]	1.3+0.1s
[680/945]	[L1: 0.0320]	1.3+0.1s
[720/945]	[L1: 0.0321]	1.3+0.1s
[760/945]	[L1: 0.0321]	1.3+0.1s
[800/945]	[L1: 0.0319]	1.3+0.1s
[840/945]	[L1: 0.0321]	1.3+0.1s
[880/945]	[L1: 0.0320]	1.3+0.1s
[920/945]	[L1: 0.0321]	1.3+0.1s

Evaluation:
[UCMerced x4]	psnr: 27.547 (Best: 27.547 @epoch 31)
Total time: 1.80s

[Epoch 32]	Learning rate: 2.00e-4
[40/945]	[L1: 0.0297]	1.5+0.1s
[80/945]	[L1: 0.0317]	1.3+0.1s
[120/945]	[L1: 0.0319]	1.3+0.1s
[160/945]	[L1: 0.0324]	1.3+0.1s
[200/945]	[L1: 0.0324]	1.3+0.1s
[240/945]	[L1: 0.0323]	1.3+0.1s
[280/945]	[L1: 0.0322]	1.3+0.1s
[320/945]	[L1: 0.0328]	1.3+0.1s
[360/945]	[L1: 0.0328]	1.3+0.1s
[400/945]	[L1: 0.0331]	1.3+0.1s
[440/945]	[L1: 0.0329]	1.3+0.1s
[480/945]	[L1: 0.0329]	1.3+0.1s
[520/945]	[L1: 0.0328]	1.3+0.1s
[560/945]	[L1: 0.0326]	1.3+0.1s
[600/945]	[L1: 0.0323]	1.3+0.1s
[640/945]	[L1: 0.0323]	1.4+0.1s
[680/945]	[L1: 0.0322]	1.3+0.1s
[720/945]	[L1: 0.0325]	1.3+0.1s
[760/945]	[L1: 0.0325]	1.3+0.1s
[800/945]	[L1: 0.0324]	1.3+0.1s
[840/945]	[L1: 0.0322]	1.3+0.1s
[880/945]	[L1: 0.0321]	1.3+0.1s
[920/945]	[L1: 0.0319]	1.3+0.1s

Evaluation:
[UCMerced x4]	psnr: 27.534 (Best: 27.547 @epoch 31)
Total time: 1.80s

[Epoch 33]	Learning rate: 2.00e-4
[40/945]	[L1: 0.0317]	1.3+0.1s
[80/945]	[L1: 0.0310]	1.3+0.1s
[120/945]	[L1: 0.0320]	1.4+0.1s
[160/945]	[L1: 0.0331]	1.3+0.1s
[200/945]	[L1: 0.0333]	1.3+0.1s
[240/945]	[L1: 0.0325]	1.3+0.1s
[280/945]	[L1: 0.0321]	1.3+0.1s
[320/945]	[L1: 0.0322]	1.3+0.1s
[360/945]	[L1: 0.0315]	1.3+0.1s
[400/945]	[L1: 0.0316]	1.3+0.1s
[440/945]	[L1: 0.0319]	1.3+0.1s
[480/945]	[L1: 0.0319]	1.3+0.1s
[520/945]	[L1: 0.0322]	1.3+0.1s
[560/945]	[L1: 0.0324]	1.3+0.1s
[600/945]	[L1: 0.0323]	1.3+0.1s
[640/945]	[L1: 0.0322]	1.3+0.1s
[680/945]	[L1: 0.0320]	1.4+0.1s
[720/945]	[L1: 0.0319]	1.3+0.1s
[760/945]	[L1: 0.0318]	1.3+0.1s
[800/945]	[L1: 0.0316]	1.3+0.1s
[840/945]	[L1: 0.0318]	1.3+0.1s
[880/945]	[L1: 0.0317]	1.3+0.1s
[920/945]	[L1: 0.0317]	1.3+0.1s

Evaluation:
[UCMerced x4]	psnr: 27.555 (Best: 27.555 @epoch 33)
Total time: 1.80s

[Epoch 34]	Learning rate: 2.00e-4
[40/945]	[L1: 0.0294]	1.3+0.1s
[80/945]	[L1: 0.0311]	1.3+0.1s
[120/945]	[L1: 0.0322]	1.3+0.1s
[160/945]	[L1: 0.0329]	1.4+0.1s
[200/945]	[L1: 0.0323]	1.3+0.1s
[240/945]	[L1: 0.0320]	1.3+0.1s
[280/945]	[L1: 0.0324]	1.3+0.1s
[320/945]	[L1: 0.0325]	1.3+0.1s
[360/945]	[L1: 0.0323]	1.3+0.1s
[400/945]	[L1: 0.0325]	1.3+0.1s
[440/945]	[L1: 0.0324]	1.3+0.1s
[480/945]	[L1: 0.0325]	1.3+0.1s
[520/945]	[L1: 0.0326]	1.3+0.1s
[560/945]	[L1: 0.0324]	1.3+0.1s
[600/945]	[L1: 0.0322]	1.3+0.1s
[640/945]	[L1: 0.0325]	1.3+0.1s
[680/945]	[L1: 0.0324]	1.3+0.1s
[720/945]	[L1: 0.0325]	1.4+0.1s
[760/945]	[L1: 0.0324]	1.3+0.1s
[800/945]	[L1: 0.0323]	1.3+0.1s
[840/945]	[L1: 0.0323]	1.3+0.1s
[880/945]	[L1: 0.0322]	1.3+0.1s
[920/945]	[L1: 0.0320]	1.3+0.1s

Evaluation:
[UCMerced x4]	psnr: 27.563 (Best: 27.563 @epoch 34)
Total time: 1.80s

[Epoch 35]	Learning rate: 2.00e-4
[40/945]	[L1: 0.0301]	1.3+0.1s
[80/945]	[L1: 0.0309]	1.3+0.1s
[120/945]	[L1: 0.0312]	1.3+0.1s
[160/945]	[L1: 0.0313]	1.3+0.1s
[200/945]	[L1: 0.0326]	1.4+0.1s
[240/945]	[L1: 0.0321]	1.3+0.1s
[280/945]	[L1: 0.0318]	1.3+0.1s
[320/945]	[L1: 0.0317]	1.3+0.1s
[360/945]	[L1: 0.0317]	1.3+0.1s
[400/945]	[L1: 0.0318]	1.3+0.1s
[440/945]	[L1: 0.0315]	1.3+0.1s
[480/945]	[L1: 0.0316]	1.3+0.1s
[520/945]	[L1: 0.0317]	1.3+0.1s
[560/945]	[L1: 0.0315]	1.3+0.1s
[600/945]	[L1: 0.0317]	1.3+0.1s
[640/945]	[L1: 0.0316]	1.3+0.1s
[680/945]	[L1: 0.0319]	1.3+0.1s
[720/945]	[L1: 0.0319]	1.3+0.1s
[760/945]	[L1: 0.0320]	1.3+0.1s
[800/945]	[L1: 0.0318]	1.4+0.1s
[840/945]	[L1: 0.0316]	1.3+0.1s
[880/945]	[L1: 0.0316]	1.3+0.1s
[920/945]	[L1: 0.0317]	1.3+0.1s

Evaluation:
[UCMerced x4]	psnr: 27.591 (Best: 27.591 @epoch 35)
Total time: 1.80s

[Epoch 36]	Learning rate: 2.00e-4
[40/945]	[L1: 0.0321]	1.3+0.1s
[80/945]	[L1: 0.0327]	1.3+0.1s
[120/945]	[L1: 0.0322]	1.3+0.1s
[160/945]	[L1: 0.0323]	1.3+0.1s
[200/945]	[L1: 0.0326]	1.3+0.1s
[240/945]	[L1: 0.0327]	1.3+0.1s
[280/945]	[L1: 0.0326]	1.4+0.1s
[320/945]	[L1: 0.0328]	1.3+0.1s
[360/945]	[L1: 0.0327]	1.3+0.1s
[400/945]	[L1: 0.0323]	1.3+0.1s
[440/945]	[L1: 0.0325]	1.3+0.1s
[480/945]	[L1: 0.0325]	1.3+0.1s
[520/945]	[L1: 0.0322]	1.3+0.1s
[560/945]	[L1: 0.0321]	1.3+0.1s
[600/945]	[L1: 0.0319]	1.3+0.1s
[640/945]	[L1: 0.0320]	1.3+0.1s
[680/945]	[L1: 0.0320]	1.3+0.1s
[720/945]	[L1: 0.0321]	1.3+0.1s
[760/945]	[L1: 0.0319]	1.3+0.1s
[800/945]	[L1: 0.0316]	1.3+0.1s
[840/945]	[L1: 0.0316]	1.4+0.1s
[880/945]	[L1: 0.0315]	1.3+0.1s
[920/945]	[L1: 0.0317]	1.3+0.1s

Evaluation:
[UCMerced x4]	psnr: 27.558 (Best: 27.591 @epoch 35)
Total time: 1.79s

[Epoch 37]	Learning rate: 2.00e-4
[40/945]	[L1: 0.0311]	1.3+0.1s
[80/945]	[L1: 0.0312]	1.3+0.1s
[120/945]	[L1: 0.0313]	1.3+0.1s
[160/945]	[L1: 0.0325]	1.3+0.1s
[200/945]	[L1: 0.0324]	1.3+0.1s
[240/945]	[L1: 0.0316]	1.3+0.1s
[280/945]	[L1: 0.0321]	1.3+0.1s
[320/945]	[L1: 0.0317]	1.4+0.1s
[360/945]	[L1: 0.0313]	1.3+0.1s
[400/945]	[L1: 0.0312]	1.3+0.1s
[440/945]	[L1: 0.0314]	1.3+0.1s
[480/945]	[L1: 0.0314]	1.3+0.1s
[520/945]	[L1: 0.0315]	1.3+0.1s
[560/945]	[L1: 0.0317]	1.3+0.1s
[600/945]	[L1: 0.0314]	1.3+0.1s
[640/945]	[L1: 0.0314]	1.3+0.1s
[680/945]	[L1: 0.0317]	1.3+0.1s
[720/945]	[L1: 0.0316]	1.3+0.1s
[760/945]	[L1: 0.0317]	1.3+0.1s
[800/945]	[L1: 0.0316]	1.3+0.1s
[840/945]	[L1: 0.0316]	1.3+0.1s
[880/945]	[L1: 0.0316]	1.4+0.1s
[920/945]	[L1: 0.0317]	1.3+0.1s

Evaluation:
[UCMerced x4]	psnr: 27.587 (Best: 27.591 @epoch 35)
Total time: 1.80s

[Epoch 38]	Learning rate: 2.00e-4
[40/945]	[L1: 0.0350]	1.3+0.1s
[80/945]	[L1: 0.0315]	1.3+0.1s
[120/945]	[L1: 0.0310]	1.3+0.1s
[160/945]	[L1: 0.0311]	1.3+0.1s
[200/945]	[L1: 0.0317]	1.3+0.1s
[240/945]	[L1: 0.0317]	1.3+0.1s
[280/945]	[L1: 0.0317]	1.3+0.1s
[320/945]	[L1: 0.0315]	1.3+0.1s
[360/945]	[L1: 0.0317]	1.3+0.1s
[400/945]	[L1: 0.0317]	1.4+0.1s
[440/945]	[L1: 0.0315]	1.3+0.1s
[480/945]	[L1: 0.0318]	1.3+0.1s
[520/945]	[L1: 0.0317]	1.3+0.1s
[560/945]	[L1: 0.0318]	1.3+0.1s
[600/945]	[L1: 0.0316]	1.3+0.1s
[640/945]	[L1: 0.0316]	1.3+0.1s
[680/945]	[L1: 0.0319]	1.3+0.1s
[720/945]	[L1: 0.0319]	1.3+0.1s
[760/945]	[L1: 0.0318]	1.3+0.1s
[800/945]	[L1: 0.0319]	1.3+0.1s
[840/945]	[L1: 0.0320]	1.3+0.1s
[880/945]	[L1: 0.0320]	1.3+0.1s
[920/945]	[L1: 0.0318]	1.3+0.1s

Evaluation:
[UCMerced x4]	psnr: 27.588 (Best: 27.591 @epoch 35)
Total time: 1.78s

[Epoch 39]	Learning rate: 2.00e-4
[40/945]	[L1: 0.0286]	1.3+0.1s
[80/945]	[L1: 0.0294]	1.3+0.1s
[120/945]	[L1: 0.0306]	1.3+0.1s
[160/945]	[L1: 0.0313]	1.3+0.1s
[200/945]	[L1: 0.0315]	1.3+0.1s
[240/945]	[L1: 0.0317]	1.3+0.1s
[280/945]	[L1: 0.0321]	1.3+0.1s
[320/945]	[L1: 0.0321]	1.3+0.1s
[360/945]	[L1: 0.0320]	1.3+0.1s
[400/945]	[L1: 0.0317]	1.3+0.1s
[440/945]	[L1: 0.0317]	1.4+0.1s
[480/945]	[L1: 0.0316]	1.3+0.1s
[520/945]	[L1: 0.0318]	1.3+0.1s
[560/945]	[L1: 0.0318]	1.3+0.1s
[600/945]	[L1: 0.0317]	1.3+0.1s
[640/945]	[L1: 0.0318]	1.3+0.1s
[680/945]	[L1: 0.0318]	1.3+0.1s
[720/945]	[L1: 0.0316]	1.3+0.1s
[760/945]	[L1: 0.0315]	1.3+0.1s
[800/945]	[L1: 0.0315]	1.3+0.1s
[840/945]	[L1: 0.0315]	1.3+0.1s
[880/945]	[L1: 0.0315]	1.3+0.1s
[920/945]	[L1: 0.0314]	1.3+0.1s

Evaluation:
[UCMerced x4]	psnr: 27.572 (Best: 27.591 @epoch 35)
Total time: 1.82s

[Epoch 40]	Learning rate: 2.00e-4
[40/945]	[L1: 0.0320]	1.3+0.1s
[80/945]	[L1: 0.0312]	1.3+0.1s
[120/945]	[L1: 0.0308]	1.3+0.1s
[160/945]	[L1: 0.0321]	1.3+0.1s
[200/945]	[L1: 0.0322]	1.3+0.1s
[240/945]	[L1: 0.0324]	1.3+0.1s
[280/945]	[L1: 0.0325]	1.3+0.1s
[320/945]	[L1: 0.0318]	1.3+0.1s
[360/945]	[L1: 0.0318]	1.3+0.1s
[400/945]	[L1: 0.0322]	1.3+0.1s
[440/945]	[L1: 0.0322]	1.3+0.1s
[480/945]	[L1: 0.0318]	1.3+0.1s
[520/945]	[L1: 0.0317]	1.3+0.1s
[560/945]	[L1: 0.0314]	1.4+0.1s
[600/945]	[L1: 0.0312]	1.3+0.1s
[640/945]	[L1: 0.0311]	1.3+0.1s
[680/945]	[L1: 0.0313]	1.3+0.1s
[720/945]	[L1: 0.0313]	1.3+0.1s
[760/945]	[L1: 0.0312]	1.3+0.1s
[800/945]	[L1: 0.0312]	1.3+0.1s
[840/945]	[L1: 0.0313]	1.3+0.1s
[880/945]	[L1: 0.0314]	1.3+0.1s
[920/945]	[L1: 0.0315]	1.3+0.1s

Evaluation:
[UCMerced x4]	psnr: 27.645 (Best: 27.645 @epoch 40)
Total time: 1.81s

[Epoch 41]	Learning rate: 2.00e-4
[40/945]	[L1: 0.0300]	1.3+0.1s
[80/945]	[L1: 0.0329]	1.3+0.1s
[120/945]	[L1: 0.0323]	1.3+0.1s
[160/945]	[L1: 0.0323]	1.3+0.1s
[200/945]	[L1: 0.0321]	1.3+0.1s
[240/945]	[L1: 0.0321]	1.3+0.1s
[280/945]	[L1: 0.0316]	1.3+0.1s
[320/945]	[L1: 0.0318]	1.3+0.1s
[360/945]	[L1: 0.0314]	1.3+0.1s
[400/945]	[L1: 0.0313]	1.3+0.1s
[440/945]	[L1: 0.0314]	1.3+0.1s
[480/945]	[L1: 0.0315]	1.3+0.1s
[520/945]	[L1: 0.0315]	1.3+0.1s
[560/945]	[L1: 0.0316]	1.3+0.1s
[600/945]	[L1: 0.0315]	1.4+0.1s
[640/945]	[L1: 0.0315]	1.3+0.1s
[680/945]	[L1: 0.0316]	1.3+0.1s
[720/945]	[L1: 0.0316]	1.3+0.1s
[760/945]	[L1: 0.0316]	1.3+0.1s
[800/945]	[L1: 0.0315]	1.3+0.1s
[840/945]	[L1: 0.0315]	1.3+0.1s
[880/945]	[L1: 0.0315]	1.3+0.1s
[920/945]	[L1: 0.0314]	1.3+0.1s

Evaluation:
[UCMerced x4]	psnr: 27.630 (Best: 27.645 @epoch 40)
Total time: 1.79s

[Epoch 42]	Learning rate: 2.00e-4
[40/945]	[L1: 0.0316]	1.3+0.1s
[80/945]	[L1: 0.0317]	1.4+0.1s
[120/945]	[L1: 0.0314]	1.3+0.1s
[160/945]	[L1: 0.0314]	1.3+0.1s
[200/945]	[L1: 0.0320]	1.3+0.1s
[240/945]	[L1: 0.0317]	1.3+0.1s
[280/945]	[L1: 0.0318]	1.3+0.1s
[320/945]	[L1: 0.0319]	1.3+0.1s
[360/945]	[L1: 0.0317]	1.3+0.1s
[400/945]	[L1: 0.0318]	1.3+0.1s
[440/945]	[L1: 0.0317]	1.3+0.1s
[480/945]	[L1: 0.0315]	1.3+0.1s
[520/945]	[L1: 0.0316]	1.3+0.1s
[560/945]	[L1: 0.0315]	1.3+0.1s
[600/945]	[L1: 0.0314]	1.3+0.1s
[640/945]	[L1: 0.0315]	1.4+0.1s
[680/945]	[L1: 0.0313]	1.3+0.1s
[720/945]	[L1: 0.0313]	1.3+0.1s
[760/945]	[L1: 0.0312]	1.3+0.1s
[800/945]	[L1: 0.0313]	1.3+0.1s
[840/945]	[L1: 0.0313]	1.3+0.1s
[880/945]	[L1: 0.0313]	1.3+0.1s
[920/945]	[L1: 0.0314]	1.3+0.1s

Evaluation:
[UCMerced x4]	psnr: 27.600 (Best: 27.645 @epoch 40)
Total time: 1.79s

[Epoch 43]	Learning rate: 2.00e-4
[40/945]	[L1: 0.0329]	1.3+0.1s
[80/945]	[L1: 0.0305]	1.3+0.1s
[120/945]	[L1: 0.0299]	1.3+0.1s
[160/945]	[L1: 0.0301]	1.4+0.1s
[200/945]	[L1: 0.0301]	1.3+0.1s
[240/945]	[L1: 0.0309]	1.3+0.1s
[280/945]	[L1: 0.0309]	1.3+0.1s
[320/945]	[L1: 0.0310]	1.3+0.1s
[360/945]	[L1: 0.0315]	1.3+0.1s
[400/945]	[L1: 0.0317]	1.3+0.1s
[440/945]	[L1: 0.0318]	1.3+0.1s
[480/945]	[L1: 0.0317]	1.3+0.1s
[520/945]	[L1: 0.0315]	1.3+0.1s
[560/945]	[L1: 0.0317]	1.3+0.1s
[600/945]	[L1: 0.0316]	1.3+0.1s
[640/945]	[L1: 0.0316]	1.3+0.1s
[680/945]	[L1: 0.0316]	1.3+0.1s
[720/945]	[L1: 0.0317]	1.4+0.1s
[760/945]	[L1: 0.0316]	1.3+0.1s
[800/945]	[L1: 0.0315]	1.3+0.1s
[840/945]	[L1: 0.0316]	1.3+0.1s
[880/945]	[L1: 0.0314]	1.3+0.1s
[920/945]	[L1: 0.0313]	1.3+0.1s

Evaluation:
[UCMerced x4]	psnr: 27.619 (Best: 27.645 @epoch 40)
Total time: 1.81s

[Epoch 44]	Learning rate: 2.00e-4
[40/945]	[L1: 0.0283]	1.3+0.1s
[80/945]	[L1: 0.0299]	1.3+0.1s
[120/945]	[L1: 0.0304]	1.3+0.1s
[160/945]	[L1: 0.0312]	1.3+0.1s
[200/945]	[L1: 0.0306]	1.3+0.1s
[240/945]	[L1: 0.0308]	1.4+0.1s
[280/945]	[L1: 0.0306]	1.3+0.1s
[320/945]	[L1: 0.0308]	1.3+0.1s
[360/945]	[L1: 0.0311]	1.3+0.1s
[400/945]	[L1: 0.0310]	1.3+0.1s
[440/945]	[L1: 0.0307]	1.3+0.1s
[480/945]	[L1: 0.0309]	1.3+0.1s
[520/945]	[L1: 0.0310]	1.3+0.1s
[560/945]	[L1: 0.0310]	1.3+0.1s
[600/945]	[L1: 0.0311]	1.3+0.1s
[640/945]	[L1: 0.0312]	1.3+0.1s
[680/945]	[L1: 0.0313]	1.3+0.1s
[720/945]	[L1: 0.0310]	1.3+0.1s
[760/945]	[L1: 0.0311]	1.3+0.1s
[800/945]	[L1: 0.0312]	1.4+0.1s
[840/945]	[L1: 0.0311]	1.3+0.1s
[880/945]	[L1: 0.0312]	1.3+0.1s
[920/945]	[L1: 0.0313]	1.3+0.1s

Evaluation:
[UCMerced x4]	psnr: 27.642 (Best: 27.645 @epoch 40)
Total time: 1.81s

[Epoch 45]	Learning rate: 2.00e-4
[40/945]	[L1: 0.0330]	1.3+0.1s
[80/945]	[L1: 0.0319]	1.3+0.1s
[120/945]	[L1: 0.0310]	1.3+0.1s
[160/945]	[L1: 0.0306]	1.3+0.1s
[200/945]	[L1: 0.0309]	1.3+0.1s
[240/945]	[L1: 0.0308]	1.3+0.1s
[280/945]	[L1: 0.0310]	1.3+0.1s
[320/945]	[L1: 0.0308]	1.5+0.1s
[360/945]	[L1: 0.0307]	1.3+0.1s
[400/945]	[L1: 0.0309]	1.3+0.1s
[440/945]	[L1: 0.0312]	1.3+0.1s
[480/945]	[L1: 0.0313]	1.3+0.1s
[520/945]	[L1: 0.0312]	1.3+0.1s
[560/945]	[L1: 0.0311]	1.3+0.1s
[600/945]	[L1: 0.0315]	1.3+0.1s
[640/945]	[L1: 0.0314]	1.3+0.1s
[680/945]	[L1: 0.0315]	1.3+0.1s
[720/945]	[L1: 0.0314]	1.3+0.1s
[760/945]	[L1: 0.0313]	1.3+0.1s
[800/945]	[L1: 0.0314]	1.3+0.1s
[840/945]	[L1: 0.0313]	1.3+0.1s
[880/945]	[L1: 0.0313]	1.4+0.1s
[920/945]	[L1: 0.0314]	1.3+0.1s

Evaluation:
[UCMerced x4]	psnr: 27.657 (Best: 27.657 @epoch 45)
Total time: 1.80s

[Epoch 46]	Learning rate: 2.00e-4
[40/945]	[L1: 0.0304]	1.3+0.1s
[80/945]	[L1: 0.0298]	1.4+0.0s
[120/945]	[L1: 0.0301]	1.3+0.1s
[160/945]	[L1: 0.0304]	1.3+0.1s
[200/945]	[L1: 0.0305]	1.3+0.1s
[240/945]	[L1: 0.0305]	1.3+0.1s
[280/945]	[L1: 0.0305]	1.3+0.1s
[320/945]	[L1: 0.0308]	1.3+0.1s
[360/945]	[L1: 0.0311]	1.3+0.1s
[400/945]	[L1: 0.0312]	1.4+0.1s
[440/945]	[L1: 0.0313]	1.3+0.1s
[480/945]	[L1: 0.0315]	1.3+0.1s
[520/945]	[L1: 0.0314]	1.3+0.1s
[560/945]	[L1: 0.0314]	1.3+0.1s
[600/945]	[L1: 0.0314]	1.3+0.1s
[640/945]	[L1: 0.0313]	1.3+0.1s
[680/945]	[L1: 0.0314]	1.3+0.1s
[720/945]	[L1: 0.0314]	1.3+0.1s
[760/945]	[L1: 0.0314]	1.3+0.1s
[800/945]	[L1: 0.0314]	1.3+0.1s
[840/945]	[L1: 0.0313]	1.3+0.1s
[880/945]	[L1: 0.0313]	1.3+0.1s
[920/945]	[L1: 0.0313]	1.3+0.1s

Evaluation:
[UCMerced x4]	psnr: 27.650 (Best: 27.657 @epoch 45)
Total time: 1.79s

[Epoch 47]	Learning rate: 2.00e-4
[40/945]	[L1: 0.0322]	1.3+0.1s
[80/945]	[L1: 0.0320]	1.3+0.1s
[120/945]	[L1: 0.0319]	1.3+0.1s
[160/945]	[L1: 0.0315]	1.3+0.1s
[200/945]	[L1: 0.0313]	1.3+0.1s
[240/945]	[L1: 0.0308]	1.3+0.1s
[280/945]	[L1: 0.0313]	1.3+0.1s
[320/945]	[L1: 0.0310]	1.3+0.1s
[360/945]	[L1: 0.0312]	1.3+0.1s
[400/945]	[L1: 0.0311]	1.3+0.1s
[440/945]	[L1: 0.0314]	1.3+0.1s
[480/945]	[L1: 0.0314]	1.4+0.1s
[520/945]	[L1: 0.0317]	1.3+0.1s
[560/945]	[L1: 0.0318]	1.3+0.1s
[600/945]	[L1: 0.0316]	1.3+0.1s
[640/945]	[L1: 0.0315]	1.3+0.1s
[680/945]	[L1: 0.0314]	1.3+0.1s
[720/945]	[L1: 0.0314]	1.3+0.1s
[760/945]	[L1: 0.0314]	1.3+0.1s
[800/945]	[L1: 0.0315]	1.3+0.1s
[840/945]	[L1: 0.0314]	1.3+0.1s
[880/945]	[L1: 0.0315]	1.3+0.1s
[920/945]	[L1: 0.0314]	1.3+0.1s

Evaluation:
[UCMerced x4]	psnr: 27.665 (Best: 27.665 @epoch 47)
Total time: 1.80s

[Epoch 48]	Learning rate: 2.00e-4
[40/945]	[L1: 0.0321]	1.3+0.1s
[80/945]	[L1: 0.0319]	1.3+0.1s
[120/945]	[L1: 0.0313]	1.3+0.1s
[160/945]	[L1: 0.0321]	1.3+0.1s
[200/945]	[L1: 0.0323]	1.3+0.0s
[240/945]	[L1: 0.0319]	1.4+0.1s
[280/945]	[L1: 0.0320]	1.3+0.1s
[320/945]	[L1: 0.0319]	1.3+0.1s
[360/945]	[L1: 0.0317]	1.3+0.1s
[400/945]	[L1: 0.0322]	1.3+0.1s
[440/945]	[L1: 0.0322]	1.3+0.1s
[480/945]	[L1: 0.0318]	1.3+0.1s
[520/945]	[L1: 0.0320]	1.3+0.1s
[560/945]	[L1: 0.0321]	1.4+0.1s
[600/945]	[L1: 0.0318]	1.3+0.1s
[640/945]	[L1: 0.0316]	1.3+0.1s
[680/945]	[L1: 0.0317]	1.3+0.1s
[720/945]	[L1: 0.0318]	1.3+0.1s
[760/945]	[L1: 0.0315]	1.3+0.1s
[800/945]	[L1: 0.0314]	1.3+0.1s
[840/945]	[L1: 0.0314]	1.4+0.1s
[880/945]	[L1: 0.0314]	1.3+0.1s
[920/945]	[L1: 0.0314]	1.3+0.1s

Evaluation:
[UCMerced x4]	psnr: 27.645 (Best: 27.665 @epoch 47)
Total time: 1.82s

[Epoch 49]	Learning rate: 2.00e-4
[40/945]	[L1: 0.0293]	1.3+0.1s
[80/945]	[L1: 0.0302]	1.4+0.1s
[120/945]	[L1: 0.0300]	1.3+0.1s
[160/945]	[L1: 0.0304]	1.3+0.1s
[200/945]	[L1: 0.0307]	1.3+0.1s
[240/945]	[L1: 0.0307]	1.3+0.1s
[280/945]	[L1: 0.0309]	1.3+0.1s
[320/945]	[L1: 0.0310]	1.3+0.1s
[360/945]	[L1: 0.0313]	1.4+0.1s
[400/945]	[L1: 0.0313]	1.3+0.1s
[440/945]	[L1: 0.0313]	1.3+0.1s
[480/945]	[L1: 0.0310]	1.3+0.1s
[520/945]	[L1: 0.0313]	1.3+0.1s
[560/945]	[L1: 0.0313]	1.3+0.1s
[600/945]	[L1: 0.0312]	1.3+0.1s
[640/945]	[L1: 0.0312]	1.4+0.1s
[680/945]	[L1: 0.0311]	1.3+0.1s
[720/945]	[L1: 0.0309]	1.4+0.1s
[760/945]	[L1: 0.0310]	1.3+0.1s
[800/945]	[L1: 0.0311]	1.3+0.1s
[840/945]	[L1: 0.0311]	1.3+0.1s
[880/945]	[L1: 0.0312]	1.3+0.1s
[920/945]	[L1: 0.0313]	1.3+0.1s

Evaluation:
[UCMerced x4]	psnr: 27.713 (Best: 27.713 @epoch 49)
Total time: 1.79s

[Epoch 50]	Learning rate: 2.00e-4
[40/945]	[L1: 0.0304]	1.3+0.1s
[80/945]	[L1: 0.0289]	1.3+0.1s
[120/945]	[L1: 0.0295]	1.3+0.1s
[160/945]	[L1: 0.0299]	1.4+0.1s
[200/945]	[L1: 0.0306]	1.3+0.1s
[240/945]	[L1: 0.0311]	1.3+0.1s
[280/945]	[L1: 0.0312]	1.3+0.1s
[320/945]	[L1: 0.0311]	1.3+0.1s
[360/945]	[L1: 0.0309]	1.3+0.1s
[400/945]	[L1: 0.0312]	1.3+0.1s
[440/945]	[L1: 0.0312]	1.3+0.1s
[480/945]	[L1: 0.0312]	1.3+0.1s
[520/945]	[L1: 0.0313]	1.3+0.1s
[560/945]	[L1: 0.0312]	1.3+0.1s
[600/945]	[L1: 0.0312]	1.3+0.1s
[640/945]	[L1: 0.0313]	1.3+0.1s
[680/945]	[L1: 0.0313]	1.3+0.1s
[720/945]	[L1: 0.0314]	1.3+0.1s
[760/945]	[L1: 0.0313]	1.4+0.1s
[800/945]	[L1: 0.0314]	1.3+0.1s
[840/945]	[L1: 0.0312]	1.3+0.1s
[880/945]	[L1: 0.0312]	1.3+0.1s
[920/945]	[L1: 0.0312]	1.3+0.1s
Saved epoch checkpoint at epoch 50

Evaluation:
[UCMerced x4]	psnr: 27.674 (Best: 27.713 @epoch 49)
Total time: 1.77s

[Epoch 51]	Learning rate: 2.00e-4
[40/945]	[L1: 0.0298]	1.3+0.1s
[80/945]	[L1: 0.0291]	1.3+0.1s
[120/945]	[L1: 0.0306]	1.3+0.1s
[160/945]	[L1: 0.0305]	1.4+0.1s
[200/945]	[L1: 0.0311]	1.3+0.1s
[240/945]	[L1: 0.0310]	1.3+0.1s
[280/945]	[L1: 0.0311]	1.3+0.1s
[320/945]	[L1: 0.0308]	1.3+0.1s
[360/945]	[L1: 0.0309]	1.3+0.1s
[400/945]	[L1: 0.0312]	1.3+0.1s
[440/945]	[L1: 0.0314]	1.3+0.1s
[480/945]	[L1: 0.0316]	1.3+0.1s
[520/945]	[L1: 0.0317]	1.3+0.1s
[560/945]	[L1: 0.0316]	1.3+0.1s
[600/945]	[L1: 0.0317]	1.3+0.1s
[640/945]	[L1: 0.0318]	1.3+0.1s
[680/945]	[L1: 0.0318]	1.3+0.1s
[720/945]	[L1: 0.0317]	1.4+0.1s
[760/945]	[L1: 0.0315]	1.3+0.1s
[800/945]	[L1: 0.0315]	1.3+0.1s
[840/945]	[L1: 0.0314]	1.3+0.1s
[880/945]	[L1: 0.0313]	1.3+0.1s
[920/945]	[L1: 0.0314]	1.3+0.1s

Evaluation:
[UCMerced x4]	psnr: 27.703 (Best: 27.713 @epoch 49)
Total time: 1.78s

[Epoch 52]	Learning rate: 2.00e-4
[40/945]	[L1: 0.0290]	1.3+0.1s
[80/945]	[L1: 0.0307]	1.3+0.1s
[120/945]	[L1: 0.0312]	1.3+0.1s
[160/945]	[L1: 0.0319]	1.3+0.1s
[200/945]	[L1: 0.0318]	1.3+0.1s
[240/945]	[L1: 0.0323]	1.5+0.1s
[280/945]	[L1: 0.0324]	1.3+0.1s
[320/945]	[L1: 0.0323]	1.3+0.1s
[360/945]	[L1: 0.0319]	1.3+0.1s
[400/945]	[L1: 0.0317]	1.3+0.1s
[440/945]	[L1: 0.0317]	1.3+0.1s
[480/945]	[L1: 0.0312]	1.3+0.1s
[520/945]	[L1: 0.0311]	1.3+0.1s
[560/945]	[L1: 0.0308]	1.3+0.1s
[600/945]	[L1: 0.0308]	1.3+0.1s
[640/945]	[L1: 0.0306]	1.3+0.1s
[680/945]	[L1: 0.0307]	1.3+0.1s
[720/945]	[L1: 0.0307]	1.3+0.1s
[760/945]	[L1: 0.0307]	1.3+0.1s
[800/945]	[L1: 0.0307]	1.4+0.1s
[840/945]	[L1: 0.0308]	1.3+0.1s
[880/945]	[L1: 0.0310]	1.3+0.1s
[920/945]	[L1: 0.0310]	1.3+0.1s

Evaluation:
[UCMerced x4]	psnr: 27.671 (Best: 27.713 @epoch 49)
Total time: 1.78s

[Epoch 53]	Learning rate: 2.00e-4
[40/945]	[L1: 0.0330]	1.3+0.1s
[80/945]	[L1: 0.0334]	1.3+0.1s
[120/945]	[L1: 0.0330]	1.3+0.1s
[160/945]	[L1: 0.0325]	1.3+0.1s
[200/945]	[L1: 0.0321]	1.3+0.1s
[240/945]	[L1: 0.0320]	1.3+0.1s
[280/945]	[L1: 0.0319]	1.3+0.1s
[320/945]	[L1: 0.0320]	1.4+0.1s
[360/945]	[L1: 0.0317]	1.3+0.1s
[400/945]	[L1: 0.0317]	1.3+0.1s
[440/945]	[L1: 0.0317]	1.4+0.0s
[480/945]	[L1: 0.0319]	1.3+0.1s
[520/945]	[L1: 0.0320]	1.3+0.1s
[560/945]	[L1: 0.0320]	1.3+0.1s
[600/945]	[L1: 0.0317]	1.3+0.1s
[640/945]	[L1: 0.0315]	1.3+0.1s
[680/945]	[L1: 0.0315]	1.3+0.1s
[720/945]	[L1: 0.0315]	1.3+0.1s
[760/945]	[L1: 0.0315]	1.3+0.1s
[800/945]	[L1: 0.0315]	1.3+0.1s
[840/945]	[L1: 0.0315]	1.3+0.1s
[880/945]	[L1: 0.0312]	1.4+0.1s
[920/945]	[L1: 0.0311]	1.3+0.1s

Evaluation:
[UCMerced x4]	psnr: 27.678 (Best: 27.713 @epoch 49)
Total time: 1.81s

[Epoch 54]	Learning rate: 2.00e-4
[40/945]	[L1: 0.0346]	1.3+0.1s
[80/945]	[L1: 0.0320]	1.3+0.1s
[120/945]	[L1: 0.0307]	1.3+0.1s
[160/945]	[L1: 0.0310]	1.3+0.1s
[200/945]	[L1: 0.0312]	1.3+0.1s
[240/945]	[L1: 0.0310]	1.3+0.1s
[280/945]	[L1: 0.0310]	1.3+0.1s
[320/945]	[L1: 0.0311]	1.3+0.1s
[360/945]	[L1: 0.0314]	1.3+0.1s
[400/945]	[L1: 0.0313]	1.4+0.1s
[440/945]	[L1: 0.0312]	1.3+0.1s
[480/945]	[L1: 0.0310]	1.3+0.1s
[520/945]	[L1: 0.0309]	1.3+0.1s
[560/945]	[L1: 0.0309]	1.3+0.1s
[600/945]	[L1: 0.0311]	1.3+0.1s
[640/945]	[L1: 0.0311]	1.3+0.1s
[680/945]	[L1: 0.0312]	1.3+0.1s
[720/945]	[L1: 0.0313]	1.3+0.1s
[760/945]	[L1: 0.0313]	1.3+0.1s
[800/945]	[L1: 0.0311]	1.3+0.1s
[840/945]	[L1: 0.0309]	1.3+0.1s
[880/945]	[L1: 0.0312]	1.3+0.1s
[920/945]	[L1: 0.0312]	1.3+0.1s

Evaluation:
[UCMerced x4]	psnr: 27.713 (Best: 27.713 @epoch 54)
Total time: 1.81s

[Epoch 55]	Learning rate: 2.00e-4
[40/945]	[L1: 0.0276]	1.3+0.1s
[80/945]	[L1: 0.0322]	1.3+0.1s
[120/945]	[L1: 0.0309]	1.3+0.1s
[160/945]	[L1: 0.0312]	1.3+0.1s
[200/945]	[L1: 0.0308]	1.3+0.1s
[240/945]	[L1: 0.0308]	1.3+0.1s
[280/945]	[L1: 0.0307]	1.3+0.1s
[320/945]	[L1: 0.0306]	1.3+0.1s
[360/945]	[L1: 0.0308]	1.3+0.1s
[400/945]	[L1: 0.0307]	1.3+0.1s
[440/945]	[L1: 0.0308]	1.3+0.1s
[480/945]	[L1: 0.0310]	1.3+0.1s
[520/945]	[L1: 0.0311]	1.4+0.1s
[560/945]	[L1: 0.0310]	1.3+0.1s
[600/945]	[L1: 0.0312]	1.3+0.1s
[640/945]	[L1: 0.0311]	1.3+0.1s
[680/945]	[L1: 0.0310]	1.3+0.1s
[720/945]	[L1: 0.0310]	1.3+0.1s
[760/945]	[L1: 0.0312]	1.3+0.1s
[800/945]	[L1: 0.0312]	1.3+0.1s
[840/945]	[L1: 0.0311]	1.3+0.1s
[880/945]	[L1: 0.0311]	1.3+0.1s
[920/945]	[L1: 0.0311]	1.3+0.1s

Evaluation:
[UCMerced x4]	psnr: 27.680 (Best: 27.713 @epoch 54)
Total time: 1.78s

[Epoch 56]	Learning rate: 2.00e-4
[40/945]	[L1: 0.0294]	1.4+0.1s
[80/945]	[L1: 0.0312]	1.3+0.1s
[120/945]	[L1: 0.0317]	1.3+0.1s
[160/945]	[L1: 0.0321]	1.3+0.1s
[200/945]	[L1: 0.0322]	1.3+0.1s
[240/945]	[L1: 0.0320]	1.3+0.1s
[280/945]	[L1: 0.0319]	1.3+0.1s
[320/945]	[L1: 0.0319]	1.3+0.1s
[360/945]	[L1: 0.0317]	1.3+0.1s
[400/945]	[L1: 0.0316]	1.3+0.1s
[440/945]	[L1: 0.0317]	1.3+0.1s
[480/945]	[L1: 0.0316]	1.3+0.1s
[520/945]	[L1: 0.0315]	1.3+0.1s
[560/945]	[L1: 0.0314]	1.3+0.1s
[600/945]	[L1: 0.0315]	1.4+0.1s
[640/945]	[L1: 0.0315]	1.3+0.1s
[680/945]	[L1: 0.0313]	1.3+0.1s
[720/945]	[L1: 0.0314]	1.3+0.1s
[760/945]	[L1: 0.0314]	1.3+0.1s
[800/945]	[L1: 0.0313]	1.3+0.1s
[840/945]	[L1: 0.0313]	1.3+0.1s
[880/945]	[L1: 0.0311]	1.3+0.1s
[920/945]	[L1: 0.0311]	1.3+0.1s

Evaluation:
[UCMerced x4]	psnr: 27.745 (Best: 27.745 @epoch 56)
Total time: 1.79s

[Epoch 57]	Learning rate: 2.00e-4
[40/945]	[L1: 0.0268]	1.3+0.1s
[80/945]	[L1: 0.0291]	1.3+0.1s
[120/945]	[L1: 0.0293]	1.4+0.1s
[160/945]	[L1: 0.0289]	1.3+0.1s
[200/945]	[L1: 0.0288]	1.3+0.1s
[240/945]	[L1: 0.0286]	1.3+0.1s
[280/945]	[L1: 0.0293]	1.3+0.1s
[320/945]	[L1: 0.0298]	1.3+0.1s
[360/945]	[L1: 0.0303]	1.3+0.1s
[400/945]	[L1: 0.0302]	1.4+0.0s
[440/945]	[L1: 0.0300]	1.3+0.1s
[480/945]	[L1: 0.0300]	1.3+0.1s
[520/945]	[L1: 0.0304]	1.3+0.1s
[560/945]	[L1: 0.0306]	1.3+0.1s
[600/945]	[L1: 0.0306]	1.3+0.1s
[640/945]	[L1: 0.0308]	1.3+0.1s
[680/945]	[L1: 0.0306]	1.5+0.1s
[720/945]	[L1: 0.0307]	1.3+0.1s
[760/945]	[L1: 0.0307]	1.3+0.1s
[800/945]	[L1: 0.0306]	1.3+0.1s
[840/945]	[L1: 0.0306]	1.3+0.1s
[880/945]	[L1: 0.0307]	1.3+0.1s
[920/945]	[L1: 0.0309]	1.3+0.1s

Evaluation:
[UCMerced x4]	psnr: 27.686 (Best: 27.745 @epoch 56)
Total time: 1.78s

[Epoch 58]	Learning rate: 2.00e-4
[40/945]	[L1: 0.0315]	1.3+0.1s
[80/945]	[L1: 0.0311]	1.3+0.1s
[120/945]	[L1: 0.0309]	1.3+0.1s
[160/945]	[L1: 0.0307]	1.4+0.1s
[200/945]	[L1: 0.0310]	1.3+0.1s
[240/945]	[L1: 0.0306]	1.3+0.1s
[280/945]	[L1: 0.0304]	1.4+0.1s
[320/945]	[L1: 0.0309]	1.3+0.1s
[360/945]	[L1: 0.0310]	1.3+0.1s
[400/945]	[L1: 0.0305]	1.3+0.1s
[440/945]	[L1: 0.0303]	1.3+0.1s
[480/945]	[L1: 0.0305]	1.3+0.1s
[520/945]	[L1: 0.0306]	1.3+0.1s
[560/945]	[L1: 0.0305]	1.3+0.1s
[600/945]	[L1: 0.0307]	1.3+0.1s
[640/945]	[L1: 0.0307]	1.3+0.1s
[680/945]	[L1: 0.0307]	1.3+0.1s
[720/945]	[L1: 0.0307]	1.3+0.1s
[760/945]	[L1: 0.0307]	1.4+0.1s
[800/945]	[L1: 0.0306]	1.3+0.1s
[840/945]	[L1: 0.0308]	1.3+0.1s
[880/945]	[L1: 0.0309]	1.3+0.1s
[920/945]	[L1: 0.0309]	1.3+0.1s

Evaluation:
[UCMerced x4]	psnr: 27.674 (Best: 27.745 @epoch 56)
Total time: 1.80s

[Epoch 59]	Learning rate: 2.00e-4
[40/945]	[L1: 0.0296]	1.3+0.1s
[80/945]	[L1: 0.0308]	1.3+0.1s
[120/945]	[L1: 0.0304]	1.3+0.1s
[160/945]	[L1: 0.0298]	1.3+0.1s
[200/945]	[L1: 0.0300]	1.3+0.1s
[240/945]	[L1: 0.0299]	1.4+0.1s
[280/945]	[L1: 0.0304]	1.3+0.1s
[320/945]	[L1: 0.0303]	1.3+0.1s
[360/945]	[L1: 0.0303]	1.3+0.1s
[400/945]	[L1: 0.0303]	1.3+0.1s
[440/945]	[L1: 0.0305]	1.3+0.1s
[480/945]	[L1: 0.0306]	1.3+0.1s
[520/945]	[L1: 0.0306]	1.3+0.1s
[560/945]	[L1: 0.0310]	1.3+0.1s
[600/945]	[L1: 0.0310]	1.3+0.1s
[640/945]	[L1: 0.0311]	1.3+0.1s
[680/945]	[L1: 0.0310]	1.3+0.1s
[720/945]	[L1: 0.0310]	1.3+0.1s
[760/945]	[L1: 0.0311]	1.3+0.1s
[800/945]	[L1: 0.0311]	1.4+0.1s
[840/945]	[L1: 0.0311]	1.3+0.1s
[880/945]	[L1: 0.0310]	1.3+0.1s
[920/945]	[L1: 0.0309]	1.3+0.1s

Evaluation:
[UCMerced x4]	psnr: 27.729 (Best: 27.745 @epoch 56)
Total time: 1.77s

[Epoch 60]	Learning rate: 2.00e-4
[40/945]	[L1: 0.0294]	1.2+0.1s
[80/945]	[L1: 0.0299]	1.2+0.1s
[120/945]	[L1: 0.0307]	1.2+0.1s
[160/945]	[L1: 0.0311]	1.2+0.1s
[200/945]	[L1: 0.0318]	1.2+0.1s
[240/945]	[L1: 0.0317]	1.2+0.1s
[280/945]	[L1: 0.0311]	1.2+0.1s
[320/945]	[L1: 0.0312]	1.3+0.1s
[360/945]	[L1: 0.0313]	1.2+0.1s
[400/945]	[L1: 0.0316]	1.2+0.1s
[440/945]	[L1: 0.0316]	1.2+0.1s
[480/945]	[L1: 0.0315]	1.2+0.1s
[520/945]	[L1: 0.0310]	1.2+0.1s
[560/945]	[L1: 0.0310]	1.2+0.1s
[600/945]	[L1: 0.0311]	1.2+0.1s
[640/945]	[L1: 0.0309]	1.2+0.1s
[680/945]	[L1: 0.0310]	1.2+0.1s
[720/945]	[L1: 0.0309]	1.2+0.1s
[760/945]	[L1: 0.0309]	1.2+0.1s
[800/945]	[L1: 0.0309]	1.2+0.1s
[840/945]	[L1: 0.0308]	1.2+0.1s
[880/945]	[L1: 0.0309]	1.3+0.1s
[920/945]	[L1: 0.0309]	1.2+0.1s

Evaluation:
[UCMerced x4]	psnr: 27.636 (Best: 27.745 @epoch 56)
Total time: 1.76s

[Epoch 61]	Learning rate: 2.00e-4
[40/945]	[L1: 0.0348]	1.2+0.1s
[80/945]	[L1: 0.0327]	1.2+0.1s
[120/945]	[L1: 0.0321]	1.2+0.1s
[160/945]	[L1: 0.0321]	1.2+0.1s
[200/945]	[L1: 0.0314]	1.2+0.1s
[240/945]	[L1: 0.0310]	1.2+0.1s
[280/945]	[L1: 0.0309]	1.2+0.1s
[320/945]	[L1: 0.0309]	1.2+0.1s
[360/945]	[L1: 0.0311]	1.2+0.1s
[400/945]	[L1: 0.0313]	1.3+0.1s
[440/945]	[L1: 0.0311]	1.3+0.1s
[480/945]	[L1: 0.0313]	1.2+0.1s
[520/945]	[L1: 0.0312]	1.2+0.1s
[560/945]	[L1: 0.0313]	1.2+0.1s
[600/945]	[L1: 0.0314]	1.3+0.1s
[640/945]	[L1: 0.0312]	1.2+0.1s
[680/945]	[L1: 0.0311]	1.2+0.1s
[720/945]	[L1: 0.0309]	1.2+0.1s
[760/945]	[L1: 0.0309]	1.2+0.1s
[800/945]	[L1: 0.0308]	1.2+0.1s
[840/945]	[L1: 0.0309]	1.2+0.1s
[880/945]	[L1: 0.0308]	1.2+0.1s
[920/945]	[L1: 0.0307]	1.2+0.1s

Evaluation:
[UCMerced x4]	psnr: 27.748 (Best: 27.748 @epoch 61)
Total time: 1.77s

[Epoch 62]	Learning rate: 2.00e-4
[40/945]	[L1: 0.0305]	1.2+0.1s
[80/945]	[L1: 0.0302]	1.2+0.1s
[120/945]	[L1: 0.0295]	1.2+0.1s
[160/945]	[L1: 0.0290]	1.2+0.1s
[200/945]	[L1: 0.0290]	1.2+0.1s
[240/945]	[L1: 0.0293]	1.3+0.1s
[280/945]	[L1: 0.0294]	1.3+0.1s
[320/945]	[L1: 0.0296]	1.2+0.1s
[360/945]	[L1: 0.0300]	1.2+0.1s
[400/945]	[L1: 0.0302]	1.2+0.1s
[440/945]	[L1: 0.0304]	1.2+0.1s
[480/945]	[L1: 0.0305]	1.3+0.1s
[520/945]	[L1: 0.0305]	1.2+0.1s
[560/945]	[L1: 0.0308]	1.2+0.1s
[600/945]	[L1: 0.0307]	1.4+0.0s
[640/945]	[L1: 0.0306]	1.4+0.1s
[680/945]	[L1: 0.0305]	1.3+0.1s
[720/945]	[L1: 0.0308]	1.3+0.1s
[760/945]	[L1: 0.0308]	1.3+0.1s
[800/945]	[L1: 0.0310]	1.3+0.1s
[840/945]	[L1: 0.0309]	1.3+0.1s
[880/945]	[L1: 0.0309]	1.3+0.1s
[920/945]	[L1: 0.0309]	1.3+0.1s

Evaluation:
[UCMerced x4]	psnr: 27.664 (Best: 27.748 @epoch 61)
Total time: 1.81s

[Epoch 63]	Learning rate: 2.00e-4
[40/945]	[L1: 0.0296]	1.3+0.1s
[80/945]	[L1: 0.0305]	1.3+0.1s
[120/945]	[L1: 0.0323]	1.3+0.1s
[160/945]	[L1: 0.0322]	1.3+0.1s
[200/945]	[L1: 0.0316]	1.3+0.1s
[240/945]	[L1: 0.0318]	1.3+0.1s
[280/945]	[L1: 0.0314]	1.3+0.1s
[320/945]	[L1: 0.0318]	1.3+0.1s
[360/945]	[L1: 0.0315]	1.3+0.1s
[400/945]	[L1: 0.0316]	1.3+0.1s
[440/945]	[L1: 0.0315]	1.3+0.1s
[480/945]	[L1: 0.0315]	1.3+0.1s
[520/945]	[L1: 0.0316]	1.3+0.1s
[560/945]	[L1: 0.0315]	1.3+0.1s
[600/945]	[L1: 0.0313]	1.4+0.1s
[640/945]	[L1: 0.0313]	1.3+0.1s
[680/945]	[L1: 0.0312]	1.3+0.1s
[720/945]	[L1: 0.0314]	1.3+0.1s
[760/945]	[L1: 0.0314]	1.3+0.1s
[800/945]	[L1: 0.0312]	1.3+0.1s
[840/945]	[L1: 0.0310]	1.3+0.1s
[880/945]	[L1: 0.0310]	1.3+0.1s
[920/945]	[L1: 0.0309]	1.3+0.1s

Evaluation:
[UCMerced x4]	psnr: 27.734 (Best: 27.748 @epoch 61)
Total time: 1.80s

[Epoch 64]	Learning rate: 2.00e-4
[40/945]	[L1: 0.0357]	1.3+0.1s
[80/945]	[L1: 0.0338]	1.3+0.1s
[120/945]	[L1: 0.0324]	1.4+0.1s
[160/945]	[L1: 0.0322]	1.3+0.1s
[200/945]	[L1: 0.0322]	1.3+0.1s
[240/945]	[L1: 0.0314]	1.3+0.1s
[280/945]	[L1: 0.0311]	1.3+0.1s
[320/945]	[L1: 0.0315]	1.3+0.1s
[360/945]	[L1: 0.0313]	1.3+0.1s
[400/945]	[L1: 0.0316]	1.3+0.1s
[440/945]	[L1: 0.0315]	1.3+0.1s
[480/945]	[L1: 0.0313]	1.3+0.1s
[520/945]	[L1: 0.0312]	1.3+0.1s
[560/945]	[L1: 0.0310]	1.3+0.1s
[600/945]	[L1: 0.0308]	1.3+0.1s
[640/945]	[L1: 0.0308]	1.3+0.1s
[680/945]	[L1: 0.0308]	1.5+0.1s
[720/945]	[L1: 0.0310]	1.3+0.1s
[760/945]	[L1: 0.0309]	1.3+0.1s
[800/945]	[L1: 0.0307]	1.3+0.1s
[840/945]	[L1: 0.0308]	1.3+0.1s
[880/945]	[L1: 0.0307]	1.3+0.1s
[920/945]	[L1: 0.0308]	1.3+0.1s

Evaluation:
[UCMerced x4]	psnr: 27.761 (Best: 27.761 @epoch 64)
Total time: 1.80s

[Epoch 65]	Learning rate: 2.00e-4
[40/945]	[L1: 0.0301]	1.3+0.1s
[80/945]	[L1: 0.0288]	1.3+0.1s
[120/945]	[L1: 0.0295]	1.4+0.1s
[160/945]	[L1: 0.0301]	1.3+0.1s
[200/945]	[L1: 0.0302]	1.4+0.1s
[240/945]	[L1: 0.0301]	1.3+0.1s
[280/945]	[L1: 0.0304]	1.3+0.1s
[320/945]	[L1: 0.0302]	1.3+0.1s
[360/945]	[L1: 0.0306]	1.3+0.1s
[400/945]	[L1: 0.0305]	1.3+0.1s
[440/945]	[L1: 0.0305]	1.3+0.1s
[480/945]	[L1: 0.0304]	1.3+0.1s
[520/945]	[L1: 0.0305]	1.3+0.1s
[560/945]	[L1: 0.0307]	1.3+0.1s
[600/945]	[L1: 0.0308]	1.4+0.1s
[640/945]	[L1: 0.0312]	1.3+0.1s
[680/945]	[L1: 0.0310]	1.3+0.1s
[720/945]	[L1: 0.0310]	1.4+0.0s
[760/945]	[L1: 0.0310]	1.3+0.1s
[800/945]	[L1: 0.0310]	1.3+0.1s
[840/945]	[L1: 0.0309]	1.3+0.1s
[880/945]	[L1: 0.0308]	1.3+0.1s
[920/945]	[L1: 0.0309]	1.3+0.1s

Evaluation:
[UCMerced x4]	psnr: 27.748 (Best: 27.761 @epoch 64)
Total time: 1.81s

[Epoch 66]	Learning rate: 2.00e-4
[40/945]	[L1: 0.0268]	1.3+0.1s
[80/945]	[L1: 0.0290]	1.4+0.1s
[120/945]	[L1: 0.0295]	1.3+0.1s
[160/945]	[L1: 0.0293]	1.3+0.1s
[200/945]	[L1: 0.0298]	1.3+0.1s
[240/945]	[L1: 0.0297]	1.4+0.1s
[280/945]	[L1: 0.0298]	1.3+0.1s
[320/945]	[L1: 0.0297]	1.3+0.1s
[360/945]	[L1: 0.0295]	1.3+0.1s
[400/945]	[L1: 0.0297]	1.3+0.1s
[440/945]	[L1: 0.0298]	1.3+0.1s
[480/945]	[L1: 0.0300]	1.3+0.1s
[520/945]	[L1: 0.0303]	1.3+0.1s
[560/945]	[L1: 0.0304]	1.3+0.1s
[600/945]	[L1: 0.0304]	1.3+0.1s
[640/945]	[L1: 0.0305]	1.3+0.1s
[680/945]	[L1: 0.0305]	1.3+0.1s
[720/945]	[L1: 0.0304]	1.4+0.1s
[760/945]	[L1: 0.0303]	1.3+0.1s
[800/945]	[L1: 0.0303]	1.4+0.1s
[840/945]	[L1: 0.0304]	1.3+0.1s
[880/945]	[L1: 0.0305]	1.3+0.1s
[920/945]	[L1: 0.0307]	1.3+0.1s

Evaluation:
[UCMerced x4]	psnr: 27.730 (Best: 27.761 @epoch 64)
Total time: 1.80s

[Epoch 67]	Learning rate: 2.00e-4
[40/945]	[L1: 0.0330]	1.3+0.1s
[80/945]	[L1: 0.0312]	1.3+0.1s
[120/945]	[L1: 0.0304]	1.3+0.1s
[160/945]	[L1: 0.0317]	1.3+0.1s
[200/945]	[L1: 0.0320]	1.3+0.1s
[240/945]	[L1: 0.0320]	1.3+0.1s
[280/945]	[L1: 0.0315]	1.4+0.1s
[320/945]	[L1: 0.0311]	1.3+0.1s
[360/945]	[L1: 0.0311]	1.3+0.1s
[400/945]	[L1: 0.0310]	1.3+0.1s
[440/945]	[L1: 0.0309]	1.3+0.1s
[480/945]	[L1: 0.0310]	1.3+0.1s
[520/945]	[L1: 0.0310]	1.3+0.1s
[560/945]	[L1: 0.0309]	1.3+0.1s
[600/945]	[L1: 0.0306]	1.3+0.1s
[640/945]	[L1: 0.0307]	1.3+0.1s
[680/945]	[L1: 0.0308]	1.3+0.1s
[720/945]	[L1: 0.0306]	1.3+0.1s
[760/945]	[L1: 0.0306]	1.3+0.1s
[800/945]	[L1: 0.0307]	1.3+0.1s
[840/945]	[L1: 0.0306]	1.5+0.1s
[880/945]	[L1: 0.0307]	1.3+0.1s
[920/945]	[L1: 0.0307]	1.3+0.1s

Evaluation:
[UCMerced x4]	psnr: 27.722 (Best: 27.761 @epoch 64)
Total time: 1.80s

[Epoch 68]	Learning rate: 2.00e-4
[40/945]	[L1: 0.0328]	1.3+0.1s
[80/945]	[L1: 0.0327]	1.3+0.1s
[120/945]	[L1: 0.0312]	1.3+0.1s
[160/945]	[L1: 0.0312]	1.3+0.1s
[200/945]	[L1: 0.0312]	1.3+0.1s
[240/945]	[L1: 0.0314]	1.3+0.1s
[280/945]	[L1: 0.0310]	1.3+0.1s
[320/945]	[L1: 0.0307]	1.3+0.1s
[360/945]	[L1: 0.0308]	1.4+0.1s
[400/945]	[L1: 0.0308]	1.3+0.1s
[440/945]	[L1: 0.0310]	1.3+0.1s
[480/945]	[L1: 0.0310]	1.3+0.1s
[520/945]	[L1: 0.0309]	1.3+0.1s
[560/945]	[L1: 0.0308]	1.3+0.1s
[600/945]	[L1: 0.0308]	1.3+0.1s
[640/945]	[L1: 0.0308]	1.3+0.1s
[680/945]	[L1: 0.0307]	1.3+0.1s
[720/945]	[L1: 0.0308]	1.3+0.1s
[760/945]	[L1: 0.0308]	1.3+0.1s
[800/945]	[L1: 0.0308]	1.3+0.1s
[840/945]	[L1: 0.0309]	1.3+0.1s
[880/945]	[L1: 0.0309]	1.3+0.1s
[920/945]	[L1: 0.0308]	1.4+0.1s

Evaluation:
[UCMerced x4]	psnr: 27.791 (Best: 27.791 @epoch 68)
Total time: 1.78s

[Epoch 69]	Learning rate: 2.00e-4
[40/945]	[L1: 0.0320]	1.3+0.1s
[80/945]	[L1: 0.0309]	1.3+0.1s
[120/945]	[L1: 0.0313]	1.3+0.1s
[160/945]	[L1: 0.0315]	1.3+0.1s
[200/945]	[L1: 0.0321]	1.3+0.1s
[240/945]	[L1: 0.0311]	1.3+0.1s
[280/945]	[L1: 0.0307]	1.3+0.1s
[320/945]	[L1: 0.0308]	1.3+0.1s
[360/945]	[L1: 0.0307]	1.3+0.1s
[400/945]	[L1: 0.0309]	1.3+0.1s
[440/945]	[L1: 0.0306]	1.4+0.1s
[480/945]	[L1: 0.0307]	1.3+0.1s
[520/945]	[L1: 0.0306]	1.3+0.1s
[560/945]	[L1: 0.0307]	1.3+0.1s
[600/945]	[L1: 0.0306]	1.3+0.1s
[640/945]	[L1: 0.0305]	1.3+0.1s
[680/945]	[L1: 0.0306]	1.3+0.1s
[720/945]	[L1: 0.0307]	1.3+0.1s
[760/945]	[L1: 0.0307]	1.3+0.1s
[800/945]	[L1: 0.0309]	1.3+0.1s
[840/945]	[L1: 0.0309]	1.3+0.1s
[880/945]	[L1: 0.0309]	1.3+0.1s
[920/945]	[L1: 0.0308]	1.3+0.1s

Evaluation:
[UCMerced x4]	psnr: 27.705 (Best: 27.791 @epoch 68)
Total time: 1.80s

[Epoch 70]	Learning rate: 2.00e-4
[40/945]	[L1: 0.0280]	1.3+0.1s
[80/945]	[L1: 0.0296]	1.3+0.1s
[120/945]	[L1: 0.0299]	1.3+0.1s
[160/945]	[L1: 0.0304]	1.3+0.1s
[200/945]	[L1: 0.0303]	1.3+0.1s
[240/945]	[L1: 0.0307]	1.3+0.1s
[280/945]	[L1: 0.0305]	1.3+0.1s
[320/945]	[L1: 0.0304]	1.4+0.1s
[360/945]	[L1: 0.0305]	1.3+0.1s
[400/945]	[L1: 0.0302]	1.4+0.1s
[440/945]	[L1: 0.0300]	1.3+0.1s
[480/945]	[L1: 0.0302]	1.3+0.1s
[520/945]	[L1: 0.0305]	1.4+0.1s
[560/945]	[L1: 0.0307]	1.3+0.1s
[600/945]	[L1: 0.0308]	1.3+0.1s
[640/945]	[L1: 0.0308]	1.3+0.1s
[680/945]	[L1: 0.0309]	1.3+0.1s
[720/945]	[L1: 0.0306]	1.3+0.1s
[760/945]	[L1: 0.0306]	1.3+0.1s
[800/945]	[L1: 0.0305]	1.3+0.1s
[840/945]	[L1: 0.0306]	1.3+0.1s
[880/945]	[L1: 0.0306]	1.3+0.1s
[920/945]	[L1: 0.0307]	1.3+0.1s

Evaluation:
[UCMerced x4]	psnr: 27.718 (Best: 27.791 @epoch 68)
Total time: 1.81s

[Epoch 71]	Learning rate: 2.00e-4
[40/945]	[L1: 0.0297]	1.5+0.1s
[80/945]	[L1: 0.0297]	1.3+0.1s
[120/945]	[L1: 0.0299]	1.3+0.1s
[160/945]	[L1: 0.0302]	1.3+0.1s
[200/945]	[L1: 0.0304]	1.3+0.1s
[240/945]	[L1: 0.0302]	1.3+0.1s
[280/945]	[L1: 0.0306]	1.3+0.1s
[320/945]	[L1: 0.0305]	1.3+0.1s
[360/945]	[L1: 0.0305]	1.3+0.1s
[400/945]	[L1: 0.0304]	1.3+0.1s
[440/945]	[L1: 0.0304]	1.3+0.1s
[480/945]	[L1: 0.0305]	1.3+0.1s
[520/945]	[L1: 0.0305]	1.3+0.1s
[560/945]	[L1: 0.0308]	1.3+0.1s
[600/945]	[L1: 0.0309]	1.5+0.1s
[640/945]	[L1: 0.0309]	1.3+0.1s
[680/945]	[L1: 0.0308]	1.3+0.1s
[720/945]	[L1: 0.0307]	1.3+0.1s
[760/945]	[L1: 0.0306]	1.3+0.1s
[800/945]	[L1: 0.0306]	1.3+0.1s
[840/945]	[L1: 0.0305]	1.3+0.1s
[880/945]	[L1: 0.0305]	1.3+0.1s
[920/945]	[L1: 0.0305]	1.3+0.1s

Evaluation:
[UCMerced x4]	psnr: 27.757 (Best: 27.791 @epoch 68)
Total time: 1.81s

[Epoch 72]	Learning rate: 2.00e-4
[40/945]	[L1: 0.0308]	1.3+0.1s
[80/945]	[L1: 0.0289]	1.3+0.1s
[120/945]	[L1: 0.0294]	1.4+0.1s
[160/945]	[L1: 0.0292]	1.3+0.1s
[200/945]	[L1: 0.0296]	1.3+0.1s
[240/945]	[L1: 0.0308]	1.3+0.1s
[280/945]	[L1: 0.0302]	1.3+0.1s
[320/945]	[L1: 0.0299]	1.3+0.1s
[360/945]	[L1: 0.0299]	1.3+0.1s
[400/945]	[L1: 0.0302]	1.3+0.1s
[440/945]	[L1: 0.0300]	1.3+0.1s
[480/945]	[L1: 0.0303]	1.3+0.1s
[520/945]	[L1: 0.0304]	1.3+0.1s
[560/945]	[L1: 0.0304]	1.3+0.1s
[600/945]	[L1: 0.0303]	1.3+0.1s
[640/945]	[L1: 0.0303]	1.3+0.1s
[680/945]	[L1: 0.0304]	1.4+0.1s
[720/945]	[L1: 0.0305]	1.3+0.1s
[760/945]	[L1: 0.0306]	1.3+0.1s
[800/945]	[L1: 0.0308]	1.3+0.1s
[840/945]	[L1: 0.0308]	1.3+0.1s
[880/945]	[L1: 0.0307]	1.3+0.1s
[920/945]	[L1: 0.0306]	1.3+0.1s

Evaluation:
[UCMerced x4]	psnr: 27.785 (Best: 27.791 @epoch 68)
Total time: 1.80s

[Epoch 73]	Learning rate: 2.00e-4
[40/945]	[L1: 0.0285]	1.3+0.1s
[80/945]	[L1: 0.0288]	1.3+0.1s
[120/945]	[L1: 0.0300]	1.3+0.1s
[160/945]	[L1: 0.0307]	1.4+0.1s
[200/945]	[L1: 0.0308]	1.3+0.1s
[240/945]	[L1: 0.0307]	1.3+0.1s
[280/945]	[L1: 0.0306]	1.3+0.1s
[320/945]	[L1: 0.0310]	1.3+0.1s
[360/945]	[L1: 0.0307]	1.3+0.1s
[400/945]	[L1: 0.0307]	1.3+0.1s
[440/945]	[L1: 0.0304]	1.3+0.1s
[480/945]	[L1: 0.0302]	1.3+0.1s
[520/945]	[L1: 0.0301]	1.4+0.1s
[560/945]	[L1: 0.0304]	1.3+0.1s
[600/945]	[L1: 0.0305]	1.3+0.1s
[640/945]	[L1: 0.0306]	1.3+0.1s
[680/945]	[L1: 0.0305]	1.3+0.1s
[720/945]	[L1: 0.0305]	1.5+0.1s
[760/945]	[L1: 0.0305]	1.3+0.0s
[800/945]	[L1: 0.0306]	1.3+0.1s
[840/945]	[L1: 0.0307]	1.3+0.1s
[880/945]	[L1: 0.0308]	1.3+0.1s
[920/945]	[L1: 0.0307]	1.4+0.1s

Evaluation:
[UCMerced x4]	psnr: 27.795 (Best: 27.795 @epoch 73)
Total time: 1.80s

[Epoch 74]	Learning rate: 2.00e-4
[40/945]	[L1: 0.0310]	1.3+0.1s
[80/945]	[L1: 0.0305]	1.3+0.1s
[120/945]	[L1: 0.0304]	1.3+0.1s
[160/945]	[L1: 0.0310]	1.4+0.1s
[200/945]	[L1: 0.0308]	1.3+0.0s
[240/945]	[L1: 0.0310]	1.4+0.1s
[280/945]	[L1: 0.0309]	1.4+0.1s
[320/945]	[L1: 0.0309]	1.4+0.0s
[360/945]	[L1: 0.0307]	1.3+0.1s
[400/945]	[L1: 0.0306]	1.3+0.1s
[440/945]	[L1: 0.0306]	1.3+0.1s
[480/945]	[L1: 0.0310]	1.3+0.1s
[520/945]	[L1: 0.0309]	1.3+0.1s
[560/945]	[L1: 0.0311]	1.3+0.1s
[600/945]	[L1: 0.0309]	1.3+0.1s
[640/945]	[L1: 0.0307]	1.3+0.1s
[680/945]	[L1: 0.0307]	1.3+0.1s
[720/945]	[L1: 0.0306]	1.3+0.1s
[760/945]	[L1: 0.0306]	1.3+0.1s
[800/945]	[L1: 0.0306]	1.5+0.0s
[840/945]	[L1: 0.0305]	1.3+0.1s
[880/945]	[L1: 0.0305]	1.3+0.1s
[920/945]	[L1: 0.0305]	1.3+0.1s

Evaluation:
[UCMerced x4]	psnr: 27.728 (Best: 27.795 @epoch 73)
Total time: 1.80s

[Epoch 75]	Learning rate: 2.00e-4
[40/945]	[L1: 0.0322]	1.3+0.1s
[80/945]	[L1: 0.0312]	1.3+0.1s
[120/945]	[L1: 0.0305]	1.3+0.1s
[160/945]	[L1: 0.0317]	1.3+0.1s
[200/945]	[L1: 0.0307]	1.3+0.1s
[240/945]	[L1: 0.0306]	1.3+0.1s
[280/945]	[L1: 0.0305]	1.3+0.1s
[320/945]	[L1: 0.0308]	1.4+0.1s
[360/945]	[L1: 0.0305]	1.3+0.1s
[400/945]	[L1: 0.0306]	1.3+0.1s
[440/945]	[L1: 0.0305]	1.3+0.1s
[480/945]	[L1: 0.0306]	1.3+0.1s
[520/945]	[L1: 0.0307]	1.3+0.1s
[560/945]	[L1: 0.0307]	1.3+0.1s
[600/945]	[L1: 0.0307]	1.3+0.1s
[640/945]	[L1: 0.0308]	1.3+0.1s
[680/945]	[L1: 0.0309]	1.3+0.1s
[720/945]	[L1: 0.0309]	1.3+0.1s
[760/945]	[L1: 0.0308]	1.3+0.1s
[800/945]	[L1: 0.0308]	1.3+0.1s
[840/945]	[L1: 0.0307]	1.3+0.1s
[880/945]	[L1: 0.0306]	1.4+0.1s
[920/945]	[L1: 0.0307]	1.3+0.1s

Evaluation:
[UCMerced x4]	psnr: 27.758 (Best: 27.795 @epoch 73)
Total time: 1.81s

[Epoch 76]	Learning rate: 2.00e-4
[40/945]	[L1: 0.0280]	1.4+0.1s
[80/945]	[L1: 0.0281]	1.3+0.1s
[120/945]	[L1: 0.0282]	1.3+0.1s
[160/945]	[L1: 0.0294]	1.3+0.1s
[200/945]	[L1: 0.0296]	1.3+0.1s
[240/945]	[L1: 0.0294]	1.3+0.1s
[280/945]	[L1: 0.0293]	1.3+0.1s
[320/945]	[L1: 0.0299]	1.3+0.1s
[360/945]	[L1: 0.0305]	1.3+0.1s
[400/945]	[L1: 0.0305]	1.4+0.1s
[440/945]	[L1: 0.0303]	1.3+0.1s
[480/945]	[L1: 0.0303]	1.3+0.1s
[520/945]	[L1: 0.0305]	1.3+0.1s
[560/945]	[L1: 0.0303]	1.3+0.1s
[600/945]	[L1: 0.0302]	1.3+0.1s
[640/945]	[L1: 0.0303]	1.3+0.1s
[680/945]	[L1: 0.0303]	1.3+0.1s
[720/945]	[L1: 0.0305]	1.3+0.1s
[760/945]	[L1: 0.0306]	1.3+0.1s
[800/945]	[L1: 0.0305]	1.3+0.1s
[840/945]	[L1: 0.0306]	1.3+0.1s
[880/945]	[L1: 0.0307]	1.3+0.1s
[920/945]	[L1: 0.0306]	1.3+0.1s

Evaluation:
[UCMerced x4]	psnr: 27.746 (Best: 27.795 @epoch 73)
Total time: 1.80s

[Epoch 77]	Learning rate: 2.00e-4
[40/945]	[L1: 0.0331]	1.3+0.1s
[80/945]	[L1: 0.0313]	1.3+0.1s
[120/945]	[L1: 0.0306]	1.3+0.1s
[160/945]	[L1: 0.0304]	1.3+0.1s
[200/945]	[L1: 0.0305]	1.3+0.1s
[240/945]	[L1: 0.0307]	1.3+0.1s
[280/945]	[L1: 0.0302]	1.3+0.1s
[320/945]	[L1: 0.0306]	1.3+0.1s
[360/945]	[L1: 0.0305]	1.3+0.1s
[400/945]	[L1: 0.0304]	1.3+0.1s
[440/945]	[L1: 0.0305]	1.4+0.1s
[480/945]	[L1: 0.0304]	1.3+0.1s
[520/945]	[L1: 0.0308]	1.4+0.1s
[560/945]	[L1: 0.0305]	1.3+0.1s
[600/945]	[L1: 0.0304]	1.3+0.1s
[640/945]	[L1: 0.0305]	1.3+0.1s
[680/945]	[L1: 0.0306]	1.3+0.1s
[720/945]	[L1: 0.0305]	1.3+0.1s
[760/945]	[L1: 0.0305]	1.3+0.1s
[800/945]	[L1: 0.0306]	1.3+0.1s
[840/945]	[L1: 0.0305]	1.3+0.1s
[880/945]	[L1: 0.0305]	1.4+0.1s
[920/945]	[L1: 0.0304]	1.3+0.1s

Evaluation:
[UCMerced x4]	psnr: 27.801 (Best: 27.801 @epoch 77)
Total time: 1.80s

[Epoch 78]	Learning rate: 2.00e-4
[40/945]	[L1: 0.0285]	1.3+0.1s
[80/945]	[L1: 0.0277]	1.3+0.1s
[120/945]	[L1: 0.0282]	1.3+0.1s
[160/945]	[L1: 0.0282]	1.4+0.1s
[200/945]	[L1: 0.0289]	1.3+0.1s
[240/945]	[L1: 0.0288]	1.3+0.1s
[280/945]	[L1: 0.0291]	1.4+0.1s
[320/945]	[L1: 0.0290]	1.3+0.1s
[360/945]	[L1: 0.0293]	1.3+0.1s
[400/945]	[L1: 0.0297]	1.3+0.1s
[440/945]	[L1: 0.0298]	1.3+0.1s
[480/945]	[L1: 0.0300]	1.3+0.1s
[520/945]	[L1: 0.0298]	1.3+0.1s
[560/945]	[L1: 0.0297]	1.4+0.1s
[600/945]	[L1: 0.0297]	1.3+0.1s
[640/945]	[L1: 0.0298]	1.3+0.1s
[680/945]	[L1: 0.0297]	1.3+0.1s
[720/945]	[L1: 0.0301]	1.3+0.1s
[760/945]	[L1: 0.0302]	1.3+0.1s
[800/945]	[L1: 0.0304]	1.3+0.1s
[840/945]	[L1: 0.0305]	1.3+0.1s
[880/945]	[L1: 0.0306]	1.3+0.1s
[920/945]	[L1: 0.0305]	1.3+0.1s

Evaluation:
[UCMerced x4]	psnr: 27.783 (Best: 27.801 @epoch 77)
Total time: 1.80s

[Epoch 79]	Learning rate: 2.00e-4
[40/945]	[L1: 0.0312]	1.4+0.1s
[80/945]	[L1: 0.0312]	1.3+0.1s
[120/945]	[L1: 0.0305]	1.3+0.1s
[160/945]	[L1: 0.0311]	1.3+0.1s
[200/945]	[L1: 0.0308]	1.3+0.1s
[240/945]	[L1: 0.0311]	1.3+0.1s
[280/945]	[L1: 0.0312]	1.3+0.1s
[320/945]	[L1: 0.0310]	1.3+0.1s
[360/945]	[L1: 0.0311]	1.3+0.1s
[400/945]	[L1: 0.0310]	1.3+0.1s
[440/945]	[L1: 0.0307]	1.3+0.1s
[480/945]	[L1: 0.0307]	1.3+0.1s
[520/945]	[L1: 0.0307]	1.3+0.1s
[560/945]	[L1: 0.0308]	1.3+0.1s
[600/945]	[L1: 0.0307]	1.4+0.1s
[640/945]	[L1: 0.0309]	1.3+0.1s
[680/945]	[L1: 0.0307]	1.3+0.1s
[720/945]	[L1: 0.0308]	1.3+0.1s
[760/945]	[L1: 0.0306]	1.3+0.1s
[800/945]	[L1: 0.0306]	1.3+0.1s
[840/945]	[L1: 0.0306]	1.3+0.1s
[880/945]	[L1: 0.0305]	1.3+0.1s
[920/945]	[L1: 0.0304]	1.3+0.1s

Evaluation:
[UCMerced x4]	psnr: 27.801 (Best: 27.801 @epoch 79)
Total time: 1.79s

[Epoch 80]	Learning rate: 2.00e-4
[40/945]	[L1: 0.0305]	1.3+0.1s
[80/945]	[L1: 0.0314]	1.3+0.1s
[120/945]	[L1: 0.0302]	1.4+0.1s
[160/945]	[L1: 0.0304]	1.3+0.1s
[200/945]	[L1: 0.0304]	1.3+0.1s
[240/945]	[L1: 0.0309]	1.3+0.1s
[280/945]	[L1: 0.0303]	1.3+0.1s
[320/945]	[L1: 0.0301]	1.3+0.1s
[360/945]	[L1: 0.0305]	1.3+0.1s
[400/945]	[L1: 0.0307]	1.3+0.1s
[440/945]	[L1: 0.0305]	1.3+0.1s
[480/945]	[L1: 0.0305]	1.3+0.1s
[520/945]	[L1: 0.0303]	1.3+0.1s
[560/945]	[L1: 0.0304]	1.3+0.1s
[600/945]	[L1: 0.0305]	1.3+0.1s
[640/945]	[L1: 0.0304]	1.3+0.1s
[680/945]	[L1: 0.0305]	1.4+0.1s
[720/945]	[L1: 0.0305]	1.3+0.1s
[760/945]	[L1: 0.0305]	1.3+0.1s
[800/945]	[L1: 0.0304]	1.3+0.1s
[840/945]	[L1: 0.0305]	1.3+0.1s
[880/945]	[L1: 0.0306]	1.3+0.1s
[920/945]	[L1: 0.0305]	1.3+0.1s

Evaluation:
[UCMerced x4]	psnr: 27.775 (Best: 27.801 @epoch 79)
Total time: 1.80s

[Epoch 81]	Learning rate: 2.00e-4
[40/945]	[L1: 0.0285]	1.3+0.1s
[80/945]	[L1: 0.0310]	1.3+0.1s
[120/945]	[L1: 0.0305]	1.3+0.1s
[160/945]	[L1: 0.0306]	1.3+0.1s
[200/945]	[L1: 0.0309]	1.4+0.1s
[240/945]	[L1: 0.0308]	1.3+0.1s
[280/945]	[L1: 0.0304]	1.3+0.1s
[320/945]	[L1: 0.0302]	1.3+0.1s
[360/945]	[L1: 0.0304]	1.3+0.1s
[400/945]	[L1: 0.0306]	1.3+0.1s
[440/945]	[L1: 0.0304]	1.3+0.1s
[480/945]	[L1: 0.0305]	1.3+0.1s
[520/945]	[L1: 0.0306]	1.3+0.1s
[560/945]	[L1: 0.0303]	1.3+0.1s
[600/945]	[L1: 0.0302]	1.3+0.1s
[640/945]	[L1: 0.0304]	1.3+0.1s
[680/945]	[L1: 0.0304]	1.3+0.1s
[720/945]	[L1: 0.0306]	1.3+0.1s
[760/945]	[L1: 0.0305]	1.4+0.1s
[800/945]	[L1: 0.0305]	1.3+0.1s
[840/945]	[L1: 0.0305]	1.3+0.1s
[880/945]	[L1: 0.0304]	1.3+0.1s
[920/945]	[L1: 0.0303]	1.3+0.1s

Evaluation:
[UCMerced x4]	psnr: 27.776 (Best: 27.801 @epoch 79)
Total time: 1.80s

[Epoch 82]	Learning rate: 2.00e-4
[40/945]	[L1: 0.0270]	1.3+0.1s
[80/945]	[L1: 0.0279]	1.3+0.1s
[120/945]	[L1: 0.0280]	1.3+0.1s
[160/945]	[L1: 0.0299]	1.3+0.1s
[200/945]	[L1: 0.0299]	1.3+0.1s
[240/945]	[L1: 0.0301]	1.4+0.1s
[280/945]	[L1: 0.0300]	1.5+0.1s
[320/945]	[L1: 0.0299]	1.3+0.1s
[360/945]	[L1: 0.0300]	1.3+0.1s
[400/945]	[L1: 0.0301]	1.3+0.1s
[440/945]	[L1: 0.0300]	1.3+0.1s
[480/945]	[L1: 0.0301]	1.3+0.1s
[520/945]	[L1: 0.0303]	1.3+0.1s
[560/945]	[L1: 0.0303]	1.3+0.1s
[600/945]	[L1: 0.0303]	1.3+0.1s
[640/945]	[L1: 0.0303]	1.3+0.1s
[680/945]	[L1: 0.0303]	1.3+0.1s
[720/945]	[L1: 0.0304]	1.3+0.1s
[760/945]	[L1: 0.0305]	1.3+0.1s
[800/945]	[L1: 0.0305]	1.3+0.1s
[840/945]	[L1: 0.0307]	1.4+0.1s
[880/945]	[L1: 0.0305]	1.3+0.1s
[920/945]	[L1: 0.0304]	1.3+0.1s

Evaluation:
[UCMerced x4]	psnr: 27.766 (Best: 27.801 @epoch 79)
Total time: 1.80s

[Epoch 83]	Learning rate: 2.00e-4
[40/945]	[L1: 0.0318]	1.3+0.1s
[80/945]	[L1: 0.0316]	1.3+0.1s
[120/945]	[L1: 0.0315]	1.3+0.1s
[160/945]	[L1: 0.0326]	1.3+0.1s
[200/945]	[L1: 0.0322]	1.3+0.1s
[240/945]	[L1: 0.0324]	1.3+0.1s
[280/945]	[L1: 0.0322]	1.3+0.1s
[320/945]	[L1: 0.0318]	1.5+0.1s
[360/945]	[L1: 0.0317]	1.3+0.1s
[400/945]	[L1: 0.0314]	1.3+0.1s
[440/945]	[L1: 0.0311]	1.3+0.1s
[480/945]	[L1: 0.0309]	1.3+0.1s
[520/945]	[L1: 0.0308]	1.3+0.1s
[560/945]	[L1: 0.0306]	1.3+0.1s
[600/945]	[L1: 0.0306]	1.3+0.1s
[640/945]	[L1: 0.0306]	1.3+0.1s
[680/945]	[L1: 0.0307]	1.3+0.1s
[720/945]	[L1: 0.0309]	1.3+0.1s
[760/945]	[L1: 0.0308]	1.3+0.1s
[800/945]	[L1: 0.0307]	1.3+0.1s
[840/945]	[L1: 0.0307]	1.3+0.1s
[880/945]	[L1: 0.0305]	1.3+0.1s
[920/945]	[L1: 0.0304]	1.4+0.1s

Evaluation:
[UCMerced x4]	psnr: 27.774 (Best: 27.801 @epoch 79)
Total time: 1.79s

[Epoch 84]	Learning rate: 2.00e-4
[40/945]	[L1: 0.0307]	1.3+0.1s
[80/945]	[L1: 0.0298]	1.3+0.1s
[120/945]	[L1: 0.0295]	1.3+0.1s
[160/945]	[L1: 0.0303]	1.3+0.1s
[200/945]	[L1: 0.0307]	1.3+0.1s
[240/945]	[L1: 0.0307]	1.3+0.1s
[280/945]	[L1: 0.0307]	1.3+0.1s
[320/945]	[L1: 0.0312]	1.3+0.1s
[360/945]	[L1: 0.0315]	1.3+0.1s
[400/945]	[L1: 0.0313]	1.5+0.1s
[440/945]	[L1: 0.0310]	1.3+0.1s
[480/945]	[L1: 0.0309]	1.3+0.1s
[520/945]	[L1: 0.0305]	1.3+0.1s
[560/945]	[L1: 0.0306]	1.3+0.1s
[600/945]	[L1: 0.0307]	1.3+0.1s
[640/945]	[L1: 0.0306]	1.3+0.1s
[680/945]	[L1: 0.0306]	1.3+0.1s
[720/945]	[L1: 0.0306]	1.3+0.1s
[760/945]	[L1: 0.0308]	1.3+0.1s
[800/945]	[L1: 0.0306]	1.3+0.1s
[840/945]	[L1: 0.0306]	1.3+0.1s
[880/945]	[L1: 0.0305]	1.3+0.1s
[920/945]	[L1: 0.0304]	1.3+0.1s

Evaluation:
[UCMerced x4]	psnr: 27.805 (Best: 27.805 @epoch 84)
Total time: 1.79s

[Epoch 85]	Learning rate: 2.00e-4
[40/945]	[L1: 0.0301]	1.2+0.1s
[80/945]	[L1: 0.0297]	1.2+0.1s
[120/945]	[L1: 0.0302]	1.2+0.1s
[160/945]	[L1: 0.0304]	1.2+0.1s
[200/945]	[L1: 0.0305]	1.2+0.1s
[240/945]	[L1: 0.0307]	1.2+0.1s
[280/945]	[L1: 0.0304]	1.2+0.1s
[320/945]	[L1: 0.0300]	1.2+0.1s
[360/945]	[L1: 0.0297]	1.2+0.1s
[400/945]	[L1: 0.0297]	1.2+0.1s
[440/945]	[L1: 0.0299]	1.3+0.1s
[480/945]	[L1: 0.0299]	1.2+0.1s
[520/945]	[L1: 0.0300]	1.2+0.1s
[560/945]	[L1: 0.0300]	1.2+0.1s
[600/945]	[L1: 0.0300]	1.2+0.1s
[640/945]	[L1: 0.0302]	1.2+0.1s
[680/945]	[L1: 0.0302]	1.2+0.1s
[720/945]	[L1: 0.0305]	1.2+0.1s
[760/945]	[L1: 0.0307]	1.2+0.1s
[800/945]	[L1: 0.0306]	1.2+0.1s
[840/945]	[L1: 0.0305]	1.2+0.1s
[880/945]	[L1: 0.0305]	1.2+0.1s
[920/945]	[L1: 0.0304]	1.2+0.1s

Evaluation:
[UCMerced x4]	psnr: 27.835 (Best: 27.835 @epoch 85)
Total time: 1.77s

[Epoch 86]	Learning rate: 2.00e-4
[40/945]	[L1: 0.0291]	1.2+0.1s
[80/945]	[L1: 0.0293]	1.2+0.1s
[120/945]	[L1: 0.0292]	1.2+0.1s
[160/945]	[L1: 0.0307]	1.2+0.1s
[200/945]	[L1: 0.0308]	1.2+0.1s
[240/945]	[L1: 0.0308]	1.2+0.1s
[280/945]	[L1: 0.0309]	1.2+0.1s
[320/945]	[L1: 0.0309]	1.2+0.1s
[360/945]	[L1: 0.0311]	1.2+0.1s
[400/945]	[L1: 0.0309]	1.2+0.1s
[440/945]	[L1: 0.0310]	1.2+0.1s
[480/945]	[L1: 0.0308]	1.2+0.1s
[520/945]	[L1: 0.0308]	1.3+0.1s
[560/945]	[L1: 0.0306]	1.2+0.1s
[600/945]	[L1: 0.0306]	1.2+0.1s
[640/945]	[L1: 0.0305]	1.2+0.1s
[680/945]	[L1: 0.0304]	1.2+0.1s
[720/945]	[L1: 0.0302]	1.2+0.1s
[760/945]	[L1: 0.0303]	1.2+0.1s
[800/945]	[L1: 0.0304]	1.2+0.1s
[840/945]	[L1: 0.0304]	1.2+0.1s
[880/945]	[L1: 0.0303]	1.2+0.1s
[920/945]	[L1: 0.0303]	1.2+0.1s

Evaluation:
[UCMerced x4]	psnr: 27.790 (Best: 27.835 @epoch 85)
Total time: 1.77s

[Epoch 87]	Learning rate: 2.00e-4
[40/945]	[L1: 0.0291]	1.3+0.1s
[80/945]	[L1: 0.0294]	1.2+0.1s
[120/945]	[L1: 0.0304]	1.2+0.1s
[160/945]	[L1: 0.0305]	1.2+0.1s
[200/945]	[L1: 0.0303]	1.2+0.1s
[240/945]	[L1: 0.0303]	1.3+0.1s
[280/945]	[L1: 0.0297]	1.3+0.1s
[320/945]	[L1: 0.0296]	1.3+0.1s
[360/945]	[L1: 0.0295]	1.3+0.1s
[400/945]	[L1: 0.0296]	1.3+0.1s
[440/945]	[L1: 0.0296]	1.3+0.1s
[480/945]	[L1: 0.0299]	1.3+0.1s
[520/945]	[L1: 0.0301]	1.3+0.1s
[560/945]	[L1: 0.0303]	1.3+0.1s
[600/945]	[L1: 0.0305]	1.4+0.1s
[640/945]	[L1: 0.0303]	1.3+0.1s
[680/945]	[L1: 0.0303]	1.3+0.1s
[720/945]	[L1: 0.0305]	1.3+0.1s
[760/945]	[L1: 0.0305]	1.3+0.1s
[800/945]	[L1: 0.0304]	1.3+0.1s
[840/945]	[L1: 0.0304]	1.3+0.1s
[880/945]	[L1: 0.0303]	1.3+0.1s
[920/945]	[L1: 0.0304]	1.3+0.1s

Evaluation:
[UCMerced x4]	psnr: 27.784 (Best: 27.835 @epoch 85)
Total time: 1.78s

[Epoch 88]	Learning rate: 2.00e-4
[40/945]	[L1: 0.0270]	1.3+0.1s
[80/945]	[L1: 0.0296]	1.3+0.1s
[120/945]	[L1: 0.0291]	1.5+0.1s
[160/945]	[L1: 0.0294]	1.3+0.1s
[200/945]	[L1: 0.0298]	1.3+0.1s
[240/945]	[L1: 0.0301]	1.3+0.1s
[280/945]	[L1: 0.0299]	1.3+0.1s
[320/945]	[L1: 0.0304]	1.3+0.1s
[360/945]	[L1: 0.0307]	1.3+0.1s
[400/945]	[L1: 0.0301]	1.3+0.1s
[440/945]	[L1: 0.0300]	1.3+0.1s
[480/945]	[L1: 0.0301]	1.3+0.1s
[520/945]	[L1: 0.0302]	1.3+0.1s
[560/945]	[L1: 0.0303]	1.3+0.1s
[600/945]	[L1: 0.0302]	1.3+0.1s
[640/945]	[L1: 0.0302]	1.3+0.1s
[680/945]	[L1: 0.0302]	1.4+0.1s
[720/945]	[L1: 0.0301]	1.3+0.1s
[760/945]	[L1: 0.0302]	1.3+0.1s
[800/945]	[L1: 0.0302]	1.3+0.1s
[840/945]	[L1: 0.0304]	1.3+0.1s
[880/945]	[L1: 0.0302]	1.3+0.1s
[920/945]	[L1: 0.0303]	1.3+0.1s

Evaluation:
[UCMerced x4]	psnr: 27.741 (Best: 27.835 @epoch 85)
Total time: 1.80s

[Epoch 89]	Learning rate: 2.00e-4
[40/945]	[L1: 0.0295]	1.3+0.1s
[80/945]	[L1: 0.0307]	1.3+0.1s
[120/945]	[L1: 0.0307]	1.3+0.1s
[160/945]	[L1: 0.0309]	1.3+0.1s
[200/945]	[L1: 0.0308]	1.4+0.1s
[240/945]	[L1: 0.0311]	1.3+0.1s
[280/945]	[L1: 0.0311]	1.3+0.1s
[320/945]	[L1: 0.0308]	1.3+0.1s
[360/945]	[L1: 0.0306]	1.3+0.1s
[400/945]	[L1: 0.0304]	1.3+0.1s
[440/945]	[L1: 0.0304]	1.3+0.1s
[480/945]	[L1: 0.0302]	1.3+0.1s
[520/945]	[L1: 0.0302]	1.3+0.1s
[560/945]	[L1: 0.0301]	1.3+0.1s
[600/945]	[L1: 0.0300]	1.3+0.1s
[640/945]	[L1: 0.0299]	1.3+0.1s
[680/945]	[L1: 0.0298]	1.3+0.1s
[720/945]	[L1: 0.0298]	1.3+0.1s
[760/945]	[L1: 0.0299]	1.4+0.1s
[800/945]	[L1: 0.0301]	1.3+0.1s
[840/945]	[L1: 0.0299]	1.3+0.1s
[880/945]	[L1: 0.0300]	1.3+0.1s
[920/945]	[L1: 0.0302]	1.3+0.1s

Evaluation:
[UCMerced x4]	psnr: 27.753 (Best: 27.835 @epoch 85)
Total time: 1.79s

[Epoch 90]	Learning rate: 2.00e-4
[40/945]	[L1: 0.0301]	1.3+0.1s
[80/945]	[L1: 0.0290]	1.3+0.1s
[120/945]	[L1: 0.0291]	1.3+0.1s
[160/945]	[L1: 0.0290]	1.3+0.0s
[200/945]	[L1: 0.0292]	1.3+0.1s
[240/945]	[L1: 0.0297]	1.3+0.1s
[280/945]	[L1: 0.0299]	1.5+0.1s
[320/945]	[L1: 0.0297]	1.3+0.1s
[360/945]	[L1: 0.0295]	1.3+0.1s
[400/945]	[L1: 0.0297]	1.3+0.1s
[440/945]	[L1: 0.0296]	1.3+0.1s
[480/945]	[L1: 0.0298]	1.3+0.1s
[520/945]	[L1: 0.0297]	1.3+0.1s
[560/945]	[L1: 0.0295]	1.4+0.1s
[600/945]	[L1: 0.0297]	1.3+0.1s
[640/945]	[L1: 0.0298]	1.3+0.1s
[680/945]	[L1: 0.0298]	1.3+0.1s
[720/945]	[L1: 0.0299]	1.3+0.1s
[760/945]	[L1: 0.0300]	1.3+0.1s
[800/945]	[L1: 0.0301]	1.3+0.1s
[840/945]	[L1: 0.0301]	1.4+0.1s
[880/945]	[L1: 0.0302]	1.3+0.1s
[920/945]	[L1: 0.0302]	1.3+0.1s

Evaluation:
[UCMerced x4]	psnr: 27.799 (Best: 27.835 @epoch 85)
Total time: 1.81s

[Epoch 91]	Learning rate: 2.00e-4
[40/945]	[L1: 0.0309]	1.3+0.1s
[80/945]	[L1: 0.0289]	1.3+0.1s
[120/945]	[L1: 0.0289]	1.3+0.1s
[160/945]	[L1: 0.0287]	1.3+0.1s
[200/945]	[L1: 0.0291]	1.3+0.1s
[240/945]	[L1: 0.0289]	1.3+0.1s
[280/945]	[L1: 0.0289]	1.3+0.1s
[320/945]	[L1: 0.0289]	1.3+0.1s
[360/945]	[L1: 0.0295]	1.5+0.1s
[400/945]	[L1: 0.0293]	1.3+0.1s
[440/945]	[L1: 0.0293]	1.3+0.1s
[480/945]	[L1: 0.0295]	1.3+0.1s
[520/945]	[L1: 0.0294]	1.3+0.1s
[560/945]	[L1: 0.0296]	1.3+0.1s
[600/945]	[L1: 0.0298]	1.3+0.1s
[640/945]	[L1: 0.0297]	1.3+0.1s
[680/945]	[L1: 0.0298]	1.3+0.1s
[720/945]	[L1: 0.0298]	1.3+0.1s
[760/945]	[L1: 0.0298]	1.3+0.1s
[800/945]	[L1: 0.0299]	1.3+0.1s
[840/945]	[L1: 0.0299]	1.3+0.1s
[880/945]	[L1: 0.0300]	1.3+0.1s
[920/945]	[L1: 0.0301]	1.4+0.1s

Evaluation:
[UCMerced x4]	psnr: 27.825 (Best: 27.835 @epoch 85)
Total time: 1.78s

[Epoch 92]	Learning rate: 2.00e-4
[40/945]	[L1: 0.0317]	1.3+0.1s
[80/945]	[L1: 0.0300]	1.3+0.1s
[120/945]	[L1: 0.0303]	1.3+0.1s
[160/945]	[L1: 0.0302]	1.3+0.1s
[200/945]	[L1: 0.0301]	1.3+0.1s
[240/945]	[L1: 0.0304]	1.3+0.1s
[280/945]	[L1: 0.0310]	1.3+0.1s
[320/945]	[L1: 0.0310]	1.3+0.1s
[360/945]	[L1: 0.0312]	1.3+0.1s
[400/945]	[L1: 0.0312]	1.4+0.1s
[440/945]	[L1: 0.0310]	1.3+0.1s
[480/945]	[L1: 0.0308]	1.3+0.1s
[520/945]	[L1: 0.0309]	1.3+0.1s
[560/945]	[L1: 0.0309]	1.3+0.1s
[600/945]	[L1: 0.0308]	1.3+0.1s
[640/945]	[L1: 0.0307]	1.3+0.1s
[680/945]	[L1: 0.0307]	1.3+0.1s
[720/945]	[L1: 0.0306]	1.3+0.1s
[760/945]	[L1: 0.0306]	1.4+0.0s
[800/945]	[L1: 0.0305]	1.3+0.1s
[840/945]	[L1: 0.0302]	1.3+0.1s
[880/945]	[L1: 0.0302]	1.3+0.1s
[920/945]	[L1: 0.0302]	1.3+0.1s

Evaluation:
[UCMerced x4]	psnr: 27.781 (Best: 27.835 @epoch 85)
Total time: 1.80s

[Epoch 93]	Learning rate: 2.00e-4
[40/945]	[L1: 0.0275]	1.3+0.1s
[80/945]	[L1: 0.0291]	1.3+0.1s
[120/945]	[L1: 0.0297]	1.3+0.1s
[160/945]	[L1: 0.0297]	1.3+0.1s
[200/945]	[L1: 0.0298]	1.3+0.1s
[240/945]	[L1: 0.0301]	1.3+0.1s
[280/945]	[L1: 0.0298]	1.3+0.1s
[320/945]	[L1: 0.0301]	1.3+0.1s
[360/945]	[L1: 0.0301]	1.3+0.1s
[400/945]	[L1: 0.0303]	1.3+0.1s
[440/945]	[L1: 0.0303]	1.3+0.1s
[480/945]	[L1: 0.0301]	1.3+0.1s
[520/945]	[L1: 0.0305]	1.4+0.1s
[560/945]	[L1: 0.0303]	1.3+0.1s
[600/945]	[L1: 0.0303]	1.3+0.1s
[640/945]	[L1: 0.0304]	1.3+0.1s
[680/945]	[L1: 0.0303]	1.3+0.1s
[720/945]	[L1: 0.0304]	1.3+0.1s
[760/945]	[L1: 0.0303]	1.2+0.1s
[800/945]	[L1: 0.0302]	1.2+0.1s
[840/945]	[L1: 0.0303]	1.2+0.1s
[880/945]	[L1: 0.0303]	1.2+0.1s
[920/945]	[L1: 0.0301]	1.2+0.1s

Evaluation:
[UCMerced x4]	psnr: 27.790 (Best: 27.835 @epoch 85)
Total time: 1.75s

[Epoch 94]	Learning rate: 2.00e-4
[40/945]	[L1: 0.0341]	1.3+0.1s
[80/945]	[L1: 0.0337]	1.2+0.1s
[120/945]	[L1: 0.0315]	1.2+0.1s
[160/945]	[L1: 0.0310]	1.2+0.1s
[200/945]	[L1: 0.0309]	1.2+0.1s
[240/945]	[L1: 0.0308]	1.2+0.1s
[280/945]	[L1: 0.0308]	1.2+0.1s
[320/945]	[L1: 0.0308]	1.2+0.1s
[360/945]	[L1: 0.0310]	1.2+0.1s
[400/945]	[L1: 0.0306]	1.1+0.1s
[440/945]	[L1: 0.0305]	1.2+0.1s
[480/945]	[L1: 0.0304]	1.2+0.1s
[520/945]	[L1: 0.0303]	1.2+0.1s
[560/945]	[L1: 0.0303]	1.2+0.1s
[600/945]	[L1: 0.0303]	1.3+0.1s
[640/945]	[L1: 0.0301]	1.2+0.1s
[680/945]	[L1: 0.0302]	1.2+0.1s
[720/945]	[L1: 0.0302]	1.2+0.1s
[760/945]	[L1: 0.0300]	1.2+0.1s
[800/945]	[L1: 0.0300]	1.2+0.1s
[840/945]	[L1: 0.0299]	1.2+0.1s
[880/945]	[L1: 0.0301]	1.2+0.1s
[920/945]	[L1: 0.0302]	1.2+0.1s

Evaluation:
[UCMerced x4]	psnr: 27.750 (Best: 27.835 @epoch 85)
Total time: 1.76s

[Epoch 95]	Learning rate: 2.00e-4
[40/945]	[L1: 0.0289]	1.2+0.1s
[80/945]	[L1: 0.0285]	1.2+0.1s
[120/945]	[L1: 0.0300]	1.3+0.1s
[160/945]	[L1: 0.0297]	1.2+0.1s
[200/945]	[L1: 0.0295]	1.2+0.1s
[240/945]	[L1: 0.0292]	1.2+0.1s
[280/945]	[L1: 0.0292]	1.2+0.1s
[320/945]	[L1: 0.0290]	1.2+0.1s
[360/945]	[L1: 0.0287]	1.2+0.1s
[400/945]	[L1: 0.0289]	1.2+0.1s
[440/945]	[L1: 0.0292]	1.2+0.1s
[480/945]	[L1: 0.0293]	1.2+0.1s
[520/945]	[L1: 0.0294]	1.2+0.1s
[560/945]	[L1: 0.0295]	1.2+0.1s
[600/945]	[L1: 0.0293]	1.2+0.1s
[640/945]	[L1: 0.0296]	1.2+0.1s
[680/945]	[L1: 0.0298]	1.3+0.1s
[720/945]	[L1: 0.0300]	1.4+0.1s
[760/945]	[L1: 0.0300]	1.3+0.1s
[800/945]	[L1: 0.0301]	1.3+0.1s
[840/945]	[L1: 0.0300]	1.3+0.1s
[880/945]	[L1: 0.0302]	1.3+0.1s
[920/945]	[L1: 0.0302]	1.3+0.1s

Evaluation:
[UCMerced x4]	psnr: 27.791 (Best: 27.835 @epoch 85)
Total time: 1.81s

[Epoch 96]	Learning rate: 2.00e-4
[40/945]	[L1: 0.0313]	1.3+0.1s
[80/945]	[L1: 0.0300]	1.3+0.1s
[120/945]	[L1: 0.0300]	1.3+0.1s
[160/945]	[L1: 0.0302]	1.3+0.1s
[200/945]	[L1: 0.0309]	1.4+0.1s
[240/945]	[L1: 0.0300]	1.3+0.1s
[280/945]	[L1: 0.0298]	1.3+0.1s
[320/945]	[L1: 0.0302]	1.3+0.1s
[360/945]	[L1: 0.0299]	1.3+0.1s
[400/945]	[L1: 0.0304]	1.3+0.1s
[440/945]	[L1: 0.0302]	1.3+0.1s
[480/945]	[L1: 0.0304]	1.3+0.1s
[520/945]	[L1: 0.0303]	1.3+0.1s
[560/945]	[L1: 0.0301]	1.3+0.1s
[600/945]	[L1: 0.0303]	1.3+0.1s
[640/945]	[L1: 0.0303]	1.3+0.1s
[680/945]	[L1: 0.0303]	1.3+0.1s
[720/945]	[L1: 0.0303]	1.3+0.1s
[760/945]	[L1: 0.0301]	1.3+0.1s
[800/945]	[L1: 0.0302]	1.4+0.1s
[840/945]	[L1: 0.0301]	1.3+0.1s
[880/945]	[L1: 0.0302]	1.3+0.1s
[920/945]	[L1: 0.0301]	1.3+0.1s

Evaluation:
[UCMerced x4]	psnr: 27.844 (Best: 27.844 @epoch 96)
Total time: 1.79s

[Epoch 97]	Learning rate: 2.00e-4
[40/945]	[L1: 0.0316]	1.3+0.1s
[80/945]	[L1: 0.0313]	1.3+0.1s
[120/945]	[L1: 0.0305]	1.3+0.1s
[160/945]	[L1: 0.0306]	1.3+0.1s
[200/945]	[L1: 0.0308]	1.3+0.1s
[240/945]	[L1: 0.0307]	1.3+0.1s
[280/945]	[L1: 0.0310]	1.4+0.1s
[320/945]	[L1: 0.0310]	1.3+0.1s
[360/945]	[L1: 0.0305]	1.3+0.1s
[400/945]	[L1: 0.0300]	1.3+0.1s
[440/945]	[L1: 0.0300]	1.3+0.1s
[480/945]	[L1: 0.0298]	1.3+0.1s
[520/945]	[L1: 0.0300]	1.3+0.1s
[560/945]	[L1: 0.0300]	1.3+0.1s
[600/945]	[L1: 0.0302]	1.3+0.1s
[640/945]	[L1: 0.0302]	1.3+0.1s
[680/945]	[L1: 0.0302]	1.3+0.1s
[720/945]	[L1: 0.0300]	1.3+0.1s
[760/945]	[L1: 0.0300]	1.3+0.1s
[800/945]	[L1: 0.0301]	1.3+0.1s
[840/945]	[L1: 0.0301]	1.4+0.1s
[880/945]	[L1: 0.0300]	1.3+0.1s
[920/945]	[L1: 0.0302]	1.3+0.1s

Evaluation:
[UCMerced x4]	psnr: 27.807 (Best: 27.844 @epoch 96)
Total time: 1.77s

[Epoch 98]	Learning rate: 2.00e-4
[40/945]	[L1: 0.0275]	1.3+0.1s
[80/945]	[L1: 0.0287]	1.3+0.1s
[120/945]	[L1: 0.0295]	1.3+0.1s
[160/945]	[L1: 0.0305]	1.3+0.1s
[200/945]	[L1: 0.0305]	1.3+0.1s
[240/945]	[L1: 0.0304]	1.3+0.1s
[280/945]	[L1: 0.0303]	1.3+0.1s
[320/945]	[L1: 0.0301]	1.3+0.1s
[360/945]	[L1: 0.0297]	1.4+0.1s
[400/945]	[L1: 0.0301]	1.3+0.1s
[440/945]	[L1: 0.0301]	1.3+0.1s
[480/945]	[L1: 0.0299]	1.3+0.1s
[520/945]	[L1: 0.0302]	1.3+0.1s
[560/945]	[L1: 0.0304]	1.3+0.1s
[600/945]	[L1: 0.0302]	1.3+0.1s
[640/945]	[L1: 0.0303]	1.3+0.1s
[680/945]	[L1: 0.0303]	1.3+0.1s
[720/945]	[L1: 0.0302]	1.3+0.1s
[760/945]	[L1: 0.0303]	1.3+0.1s
[800/945]	[L1: 0.0303]	1.3+0.1s
[840/945]	[L1: 0.0303]	1.3+0.1s
[880/945]	[L1: 0.0303]	1.4+0.1s
[920/945]	[L1: 0.0302]	1.4+0.1s

Evaluation:
[UCMerced x4]	psnr: 27.798 (Best: 27.844 @epoch 96)
Total time: 1.79s

[Epoch 99]	Learning rate: 2.00e-4
[40/945]	[L1: 0.0304]	1.3+0.1s
[80/945]	[L1: 0.0308]	1.3+0.1s
[120/945]	[L1: 0.0311]	1.3+0.1s
[160/945]	[L1: 0.0310]	1.3+0.1s
[200/945]	[L1: 0.0309]	1.3+0.1s
[240/945]	[L1: 0.0302]	1.3+0.1s
[280/945]	[L1: 0.0299]	1.3+0.1s
[320/945]	[L1: 0.0299]	1.3+0.1s
[360/945]	[L1: 0.0303]	1.3+0.0s
[400/945]	[L1: 0.0305]	1.5+0.1s
[440/945]	[L1: 0.0303]	1.3+0.1s
[480/945]	[L1: 0.0303]	1.3+0.1s
[520/945]	[L1: 0.0301]	1.3+0.1s
[560/945]	[L1: 0.0301]	1.3+0.0s
[600/945]	[L1: 0.0300]	1.3+0.1s
[640/945]	[L1: 0.0300]	1.3+0.1s
[680/945]	[L1: 0.0300]	1.3+0.1s
[720/945]	[L1: 0.0301]	1.3+0.1s
[760/945]	[L1: 0.0302]	1.3+0.1s
[800/945]	[L1: 0.0302]	1.3+0.1s
[840/945]	[L1: 0.0303]	1.3+0.1s
[880/945]	[L1: 0.0302]	1.3+0.1s
[920/945]	[L1: 0.0302]	1.3+0.1s

Evaluation:
[UCMerced x4]	psnr: 27.805 (Best: 27.844 @epoch 96)
Total time: 1.80s

[Epoch 100]	Learning rate: 2.00e-4
[40/945]	[L1: 0.0329]	1.3+0.1s
[80/945]	[L1: 0.0304]	1.3+0.1s
[120/945]	[L1: 0.0308]	1.4+0.1s
[160/945]	[L1: 0.0313]	1.3+0.1s
[200/945]	[L1: 0.0311]	1.3+0.1s
[240/945]	[L1: 0.0311]	1.3+0.1s
[280/945]	[L1: 0.0309]	1.3+0.1s
[320/945]	[L1: 0.0308]	1.3+0.1s
[360/945]	[L1: 0.0311]	1.3+0.1s
[400/945]	[L1: 0.0308]	1.3+0.1s
[440/945]	[L1: 0.0305]	1.3+0.1s
[480/945]	[L1: 0.0307]	1.3+0.1s
[520/945]	[L1: 0.0306]	1.4+0.1s
[560/945]	[L1: 0.0307]	1.3+0.1s
[600/945]	[L1: 0.0310]	1.3+0.1s
[640/945]	[L1: 0.0308]	1.3+0.1s
[680/945]	[L1: 0.0306]	1.3+0.1s
[720/945]	[L1: 0.0306]	1.3+0.1s
[760/945]	[L1: 0.0306]	1.3+0.1s
[800/945]	[L1: 0.0305]	1.3+0.1s
[840/945]	[L1: 0.0305]	1.3+0.1s
[880/945]	[L1: 0.0303]	1.3+0.1s
[920/945]	[L1: 0.0302]	1.3+0.1s
Saved epoch checkpoint at epoch 100

Evaluation:
[UCMerced x4]	psnr: 27.835 (Best: 27.844 @epoch 96)
Total time: 1.78s

[Epoch 101]	Learning rate: 2.00e-4
[40/945]	[L1: 0.0288]	1.3+0.1s
[80/945]	[L1: 0.0293]	1.3+0.1s
[120/945]	[L1: 0.0295]	1.3+0.1s
[160/945]	[L1: 0.0298]	1.3+0.1s
[200/945]	[L1: 0.0295]	1.3+0.1s
[240/945]	[L1: 0.0299]	1.3+0.1s
[280/945]	[L1: 0.0299]	1.3+0.1s
[320/945]	[L1: 0.0296]	1.3+0.1s
[360/945]	[L1: 0.0296]	1.3+0.1s
[400/945]	[L1: 0.0297]	1.3+0.1s
[440/945]	[L1: 0.0297]	1.3+0.1s
[480/945]	[L1: 0.0297]	1.3+0.1s
[520/945]	[L1: 0.0296]	1.4+0.1s
[560/945]	[L1: 0.0298]	1.3+0.1s
[600/945]	[L1: 0.0298]	1.3+0.1s
[640/945]	[L1: 0.0300]	1.3+0.1s
[680/945]	[L1: 0.0301]	1.3+0.1s
[720/945]	[L1: 0.0300]	1.3+0.1s
[760/945]	[L1: 0.0298]	1.3+0.1s
[800/945]	[L1: 0.0299]	1.3+0.1s
[840/945]	[L1: 0.0300]	1.3+0.1s
[880/945]	[L1: 0.0301]	1.3+0.1s
[920/945]	[L1: 0.0302]	1.3+0.1s

Evaluation:
[UCMerced x4]	psnr: 27.855 (Best: 27.855 @epoch 101)
Total time: 1.78s

[Epoch 102]	Learning rate: 2.00e-4
[40/945]	[L1: 0.0278]	1.4+0.1s
[80/945]	[L1: 0.0289]	1.3+0.1s
[120/945]	[L1: 0.0303]	1.3+0.1s
[160/945]	[L1: 0.0305]	1.3+0.1s
[200/945]	[L1: 0.0308]	1.3+0.1s
[240/945]	[L1: 0.0308]	1.3+0.1s
[280/945]	[L1: 0.0308]	1.3+0.1s
[320/945]	[L1: 0.0303]	1.3+0.1s
[360/945]	[L1: 0.0302]	1.3+0.1s
[400/945]	[L1: 0.0300]	1.3+0.1s
[440/945]	[L1: 0.0300]	1.3+0.1s
[480/945]	[L1: 0.0301]	1.3+0.1s
[520/945]	[L1: 0.0303]	1.3+0.1s
[560/945]	[L1: 0.0302]	1.3+0.1s
[600/945]	[L1: 0.0300]	1.4+0.1s
[640/945]	[L1: 0.0303]	1.3+0.1s
[680/945]	[L1: 0.0304]	1.3+0.1s
[720/945]	[L1: 0.0302]	1.3+0.1s
[760/945]	[L1: 0.0303]	1.3+0.1s
[800/945]	[L1: 0.0303]	1.3+0.1s
[840/945]	[L1: 0.0302]	1.3+0.1s
[880/945]	[L1: 0.0301]	1.3+0.1s
[920/945]	[L1: 0.0300]	1.3+0.1s

Evaluation:
[UCMerced x4]	psnr: 27.717 (Best: 27.855 @epoch 101)
Total time: 1.81s

[Epoch 103]	Learning rate: 2.00e-4
[40/945]	[L1: 0.0301]	1.4+0.1s
[80/945]	[L1: 0.0299]	1.5+0.1s
[120/945]	[L1: 0.0294]	1.4+0.1s
[160/945]	[L1: 0.0295]	1.3+0.1s
[200/945]	[L1: 0.0301]	1.3+0.1s
[240/945]	[L1: 0.0310]	1.3+0.1s
[280/945]	[L1: 0.0308]	1.4+0.1s
[320/945]	[L1: 0.0307]	1.3+0.1s
[360/945]	[L1: 0.0305]	1.3+0.1s
[400/945]	[L1: 0.0302]	1.3+0.1s
[440/945]	[L1: 0.0298]	1.3+0.1s
[480/945]	[L1: 0.0298]	1.3+0.1s
[520/945]	[L1: 0.0296]	1.3+0.1s
[560/945]	[L1: 0.0297]	1.3+0.1s
[600/945]	[L1: 0.0298]	1.3+0.1s
[640/945]	[L1: 0.0297]	1.3+0.1s
[680/945]	[L1: 0.0299]	1.4+0.1s
[720/945]	[L1: 0.0300]	1.3+0.1s
[760/945]	[L1: 0.0300]	1.3+0.1s
[800/945]	[L1: 0.0300]	1.3+0.1s
[840/945]	[L1: 0.0301]	1.3+0.1s
[880/945]	[L1: 0.0301]	1.3+0.1s
[920/945]	[L1: 0.0299]	1.3+0.1s

Evaluation:
[UCMerced x4]	psnr: 27.862 (Best: 27.862 @epoch 103)
Total time: 1.79s

[Epoch 104]	Learning rate: 2.00e-4
[40/945]	[L1: 0.0332]	1.4+0.1s
[80/945]	[L1: 0.0322]	1.3+0.1s
[120/945]	[L1: 0.0313]	1.3+0.1s
[160/945]	[L1: 0.0311]	1.5+0.1s
[200/945]	[L1: 0.0313]	1.3+0.1s
[240/945]	[L1: 0.0310]	1.3+0.1s
[280/945]	[L1: 0.0308]	1.3+0.1s
[320/945]	[L1: 0.0308]	1.3+0.1s
[360/945]	[L1: 0.0307]	1.3+0.1s
[400/945]	[L1: 0.0307]	1.3+0.1s
[440/945]	[L1: 0.0305]	1.3+0.1s
[480/945]	[L1: 0.0303]	1.3+0.1s
[520/945]	[L1: 0.0303]	1.3+0.1s
[560/945]	[L1: 0.0301]	1.3+0.1s
[600/945]	[L1: 0.0298]	1.3+0.1s
[640/945]	[L1: 0.0297]	1.4+0.1s
[680/945]	[L1: 0.0298]	1.3+0.1s
[720/945]	[L1: 0.0299]	1.4+0.1s
[760/945]	[L1: 0.0300]	1.3+0.1s
[800/945]	[L1: 0.0300]	1.3+0.1s
[840/945]	[L1: 0.0302]	1.3+0.1s
[880/945]	[L1: 0.0301]	1.3+0.1s
[920/945]	[L1: 0.0300]	1.3+0.1s

Evaluation:
[UCMerced x4]	psnr: 27.841 (Best: 27.862 @epoch 103)
Total time: 1.80s

[Epoch 105]	Learning rate: 2.00e-4
[40/945]	[L1: 0.0313]	1.3+0.1s
[80/945]	[L1: 0.0312]	1.3+0.1s
[120/945]	[L1: 0.0309]	1.3+0.1s
[160/945]	[L1: 0.0307]	1.3+0.1s
[200/945]	[L1: 0.0303]	1.3+0.1s
[240/945]	[L1: 0.0305]	1.4+0.1s
[280/945]	[L1: 0.0306]	1.3+0.1s
[320/945]	[L1: 0.0308]	1.3+0.1s
[360/945]	[L1: 0.0310]	1.3+0.1s
[400/945]	[L1: 0.0305]	1.3+0.1s
[440/945]	[L1: 0.0304]	1.3+0.1s
[480/945]	[L1: 0.0301]	1.3+0.1s
[520/945]	[L1: 0.0300]	1.3+0.1s
[560/945]	[L1: 0.0297]	1.3+0.1s
[600/945]	[L1: 0.0299]	1.3+0.1s
[640/945]	[L1: 0.0298]	1.3+0.1s
[680/945]	[L1: 0.0298]	1.3+0.1s
[720/945]	[L1: 0.0299]	1.3+0.1s
[760/945]	[L1: 0.0301]	1.3+0.1s
[800/945]	[L1: 0.0301]	1.4+0.1s
[840/945]	[L1: 0.0301]	1.3+0.1s
[880/945]	[L1: 0.0301]	1.3+0.1s
[920/945]	[L1: 0.0300]	1.3+0.1s

Evaluation:
[UCMerced x4]	psnr: 27.825 (Best: 27.862 @epoch 103)
Total time: 1.81s

[Epoch 106]	Learning rate: 2.00e-4
[40/945]	[L1: 0.0301]	1.3+0.1s
[80/945]	[L1: 0.0292]	1.3+0.1s
[120/945]	[L1: 0.0284]	1.3+0.1s
[160/945]	[L1: 0.0288]	1.3+0.1s
[200/945]	[L1: 0.0287]	1.3+0.1s
[240/945]	[L1: 0.0293]	1.3+0.1s
[280/945]	[L1: 0.0294]	1.3+0.1s
[320/945]	[L1: 0.0295]	1.5+0.1s
[360/945]	[L1: 0.0294]	1.3+0.1s
[400/945]	[L1: 0.0295]	1.3+0.1s
[440/945]	[L1: 0.0296]	1.3+0.1s
[480/945]	[L1: 0.0297]	1.3+0.1s
[520/945]	[L1: 0.0300]	1.3+0.1s
[560/945]	[L1: 0.0300]	1.3+0.1s
[600/945]	[L1: 0.0301]	1.3+0.1s
[640/945]	[L1: 0.0302]	1.3+0.1s
[680/945]	[L1: 0.0300]	1.3+0.1s
[720/945]	[L1: 0.0301]	1.3+0.1s
[760/945]	[L1: 0.0300]	1.3+0.1s
[800/945]	[L1: 0.0300]	1.4+0.1s
[840/945]	[L1: 0.0300]	1.4+0.1s
[880/945]	[L1: 0.0299]	1.4+0.1s
[920/945]	[L1: 0.0299]	1.3+0.1s

Evaluation:
[UCMerced x4]	psnr: 27.803 (Best: 27.862 @epoch 103)
Total time: 1.80s

[Epoch 107]	Learning rate: 2.00e-4
[40/945]	[L1: 0.0324]	1.3+0.1s
[80/945]	[L1: 0.0314]	1.3+0.1s
[120/945]	[L1: 0.0314]	1.3+0.1s
[160/945]	[L1: 0.0307]	1.3+0.1s
[200/945]	[L1: 0.0304]	1.3+0.1s
[240/945]	[L1: 0.0302]	1.3+0.1s
[280/945]	[L1: 0.0296]	1.3+0.1s
[320/945]	[L1: 0.0298]	1.3+0.1s
[360/945]	[L1: 0.0302]	1.3+0.1s
[400/945]	[L1: 0.0306]	1.4+0.1s
[440/945]	[L1: 0.0308]	1.3+0.1s
[480/945]	[L1: 0.0306]	1.3+0.1s
[520/945]	[L1: 0.0307]	1.3+0.1s
[560/945]	[L1: 0.0306]	1.3+0.1s
[600/945]	[L1: 0.0305]	1.3+0.1s
[640/945]	[L1: 0.0303]	1.3+0.1s
[680/945]	[L1: 0.0302]	1.3+0.1s
[720/945]	[L1: 0.0301]	1.3+0.1s
[760/945]	[L1: 0.0300]	1.3+0.1s
[800/945]	[L1: 0.0301]	1.3+0.1s
[840/945]	[L1: 0.0300]	1.3+0.1s
[880/945]	[L1: 0.0300]	1.3+0.1s
[920/945]	[L1: 0.0300]	1.3+0.1s

Evaluation:
[UCMerced x4]	psnr: 27.853 (Best: 27.862 @epoch 103)
Total time: 1.79s

[Epoch 108]	Learning rate: 2.00e-4
[40/945]	[L1: 0.0321]	1.3+0.1s
[80/945]	[L1: 0.0302]	1.3+0.1s
[120/945]	[L1: 0.0287]	1.3+0.1s
[160/945]	[L1: 0.0301]	1.3+0.1s
[200/945]	[L1: 0.0299]	1.3+0.1s
[240/945]	[L1: 0.0300]	1.3+0.1s
[280/945]	[L1: 0.0298]	1.3+0.1s
[320/945]	[L1: 0.0295]	1.3+0.1s
[360/945]	[L1: 0.0296]	1.3+0.1s
[400/945]	[L1: 0.0299]	1.3+0.1s
[440/945]	[L1: 0.0299]	1.3+0.1s
[480/945]	[L1: 0.0300]	1.5+0.0s
[520/945]	[L1: 0.0299]	1.3+0.1s
[560/945]	[L1: 0.0300]	1.3+0.1s
[600/945]	[L1: 0.0299]	1.3+0.1s
[640/945]	[L1: 0.0299]	1.3+0.1s
[680/945]	[L1: 0.0299]	1.3+0.1s
[720/945]	[L1: 0.0299]	1.3+0.1s
[760/945]	[L1: 0.0300]	1.3+0.1s
[800/945]	[L1: 0.0301]	1.3+0.1s
[840/945]	[L1: 0.0301]	1.3+0.1s
[880/945]	[L1: 0.0299]	1.3+0.1s
[920/945]	[L1: 0.0301]	1.3+0.1s

Evaluation:
[UCMerced x4]	psnr: 27.877 (Best: 27.877 @epoch 108)
Total time: 1.79s

[Epoch 109]	Learning rate: 2.00e-4
[40/945]	[L1: 0.0314]	1.3+0.1s
[80/945]	[L1: 0.0294]	1.3+0.1s
[120/945]	[L1: 0.0293]	1.3+0.1s
[160/945]	[L1: 0.0293]	1.3+0.1s
[200/945]	[L1: 0.0297]	1.3+0.1s
[240/945]	[L1: 0.0298]	1.3+0.1s
[280/945]	[L1: 0.0298]	1.3+0.1s
[320/945]	[L1: 0.0299]	1.3+0.1s
[360/945]	[L1: 0.0297]	1.3+0.1s
[400/945]	[L1: 0.0296]	1.3+0.1s
[440/945]	[L1: 0.0296]	1.3+0.1s
[480/945]	[L1: 0.0296]	1.3+0.1s
[520/945]	[L1: 0.0296]	1.3+0.1s
[560/945]	[L1: 0.0300]	1.5+0.1s
[600/945]	[L1: 0.0299]	1.3+0.1s
[640/945]	[L1: 0.0298]	1.3+0.1s
[680/945]	[L1: 0.0298]	1.3+0.1s
[720/945]	[L1: 0.0296]	1.3+0.1s
[760/945]	[L1: 0.0297]	1.3+0.1s
[800/945]	[L1: 0.0297]	1.3+0.1s
[840/945]	[L1: 0.0298]	1.3+0.1s
[880/945]	[L1: 0.0298]	1.3+0.1s
[920/945]	[L1: 0.0300]	1.3+0.1s

Evaluation:
[UCMerced x4]	psnr: 27.839 (Best: 27.877 @epoch 108)
Total time: 1.78s

[Epoch 110]	Learning rate: 2.00e-4
[40/945]	[L1: 0.0287]	1.3+0.1s
[80/945]	[L1: 0.0294]	1.5+0.1s
[120/945]	[L1: 0.0298]	1.3+0.1s
[160/945]	[L1: 0.0298]	1.3+0.1s
[200/945]	[L1: 0.0305]	1.3+0.1s
[240/945]	[L1: 0.0302]	1.3+0.1s
[280/945]	[L1: 0.0307]	1.3+0.1s
[320/945]	[L1: 0.0309]	1.3+0.1s
[360/945]	[L1: 0.0304]	1.3+0.1s
[400/945]	[L1: 0.0303]	1.3+0.1s
[440/945]	[L1: 0.0303]	1.3+0.1s
[480/945]	[L1: 0.0301]	1.3+0.1s
[520/945]	[L1: 0.0303]	1.3+0.1s
[560/945]	[L1: 0.0301]	1.3+0.1s
[600/945]	[L1: 0.0300]	1.3+0.1s
[640/945]	[L1: 0.0299]	1.4+0.1s
[680/945]	[L1: 0.0298]	1.3+0.1s
[720/945]	[L1: 0.0299]	1.3+0.1s
[760/945]	[L1: 0.0299]	1.3+0.1s
[800/945]	[L1: 0.0299]	1.3+0.1s
[840/945]	[L1: 0.0298]	1.4+0.1s
[880/945]	[L1: 0.0299]	1.3+0.1s
[920/945]	[L1: 0.0299]	1.3+0.1s

Evaluation:
[UCMerced x4]	psnr: 27.879 (Best: 27.879 @epoch 110)
Total time: 1.79s

[Epoch 111]	Learning rate: 2.00e-4
[40/945]	[L1: 0.0291]	1.4+0.1s
[80/945]	[L1: 0.0303]	1.3+0.1s
[120/945]	[L1: 0.0310]	1.5+0.1s
[160/945]	[L1: 0.0299]	1.3+0.1s
[200/945]	[L1: 0.0302]	1.3+0.1s
[240/945]	[L1: 0.0297]	1.3+0.1s
[280/945]	[L1: 0.0292]	1.3+0.1s
[320/945]	[L1: 0.0289]	1.3+0.1s
[360/945]	[L1: 0.0290]	1.3+0.1s
[400/945]	[L1: 0.0291]	1.3+0.1s
[440/945]	[L1: 0.0293]	1.3+0.1s
[480/945]	[L1: 0.0295]	1.3+0.1s
[520/945]	[L1: 0.0298]	1.3+0.1s
[560/945]	[L1: 0.0297]	1.3+0.1s
[600/945]	[L1: 0.0298]	1.3+0.1s
[640/945]	[L1: 0.0298]	1.3+0.1s
[680/945]	[L1: 0.0298]	1.4+0.1s
[720/945]	[L1: 0.0299]	1.3+0.1s
[760/945]	[L1: 0.0301]	1.3+0.1s
[800/945]	[L1: 0.0300]	1.3+0.1s
[840/945]	[L1: 0.0300]	1.3+0.1s
[880/945]	[L1: 0.0299]	1.3+0.1s
[920/945]	[L1: 0.0298]	1.3+0.1s

Evaluation:
[UCMerced x4]	psnr: 27.743 (Best: 27.879 @epoch 110)
Total time: 1.80s

[Epoch 112]	Learning rate: 2.00e-4
[40/945]	[L1: 0.0291]	1.3+0.1s
[80/945]	[L1: 0.0284]	1.3+0.1s
[120/945]	[L1: 0.0294]	1.3+0.1s
[160/945]	[L1: 0.0302]	1.3+0.1s
[200/945]	[L1: 0.0299]	1.5+0.1s
[240/945]	[L1: 0.0302]	1.3+0.1s
[280/945]	[L1: 0.0300]	1.3+0.1s
[320/945]	[L1: 0.0298]	1.3+0.1s
[360/945]	[L1: 0.0297]	1.3+0.1s
[400/945]	[L1: 0.0299]	1.3+0.1s
[440/945]	[L1: 0.0299]	1.3+0.1s
[480/945]	[L1: 0.0299]	1.3+0.1s
[520/945]	[L1: 0.0299]	1.3+0.1s
[560/945]	[L1: 0.0298]	1.3+0.1s
[600/945]	[L1: 0.0299]	1.3+0.1s
[640/945]	[L1: 0.0299]	1.3+0.1s
[680/945]	[L1: 0.0299]	1.3+0.1s
[720/945]	[L1: 0.0299]	1.3+0.1s
[760/945]	[L1: 0.0299]	1.5+0.1s
[800/945]	[L1: 0.0299]	1.3+0.1s
[840/945]	[L1: 0.0299]	1.3+0.1s
[880/945]	[L1: 0.0299]	1.3+0.1s
[920/945]	[L1: 0.0298]	1.3+0.1s

Evaluation:
[UCMerced x4]	psnr: 27.859 (Best: 27.879 @epoch 110)
Total time: 1.80s

[Epoch 113]	Learning rate: 2.00e-4
[40/945]	[L1: 0.0330]	1.3+0.1s
[80/945]	[L1: 0.0321]	1.3+0.1s
[120/945]	[L1: 0.0301]	1.3+0.1s
[160/945]	[L1: 0.0294]	1.3+0.1s
[200/945]	[L1: 0.0303]	1.3+0.1s
[240/945]	[L1: 0.0302]	1.4+0.1s
[280/945]	[L1: 0.0298]	1.3+0.1s
[320/945]	[L1: 0.0295]	1.3+0.1s
[360/945]	[L1: 0.0295]	1.3+0.1s
[400/945]	[L1: 0.0296]	1.3+0.1s
[440/945]	[L1: 0.0298]	1.3+0.1s
[480/945]	[L1: 0.0301]	1.3+0.1s
[520/945]	[L1: 0.0303]	1.3+0.1s
[560/945]	[L1: 0.0302]	1.3+0.1s
[600/945]	[L1: 0.0300]	1.3+0.1s
[640/945]	[L1: 0.0300]	1.3+0.1s
[680/945]	[L1: 0.0300]	1.3+0.1s
[720/945]	[L1: 0.0299]	1.3+0.1s
[760/945]	[L1: 0.0299]	1.3+0.1s
[800/945]	[L1: 0.0300]	1.3+0.1s
[840/945]	[L1: 0.0301]	1.5+0.1s
[880/945]	[L1: 0.0300]	1.3+0.1s
[920/945]	[L1: 0.0299]	1.3+0.1s

Evaluation:
[UCMerced x4]	psnr: 27.892 (Best: 27.892 @epoch 113)
Total time: 1.80s

[Epoch 114]	Learning rate: 2.00e-4
[40/945]	[L1: 0.0269]	1.3+0.1s
[80/945]	[L1: 0.0293]	1.3+0.1s
[120/945]	[L1: 0.0296]	1.3+0.1s
[160/945]	[L1: 0.0292]	1.3+0.1s
[200/945]	[L1: 0.0298]	1.2+0.1s
[240/945]	[L1: 0.0299]	1.2+0.1s
[280/945]	[L1: 0.0299]	1.2+0.1s
[320/945]	[L1: 0.0299]	1.3+0.1s
[360/945]	[L1: 0.0302]	1.2+0.1s
[400/945]	[L1: 0.0301]	1.2+0.1s
[440/945]	[L1: 0.0301]	1.2+0.1s
[480/945]	[L1: 0.0301]	1.2+0.1s
[520/945]	[L1: 0.0303]	1.2+0.1s
[560/945]	[L1: 0.0300]	1.2+0.1s
[600/945]	[L1: 0.0300]	1.2+0.1s
[640/945]	[L1: 0.0300]	1.2+0.1s
[680/945]	[L1: 0.0300]	1.2+0.1s
[720/945]	[L1: 0.0299]	1.2+0.1s
[760/945]	[L1: 0.0298]	1.2+0.1s
[800/945]	[L1: 0.0300]	1.2+0.1s
[840/945]	[L1: 0.0300]	1.2+0.1s
[880/945]	[L1: 0.0300]	1.3+0.1s
[920/945]	[L1: 0.0299]	1.2+0.1s

Evaluation:
[UCMerced x4]	psnr: 27.930 (Best: 27.930 @epoch 114)
Total time: 1.77s

[Epoch 115]	Learning rate: 2.00e-4
[40/945]	[L1: 0.0325]	1.2+0.1s
[80/945]	[L1: 0.0309]	1.2+0.1s
[120/945]	[L1: 0.0316]	1.2+0.1s
[160/945]	[L1: 0.0316]	1.2+0.1s
[200/945]	[L1: 0.0313]	1.2+0.1s
[240/945]	[L1: 0.0306]	1.2+0.1s
[280/945]	[L1: 0.0307]	1.2+0.1s
[320/945]	[L1: 0.0308]	1.3+0.1s
[360/945]	[L1: 0.0304]	1.3+0.1s
[400/945]	[L1: 0.0306]	1.2+0.1s
[440/945]	[L1: 0.0303]	1.2+0.1s
[480/945]	[L1: 0.0300]	1.2+0.1s
[520/945]	[L1: 0.0299]	1.3+0.1s
[560/945]	[L1: 0.0300]	1.2+0.1s
[600/945]	[L1: 0.0301]	1.2+0.1s
[640/945]	[L1: 0.0301]	1.2+0.1s
[680/945]	[L1: 0.0299]	1.2+0.1s
[720/945]	[L1: 0.0298]	1.2+0.1s
[760/945]	[L1: 0.0299]	1.4+0.0s
[800/945]	[L1: 0.0299]	1.3+0.1s
[840/945]	[L1: 0.0299]	1.3+0.1s
[880/945]	[L1: 0.0299]	1.3+0.1s
[920/945]	[L1: 0.0299]	1.4+0.0s

Evaluation:
[UCMerced x4]	psnr: 27.882 (Best: 27.930 @epoch 114)
Total time: 1.79s

[Epoch 116]	Learning rate: 2.00e-4
[40/945]	[L1: 0.0293]	1.3+0.1s
[80/945]	[L1: 0.0306]	1.3+0.1s
[120/945]	[L1: 0.0299]	1.3+0.1s
[160/945]	[L1: 0.0301]	1.3+0.1s
[200/945]	[L1: 0.0301]	1.3+0.1s
[240/945]	[L1: 0.0305]	1.3+0.1s
[280/945]	[L1: 0.0305]	1.3+0.1s
[320/945]	[L1: 0.0305]	1.3+0.1s
[360/945]	[L1: 0.0302]	1.3+0.1s
[400/945]	[L1: 0.0297]	1.3+0.1s
[440/945]	[L1: 0.0297]	1.5+0.1s
[480/945]	[L1: 0.0298]	1.3+0.1s
[520/945]	[L1: 0.0298]	1.3+0.1s
[560/945]	[L1: 0.0297]	1.3+0.1s
[600/945]	[L1: 0.0295]	1.3+0.1s
[640/945]	[L1: 0.0296]	1.3+0.1s
[680/945]	[L1: 0.0297]	1.4+0.0s
[720/945]	[L1: 0.0297]	1.3+0.1s
[760/945]	[L1: 0.0298]	1.3+0.1s
[800/945]	[L1: 0.0297]	1.3+0.1s
[840/945]	[L1: 0.0298]	1.3+0.1s
[880/945]	[L1: 0.0298]	1.3+0.1s
[920/945]	[L1: 0.0298]	1.3+0.1s

Evaluation:
[UCMerced x4]	psnr: 27.866 (Best: 27.930 @epoch 114)
Total time: 1.78s

[Epoch 117]	Learning rate: 2.00e-4
[40/945]	[L1: 0.0303]	1.4+0.1s
[80/945]	[L1: 0.0284]	1.3+0.1s
[120/945]	[L1: 0.0289]	1.3+0.1s
[160/945]	[L1: 0.0295]	1.3+0.1s
[200/945]	[L1: 0.0299]	1.3+0.1s
[240/945]	[L1: 0.0300]	1.3+0.1s
[280/945]	[L1: 0.0300]	1.3+0.1s
[320/945]	[L1: 0.0297]	1.3+0.1s
[360/945]	[L1: 0.0299]	1.3+0.1s
[400/945]	[L1: 0.0300]	1.3+0.1s
[440/945]	[L1: 0.0298]	1.3+0.1s
[480/945]	[L1: 0.0299]	1.4+0.1s
[520/945]	[L1: 0.0300]	1.3+0.1s
[560/945]	[L1: 0.0300]	1.4+0.1s
[600/945]	[L1: 0.0302]	1.3+0.1s
[640/945]	[L1: 0.0300]	1.3+0.1s
[680/945]	[L1: 0.0299]	1.3+0.1s
[720/945]	[L1: 0.0300]	1.3+0.1s
[760/945]	[L1: 0.0300]	1.3+0.1s
[800/945]	[L1: 0.0301]	1.3+0.1s
[840/945]	[L1: 0.0301]	1.3+0.1s
[880/945]	[L1: 0.0301]	1.3+0.1s
[920/945]	[L1: 0.0300]	1.3+0.1s

Evaluation:
[UCMerced x4]	psnr: 27.813 (Best: 27.930 @epoch 114)
Total time: 1.79s

[Epoch 118]	Learning rate: 2.00e-4
[40/945]	[L1: 0.0304]	1.3+0.1s
[80/945]	[L1: 0.0308]	1.4+0.1s
[120/945]	[L1: 0.0312]	1.4+0.1s
[160/945]	[L1: 0.0309]	1.3+0.1s
[200/945]	[L1: 0.0306]	1.3+0.1s
[240/945]	[L1: 0.0310]	1.3+0.1s
[280/945]	[L1: 0.0310]	1.3+0.1s
[320/945]	[L1: 0.0312]	1.4+0.1s
[360/945]	[L1: 0.0310]	1.3+0.1s
[400/945]	[L1: 0.0310]	1.3+0.1s
[440/945]	[L1: 0.0310]	1.3+0.1s
[480/945]	[L1: 0.0309]	1.3+0.1s
[520/945]	[L1: 0.0307]	1.3+0.1s
[560/945]	[L1: 0.0308]	1.3+0.1s
[600/945]	[L1: 0.0305]	1.3+0.1s
[640/945]	[L1: 0.0303]	1.5+0.1s
[680/945]	[L1: 0.0303]	1.3+0.1s
[720/945]	[L1: 0.0301]	1.3+0.1s
[760/945]	[L1: 0.0301]	1.3+0.1s
[800/945]	[L1: 0.0300]	1.3+0.1s
[840/945]	[L1: 0.0299]	1.3+0.1s
[880/945]	[L1: 0.0299]	1.3+0.1s
[920/945]	[L1: 0.0299]	1.3+0.1s

Evaluation:
[UCMerced x4]	psnr: 27.886 (Best: 27.930 @epoch 114)
Total time: 1.78s

[Epoch 119]	Learning rate: 2.00e-4
[40/945]	[L1: 0.0283]	1.3+0.1s
[80/945]	[L1: 0.0277]	1.3+0.1s
[120/945]	[L1: 0.0276]	1.3+0.1s
[160/945]	[L1: 0.0281]	1.4+0.1s
[200/945]	[L1: 0.0283]	1.3+0.1s
[240/945]	[L1: 0.0283]	1.3+0.1s
[280/945]	[L1: 0.0286]	1.3+0.1s
[320/945]	[L1: 0.0288]	1.3+0.1s
[360/945]	[L1: 0.0292]	1.3+0.1s
[400/945]	[L1: 0.0293]	1.3+0.1s
[440/945]	[L1: 0.0291]	1.3+0.1s
[480/945]	[L1: 0.0291]	1.3+0.1s
[520/945]	[L1: 0.0292]	1.3+0.1s
[560/945]	[L1: 0.0293]	1.3+0.1s
[600/945]	[L1: 0.0294]	1.3+0.1s
[640/945]	[L1: 0.0294]	1.3+0.1s
[680/945]	[L1: 0.0292]	1.3+0.1s
[720/945]	[L1: 0.0292]	1.3+0.1s
[760/945]	[L1: 0.0293]	1.4+0.1s
[800/945]	[L1: 0.0295]	1.3+0.1s
[840/945]	[L1: 0.0296]	1.3+0.1s
[880/945]	[L1: 0.0297]	1.4+0.1s
[920/945]	[L1: 0.0298]	1.3+0.1s

Evaluation:
[UCMerced x4]	psnr: 27.896 (Best: 27.930 @epoch 114)
Total time: 1.81s

[Epoch 120]	Learning rate: 2.00e-4
[40/945]	[L1: 0.0335]	1.4+0.1s
[80/945]	[L1: 0.0305]	1.4+0.1s
[120/945]	[L1: 0.0303]	1.3+0.1s
[160/945]	[L1: 0.0299]	1.3+0.1s
[200/945]	[L1: 0.0299]	1.3+0.1s
[240/945]	[L1: 0.0294]	1.5+0.0s
[280/945]	[L1: 0.0297]	1.3+0.1s
[320/945]	[L1: 0.0298]	1.3+0.1s
[360/945]	[L1: 0.0299]	1.3+0.1s
[400/945]	[L1: 0.0302]	1.3+0.1s
[440/945]	[L1: 0.0302]	1.3+0.1s
[480/945]	[L1: 0.0301]	1.3+0.1s
[520/945]	[L1: 0.0300]	1.3+0.1s
[560/945]	[L1: 0.0301]	1.3+0.1s
[600/945]	[L1: 0.0300]	1.3+0.1s
[640/945]	[L1: 0.0300]	1.3+0.1s
[680/945]	[L1: 0.0301]	1.3+0.1s
[720/945]	[L1: 0.0300]	1.3+0.0s
[760/945]	[L1: 0.0300]	1.3+0.1s
[800/945]	[L1: 0.0299]	1.5+0.0s
[840/945]	[L1: 0.0297]	1.3+0.1s
[880/945]	[L1: 0.0298]	1.3+0.1s
[920/945]	[L1: 0.0297]	1.3+0.1s

Evaluation:
[UCMerced x4]	psnr: 27.857 (Best: 27.930 @epoch 114)
Total time: 1.81s

[Epoch 121]	Learning rate: 2.00e-4
[40/945]	[L1: 0.0274]	1.3+0.1s
[80/945]	[L1: 0.0284]	1.3+0.1s
[120/945]	[L1: 0.0284]	1.3+0.1s
[160/945]	[L1: 0.0294]	1.3+0.1s
[200/945]	[L1: 0.0289]	1.3+0.1s
[240/945]	[L1: 0.0287]	1.4+0.1s
[280/945]	[L1: 0.0287]	1.3+0.1s
[320/945]	[L1: 0.0289]	1.5+0.1s
[360/945]	[L1: 0.0288]	1.3+0.1s
[400/945]	[L1: 0.0290]	1.3+0.1s
[440/945]	[L1: 0.0293]	1.3+0.1s
[480/945]	[L1: 0.0294]	1.3+0.1s
[520/945]	[L1: 0.0294]	1.3+0.1s
[560/945]	[L1: 0.0294]	1.3+0.1s
[600/945]	[L1: 0.0296]	1.3+0.1s
[640/945]	[L1: 0.0297]	1.3+0.1s
[680/945]	[L1: 0.0296]	1.3+0.1s
[720/945]	[L1: 0.0298]	1.3+0.1s
[760/945]	[L1: 0.0298]	1.3+0.1s
[800/945]	[L1: 0.0299]	1.3+0.1s
[840/945]	[L1: 0.0299]	1.3+0.1s
[880/945]	[L1: 0.0299]	1.4+0.1s
[920/945]	[L1: 0.0299]	1.3+0.1s

Evaluation:
[UCMerced x4]	psnr: 27.867 (Best: 27.930 @epoch 114)
Total time: 1.77s

[Epoch 122]	Learning rate: 2.00e-4
[40/945]	[L1: 0.0287]	1.3+0.1s
[80/945]	[L1: 0.0287]	1.3+0.1s
[120/945]	[L1: 0.0290]	1.4+0.1s
[160/945]	[L1: 0.0298]	1.3+0.1s
[200/945]	[L1: 0.0302]	1.3+0.1s
[240/945]	[L1: 0.0304]	1.3+0.1s
[280/945]	[L1: 0.0300]	1.3+0.1s
[320/945]	[L1: 0.0296]	1.3+0.1s
[360/945]	[L1: 0.0294]	1.3+0.1s
[400/945]	[L1: 0.0296]	1.5+0.1s
[440/945]	[L1: 0.0296]	1.3+0.1s
[480/945]	[L1: 0.0296]	1.3+0.1s
[520/945]	[L1: 0.0297]	1.3+0.1s
[560/945]	[L1: 0.0299]	1.3+0.1s
[600/945]	[L1: 0.0300]	1.3+0.1s
[640/945]	[L1: 0.0301]	1.3+0.1s
[680/945]	[L1: 0.0300]	1.3+0.1s
[720/945]	[L1: 0.0299]	1.3+0.1s
[760/945]	[L1: 0.0299]	1.3+0.1s
[800/945]	[L1: 0.0299]	1.3+0.1s
[840/945]	[L1: 0.0299]	1.3+0.1s
[880/945]	[L1: 0.0298]	1.3+0.1s
[920/945]	[L1: 0.0298]	1.3+0.1s

Evaluation:
[UCMerced x4]	psnr: 27.836 (Best: 27.930 @epoch 114)
Total time: 1.78s

[Epoch 123]	Learning rate: 2.00e-4
[40/945]	[L1: 0.0303]	1.3+0.1s
[80/945]	[L1: 0.0297]	1.3+0.1s
[120/945]	[L1: 0.0287]	1.3+0.1s
[160/945]	[L1: 0.0286]	1.3+0.1s
[200/945]	[L1: 0.0293]	1.3+0.1s
[240/945]	[L1: 0.0294]	1.3+0.1s
[280/945]	[L1: 0.0294]	1.3+0.1s
[320/945]	[L1: 0.0295]	1.3+0.1s
[360/945]	[L1: 0.0295]	1.3+0.1s
[400/945]	[L1: 0.0294]	1.3+0.1s
[440/945]	[L1: 0.0291]	1.3+0.1s
[480/945]	[L1: 0.0293]	1.5+0.1s
[520/945]	[L1: 0.0292]	1.3+0.1s
[560/945]	[L1: 0.0290]	1.3+0.1s
[600/945]	[L1: 0.0290]	1.3+0.1s
[640/945]	[L1: 0.0292]	1.3+0.1s
[680/945]	[L1: 0.0291]	1.3+0.1s
[720/945]	[L1: 0.0291]	1.3+0.1s
[760/945]	[L1: 0.0292]	1.3+0.1s
[800/945]	[L1: 0.0293]	1.3+0.1s
[840/945]	[L1: 0.0296]	1.3+0.1s
[880/945]	[L1: 0.0297]	1.3+0.1s
[920/945]	[L1: 0.0297]	1.3+0.1s

Evaluation:
[UCMerced x4]	psnr: 27.895 (Best: 27.930 @epoch 114)
Total time: 1.79s

[Epoch 124]	Learning rate: 2.00e-4
[40/945]	[L1: 0.0285]	1.4+0.1s
[80/945]	[L1: 0.0289]	1.3+0.1s
[120/945]	[L1: 0.0295]	1.3+0.1s
[160/945]	[L1: 0.0300]	1.3+0.1s
[200/945]	[L1: 0.0295]	1.3+0.1s
[240/945]	[L1: 0.0299]	1.3+0.1s
[280/945]	[L1: 0.0302]	1.3+0.1s
[320/945]	[L1: 0.0301]	1.3+0.1s
[360/945]	[L1: 0.0300]	1.3+0.1s
[400/945]	[L1: 0.0299]	1.3+0.1s
[440/945]	[L1: 0.0297]	1.3+0.1s
[480/945]	[L1: 0.0297]	1.3+0.1s
[520/945]	[L1: 0.0298]	1.3+0.1s
[560/945]	[L1: 0.0297]	1.3+0.1s
[600/945]	[L1: 0.0297]	1.4+0.1s
[640/945]	[L1: 0.0298]	1.3+0.1s
[680/945]	[L1: 0.0298]	1.3+0.1s
[720/945]	[L1: 0.0298]	1.4+0.1s
[760/945]	[L1: 0.0297]	1.3+0.1s
[800/945]	[L1: 0.0295]	1.3+0.1s
[840/945]	[L1: 0.0296]	1.3+0.1s
[880/945]	[L1: 0.0296]	1.3+0.1s
[920/945]	[L1: 0.0297]	1.3+0.1s

Evaluation:
[UCMerced x4]	psnr: 27.869 (Best: 27.930 @epoch 114)
Total time: 1.78s

[Epoch 125]	Learning rate: 2.00e-4
[40/945]	[L1: 0.0293]	1.3+0.1s
[80/945]	[L1: 0.0299]	1.3+0.1s
[120/945]	[L1: 0.0300]	1.5+0.1s
[160/945]	[L1: 0.0298]	1.3+0.1s
[200/945]	[L1: 0.0297]	1.3+0.1s
[240/945]	[L1: 0.0301]	1.3+0.1s
[280/945]	[L1: 0.0298]	1.3+0.1s
[320/945]	[L1: 0.0293]	1.3+0.1s
[360/945]	[L1: 0.0294]	1.3+0.1s
[400/945]	[L1: 0.0295]	1.3+0.1s
[440/945]	[L1: 0.0296]	1.3+0.1s
[480/945]	[L1: 0.0300]	1.3+0.1s
[520/945]	[L1: 0.0299]	1.3+0.1s
[560/945]	[L1: 0.0298]	1.3+0.1s
[600/945]	[L1: 0.0297]	1.3+0.1s
[640/945]	[L1: 0.0295]	1.3+0.1s
[680/945]	[L1: 0.0297]	1.4+0.1s
[720/945]	[L1: 0.0297]	1.3+0.1s
[760/945]	[L1: 0.0298]	1.3+0.1s
[800/945]	[L1: 0.0298]	1.3+0.1s
[840/945]	[L1: 0.0296]	1.3+0.1s
[880/945]	[L1: 0.0297]	1.3+0.1s
[920/945]	[L1: 0.0297]	1.3+0.1s

Evaluation:
[UCMerced x4]	psnr: 27.893 (Best: 27.930 @epoch 114)
Total time: 1.79s

[Epoch 126]	Learning rate: 2.00e-4
[40/945]	[L1: 0.0275]	1.3+0.1s
[80/945]	[L1: 0.0290]	1.3+0.1s
[120/945]	[L1: 0.0288]	1.3+0.1s
[160/945]	[L1: 0.0292]	1.3+0.1s
[200/945]	[L1: 0.0297]	1.4+0.1s
[240/945]	[L1: 0.0289]	1.3+0.1s
[280/945]	[L1: 0.0290]	1.3+0.1s
[320/945]	[L1: 0.0292]	1.3+0.1s
[360/945]	[L1: 0.0292]	1.3+0.1s
[400/945]	[L1: 0.0292]	1.3+0.1s
[440/945]	[L1: 0.0294]	1.3+0.1s
[480/945]	[L1: 0.0294]	1.3+0.1s
[520/945]	[L1: 0.0292]	1.3+0.1s
[560/945]	[L1: 0.0294]	1.3+0.1s
[600/945]	[L1: 0.0296]	1.3+0.1s
[640/945]	[L1: 0.0296]	1.3+0.1s
[680/945]	[L1: 0.0295]	1.3+0.1s
[720/945]	[L1: 0.0295]	1.3+0.1s
[760/945]	[L1: 0.0297]	1.4+0.1s
[800/945]	[L1: 0.0295]	1.3+0.1s
[840/945]	[L1: 0.0296]	1.3+0.1s
[880/945]	[L1: 0.0297]	1.3+0.1s
[920/945]	[L1: 0.0297]	1.3+0.1s

Evaluation:
[UCMerced x4]	psnr: 27.834 (Best: 27.930 @epoch 114)
Total time: 1.78s

[Epoch 127]	Learning rate: 2.00e-4
[40/945]	[L1: 0.0329]	1.3+0.1s
[80/945]	[L1: 0.0323]	1.3+0.1s
[120/945]	[L1: 0.0321]	1.3+0.1s
[160/945]	[L1: 0.0316]	1.3+0.1s
[200/945]	[L1: 0.0312]	1.3+0.1s
[240/945]	[L1: 0.0308]	1.3+0.1s
[280/945]	[L1: 0.0305]	1.4+0.1s
[320/945]	[L1: 0.0301]	1.3+0.1s
[360/945]	[L1: 0.0299]	1.3+0.1s
[400/945]	[L1: 0.0298]	1.3+0.1s
[440/945]	[L1: 0.0297]	1.3+0.1s
[480/945]	[L1: 0.0298]	1.3+0.1s
[520/945]	[L1: 0.0300]	1.3+0.1s
[560/945]	[L1: 0.0301]	1.3+0.1s
[600/945]	[L1: 0.0300]	1.3+0.1s
[640/945]	[L1: 0.0299]	1.3+0.1s
[680/945]	[L1: 0.0299]	1.3+0.1s
[720/945]	[L1: 0.0297]	1.3+0.1s
[760/945]	[L1: 0.0296]	1.3+0.1s
[800/945]	[L1: 0.0298]	1.3+0.1s
[840/945]	[L1: 0.0299]	1.4+0.1s
[880/945]	[L1: 0.0298]	1.3+0.1s
[920/945]	[L1: 0.0298]	1.3+0.1s

Evaluation:
[UCMerced x4]	psnr: 27.902 (Best: 27.930 @epoch 114)
Total time: 1.81s

[Epoch 128]	Learning rate: 2.00e-4
[40/945]	[L1: 0.0267]	1.3+0.1s
[80/945]	[L1: 0.0273]	1.3+0.1s
[120/945]	[L1: 0.0276]	1.3+0.1s
[160/945]	[L1: 0.0282]	1.3+0.1s
[200/945]	[L1: 0.0281]	1.3+0.1s
[240/945]	[L1: 0.0284]	1.3+0.1s
[280/945]	[L1: 0.0283]	1.3+0.1s
[320/945]	[L1: 0.0284]	1.3+0.1s
[360/945]	[L1: 0.0285]	1.4+0.1s
[400/945]	[L1: 0.0286]	1.3+0.1s
[440/945]	[L1: 0.0288]	1.3+0.1s
[480/945]	[L1: 0.0290]	1.3+0.1s
[520/945]	[L1: 0.0292]	1.4+0.1s
[560/945]	[L1: 0.0292]	1.3+0.1s
[600/945]	[L1: 0.0293]	1.3+0.1s
[640/945]	[L1: 0.0293]	1.3+0.1s
[680/945]	[L1: 0.0293]	1.3+0.1s
[720/945]	[L1: 0.0295]	1.3+0.1s
[760/945]	[L1: 0.0296]	1.3+0.1s
[800/945]	[L1: 0.0297]	1.3+0.1s
[840/945]	[L1: 0.0298]	1.3+0.1s
[880/945]	[L1: 0.0297]	1.3+0.1s
[920/945]	[L1: 0.0297]	1.4+0.1s

Evaluation:
[UCMerced x4]	psnr: 27.876 (Best: 27.930 @epoch 114)
Total time: 1.80s

[Epoch 129]	Learning rate: 2.00e-4
[40/945]	[L1: 0.0292]	1.4+0.1s
[80/945]	[L1: 0.0309]	1.3+0.1s
[120/945]	[L1: 0.0325]	1.3+0.1s
[160/945]	[L1: 0.0314]	1.3+0.1s
[200/945]	[L1: 0.0310]	1.3+0.1s
[240/945]	[L1: 0.0303]	1.3+0.1s
[280/945]	[L1: 0.0301]	1.3+0.1s
[320/945]	[L1: 0.0303]	1.3+0.1s
[360/945]	[L1: 0.0301]	1.3+0.1s
[400/945]	[L1: 0.0303]	1.5+0.1s
[440/945]	[L1: 0.0303]	1.3+0.1s
[480/945]	[L1: 0.0302]	1.3+0.1s
[520/945]	[L1: 0.0299]	1.3+0.1s
[560/945]	[L1: 0.0297]	1.3+0.1s
[600/945]	[L1: 0.0297]	1.3+0.1s
[640/945]	[L1: 0.0296]	1.3+0.1s
[680/945]	[L1: 0.0297]	1.3+0.1s
[720/945]	[L1: 0.0296]	1.3+0.1s
[760/945]	[L1: 0.0296]	1.3+0.1s
[800/945]	[L1: 0.0298]	1.3+0.1s
[840/945]	[L1: 0.0298]	1.3+0.1s
[880/945]	[L1: 0.0297]	1.3+0.1s
[920/945]	[L1: 0.0296]	1.3+0.1s

Evaluation:
[UCMerced x4]	psnr: 27.904 (Best: 27.930 @epoch 114)
Total time: 1.78s

[Epoch 130]	Learning rate: 2.00e-4
[40/945]	[L1: 0.0291]	1.3+0.1s
[80/945]	[L1: 0.0300]	1.3+0.1s
[120/945]	[L1: 0.0303]	1.3+0.1s
[160/945]	[L1: 0.0302]	1.3+0.1s
[200/945]	[L1: 0.0299]	1.3+0.1s
[240/945]	[L1: 0.0300]	1.3+0.1s
[280/945]	[L1: 0.0301]	1.3+0.1s
[320/945]	[L1: 0.0305]	1.3+0.1s
[360/945]	[L1: 0.0307]	1.3+0.1s
[400/945]	[L1: 0.0306]	1.4+0.1s
[440/945]	[L1: 0.0305]	1.3+0.1s
[480/945]	[L1: 0.0305]	1.5+0.1s
[520/945]	[L1: 0.0303]	1.3+0.1s
[560/945]	[L1: 0.0303]	1.4+0.1s
[600/945]	[L1: 0.0300]	1.3+0.1s
[640/945]	[L1: 0.0299]	1.3+0.1s
[680/945]	[L1: 0.0298]	1.3+0.1s
[720/945]	[L1: 0.0297]	1.3+0.1s
[760/945]	[L1: 0.0295]	1.3+0.1s
[800/945]	[L1: 0.0297]	1.3+0.1s
[840/945]	[L1: 0.0297]	1.3+0.1s
[880/945]	[L1: 0.0297]	1.3+0.1s
[920/945]	[L1: 0.0296]	1.3+0.1s

Evaluation:
[UCMerced x4]	psnr: 27.834 (Best: 27.930 @epoch 114)
Total time: 1.78s

[Epoch 131]	Learning rate: 2.00e-4
[40/945]	[L1: 0.0294]	1.3+0.1s
[80/945]	[L1: 0.0296]	1.3+0.1s
[120/945]	[L1: 0.0303]	1.3+0.1s
[160/945]	[L1: 0.0294]	1.3+0.1s
[200/945]	[L1: 0.0291]	1.3+0.1s
[240/945]	[L1: 0.0298]	1.3+0.1s
[280/945]	[L1: 0.0299]	1.3+0.1s
[320/945]	[L1: 0.0302]	1.3+0.1s
[360/945]	[L1: 0.0305]	1.3+0.1s
[400/945]	[L1: 0.0303]	1.3+0.1s
[440/945]	[L1: 0.0304]	1.3+0.1s
[480/945]	[L1: 0.0302]	1.3+0.1s
[520/945]	[L1: 0.0302]	1.3+0.1s
[560/945]	[L1: 0.0300]	1.3+0.1s
[600/945]	[L1: 0.0299]	1.4+0.1s
[640/945]	[L1: 0.0299]	1.3+0.1s
[680/945]	[L1: 0.0298]	1.3+0.1s
[720/945]	[L1: 0.0296]	1.3+0.1s
[760/945]	[L1: 0.0295]	1.3+0.1s
[800/945]	[L1: 0.0296]	1.3+0.1s
[840/945]	[L1: 0.0296]	1.3+0.1s
[880/945]	[L1: 0.0296]	1.3+0.1s
[920/945]	[L1: 0.0296]	1.3+0.1s

Evaluation:
[UCMerced x4]	psnr: 27.867 (Best: 27.930 @epoch 114)
Total time: 1.81s

[Epoch 132]	Learning rate: 2.00e-4
[40/945]	[L1: 0.0298]	1.3+0.1s
[80/945]	[L1: 0.0304]	1.3+0.1s
[120/945]	[L1: 0.0295]	1.5+0.1s
[160/945]	[L1: 0.0298]	1.3+0.1s
[200/945]	[L1: 0.0295]	1.3+0.1s
[240/945]	[L1: 0.0301]	1.3+0.1s
[280/945]	[L1: 0.0302]	1.3+0.1s
[320/945]	[L1: 0.0298]	1.3+0.1s
[360/945]	[L1: 0.0300]	1.3+0.1s
[400/945]	[L1: 0.0300]	1.3+0.1s
[440/945]	[L1: 0.0299]	1.3+0.1s
[480/945]	[L1: 0.0303]	1.3+0.1s
[520/945]	[L1: 0.0300]	1.3+0.1s
[560/945]	[L1: 0.0299]	1.3+0.1s
[600/945]	[L1: 0.0298]	1.3+0.1s
[640/945]	[L1: 0.0297]	1.3+0.1s
[680/945]	[L1: 0.0299]	1.3+0.1s
[720/945]	[L1: 0.0297]	1.4+0.1s
[760/945]	[L1: 0.0297]	1.3+0.1s
[800/945]	[L1: 0.0296]	1.3+0.1s
[840/945]	[L1: 0.0296]	1.3+0.1s
[880/945]	[L1: 0.0297]	1.3+0.1s
[920/945]	[L1: 0.0297]	1.3+0.1s

Evaluation:
[UCMerced x4]	psnr: 27.881 (Best: 27.930 @epoch 114)
Total time: 1.77s

[Epoch 133]	Learning rate: 2.00e-4
[40/945]	[L1: 0.0290]	1.2+0.1s
[80/945]	[L1: 0.0304]	1.2+0.1s
[120/945]	[L1: 0.0311]	1.2+0.1s
[160/945]	[L1: 0.0312]	1.2+0.1s
[200/945]	[L1: 0.0305]	1.3+0.1s
[240/945]	[L1: 0.0299]	1.2+0.1s
[280/945]	[L1: 0.0300]	1.3+0.1s
[320/945]	[L1: 0.0300]	1.2+0.1s
[360/945]	[L1: 0.0300]	1.2+0.1s
[400/945]	[L1: 0.0296]	1.2+0.1s
[440/945]	[L1: 0.0299]	1.2+0.1s
[480/945]	[L1: 0.0299]	1.2+0.1s
[520/945]	[L1: 0.0298]	1.2+0.1s
[560/945]	[L1: 0.0299]	1.2+0.1s
[600/945]	[L1: 0.0298]	1.2+0.1s
[640/945]	[L1: 0.0298]	1.2+0.1s
[680/945]	[L1: 0.0296]	1.2+0.1s
[720/945]	[L1: 0.0296]	1.2+0.1s
[760/945]	[L1: 0.0297]	1.3+0.1s
[800/945]	[L1: 0.0297]	1.2+0.1s
[840/945]	[L1: 0.0297]	1.2+0.1s
[880/945]	[L1: 0.0297]	1.2+0.1s
[920/945]	[L1: 0.0297]	1.2+0.1s

Evaluation:
[UCMerced x4]	psnr: 27.910 (Best: 27.930 @epoch 114)
Total time: 1.76s

[Epoch 134]	Learning rate: 2.00e-4
[40/945]	[L1: 0.0274]	1.3+0.1s
[80/945]	[L1: 0.0285]	1.2+0.1s
[120/945]	[L1: 0.0289]	1.2+0.1s
[160/945]	[L1: 0.0285]	1.2+0.1s
[200/945]	[L1: 0.0290]	1.2+0.1s
[240/945]	[L1: 0.0287]	1.2+0.1s
[280/945]	[L1: 0.0288]	1.3+0.1s
[320/945]	[L1: 0.0290]	1.2+0.1s
[360/945]	[L1: 0.0290]	1.2+0.1s
[400/945]	[L1: 0.0289]	1.2+0.1s
[440/945]	[L1: 0.0291]	1.2+0.1s
[480/945]	[L1: 0.0293]	1.2+0.1s
[520/945]	[L1: 0.0293]	1.2+0.1s
[560/945]	[L1: 0.0291]	1.2+0.1s
[600/945]	[L1: 0.0293]	1.2+0.1s
[640/945]	[L1: 0.0295]	1.2+0.1s
[680/945]	[L1: 0.0295]	1.2+0.1s
[720/945]	[L1: 0.0295]	1.2+0.1s
[760/945]	[L1: 0.0295]	1.2+0.1s
[800/945]	[L1: 0.0295]	1.2+0.1s
[840/945]	[L1: 0.0295]	1.2+0.1s
[880/945]	[L1: 0.0295]	1.3+0.1s
[920/945]	[L1: 0.0295]	1.2+0.1s

Evaluation:
[UCMerced x4]	psnr: 27.945 (Best: 27.945 @epoch 134)
Total time: 1.77s

[Epoch 135]	Learning rate: 2.00e-4
[40/945]	[L1: 0.0308]	1.2+0.1s
[80/945]	[L1: 0.0275]	1.2+0.1s
[120/945]	[L1: 0.0283]	1.2+0.1s
[160/945]	[L1: 0.0292]	1.2+0.1s
[200/945]	[L1: 0.0290]	1.2+0.1s
[240/945]	[L1: 0.0291]	1.2+0.1s
[280/945]	[L1: 0.0293]	1.2+0.1s
[320/945]	[L1: 0.0292]	1.2+0.1s
[360/945]	[L1: 0.0296]	1.3+0.1s
[400/945]	[L1: 0.0295]	1.2+0.1s
[440/945]	[L1: 0.0297]	1.2+0.1s
[480/945]	[L1: 0.0298]	1.2+0.1s
[520/945]	[L1: 0.0296]	1.2+0.1s
[560/945]	[L1: 0.0293]	1.2+0.1s
[600/945]	[L1: 0.0294]	1.2+0.1s
[640/945]	[L1: 0.0294]	1.2+0.1s
[680/945]	[L1: 0.0295]	1.3+0.1s
[720/945]	[L1: 0.0297]	1.2+0.1s
[760/945]	[L1: 0.0296]	1.2+0.1s
[800/945]	[L1: 0.0296]	1.2+0.1s
[840/945]	[L1: 0.0296]	1.2+0.1s
[880/945]	[L1: 0.0295]	1.2+0.1s
[920/945]	[L1: 0.0296]	1.3+0.1s

Evaluation:
[UCMerced x4]	psnr: 27.880 (Best: 27.945 @epoch 134)
Total time: 1.76s

[Epoch 136]	Learning rate: 2.00e-4
[40/945]	[L1: 0.0300]	1.2+0.1s
[80/945]	[L1: 0.0284]	1.2+0.1s
[120/945]	[L1: 0.0285]	1.2+0.1s
[160/945]	[L1: 0.0295]	1.3+0.1s
[200/945]	[L1: 0.0292]	1.2+0.1s
[240/945]	[L1: 0.0291]	1.2+0.1s
[280/945]	[L1: 0.0293]	1.2+0.1s
[320/945]	[L1: 0.0293]	1.2+0.1s
[360/945]	[L1: 0.0294]	1.2+0.1s
[400/945]	[L1: 0.0294]	1.2+0.1s
[440/945]	[L1: 0.0294]	1.3+0.1s
[480/945]	[L1: 0.0296]	1.2+0.1s
[520/945]	[L1: 0.0298]	1.2+0.1s
[560/945]	[L1: 0.0297]	1.2+0.1s
[600/945]	[L1: 0.0296]	1.2+0.1s
[640/945]	[L1: 0.0295]	1.2+0.1s
[680/945]	[L1: 0.0294]	1.2+0.1s
[720/945]	[L1: 0.0293]	1.2+0.1s
[760/945]	[L1: 0.0294]	1.2+0.1s
[800/945]	[L1: 0.0294]	1.2+0.1s
[840/945]	[L1: 0.0296]	1.2+0.1s
[880/945]	[L1: 0.0295]	1.2+0.1s
[920/945]	[L1: 0.0295]	1.2+0.1s

Evaluation:
[UCMerced x4]	psnr: 27.925 (Best: 27.945 @epoch 134)
Total time: 1.78s

[Epoch 137]	Learning rate: 2.00e-4
[40/945]	[L1: 0.0295]	1.2+0.1s
[80/945]	[L1: 0.0308]	1.2+0.1s
[120/945]	[L1: 0.0308]	1.2+0.1s
[160/945]	[L1: 0.0303]	1.2+0.1s
[200/945]	[L1: 0.0296]	1.2+0.1s
[240/945]	[L1: 0.0297]	1.2+0.1s
[280/945]	[L1: 0.0297]	1.2+0.1s
[320/945]	[L1: 0.0298]	1.2+0.1s
[360/945]	[L1: 0.0300]	1.2+0.1s
[400/945]	[L1: 0.0302]	1.2+0.1s
[440/945]	[L1: 0.0302]	1.2+0.1s
[480/945]	[L1: 0.0299]	1.2+0.1s
[520/945]	[L1: 0.0298]	1.2+0.1s
[560/945]	[L1: 0.0298]	1.3+0.1s
[600/945]	[L1: 0.0298]	1.2+0.1s
[640/945]	[L1: 0.0300]	1.2+0.1s
[680/945]	[L1: 0.0299]	1.2+0.1s
[720/945]	[L1: 0.0298]	1.2+0.1s
[760/945]	[L1: 0.0299]	1.2+0.1s
[800/945]	[L1: 0.0299]	1.2+0.1s
[840/945]	[L1: 0.0297]	1.2+0.1s
[880/945]	[L1: 0.0296]	1.2+0.1s
[920/945]	[L1: 0.0295]	1.2+0.1s

Evaluation:
[UCMerced x4]	psnr: 27.895 (Best: 27.945 @epoch 134)
Total time: 1.78s

[Epoch 138]	Learning rate: 2.00e-4
[40/945]	[L1: 0.0264]	1.2+0.1s
[80/945]	[L1: 0.0296]	1.3+0.1s
[120/945]	[L1: 0.0290]	1.2+0.1s
[160/945]	[L1: 0.0293]	1.2+0.1s
[200/945]	[L1: 0.0292]	1.2+0.1s
[240/945]	[L1: 0.0289]	1.2+0.1s
[280/945]	[L1: 0.0290]	1.2+0.1s
[320/945]	[L1: 0.0288]	1.2+0.1s
[360/945]	[L1: 0.0294]	1.2+0.1s
[400/945]	[L1: 0.0294]	1.2+0.1s
[440/945]	[L1: 0.0294]	1.2+0.1s
[480/945]	[L1: 0.0292]	1.2+0.1s
[520/945]	[L1: 0.0292]	1.2+0.1s
[560/945]	[L1: 0.0292]	1.2+0.1s
[600/945]	[L1: 0.0292]	1.2+0.1s
[640/945]	[L1: 0.0292]	1.3+0.1s
[680/945]	[L1: 0.0294]	1.2+0.1s
[720/945]	[L1: 0.0294]	1.2+0.1s
[760/945]	[L1: 0.0295]	1.2+0.1s
[800/945]	[L1: 0.0294]	1.2+0.1s
[840/945]	[L1: 0.0294]	1.2+0.1s
[880/945]	[L1: 0.0296]	1.2+0.1s
[920/945]	[L1: 0.0295]	1.2+0.1s

Evaluation:
[UCMerced x4]	psnr: 27.864 (Best: 27.945 @epoch 134)
Total time: 1.76s

[Epoch 139]	Learning rate: 2.00e-4
[40/945]	[L1: 0.0261]	1.2+0.1s
[80/945]	[L1: 0.0279]	1.2+0.1s
[120/945]	[L1: 0.0295]	1.3+0.1s
[160/945]	[L1: 0.0299]	1.2+0.1s
[200/945]	[L1: 0.0292]	1.2+0.1s
[240/945]	[L1: 0.0295]	1.2+0.1s
[280/945]	[L1: 0.0294]	1.2+0.1s
[320/945]	[L1: 0.0290]	1.2+0.1s
[360/945]	[L1: 0.0291]	1.2+0.1s
[400/945]	[L1: 0.0294]	1.2+0.1s
[440/945]	[L1: 0.0292]	1.2+0.1s
[480/945]	[L1: 0.0290]	1.2+0.1s
[520/945]	[L1: 0.0289]	1.2+0.1s
[560/945]	[L1: 0.0289]	1.3+0.1s
[600/945]	[L1: 0.0290]	1.3+0.1s
[640/945]	[L1: 0.0291]	1.3+0.1s
[680/945]	[L1: 0.0292]	1.3+0.1s
[720/945]	[L1: 0.0293]	1.4+0.1s
[760/945]	[L1: 0.0295]	1.3+0.1s
[800/945]	[L1: 0.0294]	1.3+0.1s
[840/945]	[L1: 0.0295]	1.3+0.1s
[880/945]	[L1: 0.0296]	1.3+0.1s
[920/945]	[L1: 0.0296]	1.3+0.1s

Evaluation:
[UCMerced x4]	psnr: 27.897 (Best: 27.945 @epoch 134)
Total time: 1.81s

[Epoch 140]	Learning rate: 2.00e-4
[40/945]	[L1: 0.0295]	1.3+0.1s
[80/945]	[L1: 0.0290]	1.3+0.1s
[120/945]	[L1: 0.0294]	1.3+0.1s
[160/945]	[L1: 0.0286]	1.3+0.1s
[200/945]	[L1: 0.0285]	1.4+0.1s
[240/945]	[L1: 0.0288]	1.3+0.1s
[280/945]	[L1: 0.0293]	1.3+0.1s
[320/945]	[L1: 0.0296]	1.3+0.1s
[360/945]	[L1: 0.0299]	1.3+0.1s
[400/945]	[L1: 0.0298]	1.3+0.1s
[440/945]	[L1: 0.0294]	1.3+0.1s
[480/945]	[L1: 0.0292]	1.3+0.1s
[520/945]	[L1: 0.0291]	1.3+0.1s
[560/945]	[L1: 0.0291]	1.3+0.1s
[600/945]	[L1: 0.0289]	1.3+0.1s
[640/945]	[L1: 0.0291]	1.3+0.1s
[680/945]	[L1: 0.0292]	1.4+0.1s
[720/945]	[L1: 0.0292]	1.3+0.1s
[760/945]	[L1: 0.0292]	1.5+0.1s
[800/945]	[L1: 0.0293]	1.3+0.1s
[840/945]	[L1: 0.0296]	1.3+0.1s
[880/945]	[L1: 0.0295]	1.3+0.1s
[920/945]	[L1: 0.0295]	1.3+0.1s

Evaluation:
[UCMerced x4]	psnr: 27.895 (Best: 27.945 @epoch 134)
Total time: 1.80s

[Epoch 141]	Learning rate: 2.00e-4
[40/945]	[L1: 0.0283]	1.3+0.1s
[80/945]	[L1: 0.0283]	1.3+0.1s
[120/945]	[L1: 0.0284]	1.3+0.1s
[160/945]	[L1: 0.0290]	1.3+0.1s
[200/945]	[L1: 0.0292]	1.4+0.1s
[240/945]	[L1: 0.0288]	1.3+0.1s
[280/945]	[L1: 0.0286]	1.4+0.1s
[320/945]	[L1: 0.0290]	1.3+0.1s
[360/945]	[L1: 0.0293]	1.3+0.1s
[400/945]	[L1: 0.0292]	1.4+0.1s
[440/945]	[L1: 0.0293]	1.3+0.1s
[480/945]	[L1: 0.0291]	1.3+0.1s
[520/945]	[L1: 0.0292]	1.3+0.1s
[560/945]	[L1: 0.0293]	1.3+0.1s
[600/945]	[L1: 0.0295]	1.3+0.1s
[640/945]	[L1: 0.0293]	1.3+0.1s
[680/945]	[L1: 0.0293]	1.3+0.1s
[720/945]	[L1: 0.0295]	1.4+0.1s
[760/945]	[L1: 0.0297]	1.3+0.1s
[800/945]	[L1: 0.0296]	1.3+0.1s
[840/945]	[L1: 0.0295]	1.5+0.1s
[880/945]	[L1: 0.0295]	1.3+0.1s
[920/945]	[L1: 0.0294]	1.3+0.1s

Evaluation:
[UCMerced x4]	psnr: 27.925 (Best: 27.945 @epoch 134)
Total time: 1.80s

[Epoch 142]	Learning rate: 2.00e-4
[40/945]	[L1: 0.0271]	1.3+0.1s
[80/945]	[L1: 0.0285]	1.3+0.1s
[120/945]	[L1: 0.0295]	1.3+0.1s
[160/945]	[L1: 0.0295]	1.3+0.1s
[200/945]	[L1: 0.0296]	1.3+0.1s
[240/945]	[L1: 0.0299]	1.3+0.1s
[280/945]	[L1: 0.0301]	1.3+0.1s
[320/945]	[L1: 0.0301]	1.4+0.1s
[360/945]	[L1: 0.0301]	1.5+0.1s
[400/945]	[L1: 0.0301]	1.4+0.1s
[440/945]	[L1: 0.0297]	1.3+0.1s
[480/945]	[L1: 0.0297]	1.3+0.1s
[520/945]	[L1: 0.0296]	1.3+0.1s
[560/945]	[L1: 0.0295]	1.3+0.1s
[600/945]	[L1: 0.0297]	1.3+0.1s
[640/945]	[L1: 0.0297]	1.3+0.1s
[680/945]	[L1: 0.0297]	1.3+0.1s
[720/945]	[L1: 0.0297]	1.3+0.1s
[760/945]	[L1: 0.0297]	1.3+0.1s
[800/945]	[L1: 0.0297]	1.4+0.1s
[840/945]	[L1: 0.0296]	1.3+0.1s
[880/945]	[L1: 0.0296]	1.3+0.1s
[920/945]	[L1: 0.0297]	1.4+0.1s

Evaluation:
[UCMerced x4]	psnr: 27.945 (Best: 27.945 @epoch 134)
Total time: 1.77s

[Epoch 143]	Learning rate: 2.00e-4
[40/945]	[L1: 0.0295]	1.3+0.1s
[80/945]	[L1: 0.0297]	1.3+0.1s
[120/945]	[L1: 0.0292]	1.3+0.1s
[160/945]	[L1: 0.0293]	1.3+0.1s
[200/945]	[L1: 0.0294]	1.3+0.1s
[240/945]	[L1: 0.0289]	1.3+0.1s
[280/945]	[L1: 0.0283]	1.3+0.1s
[320/945]	[L1: 0.0286]	1.3+0.1s
[360/945]	[L1: 0.0288]	1.3+0.1s
[400/945]	[L1: 0.0286]	1.3+0.1s
[440/945]	[L1: 0.0285]	1.4+0.1s
[480/945]	[L1: 0.0285]	1.3+0.1s
[520/945]	[L1: 0.0289]	1.3+0.1s
[560/945]	[L1: 0.0290]	1.3+0.1s
[600/945]	[L1: 0.0290]	1.3+0.1s
[640/945]	[L1: 0.0291]	1.3+0.1s
[680/945]	[L1: 0.0292]	1.3+0.1s
[720/945]	[L1: 0.0293]	1.3+0.1s
[760/945]	[L1: 0.0293]	1.3+0.1s
[800/945]	[L1: 0.0295]	1.3+0.1s
[840/945]	[L1: 0.0294]	1.3+0.1s
[880/945]	[L1: 0.0293]	1.3+0.1s
[920/945]	[L1: 0.0293]	1.3+0.1s

Evaluation:
[UCMerced x4]	psnr: 27.915 (Best: 27.945 @epoch 134)
Total time: 1.77s

[Epoch 144]	Learning rate: 2.00e-4
[40/945]	[L1: 0.0307]	1.3+0.1s
[80/945]	[L1: 0.0298]	1.3+0.1s
[120/945]	[L1: 0.0287]	1.3+0.1s
[160/945]	[L1: 0.0296]	1.3+0.1s
[200/945]	[L1: 0.0294]	1.3+0.1s
[240/945]	[L1: 0.0300]	1.3+0.1s
[280/945]	[L1: 0.0297]	1.3+0.1s
[320/945]	[L1: 0.0294]	1.3+0.1s
[360/945]	[L1: 0.0292]	1.3+0.1s
[400/945]	[L1: 0.0293]	1.3+0.1s
[440/945]	[L1: 0.0293]	1.3+0.1s
[480/945]	[L1: 0.0291]	1.3+0.1s
[520/945]	[L1: 0.0292]	1.4+0.1s
[560/945]	[L1: 0.0294]	1.3+0.1s
[600/945]	[L1: 0.0292]	1.3+0.1s
[640/945]	[L1: 0.0291]	1.3+0.1s
[680/945]	[L1: 0.0290]	1.3+0.1s
[720/945]	[L1: 0.0290]	1.3+0.1s
[760/945]	[L1: 0.0291]	1.3+0.1s
[800/945]	[L1: 0.0292]	1.3+0.1s
[840/945]	[L1: 0.0293]	1.3+0.1s
[880/945]	[L1: 0.0293]	1.3+0.1s
[920/945]	[L1: 0.0294]	1.3+0.1s

Evaluation:
[UCMerced x4]	psnr: 27.920 (Best: 27.945 @epoch 134)
Total time: 1.80s

[Epoch 145]	Learning rate: 2.00e-4
[40/945]	[L1: 0.0281]	1.5+0.1s
[80/945]	[L1: 0.0284]	1.3+0.1s
[120/945]	[L1: 0.0283]	1.3+0.1s
[160/945]	[L1: 0.0281]	1.3+0.1s
[200/945]	[L1: 0.0285]	1.3+0.1s
[240/945]	[L1: 0.0284]	1.3+0.1s
[280/945]	[L1: 0.0286]	1.3+0.1s
[320/945]	[L1: 0.0286]	1.3+0.1s
[360/945]	[L1: 0.0290]	1.3+0.1s
[400/945]	[L1: 0.0290]	1.3+0.1s
[440/945]	[L1: 0.0292]	1.3+0.1s
[480/945]	[L1: 0.0290]	1.3+0.1s
[520/945]	[L1: 0.0293]	1.4+0.1s
[560/945]	[L1: 0.0295]	1.3+0.1s
[600/945]	[L1: 0.0296]	1.5+0.0s
[640/945]	[L1: 0.0294]	1.3+0.1s
[680/945]	[L1: 0.0294]	1.3+0.1s
[720/945]	[L1: 0.0294]	1.3+0.1s
[760/945]	[L1: 0.0295]	1.3+0.1s
[800/945]	[L1: 0.0296]	1.3+0.1s
[840/945]	[L1: 0.0294]	1.3+0.1s
[880/945]	[L1: 0.0294]	1.3+0.1s
[920/945]	[L1: 0.0295]	1.3+0.1s

Evaluation:
[UCMerced x4]	psnr: 27.969 (Best: 27.969 @epoch 145)
Total time: 1.82s

[Epoch 146]	Learning rate: 2.00e-4
[40/945]	[L1: 0.0289]	1.3+0.1s
[80/945]	[L1: 0.0307]	1.3+0.1s
[120/945]	[L1: 0.0301]	1.4+0.1s
[160/945]	[L1: 0.0304]	1.3+0.1s
[200/945]	[L1: 0.0302]	1.3+0.1s
[240/945]	[L1: 0.0298]	1.3+0.1s
[280/945]	[L1: 0.0296]	1.3+0.1s
[320/945]	[L1: 0.0296]	1.3+0.1s
[360/945]	[L1: 0.0297]	1.3+0.1s
[400/945]	[L1: 0.0297]	1.3+0.1s
[440/945]	[L1: 0.0299]	1.3+0.1s
[480/945]	[L1: 0.0300]	1.3+0.1s
[520/945]	[L1: 0.0300]	1.3+0.1s
[560/945]	[L1: 0.0300]	1.3+0.1s
[600/945]	[L1: 0.0298]	1.3+0.1s
[640/945]	[L1: 0.0297]	1.3+0.1s
[680/945]	[L1: 0.0296]	1.4+0.1s
[720/945]	[L1: 0.0297]	1.3+0.1s
[760/945]	[L1: 0.0296]	1.3+0.1s
[800/945]	[L1: 0.0295]	1.3+0.1s
[840/945]	[L1: 0.0295]	1.3+0.1s
[880/945]	[L1: 0.0294]	1.3+0.1s
[920/945]	[L1: 0.0296]	1.3+0.1s

Evaluation:
[UCMerced x4]	psnr: 27.961 (Best: 27.969 @epoch 145)
Total time: 1.78s

[Epoch 147]	Learning rate: 2.00e-4
[40/945]	[L1: 0.0269]	1.3+0.1s
[80/945]	[L1: 0.0299]	1.3+0.1s
[120/945]	[L1: 0.0289]	1.3+0.1s
[160/945]	[L1: 0.0294]	1.3+0.1s
[200/945]	[L1: 0.0296]	1.4+0.1s
[240/945]	[L1: 0.0299]	1.3+0.1s
[280/945]	[L1: 0.0300]	1.3+0.1s
[320/945]	[L1: 0.0304]	1.3+0.1s
[360/945]	[L1: 0.0304]	1.3+0.1s
[400/945]	[L1: 0.0303]	1.3+0.1s
[440/945]	[L1: 0.0303]	1.3+0.1s
[480/945]	[L1: 0.0300]	1.3+0.1s
[520/945]	[L1: 0.0299]	1.3+0.1s
[560/945]	[L1: 0.0298]	1.3+0.1s
[600/945]	[L1: 0.0296]	1.3+0.1s
[640/945]	[L1: 0.0298]	1.3+0.1s
[680/945]	[L1: 0.0297]	1.3+0.1s
[720/945]	[L1: 0.0295]	1.3+0.1s
[760/945]	[L1: 0.0294]	1.3+0.1s
[800/945]	[L1: 0.0294]	1.4+0.1s
[840/945]	[L1: 0.0294]	1.3+0.1s
[880/945]	[L1: 0.0294]	1.3+0.1s
[920/945]	[L1: 0.0295]	1.3+0.1s

Evaluation:
[UCMerced x4]	psnr: 27.835 (Best: 27.969 @epoch 145)
Total time: 1.78s

[Epoch 148]	Learning rate: 2.00e-4
[40/945]	[L1: 0.0292]	1.3+0.1s
[80/945]	[L1: 0.0275]	1.3+0.1s
[120/945]	[L1: 0.0299]	1.3+0.1s
[160/945]	[L1: 0.0298]	1.3+0.1s
[200/945]	[L1: 0.0299]	1.3+0.1s
[240/945]	[L1: 0.0297]	1.3+0.1s
[280/945]	[L1: 0.0298]	1.4+0.1s
[320/945]	[L1: 0.0296]	1.3+0.1s
[360/945]	[L1: 0.0293]	1.3+0.1s
[400/945]	[L1: 0.0293]	1.3+0.1s
[440/945]	[L1: 0.0290]	1.3+0.1s
[480/945]	[L1: 0.0291]	1.3+0.1s
[520/945]	[L1: 0.0291]	1.3+0.1s
[560/945]	[L1: 0.0293]	1.3+0.1s
[600/945]	[L1: 0.0294]	1.3+0.1s
[640/945]	[L1: 0.0294]	1.3+0.1s
[680/945]	[L1: 0.0293]	1.3+0.1s
[720/945]	[L1: 0.0291]	1.3+0.1s
[760/945]	[L1: 0.0294]	1.3+0.1s
[800/945]	[L1: 0.0295]	1.3+0.1s
[840/945]	[L1: 0.0296]	1.4+0.1s
[880/945]	[L1: 0.0296]	1.3+0.1s
[920/945]	[L1: 0.0296]	1.3+0.1s

Evaluation:
[UCMerced x4]	psnr: 27.957 (Best: 27.969 @epoch 145)
Total time: 1.76s

[Epoch 149]	Learning rate: 2.00e-4
[40/945]	[L1: 0.0281]	1.2+0.1s
[80/945]	[L1: 0.0291]	1.2+0.1s
[120/945]	[L1: 0.0299]	1.2+0.1s
[160/945]	[L1: 0.0291]	1.2+0.1s
[200/945]	[L1: 0.0288]	1.2+0.1s
[240/945]	[L1: 0.0289]	1.2+0.1s
[280/945]	[L1: 0.0291]	1.2+0.1s
[320/945]	[L1: 0.0291]	1.2+0.1s
[360/945]	[L1: 0.0292]	1.3+0.1s
[400/945]	[L1: 0.0292]	1.2+0.1s
[440/945]	[L1: 0.0289]	1.2+0.1s
[480/945]	[L1: 0.0290]	1.2+0.1s
[520/945]	[L1: 0.0289]	1.2+0.1s
[560/945]	[L1: 0.0288]	1.2+0.1s
[600/945]	[L1: 0.0289]	1.2+0.1s
[640/945]	[L1: 0.0290]	1.2+0.1s
[680/945]	[L1: 0.0291]	1.2+0.1s
[720/945]	[L1: 0.0290]	1.2+0.1s
[760/945]	[L1: 0.0289]	1.3+0.1s
[800/945]	[L1: 0.0291]	1.3+0.1s
[840/945]	[L1: 0.0293]	1.3+0.1s
[880/945]	[L1: 0.0294]	1.3+0.1s
[920/945]	[L1: 0.0295]	1.4+0.1s

Evaluation:
[UCMerced x4]	psnr: 27.943 (Best: 27.969 @epoch 145)
Total time: 1.77s

[Epoch 150]	Learning rate: 2.00e-4
[40/945]	[L1: 0.0301]	1.3+0.1s
[80/945]	[L1: 0.0303]	1.3+0.1s
[120/945]	[L1: 0.0292]	1.3+0.1s
[160/945]	[L1: 0.0299]	1.3+0.1s
[200/945]	[L1: 0.0301]	1.3+0.1s
[240/945]	[L1: 0.0305]	1.3+0.1s
[280/945]	[L1: 0.0306]	1.3+0.1s
[320/945]	[L1: 0.0304]	1.3+0.1s
[360/945]	[L1: 0.0301]	1.3+0.1s
[400/945]	[L1: 0.0300]	1.3+0.1s
[440/945]	[L1: 0.0300]	1.4+0.1s
[480/945]	[L1: 0.0297]	1.3+0.1s
[520/945]	[L1: 0.0297]	1.3+0.1s
[560/945]	[L1: 0.0297]	1.3+0.1s
[600/945]	[L1: 0.0297]	1.3+0.1s
[640/945]	[L1: 0.0298]	1.3+0.1s
[680/945]	[L1: 0.0299]	1.3+0.1s
[720/945]	[L1: 0.0297]	1.3+0.1s
[760/945]	[L1: 0.0297]	1.3+0.1s
[800/945]	[L1: 0.0296]	1.3+0.1s
[840/945]	[L1: 0.0296]	1.3+0.1s
[880/945]	[L1: 0.0296]	1.3+0.1s
[920/945]	[L1: 0.0296]	1.3+0.1s
Saved epoch checkpoint at epoch 150

Evaluation:
[UCMerced x4]	psnr: 27.938 (Best: 27.969 @epoch 145)
Total time: 1.77s

[Epoch 151]	Learning rate: 2.00e-4
[40/945]	[L1: 0.0279]	1.3+0.1s
[80/945]	[L1: 0.0285]	1.3+0.1s
[120/945]	[L1: 0.0287]	1.3+0.1s
[160/945]	[L1: 0.0293]	1.3+0.1s
[200/945]	[L1: 0.0287]	1.3+0.1s
[240/945]	[L1: 0.0289]	1.3+0.1s
[280/945]	[L1: 0.0288]	1.3+0.1s
[320/945]	[L1: 0.0291]	1.3+0.1s
[360/945]	[L1: 0.0293]	1.3+0.1s
[400/945]	[L1: 0.0294]	1.3+0.1s
[440/945]	[L1: 0.0295]	1.4+0.1s
[480/945]	[L1: 0.0295]	1.3+0.1s
[520/945]	[L1: 0.0296]	1.3+0.1s
[560/945]	[L1: 0.0295]	1.3+0.1s
[600/945]	[L1: 0.0296]	1.3+0.1s
[640/945]	[L1: 0.0296]	1.3+0.1s
[680/945]	[L1: 0.0296]	1.3+0.1s
[720/945]	[L1: 0.0296]	1.3+0.1s
[760/945]	[L1: 0.0297]	1.3+0.1s
[800/945]	[L1: 0.0296]	1.3+0.1s
[840/945]	[L1: 0.0297]	1.3+0.1s
[880/945]	[L1: 0.0296]	1.3+0.1s
[920/945]	[L1: 0.0296]	1.3+0.1s

Evaluation:
[UCMerced x4]	psnr: 27.874 (Best: 27.969 @epoch 145)
Total time: 1.78s

[Epoch 152]	Learning rate: 2.00e-4
[40/945]	[L1: 0.0285]	1.4+0.1s
[80/945]	[L1: 0.0297]	1.3+0.1s
[120/945]	[L1: 0.0298]	1.3+0.1s
[160/945]	[L1: 0.0287]	1.3+0.1s
[200/945]	[L1: 0.0293]	1.3+0.1s
[240/945]	[L1: 0.0297]	1.3+0.1s
[280/945]	[L1: 0.0296]	1.3+0.1s
[320/945]	[L1: 0.0296]	1.3+0.1s
[360/945]	[L1: 0.0296]	1.3+0.1s
[400/945]	[L1: 0.0299]	1.3+0.1s
[440/945]	[L1: 0.0296]	1.3+0.1s
[480/945]	[L1: 0.0297]	1.3+0.1s
[520/945]	[L1: 0.0294]	1.3+0.1s
[560/945]	[L1: 0.0294]	1.4+0.1s
[600/945]	[L1: 0.0294]	1.3+0.1s
[640/945]	[L1: 0.0293]	1.3+0.1s
[680/945]	[L1: 0.0293]	1.3+0.1s
[720/945]	[L1: 0.0295]	1.3+0.1s
[760/945]	[L1: 0.0294]	1.3+0.1s
[800/945]	[L1: 0.0295]	1.3+0.1s
[840/945]	[L1: 0.0295]	1.3+0.1s
[880/945]	[L1: 0.0296]	1.3+0.1s
[920/945]	[L1: 0.0295]	1.3+0.1s

Evaluation:
[UCMerced x4]	psnr: 27.906 (Best: 27.969 @epoch 145)
Total time: 1.77s

[Epoch 153]	Learning rate: 2.00e-4
[40/945]	[L1: 0.0287]	1.3+0.1s
[80/945]	[L1: 0.0292]	1.4+0.1s
[120/945]	[L1: 0.0297]	1.3+0.1s
[160/945]	[L1: 0.0297]	1.3+0.1s
[200/945]	[L1: 0.0297]	1.3+0.1s
[240/945]	[L1: 0.0293]	1.3+0.1s
[280/945]	[L1: 0.0296]	1.3+0.1s
[320/945]	[L1: 0.0298]	1.3+0.1s
[360/945]	[L1: 0.0296]	1.3+0.1s
[400/945]	[L1: 0.0295]	1.3+0.1s
[440/945]	[L1: 0.0295]	1.3+0.1s
[480/945]	[L1: 0.0294]	1.3+0.1s
[520/945]	[L1: 0.0294]	1.3+0.1s
[560/945]	[L1: 0.0296]	1.3+0.1s
[600/945]	[L1: 0.0294]	1.3+0.1s
[640/945]	[L1: 0.0294]	1.4+0.1s
[680/945]	[L1: 0.0293]	1.3+0.1s
[720/945]	[L1: 0.0292]	1.3+0.1s
[760/945]	[L1: 0.0292]	1.3+0.1s
[800/945]	[L1: 0.0293]	1.3+0.1s
[840/945]	[L1: 0.0291]	1.3+0.1s
[880/945]	[L1: 0.0292]	1.3+0.1s
[920/945]	[L1: 0.0293]	1.3+0.1s

Evaluation:
[UCMerced x4]	psnr: 27.943 (Best: 27.969 @epoch 145)
Total time: 1.79s

[Epoch 154]	Learning rate: 2.00e-4
[40/945]	[L1: 0.0296]	1.3+0.1s
[80/945]	[L1: 0.0283]	1.3+0.1s
[120/945]	[L1: 0.0284]	1.3+0.1s
[160/945]	[L1: 0.0288]	1.4+0.1s
[200/945]	[L1: 0.0286]	1.3+0.1s
[240/945]	[L1: 0.0289]	1.3+0.1s
[280/945]	[L1: 0.0287]	1.3+0.1s
[320/945]	[L1: 0.0287]	1.3+0.1s
[360/945]	[L1: 0.0287]	1.3+0.1s
[400/945]	[L1: 0.0287]	1.3+0.1s
[440/945]	[L1: 0.0287]	1.3+0.1s
[480/945]	[L1: 0.0291]	1.3+0.1s
[520/945]	[L1: 0.0294]	1.3+0.1s
[560/945]	[L1: 0.0294]	1.3+0.1s
[600/945]	[L1: 0.0296]	1.3+0.1s
[640/945]	[L1: 0.0295]	1.3+0.1s
[680/945]	[L1: 0.0293]	1.3+0.1s
[720/945]	[L1: 0.0294]	1.4+0.1s
[760/945]	[L1: 0.0294]	1.3+0.1s
[800/945]	[L1: 0.0293]	1.3+0.1s
[840/945]	[L1: 0.0294]	1.3+0.1s
[880/945]	[L1: 0.0293]	1.3+0.1s
[920/945]	[L1: 0.0295]	1.3+0.1s

Evaluation:
[UCMerced x4]	psnr: 27.964 (Best: 27.969 @epoch 145)
Total time: 1.79s

[Epoch 155]	Learning rate: 2.00e-4
[40/945]	[L1: 0.0271]	1.3+0.1s
[80/945]	[L1: 0.0297]	1.3+0.1s
[120/945]	[L1: 0.0296]	1.3+0.1s
[160/945]	[L1: 0.0291]	1.3+0.1s
[200/945]	[L1: 0.0294]	1.3+0.1s
[240/945]	[L1: 0.0296]	1.4+0.1s
[280/945]	[L1: 0.0297]	1.3+0.1s
[320/945]	[L1: 0.0297]	1.3+0.1s
[360/945]	[L1: 0.0297]	1.3+0.1s
[400/945]	[L1: 0.0297]	1.3+0.1s
[440/945]	[L1: 0.0295]	1.3+0.1s
[480/945]	[L1: 0.0295]	1.3+0.1s
[520/945]	[L1: 0.0293]	1.3+0.1s
[560/945]	[L1: 0.0294]	1.3+0.1s
[600/945]	[L1: 0.0294]	1.3+0.1s
[640/945]	[L1: 0.0293]	1.3+0.1s
[680/945]	[L1: 0.0293]	1.4+0.1s
[720/945]	[L1: 0.0294]	1.3+0.1s
[760/945]	[L1: 0.0294]	1.3+0.1s
[800/945]	[L1: 0.0295]	1.4+0.1s
[840/945]	[L1: 0.0294]	1.3+0.1s
[880/945]	[L1: 0.0294]	1.3+0.1s
[920/945]	[L1: 0.0294]	1.3+0.1s

Evaluation:
[UCMerced x4]	psnr: 27.906 (Best: 27.969 @epoch 145)
Total time: 1.79s

[Epoch 156]	Learning rate: 2.00e-4
[40/945]	[L1: 0.0309]	1.3+0.1s
[80/945]	[L1: 0.0287]	1.3+0.1s
[120/945]	[L1: 0.0305]	1.3+0.1s
[160/945]	[L1: 0.0302]	1.3+0.1s
[200/945]	[L1: 0.0303]	1.3+0.1s
[240/945]	[L1: 0.0301]	1.3+0.1s
[280/945]	[L1: 0.0297]	1.3+0.1s
[320/945]	[L1: 0.0295]	1.4+0.1s
[360/945]	[L1: 0.0295]	1.3+0.1s
[400/945]	[L1: 0.0294]	1.3+0.1s
[440/945]	[L1: 0.0293]	1.3+0.1s
[480/945]	[L1: 0.0292]	1.3+0.1s
[520/945]	[L1: 0.0291]	1.3+0.1s
[560/945]	[L1: 0.0293]	1.3+0.1s
[600/945]	[L1: 0.0294]	1.3+0.1s
[640/945]	[L1: 0.0293]	1.3+0.1s
[680/945]	[L1: 0.0292]	1.3+0.1s
[720/945]	[L1: 0.0293]	1.3+0.1s
[760/945]	[L1: 0.0291]	1.3+0.1s
[800/945]	[L1: 0.0293]	1.3+0.1s
[840/945]	[L1: 0.0294]	1.3+0.1s
[880/945]	[L1: 0.0294]	1.4+0.1s
[920/945]	[L1: 0.0294]	1.3+0.1s

Evaluation:
[UCMerced x4]	psnr: 27.965 (Best: 27.969 @epoch 145)
Total time: 1.80s

[Epoch 157]	Learning rate: 2.00e-4
[40/945]	[L1: 0.0264]	1.3+0.1s
[80/945]	[L1: 0.0287]	1.3+0.1s
[120/945]	[L1: 0.0274]	1.3+0.1s
[160/945]	[L1: 0.0279]	1.3+0.1s
[200/945]	[L1: 0.0280]	1.3+0.1s
[240/945]	[L1: 0.0281]	1.3+0.1s
[280/945]	[L1: 0.0283]	1.3+0.1s
[320/945]	[L1: 0.0285]	1.3+0.1s
[360/945]	[L1: 0.0287]	1.4+0.1s
[400/945]	[L1: 0.0286]	1.3+0.1s
[440/945]	[L1: 0.0286]	1.3+0.1s
[480/945]	[L1: 0.0289]	1.3+0.1s
[520/945]	[L1: 0.0289]	1.3+0.1s
[560/945]	[L1: 0.0292]	1.3+0.1s
[600/945]	[L1: 0.0294]	1.3+0.1s
[640/945]	[L1: 0.0291]	1.3+0.1s
[680/945]	[L1: 0.0292]	1.3+0.1s
[720/945]	[L1: 0.0291]	1.3+0.1s
[760/945]	[L1: 0.0291]	1.3+0.1s
[800/945]	[L1: 0.0291]	1.3+0.1s
[840/945]	[L1: 0.0292]	1.3+0.1s
[880/945]	[L1: 0.0292]	1.3+0.1s
[920/945]	[L1: 0.0294]	1.3+0.1s

Evaluation:
[UCMerced x4]	psnr: 27.975 (Best: 27.975 @epoch 157)
Total time: 1.79s

[Epoch 158]	Learning rate: 2.00e-4
[40/945]	[L1: 0.0279]	1.3+0.1s
[80/945]	[L1: 0.0279]	1.3+0.1s
[120/945]	[L1: 0.0279]	1.3+0.1s
[160/945]	[L1: 0.0288]	1.3+0.1s
[200/945]	[L1: 0.0290]	1.3+0.1s
[240/945]	[L1: 0.0294]	1.3+0.1s
[280/945]	[L1: 0.0294]	1.3+0.1s
[320/945]	[L1: 0.0291]	1.3+0.1s
[360/945]	[L1: 0.0289]	1.3+0.1s
[400/945]	[L1: 0.0289]	1.4+0.1s
[440/945]	[L1: 0.0290]	1.3+0.1s
[480/945]	[L1: 0.0290]	1.3+0.1s
[520/945]	[L1: 0.0291]	1.3+0.1s
[560/945]	[L1: 0.0292]	1.3+0.1s
[600/945]	[L1: 0.0293]	1.3+0.1s
[640/945]	[L1: 0.0291]	1.3+0.1s
[680/945]	[L1: 0.0292]	1.3+0.1s
[720/945]	[L1: 0.0293]	1.3+0.1s
[760/945]	[L1: 0.0292]	1.3+0.1s
[800/945]	[L1: 0.0292]	1.3+0.1s
[840/945]	[L1: 0.0293]	1.3+0.1s
[880/945]	[L1: 0.0293]	1.3+0.1s
[920/945]	[L1: 0.0293]	1.3+0.1s

Evaluation:
[UCMerced x4]	psnr: 27.946 (Best: 27.975 @epoch 157)
Total time: 1.80s

[Epoch 159]	Learning rate: 2.00e-4
[40/945]	[L1: 0.0322]	1.3+0.1s
[80/945]	[L1: 0.0314]	1.3+0.1s
[120/945]	[L1: 0.0300]	1.3+0.1s
[160/945]	[L1: 0.0293]	1.3+0.1s
[200/945]	[L1: 0.0294]	1.3+0.1s
[240/945]	[L1: 0.0293]	1.3+0.1s
[280/945]	[L1: 0.0293]	1.3+0.1s
[320/945]	[L1: 0.0294]	1.3+0.1s
[360/945]	[L1: 0.0293]	1.3+0.1s
[400/945]	[L1: 0.0295]	1.3+0.1s
[440/945]	[L1: 0.0296]	1.3+0.1s
[480/945]	[L1: 0.0295]	1.4+0.1s
[520/945]	[L1: 0.0295]	1.3+0.1s
[560/945]	[L1: 0.0297]	1.3+0.1s
[600/945]	[L1: 0.0297]	1.3+0.1s
[640/945]	[L1: 0.0298]	1.3+0.1s
[680/945]	[L1: 0.0298]	1.3+0.1s
[720/945]	[L1: 0.0297]	1.3+0.1s
[760/945]	[L1: 0.0297]	1.3+0.1s
[800/945]	[L1: 0.0297]	1.3+0.1s
[840/945]	[L1: 0.0295]	1.3+0.1s
[880/945]	[L1: 0.0294]	1.3+0.1s
[920/945]	[L1: 0.0295]	1.3+0.1s

Evaluation:
[UCMerced x4]	psnr: 27.936 (Best: 27.975 @epoch 157)
Total time: 1.77s

[Epoch 160]	Learning rate: 2.00e-4
[40/945]	[L1: 0.0285]	1.3+0.1s
[80/945]	[L1: 0.0282]	1.3+0.1s
[120/945]	[L1: 0.0282]	1.3+0.1s
[160/945]	[L1: 0.0288]	1.3+0.1s
[200/945]	[L1: 0.0287]	1.3+0.1s
[240/945]	[L1: 0.0283]	1.3+0.1s
[280/945]	[L1: 0.0285]	1.3+0.1s
[320/945]	[L1: 0.0287]	1.3+0.1s
[360/945]	[L1: 0.0286]	1.3+0.1s
[400/945]	[L1: 0.0291]	1.3+0.1s
[440/945]	[L1: 0.0292]	1.3+0.1s
[480/945]	[L1: 0.0293]	1.3+0.1s
[520/945]	[L1: 0.0293]	1.3+0.1s
[560/945]	[L1: 0.0291]	1.4+0.1s
[600/945]	[L1: 0.0289]	1.3+0.1s
[640/945]	[L1: 0.0289]	1.3+0.1s
[680/945]	[L1: 0.0289]	1.3+0.1s
[720/945]	[L1: 0.0289]	1.3+0.1s
[760/945]	[L1: 0.0291]	1.3+0.1s
[800/945]	[L1: 0.0291]	1.3+0.1s
[840/945]	[L1: 0.0291]	1.3+0.1s
[880/945]	[L1: 0.0291]	1.3+0.1s
[920/945]	[L1: 0.0292]	1.3+0.1s

Evaluation:
[UCMerced x4]	psnr: 27.942 (Best: 27.975 @epoch 157)
Total time: 1.80s

[Epoch 161]	Learning rate: 2.00e-4
[40/945]	[L1: 0.0312]	1.3+0.1s
[80/945]	[L1: 0.0329]	1.4+0.1s
[120/945]	[L1: 0.0325]	1.3+0.1s
[160/945]	[L1: 0.0317]	1.3+0.1s
[200/945]	[L1: 0.0305]	1.3+0.1s
[240/945]	[L1: 0.0302]	1.3+0.1s
[280/945]	[L1: 0.0295]	1.3+0.1s
[320/945]	[L1: 0.0297]	1.3+0.1s
[360/945]	[L1: 0.0294]	1.3+0.1s
[400/945]	[L1: 0.0290]	1.3+0.1s
[440/945]	[L1: 0.0292]	1.3+0.1s
[480/945]	[L1: 0.0293]	1.3+0.1s
[520/945]	[L1: 0.0292]	1.3+0.1s
[560/945]	[L1: 0.0290]	1.3+0.1s
[600/945]	[L1: 0.0292]	1.3+0.1s
[640/945]	[L1: 0.0291]	1.4+0.1s
[680/945]	[L1: 0.0291]	1.3+0.1s
[720/945]	[L1: 0.0293]	1.3+0.1s
[760/945]	[L1: 0.0293]	1.3+0.1s
[800/945]	[L1: 0.0292]	1.3+0.1s
[840/945]	[L1: 0.0293]	1.3+0.1s
[880/945]	[L1: 0.0293]	1.3+0.1s
[920/945]	[L1: 0.0293]	1.3+0.1s

Evaluation:
[UCMerced x4]	psnr: 27.928 (Best: 27.975 @epoch 157)
Total time: 1.79s

[Epoch 162]	Learning rate: 2.00e-4
[40/945]	[L1: 0.0333]	1.4+0.1s
[80/945]	[L1: 0.0312]	1.3+0.1s
[120/945]	[L1: 0.0317]	1.3+0.1s
[160/945]	[L1: 0.0316]	1.4+0.1s
[200/945]	[L1: 0.0320]	1.3+0.1s
[240/945]	[L1: 0.0311]	1.3+0.1s
[280/945]	[L1: 0.0307]	1.3+0.1s
[320/945]	[L1: 0.0310]	1.3+0.1s
[360/945]	[L1: 0.0306]	1.3+0.1s
[400/945]	[L1: 0.0305]	1.3+0.1s
[440/945]	[L1: 0.0307]	1.3+0.1s
[480/945]	[L1: 0.0301]	1.3+0.1s
[520/945]	[L1: 0.0300]	1.3+0.1s
[560/945]	[L1: 0.0301]	1.3+0.1s
[600/945]	[L1: 0.0299]	1.3+0.1s
[640/945]	[L1: 0.0299]	1.3+0.1s
[680/945]	[L1: 0.0297]	1.3+0.1s
[720/945]	[L1: 0.0296]	1.4+0.1s
[760/945]	[L1: 0.0295]	1.3+0.1s
[800/945]	[L1: 0.0294]	1.3+0.1s
[840/945]	[L1: 0.0293]	1.3+0.1s
[880/945]	[L1: 0.0294]	1.3+0.1s
[920/945]	[L1: 0.0293]	1.3+0.1s

Evaluation:
[UCMerced x4]	psnr: 27.963 (Best: 27.975 @epoch 157)
Total time: 1.82s

[Epoch 163]	Learning rate: 2.00e-4
[40/945]	[L1: 0.0302]	1.3+0.1s
[80/945]	[L1: 0.0301]	1.3+0.1s
[120/945]	[L1: 0.0296]	1.3+0.1s
[160/945]	[L1: 0.0289]	1.3+0.1s
[200/945]	[L1: 0.0289]	1.3+0.1s
[240/945]	[L1: 0.0288]	1.4+0.1s
[280/945]	[L1: 0.0292]	1.3+0.1s
[320/945]	[L1: 0.0295]	1.3+0.1s
[360/945]	[L1: 0.0294]	1.3+0.1s
[400/945]	[L1: 0.0293]	1.3+0.1s
[440/945]	[L1: 0.0296]	1.3+0.1s
[480/945]	[L1: 0.0294]	1.3+0.1s
[520/945]	[L1: 0.0295]	1.3+0.1s
[560/945]	[L1: 0.0295]	1.3+0.1s
[600/945]	[L1: 0.0297]	1.3+0.1s
[640/945]	[L1: 0.0297]	1.3+0.1s
[680/945]	[L1: 0.0298]	1.3+0.1s
[720/945]	[L1: 0.0298]	1.3+0.1s
[760/945]	[L1: 0.0297]	1.3+0.1s
[800/945]	[L1: 0.0298]	1.4+0.1s
[840/945]	[L1: 0.0296]	1.3+0.1s
[880/945]	[L1: 0.0294]	1.3+0.1s
[920/945]	[L1: 0.0293]	1.3+0.1s

Evaluation:
[UCMerced x4]	psnr: 27.983 (Best: 27.983 @epoch 163)
Total time: 1.80s

[Epoch 164]	Learning rate: 2.00e-4
[40/945]	[L1: 0.0311]	1.3+0.1s
[80/945]	[L1: 0.0308]	1.3+0.1s
[120/945]	[L1: 0.0300]	1.3+0.1s
[160/945]	[L1: 0.0292]	1.3+0.1s
[200/945]	[L1: 0.0293]	1.3+0.1s
[240/945]	[L1: 0.0295]	1.3+0.1s
[280/945]	[L1: 0.0294]	1.5+0.1s
[320/945]	[L1: 0.0299]	1.3+0.1s
[360/945]	[L1: 0.0293]	1.3+0.1s
[400/945]	[L1: 0.0292]	1.3+0.1s
[440/945]	[L1: 0.0293]	1.3+0.1s
[480/945]	[L1: 0.0293]	1.3+0.1s
[520/945]	[L1: 0.0292]	1.3+0.1s
[560/945]	[L1: 0.0290]	1.3+0.1s
[600/945]	[L1: 0.0290]	1.3+0.1s
[640/945]	[L1: 0.0289]	1.3+0.1s
[680/945]	[L1: 0.0290]	1.3+0.1s
[720/945]	[L1: 0.0291]	1.3+0.1s
[760/945]	[L1: 0.0291]	1.3+0.1s
[800/945]	[L1: 0.0292]	1.3+0.1s
[840/945]	[L1: 0.0293]	1.4+0.1s
[880/945]	[L1: 0.0292]	1.3+0.1s
[920/945]	[L1: 0.0292]	1.3+0.1s

Evaluation:
[UCMerced x4]	psnr: 27.980 (Best: 27.983 @epoch 163)
Total time: 1.80s

[Epoch 165]	Learning rate: 2.00e-4
[40/945]	[L1: 0.0295]	1.3+0.1s
[80/945]	[L1: 0.0280]	1.3+0.1s
[120/945]	[L1: 0.0281]	1.3+0.1s
[160/945]	[L1: 0.0284]	1.3+0.1s
[200/945]	[L1: 0.0281]	1.3+0.1s
[240/945]	[L1: 0.0285]	1.3+0.1s
[280/945]	[L1: 0.0286]	1.3+0.1s
[320/945]	[L1: 0.0287]	1.3+0.1s
[360/945]	[L1: 0.0285]	1.4+0.1s
[400/945]	[L1: 0.0288]	1.3+0.1s
[440/945]	[L1: 0.0289]	1.3+0.1s
[480/945]	[L1: 0.0288]	1.3+0.1s
[520/945]	[L1: 0.0288]	1.3+0.1s
[560/945]	[L1: 0.0289]	1.3+0.1s
[600/945]	[L1: 0.0290]	1.3+0.1s
[640/945]	[L1: 0.0290]	1.3+0.1s
[680/945]	[L1: 0.0289]	1.3+0.1s
[720/945]	[L1: 0.0290]	1.3+0.1s
[760/945]	[L1: 0.0289]	1.3+0.1s
[800/945]	[L1: 0.0291]	1.3+0.1s
[840/945]	[L1: 0.0293]	1.3+0.1s
[880/945]	[L1: 0.0294]	1.3+0.1s
[920/945]	[L1: 0.0294]	1.4+0.1s

Evaluation:
[UCMerced x4]	psnr: 27.976 (Best: 27.983 @epoch 163)
Total time: 1.81s

[Epoch 166]	Learning rate: 2.00e-4
[40/945]	[L1: 0.0291]	1.3+0.1s
[80/945]	[L1: 0.0302]	1.3+0.1s
[120/945]	[L1: 0.0293]	1.3+0.1s
[160/945]	[L1: 0.0293]	1.3+0.1s
[200/945]	[L1: 0.0293]	1.3+0.1s
[240/945]	[L1: 0.0289]	1.3+0.1s
[280/945]	[L1: 0.0288]	1.3+0.1s
[320/945]	[L1: 0.0288]	1.3+0.1s
[360/945]	[L1: 0.0286]	1.3+0.1s
[400/945]	[L1: 0.0285]	1.3+0.1s
[440/945]	[L1: 0.0289]	1.4+0.1s
[480/945]	[L1: 0.0289]	1.3+0.1s
[520/945]	[L1: 0.0288]	1.3+0.1s
[560/945]	[L1: 0.0288]	1.3+0.1s
[600/945]	[L1: 0.0290]	1.4+0.1s
[640/945]	[L1: 0.0289]	1.3+0.1s
[680/945]	[L1: 0.0290]	1.3+0.1s
[720/945]	[L1: 0.0290]	1.3+0.1s
[760/945]	[L1: 0.0290]	1.3+0.1s
[800/945]	[L1: 0.0290]	1.3+0.1s
[840/945]	[L1: 0.0290]	1.3+0.1s
[880/945]	[L1: 0.0292]	1.3+0.1s
[920/945]	[L1: 0.0294]	1.3+0.1s

Evaluation:
[UCMerced x4]	psnr: 27.971 (Best: 27.983 @epoch 163)
Total time: 1.81s

[Epoch 167]	Learning rate: 2.00e-4
[40/945]	[L1: 0.0284]	1.4+0.1s
[80/945]	[L1: 0.0282]	1.3+0.1s
[120/945]	[L1: 0.0292]	1.3+0.1s
[160/945]	[L1: 0.0294]	1.3+0.1s
[200/945]	[L1: 0.0290]	1.3+0.1s
[240/945]	[L1: 0.0285]	1.3+0.1s
[280/945]	[L1: 0.0287]	1.3+0.1s
[320/945]	[L1: 0.0291]	1.3+0.1s
[360/945]	[L1: 0.0292]	1.3+0.1s
[400/945]	[L1: 0.0294]	1.3+0.1s
[440/945]	[L1: 0.0293]	1.3+0.1s
[480/945]	[L1: 0.0297]	1.3+0.1s
[520/945]	[L1: 0.0296]	1.4+0.1s
[560/945]	[L1: 0.0295]	1.3+0.1s
[600/945]	[L1: 0.0294]	1.3+0.1s
[640/945]	[L1: 0.0294]	1.3+0.1s
[680/945]	[L1: 0.0295]	1.3+0.1s
[720/945]	[L1: 0.0294]	1.3+0.1s
[760/945]	[L1: 0.0293]	1.3+0.1s
[800/945]	[L1: 0.0293]	1.3+0.1s
[840/945]	[L1: 0.0292]	1.3+0.1s
[880/945]	[L1: 0.0292]	1.3+0.1s
[920/945]	[L1: 0.0292]	1.3+0.1s

Evaluation:
[UCMerced x4]	psnr: 27.955 (Best: 27.983 @epoch 163)
Total time: 1.81s

[Epoch 168]	Learning rate: 2.00e-4
[40/945]	[L1: 0.0315]	1.5+0.1s
[80/945]	[L1: 0.0291]	1.3+0.1s
[120/945]	[L1: 0.0286]	1.3+0.1s
[160/945]	[L1: 0.0287]	1.3+0.1s
[200/945]	[L1: 0.0284]	1.3+0.1s
[240/945]	[L1: 0.0285]	1.3+0.1s
[280/945]	[L1: 0.0288]	1.3+0.1s
[320/945]	[L1: 0.0287]	1.3+0.1s
[360/945]	[L1: 0.0290]	1.3+0.1s
[400/945]	[L1: 0.0286]	1.3+0.1s
[440/945]	[L1: 0.0284]	1.3+0.1s
[480/945]	[L1: 0.0285]	1.3+0.1s
[520/945]	[L1: 0.0289]	1.3+0.1s
[560/945]	[L1: 0.0290]	1.3+0.1s
[600/945]	[L1: 0.0290]	1.4+0.1s
[640/945]	[L1: 0.0291]	1.3+0.1s
[680/945]	[L1: 0.0291]	1.4+0.1s
[720/945]	[L1: 0.0292]	1.3+0.1s
[760/945]	[L1: 0.0294]	1.3+0.1s
[800/945]	[L1: 0.0295]	1.3+0.1s
[840/945]	[L1: 0.0293]	1.3+0.1s
[880/945]	[L1: 0.0293]	1.3+0.1s
[920/945]	[L1: 0.0293]	1.3+0.1s

Evaluation:
[UCMerced x4]	psnr: 27.984 (Best: 27.984 @epoch 168)
Total time: 1.80s

[Epoch 169]	Learning rate: 2.00e-4
[40/945]	[L1: 0.0310]	1.4+0.1s
[80/945]	[L1: 0.0299]	1.3+0.1s
[120/945]	[L1: 0.0297]	1.3+0.1s
[160/945]	[L1: 0.0298]	1.3+0.1s
[200/945]	[L1: 0.0294]	1.3+0.1s
[240/945]	[L1: 0.0296]	1.3+0.1s
[280/945]	[L1: 0.0297]	1.3+0.1s
[320/945]	[L1: 0.0297]	1.3+0.1s
[360/945]	[L1: 0.0292]	1.3+0.1s
[400/945]	[L1: 0.0292]	1.3+0.1s
[440/945]	[L1: 0.0291]	1.3+0.1s
[480/945]	[L1: 0.0290]	1.3+0.1s
[520/945]	[L1: 0.0288]	1.3+0.1s
[560/945]	[L1: 0.0290]	1.3+0.1s
[600/945]	[L1: 0.0290]	1.3+0.1s
[640/945]	[L1: 0.0289]	1.4+0.1s
[680/945]	[L1: 0.0288]	1.3+0.1s
[720/945]	[L1: 0.0287]	1.3+0.1s
[760/945]	[L1: 0.0287]	1.3+0.1s
[800/945]	[L1: 0.0289]	1.3+0.1s
[840/945]	[L1: 0.0290]	1.3+0.1s
[880/945]	[L1: 0.0293]	1.3+0.1s
[920/945]	[L1: 0.0292]	1.3+0.1s

Evaluation:
[UCMerced x4]	psnr: 27.976 (Best: 27.984 @epoch 168)
Total time: 1.81s

[Epoch 170]	Learning rate: 2.00e-4
[40/945]	[L1: 0.0276]	1.3+0.1s
[80/945]	[L1: 0.0288]	1.3+0.1s
[120/945]	[L1: 0.0282]	1.3+0.1s
[160/945]	[L1: 0.0285]	1.4+0.1s
[200/945]	[L1: 0.0286]	1.3+0.1s
[240/945]	[L1: 0.0287]	1.3+0.1s
[280/945]	[L1: 0.0286]	1.3+0.1s
[320/945]	[L1: 0.0285]	1.3+0.1s
[360/945]	[L1: 0.0288]	1.3+0.1s
[400/945]	[L1: 0.0287]	1.3+0.1s
[440/945]	[L1: 0.0287]	1.3+0.1s
[480/945]	[L1: 0.0288]	1.3+0.1s
[520/945]	[L1: 0.0284]	1.3+0.1s
[560/945]	[L1: 0.0284]	1.3+0.1s
[600/945]	[L1: 0.0285]	1.3+0.1s
[640/945]	[L1: 0.0285]	1.3+0.1s
[680/945]	[L1: 0.0287]	1.3+0.1s
[720/945]	[L1: 0.0287]	1.4+0.1s
[760/945]	[L1: 0.0288]	1.3+0.1s
[800/945]	[L1: 0.0290]	1.3+0.1s
[840/945]	[L1: 0.0292]	1.3+0.1s
[880/945]	[L1: 0.0292]	1.3+0.1s
[920/945]	[L1: 0.0292]	1.3+0.1s

Evaluation:
[UCMerced x4]	psnr: 27.932 (Best: 27.984 @epoch 168)
Total time: 1.81s

[Epoch 171]	Learning rate: 2.00e-4
[40/945]	[L1: 0.0313]	1.3+0.1s
[80/945]	[L1: 0.0290]	1.3+0.1s
[120/945]	[L1: 0.0296]	1.3+0.1s
[160/945]	[L1: 0.0296]	1.3+0.1s
[200/945]	[L1: 0.0299]	1.4+0.1s
[240/945]	[L1: 0.0299]	1.3+0.1s
[280/945]	[L1: 0.0297]	1.3+0.1s
[320/945]	[L1: 0.0293]	1.3+0.1s
[360/945]	[L1: 0.0290]	1.3+0.1s
[400/945]	[L1: 0.0292]	1.3+0.1s
[440/945]	[L1: 0.0293]	1.3+0.1s
[480/945]	[L1: 0.0294]	1.3+0.1s
[520/945]	[L1: 0.0294]	1.3+0.1s
[560/945]	[L1: 0.0293]	1.3+0.1s
[600/945]	[L1: 0.0294]	1.3+0.1s
[640/945]	[L1: 0.0295]	1.3+0.1s
[680/945]	[L1: 0.0296]	1.3+0.1s
[720/945]	[L1: 0.0295]	1.3+0.1s
[760/945]	[L1: 0.0294]	1.3+0.1s
[800/945]	[L1: 0.0294]	1.4+0.1s
[840/945]	[L1: 0.0293]	1.3+0.1s
[880/945]	[L1: 0.0292]	1.3+0.1s
[920/945]	[L1: 0.0291]	1.3+0.1s

Evaluation:
[UCMerced x4]	psnr: 27.919 (Best: 27.984 @epoch 168)
Total time: 1.80s

[Epoch 172]	Learning rate: 2.00e-4
[40/945]	[L1: 0.0273]	1.3+0.1s
[80/945]	[L1: 0.0275]	1.3+0.1s
[120/945]	[L1: 0.0273]	1.3+0.1s
[160/945]	[L1: 0.0280]	1.3+0.1s
[200/945]	[L1: 0.0281]	1.3+0.1s
[240/945]	[L1: 0.0285]	1.3+0.1s
[280/945]	[L1: 0.0290]	1.4+0.1s
[320/945]	[L1: 0.0290]	1.3+0.1s
[360/945]	[L1: 0.0289]	1.3+0.1s
[400/945]	[L1: 0.0286]	1.3+0.1s
[440/945]	[L1: 0.0287]	1.3+0.1s
[480/945]	[L1: 0.0290]	1.3+0.1s
[520/945]	[L1: 0.0289]	1.3+0.1s
[560/945]	[L1: 0.0290]	1.3+0.1s
[600/945]	[L1: 0.0290]	1.3+0.1s
[640/945]	[L1: 0.0289]	1.3+0.1s
[680/945]	[L1: 0.0289]	1.3+0.1s
[720/945]	[L1: 0.0287]	1.3+0.1s
[760/945]	[L1: 0.0289]	1.3+0.1s
[800/945]	[L1: 0.0290]	1.3+0.1s
[840/945]	[L1: 0.0291]	1.4+0.1s
[880/945]	[L1: 0.0292]	1.3+0.1s
[920/945]	[L1: 0.0292]	1.3+0.1s

Evaluation:
[UCMerced x4]	psnr: 27.937 (Best: 27.984 @epoch 168)
Total time: 1.81s

[Epoch 173]	Learning rate: 2.00e-4
[40/945]	[L1: 0.0308]	1.3+0.1s
[80/945]	[L1: 0.0291]	1.3+0.1s
[120/945]	[L1: 0.0280]	1.3+0.1s
[160/945]	[L1: 0.0280]	1.3+0.1s
[200/945]	[L1: 0.0278]	1.3+0.1s
[240/945]	[L1: 0.0278]	1.3+0.1s
[280/945]	[L1: 0.0284]	1.3+0.1s
[320/945]	[L1: 0.0286]	1.3+0.1s
[360/945]	[L1: 0.0293]	1.4+0.1s
[400/945]	[L1: 0.0294]	1.3+0.1s
[440/945]	[L1: 0.0295]	1.3+0.1s
[480/945]	[L1: 0.0292]	1.3+0.1s
[520/945]	[L1: 0.0291]	1.3+0.1s
[560/945]	[L1: 0.0290]	1.4+0.1s
[600/945]	[L1: 0.0290]	1.3+0.1s
[640/945]	[L1: 0.0290]	1.3+0.1s
[680/945]	[L1: 0.0290]	1.3+0.1s
[720/945]	[L1: 0.0290]	1.3+0.1s
[760/945]	[L1: 0.0289]	1.3+0.1s
[800/945]	[L1: 0.0289]	1.3+0.1s
[840/945]	[L1: 0.0290]	1.3+0.1s
[880/945]	[L1: 0.0290]	1.3+0.1s
[920/945]	[L1: 0.0292]	1.4+0.1s

Evaluation:
[UCMerced x4]	psnr: 27.865 (Best: 27.984 @epoch 168)
Total time: 1.80s

[Epoch 174]	Learning rate: 2.00e-4
[40/945]	[L1: 0.0297]	1.3+0.1s
[80/945]	[L1: 0.0308]	1.3+0.1s
[120/945]	[L1: 0.0302]	1.3+0.1s
[160/945]	[L1: 0.0298]	1.3+0.1s
[200/945]	[L1: 0.0301]	1.3+0.1s
[240/945]	[L1: 0.0300]	1.3+0.1s
[280/945]	[L1: 0.0299]	1.3+0.1s
[320/945]	[L1: 0.0298]	1.3+0.1s
[360/945]	[L1: 0.0296]	1.3+0.1s
[400/945]	[L1: 0.0293]	1.3+0.1s
[440/945]	[L1: 0.0293]	1.4+0.1s
[480/945]	[L1: 0.0292]	1.3+0.1s
[520/945]	[L1: 0.0290]	1.3+0.1s
[560/945]	[L1: 0.0293]	1.3+0.1s
[600/945]	[L1: 0.0292]	1.3+0.1s
[640/945]	[L1: 0.0292]	1.3+0.1s
[680/945]	[L1: 0.0292]	1.3+0.1s
[720/945]	[L1: 0.0291]	1.3+0.1s
[760/945]	[L1: 0.0290]	1.3+0.1s
[800/945]	[L1: 0.0293]	1.3+0.1s
[840/945]	[L1: 0.0292]	1.3+0.1s
[880/945]	[L1: 0.0292]	1.3+0.1s
[920/945]	[L1: 0.0292]	1.3+0.1s

Evaluation:
[UCMerced x4]	psnr: 27.909 (Best: 27.984 @epoch 168)
Total time: 1.78s

[Epoch 175]	Learning rate: 2.00e-4
[40/945]	[L1: 0.0307]	1.4+0.1s
[80/945]	[L1: 0.0289]	1.3+0.1s
[120/945]	[L1: 0.0290]	1.3+0.1s
[160/945]	[L1: 0.0292]	1.3+0.1s
[200/945]	[L1: 0.0291]	1.3+0.1s
[240/945]	[L1: 0.0287]	1.3+0.1s
[280/945]	[L1: 0.0289]	1.3+0.1s
[320/945]	[L1: 0.0289]	1.4+0.1s
[360/945]	[L1: 0.0294]	1.3+0.1s
[400/945]	[L1: 0.0291]	1.3+0.1s
[440/945]	[L1: 0.0291]	1.3+0.1s
[480/945]	[L1: 0.0292]	1.3+0.1s
[520/945]	[L1: 0.0292]	1.4+0.1s
[560/945]	[L1: 0.0291]	1.3+0.1s
[600/945]	[L1: 0.0295]	1.3+0.1s
[640/945]	[L1: 0.0294]	1.3+0.1s
[680/945]	[L1: 0.0293]	1.3+0.1s
[720/945]	[L1: 0.0294]	1.3+0.1s
[760/945]	[L1: 0.0294]	1.3+0.1s
[800/945]	[L1: 0.0294]	1.3+0.1s
[840/945]	[L1: 0.0294]	1.3+0.1s
[880/945]	[L1: 0.0293]	1.3+0.1s
[920/945]	[L1: 0.0292]	1.3+0.1s

Evaluation:
[UCMerced x4]	psnr: 27.975 (Best: 27.984 @epoch 168)
Total time: 1.78s

[Epoch 176]	Learning rate: 2.00e-4
[40/945]	[L1: 0.0260]	1.5+0.1s
[80/945]	[L1: 0.0267]	1.3+0.1s
[120/945]	[L1: 0.0281]	1.3+0.1s
[160/945]	[L1: 0.0290]	1.3+0.1s
[200/945]	[L1: 0.0295]	1.3+0.1s
[240/945]	[L1: 0.0297]	1.3+0.1s
[280/945]	[L1: 0.0297]	1.3+0.1s
[320/945]	[L1: 0.0297]	1.3+0.1s
[360/945]	[L1: 0.0295]	1.3+0.1s
[400/945]	[L1: 0.0292]	1.3+0.1s
[440/945]	[L1: 0.0291]	1.3+0.1s
[480/945]	[L1: 0.0291]	1.3+0.1s
[520/945]	[L1: 0.0287]	1.3+0.1s
[560/945]	[L1: 0.0286]	1.3+0.1s
[600/945]	[L1: 0.0286]	1.4+0.1s
[640/945]	[L1: 0.0288]	1.3+0.1s
[680/945]	[L1: 0.0288]	1.3+0.1s
[720/945]	[L1: 0.0289]	1.3+0.1s
[760/945]	[L1: 0.0289]	1.3+0.1s
[800/945]	[L1: 0.0290]	1.3+0.1s
[840/945]	[L1: 0.0291]	1.3+0.1s
[880/945]	[L1: 0.0291]	1.3+0.1s
[920/945]	[L1: 0.0292]	1.3+0.1s

Evaluation:
[UCMerced x4]	psnr: 27.928 (Best: 27.984 @epoch 168)
Total time: 1.77s

[Epoch 177]	Learning rate: 2.00e-4
[40/945]	[L1: 0.0281]	1.4+0.1s
[80/945]	[L1: 0.0275]	1.4+0.1s
[120/945]	[L1: 0.0283]	1.3+0.1s
[160/945]	[L1: 0.0278]	1.3+0.1s
[200/945]	[L1: 0.0277]	1.3+0.1s
[240/945]	[L1: 0.0283]	1.3+0.1s
[280/945]	[L1: 0.0286]	1.3+0.1s
[320/945]	[L1: 0.0286]	1.3+0.1s
[360/945]	[L1: 0.0293]	1.3+0.1s
[400/945]	[L1: 0.0295]	1.3+0.1s
[440/945]	[L1: 0.0296]	1.3+0.1s
[480/945]	[L1: 0.0296]	1.3+0.1s
[520/945]	[L1: 0.0296]	1.3+0.1s
[560/945]	[L1: 0.0295]	1.3+0.1s
[600/945]	[L1: 0.0296]	1.3+0.1s
[640/945]	[L1: 0.0295]	1.4+0.1s
[680/945]	[L1: 0.0295]	1.3+0.1s
[720/945]	[L1: 0.0295]	1.3+0.1s
[760/945]	[L1: 0.0293]	1.3+0.1s
[800/945]	[L1: 0.0294]	1.3+0.1s
[840/945]	[L1: 0.0292]	1.3+0.1s
[880/945]	[L1: 0.0291]	1.3+0.1s
[920/945]	[L1: 0.0292]	1.3+0.1s

Evaluation:
[UCMerced x4]	psnr: 27.959 (Best: 27.984 @epoch 168)
Total time: 1.79s

[Epoch 178]	Learning rate: 2.00e-4
[40/945]	[L1: 0.0277]	1.3+0.1s
[80/945]	[L1: 0.0290]	1.3+0.1s
[120/945]	[L1: 0.0294]	1.3+0.1s
[160/945]	[L1: 0.0291]	1.4+0.1s
[200/945]	[L1: 0.0296]	1.3+0.1s
[240/945]	[L1: 0.0296]	1.3+0.1s
[280/945]	[L1: 0.0297]	1.3+0.1s
[320/945]	[L1: 0.0297]	1.3+0.1s
[360/945]	[L1: 0.0295]	1.3+0.1s
[400/945]	[L1: 0.0295]	1.3+0.1s
[440/945]	[L1: 0.0295]	1.3+0.1s
[480/945]	[L1: 0.0295]	1.3+0.1s
[520/945]	[L1: 0.0295]	1.3+0.1s
[560/945]	[L1: 0.0296]	1.3+0.1s
[600/945]	[L1: 0.0296]	1.3+0.1s
[640/945]	[L1: 0.0295]	1.3+0.1s
[680/945]	[L1: 0.0294]	1.3+0.1s
[720/945]	[L1: 0.0293]	1.4+0.1s
[760/945]	[L1: 0.0293]	1.3+0.1s
[800/945]	[L1: 0.0292]	1.3+0.1s
[840/945]	[L1: 0.0291]	1.3+0.1s
[880/945]	[L1: 0.0291]	1.3+0.1s
[920/945]	[L1: 0.0291]	1.3+0.1s

Evaluation:
[UCMerced x4]	psnr: 27.908 (Best: 27.984 @epoch 168)
Total time: 1.77s

[Epoch 179]	Learning rate: 2.00e-4
[40/945]	[L1: 0.0283]	1.3+0.1s
[80/945]	[L1: 0.0289]	1.3+0.1s
[120/945]	[L1: 0.0287]	1.3+0.1s
[160/945]	[L1: 0.0290]	1.3+0.1s
[200/945]	[L1: 0.0291]	1.3+0.1s
[240/945]	[L1: 0.0290]	1.4+0.1s
[280/945]	[L1: 0.0289]	1.3+0.1s
[320/945]	[L1: 0.0289]	1.3+0.1s
[360/945]	[L1: 0.0288]	1.4+0.1s
[400/945]	[L1: 0.0291]	1.3+0.1s
[440/945]	[L1: 0.0290]	1.3+0.1s
[480/945]	[L1: 0.0291]	1.3+0.1s
[520/945]	[L1: 0.0294]	1.3+0.1s
[560/945]	[L1: 0.0294]	1.3+0.1s
[600/945]	[L1: 0.0294]	1.3+0.1s
[640/945]	[L1: 0.0295]	1.3+0.1s
[680/945]	[L1: 0.0294]	1.3+0.1s
[720/945]	[L1: 0.0293]	1.3+0.1s
[760/945]	[L1: 0.0294]	1.3+0.1s
[800/945]	[L1: 0.0294]	1.4+0.1s
[840/945]	[L1: 0.0293]	1.3+0.1s
[880/945]	[L1: 0.0293]	1.3+0.1s
[920/945]	[L1: 0.0293]	1.4+0.1s

Evaluation:
[UCMerced x4]	psnr: 27.973 (Best: 27.984 @epoch 168)
Total time: 1.79s

[Epoch 180]	Learning rate: 2.00e-4
[40/945]	[L1: 0.0302]	1.3+0.1s
[80/945]	[L1: 0.0289]	1.3+0.1s
[120/945]	[L1: 0.0296]	1.3+0.1s
[160/945]	[L1: 0.0293]	1.3+0.1s
[200/945]	[L1: 0.0294]	1.3+0.1s
[240/945]	[L1: 0.0291]	1.3+0.1s
[280/945]	[L1: 0.0294]	1.3+0.1s
[320/945]	[L1: 0.0294]	1.4+0.1s
[360/945]	[L1: 0.0290]	1.3+0.1s
[400/945]	[L1: 0.0291]	1.3+0.1s
[440/945]	[L1: 0.0294]	1.3+0.1s
[480/945]	[L1: 0.0294]	1.3+0.1s
[520/945]	[L1: 0.0293]	1.3+0.1s
[560/945]	[L1: 0.0293]	1.3+0.1s
[600/945]	[L1: 0.0292]	1.3+0.1s
[640/945]	[L1: 0.0293]	1.3+0.1s
[680/945]	[L1: 0.0292]	1.3+0.1s
[720/945]	[L1: 0.0293]	1.3+0.1s
[760/945]	[L1: 0.0291]	1.3+0.1s
[800/945]	[L1: 0.0293]	1.3+0.1s
[840/945]	[L1: 0.0292]	1.3+0.1s
[880/945]	[L1: 0.0292]	1.4+0.1s
[920/945]	[L1: 0.0292]	1.3+0.1s

Evaluation:
[UCMerced x4]	psnr: 27.912 (Best: 27.984 @epoch 168)
Total time: 1.77s

[Epoch 181]	Learning rate: 2.00e-4
[40/945]	[L1: 0.0275]	1.3+0.1s
[80/945]	[L1: 0.0281]	1.3+0.1s
[120/945]	[L1: 0.0286]	1.3+0.1s
[160/945]	[L1: 0.0287]	1.3+0.1s
[200/945]	[L1: 0.0287]	1.3+0.1s
[240/945]	[L1: 0.0289]	1.3+0.1s
[280/945]	[L1: 0.0288]	1.3+0.1s
[320/945]	[L1: 0.0288]	1.3+0.1s
[360/945]	[L1: 0.0291]	1.3+0.1s
[400/945]	[L1: 0.0290]	1.5+0.1s
[440/945]	[L1: 0.0288]	1.3+0.1s
[480/945]	[L1: 0.0289]	1.3+0.1s
[520/945]	[L1: 0.0291]	1.3+0.1s
[560/945]	[L1: 0.0295]	1.3+0.1s
[600/945]	[L1: 0.0294]	1.3+0.1s
[640/945]	[L1: 0.0292]	1.3+0.1s
[680/945]	[L1: 0.0293]	1.3+0.1s
[720/945]	[L1: 0.0292]	1.3+0.1s
[760/945]	[L1: 0.0292]	1.3+0.1s
[800/945]	[L1: 0.0291]	1.3+0.1s
[840/945]	[L1: 0.0291]	1.3+0.1s
[880/945]	[L1: 0.0292]	1.3+0.1s
[920/945]	[L1: 0.0291]	1.3+0.1s

Evaluation:
[UCMerced x4]	psnr: 27.938 (Best: 27.984 @epoch 168)
Total time: 1.78s

[Epoch 182]	Learning rate: 2.00e-4
[40/945]	[L1: 0.0278]	1.3+0.1s
[80/945]	[L1: 0.0276]	1.3+0.1s
[120/945]	[L1: 0.0286]	1.3+0.1s
[160/945]	[L1: 0.0292]	1.3+0.1s
[200/945]	[L1: 0.0289]	1.3+0.1s
[240/945]	[L1: 0.0286]	1.3+0.1s
[280/945]	[L1: 0.0286]	1.3+0.1s
[320/945]	[L1: 0.0285]	1.3+0.1s
[360/945]	[L1: 0.0287]	1.3+0.1s
[400/945]	[L1: 0.0288]	1.3+0.1s
[440/945]	[L1: 0.0287]	1.3+0.1s
[480/945]	[L1: 0.0287]	1.4+0.1s
[520/945]	[L1: 0.0288]	1.3+0.1s
[560/945]	[L1: 0.0289]	1.3+0.1s
[600/945]	[L1: 0.0290]	1.3+0.1s
[640/945]	[L1: 0.0290]	1.3+0.1s
[680/945]	[L1: 0.0291]	1.3+0.1s
[720/945]	[L1: 0.0291]	1.3+0.1s
[760/945]	[L1: 0.0291]	1.3+0.1s
[800/945]	[L1: 0.0291]	1.3+0.1s
[840/945]	[L1: 0.0291]	1.4+0.1s
[880/945]	[L1: 0.0290]	1.3+0.1s
[920/945]	[L1: 0.0290]	1.3+0.1s

Evaluation:
[UCMerced x4]	psnr: 27.948 (Best: 27.984 @epoch 168)
Total time: 1.78s

[Epoch 183]	Learning rate: 2.00e-4
[40/945]	[L1: 0.0293]	1.3+0.1s
[80/945]	[L1: 0.0285]	1.3+0.1s
[120/945]	[L1: 0.0286]	1.3+0.1s
[160/945]	[L1: 0.0289]	1.3+0.1s
[200/945]	[L1: 0.0287]	1.3+0.1s
[240/945]	[L1: 0.0286]	1.3+0.1s
[280/945]	[L1: 0.0290]	1.3+0.1s
[320/945]	[L1: 0.0289]	1.3+0.1s
[360/945]	[L1: 0.0288]	1.3+0.1s
[400/945]	[L1: 0.0289]	1.3+0.1s
[440/945]	[L1: 0.0293]	1.3+0.1s
[480/945]	[L1: 0.0292]	1.3+0.1s
[520/945]	[L1: 0.0294]	1.3+0.1s
[560/945]	[L1: 0.0292]	1.5+0.1s
[600/945]	[L1: 0.0292]	1.3+0.1s
[640/945]	[L1: 0.0289]	1.3+0.1s
[680/945]	[L1: 0.0290]	1.3+0.1s
[720/945]	[L1: 0.0289]	1.3+0.1s
[760/945]	[L1: 0.0292]	1.3+0.1s
[800/945]	[L1: 0.0291]	1.3+0.1s
[840/945]	[L1: 0.0291]	1.3+0.1s
[880/945]	[L1: 0.0291]	1.3+0.1s
[920/945]	[L1: 0.0292]	1.3+0.1s

Evaluation:
[UCMerced x4]	psnr: 27.905 (Best: 27.984 @epoch 168)
Total time: 1.80s

[Epoch 184]	Learning rate: 2.00e-4
[40/945]	[L1: 0.0274]	1.4+0.1s
[80/945]	[L1: 0.0297]	1.3+0.1s
[120/945]	[L1: 0.0293]	1.3+0.1s
[160/945]	[L1: 0.0299]	1.3+0.1s
[200/945]	[L1: 0.0299]	1.3+0.1s
[240/945]	[L1: 0.0295]	1.3+0.1s
[280/945]	[L1: 0.0292]	1.3+0.1s
[320/945]	[L1: 0.0296]	1.3+0.1s
[360/945]	[L1: 0.0296]	1.3+0.1s
[400/945]	[L1: 0.0296]	1.3+0.1s
[440/945]	[L1: 0.0295]	1.3+0.1s
[480/945]	[L1: 0.0294]	1.3+0.1s
[520/945]	[L1: 0.0292]	1.3+0.1s
[560/945]	[L1: 0.0293]	1.3+0.1s
[600/945]	[L1: 0.0294]	1.3+0.1s
[640/945]	[L1: 0.0295]	1.4+0.1s
[680/945]	[L1: 0.0296]	1.3+0.1s
[720/945]	[L1: 0.0296]	1.3+0.1s
[760/945]	[L1: 0.0296]	1.3+0.1s
[800/945]	[L1: 0.0295]	1.3+0.1s
[840/945]	[L1: 0.0294]	1.3+0.1s
[880/945]	[L1: 0.0293]	1.3+0.1s
[920/945]	[L1: 0.0293]	1.3+0.1s

Evaluation:
[UCMerced x4]	psnr: 27.967 (Best: 27.984 @epoch 168)
Total time: 1.77s

[Epoch 185]	Learning rate: 2.00e-4
[40/945]	[L1: 0.0297]	1.3+0.1s
[80/945]	[L1: 0.0271]	1.3+0.1s
[120/945]	[L1: 0.0291]	1.4+0.1s
[160/945]	[L1: 0.0290]	1.3+0.1s
[200/945]	[L1: 0.0288]	1.3+0.1s
[240/945]	[L1: 0.0288]	1.3+0.1s
[280/945]	[L1: 0.0292]	1.3+0.1s
[320/945]	[L1: 0.0287]	1.3+0.1s
[360/945]	[L1: 0.0288]	1.3+0.1s
[400/945]	[L1: 0.0289]	1.3+0.1s
[440/945]	[L1: 0.0290]	1.3+0.1s
[480/945]	[L1: 0.0288]	1.3+0.1s
[520/945]	[L1: 0.0288]	1.3+0.1s
[560/945]	[L1: 0.0289]	1.3+0.1s
[600/945]	[L1: 0.0289]	1.3+0.1s
[640/945]	[L1: 0.0289]	1.3+0.1s
[680/945]	[L1: 0.0290]	1.3+0.1s
[720/945]	[L1: 0.0291]	1.4+0.1s
[760/945]	[L1: 0.0293]	1.3+0.1s
[800/945]	[L1: 0.0293]	1.3+0.1s
[840/945]	[L1: 0.0292]	1.3+0.1s
[880/945]	[L1: 0.0291]	1.3+0.1s
[920/945]	[L1: 0.0291]	1.3+0.1s

Evaluation:
[UCMerced x4]	psnr: 27.964 (Best: 27.984 @epoch 168)
Total time: 1.79s

[Epoch 186]	Learning rate: 2.00e-4
[40/945]	[L1: 0.0265]	1.3+0.1s
[80/945]	[L1: 0.0266]	1.3+0.1s
[120/945]	[L1: 0.0283]	1.3+0.1s
[160/945]	[L1: 0.0287]	1.3+0.1s
[200/945]	[L1: 0.0290]	1.4+0.1s
[240/945]	[L1: 0.0289]	1.3+0.1s
[280/945]	[L1: 0.0283]	1.3+0.1s
[320/945]	[L1: 0.0288]	1.3+0.1s
[360/945]	[L1: 0.0287]	1.4+0.0s
[400/945]	[L1: 0.0287]	1.3+0.1s
[440/945]	[L1: 0.0288]	1.3+0.1s
[480/945]	[L1: 0.0290]	1.4+0.1s
[520/945]	[L1: 0.0293]	1.3+0.1s
[560/945]	[L1: 0.0292]	1.3+0.1s
[600/945]	[L1: 0.0292]	1.4+0.1s
[640/945]	[L1: 0.0290]	1.3+0.1s
[680/945]	[L1: 0.0289]	1.4+0.1s
[720/945]	[L1: 0.0291]	1.3+0.1s
[760/945]	[L1: 0.0291]	1.4+0.1s
[800/945]	[L1: 0.0291]	1.3+0.1s
[840/945]	[L1: 0.0291]	1.3+0.1s
[880/945]	[L1: 0.0292]	1.3+0.1s
[920/945]	[L1: 0.0291]	1.3+0.1s

Evaluation:
[UCMerced x4]	psnr: 27.996 (Best: 27.996 @epoch 186)
Total time: 1.80s

[Epoch 187]	Learning rate: 2.00e-4
[40/945]	[L1: 0.0282]	1.3+0.1s
[80/945]	[L1: 0.0303]	1.3+0.1s
[120/945]	[L1: 0.0300]	1.3+0.1s
[160/945]	[L1: 0.0296]	1.3+0.1s
[200/945]	[L1: 0.0296]	1.3+0.1s
[240/945]	[L1: 0.0287]	1.3+0.1s
[280/945]	[L1: 0.0286]	1.5+0.1s
[320/945]	[L1: 0.0285]	1.3+0.1s
[360/945]	[L1: 0.0287]	1.3+0.1s
[400/945]	[L1: 0.0285]	1.3+0.1s
[440/945]	[L1: 0.0286]	1.3+0.1s
[480/945]	[L1: 0.0285]	1.3+0.1s
[520/945]	[L1: 0.0284]	1.3+0.1s
[560/945]	[L1: 0.0284]	1.3+0.1s
[600/945]	[L1: 0.0284]	1.3+0.1s
[640/945]	[L1: 0.0287]	1.3+0.1s
[680/945]	[L1: 0.0289]	1.3+0.1s
[720/945]	[L1: 0.0290]	1.3+0.1s
[760/945]	[L1: 0.0289]	1.4+0.1s
[800/945]	[L1: 0.0290]	1.3+0.1s
[840/945]	[L1: 0.0290]	1.5+0.0s
[880/945]	[L1: 0.0290]	1.4+0.1s
[920/945]	[L1: 0.0290]	1.3+0.1s

Evaluation:
[UCMerced x4]	psnr: 27.976 (Best: 27.996 @epoch 186)
Total time: 1.78s

[Epoch 188]	Learning rate: 2.00e-4
[40/945]	[L1: 0.0275]	1.4+0.1s
[80/945]	[L1: 0.0284]	1.3+0.1s
[120/945]	[L1: 0.0285]	1.4+0.1s
[160/945]	[L1: 0.0293]	1.3+0.1s
[200/945]	[L1: 0.0288]	1.3+0.1s
[240/945]	[L1: 0.0294]	1.3+0.1s
[280/945]	[L1: 0.0292]	1.3+0.1s
[320/945]	[L1: 0.0293]	1.3+0.1s
[360/945]	[L1: 0.0293]	1.4+0.1s
[400/945]	[L1: 0.0292]	1.3+0.1s
[440/945]	[L1: 0.0295]	1.3+0.1s
[480/945]	[L1: 0.0292]	1.3+0.1s
[520/945]	[L1: 0.0291]	1.3+0.1s
[560/945]	[L1: 0.0293]	1.3+0.1s
[600/945]	[L1: 0.0291]	1.3+0.1s
[640/945]	[L1: 0.0292]	1.3+0.1s
[680/945]	[L1: 0.0292]	1.3+0.1s
[720/945]	[L1: 0.0292]	1.3+0.1s
[760/945]	[L1: 0.0292]	1.3+0.1s
[800/945]	[L1: 0.0292]	1.3+0.1s
[840/945]	[L1: 0.0292]	1.3+0.1s
[880/945]	[L1: 0.0291]	1.3+0.1s
[920/945]	[L1: 0.0292]	1.4+0.1s

Evaluation:
[UCMerced x4]	psnr: 28.001 (Best: 28.001 @epoch 188)
Total time: 1.80s

[Epoch 189]	Learning rate: 2.00e-4
[40/945]	[L1: 0.0251]	1.3+0.1s
[80/945]	[L1: 0.0269]	1.3+0.1s
[120/945]	[L1: 0.0285]	1.3+0.1s
[160/945]	[L1: 0.0288]	1.3+0.1s
[200/945]	[L1: 0.0291]	1.3+0.1s
[240/945]	[L1: 0.0292]	1.3+0.1s
[280/945]	[L1: 0.0289]	1.3+0.1s
[320/945]	[L1: 0.0287]	1.3+0.1s
[360/945]	[L1: 0.0287]	1.3+0.1s
[400/945]	[L1: 0.0287]	1.4+0.1s
[440/945]	[L1: 0.0288]	1.3+0.1s
[480/945]	[L1: 0.0294]	1.3+0.1s
[520/945]	[L1: 0.0294]	1.3+0.1s
[560/945]	[L1: 0.0294]	1.3+0.1s
[600/945]	[L1: 0.0293]	1.3+0.1s
[640/945]	[L1: 0.0292]	1.3+0.1s
[680/945]	[L1: 0.0293]	1.3+0.1s
[720/945]	[L1: 0.0292]	1.3+0.1s
[760/945]	[L1: 0.0293]	1.3+0.1s
[800/945]	[L1: 0.0294]	1.3+0.1s
[840/945]	[L1: 0.0293]	1.3+0.1s
[880/945]	[L1: 0.0291]	1.3+0.1s
[920/945]	[L1: 0.0291]	1.3+0.1s

Evaluation:
[UCMerced x4]	psnr: 27.935 (Best: 28.001 @epoch 188)
Total time: 1.80s

[Epoch 190]	Learning rate: 2.00e-4
[40/945]	[L1: 0.0309]	1.3+0.1s
[80/945]	[L1: 0.0324]	1.3+0.1s
[120/945]	[L1: 0.0312]	1.3+0.1s
[160/945]	[L1: 0.0311]	1.3+0.1s
[200/945]	[L1: 0.0308]	1.3+0.1s
[240/945]	[L1: 0.0304]	1.3+0.1s
[280/945]	[L1: 0.0300]	1.3+0.1s
[320/945]	[L1: 0.0300]	1.3+0.1s
[360/945]	[L1: 0.0296]	1.3+0.1s
[400/945]	[L1: 0.0298]	1.3+0.1s
[440/945]	[L1: 0.0296]	1.3+0.1s
[480/945]	[L1: 0.0297]	1.4+0.1s
[520/945]	[L1: 0.0297]	1.3+0.1s
[560/945]	[L1: 0.0296]	1.3+0.1s
[600/945]	[L1: 0.0295]	1.3+0.1s
[640/945]	[L1: 0.0294]	1.3+0.1s
[680/945]	[L1: 0.0292]	1.3+0.1s
[720/945]	[L1: 0.0292]	1.3+0.1s
[760/945]	[L1: 0.0291]	1.4+0.1s
[800/945]	[L1: 0.0291]	1.3+0.1s
[840/945]	[L1: 0.0291]	1.3+0.1s
[880/945]	[L1: 0.0291]	1.3+0.1s
[920/945]	[L1: 0.0291]	1.3+0.1s

Evaluation:
[UCMerced x4]	psnr: 27.933 (Best: 28.001 @epoch 188)
Total time: 1.77s

[Epoch 191]	Learning rate: 2.00e-4
[40/945]	[L1: 0.0297]	1.5+0.1s
[80/945]	[L1: 0.0304]	1.3+0.1s
[120/945]	[L1: 0.0293]	1.3+0.1s
[160/945]	[L1: 0.0299]	1.3+0.1s
[200/945]	[L1: 0.0300]	1.3+0.1s
[240/945]	[L1: 0.0297]	1.3+0.1s
[280/945]	[L1: 0.0295]	1.3+0.1s
[320/945]	[L1: 0.0293]	1.3+0.1s
[360/945]	[L1: 0.0293]	1.3+0.1s
[400/945]	[L1: 0.0291]	1.3+0.1s
[440/945]	[L1: 0.0290]	1.3+0.1s
[480/945]	[L1: 0.0290]	1.3+0.1s
[520/945]	[L1: 0.0291]	1.3+0.1s
[560/945]	[L1: 0.0294]	1.3+0.1s
[600/945]	[L1: 0.0295]	1.4+0.1s
[640/945]	[L1: 0.0295]	1.3+0.1s
[680/945]	[L1: 0.0295]	1.3+0.1s
[720/945]	[L1: 0.0294]	1.3+0.1s
[760/945]	[L1: 0.0294]	1.3+0.1s
[800/945]	[L1: 0.0292]	1.3+0.1s
[840/945]	[L1: 0.0293]	1.3+0.1s
[880/945]	[L1: 0.0292]	1.3+0.1s
[920/945]	[L1: 0.0292]	1.3+0.1s

Evaluation:
[UCMerced x4]	psnr: 27.951 (Best: 28.001 @epoch 188)
Total time: 1.80s

[Epoch 192]	Learning rate: 2.00e-4
[40/945]	[L1: 0.0286]	1.3+0.1s
[80/945]	[L1: 0.0291]	1.5+0.1s
[120/945]	[L1: 0.0299]	1.3+0.1s
[160/945]	[L1: 0.0296]	1.3+0.1s
[200/945]	[L1: 0.0296]	1.3+0.1s
[240/945]	[L1: 0.0298]	1.3+0.1s
[280/945]	[L1: 0.0299]	1.3+0.1s
[320/945]	[L1: 0.0297]	1.3+0.1s
[360/945]	[L1: 0.0296]	1.3+0.1s
[400/945]	[L1: 0.0295]	1.3+0.1s
[440/945]	[L1: 0.0295]	1.3+0.1s
[480/945]	[L1: 0.0295]	1.3+0.1s
[520/945]	[L1: 0.0293]	1.3+0.1s
[560/945]	[L1: 0.0291]	1.3+0.1s
[600/945]	[L1: 0.0291]	1.3+0.1s
[640/945]	[L1: 0.0293]	1.3+0.1s
[680/945]	[L1: 0.0291]	1.4+0.1s
[720/945]	[L1: 0.0291]	1.3+0.1s
[760/945]	[L1: 0.0290]	1.3+0.1s
[800/945]	[L1: 0.0291]	1.3+0.1s
[840/945]	[L1: 0.0290]	1.3+0.1s
[880/945]	[L1: 0.0289]	1.3+0.1s
[920/945]	[L1: 0.0289]	1.3+0.1s

Evaluation:
[UCMerced x4]	psnr: 27.956 (Best: 28.001 @epoch 188)
Total time: 1.80s

[Epoch 193]	Learning rate: 2.00e-4
[40/945]	[L1: 0.0283]	1.3+0.1s
[80/945]	[L1: 0.0285]	1.3+0.1s
[120/945]	[L1: 0.0293]	1.3+0.1s
[160/945]	[L1: 0.0287]	1.4+0.1s
[200/945]	[L1: 0.0289]	1.3+0.1s
[240/945]	[L1: 0.0289]	1.3+0.1s
[280/945]	[L1: 0.0288]	1.3+0.1s
[320/945]	[L1: 0.0291]	1.3+0.1s
[360/945]	[L1: 0.0293]	1.3+0.1s
[400/945]	[L1: 0.0296]	1.3+0.1s
[440/945]	[L1: 0.0294]	1.3+0.1s
[480/945]	[L1: 0.0293]	1.3+0.1s
[520/945]	[L1: 0.0293]	1.3+0.1s
[560/945]	[L1: 0.0293]	1.3+0.1s
[600/945]	[L1: 0.0292]	1.3+0.1s
[640/945]	[L1: 0.0294]	1.3+0.1s
[680/945]	[L1: 0.0295]	1.3+0.1s
[720/945]	[L1: 0.0293]	1.4+0.1s
[760/945]	[L1: 0.0291]	1.3+0.1s
[800/945]	[L1: 0.0291]	1.3+0.1s
[840/945]	[L1: 0.0292]	1.3+0.1s
[880/945]	[L1: 0.0290]	1.3+0.1s
[920/945]	[L1: 0.0289]	1.3+0.1s

Evaluation:
[UCMerced x4]	psnr: 27.957 (Best: 28.001 @epoch 188)
Total time: 1.81s

[Epoch 194]	Learning rate: 2.00e-4
[40/945]	[L1: 0.0299]	1.3+0.1s
[80/945]	[L1: 0.0296]	1.3+0.1s
[120/945]	[L1: 0.0297]	1.3+0.1s
[160/945]	[L1: 0.0293]	1.3+0.1s
[200/945]	[L1: 0.0297]	1.3+0.1s
[240/945]	[L1: 0.0298]	1.3+0.1s
[280/945]	[L1: 0.0294]	1.4+0.1s
[320/945]	[L1: 0.0294]	1.3+0.1s
[360/945]	[L1: 0.0295]	1.3+0.1s
[400/945]	[L1: 0.0295]	1.3+0.1s
[440/945]	[L1: 0.0294]	1.3+0.1s
[480/945]	[L1: 0.0294]	1.3+0.1s
[520/945]	[L1: 0.0293]	1.3+0.1s
[560/945]	[L1: 0.0292]	1.3+0.1s
[600/945]	[L1: 0.0292]	1.3+0.1s
[640/945]	[L1: 0.0291]	1.3+0.1s
[680/945]	[L1: 0.0291]	1.3+0.1s
[720/945]	[L1: 0.0290]	1.3+0.1s
[760/945]	[L1: 0.0289]	1.3+0.1s
[800/945]	[L1: 0.0290]	1.3+0.1s
[840/945]	[L1: 0.0291]	1.4+0.1s
[880/945]	[L1: 0.0291]	1.3+0.1s
[920/945]	[L1: 0.0291]	1.3+0.1s

Evaluation:
[UCMerced x4]	psnr: 27.931 (Best: 28.001 @epoch 188)
Total time: 1.79s

[Epoch 195]	Learning rate: 2.00e-4
[40/945]	[L1: 0.0304]	1.3+0.1s
[80/945]	[L1: 0.0302]	1.3+0.1s
[120/945]	[L1: 0.0298]	1.3+0.1s
[160/945]	[L1: 0.0303]	1.3+0.1s
[200/945]	[L1: 0.0295]	1.3+0.1s
[240/945]	[L1: 0.0296]	1.3+0.1s
[280/945]	[L1: 0.0295]	1.3+0.1s
[320/945]	[L1: 0.0297]	1.4+0.1s
[360/945]	[L1: 0.0299]	1.3+0.1s
[400/945]	[L1: 0.0300]	1.3+0.1s
[440/945]	[L1: 0.0298]	1.3+0.1s
[480/945]	[L1: 0.0299]	1.3+0.1s
[520/945]	[L1: 0.0299]	1.3+0.1s
[560/945]	[L1: 0.0299]	1.3+0.1s
[600/945]	[L1: 0.0297]	1.3+0.1s
[640/945]	[L1: 0.0297]	1.3+0.1s
[680/945]	[L1: 0.0297]	1.3+0.1s
[720/945]	[L1: 0.0296]	1.3+0.1s
[760/945]	[L1: 0.0295]	1.3+0.1s
[800/945]	[L1: 0.0295]	1.3+0.1s
[840/945]	[L1: 0.0293]	1.3+0.1s
[880/945]	[L1: 0.0292]	1.4+0.1s
[920/945]	[L1: 0.0291]	1.3+0.1s

Evaluation:
[UCMerced x4]	psnr: 27.974 (Best: 28.001 @epoch 188)
Total time: 1.79s

[Epoch 196]	Learning rate: 2.00e-4
[40/945]	[L1: 0.0298]	1.3+0.1s
[80/945]	[L1: 0.0296]	1.3+0.1s
[120/945]	[L1: 0.0288]	1.3+0.1s
[160/945]	[L1: 0.0285]	1.3+0.1s
[200/945]	[L1: 0.0282]	1.3+0.1s
[240/945]	[L1: 0.0287]	1.3+0.1s
[280/945]	[L1: 0.0289]	1.3+0.1s
[320/945]	[L1: 0.0293]	1.3+0.1s
[360/945]	[L1: 0.0297]	1.3+0.1s
[400/945]	[L1: 0.0296]	1.4+0.1s
[440/945]	[L1: 0.0295]	1.3+0.1s
[480/945]	[L1: 0.0295]	1.3+0.1s
[520/945]	[L1: 0.0294]	1.3+0.1s
[560/945]	[L1: 0.0293]	1.4+0.1s
[600/945]	[L1: 0.0290]	1.3+0.1s
[640/945]	[L1: 0.0291]	1.3+0.1s
[680/945]	[L1: 0.0290]	1.3+0.1s
[720/945]	[L1: 0.0291]	1.3+0.1s
[760/945]	[L1: 0.0292]	1.3+0.1s
[800/945]	[L1: 0.0290]	1.3+0.1s
[840/945]	[L1: 0.0290]	1.3+0.1s
[880/945]	[L1: 0.0291]	1.3+0.1s
[920/945]	[L1: 0.0291]	1.3+0.1s

Evaluation:
[UCMerced x4]	psnr: 28.004 (Best: 28.004 @epoch 196)
Total time: 1.81s

[Epoch 197]	Learning rate: 2.00e-4
[40/945]	[L1: 0.0297]	1.4+0.1s
[80/945]	[L1: 0.0308]	1.3+0.1s
[120/945]	[L1: 0.0301]	1.3+0.1s
[160/945]	[L1: 0.0299]	1.3+0.1s
[200/945]	[L1: 0.0292]	1.3+0.1s
[240/945]	[L1: 0.0298]	1.3+0.1s
[280/945]	[L1: 0.0298]	1.3+0.1s
[320/945]	[L1: 0.0297]	1.3+0.1s
[360/945]	[L1: 0.0296]	1.3+0.1s
[400/945]	[L1: 0.0295]	1.3+0.1s
[440/945]	[L1: 0.0295]	1.5+0.1s
[480/945]	[L1: 0.0298]	1.3+0.1s
[520/945]	[L1: 0.0295]	1.3+0.1s
[560/945]	[L1: 0.0293]	1.3+0.1s
[600/945]	[L1: 0.0294]	1.3+0.1s
[640/945]	[L1: 0.0293]	1.3+0.1s
[680/945]	[L1: 0.0292]	1.3+0.1s
[720/945]	[L1: 0.0290]	1.3+0.1s
[760/945]	[L1: 0.0290]	1.3+0.1s
[800/945]	[L1: 0.0289]	1.3+0.1s
[840/945]	[L1: 0.0289]	1.3+0.1s
[880/945]	[L1: 0.0289]	1.3+0.1s
[920/945]	[L1: 0.0290]	1.3+0.1s

Evaluation:
[UCMerced x4]	psnr: 27.994 (Best: 28.004 @epoch 196)
Total time: 1.81s

[Epoch 198]	Learning rate: 2.00e-4
[40/945]	[L1: 0.0302]	1.3+0.1s
[80/945]	[L1: 0.0285]	1.3+0.1s
[120/945]	[L1: 0.0292]	1.3+0.1s
[160/945]	[L1: 0.0288]	1.3+0.1s
[200/945]	[L1: 0.0299]	1.3+0.1s
[240/945]	[L1: 0.0296]	1.3+0.1s
[280/945]	[L1: 0.0292]	1.3+0.1s
[320/945]	[L1: 0.0291]	1.3+0.1s
[360/945]	[L1: 0.0293]	1.3+0.1s
[400/945]	[L1: 0.0294]	1.4+0.1s
[440/945]	[L1: 0.0294]	1.3+0.1s
[480/945]	[L1: 0.0295]	1.3+0.1s
[520/945]	[L1: 0.0295]	1.3+0.1s
[560/945]	[L1: 0.0293]	1.3+0.1s
[600/945]	[L1: 0.0291]	1.4+0.1s
[640/945]	[L1: 0.0290]	1.3+0.1s
[680/945]	[L1: 0.0293]	1.3+0.1s
[720/945]	[L1: 0.0292]	1.3+0.1s
[760/945]	[L1: 0.0291]	1.3+0.1s
[800/945]	[L1: 0.0291]	1.3+0.1s
[840/945]	[L1: 0.0291]	1.3+0.1s
[880/945]	[L1: 0.0291]	1.3+0.1s
[920/945]	[L1: 0.0291]	1.3+0.1s

Evaluation:
[UCMerced x4]	psnr: 27.994 (Best: 28.004 @epoch 196)
Total time: 1.80s

[Epoch 199]	Learning rate: 2.00e-4
[40/945]	[L1: 0.0289]	1.3+0.1s
[80/945]	[L1: 0.0299]	1.3+0.1s
[120/945]	[L1: 0.0307]	1.4+0.1s
[160/945]	[L1: 0.0304]	1.3+0.1s
[200/945]	[L1: 0.0299]	1.3+0.1s
[240/945]	[L1: 0.0297]	1.3+0.1s
[280/945]	[L1: 0.0292]	1.3+0.1s
[320/945]	[L1: 0.0293]	1.3+0.1s
[360/945]	[L1: 0.0292]	1.3+0.1s
[400/945]	[L1: 0.0291]	1.3+0.1s
[440/945]	[L1: 0.0290]	1.3+0.1s
[480/945]	[L1: 0.0291]	1.3+0.1s
[520/945]	[L1: 0.0293]	1.3+0.1s
[560/945]	[L1: 0.0292]	1.3+0.1s
[600/945]	[L1: 0.0293]	1.3+0.1s
[640/945]	[L1: 0.0293]	1.3+0.1s
[680/945]	[L1: 0.0292]	1.3+0.1s
[720/945]	[L1: 0.0291]	1.2+0.1s
[760/945]	[L1: 0.0291]	1.2+0.1s
[800/945]	[L1: 0.0289]	1.2+0.1s
[840/945]	[L1: 0.0291]	1.2+0.1s
[880/945]	[L1: 0.0290]	1.2+0.1s
[920/945]	[L1: 0.0291]	1.2+0.1s

Evaluation:
[UCMerced x4]	psnr: 27.929 (Best: 28.004 @epoch 196)
Total time: 1.77s

[Epoch 200]	Learning rate: 2.00e-4
[40/945]	[L1: 0.0295]	1.2+0.1s
[80/945]	[L1: 0.0287]	1.2+0.1s
[120/945]	[L1: 0.0284]	1.2+0.1s
[160/945]	[L1: 0.0287]	1.3+0.1s
[200/945]	[L1: 0.0287]	1.2+0.1s
[240/945]	[L1: 0.0283]	1.2+0.1s
[280/945]	[L1: 0.0280]	1.2+0.1s
[320/945]	[L1: 0.0282]	1.2+0.1s
[360/945]	[L1: 0.0285]	1.2+0.1s
[400/945]	[L1: 0.0284]	1.2+0.1s
[440/945]	[L1: 0.0287]	1.2+0.1s
[480/945]	[L1: 0.0288]	1.2+0.1s
[520/945]	[L1: 0.0290]	1.2+0.1s
[560/945]	[L1: 0.0289]	1.2+0.1s
[600/945]	[L1: 0.0288]	1.3+0.1s
[640/945]	[L1: 0.0289]	1.2+0.1s
[680/945]	[L1: 0.0288]	1.2+0.1s
[720/945]	[L1: 0.0290]	1.2+0.1s
[760/945]	[L1: 0.0289]	1.3+0.1s
[800/945]	[L1: 0.0289]	1.2+0.1s
[840/945]	[L1: 0.0289]	1.2+0.1s
[880/945]	[L1: 0.0289]	1.2+0.1s
[920/945]	[L1: 0.0289]	1.2+0.1s
Saved epoch checkpoint at epoch 200

Evaluation:
[UCMerced x4]	psnr: 27.978 (Best: 28.004 @epoch 196)
Total time: 1.77s

[Epoch 201]	Learning rate: 1.00e-4
[40/945]	[L1: 0.0312]	1.2+0.1s
[80/945]	[L1: 0.0299]	1.2+0.1s
[120/945]	[L1: 0.0290]	1.3+0.1s
[160/945]	[L1: 0.0287]	1.2+0.1s
[200/945]	[L1: 0.0285]	1.2+0.1s
[240/945]	[L1: 0.0283]	1.2+0.1s
[280/945]	[L1: 0.0288]	1.2+0.1s
[320/945]	[L1: 0.0288]	1.2+0.1s
[360/945]	[L1: 0.0291]	1.2+0.1s
[400/945]	[L1: 0.0289]	1.2+0.1s
[440/945]	[L1: 0.0288]	1.2+0.1s
[480/945]	[L1: 0.0286]	1.2+0.1s
[520/945]	[L1: 0.0286]	1.2+0.1s
[560/945]	[L1: 0.0288]	1.2+0.1s
[600/945]	[L1: 0.0288]	1.2+0.1s
[640/945]	[L1: 0.0286]	1.2+0.1s
[680/945]	[L1: 0.0286]	1.2+0.1s
[720/945]	[L1: 0.0286]	1.3+0.1s
[760/945]	[L1: 0.0285]	1.2+0.1s
[800/945]	[L1: 0.0287]	1.2+0.1s
[840/945]	[L1: 0.0287]	1.2+0.1s
[880/945]	[L1: 0.0288]	1.2+0.1s
[920/945]	[L1: 0.0287]	1.2+0.1s

Evaluation:
[UCMerced x4]	psnr: 28.014 (Best: 28.014 @epoch 201)
Total time: 1.76s

[Epoch 202]	Learning rate: 1.00e-4
[40/945]	[L1: 0.0295]	1.2+0.1s
[80/945]	[L1: 0.0295]	1.2+0.1s
[120/945]	[L1: 0.0283]	1.2+0.1s
[160/945]	[L1: 0.0284]	1.2+0.1s
[200/945]	[L1: 0.0289]	1.3+0.1s
[240/945]	[L1: 0.0289]	1.2+0.1s
[280/945]	[L1: 0.0287]	1.2+0.1s
[320/945]	[L1: 0.0289]	1.2+0.1s
[360/945]	[L1: 0.0289]	1.2+0.1s
[400/945]	[L1: 0.0292]	1.2+0.1s
[440/945]	[L1: 0.0291]	1.2+0.1s
[480/945]	[L1: 0.0290]	1.2+0.1s
[520/945]	[L1: 0.0291]	1.2+0.1s
[560/945]	[L1: 0.0290]	1.2+0.1s
[600/945]	[L1: 0.0288]	1.2+0.1s
[640/945]	[L1: 0.0288]	1.2+0.1s
[680/945]	[L1: 0.0288]	1.3+0.1s
[720/945]	[L1: 0.0289]	1.3+0.1s
[760/945]	[L1: 0.0287]	1.4+0.1s
[800/945]	[L1: 0.0288]	1.3+0.1s
[840/945]	[L1: 0.0287]	1.3+0.1s
[880/945]	[L1: 0.0287]	1.3+0.1s
[920/945]	[L1: 0.0286]	1.3+0.1s

Evaluation:
[UCMerced x4]	psnr: 28.057 (Best: 28.057 @epoch 202)
Total time: 1.80s

[Epoch 203]	Learning rate: 1.00e-4
[40/945]	[L1: 0.0299]	1.3+0.1s
[80/945]	[L1: 0.0292]	1.3+0.1s
[120/945]	[L1: 0.0289]	1.3+0.1s
[160/945]	[L1: 0.0294]	1.3+0.1s
[200/945]	[L1: 0.0290]	1.3+0.1s
[240/945]	[L1: 0.0288]	1.5+0.1s
[280/945]	[L1: 0.0291]	1.3+0.1s
[320/945]	[L1: 0.0290]	1.3+0.1s
[360/945]	[L1: 0.0291]	1.3+0.1s
[400/945]	[L1: 0.0291]	1.3+0.1s
[440/945]	[L1: 0.0289]	1.3+0.1s
[480/945]	[L1: 0.0287]	1.3+0.1s
[520/945]	[L1: 0.0286]	1.3+0.1s
[560/945]	[L1: 0.0286]	1.3+0.1s
[600/945]	[L1: 0.0285]	1.3+0.1s
[640/945]	[L1: 0.0286]	1.3+0.1s
[680/945]	[L1: 0.0285]	1.3+0.1s
[720/945]	[L1: 0.0285]	1.3+0.1s
[760/945]	[L1: 0.0284]	1.3+0.1s
[800/945]	[L1: 0.0284]	1.4+0.1s
[840/945]	[L1: 0.0285]	1.3+0.1s
[880/945]	[L1: 0.0284]	1.3+0.1s
[920/945]	[L1: 0.0284]	1.3+0.1s

Evaluation:
[UCMerced x4]	psnr: 28.002 (Best: 28.057 @epoch 202)
Total time: 1.78s

[Epoch 204]	Learning rate: 1.00e-4
[40/945]	[L1: 0.0291]	1.3+0.1s
[80/945]	[L1: 0.0274]	1.3+0.1s
[120/945]	[L1: 0.0277]	1.3+0.1s
[160/945]	[L1: 0.0276]	1.3+0.1s
[200/945]	[L1: 0.0275]	1.3+0.1s
[240/945]	[L1: 0.0274]	1.3+0.1s
[280/945]	[L1: 0.0277]	1.3+0.1s
[320/945]	[L1: 0.0272]	1.4+0.1s
[360/945]	[L1: 0.0275]	1.3+0.1s
[400/945]	[L1: 0.0276]	1.3+0.1s
[440/945]	[L1: 0.0278]	1.3+0.1s
[480/945]	[L1: 0.0280]	1.3+0.1s
[520/945]	[L1: 0.0281]	1.3+0.1s
[560/945]	[L1: 0.0280]	1.3+0.1s
[600/945]	[L1: 0.0281]	1.3+0.1s
[640/945]	[L1: 0.0282]	1.3+0.1s
[680/945]	[L1: 0.0283]	1.3+0.1s
[720/945]	[L1: 0.0283]	1.3+0.1s
[760/945]	[L1: 0.0283]	1.3+0.1s
[800/945]	[L1: 0.0284]	1.3+0.1s
[840/945]	[L1: 0.0284]	1.3+0.1s
[880/945]	[L1: 0.0284]	1.4+0.1s
[920/945]	[L1: 0.0285]	1.3+0.1s

Evaluation:
[UCMerced x4]	psnr: 28.013 (Best: 28.057 @epoch 202)
Total time: 1.80s

[Epoch 205]	Learning rate: 1.00e-4
[40/945]	[L1: 0.0283]	1.3+0.1s
[80/945]	[L1: 0.0268]	1.3+0.1s
[120/945]	[L1: 0.0270]	1.3+0.1s
[160/945]	[L1: 0.0274]	1.3+0.1s
[200/945]	[L1: 0.0281]	1.3+0.1s
[240/945]	[L1: 0.0277]	1.3+0.1s
[280/945]	[L1: 0.0279]	1.3+0.1s
[320/945]	[L1: 0.0281]	1.3+0.1s
[360/945]	[L1: 0.0284]	1.3+0.1s
[400/945]	[L1: 0.0283]	1.4+0.1s
[440/945]	[L1: 0.0284]	1.3+0.1s
[480/945]	[L1: 0.0283]	1.3+0.1s
[520/945]	[L1: 0.0282]	1.3+0.1s
[560/945]	[L1: 0.0285]	1.3+0.1s
[600/945]	[L1: 0.0285]	1.3+0.1s
[640/945]	[L1: 0.0286]	1.3+0.1s
[680/945]	[L1: 0.0285]	1.3+0.1s
[720/945]	[L1: 0.0285]	1.3+0.1s
[760/945]	[L1: 0.0285]	1.3+0.1s
[800/945]	[L1: 0.0285]	1.3+0.1s
[840/945]	[L1: 0.0285]	1.3+0.1s
[880/945]	[L1: 0.0286]	1.3+0.1s
[920/945]	[L1: 0.0285]	1.3+0.1s

Evaluation:
[UCMerced x4]	psnr: 28.054 (Best: 28.057 @epoch 202)
Total time: 1.79s

[Epoch 206]	Learning rate: 1.00e-4
[40/945]	[L1: 0.0296]	1.4+0.1s
[80/945]	[L1: 0.0285]	1.3+0.1s
[120/945]	[L1: 0.0282]	1.3+0.1s
[160/945]	[L1: 0.0290]	1.3+0.1s
[200/945]	[L1: 0.0289]	1.3+0.1s
[240/945]	[L1: 0.0288]	1.3+0.1s
[280/945]	[L1: 0.0290]	1.3+0.1s
[320/945]	[L1: 0.0287]	1.3+0.1s
[360/945]	[L1: 0.0286]	1.3+0.1s
[400/945]	[L1: 0.0286]	1.3+0.1s
[440/945]	[L1: 0.0284]	1.3+0.1s
[480/945]	[L1: 0.0283]	1.4+0.1s
[520/945]	[L1: 0.0283]	1.3+0.1s
[560/945]	[L1: 0.0282]	1.3+0.1s
[600/945]	[L1: 0.0284]	1.3+0.1s
[640/945]	[L1: 0.0284]	1.3+0.1s
[680/945]	[L1: 0.0284]	1.3+0.1s
[720/945]	[L1: 0.0284]	1.3+0.1s
[760/945]	[L1: 0.0285]	1.3+0.1s
[800/945]	[L1: 0.0286]	1.3+0.1s
[840/945]	[L1: 0.0285]	1.3+0.1s
[880/945]	[L1: 0.0285]	1.3+0.1s
[920/945]	[L1: 0.0286]	1.3+0.1s

Evaluation:
[UCMerced x4]	psnr: 28.072 (Best: 28.072 @epoch 206)
Total time: 1.80s

[Epoch 207]	Learning rate: 1.00e-4
[40/945]	[L1: 0.0277]	1.3+0.1s
[80/945]	[L1: 0.0273]	1.3+0.1s
[120/945]	[L1: 0.0285]	1.3+0.1s
[160/945]	[L1: 0.0287]	1.3+0.1s
[200/945]	[L1: 0.0280]	1.3+0.1s
[240/945]	[L1: 0.0280]	1.3+0.1s
[280/945]	[L1: 0.0280]	1.3+0.1s
[320/945]	[L1: 0.0281]	1.3+0.1s
[360/945]	[L1: 0.0284]	1.3+0.1s
[400/945]	[L1: 0.0286]	1.3+0.1s
[440/945]	[L1: 0.0286]	1.3+0.1s
[480/945]	[L1: 0.0286]	1.3+0.1s
[520/945]	[L1: 0.0287]	1.4+0.1s
[560/945]	[L1: 0.0287]	1.3+0.1s
[600/945]	[L1: 0.0287]	1.3+0.1s
[640/945]	[L1: 0.0289]	1.3+0.1s
[680/945]	[L1: 0.0289]	1.3+0.1s
[720/945]	[L1: 0.0287]	1.3+0.1s
[760/945]	[L1: 0.0286]	1.3+0.1s
[800/945]	[L1: 0.0286]	1.3+0.1s
[840/945]	[L1: 0.0287]	1.3+0.1s
[880/945]	[L1: 0.0286]	1.3+0.1s
[920/945]	[L1: 0.0286]	1.3+0.1s

Evaluation:
[UCMerced x4]	psnr: 28.059 (Best: 28.072 @epoch 206)
Total time: 1.80s

[Epoch 208]	Learning rate: 1.00e-4
[40/945]	[L1: 0.0258]	1.4+0.1s
[80/945]	[L1: 0.0260]	1.3+0.1s
[120/945]	[L1: 0.0265]	1.3+0.1s
[160/945]	[L1: 0.0266]	1.3+0.1s
[200/945]	[L1: 0.0264]	1.3+0.1s
[240/945]	[L1: 0.0267]	1.3+0.1s
[280/945]	[L1: 0.0268]	1.3+0.1s
[320/945]	[L1: 0.0270]	1.3+0.1s
[360/945]	[L1: 0.0270]	1.3+0.1s
[400/945]	[L1: 0.0274]	1.3+0.1s
[440/945]	[L1: 0.0276]	1.4+0.1s
[480/945]	[L1: 0.0278]	1.3+0.1s
[520/945]	[L1: 0.0280]	1.3+0.1s
[560/945]	[L1: 0.0281]	1.3+0.1s
[600/945]	[L1: 0.0281]	1.4+0.1s
[640/945]	[L1: 0.0281]	1.3+0.1s
[680/945]	[L1: 0.0280]	1.3+0.1s
[720/945]	[L1: 0.0281]	1.3+0.1s
[760/945]	[L1: 0.0283]	1.3+0.1s
[800/945]	[L1: 0.0284]	1.3+0.1s
[840/945]	[L1: 0.0286]	1.3+0.1s
[880/945]	[L1: 0.0285]	1.3+0.1s
[920/945]	[L1: 0.0285]	1.3+0.1s

Evaluation:
[UCMerced x4]	psnr: 28.019 (Best: 28.072 @epoch 206)
Total time: 1.78s

[Epoch 209]	Learning rate: 1.00e-4
[40/945]	[L1: 0.0299]	1.4+0.1s
[80/945]	[L1: 0.0302]	1.3+0.1s
[120/945]	[L1: 0.0295]	1.5+0.1s
[160/945]	[L1: 0.0295]	1.3+0.1s
[200/945]	[L1: 0.0297]	1.3+0.1s
[240/945]	[L1: 0.0292]	1.3+0.1s
[280/945]	[L1: 0.0290]	1.3+0.1s
[320/945]	[L1: 0.0288]	1.3+0.1s
[360/945]	[L1: 0.0288]	1.3+0.1s
[400/945]	[L1: 0.0288]	1.3+0.1s
[440/945]	[L1: 0.0291]	1.3+0.1s
[480/945]	[L1: 0.0289]	1.3+0.1s
[520/945]	[L1: 0.0286]	1.3+0.1s
[560/945]	[L1: 0.0285]	1.3+0.1s
[600/945]	[L1: 0.0287]	1.3+0.1s
[640/945]	[L1: 0.0286]	1.3+0.1s
[680/945]	[L1: 0.0286]	1.3+0.1s
[720/945]	[L1: 0.0284]	1.4+0.1s
[760/945]	[L1: 0.0284]	1.3+0.1s
[800/945]	[L1: 0.0284]	1.3+0.1s
[840/945]	[L1: 0.0284]	1.3+0.1s
[880/945]	[L1: 0.0284]	1.3+0.1s
[920/945]	[L1: 0.0286]	1.3+0.1s

Evaluation:
[UCMerced x4]	psnr: 28.051 (Best: 28.072 @epoch 206)
Total time: 1.81s

[Epoch 210]	Learning rate: 1.00e-4
[40/945]	[L1: 0.0275]	1.3+0.1s
[80/945]	[L1: 0.0284]	1.3+0.1s
[120/945]	[L1: 0.0287]	1.3+0.1s
[160/945]	[L1: 0.0291]	1.3+0.1s
[200/945]	[L1: 0.0291]	1.4+0.1s
[240/945]	[L1: 0.0290]	1.3+0.1s
[280/945]	[L1: 0.0290]	1.3+0.1s
[320/945]	[L1: 0.0292]	1.3+0.1s
[360/945]	[L1: 0.0292]	1.3+0.1s
[400/945]	[L1: 0.0294]	1.3+0.1s
[440/945]	[L1: 0.0292]	1.3+0.1s
[480/945]	[L1: 0.0292]	1.3+0.1s
[520/945]	[L1: 0.0292]	1.3+0.1s
[560/945]	[L1: 0.0293]	1.3+0.1s
[600/945]	[L1: 0.0292]	1.3+0.1s
[640/945]	[L1: 0.0292]	1.3+0.1s
[680/945]	[L1: 0.0292]	1.3+0.1s
[720/945]	[L1: 0.0291]	1.3+0.1s
[760/945]	[L1: 0.0289]	1.4+0.1s
[800/945]	[L1: 0.0287]	1.3+0.1s
[840/945]	[L1: 0.0286]	1.3+0.1s
[880/945]	[L1: 0.0286]	1.3+0.1s
[920/945]	[L1: 0.0286]	1.3+0.1s

Evaluation:
[UCMerced x4]	psnr: 28.066 (Best: 28.072 @epoch 206)
Total time: 1.79s

[Epoch 211]	Learning rate: 1.00e-4
[40/945]	[L1: 0.0275]	1.3+0.1s
[80/945]	[L1: 0.0272]	1.3+0.1s
[120/945]	[L1: 0.0275]	1.3+0.1s
[160/945]	[L1: 0.0281]	1.3+0.1s
[200/945]	[L1: 0.0279]	1.3+0.1s
[240/945]	[L1: 0.0279]	1.3+0.1s
[280/945]	[L1: 0.0285]	1.4+0.1s
[320/945]	[L1: 0.0286]	1.3+0.1s
[360/945]	[L1: 0.0283]	1.3+0.1s
[400/945]	[L1: 0.0281]	1.3+0.1s
[440/945]	[L1: 0.0281]	1.3+0.1s
[480/945]	[L1: 0.0284]	1.3+0.1s
[520/945]	[L1: 0.0282]	1.3+0.1s
[560/945]	[L1: 0.0284]	1.3+0.1s
[600/945]	[L1: 0.0284]	1.3+0.1s
[640/945]	[L1: 0.0282]	1.3+0.1s
[680/945]	[L1: 0.0282]	1.3+0.1s
[720/945]	[L1: 0.0283]	1.3+0.1s
[760/945]	[L1: 0.0282]	1.3+0.1s
[800/945]	[L1: 0.0282]	1.3+0.1s
[840/945]	[L1: 0.0282]	1.4+0.1s
[880/945]	[L1: 0.0282]	1.3+0.1s
[920/945]	[L1: 0.0283]	1.3+0.1s

Evaluation:
[UCMerced x4]	psnr: 28.047 (Best: 28.072 @epoch 206)
Total time: 1.80s

[Epoch 212]	Learning rate: 1.00e-4
[40/945]	[L1: 0.0307]	1.3+0.1s
[80/945]	[L1: 0.0285]	1.3+0.1s
[120/945]	[L1: 0.0290]	1.3+0.1s
[160/945]	[L1: 0.0280]	1.3+0.1s
[200/945]	[L1: 0.0282]	1.3+0.1s
[240/945]	[L1: 0.0283]	1.3+0.1s
[280/945]	[L1: 0.0286]	1.3+0.1s
[320/945]	[L1: 0.0286]	1.3+0.1s
[360/945]	[L1: 0.0283]	1.4+0.1s
[400/945]	[L1: 0.0282]	1.3+0.1s
[440/945]	[L1: 0.0282]	1.3+0.1s
[480/945]	[L1: 0.0283]	1.3+0.1s
[520/945]	[L1: 0.0283]	1.3+0.1s
[560/945]	[L1: 0.0285]	1.3+0.1s
[600/945]	[L1: 0.0286]	1.3+0.1s
[640/945]	[L1: 0.0286]	1.3+0.1s
[680/945]	[L1: 0.0288]	1.3+0.1s
[720/945]	[L1: 0.0288]	1.3+0.1s
[760/945]	[L1: 0.0287]	1.3+0.1s
[800/945]	[L1: 0.0286]	1.3+0.1s
[840/945]	[L1: 0.0284]	1.3+0.1s
[880/945]	[L1: 0.0284]	1.3+0.1s
[920/945]	[L1: 0.0285]	1.4+0.1s

Evaluation:
[UCMerced x4]	psnr: 28.042 (Best: 28.072 @epoch 206)
Total time: 1.80s

[Epoch 213]	Learning rate: 1.00e-4
[40/945]	[L1: 0.0274]	1.4+0.1s
[80/945]	[L1: 0.0287]	1.3+0.1s
[120/945]	[L1: 0.0297]	1.3+0.1s
[160/945]	[L1: 0.0295]	1.3+0.1s
[200/945]	[L1: 0.0296]	1.3+0.1s
[240/945]	[L1: 0.0293]	1.3+0.1s
[280/945]	[L1: 0.0291]	1.3+0.1s
[320/945]	[L1: 0.0286]	1.4+0.1s
[360/945]	[L1: 0.0286]	1.3+0.1s
[400/945]	[L1: 0.0286]	1.3+0.1s
[440/945]	[L1: 0.0287]	1.4+0.1s
[480/945]	[L1: 0.0285]	1.3+0.1s
[520/945]	[L1: 0.0285]	1.3+0.1s
[560/945]	[L1: 0.0285]	1.3+0.1s
[600/945]	[L1: 0.0286]	1.3+0.1s
[640/945]	[L1: 0.0286]	1.3+0.1s
[680/945]	[L1: 0.0285]	1.3+0.1s
[720/945]	[L1: 0.0285]	1.3+0.1s
[760/945]	[L1: 0.0286]	1.3+0.1s
[800/945]	[L1: 0.0286]	1.3+0.1s
[840/945]	[L1: 0.0285]	1.3+0.1s
[880/945]	[L1: 0.0284]	1.3+0.1s
[920/945]	[L1: 0.0284]	1.3+0.1s

Evaluation:
[UCMerced x4]	psnr: 28.068 (Best: 28.072 @epoch 206)
Total time: 1.79s

[Epoch 214]	Learning rate: 1.00e-4
[40/945]	[L1: 0.0264]	1.3+0.1s
[80/945]	[L1: 0.0268]	1.3+0.1s
[120/945]	[L1: 0.0274]	1.3+0.1s
[160/945]	[L1: 0.0275]	1.3+0.1s
[200/945]	[L1: 0.0281]	1.3+0.1s
[240/945]	[L1: 0.0280]	1.3+0.1s
[280/945]	[L1: 0.0280]	1.3+0.1s
[320/945]	[L1: 0.0287]	1.3+0.1s
[360/945]	[L1: 0.0285]	1.3+0.1s
[400/945]	[L1: 0.0285]	1.3+0.1s
[440/945]	[L1: 0.0285]	1.3+0.1s
[480/945]	[L1: 0.0284]	1.3+0.1s
[520/945]	[L1: 0.0285]	1.3+0.1s
[560/945]	[L1: 0.0284]	1.4+0.1s
[600/945]	[L1: 0.0284]	1.3+0.1s
[640/945]	[L1: 0.0284]	1.3+0.1s
[680/945]	[L1: 0.0283]	1.3+0.1s
[720/945]	[L1: 0.0284]	1.3+0.1s
[760/945]	[L1: 0.0285]	1.3+0.1s
[800/945]	[L1: 0.0285]	1.3+0.1s
[840/945]	[L1: 0.0285]	1.3+0.1s
[880/945]	[L1: 0.0284]	1.3+0.1s
[920/945]	[L1: 0.0285]	1.3+0.1s

Evaluation:
[UCMerced x4]	psnr: 28.063 (Best: 28.072 @epoch 206)
Total time: 1.78s

[Epoch 215]	Learning rate: 1.00e-4
[40/945]	[L1: 0.0301]	1.3+0.1s
[80/945]	[L1: 0.0284]	1.4+0.1s
[120/945]	[L1: 0.0279]	1.3+0.1s
[160/945]	[L1: 0.0275]	1.3+0.1s
[200/945]	[L1: 0.0279]	1.3+0.1s
[240/945]	[L1: 0.0276]	1.3+0.1s
[280/945]	[L1: 0.0281]	1.3+0.1s
[320/945]	[L1: 0.0287]	1.3+0.1s
[360/945]	[L1: 0.0286]	1.3+0.1s
[400/945]	[L1: 0.0292]	1.3+0.1s
[440/945]	[L1: 0.0291]	1.3+0.1s
[480/945]	[L1: 0.0290]	1.3+0.1s
[520/945]	[L1: 0.0289]	1.3+0.1s
[560/945]	[L1: 0.0288]	1.3+0.1s
[600/945]	[L1: 0.0289]	1.3+0.1s
[640/945]	[L1: 0.0288]	1.4+0.1s
[680/945]	[L1: 0.0286]	1.3+0.1s
[720/945]	[L1: 0.0285]	1.3+0.1s
[760/945]	[L1: 0.0287]	1.3+0.1s
[800/945]	[L1: 0.0285]	1.3+0.1s
[840/945]	[L1: 0.0285]	1.3+0.1s
[880/945]	[L1: 0.0285]	1.4+0.1s
[920/945]	[L1: 0.0285]	1.3+0.1s

Evaluation:
[UCMerced x4]	psnr: 28.062 (Best: 28.072 @epoch 206)
Total time: 1.80s

[Epoch 216]	Learning rate: 1.00e-4
[40/945]	[L1: 0.0308]	1.4+0.1s
[80/945]	[L1: 0.0298]	1.3+0.1s
[120/945]	[L1: 0.0287]	1.3+0.1s
[160/945]	[L1: 0.0278]	1.5+0.1s
[200/945]	[L1: 0.0277]	1.3+0.0s
[240/945]	[L1: 0.0277]	1.3+0.1s
[280/945]	[L1: 0.0279]	1.3+0.1s
[320/945]	[L1: 0.0281]	1.3+0.1s
[360/945]	[L1: 0.0284]	1.3+0.1s
[400/945]	[L1: 0.0283]	1.3+0.1s
[440/945]	[L1: 0.0283]	1.3+0.1s
[480/945]	[L1: 0.0285]	1.3+0.1s
[520/945]	[L1: 0.0280]	1.3+0.1s
[560/945]	[L1: 0.0283]	1.3+0.1s
[600/945]	[L1: 0.0282]	1.3+0.1s
[640/945]	[L1: 0.0284]	1.3+0.1s
[680/945]	[L1: 0.0284]	1.3+0.1s
[720/945]	[L1: 0.0284]	1.4+0.1s
[760/945]	[L1: 0.0284]	1.3+0.1s
[800/945]	[L1: 0.0284]	1.3+0.1s
[840/945]	[L1: 0.0284]	1.3+0.1s
[880/945]	[L1: 0.0283]	1.3+0.1s
[920/945]	[L1: 0.0285]	1.3+0.1s

Evaluation:
[UCMerced x4]	psnr: 28.071 (Best: 28.072 @epoch 206)
Total time: 1.77s

[Epoch 217]	Learning rate: 1.00e-4
[40/945]	[L1: 0.0299]	1.3+0.1s
[80/945]	[L1: 0.0281]	1.3+0.1s
[120/945]	[L1: 0.0281]	1.3+0.1s
[160/945]	[L1: 0.0285]	1.3+0.1s
[200/945]	[L1: 0.0282]	1.3+0.1s
[240/945]	[L1: 0.0282]	1.4+0.1s
[280/945]	[L1: 0.0282]	1.3+0.1s
[320/945]	[L1: 0.0281]	1.3+0.1s
[360/945]	[L1: 0.0284]	1.3+0.1s
[400/945]	[L1: 0.0286]	1.3+0.1s
[440/945]	[L1: 0.0287]	1.3+0.1s
[480/945]	[L1: 0.0286]	1.3+0.1s
[520/945]	[L1: 0.0285]	1.3+0.1s
[560/945]	[L1: 0.0285]	1.3+0.1s
[600/945]	[L1: 0.0284]	1.3+0.1s
[640/945]	[L1: 0.0284]	1.3+0.1s
[680/945]	[L1: 0.0285]	1.3+0.1s
[720/945]	[L1: 0.0285]	1.3+0.1s
[760/945]	[L1: 0.0285]	1.3+0.1s
[800/945]	[L1: 0.0284]	1.4+0.1s
[840/945]	[L1: 0.0284]	1.3+0.1s
[880/945]	[L1: 0.0284]	1.3+0.1s
[920/945]	[L1: 0.0285]	1.3+0.1s

Evaluation:
[UCMerced x4]	psnr: 28.071 (Best: 28.072 @epoch 206)
Total time: 1.78s

[Epoch 218]	Learning rate: 1.00e-4
[40/945]	[L1: 0.0245]	1.3+0.1s
[80/945]	[L1: 0.0283]	1.3+0.1s
[120/945]	[L1: 0.0291]	1.3+0.1s
[160/945]	[L1: 0.0287]	1.3+0.1s
[200/945]	[L1: 0.0285]	1.3+0.1s
[240/945]	[L1: 0.0287]	1.3+0.1s
[280/945]	[L1: 0.0290]	1.3+0.1s
[320/945]	[L1: 0.0290]	1.4+0.1s
[360/945]	[L1: 0.0291]	1.3+0.1s
[400/945]	[L1: 0.0287]	1.3+0.1s
[440/945]	[L1: 0.0287]	1.3+0.1s
[480/945]	[L1: 0.0285]	1.3+0.1s
[520/945]	[L1: 0.0286]	1.3+0.1s
[560/945]	[L1: 0.0285]	1.3+0.1s
[600/945]	[L1: 0.0286]	1.3+0.1s
[640/945]	[L1: 0.0283]	1.3+0.1s
[680/945]	[L1: 0.0283]	1.3+0.1s
[720/945]	[L1: 0.0284]	1.3+0.1s
[760/945]	[L1: 0.0282]	1.3+0.1s
[800/945]	[L1: 0.0282]	1.3+0.1s
[840/945]	[L1: 0.0283]	1.3+0.1s
[880/945]	[L1: 0.0282]	1.4+0.1s
[920/945]	[L1: 0.0282]	1.3+0.1s

Evaluation:
[UCMerced x4]	psnr: 28.050 (Best: 28.072 @epoch 206)
Total time: 1.80s

[Epoch 219]	Learning rate: 1.00e-4
[40/945]	[L1: 0.0302]	1.3+0.1s
[80/945]	[L1: 0.0297]	1.3+0.1s
[120/945]	[L1: 0.0291]	1.3+0.1s
[160/945]	[L1: 0.0304]	1.3+0.1s
[200/945]	[L1: 0.0305]	1.3+0.1s
[240/945]	[L1: 0.0297]	1.3+0.1s
[280/945]	[L1: 0.0295]	1.3+0.1s
[320/945]	[L1: 0.0290]	1.3+0.1s
[360/945]	[L1: 0.0289]	1.4+0.1s
[400/945]	[L1: 0.0290]	1.4+0.1s
[440/945]	[L1: 0.0290]	1.3+0.1s
[480/945]	[L1: 0.0293]	1.3+0.1s
[520/945]	[L1: 0.0291]	1.3+0.1s
[560/945]	[L1: 0.0289]	1.3+0.1s
[600/945]	[L1: 0.0288]	1.4+0.1s
[640/945]	[L1: 0.0287]	1.3+0.1s
[680/945]	[L1: 0.0287]	1.3+0.1s
[720/945]	[L1: 0.0286]	1.3+0.1s
[760/945]	[L1: 0.0285]	1.3+0.1s
[800/945]	[L1: 0.0286]	1.4+0.1s
[840/945]	[L1: 0.0285]	1.3+0.1s
[880/945]	[L1: 0.0284]	1.3+0.1s
[920/945]	[L1: 0.0285]	1.3+0.1s

Evaluation:
[UCMerced x4]	psnr: 28.047 (Best: 28.072 @epoch 206)
Total time: 1.80s

[Epoch 220]	Learning rate: 1.00e-4
[40/945]	[L1: 0.0271]	1.4+0.1s
[80/945]	[L1: 0.0275]	1.3+0.1s
[120/945]	[L1: 0.0271]	1.3+0.1s
[160/945]	[L1: 0.0275]	1.4+0.1s
[200/945]	[L1: 0.0278]	1.3+0.1s
[240/945]	[L1: 0.0279]	1.3+0.1s
[280/945]	[L1: 0.0278]	1.3+0.1s
[320/945]	[L1: 0.0280]	1.4+0.1s
[360/945]	[L1: 0.0282]	1.3+0.1s
[400/945]	[L1: 0.0282]	1.3+0.1s
[440/945]	[L1: 0.0283]	1.3+0.1s
[480/945]	[L1: 0.0287]	1.4+0.1s
[520/945]	[L1: 0.0285]	1.3+0.1s
[560/945]	[L1: 0.0285]	1.3+0.1s
[600/945]	[L1: 0.0284]	1.3+0.1s
[640/945]	[L1: 0.0284]	1.3+0.1s
[680/945]	[L1: 0.0284]	1.3+0.1s
[720/945]	[L1: 0.0284]	1.3+0.1s
[760/945]	[L1: 0.0285]	1.3+0.1s
[800/945]	[L1: 0.0284]	1.3+0.1s
[840/945]	[L1: 0.0282]	1.3+0.1s
[880/945]	[L1: 0.0282]	1.3+0.1s
[920/945]	[L1: 0.0284]	1.3+0.1s

Evaluation:
[UCMerced x4]	psnr: 28.065 (Best: 28.072 @epoch 206)
Total time: 1.80s

[Epoch 221]	Learning rate: 1.00e-4
[40/945]	[L1: 0.0309]	1.4+0.1s
[80/945]	[L1: 0.0302]	1.3+0.1s
[120/945]	[L1: 0.0289]	1.4+0.1s
[160/945]	[L1: 0.0285]	1.3+0.1s
[200/945]	[L1: 0.0291]	1.3+0.1s
[240/945]	[L1: 0.0288]	1.3+0.1s
[280/945]	[L1: 0.0287]	1.3+0.1s
[320/945]	[L1: 0.0286]	1.3+0.1s
[360/945]	[L1: 0.0285]	1.3+0.1s
[400/945]	[L1: 0.0285]	1.3+0.1s
[440/945]	[L1: 0.0286]	1.3+0.1s
[480/945]	[L1: 0.0286]	1.3+0.1s
[520/945]	[L1: 0.0286]	1.3+0.1s
[560/945]	[L1: 0.0286]	1.5+0.0s
[600/945]	[L1: 0.0284]	1.4+0.1s
[640/945]	[L1: 0.0286]	1.3+0.1s
[680/945]	[L1: 0.0286]	1.3+0.1s
[720/945]	[L1: 0.0285]	1.3+0.1s
[760/945]	[L1: 0.0285]	1.3+0.1s
[800/945]	[L1: 0.0284]	1.3+0.1s
[840/945]	[L1: 0.0283]	1.3+0.1s
[880/945]	[L1: 0.0283]	1.3+0.1s
[920/945]	[L1: 0.0284]	1.3+0.1s

Evaluation:
[UCMerced x4]	psnr: 28.003 (Best: 28.072 @epoch 206)
Total time: 1.82s

[Epoch 222]	Learning rate: 1.00e-4
[40/945]	[L1: 0.0285]	1.3+0.1s
[80/945]	[L1: 0.0280]	1.4+0.1s
[120/945]	[L1: 0.0290]	1.3+0.1s
[160/945]	[L1: 0.0295]	1.3+0.1s
[200/945]	[L1: 0.0295]	1.3+0.1s
[240/945]	[L1: 0.0291]	1.3+0.1s
[280/945]	[L1: 0.0286]	1.3+0.1s
[320/945]	[L1: 0.0287]	1.3+0.1s
[360/945]	[L1: 0.0283]	1.3+0.1s
[400/945]	[L1: 0.0281]	1.3+0.1s
[440/945]	[L1: 0.0284]	1.3+0.1s
[480/945]	[L1: 0.0283]	1.3+0.1s
[520/945]	[L1: 0.0284]	1.3+0.1s
[560/945]	[L1: 0.0284]	1.3+0.1s
[600/945]	[L1: 0.0285]	1.3+0.1s
[640/945]	[L1: 0.0286]	1.4+0.1s
[680/945]	[L1: 0.0285]	1.3+0.1s
[720/945]	[L1: 0.0285]	1.3+0.1s
[760/945]	[L1: 0.0285]	1.3+0.1s
[800/945]	[L1: 0.0285]	1.3+0.1s
[840/945]	[L1: 0.0284]	1.3+0.1s
[880/945]	[L1: 0.0284]	1.3+0.1s
[920/945]	[L1: 0.0283]	1.3+0.1s

Evaluation:
[UCMerced x4]	psnr: 28.074 (Best: 28.074 @epoch 222)
Total time: 1.78s

[Epoch 223]	Learning rate: 1.00e-4
[40/945]	[L1: 0.0308]	1.3+0.1s
[80/945]	[L1: 0.0314]	1.3+0.1s
[120/945]	[L1: 0.0303]	1.3+0.1s
[160/945]	[L1: 0.0298]	1.4+0.1s
[200/945]	[L1: 0.0289]	1.3+0.1s
[240/945]	[L1: 0.0289]	1.3+0.1s
[280/945]	[L1: 0.0285]	1.3+0.1s
[320/945]	[L1: 0.0284]	1.3+0.1s
[360/945]	[L1: 0.0287]	1.3+0.1s
[400/945]	[L1: 0.0289]	1.3+0.1s
[440/945]	[L1: 0.0287]	1.3+0.1s
[480/945]	[L1: 0.0289]	1.3+0.1s
[520/945]	[L1: 0.0290]	1.3+0.1s
[560/945]	[L1: 0.0291]	1.3+0.1s
[600/945]	[L1: 0.0289]	1.3+0.1s
[640/945]	[L1: 0.0289]	1.3+0.1s
[680/945]	[L1: 0.0289]	1.3+0.1s
[720/945]	[L1: 0.0290]	1.4+0.1s
[760/945]	[L1: 0.0291]	1.3+0.1s
[800/945]	[L1: 0.0290]	1.3+0.1s
[840/945]	[L1: 0.0288]	1.3+0.1s
[880/945]	[L1: 0.0287]	1.3+0.1s
[920/945]	[L1: 0.0286]	1.3+0.1s

Evaluation:
[UCMerced x4]	psnr: 28.051 (Best: 28.074 @epoch 222)
Total time: 1.80s

[Epoch 224]	Learning rate: 1.00e-4
[40/945]	[L1: 0.0287]	1.4+0.1s
[80/945]	[L1: 0.0278]	1.3+0.1s
[120/945]	[L1: 0.0279]	1.3+0.1s
[160/945]	[L1: 0.0281]	1.3+0.1s
[200/945]	[L1: 0.0280]	1.3+0.1s
[240/945]	[L1: 0.0279]	1.4+0.1s
[280/945]	[L1: 0.0283]	1.4+0.1s
[320/945]	[L1: 0.0281]	1.3+0.1s
[360/945]	[L1: 0.0280]	1.3+0.1s
[400/945]	[L1: 0.0280]	1.3+0.1s
[440/945]	[L1: 0.0279]	1.3+0.1s
[480/945]	[L1: 0.0280]	1.3+0.1s
[520/945]	[L1: 0.0281]	1.3+0.1s
[560/945]	[L1: 0.0279]	1.4+0.1s
[600/945]	[L1: 0.0279]	1.3+0.1s
[640/945]	[L1: 0.0281]	1.3+0.1s
[680/945]	[L1: 0.0283]	1.3+0.1s
[720/945]	[L1: 0.0282]	1.4+0.0s
[760/945]	[L1: 0.0283]	1.3+0.1s
[800/945]	[L1: 0.0284]	1.3+0.1s
[840/945]	[L1: 0.0284]	1.5+0.1s
[880/945]	[L1: 0.0285]	1.3+0.1s
[920/945]	[L1: 0.0283]	1.3+0.1s

Evaluation:
[UCMerced x4]	psnr: 28.051 (Best: 28.074 @epoch 222)
Total time: 1.82s

[Epoch 225]	Learning rate: 1.00e-4
[40/945]	[L1: 0.0289]	1.4+0.1s
[80/945]	[L1: 0.0285]	1.3+0.1s
[120/945]	[L1: 0.0286]	1.3+0.1s
[160/945]	[L1: 0.0284]	1.3+0.1s
[200/945]	[L1: 0.0289]	1.3+0.1s
[240/945]	[L1: 0.0286]	1.3+0.1s
[280/945]	[L1: 0.0285]	1.3+0.1s
[320/945]	[L1: 0.0286]	1.3+0.1s
[360/945]	[L1: 0.0284]	1.4+0.1s
[400/945]	[L1: 0.0282]	1.3+0.1s
[440/945]	[L1: 0.0283]	1.3+0.1s
[480/945]	[L1: 0.0284]	1.3+0.1s
[520/945]	[L1: 0.0284]	1.3+0.1s
[560/945]	[L1: 0.0285]	1.3+0.1s
[600/945]	[L1: 0.0282]	1.3+0.1s
[640/945]	[L1: 0.0282]	1.3+0.1s
[680/945]	[L1: 0.0282]	1.3+0.1s
[720/945]	[L1: 0.0281]	1.3+0.1s
[760/945]	[L1: 0.0284]	1.3+0.1s
[800/945]	[L1: 0.0283]	1.3+0.1s
[840/945]	[L1: 0.0283]	1.3+0.1s
[880/945]	[L1: 0.0282]	1.3+0.1s
[920/945]	[L1: 0.0282]	1.4+0.1s

Evaluation:
[UCMerced x4]	psnr: 28.057 (Best: 28.074 @epoch 222)
Total time: 1.79s

[Epoch 226]	Learning rate: 1.00e-4
[40/945]	[L1: 0.0268]	1.3+0.1s
[80/945]	[L1: 0.0275]	1.3+0.1s
[120/945]	[L1: 0.0268]	1.3+0.1s
[160/945]	[L1: 0.0266]	1.3+0.1s
[200/945]	[L1: 0.0272]	1.3+0.1s
[240/945]	[L1: 0.0272]	1.3+0.1s
[280/945]	[L1: 0.0272]	1.3+0.1s
[320/945]	[L1: 0.0273]	1.3+0.1s
[360/945]	[L1: 0.0275]	1.3+0.1s
[400/945]	[L1: 0.0275]	1.4+0.1s
[440/945]	[L1: 0.0277]	1.3+0.1s
[480/945]	[L1: 0.0278]	1.3+0.1s
[520/945]	[L1: 0.0277]	1.3+0.1s
[560/945]	[L1: 0.0277]	1.3+0.1s
[600/945]	[L1: 0.0278]	1.3+0.1s
[640/945]	[L1: 0.0279]	1.3+0.1s
[680/945]	[L1: 0.0280]	1.3+0.1s
[720/945]	[L1: 0.0278]	1.3+0.1s
[760/945]	[L1: 0.0279]	1.3+0.1s
[800/945]	[L1: 0.0281]	1.3+0.1s
[840/945]	[L1: 0.0282]	1.3+0.1s
[880/945]	[L1: 0.0283]	1.3+0.1s
[920/945]	[L1: 0.0283]	1.3+0.1s

Evaluation:
[UCMerced x4]	psnr: 28.069 (Best: 28.074 @epoch 222)
Total time: 1.79s

[Epoch 227]	Learning rate: 1.00e-4
[40/945]	[L1: 0.0258]	1.3+0.1s
[80/945]	[L1: 0.0281]	1.3+0.1s
[120/945]	[L1: 0.0275]	1.3+0.1s
[160/945]	[L1: 0.0273]	1.3+0.1s
[200/945]	[L1: 0.0277]	1.3+0.1s
[240/945]	[L1: 0.0278]	1.3+0.1s
[280/945]	[L1: 0.0278]	1.3+0.1s
[320/945]	[L1: 0.0280]	1.3+0.1s
[360/945]	[L1: 0.0280]	1.3+0.1s
[400/945]	[L1: 0.0284]	1.3+0.1s
[440/945]	[L1: 0.0283]	1.3+0.1s
[480/945]	[L1: 0.0286]	1.4+0.1s
[520/945]	[L1: 0.0285]	1.3+0.1s
[560/945]	[L1: 0.0284]	1.3+0.1s
[600/945]	[L1: 0.0284]	1.3+0.1s
[640/945]	[L1: 0.0283]	1.3+0.1s
[680/945]	[L1: 0.0282]	1.3+0.1s
[720/945]	[L1: 0.0281]	1.3+0.1s
[760/945]	[L1: 0.0282]	1.3+0.1s
[800/945]	[L1: 0.0283]	1.3+0.1s
[840/945]	[L1: 0.0284]	1.3+0.1s
[880/945]	[L1: 0.0283]	1.3+0.1s
[920/945]	[L1: 0.0283]	1.3+0.1s

Evaluation:
[UCMerced x4]	psnr: 28.062 (Best: 28.074 @epoch 222)
Total time: 1.81s

[Epoch 228]	Learning rate: 1.00e-4
[40/945]	[L1: 0.0298]	1.3+0.1s
[80/945]	[L1: 0.0293]	1.3+0.1s
[120/945]	[L1: 0.0293]	1.3+0.1s
[160/945]	[L1: 0.0297]	1.3+0.1s
[200/945]	[L1: 0.0292]	1.3+0.1s
[240/945]	[L1: 0.0293]	1.3+0.1s
[280/945]	[L1: 0.0283]	1.3+0.1s
[320/945]	[L1: 0.0284]	1.4+0.1s
[360/945]	[L1: 0.0287]	1.3+0.1s
[400/945]	[L1: 0.0287]	1.3+0.1s
[440/945]	[L1: 0.0286]	1.3+0.1s
[480/945]	[L1: 0.0288]	1.3+0.1s
[520/945]	[L1: 0.0287]	1.3+0.1s
[560/945]	[L1: 0.0289]	1.3+0.1s
[600/945]	[L1: 0.0288]	1.4+0.1s
[640/945]	[L1: 0.0286]	1.3+0.1s
[680/945]	[L1: 0.0288]	1.4+0.1s
[720/945]	[L1: 0.0287]	1.3+0.1s
[760/945]	[L1: 0.0284]	1.3+0.1s
[800/945]	[L1: 0.0286]	1.3+0.1s
[840/945]	[L1: 0.0285]	1.3+0.1s
[880/945]	[L1: 0.0284]	1.3+0.1s
[920/945]	[L1: 0.0284]	1.3+0.1s

Evaluation:
[UCMerced x4]	psnr: 28.068 (Best: 28.074 @epoch 222)
Total time: 1.79s

[Epoch 229]	Learning rate: 1.00e-4
[40/945]	[L1: 0.0276]	1.4+0.1s
[80/945]	[L1: 0.0284]	1.5+0.1s
[120/945]	[L1: 0.0287]	1.3+0.1s
[160/945]	[L1: 0.0281]	1.3+0.1s
[200/945]	[L1: 0.0279]	1.3+0.1s
[240/945]	[L1: 0.0286]	1.3+0.1s
[280/945]	[L1: 0.0285]	1.3+0.1s
[320/945]	[L1: 0.0283]	1.4+0.1s
[360/945]	[L1: 0.0285]	1.3+0.1s
[400/945]	[L1: 0.0283]	1.3+0.1s
[440/945]	[L1: 0.0285]	1.3+0.1s
[480/945]	[L1: 0.0285]	1.3+0.1s
[520/945]	[L1: 0.0284]	1.3+0.1s
[560/945]	[L1: 0.0285]	1.3+0.1s
[600/945]	[L1: 0.0281]	1.3+0.1s
[640/945]	[L1: 0.0280]	1.3+0.1s
[680/945]	[L1: 0.0281]	1.4+0.1s
[720/945]	[L1: 0.0282]	1.3+0.1s
[760/945]	[L1: 0.0281]	1.3+0.1s
[800/945]	[L1: 0.0282]	1.3+0.1s
[840/945]	[L1: 0.0283]	1.3+0.1s
[880/945]	[L1: 0.0284]	1.3+0.1s
[920/945]	[L1: 0.0283]	1.3+0.1s

Evaluation:
[UCMerced x4]	psnr: 28.068 (Best: 28.074 @epoch 222)
Total time: 1.80s

[Epoch 230]	Learning rate: 1.00e-4
[40/945]	[L1: 0.0304]	1.4+0.1s
[80/945]	[L1: 0.0291]	1.3+0.1s
[120/945]	[L1: 0.0282]	1.3+0.1s
[160/945]	[L1: 0.0287]	1.4+0.1s
[200/945]	[L1: 0.0287]	1.3+0.1s
[240/945]	[L1: 0.0290]	1.3+0.1s
[280/945]	[L1: 0.0288]	1.3+0.1s
[320/945]	[L1: 0.0285]	1.3+0.1s
[360/945]	[L1: 0.0285]	1.3+0.1s
[400/945]	[L1: 0.0284]	1.3+0.1s
[440/945]	[L1: 0.0284]	1.3+0.1s
[480/945]	[L1: 0.0284]	1.3+0.1s
[520/945]	[L1: 0.0284]	1.3+0.1s
[560/945]	[L1: 0.0282]	1.3+0.1s
[600/945]	[L1: 0.0282]	1.3+0.1s
[640/945]	[L1: 0.0281]	1.3+0.1s
[680/945]	[L1: 0.0280]	1.3+0.1s
[720/945]	[L1: 0.0281]	1.4+0.1s
[760/945]	[L1: 0.0283]	1.3+0.1s
[800/945]	[L1: 0.0283]	1.3+0.1s
[840/945]	[L1: 0.0284]	1.3+0.1s
[880/945]	[L1: 0.0284]	1.3+0.1s
[920/945]	[L1: 0.0285]	1.3+0.1s

Evaluation:
[UCMerced x4]	psnr: 28.065 (Best: 28.074 @epoch 222)
Total time: 1.80s

[Epoch 231]	Learning rate: 1.00e-4
[40/945]	[L1: 0.0299]	1.3+0.1s
[80/945]	[L1: 0.0302]	1.3+0.1s
[120/945]	[L1: 0.0294]	1.3+0.1s
[160/945]	[L1: 0.0291]	1.3+0.1s
[200/945]	[L1: 0.0287]	1.3+0.1s
[240/945]	[L1: 0.0284]	1.4+0.1s
[280/945]	[L1: 0.0281]	1.3+0.1s
[320/945]	[L1: 0.0282]	1.3+0.1s
[360/945]	[L1: 0.0285]	1.3+0.1s
[400/945]	[L1: 0.0287]	1.3+0.1s
[440/945]	[L1: 0.0285]	1.3+0.1s
[480/945]	[L1: 0.0284]	1.3+0.1s
[520/945]	[L1: 0.0282]	1.3+0.1s
[560/945]	[L1: 0.0281]	1.3+0.1s
[600/945]	[L1: 0.0283]	1.3+0.1s
[640/945]	[L1: 0.0282]	1.3+0.1s
[680/945]	[L1: 0.0281]	1.3+0.1s
[720/945]	[L1: 0.0281]	1.3+0.1s
[760/945]	[L1: 0.0282]	1.3+0.1s
[800/945]	[L1: 0.0283]	1.4+0.1s
[840/945]	[L1: 0.0283]	1.3+0.1s
[880/945]	[L1: 0.0282]	1.3+0.1s
[920/945]	[L1: 0.0284]	1.3+0.1s

Evaluation:
[UCMerced x4]	psnr: 28.078 (Best: 28.078 @epoch 231)
Total time: 1.81s

[Epoch 232]	Learning rate: 1.00e-4
[40/945]	[L1: 0.0265]	1.3+0.1s
[80/945]	[L1: 0.0271]	1.3+0.1s
[120/945]	[L1: 0.0289]	1.3+0.1s
[160/945]	[L1: 0.0289]	1.3+0.1s
[200/945]	[L1: 0.0286]	1.3+0.1s
[240/945]	[L1: 0.0287]	1.3+0.1s
[280/945]	[L1: 0.0284]	1.3+0.1s
[320/945]	[L1: 0.0285]	1.5+0.0s
[360/945]	[L1: 0.0285]	1.3+0.1s
[400/945]	[L1: 0.0283]	1.3+0.1s
[440/945]	[L1: 0.0282]	1.3+0.1s
[480/945]	[L1: 0.0284]	1.3+0.1s
[520/945]	[L1: 0.0284]	1.3+0.1s
[560/945]	[L1: 0.0283]	1.3+0.1s
[600/945]	[L1: 0.0284]	1.3+0.1s
[640/945]	[L1: 0.0285]	1.3+0.1s
[680/945]	[L1: 0.0283]	1.3+0.1s
[720/945]	[L1: 0.0285]	1.3+0.1s
[760/945]	[L1: 0.0284]	1.3+0.1s
[800/945]	[L1: 0.0284]	1.3+0.1s
[840/945]	[L1: 0.0284]	1.3+0.1s
[880/945]	[L1: 0.0283]	1.3+0.1s
[920/945]	[L1: 0.0283]	1.4+0.1s

Evaluation:
[UCMerced x4]	psnr: 28.082 (Best: 28.082 @epoch 232)
Total time: 1.81s

[Epoch 233]	Learning rate: 1.00e-4
[40/945]	[L1: 0.0286]	1.3+0.1s
[80/945]	[L1: 0.0287]	1.3+0.1s
[120/945]	[L1: 0.0280]	1.3+0.1s
[160/945]	[L1: 0.0285]	1.3+0.1s
[200/945]	[L1: 0.0284]	1.3+0.1s
[240/945]	[L1: 0.0285]	1.3+0.1s
[280/945]	[L1: 0.0285]	1.3+0.1s
[320/945]	[L1: 0.0288]	1.3+0.1s
[360/945]	[L1: 0.0289]	1.3+0.1s
[400/945]	[L1: 0.0287]	1.4+0.1s
[440/945]	[L1: 0.0288]	1.3+0.1s
[480/945]	[L1: 0.0288]	1.3+0.1s
[520/945]	[L1: 0.0287]	1.3+0.1s
[560/945]	[L1: 0.0285]	1.3+0.1s
[600/945]	[L1: 0.0283]	1.3+0.1s
[640/945]	[L1: 0.0284]	1.3+0.1s
[680/945]	[L1: 0.0284]	1.3+0.1s
[720/945]	[L1: 0.0282]	1.3+0.1s
[760/945]	[L1: 0.0283]	1.3+0.1s
[800/945]	[L1: 0.0282]	1.3+0.1s
[840/945]	[L1: 0.0285]	1.3+0.1s
[880/945]	[L1: 0.0285]	1.3+0.1s
[920/945]	[L1: 0.0284]	1.3+0.1s

Evaluation:
[UCMerced x4]	psnr: 28.062 (Best: 28.082 @epoch 232)
Total time: 1.80s

[Epoch 234]	Learning rate: 1.00e-4
[40/945]	[L1: 0.0297]	1.3+0.1s
[80/945]	[L1: 0.0303]	1.3+0.1s
[120/945]	[L1: 0.0301]	1.3+0.1s
[160/945]	[L1: 0.0297]	1.3+0.1s
[200/945]	[L1: 0.0295]	1.3+0.1s
[240/945]	[L1: 0.0290]	1.3+0.1s
[280/945]	[L1: 0.0287]	1.3+0.1s
[320/945]	[L1: 0.0291]	1.3+0.1s
[360/945]	[L1: 0.0290]	1.3+0.1s
[400/945]	[L1: 0.0290]	1.3+0.1s
[440/945]	[L1: 0.0288]	1.3+0.1s
[480/945]	[L1: 0.0286]	1.5+0.1s
[520/945]	[L1: 0.0285]	1.3+0.1s
[560/945]	[L1: 0.0286]	1.3+0.1s
[600/945]	[L1: 0.0285]	1.3+0.1s
[640/945]	[L1: 0.0285]	1.3+0.1s
[680/945]	[L1: 0.0284]	1.3+0.1s
[720/945]	[L1: 0.0284]	1.3+0.1s
[760/945]	[L1: 0.0283]	1.3+0.1s
[800/945]	[L1: 0.0282]	1.4+0.1s
[840/945]	[L1: 0.0283]	1.3+0.1s
[880/945]	[L1: 0.0282]	1.3+0.1s
[920/945]	[L1: 0.0282]	1.3+0.1s

Evaluation:
[UCMerced x4]	psnr: 28.063 (Best: 28.082 @epoch 232)
Total time: 1.77s

[Epoch 235]	Learning rate: 1.00e-4
[40/945]	[L1: 0.0258]	1.3+0.1s
[80/945]	[L1: 0.0266]	1.3+0.1s
[120/945]	[L1: 0.0282]	1.3+0.1s
[160/945]	[L1: 0.0284]	1.3+0.1s
[200/945]	[L1: 0.0284]	1.3+0.1s
[240/945]	[L1: 0.0282]	1.3+0.1s
[280/945]	[L1: 0.0280]	1.3+0.1s
[320/945]	[L1: 0.0279]	1.3+0.1s
[360/945]	[L1: 0.0275]	1.3+0.1s
[400/945]	[L1: 0.0279]	1.3+0.1s
[440/945]	[L1: 0.0278]	1.3+0.1s
[480/945]	[L1: 0.0278]	1.3+0.1s
[520/945]	[L1: 0.0279]	1.3+0.1s
[560/945]	[L1: 0.0279]	1.3+0.1s
[600/945]	[L1: 0.0282]	1.4+0.1s
[640/945]	[L1: 0.0281]	1.3+0.1s
[680/945]	[L1: 0.0283]	1.3+0.1s
[720/945]	[L1: 0.0283]	1.3+0.1s
[760/945]	[L1: 0.0283]	1.3+0.1s
[800/945]	[L1: 0.0282]	1.3+0.1s
[840/945]	[L1: 0.0283]	1.3+0.1s
[880/945]	[L1: 0.0282]	1.3+0.1s
[920/945]	[L1: 0.0281]	1.3+0.1s

Evaluation:
[UCMerced x4]	psnr: 28.080 (Best: 28.082 @epoch 232)
Total time: 1.79s

[Epoch 236]	Learning rate: 1.00e-4
[40/945]	[L1: 0.0274]	1.3+0.1s
[80/945]	[L1: 0.0275]	1.4+0.1s
[120/945]	[L1: 0.0276]	1.3+0.1s
[160/945]	[L1: 0.0275]	1.3+0.1s
[200/945]	[L1: 0.0277]	1.3+0.1s
[240/945]	[L1: 0.0277]	1.3+0.1s
[280/945]	[L1: 0.0282]	1.3+0.1s
[320/945]	[L1: 0.0281]	1.3+0.1s
[360/945]	[L1: 0.0281]	1.3+0.1s
[400/945]	[L1: 0.0283]	1.3+0.1s
[440/945]	[L1: 0.0280]	1.3+0.1s
[480/945]	[L1: 0.0281]	1.3+0.1s
[520/945]	[L1: 0.0283]	1.3+0.1s
[560/945]	[L1: 0.0283]	1.3+0.1s
[600/945]	[L1: 0.0283]	1.3+0.1s
[640/945]	[L1: 0.0285]	1.3+0.1s
[680/945]	[L1: 0.0284]	1.4+0.1s
[720/945]	[L1: 0.0284]	1.3+0.1s
[760/945]	[L1: 0.0286]	1.3+0.1s
[800/945]	[L1: 0.0285]	1.3+0.1s
[840/945]	[L1: 0.0284]	1.3+0.1s
[880/945]	[L1: 0.0283]	1.3+0.1s
[920/945]	[L1: 0.0283]	1.3+0.1s

Evaluation:
[UCMerced x4]	psnr: 28.063 (Best: 28.082 @epoch 232)
Total time: 1.79s

[Epoch 237]	Learning rate: 1.00e-4
[40/945]	[L1: 0.0289]	1.3+0.1s
[80/945]	[L1: 0.0277]	1.3+0.1s
[120/945]	[L1: 0.0279]	1.4+0.1s
[160/945]	[L1: 0.0286]	1.3+0.1s
[200/945]	[L1: 0.0283]	1.4+0.1s
[240/945]	[L1: 0.0282]	1.3+0.1s
[280/945]	[L1: 0.0282]	1.3+0.1s
[320/945]	[L1: 0.0283]	1.3+0.1s
[360/945]	[L1: 0.0279]	1.3+0.1s
[400/945]	[L1: 0.0280]	1.3+0.1s
[440/945]	[L1: 0.0281]	1.3+0.1s
[480/945]	[L1: 0.0282]	1.4+0.0s
[520/945]	[L1: 0.0283]	1.3+0.1s
[560/945]	[L1: 0.0284]	1.3+0.1s
[600/945]	[L1: 0.0283]	1.3+0.1s
[640/945]	[L1: 0.0283]	1.3+0.1s
[680/945]	[L1: 0.0281]	1.3+0.1s
[720/945]	[L1: 0.0282]	1.4+0.1s
[760/945]	[L1: 0.0282]	1.4+0.1s
[800/945]	[L1: 0.0282]	1.3+0.1s
[840/945]	[L1: 0.0282]	1.3+0.1s
[880/945]	[L1: 0.0283]	1.3+0.1s
[920/945]	[L1: 0.0283]	1.3+0.1s

Evaluation:
[UCMerced x4]	psnr: 28.045 (Best: 28.082 @epoch 232)
Total time: 1.79s

[Epoch 238]	Learning rate: 1.00e-4
[40/945]	[L1: 0.0293]	1.3+0.1s
[80/945]	[L1: 0.0305]	1.3+0.1s
[120/945]	[L1: 0.0295]	1.3+0.1s
[160/945]	[L1: 0.0289]	1.3+0.1s
[200/945]	[L1: 0.0286]	1.3+0.1s
[240/945]	[L1: 0.0286]	1.3+0.1s
[280/945]	[L1: 0.0283]	1.4+0.1s
[320/945]	[L1: 0.0284]	1.3+0.1s
[360/945]	[L1: 0.0281]	1.3+0.1s
[400/945]	[L1: 0.0280]	1.3+0.1s
[440/945]	[L1: 0.0282]	1.3+0.1s
[480/945]	[L1: 0.0283]	1.3+0.1s
[520/945]	[L1: 0.0284]	1.3+0.1s
[560/945]	[L1: 0.0282]	1.3+0.1s
[600/945]	[L1: 0.0284]	1.3+0.1s
[640/945]	[L1: 0.0285]	1.3+0.1s
[680/945]	[L1: 0.0284]	1.3+0.1s
[720/945]	[L1: 0.0283]	1.3+0.1s
[760/945]	[L1: 0.0283]	1.3+0.1s
[800/945]	[L1: 0.0284]	1.3+0.1s
[840/945]	[L1: 0.0284]	1.4+0.1s
[880/945]	[L1: 0.0284]	1.3+0.1s
[920/945]	[L1: 0.0283]	1.3+0.1s

Evaluation:
[UCMerced x4]	psnr: 28.051 (Best: 28.082 @epoch 232)
Total time: 1.78s

[Epoch 239]	Learning rate: 1.00e-4
[40/945]	[L1: 0.0274]	1.3+0.1s
[80/945]	[L1: 0.0270]	1.3+0.1s
[120/945]	[L1: 0.0279]	1.3+0.1s
[160/945]	[L1: 0.0274]	1.3+0.1s
[200/945]	[L1: 0.0277]	1.3+0.1s
[240/945]	[L1: 0.0274]	1.3+0.1s
[280/945]	[L1: 0.0273]	1.3+0.1s
[320/945]	[L1: 0.0277]	1.3+0.1s
[360/945]	[L1: 0.0279]	1.4+0.1s
[400/945]	[L1: 0.0280]	1.3+0.1s
[440/945]	[L1: 0.0279]	1.3+0.1s
[480/945]	[L1: 0.0279]	1.3+0.1s
[520/945]	[L1: 0.0281]	1.3+0.1s
[560/945]	[L1: 0.0282]	1.3+0.1s
[600/945]	[L1: 0.0281]	1.3+0.1s
[640/945]	[L1: 0.0282]	1.3+0.1s
[680/945]	[L1: 0.0282]	1.3+0.1s
[720/945]	[L1: 0.0281]	1.3+0.1s
[760/945]	[L1: 0.0281]	1.3+0.1s
[800/945]	[L1: 0.0282]	1.3+0.1s
[840/945]	[L1: 0.0282]	1.3+0.1s
[880/945]	[L1: 0.0282]	1.3+0.1s
[920/945]	[L1: 0.0282]	1.4+0.1s

Evaluation:
[UCMerced x4]	psnr: 28.053 (Best: 28.082 @epoch 232)
Total time: 1.80s

[Epoch 240]	Learning rate: 1.00e-4
[40/945]	[L1: 0.0289]	1.3+0.1s
[80/945]	[L1: 0.0272]	1.3+0.1s
[120/945]	[L1: 0.0275]	1.3+0.1s
[160/945]	[L1: 0.0272]	1.3+0.1s
[200/945]	[L1: 0.0275]	1.3+0.1s
[240/945]	[L1: 0.0276]	1.3+0.1s
[280/945]	[L1: 0.0280]	1.3+0.1s
[320/945]	[L1: 0.0279]	1.3+0.1s
[360/945]	[L1: 0.0280]	1.3+0.1s
[400/945]	[L1: 0.0283]	1.4+0.1s
[440/945]	[L1: 0.0282]	1.3+0.1s
[480/945]	[L1: 0.0282]	1.3+0.1s
[520/945]	[L1: 0.0285]	1.3+0.1s
[560/945]	[L1: 0.0284]	1.3+0.1s
[600/945]	[L1: 0.0285]	1.3+0.1s
[640/945]	[L1: 0.0286]	1.4+0.1s
[680/945]	[L1: 0.0286]	1.3+0.1s
[720/945]	[L1: 0.0284]	1.3+0.1s
[760/945]	[L1: 0.0285]	1.3+0.1s
[800/945]	[L1: 0.0284]	1.4+0.1s
[840/945]	[L1: 0.0283]	1.3+0.1s
[880/945]	[L1: 0.0283]	1.3+0.1s
[920/945]	[L1: 0.0283]	1.3+0.1s

Evaluation:
[UCMerced x4]	psnr: 28.076 (Best: 28.082 @epoch 232)
Total time: 1.77s

[Epoch 241]	Learning rate: 1.00e-4
[40/945]	[L1: 0.0291]	1.3+0.1s
[80/945]	[L1: 0.0299]	1.3+0.1s
[120/945]	[L1: 0.0297]	1.3+0.1s
[160/945]	[L1: 0.0291]	1.3+0.1s
[200/945]	[L1: 0.0291]	1.3+0.1s
[240/945]	[L1: 0.0284]	1.3+0.1s
[280/945]	[L1: 0.0280]	1.3+0.1s
[320/945]	[L1: 0.0283]	1.3+0.1s
[360/945]	[L1: 0.0281]	1.3+0.1s
[400/945]	[L1: 0.0283]	1.3+0.1s
[440/945]	[L1: 0.0284]	1.3+0.1s
[480/945]	[L1: 0.0285]	1.4+0.0s
[520/945]	[L1: 0.0285]	1.3+0.1s
[560/945]	[L1: 0.0284]	1.3+0.1s
[600/945]	[L1: 0.0283]	1.3+0.1s
[640/945]	[L1: 0.0283]	1.3+0.1s
[680/945]	[L1: 0.0283]	1.3+0.1s
[720/945]	[L1: 0.0283]	1.3+0.1s
[760/945]	[L1: 0.0283]	1.3+0.1s
[800/945]	[L1: 0.0282]	1.3+0.1s
[840/945]	[L1: 0.0282]	1.3+0.1s
[880/945]	[L1: 0.0281]	1.3+0.1s
[920/945]	[L1: 0.0281]	1.3+0.1s

Evaluation:
[UCMerced x4]	psnr: 28.000 (Best: 28.082 @epoch 232)
Total time: 1.81s

[Epoch 242]	Learning rate: 1.00e-4
[40/945]	[L1: 0.0280]	1.4+0.1s
[80/945]	[L1: 0.0281]	1.3+0.1s
[120/945]	[L1: 0.0276]	1.3+0.1s
[160/945]	[L1: 0.0276]	1.3+0.1s
[200/945]	[L1: 0.0281]	1.3+0.1s
[240/945]	[L1: 0.0282]	1.3+0.1s
[280/945]	[L1: 0.0280]	1.3+0.1s
[320/945]	[L1: 0.0280]	1.3+0.1s
[360/945]	[L1: 0.0281]	1.3+0.1s
[400/945]	[L1: 0.0281]	1.3+0.1s
[440/945]	[L1: 0.0282]	1.3+0.1s
[480/945]	[L1: 0.0280]	1.3+0.1s
[520/945]	[L1: 0.0279]	1.3+0.1s
[560/945]	[L1: 0.0278]	1.3+0.1s
[600/945]	[L1: 0.0278]	1.4+0.1s
[640/945]	[L1: 0.0277]	1.3+0.1s
[680/945]	[L1: 0.0279]	1.3+0.1s
[720/945]	[L1: 0.0280]	1.3+0.1s
[760/945]	[L1: 0.0281]	1.3+0.1s
[800/945]	[L1: 0.0282]	1.3+0.1s
[840/945]	[L1: 0.0282]	1.3+0.1s
[880/945]	[L1: 0.0282]	1.3+0.1s
[920/945]	[L1: 0.0282]	1.3+0.1s

Evaluation:
[UCMerced x4]	psnr: 28.048 (Best: 28.082 @epoch 232)
Total time: 1.77s

[Epoch 243]	Learning rate: 1.00e-4
[40/945]	[L1: 0.0243]	1.3+0.1s
[80/945]	[L1: 0.0253]	1.4+0.1s
[120/945]	[L1: 0.0264]	1.3+0.1s
[160/945]	[L1: 0.0262]	1.3+0.1s
[200/945]	[L1: 0.0267]	1.3+0.1s
[240/945]	[L1: 0.0269]	1.3+0.1s
[280/945]	[L1: 0.0268]	1.3+0.1s
[320/945]	[L1: 0.0270]	1.3+0.1s
[360/945]	[L1: 0.0268]	1.3+0.1s
[400/945]	[L1: 0.0270]	1.3+0.1s
[440/945]	[L1: 0.0271]	1.3+0.1s
[480/945]	[L1: 0.0273]	1.3+0.1s
[520/945]	[L1: 0.0276]	1.3+0.1s
[560/945]	[L1: 0.0278]	1.3+0.1s
[600/945]	[L1: 0.0276]	1.3+0.1s
[640/945]	[L1: 0.0279]	1.3+0.1s
[680/945]	[L1: 0.0278]	1.4+0.1s
[720/945]	[L1: 0.0278]	1.3+0.1s
[760/945]	[L1: 0.0280]	1.3+0.1s
[800/945]	[L1: 0.0281]	1.3+0.1s
[840/945]	[L1: 0.0283]	1.3+0.1s
[880/945]	[L1: 0.0281]	1.3+0.1s
[920/945]	[L1: 0.0282]	1.3+0.1s

Evaluation:
[UCMerced x4]	psnr: 28.081 (Best: 28.082 @epoch 232)
Total time: 1.80s

[Epoch 244]	Learning rate: 1.00e-4
[40/945]	[L1: 0.0279]	1.3+0.1s
[80/945]	[L1: 0.0294]	1.3+0.1s
[120/945]	[L1: 0.0294]	1.3+0.1s
[160/945]	[L1: 0.0289]	1.3+0.1s
[200/945]	[L1: 0.0286]	1.5+0.1s
[240/945]	[L1: 0.0287]	1.3+0.1s
[280/945]	[L1: 0.0288]	1.3+0.1s
[320/945]	[L1: 0.0288]	1.3+0.1s
[360/945]	[L1: 0.0287]	1.3+0.1s
[400/945]	[L1: 0.0286]	1.3+0.1s
[440/945]	[L1: 0.0285]	1.3+0.1s
[480/945]	[L1: 0.0286]	1.3+0.1s
[520/945]	[L1: 0.0285]	1.3+0.1s
[560/945]	[L1: 0.0286]	1.3+0.1s
[600/945]	[L1: 0.0286]	1.3+0.1s
[640/945]	[L1: 0.0287]	1.3+0.1s
[680/945]	[L1: 0.0284]	1.3+0.1s
[720/945]	[L1: 0.0284]	1.3+0.1s
[760/945]	[L1: 0.0284]	1.4+0.1s
[800/945]	[L1: 0.0283]	1.3+0.1s
[840/945]	[L1: 0.0282]	1.3+0.1s
[880/945]	[L1: 0.0281]	1.3+0.1s
[920/945]	[L1: 0.0282]	1.3+0.1s

Evaluation:
[UCMerced x4]	psnr: 28.042 (Best: 28.082 @epoch 232)
Total time: 1.79s

[Epoch 245]	Learning rate: 1.00e-4
[40/945]	[L1: 0.0284]	1.4+0.1s
[80/945]	[L1: 0.0280]	1.3+0.1s
[120/945]	[L1: 0.0272]	1.3+0.1s
[160/945]	[L1: 0.0276]	1.3+0.1s
[200/945]	[L1: 0.0277]	1.3+0.1s
[240/945]	[L1: 0.0277]	1.3+0.1s
[280/945]	[L1: 0.0277]	1.4+0.1s
[320/945]	[L1: 0.0281]	1.3+0.1s
[360/945]	[L1: 0.0283]	1.3+0.1s
[400/945]	[L1: 0.0283]	1.3+0.1s
[440/945]	[L1: 0.0284]	1.3+0.1s
[480/945]	[L1: 0.0285]	1.4+0.1s
[520/945]	[L1: 0.0284]	1.3+0.1s
[560/945]	[L1: 0.0286]	1.3+0.1s
[600/945]	[L1: 0.0286]	1.4+0.0s
[640/945]	[L1: 0.0288]	1.3+0.1s
[680/945]	[L1: 0.0288]	1.3+0.1s
[720/945]	[L1: 0.0288]	1.3+0.1s
[760/945]	[L1: 0.0287]	1.3+0.1s
[800/945]	[L1: 0.0285]	1.3+0.1s
[840/945]	[L1: 0.0284]	1.4+0.1s
[880/945]	[L1: 0.0283]	1.3+0.1s
[920/945]	[L1: 0.0283]	1.3+0.1s

Evaluation:
[UCMerced x4]	psnr: 28.043 (Best: 28.082 @epoch 232)
Total time: 1.77s

[Epoch 246]	Learning rate: 1.00e-4
[40/945]	[L1: 0.0292]	1.3+0.1s
[80/945]	[L1: 0.0272]	1.3+0.1s
[120/945]	[L1: 0.0274]	1.3+0.1s
[160/945]	[L1: 0.0277]	1.3+0.1s
[200/945]	[L1: 0.0274]	1.3+0.1s
[240/945]	[L1: 0.0273]	1.3+0.1s
[280/945]	[L1: 0.0272]	1.3+0.1s
[320/945]	[L1: 0.0275]	1.3+0.1s
[360/945]	[L1: 0.0271]	1.5+0.1s
[400/945]	[L1: 0.0273]	1.3+0.1s
[440/945]	[L1: 0.0273]	1.3+0.1s
[480/945]	[L1: 0.0275]	1.3+0.1s
[520/945]	[L1: 0.0276]	1.3+0.1s
[560/945]	[L1: 0.0276]	1.3+0.1s
[600/945]	[L1: 0.0277]	1.3+0.1s
[640/945]	[L1: 0.0278]	1.3+0.1s
[680/945]	[L1: 0.0279]	1.3+0.1s
[720/945]	[L1: 0.0280]	1.3+0.1s
[760/945]	[L1: 0.0281]	1.3+0.1s
[800/945]	[L1: 0.0283]	1.3+0.1s
[840/945]	[L1: 0.0282]	1.3+0.1s
[880/945]	[L1: 0.0283]	1.3+0.1s
[920/945]	[L1: 0.0283]	1.4+0.1s

Evaluation:
[UCMerced x4]	psnr: 28.043 (Best: 28.082 @epoch 232)
Total time: 1.79s

[Epoch 247]	Learning rate: 1.00e-4
[40/945]	[L1: 0.0281]	1.3+0.1s
[80/945]	[L1: 0.0280]	1.3+0.1s
[120/945]	[L1: 0.0290]	1.3+0.1s
[160/945]	[L1: 0.0289]	1.3+0.1s
[200/945]	[L1: 0.0293]	1.3+0.1s
[240/945]	[L1: 0.0288]	1.3+0.1s
[280/945]	[L1: 0.0286]	1.3+0.1s
[320/945]	[L1: 0.0283]	1.3+0.1s
[360/945]	[L1: 0.0281]	1.3+0.1s
[400/945]	[L1: 0.0284]	1.4+0.1s
[440/945]	[L1: 0.0286]	1.3+0.1s
[480/945]	[L1: 0.0285]	1.3+0.1s
[520/945]	[L1: 0.0285]	1.3+0.1s
[560/945]	[L1: 0.0284]	1.3+0.1s
[600/945]	[L1: 0.0282]	1.3+0.1s
[640/945]	[L1: 0.0284]	1.3+0.1s
[680/945]	[L1: 0.0283]	1.3+0.1s
[720/945]	[L1: 0.0284]	1.3+0.1s
[760/945]	[L1: 0.0285]	1.3+0.1s
[800/945]	[L1: 0.0283]	1.3+0.1s
[840/945]	[L1: 0.0282]	1.3+0.1s
[880/945]	[L1: 0.0282]	1.3+0.1s
[920/945]	[L1: 0.0282]	1.3+0.1s

Evaluation:
[UCMerced x4]	psnr: 28.078 (Best: 28.082 @epoch 232)
Total time: 1.79s

[Epoch 248]	Learning rate: 1.00e-4
[40/945]	[L1: 0.0285]	1.3+0.1s
[80/945]	[L1: 0.0275]	1.3+0.1s
[120/945]	[L1: 0.0277]	1.3+0.1s
[160/945]	[L1: 0.0278]	1.3+0.1s
[200/945]	[L1: 0.0279]	1.3+0.1s
[240/945]	[L1: 0.0278]	1.3+0.1s
[280/945]	[L1: 0.0273]	1.3+0.1s
[320/945]	[L1: 0.0277]	1.3+0.1s
[360/945]	[L1: 0.0280]	1.3+0.1s
[400/945]	[L1: 0.0280]	1.3+0.1s
[440/945]	[L1: 0.0281]	1.3+0.1s
[480/945]	[L1: 0.0282]	1.4+0.1s
[520/945]	[L1: 0.0282]	1.3+0.1s
[560/945]	[L1: 0.0279]	1.4+0.1s
[600/945]	[L1: 0.0280]	1.3+0.1s
[640/945]	[L1: 0.0280]	1.3+0.1s
[680/945]	[L1: 0.0282]	1.3+0.1s
[720/945]	[L1: 0.0281]	1.3+0.1s
[760/945]	[L1: 0.0282]	1.3+0.1s
[800/945]	[L1: 0.0282]	1.3+0.1s
[840/945]	[L1: 0.0282]	1.3+0.1s
[880/945]	[L1: 0.0282]	1.3+0.1s
[920/945]	[L1: 0.0282]	1.3+0.1s

Evaluation:
[UCMerced x4]	psnr: 28.075 (Best: 28.082 @epoch 232)
Total time: 1.79s

[Epoch 249]	Learning rate: 1.00e-4
[40/945]	[L1: 0.0313]	1.5+0.1s
[80/945]	[L1: 0.0313]	1.3+0.1s
[120/945]	[L1: 0.0306]	1.3+0.1s
[160/945]	[L1: 0.0301]	1.3+0.1s
[200/945]	[L1: 0.0295]	1.3+0.1s
[240/945]	[L1: 0.0296]	1.3+0.1s
[280/945]	[L1: 0.0295]	1.3+0.1s
[320/945]	[L1: 0.0296]	1.3+0.1s
[360/945]	[L1: 0.0292]	1.3+0.1s
[400/945]	[L1: 0.0288]	1.3+0.1s
[440/945]	[L1: 0.0287]	1.4+0.1s
[480/945]	[L1: 0.0287]	1.3+0.1s
[520/945]	[L1: 0.0285]	1.3+0.1s
[560/945]	[L1: 0.0285]	1.3+0.1s
[600/945]	[L1: 0.0284]	1.4+0.1s
[640/945]	[L1: 0.0284]	1.3+0.1s
[680/945]	[L1: 0.0284]	1.3+0.1s
[720/945]	[L1: 0.0283]	1.3+0.1s
[760/945]	[L1: 0.0282]	1.3+0.1s
[800/945]	[L1: 0.0283]	1.3+0.1s
[840/945]	[L1: 0.0281]	1.3+0.1s
[880/945]	[L1: 0.0281]	1.3+0.1s
[920/945]	[L1: 0.0281]	1.3+0.1s

Evaluation:
[UCMerced x4]	psnr: 28.057 (Best: 28.082 @epoch 232)
Total time: 1.79s

[Epoch 250]	Learning rate: 1.00e-4
[40/945]	[L1: 0.0281]	1.3+0.1s
[80/945]	[L1: 0.0287]	1.4+0.1s
[120/945]	[L1: 0.0284]	1.3+0.1s
[160/945]	[L1: 0.0280]	1.3+0.1s
[200/945]	[L1: 0.0285]	1.3+0.1s
[240/945]	[L1: 0.0283]	1.3+0.1s
[280/945]	[L1: 0.0282]	1.3+0.1s
[320/945]	[L1: 0.0283]	1.3+0.1s
[360/945]	[L1: 0.0281]	1.3+0.1s
[400/945]	[L1: 0.0281]	1.3+0.1s
[440/945]	[L1: 0.0279]	1.3+0.1s
[480/945]	[L1: 0.0276]	1.3+0.1s
[520/945]	[L1: 0.0278]	1.3+0.1s
[560/945]	[L1: 0.0280]	1.3+0.1s
[600/945]	[L1: 0.0281]	1.3+0.1s
[640/945]	[L1: 0.0282]	1.3+0.1s
[680/945]	[L1: 0.0280]	1.4+0.1s
[720/945]	[L1: 0.0279]	1.3+0.1s
[760/945]	[L1: 0.0278]	1.3+0.1s
[800/945]	[L1: 0.0277]	1.3+0.1s
[840/945]	[L1: 0.0279]	1.3+0.1s
[880/945]	[L1: 0.0280]	1.3+0.1s
[920/945]	[L1: 0.0281]	1.3+0.1s
Saved epoch checkpoint at epoch 250

Evaluation:
[UCMerced x4]	psnr: 28.032 (Best: 28.082 @epoch 232)
Total time: 1.78s

[Epoch 251]	Learning rate: 1.00e-4
[40/945]	[L1: 0.0281]	1.3+0.1s
[80/945]	[L1: 0.0291]	1.3+0.1s
[120/945]	[L1: 0.0289]	1.4+0.1s
[160/945]	[L1: 0.0286]	1.3+0.1s
[200/945]	[L1: 0.0286]	1.3+0.1s
[240/945]	[L1: 0.0281]	1.3+0.1s
[280/945]	[L1: 0.0284]	1.3+0.1s
[320/945]	[L1: 0.0285]	1.3+0.1s
[360/945]	[L1: 0.0285]	1.3+0.1s
[400/945]	[L1: 0.0284]	1.3+0.1s
[440/945]	[L1: 0.0285]	1.3+0.1s
[480/945]	[L1: 0.0284]	1.3+0.1s
[520/945]	[L1: 0.0284]	1.3+0.1s
[560/945]	[L1: 0.0284]	1.3+0.1s
[600/945]	[L1: 0.0284]	1.3+0.1s
[640/945]	[L1: 0.0285]	1.3+0.1s
[680/945]	[L1: 0.0284]	1.4+0.1s
[720/945]	[L1: 0.0283]	1.3+0.1s
[760/945]	[L1: 0.0283]	1.3+0.1s
[800/945]	[L1: 0.0283]	1.3+0.1s
[840/945]	[L1: 0.0284]	1.3+0.1s
[880/945]	[L1: 0.0283]	1.3+0.1s
[920/945]	[L1: 0.0282]	1.3+0.1s

Evaluation:
[UCMerced x4]	psnr: 28.092 (Best: 28.092 @epoch 251)
Total time: 1.77s

[Epoch 252]	Learning rate: 1.00e-4
[40/945]	[L1: 0.0305]	1.4+0.1s
[80/945]	[L1: 0.0291]	1.3+0.1s
[120/945]	[L1: 0.0285]	1.3+0.1s
[160/945]	[L1: 0.0278]	1.4+0.1s
[200/945]	[L1: 0.0284]	1.3+0.1s
[240/945]	[L1: 0.0287]	1.3+0.1s
[280/945]	[L1: 0.0286]	1.3+0.1s
[320/945]	[L1: 0.0281]	1.3+0.1s
[360/945]	[L1: 0.0285]	1.3+0.1s
[400/945]	[L1: 0.0285]	1.3+0.1s
[440/945]	[L1: 0.0285]	1.3+0.1s
[480/945]	[L1: 0.0287]	1.3+0.1s
[520/945]	[L1: 0.0286]	1.3+0.1s
[560/945]	[L1: 0.0289]	1.3+0.1s
[600/945]	[L1: 0.0288]	1.3+0.1s
[640/945]	[L1: 0.0288]	1.3+0.1s
[680/945]	[L1: 0.0287]	1.3+0.1s
[720/945]	[L1: 0.0286]	1.3+0.1s
[760/945]	[L1: 0.0285]	1.4+0.1s
[800/945]	[L1: 0.0285]	1.3+0.1s
[840/945]	[L1: 0.0283]	1.3+0.1s
[880/945]	[L1: 0.0283]	1.3+0.1s
[920/945]	[L1: 0.0282]	1.3+0.1s

Evaluation:
[UCMerced x4]	psnr: 28.068 (Best: 28.092 @epoch 251)
Total time: 1.77s

[Epoch 253]	Learning rate: 1.00e-4
[40/945]	[L1: 0.0284]	1.3+0.1s
[80/945]	[L1: 0.0269]	1.3+0.1s
[120/945]	[L1: 0.0265]	1.3+0.1s
[160/945]	[L1: 0.0277]	1.3+0.1s
[200/945]	[L1: 0.0280]	1.3+0.1s
[240/945]	[L1: 0.0281]	1.4+0.1s
[280/945]	[L1: 0.0279]	1.3+0.1s
[320/945]	[L1: 0.0272]	1.3+0.1s
[360/945]	[L1: 0.0274]	1.3+0.1s
[400/945]	[L1: 0.0275]	1.4+0.1s
[440/945]	[L1: 0.0279]	1.3+0.1s
[480/945]	[L1: 0.0278]	1.3+0.1s
[520/945]	[L1: 0.0276]	1.3+0.1s
[560/945]	[L1: 0.0277]	1.3+0.1s
[600/945]	[L1: 0.0279]	1.3+0.1s
[640/945]	[L1: 0.0280]	1.3+0.1s
[680/945]	[L1: 0.0280]	1.3+0.1s
[720/945]	[L1: 0.0281]	1.3+0.1s
[760/945]	[L1: 0.0280]	1.3+0.1s
[800/945]	[L1: 0.0281]	1.4+0.1s
[840/945]	[L1: 0.0281]	1.3+0.1s
[880/945]	[L1: 0.0282]	1.3+0.1s
[920/945]	[L1: 0.0281]	1.3+0.1s

Evaluation:
[UCMerced x4]	psnr: 28.079 (Best: 28.092 @epoch 251)
Total time: 1.77s

[Epoch 254]	Learning rate: 1.00e-4
[40/945]	[L1: 0.0287]	1.3+0.1s
[80/945]	[L1: 0.0285]	1.3+0.1s
[120/945]	[L1: 0.0295]	1.3+0.1s
[160/945]	[L1: 0.0298]	1.3+0.1s
[200/945]	[L1: 0.0293]	1.3+0.1s
[240/945]	[L1: 0.0292]	1.3+0.1s
[280/945]	[L1: 0.0291]	1.3+0.1s
[320/945]	[L1: 0.0293]	1.5+0.1s
[360/945]	[L1: 0.0291]	1.3+0.1s
[400/945]	[L1: 0.0288]	1.3+0.1s
[440/945]	[L1: 0.0288]	1.3+0.1s
[480/945]	[L1: 0.0287]	1.3+0.1s
[520/945]	[L1: 0.0286]	1.3+0.1s
[560/945]	[L1: 0.0285]	1.3+0.1s
[600/945]	[L1: 0.0282]	1.3+0.1s
[640/945]	[L1: 0.0284]	1.3+0.1s
[680/945]	[L1: 0.0284]	1.3+0.1s
[720/945]	[L1: 0.0283]	1.3+0.1s
[760/945]	[L1: 0.0281]	1.3+0.1s
[800/945]	[L1: 0.0281]	1.3+0.1s
[840/945]	[L1: 0.0281]	1.3+0.1s
[880/945]	[L1: 0.0281]	1.4+0.1s
[920/945]	[L1: 0.0282]	1.3+0.1s

Evaluation:
[UCMerced x4]	psnr: 28.057 (Best: 28.092 @epoch 251)
Total time: 1.80s

[Epoch 255]	Learning rate: 1.00e-4
[40/945]	[L1: 0.0295]	1.3+0.1s
[80/945]	[L1: 0.0279]	1.3+0.1s
[120/945]	[L1: 0.0285]	1.3+0.1s
[160/945]	[L1: 0.0286]	1.3+0.1s
[200/945]	[L1: 0.0284]	1.3+0.1s
[240/945]	[L1: 0.0282]	1.3+0.1s
[280/945]	[L1: 0.0282]	1.3+0.1s
[320/945]	[L1: 0.0277]	1.3+0.1s
[360/945]	[L1: 0.0279]	1.4+0.1s
[400/945]	[L1: 0.0282]	1.3+0.1s
[440/945]	[L1: 0.0282]	1.3+0.1s
[480/945]	[L1: 0.0281]	1.3+0.1s
[520/945]	[L1: 0.0281]	1.3+0.1s
[560/945]	[L1: 0.0283]	1.3+0.1s
[600/945]	[L1: 0.0283]	1.3+0.1s
[640/945]	[L1: 0.0282]	1.3+0.1s
[680/945]	[L1: 0.0283]	1.3+0.1s
[720/945]	[L1: 0.0282]	1.3+0.1s
[760/945]	[L1: 0.0282]	1.3+0.1s
[800/945]	[L1: 0.0282]	1.3+0.1s
[840/945]	[L1: 0.0283]	1.3+0.1s
[880/945]	[L1: 0.0282]	1.3+0.1s
[920/945]	[L1: 0.0282]	1.3+0.1s

Evaluation:
[UCMerced x4]	psnr: 28.053 (Best: 28.092 @epoch 251)
Total time: 1.79s

[Epoch 256]	Learning rate: 1.00e-4
[40/945]	[L1: 0.0272]	1.4+0.1s
[80/945]	[L1: 0.0281]	1.3+0.1s
[120/945]	[L1: 0.0278]	1.3+0.1s
[160/945]	[L1: 0.0289]	1.3+0.1s
[200/945]	[L1: 0.0284]	1.3+0.1s
[240/945]	[L1: 0.0283]	1.3+0.1s
[280/945]	[L1: 0.0284]	1.3+0.1s
[320/945]	[L1: 0.0285]	1.3+0.1s
[360/945]	[L1: 0.0287]	1.3+0.1s
[400/945]	[L1: 0.0288]	1.3+0.1s
[440/945]	[L1: 0.0287]	1.3+0.1s
[480/945]	[L1: 0.0286]	1.4+0.1s
[520/945]	[L1: 0.0285]	1.3+0.1s
[560/945]	[L1: 0.0282]	1.3+0.1s
[600/945]	[L1: 0.0285]	1.3+0.1s
[640/945]	[L1: 0.0284]	1.3+0.1s
[680/945]	[L1: 0.0284]	1.3+0.1s
[720/945]	[L1: 0.0284]	1.3+0.1s
[760/945]	[L1: 0.0285]	1.3+0.1s
[800/945]	[L1: 0.0283]	1.3+0.1s
[840/945]	[L1: 0.0283]	1.3+0.1s
[880/945]	[L1: 0.0284]	1.3+0.1s
[920/945]	[L1: 0.0282]	1.3+0.1s

Evaluation:
[UCMerced x4]	psnr: 28.055 (Best: 28.092 @epoch 251)
Total time: 1.79s

[Epoch 257]	Learning rate: 1.00e-4
[40/945]	[L1: 0.0302]	1.3+0.1s
[80/945]	[L1: 0.0280]	1.3+0.1s
[120/945]	[L1: 0.0282]	1.3+0.1s
[160/945]	[L1: 0.0281]	1.3+0.1s
[200/945]	[L1: 0.0282]	1.3+0.1s
[240/945]	[L1: 0.0279]	1.3+0.1s
[280/945]	[L1: 0.0279]	1.3+0.1s
[320/945]	[L1: 0.0278]	1.3+0.1s
[360/945]	[L1: 0.0277]	1.3+0.1s
[400/945]	[L1: 0.0279]	1.3+0.1s
[440/945]	[L1: 0.0278]	1.3+0.1s
[480/945]	[L1: 0.0281]	1.3+0.1s
[520/945]	[L1: 0.0278]	1.3+0.1s
[560/945]	[L1: 0.0280]	1.5+0.1s
[600/945]	[L1: 0.0280]	1.3+0.1s
[640/945]	[L1: 0.0282]	1.3+0.1s
[680/945]	[L1: 0.0280]	1.3+0.1s
[720/945]	[L1: 0.0281]	1.3+0.1s
[760/945]	[L1: 0.0281]	1.3+0.1s
[800/945]	[L1: 0.0281]	1.3+0.1s
[840/945]	[L1: 0.0282]	1.3+0.1s
[880/945]	[L1: 0.0282]	1.3+0.1s
[920/945]	[L1: 0.0283]	1.3+0.1s

Evaluation:
[UCMerced x4]	psnr: 28.053 (Best: 28.092 @epoch 251)
Total time: 1.79s

[Epoch 258]	Learning rate: 1.00e-4
[40/945]	[L1: 0.0267]	1.3+0.1s
[80/945]	[L1: 0.0271]	1.4+0.1s
[120/945]	[L1: 0.0277]	1.3+0.1s
[160/945]	[L1: 0.0286]	1.3+0.1s
[200/945]	[L1: 0.0284]	1.3+0.1s
[240/945]	[L1: 0.0289]	1.3+0.1s
[280/945]	[L1: 0.0287]	1.3+0.1s
[320/945]	[L1: 0.0286]	1.3+0.1s
[360/945]	[L1: 0.0287]	1.3+0.1s
[400/945]	[L1: 0.0288]	1.3+0.1s
[440/945]	[L1: 0.0290]	1.3+0.1s
[480/945]	[L1: 0.0286]	1.3+0.1s
[520/945]	[L1: 0.0283]	1.3+0.1s
[560/945]	[L1: 0.0280]	1.3+0.1s
[600/945]	[L1: 0.0281]	1.3+0.1s
[640/945]	[L1: 0.0280]	1.4+0.1s
[680/945]	[L1: 0.0280]	1.3+0.1s
[720/945]	[L1: 0.0282]	1.3+0.1s
[760/945]	[L1: 0.0282]	1.3+0.1s
[800/945]	[L1: 0.0282]	1.3+0.1s
[840/945]	[L1: 0.0283]	1.3+0.1s
[880/945]	[L1: 0.0283]	1.3+0.1s
[920/945]	[L1: 0.0283]	1.3+0.1s

Evaluation:
[UCMerced x4]	psnr: 28.060 (Best: 28.092 @epoch 251)
Total time: 1.79s

[Epoch 259]	Learning rate: 1.00e-4
[40/945]	[L1: 0.0289]	1.3+0.1s
[80/945]	[L1: 0.0322]	1.3+0.1s
[120/945]	[L1: 0.0304]	1.4+0.1s
[160/945]	[L1: 0.0291]	1.3+0.1s
[200/945]	[L1: 0.0288]	1.3+0.1s
[240/945]	[L1: 0.0291]	1.3+0.1s
[280/945]	[L1: 0.0292]	1.3+0.1s
[320/945]	[L1: 0.0288]	1.3+0.1s
[360/945]	[L1: 0.0285]	1.3+0.1s
[400/945]	[L1: 0.0284]	1.3+0.1s
[440/945]	[L1: 0.0283]	1.3+0.1s
[480/945]	[L1: 0.0283]	1.3+0.1s
[520/945]	[L1: 0.0283]	1.3+0.1s
[560/945]	[L1: 0.0281]	1.3+0.1s
[600/945]	[L1: 0.0282]	1.3+0.1s
[640/945]	[L1: 0.0281]	1.3+0.1s
[680/945]	[L1: 0.0282]	1.4+0.1s
[720/945]	[L1: 0.0282]	1.3+0.1s
[760/945]	[L1: 0.0282]	1.3+0.1s
[800/945]	[L1: 0.0283]	1.3+0.1s
[840/945]	[L1: 0.0282]	1.3+0.1s
[880/945]	[L1: 0.0282]	1.3+0.1s
[920/945]	[L1: 0.0282]	1.3+0.1s

Evaluation:
[UCMerced x4]	psnr: 28.028 (Best: 28.092 @epoch 251)
Total time: 1.79s

[Epoch 260]	Learning rate: 1.00e-4
[40/945]	[L1: 0.0279]	1.3+0.1s
[80/945]	[L1: 0.0276]	1.3+0.1s
[120/945]	[L1: 0.0274]	1.3+0.1s
[160/945]	[L1: 0.0279]	1.3+0.1s
[200/945]	[L1: 0.0281]	1.4+0.0s
[240/945]	[L1: 0.0282]	1.3+0.1s
[280/945]	[L1: 0.0280]	1.3+0.1s
[320/945]	[L1: 0.0279]	1.3+0.1s
[360/945]	[L1: 0.0279]	1.3+0.1s
[400/945]	[L1: 0.0280]	1.3+0.1s
[440/945]	[L1: 0.0281]	1.3+0.1s
[480/945]	[L1: 0.0282]	1.3+0.1s
[520/945]	[L1: 0.0281]	1.3+0.1s
[560/945]	[L1: 0.0281]	1.3+0.1s
[600/945]	[L1: 0.0282]	1.3+0.1s
[640/945]	[L1: 0.0282]	1.3+0.1s
[680/945]	[L1: 0.0280]	1.3+0.1s
[720/945]	[L1: 0.0280]	1.3+0.1s
[760/945]	[L1: 0.0280]	1.4+0.1s
[800/945]	[L1: 0.0280]	1.3+0.1s
[840/945]	[L1: 0.0282]	1.3+0.1s
[880/945]	[L1: 0.0282]	1.3+0.1s
[920/945]	[L1: 0.0282]	1.3+0.1s

Evaluation:
[UCMerced x4]	psnr: 28.054 (Best: 28.092 @epoch 251)
Total time: 1.80s

[Epoch 261]	Learning rate: 1.00e-4
[40/945]	[L1: 0.0275]	1.3+0.1s
[80/945]	[L1: 0.0269]	1.3+0.1s
[120/945]	[L1: 0.0274]	1.3+0.1s
[160/945]	[L1: 0.0271]	1.3+0.1s
[200/945]	[L1: 0.0272]	1.3+0.1s
[240/945]	[L1: 0.0272]	1.3+0.1s
[280/945]	[L1: 0.0269]	1.4+0.1s
[320/945]	[L1: 0.0273]	1.3+0.1s
[360/945]	[L1: 0.0272]	1.3+0.1s
[400/945]	[L1: 0.0274]	1.3+0.1s
[440/945]	[L1: 0.0274]	1.3+0.1s
[480/945]	[L1: 0.0273]	1.3+0.1s
[520/945]	[L1: 0.0275]	1.3+0.1s
[560/945]	[L1: 0.0276]	1.3+0.1s
[600/945]	[L1: 0.0279]	1.3+0.1s
[640/945]	[L1: 0.0280]	1.3+0.1s
[680/945]	[L1: 0.0281]	1.3+0.1s
[720/945]	[L1: 0.0280]	1.3+0.1s
[760/945]	[L1: 0.0281]	1.3+0.1s
[800/945]	[L1: 0.0281]	1.3+0.1s
[840/945]	[L1: 0.0282]	1.4+0.1s
[880/945]	[L1: 0.0282]	1.3+0.1s
[920/945]	[L1: 0.0282]	1.3+0.1s

Evaluation:
[UCMerced x4]	psnr: 28.033 (Best: 28.092 @epoch 251)
Total time: 1.79s

[Epoch 262]	Learning rate: 1.00e-4
[40/945]	[L1: 0.0314]	1.3+0.1s
[80/945]	[L1: 0.0288]	1.3+0.1s
[120/945]	[L1: 0.0290]	1.3+0.1s
[160/945]	[L1: 0.0281]	1.3+0.1s
[200/945]	[L1: 0.0279]	1.3+0.1s
[240/945]	[L1: 0.0277]	1.3+0.1s
[280/945]	[L1: 0.0281]	1.3+0.1s
[320/945]	[L1: 0.0278]	1.4+0.1s
[360/945]	[L1: 0.0276]	1.3+0.1s
[400/945]	[L1: 0.0277]	1.3+0.1s
[440/945]	[L1: 0.0278]	1.3+0.1s
[480/945]	[L1: 0.0280]	1.3+0.1s
[520/945]	[L1: 0.0281]	1.3+0.1s
[560/945]	[L1: 0.0280]	1.3+0.1s
[600/945]	[L1: 0.0278]	1.3+0.1s
[640/945]	[L1: 0.0278]	1.3+0.1s
[680/945]	[L1: 0.0277]	1.3+0.1s
[720/945]	[L1: 0.0277]	1.3+0.1s
[760/945]	[L1: 0.0277]	1.3+0.1s
[800/945]	[L1: 0.0278]	1.3+0.1s
[840/945]	[L1: 0.0277]	1.3+0.1s
[880/945]	[L1: 0.0278]	1.3+0.1s
[920/945]	[L1: 0.0278]	1.4+0.1s

Evaluation:
[UCMerced x4]	psnr: 28.061 (Best: 28.092 @epoch 251)
Total time: 1.81s

[Epoch 263]	Learning rate: 1.00e-4
[40/945]	[L1: 0.0260]	1.3+0.1s
[80/945]	[L1: 0.0266]	1.3+0.1s
[120/945]	[L1: 0.0274]	1.3+0.1s
[160/945]	[L1: 0.0270]	1.3+0.1s
[200/945]	[L1: 0.0280]	1.3+0.1s
[240/945]	[L1: 0.0281]	1.3+0.1s
[280/945]	[L1: 0.0284]	1.3+0.1s
[320/945]	[L1: 0.0287]	1.3+0.1s
[360/945]	[L1: 0.0281]	1.3+0.1s
[400/945]	[L1: 0.0281]	1.3+0.1s
[440/945]	[L1: 0.0279]	1.4+0.1s
[480/945]	[L1: 0.0280]	1.3+0.1s
[520/945]	[L1: 0.0279]	1.3+0.1s
[560/945]	[L1: 0.0279]	1.3+0.1s
[600/945]	[L1: 0.0281]	1.3+0.1s
[640/945]	[L1: 0.0282]	1.3+0.1s
[680/945]	[L1: 0.0282]	1.3+0.1s
[720/945]	[L1: 0.0281]	1.3+0.1s
[760/945]	[L1: 0.0281]	1.3+0.1s
[800/945]	[L1: 0.0283]	1.3+0.1s
[840/945]	[L1: 0.0283]	1.3+0.1s
[880/945]	[L1: 0.0282]	1.3+0.1s
[920/945]	[L1: 0.0281]	1.3+0.1s

Evaluation:
[UCMerced x4]	psnr: 28.076 (Best: 28.092 @epoch 251)
Total time: 1.79s

[Epoch 264]	Learning rate: 1.00e-4
[40/945]	[L1: 0.0275]	1.3+0.1s
[80/945]	[L1: 0.0288]	1.3+0.1s
[120/945]	[L1: 0.0288]	1.3+0.1s
[160/945]	[L1: 0.0289]	1.3+0.1s
[200/945]	[L1: 0.0288]	1.3+0.1s
[240/945]	[L1: 0.0289]	1.3+0.1s
[280/945]	[L1: 0.0291]	1.3+0.1s
[320/945]	[L1: 0.0289]	1.3+0.1s
[360/945]	[L1: 0.0287]	1.3+0.1s
[400/945]	[L1: 0.0286]	1.3+0.1s
[440/945]	[L1: 0.0287]	1.3+0.1s
[480/945]	[L1: 0.0284]	1.3+0.1s
[520/945]	[L1: 0.0284]	1.4+0.1s
[560/945]	[L1: 0.0284]	1.3+0.1s
[600/945]	[L1: 0.0284]	1.3+0.1s
[640/945]	[L1: 0.0282]	1.3+0.1s
[680/945]	[L1: 0.0282]	1.3+0.1s
[720/945]	[L1: 0.0282]	1.3+0.1s
[760/945]	[L1: 0.0281]	1.3+0.1s
[800/945]	[L1: 0.0281]	1.3+0.1s
[840/945]	[L1: 0.0281]	1.3+0.1s
[880/945]	[L1: 0.0280]	1.3+0.1s
[920/945]	[L1: 0.0282]	1.3+0.1s

Evaluation:
[UCMerced x4]	psnr: 28.046 (Best: 28.092 @epoch 251)
Total time: 1.81s

[Epoch 265]	Learning rate: 1.00e-4
[40/945]	[L1: 0.0280]	1.4+0.1s
[80/945]	[L1: 0.0277]	1.3+0.1s
[120/945]	[L1: 0.0266]	1.3+0.1s
[160/945]	[L1: 0.0276]	1.3+0.1s
[200/945]	[L1: 0.0277]	1.3+0.1s
[240/945]	[L1: 0.0279]	1.3+0.1s
[280/945]	[L1: 0.0283]	1.3+0.1s
[320/945]	[L1: 0.0281]	1.3+0.1s
[360/945]	[L1: 0.0282]	1.3+0.1s
[400/945]	[L1: 0.0282]	1.3+0.1s
[440/945]	[L1: 0.0281]	1.3+0.1s
[480/945]	[L1: 0.0280]	1.3+0.1s
[520/945]	[L1: 0.0278]	1.3+0.1s
[560/945]	[L1: 0.0281]	1.3+0.1s
[600/945]	[L1: 0.0280]	1.4+0.1s
[640/945]	[L1: 0.0281]	1.3+0.1s
[680/945]	[L1: 0.0281]	1.3+0.1s
[720/945]	[L1: 0.0280]	1.3+0.1s
[760/945]	[L1: 0.0282]	1.3+0.1s
[800/945]	[L1: 0.0282]	1.3+0.1s
[840/945]	[L1: 0.0281]	1.3+0.1s
[880/945]	[L1: 0.0281]	1.3+0.1s
[920/945]	[L1: 0.0281]	1.3+0.1s

Evaluation:
[UCMerced x4]	psnr: 28.068 (Best: 28.092 @epoch 251)
Total time: 1.79s

[Epoch 266]	Learning rate: 1.00e-4
[40/945]	[L1: 0.0261]	1.3+0.1s
[80/945]	[L1: 0.0293]	1.3+0.1s
[120/945]	[L1: 0.0290]	1.4+0.1s
[160/945]	[L1: 0.0288]	1.3+0.1s
[200/945]	[L1: 0.0284]	1.3+0.1s
[240/945]	[L1: 0.0283]	1.3+0.1s
[280/945]	[L1: 0.0283]	1.3+0.1s
[320/945]	[L1: 0.0287]	1.3+0.1s
[360/945]	[L1: 0.0287]	1.3+0.1s
[400/945]	[L1: 0.0286]	1.3+0.1s
[440/945]	[L1: 0.0285]	1.3+0.1s
[480/945]	[L1: 0.0283]	1.3+0.1s
[520/945]	[L1: 0.0281]	1.3+0.1s
[560/945]	[L1: 0.0283]	1.3+0.1s
[600/945]	[L1: 0.0283]	1.3+0.1s
[640/945]	[L1: 0.0283]	1.3+0.1s
[680/945]	[L1: 0.0284]	1.4+0.1s
[720/945]	[L1: 0.0283]	1.3+0.1s
[760/945]	[L1: 0.0283]	1.3+0.1s
[800/945]	[L1: 0.0284]	1.3+0.1s
[840/945]	[L1: 0.0284]	1.3+0.1s
[880/945]	[L1: 0.0282]	1.3+0.1s
[920/945]	[L1: 0.0283]	1.3+0.1s

Evaluation:
[UCMerced x4]	psnr: 28.043 (Best: 28.092 @epoch 251)
Total time: 1.79s

[Epoch 267]	Learning rate: 1.00e-4
[40/945]	[L1: 0.0275]	1.3+0.1s
[80/945]	[L1: 0.0275]	1.3+0.1s
[120/945]	[L1: 0.0268]	1.3+0.1s
[160/945]	[L1: 0.0267]	1.3+0.1s
[200/945]	[L1: 0.0268]	1.4+0.1s
[240/945]	[L1: 0.0273]	1.3+0.1s
[280/945]	[L1: 0.0273]	1.3+0.1s
[320/945]	[L1: 0.0273]	1.3+0.1s
[360/945]	[L1: 0.0276]	1.3+0.1s
[400/945]	[L1: 0.0275]	1.3+0.1s
[440/945]	[L1: 0.0274]	1.3+0.1s
[480/945]	[L1: 0.0279]	1.3+0.1s
[520/945]	[L1: 0.0280]	1.3+0.1s
[560/945]	[L1: 0.0277]	1.3+0.1s
[600/945]	[L1: 0.0278]	1.3+0.1s
[640/945]	[L1: 0.0277]	1.3+0.1s
[680/945]	[L1: 0.0276]	1.3+0.1s
[720/945]	[L1: 0.0278]	1.3+0.1s
[760/945]	[L1: 0.0278]	1.4+0.1s
[800/945]	[L1: 0.0278]	1.3+0.1s
[840/945]	[L1: 0.0278]	1.3+0.1s
[880/945]	[L1: 0.0280]	1.3+0.1s
[920/945]	[L1: 0.0281]	1.3+0.1s

Evaluation:
[UCMerced x4]	psnr: 28.045 (Best: 28.092 @epoch 251)
Total time: 1.81s

[Epoch 268]	Learning rate: 1.00e-4
[40/945]	[L1: 0.0287]	1.3+0.1s
[80/945]	[L1: 0.0304]	1.3+0.1s
[120/945]	[L1: 0.0302]	1.3+0.1s
[160/945]	[L1: 0.0295]	1.3+0.1s
[200/945]	[L1: 0.0291]	1.3+0.1s
[240/945]	[L1: 0.0291]	1.4+0.1s
[280/945]	[L1: 0.0293]	1.3+0.1s
[320/945]	[L1: 0.0289]	1.3+0.1s
[360/945]	[L1: 0.0286]	1.3+0.1s
[400/945]	[L1: 0.0287]	1.3+0.1s
[440/945]	[L1: 0.0285]	1.3+0.1s
[480/945]	[L1: 0.0284]	1.3+0.1s
[520/945]	[L1: 0.0284]	1.3+0.1s
[560/945]	[L1: 0.0284]	1.3+0.1s
[600/945]	[L1: 0.0284]	1.3+0.1s
[640/945]	[L1: 0.0283]	1.3+0.1s
[680/945]	[L1: 0.0283]	1.3+0.1s
[720/945]	[L1: 0.0282]	1.3+0.1s
[760/945]	[L1: 0.0283]	1.3+0.1s
[800/945]	[L1: 0.0282]	1.3+0.1s
[840/945]	[L1: 0.0281]	1.4+0.1s
[880/945]	[L1: 0.0282]	1.3+0.1s
[920/945]	[L1: 0.0282]	1.3+0.1s

Evaluation:
[UCMerced x4]	psnr: 28.073 (Best: 28.092 @epoch 251)
Total time: 1.79s

[Epoch 269]	Learning rate: 1.00e-4
[40/945]	[L1: 0.0291]	1.3+0.1s
[80/945]	[L1: 0.0292]	1.3+0.1s
[120/945]	[L1: 0.0281]	1.3+0.1s
[160/945]	[L1: 0.0279]	1.3+0.1s
[200/945]	[L1: 0.0276]	1.3+0.1s
[240/945]	[L1: 0.0275]	1.3+0.1s
[280/945]	[L1: 0.0275]	1.3+0.1s
[320/945]	[L1: 0.0279]	1.3+0.1s
[360/945]	[L1: 0.0278]	1.4+0.1s
[400/945]	[L1: 0.0278]	1.3+0.1s
[440/945]	[L1: 0.0277]	1.3+0.1s
[480/945]	[L1: 0.0279]	1.3+0.1s
[520/945]	[L1: 0.0279]	1.3+0.1s
[560/945]	[L1: 0.0277]	1.3+0.1s
[600/945]	[L1: 0.0280]	1.3+0.1s
[640/945]	[L1: 0.0280]	1.3+0.1s
[680/945]	[L1: 0.0280]	1.3+0.1s
[720/945]	[L1: 0.0281]	1.3+0.1s
[760/945]	[L1: 0.0281]	1.4+0.1s
[800/945]	[L1: 0.0280]	1.3+0.1s
[840/945]	[L1: 0.0280]	1.3+0.1s
[880/945]	[L1: 0.0279]	1.3+0.1s
[920/945]	[L1: 0.0280]	1.4+0.1s

Evaluation:
[UCMerced x4]	psnr: 28.039 (Best: 28.092 @epoch 251)
Total time: 1.79s

[Epoch 270]	Learning rate: 1.00e-4
[40/945]	[L1: 0.0253]	1.3+0.1s
[80/945]	[L1: 0.0264]	1.3+0.1s
[120/945]	[L1: 0.0274]	1.4+0.0s
[160/945]	[L1: 0.0274]	1.3+0.1s
[200/945]	[L1: 0.0276]	1.3+0.1s
[240/945]	[L1: 0.0273]	1.3+0.1s
[280/945]	[L1: 0.0275]	1.3+0.1s
[320/945]	[L1: 0.0275]	1.3+0.1s
[360/945]	[L1: 0.0276]	1.3+0.1s
[400/945]	[L1: 0.0275]	1.5+0.1s
[440/945]	[L1: 0.0278]	1.3+0.1s
[480/945]	[L1: 0.0279]	1.3+0.1s
[520/945]	[L1: 0.0280]	1.3+0.1s
[560/945]	[L1: 0.0283]	1.4+0.1s
[600/945]	[L1: 0.0284]	1.3+0.1s
[640/945]	[L1: 0.0284]	1.3+0.1s
[680/945]	[L1: 0.0283]	1.3+0.1s
[720/945]	[L1: 0.0283]	1.3+0.1s
[760/945]	[L1: 0.0282]	1.3+0.1s
[800/945]	[L1: 0.0282]	1.3+0.1s
[840/945]	[L1: 0.0282]	1.3+0.1s
[880/945]	[L1: 0.0280]	1.3+0.1s
[920/945]	[L1: 0.0281]	1.3+0.1s

Evaluation:
[UCMerced x4]	psnr: 28.063 (Best: 28.092 @epoch 251)
Total time: 1.79s

[Epoch 271]	Learning rate: 1.00e-4
[40/945]	[L1: 0.0282]	1.3+0.1s
[80/945]	[L1: 0.0271]	1.3+0.1s
[120/945]	[L1: 0.0269]	1.3+0.1s
[160/945]	[L1: 0.0271]	1.3+0.1s
[200/945]	[L1: 0.0277]	1.3+0.1s
[240/945]	[L1: 0.0280]	1.3+0.1s
[280/945]	[L1: 0.0283]	1.3+0.1s
[320/945]	[L1: 0.0281]	1.3+0.1s
[360/945]	[L1: 0.0282]	1.3+0.1s
[400/945]	[L1: 0.0282]	1.3+0.1s
[440/945]	[L1: 0.0280]	1.4+0.1s
[480/945]	[L1: 0.0281]	1.4+0.1s
[520/945]	[L1: 0.0281]	1.3+0.1s
[560/945]	[L1: 0.0282]	1.3+0.1s
[600/945]	[L1: 0.0281]	1.3+0.1s
[640/945]	[L1: 0.0283]	1.3+0.1s
[680/945]	[L1: 0.0283]	1.3+0.1s
[720/945]	[L1: 0.0283]	1.3+0.1s
[760/945]	[L1: 0.0282]	1.3+0.1s
[800/945]	[L1: 0.0281]	1.3+0.1s
[840/945]	[L1: 0.0281]	1.3+0.1s
[880/945]	[L1: 0.0280]	1.3+0.1s
[920/945]	[L1: 0.0281]	1.3+0.1s

Evaluation:
[UCMerced x4]	psnr: 28.087 (Best: 28.092 @epoch 251)
Total time: 1.79s

[Epoch 272]	Learning rate: 1.00e-4
[40/945]	[L1: 0.0257]	1.4+0.1s
[80/945]	[L1: 0.0279]	1.3+0.1s
[120/945]	[L1: 0.0280]	1.3+0.1s
[160/945]	[L1: 0.0283]	1.3+0.1s
[200/945]	[L1: 0.0280]	1.3+0.1s
[240/945]	[L1: 0.0279]	1.3+0.1s
[280/945]	[L1: 0.0278]	1.3+0.1s
[320/945]	[L1: 0.0276]	1.3+0.1s
[360/945]	[L1: 0.0275]	1.3+0.1s
[400/945]	[L1: 0.0273]	1.3+0.1s
[440/945]	[L1: 0.0276]	1.3+0.1s
[480/945]	[L1: 0.0276]	1.3+0.1s
[520/945]	[L1: 0.0277]	1.3+0.1s
[560/945]	[L1: 0.0278]	1.3+0.1s
[600/945]	[L1: 0.0276]	1.4+0.1s
[640/945]	[L1: 0.0276]	1.3+0.1s
[680/945]	[L1: 0.0277]	1.3+0.1s
[720/945]	[L1: 0.0278]	1.3+0.1s
[760/945]	[L1: 0.0278]	1.3+0.1s
[800/945]	[L1: 0.0279]	1.3+0.1s
[840/945]	[L1: 0.0281]	1.3+0.1s
[880/945]	[L1: 0.0280]	1.3+0.1s
[920/945]	[L1: 0.0281]	1.3+0.1s

Evaluation:
[UCMerced x4]	psnr: 28.066 (Best: 28.092 @epoch 251)
Total time: 1.80s

[Epoch 273]	Learning rate: 1.00e-4
[40/945]	[L1: 0.0264]	1.3+0.1s
[80/945]	[L1: 0.0284]	1.4+0.1s
[120/945]	[L1: 0.0272]	1.3+0.1s
[160/945]	[L1: 0.0271]	1.3+0.1s
[200/945]	[L1: 0.0272]	1.3+0.1s
[240/945]	[L1: 0.0273]	1.3+0.1s
[280/945]	[L1: 0.0276]	1.3+0.1s
[320/945]	[L1: 0.0274]	1.3+0.1s
[360/945]	[L1: 0.0277]	1.3+0.1s
[400/945]	[L1: 0.0279]	1.3+0.1s
[440/945]	[L1: 0.0282]	1.3+0.1s
[480/945]	[L1: 0.0279]	1.3+0.1s
[520/945]	[L1: 0.0277]	1.3+0.1s
[560/945]	[L1: 0.0276]	1.3+0.1s
[600/945]	[L1: 0.0276]	1.3+0.1s
[640/945]	[L1: 0.0276]	1.3+0.1s
[680/945]	[L1: 0.0276]	1.5+0.1s
[720/945]	[L1: 0.0277]	1.3+0.1s
[760/945]	[L1: 0.0278]	1.3+0.1s
[800/945]	[L1: 0.0279]	1.3+0.1s
[840/945]	[L1: 0.0279]	1.3+0.1s
[880/945]	[L1: 0.0280]	1.3+0.1s
[920/945]	[L1: 0.0281]	1.3+0.0s

Evaluation:
[UCMerced x4]	psnr: 28.089 (Best: 28.092 @epoch 251)
Total time: 1.79s

[Epoch 274]	Learning rate: 1.00e-4
[40/945]	[L1: 0.0313]	1.3+0.1s
[80/945]	[L1: 0.0294]	1.3+0.1s
[120/945]	[L1: 0.0298]	1.3+0.1s
[160/945]	[L1: 0.0296]	1.4+0.1s
[200/945]	[L1: 0.0293]	1.3+0.1s
[240/945]	[L1: 0.0293]	1.3+0.1s
[280/945]	[L1: 0.0287]	1.3+0.1s
[320/945]	[L1: 0.0287]	1.3+0.1s
[360/945]	[L1: 0.0287]	1.3+0.1s
[400/945]	[L1: 0.0286]	1.3+0.1s
[440/945]	[L1: 0.0286]	1.3+0.1s
[480/945]	[L1: 0.0287]	1.3+0.1s
[520/945]	[L1: 0.0286]	1.3+0.1s
[560/945]	[L1: 0.0287]	1.3+0.1s
[600/945]	[L1: 0.0286]	1.3+0.1s
[640/945]	[L1: 0.0284]	1.3+0.1s
[680/945]	[L1: 0.0284]	1.3+0.1s
[720/945]	[L1: 0.0281]	1.4+0.1s
[760/945]	[L1: 0.0282]	1.3+0.1s
[800/945]	[L1: 0.0280]	1.3+0.1s
[840/945]	[L1: 0.0280]	1.4+0.1s
[880/945]	[L1: 0.0280]	1.3+0.1s
[920/945]	[L1: 0.0280]	1.4+0.1s

Evaluation:
[UCMerced x4]	psnr: 28.079 (Best: 28.092 @epoch 251)
Total time: 1.81s

[Epoch 275]	Learning rate: 1.00e-4
[40/945]	[L1: 0.0264]	1.4+0.1s
[80/945]	[L1: 0.0273]	1.3+0.1s
[120/945]	[L1: 0.0276]	1.3+0.1s
[160/945]	[L1: 0.0280]	1.3+0.1s
[200/945]	[L1: 0.0283]	1.3+0.1s
[240/945]	[L1: 0.0287]	1.4+0.1s
[280/945]	[L1: 0.0286]	1.3+0.1s
[320/945]	[L1: 0.0284]	1.3+0.1s
[360/945]	[L1: 0.0285]	1.3+0.1s
[400/945]	[L1: 0.0285]	1.3+0.1s
[440/945]	[L1: 0.0282]	1.3+0.1s
[480/945]	[L1: 0.0282]	1.3+0.1s
[520/945]	[L1: 0.0281]	1.3+0.1s
[560/945]	[L1: 0.0282]	1.3+0.1s
[600/945]	[L1: 0.0284]	1.3+0.1s
[640/945]	[L1: 0.0284]	1.3+0.1s
[680/945]	[L1: 0.0283]	1.3+0.1s
[720/945]	[L1: 0.0282]	1.3+0.1s
[760/945]	[L1: 0.0281]	1.3+0.1s
[800/945]	[L1: 0.0279]	1.4+0.1s
[840/945]	[L1: 0.0279]	1.3+0.1s
[880/945]	[L1: 0.0280]	1.3+0.1s
[920/945]	[L1: 0.0280]	1.3+0.1s

Evaluation:
[UCMerced x4]	psnr: 28.069 (Best: 28.092 @epoch 251)
Total time: 1.79s

[Epoch 276]	Learning rate: 1.00e-4
[40/945]	[L1: 0.0280]	1.3+0.1s
[80/945]	[L1: 0.0287]	1.3+0.1s
[120/945]	[L1: 0.0280]	1.3+0.1s
[160/945]	[L1: 0.0279]	1.3+0.1s
[200/945]	[L1: 0.0278]	1.3+0.1s
[240/945]	[L1: 0.0275]	1.3+0.1s
[280/945]	[L1: 0.0279]	1.3+0.1s
[320/945]	[L1: 0.0280]	1.4+0.1s
[360/945]	[L1: 0.0280]	1.3+0.1s
[400/945]	[L1: 0.0281]	1.3+0.1s
[440/945]	[L1: 0.0281]	1.3+0.1s
[480/945]	[L1: 0.0281]	1.3+0.1s
[520/945]	[L1: 0.0281]	1.3+0.1s
[560/945]	[L1: 0.0281]	1.3+0.1s
[600/945]	[L1: 0.0281]	1.3+0.1s
[640/945]	[L1: 0.0280]	1.3+0.1s
[680/945]	[L1: 0.0282]	1.3+0.1s
[720/945]	[L1: 0.0281]	1.3+0.1s
[760/945]	[L1: 0.0280]	1.3+0.1s
[800/945]	[L1: 0.0280]	1.3+0.1s
[840/945]	[L1: 0.0281]	1.3+0.1s
[880/945]	[L1: 0.0281]	1.4+0.1s
[920/945]	[L1: 0.0282]	1.3+0.1s

Evaluation:
[UCMerced x4]	psnr: 28.069 (Best: 28.092 @epoch 251)
Total time: 1.79s

[Epoch 277]	Learning rate: 1.00e-4
[40/945]	[L1: 0.0263]	1.3+0.1s
[80/945]	[L1: 0.0276]	1.3+0.1s
[120/945]	[L1: 0.0289]	1.3+0.1s
[160/945]	[L1: 0.0293]	1.3+0.1s
[200/945]	[L1: 0.0289]	1.3+0.1s
[240/945]	[L1: 0.0284]	1.3+0.1s
[280/945]	[L1: 0.0281]	1.3+0.1s
[320/945]	[L1: 0.0283]	1.3+0.1s
[360/945]	[L1: 0.0282]	1.3+0.1s
[400/945]	[L1: 0.0283]	1.4+0.1s
[440/945]	[L1: 0.0281]	1.3+0.1s
[480/945]	[L1: 0.0280]	1.3+0.1s
[520/945]	[L1: 0.0279]	1.3+0.1s
[560/945]	[L1: 0.0279]	1.3+0.1s
[600/945]	[L1: 0.0280]	1.3+0.1s
[640/945]	[L1: 0.0281]	1.4+0.1s
[680/945]	[L1: 0.0281]	1.3+0.1s
[720/945]	[L1: 0.0282]	1.3+0.1s
[760/945]	[L1: 0.0282]	1.3+0.1s
[800/945]	[L1: 0.0283]	1.3+0.1s
[840/945]	[L1: 0.0283]	1.3+0.1s
[880/945]	[L1: 0.0282]	1.3+0.1s
[920/945]	[L1: 0.0282]	1.3+0.1s

Evaluation:
[UCMerced x4]	psnr: 28.072 (Best: 28.092 @epoch 251)
Total time: 1.79s

[Epoch 278]	Learning rate: 1.00e-4
[40/945]	[L1: 0.0284]	1.3+0.1s
[80/945]	[L1: 0.0271]	1.3+0.1s
[120/945]	[L1: 0.0264]	1.3+0.1s
[160/945]	[L1: 0.0268]	1.3+0.1s
[200/945]	[L1: 0.0269]	1.3+0.1s
[240/945]	[L1: 0.0271]	1.3+0.1s
[280/945]	[L1: 0.0273]	1.3+0.1s
[320/945]	[L1: 0.0275]	1.3+0.1s
[360/945]	[L1: 0.0275]	1.3+0.1s
[400/945]	[L1: 0.0279]	1.3+0.1s
[440/945]	[L1: 0.0276]	1.3+0.1s
[480/945]	[L1: 0.0278]	1.4+0.1s
[520/945]	[L1: 0.0279]	1.3+0.1s
[560/945]	[L1: 0.0278]	1.3+0.1s
[600/945]	[L1: 0.0279]	1.3+0.1s
[640/945]	[L1: 0.0278]	1.3+0.1s
[680/945]	[L1: 0.0279]	1.3+0.1s
[720/945]	[L1: 0.0280]	1.3+0.1s
[760/945]	[L1: 0.0281]	1.3+0.1s
[800/945]	[L1: 0.0281]	1.3+0.1s
[840/945]	[L1: 0.0280]	1.3+0.1s
[880/945]	[L1: 0.0280]	1.3+0.1s
[920/945]	[L1: 0.0280]	1.3+0.1s

Evaluation:
[UCMerced x4]	psnr: 28.090 (Best: 28.092 @epoch 251)
Total time: 1.79s

[Epoch 279]	Learning rate: 1.00e-4
[40/945]	[L1: 0.0298]	1.3+0.1s
[80/945]	[L1: 0.0281]	1.3+0.1s
[120/945]	[L1: 0.0293]	1.3+0.1s
[160/945]	[L1: 0.0291]	1.3+0.1s
[200/945]	[L1: 0.0283]	1.3+0.1s
[240/945]	[L1: 0.0283]	1.3+0.1s
[280/945]	[L1: 0.0286]	1.3+0.1s
[320/945]	[L1: 0.0285]	1.3+0.1s
[360/945]	[L1: 0.0282]	1.3+0.1s
[400/945]	[L1: 0.0281]	1.3+0.1s
[440/945]	[L1: 0.0282]	1.3+0.1s
[480/945]	[L1: 0.0282]	1.3+0.1s
[520/945]	[L1: 0.0283]	1.3+0.1s
[560/945]	[L1: 0.0284]	1.3+0.1s
[600/945]	[L1: 0.0284]	1.4+0.1s
[640/945]	[L1: 0.0284]	1.3+0.1s
[680/945]	[L1: 0.0284]	1.3+0.1s
[720/945]	[L1: 0.0284]	1.3+0.1s
[760/945]	[L1: 0.0285]	1.3+0.1s
[800/945]	[L1: 0.0284]	1.3+0.1s
[840/945]	[L1: 0.0282]	1.3+0.1s
[880/945]	[L1: 0.0283]	1.3+0.1s
[920/945]	[L1: 0.0282]	1.3+0.1s

Evaluation:
[UCMerced x4]	psnr: 28.061 (Best: 28.092 @epoch 251)
Total time: 1.78s

[Epoch 280]	Learning rate: 1.00e-4
[40/945]	[L1: 0.0288]	1.3+0.1s
[80/945]	[L1: 0.0280]	1.4+0.1s
[120/945]	[L1: 0.0286]	1.3+0.1s
[160/945]	[L1: 0.0278]	1.3+0.1s
[200/945]	[L1: 0.0279]	1.3+0.1s
[240/945]	[L1: 0.0278]	1.3+0.1s
[280/945]	[L1: 0.0280]	1.3+0.1s
[320/945]	[L1: 0.0275]	1.3+0.1s
[360/945]	[L1: 0.0275]	1.3+0.1s
[400/945]	[L1: 0.0279]	1.3+0.1s
[440/945]	[L1: 0.0282]	1.3+0.1s
[480/945]	[L1: 0.0280]	1.3+0.1s
[520/945]	[L1: 0.0281]	1.3+0.1s
[560/945]	[L1: 0.0281]	1.3+0.1s
[600/945]	[L1: 0.0281]	1.3+0.1s
[640/945]	[L1: 0.0281]	1.3+0.1s
[680/945]	[L1: 0.0281]	1.4+0.1s
[720/945]	[L1: 0.0280]	1.3+0.1s
[760/945]	[L1: 0.0280]	1.3+0.1s
[800/945]	[L1: 0.0279]	1.3+0.1s
[840/945]	[L1: 0.0279]	1.3+0.1s
[880/945]	[L1: 0.0280]	1.3+0.1s
[920/945]	[L1: 0.0280]	1.3+0.1s

Evaluation:
[UCMerced x4]	psnr: 28.042 (Best: 28.092 @epoch 251)
Total time: 1.77s

[Epoch 281]	Learning rate: 1.00e-4
[40/945]	[L1: 0.0288]	1.3+0.1s
[80/945]	[L1: 0.0285]	1.3+0.1s
[120/945]	[L1: 0.0284]	1.3+0.1s
[160/945]	[L1: 0.0287]	1.4+0.1s
[200/945]	[L1: 0.0288]	1.3+0.1s
[240/945]	[L1: 0.0284]	1.3+0.1s
[280/945]	[L1: 0.0278]	1.3+0.1s
[320/945]	[L1: 0.0277]	1.3+0.1s
[360/945]	[L1: 0.0278]	1.3+0.1s
[400/945]	[L1: 0.0281]	1.3+0.1s
[440/945]	[L1: 0.0278]	1.3+0.1s
[480/945]	[L1: 0.0277]	1.3+0.1s
[520/945]	[L1: 0.0280]	1.3+0.1s
[560/945]	[L1: 0.0281]	1.3+0.1s
[600/945]	[L1: 0.0281]	1.3+0.1s
[640/945]	[L1: 0.0279]	1.3+0.1s
[680/945]	[L1: 0.0280]	1.3+0.1s
[720/945]	[L1: 0.0281]	1.4+0.1s
[760/945]	[L1: 0.0281]	1.3+0.1s
[800/945]	[L1: 0.0280]	1.3+0.1s
[840/945]	[L1: 0.0281]	1.3+0.1s
[880/945]	[L1: 0.0281]	1.3+0.1s
[920/945]	[L1: 0.0281]	1.3+0.1s

Evaluation:
[UCMerced x4]	psnr: 28.093 (Best: 28.093 @epoch 281)
Total time: 1.78s

[Epoch 282]	Learning rate: 1.00e-4
[40/945]	[L1: 0.0280]	1.3+0.1s
[80/945]	[L1: 0.0283]	1.3+0.1s
[120/945]	[L1: 0.0281]	1.3+0.1s
[160/945]	[L1: 0.0274]	1.3+0.1s
[200/945]	[L1: 0.0274]	1.3+0.1s
[240/945]	[L1: 0.0275]	1.4+0.1s
[280/945]	[L1: 0.0278]	1.3+0.1s
[320/945]	[L1: 0.0277]	1.3+0.1s
[360/945]	[L1: 0.0275]	1.3+0.1s
[400/945]	[L1: 0.0276]	1.3+0.1s
[440/945]	[L1: 0.0277]	1.3+0.1s
[480/945]	[L1: 0.0278]	1.3+0.1s
[520/945]	[L1: 0.0278]	1.3+0.1s
[560/945]	[L1: 0.0279]	1.3+0.1s
[600/945]	[L1: 0.0279]	1.3+0.1s
[640/945]	[L1: 0.0280]	1.3+0.1s
[680/945]	[L1: 0.0281]	1.3+0.1s
[720/945]	[L1: 0.0281]	1.3+0.1s
[760/945]	[L1: 0.0280]	1.3+0.1s
[800/945]	[L1: 0.0280]	1.4+0.1s
[840/945]	[L1: 0.0281]	1.3+0.1s
[880/945]	[L1: 0.0281]	1.3+0.1s
[920/945]	[L1: 0.0280]	1.3+0.1s

Evaluation:
[UCMerced x4]	psnr: 28.062 (Best: 28.093 @epoch 281)
Total time: 1.80s

[Epoch 283]	Learning rate: 1.00e-4
[40/945]	[L1: 0.0273]	1.3+0.1s
[80/945]	[L1: 0.0263]	1.3+0.1s
[120/945]	[L1: 0.0280]	1.3+0.1s
[160/945]	[L1: 0.0283]	1.3+0.1s
[200/945]	[L1: 0.0288]	1.3+0.1s
[240/945]	[L1: 0.0290]	1.3+0.1s
[280/945]	[L1: 0.0287]	1.3+0.1s
[320/945]	[L1: 0.0286]	1.4+0.1s
[360/945]	[L1: 0.0285]	1.3+0.1s
[400/945]	[L1: 0.0283]	1.3+0.1s
[440/945]	[L1: 0.0282]	1.3+0.1s
[480/945]	[L1: 0.0281]	1.3+0.1s
[520/945]	[L1: 0.0282]	1.3+0.1s
[560/945]	[L1: 0.0283]	1.3+0.1s
[600/945]	[L1: 0.0281]	1.3+0.1s
[640/945]	[L1: 0.0280]	1.3+0.1s
[680/945]	[L1: 0.0279]	1.3+0.1s
[720/945]	[L1: 0.0279]	1.3+0.1s
[760/945]	[L1: 0.0280]	1.3+0.1s
[800/945]	[L1: 0.0280]	1.3+0.1s
[840/945]	[L1: 0.0280]	1.3+0.1s
[880/945]	[L1: 0.0281]	1.4+0.1s
[920/945]	[L1: 0.0281]	1.3+0.1s

Evaluation:
[UCMerced x4]	psnr: 28.064 (Best: 28.093 @epoch 281)
Total time: 1.81s

[Epoch 284]	Learning rate: 1.00e-4
[40/945]	[L1: 0.0281]	1.3+0.1s
[80/945]	[L1: 0.0283]	1.3+0.1s
[120/945]	[L1: 0.0279]	1.3+0.1s
[160/945]	[L1: 0.0281]	1.3+0.1s
[200/945]	[L1: 0.0282]	1.3+0.1s
[240/945]	[L1: 0.0284]	1.3+0.1s
[280/945]	[L1: 0.0279]	1.3+0.1s
[320/945]	[L1: 0.0280]	1.3+0.1s
[360/945]	[L1: 0.0278]	1.4+0.1s
[400/945]	[L1: 0.0278]	1.3+0.1s
[440/945]	[L1: 0.0277]	1.3+0.1s
[480/945]	[L1: 0.0279]	1.3+0.1s
[520/945]	[L1: 0.0280]	1.3+0.1s
[560/945]	[L1: 0.0281]	1.3+0.1s
[600/945]	[L1: 0.0280]	1.3+0.1s
[640/945]	[L1: 0.0280]	1.3+0.1s
[680/945]	[L1: 0.0280]	1.3+0.1s
[720/945]	[L1: 0.0279]	1.3+0.1s
[760/945]	[L1: 0.0279]	1.3+0.1s
[800/945]	[L1: 0.0278]	1.3+0.1s
[840/945]	[L1: 0.0279]	1.3+0.1s
[880/945]	[L1: 0.0280]	1.3+0.1s
[920/945]	[L1: 0.0280]	1.3+0.1s

Evaluation:
[UCMerced x4]	psnr: 28.074 (Best: 28.093 @epoch 281)
Total time: 1.79s

[Epoch 285]	Learning rate: 1.00e-4
[40/945]	[L1: 0.0294]	1.3+0.1s
[80/945]	[L1: 0.0296]	1.3+0.1s
[120/945]	[L1: 0.0287]	1.3+0.1s
[160/945]	[L1: 0.0292]	1.3+0.1s
[200/945]	[L1: 0.0290]	1.3+0.1s
[240/945]	[L1: 0.0286]	1.3+0.1s
[280/945]	[L1: 0.0287]	1.3+0.1s
[320/945]	[L1: 0.0286]	1.3+0.1s
[360/945]	[L1: 0.0287]	1.3+0.1s
[400/945]	[L1: 0.0283]	1.3+0.1s
[440/945]	[L1: 0.0282]	1.3+0.1s
[480/945]	[L1: 0.0281]	1.4+0.1s
[520/945]	[L1: 0.0281]	1.3+0.1s
[560/945]	[L1: 0.0284]	1.3+0.1s
[600/945]	[L1: 0.0282]	1.3+0.1s
[640/945]	[L1: 0.0284]	1.3+0.1s
[680/945]	[L1: 0.0285]	1.3+0.1s
[720/945]	[L1: 0.0283]	1.3+0.1s
[760/945]	[L1: 0.0282]	1.3+0.1s
[800/945]	[L1: 0.0283]	1.3+0.1s
[840/945]	[L1: 0.0282]	1.3+0.1s
[880/945]	[L1: 0.0281]	1.3+0.1s
[920/945]	[L1: 0.0281]	1.3+0.1s

Evaluation:
[UCMerced x4]	psnr: 28.088 (Best: 28.093 @epoch 281)
Total time: 1.79s

[Epoch 286]	Learning rate: 1.00e-4
[40/945]	[L1: 0.0303]	1.3+0.1s
[80/945]	[L1: 0.0294]	1.3+0.1s
[120/945]	[L1: 0.0294]	1.3+0.1s
[160/945]	[L1: 0.0293]	1.3+0.1s
[200/945]	[L1: 0.0288]	1.3+0.1s
[240/945]	[L1: 0.0286]	1.3+0.1s
[280/945]	[L1: 0.0283]	1.3+0.1s
[320/945]	[L1: 0.0284]	1.3+0.1s
[360/945]	[L1: 0.0281]	1.3+0.1s
[400/945]	[L1: 0.0279]	1.3+0.1s
[440/945]	[L1: 0.0279]	1.3+0.1s
[480/945]	[L1: 0.0280]	1.3+0.1s
[520/945]	[L1: 0.0282]	1.3+0.1s
[560/945]	[L1: 0.0280]	1.4+0.1s
[600/945]	[L1: 0.0279]	1.4+0.1s
[640/945]	[L1: 0.0278]	1.3+0.1s
[680/945]	[L1: 0.0278]	1.3+0.1s
[720/945]	[L1: 0.0278]	1.3+0.1s
[760/945]	[L1: 0.0278]	1.3+0.1s
[800/945]	[L1: 0.0277]	1.3+0.1s
[840/945]	[L1: 0.0280]	1.3+0.1s
[880/945]	[L1: 0.0280]	1.3+0.1s
[920/945]	[L1: 0.0281]	1.3+0.1s

Evaluation:
[UCMerced x4]	psnr: 28.067 (Best: 28.093 @epoch 281)
Total time: 1.77s

[Epoch 287]	Learning rate: 1.00e-4
[40/945]	[L1: 0.0286]	1.4+0.1s
[80/945]	[L1: 0.0279]	1.4+0.1s
[120/945]	[L1: 0.0281]	1.3+0.1s
[160/945]	[L1: 0.0284]	1.3+0.1s
[200/945]	[L1: 0.0282]	1.3+0.1s
[240/945]	[L1: 0.0280]	1.3+0.1s
[280/945]	[L1: 0.0284]	1.3+0.1s
[320/945]	[L1: 0.0283]	1.3+0.1s
[360/945]	[L1: 0.0282]	1.3+0.1s
[400/945]	[L1: 0.0281]	1.3+0.1s
[440/945]	[L1: 0.0280]	1.3+0.1s
[480/945]	[L1: 0.0279]	1.3+0.1s
[520/945]	[L1: 0.0278]	1.3+0.1s
[560/945]	[L1: 0.0279]	1.3+0.1s
[600/945]	[L1: 0.0278]	1.3+0.1s
[640/945]	[L1: 0.0281]	1.4+0.1s
[680/945]	[L1: 0.0280]	1.3+0.1s
[720/945]	[L1: 0.0281]	1.3+0.1s
[760/945]	[L1: 0.0282]	1.3+0.1s
[800/945]	[L1: 0.0282]	1.3+0.1s
[840/945]	[L1: 0.0281]	1.3+0.1s
[880/945]	[L1: 0.0281]	1.3+0.1s
[920/945]	[L1: 0.0282]	1.3+0.1s

Evaluation:
[UCMerced x4]	psnr: 28.062 (Best: 28.093 @epoch 281)
Total time: 1.77s

[Epoch 288]	Learning rate: 1.00e-4
[40/945]	[L1: 0.0258]	1.3+0.1s
[80/945]	[L1: 0.0262]	1.3+0.1s
[120/945]	[L1: 0.0271]	1.4+0.1s
[160/945]	[L1: 0.0271]	1.3+0.1s
[200/945]	[L1: 0.0270]	1.3+0.1s
[240/945]	[L1: 0.0276]	1.3+0.1s
[280/945]	[L1: 0.0275]	1.3+0.1s
[320/945]	[L1: 0.0275]	1.3+0.1s
[360/945]	[L1: 0.0280]	1.3+0.1s
[400/945]	[L1: 0.0279]	1.3+0.1s
[440/945]	[L1: 0.0283]	1.3+0.1s
[480/945]	[L1: 0.0282]	1.3+0.1s
[520/945]	[L1: 0.0282]	1.3+0.1s
[560/945]	[L1: 0.0281]	1.3+0.1s
[600/945]	[L1: 0.0281]	1.3+0.1s
[640/945]	[L1: 0.0281]	1.3+0.1s
[680/945]	[L1: 0.0280]	1.4+0.1s
[720/945]	[L1: 0.0280]	1.3+0.1s
[760/945]	[L1: 0.0280]	1.3+0.1s
[800/945]	[L1: 0.0278]	1.3+0.1s
[840/945]	[L1: 0.0280]	1.3+0.1s
[880/945]	[L1: 0.0281]	1.3+0.1s
[920/945]	[L1: 0.0280]	1.3+0.1s

Evaluation:
[UCMerced x4]	psnr: 28.059 (Best: 28.093 @epoch 281)
Total time: 1.79s

[Epoch 289]	Learning rate: 1.00e-4
[40/945]	[L1: 0.0279]	1.3+0.1s
[80/945]	[L1: 0.0294]	1.3+0.1s
[120/945]	[L1: 0.0290]	1.3+0.1s
[160/945]	[L1: 0.0278]	1.3+0.1s
[200/945]	[L1: 0.0283]	1.4+0.1s
[240/945]	[L1: 0.0286]	1.3+0.1s
[280/945]	[L1: 0.0288]	1.3+0.1s
[320/945]	[L1: 0.0286]	1.3+0.1s
[360/945]	[L1: 0.0286]	1.3+0.1s
[400/945]	[L1: 0.0286]	1.3+0.1s
[440/945]	[L1: 0.0285]	1.3+0.1s
[480/945]	[L1: 0.0284]	1.3+0.1s
[520/945]	[L1: 0.0285]	1.3+0.1s
[560/945]	[L1: 0.0282]	1.3+0.1s
[600/945]	[L1: 0.0282]	1.3+0.1s
[640/945]	[L1: 0.0283]	1.3+0.1s
[680/945]	[L1: 0.0283]	1.3+0.1s
[720/945]	[L1: 0.0283]	1.3+0.1s
[760/945]	[L1: 0.0282]	1.4+0.1s
[800/945]	[L1: 0.0282]	1.3+0.1s
[840/945]	[L1: 0.0281]	1.3+0.1s
[880/945]	[L1: 0.0280]	1.3+0.1s
[920/945]	[L1: 0.0280]	1.3+0.1s

Evaluation:
[UCMerced x4]	psnr: 28.087 (Best: 28.093 @epoch 281)
Total time: 1.77s

[Epoch 290]	Learning rate: 1.00e-4
[40/945]	[L1: 0.0260]	1.3+0.1s
[80/945]	[L1: 0.0270]	1.3+0.1s
[120/945]	[L1: 0.0275]	1.3+0.1s
[160/945]	[L1: 0.0276]	1.3+0.1s
[200/945]	[L1: 0.0277]	1.3+0.1s
[240/945]	[L1: 0.0278]	1.3+0.1s
[280/945]	[L1: 0.0278]	1.4+0.1s
[320/945]	[L1: 0.0279]	1.3+0.1s
[360/945]	[L1: 0.0277]	1.3+0.1s
[400/945]	[L1: 0.0276]	1.3+0.1s
[440/945]	[L1: 0.0275]	1.3+0.1s
[480/945]	[L1: 0.0278]	1.3+0.1s
[520/945]	[L1: 0.0278]	1.3+0.1s
[560/945]	[L1: 0.0279]	1.3+0.1s
[600/945]	[L1: 0.0280]	1.3+0.1s
[640/945]	[L1: 0.0279]	1.3+0.1s
[680/945]	[L1: 0.0280]	1.3+0.1s
[720/945]	[L1: 0.0279]	1.3+0.1s
[760/945]	[L1: 0.0280]	1.3+0.1s
[800/945]	[L1: 0.0279]	1.3+0.1s
[840/945]	[L1: 0.0279]	1.4+0.1s
[880/945]	[L1: 0.0280]	1.3+0.1s
[920/945]	[L1: 0.0281]	1.3+0.1s

Evaluation:
[UCMerced x4]	psnr: 28.078 (Best: 28.093 @epoch 281)
Total time: 1.78s

[Epoch 291]	Learning rate: 1.00e-4
[40/945]	[L1: 0.0250]	1.3+0.1s
[80/945]	[L1: 0.0281]	1.3+0.1s
[120/945]	[L1: 0.0284]	1.3+0.1s
[160/945]	[L1: 0.0283]	1.3+0.1s
[200/945]	[L1: 0.0285]	1.3+0.1s
[240/945]	[L1: 0.0283]	1.3+0.1s
[280/945]	[L1: 0.0279]	1.3+0.1s
[320/945]	[L1: 0.0281]	1.3+0.1s
[360/945]	[L1: 0.0281]	1.4+0.1s
[400/945]	[L1: 0.0282]	1.3+0.1s
[440/945]	[L1: 0.0282]	1.3+0.1s
[480/945]	[L1: 0.0281]	1.3+0.1s
[520/945]	[L1: 0.0279]	1.3+0.1s
[560/945]	[L1: 0.0281]	1.3+0.1s
[600/945]	[L1: 0.0279]	1.3+0.1s
[640/945]	[L1: 0.0281]	1.3+0.1s
[680/945]	[L1: 0.0280]	1.3+0.1s
[720/945]	[L1: 0.0280]	1.3+0.1s
[760/945]	[L1: 0.0281]	1.3+0.1s
[800/945]	[L1: 0.0281]	1.3+0.1s
[840/945]	[L1: 0.0280]	1.3+0.1s
[880/945]	[L1: 0.0280]	1.3+0.1s
[920/945]	[L1: 0.0281]	1.5+0.0s

Evaluation:
[UCMerced x4]	psnr: 28.076 (Best: 28.093 @epoch 281)
Total time: 1.78s

[Epoch 292]	Learning rate: 1.00e-4
[40/945]	[L1: 0.0281]	1.4+0.1s
[80/945]	[L1: 0.0282]	1.3+0.1s
[120/945]	[L1: 0.0271]	1.3+0.1s
[160/945]	[L1: 0.0272]	1.3+0.1s
[200/945]	[L1: 0.0276]	1.3+0.1s
[240/945]	[L1: 0.0278]	1.3+0.1s
[280/945]	[L1: 0.0279]	1.3+0.1s
[320/945]	[L1: 0.0281]	1.3+0.1s
[360/945]	[L1: 0.0279]	1.3+0.1s
[400/945]	[L1: 0.0280]	1.4+0.1s
[440/945]	[L1: 0.0279]	1.3+0.1s
[480/945]	[L1: 0.0275]	1.3+0.1s
[520/945]	[L1: 0.0276]	1.3+0.1s
[560/945]	[L1: 0.0275]	1.3+0.1s
[600/945]	[L1: 0.0275]	1.3+0.1s
[640/945]	[L1: 0.0277]	1.3+0.1s
[680/945]	[L1: 0.0276]	1.3+0.1s
[720/945]	[L1: 0.0275]	1.3+0.1s
[760/945]	[L1: 0.0276]	1.3+0.1s
[800/945]	[L1: 0.0277]	1.3+0.1s
[840/945]	[L1: 0.0278]	1.3+0.1s
[880/945]	[L1: 0.0279]	1.3+0.1s
[920/945]	[L1: 0.0280]	1.3+0.1s

Evaluation:
[UCMerced x4]	psnr: 28.074 (Best: 28.093 @epoch 281)
Total time: 1.78s

[Epoch 293]	Learning rate: 1.00e-4
[40/945]	[L1: 0.0254]	1.4+0.1s
[80/945]	[L1: 0.0275]	1.3+0.1s
[120/945]	[L1: 0.0276]	1.3+0.1s
[160/945]	[L1: 0.0279]	1.3+0.1s
[200/945]	[L1: 0.0284]	1.3+0.1s
[240/945]	[L1: 0.0282]	1.3+0.1s
[280/945]	[L1: 0.0284]	1.3+0.1s
[320/945]	[L1: 0.0280]	1.3+0.1s
[360/945]	[L1: 0.0280]	1.3+0.1s
[400/945]	[L1: 0.0278]	1.3+0.1s
[440/945]	[L1: 0.0278]	1.3+0.1s
[480/945]	[L1: 0.0278]	1.4+0.1s
[520/945]	[L1: 0.0279]	1.3+0.1s
[560/945]	[L1: 0.0278]	1.3+0.1s
[600/945]	[L1: 0.0280]	1.3+0.1s
[640/945]	[L1: 0.0278]	1.3+0.1s
[680/945]	[L1: 0.0278]	1.3+0.1s
[720/945]	[L1: 0.0278]	1.3+0.1s
[760/945]	[L1: 0.0279]	1.3+0.1s
[800/945]	[L1: 0.0278]	1.3+0.1s
[840/945]	[L1: 0.0278]	1.3+0.1s
[880/945]	[L1: 0.0279]	1.3+0.1s
[920/945]	[L1: 0.0280]	1.3+0.1s

Evaluation:
[UCMerced x4]	psnr: 28.072 (Best: 28.093 @epoch 281)
Total time: 1.80s

[Epoch 294]	Learning rate: 1.00e-4
[40/945]	[L1: 0.0283]	1.4+0.1s
[80/945]	[L1: 0.0297]	1.3+0.1s
[120/945]	[L1: 0.0294]	1.3+0.1s
[160/945]	[L1: 0.0282]	1.3+0.1s
[200/945]	[L1: 0.0279]	1.3+0.1s
[240/945]	[L1: 0.0277]	1.3+0.1s
[280/945]	[L1: 0.0282]	1.3+0.1s
[320/945]	[L1: 0.0276]	1.3+0.1s
[360/945]	[L1: 0.0280]	1.3+0.1s
[400/945]	[L1: 0.0281]	1.3+0.1s
[440/945]	[L1: 0.0278]	1.3+0.1s
[480/945]	[L1: 0.0277]	1.3+0.1s
[520/945]	[L1: 0.0279]	1.3+0.1s
[560/945]	[L1: 0.0279]	1.3+0.1s
[600/945]	[L1: 0.0277]	1.4+0.1s
[640/945]	[L1: 0.0276]	1.3+0.1s
[680/945]	[L1: 0.0277]	1.3+0.1s
[720/945]	[L1: 0.0277]	1.3+0.1s
[760/945]	[L1: 0.0276]	1.3+0.1s
[800/945]	[L1: 0.0278]	1.3+0.1s
[840/945]	[L1: 0.0280]	1.3+0.1s
[880/945]	[L1: 0.0279]	1.3+0.1s
[920/945]	[L1: 0.0280]	1.3+0.1s

Evaluation:
[UCMerced x4]	psnr: 28.068 (Best: 28.093 @epoch 281)
Total time: 1.79s

[Epoch 295]	Learning rate: 1.00e-4
[40/945]	[L1: 0.0268]	1.4+0.1s
[80/945]	[L1: 0.0256]	1.4+0.1s
[120/945]	[L1: 0.0272]	1.3+0.1s
[160/945]	[L1: 0.0266]	1.3+0.1s
[200/945]	[L1: 0.0271]	1.3+0.1s
[240/945]	[L1: 0.0273]	1.3+0.1s
[280/945]	[L1: 0.0277]	1.3+0.1s
[320/945]	[L1: 0.0275]	1.3+0.1s
[360/945]	[L1: 0.0277]	1.3+0.1s
[400/945]	[L1: 0.0278]	1.3+0.1s
[440/945]	[L1: 0.0279]	1.3+0.1s
[480/945]	[L1: 0.0281]	1.3+0.1s
[520/945]	[L1: 0.0282]	1.3+0.1s
[560/945]	[L1: 0.0280]	1.3+0.1s
[600/945]	[L1: 0.0279]	1.3+0.1s
[640/945]	[L1: 0.0278]	1.3+0.1s
[680/945]	[L1: 0.0280]	1.4+0.1s
[720/945]	[L1: 0.0280]	1.3+0.1s
[760/945]	[L1: 0.0280]	1.3+0.1s
[800/945]	[L1: 0.0280]	1.3+0.1s
[840/945]	[L1: 0.0280]	1.3+0.1s
[880/945]	[L1: 0.0280]	1.3+0.1s
[920/945]	[L1: 0.0280]	1.3+0.1s

Evaluation:
[UCMerced x4]	psnr: 28.090 (Best: 28.093 @epoch 281)
Total time: 1.77s

[Epoch 296]	Learning rate: 1.00e-4
[40/945]	[L1: 0.0295]	1.4+0.1s
[80/945]	[L1: 0.0285]	1.3+0.1s
[120/945]	[L1: 0.0279]	1.4+0.0s
[160/945]	[L1: 0.0276]	1.4+0.1s
[200/945]	[L1: 0.0281]	1.3+0.1s
[240/945]	[L1: 0.0280]	1.3+0.1s
[280/945]	[L1: 0.0282]	1.3+0.1s
[320/945]	[L1: 0.0283]	1.3+0.1s
[360/945]	[L1: 0.0282]	1.3+0.1s
[400/945]	[L1: 0.0281]	1.3+0.1s
[440/945]	[L1: 0.0280]	1.3+0.1s
[480/945]	[L1: 0.0282]	1.3+0.1s
[520/945]	[L1: 0.0281]	1.3+0.1s
[560/945]	[L1: 0.0281]	1.3+0.1s
[600/945]	[L1: 0.0282]	1.3+0.1s
[640/945]	[L1: 0.0282]	1.3+0.1s
[680/945]	[L1: 0.0282]	1.3+0.1s
[720/945]	[L1: 0.0281]	1.4+0.1s
[760/945]	[L1: 0.0280]	1.3+0.1s
[800/945]	[L1: 0.0281]	1.3+0.1s
[840/945]	[L1: 0.0280]	1.3+0.1s
[880/945]	[L1: 0.0280]	1.3+0.1s
[920/945]	[L1: 0.0280]	1.3+0.1s

Evaluation:
[UCMerced x4]	psnr: 28.053 (Best: 28.093 @epoch 281)
Total time: 1.79s

[Epoch 297]	Learning rate: 1.00e-4
[40/945]	[L1: 0.0279]	1.3+0.1s
[80/945]	[L1: 0.0278]	1.3+0.1s
[120/945]	[L1: 0.0274]	1.3+0.1s
[160/945]	[L1: 0.0278]	1.3+0.1s
[200/945]	[L1: 0.0278]	1.3+0.1s
[240/945]	[L1: 0.0280]	1.4+0.1s
[280/945]	[L1: 0.0280]	1.3+0.1s
[320/945]	[L1: 0.0280]	1.3+0.1s
[360/945]	[L1: 0.0280]	1.3+0.1s
[400/945]	[L1: 0.0282]	1.3+0.1s
[440/945]	[L1: 0.0282]	1.3+0.1s
[480/945]	[L1: 0.0281]	1.3+0.1s
[520/945]	[L1: 0.0280]	1.3+0.1s
[560/945]	[L1: 0.0284]	1.3+0.1s
[600/945]	[L1: 0.0283]	1.3+0.1s
[640/945]	[L1: 0.0283]	1.3+0.1s
[680/945]	[L1: 0.0281]	1.3+0.1s
[720/945]	[L1: 0.0282]	1.3+0.1s
[760/945]	[L1: 0.0282]	1.3+0.1s
[800/945]	[L1: 0.0280]	1.3+0.1s
[840/945]	[L1: 0.0281]	1.4+0.1s
[880/945]	[L1: 0.0281]	1.3+0.1s
[920/945]	[L1: 0.0280]	1.3+0.1s

Evaluation:
[UCMerced x4]	psnr: 28.030 (Best: 28.093 @epoch 281)
Total time: 1.79s

[Epoch 298]	Learning rate: 1.00e-4
[40/945]	[L1: 0.0298]	1.3+0.1s
[80/945]	[L1: 0.0286]	1.3+0.1s
[120/945]	[L1: 0.0285]	1.3+0.1s
[160/945]	[L1: 0.0279]	1.3+0.1s
[200/945]	[L1: 0.0284]	1.3+0.1s
[240/945]	[L1: 0.0284]	1.3+0.1s
[280/945]	[L1: 0.0284]	1.3+0.1s
[320/945]	[L1: 0.0285]	1.4+0.1s
[360/945]	[L1: 0.0287]	1.3+0.1s
[400/945]	[L1: 0.0286]	1.3+0.1s
[440/945]	[L1: 0.0284]	1.3+0.1s
[480/945]	[L1: 0.0285]	1.3+0.1s
[520/945]	[L1: 0.0282]	1.3+0.1s
[560/945]	[L1: 0.0282]	1.3+0.1s
[600/945]	[L1: 0.0280]	1.3+0.1s
[640/945]	[L1: 0.0280]	1.3+0.1s
[680/945]	[L1: 0.0282]	1.3+0.1s
[720/945]	[L1: 0.0281]	1.3+0.1s
[760/945]	[L1: 0.0281]	1.3+0.1s
[800/945]	[L1: 0.0280]	1.3+0.1s
[840/945]	[L1: 0.0281]	1.3+0.1s
[880/945]	[L1: 0.0279]	1.3+0.1s
[920/945]	[L1: 0.0280]	1.4+0.1s

Evaluation:
[UCMerced x4]	psnr: 28.054 (Best: 28.093 @epoch 281)
Total time: 1.79s

[Epoch 299]	Learning rate: 1.00e-4
[40/945]	[L1: 0.0302]	1.3+0.1s
[80/945]	[L1: 0.0283]	1.3+0.1s
[120/945]	[L1: 0.0281]	1.3+0.1s
[160/945]	[L1: 0.0281]	1.3+0.1s
[200/945]	[L1: 0.0283]	1.3+0.1s
[240/945]	[L1: 0.0281]	1.3+0.1s
[280/945]	[L1: 0.0281]	1.3+0.1s
[320/945]	[L1: 0.0278]	1.3+0.1s
[360/945]	[L1: 0.0280]	1.3+0.1s
[400/945]	[L1: 0.0277]	1.4+0.1s
[440/945]	[L1: 0.0278]	1.3+0.1s
[480/945]	[L1: 0.0277]	1.3+0.1s
[520/945]	[L1: 0.0276]	1.3+0.1s
[560/945]	[L1: 0.0275]	1.3+0.1s
[600/945]	[L1: 0.0275]	1.3+0.1s
[640/945]	[L1: 0.0276]	1.3+0.1s
[680/945]	[L1: 0.0277]	1.3+0.1s
[720/945]	[L1: 0.0275]	1.3+0.1s
[760/945]	[L1: 0.0277]	1.3+0.1s
[800/945]	[L1: 0.0277]	1.3+0.1s
[840/945]	[L1: 0.0277]	1.3+0.1s
[880/945]	[L1: 0.0279]	1.3+0.1s
[920/945]	[L1: 0.0280]	1.3+0.1s

Evaluation:
[UCMerced x4]	psnr: 28.073 (Best: 28.093 @epoch 281)
Total time: 1.81s

[Epoch 300]	Learning rate: 1.00e-4
[40/945]	[L1: 0.0264]	1.3+0.1s
[80/945]	[L1: 0.0279]	1.3+0.1s
[120/945]	[L1: 0.0273]	1.3+0.1s
[160/945]	[L1: 0.0276]	1.3+0.1s
[200/945]	[L1: 0.0280]	1.3+0.1s
[240/945]	[L1: 0.0274]	1.3+0.1s
[280/945]	[L1: 0.0275]	1.3+0.1s
[320/945]	[L1: 0.0277]	1.3+0.1s
[360/945]	[L1: 0.0276]	1.3+0.1s
[400/945]	[L1: 0.0278]	1.3+0.1s
[440/945]	[L1: 0.0277]	1.3+0.1s
[480/945]	[L1: 0.0277]	1.4+0.1s
[520/945]	[L1: 0.0278]	1.3+0.1s
[560/945]	[L1: 0.0280]	1.3+0.1s
[600/945]	[L1: 0.0281]	1.3+0.1s
[640/945]	[L1: 0.0282]	1.3+0.1s
[680/945]	[L1: 0.0282]	1.3+0.1s
[720/945]	[L1: 0.0282]	1.3+0.1s
[760/945]	[L1: 0.0281]	1.3+0.1s
[800/945]	[L1: 0.0282]	1.3+0.1s
[840/945]	[L1: 0.0280]	1.3+0.1s
[880/945]	[L1: 0.0279]	1.3+0.1s
[920/945]	[L1: 0.0280]	1.3+0.1s
Saved epoch checkpoint at epoch 300

Evaluation:
[UCMerced x4]	psnr: 28.037 (Best: 28.093 @epoch 281)
Total time: 1.78s

[Epoch 301]	Learning rate: 1.00e-4
[40/945]	[L1: 0.0324]	1.3+0.1s
[80/945]	[L1: 0.0293]	1.3+0.1s
[120/945]	[L1: 0.0284]	1.3+0.1s
[160/945]	[L1: 0.0280]	1.3+0.1s
[200/945]	[L1: 0.0276]	1.3+0.1s
[240/945]	[L1: 0.0278]	1.3+0.1s
[280/945]	[L1: 0.0282]	1.3+0.1s
[320/945]	[L1: 0.0280]	1.3+0.1s
[360/945]	[L1: 0.0280]	1.3+0.1s
[400/945]	[L1: 0.0280]	1.3+0.1s
[440/945]	[L1: 0.0279]	1.3+0.1s
[480/945]	[L1: 0.0278]	1.3+0.1s
[520/945]	[L1: 0.0278]	1.4+0.1s
[560/945]	[L1: 0.0277]	1.3+0.1s
[600/945]	[L1: 0.0276]	1.3+0.1s
[640/945]	[L1: 0.0278]	1.3+0.1s
[680/945]	[L1: 0.0277]	1.3+0.1s
[720/945]	[L1: 0.0277]	1.3+0.1s
[760/945]	[L1: 0.0278]	1.3+0.1s
[800/945]	[L1: 0.0278]	1.3+0.1s
[840/945]	[L1: 0.0279]	1.3+0.1s
[880/945]	[L1: 0.0279]	1.3+0.1s
[920/945]	[L1: 0.0279]	1.3+0.1s

Evaluation:
[UCMerced x4]	psnr: 28.071 (Best: 28.093 @epoch 281)
Total time: 1.79s

[Epoch 302]	Learning rate: 1.00e-4
[40/945]	[L1: 0.0275]	1.4+0.1s
[80/945]	[L1: 0.0289]	1.3+0.1s
[120/945]	[L1: 0.0284]	1.3+0.1s
[160/945]	[L1: 0.0283]	1.3+0.1s
[200/945]	[L1: 0.0282]	1.3+0.1s
[240/945]	[L1: 0.0283]	1.3+0.1s
[280/945]	[L1: 0.0279]	1.3+0.1s
[320/945]	[L1: 0.0283]	1.3+0.1s
[360/945]	[L1: 0.0283]	1.3+0.1s
[400/945]	[L1: 0.0283]	1.3+0.1s
[440/945]	[L1: 0.0283]	1.3+0.1s
[480/945]	[L1: 0.0280]	1.3+0.1s
[520/945]	[L1: 0.0281]	1.3+0.1s
[560/945]	[L1: 0.0279]	1.3+0.1s
[600/945]	[L1: 0.0278]	1.4+0.1s
[640/945]	[L1: 0.0278]	1.3+0.1s
[680/945]	[L1: 0.0279]	1.3+0.1s
[720/945]	[L1: 0.0279]	1.3+0.1s
[760/945]	[L1: 0.0278]	1.3+0.1s
[800/945]	[L1: 0.0278]	1.3+0.1s
[840/945]	[L1: 0.0279]	1.3+0.1s
[880/945]	[L1: 0.0279]	1.3+0.1s
[920/945]	[L1: 0.0280]	1.3+0.1s

Evaluation:
[UCMerced x4]	psnr: 28.042 (Best: 28.093 @epoch 281)
Total time: 1.78s

[Epoch 303]	Learning rate: 1.00e-4
[40/945]	[L1: 0.0263]	1.3+0.1s
[80/945]	[L1: 0.0283]	1.4+0.1s
[120/945]	[L1: 0.0292]	1.3+0.1s
[160/945]	[L1: 0.0285]	1.3+0.1s
[200/945]	[L1: 0.0288]	1.3+0.1s
[240/945]	[L1: 0.0287]	1.3+0.1s
[280/945]	[L1: 0.0286]	1.3+0.1s
[320/945]	[L1: 0.0284]	1.3+0.1s
[360/945]	[L1: 0.0280]	1.3+0.1s
[400/945]	[L1: 0.0280]	1.3+0.1s
[440/945]	[L1: 0.0283]	1.3+0.1s
[480/945]	[L1: 0.0280]	1.3+0.1s
[520/945]	[L1: 0.0279]	1.3+0.1s
[560/945]	[L1: 0.0279]	1.3+0.1s
[600/945]	[L1: 0.0279]	1.3+0.1s
[640/945]	[L1: 0.0280]	1.4+0.1s
[680/945]	[L1: 0.0279]	1.3+0.1s
[720/945]	[L1: 0.0282]	1.3+0.1s
[760/945]	[L1: 0.0283]	1.3+0.1s
[800/945]	[L1: 0.0283]	1.3+0.1s
[840/945]	[L1: 0.0282]	1.3+0.1s
[880/945]	[L1: 0.0280]	1.3+0.1s
[920/945]	[L1: 0.0280]	1.3+0.1s

Evaluation:
[UCMerced x4]	psnr: 28.094 (Best: 28.094 @epoch 303)
Total time: 1.79s

[Epoch 304]	Learning rate: 1.00e-4
[40/945]	[L1: 0.0274]	1.3+0.1s
[80/945]	[L1: 0.0268]	1.3+0.1s
[120/945]	[L1: 0.0281]	1.3+0.1s
[160/945]	[L1: 0.0283]	1.4+0.1s
[200/945]	[L1: 0.0282]	1.3+0.1s
[240/945]	[L1: 0.0281]	1.3+0.1s
[280/945]	[L1: 0.0278]	1.3+0.1s
[320/945]	[L1: 0.0278]	1.3+0.1s
[360/945]	[L1: 0.0276]	1.3+0.1s
[400/945]	[L1: 0.0277]	1.3+0.1s
[440/945]	[L1: 0.0278]	1.3+0.1s
[480/945]	[L1: 0.0276]	1.3+0.1s
[520/945]	[L1: 0.0278]	1.3+0.1s
[560/945]	[L1: 0.0278]	1.3+0.1s
[600/945]	[L1: 0.0276]	1.3+0.1s
[640/945]	[L1: 0.0275]	1.3+0.1s
[680/945]	[L1: 0.0277]	1.3+0.1s
[720/945]	[L1: 0.0279]	1.3+0.1s
[760/945]	[L1: 0.0279]	1.4+0.1s
[800/945]	[L1: 0.0278]	1.3+0.1s
[840/945]	[L1: 0.0279]	1.3+0.1s
[880/945]	[L1: 0.0279]	1.3+0.1s
[920/945]	[L1: 0.0280]	1.3+0.1s

Evaluation:
[UCMerced x4]	psnr: 28.083 (Best: 28.094 @epoch 303)
Total time: 1.78s

[Epoch 305]	Learning rate: 1.00e-4
[40/945]	[L1: 0.0269]	1.3+0.1s
[80/945]	[L1: 0.0288]	1.3+0.1s
[120/945]	[L1: 0.0282]	1.3+0.1s
[160/945]	[L1: 0.0281]	1.3+0.1s
[200/945]	[L1: 0.0283]	1.3+0.1s
[240/945]	[L1: 0.0282]	1.4+0.1s
[280/945]	[L1: 0.0282]	1.3+0.1s
[320/945]	[L1: 0.0282]	1.3+0.1s
[360/945]	[L1: 0.0280]	1.3+0.1s
[400/945]	[L1: 0.0281]	1.3+0.1s
[440/945]	[L1: 0.0283]	1.3+0.1s
[480/945]	[L1: 0.0281]	1.3+0.1s
[520/945]	[L1: 0.0282]	1.3+0.1s
[560/945]	[L1: 0.0280]	1.3+0.1s
[600/945]	[L1: 0.0280]	1.3+0.1s
[640/945]	[L1: 0.0280]	1.3+0.1s
[680/945]	[L1: 0.0278]	1.3+0.1s
[720/945]	[L1: 0.0278]	1.3+0.1s
[760/945]	[L1: 0.0278]	1.3+0.1s
[800/945]	[L1: 0.0279]	1.4+0.1s
[840/945]	[L1: 0.0279]	1.3+0.1s
[880/945]	[L1: 0.0278]	1.3+0.1s
[920/945]	[L1: 0.0279]	1.3+0.1s

Evaluation:
[UCMerced x4]	psnr: 28.073 (Best: 28.094 @epoch 303)
Total time: 1.78s

[Epoch 306]	Learning rate: 1.00e-4
[40/945]	[L1: 0.0285]	1.3+0.1s
[80/945]	[L1: 0.0292]	1.3+0.1s
[120/945]	[L1: 0.0297]	1.3+0.1s
[160/945]	[L1: 0.0290]	1.3+0.1s
[200/945]	[L1: 0.0282]	1.3+0.1s
[240/945]	[L1: 0.0280]	1.3+0.1s
[280/945]	[L1: 0.0277]	1.3+0.1s
[320/945]	[L1: 0.0280]	1.4+0.1s
[360/945]	[L1: 0.0279]	1.3+0.1s
[400/945]	[L1: 0.0280]	1.3+0.1s
[440/945]	[L1: 0.0281]	1.3+0.1s
[480/945]	[L1: 0.0280]	1.3+0.1s
[520/945]	[L1: 0.0280]	1.3+0.1s
[560/945]	[L1: 0.0280]	1.3+0.1s
[600/945]	[L1: 0.0280]	1.3+0.1s
[640/945]	[L1: 0.0279]	1.3+0.1s
[680/945]	[L1: 0.0279]	1.3+0.1s
[720/945]	[L1: 0.0279]	1.3+0.1s
[760/945]	[L1: 0.0278]	1.3+0.1s
[800/945]	[L1: 0.0278]	1.3+0.1s
[840/945]	[L1: 0.0281]	1.3+0.1s
[880/945]	[L1: 0.0281]	1.4+0.1s
[920/945]	[L1: 0.0280]	1.3+0.1s

Evaluation:
[UCMerced x4]	psnr: 28.063 (Best: 28.094 @epoch 303)
Total time: 1.77s

[Epoch 307]	Learning rate: 1.00e-4
[40/945]	[L1: 0.0284]	1.3+0.1s
[80/945]	[L1: 0.0284]	1.3+0.1s
[120/945]	[L1: 0.0284]	1.3+0.1s
[160/945]	[L1: 0.0284]	1.3+0.1s
[200/945]	[L1: 0.0281]	1.3+0.1s
[240/945]	[L1: 0.0280]	1.3+0.1s
[280/945]	[L1: 0.0276]	1.3+0.1s
[320/945]	[L1: 0.0277]	1.3+0.1s
[360/945]	[L1: 0.0281]	1.3+0.1s
[400/945]	[L1: 0.0281]	1.4+0.1s
[440/945]	[L1: 0.0281]	1.3+0.1s
[480/945]	[L1: 0.0280]	1.3+0.1s
[520/945]	[L1: 0.0281]	1.3+0.1s
[560/945]	[L1: 0.0280]	1.3+0.1s
[600/945]	[L1: 0.0280]	1.3+0.1s
[640/945]	[L1: 0.0280]	1.3+0.1s
[680/945]	[L1: 0.0281]	1.3+0.1s
[720/945]	[L1: 0.0280]	1.3+0.1s
[760/945]	[L1: 0.0281]	1.3+0.1s
[800/945]	[L1: 0.0280]	1.3+0.1s
[840/945]	[L1: 0.0279]	1.3+0.1s
[880/945]	[L1: 0.0278]	1.3+0.1s
[920/945]	[L1: 0.0279]	1.3+0.1s

Evaluation:
[UCMerced x4]	psnr: 28.067 (Best: 28.094 @epoch 303)
Total time: 1.80s

[Epoch 308]	Learning rate: 1.00e-4
[40/945]	[L1: 0.0270]	1.3+0.1s
[80/945]	[L1: 0.0289]	1.3+0.1s
[120/945]	[L1: 0.0295]	1.3+0.1s
[160/945]	[L1: 0.0293]	1.3+0.1s
[200/945]	[L1: 0.0295]	1.3+0.1s
[240/945]	[L1: 0.0295]	1.3+0.1s
[280/945]	[L1: 0.0291]	1.3+0.1s
[320/945]	[L1: 0.0291]	1.3+0.1s
[360/945]	[L1: 0.0289]	1.3+0.1s
[400/945]	[L1: 0.0288]	1.3+0.1s
[440/945]	[L1: 0.0288]	1.3+0.1s
[480/945]	[L1: 0.0287]	1.4+0.1s
[520/945]	[L1: 0.0285]	1.3+0.1s
[560/945]	[L1: 0.0283]	1.4+0.1s
[600/945]	[L1: 0.0282]	1.3+0.1s
[640/945]	[L1: 0.0281]	1.3+0.1s
[680/945]	[L1: 0.0280]	1.3+0.1s
[720/945]	[L1: 0.0281]	1.3+0.1s
[760/945]	[L1: 0.0281]	1.3+0.1s
[800/945]	[L1: 0.0280]	1.3+0.1s
[840/945]	[L1: 0.0281]	1.3+0.1s
[880/945]	[L1: 0.0279]	1.3+0.1s
[920/945]	[L1: 0.0280]	1.3+0.1s

Evaluation:
[UCMerced x4]	psnr: 28.098 (Best: 28.098 @epoch 308)
Total time: 1.79s

[Epoch 309]	Learning rate: 1.00e-4
[40/945]	[L1: 0.0310]	1.3+0.1s
[80/945]	[L1: 0.0285]	1.3+0.1s
[120/945]	[L1: 0.0284]	1.3+0.1s
[160/945]	[L1: 0.0279]	1.3+0.1s
[200/945]	[L1: 0.0278]	1.3+0.1s
[240/945]	[L1: 0.0283]	1.3+0.1s
[280/945]	[L1: 0.0278]	1.3+0.1s
[320/945]	[L1: 0.0280]	1.3+0.1s
[360/945]	[L1: 0.0281]	1.3+0.1s
[400/945]	[L1: 0.0281]	1.3+0.1s
[440/945]	[L1: 0.0281]	1.3+0.1s
[480/945]	[L1: 0.0282]	1.3+0.1s
[520/945]	[L1: 0.0281]	1.4+0.1s
[560/945]	[L1: 0.0279]	1.3+0.1s
[600/945]	[L1: 0.0279]	1.3+0.1s
[640/945]	[L1: 0.0278]	1.3+0.1s
[680/945]	[L1: 0.0279]	1.3+0.1s
[720/945]	[L1: 0.0279]	1.3+0.1s
[760/945]	[L1: 0.0279]	1.3+0.1s
[800/945]	[L1: 0.0280]	1.3+0.1s
[840/945]	[L1: 0.0281]	1.3+0.1s
[880/945]	[L1: 0.0280]	1.3+0.1s
[920/945]	[L1: 0.0279]	1.3+0.1s

Evaluation:
[UCMerced x4]	psnr: 28.077 (Best: 28.098 @epoch 308)
Total time: 1.81s

[Epoch 310]	Learning rate: 1.00e-4
[40/945]	[L1: 0.0274]	1.4+0.1s
[80/945]	[L1: 0.0277]	1.3+0.1s
[120/945]	[L1: 0.0283]	1.3+0.1s
[160/945]	[L1: 0.0278]	1.3+0.1s
[200/945]	[L1: 0.0281]	1.3+0.1s
[240/945]	[L1: 0.0277]	1.3+0.1s
[280/945]	[L1: 0.0277]	1.3+0.1s
[320/945]	[L1: 0.0278]	1.3+0.1s
[360/945]	[L1: 0.0279]	1.3+0.1s
[400/945]	[L1: 0.0279]	1.3+0.1s
[440/945]	[L1: 0.0282]	1.3+0.1s
[480/945]	[L1: 0.0281]	1.3+0.1s
[520/945]	[L1: 0.0283]	1.3+0.1s
[560/945]	[L1: 0.0282]	1.3+0.1s
[600/945]	[L1: 0.0282]	1.4+0.1s
[640/945]	[L1: 0.0282]	1.3+0.1s
[680/945]	[L1: 0.0283]	1.3+0.1s
[720/945]	[L1: 0.0282]	1.3+0.1s
[760/945]	[L1: 0.0282]	1.3+0.1s
[800/945]	[L1: 0.0282]	1.3+0.1s
[840/945]	[L1: 0.0281]	1.3+0.1s
[880/945]	[L1: 0.0281]	1.3+0.1s
[920/945]	[L1: 0.0280]	1.3+0.1s

Evaluation:
[UCMerced x4]	psnr: 28.082 (Best: 28.098 @epoch 308)
Total time: 1.81s

[Epoch 311]	Learning rate: 1.00e-4
[40/945]	[L1: 0.0274]	1.3+0.1s
[80/945]	[L1: 0.0290]	1.3+0.1s
[120/945]	[L1: 0.0286]	1.4+0.1s
[160/945]	[L1: 0.0282]	1.3+0.1s
[200/945]	[L1: 0.0280]	1.3+0.1s
[240/945]	[L1: 0.0279]	1.3+0.1s
[280/945]	[L1: 0.0281]	1.3+0.1s
[320/945]	[L1: 0.0284]	1.3+0.1s
[360/945]	[L1: 0.0285]	1.3+0.1s
[400/945]	[L1: 0.0283]	1.3+0.1s
[440/945]	[L1: 0.0284]	1.3+0.1s
[480/945]	[L1: 0.0283]	1.3+0.1s
[520/945]	[L1: 0.0282]	1.3+0.1s
[560/945]	[L1: 0.0281]	1.3+0.1s
[600/945]	[L1: 0.0280]	1.3+0.1s
[640/945]	[L1: 0.0280]	1.3+0.1s
[680/945]	[L1: 0.0280]	1.4+0.1s
[720/945]	[L1: 0.0280]	1.3+0.1s
[760/945]	[L1: 0.0279]	1.3+0.1s
[800/945]	[L1: 0.0281]	1.3+0.1s
[840/945]	[L1: 0.0282]	1.4+0.1s
[880/945]	[L1: 0.0280]	1.3+0.1s
[920/945]	[L1: 0.0280]	1.3+0.1s

Evaluation:
[UCMerced x4]	psnr: 28.057 (Best: 28.098 @epoch 308)
Total time: 1.79s

[Epoch 312]	Learning rate: 1.00e-4
[40/945]	[L1: 0.0294]	1.3+0.1s
[80/945]	[L1: 0.0269]	1.3+0.1s
[120/945]	[L1: 0.0272]	1.3+0.1s
[160/945]	[L1: 0.0273]	1.3+0.1s
[200/945]	[L1: 0.0276]	1.4+0.1s
[240/945]	[L1: 0.0277]	1.3+0.1s
[280/945]	[L1: 0.0278]	1.3+0.1s
[320/945]	[L1: 0.0283]	1.3+0.1s
[360/945]	[L1: 0.0284]	1.3+0.1s
[400/945]	[L1: 0.0284]	1.3+0.1s
[440/945]	[L1: 0.0285]	1.3+0.1s
[480/945]	[L1: 0.0285]	1.3+0.1s
[520/945]	[L1: 0.0285]	1.3+0.1s
[560/945]	[L1: 0.0286]	1.3+0.1s
[600/945]	[L1: 0.0286]	1.3+0.1s
[640/945]	[L1: 0.0285]	1.3+0.1s
[680/945]	[L1: 0.0284]	1.3+0.1s
[720/945]	[L1: 0.0284]	1.4+0.1s
[760/945]	[L1: 0.0285]	1.4+0.1s
[800/945]	[L1: 0.0284]	1.3+0.1s
[840/945]	[L1: 0.0283]	1.3+0.1s
[880/945]	[L1: 0.0281]	1.3+0.1s
[920/945]	[L1: 0.0280]	1.3+0.1s

Evaluation:
[UCMerced x4]	psnr: 28.074 (Best: 28.098 @epoch 308)
Total time: 1.80s

[Epoch 313]	Learning rate: 1.00e-4
[40/945]	[L1: 0.0296]	1.3+0.1s
[80/945]	[L1: 0.0290]	1.3+0.1s
[120/945]	[L1: 0.0289]	1.4+0.1s
[160/945]	[L1: 0.0280]	1.3+0.1s
[200/945]	[L1: 0.0276]	1.3+0.1s
[240/945]	[L1: 0.0278]	1.4+0.1s
[280/945]	[L1: 0.0281]	1.3+0.1s
[320/945]	[L1: 0.0281]	1.3+0.1s
[360/945]	[L1: 0.0280]	1.3+0.1s
[400/945]	[L1: 0.0276]	1.3+0.1s
[440/945]	[L1: 0.0277]	1.3+0.1s
[480/945]	[L1: 0.0280]	1.3+0.1s
[520/945]	[L1: 0.0281]	1.3+0.1s
[560/945]	[L1: 0.0281]	1.3+0.1s
[600/945]	[L1: 0.0280]	1.3+0.1s
[640/945]	[L1: 0.0280]	1.3+0.1s
[680/945]	[L1: 0.0282]	1.3+0.1s
[720/945]	[L1: 0.0281]	1.3+0.1s
[760/945]	[L1: 0.0279]	1.3+0.1s
[800/945]	[L1: 0.0278]	1.3+0.1s
[840/945]	[L1: 0.0278]	1.4+0.1s
[880/945]	[L1: 0.0278]	1.3+0.1s
[920/945]	[L1: 0.0278]	1.3+0.1s

Evaluation:
[UCMerced x4]	psnr: 28.028 (Best: 28.098 @epoch 308)
Total time: 1.79s

[Epoch 314]	Learning rate: 1.00e-4
[40/945]	[L1: 0.0315]	1.3+0.1s
[80/945]	[L1: 0.0289]	1.3+0.1s
[120/945]	[L1: 0.0288]	1.3+0.1s
[160/945]	[L1: 0.0290]	1.3+0.1s
[200/945]	[L1: 0.0287]	1.3+0.1s
[240/945]	[L1: 0.0285]	1.3+0.1s
[280/945]	[L1: 0.0282]	1.3+0.1s
[320/945]	[L1: 0.0281]	1.4+0.1s
[360/945]	[L1: 0.0278]	1.3+0.1s
[400/945]	[L1: 0.0279]	1.3+0.1s
[440/945]	[L1: 0.0278]	1.3+0.1s
[480/945]	[L1: 0.0279]	1.3+0.1s
[520/945]	[L1: 0.0280]	1.3+0.1s
[560/945]	[L1: 0.0279]	1.3+0.1s
[600/945]	[L1: 0.0281]	1.3+0.1s
[640/945]	[L1: 0.0281]	1.3+0.1s
[680/945]	[L1: 0.0281]	1.3+0.1s
[720/945]	[L1: 0.0280]	1.3+0.1s
[760/945]	[L1: 0.0280]	1.3+0.1s
[800/945]	[L1: 0.0280]	1.3+0.1s
[840/945]	[L1: 0.0278]	1.3+0.1s
[880/945]	[L1: 0.0280]	1.4+0.1s
[920/945]	[L1: 0.0279]	1.3+0.1s

Evaluation:
[UCMerced x4]	psnr: 28.050 (Best: 28.098 @epoch 308)
Total time: 1.81s

[Epoch 315]	Learning rate: 1.00e-4
[40/945]	[L1: 0.0277]	1.4+0.1s
[80/945]	[L1: 0.0282]	1.4+0.1s
[120/945]	[L1: 0.0276]	1.3+0.1s
[160/945]	[L1: 0.0288]	1.3+0.1s
[200/945]	[L1: 0.0286]	1.3+0.1s
[240/945]	[L1: 0.0283]	1.3+0.1s
[280/945]	[L1: 0.0284]	1.3+0.1s
[320/945]	[L1: 0.0281]	1.3+0.1s
[360/945]	[L1: 0.0279]	1.4+0.1s
[400/945]	[L1: 0.0280]	1.5+0.1s
[440/945]	[L1: 0.0280]	1.3+0.1s
[480/945]	[L1: 0.0280]	1.3+0.1s
[520/945]	[L1: 0.0279]	1.3+0.1s
[560/945]	[L1: 0.0278]	1.3+0.1s
[600/945]	[L1: 0.0281]	1.3+0.1s
[640/945]	[L1: 0.0280]	1.3+0.1s
[680/945]	[L1: 0.0281]	1.3+0.1s
[720/945]	[L1: 0.0279]	1.3+0.1s
[760/945]	[L1: 0.0279]	1.3+0.1s
[800/945]	[L1: 0.0279]	1.3+0.1s
[840/945]	[L1: 0.0279]	1.3+0.1s
[880/945]	[L1: 0.0279]	1.3+0.1s
[920/945]	[L1: 0.0279]	1.3+0.1s

Evaluation:
[UCMerced x4]	psnr: 28.067 (Best: 28.098 @epoch 308)
Total time: 1.77s

[Epoch 316]	Learning rate: 1.00e-4
[40/945]	[L1: 0.0288]	1.3+0.1s
[80/945]	[L1: 0.0293]	1.3+0.1s
[120/945]	[L1: 0.0293]	1.3+0.1s
[160/945]	[L1: 0.0290]	1.3+0.1s
[200/945]	[L1: 0.0287]	1.3+0.1s
[240/945]	[L1: 0.0286]	1.3+0.1s
[280/945]	[L1: 0.0285]	1.3+0.1s
[320/945]	[L1: 0.0286]	1.3+0.1s
[360/945]	[L1: 0.0280]	1.3+0.1s
[400/945]	[L1: 0.0281]	1.3+0.1s
[440/945]	[L1: 0.0282]	1.3+0.1s
[480/945]	[L1: 0.0282]	1.4+0.1s
[520/945]	[L1: 0.0284]	1.3+0.1s
[560/945]	[L1: 0.0283]	1.3+0.1s
[600/945]	[L1: 0.0283]	1.3+0.1s
[640/945]	[L1: 0.0283]	1.3+0.1s
[680/945]	[L1: 0.0283]	1.3+0.1s
[720/945]	[L1: 0.0282]	1.3+0.1s
[760/945]	[L1: 0.0281]	1.3+0.1s
[800/945]	[L1: 0.0282]	1.3+0.1s
[840/945]	[L1: 0.0281]	1.3+0.1s
[880/945]	[L1: 0.0280]	1.3+0.1s
[920/945]	[L1: 0.0281]	1.3+0.1s

Evaluation:
[UCMerced x4]	psnr: 28.055 (Best: 28.098 @epoch 308)
Total time: 1.79s

[Epoch 317]	Learning rate: 1.00e-4
[40/945]	[L1: 0.0279]	1.3+0.1s
[80/945]	[L1: 0.0291]	1.3+0.1s
[120/945]	[L1: 0.0282]	1.3+0.1s
[160/945]	[L1: 0.0282]	1.3+0.1s
[200/945]	[L1: 0.0278]	1.3+0.1s
[240/945]	[L1: 0.0278]	1.3+0.1s
[280/945]	[L1: 0.0278]	1.3+0.1s
[320/945]	[L1: 0.0278]	1.3+0.1s
[360/945]	[L1: 0.0278]	1.3+0.1s
[400/945]	[L1: 0.0278]	1.3+0.1s
[440/945]	[L1: 0.0279]	1.3+0.1s
[480/945]	[L1: 0.0278]	1.3+0.1s
[520/945]	[L1: 0.0279]	1.3+0.1s
[560/945]	[L1: 0.0281]	1.3+0.1s
[600/945]	[L1: 0.0280]	1.4+0.1s
[640/945]	[L1: 0.0279]	1.3+0.1s
[680/945]	[L1: 0.0280]	1.3+0.1s
[720/945]	[L1: 0.0280]	1.3+0.1s
[760/945]	[L1: 0.0279]	1.3+0.1s
[800/945]	[L1: 0.0278]	1.3+0.1s
[840/945]	[L1: 0.0277]	1.3+0.1s
[880/945]	[L1: 0.0278]	1.3+0.1s
[920/945]	[L1: 0.0278]	1.3+0.1s

Evaluation:
[UCMerced x4]	psnr: 28.076 (Best: 28.098 @epoch 308)
Total time: 1.78s

[Epoch 318]	Learning rate: 1.00e-4
[40/945]	[L1: 0.0305]	1.3+0.1s
[80/945]	[L1: 0.0299]	1.3+0.1s
[120/945]	[L1: 0.0290]	1.4+0.1s
[160/945]	[L1: 0.0284]	1.3+0.1s
[200/945]	[L1: 0.0287]	1.3+0.1s
[240/945]	[L1: 0.0283]	1.3+0.1s
[280/945]	[L1: 0.0282]	1.3+0.1s
[320/945]	[L1: 0.0280]	1.3+0.1s
[360/945]	[L1: 0.0280]	1.2+0.1s
[400/945]	[L1: 0.0277]	1.2+0.1s
[440/945]	[L1: 0.0280]	1.2+0.1s
[480/945]	[L1: 0.0279]	1.2+0.1s
[520/945]	[L1: 0.0278]	1.2+0.1s
[560/945]	[L1: 0.0280]	1.2+0.1s
[600/945]	[L1: 0.0281]	1.2+0.1s
[640/945]	[L1: 0.0279]	1.2+0.1s
[680/945]	[L1: 0.0279]	1.3+0.1s
[720/945]	[L1: 0.0279]	1.2+0.1s
[760/945]	[L1: 0.0278]	1.2+0.1s
[800/945]	[L1: 0.0277]	1.2+0.1s
[840/945]	[L1: 0.0278]	1.2+0.1s
[880/945]	[L1: 0.0279]	1.2+0.1s
[920/945]	[L1: 0.0279]	1.2+0.1s

Evaluation:
[UCMerced x4]	psnr: 28.106 (Best: 28.106 @epoch 318)
Total time: 1.74s

[Epoch 319]	Learning rate: 1.00e-4
[40/945]	[L1: 0.0303]	1.2+0.1s
[80/945]	[L1: 0.0285]	1.2+0.1s
[120/945]	[L1: 0.0283]	1.2+0.1s
[160/945]	[L1: 0.0282]	1.2+0.1s
[200/945]	[L1: 0.0279]	1.3+0.1s
[240/945]	[L1: 0.0281]	1.2+0.1s
[280/945]	[L1: 0.0279]	1.2+0.1s
[320/945]	[L1: 0.0282]	1.2+0.1s
[360/945]	[L1: 0.0284]	1.2+0.1s
[400/945]	[L1: 0.0280]	1.2+0.1s
[440/945]	[L1: 0.0281]	1.2+0.1s
[480/945]	[L1: 0.0279]	1.2+0.1s
[520/945]	[L1: 0.0279]	1.2+0.1s
[560/945]	[L1: 0.0279]	1.2+0.1s
[600/945]	[L1: 0.0281]	1.2+0.1s
[640/945]	[L1: 0.0281]	1.2+0.1s
[680/945]	[L1: 0.0280]	1.2+0.1s
[720/945]	[L1: 0.0282]	1.2+0.1s
[760/945]	[L1: 0.0280]	1.3+0.1s
[800/945]	[L1: 0.0279]	1.2+0.1s
[840/945]	[L1: 0.0279]	1.2+0.1s
[880/945]	[L1: 0.0279]	1.2+0.1s
[920/945]	[L1: 0.0279]	1.2+0.1s

Evaluation:
[UCMerced x4]	psnr: 28.084 (Best: 28.106 @epoch 318)
Total time: 1.76s

[Epoch 320]	Learning rate: 1.00e-4
[40/945]	[L1: 0.0284]	1.3+0.1s
[80/945]	[L1: 0.0273]	1.2+0.1s
[120/945]	[L1: 0.0275]	1.2+0.1s
[160/945]	[L1: 0.0270]	1.2+0.1s
[200/945]	[L1: 0.0273]	1.2+0.1s
[240/945]	[L1: 0.0273]	1.3+0.1s
[280/945]	[L1: 0.0273]	1.2+0.1s
[320/945]	[L1: 0.0272]	1.2+0.1s
[360/945]	[L1: 0.0271]	1.2+0.1s
[400/945]	[L1: 0.0274]	1.2+0.1s
[440/945]	[L1: 0.0276]	1.2+0.1s
[480/945]	[L1: 0.0276]	1.2+0.1s
[520/945]	[L1: 0.0278]	1.2+0.1s
[560/945]	[L1: 0.0277]	1.2+0.1s
[600/945]	[L1: 0.0277]	1.2+0.1s
[640/945]	[L1: 0.0276]	1.2+0.1s
[680/945]	[L1: 0.0276]	1.2+0.1s
[720/945]	[L1: 0.0277]	1.2+0.1s
[760/945]	[L1: 0.0276]	1.2+0.1s
[800/945]	[L1: 0.0276]	1.3+0.1s
[840/945]	[L1: 0.0277]	1.2+0.1s
[880/945]	[L1: 0.0279]	1.2+0.1s
[920/945]	[L1: 0.0278]	1.2+0.1s

Evaluation:
[UCMerced x4]	psnr: 28.081 (Best: 28.106 @epoch 318)
Total time: 1.74s

[Epoch 321]	Learning rate: 1.00e-4
[40/945]	[L1: 0.0250]	1.3+0.1s
[80/945]	[L1: 0.0272]	1.2+0.1s
[120/945]	[L1: 0.0264]	1.2+0.1s
[160/945]	[L1: 0.0267]	1.2+0.1s
[200/945]	[L1: 0.0268]	1.2+0.1s
[240/945]	[L1: 0.0269]	1.2+0.1s
[280/945]	[L1: 0.0269]	1.2+0.1s
[320/945]	[L1: 0.0268]	1.3+0.1s
[360/945]	[L1: 0.0270]	1.2+0.1s
[400/945]	[L1: 0.0269]	1.2+0.1s
[440/945]	[L1: 0.0270]	1.2+0.1s
[480/945]	[L1: 0.0272]	1.2+0.1s
[520/945]	[L1: 0.0274]	1.2+0.1s
[560/945]	[L1: 0.0273]	1.2+0.1s
[600/945]	[L1: 0.0275]	1.2+0.1s
[640/945]	[L1: 0.0276]	1.2+0.1s
[680/945]	[L1: 0.0278]	1.2+0.1s
[720/945]	[L1: 0.0279]	1.2+0.1s
[760/945]	[L1: 0.0279]	1.2+0.1s
[800/945]	[L1: 0.0278]	1.2+0.1s
[840/945]	[L1: 0.0278]	1.2+0.1s
[880/945]	[L1: 0.0278]	1.3+0.1s
[920/945]	[L1: 0.0279]	1.2+0.1s

Evaluation:
[UCMerced x4]	psnr: 28.042 (Best: 28.106 @epoch 318)
Total time: 1.76s

[Epoch 322]	Learning rate: 1.00e-4
[40/945]	[L1: 0.0295]	1.2+0.1s
[80/945]	[L1: 0.0295]	1.2+0.1s
[120/945]	[L1: 0.0289]	1.2+0.1s
[160/945]	[L1: 0.0280]	1.2+0.1s
[200/945]	[L1: 0.0277]	1.2+0.1s
[240/945]	[L1: 0.0278]	1.2+0.1s
[280/945]	[L1: 0.0278]	1.2+0.1s
[320/945]	[L1: 0.0279]	1.2+0.1s
[360/945]	[L1: 0.0279]	1.2+0.1s
[400/945]	[L1: 0.0279]	1.3+0.1s
[440/945]	[L1: 0.0279]	1.2+0.1s
[480/945]	[L1: 0.0278]	1.2+0.1s
[520/945]	[L1: 0.0279]	1.2+0.1s
[560/945]	[L1: 0.0279]	1.3+0.1s
[600/945]	[L1: 0.0280]	1.3+0.1s
[640/945]	[L1: 0.0281]	1.3+0.1s
[680/945]	[L1: 0.0281]	1.3+0.1s
[720/945]	[L1: 0.0281]	1.3+0.1s
[760/945]	[L1: 0.0283]	1.3+0.1s
[800/945]	[L1: 0.0281]	1.3+0.1s
[840/945]	[L1: 0.0280]	1.3+0.1s
[880/945]	[L1: 0.0279]	1.3+0.1s
[920/945]	[L1: 0.0278]	1.3+0.1s

Evaluation:
[UCMerced x4]	psnr: 28.037 (Best: 28.106 @epoch 318)
Total time: 1.80s

[Epoch 323]	Learning rate: 1.00e-4
[40/945]	[L1: 0.0285]	1.3+0.1s
[80/945]	[L1: 0.0288]	1.3+0.1s
[120/945]	[L1: 0.0286]	1.3+0.1s
[160/945]	[L1: 0.0288]	1.3+0.1s
[200/945]	[L1: 0.0287]	1.3+0.1s
[240/945]	[L1: 0.0283]	1.3+0.1s
[280/945]	[L1: 0.0279]	1.3+0.1s
[320/945]	[L1: 0.0280]	1.3+0.1s
[360/945]	[L1: 0.0281]	1.3+0.1s
[400/945]	[L1: 0.0279]	1.3+0.1s
[440/945]	[L1: 0.0279]	1.3+0.1s
[480/945]	[L1: 0.0281]	1.5+0.1s
[520/945]	[L1: 0.0279]	1.3+0.1s
[560/945]	[L1: 0.0278]	1.3+0.1s
[600/945]	[L1: 0.0280]	1.3+0.1s
[640/945]	[L1: 0.0281]	1.3+0.1s
[680/945]	[L1: 0.0280]	1.3+0.1s
[720/945]	[L1: 0.0281]	1.3+0.1s
[760/945]	[L1: 0.0280]	1.3+0.1s
[800/945]	[L1: 0.0280]	1.3+0.1s
[840/945]	[L1: 0.0280]	1.3+0.1s
[880/945]	[L1: 0.0279]	1.3+0.1s
[920/945]	[L1: 0.0280]	1.3+0.1s

Evaluation:
[UCMerced x4]	psnr: 28.059 (Best: 28.106 @epoch 318)
Total time: 1.80s

[Epoch 324]	Learning rate: 1.00e-4
[40/945]	[L1: 0.0270]	1.3+0.1s
[80/945]	[L1: 0.0277]	1.3+0.1s
[120/945]	[L1: 0.0282]	1.3+0.1s
[160/945]	[L1: 0.0280]	1.3+0.1s
[200/945]	[L1: 0.0283]	1.3+0.1s
[240/945]	[L1: 0.0278]	1.3+0.1s
[280/945]	[L1: 0.0280]	1.3+0.1s
[320/945]	[L1: 0.0279]	1.3+0.1s
[360/945]	[L1: 0.0277]	1.3+0.1s
[400/945]	[L1: 0.0276]	1.3+0.1s
[440/945]	[L1: 0.0276]	1.3+0.1s
[480/945]	[L1: 0.0278]	1.3+0.1s
[520/945]	[L1: 0.0278]	1.3+0.1s
[560/945]	[L1: 0.0276]	1.3+0.1s
[600/945]	[L1: 0.0276]	1.4+0.1s
[640/945]	[L1: 0.0275]	1.3+0.1s
[680/945]	[L1: 0.0276]	1.3+0.1s
[720/945]	[L1: 0.0278]	1.3+0.1s
[760/945]	[L1: 0.0278]	1.3+0.1s
[800/945]	[L1: 0.0278]	1.3+0.1s
[840/945]	[L1: 0.0278]	1.3+0.1s
[880/945]	[L1: 0.0279]	1.3+0.1s
[920/945]	[L1: 0.0279]	1.3+0.1s

Evaluation:
[UCMerced x4]	psnr: 28.065 (Best: 28.106 @epoch 318)
Total time: 1.80s

[Epoch 325]	Learning rate: 1.00e-4
[40/945]	[L1: 0.0262]	1.3+0.1s
[80/945]	[L1: 0.0267]	1.3+0.1s
[120/945]	[L1: 0.0273]	1.4+0.1s
[160/945]	[L1: 0.0281]	1.3+0.1s
[200/945]	[L1: 0.0279]	1.3+0.1s
[240/945]	[L1: 0.0273]	1.3+0.1s
[280/945]	[L1: 0.0272]	1.3+0.1s
[320/945]	[L1: 0.0275]	1.3+0.1s
[360/945]	[L1: 0.0273]	1.3+0.1s
[400/945]	[L1: 0.0275]	1.3+0.1s
[440/945]	[L1: 0.0277]	1.3+0.1s
[480/945]	[L1: 0.0277]	1.3+0.1s
[520/945]	[L1: 0.0275]	1.3+0.1s
[560/945]	[L1: 0.0276]	1.3+0.1s
[600/945]	[L1: 0.0277]	1.3+0.1s
[640/945]	[L1: 0.0277]	1.3+0.1s
[680/945]	[L1: 0.0277]	1.4+0.1s
[720/945]	[L1: 0.0279]	1.3+0.1s
[760/945]	[L1: 0.0279]	1.3+0.1s
[800/945]	[L1: 0.0278]	1.3+0.1s
[840/945]	[L1: 0.0277]	1.3+0.1s
[880/945]	[L1: 0.0278]	1.3+0.1s
[920/945]	[L1: 0.0278]	1.3+0.1s

Evaluation:
[UCMerced x4]	psnr: 28.023 (Best: 28.106 @epoch 318)
Total time: 1.79s

[Epoch 326]	Learning rate: 1.00e-4
[40/945]	[L1: 0.0285]	1.3+0.1s
[80/945]	[L1: 0.0297]	1.3+0.1s
[120/945]	[L1: 0.0290]	1.3+0.1s
[160/945]	[L1: 0.0285]	1.4+0.1s
[200/945]	[L1: 0.0286]	1.4+0.1s
[240/945]	[L1: 0.0285]	1.3+0.1s
[280/945]	[L1: 0.0281]	1.3+0.1s
[320/945]	[L1: 0.0283]	1.3+0.1s
[360/945]	[L1: 0.0283]	1.3+0.1s
[400/945]	[L1: 0.0282]	1.3+0.1s
[440/945]	[L1: 0.0283]	1.3+0.1s
[480/945]	[L1: 0.0283]	1.3+0.1s
[520/945]	[L1: 0.0284]	1.3+0.1s
[560/945]	[L1: 0.0283]	1.3+0.1s
[600/945]	[L1: 0.0284]	1.3+0.1s
[640/945]	[L1: 0.0283]	1.3+0.1s
[680/945]	[L1: 0.0284]	1.3+0.1s
[720/945]	[L1: 0.0281]	1.4+0.1s
[760/945]	[L1: 0.0282]	1.3+0.1s
[800/945]	[L1: 0.0280]	1.3+0.1s
[840/945]	[L1: 0.0279]	1.3+0.1s
[880/945]	[L1: 0.0279]	1.3+0.1s
[920/945]	[L1: 0.0278]	1.3+0.1s

Evaluation:
[UCMerced x4]	psnr: 28.021 (Best: 28.106 @epoch 318)
Total time: 1.80s

[Epoch 327]	Learning rate: 1.00e-4
[40/945]	[L1: 0.0305]	1.4+0.1s
[80/945]	[L1: 0.0282]	1.3+0.1s
[120/945]	[L1: 0.0284]	1.3+0.1s
[160/945]	[L1: 0.0280]	1.3+0.1s
[200/945]	[L1: 0.0281]	1.3+0.1s
[240/945]	[L1: 0.0283]	1.4+0.1s
[280/945]	[L1: 0.0282]	1.3+0.1s
[320/945]	[L1: 0.0282]	1.3+0.1s
[360/945]	[L1: 0.0281]	1.4+0.1s
[400/945]	[L1: 0.0280]	1.3+0.1s
[440/945]	[L1: 0.0278]	1.3+0.1s
[480/945]	[L1: 0.0279]	1.3+0.1s
[520/945]	[L1: 0.0277]	1.3+0.1s
[560/945]	[L1: 0.0278]	1.3+0.1s
[600/945]	[L1: 0.0278]	1.3+0.1s
[640/945]	[L1: 0.0277]	1.3+0.1s
[680/945]	[L1: 0.0276]	1.3+0.1s
[720/945]	[L1: 0.0277]	1.3+0.1s
[760/945]	[L1: 0.0277]	1.3+0.1s
[800/945]	[L1: 0.0277]	1.3+0.1s
[840/945]	[L1: 0.0278]	1.4+0.1s
[880/945]	[L1: 0.0279]	1.3+0.1s
[920/945]	[L1: 0.0279]	1.3+0.1s

Evaluation:
[UCMerced x4]	psnr: 28.081 (Best: 28.106 @epoch 318)
Total time: 1.79s

[Epoch 328]	Learning rate: 1.00e-4
[40/945]	[L1: 0.0276]	1.3+0.1s
[80/945]	[L1: 0.0272]	1.3+0.1s
[120/945]	[L1: 0.0280]	1.3+0.1s
[160/945]	[L1: 0.0283]	1.3+0.1s
[200/945]	[L1: 0.0279]	1.3+0.1s
[240/945]	[L1: 0.0277]	1.3+0.1s
[280/945]	[L1: 0.0276]	1.3+0.1s
[320/945]	[L1: 0.0275]	1.3+0.1s
[360/945]	[L1: 0.0276]	1.4+0.1s
[400/945]	[L1: 0.0276]	1.3+0.1s
[440/945]	[L1: 0.0275]	1.3+0.1s
[480/945]	[L1: 0.0275]	1.3+0.1s
[520/945]	[L1: 0.0275]	1.3+0.1s
[560/945]	[L1: 0.0275]	1.3+0.1s
[600/945]	[L1: 0.0275]	1.3+0.1s
[640/945]	[L1: 0.0277]	1.3+0.1s
[680/945]	[L1: 0.0276]	1.3+0.1s
[720/945]	[L1: 0.0274]	1.3+0.1s
[760/945]	[L1: 0.0274]	1.3+0.1s
[800/945]	[L1: 0.0276]	1.3+0.1s
[840/945]	[L1: 0.0278]	1.3+0.1s
[880/945]	[L1: 0.0278]	1.3+0.1s
[920/945]	[L1: 0.0279]	1.4+0.1s

Evaluation:
[UCMerced x4]	psnr: 28.082 (Best: 28.106 @epoch 318)
Total time: 1.77s

[Epoch 329]	Learning rate: 1.00e-4
[40/945]	[L1: 0.0301]	1.4+0.1s
[80/945]	[L1: 0.0285]	1.3+0.1s
[120/945]	[L1: 0.0281]	1.3+0.1s
[160/945]	[L1: 0.0283]	1.3+0.1s
[200/945]	[L1: 0.0283]	1.3+0.1s
[240/945]	[L1: 0.0283]	1.3+0.1s
[280/945]	[L1: 0.0287]	1.3+0.1s
[320/945]	[L1: 0.0285]	1.3+0.1s
[360/945]	[L1: 0.0285]	1.3+0.1s
[400/945]	[L1: 0.0283]	1.4+0.1s
[440/945]	[L1: 0.0282]	1.3+0.1s
[480/945]	[L1: 0.0280]	1.3+0.1s
[520/945]	[L1: 0.0281]	1.3+0.1s
[560/945]	[L1: 0.0281]	1.3+0.1s
[600/945]	[L1: 0.0280]	1.3+0.1s
[640/945]	[L1: 0.0279]	1.3+0.1s
[680/945]	[L1: 0.0279]	1.3+0.1s
[720/945]	[L1: 0.0277]	1.3+0.1s
[760/945]	[L1: 0.0279]	1.3+0.1s
[800/945]	[L1: 0.0278]	1.3+0.1s
[840/945]	[L1: 0.0278]	1.3+0.1s
[880/945]	[L1: 0.0279]	1.3+0.1s
[920/945]	[L1: 0.0279]	1.3+0.1s

Evaluation:
[UCMerced x4]	psnr: 28.080 (Best: 28.106 @epoch 318)
Total time: 1.79s

[Epoch 330]	Learning rate: 1.00e-4
[40/945]	[L1: 0.0291]	1.3+0.1s
[80/945]	[L1: 0.0294]	1.3+0.1s
[120/945]	[L1: 0.0286]	1.3+0.1s
[160/945]	[L1: 0.0279]	1.3+0.1s
[200/945]	[L1: 0.0276]	1.3+0.1s
[240/945]	[L1: 0.0276]	1.3+0.1s
[280/945]	[L1: 0.0273]	1.3+0.1s
[320/945]	[L1: 0.0275]	1.3+0.1s
[360/945]	[L1: 0.0275]	1.3+0.1s
[400/945]	[L1: 0.0275]	1.3+0.1s
[440/945]	[L1: 0.0275]	1.3+0.1s
[480/945]	[L1: 0.0277]	1.4+0.1s
[520/945]	[L1: 0.0277]	1.3+0.1s
[560/945]	[L1: 0.0277]	1.3+0.1s
[600/945]	[L1: 0.0279]	1.3+0.1s
[640/945]	[L1: 0.0278]	1.3+0.1s
[680/945]	[L1: 0.0278]	1.3+0.1s
[720/945]	[L1: 0.0278]	1.3+0.1s
[760/945]	[L1: 0.0277]	1.3+0.1s
[800/945]	[L1: 0.0279]	1.3+0.1s
[840/945]	[L1: 0.0280]	1.3+0.1s
[880/945]	[L1: 0.0280]	1.3+0.1s
[920/945]	[L1: 0.0280]	1.3+0.1s

Evaluation:
[UCMerced x4]	psnr: 28.089 (Best: 28.106 @epoch 318)
Total time: 1.78s

[Epoch 331]	Learning rate: 1.00e-4
[40/945]	[L1: 0.0243]	1.3+0.1s
[80/945]	[L1: 0.0257]	1.3+0.1s
[120/945]	[L1: 0.0271]	1.3+0.1s
[160/945]	[L1: 0.0269]	1.3+0.1s
[200/945]	[L1: 0.0272]	1.3+0.1s
[240/945]	[L1: 0.0270]	1.3+0.1s
[280/945]	[L1: 0.0272]	1.3+0.1s
[320/945]	[L1: 0.0272]	1.3+0.1s
[360/945]	[L1: 0.0272]	1.3+0.1s
[400/945]	[L1: 0.0274]	1.3+0.1s
[440/945]	[L1: 0.0275]	1.3+0.1s
[480/945]	[L1: 0.0274]	1.3+0.1s
[520/945]	[L1: 0.0275]	1.3+0.1s
[560/945]	[L1: 0.0276]	1.3+0.1s
[600/945]	[L1: 0.0275]	1.4+0.1s
[640/945]	[L1: 0.0276]	1.3+0.1s
[680/945]	[L1: 0.0276]	1.3+0.1s
[720/945]	[L1: 0.0279]	1.3+0.1s
[760/945]	[L1: 0.0277]	1.3+0.1s
[800/945]	[L1: 0.0278]	1.3+0.1s
[840/945]	[L1: 0.0278]	1.3+0.1s
[880/945]	[L1: 0.0278]	1.3+0.1s
[920/945]	[L1: 0.0278]	1.3+0.1s

Evaluation:
[UCMerced x4]	psnr: 28.050 (Best: 28.106 @epoch 318)
Total time: 1.79s

[Epoch 332]	Learning rate: 1.00e-4
[40/945]	[L1: 0.0270]	1.3+0.1s
[80/945]	[L1: 0.0280]	1.4+0.1s
[120/945]	[L1: 0.0271]	1.3+0.1s
[160/945]	[L1: 0.0271]	1.3+0.1s
[200/945]	[L1: 0.0275]	1.3+0.1s
[240/945]	[L1: 0.0280]	1.3+0.1s
[280/945]	[L1: 0.0281]	1.3+0.1s
[320/945]	[L1: 0.0281]	1.3+0.1s
[360/945]	[L1: 0.0279]	1.3+0.1s
[400/945]	[L1: 0.0278]	1.3+0.1s
[440/945]	[L1: 0.0277]	1.3+0.1s
[480/945]	[L1: 0.0277]	1.3+0.1s
[520/945]	[L1: 0.0278]	1.3+0.1s
[560/945]	[L1: 0.0278]	1.3+0.1s
[600/945]	[L1: 0.0280]	1.3+0.1s
[640/945]	[L1: 0.0280]	1.3+0.1s
[680/945]	[L1: 0.0282]	1.4+0.1s
[720/945]	[L1: 0.0280]	1.3+0.1s
[760/945]	[L1: 0.0280]	1.3+0.1s
[800/945]	[L1: 0.0281]	1.3+0.1s
[840/945]	[L1: 0.0281]	1.3+0.1s
[880/945]	[L1: 0.0281]	1.3+0.1s
[920/945]	[L1: 0.0279]	1.3+0.1s

Evaluation:
[UCMerced x4]	psnr: 28.043 (Best: 28.106 @epoch 318)
Total time: 1.80s

[Epoch 333]	Learning rate: 1.00e-4
[40/945]	[L1: 0.0268]	1.3+0.1s
[80/945]	[L1: 0.0278]	1.3+0.1s
[120/945]	[L1: 0.0268]	1.3+0.1s
[160/945]	[L1: 0.0274]	1.4+0.1s
[200/945]	[L1: 0.0276]	1.3+0.1s
[240/945]	[L1: 0.0275]	1.3+0.1s
[280/945]	[L1: 0.0274]	1.3+0.1s
[320/945]	[L1: 0.0275]	1.3+0.1s
[360/945]	[L1: 0.0275]	1.3+0.1s
[400/945]	[L1: 0.0278]	1.3+0.1s
[440/945]	[L1: 0.0276]	1.3+0.1s
[480/945]	[L1: 0.0279]	1.3+0.1s
[520/945]	[L1: 0.0278]	1.3+0.1s
[560/945]	[L1: 0.0280]	1.3+0.1s
[600/945]	[L1: 0.0281]	1.3+0.1s
[640/945]	[L1: 0.0280]	1.3+0.1s
[680/945]	[L1: 0.0279]	1.3+0.1s
[720/945]	[L1: 0.0280]	1.3+0.1s
[760/945]	[L1: 0.0278]	1.4+0.1s
[800/945]	[L1: 0.0280]	1.3+0.1s
[840/945]	[L1: 0.0280]	1.3+0.1s
[880/945]	[L1: 0.0280]	1.3+0.1s
[920/945]	[L1: 0.0278]	1.3+0.1s

Evaluation:
[UCMerced x4]	psnr: 28.004 (Best: 28.106 @epoch 318)
Total time: 1.78s

[Epoch 334]	Learning rate: 1.00e-4
[40/945]	[L1: 0.0267]	1.3+0.1s
[80/945]	[L1: 0.0261]	1.3+0.1s
[120/945]	[L1: 0.0260]	1.3+0.1s
[160/945]	[L1: 0.0264]	1.3+0.1s
[200/945]	[L1: 0.0271]	1.3+0.1s
[240/945]	[L1: 0.0271]	1.3+0.1s
[280/945]	[L1: 0.0275]	1.4+0.1s
[320/945]	[L1: 0.0277]	1.3+0.1s
[360/945]	[L1: 0.0275]	1.3+0.1s
[400/945]	[L1: 0.0273]	1.3+0.1s
[440/945]	[L1: 0.0273]	1.3+0.1s
[480/945]	[L1: 0.0275]	1.3+0.1s
[520/945]	[L1: 0.0274]	1.3+0.1s
[560/945]	[L1: 0.0276]	1.3+0.1s
[600/945]	[L1: 0.0276]	1.3+0.1s
[640/945]	[L1: 0.0275]	1.3+0.1s
[680/945]	[L1: 0.0276]	1.3+0.1s
[720/945]	[L1: 0.0276]	1.3+0.1s
[760/945]	[L1: 0.0278]	1.3+0.1s
[800/945]	[L1: 0.0278]	1.3+0.1s
[840/945]	[L1: 0.0277]	1.4+0.1s
[880/945]	[L1: 0.0277]	1.3+0.1s
[920/945]	[L1: 0.0277]	1.3+0.1s

Evaluation:
[UCMerced x4]	psnr: 28.070 (Best: 28.106 @epoch 318)
Total time: 1.79s

[Epoch 335]	Learning rate: 1.00e-4
[40/945]	[L1: 0.0311]	1.3+0.1s
[80/945]	[L1: 0.0292]	1.3+0.1s
[120/945]	[L1: 0.0279]	1.3+0.1s
[160/945]	[L1: 0.0286]	1.3+0.1s
[200/945]	[L1: 0.0289]	1.3+0.1s
[240/945]	[L1: 0.0284]	1.3+0.1s
[280/945]	[L1: 0.0282]	1.3+0.1s
[320/945]	[L1: 0.0283]	1.3+0.1s
[360/945]	[L1: 0.0284]	1.4+0.1s
[400/945]	[L1: 0.0285]	1.3+0.1s
[440/945]	[L1: 0.0283]	1.3+0.1s
[480/945]	[L1: 0.0283]	1.3+0.1s
[520/945]	[L1: 0.0281]	1.3+0.1s
[560/945]	[L1: 0.0279]	1.3+0.1s
[600/945]	[L1: 0.0279]	1.3+0.1s
[640/945]	[L1: 0.0279]	1.3+0.1s
[680/945]	[L1: 0.0279]	1.3+0.1s
[720/945]	[L1: 0.0281]	1.3+0.1s
[760/945]	[L1: 0.0280]	1.3+0.1s
[800/945]	[L1: 0.0279]	1.3+0.1s
[840/945]	[L1: 0.0280]	1.3+0.1s
[880/945]	[L1: 0.0279]	1.3+0.1s
[920/945]	[L1: 0.0279]	1.4+0.1s

Evaluation:
[UCMerced x4]	psnr: 28.064 (Best: 28.106 @epoch 318)
Total time: 1.77s

[Epoch 336]	Learning rate: 1.00e-4
[40/945]	[L1: 0.0289]	1.3+0.1s
[80/945]	[L1: 0.0282]	1.3+0.1s
[120/945]	[L1: 0.0275]	1.3+0.1s
[160/945]	[L1: 0.0273]	1.3+0.1s
[200/945]	[L1: 0.0277]	1.3+0.1s
[240/945]	[L1: 0.0276]	1.3+0.1s
[280/945]	[L1: 0.0278]	1.3+0.1s
[320/945]	[L1: 0.0278]	1.3+0.1s
[360/945]	[L1: 0.0281]	1.3+0.1s
[400/945]	[L1: 0.0280]	1.4+0.1s
[440/945]	[L1: 0.0279]	1.3+0.1s
[480/945]	[L1: 0.0280]	1.3+0.1s
[520/945]	[L1: 0.0279]	1.3+0.1s
[560/945]	[L1: 0.0280]	1.3+0.1s
[600/945]	[L1: 0.0277]	1.3+0.1s
[640/945]	[L1: 0.0278]	1.3+0.1s
[680/945]	[L1: 0.0277]	1.3+0.1s
[720/945]	[L1: 0.0276]	1.3+0.1s
[760/945]	[L1: 0.0278]	1.3+0.1s
[800/945]	[L1: 0.0277]	1.3+0.1s
[840/945]	[L1: 0.0278]	1.3+0.1s
[880/945]	[L1: 0.0277]	1.3+0.1s
[920/945]	[L1: 0.0278]	1.3+0.1s

Evaluation:
[UCMerced x4]	psnr: 28.071 (Best: 28.106 @epoch 318)
Total time: 1.77s

[Epoch 337]	Learning rate: 1.00e-4
[40/945]	[L1: 0.0249]	1.3+0.1s
[80/945]	[L1: 0.0265]	1.3+0.1s
[120/945]	[L1: 0.0266]	1.3+0.1s
[160/945]	[L1: 0.0261]	1.3+0.1s
[200/945]	[L1: 0.0270]	1.3+0.1s
[240/945]	[L1: 0.0273]	1.3+0.1s
[280/945]	[L1: 0.0269]	1.3+0.1s
[320/945]	[L1: 0.0273]	1.3+0.1s
[360/945]	[L1: 0.0274]	1.3+0.1s
[400/945]	[L1: 0.0274]	1.3+0.1s
[440/945]	[L1: 0.0277]	1.3+0.1s
[480/945]	[L1: 0.0280]	1.4+0.1s
[520/945]	[L1: 0.0279]	1.3+0.1s
[560/945]	[L1: 0.0278]	1.3+0.1s
[600/945]	[L1: 0.0276]	1.3+0.1s
[640/945]	[L1: 0.0276]	1.3+0.1s
[680/945]	[L1: 0.0277]	1.3+0.1s
[720/945]	[L1: 0.0278]	1.3+0.1s
[760/945]	[L1: 0.0279]	1.3+0.1s
[800/945]	[L1: 0.0278]	1.3+0.1s
[840/945]	[L1: 0.0277]	1.3+0.1s
[880/945]	[L1: 0.0278]	1.3+0.1s
[920/945]	[L1: 0.0278]	1.3+0.1s

Evaluation:
[UCMerced x4]	psnr: 28.078 (Best: 28.106 @epoch 318)
Total time: 1.78s

[Epoch 338]	Learning rate: 1.00e-4
[40/945]	[L1: 0.0271]	1.3+0.1s
[80/945]	[L1: 0.0277]	1.3+0.1s
[120/945]	[L1: 0.0273]	1.3+0.1s
[160/945]	[L1: 0.0275]	1.3+0.1s
[200/945]	[L1: 0.0275]	1.3+0.1s
[240/945]	[L1: 0.0272]	1.3+0.1s
[280/945]	[L1: 0.0270]	1.3+0.1s
[320/945]	[L1: 0.0269]	1.3+0.1s
[360/945]	[L1: 0.0270]	1.3+0.1s
[400/945]	[L1: 0.0272]	1.3+0.1s
[440/945]	[L1: 0.0272]	1.3+0.1s
[480/945]	[L1: 0.0273]	1.3+0.1s
[520/945]	[L1: 0.0276]	1.3+0.1s
[560/945]	[L1: 0.0277]	1.3+0.1s
[600/945]	[L1: 0.0276]	1.4+0.1s
[640/945]	[L1: 0.0277]	1.3+0.1s
[680/945]	[L1: 0.0276]	1.3+0.1s
[720/945]	[L1: 0.0276]	1.3+0.1s
[760/945]	[L1: 0.0278]	1.3+0.1s
[800/945]	[L1: 0.0277]	1.3+0.1s
[840/945]	[L1: 0.0279]	1.3+0.1s
[880/945]	[L1: 0.0279]	1.3+0.1s
[920/945]	[L1: 0.0279]	1.3+0.1s

Evaluation:
[UCMerced x4]	psnr: 28.056 (Best: 28.106 @epoch 318)
Total time: 1.79s

[Epoch 339]	Learning rate: 1.00e-4
[40/945]	[L1: 0.0279]	1.3+0.1s
[80/945]	[L1: 0.0274]	1.4+0.1s
[120/945]	[L1: 0.0279]	1.3+0.1s
[160/945]	[L1: 0.0279]	1.3+0.1s
[200/945]	[L1: 0.0274]	1.3+0.1s
[240/945]	[L1: 0.0274]	1.3+0.1s
[280/945]	[L1: 0.0272]	1.3+0.1s
[320/945]	[L1: 0.0273]	1.3+0.1s
[360/945]	[L1: 0.0275]	1.3+0.1s
[400/945]	[L1: 0.0275]	1.3+0.1s
[440/945]	[L1: 0.0273]	1.3+0.1s
[480/945]	[L1: 0.0271]	1.3+0.1s
[520/945]	[L1: 0.0272]	1.3+0.1s
[560/945]	[L1: 0.0274]	1.3+0.1s
[600/945]	[L1: 0.0273]	1.3+0.1s
[640/945]	[L1: 0.0273]	1.3+0.1s
[680/945]	[L1: 0.0275]	1.4+0.1s
[720/945]	[L1: 0.0276]	1.3+0.1s
[760/945]	[L1: 0.0277]	1.3+0.1s
[800/945]	[L1: 0.0277]	1.3+0.1s
[840/945]	[L1: 0.0276]	1.3+0.1s
[880/945]	[L1: 0.0279]	1.3+0.1s
[920/945]	[L1: 0.0279]	1.3+0.1s

Evaluation:
[UCMerced x4]	psnr: 28.075 (Best: 28.106 @epoch 318)
Total time: 1.78s

[Epoch 340]	Learning rate: 1.00e-4
[40/945]	[L1: 0.0256]	1.3+0.1s
[80/945]	[L1: 0.0270]	1.3+0.1s
[120/945]	[L1: 0.0272]	1.3+0.1s
[160/945]	[L1: 0.0270]	1.4+0.1s
[200/945]	[L1: 0.0268]	1.3+0.1s
[240/945]	[L1: 0.0271]	1.3+0.1s
[280/945]	[L1: 0.0273]	1.3+0.1s
[320/945]	[L1: 0.0270]	1.3+0.1s
[360/945]	[L1: 0.0269]	1.3+0.1s
[400/945]	[L1: 0.0270]	1.3+0.1s
[440/945]	[L1: 0.0273]	1.3+0.1s
[480/945]	[L1: 0.0274]	1.3+0.1s
[520/945]	[L1: 0.0274]	1.3+0.1s
[560/945]	[L1: 0.0273]	1.3+0.1s
[600/945]	[L1: 0.0276]	1.3+0.1s
[640/945]	[L1: 0.0277]	1.3+0.1s
[680/945]	[L1: 0.0278]	1.3+0.1s
[720/945]	[L1: 0.0277]	1.3+0.1s
[760/945]	[L1: 0.0277]	1.4+0.1s
[800/945]	[L1: 0.0277]	1.3+0.1s
[840/945]	[L1: 0.0277]	1.3+0.1s
[880/945]	[L1: 0.0278]	1.3+0.1s
[920/945]	[L1: 0.0278]	1.3+0.1s

Evaluation:
[UCMerced x4]	psnr: 28.051 (Best: 28.106 @epoch 318)
Total time: 1.79s

[Epoch 341]	Learning rate: 1.00e-4
[40/945]	[L1: 0.0282]	1.3+0.1s
[80/945]	[L1: 0.0280]	1.3+0.1s
[120/945]	[L1: 0.0280]	1.3+0.1s
[160/945]	[L1: 0.0269]	1.3+0.1s
[200/945]	[L1: 0.0274]	1.3+0.1s
[240/945]	[L1: 0.0277]	1.3+0.1s
[280/945]	[L1: 0.0274]	1.4+0.1s
[320/945]	[L1: 0.0273]	1.3+0.1s
[360/945]	[L1: 0.0274]	1.3+0.1s
[400/945]	[L1: 0.0274]	1.3+0.1s
[440/945]	[L1: 0.0277]	1.3+0.1s
[480/945]	[L1: 0.0277]	1.3+0.1s
[520/945]	[L1: 0.0278]	1.3+0.1s
[560/945]	[L1: 0.0280]	1.3+0.1s
[600/945]	[L1: 0.0282]	1.3+0.1s
[640/945]	[L1: 0.0283]	1.3+0.1s
[680/945]	[L1: 0.0282]	1.3+0.1s
[720/945]	[L1: 0.0281]	1.3+0.1s
[760/945]	[L1: 0.0281]	1.3+0.1s
[800/945]	[L1: 0.0280]	1.3+0.1s
[840/945]	[L1: 0.0278]	1.4+0.1s
[880/945]	[L1: 0.0280]	1.3+0.1s
[920/945]	[L1: 0.0280]	1.3+0.1s

Evaluation:
[UCMerced x4]	psnr: 28.046 (Best: 28.106 @epoch 318)
Total time: 1.79s

[Epoch 342]	Learning rate: 1.00e-4
[40/945]	[L1: 0.0266]	1.3+0.1s
[80/945]	[L1: 0.0267]	1.3+0.1s
[120/945]	[L1: 0.0277]	1.3+0.1s
[160/945]	[L1: 0.0274]	1.3+0.1s
[200/945]	[L1: 0.0276]	1.3+0.1s
[240/945]	[L1: 0.0277]	1.3+0.1s
[280/945]	[L1: 0.0273]	1.3+0.1s
[320/945]	[L1: 0.0273]	1.3+0.1s
[360/945]	[L1: 0.0277]	1.4+0.1s
[400/945]	[L1: 0.0278]	1.3+0.1s
[440/945]	[L1: 0.0279]	1.3+0.1s
[480/945]	[L1: 0.0279]	1.3+0.1s
[520/945]	[L1: 0.0280]	1.3+0.1s
[560/945]	[L1: 0.0280]	1.3+0.1s
[600/945]	[L1: 0.0281]	1.3+0.1s
[640/945]	[L1: 0.0281]	1.3+0.1s
[680/945]	[L1: 0.0279]	1.3+0.1s
[720/945]	[L1: 0.0279]	1.3+0.1s
[760/945]	[L1: 0.0278]	1.3+0.1s
[800/945]	[L1: 0.0278]	1.3+0.1s
[840/945]	[L1: 0.0278]	1.3+0.1s
[880/945]	[L1: 0.0277]	1.3+0.1s
[920/945]	[L1: 0.0278]	1.4+0.1s

Evaluation:
[UCMerced x4]	psnr: 28.044 (Best: 28.106 @epoch 318)
Total time: 1.79s

[Epoch 343]	Learning rate: 1.00e-4
[40/945]	[L1: 0.0280]	1.3+0.1s
[80/945]	[L1: 0.0266]	1.3+0.1s
[120/945]	[L1: 0.0272]	1.3+0.1s
[160/945]	[L1: 0.0276]	1.3+0.1s
[200/945]	[L1: 0.0282]	1.3+0.1s
[240/945]	[L1: 0.0279]	1.3+0.1s
[280/945]	[L1: 0.0278]	1.3+0.1s
[320/945]	[L1: 0.0277]	1.3+0.1s
[360/945]	[L1: 0.0278]	1.3+0.1s
[400/945]	[L1: 0.0277]	1.4+0.1s
[440/945]	[L1: 0.0276]	1.3+0.1s
[480/945]	[L1: 0.0276]	1.3+0.1s
[520/945]	[L1: 0.0279]	1.3+0.1s
[560/945]	[L1: 0.0279]	1.3+0.1s
[600/945]	[L1: 0.0280]	1.3+0.1s
[640/945]	[L1: 0.0279]	1.3+0.1s
[680/945]	[L1: 0.0278]	1.3+0.1s
[720/945]	[L1: 0.0279]	1.3+0.1s
[760/945]	[L1: 0.0280]	1.3+0.1s
[800/945]	[L1: 0.0280]	1.3+0.1s
[840/945]	[L1: 0.0279]	1.3+0.1s
[880/945]	[L1: 0.0279]	1.3+0.1s
[920/945]	[L1: 0.0279]	1.3+0.1s

Evaluation:
[UCMerced x4]	psnr: 28.062 (Best: 28.106 @epoch 318)
Total time: 1.77s

[Epoch 344]	Learning rate: 1.00e-4
[40/945]	[L1: 0.0308]	1.3+0.1s
[80/945]	[L1: 0.0290]	1.3+0.1s
[120/945]	[L1: 0.0279]	1.3+0.1s
[160/945]	[L1: 0.0273]	1.3+0.1s
[200/945]	[L1: 0.0274]	1.3+0.1s
[240/945]	[L1: 0.0271]	1.3+0.1s
[280/945]	[L1: 0.0271]	1.3+0.1s
[320/945]	[L1: 0.0273]	1.3+0.1s
[360/945]	[L1: 0.0272]	1.3+0.1s
[400/945]	[L1: 0.0275]	1.3+0.1s
[440/945]	[L1: 0.0277]	1.3+0.1s
[480/945]	[L1: 0.0280]	1.4+0.1s
[520/945]	[L1: 0.0279]	1.3+0.1s
[560/945]	[L1: 0.0279]	1.3+0.1s
[600/945]	[L1: 0.0279]	1.3+0.1s
[640/945]	[L1: 0.0279]	1.3+0.1s
[680/945]	[L1: 0.0280]	1.3+0.1s
[720/945]	[L1: 0.0279]	1.3+0.1s
[760/945]	[L1: 0.0279]	1.3+0.1s
[800/945]	[L1: 0.0278]	1.3+0.1s
[840/945]	[L1: 0.0278]	1.3+0.1s
[880/945]	[L1: 0.0278]	1.3+0.1s
[920/945]	[L1: 0.0279]	1.3+0.1s

Evaluation:
[UCMerced x4]	psnr: 28.085 (Best: 28.106 @epoch 318)
Total time: 1.80s

[Epoch 345]	Learning rate: 1.00e-4
[40/945]	[L1: 0.0301]	1.3+0.1s
[80/945]	[L1: 0.0300]	1.3+0.1s
[120/945]	[L1: 0.0295]	1.3+0.1s
[160/945]	[L1: 0.0291]	1.3+0.1s
[200/945]	[L1: 0.0293]	1.3+0.1s
[240/945]	[L1: 0.0291]	1.3+0.1s
[280/945]	[L1: 0.0293]	1.3+0.1s
[320/945]	[L1: 0.0296]	1.3+0.1s
[360/945]	[L1: 0.0290]	1.3+0.1s
[400/945]	[L1: 0.0285]	1.3+0.1s
[440/945]	[L1: 0.0283]	1.3+0.1s
[480/945]	[L1: 0.0281]	1.3+0.1s
[520/945]	[L1: 0.0281]	1.3+0.1s
[560/945]	[L1: 0.0282]	1.5+0.1s
[600/945]	[L1: 0.0280]	1.3+0.1s
[640/945]	[L1: 0.0278]	1.3+0.1s
[680/945]	[L1: 0.0279]	1.3+0.1s
[720/945]	[L1: 0.0279]	1.3+0.1s
[760/945]	[L1: 0.0278]	1.3+0.1s
[800/945]	[L1: 0.0278]	1.3+0.1s
[840/945]	[L1: 0.0278]	1.3+0.1s
[880/945]	[L1: 0.0279]	1.3+0.1s
[920/945]	[L1: 0.0279]	1.3+0.1s

Evaluation:
[UCMerced x4]	psnr: 28.118 (Best: 28.118 @epoch 345)
Total time: 1.77s

[Epoch 346]	Learning rate: 1.00e-4
[40/945]	[L1: 0.0309]	1.5+0.1s
[80/945]	[L1: 0.0297]	1.3+0.1s
[120/945]	[L1: 0.0284]	1.3+0.1s
[160/945]	[L1: 0.0277]	1.3+0.1s
[200/945]	[L1: 0.0274]	1.3+0.1s
[240/945]	[L1: 0.0276]	1.3+0.1s
[280/945]	[L1: 0.0277]	1.3+0.1s
[320/945]	[L1: 0.0280]	1.3+0.1s
[360/945]	[L1: 0.0280]	1.3+0.1s
[400/945]	[L1: 0.0279]	1.3+0.1s
[440/945]	[L1: 0.0281]	1.3+0.1s
[480/945]	[L1: 0.0282]	1.3+0.1s
[520/945]	[L1: 0.0281]	1.3+0.1s
[560/945]	[L1: 0.0282]	1.3+0.1s
[600/945]	[L1: 0.0281]	1.4+0.1s
[640/945]	[L1: 0.0280]	1.3+0.1s
[680/945]	[L1: 0.0278]	1.3+0.1s
[720/945]	[L1: 0.0277]	1.3+0.1s
[760/945]	[L1: 0.0276]	1.3+0.1s
[800/945]	[L1: 0.0276]	1.3+0.1s
[840/945]	[L1: 0.0278]	1.3+0.1s
[880/945]	[L1: 0.0278]	1.3+0.1s
[920/945]	[L1: 0.0278]	1.3+0.1s

Evaluation:
[UCMerced x4]	psnr: 28.044 (Best: 28.118 @epoch 345)
Total time: 1.81s

[Epoch 347]	Learning rate: 1.00e-4
[40/945]	[L1: 0.0316]	1.3+0.1s
[80/945]	[L1: 0.0293]	1.4+0.1s
[120/945]	[L1: 0.0283]	1.3+0.1s
[160/945]	[L1: 0.0277]	1.3+0.1s
[200/945]	[L1: 0.0273]	1.3+0.1s
[240/945]	[L1: 0.0276]	1.3+0.1s
[280/945]	[L1: 0.0281]	1.3+0.1s
[320/945]	[L1: 0.0278]	1.3+0.1s
[360/945]	[L1: 0.0279]	1.3+0.1s
[400/945]	[L1: 0.0276]	1.3+0.1s
[440/945]	[L1: 0.0277]	1.3+0.1s
[480/945]	[L1: 0.0277]	1.3+0.1s
[520/945]	[L1: 0.0276]	1.3+0.1s
[560/945]	[L1: 0.0275]	1.3+0.1s
[600/945]	[L1: 0.0275]	1.3+0.1s
[640/945]	[L1: 0.0275]	1.4+0.1s
[680/945]	[L1: 0.0276]	1.3+0.1s
[720/945]	[L1: 0.0275]	1.3+0.1s
[760/945]	[L1: 0.0276]	1.3+0.1s
[800/945]	[L1: 0.0276]	1.3+0.1s
[840/945]	[L1: 0.0277]	1.3+0.1s
[880/945]	[L1: 0.0278]	1.3+0.1s
[920/945]	[L1: 0.0278]	1.3+0.1s

Evaluation:
[UCMerced x4]	psnr: 28.095 (Best: 28.118 @epoch 345)
Total time: 1.78s

[Epoch 348]	Learning rate: 1.00e-4
[40/945]	[L1: 0.0263]	1.3+0.1s
[80/945]	[L1: 0.0271]	1.3+0.1s
[120/945]	[L1: 0.0277]	1.3+0.1s
[160/945]	[L1: 0.0276]	1.4+0.1s
[200/945]	[L1: 0.0282]	1.3+0.1s
[240/945]	[L1: 0.0278]	1.3+0.1s
[280/945]	[L1: 0.0273]	1.3+0.1s
[320/945]	[L1: 0.0275]	1.3+0.1s
[360/945]	[L1: 0.0278]	1.3+0.1s
[400/945]	[L1: 0.0278]	1.3+0.1s
[440/945]	[L1: 0.0277]	1.3+0.1s
[480/945]	[L1: 0.0277]	1.3+0.1s
[520/945]	[L1: 0.0278]	1.3+0.1s
[560/945]	[L1: 0.0279]	1.3+0.1s
[600/945]	[L1: 0.0277]	1.3+0.1s
[640/945]	[L1: 0.0276]	1.3+0.1s
[680/945]	[L1: 0.0276]	1.3+0.1s
[720/945]	[L1: 0.0274]	1.4+0.1s
[760/945]	[L1: 0.0276]	1.3+0.1s
[800/945]	[L1: 0.0278]	1.3+0.1s
[840/945]	[L1: 0.0278]	1.3+0.1s
[880/945]	[L1: 0.0280]	1.3+0.1s
[920/945]	[L1: 0.0279]	1.3+0.1s

Evaluation:
[UCMerced x4]	psnr: 28.049 (Best: 28.118 @epoch 345)
Total time: 1.79s

[Epoch 349]	Learning rate: 1.00e-4
[40/945]	[L1: 0.0272]	1.3+0.1s
[80/945]	[L1: 0.0259]	1.4+0.1s
[120/945]	[L1: 0.0267]	1.3+0.1s
[160/945]	[L1: 0.0268]	1.3+0.1s
[200/945]	[L1: 0.0276]	1.3+0.1s
[240/945]	[L1: 0.0279]	1.4+0.1s
[280/945]	[L1: 0.0282]	1.3+0.1s
[320/945]	[L1: 0.0282]	1.3+0.1s
[360/945]	[L1: 0.0282]	1.3+0.1s
[400/945]	[L1: 0.0280]	1.3+0.1s
[440/945]	[L1: 0.0277]	1.3+0.1s
[480/945]	[L1: 0.0276]	1.3+0.1s
[520/945]	[L1: 0.0279]	1.3+0.1s
[560/945]	[L1: 0.0279]	1.3+0.1s
[600/945]	[L1: 0.0279]	1.3+0.1s
[640/945]	[L1: 0.0278]	1.3+0.1s
[680/945]	[L1: 0.0277]	1.3+0.1s
[720/945]	[L1: 0.0277]	1.3+0.1s
[760/945]	[L1: 0.0277]	1.3+0.1s
[800/945]	[L1: 0.0277]	1.4+0.1s
[840/945]	[L1: 0.0276]	1.3+0.1s
[880/945]	[L1: 0.0277]	1.3+0.1s
[920/945]	[L1: 0.0278]	1.3+0.1s

Evaluation:
[UCMerced x4]	psnr: 28.058 (Best: 28.118 @epoch 345)
Total time: 1.79s

[Epoch 350]	Learning rate: 1.00e-4
[40/945]	[L1: 0.0261]	1.3+0.1s
[80/945]	[L1: 0.0274]	1.3+0.1s
[120/945]	[L1: 0.0270]	1.3+0.1s
[160/945]	[L1: 0.0270]	1.3+0.1s
[200/945]	[L1: 0.0274]	1.3+0.1s
[240/945]	[L1: 0.0273]	1.3+0.1s
[280/945]	[L1: 0.0275]	1.3+0.1s
[320/945]	[L1: 0.0282]	1.4+0.1s
[360/945]	[L1: 0.0280]	1.3+0.1s
[400/945]	[L1: 0.0282]	1.3+0.1s
[440/945]	[L1: 0.0282]	1.3+0.1s
[480/945]	[L1: 0.0282]	1.3+0.1s
[520/945]	[L1: 0.0282]	1.3+0.1s
[560/945]	[L1: 0.0283]	1.3+0.1s
[600/945]	[L1: 0.0283]	1.3+0.1s
[640/945]	[L1: 0.0284]	1.3+0.1s
[680/945]	[L1: 0.0283]	1.3+0.1s
[720/945]	[L1: 0.0282]	1.3+0.1s
[760/945]	[L1: 0.0281]	1.3+0.1s
[800/945]	[L1: 0.0281]	1.3+0.1s
[840/945]	[L1: 0.0279]	1.3+0.1s
[880/945]	[L1: 0.0278]	1.4+0.1s
[920/945]	[L1: 0.0279]	1.3+0.1s
Saved epoch checkpoint at epoch 350

Evaluation:
[UCMerced x4]	psnr: 28.078 (Best: 28.118 @epoch 345)
Total time: 1.78s

[Epoch 351]	Learning rate: 1.00e-4
[40/945]	[L1: 0.0296]	1.4+0.1s
[80/945]	[L1: 0.0272]	1.3+0.1s
[120/945]	[L1: 0.0268]	1.3+0.1s
[160/945]	[L1: 0.0269]	1.3+0.1s
[200/945]	[L1: 0.0269]	1.3+0.1s
[240/945]	[L1: 0.0270]	1.3+0.1s
[280/945]	[L1: 0.0276]	1.3+0.1s
[320/945]	[L1: 0.0277]	1.4+0.1s
[360/945]	[L1: 0.0277]	1.3+0.1s
[400/945]	[L1: 0.0279]	1.3+0.1s
[440/945]	[L1: 0.0277]	1.3+0.1s
[480/945]	[L1: 0.0276]	1.3+0.1s
[520/945]	[L1: 0.0277]	1.3+0.1s
[560/945]	[L1: 0.0279]	1.3+0.1s
[600/945]	[L1: 0.0279]	1.3+0.1s
[640/945]	[L1: 0.0279]	1.3+0.1s
[680/945]	[L1: 0.0278]	1.3+0.1s
[720/945]	[L1: 0.0278]	1.3+0.1s
[760/945]	[L1: 0.0278]	1.3+0.1s
[800/945]	[L1: 0.0278]	1.3+0.1s
[840/945]	[L1: 0.0277]	1.3+0.1s
[880/945]	[L1: 0.0278]	1.4+0.1s
[920/945]	[L1: 0.0279]	1.3+0.1s

Evaluation:
[UCMerced x4]	psnr: 28.081 (Best: 28.118 @epoch 345)
Total time: 1.77s

[Epoch 352]	Learning rate: 1.00e-4
[40/945]	[L1: 0.0304]	1.3+0.1s
[80/945]	[L1: 0.0292]	1.3+0.1s
[120/945]	[L1: 0.0282]	1.3+0.1s
[160/945]	[L1: 0.0285]	1.3+0.1s
[200/945]	[L1: 0.0278]	1.3+0.1s
[240/945]	[L1: 0.0277]	1.3+0.1s
[280/945]	[L1: 0.0276]	1.3+0.1s
[320/945]	[L1: 0.0274]	1.3+0.1s
[360/945]	[L1: 0.0278]	1.4+0.1s
[400/945]	[L1: 0.0279]	1.3+0.1s
[440/945]	[L1: 0.0276]	1.3+0.1s
[480/945]	[L1: 0.0275]	1.3+0.1s
[520/945]	[L1: 0.0274]	1.3+0.1s
[560/945]	[L1: 0.0275]	1.3+0.1s
[600/945]	[L1: 0.0276]	1.3+0.1s
[640/945]	[L1: 0.0278]	1.3+0.1s
[680/945]	[L1: 0.0280]	1.3+0.1s
[720/945]	[L1: 0.0279]	1.4+0.1s
[760/945]	[L1: 0.0278]	1.3+0.1s
[800/945]	[L1: 0.0277]	1.3+0.1s
[840/945]	[L1: 0.0278]	1.3+0.1s
[880/945]	[L1: 0.0278]	1.3+0.1s
[920/945]	[L1: 0.0278]	1.4+0.1s

Evaluation:
[UCMerced x4]	psnr: 28.057 (Best: 28.118 @epoch 345)
Total time: 1.77s

[Epoch 353]	Learning rate: 1.00e-4
[40/945]	[L1: 0.0292]	1.4+0.1s
[80/945]	[L1: 0.0297]	1.3+0.1s
[120/945]	[L1: 0.0289]	1.3+0.1s
[160/945]	[L1: 0.0282]	1.3+0.1s
[200/945]	[L1: 0.0290]	1.3+0.1s
[240/945]	[L1: 0.0290]	1.3+0.1s
[280/945]	[L1: 0.0283]	1.3+0.1s
[320/945]	[L1: 0.0283]	1.3+0.1s
[360/945]	[L1: 0.0284]	1.3+0.1s
[400/945]	[L1: 0.0283]	1.3+0.1s
[440/945]	[L1: 0.0279]	1.4+0.1s
[480/945]	[L1: 0.0278]	1.3+0.1s
[520/945]	[L1: 0.0278]	1.3+0.1s
[560/945]	[L1: 0.0280]	1.3+0.1s
[600/945]	[L1: 0.0279]	1.3+0.1s
[640/945]	[L1: 0.0278]	1.3+0.1s
[680/945]	[L1: 0.0278]	1.3+0.1s
[720/945]	[L1: 0.0278]	1.3+0.1s
[760/945]	[L1: 0.0278]	1.4+0.1s
[800/945]	[L1: 0.0278]	1.3+0.1s
[840/945]	[L1: 0.0276]	1.3+0.1s
[880/945]	[L1: 0.0277]	1.3+0.1s
[920/945]	[L1: 0.0278]	1.3+0.1s

Evaluation:
[UCMerced x4]	psnr: 28.065 (Best: 28.118 @epoch 345)
Total time: 1.78s

[Epoch 354]	Learning rate: 1.00e-4
[40/945]	[L1: 0.0294]	1.3+0.1s
[80/945]	[L1: 0.0300]	1.3+0.1s
[120/945]	[L1: 0.0288]	1.3+0.1s
[160/945]	[L1: 0.0286]	1.3+0.1s
[200/945]	[L1: 0.0285]	1.3+0.1s
[240/945]	[L1: 0.0282]	1.3+0.1s
[280/945]	[L1: 0.0281]	1.3+0.1s
[320/945]	[L1: 0.0279]	1.3+0.1s
[360/945]	[L1: 0.0279]	1.3+0.1s
[400/945]	[L1: 0.0280]	1.3+0.1s
[440/945]	[L1: 0.0281]	1.3+0.1s
[480/945]	[L1: 0.0281]	1.3+0.1s
[520/945]	[L1: 0.0280]	1.4+0.1s
[560/945]	[L1: 0.0279]	1.3+0.1s
[600/945]	[L1: 0.0278]	1.3+0.1s
[640/945]	[L1: 0.0279]	1.3+0.1s
[680/945]	[L1: 0.0279]	1.3+0.1s
[720/945]	[L1: 0.0277]	1.3+0.1s
[760/945]	[L1: 0.0278]	1.3+0.1s
[800/945]	[L1: 0.0277]	1.3+0.1s
[840/945]	[L1: 0.0279]	1.3+0.1s
[880/945]	[L1: 0.0278]	1.3+0.1s
[920/945]	[L1: 0.0278]	1.3+0.1s

Evaluation:
[UCMerced x4]	psnr: 28.070 (Best: 28.118 @epoch 345)
Total time: 1.79s

[Epoch 355]	Learning rate: 1.00e-4
[40/945]	[L1: 0.0269]	1.4+0.1s
[80/945]	[L1: 0.0278]	1.3+0.1s
[120/945]	[L1: 0.0280]	1.3+0.1s
[160/945]	[L1: 0.0282]	1.3+0.1s
[200/945]	[L1: 0.0280]	1.3+0.1s
[240/945]	[L1: 0.0281]	1.3+0.1s
[280/945]	[L1: 0.0279]	1.3+0.1s
[320/945]	[L1: 0.0277]	1.3+0.1s
[360/945]	[L1: 0.0282]	1.3+0.1s
[400/945]	[L1: 0.0279]	1.3+0.1s
[440/945]	[L1: 0.0279]	1.3+0.1s
[480/945]	[L1: 0.0278]	1.3+0.1s
[520/945]	[L1: 0.0277]	1.3+0.1s
[560/945]	[L1: 0.0276]	1.3+0.1s
[600/945]	[L1: 0.0277]	1.4+0.1s
[640/945]	[L1: 0.0276]	1.3+0.1s
[680/945]	[L1: 0.0275]	1.3+0.1s
[720/945]	[L1: 0.0276]	1.3+0.1s
[760/945]	[L1: 0.0275]	1.3+0.1s
[800/945]	[L1: 0.0275]	1.3+0.1s
[840/945]	[L1: 0.0274]	1.3+0.1s
[880/945]	[L1: 0.0274]	1.3+0.1s
[920/945]	[L1: 0.0277]	1.3+0.1s

Evaluation:
[UCMerced x4]	psnr: 28.100 (Best: 28.118 @epoch 345)
Total time: 1.77s

[Epoch 356]	Learning rate: 1.00e-4
[40/945]	[L1: 0.0287]	1.3+0.1s
[80/945]	[L1: 0.0281]	1.3+0.1s
[120/945]	[L1: 0.0286]	1.4+0.1s
[160/945]	[L1: 0.0285]	1.3+0.1s
[200/945]	[L1: 0.0280]	1.3+0.1s
[240/945]	[L1: 0.0281]	1.4+0.1s
[280/945]	[L1: 0.0276]	1.3+0.1s
[320/945]	[L1: 0.0271]	1.3+0.1s
[360/945]	[L1: 0.0270]	1.3+0.1s
[400/945]	[L1: 0.0271]	1.3+0.1s
[440/945]	[L1: 0.0273]	1.3+0.1s
[480/945]	[L1: 0.0275]	1.3+0.1s
[520/945]	[L1: 0.0276]	1.3+0.1s
[560/945]	[L1: 0.0277]	1.3+0.1s
[600/945]	[L1: 0.0277]	1.3+0.1s
[640/945]	[L1: 0.0275]	1.3+0.1s
[680/945]	[L1: 0.0277]	1.4+0.1s
[720/945]	[L1: 0.0276]	1.3+0.1s
[760/945]	[L1: 0.0275]	1.3+0.1s
[800/945]	[L1: 0.0276]	1.3+0.1s
[840/945]	[L1: 0.0276]	1.3+0.1s
[880/945]	[L1: 0.0278]	1.3+0.1s
[920/945]	[L1: 0.0278]	1.3+0.1s

Evaluation:
[UCMerced x4]	psnr: 28.077 (Best: 28.118 @epoch 345)
Total time: 1.81s

[Epoch 357]	Learning rate: 1.00e-4
[40/945]	[L1: 0.0249]	1.4+0.1s
[80/945]	[L1: 0.0257]	1.3+0.1s
[120/945]	[L1: 0.0267]	1.3+0.1s
[160/945]	[L1: 0.0263]	1.3+0.1s
[200/945]	[L1: 0.0266]	1.4+0.1s
[240/945]	[L1: 0.0265]	1.3+0.1s
[280/945]	[L1: 0.0263]	1.3+0.1s
[320/945]	[L1: 0.0267]	1.3+0.1s
[360/945]	[L1: 0.0269]	1.3+0.1s
[400/945]	[L1: 0.0269]	1.3+0.1s
[440/945]	[L1: 0.0270]	1.3+0.1s
[480/945]	[L1: 0.0273]	1.3+0.1s
[520/945]	[L1: 0.0276]	1.3+0.1s
[560/945]	[L1: 0.0275]	1.3+0.1s
[600/945]	[L1: 0.0275]	1.3+0.1s
[640/945]	[L1: 0.0276]	1.3+0.1s
[680/945]	[L1: 0.0278]	1.3+0.1s
[720/945]	[L1: 0.0277]	1.3+0.1s
[760/945]	[L1: 0.0278]	1.4+0.1s
[800/945]	[L1: 0.0278]	1.3+0.1s
[840/945]	[L1: 0.0278]	1.3+0.1s
[880/945]	[L1: 0.0278]	1.3+0.1s
[920/945]	[L1: 0.0278]	1.3+0.1s

Evaluation:
[UCMerced x4]	psnr: 28.059 (Best: 28.118 @epoch 345)
Total time: 1.81s

[Epoch 358]	Learning rate: 1.00e-4
[40/945]	[L1: 0.0285]	1.3+0.1s
[80/945]	[L1: 0.0294]	1.3+0.1s
[120/945]	[L1: 0.0288]	1.3+0.1s
[160/945]	[L1: 0.0284]	1.3+0.1s
[200/945]	[L1: 0.0280]	1.3+0.1s
[240/945]	[L1: 0.0280]	1.4+0.1s
[280/945]	[L1: 0.0277]	1.3+0.1s
[320/945]	[L1: 0.0274]	1.3+0.1s
[360/945]	[L1: 0.0274]	1.3+0.1s
[400/945]	[L1: 0.0276]	1.3+0.1s
[440/945]	[L1: 0.0273]	1.3+0.1s
[480/945]	[L1: 0.0274]	1.3+0.1s
[520/945]	[L1: 0.0275]	1.3+0.1s
[560/945]	[L1: 0.0275]	1.3+0.1s
[600/945]	[L1: 0.0277]	1.3+0.1s
[640/945]	[L1: 0.0276]	1.3+0.1s
[680/945]	[L1: 0.0277]	1.3+0.1s
[720/945]	[L1: 0.0279]	1.3+0.1s
[760/945]	[L1: 0.0278]	1.3+0.1s
[800/945]	[L1: 0.0279]	1.3+0.1s
[840/945]	[L1: 0.0279]	1.4+0.1s
[880/945]	[L1: 0.0279]	1.3+0.1s
[920/945]	[L1: 0.0278]	1.3+0.1s

Evaluation:
[UCMerced x4]	psnr: 28.085 (Best: 28.118 @epoch 345)
Total time: 1.80s

[Epoch 359]	Learning rate: 1.00e-4
[40/945]	[L1: 0.0296]	1.3+0.1s
[80/945]	[L1: 0.0286]	1.3+0.1s
[120/945]	[L1: 0.0287]	1.3+0.1s
[160/945]	[L1: 0.0289]	1.3+0.1s
[200/945]	[L1: 0.0294]	1.3+0.1s
[240/945]	[L1: 0.0288]	1.3+0.1s
[280/945]	[L1: 0.0282]	1.3+0.1s
[320/945]	[L1: 0.0281]	1.4+0.1s
[360/945]	[L1: 0.0282]	1.3+0.1s
[400/945]	[L1: 0.0283]	1.3+0.1s
[440/945]	[L1: 0.0284]	1.3+0.1s
[480/945]	[L1: 0.0282]	1.3+0.1s
[520/945]	[L1: 0.0280]	1.3+0.1s
[560/945]	[L1: 0.0279]	1.3+0.1s
[600/945]	[L1: 0.0277]	1.3+0.1s
[640/945]	[L1: 0.0278]	1.3+0.1s
[680/945]	[L1: 0.0278]	1.3+0.1s
[720/945]	[L1: 0.0278]	1.3+0.1s
[760/945]	[L1: 0.0278]	1.3+0.1s
[800/945]	[L1: 0.0278]	1.3+0.1s
[840/945]	[L1: 0.0277]	1.3+0.1s
[880/945]	[L1: 0.0278]	1.4+0.1s
[920/945]	[L1: 0.0278]	1.3+0.1s

Evaluation:
[UCMerced x4]	psnr: 28.083 (Best: 28.118 @epoch 345)
Total time: 1.81s

[Epoch 360]	Learning rate: 1.00e-4
[40/945]	[L1: 0.0288]	1.3+0.1s
[80/945]	[L1: 0.0288]	1.3+0.1s
[120/945]	[L1: 0.0287]	1.3+0.1s
[160/945]	[L1: 0.0289]	1.3+0.1s
[200/945]	[L1: 0.0282]	1.3+0.1s
[240/945]	[L1: 0.0281]	1.3+0.1s
[280/945]	[L1: 0.0282]	1.3+0.1s
[320/945]	[L1: 0.0282]	1.3+0.1s
[360/945]	[L1: 0.0277]	1.3+0.1s
[400/945]	[L1: 0.0277]	1.4+0.1s
[440/945]	[L1: 0.0277]	1.3+0.1s
[480/945]	[L1: 0.0276]	1.3+0.1s
[520/945]	[L1: 0.0274]	1.3+0.1s
[560/945]	[L1: 0.0277]	1.3+0.1s
[600/945]	[L1: 0.0276]	1.3+0.1s
[640/945]	[L1: 0.0277]	1.3+0.1s
[680/945]	[L1: 0.0277]	1.3+0.1s
[720/945]	[L1: 0.0276]	1.3+0.1s
[760/945]	[L1: 0.0277]	1.3+0.1s
[800/945]	[L1: 0.0277]	1.3+0.1s
[840/945]	[L1: 0.0277]	1.3+0.1s
[880/945]	[L1: 0.0277]	1.3+0.1s
[920/945]	[L1: 0.0277]	1.3+0.1s

Evaluation:
[UCMerced x4]	psnr: 28.084 (Best: 28.118 @epoch 345)
Total time: 1.80s

[Epoch 361]	Learning rate: 1.00e-4
[40/945]	[L1: 0.0304]	1.3+0.1s
[80/945]	[L1: 0.0277]	1.3+0.1s
[120/945]	[L1: 0.0274]	1.3+0.1s
[160/945]	[L1: 0.0272]	1.3+0.1s
[200/945]	[L1: 0.0272]	1.3+0.1s
[240/945]	[L1: 0.0272]	1.3+0.1s
[280/945]	[L1: 0.0274]	1.3+0.1s
[320/945]	[L1: 0.0273]	1.3+0.1s
[360/945]	[L1: 0.0275]	1.3+0.1s
[400/945]	[L1: 0.0276]	1.3+0.1s
[440/945]	[L1: 0.0277]	1.3+0.1s
[480/945]	[L1: 0.0276]	1.4+0.1s
[520/945]	[L1: 0.0275]	1.3+0.1s
[560/945]	[L1: 0.0276]	1.3+0.1s
[600/945]	[L1: 0.0278]	1.3+0.1s
[640/945]	[L1: 0.0277]	1.3+0.1s
[680/945]	[L1: 0.0277]	1.3+0.1s
[720/945]	[L1: 0.0279]	1.3+0.1s
[760/945]	[L1: 0.0279]	1.3+0.1s
[800/945]	[L1: 0.0279]	1.3+0.1s
[840/945]	[L1: 0.0280]	1.3+0.1s
[880/945]	[L1: 0.0279]	1.3+0.1s
[920/945]	[L1: 0.0279]	1.3+0.1s

Evaluation:
[UCMerced x4]	psnr: 28.049 (Best: 28.118 @epoch 345)
Total time: 1.77s

[Epoch 362]	Learning rate: 1.00e-4
[40/945]	[L1: 0.0296]	1.3+0.1s
[80/945]	[L1: 0.0298]	1.3+0.1s
[120/945]	[L1: 0.0292]	1.3+0.1s
[160/945]	[L1: 0.0289]	1.3+0.1s
[200/945]	[L1: 0.0285]	1.3+0.1s
[240/945]	[L1: 0.0285]	1.3+0.1s
[280/945]	[L1: 0.0283]	1.3+0.1s
[320/945]	[L1: 0.0283]	1.3+0.1s
[360/945]	[L1: 0.0281]	1.3+0.1s
[400/945]	[L1: 0.0281]	1.3+0.1s
[440/945]	[L1: 0.0279]	1.3+0.1s
[480/945]	[L1: 0.0281]	1.3+0.1s
[520/945]	[L1: 0.0281]	1.3+0.1s
[560/945]	[L1: 0.0281]	1.4+0.1s
[600/945]	[L1: 0.0281]	1.3+0.1s
[640/945]	[L1: 0.0281]	1.3+0.1s
[680/945]	[L1: 0.0279]	1.3+0.1s
[720/945]	[L1: 0.0279]	1.3+0.1s
[760/945]	[L1: 0.0280]	1.3+0.1s
[800/945]	[L1: 0.0280]	1.3+0.1s
[840/945]	[L1: 0.0279]	1.3+0.1s
[880/945]	[L1: 0.0279]	1.3+0.1s
[920/945]	[L1: 0.0278]	1.3+0.1s

Evaluation:
[UCMerced x4]	psnr: 28.092 (Best: 28.118 @epoch 345)
Total time: 1.80s

[Epoch 363]	Learning rate: 1.00e-4
[40/945]	[L1: 0.0277]	1.4+0.1s
[80/945]	[L1: 0.0273]	1.3+0.1s
[120/945]	[L1: 0.0274]	1.3+0.1s
[160/945]	[L1: 0.0273]	1.3+0.1s
[200/945]	[L1: 0.0276]	1.3+0.1s
[240/945]	[L1: 0.0276]	1.3+0.1s
[280/945]	[L1: 0.0276]	1.3+0.1s
[320/945]	[L1: 0.0277]	1.3+0.1s
[360/945]	[L1: 0.0277]	1.3+0.1s
[400/945]	[L1: 0.0278]	1.3+0.1s
[440/945]	[L1: 0.0280]	1.3+0.1s
[480/945]	[L1: 0.0277]	1.3+0.1s
[520/945]	[L1: 0.0275]	1.3+0.1s
[560/945]	[L1: 0.0276]	1.3+0.1s
[600/945]	[L1: 0.0275]	1.3+0.1s
[640/945]	[L1: 0.0275]	1.4+0.1s
[680/945]	[L1: 0.0278]	1.3+0.1s
[720/945]	[L1: 0.0278]	1.3+0.1s
[760/945]	[L1: 0.0279]	1.3+0.1s
[800/945]	[L1: 0.0279]	1.3+0.1s
[840/945]	[L1: 0.0279]	1.3+0.1s
[880/945]	[L1: 0.0279]	1.3+0.1s
[920/945]	[L1: 0.0278]	1.3+0.1s

Evaluation:
[UCMerced x4]	psnr: 28.115 (Best: 28.118 @epoch 345)
Total time: 1.80s

[Epoch 364]	Learning rate: 1.00e-4
[40/945]	[L1: 0.0250]	1.3+0.1s
[80/945]	[L1: 0.0250]	1.3+0.1s
[120/945]	[L1: 0.0263]	1.4+0.1s
[160/945]	[L1: 0.0265]	1.3+0.1s
[200/945]	[L1: 0.0269]	1.3+0.1s
[240/945]	[L1: 0.0275]	1.3+0.1s
[280/945]	[L1: 0.0274]	1.3+0.1s
[320/945]	[L1: 0.0274]	1.3+0.1s
[360/945]	[L1: 0.0276]	1.3+0.1s
[400/945]	[L1: 0.0276]	1.3+0.1s
[440/945]	[L1: 0.0274]	1.3+0.1s
[480/945]	[L1: 0.0272]	1.3+0.1s
[520/945]	[L1: 0.0273]	1.3+0.1s
[560/945]	[L1: 0.0274]	1.3+0.1s
[600/945]	[L1: 0.0276]	1.3+0.1s
[640/945]	[L1: 0.0276]	1.3+0.1s
[680/945]	[L1: 0.0276]	1.3+0.1s
[720/945]	[L1: 0.0274]	1.4+0.1s
[760/945]	[L1: 0.0275]	1.3+0.1s
[800/945]	[L1: 0.0277]	1.3+0.1s
[840/945]	[L1: 0.0276]	1.3+0.1s
[880/945]	[L1: 0.0277]	1.3+0.1s
[920/945]	[L1: 0.0278]	1.3+0.1s

Evaluation:
[UCMerced x4]	psnr: 28.084 (Best: 28.118 @epoch 345)
Total time: 1.80s

[Epoch 365]	Learning rate: 1.00e-4
[40/945]	[L1: 0.0285]	1.3+0.1s
[80/945]	[L1: 0.0281]	1.3+0.1s
[120/945]	[L1: 0.0278]	1.3+0.1s
[160/945]	[L1: 0.0279]	1.3+0.1s
[200/945]	[L1: 0.0279]	1.4+0.1s
[240/945]	[L1: 0.0277]	1.3+0.1s
[280/945]	[L1: 0.0278]	1.3+0.1s
[320/945]	[L1: 0.0277]	1.3+0.1s
[360/945]	[L1: 0.0277]	1.3+0.1s
[400/945]	[L1: 0.0279]	1.3+0.1s
[440/945]	[L1: 0.0280]	1.3+0.1s
[480/945]	[L1: 0.0280]	1.3+0.1s
[520/945]	[L1: 0.0281]	1.3+0.1s
[560/945]	[L1: 0.0279]	1.3+0.1s
[600/945]	[L1: 0.0279]	1.3+0.1s
[640/945]	[L1: 0.0279]	1.3+0.1s
[680/945]	[L1: 0.0279]	1.3+0.1s
[720/945]	[L1: 0.0279]	1.3+0.1s
[760/945]	[L1: 0.0278]	1.4+0.1s
[800/945]	[L1: 0.0276]	1.3+0.1s
[840/945]	[L1: 0.0277]	1.3+0.1s
[880/945]	[L1: 0.0277]	1.3+0.1s
[920/945]	[L1: 0.0278]	1.3+0.1s

Evaluation:
[UCMerced x4]	psnr: 28.100 (Best: 28.118 @epoch 345)
Total time: 1.79s

[Epoch 366]	Learning rate: 1.00e-4
[40/945]	[L1: 0.0279]	1.3+0.1s
[80/945]	[L1: 0.0281]	1.3+0.1s
[120/945]	[L1: 0.0279]	1.3+0.1s
[160/945]	[L1: 0.0271]	1.3+0.1s
[200/945]	[L1: 0.0266]	1.3+0.1s
[240/945]	[L1: 0.0272]	1.3+0.1s
[280/945]	[L1: 0.0276]	1.4+0.1s
[320/945]	[L1: 0.0275]	1.3+0.1s
[360/945]	[L1: 0.0277]	1.3+0.1s
[400/945]	[L1: 0.0274]	1.3+0.1s
[440/945]	[L1: 0.0272]	1.3+0.1s
[480/945]	[L1: 0.0274]	1.3+0.1s
[520/945]	[L1: 0.0275]	1.3+0.1s
[560/945]	[L1: 0.0277]	1.3+0.1s
[600/945]	[L1: 0.0277]	1.3+0.1s
[640/945]	[L1: 0.0276]	1.3+0.1s
[680/945]	[L1: 0.0276]	1.3+0.1s
[720/945]	[L1: 0.0276]	1.3+0.1s
[760/945]	[L1: 0.0276]	1.3+0.1s
[800/945]	[L1: 0.0276]	1.3+0.1s
[840/945]	[L1: 0.0276]	1.4+0.1s
[880/945]	[L1: 0.0277]	1.3+0.1s
[920/945]	[L1: 0.0277]	1.3+0.1s

Evaluation:
[UCMerced x4]	psnr: 28.099 (Best: 28.118 @epoch 345)
Total time: 1.81s

[Epoch 367]	Learning rate: 1.00e-4
[40/945]	[L1: 0.0260]	1.3+0.1s
[80/945]	[L1: 0.0278]	1.3+0.1s
[120/945]	[L1: 0.0269]	1.3+0.1s
[160/945]	[L1: 0.0268]	1.3+0.1s
[200/945]	[L1: 0.0269]	1.3+0.1s
[240/945]	[L1: 0.0275]	1.3+0.1s
[280/945]	[L1: 0.0274]	1.3+0.1s
[320/945]	[L1: 0.0275]	1.4+0.1s
[360/945]	[L1: 0.0272]	1.3+0.1s
[400/945]	[L1: 0.0273]	1.3+0.1s
[440/945]	[L1: 0.0277]	1.3+0.1s
[480/945]	[L1: 0.0277]	1.3+0.1s
[520/945]	[L1: 0.0278]	1.3+0.1s
[560/945]	[L1: 0.0278]	1.3+0.1s
[600/945]	[L1: 0.0277]	1.3+0.1s
[640/945]	[L1: 0.0277]	1.3+0.1s
[680/945]	[L1: 0.0275]	1.3+0.1s
[720/945]	[L1: 0.0276]	1.3+0.1s
[760/945]	[L1: 0.0277]	1.3+0.1s
[800/945]	[L1: 0.0276]	1.3+0.1s
[840/945]	[L1: 0.0276]	1.3+0.1s
[880/945]	[L1: 0.0277]	1.3+0.1s
[920/945]	[L1: 0.0277]	1.4+0.1s

Evaluation:
[UCMerced x4]	psnr: 28.072 (Best: 28.118 @epoch 345)
Total time: 1.77s

[Epoch 368]	Learning rate: 1.00e-4
[40/945]	[L1: 0.0283]	1.3+0.1s
[80/945]	[L1: 0.0289]	1.3+0.1s
[120/945]	[L1: 0.0289]	1.3+0.1s
[160/945]	[L1: 0.0294]	1.3+0.1s
[200/945]	[L1: 0.0287]	1.3+0.1s
[240/945]	[L1: 0.0287]	1.3+0.1s
[280/945]	[L1: 0.0284]	1.3+0.1s
[320/945]	[L1: 0.0283]	1.3+0.1s
[360/945]	[L1: 0.0280]	1.3+0.1s
[400/945]	[L1: 0.0279]	1.4+0.1s
[440/945]	[L1: 0.0282]	1.3+0.1s
[480/945]	[L1: 0.0280]	1.3+0.1s
[520/945]	[L1: 0.0279]	1.3+0.1s
[560/945]	[L1: 0.0277]	1.3+0.1s
[600/945]	[L1: 0.0278]	1.3+0.1s
[640/945]	[L1: 0.0279]	1.3+0.1s
[680/945]	[L1: 0.0279]	1.3+0.1s
[720/945]	[L1: 0.0280]	1.3+0.1s
[760/945]	[L1: 0.0279]	1.3+0.1s
[800/945]	[L1: 0.0278]	1.3+0.1s
[840/945]	[L1: 0.0278]	1.3+0.1s
[880/945]	[L1: 0.0277]	1.3+0.1s
[920/945]	[L1: 0.0277]	1.3+0.1s

Evaluation:
[UCMerced x4]	psnr: 28.099 (Best: 28.118 @epoch 345)
Total time: 1.77s

[Epoch 369]	Learning rate: 1.00e-4
[40/945]	[L1: 0.0273]	1.4+0.1s
[80/945]	[L1: 0.0258]	1.3+0.1s
[120/945]	[L1: 0.0270]	1.3+0.1s
[160/945]	[L1: 0.0279]	1.3+0.1s
[200/945]	[L1: 0.0274]	1.3+0.1s
[240/945]	[L1: 0.0276]	1.3+0.1s
[280/945]	[L1: 0.0275]	1.3+0.1s
[320/945]	[L1: 0.0273]	1.3+0.1s
[360/945]	[L1: 0.0278]	1.3+0.1s
[400/945]	[L1: 0.0280]	1.3+0.1s
[440/945]	[L1: 0.0279]	1.3+0.1s
[480/945]	[L1: 0.0277]	1.3+0.1s
[520/945]	[L1: 0.0276]	1.4+0.1s
[560/945]	[L1: 0.0277]	1.3+0.1s
[600/945]	[L1: 0.0276]	1.3+0.1s
[640/945]	[L1: 0.0277]	1.3+0.1s
[680/945]	[L1: 0.0278]	1.3+0.1s
[720/945]	[L1: 0.0278]	1.3+0.1s
[760/945]	[L1: 0.0279]	1.3+0.1s
[800/945]	[L1: 0.0278]	1.3+0.1s
[840/945]	[L1: 0.0279]	1.3+0.1s
[880/945]	[L1: 0.0279]	1.3+0.1s
[920/945]	[L1: 0.0278]	1.3+0.1s

Evaluation:
[UCMerced x4]	psnr: 28.071 (Best: 28.118 @epoch 345)
Total time: 1.79s

[Epoch 370]	Learning rate: 1.00e-4
[40/945]	[L1: 0.0280]	1.4+0.1s
[80/945]	[L1: 0.0262]	1.3+0.1s
[120/945]	[L1: 0.0255]	1.3+0.1s
[160/945]	[L1: 0.0260]	1.3+0.1s
[200/945]	[L1: 0.0257]	1.3+0.1s
[240/945]	[L1: 0.0266]	1.3+0.1s
[280/945]	[L1: 0.0266]	1.3+0.1s
[320/945]	[L1: 0.0271]	1.3+0.1s
[360/945]	[L1: 0.0268]	1.3+0.1s
[400/945]	[L1: 0.0268]	1.3+0.1s
[440/945]	[L1: 0.0268]	1.3+0.1s
[480/945]	[L1: 0.0269]	1.3+0.1s
[520/945]	[L1: 0.0269]	1.3+0.1s
[560/945]	[L1: 0.0270]	1.3+0.1s
[600/945]	[L1: 0.0269]	1.4+0.1s
[640/945]	[L1: 0.0271]	1.3+0.1s
[680/945]	[L1: 0.0274]	1.3+0.1s
[720/945]	[L1: 0.0273]	1.3+0.1s
[760/945]	[L1: 0.0274]	1.3+0.1s
[800/945]	[L1: 0.0274]	1.3+0.1s
[840/945]	[L1: 0.0275]	1.3+0.1s
[880/945]	[L1: 0.0277]	1.3+0.1s
[920/945]	[L1: 0.0276]	1.3+0.1s

Evaluation:
[UCMerced x4]	psnr: 28.067 (Best: 28.118 @epoch 345)
Total time: 1.79s

[Epoch 371]	Learning rate: 1.00e-4
[40/945]	[L1: 0.0255]	1.3+0.1s
[80/945]	[L1: 0.0274]	1.3+0.1s
[120/945]	[L1: 0.0283]	1.4+0.1s
[160/945]	[L1: 0.0287]	1.3+0.1s
[200/945]	[L1: 0.0281]	1.3+0.1s
[240/945]	[L1: 0.0276]	1.3+0.1s
[280/945]	[L1: 0.0276]	1.3+0.1s
[320/945]	[L1: 0.0277]	1.3+0.1s
[360/945]	[L1: 0.0276]	1.3+0.1s
[400/945]	[L1: 0.0276]	1.3+0.1s
[440/945]	[L1: 0.0277]	1.3+0.1s
[480/945]	[L1: 0.0277]	1.3+0.1s
[520/945]	[L1: 0.0278]	1.3+0.1s
[560/945]	[L1: 0.0277]	1.3+0.1s
[600/945]	[L1: 0.0277]	1.3+0.1s
[640/945]	[L1: 0.0277]	1.3+0.1s
[680/945]	[L1: 0.0278]	1.4+0.1s
[720/945]	[L1: 0.0277]	1.3+0.1s
[760/945]	[L1: 0.0277]	1.3+0.1s
[800/945]	[L1: 0.0278]	1.3+0.1s
[840/945]	[L1: 0.0278]	1.3+0.1s
[880/945]	[L1: 0.0278]	1.3+0.1s
[920/945]	[L1: 0.0278]	1.3+0.1s

Evaluation:
[UCMerced x4]	psnr: 28.072 (Best: 28.118 @epoch 345)
Total time: 1.79s

[Epoch 372]	Learning rate: 1.00e-4
[40/945]	[L1: 0.0270]	1.3+0.1s
[80/945]	[L1: 0.0261]	1.3+0.1s
[120/945]	[L1: 0.0279]	1.3+0.1s
[160/945]	[L1: 0.0278]	1.3+0.1s
[200/945]	[L1: 0.0275]	1.4+0.1s
[240/945]	[L1: 0.0276]	1.3+0.1s
[280/945]	[L1: 0.0279]	1.3+0.1s
[320/945]	[L1: 0.0276]	1.3+0.1s
[360/945]	[L1: 0.0279]	1.3+0.1s
[400/945]	[L1: 0.0281]	1.3+0.1s
[440/945]	[L1: 0.0277]	1.3+0.1s
[480/945]	[L1: 0.0276]	1.3+0.1s
[520/945]	[L1: 0.0275]	1.3+0.1s
[560/945]	[L1: 0.0273]	1.3+0.1s
[600/945]	[L1: 0.0276]	1.3+0.1s
[640/945]	[L1: 0.0276]	1.3+0.1s
[680/945]	[L1: 0.0275]	1.3+0.1s
[720/945]	[L1: 0.0277]	1.3+0.1s
[760/945]	[L1: 0.0276]	1.4+0.1s
[800/945]	[L1: 0.0276]	1.3+0.1s
[840/945]	[L1: 0.0277]	1.3+0.1s
[880/945]	[L1: 0.0276]	1.3+0.1s
[920/945]	[L1: 0.0277]	1.3+0.1s

Evaluation:
[UCMerced x4]	psnr: 28.089 (Best: 28.118 @epoch 345)
Total time: 1.79s

[Epoch 373]	Learning rate: 1.00e-4
[40/945]	[L1: 0.0253]	1.3+0.1s
[80/945]	[L1: 0.0268]	1.3+0.1s
[120/945]	[L1: 0.0272]	1.3+0.1s
[160/945]	[L1: 0.0270]	1.3+0.1s
[200/945]	[L1: 0.0274]	1.3+0.1s
[240/945]	[L1: 0.0277]	1.4+0.1s
[280/945]	[L1: 0.0279]	1.3+0.1s
[320/945]	[L1: 0.0279]	1.3+0.1s
[360/945]	[L1: 0.0278]	1.3+0.1s
[400/945]	[L1: 0.0280]	1.3+0.1s
[440/945]	[L1: 0.0280]	1.3+0.1s
[480/945]	[L1: 0.0279]	1.3+0.1s
[520/945]	[L1: 0.0275]	1.3+0.1s
[560/945]	[L1: 0.0275]	1.3+0.1s
[600/945]	[L1: 0.0276]	1.3+0.1s
[640/945]	[L1: 0.0275]	1.3+0.1s
[680/945]	[L1: 0.0277]	1.3+0.1s
[720/945]	[L1: 0.0277]	1.3+0.1s
[760/945]	[L1: 0.0278]	1.3+0.1s
[800/945]	[L1: 0.0277]	1.3+0.1s
[840/945]	[L1: 0.0277]	1.4+0.1s
[880/945]	[L1: 0.0277]	1.3+0.1s
[920/945]	[L1: 0.0277]	1.3+0.1s

Evaluation:
[UCMerced x4]	psnr: 28.057 (Best: 28.118 @epoch 345)
Total time: 1.79s

[Epoch 374]	Learning rate: 1.00e-4
[40/945]	[L1: 0.0303]	1.3+0.1s
[80/945]	[L1: 0.0284]	1.3+0.1s
[120/945]	[L1: 0.0276]	1.3+0.1s
[160/945]	[L1: 0.0274]	1.3+0.1s
[200/945]	[L1: 0.0274]	1.3+0.1s
[240/945]	[L1: 0.0268]	1.3+0.1s
[280/945]	[L1: 0.0268]	1.3+0.1s
[320/945]	[L1: 0.0274]	1.4+0.1s
[360/945]	[L1: 0.0270]	1.3+0.1s
[400/945]	[L1: 0.0269]	1.3+0.1s
[440/945]	[L1: 0.0270]	1.3+0.1s
[480/945]	[L1: 0.0272]	1.3+0.1s
[520/945]	[L1: 0.0272]	1.3+0.1s
[560/945]	[L1: 0.0273]	1.3+0.1s
[600/945]	[L1: 0.0273]	1.3+0.1s
[640/945]	[L1: 0.0273]	1.3+0.1s
[680/945]	[L1: 0.0274]	1.3+0.1s
[720/945]	[L1: 0.0274]	1.3+0.1s
[760/945]	[L1: 0.0276]	1.3+0.1s
[800/945]	[L1: 0.0276]	1.3+0.1s
[840/945]	[L1: 0.0276]	1.3+0.1s
[880/945]	[L1: 0.0276]	1.4+0.1s
[920/945]	[L1: 0.0278]	1.3+0.1s

Evaluation:
[UCMerced x4]	psnr: 28.029 (Best: 28.118 @epoch 345)
Total time: 1.80s

[Epoch 375]	Learning rate: 1.00e-4
[40/945]	[L1: 0.0272]	1.3+0.1s
[80/945]	[L1: 0.0262]	1.3+0.1s
[120/945]	[L1: 0.0269]	1.3+0.1s
[160/945]	[L1: 0.0266]	1.3+0.1s
[200/945]	[L1: 0.0267]	1.3+0.1s
[240/945]	[L1: 0.0269]	1.3+0.1s
[280/945]	[L1: 0.0268]	1.3+0.1s
[320/945]	[L1: 0.0268]	1.3+0.1s
[360/945]	[L1: 0.0268]	1.3+0.1s
[400/945]	[L1: 0.0268]	1.4+0.1s
[440/945]	[L1: 0.0270]	1.3+0.1s
[480/945]	[L1: 0.0269]	1.3+0.1s
[520/945]	[L1: 0.0269]	1.3+0.1s
[560/945]	[L1: 0.0274]	1.3+0.1s
[600/945]	[L1: 0.0275]	1.3+0.1s
[640/945]	[L1: 0.0275]	1.3+0.1s
[680/945]	[L1: 0.0276]	1.3+0.1s
[720/945]	[L1: 0.0277]	1.3+0.1s
[760/945]	[L1: 0.0277]	1.3+0.1s
[800/945]	[L1: 0.0276]	1.3+0.1s
[840/945]	[L1: 0.0276]	1.3+0.1s
[880/945]	[L1: 0.0277]	1.3+0.1s
[920/945]	[L1: 0.0277]	1.3+0.1s

Evaluation:
[UCMerced x4]	psnr: 28.082 (Best: 28.118 @epoch 345)
Total time: 1.81s

[Epoch 376]	Learning rate: 1.00e-4
[40/945]	[L1: 0.0269]	1.3+0.1s
[80/945]	[L1: 0.0266]	1.3+0.1s
[120/945]	[L1: 0.0282]	1.3+0.1s
[160/945]	[L1: 0.0282]	1.3+0.1s
[200/945]	[L1: 0.0279]	1.3+0.1s
[240/945]	[L1: 0.0277]	1.3+0.1s
[280/945]	[L1: 0.0277]	1.3+0.1s
[320/945]	[L1: 0.0280]	1.3+0.1s
[360/945]	[L1: 0.0280]	1.3+0.1s
[400/945]	[L1: 0.0282]	1.3+0.1s
[440/945]	[L1: 0.0282]	1.3+0.1s
[480/945]	[L1: 0.0280]	1.4+0.1s
[520/945]	[L1: 0.0279]	1.3+0.1s
[560/945]	[L1: 0.0280]	1.3+0.1s
[600/945]	[L1: 0.0278]	1.3+0.1s
[640/945]	[L1: 0.0279]	1.3+0.1s
[680/945]	[L1: 0.0279]	1.3+0.1s
[720/945]	[L1: 0.0279]	1.3+0.1s
[760/945]	[L1: 0.0280]	1.3+0.1s
[800/945]	[L1: 0.0280]	1.3+0.1s
[840/945]	[L1: 0.0279]	1.3+0.1s
[880/945]	[L1: 0.0278]	1.3+0.1s
[920/945]	[L1: 0.0277]	1.3+0.1s

Evaluation:
[UCMerced x4]	psnr: 28.063 (Best: 28.118 @epoch 345)
Total time: 1.78s

[Epoch 377]	Learning rate: 1.00e-4
[40/945]	[L1: 0.0293]	1.3+0.1s
[80/945]	[L1: 0.0283]	1.3+0.1s
[120/945]	[L1: 0.0271]	1.3+0.1s
[160/945]	[L1: 0.0279]	1.3+0.1s
[200/945]	[L1: 0.0279]	1.3+0.1s
[240/945]	[L1: 0.0282]	1.3+0.1s
[280/945]	[L1: 0.0286]	1.3+0.1s
[320/945]	[L1: 0.0286]	1.3+0.1s
[360/945]	[L1: 0.0287]	1.3+0.1s
[400/945]	[L1: 0.0285]	1.3+0.1s
[440/945]	[L1: 0.0284]	1.3+0.1s
[480/945]	[L1: 0.0282]	1.3+0.1s
[520/945]	[L1: 0.0279]	1.3+0.1s
[560/945]	[L1: 0.0280]	1.4+0.1s
[600/945]	[L1: 0.0278]	1.3+0.1s
[640/945]	[L1: 0.0277]	1.3+0.1s
[680/945]	[L1: 0.0277]	1.3+0.1s
[720/945]	[L1: 0.0276]	1.3+0.1s
[760/945]	[L1: 0.0275]	1.3+0.1s
[800/945]	[L1: 0.0276]	1.3+0.1s
[840/945]	[L1: 0.0276]	1.3+0.1s
[880/945]	[L1: 0.0277]	1.3+0.1s
[920/945]	[L1: 0.0276]	1.3+0.1s

Evaluation:
[UCMerced x4]	psnr: 28.088 (Best: 28.118 @epoch 345)
Total time: 1.80s

[Epoch 378]	Learning rate: 1.00e-4
[40/945]	[L1: 0.0251]	1.5+0.1s
[80/945]	[L1: 0.0260]	1.3+0.1s
[120/945]	[L1: 0.0261]	1.3+0.1s
[160/945]	[L1: 0.0259]	1.3+0.1s
[200/945]	[L1: 0.0263]	1.3+0.1s
[240/945]	[L1: 0.0266]	1.3+0.1s
[280/945]	[L1: 0.0267]	1.3+0.1s
[320/945]	[L1: 0.0270]	1.3+0.1s
[360/945]	[L1: 0.0272]	1.3+0.1s
[400/945]	[L1: 0.0273]	1.3+0.1s
[440/945]	[L1: 0.0273]	1.3+0.1s
[480/945]	[L1: 0.0275]	1.3+0.1s
[520/945]	[L1: 0.0275]	1.3+0.1s
[560/945]	[L1: 0.0276]	1.3+0.1s
[600/945]	[L1: 0.0277]	1.3+0.1s
[640/945]	[L1: 0.0277]	1.4+0.1s
[680/945]	[L1: 0.0275]	1.3+0.1s
[720/945]	[L1: 0.0275]	1.3+0.1s
[760/945]	[L1: 0.0276]	1.3+0.1s
[800/945]	[L1: 0.0276]	1.3+0.1s
[840/945]	[L1: 0.0276]	1.3+0.1s
[880/945]	[L1: 0.0276]	1.3+0.1s
[920/945]	[L1: 0.0277]	1.3+0.1s

Evaluation:
[UCMerced x4]	psnr: 28.071 (Best: 28.118 @epoch 345)
Total time: 1.80s

[Epoch 379]	Learning rate: 1.00e-4
[40/945]	[L1: 0.0253]	1.3+0.1s
[80/945]	[L1: 0.0264]	1.3+0.1s
[120/945]	[L1: 0.0269]	1.4+0.1s
[160/945]	[L1: 0.0267]	1.3+0.1s
[200/945]	[L1: 0.0273]	1.3+0.1s
[240/945]	[L1: 0.0273]	1.3+0.1s
[280/945]	[L1: 0.0273]	1.3+0.1s
[320/945]	[L1: 0.0275]	1.3+0.1s
[360/945]	[L1: 0.0275]	1.3+0.1s
[400/945]	[L1: 0.0275]	1.3+0.1s
[440/945]	[L1: 0.0276]	1.3+0.1s
[480/945]	[L1: 0.0275]	1.3+0.1s
[520/945]	[L1: 0.0275]	1.3+0.1s
[560/945]	[L1: 0.0275]	1.3+0.1s
[600/945]	[L1: 0.0274]	1.3+0.1s
[640/945]	[L1: 0.0274]	1.3+0.1s
[680/945]	[L1: 0.0272]	1.3+0.1s
[720/945]	[L1: 0.0272]	1.4+0.1s
[760/945]	[L1: 0.0273]	1.3+0.1s
[800/945]	[L1: 0.0275]	1.3+0.1s
[840/945]	[L1: 0.0275]	1.3+0.1s
[880/945]	[L1: 0.0276]	1.3+0.1s
[920/945]	[L1: 0.0276]	1.3+0.1s

Evaluation:
[UCMerced x4]	psnr: 28.081 (Best: 28.118 @epoch 345)
Total time: 1.79s

[Epoch 380]	Learning rate: 1.00e-4
[40/945]	[L1: 0.0282]	1.3+0.1s
[80/945]	[L1: 0.0271]	1.3+0.1s
[120/945]	[L1: 0.0267]	1.3+0.1s
[160/945]	[L1: 0.0268]	1.3+0.1s
[200/945]	[L1: 0.0272]	1.4+0.1s
[240/945]	[L1: 0.0274]	1.3+0.1s
[280/945]	[L1: 0.0275]	1.3+0.1s
[320/945]	[L1: 0.0280]	1.3+0.1s
[360/945]	[L1: 0.0280]	1.3+0.1s
[400/945]	[L1: 0.0278]	1.3+0.1s
[440/945]	[L1: 0.0278]	1.3+0.1s
[480/945]	[L1: 0.0278]	1.3+0.1s
[520/945]	[L1: 0.0279]	1.3+0.1s
[560/945]	[L1: 0.0279]	1.3+0.1s
[600/945]	[L1: 0.0282]	1.3+0.1s
[640/945]	[L1: 0.0280]	1.3+0.1s
[680/945]	[L1: 0.0280]	1.3+0.1s
[720/945]	[L1: 0.0279]	1.3+0.1s
[760/945]	[L1: 0.0277]	1.4+0.1s
[800/945]	[L1: 0.0277]	1.3+0.1s
[840/945]	[L1: 0.0277]	1.3+0.1s
[880/945]	[L1: 0.0277]	1.3+0.1s
[920/945]	[L1: 0.0277]	1.3+0.1s

Evaluation:
[UCMerced x4]	psnr: 28.054 (Best: 28.118 @epoch 345)
Total time: 1.77s

[Epoch 381]	Learning rate: 1.00e-4
[40/945]	[L1: 0.0261]	1.3+0.1s
[80/945]	[L1: 0.0251]	1.3+0.1s
[120/945]	[L1: 0.0254]	1.3+0.1s
[160/945]	[L1: 0.0258]	1.3+0.1s
[200/945]	[L1: 0.0265]	1.3+0.1s
[240/945]	[L1: 0.0268]	1.3+0.1s
[280/945]	[L1: 0.0265]	1.4+0.1s
[320/945]	[L1: 0.0266]	1.3+0.1s
[360/945]	[L1: 0.0268]	1.3+0.1s
[400/945]	[L1: 0.0267]	1.3+0.1s
[440/945]	[L1: 0.0273]	1.3+0.1s
[480/945]	[L1: 0.0278]	1.3+0.1s
[520/945]	[L1: 0.0276]	1.3+0.1s
[560/945]	[L1: 0.0277]	1.3+0.1s
[600/945]	[L1: 0.0275]	1.3+0.1s
[640/945]	[L1: 0.0276]	1.3+0.1s
[680/945]	[L1: 0.0276]	1.3+0.1s
[720/945]	[L1: 0.0276]	1.3+0.1s
[760/945]	[L1: 0.0276]	1.3+0.1s
[800/945]	[L1: 0.0276]	1.3+0.1s
[840/945]	[L1: 0.0276]	1.4+0.1s
[880/945]	[L1: 0.0278]	1.3+0.1s
[920/945]	[L1: 0.0278]	1.3+0.1s

Evaluation:
[UCMerced x4]	psnr: 28.063 (Best: 28.118 @epoch 345)
Total time: 1.77s

[Epoch 382]	Learning rate: 1.00e-4
[40/945]	[L1: 0.0277]	1.3+0.1s
[80/945]	[L1: 0.0285]	1.3+0.1s
[120/945]	[L1: 0.0286]	1.3+0.1s
[160/945]	[L1: 0.0291]	1.3+0.1s
[200/945]	[L1: 0.0294]	1.3+0.1s
[240/945]	[L1: 0.0285]	1.3+0.1s
[280/945]	[L1: 0.0287]	1.3+0.1s
[320/945]	[L1: 0.0284]	1.4+0.1s
[360/945]	[L1: 0.0286]	1.3+0.1s
[400/945]	[L1: 0.0282]	1.3+0.1s
[440/945]	[L1: 0.0282]	1.3+0.1s
[480/945]	[L1: 0.0283]	1.3+0.1s
[520/945]	[L1: 0.0283]	1.3+0.1s
[560/945]	[L1: 0.0282]	1.3+0.1s
[600/945]	[L1: 0.0282]	1.3+0.1s
[640/945]	[L1: 0.0280]	1.3+0.1s
[680/945]	[L1: 0.0279]	1.3+0.1s
[720/945]	[L1: 0.0278]	1.3+0.1s
[760/945]	[L1: 0.0278]	1.3+0.1s
[800/945]	[L1: 0.0278]	1.3+0.1s
[840/945]	[L1: 0.0276]	1.3+0.1s
[880/945]	[L1: 0.0277]	1.3+0.1s
[920/945]	[L1: 0.0277]	1.4+0.1s

Evaluation:
[UCMerced x4]	psnr: 28.086 (Best: 28.118 @epoch 345)
Total time: 1.77s

[Epoch 383]	Learning rate: 1.00e-4
[40/945]	[L1: 0.0261]	1.3+0.1s
[80/945]	[L1: 0.0255]	1.3+0.1s
[120/945]	[L1: 0.0270]	1.3+0.1s
[160/945]	[L1: 0.0273]	1.3+0.1s
[200/945]	[L1: 0.0275]	1.3+0.1s
[240/945]	[L1: 0.0272]	1.3+0.1s
[280/945]	[L1: 0.0269]	1.3+0.1s
[320/945]	[L1: 0.0273]	1.3+0.1s
[360/945]	[L1: 0.0271]	1.3+0.1s
[400/945]	[L1: 0.0274]	1.3+0.1s
[440/945]	[L1: 0.0273]	1.4+0.1s
[480/945]	[L1: 0.0274]	1.3+0.1s
[520/945]	[L1: 0.0273]	1.3+0.1s
[560/945]	[L1: 0.0272]	1.3+0.1s
[600/945]	[L1: 0.0274]	1.3+0.1s
[640/945]	[L1: 0.0273]	1.3+0.1s
[680/945]	[L1: 0.0273]	1.3+0.1s
[720/945]	[L1: 0.0275]	1.3+0.1s
[760/945]	[L1: 0.0274]	1.3+0.1s
[800/945]	[L1: 0.0275]	1.3+0.1s
[840/945]	[L1: 0.0276]	1.3+0.1s
[880/945]	[L1: 0.0277]	1.3+0.1s
[920/945]	[L1: 0.0277]	1.3+0.1s

Evaluation:
[UCMerced x4]	psnr: 28.051 (Best: 28.118 @epoch 345)
Total time: 1.79s

[Epoch 384]	Learning rate: 1.00e-4
[40/945]	[L1: 0.0307]	1.3+0.1s
[80/945]	[L1: 0.0302]	1.3+0.1s
[120/945]	[L1: 0.0284]	1.3+0.1s
[160/945]	[L1: 0.0281]	1.3+0.1s
[200/945]	[L1: 0.0282]	1.3+0.1s
[240/945]	[L1: 0.0289]	1.3+0.1s
[280/945]	[L1: 0.0284]	1.3+0.1s
[320/945]	[L1: 0.0283]	1.3+0.1s
[360/945]	[L1: 0.0281]	1.3+0.1s
[400/945]	[L1: 0.0280]	1.3+0.1s
[440/945]	[L1: 0.0278]	1.3+0.1s
[480/945]	[L1: 0.0278]	1.3+0.1s
[520/945]	[L1: 0.0277]	1.4+0.1s
[560/945]	[L1: 0.0279]	1.3+0.1s
[600/945]	[L1: 0.0278]	1.3+0.1s
[640/945]	[L1: 0.0278]	1.3+0.1s
[680/945]	[L1: 0.0278]	1.3+0.1s
[720/945]	[L1: 0.0278]	1.3+0.1s
[760/945]	[L1: 0.0278]	1.3+0.1s
[800/945]	[L1: 0.0278]	1.3+0.1s
[840/945]	[L1: 0.0277]	1.3+0.1s
[880/945]	[L1: 0.0277]	1.3+0.1s
[920/945]	[L1: 0.0277]	1.3+0.1s

Evaluation:
[UCMerced x4]	psnr: 28.098 (Best: 28.118 @epoch 345)
Total time: 1.78s

[Epoch 385]	Learning rate: 1.00e-4
[40/945]	[L1: 0.0307]	1.4+0.1s
[80/945]	[L1: 0.0292]	1.3+0.1s
[120/945]	[L1: 0.0282]	1.3+0.1s
[160/945]	[L1: 0.0282]	1.3+0.1s
[200/945]	[L1: 0.0277]	1.3+0.1s
[240/945]	[L1: 0.0279]	1.3+0.1s
[280/945]	[L1: 0.0282]	1.3+0.1s
[320/945]	[L1: 0.0278]	1.3+0.1s
[360/945]	[L1: 0.0278]	1.3+0.1s
[400/945]	[L1: 0.0277]	1.3+0.1s
[440/945]	[L1: 0.0280]	1.3+0.1s
[480/945]	[L1: 0.0281]	1.3+0.1s
[520/945]	[L1: 0.0280]	1.3+0.1s
[560/945]	[L1: 0.0279]	1.3+0.1s
[600/945]	[L1: 0.0281]	1.3+0.1s
[640/945]	[L1: 0.0282]	1.4+0.1s
[680/945]	[L1: 0.0280]	1.3+0.1s
[720/945]	[L1: 0.0280]	1.3+0.1s
[760/945]	[L1: 0.0279]	1.3+0.1s
[800/945]	[L1: 0.0279]	1.3+0.1s
[840/945]	[L1: 0.0278]	1.3+0.1s
[880/945]	[L1: 0.0278]	1.3+0.1s
[920/945]	[L1: 0.0277]	1.4+0.1s

Evaluation:
[UCMerced x4]	psnr: 28.099 (Best: 28.118 @epoch 345)
Total time: 1.78s

[Epoch 386]	Learning rate: 1.00e-4
[40/945]	[L1: 0.0291]	1.3+0.1s
[80/945]	[L1: 0.0287]	1.3+0.1s
[120/945]	[L1: 0.0276]	1.3+0.1s
[160/945]	[L1: 0.0282]	1.4+0.1s
[200/945]	[L1: 0.0271]	1.3+0.1s
[240/945]	[L1: 0.0276]	1.3+0.1s
[280/945]	[L1: 0.0277]	1.3+0.1s
[320/945]	[L1: 0.0276]	1.3+0.1s
[360/945]	[L1: 0.0276]	1.3+0.1s
[400/945]	[L1: 0.0276]	1.3+0.1s
[440/945]	[L1: 0.0275]	1.3+0.1s
[480/945]	[L1: 0.0275]	1.3+0.1s
[520/945]	[L1: 0.0274]	1.3+0.1s
[560/945]	[L1: 0.0274]	1.3+0.1s
[600/945]	[L1: 0.0274]	1.3+0.1s
[640/945]	[L1: 0.0275]	1.3+0.1s
[680/945]	[L1: 0.0275]	1.3+0.1s
[720/945]	[L1: 0.0275]	1.5+0.1s
[760/945]	[L1: 0.0276]	1.3+0.1s
[800/945]	[L1: 0.0277]	1.3+0.1s
[840/945]	[L1: 0.0276]	1.4+0.1s
[880/945]	[L1: 0.0277]	1.3+0.1s
[920/945]	[L1: 0.0277]	1.3+0.1s

Evaluation:
[UCMerced x4]	psnr: 28.028 (Best: 28.118 @epoch 345)
Total time: 1.78s

[Epoch 387]	Learning rate: 1.00e-4
[40/945]	[L1: 0.0321]	1.3+0.1s
[80/945]	[L1: 0.0298]	1.3+0.1s
[120/945]	[L1: 0.0292]	1.3+0.1s
[160/945]	[L1: 0.0282]	1.3+0.1s
[200/945]	[L1: 0.0278]	1.4+0.1s
[240/945]	[L1: 0.0282]	1.3+0.1s
[280/945]	[L1: 0.0284]	1.3+0.1s
[320/945]	[L1: 0.0282]	1.3+0.1s
[360/945]	[L1: 0.0279]	1.3+0.1s
[400/945]	[L1: 0.0281]	1.3+0.1s
[440/945]	[L1: 0.0280]	1.3+0.1s
[480/945]	[L1: 0.0280]	1.3+0.1s
[520/945]	[L1: 0.0279]	1.4+0.1s
[560/945]	[L1: 0.0278]	1.3+0.1s
[600/945]	[L1: 0.0278]	1.3+0.1s
[640/945]	[L1: 0.0277]	1.3+0.1s
[680/945]	[L1: 0.0275]	1.3+0.1s
[720/945]	[L1: 0.0277]	1.3+0.1s
[760/945]	[L1: 0.0278]	1.3+0.1s
[800/945]	[L1: 0.0278]	1.4+0.1s
[840/945]	[L1: 0.0278]	1.3+0.1s
[880/945]	[L1: 0.0278]	1.3+0.1s
[920/945]	[L1: 0.0277]	1.3+0.1s

Evaluation:
[UCMerced x4]	psnr: 28.073 (Best: 28.118 @epoch 345)
Total time: 1.79s

[Epoch 388]	Learning rate: 1.00e-4
[40/945]	[L1: 0.0292]	1.3+0.1s
[80/945]	[L1: 0.0286]	1.3+0.1s
[120/945]	[L1: 0.0291]	1.3+0.1s
[160/945]	[L1: 0.0292]	1.3+0.1s
[200/945]	[L1: 0.0302]	1.3+0.1s
[240/945]	[L1: 0.0297]	1.3+0.1s
[280/945]	[L1: 0.0294]	1.4+0.1s
[320/945]	[L1: 0.0293]	1.3+0.1s
[360/945]	[L1: 0.0290]	1.3+0.1s
[400/945]	[L1: 0.0287]	1.3+0.1s
[440/945]	[L1: 0.0286]	1.3+0.1s
[480/945]	[L1: 0.0283]	1.3+0.1s
[520/945]	[L1: 0.0282]	1.3+0.1s
[560/945]	[L1: 0.0282]	1.3+0.1s
[600/945]	[L1: 0.0281]	1.3+0.1s
[640/945]	[L1: 0.0281]	1.3+0.1s
[680/945]	[L1: 0.0282]	1.3+0.1s
[720/945]	[L1: 0.0282]	1.3+0.1s
[760/945]	[L1: 0.0282]	1.3+0.1s
[800/945]	[L1: 0.0281]	1.3+0.1s
[840/945]	[L1: 0.0279]	1.4+0.1s
[880/945]	[L1: 0.0278]	1.3+0.1s
[920/945]	[L1: 0.0278]	1.3+0.1s

Evaluation:
[UCMerced x4]	psnr: 28.088 (Best: 28.118 @epoch 345)
Total time: 1.77s

[Epoch 389]	Learning rate: 1.00e-4
[40/945]	[L1: 0.0258]	1.3+0.1s
[80/945]	[L1: 0.0266]	1.3+0.1s
[120/945]	[L1: 0.0265]	1.4+0.1s
[160/945]	[L1: 0.0276]	1.3+0.1s
[200/945]	[L1: 0.0276]	1.3+0.1s
[240/945]	[L1: 0.0278]	1.3+0.1s
[280/945]	[L1: 0.0280]	1.3+0.1s
[320/945]	[L1: 0.0276]	1.3+0.1s
[360/945]	[L1: 0.0275]	1.4+0.1s
[400/945]	[L1: 0.0273]	1.3+0.1s
[440/945]	[L1: 0.0275]	1.3+0.1s
[480/945]	[L1: 0.0275]	1.3+0.1s
[520/945]	[L1: 0.0276]	1.3+0.1s
[560/945]	[L1: 0.0276]	1.3+0.1s
[600/945]	[L1: 0.0276]	1.3+0.1s
[640/945]	[L1: 0.0276]	1.3+0.1s
[680/945]	[L1: 0.0276]	1.3+0.1s
[720/945]	[L1: 0.0276]	1.3+0.1s
[760/945]	[L1: 0.0277]	1.3+0.1s
[800/945]	[L1: 0.0277]	1.3+0.1s
[840/945]	[L1: 0.0277]	1.3+0.1s
[880/945]	[L1: 0.0278]	1.3+0.1s
[920/945]	[L1: 0.0277]	1.4+0.1s

Evaluation:
[UCMerced x4]	psnr: 28.044 (Best: 28.118 @epoch 345)
Total time: 1.80s

[Epoch 390]	Learning rate: 1.00e-4
[40/945]	[L1: 0.0282]	1.3+0.1s
[80/945]	[L1: 0.0290]	1.3+0.1s
[120/945]	[L1: 0.0279]	1.3+0.1s
[160/945]	[L1: 0.0279]	1.3+0.1s
[200/945]	[L1: 0.0282]	1.3+0.1s
[240/945]	[L1: 0.0281]	1.3+0.1s
[280/945]	[L1: 0.0282]	1.3+0.1s
[320/945]	[L1: 0.0283]	1.3+0.1s
[360/945]	[L1: 0.0279]	1.3+0.1s
[400/945]	[L1: 0.0278]	1.4+0.1s
[440/945]	[L1: 0.0278]	1.3+0.1s
[480/945]	[L1: 0.0280]	1.3+0.1s
[520/945]	[L1: 0.0279]	1.3+0.1s
[560/945]	[L1: 0.0280]	1.3+0.1s
[600/945]	[L1: 0.0280]	1.3+0.1s
[640/945]	[L1: 0.0278]	1.3+0.1s
[680/945]	[L1: 0.0279]	1.3+0.1s
[720/945]	[L1: 0.0277]	1.3+0.1s
[760/945]	[L1: 0.0277]	1.3+0.1s
[800/945]	[L1: 0.0277]	1.3+0.1s
[840/945]	[L1: 0.0278]	1.3+0.1s
[880/945]	[L1: 0.0278]	1.3+0.1s
[920/945]	[L1: 0.0278]	1.3+0.1s

Evaluation:
[UCMerced x4]	psnr: 28.086 (Best: 28.118 @epoch 345)
Total time: 1.79s

[Epoch 391]	Learning rate: 1.00e-4
[40/945]	[L1: 0.0283]	1.3+0.1s
[80/945]	[L1: 0.0279]	1.3+0.1s
[120/945]	[L1: 0.0275]	1.4+0.1s
[160/945]	[L1: 0.0272]	1.3+0.1s
[200/945]	[L1: 0.0272]	1.3+0.1s
[240/945]	[L1: 0.0274]	1.3+0.1s
[280/945]	[L1: 0.0276]	1.3+0.1s
[320/945]	[L1: 0.0276]	1.3+0.1s
[360/945]	[L1: 0.0275]	1.3+0.1s
[400/945]	[L1: 0.0276]	1.3+0.1s
[440/945]	[L1: 0.0277]	1.3+0.1s
[480/945]	[L1: 0.0276]	1.4+0.1s
[520/945]	[L1: 0.0273]	1.3+0.1s
[560/945]	[L1: 0.0276]	1.3+0.1s
[600/945]	[L1: 0.0276]	1.3+0.1s
[640/945]	[L1: 0.0275]	1.3+0.1s
[680/945]	[L1: 0.0275]	1.3+0.1s
[720/945]	[L1: 0.0274]	1.3+0.1s
[760/945]	[L1: 0.0275]	1.3+0.1s
[800/945]	[L1: 0.0275]	1.3+0.1s
[840/945]	[L1: 0.0276]	1.3+0.1s
[880/945]	[L1: 0.0278]	1.3+0.1s
[920/945]	[L1: 0.0278]	1.3+0.1s

Evaluation:
[UCMerced x4]	psnr: 28.072 (Best: 28.118 @epoch 345)
Total time: 1.79s

[Epoch 392]	Learning rate: 1.00e-4
[40/945]	[L1: 0.0269]	1.3+0.1s
[80/945]	[L1: 0.0289]	1.3+0.1s
[120/945]	[L1: 0.0283]	1.3+0.1s
[160/945]	[L1: 0.0284]	1.3+0.1s
[200/945]	[L1: 0.0289]	1.3+0.1s
[240/945]	[L1: 0.0291]	1.3+0.1s
[280/945]	[L1: 0.0288]	1.3+0.1s
[320/945]	[L1: 0.0285]	1.3+0.1s
[360/945]	[L1: 0.0283]	1.3+0.1s
[400/945]	[L1: 0.0283]	1.3+0.1s
[440/945]	[L1: 0.0282]	1.3+0.1s
[480/945]	[L1: 0.0282]	1.3+0.1s
[520/945]	[L1: 0.0281]	1.3+0.1s
[560/945]	[L1: 0.0280]	1.3+0.1s
[600/945]	[L1: 0.0280]	1.5+0.1s
[640/945]	[L1: 0.0279]	1.3+0.1s
[680/945]	[L1: 0.0277]	1.3+0.1s
[720/945]	[L1: 0.0278]	1.3+0.1s
[760/945]	[L1: 0.0278]	1.3+0.1s
[800/945]	[L1: 0.0278]	1.3+0.1s
[840/945]	[L1: 0.0278]	1.3+0.1s
[880/945]	[L1: 0.0278]	1.3+0.1s
[920/945]	[L1: 0.0277]	1.3+0.1s

Evaluation:
[UCMerced x4]	psnr: 28.072 (Best: 28.118 @epoch 345)
Total time: 1.77s

[Epoch 393]	Learning rate: 1.00e-4
[40/945]	[L1: 0.0290]	1.3+0.1s
[80/945]	[L1: 0.0299]	1.4+0.1s
[120/945]	[L1: 0.0288]	1.3+0.1s
[160/945]	[L1: 0.0280]	1.3+0.1s
[200/945]	[L1: 0.0275]	1.3+0.1s
[240/945]	[L1: 0.0274]	1.3+0.1s
[280/945]	[L1: 0.0273]	1.3+0.1s
[320/945]	[L1: 0.0273]	1.3+0.1s
[360/945]	[L1: 0.0273]	1.3+0.1s
[400/945]	[L1: 0.0274]	1.3+0.1s
[440/945]	[L1: 0.0272]	1.3+0.1s
[480/945]	[L1: 0.0274]	1.3+0.1s
[520/945]	[L1: 0.0274]	1.3+0.1s
[560/945]	[L1: 0.0274]	1.3+0.1s
[600/945]	[L1: 0.0274]	1.3+0.1s
[640/945]	[L1: 0.0274]	1.4+0.1s
[680/945]	[L1: 0.0274]	1.3+0.1s
[720/945]	[L1: 0.0275]	1.3+0.1s
[760/945]	[L1: 0.0275]	1.3+0.1s
[800/945]	[L1: 0.0275]	1.3+0.1s
[840/945]	[L1: 0.0276]	1.3+0.1s
[880/945]	[L1: 0.0277]	1.3+0.1s
[920/945]	[L1: 0.0278]	1.3+0.1s

Evaluation:
[UCMerced x4]	psnr: 28.076 (Best: 28.118 @epoch 345)
Total time: 1.80s

[Epoch 394]	Learning rate: 1.00e-4
[40/945]	[L1: 0.0278]	1.4+0.1s
[80/945]	[L1: 0.0275]	1.3+0.1s
[120/945]	[L1: 0.0261]	1.3+0.1s
[160/945]	[L1: 0.0269]	1.4+0.1s
[200/945]	[L1: 0.0273]	1.3+0.1s
[240/945]	[L1: 0.0269]	1.3+0.1s
[280/945]	[L1: 0.0271]	1.3+0.1s
[320/945]	[L1: 0.0274]	1.3+0.1s
[360/945]	[L1: 0.0272]	1.3+0.1s
[400/945]	[L1: 0.0272]	1.3+0.1s
[440/945]	[L1: 0.0274]	1.3+0.1s
[480/945]	[L1: 0.0274]	1.3+0.1s
[520/945]	[L1: 0.0275]	1.3+0.1s
[560/945]	[L1: 0.0276]	1.3+0.1s
[600/945]	[L1: 0.0276]	1.3+0.1s
[640/945]	[L1: 0.0276]	1.3+0.1s
[680/945]	[L1: 0.0278]	1.3+0.1s
[720/945]	[L1: 0.0279]	1.4+0.1s
[760/945]	[L1: 0.0277]	1.3+0.1s
[800/945]	[L1: 0.0277]	1.3+0.1s
[840/945]	[L1: 0.0277]	1.3+0.1s
[880/945]	[L1: 0.0277]	1.3+0.1s
[920/945]	[L1: 0.0277]	1.3+0.1s

Evaluation:
[UCMerced x4]	psnr: 28.086 (Best: 28.118 @epoch 345)
Total time: 1.81s

[Epoch 395]	Learning rate: 1.00e-4
[40/945]	[L1: 0.0266]	1.3+0.1s
[80/945]	[L1: 0.0275]	1.3+0.1s
[120/945]	[L1: 0.0273]	1.3+0.1s
[160/945]	[L1: 0.0274]	1.3+0.1s
[200/945]	[L1: 0.0273]	1.3+0.1s
[240/945]	[L1: 0.0273]	1.4+0.1s
[280/945]	[L1: 0.0273]	1.3+0.1s
[320/945]	[L1: 0.0273]	1.3+0.1s
[360/945]	[L1: 0.0276]	1.3+0.1s
[400/945]	[L1: 0.0276]	1.3+0.1s
[440/945]	[L1: 0.0276]	1.3+0.1s
[480/945]	[L1: 0.0275]	1.3+0.1s
[520/945]	[L1: 0.0275]	1.3+0.1s
[560/945]	[L1: 0.0274]	1.3+0.1s
[600/945]	[L1: 0.0276]	1.3+0.1s
[640/945]	[L1: 0.0276]	1.3+0.1s
[680/945]	[L1: 0.0278]	1.3+0.1s
[720/945]	[L1: 0.0277]	1.3+0.1s
[760/945]	[L1: 0.0276]	1.3+0.1s
[800/945]	[L1: 0.0277]	1.4+0.1s
[840/945]	[L1: 0.0276]	1.3+0.1s
[880/945]	[L1: 0.0277]	1.3+0.1s
[920/945]	[L1: 0.0276]	1.3+0.1s

Evaluation:
[UCMerced x4]	psnr: 28.089 (Best: 28.118 @epoch 345)
Total time: 1.77s

[Epoch 396]	Learning rate: 1.00e-4
[40/945]	[L1: 0.0292]	1.3+0.1s
[80/945]	[L1: 0.0282]	1.3+0.1s
[120/945]	[L1: 0.0284]	1.3+0.1s
[160/945]	[L1: 0.0277]	1.3+0.1s
[200/945]	[L1: 0.0276]	1.3+0.1s
[240/945]	[L1: 0.0281]	1.3+0.1s
[280/945]	[L1: 0.0282]	1.4+0.1s
[320/945]	[L1: 0.0279]	1.3+0.1s
[360/945]	[L1: 0.0278]	1.3+0.1s
[400/945]	[L1: 0.0275]	1.3+0.1s
[440/945]	[L1: 0.0276]	1.3+0.1s
[480/945]	[L1: 0.0275]	1.3+0.1s
[520/945]	[L1: 0.0274]	1.3+0.1s
[560/945]	[L1: 0.0274]	1.3+0.1s
[600/945]	[L1: 0.0274]	1.3+0.1s
[640/945]	[L1: 0.0275]	1.3+0.1s
[680/945]	[L1: 0.0274]	1.3+0.1s
[720/945]	[L1: 0.0275]	1.3+0.1s
[760/945]	[L1: 0.0275]	1.3+0.1s
[800/945]	[L1: 0.0274]	1.3+0.1s
[840/945]	[L1: 0.0274]	1.3+0.1s
[880/945]	[L1: 0.0276]	1.4+0.1s
[920/945]	[L1: 0.0277]	1.3+0.1s

Evaluation:
[UCMerced x4]	psnr: 28.100 (Best: 28.118 @epoch 345)
Total time: 1.79s

[Epoch 397]	Learning rate: 1.00e-4
[40/945]	[L1: 0.0284]	1.3+0.1s
[80/945]	[L1: 0.0278]	1.3+0.1s
[120/945]	[L1: 0.0273]	1.3+0.1s
[160/945]	[L1: 0.0270]	1.3+0.1s
[200/945]	[L1: 0.0271]	1.3+0.1s
[240/945]	[L1: 0.0270]	1.3+0.1s
[280/945]	[L1: 0.0269]	1.3+0.1s
[320/945]	[L1: 0.0274]	1.3+0.1s
[360/945]	[L1: 0.0279]	1.3+0.1s
[400/945]	[L1: 0.0278]	1.4+0.1s
[440/945]	[L1: 0.0279]	1.3+0.1s
[480/945]	[L1: 0.0280]	1.3+0.1s
[520/945]	[L1: 0.0282]	1.3+0.1s
[560/945]	[L1: 0.0280]	1.3+0.1s
[600/945]	[L1: 0.0280]	1.3+0.1s
[640/945]	[L1: 0.0278]	1.3+0.1s
[680/945]	[L1: 0.0278]	1.3+0.1s
[720/945]	[L1: 0.0278]	1.3+0.1s
[760/945]	[L1: 0.0278]	1.3+0.1s
[800/945]	[L1: 0.0278]	1.3+0.1s
[840/945]	[L1: 0.0277]	1.4+0.1s
[880/945]	[L1: 0.0277]	1.3+0.1s
[920/945]	[L1: 0.0278]	1.3+0.1s

Evaluation:
[UCMerced x4]	psnr: 28.060 (Best: 28.118 @epoch 345)
Total time: 1.77s

[Epoch 398]	Learning rate: 1.00e-4
[40/945]	[L1: 0.0267]	1.3+0.1s
[80/945]	[L1: 0.0278]	1.3+0.1s
[120/945]	[L1: 0.0279]	1.3+0.1s
[160/945]	[L1: 0.0278]	1.3+0.1s
[200/945]	[L1: 0.0274]	1.3+0.1s
[240/945]	[L1: 0.0274]	1.3+0.1s
[280/945]	[L1: 0.0271]	1.3+0.1s
[320/945]	[L1: 0.0269]	1.3+0.1s
[360/945]	[L1: 0.0272]	1.3+0.1s
[400/945]	[L1: 0.0274]	1.3+0.1s
[440/945]	[L1: 0.0275]	1.4+0.1s
[480/945]	[L1: 0.0273]	1.3+0.1s
[520/945]	[L1: 0.0277]	1.3+0.1s
[560/945]	[L1: 0.0277]	1.3+0.1s
[600/945]	[L1: 0.0275]	1.3+0.1s
[640/945]	[L1: 0.0276]	1.3+0.1s
[680/945]	[L1: 0.0276]	1.3+0.1s
[720/945]	[L1: 0.0274]	1.3+0.1s
[760/945]	[L1: 0.0275]	1.3+0.1s
[800/945]	[L1: 0.0275]	1.3+0.1s
[840/945]	[L1: 0.0276]	1.3+0.1s
[880/945]	[L1: 0.0276]	1.3+0.1s
[920/945]	[L1: 0.0276]	1.3+0.1s

Evaluation:
[UCMerced x4]	psnr: 28.083 (Best: 28.118 @epoch 345)
Total time: 1.80s

[Epoch 399]	Learning rate: 1.00e-4
[40/945]	[L1: 0.0299]	1.3+0.1s
[80/945]	[L1: 0.0299]	1.3+0.1s
[120/945]	[L1: 0.0292]	1.3+0.1s
[160/945]	[L1: 0.0285]	1.3+0.1s
[200/945]	[L1: 0.0282]	1.3+0.1s
[240/945]	[L1: 0.0282]	1.3+0.1s
[280/945]	[L1: 0.0279]	1.3+0.1s
[320/945]	[L1: 0.0279]	1.3+0.1s
[360/945]	[L1: 0.0279]	1.3+0.1s
[400/945]	[L1: 0.0279]	1.3+0.1s
[440/945]	[L1: 0.0279]	1.3+0.1s
[480/945]	[L1: 0.0278]	1.3+0.1s
[520/945]	[L1: 0.0278]	1.3+0.1s
[560/945]	[L1: 0.0277]	1.4+0.1s
[600/945]	[L1: 0.0280]	1.3+0.1s
[640/945]	[L1: 0.0280]	1.3+0.1s
[680/945]	[L1: 0.0279]	1.3+0.1s
[720/945]	[L1: 0.0279]	1.3+0.1s
[760/945]	[L1: 0.0278]	1.3+0.1s
[800/945]	[L1: 0.0279]	1.3+0.1s
[840/945]	[L1: 0.0279]	1.3+0.1s
[880/945]	[L1: 0.0279]	1.3+0.1s
[920/945]	[L1: 0.0278]	1.3+0.1s

Evaluation:
[UCMerced x4]	psnr: 28.085 (Best: 28.118 @epoch 345)
Total time: 1.79s

[Epoch 400]	Learning rate: 1.00e-4
[40/945]	[L1: 0.0259]	1.5+0.1s
[80/945]	[L1: 0.0266]	1.3+0.1s
[120/945]	[L1: 0.0278]	1.3+0.1s
[160/945]	[L1: 0.0283]	1.3+0.1s
[200/945]	[L1: 0.0280]	1.3+0.1s
[240/945]	[L1: 0.0278]	1.3+0.1s
[280/945]	[L1: 0.0279]	1.3+0.1s
[320/945]	[L1: 0.0283]	1.3+0.1s
[360/945]	[L1: 0.0283]	1.3+0.1s
[400/945]	[L1: 0.0283]	1.3+0.1s
[440/945]	[L1: 0.0284]	1.3+0.1s
[480/945]	[L1: 0.0281]	1.3+0.1s
[520/945]	[L1: 0.0281]	1.3+0.1s
[560/945]	[L1: 0.0279]	1.3+0.1s
[600/945]	[L1: 0.0279]	1.3+0.1s
[640/945]	[L1: 0.0279]	1.4+0.1s
[680/945]	[L1: 0.0280]	1.3+0.1s
[720/945]	[L1: 0.0279]	1.3+0.1s
[760/945]	[L1: 0.0277]	1.3+0.1s
[800/945]	[L1: 0.0277]	1.3+0.1s
[840/945]	[L1: 0.0278]	1.3+0.1s
[880/945]	[L1: 0.0278]	1.4+0.1s
[920/945]	[L1: 0.0277]	1.3+0.1s
Saved epoch checkpoint at epoch 400

Evaluation:
[UCMerced x4]	psnr: 28.063 (Best: 28.118 @epoch 345)
Total time: 1.77s

[Epoch 401]	Learning rate: 5.00e-5
[40/945]	[L1: 0.0277]	1.4+0.1s
[80/945]	[L1: 0.0264]	1.3+0.1s
[120/945]	[L1: 0.0271]	1.4+0.1s
[160/945]	[L1: 0.0278]	1.3+0.1s
[200/945]	[L1: 0.0286]	1.3+0.1s
[240/945]	[L1: 0.0282]	1.3+0.1s
[280/945]	[L1: 0.0278]	1.3+0.1s
[320/945]	[L1: 0.0278]	1.3+0.1s
[360/945]	[L1: 0.0275]	1.3+0.1s
[400/945]	[L1: 0.0276]	1.4+0.1s
[440/945]	[L1: 0.0277]	1.3+0.1s
[480/945]	[L1: 0.0275]	1.3+0.1s
[520/945]	[L1: 0.0275]	1.3+0.1s
[560/945]	[L1: 0.0276]	1.3+0.1s
[600/945]	[L1: 0.0276]	1.4+0.1s
[640/945]	[L1: 0.0277]	1.3+0.1s
[680/945]	[L1: 0.0277]	1.3+0.1s
[720/945]	[L1: 0.0277]	1.3+0.1s
[760/945]	[L1: 0.0275]	1.3+0.1s
[800/945]	[L1: 0.0276]	1.3+0.1s
[840/945]	[L1: 0.0276]	1.3+0.1s
[880/945]	[L1: 0.0275]	1.3+0.1s
[920/945]	[L1: 0.0276]	1.3+0.1s

Evaluation:
[UCMerced x4]	psnr: 28.099 (Best: 28.118 @epoch 345)
Total time: 1.79s

[Epoch 402]	Learning rate: 5.00e-5
[40/945]	[L1: 0.0274]	1.3+0.1s
[80/945]	[L1: 0.0283]	1.3+0.1s
[120/945]	[L1: 0.0274]	1.4+0.1s
[160/945]	[L1: 0.0284]	1.3+0.1s
[200/945]	[L1: 0.0279]	1.3+0.1s
[240/945]	[L1: 0.0278]	1.3+0.1s
[280/945]	[L1: 0.0273]	1.3+0.1s
[320/945]	[L1: 0.0275]	1.3+0.1s
[360/945]	[L1: 0.0276]	1.3+0.1s
[400/945]	[L1: 0.0277]	1.3+0.1s
[440/945]	[L1: 0.0274]	1.3+0.1s
[480/945]	[L1: 0.0275]	1.3+0.1s
[520/945]	[L1: 0.0274]	1.3+0.1s
[560/945]	[L1: 0.0275]	1.3+0.1s
[600/945]	[L1: 0.0274]	1.3+0.1s
[640/945]	[L1: 0.0274]	1.3+0.1s
[680/945]	[L1: 0.0275]	1.4+0.1s
[720/945]	[L1: 0.0275]	1.3+0.1s
[760/945]	[L1: 0.0274]	1.3+0.1s
[800/945]	[L1: 0.0275]	1.3+0.1s
[840/945]	[L1: 0.0275]	1.3+0.1s
[880/945]	[L1: 0.0275]	1.3+0.1s
[920/945]	[L1: 0.0274]	1.3+0.1s

Evaluation:
[UCMerced x4]	psnr: 28.101 (Best: 28.118 @epoch 345)
Total time: 1.79s

[Epoch 403]	Learning rate: 5.00e-5
[40/945]	[L1: 0.0272]	1.3+0.1s
[80/945]	[L1: 0.0274]	1.3+0.1s
[120/945]	[L1: 0.0271]	1.3+0.1s
[160/945]	[L1: 0.0268]	1.3+0.1s
[200/945]	[L1: 0.0275]	1.4+0.1s
[240/945]	[L1: 0.0280]	1.3+0.1s
[280/945]	[L1: 0.0283]	1.3+0.1s
[320/945]	[L1: 0.0282]	1.3+0.1s
[360/945]	[L1: 0.0281]	1.3+0.1s
[400/945]	[L1: 0.0283]	1.3+0.1s
[440/945]	[L1: 0.0284]	1.3+0.1s
[480/945]	[L1: 0.0280]	1.3+0.1s
[520/945]	[L1: 0.0278]	1.3+0.1s
[560/945]	[L1: 0.0277]	1.3+0.1s
[600/945]	[L1: 0.0276]	1.3+0.1s
[640/945]	[L1: 0.0274]	1.3+0.1s
[680/945]	[L1: 0.0274]	1.3+0.1s
[720/945]	[L1: 0.0274]	1.3+0.1s
[760/945]	[L1: 0.0273]	1.3+0.1s
[800/945]	[L1: 0.0274]	1.4+0.1s
[840/945]	[L1: 0.0275]	1.3+0.1s
[880/945]	[L1: 0.0274]	1.3+0.1s
[920/945]	[L1: 0.0276]	1.3+0.1s

Evaluation:
[UCMerced x4]	psnr: 28.117 (Best: 28.118 @epoch 345)
Total time: 1.79s

